mlbid,PA,AB,pitches,AVG,K,K%,BB,BB%,obp,SLG,OPS,ISO,swings,Whiffs,Whiff%,SwStr%,Called Strikes,cStr%,CSW%,Chase%,Putaway%
676979,667,617,2599,0.229,209,31.33,42,6.3,0.279,0.374,0.653,0.145,1337,393,29.39,15.12,394,15.16,30.28,30.84,25.39
579328,615,546,2502,0.264,130,21.14,61,9.92,0.336,0.445,0.781,0.181,1190,269,22.61,10.75,389,15.55,26.3,25.76,16.71
607074,614,543,2482,0.192,152,24.76,60,9.77,0.277,0.331,0.6080000000000001,0.139,1125,338,30.04,13.62,421,16.96,30.58,28.96,19.54
608331,620,574,2437,0.226,134,21.61,40,6.45,0.281,0.317,0.5980000000000001,0.091,1157,287,24.81,11.78,386,15.84,27.62,27.98,18.03
592662,580,517,2398,0.23,148,25.52,56,9.66,0.303,0.402,0.7050000000000001,0.17200000000000001,1160,331,28.53,13.8,358,14.93,28.73,28.02,20.14
664285,651,581,2377,0.234,154,23.66,57,8.76,0.308,0.344,0.6519999999999999,0.10999999999999996,1107,297,26.83,12.49,407,17.12,29.62,29.5,25.33
666200,586,530,2360,0.251,148,25.26,50,8.53,0.318,0.381,0.6990000000000001,0.13,1098,309,28.14,13.09,398,16.86,29.96,28.12,19.89
669373,601,561,2322,0.196,196,32.61,31,5.16,0.241,0.332,0.573,0.136,1286,442,34.37,19.04,341,14.69,33.72,35.87,25.32
650911,634,595,2292,0.237,164,25.87,36,5.68,0.282,0.345,0.627,0.10799999999999998,1138,326,28.65,14.22,395,17.23,31.46,31.6,25.31
605488,570,514,2272,0.235,111,19.47,44,7.72,0.296,0.436,0.732,0.201,1051,294,27.97,12.94,369,16.24,29.18,29.62,16.69
671106,537,477,2150,0.273,87,16.2,49,9.12,0.344,0.421,0.7649999999999999,0.14799999999999996,939,182,19.38,8.47,376,17.49,25.95,23.2,14.57
656849,562,494,2136,0.267,102,18.15,59,10.5,0.348,0.395,0.743,0.128,972,211,21.71,9.88,363,16.99,26.87,26.61,17.35
669022,503,440,2095,0.259,131,26.04,49,9.74,0.336,0.409,0.745,0.14999999999999997,1018,285,28.0,13.6,285,13.6,27.21,30.18,19.31
571510,535,487,2086,0.236,111,20.75,35,6.54,0.29,0.394,0.6839999999999999,0.15800000000000003,1080,241,22.31,11.55,311,14.91,26.46,28.27,15.74
593958,544,481,2040,0.281,114,20.96,53,9.74,0.351,0.474,0.825,0.19299999999999995,966,235,24.33,11.52,306,15.0,26.52,30.01,20.29
671096,510,470,2001,0.234,109,21.37,34,6.67,0.287,0.387,0.6739999999999999,0.153,994,234,23.54,11.69,324,16.19,27.89,30.08,17.55
676664,490,444,1999,0.264,96,19.59,32,6.53,0.318,0.507,0.825,0.243,949,185,19.49,9.25,330,16.51,25.76,25.33,15.56
680730,538,490,1993,0.273,79,14.68,39,7.25,0.327,0.469,0.796,0.19599999999999995,1025,196,19.12,9.83,302,15.15,24.99,30.34,13.96
607536,562,520,1983,0.3,94,16.73,31,5.52,0.342,0.479,0.821,0.179,1012,201,19.86,10.14,323,16.29,26.42,29.27,16.61
666157,498,464,1951,0.216,128,25.7,22,4.42,0.265,0.377,0.642,0.161,1002,288,28.74,14.76,284,14.56,29.32,33.3,20.32
624133,521,480,1942,0.265,112,21.5,34,6.53,0.313,0.383,0.696,0.118,933,198,21.22,10.2,330,16.99,27.19,28.45,18.98
571578,498,453,1916,0.278,96,19.28,35,7.03,0.333,0.446,0.779,0.16799999999999998,900,249,27.67,13.0,300,15.66,28.65,30.19,16.49
669461,515,476,1875,0.265,93,18.06,27,5.24,0.304,0.426,0.73,0.16099999999999998,937,172,18.36,9.17,309,16.48,25.65,29.68,16.76
542881,419,374,1675,0.233,75,17.9,38,9.07,0.303,0.42,0.723,0.18699999999999997,844,225,26.66,13.43,243,14.51,27.94,32.64,14.88
657277,428,396,1670,0.242,120,28.04,24,5.61,0.29,0.328,0.618,0.08600000000000002,758,200,26.39,11.98,327,19.58,31.56,29.13,22.47
519242,415,377,1656,0.233,133,32.05,24,5.78,0.294,0.35,0.6439999999999999,0.11699999999999997,807,233,28.87,14.07,301,18.18,32.25,31.75,24.09
702070,422,385,1651,0.231,87,20.62,34,8.06,0.297,0.369,0.6659999999999999,0.13799999999999998,780,213,27.31,12.9,240,14.54,27.44,28.71,19.64
592332,406,374,1637,0.238,105,25.86,26,6.4,0.29,0.374,0.6639999999999999,0.136,832,233,28.0,14.23,246,15.03,29.26,29.5,18.75
500779,423,379,1627,0.248,59,13.95,37,8.75,0.318,0.377,0.6950000000000001,0.129,687,116,16.89,7.13,293,18.01,25.14,27.29,13.41
668678,414,377,1610,0.223,99,23.91,32,7.73,0.282,0.43,0.712,0.207,735,166,22.59,10.31,294,18.26,28.57,28.62,19.6
684007,412,396,1600,0.222,81,19.66,14,3.4,0.248,0.467,0.7150000000000001,0.24500000000000002,882,212,24.04,13.25,209,13.06,26.31,32.65,16.14
642547,354,320,1537,0.181,112,31.64,25,7.06,0.254,0.338,0.5920000000000001,0.15700000000000003,724,237,32.73,15.42,239,15.55,30.97,28.17,20.97
656302,369,333,1530,0.237,116,31.44,29,7.86,0.298,0.402,0.7,0.16500000000000004,776,274,35.31,17.91,218,14.25,32.16,33.54,22.1
571760,388,344,1519,0.253,64,16.49,31,7.99,0.323,0.451,0.774,0.198,730,145,19.86,9.55,241,15.87,25.41,28.98,13.82
700249,373,335,1512,0.284,86,23.06,33,8.85,0.348,0.454,0.802,0.17000000000000004,683,170,24.89,11.24,261,17.26,28.51,27.86,18.7
663559,389,345,1464,0.241,60,15.42,39,10.03,0.315,0.435,0.75,0.194,677,115,16.99,7.86,250,17.08,24.93,23.44,15.86
641793,406,380,1461,0.25,67,16.5,15,3.69,0.287,0.455,0.742,0.20500000000000002,750,152,20.27,10.4,230,15.74,26.15,29.4,17.22
669358,375,331,1427,0.245,81,21.6,37,9.87,0.324,0.459,0.783,0.21400000000000002,708,175,24.72,12.26,222,15.56,27.82,29.09,19.52
601713,367,336,1427,0.205,97,26.43,23,6.27,0.26,0.366,0.626,0.161,712,188,26.4,13.17,227,15.91,29.08,30.88,22.56
645261,376,350,1424,0.263,84,22.34,15,3.99,0.307,0.403,0.71,0.14,736,154,20.92,10.81,249,17.49,28.3,33.79,17.57
477132,369,334,1412,0.237,68,18.43,28,7.59,0.294,0.356,0.6499999999999999,0.119,641,158,24.65,11.19,249,17.63,28.82,25.15,17.39
686752,362,327,1412,0.26,78,21.55,28,7.73,0.325,0.462,0.787,0.202,718,175,24.37,12.39,190,13.46,25.85,29.75,16.85
808967,343,304,1405,0.191,102,29.74,36,10.5,0.278,0.316,0.5940000000000001,0.125,643,189,29.39,13.45,238,16.94,30.39,29.53,23.33
622491,370,354,1404,0.212,93,25.14,12,3.24,0.244,0.342,0.5860000000000001,0.13000000000000003,733,210,28.65,14.96,215,15.31,30.27,29.82,21.43
663460,376,339,1384,0.23,94,25.0,32,8.51,0.297,0.327,0.624,0.097,679,203,29.9,14.67,231,16.69,31.36,32.33,25.75
622663,362,330,1383,0.245,66,18.23,22,6.08,0.298,0.379,0.677,0.134,670,121,18.06,8.75,225,16.27,25.02,29.01,16.3
656605,373,345,1381,0.229,81,21.72,18,4.83,0.282,0.359,0.641,0.12999999999999998,670,152,22.69,11.01,257,18.61,29.62,28.24,19.09
694973,339,322,1381,0.186,92,27.14,14,4.13,0.227,0.276,0.503,0.09000000000000002,669,177,26.46,12.82,242,17.52,30.34,31.63,19.91
657746,334,305,1376,0.193,110,32.93,18,5.39,0.252,0.331,0.583,0.138,679,204,30.04,14.83,220,15.99,30.81,26.54,21.84
668909,341,302,1371,0.262,80,23.46,35,10.26,0.343,0.407,0.75,0.14499999999999996,623,175,28.09,12.76,224,16.34,29.1,27.48,18.65
669467,368,324,1368,0.275,51,13.86,32,8.7,0.345,0.429,0.774,0.15399999999999997,640,129,20.16,9.43,191,13.96,23.39,27.63,12.59
676440,350,321,1363,0.255,73,20.86,21,6.0,0.311,0.414,0.725,0.15899999999999997,625,155,24.8,11.37,255,18.71,30.08,26.5,17.65
669194,334,310,1355,0.239,78,23.35,21,6.29,0.287,0.442,0.729,0.203,706,158,22.38,11.66,190,14.02,25.68,27.77,17.37
682990,350,324,1345,0.241,74,21.14,20,5.71,0.289,0.395,0.6839999999999999,0.15400000000000003,633,162,25.59,12.04,231,17.17,29.22,28.42,17.35
518876,349,327,1337,0.229,86,24.64,19,5.44,0.273,0.333,0.6060000000000001,0.10400000000000001,681,178,26.14,13.31,203,15.18,28.5,31.41,21.13
607259,372,338,1336,0.263,51,13.71,20,5.38,0.307,0.447,0.754,0.184,644,126,19.57,9.43,230,17.22,26.65,27.33,14.13
543294,351,331,1329,0.284,57,16.24,11,3.13,0.309,0.489,0.798,0.20500000000000002,644,108,16.77,8.13,260,19.56,27.69,29.48,14.11
686613,352,327,1329,0.208,91,25.85,17,4.83,0.26,0.312,0.5720000000000001,0.10400000000000001,595,134,22.52,10.08,246,18.51,28.59,30.75,25.28
669432,345,319,1328,0.185,80,23.19,23,6.67,0.243,0.276,0.519,0.09100000000000003,713,174,24.4,13.1,198,14.91,28.01,30.51,19.42
694297,351,333,1322,0.291,73,20.8,15,4.27,0.322,0.489,0.8109999999999999,0.198,658,163,24.77,12.33,214,16.19,28.52,30.47,18.34
666214,313,281,1315,0.274,67,21.41,27,8.63,0.335,0.413,0.748,0.13899999999999996,659,155,23.52,11.79,185,14.07,25.86,31.27,14.96
682052,316,278,1314,0.234,88,27.85,31,9.81,0.322,0.428,0.75,0.19399999999999998,597,174,29.15,13.24,206,15.68,28.92,28.25,21.12
656427,321,299,1312,0.231,98,30.53,18,5.61,0.281,0.385,0.666,0.154,624,189,30.29,14.41,237,18.06,32.47,31.08,22.27
434378,343,313,1299,0.259,69,20.12,21,6.12,0.311,0.425,0.736,0.16599999999999998,634,153,24.13,11.78,223,17.17,28.95,29.25,17.74
693821,344,319,1288,0.301,64,18.6,19,5.52,0.348,0.498,0.846,0.197,607,140,23.06,10.87,217,16.85,27.72,28.96,17.2
693433,360,345,1286,0.203,109,30.28,12,3.33,0.232,0.357,0.589,0.15399999999999997,702,206,29.34,16.02,196,15.24,31.26,35.05,26.46
608379,344,315,1279,0.26,63,18.31,22,6.4,0.311,0.419,0.73,0.15899999999999997,635,138,21.73,10.79,193,15.09,25.88,26.62,16.89
594798,338,317,1275,0.205,83,24.56,17,5.03,0.246,0.36,0.606,0.155,679,204,30.04,16.0,178,13.96,29.96,34.05,21.34
543243,364,341,1271,0.282,87,23.9,18,4.95,0.319,0.469,0.788,0.187,594,162,27.27,12.75,248,19.51,32.26,31.02,26.15
605280,333,299,1263,0.261,63,18.92,22,6.61,0.323,0.348,0.671,0.08699999999999997,579,137,23.66,10.85,241,19.08,29.93,29.95,18.42
663623,337,311,1262,0.254,57,16.91,25,7.42,0.312,0.412,0.724,0.15799999999999997,605,113,18.68,8.95,235,18.62,27.58,29.22,14.25
683004,319,281,1249,0.263,69,21.63,32,10.03,0.345,0.402,0.747,0.139,594,144,24.24,11.53,193,15.45,26.98,26.44,17.39
701542,315,289,1232,0.232,92,29.21,18,5.71,0.283,0.398,0.681,0.166,558,167,29.93,13.56,245,19.89,33.44,26.57,22.96
641778,297,272,1222,0.224,75,25.25,20,6.73,0.281,0.419,0.7,0.19499999999999998,588,139,23.64,11.37,207,16.94,28.31,26.84,17.81
665152,327,302,1209,0.248,68,20.8,21,6.42,0.298,0.371,0.669,0.123,575,123,21.39,10.17,230,19.02,29.2,30.26,18.68
663903,312,279,1209,0.222,63,20.19,23,7.37,0.293,0.333,0.626,0.11100000000000002,539,138,25.6,11.41,213,17.62,29.03,28.2,17.12
667755,329,291,1205,0.268,76,23.1,32,9.73,0.344,0.371,0.715,0.10299999999999998,553,166,30.02,13.78,218,18.09,31.87,30.11,24.05
608337,316,282,1199,0.259,55,17.41,28,8.86,0.325,0.369,0.694,0.10999999999999999,563,126,22.38,10.51,197,16.43,26.94,27.87,16.87
605135,317,292,1199,0.233,79,24.92,15,4.73,0.29,0.356,0.6459999999999999,0.12299999999999997,576,151,26.22,12.59,214,17.85,30.44,30.32,20.0
663978,326,302,1191,0.281,58,17.79,16,4.91,0.311,0.474,0.7849999999999999,0.19299999999999995,600,127,21.17,10.66,177,14.86,25.52,31.21,15.55
607067,314,293,1178,0.222,61,19.43,12,3.82,0.262,0.324,0.5860000000000001,0.10200000000000001,603,140,23.22,11.88,190,16.13,28.01,31.48,16.62
676282,289,260,1176,0.204,81,28.03,26,9.0,0.274,0.342,0.6160000000000001,0.13800000000000004,501,157,31.34,13.35,240,20.41,33.76,22.64,24.25
608372,316,293,1171,0.28,51,16.14,16,5.06,0.323,0.451,0.774,0.17099999999999999,559,114,20.39,9.74,195,16.65,26.39,28.52,14.29
450203,310,277,1166,0.289,64,20.65,29,9.35,0.362,0.484,0.846,0.195,532,145,27.26,12.44,207,17.75,30.19,25.52,19.63
676467,301,279,1163,0.294,53,17.61,14,4.65,0.328,0.577,0.905,0.283,604,106,17.55,9.11,174,14.96,24.08,27.41,13.98
621244,326,304,1153,0.26,60,18.4,14,4.29,0.306,0.507,0.813,0.247,548,128,23.36,11.1,212,18.39,29.49,31.76,19.54
547179,296,273,1132,0.267,63,21.28,18,6.08,0.321,0.484,0.8049999999999999,0.21699999999999997,538,121,22.49,10.69,186,16.43,27.12,28.55,18.4
571945,305,285,1128,0.274,47,15.41,16,5.25,0.31,0.488,0.798,0.21399999999999997,522,84,16.09,7.45,225,19.95,27.39,24.55,12.81
671737,306,277,1125,0.249,64,20.92,25,8.17,0.314,0.375,0.6890000000000001,0.126,548,136,24.82,12.09,165,14.67,26.76,29.39,21.77
607200,299,265,1109,0.226,46,15.38,26,8.7,0.302,0.347,0.649,0.12099999999999997,515,100,19.42,9.02,187,16.86,25.88,27.26,14.6
663436,295,270,1108,0.248,57,19.32,18,6.1,0.303,0.407,0.71,0.15899999999999997,550,137,24.91,12.36,152,13.72,26.08,29.04,17.03
641927,295,269,1107,0.275,66,22.37,15,5.08,0.315,0.509,0.8240000000000001,0.23399999999999999,582,162,27.84,14.63,157,14.18,28.82,33.52,17.86
680732,296,266,1096,0.263,60,20.27,23,7.77,0.331,0.462,0.793,0.199,527,135,25.62,12.32,167,15.24,27.55,28.25,19.47
622608,286,252,1088,0.345,41,14.34,24,8.39,0.406,0.587,0.993,0.242,532,104,19.55,9.56,140,12.87,22.43,24.86,13.67
663554,288,264,1076,0.258,60,20.83,18,6.25,0.307,0.455,0.762,0.197,527,112,21.25,10.41,178,16.54,26.95,27.54,17.24
681343,278,240,1073,0.204,67,24.1,26,9.35,0.301,0.3,0.601,0.096,516,135,26.16,12.58,186,17.33,29.92,26.72,19.88
678394,289,263,1070,0.243,57,19.72,18,6.23,0.302,0.342,0.644,0.09900000000000003,492,104,21.14,9.72,202,18.88,28.6,31.7,19.59
669302,265,245,1069,0.224,89,33.58,14,5.28,0.277,0.408,0.685,0.18399999999999997,541,171,31.61,16.0,175,16.37,32.37,32.35,23.18
694477,267,245,1068,0.233,71,26.59,18,6.74,0.287,0.392,0.679,0.159,533,137,25.7,12.83,162,15.17,28.0,29.79,20.29
656794,272,244,1068,0.287,65,23.9,20,7.35,0.347,0.373,0.72,0.08600000000000002,491,109,22.2,10.21,190,17.79,28.0,27.93,20.31
681190,292,267,1056,0.232,41,14.04,18,6.16,0.289,0.363,0.6519999999999999,0.13099999999999998,511,83,16.24,7.86,187,17.71,25.57,27.75,13.65
615698,284,263,1040,0.335,35,12.32,15,5.28,0.378,0.605,0.983,0.26999999999999996,490,88,17.96,8.46,184,17.69,26.15,30.06,11.18
665795,274,254,1031,0.232,75,27.37,14,5.11,0.278,0.362,0.64,0.12999999999999998,478,147,30.75,14.26,194,18.82,33.07,31.53,24.27
554430,250,237,1022,0.203,82,32.8,11,4.4,0.241,0.321,0.562,0.118,503,152,30.22,14.87,178,17.42,32.29,33.98,24.62
656876,264,247,992,0.198,49,18.56,15,5.68,0.247,0.304,0.5509999999999999,0.10599999999999998,486,109,22.43,10.99,174,17.54,28.53,31.48,14.94
695418,275,253,989,0.241,43,15.64,16,5.82,0.289,0.332,0.621,0.09100000000000003,497,99,19.92,10.01,161,16.28,26.29,29.6,14.58
608566,288,263,983,0.323,39,13.54,17,5.9,0.368,0.555,0.923,0.23200000000000004,492,101,20.53,10.27,144,14.65,24.92,27.19,14.44
607625,250,222,980,0.203,58,23.2,24,9.6,0.28,0.329,0.609,0.126,431,95,22.04,9.69,197,20.1,29.8,23.42,18.69
680573,240,214,980,0.229,59,24.58,22,9.17,0.305,0.411,0.716,0.18199999999999997,481,133,27.65,13.57,138,14.08,27.65,26.83,18.59
656550,243,207,974,0.232,73,30.04,25,10.29,0.328,0.386,0.714,0.154,494,170,34.41,17.45,135,13.86,31.31,31.58,22.71
675911,252,227,966,0.251,70,27.78,21,8.33,0.321,0.441,0.762,0.19,444,152,34.23,15.73,145,15.01,30.75,31.49,28.63
677944,271,253,963,0.273,48,17.71,13,4.8,0.315,0.47,0.7849999999999999,0.19699999999999995,425,93,21.88,9.66,202,20.98,30.63,21.5,18.11
641302,245,217,955,0.276,48,19.59,24,9.8,0.35,0.387,0.737,0.11099999999999999,435,91,20.92,9.53,168,17.59,27.12,26.94,16.96
656641,231,204,954,0.25,53,22.94,27,11.69,0.338,0.382,0.72,0.132,461,145,31.45,15.2,119,12.47,27.67,28.48,18.57
621111,251,217,940,0.221,43,17.13,25,9.96,0.317,0.433,0.75,0.212,426,88,20.66,9.36,149,15.85,25.21,27.24,15.79
592836,251,235,925,0.272,38,15.14,9,3.59,0.308,0.464,0.772,0.192,438,74,16.89,8.0,157,16.97,24.97,28.92,14.62
669923,240,222,914,0.239,64,26.67,9,3.75,0.275,0.369,0.644,0.13,451,123,27.27,13.46,162,17.72,31.18,30.29,22.22
676962,248,229,910,0.271,57,22.98,15,6.05,0.316,0.406,0.722,0.135,452,110,24.34,12.09,158,17.36,29.45,30.81,21.03
592791,258,248,903,0.258,39,15.12,8,3.1,0.281,0.492,0.773,0.23399999999999999,480,95,19.79,10.52,159,17.61,28.13,33.33,13.49
543135,236,220,901,0.186,63,26.69,10,4.24,0.23,0.282,0.512,0.09599999999999997,455,127,27.91,14.1,150,16.65,30.74,31.13,22.26
686563,228,207,895,0.261,37,16.23,15,6.58,0.32,0.454,0.774,0.193,425,85,20.0,9.5,142,15.87,25.36,27.0,13.81
605288,257,241,884,0.249,45,17.51,11,4.28,0.293,0.32,0.613,0.07100000000000001,449,79,17.59,8.94,157,17.76,26.7,29.31,17.93
669160,250,223,875,0.256,41,16.4,16,6.4,0.325,0.386,0.7110000000000001,0.13,419,70,16.71,8.0,164,18.74,26.74,30.35,17.23
669372,207,192,871,0.193,65,31.4,12,5.8,0.251,0.339,0.5900000000000001,0.14600000000000002,384,118,30.73,13.55,155,17.8,31.34,29.56,23.47
668881,213,201,870,0.199,63,29.58,11,5.16,0.241,0.353,0.594,0.15399999999999997,471,146,31.0,16.78,128,14.71,31.49,33.67,19.94
678024,218,186,867,0.204,43,19.72,27,12.39,0.318,0.312,0.63,0.10800000000000001,368,97,26.36,11.19,149,17.19,28.37,23.73,17.7
690990,229,206,867,0.184,51,22.27,16,6.99,0.26,0.301,0.5609999999999999,0.11699999999999999,440,125,28.41,14.42,145,16.72,31.14,33.09,19.77
669387,214,195,854,0.282,44,20.56,16,7.48,0.343,0.4,0.7430000000000001,0.11800000000000005,390,78,20.0,9.13,149,17.45,26.58,26.93,16.67
682243,221,197,848,0.274,44,19.91,16,7.24,0.333,0.447,0.78,0.173,430,103,23.95,12.15,126,14.86,27.0,25.77,15.83
673540,220,196,843,0.209,50,22.73,19,8.64,0.284,0.378,0.6619999999999999,0.169,389,94,24.16,11.15,129,15.3,26.45,29.32,21.37
694738,219,200,839,0.275,54,24.66,15,6.85,0.326,0.41,0.736,0.13499999999999995,373,107,28.69,12.75,162,19.31,32.06,30.97,23.45
801403,201,176,834,0.256,45,22.39,19,9.45,0.34,0.398,0.738,0.14200000000000002,400,100,25.0,11.99,124,14.87,26.86,26.62,16.98
607192,191,162,827,0.173,61,31.94,25,13.09,0.283,0.309,0.592,0.136,332,102,30.72,12.33,145,17.53,29.87,22.43,25.74
650644,219,203,822,0.241,39,17.81,11,5.02,0.292,0.414,0.706,0.173,393,87,22.14,10.58,133,16.18,26.76,31.55,16.67
678606,214,192,804,0.323,45,21.03,14,6.54,0.38,0.422,0.802,0.09899999999999998,405,102,25.19,12.69,119,14.8,27.49,29.87,19.15
666142,186,172,804,0.227,78,41.94,12,6.45,0.274,0.407,0.681,0.17999999999999997,404,149,36.88,18.53,132,16.42,34.95,29.89,26.9
640455,194,175,802,0.257,58,29.9,12,6.19,0.321,0.514,0.835,0.257,424,124,29.25,15.46,127,15.84,31.3,30.45,21.48
596295,215,201,799,0.318,27,12.56,12,5.58,0.36,0.562,0.922,0.24400000000000005,397,62,15.62,7.76,134,16.77,24.53,22.88,11.07
680736,199,183,797,0.279,54,27.14,13,6.53,0.327,0.399,0.726,0.12,406,102,25.12,12.8,121,15.18,27.98,25.08,20.22
681347,205,189,797,0.259,51,24.88,10,4.88,0.309,0.439,0.748,0.18,393,93,23.66,11.67,141,17.69,29.36,28.04,22.57
605483,200,173,790,0.231,54,27.0,21,10.5,0.31,0.324,0.634,0.093,370,128,34.59,16.2,118,14.94,31.14,33.48,24.22
641816,196,176,786,0.25,31,15.82,19,9.69,0.323,0.335,0.658,0.08500000000000002,380,84,22.11,10.69,129,16.41,27.1,25.34,11.67
687473,215,195,785,0.236,45,20.93,11,5.12,0.29,0.333,0.623,0.09700000000000003,404,100,24.75,12.74,119,15.16,27.9,27.65,18.22
672282,185,166,779,0.223,59,31.89,17,9.19,0.293,0.38,0.673,0.157,378,123,32.54,15.79,135,17.33,33.12,34.44,23.51
605130,184,151,777,0.192,45,24.46,28,15.22,0.326,0.272,0.5980000000000001,0.08000000000000002,316,99,31.33,12.74,148,19.05,31.79,26.9,19.57
671131,189,169,775,0.249,47,24.87,12,6.35,0.309,0.385,0.694,0.136,355,98,27.61,12.65,134,17.29,29.94,28.65,19.18
674370,209,177,769,0.299,27,12.92,23,11.0,0.394,0.531,0.925,0.23200000000000004,359,83,23.12,10.79,115,14.95,25.75,27.01,13.17
676263,198,180,768,0.206,51,25.76,13,6.57,0.255,0.333,0.5880000000000001,0.12700000000000003,398,110,27.64,14.32,111,14.45,28.78,27.54,20.24
676083,213,203,766,0.236,41,19.25,3,1.41,0.246,0.33,0.5760000000000001,0.09400000000000003,423,83,19.62,10.84,116,15.14,25.98,33.24,16.47
687765,203,181,756,0.254,32,15.76,15,7.39,0.318,0.442,0.76,0.188,379,92,24.27,12.17,112,14.81,26.98,31.15,13.73
672456,202,192,754,0.255,46,22.77,8,3.96,0.292,0.38,0.6719999999999999,0.125,373,90,24.13,11.94,152,20.16,32.1,32.84,18.93
676508,194,181,748,0.249,41,21.13,9,4.64,0.29,0.436,0.726,0.187,373,100,26.81,13.37,115,15.37,28.74,29.53,16.46
687911,196,186,744,0.204,53,27.04,6,3.06,0.24,0.333,0.573,0.12900000000000003,373,89,23.86,11.96,152,20.43,32.39,31.48,21.54
681517,201,185,742,0.238,43,21.39,9,4.48,0.27,0.319,0.589,0.08100000000000002,401,93,23.19,12.53,110,14.82,27.36,33.14,17.34
686799,207,175,739,0.309,28,13.53,23,11.11,0.396,0.417,0.813,0.10799999999999998,351,76,21.65,10.28,102,13.8,24.09,27.79,15.22
700241,210,200,734,0.225,31,14.76,6,2.86,0.255,0.325,0.5800000000000001,0.1,342,61,17.84,8.31,144,19.62,27.93,25.53,15.58
663568,210,194,725,0.242,29,13.81,8,3.81,0.29,0.294,0.584,0.05199999999999999,367,74,20.16,10.21,114,15.72,25.93,30.21,15.76
642232,176,156,714,0.263,36,20.45,18,10.23,0.341,0.481,0.8220000000000001,0.21799999999999997,308,78,25.32,10.92,124,17.37,28.29,25.38,16.67
669093,177,163,711,0.245,68,38.42,11,6.21,0.295,0.442,0.737,0.197,381,139,36.48,19.55,105,14.77,34.32,36.54,27.31
681982,193,175,709,0.223,44,22.8,14,7.25,0.283,0.354,0.637,0.13099999999999998,323,95,29.41,13.4,126,17.77,31.17,29.44,22.63
663687,172,150,709,0.22,43,25.0,20,11.63,0.308,0.333,0.641,0.11300000000000002,332,67,20.18,9.45,124,17.49,26.94,26.69,17.99
547973,173,158,700,0.127,62,35.84,14,8.09,0.197,0.184,0.381,0.056999999999999995,392,140,35.71,20.0,90,12.86,32.86,33.54,23.13
542888,178,160,700,0.112,49,27.53,11,6.18,0.185,0.144,0.32899999999999996,0.03199999999999999,338,95,28.11,13.57,127,18.14,31.71,26.52,20.76
621381,172,153,698,0.196,49,28.49,14,8.14,0.265,0.32,0.585,0.124,368,85,23.1,12.18,105,15.04,27.22,32.51,19.44
682847,184,166,698,0.253,46,25.0,16,8.7,0.321,0.337,0.658,0.08400000000000002,331,91,27.49,13.04,130,18.62,31.66,26.1,24.08
684320,176,159,698,0.176,50,28.41,11,6.25,0.241,0.302,0.5429999999999999,0.126,326,104,31.9,14.9,104,14.9,29.8,30.56,24.63
688138,176,158,693,0.259,34,19.32,16,9.09,0.335,0.449,0.784,0.19,305,69,22.62,9.96,124,17.89,27.85,25.98,16.04
663465,181,167,692,0.251,26,14.36,9,4.97,0.285,0.383,0.6679999999999999,0.132,340,66,19.41,9.54,117,16.91,26.45,28.16,12.56
647336,170,148,689,0.203,42,24.71,11,6.47,0.298,0.324,0.622,0.121,326,83,25.46,12.05,113,16.4,28.45,27.38,19.72
571927,180,171,689,0.275,36,20.0,8,4.44,0.306,0.433,0.739,0.15799999999999997,347,70,20.17,10.16,115,16.69,26.85,29.62,16.07
680885,199,192,687,0.208,62,31.16,4,2.01,0.227,0.312,0.539,0.10400000000000001,368,118,32.07,17.18,129,18.78,35.95,37.45,29.25
681911,156,132,686,0.197,50,32.05,18,11.54,0.305,0.386,0.6910000000000001,0.189,328,98,29.88,14.29,104,15.16,29.45,27.61,21.1
571948,168,146,685,0.295,31,18.45,18,10.71,0.375,0.445,0.8200000000000001,0.15000000000000002,277,46,16.61,6.72,137,20.0,26.72,24.08,15.58
686218,180,168,685,0.196,55,30.56,9,5.0,0.239,0.321,0.56,0.125,357,121,33.89,17.66,94,13.72,31.39,35.36,26.44
685126,166,145,682,0.269,43,25.9,19,11.45,0.349,0.524,0.873,0.255,299,103,34.45,15.1,95,13.93,29.03,32.19,22.4
660853,172,153,682,0.216,44,25.58,15,8.72,0.294,0.353,0.647,0.13699999999999998,347,118,34.01,17.3,98,14.37,31.67,27.44,20.0
702352,178,163,682,0.264,36,20.22,9,5.06,0.316,0.405,0.7210000000000001,0.14100000000000001,333,60,18.02,8.8,137,20.09,28.89,32.32,16.59
527048,171,147,677,0.218,30,17.54,20,11.7,0.316,0.381,0.6970000000000001,0.163,269,56,20.82,8.27,129,19.05,27.33,22.99,17.86
670955,177,158,674,0.215,57,32.2,11,6.21,0.295,0.367,0.6619999999999999,0.152,348,118,33.91,17.51,98,14.54,32.05,34.01,25.0
805673,178,165,670,0.267,43,24.16,10,5.62,0.305,0.358,0.663,0.09099999999999997,347,98,28.24,14.63,99,14.78,29.4,29.93,19.72
621053,172,147,670,0.204,45,26.16,15,8.72,0.284,0.299,0.583,0.095,326,87,26.69,12.99,113,16.87,29.85,31.29,23.08
623352,160,141,669,0.149,60,37.5,14,8.75,0.234,0.326,0.56,0.17700000000000002,370,152,41.08,22.72,83,12.41,35.13,39.14,23.62
663893,157,127,669,0.197,46,29.3,27,17.2,0.342,0.252,0.5940000000000001,0.05499999999999999,265,117,44.15,17.49,94,14.05,31.54,31.8,25.0
608718,174,158,669,0.266,32,18.39,12,6.9,0.324,0.449,0.773,0.183,328,73,22.26,10.91,104,15.55,26.46,27.01,15.31
687888,173,167,668,0.24,46,26.59,3,1.73,0.262,0.461,0.7230000000000001,0.22100000000000003,337,88,26.11,13.17,109,16.32,29.49,34.04,21.6
691587,168,152,667,0.204,45,26.79,13,7.74,0.275,0.375,0.65,0.171,323,88,27.24,13.19,112,16.79,29.99,28.53,20.55
650556,163,143,667,0.196,56,34.36,17,10.43,0.29,0.252,0.542,0.055999999999999994,308,127,41.23,19.04,106,15.89,34.93,31.1,27.72
656945,171,153,665,0.255,42,24.56,12,7.02,0.32,0.405,0.7250000000000001,0.15000000000000002,377,106,28.12,15.94,84,12.63,28.57,36.84,18.34
623474,194,178,661,0.225,48,24.74,9,4.64,0.269,0.326,0.595,0.101,329,101,30.7,15.28,118,17.85,33.13,30.26,26.67
693855,163,144,660,0.243,42,25.77,14,8.59,0.315,0.326,0.641,0.08300000000000002,331,91,27.49,13.79,93,14.09,27.88,28.7,20.59
673929,161,143,659,0.196,49,30.43,16,9.94,0.28,0.357,0.637,0.16099999999999998,311,109,35.05,16.54,88,13.35,29.89,27.22,25.26
660825,173,157,659,0.166,47,27.17,12,6.94,0.231,0.261,0.492,0.095,286,59,20.63,8.95,151,22.91,31.87,27.0,21.56
663947,173,158,657,0.259,30,17.34,11,6.36,0.304,0.5,0.804,0.241,324,69,21.3,10.5,96,14.61,25.11,29.86,15.46
672582,161,145,652,0.303,34,21.12,12,7.45,0.356,0.483,0.839,0.18,291,52,17.87,7.98,138,21.17,29.14,29.8,16.04
678368,179,160,651,0.212,32,17.88,11,6.15,0.271,0.356,0.627,0.144,351,66,18.8,10.14,84,12.9,23.04,29.41,15.02
656271,162,146,651,0.253,35,21.6,13,8.02,0.312,0.432,0.744,0.179,341,89,26.1,13.67,75,11.52,25.19,27.12,18.13
621383,156,147,650,0.259,33,21.15,7,4.49,0.295,0.463,0.758,0.20400000000000001,330,65,19.7,10.0,97,14.92,24.92,26.99,14.93
663738,165,147,649,0.259,23,13.94,15,9.09,0.329,0.422,0.751,0.16299999999999998,273,56,20.51,8.63,131,20.18,28.81,24.27,12.85
676879,171,155,648,0.245,47,27.49,14,8.19,0.312,0.348,0.6599999999999999,0.10299999999999998,289,76,26.3,11.73,119,18.36,30.09,27.1,27.17
593974,180,159,648,0.239,33,18.33,18,10.0,0.313,0.314,0.627,0.07500000000000001,297,83,27.95,12.81,92,14.2,27.01,29.91,22.3
682842,167,152,645,0.211,49,29.34,11,6.59,0.268,0.283,0.5509999999999999,0.07199999999999998,280,98,35.0,15.19,143,22.17,37.36,29.66,25.39
641755,163,146,644,0.192,39,23.93,16,9.82,0.27,0.274,0.544,0.08200000000000002,313,95,30.35,14.75,107,16.61,31.37,30.72,21.91
676395,170,148,643,0.236,43,25.29,19,11.18,0.321,0.365,0.6859999999999999,0.129,319,101,31.66,15.71,109,16.95,32.66,32.52,20.67
657649,161,143,642,0.252,40,24.84,15,9.32,0.331,0.42,0.751,0.16799999999999998,280,67,23.93,10.44,134,20.87,31.31,22.86,19.61
672841,190,165,641,0.327,29,15.26,15,7.89,0.404,0.485,0.889,0.15799999999999997,305,58,19.02,9.05,105,16.38,25.43,30.45,19.86
656731,156,139,640,0.237,49,31.41,13,8.33,0.314,0.367,0.681,0.13,279,83,29.75,12.97,126,19.69,32.66,30.38,24.14
592866,165,153,639,0.216,37,22.42,7,4.24,0.25,0.32,0.5700000000000001,0.10400000000000001,316,67,21.2,10.49,100,15.65,26.13,29.35,19.27
595345,168,150,636,0.18,51,30.36,14,8.33,0.253,0.267,0.52,0.08700000000000002,342,106,30.99,16.67,84,13.21,29.87,29.21,27.57
453286,159,145,635,0.269,44,27.67,10,6.29,0.323,0.434,0.757,0.16499999999999998,315,101,32.06,15.91,103,16.22,32.13,28.8,22.0
606160,146,124,635,0.202,38,26.03,20,13.7,0.31,0.306,0.616,0.10399999999999998,299,88,29.43,13.86,96,15.12,28.98,32.76,16.52
686973,164,144,635,0.236,46,28.05,16,9.76,0.315,0.347,0.6619999999999999,0.11099999999999999,318,85,26.73,13.39,99,15.59,28.98,29.83,23.23
660896,152,127,633,0.299,37,24.34,18,11.84,0.38,0.512,0.892,0.21300000000000002,298,69,23.15,10.9,101,15.96,26.86,28.12,17.62
663855,171,150,632,0.287,34,19.88,15,8.77,0.353,0.44,0.7929999999999999,0.15300000000000002,288,77,26.74,12.18,115,18.2,30.38,27.16,19.21
669211,163,138,630,0.196,33,20.25,22,13.5,0.309,0.362,0.671,0.16599999999999998,317,81,25.55,12.86,87,13.81,26.67,30.92,17.1
689147,158,140,630,0.229,40,25.32,14,8.86,0.31,0.343,0.653,0.11400000000000002,264,67,25.38,10.63,143,22.7,33.33,25.89,20.51
656288,157,140,629,0.236,29,18.47,15,9.55,0.31,0.357,0.667,0.121,286,72,25.17,11.45,117,18.6,30.05,25.74,16.18
676477,157,140,629,0.214,50,31.85,14,8.92,0.293,0.271,0.5640000000000001,0.05700000000000002,307,101,32.9,16.06,113,17.97,34.02,31.39,21.19
676428,160,141,627,0.27,41,25.62,15,9.38,0.35,0.39,0.74,0.12,283,75,26.5,11.96,105,16.75,28.71,25.57,24.12
673513,158,134,625,0.201,34,21.52,19,12.03,0.297,0.358,0.655,0.15699999999999997,306,93,30.39,14.88,75,12.0,26.88,31.78,19.43
686993,159,141,624,0.241,43,27.04,12,7.55,0.312,0.404,0.716,0.16300000000000003,296,94,31.76,15.06,93,14.9,29.97,31.5,22.95
622554,147,121,623,0.132,51,34.69,22,14.97,0.269,0.182,0.451,0.04999999999999999,281,105,37.37,16.85,93,14.93,31.78,30.03,27.42
669724,175,168,622,0.22,32,18.29,5,2.86,0.251,0.298,0.5489999999999999,0.07799999999999999,293,52,17.75,8.36,127,20.42,28.78,26.95,19.05
641745,153,135,622,0.148,43,28.1,13,8.5,0.243,0.222,0.46499999999999997,0.07400000000000001,277,76,27.44,12.22,116,18.65,30.87,32.73,21.94
676106,181,168,622,0.274,28,15.47,8,4.42,0.32,0.393,0.7130000000000001,0.119,312,67,21.47,10.77,107,17.2,27.97,25.7,15.82
671922,159,142,622,0.239,47,29.56,10,6.29,0.306,0.345,0.651,0.10599999999999998,306,96,31.37,15.43,106,17.04,32.48,28.77,24.23
607455,156,130,620,0.231,32,20.51,23,14.74,0.353,0.431,0.784,0.19999999999999998,292,68,23.29,10.97,77,12.42,23.39,28.01,18.18
681857,156,138,619,0.246,34,21.79,15,9.62,0.325,0.348,0.673,0.10199999999999998,260,79,30.38,12.76,109,17.61,30.37,27.84,19.54
596001,167,152,617,0.27,38,22.75,9,5.39,0.319,0.388,0.7070000000000001,0.118,282,74,26.24,11.99,133,21.56,33.55,30.39,19.79
669711,167,153,613,0.235,36,21.56,7,4.19,0.28,0.392,0.672,0.15700000000000003,285,65,22.81,10.6,125,20.39,31.0,25.56,22.09
621051,150,129,612,0.186,33,22.0,13,8.67,0.26,0.271,0.531,0.08500000000000002,301,80,26.58,13.07,92,15.03,28.1,24.73,17.37
669276,147,139,612,0.223,41,27.89,7,4.76,0.26,0.432,0.692,0.209,324,100,30.86,16.34,95,15.52,31.86,34.01,18.89
683409,167,150,609,0.333,28,16.77,13,7.78,0.401,0.533,0.934,0.2,319,101,31.66,16.58,74,12.15,28.74,32.39,17.61
642397,161,137,609,0.307,39,24.22,15,9.32,0.4,0.401,0.801,0.09400000000000003,296,89,30.07,14.61,101,16.58,31.2,32.04,20.97
668941,151,127,605,0.22,28,18.54,20,13.25,0.329,0.315,0.644,0.095,236,51,21.61,8.43,120,19.83,28.26,24.37,16.47
678692,155,139,604,0.187,49,31.61,8,5.16,0.247,0.317,0.5640000000000001,0.13,309,116,37.54,19.21,100,16.56,35.76,35.35,25.65
676684,158,148,602,0.23,37,23.42,8,5.06,0.274,0.297,0.571,0.06699999999999998,282,64,22.7,10.63,111,18.44,29.07,29.13,20.33
621121,145,119,602,0.303,30,20.69,21,14.48,0.424,0.555,0.9790000000000001,0.25200000000000006,240,61,25.42,10.13,113,18.77,28.9,20.06,16.85
642207,139,127,600,0.197,55,39.57,12,8.63,0.266,0.276,0.542,0.07900000000000001,303,130,42.9,21.67,88,14.67,36.33,36.34,28.27
657571,155,133,599,0.263,30,19.35,13,8.39,0.342,0.376,0.718,0.11299999999999999,286,60,20.98,10.02,93,15.53,25.54,28.16,16.57
666171,142,116,598,0.216,45,31.69,22,15.49,0.355,0.422,0.7769999999999999,0.206,259,86,33.2,14.38,95,15.89,30.27,23.53,23.2
666808,150,126,598,0.23,36,24.0,20,13.33,0.342,0.31,0.652,0.07999999999999999,294,83,28.23,13.88,84,14.05,27.93,29.47,20.69
685299,159,150,598,0.333,26,16.35,6,3.77,0.365,0.547,0.912,0.21400000000000002,320,55,17.19,9.2,82,13.71,22.91,25.87,13.27
670167,154,141,596,0.227,43,27.92,12,7.79,0.288,0.383,0.671,0.156,278,75,26.98,12.58,103,17.28,29.87,24.91,24.57
592773,145,126,595,0.222,36,24.83,17,11.72,0.31,0.373,0.683,0.151,310,87,28.06,14.62,81,13.61,28.24,33.22,16.82
683769,160,146,591,0.253,39,24.38,10,6.25,0.302,0.397,0.6990000000000001,0.14400000000000002,310,99,31.94,16.75,90,15.23,31.98,33.0,20.53
677952,165,152,590,0.237,38,23.03,9,5.45,0.282,0.342,0.624,0.10500000000000004,307,84,27.36,14.24,90,15.25,29.49,32.4,23.03
664076,159,142,584,0.183,51,32.08,11,6.92,0.264,0.338,0.6020000000000001,0.15500000000000003,296,106,35.81,18.15,97,16.61,34.76,30.48,27.57
669199,154,138,582,0.239,41,26.62,11,7.14,0.301,0.457,0.758,0.21800000000000003,279,89,31.9,15.29,103,17.7,32.99,31.16,25.0
666974,144,127,581,0.252,33,22.92,12,8.33,0.324,0.339,0.663,0.08700000000000002,260,60,23.08,10.33,117,20.14,30.46,29.72,18.03
657376,154,143,581,0.182,33,21.43,10,6.49,0.234,0.28,0.514,0.09800000000000003,282,90,31.91,15.49,96,16.52,32.01,26.87,19.3
806185,152,131,581,0.206,35,23.03,16,10.53,0.309,0.298,0.607,0.092,270,85,31.48,14.63,85,14.63,29.26,27.91,21.34
623211,152,134,580,0.194,39,25.66,9,5.92,0.262,0.254,0.516,0.06,305,72,23.61,12.41,91,15.69,28.1,38.43,21.08
675848,135,121,579,0.198,48,35.56,8,5.93,0.267,0.347,0.614,0.14899999999999997,282,106,37.59,18.31,93,16.06,34.37,32.34,25.27
663574,140,126,578,0.175,34,24.29,13,9.29,0.257,0.246,0.503,0.07100000000000001,288,76,26.39,13.15,92,15.92,29.07,26.32,17.17
686701,139,122,578,0.205,33,23.74,14,10.07,0.29,0.336,0.626,0.13100000000000003,266,69,25.94,11.94,87,15.05,26.99,23.61,19.41
642701,159,148,576,0.203,37,23.27,6,3.77,0.247,0.358,0.605,0.15499999999999997,282,77,27.3,13.37,125,21.7,35.07,34.24,22.98
669371,143,118,575,0.22,29,20.28,18,12.59,0.345,0.322,0.667,0.10200000000000001,239,54,22.59,9.39,98,17.04,26.43,20.61,16.11
670970,164,148,574,0.216,36,21.95,14,8.54,0.284,0.297,0.581,0.08099999999999999,272,63,23.16,10.98,111,19.34,30.31,25.73,22.5
676130,160,141,571,0.255,34,21.25,13,8.12,0.323,0.397,0.72,0.14200000000000002,291,93,31.96,16.29,75,13.13,29.42,33.02,23.94
668933,158,141,569,0.298,35,22.15,14,8.86,0.361,0.404,0.765,0.10600000000000004,286,86,30.07,15.11,91,15.99,31.11,36.77,22.88
694335,140,129,568,0.186,39,27.86,8,5.71,0.236,0.295,0.5309999999999999,0.10899999999999999,252,54,21.43,9.51,122,21.48,30.99,25.0,19.4
669920,158,144,566,0.257,33,20.89,10,6.33,0.316,0.417,0.733,0.15999999999999998,261,75,28.74,13.25,101,17.84,31.1,21.24,19.53
663485,148,137,566,0.241,38,25.68,8,5.41,0.284,0.394,0.6779999999999999,0.15300000000000002,272,73,26.84,12.9,99,17.49,30.39,27.09,21.97
664208,139,121,563,0.174,44,31.65,9,6.47,0.263,0.273,0.536,0.09900000000000003,264,101,38.26,17.94,99,17.58,35.52,32.07,26.04
662253,135,116,559,0.181,43,31.85,13,9.63,0.276,0.233,0.509,0.05200000000000002,279,99,35.48,17.71,85,15.21,32.92,33.68,23.37
592094,140,128,555,0.25,36,25.71,10,7.14,0.307,0.297,0.604,0.046999999999999986,277,91,32.85,16.4,84,15.14,31.53,32.6,20.93
641154,136,123,553,0.163,36,26.47,8,5.88,0.228,0.293,0.521,0.12999999999999998,273,77,28.21,13.92,87,15.73,29.66,32.61,18.37
656546,143,127,552,0.205,41,28.67,13,9.09,0.284,0.402,0.6859999999999999,0.19700000000000004,271,84,31.0,15.22,96,17.39,32.61,35.25,22.16
643377,137,124,552,0.202,53,38.69,10,7.3,0.259,0.298,0.5569999999999999,0.09599999999999997,275,92,33.45,16.67,102,18.48,35.14,36.21,27.89
695243,132,122,551,0.123,65,49.24,10,7.58,0.189,0.18,0.369,0.056999999999999995,291,138,47.42,25.05,80,14.52,39.56,39.38,34.21
694819,133,117,549,0.205,33,24.81,14,10.53,0.301,0.308,0.609,0.10300000000000001,267,59,22.1,10.75,99,18.03,28.78,27.57,16.49
605400,155,145,546,0.262,42,27.1,7,4.52,0.301,0.414,0.715,0.15199999999999997,267,82,30.71,15.02,108,19.78,34.8,35.58,25.93
676254,145,127,545,0.244,26,17.93,11,7.59,0.319,0.339,0.658,0.09500000000000003,209,40,19.14,7.34,127,23.3,30.64,20.4,18.57
506433,143,133,544,0.226,40,27.97,4,2.8,0.264,0.398,0.662,0.17200000000000001,269,68,25.28,12.5,108,19.85,32.35,31.3,22.22
656234,137,120,536,0.267,36,26.28,13,9.49,0.346,0.4,0.746,0.133,227,72,31.72,13.43,123,22.95,36.38,29.34,23.68
663969,162,154,535,0.253,28,17.28,6,3.7,0.29,0.383,0.673,0.13,275,77,28.0,14.39,87,16.26,30.65,38.38,19.72
657097,149,133,535,0.203,32,21.48,13,8.72,0.277,0.398,0.675,0.195,263,69,26.24,12.9,83,15.51,28.41,27.73,21.77
572955,129,121,534,0.231,40,31.01,3,2.33,0.25,0.372,0.622,0.141,242,70,28.93,13.11,117,21.91,35.02,29.17,22.6
656222,137,121,533,0.19,21,15.33,15,10.95,0.285,0.339,0.624,0.14900000000000002,249,72,28.92,13.51,54,10.13,23.64,24.48,16.8
650633,135,121,532,0.207,30,22.22,10,7.41,0.281,0.388,0.669,0.18100000000000002,243,60,24.69,11.28,84,15.79,27.07,28.0,19.48
623437,150,137,527,0.263,31,20.67,7,4.67,0.311,0.35,0.661,0.08699999999999997,245,54,22.04,10.25,107,20.3,30.55,31.5,22.79
670280,131,123,527,0.22,53,40.46,5,3.82,0.254,0.358,0.612,0.13799999999999998,254,88,34.65,16.7,101,19.17,35.86,29.55,30.64
682254,129,109,525,0.321,39,30.23,16,12.4,0.409,0.505,0.9139999999999999,0.184,277,93,33.57,17.71,69,13.14,30.86,31.62,22.81
676534,125,110,523,0.245,30,24.0,13,10.4,0.328,0.382,0.71,0.137,223,52,23.32,9.94,96,18.36,28.3,28.11,17.34
657585,131,123,521,0.211,39,29.77,7,5.34,0.26,0.358,0.618,0.147,243,79,32.51,15.16,94,18.04,33.21,34.98,23.78
664126,126,118,519,0.195,28,22.22,8,6.35,0.246,0.322,0.5680000000000001,0.127,268,67,25.0,12.91,85,16.38,29.29,30.47,15.73
693645,126,109,517,0.211,32,25.4,10,7.94,0.304,0.376,0.6799999999999999,0.165,269,62,23.05,11.99,82,15.86,27.85,34.26,17.49
677960,134,121,516,0.248,29,21.64,10,7.46,0.308,0.397,0.7050000000000001,0.14900000000000002,248,65,26.21,12.6,86,16.67,29.26,22.55,18.24
607481,132,111,515,0.243,25,18.94,9,6.82,0.356,0.387,0.743,0.14400000000000002,234,51,21.79,9.9,95,18.45,28.35,32.83,17.12
642100,131,118,512,0.203,40,30.53,9,6.87,0.267,0.347,0.614,0.14399999999999996,267,77,28.84,15.04,78,15.23,30.27,32.5,21.67
664854,125,107,508,0.271,31,24.8,14,11.2,0.352,0.467,0.819,0.196,257,72,28.02,14.17,76,14.96,29.13,27.43,19.38
676974,142,130,508,0.315,30,21.13,11,7.75,0.373,0.531,0.904,0.21600000000000003,247,72,29.15,14.17,79,15.55,29.72,29.88,22.56
657514,136,112,504,0.205,22,16.18,19,13.97,0.328,0.232,0.56,0.027000000000000024,210,43,20.48,8.53,87,17.26,25.79,26.85,17.19
663158,132,127,504,0.15,41,31.06,3,2.27,0.176,0.26,0.436,0.11000000000000001,275,65,23.64,12.9,80,15.87,28.77,29.47,25.31
672391,120,101,504,0.188,33,27.5,18,15.0,0.311,0.317,0.628,0.129,231,74,32.03,14.68,73,14.48,29.17,24.02,20.0
687223,128,102,503,0.304,15,11.72,18,14.06,0.398,0.578,0.976,0.27399999999999997,219,44,20.09,8.75,78,15.51,24.25,21.43,13.16
643511,155,153,503,0.229,31,20.0,1,0.65,0.232,0.288,0.52,0.05899999999999997,281,53,18.86,10.54,94,18.69,29.22,35.41,21.09
596133,125,111,501,0.216,35,28.0,11,8.8,0.29,0.378,0.6679999999999999,0.162,268,84,31.34,16.77,55,10.98,27.74,31.54,23.03
641941,133,120,498,0.175,36,27.07,10,7.52,0.241,0.408,0.649,0.23299999999999998,273,68,24.91,13.65,62,12.45,26.1,32.19,21.3
605452,129,117,496,0.282,25,19.38,7,5.43,0.326,0.479,0.8049999999999999,0.197,257,58,22.57,11.69,79,15.93,27.62,27.96,15.06
621242,122,105,492,0.171,41,33.61,9,7.38,0.269,0.229,0.498,0.057999999999999996,237,98,41.35,19.92,76,15.45,35.37,32.95,25.95
683232,128,113,492,0.212,30,23.44,7,5.47,0.254,0.336,0.5900000000000001,0.12400000000000003,267,83,31.09,16.87,71,14.43,31.3,34.48,18.99
573124,116,102,489,0.265,23,19.83,9,7.76,0.328,0.461,0.789,0.196,223,42,18.83,8.59,93,19.02,27.61,25.79,13.37
669674,114,98,489,0.265,19,16.67,15,13.16,0.368,0.439,0.8069999999999999,0.174,238,41,17.23,8.38,70,14.31,22.7,26.86,12.18
641329,131,124,489,0.258,40,30.53,7,5.34,0.298,0.476,0.774,0.21799999999999997,255,87,34.12,17.79,78,15.95,33.74,30.4,25.64
519141,123,107,488,0.234,29,23.58,10,8.13,0.32,0.374,0.694,0.13999999999999999,228,47,20.61,9.63,85,17.42,27.05,26.11,19.86
608650,128,115,484,0.226,27,21.09,11,8.59,0.291,0.304,0.595,0.07799999999999999,266,69,25.94,14.26,57,11.78,26.03,34.23,18.49
472610,128,114,484,0.281,27,21.09,11,8.59,0.341,0.465,0.806,0.184,228,61,26.75,12.6,83,17.15,29.75,27.78,18.37
661395,134,126,483,0.278,34,25.37,7,5.22,0.313,0.357,0.6699999999999999,0.07899999999999996,267,84,31.46,17.39,53,10.97,28.36,38.31,25.76
518585,120,101,482,0.168,46,38.33,16,13.33,0.3,0.267,0.567,0.099,213,110,51.64,22.82,71,14.73,37.55,33.45,38.33
669060,126,118,479,0.322,20,15.87,4,3.17,0.344,0.542,0.886,0.22000000000000003,239,36,15.06,7.52,81,16.91,24.43,32.14,12.66
489446,108,94,478,0.223,35,32.41,13,12.04,0.324,0.426,0.75,0.20299999999999999,243,91,37.45,19.04,56,11.72,30.75,30.47,20.59
690928,132,121,478,0.248,25,18.94,9,6.82,0.311,0.372,0.683,0.124,221,53,23.98,11.09,83,17.36,28.45,26.38,20.33
606996,122,110,477,0.255,24,19.67,10,8.2,0.32,0.527,0.847,0.272,202,40,19.8,8.39,100,20.96,29.35,26.91,18.05
677958,129,118,477,0.229,31,24.03,8,6.2,0.289,0.424,0.713,0.19499999999999998,247,74,29.96,15.51,77,16.14,31.66,33.48,21.23
806188,118,105,475,0.21,26,22.03,8,6.78,0.288,0.238,0.526,0.027999999999999997,208,46,22.12,9.68,93,19.58,29.26,30.04,18.06
656986,131,119,474,0.235,34,25.95,11,8.4,0.3,0.378,0.6779999999999999,0.14300000000000002,256,94,36.72,19.83,59,12.45,32.28,36.25,26.15
642152,118,104,471,0.221,24,20.34,8,6.78,0.308,0.308,0.616,0.087,227,62,27.31,13.16,78,16.56,29.72,29.49,17.14
800048,121,116,470,0.302,29,23.97,5,4.13,0.331,0.431,0.762,0.129,213,53,24.88,11.28,92,19.57,30.85,26.41,19.86
592426,124,103,470,0.204,25,20.16,15,12.1,0.32,0.272,0.5920000000000001,0.06800000000000003,210,51,24.29,10.85,79,16.81,27.66,27.98,18.52
688158,119,110,469,0.2,37,31.09,9,7.56,0.261,0.345,0.606,0.14499999999999996,238,64,26.89,13.65,75,15.99,29.64,33.33,22.29
592454,123,108,469,0.194,28,22.76,14,11.38,0.293,0.287,0.58,0.09299999999999997,198,47,23.74,10.02,91,19.4,29.42,23.61,21.88
669854,117,107,468,0.196,36,30.77,9,7.69,0.259,0.29,0.5489999999999999,0.09399999999999997,234,88,37.61,18.8,68,14.53,33.33,34.27,21.74
668964,124,117,467,0.265,21,16.94,6,4.84,0.306,0.419,0.725,0.15399999999999997,247,52,21.05,11.13,68,14.56,25.7,31.43,15.67
641482,118,99,464,0.222,21,17.8,17,14.41,0.347,0.475,0.822,0.253,194,51,26.29,10.99,84,18.1,29.09,20.16,17.07
608032,121,111,463,0.171,25,20.66,6,4.96,0.233,0.279,0.512,0.10800000000000001,242,43,17.77,9.29,65,14.04,23.33,26.92,17.61
670102,127,113,463,0.265,24,18.9,8,6.3,0.346,0.425,0.7709999999999999,0.15999999999999998,221,58,26.24,12.53,79,17.06,29.59,25.11,19.2
672782,116,101,458,0.228,27,23.28,12,10.34,0.313,0.307,0.62,0.07899999999999999,214,61,28.5,13.32,76,16.59,29.91,26.89,19.42
573204,123,115,456,0.209,29,23.58,7,5.69,0.252,0.348,0.6,0.13899999999999998,225,57,25.33,12.5,77,16.89,29.39,33.94,20.57
605540,122,112,455,0.196,44,36.07,8,6.56,0.256,0.375,0.631,0.179,225,65,28.89,14.29,92,20.22,34.51,24.73,31.65
656457,111,96,454,0.219,21,18.92,14,12.61,0.318,0.396,0.714,0.17700000000000002,208,38,18.27,8.37,65,14.32,22.69,24.78,15.0
667463,119,107,454,0.374,15,12.61,12,10.08,0.437,0.542,0.9790000000000001,0.16800000000000004,212,42,19.81,9.25,71,15.64,24.89,25.0,10.56
670036,121,107,454,0.196,33,27.27,6,4.96,0.261,0.252,0.513,0.055999999999999994,240,66,27.5,14.54,70,15.42,29.96,28.57,21.57
657612,135,124,452,0.282,10,7.41,9,6.67,0.328,0.508,0.8360000000000001,0.22600000000000003,226,33,14.6,7.3,62,13.72,21.02,25.68,10.1
628452,126,117,452,0.205,36,28.57,8,6.35,0.262,0.376,0.638,0.171,231,69,29.87,15.27,81,17.92,33.19,33.01,25.9
668674,117,107,452,0.28,22,18.8,7,5.98,0.342,0.421,0.763,0.14099999999999996,217,47,21.66,10.4,81,17.92,28.32,31.78,14.77
695549,114,95,451,0.295,20,17.54,16,14.04,0.404,0.442,0.8460000000000001,0.14700000000000002,198,46,23.23,10.2,73,16.19,26.39,25.21,13.07
689254,114,99,451,0.202,22,19.3,13,11.4,0.301,0.333,0.634,0.131,194,46,23.71,10.2,78,17.29,27.49,22.47,15.22
661563,113,99,449,0.232,22,19.47,13,11.5,0.327,0.364,0.6910000000000001,0.13199999999999998,199,51,25.63,11.36,80,17.82,29.18,20.87,15.94
700669,111,99,448,0.303,22,19.82,9,8.11,0.369,0.495,0.864,0.192,220,53,24.09,11.83,61,13.62,25.45,23.98,13.58
621107,124,115,447,0.287,23,18.55,6,4.84,0.331,0.417,0.748,0.13,231,58,25.11,12.98,68,15.21,28.19,30.73,17.97
687134,123,111,447,0.351,11,8.94,9,7.32,0.39,0.622,1.012,0.271,215,32,14.88,7.16,65,14.54,21.7,25.12,9.82
668984,118,103,445,0.262,32,27.12,11,9.32,0.342,0.388,0.73,0.126,219,61,27.85,13.71,80,17.98,31.69,32.04,22.22
680755,115,103,444,0.204,28,24.35,9,7.83,0.278,0.311,0.589,0.10700000000000001,197,55,27.92,12.39,100,22.52,34.91,28.57,21.37
663767,116,106,440,0.198,25,21.55,7,6.03,0.25,0.368,0.618,0.16999999999999998,200,57,28.5,12.95,73,16.59,29.55,25.12,19.38
458677,113,98,440,0.306,32,28.32,11,9.73,0.382,0.439,0.821,0.133,227,78,34.36,17.73,50,11.36,29.09,33.19,23.36
552640,115,105,439,0.229,35,30.43,8,6.96,0.281,0.41,0.6910000000000001,0.18099999999999997,221,70,31.67,15.95,79,18.0,33.94,40.43,24.14
701581,115,103,438,0.262,26,22.61,9,7.83,0.33,0.485,0.815,0.22299999999999998,217,63,29.03,14.38,66,15.07,29.45,30.84,20.47
680767,101,92,438,0.217,27,26.73,7,6.93,0.27,0.337,0.607,0.12000000000000002,200,52,26.0,11.87,70,15.98,27.85,22.17,18.24
643338,115,106,436,0.321,17,14.78,9,7.83,0.374,0.566,0.94,0.24499999999999994,208,52,25.0,11.93,60,13.76,25.69,27.03,12.98
676617,114,98,434,0.224,18,15.79,13,11.4,0.333,0.316,0.649,0.092,187,45,24.06,10.37,70,16.13,26.5,25.96,16.51
669622,119,107,433,0.159,26,21.85,10,8.4,0.237,0.215,0.45199999999999996,0.055999999999999994,181,36,19.89,8.31,112,25.87,34.18,27.32,20.31
661403,113,99,432,0.253,30,26.55,7,6.19,0.319,0.354,0.673,0.10099999999999998,233,91,39.06,21.06,54,12.5,33.56,29.47,24.0
445276,110,106,431,0.132,33,30.0,3,2.73,0.164,0.236,0.4,0.10399999999999998,254,64,25.2,14.85,61,14.15,29.0,32.75,23.24
806960,99,89,430,0.202,23,23.23,10,10.1,0.283,0.438,0.721,0.236,193,53,27.46,12.33,68,15.81,28.14,23.7,17.83
666374,103,87,428,0.23,28,27.18,12,11.65,0.33,0.368,0.698,0.13799999999999998,167,51,30.54,11.92,82,19.16,31.07,30.92,22.76
669203,117,108,427,0.213,25,21.37,8,6.84,0.267,0.417,0.6839999999999999,0.204,215,47,21.86,11.01,64,14.99,26.0,27.57,21.19
570632,113,101,427,0.267,16,14.16,8,7.08,0.336,0.416,0.752,0.14899999999999997,209,37,17.7,8.67,65,15.22,23.89,27.4,12.7
671212,106,90,426,0.222,26,24.53,13,12.26,0.34,0.378,0.718,0.156,188,53,28.19,12.44,77,18.08,30.52,22.34,20.97
650893,109,99,424,0.333,22,20.18,10,9.17,0.394,0.646,1.04,0.313,210,58,27.62,13.68,61,14.39,28.07,27.72,17.89
664199,110,106,420,0.179,25,22.73,4,3.64,0.209,0.311,0.52,0.132,198,49,24.75,11.67,82,19.52,31.19,31.55,17.99
665660,104,92,420,0.196,22,21.15,11,10.58,0.282,0.315,0.597,0.119,196,56,28.57,13.33,62,14.76,28.1,27.31,17.6
641401,99,87,418,0.241,30,30.3,9,9.09,0.309,0.448,0.757,0.20700000000000002,202,68,33.66,16.27,64,15.31,31.58,30.62,20.98
543056,98,85,417,0.188,26,26.53,13,13.27,0.296,0.318,0.614,0.13,209,62,29.67,14.87,48,11.51,26.38,36.0,19.7
663941,119,112,415,0.241,23,19.33,6,5.04,0.277,0.384,0.661,0.14300000000000002,202,51,25.25,12.29,75,18.07,30.36,29.23,21.5
680689,103,85,413,0.224,19,18.45,13,12.62,0.32,0.306,0.626,0.08199999999999999,153,36,23.53,8.72,92,22.28,30.99,22.54,15.2
663765,113,103,410,0.311,18,15.93,5,4.42,0.36,0.417,0.7769999999999999,0.10599999999999998,191,28,14.66,6.83,68,16.59,23.41,25.98,13.39
690986,109,94,408,0.255,28,25.69,14,12.84,0.358,0.362,0.72,0.10699999999999998,192,54,28.12,13.24,66,16.18,29.41,25.87,23.53
682120,106,90,405,0.267,25,23.58,13,12.26,0.368,0.433,0.8009999999999999,0.16599999999999998,176,40,22.73,9.88,70,17.28,27.16,25.71,24.51
687064,112,103,403,0.262,24,21.43,6,5.36,0.297,0.495,0.792,0.23299999999999998,186,41,22.04,10.17,81,20.1,30.27,28.5,22.43
640448,115,101,399,0.238,25,21.74,7,6.09,0.282,0.396,0.6779999999999999,0.15800000000000003,203,45,22.17,11.28,58,14.54,25.81,25.71,22.94
694037,110,105,398,0.21,32,29.09,2,1.82,0.239,0.267,0.506,0.05700000000000002,213,53,24.88,13.32,67,16.83,30.15,32.42,25.6
690916,113,104,397,0.25,24,21.24,4,3.54,0.295,0.471,0.766,0.22099999999999997,234,65,27.78,16.37,46,11.59,27.96,39.47,19.83
660271,104,98,396,0.265,30,28.85,4,3.85,0.288,0.398,0.6859999999999999,0.133,200,68,34.0,17.17,64,16.16,33.33,27.84,27.27
681892,103,95,393,0.295,20,19.42,5,4.85,0.33,0.421,0.751,0.126,191,40,20.94,10.18,68,17.3,27.48,26.32,16.39
678495,95,88,392,0.25,29,30.53,4,4.21,0.287,0.375,0.6619999999999999,0.125,193,67,34.72,17.09,62,15.82,32.91,30.53,22.4
676961,103,96,386,0.271,19,18.45,6,5.83,0.32,0.375,0.6950000000000001,0.10399999999999998,168,26,15.48,6.74,78,20.21,26.94,21.43,15.32
676755,106,97,386,0.155,27,25.47,5,4.72,0.198,0.216,0.41400000000000003,0.061,203,51,25.12,13.21,65,16.84,30.05,32.52,23.28
455119,104,102,385,0.255,28,26.92,1,0.96,0.269,0.382,0.651,0.127,223,45,20.18,11.69,57,14.81,26.49,41.32,18.3
623167,102,94,384,0.191,15,14.71,5,4.9,0.228,0.266,0.494,0.07500000000000001,202,33,16.34,8.59,57,14.84,23.44,31.15,12.96
547184,100,87,379,0.23,18,18.0,10,10.0,0.306,0.391,0.6970000000000001,0.161,163,35,21.47,9.23,74,19.53,28.76,26.7,18.95
641656,100,81,379,0.148,29,29.0,16,16.0,0.296,0.21,0.506,0.062,175,62,35.43,16.36,61,16.09,32.45,31.07,26.85
680742,99,88,378,0.182,25,25.25,9,9.09,0.255,0.25,0.505,0.068,182,63,34.62,16.67,62,16.4,33.07,32.68,21.01
678226,90,76,377,0.263,15,16.67,12,13.33,0.371,0.382,0.753,0.119,172,46,26.74,12.2,56,14.85,27.06,24.34,13.04
669020,111,97,376,0.361,14,12.61,11,9.91,0.418,0.639,1.057,0.278,173,30,17.34,7.98,67,17.82,25.8,24.28,15.91
668390,100,88,376,0.114,23,23.0,6,6.0,0.194,0.205,0.399,0.09099999999999998,189,42,22.22,11.17,56,14.89,26.06,29.51,18.7
829272,99,87,376,0.31,16,16.16,9,9.09,0.384,0.552,0.936,0.24200000000000005,175,37,21.14,9.84,70,18.62,28.46,18.01,16.67
672578,104,97,369,0.247,23,22.12,6,5.77,0.298,0.34,0.638,0.09300000000000003,186,51,27.42,13.82,66,17.89,31.71,30.91,24.18
593423,89,80,369,0.288,18,20.22,7,7.87,0.348,0.45,0.798,0.16200000000000003,171,45,26.32,12.2,64,17.34,29.54,28.42,13.85
657044,99,92,368,0.239,25,25.25,4,4.04,0.286,0.348,0.6339999999999999,0.10899999999999999,179,52,29.05,14.13,66,17.93,32.07,35.68,22.52
687863,83,72,367,0.306,23,27.71,9,10.84,0.378,0.639,1.017,0.333,164,39,23.78,10.63,62,16.89,27.52,26.06,20.35
670990,97,88,367,0.239,28,28.87,7,7.22,0.309,0.386,0.6950000000000001,0.14700000000000002,191,46,24.08,12.53,66,17.98,30.52,32.12,25.23
605447,104,88,365,0.295,20,19.23,11,10.58,0.375,0.534,0.909,0.23900000000000005,172,47,27.33,12.88,58,15.89,28.77,22.22,21.74
693312,97,89,365,0.247,17,17.53,7,7.22,0.299,0.382,0.681,0.135,184,57,30.98,15.62,46,12.6,28.22,33.33,16.67
621112,94,85,362,0.318,20,21.28,7,7.45,0.362,0.6,0.962,0.282,163,36,22.09,9.94,65,17.96,27.9,26.18,17.39
694462,102,90,361,0.189,23,22.55,9,8.82,0.275,0.244,0.519,0.05499999999999999,172,51,29.65,14.13,56,15.51,29.64,29.31,25.27
689690,96,80,358,0.275,18,18.75,10,10.42,0.396,0.488,0.884,0.21299999999999997,149,34,22.82,9.5,74,20.67,30.17,18.45,18.95
656730,89,81,355,0.235,26,29.21,6,6.74,0.281,0.395,0.676,0.16000000000000003,181,56,30.94,15.77,64,18.03,33.8,36.42,21.67
674841,83,73,355,0.164,16,19.28,10,12.05,0.265,0.233,0.498,0.069,137,30,21.9,8.45,63,17.75,26.2,23.03,18.18
669684,94,76,352,0.158,17,18.09,13,13.83,0.309,0.289,0.598,0.13099999999999998,159,41,25.79,11.65,56,15.91,27.56,29.67,19.77
695505,90,86,352,0.221,33,36.67,4,4.44,0.256,0.326,0.5820000000000001,0.10500000000000001,196,63,32.14,17.9,40,11.36,29.26,33.96,30.0
820862,83,70,350,0.2,22,26.51,11,13.25,0.313,0.3,0.613,0.09999999999999998,157,52,33.12,14.86,63,18.0,32.86,26.79,20.18
656240,100,88,350,0.295,15,15.0,7,7.0,0.351,0.432,0.7829999999999999,0.137,175,51,29.14,14.57,47,13.43,28.0,25.29,18.52
676661,92,84,349,0.262,11,11.96,7,7.61,0.315,0.452,0.767,0.19,159,24,15.09,6.88,63,18.05,24.93,21.57,10.58
543101,97,86,348,0.244,23,23.71,5,5.15,0.302,0.558,0.8600000000000001,0.31400000000000006,168,48,28.57,13.79,57,16.38,30.17,34.09,23.23
660787,97,84,347,0.25,18,18.56,11,11.34,0.344,0.286,0.6299999999999999,0.035999999999999976,155,34,21.94,9.8,71,20.46,30.26,29.14,20.0
670912,85,70,345,0.214,23,27.06,12,14.12,0.353,0.371,0.724,0.157,140,44,31.43,12.75,64,18.55,31.3,22.03,23.47
621237,84,77,344,0.26,24,28.57,5,5.95,0.301,0.364,0.665,0.10399999999999998,171,45,26.32,13.08,49,14.24,27.33,29.55,20.72
695445,85,77,344,0.273,22,25.88,4,4.71,0.318,0.584,0.9019999999999999,0.31099999999999994,154,36,23.38,10.47,67,19.48,29.94,22.29,20.75
676917,95,84,344,0.381,13,13.68,7,7.37,0.442,0.548,0.99,0.16700000000000004,166,40,24.1,11.63,57,16.57,28.2,31.55,15.66
643410,98,89,342,0.315,12,12.24,7,7.14,0.378,0.517,0.895,0.202,162,27,16.67,7.89,56,16.37,24.27,23.98,13.79
679358,84,73,342,0.274,20,23.81,8,9.52,0.369,0.425,0.794,0.15099999999999997,175,45,25.71,13.16,45,13.16,26.32,29.11,18.18
663399,88,79,339,0.228,13,14.77,8,9.09,0.295,0.405,0.7,0.17700000000000002,150,27,18.0,7.96,49,14.45,22.42,24.86,13.83
571946,93,85,337,0.259,24,25.81,4,4.3,0.312,0.341,0.653,0.08200000000000002,170,47,27.65,13.95,60,17.8,31.75,35.4,23.3
693313,80,72,336,0.222,16,20.0,7,8.75,0.3,0.486,0.786,0.264,135,31,22.96,9.23,65,19.35,28.57,19.05,17.02
605463,81,71,336,0.31,18,22.22,8,9.88,0.375,0.563,0.938,0.25299999999999995,148,44,29.73,13.1,58,17.26,30.36,28.65,16.22
669438,90,85,334,0.247,24,26.67,2,2.22,0.27,0.376,0.646,0.129,175,48,27.43,14.37,54,16.17,30.54,31.79,22.43
594902,88,84,334,0.226,15,17.05,4,4.55,0.261,0.333,0.5940000000000001,0.10700000000000001,165,24,14.55,7.19,58,17.37,24.55,23.84,14.02
669084,87,80,332,0.212,13,14.94,7,8.05,0.276,0.288,0.5640000000000001,0.07599999999999998,152,26,17.11,7.83,52,15.66,23.49,21.95,16.67
674444,106,98,330,0.235,16,15.09,7,6.6,0.283,0.418,0.701,0.183,173,40,23.12,12.12,54,16.36,28.48,27.74,18.39
592155,82,69,330,0.261,17,20.73,10,12.2,0.37,0.565,0.9349999999999999,0.30399999999999994,157,39,24.84,11.82,52,15.76,27.58,29.82,14.91
678020,85,74,329,0.284,24,28.24,10,11.76,0.369,0.473,0.842,0.189,155,52,33.55,15.81,47,14.29,30.09,30.54,25.0
687330,97,91,325,0.286,17,17.53,5,5.15,0.32,0.527,0.847,0.24100000000000005,145,29,20.0,8.92,68,20.92,29.85,23.74,19.54
666277,88,72,325,0.25,15,17.05,11,12.5,0.36,0.389,0.749,0.139,141,35,24.82,10.77,64,19.69,30.46,27.88,18.99
690997,84,80,323,0.225,24,28.57,3,3.57,0.262,0.4,0.662,0.17500000000000002,142,34,23.94,10.53,70,21.67,32.2,24.84,22.02
681006,79,67,321,0.328,19,24.05,11,13.92,0.43,0.463,0.893,0.135,147,38,25.85,11.84,52,16.2,28.04,29.01,18.27
592779,86,77,321,0.13,31,36.05,5,5.81,0.221,0.169,0.39,0.03900000000000001,160,59,36.88,18.38,52,16.2,34.58,31.79,31.0
471911,86,80,320,0.3,18,20.93,6,6.98,0.349,0.625,0.974,0.325,148,43,29.05,13.44,54,16.88,30.31,30.77,20.22
677161,82,74,320,0.297,24,29.27,6,7.32,0.358,0.473,0.831,0.176,147,40,27.21,12.5,57,17.81,30.31,29.94,24.0
622503,90,83,319,0.265,20,22.22,5,5.56,0.311,0.373,0.6839999999999999,0.10799999999999998,150,40,26.67,12.54,71,22.26,34.8,35.71,22.22
656557,88,81,318,0.247,15,17.05,5,5.68,0.295,0.395,0.69,0.14800000000000002,155,37,23.87,11.64,59,18.55,30.19,37.57,14.71
666661,85,75,318,0.32,17,20.0,8,9.41,0.386,0.48,0.866,0.15999999999999998,164,36,21.95,11.32,41,12.89,24.21,28.0,17.0
681869,87,79,318,0.316,16,18.39,6,6.9,0.379,0.519,0.898,0.203,139,28,20.14,8.81,67,21.07,29.87,25.33,18.82
689266,85,81,318,0.16,23,27.06,1,1.18,0.179,0.284,0.46299999999999997,0.12399999999999997,186,62,33.33,19.5,37,11.64,31.13,40.62,20.72
665871,91,78,318,0.205,12,13.19,9,9.89,0.308,0.256,0.5640000000000001,0.05100000000000002,134,24,17.91,7.55,61,19.18,26.73,22.01,15.79
519151,86,77,317,0.286,12,13.95,6,6.98,0.353,0.468,0.821,0.18200000000000005,148,26,17.57,8.2,55,17.35,25.55,25.83,14.63
669456,79,74,316,0.297,15,18.99,4,5.06,0.342,0.595,0.937,0.298,150,42,28.0,13.29,46,14.56,27.85,25.32,16.48
663423,91,82,314,0.232,12,13.19,5,5.49,0.308,0.354,0.6619999999999999,0.12199999999999997,166,34,20.48,10.83,44,14.01,24.84,29.37,11.0
669062,80,64,313,0.25,11,13.75,13,16.25,0.38,0.328,0.708,0.07800000000000001,141,39,27.66,12.46,32,10.22,22.68,24.85,14.1
689017,79,70,313,0.286,10,12.66,7,8.86,0.367,0.657,1.024,0.37100000000000005,142,23,16.2,7.35,48,15.34,22.68,22.44,10.53
700363,84,70,312,0.3,16,19.05,12,14.29,0.41,0.429,0.839,0.129,141,36,25.53,11.54,53,16.99,28.53,30.86,17.58
663671,74,64,311,0.172,18,24.32,9,12.16,0.284,0.25,0.534,0.07800000000000001,154,48,31.17,15.43,36,11.58,27.01,28.24,18.18
642585,69,58,308,0.121,28,40.58,11,15.94,0.261,0.259,0.52,0.138,135,52,38.52,16.88,46,14.94,31.82,23.21,28.28
683627,83,78,308,0.308,15,18.07,1,1.2,0.329,0.5,0.829,0.192,151,44,29.14,14.29,37,12.01,26.3,31.64,18.29
621366,75,65,308,0.338,17,22.67,7,9.33,0.405,0.615,1.02,0.27699999999999997,141,40,28.37,12.99,47,15.26,28.25,27.54,18.68
675512,84,77,305,0.182,22,26.19,5,5.95,0.241,0.312,0.5529999999999999,0.13,151,42,27.81,13.77,49,16.07,29.84,25.71,26.25
687922,81,72,304,0.306,14,17.28,7,8.64,0.358,0.569,0.9269999999999999,0.26299999999999996,160,33,20.62,10.86,41,13.49,24.34,28.28,14.89
605177,71,63,304,0.333,15,21.13,8,11.27,0.408,0.397,0.8049999999999999,0.064,147,39,26.53,12.83,44,14.47,27.3,34.68,13.64
681870,68,49,303,0.184,22,32.35,15,22.06,0.403,0.306,0.7090000000000001,0.122,138,56,40.58,18.48,39,12.87,31.35,20.89,22.0
663455,75,60,303,0.183,22,29.33,11,14.67,0.32,0.35,0.6699999999999999,0.16699999999999998,139,44,31.65,14.52,38,12.54,27.06,27.12,32.35
664192,82,76,300,0.25,15,18.29,5,6.1,0.305,0.461,0.766,0.21100000000000002,129,23,17.83,7.67,65,21.67,29.33,20.44,17.24
670059,80,69,299,0.348,10,12.5,8,10.0,0.425,0.536,0.9610000000000001,0.18800000000000006,140,34,24.29,11.37,56,18.73,30.1,33.56,10.75
678022,78,67,296,0.179,15,19.23,11,14.1,0.295,0.284,0.579,0.10499999999999998,146,52,35.62,17.57,39,13.18,30.74,32.89,16.48
664991,77,68,295,0.294,12,15.58,9,11.69,0.377,0.456,0.833,0.16200000000000003,132,30,22.73,10.17,46,15.59,25.76,25.66,15.38
690953,77,69,294,0.261,14,18.18,7,9.09,0.338,0.362,0.7,0.10099999999999998,154,39,25.32,13.27,41,13.95,27.21,32.31,15.91
595014,72,61,294,0.262,21,29.17,10,13.89,0.361,0.361,0.722,0.09899999999999998,128,33,25.78,11.22,56,19.05,30.27,32.43,23.6
669713,78,72,292,0.25,19,24.36,2,2.56,0.28,0.514,0.794,0.264,140,33,23.57,11.3,54,18.49,29.79,27.66,18.81
573186,70,60,291,0.25,10,14.29,8,11.43,0.343,0.35,0.6930000000000001,0.09999999999999998,133,26,19.55,8.93,41,14.09,23.02,26.19,10.53
667297,82,77,290,0.208,17,20.73,4,4.88,0.244,0.208,0.45199999999999996,0.0,137,27,19.71,9.31,58,20.0,29.31,33.09,20.24
620454,82,72,290,0.264,17,20.73,9,10.98,0.341,0.431,0.772,0.16699999999999998,136,29,21.32,10.0,53,18.28,28.28,33.11,20.48
642528,84,75,289,0.267,17,20.24,5,5.95,0.337,0.48,0.817,0.21299999999999997,155,40,25.81,13.84,47,16.26,30.1,43.66,19.32
687931,70,57,289,0.281,8,11.43,12,17.14,0.414,0.614,1.028,0.33299999999999996,125,28,22.4,9.69,42,14.53,24.22,25.3,9.76
681676,81,74,288,0.297,18,22.22,6,7.41,0.358,0.527,0.885,0.23000000000000004,153,45,29.41,15.62,38,13.19,28.82,35.17,24.0
685314,77,72,287,0.181,14,18.18,3,3.9,0.208,0.25,0.45799999999999996,0.069,145,39,26.9,13.59,49,17.07,30.66,33.59,16.87
655889,79,75,284,0.24,17,21.52,4,5.06,0.278,0.347,0.625,0.10699999999999998,139,36,25.9,12.68,47,16.55,29.23,35.66,25.0
681293,75,63,284,0.19,15,20.0,9,12.0,0.307,0.349,0.6559999999999999,0.15899999999999997,122,33,27.05,11.62,51,17.96,29.58,26.17,20.27
815083,73,61,284,0.262,14,19.18,9,12.33,0.356,0.443,0.7989999999999999,0.181,135,35,25.93,12.32,40,14.08,26.41,24.49,17.28
701519,68,57,283,0.211,14,20.59,6,8.82,0.284,0.404,0.688,0.19300000000000003,136,37,27.21,13.07,39,13.78,26.86,25.68,15.56
664299,75,66,283,0.212,15,20.0,8,10.67,0.293,0.348,0.641,0.13599999999999998,128,29,22.66,10.25,44,15.55,25.8,24.83,18.52
678906,67,53,282,0.245,23,34.33,12,17.91,0.403,0.358,0.761,0.11299999999999999,109,39,35.78,13.83,55,19.5,33.33,25.97,26.74
674285,83,73,280,0.384,15,18.07,9,10.84,0.458,0.63,1.088,0.246,142,38,26.76,13.57,37,13.21,26.79,30.94,19.74
656464,72,61,277,0.328,13,18.06,9,12.5,0.403,0.426,0.829,0.09799999999999998,132,37,28.03,13.36,34,12.27,25.63,28.76,16.88
679775,74,63,277,0.365,12,16.22,4,5.41,0.417,0.571,0.988,0.20599999999999996,129,27,20.93,9.75,48,17.33,27.08,23.39,15.38
687377,69,59,276,0.271,15,21.74,8,11.59,0.362,0.525,0.887,0.254,137,33,24.09,11.96,42,15.22,27.17,34.72,17.05
702674,76,65,276,0.277,13,17.11,8,10.53,0.36,0.523,0.883,0.246,120,29,24.17,10.51,51,18.48,28.99,23.57,18.57
668716,67,53,276,0.358,14,20.9,13,19.4,0.493,0.472,0.965,0.11399999999999999,105,27,25.71,9.78,64,23.19,32.97,27.52,15.56
670329,71,69,275,0.275,15,21.13,2,2.82,0.296,0.391,0.687,0.11599999999999999,138,38,27.54,13.82,43,15.64,29.45,29.01,17.65
669308,69,60,274,0.2,13,18.84,7,10.14,0.304,0.317,0.621,0.11699999999999999,119,29,24.37,10.58,41,14.96,25.55,18.75,16.67
669422,71,66,273,0.242,15,21.13,3,4.23,0.282,0.409,0.691,0.16699999999999998,140,31,22.14,11.36,41,15.02,26.37,31.3,16.67
672335,67,53,272,0.358,12,17.91,12,17.91,0.478,0.604,1.0819999999999999,0.246,114,28,24.56,10.29,43,15.81,26.1,22.38,16.44
676092,66,59,271,0.237,13,19.7,4,6.06,0.281,0.39,0.671,0.15300000000000002,148,35,23.65,12.92,36,13.28,26.2,30.95,12.26
657424,65,58,270,0.345,14,21.54,7,10.77,0.415,0.414,0.829,0.069,125,29,23.2,10.74,45,16.67,27.41,29.5,15.22
548384,66,62,269,0.177,15,22.73,3,4.55,0.227,0.242,0.469,0.065,123,21,17.07,7.81,57,21.19,29.0,27.69,18.52
593576,58,47,266,0.298,15,25.86,8,13.79,0.404,0.532,0.936,0.23400000000000004,123,31,25.2,11.65,32,12.03,23.68,29.14,17.95
686580,77,73,265,0.233,15,19.48,3,3.9,0.26,0.356,0.616,0.12299999999999997,147,48,32.65,18.11,30,11.32,29.43,31.4,24.19
595928,78,75,265,0.267,10,12.82,2,2.56,0.286,0.453,0.739,0.186,130,23,17.69,8.68,36,13.58,22.26,25.2,15.38
691799,68,63,265,0.317,25,36.76,3,4.41,0.343,0.349,0.692,0.03199999999999997,149,54,36.24,20.38,36,13.58,33.96,36.52,25.77
606303,69,63,265,0.206,15,21.74,4,5.8,0.261,0.317,0.5780000000000001,0.11100000000000002,113,26,23.01,9.81,54,20.38,30.19,24.24,20.27
805123,66,59,264,0.169,16,24.24,7,10.61,0.258,0.339,0.597,0.17,123,37,30.08,14.02,40,15.15,29.17,36.43,17.39
701487,58,54,260,0.352,15,25.86,4,6.9,0.397,0.63,1.0270000000000001,0.278,135,34,25.19,13.08,34,13.08,26.15,29.46,14.56
688642,71,61,258,0.23,8,11.27,8,11.27,0.314,0.459,0.773,0.229,129,34,26.36,13.18,26,10.08,23.26,27.21,10.29
686930,62,54,255,0.315,13,20.97,6,9.68,0.387,0.574,0.961,0.25899999999999995,126,34,26.98,13.33,38,14.9,28.24,29.03,14.44
664062,64,59,254,0.203,24,37.5,5,7.81,0.266,0.458,0.724,0.255,122,41,33.61,16.14,40,15.75,31.89,26.4,29.63
677955,68,61,250,0.213,18,26.47,5,7.35,0.279,0.344,0.623,0.13099999999999998,129,41,31.78,16.4,38,15.2,31.6,36.72,24.32
669704,68,56,250,0.179,11,16.18,11,16.18,0.324,0.232,0.556,0.05300000000000002,118,27,22.88,10.8,35,14.0,24.8,27.91,16.92
680735,60,56,249,0.357,16,26.67,3,5.0,0.383,0.661,1.044,0.30400000000000005,119,23,19.33,9.24,41,16.47,25.7,26.83,19.05
621199,64,60,248,0.35,10,15.62,3,4.69,0.391,0.55,0.9410000000000001,0.20000000000000007,111,16,14.41,6.45,46,18.55,25.0,28.69,14.93
688297,65,55,248,0.291,8,12.31,7,10.77,0.365,0.509,0.874,0.21800000000000003,113,22,19.47,8.87,41,16.53,25.4,22.5,11.76
664141,58,52,247,0.212,12,20.69,5,8.62,0.293,0.269,0.562,0.05700000000000002,110,28,25.45,11.34,47,19.03,30.36,28.03,15.38
680684,69,61,246,0.344,9,13.04,7,10.14,0.406,0.705,1.111,0.361,102,21,20.59,8.54,47,19.11,27.64,22.31,14.75
641672,61,54,245,0.241,10,16.39,7,11.48,0.328,0.426,0.754,0.185,115,26,22.61,10.61,28,11.43,22.04,23.66,14.08
668820,67,64,244,0.25,9,13.43,2,2.99,0.269,0.312,0.581,0.062,143,34,23.78,13.93,25,10.25,24.18,31.0,13.04
808963,69,62,244,0.242,11,15.94,5,7.25,0.319,0.435,0.754,0.193,110,20,18.18,8.2,46,18.85,27.05,23.15,20.0
801139,59,52,244,0.269,16,27.12,6,10.17,0.339,0.538,0.877,0.269,131,40,30.53,16.39,24,9.84,26.23,19.81,21.62
813349,57,54,239,0.259,16,28.07,3,5.26,0.298,0.278,0.5760000000000001,0.019000000000000017,125,35,28.0,14.64,27,11.3,25.94,37.21,21.05
685326,63,56,239,0.232,14,22.22,6,9.52,0.302,0.464,0.766,0.232,110,34,30.91,14.23,44,18.41,32.64,29.41,19.72
605154,63,54,239,0.333,10,15.87,5,7.94,0.403,0.537,0.9400000000000001,0.20400000000000001,122,24,19.67,10.04,41,17.15,27.2,27.72,12.82
676571,67,56,236,0.25,12,17.91,7,10.45,0.343,0.268,0.611,0.018000000000000016,114,27,23.68,11.44,35,14.83,26.27,30.65,19.67
663372,67,64,232,0.25,12,17.91,2,2.99,0.269,0.406,0.675,0.15600000000000003,116,31,26.72,13.36,37,15.95,29.31,31.86,19.35
656186,54,42,229,0.238,5,9.26,9,16.67,0.396,0.31,0.706,0.07200000000000001,89,12,13.48,5.24,40,17.47,22.71,20.17,7.81
682825,55,45,228,0.244,10,18.18,8,14.55,0.364,0.467,0.831,0.22300000000000003,87,20,22.99,8.77,43,18.86,27.63,21.49,17.54
518489,63,59,228,0.254,10,15.87,2,3.17,0.27,0.373,0.643,0.119,119,26,21.85,11.4,32,14.04,25.44,31.78,15.25
678821,55,43,225,0.302,11,20.0,10,18.18,0.436,0.628,1.064,0.326,97,19,19.59,8.44,35,15.56,24.0,19.33,13.58
687396,52,47,225,0.17,18,34.62,5,9.62,0.25,0.234,0.484,0.064,122,40,32.79,17.78,31,13.78,31.56,36.04,22.78
690925,53,44,223,0.136,20,37.74,7,13.21,0.25,0.136,0.386,0.0,109,46,42.2,20.63,32,14.35,34.98,27.1,27.03
608334,58,53,222,0.245,8,13.79,3,5.17,0.281,0.377,0.658,0.132,103,20,19.42,9.01,32,14.41,23.42,29.91,13.11
687830,63,57,221,0.368,7,11.11,3,4.76,0.413,0.807,1.22,0.43900000000000006,119,24,20.17,10.86,35,15.84,26.7,34.78,9.59
687362,58,51,220,0.314,7,12.07,5,8.62,0.386,0.51,0.896,0.196,105,21,20.0,9.55,35,15.91,25.45,28.18,10.0
701552,54,47,219,0.213,10,18.52,5,9.26,0.302,0.489,0.7909999999999999,0.276,107,33,30.84,15.07,28,12.79,27.85,27.83,16.39
694350,58,53,219,0.34,10,17.24,3,5.17,0.397,0.623,1.02,0.283,107,17,15.89,7.76,32,14.61,22.37,31.3,16.13
680880,60,54,217,0.296,10,16.67,5,8.33,0.367,0.444,0.8109999999999999,0.14800000000000002,97,30,30.93,13.82,33,15.21,29.03,28.8,19.61
800049,59,53,216,0.245,10,16.95,5,8.47,0.305,0.321,0.626,0.07600000000000001,107,24,22.43,11.11,38,17.59,28.7,30.0,15.15
660730,59,52,212,0.327,10,16.95,6,10.17,0.407,0.769,1.176,0.442,85,16,18.82,7.55,42,19.81,27.36,23.76,22.73
664139,61,58,212,0.293,10,16.39,2,3.28,0.311,0.517,0.8280000000000001,0.22400000000000003,108,18,16.67,8.49,34,16.04,24.53,30.93,17.86
683175,57,50,212,0.1,18,31.58,5,8.77,0.193,0.18,0.373,0.07999999999999999,91,33,36.26,15.57,40,18.87,34.43,27.83,31.03
621139,47,36,212,0.222,10,21.28,11,23.4,0.404,0.417,0.821,0.19499999999999998,83,21,25.3,9.91,36,16.98,26.89,22.73,13.7
671109,47,39,212,0.282,10,21.28,8,17.02,0.404,0.436,0.8400000000000001,0.15400000000000003,99,26,26.26,12.26,27,12.74,25.0,22.0,16.39
664747,54,45,211,0.178,13,24.07,5,9.26,0.315,0.422,0.737,0.244,98,27,27.55,12.8,30,14.22,27.01,25.23,21.67
696149,63,58,210,0.259,15,23.81,2,3.17,0.317,0.362,0.679,0.10299999999999998,111,29,26.13,13.81,33,15.71,29.52,36.45,28.3
608717,55,50,209,0.36,11,20.0,4,7.27,0.4,0.74,1.1400000000000001,0.38,102,31,30.39,14.83,28,13.4,28.23,26.42,20.37
689225,53,45,208,0.333,8,15.09,6,11.32,0.404,0.733,1.137,0.39999999999999997,97,18,18.56,8.65,23,11.06,19.71,20.35,16.0
685107,50,42,207,0.262,9,18.0,7,14.0,0.36,0.476,0.836,0.21399999999999997,94,18,19.15,8.7,30,14.49,23.19,21.15,15.0
614179,51,42,205,0.357,7,13.73,8,15.69,0.46,0.595,1.055,0.238,102,23,22.55,11.22,24,11.71,22.93,25.71,10.45
686826,47,40,201,0.3,12,25.53,5,10.64,0.391,0.625,1.016,0.325,79,19,24.05,9.45,38,18.91,28.36,23.4,20.34
608665,51,46,201,0.348,7,13.73,4,7.84,0.4,0.587,0.987,0.239,88,26,29.55,12.94,29,14.43,27.36,30.08,14.58
663542,46,35,200,0.2,15,32.61,8,17.39,0.378,0.257,0.635,0.056999999999999995,79,28,35.44,14.0,36,18.0,32.0,23.0,25.42
663795,50,47,199,0.17,15,30.0,2,4.0,0.22,0.277,0.497,0.10700000000000001,97,34,35.05,17.09,26,13.07,30.15,26.42,28.85
666711,53,48,199,0.104,14,26.42,4,7.55,0.173,0.125,0.298,0.021000000000000005,90,25,27.78,12.56,36,18.09,30.65,22.34,21.88
694363,53,48,197,0.396,10,18.87,4,7.55,0.453,0.562,1.0150000000000001,0.16600000000000004,96,26,27.08,13.2,28,14.21,27.41,31.96,18.52
642121,45,42,195,0.262,10,22.22,3,6.67,0.311,0.31,0.621,0.04799999999999999,107,31,28.97,15.9,26,13.33,29.23,40.38,14.29
694918,47,41,194,0.366,6,12.77,5,10.64,0.447,0.561,1.008,0.19500000000000006,90,20,22.22,10.31,36,18.56,28.87,26.6,9.84
676702,49,43,193,0.209,8,16.33,4,8.16,0.286,0.372,0.6579999999999999,0.163,97,18,18.56,9.33,27,13.99,23.32,24.44,12.7
691951,48,38,192,0.368,7,14.58,5,10.42,0.479,0.605,1.084,0.237,86,19,22.09,9.9,26,13.54,23.44,27.36,13.73
687606,53,50,192,0.28,12,22.64,1,1.89,0.302,0.56,0.8620000000000001,0.28,95,31,32.63,16.15,31,16.15,32.29,29.29,21.05
804636,47,41,191,0.366,12,25.53,5,10.64,0.435,0.659,1.094,0.29300000000000004,86,21,24.42,10.99,38,19.9,30.89,23.86,19.05
519326,48,42,190,0.238,9,18.75,5,10.42,0.312,0.429,0.741,0.191,96,24,25.0,12.63,27,14.21,26.84,28.05,16.07
680694,53,51,190,0.157,21,39.62,1,1.89,0.189,0.216,0.405,0.059,92,36,39.13,18.95,41,21.58,40.53,37.78,32.26
641540,49,43,189,0.349,10,20.41,2,4.08,0.408,0.674,1.082,0.32500000000000007,83,18,21.69,9.52,31,16.4,25.93,27.45,18.87
605347,53,49,189,0.245,11,20.75,1,1.89,0.264,0.306,0.5700000000000001,0.061,100,21,21.0,11.11,35,18.52,29.63,37.5,19.64
683618,54,50,188,0.24,11,20.37,4,7.41,0.296,0.26,0.556,0.020000000000000018,95,30,31.58,15.96,24,12.77,28.72,30.85,21.15
543859,49,40,183,0.125,9,18.37,6,12.24,0.271,0.15,0.42100000000000004,0.024999999999999994,82,17,20.73,9.29,34,18.58,27.87,28.41,16.36
692285,43,35,180,0.086,8,18.6,8,18.6,0.256,0.114,0.37,0.02800000000000001,79,24,30.38,13.33,22,12.22,25.56,22.55,16.33
696270,47,44,179,0.318,14,29.79,3,6.38,0.362,0.386,0.748,0.068,78,29,37.18,16.2,38,21.23,37.43,23.75,28.0
641835,47,41,178,0.293,6,12.77,3,6.38,0.362,0.512,0.874,0.21900000000000003,81,16,19.75,8.99,31,17.42,26.4,25.84,10.91
681867,50,45,177,0.311,6,12.0,4,8.0,0.36,0.533,0.893,0.22200000000000003,80,16,20.0,9.04,31,17.51,26.55,31.63,11.11
688497,41,35,176,0.343,12,29.27,6,14.63,0.439,0.429,0.868,0.08599999999999997,70,19,27.14,10.8,36,20.45,31.25,19.54,24.0
656686,46,38,175,0.342,13,28.26,5,10.87,0.432,0.605,1.037,0.26299999999999996,83,30,36.14,17.14,26,14.86,32.0,27.27,25.0
554340,46,39,174,0.179,14,30.43,6,13.04,0.304,0.256,0.56,0.07700000000000001,77,27,35.06,15.52,33,18.97,34.48,27.38,25.45
805299,39,33,174,0.333,9,23.08,5,12.82,0.436,0.364,0.8,0.030999999999999972,80,17,21.25,9.77,26,14.94,24.71,23.33,15.25
657006,51,49,173,0.265,11,21.57,2,3.92,0.294,0.49,0.784,0.22499999999999998,97,14,14.43,8.09,33,19.08,27.17,40.28,20.37
608371,44,35,172,0.229,10,22.73,7,15.91,0.386,0.343,0.7290000000000001,0.11400000000000002,71,28,39.44,16.28,26,15.12,31.4,23.96,23.81
657240,45,39,172,0.308,5,11.11,5,11.11,0.378,0.487,0.865,0.179,77,10,12.99,5.81,32,18.6,24.42,28.41,10.2
696147,53,49,169,0.265,10,18.87,2,3.77,0.308,0.306,0.614,0.04099999999999998,86,28,32.56,16.57,33,19.53,36.09,38.36,23.81
686642,39,31,168,0.161,12,30.77,7,17.95,0.333,0.258,0.591,0.097,75,23,30.67,13.69,26,15.48,29.17,25.27,21.05
681168,45,41,167,0.268,11,24.44,4,8.89,0.333,0.537,0.8700000000000001,0.269,71,13,18.31,7.78,33,19.76,27.54,23.68,24.44
800311,39,33,167,0.394,9,23.08,3,7.69,0.462,0.667,1.129,0.273,77,19,24.68,11.38,27,16.17,27.54,26.58,14.52
682274,44,41,165,0.195,9,20.45,3,6.82,0.25,0.268,0.518,0.07300000000000001,93,27,29.03,16.36,15,9.09,25.45,37.5,21.95
681895,44,40,164,0.275,11,25.0,3,6.82,0.341,0.45,0.791,0.175,71,16,22.54,9.76,33,20.12,29.88,25.97,28.21
682171,44,40,163,0.35,7,15.91,4,9.09,0.409,0.575,0.984,0.22499999999999998,73,18,24.66,11.04,29,17.79,28.83,32.18,21.21
656848,42,38,163,0.263,9,21.43,3,7.14,0.317,0.316,0.633,0.05299999999999999,75,16,21.33,9.82,28,17.18,26.99,28.92,18.37
502085,42,38,162,0.211,12,28.57,4,9.52,0.286,0.447,0.733,0.23600000000000002,66,17,25.76,10.49,34,20.99,31.48,27.91,30.77
676604,36,34,162,0.294,11,30.56,1,2.78,0.306,0.588,0.8939999999999999,0.294,78,15,19.23,9.26,34,20.99,30.25,36.76,16.67
682790,37,32,161,0.156,13,35.14,4,10.81,0.243,0.188,0.431,0.032,72,23,31.94,14.29,29,18.01,32.3,20.55,26.0
664294,38,35,160,0.257,10,26.32,2,5.26,0.297,0.457,0.754,0.2,76,25,32.89,15.62,30,18.75,34.38,27.5,18.0
622786,45,42,160,0.31,6,13.33,2,4.44,0.341,0.429,0.77,0.119,77,12,15.58,7.5,34,21.25,28.75,35.06,13.33
660761,43,37,157,0.27,5,11.63,6,13.95,0.372,0.27,0.642,0.0,69,18,26.09,11.46,22,14.01,25.48,24.14,14.71
519008,44,41,157,0.366,2,4.55,2,4.55,0.386,0.634,1.02,0.268,72,8,11.11,5.1,28,17.83,22.93,25.64,5.71
691251,48,42,155,0.476,4,8.33,3,6.25,0.511,0.714,1.225,0.238,80,8,10.0,5.16,23,14.84,20.0,24.59,9.76
680704,38,33,154,0.242,7,18.42,4,10.53,0.342,0.455,0.797,0.21300000000000002,66,23,34.85,14.94,24,15.58,30.52,31.33,17.07
596271,47,45,154,0.356,4,8.51,1,2.13,0.383,0.533,0.916,0.17700000000000005,74,12,16.22,7.79,32,20.78,28.57,28.57,10.81
606965,40,35,154,0.2,11,27.5,3,7.5,0.3,0.343,0.643,0.14300000000000002,66,18,27.27,11.69,29,18.83,30.52,24.05,25.58
642239,42,33,153,0.212,5,11.9,7,16.67,0.357,0.424,0.7809999999999999,0.212,62,12,19.35,7.84,24,15.69,23.53,15.15,15.15
518397,42,36,152,0.306,3,7.14,5,11.9,0.405,0.667,1.072,0.36100000000000004,64,12,18.75,7.89,22,14.47,22.37,19.75,7.89
664875,39,37,151,0.162,14,35.9,2,5.13,0.205,0.189,0.394,0.026999999999999996,57,15,26.32,9.93,35,23.18,33.11,25.33,35.14
521230,36,29,150,0.207,8,22.22,6,16.67,0.343,0.31,0.653,0.10300000000000001,64,22,34.38,14.67,21,14.0,28.67,28.42,18.18
502043,38,34,150,0.353,8,21.05,3,7.89,0.395,0.794,1.189,0.44100000000000006,64,17,26.56,11.33,24,16.0,27.33,30.93,18.6
642016,32,25,150,0.36,9,28.12,7,21.88,0.5,0.72,1.22,0.36,61,19,31.15,12.67,25,16.67,29.33,16.67,16.67
663878,40,34,149,0.353,5,12.5,5,12.5,0.45,0.412,0.862,0.059,71,19,26.76,12.75,24,16.11,28.86,30.99,13.16
686228,43,37,148,0.27,10,23.26,6,13.95,0.372,0.486,0.858,0.21599999999999997,68,19,27.94,12.84,24,16.22,29.05,30.0,23.68
489119,39,32,148,0.406,5,12.82,6,15.38,0.513,0.75,1.263,0.344,52,7,13.46,4.73,29,19.59,24.32,17.07,13.89
674384,34,24,146,0.208,6,17.65,6,17.65,0.394,0.333,0.7270000000000001,0.12500000000000003,64,23,35.94,15.75,19,13.01,28.77,28.95,13.33
663321,34,27,146,0.259,5,14.71,7,20.59,0.412,0.481,0.893,0.22199999999999998,65,22,33.85,15.07,15,10.27,25.34,27.47,14.29
701656,39,37,145,0.216,15,38.46,2,5.13,0.256,0.216,0.472,0.0,79,18,22.78,12.41,24,16.55,28.97,38.81,30.0
623149,40,37,145,0.216,9,22.5,2,5.0,0.25,0.432,0.6819999999999999,0.216,72,20,27.78,13.79,28,19.31,33.1,32.73,21.43
594580,34,29,145,0.31,4,11.76,5,14.71,0.412,0.621,1.033,0.311,57,12,21.05,8.28,25,17.24,25.52,23.17,9.09
687075,42,35,144,0.2,8,19.05,6,14.29,0.31,0.257,0.567,0.056999999999999995,66,10,15.15,6.94,26,18.06,25.0,31.34,22.86
685801,35,31,142,0.226,6,17.14,3,8.57,0.314,0.516,0.8300000000000001,0.29000000000000004,71,19,26.76,13.38,17,11.97,25.35,22.67,11.76
663562,37,32,142,0.344,11,29.73,3,8.11,0.432,0.469,0.901,0.125,53,14,26.42,9.86,35,24.65,34.51,30.99,25.0
694851,37,32,141,0.312,9,24.32,5,13.51,0.405,0.531,0.936,0.21900000000000003,72,24,33.33,17.02,17,12.06,29.08,26.09,21.95
663546,39,34,141,0.265,8,20.51,3,7.69,0.316,0.412,0.728,0.14699999999999996,59,16,27.12,11.35,36,25.53,36.88,30.99,17.78
543518,36,35,140,0.314,5,13.89,1,2.78,0.333,0.686,1.0190000000000001,0.37200000000000005,72,20,27.78,14.29,18,12.86,27.14,26.76,10.42
666120,35,30,139,0.4,6,17.14,5,14.29,0.486,0.667,1.153,0.267,53,12,22.64,8.63,20,14.39,23.02,20.27,17.14
669620,39,32,139,0.281,4,10.26,7,17.95,0.41,0.344,0.754,0.06299999999999994,65,10,15.38,7.19,20,14.39,21.58,22.58,11.11
694361,30,22,138,0.364,7,23.33,7,23.33,0.533,0.455,0.988,0.09100000000000003,57,9,15.79,6.52,19,13.77,20.29,22.78,14.0
623433,34,32,137,0.375,6,17.65,1,2.94,0.394,0.656,1.05,0.281,71,11,15.49,8.03,23,16.79,24.82,23.21,11.11
696136,42,40,135,0.325,11,26.19,1,2.38,0.341,0.525,0.8660000000000001,0.2,79,24,30.38,17.78,19,14.07,31.85,37.29,37.93
681217,31,28,135,0.179,10,32.26,2,6.45,0.226,0.214,0.44,0.035,73,26,35.62,19.26,15,11.11,30.37,43.21,23.26
682989,36,29,134,0.276,6,16.67,4,11.11,0.389,0.414,0.8029999999999999,0.13799999999999996,58,12,20.69,8.96,23,17.16,26.12,30.56,15.0
702795,39,33,133,0.364,3,7.69,4,10.26,0.436,0.667,1.103,0.30300000000000005,65,9,13.85,6.77,20,15.04,21.8,21.31,11.54
682610,31,24,132,0.25,8,25.81,7,22.58,0.419,0.583,1.002,0.33299999999999996,61,22,36.07,16.67,20,15.15,31.82,24.66,17.78
518886,29,26,131,0.192,11,37.93,3,10.34,0.276,0.192,0.468,0.0,49,14,28.57,10.69,24,18.32,29.01,16.18,29.73
448179,32,26,131,0.308,2,6.25,6,18.75,0.438,0.538,0.976,0.23000000000000004,52,8,15.38,6.11,27,20.61,26.72,22.73,5.26
669330,35,35,131,0.143,7,20.0,0,0.0,0.143,0.2,0.34299999999999997,0.05700000000000002,80,19,23.75,14.5,16,12.21,26.72,35.19,14.89
669721,31,23,129,0.261,7,22.58,5,16.13,0.387,0.478,0.865,0.21699999999999997,59,12,20.34,9.3,17,13.18,22.48,25.37,20.0
802419,33,28,129,0.357,2,6.06,5,15.15,0.455,0.679,1.1340000000000001,0.32200000000000006,62,9,14.52,6.98,17,13.18,20.16,23.88,4.08
592351,35,30,128,0.267,8,22.86,5,14.29,0.371,0.6,0.971,0.33299999999999996,61,14,22.95,10.94,19,14.84,25.78,24.24,24.24
600917,26,25,127,0.36,5,19.23,1,3.85,0.385,0.76,1.145,0.4,60,19,31.67,14.96,17,13.39,28.35,31.08,11.11
686790,36,36,127,0.167,10,27.78,0,0.0,0.167,0.278,0.44500000000000006,0.11100000000000002,66,21,31.82,16.54,27,21.26,37.8,46.67,29.41
679883,31,26,126,0.192,9,29.03,4,12.9,0.29,0.269,0.5589999999999999,0.07700000000000001,58,17,29.31,13.49,16,12.7,26.19,23.44,23.68
666168,33,29,125,0.31,5,15.15,4,12.12,0.394,0.448,0.8420000000000001,0.138,52,7,13.46,5.6,21,16.8,22.4,20.97,20.0
686730,29,26,124,0.192,9,31.03,1,3.45,0.214,0.538,0.752,0.34600000000000003,58,16,27.59,12.9,20,16.13,29.03,33.33,25.71
656629,31,24,124,0.25,7,22.58,7,22.58,0.419,0.25,0.669,0.0,50,14,28.0,11.29,24,19.35,30.65,19.67,17.95
621345,26,22,122,0.136,9,34.62,4,15.38,0.269,0.136,0.405,0.0,44,17,38.64,13.93,24,19.67,33.61,19.72,25.71
690544,24,21,121,0.143,6,25.0,3,12.5,0.25,0.143,0.393,0.0,62,14,22.58,11.57,20,16.53,28.1,18.37,13.95
670174,32,27,121,0.185,5,15.62,3,9.38,0.281,0.222,0.503,0.037000000000000005,60,17,28.33,14.05,16,13.22,27.27,30.3,12.5
692230,28,22,120,0.318,5,17.86,6,21.43,0.464,0.545,1.0090000000000001,0.22700000000000004,52,10,19.23,8.33,19,15.83,24.17,18.03,10.87
622379,28,21,119,0.333,5,17.86,6,21.43,0.481,0.333,0.8140000000000001,0.0,52,11,21.15,9.24,16,13.45,22.69,30.56,13.16
665625,28,24,119,0.25,3,10.71,3,10.71,0.357,0.417,0.774,0.16699999999999998,54,15,27.78,12.61,18,15.13,27.73,35.82,8.57
643361,31,27,118,0.185,3,9.68,3,9.68,0.258,0.296,0.554,0.11099999999999999,60,3,5.0,2.54,19,16.1,18.64,29.41,8.11
664351,29,25,117,0.16,7,24.14,4,13.79,0.276,0.44,0.716,0.28,56,18,32.14,15.38,16,13.68,29.06,23.81,25.0
695534,27,20,117,0.6,3,11.11,6,22.22,0.704,1.2,1.904,0.6,50,15,30.0,12.82,15,12.82,25.64,23.19,6.98
687849,34,31,117,0.226,6,17.65,2,5.88,0.294,0.258,0.552,0.032,55,13,23.64,11.11,19,16.24,27.35,18.52,17.65
680729,31,26,116,0.346,2,6.45,4,12.9,0.452,0.615,1.067,0.269,45,9,20.0,7.76,17,14.66,22.41,17.46,8.33
641312,30,29,115,0.414,5,16.67,1,3.33,0.433,0.724,1.157,0.31,61,13,21.31,11.3,17,14.78,26.09,29.41,13.89
573009,32,29,115,0.483,4,12.5,2,6.25,0.531,0.621,1.1520000000000001,0.138,51,12,23.53,10.43,22,19.13,29.57,35.59,15.38
663804,28,24,114,0.25,6,21.43,4,14.29,0.357,0.5,0.857,0.25,55,16,29.09,14.04,12,10.53,24.56,27.27,16.67
663992,28,23,114,0.304,7,25.0,3,10.71,0.393,0.783,1.1760000000000002,0.47900000000000004,57,16,28.07,14.04,18,15.79,29.82,33.93,18.42
687209,28,25,114,0.32,6,21.43,3,10.71,0.393,0.72,1.113,0.39999999999999997,47,15,31.91,13.16,19,16.67,29.82,16.67,24.0
628317,27,19,113,0.263,4,14.81,4,14.81,0.462,0.368,0.8300000000000001,0.10499999999999998,47,12,25.53,10.62,16,14.16,24.78,23.44,13.79
699911,29,23,110,0.391,2,6.9,5,17.24,0.5,0.609,1.109,0.21799999999999997,43,7,16.28,6.36,22,20.0,26.36,11.32,5.88
676760,30,27,109,0.148,9,30.0,2,6.67,0.2,0.148,0.348,0.0,65,18,27.69,16.51,15,13.76,30.28,53.7,20.0
678215,28,27,107,0.37,6,21.43,1,3.57,0.393,0.519,0.912,0.14900000000000002,49,10,20.41,9.35,20,18.69,28.04,11.63,20.69
621363,24,13,107,0.308,4,16.67,9,37.5,0.542,0.462,1.004,0.15400000000000003,35,9,25.71,8.41,20,18.69,27.1,18.03,14.29
641386,29,27,106,0.296,2,6.9,1,3.45,0.31,0.741,1.051,0.445,58,10,17.24,9.43,15,14.15,23.58,33.96,6.45
701121,28,24,106,0.292,5,17.86,3,10.71,0.393,0.583,0.976,0.291,42,6,14.29,5.66,22,20.75,26.42,24.14,20.83
666659,26,24,105,0.333,7,26.92,1,3.85,0.385,0.375,0.76,0.04199999999999998,54,18,33.33,17.14,13,12.38,29.52,32.73,20.59
642048,33,29,105,0.379,4,12.12,3,9.09,0.455,0.552,1.0070000000000001,0.17300000000000004,47,13,27.66,12.38,20,19.05,31.43,26.0,23.53
679885,30,24,105,0.208,6,20.0,3,10.0,0.367,0.375,0.742,0.167,44,14,31.82,13.33,14,13.33,26.67,22.0,33.33
672710,26,24,104,0.333,3,11.54,1,3.85,0.385,0.625,1.01,0.292,51,11,21.57,10.58,15,14.42,25.0,21.57,8.11
671111,34,29,104,0.345,2,5.88,4,11.76,0.412,0.448,0.86,0.10300000000000004,48,7,14.58,6.73,18,17.31,24.04,30.77,8.7
669947,25,22,104,0.273,8,32.0,2,8.0,0.32,0.409,0.729,0.13599999999999995,54,20,37.04,19.23,15,14.42,33.65,32.73,25.0
445926,26,25,103,0.28,5,19.23,1,3.85,0.308,0.64,0.948,0.36,48,6,12.5,5.83,19,18.45,24.27,15.22,14.71
702056,27,24,102,0.333,5,18.52,3,11.11,0.407,0.375,0.782,0.04199999999999998,49,13,26.53,12.75,16,15.69,28.43,33.33,14.71
681916,30,23,102,0.217,3,10.0,5,16.67,0.4,0.261,0.661,0.04400000000000001,50,15,30.0,14.71,12,11.76,26.47,23.08,12.5
690382,29,22,101,0.364,2,6.9,4,13.79,0.448,0.409,0.857,0.044999999999999984,42,11,26.19,10.89,14,13.86,24.75,24.14,8.0
684974,25,20,101,0.25,5,20.0,4,16.0,0.375,0.45,0.825,0.2,45,9,20.0,8.91,14,13.86,22.77,24.53,18.52
687424,25,23,101,0.391,6,24.0,2,8.0,0.44,0.913,1.353,0.522,47,16,34.04,15.84,13,12.87,28.71,34.43,25.0
683155,30,26,100,0.462,3,10.0,1,3.33,0.467,0.923,1.3900000000000001,0.461,56,9,16.07,9.0,11,11.0,20.0,35.56,14.29
694646,27,18,100,0.389,4,14.81,6,22.22,0.538,0.5,1.038,0.11099999999999999,31,7,22.58,7.0,17,17.0,24.0,16.39,23.53
691594,35,32,100,0.438,0,0.0,3,8.57,0.486,0.875,1.361,0.437,50,4,8.0,4.0,13,13.0,17.0,29.09,0.0
668970,25,20,100,0.25,6,24.0,5,20.0,0.4,0.25,0.65,0.0,38,10,26.32,10.0,20,20.0,30.0,28.85,21.43
663432,23,14,99,0.286,6,26.09,7,30.43,0.5,0.286,0.786,0.0,45,18,40.0,18.18,11,11.11,29.29,25.45,18.18
676742,23,19,98,0.368,2,8.7,4,17.39,0.478,0.579,1.057,0.21099999999999997,43,11,25.58,11.22,17,17.35,28.57,30.19,6.45
681151,28,26,98,0.269,6,21.43,2,7.14,0.321,0.269,0.5900000000000001,0.0,43,12,27.91,12.24,20,20.41,32.65,12.5,24.0
640462,22,19,98,0.263,6,27.27,2,9.09,0.364,0.526,0.89,0.263,53,12,22.64,12.24,13,13.27,25.51,37.78,17.14
676775,23,22,97,0.273,4,17.39,1,4.35,0.304,0.409,0.713,0.13599999999999995,52,13,25.0,13.4,15,15.46,28.87,31.25,13.79
664123,30,29,96,0.31,6,20.0,1,3.33,0.333,0.621,0.954,0.311,49,8,16.33,8.33,20,20.83,29.17,38.1,20.69
544150,25,23,95,0.217,7,28.0,1,4.0,0.24,0.348,0.588,0.13099999999999998,44,14,31.82,14.74,15,15.79,30.53,29.41,23.08
668834,25,22,95,0.227,5,20.0,2,8.0,0.28,0.227,0.507,0.0,51,10,19.61,10.53,19,20.0,30.53,36.36,13.89
596112,26,23,94,0.217,7,26.92,3,11.54,0.308,0.348,0.6559999999999999,0.13099999999999998,46,17,36.96,18.09,15,15.96,34.04,38.3,26.09
666215,29,26,91,0.462,1,3.45,2,6.9,0.483,0.923,1.4060000000000001,0.461,40,1,2.5,1.1,20,21.98,23.08,20.51,5.56
673380,22,22,90,0.182,8,36.36,0,0.0,0.182,0.318,0.5,0.136,54,19,35.19,21.11,13,14.44,35.56,35.29,27.59
681882,26,25,88,0.2,6,23.08,1,3.85,0.231,0.24,0.471,0.03999999999999998,44,18,40.91,20.45,16,18.18,38.64,40.54,27.27
677865,29,26,88,0.385,7,24.14,3,10.34,0.448,0.462,0.91,0.07700000000000001,36,8,22.22,9.09,25,28.41,37.5,37.5,26.92
691172,18,13,88,0.231,3,16.67,4,22.22,0.412,0.231,0.643,0.0,39,8,20.51,9.09,14,15.91,25.0,27.66,10.71
593833,20,16,88,0.188,7,35.0,4,20.0,0.35,0.562,0.912,0.37400000000000005,41,13,31.71,14.77,14,15.91,30.68,34.0,23.33
686751,28,28,87,0.25,7,25.0,0,0.0,0.25,0.429,0.679,0.179,54,17,31.48,19.54,11,12.64,32.18,31.43,35.0
666619,22,18,87,0.278,0,0.0,3,13.64,0.381,0.333,0.714,0.05499999999999999,39,6,15.38,6.9,11,12.64,19.54,14.63,0.0
664849,20,17,86,0.294,5,25.0,1,5.0,0.368,0.294,0.6619999999999999,0.0,32,10,31.25,11.63,19,22.09,33.72,23.4,20.83
671305,20,17,86,0.412,4,20.0,3,15.0,0.5,0.941,1.4409999999999998,0.5289999999999999,33,14,42.42,16.28,15,17.44,33.72,30.36,20.0
660604,23,21,86,0.333,4,17.39,2,8.7,0.391,0.619,1.01,0.286,41,8,19.51,9.3,12,13.95,23.26,23.81,9.68
674944,22,19,85,0.158,4,18.18,3,13.64,0.273,0.158,0.43100000000000005,0.0,34,6,17.65,7.06,17,20.0,27.06,13.16,15.38
642216,24,21,84,0.286,2,8.33,1,4.17,0.333,0.429,0.762,0.14300000000000002,40,7,17.5,8.33,15,17.86,26.19,26.19,8.0
681751,24,21,84,0.19,8,33.33,0,0.0,0.261,0.476,0.737,0.286,48,20,41.67,23.81,12,14.29,38.1,35.9,27.59
681799,22,21,82,0.286,4,18.18,1,4.55,0.318,0.524,0.8420000000000001,0.23800000000000004,36,7,19.44,8.54,18,21.95,30.49,35.71,23.53
640451,20,20,81,0.25,6,30.0,0,0.0,0.25,0.25,0.5,0.0,46,16,34.78,19.75,8,9.88,29.63,33.33,21.43
605513,19,16,81,0.375,1,5.26,3,15.79,0.474,0.562,1.036,0.18700000000000006,39,11,28.21,13.58,11,13.58,27.16,35.42,3.23
606930,22,20,80,0.35,2,9.09,1,4.55,0.364,0.35,0.714,0.0,43,12,27.91,15.0,7,8.75,23.75,37.5,11.11
554431,20,17,80,0.294,6,30.0,2,10.0,0.35,0.471,0.821,0.177,40,10,25.0,12.5,12,15.0,27.5,19.44,20.69
663773,21,18,78,0.389,3,14.29,2,9.52,0.429,0.611,1.04,0.22199999999999998,43,6,13.95,7.69,9,11.54,19.23,33.33,12.0
622253,19,18,78,0.278,7,36.84,1,5.26,0.316,0.278,0.5940000000000001,0.0,31,9,29.03,11.54,22,28.21,39.74,26.32,29.17
647315,22,20,77,0.4,1,4.55,1,4.55,0.455,0.55,1.0050000000000001,0.15000000000000002,34,6,17.65,7.79,17,22.08,29.87,28.57,3.7
670950,19,16,77,0.438,5,26.32,1,5.26,0.471,0.562,1.033,0.12400000000000005,40,11,27.5,14.29,10,12.99,27.27,35.0,19.23
674072,18,15,76,0.267,6,33.33,1,5.56,0.353,0.667,1.02,0.4,36,12,33.33,15.79,12,15.79,31.58,33.33,31.58
677651,20,20,76,0.15,6,30.0,0,0.0,0.15,0.45,0.6,0.30000000000000004,40,10,25.0,13.16,9,11.84,25.0,36.59,33.33
657756,19,17,75,0.471,4,21.05,2,10.53,0.526,0.529,1.0550000000000002,0.05800000000000005,40,13,32.5,17.33,11,14.67,32.0,19.35,17.39
697812,18,17,74,0.176,6,33.33,1,5.56,0.222,0.353,0.575,0.177,31,9,29.03,12.16,16,21.62,33.78,18.18,25.0
700187,20,16,72,0.438,1,5.0,2,10.0,0.5,0.688,1.188,0.24999999999999994,30,6,20.0,8.33,12,16.67,25.0,17.65,6.25
671162,18,15,72,0.4,4,22.22,1,5.56,0.444,0.933,1.377,0.533,29,5,17.24,6.94,13,18.06,25.0,17.07,23.53
680951,16,11,72,0.182,3,18.75,5,31.25,0.438,0.273,0.7110000000000001,0.09100000000000003,28,8,28.57,11.11,10,13.89,25.0,16.67,12.5
670766,18,17,70,0.294,5,27.78,1,5.56,0.333,0.353,0.6859999999999999,0.059,36,11,30.56,15.71,13,18.57,34.29,40.0,20.83
699134,20,15,70,0.267,4,20.0,2,10.0,0.45,0.333,0.783,0.066,30,6,20.0,8.57,11,15.71,24.29,25.64,20.0
669391,21,20,70,0.45,4,19.05,1,4.76,0.476,0.55,1.026,0.10000000000000003,39,9,23.08,12.86,8,11.43,24.29,28.12,21.05
801434,23,20,69,0.2,5,21.74,3,13.04,0.304,0.25,0.554,0.04999999999999999,33,15,45.45,21.74,12,17.39,39.13,34.29,41.67
681146,25,21,68,0.476,1,4.0,2,8.0,0.56,0.571,1.131,0.09499999999999997,28,2,7.14,2.94,9,13.24,16.18,9.09,20.0
670810,19,16,68,0.25,2,10.53,2,10.53,0.368,0.25,0.618,0.0,35,6,17.14,8.82,10,14.71,23.53,27.59,10.0
664948,13,13,68,0.231,4,30.77,0,0.0,0.231,0.462,0.6930000000000001,0.231,28,9,32.14,13.24,11,16.18,29.41,18.18,21.05
663474,16,11,68,0.273,4,25.0,4,25.0,0.438,0.364,0.802,0.09099999999999997,29,10,34.48,14.71,7,10.29,25.0,16.22,25.0
663462,23,22,67,0.364,3,13.04,0,0.0,0.391,0.591,0.982,0.22699999999999998,40,9,22.5,13.43,10,14.93,28.36,50.0,16.67
677020,18,16,66,0.312,7,38.89,1,5.56,0.389,0.5,0.889,0.188,32,13,40.62,19.7,10,15.15,34.85,35.14,43.75
571771,20,16,66,0.438,1,5.0,4,20.0,0.55,0.625,1.175,0.187,22,5,22.73,7.58,12,18.18,25.76,20.51,16.67
686747,20,18,65,0.333,0,0.0,2,10.0,0.4,0.778,1.178,0.445,28,0,0.0,0.0,14,21.54,21.54,13.33,0.0
687003,17,17,64,0.294,4,23.53,0,0.0,0.294,0.529,0.823,0.23500000000000004,35,17,48.57,26.56,6,9.38,35.94,38.89,21.05
641585,14,12,63,0.167,5,35.71,2,14.29,0.286,0.25,0.536,0.08299999999999999,24,8,33.33,12.7,14,22.22,34.92,18.18,29.41
534910,18,13,62,0.231,2,11.11,3,16.67,0.412,0.462,0.874,0.231,21,6,28.57,9.68,9,14.52,24.19,11.54,25.0
657024,17,13,62,0.538,3,17.65,2,11.76,0.588,1.154,1.742,0.6159999999999999,31,8,25.81,12.9,11,17.74,30.65,39.39,15.0
541640,17,16,61,0.125,1,5.88,0,0.0,0.118,0.312,0.43,0.187,34,5,14.71,8.2,6,9.84,18.03,25.93,7.14
605182,16,11,61,0.091,3,18.75,4,25.0,0.312,0.182,0.494,0.091,26,10,38.46,16.39,6,9.84,26.23,27.03,20.0
688107,20,16,61,0.312,4,20.0,2,10.0,0.45,0.562,1.012,0.25000000000000006,28,7,25.0,11.48,10,16.39,27.87,21.21,21.05
623465,15,15,60,0.2,5,33.33,0,0.0,0.2,0.2,0.4,0.0,31,9,29.03,15.0,8,13.33,28.33,30.0,31.25
685068,13,12,60,0.5,3,23.08,1,7.69,0.538,0.833,1.371,0.33299999999999996,28,5,17.86,8.33,9,15.0,23.33,31.25,17.65
676680,14,13,58,0.154,3,21.43,1,7.14,0.214,0.154,0.368,0.0,33,6,18.18,10.34,6,10.34,20.69,39.39,15.0
605218,16,14,58,0.143,4,25.0,1,6.25,0.188,0.143,0.33099999999999996,0.0,29,7,24.14,12.07,8,13.79,25.86,23.08,23.53
681810,17,16,58,0.125,4,23.53,1,5.88,0.176,0.125,0.301,0.0,29,6,20.69,10.34,7,12.07,22.41,26.67,33.33
664129,12,11,56,0.273,4,33.33,1,8.33,0.333,0.455,0.788,0.182,20,9,45.0,16.07,12,21.43,37.5,21.88,26.67
669145,18,18,56,0.167,1,5.56,0,0.0,0.167,0.167,0.334,0.0,28,3,10.71,5.36,10,17.86,23.21,25.0,7.69
642520,19,17,53,0.471,2,10.53,0,0.0,0.526,0.529,1.0550000000000002,0.05800000000000005,24,5,20.83,9.43,16,30.19,39.62,23.81,20.0
595897,11,9,53,0.111,4,36.36,2,18.18,0.273,0.111,0.384,0.0,22,6,27.27,11.32,12,22.64,33.96,30.0,18.18
612434,14,12,53,0.333,2,14.29,2,14.29,0.429,0.75,1.179,0.417,22,5,22.73,9.43,11,20.75,30.19,20.0,14.29
692024,15,12,51,0.417,1,6.67,2,13.33,0.5,1.25,1.75,0.833,22,7,31.82,13.73,7,13.73,27.45,21.43,11.11
640454,10,9,50,0.444,2,20.0,1,10.0,0.5,0.556,1.056,0.11200000000000004,23,6,26.09,12.0,7,14.0,26.0,26.92,11.76
641343,19,17,50,0.471,0,0.0,2,10.53,0.526,0.588,1.1139999999999999,0.11699999999999999,23,0,0.0,0.0,6,12.0,12.0,30.77,0.0
676272,13,11,50,0.545,3,23.08,1,7.69,0.615,0.636,1.251,0.09099999999999997,22,2,9.09,4.0,9,18.0,22.0,24.0,18.75
656420,14,14,49,0.429,2,14.29,0,0.0,0.429,0.714,1.143,0.285,33,5,15.15,10.2,4,8.16,18.37,52.0,10.0
607179,13,13,48,0.462,0,0.0,0,0.0,0.462,0.538,1.0,0.07600000000000001,28,7,25.0,14.58,3,6.25,20.83,19.05,0.0
687287,11,10,48,0.4,2,18.18,1,9.09,0.455,0.5,0.9550000000000001,0.09999999999999998,24,3,12.5,6.25,7,14.58,20.83,25.0,12.5
687847,11,6,48,0.167,1,9.09,4,36.36,0.455,0.333,0.788,0.166,18,4,22.22,8.33,5,10.42,18.75,10.71,9.09
805427,9,5,47,0.6,1,11.11,3,33.33,0.778,0.8,1.578,0.20000000000000007,14,3,21.43,6.38,8,17.02,23.4,17.24,7.69
696131,12,12,47,0.25,2,16.67,0,0.0,0.25,0.75,1.0,0.5,25,2,8.0,4.26,8,17.02,21.28,29.17,13.33
669212,14,12,47,0.5,0,0.0,2,14.29,0.571,1.083,1.654,0.583,20,4,20.0,8.51,5,10.64,19.15,28.0,0.0
622780,10,9,46,0.111,2,20.0,1,10.0,0.2,0.111,0.311,0.0,24,4,16.67,8.7,6,13.04,21.74,28.57,10.0
675650,11,8,46,0.375,2,18.18,2,18.18,0.455,0.375,0.8300000000000001,0.0,23,5,21.74,10.87,6,13.04,23.91,23.81,11.76
663362,12,10,46,0.5,1,8.33,2,16.67,0.583,0.8,1.383,0.30000000000000004,18,2,11.11,4.35,8,17.39,21.74,13.04,7.69
691441,12,10,45,0.2,2,16.67,2,16.67,0.333,0.5,0.833,0.3,19,4,21.05,8.89,6,13.33,22.22,24.0,18.18
676206,9,7,45,0.0,2,22.22,2,22.22,0.222,0.0,0.222,0.0,18,5,27.78,11.11,6,13.33,24.44,8.7,16.67
802686,10,8,45,0.125,0,0.0,2,20.0,0.3,0.25,0.55,0.125,25,1,4.0,2.22,5,11.11,13.33,26.32,0.0
681432,9,6,45,0.167,2,22.22,2,22.22,0.375,0.167,0.542,0.0,16,3,18.75,6.67,10,22.22,28.89,24.0,13.33
678316,10,7,44,0.286,2,20.0,3,30.0,0.5,0.286,0.786,0.0,18,8,44.44,18.18,2,4.55,22.73,14.29,16.67
500743,16,14,44,0.429,0,0.0,1,6.25,0.5,0.857,1.357,0.428,21,1,4.76,2.27,5,11.36,13.64,33.33,0.0
677976,9,7,43,0.143,0,0.0,2,22.22,0.333,0.143,0.476,0.0,13,3,23.08,6.98,8,18.6,25.58,11.11,0.0
687074,9,8,42,0.25,1,11.11,1,11.11,0.333,0.25,0.583,0.0,17,3,17.65,7.14,10,23.81,30.95,11.76,7.14
673965,9,7,42,0.143,2,22.22,1,11.11,0.25,0.143,0.393,0.0,22,3,13.64,7.14,6,14.29,21.43,30.0,10.53
676051,10,9,41,0.111,3,30.0,1,10.0,0.2,0.444,0.644,0.333,22,10,45.45,24.39,4,9.76,34.15,42.31,27.27
663558,11,11,41,0.273,5,45.45,0,0.0,0.273,0.273,0.546,0.0,22,9,40.91,21.95,8,19.51,41.46,45.0,33.33
605242,11,11,41,0.455,2,18.18,0,0.0,0.455,0.909,1.364,0.454,23,2,8.7,4.88,6,14.63,19.51,33.33,11.76
592254,12,11,41,0.364,4,33.33,1,8.33,0.417,0.636,1.053,0.272,23,9,39.13,21.95,6,14.63,36.59,36.84,26.67
691548,11,5,40,0.4,1,9.09,4,36.36,0.727,0.4,1.127,0.0,9,4,44.44,10.0,5,12.5,22.5,13.33,16.67
625643,11,11,39,0.364,1,9.09,0,0.0,0.364,0.727,1.091,0.363,16,2,12.5,5.13,9,23.08,28.21,17.65,10.0
676801,10,8,37,0.375,1,10.0,1,10.0,0.5,0.375,0.875,0.0,12,2,16.67,5.41,7,18.92,24.32,8.33,20.0
700270,8,5,36,0.6,1,12.5,3,37.5,0.75,0.8,1.55,0.20000000000000007,11,2,18.18,5.56,4,11.11,16.67,4.55,16.67
682995,9,9,35,0.222,3,33.33,0,0.0,0.222,0.222,0.444,0.0,18,8,44.44,22.86,8,22.86,45.71,44.44,30.0
640902,10,8,34,0.625,1,10.0,2,20.0,0.7,1.0,1.7,0.375,13,0,0.0,0.0,7,20.59,20.59,31.82,16.67
663897,13,13,33,0.308,2,15.38,0,0.0,0.308,0.615,0.923,0.307,23,2,8.7,6.06,5,15.15,21.21,60.0,25.0
621057,12,11,33,0.455,2,16.67,1,8.33,0.5,0.727,1.2269999999999999,0.27199999999999996,15,1,6.67,3.03,8,24.24,27.27,14.29,28.57
621114,7,6,32,0.167,3,42.86,1,14.29,0.286,0.167,0.45299999999999996,0.0,15,9,60.0,28.12,5,15.62,43.75,36.84,21.43
595978,9,8,32,0.375,0,0.0,1,11.11,0.444,0.5,0.944,0.125,13,0,0.0,0.0,7,21.88,21.88,28.57,0.0
669193,9,7,32,0.143,2,22.22,1,11.11,0.333,0.143,0.476,0.0,17,7,41.18,21.88,4,12.5,34.38,35.29,22.22
686654,6,5,32,0.0,2,33.33,1,16.67,0.167,0.0,0.167,0.0,17,3,17.65,9.38,3,9.38,18.75,9.09,12.5
547001,8,7,31,0.571,0,0.0,1,12.5,0.625,0.857,1.482,0.28600000000000003,13,1,7.69,3.23,4,12.9,16.13,7.69,0.0
623168,13,12,31,0.667,0,0.0,0,0.0,0.615,0.75,1.365,0.08299999999999996,17,0,0.0,0.0,7,22.58,22.58,37.5,0.0
661527,10,8,31,0.25,0,0.0,1,10.0,0.3,0.625,0.925,0.375,12,0,0.0,0.0,7,22.58,22.58,0.0,0.0
669459,7,4,30,0.0,1,14.29,3,42.86,0.429,0.0,0.429,0.0,12,3,25.0,10.0,4,13.33,23.33,14.29,11.11
675540,9,8,30,0.25,1,11.11,1,11.11,0.333,0.25,0.583,0.0,17,1,5.88,3.33,4,13.33,16.67,27.27,7.14
675989,7,7,30,0.286,0,0.0,0,0.0,0.286,0.429,0.715,0.14300000000000002,15,1,6.67,3.33,5,16.67,20.0,23.08,0.0
624431,8,6,29,0.333,0,0.0,1,12.5,0.375,0.667,1.042,0.334,14,1,7.14,3.45,2,6.9,10.34,40.91,0.0
642759,10,9,29,0.111,3,30.0,1,10.0,0.2,0.111,0.311,0.0,16,6,37.5,20.69,3,10.34,31.03,41.67,75.0
683766,8,8,29,0.375,0,0.0,0,0.0,0.375,0.375,0.75,0.0,13,0,0.0,0.0,7,24.14,24.14,25.0,0.0
656896,9,8,29,0.625,0,0.0,1,11.11,0.667,1.125,1.792,0.5,12,1,8.33,3.45,8,27.59,31.03,26.67,0.0
622761,9,7,27,0.571,0,0.0,1,11.11,0.667,1.0,1.667,0.42900000000000005,12,0,0.0,0.0,1,3.7,3.7,17.65,0.0
657053,6,5,26,0.2,3,50.0,1,16.67,0.333,0.4,0.7330000000000001,0.2,11,6,54.55,23.08,5,19.23,42.31,37.5,37.5
493603,6,4,26,0.0,2,33.33,2,33.33,0.333,0.0,0.333,0.0,7,2,28.57,7.69,7,26.92,34.62,0.0,28.57
665665,7,6,26,0.333,2,28.57,1,14.29,0.429,0.5,0.929,0.16699999999999998,12,2,16.67,7.69,3,11.54,19.23,42.86,33.33
664068,13,13,26,0.615,0,0.0,0,0.0,0.615,0.615,1.23,0.0,13,0,0.0,0.0,3,11.54,11.54,23.08,
685005,6,4,25,0.0,3,50.0,2,33.33,0.333,0.0,0.333,0.0,9,2,22.22,8.0,4,16.0,24.0,14.29,42.86
677961,8,7,25,0.429,1,12.5,1,12.5,0.5,0.571,1.071,0.14199999999999996,14,1,7.14,4.0,2,8.0,12.0,22.22,14.29
801216,5,4,25,0.0,1,20.0,1,20.0,0.2,0.0,0.2,0.0,7,2,28.57,8.0,7,28.0,36.0,0.0,16.67
689520,8,6,25,0.167,2,25.0,0,0.0,0.143,0.167,0.31,0.0,13,2,15.38,8.0,7,28.0,36.0,58.33,28.57
542932,10,9,24,0.333,0,0.0,1,10.0,0.4,0.556,0.9560000000000001,0.22300000000000003,10,0,0.0,0.0,6,25.0,25.0,30.77,0.0
650671,5,4,24,0.25,2,40.0,1,20.0,0.4,0.25,0.65,0.0,8,2,25.0,8.33,4,16.67,25.0,25.0,33.33
681962,9,9,24,0.222,1,11.11,0,0.0,0.222,0.222,0.444,0.0,11,2,18.18,8.33,5,20.83,29.17,23.08,50.0
689958,5,5,24,0.4,1,20.0,0,0.0,0.4,1.2,1.6,0.7999999999999999,12,4,33.33,16.67,4,16.67,33.33,20.0,11.11
673820,6,6,24,0.5,1,16.67,0,0.0,0.5,1.0,1.5,0.5,8,1,12.5,4.17,6,25.0,29.17,0.0,50.0
686753,5,3,24,0.667,0,0.0,2,40.0,0.8,1.0,1.8,0.33299999999999996,8,2,25.0,8.33,3,12.5,20.83,17.65,0.0
690829,8,7,23,0.286,0,0.0,1,12.5,0.375,0.857,1.232,0.571,11,1,9.09,4.35,2,8.7,13.04,11.11,0.0
672724,10,9,23,0.667,0,0.0,0,0.0,0.7,1.111,1.811,0.44399999999999995,14,2,14.29,8.7,3,13.04,21.74,50.0,0.0
680702,8,8,23,0.25,2,25.0,0,0.0,0.25,0.25,0.5,0.0,12,5,41.67,21.74,3,13.04,34.78,36.36,100.0
686676,6,4,21,0.5,0,0.0,2,33.33,0.667,0.5,1.167,0.0,10,1,10.0,4.76,1,4.76,9.52,26.67,0.0
691769,7,5,21,0.4,0,0.0,2,28.57,0.571,0.6,1.1709999999999998,0.19999999999999996,7,0,0.0,0.0,2,9.52,9.52,8.33,0.0
605507,5,5,21,0.0,0,0.0,0,0.0,0.0,0.0,0.0,0.0,11,1,9.09,4.76,2,9.52,14.29,25.0,0.0
645444,7,7,21,0.429,0,0.0,0,0.0,0.429,0.429,0.858,0.0,8,0,0.0,0.0,4,19.05,19.05,38.46,
687166,5,5,21,0.2,1,20.0,0,0.0,0.2,0.2,0.4,0.0,8,2,25.0,9.52,5,23.81,33.33,0.0,20.0
642215,6,6,21,0.167,0,0.0,0,0.0,0.167,0.167,0.334,0.0,8,0,0.0,0.0,6,28.57,28.57,18.18,0.0
679922,4,1,21,1.0,0,0.0,3,75.0,1.0,1.0,2.0,0.0,2,0,0.0,0.0,4,19.05,19.05,0.0,0.0
642708,7,5,20,0.8,0,0.0,2,28.57,0.857,1.4,2.2569999999999997,0.5999999999999999,6,0,0.0,0.0,0,0.0,0.0,18.75,
642133,8,7,20,0.571,0,0.0,0,0.0,0.625,1.0,1.625,0.42900000000000005,10,0,0.0,0.0,1,5.0,5.0,10.0,0.0
669707,6,5,20,0.6,0,0.0,1,16.67,0.667,1.4,2.067,0.7999999999999999,10,0,0.0,0.0,0,0.0,0.0,33.33,0.0
543592,8,8,19,0.875,0,0.0,0,0.0,0.875,2.125,3.0,1.25,12,0,0.0,0.0,1,5.26,5.26,40.0,
543391,5,4,19,0.25,0,0.0,1,20.0,0.4,0.25,0.65,0.0,8,2,25.0,10.53,2,10.53,21.05,11.11,0.0
669449,5,5,19,0.6,0,0.0,0,0.0,0.6,0.8,1.4,0.20000000000000007,12,2,16.67,10.53,3,15.79,26.32,33.33,0.0
677649,8,8,19,0.125,0,0.0,0,0.0,0.125,0.125,0.25,0.0,9,0,0.0,0.0,4,21.05,21.05,46.15,
668670,7,6,18,0.333,0,0.0,0,0.0,0.286,0.5,0.786,0.16699999999999998,7,0,0.0,0.0,6,33.33,33.33,28.57,0.0
646242,3,3,18,0.0,1,33.33,0,0.0,0.0,0.0,0.0,0.0,10,1,10.0,5.56,2,11.11,16.67,16.67,11.11
656458,4,4,18,0.25,2,50.0,0,0.0,0.25,1.0,1.25,0.75,9,4,44.44,22.22,4,22.22,44.44,37.5,22.22
476594,6,6,18,0.333,1,16.67,0,0.0,0.333,0.833,1.166,0.49999999999999994,8,1,12.5,5.56,5,27.78,33.33,37.5,33.33
680837,6,6,17,0.333,0,0.0,0,0.0,0.333,0.333,0.666,0.0,9,1,11.11,5.88,3,17.65,23.53,42.86,0.0
664353,4,3,17,0.667,1,25.0,1,25.0,0.75,0.667,1.417,0.0,5,2,40.0,11.76,4,23.53,35.29,0.0,20.0
656577,6,4,17,0.5,0,0.0,1,16.67,0.5,0.75,1.25,0.25,8,1,12.5,5.88,1,5.88,11.76,36.36,0.0
664744,4,4,15,0.25,2,50.0,0,0.0,0.25,0.25,0.5,0.0,7,3,42.86,20.0,2,13.33,33.33,0.0,100.0
676969,4,2,15,0.0,0,0.0,2,50.0,0.5,0.0,0.5,0.0,2,0,0.0,0.0,3,20.0,20.0,0.0,0.0
680862,7,7,15,0.429,0,0.0,0,0.0,0.429,0.571,1.0,0.14199999999999996,7,0,0.0,0.0,5,33.33,33.33,16.67,
621028,9,9,15,0.333,0,0.0,0,0.0,0.333,1.111,1.444,0.778,10,0,0.0,0.0,2,13.33,13.33,57.14,
665019,4,4,14,0.5,0,0.0,0,0.0,0.5,1.25,1.75,0.75,6,0,0.0,0.0,4,28.57,28.57,33.33,0.0
676679,6,6,14,0.333,0,0.0,0,0.0,0.333,0.333,0.666,0.0,7,0,0.0,0.0,3,21.43,21.43,25.0,0.0
682144,3,2,13,0.5,1,33.33,1,33.33,0.667,2.0,2.667,1.5,8,2,25.0,15.38,0,0.0,15.38,28.57,25.0
694359,6,6,13,0.5,0,0.0,0,0.0,0.5,0.5,1.0,0.0,10,0,0.0,0.0,1,7.69,7.69,60.0,0.0
669717,3,3,13,0.333,0,0.0,0,0.0,0.333,1.333,1.666,1.0,5,0,0.0,0.0,3,23.08,23.08,40.0,0.0
691094,6,6,12,0.333,1,16.67,0,0.0,0.333,0.5,0.833,0.16699999999999998,7,1,14.29,8.33,3,25.0,33.33,50.0,33.33
670156,3,2,12,0.5,0,0.0,1,33.33,0.667,0.5,1.167,0.0,2,0,0.0,0.0,2,16.67,16.67,0.0,0.0
596142,5,3,12,0.667,0,0.0,1,20.0,0.8,2.0,2.8,1.333,4,0,0.0,0.0,1,8.33,8.33,30.0,
702752,2,2,12,0.5,1,50.0,0,0.0,0.5,0.5,1.0,0.0,6,2,33.33,16.67,3,25.0,41.67,40.0,12.5
676609,3,3,11,1.0,0,0.0,0,0.0,1.0,2.667,3.667,1.6669999999999998,3,0,0.0,0.0,3,27.27,27.27,0.0,0.0
678011,4,4,11,0.25,0,0.0,0,0.0,0.25,0.25,0.5,0.0,6,1,16.67,9.09,1,9.09,18.18,20.0,0.0
608671,4,3,11,0.667,0,0.0,1,25.0,0.75,0.667,1.417,0.0,5,0,0.0,0.0,1,9.09,9.09,45.45,0.0
650489,3,3,10,0.0,0,0.0,0,0.0,0.0,0.0,0.0,0.0,4,0,0.0,0.0,0,0.0,0.0,42.86,
675919,3,3,10,0.0,0,0.0,0,0.0,0.0,0.0,0.0,0.0,5,1,20.0,10.0,2,20.0,30.0,50.0,0.0
645305,3,3,10,0.667,1,33.33,0,0.0,0.667,1.0,1.667,0.33299999999999996,5,1,20.0,10.0,2,20.0,30.0,40.0,50.0
624512,4,3,10,0.333,0,0.0,1,25.0,0.5,1.333,1.833,1.0,3,0,0.0,0.0,0,0.0,0.0,22.22,
660644,5,5,10,0.6,0,0.0,0,0.0,0.6,1.2,1.7999999999999998,0.6,5,0,0.0,0.0,2,20.0,20.0,16.67,
622569,4,4,10,0.5,0,0.0,0,0.0,0.5,0.75,1.25,0.25,6,0,0.0,0.0,0,0.0,0.0,25.0,
681987,2,2,9,0.5,0,0.0,0,0.0,0.5,0.5,1.0,0.0,4,0,0.0,0.0,2,22.22,22.22,25.0,0.0
642180,3,3,9,0.333,0,0.0,0,0.0,0.333,0.333,0.666,0.0,3,0,0.0,0.0,2,22.22,22.22,20.0,0.0
573262,3,3,9,0.667,0,0.0,0,0.0,0.667,1.0,1.667,0.33299999999999996,4,1,25.0,11.11,1,11.11,22.22,42.86,
687589,4,3,9,0.667,0,0.0,0,0.0,0.75,0.667,1.417,0.0,5,0,0.0,0.0,2,22.22,22.22,33.33,0.0
682515,3,3,9,0.333,0,0.0,0,0.0,0.333,1.333,1.666,1.0,4,1,25.0,11.11,2,22.22,33.33,0.0,
686249,4,3,9,0.333,1,25.0,0,0.0,0.25,0.333,0.583,0.0,7,2,28.57,22.22,0,0.0,22.22,50.0,50.0
571466,5,5,8,0.4,0,0.0,0,0.0,0.4,0.4,0.8,0.0,5,0,0.0,0.0,1,12.5,12.5,40.0,
676510,2,1,8,1.0,0,0.0,1,50.0,1.0,1.0,2.0,0.0,1,0,0.0,0.0,3,37.5,37.5,0.0,0.0
670032,2,1,8,0.0,0,0.0,1,50.0,0.5,0.0,0.5,0.0,2,0,0.0,0.0,1,12.5,12.5,14.29,0.0
596103,2,2,8,0.5,0,0.0,0,0.0,0.5,0.5,1.0,0.0,3,0,0.0,0.0,2,25.0,25.0,42.86,0.0
676701,1,1,7,0.0,0,0.0,0,0.0,0.0,0.0,0.0,0.0,4,0,0.0,0.0,0,0.0,0.0,0.0,0.0
607732,2,2,7,0.0,1,50.0,0,0.0,0.0,0.0,0.0,0.0,2,0,0.0,0.0,2,28.57,28.57,25.0,33.33
656257,2,2,7,0.5,0,0.0,0,0.0,0.5,0.5,1.0,0.0,4,1,25.0,14.29,0,0.0,14.29,0.0,0.0
656638,4,4,7,0.5,0,0.0,0,0.0,0.5,0.5,1.0,0.0,6,2,33.33,28.57,0,0.0,28.57,50.0,
660844,3,3,7,0.333,0,0.0,0,0.0,0.333,0.333,0.666,0.0,4,0,0.0,0.0,0,0.0,0.0,40.0,
680701,2,2,6,0.5,0,0.0,0,0.0,0.5,2.0,2.5,1.5,4,2,50.0,33.33,1,16.67,50.0,50.0,0.0
669450,5,4,6,0.5,0,0.0,0,0.0,0.6,0.75,1.35,0.25,4,0,0.0,0.0,1,16.67,16.67,50.0,
663967,2,2,5,0.0,0,0.0,0,0.0,0.0,0.0,0.0,0.0,3,0,0.0,0.0,2,40.0,40.0,,0.0
571657,3,3,5,0.333,0,0.0,0,0.0,0.333,1.333,1.666,1.0,3,0,0.0,0.0,0,0.0,0.0,66.67,
676070,2,1,5,0.0,0,0.0,0,0.0,0.0,0.0,0.0,0.0,4,0,0.0,0.0,0,0.0,0.0,66.67,
669722,1,1,5,0.0,1,100.0,0,0.0,0.0,0.0,0.0,0.0,0,0,,0.0,3,60.0,60.0,0.0,50.0
647351,3,2,5,0.5,0,0.0,0,0.0,0.333,1.0,1.333,0.5,3,0,0.0,0.0,1,20.0,20.0,33.33,
620443,3,3,4,0.667,0,0.0,0,0.0,0.667,1.667,2.334,1.0,3,0,0.0,0.0,0,0.0,0.0,50.0,
621512,3,2,4,0.0,0,0.0,0,0.0,0.333,0.0,0.333,0.0,2,0,0.0,0.0,1,25.0,25.0,50.0,
676724,1,0,4,,0,0.0,1,100.0,1.0,,,,0,0,,0.0,0,0.0,0.0,0.0,
676475,2,2,3,0.5,0,0.0,0,0.0,0.5,0.5,1.0,0.0,2,0,0.0,0.0,1,33.33,33.33,,
670183,1,1,3,0.0,0,0.0,0,0.0,0.0,0.0,0.0,0.0,1,0,0.0,0.0,1,33.33,33.33,50.0,
656716,1,1,2,0.0,0,0.0,0,0.0,0.0,0.0,0.0,0.0,1,0,0.0,0.0,0,0.0,0.0,50.0,
641658,2,2,2,0.0,0,0.0,0,0.0,0.0,0.0,0.0,0.0,2,0,0.0,0.0,0,0.0,0.0,,
643396,1,1,1,0.0,0,0.0,0,0.0,0.0,0.0,0.0,0.0,1,0,0.0,0.0,0,0.0,0.0,,
