Pitch Type,Pitch,Pitch Group,pitches,USG,PA,AB,K,K%,BB,OBP,swings,Whiffs,Whiff%,SwStr%,Called Strikes,cStr%,CSW%,Chase%,Putaway USG,Putaway%,AVG,obp,SLG,OPS,ISO,mlbid
FF,4-Seam Fastball,FB,384,50.2,107,95,15,14.02,9,8.41,208,33,15.87,8.59,65,16.93,25.52,31.11,41.22,14.85,0.326,0.396,0.484,0.88,0.1579999999999999,434378
SL,Slider,BR,175,22.88,55,53,8,14.55,2,3.64,90,21,23.33,12.0,18,10.29,22.29,26.09,31.43,10.39,0.226,0.255,0.321,0.5760000000000001,0.095,434378
CU,Curveball,BR,160,20.92,22,21,5,22.73,0,0.0,56,16,28.57,10.0,35,21.88,31.87,15.0,17.96,11.36,0.429,0.455,0.667,1.122,0.238,434378
CH,Changeup,OS,44,5.75,11,9,4,36.36,1,9.09,25,7,28.0,15.91,3,6.82,22.73,30.77,9.39,17.39,0.222,0.364,0.222,0.586,0.0,434378
SI,Sinker,FB,2,0.26,0,0,0,,0,,0,0,,0.0,0,0.0,0.0,0.0,0.0,,,,,,,434378
FC,Cutter,FB,371,86.68,99,87,30,30.3,9,9.09,186,63,33.87,16.98,70,18.87,35.85,25.32,82.11,29.7,0.161,0.242,0.287,0.5289999999999999,0.1259999999999999,445276
SL,Slider,BR,29,6.78,4,4,1,25.0,0,0.0,9,1,11.11,3.45,5,17.24,20.69,11.76,8.13,10.0,0.0,0.0,0.0,0.0,0.0,445276
SI,Sinker,FB,18,4.21,7,6,0,0.0,1,14.29,10,1,10.0,5.56,1,5.56,11.11,25.0,4.07,0.0,0.5,0.571,0.5,1.071,0.0,445276
ST,Sweeper,BR,9,2.1,4,4,1,25.0,0,0.0,6,1,16.67,11.11,0,0.0,11.11,40.0,4.88,16.67,0.0,0.0,0.0,0.0,0.0,445276
,,,1,0.23,1,1,1,100.0,0,0.0,0,0,,0.0,0,0.0,0.0,,0.81,100.0,0.0,0.0,0.0,0.0,0.0,445276
FC,Cutter,FB,297,49.92,78,76,22,28.21,1,1.28,153,38,24.84,12.79,42,14.14,26.94,27.74,49.21,23.66,0.184,0.192,0.289,0.481,0.1049999999999999,445926
SI,Sinker,FB,203,34.12,43,38,9,20.93,4,9.3,60,7,11.67,3.45,81,39.9,43.35,7.69,22.75,20.93,0.342,0.419,0.763,1.182,0.421,445926
CU,Curveball,BR,54,9.08,13,12,3,23.08,0,0.0,26,7,26.92,12.96,1,1.85,14.81,35.71,15.34,10.34,0.25,0.231,0.333,0.5640000000000001,0.083,445926
CH,Changeup,OS,27,4.54,10,10,1,10.0,0,0.0,13,1,7.69,3.7,6,22.22,25.93,16.67,6.88,7.69,0.2,0.2,0.5,0.7,0.3,445926
SL,Slider,BR,14,2.35,4,4,1,25.0,0,0.0,5,1,20.0,7.14,0,0.0,7.14,25.0,5.82,9.09,0.5,0.5,1.5,2.0,1.0,445926
FC,Cutter,FB,9,36.0,1,1,0,0.0,0,0.0,3,0,0.0,0.0,2,22.22,22.22,0.0,14.29,0.0,0.0,0.0,0.0,0.0,0.0,448179
FF,4-Seam Fastball,FB,8,32.0,2,2,1,50.0,0,0.0,1,0,0.0,0.0,4,50.0,50.0,0.0,42.86,33.33,0.0,0.0,0.0,0.0,0.0,448179
CU,Curveball,BR,7,28.0,3,1,0,0.0,1,33.33,2,0,0.0,0.0,3,42.86,42.86,33.33,42.86,0.0,1.0,0.667,4.0,4.667,3.0,448179
CH,Changeup,OS,1,4.0,0,0,0,,0,,0,0,,0.0,0,0.0,0.0,0.0,0.0,,,,,,,448179
CU,Curveball,BR,478,37.46,136,131,40,29.41,5,3.68,226,75,33.19,15.69,54,11.3,26.99,35.22,55.53,18.52,0.221,0.25,0.359,0.609,0.1379999999999999,450203
FF,4-Seam Fastball,FB,339,26.57,78,73,16,20.51,4,5.13,156,27,17.31,7.96,55,16.22,24.19,16.67,31.36,11.48,0.247,0.282,0.507,0.7889999999999999,0.26,450203
SI,Sinker,FB,216,16.93,52,48,3,5.77,3,5.77,97,7,7.22,3.24,60,27.78,31.02,23.53,6.43,12.0,0.333,0.385,0.417,0.802,0.0839999999999999,450203
FC,Cutter,FB,140,10.97,30,26,1,3.33,3,10.0,64,10,15.62,7.14,31,22.14,29.29,17.86,2.06,12.5,0.346,0.4,0.692,1.092,0.346,450203
CH,Changeup,OS,101,7.92,24,23,3,12.5,1,4.17,61,17,27.87,16.83,14,13.86,30.69,45.1,4.63,16.67,0.348,0.375,0.87,1.245,0.522,450203
,,,2,0.16,0,0,0,,0,,0,0,,0.0,0,0.0,0.0,,0.0,,,,,,,450203
FF,4-Seam Fastball,FB,147,44.01,31,30,7,22.58,1,3.23,78,19,24.36,12.93,30,20.41,33.33,28.07,32.11,20.0,0.267,0.29,0.5,0.79,0.2329999999999999,453286
SL,Slider,BR,117,35.03,37,37,11,29.73,0,0.0,70,35,50.0,29.91,13,11.11,41.03,50.0,33.94,29.73,0.216,0.216,0.27,0.486,0.054,453286
CH,Changeup,OS,30,8.98,12,12,5,41.67,0,0.0,19,7,36.84,23.33,1,3.33,26.67,41.18,18.35,25.0,0.167,0.167,0.667,0.8340000000000001,0.5,453286
CU,Curveball,BR,28,8.38,7,7,2,28.57,0,0.0,16,7,43.75,25.0,4,14.29,39.29,53.33,11.01,16.67,0.286,0.286,0.857,1.143,0.571,453286
FC,Cutter,FB,11,3.29,6,6,1,16.67,0,0.0,7,2,28.57,18.18,1,9.09,27.27,57.14,4.59,20.0,0.167,0.167,0.167,0.334,0.0,453286
,,,1,0.3,0,0,0,,0,,0,0,,0.0,0,0.0,0.0,,0.0,,,,,,,453286
FC,Cutter,FB,109,36.21,25,25,5,20.0,0,0.0,61,16,26.23,14.68,21,19.27,33.94,20.0,25.0,19.23,0.32,0.32,0.36,0.6799999999999999,0.0399999999999999,455119
FF,4-Seam Fastball,FB,103,34.22,38,35,14,36.84,1,2.63,60,10,16.67,9.71,25,24.27,33.98,46.88,45.19,29.79,0.2,0.237,0.4,0.637,0.2,455119
SI,Sinker,FB,59,19.6,13,12,1,7.69,0,0.0,27,5,18.52,8.47,15,25.42,33.9,41.18,8.65,11.11,0.25,0.308,0.5,0.808,0.25,455119
FS,Split-Finger,OS,23,7.64,6,6,1,16.67,0,0.0,7,1,14.29,4.35,1,4.35,8.7,21.05,14.42,6.67,0.333,0.333,0.333,0.666,0.0,455119
ST,Sweeper,BR,6,1.99,3,3,0,0.0,0,0.0,5,0,0.0,0.0,0,0.0,0.0,50.0,5.77,0.0,0.667,0.667,0.667,1.334,0.0,455119
,,,1,0.33,1,1,1,100.0,0,0.0,0,0,,0.0,0,0.0,0.0,,0.96,100.0,0.0,0.0,0.0,0.0,0.0,455119
SI,Sinker,FB,25,32.89,9,8,3,33.33,1,11.11,8,2,25.0,8.0,7,28.0,36.0,7.14,58.82,30.0,0.25,0.333,0.25,0.583,0.0,456501
SL,Slider,BR,19,25.0,4,3,0,0.0,1,25.0,4,0,0.0,0.0,6,31.58,31.58,0.0,0.0,,0.0,0.25,0.0,0.25,0.0,456501
CH,Changeup,OS,17,22.37,4,4,1,25.0,0,0.0,11,3,27.27,17.65,0,0.0,17.65,33.33,35.29,16.67,0.25,0.25,0.5,0.75,0.25,456501
FF,4-Seam Fastball,FB,9,11.84,2,2,0,0.0,0,0.0,4,1,25.0,11.11,3,33.33,44.44,33.33,0.0,,0.5,0.5,2.0,2.5,1.5,456501
,,,5,6.58,1,0,0,0.0,1,100.0,0,0,,0.0,0,0.0,0.0,,5.88,0.0,,1.0,,,,456501
FC,Cutter,FB,1,1.32,1,1,0,0.0,0,0.0,1,0,0.0,0.0,0,0.0,0.0,,0.0,,1.0,1.0,2.0,3.0,1.0,456501
FF,4-Seam Fastball,FB,200,44.54,43,37,16,37.21,4,9.3,108,25,23.15,12.5,34,17.0,29.5,32.5,52.0,20.51,0.243,0.326,0.459,0.785,0.216,458677
FC,Cutter,FB,145,32.29,40,38,0,0.0,2,5.0,89,11,12.36,7.59,15,10.34,17.93,42.25,11.33,0.0,0.289,0.325,0.526,0.851,0.237,458677
SL,Slider,BR,91,20.27,30,28,10,33.33,2,6.67,53,17,32.08,18.68,4,4.4,23.08,41.82,34.0,19.61,0.25,0.3,0.286,0.586,0.0359999999999999,458677
FS,Split-Finger,OS,9,2.0,1,1,0,0.0,0,0.0,5,0,0.0,0.0,0,0.0,0.0,25.0,2.67,0.0,0.0,0.0,0.0,0.0,0.0,458677
,,,4,0.89,1,0,0,0.0,1,100.0,0,0,,0.0,0,0.0,0.0,,0.0,,,1.0,,,,458677
FF,4-Seam Fastball,FB,471,46.59,105,100,36,34.29,5,4.76,264,87,32.95,18.47,67,14.23,32.7,30.28,48.31,21.05,0.17,0.21,0.37,0.58,0.1999999999999999,458681
FC,Cutter,FB,262,25.91,55,53,12,21.82,1,1.82,117,32,27.35,12.21,37,14.12,26.34,23.94,23.73,14.29,0.34,0.345,0.396,0.741,0.0559999999999999,458681
SI,Sinker,FB,198,19.58,59,49,8,13.56,7,11.86,97,10,10.31,5.05,33,16.67,21.72,33.33,12.99,17.39,0.265,0.379,0.408,0.7869999999999999,0.1429999999999999,458681
CU,Curveball,BR,49,4.85,18,18,2,11.11,0,0.0,32,5,15.62,10.2,1,2.04,12.24,48.39,9.04,6.25,0.167,0.167,0.222,0.389,0.0549999999999999,458681
ST,Sweeper,BR,21,2.08,5,4,0,0.0,1,20.0,9,0,0.0,0.0,2,9.52,9.52,33.33,3.67,0.0,0.5,0.6,0.5,1.1,0.0,458681
CH,Changeup,OS,9,0.89,1,1,1,100.0,0,0.0,3,0,0.0,0.0,2,22.22,22.22,33.33,2.26,12.5,0.0,0.0,0.0,0.0,0.0,458681
,,,1,0.1,0,0,0,,0,,0,0,,0.0,0,0.0,0.0,,0.0,,,,,,,458681
SL,Slider,BR,246,30.75,74,68,23,31.08,4,5.41,140,47,33.57,19.11,35,14.23,33.33,40.48,34.21,29.49,0.265,0.306,0.412,0.718,0.1469999999999999,471911
SI,Sinker,FB,178,22.25,51,45,4,7.84,3,5.88,85,9,10.59,5.06,34,19.1,24.16,26.14,12.72,13.79,0.289,0.353,0.6,0.953,0.311,471911
FF,4-Seam Fastball,FB,173,21.62,37,34,0,0.0,3,8.11,88,14,15.91,8.09,35,20.23,28.32,26.03,9.65,0.0,0.412,0.459,0.794,1.253,0.382,471911
CH,Changeup,OS,126,15.75,39,37,7,17.95,0,0.0,68,17,25.0,13.49,6,4.76,18.25,36.84,26.32,11.67,0.216,0.256,0.486,0.742,0.27,471911
ST,Sweeper,BR,45,5.62,13,13,4,30.77,0,0.0,23,9,39.13,20.0,8,17.78,37.78,37.5,8.77,20.0,0.308,0.308,0.385,0.6930000000000001,0.077,471911
CU,Curveball,BR,32,4.0,5,3,2,40.0,0,0.0,13,4,30.77,12.5,2,6.25,18.75,32.0,8.33,10.53,0.0,0.2,0.0,0.2,0.0,471911
SI,Sinker,FB,309,63.06,97,94,10,10.31,2,2.06,169,19,11.24,6.15,55,17.8,23.95,38.57,36.64,20.83,0.277,0.299,0.447,0.746,0.1699999999999999,472610
SL,Slider,BR,97,19.8,28,27,11,39.29,1,3.57,52,29,55.77,29.9,8,8.25,38.14,46.27,32.82,25.58,0.222,0.25,0.444,0.694,0.222,472610
ST,Sweeper,BR,52,10.61,11,9,5,45.45,2,18.18,21,10,47.62,19.23,8,15.38,34.62,17.86,13.74,27.78,0.111,0.273,0.111,0.384,0.0,472610
FC,Cutter,FB,13,2.65,2,2,1,50.0,0,0.0,3,2,66.67,15.38,0,0.0,15.38,23.08,6.11,12.5,0.0,0.0,0.0,0.0,0.0,472610
FF,4-Seam Fastball,FB,11,2.24,2,2,1,50.0,0,0.0,3,1,33.33,9.09,2,18.18,27.27,22.22,6.11,12.5,0.5,0.5,0.5,1.0,0.0,472610
FS,Split-Finger,OS,7,1.43,3,3,0,0.0,0,0.0,5,0,0.0,0.0,0,0.0,0.0,0.0,3.82,0.0,0.333,0.333,0.333,0.666,0.0,472610
PO,Pitch Out,,1,0.2,0,0,0,,0,,0,0,,0.0,0,0.0,0.0,0.0,0.76,0.0,,,,,,472610
SL,Slider,BR,160,41.24,49,42,8,16.33,4,8.16,89,24,26.97,15.0,18,11.25,26.25,26.76,47.01,14.55,0.31,0.362,0.5,0.862,0.19,477132
FF,4-Seam Fastball,FB,131,33.76,30,26,1,3.33,3,10.0,55,5,9.09,3.82,27,20.61,24.43,18.03,26.5,0.0,0.462,0.517,0.577,1.094,0.1149999999999999,477132
CU,Curveball,BR,70,18.04,17,16,5,29.41,1,5.88,33,10,30.3,14.29,13,18.57,32.86,37.84,24.79,17.24,0.125,0.176,0.125,0.301,0.0,477132
FS,Split-Finger,OS,21,5.41,3,3,1,33.33,0,0.0,8,3,37.5,14.29,1,4.76,19.05,14.29,1.71,50.0,0.333,0.333,0.333,0.666,0.0,477132
,,,4,1.03,1,0,0,0.0,1,100.0,0,0,,0.0,0,0.0,0.0,,0.0,,,1.0,,,,477132
CH,Changeup,OS,2,0.52,1,1,0,0.0,0,0.0,1,0,0.0,0.0,0,0.0,0.0,0.0,0.0,,0.0,0.0,0.0,0.0,0.0,477132
FC,Cutter,FB,38,36.89,10,8,1,10.0,2,20.0,21,2,9.52,5.26,4,10.53,15.79,42.11,24.24,12.5,0.125,0.3,0.5,0.8,0.375,489119
FF,4-Seam Fastball,FB,25,24.27,9,7,0,0.0,1,11.11,13,1,7.69,4.0,4,16.0,20.0,27.27,30.3,0.0,0.286,0.444,0.286,0.73,0.0,489119
CH,Changeup,OS,24,23.3,5,4,0,0.0,0,0.0,6,1,16.67,4.17,2,8.33,12.5,0.0,27.27,0.0,0.5,0.5,0.5,1.0,0.0,489119
SI,Sinker,FB,13,12.62,2,1,0,0.0,1,50.0,6,0,0.0,0.0,4,30.77,30.77,40.0,15.15,0.0,1.0,1.0,1.0,2.0,0.0,489119
CU,Curveball,BR,3,2.91,1,1,0,0.0,0,0.0,1,0,0.0,0.0,1,33.33,33.33,0.0,3.03,0.0,0.0,0.0,0.0,0.0,0.0,489119
FF,4-Seam Fastball,FB,342,59.69,81,71,32,39.51,7,8.64,182,65,35.71,19.01,56,16.37,35.38,26.09,57.65,28.32,0.127,0.212,0.183,0.395,0.0559999999999999,489446
FS,Split-Finger,OS,221,38.57,50,46,14,28.0,3,6.0,112,39,34.82,17.65,13,5.88,23.53,40.72,41.84,17.07,0.152,0.22,0.196,0.416,0.044,489446
SL,Slider,BR,5,0.87,0,0,0,,0,,1,0,0.0,0.0,2,40.0,40.0,0.0,0.0,,,,,,,489446
,,,5,0.87,1,0,0,0.0,1,100.0,0,0,,0.0,0,0.0,0.0,,0.51,0.0,,1.0,,,,489446
SI,Sinker,FB,259,41.64,68,61,19,27.94,4,5.88,91,12,13.19,4.63,82,31.66,36.29,14.71,41.75,23.46,0.213,0.284,0.213,0.497,0.0,493603
ST,Sweeper,BR,247,39.71,58,50,11,18.97,7,12.07,112,28,25.0,11.34,47,19.03,30.36,30.23,31.96,17.74,0.2,0.31,0.34,0.65,0.14,493603
FC,Cutter,FB,55,8.84,3,2,0,0.0,1,33.33,25,12,48.0,21.82,9,16.36,38.18,27.59,3.09,0.0,1.0,1.0,1.0,2.0,0.0,493603
FF,4-Seam Fastball,FB,40,6.43,18,18,12,66.67,0,0.0,20,9,45.0,22.5,5,12.5,35.0,26.32,16.49,37.5,0.056,0.056,0.056,0.112,0.0,493603
CH,Changeup,OS,12,1.93,3,3,2,66.67,0,0.0,7,3,42.86,25.0,0,0.0,25.0,37.5,4.12,25.0,0.333,0.333,0.667,1.0,0.334,493603
SL,Slider,BR,6,0.96,1,1,0,0.0,0,0.0,1,0,0.0,0.0,0,0.0,0.0,16.67,2.06,0.0,0.0,0.0,0.0,0.0,0.0,493603
,,,3,0.48,1,1,1,100.0,0,0.0,0,0,,0.0,0,0.0,0.0,,0.52,100.0,0.0,0.0,0.0,0.0,0.0,493603
EP,Eephus,,7,87.5,3,3,0,0.0,0,0.0,4,0,0.0,0.0,1,14.29,14.29,33.33,,,0.333,0.333,0.333,0.666,0.0,500743
FA,Other,,1,12.5,0,0,0,,0,,0,0,,0.0,0,0.0,0.0,0.0,,,,,,,,500743
FF,4-Seam Fastball,FB,583,26.14,122,100,15,12.3,12,9.84,268,46,17.16,7.89,59,10.12,18.01,26.99,24.92,9.55,0.23,0.352,0.41,0.762,0.1799999999999999,500779
CU,Curveball,BR,580,26.01,156,142,30,19.23,13,8.33,251,66,26.29,11.38,107,18.45,29.83,28.49,24.13,19.74,0.261,0.323,0.415,0.738,0.1539999999999999,500779
SI,Sinker,FB,536,24.04,152,126,28,18.42,22,14.47,222,35,15.77,6.53,144,26.87,33.4,23.43,18.73,23.73,0.23,0.349,0.437,0.786,0.207,500779
CH,Changeup,OS,518,23.23,127,120,33,25.98,7,5.51,212,80,37.74,15.44,40,7.72,23.17,32.52,31.75,16.5,0.2,0.244,0.25,0.494,0.0499999999999999,500779
SV,Slurve,BR,7,0.31,1,1,0,0.0,0,0.0,2,0,0.0,0.0,0,0.0,0.0,0.0,0.48,0.0,0.0,0.0,0.0,0.0,0.0,500779
,,,6,0.27,0,0,0,,0,,0,0,,0.0,0,0.0,0.0,,0.0,,,,,,,500779
SI,Sinker,FB,433,34.75,113,104,14,12.39,8,7.08,157,12,7.64,2.77,109,25.17,27.94,15.91,29.14,14.74,0.25,0.31,0.423,0.733,0.173,502043
ST,Sweeper,BR,392,31.46,130,117,50,38.46,10,7.69,220,100,45.45,25.51,36,9.18,34.69,42.92,55.52,27.62,0.197,0.256,0.256,0.512,0.059,502043
FC,Cutter,FB,264,21.19,59,57,3,5.08,2,3.39,128,27,21.09,10.23,44,16.67,26.89,29.79,4.29,21.43,0.246,0.271,0.386,0.657,0.14,502043
FF,4-Seam Fastball,FB,69,5.54,13,11,1,7.69,2,15.38,13,0,0.0,0.0,21,30.43,30.43,9.76,3.68,8.33,0.182,0.308,0.182,0.49,0.0,502043
CU,Curveball,BR,56,4.49,9,8,3,33.33,1,11.11,27,14,51.85,25.0,7,12.5,37.5,32.35,4.29,21.43,0.5,0.556,1.125,1.681,0.625,502043
CH,Changeup,OS,31,2.49,9,7,1,11.11,0,0.0,17,6,35.29,19.35,0,0.0,19.35,25.0,3.07,10.0,0.286,0.25,0.714,0.964,0.428,502043
,,,1,0.08,1,0,0,0.0,1,100.0,0,0,,0.0,0,0.0,0.0,,0.0,,,1.0,,,,502043
FC,Cutter,FB,431,64.14,99,85,35,35.35,10,10.1,186,61,32.8,14.15,105,24.36,38.52,19.13,62.5,25.19,0.176,0.283,0.212,0.495,0.036,502085
KC,Knuckle Curve,BR,175,26.04,49,45,10,20.41,3,6.12,77,19,24.68,10.86,24,13.71,24.57,31.48,29.17,15.87,0.378,0.429,0.533,0.962,0.155,502085
SL,Slider,BR,51,7.59,12,11,2,16.67,0,0.0,27,4,14.81,7.84,4,7.84,15.69,41.18,5.56,16.67,0.364,0.364,0.455,0.819,0.091,502085
SI,Sinker,FB,10,1.49,3,3,3,100.0,0,0.0,3,1,33.33,10.0,3,30.0,40.0,28.57,2.78,50.0,0.0,0.0,0.0,0.0,0.0,502085
,,,4,0.6,1,0,0,0.0,1,100.0,0,0,,0.0,0,0.0,0.0,,0.0,,,1.0,,,,502085
CH,Changeup,OS,1,0.15,1,1,0,0.0,0,0.0,1,0,0.0,0.0,0,0.0,0.0,,0.0,,0.0,0.0,0.0,0.0,0.0,502085
SI,Sinker,FB,68,50.37,15,13,3,20.0,2,13.33,21,2,9.52,2.94,22,32.35,35.29,4.0,50.0,10.34,0.154,0.267,0.231,0.498,0.077,502171
FS,Split-Finger,OS,52,38.52,15,15,4,26.67,0,0.0,28,6,21.43,11.54,3,5.77,17.31,44.44,44.83,15.38,0.2,0.2,0.333,0.533,0.133,502171
KC,Knuckle Curve,BR,13,9.63,2,2,0,0.0,0,0.0,7,3,42.86,23.08,4,30.77,53.85,66.67,3.45,0.0,0.5,0.5,0.5,1.0,0.0,502171
FF,4-Seam Fastball,FB,2,1.48,0,0,0,,0,,1,0,0.0,0.0,0,0.0,0.0,50.0,1.72,0.0,,,,,,502171
CU,Curveball,BR,30,40.0,9,7,2,22.22,1,11.11,13,4,30.77,13.33,4,13.33,26.67,30.0,65.0,15.38,0.286,0.444,0.714,1.158,0.428,502179
ST,Sweeper,BR,19,25.33,4,4,0,0.0,0,0.0,11,2,18.18,10.53,1,5.26,15.79,25.0,20.0,0.0,0.5,0.5,0.75,1.25,0.25,502179
FF,4-Seam Fastball,FB,18,24.0,4,3,0,0.0,1,25.0,6,1,16.67,5.56,5,27.78,33.33,0.0,10.0,0.0,0.667,0.75,1.333,2.083,0.6659999999999999,502179
CH,Changeup,OS,8,10.67,3,3,0,0.0,0,0.0,6,0,0.0,0.0,1,12.5,12.5,66.67,5.0,0.0,0.333,0.333,0.667,1.0,0.334,502179
FC,Cutter,FB,169,34.14,40,38,5,12.5,2,5.0,81,17,20.99,10.06,35,20.71,30.77,19.72,17.42,21.74,0.289,0.325,0.658,0.983,0.369,502624
ST,Sweeper,BR,144,29.09,41,39,9,21.95,1,2.44,70,19,27.14,13.19,17,11.81,25.0,32.56,39.39,17.31,0.154,0.171,0.231,0.402,0.077,502624
CH,Changeup,OS,89,17.98,26,24,5,19.23,1,3.85,44,14,31.82,15.73,11,12.36,28.09,19.05,21.21,17.86,0.25,0.28,0.625,0.905,0.375,502624
FF,4-Seam Fastball,FB,75,15.15,17,13,3,17.65,3,17.65,34,9,26.47,12.0,5,6.67,18.67,12.5,20.45,11.11,0.385,0.529,0.615,1.144,0.2299999999999999,502624
SI,Sinker,FB,14,2.83,6,4,1,16.67,1,16.67,7,1,14.29,7.14,1,7.14,14.29,25.0,0.76,100.0,0.0,0.333,0.0,0.333,0.0,502624
CU,Curveball,BR,4,0.81,1,1,0,0.0,0,0.0,1,0,0.0,0.0,1,25.0,25.0,0.0,0.76,0.0,0.0,0.0,0.0,0.0,0.0,502624
SL,Slider,BR,175,27.56,40,34,8,20.0,4,10.0,79,20,25.32,11.43,51,29.14,40.57,28.57,20.21,20.51,0.265,0.325,0.471,0.796,0.2059999999999999,506433
FF,4-Seam Fastball,FB,126,19.84,32,30,10,31.25,2,6.25,65,12,18.46,9.52,15,11.9,21.43,23.08,24.87,20.83,0.167,0.219,0.433,0.652,0.266,506433
SI,Sinker,FB,125,19.69,35,31,1,2.86,2,5.71,69,10,14.49,8.0,23,18.4,26.4,42.55,11.4,4.55,0.258,0.294,0.516,0.81,0.258,506433
ST,Sweeper,BR,96,15.12,32,29,9,28.12,2,6.25,50,14,28.0,14.58,13,13.54,28.12,32.0,21.76,21.43,0.138,0.219,0.172,0.391,0.0339999999999999,506433
CU,Curveball,BR,44,6.93,13,12,4,30.77,0,0.0,29,16,55.17,36.36,1,2.27,38.64,41.67,3.63,57.14,0.167,0.231,0.417,0.648,0.2499999999999999,506433
KC,Knuckle Curve,BR,22,3.46,7,6,3,42.86,1,14.29,11,4,36.36,18.18,1,4.55,22.73,26.67,6.74,23.08,0.0,0.143,0.0,0.143,0.0,506433
CH,Changeup,OS,20,3.15,6,6,2,33.33,0,0.0,11,3,27.27,15.0,1,5.0,20.0,46.67,5.7,18.18,0.333,0.333,0.5,0.833,0.1669999999999999,506433
FS,Split-Finger,OS,14,2.2,7,7,3,42.86,0,0.0,10,3,30.0,21.43,2,14.29,35.71,50.0,3.63,42.86,0.429,0.429,1.0,1.429,0.571,506433
FC,Cutter,FB,11,1.73,1,1,0,0.0,0,0.0,2,0,0.0,0.0,1,9.09,9.09,12.5,1.55,0.0,0.0,0.0,0.0,0.0,0.0,506433
,,,2,0.31,1,0,0,0.0,1,100.0,0,0,,0.0,0,0.0,0.0,,0.52,0.0,,1.0,,,,506433
SI,Sinker,FB,212,62.72,61,52,4,6.56,6,9.84,112,13,11.61,6.13,24,11.32,17.45,29.2,41.56,12.5,0.288,0.356,0.404,0.76,0.116,518397
CH,Changeup,OS,74,21.89,18,18,8,44.44,0,0.0,39,19,48.72,25.68,5,6.76,32.43,38.3,38.96,26.67,0.278,0.278,0.667,0.945,0.389,518397
,,,29,8.58,7,0,0,0.0,7,100.0,0,0,,0.0,0,0.0,0.0,,0.0,,,1.0,,,,518397
SL,Slider,BR,23,6.8,7,7,5,71.43,0,0.0,9,3,33.33,13.04,6,26.09,39.13,33.33,19.48,33.33,0.143,0.143,0.143,0.286,0.0,518397
SL,Slider,BR,81,43.32,23,20,6,26.09,0,0.0,41,14,34.15,17.28,11,13.58,30.86,35.42,53.7,20.69,0.15,0.136,0.55,0.686,0.4,518489
SI,Sinker,FB,59,31.55,15,13,1,6.67,2,13.33,24,4,16.67,6.78,12,20.34,27.12,26.67,3.7,50.0,0.231,0.333,0.231,0.5640000000000001,0.0,518489
FF,4-Seam Fastball,FB,47,25.13,15,14,9,60.0,1,6.67,27,9,33.33,19.15,10,21.28,40.43,28.57,42.59,39.13,0.0,0.067,0.0,0.067,0.0,518489
FS,Split-Finger,OS,251,40.35,75,68,56,74.67,5,6.67,140,92,65.71,36.65,18,7.17,43.82,47.67,76.65,37.09,0.103,0.176,0.118,0.294,0.015,518585
FF,4-Seam Fastball,FB,196,31.51,54,47,9,16.67,6,11.11,88,12,13.64,6.12,41,20.92,27.04,21.98,15.23,30.0,0.234,0.315,0.426,0.741,0.1919999999999999,518585
FC,Cutter,FB,165,26.53,34,29,3,8.82,5,14.71,69,20,28.99,12.12,35,21.21,33.33,25.56,7.61,20.0,0.276,0.382,0.483,0.865,0.2069999999999999,518585
,,,5,0.8,1,0,0,0.0,1,100.0,0,0,,0.0,0,0.0,0.0,,0.0,,,1.0,,,,518585
SL,Slider,BR,4,0.64,0,0,0,,0,,0,0,,0.0,0,0.0,0.0,0.0,0.51,0.0,,,,,,518585
SI,Sinker,FB,1,0.16,0,0,0,,0,,1,0,0.0,0.0,0,0.0,0.0,100.0,0.0,,,,,,,518585
FF,4-Seam Fastball,FB,166,49.11,42,35,18,42.86,6,14.29,75,25,33.33,15.06,32,19.28,34.34,25.32,50.83,29.51,0.229,0.333,0.6,0.933,0.371,518617
ST,Sweeper,BR,82,24.26,14,11,4,28.57,2,14.29,33,7,21.21,8.54,18,21.95,30.49,17.07,25.0,13.33,0.182,0.357,0.545,0.902,0.363,518617
CH,Changeup,OS,61,18.05,17,14,3,17.65,3,17.65,27,9,33.33,14.75,7,11.48,26.23,34.21,17.5,14.29,0.357,0.471,0.857,1.3279999999999998,0.5,518617
SI,Sinker,FB,29,8.58,5,3,0,0.0,2,40.0,13,7,53.85,24.14,3,10.34,34.48,18.75,6.67,0.0,0.0,0.4,0.0,0.4,0.0,518617
FC,Cutter,FB,139,24.82,29,29,3,10.34,0,0.0,77,11,14.29,7.91,32,23.02,30.94,22.22,6.99,23.08,0.241,0.241,0.345,0.586,0.1039999999999999,518876
SL,Slider,BR,130,23.21,33,32,9,27.27,1,3.03,69,28,40.58,21.54,12,9.23,30.77,37.21,26.34,18.37,0.281,0.303,0.469,0.772,0.1879999999999999,518876
SI,Sinker,FB,100,17.86,28,27,4,14.29,0,0.0,51,3,5.88,3.0,16,16.0,19.0,18.6,17.2,12.5,0.481,0.5,0.815,1.315,0.3339999999999999,518876
FF,4-Seam Fastball,FB,95,16.96,23,22,10,43.48,1,4.35,52,15,28.85,15.79,19,20.0,35.79,41.86,20.97,25.64,0.136,0.174,0.318,0.492,0.182,518876
CH,Changeup,OS,68,12.14,17,16,10,58.82,1,5.88,37,14,37.84,20.59,2,2.94,23.53,47.27,22.58,23.81,0.0,0.059,0.0,0.059,0.0,518876
CU,Curveball,BR,28,5.0,10,10,4,40.0,0,0.0,14,5,35.71,17.86,3,10.71,28.57,42.11,5.91,36.36,0.2,0.2,0.5,0.7,0.3,518876
FF,4-Seam Fastball,FB,315,65.9,84,66,24,28.57,13,15.48,144,41,28.47,13.02,57,18.1,31.11,15.44,64.62,28.57,0.212,0.357,0.348,0.705,0.1359999999999999,518886
KC,Knuckle Curve,BR,123,25.73,19,18,5,26.32,1,5.26,44,17,38.64,13.82,20,16.26,30.08,21.79,14.62,26.32,0.333,0.368,0.389,0.757,0.0559999999999999,518886
ST,Sweeper,BR,38,7.95,11,11,5,45.45,0,0.0,18,8,44.44,21.05,2,5.26,26.32,37.93,20.0,19.23,0.091,0.091,0.091,0.182,0.0,518886
,,,2,0.42,0,0,0,,0,,0,0,,0.0,0,0.0,0.0,,0.77,0.0,,,,,,518886
SI,Sinker,FB,178,38.86,54,48,4,7.41,5,9.26,89,6,6.74,3.37,32,17.98,21.35,25.32,42.02,8.0,0.292,0.352,0.438,0.79,0.146,519008
ST,Sweeper,BR,165,36.03,34,29,7,20.59,2,5.88,60,13,21.67,7.88,52,31.52,39.39,26.67,36.97,15.91,0.241,0.333,0.345,0.6779999999999999,0.1039999999999999,519008
CH,Changeup,OS,93,20.31,25,22,3,12.0,2,8.0,50,13,26.0,13.98,2,2.15,16.13,41.18,20.17,12.5,0.273,0.32,0.455,0.775,0.182,519008
,,,21,4.59,5,0,0,0.0,5,100.0,0,0,,0.0,0,0.0,0.0,,0.84,0.0,,1.0,,,,519008
FC,Cutter,FB,1,0.22,0,0,0,,0,,1,0,0.0,0.0,0,0.0,0.0,,0.0,,,,,,,519008
CH,Changeup,OS,249,46.2,74,68,16,21.62,3,4.05,130,44,33.85,17.67,23,9.24,26.91,32.86,58.28,18.18,0.25,0.292,0.515,0.8069999999999999,0.265,519043
FF,4-Seam Fastball,FB,243,45.08,51,36,9,17.65,14,27.45,125,35,28.0,14.4,36,14.81,29.22,26.45,32.45,18.37,0.25,0.46,0.361,0.821,0.1109999999999999,519043
KC,Knuckle Curve,BR,42,7.79,7,6,2,28.57,0,0.0,13,4,30.77,9.52,4,9.52,19.05,17.86,9.27,14.29,0.167,0.286,0.333,0.619,0.166,519043
,,,5,0.93,2,0,0,0.0,2,100.0,0,0,,0.0,0,0.0,0.0,,0.0,,,1.0,,,,519043
SL,Slider,BR,174,38.75,56,51,8,14.29,2,3.57,102,28,27.45,16.09,20,11.49,27.59,40.0,33.08,18.18,0.196,0.222,0.275,0.497,0.079,519151
FF,4-Seam Fastball,FB,153,34.08,35,32,8,22.86,3,8.57,85,23,27.06,15.03,26,16.99,32.03,23.53,29.32,20.51,0.375,0.429,0.594,1.023,0.2189999999999999,519151
CU,Curveball,BR,95,21.16,28,25,10,35.71,3,10.71,49,17,34.69,17.89,9,9.47,27.37,40.98,34.59,21.74,0.24,0.321,0.32,0.641,0.08,519151
CH,Changeup,OS,14,3.12,4,4,1,25.0,0,0.0,7,2,28.57,14.29,1,7.14,21.43,30.0,3.01,25.0,0.75,0.75,2.25,3.0,1.5,519151
SI,Sinker,FB,13,2.9,1,0,0,0.0,0,0.0,4,1,25.0,7.69,2,15.38,23.08,22.22,0.0,,,1.0,,,,519151
SL,Slider,BR,934,39.1,240,223,96,40.0,11,4.58,465,197,42.37,21.09,193,20.66,41.76,40.78,42.66,27.75,0.188,0.243,0.265,0.508,0.077,519242
FF,4-Seam Fastball,FB,919,38.47,201,182,69,34.33,15,7.46,443,109,24.6,11.86,140,15.23,27.09,24.51,38.22,22.26,0.264,0.325,0.412,0.737,0.1479999999999999,519242
CH,Changeup,OS,390,16.32,113,109,19,16.81,4,3.54,203,49,24.14,12.56,48,12.31,24.87,35.53,16.03,14.62,0.156,0.186,0.193,0.379,0.037,519242
SI,Sinker,FB,143,5.99,38,34,1,2.63,4,10.53,56,9,16.07,6.29,41,28.67,34.97,21.05,2.96,4.17,0.412,0.474,0.618,1.092,0.206,519242
,,,3,0.13,0,0,0,,0,,0,0,,0.0,0,0.0,0.0,,0.12,0.0,,,,,,519242
FF,4-Seam Fastball,FB,131,31.26,42,34,4,9.52,6,14.29,63,6,9.52,4.58,23,17.56,22.14,21.05,29.0,13.79,0.353,0.45,0.559,1.009,0.206,519293
SL,Slider,BR,112,26.73,30,25,6,20.0,4,13.33,55,14,25.45,12.5,11,9.82,22.32,23.73,51.0,11.76,0.28,0.4,0.48,0.88,0.1999999999999999,519293
CH,Changeup,OS,97,23.15,30,29,3,10.0,1,3.33,47,13,27.66,13.4,12,12.37,25.77,29.63,17.0,17.65,0.207,0.233,0.414,0.647,0.207,519293
CU,Curveball,BR,71,16.95,10,9,0,0.0,0,0.0,21,5,23.81,7.04,21,29.58,36.62,20.59,3.0,0.0,0.444,0.5,0.889,1.389,0.445,519293
,,,8,1.91,2,0,0,0.0,2,100.0,0,0,,0.0,0,0.0,0.0,,0.0,,,1.0,,,,519293
FC,Cutter,FB,262,36.14,73,71,20,27.4,2,2.74,133,41,30.83,15.65,40,15.27,30.92,33.33,40.93,22.73,0.197,0.219,0.394,0.613,0.197,519326
FF,4-Seam Fastball,FB,186,25.66,43,39,12,27.91,4,9.3,91,19,20.88,10.22,32,17.2,27.42,22.22,29.77,18.75,0.154,0.233,0.385,0.618,0.231,519326
SL,Slider,BR,112,15.45,28,27,4,14.29,1,3.57,52,18,34.62,16.07,20,17.86,33.93,32.79,8.84,21.05,0.222,0.25,0.222,0.472,0.0,519326
SI,Sinker,FB,98,13.52,26,24,1,3.85,0,0.0,49,8,16.33,8.16,16,16.33,24.49,27.08,5.12,9.09,0.375,0.385,0.667,1.052,0.292,519326
ST,Sweeper,BR,57,7.86,16,15,3,18.75,1,6.25,30,6,20.0,10.53,6,10.53,21.05,25.93,13.49,10.34,0.133,0.188,0.2,0.388,0.067,519326
,,,8,1.1,1,0,0,0.0,1,100.0,0,0,,0.0,0,0.0,0.0,,1.4,0.0,,1.0,,,,519326
CH,Changeup,OS,2,0.28,1,0,0,0.0,1,100.0,0,0,,0.0,0,0.0,0.0,0.0,0.47,0.0,,1.0,,,,519326
SI,Sinker,FB,113,42.16,27,25,2,7.41,1,3.7,51,5,9.8,4.42,25,22.12,26.55,24.0,15.38,16.67,0.24,0.296,0.24,0.536,0.0,523260
SL,Slider,BR,91,33.96,24,22,7,29.17,2,8.33,42,12,28.57,13.19,15,16.48,29.67,22.22,39.74,19.35,0.273,0.333,0.455,0.788,0.182,523260
FF,4-Seam Fastball,FB,39,14.55,11,9,2,18.18,2,18.18,17,1,5.88,2.56,5,12.82,15.38,14.29,26.92,9.52,0.222,0.364,0.556,0.92,0.3340000000000001,523260
KC,Knuckle Curve,BR,18,6.72,6,4,2,33.33,0,0.0,9,5,55.56,27.78,3,16.67,44.44,40.0,11.54,22.22,0.0,0.167,0.0,0.167,0.0,523260
CH,Changeup,OS,6,2.24,3,3,1,33.33,0,0.0,3,1,33.33,16.67,0,0.0,16.67,25.0,6.41,20.0,0.667,0.667,1.667,2.334,1.0,523260
,,,1,0.37,0,0,0,,0,,0,0,,0.0,0,0.0,0.0,,0.0,,,,,,,523260
SI,Sinker,FB,558,31.56,153,131,17,11.11,19,12.42,217,16,7.37,2.87,147,26.34,29.21,16.17,28.87,12.14,0.275,0.368,0.412,0.78,0.1369999999999999,527048
CH,Changeup,OS,455,25.74,134,125,31,23.13,8,5.97,238,79,33.19,17.36,42,9.23,26.59,37.29,30.93,20.67,0.288,0.331,0.456,0.787,0.168,527048
FC,Cutter,FB,399,22.57,91,84,23,25.27,7,7.69,184,34,18.48,8.52,84,21.05,29.57,23.37,21.03,22.55,0.298,0.352,0.631,0.983,0.333,527048
CU,Curveball,BR,267,15.1,59,55,11,18.64,4,6.78,108,32,29.63,11.99,61,22.85,34.83,27.81,11.34,20.0,0.218,0.271,0.291,0.562,0.0729999999999999,527048
FF,4-Seam Fastball,FB,85,4.81,26,21,2,7.69,3,11.54,41,2,4.88,2.35,6,7.06,9.41,20.83,7.42,5.56,0.429,0.538,0.857,1.395,0.428,527048
,,,4,0.23,0,0,0,,0,,0,0,,0.0,0,0.0,0.0,,0.41,0.0,,,,,,527048
SI,Sinker,FB,19,55.88,6,6,0,0.0,0,0.0,11,3,27.27,15.79,1,5.26,21.05,50.0,28.57,0.0,0.667,0.667,1.167,1.834,0.5,527054
FC,Cutter,FB,9,26.47,0,0,0,,0,,3,2,66.67,22.22,0,0.0,22.22,0.0,0.0,,,,,,,527054
CU,Curveball,BR,4,11.76,2,1,1,50.0,1,50.0,2,1,50.0,25.0,0,0.0,25.0,0.0,42.86,33.33,0.0,0.5,0.0,0.5,0.0,527054
CH,Changeup,OS,1,2.94,1,1,0,0.0,0,0.0,1,0,0.0,0.0,0,0.0,0.0,,14.29,0.0,0.0,0.0,0.0,0.0,0.0,527054
FF,4-Seam Fastball,FB,1,2.94,0,0,0,,0,,1,0,0.0,0.0,0,0.0,0.0,,14.29,0.0,,,,,,527054
SI,Sinker,FB,57,63.33,18,13,1,5.56,3,16.67,23,2,8.7,3.51,11,19.3,22.81,31.03,38.89,14.29,0.385,0.5,0.538,1.038,0.153,528748
CU,Curveball,BR,26,28.89,5,4,1,20.0,0,0.0,9,2,22.22,7.69,4,15.38,23.08,17.65,38.89,14.29,0.0,0.2,0.0,0.2,0.0,528748
FF,4-Seam Fastball,FB,4,4.44,2,2,1,50.0,0,0.0,3,1,33.33,25.0,0,0.0,25.0,50.0,16.67,33.33,0.0,0.0,0.0,0.0,0.0,528748
FC,Cutter,FB,2,2.22,0,0,0,,0,,0,0,,0.0,0,0.0,0.0,0.0,0.0,,,,,,,528748
CH,Changeup,OS,1,1.11,1,1,0,0.0,0,0.0,1,0,0.0,0.0,0,0.0,0.0,,5.56,0.0,0.0,0.0,0.0,0.0,0.0,528748
SI,Sinker,FB,80,52.29,23,21,5,21.74,1,4.35,36,6,16.67,7.5,22,27.5,35.0,14.29,34.04,31.25,0.095,0.174,0.095,0.269,0.0,541640
FC,Cutter,FB,46,30.07,13,10,2,15.38,3,23.08,25,8,32.0,17.39,6,13.04,30.43,40.91,29.79,14.29,0.3,0.462,0.9,1.362,0.6000000000000001,541640
CU,Curveball,BR,19,12.42,7,7,1,14.29,0,0.0,9,3,33.33,15.79,0,0.0,15.79,23.08,25.53,8.33,0.143,0.143,0.571,0.714,0.4279999999999999,541640
FF,4-Seam Fastball,FB,8,5.23,2,2,2,100.0,0,0.0,4,2,50.0,25.0,2,25.0,50.0,0.0,10.64,40.0,0.0,0.0,0.0,0.0,0.0,541640
SI,Sinker,FB,60,40.54,21,17,2,9.52,2,9.52,28,4,14.29,6.67,10,16.67,23.33,33.33,16.67,28.57,0.294,0.4,0.471,0.871,0.177,542585
SL,Slider,BR,55,37.16,10,10,1,10.0,0,0.0,22,5,22.73,9.09,9,16.36,25.45,18.75,26.19,9.09,0.0,0.0,0.0,0.0,0.0,542585
FF,4-Seam Fastball,FB,28,18.92,10,7,5,50.0,1,10.0,15,4,26.67,14.29,5,17.86,32.14,41.18,50.0,23.81,0.143,0.3,0.143,0.4429999999999999,0.0,542585
CH,Changeup,OS,3,2.03,0,0,0,,0,,0,0,,0.0,0,0.0,0.0,0.0,7.14,0.0,,,,,,542585
FC,Cutter,FB,2,1.35,0,0,0,,0,,0,0,,0.0,0,0.0,0.0,0.0,0.0,,,,,,,542585
CH,Changeup,OS,1033,45.87,286,256,64,22.38,27,9.44,531,208,39.17,20.14,138,13.36,33.49,36.0,48.4,21.19,0.188,0.262,0.262,0.524,0.074,542881
FF,4-Seam Fastball,FB,932,41.39,237,213,39,16.46,21,8.86,455,89,19.56,9.55,152,16.31,25.86,24.84,39.42,15.85,0.268,0.339,0.493,0.8320000000000001,0.2249999999999999,542881
FC,Cutter,FB,267,11.86,62,58,7,11.29,2,3.23,140,25,17.86,9.36,34,12.73,22.1,31.33,10.9,10.29,0.328,0.355,0.534,0.889,0.206,542881
SL,Slider,BR,12,0.53,1,0,0,0.0,1,100.0,1,0,0.0,0.0,0,0.0,0.0,0.0,1.28,0.0,,1.0,,,,542881
,,,7,0.31,2,0,0,0.0,2,100.0,0,0,,0.0,0,0.0,0.0,,0.0,,,1.0,,,,542881
CU,Curveball,BR,1,0.04,0,0,0,,0,,0,0,,0.0,0,0.0,0.0,0.0,0.0,,,,,,,542881
FF,4-Seam Fastball,FB,23,40.35,8,8,3,37.5,0,0.0,15,3,20.0,13.04,5,21.74,34.78,62.5,50.0,27.27,0.25,0.25,0.75,1.0,0.5,542882
FC,Cutter,FB,18,31.58,5,5,2,40.0,0,0.0,10,3,30.0,16.67,2,11.11,27.78,36.36,36.36,25.0,0.0,0.0,0.0,0.0,0.0,542882
SI,Sinker,FB,9,15.79,1,1,0,0.0,0,0.0,5,0,0.0,0.0,2,22.22,22.22,33.33,4.55,0.0,1.0,1.0,1.0,2.0,0.0,542882
CU,Curveball,BR,5,8.77,1,1,0,0.0,0,0.0,3,1,33.33,20.0,0,0.0,20.0,50.0,0.0,,1.0,1.0,1.0,2.0,0.0,542882
CH,Changeup,OS,1,1.75,0,0,0,,0,,0,0,,0.0,0,0.0,0.0,0.0,4.55,0.0,,,,,,542882
,,,1,1.75,0,0,0,,0,,0,0,,0.0,0,0.0,0.0,,4.55,0.0,,,,,,542882
SI,Sinker,FB,222,32.55,73,62,7,9.59,7,9.59,109,9,8.26,4.05,59,26.58,30.63,33.75,25.0,12.96,0.371,0.437,0.419,0.856,0.0479999999999999,542888
FC,Cutter,FB,193,28.3,41,37,4,9.76,4,9.76,91,22,24.18,11.4,24,12.44,23.83,25.45,14.81,12.5,0.216,0.293,0.351,0.6439999999999999,0.1349999999999999,542888
FF,4-Seam Fastball,FB,193,28.3,53,48,23,43.4,5,9.43,115,42,36.52,21.76,28,14.51,36.27,33.33,41.2,25.84,0.146,0.226,0.229,0.455,0.083,542888
ST,Sweeper,BR,42,6.16,10,10,3,30.0,0,0.0,19,5,26.32,11.9,4,9.52,21.43,26.92,9.26,15.0,0.1,0.1,0.2,0.3,0.1,542888
SV,Slurve,BR,30,4.4,6,6,3,50.0,0,0.0,9,3,33.33,10.0,1,3.33,13.33,23.08,9.26,15.0,0.167,0.167,0.333,0.5,0.166,542888
,,,2,0.29,0,0,0,,0,,0,0,,0.0,0,0.0,0.0,,0.46,0.0,,,,,,542888
FF,4-Seam Fastball,FB,256,43.84,66,56,13,19.7,7,10.61,113,21,18.58,8.2,58,22.66,30.86,22.02,45.65,15.48,0.25,0.364,0.589,0.953,0.3389999999999999,543037
SL,Slider,BR,127,21.75,42,42,10,23.81,0,0.0,76,24,31.58,18.9,11,8.66,27.56,38.81,25.0,21.74,0.238,0.238,0.238,0.476,0.0,543037
FC,Cutter,FB,97,16.61,29,28,7,24.14,1,3.45,52,19,36.54,19.59,12,12.37,31.96,35.29,14.67,25.93,0.286,0.31,0.464,0.774,0.178,543037
KC,Knuckle Curve,BR,93,15.92,21,21,5,23.81,0,0.0,40,11,27.5,11.83,24,25.81,37.63,28.21,12.5,21.74,0.095,0.095,0.095,0.19,0.0,543037
SI,Sinker,FB,5,0.86,3,2,0,0.0,1,33.33,3,0,0.0,0.0,0,0.0,0.0,0.0,1.09,0.0,0.5,0.667,0.5,1.167,0.0,543037
CH,Changeup,OS,4,0.68,0,0,0,,0,,0,0,,0.0,1,25.0,25.0,0.0,0.54,0.0,,,,,,543037
,,,2,0.34,1,0,0,0.0,1,100.0,0,0,,0.0,0,0.0,0.0,,0.54,0.0,,1.0,,,,543037
FC,Cutter,FB,91,28.44,19,17,4,21.05,2,10.53,42,12,28.57,13.19,20,21.98,35.16,32.65,17.54,20.0,0.235,0.316,0.647,0.963,0.412,543056
ST,Sweeper,BR,89,27.81,15,15,7,46.67,0,0.0,35,16,45.71,17.98,15,16.85,34.83,32.2,21.05,29.17,0.067,0.067,0.067,0.134,0.0,543056
FF,4-Seam Fastball,FB,56,17.5,13,10,3,23.08,3,23.08,19,3,15.79,5.36,16,28.57,33.93,20.83,16.67,15.79,0.0,0.231,0.0,0.231,0.0,543056
KC,Knuckle Curve,BR,46,14.37,13,13,8,61.54,0,0.0,23,5,21.74,10.87,6,13.04,23.91,34.62,34.21,20.51,0.154,0.154,0.385,0.539,0.231,543056
SI,Sinker,FB,38,11.88,7,7,0,0.0,0,0.0,21,1,4.76,2.63,4,10.53,13.16,23.53,10.53,0.0,0.143,0.143,0.143,0.286,0.0,543056
FF,4-Seam Fastball,FB,17,89.47,6,4,0,0.0,1,16.67,4,0,0.0,0.0,3,17.65,17.65,16.67,,,0.25,0.5,0.25,0.75,0.0,543063
CH,Changeup,OS,1,5.26,0,0,0,,0,,0,0,,0.0,0,0.0,0.0,0.0,,,,,,,,543063
CU,Curveball,BR,1,5.26,0,0,0,,0,,0,0,,0.0,0,0.0,0.0,0.0,,,,,,,,543063
FF,4-Seam Fastball,FB,530,39.67,163,144,32,19.63,12,7.36,266,42,15.79,7.92,104,19.62,27.55,26.03,45.06,17.11,0.208,0.288,0.319,0.607,0.111,543135
FS,Split-Finger,OS,395,29.57,99,91,36,36.36,6,6.06,246,104,42.28,26.33,25,6.33,32.66,46.02,31.81,27.27,0.176,0.222,0.231,0.453,0.055,543135
CU,Curveball,BR,172,12.87,32,31,14,43.75,0,0.0,72,30,41.67,17.44,31,18.02,35.47,31.07,13.98,24.14,0.226,0.25,0.548,0.798,0.322,543135
FC,Cutter,FB,155,11.6,35,32,3,8.57,3,8.57,71,11,15.49,7.1,25,16.13,23.23,19.51,6.27,11.54,0.25,0.314,0.531,0.845,0.281,543135
SL,Slider,BR,75,5.61,23,23,2,8.7,0,0.0,38,9,23.68,12.0,13,17.33,29.33,34.29,2.17,22.22,0.304,0.304,0.522,0.8260000000000001,0.218,543135
SI,Sinker,FB,8,0.6,5,5,1,20.0,0,0.0,7,1,14.29,12.5,0,0.0,12.5,0.0,0.72,33.33,0.2,0.2,0.2,0.4,0.0,543135
,,,1,0.07,0,0,0,,0,,0,0,,0.0,0,0.0,0.0,,0.0,,,,,,,543135
FF,4-Seam Fastball,FB,30,60.0,6,6,1,16.67,0,0.0,15,3,20.0,10.0,5,16.67,26.67,16.67,43.75,14.29,0.667,0.667,1.333,2.0,0.6659999999999999,543238
SL,Slider,BR,20,40.0,8,8,2,25.0,0,0.0,12,3,25.0,15.0,3,15.0,30.0,30.0,56.25,22.22,0.125,0.125,0.25,0.375,0.125,543238
SI,Sinker,FB,368,28.73,111,104,43,38.74,4,3.6,173,44,25.43,11.96,102,27.72,39.67,25.2,30.66,40.19,0.231,0.257,0.462,0.7190000000000001,0.231,543243
FC,Cutter,FB,336,26.23,73,65,7,9.59,6,8.22,161,51,31.68,15.18,61,18.15,33.33,26.32,5.16,38.89,0.246,0.306,0.308,0.614,0.062,543243
ST,Sweeper,BR,269,21.0,104,101,56,53.85,3,2.88,145,70,48.28,26.02,8,2.97,29.0,45.79,55.87,28.72,0.119,0.144,0.158,0.302,0.039,543243
FF,4-Seam Fastball,FB,191,14.91,46,40,6,13.04,4,8.7,82,21,25.61,10.99,48,25.13,36.13,21.95,4.58,37.5,0.35,0.4,0.65,1.05,0.3,543243
CU,Curveball,BR,111,8.67,22,21,3,13.64,0,0.0,52,12,23.08,10.81,17,15.32,26.13,23.53,3.44,25.0,0.143,0.143,0.238,0.381,0.095,543243
CH,Changeup,OS,3,0.23,1,1,0,0.0,0,0.0,1,0,0.0,0.0,1,33.33,33.33,0.0,0.0,,1.0,1.0,1.0,2.0,0.0,543243
,,,2,0.16,1,1,1,100.0,0,0.0,0,0,,0.0,0,0.0,0.0,,0.29,100.0,0.0,0.0,0.0,0.0,0.0,543243
CS,Slow Curve,BR,1,0.08,0,0,0,,0,,0,0,,0.0,0,0.0,0.0,0.0,0.0,,,,,,,543243
SI,Sinker,FB,484,44.28,153,141,16,10.46,9,5.88,248,22,8.87,4.55,110,22.73,27.27,36.27,35.11,12.0,0.305,0.346,0.426,0.772,0.121,543294
CH,Changeup,OS,372,34.03,84,74,13,15.48,6,7.14,180,39,21.67,10.48,49,13.17,23.66,27.5,36.8,9.92,0.257,0.301,0.446,0.747,0.189,543294
CU,Curveball,BR,164,15.0,26,24,8,30.77,1,3.85,50,14,28.0,8.54,36,21.95,30.49,19.79,17.13,13.11,0.167,0.2,0.167,0.367,0.0,543294
FF,4-Seam Fastball,FB,73,6.68,18,15,8,44.44,2,11.11,31,12,38.71,16.44,10,13.7,30.14,27.27,10.96,20.51,0.133,0.235,0.2,0.435,0.067,543294
FA,Other,,8,100.0,3,3,0,0.0,0,0.0,3,0,0.0,0.0,4,50.0,50.0,25.0,100.0,0.0,0.333,0.333,1.333,1.666,1.0,543305
SL,Slider,BR,269,55.24,76,71,27,35.53,5,6.58,137,61,44.53,22.68,27,10.04,32.71,33.74,58.21,34.62,0.127,0.184,0.225,0.409,0.098,543339
FF,4-Seam Fastball,FB,178,36.55,39,34,6,15.38,5,12.82,85,22,25.88,12.36,40,22.47,34.83,16.42,39.55,11.32,0.294,0.385,0.647,1.032,0.353,543339
SI,Sinker,FB,40,8.21,15,14,0,0.0,0,0.0,21,2,9.52,5.0,6,15.0,20.0,17.65,2.24,0.0,0.429,0.4,0.5,0.9,0.071,543339
SL,Slider,BR,164,65.08,38,34,9,23.68,4,10.53,71,25,35.21,15.24,23,14.02,29.27,22.34,66.23,17.65,0.206,0.289,0.382,0.671,0.176,543351
FF,4-Seam Fastball,FB,54,21.43,17,16,7,41.18,1,5.88,27,8,29.63,14.81,13,24.07,38.89,29.41,29.87,30.43,0.125,0.176,0.188,0.364,0.063,543351
SI,Sinker,FB,25,9.92,8,8,0,0.0,0,0.0,11,0,0.0,0.0,8,32.0,32.0,14.29,0.0,,0.375,0.375,0.375,0.75,0.0,543351
CH,Changeup,OS,9,3.57,1,1,0,0.0,0,0.0,3,0,0.0,0.0,2,22.22,22.22,0.0,3.9,0.0,1.0,1.0,4.0,5.0,3.0,543351
SL,Slider,BR,18,40.91,2,2,0,0.0,0,0.0,9,3,33.33,16.67,1,5.56,22.22,36.36,33.33,0.0,0.5,0.5,1.0,1.5,0.5,543391
FF,4-Seam Fastball,FB,12,27.27,5,5,1,20.0,0,0.0,8,2,25.0,16.67,1,8.33,25.0,25.0,58.33,14.29,0.4,0.4,1.0,1.4,0.6,543391
SI,Sinker,FB,10,22.73,5,3,0,0.0,1,20.0,6,0,0.0,0.0,2,20.0,20.0,33.33,0.0,,0.333,0.4,0.333,0.7330000000000001,0.0,543391
CH,Changeup,OS,3,6.82,1,1,0,0.0,0,0.0,2,0,0.0,0.0,0,0.0,0.0,50.0,8.33,0.0,1.0,1.0,1.0,2.0,0.0,543391
CU,Curveball,BR,1,2.27,0,0,0,,0,,1,0,0.0,0.0,0,0.0,0.0,,0.0,,,,,,,543391
ST,Sweeper,BR,11,33.33,3,3,0,0.0,0,0.0,7,3,42.86,27.27,2,18.18,45.45,66.67,10.0,0.0,0.0,0.0,0.0,0.0,0.0,543475
FF,4-Seam Fastball,FB,8,24.24,1,1,0,0.0,0,0.0,4,0,0.0,0.0,1,12.5,12.5,0.0,10.0,0.0,0.0,0.0,0.0,0.0,0.0,543475
SI,Sinker,FB,6,18.18,3,3,0,0.0,0,0.0,4,0,0.0,0.0,1,16.67,16.67,0.0,10.0,0.0,0.333,0.333,0.667,1.0,0.334,543475
CH,Changeup,OS,5,15.15,3,3,1,33.33,0,0.0,4,2,50.0,40.0,0,0.0,40.0,75.0,40.0,25.0,0.0,0.0,0.0,0.0,0.0,543475
CU,Curveball,BR,3,9.09,0,0,0,,0,,1,0,0.0,0.0,0,0.0,0.0,0.0,30.0,0.0,,,,,,543475
EP,Eephus,,4,80.0,3,3,0,0.0,0,0.0,3,0,0.0,0.0,1,25.0,25.0,,,,0.333,0.333,0.333,0.666,0.0,543510
KN,Knuckleball,,1,20.0,0,0,0,,0,,0,0,,0.0,0,0.0,0.0,0.0,,,,,,,,543510
FF,4-Seam Fastball,FB,163,48.37,48,40,6,12.5,7,14.58,84,15,17.86,9.2,24,14.72,23.93,22.06,39.58,15.79,0.425,0.5,0.975,1.475,0.55,543518
SL,Slider,BR,77,22.85,20,19,0,0.0,0,0.0,43,6,13.95,7.79,7,9.09,16.88,22.22,15.62,0.0,0.263,0.25,0.474,0.724,0.2109999999999999,543518
FS,Split-Finger,OS,74,21.96,18,16,9,50.0,1,5.56,42,23,54.76,31.08,4,5.41,36.49,38.64,42.71,21.95,0.062,0.167,0.25,0.417,0.188,543518
SI,Sinker,FB,22,6.53,7,6,0,0.0,0,0.0,12,1,8.33,4.55,3,13.64,18.18,36.36,2.08,0.0,0.0,0.0,0.0,0.0,0.0,543518
,,,1,0.3,0,0,0,,0,,0,0,,0.0,0,0.0,0.0,,0.0,,,,,,,543518
FC,Cutter,FB,37,72.55,9,8,3,33.33,1,11.11,20,5,25.0,13.51,7,18.92,32.43,23.08,80.0,25.0,0.125,0.222,0.125,0.347,0.0,543766
ST,Sweeper,BR,10,19.61,2,2,0,0.0,0,0.0,3,0,0.0,0.0,0,0.0,0.0,0.0,6.67,0.0,0.5,0.5,0.5,1.0,0.0,543766
SI,Sinker,FB,3,5.88,1,1,0,0.0,0,0.0,1,0,0.0,0.0,0,0.0,0.0,0.0,6.67,0.0,1.0,1.0,2.0,3.0,1.0,543766
CU,Curveball,BR,1,1.96,0,0,0,,0,,0,0,,0.0,0,0.0,0.0,0.0,6.67,0.0,,,,,,543766
SL,Slider,BR,339,37.46,90,85,27,30.0,4,4.44,155,44,28.39,12.98,30,8.85,21.83,32.0,55.94,15.08,0.235,0.267,0.329,0.5960000000000001,0.094,543859
FF,4-Seam Fastball,FB,292,32.27,82,65,30,36.59,12,14.63,147,41,27.89,14.04,66,22.6,36.64,29.73,38.44,24.39,0.154,0.317,0.262,0.579,0.108,543859
SI,Sinker,FB,165,18.23,34,31,2,5.88,1,2.94,83,17,20.48,10.3,46,27.88,38.18,50.0,2.5,25.0,0.355,0.412,0.452,0.864,0.097,543859
ST,Sweeper,BR,108,11.93,11,9,0,0.0,0,0.0,39,9,23.08,8.33,19,17.59,25.93,18.03,3.12,0.0,0.333,0.455,0.333,0.788,0.0,543859
,,,1,0.11,0,0,0,,0,,0,0,,0.0,0,0.0,0.0,,0.0,,,,,,,543859
FF,4-Seam Fastball,FB,526,45.42,133,119,22,16.54,9,6.77,281,51,18.15,9.7,64,12.17,21.86,28.24,46.09,12.87,0.261,0.326,0.42,0.746,0.1589999999999999,544150
FC,Cutter,FB,371,32.04,96,90,17,17.71,4,4.17,191,59,30.89,15.9,58,15.63,31.54,39.07,26.42,17.35,0.233,0.263,0.356,0.619,0.1229999999999999,544150
CU,Curveball,BR,156,13.47,45,41,11,24.44,1,2.22,71,20,28.17,12.82,14,8.97,21.79,17.86,16.44,18.03,0.195,0.205,0.293,0.498,0.0979999999999999,544150
CH,Changeup,OS,99,8.55,28,26,10,35.71,2,7.14,51,12,23.53,12.12,12,12.12,24.24,20.83,10.51,25.64,0.192,0.25,0.385,0.635,0.193,544150
SV,Slurve,BR,4,0.35,1,1,0,0.0,0,0.0,3,0,0.0,0.0,0,0.0,0.0,100.0,0.27,0.0,1.0,1.0,2.0,3.0,1.0,544150
,,,2,0.17,0,0,0,,0,,0,0,,0.0,0,0.0,0.0,,0.27,0.0,,,,,,544150
EP,Eephus,,4,66.67,3,2,0,0.0,0,0.0,3,0,0.0,0.0,0,0.0,0.0,66.67,,,1.0,1.0,1.0,2.0,0.0,545121
FA,Other,,2,33.33,1,1,0,0.0,0,0.0,2,0,0.0,0.0,0,0.0,0.0,,,,0.0,0.0,0.0,0.0,0.0,545121
FF,4-Seam Fastball,FB,66,30.84,14,11,4,28.57,3,21.43,25,4,16.0,6.06,15,22.73,28.79,16.67,35.14,15.38,0.273,0.429,0.273,0.702,0.0,547001
ST,Sweeper,BR,63,29.44,14,14,3,21.43,0,0.0,26,5,19.23,7.94,12,19.05,26.98,22.22,29.73,13.64,0.214,0.214,0.214,0.428,0.0,547001
SI,Sinker,FB,49,22.9,15,13,2,13.33,1,6.67,26,3,11.54,6.12,9,18.37,24.49,30.0,17.57,15.38,0.308,0.4,0.692,1.092,0.3839999999999999,547001
CH,Changeup,OS,25,11.68,4,4,2,50.0,0,0.0,14,3,21.43,12.0,2,8.0,20.0,33.33,12.16,22.22,0.0,0.0,0.0,0.0,0.0,547001
CU,Curveball,BR,11,5.14,4,4,0,0.0,0,0.0,5,0,0.0,0.0,2,18.18,18.18,0.0,5.41,0.0,0.25,0.25,0.25,0.5,0.0,547001
SI,Sinker,FB,345,31.68,109,100,13,11.93,5,4.59,157,11,7.01,3.19,85,24.64,27.83,23.65,24.12,17.33,0.33,0.376,0.51,0.886,0.18,547179
FF,4-Seam Fastball,FB,251,23.05,65,56,15,23.08,9,13.85,111,22,19.82,8.76,46,18.33,27.09,15.7,25.72,18.75,0.179,0.292,0.357,0.649,0.178,547179
SL,Slider,BR,148,13.59,38,35,1,2.63,3,7.89,65,16,24.62,10.81,28,18.92,29.73,30.68,10.93,2.94,0.4,0.447,0.686,1.133,0.286,547179
ST,Sweeper,BR,128,11.75,23,21,4,17.39,1,4.35,55,17,30.91,13.28,17,13.28,26.56,29.33,11.9,10.81,0.19,0.227,0.429,0.656,0.239,547179
CH,Changeup,OS,109,10.01,35,30,12,34.29,5,14.29,57,21,36.84,19.27,5,4.59,23.85,27.69,21.86,17.65,0.1,0.229,0.1,0.329,0.0,547179
CU,Curveball,BR,65,5.97,8,7,1,12.5,1,12.5,19,5,26.32,7.69,13,20.0,27.69,13.16,4.18,7.69,0.286,0.375,0.286,0.661,0.0,547179
FC,Cutter,FB,42,3.86,7,5,0,0.0,2,28.57,13,4,30.77,9.52,6,14.29,23.81,13.33,1.29,0.0,0.6,0.714,1.8,2.514,1.2000000000000002,547179
,,,1,0.09,0,0,0,,0,,0,0,,0.0,0,0.0,0.0,,0.0,,,,,,,547179
ST,Sweeper,BR,167,64.23,57,53,8,14.04,2,3.51,95,24,25.26,14.37,21,12.57,26.95,38.27,75.76,16.0,0.226,0.25,0.264,0.514,0.038,547184
FF,4-Seam Fastball,FB,56,21.54,12,10,3,25.0,2,16.67,16,4,25.0,7.14,15,26.79,33.93,21.88,22.73,20.0,0.1,0.25,0.1,0.35,0.0,547184
SL,Slider,BR,36,13.85,5,5,1,20.0,0,0.0,12,2,16.67,5.56,12,33.33,38.89,16.67,1.52,100.0,0.4,0.4,0.8,1.2000000000000002,0.4,547184
SI,Sinker,FB,1,0.38,1,1,0,0.0,0,0.0,1,0,0.0,0.0,0,0.0,0.0,100.0,0.0,,1.0,1.0,2.0,3.0,1.0,547184
SI,Sinker,FB,278,32.98,78,73,42,53.85,5,6.41,151,52,34.44,18.71,28,10.07,28.78,31.94,58.17,23.6,0.178,0.231,0.384,0.615,0.206,547973
FF,4-Seam Fastball,FB,255,30.25,49,36,8,16.33,13,26.53,102,25,24.51,9.8,61,23.92,33.73,8.82,10.78,24.24,0.222,0.429,0.333,0.762,0.111,547973
SL,Slider,BR,184,21.83,33,26,9,27.27,6,18.18,70,22,31.43,11.96,48,26.09,38.04,24.14,10.78,27.27,0.308,0.424,0.423,0.847,0.1149999999999999,547973
FS,Split-Finger,OS,124,14.71,30,30,18,60.0,0,0.0,65,30,46.15,24.19,10,8.06,32.26,42.86,20.26,29.03,0.1,0.1,0.133,0.233,0.033,547973
,,,2,0.24,0,0,0,,0,,0,0,,0.0,0,0.0,0.0,,0.0,,,,,,,547973
ST,Sweeper,BR,37,44.05,10,8,3,30.0,1,10.0,20,3,15.0,8.11,5,13.51,21.62,20.0,56.76,14.29,0.0,0.1,0.0,0.1,0.0,548384
FC,Cutter,FB,24,28.57,4,2,0,0.0,2,50.0,5,0,0.0,0.0,7,29.17,29.17,21.43,24.32,0.0,0.5,0.75,1.0,1.75,0.5,548384
CH,Changeup,OS,18,21.43,6,6,3,50.0,0,0.0,10,6,60.0,33.33,2,11.11,44.44,57.14,18.92,42.86,0.167,0.167,0.167,0.334,0.0,548384
SI,Sinker,FB,5,5.95,0,0,0,,0,,1,0,0.0,0.0,3,60.0,60.0,0.0,0.0,,,,,,,548384
FF,4-Seam Fastball,FB,206,32.44,47,38,11,23.4,9,19.15,82,15,18.29,7.28,50,24.27,31.55,21.82,40.33,15.07,0.211,0.362,0.342,0.704,0.131,548389
FC,Cutter,FB,154,24.25,41,36,5,12.2,4,9.76,70,11,15.71,7.14,26,16.88,24.03,24.69,16.02,17.24,0.25,0.317,0.361,0.6779999999999999,0.1109999999999999,548389
SL,Slider,BR,99,15.59,34,34,4,11.76,0,0.0,60,11,18.33,11.11,7,7.07,18.18,38.0,20.44,10.81,0.265,0.265,0.529,0.794,0.264,548389
SI,Sinker,FB,78,12.28,27,24,1,3.7,2,7.41,41,5,12.2,6.41,13,16.67,23.08,36.11,4.97,11.11,0.417,0.481,0.458,0.939,0.041,548389
KC,Knuckle Curve,BR,66,10.39,16,16,1,6.25,0,0.0,24,4,16.67,6.06,20,30.3,36.36,16.67,11.05,5.0,0.25,0.25,0.312,0.562,0.062,548389
CH,Changeup,OS,31,4.88,10,10,2,20.0,0,0.0,23,6,26.09,19.35,1,3.23,22.58,46.15,6.63,16.67,0.4,0.4,0.7,1.1,0.2999999999999999,548389
,,,1,0.16,0,0,0,,0,,0,0,,0.0,0,0.0,0.0,,0.55,0.0,,,,,,548389
SL,Slider,BR,338,52.08,86,83,29,33.72,3,3.49,173,73,42.2,21.6,64,18.93,40.53,42.86,61.29,25.44,0.12,0.151,0.253,0.404,0.133,552640
SI,Sinker,FB,260,40.06,77,67,6,7.79,7,9.09,135,13,9.63,5.0,45,17.31,22.31,32.46,23.12,13.95,0.269,0.329,0.358,0.687,0.0889999999999999,552640
FF,4-Seam Fastball,FB,35,5.39,16,13,8,50.0,2,12.5,23,8,34.78,22.86,1,2.86,25.71,50.0,14.52,29.63,0.154,0.25,0.154,0.404,0.0,552640
,,,9,1.39,2,0,0,0.0,2,100.0,0,0,,0.0,0,0.0,0.0,,0.0,,,1.0,,,,552640
FC,Cutter,FB,6,0.92,2,2,0,0.0,0,0.0,3,0,0.0,0.0,0,0.0,0.0,25.0,1.08,0.0,0.5,0.5,0.5,1.0,0.0,552640
PO,Pitch Out,,1,0.15,0,0,0,,0,,0,0,,0.0,0,0.0,0.0,0.0,0.0,,,,,,,552640
FF,4-Seam Fastball,FB,102,29.65,32,30,17,53.12,1,3.12,68,23,33.82,22.55,8,7.84,30.39,40.48,45.38,31.48,0.067,0.097,0.1,0.197,0.033,554340
SI,Sinker,FB,92,26.74,21,17,1,4.76,2,9.52,49,10,20.41,10.87,17,18.48,29.35,43.75,9.24,9.09,0.118,0.286,0.118,0.4039999999999999,0.0,554340
ST,Sweeper,BR,80,23.26,18,18,7,38.89,0,0.0,34,11,32.35,13.75,15,18.75,32.5,26.19,26.89,21.88,0.111,0.111,0.222,0.333,0.111,554340
CU,Curveball,BR,39,11.34,6,6,1,16.67,0,0.0,17,2,11.76,5.13,9,23.08,28.21,29.41,5.88,14.29,0.333,0.333,0.333,0.666,0.0,554340
SL,Slider,BR,28,8.14,7,6,0,0.0,1,14.29,12,1,8.33,3.57,4,14.29,17.86,8.33,10.92,0.0,0.167,0.286,0.167,0.4529999999999999,0.0,554340
CH,Changeup,OS,2,0.58,1,1,1,100.0,0,0.0,2,1,50.0,50.0,0,0.0,50.0,100.0,1.68,50.0,0.0,0.0,0.0,0.0,0.0,554340
,,,1,0.29,0,0,0,,0,,0,0,,0.0,0,0.0,0.0,,0.0,,,,,,,554340
FF,4-Seam Fastball,FB,507,35.91,105,96,41,39.05,8,7.62,272,95,34.93,18.74,102,20.12,38.86,32.24,38.44,23.03,0.167,0.229,0.271,0.5,0.104,554430
SI,Sinker,FB,472,33.43,149,138,25,16.78,4,2.68,263,41,15.59,8.69,71,15.04,23.73,46.06,20.73,26.04,0.181,0.23,0.225,0.455,0.044,554430
ST,Sweeper,BR,319,22.59,83,82,28,33.73,1,1.2,158,53,33.54,16.61,36,11.29,27.9,31.82,24.19,25.0,0.134,0.145,0.244,0.389,0.1099999999999999,554430
CU,Curveball,BR,61,4.32,16,15,8,50.0,0,0.0,21,9,42.86,14.75,4,6.56,21.31,29.41,9.07,19.05,0.267,0.267,0.267,0.534,0.0,554430
FS,Split-Finger,OS,47,3.33,16,16,11,68.75,0,0.0,35,18,51.43,38.3,0,0.0,38.3,62.5,7.13,30.3,0.0,0.0,0.0,0.0,0.0,554430
FC,Cutter,FB,5,0.35,1,1,0,0.0,0,0.0,4,1,25.0,20.0,0,0.0,20.0,,0.43,0.0,0.0,0.0,0.0,0.0,0.0,554430
,,,1,0.07,0,0,0,,0,,0,0,,0.0,0,0.0,0.0,,0.0,,,,,,,554430
FF,4-Seam Fastball,FB,72,62.61,18,16,3,16.67,2,11.11,39,7,17.95,9.72,11,15.28,25.0,27.27,55.26,14.29,0.5,0.556,0.875,1.431,0.375,554431
SL,Slider,BR,41,35.65,10,10,2,20.0,0,0.0,22,3,13.64,7.32,7,17.07,24.39,33.33,44.74,11.76,0.2,0.2,0.3,0.5,0.0999999999999999,554431
FC,Cutter,FB,1,0.87,0,0,0,,0,,0,0,,0.0,0,0.0,0.0,0.0,0.0,,,,,,,554431
SI,Sinker,FB,1,0.87,0,0,0,,0,,1,0,0.0,0.0,0,0.0,0.0,,0.0,,,,,,,554431
CH,Changeup,OS,61,45.52,19,18,4,21.05,0,0.0,40,8,20.0,13.11,6,9.84,22.95,48.28,44.19,21.05,0.278,0.263,0.722,0.985,0.4439999999999999,570257
SI,Sinker,FB,59,44.03,11,10,1,9.09,1,9.09,22,2,9.09,3.39,16,27.12,30.51,12.0,44.19,5.26,0.4,0.455,0.7,1.155,0.2999999999999999,570257
ST,Sweeper,BR,14,10.45,3,3,2,66.67,0,0.0,8,5,62.5,35.71,2,14.29,50.0,60.0,11.63,40.0,0.333,0.333,0.333,0.666,0.0,570257
SI,Sinker,FB,436,45.23,142,130,12,8.45,11,7.75,216,31,14.35,7.11,84,19.27,26.38,24.47,39.37,12.0,0.262,0.324,0.323,0.647,0.061,570632
SL,Slider,BR,407,42.22,93,85,21,22.58,6,6.45,182,55,30.22,13.51,58,14.25,27.76,27.35,44.49,17.7,0.282,0.333,0.447,0.78,0.165,570632
CH,Changeup,OS,60,6.22,17,16,4,23.53,1,5.88,31,10,32.26,16.67,4,6.67,23.33,26.47,10.24,15.38,0.125,0.176,0.5,0.6759999999999999,0.375,570632
FF,4-Seam Fastball,FB,59,6.12,6,6,0,0.0,0,0.0,25,5,20.0,8.47,8,13.56,22.03,16.13,5.91,0.0,0.5,0.5,1.333,1.833,0.833,570632
PO,Pitch Out,,1,0.1,0,0,0,,0,,0,0,,0.0,0,0.0,0.0,0.0,0.0,,,,,,,570632
,,,1,0.1,0,0,0,,0,,0,0,,0.0,0,0.0,0.0,,0.0,,,,,,,570632
EP,Eephus,,6,85.71,3,3,0,0.0,0,0.0,3,0,0.0,0.0,0,0.0,0.0,25.0,,,0.0,0.0,0.0,0.0,0.0,571466
FA,Other,,1,14.29,1,1,0,0.0,0,0.0,1,0,0.0,0.0,0,0.0,0.0,,,,1.0,1.0,1.0,2.0,0.0,571466
FF,4-Seam Fastball,FB,230,42.59,46,38,11,23.91,6,13.04,118,26,22.03,11.3,28,12.17,23.48,23.93,33.93,19.3,0.237,0.348,0.395,0.743,0.158,571510
CH,Changeup,OS,157,29.07,45,43,10,22.22,2,4.44,85,31,36.47,19.75,23,14.65,34.39,34.62,25.6,23.26,0.256,0.289,0.302,0.591,0.0459999999999999,571510
SL,Slider,BR,72,13.33,19,17,9,47.37,1,5.26,29,10,34.48,13.89,14,19.44,33.33,34.04,22.02,24.32,0.118,0.211,0.235,0.4459999999999999,0.1169999999999999,571510
CU,Curveball,BR,52,9.63,12,12,6,50.0,0,0.0,19,9,47.37,17.31,16,30.77,48.08,30.77,8.33,42.86,0.167,0.167,0.25,0.417,0.0829999999999999,571510
SI,Sinker,FB,29,5.37,13,12,1,7.69,1,7.69,17,2,11.76,6.9,3,10.34,17.24,10.0,10.12,5.88,0.333,0.385,0.583,0.968,0.2499999999999999,571510
SI,Sinker,FB,11,35.48,1,1,0,0.0,0,0.0,5,1,20.0,9.09,3,27.27,36.36,25.0,0.0,,0.0,0.0,0.0,0.0,0.0,571527
FC,Cutter,FB,11,35.48,3,3,0,0.0,0,0.0,5,0,0.0,0.0,2,18.18,18.18,25.0,40.0,0.0,0.333,0.333,0.333,0.666,0.0,571527
CH,Changeup,OS,7,22.58,4,3,0,0.0,1,25.0,3,0,0.0,0.0,0,0.0,0.0,0.0,50.0,0.0,0.0,0.25,0.0,0.25,0.0,571527
CU,Curveball,BR,2,6.45,0,0,0,,0,,0,0,,0.0,1,50.0,50.0,0.0,10.0,0.0,,,,,,571527
FC,Cutter,FB,29,37.18,3,3,1,33.33,0,0.0,8,2,25.0,6.9,10,34.48,41.38,9.09,17.24,20.0,0.0,0.0,0.0,0.0,0.0,571539
FO,Forkball,OS,20,25.64,8,8,4,50.0,0,0.0,15,5,33.33,25.0,1,5.0,30.0,66.67,51.72,26.67,0.25,0.25,0.625,0.875,0.375,571539
FF,4-Seam Fastball,FB,17,21.79,5,5,1,20.0,0,0.0,11,1,9.09,5.88,5,29.41,35.29,,20.69,16.67,0.0,0.0,0.0,0.0,0.0,571539
SI,Sinker,FB,12,15.38,4,3,0,0.0,0,0.0,5,0,0.0,0.0,2,16.67,16.67,16.67,10.34,0.0,0.333,0.5,0.333,0.833,0.0,571539
SI,Sinker,FB,802,34.78,264,239,30,11.36,19,7.2,385,33,8.57,4.11,165,20.57,24.69,25.07,29.75,14.85,0.377,0.421,0.636,1.057,0.259,571578
SL,Slider,BR,701,30.4,153,139,38,24.84,11,7.19,352,119,33.81,16.98,73,10.41,27.39,37.97,34.46,16.24,0.209,0.27,0.331,0.601,0.122,571578
FC,Cutter,FB,534,23.16,143,135,33,23.08,4,2.8,290,65,22.41,12.17,65,12.17,24.34,31.75,28.13,16.75,0.289,0.308,0.43,0.738,0.141,571578
FF,4-Seam Fastball,FB,120,5.2,32,28,3,9.38,2,6.25,49,5,10.2,4.17,14,11.67,15.83,15.15,3.98,11.11,0.357,0.387,0.607,0.994,0.25,571578
CH,Changeup,OS,96,4.16,22,21,3,13.64,1,4.55,42,12,28.57,12.5,7,7.29,19.79,29.41,3.39,13.04,0.429,0.455,0.81,1.265,0.381,571578
CU,Curveball,BR,50,2.17,6,5,0,0.0,1,16.67,22,10,45.45,20.0,13,26.0,46.0,23.81,0.29,0.0,0.4,0.5,1.0,1.5,0.6,571578
CS,Slow Curve,BR,2,0.09,0,0,0,,0,,0,0,,0.0,2,100.0,100.0,,0.0,,,,,,,571578
FS,Split-Finger,OS,1,0.04,1,1,0,0.0,0,0.0,1,0,0.0,0.0,0,0.0,0.0,,0.0,,0.0,0.0,0.0,0.0,0.0,571578
SL,Slider,BR,278,40.88,62,57,23,37.1,3,4.84,105,42,40.0,15.11,53,19.06,34.17,22.64,43.27,25.56,0.14,0.18,0.333,0.513,0.193,571656
SI,Sinker,FB,238,35.0,71,60,7,9.86,7,9.86,117,19,16.24,7.98,53,22.27,30.25,32.04,21.63,15.56,0.25,0.352,0.4,0.752,0.15,571656
CH,Changeup,OS,92,13.53,24,21,10,41.67,0,0.0,55,21,38.18,22.83,8,8.7,31.52,47.27,22.6,21.28,0.143,0.25,0.143,0.393,0.0,571656
FF,4-Seam Fastball,FB,65,9.56,19,19,4,21.05,0,0.0,31,4,12.9,6.15,14,21.54,27.69,24.14,12.02,16.0,0.316,0.316,0.684,1.0,0.368,571656
,,,6,0.88,2,0,0,0.0,2,100.0,0,0,,0.0,0,0.0,0.0,,0.0,,,1.0,,,,571656
PO,Pitch Out,,1,0.15,0,0,0,,0,,0,0,,0.0,0,0.0,0.0,0.0,0.48,0.0,,,,,,571656
EP,Eephus,,24,100.0,9,8,0,0.0,1,11.11,12,0,0.0,0.0,3,12.5,12.5,47.37,100.0,0.0,0.25,0.333,0.25,0.583,0.0,571657
SI,Sinker,FB,358,54.16,106,97,20,18.87,6,5.66,137,10,7.3,2.79,123,34.36,37.15,21.48,50.28,21.98,0.289,0.333,0.402,0.7350000000000001,0.113,571670
SL,Slider,BR,225,34.04,50,47,9,18.0,3,6.0,97,36,37.11,16.0,25,11.11,27.11,25.53,29.83,16.67,0.213,0.26,0.298,0.558,0.0849999999999999,571670
FF,4-Seam Fastball,FB,66,9.98,19,18,4,21.05,1,5.26,31,5,16.13,7.58,13,19.7,27.27,22.22,17.13,12.9,0.111,0.158,0.167,0.325,0.056,571670
CH,Changeup,OS,10,1.51,3,3,0,0.0,0,0.0,6,1,16.67,10.0,1,10.0,20.0,25.0,2.21,0.0,0.667,0.667,0.667,1.334,0.0,571670
,,,2,0.3,1,0,0,0.0,1,100.0,0,0,,0.0,0,0.0,0.0,,0.55,0.0,,1.0,,,,571670
FF,4-Seam Fastball,FB,1080,49.41,239,212,61,25.52,21,8.79,516,124,24.03,11.48,198,18.33,29.81,19.05,49.86,17.53,0.222,0.298,0.401,0.6990000000000001,0.179,571760
SL,Slider,BR,554,25.34,166,154,51,30.72,6,3.61,321,119,37.07,21.48,64,11.55,33.03,46.04,30.66,23.83,0.253,0.307,0.396,0.7030000000000001,0.143,571760
CH,Changeup,OS,434,19.85,134,131,17,12.69,1,0.75,252,62,24.6,14.29,29,6.68,20.97,39.62,16.62,14.66,0.244,0.248,0.397,0.645,0.153,571760
CU,Curveball,BR,90,4.12,9,8,0,0.0,1,11.11,28,5,17.86,5.56,28,31.11,36.67,20.93,1.86,0.0,0.625,0.667,1.375,2.042,0.75,571760
SV,Slurve,BR,11,0.5,1,1,0,0.0,0,0.0,4,0,0.0,0.0,2,18.18,18.18,28.57,0.72,0.0,0.0,0.0,0.0,0.0,0.0,571760
,,,7,0.32,1,0,0,0.0,1,100.0,0,0,,0.0,0,0.0,0.0,,0.0,,,1.0,,,,571760
FC,Cutter,FB,5,0.23,2,2,1,50.0,0,0.0,3,1,33.33,20.0,0,0.0,20.0,0.0,0.29,50.0,0.5,0.5,0.5,1.0,0.0,571760
CS,Slow Curve,BR,3,0.14,0,0,0,,0,,0,0,,0.0,2,66.67,66.67,0.0,0.0,,,,,,,571760
SI,Sinker,FB,2,0.09,1,1,0,0.0,0,0.0,1,0,0.0,0.0,0,0.0,0.0,0.0,0.0,,1.0,1.0,1.0,2.0,0.0,571760
EP,Eephus,,24,100.0,9,9,0,0.0,0,0.0,10,0,0.0,0.0,3,12.5,12.5,7.69,,,0.111,0.111,0.111,0.222,0.0,571771
FC,Cutter,FB,4,57.14,0,0,0,,0,,1,1,100.0,25.0,2,50.0,75.0,50.0,33.33,0.0,,,,,,571863
SL,Slider,BR,3,42.86,2,2,0,0.0,0,0.0,3,1,33.33,33.33,0,0.0,33.33,,66.67,0.0,0.5,0.5,1.0,1.5,0.5,571863
FC,Cutter,FB,295,34.22,80,70,8,10.0,9,11.25,146,45,30.82,15.25,53,17.97,33.22,34.23,19.6,16.33,0.286,0.362,0.357,0.719,0.071,571882
SL,Slider,BR,245,28.42,77,72,21,27.27,2,2.6,137,45,32.85,18.37,24,9.8,28.16,43.54,46.4,18.1,0.208,0.221,0.278,0.499,0.07,571882
FF,4-Seam Fastball,FB,144,16.71,40,38,10,25.0,1,2.5,75,14,18.67,9.72,21,14.58,24.31,25.81,23.2,17.24,0.289,0.3,0.474,0.774,0.185,571882
SI,Sinker,FB,129,14.97,34,32,1,2.94,0,0.0,66,9,13.64,6.98,19,14.73,21.71,31.67,6.4,6.25,0.344,0.353,0.406,0.759,0.062,571882
CU,Curveball,BR,31,3.6,4,3,0,0.0,0,0.0,6,0,0.0,0.0,9,29.03,29.03,0.0,1.2,0.0,0.667,0.667,2.667,3.334,2.0,571882
CH,Changeup,OS,15,1.74,1,1,0,0.0,0,0.0,5,0,0.0,0.0,2,13.33,13.33,12.5,2.8,0.0,0.0,0.0,0.0,0.0,0.0,571882
,,,3,0.35,0,0,0,,0,,0,0,,0.0,0,0.0,0.0,,0.4,0.0,,,,,,571882
FA,Other,,27,72.97,6,5,0,0.0,0,0.0,18,3,16.67,11.11,3,11.11,22.22,40.0,50.0,0.0,0.4,0.333,1.2,1.533,0.7999999999999999,571912
KN,Knuckleball,,8,21.62,3,3,0,0.0,0,0.0,3,0,0.0,0.0,0,0.0,0.0,0.0,37.5,0.0,0.333,0.333,0.333,0.666,0.0,571912
EP,Eephus,,2,5.41,1,1,0,0.0,0,0.0,1,0,0.0,0.0,0,0.0,0.0,50.0,12.5,0.0,0.0,0.0,0.0,0.0,0.0,571912
SI,Sinker,FB,322,55.71,60,55,12,20.0,5,8.33,159,29,18.24,9.01,50,15.53,24.53,18.8,44.74,14.12,0.273,0.333,0.473,0.806,0.1999999999999999,571927
CH,Changeup,OS,178,30.8,62,55,13,20.97,6,9.68,95,26,27.37,14.61,17,9.55,24.16,39.13,45.79,14.94,0.291,0.355,0.564,0.919,0.2729999999999999,571927
CU,Curveball,BR,41,7.09,10,10,2,20.0,0,0.0,15,1,6.67,2.44,9,21.95,24.39,5.56,6.32,16.67,0.5,0.5,0.5,1.0,0.0,571927
SL,Slider,BR,32,5.54,8,7,0,0.0,1,12.5,15,2,13.33,6.25,4,12.5,18.75,29.41,3.16,0.0,0.429,0.5,0.571,1.071,0.1419999999999999,571927
,,,4,0.69,1,0,0,0.0,1,100.0,0,0,,0.0,0,0.0,0.0,,0.0,,,1.0,,,,571927
FF,4-Seam Fastball,FB,1,0.17,0,0,0,,0,,0,0,,0.0,1,100.0,100.0,,0.0,,,,,,,571927
SI,Sinker,FB,404,28.29,118,112,11,9.32,4,3.39,220,18,8.18,4.46,87,21.53,25.99,38.56,22.18,10.0,0.277,0.314,0.464,0.778,0.187,571945
SL,Slider,BR,400,28.01,108,106,16,14.81,1,0.93,187,29,15.51,7.25,78,19.5,26.75,24.58,22.18,13.64,0.274,0.28,0.425,0.7050000000000001,0.1509999999999999,571945
FF,4-Seam Fastball,FB,338,23.67,70,65,10,14.29,4,5.71,186,35,18.82,10.36,72,21.3,31.66,32.23,22.38,9.01,0.323,0.357,0.585,0.942,0.2619999999999999,571945
CU,Curveball,BR,138,9.66,34,33,9,26.47,1,2.94,57,13,22.81,9.42,25,18.12,27.54,20.31,13.51,13.43,0.273,0.294,0.485,0.7789999999999999,0.2119999999999999,571945
ST,Sweeper,BR,103,7.21,31,30,12,38.71,0,0.0,46,14,30.43,13.59,1,0.97,14.56,29.11,16.53,14.63,0.267,0.258,0.467,0.7250000000000001,0.2,571945
CH,Changeup,OS,38,2.66,13,12,1,7.69,1,7.69,23,1,4.35,2.63,7,18.42,21.05,46.15,2.62,7.69,0.417,0.462,0.917,1.379,0.5,571945
CS,Slow Curve,BR,5,0.35,1,1,0,0.0,0,0.0,1,0,0.0,0.0,0,0.0,0.0,0.0,0.4,0.0,0.0,0.0,0.0,0.0,0.0,571945
PO,Pitch Out,,2,0.14,0,0,0,,0,,0,0,,0.0,0,0.0,0.0,0.0,0.2,0.0,,,,,,571945
FF,4-Seam Fastball,FB,278,61.1,74,61,14,18.92,6,8.11,133,29,21.8,10.43,53,19.06,29.5,24.79,60.47,17.95,0.295,0.392,0.508,0.9,0.213,571946
SL,Slider,BR,121,26.59,32,31,3,9.38,1,3.12,57,11,19.3,9.09,14,11.57,20.66,18.75,22.48,10.34,0.258,0.281,0.516,0.797,0.258,571946
FS,Split-Finger,OS,53,11.65,13,12,2,15.38,1,7.69,28,6,21.43,11.32,6,11.32,22.64,32.14,15.5,10.0,0.25,0.308,0.5,0.808,0.25,571946
,,,3,0.66,1,1,1,100.0,0,0.0,0,0,,0.0,0,0.0,0.0,,1.55,50.0,0.0,0.0,0.0,0.0,0.0,571946
ST,Sweeper,BR,177,28.14,53,46,19,35.85,4,7.55,66,14,21.21,7.91,52,29.38,37.29,19.77,34.65,27.14,0.196,0.269,0.304,0.573,0.1079999999999999,571948
SI,Sinker,FB,155,24.64,39,35,4,10.26,3,7.69,56,2,3.57,1.29,48,30.97,32.26,12.73,13.86,14.29,0.371,0.436,0.486,0.922,0.1149999999999999,571948
FF,4-Seam Fastball,FB,147,23.37,31,28,13,41.94,3,9.68,74,21,28.38,14.29,20,13.61,27.89,28.77,35.64,18.06,0.071,0.161,0.107,0.268,0.036,571948
CH,Changeup,OS,137,21.78,34,30,1,2.94,1,2.94,62,16,25.81,11.68,16,11.68,23.36,25.0,15.84,3.12,0.3,0.303,0.433,0.736,0.133,571948
,,,9,1.43,2,0,0,0.0,2,100.0,0,0,,0.0,0,0.0,0.0,,0.0,,,1.0,,,,571948
SV,Slurve,BR,4,0.64,0,0,0,,0,,2,1,50.0,25.0,1,25.0,50.0,50.0,0.0,,,,,,,571948
FF,4-Seam Fastball,FB,814,56.61,228,187,28,12.28,35,15.35,412,59,14.32,7.25,110,13.51,20.76,24.67,55.02,11.2,0.251,0.366,0.417,0.7829999999999999,0.1659999999999999,572020
KC,Knuckle Curve,BR,452,31.43,92,86,26,28.26,5,5.43,194,71,36.6,15.71,75,16.59,32.3,29.85,32.88,18.06,0.209,0.25,0.326,0.5760000000000001,0.117,572020
CH,Changeup,OS,111,7.72,25,24,6,24.0,1,4.0,45,15,33.33,13.51,1,0.9,14.41,24.39,9.59,14.29,0.25,0.28,0.375,0.655,0.125,572020
SI,Sinker,FB,34,2.36,11,8,0,0.0,3,27.27,16,0,0.0,0.0,5,14.71,14.71,7.14,0.46,0.0,0.5,0.636,0.75,1.386,0.25,572020
FC,Cutter,FB,27,1.88,7,5,0,0.0,2,28.57,12,1,8.33,3.7,5,18.52,22.22,7.69,2.05,0.0,0.4,0.571,1.6,2.1710000000000003,1.2000000000000002,572020
FF,4-Seam Fastball,FB,265,49.63,70,61,23,32.86,5,7.14,151,35,23.18,13.21,31,11.7,24.91,28.57,62.26,23.23,0.197,0.275,0.295,0.5700000000000001,0.0979999999999999,572143
FC,Cutter,FB,125,23.41,40,36,0,0.0,1,2.5,68,12,17.65,9.6,19,15.2,24.8,26.42,12.58,0.0,0.417,0.421,0.583,1.004,0.1659999999999999,572143
CU,Curveball,BR,74,13.86,18,17,1,5.56,1,5.56,35,2,5.71,2.7,13,17.57,20.27,23.53,8.81,7.14,0.176,0.222,0.353,0.575,0.177,572143
ST,Sweeper,BR,68,12.73,23,23,5,21.74,0,0.0,39,9,23.08,13.24,9,13.24,26.47,46.15,16.35,19.23,0.304,0.304,0.435,0.739,0.131,572143
CH,Changeup,OS,1,0.19,0,0,0,,0,,1,1,100.0,100.0,0,0.0,100.0,,0.0,,,,,,,572143
SI,Sinker,FB,1,0.19,0,0,0,,0,,1,1,100.0,100.0,0,0.0,100.0,,0.0,,,,,,,572143
CU,Curveball,BR,365,71.01,101,95,28,27.72,5,4.95,182,53,29.12,14.52,70,19.18,33.7,32.93,72.79,26.17,0.263,0.307,0.421,0.728,0.1579999999999999,572955
FF,4-Seam Fastball,FB,112,21.79,31,22,4,12.9,8,25.81,39,6,15.38,5.36,20,17.86,23.21,11.32,23.81,11.43,0.227,0.452,0.227,0.679,0.0,572955
FC,Cutter,FB,33,6.42,2,2,0,0.0,0,0.0,11,5,45.45,15.15,6,18.18,33.33,10.53,3.4,0.0,0.0,0.0,0.0,0.0,0.0,572955
,,,4,0.78,1,0,0,0.0,1,100.0,0,0,,0.0,0,0.0,0.0,,0.0,,,1.0,,,,572955
SI,Sinker,FB,107,50.71,35,30,0,0.0,4,11.43,41,3,7.32,2.8,20,18.69,21.5,15.52,42.31,0.0,0.467,0.514,0.733,1.247,0.2659999999999999,572971
CH,Changeup,OS,63,29.86,16,14,2,12.5,2,12.5,25,6,24.0,9.52,4,6.35,15.87,23.91,42.31,18.18,0.071,0.188,0.071,0.259,0.0,572971
FC,Cutter,FB,41,19.43,8,7,1,12.5,1,12.5,11,1,9.09,2.44,9,21.95,24.39,13.79,15.38,25.0,0.429,0.5,1.0,1.5,0.571,572971
CH,Changeup,OS,220,43.31,61,57,13,21.31,4,6.56,126,39,30.95,17.73,16,7.27,25.0,45.7,57.04,16.88,0.246,0.295,0.333,0.628,0.087,573009
SI,Sinker,FB,179,35.24,51,49,7,13.73,2,3.92,89,15,16.85,8.38,37,20.67,29.05,17.74,17.04,30.43,0.245,0.275,0.347,0.622,0.1019999999999999,573009
CU,Curveball,BR,41,8.07,11,11,5,45.45,0,0.0,19,9,47.37,21.95,8,19.51,41.46,42.86,11.85,31.25,0.364,0.364,0.636,1.0,0.272,573009
FF,4-Seam Fastball,FB,40,7.87,8,6,2,25.0,2,25.0,17,4,23.53,10.0,6,15.0,25.0,19.05,14.07,10.53,0.167,0.375,0.167,0.542,0.0,573009
,,,28,5.51,7,0,0,0.0,7,100.0,0,0,,0.0,0,0.0,0.0,,0.0,,,1.0,,,,573009
SI,Sinker,FB,341,54.21,76,65,20,26.32,10,13.16,131,24,18.32,7.04,73,21.41,28.45,10.37,56.5,15.87,0.169,0.276,0.262,0.538,0.093,573124
ST,Sweeper,BR,288,45.79,66,64,10,15.15,1,1.52,148,36,24.32,12.5,57,19.79,32.29,31.45,43.5,10.31,0.234,0.258,0.5,0.758,0.266,573124
SI,Sinker,FB,532,39.09,128,111,19,14.84,14,10.94,220,36,16.36,6.77,149,28.01,34.77,23.11,26.58,18.81,0.279,0.362,0.441,0.8029999999999999,0.1619999999999999,573186
SL,Slider,BR,323,23.73,107,99,24,22.43,8,7.48,151,39,25.83,12.07,23,7.12,19.2,31.0,39.21,16.11,0.293,0.346,0.394,0.74,0.101,573186
SV,Slurve,BR,216,15.87,47,46,10,21.28,1,2.13,92,33,35.87,15.28,22,10.19,25.46,31.68,14.74,17.86,0.239,0.255,0.413,0.6679999999999999,0.174,573186
FC,Cutter,FB,159,11.68,33,28,6,18.18,4,12.12,77,23,29.87,14.47,23,14.47,28.93,33.0,8.68,15.15,0.179,0.273,0.321,0.5940000000000001,0.142,573186
FF,4-Seam Fastball,FB,54,3.97,9,6,2,22.22,2,22.22,17,3,17.65,5.56,12,22.22,27.78,7.14,3.95,13.33,0.5,0.667,0.667,1.334,0.167,573186
CU,Curveball,BR,36,2.65,11,11,4,36.36,0,0.0,15,6,40.0,16.67,3,8.33,25.0,26.92,4.47,23.53,0.0,0.0,0.0,0.0,0.0,573186
FS,Split-Finger,OS,36,2.65,11,10,1,9.09,0,0.0,17,5,29.41,13.89,3,8.33,22.22,19.05,2.37,11.11,0.2,0.273,0.2,0.473,0.0,573186
,,,5,0.37,1,1,0,0.0,0,0.0,1,0,0.0,0.0,1,20.0,20.0,,0.0,,0.0,0.0,0.0,0.0,0.0,573186
CU,Curveball,BR,214,44.86,42,36,14,33.33,5,11.9,74,27,36.49,12.62,54,25.23,37.85,25.41,47.1,19.18,0.083,0.195,0.167,0.362,0.084,573204
FF,4-Seam Fastball,FB,208,43.61,64,55,10,15.62,7,10.94,126,20,15.87,9.62,26,12.5,22.12,33.72,47.74,13.51,0.382,0.438,0.582,1.02,0.1999999999999999,573204
ST,Sweeper,BR,45,9.43,8,7,1,12.5,0,0.0,18,5,27.78,11.11,9,20.0,31.11,15.0,5.16,12.5,0.571,0.5,1.286,1.786,0.7150000000000001,573204
,,,8,1.68,2,0,0,0.0,2,100.0,0,0,,0.0,0,0.0,0.0,,0.0,,,1.0,,,,573204
SL,Slider,BR,2,0.42,0,0,0,,0,,1,1,100.0,50.0,1,50.0,100.0,,0.0,,,,,,,573204
EP,Eephus,,19,86.36,5,2,0,0.0,3,60.0,2,0,0.0,0.0,2,10.53,10.53,5.88,,,0.5,0.8,0.5,1.3,0.0,573262
KN,Knuckleball,,2,9.09,0,0,0,,0,,0,0,,0.0,0,0.0,0.0,0.0,,,,,,,,573262
FA,Other,,1,4.55,0,0,0,,0,,0,0,,0.0,0,0.0,0.0,0.0,,,,,,,,573262
FF,4-Seam Fastball,FB,1123,47.28,243,226,64,26.34,10,4.12,582,162,27.84,14.43,202,17.99,32.41,24.84,40.37,20.78,0.283,0.312,0.496,0.808,0.213,579328
SL,Slider,BR,490,20.63,171,147,51,29.82,22,12.87,251,76,30.28,15.51,81,16.53,32.04,30.92,27.65,24.17,0.197,0.304,0.293,0.597,0.0959999999999999,579328
CU,Curveball,BR,435,18.32,105,102,25,23.81,3,2.86,191,52,27.23,11.95,92,21.15,33.1,29.72,14.94,21.93,0.284,0.305,0.441,0.746,0.157,579328
CH,Changeup,OS,325,13.68,73,72,25,34.25,1,1.37,134,48,35.82,14.77,16,4.92,19.69,29.32,16.91,19.38,0.194,0.205,0.25,0.4549999999999999,0.0559999999999999,579328
,,,2,0.08,1,1,1,100.0,0,0.0,0,0,,0.0,0,0.0,0.0,,0.13,100.0,0.0,0.0,0.0,0.0,0.0,579328
FF,4-Seam Fastball,FB,237,35.59,48,42,7,14.58,4,8.33,119,31,26.05,13.08,25,10.55,23.63,30.66,28.44,10.94,0.214,0.292,0.405,0.6970000000000001,0.191,592094
SL,Slider,BR,162,24.32,39,34,16,41.03,5,12.82,77,43,55.84,26.54,37,22.84,49.38,40.91,22.67,31.37,0.088,0.205,0.118,0.3229999999999999,0.03,592094
ST,Sweeper,BR,151,22.67,36,32,11,30.56,2,5.56,64,31,48.44,20.53,20,13.25,33.77,29.47,27.11,18.03,0.219,0.306,0.344,0.6499999999999999,0.1249999999999999,592094
CH,Changeup,OS,99,14.86,35,30,12,34.29,1,2.86,59,19,32.2,19.19,11,11.11,30.3,34.78,20.89,25.53,0.133,0.229,0.2,0.429,0.067,592094
FC,Cutter,FB,10,1.5,1,1,1,100.0,0,0.0,5,3,60.0,30.0,2,20.0,50.0,25.0,0.89,50.0,0.0,0.0,0.0,0.0,0.0,592094
,,,6,0.9,2,0,0,0.0,2,100.0,0,0,,0.0,0,0.0,0.0,,0.0,,,1.0,,,,592094
SI,Sinker,FB,1,0.15,0,0,0,,0,,1,0,0.0,0.0,0,0.0,0.0,,0.0,,,,,,,592094
FF,4-Seam Fastball,FB,199,50.25,55,50,13,23.64,5,9.09,120,28,23.33,14.07,14,7.04,21.11,34.07,61.74,18.31,0.26,0.327,0.5,0.827,0.24,592155
FC,Cutter,FB,143,36.11,31,27,6,19.35,4,12.9,71,24,33.8,16.78,30,20.98,37.76,38.24,13.91,37.5,0.185,0.29,0.259,0.5489999999999999,0.074,592155
ST,Sweeper,BR,50,12.63,19,18,7,36.84,0,0.0,30,12,40.0,24.0,5,10.0,34.0,51.61,24.35,25.0,0.222,0.211,0.389,0.6,0.167,592155
,,,4,1.01,1,0,0,0.0,1,100.0,0,0,,0.0,0,0.0,0.0,,0.0,,,1.0,,,,592155
SI,Sinker,FB,89,58.17,30,26,5,16.67,4,13.33,42,5,11.9,5.62,17,19.1,24.72,16.67,58.14,20.0,0.385,0.467,0.692,1.159,0.3069999999999999,592288
CH,Changeup,OS,38,24.84,11,11,0,0.0,0,0.0,18,4,22.22,10.53,5,13.16,23.68,23.81,27.91,0.0,0.273,0.273,0.909,1.182,0.636,592288
ST,Sweeper,BR,26,16.99,1,1,0,0.0,0,0.0,6,1,16.67,3.85,5,19.23,23.08,15.79,13.95,0.0,0.0,0.0,0.0,0.0,0.0,592288
FF,4-Seam Fastball,FB,625,43.46,170,158,29,17.06,7,4.12,357,68,19.05,10.88,136,21.76,32.64,28.04,39.66,15.05,0.291,0.327,0.494,0.821,0.203,592332
FS,Split-Finger,OS,402,27.96,113,101,46,40.71,12,10.62,218,77,35.32,19.15,17,4.23,23.38,41.05,46.7,21.0,0.178,0.265,0.317,0.5820000000000001,0.139,592332
SL,Slider,BR,205,14.26,33,32,2,6.06,1,3.03,67,20,29.85,9.76,37,18.05,27.8,12.5,4.48,9.52,0.219,0.242,0.281,0.523,0.062,592332
SI,Sinker,FB,163,11.34,39,35,3,7.69,4,10.26,78,11,14.1,6.75,15,9.2,15.95,34.78,6.82,9.38,0.257,0.333,0.429,0.762,0.172,592332
,,,43,2.99,11,10,3,27.27,1,9.09,22,6,27.27,13.95,4,9.3,23.26,,2.35,27.27,0.2,0.273,0.2,0.473,0.0,592332
SL,Slider,BR,439,54.2,119,115,28,23.53,2,1.68,259,96,37.07,21.87,47,10.71,32.57,43.97,51.79,21.54,0.183,0.195,0.278,0.473,0.095,592351
FF,4-Seam Fastball,FB,334,41.23,96,93,18,18.75,3,3.12,179,32,17.88,9.58,61,18.26,27.84,28.99,44.62,16.07,0.323,0.344,0.43,0.774,0.1069999999999999,592351
CU,Curveball,BR,25,3.09,3,3,1,33.33,0,0.0,6,2,33.33,8.0,5,20.0,28.0,16.67,1.99,20.0,0.333,0.333,0.333,0.666,0.0,592351
CH,Changeup,OS,7,0.86,2,2,0,0.0,0,0.0,5,0,0.0,0.0,0,0.0,0.0,50.0,0.4,0.0,0.0,0.0,0.0,0.0,0.0,592351
,,,5,0.62,1,1,1,100.0,0,0.0,0,0,,0.0,0,0.0,0.0,,1.2,33.33,0.0,0.0,0.0,0.0,0.0,592351
SL,Slider,BR,293,55.39,77,70,18,23.38,5,6.49,154,48,31.17,16.38,36,12.29,28.67,35.85,53.55,18.37,0.243,0.293,0.343,0.636,0.1,592426
FF,4-Seam Fastball,FB,163,30.81,34,28,11,32.35,5,14.71,67,17,25.37,10.43,39,23.93,34.36,22.08,27.32,22.0,0.214,0.353,0.286,0.639,0.0719999999999999,592426
CU,Curveball,BR,61,11.53,24,24,8,33.33,0,0.0,37,7,18.92,11.48,8,13.11,24.59,46.88,16.94,25.81,0.292,0.292,0.542,0.8340000000000001,0.25,592426
FC,Cutter,FB,8,1.51,1,0,0,0.0,1,100.0,1,1,100.0,12.5,2,25.0,37.5,0.0,0.55,0.0,,1.0,,,,592426
,,,4,0.76,1,0,0,0.0,1,100.0,0,0,,0.0,0,0.0,0.0,,1.64,0.0,,1.0,,,,592426
CH,Changeup,OS,249,69.17,59,56,19,32.2,3,5.08,130,49,37.69,19.68,31,12.45,32.13,27.78,72.13,21.59,0.143,0.186,0.214,0.4,0.071,592454
FF,4-Seam Fastball,FB,67,18.61,16,11,1,6.25,5,31.25,23,5,21.74,7.46,12,17.91,25.37,18.6,19.67,4.17,0.545,0.688,1.0,1.688,0.4549999999999999,592454
SL,Slider,BR,40,11.11,7,7,0,0.0,0,0.0,15,3,20.0,7.5,5,12.5,20.0,20.0,7.38,0.0,0.143,0.143,0.286,0.4289999999999999,0.143,592454
SI,Sinker,FB,4,1.11,2,1,0,0.0,1,50.0,1,0,0.0,0.0,1,25.0,25.0,0.0,0.82,0.0,1.0,1.0,4.0,5.0,3.0,592454
FF,4-Seam Fastball,FB,254,53.93,61,49,18,29.51,9,14.75,128,34,26.56,13.39,38,14.96,28.35,27.69,54.29,18.95,0.143,0.295,0.327,0.622,0.184,592662
SL,Slider,BR,139,29.51,27,20,11,40.74,3,11.11,69,32,46.38,23.02,16,11.51,34.53,32.1,29.71,21.15,0.1,0.333,0.2,0.533,0.1,592662
KC,Knuckle Curve,BR,78,16.56,16,16,8,50.0,0,0.0,41,21,51.22,26.92,6,7.69,34.62,38.0,16.0,28.57,0.25,0.25,0.5,0.75,0.25,592662
FS,Split-Finger,OS,4,57.14,1,1,0,0.0,0,0.0,1,0,0.0,0.0,0,0.0,0.0,25.0,,,0.0,0.0,0.0,0.0,0.0,592741
ST,Sweeper,BR,2,28.57,0,0,0,,0,,0,0,,0.0,1,50.0,50.0,0.0,,,,,,,,592741
FF,4-Seam Fastball,FB,1,14.29,1,1,0,0.0,0,0.0,1,0,0.0,0.0,0,0.0,0.0,,,,0.0,0.0,0.0,0.0,0.0,592741
KC,Knuckle Curve,BR,304,52.41,85,77,32,37.65,8,9.41,153,50,32.68,16.45,40,13.16,29.61,39.23,74.47,22.86,0.221,0.294,0.429,0.723,0.208,592767
SI,Sinker,FB,242,41.72,50,42,2,4.0,5,10.0,114,14,12.28,5.79,47,19.42,25.21,15.38,24.47,4.35,0.31,0.375,0.571,0.946,0.2609999999999999,592767
FC,Cutter,FB,19,3.28,4,4,0,0.0,0,0.0,8,3,37.5,15.79,3,15.79,31.58,22.22,1.06,0.0,0.0,0.0,0.0,0.0,0.0,592767
,,,13,2.24,3,0,0,0.0,3,100.0,0,0,,0.0,0,0.0,0.0,,0.0,,,1.0,,,,592767
FF,4-Seam Fastball,FB,2,0.34,1,1,0,0.0,0,0.0,1,0,0.0,0.0,0,0.0,0.0,0.0,0.0,,1.0,1.0,1.0,2.0,0.0,592767
FF,4-Seam Fastball,FB,269,56.39,70,61,15,21.43,8,11.43,155,41,26.45,15.24,32,11.9,27.14,33.87,50.68,20.27,0.246,0.343,0.475,0.8180000000000001,0.2289999999999999,592773
SL,Slider,BR,106,22.22,20,20,5,25.0,0,0.0,50,24,48.0,22.64,16,15.09,37.74,34.38,13.7,25.0,0.1,0.1,0.25,0.35,0.15,592773
FS,Split-Finger,OS,78,16.35,30,27,14,46.67,2,6.67,41,18,43.9,23.08,4,5.13,28.21,37.25,35.62,26.92,0.259,0.333,0.37,0.7030000000000001,0.1109999999999999,592773
SI,Sinker,FB,20,4.19,5,5,0,0.0,0,0.0,9,0,0.0,0.0,5,25.0,25.0,14.29,0.0,,0.2,0.2,0.4,0.6000000000000001,0.2,592773
,,,4,0.84,1,0,0,0.0,1,100.0,0,0,,0.0,0,0.0,0.0,,0.0,,,1.0,,,,592773
FF,4-Seam Fastball,FB,61,37.65,18,12,5,27.78,6,33.33,30,10,33.33,16.39,9,14.75,31.15,11.11,48.0,20.83,0.25,0.5,0.5,1.0,0.25,592779
ST,Sweeper,BR,50,30.86,13,13,6,46.15,0,0.0,24,13,54.17,26.0,3,6.0,32.0,34.29,38.0,31.58,0.154,0.154,0.462,0.616,0.308,592779
SI,Sinker,FB,28,17.28,3,3,2,66.67,0,0.0,12,2,16.67,7.14,8,28.57,35.71,47.06,8.0,50.0,0.0,0.0,0.0,0.0,0.0,592779
FC,Cutter,FB,23,14.2,4,4,1,25.0,0,0.0,12,5,41.67,21.74,4,17.39,39.13,36.36,6.0,33.33,0.5,0.5,0.5,1.0,0.0,592779
ST,Sweeper,BR,358,32.08,112,108,32,28.57,1,0.89,209,67,32.06,18.72,30,8.38,27.09,39.9,50.96,20.0,0.185,0.188,0.296,0.484,0.1109999999999999,592791
FC,Cutter,FB,308,27.6,83,78,5,6.02,3,3.61,152,27,17.76,8.77,66,21.43,30.19,22.76,9.55,16.67,0.295,0.321,0.346,0.667,0.0509999999999999,592791
FF,4-Seam Fastball,FB,222,19.89,63,61,14,22.22,1,1.59,119,16,13.45,7.21,61,27.48,34.68,34.33,23.57,18.92,0.262,0.27,0.475,0.745,0.2129999999999999,592791
SI,Sinker,FB,208,18.64,56,50,8,14.29,5,8.93,87,9,10.34,4.33,42,20.19,24.52,28.32,11.46,22.22,0.2,0.286,0.28,0.5660000000000001,0.08,592791
CU,Curveball,BR,20,1.79,9,9,3,33.33,0,0.0,10,3,30.0,15.0,3,15.0,30.0,30.0,4.46,21.43,0.222,0.222,0.333,0.555,0.111,592791
SI,Sinker,FB,263,36.68,83,71,11,13.25,9,10.84,109,7,6.42,2.66,67,25.48,28.14,25.64,24.08,23.91,0.394,0.476,0.761,1.237,0.367,592836
ST,Sweeper,BR,170,23.71,50,48,8,16.0,2,4.0,87,24,27.59,14.12,21,12.35,26.47,32.63,21.47,19.51,0.167,0.2,0.333,0.533,0.166,592836
FS,Split-Finger,OS,117,16.32,34,32,7,20.59,2,5.88,74,18,24.32,15.38,1,0.85,16.24,43.06,32.46,11.29,0.469,0.5,0.812,1.312,0.3430000000000001,592836
FF,4-Seam Fastball,FB,76,10.6,11,8,2,18.18,2,18.18,19,3,15.79,3.95,15,19.74,23.68,10.42,12.04,8.7,0.625,0.727,1.5,2.227,0.875,592836
CU,Curveball,BR,41,5.72,6,6,1,16.67,0,0.0,20,3,15.0,7.32,8,19.51,26.83,23.53,5.76,9.09,0.167,0.167,0.333,0.5,0.166,592836
FC,Cutter,FB,36,5.02,7,5,0,0.0,2,28.57,9,0,0.0,0.0,11,30.56,30.56,0.0,1.57,0.0,0.4,0.571,0.6,1.1709999999999998,0.1999999999999999,592836
SL,Slider,BR,14,1.95,5,5,2,40.0,0,0.0,6,2,33.33,14.29,4,28.57,42.86,33.33,2.62,40.0,0.0,0.0,0.0,0.0,0.0,592836
FF,4-Seam Fastball,FB,164,31.84,51,48,16,31.37,1,1.96,104,20,19.23,12.2,31,18.9,31.1,37.5,44.23,21.74,0.188,0.2,0.25,0.45,0.062,592866
ST,Sweeper,BR,143,27.77,23,20,8,34.78,3,13.04,47,21,44.68,14.69,18,12.59,27.27,23.36,30.77,16.67,0.15,0.261,0.15,0.411,0.0,592866
SI,Sinker,FB,85,16.5,20,19,3,15.0,0,0.0,46,11,23.91,12.94,12,14.12,27.06,44.23,10.9,17.65,0.158,0.15,0.316,0.4659999999999999,0.158,592866
SL,Slider,BR,75,14.56,21,19,0,0.0,2,9.52,29,0,0.0,0.0,18,24.0,24.0,20.0,5.77,0.0,0.316,0.381,0.368,0.749,0.0519999999999999,592866
CH,Changeup,OS,48,9.32,10,9,1,10.0,1,10.0,21,3,14.29,6.25,4,8.33,14.58,30.3,8.33,7.69,0.222,0.3,0.556,0.8560000000000001,0.3340000000000001,592866
CU,Curveball,BR,76,41.08,21,18,5,23.81,3,14.29,46,12,26.09,15.79,10,13.16,28.95,42.86,50.0,19.23,0.278,0.381,0.5,0.881,0.2219999999999999,593334
FF,4-Seam Fastball,FB,76,41.08,19,16,2,10.53,3,15.79,29,4,13.79,5.26,11,14.47,19.74,12.2,36.54,10.53,0.312,0.421,0.688,1.109,0.3759999999999999,593334
CH,Changeup,OS,18,9.73,5,3,1,20.0,1,20.0,10,3,30.0,16.67,3,16.67,33.33,40.0,11.54,16.67,0.667,0.8,0.667,1.467,0.0,593334
SI,Sinker,FB,15,8.11,5,5,1,20.0,0,0.0,9,1,11.11,6.67,1,6.67,13.33,44.44,1.92,100.0,0.2,0.2,0.2,0.4,0.0,593334
FF,4-Seam Fastball,FB,360,28.62,99,87,41,41.41,9,9.09,210,65,30.95,18.06,42,11.67,29.72,28.1,47.7,21.93,0.149,0.224,0.23,0.454,0.081,593423
SI,Sinker,FB,340,27.03,90,78,8,8.89,10,11.11,168,23,13.69,6.76,65,19.12,25.88,26.24,14.03,14.55,0.218,0.315,0.321,0.636,0.103,593423
FC,Cutter,FB,203,16.14,50,43,5,10.0,4,8.0,102,26,25.49,12.81,26,12.81,25.62,27.62,5.36,23.81,0.233,0.292,0.395,0.687,0.162,593423
SL,Slider,BR,140,11.13,30,29,9,30.0,1,3.33,61,23,37.7,16.43,20,14.29,30.71,31.4,10.97,20.93,0.207,0.233,0.552,0.785,0.3450000000000001,593423
FS,Split-Finger,OS,136,10.81,32,31,15,46.88,1,3.12,60,29,48.33,21.32,5,3.68,25.0,33.33,17.09,22.39,0.226,0.25,0.355,0.605,0.1289999999999999,593423
ST,Sweeper,BR,77,6.12,14,14,3,21.43,0,0.0,34,9,26.47,11.69,15,19.48,31.17,27.91,4.85,15.79,0.429,0.429,0.5,0.929,0.071,593423
,,,2,0.16,1,0,0,0.0,1,100.0,0,0,,0.0,0,0.0,0.0,,0.0,,,1.0,,,,593423
FF,4-Seam Fastball,FB,224,45.9,68,63,18,26.47,3,4.41,136,29,21.32,12.95,31,13.84,26.79,35.96,49.63,26.87,0.238,0.273,0.508,0.781,0.27,593576
FS,Split-Finger,OS,166,34.02,42,40,13,30.95,2,4.76,84,33,39.29,19.88,14,8.43,28.31,33.01,43.7,22.03,0.25,0.286,0.475,0.7609999999999999,0.2249999999999999,593576
SI,Sinker,FB,66,13.52,18,15,0,0.0,1,5.56,33,1,3.03,1.52,13,19.7,21.21,32.26,4.44,0.0,0.333,0.412,0.4,0.812,0.067,593576
SL,Slider,BR,30,6.15,4,4,0,0.0,0,0.0,10,3,30.0,10.0,6,20.0,30.0,17.65,2.22,0.0,0.75,0.75,2.0,2.75,1.25,593576
,,,2,0.41,2,0,0,0.0,2,100.0,0,0,,0.0,0,0.0,0.0,,0.0,,,1.0,,,,593576
FC,Cutter,FB,2,100.0,1,1,0,0.0,0,0.0,1,0,0.0,0.0,1,50.0,50.0,,,,1.0,1.0,1.0,2.0,0.0,593833
FF,4-Seam Fastball,FB,303,42.56,66,59,15,22.73,6,9.09,147,37,25.17,12.21,63,20.79,33.0,31.65,42.31,17.05,0.254,0.333,0.475,0.808,0.2209999999999999,593958
CH,Changeup,OS,195,27.39,55,52,8,14.55,2,3.64,90,23,25.56,11.79,10,5.13,16.92,30.66,24.04,16.0,0.269,0.291,0.385,0.6759999999999999,0.1159999999999999,593958
FC,Cutter,FB,160,22.47,42,41,10,23.81,1,2.38,72,10,13.89,6.25,37,23.12,29.38,29.87,16.83,28.57,0.317,0.333,0.585,0.918,0.2679999999999999,593958
SI,Sinker,FB,30,4.21,15,12,5,33.33,3,20.0,19,5,26.32,16.67,1,3.33,20.0,26.67,12.02,20.0,0.417,0.533,0.667,1.2000000000000002,0.25,593958
SL,Slider,BR,20,2.81,2,2,1,50.0,0,0.0,3,0,0.0,0.0,6,30.0,30.0,0.0,4.33,11.11,0.5,0.5,0.5,1.0,0.0,593958
,,,4,0.56,1,0,0,0.0,1,100.0,0,0,,0.0,0,0.0,0.0,,0.48,0.0,,1.0,,,,593958
CH,Changeup,OS,205,49.76,56,51,6,10.71,4,7.14,111,27,24.32,13.17,20,9.76,22.93,42.22,58.77,8.96,0.176,0.232,0.353,0.585,0.177,593974
SI,Sinker,FB,127,30.83,29,26,2,6.9,3,10.34,54,5,9.26,3.94,20,15.75,19.69,17.91,16.67,10.53,0.231,0.31,0.269,0.579,0.038,593974
FF,4-Seam Fastball,FB,41,9.95,12,10,3,25.0,2,16.67,17,3,17.65,7.32,8,19.51,26.83,28.57,14.04,18.75,0.4,0.5,0.8,1.3,0.4,593974
SL,Slider,BR,38,9.22,7,6,3,42.86,0,0.0,20,6,30.0,15.79,2,5.26,21.05,42.31,10.53,25.0,0.167,0.286,0.167,0.4529999999999999,0.0,593974
,,,1,0.24,0,0,0,,0,,0,0,,0.0,0,0.0,0.0,,0.0,,,,,,,593974
FF,4-Seam Fastball,FB,147,40.16,38,35,7,18.42,2,5.26,74,14,18.92,9.52,16,10.88,20.41,21.62,51.69,11.48,0.286,0.342,0.514,0.8560000000000001,0.228,594580
SI,Sinker,FB,106,28.96,19,16,2,10.53,3,15.79,32,3,9.38,2.83,38,35.85,38.68,5.13,7.63,22.22,0.25,0.368,0.438,0.806,0.188,594580
CH,Changeup,OS,56,15.3,12,11,3,25.0,1,8.33,27,9,33.33,16.07,4,7.14,23.21,35.0,16.1,15.79,0.273,0.333,0.273,0.6060000000000001,0.0,594580
ST,Sweeper,BR,49,13.39,18,14,6,33.33,3,16.67,24,8,33.33,16.33,9,18.37,34.69,31.82,24.58,20.69,0.071,0.222,0.071,0.293,0.0,594580
,,,8,2.19,2,0,0,0.0,2,100.0,0,0,,0.0,0,0.0,0.0,,0.0,,,1.0,,,,594580
FF,4-Seam Fastball,FB,49,50.0,11,11,5,45.45,0,0.0,24,7,29.17,14.29,14,28.57,42.86,14.29,46.88,33.33,0.273,0.273,0.364,0.637,0.0909999999999999,594798
SL,Slider,BR,47,47.96,15,15,3,20.0,0,0.0,23,6,26.09,12.77,9,19.15,31.91,46.43,46.88,20.0,0.4,0.4,0.467,0.867,0.067,594798
CU,Curveball,BR,1,1.02,0,0,0,,0,,1,0,0.0,0.0,0,0.0,0.0,100.0,3.12,0.0,,,,,,594798
CH,Changeup,OS,1,1.02,0,0,0,,0,,0,0,,0.0,0,0.0,0.0,0.0,3.12,0.0,,,,,,594798
FF,4-Seam Fastball,FB,120,28.71,28,25,3,10.71,3,10.71,55,3,5.45,2.5,23,19.17,21.67,31.75,32.26,7.5,0.36,0.429,0.48,0.909,0.12,594835
CH,Changeup,OS,115,27.51,45,41,11,24.44,3,6.67,71,23,32.39,20.0,7,6.09,26.09,43.48,37.9,23.4,0.268,0.311,0.366,0.677,0.0979999999999999,594835
FC,Cutter,FB,106,25.36,20,19,1,5.0,1,5.0,48,6,12.5,5.66,21,19.81,25.47,25.0,17.74,4.55,0.263,0.3,0.421,0.721,0.1579999999999999,594835
CU,Curveball,BR,44,10.53,11,11,1,9.09,0,0.0,26,5,19.23,11.36,9,20.45,31.82,36.84,6.45,12.5,0.455,0.455,0.636,1.091,0.181,594835
SI,Sinker,FB,33,7.89,8,7,0,0.0,1,12.5,15,0,0.0,0.0,9,27.27,27.27,41.18,5.65,0.0,0.286,0.375,0.571,0.946,0.285,594835
SI,Sinker,FB,506,41.34,151,138,37,24.5,10,6.62,257,36,14.01,7.11,100,19.76,26.88,25.35,52.57,19.07,0.21,0.278,0.333,0.611,0.123,594902
FF,4-Seam Fastball,FB,278,22.71,56,50,5,8.93,4,7.14,111,15,13.51,5.4,66,23.74,29.14,12.41,8.4,16.13,0.32,0.382,0.52,0.902,0.2,594902
ST,Sweeper,BR,257,21.0,71,69,9,12.68,2,2.82,127,37,29.13,14.4,29,11.28,25.68,32.47,21.41,11.39,0.246,0.268,0.42,0.688,0.174,594902
SL,Slider,BR,82,6.7,16,15,4,25.0,1,6.25,42,14,33.33,17.07,11,13.41,30.49,38.3,5.96,18.18,0.2,0.25,0.467,0.7170000000000001,0.267,594902
CU,Curveball,BR,69,5.64,25,25,4,16.0,0,0.0,42,3,7.14,4.35,8,11.59,15.94,34.62,10.3,10.53,0.32,0.32,0.56,0.8800000000000001,0.24,594902
CH,Changeup,OS,29,2.37,10,9,1,10.0,1,10.0,21,4,19.05,13.79,3,10.34,24.14,50.0,1.36,20.0,0.444,0.5,0.556,1.056,0.112,594902
FC,Cutter,FB,2,0.16,0,0,0,,0,,0,0,,0.0,1,50.0,50.0,0.0,0.0,,,,,,,594902
,,,1,0.08,0,0,0,,0,,0,0,,0.0,0,0.0,0.0,,0.0,,,,,,,594902
SI,Sinker,FB,194,49.87,56,47,4,7.14,8,14.29,94,12,12.77,6.19,43,22.16,28.35,31.03,27.35,12.5,0.213,0.321,0.362,0.683,0.149,595014
ST,Sweeper,BR,176,45.24,44,42,19,43.18,1,2.27,74,38,51.35,21.59,34,19.32,40.91,36.94,60.68,26.76,0.143,0.163,0.167,0.33,0.024,595014
FF,4-Seam Fastball,FB,18,4.63,3,3,1,33.33,0,0.0,10,0,0.0,0.0,2,11.11,11.11,25.0,11.97,7.14,0.0,0.0,0.0,0.0,0.0,595014
FC,Cutter,FB,1,0.26,0,0,0,,0,,0,0,,0.0,1,100.0,100.0,,0.0,,,,,,,595014
SL,Slider,BR,215,55.41,45,38,16,35.56,6,13.33,85,27,31.76,12.56,47,21.86,34.42,20.51,67.54,20.78,0.184,0.311,0.474,0.7849999999999999,0.29,595345
FF,4-Seam Fastball,FB,110,28.35,31,28,1,3.23,3,9.68,51,1,1.96,0.91,21,19.09,20.0,17.02,27.19,3.23,0.429,0.484,0.643,1.127,0.214,595345
CH,Changeup,OS,49,12.63,16,16,2,12.5,0,0.0,28,7,25.0,14.29,4,8.16,22.45,43.33,5.26,33.33,0.438,0.438,0.688,1.126,0.2499999999999999,595345
,,,13,3.35,3,0,0,0.0,3,100.0,0,0,,0.0,0,0.0,0.0,,0.0,,,1.0,,,,595345
SI,Sinker,FB,1,0.26,0,0,0,,0,,0,0,,0.0,0,0.0,0.0,0.0,0.0,,,,,,,595345
FS,Split-Finger,OS,47,33.81,11,9,2,18.18,0,0.0,22,6,27.27,12.77,0,0.0,12.77,24.24,44.68,9.52,0.556,0.636,1.0,1.636,0.4439999999999999,595881
FF,4-Seam Fastball,FB,38,27.34,11,8,1,9.09,2,18.18,15,3,20.0,7.89,11,28.95,36.84,6.67,14.89,14.29,0.375,0.5,0.625,1.125,0.25,595881
CU,Curveball,BR,36,25.9,7,6,3,42.86,0,0.0,17,6,35.29,16.67,7,19.44,36.11,38.1,29.79,21.43,0.333,0.429,0.333,0.762,0.0,595881
SI,Sinker,FB,15,10.79,5,3,1,20.0,2,40.0,5,1,20.0,6.67,4,26.67,33.33,22.22,8.51,25.0,0.0,0.4,0.0,0.4,0.0,595881
,,,3,2.16,1,0,0,0.0,1,100.0,0,0,,0.0,0,0.0,0.0,,2.13,0.0,,1.0,,,,595881
FF,4-Seam Fastball,FB,101,59.06,29,20,8,27.59,8,27.59,44,14,31.82,13.86,19,18.81,32.67,24.07,57.63,23.53,0.15,0.414,0.3,0.714,0.15,595897
SL,Slider,BR,69,40.35,8,7,2,25.0,0,0.0,25,8,32.0,11.59,10,14.49,26.09,22.92,42.37,8.0,0.0,0.125,0.0,0.125,0.0,595897
SI,Sinker,FB,1,0.58,0,0,0,,0,,0,0,,0.0,0,0.0,0.0,0.0,0.0,,,,,,,595897
FF,4-Seam Fastball,FB,11,52.38,3,3,0,0.0,0,0.0,8,3,37.5,27.27,2,18.18,45.45,75.0,60.0,0.0,0.667,0.667,1.0,1.667,0.3329999999999999,595928
FC,Cutter,FB,7,33.33,3,3,0,0.0,0,0.0,4,0,0.0,0.0,0,0.0,0.0,0.0,40.0,0.0,0.333,0.333,1.333,1.666,1.0,595928
SL,Slider,BR,3,14.29,2,2,0,0.0,0,0.0,2,0,0.0,0.0,0,0.0,0.0,0.0,0.0,,0.5,0.5,1.0,1.5,0.5,595928
FA,Other,,8,61.54,3,2,0,0.0,1,33.33,3,0,0.0,0.0,3,37.5,37.5,0.0,100.0,0.0,0.0,0.333,0.0,0.333,0.0,595978
EP,Eephus,,5,38.46,0,0,0,,0,,0,0,,0.0,0,0.0,0.0,0.0,0.0,,,,,,,595978
ST,Sweeper,BR,272,49.19,72,69,15,20.83,3,4.17,119,36,30.25,13.24,60,22.06,35.29,31.69,53.09,14.56,0.188,0.222,0.391,0.613,0.203,596001
SI,Sinker,FB,220,39.78,60,55,8,13.33,2,3.33,108,23,21.3,10.45,58,26.36,36.82,30.14,22.68,18.18,0.255,0.317,0.345,0.6619999999999999,0.0899999999999999,596001
FF,4-Seam Fastball,FB,45,8.14,14,14,7,50.0,0,0.0,29,9,31.03,20.0,3,6.67,26.67,50.0,20.62,17.5,0.0,0.0,0.0,0.0,0.0,596001
CH,Changeup,OS,15,2.71,2,2,1,50.0,0,0.0,7,3,42.86,20.0,2,13.33,33.33,33.33,3.61,14.29,0.0,0.0,0.0,0.0,0.0,596001
,,,1,0.18,0,0,0,,0,,0,0,,0.0,0,0.0,0.0,,0.0,,,,,,,596001
EP,Eephus,,32,86.49,10,8,0,0.0,2,20.0,16,1,6.25,3.12,3,9.38,12.5,35.0,72.73,0.0,0.125,0.3,0.5,0.8,0.375,596117
FA,Other,,4,10.81,1,1,0,0.0,0,0.0,1,0,0.0,0.0,1,25.0,25.0,0.0,27.27,0.0,0.0,0.0,0.0,0.0,0.0,596117
CS,Slow Curve,BR,1,2.7,0,0,0,,0,,0,0,,0.0,0,0.0,0.0,0.0,0.0,,,,,,,596117
FF,4-Seam Fastball,FB,348,50.43,77,67,24,31.17,8,10.39,177,47,26.55,13.51,49,14.08,27.59,24.18,51.05,18.85,0.209,0.299,0.418,0.717,0.209,596133
FC,Cutter,FB,192,27.83,49,46,5,10.2,2,4.08,111,24,21.62,12.5,29,15.1,27.6,41.41,15.06,13.89,0.174,0.208,0.457,0.665,0.283,596133
CH,Changeup,OS,138,20.0,41,39,21,51.22,0,0.0,74,32,43.24,23.19,7,5.07,28.26,32.14,33.47,26.25,0.179,0.195,0.333,0.528,0.154,596133
KC,Knuckle Curve,BR,9,1.3,1,1,0,0.0,0,0.0,3,1,33.33,11.11,2,22.22,33.33,16.67,0.42,0.0,0.0,0.0,0.0,0.0,0.0,596133
SL,Slider,BR,2,0.29,1,1,0,0.0,0,0.0,1,0,0.0,0.0,0,0.0,0.0,50.0,0.0,,0.0,0.0,0.0,0.0,0.0,596133
SI,Sinker,FB,1,0.14,0,0,0,,0,,0,0,,0.0,1,100.0,100.0,,0.0,,,,,,,596133
FF,4-Seam Fastball,FB,836,41.65,193,173,20,10.36,19,9.84,362,33,9.12,3.95,170,20.33,24.28,16.98,31.11,10.99,0.329,0.399,0.607,1.006,0.2779999999999999,596295
CH,Changeup,OS,522,26.01,133,129,12,9.02,3,2.26,269,72,26.77,13.79,64,12.26,26.05,30.11,20.34,10.08,0.287,0.301,0.419,0.72,0.132,596295
KC,Knuckle Curve,BR,442,22.02,146,140,42,28.77,5,3.42,226,57,25.22,12.9,74,16.74,29.64,36.52,37.44,19.18,0.221,0.247,0.357,0.604,0.1359999999999999,596295
SL,Slider,BR,206,10.26,60,55,11,18.33,5,8.33,109,21,19.27,10.19,39,18.93,29.13,24.44,11.11,16.92,0.309,0.367,0.618,0.985,0.309,596295
PO,Pitch Out,,1,0.05,0,0,0,,0,,0,0,,0.0,0,0.0,0.0,0.0,0.0,,,,,,,596295
KC,Knuckle Curve,BR,57,50.44,10,9,2,20.0,1,10.0,19,3,15.79,5.26,10,17.54,22.81,21.62,50.0,16.67,0.333,0.4,0.444,0.8440000000000001,0.1109999999999999,598264
FF,4-Seam Fastball,FB,52,46.02,18,18,3,16.67,0,0.0,29,4,13.79,7.69,7,13.46,21.15,37.5,50.0,25.0,0.333,0.333,0.389,0.722,0.0559999999999999,598264
FS,Split-Finger,OS,4,3.54,0,0,0,,0,,0,0,,0.0,0,0.0,0.0,0.0,0.0,,,,,,,598264
SI,Sinker,FB,55,44.0,24,21,1,4.17,2,8.33,25,2,8.0,3.64,11,20.0,23.64,19.23,26.32,20.0,0.286,0.333,0.333,0.666,0.047,598286
CH,Changeup,OS,46,36.8,14,13,1,7.14,1,7.14,26,9,34.62,19.57,4,8.7,28.26,45.45,47.37,11.11,0.615,0.643,0.846,1.489,0.2309999999999999,598286
ST,Sweeper,BR,18,14.4,3,3,0,0.0,0,0.0,6,1,16.67,5.56,5,27.78,33.33,0.0,15.79,0.0,0.333,0.333,0.333,0.666,0.0,598286
,,,4,3.2,1,0,0,0.0,1,100.0,0,0,,0.0,0,0.0,0.0,,0.0,,,1.0,,,,598286
FF,4-Seam Fastball,FB,2,1.6,0,0,0,,0,,0,0,,0.0,0,0.0,0.0,0.0,10.53,0.0,,,,,,598286
SL,Slider,BR,300,38.41,80,74,37,46.25,3,3.75,143,68,47.55,22.67,34,11.33,34.0,32.24,45.38,31.36,0.203,0.234,0.351,0.585,0.1479999999999999,600917
FF,4-Seam Fastball,FB,289,37.0,57,49,19,33.33,5,8.77,154,57,37.01,19.72,38,13.15,32.87,30.37,37.69,19.39,0.143,0.246,0.286,0.532,0.143,600917
FC,Cutter,FB,94,12.04,21,17,3,14.29,4,19.05,37,11,29.73,11.7,21,22.34,34.04,22.92,8.46,9.09,0.294,0.429,0.471,0.8999999999999999,0.177,600917
SI,Sinker,FB,77,9.86,18,16,3,16.67,1,5.56,41,9,21.95,11.69,13,16.88,28.57,45.65,3.85,30.0,0.25,0.333,0.312,0.645,0.062,600917
CH,Changeup,OS,13,1.66,3,3,2,66.67,0,0.0,8,4,50.0,30.77,1,7.69,38.46,60.0,3.46,22.22,0.0,0.0,0.0,0.0,0.0,600917
CU,Curveball,BR,5,0.64,2,2,2,100.0,0,0.0,4,2,50.0,40.0,0,0.0,40.0,75.0,1.15,66.67,0.0,0.0,0.0,0.0,0.0,600917
,,,3,0.38,1,0,0,0.0,1,100.0,0,0,,0.0,0,0.0,0.0,,0.0,,,1.0,,,,600917
SI,Sinker,FB,165,39.29,44,36,6,13.64,6,13.64,66,10,15.15,6.06,48,29.09,35.15,27.27,24.6,19.35,0.333,0.432,0.472,0.904,0.1389999999999999,600986
SL,Slider,BR,159,37.86,30,27,9,30.0,3,10.0,63,22,34.92,13.84,19,11.95,25.79,21.05,49.21,14.52,0.222,0.3,0.444,0.744,0.222,600986
FF,4-Seam Fastball,FB,94,22.38,26,20,7,26.92,5,19.23,47,12,25.53,12.77,17,18.09,30.85,26.32,24.6,22.58,0.3,0.423,0.75,1.173,0.45,600986
CH,Changeup,OS,2,0.48,2,2,1,50.0,0,0.0,2,1,50.0,50.0,0,0.0,50.0,100.0,1.59,50.0,0.5,0.5,0.5,1.0,0.0,600986
ST,Sweeper,BR,517,45.35,140,137,43,30.71,1,0.71,276,92,33.33,17.79,56,10.83,28.63,36.55,51.96,23.12,0.241,0.243,0.467,0.71,0.226,601713
FF,4-Seam Fastball,FB,507,44.47,139,125,35,25.18,12,8.63,284,66,23.24,13.02,96,18.93,31.95,34.55,40.5,24.14,0.296,0.355,0.496,0.851,0.2,601713
FC,Cutter,FB,67,5.88,16,14,1,6.25,2,12.5,32,6,18.75,8.96,10,14.93,23.88,25.71,1.68,16.67,0.357,0.438,0.857,1.295,0.5,601713
CU,Curveball,BR,31,2.72,7,7,1,14.29,0,0.0,10,0,0.0,0.0,12,38.71,38.71,9.09,2.23,12.5,0.286,0.286,0.714,1.0,0.428,601713
SL,Slider,BR,16,1.4,5,5,2,40.0,0,0.0,7,1,14.29,6.25,1,6.25,12.5,20.0,3.35,16.67,0.2,0.2,0.8,1.0,0.6000000000000001,601713
PO,Pitch Out,,1,0.09,0,0,0,,0,,0,0,,0.0,0,0.0,0.0,0.0,0.28,0.0,,,,,,601713
,,,1,0.09,0,0,0,,0,,0,0,,0.0,0,0.0,0.0,,0.0,,,,,,,601713
SL,Slider,BR,325,53.54,79,68,21,26.58,10,12.66,153,61,39.87,18.77,58,17.85,36.62,37.02,62.37,16.53,0.25,0.354,0.412,0.766,0.1619999999999999,605121
FF,4-Seam Fastball,FB,156,25.7,40,34,14,35.0,6,15.0,79,25,31.65,16.03,21,13.46,29.49,27.03,26.29,27.45,0.029,0.175,0.029,0.204,0.0,605121
SI,Sinker,FB,124,20.43,29,24,7,24.14,5,17.24,47,10,21.28,8.06,15,12.1,20.16,25.3,10.82,33.33,0.333,0.448,0.375,0.823,0.0419999999999999,605121
FC,Cutter,FB,2,0.33,1,1,0,0.0,0,0.0,1,0,0.0,0.0,0,0.0,0.0,50.0,0.52,0.0,0.0,0.0,0.0,0.0,0.0,605121
ST,Sweeper,BR,286,50.09,67,55,19,28.36,10,14.93,123,50,40.65,17.48,40,13.99,31.47,30.11,49.12,22.62,0.182,0.313,0.273,0.5860000000000001,0.091,605130
FF,4-Seam Fastball,FB,106,18.56,21,19,4,19.05,2,9.52,45,9,20.0,8.49,26,24.53,33.02,13.95,9.94,23.53,0.368,0.429,0.526,0.955,0.158,605130
SI,Sinker,FB,86,15.06,22,19,0,0.0,3,13.64,43,5,11.63,5.81,14,16.28,22.09,29.27,8.19,0.0,0.421,0.5,0.526,1.026,0.105,605130
CU,Curveball,BR,80,14.01,26,25,13,50.0,1,3.85,38,16,42.11,20.0,5,6.25,26.25,34.48,30.41,25.0,0.2,0.231,0.6,0.831,0.3999999999999999,605130
SL,Slider,BR,9,1.58,1,1,0,0.0,0,0.0,5,3,60.0,33.33,1,11.11,44.44,57.14,2.34,0.0,0.0,0.0,0.0,0.0,0.0,605130
,,,4,0.7,1,0,0,0.0,1,100.0,0,0,,0.0,0,0.0,0.0,,0.0,,,1.0,,,,605130
SI,Sinker,FB,704,49.51,179,161,30,16.76,12,6.7,302,33,10.93,4.69,206,29.26,33.95,25.81,38.14,17.44,0.292,0.347,0.329,0.6759999999999999,0.037,605135
FC,Cutter,FB,209,14.7,56,48,21,37.5,6,10.71,119,36,30.25,17.22,18,8.61,25.84,35.14,23.73,19.63,0.167,0.286,0.312,0.598,0.145,605135
ST,Sweeper,BR,177,12.45,59,56,26,44.07,2,3.39,102,50,49.02,28.25,14,7.91,36.16,43.75,17.29,33.33,0.143,0.186,0.179,0.365,0.036,605135
CU,Curveball,BR,152,10.69,34,29,11,32.35,2,5.88,62,29,46.77,19.08,20,13.16,32.24,20.0,11.53,21.15,0.103,0.235,0.172,0.407,0.0689999999999999,605135
SL,Slider,BR,71,4.99,20,19,0,0.0,1,5.0,24,1,4.17,1.41,13,18.31,19.72,10.0,1.55,0.0,0.368,0.4,0.632,1.032,0.264,605135
CH,Changeup,OS,62,4.36,15,12,0,0.0,1,6.67,30,3,10.0,4.84,4,6.45,11.29,18.18,2.22,0.0,0.25,0.4,0.5,0.9,0.25,605135
FF,4-Seam Fastball,FB,22,1.55,7,6,3,42.86,1,14.29,8,3,37.5,13.64,4,18.18,31.82,20.0,2.88,23.08,0.333,0.429,0.333,0.762,0.0,605135
FS,Split-Finger,OS,17,1.2,3,2,1,33.33,0,0.0,5,1,20.0,5.88,2,11.76,17.65,16.67,2.44,9.09,0.0,0.333,0.0,0.333,0.0,605135
,,,8,0.56,1,0,0,0.0,1,100.0,0,0,,0.0,0,0.0,0.0,,0.22,0.0,,1.0,,,,605135
SL,Slider,BR,267,56.21,86,81,15,17.44,5,5.81,142,38,26.76,14.23,26,9.74,23.97,40.85,57.62,17.24,0.358,0.395,0.531,0.926,0.173,605154
FF,4-Seam Fastball,FB,208,43.79,44,41,21,47.73,2,4.55,112,31,27.68,14.9,40,19.23,34.13,35.87,42.38,32.81,0.098,0.159,0.122,0.281,0.0239999999999999,605154
FF,4-Seam Fastball,FB,70,33.98,17,13,2,11.76,2,11.76,40,7,17.5,10.0,6,8.57,18.57,15.38,33.8,8.33,0.538,0.529,1.0,1.529,0.4619999999999999,605155
SL,Slider,BR,69,33.5,12,11,0,0.0,1,8.33,31,8,25.81,11.59,17,24.64,36.23,12.5,16.9,0.0,0.273,0.333,0.273,0.6060000000000001,0.0,605155
CU,Curveball,BR,55,26.7,16,14,4,25.0,2,12.5,23,8,34.78,14.55,4,7.27,21.82,28.21,42.25,13.33,0.286,0.375,0.5,0.875,0.214,605155
SI,Sinker,FB,7,3.4,3,3,0,0.0,0,0.0,3,0,0.0,0.0,0,0.0,0.0,0.0,1.41,0.0,0.667,0.667,0.667,1.334,0.0,605155
FC,Cutter,FB,3,1.46,1,1,1,100.0,0,0.0,1,0,0.0,0.0,2,66.67,66.67,,2.82,50.0,0.0,0.0,0.0,0.0,0.0,605155
ST,Sweeper,BR,1,0.49,1,1,0,0.0,0,0.0,1,0,0.0,0.0,0,0.0,0.0,100.0,1.41,0.0,0.0,0.0,0.0,0.0,0.0,605155
,,,1,0.49,0,0,0,,0,,0,0,,0.0,0,0.0,0.0,,1.41,0.0,,,,,,605155
SL,Slider,BR,91,37.45,22,21,6,27.27,0,0.0,47,15,31.91,16.48,17,18.68,35.16,42.59,47.06,18.75,0.286,0.273,0.619,0.892,0.333,605156
SI,Sinker,FB,75,30.86,36,33,1,2.78,2,5.56,48,3,6.25,4.0,11,14.67,18.67,32.0,25.0,5.88,0.303,0.333,0.303,0.636,0.0,605156
FF,4-Seam Fastball,FB,58,23.87,10,7,0,0.0,2,20.0,23,5,21.74,8.62,9,15.52,24.14,23.53,22.06,0.0,0.429,0.5,0.429,0.929,0.0,605156
CH,Changeup,OS,16,6.58,4,4,2,50.0,0,0.0,8,3,37.5,18.75,2,12.5,31.25,33.33,5.88,50.0,0.0,0.0,0.0,0.0,0.0,605156
KC,Knuckle Curve,BR,3,1.23,0,0,0,,0,,1,0,0.0,0.0,1,33.33,33.33,0.0,0.0,,,,,,,605156
SL,Slider,BR,254,45.36,72,64,33,45.83,6,8.33,125,71,56.8,27.95,11,4.33,32.28,41.21,81.25,28.21,0.141,0.211,0.156,0.367,0.015,605177
SI,Sinker,FB,215,38.39,53,47,3,5.66,6,11.32,98,19,19.39,8.84,44,20.47,29.3,29.82,8.33,25.0,0.34,0.415,0.489,0.904,0.1489999999999999,605177
FF,4-Seam Fastball,FB,80,14.29,16,12,2,12.5,3,18.75,27,6,22.22,7.5,16,20.0,27.5,13.33,10.42,13.33,0.25,0.438,0.5,0.938,0.25,605177
,,,11,1.96,3,0,0,0.0,3,100.0,0,0,,0.0,0,0.0,0.0,,0.0,,,1.0,,,,605177
FF,4-Seam Fastball,FB,48,37.5,10,8,2,20.0,2,20.0,24,6,25.0,12.5,13,27.08,39.58,41.18,28.12,22.22,0.125,0.3,0.125,0.425,0.0,605182
ST,Sweeper,BR,43,33.59,9,8,0,0.0,1,11.11,17,4,23.53,9.3,5,11.63,20.93,19.23,37.5,0.0,0.75,0.778,1.0,1.778,0.25,605182
FC,Cutter,FB,23,17.97,11,9,5,45.45,2,18.18,9,4,44.44,17.39,3,13.04,30.43,31.25,31.25,50.0,0.222,0.364,0.778,1.142,0.556,605182
SI,Sinker,FB,8,6.25,2,2,0,0.0,0,0.0,4,0,0.0,0.0,1,12.5,12.5,33.33,3.12,0.0,1.0,1.0,2.5,3.5,1.5,605182
,,,4,3.12,1,0,0,0.0,1,100.0,0,0,,0.0,0,0.0,0.0,,0.0,,,1.0,,,,605182
CU,Curveball,BR,1,0.78,1,0,0,0.0,1,100.0,0,0,,0.0,0,0.0,0.0,0.0,0.0,,,1.0,,,,605182
CH,Changeup,OS,1,0.78,0,0,0,,0,,0,0,,0.0,1,100.0,100.0,,0.0,,,,,,,605182
FF,4-Seam Fastball,FB,6,54.55,2,0,0,0.0,2,100.0,0,0,,0.0,0,0.0,0.0,0.0,50.0,0.0,,1.0,,,,605218
CU,Curveball,BR,4,36.36,0,0,0,,0,,2,1,50.0,25.0,0,0.0,25.0,50.0,50.0,0.0,,,,,,605218
CH,Changeup,OS,1,9.09,0,0,0,,0,,1,0,0.0,0.0,0,0.0,0.0,,0.0,,,,,,,605218
SI,Sinker,FB,281,49.91,71,61,14,19.72,7,9.86,119,32,26.89,11.39,68,24.2,35.59,19.53,35.94,20.29,0.279,0.352,0.377,0.729,0.0979999999999999,605280
SL,Slider,BR,147,26.11,26,24,12,46.15,2,7.69,63,30,47.62,20.41,34,23.13,43.54,27.14,24.48,25.53,0.167,0.231,0.458,0.6890000000000001,0.291,605280
ST,Sweeper,BR,134,23.8,39,37,17,43.59,1,2.56,68,27,39.71,20.15,21,15.67,35.82,42.68,39.06,22.67,0.216,0.256,0.27,0.526,0.054,605280
FF,4-Seam Fastball,FB,1,0.18,0,0,0,,0,,0,0,,0.0,0,0.0,0.0,0.0,0.52,0.0,,,,,,605280
SI,Sinker,FB,291,53.89,91,82,14,15.38,7,7.69,122,11,9.02,3.78,77,26.46,30.24,15.52,46.32,22.22,0.268,0.341,0.366,0.7070000000000001,0.0979999999999999,605288
SL,Slider,BR,118,21.85,28,25,2,7.14,2,7.14,50,10,20.0,8.47,21,17.8,26.27,22.22,18.38,8.0,0.36,0.393,0.68,1.073,0.32,605288
FF,4-Seam Fastball,FB,63,11.67,19,14,7,36.84,5,26.32,24,7,29.17,11.11,16,25.4,36.51,28.12,22.06,23.33,0.143,0.368,0.214,0.582,0.071,605288
CH,Changeup,OS,38,7.04,10,10,3,30.0,0,0.0,19,8,42.11,21.05,3,7.89,28.95,28.0,9.56,23.08,0.2,0.2,0.4,0.6000000000000001,0.2,605288
CU,Curveball,BR,30,5.56,6,6,0,0.0,0,0.0,11,1,9.09,3.33,8,26.67,30.0,23.08,3.68,0.0,0.333,0.333,0.5,0.833,0.1669999999999999,605288
CH,Changeup,OS,32,45.71,11,11,2,18.18,0,0.0,18,5,27.78,15.62,3,9.38,25.0,31.25,60.0,16.67,0.091,0.091,0.091,0.182,0.0,605335
SL,Slider,BR,14,20.0,5,4,0,0.0,1,20.0,5,1,20.0,7.14,4,28.57,35.71,0.0,5.0,0.0,0.75,0.8,1.5,2.3,0.75,605335
FF,4-Seam Fastball,FB,12,17.14,4,4,2,50.0,0,0.0,7,3,42.86,25.0,2,16.67,41.67,33.33,20.0,50.0,0.25,0.25,0.25,0.5,0.0,605335
SI,Sinker,FB,10,14.29,2,2,0,0.0,0,0.0,4,0,0.0,0.0,4,40.0,40.0,20.0,15.0,0.0,0.5,0.5,0.5,1.0,0.0,605335
ST,Sweeper,BR,2,2.86,0,0,0,,0,,1,0,0.0,0.0,0,0.0,0.0,50.0,0.0,,,,,,,605335
SI,Sinker,FB,245,52.13,64,58,7,10.94,5,7.81,100,18,18.0,7.35,70,28.57,35.92,21.05,26.32,23.33,0.31,0.375,0.414,0.7889999999999999,0.1039999999999999,605347
SL,Slider,BR,132,28.09,33,30,12,36.36,3,9.09,57,21,36.84,15.91,21,15.91,31.82,30.0,35.09,30.0,0.1,0.182,0.133,0.315,0.033,605347
FF,4-Seam Fastball,FB,36,7.66,13,10,3,23.08,2,15.38,18,2,11.11,5.56,6,16.67,22.22,20.0,14.04,18.75,0.2,0.333,0.3,0.633,0.0999999999999999,605347
KC,Knuckle Curve,BR,31,6.6,11,10,2,18.18,1,9.09,11,2,18.18,6.45,3,9.68,16.13,19.05,11.4,15.38,0.3,0.364,0.3,0.6639999999999999,0.0,605347
CH,Changeup,OS,26,5.53,10,9,2,20.0,1,10.0,16,5,31.25,19.23,0,0.0,19.23,33.33,13.16,13.33,0.0,0.1,0.0,0.1,0.0,605347
ST,Sweeper,BR,221,25.49,68,64,25,36.76,3,4.41,100,33,33.0,14.93,42,19.0,33.94,34.15,32.82,27.91,0.172,0.221,0.344,0.565,0.172,605397
FF,4-Seam Fastball,FB,207,23.88,51,46,16,31.37,4,7.84,100,28,28.0,13.53,33,15.94,29.47,31.43,27.86,21.92,0.348,0.412,0.783,1.195,0.435,605397
FC,Cutter,FB,184,21.22,45,43,7,15.56,2,4.44,99,25,25.25,13.59,49,26.63,40.22,22.22,13.74,19.44,0.256,0.289,0.349,0.6379999999999999,0.0929999999999999,605397
CU,Curveball,BR,155,17.88,39,34,7,17.95,2,5.13,67,16,23.88,10.32,28,18.06,28.39,26.25,20.61,12.96,0.324,0.41,0.559,0.969,0.235,605397
SI,Sinker,FB,92,10.61,28,26,1,3.57,0,0.0,55,8,14.55,8.7,12,13.04,21.74,20.0,2.67,14.29,0.308,0.357,0.308,0.665,0.0,605397
CH,Changeup,OS,7,0.81,1,1,0,0.0,0,0.0,2,0,0.0,0.0,1,14.29,14.29,0.0,1.91,0.0,1.0,1.0,4.0,5.0,3.0,605397
SL,Slider,BR,1,0.12,1,1,1,100.0,0,0.0,1,1,100.0,100.0,0,0.0,100.0,100.0,0.38,100.0,0.0,0.0,0.0,0.0,0.0,605397
KC,Knuckle Curve,BR,498,32.42,152,147,50,32.89,5,3.29,308,116,37.66,23.29,55,11.04,34.34,50.7,42.38,23.36,0.231,0.257,0.367,0.624,0.1359999999999999,605400
SI,Sinker,FB,437,28.45,121,117,21,17.36,2,1.65,195,22,11.28,5.03,129,29.52,34.55,28.82,18.42,22.58,0.342,0.358,0.496,0.854,0.1539999999999999,605400
FF,4-Seam Fastball,FB,362,23.57,78,65,30,38.46,13,16.67,148,47,31.76,12.98,58,16.02,29.01,18.75,28.32,20.98,0.108,0.256,0.246,0.502,0.138,605400
FC,Cutter,FB,177,11.52,32,32,5,15.62,0,0.0,89,23,25.84,12.99,20,11.3,24.29,29.91,8.12,12.2,0.375,0.375,0.594,0.969,0.2189999999999999,605400
CH,Changeup,OS,61,3.97,19,18,3,15.79,0,0.0,31,5,16.13,8.2,7,11.48,19.67,20.69,2.77,21.43,0.278,0.316,0.5,0.8160000000000001,0.2219999999999999,605400
,,,1,0.07,0,0,0,,0,,0,0,,0.0,0,0.0,0.0,,0.0,,,,,,,605400
SL,Slider,BR,62,56.88,14,14,4,28.57,0,0.0,28,12,42.86,19.35,9,14.52,33.87,32.43,73.91,23.53,0.286,0.286,0.5,0.786,0.214,605447
FF,4-Seam Fastball,FB,47,43.12,16,13,0,0.0,2,12.5,20,1,5.0,2.13,10,21.28,23.4,16.67,26.09,0.0,0.385,0.5,0.615,1.115,0.2299999999999999,605447
SL,Slider,BR,280,44.59,72,63,18,25.0,7,9.72,144,66,45.83,23.57,35,12.5,36.07,35.62,48.4,19.78,0.238,0.31,0.302,0.612,0.064,605452
SI,Sinker,FB,259,41.24,73,66,11,15.07,6,8.22,113,19,16.81,7.34,64,24.71,32.05,18.81,22.87,25.58,0.288,0.356,0.348,0.704,0.06,605452
FF,4-Seam Fastball,FB,67,10.67,21,20,9,42.86,1,4.76,34,10,29.41,14.93,10,14.93,29.85,25.0,24.47,19.57,0.25,0.286,0.55,0.8360000000000001,0.3,605452
CH,Changeup,OS,11,1.75,3,3,0,0.0,0,0.0,6,2,33.33,18.18,1,9.09,27.27,25.0,2.66,0.0,0.0,0.0,0.0,0.0,0.0,605452
CU,Curveball,BR,10,1.59,2,2,0,0.0,0,0.0,8,4,50.0,40.0,0,0.0,40.0,66.67,1.06,0.0,0.0,0.0,0.0,0.0,0.0,605452
,,,1,0.16,1,0,0,0.0,1,100.0,0,0,,0.0,0,0.0,0.0,,0.53,0.0,,1.0,,,,605452
FF,4-Seam Fastball,FB,316,52.49,67,55,25,37.31,10,14.93,133,40,30.08,12.66,60,18.99,31.65,21.88,51.79,24.75,0.127,0.273,0.164,0.437,0.037,605463
ST,Sweeper,BR,183,30.4,45,43,10,22.22,2,4.44,87,32,36.78,17.49,32,17.49,34.97,33.0,25.64,20.0,0.233,0.267,0.372,0.639,0.1389999999999999,605463
FS,Split-Finger,OS,55,9.14,17,16,6,35.29,1,5.88,30,10,33.33,18.18,2,3.64,21.82,41.67,20.0,15.38,0.125,0.176,0.125,0.301,0.0,605463
SI,Sinker,FB,44,7.31,9,8,1,11.11,1,11.11,15,3,20.0,6.82,14,31.82,38.64,20.0,2.56,20.0,0.5,0.556,0.625,1.181,0.125,605463
,,,4,0.66,1,0,0,0.0,1,100.0,0,0,,0.0,0,0.0,0.0,,0.0,,,1.0,,,,605463
FF,4-Seam Fastball,FB,688,46.3,142,127,31,21.83,15,10.56,305,67,21.97,9.74,138,20.06,29.8,24.85,34.89,18.9,0.205,0.289,0.276,0.565,0.071,605483
CU,Curveball,BR,405,27.25,115,105,61,53.04,9,7.83,186,94,50.54,23.21,63,15.56,38.77,36.92,42.98,30.2,0.124,0.2,0.2,0.4,0.076,605483
CH,Changeup,OS,309,20.79,78,70,18,23.08,8,10.26,163,77,47.24,24.92,39,12.62,37.54,39.78,14.26,26.87,0.243,0.321,0.329,0.65,0.086,605483
SL,Slider,BR,82,5.52,15,13,7,46.67,2,13.33,35,15,42.86,18.29,2,2.44,20.73,26.98,7.66,19.44,0.231,0.333,0.462,0.795,0.231,605483
SI,Sinker,FB,1,0.07,1,1,1,100.0,0,0.0,0,0,,0.0,1,100.0,100.0,,0.21,100.0,0.0,0.0,0.0,0.0,0.0,605483
,,,1,0.07,0,0,0,,0,,0,0,,0.0,0,0.0,0.0,,0.0,,,,,,,605483
FF,4-Seam Fastball,FB,208,42.71,47,39,11,23.4,6,12.77,84,13,15.48,6.25,39,18.75,25.0,20.35,44.52,14.49,0.179,0.298,0.462,0.76,0.283,605488
CH,Changeup,OS,177,36.34,60,55,18,30.0,5,8.33,102,44,43.14,24.86,13,7.34,32.2,45.97,47.1,24.66,0.345,0.4,0.455,0.855,0.11,605488
SL,Slider,BR,85,17.45,11,11,2,18.18,0,0.0,39,8,20.51,9.41,19,22.35,31.76,19.44,7.74,16.67,0.182,0.182,0.182,0.364,0.0,605488
FC,Cutter,FB,13,2.67,0,0,0,,0,,2,1,50.0,7.69,2,15.38,23.08,0.0,0.65,0.0,,,,,,605488
ST,Sweeper,BR,4,0.82,0,0,0,,0,,1,0,0.0,0.0,1,25.0,25.0,0.0,0.0,,,,,,,605488
ST,Sweeper,BR,212,41.9,48,44,13,27.08,4,8.33,84,29,34.52,13.68,39,18.4,32.08,26.23,47.85,16.67,0.136,0.208,0.227,0.435,0.091,605513
FF,4-Seam Fastball,FB,156,30.83,39,35,9,23.08,4,10.26,75,14,18.67,8.97,32,20.51,29.49,26.47,22.09,25.0,0.371,0.436,0.6,1.036,0.2289999999999999,605513
SI,Sinker,FB,75,14.82,16,14,3,18.75,1,6.25,28,5,17.86,6.67,14,18.67,25.33,18.6,9.82,18.75,0.143,0.25,0.286,0.536,0.143,605513
SL,Slider,BR,37,7.31,12,11,5,41.67,1,8.33,24,11,45.83,29.73,4,10.81,40.54,47.37,10.43,29.41,0.0,0.083,0.0,0.083,0.0,605513
CU,Curveball,BR,19,3.75,5,5,3,60.0,0,0.0,6,4,66.67,21.05,2,10.53,31.58,35.29,7.98,23.08,0.2,0.2,0.2,0.4,0.0,605513
CH,Changeup,OS,5,0.99,0,0,0,,0,,1,0,0.0,0.0,0,0.0,0.0,0.0,1.23,0.0,,,,,,605513
,,,2,0.4,0,0,0,,0,,0,0,,0.0,0,0.0,0.0,,0.61,0.0,,,,,,605513
SL,Slider,BR,130,55.32,28,27,9,32.14,1,3.57,68,29,42.65,22.31,18,13.85,36.15,36.84,59.49,19.15,0.259,0.286,0.37,0.6559999999999999,0.1109999999999999,606149
FF,4-Seam Fastball,FB,105,44.68,29,22,5,17.24,7,24.14,41,4,9.76,3.81,21,20.0,23.81,12.24,40.51,15.62,0.318,0.483,0.818,1.301,0.4999999999999999,606149
FF,4-Seam Fastball,FB,138,40.35,21,17,4,19.05,3,14.29,53,13,24.53,9.42,30,21.74,31.16,18.67,39.81,9.3,0.235,0.35,0.412,0.762,0.177,606160
SI,Sinker,FB,132,38.6,50,42,10,20.0,5,10.0,72,9,12.5,6.82,17,12.88,19.7,38.89,41.67,22.22,0.167,0.3,0.19,0.49,0.0229999999999999,606160
CH,Changeup,OS,40,11.7,7,7,0,0.0,0,0.0,17,2,11.76,5.0,3,7.5,12.5,26.92,12.04,0.0,0.143,0.143,0.286,0.4289999999999999,0.143,606160
SL,Slider,BR,32,9.36,4,4,0,0.0,0,0.0,11,2,18.18,6.25,3,9.38,15.62,5.26,6.48,0.0,0.5,0.5,1.25,1.75,0.75,606160
FF,4-Seam Fastball,FB,143,29.24,36,31,19,52.78,5,13.89,66,26,39.39,18.18,21,14.69,32.87,18.18,42.48,29.23,0.129,0.25,0.161,0.411,0.032,606303
ST,Sweeper,BR,117,23.93,31,25,3,9.68,3,9.68,49,12,24.49,10.26,23,19.66,29.91,30.16,20.26,9.68,0.32,0.4,0.48,0.88,0.1599999999999999,606303
SL,Slider,BR,116,23.72,29,28,11,37.93,1,3.45,52,20,38.46,17.24,26,22.41,39.66,38.1,28.1,25.58,0.036,0.069,0.036,0.105,0.0,606303
SI,Sinker,FB,104,21.27,29,27,0,0.0,0,0.0,55,6,10.91,5.77,16,15.38,21.15,30.23,9.15,0.0,0.148,0.179,0.185,0.364,0.037,606303
,,,9,1.84,2,0,0,0.0,2,100.0,0,0,,0.0,0,0.0,0.0,,0.0,,,1.0,,,,606303
FC,Cutter,FB,372,49.14,98,93,21,21.43,3,3.06,184,64,34.78,17.2,44,11.83,29.03,33.47,42.02,21.0,0.247,0.265,0.355,0.62,0.1079999999999999,606930
FF,4-Seam Fastball,FB,357,47.16,88,82,20,22.73,5,5.68,202,44,21.78,12.32,49,13.73,26.05,30.61,53.78,15.62,0.28,0.318,0.463,0.781,0.183,606930
SL,Slider,BR,23,3.04,3,3,1,33.33,0,0.0,5,2,40.0,8.7,1,4.35,13.04,15.0,4.2,10.0,0.333,0.333,0.333,0.666,0.0,606930
,,,5,0.66,1,0,0,0.0,1,100.0,0,0,,0.0,0,0.0,0.0,,0.0,,,1.0,,,,606930
CH,Changeup,OS,82,31.42,17,15,5,29.41,2,11.76,23,9,39.13,10.98,23,28.05,39.02,14.58,38.2,14.71,0.133,0.235,0.333,0.5680000000000001,0.2,606965
FF,4-Seam Fastball,FB,71,27.2,22,15,3,13.64,7,31.82,40,7,17.5,9.86,12,16.9,26.76,38.24,29.21,11.54,0.267,0.5,1.0,1.5,0.733,606965
FC,Cutter,FB,64,24.52,11,11,1,9.09,0,0.0,29,8,27.59,12.5,7,10.94,23.44,27.5,11.24,10.0,0.636,0.636,1.091,1.727,0.4549999999999999,606965
ST,Sweeper,BR,37,14.18,9,8,3,33.33,1,11.11,12,7,58.33,18.92,5,13.51,32.43,15.38,17.98,18.75,0.25,0.333,0.25,0.583,0.0,606965
SI,Sinker,FB,6,2.3,2,2,1,50.0,0,0.0,1,0,0.0,0.0,3,50.0,50.0,0.0,3.37,33.33,0.5,0.5,2.0,2.5,1.5,606965
,,,1,0.38,0,0,0,,0,,0,0,,0.0,0,0.0,0.0,,0.0,,,,,,,606965
SI,Sinker,FB,499,37.95,132,117,15,11.36,10,7.58,219,27,12.33,5.41,109,21.84,27.25,19.64,25.79,15.31,0.308,0.382,0.462,0.8440000000000001,0.154,607067
ST,Sweeper,BR,280,21.29,72,71,14,19.44,0,0.0,138,32,23.19,11.43,39,13.93,25.36,31.65,25.26,14.58,0.155,0.153,0.211,0.364,0.0559999999999999,607067
FF,4-Seam Fastball,FB,232,17.64,81,69,33,40.74,7,8.64,136,48,35.29,20.69,18,7.76,28.45,30.0,35.26,24.63,0.174,0.288,0.246,0.534,0.072,607067
FC,Cutter,FB,193,14.68,47,45,4,8.51,2,4.26,95,21,22.11,10.88,44,22.8,33.68,22.67,3.95,26.67,0.333,0.362,0.822,1.184,0.4889999999999999,607067
CU,Curveball,BR,58,4.41,15,14,0,0.0,0,0.0,21,3,14.29,5.17,12,20.69,25.86,14.81,4.21,0.0,0.357,0.333,0.429,0.762,0.072,607067
CH,Changeup,OS,48,3.65,13,13,6,46.15,0,0.0,31,10,32.26,20.83,4,8.33,29.17,48.15,5.26,30.0,0.462,0.462,0.923,1.385,0.461,607067
,,,5,0.38,1,0,0,0.0,1,100.0,0,0,,0.0,0,0.0,0.0,,0.26,0.0,,1.0,,,,607067
FF,4-Seam Fastball,FB,1273,49.57,295,265,52,17.63,28,9.49,688,151,21.95,11.86,194,15.24,27.1,28.79,42.2,14.57,0.26,0.33,0.536,0.8660000000000001,0.276,607074
SL,Slider,BR,568,22.12,172,151,75,43.6,9,5.23,273,105,38.46,18.49,79,13.91,32.39,34.73,37.35,23.73,0.205,0.288,0.384,0.6719999999999999,0.179,607074
CH,Changeup,OS,400,15.58,90,85,23,25.56,5,5.56,207,103,49.76,25.75,23,5.75,31.5,38.79,13.95,19.49,0.188,0.233,0.247,0.48,0.059,607074
CU,Curveball,BR,237,9.23,30,28,6,20.0,1,3.33,68,19,27.94,8.02,54,22.78,30.8,19.44,4.49,15.79,0.321,0.345,0.607,0.952,0.286,607074
FC,Cutter,FB,89,3.47,18,13,1,5.56,4,22.22,41,8,19.51,8.99,5,5.62,14.61,21.57,2.01,5.88,0.308,0.5,0.615,1.115,0.307,607074
SI,Sinker,FB,1,0.04,0,0,0,,0,,1,0,0.0,0.0,0,0.0,0.0,,0.0,,,,,,,607074
FF,4-Seam Fastball,FB,279,60.52,70,58,9,12.86,11,15.71,138,18,13.04,6.45,44,15.77,22.22,24.22,51.77,12.33,0.241,0.371,0.414,0.7849999999999999,0.173,607179
SL,Slider,BR,177,38.39,47,43,14,29.79,4,8.51,84,27,32.14,15.25,25,14.12,29.38,32.67,45.39,21.88,0.186,0.255,0.419,0.6739999999999999,0.2329999999999999,607179
CU,Curveball,BR,4,0.87,0,0,0,,0,,3,0,0.0,0.0,0,0.0,0.0,75.0,2.13,0.0,,,,,,607179
,,,1,0.22,1,1,1,100.0,0,0.0,0,0,,0.0,0,0.0,0.0,,0.71,100.0,0.0,0.0,0.0,0.0,0.0,607179
FF,4-Seam Fastball,FB,411,39.71,114,101,35,30.7,11,9.65,203,49,24.14,11.92,86,20.92,32.85,27.33,35.16,32.11,0.188,0.265,0.416,0.681,0.2279999999999999,607192
SL,Slider,BR,333,32.17,88,85,22,25.0,3,3.41,173,63,36.42,18.92,47,14.11,33.03,31.95,30.0,23.66,0.235,0.261,0.341,0.6020000000000001,0.106,607192
CU,Curveball,BR,151,14.59,36,36,24,66.67,0,0.0,59,31,52.54,20.53,18,11.92,32.45,27.84,25.16,30.77,0.028,0.028,0.056,0.084,0.028,607192
SI,Sinker,FB,140,13.53,35,33,5,14.29,2,5.71,67,12,17.91,8.57,30,21.43,30.0,22.0,9.68,16.67,0.212,0.257,0.364,0.621,0.152,607192
SI,Sinker,FB,547,38.93,140,130,40,28.57,5,3.57,254,60,23.62,10.97,113,20.66,31.63,24.27,38.36,22.47,0.277,0.321,0.369,0.69,0.0919999999999999,607200
ST,Sweeper,BR,500,35.59,129,125,25,19.38,3,2.33,232,61,26.29,12.2,58,11.6,23.8,31.85,39.66,13.59,0.168,0.194,0.28,0.474,0.112,607200
FC,Cutter,FB,303,21.57,75,65,12,16.0,7,9.33,150,30,20.0,9.9,66,21.78,31.68,21.49,15.09,17.14,0.292,0.347,0.492,0.839,0.2,607200
CH,Changeup,OS,49,3.49,8,6,2,25.0,2,25.0,18,1,5.56,2.04,5,10.2,12.24,28.57,5.82,7.41,0.5,0.625,0.5,1.125,0.0,607200
FF,4-Seam Fastball,FB,4,0.28,2,0,0,0.0,1,50.0,3,0,0.0,0.0,0,0.0,0.0,66.67,0.86,0.0,,0.5,,,,607200
,,,2,0.14,0,0,0,,0,,0,0,,0.0,0,0.0,0.0,,0.22,0.0,,,,,,607200
SL,Slider,BR,35,54.69,9,6,3,33.33,3,33.33,11,3,27.27,8.57,7,20.0,28.57,10.0,47.06,37.5,0.167,0.444,0.333,0.777,0.166,607237
FF,4-Seam Fastball,FB,29,45.31,6,5,3,50.0,1,16.67,8,1,12.5,3.45,8,27.59,31.03,0.0,52.94,33.33,0.2,0.333,0.2,0.533,0.0,607237
SI,Sinker,FB,322,28.75,90,84,8,8.89,4,4.44,179,14,7.82,4.35,50,15.53,19.88,35.66,16.08,14.55,0.214,0.267,0.357,0.624,0.143,607259
CH,Changeup,OS,218,19.46,65,61,23,35.38,4,6.15,127,53,41.73,24.31,18,8.26,32.57,42.02,30.7,21.9,0.18,0.231,0.295,0.526,0.1149999999999999,607259
FF,4-Seam Fastball,FB,204,18.21,58,55,17,29.31,2,3.45,114,28,24.56,13.73,24,11.76,25.49,31.91,28.36,17.53,0.218,0.241,0.364,0.605,0.146,607259
FC,Cutter,FB,141,12.59,50,50,5,10.0,0,0.0,79,11,13.92,7.8,25,17.73,25.53,31.48,7.31,20.0,0.3,0.3,0.46,0.76,0.16,607259
CU,Curveball,BR,124,11.07,13,13,1,7.69,0,0.0,37,4,10.81,3.23,44,35.48,38.71,17.02,5.85,5.0,0.308,0.308,0.462,0.77,0.154,607259
SL,Slider,BR,111,9.91,30,28,6,20.0,1,3.33,48,16,33.33,14.41,12,10.81,25.23,28.77,11.7,15.0,0.25,0.267,0.429,0.696,0.179,607259
FF,4-Seam Fastball,FB,221,46.04,60,53,8,13.33,6,10.0,124,25,20.16,11.31,23,10.41,21.72,24.21,51.16,12.12,0.264,0.333,0.472,0.8049999999999999,0.2079999999999999,607455
CH,Changeup,OS,98,20.42,24,23,7,29.17,1,4.17,52,20,38.46,20.41,9,9.18,29.59,43.08,20.16,26.92,0.391,0.417,0.522,0.939,0.131,607455
SL,Slider,BR,98,20.42,20,19,11,55.0,0,0.0,55,26,47.27,26.53,14,14.29,40.82,48.21,27.13,31.43,0.105,0.1,0.263,0.363,0.158,607455
SI,Sinker,FB,40,8.33,12,12,0,0.0,0,0.0,17,2,11.76,5.0,6,15.0,20.0,10.53,1.55,0.0,0.167,0.167,0.167,0.334,0.0,607455
,,,23,4.79,6,0,0,0.0,6,100.0,0,0,,0.0,0,0.0,0.0,,0.0,,,1.0,,,,607455
ST,Sweeper,BR,259,40.53,58,53,29,50.0,2,3.45,107,47,43.93,18.15,44,16.99,35.14,33.73,51.56,29.29,0.226,0.246,0.302,0.548,0.0759999999999999,607481
SI,Sinker,FB,250,39.12,63,56,4,6.35,6,9.52,105,8,7.62,3.2,70,28.0,31.2,20.91,20.83,10.0,0.357,0.419,0.411,0.83,0.0539999999999999,607481
FF,4-Seam Fastball,FB,72,11.27,25,22,8,32.0,2,8.0,39,10,25.64,13.89,15,20.83,34.72,34.62,19.79,21.05,0.227,0.32,0.273,0.593,0.046,607481
FC,Cutter,FB,22,3.44,7,7,1,14.29,0,0.0,8,1,12.5,4.55,4,18.18,22.73,9.09,2.08,25.0,0.286,0.286,0.429,0.715,0.143,607481
CU,Curveball,BR,17,2.66,1,0,0,0.0,0,0.0,3,0,0.0,0.0,2,11.76,11.76,14.29,3.65,0.0,,0.0,,,,607481
CH,Changeup,OS,11,1.72,3,3,0,0.0,0,0.0,8,1,12.5,9.09,0,0.0,9.09,57.14,2.08,0.0,0.333,0.333,0.333,0.666,0.0,607481
,,,8,1.25,2,0,0,0.0,2,100.0,0,0,,0.0,0,0.0,0.0,,0.0,,,1.0,,,,607481
SI,Sinker,FB,416,28.09,134,122,16,11.94,11,8.21,204,15,7.35,3.61,99,23.8,27.4,27.17,23.53,16.0,0.303,0.361,0.566,0.927,0.2629999999999999,607536
FC,Cutter,FB,297,20.05,70,67,11,15.71,1,1.43,153,22,14.38,7.41,59,19.87,27.27,24.03,18.12,14.29,0.313,0.314,0.597,0.911,0.284,607536
FF,4-Seam Fastball,FB,296,19.99,82,79,6,7.32,3,3.66,159,10,6.29,3.38,44,14.86,18.24,24.22,17.88,7.89,0.278,0.305,0.456,0.761,0.178,607536
KC,Knuckle Curve,BR,270,18.23,82,79,37,45.12,2,2.44,135,54,40.0,20.0,26,9.63,29.63,40.31,34.82,25.0,0.203,0.232,0.266,0.498,0.063,607536
CH,Changeup,OS,202,13.64,47,43,2,4.26,3,6.38,95,16,16.84,7.92,18,8.91,16.83,20.0,5.65,8.33,0.349,0.391,0.628,1.019,0.279,607536
SI,Sinker,FB,352,24.79,106,97,14,13.21,5,4.72,167,16,9.58,4.55,69,19.6,24.15,21.38,18.88,18.92,0.258,0.298,0.351,0.649,0.0929999999999999,607625
FF,4-Seam Fastball,FB,280,19.72,70,65,20,28.57,5,7.14,128,26,20.31,9.29,69,24.64,33.93,24.77,23.98,20.21,0.169,0.229,0.277,0.506,0.108,607625
SV,Slurve,BR,277,19.51,86,84,18,20.93,1,1.16,140,42,30.0,15.16,36,13.0,28.16,40.0,19.13,24.0,0.214,0.221,0.274,0.495,0.06,607625
SL,Slider,BR,226,15.92,57,54,6,10.53,1,1.75,110,23,20.91,10.18,44,19.47,29.65,25.45,7.91,19.35,0.241,0.268,0.463,0.7310000000000001,0.222,607625
FC,Cutter,FB,108,7.61,26,22,4,15.38,4,15.38,50,12,24.0,11.11,20,18.52,29.63,22.64,8.16,12.5,0.182,0.308,0.182,0.49,0.0,607625
ST,Sweeper,BR,76,5.35,15,15,2,13.33,0,0.0,30,5,16.67,6.58,5,6.58,13.16,20.0,6.63,7.69,0.267,0.267,0.733,1.0,0.4659999999999999,607625
CU,Curveball,BR,57,4.01,18,18,9,50.0,0,0.0,32,12,37.5,21.05,6,10.53,31.58,44.12,8.16,28.12,0.111,0.111,0.278,0.389,0.167,607625
CH,Changeup,OS,35,2.46,11,10,5,45.45,0,0.0,15,3,20.0,8.57,6,17.14,25.71,22.22,5.1,25.0,0.1,0.182,0.1,0.282,0.0,607625
FS,Split-Finger,OS,9,0.63,5,5,2,40.0,0,0.0,6,2,33.33,22.22,0,0.0,22.22,40.0,2.04,25.0,0.0,0.0,0.0,0.0,0.0,607625
FF,4-Seam Fastball,FB,96,38.71,24,23,1,4.17,1,4.17,54,10,18.52,10.42,10,10.42,20.83,32.61,28.95,4.55,0.261,0.292,0.565,0.857,0.3039999999999999,607644
CH,Changeup,OS,85,34.27,25,25,7,28.0,0,0.0,47,18,38.3,21.18,9,10.59,31.76,39.58,46.05,20.0,0.24,0.24,0.36,0.6,0.12,607644
SL,Slider,BR,39,15.73,11,11,4,36.36,0,0.0,16,5,31.25,12.82,8,20.51,33.33,22.73,19.74,26.67,0.273,0.273,0.455,0.728,0.182,607644
KC,Knuckle Curve,BR,28,11.29,5,4,1,20.0,0,0.0,6,1,16.67,3.57,12,42.86,46.43,9.09,5.26,25.0,0.25,0.4,0.25,0.65,0.0,607644
FF,4-Seam Fastball,FB,253,58.03,68,63,14,20.59,4,5.88,144,33,22.92,13.04,32,12.65,25.69,30.1,67.32,13.59,0.159,0.209,0.254,0.4629999999999999,0.095,608032
SL,Slider,BR,177,40.6,41,39,11,26.83,0,0.0,90,27,30.0,15.25,36,20.34,35.59,30.0,32.68,22.0,0.205,0.22,0.385,0.605,0.18,608032
,,,4,0.92,1,0,0,0.0,1,100.0,0,0,,0.0,0,0.0,0.0,,0.0,,,1.0,,,,608032
CU,Curveball,BR,2,0.46,0,0,0,,0,,1,1,100.0,50.0,0,0.0,50.0,50.0,0.0,,,,,,,608032
FF,4-Seam Fastball,FB,753,35.49,212,180,34,16.04,28,13.21,383,70,18.28,9.3,128,17.0,26.29,33.24,31.77,17.89,0.233,0.335,0.283,0.618,0.0499999999999999,608331
CU,Curveball,BR,472,22.24,105,98,40,38.1,5,4.76,184,65,35.33,13.77,118,25.0,38.77,26.81,23.08,28.99,0.143,0.183,0.245,0.428,0.102,608331
CH,Changeup,OS,339,15.98,86,84,12,13.95,2,2.33,172,46,26.74,13.57,30,8.85,22.42,29.5,13.71,14.63,0.202,0.221,0.298,0.519,0.0959999999999999,608331
SI,Sinker,FB,268,12.63,92,83,16,17.39,6,6.52,113,14,12.39,5.22,52,19.4,24.63,18.6,13.38,20.0,0.229,0.304,0.265,0.569,0.036,608331
ST,Sweeper,BR,102,4.81,13,13,9,69.23,0,0.0,38,12,31.58,11.76,26,25.49,37.25,32.73,5.69,26.47,0.0,0.0,0.0,0.0,0.0,608331
SL,Slider,BR,100,4.71,35,34,14,40.0,1,2.86,56,19,33.93,19.0,9,9.0,28.0,35.59,8.03,29.17,0.147,0.171,0.235,0.406,0.088,608331
FC,Cutter,FB,84,3.96,13,13,3,23.08,0,0.0,33,9,27.27,10.71,15,17.86,28.57,23.08,4.01,12.5,0.308,0.308,0.615,0.923,0.307,608331
,,,4,0.19,1,0,0,0.0,1,100.0,0,0,,0.0,0,0.0,0.0,,0.33,0.0,,1.0,,,,608331
SI,Sinker,FB,246,31.66,60,49,4,6.67,7,11.67,122,15,12.3,6.1,52,21.14,27.24,35.29,17.17,10.0,0.265,0.383,0.347,0.73,0.0819999999999999,608334
SL,Slider,BR,180,23.17,40,35,9,22.5,4,10.0,85,25,29.41,13.89,27,15.0,28.89,29.59,17.6,21.95,0.143,0.225,0.171,0.396,0.028,608334
FF,4-Seam Fastball,FB,138,17.76,39,35,14,35.9,4,10.26,69,14,20.29,10.14,33,23.91,34.06,20.45,24.46,24.56,0.114,0.205,0.229,0.434,0.115,608334
CH,Changeup,OS,121,15.57,42,38,16,38.1,4,9.52,58,22,37.93,18.18,10,8.26,26.45,35.37,25.32,27.12,0.237,0.31,0.421,0.731,0.184,608334
ST,Sweeper,BR,46,5.92,7,7,1,14.29,0,0.0,19,8,42.11,17.39,3,6.52,23.91,23.53,7.73,5.56,0.286,0.286,0.714,1.0,0.428,608334
CU,Curveball,BR,36,4.63,10,9,4,40.0,1,10.0,15,9,60.0,25.0,5,13.89,38.89,36.0,6.87,25.0,0.444,0.5,1.111,1.611,0.667,608334
,,,10,1.29,2,0,0,0.0,2,100.0,0,0,,0.0,0,0.0,0.0,,0.86,0.0,,1.0,,,,608334
FF,4-Seam Fastball,FB,362,26.64,85,73,13,15.29,8,9.41,183,32,17.49,8.84,59,16.3,25.14,20.55,22.49,15.29,0.342,0.417,0.658,1.075,0.316,608344
SV,Slurve,BR,302,22.22,63,56,10,15.87,4,6.35,117,21,17.95,6.95,85,28.15,35.1,21.74,17.99,14.71,0.339,0.397,0.536,0.933,0.197,608344
SI,Sinker,FB,242,17.81,76,64,11,14.47,11,14.47,109,7,6.42,2.89,49,20.25,23.14,18.81,18.25,15.94,0.328,0.421,0.656,1.077,0.328,608344
CH,Changeup,OS,227,16.7,77,75,11,14.29,0,0.0,131,33,25.19,14.54,16,7.05,21.59,33.88,17.46,16.67,0.267,0.26,0.453,0.7130000000000001,0.186,608344
FC,Cutter,FB,158,11.63,44,42,7,15.91,1,2.27,77,14,18.18,8.86,31,19.62,28.48,23.53,8.47,21.88,0.333,0.349,0.595,0.944,0.2619999999999999,608344
CU,Curveball,BR,64,4.71,31,30,9,29.03,0,0.0,40,9,22.5,14.06,1,1.56,15.62,35.29,15.34,15.52,0.3,0.3,0.5,0.8,0.2,608344
,,,4,0.29,1,0,0,0.0,1,100.0,0,0,,0.0,0,0.0,0.0,,0.0,,,1.0,,,,608344
ST,Sweeper,BR,288,51.25,64,59,19,29.69,4,6.25,120,35,29.17,12.15,51,17.71,29.86,28.4,49.13,22.35,0.237,0.281,0.441,0.722,0.204,608371
FF,4-Seam Fastball,FB,167,29.72,44,33,14,31.82,11,25.0,84,27,32.14,16.17,16,9.58,25.75,26.97,37.57,21.54,0.273,0.455,0.576,1.031,0.3029999999999999,608371
FC,Cutter,FB,80,14.23,21,20,4,19.05,1,4.76,47,16,34.04,20.0,11,13.75,33.75,46.34,9.83,23.53,0.15,0.19,0.15,0.3399999999999999,0.0,608371
SL,Slider,BR,15,2.67,4,3,2,50.0,1,25.0,6,4,66.67,26.67,4,26.67,53.33,25.0,1.73,66.67,0.0,0.25,0.0,0.25,0.0,608371
CU,Curveball,BR,11,1.96,2,2,0,0.0,0,0.0,3,0,0.0,0.0,3,27.27,27.27,16.67,1.73,0.0,0.5,0.5,0.5,1.0,0.0,608371
SI,Sinker,FB,1,0.18,0,0,0,,0,,0,0,,0.0,1,100.0,100.0,,0.0,,,,,,,608371
CH,Changeup,OS,335,26.42,100,95,39,39.0,3,3.0,195,70,35.9,20.9,49,14.63,35.52,41.29,43.38,25.32,0.137,0.18,0.316,0.496,0.179,608379
SI,Sinker,FB,320,25.24,108,90,13,12.04,12,11.11,177,18,10.17,5.62,36,11.25,16.88,28.0,24.51,14.94,0.267,0.358,0.289,0.647,0.0219999999999999,608379
FF,4-Seam Fastball,FB,202,15.93,52,46,12,23.08,6,11.54,84,16,19.05,7.92,49,24.26,32.18,21.88,19.44,17.39,0.283,0.365,0.391,0.756,0.108,608379
SL,Slider,BR,194,15.3,29,28,3,10.34,1,3.45,67,24,35.82,12.37,19,9.79,22.16,22.7,9.01,9.38,0.429,0.448,0.714,1.162,0.285,608379
FC,Cutter,FB,134,10.57,37,35,0,0.0,2,5.41,66,8,12.12,5.97,22,16.42,22.39,10.0,0.28,0.0,0.286,0.324,0.429,0.753,0.143,608379
CU,Curveball,BR,82,6.47,7,7,0,0.0,0,0.0,13,1,7.69,1.22,16,19.51,20.73,7.41,3.38,0.0,0.286,0.286,0.286,0.572,0.0,608379
,,,1,0.08,0,0,0,,0,,0,0,,0.0,0,0.0,0.0,,0.0,,,,,,,608379
SL,Slider,BR,14,40.0,4,3,0,0.0,1,25.0,8,3,37.5,21.43,3,21.43,42.86,50.0,30.0,0.0,0.0,0.25,0.0,0.25,0.0,608566
FF,4-Seam Fastball,FB,12,34.29,4,3,0,0.0,1,25.0,6,1,16.67,8.33,1,8.33,16.67,0.0,30.0,0.0,0.667,0.75,0.667,1.417,0.0,608566
KC,Knuckle Curve,BR,5,14.29,2,2,2,100.0,0,0.0,3,3,100.0,60.0,0,0.0,60.0,60.0,40.0,50.0,0.0,0.0,0.0,0.0,0.0,608566
SI,Sinker,FB,4,11.43,2,2,0,0.0,0,0.0,2,0,0.0,0.0,0,0.0,0.0,0.0,0.0,,1.0,1.0,2.5,3.5,1.5,608566
SI,Sinker,FB,164,55.41,47,43,2,4.26,2,4.26,75,9,12.0,5.49,39,23.78,29.27,22.58,16.47,14.29,0.256,0.319,0.302,0.621,0.0459999999999999,608638
SL,Slider,BR,129,43.58,41,34,7,17.07,7,17.07,61,19,31.15,14.73,13,10.08,24.81,26.32,81.18,10.14,0.176,0.317,0.353,0.6699999999999999,0.177,608638
FF,4-Seam Fastball,FB,3,1.01,0,0,0,,0,,2,1,50.0,33.33,0,0.0,33.33,50.0,2.35,0.0,,,,,,608638
FF,4-Seam Fastball,FB,32,29.63,10,6,2,20.0,4,40.0,16,5,31.25,15.62,4,12.5,28.12,16.67,24.32,22.22,0.167,0.5,0.167,0.667,0.0,608648
SL,Slider,BR,29,26.85,5,4,0,0.0,1,20.0,11,0,0.0,0.0,7,24.14,24.14,21.43,32.43,0.0,0.25,0.4,0.25,0.65,0.0,608648
KC,Knuckle Curve,BR,24,22.22,4,4,2,50.0,0,0.0,8,4,50.0,16.67,3,12.5,29.17,23.53,29.73,18.18,0.0,0.0,0.0,0.0,0.0,608648
SI,Sinker,FB,23,21.3,4,4,1,25.0,0,0.0,7,1,14.29,4.35,7,30.43,34.78,0.0,13.51,20.0,0.25,0.25,0.25,0.5,0.0,608648
SL,Slider,BR,60,29.85,14,10,5,35.71,4,28.57,25,14,56.0,23.33,5,8.33,31.67,31.82,33.33,26.32,0.3,0.5,0.6,1.1,0.3,608678
FF,4-Seam Fastball,FB,46,22.89,11,9,2,18.18,2,18.18,22,8,36.36,17.39,7,15.22,32.61,17.65,24.56,14.29,0.333,0.455,0.444,0.899,0.1109999999999999,608678
FC,Cutter,FB,37,18.41,9,8,1,11.11,1,11.11,18,9,50.0,24.32,4,10.81,35.14,46.15,10.53,16.67,0.25,0.333,1.0,1.333,0.75,608678
SI,Sinker,FB,23,11.44,10,10,0,0.0,0,0.0,15,0,0.0,0.0,2,8.7,8.7,44.44,5.26,0.0,0.4,0.4,0.5,0.9,0.0999999999999999,608678
CH,Changeup,OS,20,9.95,3,3,2,66.67,0,0.0,7,2,28.57,10.0,1,5.0,15.0,29.41,21.05,16.67,0.0,0.0,0.0,0.0,0.0,608678
ST,Sweeper,BR,15,7.46,2,2,1,50.0,0,0.0,9,6,66.67,40.0,2,13.33,53.33,55.56,5.26,33.33,0.0,0.0,0.0,0.0,0.0,608678
SL,Slider,BR,174,33.21,54,50,3,5.56,3,5.56,87,12,13.79,6.9,19,10.92,17.82,24.44,25.0,9.68,0.24,0.283,0.38,0.663,0.14,608717
FF,4-Seam Fastball,FB,166,31.68,42,33,7,16.67,4,9.52,70,18,25.71,10.84,41,24.7,35.54,21.74,29.03,19.44,0.333,0.405,0.576,0.981,0.2429999999999999,608717
CU,Curveball,BR,85,16.22,20,19,4,20.0,0,0.0,39,11,28.21,12.94,8,9.41,22.35,28.3,23.39,13.79,0.263,0.25,0.474,0.724,0.2109999999999999,608717
SI,Sinker,FB,82,15.65,25,21,3,12.0,4,16.0,40,6,15.0,7.32,10,12.2,19.51,22.22,14.52,16.67,0.286,0.4,0.524,0.924,0.238,608717
CH,Changeup,OS,14,2.67,6,6,4,66.67,0,0.0,11,4,36.36,28.57,0,0.0,28.57,72.73,8.06,40.0,0.167,0.167,0.667,0.8340000000000001,0.5,608717
ST,Sweeper,BR,3,0.57,1,1,0,0.0,0,0.0,1,0,0.0,0.0,0,0.0,0.0,0.0,0.0,,0.0,0.0,0.0,0.0,0.0,608717
FF,4-Seam Fastball,FB,304,47.5,82,74,11,13.41,7,8.54,156,20,12.82,6.58,54,17.76,24.34,22.83,42.11,13.75,0.351,0.402,0.473,0.875,0.122,608718
CH,Changeup,OS,183,28.59,46,45,8,17.39,1,2.17,86,24,27.91,13.11,19,10.38,23.5,39.42,33.68,12.5,0.2,0.217,0.333,0.55,0.133,608718
SI,Sinker,FB,106,16.56,25,22,5,20.0,3,12.0,42,11,26.19,10.38,27,25.47,35.85,20.0,12.63,20.83,0.136,0.24,0.318,0.558,0.182,608718
SL,Slider,BR,47,7.34,14,14,5,35.71,0,0.0,22,8,36.36,17.02,5,10.64,27.66,36.36,11.58,22.73,0.214,0.214,0.286,0.5,0.0719999999999999,608718
FC,Cutter,FB,163,31.41,38,32,7,18.42,6,15.79,76,31,40.79,19.02,32,19.63,38.65,35.11,22.62,18.42,0.312,0.421,0.438,0.859,0.126,608723
ST,Sweeper,BR,152,29.29,36,36,8,22.22,0,0.0,78,26,33.33,17.11,12,7.89,25.0,36.27,25.6,18.6,0.222,0.222,0.583,0.8049999999999999,0.361,608723
FF,4-Seam Fastball,FB,141,27.17,35,28,13,37.14,4,11.43,62,18,29.03,12.77,30,21.28,34.04,25.0,30.36,25.49,0.107,0.265,0.107,0.372,0.0,608723
CU,Curveball,BR,62,11.95,19,18,11,57.89,1,5.26,29,15,51.72,24.19,7,11.29,35.48,40.91,21.43,30.56,0.056,0.105,0.056,0.161,0.0,608723
,,,1,0.19,0,0,0,,0,,0,0,,0.0,0,0.0,0.0,,0.0,,,,,,,608723
SL,Slider,BR,71,48.63,14,13,2,14.29,0,0.0,26,7,26.92,9.86,15,21.13,30.99,15.79,51.61,12.5,0.231,0.231,0.615,0.846,0.384,612434
FF,4-Seam Fastball,FB,47,32.19,17,14,1,5.88,2,11.76,24,1,4.17,2.13,8,17.02,19.15,31.82,29.03,11.11,0.429,0.529,0.857,1.386,0.428,612434
SI,Sinker,FB,22,15.07,6,6,0,0.0,0,0.0,11,1,9.09,4.55,5,22.73,27.27,38.46,6.45,0.0,0.5,0.5,1.0,1.5,0.5,612434
CH,Changeup,OS,5,3.42,3,3,1,33.33,0,0.0,3,1,33.33,20.0,0,0.0,20.0,50.0,12.9,25.0,0.667,0.667,0.667,1.334,0.0,612434
,,,1,0.68,0,0,0,,0,,0,0,,0.0,0,0.0,0.0,,0.0,,,,,,,612434
SL,Slider,BR,377,75.4,105,88,35,33.33,11,10.48,166,73,43.98,19.36,67,17.77,37.14,28.5,92.03,27.56,0.273,0.381,0.341,0.722,0.068,613534
FF,4-Seam Fastball,FB,104,20.8,9,5,0,0.0,2,22.22,32,13,40.62,12.5,23,22.12,34.62,10.91,5.07,0.0,0.0,0.375,0.0,0.375,0.0,613534
SI,Sinker,FB,19,3.8,5,4,0,0.0,1,20.0,6,0,0.0,0.0,1,5.26,5.26,0.0,2.9,0.0,0.25,0.4,0.25,0.65,0.0,613534
CU,Curveball,BR,197,39.01,46,44,11,23.91,1,2.17,92,27,29.35,13.71,16,8.12,21.83,25.62,48.65,15.28,0.159,0.174,0.159,0.3329999999999999,0.0,614179
SI,Sinker,FB,178,35.25,55,48,4,7.27,7,12.73,89,9,10.11,5.06,36,20.22,25.28,32.05,18.24,14.81,0.271,0.364,0.396,0.76,0.125,614179
FF,4-Seam Fastball,FB,117,23.17,30,24,11,36.67,3,10.0,70,23,32.86,19.66,21,17.95,37.61,44.0,31.76,23.4,0.208,0.3,0.458,0.758,0.25,614179
SL,Slider,BR,5,0.99,0,0,0,,0,,1,1,100.0,20.0,0,0.0,20.0,20.0,0.68,0.0,,,,,,614179
CH,Changeup,OS,4,0.79,1,1,1,100.0,0,0.0,0,0,,0.0,1,25.0,25.0,0.0,0.68,100.0,0.0,0.0,0.0,0.0,0.0,614179
,,,4,0.79,1,0,0,0.0,1,100.0,0,0,,0.0,0,0.0,0.0,,0.0,,,1.0,,,,614179
FS,Split-Finger,OS,354,28.1,106,98,21,19.81,5,4.72,201,42,20.9,11.86,18,5.08,16.95,28.26,42.93,13.04,0.184,0.245,0.235,0.48,0.0509999999999999,615698
SI,Sinker,FB,316,25.08,82,66,8,9.76,9,10.98,131,16,12.21,5.06,74,23.42,28.48,21.48,19.47,10.96,0.439,0.538,0.682,1.2200000000000002,0.243,615698
CU,Curveball,BR,194,15.4,37,36,7,18.92,1,2.7,88,24,27.27,12.37,37,19.07,31.44,26.67,10.93,17.07,0.278,0.297,0.639,0.936,0.361,615698
FF,4-Seam Fastball,FB,188,14.92,53,42,9,16.98,10,18.87,91,22,24.18,11.7,28,14.89,26.6,22.99,14.13,16.98,0.262,0.415,0.571,0.986,0.3089999999999999,615698
FC,Cutter,FB,182,14.44,46,43,9,19.57,2,4.35,81,16,19.75,8.79,32,17.58,26.37,18.6,10.93,21.95,0.302,0.326,0.465,0.791,0.163,615698
SL,Slider,BR,15,1.19,3,3,0,0.0,0,0.0,6,2,33.33,13.33,5,33.33,46.67,28.57,0.53,0.0,0.0,0.0,0.0,0.0,0.0,615698
CH,Changeup,OS,9,0.71,3,2,0,0.0,0,0.0,6,2,33.33,22.22,1,11.11,33.33,60.0,0.8,0.0,0.0,0.0,0.0,0.0,0.0,615698
,,,2,0.16,1,1,1,100.0,0,0.0,0,0,,0.0,0,0.0,0.0,,0.27,100.0,0.0,0.0,0.0,0.0,0.0,615698
FA,Other,,3,100.0,1,1,0,0.0,0,0.0,1,0,0.0,0.0,1,33.33,33.33,0.0,,,0.0,0.0,0.0,0.0,0.0,620443
SI,Sinker,FB,65,48.51,18,13,2,11.11,3,16.67,32,6,18.75,9.23,8,12.31,21.54,27.03,29.27,16.67,0.231,0.444,0.385,0.829,0.154,620982
FS,Split-Finger,OS,33,24.63,8,8,3,37.5,0,0.0,15,5,33.33,15.15,0,0.0,15.15,15.79,51.22,14.29,0.5,0.5,1.125,1.625,0.625,620982
SL,Slider,BR,14,10.45,5,5,0,0.0,0,0.0,9,4,44.44,28.57,2,14.29,42.86,16.67,2.44,0.0,0.8,0.8,1.4,2.2,0.5999999999999999,620982
ST,Sweeper,BR,14,10.45,2,1,0,0.0,1,50.0,2,1,50.0,7.14,2,14.29,21.43,16.67,14.63,0.0,1.0,1.0,1.0,2.0,0.0,620982
FF,4-Seam Fastball,FB,8,5.97,0,0,0,,0,,3,1,33.33,12.5,3,37.5,50.0,0.0,2.44,0.0,,,,,,620982
SI,Sinker,FB,89,52.98,29,25,2,6.9,2,6.9,47,9,19.15,10.11,16,17.98,28.09,32.56,27.5,18.18,0.32,0.414,0.4,0.8140000000000001,0.08,621016
ST,Sweeper,BR,50,29.76,10,7,2,20.0,0,0.0,17,7,41.18,14.0,5,10.0,24.0,17.14,40.0,12.5,0.286,0.5,0.714,1.214,0.428,621016
FF,4-Seam Fastball,FB,29,17.26,11,10,7,63.64,1,9.09,16,10,62.5,34.48,5,17.24,51.72,30.77,32.5,53.85,0.0,0.091,0.0,0.091,0.0,621016
ST,Sweeper,BR,197,61.18,56,52,14,25.0,2,3.57,104,28,26.92,14.21,29,14.72,28.93,31.46,65.52,24.56,0.231,0.25,0.404,0.654,0.173,621051
FF,4-Seam Fastball,FB,115,35.71,30,23,6,20.0,4,13.33,54,11,20.37,9.57,20,17.39,26.96,25.93,32.18,21.43,0.391,0.5,0.826,1.326,0.4349999999999999,621051
FC,Cutter,FB,6,1.86,0,0,0,,0,,1,1,100.0,16.67,1,16.67,33.33,0.0,2.3,0.0,,,,,,621051
,,,4,1.24,1,0,0,0.0,1,100.0,0,0,,0.0,0,0.0,0.0,,0.0,,,1.0,,,,621051
FF,4-Seam Fastball,FB,162,34.99,49,46,28,57.14,3,6.12,88,32,36.36,19.75,38,23.46,43.21,42.86,45.16,40.0,0.13,0.184,0.13,0.314,0.0,621053
ST,Sweeper,BR,136,29.37,27,25,10,37.04,1,3.7,55,16,29.09,11.76,28,20.59,32.35,23.53,34.19,18.87,0.12,0.154,0.16,0.314,0.04,621053
SI,Sinker,FB,131,28.29,38,32,6,15.79,5,13.16,64,14,21.88,10.69,23,17.56,28.24,35.94,18.06,21.43,0.031,0.162,0.031,0.193,0.0,621053
FC,Cutter,FB,34,7.34,5,4,0,0.0,1,20.0,10,2,20.0,5.88,7,20.59,26.47,0.0,2.58,0.0,0.5,0.6,0.75,1.35,0.25,621053
FC,Cutter,FB,61,42.96,14,13,5,35.71,1,7.14,29,12,41.38,19.67,14,22.95,42.62,13.04,35.19,26.32,0.308,0.357,0.462,0.819,0.154,621097
FF,4-Seam Fastball,FB,53,37.32,13,8,3,23.08,5,38.46,24,10,41.67,18.87,10,18.87,37.74,31.03,38.89,14.29,0.375,0.615,0.375,0.99,0.0,621097
CU,Curveball,BR,22,15.49,3,3,0,0.0,0,0.0,7,1,14.29,4.55,3,13.64,18.18,13.33,14.81,0.0,0.0,0.0,0.0,0.0,0.0,621097
CH,Changeup,OS,6,4.23,2,2,1,50.0,0,0.0,3,1,33.33,16.67,0,0.0,16.67,25.0,11.11,16.67,0.5,0.5,2.0,2.5,1.5,621097
SI,Sinker,FB,464,37.85,134,129,14,10.45,5,3.73,224,33,14.73,7.11,114,24.57,31.68,31.63,25.33,14.74,0.326,0.351,0.45,0.8009999999999999,0.124,621107
FC,Cutter,FB,238,19.41,71,68,13,18.31,2,2.82,119,22,18.49,9.24,52,21.85,31.09,26.6,14.4,24.07,0.265,0.282,0.456,0.738,0.191,621107
CU,Curveball,BR,238,19.41,63,63,18,28.57,0,0.0,124,39,31.45,16.39,24,10.08,26.47,39.04,32.0,15.0,0.302,0.302,0.429,0.731,0.127,621107
ST,Sweeper,BR,192,15.66,47,46,6,12.77,1,2.13,102,21,20.59,10.94,35,18.23,29.17,37.5,13.87,11.54,0.239,0.255,0.435,0.69,0.196,621107
FF,4-Seam Fastball,FB,81,6.61,30,27,9,30.0,0,0.0,47,10,21.28,12.35,8,9.88,22.22,29.41,12.27,19.57,0.185,0.233,0.37,0.603,0.185,621107
CH,Changeup,OS,8,0.65,3,3,0,0.0,0,0.0,3,0,0.0,0.0,0,0.0,0.0,0.0,1.6,0.0,0.0,0.0,0.0,0.0,0.0,621107
SL,Slider,BR,5,0.41,2,2,0,0.0,0,0.0,5,1,20.0,20.0,0,0.0,20.0,,0.53,0.0,0.0,0.0,0.0,0.0,0.0,621107
SI,Sinker,FB,182,29.4,54,48,4,7.41,2,3.7,92,11,11.96,6.04,38,20.88,26.92,30.26,21.47,11.43,0.271,0.34,0.312,0.652,0.0409999999999999,621111
FF,4-Seam Fastball,FB,163,26.33,37,31,4,10.81,5,13.51,63,10,15.87,6.13,32,19.63,25.77,20.0,22.09,11.11,0.355,0.432,0.71,1.142,0.355,621111
ST,Sweeper,BR,116,18.74,37,34,13,35.14,3,8.11,52,15,28.85,12.93,9,7.76,20.69,18.57,36.2,22.03,0.147,0.216,0.324,0.54,0.177,621111
FC,Cutter,FB,93,15.02,26,23,5,19.23,3,11.54,46,16,34.78,17.2,13,13.98,31.18,25.0,8.59,35.71,0.304,0.385,0.478,0.863,0.174,621111
KC,Knuckle Curve,BR,54,8.72,12,12,1,8.33,0,0.0,20,3,15.0,5.56,12,22.22,27.78,20.0,9.2,6.67,0.417,0.417,0.75,1.167,0.333,621111
SL,Slider,BR,10,1.62,1,1,0,0.0,0,0.0,2,1,50.0,10.0,1,10.0,20.0,12.5,1.84,0.0,1.0,1.0,4.0,5.0,3.0,621111
CH,Changeup,OS,1,0.16,0,0,0,,0,,1,0,0.0,0.0,0,0.0,0.0,100.0,0.61,0.0,,,,,,621111
ST,Sweeper,BR,146,25.35,40,37,7,17.5,2,5.0,62,17,27.42,11.64,14,9.59,21.23,31.0,33.99,13.46,0.189,0.231,0.297,0.528,0.1079999999999999,621112
SI,Sinker,FB,126,21.88,41,38,5,12.2,1,2.44,61,5,8.2,3.97,31,24.6,28.57,29.63,17.65,18.52,0.5,0.537,0.737,1.274,0.237,621112
FC,Cutter,FB,115,19.97,33,32,5,15.15,1,3.03,61,15,24.59,13.04,14,12.17,25.22,25.45,8.5,38.46,0.312,0.333,0.531,0.8640000000000001,0.219,621112
FF,4-Seam Fastball,FB,102,17.71,25,19,2,8.0,5,20.0,41,5,12.2,4.9,18,17.65,22.55,12.0,16.99,7.69,0.263,0.4,0.737,1.137,0.474,621112
CH,Changeup,OS,53,9.2,13,11,6,46.15,2,15.38,30,10,33.33,18.87,3,5.66,24.53,28.57,16.99,23.08,0.091,0.231,0.364,0.595,0.273,621112
CU,Curveball,BR,34,5.9,5,4,1,20.0,1,20.0,14,2,14.29,5.88,8,23.53,29.41,17.65,5.88,11.11,0.25,0.4,0.5,0.9,0.25,621112
SL,Slider,BR,227,65.42,62,60,23,37.1,2,3.23,127,48,37.8,21.15,23,10.13,31.28,40.29,68.47,30.26,0.233,0.258,0.45,0.708,0.217,621114
FF,4-Seam Fastball,FB,119,34.29,26,23,7,26.92,2,7.69,62,17,27.42,14.29,26,21.85,36.13,36.54,31.53,20.0,0.174,0.269,0.261,0.53,0.087,621114
SI,Sinker,FB,1,0.29,0,0,0,,0,,0,0,,0.0,0,0.0,0.0,0.0,0.0,,,,,,,621114
SI,Sinker,FB,144,48.98,48,42,13,27.08,5,10.42,64,10,15.62,6.94,37,25.69,32.64,21.67,41.67,32.5,0.119,0.229,0.262,0.491,0.143,621199
ST,Sweeper,BR,114,38.78,20,20,2,10.0,0,0.0,55,14,25.45,12.28,13,11.4,23.68,27.27,41.67,5.0,0.25,0.25,0.7,0.95,0.4499999999999999,621199
FC,Cutter,FB,22,7.48,6,5,1,16.67,1,16.67,10,3,30.0,13.64,2,9.09,22.73,16.67,7.29,14.29,0.2,0.333,0.2,0.533,0.0,621199
FS,Split-Finger,OS,14,4.76,4,3,1,25.0,1,25.0,6,1,16.67,7.14,1,7.14,14.29,20.0,9.38,11.11,0.0,0.25,0.0,0.25,0.0,621199
SI,Sinker,FB,451,57.53,106,88,12,11.32,17,16.04,183,30,16.39,6.65,105,23.28,29.93,14.21,36.48,14.12,0.307,0.415,0.477,0.8919999999999999,0.1699999999999999,621237
FC,Cutter,FB,325,41.45,75,68,33,44.0,6,8.0,163,66,40.49,20.31,11,3.38,23.69,35.9,63.09,22.45,0.191,0.267,0.309,0.5760000000000001,0.118,621237
,,,4,0.51,1,0,0,0.0,1,100.0,0,0,,0.0,0,0.0,0.0,,0.0,,,1.0,,,,621237
CU,Curveball,BR,3,0.38,1,1,0,0.0,0,0.0,2,0,0.0,0.0,0,0.0,0.0,50.0,0.43,0.0,0.0,0.0,0.0,0.0,0.0,621237
FF,4-Seam Fastball,FB,1,0.13,0,0,0,,0,,0,0,,0.0,0,0.0,0.0,0.0,0.0,,,,,,,621237
SL,Slider,BR,227,51.83,59,57,25,42.37,2,3.39,123,57,46.34,25.11,39,17.18,42.29,43.97,59.6,27.78,0.123,0.153,0.193,0.346,0.07,621242
FF,4-Seam Fastball,FB,210,47.95,47,44,17,36.17,1,2.13,95,27,28.42,12.86,36,17.14,30.0,22.77,40.4,27.87,0.205,0.255,0.295,0.55,0.09,621242
,,,1,0.23,0,0,0,,0,,0,0,,0.0,0,0.0,0.0,,0.0,,,,,,,621242
SI,Sinker,FB,561,42.63,161,147,13,8.07,9,5.59,287,27,9.41,4.81,137,24.42,29.23,33.33,29.02,11.61,0.333,0.385,0.429,0.8140000000000001,0.0959999999999999,621244
SV,Slurve,BR,486,36.93,134,126,33,24.63,7,5.22,212,64,30.19,13.17,78,16.05,29.22,32.9,44.56,19.19,0.214,0.256,0.413,0.669,0.1989999999999999,621244
FF,4-Seam Fastball,FB,146,11.09,39,33,7,17.95,1,2.56,72,18,25.0,12.33,29,19.86,32.19,23.64,10.36,17.5,0.212,0.278,0.333,0.611,0.121,621244
CH,Changeup,OS,115,8.74,34,34,15,44.12,0,0.0,72,22,30.56,19.13,5,4.35,23.48,40.62,15.8,24.59,0.147,0.147,0.382,0.529,0.235,621244
FC,Cutter,FB,4,0.3,0,0,0,,0,,2,1,50.0,25.0,0,0.0,25.0,33.33,0.26,0.0,,,,,,621244
,,,4,0.3,1,0,0,0.0,1,100.0,0,0,,0.0,0,0.0,0.0,,0.0,,,1.0,,,,621244
SI,Sinker,FB,51,30.72,13,11,0,0.0,0,0.0,23,3,13.04,5.88,11,21.57,27.45,30.43,9.8,0.0,0.818,0.846,1.091,1.937,0.273,621294
SL,Slider,BR,39,23.49,7,6,2,28.57,0,0.0,14,4,28.57,10.26,8,20.51,30.77,26.92,25.49,15.38,0.5,0.571,0.833,1.404,0.3329999999999999,621294
FC,Cutter,FB,36,21.69,9,8,2,22.22,1,11.11,14,6,42.86,16.67,7,19.44,36.11,30.43,11.76,33.33,0.0,0.111,0.0,0.111,0.0,621294
CH,Changeup,OS,18,10.84,8,7,5,62.5,0,0.0,14,7,50.0,38.89,1,5.56,44.44,70.0,23.53,41.67,0.0,0.125,0.0,0.125,0.0,621294
FF,4-Seam Fastball,FB,11,6.63,3,1,0,0.0,2,66.67,2,0,0.0,0.0,2,18.18,18.18,11.11,15.69,0.0,1.0,1.0,2.0,3.0,1.0,621294
ST,Sweeper,BR,11,6.63,2,2,0,0.0,0,0.0,3,0,0.0,0.0,1,9.09,9.09,22.22,13.73,0.0,0.5,0.5,0.5,1.0,0.0,621294
FF,4-Seam Fastball,FB,171,47.77,33,29,3,9.09,4,12.12,84,14,16.67,8.19,33,19.3,27.49,21.62,34.48,7.5,0.207,0.303,0.31,0.613,0.103,621345
FC,Cutter,FB,94,26.26,26,23,9,34.62,2,7.69,52,19,36.54,20.21,14,14.89,35.11,40.82,28.45,27.27,0.217,0.308,0.522,0.8300000000000001,0.305,621345
CH,Changeup,OS,89,24.86,28,24,10,35.71,3,10.71,42,17,40.48,19.1,6,6.74,25.84,31.58,37.07,23.26,0.125,0.222,0.125,0.347,0.0,621345
,,,4,1.12,1,0,0,0.0,1,100.0,0,0,,0.0,0,0.0,0.0,,0.0,,,1.0,,,,621345
FF,4-Seam Fastball,FB,235,72.09,70,64,9,12.86,4,5.71,114,15,13.16,6.38,30,12.77,19.15,29.13,60.61,22.5,0.219,0.257,0.375,0.632,0.156,621363
SL,Slider,BR,83,25.46,24,24,10,41.67,0,0.0,40,17,42.5,20.48,13,15.66,36.14,26.19,39.39,38.46,0.125,0.125,0.292,0.417,0.1669999999999999,621363
,,,8,2.45,2,0,0,0.0,2,100.0,0,0,,0.0,0,0.0,0.0,,0.0,,,1.0,,,,621363
SL,Slider,BR,49,52.69,21,20,5,23.81,1,4.76,36,9,25.0,18.37,6,12.24,30.61,61.11,52.94,55.56,0.4,0.429,0.65,1.079,0.25,621366
CH,Changeup,OS,22,23.66,4,4,0,0.0,0,0.0,7,1,14.29,4.55,2,9.09,13.64,16.67,35.29,0.0,0.25,0.25,0.25,0.5,0.0,621366
SI,Sinker,FB,20,21.51,4,3,0,0.0,1,25.0,6,2,33.33,10.0,5,25.0,35.0,10.0,5.88,0.0,0.333,0.5,1.333,1.833,1.0,621366
ST,Sweeper,BR,2,2.15,1,1,1,100.0,0,0.0,1,1,100.0,50.0,0,0.0,50.0,50.0,5.88,100.0,0.0,0.0,0.0,0.0,0.0,621366
FF,4-Seam Fastball,FB,395,56.67,93,87,44,47.31,3,3.23,223,67,30.04,16.96,63,15.95,32.91,35.71,64.39,25.88,0.138,0.161,0.276,0.437,0.138,621381
FC,Cutter,FB,114,16.36,26,22,1,3.85,1,3.85,70,19,27.14,16.67,10,8.77,25.44,44.26,7.2,5.26,0.182,0.308,0.273,0.581,0.091,621381
SL,Slider,BR,108,15.49,20,18,8,40.0,2,10.0,41,10,24.39,9.26,17,15.74,25.0,18.64,19.32,15.69,0.111,0.2,0.222,0.422,0.111,621381
SI,Sinker,FB,74,10.62,18,15,4,22.22,3,16.67,42,7,16.67,9.46,10,13.51,22.97,26.67,8.71,17.39,0.067,0.222,0.067,0.289,0.0,621381
,,,6,0.86,2,1,1,50.0,1,50.0,0,0,,0.0,0,0.0,0.0,,0.38,100.0,0.0,0.5,0.0,0.5,0.0,621381
SL,Slider,BR,262,35.6,64,55,13,20.31,6,9.38,132,38,28.79,14.5,43,16.41,30.92,25.0,28.33,19.7,0.273,0.365,0.345,0.71,0.0719999999999999,621383
FF,4-Seam Fastball,FB,249,33.83,65,54,24,36.92,10,15.38,113,25,22.12,10.04,45,18.07,28.11,24.41,50.64,20.34,0.241,0.354,0.37,0.724,0.129,621383
CH,Changeup,OS,146,19.84,41,41,2,4.88,0,0.0,67,11,16.42,7.53,14,9.59,17.12,26.67,14.59,5.88,0.244,0.244,0.415,0.659,0.1709999999999999,621383
ST,Sweeper,BR,46,6.25,10,8,2,20.0,0,0.0,21,4,19.05,8.7,9,19.57,28.26,23.81,6.01,14.29,0.125,0.1,0.25,0.35,0.125,621383
SI,Sinker,FB,26,3.53,7,7,0,0.0,0,0.0,10,1,10.0,3.85,8,30.77,34.62,20.0,0.43,0.0,0.571,0.571,0.571,1.142,0.0,621383
,,,7,0.95,2,0,0,0.0,2,100.0,0,0,,0.0,0,0.0,0.0,,0.0,,,1.0,,,,621383
SI,Sinker,FB,449,52.27,133,119,14,10.53,12,9.02,223,20,8.97,4.45,98,21.83,26.28,19.16,46.98,12.84,0.387,0.447,0.689,1.136,0.3019999999999999,621389
CH,Changeup,OS,270,31.43,75,71,8,10.67,4,5.33,144,28,19.44,10.37,15,5.56,15.93,40.43,33.62,10.26,0.352,0.387,0.521,0.908,0.169,621389
CU,Curveball,BR,86,10.01,17,11,3,17.65,0,0.0,27,6,22.22,6.98,15,17.44,24.42,24.59,13.79,9.38,0.182,0.353,0.182,0.5349999999999999,0.0,621389
FC,Cutter,FB,54,6.29,17,17,2,11.76,0,0.0,29,5,17.24,9.26,10,18.52,27.78,20.83,5.6,15.38,0.412,0.412,1.059,1.471,0.647,621389
FF,4-Seam Fastball,FB,16,64.0,3,3,0,0.0,0,0.0,7,1,14.29,6.25,5,31.25,37.5,33.33,60.0,0.0,1.0,1.0,2.0,3.0,1.0,621399
CH,Changeup,OS,5,20.0,1,1,0,0.0,0,0.0,2,1,50.0,20.0,0,0.0,20.0,0.0,20.0,0.0,1.0,1.0,2.0,3.0,1.0,621399
CU,Curveball,BR,4,16.0,2,2,0,0.0,0,0.0,2,0,0.0,0.0,0,0.0,0.0,33.33,20.0,0.0,0.5,0.5,0.5,1.0,0.0,621399
EP,Eephus,,4,80.0,1,1,0,0.0,0,0.0,1,0,0.0,0.0,0,0.0,0.0,0.0,,,1.0,1.0,1.0,2.0,0.0,621550
FA,Other,,1,20.0,1,0,0,0.0,1,100.0,0,0,,0.0,0,0.0,0.0,0.0,,,,1.0,,,,621550
CH,Changeup,OS,102,61.08,26,23,7,26.92,3,11.54,48,22,45.83,21.57,10,9.8,31.37,37.14,79.55,20.0,0.217,0.308,0.304,0.612,0.087,622065
SI,Sinker,FB,53,31.74,15,14,0,0.0,1,6.67,26,5,19.23,9.43,8,15.09,24.53,25.93,15.91,0.0,0.143,0.2,0.357,0.5569999999999999,0.214,622065
CU,Curveball,BR,8,4.79,0,0,0,,0,,0,0,,0.0,4,50.0,50.0,0.0,2.27,0.0,,,,,,622065
FF,4-Seam Fastball,FB,2,1.2,1,1,0,0.0,0,0.0,1,0,0.0,0.0,1,50.0,50.0,,2.27,0.0,1.0,1.0,2.0,3.0,1.0,622065
SL,Slider,BR,1,0.6,1,1,0,0.0,0,0.0,1,0,0.0,0.0,0,0.0,0.0,,0.0,,0.0,0.0,0.0,0.0,0.0,622065
,,,1,0.6,0,0,0,,0,,0,0,,0.0,0,0.0,0.0,,0.0,,,,,,,622065
SI,Sinker,FB,264,46.73,65,52,12,18.46,10,15.38,126,28,22.22,10.61,48,18.18,28.79,15.65,49.17,13.48,0.365,0.476,0.712,1.188,0.347,622072
SL,Slider,BR,165,29.2,36,30,11,30.56,4,11.11,43,9,20.93,5.45,41,24.85,30.3,12.63,35.36,17.19,0.2,0.333,0.267,0.6000000000000001,0.067,622072
CH,Changeup,OS,131,23.19,33,30,1,3.03,1,3.03,66,11,16.67,8.4,18,13.74,22.14,27.69,15.47,3.57,0.3,0.303,0.433,0.736,0.133,622072
,,,4,0.71,1,0,0,0.0,1,100.0,0,0,,0.0,0,0.0,0.0,,0.0,,,1.0,,,,622072
FF,4-Seam Fastball,FB,1,0.18,0,0,0,,0,,1,0,0.0,0.0,0,0.0,0.0,,0.0,,,,,,,622072
SI,Sinker,FB,94,51.93,28,21,4,14.29,6,21.43,37,5,13.51,5.32,22,23.4,28.72,26.53,24.56,28.57,0.238,0.429,0.286,0.715,0.0479999999999999,622075
ST,Sweeper,BR,82,45.3,16,15,9,56.25,1,6.25,29,15,51.72,18.29,12,14.63,32.93,29.09,66.67,23.68,0.067,0.125,0.267,0.392,0.2,622075
FF,4-Seam Fastball,FB,4,2.21,2,1,0,0.0,0,0.0,1,0,0.0,0.0,0,0.0,0.0,0.0,7.02,0.0,0.0,0.5,0.0,0.5,0.0,622075
,,,1,0.55,0,0,0,,0,,0,0,,0.0,0,0.0,0.0,,1.75,0.0,,,,,,622075
SL,Slider,BR,9,42.86,3,2,0,0.0,1,33.33,3,1,33.33,11.11,1,11.11,22.22,25.0,71.43,0.0,0.5,0.667,0.5,1.167,0.0,622088
SI,Sinker,FB,7,33.33,2,1,0,0.0,1,50.0,2,1,50.0,14.29,1,14.29,28.57,20.0,0.0,,0.0,0.5,0.0,0.5,0.0,622088
FF,4-Seam Fastball,FB,5,23.81,0,0,0,,0,,2,0,0.0,0.0,1,20.0,20.0,0.0,28.57,0.0,,,,,,622088
FF,4-Seam Fastball,FB,101,47.64,23,19,8,34.78,3,13.04,55,12,21.82,11.88,12,11.88,23.76,34.0,46.58,23.53,0.211,0.304,0.368,0.6719999999999999,0.157,622098
FC,Cutter,FB,52,24.53,11,9,2,18.18,2,18.18,30,12,40.0,23.08,10,19.23,42.31,43.48,17.81,15.38,0.444,0.545,0.556,1.101,0.112,622098
SL,Slider,BR,43,20.28,12,11,5,41.67,0,0.0,26,9,34.62,20.93,4,9.3,30.23,31.58,27.4,25.0,0.182,0.167,0.182,0.349,0.0,622098
CU,Curveball,BR,12,5.66,2,2,1,50.0,0,0.0,4,3,75.0,25.0,1,8.33,33.33,12.5,5.48,25.0,0.0,0.0,0.0,0.0,0.0,622098
CH,Changeup,OS,4,1.89,1,1,0,0.0,0,0.0,2,1,50.0,25.0,0,0.0,25.0,0.0,2.74,0.0,0.0,0.0,0.0,0.0,0.0,622098
FF,4-Seam Fastball,FB,24,63.16,6,5,0,0.0,1,16.67,12,1,8.33,4.17,4,16.67,20.83,27.27,57.14,0.0,0.4,0.5,0.6,1.1,0.1999999999999999,622103
SL,Slider,BR,10,26.32,3,3,0,0.0,0,0.0,4,0,0.0,0.0,2,20.0,20.0,0.0,21.43,0.0,0.0,0.0,0.0,0.0,0.0,622103
FC,Cutter,FB,4,10.53,1,1,0,0.0,0,0.0,1,0,0.0,0.0,0,0.0,0.0,0.0,21.43,0.0,1.0,1.0,1.0,2.0,0.0,622103
SL,Slider,BR,85,51.83,22,22,5,22.73,0,0.0,37,11,29.73,12.94,21,24.71,37.65,27.91,35.42,29.41,0.273,0.273,0.318,0.591,0.0449999999999999,622250
FF,4-Seam Fastball,FB,60,36.59,16,13,4,25.0,3,18.75,37,7,18.92,11.67,7,11.67,23.33,30.43,45.83,18.18,0.154,0.312,0.308,0.62,0.154,622250
CU,Curveball,BR,19,11.59,5,5,1,20.0,0,0.0,7,1,14.29,5.26,2,10.53,15.79,23.08,18.75,11.11,0.2,0.2,0.2,0.4,0.0,622250
SL,Slider,BR,164,62.84,46,35,6,13.04,9,19.57,76,18,23.68,10.98,24,14.63,25.61,23.53,71.25,10.53,0.143,0.326,0.143,0.469,0.0,622251
SI,Sinker,FB,74,28.35,14,12,2,14.29,1,7.14,31,10,32.26,13.51,19,25.68,39.19,27.03,17.5,14.29,0.25,0.286,0.25,0.536,0.0,622251
FF,4-Seam Fastball,FB,22,8.43,4,4,1,25.0,0,0.0,8,5,62.5,22.73,2,9.09,31.82,21.43,10.0,12.5,0.0,0.0,0.0,0.0,0.0,622251
CU,Curveball,BR,1,0.38,1,1,0,0.0,0,0.0,1,0,0.0,0.0,0,0.0,0.0,,1.25,0.0,1.0,1.0,1.0,2.0,0.0,622251
SI,Sinker,FB,230,54.5,69,62,4,5.8,4,5.8,114,10,8.77,4.35,52,22.61,26.96,31.46,34.71,9.52,0.355,0.42,0.435,0.855,0.08,622253
ST,Sweeper,BR,178,42.18,40,37,16,40.0,2,5.0,70,28,40.0,15.73,26,14.61,30.34,26.61,56.2,23.53,0.216,0.275,0.27,0.545,0.054,622253
CH,Changeup,OS,14,3.32,6,5,2,33.33,1,16.67,9,3,33.33,21.43,0,0.0,21.43,28.57,9.09,18.18,0.4,0.5,0.8,1.3,0.4,622253
FF,4-Seam Fastball,FB,48,50.53,10,8,0,0.0,2,20.0,20,3,15.0,6.25,11,22.92,29.17,5.56,29.17,0.0,0.375,0.5,0.875,1.375,0.5,622259
SL,Slider,BR,47,49.47,11,10,3,27.27,1,9.09,19,10,52.63,21.28,3,6.38,27.66,23.33,70.83,17.65,0.3,0.364,0.3,0.6639999999999999,0.0,622259
FA,Other,,12,100.0,4,4,0,0.0,0,0.0,5,1,20.0,8.33,1,8.33,16.67,14.29,,,0.5,0.5,0.5,1.0,0.0,622268
FF,4-Seam Fastball,FB,667,43.68,153,138,60,39.22,12,7.84,347,116,33.43,17.39,97,14.54,31.93,26.9,46.92,24.18,0.152,0.219,0.239,0.4579999999999999,0.087,622491
SL,Slider,BR,419,27.44,90,84,27,30.0,4,4.44,191,80,41.88,19.09,72,17.18,36.28,32.51,29.81,17.42,0.179,0.213,0.286,0.499,0.1069999999999999,622491
SI,Sinker,FB,360,23.58,108,101,12,11.11,4,3.7,187,22,11.76,6.11,60,16.67,22.78,36.99,15.77,14.63,0.287,0.333,0.416,0.749,0.129,622491
CH,Changeup,OS,81,5.3,24,24,9,37.5,0,0.0,50,14,28.0,17.28,5,6.17,23.46,52.73,7.5,20.51,0.25,0.25,0.542,0.792,0.292,622491
CH,Changeup,OS,36,65.45,12,12,3,25.0,0,0.0,20,7,35.0,19.44,6,16.67,36.11,47.83,78.57,27.27,0.417,0.417,0.667,1.084,0.25,622503
FF,4-Seam Fastball,FB,13,23.64,1,1,0,0.0,0,0.0,6,1,16.67,7.69,3,23.08,30.77,33.33,7.14,0.0,0.0,0.0,0.0,0.0,0.0,622503
SL,Slider,BR,3,5.45,1,1,0,0.0,0,0.0,2,0,0.0,0.0,0,0.0,0.0,0.0,7.14,0.0,0.0,0.0,0.0,0.0,0.0,622503
CU,Curveball,BR,2,3.64,0,0,0,,0,,1,0,0.0,0.0,0,0.0,0.0,0.0,7.14,0.0,,,,,,622503
SI,Sinker,FB,1,1.82,1,1,0,0.0,0,0.0,1,0,0.0,0.0,0,0.0,0.0,,0.0,,1.0,1.0,1.0,2.0,0.0,622503
FF,4-Seam Fastball,FB,184,30.11,29,23,9,31.03,6,20.69,71,21,29.58,11.41,31,16.85,28.26,9.78,32.37,13.43,0.174,0.345,0.304,0.649,0.13,622554
SI,Sinker,FB,155,25.37,40,37,2,5.0,3,7.5,82,9,10.98,5.81,28,18.06,23.87,30.16,9.18,10.53,0.351,0.4,0.405,0.805,0.054,622554
SL,Slider,BR,141,23.08,36,34,9,25.0,2,5.56,67,26,38.81,18.44,20,14.18,32.62,35.37,26.09,16.67,0.235,0.278,0.735,1.013,0.5,622554
ST,Sweeper,BR,131,21.44,38,37,24,63.16,1,2.63,70,37,52.86,28.24,12,9.16,37.4,40.7,32.37,35.82,0.135,0.158,0.189,0.347,0.0539999999999999,622554
FA,Other,,8,72.73,2,1,0,0.0,1,50.0,3,1,33.33,12.5,1,12.5,25.0,33.33,0.0,,0.0,0.5,0.0,0.5,0.0,622569
EP,Eephus,,2,18.18,0,0,0,,0,,0,0,,0.0,0,0.0,0.0,0.0,0.0,,,,,,,622569
CS,Slow Curve,BR,1,9.09,1,1,0,0.0,0,0.0,1,0,0.0,0.0,0,0.0,0.0,,100.0,0.0,0.0,0.0,0.0,0.0,0.0,622569
FF,4-Seam Fastball,FB,59,58.42,11,9,2,18.18,1,9.09,24,6,25.0,10.17,13,22.03,32.2,22.22,51.72,13.33,0.444,0.5,0.778,1.278,0.334,622608
SL,Slider,BR,34,33.66,10,9,2,20.0,1,10.0,13,4,30.77,11.76,5,14.71,26.47,22.73,31.03,22.22,0.444,0.5,0.889,1.389,0.445,622608
CU,Curveball,BR,5,4.95,1,1,0,0.0,0,0.0,3,0,0.0,0.0,0,0.0,0.0,0.0,10.34,0.0,0.0,0.0,0.0,0.0,0.0,622608
SI,Sinker,FB,2,1.98,2,1,0,0.0,1,50.0,1,0,0.0,0.0,0,0.0,0.0,50.0,3.45,0.0,0.0,0.5,0.0,0.5,0.0,622608
CH,Changeup,OS,1,0.99,0,0,0,,0,,0,0,,0.0,0,0.0,0.0,0.0,3.45,0.0,,,,,,622608
SI,Sinker,FB,476,33.95,153,139,9,5.88,9,5.88,269,29,10.78,6.09,74,15.55,21.64,40.85,15.14,14.29,0.252,0.316,0.374,0.69,0.122,622663
FF,4-Seam Fastball,FB,330,23.54,79,64,22,27.85,14,17.72,186,51,27.42,15.45,47,14.24,29.7,33.55,29.81,17.74,0.188,0.342,0.328,0.67,0.14,622663
ST,Sweeper,BR,293,20.9,80,75,41,51.25,3,3.75,120,54,45.0,18.43,45,15.36,33.79,31.94,37.26,26.45,0.107,0.152,0.16,0.312,0.053,622663
SL,Slider,BR,139,9.91,29,29,7,24.14,0,0.0,52,14,26.92,10.07,18,12.95,23.02,17.07,10.82,15.56,0.345,0.345,0.448,0.7929999999999999,0.103,622663
FC,Cutter,FB,113,8.06,23,17,4,17.39,4,17.39,43,13,30.23,11.5,30,26.55,38.05,22.95,3.12,30.77,0.176,0.333,0.235,0.5680000000000001,0.059,622663
CH,Changeup,OS,50,3.57,10,10,2,20.0,0,0.0,24,2,8.33,4.0,2,4.0,8.0,27.27,3.61,13.33,0.4,0.4,0.6,1.0,0.1999999999999999,622663
,,,1,0.07,0,0,0,,0,,0,0,,0.0,0,0.0,0.0,,0.24,0.0,,,,,,622663
FC,Cutter,FB,61,40.13,12,12,1,8.33,0,0.0,25,7,28.0,11.48,9,14.75,26.23,9.38,40.0,5.0,0.417,0.417,0.75,1.167,0.333,622694
FF,4-Seam Fastball,FB,60,39.47,18,18,3,16.67,0,0.0,30,6,20.0,10.0,18,30.0,40.0,40.91,34.0,11.76,0.222,0.222,0.278,0.5,0.056,622694
SI,Sinker,FB,18,11.84,8,7,1,12.5,1,12.5,9,1,11.11,5.56,3,16.67,22.22,25.0,14.0,14.29,0.286,0.375,1.143,1.518,0.857,622694
SL,Slider,BR,7,4.61,3,3,0,0.0,0,0.0,4,0,0.0,0.0,1,14.29,14.29,33.33,4.0,0.0,0.333,0.333,0.667,1.0,0.334,622694
CH,Changeup,OS,6,3.95,1,1,0,0.0,0,0.0,3,1,33.33,16.67,0,0.0,16.67,25.0,8.0,0.0,0.0,0.0,0.0,0.0,0.0,622694
FF,4-Seam Fastball,FB,1,100.0,1,1,0,0.0,0,0.0,1,0,0.0,0.0,0,0.0,0.0,,,,0.0,0.0,0.0,0.0,0.0,622766
SL,Slider,BR,158,51.63,38,36,14,36.84,2,5.26,66,23,34.85,14.56,38,24.05,38.61,25.97,58.7,25.93,0.111,0.158,0.194,0.352,0.083,622786
SI,Sinker,FB,118,38.56,31,27,3,9.68,3,9.68,61,7,11.48,5.93,18,15.25,21.19,21.28,27.17,12.0,0.296,0.387,0.37,0.757,0.074,622786
FF,4-Seam Fastball,FB,20,6.54,7,7,3,42.86,0,0.0,12,4,33.33,20.0,3,15.0,35.0,37.5,13.04,25.0,0.286,0.286,0.286,0.572,0.0,622786
,,,4,1.31,1,0,0,0.0,1,100.0,0,0,,0.0,0,0.0,0.0,,0.0,,,1.0,,,,622786
FC,Cutter,FB,3,0.98,1,1,0,0.0,0,0.0,2,0,0.0,0.0,0,0.0,0.0,0.0,0.0,,0.0,0.0,0.0,0.0,0.0,622786
CH,Changeup,OS,3,0.98,0,0,0,,0,,0,0,,0.0,1,33.33,33.33,0.0,1.09,0.0,,,,,,622786
FF,4-Seam Fastball,FB,173,50.14,50,45,12,24.0,2,4.0,104,20,19.23,11.56,27,15.61,27.17,26.32,49.53,22.64,0.222,0.28,0.467,0.7470000000000001,0.245,623149
ST,Sweeper,BR,172,49.86,43,42,10,23.26,0,0.0,87,22,25.29,12.79,36,20.93,33.72,31.43,50.47,18.52,0.167,0.186,0.31,0.496,0.143,623149
FF,4-Seam Fastball,FB,598,39.26,151,128,21,13.91,20,13.25,258,34,13.18,5.69,109,18.23,23.91,19.03,37.19,12.8,0.258,0.367,0.414,0.7809999999999999,0.1559999999999999,623167
FC,Cutter,FB,423,27.77,107,96,9,8.41,11,10.28,215,49,22.79,11.58,65,15.37,26.95,36.96,18.14,11.25,0.354,0.421,0.562,0.983,0.208,623167
ST,Sweeper,BR,194,12.74,52,51,12,23.08,0,0.0,86,25,29.07,12.89,18,9.28,22.16,34.46,18.14,15.0,0.353,0.346,0.471,0.817,0.118,623167
CH,Changeup,OS,138,9.06,33,29,9,27.27,3,9.09,62,19,30.65,13.77,16,11.59,25.36,16.0,13.15,15.52,0.207,0.273,0.31,0.583,0.103,623167
CU,Curveball,BR,134,8.8,32,32,9,28.12,0,0.0,63,18,28.57,13.43,30,22.39,35.82,36.62,9.75,20.93,0.25,0.25,0.344,0.594,0.0939999999999999,623167
SL,Slider,BR,34,2.23,7,7,1,14.29,0,0.0,12,4,33.33,11.76,1,2.94,14.71,16.0,3.63,6.25,0.286,0.286,0.429,0.715,0.143,623167
,,,2,0.13,1,0,0,0.0,1,100.0,0,0,,0.0,0,0.0,0.0,,0.0,,,1.0,,,,623167
FA,Other,,5,71.43,2,2,0,0.0,0,0.0,3,0,0.0,0.0,0,0.0,0.0,50.0,,,0.0,0.0,0.0,0.0,0.0,623168
EP,Eephus,,2,28.57,1,1,0,0.0,0,0.0,1,0,0.0,0.0,1,50.0,50.0,100.0,,,0.0,0.0,0.0,0.0,0.0,623168
FC,Cutter,FB,166,31.98,46,39,9,19.57,7,15.22,83,27,32.53,16.27,24,14.46,30.72,29.76,31.45,18.0,0.179,0.304,0.308,0.612,0.129,623211
SI,Sinker,FB,162,31.21,28,22,0,0.0,4,14.29,64,13,20.31,8.02,31,19.14,27.16,28.89,9.43,0.0,0.5,0.607,0.727,1.334,0.2269999999999999,623211
CH,Changeup,OS,103,19.85,33,32,17,51.52,1,3.03,68,21,30.88,20.39,6,5.83,26.21,51.61,40.88,26.15,0.188,0.212,0.281,0.493,0.093,623211
FF,4-Seam Fastball,FB,87,16.76,17,16,3,17.65,0,0.0,42,6,14.29,6.9,16,18.39,25.29,31.11,17.61,10.71,0.125,0.176,0.188,0.364,0.063,623211
,,,1,0.19,0,0,0,,0,,0,0,,0.0,0,0.0,0.0,,0.63,0.0,,,,,,623211
SI,Sinker,FB,637,68.86,151,135,51,33.77,15,9.93,343,108,31.49,16.95,84,13.19,30.14,30.99,70.96,23.72,0.2,0.285,0.407,0.692,0.2069999999999999,623352
SL,Slider,BR,274,29.62,70,66,31,44.29,4,5.71,154,96,62.34,35.04,30,10.95,45.99,42.77,27.39,37.35,0.136,0.186,0.273,0.459,0.137,623352
CH,Changeup,OS,11,1.19,2,2,1,50.0,0,0.0,4,3,75.0,27.27,0,0.0,27.27,30.0,1.65,20.0,0.5,0.5,2.0,2.5,1.5,623352
,,,2,0.22,1,0,0,0.0,1,100.0,0,0,,0.0,0,0.0,0.0,,0.0,,,1.0,,,,623352
FF,4-Seam Fastball,FB,1,0.11,0,0,0,,0,,1,1,100.0,100.0,0,0.0,100.0,,0.0,,,,,,,623352
CU,Curveball,BR,137,47.4,28,26,7,25.0,1,3.57,51,13,25.49,9.49,35,25.55,35.04,21.88,41.3,18.42,0.346,0.393,0.654,1.0470000000000002,0.308,623433
FF,4-Seam Fastball,FB,82,28.37,21,18,3,14.29,3,14.29,40,7,17.5,8.54,18,21.95,30.49,21.21,33.7,9.68,0.444,0.524,1.056,1.58,0.6120000000000001,623433
SI,Sinker,FB,65,22.49,27,25,4,14.81,2,7.41,39,6,15.38,9.23,12,18.46,27.69,40.0,23.91,18.18,0.28,0.333,0.4,0.7330000000000001,0.12,623433
,,,4,1.38,1,0,0,0.0,1,100.0,0,0,,0.0,0,0.0,0.0,,0.0,,,1.0,,,,623433
CH,Changeup,OS,1,0.35,0,0,0,,0,,0,0,,0.0,0,0.0,0.0,0.0,1.09,0.0,,,,,,623433
SI,Sinker,FB,4,66.67,1,1,0,0.0,0,0.0,3,0,0.0,0.0,0,0.0,0.0,66.67,0.0,,0.0,0.0,0.0,0.0,0.0,623437
ST,Sweeper,BR,2,33.33,2,2,1,50.0,0,0.0,2,1,50.0,50.0,0,0.0,50.0,100.0,100.0,100.0,0.0,0.0,0.0,0.0,0.0,623437
FF,4-Seam Fastball,FB,7,38.89,4,4,0,0.0,0,0.0,6,2,33.33,28.57,0,0.0,28.57,50.0,66.67,0.0,0.5,0.5,0.5,1.0,0.0,623451
SI,Sinker,FB,4,22.22,3,2,0,0.0,0,0.0,3,0,0.0,0.0,0,0.0,0.0,50.0,0.0,,0.0,0.333,0.0,0.333,0.0,623451
CU,Curveball,BR,3,16.67,0,0,0,,0,,1,0,0.0,0.0,1,33.33,33.33,0.0,33.33,0.0,,,,,,623451
SL,Slider,BR,2,11.11,0,0,0,,0,,1,0,0.0,0.0,0,0.0,0.0,0.0,0.0,,,,,,,623451
CH,Changeup,OS,1,5.56,1,1,0,0.0,0,0.0,1,0,0.0,0.0,0,0.0,0.0,,0.0,,0.0,0.0,0.0,0.0,0.0,623451
FC,Cutter,FB,1,5.56,0,0,0,,0,,0,0,,0.0,1,100.0,100.0,,0.0,,,,,,,623451
ST,Sweeper,BR,264,51.36,83,80,29,34.94,2,2.41,128,41,32.03,15.53,37,14.02,29.55,38.65,67.1,27.88,0.212,0.229,0.3,0.529,0.088,623465
FF,4-Seam Fastball,FB,187,36.38,32,28,13,40.62,4,12.5,87,38,43.68,20.32,54,28.88,49.2,21.67,28.39,27.27,0.179,0.281,0.321,0.6020000000000001,0.142,623465
SI,Sinker,FB,63,12.26,15,12,0,0.0,3,20.0,28,2,7.14,3.17,14,22.22,25.4,18.52,4.52,0.0,0.333,0.467,0.417,0.884,0.0839999999999999,623465
ST,Sweeper,BR,56,49.12,20,19,11,55.0,1,5.0,31,13,41.94,23.21,9,16.07,39.29,39.29,86.67,42.31,0.158,0.2,0.211,0.411,0.0529999999999999,623474
SI,Sinker,FB,36,31.58,7,6,0,0.0,1,14.29,13,3,23.08,8.33,10,27.78,36.11,15.79,10.0,0.0,0.833,0.857,1.0,1.857,0.167,623474
SL,Slider,BR,14,12.28,2,2,0,0.0,0,0.0,5,2,40.0,14.29,3,21.43,35.71,16.67,0.0,,0.0,0.0,0.0,0.0,0.0,623474
FF,4-Seam Fastball,FB,7,6.14,2,2,0,0.0,0,0.0,3,0,0.0,0.0,0,0.0,0.0,20.0,3.33,0.0,1.0,1.0,2.5,3.5,1.5,623474
CH,Changeup,OS,1,0.88,0,0,0,,0,,1,1,100.0,100.0,0,0.0,100.0,,0.0,,,,,,,623474
FA,Other,,8,100.0,2,1,0,0.0,1,50.0,1,0,0.0,0.0,1,12.5,12.5,0.0,,,0.0,0.5,0.0,0.5,0.0,623520
SI,Sinker,FB,522,26.81,159,144,40,25.16,13,8.18,208,19,9.13,3.64,139,26.63,30.27,14.55,27.47,26.67,0.25,0.314,0.312,0.626,0.062,624133
CU,Curveball,BR,449,23.06,109,102,35,32.11,7,6.42,216,76,35.19,16.93,83,18.49,35.41,41.01,28.94,21.52,0.206,0.257,0.373,0.63,0.167,624133
FF,4-Seam Fastball,FB,399,20.49,99,90,22,22.22,7,7.07,171,31,18.13,7.77,84,21.05,28.82,20.42,18.68,21.57,0.233,0.296,0.344,0.6399999999999999,0.1109999999999999,624133
CH,Changeup,OS,305,15.67,81,77,13,16.05,4,4.94,155,50,32.26,16.39,9,2.95,19.34,35.19,17.4,13.68,0.247,0.284,0.338,0.622,0.091,624133
FC,Cutter,FB,265,13.61,58,48,6,10.34,6,10.34,134,21,15.67,7.92,26,9.81,17.74,29.05,7.14,15.38,0.271,0.364,0.604,0.968,0.3329999999999999,624133
,,,5,0.26,1,0,0,0.0,1,100.0,0,0,,0.0,0,0.0,0.0,,0.0,,,1.0,,,,624133
SL,Slider,BR,2,0.1,2,2,1,50.0,0,0.0,2,1,50.0,50.0,0,0.0,50.0,100.0,0.37,50.0,0.5,0.5,0.5,1.0,0.0,624133
FA,Other,,19,82.61,7,7,0,0.0,0,0.0,10,1,10.0,5.26,6,31.58,36.84,50.0,66.67,0.0,0.571,0.571,0.857,1.428,0.286,624431
KN,Knuckleball,,4,17.39,2,2,0,0.0,0,0.0,3,0,0.0,0.0,0,0.0,0.0,50.0,33.33,0.0,0.0,0.0,0.0,0.0,0.0,624431
FF,4-Seam Fastball,FB,104,34.78,21,15,6,28.57,5,23.81,54,18,33.33,17.31,17,16.35,33.65,27.91,30.3,20.0,0.0,0.25,0.0,0.25,0.0,624522
FC,Cutter,FB,102,34.11,23,17,2,8.7,6,26.09,44,6,13.64,5.88,19,18.63,24.51,21.28,16.16,12.5,0.176,0.391,0.176,0.567,0.0,624522
ST,Sweeper,BR,72,24.08,16,15,11,68.75,1,6.25,33,15,45.45,20.83,4,5.56,26.39,33.96,37.37,29.73,0.067,0.125,0.067,0.192,0.0,624522
CU,Curveball,BR,20,6.69,8,6,2,25.0,2,25.0,10,3,30.0,15.0,1,5.0,20.0,18.18,16.16,12.5,0.0,0.25,0.0,0.25,0.0,624522
SI,Sinker,FB,1,0.33,0,0,0,,0,,0,0,,0.0,0,0.0,0.0,0.0,0.0,,,,,,,624522
SI,Sinker,FB,115,47.33,33,26,5,15.15,7,21.21,44,7,15.91,6.09,22,19.13,25.22,18.03,21.54,35.71,0.192,0.364,0.346,0.71,0.1539999999999999,624647
CH,Changeup,OS,91,37.45,25,22,2,8.0,3,12.0,52,12,23.08,13.19,5,5.49,18.68,40.0,56.92,5.41,0.136,0.24,0.455,0.6950000000000001,0.319,624647
SL,Slider,BR,37,15.23,6,5,0,0.0,0,0.0,16,1,6.25,2.7,3,8.11,10.81,28.0,21.54,0.0,0.2,0.333,0.2,0.533,0.0,624647
FF,4-Seam Fastball,FB,516,55.66,143,135,32,22.38,5,3.5,293,46,15.7,8.91,109,21.12,30.04,30.72,50.0,22.54,0.215,0.252,0.333,0.585,0.118,625643
SL,Slider,BR,388,41.86,103,98,39,37.86,3,2.91,186,80,43.01,20.62,42,10.82,31.44,34.98,48.94,28.06,0.173,0.194,0.245,0.439,0.072,625643
CU,Curveball,BR,20,2.16,2,2,0,0.0,0,0.0,6,2,33.33,10.0,6,30.0,40.0,22.22,0.7,0.0,0.0,0.0,0.0,0.0,0.0,625643
CH,Changeup,OS,2,0.22,1,1,0,0.0,0,0.0,1,0,0.0,0.0,0,0.0,0.0,50.0,0.35,0.0,1.0,1.0,1.0,2.0,0.0,625643
,,,1,0.11,0,0,0,,0,,0,0,,0.0,0,0.0,0.0,,0.0,,,,,,,625643
SL,Slider,BR,279,28.3,80,73,8,10.0,6,7.5,153,48,31.37,17.2,26,9.32,26.52,37.74,24.76,10.13,0.37,0.425,0.658,1.083,0.288,628317
FS,Split-Finger,OS,246,24.95,67,66,15,22.39,0,0.0,138,34,24.64,13.82,20,8.13,21.95,40.67,37.93,12.4,0.227,0.224,0.485,0.709,0.258,628317
FF,4-Seam Fastball,FB,198,20.08,36,30,12,33.33,6,16.67,79,19,24.05,9.6,47,23.74,33.33,23.08,20.38,16.92,0.267,0.389,0.633,1.022,0.366,628317
SI,Sinker,FB,140,14.2,36,34,0,0.0,0,0.0,61,8,13.11,5.71,35,25.0,30.71,18.97,2.19,0.0,0.294,0.314,0.324,0.638,0.03,628317
ST,Sweeper,BR,83,8.42,23,20,8,34.78,2,8.7,41,12,29.27,14.46,14,16.87,31.33,30.95,10.66,23.53,0.15,0.261,0.15,0.411,0.0,628317
FC,Cutter,FB,33,3.35,10,10,2,20.0,0,0.0,24,9,37.5,27.27,1,3.03,30.3,57.89,3.76,16.67,0.3,0.3,0.3,0.6,0.0,628317
CU,Curveball,BR,6,0.61,1,1,0,0.0,0,0.0,2,0,0.0,0.0,3,50.0,50.0,,0.31,0.0,1.0,1.0,2.0,3.0,1.0,628317
,,,1,0.1,0,0,0,,0,,0,0,,0.0,0,0.0,0.0,,0.0,,,,,,,628317
SL,Slider,BR,154,34.15,38,36,12,31.58,0,0.0,87,39,44.83,25.32,18,11.69,37.01,42.22,40.94,23.08,0.167,0.184,0.25,0.434,0.0829999999999999,628452
FF,4-Seam Fastball,FB,123,27.27,30,28,12,40.0,1,3.33,58,19,32.76,15.45,28,22.76,38.21,32.0,29.13,32.43,0.143,0.172,0.25,0.422,0.107,628452
SI,Sinker,FB,97,21.51,30,27,2,6.67,1,3.33,37,2,5.41,2.06,25,25.77,27.84,25.0,7.09,22.22,0.148,0.233,0.222,0.455,0.074,628452
CH,Changeup,OS,73,16.19,27,26,7,25.93,1,3.7,45,12,26.67,16.44,6,8.22,24.66,42.5,22.83,24.14,0.231,0.259,0.385,0.644,0.154,628452
,,,4,0.89,1,0,0,0.0,1,100.0,0,0,,0.0,0,0.0,0.0,,0.0,,,1.0,,,,628452
SI,Sinker,FB,141,51.84,45,41,13,28.89,4,8.89,67,15,22.39,10.64,24,17.02,27.66,32.39,47.89,38.24,0.195,0.267,0.195,0.462,0.0,628708
SL,Slider,BR,102,37.5,24,22,2,8.33,1,4.17,51,9,17.65,8.82,12,11.76,20.59,29.63,38.03,7.41,0.364,0.375,0.545,0.92,0.181,628708
FF,4-Seam Fastball,FB,20,7.35,4,2,1,25.0,2,50.0,4,1,25.0,5.0,3,15.0,20.0,15.38,9.86,14.29,0.0,0.5,0.0,0.5,0.0,628708
FC,Cutter,FB,3,1.1,0,0,0,,0,,1,1,100.0,33.33,0,0.0,33.33,0.0,2.82,0.0,,,,,,628708
FS,Split-Finger,OS,3,1.1,1,1,0,0.0,0,0.0,2,1,50.0,33.33,0,0.0,33.33,50.0,0.0,,1.0,1.0,1.0,2.0,0.0,628708
,,,3,1.1,1,0,0,0.0,1,100.0,0,0,,0.0,0,0.0,0.0,,1.41,0.0,,1.0,,,,628708
SL,Slider,BR,105,38.32,26,23,4,15.38,1,3.85,49,11,22.45,10.48,31,29.52,40.0,33.33,24.72,18.18,0.217,0.308,0.304,0.612,0.087,630023
SI,Sinker,FB,98,35.77,29,25,3,10.34,3,10.34,47,6,12.77,6.12,26,26.53,32.65,25.64,25.84,13.04,0.48,0.552,0.64,1.1920000000000002,0.16,630023
FS,Split-Finger,OS,36,13.14,12,11,5,41.67,1,8.33,16,5,31.25,13.89,0,0.0,13.89,26.92,25.84,21.74,0.182,0.25,0.182,0.432,0.0,630023
FF,4-Seam Fastball,FB,35,12.77,10,9,5,50.0,1,10.0,14,6,42.86,17.14,2,5.71,22.86,23.08,23.6,23.81,0.333,0.4,1.222,1.622,0.889,630023
FF,4-Seam Fastball,FB,411,67.93,104,95,16,15.38,9,8.65,228,40,17.54,9.73,67,16.3,26.03,23.68,68.75,11.19,0.305,0.365,0.421,0.786,0.1159999999999999,640448
FS,Split-Finger,OS,129,21.32,33,31,6,18.18,2,6.06,65,19,29.23,14.73,16,12.4,27.13,27.27,17.31,16.67,0.226,0.273,0.484,0.757,0.258,640448
SL,Slider,BR,58,9.59,15,15,5,33.33,0,0.0,26,9,34.62,15.52,4,6.9,22.41,27.78,13.46,17.86,0.133,0.133,0.133,0.266,0.0,640448
,,,7,1.16,1,0,0,0.0,1,100.0,0,0,,0.0,0,0.0,0.0,,0.48,0.0,,1.0,,,,640448
FF,4-Seam Fastball,FB,307,65.46,74,63,20,27.03,9,12.16,165,41,24.85,13.36,53,17.26,30.62,27.42,67.86,17.54,0.222,0.338,0.365,0.7030000000000001,0.143,640451
FS,Split-Finger,OS,84,17.91,21,21,8,38.1,0,0.0,45,19,42.22,22.62,7,8.33,30.95,34.04,18.45,25.81,0.143,0.143,0.476,0.619,0.3329999999999999,640451
SL,Slider,BR,42,8.96,8,8,1,12.5,0,0.0,17,5,29.41,11.9,5,11.9,23.81,15.38,9.52,0.0,0.5,0.5,1.0,1.5,0.5,640451
CU,Curveball,BR,36,7.68,6,6,1,16.67,0,0.0,14,3,21.43,8.33,6,16.67,25.0,28.57,4.17,14.29,0.167,0.167,0.333,0.5,0.166,640451
SI,Sinker,FB,16,69.57,3,2,0,0.0,1,33.33,7,1,14.29,6.25,1,6.25,12.5,11.11,33.33,0.0,0.0,0.333,0.0,0.333,0.0,640454
ST,Sweeper,BR,4,17.39,1,1,1,100.0,0,0.0,2,0,0.0,0.0,1,25.0,25.0,50.0,44.44,25.0,0.0,0.0,0.0,0.0,0.0,640454
FC,Cutter,FB,2,8.7,1,1,0,0.0,0,0.0,2,0,0.0,0.0,0,0.0,0.0,,11.11,0.0,1.0,1.0,4.0,5.0,3.0,640454
CH,Changeup,OS,1,4.35,0,0,0,,0,,0,0,,0.0,0,0.0,0.0,0.0,11.11,0.0,,,,,,640454
FF,4-Seam Fastball,FB,727,30.91,174,157,45,25.86,15,8.62,378,94,24.87,12.93,108,14.86,27.79,31.02,37.13,16.25,0.153,0.23,0.28,0.51,0.127,640455
SI,Sinker,FB,543,23.09,143,126,32,22.38,16,11.19,293,68,23.21,12.52,85,15.65,28.18,27.19,20.64,20.78,0.206,0.296,0.31,0.606,0.104,640455
ST,Sweeper,BR,411,17.47,102,90,42,41.18,6,5.88,180,67,37.22,16.3,74,18.0,34.31,28.83,21.18,26.58,0.178,0.265,0.278,0.543,0.1,640455
CH,Changeup,OS,339,14.41,103,94,15,14.56,8,7.77,180,47,26.11,13.86,30,8.85,22.71,35.78,16.09,12.5,0.234,0.291,0.426,0.717,0.1919999999999999,640455
FC,Cutter,FB,175,7.44,32,27,1,3.12,4,12.5,79,12,15.19,6.86,28,16.0,22.86,21.74,2.68,5.0,0.222,0.344,0.259,0.603,0.037,640455
SL,Slider,BR,156,6.63,26,23,2,7.69,3,11.54,64,18,28.12,11.54,28,17.95,29.49,20.51,2.14,12.5,0.174,0.269,0.304,0.573,0.13,640455
,,,1,0.04,0,0,0,,0,,0,0,,0.0,0,0.0,0.0,,0.13,0.0,,,,,,640455
FF,4-Seam Fastball,FB,367,45.03,100,90,32,32.0,10,10.0,198,63,31.82,17.17,44,11.99,29.16,24.03,52.65,23.02,0.156,0.24,0.211,0.4509999999999999,0.0549999999999999,640462
SL,Slider,BR,160,19.63,40,36,16,40.0,4,10.0,87,41,47.13,25.62,25,15.62,41.25,52.13,23.48,25.81,0.194,0.275,0.389,0.664,0.195,640462
ST,Sweeper,BR,128,15.71,23,19,5,21.74,3,13.04,51,14,27.45,10.94,21,16.41,27.34,28.57,15.15,12.5,0.211,0.318,0.632,0.95,0.421,640462
SI,Sinker,FB,105,12.88,22,18,1,4.55,3,13.64,36,5,13.89,4.76,35,33.33,38.1,17.78,2.27,16.67,0.278,0.409,0.5,0.909,0.2219999999999999,640462
FS,Split-Finger,OS,30,3.68,10,9,1,10.0,1,10.0,18,2,11.11,6.67,2,6.67,13.33,41.18,5.3,7.14,0.444,0.5,0.667,1.167,0.223,640462
CH,Changeup,OS,17,2.09,6,5,1,16.67,1,16.67,10,4,40.0,23.53,2,11.76,35.29,50.0,1.14,33.33,0.4,0.5,0.4,0.9,0.0,640462
,,,8,0.98,2,0,0,0.0,2,100.0,0,0,,0.0,0,0.0,0.0,,0.0,,,1.0,,,,640462
SL,Slider,BR,99,55.93,21,20,6,28.57,1,4.76,43,14,32.56,14.14,20,20.2,34.34,31.03,65.08,14.63,0.2,0.238,0.35,0.588,0.1499999999999999,640470
SI,Sinker,FB,61,34.46,13,12,1,7.69,0,0.0,31,3,9.68,4.92,7,11.48,16.39,30.3,17.46,9.09,0.333,0.385,0.833,1.218,0.4999999999999999,640470
FF,4-Seam Fastball,FB,15,8.47,3,2,1,33.33,1,33.33,7,2,28.57,13.33,0,0.0,13.33,12.5,15.87,10.0,0.5,0.667,0.5,1.167,0.0,640470
FC,Cutter,FB,2,1.13,1,1,0,0.0,0,0.0,1,0,0.0,0.0,0,0.0,0.0,0.0,1.59,0.0,0.0,0.0,0.0,0.0,0.0,640470
FA,Other,,3,60.0,0,0,0,,0,,0,0,,0.0,0,0.0,0.0,0.0,,,,,,,,640902
EP,Eephus,,2,40.0,1,1,0,0.0,0,0.0,1,0,0.0,0.0,1,50.0,50.0,,,,0.0,0.0,0.0,0.0,0.0,640902
FF,4-Seam Fastball,FB,27,31.4,7,6,2,28.57,1,14.29,14,5,35.71,18.52,5,18.52,37.04,35.71,20.69,33.33,0.5,0.571,1.0,1.571,0.5,641149
SL,Slider,BR,25,29.07,7,7,0,0.0,0,0.0,14,3,21.43,12.0,7,28.0,40.0,50.0,27.59,0.0,0.429,0.429,0.857,1.286,0.428,641149
SI,Sinker,FB,20,23.26,5,5,1,20.0,0,0.0,9,3,33.33,15.0,1,5.0,20.0,28.57,17.24,20.0,0.2,0.2,0.4,0.6000000000000001,0.2,641149
CU,Curveball,BR,14,16.28,2,2,1,50.0,0,0.0,4,0,0.0,0.0,2,14.29,14.29,27.27,34.48,10.0,0.0,0.0,0.0,0.0,0.0,641149
FF,4-Seam Fastball,FB,574,38.5,137,124,39,28.47,9,6.57,327,106,32.42,18.47,91,15.85,34.32,29.38,36.78,21.08,0.169,0.241,0.266,0.507,0.097,641154
ST,Sweeper,BR,420,28.17,116,109,40,34.48,5,4.31,193,66,34.2,15.71,70,16.67,32.38,36.55,35.79,22.22,0.211,0.243,0.376,0.619,0.165,641154
SI,Sinker,FB,217,14.55,65,61,6,9.23,2,3.08,117,18,15.38,8.29,41,18.89,27.19,39.81,5.37,22.22,0.393,0.431,0.59,1.021,0.1969999999999999,641154
CH,Changeup,OS,169,11.33,41,37,13,31.71,4,9.76,91,23,25.27,13.61,17,10.06,23.67,34.07,11.73,22.03,0.27,0.341,0.405,0.746,0.135,641154
CU,Curveball,BR,111,7.44,33,32,13,39.39,1,3.03,55,20,36.36,18.02,9,8.11,26.13,36.84,10.34,25.0,0.25,0.273,0.531,0.804,0.281,641154
FC,Cutter,FB,443,34.99,107,97,18,16.82,8,7.48,219,45,20.55,10.16,70,15.8,25.96,27.73,24.44,18.18,0.258,0.321,0.536,0.857,0.278,641302
FF,4-Seam Fastball,FB,312,24.64,91,84,26,28.57,4,4.4,181,48,26.52,15.38,46,14.74,30.13,36.62,30.37,21.14,0.226,0.275,0.488,0.763,0.262,641302
CH,Changeup,OS,221,17.46,63,60,8,12.7,2,3.17,112,20,17.86,9.05,18,8.14,17.19,32.41,17.53,11.27,0.333,0.349,0.483,0.832,0.1499999999999999,641302
ST,Sweeper,BR,183,14.45,37,37,6,16.22,0,0.0,69,3,4.35,1.64,59,32.24,33.88,19.18,16.05,9.23,0.297,0.297,0.486,0.7829999999999999,0.189,641302
SI,Sinker,FB,98,7.74,30,24,9,30.0,5,16.67,42,8,19.05,8.16,26,26.53,34.69,13.51,11.36,19.57,0.167,0.3,0.292,0.592,0.1249999999999999,641302
,,,5,0.39,1,0,0,0.0,1,100.0,0,0,,0.0,0,0.0,0.0,,0.0,,,1.0,,,,641302
SL,Slider,BR,4,0.32,1,1,0,0.0,0,0.0,3,2,66.67,50.0,1,25.0,75.0,,0.25,0.0,0.0,0.0,0.0,0.0,0.0,641302
SL,Slider,BR,43,40.19,20,20,1,5.0,0,0.0,26,2,7.69,4.65,7,16.28,20.93,33.33,27.27,16.67,0.45,0.45,0.65,1.1,0.2,641312
FF,4-Seam Fastball,FB,30,28.04,13,12,3,23.08,0,0.0,13,3,23.08,10.0,7,23.33,33.33,16.67,45.45,30.0,0.25,0.308,0.333,0.641,0.083,641312
SI,Sinker,FB,18,16.82,6,6,0,0.0,0,0.0,9,0,0.0,0.0,5,27.78,27.78,0.0,4.55,0.0,0.667,0.667,1.667,2.334,1.0,641312
ST,Sweeper,BR,12,11.21,4,4,1,25.0,0,0.0,7,2,28.57,16.67,1,8.33,25.0,25.0,18.18,25.0,0.25,0.25,0.25,0.5,0.0,641312
CH,Changeup,OS,4,3.74,1,1,0,0.0,0,0.0,2,1,50.0,25.0,1,25.0,50.0,0.0,4.55,0.0,0.0,0.0,0.0,0.0,0.0,641312
FF,4-Seam Fastball,FB,98,45.79,23,22,9,39.13,1,4.35,47,15,31.91,15.31,22,22.45,37.76,28.21,50.0,26.47,0.318,0.348,0.636,0.984,0.318,641329
SL,Slider,BR,89,41.59,24,22,3,12.5,2,8.33,48,8,16.67,8.99,13,14.61,23.6,16.67,29.41,15.0,0.136,0.208,0.318,0.526,0.182,641329
CH,Changeup,OS,16,7.48,4,4,3,75.0,0,0.0,3,1,33.33,6.25,3,18.75,25.0,15.38,19.12,23.08,0.25,0.25,0.25,0.5,0.0,641329
CU,Curveball,BR,10,4.67,3,3,0,0.0,0,0.0,4,0,0.0,0.0,1,10.0,10.0,0.0,1.47,0.0,0.333,0.333,0.667,1.0,0.334,641329
PO,Pitch Out,,1,0.47,0,0,0,,0,,0,0,,0.0,0,0.0,0.0,0.0,0.0,,,,,,,641329
FA,Other,,34,85.0,11,9,1,9.09,2,18.18,15,2,13.33,5.88,4,11.76,17.65,28.57,40.0,50.0,0.444,0.545,0.667,1.2120000000000002,0.223,641343
EP,Eephus,,4,10.0,0,0,0,,0,,1,0,0.0,0.0,0,0.0,0.0,0.0,20.0,0.0,,,,,,641343
FF,4-Seam Fastball,FB,2,5.0,1,1,0,0.0,0,0.0,1,0,0.0,0.0,0,0.0,0.0,50.0,40.0,0.0,0.0,0.0,0.0,0.0,0.0,641343
FF,4-Seam Fastball,FB,74,71.15,18,15,2,11.11,1,5.56,28,7,25.0,9.46,20,27.03,36.49,26.32,68.18,13.33,0.4,0.471,0.667,1.138,0.267,641360
SL,Slider,BR,29,27.88,8,8,2,25.0,0,0.0,12,5,41.67,17.24,6,20.69,37.93,38.1,31.82,28.57,0.25,0.25,0.375,0.625,0.125,641360
SI,Sinker,FB,1,0.96,1,1,0,0.0,0,0.0,1,0,0.0,0.0,0,0.0,0.0,100.0,0.0,,0.0,0.0,0.0,0.0,0.0,641360
FF,4-Seam Fastball,FB,25,46.3,6,4,0,0.0,2,33.33,9,2,22.22,8.0,5,20.0,28.0,9.09,40.0,0.0,0.5,0.667,2.0,2.667,1.5,641401
CH,Changeup,OS,17,31.48,4,3,2,50.0,1,25.0,6,4,66.67,23.53,0,0.0,23.53,8.33,46.67,28.57,0.0,0.25,0.0,0.25,0.0,641401
FC,Cutter,FB,12,22.22,1,0,0,0.0,1,100.0,4,2,50.0,16.67,0,0.0,16.67,0.0,13.33,0.0,,1.0,,,,641401
SI,Sinker,FB,15,34.09,4,4,0,0.0,0,0.0,8,3,37.5,20.0,3,20.0,40.0,0.0,15.38,0.0,0.25,0.25,1.0,1.25,0.75,641427
FC,Cutter,FB,10,22.73,4,4,0,0.0,0,0.0,6,1,16.67,10.0,1,10.0,20.0,33.33,15.38,0.0,0.75,0.75,1.0,1.75,0.25,641427
SL,Slider,BR,9,20.45,3,3,2,66.67,0,0.0,8,4,50.0,44.44,0,0.0,44.44,66.67,30.77,50.0,0.333,0.333,0.333,0.666,0.0,641427
FF,4-Seam Fastball,FB,6,13.64,0,0,0,,0,,1,0,0.0,0.0,0,0.0,0.0,0.0,23.08,0.0,,,,,,641427
ST,Sweeper,BR,4,9.09,1,1,0,0.0,0,0.0,1,0,0.0,0.0,0,0.0,0.0,25.0,15.38,0.0,1.0,1.0,1.0,2.0,0.0,641427
FF,4-Seam Fastball,FB,981,43.1,210,192,43,20.48,12,5.71,492,102,20.73,10.4,148,15.09,25.48,22.07,42.15,14.83,0.266,0.319,0.521,0.8400000000000001,0.255,641482
FC,Cutter,FB,705,30.98,199,182,43,21.61,14,7.04,396,100,25.25,14.18,90,12.77,26.95,32.04,27.18,22.99,0.225,0.283,0.341,0.624,0.116,641482
CH,Changeup,OS,274,12.04,85,84,24,28.24,1,1.18,141,46,32.62,16.79,8,2.92,19.71,38.61,19.62,17.78,0.226,0.235,0.369,0.604,0.143,641482
ST,Sweeper,BR,274,12.04,50,46,5,10.0,3,6.0,95,14,14.74,5.11,80,29.2,34.31,13.74,5.38,13.51,0.348,0.38,0.761,1.141,0.413,641482
SL,Slider,BR,24,1.05,10,10,2,20.0,0,0.0,11,1,9.09,4.17,1,4.17,8.33,36.84,3.34,4.35,0.4,0.4,0.8,1.2000000000000002,0.4,641482
SI,Sinker,FB,17,0.75,5,5,3,60.0,0,0.0,7,2,28.57,11.76,1,5.88,17.65,40.0,2.18,20.0,0.4,0.4,0.4,0.8,0.0,641482
,,,1,0.04,0,0,0,,0,,0,0,,0.0,0,0.0,0.0,,0.15,0.0,,,,,,641482
SI,Sinker,FB,394,46.46,113,101,21,18.58,9,7.96,164,20,12.2,5.08,112,28.43,33.5,17.76,44.53,18.42,0.248,0.327,0.406,0.7330000000000001,0.158,641540
SL,Slider,BR,308,36.32,68,65,17,25.0,3,4.41,153,46,30.07,14.94,36,11.69,26.62,33.51,34.38,19.32,0.292,0.324,0.508,0.8320000000000001,0.216,641540
FC,Cutter,FB,68,8.02,21,16,4,19.05,5,23.81,33,10,30.3,14.71,5,7.35,22.06,20.0,5.08,30.77,0.25,0.429,0.25,0.679,0.0,641540
CH,Changeup,OS,33,3.89,8,8,2,25.0,0,0.0,19,3,15.79,9.09,2,6.06,15.15,33.33,7.81,10.0,0.25,0.25,0.375,0.625,0.125,641540
KC,Knuckle Curve,BR,24,2.83,3,3,1,33.33,0,0.0,10,3,30.0,12.5,3,12.5,25.0,42.11,3.12,12.5,0.0,0.0,0.0,0.0,0.0,641540
FF,4-Seam Fastball,FB,21,2.48,5,5,2,40.0,0,0.0,12,1,8.33,4.76,3,14.29,19.05,33.33,5.08,15.38,0.2,0.2,0.4,0.6000000000000001,0.2,641540
SL,Slider,BR,28,58.33,9,8,1,11.11,1,11.11,14,2,14.29,7.14,6,21.43,28.57,10.0,58.33,14.29,0.125,0.222,0.5,0.722,0.375,641582
FF,4-Seam Fastball,FB,20,41.67,6,5,2,33.33,1,16.67,8,3,37.5,15.0,2,10.0,25.0,18.18,41.67,40.0,0.2,0.333,0.2,0.533,0.0,641582
FC,Cutter,FB,70,38.46,16,15,4,25.0,1,6.25,24,7,29.17,10.0,17,24.29,34.29,21.43,43.9,22.22,0.267,0.312,0.333,0.645,0.066,641585
FF,4-Seam Fastball,FB,67,36.81,24,20,1,4.17,3,12.5,30,5,16.67,7.46,10,14.93,22.39,16.13,29.27,8.33,0.2,0.292,0.2,0.492,0.0,641585
CH,Changeup,OS,16,8.79,2,2,0,0.0,0,0.0,6,2,33.33,12.5,3,18.75,31.25,0.0,7.32,0.0,0.0,0.0,0.0,0.0,0.0,641585
ST,Sweeper,BR,14,7.69,8,8,2,25.0,0,0.0,10,3,30.0,21.43,1,7.14,28.57,40.0,9.76,50.0,0.5,0.5,1.375,1.875,0.875,641585
SI,Sinker,FB,8,4.4,0,0,0,,0,,5,1,20.0,12.5,1,12.5,25.0,60.0,2.44,0.0,,,,,,641585
CU,Curveball,BR,7,3.85,3,3,0,0.0,0,0.0,4,0,0.0,0.0,0,0.0,0.0,25.0,7.32,0.0,0.333,0.333,0.333,0.666,0.0,641585
FA,Other,,30,100.0,11,10,0,0.0,1,9.09,15,4,26.67,13.33,0,0.0,13.33,21.05,100.0,0.0,0.3,0.364,0.6,0.964,0.3,641645
SL,Slider,BR,212,56.23,58,54,22,37.93,2,3.45,124,66,53.23,31.13,25,11.79,42.92,46.09,71.05,25.93,0.185,0.207,0.259,0.4659999999999999,0.074,641656
SI,Sinker,FB,99,26.26,26,21,1,3.85,3,11.54,35,5,14.29,5.05,30,30.3,35.35,20.93,7.89,11.11,0.476,0.577,0.571,1.148,0.0949999999999999,641656
FF,4-Seam Fastball,FB,65,17.24,18,15,7,38.89,2,11.11,31,10,32.26,15.38,11,16.92,32.31,26.67,21.05,29.17,0.2,0.278,0.4,0.678,0.2,641656
,,,1,0.27,0,0,0,,0,,0,0,,0.0,0,0.0,0.0,,0.0,,,,,,,641656
CU,Curveball,BR,6,85.71,2,2,0,0.0,0,0.0,2,0,0.0,0.0,1,16.67,16.67,40.0,,,0.0,0.0,0.0,0.0,0.0,641658
SL,Slider,BR,1,14.29,0,0,0,,0,,1,0,0.0,0.0,0,0.0,0.0,100.0,,,,,,,,641658
FF,4-Seam Fastball,FB,106,38.97,29,24,0,0.0,3,10.34,61,5,8.2,4.72,19,17.92,22.64,35.14,31.65,0.0,0.417,0.483,0.792,1.275,0.375,641703
SL,Slider,BR,105,38.6,26,25,1,3.85,1,3.85,56,9,16.07,8.57,14,13.33,21.9,29.79,31.65,4.0,0.16,0.192,0.16,0.352,0.0,641703
SC,Screwball,,43,15.81,18,16,3,16.67,1,5.56,23,4,17.39,9.3,5,11.63,20.93,41.67,24.05,15.79,0.312,0.389,0.375,0.764,0.063,641703
ST,Sweeper,BR,9,3.31,2,2,0,0.0,0,0.0,4,1,25.0,11.11,0,0.0,11.11,0.0,8.86,0.0,0.0,0.0,0.0,0.0,0.0,641703
SI,Sinker,FB,8,2.94,3,3,0,0.0,0,0.0,4,0,0.0,0.0,1,12.5,12.5,0.0,2.53,0.0,0.333,0.333,0.333,0.666,0.0,641703
CH,Changeup,OS,1,0.37,1,1,0,0.0,0,0.0,1,0,0.0,0.0,0,0.0,0.0,,1.27,0.0,0.0,0.0,0.0,0.0,0.0,641703
SL,Slider,BR,276,34.85,68,64,13,19.12,3,4.41,137,44,32.12,15.94,33,11.96,27.9,29.73,31.08,18.84,0.312,0.343,0.391,0.734,0.079,641712
SI,Sinker,FB,268,33.84,89,77,3,3.37,10,11.24,132,9,6.82,3.36,55,20.52,23.88,27.19,28.38,4.76,0.247,0.337,0.325,0.662,0.078,641712
CU,Curveball,BR,131,16.54,35,28,9,25.71,4,11.43,51,18,35.29,13.74,13,9.92,23.66,27.66,28.83,14.06,0.107,0.242,0.143,0.385,0.0359999999999999,641712
FF,4-Seam Fastball,FB,99,12.5,21,14,1,4.76,5,23.81,32,2,6.25,2.02,27,27.27,29.29,9.52,9.01,5.0,0.5,0.667,0.929,1.596,0.429,641712
CH,Changeup,OS,12,1.52,2,2,1,50.0,0,0.0,4,1,25.0,8.33,2,16.67,25.0,28.57,1.8,25.0,0.0,0.0,0.0,0.0,0.0,641712
FC,Cutter,FB,6,0.76,0,0,0,,0,,3,0,0.0,0.0,1,16.67,16.67,33.33,0.9,0.0,,,,,,641712
SI,Sinker,FB,72,44.72,19,18,3,15.79,0,0.0,38,4,10.53,5.56,16,22.22,27.78,26.92,35.29,16.67,0.278,0.316,0.389,0.7050000000000001,0.1109999999999999,641726
SL,Slider,BR,44,27.33,14,13,2,14.29,1,7.14,22,7,31.82,15.91,6,13.64,29.55,38.46,41.18,9.52,0.308,0.357,0.462,0.819,0.154,641726
FC,Cutter,FB,23,14.29,5,5,0,0.0,0,0.0,11,1,9.09,4.35,4,17.39,21.74,25.0,5.88,0.0,0.8,0.8,1.8,2.6,1.0,641726
CH,Changeup,OS,13,8.07,2,2,0,0.0,0,0.0,6,1,16.67,7.69,0,0.0,7.69,30.0,13.73,0.0,0.5,0.5,2.0,2.5,1.5,641726
FF,4-Seam Fastball,FB,9,5.59,2,2,0,0.0,0,0.0,5,0,0.0,0.0,3,33.33,33.33,25.0,3.92,0.0,0.0,0.0,0.0,0.0,0.0,641726
SL,Slider,BR,336,57.53,78,73,28,35.9,5,6.41,175,69,39.43,20.54,48,14.29,34.82,36.31,63.3,23.53,0.151,0.205,0.219,0.424,0.068,641729
FF,4-Seam Fastball,FB,248,42.47,71,62,17,23.94,8,11.27,126,32,25.4,12.9,43,17.34,30.24,22.77,36.7,24.64,0.226,0.324,0.242,0.5660000000000001,0.0159999999999999,641729
SL,Slider,BR,182,41.55,42,39,8,19.05,3,7.14,79,20,25.32,10.99,34,18.68,29.67,26.04,34.06,17.02,0.308,0.357,0.692,1.049,0.3839999999999999,641745
FF,4-Seam Fastball,FB,141,32.19,45,41,6,13.33,3,6.67,80,13,16.25,9.22,24,17.02,26.24,38.1,31.16,13.95,0.293,0.356,0.463,0.819,0.17,641745
ST,Sweeper,BR,43,9.82,10,10,6,60.0,0,0.0,21,6,28.57,13.95,6,13.95,27.91,30.43,18.84,23.08,0.2,0.2,0.3,0.5,0.0999999999999999,641745
CH,Changeup,OS,40,9.13,9,7,1,11.11,2,22.22,17,6,35.29,15.0,6,15.0,30.0,21.74,13.77,5.26,0.143,0.333,0.143,0.476,0.0,641745
SI,Sinker,FB,30,6.85,6,5,0,0.0,0,0.0,9,2,22.22,6.67,5,16.67,23.33,11.11,1.45,0.0,0.4,0.5,1.0,1.5,0.6,641745
KC,Knuckle Curve,BR,1,0.23,1,1,0,0.0,0,0.0,1,0,0.0,0.0,0,0.0,0.0,,0.72,0.0,1.0,1.0,2.0,3.0,1.0,641745
,,,1,0.23,0,0,0,,0,,0,0,,0.0,0,0.0,0.0,,0.0,,,,,,,641745
SL,Slider,BR,425,66.72,101,90,39,38.61,8,7.92,216,96,44.44,22.59,59,13.88,36.47,36.56,76.04,26.71,0.189,0.25,0.4,0.65,0.211,641755
FF,4-Seam Fastball,FB,203,31.87,56,49,3,5.36,7,12.5,100,15,15.0,7.39,26,12.81,20.2,20.43,22.92,6.82,0.306,0.393,0.449,0.8420000000000001,0.143,641755
SI,Sinker,FB,6,0.94,2,2,0,0.0,0,0.0,4,0,0.0,0.0,0,0.0,0.0,33.33,0.0,,0.5,0.5,0.5,1.0,0.0,641755
CH,Changeup,OS,3,0.47,0,0,0,,0,,1,1,100.0,33.33,0,0.0,33.33,0.0,1.04,0.0,,,,,,641755
SL,Slider,BR,219,43.71,56,52,17,30.36,3,5.36,96,31,32.29,14.16,33,15.07,29.22,27.61,47.1,23.29,0.25,0.291,0.327,0.618,0.077,641771
SI,Sinker,FB,135,26.95,35,25,3,8.57,9,25.71,53,6,11.32,4.44,33,24.44,28.89,10.34,9.03,21.43,0.36,0.543,0.56,1.1030000000000002,0.2,641771
ST,Sweeper,BR,97,19.36,19,17,7,36.84,2,10.53,35,9,25.71,9.28,7,7.22,16.49,16.42,34.19,13.21,0.0,0.105,0.0,0.105,0.0,641771
FF,4-Seam Fastball,FB,33,6.59,4,4,2,50.0,0,0.0,10,5,50.0,15.15,7,21.21,36.36,20.0,7.1,18.18,0.25,0.25,0.5,0.75,0.25,641771
FC,Cutter,FB,10,2.0,1,1,0,0.0,0,0.0,2,0,0.0,0.0,3,30.0,30.0,14.29,0.65,0.0,1.0,1.0,1.0,2.0,0.0,641771
CH,Changeup,OS,7,1.4,3,2,0,0.0,0,0.0,3,1,33.33,14.29,1,14.29,28.57,0.0,1.94,0.0,0.0,0.333,0.0,0.333,0.0,641771
SL,Slider,BR,354,32.72,110,105,17,15.45,5,4.55,199,49,24.62,13.84,63,17.8,31.64,37.74,18.6,24.64,0.276,0.309,0.4,0.7090000000000001,0.124,641793
SI,Sinker,FB,226,20.89,62,54,9,14.52,3,4.84,109,15,13.76,6.64,52,23.01,29.65,20.0,12.94,18.75,0.259,0.344,0.463,0.8069999999999999,0.204,641793
FS,Split-Finger,OS,207,19.13,53,52,25,47.17,1,1.89,122,47,38.52,22.71,15,7.25,29.95,45.9,32.08,21.01,0.231,0.245,0.365,0.61,0.1339999999999999,641793
FF,4-Seam Fastball,FB,197,18.21,44,42,15,34.09,1,2.27,109,28,25.69,14.21,31,15.74,29.95,26.58,22.37,18.07,0.214,0.25,0.31,0.56,0.096,641793
ST,Sweeper,BR,98,9.06,25,24,2,8.0,1,4.0,47,4,8.51,4.08,3,3.06,7.14,25.37,14.02,3.85,0.458,0.48,0.708,1.188,0.2499999999999999,641793
FF,4-Seam Fastball,FB,58,55.24,22,20,1,4.55,1,4.55,32,5,15.62,8.62,12,20.69,29.31,48.28,53.33,6.25,0.3,0.364,0.6,0.964,0.3,641816
SL,Slider,BR,25,23.81,3,3,0,0.0,0,0.0,7,1,14.29,4.0,0,0.0,4.0,18.18,20.0,0.0,0.0,0.0,0.0,0.0,0.0,641816
FS,Split-Finger,OS,20,19.05,4,3,1,25.0,1,25.0,8,4,50.0,20.0,8,40.0,60.0,0.0,20.0,16.67,0.333,0.5,0.333,0.833,0.0,641816
FC,Cutter,FB,2,1.9,0,0,0,,0,,0,0,,0.0,0,0.0,0.0,0.0,6.67,0.0,,,,,,641816
SI,Sinker,FB,265,67.43,70,62,11,15.71,5,7.14,122,26,21.31,9.81,48,18.11,27.92,25.19,55.17,15.62,0.403,0.443,0.71,1.153,0.3069999999999999,641835
SL,Slider,BR,102,25.95,25,23,7,28.0,1,4.0,50,11,22.0,10.78,8,7.84,18.63,30.16,42.24,14.29,0.217,0.24,0.435,0.675,0.218,641835
FC,Cutter,FB,17,4.33,4,4,0,0.0,0,0.0,10,3,30.0,17.65,1,5.88,23.53,40.0,2.59,0.0,0.75,0.75,1.0,1.75,0.25,641835
,,,8,2.04,2,0,0,0.0,2,100.0,0,0,,0.0,0,0.0,0.0,,0.0,,,1.0,,,,641835
FF,4-Seam Fastball,FB,1,0.25,0,0,0,,0,,1,1,100.0,100.0,0,0.0,100.0,,0.0,,,,,,,641835
FF,4-Seam Fastball,FB,563,38.51,148,128,33,22.3,15,10.14,281,65,23.13,11.55,97,17.23,28.77,23.48,34.5,19.64,0.281,0.361,0.547,0.908,0.266,641927
CH,Changeup,OS,346,23.67,94,86,40,42.55,6,6.38,222,98,44.14,28.32,30,8.67,36.99,46.63,30.18,27.21,0.174,0.237,0.372,0.609,0.198,641927
SL,Slider,BR,322,22.02,84,79,13,15.48,5,5.95,158,39,24.68,12.11,52,16.15,28.26,32.07,13.35,20.0,0.304,0.345,0.506,0.851,0.202,641927
ST,Sweeper,BR,220,15.05,56,54,18,32.14,2,3.57,93,28,30.11,12.73,33,15.0,27.73,30.43,21.97,16.82,0.056,0.089,0.074,0.1629999999999999,0.0179999999999999,641927
CU,Curveball,BR,11,0.75,2,2,0,0.0,0,0.0,4,1,25.0,9.09,4,36.36,45.45,25.0,0.0,,0.0,0.0,0.0,0.0,0.0,641927
FF,4-Seam Fastball,FB,189,55.75,55,51,14,25.45,3,5.45,114,28,24.56,14.81,36,19.05,33.86,31.34,52.25,24.14,0.275,0.315,0.333,0.648,0.0579999999999999,641941
FC,Cutter,FB,123,36.28,32,30,7,21.88,0,0.0,57,17,29.82,13.82,19,15.45,29.27,24.14,32.43,19.44,0.333,0.323,0.367,0.69,0.0339999999999999,641941
FS,Split-Finger,OS,26,7.67,8,8,4,50.0,0,0.0,16,5,31.25,19.23,1,3.85,23.08,52.63,14.41,25.0,0.25,0.25,0.25,0.5,0.0,641941
,,,1,0.29,1,1,1,100.0,0,0.0,0,0,,0.0,0,0.0,0.0,,0.9,100.0,0.0,0.0,0.0,0.0,0.0,641941
ST,Sweeper,BR,32,56.14,10,10,3,30.0,0,0.0,16,3,18.75,9.38,4,12.5,21.88,35.29,66.67,30.0,0.3,0.3,0.6,0.8999999999999999,0.3,642016
FF,4-Seam Fastball,FB,21,36.84,4,3,1,25.0,1,25.0,8,4,50.0,19.05,4,19.05,38.1,21.43,33.33,20.0,0.333,0.5,0.333,0.833,0.0,642016
SI,Sinker,FB,2,3.51,0,0,0,,0,,1,0,0.0,0.0,0,0.0,0.0,0.0,0.0,,,,,,,642016
CH,Changeup,OS,1,1.75,0,0,0,,0,,0,0,,0.0,0,0.0,0.0,0.0,0.0,,,,,,,642016
,,,1,1.75,0,0,0,,0,,0,0,,0.0,0,0.0,0.0,,0.0,,,,,,,642016
FF,4-Seam Fastball,FB,33,37.5,11,10,0,0.0,1,9.09,13,0,0.0,0.0,6,18.18,18.18,6.25,25.0,0.0,0.5,0.545,0.9,1.445,0.4,642028
ST,Sweeper,BR,23,26.14,8,7,0,0.0,0,0.0,12,1,8.33,4.35,5,21.74,26.09,25.0,33.33,0.0,0.143,0.25,0.143,0.393,0.0,642028
SL,Slider,BR,11,12.5,4,3,0,0.0,0,0.0,4,0,0.0,0.0,1,9.09,9.09,14.29,41.67,0.0,0.333,0.5,0.333,0.833,0.0,642028
CH,Changeup,OS,8,9.09,1,1,0,0.0,0,0.0,2,0,0.0,0.0,0,0.0,0.0,0.0,0.0,,1.0,1.0,1.0,2.0,0.0,642028
FC,Cutter,FB,5,5.68,1,1,0,0.0,0,0.0,2,0,0.0,0.0,2,40.0,40.0,0.0,0.0,,1.0,1.0,2.0,3.0,1.0,642028
SI,Sinker,FB,4,4.55,1,1,0,0.0,0,0.0,1,0,0.0,0.0,1,25.0,25.0,0.0,0.0,,0.0,0.0,0.0,0.0,0.0,642028
,,,4,4.55,1,0,0,0.0,1,100.0,0,0,,0.0,0,0.0,0.0,,0.0,,,1.0,,,,642028
CH,Changeup,OS,144,41.98,39,37,10,25.64,2,5.13,73,28,38.36,19.44,8,5.56,25.0,45.69,66.28,17.54,0.243,0.282,0.27,0.552,0.027,642048
SI,Sinker,FB,118,34.4,37,32,7,18.92,5,13.51,53,9,16.98,7.63,24,20.34,27.97,31.75,23.26,35.0,0.281,0.378,0.312,0.69,0.0309999999999999,642048
SL,Slider,BR,34,9.91,3,3,0,0.0,0,0.0,14,4,28.57,11.76,9,26.47,38.24,12.5,4.65,0.0,0.667,0.667,2.333,3.0,1.666,642048
ST,Sweeper,BR,19,5.54,3,3,0,0.0,0,0.0,3,0,0.0,0.0,8,42.11,42.11,0.0,0.0,,0.333,0.333,1.333,1.666,1.0,642048
CU,Curveball,BR,11,3.21,1,0,0,0.0,0,0.0,0,0,,0.0,3,27.27,27.27,0.0,2.33,0.0,,1.0,,,,642048
FF,4-Seam Fastball,FB,10,2.92,1,1,1,100.0,0,0.0,4,2,50.0,20.0,1,10.0,30.0,28.57,3.49,33.33,0.0,0.0,0.0,0.0,0.0,642048
,,,7,2.04,3,0,0,0.0,3,100.0,0,0,,0.0,0,0.0,0.0,,0.0,,,1.0,,,,642048
EP,Eephus,,24,96.0,8,7,0,0.0,1,12.5,11,0,0.0,0.0,4,16.67,16.67,38.89,80.0,0.0,0.143,0.25,0.286,0.536,0.143,642086
FA,Other,,1,4.0,0,0,0,,0,,0,0,,0.0,0,0.0,0.0,0.0,20.0,0.0,,,,,,642086
SL,Slider,BR,75,37.13,20,18,8,40.0,2,10.0,36,16,44.44,21.33,12,16.0,37.33,39.13,52.31,23.53,0.222,0.3,0.278,0.5780000000000001,0.056,642100
FF,4-Seam Fastball,FB,66,32.67,17,14,5,29.41,2,11.76,43,10,23.26,15.15,6,9.09,24.24,40.62,33.85,22.73,0.214,0.294,0.357,0.651,0.143,642100
SI,Sinker,FB,49,24.26,12,9,1,8.33,1,8.33,21,3,14.29,6.12,11,22.45,28.57,21.05,12.31,12.5,0.556,0.583,0.889,1.472,0.3329999999999999,642100
CH,Changeup,OS,5,2.48,1,1,0,0.0,0,0.0,1,0,0.0,0.0,0,0.0,0.0,0.0,0.0,,0.0,0.0,0.0,0.0,0.0,642100
,,,5,2.48,2,0,0,0.0,2,100.0,0,0,,0.0,0,0.0,0.0,,0.0,,,1.0,,,,642100
ST,Sweeper,BR,2,0.99,0,0,0,,0,,0,0,,0.0,0,0.0,0.0,0.0,1.54,0.0,,,,,,642100
FF,4-Seam Fastball,FB,73,54.89,16,10,2,12.5,4,25.0,31,4,12.9,5.48,18,24.66,30.14,22.22,42.5,11.76,0.3,0.467,0.4,0.867,0.1,642121
ST,Sweeper,BR,23,17.29,7,6,2,28.57,1,14.29,12,3,25.0,13.04,3,13.04,26.09,50.0,22.5,22.22,0.333,0.429,0.333,0.762,0.0,642121
CH,Changeup,OS,21,15.79,6,6,2,33.33,0,0.0,10,2,20.0,9.52,1,4.76,14.29,23.08,30.0,16.67,0.333,0.333,0.667,1.0,0.334,642121
FC,Cutter,FB,16,12.03,2,2,0,0.0,0,0.0,5,1,20.0,6.25,2,12.5,18.75,20.0,5.0,0.0,0.0,0.0,0.0,0.0,0.0,642121
EP,Eephus,,23,92.0,7,4,0,0.0,0,0.0,8,0,0.0,0.0,5,21.74,21.74,23.53,75.0,0.0,0.5,0.571,0.5,1.071,0.0,642133
FA,Other,,2,8.0,1,1,0,0.0,0,0.0,2,0,0.0,0.0,0,0.0,0.0,100.0,25.0,0.0,0.0,0.0,0.0,0.0,0.0,642133
FF,4-Seam Fastball,FB,107,50.71,23,18,8,34.78,5,21.74,47,14,29.79,13.08,20,18.69,31.78,20.75,48.1,21.05,0.111,0.304,0.222,0.526,0.111,642207
CH,Changeup,OS,101,47.87,22,21,15,68.18,0,0.0,52,25,48.08,24.75,15,14.85,39.6,38.71,50.63,37.5,0.19,0.227,0.286,0.513,0.0959999999999999,642207
FC,Cutter,FB,3,1.42,1,1,0,0.0,0,0.0,1,0,0.0,0.0,0,0.0,0.0,0.0,1.27,0.0,0.0,0.0,0.0,0.0,0.0,642207
EP,Eephus,,4,100.0,2,2,0,0.0,0,0.0,2,0,0.0,0.0,0,0.0,0.0,0.0,,,0.0,0.0,0.0,0.0,0.0,642215
SI,Sinker,FB,22,32.35,8,7,0,0.0,1,12.5,10,1,10.0,4.55,5,22.73,27.27,22.22,22.22,0.0,0.286,0.375,0.571,0.946,0.285,642216
ST,Sweeper,BR,20,29.41,4,4,1,25.0,0,0.0,9,5,55.56,25.0,3,15.0,40.0,33.33,22.22,50.0,0.5,0.5,1.0,1.5,0.5,642216
CH,Changeup,OS,17,25.0,5,4,1,20.0,1,20.0,9,1,11.11,5.88,2,11.76,17.65,28.57,44.44,25.0,0.25,0.4,0.25,0.65,0.0,642216
FF,4-Seam Fastball,FB,9,13.24,3,2,0,0.0,1,33.33,3,0,0.0,0.0,0,0.0,0.0,0.0,11.11,0.0,0.5,0.667,1.0,1.667,0.5,642216
SI,Sinker,FB,280,29.08,79,71,5,6.33,8,10.13,124,10,8.06,3.57,84,30.0,33.57,20.2,13.78,12.82,0.268,0.342,0.408,0.75,0.1399999999999999,642232
CH,Changeup,OS,223,23.16,59,55,6,10.17,2,3.39,124,28,22.58,12.56,20,8.97,21.52,34.65,24.38,8.7,0.255,0.276,0.345,0.621,0.0899999999999999,642232
ST,Sweeper,BR,198,20.56,61,52,14,22.95,4,6.56,102,25,24.51,12.63,22,11.11,23.74,30.91,34.63,14.29,0.154,0.262,0.25,0.512,0.096,642232
FC,Cutter,FB,141,14.64,29,20,0,0.0,4,13.79,53,8,15.09,5.67,17,12.06,17.73,23.26,10.6,0.0,0.4,0.571,0.75,1.321,0.35,642232
FF,4-Seam Fastball,FB,106,11.01,23,17,7,30.43,4,17.39,39,8,20.51,7.55,16,15.09,22.64,10.91,16.25,15.22,0.294,0.478,0.529,1.007,0.235,642232
,,,13,1.35,3,0,0,0.0,3,100.0,0,0,,0.0,0,0.0,0.0,,0.0,,,1.0,,,,642232
SV,Slurve,BR,2,0.21,0,0,0,,0,,1,0,0.0,0.0,0,0.0,0.0,0.0,0.35,0.0,,,,,,642232
FC,Cutter,FB,33,54.1,5,5,1,20.0,0,0.0,19,7,36.84,21.21,3,9.09,30.3,42.11,39.13,11.11,0.4,0.4,0.6,1.0,0.1999999999999999,642239
FF,4-Seam Fastball,FB,23,37.7,9,8,2,22.22,0,0.0,16,4,25.0,17.39,2,8.7,26.09,54.55,47.83,18.18,0.0,0.0,0.0,0.0,0.0,642239
CH,Changeup,OS,5,8.2,1,1,0,0.0,0,0.0,1,0,0.0,0.0,1,20.0,20.0,25.0,13.04,0.0,1.0,1.0,1.0,2.0,0.0,642239
SI,Sinker,FB,241,40.71,53,45,5,9.43,6,11.32,115,22,19.13,9.13,38,15.77,24.9,19.0,22.42,13.51,0.267,0.34,0.311,0.651,0.0439999999999999,642397
SL,Slider,BR,229,38.68,66,57,27,40.91,5,7.58,126,60,47.62,26.2,25,10.92,37.12,40.91,46.06,35.53,0.246,0.338,0.439,0.777,0.193,642397
FF,4-Seam Fastball,FB,69,11.66,16,12,6,37.5,4,25.0,31,11,35.48,15.94,6,8.7,24.64,24.39,21.21,17.14,0.417,0.562,0.417,0.979,0.0,642397
ST,Sweeper,BR,36,6.08,10,9,4,40.0,0,0.0,16,4,25.0,11.11,6,16.67,27.78,33.33,9.7,25.0,0.222,0.3,0.222,0.522,0.0,642397
,,,10,1.69,3,0,0,0.0,3,100.0,0,0,,0.0,0,0.0,0.0,,0.0,,,1.0,,,,642397
FC,Cutter,FB,7,1.18,0,0,0,,0,,3,0,0.0,0.0,1,14.29,14.29,0.0,0.61,0.0,,,,,,642397
CU,Curveball,BR,108,42.35,32,29,6,18.75,2,6.25,52,16,30.77,14.81,16,14.81,29.63,36.67,46.67,17.14,0.172,0.219,0.172,0.391,0.0,642520
FF,4-Seam Fastball,FB,86,33.73,20,14,1,5.0,2,10.0,43,7,16.28,8.14,10,11.63,19.77,21.43,36.0,3.7,0.286,0.421,0.929,1.35,0.643,642520
SI,Sinker,FB,51,20.0,8,8,2,25.0,0,0.0,21,2,9.52,3.92,18,35.29,39.22,36.84,13.33,20.0,0.375,0.375,0.375,0.75,0.0,642520
SL,Slider,BR,6,2.35,2,1,0,0.0,1,50.0,1,0,0.0,0.0,1,16.67,16.67,0.0,0.0,,0.0,0.5,0.0,0.5,0.0,642520
CH,Changeup,OS,4,1.57,1,1,0,0.0,0,0.0,2,0,0.0,0.0,0,0.0,0.0,0.0,4.0,0.0,1.0,1.0,1.0,2.0,0.0,642520
SI,Sinker,FB,31,68.89,13,12,2,15.38,1,7.69,15,1,6.67,3.23,9,29.03,32.26,36.36,66.67,20.0,0.5,0.538,0.5,1.038,0.0,642528
CU,Curveball,BR,9,20.0,0,0,0,,0,,5,3,60.0,33.33,0,0.0,33.33,50.0,20.0,0.0,,,,,,642528
CH,Changeup,OS,5,11.11,1,1,1,100.0,0,0.0,4,1,25.0,20.0,0,0.0,20.0,50.0,13.33,50.0,0.0,0.0,0.0,0.0,0.0,642528
SL,Slider,BR,244,54.46,54,48,16,29.63,4,7.41,119,51,42.86,20.9,31,12.7,33.61,34.23,55.17,20.0,0.208,0.259,0.292,0.5509999999999999,0.0839999999999999,642546
SI,Sinker,FB,192,42.86,53,43,6,11.32,9,16.98,92,15,16.3,7.81,28,14.58,22.4,30.1,42.76,9.68,0.256,0.396,0.395,0.791,0.139,642546
CH,Changeup,OS,6,1.34,0,0,0,,0,,2,1,50.0,16.67,0,0.0,16.67,20.0,1.38,0.0,,,,,,642546
,,,5,1.12,2,1,1,50.0,1,50.0,0,0,,0.0,0,0.0,0.0,,0.69,100.0,0.0,0.5,0.0,0.5,0.0,642546
FF,4-Seam Fastball,FB,1,0.22,0,0,0,,0,,0,0,,0.0,0,0.0,0.0,0.0,0.0,,,,,,,642546
FF,4-Seam Fastball,FB,781,51.89,200,170,46,23.0,20,10.0,377,78,20.69,9.99,131,16.77,26.76,20.85,52.11,16.91,0.271,0.367,0.488,0.855,0.2169999999999999,642547
SL,Slider,BR,458,30.43,98,91,30,30.61,5,5.1,195,80,41.03,17.47,57,12.45,29.91,26.3,32.57,17.65,0.176,0.227,0.374,0.601,0.198,642547
CH,Changeup,OS,160,10.63,34,28,11,32.35,5,14.71,87,37,42.53,23.12,13,8.12,31.25,41.44,8.05,26.19,0.25,0.382,0.429,0.8109999999999999,0.179,642547
CU,Curveball,BR,94,6.25,20,18,9,45.0,1,5.0,37,15,40.54,15.96,16,17.02,32.98,21.15,6.32,27.27,0.222,0.263,0.389,0.652,0.167,642547
ST,Sweeper,BR,8,0.53,1,1,0,0.0,0,0.0,4,1,25.0,12.5,2,25.0,37.5,33.33,0.57,0.0,1.0,1.0,1.0,2.0,0.0,642547
SI,Sinker,FB,2,0.13,0,0,0,,0,,0,0,,0.0,1,50.0,50.0,0.0,0.19,0.0,,,,,,642547
,,,2,0.13,0,0,0,,0,,0,0,,0.0,0,0.0,0.0,,0.19,0.0,,,,,,642547
FF,4-Seam Fastball,FB,118,52.21,29,23,3,10.34,4,13.79,59,9,15.25,7.63,25,21.19,28.81,30.43,31.88,13.64,0.348,0.429,0.739,1.168,0.391,642629
FS,Split-Finger,OS,82,36.28,25,23,11,44.0,0,0.0,46,23,50.0,28.05,3,3.66,31.71,41.07,57.97,27.5,0.13,0.2,0.217,0.417,0.087,642629
SL,Slider,BR,26,11.5,3,3,2,66.67,0,0.0,5,2,40.0,7.69,5,19.23,26.92,15.79,10.14,28.57,0.0,0.0,0.0,0.0,0.0,642629
SL,Slider,BR,275,38.84,70,68,17,24.29,2,2.86,149,64,42.95,23.27,36,13.09,36.36,46.95,46.61,16.5,0.25,0.271,0.382,0.653,0.132,642701
FF,4-Seam Fastball,FB,173,24.44,50,45,10,20.0,2,4.0,94,10,10.64,5.78,26,15.03,20.81,27.4,31.22,14.49,0.267,0.32,0.356,0.6759999999999999,0.0889999999999999,642701
FC,Cutter,FB,150,21.19,31,27,7,22.58,4,12.9,67,20,29.85,13.33,36,24.0,37.33,27.94,10.86,29.17,0.148,0.258,0.259,0.517,0.111,642701
SI,Sinker,FB,98,13.84,37,34,3,8.11,1,2.7,51,1,1.96,1.02,21,21.43,22.45,30.77,6.79,20.0,0.294,0.306,0.441,0.747,0.147,642701
CH,Changeup,OS,9,1.27,3,2,1,33.33,0,0.0,4,1,25.0,11.11,1,11.11,22.22,20.0,3.17,14.29,0.0,0.333,0.0,0.333,0.0,642701
,,,2,0.28,0,0,0,,0,,0,0,,0.0,0,0.0,0.0,,0.9,0.0,,,,,,642701
CU,Curveball,BR,1,0.14,1,1,0,0.0,0,0.0,1,0,0.0,0.0,0,0.0,0.0,,0.45,0.0,0.0,0.0,0.0,0.0,0.0,642701
FF,4-Seam Fastball,FB,37,50.68,11,9,1,9.09,1,9.09,20,2,10.0,5.41,5,13.51,18.92,22.22,46.15,16.67,0.444,0.545,1.0,1.545,0.556,642834
ST,Sweeper,BR,16,21.92,3,2,0,0.0,0,0.0,2,0,0.0,0.0,4,25.0,25.0,0.0,38.46,0.0,0.0,0.333,0.0,0.333,0.0,642834
CH,Changeup,OS,14,19.18,4,4,1,25.0,0,0.0,6,1,16.67,7.14,3,21.43,28.57,14.29,7.69,100.0,0.25,0.25,0.5,0.75,0.25,642834
SL,Slider,BR,5,6.85,2,1,0,0.0,0,0.0,2,0,0.0,0.0,0,0.0,0.0,0.0,7.69,0.0,1.0,0.5,1.0,1.5,0.0,642834
,,,1,1.37,0,0,0,,0,,0,0,,0.0,0,0.0,0.0,,0.0,,,,,,,642834
SI,Sinker,FB,150,61.48,41,33,5,12.2,6,14.63,62,11,17.74,7.33,35,23.33,30.67,30.14,42.25,16.67,0.333,0.45,0.455,0.905,0.122,643256
SL,Slider,BR,75,30.74,22,17,4,18.18,1,4.55,33,5,15.15,6.67,10,13.33,20.0,23.26,35.21,16.0,0.0,0.182,0.0,0.182,0.0,643256
FF,4-Seam Fastball,FB,19,7.79,4,4,1,25.0,0,0.0,10,1,10.0,5.26,2,10.53,15.79,40.0,22.54,6.25,0.25,0.25,0.25,0.5,0.0,643256
SL,Slider,BR,238,53.48,53,49,11,20.75,2,3.77,100,34,34.0,14.29,24,10.08,24.37,24.52,59.26,13.75,0.245,0.269,0.327,0.5960000000000001,0.082,643338
FF,4-Seam Fastball,FB,201,45.17,57,53,9,15.79,3,5.26,118,18,15.25,8.96,40,19.9,28.86,39.02,40.74,16.36,0.17,0.211,0.283,0.494,0.1129999999999999,643338
,,,6,1.35,2,0,0,0.0,2,100.0,0,0,,0.0,0,0.0,0.0,,0.0,,,1.0,,,,643338
FF,4-Seam Fastball,FB,45,49.45,10,8,2,20.0,2,20.0,23,6,26.09,13.33,8,17.78,31.11,28.57,48.15,15.38,0.0,0.2,0.0,0.2,0.0,643361
CH,Changeup,OS,24,26.37,8,8,4,50.0,0,0.0,12,4,33.33,16.67,4,16.67,33.33,33.33,37.04,40.0,0.125,0.125,0.125,0.25,0.0,643361
FC,Cutter,FB,21,23.08,6,6,1,16.67,0,0.0,8,0,0.0,0.0,8,38.1,38.1,25.0,14.81,25.0,0.0,0.0,0.0,0.0,0.0,643361
SL,Slider,BR,1,1.1,0,0,0,,0,,0,0,,0.0,1,100.0,100.0,,0.0,,,,,,,643361
ST,Sweeper,BR,246,41.48,59,54,28,47.46,4,6.78,119,58,48.74,23.58,43,17.48,41.06,45.57,51.64,25.45,0.204,0.254,0.259,0.513,0.055,643377
FF,4-Seam Fastball,FB,168,28.33,38,35,11,28.95,3,7.89,93,32,34.41,19.05,33,19.64,38.69,26.56,20.19,25.58,0.143,0.211,0.343,0.554,0.2,643377
SI,Sinker,FB,99,16.69,24,23,2,8.33,0,0.0,50,10,20.0,10.1,16,16.16,26.26,29.27,4.23,22.22,0.217,0.25,0.261,0.511,0.044,643377
CH,Changeup,OS,57,9.61,19,19,12,63.16,0,0.0,35,18,51.43,31.58,3,5.26,36.84,38.71,14.08,40.0,0.105,0.105,0.158,0.263,0.053,643377
CU,Curveball,BR,23,3.88,5,5,2,40.0,0,0.0,11,2,18.18,8.7,0,0.0,8.7,31.25,9.86,9.52,0.0,0.0,0.0,0.0,0.0,643377
FA,Other,,16,100.0,8,5,0,0.0,2,25.0,7,0,0.0,0.0,0,0.0,0.0,10.0,,,0.2,0.375,0.2,0.575,0.0,643396
SI,Sinker,FB,155,33.77,43,36,7,16.28,6,13.95,68,8,11.76,5.16,43,27.74,32.9,28.33,16.67,28.0,0.389,0.488,0.694,1.182,0.3049999999999999,643410
FS,Split-Finger,OS,135,29.41,44,41,32,72.73,3,6.82,75,48,64.0,35.56,3,2.22,37.78,44.9,63.33,33.68,0.073,0.136,0.098,0.234,0.025,643410
ST,Sweeper,BR,91,19.83,16,16,2,12.5,0,0.0,33,13,39.39,14.29,18,19.78,34.07,21.57,12.0,11.11,0.312,0.312,0.562,0.8740000000000001,0.25,643410
CU,Curveball,BR,56,12.2,8,7,2,25.0,1,12.5,23,15,65.22,26.79,8,14.29,41.07,32.5,5.33,25.0,0.143,0.25,0.143,0.393,0.0,643410
FC,Cutter,FB,9,1.96,2,2,0,0.0,0,0.0,5,1,20.0,11.11,3,33.33,44.44,50.0,0.0,,0.5,0.5,2.0,2.5,1.5,643410
FF,4-Seam Fastball,FB,8,1.74,0,0,0,,0,,1,1,100.0,12.5,3,37.5,50.0,0.0,2.67,0.0,,,,,,643410
,,,4,0.87,1,0,0,0.0,1,100.0,0,0,,0.0,0,0.0,0.0,,0.0,,,1.0,,,,643410
SL,Slider,BR,1,0.22,0,0,0,,0,,0,0,,0.0,0,0.0,0.0,0.0,0.0,,,,,,,643410
SL,Slider,BR,20,39.22,9,6,0,0.0,2,22.22,10,0,0.0,0.0,0,0.0,0.0,9.09,30.0,0.0,0.333,0.444,0.833,1.277,0.4999999999999999,643493
FF,4-Seam Fastball,FB,14,27.45,2,2,0,0.0,0,0.0,6,2,33.33,14.29,2,14.29,28.57,37.5,30.0,0.0,0.0,0.0,0.0,0.0,0.0,643493
SI,Sinker,FB,11,21.57,2,2,1,50.0,0,0.0,5,0,0.0,0.0,3,27.27,27.27,50.0,20.0,50.0,0.0,0.0,0.0,0.0,0.0,643493
CU,Curveball,BR,4,7.84,1,1,0,0.0,0,0.0,1,0,0.0,0.0,1,25.0,25.0,0.0,10.0,0.0,1.0,1.0,1.0,2.0,0.0,643493
CH,Changeup,OS,2,3.92,1,1,0,0.0,0,0.0,1,0,0.0,0.0,0,0.0,0.0,0.0,10.0,0.0,0.0,0.0,0.0,0.0,0.0,643493
SI,Sinker,FB,298,58.89,92,90,13,14.13,2,2.17,167,31,18.56,10.4,66,22.15,32.55,32.69,42.65,22.41,0.233,0.25,0.356,0.606,0.1229999999999999,643511
SL,Slider,BR,204,40.32,58,55,17,29.31,2,3.45,88,26,29.55,12.75,32,15.69,28.43,29.06,57.35,21.79,0.2,0.224,0.327,0.551,0.127,643511
,,,4,0.79,1,0,0,0.0,1,100.0,0,0,,0.0,0,0.0,0.0,,0.0,,,1.0,,,,643511
FF,4-Seam Fastball,FB,33,32.67,12,10,2,16.67,2,16.67,18,3,16.67,9.09,5,15.15,24.24,20.0,36.0,22.22,0.2,0.333,0.6,0.933,0.3999999999999999,646242
CH,Changeup,OS,26,25.74,7,6,0,0.0,1,14.29,11,1,9.09,3.85,1,3.85,7.69,22.22,36.0,0.0,0.167,0.286,0.167,0.4529999999999999,0.0,646242
SI,Sinker,FB,18,17.82,3,3,0,0.0,0,0.0,6,1,16.67,5.56,5,27.78,33.33,22.22,12.0,0.0,0.667,0.667,0.667,1.334,0.0,646242
CU,Curveball,BR,17,16.83,4,4,1,25.0,0,0.0,5,1,20.0,5.88,9,52.94,58.82,25.0,8.0,50.0,0.5,0.5,1.25,1.75,0.75,646242
ST,Sweeper,BR,7,6.93,2,2,0,0.0,0,0.0,3,0,0.0,0.0,0,0.0,0.0,0.0,8.0,0.0,1.0,1.0,1.0,2.0,0.0,646242
SI,Sinker,FB,328,78.47,99,91,19,19.19,6,6.06,180,39,21.67,11.89,52,15.85,27.74,40.24,70.0,22.62,0.253,0.313,0.374,0.687,0.121,647315
SL,Slider,BR,72,17.22,15,14,2,13.33,0,0.0,27,7,25.93,9.72,5,6.94,16.67,16.33,29.17,5.71,0.071,0.067,0.071,0.138,0.0,647315
FC,Cutter,FB,18,4.31,5,5,0,0.0,0,0.0,8,0,0.0,0.0,3,16.67,16.67,36.36,0.83,0.0,0.0,0.0,0.0,0.0,0.0,647315
SL,Slider,BR,263,36.08,56,54,20,35.71,2,3.57,113,50,44.25,19.01,39,14.83,33.84,28.03,41.3,21.05,0.241,0.268,0.463,0.7310000000000001,0.222,647336
SI,Sinker,FB,206,28.26,62,54,5,8.06,5,8.06,89,8,8.99,3.88,42,20.39,24.27,22.45,19.57,11.11,0.296,0.371,0.519,0.89,0.223,647336
FF,4-Seam Fastball,FB,205,28.12,47,33,11,23.4,10,21.28,93,17,18.28,8.29,40,19.51,27.8,25.74,30.87,15.49,0.152,0.341,0.303,0.644,0.151,647336
SV,Slurve,BR,44,6.04,12,12,7,58.33,0,0.0,20,8,40.0,18.18,9,20.45,38.64,32.0,6.96,43.75,0.083,0.083,0.083,0.166,0.0,647336
CH,Changeup,OS,10,1.37,0,0,0,,0,,2,1,50.0,10.0,1,10.0,20.0,12.5,1.3,0.0,,,,,,647336
,,,1,0.14,0,0,0,,0,,0,0,,0.0,0,0.0,0.0,,0.0,,,,,,,647336
EP,Eephus,,2,100.0,1,1,0,0.0,0,0.0,2,0,0.0,0.0,0,0.0,0.0,,,,0.0,0.0,0.0,0.0,0.0,650489
SL,Slider,BR,317,50.08,86,81,36,41.86,4,4.65,140,56,40.0,17.67,73,23.03,40.69,34.86,60.0,30.77,0.111,0.163,0.148,0.311,0.0369999999999999,650556
FF,4-Seam Fastball,FB,314,49.61,71,60,22,30.99,9,12.68,154,55,35.71,17.52,47,14.97,32.48,24.14,39.49,28.57,0.183,0.3,0.35,0.6499999999999999,0.1669999999999999,650556
SI,Sinker,FB,1,0.16,1,1,0,0.0,0,0.0,1,0,0.0,0.0,0,0.0,0.0,,0.0,,1.0,1.0,4.0,5.0,3.0,650556
,,,1,0.16,0,0,0,,0,,0,0,,0.0,0,0.0,0.0,,0.51,0.0,,,,,,650556
SI,Sinker,FB,475,34.75,115,104,28,24.35,9,7.83,188,41,21.81,8.63,136,28.63,37.26,30.17,25.42,23.33,0.212,0.281,0.404,0.685,0.192,650633
FF,4-Seam Fastball,FB,321,23.48,58,52,21,36.21,6,10.34,161,51,31.68,15.89,55,17.13,33.02,27.66,28.81,15.44,0.173,0.259,0.25,0.509,0.077,650633
ST,Sweeper,BR,308,22.53,87,81,33,37.93,3,3.45,137,52,37.96,16.88,42,13.64,30.52,29.63,26.69,26.19,0.21,0.247,0.284,0.5309999999999999,0.0739999999999999,650633
CH,Changeup,OS,146,10.68,55,51,24,43.64,4,7.27,105,35,33.33,23.97,8,5.48,29.45,53.52,17.37,29.27,0.275,0.327,0.451,0.778,0.176,650633
SL,Slider,BR,113,8.27,22,19,1,4.55,2,9.09,49,14,28.57,12.39,26,23.01,35.4,26.42,1.69,12.5,0.263,0.333,0.263,0.5960000000000001,0.0,650633
,,,4,0.29,1,0,0,0.0,1,100.0,0,0,,0.0,0,0.0,0.0,,0.0,,,1.0,,,,650633
SI,Sinker,FB,419,31.11,108,92,12,11.11,12,11.11,175,21,12.0,5.01,95,22.67,27.68,14.51,21.57,14.12,0.272,0.358,0.457,0.815,0.185,650644
FC,Cutter,FB,302,22.42,82,75,9,10.98,7,8.54,156,42,26.92,13.91,55,18.21,32.12,38.51,12.44,18.37,0.2,0.268,0.293,0.5609999999999999,0.0929999999999999,650644
ST,Sweeper,BR,294,21.83,90,86,16,17.78,3,3.33,152,43,28.29,14.63,40,13.61,28.23,38.55,29.7,13.68,0.267,0.289,0.488,0.7769999999999999,0.2209999999999999,650644
CU,Curveball,BR,167,12.4,46,44,18,39.13,1,2.17,62,16,25.81,9.58,33,19.76,29.34,25.74,21.32,21.43,0.25,0.283,0.523,0.806,0.273,650644
FF,4-Seam Fastball,FB,132,9.8,24,22,6,25.0,2,8.33,60,8,13.33,6.06,15,11.36,17.42,25.64,12.69,12.0,0.273,0.333,0.318,0.651,0.0449999999999999,650644
SL,Slider,BR,32,2.38,6,5,2,33.33,1,16.67,14,7,50.0,21.88,2,6.25,28.12,29.17,2.28,22.22,0.2,0.333,0.4,0.7330000000000001,0.2,650644
FS,Split-Finger,OS,1,0.07,0,0,0,,0,,0,0,,0.0,1,100.0,100.0,,0.0,,,,,,,650644
FF,4-Seam Fastball,FB,199,92.13,49,38,11,22.45,9,18.37,88,29,32.95,14.57,26,13.07,27.64,22.43,96.23,21.57,0.237,0.396,0.342,0.738,0.105,650671
CH,Changeup,OS,16,7.41,3,2,1,33.33,0,0.0,6,3,50.0,18.75,1,6.25,25.0,10.0,3.77,50.0,0.5,0.333,0.5,0.833,0.0,650671
SI,Sinker,FB,1,0.46,1,1,0,0.0,0,0.0,1,0,0.0,0.0,0,0.0,0.0,,0.0,,0.0,0.0,0.0,0.0,0.0,650671
FC,Cutter,FB,182,29.35,54,49,18,33.33,5,9.26,99,31,31.31,17.03,15,8.24,25.27,32.32,48.55,21.43,0.224,0.296,0.306,0.602,0.0819999999999999,650893
FF,4-Seam Fastball,FB,129,20.81,42,36,5,11.9,6,14.29,74,12,16.22,9.3,19,14.73,24.03,35.09,27.17,8.51,0.417,0.5,0.722,1.222,0.305,650893
SI,Sinker,FB,115,18.55,31,27,2,6.45,3,9.68,52,9,17.31,7.83,24,20.87,28.7,22.22,5.2,22.22,0.407,0.452,0.556,1.008,0.149,650893
CU,Curveball,BR,98,15.81,17,15,3,17.65,0,0.0,34,9,26.47,9.18,25,25.51,34.69,19.61,8.67,20.0,0.133,0.118,0.333,0.451,0.2,650893
CH,Changeup,OS,79,12.74,15,13,3,20.0,2,13.33,27,13,48.15,16.46,6,7.59,24.05,22.03,10.4,16.67,0.077,0.2,0.077,0.277,0.0,650893
,,,17,2.74,4,0,0,0.0,4,100.0,0,0,,0.0,0,0.0,0.0,,0.0,,,1.0,,,,650893
SL,Slider,BR,66,62.26,14,11,3,21.43,3,21.43,32,10,31.25,15.15,9,13.64,28.79,25.0,67.74,14.29,0.182,0.357,0.182,0.5389999999999999,0.0,650895
SI,Sinker,FB,36,33.96,11,9,0,0.0,2,18.18,15,0,0.0,0.0,4,11.11,11.11,15.79,22.58,0.0,0.333,0.455,0.556,1.011,0.223,650895
FF,4-Seam Fastball,FB,4,3.77,1,1,1,100.0,0,0.0,2,1,50.0,25.0,0,0.0,25.0,0.0,9.68,33.33,0.0,0.0,0.0,0.0,0.0,650895
SI,Sinker,FB,1015,45.15,247,218,23,9.31,27,10.93,482,64,13.28,6.31,227,22.36,28.67,19.74,29.52,11.44,0.367,0.435,0.528,0.963,0.161,650911
CH,Changeup,OS,857,38.12,259,250,71,27.41,9,3.47,470,157,33.4,18.32,78,9.1,27.42,45.26,53.16,19.34,0.18,0.208,0.212,0.42,0.032,650911
SL,Slider,BR,369,16.41,93,91,26,27.96,2,2.15,186,56,30.11,15.18,61,16.53,31.71,35.86,17.18,22.22,0.231,0.247,0.396,0.643,0.165,650911
FC,Cutter,FB,6,0.27,1,1,1,100.0,0,0.0,4,2,50.0,33.33,0,0.0,33.33,60.0,0.15,100.0,0.0,0.0,0.0,0.0,0.0,650911
,,,1,0.04,0,0,0,,0,,0,0,,0.0,0,0.0,0.0,,0.0,,,,,,,650911
ST,Sweeper,BR,15,38.46,4,4,1,25.0,0,0.0,10,5,50.0,33.33,0,0.0,33.33,50.0,50.0,20.0,0.25,0.25,1.0,1.25,0.75,650960
FF,4-Seam Fastball,FB,11,28.21,4,4,2,50.0,0,0.0,6,2,33.33,18.18,2,18.18,36.36,0.0,30.0,66.67,0.0,0.0,0.0,0.0,0.0,650960
FC,Cutter,FB,6,15.38,0,0,0,,0,,2,0,0.0,0.0,2,33.33,33.33,0.0,0.0,,,,,,,650960
SI,Sinker,FB,4,10.26,0,0,0,,0,,1,0,0.0,0.0,1,25.0,25.0,0.0,0.0,,,,,,,650960
SL,Slider,BR,3,7.69,2,2,0,0.0,0,0.0,2,0,0.0,0.0,1,33.33,33.33,100.0,20.0,0.0,0.0,0.0,0.0,0.0,0.0,650960
SI,Sinker,FB,156,47.27,37,30,1,2.7,2,5.41,76,11,14.47,7.05,31,19.87,26.92,26.47,16.33,6.25,0.3,0.4,0.333,0.7330000000000001,0.033,655889
SL,Slider,BR,150,45.45,39,37,15,38.46,1,2.56,76,26,34.21,17.33,20,13.33,30.67,32.5,67.35,22.73,0.189,0.231,0.486,0.717,0.297,655889
FF,4-Seam Fastball,FB,17,5.15,10,7,6,60.0,1,10.0,10,6,60.0,35.29,1,5.88,41.18,37.5,14.29,42.86,0.0,0.2,0.0,0.2,0.0,655889
,,,4,1.21,1,0,0,0.0,1,100.0,0,0,,0.0,0,0.0,0.0,,0.0,,,1.0,,,,655889
ST,Sweeper,BR,3,0.91,1,1,0,0.0,0,0.0,1,0,0.0,0.0,0,0.0,0.0,0.0,2.04,0.0,0.0,0.0,0.0,0.0,0.0,655889
FF,4-Seam Fastball,FB,23,50.0,8,6,3,37.5,1,12.5,13,5,38.46,21.74,3,13.04,34.78,22.22,50.0,60.0,0.5,0.625,1.0,1.625,0.5,656186
SL,Slider,BR,23,50.0,3,2,1,33.33,1,33.33,8,2,25.0,8.7,3,13.04,21.74,20.0,50.0,20.0,0.5,0.667,1.0,1.667,0.5,656186
FF,4-Seam Fastball,FB,432,56.77,138,123,19,13.77,12,8.7,228,34,14.91,7.87,72,16.67,24.54,22.03,58.0,16.38,0.317,0.38,0.439,0.819,0.122,656222
CH,Changeup,OS,274,36.01,56,52,12,21.43,3,5.36,112,45,40.18,16.42,20,7.3,23.72,26.7,33.5,17.91,0.288,0.321,0.346,0.667,0.0579999999999999,656222
FC,Cutter,FB,38,4.99,4,3,0,0.0,0,0.0,21,3,14.29,7.89,5,13.16,21.05,29.41,6.5,0.0,1.0,1.0,2.333,3.333,1.3330000000000002,656222
,,,9,1.18,2,0,0,0.0,2,100.0,0,0,,0.0,0,0.0,0.0,,0.0,,,1.0,,,,656222
CU,Curveball,BR,7,0.92,3,3,0,0.0,0,0.0,3,0,0.0,0.0,2,28.57,28.57,0.0,2.0,0.0,0.0,0.0,0.0,0.0,0.0,656222
SI,Sinker,FB,1,0.13,1,1,0,0.0,0,0.0,1,0,0.0,0.0,0,0.0,0.0,100.0,0.0,,1.0,1.0,1.0,2.0,0.0,656222
SI,Sinker,FB,96,33.68,32,30,1,3.12,1,3.12,55,8,14.55,8.33,11,11.46,19.79,30.95,22.41,7.69,0.367,0.406,0.667,1.073,0.3,656232
ST,Sweeper,BR,68,23.86,16,15,5,31.25,1,6.25,25,7,28.0,10.29,15,22.06,32.35,20.51,32.76,26.32,0.267,0.312,0.467,0.779,0.2,656232
CH,Changeup,OS,50,17.54,14,13,3,21.43,1,7.14,25,7,28.0,14.0,3,6.0,20.0,28.12,15.52,33.33,0.231,0.286,0.308,0.594,0.0769999999999999,656232
FF,4-Seam Fastball,FB,46,16.14,13,8,1,7.69,5,38.46,18,2,11.11,4.35,6,13.04,17.39,18.52,17.24,10.0,0.375,0.615,0.5,1.115,0.125,656232
CU,Curveball,BR,21,7.37,4,4,1,25.0,0,0.0,9,1,11.11,4.76,3,14.29,19.05,10.0,8.62,20.0,0.25,0.25,1.0,1.25,0.75,656232
SL,Slider,BR,4,1.4,1,1,0,0.0,0,0.0,1,0,0.0,0.0,0,0.0,0.0,0.0,3.45,0.0,1.0,1.0,4.0,5.0,3.0,656232
SI,Sinker,FB,166,42.56,57,43,5,8.77,11,19.3,80,11,13.75,6.63,25,15.06,21.69,26.25,32.08,14.71,0.349,0.5,0.442,0.942,0.093,656234
SL,Slider,BR,158,40.51,31,27,8,25.81,4,12.9,55,22,40.0,13.92,37,23.42,37.34,26.09,43.4,17.39,0.148,0.258,0.185,0.443,0.037,656234
CU,Curveball,BR,50,12.82,13,12,4,30.77,1,7.69,21,5,23.81,10.0,12,24.0,34.0,25.0,22.64,16.67,0.167,0.231,0.167,0.398,0.0,656234
FC,Cutter,FB,7,1.79,1,1,0,0.0,0,0.0,6,2,33.33,28.57,0,0.0,28.57,75.0,0.94,0.0,0.0,0.0,0.0,0.0,0.0,656234
ST,Sweeper,BR,4,1.03,2,2,0,0.0,0,0.0,2,0,0.0,0.0,1,25.0,25.0,0.0,0.94,0.0,0.5,0.5,2.0,2.5,1.5,656234
FF,4-Seam Fastball,FB,3,0.77,0,0,0,,0,,1,1,100.0,33.33,1,33.33,66.67,50.0,0.0,,,,,,,656234
CH,Changeup,OS,2,0.51,0,0,0,,0,,0,0,,0.0,0,0.0,0.0,0.0,0.0,,,,,,,656234
FF,4-Seam Fastball,FB,86,43.0,23,19,3,13.04,3,13.04,44,6,13.64,6.98,14,16.28,23.26,28.12,31.82,14.29,0.263,0.391,0.316,0.7070000000000001,0.0529999999999999,656240
SL,Slider,BR,84,42.0,20,20,4,20.0,0,0.0,36,12,33.33,14.29,10,11.9,26.19,29.09,51.52,11.76,0.2,0.2,0.3,0.5,0.0999999999999999,656240
FS,Split-Finger,OS,30,15.0,8,8,2,25.0,0,0.0,22,7,31.82,23.33,1,3.33,26.67,36.36,16.67,18.18,0.0,0.0,0.0,0.0,0.0,656240
SL,Slider,BR,30,55.56,8,7,2,25.0,1,12.5,13,7,53.85,23.33,4,13.33,36.67,27.78,78.57,18.18,0.0,0.125,0.0,0.125,0.0,656266
SI,Sinker,FB,24,44.44,6,6,2,33.33,0,0.0,10,1,10.0,4.17,7,29.17,33.33,27.27,21.43,66.67,0.167,0.167,0.167,0.334,0.0,656266
FF,4-Seam Fastball,FB,170,47.62,35,31,13,37.14,4,11.43,92,24,26.09,14.12,26,15.29,29.41,25.76,51.35,22.81,0.226,0.314,0.419,0.733,0.1929999999999999,656271
CH,Changeup,OS,94,26.33,31,31,10,32.26,0,0.0,55,23,41.82,24.47,10,10.64,35.11,45.45,27.03,33.33,0.258,0.258,0.29,0.548,0.0319999999999999,656271
SL,Slider,BR,78,21.85,20,16,4,20.0,3,15.0,39,15,38.46,19.23,13,16.67,35.9,28.57,18.92,19.05,0.188,0.3,0.25,0.55,0.062,656271
SI,Sinker,FB,9,2.52,3,3,1,33.33,0,0.0,7,1,14.29,11.11,2,22.22,33.33,,2.7,33.33,0.333,0.333,0.667,1.0,0.334,656271
,,,6,1.68,2,0,0,0.0,2,100.0,0,0,,0.0,0,0.0,0.0,,0.0,,,1.0,,,,656271
FF,4-Seam Fastball,FB,494,37.65,128,112,16,12.5,11,8.59,230,37,16.09,7.49,84,17.0,24.49,21.98,31.35,13.79,0.25,0.315,0.518,0.833,0.268,656288
SL,Slider,BR,391,29.8,105,95,27,25.71,8,7.62,192,66,34.38,16.88,62,15.86,32.74,31.43,30.81,23.68,0.284,0.337,0.453,0.79,0.169,656288
CH,Changeup,OS,260,19.82,79,73,13,16.46,5,6.33,154,35,22.73,13.46,25,9.62,23.08,34.68,24.05,14.61,0.26,0.316,0.37,0.6859999999999999,0.1099999999999999,656288
KC,Knuckle Curve,BR,138,10.52,33,30,8,24.24,0,0.0,64,18,28.12,13.04,22,15.94,28.99,31.08,12.43,17.39,0.167,0.212,0.267,0.479,0.1,656288
SI,Sinker,FB,27,2.06,9,8,0,0.0,0,0.0,14,0,0.0,0.0,5,18.52,18.52,30.77,1.08,0.0,0.375,0.444,0.375,0.819,0.0,656288
,,,2,0.15,0,0,0,,0,,0,0,,0.0,0,0.0,0.0,,0.27,0.0,,,,,,656288
SL,Slider,BR,768,47.73,205,194,79,38.54,7,3.41,390,172,44.1,22.4,102,13.28,35.68,35.67,58.99,25.9,0.155,0.181,0.242,0.423,0.087,656302
FF,4-Seam Fastball,FB,638,39.65,147,119,38,25.85,24,16.33,334,91,27.25,14.26,94,14.73,29.0,28.23,31.14,23.6,0.21,0.347,0.336,0.683,0.126,656302
ST,Sweeper,BR,103,6.4,15,14,3,20.0,1,6.67,32,12,37.5,11.65,18,17.48,29.13,22.97,4.64,12.5,0.214,0.267,0.286,0.5529999999999999,0.0719999999999999,656302
KC,Knuckle Curve,BR,96,5.97,22,21,7,31.82,0,0.0,41,14,34.15,14.58,18,18.75,33.33,29.63,5.03,26.92,0.333,0.333,0.524,0.857,0.191,656302
FC,Cutter,FB,2,0.12,0,0,0,,0,,0,0,,0.0,0,0.0,0.0,0.0,0.19,0.0,,,,,,656302
CH,Changeup,OS,1,0.06,0,0,0,,0,,0,0,,0.0,0,0.0,0.0,0.0,0.0,,,,,,,656302
SI,Sinker,FB,1,0.06,1,1,0,0.0,0,0.0,1,0,0.0,0.0,0,0.0,0.0,,0.0,,1.0,1.0,1.0,2.0,0.0,656302
SL,Slider,BR,16,28.57,3,3,0,0.0,0,0.0,5,1,20.0,6.25,3,18.75,25.0,11.11,46.67,0.0,0.333,0.333,0.333,0.666,0.0,656353
FS,Split-Finger,OS,12,21.43,6,6,1,16.67,0,0.0,9,2,22.22,16.67,0,0.0,16.67,70.0,40.0,16.67,0.167,0.167,0.167,0.334,0.0,656353
FF,4-Seam Fastball,FB,10,17.86,2,2,0,0.0,0,0.0,6,1,16.67,10.0,3,30.0,40.0,50.0,13.33,0.0,0.5,0.5,0.5,1.0,0.0,656353
SI,Sinker,FB,10,17.86,3,2,0,0.0,1,33.33,4,1,25.0,10.0,3,30.0,40.0,20.0,0.0,,0.0,0.333,0.0,0.333,0.0,656353
CU,Curveball,BR,8,14.29,3,3,0,0.0,0,0.0,6,1,16.67,12.5,0,0.0,12.5,50.0,0.0,,0.333,0.333,0.333,0.666,0.0,656353
FC,Cutter,FB,43,47.25,11,9,3,27.27,1,9.09,20,5,25.0,11.63,6,13.95,25.58,30.43,39.29,27.27,0.222,0.364,0.333,0.6970000000000001,0.111,656354
ST,Sweeper,BR,25,27.47,6,4,2,33.33,2,33.33,9,2,22.22,8.0,5,20.0,28.0,26.67,32.14,22.22,0.5,0.667,0.75,1.417,0.25,656354
SI,Sinker,FB,23,25.27,4,4,0,0.0,0,0.0,7,1,14.29,4.35,5,21.74,26.09,0.0,28.57,0.0,0.25,0.25,0.25,0.5,0.0,656354
SL,Slider,BR,243,46.64,50,45,14,28.0,4,8.0,103,44,42.72,18.11,46,18.93,37.04,30.99,51.6,14.43,0.2,0.28,0.356,0.636,0.1559999999999999,656412
FF,4-Seam Fastball,FB,182,34.93,58,43,15,25.86,12,20.69,103,29,28.16,15.93,14,7.69,23.63,25.58,35.11,19.7,0.279,0.439,0.512,0.951,0.2329999999999999,656412
SI,Sinker,FB,54,10.36,13,11,1,7.69,0,0.0,24,2,8.33,3.7,11,20.37,24.07,26.92,3.72,14.29,0.545,0.583,0.727,1.31,0.1819999999999999,656412
CH,Changeup,OS,42,8.06,6,6,0,0.0,0,0.0,18,4,22.22,9.52,2,4.76,14.29,26.67,9.57,0.0,0.5,0.5,1.167,1.667,0.667,656412
FF,4-Seam Fastball,FB,40,43.01,9,7,2,22.22,2,22.22,17,2,11.76,5.0,8,20.0,25.0,23.81,33.33,25.0,0.0,0.222,0.0,0.222,0.0,656420
SL,Slider,BR,31,33.33,8,7,1,12.5,0,0.0,16,7,43.75,22.58,6,19.35,41.94,37.5,33.33,12.5,0.286,0.375,0.429,0.804,0.143,656420
CH,Changeup,OS,19,20.43,7,7,1,14.29,0,0.0,9,1,11.11,5.26,3,15.79,21.05,33.33,29.17,14.29,0.286,0.286,0.714,1.0,0.428,656420
SI,Sinker,FB,2,2.15,2,2,0,0.0,0,0.0,2,0,0.0,0.0,0,0.0,0.0,,0.0,,0.5,0.5,2.0,2.5,1.5,656420
,,,1,1.08,1,1,1,100.0,0,0.0,0,0,,0.0,0,0.0,0.0,,4.17,100.0,0.0,0.0,0.0,0.0,0.0,656420
FF,4-Seam Fastball,FB,537,43.62,137,125,44,32.12,10,7.3,274,71,25.91,13.22,118,21.97,35.2,21.28,39.9,26.83,0.232,0.299,0.424,0.723,0.1919999999999999,656427
SL,Slider,BR,361,29.33,84,76,17,20.24,8,9.52,168,59,35.12,16.34,47,13.02,29.36,31.25,29.44,14.05,0.237,0.31,0.513,0.823,0.276,656427
KC,Knuckle Curve,BR,228,18.52,59,59,30,50.85,0,0.0,117,54,46.15,23.68,24,10.53,34.21,43.04,25.06,29.13,0.169,0.169,0.237,0.406,0.0679999999999999,656427
,,,53,4.31,13,12,3,23.08,1,7.69,24,6,25.0,11.32,8,15.09,26.42,,4.87,15.0,0.417,0.462,0.833,1.295,0.416,656427
SI,Sinker,FB,49,3.98,4,3,0,0.0,0,0.0,14,5,35.71,10.2,4,8.16,18.37,17.95,0.73,0.0,0.667,0.75,1.667,2.417,1.0,656427
CH,Changeup,OS,3,0.24,0,0,0,,0,,0,0,,0.0,0,0.0,0.0,0.0,0.0,,,,,,,656427
FF,4-Seam Fastball,FB,36,35.64,12,10,2,16.67,1,8.33,18,4,22.22,11.11,3,8.33,19.44,21.05,57.14,10.0,0.2,0.333,0.2,0.533,0.0,656457
SI,Sinker,FB,35,34.65,7,6,0,0.0,1,14.29,21,4,19.05,11.43,3,8.57,20.0,25.0,17.14,0.0,0.167,0.286,0.333,0.619,0.166,656457
FC,Cutter,FB,18,17.82,5,5,1,20.0,0,0.0,10,2,20.0,11.11,1,5.56,16.67,36.36,11.43,25.0,0.6,0.6,1.2,1.7999999999999998,0.6,656457
ST,Sweeper,BR,9,8.91,1,1,0,0.0,0,0.0,4,0,0.0,0.0,1,11.11,11.11,20.0,8.57,0.0,0.0,0.0,0.0,0.0,0.0,656457
KC,Knuckle Curve,BR,2,1.98,0,0,0,,0,,1,0,0.0,0.0,0,0.0,0.0,0.0,2.86,0.0,,,,,,656457
FS,Split-Finger,OS,1,0.99,0,0,0,,0,,0,0,,0.0,0,0.0,0.0,0.0,2.86,0.0,,,,,,656457
FF,4-Seam Fastball,FB,15,71.43,4,4,0,0.0,0,0.0,8,0,0.0,0.0,3,20.0,20.0,16.67,60.0,0.0,0.75,0.75,1.75,2.5,1.0,656458
SL,Slider,BR,6,28.57,1,1,0,0.0,0,0.0,3,0,0.0,0.0,0,0.0,0.0,0.0,40.0,0.0,0.0,0.0,0.0,0.0,0.0,656458
SL,Slider,BR,286,45.25,69,67,24,34.78,1,1.45,136,55,40.44,19.23,25,8.74,27.97,31.87,53.19,24.0,0.239,0.246,0.403,0.649,0.164,656464
FF,4-Seam Fastball,FB,248,39.24,65,57,13,20.0,6,9.23,115,21,18.26,8.47,54,21.77,30.24,19.39,39.89,17.33,0.246,0.328,0.351,0.679,0.1049999999999999,656464
SI,Sinker,FB,98,15.51,32,30,2,6.25,0,0.0,51,7,13.73,7.14,22,22.45,29.59,35.14,6.91,15.38,0.3,0.344,0.367,0.711,0.067,656464
CU,Curveball,BR,105,43.57,24,24,8,33.33,0,0.0,52,17,32.69,16.19,19,18.1,34.29,38.98,52.0,20.51,0.208,0.208,0.375,0.583,0.167,656529
FF,4-Seam Fastball,FB,99,41.08,25,22,5,20.0,3,12.0,44,9,20.45,9.09,21,21.21,30.3,19.15,33.33,20.0,0.273,0.36,0.5,0.86,0.2269999999999999,656529
SL,Slider,BR,29,12.03,10,9,3,30.0,1,10.0,18,5,27.78,17.24,2,6.9,24.14,25.0,10.67,37.5,0.0,0.1,0.0,0.1,0.0,656529
SI,Sinker,FB,8,3.32,2,2,0,0.0,0,0.0,4,2,50.0,25.0,0,0.0,25.0,20.0,4.0,0.0,0.0,0.0,0.0,0.0,0.0,656529
SL,Slider,BR,277,46.17,55,52,23,41.82,1,1.82,124,57,45.97,20.58,38,13.72,34.3,31.52,48.7,24.47,0.173,0.185,0.308,0.493,0.135,656546
FF,4-Seam Fastball,FB,198,33.0,57,49,19,33.33,8,14.04,96,33,34.38,16.67,34,17.17,33.84,23.53,35.75,27.54,0.163,0.281,0.163,0.444,0.0,656546
SI,Sinker,FB,109,18.17,35,31,2,5.71,2,5.71,63,10,15.87,9.17,21,19.27,28.44,41.67,8.29,12.5,0.194,0.286,0.226,0.512,0.032,656546
FS,Split-Finger,OS,16,2.67,7,7,5,71.43,0,0.0,11,4,36.36,25.0,1,6.25,31.25,60.0,7.25,35.71,0.143,0.143,0.286,0.4289999999999999,0.143,656546
SL,Slider,BR,230,41.0,71,67,21,29.58,3,4.23,134,58,43.28,25.22,19,8.26,33.48,40.94,46.88,28.0,0.239,0.268,0.299,0.567,0.06,656550
FF,4-Seam Fastball,FB,199,35.47,55,52,15,27.27,3,5.45,117,31,26.5,15.58,32,16.08,31.66,32.89,34.38,27.27,0.212,0.255,0.404,0.659,0.192,656550
CU,Curveball,BR,81,14.44,19,18,6,31.58,0,0.0,44,19,43.18,23.46,10,12.35,35.8,47.06,16.88,22.22,0.222,0.211,0.444,0.655,0.222,656550
FC,Cutter,FB,46,8.2,8,7,0,0.0,1,12.5,20,4,20.0,8.7,3,6.52,15.22,19.23,1.88,0.0,0.429,0.5,1.286,1.786,0.857,656550
,,,5,0.89,2,0,0,0.0,2,100.0,0,0,,0.0,0,0.0,0.0,,0.0,,,1.0,,,,656550
ST,Sweeper,BR,592,46.14,149,142,40,26.85,5,3.36,271,85,31.37,14.36,114,19.26,33.61,32.14,51.6,20.62,0.268,0.302,0.415,0.717,0.1469999999999999,656557
SI,Sinker,FB,563,43.88,161,145,30,18.63,10,6.21,266,41,15.41,7.28,127,22.56,29.84,37.72,35.37,21.8,0.255,0.329,0.297,0.626,0.0419999999999999,656557
FS,Split-Finger,OS,122,9.51,37,34,12,32.43,3,8.11,72,20,27.78,16.39,11,9.02,25.41,39.39,12.77,25.0,0.147,0.216,0.235,0.4509999999999999,0.088,656557
FC,Cutter,FB,3,0.23,0,0,0,,0,,1,1,100.0,33.33,0,0.0,33.33,0.0,0.0,,,,,,,656557
FF,4-Seam Fastball,FB,3,0.23,0,0,0,,0,,3,1,33.33,33.33,0,0.0,33.33,,0.27,0.0,,,,,,656557
SI,Sinker,FB,455,33.26,123,106,17,13.82,9,7.32,196,26,13.27,5.71,107,23.52,29.23,22.56,22.89,18.48,0.245,0.325,0.387,0.712,0.142,656605
FF,4-Seam Fastball,FB,314,22.95,61,51,18,29.51,8,13.11,163,47,28.83,14.97,54,17.2,32.17,27.27,26.62,16.82,0.255,0.361,0.353,0.714,0.0979999999999999,656605
ST,Sweeper,BR,274,20.03,97,89,26,26.8,4,4.12,143,38,26.57,13.87,36,13.14,27.01,38.96,35.57,18.18,0.191,0.237,0.236,0.473,0.0449999999999999,656605
SL,Slider,BR,156,11.4,45,42,6,13.33,1,2.22,70,22,31.43,14.1,23,14.74,28.85,28.09,7.96,15.62,0.429,0.444,0.762,1.206,0.333,656605
FC,Cutter,FB,129,9.43,41,34,3,7.32,5,12.2,65,10,15.38,7.75,23,17.83,25.58,25.42,5.97,12.5,0.206,0.293,0.412,0.705,0.206,656605
CU,Curveball,BR,36,2.63,6,5,0,0.0,0,0.0,10,2,20.0,5.56,10,27.78,33.33,20.0,0.75,0.0,0.4,0.5,0.6,1.1,0.1999999999999999,656605
PO,Pitch Out,,2,0.15,0,0,0,,0,,0,0,,0.0,0,0.0,0.0,0.0,0.0,,,,,,,656605
CH,Changeup,OS,1,0.07,0,0,0,,0,,0,0,,0.0,1,100.0,100.0,,0.0,,,,,,,656605
,,,1,0.07,0,0,0,,0,,0,0,,0.0,0,0.0,0.0,,0.25,0.0,,,,,,656605
FF,4-Seam Fastball,FB,388,72.66,97,79,22,22.68,13,13.4,184,49,26.63,12.63,73,18.81,31.44,32.07,64.97,21.57,0.241,0.365,0.456,0.821,0.215,656629
SL,Slider,BR,73,13.67,26,23,7,26.92,2,7.69,30,8,26.67,10.96,8,10.96,21.92,22.73,19.75,22.58,0.217,0.28,0.217,0.497,0.0,656629
FC,Cutter,FB,71,13.3,15,14,4,26.67,1,6.67,32,12,37.5,16.9,9,12.68,29.58,32.61,15.29,16.67,0.143,0.2,0.143,0.3429999999999999,0.0,656629
,,,2,0.37,0,0,0,,0,,0,0,,0.0,0,0.0,0.0,,0.0,,,,,,,656629
SL,Slider,BR,134,59.29,29,25,9,31.03,3,10.34,64,32,50.0,23.88,11,8.21,32.09,34.83,65.85,16.67,0.12,0.241,0.16,0.401,0.04,656638
SI,Sinker,FB,89,39.38,23,17,4,17.39,3,13.04,38,5,13.16,5.62,21,23.6,29.21,28.95,31.71,15.38,0.353,0.476,0.353,0.829,0.0,656638
FF,4-Seam Fastball,FB,2,0.88,2,0,0,0.0,2,100.0,0,0,,0.0,0,0.0,0.0,0.0,1.22,0.0,,1.0,,,,656638
CH,Changeup,OS,1,0.44,0,0,0,,0,,1,0,0.0,0.0,0,0.0,0.0,,1.22,0.0,,,,,,656638
FF,4-Seam Fastball,FB,193,43.08,45,35,7,15.56,9,20.0,93,22,23.66,11.4,23,11.92,23.32,28.18,47.86,10.45,0.229,0.4,0.4,0.8,0.171,656641
CH,Changeup,OS,173,38.62,55,51,13,23.64,4,7.27,101,40,39.6,23.12,16,9.25,32.37,45.71,40.71,22.81,0.216,0.273,0.353,0.626,0.1369999999999999,656641
SL,Slider,BR,40,8.93,6,6,1,16.67,0,0.0,16,3,18.75,7.5,5,12.5,20.0,19.05,10.0,7.14,0.333,0.333,0.833,1.166,0.4999999999999999,656641
CU,Curveball,BR,34,7.59,1,1,0,0.0,0,0.0,3,1,33.33,2.94,16,47.06,50.0,0.0,1.43,0.0,1.0,1.0,1.0,2.0,0.0,656641
,,,8,1.79,2,0,0,0.0,2,100.0,0,0,,0.0,0,0.0,0.0,,0.0,,,1.0,,,,656641
FF,4-Seam Fastball,FB,30,81.08,7,7,3,42.86,0,0.0,18,7,38.89,23.33,6,20.0,43.33,57.14,76.92,30.0,0.286,0.286,0.714,1.0,0.428,656657
CU,Curveball,BR,3,8.11,1,1,0,0.0,0,0.0,2,0,0.0,0.0,0,0.0,0.0,0.0,15.38,0.0,1.0,1.0,1.0,2.0,0.0,656657
CH,Changeup,OS,2,5.41,1,1,0,0.0,0,0.0,1,0,0.0,0.0,1,50.0,50.0,,7.69,0.0,1.0,1.0,1.0,2.0,0.0,656657
FC,Cutter,FB,2,5.41,1,1,0,0.0,0,0.0,1,0,0.0,0.0,0,0.0,0.0,0.0,0.0,,1.0,1.0,1.0,2.0,0.0,656657
CH,Changeup,OS,40,55.56,13,13,2,15.38,0,0.0,24,6,25.0,15.0,2,5.0,20.0,54.55,70.59,16.67,0.154,0.154,0.385,0.539,0.231,656671
SI,Sinker,FB,19,26.39,4,2,0,0.0,2,50.0,8,3,37.5,15.79,4,21.05,36.84,20.0,0.0,,0.0,0.5,0.0,0.5,0.0,656671
FF,4-Seam Fastball,FB,9,12.5,2,2,1,50.0,0,0.0,4,1,25.0,11.11,1,11.11,22.22,20.0,17.65,33.33,0.5,0.5,1.0,1.5,0.5,656671
SL,Slider,BR,4,5.56,1,1,1,100.0,0,0.0,1,1,100.0,25.0,1,25.0,50.0,33.33,11.76,50.0,0.0,0.0,0.0,0.0,0.0,656671
CS,Slow Curve,BR,7,41.18,3,3,0,0.0,0,0.0,3,0,0.0,0.0,2,28.57,28.57,50.0,66.67,0.0,0.0,0.0,0.0,0.0,0.0,656716
FA,Other,,7,41.18,2,1,0,0.0,1,50.0,1,0,0.0,0.0,2,28.57,28.57,0.0,33.33,0.0,0.0,0.5,0.0,0.5,0.0,656716
EP,Eephus,,3,17.65,0,0,0,,0,,0,0,,0.0,1,33.33,33.33,0.0,0.0,,,,,,,656716
FF,4-Seam Fastball,FB,256,67.72,78,72,18,23.08,4,5.13,157,33,21.02,12.89,33,12.89,25.78,38.0,66.94,21.69,0.181,0.221,0.236,0.4569999999999999,0.0549999999999999,656730
KC,Knuckle Curve,BR,114,30.16,22,21,9,40.91,0,0.0,50,28,56.0,24.56,20,17.54,42.11,36.11,33.06,21.95,0.238,0.227,0.524,0.751,0.286,656730
,,,6,1.59,2,0,0,0.0,2,100.0,0,0,,0.0,0,0.0,0.0,,0.0,,,1.0,,,,656730
SI,Sinker,FB,2,0.53,0,0,0,,0,,0,0,,0.0,0,0.0,0.0,0.0,0.0,,,,,,,656730
FF,4-Seam Fastball,FB,289,43.2,62,51,17,27.42,9,14.52,137,42,30.66,14.53,62,21.45,35.99,27.78,39.91,19.54,0.216,0.355,0.353,0.708,0.1369999999999999,656731
SL,Slider,BR,121,18.09,37,36,10,27.03,1,2.7,58,17,29.31,14.05,10,8.26,22.31,27.03,24.77,18.52,0.222,0.243,0.306,0.5489999999999999,0.0839999999999999,656731
SI,Sinker,FB,113,16.89,28,27,4,14.29,1,3.57,69,12,17.39,10.62,14,12.39,23.01,45.28,11.47,16.0,0.185,0.214,0.185,0.399,0.0,656731
FC,Cutter,FB,82,12.26,24,22,2,8.33,2,8.33,39,11,28.21,13.41,12,14.63,28.05,26.19,8.26,11.11,0.364,0.417,0.727,1.144,0.363,656731
CH,Changeup,OS,19,2.84,4,4,2,50.0,0,0.0,9,1,11.11,5.26,3,15.79,21.05,45.45,4.59,20.0,0.5,0.5,0.5,1.0,0.0,656731
FS,Split-Finger,OS,18,2.69,3,3,2,66.67,0,0.0,8,5,62.5,27.78,0,0.0,27.78,30.77,4.59,20.0,0.0,0.0,0.0,0.0,0.0,656731
ST,Sweeper,BR,13,1.94,4,4,2,50.0,0,0.0,3,1,33.33,7.69,3,23.08,30.77,12.5,3.67,25.0,0.25,0.25,1.0,1.25,0.75,656731
CU,Curveball,BR,12,1.79,3,3,2,66.67,0,0.0,4,3,75.0,25.0,2,16.67,41.67,37.5,2.29,40.0,0.333,0.333,0.667,1.0,0.334,656731
,,,2,0.3,0,0,0,,0,,0,0,,0.0,0,0.0,0.0,,0.46,0.0,,,,,,656731
CU,Curveball,BR,489,30.49,126,116,26,20.63,6,4.76,219,75,34.25,15.34,66,13.5,28.83,35.91,40.0,15.12,0.276,0.315,0.448,0.763,0.172,656756
SI,Sinker,FB,447,27.87,144,125,10,6.94,18,12.5,220,33,15.0,7.38,82,18.34,25.73,31.28,17.91,12.99,0.376,0.455,0.608,1.063,0.2319999999999999,656756
CH,Changeup,OS,366,22.82,85,80,18,21.18,4,4.71,186,73,39.25,19.95,28,7.65,27.6,31.39,19.77,21.18,0.325,0.353,0.6,0.953,0.2749999999999999,656756
FF,4-Seam Fastball,FB,289,18.02,85,79,10,11.76,3,3.53,167,29,17.37,10.03,28,9.69,19.72,32.39,21.63,10.75,0.304,0.333,0.392,0.7250000000000001,0.088,656756
,,,11,0.69,4,1,1,25.0,3,75.0,0,0,,0.0,0,0.0,0.0,,0.23,100.0,0.0,0.75,0.0,0.75,0.0,656756
SL,Slider,BR,2,0.12,0,0,0,,0,,1,0,0.0,0.0,0,0.0,0.0,0.0,0.47,0.0,,,,,,656756
FC,Cutter,FB,52,44.83,14,11,0,0.0,3,21.43,31,4,12.9,7.69,8,15.38,23.08,44.44,38.89,0.0,0.273,0.429,0.727,1.156,0.4539999999999999,656786
CU,Curveball,BR,41,35.34,7,7,0,0.0,0,0.0,14,4,28.57,9.76,4,9.76,19.51,13.79,41.67,0.0,0.0,0.0,0.0,0.0,0.0,656786
FF,4-Seam Fastball,FB,22,18.97,6,5,2,33.33,1,16.67,4,1,25.0,4.55,6,27.27,31.82,0.0,19.44,28.57,0.2,0.333,0.4,0.7330000000000001,0.2,656786
SI,Sinker,FB,1,0.86,0,0,0,,0,,0,0,,0.0,1,100.0,100.0,,0.0,,,,,,,656786
SI,Sinker,FB,29,46.77,8,8,1,12.5,0,0.0,13,0,0.0,0.0,7,24.14,24.14,47.37,25.0,25.0,0.5,0.5,0.5,1.0,0.0,656793
SL,Slider,BR,16,25.81,2,2,2,100.0,0,0.0,4,3,75.0,18.75,5,31.25,50.0,30.0,31.25,20.0,0.0,0.0,0.0,0.0,0.0,656793
FF,4-Seam Fastball,FB,9,14.52,3,2,0,0.0,1,33.33,6,0,0.0,0.0,1,11.11,11.11,0.0,18.75,0.0,0.5,0.667,1.5,2.167,1.0,656793
CH,Changeup,OS,6,9.68,2,2,1,50.0,0,0.0,4,3,75.0,50.0,0,0.0,50.0,60.0,18.75,33.33,0.5,0.5,0.5,1.0,0.0,656793
KN,Knuckleball,,2,3.23,2,1,1,50.0,0,0.0,1,1,100.0,50.0,0,0.0,50.0,50.0,6.25,100.0,0.0,0.5,0.0,0.5,0.0,656793
FF,4-Seam Fastball,FB,73,50.34,16,12,1,6.25,2,12.5,41,7,17.07,9.59,6,8.22,17.81,26.47,52.63,5.0,0.417,0.5,0.75,1.25,0.333,656794
CU,Curveball,BR,30,20.69,9,7,2,22.22,2,22.22,8,2,25.0,6.67,7,23.33,30.0,11.76,28.95,18.18,0.143,0.333,0.143,0.476,0.0,656794
SV,Slurve,BR,20,13.79,4,4,0,0.0,0,0.0,6,1,16.67,5.0,4,20.0,25.0,9.09,13.16,0.0,0.5,0.5,1.25,1.75,0.75,656794
SI,Sinker,FB,12,8.28,5,3,0,0.0,2,40.0,7,0,0.0,0.0,1,8.33,8.33,20.0,2.63,0.0,0.333,0.6,0.333,0.933,0.0,656794
CH,Changeup,OS,7,4.83,2,2,1,50.0,0,0.0,3,1,33.33,14.29,0,0.0,14.29,0.0,2.63,100.0,0.0,0.0,0.0,0.0,0.0,656794
,,,3,2.07,1,0,0,0.0,1,100.0,0,0,,0.0,0,0.0,0.0,,0.0,,,1.0,,,,656794
ST,Sweeper,BR,4,57.14,1,1,0,0.0,0,0.0,4,3,75.0,75.0,0,0.0,75.0,100.0,50.0,0.0,1.0,1.0,1.0,2.0,0.0,656814
SI,Sinker,FB,3,42.86,2,2,0,0.0,0,0.0,3,0,0.0,0.0,0,0.0,0.0,100.0,50.0,0.0,0.5,0.5,0.5,1.0,0.0,656814
FF,4-Seam Fastball,FB,135,64.59,36,33,6,16.67,3,8.33,79,14,17.72,10.37,18,13.33,23.7,37.7,65.38,11.76,0.273,0.333,0.515,0.8480000000000001,0.242,656848
SL,Slider,BR,71,33.97,16,15,3,18.75,1,6.25,30,6,20.0,8.45,9,12.68,21.13,24.39,33.33,11.54,0.333,0.375,0.467,0.8420000000000001,0.134,656848
SI,Sinker,FB,3,1.44,1,0,0,0.0,0,0.0,1,0,0.0,0.0,0,0.0,0.0,0.0,1.28,0.0,,1.0,,,,656848
FF,4-Seam Fastball,FB,415,29.54,107,92,23,21.5,13,12.15,210,53,25.24,12.77,51,12.29,25.06,26.5,33.08,17.83,0.228,0.327,0.272,0.599,0.044,656849
SI,Sinker,FB,383,27.26,115,98,8,6.96,16,13.91,169,27,15.98,7.05,100,26.11,33.16,20.86,12.31,16.67,0.286,0.386,0.418,0.804,0.132,656849
CH,Changeup,OS,291,20.71,77,66,7,9.09,10,12.99,135,36,26.67,12.37,32,11.0,23.37,33.33,20.26,8.86,0.227,0.325,0.348,0.673,0.1209999999999999,656849
SL,Slider,BR,183,13.02,57,54,17,29.82,0,0.0,104,32,30.77,17.49,15,8.2,25.68,35.64,24.1,18.09,0.278,0.316,0.444,0.76,0.1659999999999999,656849
CU,Curveball,BR,131,9.32,26,24,8,30.77,1,3.85,48,14,29.17,10.69,22,16.79,27.48,22.35,10.0,20.51,0.208,0.231,0.375,0.606,0.167,656849
,,,2,0.14,0,0,0,,0,,0,0,,0.0,0,0.0,0.0,,0.26,0.0,,,,,,656849
SI,Sinker,FB,89,45.18,25,23,4,16.0,2,8.0,35,5,14.29,5.62,29,32.58,38.2,31.25,26.67,25.0,0.348,0.4,0.435,0.835,0.087,656876
FC,Cutter,FB,57,28.93,11,11,2,18.18,0,0.0,25,9,36.0,15.79,7,12.28,28.07,29.73,26.67,12.5,0.364,0.364,0.455,0.819,0.091,656876
FF,4-Seam Fastball,FB,29,14.72,7,6,3,42.86,1,14.29,17,7,41.18,24.14,6,20.69,44.83,50.0,18.33,27.27,0.5,0.571,0.5,1.071,0.0,656876
ST,Sweeper,BR,22,11.17,10,10,4,40.0,0,0.0,15,5,33.33,22.73,0,0.0,22.73,58.82,28.33,23.53,0.1,0.1,0.1,0.2,0.0,656876
FF,4-Seam Fastball,FB,146,65.77,35,29,10,28.57,6,17.14,63,14,22.22,9.59,34,23.29,32.88,12.12,70.59,20.83,0.138,0.286,0.172,0.4579999999999999,0.0339999999999999,656887
CH,Changeup,OS,41,18.47,10,10,1,10.0,0,0.0,20,5,25.0,12.2,7,17.07,29.27,31.82,22.06,6.67,0.4,0.4,0.4,0.8,0.0,656887
SL,Slider,BR,35,15.77,8,6,3,37.5,2,25.0,12,7,58.33,20.0,5,14.29,34.29,22.22,7.35,60.0,0.167,0.375,0.167,0.542,0.0,656887
EP,Eephus,,12,41.38,4,4,0,0.0,0,0.0,5,0,0.0,0.0,2,16.67,16.67,0.0,0.0,,0.5,0.5,1.25,1.75,0.75,656896
FA,Other,,9,31.03,4,4,0,0.0,0,0.0,5,0,0.0,0.0,2,22.22,22.22,33.33,100.0,0.0,0.25,0.25,0.25,0.5,0.0,656896
CH,Changeup,OS,8,27.59,2,1,0,0.0,0,0.0,5,2,40.0,25.0,0,0.0,25.0,40.0,0.0,,0.0,0.5,0.0,0.5,0.0,656896
SI,Sinker,FB,88,48.62,27,23,4,14.81,0,0.0,52,9,17.31,10.23,14,15.91,26.14,35.29,31.91,26.67,0.261,0.333,0.391,0.724,0.13,656924
SL,Slider,BR,79,43.65,24,21,6,25.0,2,8.33,40,13,32.5,16.46,12,15.19,31.65,39.13,59.57,21.43,0.19,0.261,0.381,0.642,0.191,656924
FF,4-Seam Fastball,FB,13,7.18,2,2,0,0.0,0,0.0,5,0,0.0,0.0,5,38.46,38.46,20.0,8.51,0.0,0.0,0.0,0.0,0.0,0.0,656924
,,,1,0.55,0,0,0,,0,,0,0,,0.0,0,0.0,0.0,,0.0,,,,,,,656924
FF,4-Seam Fastball,FB,490,56.84,125,103,28,22.4,17,13.6,269,66,24.54,13.47,56,11.43,24.9,24.88,58.56,18.18,0.155,0.275,0.194,0.469,0.039,656945
SL,Slider,BR,354,41.07,90,80,25,27.78,7,7.78,170,69,40.59,19.49,71,20.06,39.55,40.72,40.68,23.36,0.25,0.318,0.35,0.6679999999999999,0.0999999999999999,656945
,,,16,1.86,4,0,0,0.0,4,100.0,0,0,,0.0,0,0.0,0.0,,0.0,,,1.0,,,,656945
CH,Changeup,OS,1,0.12,0,0,0,,0,,0,0,,0.0,0,0.0,0.0,0.0,0.38,0.0,,,,,,656945
SI,Sinker,FB,1,0.12,0,0,0,,0,,1,0,0.0,0.0,0,0.0,0.0,,0.38,0.0,,,,,,656945
FA,Other,,6,100.0,2,2,0,0.0,0,0.0,3,0,0.0,0.0,2,33.33,33.33,50.0,100.0,0.0,0.0,0.0,0.0,0.0,0.0,656976
FF,4-Seam Fastball,FB,1057,63.94,282,253,57,20.21,26,9.22,554,120,21.66,11.35,206,19.49,30.84,25.4,50.9,22.35,0.265,0.333,0.423,0.756,0.1579999999999999,657006
SL,Slider,BR,480,29.04,138,130,42,30.43,4,2.9,263,69,26.24,14.37,63,13.12,27.5,36.86,41.52,20.19,0.162,0.191,0.246,0.437,0.0839999999999999,657006
CH,Changeup,OS,66,3.99,18,18,1,5.56,0,0.0,28,5,17.86,7.58,1,1.52,9.09,26.0,2.99,6.67,0.222,0.222,0.222,0.444,0.0,657006
CU,Curveball,BR,43,2.6,7,7,3,42.86,0,0.0,15,3,20.0,6.98,9,20.93,27.91,22.22,4.59,13.04,0.0,0.0,0.0,0.0,0.0,657006
SI,Sinker,FB,7,0.42,2,2,0,0.0,0,0.0,4,0,0.0,0.0,0,0.0,0.0,0.0,0.0,,0.5,0.5,1.0,1.5,0.5,657006
FF,4-Seam Fastball,FB,173,46.76,47,43,9,19.15,4,8.51,80,19,23.75,10.98,29,16.76,27.75,22.62,49.04,17.65,0.209,0.277,0.372,0.649,0.163,657024
SL,Slider,BR,127,34.32,21,20,1,4.76,1,4.76,54,9,16.67,7.09,20,15.75,22.83,16.18,16.35,5.88,0.35,0.381,0.7,1.081,0.35,657024
FS,Split-Finger,OS,69,18.65,28,25,10,35.71,2,7.14,45,12,26.67,17.39,1,1.45,18.84,50.0,34.62,27.78,0.2,0.286,0.52,0.806,0.32,657024
PO,Pitch Out,,1,0.27,0,0,0,,0,,0,0,,0.0,0,0.0,0.0,0.0,0.0,,,,,,,657024
SI,Sinker,FB,308,55.9,93,85,10,10.75,8,8.6,143,25,17.48,8.12,74,24.03,32.14,38.97,30.18,19.61,0.294,0.355,0.435,0.79,0.141,657044
SL,Slider,BR,214,38.84,51,49,22,43.14,1,1.96,112,45,40.18,21.03,23,10.75,31.78,35.0,53.85,24.18,0.184,0.2,0.286,0.486,0.1019999999999999,657044
FF,4-Seam Fastball,FB,29,5.26,4,4,3,75.0,0,0.0,13,3,23.08,10.34,0,0.0,10.34,11.76,15.98,11.11,0.25,0.25,0.25,0.5,0.0,657044
SI,Sinker,FB,102,38.78,22,16,3,13.64,5,22.73,30,4,13.33,3.92,27,26.47,30.39,14.81,11.94,37.5,0.25,0.409,0.375,0.784,0.125,657053
FS,Split-Finger,OS,86,32.7,26,21,9,34.62,4,15.38,45,15,33.33,17.44,7,8.14,25.58,31.25,44.78,30.0,0.286,0.423,0.524,0.947,0.238,657053
CU,Curveball,BR,60,22.81,11,11,6,54.55,0,0.0,23,9,39.13,15.0,9,15.0,30.0,33.33,37.31,24.0,0.273,0.273,0.364,0.637,0.0909999999999999,657053
FF,4-Seam Fastball,FB,15,5.7,3,2,1,33.33,1,33.33,3,2,66.67,13.33,5,33.33,46.67,12.5,5.97,25.0,0.0,0.333,0.0,0.333,0.0,657053
EP,Eephus,,2,100.0,2,2,0,0.0,0,0.0,2,0,0.0,0.0,0,0.0,0.0,,,,0.5,0.5,0.5,1.0,0.0,657061
FF,4-Seam Fastball,FB,235,42.81,58,43,13,22.41,14,24.14,108,29,26.85,12.34,41,17.45,29.79,24.3,42.05,17.57,0.256,0.448,0.488,0.936,0.2319999999999999,657097
ST,Sweeper,BR,199,36.25,49,49,7,14.29,0,0.0,99,19,19.19,9.55,27,13.57,23.12,30.61,27.84,14.29,0.245,0.245,0.306,0.5509999999999999,0.061,657097
CH,Changeup,OS,114,20.77,29,27,9,31.03,2,6.9,60,21,35.0,18.42,16,14.04,32.46,26.92,30.11,16.98,0.148,0.207,0.333,0.54,0.185,657097
PO,Pitch Out,,1,0.18,0,0,0,,0,,0,0,,0.0,0,0.0,0.0,0.0,0.0,,,,,,,657097
SL,Slider,BR,6,60.0,2,2,1,50.0,0,0.0,5,1,20.0,16.67,0,0.0,16.67,75.0,50.0,100.0,0.0,0.0,0.0,0.0,0.0,657193
CU,Curveball,BR,3,30.0,1,0,0,0.0,0,0.0,0,0,,0.0,0,0.0,0.0,0.0,50.0,0.0,,1.0,,,,657193
CH,Changeup,OS,1,10.0,0,0,0,,0,,0,0,,0.0,0,0.0,0.0,0.0,0.0,,,,,,,657193
SL,Slider,BR,74,48.68,14,12,3,21.43,1,7.14,38,12,31.58,16.22,13,17.57,33.78,25.81,38.3,16.67,0.583,0.571,0.75,1.321,0.167,657240
FF,4-Seam Fastball,FB,67,44.08,24,18,4,16.67,3,12.5,29,4,13.79,5.97,10,14.93,20.9,17.65,40.43,21.05,0.167,0.375,0.389,0.764,0.222,657240
CH,Changeup,OS,9,5.92,4,4,1,25.0,0,0.0,5,1,20.0,11.11,0,0.0,11.11,20.0,17.02,12.5,0.0,0.0,0.0,0.0,0.0,657240
ST,Sweeper,BR,2,1.32,0,0,0,,0,,0,0,,0.0,0,0.0,0.0,0.0,4.26,0.0,,,,,,657240
ST,Sweeper,BR,29,38.16,6,6,2,33.33,0,0.0,15,3,20.0,10.34,6,20.69,31.03,35.71,42.86,22.22,0.0,0.0,0.0,0.0,0.0,657265
FF,4-Seam Fastball,FB,24,31.58,3,3,1,33.33,0,0.0,9,2,22.22,8.33,5,20.83,29.17,23.08,19.05,25.0,0.0,0.0,0.0,0.0,0.0,657265
SI,Sinker,FB,13,17.11,6,4,0,0.0,1,16.67,4,0,0.0,0.0,2,15.38,15.38,12.5,0.0,,0.25,0.5,0.25,0.75,0.0,657265
CH,Changeup,OS,10,13.16,6,6,4,66.67,0,0.0,4,1,25.0,10.0,3,30.0,40.0,25.0,38.1,50.0,0.0,0.0,0.0,0.0,0.0,657265
SI,Sinker,FB,693,45.89,166,155,29,17.47,7,4.22,264,36,13.64,5.19,224,32.32,37.52,17.63,28.85,21.48,0.232,0.271,0.277,0.548,0.045,657277
ST,Sweeper,BR,419,27.75,107,106,27,25.23,0,0.0,204,55,26.96,13.13,49,11.69,24.82,36.63,39.53,14.59,0.255,0.252,0.34,0.5920000000000001,0.085,657277
CH,Changeup,OS,360,23.84,125,119,15,12.0,5,4.0,221,41,18.55,11.39,35,9.72,21.11,47.94,26.71,12.0,0.286,0.315,0.471,0.786,0.185,657277
FF,4-Seam Fastball,FB,34,2.25,8,8,4,50.0,0,0.0,17,6,35.29,17.65,4,11.76,29.41,27.78,4.91,17.39,0.125,0.125,0.125,0.25,0.0,657277
,,,3,0.2,2,0,0,0.0,2,100.0,0,0,,0.0,0,0.0,0.0,,0.0,,,1.0,,,,657277
PO,Pitch Out,,1,0.07,0,0,0,,0,,0,0,,0.0,0,0.0,0.0,0.0,0.0,,,,,,,657277
ST,Sweeper,BR,224,32.46,47,44,13,27.66,2,4.26,93,33,35.48,14.73,57,25.45,40.18,31.03,28.28,18.84,0.205,0.234,0.295,0.529,0.09,657376
FC,Cutter,FB,187,27.1,51,44,10,19.61,6,11.76,97,33,34.02,17.65,29,15.51,33.16,35.71,23.36,17.54,0.25,0.34,0.364,0.704,0.1139999999999999,657376
SI,Sinker,FB,148,21.45,40,31,5,12.5,4,10.0,64,10,15.62,6.76,29,19.59,26.35,16.42,16.39,12.5,0.323,0.45,0.645,1.095,0.322,657376
KC,Knuckle Curve,BR,109,15.8,27,25,7,25.93,1,3.7,43,9,20.93,8.26,16,14.68,22.94,25.76,28.28,10.14,0.08,0.111,0.08,0.191,0.0,657376
SL,Slider,BR,20,2.9,5,5,0,0.0,0,0.0,7,0,0.0,0.0,3,15.0,15.0,23.08,3.28,0.0,0.2,0.2,0.2,0.4,0.0,657376
FF,4-Seam Fastball,FB,1,0.14,0,0,0,,0,,0,0,,0.0,0,0.0,0.0,0.0,0.0,,,,,,,657376
,,,1,0.14,0,0,0,,0,,0,0,,0.0,0,0.0,0.0,,0.41,0.0,,,,,,657376
FF,4-Seam Fastball,FB,230,38.98,52,43,5,9.62,5,9.62,111,18,16.22,7.83,40,17.39,25.22,27.52,32.0,8.93,0.256,0.346,0.581,0.927,0.3249999999999999,657508
KC,Knuckle Curve,BR,191,32.37,57,50,16,28.07,6,10.53,92,25,27.17,13.09,24,12.57,25.65,20.41,54.86,16.67,0.26,0.333,0.32,0.653,0.06,657508
SL,Slider,BR,161,27.29,39,34,5,12.82,3,7.69,77,24,31.17,14.91,21,13.04,27.95,23.08,11.43,25.0,0.206,0.289,0.324,0.613,0.118,657508
CH,Changeup,OS,3,0.51,2,2,2,100.0,0,0.0,2,1,50.0,33.33,1,33.33,66.67,100.0,1.71,66.67,0.0,0.0,0.0,0.0,0.0,657508
SI,Sinker,FB,2,0.34,1,0,0,0.0,0,0.0,0,0,,0.0,0,0.0,0.0,0.0,0.0,,,1.0,,,,657508
,,,2,0.34,1,0,0,0.0,1,100.0,0,0,,0.0,0,0.0,0.0,,0.0,,,1.0,,,,657508
PO,Pitch Out,,1,0.17,0,0,0,,0,,0,0,,0.0,0,0.0,0.0,0.0,0.0,,,,,,,657508
SI,Sinker,FB,151,34.32,51,42,9,17.65,8,15.69,81,12,14.81,7.95,27,17.88,25.83,19.3,45.83,13.64,0.333,0.451,0.476,0.927,0.1429999999999999,657514
CU,Curveball,BR,136,30.91,33,30,13,39.39,0,0.0,71,24,33.8,17.65,11,8.09,25.74,39.56,40.28,22.41,0.2,0.273,0.2,0.473,0.0,657514
FC,Cutter,FB,87,19.77,14,12,0,0.0,1,7.14,31,2,6.45,2.3,22,25.29,27.59,11.9,10.42,0.0,0.333,0.357,0.417,0.774,0.0839999999999999,657514
SL,Slider,BR,43,9.77,4,4,1,25.0,0,0.0,15,2,13.33,4.65,14,32.56,37.21,15.79,3.47,20.0,0.25,0.25,0.5,0.75,0.25,657514
,,,23,5.23,6,0,0,0.0,6,100.0,0,0,,0.0,0,0.0,0.0,,0.0,,,1.0,,,,657514
FF,4-Seam Fastball,FB,280,47.14,79,72,20,25.32,7,8.86,146,31,21.23,11.07,59,21.07,32.14,24.55,46.97,21.51,0.347,0.405,0.625,1.03,0.278,657571
FC,Cutter,FB,152,25.59,34,31,12,35.29,2,5.88,75,21,28.0,13.82,15,9.87,23.68,33.33,26.77,22.64,0.129,0.206,0.161,0.367,0.032,657571
SV,Slurve,BR,135,22.73,33,33,12,36.36,0,0.0,64,24,37.5,17.78,26,19.26,37.04,40.26,22.73,26.67,0.212,0.212,0.242,0.4539999999999999,0.03,657571
SI,Sinker,FB,19,3.2,6,5,1,16.67,1,16.67,10,3,30.0,15.79,5,26.32,42.11,40.0,3.03,16.67,0.6,0.667,0.6,1.267,0.0,657571
,,,7,1.18,1,0,0,0.0,1,100.0,0,0,,0.0,0,0.0,0.0,,0.0,,,1.0,,,,657571
ST,Sweeper,BR,1,0.17,0,0,0,,0,,0,0,,0.0,0,0.0,0.0,0.0,0.51,0.0,,,,,,657571
ST,Sweeper,BR,141,27.81,34,30,13,38.24,3,8.82,60,22,36.67,15.6,28,19.86,35.46,29.11,26.47,28.89,0.133,0.235,0.133,0.368,0.0,657585
FC,Cutter,FB,104,20.51,24,21,6,25.0,3,12.5,55,26,47.27,25.0,20,19.23,44.23,30.95,7.65,46.15,0.333,0.417,0.571,0.988,0.2379999999999999,657585
SI,Sinker,FB,96,18.93,19,16,3,15.79,3,15.79,48,14,29.17,14.58,10,10.42,25.0,34.48,8.24,21.43,0.25,0.368,0.312,0.6799999999999999,0.062,657585
FS,Split-Finger,OS,92,18.15,30,25,18,60.0,3,10.0,44,22,50.0,23.91,0,0.0,23.91,36.0,42.35,25.0,0.12,0.233,0.16,0.393,0.04,657585
FF,4-Seam Fastball,FB,74,14.6,19,14,3,15.79,5,26.32,34,10,29.41,13.51,12,16.22,29.73,21.62,15.29,11.54,0.429,0.579,0.857,1.436,0.428,657585
SI,Sinker,FB,378,66.08,118,107,6,5.08,8,6.78,191,15,7.85,3.97,85,22.49,26.46,24.66,50.97,7.59,0.308,0.356,0.308,0.6639999999999999,0.0,657612
FF,4-Seam Fastball,FB,168,29.37,35,34,10,28.57,1,2.86,81,18,22.22,10.71,12,7.14,17.86,22.83,45.81,14.08,0.235,0.257,0.353,0.61,0.118,657612
SL,Slider,BR,16,2.8,4,4,0,0.0,0,0.0,9,1,11.11,6.25,1,6.25,12.5,40.0,3.23,0.0,0.75,0.75,1.5,2.25,0.75,657612
,,,10,1.75,2,0,0,0.0,2,100.0,0,0,,0.0,0,0.0,0.0,,0.0,,,1.0,,,,657612
SI,Sinker,FB,372,55.03,88,74,22,25.0,11,12.5,159,32,20.13,8.6,86,23.12,31.72,15.54,52.13,20.0,0.284,0.384,0.392,0.776,0.108,657649
FC,Cutter,FB,169,25.0,47,42,4,8.51,2,4.26,92,9,9.78,5.33,23,13.61,18.93,33.78,18.48,10.26,0.262,0.326,0.357,0.683,0.0949999999999999,657649
CU,Curveball,BR,74,10.95,23,21,13,56.52,1,4.35,30,16,53.33,21.62,12,16.22,37.84,36.54,21.8,28.26,0.143,0.217,0.143,0.36,0.0,657649
CH,Changeup,OS,40,5.92,8,7,3,37.5,1,12.5,21,11,52.38,27.5,2,5.0,32.5,36.0,5.21,27.27,0.143,0.25,0.143,0.393,0.0,657649
,,,14,2.07,4,0,0,0.0,4,100.0,0,0,,0.0,0,0.0,0.0,,0.0,,,1.0,,,,657649
FF,4-Seam Fastball,FB,7,1.04,1,1,0,0.0,0,0.0,3,0,0.0,0.0,0,0.0,0.0,0.0,2.37,0.0,0.0,0.0,0.0,0.0,0.0,657649
FC,Cutter,FB,64,57.14,17,15,4,23.53,2,11.76,32,11,34.38,17.19,11,17.19,34.38,34.29,62.5,20.0,0.2,0.294,0.267,0.5609999999999999,0.067,657697
ST,Sweeper,BR,43,38.39,12,12,0,0.0,0,0.0,21,5,23.81,11.63,7,16.28,27.91,25.0,31.25,0.0,0.333,0.333,0.583,0.916,0.2499999999999999,657697
CU,Curveball,BR,3,2.68,0,0,0,,0,,1,0,0.0,0.0,0,0.0,0.0,0.0,6.25,0.0,,,,,,657697
SI,Sinker,FB,2,1.79,1,1,0,0.0,0,0.0,1,0,0.0,0.0,0,0.0,0.0,0.0,0.0,,0.0,0.0,0.0,0.0,0.0,657697
FF,4-Seam Fastball,FB,530,46.21,127,116,44,34.65,8,6.3,275,76,27.64,14.34,99,18.68,33.02,23.86,47.45,23.66,0.216,0.268,0.448,0.716,0.232,657746
ST,Sweeper,BR,240,20.92,70,69,29,41.43,1,1.43,116,46,39.66,19.17,32,13.33,32.5,38.41,30.1,24.58,0.174,0.186,0.348,0.534,0.174,657746
FS,Split-Finger,OS,153,13.34,33,32,9,27.27,0,0.0,69,22,31.88,14.38,15,9.8,24.18,29.47,15.82,14.52,0.188,0.188,0.312,0.5,0.124,657746
SI,Sinker,FB,127,11.07,31,28,3,9.68,1,3.23,65,6,9.23,4.72,30,23.62,28.35,31.91,4.59,16.67,0.357,0.419,0.5,0.919,0.143,657746
SL,Slider,BR,95,8.28,23,21,1,4.35,2,8.7,42,9,21.43,9.47,23,24.21,33.68,20.0,1.79,14.29,0.381,0.435,0.619,1.054,0.238,657746
,,,2,0.17,0,0,0,,0,,0,0,,0.0,0,0.0,0.0,,0.26,0.0,,,,,,657746
FF,4-Seam Fastball,FB,279,32.9,80,69,16,20.0,9,11.25,145,31,21.38,11.11,44,15.77,26.88,24.59,32.37,20.51,0.304,0.388,0.565,0.953,0.2609999999999999,658648
CH,Changeup,OS,163,19.22,65,58,23,35.38,6,9.23,100,38,38.0,23.31,11,6.75,30.06,41.76,34.02,28.05,0.19,0.266,0.328,0.5940000000000001,0.138,658648
SI,Sinker,FB,145,17.1,30,25,0,0.0,2,6.67,65,6,9.23,4.14,26,17.93,22.07,27.4,4.98,0.0,0.28,0.4,0.48,0.88,0.1999999999999999,658648
CU,Curveball,BR,127,14.98,22,20,8,36.36,1,4.55,51,15,29.41,11.81,25,19.69,31.5,30.67,15.77,21.05,0.2,0.227,0.25,0.477,0.0499999999999999,658648
SL,Slider,BR,88,10.38,13,13,2,15.38,0,0.0,34,13,38.24,14.77,14,15.91,30.68,18.18,6.22,13.33,0.615,0.615,0.769,1.384,0.154,658648
ST,Sweeper,BR,38,4.48,8,8,2,25.0,0,0.0,12,4,33.33,10.53,7,18.42,28.95,16.67,6.22,13.33,0.125,0.125,0.125,0.25,0.0,658648
,,,8,0.94,1,0,0,0.0,1,100.0,0,0,,0.0,0,0.0,0.0,,0.41,0.0,,1.0,,,,658648
SL,Slider,BR,28,58.33,6,5,3,50.0,0,0.0,15,4,26.67,14.29,4,14.29,28.57,38.46,75.0,25.0,0.0,0.0,0.0,0.0,0.0,659275
FF,4-Seam Fastball,FB,17,35.42,4,4,0,0.0,0,0.0,8,1,12.5,5.88,3,17.65,23.53,37.5,25.0,0.0,0.0,0.0,0.0,0.0,0.0,659275
SI,Sinker,FB,3,6.25,1,1,0,0.0,0,0.0,1,0,0.0,0.0,2,66.67,66.67,,0.0,,1.0,1.0,1.0,2.0,0.0,659275
SL,Slider,BR,71,41.52,22,18,1,4.55,2,9.09,36,4,11.11,5.63,9,12.68,18.31,26.32,45.65,4.76,0.278,0.409,0.333,0.742,0.0549999999999999,660600
FF,4-Seam Fastball,FB,68,39.77,13,13,7,53.85,0,0.0,29,12,41.38,17.65,13,19.12,36.76,27.78,43.48,35.0,0.0,0.0,0.0,0.0,0.0,660600
SI,Sinker,FB,32,18.71,11,7,0,0.0,4,36.36,11,1,9.09,3.12,7,21.88,25.0,36.36,10.87,0.0,0.143,0.455,0.143,0.598,0.0,660600
FA,Other,,12,80.0,4,4,0,0.0,0,0.0,5,0,0.0,0.0,3,25.0,25.0,20.0,0.0,,0.75,0.75,1.5,2.25,0.75,660644
EP,Eephus,,2,13.33,0,0,0,,0,,0,0,,0.0,0,0.0,0.0,0.0,0.0,,,,,,,660644
CS,Slow Curve,BR,1,6.67,1,1,1,100.0,0,0.0,1,1,100.0,100.0,0,0.0,100.0,,100.0,100.0,0.0,0.0,0.0,0.0,0.0,660644
FF,4-Seam Fastball,FB,285,44.32,50,39,9,18.0,8,16.0,122,28,22.95,9.82,52,18.25,28.07,22.76,39.59,11.54,0.282,0.42,0.513,0.933,0.231,660761
CH,Changeup,OS,223,34.68,73,66,20,27.4,7,9.59,112,36,32.14,16.14,16,7.17,23.32,35.81,42.13,24.1,0.258,0.329,0.5,0.829,0.242,660761
SL,Slider,BR,67,10.42,19,18,3,15.79,1,5.26,37,9,24.32,13.43,8,11.94,25.37,34.48,9.14,16.67,0.333,0.368,0.5,0.868,0.1669999999999999,660761
ST,Sweeper,BR,32,4.98,8,7,2,25.0,0,0.0,16,4,25.0,12.5,5,15.62,28.12,44.44,6.6,15.38,0.143,0.25,0.286,0.536,0.143,660761
SI,Sinker,FB,25,3.89,5,4,1,20.0,1,20.0,11,2,18.18,8.0,4,16.0,24.0,23.08,1.52,33.33,0.75,0.8,1.75,2.55,1.0,660761
FC,Cutter,FB,5,0.78,2,2,0,0.0,0,0.0,4,0,0.0,0.0,1,20.0,20.0,,1.02,0.0,0.0,0.0,0.0,0.0,0.0,660761
CU,Curveball,BR,3,0.47,0,0,0,,0,,0,0,,0.0,1,33.33,33.33,0.0,0.0,,,,,,,660761
,,,3,0.47,0,0,0,,0,,0,0,,0.0,0,0.0,0.0,,0.0,,,,,,,660761
SI,Sinker,FB,32,54.24,7,6,0,0.0,1,14.29,10,0,0.0,0.0,10,31.25,31.25,8.33,38.89,0.0,0.167,0.286,0.167,0.4529999999999999,0.0,660813
SL,Slider,BR,23,38.98,7,7,3,42.86,0,0.0,15,7,46.67,30.43,1,4.35,34.78,56.25,50.0,33.33,0.143,0.143,0.143,0.286,0.0,660813
FF,4-Seam Fastball,FB,3,5.08,1,1,0,0.0,0,0.0,1,0,0.0,0.0,1,33.33,33.33,0.0,11.11,0.0,0.0,0.0,0.0,0.0,0.0,660813
CH,Changeup,OS,1,1.69,0,0,0,,0,,0,0,,0.0,0,0.0,0.0,0.0,0.0,,,,,,,660813
ST,Sweeper,BR,109,45.42,27,26,10,37.04,0,0.0,56,20,35.71,18.35,11,10.09,28.44,39.13,59.76,18.37,0.192,0.192,0.231,0.423,0.039,660825
FF,4-Seam Fastball,FB,65,27.08,14,11,6,42.86,2,14.29,27,10,37.04,15.38,15,23.08,38.46,27.27,23.17,31.58,0.091,0.231,0.091,0.322,0.0,660825
SI,Sinker,FB,64,26.67,19,17,4,21.05,2,10.53,28,5,17.86,7.81,18,28.12,35.94,30.77,17.07,28.57,0.118,0.211,0.176,0.387,0.0579999999999999,660825
FS,Split-Finger,OS,2,0.83,0,0,0,,0,,0,0,,0.0,2,100.0,100.0,,0.0,,,,,,,660825
EP,Eephus,,4,100.0,3,3,0,0.0,0,0.0,3,0,0.0,0.0,1,25.0,25.0,50.0,,,0.333,0.333,0.333,0.666,0.0,660844
SL,Slider,BR,364,51.56,81,77,26,32.1,4,4.94,185,75,40.54,20.6,54,14.84,35.44,30.39,50.97,19.7,0.208,0.247,0.416,0.663,0.208,660853
FF,4-Seam Fastball,FB,337,47.73,94,82,20,21.28,7,7.45,205,41,20.0,12.17,48,14.24,26.41,25.23,47.49,16.26,0.317,0.404,0.634,1.038,0.317,660853
,,,4,0.57,2,0,0,0.0,2,100.0,0,0,,0.0,0,0.0,0.0,,1.54,0.0,,1.0,,,,660853
SI,Sinker,FB,1,0.14,0,0,0,,0,,1,0,0.0,0.0,0,0.0,0.0,100.0,0.0,,,,,,,660853
SL,Slider,BR,209,43.18,60,54,16,26.67,6,10.0,105,37,35.24,17.7,34,16.27,33.97,33.03,53.74,20.25,0.185,0.267,0.259,0.526,0.074,660896
FF,4-Seam Fastball,FB,198,40.91,47,41,8,17.02,3,6.38,96,25,26.04,12.63,28,14.14,26.77,21.74,38.1,14.29,0.244,0.326,0.585,0.911,0.3409999999999999,660896
SI,Sinker,FB,70,14.46,19,16,3,15.79,1,5.26,39,6,15.38,8.57,9,12.86,21.43,29.03,6.12,33.33,0.125,0.211,0.125,0.3359999999999999,0.0,660896
CH,Changeup,OS,4,0.83,3,3,1,33.33,0,0.0,3,0,0.0,0.0,1,25.0,25.0,,1.36,50.0,0.0,0.0,0.0,0.0,0.0,660896
,,,3,0.62,0,0,0,,0,,0,0,,0.0,0,0.0,0.0,,0.68,0.0,,,,,,660896
SL,Slider,BR,20,44.44,6,5,2,33.33,1,16.67,9,4,44.44,20.0,3,15.0,35.0,30.77,57.14,25.0,0.4,0.5,0.4,0.9,0.0,661269
FF,4-Seam Fastball,FB,15,33.33,4,3,0,0.0,1,25.0,8,1,12.5,6.67,1,6.67,13.33,41.67,21.43,0.0,0.0,0.25,0.0,0.25,0.0,661269
CH,Changeup,OS,8,17.78,1,1,1,100.0,0,0.0,3,2,66.67,25.0,0,0.0,25.0,37.5,21.43,33.33,0.0,0.0,0.0,0.0,0.0,661269
CU,Curveball,BR,2,4.44,0,0,0,,0,,0,0,,0.0,1,50.0,50.0,0.0,0.0,,,,,,,661269
FF,4-Seam Fastball,FB,157,35.44,37,31,10,27.03,5,13.51,78,25,32.05,15.92,29,18.47,34.39,26.39,36.72,21.28,0.323,0.432,0.484,0.916,0.1609999999999999,661395
KC,Knuckle Curve,BR,144,32.51,34,34,17,50.0,0,0.0,51,26,50.98,18.06,29,20.14,38.19,28.89,45.31,29.31,0.147,0.147,0.176,0.3229999999999999,0.0289999999999999,661395
FS,Split-Finger,OS,135,30.47,43,38,6,13.95,4,9.3,82,21,25.61,15.56,16,11.85,27.41,35.0,17.97,26.09,0.289,0.372,0.474,0.846,0.185,661395
,,,6,1.35,1,0,0,0.0,1,100.0,0,0,,0.0,0,0.0,0.0,,0.0,,,1.0,,,,661395
ST,Sweeper,BR,1,0.23,0,0,0,,0,,0,0,,0.0,0,0.0,0.0,0.0,0.0,,,,,,,661395
FC,Cutter,FB,383,70.28,91,83,21,23.08,5,5.49,207,52,25.12,13.58,61,15.93,29.5,28.31,56.5,21.0,0.193,0.253,0.289,0.542,0.0959999999999999,661403
SL,Slider,BR,144,26.42,46,45,15,32.61,0,0.0,89,31,34.83,21.53,9,6.25,27.78,40.0,39.55,21.43,0.156,0.152,0.178,0.3299999999999999,0.0219999999999999,661403
SI,Sinker,FB,14,2.57,5,4,0,0.0,0,0.0,9,3,33.33,21.43,2,14.29,35.71,66.67,3.95,0.0,0.5,0.4,0.5,0.9,0.0,661403
,,,4,0.73,1,0,0,0.0,1,100.0,0,0,,0.0,0,0.0,0.0,,0.0,,,1.0,,,,661403
ST,Sweeper,BR,200,39.68,52,49,11,21.15,2,3.85,99,31,31.31,15.5,31,15.5,31.0,37.07,46.05,15.71,0.245,0.288,0.51,0.798,0.265,661527
SI,Sinker,FB,148,29.37,46,39,5,10.87,5,10.87,70,10,14.29,6.76,27,18.24,25.0,28.57,18.42,17.86,0.231,0.333,0.308,0.641,0.0769999999999999,661527
FF,4-Seam Fastball,FB,134,26.59,26,22,9,34.62,3,11.54,56,15,26.79,11.19,34,25.37,36.57,16.98,28.29,20.93,0.136,0.269,0.182,0.451,0.0459999999999999,661527
CH,Changeup,OS,21,4.17,10,9,3,30.0,0,0.0,14,4,28.57,19.05,0,0.0,19.05,41.67,7.24,27.27,0.111,0.2,0.111,0.311,0.0,661527
,,,1,0.2,0,0,0,,0,,0,0,,0.0,0,0.0,0.0,,0.0,,,,,,,661527
FF,4-Seam Fastball,FB,613,43.66,138,120,46,33.33,17,12.32,270,87,32.22,14.19,111,18.11,32.3,24.92,44.02,25.0,0.192,0.297,0.292,0.589,0.0999999999999999,661563
SL,Slider,BR,454,32.34,130,112,33,25.38,17,13.08,209,62,29.67,13.66,64,14.1,27.75,23.55,36.12,21.85,0.152,0.269,0.286,0.5549999999999999,0.1339999999999999,661563
CH,Changeup,OS,336,23.93,66,56,20,30.3,4,6.06,138,37,26.81,11.01,60,17.86,28.87,27.03,19.86,24.1,0.161,0.277,0.357,0.634,0.1959999999999999,661563
,,,1,0.07,0,0,0,,0,,0,0,,0.0,0,0.0,0.0,,0.0,,,,,,,661563
SL,Slider,BR,206,40.87,56,53,22,39.29,2,3.57,114,60,52.63,29.13,20,9.71,38.83,42.96,52.03,28.57,0.17,0.196,0.264,0.46,0.094,662253
FF,4-Seam Fastball,FB,149,29.56,36,31,9,25.0,3,8.33,70,21,30.0,14.09,35,23.49,37.58,33.78,29.05,20.93,0.161,0.278,0.29,0.5680000000000001,0.1289999999999999,662253
SI,Sinker,FB,145,28.77,30,27,10,33.33,3,10.0,53,26,49.06,17.93,26,17.93,35.86,22.99,18.92,35.71,0.111,0.2,0.111,0.311,0.0,662253
,,,4,0.79,1,0,0,0.0,1,100.0,0,0,,0.0,0,0.0,0.0,,0.0,,,1.0,,,,662253
FF,4-Seam Fastball,FB,272,63.4,79,78,15,18.99,0,0.0,166,33,19.88,12.13,40,14.71,26.84,41.44,75.0,17.86,0.282,0.282,0.41,0.692,0.128,663158
SI,Sinker,FB,123,28.67,46,43,1,2.17,2,4.35,67,5,7.46,4.07,14,11.38,15.45,19.23,14.29,6.25,0.256,0.283,0.302,0.585,0.0459999999999999,663158
CH,Changeup,OS,26,6.06,5,5,2,40.0,0,0.0,8,4,50.0,15.38,1,3.85,19.23,15.79,9.82,18.18,0.2,0.2,0.8,1.0,0.6000000000000001,663158
FC,Cutter,FB,4,0.93,1,1,0,0.0,0,0.0,2,1,50.0,25.0,0,0.0,25.0,33.33,0.0,,1.0,1.0,1.0,2.0,0.0,663158
,,,4,0.93,1,0,0,0.0,1,100.0,0,0,,0.0,0,0.0,0.0,,0.89,0.0,,1.0,,,,663158
SL,Slider,BR,35,56.45,9,9,2,22.22,0,0.0,17,5,29.41,14.29,6,17.14,31.43,31.58,86.67,15.38,0.222,0.222,0.889,1.111,0.667,663321
FF,4-Seam Fastball,FB,26,41.94,6,4,0,0.0,1,16.67,12,4,33.33,15.38,3,11.54,26.92,33.33,13.33,0.0,0.25,0.4,0.25,0.65,0.0,663321
,,,1,1.61,0,0,0,,0,,0,0,,0.0,0,0.0,0.0,,0.0,,,,,,,663321
KN,Knuckleball,,406,34.55,94,85,29,30.85,2,2.13,186,57,30.65,14.04,55,13.55,27.59,25.45,41.27,18.59,0.247,0.309,0.447,0.756,0.2,663362
SI,Sinker,FB,273,23.23,79,74,9,11.39,5,6.33,125,7,5.6,2.56,71,26.01,28.57,15.84,15.87,15.0,0.311,0.354,0.351,0.705,0.0399999999999999,663362
ST,Sweeper,BR,233,19.83,55,50,8,14.55,4,7.27,102,25,24.51,10.73,42,18.03,28.76,24.6,17.46,12.12,0.18,0.236,0.38,0.616,0.2,663362
FF,4-Seam Fastball,FB,193,16.43,52,49,17,32.69,2,3.85,104,30,28.85,15.54,33,17.1,32.64,34.07,20.9,21.52,0.245,0.288,0.51,0.798,0.265,663362
FC,Cutter,FB,70,5.96,22,21,3,13.64,1,4.55,41,9,21.95,12.86,14,20.0,32.86,40.0,4.5,17.65,0.238,0.273,0.238,0.511,0.0,663362
FF,4-Seam Fastball,FB,365,29.82,102,96,24,23.53,5,4.9,185,39,21.08,10.68,71,19.45,30.14,29.33,29.52,24.49,0.26,0.297,0.458,0.755,0.198,663372
SI,Sinker,FB,296,24.18,85,71,12,14.12,11,12.94,139,27,19.42,9.12,53,17.91,27.03,21.21,17.47,20.69,0.268,0.388,0.352,0.74,0.0839999999999999,663372
SL,Slider,BR,290,23.69,61,56,8,13.11,3,4.92,110,26,23.64,8.97,64,22.07,31.03,15.44,16.87,14.29,0.321,0.344,0.393,0.737,0.072,663372
ST,Sweeper,BR,128,10.46,33,32,11,33.33,1,3.03,59,21,35.59,16.41,14,10.94,27.34,31.17,14.16,23.4,0.156,0.182,0.375,0.5569999999999999,0.219,663372
CU,Curveball,BR,102,8.33,35,34,12,34.29,1,2.86,57,16,28.07,15.69,11,10.78,26.47,43.4,15.36,23.53,0.176,0.2,0.235,0.435,0.059,663372
CH,Changeup,OS,43,3.51,14,12,4,28.57,2,14.29,22,10,45.45,23.26,1,2.33,25.58,33.33,6.63,18.18,0.333,0.429,0.417,0.846,0.0839999999999999,663372
ST,Sweeper,BR,240,39.6,72,68,20,27.78,3,4.17,125,39,31.2,16.25,38,15.83,32.08,32.54,50.26,20.83,0.147,0.183,0.191,0.374,0.044,663423
SL,Slider,BR,124,20.46,32,26,6,18.75,3,9.38,56,16,28.57,12.9,23,18.55,31.45,22.06,15.18,17.24,0.231,0.3,0.346,0.6459999999999999,0.1149999999999999,663423
FF,4-Seam Fastball,FB,106,17.49,26,22,8,30.77,2,7.69,57,21,36.84,19.81,18,16.98,36.79,19.44,16.23,25.81,0.364,0.44,0.727,1.167,0.363,663423
SI,Sinker,FB,105,17.33,27,21,3,11.11,3,11.11,53,14,26.42,13.33,20,19.05,32.38,32.61,7.85,20.0,0.286,0.444,0.571,1.015,0.285,663423
CU,Curveball,BR,24,3.96,5,5,1,20.0,0,0.0,7,2,28.57,8.33,1,4.17,12.5,5.88,8.38,6.25,0.2,0.2,0.4,0.6000000000000001,0.2,663423
FC,Cutter,FB,4,0.66,0,0,0,,0,,2,1,50.0,25.0,1,25.0,50.0,50.0,0.52,0.0,,,,,,663423
CH,Changeup,OS,3,0.5,1,1,1,100.0,0,0.0,1,0,0.0,0.0,1,33.33,33.33,,1.57,33.33,0.0,0.0,0.0,0.0,0.0,663423
FF,4-Seam Fastball,FB,366,68.41,103,89,15,14.56,10,9.71,188,35,18.62,9.56,63,17.21,26.78,29.56,60.69,14.29,0.281,0.363,0.528,0.891,0.247,663432
SL,Slider,BR,167,31.21,31,31,12,38.71,0,0.0,69,33,47.83,19.76,9,5.39,25.15,27.87,39.31,17.65,0.161,0.161,0.161,0.322,0.0,663432
CH,Changeup,OS,2,0.37,0,0,0,,0,,0,0,,0.0,0,0.0,0.0,0.0,0.0,,,,,,,663432
ST,Sweeper,BR,182,41.18,45,41,14,31.11,4,8.89,102,42,41.18,23.08,15,8.24,31.32,40.0,51.06,19.44,0.122,0.2,0.293,0.493,0.1709999999999999,663436
FF,4-Seam Fastball,FB,121,27.38,19,16,5,26.32,2,10.53,49,13,26.53,10.74,23,19.01,29.75,19.7,21.99,16.13,0.375,0.474,0.562,1.036,0.187,663436
CH,Changeup,OS,66,14.93,17,16,2,11.76,1,5.88,29,8,27.59,12.12,7,10.61,22.73,26.32,18.44,7.69,0.562,0.588,0.562,1.15,0.0,663436
SL,Slider,BR,64,14.48,22,17,1,4.55,5,22.73,39,11,28.21,17.19,10,15.62,32.81,34.78,7.8,9.09,0.176,0.364,0.353,0.717,0.177,663436
CU,Curveball,BR,9,2.04,1,1,0,0.0,0,0.0,1,0,0.0,0.0,2,22.22,22.22,0.0,0.71,0.0,1.0,1.0,1.0,2.0,0.0,663436
FF,4-Seam Fastball,FB,130,42.21,23,22,13,56.52,1,4.35,60,19,31.67,14.62,31,23.85,38.46,22.45,43.4,28.26,0.136,0.174,0.273,0.447,0.137,663460
ST,Sweeper,BR,95,30.84,21,20,5,23.81,0,0.0,47,15,31.91,15.79,18,18.95,34.74,34.78,29.25,16.13,0.3,0.3,0.35,0.6499999999999999,0.0499999999999999,663460
CH,Changeup,OS,73,23.7,29,28,7,24.14,1,3.45,43,14,32.56,19.18,7,9.59,28.77,51.06,26.42,25.0,0.179,0.207,0.286,0.493,0.1069999999999999,663460
,,,9,2.92,3,0,0,0.0,3,100.0,0,0,,0.0,0,0.0,0.0,,0.0,,,1.0,,,,663460
SL,Slider,BR,1,0.32,0,0,0,,0,,0,0,,0.0,0,0.0,0.0,0.0,0.94,0.0,,,,,,663460
SL,Slider,BR,28,51.85,8,7,0,0.0,1,12.5,15,3,20.0,10.71,2,7.14,17.86,33.33,54.55,0.0,0.286,0.375,0.429,0.804,0.143,663462
ST,Sweeper,BR,14,25.93,6,6,1,16.67,0,0.0,9,2,22.22,14.29,2,14.29,28.57,57.14,18.18,50.0,0.5,0.5,1.0,1.5,0.5,663462
FF,4-Seam Fastball,FB,10,18.52,3,3,2,66.67,0,0.0,3,2,66.67,20.0,3,30.0,50.0,0.0,27.27,66.67,0.333,0.333,0.333,0.666,0.0,663462
SI,Sinker,FB,2,3.7,1,1,0,0.0,0,0.0,1,0,0.0,0.0,0,0.0,0.0,50.0,0.0,,0.0,0.0,0.0,0.0,0.0,663462
FF,4-Seam Fastball,FB,140,41.06,32,28,5,15.62,4,12.5,57,10,17.54,7.14,31,22.14,29.29,7.41,38.78,13.16,0.393,0.469,0.786,1.255,0.393,663465
CH,Changeup,OS,99,29.03,35,34,5,14.29,1,2.86,58,13,22.41,13.13,10,10.1,23.23,42.37,36.73,13.89,0.294,0.314,0.353,0.667,0.059,663465
FC,Cutter,FB,51,14.96,12,10,2,16.67,2,16.67,30,10,33.33,19.61,5,9.8,29.41,44.83,9.18,22.22,0.4,0.5,0.7,1.2,0.2999999999999999,663465
CU,Curveball,BR,47,13.78,14,14,5,35.71,0,0.0,21,5,23.81,10.64,7,14.89,25.53,20.0,14.29,35.71,0.143,0.143,0.357,0.5,0.214,663465
SI,Sinker,FB,4,1.17,1,1,0,0.0,0,0.0,1,0,0.0,0.0,2,50.0,50.0,0.0,1.02,0.0,1.0,1.0,1.0,2.0,0.0,663465
FF,4-Seam Fastball,FB,338,49.63,95,70,14,14.74,24,25.26,144,21,14.58,6.21,59,17.46,23.67,16.77,36.36,20.59,0.329,0.505,0.7,1.205,0.3709999999999999,663474
SL,Slider,BR,183,26.87,30,28,5,16.67,1,3.33,70,24,34.29,13.11,23,12.57,25.68,23.93,18.72,14.29,0.179,0.207,0.179,0.386,0.0,663474
CU,Curveball,BR,158,23.2,49,45,25,51.02,4,8.16,78,35,44.87,22.15,19,12.03,34.18,32.97,44.92,29.76,0.178,0.245,0.4,0.645,0.222,663474
,,,2,0.29,1,0,0,0.0,1,100.0,0,0,,0.0,0,0.0,0.0,,0.0,,,1.0,,,,663474
FF,4-Seam Fastball,FB,186,28.53,53,50,23,43.4,2,3.77,104,37,35.58,19.89,32,17.2,37.1,29.58,35.71,30.67,0.06,0.113,0.14,0.253,0.08,663485
FC,Cutter,FB,179,27.45,40,35,13,32.5,2,5.0,95,38,40.0,21.23,28,15.64,36.87,31.33,18.57,33.33,0.2,0.231,0.2,0.431,0.0,663485
SI,Sinker,FB,115,17.64,30,28,1,3.33,1,3.33,55,1,1.82,0.87,24,20.87,21.74,32.08,3.33,14.29,0.286,0.333,0.5,0.833,0.214,663485
CU,Curveball,BR,108,16.56,30,29,9,30.0,0,0.0,55,16,29.09,14.81,19,17.59,32.41,43.55,21.43,20.0,0.31,0.3,0.414,0.714,0.1039999999999999,663485
FS,Split-Finger,OS,64,9.82,20,19,6,30.0,0,0.0,37,9,24.32,14.06,0,0.0,14.06,41.86,20.95,13.64,0.211,0.25,0.316,0.5660000000000001,0.105,663485
FS,Split-Finger,OS,98,31.11,31,30,9,29.03,1,3.23,49,12,24.49,12.24,5,5.1,17.35,26.67,44.71,23.68,0.133,0.161,0.133,0.294,0.0,663531
FC,Cutter,FB,95,30.16,20,16,3,15.0,3,15.0,45,11,24.44,11.58,12,12.63,24.21,18.75,18.82,18.75,0.25,0.4,0.312,0.712,0.062,663531
FF,4-Seam Fastball,FB,66,20.95,13,11,2,15.38,2,15.38,30,3,10.0,4.55,11,16.67,21.21,14.29,25.88,9.09,0.455,0.538,0.818,1.356,0.3629999999999999,663531
SI,Sinker,FB,30,9.52,11,11,0,0.0,0,0.0,14,0,0.0,0.0,6,20.0,20.0,23.08,0.0,,0.364,0.364,0.727,1.091,0.363,663531
ST,Sweeper,BR,21,6.67,5,3,0,0.0,2,40.0,12,1,8.33,4.76,1,4.76,9.52,27.27,10.59,0.0,0.333,0.6,0.333,0.933,0.0,663531
CU,Curveball,BR,5,1.59,1,1,0,0.0,0,0.0,3,0,0.0,0.0,1,20.0,20.0,0.0,0.0,,0.0,0.0,0.0,0.0,0.0,663531
FF,4-Seam Fastball,FB,329,52.72,81,74,15,18.52,6,7.41,186,33,17.74,10.03,60,18.24,28.27,29.84,50.0,13.64,0.149,0.21,0.297,0.507,0.148,663542
FC,Cutter,FB,155,24.84,28,27,4,14.29,1,3.57,67,15,22.39,9.68,33,21.29,30.97,21.92,14.09,12.9,0.296,0.321,0.667,0.988,0.371,663542
ST,Sweeper,BR,138,22.12,43,39,22,51.16,2,4.65,59,20,33.9,14.49,23,16.67,31.16,29.11,35.45,28.21,0.026,0.116,0.051,0.167,0.0249999999999999,663542
,,,2,0.32,0,0,0,,0,,0,0,,0.0,0,0.0,0.0,,0.45,0.0,,,,,,663542
SI,Sinker,FB,400,60.24,111,105,15,13.51,4,3.6,165,19,11.52,4.75,137,34.25,39.0,24.2,40.72,18.99,0.343,0.378,0.371,0.749,0.0279999999999999,663546
KC,Knuckle Curve,BR,261,39.31,72,69,29,40.28,2,2.78,127,58,45.67,22.22,30,11.49,33.72,34.15,58.76,25.44,0.203,0.222,0.29,0.512,0.0869999999999999,663546
FC,Cutter,FB,3,0.45,1,1,1,100.0,0,0.0,2,1,50.0,33.33,0,0.0,33.33,50.0,0.52,100.0,0.0,0.0,0.0,0.0,0.0,663546
FF,4-Seam Fastball,FB,302,35.03,88,84,20,22.73,4,4.55,180,41,22.78,13.58,44,14.57,28.15,36.15,39.66,17.09,0.25,0.284,0.298,0.582,0.0479999999999999,663554
SL,Slider,BR,264,30.63,65,58,9,13.85,7,10.77,116,21,18.1,7.95,43,16.29,24.24,23.65,33.56,9.09,0.345,0.415,0.586,1.001,0.241,663554
SI,Sinker,FB,149,17.29,46,44,1,2.17,2,4.35,91,7,7.69,4.7,22,14.77,19.46,33.33,8.14,4.17,0.318,0.348,0.364,0.712,0.0459999999999999,663554
FS,Split-Finger,OS,81,9.4,13,13,3,23.08,0,0.0,43,12,27.91,14.81,3,3.7,18.52,25.53,9.83,10.34,0.462,0.462,0.923,1.385,0.461,663554
KC,Knuckle Curve,BR,45,5.22,8,8,0,0.0,0,0.0,13,3,23.08,6.67,5,11.11,17.78,18.18,6.78,0.0,0.375,0.375,0.875,1.25,0.5,663554
FC,Cutter,FB,15,1.74,4,4,0,0.0,0,0.0,6,1,16.67,6.67,5,33.33,40.0,33.33,1.02,0.0,0.25,0.25,0.5,0.75,0.25,663554
SV,Slurve,BR,6,0.7,2,2,0,0.0,0,0.0,5,2,40.0,33.33,0,0.0,33.33,66.67,1.02,0.0,0.0,0.0,0.0,0.0,0.0,663554
FF,4-Seam Fastball,FB,861,51.1,261,229,45,17.24,23,8.81,451,74,16.41,8.59,135,15.68,24.27,28.23,54.55,17.86,0.236,0.3,0.376,0.6759999999999999,0.14,663559
SL,Slider,BR,326,19.35,74,68,19,25.68,5,6.76,176,46,26.14,14.11,21,6.44,20.55,31.02,21.0,19.59,0.235,0.288,0.309,0.597,0.074,663559
CU,Curveball,BR,273,16.2,58,52,9,15.52,4,6.9,94,18,19.15,6.59,75,27.47,34.07,20.0,11.04,17.65,0.327,0.375,0.654,1.029,0.327,663559
SI,Sinker,FB,212,12.58,68,60,5,7.35,7,10.29,110,18,16.36,8.49,45,21.23,29.72,28.21,12.99,8.33,0.283,0.358,0.483,0.841,0.2,663559
FS,Split-Finger,OS,11,0.65,3,3,0,0.0,0,0.0,7,1,14.29,9.09,1,9.09,18.18,0.0,0.22,0.0,0.333,0.333,1.333,1.666,1.0,663559
,,,2,0.12,0,0,0,,0,,0,0,,0.0,0,0.0,0.0,,0.22,0.0,,,,,,663559
SI,Sinker,FB,84,43.08,28,27,2,7.14,1,3.57,46,1,2.17,1.19,18,21.43,22.62,32.26,29.41,13.33,0.481,0.5,0.519,1.019,0.038,663562
ST,Sweeper,BR,53,27.18,12,12,4,33.33,0,0.0,24,7,29.17,13.21,6,11.32,24.53,32.35,43.14,18.18,0.25,0.25,0.25,0.5,0.0,663562
FC,Cutter,FB,39,20.0,7,5,1,14.29,1,14.29,23,8,34.78,20.51,3,7.69,28.21,23.53,11.76,16.67,0.4,0.5,1.2,1.7,0.7999999999999999,663562
FF,4-Seam Fastball,FB,8,4.1,4,3,1,25.0,1,25.0,2,0,0.0,0.0,2,25.0,25.0,0.0,5.88,33.33,0.333,0.5,0.667,1.167,0.334,663562
CU,Curveball,BR,8,4.1,3,3,0,0.0,0,0.0,6,2,33.33,25.0,0,0.0,25.0,50.0,9.8,0.0,0.333,0.333,1.333,1.666,1.0,663562
CH,Changeup,OS,2,1.03,1,1,0,0.0,0,0.0,1,0,0.0,0.0,1,50.0,50.0,,0.0,,1.0,1.0,1.0,2.0,0.0,663562
SC,Screwball,,1,0.51,0,0,0,,0,,0,0,,0.0,0,0.0,0.0,0.0,0.0,,,,,,,663562
FF,4-Seam Fastball,FB,203,35.0,53,45,4,7.55,7,13.21,98,8,8.16,3.94,44,21.67,25.62,21.25,29.31,7.84,0.311,0.396,0.511,0.907,0.2,663567
SL,Slider,BR,176,30.34,53,47,7,13.21,5,9.43,91,16,17.58,9.09,28,15.91,25.0,18.67,18.39,21.88,0.319,0.385,0.447,0.8320000000000001,0.128,663567
SV,Slurve,BR,102,17.59,27,25,8,29.63,2,7.41,35,10,28.57,9.8,16,15.69,25.49,24.29,29.31,15.69,0.32,0.37,0.48,0.85,0.1599999999999999,663567
CH,Changeup,OS,52,8.97,14,13,7,50.0,1,7.14,25,10,40.0,19.23,3,5.77,25.0,36.84,14.37,28.0,0.231,0.286,0.462,0.748,0.231,663567
SI,Sinker,FB,23,3.97,6,5,0,0.0,0,0.0,11,0,0.0,0.0,5,21.74,21.74,20.0,2.87,0.0,0.2,0.333,0.2,0.533,0.0,663567
CU,Curveball,BR,15,2.59,3,3,1,33.33,0,0.0,7,1,14.29,6.67,1,6.67,13.33,36.36,5.75,10.0,0.0,0.0,0.0,0.0,0.0,663567
FC,Cutter,FB,9,1.55,1,1,0,0.0,0,0.0,5,2,40.0,22.22,1,11.11,33.33,40.0,0.0,,1.0,1.0,1.0,2.0,0.0,663567
SI,Sinker,FB,219,47.0,56,49,6,10.71,5,8.93,105,22,20.95,10.05,50,22.83,32.88,21.95,30.61,13.33,0.347,0.418,0.408,0.826,0.061,663568
ST,Sweeper,BR,74,15.88,22,20,4,18.18,2,9.09,30,7,23.33,9.46,8,10.81,20.27,18.6,18.37,14.81,0.4,0.455,0.85,1.305,0.4499999999999999,663568
FC,Cutter,FB,63,13.52,15,15,3,20.0,0,0.0,33,9,27.27,14.29,9,14.29,28.57,23.08,12.24,16.67,0.333,0.333,0.6,0.933,0.2669999999999999,663568
SL,Slider,BR,58,12.45,19,19,5,26.32,0,0.0,28,8,28.57,13.79,7,12.07,25.86,40.54,17.69,19.23,0.316,0.316,0.474,0.79,0.1579999999999999,663568
FF,4-Seam Fastball,FB,50,10.73,7,7,6,85.71,0,0.0,31,10,32.26,20.0,3,6.0,26.0,34.78,20.41,20.0,0.0,0.0,0.0,0.0,0.0,663568
CH,Changeup,OS,1,0.21,0,0,0,,0,,1,0,0.0,0.0,0,0.0,0.0,100.0,0.68,0.0,,,,,,663568
,,,1,0.21,0,0,0,,0,,0,0,,0.0,0,0.0,0.0,,0.0,,,,,,,663568
FF,4-Seam Fastball,FB,182,57.05,46,41,21,45.65,5,10.87,97,38,39.18,20.88,30,16.48,37.36,29.49,64.65,32.81,0.22,0.304,0.537,0.841,0.317,663574
SL,Slider,BR,82,25.71,16,15,6,37.5,1,6.25,33,16,48.48,19.51,12,14.63,34.15,25.49,18.18,33.33,0.067,0.125,0.067,0.192,0.0,663574
SV,Slurve,BR,52,16.3,12,11,3,25.0,1,8.33,20,1,5.0,1.92,13,25.0,26.92,19.23,17.17,17.65,0.273,0.333,0.364,0.6970000000000001,0.0909999999999999,663574
CH,Changeup,OS,2,0.63,0,0,0,,0,,0,0,,0.0,0,0.0,0.0,0.0,0.0,,,,,,,663574
,,,1,0.31,0,0,0,,0,,0,0,,0.0,0,0.0,0.0,,0.0,,,,,,,663574
SI,Sinker,FB,535,36.57,152,140,18,11.84,11,7.24,263,35,13.31,6.54,125,23.36,29.91,30.89,23.99,14.16,0.307,0.362,0.429,0.7909999999999999,0.122,663623
FF,4-Seam Fastball,FB,458,31.31,99,94,36,36.36,5,5.05,209,60,28.71,13.1,56,12.23,25.33,24.32,42.46,18.0,0.16,0.202,0.266,0.468,0.106,663623
CU,Curveball,BR,437,29.87,116,112,22,18.97,3,2.59,218,50,22.94,11.44,83,18.99,30.43,34.65,29.94,15.6,0.223,0.25,0.455,0.7050000000000001,0.232,663623
CH,Changeup,OS,15,1.03,2,2,1,50.0,0,0.0,6,1,16.67,6.67,2,13.33,20.0,0.0,1.06,20.0,0.0,0.0,0.0,0.0,0.0,663623
FC,Cutter,FB,9,0.62,0,0,0,,0,,4,0,0.0,0.0,0,0.0,0.0,16.67,1.27,0.0,,,,,,663623
SL,Slider,BR,9,0.62,2,2,1,50.0,0,0.0,4,1,25.0,11.11,1,11.11,22.22,20.0,1.27,16.67,0.5,0.5,2.0,2.5,1.5,663623
FF,4-Seam Fastball,FB,498,55.27,130,110,19,14.62,17,13.08,247,46,18.62,9.24,88,17.67,26.91,23.96,54.02,13.48,0.282,0.385,0.436,0.821,0.154,663687
CH,Changeup,OS,197,21.86,43,39,4,9.3,2,4.65,76,19,25.0,9.64,35,17.77,27.41,25.64,14.18,8.11,0.154,0.195,0.179,0.374,0.0249999999999999,663687
CU,Curveball,BR,134,14.87,34,34,15,44.12,0,0.0,59,18,30.51,13.43,28,20.9,34.33,30.88,19.54,29.41,0.176,0.176,0.206,0.382,0.03,663687
ST,Sweeper,BR,69,7.66,25,22,5,20.0,1,4.0,38,7,18.42,10.14,6,8.7,18.84,31.43,11.49,16.67,0.273,0.333,0.545,0.8780000000000001,0.272,663687
FC,Cutter,FB,2,0.22,1,1,0,0.0,0,0.0,1,0,0.0,0.0,0,0.0,0.0,0.0,0.38,0.0,0.0,0.0,0.0,0.0,0.0,663687
SI,Sinker,FB,1,0.11,0,0,0,,0,,1,0,0.0,0.0,0,0.0,0.0,,0.38,0.0,,,,,,663687
SI,Sinker,FB,213,44.94,67,61,4,5.97,4,5.97,100,11,11.0,5.16,45,21.13,26.29,20.69,29.13,10.81,0.328,0.379,0.508,0.887,0.18,663704
SL,Slider,BR,147,31.01,35,31,6,17.14,2,5.71,77,37,48.05,25.17,24,16.33,41.5,40.96,24.41,19.35,0.258,0.294,0.387,0.681,0.129,663704
CU,Curveball,BR,99,20.89,27,27,12,44.44,0,0.0,43,16,37.21,16.16,14,14.14,30.3,35.38,42.52,22.22,0.333,0.333,0.519,0.8520000000000001,0.186,663704
FF,4-Seam Fastball,FB,11,2.32,4,4,3,75.0,0,0.0,5,3,60.0,27.27,1,9.09,36.36,16.67,3.94,60.0,0.0,0.0,0.0,0.0,0.0,663704
,,,4,0.84,1,0,0,0.0,1,100.0,0,0,,0.0,0,0.0,0.0,,0.0,,,1.0,,,,663704
FF,4-Seam Fastball,FB,171,39.13,58,53,7,12.07,5,8.62,84,14,16.67,8.19,30,17.54,25.73,22.86,34.86,18.42,0.226,0.293,0.528,0.821,0.302,663738
CH,Changeup,OS,128,29.29,36,34,8,22.22,2,5.56,65,21,32.31,16.41,20,15.62,32.03,32.81,32.11,22.86,0.235,0.278,0.324,0.6020000000000001,0.089,663738
SL,Slider,BR,77,17.62,17,12,6,35.29,2,11.76,32,16,50.0,20.78,11,14.29,35.06,27.45,24.77,22.22,0.167,0.412,0.5,0.912,0.3329999999999999,663738
KC,Knuckle Curve,BR,38,8.7,6,5,2,33.33,1,16.67,12,4,33.33,10.53,12,31.58,42.11,20.0,2.75,66.67,0.2,0.333,0.4,0.7330000000000001,0.2,663738
SI,Sinker,FB,20,4.58,7,6,2,28.57,1,14.29,5,0,0.0,0.0,8,40.0,40.0,0.0,4.59,40.0,0.167,0.286,0.167,0.4529999999999999,0.0,663738
FC,Cutter,FB,3,0.69,0,0,0,,0,,1,0,0.0,0.0,1,33.33,33.33,0.0,0.92,0.0,,,,,,663738
SI,Sinker,FB,132,42.86,34,31,3,8.82,2,5.88,46,2,4.35,1.52,31,23.48,25.0,13.79,33.73,10.71,0.419,0.471,0.613,1.084,0.194,663765
ST,Sweeper,BR,113,36.69,37,35,9,24.32,1,2.7,63,17,26.98,15.04,13,11.5,26.55,38.1,55.42,19.57,0.2,0.243,0.257,0.5,0.0569999999999999,663765
FC,Cutter,FB,56,18.18,13,12,1,7.69,1,7.69,24,5,20.83,8.93,11,19.64,28.57,13.79,7.23,16.67,0.333,0.385,0.5,0.885,0.1669999999999999,663765
FF,4-Seam Fastball,FB,7,2.27,2,1,0,0.0,0,0.0,3,0,0.0,0.0,0,0.0,0.0,33.33,3.61,0.0,0.0,0.0,0.0,0.0,0.0,663765
ST,Sweeper,BR,26,43.33,7,7,4,57.14,0,0.0,9,3,33.33,11.54,5,19.23,30.77,27.78,60.0,33.33,0.286,0.286,0.286,0.572,0.0,663767
SI,Sinker,FB,25,41.67,5,4,0,0.0,1,20.0,15,0,0.0,0.0,5,20.0,20.0,60.0,15.0,0.0,0.0,0.2,0.0,0.2,0.0,663767
FF,4-Seam Fastball,FB,7,11.67,3,2,1,33.33,1,33.33,5,1,20.0,14.29,0,0.0,14.29,33.33,25.0,20.0,0.5,0.667,0.5,1.167,0.0,663767
FC,Cutter,FB,2,3.33,0,0,0,,0,,1,0,0.0,0.0,0,0.0,0.0,50.0,0.0,,,,,,,663767
SI,Sinker,FB,277,54.0,82,75,7,8.54,7,8.54,132,12,9.09,4.33,72,25.99,30.32,28.28,34.18,12.96,0.307,0.366,0.44,0.806,0.133,663773
SL,Slider,BR,134,26.12,21,21,5,23.81,0,0.0,40,8,20.0,5.97,29,21.64,27.61,20.73,27.85,11.36,0.333,0.333,0.381,0.714,0.0479999999999999,663773
FS,Split-Finger,OS,73,14.23,23,23,13,56.52,0,0.0,47,23,48.94,31.51,4,5.48,36.99,47.73,27.22,30.23,0.13,0.13,0.261,0.391,0.131,663773
FF,4-Seam Fastball,FB,29,5.65,11,10,1,9.09,1,9.09,16,4,25.0,13.79,0,0.0,13.79,26.67,10.76,5.88,0.1,0.182,0.2,0.382,0.1,663773
CH,Changeup,OS,396,32.35,110,103,33,30.0,6,5.45,206,78,37.86,19.7,40,10.1,29.8,37.71,44.7,21.15,0.214,0.255,0.301,0.556,0.087,663776
SL,Slider,BR,284,23.2,73,69,14,19.18,4,5.48,142,34,23.94,11.97,49,17.25,29.23,28.33,22.92,17.5,0.275,0.315,0.42,0.735,0.1449999999999999,663776
FF,4-Seam Fastball,FB,209,17.08,45,38,5,11.11,7,15.56,91,14,15.38,6.7,27,12.92,19.62,13.73,15.76,9.09,0.421,0.511,0.579,1.09,0.1579999999999999,663776
SI,Sinker,FB,192,15.69,39,37,7,17.95,2,5.13,87,14,16.09,7.29,42,21.88,29.17,19.48,6.59,30.43,0.432,0.462,0.622,1.084,0.19,663776
CU,Curveball,BR,123,10.05,23,17,4,17.39,5,21.74,39,12,30.77,9.76,36,29.27,39.02,18.18,7.45,15.38,0.118,0.304,0.118,0.422,0.0,663776
ST,Sweeper,BR,15,1.23,6,5,1,16.67,1,16.67,7,0,0.0,0.0,3,20.0,20.0,33.33,2.29,12.5,0.4,0.5,1.2,1.7,0.7999999999999999,663776
,,,5,0.41,2,1,1,50.0,1,50.0,0,0,,0.0,0,0.0,0.0,,0.29,100.0,0.0,0.5,0.0,0.5,0.0,663776
SI,Sinker,FB,583,55.63,149,137,20,13.42,9,6.04,258,32,12.4,5.49,155,26.59,32.08,20.81,30.9,18.87,0.27,0.322,0.394,0.716,0.124,663855
ST,Sweeper,BR,301,28.72,57,53,17,29.82,4,7.02,122,47,38.52,15.61,39,12.96,28.57,26.9,37.03,13.39,0.151,0.211,0.321,0.532,0.17,663855
FS,Split-Finger,OS,142,13.55,45,44,19,42.22,1,2.22,79,32,40.51,22.54,7,4.93,27.46,36.05,25.66,21.59,0.25,0.267,0.455,0.722,0.205,663855
FF,4-Seam Fastball,FB,22,2.1,7,6,3,42.86,1,14.29,7,3,42.86,13.64,0,0.0,13.64,13.33,6.41,13.64,0.5,0.571,1.0,1.571,0.5,663855
SL,Slider,BR,290,51.97,64,60,21,32.81,1,1.56,125,46,36.8,15.86,62,21.38,37.24,23.61,49.44,23.6,0.2,0.203,0.433,0.636,0.2329999999999999,663878
FF,4-Seam Fastball,FB,219,39.25,72,62,15,20.83,8,11.11,125,25,20.0,11.42,30,13.7,25.11,33.66,38.89,21.43,0.29,0.375,0.484,0.859,0.194,663878
CU,Curveball,BR,31,5.56,5,5,3,60.0,0,0.0,10,5,50.0,16.13,4,12.9,29.03,26.32,10.56,15.79,0.2,0.2,0.2,0.4,0.0,663878
SI,Sinker,FB,18,3.23,11,10,0,0.0,0,0.0,13,0,0.0,0.0,2,11.11,11.11,66.67,1.11,0.0,0.4,0.455,1.1,1.5550000000000002,0.7000000000000001,663878
SI,Sinker,FB,172,47.12,49,43,3,6.12,5,10.2,77,15,19.48,8.72,31,18.02,26.74,20.0,26.97,12.5,0.349,0.417,0.651,1.068,0.302,663893
KC,Knuckle Curve,BR,120,32.88,27,26,11,40.74,1,3.7,54,23,42.59,19.17,6,5.0,24.17,33.71,61.8,20.0,0.154,0.185,0.269,0.454,0.115,663893
FC,Cutter,FB,64,17.53,22,19,2,9.09,3,13.64,39,11,28.21,17.19,5,7.81,25.0,38.71,11.24,10.0,0.263,0.364,0.632,0.996,0.369,663893
,,,9,2.47,2,0,0,0.0,2,100.0,0,0,,0.0,0,0.0,0.0,,0.0,,,1.0,,,,663893
EP,Eephus,,26,83.87,9,8,0,0.0,0,0.0,14,2,14.29,7.69,4,15.38,23.08,47.37,71.43,0.0,0.5,0.556,0.5,1.056,0.0,663897
FA,Other,,5,16.13,2,2,0,0.0,0,0.0,3,0,0.0,0.0,1,20.0,20.0,0.0,28.57,0.0,0.0,0.0,0.0,0.0,0.0,663897
SI,Sinker,FB,621,46.87,151,142,30,19.87,5,3.31,271,30,11.07,4.83,163,26.25,31.08,20.77,33.16,23.02,0.246,0.287,0.373,0.6599999999999999,0.127,663903
SL,Slider,BR,542,40.91,152,142,40,26.32,9,5.92,269,96,35.69,17.71,51,9.41,27.12,33.43,50.53,20.83,0.155,0.205,0.232,0.437,0.077,663903
ST,Sweeper,BR,82,6.19,25,25,5,20.0,0,0.0,50,16,32.0,19.51,1,1.22,20.73,44.83,8.95,14.71,0.32,0.32,0.48,0.8,0.1599999999999999,663903
FF,4-Seam Fastball,FB,77,5.81,14,12,3,21.43,1,7.14,26,9,34.62,11.69,13,16.88,28.57,15.56,6.84,11.54,0.167,0.286,0.167,0.4529999999999999,0.0,663903
CH,Changeup,OS,1,0.08,0,0,0,,0,,0,0,,0.0,1,100.0,100.0,,0.0,,,,,,,663903
PO,Pitch Out,,1,0.08,0,0,0,,0,,0,0,,0.0,0,0.0,0.0,0.0,0.26,0.0,,,,,,663903
,,,1,0.08,1,1,1,100.0,0,0.0,0,0,,0.0,0,0.0,0.0,,0.26,100.0,0.0,0.0,0.0,0.0,0.0,663903
FF,4-Seam Fastball,FB,54,49.09,13,9,2,15.38,2,15.38,23,5,21.74,9.26,16,29.63,38.89,23.81,34.38,18.18,0.111,0.308,0.222,0.53,0.111,663941
ST,Sweeper,BR,35,31.82,10,10,2,20.0,0,0.0,21,6,28.57,17.14,0,0.0,17.14,38.1,53.12,11.76,0.2,0.2,0.5,0.7,0.3,663941
SL,Slider,BR,17,15.45,7,7,0,0.0,0,0.0,11,1,9.09,5.88,3,17.65,23.53,50.0,9.38,0.0,0.571,0.571,0.857,1.428,0.286,663941
CU,Curveball,BR,4,3.64,0,0,0,,0,,1,0,0.0,0.0,0,0.0,0.0,0.0,3.12,0.0,,,,,,663941
FC,Cutter,FB,365,45.17,80,72,20,25.0,6,7.5,162,41,25.31,11.23,83,22.74,33.97,27.43,41.37,19.42,0.194,0.253,0.292,0.5449999999999999,0.0979999999999999,663947
CH,Changeup,OS,250,30.94,77,75,12,15.58,2,2.6,148,43,29.05,17.2,23,9.2,26.4,47.71,29.32,16.44,0.24,0.26,0.333,0.593,0.093,663947
FF,4-Seam Fastball,FB,158,19.55,42,40,12,28.57,2,4.76,72,20,27.78,12.66,27,17.09,29.75,26.92,23.69,20.34,0.05,0.095,0.05,0.145,0.0,663947
CU,Curveball,BR,20,2.48,2,2,1,50.0,0,0.0,7,2,28.57,10.0,3,15.0,25.0,21.43,3.61,11.11,0.0,0.0,0.0,0.0,0.0,663947
SI,Sinker,FB,9,1.11,5,4,1,20.0,1,20.0,4,0,0.0,0.0,2,22.22,22.22,33.33,2.01,20.0,0.5,0.6,2.0,2.6,1.5,663947
,,,5,0.62,1,0,0,0.0,1,100.0,0,0,,0.0,0,0.0,0.0,,0.0,,,1.0,,,,663947
ST,Sweeper,BR,1,0.12,0,0,0,,0,,0,0,,0.0,0,0.0,0.0,0.0,0.0,,,,,,,663947
SI,Sinker,FB,126,42.0,32,29,2,6.25,1,3.12,62,7,11.29,5.56,28,22.22,27.78,28.57,28.75,8.7,0.448,0.469,0.828,1.297,0.3799999999999999,663969
ST,Sweeper,BR,115,38.33,37,34,10,27.03,3,8.11,59,20,33.9,17.39,13,11.3,28.7,31.15,47.5,26.32,0.353,0.405,0.618,1.023,0.265,663969
FF,4-Seam Fastball,FB,40,13.33,13,13,2,15.38,0,0.0,24,5,20.83,12.5,2,5.0,17.5,39.13,10.0,25.0,0.231,0.231,0.462,0.6930000000000001,0.231,663969
CU,Curveball,BR,15,5.0,5,5,1,20.0,0,0.0,9,1,11.11,6.67,2,13.33,20.0,25.0,10.0,12.5,0.2,0.2,0.2,0.4,0.0,663969
FS,Split-Finger,OS,4,1.33,0,0,0,,0,,1,0,0.0,0.0,0,0.0,0.0,25.0,3.75,0.0,,,,,,663969
FF,4-Seam Fastball,FB,335,44.49,95,89,27,28.42,6,6.32,160,40,25.0,11.94,75,22.39,34.33,26.32,43.64,26.21,0.247,0.295,0.326,0.621,0.079,663978
SL,Slider,BR,177,23.51,37,36,8,21.62,1,2.7,82,24,29.27,13.56,23,12.99,26.55,27.0,22.03,15.38,0.222,0.243,0.361,0.604,0.1389999999999999,663978
CH,Changeup,OS,147,19.52,42,40,9,21.43,2,4.76,83,23,27.71,15.65,15,10.2,25.85,30.99,21.61,17.65,0.325,0.357,0.75,1.107,0.425,663978
CU,Curveball,BR,92,12.22,17,17,3,17.65,0,0.0,37,11,29.73,11.96,16,17.39,29.35,32.2,12.29,10.34,0.294,0.294,0.412,0.706,0.118,663978
,,,2,0.27,0,0,0,,0,,0,0,,0.0,0,0.0,0.0,,0.42,0.0,,,,,,663978
FC,Cutter,FB,72,60.0,24,22,1,4.17,2,8.33,37,7,18.92,9.72,11,15.28,25.0,25.81,37.04,10.0,0.273,0.333,0.455,0.788,0.182,663989
CU,Curveball,BR,25,20.83,6,6,2,33.33,0,0.0,14,5,35.71,20.0,4,16.0,36.0,53.33,22.22,33.33,0.167,0.167,0.167,0.334,0.0,663989
SL,Slider,BR,23,19.17,6,5,2,33.33,0,0.0,14,3,21.43,13.04,3,13.04,26.09,45.45,40.74,18.18,0.2,0.167,0.8,0.967,0.6000000000000001,663989
SL,Slider,BR,146,50.87,46,43,9,19.57,2,4.35,84,22,26.19,15.07,19,13.01,28.08,38.03,50.63,22.5,0.233,0.267,0.349,0.616,0.1159999999999999,663992
FF,4-Seam Fastball,FB,89,31.01,22,20,2,9.09,2,9.09,44,10,22.73,11.24,16,17.98,29.21,23.08,29.11,8.7,0.4,0.455,0.6,1.055,0.1999999999999999,663992
SI,Sinker,FB,40,13.94,10,9,1,10.0,1,10.0,10,0,0.0,0.0,13,32.5,32.5,9.52,11.39,11.11,0.333,0.4,0.444,0.8440000000000001,0.1109999999999999,663992
ST,Sweeper,BR,8,2.79,4,4,3,75.0,0,0.0,4,2,50.0,25.0,2,25.0,50.0,50.0,8.86,42.86,0.0,0.0,0.0,0.0,0.0,663992
,,,4,1.39,1,0,0,0.0,1,100.0,0,0,,0.0,0,0.0,0.0,,0.0,,,1.0,,,,663992
FF,4-Seam Fastball,FB,229,32.53,47,36,15,31.91,11,23.4,101,25,24.75,10.92,28,12.23,23.14,14.29,34.74,20.27,0.111,0.319,0.25,0.569,0.139,664076
FC,Cutter,FB,204,28.98,43,38,4,9.3,5,11.63,105,28,26.67,13.73,34,16.67,30.39,33.01,14.08,13.33,0.289,0.372,0.474,0.846,0.185,664076
SL,Slider,BR,165,23.44,59,51,19,32.2,4,6.78,93,33,35.48,20.0,27,16.36,36.36,46.99,28.64,31.15,0.196,0.259,0.314,0.573,0.118,664076
ST,Sweeper,BR,100,14.2,26,22,7,26.92,0,0.0,46,18,39.13,18.0,10,10.0,28.0,34.38,22.07,14.89,0.318,0.423,0.364,0.7869999999999999,0.0459999999999999,664076
SI,Sinker,FB,5,0.71,0,0,0,,0,,0,0,,0.0,0,0.0,0.0,0.0,0.0,,,,,,,664076
,,,1,0.14,1,0,0,0.0,1,100.0,0,0,,0.0,0,0.0,0.0,,0.47,0.0,,1.0,,,,664076
SI,Sinker,FB,62,52.1,15,13,3,20.0,2,13.33,34,6,17.65,9.68,9,14.52,24.19,28.0,53.06,11.54,0.231,0.333,0.308,0.641,0.0769999999999999,664079
FC,Cutter,FB,31,26.05,10,9,1,10.0,1,10.0,15,3,20.0,9.68,6,19.35,29.03,23.08,18.37,11.11,0.444,0.5,0.556,1.056,0.112,664079
ST,Sweeper,BR,18,15.13,2,2,1,50.0,0,0.0,9,4,44.44,22.22,2,11.11,33.33,40.0,18.37,11.11,0.0,0.0,0.0,0.0,0.0,664079
FF,4-Seam Fastball,FB,8,6.72,0,0,0,,0,,2,0,0.0,0.0,1,12.5,12.5,16.67,10.2,0.0,,,,,,664079
SI,Sinker,FB,16,42.11,6,5,1,16.67,1,16.67,9,0,0.0,0.0,3,18.75,18.75,28.57,30.0,33.33,0.2,0.333,0.2,0.533,0.0,664123
ST,Sweeper,BR,16,42.11,3,3,1,33.33,0,0.0,8,2,25.0,12.5,2,12.5,25.0,37.5,40.0,25.0,0.333,0.333,1.333,1.666,1.0,664123
FF,4-Seam Fastball,FB,6,15.79,1,1,0,0.0,0,0.0,2,1,50.0,16.67,1,16.67,33.33,0.0,30.0,0.0,0.0,0.0,0.0,0.0,0.0,664123
FF,4-Seam Fastball,FB,178,51.3,47,41,9,19.15,6,12.77,82,21,25.61,11.8,25,14.04,25.84,18.82,43.27,20.0,0.195,0.298,0.268,0.5660000000000001,0.073,664126
SL,Slider,BR,161,46.4,44,42,14,31.82,1,2.27,77,18,23.38,11.18,39,24.22,35.4,30.77,53.85,25.0,0.167,0.186,0.286,0.472,0.1189999999999999,664126
CH,Changeup,OS,4,1.15,1,1,0,0.0,0,0.0,2,0,0.0,0.0,0,0.0,0.0,33.33,2.88,0.0,0.0,0.0,0.0,0.0,0.0,664126
,,,4,1.15,1,0,0,0.0,1,100.0,0,0,,0.0,0,0.0,0.0,,0.0,,,1.0,,,,664126
FF,4-Seam Fastball,FB,25,32.47,6,4,0,0.0,2,33.33,11,3,27.27,12.0,3,12.0,24.0,15.38,29.17,0.0,0.0,0.333,0.0,0.333,0.0,664129
SL,Slider,BR,21,27.27,7,7,1,14.29,0,0.0,9,2,22.22,9.52,3,14.29,23.81,36.36,25.0,16.67,0.571,0.571,1.429,2.0,0.8580000000000001,664129
FC,Cutter,FB,16,20.78,6,6,2,33.33,0,0.0,11,3,27.27,18.75,3,18.75,37.5,60.0,25.0,33.33,0.167,0.167,0.333,0.5,0.166,664129
SI,Sinker,FB,15,19.48,4,4,1,25.0,0,0.0,10,1,10.0,6.67,3,20.0,26.67,66.67,20.83,20.0,0.5,0.5,0.75,1.25,0.25,664129
FF,4-Seam Fastball,FB,7,46.67,2,2,0,0.0,0,0.0,4,0,0.0,0.0,3,42.86,42.86,100.0,50.0,0.0,0.0,0.0,0.0,0.0,0.0,664139
FC,Cutter,FB,5,33.33,1,1,0,0.0,0,0.0,3,1,33.33,20.0,1,20.0,40.0,50.0,0.0,,0.0,0.0,0.0,0.0,0.0,664139
ST,Sweeper,BR,3,20.0,1,1,0,0.0,0,0.0,1,0,0.0,0.0,0,0.0,0.0,33.33,50.0,0.0,1.0,1.0,1.0,2.0,0.0,664139
SI,Sinker,FB,47,37.3,16,11,2,12.5,5,31.25,16,3,18.75,6.38,10,21.28,27.66,15.0,32.26,20.0,0.273,0.5,0.364,0.864,0.0909999999999999,664192
FF,4-Seam Fastball,FB,42,33.33,12,9,2,16.67,2,16.67,23,4,17.39,9.52,2,4.76,14.29,21.05,35.48,18.18,0.222,0.364,0.333,0.6970000000000001,0.111,664192
CU,Curveball,BR,35,27.78,4,4,1,25.0,0,0.0,13,2,15.38,5.71,4,11.43,17.14,13.64,29.03,11.11,0.0,0.0,0.0,0.0,0.0,664192
FS,Split-Finger,OS,1,0.79,0,0,0,,0,,0,0,,0.0,0,0.0,0.0,0.0,3.23,0.0,,,,,,664192
,,,1,0.79,0,0,0,,0,,0,0,,0.0,0,0.0,0.0,,0.0,,,,,,,664192
FC,Cutter,FB,186,30.79,43,36,9,20.93,4,9.3,92,28,30.43,15.05,29,15.59,30.65,19.32,28.41,18.0,0.139,0.279,0.139,0.418,0.0,664208
ST,Sweeper,BR,162,26.82,40,37,4,10.0,3,7.5,80,19,23.75,11.73,20,12.35,24.07,27.59,16.48,13.79,0.351,0.4,0.649,1.049,0.298,664208
CU,Curveball,BR,137,22.68,43,39,21,48.84,4,9.3,74,33,44.59,24.09,8,5.84,29.93,37.08,46.59,25.61,0.179,0.256,0.282,0.538,0.1029999999999999,664208
SI,Sinker,FB,91,15.07,21,17,2,9.52,1,4.76,36,4,11.11,4.4,30,32.97,37.36,36.36,8.52,13.33,0.235,0.35,0.235,0.585,0.0,664208
SL,Slider,BR,28,4.64,4,3,0,0.0,1,25.0,6,1,16.67,3.57,9,32.14,35.71,13.33,0.0,,0.0,0.25,0.0,0.25,0.0,664208
SI,Sinker,FB,1005,45.79,284,251,28,9.86,27,9.51,395,46,11.65,4.58,272,27.06,31.64,17.05,23.09,20.14,0.267,0.336,0.402,0.738,0.135,664285
CU,Curveball,BR,716,32.62,185,164,80,43.24,15,8.11,336,131,38.99,18.3,87,12.15,30.45,34.25,52.66,25.24,0.122,0.208,0.189,0.397,0.067,664285
CH,Changeup,OS,416,18.95,110,101,21,19.09,8,7.27,221,76,34.39,18.27,30,7.21,25.48,34.94,19.77,17.65,0.238,0.291,0.267,0.558,0.029,664285
SL,Slider,BR,39,1.78,8,8,4,50.0,0,0.0,21,10,47.62,25.64,3,7.69,33.33,30.43,3.99,16.67,0.25,0.25,0.625,0.875,0.375,664285
FF,4-Seam Fastball,FB,13,0.59,2,2,1,50.0,0,0.0,5,2,40.0,15.38,1,7.69,23.08,22.22,0.17,100.0,0.0,0.0,0.0,0.0,0.0,664285
,,,6,0.27,1,1,1,100.0,0,0.0,0,0,,0.0,0,0.0,0.0,,0.33,50.0,0.0,0.0,0.0,0.0,0.0,664285
FF,4-Seam Fastball,FB,124,40.26,24,21,8,33.33,2,8.33,62,20,32.26,16.13,17,13.71,29.84,25.42,37.93,24.24,0.143,0.208,0.238,0.4459999999999999,0.095,664299
ST,Sweeper,BR,115,37.34,33,31,6,18.18,2,6.06,45,11,24.44,9.57,17,14.78,24.35,23.29,37.93,18.18,0.161,0.212,0.226,0.438,0.065,664299
CH,Changeup,OS,67,21.75,18,14,3,16.67,4,22.22,33,11,33.33,16.42,10,14.93,31.34,29.41,24.14,14.29,0.143,0.333,0.357,0.69,0.214,664299
KC,Knuckle Curve,BR,2,0.65,1,1,0,0.0,0,0.0,1,0,0.0,0.0,0,0.0,0.0,,0.0,,1.0,1.0,2.0,3.0,1.0,664299
FC,Cutter,FB,125,44.8,35,33,2,5.71,0,0.0,59,3,5.08,2.4,19,15.2,17.6,25.0,36.76,8.0,0.394,0.412,0.485,0.897,0.0909999999999999,664350
FF,4-Seam Fastball,FB,83,29.75,20,17,4,20.0,2,10.0,38,6,15.79,7.23,18,21.69,28.92,21.88,30.88,19.05,0.235,0.316,0.294,0.61,0.059,664350
CH,Changeup,OS,51,18.28,19,18,5,26.32,1,5.26,28,7,25.0,13.73,10,19.61,33.33,33.33,29.41,20.0,0.167,0.211,0.167,0.378,0.0,664350
SI,Sinker,FB,20,7.17,8,7,0,0.0,0,0.0,10,1,10.0,5.0,7,35.0,40.0,62.5,2.94,0.0,0.571,0.571,1.286,1.857,0.7150000000000001,664350
FF,4-Seam Fastball,FB,29,38.67,7,6,2,28.57,1,14.29,13,4,30.77,13.79,5,17.24,31.03,23.53,22.73,40.0,0.167,0.286,0.167,0.4529999999999999,0.0,664351
SL,Slider,BR,24,32.0,5,5,0,0.0,0,0.0,8,0,0.0,0.0,5,20.83,20.83,15.38,13.64,0.0,0.2,0.2,0.2,0.4,0.0,664351
ST,Sweeper,BR,15,20.0,4,4,2,50.0,0,0.0,11,4,36.36,26.67,1,6.67,33.33,50.0,40.91,22.22,0.5,0.5,1.0,1.5,0.5,664351
CH,Changeup,OS,3,4.0,2,2,1,50.0,0,0.0,3,1,33.33,33.33,0,0.0,33.33,,13.64,33.33,0.5,0.5,0.5,1.0,0.0,664351
CU,Curveball,BR,3,4.0,0,0,0,,0,,1,0,0.0,0.0,1,33.33,33.33,50.0,9.09,0.0,,,,,,664351
SI,Sinker,FB,1,1.33,0,0,0,,0,,0,0,,0.0,0,0.0,0.0,0.0,0.0,,,,,,,664351
FF,4-Seam Fastball,FB,285,57.46,59,44,9,15.25,10,16.95,127,30,23.62,10.53,53,18.6,29.12,18.94,45.77,13.85,0.205,0.397,0.273,0.67,0.068,664747
SL,Slider,BR,211,42.54,70,70,19,27.14,0,0.0,112,35,31.25,16.59,28,13.27,29.86,37.61,54.23,24.68,0.214,0.214,0.329,0.543,0.115,664747
ST,Sweeper,BR,294,66.82,71,67,34,47.89,3,4.23,137,69,50.36,23.47,43,14.63,38.1,37.77,82.84,30.63,0.149,0.197,0.328,0.525,0.179,664776
SI,Sinker,FB,145,32.95,36,25,3,8.33,8,22.22,56,4,7.14,2.76,41,28.28,31.03,26.09,17.16,13.04,0.2,0.444,0.36,0.804,0.1599999999999999,664776
,,,1,0.23,0,0,0,,0,,0,0,,0.0,0,0.0,0.0,,0.0,,,,,,,664776
ST,Sweeper,BR,226,56.22,47,35,18,38.3,5,10.64,89,40,44.94,17.7,50,22.12,39.82,32.17,63.2,22.78,0.143,0.362,0.257,0.619,0.114,664849
SI,Sinker,FB,169,42.04,49,44,8,16.33,4,8.16,69,8,11.59,4.73,39,23.08,27.81,23.53,36.0,17.78,0.25,0.312,0.409,0.721,0.1589999999999999,664849
FC,Cutter,FB,4,1.0,1,1,0,0.0,0,0.0,1,0,0.0,0.0,0,0.0,0.0,0.0,0.8,0.0,1.0,1.0,4.0,5.0,3.0,664849
,,,3,0.75,1,0,0,0.0,1,100.0,0,0,,0.0,0,0.0,0.0,,0.0,,,1.0,,,,664849
SL,Slider,BR,291,56.18,78,75,33,42.31,3,3.85,163,83,50.92,28.52,47,16.15,44.67,43.62,65.77,33.67,0.173,0.205,0.2,0.405,0.027,664854
FF,4-Seam Fastball,FB,202,39.0,59,49,7,11.86,8,13.56,110,23,20.91,11.39,27,13.37,24.75,21.95,30.2,15.56,0.245,0.339,0.327,0.666,0.082,664854
CU,Curveball,BR,18,3.47,5,5,2,40.0,0,0.0,6,2,33.33,11.11,2,11.11,22.22,23.08,4.03,33.33,0.0,0.0,0.0,0.0,0.0,664854
,,,7,1.35,1,0,0,0.0,1,100.0,0,0,,0.0,0,0.0,0.0,,0.0,,,1.0,,,,664854
SI,Sinker,FB,363,54.02,98,76,9,9.18,15,15.31,153,27,17.65,7.44,92,25.34,32.78,23.23,33.33,12.86,0.382,0.49,0.566,1.056,0.1839999999999999,664875
ST,Sweeper,BR,306,45.54,65,61,25,38.46,2,3.08,135,46,34.07,15.03,39,12.75,27.78,28.11,66.19,17.99,0.197,0.215,0.295,0.51,0.0979999999999999,664875
FF,4-Seam Fastball,FB,3,0.45,1,1,0,0.0,0,0.0,1,0,0.0,0.0,1,33.33,33.33,0.0,0.48,0.0,1.0,1.0,1.0,2.0,0.0,664875
EP,Eephus,,3,75.0,1,1,0,0.0,0,0.0,2,0,0.0,0.0,0,0.0,0.0,66.67,100.0,0.0,0.0,0.0,0.0,0.0,0.0,664901
FA,Other,,1,25.0,0,0,0,,0,,1,0,0.0,0.0,0,0.0,0.0,,0.0,,,,,,,664901
FC,Cutter,FB,14,50.0,3,2,0,0.0,1,33.33,6,2,33.33,14.29,2,14.29,28.57,0.0,50.0,0.0,0.5,0.667,0.5,1.167,0.0,664948
CU,Curveball,BR,12,42.86,2,2,1,50.0,0,0.0,6,3,50.0,25.0,1,8.33,33.33,37.5,50.0,20.0,0.5,0.5,0.5,1.0,0.0,664948
FF,4-Seam Fastball,FB,2,7.14,0,0,0,,0,,0,0,,0.0,1,50.0,50.0,0.0,0.0,,,,,,,664948
EP,Eephus,,10,100.0,4,4,0,0.0,0,0.0,5,0,0.0,0.0,2,20.0,20.0,40.0,100.0,0.0,0.5,0.5,1.25,1.75,0.75,665019
FC,Cutter,FB,347,33.43,92,84,11,11.96,5,5.43,163,44,26.99,12.68,40,11.53,24.21,29.47,25.08,13.75,0.226,0.261,0.286,0.5469999999999999,0.0599999999999999,665152
SI,Sinker,FB,272,26.2,76,67,16,21.05,6,7.89,119,8,6.72,2.94,79,29.04,31.99,25.26,20.69,24.24,0.239,0.32,0.313,0.633,0.074,665152
FF,4-Seam Fastball,FB,221,21.29,54,48,18,33.33,5,9.26,124,30,24.19,13.57,44,19.91,33.48,33.33,27.59,20.45,0.208,0.278,0.479,0.757,0.271,665152
FS,Split-Finger,OS,111,10.69,32,29,11,34.38,3,9.38,61,21,34.43,18.92,4,3.6,22.52,29.69,20.69,16.67,0.138,0.219,0.276,0.495,0.138,665152
CU,Curveball,BR,87,8.38,16,16,2,12.5,0,0.0,35,5,14.29,5.75,14,16.09,21.84,24.0,5.96,10.53,0.375,0.375,0.5,0.875,0.125,665152
FF,4-Seam Fastball,FB,103,62.42,31,25,6,19.35,5,16.13,50,16,32.0,15.53,14,13.59,29.13,30.91,57.5,26.09,0.32,0.433,0.36,0.7929999999999999,0.0399999999999999,665620
ST,Sweeper,BR,45,27.27,7,4,1,14.29,2,28.57,14,3,21.43,6.67,5,11.11,17.78,19.35,25.0,10.0,0.25,0.429,0.25,0.679,0.0,665620
CU,Curveball,BR,16,9.7,3,3,2,66.67,0,0.0,6,2,33.33,12.5,6,37.5,50.0,50.0,17.5,28.57,0.333,0.333,0.333,0.666,0.0,665620
CH,Changeup,OS,1,0.61,0,0,0,,0,,0,0,,0.0,0,0.0,0.0,0.0,0.0,,,,,,,665620
SL,Slider,BR,112,32.56,31,29,10,32.26,2,6.45,58,20,34.48,17.86,12,10.71,28.57,33.33,37.86,25.64,0.241,0.29,0.379,0.669,0.138,665622
FF,4-Seam Fastball,FB,103,29.94,24,18,3,12.5,4,16.67,50,6,12.0,5.83,18,17.48,23.3,25.0,30.1,9.68,0.278,0.375,0.444,0.819,0.1659999999999999,665622
SI,Sinker,FB,93,27.03,24,20,0,0.0,3,12.5,49,6,12.24,6.45,11,11.83,18.28,12.12,13.59,0.0,0.4,0.458,0.6,1.058,0.1999999999999999,665622
CU,Curveball,BR,32,9.3,6,6,4,66.67,0,0.0,12,7,58.33,21.88,3,9.38,31.25,34.62,16.5,23.53,0.333,0.333,0.667,1.0,0.334,665622
CH,Changeup,OS,4,1.16,1,1,0,0.0,0,0.0,2,1,50.0,25.0,0,0.0,25.0,0.0,1.94,0.0,1.0,1.0,1.0,2.0,0.0,665622
SL,Slider,BR,263,50.38,59,53,17,28.81,6,10.17,118,48,40.68,18.25,43,16.35,34.6,34.55,55.4,22.08,0.208,0.288,0.264,0.552,0.056,665625
SI,Sinker,FB,256,49.04,79,66,10,12.66,12,15.19,106,14,13.21,5.47,59,23.05,28.52,26.23,44.6,16.13,0.303,0.418,0.439,0.857,0.136,665625
,,,2,0.38,1,0,0,0.0,1,100.0,0,0,,0.0,0,0.0,0.0,,0.0,,,1.0,,,,665625
CU,Curveball,BR,1,0.19,0,0,0,,0,,0,0,,0.0,0,0.0,0.0,0.0,0.0,,,,,,,665625
CH,Changeup,OS,254,30.46,60,50,25,41.67,6,10.0,143,62,43.36,24.41,27,10.63,35.04,42.66,32.03,30.49,0.16,0.283,0.22,0.503,0.06,665795
FF,4-Seam Fastball,FB,185,22.18,52,43,9,17.31,6,11.54,87,16,18.39,8.65,32,17.3,25.95,20.73,21.09,16.67,0.326,0.412,0.558,0.97,0.232,665795
CU,Curveball,BR,151,18.11,34,32,15,44.12,2,5.88,59,28,47.46,18.54,35,23.18,41.72,29.27,21.88,26.79,0.188,0.235,0.375,0.61,0.187,665795
SL,Slider,BR,138,16.55,30,29,9,30.0,1,3.33,62,20,32.26,14.49,23,16.67,31.16,21.74,19.92,17.65,0.138,0.167,0.241,0.408,0.1029999999999999,665795
SI,Sinker,FB,106,12.71,31,27,4,12.9,4,12.9,50,8,16.0,7.55,13,12.26,19.81,33.33,5.08,23.08,0.259,0.355,0.407,0.762,0.1479999999999999,665795
FA,Other,,9,75.0,3,1,0,0.0,2,66.67,1,0,0.0,0.0,1,11.11,11.11,0.0,,,0.0,0.667,0.0,0.667,0.0,665828
EP,Eephus,,3,25.0,0,0,0,,0,,0,0,,0.0,1,33.33,33.33,0.0,,,,,,,,665828
SI,Sinker,FB,550,48.37,154,137,28,18.18,14,9.09,240,28,11.67,5.09,130,23.64,28.73,23.81,43.45,20.59,0.248,0.327,0.38,0.7070000000000001,0.132,665871
FC,Cutter,FB,228,20.05,55,46,1,1.82,8,14.55,98,19,19.39,8.33,46,20.18,28.51,20.34,6.71,4.76,0.37,0.455,0.717,1.172,0.347,665871
ST,Sweeper,BR,221,19.44,46,44,12,26.09,1,2.17,82,28,34.15,12.67,14,6.33,19.0,21.88,29.71,12.9,0.159,0.178,0.364,0.542,0.205,665871
FF,4-Seam Fastball,FB,70,6.16,19,15,5,26.32,3,15.79,28,4,14.29,5.71,12,17.14,22.86,13.89,12.14,13.16,0.333,0.421,0.667,1.088,0.334,665871
SL,Slider,BR,42,3.69,11,11,3,27.27,0,0.0,19,7,36.84,16.67,4,9.52,26.19,28.57,4.47,21.43,0.364,0.364,0.636,1.0,0.272,665871
CU,Curveball,BR,25,2.2,9,7,0,0.0,2,22.22,9,2,22.22,8.0,7,28.0,36.0,25.0,3.51,0.0,0.429,0.556,1.0,1.556,0.571,665871
CH,Changeup,OS,1,0.09,0,0,0,,0,,0,0,,0.0,1,100.0,100.0,,0.0,,,,,,,665871
SL,Slider,BR,82,49.4,18,17,6,33.33,1,5.56,30,13,43.33,15.85,17,20.73,36.59,20.45,58.7,22.22,0.176,0.222,0.176,0.398,0.0,665896
SI,Sinker,FB,65,39.16,18,15,2,11.11,2,11.11,27,4,14.81,6.15,12,18.46,24.62,37.84,23.91,18.18,0.2,0.333,0.267,0.6000000000000001,0.067,665896
FF,4-Seam Fastball,FB,19,11.45,6,4,2,33.33,2,33.33,9,4,44.44,21.05,2,10.53,31.58,20.0,17.39,25.0,0.25,0.5,0.25,0.75,0.0,665896
SI,Sinker,FB,130,29.02,36,35,4,11.11,0,0.0,53,5,9.43,3.85,33,25.38,29.23,14.04,30.28,9.3,0.2,0.222,0.314,0.536,0.1139999999999999,666129
ST,Sweeper,BR,100,22.32,26,24,10,38.46,0,0.0,56,18,32.14,18.0,14,14.0,32.0,52.38,33.1,21.28,0.167,0.231,0.208,0.439,0.0409999999999999,666129
CH,Changeup,OS,69,15.4,20,20,3,15.0,0,0.0,44,13,29.55,18.84,1,1.45,20.29,43.18,15.49,13.64,0.4,0.4,0.75,1.15,0.35,666129
FF,4-Seam Fastball,FB,66,14.73,17,17,7,41.18,0,0.0,25,7,28.0,10.61,13,19.7,30.3,25.0,14.79,33.33,0.235,0.235,0.294,0.5289999999999999,0.059,666129
SL,Slider,BR,55,12.28,18,16,1,5.56,2,11.11,31,5,16.13,9.09,10,18.18,27.27,23.53,5.63,12.5,0.312,0.389,0.438,0.827,0.126,666129
CU,Curveball,BR,27,6.03,5,5,0,0.0,0,0.0,14,2,14.29,7.41,9,33.33,40.74,25.0,0.0,,0.4,0.4,1.0,1.4,0.6,666129
,,,1,0.22,1,1,1,100.0,0,0.0,0,0,,0.0,0,0.0,0.0,,0.7,100.0,0.0,0.0,0.0,0.0,0.0,666129
FF,4-Seam Fastball,FB,1018,40.98,253,218,81,32.02,29,11.46,529,142,26.84,13.95,162,15.91,29.86,26.91,43.05,23.55,0.174,0.279,0.326,0.605,0.152,666142
CH,Changeup,OS,708,28.5,187,166,58,31.02,20,10.7,408,198,48.53,27.97,52,7.34,35.31,40.77,28.66,25.33,0.187,0.278,0.283,0.5609999999999999,0.0959999999999999,666142
FC,Cutter,FB,292,11.76,55,55,3,5.45,0,0.0,140,32,22.86,10.96,48,16.44,27.4,27.54,2.13,17.65,0.364,0.364,0.491,0.855,0.127,666142
KC,Knuckle Curve,BR,279,11.23,37,35,17,45.95,2,5.41,71,27,38.03,9.68,81,29.03,38.71,20.62,8.76,24.29,0.143,0.189,0.2,0.389,0.057,666142
SL,Slider,BR,184,7.41,61,59,30,49.18,1,1.64,105,33,31.43,17.93,6,3.26,21.2,40.16,17.4,21.58,0.169,0.197,0.322,0.519,0.153,666142
SI,Sinker,FB,2,0.08,0,0,0,,0,,0,0,,0.0,1,50.0,50.0,,0.0,,,,,,,666142
,,,1,0.04,1,0,0,0.0,1,100.0,0,0,,0.0,0,0.0,0.0,,0.0,,,1.0,,,,666142
FA,Other,,16,88.89,5,5,0,0.0,0,0.0,7,0,0.0,0.0,3,18.75,18.75,16.67,66.67,0.0,0.6,0.6,0.6,1.2,0.0,666149
EP,Eephus,,2,11.11,1,1,0,0.0,0,0.0,2,0,0.0,0.0,0,0.0,0.0,100.0,33.33,0.0,1.0,1.0,2.0,3.0,1.0,666149
FF,4-Seam Fastball,FB,459,30.66,95,84,34,35.79,9,9.47,185,52,28.11,11.33,90,19.61,30.94,20.09,38.53,19.65,0.19,0.277,0.405,0.682,0.215,666157
CU,Curveball,BR,372,24.85,120,103,52,43.33,1,0.83,170,74,43.53,19.89,65,17.47,37.37,38.46,39.42,28.81,0.194,0.3,0.301,0.601,0.1069999999999999,666157
SI,Sinker,FB,363,24.25,102,87,9,8.82,15,14.71,185,38,20.54,10.47,70,19.28,29.75,25.37,10.69,18.75,0.287,0.392,0.529,0.921,0.242,666157
CH,Changeup,OS,302,20.17,85,82,5,5.88,3,3.53,170,44,25.88,14.57,26,8.61,23.18,42.08,11.36,9.8,0.232,0.259,0.39,0.649,0.158,666157
PO,Pitch Out,,1,0.07,0,0,0,,0,,0,0,,0.0,0,0.0,0.0,0.0,0.0,,,,,,,666157
FF,4-Seam Fastball,FB,87,45.55,23,18,6,26.09,3,13.04,49,11,22.45,12.64,13,14.94,27.59,28.57,44.23,26.09,0.222,0.304,0.278,0.5820000000000001,0.056,666159
ST,Sweeper,BR,80,41.88,20,18,3,15.0,1,5.0,39,14,35.9,17.5,15,18.75,36.25,37.21,36.54,15.79,0.167,0.2,0.167,0.367,0.0,666159
SL,Slider,BR,17,8.9,7,7,0,0.0,0,0.0,8,0,0.0,0.0,0,0.0,0.0,18.18,11.54,0.0,0.429,0.429,0.429,0.858,0.0,666159
CU,Curveball,BR,7,3.66,3,3,2,66.67,0,0.0,3,1,33.33,14.29,2,28.57,42.86,40.0,7.69,50.0,0.0,0.0,0.0,0.0,0.0,666159
FA,Other,,13,68.42,4,3,1,25.0,1,25.0,5,2,40.0,15.38,2,15.38,30.77,12.5,80.0,25.0,0.0,0.25,0.0,0.25,0.0,666163
EP,Eephus,,4,21.05,2,2,0,0.0,0,0.0,2,0,0.0,0.0,0,0.0,0.0,50.0,20.0,0.0,1.0,1.0,2.5,3.5,1.5,666163
CH,Changeup,OS,2,10.53,0,0,0,,0,,1,0,0.0,0.0,0,0.0,0.0,0.0,0.0,,,,,,,666163
FC,Cutter,FB,57,46.72,17,16,1,5.88,1,5.88,30,4,13.33,7.02,11,19.3,26.32,20.0,7.69,50.0,0.25,0.294,0.312,0.606,0.062,666171
FF,4-Seam Fastball,FB,37,30.33,14,12,4,28.57,1,7.14,21,7,33.33,18.92,3,8.11,27.03,18.75,50.0,30.77,0.167,0.214,0.167,0.381,0.0,666171
ST,Sweeper,BR,22,18.03,9,7,3,33.33,1,11.11,13,4,30.77,18.18,1,4.55,22.73,53.33,42.31,27.27,0.0,0.222,0.0,0.222,0.0,666171
,,,4,3.28,1,0,0,0.0,1,100.0,0,0,,0.0,0,0.0,0.0,,0.0,,,1.0,,,,666171
SL,Slider,BR,1,0.82,0,0,0,,0,,0,0,,0.0,0,0.0,0.0,0.0,0.0,,,,,,,666171
UN,Unknown,,1,0.82,0,0,0,,0,,0,0,,0.0,0,0.0,0.0,0.0,0.0,,,,,,,666171
FA,Other,,7,100.0,2,2,0,0.0,0,0.0,3,0,0.0,0.0,2,28.57,28.57,0.0,100.0,0.0,0.0,0.0,0.0,0.0,0.0,666197
FF,4-Seam Fastball,FB,324,36.12,83,71,8,9.64,9,10.84,153,19,12.42,5.86,56,17.28,23.15,25.83,33.58,8.99,0.254,0.341,0.394,0.7350000000000001,0.14,666200
SL,Slider,BR,245,27.31,57,55,23,40.35,1,1.75,117,54,46.15,22.04,33,13.47,35.51,32.12,36.23,23.96,0.236,0.263,0.382,0.645,0.146,666200
CH,Changeup,OS,231,25.75,61,55,13,21.31,5,8.2,128,51,39.84,22.08,23,9.96,32.03,36.5,26.04,18.84,0.182,0.25,0.236,0.486,0.0539999999999999,666200
SI,Sinker,FB,96,10.7,23,21,0,0.0,2,8.7,40,2,5.0,2.08,24,25.0,27.08,13.51,3.77,0.0,0.381,0.435,0.857,1.292,0.476,666200
,,,1,0.11,1,1,1,100.0,0,0.0,0,0,,0.0,0,0.0,0.0,,0.38,100.0,0.0,0.0,0.0,0.0,0.0,666200
SI,Sinker,FB,70,41.67,18,14,5,27.78,3,16.67,28,5,17.86,7.14,13,18.57,25.71,25.0,40.0,27.78,0.071,0.278,0.071,0.349,0.0,666201
SL,Slider,BR,66,39.29,20,17,4,20.0,2,10.0,30,7,23.33,10.61,11,16.67,27.27,12.9,42.22,21.05,0.176,0.25,0.235,0.485,0.059,666201
FF,4-Seam Fastball,FB,24,14.29,6,5,1,16.67,0,0.0,8,2,25.0,8.33,8,33.33,41.67,18.18,11.11,20.0,0.0,0.167,0.0,0.167,0.0,666201
CH,Changeup,OS,8,4.76,2,2,1,50.0,0,0.0,5,2,40.0,25.0,2,25.0,50.0,50.0,6.67,33.33,0.0,0.0,0.0,0.0,0.0,666201
SL,Slider,BR,156,63.41,47,35,12,25.53,8,17.02,68,23,33.82,14.74,29,18.59,33.33,26.58,81.82,22.22,0.143,0.298,0.286,0.584,0.143,666204
FF,4-Seam Fastball,FB,90,36.59,16,13,1,6.25,3,18.75,28,5,17.86,5.56,24,26.67,32.22,13.33,18.18,8.33,0.385,0.5,1.077,1.577,0.692,666204
FF,4-Seam Fastball,FB,243,55.48,70,69,12,17.14,1,1.43,136,28,20.59,11.52,49,20.16,31.69,31.03,55.0,18.18,0.304,0.314,0.406,0.72,0.102,666205
CU,Curveball,BR,71,16.21,14,13,2,14.29,1,7.14,22,4,18.18,5.63,10,14.08,19.72,13.64,20.0,8.33,0.231,0.286,0.538,0.8240000000000001,0.307,666205
CH,Changeup,OS,57,13.01,10,10,0,0.0,0,0.0,24,11,45.83,19.3,2,3.51,22.81,21.95,5.0,0.0,0.1,0.1,0.1,0.2,0.0,666205
SL,Slider,BR,54,12.33,23,19,6,26.09,3,13.04,36,8,22.22,14.81,6,11.11,25.93,40.91,19.17,26.09,0.158,0.261,0.158,0.419,0.0,666205
,,,13,2.97,3,0,0,0.0,3,100.0,0,0,,0.0,0,0.0,0.0,,0.83,0.0,,1.0,,,,666205
SL,Slider,BR,49,76.56,11,8,3,27.27,3,27.27,12,4,33.33,8.16,14,28.57,36.73,10.71,85.71,25.0,0.5,0.636,1.25,1.886,0.75,666207
FF,4-Seam Fastball,FB,14,21.88,4,2,0,0.0,1,25.0,2,0,0.0,0.0,2,14.29,14.29,0.0,14.29,0.0,0.5,0.75,0.5,1.25,0.0,666207
SI,Sinker,FB,1,1.56,0,0,0,,0,,0,0,,0.0,0,0.0,0.0,0.0,0.0,,,,,,,666207
SL,Slider,BR,13,59.09,2,2,2,100.0,0,0.0,8,4,50.0,30.77,1,7.69,38.46,50.0,77.78,28.57,0.0,0.0,0.0,0.0,0.0,666208
FF,4-Seam Fastball,FB,5,22.73,1,1,0,0.0,0,0.0,1,0,0.0,0.0,3,60.0,60.0,0.0,0.0,,0.0,0.0,0.0,0.0,0.0,666208
FC,Cutter,FB,2,9.09,0,0,0,,0,,1,0,0.0,0.0,0,0.0,0.0,50.0,0.0,,,,,,,666208
ST,Sweeper,BR,2,9.09,1,1,0,0.0,0,0.0,1,0,0.0,0.0,0,0.0,0.0,50.0,22.22,0.0,1.0,1.0,1.0,2.0,0.0,666208
FF,4-Seam Fastball,FB,279,37.8,88,70,12,13.64,14,15.91,147,26,17.69,9.32,42,15.05,24.37,29.55,38.16,15.19,0.329,0.443,0.514,0.957,0.185,666214
CH,Changeup,OS,231,31.3,45,42,13,28.89,3,6.67,92,37,40.22,16.02,29,12.55,28.57,29.05,29.95,20.97,0.286,0.333,0.429,0.762,0.143,666214
FC,Cutter,FB,132,17.89,30,26,6,20.0,3,10.0,67,21,31.34,15.91,19,14.39,30.3,32.31,15.46,18.75,0.154,0.267,0.423,0.69,0.269,666214
CU,Curveball,BR,92,12.47,19,18,6,31.58,1,5.26,38,14,36.84,15.22,18,19.57,34.78,38.33,16.43,17.65,0.167,0.211,0.167,0.378,0.0,666214
,,,4,0.54,1,0,0,0.0,1,100.0,0,0,,0.0,0,0.0,0.0,,0.0,,,1.0,,,,666214
SI,Sinker,FB,42,67.74,6,4,1,16.67,2,33.33,13,0,0.0,0.0,10,23.81,23.81,4.76,55.0,9.09,0.25,0.5,0.5,1.0,0.25,666215
CU,Curveball,BR,7,11.29,1,0,0,0.0,1,100.0,1,1,100.0,14.29,1,14.29,28.57,16.67,15.0,0.0,,1.0,,,,666215
FF,4-Seam Fastball,FB,5,8.06,2,2,0,0.0,0,0.0,4,0,0.0,0.0,1,20.0,20.0,100.0,5.0,0.0,0.5,0.5,0.5,1.0,0.0,666215
SV,Slurve,BR,4,6.45,3,3,2,66.67,0,0.0,3,2,66.67,50.0,0,0.0,50.0,66.67,20.0,50.0,0.333,0.333,0.333,0.666,0.0,666215
FS,Split-Finger,OS,2,3.23,1,0,0,0.0,0,0.0,0,0,,0.0,0,0.0,0.0,0.0,5.0,0.0,,1.0,,,,666215
FC,Cutter,FB,1,1.61,0,0,0,,0,,0,0,,0.0,0,0.0,0.0,0.0,0.0,,,,,,,666215
CH,Changeup,OS,1,1.61,0,0,0,,0,,0,0,,0.0,1,100.0,100.0,0.0,0.0,,,,,,,666215
ST,Sweeper,BR,152,47.5,37,35,11,29.73,1,2.7,77,23,29.87,15.13,34,22.37,37.5,33.33,52.34,19.64,0.286,0.324,0.514,0.8380000000000001,0.228,666277
FF,4-Seam Fastball,FB,134,41.88,29,23,5,17.24,3,10.34,52,13,25.0,9.7,24,17.91,27.61,17.91,35.51,13.16,0.13,0.276,0.304,0.5800000000000001,0.174,666277
CH,Changeup,OS,29,9.06,10,7,1,10.0,3,30.0,15,2,13.33,6.9,0,0.0,6.9,36.36,10.28,9.09,0.286,0.5,0.286,0.786,0.0,666277
SL,Slider,BR,5,1.56,1,1,1,100.0,0,0.0,2,1,50.0,20.0,0,0.0,20.0,25.0,1.87,50.0,0.0,0.0,0.0,0.0,0.0,666277
SL,Slider,BR,26,47.27,8,8,1,12.5,0,0.0,15,3,20.0,11.54,3,11.54,23.08,33.33,68.42,7.69,0.125,0.125,0.125,0.25,0.0,666619
SI,Sinker,FB,22,40.0,7,6,0,0.0,0,0.0,14,3,21.43,13.64,1,4.55,18.18,36.36,21.05,0.0,0.167,0.286,0.167,0.4529999999999999,0.0,666619
CH,Changeup,OS,5,9.09,2,2,1,50.0,0,0.0,3,1,33.33,20.0,2,40.0,60.0,66.67,10.53,50.0,0.0,0.0,0.0,0.0,0.0,666619
FF,4-Seam Fastball,FB,2,3.64,0,0,0,,0,,1,0,0.0,0.0,0,0.0,0.0,,0.0,,,,,,,666619
FF,4-Seam Fastball,FB,127,58.53,30,23,6,20.0,6,20.0,54,12,22.22,9.45,25,19.69,29.13,20.63,61.9,15.38,0.261,0.433,0.522,0.955,0.261,666720
SL,Slider,BR,86,39.63,23,23,3,13.04,0,0.0,44,13,29.55,15.12,13,15.12,30.23,28.57,36.51,13.04,0.348,0.348,0.652,1.0,0.304,666720
CH,Changeup,OS,4,1.84,1,0,0,0.0,0,0.0,1,1,100.0,25.0,0,0.0,25.0,0.0,1.59,0.0,,1.0,,,,666720
SI,Sinker,FB,114,33.33,44,41,2,4.55,3,6.82,70,6,8.57,5.26,17,14.91,20.18,44.9,10.0,28.57,0.39,0.432,0.415,0.847,0.0249999999999999,666745
CH,Changeup,OS,83,24.27,22,21,4,18.18,1,4.55,44,11,25.0,13.25,12,14.46,27.71,3.12,35.71,16.0,0.333,0.364,0.476,0.84,0.1429999999999999,666745
FF,4-Seam Fastball,FB,78,22.81,21,21,2,9.52,0,0.0,29,3,10.34,3.85,13,16.67,20.51,20.0,25.71,11.11,0.238,0.238,0.238,0.476,0.0,666745
SL,Slider,BR,42,12.28,7,6,1,14.29,0,0.0,12,4,33.33,9.52,8,19.05,28.57,10.71,17.14,8.33,0.5,0.429,0.667,1.096,0.167,666745
ST,Sweeper,BR,23,6.73,9,9,2,22.22,0,0.0,11,3,27.27,13.04,4,17.39,30.43,40.0,11.43,25.0,0.444,0.444,0.444,0.888,0.0,666745
KC,Knuckle Curve,BR,2,0.58,0,0,0,,0,,0,0,,0.0,1,50.0,50.0,0.0,0.0,,,,,,,666745
SL,Slider,BR,278,49.12,69,63,26,37.68,5,7.25,139,56,40.29,20.14,40,14.39,34.53,38.36,56.98,26.53,0.19,0.246,0.317,0.563,0.127,666808
FC,Cutter,FB,172,30.39,38,31,12,31.58,6,15.79,70,19,27.14,11.05,39,22.67,33.72,23.38,33.72,20.69,0.161,0.289,0.323,0.612,0.162,666808
SI,Sinker,FB,112,19.79,29,23,2,6.9,4,13.79,47,9,19.15,8.04,24,21.43,29.46,22.22,8.72,13.33,0.304,0.429,0.478,0.907,0.174,666808
,,,3,0.53,1,0,0,0.0,1,100.0,0,0,,0.0,0,0.0,0.0,,0.0,,,1.0,,,,666808
FF,4-Seam Fastball,FB,1,0.18,0,0,0,,0,,0,0,,0.0,0,0.0,0.0,0.0,0.58,0.0,,,,,,666808
FC,Cutter,FB,77,59.23,15,13,5,33.33,2,13.33,31,13,41.94,16.88,10,12.99,29.87,31.37,56.67,29.41,0.231,0.333,0.231,0.5640000000000001,0.0,666818
SI,Sinker,FB,23,17.69,10,9,0,0.0,1,10.0,16,1,6.25,4.35,4,17.39,21.74,40.0,3.33,0.0,0.444,0.5,0.556,1.056,0.112,666818
FF,4-Seam Fastball,FB,15,11.54,4,3,2,50.0,1,25.0,6,3,50.0,20.0,5,33.33,53.33,33.33,20.0,33.33,0.333,0.5,0.333,0.833,0.0,666818
SL,Slider,BR,15,11.54,3,3,2,66.67,0,0.0,6,2,33.33,13.33,2,13.33,26.67,22.22,20.0,33.33,0.333,0.333,0.333,0.666,0.0,666818
SI,Sinker,FB,431,61.4,101,88,21,20.79,12,11.88,222,53,23.87,12.3,89,20.65,32.95,33.7,40.76,21.65,0.261,0.356,0.364,0.72,0.1029999999999999,666974
CH,Changeup,OS,100,14.25,35,32,15,42.86,3,8.57,59,19,32.2,19.0,1,1.0,20.0,48.61,30.67,20.55,0.156,0.229,0.188,0.417,0.032,666974
SL,Slider,BR,97,13.82,20,19,11,55.0,1,5.0,29,14,48.28,14.43,10,10.31,24.74,19.72,18.49,25.0,0.158,0.2,0.316,0.516,0.158,666974
FF,4-Seam Fastball,FB,49,6.98,5,4,4,80.0,1,20.0,12,7,58.33,14.29,7,14.29,28.57,6.9,7.98,21.05,0.0,0.2,0.0,0.2,0.0,666974
ST,Sweeper,BR,25,3.56,3,3,2,66.67,0,0.0,6,4,66.67,16.0,7,28.0,44.0,13.33,2.1,40.0,0.333,0.333,0.333,0.666,0.0,666974
SI,Sinker,FB,80,41.03,21,17,1,4.76,1,4.76,34,3,8.82,3.75,24,30.0,33.75,14.29,12.77,16.67,0.412,0.45,0.471,0.921,0.059,667297
SL,Slider,BR,79,40.51,26,25,6,23.08,1,3.85,45,17,37.78,21.52,15,18.99,40.51,44.19,42.55,30.0,0.16,0.192,0.32,0.512,0.16,667297
CU,Curveball,BR,36,18.46,12,12,5,41.67,0,0.0,18,4,22.22,11.11,7,19.44,30.56,39.13,44.68,23.81,0.25,0.25,0.417,0.667,0.1669999999999999,667297
SI,Sinker,FB,263,53.02,73,60,10,13.7,8,10.96,125,12,9.6,4.56,58,22.05,26.62,19.23,48.82,16.13,0.3,0.356,0.367,0.723,0.067,667463
CH,Changeup,OS,213,42.94,58,55,6,10.34,1,1.72,107,25,23.36,11.74,25,11.74,23.47,37.04,43.31,10.91,0.218,0.228,0.291,0.519,0.0729999999999999,667463
SL,Slider,BR,13,2.62,5,5,2,40.0,0,0.0,8,2,25.0,15.38,1,7.69,23.08,44.44,7.09,22.22,0.4,0.4,1.0,1.4,0.6,667463
FF,4-Seam Fastball,FB,5,1.01,1,1,1,100.0,0,0.0,3,1,33.33,20.0,1,20.0,40.0,50.0,0.79,100.0,0.0,0.0,0.0,0.0,0.0,667463
,,,2,0.4,1,0,0,0.0,1,100.0,0,0,,0.0,0,0.0,0.0,,0.0,,,1.0,,,,667463
FF,4-Seam Fastball,FB,1,33.33,0,0,0,,0,,0,0,,0.0,0,0.0,0.0,0.0,,,,,,,,667478
FS,Split-Finger,OS,1,33.33,1,1,0,0.0,0,0.0,1,0,0.0,0.0,0,0.0,0.0,,,,0.0,0.0,0.0,0.0,0.0,667478
KC,Knuckle Curve,BR,1,33.33,0,0,0,,0,,0,0,,0.0,0,0.0,0.0,0.0,,,,,,,,667478
FC,Cutter,FB,98,36.7,28,24,5,17.86,4,14.29,47,10,21.28,10.2,19,19.39,29.59,27.91,40.74,15.15,0.25,0.357,0.375,0.732,0.125,667725
CU,Curveball,BR,57,21.35,11,8,4,36.36,3,27.27,25,9,36.0,15.79,6,10.53,26.32,34.21,25.93,19.05,0.25,0.455,0.25,0.7050000000000001,0.0,667725
FF,4-Seam Fastball,FB,55,20.6,15,14,1,6.67,0,0.0,34,5,14.71,9.09,5,9.09,18.18,54.29,13.58,9.09,0.143,0.2,0.143,0.3429999999999999,0.0,667725
SL,Slider,BR,55,20.6,12,10,1,8.33,2,16.67,24,10,41.67,18.18,3,5.45,23.64,27.5,19.75,6.25,0.2,0.333,0.3,0.633,0.0999999999999999,667725
CH,Changeup,OS,2,0.75,0,0,0,,0,,0,0,,0.0,0,0.0,0.0,0.0,0.0,,,,,,,667725
SI,Sinker,FB,360,46.69,113,89,10,8.85,18,15.93,175,39,22.29,10.83,48,13.33,24.17,29.89,28.44,16.13,0.281,0.414,0.36,0.774,0.0789999999999999,667755
KC,Knuckle Curve,BR,217,28.15,52,49,23,44.23,1,1.92,82,33,40.24,15.21,59,27.19,42.4,31.48,36.7,28.75,0.224,0.269,0.347,0.616,0.1229999999999999,667755
FF,4-Seam Fastball,FB,104,13.49,22,19,7,31.82,3,13.64,48,8,16.67,7.69,16,15.38,23.08,22.64,18.81,17.07,0.368,0.455,0.632,1.087,0.264,667755
SL,Slider,BR,85,11.02,14,12,5,35.71,1,7.14,36,15,41.67,17.65,7,8.24,25.88,30.51,14.22,16.13,0.167,0.214,0.25,0.4639999999999999,0.0829999999999999,667755
FS,Split-Finger,OS,4,0.52,2,2,1,50.0,0,0.0,3,1,33.33,25.0,0,0.0,25.0,50.0,1.38,33.33,0.5,0.5,2.0,2.5,1.5,667755
,,,1,0.13,1,0,0,0.0,1,100.0,0,0,,0.0,0,0.0,0.0,,0.46,0.0,,1.0,,,,667755
ST,Sweeper,BR,321,51.36,88,83,16,18.18,3,3.41,165,44,26.67,13.71,43,13.4,27.1,37.97,54.19,13.64,0.133,0.17,0.229,0.399,0.096,668338
FF,4-Seam Fastball,FB,268,42.88,60,55,18,30.0,4,6.67,134,36,26.87,13.43,44,16.42,29.85,23.08,40.89,21.69,0.218,0.283,0.327,0.61,0.109,668338
SI,Sinker,FB,30,4.8,8,7,3,37.5,0,0.0,17,4,23.53,13.33,8,26.67,40.0,50.0,2.46,60.0,0.0,0.125,0.0,0.125,0.0,668338
CU,Curveball,BR,6,0.96,3,2,0,0.0,1,33.33,3,0,0.0,0.0,0,0.0,0.0,25.0,2.46,0.0,1.0,1.0,2.5,3.5,1.5,668338
FF,4-Seam Fastball,FB,79,39.9,21,20,5,23.81,1,4.76,40,8,20.0,10.13,12,15.19,25.32,31.71,40.3,18.52,0.2,0.238,0.35,0.588,0.1499999999999999,668390
SL,Slider,BR,69,34.85,19,18,5,26.32,0,0.0,45,17,37.78,24.64,8,11.59,36.23,37.04,38.81,19.23,0.333,0.368,0.556,0.924,0.223,668390
FS,Split-Finger,OS,25,12.63,7,7,2,28.57,0,0.0,13,3,23.08,12.0,2,8.0,20.0,28.57,14.93,20.0,0.143,0.143,0.286,0.4289999999999999,0.143,668390
SI,Sinker,FB,22,11.11,4,2,0,0.0,1,25.0,6,0,0.0,0.0,7,31.82,31.82,20.0,5.97,0.0,0.5,0.75,0.5,1.25,0.0,668390
CU,Curveball,BR,3,1.52,0,0,0,,0,,1,0,0.0,0.0,1,33.33,33.33,0.0,0.0,,,,,,,668390
FA,Other,,9,100.0,2,2,1,50.0,0,0.0,5,2,40.0,22.22,1,11.11,33.33,40.0,100.0,33.33,0.5,0.5,0.5,1.0,0.0,668472
SI,Sinker,FB,185,39.78,60,55,8,13.33,3,5.0,92,20,21.74,10.81,32,17.3,28.11,33.33,24.81,25.0,0.236,0.3,0.255,0.5549999999999999,0.019,668674
SL,Slider,BR,147,31.61,35,34,15,42.86,0,0.0,64,24,37.5,16.33,26,17.69,34.01,27.38,42.64,27.27,0.176,0.2,0.206,0.406,0.03,668674
FF,4-Seam Fastball,FB,116,24.95,33,31,12,36.36,2,6.06,54,15,27.78,12.93,25,21.55,34.48,23.53,30.23,30.77,0.161,0.212,0.323,0.535,0.162,668674
CH,Changeup,OS,17,3.66,4,4,0,0.0,0,0.0,11,3,27.27,17.65,2,11.76,29.41,55.56,2.33,0.0,0.5,0.5,1.0,1.5,0.5,668674
FF,4-Seam Fastball,FB,49,47.12,12,10,0,0.0,2,16.67,21,2,9.52,4.08,9,18.37,22.45,9.52,40.0,0.0,0.2,0.333,0.3,0.633,0.0999999999999999,668676
SL,Slider,BR,48,46.15,11,10,4,36.36,1,9.09,22,11,50.0,22.92,8,16.67,39.58,25.0,50.0,26.67,0.1,0.182,0.1,0.282,0.0,668676
CU,Curveball,BR,4,3.85,2,2,0,0.0,0,0.0,2,0,0.0,0.0,1,25.0,25.0,0.0,3.33,0.0,0.5,0.5,1.0,1.5,0.5,668676
CH,Changeup,OS,2,1.92,1,0,0,0.0,1,100.0,0,0,,0.0,0,0.0,0.0,0.0,3.33,0.0,,1.0,,,,668676
,,,1,0.96,0,0,0,,0,,0,0,,0.0,0,0.0,0.0,,3.33,0.0,,,,,,668676
FF,4-Seam Fastball,FB,630,49.68,155,136,26,16.77,18,11.61,266,41,15.41,6.51,126,20.0,26.51,17.17,38.2,18.06,0.287,0.368,0.404,0.772,0.117,668678
KC,Knuckle Curve,BR,360,28.39,104,95,40,38.46,8,7.69,189,69,36.51,19.17,46,12.78,31.94,44.3,40.58,26.14,0.179,0.24,0.284,0.524,0.1049999999999999,668678
SL,Slider,BR,190,14.98,36,35,6,16.67,1,2.78,80,29,36.25,15.26,24,12.63,27.89,22.12,11.67,13.64,0.314,0.333,0.514,0.847,0.2,668678
CH,Changeup,OS,60,4.73,18,15,6,33.33,2,11.11,28,9,32.14,15.0,4,6.67,21.67,32.56,8.22,19.35,0.267,0.389,0.4,0.789,0.133,668678
FC,Cutter,FB,26,2.05,5,5,1,20.0,0,0.0,8,2,25.0,7.69,6,23.08,30.77,15.79,1.33,20.0,0.2,0.2,0.2,0.4,0.0,668678
SI,Sinker,FB,1,0.08,0,0,0,,0,,0,0,,0.0,1,100.0,100.0,,0.0,,,,,,,668678
,,,1,0.08,0,0,0,,0,,0,0,,0.0,0,0.0,0.0,,0.0,,,,,,,668678
EP,Eephus,,28,100.0,8,6,0,0.0,1,12.5,8,0,0.0,0.0,5,17.86,17.86,14.29,100.0,0.0,0.167,0.25,0.333,0.583,0.166,668800
FF,4-Seam Fastball,FB,84,36.05,23,17,6,26.09,6,26.09,37,8,21.62,9.52,15,17.86,27.38,29.27,33.33,24.0,0.353,0.522,0.765,1.287,0.412,668868
FO,Forkball,OS,68,29.18,17,15,6,35.29,2,11.76,33,12,36.36,17.65,9,13.24,30.88,39.13,30.67,26.09,0.2,0.294,0.2,0.494,0.0,668868
SL,Slider,BR,48,20.6,10,9,3,30.0,0,0.0,23,5,21.74,10.42,8,16.67,27.08,40.0,22.67,17.65,0.444,0.5,1.222,1.722,0.778,668868
CU,Curveball,BR,33,14.16,8,8,2,25.0,0,0.0,11,2,18.18,6.06,7,21.21,27.27,6.25,13.33,20.0,0.5,0.5,1.0,1.5,0.5,668868
FC,Cutter,FB,45,44.55,13,11,4,30.77,1,7.69,21,8,38.1,17.78,8,17.78,35.56,34.62,43.33,30.77,0.0,0.083,0.0,0.083,0.0,668873
FF,4-Seam Fastball,FB,39,38.61,12,10,1,8.33,2,16.67,21,2,9.52,5.13,3,7.69,12.82,22.73,46.67,7.14,0.3,0.417,0.3,0.717,0.0,668873
ST,Sweeper,BR,13,12.87,1,1,0,0.0,0,0.0,4,2,50.0,15.38,1,7.69,23.08,11.11,10.0,0.0,1.0,1.0,2.0,3.0,1.0,668873
SI,Sinker,FB,4,3.96,3,2,0,0.0,1,33.33,2,0,0.0,0.0,1,25.0,25.0,0.0,0.0,,1.0,1.0,2.5,3.5,1.5,668873
ST,Sweeper,BR,5,35.71,2,2,0,0.0,0,0.0,3,0,0.0,0.0,1,20.0,20.0,0.0,50.0,0.0,1.0,1.0,1.0,2.0,0.0,668874
CU,Curveball,BR,3,21.43,1,1,0,0.0,0,0.0,1,0,0.0,0.0,1,33.33,33.33,0.0,50.0,0.0,0.0,0.0,0.0,0.0,0.0,668874
SI,Sinker,FB,3,21.43,0,0,0,,0,,1,1,100.0,33.33,0,0.0,33.33,33.33,0.0,,,,,,,668874
FF,4-Seam Fastball,FB,2,14.29,1,0,0,0.0,1,100.0,0,0,,0.0,1,50.0,50.0,0.0,0.0,,,1.0,,,,668874
FC,Cutter,FB,1,7.14,0,0,0,,0,,0,0,,0.0,0,0.0,0.0,0.0,0.0,,,,,,,668874
FF,4-Seam Fastball,FB,660,52.84,175,151,49,28.0,17,9.71,359,96,26.74,14.55,99,15.0,29.55,32.47,56.77,22.48,0.179,0.287,0.252,0.5389999999999999,0.073,668881
SL,Slider,BR,516,41.31,120,108,25,20.83,10,8.33,246,86,34.96,16.67,62,12.02,28.68,28.11,39.58,16.45,0.194,0.267,0.333,0.6000000000000001,0.139,668881
FS,Split-Finger,OS,51,4.08,11,9,1,9.09,0,0.0,21,7,33.33,13.73,2,3.92,17.65,17.65,2.6,10.0,0.222,0.273,0.444,0.7170000000000001,0.222,668881
CU,Curveball,BR,22,1.76,5,5,0,0.0,0,0.0,8,1,12.5,4.55,5,22.73,27.27,18.18,1.04,0.0,0.4,0.4,1.0,1.4,0.6,668881
FF,4-Seam Fastball,FB,357,53.68,77,69,12,15.58,7,9.09,186,37,19.89,10.36,57,15.97,26.33,29.8,42.16,13.95,0.377,0.442,0.551,0.993,0.174,668909
CU,Curveball,BR,118,17.74,37,32,12,32.43,5,13.51,47,12,25.53,10.17,16,13.56,23.73,28.21,29.41,20.0,0.188,0.297,0.312,0.609,0.124,668909
SL,Slider,BR,91,13.68,20,19,4,20.0,1,5.0,44,13,29.55,14.29,13,14.29,28.57,26.53,14.22,13.79,0.158,0.2,0.263,0.463,0.105,668909
FC,Cutter,FB,90,13.53,23,21,7,30.43,2,8.7,39,13,33.33,14.44,9,10.0,24.44,27.12,12.75,26.92,0.143,0.217,0.333,0.55,0.19,668909
CH,Changeup,OS,9,1.35,1,1,0,0.0,0,0.0,1,0,0.0,0.0,2,22.22,22.22,0.0,1.47,0.0,1.0,1.0,4.0,5.0,3.0,668909
FC,Cutter,FB,281,39.03,84,73,10,11.9,8,9.52,149,35,23.49,12.46,43,15.3,27.76,20.91,34.08,16.39,0.37,0.452,0.589,1.041,0.2189999999999999,668933
SL,Slider,BR,266,36.94,58,54,20,34.48,4,6.9,126,53,42.06,19.92,25,9.4,29.32,28.83,51.96,21.51,0.13,0.19,0.167,0.357,0.037,668933
SI,Sinker,FB,159,22.08,39,36,2,5.13,1,2.56,76,8,10.53,5.03,20,12.58,17.61,20.25,12.85,8.7,0.306,0.359,0.444,0.8029999999999999,0.138,668933
CH,Changeup,OS,14,1.94,7,6,1,14.29,0,0.0,8,2,25.0,14.29,2,14.29,28.57,42.86,1.12,50.0,0.167,0.286,0.167,0.4529999999999999,0.0,668933
SI,Sinker,FB,228,38.84,60,54,2,3.33,5,8.33,90,7,7.78,3.07,67,29.39,32.46,9.3,14.86,9.09,0.278,0.339,0.407,0.746,0.1289999999999999,668941
CH,Changeup,OS,155,26.41,41,39,4,9.76,1,2.44,83,25,30.12,16.13,7,4.52,20.65,29.03,22.97,11.76,0.359,0.375,0.667,1.042,0.308,668941
ST,Sweeper,BR,141,24.02,46,40,19,41.3,2,4.35,54,20,37.04,14.18,32,22.7,36.88,33.33,41.22,31.15,0.125,0.239,0.375,0.614,0.25,668941
FF,4-Seam Fastball,FB,61,10.39,18,15,1,5.56,2,11.11,34,1,2.94,1.64,2,3.28,4.92,21.43,20.27,3.33,0.333,0.389,0.4,0.789,0.067,668941
,,,2,0.34,1,0,0,0.0,1,100.0,0,0,,0.0,0,0.0,0.0,,0.68,0.0,,1.0,,,,668941
FA,Other,,11,55.0,2,0,0,0.0,2,100.0,1,0,0.0,0.0,5,45.45,45.45,0.0,50.0,0.0,,1.0,,,,668942
CS,Slow Curve,BR,6,30.0,2,2,0,0.0,0,0.0,2,0,0.0,0.0,1,16.67,16.67,0.0,50.0,0.0,0.5,0.5,2.0,2.5,1.5,668942
EP,Eephus,,3,15.0,1,1,0,0.0,0,0.0,1,0,0.0,0.0,0,0.0,0.0,0.0,0.0,,0.0,0.0,0.0,0.0,0.0,668942
SL,Slider,BR,45,40.91,15,12,1,6.67,3,20.0,30,7,23.33,15.56,6,13.33,28.89,61.11,20.0,14.29,0.25,0.4,0.333,0.7330000000000001,0.083,668943
FF,4-Seam Fastball,FB,44,40.0,9,9,3,33.33,0,0.0,17,6,35.29,13.64,9,20.45,34.09,23.81,48.57,17.65,0.222,0.222,0.222,0.444,0.0,668943
ST,Sweeper,BR,21,19.09,6,6,0,0.0,0,0.0,11,1,9.09,4.76,2,9.52,14.29,33.33,31.43,0.0,0.167,0.167,0.333,0.5,0.166,668943
FF,4-Seam Fastball,FB,458,42.72,141,129,42,29.79,9,6.38,246,49,19.92,10.7,87,19.0,29.69,31.94,49.56,24.26,0.209,0.264,0.388,0.652,0.179,668964
SL,Slider,BR,336,31.34,83,80,23,27.71,2,2.41,173,46,26.59,13.69,47,13.99,27.68,33.16,34.31,19.66,0.212,0.232,0.288,0.52,0.0759999999999999,668964
FC,Cutter,FB,201,18.75,43,40,2,4.65,0,0.0,93,16,17.2,7.96,34,16.92,24.88,25.24,6.45,9.09,0.275,0.262,0.475,0.737,0.1999999999999999,668964
CH,Changeup,OS,38,3.54,13,9,6,46.15,2,15.38,21,7,33.33,18.42,3,7.89,26.32,40.91,6.45,27.27,0.0,0.308,0.0,0.308,0.0,668964
CU,Curveball,BR,37,3.45,10,10,1,10.0,0,0.0,19,3,15.79,8.11,5,13.51,21.62,17.65,2.64,11.11,0.5,0.5,0.7,1.2,0.1999999999999999,668964
SI,Sinker,FB,1,0.09,0,0,0,,0,,1,0,0.0,0.0,0,0.0,0.0,,0.29,0.0,,,,,,668964
,,,1,0.09,0,0,0,,0,,0,0,,0.0,0,0.0,0.0,,0.29,0.0,,,,,,668964
SL,Slider,BR,127,50.0,34,32,12,35.29,1,2.94,61,25,40.98,19.69,20,15.75,35.43,35.9,62.96,23.53,0.219,0.265,0.5,0.765,0.281,668968
SI,Sinker,FB,121,47.64,27,21,9,33.33,5,18.52,58,19,32.76,15.7,24,19.83,35.54,32.2,30.86,36.0,0.095,0.296,0.143,0.4389999999999999,0.0479999999999999,668968
CH,Changeup,OS,6,2.36,1,1,1,100.0,0,0.0,2,1,50.0,16.67,1,16.67,33.33,25.0,6.17,20.0,0.0,0.0,0.0,0.0,0.0,668968
ST,Sweeper,BR,7,70.0,2,2,0,0.0,0,0.0,3,1,33.33,14.29,2,28.57,42.86,33.33,100.0,0.0,0.5,0.5,0.5,1.0,0.0,668970
SI,Sinker,FB,2,20.0,1,0,0,0.0,0,0.0,2,0,0.0,0.0,0,0.0,0.0,100.0,0.0,,,,,,,668970
FF,4-Seam Fastball,FB,1,10.0,0,0,0,,0,,1,0,0.0,0.0,0,0.0,0.0,,0.0,,,,,,,668970
FF,4-Seam Fastball,FB,45,45.92,9,9,2,22.22,0,0.0,20,1,5.0,2.22,14,31.11,33.33,20.0,36.36,16.67,0.333,0.333,0.333,0.666,0.0,668984
SL,Slider,BR,32,32.65,15,15,2,13.33,0,0.0,20,4,20.0,12.5,3,9.38,21.88,43.75,27.27,22.22,0.2,0.2,0.467,0.667,0.267,668984
CH,Changeup,OS,20,20.41,5,5,1,20.0,0,0.0,13,0,0.0,0.0,2,10.0,10.0,44.44,33.33,9.09,0.4,0.4,0.4,0.8,0.0,668984
ST,Sweeper,BR,1,1.02,0,0,0,,0,,1,0,0.0,0.0,0,0.0,0.0,,3.03,0.0,,,,,,668984
FF,4-Seam Fastball,FB,1263,56.38,313,275,63,20.13,32,10.22,685,148,21.61,11.72,176,13.94,25.65,24.21,49.72,17.8,0.28,0.36,0.4,0.76,0.12,669022
CU,Curveball,BR,482,21.52,124,116,44,35.48,5,4.03,200,67,33.5,13.9,108,22.41,36.31,30.08,25.7,24.04,0.224,0.266,0.284,0.55,0.0599999999999999,669022
CH,Changeup,OS,277,12.37,54,50,14,25.93,3,5.56,129,66,51.16,23.83,23,8.3,32.13,25.29,9.41,20.9,0.28,0.321,0.48,0.8009999999999999,0.1999999999999999,669022
FC,Cutter,FB,216,9.64,55,44,19,34.55,6,10.91,127,49,38.58,22.69,4,1.85,24.54,41.55,14.89,17.92,0.182,0.309,0.341,0.65,0.159,669022
SL,Slider,BR,1,0.04,0,0,0,,0,,0,0,,0.0,0,0.0,0.0,0.0,0.14,0.0,,,,,,669022
,,,1,0.04,1,1,1,100.0,0,0.0,0,0,,0.0,0,0.0,0.0,,0.14,100.0,0.0,0.0,0.0,0.0,0.0,669022
SI,Sinker,FB,343,40.21,100,93,16,16.0,4,4.0,167,20,11.98,5.83,73,21.28,27.11,31.21,30.08,22.54,0.237,0.29,0.323,0.613,0.086,669060
FC,Cutter,FB,272,31.89,72,66,11,15.28,4,5.56,142,39,27.46,14.34,42,15.44,29.78,20.87,16.53,28.21,0.197,0.239,0.242,0.481,0.0449999999999999,669060
CU,Curveball,BR,136,15.94,37,37,6,16.22,0,0.0,69,18,26.09,13.24,24,17.65,30.88,33.85,21.19,12.0,0.27,0.27,0.649,0.919,0.379,669060
FF,4-Seam Fastball,FB,94,11.02,37,34,13,35.14,2,5.41,55,16,29.09,17.02,5,5.32,22.34,32.61,31.36,17.57,0.324,0.378,0.676,1.054,0.352,669060
CH,Changeup,OS,8,0.94,1,1,0,0.0,0,0.0,2,1,50.0,12.5,0,0.0,12.5,25.0,0.85,0.0,0.0,0.0,0.0,0.0,0.0,669060
FF,4-Seam Fastball,FB,369,47.13,70,59,22,31.43,11,15.71,173,52,30.06,14.09,40,10.84,24.93,20.3,45.98,18.33,0.22,0.343,0.424,0.767,0.204,669062
CH,Changeup,OS,364,46.49,95,83,18,18.95,11,11.58,170,45,26.47,12.36,54,14.84,27.2,29.63,44.06,15.65,0.229,0.316,0.373,0.6890000000000001,0.144,669062
ST,Sweeper,BR,49,6.26,11,10,7,63.64,1,9.09,17,3,17.65,6.12,13,26.53,32.65,4.76,9.96,26.92,0.3,0.364,0.8,1.164,0.5,669062
,,,1,0.13,0,0,0,,0,,0,0,,0.0,0,0.0,0.0,,0.0,,,,,,,669062
FF,4-Seam Fastball,FB,262,42.26,68,56,9,13.24,11,16.18,127,18,14.17,6.87,46,17.56,24.43,21.1,39.9,11.69,0.429,0.522,0.625,1.147,0.196,669084
CH,Changeup,OS,155,25.0,40,36,8,20.0,4,10.0,73,26,35.62,16.77,13,8.39,25.16,31.31,22.28,18.6,0.194,0.275,0.361,0.636,0.1669999999999999,669084
CU,Curveball,BR,142,22.9,22,19,5,22.73,2,9.09,45,10,22.22,7.04,41,28.87,35.92,22.22,17.1,15.15,0.211,0.318,0.368,0.6859999999999999,0.157,669084
SL,Slider,BR,57,9.19,23,21,12,52.17,1,4.35,33,14,42.42,24.56,4,7.02,31.58,47.22,20.21,30.77,0.19,0.261,0.238,0.499,0.0479999999999999,669084
SI,Sinker,FB,3,0.48,0,0,0,,0,,1,0,0.0,0.0,2,66.67,66.67,100.0,0.52,0.0,,,,,,669084
,,,1,0.16,0,0,0,,0,,0,0,,0.0,0,0.0,0.0,,0.0,,,,,,,669084
FF,4-Seam Fastball,FB,334,56.04,81,71,31,38.27,8,9.88,199,79,39.7,23.65,37,11.08,34.73,34.04,52.94,28.7,0.197,0.272,0.366,0.638,0.1689999999999999,669093
SL,Slider,BR,186,31.21,42,39,13,30.95,3,7.14,91,30,32.97,16.13,31,16.67,32.8,32.97,25.0,25.49,0.282,0.333,0.333,0.666,0.051,669093
FS,Split-Finger,OS,70,11.74,24,22,13,54.17,1,4.17,33,16,48.48,22.86,6,8.57,31.43,26.67,21.57,29.55,0.182,0.208,0.182,0.39,0.0,669093
,,,5,0.84,1,0,0,0.0,1,100.0,0,0,,0.0,0,0.0,0.0,,0.0,,,1.0,,,,669093
SI,Sinker,FB,1,0.17,0,0,0,,0,,0,0,,0.0,0,0.0,0.0,0.0,0.49,0.0,,,,,,669093
SL,Slider,BR,54,70.13,14,12,9,64.29,1,7.14,25,15,60.0,27.78,13,24.07,51.85,40.62,75.0,60.0,0.0,0.077,0.0,0.077,0.0,669111
FF,4-Seam Fastball,FB,22,28.57,6,5,0,0.0,1,16.67,9,2,22.22,9.09,5,22.73,31.82,25.0,25.0,0.0,0.4,0.5,0.4,0.9,0.0,669111
FC,Cutter,FB,1,1.3,0,0,0,,0,,0,0,,0.0,0,0.0,0.0,0.0,0.0,,,,,,,669111
CH,Changeup,OS,17,51.52,4,4,0,0.0,0,0.0,11,3,27.27,17.65,2,11.76,29.41,50.0,42.86,0.0,0.0,0.0,0.0,0.0,0.0,669165
FF,4-Seam Fastball,FB,11,33.33,5,4,1,20.0,1,20.0,7,2,28.57,18.18,1,9.09,27.27,0.0,42.86,33.33,0.5,0.6,0.5,1.1,0.0,669165
CU,Curveball,BR,2,6.06,1,1,0,0.0,0,0.0,1,0,0.0,0.0,0,0.0,0.0,50.0,0.0,,1.0,1.0,1.0,2.0,0.0,669165
SI,Sinker,FB,2,6.06,1,1,0,0.0,0,0.0,1,0,0.0,0.0,0,0.0,0.0,50.0,14.29,0.0,0.0,0.0,0.0,0.0,0.0,669165
SL,Slider,BR,1,3.03,0,0,0,,0,,1,0,0.0,0.0,0,0.0,0.0,,0.0,,,,,,,669165
ST,Sweeper,BR,35,43.21,9,7,3,33.33,1,11.11,12,5,41.67,14.29,7,20.0,34.29,20.0,62.5,20.0,0.0,0.222,0.0,0.222,0.0,669169
SL,Slider,BR,23,28.4,4,2,0,0.0,2,50.0,11,3,27.27,13.04,3,13.04,26.09,18.18,12.5,0.0,0.5,0.75,0.5,1.25,0.0,669169
CU,Curveball,BR,14,17.28,3,3,0,0.0,0,0.0,5,0,0.0,0.0,3,21.43,21.43,14.29,20.83,0.0,0.333,0.333,0.333,0.666,0.0,669169
FF,4-Seam Fastball,FB,9,11.11,5,5,0,0.0,0,0.0,7,0,0.0,0.0,0,0.0,0.0,33.33,4.17,0.0,0.6,0.6,1.8,2.4,1.2000000000000002,669169
FF,4-Seam Fastball,FB,668,57.49,168,153,50,29.76,10,5.95,375,82,21.87,12.28,111,16.62,28.89,31.37,59.06,22.22,0.281,0.333,0.418,0.751,0.1369999999999999,669194
FC,Cutter,FB,224,19.28,70,67,7,10.0,2,2.86,117,18,15.38,8.04,39,17.41,25.45,30.21,12.6,14.58,0.328,0.343,0.567,0.91,0.2389999999999999,669194
SL,Slider,BR,200,17.21,56,53,7,12.5,2,3.57,94,15,15.96,7.5,27,13.5,21.0,28.32,20.73,8.86,0.226,0.25,0.34,0.5900000000000001,0.114,669194
ST,Sweeper,BR,40,3.44,13,13,3,23.08,0,0.0,20,4,20.0,10.0,2,5.0,15.0,33.33,4.99,15.79,0.462,0.462,0.846,1.308,0.3839999999999999,669194
CU,Curveball,BR,26,2.24,8,8,1,12.5,0,0.0,14,4,28.57,15.38,3,11.54,26.92,42.86,2.1,12.5,0.125,0.125,0.25,0.375,0.125,669194
CH,Changeup,OS,3,0.26,1,1,0,0.0,0,0.0,2,1,50.0,33.33,0,0.0,33.33,0.0,0.52,0.0,1.0,1.0,1.0,2.0,0.0,669194
,,,1,0.09,0,0,0,,0,,0,0,,0.0,0,0.0,0.0,,0.0,,,,,,,669194
FF,4-Seam Fastball,FB,34,53.12,11,10,2,18.18,1,9.09,22,7,31.82,20.59,4,11.76,32.35,38.46,46.67,28.57,0.3,0.364,0.7,1.064,0.3999999999999999,669199
ST,Sweeper,BR,19,29.69,6,6,2,33.33,0,0.0,9,3,33.33,15.79,4,21.05,36.84,45.45,40.0,33.33,0.333,0.333,0.333,0.666,0.0,669199
FS,Split-Finger,OS,11,17.19,1,1,1,100.0,0,0.0,3,2,66.67,18.18,0,0.0,18.18,12.5,13.33,50.0,0.0,0.0,0.0,0.0,0.0,669199
FC,Cutter,FB,620,39.59,171,158,27,15.79,12,7.02,336,80,23.81,12.9,116,18.71,31.61,30.65,29.57,18.75,0.272,0.324,0.449,0.773,0.177,669203
SL,Slider,BR,351,22.41,87,83,30,34.48,4,4.6,197,90,45.69,25.64,21,5.98,31.62,45.93,30.18,20.41,0.193,0.23,0.241,0.471,0.0479999999999999,669203
CU,Curveball,BR,290,18.52,69,66,23,33.33,1,1.45,126,45,35.71,15.52,62,21.38,36.9,32.45,19.3,24.47,0.258,0.261,0.455,0.716,0.197,669203
SI,Sinker,FB,229,14.62,58,50,6,10.34,6,10.34,106,17,16.04,7.42,18,7.86,15.28,27.78,10.68,11.54,0.22,0.328,0.34,0.668,0.12,669203
ST,Sweeper,BR,56,3.58,18,17,7,38.89,1,5.56,36,17,47.22,30.36,2,3.57,33.93,51.35,6.98,20.59,0.118,0.167,0.471,0.638,0.353,669203
CH,Changeup,OS,15,0.96,9,9,7,77.78,0,0.0,4,1,25.0,6.67,6,40.0,46.67,0.0,3.08,46.67,0.111,0.111,0.111,0.222,0.0,669203
FF,4-Seam Fastball,FB,3,0.19,0,0,0,,0,,1,0,0.0,0.0,0,0.0,0.0,0.0,0.0,,,,,,,669203
PO,Pitch Out,,1,0.06,0,0,0,,0,,0,0,,0.0,0,0.0,0.0,0.0,0.21,0.0,,,,,,669203
,,,1,0.06,0,0,0,,0,,0,0,,0.0,0,0.0,0.0,,0.0,,,,,,,669203
FF,4-Seam Fastball,FB,398,58.62,99,86,31,31.31,7,7.07,200,61,30.5,15.33,83,20.85,36.18,26.95,55.92,26.27,0.186,0.245,0.337,0.5820000000000001,0.151,669211
SL,Slider,BR,157,23.12,35,33,14,40.0,1,2.86,65,22,33.85,14.01,35,22.29,36.31,20.0,19.91,33.33,0.182,0.2,0.515,0.7150000000000001,0.333,669211
CH,Changeup,OS,120,17.67,38,36,11,28.95,2,5.26,57,15,26.32,12.5,7,5.83,18.33,32.53,24.17,21.57,0.222,0.263,0.333,0.5960000000000001,0.111,669211
,,,4,0.59,1,0,0,0.0,1,100.0,0,0,,0.0,0,0.0,0.0,,0.0,,,1.0,,,,669211
SL,Slider,BR,172,44.91,43,39,11,25.58,3,6.98,80,31,38.75,18.02,22,12.79,30.81,35.24,47.45,16.92,0.231,0.279,0.41,0.6890000000000001,0.1789999999999999,669212
FF,4-Seam Fastball,FB,142,37.08,31,27,6,19.35,3,9.68,69,14,20.29,9.86,25,17.61,27.46,25.0,29.2,15.0,0.111,0.2,0.222,0.422,0.111,669212
CH,Changeup,OS,68,17.75,20,18,6,30.0,1,5.0,45,12,26.67,17.65,10,14.71,32.35,58.06,23.36,18.75,0.111,0.158,0.167,0.325,0.056,669212
,,,1,0.26,0,0,0,,0,,0,0,,0.0,0,0.0,0.0,,0.0,,,,,,,669212
FC,Cutter,FB,33,49.25,11,11,3,27.27,0,0.0,19,7,36.84,21.21,5,15.15,36.36,30.77,55.56,30.0,0.273,0.273,0.545,0.8180000000000001,0.272,669270
SI,Sinker,FB,21,31.34,8,8,0,0.0,0,0.0,14,0,0.0,0.0,1,4.76,4.76,25.0,5.56,0.0,0.125,0.125,0.25,0.375,0.125,669270
FF,4-Seam Fastball,FB,6,8.96,1,1,0,0.0,0,0.0,5,1,20.0,16.67,1,16.67,33.33,,16.67,0.0,1.0,1.0,1.0,2.0,0.0,669270
CH,Changeup,OS,4,5.97,1,0,0,0.0,0,0.0,0,0,,0.0,0,0.0,0.0,0.0,11.11,0.0,,1.0,,,,669270
CU,Curveball,BR,1,1.49,0,0,0,,0,,0,0,,0.0,1,100.0,100.0,,0.0,,,,,,,669270
SL,Slider,BR,1,1.49,0,0,0,,0,,0,0,,0.0,0,0.0,0.0,0.0,5.56,0.0,,,,,,669270
,,,1,1.49,0,0,0,,0,,0,0,,0.0,0,0.0,0.0,,5.56,0.0,,,,,,669270
SL,Slider,BR,295,49.0,69,62,24,34.78,6,8.7,167,74,44.31,25.08,36,12.2,37.29,40.91,48.86,27.91,0.145,0.217,0.226,0.443,0.081,669276
FF,4-Seam Fastball,FB,187,31.06,55,49,14,25.45,5,9.09,90,21,23.33,11.23,37,19.79,31.02,17.07,32.39,24.56,0.224,0.296,0.408,0.704,0.1839999999999999,669276
CH,Changeup,OS,100,16.61,33,32,6,18.18,1,3.03,59,26,44.07,26.0,3,3.0,29.0,40.32,17.05,20.0,0.25,0.273,0.375,0.648,0.125,669276
,,,20,3.32,6,1,1,16.67,5,83.33,1,0,0.0,0.0,0,0.0,0.0,,1.7,33.33,0.0,0.833,0.0,0.833,0.0,669276
SL,Slider,BR,537,32.17,148,141,28,18.92,5,3.38,296,94,31.76,17.5,91,16.95,34.45,36.73,27.18,20.0,0.22,0.245,0.411,0.6559999999999999,0.1909999999999999,669302
FF,4-Seam Fastball,FB,533,31.94,138,128,22,15.94,9,6.52,258,47,18.22,8.82,114,21.39,30.21,21.26,23.3,18.33,0.164,0.217,0.305,0.522,0.141,669302
ST,Sweeper,BR,225,13.48,66,61,25,37.88,1,1.52,113,41,36.28,18.22,21,9.33,27.56,38.36,19.42,25.0,0.148,0.172,0.23,0.402,0.082,669302
FS,Split-Finger,OS,209,12.52,58,55,36,62.07,2,3.45,101,49,48.51,23.44,8,3.83,27.27,36.94,26.21,26.67,0.091,0.138,0.182,0.32,0.091,669302
FC,Cutter,FB,121,7.25,28,27,2,7.14,1,3.57,58,17,29.31,14.05,20,16.53,30.58,20.34,3.11,12.5,0.296,0.321,0.556,0.877,0.26,669302
SI,Sinker,FB,42,2.52,7,6,0,0.0,0,0.0,17,1,5.88,2.38,8,19.05,21.43,10.0,0.58,0.0,0.333,0.429,0.333,0.762,0.0,669302
UN,Unknown,,1,0.06,0,0,0,,0,,0,0,,0.0,0,0.0,0.0,0.0,0.19,0.0,,,,,,669302
,,,1,0.06,1,0,0,0.0,1,100.0,0,0,,0.0,0,0.0,0.0,,0.0,,,1.0,,,,669302
SL,Slider,BR,64,48.85,16,15,9,56.25,0,0.0,30,14,46.67,21.88,13,20.31,42.19,45.0,52.17,37.5,0.067,0.062,0.067,0.129,0.0,669308
FF,4-Seam Fastball,FB,62,47.33,11,10,5,45.45,1,9.09,28,8,28.57,12.9,12,19.35,32.26,29.03,39.13,27.78,0.2,0.273,0.3,0.573,0.0999999999999999,669308
ST,Sweeper,BR,5,3.82,1,1,0,0.0,0,0.0,3,1,33.33,20.0,0,0.0,20.0,0.0,8.7,0.0,1.0,1.0,1.0,2.0,0.0,669308
FF,4-Seam Fastball,FB,63,35.2,19,19,5,26.32,0,0.0,37,10,27.03,15.87,8,12.7,28.57,43.75,38.18,23.81,0.316,0.316,0.842,1.158,0.526,669330
CU,Curveball,BR,34,18.99,8,8,1,12.5,0,0.0,19,8,42.11,23.53,4,11.76,35.29,38.89,10.91,16.67,0.125,0.125,0.125,0.25,0.0,669330
FC,Cutter,FB,31,17.32,8,8,3,37.5,0,0.0,17,6,35.29,19.35,6,19.35,38.71,43.75,14.55,37.5,0.25,0.25,0.625,0.875,0.375,669330
CH,Changeup,OS,26,14.53,5,5,2,40.0,0,0.0,12,4,33.33,15.38,4,15.38,30.77,15.38,20.0,18.18,0.0,0.0,0.0,0.0,0.0,669330
SL,Slider,BR,25,13.97,6,5,1,16.67,1,16.67,12,4,33.33,16.0,3,12.0,28.0,41.18,16.36,11.11,0.6,0.667,1.0,1.667,0.4,669330
FF,4-Seam Fastball,FB,248,46.01,68,61,14,20.59,5,7.35,123,28,22.76,11.29,48,19.35,30.65,24.04,37.67,25.45,0.295,0.353,0.344,0.697,0.0489999999999999,669358
SL,Slider,BR,178,33.02,42,37,7,16.67,4,9.52,89,24,26.97,13.48,20,11.24,24.72,26.88,34.93,13.73,0.162,0.238,0.351,0.589,0.1889999999999999,669358
KC,Knuckle Curve,BR,102,18.92,39,38,14,35.9,0,0.0,57,17,29.82,16.67,18,17.65,34.31,30.0,26.03,36.84,0.211,0.231,0.263,0.494,0.052,669358
CH,Changeup,OS,10,1.86,3,3,1,33.33,0,0.0,4,2,50.0,20.0,1,10.0,30.0,0.0,1.37,50.0,0.333,0.333,0.333,0.666,0.0,669358
,,,1,0.19,0,0,0,,0,,0,0,,0.0,0,0.0,0.0,,0.0,,,,,,,669358
SI,Sinker,FB,133,55.42,39,35,5,12.82,3,7.69,65,15,23.08,11.28,20,15.04,26.32,27.69,37.29,22.73,0.314,0.385,0.429,0.8140000000000001,0.1149999999999999,669372
SL,Slider,BR,98,40.83,27,26,11,40.74,1,3.7,46,22,47.83,22.45,14,14.29,36.73,35.59,49.15,37.93,0.115,0.148,0.115,0.263,0.0,669372
CH,Changeup,OS,5,2.08,0,0,0,,0,,0,0,,0.0,0,0.0,0.0,0.0,6.78,0.0,,,,,,669372
FF,4-Seam Fastball,FB,4,1.67,1,1,1,100.0,0,0.0,3,1,33.33,25.0,0,0.0,25.0,50.0,6.78,25.0,0.0,0.0,0.0,0.0,0.0,669372
FF,4-Seam Fastball,FB,906,37.13,223,203,70,31.39,14,6.28,479,130,27.14,14.35,160,17.66,32.01,25.56,37.75,24.31,0.202,0.267,0.296,0.563,0.0939999999999999,669373
CH,Changeup,OS,722,29.59,219,211,73,33.33,6,2.74,435,200,45.98,27.7,85,11.77,39.47,46.23,32.11,29.8,0.209,0.228,0.303,0.531,0.094,669373
SI,Sinker,FB,347,14.22,99,96,34,34.34,1,1.01,162,31,19.14,8.93,68,19.6,28.53,17.99,17.43,25.56,0.188,0.212,0.323,0.535,0.135,669373
SL,Slider,BR,317,12.99,68,59,16,23.53,9,13.24,143,46,32.17,14.51,66,20.82,35.33,22.07,9.31,22.54,0.203,0.309,0.441,0.75,0.238,669373
CU,Curveball,BR,118,4.84,17,17,0,0.0,0,0.0,38,6,15.79,5.08,32,27.12,32.2,12.96,1.44,0.0,0.176,0.176,0.353,0.5289999999999999,0.177,669373
,,,27,1.11,4,4,2,50.0,0,0.0,16,6,37.5,22.22,2,7.41,29.63,,1.7,15.38,0.25,0.25,0.25,0.5,0.0,669373
FS,Split-Finger,OS,3,0.12,2,2,0,0.0,0,0.0,2,0,0.0,0.0,0,0.0,0.0,50.0,0.26,0.0,1.0,1.0,1.5,2.5,0.5,669373
FF,4-Seam Fastball,FB,182,38.89,46,37,14,30.43,7,15.22,79,21,26.58,11.54,35,19.23,30.77,19.28,42.64,25.45,0.162,0.311,0.351,0.6619999999999999,0.1889999999999999,669387
SL,Slider,BR,132,28.21,38,35,7,18.42,3,7.89,55,17,30.91,12.88,14,10.61,23.48,18.29,27.91,19.44,0.314,0.368,0.343,0.7110000000000001,0.029,669387
FC,Cutter,FB,82,17.52,15,14,2,13.33,1,6.67,29,6,20.69,7.32,26,31.71,39.02,24.39,4.65,33.33,0.143,0.2,0.214,0.414,0.071,669387
ST,Sweeper,BR,68,14.53,16,15,5,31.25,0,0.0,37,13,35.14,19.12,5,7.35,26.47,42.22,24.81,15.62,0.267,0.25,0.333,0.583,0.066,669387
,,,4,0.85,1,0,0,0.0,1,100.0,0,0,,0.0,0,0.0,0.0,,0.0,,,1.0,,,,669387
FF,4-Seam Fastball,FB,12,50.0,3,2,0,0.0,1,33.33,4,1,25.0,8.33,2,16.67,25.0,16.67,42.86,0.0,1.0,1.0,1.0,2.0,0.0,669391
SL,Slider,BR,10,41.67,2,2,0,0.0,0,0.0,4,0,0.0,0.0,2,20.0,20.0,20.0,42.86,0.0,1.0,1.0,3.0,4.0,2.0,669391
CH,Changeup,OS,1,4.17,1,1,0,0.0,0,0.0,1,0,0.0,0.0,0,0.0,0.0,,14.29,0.0,1.0,1.0,1.0,2.0,0.0,669391
SI,Sinker,FB,1,4.17,0,0,0,,0,,1,0,0.0,0.0,0,0.0,0.0,,0.0,,,,,,,669391
FC,Cutter,FB,3,42.86,1,1,1,100.0,0,0.0,1,1,100.0,33.33,1,33.33,66.67,50.0,40.0,50.0,0.0,0.0,0.0,0.0,0.0,669395
FF,4-Seam Fastball,FB,3,42.86,0,0,0,,0,,1,0,0.0,0.0,1,33.33,33.33,0.0,40.0,0.0,,,,,,669395
ST,Sweeper,BR,1,14.29,0,0,0,,0,,0,0,,0.0,0,0.0,0.0,0.0,20.0,0.0,,,,,,669395
FF,4-Seam Fastball,FB,72,43.64,20,15,2,10.0,5,25.0,30,3,10.0,4.17,10,13.89,18.06,21.43,27.5,18.18,0.333,0.5,0.533,1.033,0.2,669422
ST,Sweeper,BR,59,35.76,16,16,3,18.75,0,0.0,31,8,25.81,13.56,7,11.86,25.42,28.12,45.0,16.67,0.375,0.375,0.75,1.125,0.375,669422
SI,Sinker,FB,20,12.12,7,6,0,0.0,0,0.0,12,1,8.33,5.0,4,20.0,25.0,42.86,2.5,0.0,0.167,0.286,0.333,0.619,0.166,669422
CU,Curveball,BR,12,7.27,4,4,0,0.0,0,0.0,6,0,0.0,0.0,0,0.0,0.0,33.33,22.5,0.0,0.25,0.25,0.25,0.5,0.0,669422
FS,Split-Finger,OS,2,1.21,0,0,0,,0,,0,0,,0.0,0,0.0,0.0,0.0,2.5,0.0,,,,,,669422
FF,4-Seam Fastball,FB,568,33.91,139,115,33,23.74,18,12.95,292,72,24.66,12.68,77,13.56,26.23,26.02,36.82,18.18,0.243,0.341,0.443,0.784,0.2,669432
CH,Changeup,OS,430,25.67,129,124,19,14.73,5,3.88,242,56,23.14,13.02,34,7.91,20.93,42.54,34.73,11.45,0.315,0.341,0.427,0.768,0.1119999999999999,669432
SI,Sinker,FB,384,22.93,111,94,12,10.81,13,11.71,162,14,8.64,3.65,89,23.18,26.82,22.22,15.9,15.79,0.277,0.351,0.5,0.851,0.2229999999999999,669432
FC,Cutter,FB,292,17.43,51,46,8,15.69,3,5.88,99,28,28.28,9.59,59,20.21,29.79,19.53,12.55,13.33,0.261,0.333,0.5,0.833,0.239,669432
,,,1,0.06,1,0,0,0.0,1,100.0,0,0,,0.0,0,0.0,0.0,,0.0,,,1.0,,,,669432
CH,Changeup,OS,60,24.59,13,13,6,46.15,0,0.0,30,13,43.33,21.67,8,13.33,35.0,33.33,33.33,22.22,0.077,0.077,0.308,0.385,0.2309999999999999,669438
FF,4-Seam Fastball,FB,49,20.08,15,12,3,20.0,3,20.0,23,3,13.04,6.12,8,16.33,22.45,30.77,27.16,13.64,0.25,0.4,0.583,0.983,0.3329999999999999,669438
SL,Slider,BR,47,19.26,14,14,5,35.71,0,0.0,28,15,53.57,31.91,6,12.77,44.68,41.67,17.28,35.71,0.214,0.214,0.214,0.428,0.0,669438
FC,Cutter,FB,41,16.8,8,8,1,12.5,0,0.0,18,5,27.78,12.2,8,19.51,31.71,21.74,11.11,11.11,0.25,0.25,0.375,0.625,0.125,669438
SI,Sinker,FB,36,14.75,9,8,0,0.0,0,0.0,18,3,16.67,8.33,4,11.11,19.44,23.81,4.94,0.0,0.375,0.444,1.0,1.444,0.625,669438
SV,Slurve,BR,7,2.87,1,1,0,0.0,0,0.0,5,2,40.0,28.57,0,0.0,28.57,50.0,6.17,0.0,0.0,0.0,0.0,0.0,0.0,669438
,,,4,1.64,1,0,0,0.0,1,100.0,0,0,,0.0,0,0.0,0.0,,0.0,,,1.0,,,,669438
FF,4-Seam Fastball,FB,34,43.04,6,6,0,0.0,0,0.0,13,0,0.0,0.0,10,29.41,29.41,7.14,21.05,0.0,0.5,0.5,0.667,1.167,0.167,669456
SL,Slider,BR,32,40.51,12,12,6,50.0,0,0.0,20,13,65.0,40.62,2,6.25,46.88,50.0,52.63,60.0,0.167,0.167,0.25,0.417,0.0829999999999999,669456
CH,Changeup,OS,10,12.66,4,4,2,50.0,0,0.0,6,4,66.67,40.0,0,0.0,40.0,33.33,21.05,50.0,0.25,0.25,0.5,0.75,0.25,669456
FC,Cutter,FB,3,3.8,1,1,1,100.0,0,0.0,2,2,100.0,66.67,0,0.0,66.67,0.0,5.26,100.0,0.0,0.0,0.0,0.0,0.0,669456
FC,Cutter,FB,31,49.21,9,8,0,0.0,0,0.0,15,1,6.67,3.23,8,25.81,29.03,33.33,22.22,0.0,0.375,0.333,0.875,1.208,0.5,669459
SL,Slider,BR,20,31.75,6,6,2,33.33,0,0.0,15,7,46.67,35.0,1,5.0,40.0,58.33,61.11,18.18,0.167,0.167,0.167,0.334,0.0,669459
FF,4-Seam Fastball,FB,8,12.7,4,4,1,25.0,0,0.0,5,1,20.0,12.5,1,12.5,25.0,0.0,16.67,33.33,0.0,0.0,0.0,0.0,0.0,669459
,,,4,6.35,1,0,0,0.0,1,100.0,0,0,,0.0,0,0.0,0.0,,0.0,,,1.0,,,,669459
FF,4-Seam Fastball,FB,257,30.34,46,40,5,10.87,4,8.7,114,21,18.42,8.17,46,17.9,26.07,20.18,17.91,10.42,0.275,0.333,0.7,1.033,0.4249999999999999,669461
SL,Slider,BR,181,21.37,70,63,18,25.71,7,10.0,117,38,32.48,20.99,16,8.84,29.83,45.98,32.84,20.45,0.254,0.329,0.349,0.6779999999999999,0.0949999999999999,669461
SI,Sinker,FB,151,17.83,45,39,9,20.0,6,13.33,92,15,16.3,9.93,23,15.23,25.17,32.79,24.25,13.85,0.308,0.4,0.615,1.015,0.307,669461
FC,Cutter,FB,117,13.81,27,21,2,7.41,4,14.81,69,15,21.74,12.82,10,8.55,21.37,33.93,6.34,11.76,0.429,0.5,0.714,1.214,0.285,669461
CU,Curveball,BR,67,7.91,21,19,11,52.38,0,0.0,25,7,28.0,10.45,12,17.91,28.36,21.05,16.42,25.0,0.105,0.143,0.105,0.248,0.0,669461
CH,Changeup,OS,62,7.32,8,8,0,0.0,0,0.0,25,5,20.0,8.06,7,11.29,19.35,17.14,2.24,0.0,0.0,0.0,0.0,0.0,0.0,669461
,,,12,1.42,3,0,0,0.0,3,100.0,0,0,,0.0,0,0.0,0.0,,0.0,,,1.0,,,,669461
SI,Sinker,FB,369,35.45,96,84,12,12.5,10,10.42,173,23,13.29,6.23,59,15.99,22.22,29.74,26.97,14.63,0.274,0.365,0.381,0.746,0.1069999999999999,669467
SL,Slider,BR,308,29.59,81,78,20,24.69,3,3.7,141,41,29.08,13.31,45,14.61,27.92,26.06,34.54,19.05,0.295,0.321,0.436,0.757,0.141,669467
FF,4-Seam Fastball,FB,250,24.02,66,54,2,3.03,11,16.67,103,8,7.77,3.2,53,21.2,24.4,10.89,11.84,5.56,0.296,0.415,0.426,0.841,0.13,669467
KC,Knuckle Curve,BR,84,8.07,21,21,12,57.14,0,0.0,38,10,26.32,11.9,6,7.14,19.05,25.93,22.37,17.65,0.095,0.095,0.238,0.3329999999999999,0.143,669467
,,,27,2.59,6,6,3,50.0,0,0.0,14,3,21.43,11.11,4,14.81,25.93,,3.62,27.27,0.167,0.167,0.667,0.8340000000000001,0.5,669467
PO,Pitch Out,,3,0.29,0,0,0,,0,,0,0,,0.0,0,0.0,0.0,0.0,0.66,0.0,,,,,,669467
FF,4-Seam Fastball,FB,128,50.79,33,30,4,12.12,3,9.09,63,8,12.7,6.25,24,18.75,25.0,22.41,42.19,14.81,0.267,0.333,0.4,0.7330000000000001,0.133,669620
CU,Curveball,BR,51,20.24,15,15,7,46.67,0,0.0,22,9,40.91,17.65,11,21.57,39.22,41.38,37.5,29.17,0.267,0.267,0.267,0.534,0.0,669620
CH,Changeup,OS,43,17.06,15,14,2,13.33,1,6.67,22,5,22.73,11.63,4,9.3,20.93,28.0,12.5,25.0,0.357,0.4,0.571,0.971,0.2139999999999999,669620
FC,Cutter,FB,30,11.9,5,5,0,0.0,0,0.0,9,2,22.22,6.67,5,16.67,23.33,15.79,7.81,0.0,0.6,0.6,1.2,1.7999999999999998,0.6,669620
ST,Sweeper,BR,337,53.83,73,69,30,41.1,3,4.11,157,53,33.76,15.73,67,19.88,35.61,33.91,63.95,20.13,0.116,0.151,0.159,0.31,0.043,669622
SI,Sinker,FB,274,43.77,65,56,12,18.46,6,9.23,105,10,9.52,3.65,77,28.1,31.75,20.51,33.05,15.58,0.339,0.422,0.464,0.886,0.125,669622
SL,Slider,BR,11,1.76,4,4,1,25.0,0,0.0,5,1,20.0,9.09,3,27.27,36.36,50.0,1.72,25.0,0.0,0.0,0.0,0.0,0.0,669622
FF,4-Seam Fastball,FB,2,0.32,1,0,0,0.0,0,0.0,0,0,,0.0,0,0.0,0.0,0.0,0.43,0.0,,1.0,,,,669622
FC,Cutter,FB,1,0.16,0,0,0,,0,,1,0,0.0,0.0,0,0.0,0.0,,0.43,0.0,,,,,,669622
CH,Changeup,OS,1,0.16,1,1,1,100.0,0,0.0,1,1,100.0,100.0,0,0.0,100.0,100.0,0.43,100.0,0.0,0.0,0.0,0.0,0.0,669622
FF,4-Seam Fastball,FB,157,38.57,49,42,12,24.49,6,12.24,81,18,22.22,11.46,28,17.83,29.3,32.05,42.99,26.09,0.262,0.354,0.452,0.806,0.19,669674
CU,Curveball,BR,105,25.8,12,11,5,41.67,1,8.33,27,7,25.93,6.67,31,29.52,36.19,13.79,16.82,27.78,0.091,0.167,0.091,0.258,0.0,669674
SL,Slider,BR,81,19.9,24,22,9,37.5,2,8.33,48,18,37.5,22.22,5,6.17,28.4,41.67,30.84,27.27,0.227,0.292,0.455,0.747,0.228,669674
FS,Split-Finger,OS,60,14.74,15,13,0,0.0,1,6.67,26,6,23.08,10.0,3,5.0,15.0,19.44,8.41,0.0,0.154,0.2,0.154,0.354,0.0,669674
,,,4,0.98,2,0,0,0.0,2,100.0,0,0,,0.0,0,0.0,0.0,,0.93,0.0,,1.0,,,,669674
SI,Sinker,FB,263,45.98,72,67,8,11.11,5,6.94,112,12,10.71,4.56,75,28.52,33.08,28.28,18.13,25.81,0.328,0.375,0.388,0.763,0.06,669711
ST,Sweeper,BR,190,33.22,41,37,7,17.07,2,4.88,78,19,24.36,10.0,35,18.42,28.42,29.09,32.75,12.5,0.324,0.341,0.405,0.746,0.081,669711
FF,4-Seam Fastball,FB,105,18.36,34,33,17,50.0,0,0.0,66,15,22.73,14.29,15,14.29,28.57,35.14,42.69,23.29,0.091,0.088,0.121,0.209,0.03,669711
SL,Slider,BR,8,1.4,0,0,0,,0,,2,0,0.0,0.0,0,0.0,0.0,14.29,3.51,0.0,,,,,,669711
FC,Cutter,FB,4,0.7,3,3,3,100.0,0,0.0,3,3,100.0,75.0,0,0.0,75.0,66.67,2.34,75.0,0.0,0.0,0.0,0.0,0.0,669711
CH,Changeup,OS,1,0.17,0,0,0,,0,,0,0,,0.0,0,0.0,0.0,0.0,0.58,0.0,,,,,,669711
,,,1,0.17,0,0,0,,0,,0,0,,0.0,0,0.0,0.0,,0.0,,,,,,,669711
ST,Sweeper,BR,299,48.38,70,66,31,44.29,4,5.71,124,54,43.55,18.06,60,20.07,38.13,35.56,61.73,25.62,0.197,0.243,0.379,0.622,0.182,669713
FF,4-Seam Fastball,FB,173,27.99,52,48,9,17.31,4,7.69,89,13,14.61,7.51,27,15.61,23.12,24.0,32.14,14.29,0.208,0.269,0.417,0.6859999999999999,0.209,669713
SI,Sinker,FB,120,19.42,26,23,1,3.85,3,11.54,57,7,12.28,5.83,19,15.83,21.67,28.12,4.59,11.11,0.261,0.346,0.522,0.868,0.261,669713
FC,Cutter,FB,25,4.05,11,9,1,9.09,2,18.18,13,3,23.08,12.0,6,24.0,36.0,33.33,1.53,33.33,0.222,0.364,0.222,0.586,0.0,669713
,,,1,0.16,0,0,0,,0,,0,0,,0.0,0,0.0,0.0,,0.0,,,,,,,669713
FF,4-Seam Fastball,FB,118,49.58,26,25,6,23.08,1,3.85,54,7,12.96,5.93,34,28.81,34.75,29.41,48.0,16.67,0.48,0.5,0.72,1.22,0.24,669721
SL,Slider,BR,96,40.34,30,28,7,23.33,2,6.67,56,15,26.79,15.62,8,8.33,23.96,38.89,41.33,22.58,0.25,0.3,0.464,0.764,0.214,669721
CU,Curveball,BR,17,7.14,4,4,0,0.0,0,0.0,7,3,42.86,17.65,0,0.0,17.65,16.67,4.0,0.0,0.25,0.25,0.5,0.75,0.25,669721
CH,Changeup,OS,6,2.52,1,1,0,0.0,0,0.0,4,0,0.0,0.0,0,0.0,0.0,33.33,5.33,0.0,0.0,0.0,0.0,0.0,0.0,669721
FS,Split-Finger,OS,1,0.42,1,1,0,0.0,0,0.0,1,0,0.0,0.0,0,0.0,0.0,100.0,1.33,0.0,1.0,1.0,2.0,3.0,1.0,669721
SI,Sinker,FB,186,61.59,54,52,7,12.96,2,3.7,90,9,10.0,4.84,42,22.58,27.42,31.33,48.04,14.29,0.25,0.278,0.269,0.547,0.019,669724
SL,Slider,BR,85,28.15,20,20,2,10.0,0,0.0,42,5,11.9,5.88,13,15.29,21.18,17.95,29.41,6.67,0.25,0.25,0.45,0.7,0.2,669724
FF,4-Seam Fastball,FB,30,9.93,8,8,6,75.0,0,0.0,16,6,37.5,20.0,3,10.0,30.0,21.43,21.57,27.27,0.25,0.25,0.625,0.875,0.375,669724
CH,Changeup,OS,1,0.33,1,1,0,0.0,0,0.0,1,0,0.0,0.0,0,0.0,0.0,,0.98,0.0,1.0,1.0,1.0,2.0,0.0,669724
SL,Slider,BR,29,54.72,9,7,1,11.11,2,22.22,15,4,26.67,13.79,5,17.24,31.03,30.77,76.92,10.0,0.143,0.333,0.571,0.904,0.4279999999999999,669796
FF,4-Seam Fastball,FB,20,37.74,4,4,0,0.0,0,0.0,9,2,22.22,10.0,4,20.0,30.0,28.57,23.08,0.0,0.25,0.25,0.25,0.5,0.0,669796
,,,4,7.55,1,0,0,0.0,1,100.0,0,0,,0.0,0,0.0,0.0,,0.0,,,1.0,,,,669796
SL,Slider,BR,554,42.07,152,140,41,26.97,9,5.92,317,126,39.75,22.74,63,11.37,34.12,45.02,47.34,20.92,0.193,0.237,0.229,0.4659999999999999,0.036,669854
FF,4-Seam Fastball,FB,490,37.21,96,79,19,19.79,16,16.67,213,44,20.66,8.98,100,20.41,29.39,21.46,28.99,15.83,0.215,0.354,0.519,0.873,0.304,669854
CH,Changeup,OS,194,14.73,59,52,19,32.2,7,11.86,103,31,30.1,15.98,27,13.92,29.9,28.72,18.36,25.0,0.192,0.288,0.365,0.653,0.173,669854
CU,Curveball,BR,79,6.0,19,19,5,26.32,0,0.0,29,9,31.03,11.39,10,12.66,24.05,20.75,5.31,22.73,0.053,0.053,0.053,0.106,0.0,669854
SI,Sinker,FB,38,31.4,10,9,0,0.0,1,10.0,16,3,18.75,7.89,11,28.95,36.84,20.0,15.62,0.0,0.222,0.3,0.333,0.633,0.111,669912
CH,Changeup,OS,35,28.93,8,7,1,12.5,1,12.5,11,2,18.18,5.71,1,2.86,8.57,25.93,31.25,10.0,0.429,0.5,0.714,1.214,0.285,669912
FF,4-Seam Fastball,FB,30,24.79,7,4,1,14.29,3,42.86,13,6,46.15,20.0,3,10.0,30.0,12.5,37.5,8.33,0.25,0.571,0.25,0.821,0.0,669912
SL,Slider,BR,18,14.88,3,3,1,33.33,0,0.0,6,1,16.67,5.56,5,27.78,33.33,12.5,15.62,20.0,0.0,0.0,0.0,0.0,0.0,669912
SI,Sinker,FB,543,34.37,164,158,14,8.54,3,1.83,309,32,10.36,5.89,111,20.44,26.34,35.2,22.48,12.07,0.253,0.276,0.323,0.599,0.07,669923
FF,4-Seam Fastball,FB,487,30.82,125,120,44,35.2,5,4.0,299,97,32.44,19.92,47,9.65,29.57,40.76,40.12,21.26,0.233,0.264,0.475,0.739,0.2419999999999999,669923
ST,Sweeper,BR,380,24.05,92,90,23,25.0,0,0.0,163,54,33.13,14.21,67,17.63,31.84,32.49,20.16,21.15,0.189,0.185,0.244,0.429,0.0549999999999999,669923
FS,Split-Finger,OS,90,5.7,27,24,9,33.33,0,0.0,51,15,29.41,16.67,3,3.33,20.0,35.85,10.47,16.67,0.208,0.296,0.292,0.588,0.0839999999999999,669923
KC,Knuckle Curve,BR,71,4.49,14,14,1,7.14,0,0.0,32,7,21.88,9.86,5,7.04,16.9,32.0,6.01,3.23,0.357,0.357,0.643,1.0,0.286,669923
FC,Cutter,FB,9,0.57,0,0,0,,0,,3,0,0.0,0.0,1,11.11,11.11,37.5,0.78,0.0,,,,,,669923
ST,Sweeper,BR,80,34.19,29,28,8,27.59,1,3.45,44,9,20.45,11.25,12,15.0,26.25,41.46,40.62,30.77,0.214,0.241,0.286,0.5269999999999999,0.0719999999999999,669952
SI,Sinker,FB,61,26.07,14,11,0,0.0,2,14.29,34,8,23.53,13.11,8,13.11,26.23,35.71,17.19,0.0,0.091,0.231,0.091,0.322,0.0,669952
FF,4-Seam Fastball,FB,50,21.37,13,12,2,15.38,1,7.69,31,9,29.03,18.0,4,8.0,26.0,22.73,23.44,13.33,0.333,0.385,0.5,0.885,0.1669999999999999,669952
SL,Slider,BR,27,11.54,7,5,0,0.0,2,28.57,10,2,20.0,7.41,5,18.52,25.93,33.33,7.81,0.0,0.6,0.714,1.0,1.714,0.4,669952
CU,Curveball,BR,12,5.13,1,1,1,100.0,0,0.0,5,1,20.0,8.33,1,8.33,16.67,28.57,10.94,14.29,0.0,0.0,0.0,0.0,0.0,669952
,,,4,1.71,1,0,0,0.0,1,100.0,0,0,,0.0,0,0.0,0.0,,0.0,,,1.0,,,,669952
ST,Sweeper,BR,104,40.94,25,22,5,20.0,2,8.0,53,12,22.64,11.54,12,11.54,23.08,23.21,40.86,13.16,0.364,0.4,0.545,0.945,0.181,670036
FF,4-Seam Fastball,FB,96,37.8,22,20,9,40.91,1,4.55,55,21,38.18,21.88,13,13.54,35.42,28.21,41.94,23.08,0.05,0.136,0.2,0.336,0.15,670036
FC,Cutter,FB,52,20.47,15,13,3,20.0,2,13.33,31,7,22.58,13.46,8,15.38,28.85,38.89,16.13,20.0,0.154,0.267,0.231,0.498,0.077,670036
,,,2,0.79,0,0,0,,0,,0,0,,0.0,0,0.0,0.0,,1.08,0.0,,,,,,670036
FF,4-Seam Fastball,FB,125,44.64,35,32,3,8.57,3,8.57,62,14,22.58,11.2,20,16.0,27.2,25.0,40.0,9.38,0.281,0.343,0.438,0.781,0.1569999999999999,670046
CH,Changeup,OS,117,41.79,32,32,4,12.5,0,0.0,59,14,23.73,11.97,16,13.68,25.64,31.15,42.5,11.76,0.219,0.219,0.469,0.688,0.2499999999999999,670046
CU,Curveball,BR,19,6.79,1,1,0,0.0,0,0.0,7,1,14.29,5.26,3,15.79,21.05,10.0,5.0,0.0,1.0,1.0,1.0,2.0,0.0,670046
FC,Cutter,FB,18,6.43,4,4,2,50.0,0,0.0,9,2,22.22,11.11,4,22.22,33.33,14.29,12.5,20.0,0.5,0.5,0.5,1.0,0.0,670046
,,,1,0.36,1,0,0,0.0,1,100.0,0,0,,0.0,0,0.0,0.0,,0.0,,,1.0,,,,670046
ST,Sweeper,BR,225,47.77,60,54,23,38.33,3,5.0,116,45,38.79,20.0,30,13.33,33.33,37.01,66.43,24.73,0.185,0.22,0.222,0.442,0.037,670059
SI,Sinker,FB,141,29.94,42,37,5,11.9,2,4.76,63,7,11.11,4.96,27,19.15,24.11,22.73,20.71,17.24,0.189,0.262,0.351,0.613,0.1619999999999999,670059
FC,Cutter,FB,101,21.44,23,19,2,8.7,4,17.39,40,10,25.0,9.9,28,27.72,37.62,17.78,10.71,13.33,0.316,0.435,0.632,1.067,0.316,670059
FF,4-Seam Fastball,FB,2,0.42,0,0,0,,0,,0,0,,0.0,0,0.0,0.0,0.0,1.43,0.0,,,,,,670059
SL,Slider,BR,1,0.21,1,1,1,100.0,0,0.0,1,1,100.0,100.0,0,0.0,100.0,100.0,0.71,100.0,0.0,0.0,0.0,0.0,0.0,670059
,,,1,0.21,0,0,0,,0,,0,0,,0.0,0,0.0,0.0,,0.0,,,,,,,670059
FF,4-Seam Fastball,FB,420,50.18,127,121,33,25.98,5,3.94,269,52,19.33,12.38,53,12.62,25.0,41.57,51.13,24.26,0.165,0.205,0.322,0.527,0.157,670102
CU,Curveball,BR,154,18.4,38,35,9,23.68,0,0.0,67,22,32.84,14.29,22,14.29,28.57,10.67,17.29,19.57,0.314,0.342,0.543,0.885,0.229,670102
SL,Slider,BR,137,16.37,26,23,7,26.92,3,11.54,53,23,43.4,16.79,27,19.71,36.5,25.32,9.4,28.0,0.261,0.346,0.609,0.955,0.348,670102
FS,Split-Finger,OS,79,9.44,17,16,12,70.59,1,5.88,38,11,28.95,13.92,11,13.92,27.85,30.43,21.05,21.43,0.062,0.118,0.062,0.18,0.0,670102
SI,Sinker,FB,45,5.38,13,11,0,0.0,0,0.0,29,2,6.9,4.44,3,6.67,11.11,20.0,0.75,0.0,0.182,0.308,0.455,0.763,0.273,670102
,,,2,0.24,0,0,0,,0,,0,0,,0.0,0,0.0,0.0,,0.38,0.0,,,,,,670102
SI,Sinker,FB,9,50.0,1,0,0,0.0,1,100.0,5,0,0.0,0.0,0,0.0,0.0,25.0,0.0,,,1.0,,,,670103
CH,Changeup,OS,6,33.33,1,1,0,0.0,0,0.0,3,1,33.33,16.67,0,0.0,16.67,40.0,33.33,0.0,0.0,0.0,0.0,0.0,0.0,670103
FF,4-Seam Fastball,FB,2,11.11,2,2,1,50.0,0,0.0,2,1,50.0,50.0,0,0.0,50.0,100.0,66.67,50.0,0.5,0.5,0.5,1.0,0.0,670103
ST,Sweeper,BR,1,5.56,0,0,0,,0,,0,0,,0.0,0,0.0,0.0,0.0,0.0,,,,,,,670103
FF,4-Seam Fastball,FB,135,39.13,39,33,3,7.69,4,10.26,63,6,9.52,4.44,25,18.52,22.96,22.41,34.52,10.34,0.364,0.447,0.636,1.083,0.272,670124
SV,Slurve,BR,121,35.07,28,27,9,32.14,1,3.57,54,18,33.33,14.88,17,14.05,28.93,27.94,45.24,23.68,0.111,0.143,0.148,0.291,0.0369999999999999,670124
SI,Sinker,FB,45,13.04,18,17,3,16.67,1,5.56,24,3,12.5,6.67,5,11.11,17.78,40.0,10.71,33.33,0.353,0.389,0.529,0.918,0.176,670124
CU,Curveball,BR,37,10.72,11,10,0,0.0,1,9.09,13,1,7.69,2.7,7,18.92,21.62,15.79,8.33,0.0,0.1,0.182,0.1,0.282,0.0,670124
SL,Slider,BR,4,1.16,2,2,1,50.0,0,0.0,2,1,50.0,25.0,2,50.0,75.0,100.0,1.19,100.0,0.0,0.0,0.0,0.0,0.0,670124
CH,Changeup,OS,2,0.58,0,0,0,,0,,1,0,0.0,0.0,0,0.0,0.0,50.0,0.0,,,,,,,670124
,,,1,0.29,0,0,0,,0,,0,0,,0.0,0,0.0,0.0,,0.0,,,,,,,670124
SL,Slider,BR,20,71.43,5,4,1,20.0,0,0.0,8,2,25.0,10.0,5,25.0,35.0,20.0,62.5,20.0,0.5,0.6,0.75,1.35,0.25,670161
FF,4-Seam Fastball,FB,8,28.57,3,3,1,33.33,0,0.0,5,3,60.0,37.5,0,0.0,37.5,0.0,37.5,33.33,0.333,0.333,1.333,1.666,1.0,670161
ST,Sweeper,BR,186,35.29,41,38,13,31.71,2,4.88,74,26,35.14,13.98,17,9.14,23.12,24.22,42.95,20.31,0.132,0.171,0.132,0.303,0.0,670167
SI,Sinker,FB,174,33.02,60,54,7,11.67,4,6.67,90,10,11.11,5.75,35,20.11,25.86,31.17,26.85,17.5,0.278,0.35,0.333,0.683,0.0549999999999999,670167
FF,4-Seam Fastball,FB,125,23.72,19,13,6,31.58,6,31.58,39,6,15.38,4.8,39,31.2,36.0,15.25,27.52,14.63,0.154,0.421,0.154,0.575,0.0,670167
FC,Cutter,FB,42,7.97,6,6,1,16.67,0,0.0,16,6,37.5,14.29,8,19.05,33.33,25.0,2.68,25.0,0.333,0.333,0.333,0.666,0.0,670167
SI,Sinker,FB,278,44.34,88,77,15,17.05,7,7.95,129,24,18.6,8.63,69,24.82,33.45,30.43,35.71,25.0,0.286,0.345,0.416,0.7609999999999999,0.13,670174
FC,Cutter,FB,177,28.23,38,33,5,13.16,4,10.53,79,19,24.05,10.73,30,16.95,27.68,19.48,20.24,14.71,0.273,0.351,0.515,0.866,0.242,670174
SL,Slider,BR,128,20.41,29,28,5,17.24,1,3.45,58,18,31.03,14.06,20,15.62,29.69,35.44,32.14,9.26,0.214,0.241,0.286,0.5269999999999999,0.0719999999999999,670174
CH,Changeup,OS,26,4.15,11,11,1,9.09,0,0.0,15,1,6.67,3.85,2,7.69,11.54,46.15,4.17,14.29,0.182,0.182,0.273,0.455,0.091,670174
FF,4-Seam Fastball,FB,18,2.87,5,5,2,40.0,0,0.0,6,1,16.67,5.56,2,11.11,16.67,23.08,7.74,15.38,0.2,0.2,0.2,0.4,0.0,670174
FF,4-Seam Fastball,FB,12,48.0,2,1,0,0.0,0,0.0,3,1,33.33,8.33,4,33.33,41.67,16.67,20.0,0.0,1.0,0.5,2.0,2.5,1.0,670219
SL,Slider,BR,11,44.0,4,3,0,0.0,1,25.0,5,2,40.0,18.18,0,0.0,18.18,33.33,60.0,0.0,0.333,0.5,0.333,0.833,0.0,670219
CH,Changeup,OS,2,8.0,1,0,0,0.0,1,100.0,1,1,100.0,50.0,0,0.0,50.0,0.0,20.0,0.0,,1.0,,,,670219
EP,Eephus,,28,96.55,5,5,0,0.0,0,0.0,11,0,0.0,0.0,4,14.29,14.29,22.22,90.91,0.0,0.6,0.6,1.0,1.6,0.4,670223
FA,Other,,1,3.45,0,0,0,,0,,0,0,,0.0,0,0.0,0.0,0.0,9.09,0.0,,,,,,670223
FF,4-Seam Fastball,FB,48,29.09,18,14,1,5.56,3,16.67,26,1,3.85,2.08,4,8.33,10.42,10.53,29.09,6.25,0.429,0.5,0.786,1.286,0.357,670241
CH,Changeup,OS,46,27.88,11,10,1,9.09,0,0.0,24,4,16.67,8.7,8,17.39,26.09,11.11,38.18,4.76,0.3,0.364,1.0,1.364,0.7,670241
SL,Slider,BR,33,20.0,6,5,2,33.33,0,0.0,18,11,61.11,33.33,4,12.12,45.45,45.45,21.82,16.67,0.2,0.167,0.2,0.367,0.0,670241
FC,Cutter,FB,28,16.97,5,5,2,40.0,0,0.0,14,8,57.14,28.57,1,3.57,32.14,39.13,10.91,33.33,0.4,0.4,0.4,0.8,0.0,670241
CU,Curveball,BR,10,6.06,1,1,0,0.0,0,0.0,2,0,0.0,0.0,2,20.0,20.0,0.0,0.0,,1.0,1.0,1.0,2.0,0.0,670241
EP,Eephus,,11,100.0,4,4,0,0.0,0,0.0,4,0,0.0,0.0,3,27.27,27.27,30.0,,,0.5,0.5,0.75,1.25,0.25,670242
FF,4-Seam Fastball,FB,317,55.13,83,72,17,20.48,11,13.25,179,50,27.93,15.77,36,11.36,27.13,38.04,53.48,17.0,0.25,0.349,0.319,0.6679999999999999,0.069,670280
FS,Split-Finger,OS,131,22.78,36,36,10,27.78,0,0.0,80,30,37.5,22.9,7,5.34,28.24,32.81,29.95,17.86,0.306,0.306,0.361,0.667,0.0549999999999999,670280
CU,Curveball,BR,124,21.57,19,16,5,26.32,0,0.0,35,9,25.71,7.26,35,28.23,35.48,16.67,16.04,16.67,0.188,0.278,0.438,0.716,0.25,670280
,,,3,0.52,2,0,0,0.0,2,100.0,0,0,,0.0,0,0.0,0.0,,0.53,0.0,,1.0,,,,670280
ST,Sweeper,BR,167,42.93,42,38,4,9.52,2,4.76,77,9,11.69,5.39,28,16.77,22.16,19.23,45.76,7.41,0.316,0.333,0.684,1.017,0.368,670766
SI,Sinker,FB,139,35.73,40,30,3,7.5,6,15.0,59,4,6.78,2.88,30,21.58,24.46,28.79,29.66,8.57,0.333,0.5,0.467,0.967,0.134,670766
FF,4-Seam Fastball,FB,64,16.45,16,13,4,25.0,2,12.5,24,6,25.0,9.38,16,25.0,34.38,17.86,16.1,21.05,0.385,0.5,0.538,1.038,0.153,670766
CH,Changeup,OS,19,4.88,6,5,3,50.0,0,0.0,11,6,54.55,31.58,0,0.0,31.58,46.15,8.47,30.0,0.2,0.333,0.2,0.533,0.0,670766
FF,4-Seam Fastball,FB,34,44.74,7,6,1,14.29,0,0.0,18,4,22.22,11.76,7,20.59,32.35,42.86,25.0,25.0,0.0,0.0,0.0,0.0,0.0,670810
CU,Curveball,BR,14,18.42,6,5,1,16.67,0,0.0,6,1,16.67,7.14,2,14.29,21.43,0.0,12.5,50.0,0.2,0.333,0.2,0.533,0.0,670810
ST,Sweeper,BR,11,14.47,5,5,1,20.0,0,0.0,8,2,25.0,18.18,1,9.09,27.27,60.0,31.25,20.0,0.2,0.2,0.2,0.4,0.0,670810
FC,Cutter,FB,7,9.21,4,4,0,0.0,0,0.0,4,0,0.0,0.0,1,14.29,14.29,0.0,0.0,,1.0,1.0,1.75,2.75,0.75,670810
CH,Changeup,OS,6,7.89,3,3,0,0.0,0,0.0,6,1,16.67,16.67,0,0.0,16.67,,18.75,0.0,0.333,0.333,0.667,1.0,0.334,670810
SI,Sinker,FB,2,2.63,1,1,0,0.0,0,0.0,1,0,0.0,0.0,1,50.0,50.0,,6.25,0.0,1.0,1.0,1.0,2.0,0.0,670810
SL,Slider,BR,2,2.63,1,1,1,100.0,0,0.0,2,1,50.0,50.0,0,0.0,50.0,100.0,6.25,100.0,0.0,0.0,0.0,0.0,0.0,670810
SI,Sinker,FB,69,47.26,22,19,2,9.09,2,9.09,32,2,6.25,2.9,10,14.49,17.39,29.41,21.05,25.0,0.263,0.364,0.474,0.838,0.2109999999999999,670871
SL,Slider,BR,41,28.08,6,5,1,16.67,1,16.67,10,4,40.0,9.76,12,29.27,39.02,16.67,26.32,10.0,0.4,0.5,0.4,0.9,0.0,670871
FF,4-Seam Fastball,FB,32,21.92,10,9,3,30.0,0,0.0,19,5,26.32,15.62,3,9.38,25.0,18.18,42.11,18.75,0.111,0.1,0.111,0.211,0.0,670871
CH,Changeup,OS,4,2.74,3,3,2,66.67,0,0.0,3,2,66.67,50.0,0,0.0,50.0,66.67,10.53,50.0,0.0,0.0,0.0,0.0,0.0,670871
CH,Changeup,OS,386,54.37,79,71,20,25.32,5,6.33,165,51,30.91,13.21,59,15.28,28.5,30.74,56.91,14.29,0.183,0.234,0.394,0.628,0.211,670950
FF,4-Seam Fastball,FB,310,43.66,81,62,20,24.69,16,19.75,142,19,13.38,6.13,61,19.68,25.81,27.4,42.68,18.1,0.21,0.362,0.306,0.6679999999999999,0.096,670950
SI,Sinker,FB,10,1.41,1,1,0,0.0,0,0.0,3,1,33.33,10.0,4,40.0,50.0,25.0,0.0,,1.0,1.0,1.0,2.0,0.0,670950
SL,Slider,BR,4,0.56,1,1,0,0.0,0,0.0,2,0,0.0,0.0,0,0.0,0.0,33.33,0.41,0.0,0.0,0.0,0.0,0.0,0.0,670950
FF,4-Seam Fastball,FB,137,36.44,26,20,12,46.15,3,11.54,57,20,35.09,14.6,28,20.44,35.04,20.59,33.56,24.0,0.2,0.333,0.25,0.583,0.0499999999999999,670955
FC,Cutter,FB,107,28.46,28,27,6,21.43,1,3.57,64,18,28.12,16.82,16,14.95,31.78,40.0,16.78,24.0,0.148,0.179,0.259,0.438,0.111,670955
CH,Changeup,OS,101,26.86,29,29,15,51.72,0,0.0,58,25,43.1,24.75,9,8.91,33.66,48.57,40.94,24.59,0.103,0.103,0.138,0.241,0.035,670955
ST,Sweeper,BR,26,6.91,2,2,1,50.0,0,0.0,6,1,16.67,3.85,9,34.62,38.46,0.0,6.04,11.11,0.0,0.0,0.0,0.0,0.0,670955
CU,Curveball,BR,4,1.06,1,1,1,100.0,0,0.0,3,1,33.33,25.0,0,0.0,25.0,66.67,2.01,33.33,0.0,0.0,0.0,0.0,0.0,670955
,,,1,0.27,1,0,0,0.0,1,100.0,0,0,,0.0,0,0.0,0.0,,0.67,0.0,,1.0,,,,670955
SI,Sinker,FB,192,31.02,52,44,7,13.46,7,13.46,101,14,13.86,7.29,26,13.54,20.83,27.03,15.26,24.14,0.295,0.392,0.455,0.847,0.16,670970
SL,Slider,BR,182,29.4,46,44,16,34.78,2,4.35,99,41,41.41,22.53,27,14.84,37.36,39.08,36.84,22.86,0.136,0.174,0.227,0.401,0.091,670970
FF,4-Seam Fastball,FB,145,23.42,37,35,6,16.22,1,2.7,87,19,21.84,13.1,13,8.97,22.07,30.16,24.21,13.04,0.429,0.459,0.686,1.145,0.257,670970
KN,Knuckleball,,75,12.12,20,19,12,60.0,1,5.0,32,18,56.25,24.0,11,14.67,38.67,35.19,21.58,29.27,0.105,0.15,0.105,0.255,0.0,670970
ST,Sweeper,BR,12,1.94,4,4,1,25.0,0,0.0,3,0,0.0,0.0,3,25.0,25.0,0.0,1.05,50.0,0.25,0.25,0.5,0.75,0.25,670970
CU,Curveball,BR,8,1.29,2,2,0,0.0,0,0.0,4,1,25.0,12.5,1,12.5,25.0,33.33,1.05,0.0,0.5,0.5,1.0,1.5,0.5,670970
,,,5,0.81,2,0,0,0.0,2,100.0,0,0,,0.0,0,0.0,0.0,,0.0,,,1.0,,,,670970
SI,Sinker,FB,263,54.91,75,59,7,9.33,7,9.33,102,13,12.75,4.94,65,24.71,29.66,26.67,34.86,18.42,0.339,0.473,0.508,0.981,0.1689999999999999,670990
ST,Sweeper,BR,193,40.29,48,44,16,33.33,1,2.08,81,26,32.1,13.47,30,15.54,29.02,22.02,59.63,24.62,0.273,0.292,0.432,0.724,0.1589999999999999,670990
FF,4-Seam Fastball,FB,17,3.55,7,5,1,14.29,2,28.57,8,1,12.5,5.88,1,5.88,11.76,22.22,2.75,33.33,0.2,0.429,0.4,0.829,0.2,670990
CU,Curveball,BR,6,1.25,1,1,0,0.0,0,0.0,2,1,50.0,16.67,1,16.67,33.33,40.0,2.75,0.0,0.0,0.0,0.0,0.0,0.0,670990
FF,4-Seam Fastball,FB,968,53.07,234,195,46,19.66,37,15.81,443,86,19.41,8.88,170,17.56,26.45,22.57,52.16,16.19,0.267,0.382,0.533,0.915,0.266,671096
CH,Changeup,OS,355,19.46,81,78,10,12.35,3,3.7,164,44,26.83,12.39,39,10.99,23.38,28.36,13.13,14.29,0.205,0.235,0.397,0.632,0.192,671096
ST,Sweeper,BR,259,14.2,93,90,29,31.18,3,3.23,164,43,26.22,16.6,20,7.72,24.32,37.19,29.64,18.35,0.144,0.172,0.267,0.439,0.123,671096
CU,Curveball,BR,238,13.05,44,43,4,9.09,1,2.27,84,15,17.86,6.3,60,25.21,31.51,20.34,4.5,16.67,0.349,0.364,0.698,1.0619999999999998,0.349,671096
SL,Slider,BR,3,0.16,0,0,0,,0,,1,0,0.0,0.0,0,0.0,0.0,0.0,0.56,0.0,,,,,,671096
,,,1,0.05,1,0,0,0.0,1,100.0,0,0,,0.0,0,0.0,0.0,,0.0,,,1.0,,,,671096
FF,4-Seam Fastball,FB,507,36.61,142,126,19,13.38,13,9.15,226,28,12.39,5.52,102,20.12,25.64,16.37,33.25,14.5,0.31,0.369,0.524,0.893,0.214,671106
CH,Changeup,OS,299,21.59,87,78,17,19.54,9,10.34,153,42,27.45,14.05,31,10.37,24.41,30.29,25.13,17.17,0.244,0.322,0.449,0.771,0.205,671106
ST,Sweeper,BR,247,17.83,61,51,15,24.59,8,13.11,97,29,29.9,11.74,45,18.22,29.96,28.57,25.63,14.85,0.314,0.41,0.647,1.057,0.333,671106
FC,Cutter,FB,187,13.5,41,38,8,19.51,2,4.88,80,17,21.25,9.09,38,20.32,29.41,19.8,10.66,19.05,0.316,0.366,0.658,1.024,0.342,671106
SI,Sinker,FB,145,10.47,29,24,4,13.79,4,13.79,60,9,15.0,6.21,31,21.38,27.59,20.0,5.33,19.05,0.458,0.536,0.958,1.494,0.4999999999999999,671106
FF,4-Seam Fastball,FB,16,45.71,3,3,0,0.0,0,0.0,7,1,14.29,6.25,0,0.0,6.25,18.18,42.86,0.0,0.333,0.333,0.333,0.666,0.0,671109
CH,Changeup,OS,11,31.43,2,2,1,50.0,0,0.0,5,1,20.0,9.09,5,45.45,54.55,50.0,28.57,25.0,0.5,0.5,0.5,1.0,0.0,671109
SL,Slider,BR,7,20.0,2,1,0,0.0,0,0.0,5,2,40.0,28.57,0,0.0,28.57,50.0,28.57,0.0,0.0,0.5,0.0,0.5,0.0,671109
CU,Curveball,BR,1,2.86,0,0,0,,0,,0,0,,0.0,0,0.0,0.0,0.0,0.0,,,,,,,671109
FF,4-Seam Fastball,FB,77,47.24,21,19,0,0.0,2,9.52,38,5,13.16,6.49,14,18.18,24.68,22.86,42.22,0.0,0.263,0.333,0.316,0.649,0.0529999999999999,671111
CH,Changeup,OS,50,30.67,13,11,3,23.08,2,15.38,20,4,20.0,8.0,9,18.0,26.0,20.0,35.56,18.75,0.364,0.462,0.364,0.8260000000000001,0.0,671111
ST,Sweeper,BR,28,17.18,8,8,2,25.0,0,0.0,14,3,21.43,10.71,7,25.0,35.71,37.5,20.0,22.22,0.25,0.25,0.625,0.875,0.375,671111
SL,Slider,BR,8,4.91,1,1,1,100.0,0,0.0,2,1,50.0,12.5,4,50.0,62.5,25.0,2.22,100.0,0.0,0.0,0.0,0.0,0.0,671111
SI,Sinker,FB,29,40.85,10,9,1,10.0,1,10.0,14,1,7.14,3.45,10,34.48,37.93,16.67,17.65,33.33,0.444,0.5,1.0,1.5,0.556,671131
SL,Slider,BR,26,36.62,6,6,4,66.67,0,0.0,9,7,77.78,26.92,7,26.92,53.85,33.33,52.94,44.44,0.0,0.0,0.0,0.0,0.0,671131
FF,4-Seam Fastball,FB,8,11.27,3,3,2,66.67,0,0.0,5,2,40.0,25.0,0,0.0,25.0,50.0,23.53,50.0,0.333,0.333,0.333,0.666,0.0,671131
FC,Cutter,FB,6,8.45,0,0,0,,0,,0,0,,0.0,0,0.0,0.0,0.0,0.0,,,,,,,671131
FS,Split-Finger,OS,2,2.82,0,0,0,,0,,1,0,0.0,0.0,0,0.0,0.0,0.0,5.88,0.0,,,,,,671131
FF,4-Seam Fastball,FB,259,57.56,57,43,10,17.54,11,19.3,100,30,30.0,11.58,40,15.44,27.03,16.91,40.87,21.28,0.256,0.411,0.326,0.737,0.07,671212
SL,Slider,BR,162,36.0,35,29,13,37.14,5,14.29,57,23,40.35,14.2,40,24.69,38.89,23.6,45.22,25.0,0.069,0.229,0.069,0.298,0.0,671212
ST,Sweeper,BR,29,6.44,11,10,5,45.45,0,0.0,12,3,25.0,10.34,4,13.79,24.14,31.58,13.91,31.25,0.4,0.364,0.8,1.164,0.4,671212
SL,Slider,BR,161,42.15,34,32,13,38.24,1,2.94,69,29,42.03,18.01,29,18.01,36.02,33.66,46.15,24.07,0.125,0.152,0.125,0.277,0.0,671305
FF,4-Seam Fastball,FB,112,29.32,29,22,14,48.28,6,20.69,50,21,42.0,18.75,17,15.18,33.93,26.23,42.74,28.0,0.182,0.345,0.182,0.5269999999999999,0.0,671305
SI,Sinker,FB,108,28.27,37,31,5,13.51,5,13.51,49,6,12.24,5.56,24,22.22,27.78,21.28,11.11,38.46,0.387,0.486,0.613,1.099,0.2259999999999999,671305
,,,1,0.26,0,0,0,,0,,0,0,,0.0,0,0.0,0.0,,0.0,,,,,,,671305
SI,Sinker,FB,351,69.37,109,101,17,15.6,4,3.67,177,21,11.86,5.98,73,20.8,26.78,25.0,57.05,20.0,0.287,0.321,0.386,0.7070000000000001,0.099,671345
SL,Slider,BR,150,29.64,39,37,8,20.51,2,5.13,69,23,33.33,15.33,25,16.67,32.0,23.38,40.27,13.33,0.162,0.205,0.216,0.421,0.0539999999999999,671345
FF,4-Seam Fastball,FB,4,0.79,1,1,0,0.0,0,0.0,1,0,0.0,0.0,0,0.0,0.0,0.0,2.68,0.0,0.0,0.0,0.0,0.0,0.0,671345
CH,Changeup,OS,1,0.2,0,0,0,,0,,0,0,,0.0,1,100.0,100.0,,0.0,,,,,,,671345
FF,4-Seam Fastball,FB,465,43.58,102,90,19,18.63,11,10.78,260,55,21.15,11.83,62,13.33,25.16,35.75,38.76,14.5,0.244,0.327,0.478,0.8049999999999999,0.2339999999999999,671737
FC,Cutter,FB,287,26.9,76,72,18,23.68,1,1.32,149,49,32.89,17.07,43,14.98,32.06,31.65,20.12,26.47,0.194,0.2,0.333,0.533,0.139,671737
FS,Split-Finger,OS,211,19.78,66,56,21,31.82,7,10.61,105,30,28.57,14.22,23,10.9,25.12,26.79,31.07,20.0,0.196,0.292,0.268,0.56,0.072,671737
CU,Curveball,BR,103,9.65,23,22,9,39.13,1,4.35,29,11,37.93,10.68,25,24.27,34.95,18.03,9.76,27.27,0.227,0.261,0.5,0.761,0.273,671737
,,,1,0.09,1,1,1,100.0,0,0.0,0,0,,0.0,0,0.0,0.0,,0.3,100.0,0.0,0.0,0.0,0.0,0.0,671737
FF,4-Seam Fastball,FB,407,68.4,103,95,37,35.92,6,5.83,209,56,26.79,13.76,93,22.85,36.61,31.17,66.01,27.61,0.189,0.252,0.284,0.536,0.0949999999999999,671922
FS,Split-Finger,OS,101,16.97,30,29,7,23.33,1,3.33,52,16,30.77,15.84,9,8.91,24.75,29.82,23.65,14.58,0.172,0.2,0.207,0.407,0.035,671922
ST,Sweeper,BR,87,14.62,18,17,5,27.78,0,0.0,39,13,33.33,14.94,15,17.24,32.18,30.61,10.34,23.81,0.412,0.444,0.765,1.209,0.353,671922
FF,4-Seam Fastball,FB,488,43.73,104,92,23,22.12,12,11.54,248,66,26.61,13.52,72,14.75,28.28,29.32,34.97,19.01,0.304,0.385,0.554,0.939,0.25,672282
SL,Slider,BR,236,21.15,84,76,39,46.43,8,9.52,138,52,37.68,22.03,18,7.63,29.66,42.42,40.75,27.66,0.197,0.274,0.355,0.629,0.1579999999999999,672282
CH,Changeup,OS,220,19.71,62,57,8,12.9,3,4.84,116,37,31.9,16.82,34,15.45,32.27,31.07,13.58,17.02,0.351,0.371,0.544,0.915,0.193,672282
CU,Curveball,BR,166,14.87,35,34,8,22.86,1,2.86,52,8,15.38,4.82,54,32.53,37.35,26.58,10.69,21.62,0.382,0.4,0.676,1.076,0.294,672282
SI,Sinker,FB,5,0.45,1,0,0,0.0,1,100.0,3,1,33.33,20.0,0,0.0,20.0,0.0,0.0,,,1.0,,,,672282
PO,Pitch Out,,1,0.09,0,0,0,,0,,0,0,,0.0,0,0.0,0.0,0.0,0.0,,,,,,,672282
SV,Slurve,BR,169,36.82,42,38,17,40.48,1,2.38,74,27,36.49,15.98,32,18.93,34.91,35.29,45.16,30.36,0.158,0.238,0.263,0.501,0.105,672335
FF,4-Seam Fastball,FB,150,32.68,46,37,5,10.87,9,19.57,74,12,16.22,8.0,17,11.33,19.33,18.18,33.87,11.9,0.297,0.435,0.351,0.786,0.0539999999999999,672335
SI,Sinker,FB,139,30.28,40,33,3,7.5,5,12.5,65,13,20.0,9.35,18,12.95,22.3,20.9,20.16,12.0,0.333,0.41,0.394,0.804,0.061,672335
CU,Curveball,BR,1,0.22,1,1,1,100.0,0,0.0,1,1,100.0,100.0,0,0.0,100.0,100.0,0.81,100.0,0.0,0.0,0.0,0.0,0.0,672335
FF,4-Seam Fastball,FB,111,54.68,28,27,11,39.29,1,3.57,64,17,26.56,15.32,18,16.22,31.53,38.78,56.16,26.83,0.185,0.214,0.444,0.658,0.259,672391
ST,Sweeper,BR,50,24.63,7,7,3,42.86,0,0.0,24,10,41.67,20.0,6,12.0,32.0,32.26,28.77,14.29,0.429,0.429,0.857,1.286,0.428,672391
FC,Cutter,FB,39,19.21,17,16,1,5.88,1,5.88,21,5,23.81,12.82,4,10.26,23.08,30.0,12.33,11.11,0.125,0.176,0.312,0.488,0.187,672391
CH,Changeup,OS,3,1.48,1,1,0,0.0,0,0.0,1,0,0.0,0.0,0,0.0,0.0,0.0,2.74,0.0,0.0,0.0,0.0,0.0,0.0,672391
SL,Slider,BR,281,37.97,82,77,19,23.17,4,4.88,147,43,29.25,15.3,33,11.74,27.05,29.45,44.64,18.27,0.221,0.268,0.351,0.619,0.1299999999999999,672456
FF,4-Seam Fastball,FB,274,37.03,69,61,11,15.94,8,11.59,132,25,18.94,9.12,57,20.8,29.93,19.3,33.91,13.92,0.295,0.377,0.607,0.984,0.312,672456
SI,Sinker,FB,119,16.08,28,25,2,7.14,3,10.71,52,2,3.85,1.68,28,23.53,25.21,28.3,6.87,12.5,0.32,0.393,0.32,0.7130000000000001,0.0,672456
KC,Knuckle Curve,BR,58,7.84,21,21,4,19.05,0,0.0,37,9,24.32,15.52,3,5.17,20.69,28.0,12.45,13.79,0.381,0.381,0.857,1.238,0.476,672456
CH,Changeup,OS,8,1.08,1,1,0,0.0,0,0.0,2,0,0.0,0.0,1,12.5,12.5,0.0,2.15,0.0,1.0,1.0,1.0,2.0,0.0,672456
FF,4-Seam Fastball,FB,60,50.85,22,18,2,9.09,4,18.18,31,3,9.68,5.0,9,15.0,20.0,23.08,52.94,11.11,0.333,0.455,0.611,1.066,0.2779999999999999,672552
CU,Curveball,BR,24,20.34,3,3,1,33.33,0,0.0,6,4,66.67,16.67,6,25.0,41.67,26.67,14.71,20.0,0.0,0.0,0.0,0.0,0.0,672552
CH,Changeup,OS,17,14.41,3,3,0,0.0,0,0.0,9,3,33.33,17.65,0,0.0,17.65,42.86,14.71,0.0,0.333,0.333,0.333,0.666,0.0,672552
SL,Slider,BR,17,14.41,4,4,0,0.0,0,0.0,10,4,40.0,23.53,1,5.88,29.41,40.0,17.65,0.0,0.25,0.25,0.25,0.5,0.0,672552
FF,4-Seam Fastball,FB,167,56.61,38,30,9,23.68,7,18.42,80,14,17.5,8.38,29,17.37,25.75,21.79,54.05,15.0,0.167,0.316,0.233,0.549,0.066,672578
SL,Slider,BR,72,24.41,16,14,3,18.75,1,6.25,33,13,39.39,18.06,9,12.5,30.56,23.26,23.42,11.54,0.286,0.312,0.357,0.669,0.071,672578
KC,Knuckle Curve,BR,34,11.53,8,7,1,12.5,1,12.5,15,3,20.0,8.82,5,14.71,23.53,27.27,13.51,6.67,0.143,0.25,0.143,0.393,0.0,672578
ST,Sweeper,BR,15,5.08,4,4,2,50.0,0,0.0,7,4,57.14,26.67,3,20.0,46.67,46.15,4.5,40.0,0.25,0.25,0.25,0.5,0.0,672578
FS,Split-Finger,OS,7,2.37,2,2,0,0.0,0,0.0,5,0,0.0,0.0,0,0.0,0.0,33.33,4.5,0.0,0.0,0.0,0.0,0.0,0.0,672578
SI,Sinker,FB,181,31.81,61,57,14,22.95,4,6.56,89,11,12.36,6.08,45,24.86,30.94,20.9,41.1,20.9,0.228,0.279,0.351,0.63,0.1229999999999999,672582
FF,4-Seam Fastball,FB,160,28.12,35,31,4,11.43,4,11.43,59,8,13.56,5.0,28,17.5,22.5,12.99,20.86,11.76,0.323,0.4,0.516,0.916,0.193,672582
SL,Slider,BR,124,21.79,22,19,4,18.18,3,13.64,56,13,23.21,10.48,25,20.16,30.65,19.23,20.86,11.76,0.211,0.318,0.368,0.6859999999999999,0.157,672582
CH,Changeup,OS,96,16.87,20,19,4,20.0,1,5.0,39,11,28.21,11.46,8,8.33,19.79,18.33,15.95,15.38,0.368,0.4,0.737,1.137,0.369,672582
,,,7,1.23,3,0,0,0.0,3,100.0,0,0,,0.0,0,0.0,0.0,,1.23,0.0,,1.0,,,,672582
CU,Curveball,BR,1,0.18,0,0,0,,0,,0,0,,0.0,0,0.0,0.0,0.0,0.0,,,,,,,672582
SL,Slider,BR,223,35.23,58,51,16,27.59,6,10.34,113,32,28.32,14.35,31,13.9,28.25,34.75,44.44,20.0,0.216,0.293,0.529,0.8220000000000001,0.313,672710
FF,4-Seam Fastball,FB,212,33.49,62,56,13,20.97,5,8.06,111,20,18.02,9.43,30,14.15,23.58,22.35,31.67,22.81,0.268,0.339,0.393,0.732,0.125,672710
SI,Sinker,FB,93,14.69,27,24,1,3.7,1,3.7,44,4,9.09,4.3,22,23.66,27.96,41.86,6.67,8.33,0.375,0.444,0.417,0.861,0.0419999999999999,672710
ST,Sweeper,BR,52,8.21,17,12,6,35.29,3,17.65,27,11,40.74,21.15,7,13.46,34.62,35.71,10.0,33.33,0.083,0.312,0.333,0.645,0.25,672710
CU,Curveball,BR,37,5.85,5,5,2,40.0,0,0.0,12,4,33.33,10.81,8,21.62,32.43,22.73,4.44,25.0,0.2,0.2,0.4,0.6000000000000001,0.2,672710
CH,Changeup,OS,8,1.26,5,5,0,0.0,0,0.0,6,0,0.0,0.0,1,12.5,12.5,50.0,2.22,0.0,0.4,0.4,0.6,1.0,0.1999999999999999,672710
,,,7,1.11,1,0,0,0.0,1,100.0,0,0,,0.0,0,0.0,0.0,,0.56,0.0,,1.0,,,,672710
PO,Pitch Out,,1,0.16,0,0,0,,0,,0,0,,0.0,0,0.0,0.0,0.0,0.0,,,,,,,672710
ST,Sweeper,BR,69,48.59,18,15,4,22.22,2,11.11,32,14,43.75,20.29,7,10.14,30.43,35.56,62.5,16.0,0.333,0.444,0.6,1.044,0.2669999999999999,672782
FF,4-Seam Fastball,FB,53,37.32,10,8,1,10.0,1,10.0,28,5,17.86,9.43,9,16.98,26.42,6.25,30.0,8.33,0.375,0.4,0.625,1.025,0.25,672782
SL,Slider,BR,15,10.56,6,4,0,0.0,2,33.33,7,1,14.29,6.67,1,6.67,13.33,12.5,7.5,0.0,0.75,0.833,1.5,2.333,0.75,672782
CU,Curveball,BR,5,3.52,2,2,0,0.0,0,0.0,2,0,0.0,0.0,1,20.0,20.0,0.0,0.0,,0.0,0.0,0.0,0.0,0.0,672782
SI,Sinker,FB,37,37.0,11,9,2,18.18,2,18.18,17,5,29.41,13.51,9,24.32,37.84,38.1,11.11,66.67,0.222,0.364,0.889,1.253,0.667,672851
FF,4-Seam Fastball,FB,24,24.0,7,7,1,14.29,0,0.0,14,2,14.29,8.33,5,20.83,29.17,33.33,33.33,11.11,0.286,0.286,0.286,0.572,0.0,672851
CU,Curveball,BR,14,14.0,3,3,1,33.33,0,0.0,5,2,40.0,14.29,3,21.43,35.71,37.5,25.93,14.29,0.0,0.0,0.0,0.0,0.0,672851
CH,Changeup,OS,13,13.0,3,2,2,66.67,0,0.0,5,2,40.0,15.38,1,7.69,23.08,33.33,18.52,40.0,0.0,0.333,0.0,0.333,0.0,672851
SL,Slider,BR,12,12.0,3,3,0,0.0,0,0.0,3,0,0.0,0.0,4,33.33,33.33,0.0,11.11,0.0,0.333,0.333,0.333,0.666,0.0,672851
SL,Slider,BR,110,59.46,35,32,14,40.0,3,8.57,54,21,38.89,19.09,23,20.91,40.0,41.38,74.14,32.56,0.219,0.286,0.438,0.724,0.219,672860
FF,4-Seam Fastball,FB,74,40.0,10,6,0,0.0,4,40.0,26,6,23.08,8.11,12,16.22,24.32,17.07,24.14,0.0,0.5,0.7,0.833,1.533,0.3329999999999999,672860
CH,Changeup,OS,1,0.54,0,0,0,,0,,0,0,,0.0,0,0.0,0.0,0.0,1.72,0.0,,,,,,672860
FF,4-Seam Fastball,FB,169,49.56,35,33,7,20.0,1,2.86,104,30,28.85,17.75,28,16.57,34.32,33.33,33.93,18.42,0.273,0.294,0.485,0.7789999999999999,0.2119999999999999,673380
SL,Slider,BR,164,48.09,52,48,25,48.08,3,5.77,85,35,41.18,21.34,26,15.85,37.2,37.5,64.29,34.72,0.125,0.176,0.167,0.3429999999999999,0.042,673380
,,,5,1.47,1,0,0,0.0,1,100.0,0,0,,0.0,0,0.0,0.0,,0.0,,,1.0,,,,673380
CH,Changeup,OS,2,0.59,1,1,0,0.0,0,0.0,1,0,0.0,0.0,1,50.0,50.0,100.0,0.89,0.0,0.0,0.0,0.0,0.0,0.0,673380
CU,Curveball,BR,1,0.29,1,1,0,0.0,0,0.0,1,0,0.0,0.0,0,0.0,0.0,,0.89,0.0,0.0,0.0,0.0,0.0,0.0,673380
FF,4-Seam Fastball,FB,260,39.94,78,67,14,17.95,11,14.1,143,24,16.78,9.23,33,12.69,21.92,31.71,37.89,19.44,0.209,0.321,0.433,0.754,0.224,673513
FS,Split-Finger,OS,201,30.88,46,42,17,36.96,3,6.52,96,40,41.67,19.9,12,5.97,25.87,35.81,45.26,19.77,0.167,0.217,0.19,0.407,0.0229999999999999,673513
SL,Slider,BR,123,18.89,25,23,6,24.0,1,4.0,62,19,30.65,15.45,16,13.01,28.46,25.0,12.63,25.0,0.217,0.24,0.565,0.8049999999999999,0.348,673513
ST,Sweeper,BR,42,6.45,4,4,2,50.0,0,0.0,12,6,50.0,14.29,15,35.71,50.0,10.53,3.68,28.57,0.25,0.25,0.25,0.5,0.0,673513
,,,14,2.15,4,0,0,0.0,4,100.0,0,0,,0.0,0,0.0,0.0,,0.0,,,1.0,,,,673513
CU,Curveball,BR,10,1.54,2,2,0,0.0,0,0.0,2,0,0.0,0.0,2,20.0,20.0,12.5,0.53,0.0,0.0,0.0,0.0,0.0,0.0,673513
SI,Sinker,FB,1,0.15,0,0,0,,0,,1,0,0.0,0.0,0,0.0,0.0,,0.0,,,,,,,673513
FF,4-Seam Fastball,FB,23,58.97,7,6,3,42.86,0,0.0,11,3,27.27,13.04,5,21.74,34.78,20.0,44.44,75.0,0.0,0.143,0.0,0.143,0.0,673540
FO,Forkball,OS,11,28.21,4,4,2,50.0,0,0.0,8,3,37.5,27.27,1,9.09,36.36,71.43,55.56,40.0,0.25,0.25,0.25,0.5,0.0,673540
FC,Cutter,FB,4,10.26,2,2,0,0.0,0,0.0,3,1,33.33,25.0,1,25.0,50.0,0.0,0.0,,0.5,0.5,2.0,2.5,1.5,673540
SL,Slider,BR,1,2.56,0,0,0,,0,,0,0,,0.0,0,0.0,0.0,0.0,0.0,,,,,,,673540
FF,4-Seam Fastball,FB,169,57.88,41,33,8,19.51,7,17.07,81,18,22.22,10.65,25,14.79,25.44,23.17,57.32,17.02,0.152,0.3,0.152,0.4519999999999999,0.0,673929
SL,Slider,BR,117,40.07,32,30,7,21.88,2,6.25,57,17,29.82,14.53,15,12.82,27.35,26.23,39.02,21.88,0.467,0.5,0.833,1.333,0.3659999999999999,673929
CU,Curveball,BR,6,2.05,3,3,0,0.0,0,0.0,4,1,25.0,16.67,1,16.67,33.33,50.0,3.66,0.0,0.0,0.0,0.0,0.0,0.0,673929
FF,4-Seam Fastball,FB,457,51.12,112,104,30,26.79,7,6.25,233,50,21.46,10.94,102,22.32,33.26,27.69,55.43,19.61,0.183,0.232,0.365,0.597,0.182,674003
CH,Changeup,OS,275,30.76,72,68,17,23.61,4,5.56,132,44,33.33,16.0,40,14.55,30.55,37.64,26.09,23.61,0.221,0.264,0.368,0.632,0.147,674003
CU,Curveball,BR,131,14.65,33,33,4,12.12,0,0.0,52,6,11.54,4.58,26,19.85,24.43,25.33,14.13,10.26,0.303,0.303,0.515,0.8180000000000001,0.212,674003
SL,Slider,BR,28,3.13,9,9,3,33.33,0,0.0,14,2,14.29,7.14,4,14.29,21.43,27.27,3.62,30.0,0.333,0.333,0.333,0.666,0.0,674003
FC,Cutter,FB,2,0.22,0,0,0,,0,,1,1,100.0,50.0,0,0.0,50.0,50.0,0.36,0.0,,,,,,674003
,,,1,0.11,0,0,0,,0,,0,0,,0.0,0,0.0,0.0,,0.36,0.0,,,,,,674003
FF,4-Seam Fastball,FB,173,34.81,51,41,9,17.65,6,11.76,82,10,12.2,5.78,32,18.5,24.28,16.67,40.54,15.0,0.268,0.347,0.634,0.981,0.366,674072
CU,Curveball,BR,124,24.95,30,25,8,26.67,4,13.33,56,8,14.29,6.45,21,16.94,23.39,27.14,25.0,21.62,0.2,0.31,0.4,0.71,0.2,674072
CH,Changeup,OS,122,24.55,30,27,4,13.33,3,10.0,62,19,30.65,15.57,8,6.56,22.13,25.71,28.38,9.52,0.333,0.4,0.481,0.881,0.1479999999999999,674072
SI,Sinker,FB,72,14.49,17,15,0,0.0,2,11.76,34,1,2.94,1.39,12,16.67,18.06,15.62,3.38,0.0,0.467,0.529,0.933,1.4620000000000002,0.466,674072
SL,Slider,BR,6,1.21,1,1,0,0.0,0,0.0,3,0,0.0,0.0,0,0.0,0.0,40.0,2.7,0.0,1.0,1.0,1.0,2.0,0.0,674072
SI,Sinker,FB,171,52.13,48,40,1,2.08,7,14.58,77,4,5.19,2.34,34,19.88,22.22,29.49,29.63,0.0,0.275,0.396,0.375,0.771,0.0999999999999999,674285
SL,Slider,BR,147,44.82,39,37,15,38.46,2,5.13,66,27,40.91,18.37,15,10.2,28.57,30.11,67.9,27.27,0.216,0.256,0.378,0.634,0.162,674285
FF,4-Seam Fastball,FB,8,2.44,0,0,0,,0,,2,1,50.0,12.5,2,25.0,37.5,0.0,2.47,0.0,,,,,,674285
,,,2,0.61,0,0,0,,0,,0,0,,0.0,0,0.0,0.0,,0.0,,,,,,,674285
FF,4-Seam Fastball,FB,196,35.7,43,34,15,34.88,7,16.28,70,21,30.0,10.71,40,20.41,31.12,21.43,40.96,22.06,0.176,0.349,0.206,0.5549999999999999,0.03,674370
SL,Slider,BR,145,26.41,46,45,16,34.78,1,2.17,90,27,30.0,18.62,18,12.41,31.03,44.78,35.54,25.42,0.222,0.239,0.356,0.595,0.1339999999999999,674370
FC,Cutter,FB,109,19.85,27,24,5,18.52,2,7.41,43,8,18.6,7.34,17,15.6,22.94,18.33,17.47,17.24,0.208,0.259,0.292,0.5509999999999999,0.0839999999999999,674370
SI,Sinker,FB,92,16.76,21,18,2,9.52,0,0.0,43,6,13.95,6.52,16,17.39,23.91,30.23,3.61,33.33,0.389,0.476,0.611,1.087,0.2219999999999999,674370
CH,Changeup,OS,6,1.09,2,2,1,50.0,0,0.0,3,1,33.33,16.67,0,0.0,16.67,0.0,2.41,25.0,0.5,0.5,1.0,1.5,0.5,674370
,,,1,0.18,1,0,0,0.0,1,100.0,0,0,,0.0,0,0.0,0.0,,0.0,,,1.0,,,,674370
FC,Cutter,FB,26,55.32,7,7,1,14.29,0,0.0,16,6,37.5,23.08,3,11.54,34.62,56.25,55.0,9.09,0.143,0.143,0.143,0.286,0.0,674444
FF,4-Seam Fastball,FB,19,40.43,3,3,1,33.33,0,0.0,9,1,11.11,5.26,3,15.79,21.05,12.5,40.0,12.5,0.0,0.0,0.0,0.0,0.0,674444
SI,Sinker,FB,2,4.26,0,0,0,,0,,2,1,50.0,50.0,0,0.0,50.0,,5.0,0.0,,,,,,674444
FS,Split-Finger,OS,68,50.0,22,22,5,22.73,0,0.0,36,9,25.0,13.24,9,13.24,26.47,45.65,59.46,18.18,0.182,0.182,0.273,0.455,0.091,674944
SI,Sinker,FB,37,27.21,8,6,1,12.5,2,25.0,12,3,25.0,8.11,13,35.14,43.24,6.67,13.51,20.0,0.0,0.25,0.0,0.25,0.0,674944
SL,Slider,BR,24,17.65,7,7,1,14.29,0,0.0,11,2,18.18,8.33,10,41.67,50.0,42.86,16.22,16.67,0.143,0.143,0.143,0.286,0.0,674944
FF,4-Seam Fastball,FB,7,5.15,2,2,0,0.0,0,0.0,3,0,0.0,0.0,0,0.0,0.0,20.0,10.81,0.0,0.0,0.0,0.0,0.0,0.0,674944
FF,4-Seam Fastball,FB,156,47.27,28,24,3,10.71,4,14.29,69,13,18.84,8.33,27,17.31,25.64,17.81,45.36,6.82,0.292,0.393,0.542,0.935,0.25,675540
SL,Slider,BR,142,43.03,52,51,9,17.31,1,1.92,86,19,22.09,13.38,16,11.27,24.65,34.43,46.39,20.0,0.216,0.231,0.353,0.584,0.1369999999999999,675540
CU,Curveball,BR,32,9.7,12,11,3,25.0,0,0.0,18,5,27.78,15.62,6,18.75,34.38,46.67,8.25,37.5,0.0,0.0,0.0,0.0,0.0,675540
SL,Slider,BR,349,67.64,94,90,24,25.53,3,3.19,167,57,34.13,16.33,51,14.61,30.95,30.41,79.03,24.49,0.211,0.234,0.289,0.523,0.0779999999999999,675627
SI,Sinker,FB,126,24.42,38,28,4,10.53,8,21.05,50,5,10.0,3.97,32,25.4,29.37,18.37,16.94,19.05,0.357,0.514,0.679,1.193,0.322,675627
FC,Cutter,FB,29,5.62,8,7,1,12.5,1,12.5,10,2,20.0,6.9,7,24.14,31.03,26.67,2.42,33.33,0.286,0.375,0.429,0.804,0.143,675627
KC,Knuckle Curve,BR,9,1.74,1,1,0,0.0,0,0.0,2,1,50.0,11.11,2,22.22,33.33,16.67,0.81,0.0,1.0,1.0,1.0,2.0,0.0,675627
FF,4-Seam Fastball,FB,3,0.58,0,0,0,,0,,0,0,,0.0,0,0.0,0.0,0.0,0.81,0.0,,,,,,675627
FF,4-Seam Fastball,FB,67,43.79,14,12,3,21.43,2,14.29,28,2,7.14,2.99,16,23.88,26.87,8.0,29.41,20.0,0.5,0.571,1.25,1.821,0.75,675650
FC,Cutter,FB,48,31.37,14,12,2,14.29,1,7.14,23,7,30.43,14.58,10,20.83,35.42,14.29,31.37,12.5,0.167,0.286,0.417,0.703,0.2499999999999999,675650
CU,Curveball,BR,33,21.57,9,8,2,22.22,1,11.11,15,4,26.67,12.12,3,9.09,21.21,33.33,29.41,13.33,0.0,0.111,0.0,0.111,0.0,675650
CH,Changeup,OS,5,3.27,2,2,1,50.0,0,0.0,3,1,33.33,20.0,0,0.0,20.0,33.33,9.8,20.0,0.5,0.5,0.5,1.0,0.0,675650
SL,Slider,BR,42,46.15,10,8,5,50.0,2,20.0,18,12,66.67,28.57,8,19.05,47.62,38.46,47.22,29.41,0.0,0.2,0.0,0.2,0.0,675911
FF,4-Seam Fastball,FB,40,43.96,10,9,1,10.0,1,10.0,23,1,4.35,2.5,5,12.5,15.0,31.25,36.11,7.69,0.444,0.5,0.556,1.056,0.112,675911
CU,Curveball,BR,9,9.89,1,1,1,100.0,0,0.0,2,2,100.0,22.22,1,11.11,33.33,14.29,16.67,16.67,0.0,0.0,0.0,0.0,0.0,675911
FF,4-Seam Fastball,FB,130,50.78,43,37,8,18.6,5,11.63,73,16,21.92,12.31,18,13.85,26.15,17.31,53.42,20.51,0.486,0.548,0.73,1.278,0.244,675921
SL,Slider,BR,85,33.2,23,21,1,4.35,2,8.7,47,13,27.66,15.29,12,14.12,29.41,35.71,19.18,7.14,0.476,0.522,0.667,1.189,0.191,675921
CH,Changeup,OS,29,11.33,5,4,2,40.0,1,20.0,10,4,40.0,13.79,4,13.79,27.59,22.22,17.81,15.38,0.25,0.4,0.25,0.65,0.0,675921
CU,Curveball,BR,12,4.69,4,3,0,0.0,1,25.0,4,0,0.0,0.0,2,16.67,16.67,16.67,9.59,0.0,0.0,0.25,0.0,0.25,0.0,675921
SI,Sinker,FB,69,38.76,18,14,5,27.78,4,22.22,29,6,20.69,8.7,18,26.09,34.78,39.47,27.87,29.41,0.286,0.444,0.714,1.158,0.428,675989
ST,Sweeper,BR,53,29.78,15,14,4,26.67,1,6.67,25,6,24.0,11.32,13,24.53,35.85,32.0,34.43,19.05,0.214,0.267,0.714,0.981,0.5,675989
FC,Cutter,FB,39,21.91,7,7,1,14.29,0,0.0,12,4,33.33,10.26,5,12.82,23.08,24.14,21.31,7.69,0.0,0.0,0.0,0.0,0.0,675989
FF,4-Seam Fastball,FB,9,5.06,2,0,0,0.0,2,100.0,4,0,0.0,0.0,0,0.0,0.0,28.57,8.2,0.0,,1.0,,,,675989
CH,Changeup,OS,8,4.49,1,0,0,0.0,0,0.0,2,0,0.0,0.0,0,0.0,0.0,0.0,8.2,0.0,,0.0,,,,675989
FF,4-Seam Fastball,FB,49,46.23,12,10,4,33.33,1,8.33,23,4,17.39,8.16,9,18.37,26.53,26.09,50.0,22.22,0.3,0.333,0.7,1.033,0.3999999999999999,676083
SL,Slider,BR,26,24.53,6,6,3,50.0,0,0.0,11,4,36.36,15.38,6,23.08,38.46,33.33,19.44,42.86,0.5,0.5,0.667,1.167,0.167,676083
CU,Curveball,BR,12,11.32,5,5,0,0.0,0,0.0,7,0,0.0,0.0,1,8.33,8.33,20.0,11.11,0.0,0.4,0.4,0.4,0.8,0.0,676083
SI,Sinker,FB,10,9.43,4,4,0,0.0,0,0.0,8,0,0.0,0.0,0,0.0,0.0,33.33,8.33,0.0,0.75,0.75,1.0,1.75,0.25,676083
ST,Sweeper,BR,9,8.49,1,1,0,0.0,0,0.0,6,0,0.0,0.0,1,11.11,11.11,50.0,11.11,0.0,0.0,0.0,0.0,0.0,0.0,676083
ST,Sweeper,BR,186,45.81,47,46,13,27.66,1,2.13,98,30,30.61,16.13,30,16.13,32.26,35.64,48.73,16.88,0.217,0.234,0.5,0.734,0.283,676092
FF,4-Seam Fastball,FB,164,40.39,38,33,16,42.11,5,13.16,84,32,38.1,19.51,27,16.46,35.98,28.92,43.04,23.53,0.182,0.289,0.273,0.562,0.091,676092
SI,Sinker,FB,28,6.9,6,5,0,0.0,1,16.67,14,1,7.14,3.57,7,25.0,28.57,46.15,3.16,0.0,0.0,0.167,0.0,0.167,0.0,676092
FC,Cutter,FB,24,5.91,4,4,1,25.0,0,0.0,11,5,45.45,20.83,4,16.67,37.5,25.0,5.06,12.5,0.25,0.25,0.25,0.5,0.0,676092
,,,4,0.99,1,0,0,0.0,1,100.0,0,0,,0.0,0,0.0,0.0,,0.0,,,1.0,,,,676092
SL,Slider,BR,116,56.59,31,28,15,48.39,2,6.45,53,28,52.83,24.14,17,14.66,38.79,35.14,68.33,36.59,0.179,0.233,0.357,0.59,0.178,676105
FF,4-Seam Fastball,FB,80,39.02,21,16,3,14.29,4,19.05,38,15,39.47,18.75,16,20.0,38.75,21.21,26.67,18.75,0.375,0.524,0.75,1.274,0.375,676105
CH,Changeup,OS,6,2.93,0,0,0,,0,,2,1,50.0,16.67,1,16.67,33.33,40.0,5.0,0.0,,,,,,676105
CU,Curveball,BR,3,1.46,0,0,0,,0,,0,0,,0.0,0,0.0,0.0,0.0,0.0,,,,,,,676105
SI,Sinker,FB,184,36.51,50,45,4,8.0,2,4.0,87,10,11.49,5.43,43,23.37,28.8,29.76,23.02,12.5,0.267,0.34,0.556,0.8960000000000001,0.289,676106
FF,4-Seam Fastball,FB,137,27.18,40,37,7,17.5,3,7.5,75,16,21.33,11.68,21,15.33,27.01,27.59,28.06,17.95,0.297,0.35,0.486,0.836,0.189,676106
CH,Changeup,OS,82,16.27,26,24,8,30.77,0,0.0,48,15,31.25,18.29,6,7.32,25.61,35.56,30.22,19.05,0.208,0.231,0.5,0.731,0.292,676106
SL,Slider,BR,72,14.29,17,16,3,17.65,1,5.88,38,13,34.21,18.06,6,8.33,26.39,34.04,14.39,15.0,0.125,0.176,0.312,0.488,0.187,676106
FC,Cutter,FB,27,5.36,6,6,1,16.67,0,0.0,9,2,22.22,7.41,5,18.52,25.93,18.75,3.6,20.0,0.667,0.667,1.667,2.334,1.0,676106
ST,Sweeper,BR,1,0.2,0,0,0,,0,,0,0,,0.0,0,0.0,0.0,0.0,0.72,0.0,,,,,,676106
,,,1,0.2,0,0,0,,0,,0,0,,0.0,0,0.0,0.0,,0.0,,,,,,,676106
FF,4-Seam Fastball,FB,168,29.84,41,38,19,46.34,2,4.88,86,33,38.37,19.64,33,19.64,39.29,34.21,32.75,33.93,0.132,0.175,0.184,0.359,0.0519999999999999,676130
SI,Sinker,FB,141,25.04,37,30,2,5.41,3,8.11,71,14,19.72,9.93,17,12.06,21.99,37.5,5.85,20.0,0.267,0.405,0.4,0.805,0.133,676130
SL,Slider,BR,91,16.16,19,16,3,15.79,1,5.26,37,15,40.54,16.48,15,16.48,32.97,27.12,11.7,15.0,0.188,0.222,0.375,0.597,0.187,676130
CH,Changeup,OS,83,14.74,30,28,17,56.67,2,6.67,49,22,44.9,26.51,3,3.61,30.12,45.45,30.41,32.69,0.286,0.333,0.5,0.833,0.214,676130
ST,Sweeper,BR,80,14.21,16,15,2,12.5,1,6.25,32,7,21.88,8.75,9,11.25,20.0,33.93,19.3,6.06,0.2,0.25,0.267,0.517,0.067,676130
SI,Sinker,FB,323,51.43,77,66,20,25.97,7,9.09,114,19,16.67,5.88,117,36.22,42.11,21.19,35.71,28.57,0.197,0.312,0.212,0.524,0.0149999999999999,676254
SL,Slider,BR,302,48.09,84,80,36,42.86,2,2.38,153,64,41.83,21.19,34,11.26,32.45,34.83,63.78,28.8,0.15,0.169,0.238,0.407,0.088,676254
FF,4-Seam Fastball,FB,2,0.32,1,1,1,100.0,0,0.0,1,1,100.0,50.0,0,0.0,50.0,0.0,0.51,100.0,0.0,0.0,0.0,0.0,0.0,676254
PO,Pitch Out,,1,0.16,0,0,0,,0,,0,0,,0.0,0,0.0,0.0,,0.0,,,,,,,676254
FF,4-Seam Fastball,FB,178,31.5,47,37,7,14.89,10,21.28,87,14,16.09,7.87,30,16.85,24.72,23.53,27.39,16.28,0.432,0.553,0.649,1.202,0.217,676272
SI,Sinker,FB,138,24.42,35,31,2,5.71,2,5.71,69,11,15.94,7.97,22,15.94,23.91,30.56,17.83,7.14,0.258,0.343,0.581,0.924,0.3229999999999999,676272
CU,Curveball,BR,96,16.99,18,16,2,11.11,1,5.56,36,8,22.22,8.33,23,23.96,32.29,26.42,14.01,9.09,0.312,0.353,0.375,0.728,0.063,676272
SL,Slider,BR,89,15.75,17,16,3,17.65,1,5.88,36,9,25.0,10.11,5,5.62,15.73,18.33,19.11,10.0,0.312,0.353,0.688,1.041,0.3759999999999999,676272
CH,Changeup,OS,63,11.15,19,17,10,52.63,2,10.53,26,12,46.15,19.05,2,3.17,22.22,18.6,21.66,29.41,0.118,0.211,0.353,0.564,0.235,676272
,,,1,0.18,0,0,0,,0,,0,0,,0.0,0,0.0,0.0,,0.0,,,,,,,676272
FF,4-Seam Fastball,FB,250,47.44,58,48,14,24.14,9,15.52,103,23,22.33,9.2,51,20.4,29.6,18.33,41.51,21.21,0.25,0.362,0.5,0.862,0.25,676282
CH,Changeup,OS,168,31.88,33,33,13,39.39,0,0.0,77,35,45.45,20.83,23,13.69,34.52,26.6,33.96,24.07,0.212,0.212,0.303,0.515,0.091,676282
CU,Curveball,BR,88,16.7,25,24,7,28.0,1,4.0,41,9,21.95,10.23,18,20.45,30.68,31.82,22.01,20.0,0.167,0.2,0.292,0.492,0.1249999999999999,676282
SL,Slider,BR,21,3.98,5,5,0,0.0,0,0.0,9,2,22.22,9.52,5,23.81,33.33,25.0,2.52,0.0,0.0,0.0,0.0,0.0,0.0,676282
FA,Other,,9,81.82,2,2,0,0.0,0,0.0,4,0,0.0,0.0,2,22.22,22.22,20.0,100.0,0.0,0.0,0.0,0.0,0.0,0.0,676391
KN,Knuckleball,,2,18.18,1,1,0,0.0,0,0.0,1,0,0.0,0.0,0,0.0,0.0,0.0,0.0,,1.0,1.0,1.0,2.0,0.0,676391
CH,Changeup,OS,295,52.4,77,75,21,27.27,2,2.6,156,58,37.18,19.66,38,12.88,32.54,43.26,46.11,27.27,0.2,0.221,0.213,0.434,0.0129999999999999,676395
FF,4-Seam Fastball,FB,233,41.39,61,56,22,36.07,4,6.56,114,28,24.56,12.02,55,23.61,35.62,24.49,44.91,29.33,0.286,0.333,0.482,0.815,0.196,676395
SL,Slider,BR,32,5.68,8,7,2,25.0,1,12.5,16,3,18.75,9.38,4,12.5,21.88,27.78,8.38,14.29,0.429,0.5,0.571,1.071,0.1419999999999999,676395
,,,2,0.36,1,0,0,0.0,1,100.0,0,0,,0.0,0,0.0,0.0,,0.0,,,1.0,,,,676395
SI,Sinker,FB,1,0.18,1,1,1,100.0,0,0.0,1,1,100.0,100.0,0,0.0,100.0,100.0,0.6,100.0,0.0,0.0,0.0,0.0,0.0,676395
SI,Sinker,FB,163,42.56,50,49,2,4.0,1,2.0,97,6,6.19,3.68,38,23.31,26.99,36.73,28.7,6.06,0.224,0.24,0.367,0.607,0.143,676428
ST,Sweeper,BR,102,26.63,28,25,10,35.71,3,10.71,39,12,30.77,11.76,26,25.49,37.25,18.37,26.96,32.26,0.16,0.25,0.4,0.65,0.24,676428
CH,Changeup,OS,76,19.84,16,16,3,18.75,0,0.0,33,7,21.21,9.21,9,11.84,21.05,28.89,22.61,11.54,0.188,0.188,0.312,0.5,0.124,676428
FF,4-Seam Fastball,FB,42,10.97,8,6,3,37.5,1,12.5,20,7,35.0,16.67,2,4.76,21.43,20.0,21.74,12.0,0.0,0.125,0.0,0.125,0.0,676428
FF,4-Seam Fastball,FB,535,42.77,123,114,23,18.7,5,4.07,286,67,23.43,12.52,82,15.33,27.85,25.44,32.08,16.91,0.228,0.279,0.404,0.683,0.176,676440
FC,Cutter,FB,411,32.85,106,99,33,31.13,4,3.77,224,85,37.95,20.68,46,11.19,31.87,25.65,33.25,23.4,0.141,0.171,0.242,0.413,0.101,676440
CH,Changeup,OS,164,13.11,43,36,18,41.86,5,11.63,71,16,22.54,9.76,37,22.56,32.32,22.5,16.98,25.0,0.194,0.302,0.417,0.719,0.2229999999999999,676440
ST,Sweeper,BR,76,6.08,29,26,7,24.14,1,3.45,47,13,27.66,17.11,9,11.84,28.95,41.18,10.38,15.91,0.154,0.179,0.308,0.487,0.154,676440
CU,Curveball,BR,57,4.56,16,13,4,25.0,1,6.25,32,8,25.0,14.04,5,8.77,22.81,41.18,6.84,13.79,0.231,0.333,0.308,0.641,0.0769999999999999,676440
SI,Sinker,FB,8,0.64,2,2,0,0.0,0,0.0,6,1,16.67,12.5,1,12.5,25.0,60.0,0.47,0.0,0.5,0.5,0.5,1.0,0.0,676440
SI,Sinker,FB,48,39.02,12,10,5,41.67,2,16.67,15,4,26.67,8.33,17,35.42,43.75,5.26,25.0,50.0,0.4,0.5,0.5,1.0,0.0999999999999999,676477
ST,Sweeper,BR,45,36.59,4,4,1,25.0,0,0.0,16,2,12.5,4.44,9,20.0,24.44,14.81,37.5,6.67,0.0,0.0,0.0,0.0,0.0,676477
CH,Changeup,OS,30,24.39,11,9,3,27.27,2,18.18,17,5,29.41,16.67,0,0.0,16.67,38.1,37.5,20.0,0.333,0.455,0.444,0.899,0.1109999999999999,676477
ST,Sweeper,BR,29,50.0,8,8,2,25.0,0,0.0,16,6,37.5,20.69,5,17.24,37.93,30.0,50.0,22.22,0.375,0.375,0.5,0.875,0.125,676508
FF,4-Seam Fastball,FB,28,48.28,7,6,2,28.57,1,14.29,15,7,46.67,25.0,3,10.71,35.71,28.57,50.0,22.22,0.333,0.429,0.5,0.929,0.1669999999999999,676508
CU,Curveball,BR,1,1.72,0,0,0,,0,,0,0,,0.0,1,100.0,100.0,,0.0,,,,,,,676508
FC,Cutter,FB,216,40.6,68,62,13,19.12,3,4.41,114,33,28.95,15.28,30,13.89,29.17,26.0,36.0,20.63,0.258,0.292,0.355,0.647,0.0969999999999999,676534
FF,4-Seam Fastball,FB,170,31.95,29,23,9,31.03,4,13.79,66,21,31.82,12.35,29,17.06,29.41,14.94,26.86,19.15,0.13,0.31,0.174,0.484,0.0439999999999999,676534
CU,Curveball,BR,81,15.23,16,16,4,25.0,0,0.0,29,6,20.69,7.41,15,18.52,25.93,27.78,17.71,12.9,0.438,0.438,0.562,1.0,0.124,676534
ST,Sweeper,BR,63,11.84,22,17,8,36.36,2,9.09,34,12,35.29,19.05,6,9.52,28.57,37.84,18.86,24.24,0.176,0.273,0.176,0.449,0.0,676534
,,,2,0.38,0,0,0,,0,,0,0,,0.0,0,0.0,0.0,,0.57,0.0,,,,,,676534
FF,4-Seam Fastball,FB,20,74.07,7,7,0,0.0,0,0.0,13,2,15.38,10.0,0,0.0,10.0,12.5,50.0,0.0,0.286,0.286,0.429,0.715,0.143,676568
CU,Curveball,BR,4,14.81,2,2,1,50.0,0,0.0,2,1,50.0,25.0,1,25.0,50.0,50.0,50.0,50.0,0.0,0.0,0.0,0.0,0.0,676568
SL,Slider,BR,3,11.11,0,0,0,,0,,0,0,,0.0,0,0.0,0.0,0.0,0.0,,,,,,,676568
CH,Changeup,OS,138,39.2,39,37,5,12.82,2,5.13,67,10,14.93,7.25,16,11.59,18.84,40.59,56.47,10.42,0.135,0.179,0.162,0.3409999999999999,0.0269999999999999,676596
SI,Sinker,FB,107,30.4,29,23,2,6.9,6,20.69,41,9,21.95,8.41,19,17.76,26.17,27.94,18.82,12.5,0.348,0.483,0.391,0.874,0.043,676596
FC,Cutter,FB,91,25.85,16,15,1,6.25,0,0.0,44,4,9.09,4.4,15,16.48,20.88,25.0,17.65,6.67,0.2,0.2,0.2,0.4,0.0,676596
CU,Curveball,BR,14,3.98,5,5,0,0.0,0,0.0,6,0,0.0,0.0,1,7.14,7.14,33.33,4.71,0.0,0.4,0.4,1.2,1.6,0.7999999999999999,676596
,,,2,0.57,1,1,0,0.0,0,0.0,2,0,0.0,0.0,0,0.0,0.0,,2.35,0.0,0.0,0.0,0.0,0.0,0.0,676596
ST,Sweeper,BR,18,42.86,3,3,1,33.33,0,0.0,8,2,25.0,11.11,3,16.67,27.78,36.36,50.0,14.29,0.0,0.0,0.0,0.0,0.0,676604
FF,4-Seam Fastball,FB,17,40.48,2,1,1,50.0,1,50.0,5,2,40.0,11.76,4,23.53,35.29,11.11,28.57,25.0,0.0,0.5,0.0,0.5,0.0,676604
SL,Slider,BR,5,11.9,3,2,0,0.0,1,33.33,2,0,0.0,0.0,0,0.0,0.0,0.0,14.29,0.0,0.0,0.333,0.0,0.333,0.0,676604
FC,Cutter,FB,2,4.76,0,0,0,,0,,0,0,,0.0,0,0.0,0.0,0.0,7.14,0.0,,,,,,676604
FF,4-Seam Fastball,FB,93,36.33,37,33,10,27.03,3,8.11,58,15,25.86,16.13,11,11.83,27.96,41.46,50.0,23.26,0.03,0.111,0.121,0.2319999999999999,0.091,676614
FC,Cutter,FB,76,29.69,12,11,2,16.67,1,8.33,36,5,13.89,6.58,13,17.11,23.68,33.33,22.09,10.53,0.273,0.333,0.545,0.8780000000000001,0.272,676614
CH,Changeup,OS,31,12.11,7,6,0,0.0,1,14.29,16,5,31.25,16.13,3,9.68,25.81,42.86,10.47,0.0,0.5,0.571,1.167,1.738,0.667,676614
CU,Curveball,BR,28,10.94,6,5,1,16.67,0,0.0,9,3,33.33,10.71,8,28.57,39.29,23.08,6.98,16.67,0.4,0.5,1.0,1.5,0.6,676614
ST,Sweeper,BR,28,10.94,6,5,1,16.67,1,16.67,14,4,28.57,14.29,6,21.43,35.71,38.46,10.47,11.11,0.4,0.5,0.4,0.9,0.0,676614
SI,Sinker,FB,53,50.48,14,12,2,14.29,2,14.29,19,2,10.53,3.77,13,24.53,28.3,20.0,25.0,33.33,0.25,0.357,0.333,0.69,0.083,676617
SL,Slider,BR,26,24.76,6,3,1,16.67,2,33.33,10,4,40.0,15.38,2,7.69,23.08,17.65,16.67,25.0,0.667,0.667,1.667,2.334,1.0,676617
ST,Sweeper,BR,25,23.81,5,5,3,60.0,0,0.0,9,4,44.44,16.0,2,8.0,24.0,22.22,54.17,23.08,0.4,0.4,0.4,0.8,0.0,676617
FF,4-Seam Fastball,FB,1,0.95,1,1,1,100.0,0,0.0,1,1,100.0,100.0,0,0.0,100.0,,4.17,100.0,0.0,0.0,0.0,0.0,0.0,676617
FF,4-Seam Fastball,FB,61,53.04,19,19,4,21.05,0,0.0,34,7,20.59,11.48,10,16.39,27.87,29.17,62.96,23.53,0.263,0.263,0.526,0.789,0.263,676661
FC,Cutter,FB,39,33.91,11,10,1,9.09,1,9.09,17,4,23.53,10.26,7,17.95,28.21,28.57,14.81,25.0,0.0,0.091,0.0,0.091,0.0,676661
KC,Knuckle Curve,BR,14,12.17,3,3,0,0.0,0,0.0,6,0,0.0,0.0,1,7.14,7.14,22.22,22.22,0.0,0.333,0.333,1.333,1.666,1.0,676661
SL,Slider,BR,1,0.87,0,0,0,,0,,0,0,,0.0,0,0.0,0.0,0.0,0.0,,,,,,,676661
FF,4-Seam Fastball,FB,914,40.28,249,214,68,27.31,27,10.84,481,122,25.36,13.35,104,11.38,24.73,26.92,55.79,17.82,0.229,0.327,0.458,0.785,0.229,676664
CH,Changeup,OS,544,23.98,155,145,10,6.45,8,5.16,254,48,18.9,8.82,72,13.24,22.06,27.33,17.66,8.4,0.297,0.331,0.428,0.759,0.131,676664
ST,Sweeper,BR,438,19.3,107,97,16,14.95,2,1.87,203,33,16.26,7.53,108,24.66,32.19,31.49,16.32,14.55,0.268,0.318,0.443,0.761,0.175,676664
SI,Sinker,FB,185,8.15,57,50,3,5.26,6,10.53,85,9,10.59,4.86,42,22.7,27.57,11.43,2.23,20.0,0.26,0.339,0.42,0.759,0.1599999999999999,676664
SL,Slider,BR,171,7.54,32,31,6,18.75,1,3.12,85,19,22.35,11.11,32,18.71,29.82,25.71,5.79,15.38,0.258,0.281,0.645,0.926,0.387,676664
CU,Curveball,BR,16,0.71,7,7,1,14.29,0,0.0,11,1,9.09,6.25,1,6.25,12.5,55.56,2.23,6.67,0.286,0.286,0.286,0.572,0.0,676664
PO,Pitch Out,,1,0.04,0,0,0,,0,,0,0,,0.0,0,0.0,0.0,0.0,0.0,,,,,,,676664
ST,Sweeper,BR,79,45.66,14,12,5,35.71,1,7.14,24,6,25.0,7.59,23,29.11,36.71,17.07,49.15,17.24,0.167,0.286,0.167,0.4529999999999999,0.0,676680
SI,Sinker,FB,51,29.48,16,13,1,6.25,3,18.75,26,3,11.54,5.88,7,13.73,19.61,17.39,11.86,14.29,0.615,0.688,0.692,1.38,0.0769999999999999,676680
FF,4-Seam Fastball,FB,43,24.86,10,10,1,10.0,0,0.0,26,3,11.54,6.98,1,2.33,9.3,28.57,38.98,4.35,0.6,0.6,1.0,1.6,0.4,676680
FF,4-Seam Fastball,FB,356,53.61,85,80,29,34.12,4,4.71,172,44,25.58,12.36,87,24.44,36.8,20.61,60.2,23.97,0.162,0.202,0.2,0.402,0.038,676684
SL,Slider,BR,153,23.04,44,44,9,20.45,0,0.0,81,25,30.86,16.34,10,6.54,22.88,34.07,28.86,15.52,0.409,0.409,0.614,1.023,0.205,676684
SI,Sinker,FB,146,21.99,43,38,3,6.98,0,0.0,77,12,15.58,8.22,24,16.44,24.66,44.3,7.96,18.75,0.263,0.286,0.368,0.6539999999999999,0.1049999999999999,676684
CH,Changeup,OS,9,1.36,2,2,1,50.0,0,0.0,4,2,50.0,22.22,0,0.0,22.22,28.57,2.99,16.67,0.0,0.0,0.0,0.0,0.0,676684
FC,Cutter,FB,123,35.65,30,28,4,13.33,2,6.67,66,21,31.82,17.07,19,15.45,32.52,31.67,20.18,18.18,0.143,0.2,0.25,0.45,0.107,676702
FF,4-Seam Fastball,FB,119,34.49,38,34,9,23.68,2,5.26,64,17,26.56,14.29,14,11.76,26.05,30.77,44.95,18.37,0.265,0.324,0.382,0.706,0.1169999999999999,676702
SL,Slider,BR,99,28.7,21,21,7,33.33,0,0.0,48,18,37.5,18.18,14,14.14,32.32,39.68,33.03,19.44,0.143,0.143,0.19,0.3329999999999999,0.047,676702
SI,Sinker,FB,4,1.16,1,1,0,0.0,0,0.0,3,0,0.0,0.0,1,25.0,25.0,,1.83,0.0,0.0,0.0,0.0,0.0,0.0,676702
FF,4-Seam Fastball,FB,446,33.26,116,104,33,28.45,10,8.62,223,44,19.73,9.87,96,21.52,31.39,29.78,38.24,21.15,0.279,0.345,0.452,0.7969999999999999,0.173,676710
FC,Cutter,FB,421,31.39,121,109,19,15.7,12,9.92,238,74,31.09,17.58,77,18.29,35.87,41.45,20.1,23.17,0.211,0.289,0.413,0.702,0.2019999999999999,676710
ST,Sweeper,BR,411,30.65,108,105,20,18.52,2,1.85,218,61,27.98,14.84,41,9.98,24.82,36.1,32.6,14.29,0.248,0.269,0.486,0.755,0.238,676710
FS,Split-Finger,OS,53,3.95,16,15,10,62.5,0,0.0,30,16,53.33,30.19,3,5.66,35.85,40.0,7.84,31.25,0.133,0.188,0.2,0.388,0.067,676710
KC,Knuckle Curve,BR,10,0.75,4,4,2,50.0,0,0.0,4,1,25.0,10.0,1,10.0,20.0,28.57,1.23,40.0,0.25,0.25,0.25,0.5,0.0,676710
FF,4-Seam Fastball,FB,77,35.32,19,15,1,5.26,3,15.79,36,4,11.11,5.19,11,14.29,19.48,23.08,39.29,4.55,0.533,0.579,1.467,2.0460000000000003,0.934,676714
SL,Slider,BR,74,33.94,18,12,8,44.44,5,27.78,26,13,50.0,17.57,9,12.16,29.73,22.92,51.79,27.59,0.333,0.556,1.083,1.639,0.75,676714
SI,Sinker,FB,67,30.73,17,16,0,0.0,1,5.88,29,3,10.34,4.48,13,19.4,23.88,24.32,8.93,0.0,0.438,0.471,0.812,1.283,0.374,676714
FF,4-Seam Fastball,FB,42,77.78,12,7,2,16.67,4,33.33,17,3,17.65,7.14,9,21.43,28.57,30.43,83.33,13.33,0.143,0.5,0.143,0.643,0.0,676755
CH,Changeup,OS,8,14.81,1,1,0,0.0,0,0.0,4,2,50.0,25.0,1,12.5,37.5,0.0,5.56,0.0,0.0,0.0,0.0,0.0,0.0,676755
SL,Slider,BR,4,7.41,0,0,0,,0,,0,0,,0.0,0,0.0,0.0,0.0,11.11,0.0,,,,,,676755
FF,4-Seam Fastball,FB,89,45.64,17,14,3,17.65,1,5.88,42,7,16.67,7.87,15,16.85,24.72,34.04,38.57,11.11,0.429,0.5,0.571,1.071,0.1419999999999999,676760
CH,Changeup,OS,53,27.18,12,8,2,16.67,2,16.67,23,7,30.43,13.21,11,20.75,33.96,32.35,30.0,9.52,0.5,0.583,0.875,1.458,0.375,676760
ST,Sweeper,BR,52,26.67,15,13,5,33.33,1,6.67,28,7,25.0,13.46,12,23.08,36.54,36.36,30.0,23.81,0.077,0.133,0.308,0.441,0.2309999999999999,676760
SI,Sinker,FB,1,0.51,1,0,0,0.0,1,100.0,0,0,,0.0,0,0.0,0.0,0.0,1.43,0.0,,1.0,,,,676760
FS,Split-Finger,OS,158,34.57,53,47,14,26.42,3,5.66,105,33,31.43,20.89,10,6.33,27.22,49.38,44.52,21.54,0.234,0.288,0.426,0.714,0.1919999999999999,676775
SL,Slider,BR,106,23.19,26,26,4,15.38,0,0.0,55,20,36.36,18.87,16,15.09,33.96,35.59,17.81,15.38,0.308,0.308,0.5,0.808,0.192,676775
SI,Sinker,FB,96,21.01,32,27,1,3.12,3,9.38,47,2,4.26,2.08,23,23.96,26.04,15.62,11.64,5.88,0.444,0.531,0.815,1.346,0.3709999999999999,676775
FF,4-Seam Fastball,FB,81,17.72,13,10,3,23.08,2,15.38,36,7,19.44,8.64,12,14.81,23.46,19.05,21.23,9.68,0.2,0.385,0.4,0.785,0.2,676775
,,,16,3.5,3,2,0,0.0,1,33.33,6,0,0.0,0.0,3,18.75,18.75,,4.79,0.0,0.0,0.333,0.0,0.333,0.0,676775
SI,Sinker,FB,136,40.12,34,30,2,5.88,3,8.82,72,7,9.72,5.15,23,16.91,22.06,26.42,34.21,5.13,0.3,0.353,0.367,0.72,0.067,676879
CH,Changeup,OS,91,26.84,24,21,4,16.67,2,8.33,50,18,36.0,19.78,7,7.69,27.47,41.07,26.32,13.33,0.19,0.261,0.429,0.69,0.239,676879
CU,Curveball,BR,77,22.71,12,12,8,66.67,0,0.0,19,9,47.37,11.69,28,36.36,48.05,20.0,20.18,34.78,0.083,0.083,0.083,0.166,0.0,676879
SL,Slider,BR,26,7.67,9,8,4,44.44,1,11.11,17,4,23.53,15.38,3,11.54,26.92,53.85,16.67,21.05,0.125,0.222,0.25,0.472,0.125,676879
FF,4-Seam Fastball,FB,9,2.65,2,2,0,0.0,0,0.0,5,0,0.0,0.0,0,0.0,0.0,42.86,2.63,0.0,0.0,0.0,0.0,0.0,0.0,676879
SI,Sinker,FB,12,31.58,4,3,0,0.0,1,25.0,4,0,0.0,0.0,2,16.67,16.67,14.29,50.0,0.0,0.333,0.5,0.333,0.833,0.0,676961
ST,Sweeper,BR,6,15.79,3,3,0,0.0,0,0.0,4,0,0.0,0.0,0,0.0,0.0,33.33,37.5,0.0,0.0,0.0,0.0,0.0,0.0,676961
FC,Cutter,FB,6,15.79,2,2,0,0.0,0,0.0,2,0,0.0,0.0,1,16.67,16.67,20.0,0.0,,0.0,0.0,0.0,0.0,0.0,676961
FF,4-Seam Fastball,FB,5,13.16,1,1,0,0.0,0,0.0,3,0,0.0,0.0,1,20.0,20.0,0.0,0.0,,0.0,0.0,0.0,0.0,0.0,676961
CU,Curveball,BR,5,13.16,0,0,0,,0,,3,1,33.33,20.0,1,20.0,40.0,66.67,0.0,,,,,,,676961
SL,Slider,BR,3,7.89,1,1,0,0.0,0,0.0,2,0,0.0,0.0,0,0.0,0.0,0.0,0.0,,0.0,0.0,0.0,0.0,0.0,676961
CH,Changeup,OS,1,2.63,1,1,0,0.0,0,0.0,1,0,0.0,0.0,0,0.0,0.0,,12.5,0.0,0.0,0.0,0.0,0.0,0.0,676961
FF,4-Seam Fastball,FB,218,56.62,59,51,6,10.17,5,8.47,93,9,9.68,4.13,55,25.23,29.36,22.09,42.48,12.5,0.255,0.31,0.392,0.702,0.137,676962
KC,Knuckle Curve,BR,167,43.38,45,43,25,55.56,1,2.22,85,50,58.82,29.94,22,13.17,43.11,38.54,57.52,38.46,0.093,0.111,0.186,0.297,0.093,676962
SI,Sinker,FB,56,55.45,17,15,0,0.0,1,5.88,25,2,8.0,3.57,13,23.21,26.79,28.0,31.58,0.0,0.467,0.529,0.733,1.262,0.2659999999999999,676969
KC,Knuckle Curve,BR,24,23.76,6,5,0,0.0,0,0.0,10,0,0.0,0.0,3,12.5,12.5,20.0,47.37,0.0,0.4,0.4,0.4,0.8,0.0,676969
FC,Cutter,FB,20,19.8,6,6,1,16.67,0,0.0,10,3,30.0,15.0,3,15.0,30.0,20.0,15.79,33.33,0.0,0.0,0.0,0.0,0.0,676969
FF,4-Seam Fastball,FB,1,0.99,0,0,0,,0,,0,0,,0.0,0,0.0,0.0,0.0,5.26,0.0,,,,,,676969
SL,Slider,BR,212,45.89,54,52,16,29.63,2,3.7,97,36,37.11,16.98,30,14.15,31.13,31.97,59.03,18.82,0.231,0.259,0.442,0.7010000000000001,0.211,676974
FF,4-Seam Fastball,FB,203,43.94,57,52,6,10.53,5,8.77,105,18,17.14,8.87,34,16.75,25.62,20.73,34.72,12.0,0.327,0.386,0.577,0.963,0.2499999999999999,676974
CH,Changeup,OS,34,7.36,10,8,0,0.0,0,0.0,17,2,11.76,5.88,4,11.76,17.65,14.29,4.17,0.0,0.375,0.5,1.25,1.75,0.875,676974
SI,Sinker,FB,12,2.6,1,0,0,0.0,0,0.0,6,0,0.0,0.0,1,8.33,8.33,0.0,1.39,0.0,,1.0,,,,676974
ST,Sweeper,BR,1,0.22,1,1,0,0.0,0,0.0,1,0,0.0,0.0,0,0.0,0.0,100.0,0.69,0.0,0.0,0.0,0.0,0.0,0.0,676974
FF,4-Seam Fastball,FB,1093,54.51,253,231,81,32.02,19,7.51,590,183,31.02,16.74,177,16.19,32.94,31.39,50.15,23.96,0.182,0.249,0.294,0.5429999999999999,0.1119999999999999,676979
FC,Cutter,FB,579,28.88,157,153,54,34.39,4,2.55,331,114,34.44,19.69,74,12.78,32.47,38.13,26.26,30.51,0.281,0.299,0.471,0.77,0.1899999999999999,676979
ST,Sweeper,BR,158,7.88,38,33,17,44.74,1,2.63,78,27,34.62,17.09,21,13.29,30.38,38.46,10.98,22.97,0.182,0.263,0.636,0.899,0.454,676979
CH,Changeup,OS,142,7.08,39,38,13,33.33,1,2.56,56,19,33.93,13.38,12,8.45,21.83,30.19,10.68,18.06,0.184,0.205,0.289,0.494,0.1049999999999999,676979
SI,Sinker,FB,33,1.65,7,7,2,28.57,0,0.0,17,4,23.53,12.12,5,15.15,27.27,41.18,1.93,15.38,0.286,0.286,0.286,0.572,0.0,676979
SL,Slider,BR,47,37.9,10,9,6,60.0,1,10.0,24,12,50.0,25.53,7,14.89,40.43,46.15,48.48,37.5,0.111,0.2,0.111,0.311,0.0,677020
SI,Sinker,FB,46,37.1,11,7,0,0.0,2,18.18,18,2,11.11,4.35,9,19.57,23.91,29.63,12.12,0.0,0.286,0.364,0.286,0.6499999999999999,0.0,677020
FF,4-Seam Fastball,FB,31,25.0,11,10,1,9.09,1,9.09,18,2,11.11,6.45,2,6.45,12.9,35.29,39.39,7.69,0.5,0.545,0.7,1.245,0.1999999999999999,677020
FF,4-Seam Fastball,FB,372,64.7,97,84,29,29.9,11,11.34,189,54,28.57,14.52,45,12.1,26.61,27.27,68.98,22.48,0.25,0.34,0.417,0.757,0.1669999999999999,677053
ST,Sweeper,BR,191,33.22,32,29,9,28.12,2,6.25,98,28,28.57,14.66,31,16.23,30.89,37.0,28.88,16.67,0.276,0.323,0.724,1.047,0.4479999999999999,677053
CH,Changeup,OS,7,1.22,3,3,0,0.0,0,0.0,4,0,0.0,0.0,1,14.29,14.29,60.0,2.14,0.0,0.667,0.667,0.667,1.334,0.0,677053
,,,4,0.7,1,0,0,0.0,1,100.0,0,0,,0.0,0,0.0,0.0,,0.0,,,1.0,,,,677053
SL,Slider,BR,1,0.17,0,0,0,,0,,0,0,,0.0,1,100.0,100.0,0.0,0.0,,,,,,,677053
CH,Changeup,OS,9,64.29,1,1,1,100.0,0,0.0,4,2,50.0,22.22,1,11.11,33.33,28.57,62.5,20.0,0.0,0.0,0.0,0.0,0.0,677076
SL,Slider,BR,3,21.43,0,0,0,,0,,3,0,0.0,0.0,0,0.0,0.0,100.0,25.0,0.0,,,,,,677076
FF,4-Seam Fastball,FB,1,7.14,1,0,0,0.0,0,0.0,0,0,,0.0,0,0.0,0.0,0.0,12.5,0.0,,1.0,,,,677076
SI,Sinker,FB,1,7.14,0,0,0,,0,,1,1,100.0,100.0,0,0.0,100.0,,0.0,,,,,,,677076
ST,Sweeper,BR,218,41.44,54,52,17,31.48,2,3.7,111,39,35.14,17.89,32,14.68,32.57,36.44,45.4,22.97,0.135,0.167,0.231,0.398,0.096,677161
FF,4-Seam Fastball,FB,163,30.99,49,41,13,26.53,7,14.29,67,16,23.88,9.82,31,19.02,28.83,19.48,38.04,20.97,0.22,0.347,0.268,0.615,0.048,677161
FC,Cutter,FB,98,18.63,22,19,0,0.0,3,13.64,41,5,12.2,5.1,28,28.57,33.67,18.42,6.13,0.0,0.263,0.364,0.474,0.838,0.2109999999999999,677161
CH,Changeup,OS,46,8.75,9,9,5,55.56,0,0.0,21,6,28.57,13.04,7,15.22,28.26,24.0,10.43,29.41,0.111,0.111,0.444,0.555,0.333,677161
,,,1,0.19,0,0,0,,0,,0,0,,0.0,0,0.0,0.0,,0.0,,,,,,,677161
ST,Sweeper,BR,29,39.19,9,7,3,33.33,0,0.0,16,6,37.5,20.69,1,3.45,24.14,38.1,64.29,16.67,0.143,0.222,0.286,0.508,0.143,677865
FC,Cutter,FB,25,33.78,4,4,1,25.0,0,0.0,18,5,27.78,20.0,3,12.0,32.0,75.0,17.86,20.0,0.25,0.25,0.5,0.75,0.25,677865
SI,Sinker,FB,19,25.68,4,4,0,0.0,0,0.0,10,0,0.0,0.0,4,21.05,21.05,40.0,17.86,0.0,0.75,0.75,1.75,2.5,1.0,677865
,,,1,1.35,1,0,0,0.0,1,100.0,0,0,,0.0,0,0.0,0.0,,0.0,,,1.0,,,,677865
FF,4-Seam Fastball,FB,371,54.0,91,86,22,24.18,4,4.4,169,31,18.34,8.36,93,25.07,33.42,21.37,53.25,17.89,0.337,0.374,0.593,0.967,0.2559999999999999,677944
SL,Slider,BR,279,40.61,72,68,11,15.28,3,4.17,133,29,21.8,10.39,42,15.05,25.45,25.9,36.36,13.1,0.294,0.319,0.515,0.8340000000000001,0.221,677944
CU,Curveball,BR,27,3.93,9,9,3,33.33,0,0.0,14,3,21.43,11.11,3,11.11,22.22,33.33,7.36,17.65,0.444,0.444,0.889,1.333,0.445,677944
CH,Changeup,OS,7,1.02,0,0,0,,0,,2,0,0.0,0.0,1,14.29,14.29,0.0,2.16,0.0,,,,,,677944
ST,Sweeper,BR,2,0.29,1,1,1,100.0,0,0.0,1,1,100.0,50.0,1,50.0,100.0,100.0,0.43,100.0,0.0,0.0,0.0,0.0,0.0,677944
FC,Cutter,FB,1,0.15,1,1,1,100.0,0,0.0,1,1,100.0,100.0,0,0.0,100.0,100.0,0.43,100.0,0.0,0.0,0.0,0.0,0.0,677944
SI,Sinker,FB,29,40.28,13,12,1,7.69,1,7.69,18,2,11.11,6.9,4,13.79,20.69,20.0,38.46,20.0,0.25,0.308,0.5,0.808,0.25,677955
SL,Slider,BR,27,37.5,7,6,2,28.57,0,0.0,12,3,25.0,11.11,7,25.93,37.04,20.0,46.15,33.33,0.333,0.286,0.833,1.119,0.4999999999999999,677955
FF,4-Seam Fastball,FB,10,13.89,1,0,0,0.0,1,100.0,2,1,50.0,10.0,2,20.0,30.0,0.0,7.69,0.0,,1.0,,,,677955
CH,Changeup,OS,6,8.33,2,1,0,0.0,0,0.0,1,0,0.0,0.0,1,16.67,16.67,0.0,7.69,0.0,0.0,0.5,0.0,0.5,0.0,677955
SL,Slider,BR,35,36.84,9,6,2,22.22,1,11.11,18,4,22.22,11.43,4,11.43,22.86,38.1,53.33,12.5,0.333,0.375,0.333,0.708,0.0,677958
SI,Sinker,FB,34,35.79,10,9,1,10.0,0,0.0,18,4,22.22,11.76,7,20.59,32.35,47.06,20.0,16.67,0.222,0.3,0.222,0.522,0.0,677958
FF,4-Seam Fastball,FB,26,27.37,8,8,3,37.5,0,0.0,15,3,20.0,11.54,5,19.23,30.77,50.0,26.67,37.5,0.5,0.5,0.875,1.375,0.375,677958
FF,4-Seam Fastball,FB,469,40.82,108,94,10,9.26,11,10.19,230,33,14.35,7.04,79,16.84,23.88,21.46,43.02,6.49,0.319,0.393,0.457,0.8500000000000001,0.138,677960
CH,Changeup,OS,339,29.5,104,101,33,31.73,2,1.92,186,68,36.56,20.06,33,9.73,29.79,36.6,35.47,25.98,0.178,0.192,0.356,0.548,0.178,677960
ST,Sweeper,BR,211,18.36,40,34,17,42.5,0,0.0,67,33,49.25,15.64,42,19.91,35.55,23.36,18.72,25.37,0.147,0.275,0.235,0.51,0.088,677960
SI,Sinker,FB,119,10.36,36,33,0,0.0,3,8.33,62,1,1.61,0.84,21,17.65,18.49,24.49,1.4,0.0,0.303,0.361,0.667,1.028,0.364,677960
SL,Slider,BR,7,0.61,3,3,1,33.33,0,0.0,4,1,25.0,14.29,0,0.0,14.29,40.0,1.4,20.0,0.333,0.333,0.667,1.0,0.334,677960
,,,4,0.35,1,0,0,0.0,1,100.0,0,0,,0.0,0,0.0,0.0,,0.0,,,1.0,,,,677960
ST,Sweeper,BR,36,39.13,7,6,1,14.29,1,14.29,16,3,18.75,8.33,10,27.78,36.11,33.33,41.38,8.33,0.333,0.429,0.833,1.262,0.4999999999999999,677976
SI,Sinker,FB,31,33.7,13,12,2,15.38,1,7.69,15,1,6.67,3.23,5,16.13,19.35,25.0,20.69,33.33,0.167,0.231,0.25,0.481,0.0829999999999999,677976
CH,Changeup,OS,18,19.57,4,4,0,0.0,0,0.0,7,2,28.57,11.11,3,16.67,27.78,33.33,24.14,0.0,0.25,0.25,0.25,0.5,0.0,677976
FF,4-Seam Fastball,FB,6,6.52,0,0,0,,0,,0,0,,0.0,0,0.0,0.0,0.0,13.79,0.0,,,,,,677976
SL,Slider,BR,1,1.09,0,0,0,,0,,0,0,,0.0,0,0.0,0.0,0.0,0.0,,,,,,,677976
FF,4-Seam Fastball,FB,40,60.61,11,10,4,36.36,0,0.0,17,4,23.53,10.0,12,30.0,40.0,28.57,66.67,25.0,0.2,0.273,0.5,0.773,0.3,678020
SL,Slider,BR,21,31.82,4,4,1,25.0,0,0.0,13,5,38.46,23.81,2,9.52,33.33,25.0,33.33,12.5,0.0,0.0,0.0,0.0,0.0,678020
FS,Split-Finger,OS,4,6.06,1,1,0,0.0,0,0.0,2,1,50.0,25.0,0,0.0,25.0,33.33,0.0,,0.0,0.0,0.0,0.0,0.0,678020
PO,Pitch Out,,1,1.52,0,0,0,,0,,0,0,,0.0,0,0.0,0.0,0.0,0.0,,,,,,,678020
FF,4-Seam Fastball,FB,112,47.06,37,34,7,18.92,2,5.41,59,13,22.03,11.61,19,16.96,28.57,32.0,42.62,26.92,0.412,0.459,0.706,1.165,0.294,678061
CU,Curveball,BR,104,43.7,25,21,10,40.0,1,4.0,47,25,53.19,24.04,17,16.35,40.38,33.9,50.82,32.26,0.143,0.24,0.286,0.526,0.143,678061
FS,Split-Finger,OS,16,6.72,4,4,0,0.0,0,0.0,6,1,16.67,6.25,4,25.0,31.25,28.57,6.56,0.0,0.75,0.75,1.0,1.75,0.25,678061
FC,Cutter,FB,6,2.52,0,0,0,,0,,2,0,0.0,0.0,0,0.0,0.0,0.0,0.0,,,,,,,678061
SL,Slider,BR,116,57.43,28,25,11,39.29,3,10.71,53,20,37.74,17.24,17,14.66,31.9,35.14,69.86,21.57,0.08,0.179,0.08,0.259,0.0,678226
FF,4-Seam Fastball,FB,84,41.58,15,12,3,20.0,3,20.0,38,8,21.05,9.52,16,19.05,28.57,23.08,28.77,14.29,0.167,0.333,0.25,0.583,0.0829999999999999,678226
SI,Sinker,FB,2,0.99,1,1,0,0.0,0,0.0,1,0,0.0,0.0,1,50.0,50.0,,1.37,0.0,0.0,0.0,0.0,0.0,0.0,678226
FF,4-Seam Fastball,FB,239,40.44,68,61,6,8.82,6,8.82,120,15,12.5,6.28,39,16.32,22.59,26.79,41.13,10.34,0.295,0.353,0.541,0.894,0.246,678368
FC,Cutter,FB,166,28.09,47,42,5,10.64,4,8.51,77,14,18.18,8.43,28,16.87,25.3,26.83,16.31,21.74,0.262,0.319,0.595,0.914,0.3329999999999999,678368
ST,Sweeper,BR,111,18.78,30,30,7,23.33,0,0.0,55,15,27.27,13.51,8,7.21,20.72,21.05,29.79,16.67,0.233,0.233,0.433,0.666,0.1999999999999999,678368
CU,Curveball,BR,42,7.11,7,7,2,28.57,0,0.0,13,5,38.46,11.9,7,16.67,28.57,22.58,7.09,20.0,0.286,0.286,0.714,1.0,0.428,678368
CH,Changeup,OS,28,4.74,7,6,1,14.29,0,0.0,9,3,33.33,10.71,4,14.29,25.0,11.76,4.96,14.29,0.167,0.286,0.167,0.4529999999999999,0.0,678368
,,,3,0.51,1,0,0,0.0,1,100.0,0,0,,0.0,0,0.0,0.0,,0.0,,,1.0,,,,678368
FS,Split-Finger,OS,2,0.34,2,2,0,0.0,0,0.0,2,0,0.0,0.0,0,0.0,0.0,,0.71,0.0,0.5,0.5,2.0,2.5,1.5,678368
SI,Sinker,FB,577,46.76,164,150,26,15.85,11,6.71,266,31,11.65,5.37,139,24.09,29.46,23.95,37.6,18.44,0.273,0.335,0.347,0.6819999999999999,0.0739999999999999,678394
ST,Sweeper,BR,433,35.09,102,94,29,28.43,6,5.88,196,70,35.71,16.17,76,17.55,33.72,30.99,35.47,21.8,0.245,0.284,0.426,0.71,0.181,678394
CH,Changeup,OS,188,15.24,50,44,23,46.0,4,8.0,103,44,42.72,23.4,11,5.85,29.26,39.32,22.67,27.06,0.159,0.26,0.205,0.4649999999999999,0.0459999999999999,678394
FF,4-Seam Fastball,FB,29,2.35,6,5,3,50.0,0,0.0,12,4,33.33,13.79,3,10.34,24.14,23.53,3.73,21.43,0.0,0.0,0.0,0.0,0.0,678394
SL,Slider,BR,5,0.41,1,1,0,0.0,0,0.0,1,0,0.0,0.0,0,0.0,0.0,0.0,0.53,0.0,0.0,0.0,0.0,0.0,0.0,678394
,,,2,0.16,0,0,0,,0,,0,0,,0.0,0,0.0,0.0,,0.0,,,,,,,678394
SL,Slider,BR,212,45.3,63,59,14,22.22,1,1.59,113,40,35.4,18.87,39,18.4,37.26,39.64,46.4,24.14,0.169,0.183,0.271,0.454,0.102,678495
FF,4-Seam Fastball,FB,211,45.09,55,44,13,23.64,8,14.55,97,26,26.8,12.32,38,18.01,30.33,19.35,50.4,20.63,0.25,0.382,0.432,0.8140000000000001,0.182,678495
SI,Sinker,FB,43,9.19,8,8,1,12.5,0,0.0,18,2,11.11,4.65,6,13.95,18.6,29.63,3.2,25.0,0.5,0.5,0.5,1.0,0.0,678495
CH,Changeup,OS,2,0.43,0,0,0,,0,,1,0,0.0,0.0,0,0.0,0.0,50.0,0.0,,,,,,,678495
SI,Sinker,FB,158,49.07,40,38,3,7.5,2,5.0,73,8,10.96,5.06,44,27.85,32.91,16.33,27.27,10.0,0.289,0.325,0.289,0.614,0.0,678606
CH,Changeup,OS,90,27.95,22,21,5,22.73,0,0.0,47,18,38.3,20.0,4,4.44,24.44,38.1,35.45,12.82,0.238,0.273,0.381,0.654,0.143,678606
FF,4-Seam Fastball,FB,72,22.36,21,18,8,38.1,2,9.52,42,10,23.81,13.89,10,13.89,27.78,42.86,36.36,20.0,0.222,0.333,0.278,0.611,0.056,678606
SL,Slider,BR,2,0.62,0,0,0,,0,,1,1,100.0,50.0,0,0.0,50.0,50.0,0.91,0.0,,,,,,678606
SL,Slider,BR,61,37.65,14,14,4,28.57,0,0.0,29,10,34.48,16.39,10,16.39,32.79,26.47,37.5,22.22,0.286,0.286,0.357,0.643,0.071,678692
FF,4-Seam Fastball,FB,50,30.86,12,10,1,8.33,0,0.0,26,3,11.54,6.0,7,14.0,20.0,19.05,35.42,5.88,0.2,0.333,0.2,0.533,0.0,678692
CH,Changeup,OS,42,25.93,16,14,3,18.75,2,12.5,22,7,31.82,16.67,8,19.05,35.71,33.33,27.08,23.08,0.214,0.312,0.214,0.526,0.0,678692
SI,Sinker,FB,9,5.56,3,3,0,0.0,0,0.0,4,0,0.0,0.0,2,22.22,22.22,20.0,0.0,,0.0,0.0,0.0,0.0,0.0,678692
FF,4-Seam Fastball,FB,72,78.26,20,17,6,30.0,2,10.0,33,6,18.18,8.33,14,19.44,27.78,20.0,60.71,35.29,0.118,0.25,0.118,0.368,0.0,678821
CU,Curveball,BR,18,19.57,3,3,1,33.33,0,0.0,5,1,20.0,5.56,3,16.67,22.22,21.43,35.71,10.0,0.0,0.0,0.0,0.0,0.0,678821
CH,Changeup,OS,1,1.09,0,0,0,,0,,0,0,,0.0,0,0.0,0.0,0.0,0.0,,,,,,,678821
,,,1,1.09,0,0,0,,0,,0,0,,0.0,0,0.0,0.0,,3.57,0.0,,,,,,678821
SI,Sinker,FB,68,50.75,16,13,1,6.25,3,18.75,27,3,11.11,4.41,16,23.53,27.94,7.41,39.39,7.69,0.385,0.5,0.692,1.192,0.3069999999999999,678906
ST,Sweeper,BR,32,23.88,13,12,3,23.08,1,7.69,17,4,23.53,12.5,4,12.5,25.0,35.29,21.21,42.86,0.333,0.385,0.583,0.968,0.2499999999999999,678906
CU,Curveball,BR,22,16.42,5,3,0,0.0,1,20.0,7,3,42.86,13.64,0,0.0,13.64,21.05,33.33,0.0,0.667,0.8,0.667,1.467,0.0,678906
SL,Slider,BR,11,8.21,1,0,0,0.0,1,100.0,2,2,100.0,18.18,1,9.09,27.27,22.22,3.03,0.0,,1.0,,,,678906
FF,4-Seam Fastball,FB,1,0.75,0,0,0,,0,,1,0,0.0,0.0,0,0.0,0.0,,3.03,0.0,,,,,,678906
FC,Cutter,FB,74,46.54,19,17,1,5.26,1,5.26,39,6,15.38,8.11,14,18.92,27.03,34.38,28.89,7.69,0.353,0.421,0.471,0.8919999999999999,0.118,679156
SL,Slider,BR,56,35.22,19,17,6,31.58,2,10.53,30,13,43.33,23.21,6,10.71,33.93,34.38,55.56,24.0,0.176,0.263,0.176,0.439,0.0,679156
SI,Sinker,FB,24,15.09,5,3,0,0.0,2,40.0,11,0,0.0,0.0,1,4.17,4.17,25.0,11.11,0.0,0.0,0.4,0.0,0.4,0.0,679156
FF,4-Seam Fastball,FB,5,3.14,0,0,0,,0,,1,0,0.0,0.0,2,40.0,40.0,0.0,4.44,0.0,,,,,,679156
FF,4-Seam Fastball,FB,6,54.55,3,2,0,0.0,0,0.0,3,0,0.0,0.0,1,16.67,16.67,0.0,,,0.0,0.333,0.0,0.333,0.0,679358
FS,Split-Finger,OS,3,27.27,2,2,0,0.0,0,0.0,3,0,0.0,0.0,0,0.0,0.0,100.0,,,0.5,0.5,2.0,2.5,1.5,679358
SL,Slider,BR,2,18.18,0,0,0,,0,,0,0,,0.0,1,50.0,50.0,0.0,,,,,,,,679358
FF,4-Seam Fastball,FB,308,31.65,61,52,25,40.98,9,14.75,126,36,28.57,11.69,57,18.51,30.19,19.02,32.18,25.81,0.096,0.23,0.25,0.48,0.154,679525
SL,Slider,BR,282,28.98,59,57,13,22.03,2,3.39,136,46,33.82,16.31,52,18.44,34.75,37.91,26.99,16.67,0.298,0.322,0.404,0.726,0.106,679525
SI,Sinker,FB,217,22.3,69,56,7,10.14,9,13.04,97,11,11.34,5.07,46,21.2,26.27,13.95,13.84,17.5,0.339,0.433,0.607,1.04,0.2679999999999999,679525
ST,Sweeper,BR,80,8.22,23,23,13,56.52,0,0.0,42,23,54.76,28.75,7,8.75,37.5,44.0,12.8,35.14,0.174,0.174,0.304,0.478,0.13,679525
CU,Curveball,BR,67,6.89,24,24,4,16.67,0,0.0,35,5,14.29,7.46,7,10.45,17.91,20.0,11.42,12.12,0.292,0.292,0.708,1.0,0.416,679525
CH,Changeup,OS,16,1.64,3,2,0,0.0,0,0.0,8,1,12.5,6.25,0,0.0,6.25,33.33,2.42,0.0,0.5,0.333,0.5,0.833,0.0,679525
,,,3,0.31,1,0,0,0.0,1,100.0,0,0,,0.0,0,0.0,0.0,,0.35,0.0,,1.0,,,,679525
FA,Other,,4,66.67,2,2,0,0.0,0,0.0,3,0,0.0,0.0,1,25.0,25.0,100.0,100.0,0.0,0.0,0.0,0.0,0.0,0.0,679845
SL,Slider,BR,2,33.33,0,0,0,,0,,0,0,,0.0,0,0.0,0.0,0.0,0.0,,,,,,,679845
SI,Sinker,FB,339,50.45,89,77,8,8.99,9,10.11,150,33,22.0,9.73,78,23.01,32.74,29.8,24.06,17.78,0.338,0.416,0.403,0.819,0.065,679885
SL,Slider,BR,188,27.98,36,35,6,16.67,1,2.78,82,35,42.68,18.62,40,21.28,39.89,29.41,14.44,22.22,0.171,0.194,0.229,0.423,0.0579999999999999,679885
FS,Split-Finger,OS,90,13.39,40,39,31,77.5,1,2.5,55,36,65.45,40.0,0,0.0,40.0,49.25,41.71,39.74,0.051,0.075,0.051,0.126,0.0,679885
FF,4-Seam Fastball,FB,55,8.18,16,12,7,43.75,3,18.75,31,10,32.26,18.18,4,7.27,25.45,40.62,19.79,18.92,0.167,0.333,0.417,0.75,0.2499999999999999,679885
FF,4-Seam Fastball,FB,429,46.63,117,106,20,17.09,7,5.98,214,43,20.09,10.02,78,18.18,28.21,25.97,43.05,14.62,0.358,0.419,0.491,0.91,0.133,680570
SL,Slider,BR,270,29.35,74,71,19,25.68,2,2.7,141,52,36.88,19.26,44,16.3,35.56,36.76,22.85,27.54,0.254,0.27,0.563,0.833,0.3089999999999999,680570
CH,Changeup,OS,138,15.0,46,39,20,43.48,7,15.22,75,31,41.33,22.46,13,9.42,31.88,35.14,27.48,24.1,0.154,0.283,0.256,0.5389999999999999,0.102,680570
CU,Curveball,BR,83,9.02,13,13,3,23.08,0,0.0,29,7,24.14,8.43,20,24.1,32.53,28.26,6.62,15.0,0.154,0.154,0.385,0.539,0.231,680570
SI,Sinker,FB,10,66.67,2,2,0,0.0,0,0.0,5,0,0.0,0.0,3,30.0,30.0,50.0,71.43,0.0,0.0,0.0,0.0,0.0,0.0,680572
CU,Curveball,BR,4,26.67,1,1,0,0.0,0,0.0,2,0,0.0,0.0,0,0.0,0.0,0.0,28.57,0.0,0.0,0.0,0.0,0.0,0.0,680572
FC,Cutter,FB,1,6.67,0,0,0,,0,,0,0,,0.0,0,0.0,0.0,0.0,0.0,,,,,,,680572
FF,4-Seam Fastball,FB,530,39.82,133,116,33,24.81,14,10.53,286,73,25.52,13.77,80,15.09,28.87,25.44,37.16,20.0,0.241,0.321,0.353,0.6739999999999999,0.1119999999999999,680573
SL,Slider,BR,510,38.32,142,132,26,18.31,7,4.93,255,61,23.92,11.96,74,14.51,26.47,34.39,43.47,13.47,0.212,0.248,0.303,0.5509999999999999,0.091,680573
CH,Changeup,OS,178,13.37,36,31,6,16.67,4,11.11,87,20,22.99,11.24,9,5.06,16.29,17.2,13.29,10.17,0.387,0.444,0.935,1.379,0.548,680573
CU,Curveball,BR,111,8.34,18,16,3,16.67,2,11.11,48,9,18.75,8.11,29,26.13,34.23,28.89,5.86,11.54,0.188,0.278,0.5,0.778,0.312,680573
,,,2,0.15,1,0,0,0.0,1,100.0,0,0,,0.0,0,0.0,0.0,,0.23,0.0,,1.0,,,,680573
SL,Slider,BR,24,30.77,7,6,1,14.29,1,14.29,14,6,42.86,25.0,4,16.67,41.67,30.0,22.22,16.67,0.5,0.571,0.5,1.071,0.0,680686
ST,Sweeper,BR,23,29.49,5,4,3,60.0,0,0.0,11,3,27.27,13.04,3,13.04,26.09,25.0,40.74,27.27,0.25,0.2,0.5,0.7,0.25,680686
FF,4-Seam Fastball,FB,21,26.92,6,6,1,16.67,0,0.0,11,3,27.27,14.29,4,19.05,33.33,33.33,22.22,16.67,0.167,0.167,0.333,0.5,0.166,680686
SI,Sinker,FB,10,12.82,3,1,0,0.0,2,66.67,2,0,0.0,0.0,2,20.0,20.0,16.67,14.81,0.0,0.0,0.667,0.0,0.667,0.0,680686
CH,Changeup,OS,6,28.57,2,2,1,50.0,0,0.0,4,1,25.0,16.67,0,0.0,16.67,50.0,44.44,25.0,0.5,0.5,0.5,1.0,0.0,680689
SL,Slider,BR,6,28.57,0,0,0,,0,,1,1,100.0,16.67,0,0.0,16.67,20.0,22.22,0.0,,,,,,680689
SI,Sinker,FB,5,23.81,2,1,0,0.0,1,50.0,2,0,0.0,0.0,2,40.0,40.0,0.0,11.11,0.0,0.0,0.5,0.0,0.5,0.0,680689
FF,4-Seam Fastball,FB,4,19.05,0,0,0,,0,,2,0,0.0,0.0,2,50.0,50.0,100.0,22.22,0.0,,,,,,680689
SI,Sinker,FB,151,42.66,48,40,13,27.08,7,14.58,65,10,15.38,6.62,35,23.18,29.8,13.79,47.58,22.03,0.225,0.34,0.25,0.5900000000000001,0.0249999999999999,680694
SL,Slider,BR,134,37.85,27,25,9,33.33,2,7.41,59,21,35.59,15.67,24,17.91,33.58,32.91,36.29,20.0,0.16,0.222,0.28,0.502,0.12,680694
CU,Curveball,BR,35,9.89,5,5,2,40.0,0,0.0,13,4,30.77,11.43,7,20.0,31.43,28.57,8.87,18.18,0.4,0.4,1.0,1.4,0.6,680694
FF,4-Seam Fastball,FB,34,9.6,6,6,3,50.0,0,0.0,11,2,18.18,5.88,9,26.47,32.35,7.14,7.26,33.33,0.0,0.0,0.0,0.0,0.0,680694
SL,Slider,BR,241,40.71,62,51,18,29.03,9,14.52,105,44,41.9,18.26,34,14.11,32.37,22.39,46.52,20.69,0.216,0.339,0.49,0.829,0.274,680704
FF,4-Seam Fastball,FB,173,29.22,32,25,9,28.12,4,12.5,73,17,23.29,9.83,23,13.29,23.12,19.1,25.67,18.75,0.24,0.367,0.4,0.767,0.16,680704
FS,Split-Finger,OS,111,18.75,29,25,12,41.38,3,10.34,59,30,50.85,27.03,9,8.11,35.14,37.68,24.6,26.09,0.12,0.207,0.36,0.567,0.24,680704
SI,Sinker,FB,64,10.81,19,14,0,0.0,3,15.79,27,0,0.0,0.0,15,23.44,23.44,18.52,3.21,0.0,0.429,0.579,0.714,1.293,0.285,680704
,,,3,0.51,1,0,0,0.0,1,100.0,0,0,,0.0,0,0.0,0.0,,0.0,,,1.0,,,,680704
FF,4-Seam Fastball,FB,885,47.73,253,227,32,12.65,22,8.7,480,51,10.62,5.76,134,15.14,20.9,24.31,45.73,13.28,0.26,0.32,0.436,0.756,0.176,680730
CU,Curveball,BR,466,25.13,95,88,21,22.11,7,7.37,186,53,28.49,11.37,108,23.18,34.55,24.9,20.68,19.27,0.227,0.284,0.341,0.625,0.114,680730
FS,Split-Finger,OS,457,24.65,129,120,35,27.13,6,4.65,242,90,37.19,19.69,35,7.66,27.35,37.63,29.79,22.29,0.233,0.281,0.4,0.681,0.167,680730
SL,Slider,BR,46,2.48,13,11,4,30.77,1,7.69,28,5,17.86,10.87,4,8.7,19.57,33.33,3.8,20.0,0.455,0.462,1.091,1.553,0.6359999999999999,680730
SL,Slider,BR,42,47.73,12,12,5,41.67,0,0.0,21,12,57.14,28.57,9,21.43,50.0,42.86,34.78,62.5,0.25,0.25,0.417,0.667,0.1669999999999999,680732
FF,4-Seam Fastball,FB,35,39.77,11,11,4,36.36,0,0.0,22,9,40.91,25.71,2,5.71,31.43,45.0,39.13,44.44,0.091,0.091,0.364,0.4549999999999999,0.273,680732
KC,Knuckle Curve,BR,11,12.5,3,3,1,33.33,0,0.0,6,1,16.67,9.09,2,18.18,27.27,25.0,26.09,16.67,0.0,0.0,0.0,0.0,0.0,680732
FF,4-Seam Fastball,FB,252,60.14,72,63,12,16.67,9,12.5,126,28,22.22,11.11,40,15.87,26.98,28.23,61.67,16.22,0.206,0.306,0.444,0.75,0.238,680736
CU,Curveball,BR,57,13.6,12,10,1,8.33,2,16.67,18,4,22.22,7.02,14,24.56,31.58,18.75,10.0,8.33,0.4,0.5,1.0,1.5,0.6,680736
SL,Slider,BR,48,11.46,9,8,1,11.11,1,11.11,26,8,30.77,16.67,9,18.75,35.42,35.0,10.83,7.69,0.375,0.444,0.875,1.319,0.5,680736
CH,Changeup,OS,29,6.92,6,5,0,0.0,0,0.0,10,1,10.0,3.45,5,17.24,20.69,11.76,3.33,0.0,0.4,0.4,0.6,1.0,0.1999999999999999,680736
ST,Sweeper,BR,28,6.68,11,10,5,45.45,0,0.0,12,4,33.33,14.29,2,7.14,21.43,23.53,14.17,29.41,0.1,0.1,0.4,0.5,0.3,680736
SI,Sinker,FB,5,1.19,0,0,0,,0,,0,0,,0.0,1,20.0,20.0,0.0,0.0,,,,,,,680736
FF,4-Seam Fastball,FB,25,33.78,7,6,1,14.29,0,0.0,11,2,18.18,8.0,6,24.0,32.0,18.18,33.33,12.5,0.5,0.429,0.667,1.096,0.167,680739
ST,Sweeper,BR,22,29.73,5,4,3,60.0,0,0.0,14,6,42.86,27.27,2,9.09,36.36,65.0,50.0,25.0,0.25,0.2,0.25,0.45,0.0,680739
SL,Slider,BR,14,18.92,4,4,1,25.0,0,0.0,5,2,40.0,14.29,2,14.29,28.57,0.0,12.5,33.33,0.0,0.0,0.0,0.0,0.0,680739
SI,Sinker,FB,8,10.81,4,3,0,0.0,0,0.0,5,0,0.0,0.0,1,12.5,12.5,50.0,0.0,,0.333,0.5,0.333,0.833,0.0,680739
CH,Changeup,OS,5,6.76,0,0,0,,0,,3,1,33.33,20.0,0,0.0,20.0,33.33,4.17,0.0,,,,,,680739
FF,4-Seam Fastball,FB,20,44.44,4,2,0,0.0,2,50.0,9,2,22.22,10.0,2,10.0,20.0,18.18,33.33,0.0,0.5,0.75,2.0,2.75,1.5,680742
SL,Slider,BR,10,22.22,4,4,1,25.0,0,0.0,5,2,40.0,20.0,2,20.0,40.0,25.0,25.0,33.33,0.75,0.75,1.5,2.25,0.75,680742
SI,Sinker,FB,9,20.0,3,3,0,0.0,0,0.0,4,1,25.0,11.11,3,33.33,44.44,33.33,8.33,0.0,0.667,0.667,1.667,2.334,1.0,680742
CU,Curveball,BR,6,13.33,1,1,1,100.0,0,0.0,1,1,100.0,16.67,1,16.67,33.33,20.0,33.33,25.0,0.0,0.0,0.0,0.0,0.0,680742
FF,4-Seam Fastball,FB,73,39.46,23,21,3,13.04,1,4.35,43,5,11.63,6.85,10,13.7,20.55,22.22,39.66,13.04,0.143,0.174,0.143,0.3169999999999999,0.0,680744
SL,Slider,BR,52,28.11,10,8,1,10.0,1,10.0,22,10,45.45,19.23,9,17.31,36.54,32.26,24.14,7.14,0.25,0.4,0.375,0.775,0.125,680744
FC,Cutter,FB,24,12.97,7,7,0,0.0,0,0.0,14,3,21.43,12.5,0,0.0,12.5,33.33,8.62,0.0,0.429,0.429,0.571,1.0,0.1419999999999999,680744
SI,Sinker,FB,17,9.19,5,4,0,0.0,1,20.0,7,0,0.0,0.0,3,17.65,17.65,12.5,5.17,0.0,0.25,0.4,0.25,0.65,0.0,680744
FS,Split-Finger,OS,14,7.57,4,4,2,50.0,0,0.0,9,3,33.33,21.43,0,0.0,21.43,37.5,17.24,20.0,0.25,0.25,0.25,0.5,0.0,680744
KC,Knuckle Curve,BR,5,2.7,1,1,0,0.0,0,0.0,1,0,0.0,0.0,1,20.0,20.0,0.0,5.17,0.0,0.0,0.0,0.0,0.0,0.0,680744
FF,4-Seam Fastball,FB,484,62.61,115,104,24,20.87,11,9.57,230,47,20.43,9.71,74,15.29,25.0,25.22,56.75,16.78,0.288,0.357,0.481,0.838,0.193,680767
SL,Slider,BR,236,30.53,54,49,16,29.63,4,7.41,87,25,28.74,10.59,50,21.19,31.78,22.14,29.76,21.33,0.265,0.321,0.327,0.648,0.062,680767
CH,Changeup,OS,53,6.86,12,11,5,41.67,0,0.0,28,12,42.86,22.64,4,7.55,30.19,38.71,13.49,14.71,0.091,0.167,0.091,0.258,0.0,680767
FF,4-Seam Fastball,FB,95,59.75,29,23,5,17.24,5,17.24,46,8,17.39,8.42,13,13.68,22.11,25.53,60.98,20.0,0.217,0.379,0.261,0.64,0.044,680880
SL,Slider,BR,36,22.64,5,5,0,0.0,0,0.0,13,2,15.38,5.56,6,16.67,22.22,21.74,14.63,0.0,0.4,0.4,0.4,0.8,0.0,680880
FS,Split-Finger,OS,28,17.61,7,7,2,28.57,0,0.0,11,3,27.27,10.71,2,7.14,17.86,21.05,24.39,20.0,0.286,0.286,0.714,1.0,0.428,680880
SL,Slider,BR,288,30.87,93,92,26,27.96,1,1.08,169,43,25.44,14.93,38,13.19,28.12,44.14,40.65,20.63,0.228,0.237,0.272,0.509,0.044,680885
FF,4-Seam Fastball,FB,282,30.23,63,61,24,38.1,2,3.17,142,43,30.28,15.25,67,23.76,39.01,26.47,28.39,27.27,0.18,0.206,0.361,0.567,0.181,680885
FC,Cutter,FB,186,19.94,35,32,5,14.29,2,5.71,99,28,28.28,15.05,31,16.67,31.72,25.97,10.97,14.71,0.188,0.257,0.406,0.663,0.218,680885
CU,Curveball,BR,87,9.32,28,28,8,28.57,0,0.0,49,18,36.73,20.69,12,13.79,34.48,40.0,10.65,24.24,0.179,0.179,0.464,0.643,0.285,680885
SI,Sinker,FB,68,7.29,16,12,3,18.75,2,12.5,25,2,8.0,2.94,16,23.53,26.47,27.78,4.52,21.43,0.25,0.438,0.5,0.938,0.25,680885
FS,Split-Finger,OS,22,2.36,11,10,6,54.55,0,0.0,16,8,50.0,36.36,0,0.0,36.36,57.14,4.84,40.0,0.1,0.182,0.2,0.382,0.1,680885
FF,4-Seam Fastball,FB,30,51.72,7,6,1,14.29,1,14.29,15,6,40.0,20.0,4,13.33,33.33,23.08,7.69,100.0,0.167,0.286,0.667,0.953,0.5,680891
SL,Slider,BR,28,48.28,10,10,4,40.0,0,0.0,20,12,60.0,42.86,1,3.57,46.43,50.0,92.31,33.33,0.2,0.2,0.2,0.4,0.0,680891
FF,4-Seam Fastball,FB,170,48.3,38,31,6,15.79,6,15.79,72,17,23.61,10.0,20,11.76,21.76,16.67,35.48,18.18,0.194,0.342,0.484,0.8260000000000001,0.29,680897
SL,Slider,BR,156,44.32,45,43,10,22.22,2,4.44,76,28,36.84,17.95,24,15.38,33.33,34.44,51.61,20.83,0.209,0.244,0.372,0.616,0.163,680897
CH,Changeup,OS,13,3.69,3,2,1,33.33,1,33.33,7,3,42.86,23.08,1,7.69,30.77,37.5,6.45,16.67,0.5,0.667,0.5,1.167,0.0,680897
CU,Curveball,BR,12,3.41,3,3,1,33.33,0,0.0,6,2,33.33,16.67,1,8.33,25.0,44.44,6.45,16.67,0.333,0.333,0.333,0.666,0.0,680897
,,,1,0.28,0,0,0,,0,,0,0,,0.0,0,0.0,0.0,,0.0,,,,,,,680897
FA,Other,,17,100.0,5,4,0,0.0,1,20.0,7,2,28.57,11.76,1,5.88,17.65,25.0,100.0,0.0,0.75,0.8,1.5,2.3,0.75,680911
FF,4-Seam Fastball,FB,197,50.26,51,45,12,23.53,4,7.84,110,25,22.73,12.69,34,17.26,29.95,21.43,47.29,19.67,0.178,0.24,0.289,0.5289999999999999,0.1109999999999999,681035
ST,Sweeper,BR,118,30.1,32,29,6,18.75,2,6.25,58,14,24.14,11.86,18,15.25,27.12,30.0,34.11,13.64,0.172,0.25,0.414,0.6639999999999999,0.242,681035
SL,Slider,BR,61,15.56,14,13,4,28.57,1,7.14,24,8,33.33,13.11,5,8.2,21.31,24.44,12.4,25.0,0.154,0.214,0.154,0.368,0.0,681035
FS,Split-Finger,OS,15,3.83,3,3,0,0.0,0,0.0,9,2,22.22,13.33,0,0.0,13.33,40.0,6.2,0.0,0.0,0.0,0.0,0.0,0.0,681035
FC,Cutter,FB,1,0.26,0,0,0,,0,,0,0,,0.0,0,0.0,0.0,0.0,0.0,,,,,,,681035
FF,4-Seam Fastball,FB,118,48.76,27,20,3,11.11,6,22.22,44,8,18.18,6.78,20,16.95,23.73,20.9,44.9,13.64,0.35,0.519,0.65,1.169,0.3,681066
SL,Slider,BR,51,21.07,20,14,4,20.0,5,25.0,28,8,28.57,15.69,6,11.76,27.45,46.43,30.61,26.67,0.143,0.35,0.357,0.707,0.214,681066
CU,Curveball,BR,37,15.29,10,9,2,20.0,1,10.0,15,5,33.33,13.51,7,18.92,32.43,27.78,16.33,25.0,0.444,0.5,0.444,0.944,0.0,681066
CH,Changeup,OS,32,13.22,7,7,1,14.29,0,0.0,13,4,30.77,12.5,4,12.5,25.0,21.05,8.16,25.0,0.0,0.0,0.0,0.0,0.0,681066
,,,4,1.65,1,0,0,0.0,1,100.0,0,0,,0.0,0,0.0,0.0,,0.0,,,1.0,,,,681066
FF,4-Seam Fastball,FB,266,28.73,58,48,14,24.14,7,12.07,144,36,25.0,13.53,31,11.65,25.19,27.35,32.36,15.73,0.167,0.273,0.229,0.502,0.062,681190
SI,Sinker,FB,216,23.33,66,60,5,7.58,3,4.55,114,13,11.4,6.02,38,17.59,23.61,31.11,13.82,13.16,0.4,0.455,0.567,1.022,0.1669999999999999,681190
CU,Curveball,BR,162,17.49,41,40,10,24.39,1,2.44,77,21,27.27,12.96,21,12.96,25.93,29.35,25.82,14.08,0.225,0.244,0.425,0.669,0.1999999999999999,681190
ST,Sweeper,BR,137,14.79,42,39,11,26.19,2,4.76,64,21,32.81,15.33,20,14.6,29.93,28.57,18.18,22.0,0.205,0.238,0.333,0.571,0.128,681190
FC,Cutter,FB,118,12.74,25,24,6,24.0,1,4.0,57,13,22.81,11.02,22,18.64,29.66,26.42,6.55,33.33,0.167,0.2,0.417,0.617,0.2499999999999999,681190
CH,Changeup,OS,23,2.48,2,2,0,0.0,0,0.0,9,0,0.0,0.0,6,26.09,26.09,20.0,2.55,0.0,0.5,0.5,2.0,2.5,1.5,681190
SL,Slider,BR,3,0.32,0,0,0,,0,,1,0,0.0,0.0,0,0.0,0.0,0.0,0.36,0.0,,,,,,681190
,,,1,0.11,0,0,0,,0,,0,0,,0.0,0,0.0,0.0,,0.36,0.0,,,,,,681190
ST,Sweeper,BR,14,34.15,1,1,0,0.0,0,0.0,5,2,40.0,14.29,3,21.43,35.71,36.36,25.0,0.0,0.0,0.0,0.0,0.0,0.0,681217
SI,Sinker,FB,12,29.27,3,3,0,0.0,0,0.0,8,2,25.0,16.67,1,8.33,25.0,60.0,8.33,0.0,1.0,1.0,2.0,3.0,1.0,681217
FF,4-Seam Fastball,FB,11,26.83,3,3,2,66.67,0,0.0,8,5,62.5,45.45,1,9.09,54.55,60.0,33.33,50.0,0.0,0.0,0.0,0.0,0.0,681217
FS,Split-Finger,OS,4,9.76,3,3,3,100.0,0,0.0,2,1,50.0,25.0,2,50.0,75.0,,33.33,75.0,0.0,0.0,0.0,0.0,0.0,681217
FF,4-Seam Fastball,FB,428,39.56,109,95,15,13.76,9,8.26,215,36,16.74,8.41,84,19.63,28.04,25.88,35.82,12.5,0.326,0.398,0.516,0.914,0.19,681293
FC,Cutter,FB,236,21.81,76,69,12,15.79,7,9.21,135,29,21.48,12.29,44,18.64,30.93,30.68,15.82,20.75,0.333,0.395,0.58,0.975,0.2469999999999999,681293
ST,Sweeper,BR,231,21.35,59,54,23,38.98,5,8.47,104,42,40.38,18.18,27,11.69,29.87,30.77,28.36,24.21,0.111,0.186,0.241,0.427,0.13,681293
CU,Curveball,BR,152,14.05,41,39,19,46.34,1,2.44,65,29,44.62,19.08,29,19.08,38.16,32.94,16.42,34.55,0.154,0.195,0.282,0.477,0.1279999999999999,681293
CH,Changeup,OS,21,1.94,5,5,2,40.0,0,0.0,14,5,35.71,23.81,0,0.0,23.81,36.36,2.99,20.0,0.4,0.4,0.6,1.0,0.1999999999999999,681293
SI,Sinker,FB,10,0.92,3,3,0,0.0,0,0.0,3,0,0.0,0.0,1,10.0,10.0,0.0,0.3,0.0,0.333,0.333,1.333,1.666,1.0,681293
SL,Slider,BR,3,0.28,0,0,0,,0,,0,0,,0.0,0,0.0,0.0,0.0,0.3,0.0,,,,,,681293
,,,1,0.09,0,0,0,,0,,0,0,,0.0,0,0.0,0.0,,0.0,,,,,,,681293
FF,4-Seam Fastball,FB,10,58.82,2,2,1,50.0,0,0.0,7,2,28.57,20.0,1,10.0,30.0,33.33,33.33,50.0,0.0,0.0,0.0,0.0,0.0,681347
CH,Changeup,OS,3,17.65,1,0,0,0.0,1,100.0,0,0,,0.0,0,0.0,0.0,0.0,50.0,0.0,,1.0,,,,681347
SL,Slider,BR,3,17.65,1,1,0,0.0,0,0.0,1,0,0.0,0.0,0,0.0,0.0,33.33,16.67,0.0,0.0,0.0,0.0,0.0,0.0,681347
CU,Curveball,BR,1,5.88,0,0,0,,0,,0,0,,0.0,1,100.0,100.0,,0.0,,,,,,,681347
SL,Slider,BR,126,48.09,41,40,10,24.39,0,0.0,65,21,32.31,16.67,13,10.32,26.98,27.14,53.95,24.39,0.275,0.293,0.45,0.743,0.175,681402
FF,4-Seam Fastball,FB,125,47.71,29,25,7,24.14,4,13.79,55,10,18.18,8.0,40,32.0,40.0,26.32,42.11,21.88,0.32,0.414,0.4,0.8140000000000001,0.08,681402
SI,Sinker,FB,5,1.91,1,1,1,100.0,0,0.0,0,0,,0.0,3,60.0,60.0,0.0,3.95,33.33,0.0,0.0,0.0,0.0,0.0,681402
,,,4,1.53,1,0,0,0.0,1,100.0,0,0,,0.0,0,0.0,0.0,,0.0,,,1.0,,,,681402
CH,Changeup,OS,2,0.76,0,0,0,,0,,0,0,,0.0,0,0.0,0.0,0.0,0.0,,,,,,,681402
FF,4-Seam Fastball,FB,177,74.06,45,34,7,15.56,10,22.22,67,13,19.4,7.34,40,22.6,29.94,12.99,62.71,18.92,0.206,0.378,0.324,0.702,0.118,681432
ST,Sweeper,BR,52,21.76,14,9,6,42.86,1,7.14,15,7,46.67,13.46,11,21.15,34.62,25.71,33.9,30.0,0.111,0.429,0.222,0.651,0.111,681432
FS,Split-Finger,OS,6,2.51,1,1,0,0.0,0,0.0,1,0,0.0,0.0,1,16.67,16.67,0.0,3.39,0.0,0.0,0.0,0.0,0.0,0.0,681432
,,,4,1.67,1,0,0,0.0,1,100.0,0,0,,0.0,0,0.0,0.0,,0.0,,,1.0,,,,681432
FF,4-Seam Fastball,FB,157,39.15,35,29,4,11.43,4,11.43,80,15,18.75,9.55,28,17.83,27.39,27.54,30.09,11.76,0.172,0.257,0.276,0.533,0.104,681517
SL,Slider,BR,143,35.66,43,42,2,4.65,1,2.33,83,18,21.69,12.59,17,11.89,24.48,29.31,15.04,11.76,0.262,0.279,0.286,0.565,0.0239999999999999,681517
ST,Sweeper,BR,82,20.45,33,33,10,30.3,0,0.0,52,13,25.0,15.85,1,1.22,17.07,46.94,50.44,17.54,0.152,0.152,0.242,0.394,0.09,681517
CU,Curveball,BR,15,3.74,3,3,1,33.33,0,0.0,5,2,40.0,13.33,5,33.33,46.67,28.57,3.54,25.0,0.0,0.0,0.0,0.0,0.0,681517
CH,Changeup,OS,4,1.0,1,1,0,0.0,0,0.0,3,0,0.0,0.0,0,0.0,0.0,0.0,0.88,0.0,0.0,0.0,0.0,0.0,0.0,681517
SL,Slider,BR,406,54.86,97,89,34,35.05,8,8.25,216,89,41.2,21.92,35,8.62,30.54,38.4,68.49,20.86,0.191,0.258,0.27,0.528,0.079,681676
FF,4-Seam Fastball,FB,264,35.68,62,54,11,17.74,6,9.68,114,22,19.3,8.33,45,17.05,25.38,25.95,28.57,16.18,0.315,0.377,0.389,0.766,0.074,681676
FC,Cutter,FB,59,7.97,14,12,0,0.0,2,14.29,21,3,14.29,5.08,13,22.03,27.12,3.7,2.94,0.0,0.333,0.429,0.417,0.846,0.0839999999999999,681676
,,,9,1.22,2,0,0,0.0,2,100.0,0,0,,0.0,0,0.0,0.0,,0.0,,,1.0,,,,681676
SI,Sinker,FB,1,0.14,0,0,0,,0,,0,0,,0.0,1,100.0,100.0,,0.0,,,,,,,681676
PO,Pitch Out,,1,0.14,0,0,0,,0,,0,0,,0.0,0,0.0,0.0,0.0,0.0,,,,,,,681676
ST,Sweeper,BR,142,59.92,34,34,4,11.76,0,0.0,66,18,27.27,12.68,22,15.49,28.17,23.68,66.67,10.0,0.353,0.353,0.618,0.971,0.265,681799
FC,Cutter,FB,66,27.85,20,15,4,20.0,5,25.0,28,9,32.14,13.64,10,15.15,28.79,20.0,23.33,28.57,0.267,0.45,0.267,0.7170000000000001,0.0,681799
SI,Sinker,FB,28,11.81,7,7,3,42.86,0,0.0,15,4,26.67,14.29,6,21.43,35.71,44.44,10.0,50.0,0.143,0.143,0.143,0.286,0.0,681799
FF,4-Seam Fastball,FB,1,0.42,0,0,0,,0,,0,0,,0.0,0,0.0,0.0,0.0,0.0,,,,,,,681799
SI,Sinker,FB,10,35.71,1,1,0,0.0,0,0.0,8,2,25.0,20.0,0,0.0,20.0,50.0,18.18,0.0,1.0,1.0,4.0,5.0,3.0,681806
ST,Sweeper,BR,9,32.14,3,3,2,66.67,0,0.0,4,1,25.0,11.11,1,11.11,22.22,0.0,63.64,28.57,0.0,0.0,0.0,0.0,0.0,681806
FC,Cutter,FB,6,21.43,1,1,1,100.0,0,0.0,3,2,66.67,33.33,1,16.67,50.0,25.0,9.09,100.0,0.0,0.0,0.0,0.0,0.0,681806
FF,4-Seam Fastball,FB,3,10.71,0,0,0,,0,,1,0,0.0,0.0,0,0.0,0.0,0.0,9.09,0.0,,,,,,681806
SI,Sinker,FB,38,51.35,10,9,3,30.0,1,10.0,14,3,21.43,7.89,11,28.95,36.84,25.0,38.89,42.86,0.222,0.3,0.556,0.8560000000000001,0.3340000000000001,681810
ST,Sweeper,BR,28,37.84,8,8,2,25.0,0,0.0,12,4,33.33,14.29,4,14.29,28.57,31.25,55.56,20.0,0.125,0.125,0.125,0.25,0.0,681810
FF,4-Seam Fastball,FB,4,5.41,2,0,0,0.0,2,100.0,0,0,,0.0,1,25.0,25.0,0.0,5.56,0.0,,1.0,,,,681810
FC,Cutter,FB,4,5.41,1,1,0,0.0,0,0.0,1,0,0.0,0.0,1,25.0,25.0,0.0,0.0,,1.0,1.0,1.0,2.0,0.0,681810
SI,Sinker,FB,371,46.38,111,107,10,9.01,2,1.8,172,13,7.56,3.5,86,23.18,26.68,22.93,33.33,13.33,0.28,0.288,0.374,0.6619999999999999,0.0939999999999999,681857
SL,Slider,BR,249,31.13,52,47,13,25.0,5,9.62,106,54,50.94,21.69,41,16.47,38.15,37.5,31.11,18.57,0.085,0.173,0.149,0.3219999999999999,0.0639999999999999,681857
CH,Changeup,OS,123,15.38,31,29,15,48.39,2,6.45,63,34,53.97,27.64,3,2.44,30.08,40.82,24.89,26.79,0.138,0.194,0.172,0.366,0.0339999999999999,681857
FF,4-Seam Fastball,FB,39,4.88,13,12,3,23.08,0,0.0,19,1,5.26,2.56,9,23.08,25.64,6.25,6.67,20.0,0.417,0.385,0.5,0.885,0.083,681857
CU,Curveball,BR,18,2.25,5,5,1,20.0,0,0.0,6,2,33.33,11.11,1,5.56,16.67,15.38,4.0,11.11,0.2,0.2,0.8,1.0,0.6000000000000001,681857
SI,Sinker,FB,362,41.61,81,69,9,11.11,6,7.41,145,11,7.59,3.04,115,31.77,34.81,18.52,28.57,10.71,0.304,0.37,0.464,0.8340000000000001,0.16,681867
ST,Sweeper,BR,310,35.63,76,67,14,18.42,6,7.89,132,28,21.21,9.03,54,17.42,26.45,27.65,43.54,10.94,0.328,0.387,0.567,0.954,0.2389999999999999,681867
CH,Changeup,OS,163,18.74,50,49,10,20.0,1,2.0,98,27,27.55,16.56,8,4.91,21.47,47.66,23.13,14.71,0.184,0.2,0.327,0.527,0.143,681867
SL,Slider,BR,28,3.22,6,6,1,16.67,0,0.0,10,2,20.0,7.14,1,3.57,10.71,23.81,2.72,12.5,0.333,0.333,0.833,1.166,0.4999999999999999,681867
FC,Cutter,FB,6,0.69,0,0,0,,0,,0,0,,0.0,0,0.0,0.0,0.0,2.04,0.0,,,,,,681867
,,,1,0.11,0,0,0,,0,,0,0,,0.0,0,0.0,0.0,,0.0,,,,,,,681867
FF,4-Seam Fastball,FB,165,45.33,44,35,10,22.73,7,15.91,65,7,10.77,4.24,46,27.88,32.12,22.22,40.22,27.03,0.171,0.318,0.2,0.518,0.0289999999999999,681869
FC,Cutter,FB,102,28.02,20,18,1,5.0,1,5.0,45,10,22.22,9.8,11,10.78,20.59,22.81,20.65,5.26,0.389,0.4,0.667,1.0670000000000002,0.278,681869
ST,Sweeper,BR,74,20.33,19,17,8,42.11,1,5.26,30,13,43.33,17.57,5,6.76,24.32,21.57,28.26,30.77,0.176,0.263,0.235,0.498,0.059,681869
CU,Curveball,BR,12,3.3,5,4,1,20.0,0,0.0,6,0,0.0,0.0,2,16.67,16.67,20.0,9.78,11.11,0.25,0.2,0.5,0.7,0.25,681869
CH,Changeup,OS,9,2.47,3,3,1,33.33,0,0.0,4,1,25.0,11.11,1,11.11,22.22,33.33,1.09,100.0,0.667,0.667,1.667,2.334,1.0,681869
SI,Sinker,FB,2,0.55,0,0,0,,0,,1,0,0.0,0.0,0,0.0,0.0,0.0,0.0,,,,,,,681869
FF,4-Seam Fastball,FB,94,58.75,19,16,8,42.11,3,15.79,44,15,34.09,15.96,15,15.96,31.91,20.0,46.15,33.33,0.125,0.263,0.125,0.388,0.0,681870
CU,Curveball,BR,46,28.75,11,11,7,63.64,0,0.0,23,7,30.43,15.22,9,19.57,34.78,44.0,44.23,30.43,0.091,0.091,0.091,0.182,0.0,681870
SL,Slider,BR,20,12.5,4,3,1,25.0,1,25.0,10,1,10.0,5.0,3,15.0,20.0,11.11,9.62,20.0,0.333,0.5,0.667,1.167,0.334,681870
FF,4-Seam Fastball,FB,23,58.97,7,6,0,0.0,1,14.29,9,1,11.11,4.35,4,17.39,21.74,23.08,50.0,0.0,0.333,0.429,0.5,0.929,0.1669999999999999,681871
SL,Slider,BR,13,33.33,2,2,1,50.0,0,0.0,5,3,60.0,23.08,2,15.38,38.46,25.0,25.0,50.0,0.5,0.5,2.0,2.5,1.5,681871
FS,Split-Finger,OS,3,7.69,1,1,0,0.0,0,0.0,1,0,0.0,0.0,0,0.0,0.0,33.33,25.0,0.0,0.0,0.0,0.0,0.0,0.0,681871
SI,Sinker,FB,28,40.0,7,6,3,42.86,1,14.29,13,5,38.46,17.86,7,25.0,42.86,41.67,27.78,60.0,0.0,0.143,0.0,0.143,0.0,681882
SL,Slider,BR,22,31.43,4,4,0,0.0,0,0.0,8,0,0.0,0.0,5,22.73,22.73,33.33,11.11,0.0,0.0,0.0,0.0,0.0,0.0,681882
KC,Knuckle Curve,BR,11,15.71,4,3,2,50.0,0,0.0,6,2,33.33,18.18,1,9.09,27.27,50.0,50.0,22.22,0.333,0.5,0.333,0.833,0.0,681882
FF,4-Seam Fastball,FB,9,12.86,1,1,0,0.0,0,0.0,4,0,0.0,0.0,1,11.11,11.11,33.33,11.11,0.0,0.0,0.0,0.0,0.0,0.0,681882
FC,Cutter,FB,233,62.13,57,50,7,12.28,3,5.26,124,33,26.61,14.16,40,17.17,31.33,35.78,40.83,14.29,0.32,0.375,0.52,0.895,0.2,681892
ST,Sweeper,BR,98,26.13,29,25,6,20.69,2,6.9,48,9,18.75,9.18,7,7.14,16.33,22.22,50.83,9.84,0.28,0.345,0.52,0.865,0.24,681892
CH,Changeup,OS,24,6.4,5,5,0,0.0,0,0.0,9,0,0.0,0.0,4,16.67,16.67,16.67,6.67,0.0,0.4,0.4,0.6,1.0,0.1999999999999999,681892
SI,Sinker,FB,19,5.07,6,4,0,0.0,1,16.67,5,0,0.0,0.0,6,31.58,31.58,0.0,1.67,0.0,0.25,0.333,0.5,0.833,0.25,681892
,,,1,0.27,0,0,0,,0,,0,0,,0.0,0,0.0,0.0,,0.0,,,,,,,681892
FF,4-Seam Fastball,FB,425,62.04,100,81,27,27.0,17,17.0,215,61,28.37,14.35,56,13.18,27.53,25.93,60.36,20.15,0.136,0.283,0.309,0.592,0.173,681911
SL,Slider,BR,190,27.74,38,36,21,55.26,2,5.26,77,35,45.45,18.42,38,20.0,38.42,29.36,31.98,29.58,0.111,0.158,0.167,0.325,0.056,681911
CH,Changeup,OS,56,8.18,17,16,5,29.41,1,5.88,23,7,30.43,12.5,7,12.5,25.0,6.9,7.66,29.41,0.312,0.353,0.375,0.728,0.063,681911
,,,14,2.04,3,0,0,0.0,3,100.0,0,0,,0.0,0,0.0,0.0,,0.0,,,1.0,,,,681911
SL,Slider,BR,124,47.88,24,22,6,25.0,2,8.33,49,18,36.73,14.52,24,19.35,33.87,25.71,41.67,20.0,0.318,0.375,0.5,0.875,0.182,681982
SI,Sinker,FB,116,44.79,36,35,10,27.78,1,2.78,53,5,9.43,4.31,30,25.86,30.17,21.43,48.61,28.57,0.257,0.278,0.257,0.535,0.0,681982
FF,4-Seam Fastball,FB,10,3.86,3,2,1,33.33,1,33.33,2,1,50.0,10.0,2,20.0,30.0,28.57,4.17,33.33,0.5,0.667,0.5,1.167,0.0,681982
FC,Cutter,FB,8,3.09,1,1,0,0.0,0,0.0,3,0,0.0,0.0,1,12.5,12.5,0.0,5.56,0.0,1.0,1.0,1.0,2.0,0.0,681982
CH,Changeup,OS,1,0.39,1,1,0,0.0,0,0.0,1,0,0.0,0.0,0,0.0,0.0,,0.0,,0.0,0.0,0.0,0.0,0.0,681982
SL,Slider,BR,43,38.74,12,11,4,33.33,0,0.0,18,6,33.33,13.95,10,23.26,37.21,36.36,40.0,33.33,0.0,0.083,0.0,0.083,0.0,682052
FF,4-Seam Fastball,FB,39,35.14,12,8,0,0.0,4,33.33,13,2,15.38,5.13,3,7.69,12.82,7.69,40.0,0.0,0.125,0.417,0.5,0.917,0.375,682052
FC,Cutter,FB,16,14.41,4,4,0,0.0,0,0.0,9,1,11.11,6.25,5,31.25,37.5,75.0,10.0,0.0,0.25,0.25,1.0,1.25,0.75,682052
CH,Changeup,OS,13,11.71,1,1,0,0.0,0,0.0,4,1,25.0,7.69,0,0.0,7.69,27.27,10.0,0.0,0.0,0.0,0.0,0.0,0.0,682052
FA,Other,,8,100.0,4,3,0,0.0,0,0.0,3,0,0.0,0.0,1,12.5,12.5,20.0,,,0.333,0.5,0.333,0.833,0.0,682073
CU,Curveball,BR,267,43.0,69,63,30,43.48,5,7.25,126,54,42.86,20.22,42,15.73,35.96,38.95,55.9,27.52,0.127,0.203,0.254,0.457,0.127,682120
FF,4-Seam Fastball,FB,186,29.95,53,42,5,9.43,11,20.75,89,12,13.48,6.45,35,18.82,25.27,17.57,32.82,7.81,0.19,0.358,0.214,0.572,0.0239999999999999,682120
SL,Slider,BR,137,22.06,29,26,4,13.79,2,6.9,71,18,25.35,13.14,30,21.9,35.04,35.48,10.77,19.05,0.346,0.379,0.462,0.841,0.116,682120
SI,Sinker,FB,27,4.35,4,3,0,0.0,1,25.0,5,0,0.0,0.0,5,18.52,18.52,0.0,0.51,0.0,0.333,0.5,0.667,1.167,0.334,682120
,,,4,0.64,1,0,0,0.0,1,100.0,0,0,,0.0,0,0.0,0.0,,0.0,,,1.0,,,,682120
SI,Sinker,FB,20,64.52,4,3,1,25.0,1,25.0,7,2,28.57,10.0,5,25.0,35.0,22.22,80.0,25.0,0.333,0.5,1.333,1.833,1.0,682175
ST,Sweeper,BR,6,19.35,2,1,1,50.0,0,0.0,2,1,50.0,16.67,0,0.0,16.67,20.0,20.0,100.0,0.0,0.5,0.0,0.5,0.0,682175
SL,Slider,BR,5,16.13,3,3,0,0.0,0,0.0,3,0,0.0,0.0,2,40.0,40.0,,0.0,,0.667,0.667,1.0,1.667,0.3329999999999999,682175
FC,Cutter,FB,96,45.93,28,24,3,10.71,4,14.29,45,7,15.56,7.29,25,26.04,33.33,17.14,32.35,13.64,0.167,0.286,0.417,0.703,0.2499999999999999,682227
CH,Changeup,OS,52,24.88,6,6,2,33.33,0,0.0,18,5,27.78,9.62,2,3.85,13.46,19.05,25.0,11.76,0.0,0.0,0.0,0.0,0.0,682227
FF,4-Seam Fastball,FB,47,22.49,13,12,5,38.46,0,0.0,21,5,23.81,10.64,10,21.28,31.91,30.43,38.24,19.23,0.167,0.154,0.25,0.404,0.0829999999999999,682227
CU,Curveball,BR,14,6.7,0,0,0,,0,,6,1,16.67,7.14,1,7.14,14.29,14.29,4.41,0.0,,,,,,682227
FF,4-Seam Fastball,FB,475,37.37,103,96,32,31.07,6,5.83,272,86,31.62,18.11,62,13.05,31.16,32.55,37.1,20.53,0.156,0.214,0.271,0.485,0.115,682243
SI,Sinker,FB,333,26.2,101,95,19,18.81,5,4.95,131,13,9.92,3.9,103,30.93,34.83,17.05,16.22,28.79,0.263,0.297,0.358,0.655,0.0949999999999999,682243
FS,Split-Finger,OS,156,12.27,51,49,22,43.14,0,0.0,96,29,30.21,18.59,11,7.05,25.64,36.49,24.57,22.0,0.102,0.137,0.102,0.239,0.0,682243
ST,Sweeper,BR,139,10.94,38,37,6,15.79,0,0.0,56,12,21.43,8.63,24,17.27,25.9,28.24,11.3,13.04,0.162,0.162,0.216,0.378,0.0539999999999999,682243
SL,Slider,BR,130,10.23,20,19,5,25.0,1,5.0,41,12,29.27,9.23,31,23.85,33.08,18.07,6.39,19.23,0.263,0.3,0.526,0.8260000000000001,0.263,682243
KC,Knuckle Curve,BR,30,2.36,10,10,2,20.0,0,0.0,13,3,23.08,10.0,1,3.33,13.33,22.73,3.93,12.5,0.3,0.3,0.3,0.6,0.0,682243
FC,Cutter,FB,4,0.31,1,1,0,0.0,0,0.0,2,0,0.0,0.0,0,0.0,0.0,0.0,0.49,0.0,0.0,0.0,0.0,0.0,0.0,682243
,,,4,0.31,1,0,0,0.0,1,100.0,0,0,,0.0,0,0.0,0.0,,0.0,,,1.0,,,,682243
FF,4-Seam Fastball,FB,75,75.0,13,11,4,30.77,2,15.38,41,18,43.9,24.0,12,16.0,40.0,21.88,58.54,16.67,0.091,0.231,0.182,0.413,0.091,682254
SL,Slider,BR,25,25.0,10,9,6,60.0,1,10.0,13,6,46.15,24.0,0,0.0,24.0,29.41,41.46,35.29,0.333,0.4,0.444,0.8440000000000001,0.1109999999999999,682254
FF,4-Seam Fastball,FB,192,25.77,42,36,5,11.9,5,11.9,98,18,18.37,9.38,18,9.38,18.75,28.57,32.35,6.49,0.306,0.405,0.667,1.072,0.361,682610
SI,Sinker,FB,189,25.37,51,40,8,15.69,9,17.65,80,10,12.5,5.29,41,21.69,26.98,21.43,18.49,18.18,0.2,0.353,0.3,0.653,0.0999999999999999,682610
FC,Cutter,FB,186,24.97,47,41,8,17.02,6,12.77,87,28,32.18,15.05,26,13.98,29.03,29.13,16.81,20.0,0.22,0.319,0.39,0.7090000000000001,0.17,682610
SL,Slider,BR,162,21.74,48,47,16,33.33,1,2.08,86,31,36.05,19.14,26,16.05,35.19,41.38,31.51,21.33,0.234,0.25,0.447,0.6970000000000001,0.213,682610
CH,Changeup,OS,16,2.15,5,5,0,0.0,0,0.0,10,4,40.0,25.0,1,6.25,31.25,28.57,0.84,0.0,0.2,0.2,0.8,1.0,0.6000000000000001,682610
SI,Sinker,FB,110,64.33,30,26,4,13.33,4,13.33,46,12,26.09,10.91,23,20.91,31.82,23.53,47.37,22.22,0.308,0.4,0.538,0.938,0.23,682842
SL,Slider,BR,58,33.92,12,11,7,58.33,1,8.33,17,8,47.06,13.79,13,22.41,36.21,25.0,50.0,36.84,0.273,0.333,0.273,0.6060000000000001,0.0,682842
FF,4-Seam Fastball,FB,2,1.17,0,0,0,,0,,0,0,,0.0,1,50.0,50.0,0.0,2.63,0.0,,,,,,682842
,,,1,0.58,1,0,0,0.0,1,100.0,0,0,,0.0,0,0.0,0.0,,0.0,,,1.0,,,,682842
SI,Sinker,FB,334,30.17,96,84,5,5.21,6,6.25,167,26,15.57,7.78,64,19.16,26.95,23.53,13.12,11.9,0.238,0.323,0.345,0.6679999999999999,0.1069999999999999,682847
SL,Slider,BR,327,29.54,96,91,24,25.0,4,4.17,168,49,29.17,14.98,33,10.09,25.08,35.03,42.19,17.78,0.22,0.26,0.374,0.634,0.154,682847
FF,4-Seam Fastball,FB,246,22.22,64,59,25,39.06,5,7.81,120,31,25.83,12.6,45,18.29,30.89,24.07,36.25,21.55,0.203,0.266,0.271,0.537,0.068,682847
FC,Cutter,FB,195,17.62,36,32,4,11.11,3,8.33,85,16,18.82,8.21,43,22.05,30.26,15.38,7.5,16.67,0.219,0.306,0.219,0.525,0.0,682847
CH,Changeup,OS,5,0.45,1,1,0,0.0,0,0.0,1,0,0.0,0.0,0,0.0,0.0,0.0,0.94,0.0,1.0,1.0,2.0,3.0,1.0,682847
FC,Cutter,FB,22,40.74,3,3,2,66.67,0,0.0,13,6,46.15,27.27,1,4.55,31.82,27.27,35.29,33.33,0.333,0.333,1.333,1.666,1.0,682989
SI,Sinker,FB,15,27.78,5,3,0,0.0,2,40.0,6,0,0.0,0.0,3,20.0,20.0,16.67,23.53,0.0,0.333,0.6,0.333,0.933,0.0,682989
FF,4-Seam Fastball,FB,12,22.22,3,3,0,0.0,0,0.0,6,0,0.0,0.0,1,8.33,8.33,25.0,23.53,0.0,1.0,1.0,1.667,2.667,0.667,682989
CU,Curveball,BR,4,7.41,1,1,1,100.0,0,0.0,1,1,100.0,25.0,1,25.0,50.0,0.0,17.65,33.33,0.0,0.0,0.0,0.0,0.0,682989
,,,1,1.85,1,0,0,0.0,1,100.0,0,0,,0.0,0,0.0,0.0,,0.0,,,1.0,,,,682989
SI,Sinker,FB,163,39.85,52,48,6,11.54,2,3.85,92,15,16.3,9.2,32,19.63,28.83,29.09,27.35,18.75,0.292,0.346,0.458,0.804,0.166,682990
SL,Slider,BR,155,37.9,38,38,10,26.32,0,0.0,79,25,31.65,16.13,24,15.48,31.61,39.77,44.44,19.23,0.184,0.184,0.289,0.473,0.1049999999999999,682990
FF,4-Seam Fastball,FB,42,10.27,11,11,5,45.45,0,0.0,23,7,30.43,16.67,6,14.29,30.95,36.36,13.68,31.25,0.091,0.091,0.091,0.182,0.0,682990
CU,Curveball,BR,36,8.8,5,5,1,20.0,0,0.0,19,8,42.11,22.22,6,16.67,38.89,35.29,7.69,11.11,0.4,0.4,0.6,1.0,0.1999999999999999,682990
CH,Changeup,OS,13,3.18,6,6,2,33.33,0,0.0,7,2,28.57,15.38,0,0.0,15.38,40.0,6.84,25.0,0.167,0.167,0.167,0.334,0.0,682990
FF,4-Seam Fastball,FB,462,49.36,131,114,28,21.37,11,8.4,246,57,23.17,12.34,76,16.45,28.79,25.93,46.32,21.21,0.228,0.305,0.43,0.735,0.2019999999999999,683003
SL,Slider,BR,380,40.6,109,103,26,23.85,5,4.59,204,65,31.86,17.11,59,15.53,32.63,38.83,46.67,19.55,0.223,0.259,0.35,0.609,0.1269999999999999,683003
CU,Curveball,BR,72,7.69,7,7,1,14.29,0,0.0,21,6,28.57,8.33,15,20.83,29.17,23.4,4.21,8.33,0.429,0.429,1.714,2.143,1.285,683003
CH,Changeup,OS,22,2.35,5,5,2,40.0,0,0.0,11,2,18.18,9.09,3,13.64,22.73,36.36,2.81,25.0,0.4,0.4,0.4,0.8,0.0,683003
FF,4-Seam Fastball,FB,196,57.48,56,45,11,19.64,5,8.93,109,34,31.19,17.35,34,17.35,34.69,32.5,55.05,18.33,0.311,0.389,0.511,0.9,0.2,683004
SL,Slider,BR,113,33.14,25,23,4,16.0,2,8.0,48,13,27.08,11.5,18,15.93,27.43,24.62,29.36,12.5,0.391,0.44,0.652,1.092,0.261,683004
CU,Curveball,BR,31,9.09,6,6,3,50.0,0,0.0,11,4,36.36,12.9,2,6.45,19.35,24.0,14.68,18.75,0.167,0.167,0.667,0.8340000000000001,0.5,683004
SI,Sinker,FB,1,0.29,0,0,0,,0,,0,0,,0.0,0,0.0,0.0,0.0,0.92,0.0,,,,,,683004
FA,Other,,9,90.0,2,2,0,0.0,0,0.0,3,1,33.33,11.11,1,11.11,22.22,14.29,0.0,,0.0,0.0,0.0,0.0,0.0,683021
CU,Curveball,BR,1,10.0,1,0,0,0.0,0,0.0,0,0,,0.0,0,0.0,0.0,0.0,100.0,0.0,,1.0,,,,683021
FF,4-Seam Fastball,FB,23,54.76,6,3,0,0.0,2,33.33,9,2,22.22,8.7,4,17.39,26.09,9.09,57.14,0.0,0.667,0.833,1.0,1.833,0.3329999999999999,683068
CH,Changeup,OS,16,38.1,3,3,0,0.0,0,0.0,8,1,12.5,6.25,1,6.25,12.5,20.0,35.71,0.0,0.333,0.333,0.333,0.666,0.0,683068
SL,Slider,BR,3,7.14,1,1,0,0.0,0,0.0,2,0,0.0,0.0,0,0.0,0.0,0.0,7.14,0.0,0.0,0.0,0.0,0.0,0.0,683068
FF,4-Seam Fastball,FB,525,50.1,116,106,16,13.79,6,5.17,287,58,20.21,11.05,81,15.43,26.48,31.25,36.61,13.01,0.292,0.345,0.481,0.826,0.189,683155
ST,Sweeper,BR,333,31.77,112,109,30,26.79,0,0.0,195,45,23.08,13.51,41,12.31,25.83,36.13,47.02,18.99,0.211,0.223,0.358,0.581,0.147,683155
SL,Slider,BR,121,11.55,41,40,5,12.2,0,0.0,75,14,18.67,11.57,16,13.22,24.79,25.0,13.99,10.64,0.4,0.39,0.7,1.09,0.2999999999999999,683155
SI,Sinker,FB,52,4.96,17,13,0,0.0,3,17.65,26,3,11.54,5.77,10,19.23,25.0,36.0,1.79,0.0,0.231,0.412,0.692,1.104,0.4609999999999999,683155
CH,Changeup,OS,12,1.15,5,3,0,0.0,0,0.0,6,0,0.0,0.0,2,16.67,16.67,37.5,0.6,0.0,0.667,0.8,1.667,2.467,1.0,683155
FC,Cutter,FB,5,0.48,0,0,0,,0,,4,1,25.0,20.0,0,0.0,20.0,50.0,0.0,,,,,,,683155
FF,4-Seam Fastball,FB,338,58.48,74,60,17,22.97,12,16.22,176,38,21.59,11.24,48,14.2,25.44,28.48,52.33,18.89,0.167,0.297,0.333,0.63,0.166,683232
SL,Slider,BR,180,31.14,46,44,20,43.48,1,2.17,80,42,52.5,23.33,37,20.56,43.89,36.54,31.98,36.36,0.295,0.304,0.455,0.759,0.16,683232
CU,Curveball,BR,60,10.38,19,18,5,26.32,1,5.26,24,7,29.17,11.67,9,15.0,26.67,19.35,15.7,18.52,0.389,0.421,0.722,1.143,0.3329999999999999,683232
FF,4-Seam Fastball,FB,90,36.89,29,27,3,10.34,1,3.45,43,3,6.98,3.33,19,21.11,24.44,28.89,22.78,16.67,0.333,0.379,0.704,1.083,0.3709999999999999,683409
SL,Slider,BR,78,31.97,14,14,2,14.29,0,0.0,41,15,36.59,19.23,7,8.97,28.21,36.17,31.65,8.0,0.286,0.286,0.714,1.0,0.428,683409
CH,Changeup,OS,75,30.74,23,21,11,47.83,2,8.7,55,33,60.0,44.0,4,5.33,49.33,52.94,45.57,30.56,0.143,0.217,0.143,0.36,0.0,683409
,,,1,0.41,0,0,0,,0,,0,0,,0.0,0,0.0,0.0,,0.0,,,,,,,683409
FF,4-Seam Fastball,FB,41,53.95,10,8,0,0.0,2,20.0,10,0,0.0,0.0,11,26.83,26.83,4.76,50.0,0.0,0.125,0.3,0.125,0.425,0.0,683568
SL,Slider,BR,35,46.05,6,5,3,50.0,1,16.67,11,5,45.45,14.29,8,22.86,37.14,19.05,50.0,30.0,0.2,0.333,0.2,0.533,0.0,683568
FF,4-Seam Fastball,FB,13,50.0,3,2,1,33.33,1,33.33,7,2,28.57,15.38,1,7.69,23.08,28.57,36.36,25.0,0.5,0.667,0.5,1.167,0.0,683618
SL,Slider,BR,13,50.0,3,3,2,66.67,0,0.0,7,2,28.57,15.38,3,23.08,38.46,57.14,63.64,28.57,0.0,0.0,0.0,0.0,0.0,683618
FF,4-Seam Fastball,FB,253,46.08,68,62,7,10.29,4,5.88,137,14,10.22,5.53,45,17.79,23.32,21.0,40.0,9.46,0.371,0.426,0.581,1.007,0.2099999999999999,683627
SL,Slider,BR,182,33.15,48,46,2,4.17,1,2.08,102,15,14.71,8.24,23,12.64,20.88,28.92,28.65,3.77,0.304,0.312,0.435,0.747,0.131,683627
CH,Changeup,OS,56,10.2,13,11,4,30.77,1,7.69,22,9,40.91,16.07,2,3.57,19.64,22.5,15.14,14.29,0.364,0.385,0.545,0.93,0.181,683627
CU,Curveball,BR,49,8.93,19,19,9,47.37,0,0.0,27,10,37.04,20.41,2,4.08,24.49,33.33,16.22,30.0,0.158,0.158,0.158,0.316,0.0,683627
FC,Cutter,FB,8,1.46,1,1,0,0.0,0,0.0,3,1,33.33,12.5,3,37.5,50.0,33.33,0.0,,0.0,0.0,0.0,0.0,0.0,683627
,,,1,0.18,0,0,0,,0,,0,0,,0.0,0,0.0,0.0,,0.0,,,,,,,683627
SL,Slider,BR,263,49.34,73,71,14,19.18,1,1.37,140,43,30.71,16.35,43,16.35,32.7,35.43,44.51,19.18,0.197,0.205,0.296,0.501,0.0989999999999999,683769
FF,4-Seam Fastball,FB,215,40.34,51,46,10,19.61,5,9.8,120,26,21.67,12.09,35,16.28,28.37,32.97,35.37,17.24,0.152,0.235,0.239,0.474,0.087,683769
CH,Changeup,OS,55,10.32,15,14,9,60.0,1,6.67,18,6,33.33,10.91,9,16.36,27.27,18.92,20.12,27.27,0.0,0.067,0.0,0.067,0.0,683769
FS,Split-Finger,OS,20,55.56,6,5,0,0.0,1,16.67,8,1,12.5,5.0,4,20.0,25.0,35.71,33.33,0.0,0.0,0.167,0.0,0.167,0.0,683822
FF,4-Seam Fastball,FB,9,25.0,1,1,1,100.0,0,0.0,2,0,0.0,0.0,2,22.22,22.22,16.67,33.33,33.33,0.0,0.0,0.0,0.0,0.0,683822
FC,Cutter,FB,4,11.11,1,1,0,0.0,0,0.0,4,0,0.0,0.0,0,0.0,0.0,,11.11,0.0,1.0,1.0,2.0,3.0,1.0,683822
CU,Curveball,BR,2,5.56,1,1,1,100.0,0,0.0,0,0,,0.0,2,100.0,100.0,,11.11,100.0,0.0,0.0,0.0,0.0,0.0,683822
SL,Slider,BR,1,2.78,0,0,0,,0,,0,0,,0.0,0,0.0,0.0,0.0,11.11,0.0,,,,,,683822
FF,4-Seam Fastball,FB,1084,52.44,279,260,52,18.64,18,6.45,595,106,17.82,9.78,170,15.68,25.46,26.48,46.1,17.93,0.231,0.283,0.481,0.764,0.2499999999999999,684007
FS,Split-Finger,OS,730,35.32,216,211,73,33.8,4,1.85,460,200,43.48,27.4,39,5.34,32.74,46.79,43.72,26.55,0.209,0.222,0.284,0.506,0.0749999999999999,684007
CH,Changeup,OS,99,4.79,31,30,7,22.58,1,3.23,52,17,32.69,17.17,4,4.04,21.21,36.36,6.84,16.28,0.2,0.226,0.233,0.459,0.033,684007
CU,Curveball,BR,80,3.87,7,7,0,0.0,0,0.0,14,0,0.0,0.0,32,40.0,40.0,5.56,0.32,0.0,0.429,0.429,0.429,0.858,0.0,684007
SI,Sinker,FB,35,1.69,8,7,0,0.0,1,12.5,16,1,6.25,2.86,12,34.29,37.14,28.57,0.48,0.0,0.429,0.5,0.571,1.071,0.1419999999999999,684007
ST,Sweeper,BR,23,1.11,8,6,2,25.0,0,0.0,10,2,20.0,8.7,2,8.7,17.39,8.33,2.23,14.29,0.333,0.5,0.5,1.0,0.1669999999999999,684007
FC,Cutter,FB,12,0.58,3,3,0,0.0,0,0.0,7,1,14.29,8.33,1,8.33,16.67,0.0,0.16,0.0,0.333,0.333,1.333,1.666,1.0,684007
,,,3,0.15,0,0,0,,0,,0,0,,0.0,0,0.0,0.0,,0.16,0.0,,,,,,684007
CS,Slow Curve,BR,1,0.05,1,1,0,0.0,0,0.0,1,0,0.0,0.0,0,0.0,0.0,,0.0,,1.0,1.0,2.0,3.0,1.0,684007
SL,Slider,BR,315,41.18,111,101,33,29.73,9,8.11,178,63,35.39,20.0,42,13.33,33.33,39.76,57.14,25.78,0.228,0.297,0.396,0.6930000000000001,0.168,684320
FF,4-Seam Fastball,FB,288,37.65,53,48,10,18.87,3,5.66,140,38,27.14,13.19,51,17.71,30.9,23.13,21.88,20.41,0.25,0.308,0.375,0.683,0.125,684320
SI,Sinker,FB,101,13.2,21,17,2,9.52,3,14.29,44,6,13.64,5.94,13,12.87,18.81,24.56,7.14,12.5,0.235,0.333,0.235,0.5680000000000001,0.0,684320
CU,Curveball,BR,43,5.62,12,12,4,33.33,0,0.0,15,5,33.33,11.63,7,16.28,27.91,19.23,6.25,28.57,0.25,0.25,0.583,0.833,0.3329999999999999,684320
FS,Split-Finger,OS,18,2.35,5,4,2,40.0,0,0.0,6,1,16.67,5.56,1,5.56,11.11,15.38,7.59,11.76,0.25,0.4,0.5,0.9,0.25,684320
FF,4-Seam Fastball,FB,60,45.11,21,18,4,19.05,1,4.76,34,5,14.71,8.33,7,11.67,20.0,18.18,44.9,18.18,0.333,0.381,0.556,0.937,0.223,685107
ST,Sweeper,BR,31,23.31,5,5,1,20.0,0,0.0,19,7,36.84,22.58,4,12.9,35.48,50.0,18.37,11.11,0.2,0.2,0.2,0.4,0.0,685107
SL,Slider,BR,26,19.55,5,5,2,40.0,0,0.0,16,5,31.25,19.23,2,7.69,26.92,47.06,28.57,14.29,0.6,0.6,0.6,1.2,0.0,685107
CH,Changeup,OS,15,11.28,2,2,1,50.0,0,0.0,5,2,40.0,13.33,3,20.0,33.33,12.5,8.16,25.0,0.5,0.5,0.5,1.0,0.0,685107
SI,Sinker,FB,1,0.75,0,0,0,,0,,0,0,,0.0,0,0.0,0.0,0.0,0.0,,,,,,,685107
CH,Changeup,OS,27,34.62,8,5,1,12.5,2,25.0,12,3,25.0,11.11,2,7.41,18.52,33.33,44.0,9.09,0.4,0.571,0.4,0.971,0.0,685116
SI,Sinker,FB,25,32.05,9,9,0,0.0,0,0.0,15,0,0.0,0.0,6,24.0,24.0,54.55,20.0,0.0,0.556,0.556,1.111,1.667,0.5549999999999999,685116
CU,Curveball,BR,12,15.38,0,0,0,,0,,3,0,0.0,0.0,5,41.67,41.67,20.0,4.0,0.0,,,,,,685116
FF,4-Seam Fastball,FB,9,11.54,2,2,1,50.0,0,0.0,4,1,25.0,11.11,0,0.0,11.11,28.57,24.0,16.67,0.0,0.0,0.0,0.0,0.0,685116
ST,Sweeper,BR,5,6.41,1,1,0,0.0,0,0.0,5,0,0.0,0.0,0,0.0,0.0,100.0,8.0,0.0,1.0,1.0,1.0,2.0,0.0,685116
FF,4-Seam Fastball,FB,27,36.0,6,3,0,0.0,3,50.0,9,2,22.22,7.41,2,7.41,14.81,16.67,40.0,0.0,0.667,0.833,1.0,1.833,0.3329999999999999,685126
CH,Changeup,OS,24,32.0,5,5,0,0.0,0,0.0,12,2,16.67,8.33,4,16.67,25.0,43.75,28.0,0.0,0.2,0.2,0.2,0.4,0.0,685126
SL,Slider,BR,22,29.33,4,4,1,25.0,0,0.0,10,1,10.0,4.55,5,22.73,27.27,33.33,32.0,12.5,0.0,0.0,0.0,0.0,0.0,685126
CU,Curveball,BR,2,2.67,0,0,0,,0,,1,0,0.0,0.0,0,0.0,0.0,0.0,0.0,,,,,,,685126
FF,4-Seam Fastball,FB,157,49.06,45,43,5,11.11,0,0.0,86,11,12.79,7.01,23,14.65,21.66,31.67,39.13,11.11,0.372,0.4,0.674,1.074,0.302,685299
SL,Slider,BR,124,38.75,24,22,8,33.33,2,8.33,56,17,30.36,13.71,21,16.94,30.65,31.34,47.83,14.55,0.318,0.375,0.5,0.875,0.182,685299
CH,Changeup,OS,24,7.5,5,5,1,20.0,0,0.0,20,5,25.0,20.83,0,0.0,20.83,60.0,7.83,11.11,0.6,0.6,1.4,2.0,0.7999999999999999,685299
CU,Curveball,BR,15,4.69,7,7,3,42.86,0,0.0,8,3,37.5,20.0,2,13.33,33.33,44.44,5.22,50.0,0.429,0.429,1.0,1.429,0.571,685299
SI,Sinker,FB,12,66.67,3,2,0,0.0,1,33.33,6,1,16.67,8.33,1,8.33,16.67,20.0,100.0,0.0,0.5,0.667,1.0,1.667,0.5,685314
,,,4,22.22,1,0,0,0.0,1,100.0,0,0,,0.0,0,0.0,0.0,,0.0,,,1.0,,,,685314
CU,Curveball,BR,2,11.11,0,0,0,,0,,0,0,,0.0,0,0.0,0.0,0.0,0.0,,,,,,,685314
FF,4-Seam Fastball,FB,69,50.36,16,13,4,25.0,3,18.75,34,7,20.59,10.14,12,17.39,27.54,17.86,36.59,26.67,0.308,0.438,0.615,1.053,0.307,685801
SL,Slider,BR,54,39.42,13,12,3,23.08,1,7.69,31,15,48.39,27.78,1,1.85,29.63,33.33,34.15,21.43,0.167,0.231,0.167,0.398,0.0,685801
ST,Sweeper,BR,12,8.76,4,4,0,0.0,0,0.0,5,0,0.0,0.0,0,0.0,0.0,30.0,24.39,0.0,0.5,0.5,0.5,1.0,0.0,685801
CU,Curveball,BR,2,1.46,1,1,0,0.0,0,0.0,1,0,0.0,0.0,0,0.0,0.0,0.0,4.88,0.0,0.0,0.0,0.0,0.0,0.0,685801
FF,4-Seam Fastball,FB,4,57.14,0,0,0,,0,,1,1,100.0,25.0,1,25.0,50.0,0.0,33.33,0.0,,,,,,686294
SL,Slider,BR,3,42.86,2,2,1,50.0,0,0.0,2,1,50.0,33.33,0,0.0,33.33,50.0,66.67,50.0,0.5,0.5,2.0,2.5,1.5,686294
SL,Slider,BR,384,53.33,103,97,27,26.21,4,3.88,203,68,33.5,17.71,42,10.94,28.65,33.64,59.04,24.32,0.237,0.275,0.268,0.543,0.031,686539
SI,Sinker,FB,294,40.83,74,61,13,17.57,10,13.51,121,24,19.83,8.16,71,24.15,32.31,10.71,25.53,25.0,0.328,0.438,0.41,0.848,0.0819999999999999,686539
FF,4-Seam Fastball,FB,35,4.86,14,13,8,57.14,1,7.14,18,9,50.0,25.71,2,5.71,31.43,30.43,14.89,28.57,0.077,0.143,0.077,0.2199999999999999,0.0,686539
ST,Sweeper,BR,6,0.83,0,0,0,,0,,0,0,,0.0,0,0.0,0.0,0.0,0.0,,,,,,,686539
,,,1,0.14,1,1,1,100.0,0,0.0,0,0,,0.0,0,0.0,0.0,,0.53,100.0,0.0,0.0,0.0,0.0,0.0,686539
SI,Sinker,FB,377,38.39,106,90,12,11.32,13,12.26,163,20,12.27,5.31,91,24.14,29.44,21.02,24.74,16.67,0.244,0.343,0.333,0.676,0.089,686563
ST,Sweeper,BR,350,35.64,87,81,21,24.14,3,3.45,159,45,28.3,12.86,43,12.29,25.14,27.94,41.58,17.36,0.259,0.291,0.531,0.8220000000000001,0.272,686563
FC,Cutter,FB,131,13.34,23,20,1,4.35,3,13.04,69,16,23.19,12.21,18,13.74,25.95,22.81,6.53,5.26,0.3,0.391,0.35,0.741,0.0499999999999999,686563
CH,Changeup,OS,66,6.72,14,13,6,42.86,1,7.14,29,11,37.93,16.67,4,6.06,22.73,29.55,10.31,20.0,0.154,0.214,0.231,0.445,0.077,686563
FF,4-Seam Fastball,FB,58,5.91,19,16,7,36.84,3,15.79,25,8,32.0,13.79,1,1.72,15.52,29.55,16.84,14.29,0.188,0.316,0.25,0.5660000000000001,0.062,686563
ST,Sweeper,BR,151,36.74,48,46,13,27.08,0,0.0,90,32,35.56,21.19,11,7.28,28.48,46.24,45.95,25.49,0.304,0.292,0.478,0.77,0.174,686580
FC,Cutter,FB,146,35.52,39,39,6,15.38,0,0.0,77,19,24.68,13.01,25,17.12,30.14,32.31,15.32,35.29,0.205,0.205,0.231,0.436,0.026,686580
FF,4-Seam Fastball,FB,102,24.82,27,25,6,22.22,1,3.7,56,10,17.86,9.8,16,15.69,25.49,29.55,28.83,18.75,0.24,0.296,0.28,0.5760000000000001,0.04,686580
CU,Curveball,BR,12,2.92,5,5,2,40.0,0,0.0,5,2,40.0,16.67,0,0.0,16.67,22.22,9.91,18.18,0.2,0.2,0.2,0.4,0.0,686580
SI,Sinker,FB,463,35.59,135,123,18,13.33,8,5.93,231,30,12.99,6.48,90,19.44,25.92,38.56,27.23,16.82,0.285,0.348,0.325,0.673,0.04,686613
FF,4-Seam Fastball,FB,345,26.52,87,80,31,35.63,5,5.75,181,51,28.18,14.78,52,15.07,29.86,27.03,33.08,23.85,0.262,0.314,0.475,0.7889999999999999,0.2129999999999999,686613
FC,Cutter,FB,170,13.07,43,39,10,23.26,4,9.3,73,17,23.29,10.0,22,12.94,22.94,28.0,11.7,21.74,0.231,0.302,0.256,0.558,0.0249999999999999,686613
SL,Slider,BR,158,12.14,39,35,10,25.64,4,10.26,67,16,23.88,10.13,23,14.56,24.68,23.71,12.47,20.41,0.229,0.308,0.257,0.565,0.0279999999999999,686613
KC,Knuckle Curve,BR,122,9.38,21,20,5,23.81,0,0.0,36,5,13.89,4.1,26,21.31,25.41,14.08,11.96,10.64,0.4,0.4,0.7,1.1,0.2999999999999999,686613
CH,Changeup,OS,43,3.31,10,8,2,20.0,2,20.0,16,6,37.5,13.95,8,18.6,32.56,13.04,3.56,14.29,0.5,0.6,0.5,1.1,0.0,686613
FF,4-Seam Fastball,FB,142,56.13,24,18,5,20.83,4,16.67,55,14,25.45,9.86,25,17.61,27.46,14.49,46.48,15.15,0.167,0.333,0.5,0.833,0.3329999999999999,686642
SL,Slider,BR,51,20.16,17,14,7,41.18,2,11.76,26,11,42.31,21.57,7,13.73,35.29,45.16,36.62,26.92,0.0,0.118,0.0,0.118,0.0,686642
FC,Cutter,FB,21,8.3,3,3,1,33.33,0,0.0,7,2,28.57,9.52,6,28.57,38.1,0.0,5.63,25.0,0.0,0.0,0.0,0.0,0.0,686642
CH,Changeup,OS,17,6.72,5,5,1,20.0,0,0.0,10,1,10.0,5.88,0,0.0,5.88,36.36,9.86,14.29,0.4,0.4,0.6,1.0,0.1999999999999999,686642
SI,Sinker,FB,12,4.74,4,4,0,0.0,0,0.0,9,1,11.11,8.33,0,0.0,8.33,50.0,0.0,,0.0,0.0,0.0,0.0,0.0,686642
,,,10,3.95,3,0,0,0.0,3,100.0,0,0,,0.0,0,0.0,0.0,,1.41,0.0,,1.0,,,,686642
SL,Slider,BR,16,51.61,5,5,0,0.0,0,0.0,9,1,11.11,6.25,1,6.25,12.5,40.0,55.56,0.0,0.0,0.0,0.0,0.0,0.0,686654
FF,4-Seam Fastball,FB,10,32.26,3,3,1,33.33,0,0.0,5,1,20.0,10.0,1,10.0,20.0,20.0,33.33,33.33,0.333,0.333,1.333,1.666,1.0,686654
FC,Cutter,FB,4,12.9,1,1,1,100.0,0,0.0,2,1,50.0,25.0,2,50.0,75.0,50.0,11.11,100.0,0.0,0.0,0.0,0.0,0.0,686654
SI,Sinker,FB,1,3.23,0,0,0,,0,,0,0,,0.0,1,100.0,100.0,,0.0,,,,,,,686654
ST,Sweeper,BR,216,28.95,46,46,13,28.26,0,0.0,95,31,32.63,14.35,31,14.35,28.7,27.56,37.98,16.46,0.304,0.304,0.5,0.804,0.196,686730
SI,Sinker,FB,205,27.48,58,53,6,10.34,4,6.9,111,11,9.91,5.37,48,23.41,28.78,31.34,13.94,20.69,0.302,0.362,0.472,0.834,0.1699999999999999,686730
FF,4-Seam Fastball,FB,161,21.58,50,44,14,28.0,5,10.0,77,16,20.78,9.94,26,16.15,26.09,20.29,31.73,21.21,0.273,0.36,0.568,0.928,0.2949999999999999,686730
FC,Cutter,FB,122,16.35,37,33,5,13.51,3,8.11,58,9,15.52,7.38,20,16.39,23.77,15.09,11.54,20.83,0.273,0.351,0.424,0.7749999999999999,0.1509999999999999,686730
CH,Changeup,OS,33,4.42,9,9,3,33.33,0,0.0,15,5,33.33,15.15,2,6.06,21.21,15.79,3.85,37.5,0.222,0.222,0.556,0.778,0.3340000000000001,686730
SL,Slider,BR,9,1.21,2,2,2,100.0,0,0.0,7,4,57.14,44.44,1,11.11,55.56,66.67,0.96,100.0,0.0,0.0,0.0,0.0,0.0,686730
SI,Sinker,FB,86,48.31,22,20,0,0.0,1,4.55,42,1,2.38,1.16,22,25.58,26.74,13.79,25.0,0.0,0.4,0.429,0.7,1.129,0.2999999999999999,686747
CH,Changeup,OS,58,32.58,18,17,4,22.22,1,5.56,32,2,6.25,3.45,10,17.24,20.69,35.71,50.0,13.33,0.118,0.167,0.294,0.4609999999999999,0.176,686747
ST,Sweeper,BR,17,9.55,2,1,0,0.0,0,0.0,8,0,0.0,0.0,2,11.76,11.76,30.0,6.67,0.0,1.0,0.5,1.0,1.5,0.0,686747
FF,4-Seam Fastball,FB,12,6.74,5,5,5,100.0,0,0.0,3,2,66.67,16.67,4,33.33,50.0,14.29,18.33,45.45,0.0,0.0,0.0,0.0,0.0,686747
,,,4,2.25,1,0,0,0.0,1,100.0,0,0,,0.0,0,0.0,0.0,,0.0,,,1.0,,,,686747
FC,Cutter,FB,1,0.56,1,1,0,0.0,0,0.0,1,0,0.0,0.0,0,0.0,0.0,,0.0,,0.0,0.0,0.0,0.0,0.0,686747
FF,4-Seam Fastball,FB,19,50.0,5,5,0,0.0,0,0.0,8,1,12.5,5.26,7,36.84,42.11,20.0,55.56,0.0,0.2,0.2,0.4,0.6000000000000001,0.2,686751
SL,Slider,BR,13,34.21,4,3,0,0.0,1,25.0,5,1,20.0,7.69,1,7.69,15.38,12.5,22.22,0.0,1.0,1.0,2.333,3.333,1.3330000000000002,686751
CU,Curveball,BR,3,7.89,1,1,0,0.0,0,0.0,1,0,0.0,0.0,1,33.33,33.33,0.0,11.11,0.0,0.0,0.0,0.0,0.0,0.0,686751
FS,Split-Finger,OS,3,7.89,2,2,0,0.0,0,0.0,3,1,33.33,33.33,0,0.0,33.33,,11.11,0.0,1.0,1.0,1.0,2.0,0.0,686751
FF,4-Seam Fastball,FB,493,56.86,132,117,31,23.48,12,9.09,240,69,28.75,14.0,100,20.28,34.28,24.89,56.52,19.87,0.214,0.295,0.359,0.6539999999999999,0.145,686752
SL,Slider,BR,201,23.18,50,49,7,14.0,1,2.0,110,37,33.64,18.41,16,7.96,26.37,30.19,19.93,12.73,0.224,0.24,0.306,0.546,0.0819999999999999,686752
CH,Changeup,OS,131,15.11,33,32,16,48.48,0,0.0,67,27,40.3,20.61,10,7.63,28.24,36.59,20.29,28.57,0.188,0.182,0.312,0.494,0.124,686752
CU,Curveball,BR,27,3.11,3,3,1,33.33,0,0.0,6,4,66.67,14.81,5,18.52,33.33,21.05,2.17,16.67,0.0,0.0,0.0,0.0,0.0,686752
FC,Cutter,FB,11,1.27,3,3,1,33.33,0,0.0,6,3,50.0,27.27,2,18.18,45.45,33.33,1.09,33.33,0.667,0.667,1.667,2.334,1.0,686752
SI,Sinker,FB,3,0.35,0,0,0,,0,,2,2,100.0,66.67,0,0.0,66.67,0.0,0.0,,,,,,,686752
,,,1,0.12,0,0,0,,0,,0,0,,0.0,0,0.0,0.0,,0.0,,,,,,,686752
SI,Sinker,FB,12,60.0,3,3,0,0.0,0,0.0,8,1,12.5,8.33,1,8.33,16.67,50.0,20.0,0.0,0.0,0.0,0.0,0.0,0.0,686790
SL,Slider,BR,8,40.0,3,3,1,33.33,0,0.0,4,1,25.0,12.5,3,37.5,50.0,50.0,80.0,25.0,0.0,0.0,0.0,0.0,0.0,686790
FF,4-Seam Fastball,FB,85,30.36,24,19,7,29.17,4,16.67,36,9,25.0,10.59,18,21.18,31.76,28.26,34.78,21.88,0.158,0.333,0.316,0.649,0.158,686796
CH,Changeup,OS,56,20.0,8,8,1,12.5,0,0.0,20,5,25.0,8.93,6,10.71,19.64,20.51,17.39,6.25,0.625,0.625,1.5,2.125,0.875,686796
FC,Cutter,FB,56,20.0,11,9,0,0.0,2,18.18,30,2,6.67,3.57,9,16.07,19.64,30.77,8.7,0.0,0.222,0.364,0.222,0.586,0.0,686796
CU,Curveball,BR,45,16.07,12,9,3,25.0,1,8.33,20,5,25.0,11.11,7,15.56,26.67,21.74,21.74,15.0,0.222,0.417,0.222,0.639,0.0,686796
ST,Sweeper,BR,27,9.64,9,8,5,55.56,1,11.11,18,8,44.44,29.63,1,3.7,33.33,46.15,17.39,31.25,0.0,0.111,0.0,0.111,0.0,686796
SI,Sinker,FB,11,3.93,2,2,0,0.0,0,0.0,4,0,0.0,0.0,1,9.09,9.09,0.0,0.0,,0.0,0.0,0.0,0.0,0.0,686796
SI,Sinker,FB,256,70.33,82,75,7,8.54,5,6.1,142,18,12.68,7.03,47,18.36,25.39,35.11,58.95,12.5,0.253,0.309,0.4,0.7090000000000001,0.147,686799
SL,Slider,BR,69,18.96,21,21,6,28.57,0,0.0,36,9,25.0,13.04,10,14.49,27.54,27.59,23.16,27.27,0.286,0.286,0.429,0.715,0.143,686799
ST,Sweeper,BR,22,6.04,4,4,0,0.0,0,0.0,10,2,20.0,9.09,0,0.0,9.09,14.29,11.58,0.0,0.25,0.25,1.0,1.25,0.75,686799
FF,4-Seam Fastball,FB,11,3.02,2,2,1,50.0,0,0.0,4,2,50.0,18.18,1,9.09,27.27,0.0,5.26,20.0,0.0,0.0,0.0,0.0,0.0,686799
,,,4,1.1,1,0,0,0.0,1,100.0,0,0,,0.0,0,0.0,0.0,,0.0,,,1.0,,,,686799
CH,Changeup,OS,2,0.55,0,0,0,,0,,0,0,,0.0,1,50.0,50.0,0.0,1.05,0.0,,,,,,686799
SL,Slider,BR,228,37.56,77,70,18,23.38,5,6.49,127,39,30.71,17.11,22,9.65,26.75,36.07,51.15,20.22,0.229,0.286,0.286,0.572,0.0569999999999999,686826
FF,4-Seam Fastball,FB,172,28.34,39,29,9,23.08,9,23.08,79,16,20.25,9.3,27,15.7,25.0,20.45,39.08,13.24,0.172,0.385,0.31,0.6950000000000001,0.138,686826
SI,Sinker,FB,136,22.41,30,26,0,0.0,1,3.33,58,9,15.52,6.62,34,25.0,31.62,16.67,5.17,0.0,0.231,0.3,0.423,0.723,0.1919999999999999,686826
FC,Cutter,FB,64,10.54,14,13,0,0.0,1,7.14,28,4,14.29,6.25,16,25.0,31.25,26.09,2.87,0.0,0.385,0.429,0.923,1.352,0.538,686826
,,,4,0.66,1,0,0,0.0,1,100.0,0,0,,0.0,0,0.0,0.0,,0.0,,,1.0,,,,686826
CH,Changeup,OS,3,0.49,0,0,0,,0,,0,0,,0.0,0,0.0,0.0,0.0,1.72,0.0,,,,,,686826
FF,4-Seam Fastball,FB,172,39.72,41,36,11,26.83,3,7.32,87,26,29.89,15.12,31,18.02,33.14,27.4,38.66,23.91,0.361,0.425,0.722,1.147,0.361,686973
SL,Slider,BR,154,35.57,46,38,5,10.87,6,13.04,71,19,26.76,12.34,14,9.09,21.43,23.53,35.29,11.9,0.316,0.413,0.474,0.887,0.1579999999999999,686973
KC,Knuckle Curve,BR,58,13.39,18,17,7,38.89,0,0.0,26,11,42.31,18.97,10,17.24,36.21,26.67,24.37,24.14,0.176,0.167,0.176,0.3429999999999999,0.0,686973
SI,Sinker,FB,30,6.93,6,6,0,0.0,0,0.0,14,1,7.14,3.33,5,16.67,20.0,16.67,0.84,0.0,0.333,0.333,0.833,1.166,0.4999999999999999,686973
CH,Changeup,OS,15,3.46,3,3,0,0.0,0,0.0,8,2,25.0,13.33,0,0.0,13.33,0.0,0.84,0.0,0.333,0.333,0.333,0.666,0.0,686973
,,,4,0.92,1,0,0,0.0,1,100.0,0,0,,0.0,0,0.0,0.0,,0.0,,,1.0,,,,686973
FF,4-Seam Fastball,FB,20,57.14,4,3,0,0.0,0,0.0,9,3,33.33,15.0,3,15.0,30.0,0.0,57.14,0.0,0.667,0.5,1.0,1.5,0.3329999999999999,686993
FC,Cutter,FB,12,34.29,4,4,2,50.0,0,0.0,7,3,42.86,25.0,1,8.33,33.33,33.33,42.86,66.67,0.25,0.25,0.25,0.5,0.0,686993
ST,Sweeper,BR,3,8.57,1,1,0,0.0,0,0.0,1,0,0.0,0.0,0,0.0,0.0,0.0,0.0,,0.0,0.0,0.0,0.0,0.0,686993
FC,Cutter,FB,42,36.21,8,6,0,0.0,2,25.0,18,2,11.11,4.76,6,14.29,19.05,13.04,16.22,0.0,0.5,0.625,0.833,1.458,0.3329999999999999,687014
FF,4-Seam Fastball,FB,33,28.45,6,5,3,50.0,0,0.0,14,3,21.43,9.09,6,18.18,27.27,23.53,43.24,18.75,0.4,0.333,1.2,1.533,0.7999999999999999,687014
SI,Sinker,FB,23,19.83,8,7,0,0.0,1,12.5,15,2,13.33,8.7,4,17.39,26.09,40.0,13.51,0.0,0.286,0.375,0.571,0.946,0.285,687014
KC,Knuckle Curve,BR,10,8.62,4,4,1,25.0,0,0.0,6,1,16.67,10.0,0,0.0,10.0,42.86,16.22,16.67,0.5,0.5,0.75,1.25,0.25,687014
SL,Slider,BR,8,6.9,3,3,1,33.33,0,0.0,3,1,33.33,12.5,0,0.0,12.5,16.67,10.81,25.0,0.333,0.333,1.333,1.666,1.0,687014
FF,4-Seam Fastball,FB,103,44.78,34,28,4,11.76,5,14.71,50,9,18.0,8.74,15,14.56,23.3,20.45,48.53,12.12,0.286,0.412,0.429,0.841,0.143,687134
SL,Slider,BR,88,38.26,21,19,3,14.29,2,9.52,41,11,26.83,12.5,15,17.05,29.55,20.0,33.82,13.04,0.158,0.238,0.211,0.4489999999999999,0.0529999999999999,687134
CU,Curveball,BR,20,8.7,2,2,0,0.0,0,0.0,9,0,0.0,0.0,3,15.0,15.0,12.5,13.24,0.0,0.5,0.5,1.0,1.5,0.5,687134
FC,Cutter,FB,11,4.78,0,0,0,,0,,2,0,0.0,0.0,4,36.36,36.36,0.0,0.0,,,,,,,687134
FS,Split-Finger,OS,8,3.48,3,2,1,33.33,1,33.33,2,0,0.0,0.0,3,37.5,37.5,0.0,4.41,33.33,0.5,0.667,0.5,1.167,0.0,687134
FF,4-Seam Fastball,FB,2,66.67,0,0,0,,0,,1,0,0.0,0.0,1,50.0,50.0,0.0,0.0,,,,,,,687145
SL,Slider,BR,1,33.33,1,1,1,100.0,0,0.0,1,1,100.0,100.0,0,0.0,100.0,100.0,100.0,100.0,0.0,0.0,0.0,0.0,0.0,687145
SI,Sinker,FB,403,65.74,118,108,21,17.8,5,4.24,172,24,13.95,5.96,136,33.75,39.7,26.81,49.26,21.0,0.278,0.328,0.389,0.7170000000000001,0.1109999999999999,687330
ST,Sweeper,BR,201,32.79,49,49,19,38.78,0,0.0,87,31,35.63,15.42,19,9.45,24.88,28.57,48.28,19.39,0.143,0.143,0.286,0.4289999999999999,0.143,687330
FC,Cutter,FB,6,0.98,2,2,1,50.0,0,0.0,4,2,50.0,33.33,0,0.0,33.33,0.0,1.97,25.0,0.0,0.0,0.0,0.0,0.0,687330
,,,2,0.33,1,0,0,0.0,1,100.0,0,0,,0.0,0,0.0,0.0,,0.0,,,1.0,,,,687330
FF,4-Seam Fastball,FB,1,0.16,1,1,1,100.0,0,0.0,1,1,100.0,100.0,0,0.0,100.0,100.0,0.49,100.0,0.0,0.0,0.0,0.0,0.0,687330
FF,4-Seam Fastball,FB,31,54.39,9,7,2,22.22,2,22.22,14,4,28.57,12.9,3,9.68,22.58,12.5,63.16,16.67,0.286,0.444,0.571,1.015,0.285,687362
ST,Sweeper,BR,12,21.05,2,2,0,0.0,0,0.0,6,1,16.67,8.33,0,0.0,8.33,40.0,15.79,0.0,0.0,0.0,0.0,0.0,0.0,687362
FC,Cutter,FB,9,15.79,1,1,0,0.0,0,0.0,6,1,16.67,11.11,1,11.11,22.22,0.0,10.53,0.0,0.0,0.0,0.0,0.0,0.0,687362
CH,Changeup,OS,5,8.77,1,1,1,100.0,0,0.0,3,1,33.33,20.0,1,20.0,40.0,50.0,10.53,50.0,0.0,0.0,0.0,0.0,0.0,687362
FF,4-Seam Fastball,FB,21,41.18,7,6,2,28.57,1,14.29,14,5,35.71,23.81,2,9.52,33.33,28.57,47.62,20.0,0.5,0.571,0.667,1.238,0.167,687377
SL,Slider,BR,16,31.37,2,2,0,0.0,0,0.0,6,1,16.67,6.25,4,25.0,31.25,25.0,14.29,0.0,0.5,0.5,0.5,1.0,0.0,687377
CH,Changeup,OS,14,27.45,3,2,1,33.33,0,0.0,6,2,33.33,14.29,2,14.29,28.57,0.0,38.1,12.5,0.5,0.667,1.0,1.667,0.5,687377
SL,Slider,BR,16,43.24,5,4,4,80.0,1,20.0,8,5,62.5,31.25,2,12.5,43.75,50.0,62.5,40.0,0.0,0.2,0.0,0.2,0.0,687396
FF,4-Seam Fastball,FB,14,37.84,0,0,0,,0,,7,1,14.29,7.14,5,35.71,42.86,0.0,25.0,0.0,,,,,,687396
FS,Split-Finger,OS,7,18.92,2,2,1,50.0,0,0.0,2,1,50.0,14.29,0,0.0,14.29,28.57,12.5,50.0,0.0,0.0,0.0,0.0,0.0,687396
SL,Slider,BR,115,65.71,28,27,5,17.86,1,3.57,61,27,44.26,23.48,9,7.83,31.3,36.11,72.0,13.89,0.37,0.393,0.593,0.986,0.2229999999999999,687424
FF,4-Seam Fastball,FB,55,31.43,16,14,1,6.25,1,6.25,27,3,11.11,5.45,10,18.18,23.64,25.0,28.0,7.14,0.214,0.267,0.214,0.481,0.0,687424
,,,4,2.29,1,0,0,0.0,1,100.0,0,0,,0.0,0,0.0,0.0,,0.0,,,1.0,,,,687424
FC,Cutter,FB,1,0.57,0,0,0,,0,,0,0,,0.0,0,0.0,0.0,0.0,0.0,,,,,,,687424
SL,Slider,BR,512,39.02,150,141,31,20.67,7,4.67,290,87,30.0,16.99,60,11.72,28.71,42.35,45.66,19.62,0.262,0.297,0.454,0.751,0.192,687765
FC,Cutter,FB,417,31.78,108,89,12,11.11,18,16.67,179,29,16.2,6.95,81,19.42,26.38,24.27,29.77,10.68,0.27,0.393,0.461,0.8540000000000001,0.191,687765
SI,Sinker,FB,317,24.16,75,68,3,4.0,3,4.0,144,20,13.89,6.31,24,7.57,13.88,19.77,10.12,8.57,0.309,0.351,0.353,0.704,0.0439999999999999,687765
CU,Curveball,BR,64,4.88,29,28,11,37.93,1,3.45,38,10,26.32,15.62,5,7.81,23.44,44.44,14.45,22.0,0.179,0.207,0.286,0.493,0.1069999999999999,687765
PO,Pitch Out,,1,0.08,0,0,0,,0,,0,0,,0.0,0,0.0,0.0,0.0,0.0,,,,,,,687765
,,,1,0.08,0,0,0,,0,,0,0,,0.0,0,0.0,0.0,,0.0,,,,,,,687765
FF,4-Seam Fastball,FB,630,52.9,141,124,48,34.04,17,12.06,316,100,31.65,15.87,102,16.19,32.06,24.56,48.82,25.81,0.218,0.312,0.315,0.627,0.097,687792
CH,Changeup,OS,369,30.98,103,95,22,21.36,7,6.8,186,50,26.88,13.55,45,12.2,25.75,33.65,34.65,16.67,0.232,0.284,0.4,0.6839999999999999,0.168,687792
SL,Slider,BR,146,12.26,42,37,12,28.57,4,9.52,69,19,27.54,13.01,24,16.44,29.45,28.57,15.49,20.34,0.216,0.31,0.405,0.7150000000000001,0.189,687792
KC,Knuckle Curve,BR,46,3.86,4,4,1,25.0,0,0.0,13,7,53.85,15.22,16,34.78,50.0,18.18,1.05,25.0,0.0,0.0,0.0,0.0,0.0,687792
FF,4-Seam Fastball,FB,47,39.83,13,12,5,38.46,1,7.69,24,6,25.0,12.77,12,25.53,38.3,45.45,38.46,33.33,0.333,0.385,0.583,0.968,0.2499999999999999,687798
ST,Sweeper,BR,30,25.42,7,7,3,42.86,0,0.0,14,5,35.71,16.67,5,16.67,33.33,25.0,35.9,21.43,0.143,0.143,0.143,0.286,0.0,687798
SL,Slider,BR,28,23.73,9,9,1,11.11,0,0.0,15,3,20.0,10.71,4,14.29,25.0,23.08,15.38,16.67,0.222,0.222,0.556,0.778,0.3340000000000001,687798
CH,Changeup,OS,12,10.17,2,2,1,50.0,0,0.0,7,3,42.86,25.0,1,8.33,33.33,42.86,10.26,25.0,0.0,0.0,0.0,0.0,0.0,687798
FC,Cutter,FB,1,0.85,0,0,0,,0,,1,0,0.0,0.0,0,0.0,0.0,,0.0,,,,,,,687798
FF,4-Seam Fastball,FB,4,50.0,0,0,0,,0,,0,0,,0.0,3,75.0,75.0,0.0,0.0,,,,,,,687847
SL,Slider,BR,4,50.0,2,2,0,0.0,0,0.0,4,0,0.0,0.0,0,0.0,0.0,100.0,100.0,0.0,0.5,0.5,1.0,1.5,0.5,687847
FF,4-Seam Fastball,FB,230,57.07,50,40,8,16.0,9,18.0,102,24,23.53,10.43,34,14.78,25.22,17.7,46.85,15.38,0.15,0.32,0.275,0.595,0.125,687863
ST,Sweeper,BR,171,42.43,48,45,19,39.58,3,6.25,85,43,50.59,25.15,23,13.45,38.6,40.59,53.15,32.2,0.067,0.125,0.089,0.214,0.0219999999999999,687863
SL,Slider,BR,1,0.25,0,0,0,,0,,0,0,,0.0,1,100.0,100.0,,0.0,,,,,,,687863
,,,1,0.25,0,0,0,,0,,0,0,,0.0,0,0.0,0.0,,0.0,,,,,,,687863
FF,4-Seam Fastball,FB,124,54.87,33,28,9,27.27,5,15.15,61,11,18.03,8.87,25,20.16,29.03,21.28,68.42,17.31,0.179,0.303,0.25,0.5529999999999999,0.071,687911
ST,Sweeper,BR,73,32.3,21,17,4,19.05,1,4.76,38,10,26.32,13.7,6,8.22,21.92,33.33,27.63,19.05,0.294,0.381,0.588,0.969,0.294,687911
CU,Curveball,BR,29,12.83,9,9,0,0.0,0,0.0,11,0,0.0,0.0,6,20.69,20.69,0.0,3.95,0.0,0.111,0.111,0.111,0.222,0.0,687911
FF,4-Seam Fastball,FB,69,46.31,15,11,5,33.33,4,26.67,34,7,20.59,10.14,10,14.49,24.64,31.43,50.0,18.52,0.091,0.333,0.091,0.424,0.0,687922
FC,Cutter,FB,48,32.21,16,14,2,12.5,0,0.0,27,4,14.81,8.33,8,16.67,25.0,33.33,18.52,20.0,0.357,0.375,0.571,0.946,0.2139999999999999,687922
ST,Sweeper,BR,16,10.74,4,3,1,25.0,1,25.0,9,3,33.33,18.75,1,6.25,25.0,33.33,14.81,12.5,0.0,0.25,0.0,0.25,0.0,687922
CH,Changeup,OS,14,9.4,2,2,0,0.0,0,0.0,4,0,0.0,0.0,2,14.29,14.29,23.08,14.81,0.0,0.5,0.5,0.5,1.0,0.0,687922
SL,Slider,BR,2,1.34,1,1,0,0.0,0,0.0,2,0,0.0,0.0,0,0.0,0.0,,1.85,0.0,1.0,1.0,2.0,3.0,1.0,687922
SL,Slider,BR,88,32.71,17,16,1,5.88,1,5.88,39,10,25.64,11.36,14,15.91,27.27,24.49,33.33,3.7,0.188,0.235,0.375,0.61,0.187,687924
SI,Sinker,FB,88,32.71,32,30,0,0.0,1,3.12,51,6,11.76,6.82,13,14.77,21.59,39.47,9.88,0.0,0.3,0.344,0.5,0.844,0.2,687924
FF,4-Seam Fastball,FB,67,24.91,15,12,7,46.67,3,20.0,35,10,28.57,14.93,13,19.4,34.33,28.12,43.21,20.0,0.167,0.333,0.167,0.5,0.0,687924
CH,Changeup,OS,25,9.29,9,6,0,0.0,1,11.11,14,2,14.29,8.0,0,0.0,8.0,26.67,13.58,0.0,0.333,0.556,1.0,1.556,0.667,687924
CU,Curveball,BR,1,0.37,0,0,0,,0,,0,0,,0.0,0,0.0,0.0,0.0,0.0,,,,,,,687924
ST,Sweeper,BR,95,28.61,13,9,4,30.77,0,0.0,37,10,27.03,10.53,26,27.37,37.89,34.09,30.23,15.38,0.111,0.231,0.111,0.342,0.0,688107
SI,Sinker,FB,79,23.8,23,23,1,4.35,0,0.0,42,7,16.67,8.86,14,17.72,26.58,20.69,16.28,7.14,0.261,0.261,0.261,0.522,0.0,688107
FF,4-Seam Fastball,FB,70,21.08,33,31,4,12.12,1,3.03,43,7,16.28,10.0,5,7.14,17.14,23.33,37.21,12.5,0.226,0.273,0.226,0.499,0.0,688107
CH,Changeup,OS,56,16.87,16,15,1,6.25,0,0.0,28,5,17.86,8.93,11,19.64,28.57,29.17,5.81,20.0,0.333,0.333,0.4,0.7330000000000001,0.067,688107
FC,Cutter,FB,32,9.64,9,8,1,11.11,0,0.0,21,4,19.05,12.5,3,9.38,21.88,30.0,10.47,11.11,0.5,0.444,0.5,0.944,0.0,688107
SI,Sinker,FB,198,57.56,60,53,7,11.67,6,10.0,103,15,14.56,7.58,44,22.22,29.8,38.67,45.54,13.73,0.245,0.322,0.283,0.605,0.0379999999999999,688297
ST,Sweeper,BR,93,27.03,17,16,3,17.65,1,5.88,31,4,12.9,4.3,24,25.81,30.11,12.24,25.89,10.34,0.188,0.235,0.438,0.673,0.25,688297
FF,4-Seam Fastball,FB,53,15.41,15,14,11,73.33,0,0.0,25,13,52.0,24.53,5,9.43,33.96,33.33,28.57,34.38,0.0,0.067,0.0,0.067,0.0,688297
FF,4-Seam Fastball,FB,242,44.4,55,49,13,23.64,5,9.09,108,20,18.52,8.26,53,21.9,30.17,32.74,36.31,20.0,0.245,0.327,0.571,0.8979999999999999,0.3259999999999999,689017
SL,Slider,BR,194,35.6,55,51,15,27.27,3,5.45,98,26,26.53,13.4,29,14.95,28.35,24.49,42.46,19.74,0.176,0.218,0.275,0.493,0.099,689017
KC,Knuckle Curve,BR,57,10.46,12,12,0,0.0,0,0.0,23,2,8.7,3.51,9,15.79,19.3,20.59,8.94,0.0,0.417,0.417,0.667,1.084,0.25,689017
CH,Changeup,OS,31,5.69,9,9,3,33.33,0,0.0,15,5,33.33,16.13,3,9.68,25.81,27.78,8.38,20.0,0.222,0.222,0.667,0.889,0.445,689017
CU,Curveball,BR,14,2.57,3,3,1,33.33,0,0.0,6,2,33.33,14.29,1,7.14,21.43,30.0,2.79,20.0,0.333,0.333,0.333,0.666,0.0,689017
ST,Sweeper,BR,7,1.28,2,2,0,0.0,0,0.0,2,0,0.0,0.0,0,0.0,0.0,33.33,1.12,0.0,0.0,0.0,0.0,0.0,0.0,689017
ST,Sweeper,BR,316,52.93,70,67,20,28.57,2,2.86,132,51,38.64,16.14,61,19.3,35.44,31.03,50.54,21.28,0.209,0.232,0.284,0.516,0.0749999999999999,689147
SI,Sinker,FB,152,25.46,48,43,11,22.92,1,2.08,71,12,16.9,7.89,29,19.08,26.97,26.76,22.04,24.39,0.209,0.292,0.256,0.548,0.047,689147
FF,4-Seam Fastball,FB,129,21.61,27,24,9,33.33,3,11.11,62,17,27.42,13.18,24,18.6,31.78,22.81,27.42,17.65,0.208,0.296,0.25,0.546,0.042,689147
SI,Sinker,FB,181,33.96,57,51,10,17.54,5,8.77,81,10,12.35,5.52,44,24.31,29.83,27.27,22.0,30.3,0.216,0.281,0.255,0.536,0.039,689225
FF,4-Seam Fastball,FB,147,27.58,38,31,11,28.95,4,10.53,77,16,20.78,10.88,24,16.33,27.21,21.05,32.0,22.92,0.29,0.378,0.419,0.7969999999999999,0.129,689225
SL,Slider,BR,129,24.2,22,18,4,18.18,2,9.09,47,14,29.79,10.85,19,14.73,25.58,17.72,23.33,11.43,0.222,0.3,0.444,0.744,0.222,689225
CH,Changeup,OS,76,14.26,23,22,9,39.13,0,0.0,50,19,38.0,25.0,4,5.26,30.26,56.0,22.67,26.47,0.227,0.261,0.545,0.806,0.318,689225
FF,4-Seam Fastball,FB,11,37.93,0,0,0,,0,,3,0,0.0,0.0,4,36.36,36.36,0.0,25.0,0.0,,,,,,689266
SL,Slider,BR,8,27.59,4,4,1,25.0,0,0.0,7,1,14.29,12.5,1,12.5,25.0,100.0,50.0,25.0,0.5,0.5,0.5,1.0,0.0,689266
FC,Cutter,FB,5,17.24,2,1,0,0.0,1,50.0,2,1,50.0,20.0,0,0.0,20.0,0.0,12.5,0.0,1.0,1.0,1.0,2.0,0.0,689266
CH,Changeup,OS,5,17.24,2,2,0,0.0,0,0.0,2,0,0.0,0.0,0,0.0,0.0,0.0,12.5,0.0,0.5,0.5,1.0,1.5,0.5,689266
FF,4-Seam Fastball,FB,136,38.31,40,37,3,7.5,2,5.0,61,5,8.2,3.68,29,21.32,25.0,19.05,26.51,13.64,0.216,0.25,0.541,0.791,0.325,689672
CH,Changeup,OS,99,27.89,28,24,8,28.57,4,14.29,54,20,37.04,20.2,11,11.11,31.31,29.41,43.37,22.22,0.125,0.25,0.375,0.625,0.25,689672
SL,Slider,BR,69,19.44,18,17,1,5.56,1,5.56,29,10,34.48,14.49,6,8.7,23.19,27.08,16.87,7.14,0.353,0.389,0.412,0.8009999999999999,0.059,689672
FC,Cutter,FB,27,7.61,9,7,0,0.0,2,22.22,13,2,15.38,7.41,1,3.7,11.11,30.0,6.02,0.0,0.143,0.333,0.143,0.476,0.0,689672
ST,Sweeper,BR,24,6.76,6,6,1,16.67,0,0.0,9,2,22.22,8.33,2,8.33,16.67,31.58,7.23,16.67,0.167,0.167,0.667,0.8340000000000001,0.5,689672
SI,Sinker,FB,51,40.48,9,8,1,11.11,1,11.11,14,1,7.14,1.96,24,47.06,49.02,0.0,18.92,14.29,0.25,0.333,0.25,0.583,0.0,689690
CH,Changeup,OS,34,26.98,7,7,3,42.86,0,0.0,15,4,26.67,11.76,3,8.82,20.59,31.82,40.54,20.0,0.286,0.286,0.286,0.572,0.0,689690
FF,4-Seam Fastball,FB,21,16.67,8,8,6,75.0,0,0.0,8,6,75.0,28.57,4,19.05,47.62,36.36,29.73,54.55,0.125,0.125,0.5,0.625,0.375,689690
ST,Sweeper,BR,20,15.87,7,7,1,14.29,0,0.0,10,3,30.0,15.0,5,25.0,40.0,44.44,10.81,25.0,0.143,0.143,0.143,0.286,0.0,689690
FF,4-Seam Fastball,FB,47,58.75,11,9,2,18.18,2,18.18,25,7,28.0,14.89,3,6.38,21.28,24.0,50.0,13.33,0.0,0.182,0.0,0.182,0.0,689958
SL,Slider,BR,32,40.0,6,4,2,33.33,2,33.33,15,7,46.67,21.88,3,9.38,31.25,33.33,46.67,14.29,0.0,0.333,0.0,0.333,0.0,689958
,,,1,1.25,1,0,0,0.0,1,100.0,0,0,,0.0,0,0.0,0.0,,3.33,0.0,,1.0,,,,689958
SL,Slider,BR,60,39.22,20,19,5,25.0,1,5.0,31,8,25.81,13.33,7,11.67,25.0,22.58,44.74,29.41,0.211,0.25,0.263,0.513,0.052,689981
FF,4-Seam Fastball,FB,54,35.29,12,7,2,16.67,5,41.67,19,4,21.05,7.41,12,22.22,29.63,12.0,31.58,16.67,0.286,0.583,0.714,1.297,0.428,689981
SI,Sinker,FB,30,19.61,8,8,2,25.0,0,0.0,20,4,20.0,13.33,3,10.0,23.33,36.36,13.16,40.0,0.125,0.125,0.125,0.25,0.0,689981
CU,Curveball,BR,9,5.88,2,2,0,0.0,0,0.0,4,1,25.0,11.11,0,0.0,11.11,0.0,10.53,0.0,0.5,0.5,0.5,1.0,0.0,689981
ST,Sweeper,BR,73,50.0,21,19,4,19.05,1,4.76,32,6,18.75,8.22,21,28.77,36.99,21.74,41.03,25.0,0.158,0.19,0.211,0.401,0.0529999999999999,690544
FF,4-Seam Fastball,FB,35,23.97,11,9,2,18.18,2,18.18,18,5,27.78,14.29,3,8.57,22.86,17.65,35.9,14.29,0.333,0.455,0.333,0.788,0.0,690544
CU,Curveball,BR,16,10.96,3,3,2,66.67,0,0.0,10,5,50.0,31.25,1,6.25,37.5,37.5,23.08,22.22,0.333,0.333,0.667,1.0,0.334,690544
FC,Cutter,FB,14,9.59,3,2,0,0.0,1,33.33,4,1,25.0,7.14,3,21.43,28.57,0.0,0.0,,0.5,0.667,1.0,1.667,0.5,690544
,,,8,5.48,2,0,0,0.0,2,100.0,0,0,,0.0,0,0.0,0.0,,0.0,,,1.0,,,,690544
FF,4-Seam Fastball,FB,130,44.98,39,34,12,30.77,4,10.26,73,19,26.03,14.62,17,13.08,27.69,31.58,71.95,20.34,0.235,0.333,0.265,0.5980000000000001,0.03,690829
SI,Sinker,FB,99,34.26,21,18,1,4.76,1,4.76,48,15,31.25,15.15,18,18.18,33.33,31.82,7.32,16.67,0.278,0.381,0.278,0.659,0.0,690829
SL,Slider,BR,58,20.07,13,11,1,7.69,2,15.38,20,6,30.0,10.34,10,17.24,27.59,9.09,19.51,6.25,0.273,0.385,0.273,0.658,0.0,690829
CH,Changeup,OS,2,0.69,0,0,0,,0,,0,0,,0.0,0,0.0,0.0,0.0,1.22,0.0,,,,,,690829
FF,4-Seam Fastball,FB,60,39.22,16,13,2,12.5,3,18.75,35,8,22.86,13.33,8,13.33,26.67,42.31,46.51,10.0,0.308,0.438,0.385,0.823,0.077,690916
SL,Slider,BR,50,32.68,16,16,1,6.25,0,0.0,23,3,13.04,6.0,13,26.0,32.0,30.0,20.93,11.11,0.312,0.312,0.375,0.687,0.063,690916
ST,Sweeper,BR,42,27.45,13,13,1,7.69,0,0.0,23,3,13.04,7.14,4,9.52,16.67,40.0,30.23,7.69,0.231,0.231,0.231,0.462,0.0,690916
FS,Split-Finger,OS,1,0.65,0,0,0,,0,,1,0,0.0,0.0,0,0.0,0.0,100.0,2.33,0.0,,,,,,690916
FF,4-Seam Fastball,FB,15,55.56,2,2,0,0.0,0,0.0,10,3,30.0,20.0,2,13.33,33.33,40.0,22.22,0.0,0.5,0.5,0.5,1.0,0.0,690925
SL,Slider,BR,12,44.44,6,6,4,66.67,0,0.0,7,4,57.14,33.33,2,16.67,50.0,42.86,77.78,57.14,0.167,0.167,0.167,0.334,0.0,690925
FF,4-Seam Fastball,FB,965,57.07,254,225,62,24.41,25,9.84,471,111,23.57,11.5,149,15.44,26.94,21.09,66.8,19.25,0.249,0.325,0.422,0.747,0.173,690986
CH,Changeup,OS,385,22.77,119,109,13,10.92,4,3.36,197,40,20.3,10.39,31,8.05,18.44,31.17,20.12,13.4,0.284,0.299,0.44,0.739,0.156,690986
SV,Slurve,BR,334,19.75,50,43,13,26.0,7,14.0,95,23,24.21,6.89,116,34.73,41.62,16.97,12.24,22.03,0.279,0.38,0.512,0.892,0.2329999999999999,690986
FC,Cutter,FB,5,0.3,4,3,1,25.0,0,0.0,3,1,33.33,20.0,0,0.0,20.0,0.0,0.62,33.33,0.333,0.5,0.667,1.167,0.334,690986
CU,Curveball,BR,1,0.06,0,0,0,,0,,0,0,,0.0,0,0.0,0.0,0.0,0.0,,,,,,,690986
SI,Sinker,FB,1,0.06,0,0,0,,0,,0,0,,0.0,0,0.0,0.0,0.0,0.21,0.0,,,,,,690986
SI,Sinker,FB,113,58.55,25,20,6,24.0,4,16.0,43,6,13.95,5.31,30,26.55,31.86,12.96,39.06,24.0,0.2,0.36,0.25,0.61,0.0499999999999999,691172
SL,Slider,BR,71,36.79,18,17,6,33.33,1,5.56,29,10,34.48,14.08,11,15.49,29.58,36.73,53.12,17.65,0.176,0.222,0.412,0.634,0.236,691172
FF,4-Seam Fastball,FB,7,3.63,0,0,0,,0,,1,0,0.0,0.0,0,0.0,0.0,14.29,6.25,0.0,,,,,,691172
ST,Sweeper,BR,2,1.04,0,0,0,,0,,1,0,0.0,0.0,0,0.0,0.0,0.0,1.56,0.0,,,,,,691172
FF,4-Seam Fastball,FB,17,38.64,2,1,1,50.0,1,50.0,7,3,42.86,17.65,1,5.88,23.53,18.18,33.33,16.67,0.0,0.5,0.0,0.5,0.0,691441
CU,Curveball,BR,13,29.55,5,4,0,0.0,1,20.0,9,2,22.22,15.38,0,0.0,15.38,57.14,50.0,0.0,0.25,0.4,0.25,0.65,0.0,691441
ST,Sweeper,BR,7,15.91,2,2,0,0.0,0,0.0,7,1,14.29,14.29,0,0.0,14.29,,16.67,0.0,0.5,0.5,2.0,2.5,1.5,691441
SI,Sinker,FB,6,13.64,0,0,0,,0,,1,1,100.0,16.67,2,33.33,50.0,25.0,0.0,,,,,,,691441
CH,Changeup,OS,1,2.27,0,0,0,,0,,1,1,100.0,100.0,0,0.0,100.0,100.0,0.0,,,,,,,691441
FF,4-Seam Fastball,FB,102,54.55,31,27,4,12.9,2,6.45,55,11,20.0,10.78,12,11.76,22.55,24.49,37.5,26.67,0.333,0.387,0.593,0.98,0.2599999999999999,691951
CH,Changeup,OS,46,24.6,13,9,0,0.0,4,30.77,14,3,21.43,6.52,8,17.39,23.91,7.69,27.5,0.0,0.222,0.462,0.222,0.684,0.0,691951
SL,Slider,BR,24,12.83,11,11,6,54.55,0,0.0,12,5,41.67,20.83,4,16.67,37.5,42.86,35.0,42.86,0.273,0.273,0.455,0.728,0.182,691951
CU,Curveball,BR,15,8.02,2,1,0,0.0,0,0.0,4,0,0.0,0.0,5,33.33,33.33,0.0,0.0,,0.0,0.5,0.0,0.5,0.0,691951
SI,Sinker,FB,30,24.19,7,5,0,0.0,1,14.29,9,0,0.0,0.0,6,20.0,20.0,0.0,10.81,0.0,0.4,0.429,0.4,0.829,0.0,692230
SL,Slider,BR,30,24.19,6,6,0,0.0,0,0.0,12,2,16.67,6.67,5,16.67,23.33,22.22,13.51,0.0,0.167,0.167,0.667,0.8340000000000001,0.5,692230
FC,Cutter,FB,24,19.35,5,4,0,0.0,1,20.0,11,3,27.27,12.5,6,25.0,37.5,27.27,5.41,0.0,0.25,0.4,0.25,0.65,0.0,692230
FF,4-Seam Fastball,FB,20,16.13,6,6,2,33.33,0,0.0,7,2,28.57,10.0,1,5.0,15.0,7.69,32.43,16.67,0.5,0.5,1.0,1.5,0.5,692230
CU,Curveball,BR,11,8.87,2,2,0,0.0,0,0.0,5,0,0.0,0.0,2,18.18,18.18,20.0,21.62,0.0,0.0,0.0,0.0,0.0,0.0,692230
CH,Changeup,OS,5,4.03,3,2,1,33.33,1,33.33,4,1,25.0,20.0,0,0.0,20.0,50.0,13.51,20.0,0.0,0.333,0.0,0.333,0.0,692230
ST,Sweeper,BR,4,3.23,1,1,0,0.0,0,0.0,3,0,0.0,0.0,1,25.0,25.0,,2.7,0.0,1.0,1.0,1.0,2.0,0.0,692230
FF,4-Seam Fastball,FB,38,48.72,9,6,4,44.44,1,11.11,19,9,47.37,23.68,9,23.68,47.37,35.29,45.0,44.44,0.0,0.125,0.0,0.125,0.0,692285
ST,Sweeper,BR,37,47.44,10,9,2,20.0,1,10.0,15,3,20.0,8.11,8,21.62,29.73,16.67,55.0,18.18,0.222,0.3,0.333,0.633,0.111,692285
CH,Changeup,OS,3,3.85,0,0,0,,0,,0,0,,0.0,0,0.0,0.0,0.0,0.0,,,,,,,692285
FF,4-Seam Fastball,FB,311,52.71,79,63,14,17.72,13,16.46,139,28,20.14,9.0,59,18.97,27.97,23.12,40.68,19.44,0.238,0.359,0.286,0.645,0.0479999999999999,693312
SL,Slider,BR,168,28.47,49,48,16,32.65,1,2.04,82,32,39.02,19.05,13,7.74,26.79,31.73,41.24,21.92,0.312,0.327,0.438,0.765,0.126,693312
CU,Curveball,BR,111,18.81,20,17,6,30.0,3,15.0,40,16,40.0,14.41,21,18.92,33.33,24.64,18.08,18.75,0.353,0.45,0.353,0.8029999999999999,0.0,693312
FF,4-Seam Fastball,FB,338,43.67,82,78,27,32.93,3,3.66,206,71,34.47,21.01,55,16.27,37.28,33.33,47.15,23.28,0.231,0.256,0.397,0.653,0.166,693433
SI,Sinker,FB,231,29.84,83,79,5,6.02,2,2.41,127,13,10.24,5.63,56,24.24,29.87,27.54,19.92,10.2,0.203,0.241,0.253,0.494,0.0499999999999999,693433
ST,Sweeper,BR,126,16.28,36,36,13,36.11,0,0.0,52,22,42.31,17.46,18,14.29,31.75,32.18,24.8,21.31,0.083,0.083,0.083,0.166,0.0,693433
SL,Slider,BR,68,8.79,19,19,3,15.79,0,0.0,36,7,19.44,10.29,13,19.12,29.41,41.18,6.5,18.75,0.316,0.316,0.737,1.053,0.421,693433
CH,Changeup,OS,11,1.42,3,3,1,33.33,0,0.0,6,3,50.0,27.27,1,9.09,36.36,25.0,1.63,25.0,0.0,0.0,0.0,0.0,0.0,693433
SI,Sinker,FB,208,48.83,59,55,10,16.95,4,6.78,78,9,11.54,4.33,48,23.08,27.4,21.1,41.32,20.0,0.309,0.356,0.436,0.792,0.127,693821
SL,Slider,BR,174,40.85,31,30,11,35.48,1,3.23,83,37,44.58,21.26,29,16.67,37.93,41.28,46.28,19.64,0.267,0.29,0.433,0.723,0.1659999999999999,693821
FF,4-Seam Fastball,FB,28,6.57,9,8,4,44.44,1,11.11,14,6,42.86,21.43,3,10.71,32.14,16.67,8.26,40.0,0.25,0.333,0.875,1.208,0.625,693821
CH,Changeup,OS,15,3.52,5,5,2,40.0,0,0.0,8,4,50.0,26.67,2,13.33,40.0,44.44,4.13,40.0,0.2,0.2,0.2,0.4,0.0,693821
FC,Cutter,FB,1,0.23,1,1,0,0.0,0,0.0,1,0,0.0,0.0,0,0.0,0.0,100.0,0.0,,0.0,0.0,0.0,0.0,0.0,693821
FF,4-Seam Fastball,FB,64,45.39,21,17,3,14.29,3,14.29,29,3,10.34,4.69,11,17.19,21.88,9.09,32.0,37.5,0.294,0.429,0.471,0.8999999999999999,0.177,694037
SL,Slider,BR,49,34.75,11,11,3,27.27,0,0.0,21,8,38.1,16.33,11,22.45,38.78,30.0,48.0,25.0,0.091,0.091,0.091,0.182,0.0,694037
SI,Sinker,FB,18,12.77,6,3,0,0.0,3,50.0,7,0,0.0,0.0,1,5.56,5.56,11.11,12.0,0.0,0.0,0.5,0.0,0.5,0.0,694037
FS,Split-Finger,OS,10,7.09,2,2,1,50.0,0,0.0,4,2,50.0,20.0,1,10.0,30.0,37.5,8.0,50.0,0.0,0.0,0.0,0.0,0.0,694037
ST,Sweeper,BR,549,38.53,154,150,51,33.12,3,1.95,300,116,38.67,21.13,55,10.02,31.15,37.62,48.47,22.97,0.18,0.195,0.36,0.5549999999999999,0.18,694297
SI,Sinker,FB,437,30.67,129,121,34,26.36,6,4.65,198,28,14.14,6.41,102,23.34,29.75,22.04,25.33,28.45,0.264,0.31,0.331,0.641,0.067,694297
FF,4-Seam Fastball,FB,398,27.93,79,71,19,24.05,7,8.86,197,55,27.92,13.82,92,23.12,36.93,27.15,22.27,18.63,0.254,0.316,0.479,0.7949999999999999,0.2249999999999999,694297
CH,Changeup,OS,28,1.96,11,9,5,45.45,2,18.18,12,4,33.33,14.29,5,17.86,32.14,21.43,3.28,33.33,0.111,0.273,0.111,0.384,0.0,694297
CU,Curveball,BR,9,0.63,2,2,0,0.0,0,0.0,5,1,20.0,11.11,1,11.11,22.22,40.0,0.44,0.0,0.5,0.5,1.0,1.5,0.5,694297
,,,3,0.21,0,0,0,,0,,0,0,,0.0,0,0.0,0.0,,0.22,0.0,,,,,,694297
PO,Pitch Out,,1,0.07,0,0,0,,0,,0,0,,0.0,0,0.0,0.0,0.0,0.0,,,,,,,694297
FF,4-Seam Fastball,FB,36,50.7,10,10,1,10.0,0,0.0,15,2,13.33,5.56,8,22.22,27.78,16.67,40.0,16.67,0.5,0.5,0.9,1.4,0.4,694350
CU,Curveball,BR,21,29.58,6,6,1,16.67,0,0.0,11,4,36.36,19.05,6,28.57,47.62,50.0,40.0,16.67,0.167,0.167,0.167,0.334,0.0,694350
CH,Changeup,OS,14,19.72,6,5,1,16.67,1,16.67,7,3,42.86,21.43,1,7.14,28.57,33.33,20.0,33.33,0.2,0.333,0.8,1.133,0.6000000000000001,694350
FF,4-Seam Fastball,FB,45,56.25,15,12,5,33.33,3,20.0,17,1,5.88,2.22,14,31.11,33.33,16.67,50.0,41.67,0.167,0.333,0.25,0.583,0.0829999999999999,694361
SL,Slider,BR,25,31.25,3,3,0,0.0,0,0.0,4,1,25.0,4.0,4,16.0,20.0,5.56,29.17,0.0,0.667,0.667,1.0,1.667,0.3329999999999999,694361
CU,Curveball,BR,10,12.5,3,3,0,0.0,0,0.0,3,0,0.0,0.0,2,20.0,20.0,0.0,20.83,0.0,0.333,0.333,0.667,1.0,0.334,694361
CH,Changeup,OS,355,41.91,84,70,11,13.1,12,14.29,159,48,30.19,13.52,21,5.92,19.44,29.64,43.67,11.0,0.257,0.357,0.386,0.743,0.129,694363
FF,4-Seam Fastball,FB,340,40.14,89,77,18,20.22,12,13.48,158,32,20.25,9.41,62,18.24,27.65,17.33,35.81,21.95,0.234,0.337,0.416,0.753,0.1819999999999999,694363
SL,Slider,BR,143,16.88,26,24,4,15.38,2,7.69,59,9,15.25,6.29,26,18.18,24.48,23.94,20.09,8.7,0.25,0.308,0.25,0.558,0.0,694363
SI,Sinker,FB,9,1.06,3,2,0,0.0,1,33.33,3,0,0.0,0.0,0,0.0,0.0,0.0,0.44,0.0,0.0,0.333,0.0,0.333,0.0,694363
FF,4-Seam Fastball,FB,23,38.98,8,6,1,12.5,2,25.0,6,0,0.0,0.0,9,39.13,39.13,10.0,30.0,33.33,0.333,0.5,0.333,0.833,0.0,694462
SL,Slider,BR,23,38.98,5,4,0,0.0,1,20.0,7,0,0.0,0.0,6,26.09,26.09,23.08,20.0,0.0,0.25,0.4,0.25,0.65,0.0,694462
FS,Split-Finger,OS,10,16.95,3,1,0,0.0,1,33.33,5,1,20.0,10.0,0,0.0,10.0,37.5,50.0,0.0,1.0,1.0,2.0,3.0,1.0,694462
CU,Curveball,BR,3,5.08,0,0,0,,0,,0,0,,0.0,2,66.67,66.67,0.0,0.0,,,,,,,694462
SL,Slider,BR,10,40.0,2,2,0,0.0,0,0.0,4,1,25.0,10.0,2,20.0,30.0,42.86,16.67,0.0,0.0,0.0,0.0,0.0,0.0,694646
FF,4-Seam Fastball,FB,8,32.0,4,4,1,25.0,0,0.0,4,1,25.0,12.5,2,25.0,37.5,33.33,33.33,50.0,0.25,0.25,0.25,0.5,0.0,694646
ST,Sweeper,BR,5,20.0,1,1,0,0.0,0,0.0,4,1,25.0,20.0,0,0.0,20.0,50.0,33.33,0.0,0.0,0.0,0.0,0.0,0.0,694646
CH,Changeup,OS,1,4.0,1,1,1,100.0,0,0.0,1,1,100.0,100.0,0,0.0,100.0,100.0,16.67,100.0,0.0,0.0,0.0,0.0,0.0,694646
CU,Curveball,BR,1,4.0,0,0,0,,0,,0,0,,0.0,1,100.0,100.0,,0.0,,,,,,,694646
CU,Curveball,BR,206,47.14,63,60,27,42.86,3,4.76,108,47,43.52,22.82,33,16.02,38.83,39.64,66.42,30.34,0.217,0.254,0.333,0.587,0.116,694738
SI,Sinker,FB,179,40.96,43,39,3,6.98,3,6.98,66,3,4.55,1.68,55,30.73,32.4,15.49,24.63,9.09,0.308,0.372,0.41,0.782,0.1019999999999999,694738
SL,Slider,BR,32,7.32,3,3,0,0.0,0,0.0,13,8,61.54,25.0,3,9.38,34.38,19.05,0.75,0.0,0.333,0.333,0.333,0.666,0.0,694738
CH,Changeup,OS,11,2.52,2,1,0,0.0,1,50.0,6,2,33.33,18.18,0,0.0,18.18,50.0,4.48,0.0,0.0,0.5,0.0,0.5,0.0,694738
FF,4-Seam Fastball,FB,9,2.06,3,3,1,33.33,0,0.0,4,0,0.0,0.0,2,22.22,22.22,0.0,3.73,20.0,0.333,0.333,0.667,1.0,0.334,694738
SI,Sinker,FB,350,32.11,112,103,6,5.36,7,6.25,204,23,11.27,6.57,58,16.57,23.14,40.65,23.29,8.0,0.301,0.348,0.456,0.804,0.155,694813
SL,Slider,BR,274,25.14,75,72,16,21.33,2,2.67,144,50,34.72,18.25,36,13.14,31.39,33.8,25.47,19.51,0.292,0.307,0.403,0.71,0.111,694813
FF,4-Seam Fastball,FB,222,20.37,58,55,15,25.86,3,5.17,101,20,19.8,9.01,38,17.12,26.13,18.18,19.88,23.44,0.309,0.345,0.6,0.945,0.291,694813
CH,Changeup,OS,166,15.23,46,44,17,36.96,0,0.0,104,33,31.73,19.88,3,1.81,21.69,38.54,27.95,18.89,0.182,0.178,0.432,0.61,0.25,694813
CU,Curveball,BR,28,2.57,4,4,0,0.0,0,0.0,9,3,33.33,10.71,11,39.29,50.0,27.27,0.62,0.0,0.25,0.25,0.25,0.5,0.0,694813
ST,Sweeper,BR,27,2.48,7,7,0,0.0,0,0.0,11,0,0.0,0.0,4,14.81,14.81,35.29,2.17,0.0,0.286,0.286,0.286,0.572,0.0,694813
FC,Cutter,FB,23,2.11,6,6,0,0.0,0,0.0,14,2,14.29,8.7,3,13.04,21.74,28.57,0.62,0.0,0.167,0.167,0.167,0.334,0.0,694813
FF,4-Seam Fastball,FB,377,36.67,99,92,36,36.36,6,6.06,181,42,23.2,11.14,76,20.16,31.3,19.25,46.13,20.81,0.283,0.333,0.348,0.681,0.065,694973
FS,Split-Finger,OS,326,31.71,85,81,22,25.88,3,3.53,201,59,29.35,18.1,50,15.34,33.44,48.25,20.27,28.95,0.16,0.2,0.222,0.422,0.062,694973
ST,Sweeper,BR,162,15.76,34,34,17,50.0,0,0.0,71,20,28.17,12.35,24,14.81,27.16,28.12,19.73,22.97,0.118,0.118,0.235,0.353,0.1169999999999999,694973
SL,Slider,BR,91,8.85,16,16,2,12.5,0,0.0,37,9,24.32,9.89,12,13.19,23.08,27.12,8.53,6.25,0.312,0.312,0.688,1.0,0.3759999999999999,694973
CU,Curveball,BR,59,5.74,11,9,2,18.18,1,9.09,17,4,23.53,6.78,20,33.9,40.68,24.14,2.4,22.22,0.222,0.364,0.556,0.92,0.3340000000000001,694973
CH,Changeup,OS,11,1.07,6,6,5,83.33,0,0.0,6,5,83.33,45.45,0,0.0,45.45,44.44,2.93,45.45,0.0,0.0,0.0,0.0,0.0,694973
,,,2,0.19,0,0,0,,0,,0,0,,0.0,0,0.0,0.0,,0.0,,,,,,,694973
SI,Sinker,FB,89,35.6,26,24,3,11.54,0,0.0,43,4,9.3,4.49,20,22.47,26.97,28.12,11.39,33.33,0.292,0.292,0.292,0.584,0.0,695076
SL,Slider,BR,83,33.2,28,27,4,14.29,1,3.57,50,9,18.0,10.84,12,14.46,25.3,32.35,32.91,15.38,0.259,0.286,0.296,0.582,0.0369999999999999,695076
FF,4-Seam Fastball,FB,43,17.2,8,6,2,25.0,2,25.0,17,6,35.29,13.95,2,4.65,18.6,14.29,32.91,7.69,0.167,0.375,0.167,0.542,0.0,695076
CH,Changeup,OS,35,14.0,8,8,2,25.0,0,0.0,21,4,19.05,11.43,3,8.57,20.0,50.0,22.78,11.11,0.125,0.125,0.125,0.25,0.0,695076
FF,4-Seam Fastball,FB,325,55.94,73,63,25,34.25,9,12.33,177,66,37.29,20.31,49,15.08,35.38,40.26,49.2,27.17,0.19,0.288,0.365,0.653,0.175,695243
SL,Slider,BR,251,43.2,63,59,28,44.44,2,3.17,115,51,44.35,20.32,43,17.13,37.45,39.33,50.8,29.47,0.153,0.19,0.169,0.359,0.016,695243
,,,5,0.86,1,0,0,0.0,1,100.0,0,0,,0.0,0,0.0,0.0,,0.0,,,1.0,,,,695243
FF,4-Seam Fastball,FB,20,52.63,5,3,0,0.0,1,20.0,9,1,11.11,5.0,3,15.0,20.0,10.0,33.33,0.0,0.0,0.25,0.0,0.25,0.0,695549
SL,Slider,BR,9,23.68,4,4,0,0.0,0,0.0,6,1,16.67,11.11,0,0.0,11.11,0.0,33.33,0.0,0.0,0.0,0.0,0.0,0.0,695549
CH,Changeup,OS,5,13.16,2,2,2,100.0,0,0.0,0,0,,0.0,3,60.0,60.0,0.0,33.33,66.67,0.0,0.0,0.0,0.0,0.0,695549
ST,Sweeper,BR,4,10.53,0,0,0,,0,,0,0,,0.0,3,75.0,75.0,0.0,0.0,,,,,,,695549
SI,Sinker,FB,132,37.18,30,26,4,13.33,2,6.67,54,6,11.11,4.55,38,28.79,33.33,20.69,18.52,20.0,0.423,0.5,0.654,1.154,0.231,696131
ST,Sweeper,BR,99,27.89,30,29,3,10.0,1,3.33,43,7,16.28,7.07,15,15.15,22.22,28.33,36.11,7.69,0.345,0.367,0.69,1.057,0.345,696131
FF,4-Seam Fastball,FB,83,23.38,22,17,9,40.91,4,18.18,43,13,30.23,15.66,12,14.46,30.12,36.17,37.96,19.51,0.294,0.455,0.471,0.926,0.177,696131
SL,Slider,BR,31,8.73,6,5,2,33.33,1,16.67,13,2,15.38,6.45,5,16.13,22.58,15.79,7.41,25.0,0.0,0.167,0.0,0.167,0.0,696131
FC,Cutter,FB,8,2.25,2,2,0,0.0,0,0.0,3,0,0.0,0.0,3,37.5,37.5,33.33,0.0,,0.0,0.0,0.0,0.0,0.0,696131
CH,Changeup,OS,2,0.56,1,1,0,0.0,0,0.0,1,0,0.0,0.0,0,0.0,0.0,0.0,0.0,,1.0,1.0,2.0,3.0,1.0,696131
FF,4-Seam Fastball,FB,274,47.9,72,65,14,19.44,7,9.72,158,22,13.92,8.03,39,14.23,22.26,30.28,47.67,17.07,0.277,0.347,0.415,0.762,0.1379999999999999,696136
CH,Changeup,OS,200,34.97,54,50,13,24.07,4,7.41,107,45,42.06,22.5,14,7.0,29.5,42.96,39.53,19.12,0.18,0.241,0.38,0.621,0.2,696136
CU,Curveball,BR,45,7.87,6,6,1,16.67,0,0.0,12,2,16.67,4.44,10,22.22,26.67,11.11,8.14,7.14,0.667,0.667,1.167,1.834,0.5,696136
SI,Sinker,FB,43,7.52,11,9,0,0.0,2,18.18,16,2,12.5,4.65,7,16.28,20.93,13.04,1.74,0.0,0.667,0.727,1.222,1.949,0.5549999999999999,696136
ST,Sweeper,BR,8,1.4,2,1,1,50.0,0,0.0,2,1,50.0,12.5,0,0.0,12.5,14.29,2.33,25.0,0.0,0.5,0.0,0.5,0.0,696136
SL,Slider,BR,2,0.35,1,1,0,0.0,0,0.0,2,0,0.0,0.0,0,0.0,0.0,,0.58,0.0,0.0,0.0,0.0,0.0,0.0,696136
FF,4-Seam Fastball,FB,97,59.88,29,27,7,24.14,2,6.9,38,4,10.53,4.12,30,30.93,35.05,21.43,53.06,26.92,0.222,0.276,0.37,0.646,0.148,700187
ST,Sweeper,BR,62,38.27,15,14,6,40.0,1,6.67,27,13,48.15,20.97,8,12.9,33.87,21.62,46.94,26.09,0.214,0.267,0.5,0.767,0.286,700187
SI,Sinker,FB,2,1.23,1,1,0,0.0,0,0.0,2,0,0.0,0.0,0,0.0,0.0,,0.0,,0.0,0.0,0.0,0.0,0.0,700187
,,,1,0.62,0,0,0,,0,,0,0,,0.0,0,0.0,0.0,,0.0,,,,,,,700187
SI,Sinker,FB,80,50.0,28,28,5,17.86,0,0.0,36,3,8.33,3.75,20,25.0,28.75,28.57,38.46,33.33,0.179,0.179,0.214,0.393,0.035,700241
ST,Sweeper,BR,51,31.87,18,17,3,16.67,1,5.56,27,10,37.04,19.61,8,15.69,35.29,40.74,35.9,21.43,0.235,0.278,0.471,0.749,0.236,700241
FF,4-Seam Fastball,FB,19,11.88,3,3,2,66.67,0,0.0,10,3,30.0,15.79,3,15.79,31.58,37.5,25.64,20.0,0.0,0.0,0.0,0.0,0.0,700241
FC,Cutter,FB,4,2.5,0,0,0,,0,,0,0,,0.0,4,100.0,100.0,,0.0,,,,,,,700241
CU,Curveball,BR,3,1.88,1,1,0,0.0,0,0.0,1,0,0.0,0.0,0,0.0,0.0,0.0,0.0,,0.0,0.0,0.0,0.0,0.0,700241
CH,Changeup,OS,3,1.88,0,0,0,,0,,0,0,,0.0,0,0.0,0.0,0.0,0.0,,,,,,,700241
FF,4-Seam Fastball,FB,446,44.25,99,84,15,15.15,14,14.14,222,43,19.37,9.64,81,18.16,27.8,29.58,40.51,11.9,0.214,0.323,0.357,0.6799999999999999,0.143,700249
CU,Curveball,BR,255,25.3,59,55,15,25.42,3,5.08,101,28,27.72,10.98,61,23.92,34.9,24.19,25.08,19.23,0.309,0.356,0.509,0.865,0.2,700249
CH,Changeup,OS,146,14.48,51,47,11,21.57,3,5.88,78,19,24.36,13.01,15,10.27,23.29,35.37,15.11,23.4,0.255,0.294,0.553,0.847,0.298,700249
FC,Cutter,FB,57,5.65,16,13,2,12.5,3,18.75,33,7,21.21,12.28,7,12.28,24.56,25.0,4.18,15.38,0.538,0.625,1.308,1.933,0.77,700249
SI,Sinker,FB,38,3.77,8,6,0,0.0,2,25.0,14,2,14.29,5.26,6,15.79,21.05,19.05,1.61,0.0,0.5,0.625,0.5,1.125,0.0,700249
ST,Sweeper,BR,38,3.77,12,12,6,50.0,0,0.0,20,6,30.0,15.79,3,7.89,23.68,22.22,8.36,23.08,0.25,0.25,0.25,0.5,0.0,700249
SL,Slider,BR,25,2.48,9,9,4,44.44,0,0.0,14,4,28.57,16.0,3,12.0,28.0,27.27,5.14,25.0,0.0,0.0,0.0,0.0,0.0,700249
,,,3,0.3,1,0,0,0.0,1,100.0,0,0,,0.0,0,0.0,0.0,,0.0,,,1.0,,,,700249
FF,4-Seam Fastball,FB,133,59.38,46,42,5,10.87,3,6.52,66,6,9.09,4.51,23,17.29,21.8,15.79,51.02,20.0,0.333,0.37,0.643,1.013,0.31,700270
SL,Slider,BR,78,34.82,14,14,4,28.57,0,0.0,28,10,35.71,12.82,15,19.23,32.05,27.66,44.9,18.18,0.071,0.071,0.071,0.142,0.0,700270
KC,Knuckle Curve,BR,13,5.8,2,2,0,0.0,0,0.0,4,1,25.0,7.69,4,30.77,38.46,14.29,4.08,0.0,0.0,0.0,0.0,0.0,0.0,700270
FF,4-Seam Fastball,FB,31,62.0,7,7,1,14.29,0,0.0,17,2,11.76,6.45,5,16.13,22.58,30.77,42.86,11.11,0.143,0.143,0.143,0.286,0.0,700363
FS,Split-Finger,OS,10,20.0,2,2,0,0.0,0,0.0,2,0,0.0,0.0,0,0.0,0.0,0.0,38.1,0.0,0.5,0.5,0.5,1.0,0.0,700363
CU,Curveball,BR,9,18.0,1,1,0,0.0,0,0.0,6,1,16.67,11.11,2,22.22,33.33,50.0,19.05,0.0,1.0,1.0,1.0,2.0,0.0,700363
FF,4-Seam Fastball,FB,23,41.07,7,7,1,14.29,0,0.0,9,1,11.11,4.35,4,17.39,21.74,28.57,33.33,25.0,0.143,0.143,0.286,0.4289999999999999,0.143,700669
SL,Slider,BR,16,28.57,6,4,1,16.67,1,16.67,9,1,11.11,6.25,3,18.75,25.0,50.0,25.0,33.33,0.5,0.5,0.75,1.25,0.25,700669
CH,Changeup,OS,9,16.07,2,2,0,0.0,0,0.0,8,3,37.5,33.33,0,0.0,33.33,83.33,25.0,0.0,0.5,0.5,1.0,1.5,0.5,700669
CU,Curveball,BR,8,14.29,3,3,1,33.33,0,0.0,4,2,50.0,25.0,1,12.5,37.5,25.0,16.67,50.0,0.0,0.0,0.0,0.0,0.0,700669
SI,Sinker,FB,85,35.27,24,22,5,20.83,1,4.17,44,9,20.45,10.59,25,29.41,40.0,46.67,21.62,31.25,0.5,0.542,0.955,1.497,0.4549999999999999,701542
ST,Sweeper,BR,77,31.95,15,15,7,46.67,0,0.0,23,10,43.48,12.99,14,18.18,31.17,23.64,31.08,30.43,0.4,0.4,0.8,1.2000000000000002,0.4,701542
FF,4-Seam Fastball,FB,70,29.05,17,15,7,41.18,1,5.88,33,11,33.33,15.71,13,18.57,34.29,29.73,37.84,25.0,0.0,0.062,0.0,0.062,0.0,701542
FC,Cutter,FB,9,3.73,2,2,1,50.0,0,0.0,4,2,50.0,22.22,0,0.0,22.22,37.5,9.46,14.29,0.5,0.5,0.5,1.0,0.0,701542
SL,Slider,BR,244,40.53,64,60,16,25.0,4,6.25,121,35,28.93,14.34,41,16.8,31.15,34.92,44.02,17.39,0.167,0.219,0.233,0.452,0.066,701581
FF,4-Seam Fastball,FB,242,40.2,55,50,15,27.27,4,7.27,120,23,19.17,9.5,42,17.36,26.86,30.36,33.01,21.74,0.36,0.418,0.7,1.118,0.3399999999999999,701581
CH,Changeup,OS,116,19.27,24,21,8,33.33,2,8.33,56,21,37.5,18.1,11,9.48,27.59,30.43,22.97,16.67,0.286,0.333,0.524,0.857,0.238,701581
SI,Sinker,FB,26,41.94,9,7,0,0.0,1,11.11,12,2,16.67,7.69,4,15.38,23.08,26.67,26.67,0.0,0.429,0.556,0.857,1.413,0.428,701643
ST,Sweeper,BR,25,40.32,5,5,2,40.0,0,0.0,9,4,44.44,16.0,5,20.0,36.0,26.67,53.33,25.0,0.0,0.0,0.0,0.0,0.0,701643
FC,Cutter,FB,8,12.9,0,0,0,,0,,2,0,0.0,0.0,0,0.0,0.0,0.0,13.33,0.0,,,,,,701643
CH,Changeup,OS,2,3.23,2,2,0,0.0,0,0.0,2,0,0.0,0.0,0,0.0,0.0,100.0,6.67,0.0,0.5,0.5,0.5,1.0,0.0,701643
FF,4-Seam Fastball,FB,1,1.61,1,0,0,0.0,1,100.0,0,0,,0.0,0,0.0,0.0,0.0,0.0,,,1.0,,,,701643
SI,Sinker,FB,206,52.28,54,50,4,7.41,3,5.56,94,10,10.64,4.85,55,26.7,31.55,20.55,40.0,8.7,0.3,0.352,0.48,0.832,0.18,702352
ST,Sweeper,BR,130,32.99,33,31,9,27.27,1,3.03,61,20,32.79,15.38,20,15.38,30.77,27.14,38.26,20.45,0.194,0.212,0.387,0.599,0.193,702352
FC,Cutter,FB,31,7.87,12,12,4,33.33,0,0.0,17,5,29.41,16.13,5,16.13,32.26,28.57,6.96,50.0,0.0,0.0,0.0,0.0,0.0,702352
CH,Changeup,OS,14,3.55,3,3,3,100.0,0,0.0,6,2,33.33,14.29,1,7.14,21.43,45.45,7.83,33.33,0.0,0.0,0.0,0.0,0.0,702352
FF,4-Seam Fastball,FB,13,3.3,3,3,0,0.0,0,0.0,5,0,0.0,0.0,2,15.38,15.38,16.67,6.96,0.0,0.333,0.333,0.333,0.666,0.0,702352
FF,4-Seam Fastball,FB,53,50.48,15,14,1,6.67,0,0.0,30,5,16.67,9.43,8,15.09,24.53,33.33,37.93,9.09,0.357,0.333,0.786,1.119,0.429,702674
SL,Slider,BR,39,37.14,11,10,3,27.27,0,0.0,18,8,44.44,20.51,7,17.95,38.46,25.0,44.83,23.08,0.0,0.091,0.0,0.091,0.0,702674
FC,Cutter,FB,6,5.71,0,0,0,,0,,2,1,50.0,16.67,0,0.0,16.67,20.0,10.34,0.0,,,,,,702674
CU,Curveball,BR,6,5.71,1,1,0,0.0,0,0.0,1,0,0.0,0.0,0,0.0,0.0,0.0,3.45,0.0,1.0,1.0,1.0,2.0,0.0,702674
CH,Changeup,OS,1,0.95,1,1,0,0.0,0,0.0,1,0,0.0,0.0,0,0.0,0.0,,3.45,0.0,0.0,0.0,0.0,0.0,0.0,702674
FF,4-Seam Fastball,FB,9,42.86,3,3,0,0.0,0,0.0,4,0,0.0,0.0,3,33.33,33.33,66.67,0.0,,0.333,0.333,0.333,0.666,0.0,702795
ST,Sweeper,BR,9,42.86,3,3,0,0.0,0,0.0,4,1,25.0,11.11,2,22.22,33.33,0.0,75.0,0.0,0.333,0.333,0.667,1.0,0.334,702795
SL,Slider,BR,3,14.29,0,0,0,,0,,0,0,,0.0,0,0.0,0.0,0.0,25.0,0.0,,,,,,702795
FF,4-Seam Fastball,FB,5,50.0,1,0,0,0.0,1,100.0,1,0,0.0,0.0,1,20.0,20.0,0.0,33.33,0.0,,1.0,,,,703231
FC,Cutter,FB,3,30.0,1,1,0,0.0,0,0.0,1,0,0.0,0.0,1,33.33,33.33,0.0,33.33,0.0,0.0,0.0,0.0,0.0,0.0,703231
SL,Slider,BR,2,20.0,0,0,0,,0,,1,0,0.0,0.0,0,0.0,0.0,0.0,33.33,0.0,,,,,,703231
SL,Slider,BR,124,50.0,31,29,7,22.58,2,6.45,54,16,29.63,12.9,27,21.77,34.68,27.27,60.0,17.95,0.241,0.29,0.414,0.704,0.173,800049
FF,4-Seam Fastball,FB,91,36.69,26,24,4,15.38,2,7.69,44,7,15.91,7.69,12,13.19,20.88,23.4,33.85,18.18,0.25,0.308,0.625,0.933,0.375,800049
SI,Sinker,FB,14,5.65,6,4,0,0.0,0,0.0,9,1,11.11,7.14,0,0.0,7.14,28.57,4.62,0.0,0.5,0.667,0.5,1.167,0.0,800049
CU,Curveball,BR,14,5.65,3,3,0,0.0,0,0.0,6,0,0.0,0.0,1,7.14,7.14,12.5,1.54,0.0,0.333,0.333,0.333,0.666,0.0,800049
CH,Changeup,OS,4,1.61,0,0,0,,0,,1,1,100.0,25.0,0,0.0,25.0,25.0,0.0,,,,,,,800049
,,,1,0.4,0,0,0,,0,,0,0,,0.0,0,0.0,0.0,,0.0,,,,,,,800049
FF,4-Seam Fastball,FB,115,41.07,26,25,8,30.77,0,0.0,57,11,19.3,9.57,24,20.87,30.43,18.6,38.75,25.81,0.24,0.269,0.56,0.8290000000000001,0.32,805673
SL,Slider,BR,92,32.86,28,27,10,35.71,1,3.57,46,23,50.0,25.0,10,10.87,35.87,39.68,53.75,23.26,0.333,0.357,0.519,0.876,0.186,805673
FC,Cutter,FB,62,22.14,18,17,1,5.56,1,5.56,33,6,18.18,9.68,10,16.13,25.81,35.71,3.75,33.33,0.294,0.333,0.294,0.627,0.0,805673
CU,Curveball,BR,9,3.21,3,3,1,33.33,0,0.0,4,1,25.0,11.11,1,11.11,22.22,20.0,3.75,33.33,0.667,0.667,1.0,1.667,0.3329999999999999,805673
CH,Changeup,OS,2,0.71,0,0,0,,0,,1,1,100.0,50.0,0,0.0,50.0,0.0,0.0,,,,,,,805673
FF,4-Seam Fastball,FB,249,43.68,61,50,11,18.03,9,14.75,105,19,18.1,7.63,49,19.68,27.31,25.56,31.66,17.46,0.22,0.35,0.46,0.81,0.24,806185
SL,Slider,BR,151,26.49,25,22,12,48.0,3,12.0,71,35,49.3,23.18,31,20.53,43.71,34.25,21.11,28.57,0.227,0.32,0.682,1.002,0.455,806185
CU,Curveball,BR,107,18.77,29,29,11,37.93,0,0.0,46,14,30.43,13.08,16,14.95,28.04,28.33,31.16,17.74,0.138,0.138,0.172,0.31,0.0339999999999999,806185
CH,Changeup,OS,63,11.05,14,11,6,42.86,3,21.43,28,10,35.71,15.87,4,6.35,22.22,32.61,16.08,18.75,0.364,0.5,0.727,1.227,0.363,806185
FF,4-Seam Fastball,FB,305,41.11,71,65,18,25.35,5,7.04,150,32,21.33,10.49,62,20.33,30.82,21.88,31.82,23.38,0.277,0.324,0.446,0.77,0.1689999999999999,808967
CU,Curveball,BR,184,24.8,42,41,10,23.81,1,2.38,82,23,28.05,12.5,50,27.17,39.67,30.14,20.66,20.0,0.244,0.262,0.488,0.75,0.244,808967
FS,Split-Finger,OS,145,19.54,39,36,18,46.15,1,2.56,85,36,42.35,24.83,6,4.14,28.97,47.57,33.88,21.95,0.25,0.282,0.444,0.726,0.194,808967
SL,Slider,BR,42,5.66,17,17,7,41.18,0,0.0,23,8,34.78,19.05,4,9.52,28.57,42.31,10.33,28.0,0.176,0.176,0.235,0.411,0.059,808967
SI,Sinker,FB,40,5.39,13,13,1,7.69,0,0.0,24,3,12.5,7.5,3,7.5,15.0,42.86,2.48,16.67,0.308,0.308,0.462,0.77,0.154,808967
FC,Cutter,FB,24,3.23,7,7,0,0.0,0,0.0,15,2,13.33,8.33,2,8.33,16.67,46.15,0.41,0.0,0.429,0.429,0.857,1.286,0.428,808967
ST,Sweeper,BR,1,0.13,0,0,0,,0,,0,0,,0.0,0,0.0,0.0,0.0,0.41,0.0,,,,,,808967
,,,1,0.13,0,0,0,,0,,0,0,,0.0,0,0.0,0.0,,0.0,,,,,,,808967
FF,4-Seam Fastball,FB,29,32.22,8,7,2,25.0,0,0.0,16,4,25.0,13.79,6,20.69,34.48,38.46,32.14,22.22,0.429,0.429,1.286,1.715,0.857,814005
ST,Sweeper,BR,25,27.78,4,3,1,25.0,1,25.0,9,4,44.44,16.0,4,16.0,32.0,29.41,42.86,8.33,0.333,0.5,0.333,0.833,0.0,814005
SL,Slider,BR,25,27.78,8,8,1,12.5,0,0.0,14,3,21.43,12.0,3,12.0,24.0,40.0,10.71,33.33,0.125,0.125,0.5,0.625,0.375,814005
CU,Curveball,BR,6,6.67,2,2,2,100.0,0,0.0,3,2,66.67,33.33,1,16.67,50.0,33.33,10.71,66.67,0.0,0.0,0.0,0.0,0.0,814005
SI,Sinker,FB,5,5.56,2,2,1,50.0,0,0.0,3,1,33.33,20.0,0,0.0,20.0,60.0,3.57,100.0,0.0,0.0,0.0,0.0,0.0,814005
