Pitch Type,Pitch,Pitch Group,pitches,USG,PA,AB,K,K%,BB,OBP,swings,Whiffs,Whiff%,SwStr%,Called Strikes,cStr%,CSW%,Chase%,Putaway USG,Putaway%,AVG,obp,SLG,OPS,ISO,mlbid
FF,4-Seam Fastball,FB,79,39.9,24,21,8,33.33,3,12.5,36,11,30.56,13.92,16,20.25,34.18,25.0,42.86,38.1,0.286,0.375,0.476,0.851,0.19,455117
CH,Changeup,OS,27,13.64,5,4,1,20.0,1,20.0,9,4,44.44,14.81,3,11.11,25.93,16.67,20.41,10.0,0.0,0.2,0.0,0.2,0.0,455117
CU,Curveball,BR,26,13.13,3,3,2,66.67,0,0.0,10,8,80.0,30.77,8,30.77,61.54,53.33,12.24,33.33,0.333,0.333,0.667,1.0,0.334,455117
SI,Sinker,FB,21,10.61,8,7,0,0.0,0,0.0,9,0,0.0,0.0,6,28.57,28.57,33.33,8.16,0.0,0.286,0.286,0.286,0.572,0.0,455117
SL,Slider,BR,20,10.1,5,4,2,40.0,1,20.0,8,4,50.0,20.0,4,20.0,40.0,18.18,8.16,50.0,0.5,0.6,0.5,1.1,0.0,455117
FS,Split-Finger,OS,10,5.05,3,3,1,33.33,0,0.0,4,2,50.0,20.0,2,20.0,40.0,20.0,6.12,33.33,0.333,0.333,0.667,1.0,0.334,455117
FC,Cutter,FB,7,3.54,3,3,1,33.33,0,0.0,4,2,50.0,28.57,1,14.29,42.86,0.0,2.04,100.0,0.333,0.333,0.333,0.666,0.0,455117
ST,Sweeper,BR,5,2.53,1,1,0,0.0,0,0.0,3,1,33.33,20.0,2,40.0,60.0,100.0,0.0,,0.0,0.0,0.0,0.0,0.0,455117
CS,Slow Curve,BR,1,0.51,0,0,0,,0,,0,0,,0.0,0,0.0,0.0,0.0,0.0,,,,,,,455117
KC,Knuckle Curve,BR,1,0.51,0,0,0,,0,,1,1,100.0,100.0,0,0.0,100.0,100.0,0.0,,,,,,,455117
,,,1,0.51,0,0,0,,0,,0,0,,0.0,0,0.0,0.0,,0.0,,,,,,,455117
FF,4-Seam Fastball,FB,136,33.25,30,29,6,20.0,1,3.33,69,13,18.84,9.56,30,22.06,31.62,33.87,32.06,14.29,0.138,0.167,0.241,0.408,0.1029999999999999,456781
CH,Changeup,OS,79,19.32,20,20,6,30.0,0,0.0,39,15,38.46,18.99,6,7.59,26.58,33.33,17.56,26.09,0.15,0.15,0.15,0.3,0.0,456781
SI,Sinker,FB,58,14.18,11,9,0,0.0,1,9.09,31,3,9.68,5.17,12,20.69,25.86,26.32,6.11,0.0,0.333,0.364,0.333,0.6970000000000001,0.0,456781
FC,Cutter,FB,35,8.56,10,8,1,10.0,1,10.0,14,1,7.14,2.86,11,31.43,34.29,28.57,7.63,10.0,0.25,0.4,0.375,0.775,0.125,456781
CU,Curveball,BR,34,8.31,10,10,3,30.0,0,0.0,19,7,36.84,20.59,6,17.65,38.24,52.94,12.98,17.65,0.2,0.2,0.4,0.6000000000000001,0.2,456781
ST,Sweeper,BR,26,6.36,6,6,3,50.0,0,0.0,13,5,38.46,19.23,7,26.92,46.15,54.55,9.16,25.0,0.167,0.167,0.167,0.334,0.0,456781
SL,Slider,BR,23,5.62,8,8,3,37.5,0,0.0,14,5,35.71,21.74,2,8.7,30.43,50.0,7.63,30.0,0.125,0.125,0.125,0.25,0.0,456781
KC,Knuckle Curve,BR,7,1.71,2,2,1,50.0,0,0.0,3,2,66.67,28.57,1,14.29,42.86,33.33,2.29,33.33,0.0,0.0,0.0,0.0,0.0,456781
SV,Slurve,BR,7,1.71,1,1,1,100.0,0,0.0,6,3,50.0,42.86,0,0.0,42.86,50.0,3.05,25.0,0.0,0.0,0.0,0.0,0.0,456781
FS,Split-Finger,OS,4,0.98,3,3,1,33.33,0,0.0,4,1,25.0,25.0,0,0.0,25.0,100.0,1.53,50.0,0.333,0.333,0.333,0.666,0.0,456781
FF,4-Seam Fastball,FB,192,29.91,46,42,10,21.74,3,6.52,91,18,19.78,9.38,35,18.23,27.6,26.67,27.78,20.0,0.167,0.217,0.333,0.55,0.166,457705
CH,Changeup,OS,104,16.2,28,25,6,21.43,3,10.71,45,9,20.0,8.65,16,15.38,24.04,24.56,19.44,17.14,0.32,0.393,0.48,0.873,0.1599999999999999,457705
SI,Sinker,FB,77,11.99,17,16,4,23.53,1,5.88,33,9,27.27,11.69,18,23.38,35.06,21.88,8.33,26.67,0.188,0.235,0.188,0.423,0.0,457705
CU,Curveball,BR,74,11.53,14,14,8,57.14,0,0.0,33,14,42.42,18.92,13,17.57,36.49,31.71,15.0,29.63,0.143,0.143,0.143,0.286,0.0,457705
SL,Slider,BR,67,10.44,18,13,2,11.11,5,27.78,26,8,30.77,11.94,9,13.43,25.37,18.92,11.67,9.52,0.462,0.611,0.538,1.149,0.076,457705
FC,Cutter,FB,51,7.94,10,8,3,30.0,2,20.0,19,9,47.37,17.65,10,19.61,37.25,8.0,6.67,25.0,0.5,0.6,0.75,1.35,0.25,457705
ST,Sweeper,BR,32,4.98,7,6,2,28.57,1,14.29,11,5,45.45,15.62,5,15.62,31.25,22.73,5.0,22.22,0.333,0.429,0.5,0.929,0.1669999999999999,457705
FS,Split-Finger,OS,19,2.96,4,4,1,25.0,0,0.0,10,5,50.0,26.32,1,5.26,31.58,38.46,3.33,16.67,0.5,0.5,0.75,1.25,0.25,457705
,,,14,2.18,3,0,0,0.0,3,100.0,0,0,,0.0,0,0.0,0.0,,0.0,,,1.0,,,,457705
KC,Knuckle Curve,BR,12,1.87,3,3,0,0.0,0,0.0,7,0,0.0,0.0,1,8.33,8.33,0.0,2.78,0.0,0.333,0.333,0.333,0.666,0.0,457705
FF,4-Seam Fastball,FB,205,43.99,35,31,8,22.86,4,11.43,87,17,19.54,8.29,39,19.02,27.32,16.3,40.37,12.31,0.323,0.4,0.613,1.013,0.29,457759
CH,Changeup,OS,68,14.59,22,20,5,22.73,2,9.09,32,7,21.88,10.29,3,4.41,14.71,34.78,19.88,15.62,0.15,0.227,0.15,0.377,0.0,457759
SI,Sinker,FB,50,10.73,15,13,1,6.67,1,6.67,25,0,0.0,0.0,12,24.0,24.0,27.78,4.97,12.5,0.231,0.267,0.231,0.498,0.0,457759
SL,Slider,BR,43,9.23,16,15,3,18.75,1,6.25,25,4,16.0,9.3,3,6.98,16.28,42.31,14.29,13.04,0.4,0.438,0.733,1.171,0.3329999999999999,457759
CU,Curveball,BR,40,8.58,8,7,1,12.5,1,12.5,21,2,9.52,5.0,9,22.5,27.5,47.62,11.18,5.56,0.429,0.5,0.429,0.929,0.0,457759
FC,Cutter,FB,34,7.3,4,4,0,0.0,0,0.0,18,2,11.11,5.88,7,20.59,26.47,40.0,3.73,0.0,0.0,0.0,0.0,0.0,0.0,457759
ST,Sweeper,BR,22,4.72,9,8,2,22.22,0,0.0,12,5,41.67,22.73,2,9.09,31.82,30.0,4.97,25.0,0.25,0.222,0.375,0.597,0.125,457759
KN,Knuckleball,,1,0.21,0,0,0,,0,,0,0,,0.0,0,0.0,0.0,0.0,0.0,,,,,,,457759
KC,Knuckle Curve,BR,1,0.21,0,0,0,,0,,0,0,,0.0,0,0.0,0.0,0.0,0.62,0.0,,,,,,457759
FS,Split-Finger,OS,1,0.21,0,0,0,,0,,0,0,,0.0,0,0.0,0.0,0.0,0.0,,,,,,,457759
SV,Slurve,BR,1,0.21,0,0,0,,0,,0,0,,0.0,1,100.0,100.0,,0.0,,,,,,,457759
FF,4-Seam Fastball,FB,179,30.44,66,62,9,13.64,4,6.06,96,13,13.54,7.26,27,15.08,22.35,23.94,32.14,16.67,0.258,0.303,0.371,0.6739999999999999,0.1129999999999999,467793
CH,Changeup,OS,77,13.1,15,11,2,13.33,3,20.0,28,10,35.71,12.99,10,12.99,25.97,24.07,11.31,10.53,0.273,0.429,0.545,0.974,0.272,467793
SI,Sinker,FB,77,13.1,18,12,2,11.11,5,27.78,31,6,19.35,7.79,16,20.78,28.57,23.53,10.71,11.11,0.25,0.471,0.333,0.804,0.083,467793
SL,Slider,BR,68,11.56,13,12,6,46.15,1,7.69,29,11,37.93,16.18,14,20.59,36.76,36.11,10.12,35.29,0.167,0.231,0.167,0.398,0.0,467793
FC,Cutter,FB,59,10.03,10,10,1,10.0,0,0.0,24,3,12.5,5.08,10,16.95,22.03,21.21,10.12,5.88,0.1,0.1,0.4,0.5,0.3,467793
CU,Curveball,BR,56,9.52,14,12,4,28.57,2,14.29,24,8,33.33,14.29,10,17.86,32.14,25.81,11.31,21.05,0.167,0.286,0.25,0.536,0.0829999999999999,467793
ST,Sweeper,BR,47,7.99,10,8,1,10.0,1,10.0,18,4,22.22,8.51,8,17.02,25.53,23.08,10.12,5.88,0.125,0.2,0.125,0.325,0.0,467793
KC,Knuckle Curve,BR,14,2.38,2,2,1,50.0,0,0.0,7,3,42.86,21.43,1,7.14,28.57,40.0,2.38,25.0,0.5,0.5,0.5,1.0,0.0,467793
,,,6,1.02,1,0,0,0.0,1,100.0,0,0,,0.0,0,0.0,0.0,,0.6,0.0,,1.0,,,,467793
FS,Split-Finger,OS,3,0.51,0,0,0,,0,,1,0,0.0,0.0,0,0.0,0.0,0.0,0.0,,,,,,,467793
KN,Knuckleball,,1,0.17,1,1,0,0.0,0,0.0,1,0,0.0,0.0,0,0.0,0.0,,0.6,0.0,1.0,1.0,1.0,2.0,0.0,467793
SV,Slurve,BR,1,0.17,0,0,0,,0,,1,0,0.0,0.0,0,0.0,0.0,,0.6,0.0,,,,,,467793
FF,4-Seam Fastball,FB,32,33.33,8,7,2,25.0,1,12.5,17,3,17.65,9.38,10,31.25,40.62,57.14,40.0,25.0,0.143,0.25,0.286,0.536,0.143,493329
CH,Changeup,OS,25,26.04,7,7,1,14.29,0,0.0,11,2,18.18,8.0,2,8.0,16.0,29.41,20.0,25.0,0.143,0.143,0.143,0.286,0.0,493329
SI,Sinker,FB,9,9.38,4,4,0,0.0,0,0.0,5,0,0.0,0.0,1,11.11,11.11,0.0,0.0,,0.25,0.25,0.25,0.5,0.0,493329
SL,Slider,BR,9,9.38,3,3,1,33.33,0,0.0,5,1,20.0,11.11,2,22.22,33.33,50.0,20.0,25.0,0.0,0.0,0.0,0.0,0.0,493329
FS,Split-Finger,OS,8,8.33,1,1,0,0.0,0,0.0,3,1,33.33,12.5,1,12.5,25.0,25.0,5.0,0.0,0.0,0.0,0.0,0.0,0.0,493329
ST,Sweeper,BR,8,8.33,2,1,0,0.0,1,50.0,2,0,0.0,0.0,3,37.5,37.5,0.0,5.0,0.0,0.0,0.5,0.0,0.5,0.0,493329
FC,Cutter,FB,2,2.08,1,1,0,0.0,0,0.0,1,0,0.0,0.0,0,0.0,0.0,0.0,0.0,,0.0,0.0,0.0,0.0,0.0,493329
KC,Knuckle Curve,BR,2,2.08,1,1,0,0.0,0,0.0,2,0,0.0,0.0,0,0.0,0.0,100.0,10.0,0.0,0.0,0.0,0.0,0.0,0.0,493329
CU,Curveball,BR,1,1.04,0,0,0,,0,,0,0,,0.0,0,0.0,0.0,0.0,0.0,,,,,,,493329
FF,4-Seam Fastball,FB,183,34.27,48,45,5,10.42,3,6.25,87,6,6.9,3.28,39,21.31,24.59,23.68,36.67,9.09,0.311,0.354,0.578,0.932,0.2669999999999999,500743
SI,Sinker,FB,94,17.6,27,23,1,3.7,4,14.81,36,2,5.56,2.13,20,21.28,23.4,6.82,10.67,6.25,0.304,0.407,0.478,0.885,0.174,500743
CH,Changeup,OS,86,16.1,23,21,2,8.7,2,8.7,37,9,24.32,10.47,8,9.3,19.77,14.29,13.33,10.0,0.238,0.304,0.286,0.59,0.0479999999999999,500743
SL,Slider,BR,52,9.74,13,12,3,23.08,1,7.69,25,5,20.0,9.62,10,19.23,28.85,20.0,12.0,16.67,0.333,0.385,0.833,1.218,0.4999999999999999,500743
CU,Curveball,BR,42,7.87,9,8,4,44.44,1,11.11,14,6,42.86,14.29,14,33.33,47.62,39.13,8.67,30.77,0.25,0.333,0.625,0.958,0.375,500743
FC,Cutter,FB,28,5.24,7,7,1,14.29,0,0.0,11,2,18.18,7.14,3,10.71,17.86,12.5,5.33,12.5,0.429,0.429,0.571,1.0,0.1419999999999999,500743
ST,Sweeper,BR,21,3.93,2,2,1,50.0,0,0.0,7,1,14.29,4.76,1,4.76,9.52,17.65,7.33,9.09,0.0,0.0,0.0,0.0,0.0,500743
FS,Split-Finger,OS,13,2.43,3,3,0,0.0,0,0.0,6,1,16.67,7.69,0,0.0,7.69,22.22,4.67,0.0,0.0,0.0,0.0,0.0,0.0,500743
KC,Knuckle Curve,BR,10,1.87,1,1,0,0.0,0,0.0,3,1,33.33,10.0,3,30.0,40.0,20.0,1.33,0.0,1.0,1.0,1.0,2.0,0.0,500743
,,,5,0.94,2,0,0,0.0,2,100.0,0,0,,0.0,0,0.0,0.0,,0.0,,,1.0,,,,500743
FF,4-Seam Fastball,FB,170,35.42,46,36,11,23.91,9,19.57,67,13,19.4,7.65,43,25.29,32.94,9.23,33.8,22.92,0.167,0.326,0.194,0.52,0.0269999999999999,502054
SI,Sinker,FB,66,13.75,17,14,3,17.65,3,17.65,24,4,16.67,6.06,16,24.24,30.3,11.54,13.38,15.79,0.143,0.294,0.143,0.4369999999999999,0.0,502054
SL,Slider,BR,66,13.75,12,10,4,33.33,1,8.33,34,7,20.59,10.61,11,16.67,27.27,35.48,19.72,14.29,0.4,0.417,0.7,1.117,0.2999999999999999,502054
CH,Changeup,OS,59,12.29,18,16,1,5.56,2,11.11,29,7,24.14,11.86,7,11.86,23.73,34.29,11.97,5.88,0.375,0.444,0.438,0.882,0.063,502054
CU,Curveball,BR,44,9.17,12,12,3,25.0,0,0.0,16,3,18.75,6.82,9,20.45,27.27,24.0,9.15,23.08,0.083,0.083,0.083,0.166,0.0,502054
FC,Cutter,FB,28,5.83,7,7,1,14.29,0,0.0,14,4,28.57,14.29,4,14.29,28.57,0.0,4.23,16.67,0.143,0.143,0.571,0.714,0.4279999999999999,502054
ST,Sweeper,BR,20,4.17,5,4,1,20.0,1,20.0,9,2,22.22,10.0,4,20.0,30.0,12.5,2.82,25.0,0.25,0.4,0.25,0.65,0.0,502054
KC,Knuckle Curve,BR,12,2.5,0,0,0,,0,,1,0,0.0,0.0,0,0.0,0.0,8.33,3.52,0.0,,,,,,502054
,,,8,1.67,2,0,0,0.0,2,100.0,0,0,,0.0,0,0.0,0.0,,0.0,,,1.0,,,,502054
FS,Split-Finger,OS,7,1.46,3,3,0,0.0,0,0.0,5,0,0.0,0.0,0,0.0,0.0,50.0,1.41,0.0,0.333,0.333,1.333,1.666,1.0,502054
FF,4-Seam Fastball,FB,193,29.11,47,45,3,6.38,2,4.26,95,11,11.58,5.7,34,17.62,23.32,17.11,24.7,7.32,0.378,0.404,0.822,1.226,0.4439999999999999,502671
CH,Changeup,OS,101,15.23,30,30,4,13.33,0,0.0,52,12,23.08,11.88,10,9.9,21.78,29.63,17.47,13.79,0.333,0.333,0.467,0.8,0.134,502671
SL,Slider,BR,86,12.97,18,16,5,27.78,2,11.11,32,8,25.0,9.3,16,18.6,27.91,22.0,17.47,17.24,0.25,0.333,0.312,0.645,0.062,502671
FC,Cutter,FB,82,12.37,20,16,2,10.0,3,15.0,31,5,16.13,6.1,17,20.73,26.83,15.38,9.64,12.5,0.312,0.45,0.438,0.888,0.126,502671
SI,Sinker,FB,65,9.8,19,17,0,0.0,2,10.53,26,1,3.85,1.54,18,27.69,29.23,12.5,9.64,0.0,0.353,0.421,0.765,1.186,0.412,502671
CU,Curveball,BR,53,7.99,14,12,1,7.14,2,14.29,17,1,5.88,1.89,14,26.42,28.3,14.81,9.04,6.67,0.25,0.357,0.333,0.69,0.083,502671
ST,Sweeper,BR,48,7.24,11,9,3,27.27,1,9.09,17,6,35.29,12.5,11,22.92,35.42,29.63,10.24,17.65,0.333,0.455,0.333,0.788,0.0,502671
,,,15,2.26,5,0,0,0.0,5,100.0,0,0,,0.0,0,0.0,0.0,,0.6,0.0,,1.0,,,,502671
KC,Knuckle Curve,BR,9,1.36,0,0,0,,0,,1,0,0.0,0.0,3,33.33,33.33,20.0,0.6,0.0,,,,,,502671
FS,Split-Finger,OS,7,1.06,3,3,1,33.33,0,0.0,5,1,20.0,14.29,1,14.29,28.57,50.0,0.6,100.0,0.333,0.333,0.333,0.666,0.0,502671
FA,Other,,2,0.3,1,1,0,0.0,0,0.0,1,0,0.0,0.0,1,50.0,50.0,100.0,0.0,,1.0,1.0,1.0,2.0,0.0,502671
SV,Slurve,BR,2,0.3,0,0,0,,0,,0,0,,0.0,1,50.0,50.0,0.0,0.0,,,,,,,502671
FF,4-Seam Fastball,FB,5,45.45,2,2,1,50.0,0,0.0,2,1,50.0,20.0,1,20.0,40.0,0.0,50.0,50.0,0.0,0.0,0.0,0.0,0.0,506702
SI,Sinker,FB,3,27.27,2,2,0,0.0,0,0.0,3,0,0.0,0.0,0,0.0,0.0,,0.0,,0.0,0.0,0.0,0.0,0.0,506702
CU,Curveball,BR,2,18.18,0,0,0,,0,,1,0,0.0,0.0,0,0.0,0.0,0.0,50.0,0.0,,,,,,506702
CH,Changeup,OS,1,9.09,0,0,0,,0,,0,0,,0.0,1,100.0,100.0,,0.0,,,,,,,506702
FF,4-Seam Fastball,FB,108,22.98,33,26,4,12.12,7,21.21,47,7,14.89,6.48,18,16.67,23.15,30.77,26.76,10.53,0.346,0.485,0.846,1.331,0.5,514888
CH,Changeup,OS,102,21.7,31,29,6,19.35,1,3.23,53,13,24.53,12.75,17,16.67,29.41,35.42,22.54,18.75,0.241,0.258,0.448,0.706,0.207,514888
SL,Slider,BR,65,13.83,18,16,8,44.44,2,11.11,37,13,35.14,20.0,11,16.92,36.92,57.5,16.2,34.78,0.062,0.167,0.125,0.292,0.063,514888
SI,Sinker,FB,58,12.34,14,13,2,14.29,1,7.14,24,6,25.0,10.34,9,15.52,25.86,26.67,7.75,18.18,0.308,0.357,0.308,0.665,0.0,514888
FC,Cutter,FB,50,10.64,10,10,2,20.0,0,0.0,27,3,11.11,6.0,7,14.0,20.0,46.88,7.75,18.18,0.3,0.3,0.3,0.6,0.0,514888
CU,Curveball,BR,41,8.72,7,7,3,42.86,0,0.0,19,8,42.11,19.51,8,19.51,39.02,30.0,8.45,25.0,0.286,0.286,0.286,0.572,0.0,514888
ST,Sweeper,BR,25,5.32,6,6,1,16.67,0,0.0,9,3,33.33,12.0,8,32.0,44.0,41.67,5.63,12.5,0.333,0.333,0.833,1.166,0.4999999999999999,514888
KC,Knuckle Curve,BR,7,1.49,2,2,1,50.0,0,0.0,4,3,75.0,42.86,1,14.29,57.14,50.0,2.11,33.33,0.0,0.0,0.0,0.0,0.0,514888
,,,6,1.28,1,0,0,0.0,1,100.0,0,0,,0.0,0,0.0,0.0,,0.7,0.0,,1.0,,,,514888
FS,Split-Finger,OS,4,0.85,0,0,0,,0,,2,1,50.0,25.0,0,0.0,25.0,0.0,0.0,,,,,,,514888
SV,Slurve,BR,4,0.85,2,2,1,50.0,0,0.0,2,1,50.0,25.0,1,25.0,50.0,33.33,2.11,33.33,0.5,0.5,0.5,1.0,0.0,514888
FF,4-Seam Fastball,FB,221,37.91,57,51,7,12.28,5,8.77,107,14,13.08,6.33,42,19.0,25.34,24.44,36.04,9.86,0.255,0.316,0.392,0.708,0.137,516782
CH,Changeup,OS,110,18.87,16,15,2,12.5,1,6.25,48,22,45.83,20.0,15,13.64,33.64,29.85,16.24,6.25,0.333,0.375,0.4,0.775,0.067,516782
SI,Sinker,FB,61,10.46,19,17,5,26.32,2,10.53,32,7,21.88,11.48,13,21.31,32.79,26.09,9.14,27.78,0.059,0.158,0.059,0.217,0.0,516782
FC,Cutter,FB,52,8.92,9,9,1,11.11,0,0.0,27,7,25.93,13.46,3,5.77,19.23,20.0,7.61,6.67,0.222,0.222,0.889,1.111,0.667,516782
SL,Slider,BR,49,8.4,17,15,5,29.41,1,5.88,25,8,32.0,16.33,9,18.37,34.69,41.67,8.63,29.41,0.4,0.471,0.4,0.871,0.0,516782
CU,Curveball,BR,45,7.72,16,14,4,25.0,1,6.25,24,6,25.0,13.33,8,17.78,31.11,39.13,10.15,20.0,0.429,0.5,0.643,1.143,0.214,516782
ST,Sweeper,BR,31,5.32,8,8,3,37.5,0,0.0,18,7,38.89,22.58,3,9.68,32.26,26.67,8.12,18.75,0.25,0.25,0.5,0.75,0.25,516782
FS,Split-Finger,OS,7,1.2,3,2,1,33.33,1,33.33,4,2,50.0,28.57,1,14.29,42.86,33.33,1.52,33.33,0.0,0.333,0.0,0.333,0.0,516782
KC,Knuckle Curve,BR,7,1.2,2,2,2,100.0,0,0.0,4,2,50.0,28.57,0,0.0,28.57,25.0,2.54,40.0,0.0,0.0,0.0,0.0,0.0,516782
FF,4-Seam Fastball,FB,48,28.74,17,15,5,29.41,1,5.88,30,7,23.33,14.58,4,8.33,22.92,45.83,38.3,27.78,0.2,0.294,0.267,0.5609999999999999,0.067,518595
CH,Changeup,OS,31,18.56,6,6,4,66.67,0,0.0,16,11,68.75,35.48,1,3.23,38.71,41.67,14.89,57.14,0.0,0.0,0.0,0.0,0.0,518595
SI,Sinker,FB,28,16.77,7,7,0,0.0,0,0.0,17,4,23.53,14.29,3,10.71,25.0,25.0,10.64,0.0,0.286,0.286,0.714,1.0,0.428,518595
SL,Slider,BR,21,12.57,8,8,2,25.0,0,0.0,12,6,50.0,28.57,2,9.52,38.1,30.0,8.51,50.0,0.125,0.125,0.25,0.375,0.125,518595
FC,Cutter,FB,14,8.38,3,2,2,66.67,1,33.33,8,5,62.5,35.71,1,7.14,42.86,42.86,6.38,66.67,0.0,0.333,0.0,0.333,0.0,518595
CU,Curveball,BR,13,7.78,2,2,2,100.0,0,0.0,5,3,60.0,23.08,4,30.77,53.85,25.0,8.51,50.0,0.0,0.0,0.0,0.0,0.0,518595
ST,Sweeper,BR,9,5.39,4,4,0,0.0,0,0.0,6,2,33.33,22.22,1,11.11,33.33,33.33,6.38,0.0,0.5,0.5,1.25,1.75,0.75,518595
KC,Knuckle Curve,BR,3,1.8,1,1,1,100.0,0,0.0,1,1,100.0,33.33,0,0.0,33.33,33.33,6.38,33.33,0.0,0.0,0.0,0.0,0.0,518595
FF,4-Seam Fastball,FB,178,27.34,46,42,10,21.74,4,8.7,99,28,28.28,15.73,25,14.04,29.78,19.35,27.51,19.23,0.357,0.413,0.69,1.103,0.3329999999999999,518692
SI,Sinker,FB,151,23.2,52,48,6,11.54,2,3.85,97,19,19.59,12.58,17,11.26,23.84,44.44,18.52,17.14,0.25,0.288,0.417,0.705,0.1669999999999999,518692
SL,Slider,BR,120,18.43,30,28,9,30.0,2,6.67,60,20,33.33,16.67,13,10.83,27.5,26.56,16.93,28.12,0.286,0.333,0.429,0.762,0.143,518692
ST,Sweeper,BR,76,11.67,21,19,7,33.33,2,9.52,35,14,40.0,18.42,7,9.21,27.63,22.73,12.17,30.43,0.263,0.333,0.421,0.754,0.1579999999999999,518692
CU,Curveball,BR,43,6.61,7,7,3,42.86,0,0.0,20,7,35.0,16.28,3,6.98,23.26,32.14,9.52,16.67,0.286,0.286,0.714,1.0,0.428,518692
CH,Changeup,OS,31,4.76,8,5,0,0.0,2,25.0,17,5,29.41,16.13,1,3.23,19.35,31.58,8.47,0.0,0.6,0.75,1.2,1.95,0.6,518692
FC,Cutter,FB,25,3.84,3,3,1,33.33,0,0.0,9,5,55.56,20.0,6,24.0,44.0,21.43,1.06,50.0,0.0,0.0,0.0,0.0,0.0,518692
KC,Knuckle Curve,BR,10,1.54,4,3,3,75.0,0,0.0,5,2,40.0,20.0,2,20.0,40.0,50.0,2.65,60.0,0.0,0.0,0.0,0.0,0.0,518692
SV,Slurve,BR,9,1.38,3,2,2,66.67,1,33.33,3,2,66.67,22.22,1,11.11,33.33,14.29,2.65,40.0,0.0,0.333,0.0,0.333,0.0,518692
FS,Split-Finger,OS,4,0.61,1,1,1,100.0,0,0.0,4,3,75.0,75.0,0,0.0,75.0,100.0,0.53,100.0,0.0,0.0,0.0,0.0,0.0,518692
,,,4,0.61,1,0,0,0.0,1,100.0,0,0,,0.0,0,0.0,0.0,,0.0,,,1.0,,,,518692
FF,4-Seam Fastball,FB,16,36.36,3,3,0,0.0,0,0.0,7,0,0.0,0.0,3,18.75,18.75,25.0,10.0,0.0,0.667,0.667,0.667,1.334,0.0,518792
ST,Sweeper,BR,12,27.27,6,5,2,33.33,1,16.67,7,2,28.57,16.67,2,16.67,33.33,55.56,50.0,40.0,0.0,0.167,0.0,0.167,0.0,518792
SI,Sinker,FB,8,18.18,3,3,0,0.0,0,0.0,4,0,0.0,0.0,2,25.0,25.0,33.33,20.0,0.0,0.667,0.667,0.667,1.334,0.0,518792
SL,Slider,BR,7,15.91,0,0,0,,0,,1,0,0.0,0.0,3,42.86,42.86,0.0,20.0,0.0,,,,,,518792
CH,Changeup,OS,1,2.27,0,0,0,,0,,0,0,,0.0,0,0.0,0.0,0.0,0.0,,,,,,,518792
FF,4-Seam Fastball,FB,60,29.27,19,15,6,31.58,3,15.79,19,3,15.79,5.0,16,26.67,31.67,3.57,25.93,42.86,0.4,0.5,0.4,0.9,0.0,518934
CH,Changeup,OS,45,21.95,7,7,2,28.57,0,0.0,16,5,31.25,11.11,8,17.78,28.89,21.43,22.22,16.67,0.0,0.0,0.0,0.0,0.0,518934
SI,Sinker,FB,37,18.05,8,5,2,25.0,2,25.0,11,2,18.18,5.41,12,32.43,37.84,6.67,18.52,20.0,0.0,0.286,0.0,0.286,0.0,518934
FC,Cutter,FB,27,13.17,7,7,1,14.29,0,0.0,12,1,8.33,3.7,3,11.11,14.81,25.0,11.11,16.67,0.286,0.286,0.286,0.572,0.0,518934
SL,Slider,BR,13,6.34,5,4,2,40.0,1,20.0,5,2,40.0,15.38,4,30.77,46.15,33.33,12.96,28.57,0.25,0.4,0.25,0.65,0.0,518934
CU,Curveball,BR,9,4.39,4,4,1,25.0,0,0.0,6,1,16.67,11.11,1,11.11,22.22,60.0,3.7,50.0,0.25,0.25,0.25,0.5,0.0,518934
ST,Sweeper,BR,7,3.41,0,0,0,,0,,1,0,0.0,0.0,3,42.86,42.86,25.0,3.7,0.0,,,,,,518934
KC,Knuckle Curve,BR,5,2.44,2,1,0,0.0,1,50.0,2,0,0.0,0.0,1,20.0,20.0,33.33,1.85,0.0,0.0,0.5,0.0,0.5,0.0,518934
FS,Split-Finger,OS,1,0.49,0,0,0,,0,,1,0,0.0,0.0,0,0.0,0.0,,0.0,,,,,,,518934
SV,Slurve,BR,1,0.49,1,1,0,0.0,0,0.0,1,0,0.0,0.0,0,0.0,0.0,,0.0,,0.0,0.0,0.0,0.0,0.0,518934
FF,4-Seam Fastball,FB,104,30.5,21,21,9,42.86,0,0.0,45,14,31.11,13.46,20,19.23,32.69,10.26,29.17,32.14,0.143,0.143,0.571,0.714,0.4279999999999999,519317
CH,Changeup,OS,63,18.48,13,12,3,23.08,1,7.69,28,11,39.29,17.46,8,12.7,30.16,39.02,19.79,15.79,0.25,0.308,0.5,0.808,0.25,519317
SI,Sinker,FB,40,11.73,8,4,2,25.0,4,50.0,7,2,28.57,5.0,13,32.5,37.5,12.0,8.33,25.0,0.25,0.625,0.25,0.875,0.0,519317
FC,Cutter,FB,37,10.85,8,6,1,12.5,2,25.0,13,4,30.77,10.81,9,24.32,35.14,12.5,6.25,16.67,0.5,0.625,0.667,1.292,0.167,519317
CU,Curveball,BR,33,9.68,12,11,4,33.33,1,8.33,17,5,29.41,15.15,3,9.09,24.24,31.58,18.75,22.22,0.364,0.417,0.545,0.962,0.181,519317
SL,Slider,BR,23,6.74,5,5,2,40.0,0,0.0,8,4,50.0,17.39,4,17.39,34.78,26.67,6.25,33.33,0.4,0.4,0.4,0.8,0.0,519317
ST,Sweeper,BR,21,6.16,4,3,2,50.0,1,25.0,11,4,36.36,19.05,4,19.05,38.1,42.86,7.29,28.57,0.0,0.25,0.0,0.25,0.0,519317
FS,Split-Finger,OS,9,2.64,2,2,1,50.0,0,0.0,4,3,75.0,33.33,0,0.0,33.33,44.44,3.12,33.33,0.5,0.5,2.0,2.5,1.5,519317
,,,6,1.76,3,0,0,0.0,3,100.0,0,0,,0.0,0,0.0,0.0,,0.0,,,1.0,,,,519317
KC,Knuckle Curve,BR,3,0.88,1,1,0,0.0,0,0.0,1,0,0.0,0.0,1,33.33,33.33,0.0,0.0,,1.0,1.0,1.0,2.0,0.0,519317
SV,Slurve,BR,2,0.59,1,0,0,0.0,1,100.0,1,1,100.0,50.0,0,0.0,50.0,50.0,1.04,0.0,,1.0,,,,519317
FF,4-Seam Fastball,FB,162,31.46,48,46,13,27.08,1,2.08,107,29,27.1,17.9,12,7.41,25.31,39.71,35.59,20.63,0.196,0.229,0.304,0.533,0.1079999999999999,521692
CH,Changeup,OS,103,20.0,29,29,1,3.45,0,0.0,64,13,20.31,12.62,11,10.68,23.3,61.11,16.38,3.45,0.138,0.138,0.207,0.345,0.0689999999999999,521692
SL,Slider,BR,63,12.23,14,14,5,35.71,0,0.0,44,15,34.09,23.81,6,9.52,33.33,57.14,18.08,15.62,0.071,0.071,0.143,0.2139999999999999,0.072,521692
SI,Sinker,FB,58,11.26,13,12,2,15.38,1,7.69,33,7,21.21,12.07,11,18.97,31.03,40.91,9.6,11.76,0.5,0.538,0.5,1.038,0.0,521692
FC,Cutter,FB,43,8.35,9,8,1,11.11,0,0.0,27,5,18.52,11.63,3,6.98,18.6,27.78,3.39,16.67,0.5,0.556,0.625,1.181,0.125,521692
CU,Curveball,BR,42,8.16,16,16,6,37.5,0,0.0,27,7,25.93,16.67,2,4.76,21.43,58.62,12.99,26.09,0.125,0.125,0.188,0.313,0.063,521692
ST,Sweeper,BR,17,3.3,6,6,1,16.67,0,0.0,14,3,21.43,17.65,1,5.88,23.53,75.0,3.39,16.67,0.333,0.333,0.833,1.166,0.4999999999999999,521692
,,,16,3.11,4,0,0,0.0,4,100.0,0,0,,0.0,0,0.0,0.0,,0.0,,,1.0,,,,521692
FS,Split-Finger,OS,8,1.55,4,4,0,0.0,0,0.0,5,0,0.0,0.0,0,0.0,0.0,0.0,0.56,0.0,0.0,0.0,0.0,0.0,0.0,521692
KC,Knuckle Curve,BR,2,0.39,1,1,0,0.0,0,0.0,2,1,50.0,50.0,0,0.0,50.0,100.0,0.0,,1.0,1.0,1.0,2.0,0.0,521692
SV,Slurve,BR,1,0.19,0,0,0,,0,,1,0,0.0,0.0,0,0.0,0.0,,0.0,,,,,,,521692
FF,4-Seam Fastball,FB,194,32.01,52,48,3,5.77,4,7.69,100,5,5.0,2.58,41,21.13,23.71,29.27,26.78,6.12,0.333,0.385,0.667,1.052,0.334,527038
CH,Changeup,OS,122,20.13,26,24,5,19.23,1,3.85,57,19,33.33,15.57,13,10.66,26.23,26.39,22.4,12.2,0.167,0.192,0.292,0.484,0.1249999999999999,527038
SL,Slider,BR,75,12.38,24,24,9,37.5,0,0.0,39,14,35.9,18.67,14,18.67,37.33,36.84,18.58,26.47,0.042,0.042,0.042,0.084,0.0,527038
SI,Sinker,FB,63,10.4,14,14,0,0.0,0,0.0,28,3,10.71,4.76,17,26.98,31.75,13.04,7.1,0.0,0.429,0.429,0.5,0.929,0.071,527038
ST,Sweeper,BR,51,8.42,15,14,4,26.67,0,0.0,24,8,33.33,15.69,10,19.61,35.29,32.14,9.29,23.53,0.286,0.333,0.357,0.69,0.071,527038
FC,Cutter,FB,48,7.92,11,9,4,36.36,2,18.18,22,8,36.36,16.67,10,20.83,37.5,24.0,6.01,27.27,0.0,0.182,0.0,0.182,0.0,527038
CU,Curveball,BR,33,5.45,6,5,3,50.0,1,16.67,9,3,33.33,9.09,9,27.27,36.36,22.22,4.92,33.33,0.2,0.333,0.2,0.533,0.0,527038
KC,Knuckle Curve,BR,10,1.65,2,1,0,0.0,1,50.0,4,1,25.0,10.0,0,0.0,10.0,25.0,2.19,0.0,1.0,1.0,1.0,2.0,0.0,527038
FS,Split-Finger,OS,7,1.16,1,1,1,100.0,0,0.0,2,1,50.0,14.29,0,0.0,14.29,0.0,1.09,50.0,0.0,0.0,0.0,0.0,0.0,527038
EP,Eephus,,1,0.17,0,0,0,,0,,0,0,,0.0,0,0.0,0.0,0.0,0.55,0.0,,,,,,527038
SV,Slurve,BR,1,0.17,0,0,0,,0,,1,0,0.0,0.0,0,0.0,0.0,,0.55,0.0,,,,,,527038
,,,1,0.17,0,0,0,,0,,0,0,,0.0,0,0.0,0.0,,0.55,0.0,,,,,,527038
FF,4-Seam Fastball,FB,213,33.28,36,27,5,13.89,8,22.22,81,11,13.58,5.16,52,24.41,29.58,14.12,31.31,7.46,0.37,0.5,0.556,1.056,0.186,542303
CH,Changeup,OS,132,20.62,36,31,6,16.67,5,13.89,50,14,28.0,10.61,18,13.64,24.24,27.47,20.56,13.64,0.129,0.25,0.161,0.411,0.032,542303
SI,Sinker,FB,70,10.94,13,7,2,15.38,6,46.15,21,2,9.52,2.86,14,20.0,22.86,11.36,7.94,11.76,0.429,0.692,0.429,1.121,0.0,542303
SL,Slider,BR,69,10.78,16,13,2,12.5,2,12.5,32,8,25.0,11.59,9,13.04,24.64,30.95,13.55,6.9,0.077,0.188,0.154,0.3419999999999999,0.077,542303
CU,Curveball,BR,47,7.34,17,11,6,35.29,6,35.29,18,5,27.78,10.64,8,17.02,27.66,25.0,10.28,27.27,0.182,0.471,0.545,1.016,0.363,542303
FC,Cutter,FB,40,6.25,8,8,5,62.5,0,0.0,17,5,29.41,12.5,13,32.5,45.0,10.0,4.67,50.0,0.125,0.125,0.5,0.625,0.375,542303
FS,Split-Finger,OS,27,4.22,5,5,2,40.0,0,0.0,13,6,46.15,22.22,3,11.11,33.33,33.33,6.54,14.29,0.2,0.2,0.2,0.4,0.0,542303
ST,Sweeper,BR,27,4.22,7,6,4,57.14,1,14.29,7,1,14.29,3.7,7,25.93,29.63,12.5,3.74,50.0,0.333,0.429,0.333,0.762,0.0,542303
,,,7,1.09,2,0,0,0.0,2,100.0,0,0,,0.0,0,0.0,0.0,,0.0,,,1.0,,,,542303
KC,Knuckle Curve,BR,4,0.62,0,0,0,,0,,2,0,0.0,0.0,0,0.0,0.0,0.0,0.93,0.0,,,,,,542303
SV,Slurve,BR,4,0.62,1,1,1,100.0,0,0.0,0,0,,0.0,2,50.0,50.0,0.0,0.47,100.0,0.0,0.0,0.0,0.0,0.0,542303
FF,4-Seam Fastball,FB,37,32.46,12,12,0,0.0,0,0.0,22,1,4.55,2.7,5,13.51,16.22,18.18,33.33,0.0,0.417,0.417,0.417,0.834,0.0,542932
SI,Sinker,FB,21,18.42,6,6,1,16.67,0,0.0,12,2,16.67,9.52,5,23.81,33.33,40.0,14.81,25.0,0.167,0.167,0.167,0.334,0.0,542932
CH,Changeup,OS,14,12.28,6,6,0,0.0,0,0.0,7,0,0.0,0.0,1,7.14,7.14,40.0,18.52,0.0,0.0,0.0,0.0,0.0,0.0,542932
FC,Cutter,FB,12,10.53,3,2,1,33.33,1,33.33,6,3,50.0,25.0,0,0.0,25.0,37.5,11.11,33.33,0.0,0.333,0.0,0.333,0.0,542932
SL,Slider,BR,9,7.89,1,1,0,0.0,0,0.0,3,1,33.33,11.11,1,11.11,22.22,0.0,3.7,0.0,0.0,0.0,0.0,0.0,0.0,542932
CU,Curveball,BR,8,7.02,1,1,0,0.0,0,0.0,1,0,0.0,0.0,2,25.0,25.0,14.29,7.41,0.0,0.0,0.0,0.0,0.0,0.0,542932
ST,Sweeper,BR,5,4.39,0,0,0,,0,,0,0,,0.0,2,40.0,40.0,0.0,3.7,0.0,,,,,,542932
KC,Knuckle Curve,BR,4,3.51,0,0,0,,0,,1,1,100.0,25.0,0,0.0,25.0,25.0,0.0,,,,,,,542932
FS,Split-Finger,OS,3,2.63,1,1,1,100.0,0,0.0,1,1,100.0,33.33,0,0.0,33.33,33.33,7.41,50.0,0.0,0.0,0.0,0.0,0.0,542932
CS,Slow Curve,BR,1,0.88,0,0,0,,0,,0,0,,0.0,0,0.0,0.0,,0.0,,,,,,,542932
FF,4-Seam Fastball,FB,6,31.58,3,3,0,0.0,0,0.0,5,0,0.0,0.0,0,0.0,0.0,0.0,33.33,0.0,0.667,0.667,0.667,1.334,0.0,542963
SL,Slider,BR,5,26.32,1,1,0,0.0,0,0.0,4,3,75.0,60.0,0,0.0,60.0,50.0,33.33,0.0,0.0,0.0,0.0,0.0,0.0,542963
SI,Sinker,FB,4,21.05,0,0,0,,0,,2,2,100.0,50.0,0,0.0,50.0,33.33,0.0,,,,,,,542963
ST,Sweeper,BR,3,15.79,2,2,1,50.0,0,0.0,3,2,66.67,66.67,0,0.0,66.67,100.0,33.33,100.0,0.0,0.0,0.0,0.0,0.0,542963
CH,Changeup,OS,1,5.26,1,1,0,0.0,0,0.0,1,0,0.0,0.0,0,0.0,0.0,,0.0,,1.0,1.0,1.0,2.0,0.0,542963
FF,4-Seam Fastball,FB,142,32.05,41,39,9,21.95,1,2.44,73,5,6.85,3.52,29,20.42,23.94,27.27,34.56,19.15,0.308,0.317,0.385,0.702,0.077,543309
CH,Changeup,OS,83,18.74,25,22,6,24.0,2,8.0,50,16,32.0,19.28,6,7.23,26.51,41.3,26.47,13.89,0.091,0.167,0.136,0.303,0.045,543309
SI,Sinker,FB,57,12.87,18,17,1,5.56,1,5.56,23,1,4.35,1.75,15,26.32,28.07,30.77,5.15,14.29,0.235,0.278,0.529,0.807,0.294,543309
CU,Curveball,BR,43,9.71,4,4,2,50.0,0,0.0,12,3,25.0,6.98,8,18.6,25.58,22.58,10.29,14.29,0.25,0.25,1.0,1.25,0.75,543309
SL,Slider,BR,41,9.26,9,9,3,33.33,0,0.0,18,6,33.33,14.63,6,14.63,29.27,26.09,11.03,20.0,0.444,0.444,0.778,1.222,0.334,543309
ST,Sweeper,BR,25,5.64,4,3,2,50.0,0,0.0,7,2,28.57,8.0,7,28.0,36.0,23.08,4.41,33.33,0.0,0.25,0.0,0.25,0.0,543309
FC,Cutter,FB,24,5.42,4,4,0,0.0,0,0.0,15,3,20.0,12.5,4,16.67,29.17,50.0,1.47,0.0,0.25,0.25,0.25,0.5,0.0,543309
FS,Split-Finger,OS,17,3.84,4,4,0,0.0,0,0.0,9,3,33.33,17.65,2,11.76,29.41,33.33,5.15,0.0,0.25,0.25,0.5,0.75,0.25,543309
KC,Knuckle Curve,BR,9,2.03,1,1,0,0.0,0,0.0,2,0,0.0,0.0,1,11.11,11.11,0.0,0.0,,0.0,0.0,0.0,0.0,0.0,543309
SV,Slurve,BR,2,0.45,1,1,0,0.0,0,0.0,1,0,0.0,0.0,0,0.0,0.0,0.0,1.47,0.0,1.0,1.0,1.0,2.0,0.0,543309
FF,4-Seam Fastball,FB,62,32.8,15,14,4,26.67,0,0.0,22,6,27.27,9.68,13,20.97,30.65,16.67,36.0,22.22,0.357,0.4,0.429,0.829,0.072,543510
SL,Slider,BR,25,13.23,10,7,2,20.0,1,10.0,15,6,40.0,24.0,3,12.0,36.0,46.15,12.0,33.33,0.143,0.333,0.286,0.619,0.143,543510
SI,Sinker,FB,23,12.17,6,4,1,16.67,2,33.33,11,3,27.27,13.04,2,8.7,21.74,23.08,14.0,14.29,0.5,0.667,0.75,1.417,0.25,543510
CU,Curveball,BR,19,10.05,5,5,1,20.0,0,0.0,10,1,10.0,5.26,5,26.32,31.58,50.0,8.0,25.0,0.4,0.4,1.0,1.4,0.6,543510
CH,Changeup,OS,16,8.47,3,2,0,0.0,1,33.33,6,1,16.67,6.25,2,12.5,18.75,27.27,8.0,0.0,0.5,0.667,0.5,1.167,0.0,543510
FC,Cutter,FB,16,8.47,4,4,0,0.0,0,0.0,11,1,9.09,6.25,3,18.75,25.0,60.0,6.0,0.0,0.0,0.0,0.0,0.0,0.0,543510
ST,Sweeper,BR,12,6.35,2,2,1,50.0,0,0.0,4,1,25.0,8.33,3,25.0,33.33,16.67,10.0,20.0,0.5,0.5,0.5,1.0,0.0,543510
KC,Knuckle Curve,BR,10,5.29,2,2,0,0.0,0,0.0,5,1,20.0,10.0,3,30.0,40.0,40.0,4.0,0.0,0.0,0.0,0.0,0.0,0.0,543510
SV,Slurve,BR,3,1.59,1,1,0,0.0,0,0.0,2,1,50.0,33.33,0,0.0,33.33,50.0,0.0,,0.0,0.0,0.0,0.0,0.0,543510
FS,Split-Finger,OS,2,1.06,2,2,1,50.0,0,0.0,2,1,50.0,50.0,0,0.0,50.0,100.0,2.0,100.0,0.0,0.0,0.0,0.0,0.0,543510
,,,1,0.53,0,0,0,,0,,0,0,,0.0,0,0.0,0.0,,0.0,,,,,,,543510
FF,4-Seam Fastball,FB,8,34.78,3,3,0,0.0,0,0.0,5,0,0.0,0.0,1,12.5,12.5,50.0,66.67,0.0,0.0,0.0,0.0,0.0,0.0,543592
FC,Cutter,FB,6,26.09,2,0,0,0.0,1,50.0,2,0,0.0,0.0,0,0.0,0.0,20.0,11.11,0.0,,1.0,,,,543592
CU,Curveball,BR,4,17.39,0,0,0,,0,,2,0,0.0,0.0,1,25.0,25.0,50.0,11.11,0.0,,,,,,543592
ST,Sweeper,BR,2,8.7,0,0,0,,0,,1,0,0.0,0.0,0,0.0,0.0,0.0,0.0,,,,,,,543592
CH,Changeup,OS,1,4.35,0,0,0,,0,,0,0,,0.0,0,0.0,0.0,0.0,0.0,,,,,,,543592
FS,Split-Finger,OS,1,4.35,0,0,0,,0,,0,0,,0.0,0,0.0,0.0,0.0,11.11,0.0,,,,,,543592
SI,Sinker,FB,1,4.35,1,1,0,0.0,0,0.0,1,0,0.0,0.0,0,0.0,0.0,,0.0,,0.0,0.0,0.0,0.0,0.0,543592
FF,4-Seam Fastball,FB,163,28.25,50,46,9,18.0,4,8.0,86,17,19.77,10.43,15,9.2,19.63,20.78,35.71,15.0,0.261,0.32,0.478,0.798,0.2169999999999999,543760
CH,Changeup,OS,110,19.06,22,20,5,22.73,2,9.09,50,15,30.0,13.64,8,7.27,20.91,27.78,19.05,15.62,0.25,0.318,0.25,0.5680000000000001,0.0,543760
SL,Slider,BR,87,15.08,23,16,4,17.39,4,17.39,42,20,47.62,22.99,10,11.49,34.48,26.53,13.1,18.18,0.188,0.304,0.188,0.492,0.0,543760
SI,Sinker,FB,75,13.0,17,13,4,23.53,4,23.53,23,4,17.39,5.33,19,25.33,30.67,11.36,6.55,36.36,0.308,0.471,0.308,0.7789999999999999,0.0,543760
FC,Cutter,FB,46,7.97,12,12,1,8.33,0,0.0,28,8,28.57,17.39,7,15.22,32.61,38.89,8.33,7.14,0.167,0.167,0.25,0.417,0.0829999999999999,543760
CU,Curveball,BR,45,7.8,8,7,0,0.0,1,12.5,17,1,5.88,2.22,7,15.56,17.78,12.5,6.55,0.0,0.286,0.375,0.286,0.661,0.0,543760
ST,Sweeper,BR,30,5.2,7,6,1,14.29,1,14.29,9,0,0.0,0.0,6,20.0,20.0,5.88,5.95,10.0,0.167,0.286,0.167,0.4529999999999999,0.0,543760
FS,Split-Finger,OS,9,1.56,1,1,0,0.0,0,0.0,3,1,33.33,11.11,2,22.22,33.33,20.0,1.19,0.0,0.0,0.0,0.0,0.0,0.0,543760
KC,Knuckle Curve,BR,7,1.21,2,1,1,50.0,1,50.0,4,3,75.0,42.86,0,0.0,42.86,50.0,1.79,33.33,0.0,0.5,0.0,0.5,0.0,543760
SV,Slurve,BR,5,0.87,2,2,1,50.0,0,0.0,3,1,33.33,20.0,0,0.0,20.0,50.0,1.79,33.33,0.0,0.0,0.0,0.0,0.0,543760
FF,4-Seam Fastball,FB,164,27.94,39,33,7,17.95,5,12.82,79,16,20.25,9.76,19,11.59,21.34,12.33,31.43,12.73,0.273,0.368,0.515,0.883,0.242,543807
CH,Changeup,OS,119,20.27,27,20,5,18.52,4,14.81,49,13,26.53,10.92,17,14.29,25.21,29.33,20.0,14.29,0.25,0.333,0.55,0.883,0.3,543807
FC,Cutter,FB,85,14.48,25,23,5,20.0,2,8.0,48,12,25.0,14.12,14,16.47,30.59,39.39,10.29,27.78,0.304,0.36,0.478,0.838,0.174,543807
SI,Sinker,FB,77,13.12,20,15,2,10.0,5,25.0,34,5,14.71,6.49,13,16.88,23.38,6.06,10.86,10.53,0.267,0.45,0.267,0.7170000000000001,0.0,543807
SL,Slider,BR,65,11.07,15,14,7,46.67,1,6.67,28,12,42.86,18.46,13,20.0,38.46,14.29,12.57,31.82,0.214,0.267,0.429,0.696,0.215,543807
ST,Sweeper,BR,34,5.79,10,8,3,30.0,1,10.0,16,7,43.75,20.59,8,23.53,44.12,26.67,7.43,23.08,0.125,0.222,0.5,0.722,0.375,543807
CU,Curveball,BR,32,5.45,9,7,0,0.0,2,22.22,12,2,16.67,6.25,3,9.38,15.62,10.53,5.14,0.0,0.286,0.444,0.714,1.158,0.428,543807
SV,Slurve,BR,4,0.68,2,2,2,100.0,0,0.0,2,2,100.0,50.0,1,25.0,75.0,0.0,1.71,66.67,0.0,0.0,0.0,0.0,0.0,543807
FS,Split-Finger,OS,3,0.51,0,0,0,,0,,0,0,,0.0,0,0.0,0.0,0.0,0.57,0.0,,,,,,543807
,,,2,0.34,1,0,0,0.0,1,100.0,0,0,,0.0,0,0.0,0.0,,0.0,,,1.0,,,,543807
EP,Eephus,,1,0.17,1,0,0,0.0,0,0.0,0,0,,0.0,0,0.0,0.0,0.0,0.0,,,1.0,,,,543807
KC,Knuckle Curve,BR,1,0.17,0,0,0,,0,,1,0,0.0,0.0,0,0.0,0.0,,0.0,,,,,,,543807
FF,4-Seam Fastball,FB,99,39.44,24,19,3,12.5,3,12.5,47,9,19.15,9.09,17,17.17,26.26,27.66,34.38,13.64,0.105,0.261,0.105,0.366,0.0,543877
CH,Changeup,OS,44,17.53,14,12,3,21.43,1,7.14,16,5,31.25,11.36,6,13.64,25.0,24.14,18.75,25.0,0.083,0.154,0.167,0.321,0.084,543877
SI,Sinker,FB,33,13.15,4,2,0,0.0,2,50.0,11,2,18.18,6.06,7,21.21,27.27,21.05,4.69,0.0,0.0,0.5,0.0,0.5,0.0,543877
FC,Cutter,FB,26,10.36,7,5,1,14.29,2,28.57,8,1,12.5,3.85,9,34.62,38.46,10.0,3.12,50.0,0.2,0.429,0.2,0.629,0.0,543877
SL,Slider,BR,19,7.57,5,5,2,40.0,0,0.0,8,0,0.0,0.0,3,15.79,15.79,20.0,17.19,18.18,0.0,0.0,0.0,0.0,0.0,543877
CU,Curveball,BR,9,3.59,3,3,2,66.67,0,0.0,4,1,25.0,11.11,2,22.22,33.33,33.33,9.38,33.33,0.333,0.333,0.333,0.666,0.0,543877
ST,Sweeper,BR,7,2.79,2,2,1,50.0,0,0.0,2,1,50.0,14.29,0,0.0,14.29,28.57,4.69,33.33,0.0,0.0,0.0,0.0,0.0,543877
FS,Split-Finger,OS,7,2.79,2,2,0,0.0,0,0.0,3,0,0.0,0.0,1,14.29,14.29,20.0,4.69,0.0,0.0,0.0,0.0,0.0,0.0,543877
FA,Other,,3,1.2,0,0,0,,0,,1,0,0.0,0.0,1,33.33,33.33,0.0,0.0,,,,,,,543877
EP,Eephus,,2,0.8,1,1,0,0.0,0,0.0,1,0,0.0,0.0,0,0.0,0.0,0.0,3.12,0.0,1.0,1.0,1.0,2.0,0.0,543877
KC,Knuckle Curve,BR,1,0.4,0,0,0,,0,,0,0,,0.0,0,0.0,0.0,0.0,0.0,,,,,,,543877
,,,1,0.4,0,0,0,,0,,0,0,,0.0,0,0.0,0.0,,0.0,,,,,,,543877
FF,4-Seam Fastball,FB,51,27.87,16,16,1,6.25,0,0.0,25,1,4.0,1.96,15,29.41,31.37,44.44,30.61,6.67,0.25,0.25,0.438,0.688,0.188,545121
SL,Slider,BR,38,20.77,10,9,1,10.0,0,0.0,22,6,27.27,15.79,4,10.53,26.32,43.48,26.53,7.69,0.222,0.3,0.222,0.522,0.0,545121
CH,Changeup,OS,30,16.39,7,7,1,14.29,0,0.0,18,5,27.78,16.67,3,10.0,26.67,25.0,12.24,16.67,0.286,0.286,0.286,0.572,0.0,545121
SI,Sinker,FB,26,14.21,9,8,0,0.0,1,11.11,12,0,0.0,0.0,5,19.23,19.23,33.33,8.16,0.0,0.375,0.444,0.375,0.819,0.0,545121
CU,Curveball,BR,14,7.65,3,3,1,33.33,0,0.0,5,2,40.0,14.29,1,7.14,21.43,12.5,6.12,33.33,0.0,0.0,0.0,0.0,0.0,545121
FC,Cutter,FB,11,6.01,3,3,0,0.0,0,0.0,6,1,16.67,9.09,2,18.18,27.27,33.33,2.04,0.0,0.333,0.333,0.333,0.666,0.0,545121
ST,Sweeper,BR,6,3.28,2,2,1,50.0,0,0.0,3,2,66.67,33.33,2,33.33,66.67,33.33,6.12,33.33,0.0,0.0,0.0,0.0,0.0,545121
FS,Split-Finger,OS,5,2.73,2,2,1,50.0,0,0.0,3,1,33.33,20.0,0,0.0,20.0,33.33,8.16,25.0,0.5,0.5,2.0,2.5,1.5,545121
KC,Knuckle Curve,BR,2,1.09,0,0,0,,0,,0,0,,0.0,0,0.0,0.0,0.0,0.0,,,,,,,545121
FF,4-Seam Fastball,FB,215,32.48,59,54,12,20.34,5,8.47,113,19,16.81,8.84,29,13.49,22.33,24.73,31.15,21.05,0.222,0.288,0.407,0.695,0.1849999999999999,545341
SL,Slider,BR,134,20.24,39,38,10,25.64,1,2.56,77,19,24.68,14.18,19,14.18,28.36,45.31,26.23,20.83,0.158,0.179,0.553,0.732,0.395,545341
CH,Changeup,OS,101,15.26,31,30,10,32.26,1,3.23,54,18,33.33,17.82,8,7.92,25.74,36.07,17.49,31.25,0.2,0.226,0.333,0.559,0.133,545341
SI,Sinker,FB,60,9.06,19,16,2,10.53,3,15.79,23,1,4.35,1.67,15,25.0,26.67,20.69,6.01,18.18,0.375,0.474,0.688,1.162,0.3129999999999999,545341
CU,Curveball,BR,53,8.01,9,9,4,44.44,0,0.0,19,4,21.05,7.55,14,26.42,33.96,30.0,6.56,33.33,0.333,0.333,0.333,0.666,0.0,545341
ST,Sweeper,BR,38,5.74,7,7,3,42.86,0,0.0,15,5,33.33,13.16,17,44.74,57.89,57.14,4.92,33.33,0.143,0.143,0.143,0.286,0.0,545341
FC,Cutter,FB,36,5.44,13,13,1,7.69,0,0.0,22,2,9.09,5.56,3,8.33,13.89,26.67,3.28,16.67,0.308,0.308,0.385,0.6930000000000001,0.077,545341
KC,Knuckle Curve,BR,10,1.51,2,2,1,50.0,0,0.0,4,3,75.0,30.0,2,20.0,50.0,33.33,1.64,33.33,0.0,0.0,0.0,0.0,0.0,545341
,,,6,0.91,1,0,0,0.0,1,100.0,0,0,,0.0,0,0.0,0.0,,0.0,,,1.0,,,,545341
FS,Split-Finger,OS,6,0.91,3,3,1,33.33,0,0.0,4,1,25.0,16.67,0,0.0,16.67,50.0,2.73,20.0,0.333,0.333,0.333,0.666,0.0,545341
SV,Slurve,BR,2,0.3,0,0,0,,0,,1,1,100.0,50.0,0,0.0,50.0,0.0,0.0,,,,,,,545341
CS,Slow Curve,BR,1,0.15,0,0,0,,0,,0,0,,0.0,0,0.0,0.0,0.0,0.0,,,,,,,545341
FF,4-Seam Fastball,FB,203,42.2,38,32,14,36.84,5,13.16,83,19,22.89,9.36,35,17.24,26.6,12.79,43.79,20.9,0.281,0.368,0.562,0.93,0.281,545361
FC,Cutter,FB,76,15.8,14,12,7,50.0,2,14.29,27,10,37.04,13.16,22,28.95,42.11,20.59,14.38,31.82,0.167,0.286,0.25,0.536,0.0829999999999999,545361
CH,Changeup,OS,56,11.64,14,12,7,50.0,1,7.14,23,12,52.17,21.43,5,8.93,30.36,40.43,14.38,31.82,0.0,0.077,0.0,0.077,0.0,545361
SL,Slider,BR,53,11.02,14,13,5,35.71,1,7.14,19,8,42.11,15.09,11,20.75,35.85,26.67,9.15,35.71,0.154,0.214,0.231,0.445,0.077,545361
SI,Sinker,FB,37,7.69,11,10,3,27.27,1,9.09,12,1,8.33,2.7,11,29.73,32.43,26.67,8.5,23.08,0.3,0.364,0.3,0.6639999999999999,0.0,545361
ST,Sweeper,BR,24,4.99,6,6,2,33.33,0,0.0,8,4,50.0,16.67,6,25.0,41.67,40.0,3.92,33.33,0.5,0.5,0.667,1.167,0.167,545361
CU,Curveball,BR,15,3.12,3,3,1,33.33,0,0.0,4,1,25.0,6.67,4,26.67,33.33,14.29,3.27,20.0,0.0,0.0,0.0,0.0,0.0,545361
,,,6,1.25,2,0,0,0.0,2,100.0,0,0,,0.0,0,0.0,0.0,,0.0,,,1.0,,,,545361
SV,Slurve,BR,4,0.83,1,1,0,0.0,0,0.0,1,0,0.0,0.0,1,25.0,25.0,0.0,0.65,0.0,0.0,0.0,0.0,0.0,0.0,545361
FS,Split-Finger,OS,4,0.83,1,0,0,0.0,1,100.0,1,0,0.0,0.0,0,0.0,0.0,25.0,1.96,0.0,,1.0,,,,545361
KC,Knuckle Curve,BR,2,0.42,1,1,0,0.0,0,0.0,1,0,0.0,0.0,0,0.0,0.0,50.0,0.0,,1.0,1.0,2.0,3.0,1.0,545361
CS,Slow Curve,BR,1,0.21,0,0,0,,0,,0,0,,0.0,0,0.0,0.0,0.0,0.0,,,,,,,545361
SL,Slider,BR,213,25.0,58,54,12,20.69,4,6.9,124,46,37.1,21.6,13,6.1,27.7,40.62,25.7,16.44,0.222,0.276,0.407,0.683,0.1849999999999999,547180
FF,4-Seam Fastball,FB,201,23.59,42,36,12,28.57,5,11.9,107,30,28.04,14.93,18,8.96,23.88,25.49,24.65,17.14,0.361,0.452,0.833,1.285,0.472,547180
SI,Sinker,FB,145,17.02,45,39,4,8.89,6,13.33,83,15,18.07,10.34,22,15.17,25.52,37.29,11.27,12.5,0.205,0.311,0.256,0.567,0.051,547180
ST,Sweeper,BR,129,15.14,33,31,8,24.24,2,6.06,76,32,42.11,24.81,6,4.65,29.46,42.5,17.25,16.33,0.323,0.364,0.548,0.912,0.225,547180
CU,Curveball,BR,71,8.33,23,22,9,39.13,1,4.35,48,22,45.83,30.99,3,4.23,35.21,58.7,9.51,33.33,0.227,0.261,0.273,0.534,0.046,547180
FC,Cutter,FB,39,4.58,13,12,0,0.0,1,7.69,28,7,25.0,17.95,1,2.56,20.51,50.0,3.52,0.0,0.333,0.385,0.667,1.052,0.334,547180
CH,Changeup,OS,30,3.52,10,10,3,30.0,0,0.0,20,7,35.0,23.33,1,3.33,26.67,47.37,5.99,17.65,0.5,0.5,0.7,1.2,0.1999999999999999,547180
KC,Knuckle Curve,BR,12,1.41,3,3,1,33.33,0,0.0,7,4,57.14,33.33,0,0.0,33.33,37.5,1.06,33.33,0.0,0.0,0.0,0.0,0.0,547180
SV,Slurve,BR,8,0.94,1,1,1,100.0,0,0.0,5,5,100.0,62.5,0,0.0,62.5,57.14,0.7,50.0,0.0,0.0,0.0,0.0,0.0,547180
FS,Split-Finger,OS,2,0.23,0,0,0,,0,,1,0,0.0,0.0,0,0.0,0.0,0.0,0.35,0.0,,,,,,547180
KN,Knuckleball,,1,0.12,1,1,0,0.0,0,0.0,1,0,0.0,0.0,0,0.0,0.0,,0.0,,0.0,0.0,0.0,0.0,0.0,547180
,,,1,0.12,0,0,0,,0,,0,0,,0.0,0,0.0,0.0,,0.0,,,,,,,547180
FF,4-Seam Fastball,FB,123,37.96,35,31,6,17.14,3,8.57,68,22,32.35,17.89,13,10.57,28.46,26.67,36.45,15.38,0.226,0.294,0.419,0.713,0.1929999999999999,553869
CH,Changeup,OS,54,16.67,16,15,6,37.5,1,6.25,33,14,42.42,25.93,4,7.41,33.33,48.57,19.63,28.57,0.133,0.188,0.333,0.521,0.2,553869
CU,Curveball,BR,38,11.73,2,2,0,0.0,0,0.0,12,3,25.0,7.89,9,23.68,31.58,10.53,6.54,0.0,0.5,0.5,0.5,1.0,0.0,553869
SI,Sinker,FB,38,11.73,12,11,3,25.0,1,8.33,25,9,36.0,23.68,6,15.79,39.47,36.36,10.28,27.27,0.273,0.333,0.273,0.6060000000000001,0.0,553869
SL,Slider,BR,35,10.8,11,11,2,18.18,0,0.0,23,3,13.04,8.57,7,20.0,28.57,56.25,14.02,13.33,0.091,0.091,0.091,0.182,0.0,553869
ST,Sweeper,BR,11,3.4,4,3,0,0.0,0,0.0,7,1,14.29,9.09,2,18.18,27.27,0.0,3.74,0.0,0.0,0.0,0.0,0.0,0.0,553869
FC,Cutter,FB,11,3.4,3,3,0,0.0,0,0.0,8,0,0.0,0.0,0,0.0,0.0,40.0,2.8,0.0,0.0,0.0,0.0,0.0,0.0,553869
KC,Knuckle Curve,BR,6,1.85,0,0,0,,0,,4,1,25.0,16.67,0,0.0,16.67,60.0,3.74,0.0,,,,,,553869
FS,Split-Finger,OS,4,1.23,1,1,1,100.0,0,0.0,3,2,66.67,50.0,0,0.0,50.0,66.67,1.87,50.0,0.0,0.0,0.0,0.0,0.0,553869
CS,Slow Curve,BR,2,0.62,1,1,0,0.0,0,0.0,1,0,0.0,0.0,0,0.0,0.0,0.0,0.93,0.0,1.0,1.0,1.0,2.0,0.0,553869
SV,Slurve,BR,2,0.62,1,1,0,0.0,0,0.0,1,0,0.0,0.0,0,0.0,0.0,0.0,0.0,,1.0,1.0,1.0,2.0,0.0,553869
FF,4-Seam Fastball,FB,4,33.33,1,1,0,0.0,0,0.0,2,0,0.0,0.0,0,0.0,0.0,0.0,0.0,,0.0,0.0,0.0,0.0,0.0,553882
SI,Sinker,FB,4,33.33,1,1,0,0.0,0,0.0,2,0,0.0,0.0,1,25.0,25.0,0.0,0.0,,0.0,0.0,0.0,0.0,0.0,553882
FC,Cutter,FB,3,25.0,0,0,0,,0,,0,0,,0.0,1,33.33,33.33,0.0,0.0,,,,,,,553882
SV,Slurve,BR,1,8.33,1,1,1,100.0,0,0.0,0,0,,0.0,1,100.0,100.0,,100.0,100.0,0.0,0.0,0.0,0.0,0.0,553882
FF,4-Seam Fastball,FB,295,38.31,64,50,17,26.56,11,17.19,127,46,36.22,15.59,50,16.95,32.54,13.6,35.5,18.28,0.16,0.317,0.38,0.6970000000000001,0.22,553993
SL,Slider,BR,130,16.88,34,31,16,47.06,1,2.94,77,32,41.56,24.62,12,9.23,33.85,43.84,20.99,29.09,0.129,0.152,0.387,0.539,0.258,553993
CH,Changeup,OS,94,12.21,28,27,8,28.57,1,3.57,47,17,36.17,18.09,8,8.51,26.6,38.81,12.21,25.0,0.185,0.214,0.556,0.77,0.371,553993
SI,Sinker,FB,69,8.96,19,16,5,26.32,3,15.79,30,8,26.67,11.59,14,20.29,31.88,28.12,8.02,23.81,0.25,0.368,0.5,0.868,0.25,553993
ST,Sweeper,BR,56,7.27,14,12,7,50.0,0,0.0,25,10,40.0,17.86,18,32.14,50.0,33.33,7.25,36.84,0.167,0.214,0.5,0.714,0.3329999999999999,553993
CU,Curveball,BR,51,6.62,9,9,4,44.44,0,0.0,26,13,50.0,25.49,8,15.69,41.18,37.04,9.54,16.0,0.0,0.0,0.0,0.0,0.0,553993
FC,Cutter,FB,35,4.55,9,7,0,0.0,2,22.22,20,7,35.0,20.0,3,8.57,28.57,35.29,3.05,0.0,0.143,0.333,0.571,0.904,0.4279999999999999,553993
FS,Split-Finger,OS,19,2.47,6,5,0,0.0,1,16.67,11,3,27.27,15.79,1,5.26,21.05,36.36,3.05,0.0,0.2,0.333,0.8,1.133,0.6000000000000001,553993
KC,Knuckle Curve,BR,14,1.82,1,1,0,0.0,0,0.0,4,2,50.0,14.29,3,21.43,35.71,20.0,0.0,,1.0,1.0,4.0,5.0,3.0,553993
,,,6,0.78,1,0,0,0.0,1,100.0,0,0,,0.0,0,0.0,0.0,,0.38,0.0,,1.0,,,,553993
SV,Slurve,BR,1,0.13,1,1,0,0.0,0,0.0,1,0,0.0,0.0,0,0.0,0.0,,0.0,,0.0,0.0,0.0,0.0,0.0,553993
FF,4-Seam Fastball,FB,64,37.21,15,12,5,33.33,2,13.33,33,16,48.48,25.0,9,14.06,39.06,25.81,33.33,27.78,0.083,0.2,0.167,0.367,0.084,570482
CH,Changeup,OS,34,19.77,8,7,1,12.5,1,12.5,16,5,31.25,14.71,1,2.94,17.65,46.88,20.37,9.09,0.286,0.375,0.429,0.804,0.143,570482
FC,Cutter,FB,20,11.63,10,8,0,0.0,2,20.0,13,3,23.08,15.0,1,5.0,20.0,57.14,11.11,0.0,0.5,0.6,0.625,1.225,0.125,570482
SI,Sinker,FB,20,11.63,9,9,4,44.44,0,0.0,12,5,41.67,25.0,6,30.0,55.0,0.0,11.11,66.67,0.0,0.0,0.0,0.0,0.0,570482
SL,Slider,BR,16,9.3,4,4,2,50.0,0,0.0,10,6,60.0,37.5,1,6.25,43.75,58.33,12.96,28.57,0.5,0.5,0.75,1.25,0.25,570482
CU,Curveball,BR,9,5.23,0,0,0,,0,,3,1,33.33,11.11,3,33.33,44.44,60.0,7.41,0.0,,,,,,570482
KC,Knuckle Curve,BR,4,2.33,1,1,0,0.0,0,0.0,4,1,25.0,25.0,0,0.0,25.0,100.0,3.7,0.0,0.0,0.0,0.0,0.0,0.0,570482
ST,Sweeper,BR,3,1.74,0,0,0,,0,,2,1,50.0,33.33,1,33.33,66.67,100.0,0.0,,,,,,,570482
FS,Split-Finger,OS,2,1.16,0,0,0,,0,,1,1,100.0,50.0,0,0.0,50.0,50.0,0.0,,,,,,,570482
FF,4-Seam Fastball,FB,110,28.21,35,32,1,2.86,2,5.71,63,8,12.7,7.27,16,14.55,21.82,40.0,29.29,3.45,0.25,0.286,0.375,0.661,0.125,571448
CH,Changeup,OS,82,21.03,27,27,0,0.0,0,0.0,51,7,13.73,8.54,7,8.54,17.07,51.02,21.21,0.0,0.185,0.185,0.185,0.37,0.0,571448
SI,Sinker,FB,53,13.59,19,16,1,5.26,2,10.53,26,1,3.85,1.89,10,18.87,20.75,20.83,10.1,10.0,0.25,0.316,0.25,0.5660000000000001,0.0,571448
SL,Slider,BR,45,11.54,10,10,4,40.0,0,0.0,25,8,32.0,17.78,4,8.89,26.67,40.74,15.15,26.67,0.3,0.3,0.6,0.8999999999999999,0.3,571448
CU,Curveball,BR,39,10.0,12,11,1,8.33,1,8.33,20,4,20.0,10.26,7,17.95,28.21,42.86,14.14,7.14,0.364,0.417,0.636,1.053,0.272,571448
FC,Cutter,FB,24,6.15,2,2,0,0.0,0,0.0,8,1,12.5,4.17,4,16.67,20.83,16.67,0.0,,1.0,1.0,1.5,2.5,0.5,571448
FS,Split-Finger,OS,12,3.08,2,2,0,0.0,0,0.0,7,2,28.57,16.67,1,8.33,25.0,50.0,4.04,0.0,1.0,1.0,1.0,2.0,0.0,571448
,,,12,3.08,3,0,0,0.0,3,100.0,0,0,,0.0,0,0.0,0.0,,0.0,,,1.0,,,,571448
ST,Sweeper,BR,8,2.05,0,0,0,,0,,1,0,0.0,0.0,3,37.5,37.5,20.0,3.03,0.0,,,,,,571448
KC,Knuckle Curve,BR,4,1.03,1,1,0,0.0,0,0.0,2,0,0.0,0.0,1,25.0,25.0,50.0,2.02,0.0,1.0,1.0,1.0,2.0,0.0,571448
SV,Slurve,BR,1,0.26,1,1,0,0.0,0,0.0,1,0,0.0,0.0,0,0.0,0.0,,1.01,0.0,1.0,1.0,1.0,2.0,0.0,571448
SI,Sinker,FB,6,28.57,2,2,1,50.0,0,0.0,3,0,0.0,0.0,2,33.33,33.33,50.0,33.33,33.33,0.0,0.0,0.0,0.0,0.0,571466
FF,4-Seam Fastball,FB,4,19.05,2,2,1,50.0,0,0.0,2,0,0.0,0.0,1,25.0,25.0,33.33,33.33,33.33,0.0,0.0,0.0,0.0,0.0,571466
ST,Sweeper,BR,4,19.05,0,0,0,,0,,2,0,0.0,0.0,2,50.0,50.0,,22.22,0.0,,,,,,571466
CH,Changeup,OS,3,14.29,1,1,0,0.0,0,0.0,1,0,0.0,0.0,0,0.0,0.0,33.33,0.0,,0.0,0.0,0.0,0.0,0.0,571466
FC,Cutter,FB,3,14.29,0,0,0,,0,,0,0,,0.0,1,33.33,33.33,0.0,0.0,,,,,,,571466
SL,Slider,BR,1,4.76,0,0,0,,0,,1,0,0.0,0.0,0,0.0,0.0,,11.11,0.0,,,,,,571466
FF,4-Seam Fastball,FB,186,41.8,48,42,6,12.5,6,12.5,87,18,20.69,9.68,44,23.66,33.33,25.68,35.83,13.95,0.286,0.375,0.405,0.78,0.119,571657
CH,Changeup,OS,85,19.1,28,25,6,21.43,3,10.71,43,9,20.93,10.59,8,9.41,20.0,27.66,25.0,20.0,0.12,0.214,0.28,0.494,0.16,571657
SI,Sinker,FB,50,11.24,15,14,1,6.67,1,6.67,23,3,13.04,6.0,16,32.0,38.0,23.08,9.17,9.09,0.286,0.333,0.286,0.619,0.0,571657
SL,Slider,BR,43,9.66,7,7,5,71.43,0,0.0,23,6,26.09,13.95,2,4.65,18.6,32.0,14.17,29.41,0.0,0.0,0.0,0.0,0.0,571657
CU,Curveball,BR,25,5.62,9,9,1,11.11,0,0.0,13,2,15.38,8.0,6,24.0,32.0,40.0,6.67,12.5,0.556,0.556,0.889,1.445,0.3329999999999999,571657
ST,Sweeper,BR,23,5.17,8,7,4,50.0,0,0.0,9,4,44.44,17.39,9,39.13,56.52,44.44,4.17,80.0,0.143,0.25,0.143,0.393,0.0,571657
FC,Cutter,FB,22,4.94,5,4,2,40.0,1,20.0,8,5,62.5,22.73,3,13.64,36.36,26.67,4.17,40.0,0.25,0.4,1.0,1.4,0.75,571657
FS,Split-Finger,OS,6,1.35,1,1,0,0.0,0,0.0,2,1,50.0,16.67,1,16.67,33.33,0.0,0.0,,0.0,0.0,0.0,0.0,0.0,571657
KC,Knuckle Curve,BR,2,0.45,1,1,0,0.0,0,0.0,1,0,0.0,0.0,1,50.0,50.0,,0.83,0.0,1.0,1.0,4.0,5.0,3.0,571657
SV,Slurve,BR,2,0.45,1,1,0,0.0,0,0.0,1,0,0.0,0.0,1,50.0,50.0,,0.0,,1.0,1.0,4.0,5.0,3.0,571657
CS,Slow Curve,BR,1,0.22,0,0,0,,0,,0,0,,0.0,0,0.0,0.0,0.0,0.0,,,,,,,571657
FF,4-Seam Fastball,FB,134,32.21,33,26,9,27.27,5,15.15,64,19,29.69,14.18,25,18.66,32.84,20.75,28.36,23.68,0.192,0.303,0.346,0.649,0.1539999999999999,571771
CH,Changeup,OS,79,18.99,29,27,4,13.79,2,6.9,44,12,27.27,15.19,4,5.06,20.25,36.54,24.63,12.12,0.222,0.276,0.593,0.869,0.371,571771
SL,Slider,BR,57,13.7,19,15,6,31.58,2,10.53,36,10,27.78,17.54,2,3.51,21.05,37.93,17.16,26.09,0.067,0.158,0.067,0.225,0.0,571771
SI,Sinker,FB,53,12.74,13,12,1,7.69,1,7.69,28,3,10.71,5.66,9,16.98,22.64,32.0,10.45,7.14,0.25,0.308,0.25,0.558,0.0,571771
CU,Curveball,BR,34,8.17,1,1,1,100.0,0,0.0,13,2,15.38,5.88,4,11.76,17.65,25.0,8.96,8.33,0.0,0.0,0.0,0.0,0.0,571771
ST,Sweeper,BR,20,4.81,3,3,1,33.33,0,0.0,7,4,57.14,20.0,6,30.0,50.0,20.0,3.73,20.0,0.333,0.333,0.333,0.666,0.0,571771
FC,Cutter,FB,18,4.33,4,4,0,0.0,0,0.0,7,1,14.29,5.56,3,16.67,22.22,33.33,2.24,0.0,0.75,0.75,2.25,3.0,1.5,571771
FS,Split-Finger,OS,13,3.12,4,4,1,25.0,0,0.0,10,3,30.0,23.08,0,0.0,23.08,40.0,2.24,33.33,0.0,0.0,0.0,0.0,0.0,571771
KC,Knuckle Curve,BR,6,1.44,2,2,1,50.0,0,0.0,3,2,66.67,33.33,2,33.33,66.67,50.0,2.24,33.33,0.0,0.0,0.0,0.0,0.0,571771
SV,Slurve,BR,2,0.48,0,0,0,,0,,1,0,0.0,0.0,0,0.0,0.0,0.0,0.0,,,,,,,571771
FF,4-Seam Fastball,FB,27,33.33,7,5,4,57.14,2,28.57,13,6,46.15,22.22,4,14.81,37.04,38.89,25.81,50.0,0.0,0.286,0.0,0.286,0.0,571912
CH,Changeup,OS,13,16.05,2,2,0,0.0,0,0.0,8,1,12.5,7.69,2,15.38,23.08,25.0,19.35,0.0,0.0,0.0,0.0,0.0,0.0,571912
FC,Cutter,FB,12,14.81,3,2,0,0.0,0,0.0,7,1,14.29,8.33,2,16.67,25.0,0.0,16.13,0.0,1.0,1.0,1.0,2.0,0.0,571912
SL,Slider,BR,10,12.35,4,3,2,50.0,0,0.0,7,3,42.86,30.0,2,20.0,50.0,66.67,16.13,40.0,0.333,0.333,0.667,1.0,0.334,571912
ST,Sweeper,BR,9,11.11,1,1,1,100.0,0,0.0,4,1,25.0,11.11,0,0.0,11.11,28.57,16.13,20.0,0.0,0.0,0.0,0.0,0.0,571912
CU,Curveball,BR,5,6.17,1,1,1,100.0,0,0.0,2,1,50.0,20.0,0,0.0,20.0,0.0,3.23,100.0,0.0,0.0,0.0,0.0,0.0,571912
SI,Sinker,FB,5,6.17,1,1,1,100.0,0,0.0,1,0,0.0,0.0,4,80.0,80.0,,3.23,100.0,0.0,0.0,0.0,0.0,0.0,571912
FF,4-Seam Fastball,FB,80,23.74,17,12,4,23.53,5,29.41,33,6,18.18,7.5,10,12.5,20.0,10.26,24.04,16.0,0.333,0.529,0.583,1.112,0.2499999999999999,571970
SL,Slider,BR,79,23.44,27,27,10,37.04,0,0.0,43,14,32.56,17.72,11,13.92,31.65,35.29,25.0,38.46,0.148,0.148,0.222,0.37,0.074,571970
SI,Sinker,FB,78,23.15,16,13,0,0.0,1,6.25,31,5,16.13,6.41,20,25.64,32.05,12.5,17.31,0.0,0.231,0.375,0.692,1.067,0.4609999999999999,571970
ST,Sweeper,BR,45,13.35,9,7,2,22.22,1,11.11,18,6,33.33,13.33,7,15.56,28.89,23.08,16.35,11.76,0.0,0.111,0.0,0.111,0.0,571970
CU,Curveball,BR,19,5.64,5,5,4,80.0,0,0.0,11,6,54.55,31.58,3,15.79,47.37,54.55,7.69,50.0,0.0,0.0,0.0,0.0,0.0,571970
FC,Cutter,FB,18,5.34,2,2,0,0.0,0,0.0,4,1,25.0,5.56,6,33.33,38.89,11.11,2.88,0.0,0.0,0.0,0.0,0.0,0.0,571970
FS,Split-Finger,OS,8,2.37,1,1,1,100.0,0,0.0,2,1,50.0,12.5,2,25.0,37.5,16.67,3.85,25.0,0.0,0.0,0.0,0.0,0.0,571970
CH,Changeup,OS,7,2.08,3,3,1,33.33,0,0.0,4,1,25.0,14.29,1,14.29,28.57,40.0,2.88,33.33,0.0,0.0,0.0,0.0,0.0,571970
KC,Knuckle Curve,BR,2,0.59,0,0,0,,0,,0,0,,0.0,1,50.0,50.0,0.0,0.0,,,,,,,571970
,,,1,0.3,0,0,0,,0,,0,0,,0.0,0,0.0,0.0,,0.0,,,,,,,571970
SL,Slider,BR,3,60.0,2,2,0,0.0,0,0.0,2,0,0.0,0.0,0,0.0,0.0,0.0,,,0.0,0.0,0.0,0.0,0.0,572138
FF,4-Seam Fastball,FB,2,40.0,0,0,0,,0,,0,0,,0.0,1,50.0,50.0,0.0,,,,,,,,572138
FF,4-Seam Fastball,FB,206,37.94,54,50,20,37.04,1,1.85,120,39,32.5,18.93,19,9.22,28.16,25.29,39.41,29.85,0.24,0.25,0.46,0.71,0.22,572191
CH,Changeup,OS,114,20.99,32,32,17,53.12,0,0.0,66,38,57.58,33.33,8,7.02,40.35,43.24,25.88,38.64,0.156,0.156,0.469,0.625,0.3129999999999999,572191
SI,Sinker,FB,49,9.02,16,15,5,31.25,1,6.25,28,10,35.71,20.41,8,16.33,36.73,20.0,7.06,41.67,0.267,0.312,0.467,0.779,0.2,572191
SL,Slider,BR,45,8.29,10,10,2,20.0,0,0.0,26,10,38.46,22.22,9,20.0,42.22,43.75,5.29,22.22,0.5,0.5,1.0,1.5,0.5,572191
CU,Curveball,BR,41,7.55,8,6,1,12.5,1,12.5,16,5,31.25,12.2,4,9.76,21.95,26.09,8.24,7.14,0.167,0.25,0.167,0.417,0.0,572191
FC,Cutter,FB,36,6.63,10,10,4,40.0,0,0.0,22,8,36.36,22.22,6,16.67,38.89,38.46,6.47,36.36,0.0,0.0,0.0,0.0,0.0,572191
ST,Sweeper,BR,18,3.31,2,2,1,50.0,0,0.0,5,2,40.0,11.11,5,27.78,38.89,27.27,1.76,33.33,0.0,0.0,0.0,0.0,0.0,572191
KC,Knuckle Curve,BR,14,2.58,2,2,0,0.0,0,0.0,4,1,25.0,7.14,2,14.29,21.43,11.11,2.94,0.0,0.5,0.5,0.5,1.0,0.0,572191
FS,Split-Finger,OS,10,1.84,3,3,1,33.33,0,0.0,7,3,42.86,30.0,1,10.0,40.0,33.33,1.76,33.33,0.333,0.333,0.667,1.0,0.334,572191
,,,5,0.92,1,0,0,0.0,1,100.0,0,0,,0.0,0,0.0,0.0,,0.0,,,1.0,,,,572191
CS,Slow Curve,BR,2,0.37,0,0,0,,0,,0,0,,0.0,0,0.0,0.0,0.0,0.59,0.0,,,,,,572191
FA,Other,,2,0.37,0,0,0,,0,,2,0,0.0,0.0,0,0.0,0.0,,0.0,,,,,,,572191
EP,Eephus,,1,0.18,1,1,0,0.0,0,0.0,1,0,0.0,0.0,0,0.0,0.0,,0.59,0.0,0.0,0.0,0.0,0.0,0.0,572191
FF,4-Seam Fastball,FB,204,38.64,41,38,9,21.95,3,7.32,119,24,20.17,11.76,16,7.84,19.61,18.6,37.89,12.5,0.263,0.317,0.5,0.817,0.237,572233
CH,Changeup,OS,95,17.99,35,31,12,34.29,1,2.86,55,23,41.82,24.21,7,7.37,31.58,41.82,22.11,28.57,0.194,0.229,0.29,0.519,0.0959999999999999,572233
SI,Sinker,FB,63,11.93,20,19,3,15.0,1,5.0,35,5,14.29,7.94,12,19.05,26.98,22.22,6.32,25.0,0.368,0.4,0.474,0.874,0.1059999999999999,572233
CU,Curveball,BR,50,9.47,10,9,4,40.0,0,0.0,21,7,33.33,14.0,8,16.0,30.0,28.57,10.0,21.05,0.222,0.3,0.222,0.522,0.0,572233
SL,Slider,BR,46,8.71,10,9,2,20.0,1,10.0,23,8,34.78,17.39,6,13.04,30.43,29.17,10.0,10.53,0.222,0.3,0.444,0.744,0.222,572233
FC,Cutter,FB,34,6.44,8,7,1,12.5,1,12.5,17,3,17.65,8.82,5,14.71,23.53,31.58,5.79,9.09,0.286,0.375,0.571,0.946,0.285,572233
ST,Sweeper,BR,20,3.79,5,5,3,60.0,0,0.0,7,3,42.86,15.0,4,20.0,35.0,25.0,4.21,37.5,0.0,0.0,0.0,0.0,0.0,572233
KC,Knuckle Curve,BR,9,1.7,3,3,1,33.33,0,0.0,4,1,25.0,11.11,0,0.0,11.11,20.0,2.11,25.0,0.333,0.333,0.333,0.666,0.0,572233
,,,4,0.76,1,0,0,0.0,1,100.0,0,0,,0.0,0,0.0,0.0,,0.0,,,1.0,,,,572233
FS,Split-Finger,OS,3,0.57,0,0,0,,0,,1,0,0.0,0.0,0,0.0,0.0,0.0,1.58,0.0,,,,,,572233
FF,4-Seam Fastball,FB,133,32.52,29,23,9,31.03,5,17.24,44,10,22.73,7.52,34,25.56,33.08,14.06,23.44,30.0,0.087,0.25,0.087,0.3369999999999999,0.0,573262
SI,Sinker,FB,98,23.96,21,20,3,14.29,1,4.76,45,6,13.33,6.12,31,31.63,37.76,35.29,21.88,10.71,0.25,0.286,0.5,0.786,0.25,573262
SL,Slider,BR,67,16.38,22,20,4,18.18,1,4.55,37,9,24.32,13.43,7,10.45,23.88,29.41,21.88,14.29,0.15,0.182,0.15,0.3319999999999999,0.0,573262
ST,Sweeper,BR,59,14.43,15,15,5,33.33,0,0.0,28,11,39.29,18.64,6,10.17,28.81,36.84,21.88,17.86,0.133,0.133,0.333,0.466,0.2,573262
FC,Cutter,FB,27,6.6,8,8,0,0.0,0,0.0,17,2,11.76,7.41,1,3.7,11.11,11.11,4.69,0.0,0.125,0.125,0.125,0.25,0.0,573262
CU,Curveball,BR,11,2.69,5,5,0,0.0,0,0.0,7,1,14.29,9.09,1,9.09,18.18,60.0,1.56,0.0,0.0,0.0,0.0,0.0,0.0,573262
CH,Changeup,OS,7,1.71,1,0,0,0.0,0,0.0,1,0,0.0,0.0,1,14.29,14.29,20.0,2.34,0.0,,1.0,,,,573262
KC,Knuckle Curve,BR,4,0.98,1,1,0,0.0,0,0.0,3,1,33.33,25.0,0,0.0,25.0,50.0,0.78,0.0,0.0,0.0,0.0,0.0,0.0,573262
SV,Slurve,BR,3,0.73,2,2,1,50.0,0,0.0,3,2,66.67,66.67,0,0.0,66.67,,1.56,50.0,0.0,0.0,0.0,0.0,0.0,573262
FF,4-Seam Fastball,FB,209,36.6,54,44,16,29.63,8,14.81,98,31,31.63,14.83,25,11.96,26.79,20.19,38.92,24.62,0.273,0.396,0.5,0.896,0.2269999999999999,575929
CH,Changeup,OS,103,18.04,17,17,4,23.53,0,0.0,43,14,32.56,13.59,17,16.5,30.1,28.81,16.17,14.81,0.235,0.235,0.294,0.5289999999999999,0.059,575929
CU,Curveball,BR,61,10.68,15,15,3,20.0,0,0.0,28,10,35.71,16.39,15,24.59,40.98,37.93,8.38,21.43,0.267,0.267,0.6,0.867,0.3329999999999999,575929
SI,Sinker,FB,60,10.51,22,18,4,18.18,4,18.18,23,3,13.04,5.0,10,16.67,21.67,24.24,8.98,26.67,0.222,0.364,0.389,0.753,0.167,575929
SL,Slider,BR,40,7.01,14,14,4,28.57,0,0.0,24,5,20.83,12.5,6,15.0,27.5,35.71,9.58,25.0,0.357,0.357,0.5,0.857,0.143,575929
FC,Cutter,FB,38,6.65,9,6,1,11.11,2,22.22,16,2,12.5,5.26,9,23.68,28.95,36.36,4.79,12.5,0.5,0.667,1.333,2.0,0.833,575929
ST,Sweeper,BR,22,3.85,3,2,2,66.67,0,0.0,9,4,44.44,18.18,1,4.55,22.73,29.41,3.59,33.33,0.0,0.333,0.0,0.333,0.0,575929
FS,Split-Finger,OS,16,2.8,4,2,0,0.0,1,25.0,6,2,33.33,12.5,1,6.25,18.75,11.11,3.59,0.0,0.0,0.25,0.0,0.25,0.0,575929
KC,Knuckle Curve,BR,12,2.1,3,3,0,0.0,0,0.0,4,0,0.0,0.0,2,16.67,16.67,14.29,2.4,0.0,0.667,0.667,0.667,1.334,0.0,575929
SV,Slurve,BR,8,1.4,3,2,2,66.67,0,0.0,1,0,0.0,0.0,3,37.5,37.5,0.0,2.99,40.0,0.0,0.333,0.0,0.333,0.0,575929
,,,2,0.35,1,0,0,0.0,1,100.0,0,0,,0.0,0,0.0,0.0,,0.6,0.0,,1.0,,,,575929
FF,4-Seam Fastball,FB,219,38.09,44,38,8,18.18,4,9.09,105,19,18.1,8.68,46,21.0,29.68,27.0,35.64,11.94,0.289,0.357,0.447,0.804,0.158,578428
CH,Changeup,OS,95,16.52,27,23,5,18.52,4,14.81,46,14,30.43,14.74,14,14.74,29.47,35.09,13.83,19.23,0.261,0.37,0.348,0.718,0.0869999999999999,578428
SL,Slider,BR,77,13.39,22,18,3,13.64,3,13.64,42,5,11.9,6.49,12,15.58,22.08,41.46,19.15,8.33,0.278,0.409,0.5,0.909,0.2219999999999999,578428
SI,Sinker,FB,69,12.0,17,15,2,11.76,2,11.76,28,2,7.14,2.9,22,31.88,34.78,20.83,7.98,13.33,0.267,0.353,0.333,0.6859999999999999,0.066,578428
CU,Curveball,BR,57,9.91,13,12,4,30.77,1,7.69,22,7,31.82,12.28,13,22.81,35.09,42.86,12.23,17.39,0.0,0.077,0.0,0.077,0.0,578428
FC,Cutter,FB,32,5.57,6,6,2,33.33,0,0.0,14,3,21.43,9.38,11,34.38,43.75,40.0,4.26,25.0,0.167,0.167,0.167,0.334,0.0,578428
ST,Sweeper,BR,12,2.09,3,3,0,0.0,0,0.0,5,0,0.0,0.0,3,25.0,25.0,40.0,2.13,0.0,0.333,0.333,0.333,0.666,0.0,578428
KC,Knuckle Curve,BR,7,1.22,2,2,2,100.0,0,0.0,2,2,100.0,28.57,0,0.0,28.57,28.57,1.6,66.67,0.0,0.0,0.0,0.0,0.0,578428
FS,Split-Finger,OS,6,1.04,2,2,0,0.0,0,0.0,5,0,0.0,0.0,0,0.0,0.0,50.0,2.66,0.0,0.0,0.0,0.0,0.0,0.0,578428
CS,Slow Curve,BR,1,0.17,1,1,1,100.0,0,0.0,1,1,100.0,100.0,0,0.0,100.0,100.0,0.53,100.0,0.0,0.0,0.0,0.0,0.0,578428
SI,Sinker,FB,17,34.69,5,4,2,40.0,1,20.0,7,2,28.57,11.76,3,17.65,29.41,0.0,31.25,40.0,0.25,0.4,0.5,0.9,0.25,592178
FF,4-Seam Fastball,FB,14,28.57,6,6,0,0.0,0,0.0,10,2,20.0,14.29,0,0.0,14.29,0.0,43.75,0.0,0.0,0.0,0.0,0.0,0.0,592178
ST,Sweeper,BR,6,12.24,0,0,0,,0,,3,2,66.67,33.33,3,50.0,83.33,100.0,0.0,,,,,,,592178
FC,Cutter,FB,5,10.2,0,0,0,,0,,0,0,,0.0,1,20.0,20.0,0.0,6.25,0.0,,,,,,592178
SL,Slider,BR,5,10.2,1,1,1,100.0,0,0.0,4,2,50.0,40.0,1,20.0,60.0,100.0,6.25,100.0,0.0,0.0,0.0,0.0,0.0,592178
CH,Changeup,OS,2,4.08,1,1,1,100.0,0,0.0,1,1,100.0,50.0,0,0.0,50.0,50.0,12.5,50.0,0.0,0.0,0.0,0.0,0.0,592178
FF,4-Seam Fastball,FB,83,31.09,23,21,5,21.74,2,8.7,42,7,16.67,8.43,23,27.71,36.14,44.12,34.15,17.86,0.238,0.304,0.238,0.542,0.0,592192
SI,Sinker,FB,60,22.47,12,10,0,0.0,1,8.33,26,2,7.69,3.33,13,21.67,25.0,9.09,15.85,0.0,0.2,0.25,0.6,0.85,0.3999999999999999,592192
FC,Cutter,FB,30,11.24,10,8,2,20.0,0,0.0,9,1,11.11,3.33,8,26.67,30.0,6.25,4.88,50.0,0.25,0.4,0.375,0.775,0.125,592192
SL,Slider,BR,25,9.36,3,3,2,66.67,0,0.0,13,4,30.77,16.0,4,16.0,32.0,38.46,10.98,22.22,0.0,0.0,0.0,0.0,0.0,592192
CH,Changeup,OS,23,8.61,10,10,1,10.0,0,0.0,16,3,18.75,13.04,0,0.0,13.04,58.82,10.98,11.11,0.2,0.2,0.2,0.4,0.0,592192
ST,Sweeper,BR,17,6.37,4,4,0,0.0,0,0.0,7,0,0.0,0.0,3,17.65,17.65,11.11,9.76,0.0,0.25,0.25,0.25,0.5,0.0,592192
CU,Curveball,BR,14,5.24,4,4,1,25.0,0,0.0,8,4,50.0,28.57,5,35.71,64.29,75.0,4.88,25.0,0.5,0.5,0.5,1.0,0.0,592192
SV,Slurve,BR,8,3.0,1,1,1,100.0,0,0.0,2,1,50.0,12.5,3,37.5,50.0,25.0,4.88,25.0,0.0,0.0,0.0,0.0,0.0,592192
KC,Knuckle Curve,BR,4,1.5,1,1,0,0.0,0,0.0,2,0,0.0,0.0,2,50.0,50.0,,2.44,0.0,1.0,1.0,1.0,2.0,0.0,592192
FS,Split-Finger,OS,3,1.12,1,1,0,0.0,0,0.0,2,1,50.0,33.33,0,0.0,33.33,50.0,1.22,0.0,0.0,0.0,0.0,0.0,0.0,592192
FF,4-Seam Fastball,FB,256,36.16,71,68,24,33.8,3,4.23,160,42,26.25,16.41,26,10.16,26.56,40.38,37.6,26.37,0.206,0.239,0.353,0.592,0.147,592206
CH,Changeup,OS,157,22.18,36,35,4,11.11,1,2.78,100,35,35.0,22.29,6,3.82,26.11,47.52,17.36,9.52,0.286,0.306,0.514,0.8200000000000001,0.228,592206
CU,Curveball,BR,79,11.16,27,24,9,33.33,3,11.11,48,21,43.75,26.58,0,0.0,26.58,47.46,14.88,25.0,0.208,0.296,0.333,0.629,0.125,592206
SL,Slider,BR,63,8.9,17,15,6,35.29,0,0.0,38,15,39.47,23.81,3,4.76,28.57,47.73,11.98,20.69,0.2,0.235,0.333,0.5680000000000001,0.133,592206
SI,Sinker,FB,56,7.91,15,14,2,13.33,1,6.67,31,2,6.45,3.57,13,23.21,26.79,35.29,3.72,22.22,0.5,0.533,0.571,1.104,0.0709999999999999,592206
ST,Sweeper,BR,37,5.23,9,7,3,33.33,1,11.11,22,9,40.91,24.32,1,2.7,27.03,41.67,9.09,13.64,0.143,0.222,0.286,0.508,0.143,592206
FC,Cutter,FB,32,4.52,7,6,1,14.29,1,14.29,20,6,30.0,18.75,1,3.12,21.88,21.43,2.89,14.29,0.0,0.143,0.0,0.143,0.0,592206
KC,Knuckle Curve,BR,14,1.98,2,1,0,0.0,0,0.0,7,2,28.57,14.29,0,0.0,14.29,46.15,1.65,0.0,0.0,0.5,0.0,0.5,0.0,592206
FS,Split-Finger,OS,9,1.27,2,1,0,0.0,1,50.0,5,0,0.0,0.0,0,0.0,0.0,20.0,0.41,0.0,1.0,1.0,1.0,2.0,0.0,592206
CS,Slow Curve,BR,3,0.42,2,2,0,0.0,0,0.0,2,0,0.0,0.0,0,0.0,0.0,0.0,0.0,,0.5,0.5,0.5,1.0,0.0,592206
,,,2,0.28,0,0,0,,0,,0,0,,0.0,0,0.0,0.0,,0.41,0.0,,,,,,592206
FF,4-Seam Fastball,FB,188,28.83,40,39,14,35.0,1,2.5,91,28,30.77,14.89,32,17.02,31.91,17.57,33.12,27.45,0.282,0.3,0.821,1.121,0.5389999999999999,592450
CH,Changeup,OS,119,18.25,25,19,6,24.0,6,24.0,41,20,48.78,16.81,6,5.04,21.85,20.88,20.13,19.35,0.263,0.44,0.632,1.072,0.369,592450
,,,82,12.58,23,0,0,0.0,23,100.0,0,0,,0.0,0,0.0,0.0,,0.65,0.0,,1.0,,,,592450
SL,Slider,BR,62,9.51,17,15,6,35.29,1,5.88,27,9,33.33,14.52,9,14.52,29.03,29.73,11.69,33.33,0.2,0.235,0.333,0.5680000000000001,0.133,592450
FC,Cutter,FB,57,8.74,16,12,2,12.5,4,25.0,26,10,38.46,17.54,11,19.3,36.84,22.73,9.09,14.29,0.667,0.75,1.75,2.5,1.083,592450
SI,Sinker,FB,46,7.06,15,14,1,6.67,1,6.67,18,2,11.11,4.35,15,32.61,36.96,25.0,5.84,11.11,0.571,0.6,1.071,1.6709999999999998,0.5,592450
CU,Curveball,BR,41,6.29,11,11,2,18.18,0,0.0,21,10,47.62,24.39,5,12.2,36.59,31.82,6.49,20.0,0.364,0.364,0.455,0.819,0.091,592450
ST,Sweeper,BR,30,4.6,8,7,3,37.5,1,12.5,16,7,43.75,23.33,4,13.33,36.67,41.18,5.84,33.33,0.429,0.5,1.0,1.5,0.571,592450
FS,Split-Finger,OS,11,1.69,3,3,2,66.67,0,0.0,3,2,66.67,18.18,1,9.09,27.27,14.29,3.25,40.0,0.0,0.0,0.0,0.0,0.0,592450
KC,Knuckle Curve,BR,11,1.69,1,1,1,100.0,0,0.0,5,3,60.0,27.27,1,9.09,36.36,33.33,2.6,25.0,0.0,0.0,0.0,0.0,0.0,592450
SV,Slurve,BR,3,0.46,1,1,0,0.0,0,0.0,2,0,0.0,0.0,1,33.33,33.33,0.0,1.3,0.0,0.0,0.0,0.0,0.0,0.0,592450
EP,Eephus,,1,0.15,1,1,0,0.0,0,0.0,1,0,0.0,0.0,0,0.0,0.0,,0.0,,0.0,0.0,0.0,0.0,0.0,592450
CS,Slow Curve,BR,1,0.15,0,0,0,,0,,1,1,100.0,100.0,0,0.0,100.0,100.0,0.0,,,,,,,592450
FF,4-Seam Fastball,FB,274,37.85,62,51,16,25.81,9,14.52,138,40,28.99,14.6,41,14.96,29.56,21.43,41.03,20.0,0.216,0.339,0.51,0.849,0.294,592518
CH,Changeup,OS,133,18.37,37,36,7,18.92,1,2.7,65,22,33.85,16.54,16,12.03,28.57,37.5,17.44,20.59,0.222,0.243,0.333,0.5760000000000001,0.111,592518
SI,Sinker,FB,89,12.29,24,21,2,8.33,3,12.5,40,8,20.0,8.99,15,16.85,25.84,25.0,8.21,12.5,0.381,0.458,0.381,0.839,0.0,592518
SL,Slider,BR,71,9.81,24,23,7,29.17,1,4.17,39,11,28.21,15.49,7,9.86,25.35,34.21,12.31,29.17,0.217,0.25,0.522,0.772,0.305,592518
CU,Curveball,BR,52,7.18,11,9,1,9.09,2,18.18,16,3,18.75,5.77,14,26.92,32.69,14.81,9.74,5.26,0.444,0.545,1.222,1.767,0.778,592518
FC,Cutter,FB,31,4.28,8,7,0,0.0,1,12.5,18,3,16.67,9.68,3,9.68,19.35,25.0,1.54,0.0,0.143,0.25,0.143,0.393,0.0,592518
ST,Sweeper,BR,23,3.18,8,8,0,0.0,0,0.0,15,0,0.0,0.0,2,8.7,8.7,33.33,4.1,0.0,0.375,0.375,0.875,1.25,0.5,592518
FS,Split-Finger,OS,20,2.76,2,2,0,0.0,0,0.0,8,1,12.5,5.0,1,5.0,10.0,16.67,2.56,0.0,0.0,0.0,0.0,0.0,0.0,592518
,,,14,1.93,3,0,0,0.0,3,100.0,0,0,,0.0,0,0.0,0.0,,0.0,,,1.0,,,,592518
KC,Knuckle Curve,BR,12,1.66,5,5,2,40.0,0,0.0,8,3,37.5,25.0,1,8.33,33.33,57.14,2.56,40.0,0.2,0.2,0.8,1.0,0.6000000000000001,592518
SV,Slurve,BR,5,0.69,3,2,1,33.33,0,0.0,2,0,0.0,0.0,1,20.0,20.0,33.33,0.51,100.0,0.0,0.0,0.0,0.0,0.0,592518
SI,Sinker,FB,30,35.29,5,2,1,20.0,3,60.0,2,1,50.0,3.33,13,43.33,46.67,6.25,12.5,50.0,0.0,0.6,0.0,0.6,0.0,592626
FF,4-Seam Fastball,FB,18,21.18,4,2,0,0.0,2,50.0,5,0,0.0,0.0,4,22.22,22.22,0.0,18.75,0.0,1.0,1.0,2.5,3.5,1.5,592626
SL,Slider,BR,16,18.82,3,3,2,66.67,0,0.0,2,1,50.0,6.25,6,37.5,43.75,20.0,25.0,50.0,0.0,0.0,0.0,0.0,0.0,592626
CU,Curveball,BR,7,8.24,3,3,1,33.33,0,0.0,4,0,0.0,0.0,0,0.0,0.0,25.0,12.5,50.0,0.0,0.0,0.0,0.0,0.0,592626
FC,Cutter,FB,6,7.06,1,1,0,0.0,0,0.0,3,0,0.0,0.0,1,16.67,16.67,33.33,6.25,0.0,0.0,0.0,0.0,0.0,0.0,592626
ST,Sweeper,BR,4,4.71,0,0,0,,0,,0,0,,0.0,0,0.0,0.0,0.0,12.5,0.0,,,,,,592626
SV,Slurve,BR,2,2.35,1,1,0,0.0,0,0.0,1,0,0.0,0.0,1,50.0,50.0,,6.25,0.0,1.0,1.0,2.0,3.0,1.0,592626
CH,Changeup,OS,1,1.18,1,1,0,0.0,0,0.0,1,0,0.0,0.0,0,0.0,0.0,100.0,6.25,0.0,0.0,0.0,0.0,0.0,0.0,592626
FS,Split-Finger,OS,1,1.18,1,0,0,0.0,1,100.0,0,0,,0.0,0,0.0,0.0,0.0,0.0,,,1.0,,,,592626
FF,4-Seam Fastball,FB,222,34.05,48,44,15,31.25,4,8.33,98,16,16.33,7.21,58,26.13,33.33,23.17,37.44,19.74,0.182,0.25,0.25,0.5,0.068,592663
CH,Changeup,OS,123,18.87,37,36,6,16.22,1,2.7,65,19,29.23,15.45,11,8.94,24.39,43.9,16.26,18.18,0.139,0.162,0.278,0.44,0.139,592663
SI,Sinker,FB,77,11.81,20,20,4,20.0,0,0.0,27,4,14.81,5.19,22,28.57,33.77,9.38,7.39,26.67,0.2,0.2,0.35,0.55,0.1499999999999999,592663
SL,Slider,BR,73,11.2,25,22,7,28.0,2,8.0,39,11,28.21,15.07,8,10.96,26.03,34.15,15.27,22.58,0.273,0.36,0.364,0.724,0.0909999999999999,592663
CU,Curveball,BR,57,8.74,15,14,5,33.33,1,6.67,28,9,32.14,15.79,8,14.04,29.82,37.5,11.82,20.83,0.214,0.267,0.286,0.5529999999999999,0.0719999999999999,592663
FC,Cutter,FB,49,7.52,12,12,4,33.33,0,0.0,29,8,27.59,16.33,7,14.29,30.61,38.89,4.93,40.0,0.333,0.333,0.583,0.916,0.2499999999999999,592663
ST,Sweeper,BR,28,4.29,5,4,1,20.0,0,0.0,12,4,33.33,14.29,7,25.0,39.29,37.5,3.94,12.5,0.5,0.6,0.75,1.35,0.25,592663
FS,Split-Finger,OS,9,1.38,1,1,1,100.0,0,0.0,4,3,75.0,33.33,0,0.0,33.33,28.57,1.97,25.0,0.0,0.0,0.0,0.0,0.0,592663
KC,Knuckle Curve,BR,7,1.07,1,1,0,0.0,0,0.0,3,2,66.67,28.57,0,0.0,28.57,20.0,0.99,0.0,0.0,0.0,0.0,0.0,0.0,592663
EP,Eephus,,4,0.61,1,1,0,0.0,0,0.0,1,0,0.0,0.0,1,25.0,25.0,0.0,0.0,,1.0,1.0,2.0,3.0,1.0,592663
,,,2,0.31,1,0,0,0.0,1,100.0,0,0,,0.0,0,0.0,0.0,,0.0,,,1.0,,,,592663
CS,Slow Curve,BR,1,0.15,0,0,0,,0,,0,0,,0.0,1,100.0,100.0,,0.0,,,,,,,592663
FF,4-Seam Fastball,FB,37,25.34,5,4,0,0.0,1,20.0,15,0,0.0,0.0,7,18.92,18.92,27.78,29.63,0.0,0.25,0.4,0.25,0.65,0.0,592669
CH,Changeup,OS,28,19.18,8,8,0,0.0,0,0.0,14,4,28.57,14.29,3,10.71,25.0,26.67,22.22,0.0,0.0,0.0,0.0,0.0,0.0,592669
SI,Sinker,FB,20,13.7,7,7,1,14.29,0,0.0,10,1,10.0,5.0,4,20.0,25.0,0.0,7.41,50.0,0.429,0.429,0.571,1.0,0.1419999999999999,592669
FC,Cutter,FB,17,11.64,9,6,1,11.11,3,33.33,6,1,16.67,5.88,1,5.88,11.76,0.0,7.41,50.0,0.5,0.667,0.667,1.334,0.167,592669
SL,Slider,BR,16,10.96,6,5,1,16.67,0,0.0,10,2,20.0,12.5,3,18.75,31.25,50.0,18.52,20.0,0.0,0.0,0.0,0.0,0.0,592669
CU,Curveball,BR,13,8.9,4,4,3,75.0,0,0.0,4,2,50.0,15.38,2,15.38,30.77,30.0,11.11,100.0,0.0,0.0,0.0,0.0,0.0,592669
ST,Sweeper,BR,10,6.85,2,2,0,0.0,0,0.0,4,0,0.0,0.0,2,20.0,20.0,0.0,3.7,0.0,0.5,0.5,0.5,1.0,0.0,592669
KC,Knuckle Curve,BR,2,1.37,0,0,0,,0,,0,0,,0.0,0,0.0,0.0,0.0,0.0,,,,,,,592669
SV,Slurve,BR,2,1.37,1,1,0,0.0,0,0.0,1,0,0.0,0.0,0,0.0,0.0,0.0,0.0,,1.0,1.0,2.0,3.0,1.0,592669
FS,Split-Finger,OS,1,0.68,0,0,0,,0,,0,0,,0.0,0,0.0,0.0,0.0,0.0,,,,,,,592669
FF,4-Seam Fastball,FB,214,25.91,51,41,12,23.53,8,15.69,93,24,25.81,11.21,40,18.69,29.91,20.59,26.48,17.91,0.341,0.46,0.415,0.875,0.0739999999999999,592885
SI,Sinker,FB,204,24.7,56,51,8,14.29,3,5.36,93,21,22.58,10.29,48,23.53,33.82,28.57,17.0,18.6,0.216,0.286,0.235,0.5209999999999999,0.0189999999999999,592885
SL,Slider,BR,167,20.22,44,41,14,31.82,3,6.82,71,27,38.03,16.17,28,16.77,32.93,23.91,22.13,25.0,0.317,0.364,0.439,0.8029999999999999,0.122,592885
ST,Sweeper,BR,126,15.25,27,27,14,51.85,0,0.0,60,28,46.67,22.22,22,17.46,39.68,31.34,18.97,29.17,0.111,0.111,0.222,0.333,0.111,592885
CU,Curveball,BR,47,5.69,12,12,5,41.67,0,0.0,23,9,39.13,19.15,9,19.15,38.3,43.48,7.91,25.0,0.083,0.083,0.333,0.416,0.25,592885
FC,Cutter,FB,28,3.39,7,5,2,28.57,2,28.57,11,2,18.18,7.14,4,14.29,21.43,14.29,3.16,25.0,0.2,0.429,0.4,0.829,0.2,592885
CH,Changeup,OS,13,1.57,4,4,1,25.0,0,0.0,8,4,50.0,30.77,1,7.69,38.46,42.86,1.98,20.0,0.25,0.25,0.25,0.5,0.0,592885
KC,Knuckle Curve,BR,12,1.45,2,2,1,50.0,0,0.0,4,3,75.0,25.0,1,8.33,33.33,27.27,0.79,50.0,0.0,0.0,0.0,0.0,0.0,592885
FS,Split-Finger,OS,9,1.09,2,2,0,0.0,0,0.0,5,0,0.0,0.0,0,0.0,0.0,20.0,1.58,0.0,0.0,0.0,0.0,0.0,0.0,592885
,,,5,0.61,1,0,0,0.0,1,100.0,0,0,,0.0,0,0.0,0.0,,0.0,,,1.0,,,,592885
CS,Slow Curve,BR,1,0.12,1,1,0,0.0,0,0.0,1,0,0.0,0.0,0,0.0,0.0,,0.0,,1.0,1.0,4.0,5.0,3.0,592885
FF,4-Seam Fastball,FB,227,35.58,73,66,7,9.59,4,5.48,100,8,8.0,3.52,49,21.59,25.11,18.95,37.14,13.46,0.182,0.222,0.273,0.495,0.091,593428
CH,Changeup,OS,123,19.28,35,32,10,28.57,3,8.57,54,24,44.44,19.51,19,15.45,34.96,32.0,26.43,27.03,0.406,0.457,0.531,0.988,0.125,593428
SI,Sinker,FB,87,13.64,25,23,0,0.0,2,8.0,36,0,0.0,0.0,27,31.03,31.03,3.85,7.14,0.0,0.348,0.4,0.435,0.835,0.087,593428
SL,Slider,BR,64,10.03,13,12,5,38.46,0,0.0,24,7,29.17,10.94,12,18.75,29.69,22.86,14.29,25.0,0.25,0.231,0.25,0.481,0.0,593428
CU,Curveball,BR,52,8.15,6,4,0,0.0,2,33.33,9,1,11.11,1.92,14,26.92,28.85,8.82,5.71,0.0,1.0,1.0,2.0,3.0,1.0,593428
FC,Cutter,FB,28,4.39,9,9,2,22.22,0,0.0,13,3,23.08,10.71,10,35.71,46.43,44.44,3.57,40.0,0.444,0.444,0.889,1.333,0.445,593428
ST,Sweeper,BR,21,3.29,3,3,0,0.0,0,0.0,5,0,0.0,0.0,8,38.1,38.1,0.0,1.43,0.0,0.0,0.0,0.0,0.0,0.0,593428
FS,Split-Finger,OS,17,2.66,4,4,2,50.0,0,0.0,12,3,25.0,17.65,0,0.0,17.65,50.0,3.57,40.0,0.0,0.0,0.0,0.0,0.0,593428
,,,10,1.57,3,0,0,0.0,3,100.0,0,0,,0.0,0,0.0,0.0,,0.0,,,1.0,,,,593428
SV,Slurve,BR,5,0.78,0,0,0,,0,,3,1,33.33,20.0,0,0.0,20.0,0.0,0.71,0.0,,,,,,593428
KC,Knuckle Curve,BR,4,0.63,1,1,0,0.0,0,0.0,1,0,0.0,0.0,1,25.0,25.0,0.0,0.0,,1.0,1.0,2.0,3.0,1.0,593428
FF,4-Seam Fastball,FB,141,32.27,40,38,3,7.5,2,5.0,76,7,9.21,4.96,18,12.77,17.73,34.67,31.11,7.14,0.289,0.325,0.395,0.72,0.106,593871
CH,Changeup,OS,108,24.71,30,27,9,30.0,3,10.0,60,25,41.67,23.15,12,11.11,34.26,41.27,30.37,21.95,0.185,0.267,0.407,0.6739999999999999,0.2219999999999999,593871
SL,Slider,BR,60,13.73,9,9,1,11.11,0,0.0,29,7,24.14,11.67,11,18.33,30.0,37.14,13.33,5.56,0.556,0.556,1.111,1.667,0.5549999999999999,593871
SI,Sinker,FB,40,9.15,10,9,0,0.0,0,0.0,20,2,10.0,5.0,11,27.5,32.5,33.33,4.44,0.0,0.333,0.333,0.556,0.889,0.223,593871
FC,Cutter,FB,33,7.55,7,5,1,14.29,1,14.29,12,1,8.33,3.03,10,30.3,33.33,15.38,6.67,11.11,0.4,0.429,1.0,1.429,0.6,593871
ST,Sweeper,BR,23,5.26,10,10,4,40.0,0,0.0,16,8,50.0,34.78,3,13.04,47.83,66.67,6.67,44.44,0.2,0.2,0.6,0.8,0.3999999999999999,593871
CU,Curveball,BR,22,5.03,5,4,1,20.0,1,20.0,7,2,28.57,9.09,4,18.18,27.27,20.0,4.44,16.67,0.75,0.8,0.75,1.55,0.0,593871
KC,Knuckle Curve,BR,4,0.92,1,1,0,0.0,0,0.0,1,0,0.0,0.0,0,0.0,0.0,0.0,0.74,0.0,0.0,0.0,0.0,0.0,0.0,593871
FS,Split-Finger,OS,3,0.69,1,1,1,100.0,0,0.0,2,2,100.0,66.67,0,0.0,66.67,50.0,1.48,50.0,0.0,0.0,0.0,0.0,0.0,593871
SV,Slurve,BR,2,0.46,1,1,0,0.0,0,0.0,2,1,50.0,50.0,0,0.0,50.0,100.0,0.74,0.0,1.0,1.0,2.0,3.0,1.0,593871
,,,1,0.23,0,0,0,,0,,0,0,,0.0,0,0.0,0.0,,0.0,,,,,,,593871
FF,4-Seam Fastball,FB,18,54.55,4,4,2,50.0,0,0.0,16,5,31.25,27.78,0,0.0,27.78,60.0,50.0,28.57,0.25,0.25,0.25,0.5,0.0,595751
CH,Changeup,OS,5,15.15,2,2,0,0.0,0,0.0,4,1,25.0,20.0,0,0.0,20.0,66.67,21.43,0.0,0.5,0.5,0.5,1.0,0.0,595751
SL,Slider,BR,5,15.15,2,2,1,50.0,0,0.0,3,2,66.67,40.0,0,0.0,40.0,0.0,14.29,50.0,0.5,0.5,0.5,1.0,0.0,595751
ST,Sweeper,BR,3,9.09,1,1,0,0.0,0,0.0,3,0,0.0,0.0,0,0.0,0.0,,14.29,0.0,1.0,1.0,2.0,3.0,1.0,595751
CU,Curveball,BR,1,3.03,0,0,0,,0,,0,0,,0.0,1,100.0,100.0,,0.0,,,,,,,595751
FC,Cutter,FB,1,3.03,0,0,0,,0,,0,0,,0.0,0,0.0,0.0,0.0,0.0,,,,,,,595751
FF,4-Seam Fastball,FB,144,32.73,35,31,5,14.29,3,8.57,63,6,9.52,4.17,25,17.36,21.53,22.39,24.41,16.13,0.29,0.353,0.516,0.869,0.226,595777
SI,Sinker,FB,74,16.82,17,14,2,11.76,3,17.65,28,3,10.71,4.05,19,25.68,29.73,18.75,14.17,11.11,0.286,0.412,0.286,0.698,0.0,595777
CH,Changeup,OS,68,15.45,18,17,4,22.22,1,5.56,36,10,27.78,14.71,10,14.71,29.41,46.67,18.11,17.39,0.235,0.278,0.353,0.631,0.118,595777
SL,Slider,BR,46,10.45,11,10,2,18.18,1,9.09,26,4,15.38,8.7,8,17.39,26.09,38.89,11.02,14.29,0.3,0.364,0.7,1.064,0.3999999999999999,595777
CU,Curveball,BR,43,9.77,9,9,2,22.22,0,0.0,17,2,11.76,4.65,5,11.63,16.28,18.52,15.75,10.0,0.333,0.333,0.333,0.666,0.0,595777
FC,Cutter,FB,27,6.14,9,6,1,11.11,3,33.33,13,4,30.77,14.81,2,7.41,22.22,37.5,6.3,12.5,0.333,0.556,0.5,1.056,0.1669999999999999,595777
ST,Sweeper,BR,21,4.77,4,4,1,25.0,0,0.0,7,1,14.29,4.76,4,19.05,23.81,23.08,5.51,14.29,0.0,0.0,0.0,0.0,0.0,595777
FS,Split-Finger,OS,7,1.59,3,3,1,33.33,0,0.0,6,2,33.33,28.57,0,0.0,28.57,75.0,1.57,50.0,0.0,0.0,0.0,0.0,0.0,595777
,,,7,1.59,1,1,0,0.0,0,0.0,2,0,0.0,0.0,1,14.29,14.29,,3.15,0.0,0.0,0.0,0.0,0.0,0.0,595777
KC,Knuckle Curve,BR,3,0.68,1,0,0,0.0,0,0.0,0,0,,0.0,0,0.0,0.0,0.0,0.0,,,1.0,,,,595777
FF,4-Seam Fastball,FB,155,32.56,41,41,10,24.39,0,0.0,86,21,24.42,13.55,26,16.77,30.32,38.16,35.17,19.61,0.341,0.341,0.415,0.756,0.0739999999999999,595879
CH,Changeup,OS,112,23.53,36,34,9,25.0,1,2.78,65,19,29.23,16.96,10,8.93,25.89,50.0,27.59,22.5,0.206,0.222,0.235,0.4569999999999999,0.0289999999999999,595879
SI,Sinker,FB,52,10.92,14,13,1,7.14,1,7.14,22,2,9.09,3.85,16,30.77,34.62,44.0,6.9,10.0,0.308,0.357,0.385,0.742,0.077,595879
SL,Slider,BR,43,9.03,11,10,4,36.36,0,0.0,28,8,28.57,18.6,7,16.28,34.88,66.67,8.28,33.33,0.3,0.364,0.5,0.864,0.2,595879
CU,Curveball,BR,41,8.61,11,11,4,36.36,0,0.0,26,9,34.62,21.95,9,21.95,43.9,72.73,11.72,23.53,0.545,0.545,0.909,1.4540000000000002,0.364,595879
FC,Cutter,FB,41,8.61,11,10,1,9.09,1,9.09,18,1,5.56,2.44,9,21.95,24.39,28.57,4.14,16.67,0.3,0.364,0.5,0.864,0.2,595879
ST,Sweeper,BR,20,4.2,6,6,1,16.67,0,0.0,12,6,50.0,30.0,6,30.0,60.0,42.86,3.45,20.0,0.167,0.167,0.333,0.5,0.166,595879
SV,Slurve,BR,7,1.47,1,1,0,0.0,0,0.0,4,1,25.0,14.29,2,28.57,42.86,100.0,1.38,0.0,1.0,1.0,1.0,2.0,0.0,595879
KC,Knuckle Curve,BR,3,0.63,1,1,0,0.0,0,0.0,1,0,0.0,0.0,0,0.0,0.0,33.33,0.69,0.0,1.0,1.0,2.0,3.0,1.0,595879
FS,Split-Finger,OS,2,0.42,2,2,1,50.0,0,0.0,2,1,50.0,50.0,0,0.0,50.0,100.0,0.69,100.0,0.5,0.5,0.5,1.0,0.0,595879
FF,4-Seam Fastball,FB,129,36.86,38,33,7,18.42,4,10.53,68,13,19.12,10.08,17,13.18,23.26,29.82,30.51,19.44,0.091,0.184,0.121,0.305,0.03,595978
CH,Changeup,OS,88,25.14,18,16,5,27.78,2,11.11,46,23,50.0,26.14,6,6.82,32.95,28.3,27.97,15.15,0.312,0.389,0.312,0.7010000000000001,0.0,595978
SL,Slider,BR,36,10.29,9,7,3,33.33,2,22.22,22,8,36.36,22.22,4,11.11,33.33,43.75,10.17,25.0,0.143,0.333,0.571,0.904,0.4279999999999999,595978
SI,Sinker,FB,35,10.0,9,6,1,11.11,2,22.22,21,3,14.29,8.57,5,14.29,22.86,30.77,11.02,7.69,0.167,0.375,0.333,0.708,0.166,595978
CU,Curveball,BR,20,5.71,2,2,1,50.0,0,0.0,4,1,25.0,5.0,2,10.0,15.0,14.29,6.78,12.5,0.0,0.0,0.0,0.0,0.0,595978
FC,Cutter,FB,17,4.86,4,4,2,50.0,0,0.0,8,3,37.5,17.65,3,17.65,35.29,14.29,2.54,66.67,0.5,0.5,1.25,1.75,0.75,595978
ST,Sweeper,BR,16,4.57,6,6,4,66.67,0,0.0,8,5,62.5,31.25,6,37.5,68.75,60.0,7.63,44.44,0.167,0.167,0.167,0.334,0.0,595978
FS,Split-Finger,OS,7,2.0,3,3,1,33.33,0,0.0,4,1,25.0,14.29,1,14.29,28.57,33.33,2.54,33.33,0.0,0.0,0.0,0.0,0.0,595978
KC,Knuckle Curve,BR,2,0.57,0,0,0,,0,,0,0,,0.0,1,50.0,50.0,0.0,0.85,0.0,,,,,,595978
FF,4-Seam Fastball,FB,277,30.92,66,54,5,7.58,11,16.67,128,14,10.94,5.05,53,19.13,24.19,18.33,29.7,6.33,0.352,0.47,0.667,1.137,0.315,596019
SI,Sinker,FB,131,14.62,37,35,3,8.11,1,2.7,64,8,12.5,6.11,26,19.85,25.95,26.67,7.14,15.79,0.229,0.243,0.229,0.472,0.0,596019
CH,Changeup,OS,131,14.62,40,39,3,7.5,1,2.5,71,16,22.54,12.21,13,9.92,22.14,40.48,13.91,8.11,0.205,0.225,0.282,0.507,0.0769999999999999,596019
SL,Slider,BR,110,12.28,30,21,6,20.0,6,20.0,49,11,22.45,10.0,20,18.18,28.18,24.53,15.41,14.63,0.333,0.533,0.476,1.009,0.1429999999999999,596019
CU,Curveball,BR,95,10.6,26,24,6,23.08,1,3.85,48,11,22.92,11.58,13,13.68,25.26,38.89,13.91,16.22,0.083,0.115,0.208,0.323,0.1249999999999999,596019
ST,Sweeper,BR,60,6.7,12,11,3,25.0,0,0.0,29,5,17.24,8.33,10,16.67,25.0,30.77,8.65,13.04,0.091,0.167,0.091,0.258,0.0,596019
FC,Cutter,FB,54,6.03,10,10,3,30.0,0,0.0,29,7,24.14,12.96,7,12.96,25.93,47.06,5.26,21.43,0.0,0.0,0.0,0.0,0.0,596019
FS,Split-Finger,OS,18,2.01,3,3,0,0.0,0,0.0,8,2,25.0,11.11,0,0.0,11.11,16.67,3.01,0.0,0.333,0.333,0.333,0.666,0.0,596019
KC,Knuckle Curve,BR,13,1.45,2,2,0,0.0,0,0.0,4,2,50.0,15.38,1,7.69,23.08,0.0,1.88,0.0,0.5,0.5,0.5,1.0,0.0,596019
SV,Slurve,BR,5,0.56,1,1,1,100.0,0,0.0,3,2,66.67,40.0,1,20.0,60.0,66.67,0.38,100.0,0.0,0.0,0.0,0.0,0.0,596019
,,,2,0.22,0,0,0,,0,,0,0,,0.0,0,0.0,0.0,,0.75,0.0,,,,,,596019
FF,4-Seam Fastball,FB,137,36.15,34,33,10,29.41,1,2.94,77,15,19.48,10.95,20,14.6,25.55,18.37,36.76,20.0,0.242,0.265,0.485,0.75,0.243,596103
SI,Sinker,FB,56,14.78,15,13,5,33.33,2,13.33,28,8,28.57,14.29,9,16.07,30.36,15.38,11.76,31.25,0.154,0.267,0.385,0.652,0.231,596103
CH,Changeup,OS,54,14.25,16,15,4,25.0,1,6.25,31,7,22.58,12.96,4,7.41,20.37,45.45,12.5,23.53,0.133,0.188,0.133,0.321,0.0,596103
SL,Slider,BR,41,10.82,12,9,4,33.33,3,25.0,17,7,41.18,17.07,6,14.63,31.71,32.14,15.44,19.05,0.444,0.583,1.111,1.694,0.667,596103
CU,Curveball,BR,33,8.71,8,8,3,37.5,0,0.0,20,6,30.0,18.18,3,9.09,27.27,42.11,10.29,21.43,0.25,0.25,0.25,0.5,0.0,596103
FC,Cutter,FB,26,6.86,6,5,2,33.33,1,16.67,12,2,16.67,7.69,8,30.77,38.46,37.5,5.88,25.0,0.2,0.333,0.4,0.7330000000000001,0.2,596103
ST,Sweeper,BR,19,5.01,2,2,0,0.0,0,0.0,9,3,33.33,15.79,4,21.05,36.84,37.5,5.15,0.0,0.0,0.0,0.0,0.0,0.0,596103
KC,Knuckle Curve,BR,6,1.58,0,0,0,,0,,1,0,0.0,0.0,1,16.67,16.67,20.0,2.21,0.0,,,,,,596103
FS,Split-Finger,OS,5,1.32,0,0,0,,0,,2,2,100.0,40.0,1,20.0,60.0,0.0,0.0,,,,,,,596103
CS,Slow Curve,BR,1,0.26,0,0,0,,0,,0,0,,0.0,0,0.0,0.0,0.0,0.0,,,,,,,596103
SV,Slurve,BR,1,0.26,0,0,0,,0,,0,0,,0.0,0,0.0,0.0,0.0,0.0,,,,,,,596103
FF,4-Seam Fastball,FB,236,36.59,53,50,10,18.87,2,3.77,127,23,18.11,9.75,34,14.41,24.15,22.11,32.8,16.13,0.22,0.25,0.3,0.55,0.0799999999999999,596115
CH,Changeup,OS,102,15.81,32,32,5,15.62,0,0.0,66,22,33.33,21.57,6,5.88,27.45,48.08,16.4,16.13,0.219,0.219,0.438,0.657,0.219,596115
SL,Slider,BR,87,13.49,30,25,9,30.0,4,13.33,57,23,40.35,26.44,6,6.9,33.33,50.94,15.87,30.0,0.2,0.333,0.48,0.813,0.2799999999999999,596115
CU,Curveball,BR,81,12.56,17,16,8,47.06,1,5.88,43,15,34.88,18.52,10,12.35,30.86,40.43,17.46,24.24,0.125,0.176,0.125,0.301,0.0,596115
SI,Sinker,FB,41,6.36,12,11,1,8.33,1,8.33,24,1,4.17,2.44,7,17.07,19.51,30.77,4.23,12.5,0.727,0.75,0.909,1.659,0.182,596115
ST,Sweeper,BR,31,4.81,6,5,2,33.33,0,0.0,15,3,20.0,9.68,3,9.68,19.35,21.43,6.35,16.67,0.2,0.333,0.8,1.133,0.6000000000000001,596115
FC,Cutter,FB,31,4.81,10,10,1,10.0,0,0.0,17,3,17.65,9.68,2,6.45,16.13,37.5,3.17,16.67,0.5,0.5,0.6,1.1,0.0999999999999999,596115
KC,Knuckle Curve,BR,15,2.33,6,6,3,50.0,0,0.0,6,3,50.0,20.0,5,33.33,53.33,28.57,1.59,100.0,0.0,0.0,0.0,0.0,0.0,596115
FS,Split-Finger,OS,13,2.02,3,3,2,66.67,0,0.0,6,5,83.33,38.46,2,15.38,53.85,37.5,2.12,50.0,0.333,0.333,1.333,1.666,1.0,596115
FA,Other,,4,0.62,1,1,0,0.0,0,0.0,1,0,0.0,0.0,1,25.0,25.0,0.0,0.0,,1.0,1.0,1.0,2.0,0.0,596115
,,,4,0.62,1,0,0,0.0,1,100.0,0,0,,0.0,0,0.0,0.0,,0.0,,,1.0,,,,596115
SI,Sinker,FB,2,50.0,0,0,0,,0,,1,0,0.0,0.0,0,0.0,0.0,0.0,0.0,,,,,,,596117
FC,Cutter,FB,1,25.0,1,1,0,0.0,0,0.0,1,0,0.0,0.0,0,0.0,0.0,,100.0,0.0,0.0,0.0,0.0,0.0,0.0,596117
FF,4-Seam Fastball,FB,1,25.0,0,0,0,,0,,1,0,0.0,0.0,0,0.0,0.0,,0.0,,,,,,,596117
FF,4-Seam Fastball,FB,51,29.48,15,13,2,13.33,1,6.67,23,1,4.35,1.96,11,21.57,23.53,28.0,37.04,10.0,0.154,0.267,0.154,0.421,0.0,596142
CH,Changeup,OS,30,17.34,6,6,3,50.0,0,0.0,16,9,56.25,30.0,3,10.0,40.0,42.11,18.52,30.0,0.167,0.167,0.667,0.8340000000000001,0.5,596142
SL,Slider,BR,25,14.45,5,4,1,20.0,1,20.0,11,6,54.55,24.0,6,24.0,48.0,33.33,11.11,16.67,0.5,0.6,0.75,1.35,0.25,596142
CU,Curveball,BR,22,12.72,3,3,2,66.67,0,0.0,6,3,50.0,13.64,6,27.27,40.91,21.43,7.41,50.0,0.333,0.333,0.333,0.666,0.0,596142
SI,Sinker,FB,16,9.25,6,5,2,33.33,0,0.0,8,3,37.5,18.75,5,31.25,50.0,50.0,9.26,40.0,0.0,0.0,0.0,0.0,0.0,596142
FC,Cutter,FB,15,8.67,3,3,0,0.0,0,0.0,9,2,22.22,13.33,3,20.0,33.33,50.0,3.7,0.0,0.333,0.333,0.333,0.666,0.0,596142
ST,Sweeper,BR,11,6.36,4,4,1,25.0,0,0.0,7,1,14.29,9.09,2,18.18,27.27,33.33,11.11,16.67,0.25,0.25,0.25,0.5,0.0,596142
FS,Split-Finger,OS,3,1.73,0,0,0,,0,,0,0,,0.0,0,0.0,0.0,0.0,1.85,0.0,,,,,,596142
FF,4-Seam Fastball,FB,77,30.68,20,15,3,15.0,5,25.0,36,8,22.22,10.39,12,15.58,25.97,12.5,29.69,15.79,0.2,0.4,0.267,0.667,0.067,596146
SL,Slider,BR,56,22.31,23,22,6,26.09,1,4.35,31,11,35.48,19.64,10,17.86,37.5,38.46,25.0,37.5,0.227,0.261,0.364,0.625,0.1369999999999999,596146
SI,Sinker,FB,45,17.93,14,14,4,28.57,0,0.0,22,2,9.09,4.44,11,24.44,28.89,30.77,12.5,50.0,0.357,0.357,0.714,1.071,0.357,596146
CU,Curveball,BR,30,11.95,6,6,2,33.33,0,0.0,15,5,33.33,16.67,2,6.67,23.33,26.67,18.75,16.67,0.0,0.0,0.0,0.0,0.0,596146
ST,Sweeper,BR,25,9.96,8,8,0,0.0,0,0.0,12,1,8.33,4.0,4,16.0,20.0,20.0,6.25,0.0,0.125,0.125,0.125,0.25,0.0,596146
FC,Cutter,FB,14,5.58,4,3,1,25.0,0,0.0,11,4,36.36,28.57,0,0.0,28.57,57.14,3.12,50.0,0.333,0.25,0.333,0.583,0.0,596146
CH,Changeup,OS,3,1.2,1,1,1,100.0,0,0.0,0,0,,0.0,1,33.33,33.33,0.0,4.69,33.33,0.0,0.0,0.0,0.0,0.0,596146
KC,Knuckle Curve,BR,1,0.4,0,0,0,,0,,0,0,,0.0,0,0.0,0.0,0.0,0.0,,,,,,,596146
FF,4-Seam Fastball,FB,30,31.58,8,7,0,0.0,1,12.5,19,0,0.0,0.0,4,13.33,13.33,44.44,33.33,0.0,0.286,0.375,1.143,1.518,0.857,600869
SL,Slider,BR,16,16.84,4,2,1,25.0,1,25.0,6,3,50.0,18.75,0,0.0,18.75,9.09,13.33,25.0,0.5,0.5,1.0,1.5,0.5,600869
FC,Cutter,FB,13,13.68,5,5,0,0.0,0,0.0,8,0,0.0,0.0,2,15.38,15.38,40.0,13.33,0.0,0.0,0.0,0.0,0.0,0.0,600869
SI,Sinker,FB,11,11.58,3,3,0,0.0,0,0.0,6,0,0.0,0.0,3,27.27,27.27,0.0,13.33,0.0,0.0,0.0,0.0,0.0,0.0,600869
CH,Changeup,OS,10,10.53,3,2,1,33.33,0,0.0,3,1,33.33,10.0,2,20.0,30.0,33.33,10.0,33.33,0.0,0.0,0.0,0.0,0.0,600869
CU,Curveball,BR,6,6.32,0,0,0,,0,,0,0,,0.0,2,33.33,33.33,0.0,10.0,0.0,,,,,,600869
ST,Sweeper,BR,4,4.21,0,0,0,,0,,1,0,0.0,0.0,1,25.0,25.0,33.33,3.33,0.0,,,,,,600869
CS,Slow Curve,BR,2,2.11,0,0,0,,0,,1,0,0.0,0.0,0,0.0,0.0,50.0,0.0,,,,,,,600869
SV,Slurve,BR,2,2.11,1,1,0,0.0,0,0.0,2,0,0.0,0.0,0,0.0,0.0,,3.33,0.0,0.0,0.0,0.0,0.0,0.0,600869
FS,Split-Finger,OS,1,1.05,0,0,0,,0,,0,0,,0.0,0,0.0,0.0,0.0,0.0,,,,,,,600869
FF,4-Seam Fastball,FB,165,34.45,38,33,10,26.32,4,10.53,85,21,24.71,12.73,28,16.97,29.7,31.17,35.15,17.24,0.273,0.342,0.394,0.736,0.121,602104
CH,Changeup,OS,100,20.88,28,28,8,28.57,0,0.0,56,22,39.29,22.0,4,4.0,26.0,37.5,20.61,23.53,0.25,0.25,0.357,0.607,0.1069999999999999,602104
SI,Sinker,FB,60,12.53,12,9,2,16.67,3,25.0,26,3,11.54,5.0,12,20.0,25.0,28.57,6.67,18.18,0.333,0.5,0.333,0.833,0.0,602104
SL,Slider,BR,47,9.81,15,15,5,33.33,0,0.0,29,10,34.48,21.28,3,6.38,27.66,31.82,11.52,26.32,0.333,0.333,0.8,1.133,0.467,602104
CU,Curveball,BR,42,8.77,10,9,1,10.0,1,10.0,19,3,15.79,7.14,5,11.9,19.05,33.33,11.52,5.26,0.222,0.3,0.222,0.522,0.0,602104
FC,Cutter,FB,36,7.52,7,7,1,14.29,0,0.0,17,4,23.53,11.11,4,11.11,22.22,6.25,5.45,11.11,0.286,0.286,0.714,1.0,0.428,602104
KC,Knuckle Curve,BR,11,2.3,3,2,2,66.67,1,33.33,2,2,100.0,18.18,3,27.27,45.45,12.5,3.03,40.0,0.0,0.333,0.0,0.333,0.0,602104
ST,Sweeper,BR,9,1.88,2,1,0,0.0,1,50.0,5,1,20.0,11.11,1,11.11,22.22,50.0,3.03,0.0,0.0,0.5,0.0,0.5,0.0,602104
SV,Slurve,BR,8,1.67,3,3,2,66.67,0,0.0,4,2,50.0,25.0,2,25.0,50.0,25.0,3.03,40.0,0.0,0.0,0.0,0.0,0.0,602104
,,,1,0.21,0,0,0,,0,,0,0,,0.0,0,0.0,0.0,,0.0,,,,,,,602104
FF,4-Seam Fastball,FB,12,54.55,4,4,2,50.0,0,0.0,10,6,60.0,50.0,1,8.33,58.33,85.71,100.0,40.0,0.0,0.0,0.0,0.0,0.0,605113
CH,Changeup,OS,4,18.18,1,1,0,0.0,0,0.0,3,2,66.67,50.0,0,0.0,50.0,0.0,0.0,,0.0,0.0,0.0,0.0,0.0,605113
ST,Sweeper,BR,4,18.18,1,1,0,0.0,0,0.0,1,0,0.0,0.0,2,50.0,50.0,0.0,0.0,,0.0,0.0,0.0,0.0,0.0,605113
SL,Slider,BR,2,9.09,1,1,0,0.0,0,0.0,1,0,0.0,0.0,0,0.0,0.0,0.0,0.0,,0.0,0.0,0.0,0.0,0.0,605113
FF,4-Seam Fastball,FB,13,50.0,2,2,0,0.0,0,0.0,5,0,0.0,0.0,3,23.08,23.08,16.67,50.0,0.0,0.0,0.0,0.0,0.0,0.0,605131
CU,Curveball,BR,6,23.08,1,1,0,0.0,0,0.0,1,0,0.0,0.0,3,50.0,50.0,0.0,20.0,0.0,1.0,1.0,2.0,3.0,1.0,605131
CH,Changeup,OS,4,15.38,2,2,0,0.0,0,0.0,3,1,33.33,25.0,0,0.0,25.0,50.0,10.0,0.0,0.5,0.5,0.5,1.0,0.0,605131
SL,Slider,BR,3,11.54,2,2,1,50.0,0,0.0,3,1,33.33,33.33,0,0.0,33.33,100.0,20.0,50.0,0.0,0.0,0.0,0.0,0.0,605131
FF,4-Seam Fastball,FB,128,25.25,28,27,3,10.71,1,3.57,70,15,21.43,11.72,22,17.19,28.91,30.0,24.07,7.69,0.111,0.143,0.333,0.476,0.222,605137
CH,Changeup,OS,115,22.68,25,22,8,32.0,3,12.0,46,20,43.48,17.39,16,13.91,31.3,24.32,19.14,25.81,0.136,0.24,0.273,0.513,0.137,605137
SI,Sinker,FB,98,19.33,19,15,3,15.79,4,21.05,39,11,28.21,11.22,20,20.41,31.63,20.45,18.52,10.0,0.133,0.316,0.267,0.583,0.134,605137
SL,Slider,BR,61,12.03,15,12,3,20.0,3,20.0,29,9,31.03,14.75,3,4.92,19.67,23.68,17.28,10.71,0.25,0.4,0.583,0.983,0.3329999999999999,605137
CU,Curveball,BR,39,7.69,14,12,6,42.86,2,14.29,22,12,54.55,30.77,3,7.69,38.46,44.44,8.64,42.86,0.083,0.214,0.083,0.297,0.0,605137
FC,Cutter,FB,29,5.72,9,8,1,11.11,1,11.11,15,3,20.0,10.34,3,10.34,20.69,28.57,4.32,14.29,0.25,0.333,0.25,0.583,0.0,605137
ST,Sweeper,BR,22,4.34,7,7,2,28.57,0,0.0,14,4,28.57,18.18,0,0.0,18.18,42.86,3.7,33.33,0.286,0.286,0.429,0.715,0.143,605137
FS,Split-Finger,OS,7,1.38,1,1,0,0.0,0,0.0,2,0,0.0,0.0,1,14.29,14.29,0.0,1.23,0.0,0.0,0.0,0.0,0.0,0.0,605137
KC,Knuckle Curve,BR,4,0.79,0,0,0,,0,,1,1,100.0,25.0,0,0.0,25.0,33.33,1.85,0.0,,,,,,605137
SV,Slurve,BR,4,0.79,2,2,2,100.0,0,0.0,2,2,100.0,50.0,2,50.0,100.0,100.0,1.23,100.0,0.0,0.0,0.0,0.0,0.0,605137
FF,4-Seam Fastball,FB,224,31.59,48,36,5,10.42,10,20.83,63,4,6.35,1.79,61,27.23,29.02,8.93,30.9,9.09,0.333,0.479,0.5,0.979,0.1669999999999999,605141
CH,Changeup,OS,146,20.59,40,38,9,22.5,1,2.5,70,20,28.57,13.7,15,10.27,23.97,32.97,21.91,23.08,0.184,0.2,0.289,0.489,0.1049999999999999,605141
SI,Sinker,FB,129,18.19,36,33,2,5.56,2,5.56,55,3,5.45,2.33,29,22.48,24.81,12.0,15.73,7.14,0.303,0.333,0.424,0.757,0.121,605141
SL,Slider,BR,66,9.31,19,19,1,5.26,0,0.0,33,5,15.15,7.58,12,18.18,25.76,32.26,12.92,4.35,0.158,0.158,0.368,0.526,0.21,605141
CU,Curveball,BR,49,6.91,18,17,2,11.11,1,5.56,25,5,20.0,10.2,8,16.33,26.53,38.71,8.43,13.33,0.235,0.278,0.412,0.69,0.177,605141
FC,Cutter,FB,35,4.94,11,9,0,0.0,1,9.09,13,1,7.69,2.86,7,20.0,22.86,0.0,2.25,0.0,0.0,0.091,0.0,0.091,0.0,605141
ST,Sweeper,BR,20,2.82,4,4,0,0.0,0,0.0,9,0,0.0,0.0,5,25.0,25.0,0.0,2.81,0.0,0.5,0.5,1.25,1.75,0.75,605141
FS,Split-Finger,OS,19,2.68,5,5,0,0.0,0,0.0,11,3,27.27,15.79,3,15.79,31.58,53.85,3.37,0.0,0.6,0.6,1.2,1.7999999999999998,0.6,605141
KC,Knuckle Curve,BR,11,1.55,4,4,0,0.0,0,0.0,6,0,0.0,0.0,1,9.09,9.09,50.0,1.69,0.0,0.5,0.5,0.5,1.0,0.0,605141
,,,8,1.13,2,0,0,0.0,2,100.0,0,0,,0.0,0,0.0,0.0,,0.0,,,1.0,,,,605141
SV,Slurve,BR,2,0.28,0,0,0,,0,,0,0,,0.0,0,0.0,0.0,0.0,0.0,,,,,,,605141
FF,4-Seam Fastball,FB,80,34.48,26,24,5,19.23,0,0.0,42,3,7.14,3.75,9,11.25,15.0,16.22,37.97,16.67,0.25,0.308,0.458,0.766,0.208,605170
SL,Slider,BR,32,13.79,7,6,3,42.86,0,0.0,15,9,60.0,28.12,7,21.88,50.0,25.0,8.86,42.86,0.167,0.286,0.333,0.619,0.166,605170
CH,Changeup,OS,31,13.36,10,9,4,40.0,0,0.0,17,9,52.94,29.03,2,6.45,35.48,42.86,13.92,36.36,0.111,0.1,0.444,0.544,0.333,605170
CU,Curveball,BR,28,12.07,3,2,1,33.33,1,33.33,6,3,50.0,10.71,10,35.71,46.43,18.75,12.66,10.0,0.5,0.667,0.5,1.167,0.0,605170
SI,Sinker,FB,24,10.34,7,6,1,14.29,0,0.0,11,3,27.27,12.5,5,20.83,33.33,0.0,10.13,12.5,0.167,0.286,0.167,0.4529999999999999,0.0,605170
FC,Cutter,FB,17,7.33,2,1,0,0.0,0,0.0,10,3,30.0,17.65,2,11.76,29.41,37.5,3.8,0.0,0.0,0.5,0.0,0.5,0.0,605170
ST,Sweeper,BR,14,6.03,4,2,0,0.0,0,0.0,8,0,0.0,0.0,3,21.43,21.43,50.0,8.86,0.0,0.5,0.75,2.0,2.75,1.5,605170
KC,Knuckle Curve,BR,5,2.16,2,2,1,50.0,0,0.0,3,2,66.67,40.0,2,40.0,80.0,100.0,2.53,50.0,0.0,0.0,0.0,0.0,0.0,605170
FS,Split-Finger,OS,1,0.43,1,1,1,100.0,0,0.0,1,1,100.0,100.0,0,0.0,100.0,100.0,1.27,100.0,0.0,0.0,0.0,0.0,0.0,605170
FF,4-Seam Fastball,FB,1,33.33,0,0,0,,0,,0,0,,0.0,0,0.0,0.0,0.0,,,,,,,,605204
SI,Sinker,FB,1,33.33,0,0,0,,0,,0,0,,0.0,1,100.0,100.0,,,,,,,,,605204
ST,Sweeper,BR,1,33.33,1,1,0,0.0,0,0.0,1,0,0.0,0.0,0,0.0,0.0,,,,0.0,0.0,0.0,0.0,0.0,605204
FF,4-Seam Fastball,FB,5,71.43,2,2,1,50.0,0,0.0,3,2,66.67,40.0,1,20.0,60.0,0.0,100.0,100.0,0.0,0.0,0.0,0.0,0.0,605244
ST,Sweeper,BR,2,28.57,0,0,0,,0,,0,0,,0.0,0,0.0,0.0,0.0,0.0,,,,,,,605244
ST,Sweeper,BR,4,66.67,2,2,1,50.0,0,0.0,3,1,33.33,25.0,1,25.0,50.0,100.0,100.0,50.0,0.0,0.0,0.0,0.0,0.0,605353
FF,4-Seam Fastball,FB,2,33.33,0,0,0,,0,,1,0,0.0,0.0,1,50.0,50.0,,0.0,,,,,,,605353
FF,4-Seam Fastball,FB,12,52.17,3,2,0,0.0,1,33.33,7,1,14.29,8.33,1,8.33,16.67,0.0,50.0,0.0,0.0,0.333,0.0,0.333,0.0,605361
SL,Slider,BR,6,26.09,0,0,0,,0,,2,0,0.0,0.0,0,0.0,0.0,20.0,37.5,0.0,,,,,,605361
SI,Sinker,FB,2,8.7,0,0,0,,0,,1,1,100.0,50.0,1,50.0,100.0,100.0,0.0,,,,,,,605361
CU,Curveball,BR,1,4.35,0,0,0,,0,,0,0,,0.0,0,0.0,0.0,0.0,0.0,,,,,,,605361
FC,Cutter,FB,1,4.35,1,1,0,0.0,0,0.0,1,0,0.0,0.0,0,0.0,0.0,,0.0,,0.0,0.0,0.0,0.0,0.0,605361
ST,Sweeper,BR,1,4.35,1,1,0,0.0,0,0.0,1,0,0.0,0.0,0,0.0,0.0,100.0,12.5,0.0,0.0,0.0,0.0,0.0,0.0,605361
FF,4-Seam Fastball,FB,73,38.02,16,15,2,12.5,1,6.25,34,9,26.47,12.33,15,20.55,32.88,23.33,35.56,12.5,0.067,0.125,0.067,0.192,0.0,606115
CH,Changeup,OS,29,15.1,10,10,1,10.0,0,0.0,21,5,23.81,17.24,0,0.0,17.24,50.0,15.56,14.29,0.4,0.4,0.4,0.8,0.0,606115
SI,Sinker,FB,26,13.54,13,12,2,15.38,1,7.69,17,3,17.65,11.54,3,11.54,23.08,14.29,13.33,33.33,0.333,0.385,0.667,1.052,0.334,606115
SL,Slider,BR,22,11.46,7,7,2,28.57,0,0.0,15,6,40.0,27.27,1,4.55,31.82,57.14,8.89,50.0,0.0,0.0,0.0,0.0,0.0,606115
CU,Curveball,BR,19,9.9,5,5,2,40.0,0,0.0,9,3,33.33,15.79,1,5.26,21.05,40.0,17.78,25.0,0.4,0.4,0.4,0.8,0.0,606115
ST,Sweeper,BR,10,5.21,3,3,0,0.0,0,0.0,5,1,20.0,10.0,1,10.0,20.0,0.0,4.44,0.0,0.333,0.333,0.667,1.0,0.334,606115
FC,Cutter,FB,6,3.12,0,0,0,,0,,2,0,0.0,0.0,1,16.67,16.67,0.0,0.0,,,,,,,606115
FS,Split-Finger,OS,5,2.6,2,2,2,100.0,0,0.0,3,2,66.67,40.0,0,0.0,40.0,33.33,4.44,100.0,0.0,0.0,0.0,0.0,0.0,606115
KC,Knuckle Curve,BR,2,1.04,0,0,0,,0,,1,0,0.0,0.0,1,50.0,50.0,,0.0,,,,,,,606115
FF,4-Seam Fastball,FB,155,32.09,44,41,6,13.64,3,6.82,90,22,24.44,14.19,14,9.03,23.23,27.54,35.25,12.24,0.317,0.364,0.512,0.876,0.195,606192
CH,Changeup,OS,92,19.05,22,20,3,13.64,2,9.09,38,16,42.11,17.39,8,8.7,26.09,25.81,18.71,11.54,0.25,0.318,0.3,0.618,0.0499999999999999,606192
SL,Slider,BR,53,10.97,16,16,3,18.75,0,0.0,30,8,26.67,15.09,6,11.32,26.42,39.29,11.51,18.75,0.25,0.25,0.625,0.875,0.375,606192
SI,Sinker,FB,50,10.35,16,16,1,6.25,0,0.0,28,3,10.71,6.0,10,20.0,26.0,23.53,3.6,20.0,0.188,0.188,0.562,0.75,0.374,606192
FC,Cutter,FB,46,9.52,10,10,4,40.0,0,0.0,28,12,42.86,26.09,12,26.09,52.17,44.44,5.76,50.0,0.0,0.0,0.0,0.0,0.0,606192
CU,Curveball,BR,45,9.32,9,8,3,33.33,0,0.0,19,6,31.58,13.33,5,11.11,24.44,31.03,13.67,15.79,0.125,0.222,0.125,0.347,0.0,606192
FS,Split-Finger,OS,16,3.31,4,4,1,25.0,0,0.0,7,2,28.57,12.5,3,18.75,31.25,25.0,4.32,16.67,0.5,0.5,0.75,1.25,0.25,606192
KC,Knuckle Curve,BR,13,2.69,3,3,0,0.0,0,0.0,7,3,42.86,23.08,0,0.0,23.08,40.0,2.88,0.0,0.333,0.333,0.667,1.0,0.334,606192
ST,Sweeper,BR,13,2.69,2,2,1,50.0,0,0.0,6,3,50.0,23.08,1,7.69,30.77,25.0,4.32,16.67,0.5,0.5,2.0,2.5,1.5,606192
FF,4-Seam Fastball,FB,187,29.87,55,47,7,12.73,7,12.73,98,12,12.24,6.42,25,13.37,19.79,23.17,29.94,14.89,0.277,0.382,0.383,0.765,0.1059999999999999,606466
CH,Changeup,OS,148,23.64,41,38,6,14.63,3,7.32,74,25,33.78,16.89,11,7.43,24.32,31.58,22.29,17.14,0.289,0.341,0.605,0.946,0.316,606466
SL,Slider,BR,86,13.74,23,21,5,21.74,2,8.7,40,7,17.5,8.14,11,12.79,20.93,26.53,16.56,19.23,0.19,0.261,0.476,0.737,0.286,606466
SI,Sinker,FB,53,8.47,17,13,0,0.0,2,11.76,23,0,0.0,0.0,12,22.64,22.64,24.14,6.37,0.0,0.231,0.412,0.231,0.643,0.0,606466
CU,Curveball,BR,43,6.87,12,12,2,16.67,0,0.0,21,7,33.33,16.28,7,16.28,32.56,40.0,8.28,15.38,0.5,0.5,0.917,1.417,0.417,606466
FC,Cutter,FB,37,5.91,16,13,2,12.5,2,12.5,18,2,11.11,5.41,5,13.51,18.92,6.67,5.1,25.0,0.308,0.438,0.538,0.976,0.23,606466
ST,Sweeper,BR,37,5.91,8,7,3,37.5,1,12.5,14,6,42.86,16.22,13,35.14,51.35,35.29,7.01,27.27,0.143,0.25,0.571,0.821,0.4279999999999999,606466
FS,Split-Finger,OS,17,2.72,6,6,0,0.0,0,0.0,11,3,27.27,17.65,0,0.0,17.65,40.0,3.82,0.0,0.167,0.167,0.667,0.8340000000000001,0.5,606466
,,,14,2.24,4,0,0,0.0,4,100.0,0,0,,0.0,0,0.0,0.0,,0.0,,,1.0,,,,606466
KC,Knuckle Curve,BR,3,0.48,1,1,0,0.0,0,0.0,1,0,0.0,0.0,0,0.0,0.0,0.0,0.64,0.0,1.0,1.0,2.0,3.0,1.0,606466
SV,Slurve,BR,1,0.16,1,1,0,0.0,0,0.0,1,0,0.0,0.0,0,0.0,0.0,,0.0,,0.0,0.0,0.0,0.0,0.0,606466
FF,4-Seam Fastball,FB,32,27.59,6,6,2,33.33,0,0.0,13,3,23.08,9.38,5,15.62,25.0,0.0,39.47,13.33,0.333,0.333,0.833,1.166,0.4999999999999999,606992
CH,Changeup,OS,23,19.83,6,6,1,16.67,0,0.0,12,5,41.67,21.74,2,8.7,30.43,35.71,18.42,14.29,0.333,0.333,0.333,0.666,0.0,606992
SL,Slider,BR,14,12.07,3,3,0,0.0,0,0.0,8,2,25.0,14.29,2,14.29,28.57,50.0,10.53,0.0,0.0,0.0,0.0,0.0,0.0,606992
ST,Sweeper,BR,12,10.34,5,4,4,80.0,1,20.0,4,4,100.0,33.33,4,33.33,66.67,28.57,15.79,66.67,0.0,0.2,0.0,0.2,0.0,606992
CU,Curveball,BR,12,10.34,2,2,1,50.0,0,0.0,5,2,40.0,16.67,5,41.67,58.33,60.0,7.89,33.33,0.0,0.0,0.0,0.0,0.0,606992
FC,Cutter,FB,10,8.62,2,2,1,50.0,0,0.0,5,2,40.0,20.0,2,20.0,40.0,33.33,2.63,100.0,0.0,0.0,0.0,0.0,0.0,606992
SI,Sinker,FB,9,7.76,1,1,1,100.0,0,0.0,3,1,33.33,11.11,3,33.33,44.44,33.33,2.63,100.0,0.0,0.0,0.0,0.0,0.0,606992
FS,Split-Finger,OS,3,2.59,1,1,0,0.0,0,0.0,1,0,0.0,0.0,0,0.0,0.0,0.0,2.63,0.0,0.0,0.0,0.0,0.0,0.0,606992
,,,1,0.86,0,0,0,,0,,0,0,,0.0,0,0.0,0.0,,0.0,,,,,,,606992
FF,4-Seam Fastball,FB,253,31.16,55,47,17,30.91,6,10.91,117,29,24.79,11.46,57,22.53,33.99,20.88,31.46,20.24,0.255,0.345,0.404,0.749,0.149,607043
SL,Slider,BR,189,23.28,50,48,15,30.0,1,2.0,104,32,30.77,16.93,18,9.52,26.46,38.61,26.22,21.43,0.167,0.18,0.292,0.472,0.1249999999999999,607043
SI,Sinker,FB,173,21.31,46,41,7,15.22,3,6.52,87,16,18.39,9.25,36,20.81,30.06,33.78,15.73,16.67,0.293,0.37,0.439,0.8089999999999999,0.146,607043
ST,Sweeper,BR,84,10.34,25,23,5,20.0,0,0.0,43,10,23.26,11.9,12,14.29,26.19,29.27,11.61,16.13,0.391,0.4,0.565,0.965,0.1739999999999999,607043
CU,Curveball,BR,53,6.53,12,10,3,25.0,1,8.33,18,4,22.22,7.55,8,15.09,22.64,12.5,8.61,13.04,0.4,0.5,0.5,1.0,0.0999999999999999,607043
FC,Cutter,FB,34,4.19,9,8,0,0.0,1,11.11,16,3,18.75,8.82,4,11.76,20.59,22.22,1.87,0.0,0.125,0.222,0.25,0.472,0.125,607043
CH,Changeup,OS,14,1.72,5,5,1,20.0,0,0.0,6,1,16.67,7.14,0,0.0,7.14,0.0,3.37,11.11,0.2,0.2,0.8,1.0,0.6000000000000001,607043
KC,Knuckle Curve,BR,5,0.62,1,1,1,100.0,0,0.0,1,1,100.0,20.0,2,40.0,60.0,25.0,0.37,100.0,0.0,0.0,0.0,0.0,0.0,607043
SV,Slurve,BR,5,0.62,1,1,0,0.0,0,0.0,3,0,0.0,0.0,0,0.0,0.0,0.0,0.75,0.0,1.0,1.0,1.0,2.0,0.0,607043
FS,Split-Finger,OS,2,0.25,0,0,0,,0,,0,0,,0.0,0,0.0,0.0,0.0,0.0,,,,,,,607043
FF,4-Seam Fastball,FB,252,32.43,67,64,13,19.4,3,4.48,140,22,15.71,8.73,32,12.7,21.43,24.27,33.06,16.25,0.359,0.388,0.594,0.982,0.235,607208
CH,Changeup,OS,148,19.05,35,32,1,2.86,2,5.71,69,15,21.74,10.14,15,10.14,20.27,30.21,17.77,2.33,0.344,0.4,0.344,0.744,0.0,607208
SI,Sinker,FB,110,14.16,33,29,2,6.06,4,12.12,56,6,10.71,5.45,17,15.45,20.91,19.61,7.44,11.11,0.345,0.424,0.414,0.838,0.069,607208
SL,Slider,BR,86,11.07,29,24,7,24.14,4,13.79,46,14,30.43,16.28,10,11.63,27.91,39.22,15.29,18.92,0.208,0.345,0.375,0.72,0.167,607208
CU,Curveball,BR,71,9.14,17,17,3,17.65,0,0.0,39,10,25.64,14.08,6,8.45,22.54,40.48,10.74,11.54,0.294,0.294,0.471,0.7649999999999999,0.177,607208
FC,Cutter,FB,48,6.18,11,11,2,18.18,0,0.0,25,6,24.0,12.5,7,14.58,27.08,26.09,4.55,18.18,0.273,0.273,0.455,0.728,0.182,607208
ST,Sweeper,BR,29,3.73,7,7,2,28.57,0,0.0,19,7,36.84,24.14,2,6.9,31.03,60.0,4.55,18.18,0.286,0.286,0.286,0.572,0.0,607208
KC,Knuckle Curve,BR,17,2.19,4,4,1,25.0,0,0.0,10,3,30.0,17.65,2,11.76,29.41,50.0,4.13,10.0,0.5,0.5,0.5,1.0,0.0,607208
SV,Slurve,BR,6,0.77,0,0,0,,0,,3,1,33.33,16.67,0,0.0,16.67,60.0,0.83,0.0,,,,,,607208
FS,Split-Finger,OS,5,0.64,1,1,1,100.0,0,0.0,3,1,33.33,20.0,0,0.0,20.0,50.0,1.24,33.33,0.0,0.0,0.0,0.0,0.0,607208
,,,4,0.51,1,0,0,0.0,1,100.0,0,0,,0.0,0,0.0,0.0,,0.0,,,1.0,,,,607208
CS,Slow Curve,BR,1,0.13,0,0,0,,0,,0,0,,0.0,0,0.0,0.0,0.0,0.41,0.0,,,,,,607208
FF,4-Seam Fastball,FB,56,47.86,14,14,3,21.43,0,0.0,33,5,15.15,8.93,10,17.86,26.79,48.0,48.48,18.75,0.143,0.143,0.143,0.286,0.0,607680
CH,Changeup,OS,12,10.26,5,5,1,20.0,0,0.0,7,1,14.29,8.33,1,8.33,16.67,50.0,12.12,25.0,0.2,0.2,0.4,0.6000000000000001,0.2,607680
ST,Sweeper,BR,11,9.4,3,3,0,0.0,0,0.0,5,0,0.0,0.0,2,18.18,18.18,33.33,6.06,0.0,0.333,0.333,0.333,0.666,0.0,607680
SI,Sinker,FB,10,8.55,3,3,1,33.33,0,0.0,6,1,16.67,10.0,2,20.0,30.0,50.0,6.06,50.0,0.0,0.0,0.0,0.0,0.0,607680
SL,Slider,BR,9,7.69,5,5,1,20.0,0,0.0,6,1,16.67,11.11,1,11.11,22.22,50.0,6.06,50.0,0.2,0.2,0.2,0.4,0.0,607680
CU,Curveball,BR,6,5.13,2,2,1,50.0,0,0.0,4,1,25.0,16.67,1,16.67,33.33,66.67,9.09,33.33,0.5,0.5,1.0,1.5,0.5,607680
FC,Cutter,FB,6,5.13,1,1,0,0.0,0,0.0,3,1,33.33,16.67,2,33.33,50.0,50.0,6.06,0.0,1.0,1.0,1.0,2.0,0.0,607680
FS,Split-Finger,OS,5,4.27,2,2,0,0.0,0,0.0,3,0,0.0,0.0,0,0.0,0.0,50.0,6.06,0.0,0.5,0.5,0.5,1.0,0.0,607680
KC,Knuckle Curve,BR,2,1.71,0,0,0,,0,,1,1,100.0,50.0,0,0.0,50.0,100.0,0.0,,,,,,,607680
FF,4-Seam Fastball,FB,67,40.85,12,10,6,50.0,2,16.67,26,9,34.62,13.43,15,22.39,35.82,24.24,29.69,31.58,0.0,0.167,0.0,0.167,0.0,607732
CH,Changeup,OS,27,16.46,11,11,1,9.09,0,0.0,17,2,11.76,7.41,1,3.7,11.11,43.75,20.31,7.69,0.091,0.091,0.091,0.182,0.0,607732
SI,Sinker,FB,21,12.8,3,3,1,33.33,0,0.0,14,2,14.29,9.52,6,28.57,38.1,75.0,12.5,12.5,0.0,0.0,0.0,0.0,0.0,607732
SL,Slider,BR,17,10.37,5,5,4,80.0,0,0.0,11,6,54.55,35.29,2,11.76,47.06,60.0,12.5,50.0,0.2,0.2,0.2,0.4,0.0,607732
FC,Cutter,FB,12,7.32,2,2,2,100.0,0,0.0,8,3,37.5,25.0,1,8.33,33.33,40.0,9.38,33.33,0.0,0.0,0.0,0.0,0.0,607732
CU,Curveball,BR,11,6.71,4,4,2,50.0,0,0.0,6,4,66.67,36.36,2,18.18,54.55,57.14,9.38,33.33,0.0,0.0,0.0,0.0,0.0,607732
ST,Sweeper,BR,7,4.27,3,3,2,66.67,0,0.0,5,4,80.0,57.14,0,0.0,57.14,66.67,6.25,50.0,0.0,0.0,0.0,0.0,0.0,607732
KC,Knuckle Curve,BR,2,1.22,0,0,0,,0,,1,1,100.0,50.0,1,50.0,100.0,100.0,0.0,,,,,,,607732
FF,4-Seam Fastball,FB,227,29.67,56,51,3,5.36,3,5.36,119,16,13.45,7.05,34,14.98,22.03,26.04,30.14,4.76,0.294,0.321,0.412,0.733,0.118,608070
CH,Changeup,OS,138,18.04,39,37,6,15.38,2,5.13,61,13,21.31,9.42,12,8.7,18.12,27.78,21.05,13.64,0.351,0.385,0.622,1.007,0.271,608070
SI,Sinker,FB,85,11.11,28,25,2,7.14,3,10.71,38,2,5.26,2.35,19,22.35,24.71,17.65,6.7,14.29,0.32,0.393,0.6,0.993,0.2799999999999999,608070
FC,Cutter,FB,84,10.98,17,16,3,17.65,1,5.88,39,6,15.38,7.14,12,14.29,21.43,23.08,11.0,13.04,0.312,0.353,0.375,0.728,0.063,608070
SL,Slider,BR,65,8.5,19,17,1,5.26,2,10.53,40,6,15.0,9.23,6,9.23,18.46,47.06,11.48,4.17,0.353,0.421,0.529,0.95,0.176,608070
CU,Curveball,BR,61,7.97,10,9,1,10.0,0,0.0,23,3,13.04,4.92,13,21.31,26.23,29.41,7.18,6.67,0.333,0.4,0.444,0.8440000000000001,0.1109999999999999,608070
ST,Sweeper,BR,49,6.41,14,14,2,14.29,0,0.0,23,4,17.39,8.16,7,14.29,22.45,33.33,8.61,11.11,0.357,0.357,0.643,1.0,0.286,608070
,,,28,3.66,7,0,0,0.0,7,100.0,0,0,,0.0,0,0.0,0.0,,0.0,,,1.0,,,,608070
KC,Knuckle Curve,BR,14,1.83,4,4,0,0.0,0,0.0,8,2,25.0,14.29,1,7.14,21.43,28.57,1.91,0.0,0.25,0.25,0.5,0.75,0.25,608070
FS,Split-Finger,OS,11,1.44,2,2,0,0.0,0,0.0,4,2,50.0,18.18,2,18.18,36.36,42.86,0.96,0.0,0.0,0.0,0.0,0.0,0.0,608070
SV,Slurve,BR,2,0.26,0,0,0,,0,,1,0,0.0,0.0,0,0.0,0.0,0.0,0.96,0.0,,,,,,608070
KN,Knuckleball,,1,0.13,0,0,0,,0,,0,0,,0.0,1,100.0,100.0,,0.0,,,,,,,608070
FF,4-Seam Fastball,FB,161,29.22,43,39,5,11.63,4,9.3,67,5,7.46,3.11,40,24.84,27.95,13.64,33.33,10.42,0.308,0.372,0.462,0.8340000000000001,0.154,608324
CH,Changeup,OS,93,16.88,21,19,2,9.52,1,4.76,36,7,19.44,7.53,10,10.75,18.28,23.73,13.19,10.53,0.316,0.381,0.316,0.6970000000000001,0.0,608324
SL,Slider,BR,76,13.79,18,13,3,16.67,5,27.78,25,8,32.0,10.53,17,22.37,32.89,26.53,15.28,13.64,0.308,0.5,0.308,0.808,0.0,608324
SI,Sinker,FB,70,12.7,19,15,2,10.53,4,21.05,23,2,8.7,2.86,19,27.14,30.0,11.54,7.64,18.18,0.4,0.526,0.6,1.126,0.1999999999999999,608324
FC,Cutter,FB,47,8.53,13,10,2,15.38,3,23.08,20,1,5.0,2.13,14,29.79,31.91,12.5,6.94,20.0,0.2,0.385,0.2,0.585,0.0,608324
CU,Curveball,BR,43,7.8,5,5,3,60.0,0,0.0,9,3,33.33,6.98,12,27.91,34.88,4.35,10.42,20.0,0.0,0.0,0.0,0.0,0.0,608324
ST,Sweeper,BR,28,5.08,5,5,3,60.0,0,0.0,11,4,36.36,14.29,7,25.0,39.29,28.57,5.56,37.5,0.2,0.2,0.2,0.4,0.0,608324
FS,Split-Finger,OS,10,1.81,2,2,0,0.0,0,0.0,3,0,0.0,0.0,0,0.0,0.0,12.5,2.08,0.0,0.0,0.0,0.0,0.0,0.0,608324
,,,9,1.63,2,0,0,0.0,2,100.0,0,0,,0.0,0,0.0,0.0,,0.69,0.0,,1.0,,,,608324
KC,Knuckle Curve,BR,7,1.27,4,4,0,0.0,0,0.0,4,0,0.0,0.0,2,28.57,28.57,50.0,2.08,0.0,1.0,1.0,2.0,3.0,1.0,608324
FA,Other,,6,1.09,1,1,0,0.0,0,0.0,3,0,0.0,0.0,1,16.67,16.67,0.0,2.08,0.0,1.0,1.0,1.0,2.0,0.0,608324
EP,Eephus,,1,0.18,0,0,0,,0,,0,0,,0.0,0,0.0,0.0,0.0,0.69,0.0,,,,,,608324
FF,4-Seam Fastball,FB,169,34.21,44,38,10,22.73,5,11.36,88,12,13.64,7.1,28,16.57,23.67,22.54,36.55,18.87,0.211,0.295,0.342,0.637,0.131,608348
CH,Changeup,OS,108,21.86,32,31,6,18.75,1,3.12,63,22,34.92,20.37,6,5.56,25.93,42.65,28.28,14.63,0.194,0.219,0.29,0.509,0.0959999999999999,608348
SI,Sinker,FB,68,13.77,17,13,0,0.0,4,23.53,27,3,11.11,4.41,11,16.18,20.59,11.43,6.21,0.0,0.538,0.647,0.692,1.339,0.1539999999999999,608348
CU,Curveball,BR,48,9.72,10,10,2,20.0,0,0.0,17,5,29.41,10.42,9,18.75,29.17,17.24,12.41,11.11,0.5,0.5,0.9,1.4,0.4,608348
SL,Slider,BR,40,8.1,11,8,2,18.18,3,27.27,21,9,42.86,22.5,3,7.5,30.0,26.09,8.97,15.38,0.375,0.545,1.125,1.67,0.75,608348
FC,Cutter,FB,29,5.87,8,7,0,0.0,1,12.5,16,2,12.5,6.9,4,13.79,20.69,9.09,1.38,0.0,0.0,0.125,0.0,0.125,0.0,608348
ST,Sweeper,BR,20,4.05,1,1,1,100.0,0,0.0,8,2,25.0,10.0,1,5.0,15.0,26.67,5.52,12.5,0.0,0.0,0.0,0.0,0.0,608348
KC,Knuckle Curve,BR,6,1.21,1,1,1,100.0,0,0.0,1,1,100.0,16.67,1,16.67,33.33,20.0,0.69,100.0,0.0,0.0,0.0,0.0,0.0,608348
FA,Other,,3,0.61,1,1,0,0.0,0,0.0,1,0,0.0,0.0,0,0.0,0.0,0.0,0.0,,1.0,1.0,2.0,3.0,1.0,608348
SV,Slurve,BR,2,0.4,1,1,0,0.0,0,0.0,1,0,0.0,0.0,1,50.0,50.0,,0.0,,0.0,0.0,0.0,0.0,0.0,608348
KN,Knuckleball,,1,0.2,0,0,0,,0,,0,0,,0.0,0,0.0,0.0,0.0,0.0,,,,,,,608348
SL,Slider,BR,153,26.24,39,37,12,30.77,2,5.13,74,29,39.19,18.95,18,11.76,30.72,27.03,23.91,27.27,0.243,0.282,0.541,0.823,0.298,608369
FF,4-Seam Fastball,FB,137,23.5,36,32,8,22.22,3,8.33,72,18,25.0,13.14,15,10.95,24.09,20.69,22.83,19.05,0.281,0.361,0.656,1.017,0.375,608369
SI,Sinker,FB,117,20.07,34,30,6,17.65,2,5.88,69,14,20.29,11.97,13,11.11,23.08,31.25,18.48,14.71,0.267,0.353,0.333,0.6859999999999999,0.066,608369
ST,Sweeper,BR,77,13.21,20,18,9,45.0,2,10.0,41,23,56.1,29.87,7,9.09,38.96,34.88,18.48,26.47,0.222,0.3,0.444,0.744,0.222,608369
FC,Cutter,FB,38,6.52,8,7,1,12.5,1,12.5,23,7,30.43,18.42,3,7.89,26.32,25.0,5.43,10.0,0.0,0.125,0.0,0.125,0.0,608369
CU,Curveball,BR,29,4.97,5,5,0,0.0,0,0.0,12,5,41.67,17.24,1,3.45,20.69,29.17,4.35,0.0,0.0,0.0,0.0,0.0,0.0,608369
CH,Changeup,OS,16,2.74,3,3,1,33.33,0,0.0,9,4,44.44,25.0,0,0.0,25.0,12.5,3.26,16.67,0.0,0.0,0.0,0.0,0.0,608369
SV,Slurve,BR,8,1.37,2,2,0,0.0,0,0.0,3,0,0.0,0.0,0,0.0,0.0,28.57,2.17,0.0,0.0,0.0,0.0,0.0,0.0,608369
,,,5,0.86,1,0,0,0.0,1,100.0,0,0,,0.0,0,0.0,0.0,,0.54,0.0,,1.0,,,,608369
FS,Split-Finger,OS,3,0.51,1,1,0,0.0,0,0.0,3,1,33.33,33.33,0,0.0,33.33,100.0,0.54,0.0,0.0,0.0,0.0,0.0,0.0,608369
SI,Sinker,FB,10,43.48,2,2,1,50.0,0,0.0,6,0,0.0,0.0,2,20.0,20.0,,44.44,25.0,0.0,0.0,0.0,0.0,0.0,608385
FC,Cutter,FB,4,17.39,0,0,0,,0,,2,0,0.0,0.0,1,25.0,25.0,50.0,22.22,0.0,,,,,,608385
KC,Knuckle Curve,BR,3,13.04,1,1,0,0.0,0,0.0,2,1,50.0,33.33,0,0.0,33.33,50.0,11.11,0.0,1.0,1.0,3.0,4.0,2.0,608385
SL,Slider,BR,3,13.04,0,0,0,,0,,1,1,100.0,33.33,0,0.0,33.33,0.0,0.0,,,,,,,608385
FF,4-Seam Fastball,FB,1,4.35,1,1,0,0.0,0,0.0,1,0,0.0,0.0,0,0.0,0.0,,0.0,,0.0,0.0,0.0,0.0,0.0,608385
ST,Sweeper,BR,1,4.35,0,0,0,,0,,0,0,,0.0,0,0.0,0.0,0.0,11.11,0.0,,,,,,608385
,,,1,4.35,1,1,1,100.0,0,0.0,0,0,,0.0,0,0.0,0.0,,11.11,100.0,0.0,0.0,0.0,0.0,0.0,608385
SI,Sinker,FB,9,34.62,3,3,0,0.0,0,0.0,5,2,40.0,22.22,3,33.33,55.56,100.0,25.0,0.0,0.333,0.333,0.333,0.666,0.0,608671
FF,4-Seam Fastball,FB,6,23.08,1,1,0,0.0,0,0.0,1,0,0.0,0.0,3,50.0,50.0,0.0,0.0,,1.0,1.0,1.0,2.0,0.0,608671
ST,Sweeper,BR,6,23.08,1,1,0,0.0,0,0.0,4,2,50.0,33.33,1,16.67,50.0,80.0,25.0,0.0,0.0,0.0,0.0,0.0,0.0,608671
KC,Knuckle Curve,BR,2,7.69,0,0,0,,0,,0,0,,0.0,0,0.0,0.0,0.0,25.0,0.0,,,,,,608671
SL,Slider,BR,2,7.69,1,1,1,100.0,0,0.0,0,0,,0.0,1,50.0,50.0,0.0,12.5,100.0,0.0,0.0,0.0,0.0,0.0,608671
FC,Cutter,FB,1,3.85,1,1,1,100.0,0,0.0,1,1,100.0,100.0,0,0.0,100.0,100.0,12.5,100.0,0.0,0.0,0.0,0.0,0.0,608671
FF,4-Seam Fastball,FB,189,31.98,58,46,13,22.41,11,18.97,90,20,22.22,10.58,28,14.81,25.4,13.92,40.74,16.88,0.261,0.397,0.5,0.897,0.239,608701
CH,Changeup,OS,101,17.09,16,14,6,37.5,2,12.5,35,13,37.14,12.87,18,17.82,30.69,16.07,17.46,18.18,0.214,0.312,0.429,0.741,0.215,608701
SL,Slider,BR,80,13.54,19,17,8,42.11,1,5.26,26,10,38.46,12.5,20,25.0,37.5,23.81,11.64,36.36,0.235,0.278,0.647,0.925,0.412,608701
FC,Cutter,FB,56,9.48,13,10,1,7.69,1,7.69,26,2,7.69,3.57,12,21.43,25.0,21.05,4.23,12.5,0.3,0.385,0.5,0.885,0.2,608701
CU,Curveball,BR,54,9.14,5,5,0,0.0,0,0.0,14,0,0.0,0.0,13,24.07,24.07,0.0,8.99,0.0,0.2,0.2,0.4,0.6000000000000001,0.2,608701
SI,Sinker,FB,39,6.6,15,12,0,0.0,3,20.0,16,2,12.5,5.13,8,20.51,25.64,20.0,2.65,0.0,0.583,0.667,0.833,1.5,0.25,608701
ST,Sweeper,BR,35,5.92,7,7,3,42.86,0,0.0,9,3,33.33,8.57,8,22.86,31.43,14.29,6.35,25.0,0.429,0.429,0.429,0.858,0.0,608701
KC,Knuckle Curve,BR,19,3.21,2,2,0,0.0,0,0.0,5,0,0.0,0.0,7,36.84,36.84,0.0,4.23,0.0,1.0,1.0,2.5,3.5,1.5,608701
FS,Split-Finger,OS,11,1.86,3,3,1,33.33,0,0.0,6,2,33.33,18.18,0,0.0,18.18,44.44,2.65,20.0,0.0,0.0,0.0,0.0,0.0,608701
,,,5,0.85,1,0,0,0.0,1,100.0,0,0,,0.0,0,0.0,0.0,,0.53,0.0,,1.0,,,,608701
SV,Slurve,BR,2,0.34,0,0,0,,0,,0,0,,0.0,1,50.0,50.0,0.0,0.53,0.0,,,,,,608701
FF,4-Seam Fastball,FB,84,25.23,26,25,2,7.69,1,3.85,45,2,4.44,2.38,12,14.29,16.67,34.15,27.55,7.41,0.36,0.385,0.68,1.065,0.32,609280
CH,Changeup,OS,55,16.52,15,14,2,13.33,1,6.67,35,9,25.71,16.36,3,5.45,21.82,52.94,12.24,16.67,0.571,0.6,0.643,1.243,0.072,609280
SI,Sinker,FB,45,13.51,13,13,3,23.08,0,0.0,17,0,0.0,0.0,13,28.89,28.89,6.25,11.22,27.27,0.385,0.385,0.462,0.847,0.077,609280
SL,Slider,BR,44,13.21,11,11,3,27.27,0,0.0,24,5,20.83,11.36,7,15.91,27.27,40.0,17.35,17.65,0.455,0.455,0.727,1.182,0.2719999999999999,609280
ST,Sweeper,BR,32,9.61,8,8,3,37.5,0,0.0,17,4,23.53,12.5,5,15.62,28.12,25.0,9.18,33.33,0.125,0.125,0.125,0.25,0.0,609280
FC,Cutter,FB,30,9.01,7,7,1,14.29,0,0.0,19,5,26.32,16.67,6,20.0,36.67,50.0,6.12,16.67,0.429,0.429,0.857,1.286,0.428,609280
CU,Curveball,BR,25,7.51,8,8,1,12.5,0,0.0,16,2,12.5,8.0,4,16.0,24.0,58.33,9.18,11.11,0.25,0.25,0.375,0.625,0.125,609280
FS,Split-Finger,OS,10,3.0,2,2,0,0.0,0,0.0,8,0,0.0,0.0,0,0.0,0.0,60.0,6.12,0.0,0.5,0.5,0.5,1.0,0.0,609280
,,,4,1.2,1,0,0,0.0,1,100.0,0,0,,0.0,0,0.0,0.0,,0.0,,,1.0,,,,609280
SV,Slurve,BR,3,0.9,1,1,1,100.0,0,0.0,3,3,100.0,100.0,0,0.0,100.0,100.0,1.02,100.0,0.0,0.0,0.0,0.0,0.0,609280
KC,Knuckle Curve,BR,1,0.3,1,1,0,0.0,0,0.0,1,0,0.0,0.0,0,0.0,0.0,,0.0,,1.0,1.0,1.0,2.0,0.0,609280
FF,4-Seam Fastball,FB,100,36.5,22,22,6,27.27,0,0.0,54,5,9.26,5.0,23,23.0,28.0,29.03,36.14,20.0,0.227,0.227,0.364,0.591,0.1369999999999999,620443
SL,Slider,BR,49,17.88,12,11,3,25.0,1,8.33,27,9,33.33,18.37,4,8.16,26.53,29.63,22.89,15.79,0.0,0.083,0.0,0.083,0.0,620443
SI,Sinker,FB,31,11.31,7,6,2,28.57,1,14.29,13,2,15.38,6.45,9,29.03,35.48,18.18,6.02,40.0,0.5,0.571,0.667,1.238,0.167,620443
CH,Changeup,OS,27,9.85,13,13,1,7.69,0,0.0,15,1,6.67,3.7,2,7.41,11.11,10.0,6.02,20.0,0.385,0.385,0.615,1.0,0.2299999999999999,620443
CU,Curveball,BR,19,6.93,5,5,1,20.0,0,0.0,7,2,28.57,10.53,2,10.53,21.05,16.67,8.43,14.29,0.2,0.2,0.2,0.4,0.0,620443
FC,Cutter,FB,16,5.84,5,4,1,20.0,1,20.0,5,1,20.0,6.25,3,18.75,25.0,27.27,7.23,16.67,0.0,0.2,0.0,0.2,0.0,620443
ST,Sweeper,BR,15,5.47,4,3,2,50.0,0,0.0,6,4,66.67,26.67,2,13.33,40.0,30.0,6.02,40.0,0.333,0.5,0.667,1.167,0.334,620443
FS,Split-Finger,OS,15,5.47,5,5,1,20.0,0,0.0,11,5,45.45,33.33,0,0.0,33.33,55.56,7.23,16.67,0.2,0.2,0.2,0.4,0.0,620443
KC,Knuckle Curve,BR,1,0.36,1,1,0,0.0,0,0.0,1,0,0.0,0.0,0,0.0,0.0,100.0,0.0,,1.0,1.0,1.0,2.0,0.0,620443
SV,Slurve,BR,1,0.36,0,0,0,,0,,1,0,0.0,0.0,0,0.0,0.0,,0.0,,,,,,,620443
FF,4-Seam Fastball,FB,143,27.5,37,35,11,29.73,2,5.41,87,26,29.89,18.18,14,9.79,27.97,22.41,29.45,25.58,0.257,0.297,0.371,0.6679999999999999,0.1139999999999999,621020
CH,Changeup,OS,137,26.35,38,34,8,21.05,4,10.53,68,22,32.35,16.06,7,5.11,21.17,24.1,21.92,25.0,0.235,0.316,0.382,0.698,0.147,621020
CU,Curveball,BR,75,14.42,20,19,14,70.0,1,5.0,28,17,60.71,22.67,18,24.0,46.67,27.91,18.49,51.85,0.158,0.2,0.158,0.358,0.0,621020
SI,Sinker,FB,56,10.77,15,14,1,6.67,1,6.67,29,7,24.14,12.5,10,17.86,30.36,10.0,4.79,14.29,0.5,0.533,1.214,1.747,0.714,621020
SL,Slider,BR,48,9.23,9,9,3,33.33,0,0.0,21,8,38.1,16.67,7,14.58,31.25,22.22,14.38,14.29,0.444,0.444,0.889,1.333,0.445,621020
ST,Sweeper,BR,27,5.19,7,7,2,28.57,0,0.0,12,5,41.67,18.52,4,14.81,33.33,21.43,4.79,28.57,0.143,0.143,0.143,0.286,0.0,621020
FC,Cutter,FB,21,4.04,9,9,1,11.11,0,0.0,15,3,20.0,14.29,1,4.76,19.05,28.57,2.74,25.0,0.444,0.444,0.889,1.333,0.445,621020
FS,Split-Finger,OS,5,0.96,0,0,0,,0,,3,2,66.67,40.0,0,0.0,40.0,50.0,2.05,0.0,,,,,,621020
,,,4,0.77,1,0,0,0.0,1,100.0,0,0,,0.0,0,0.0,0.0,,0.0,,,1.0,,,,621020
KC,Knuckle Curve,BR,3,0.58,1,1,0,0.0,0,0.0,1,0,0.0,0.0,0,0.0,0.0,0.0,0.68,0.0,0.0,0.0,0.0,0.0,0.0,621020
SV,Slurve,BR,1,0.19,1,1,0,0.0,0,0.0,1,0,0.0,0.0,0,0.0,0.0,100.0,0.68,0.0,1.0,1.0,1.0,2.0,0.0,621020
FF,4-Seam Fastball,FB,37,25.0,12,12,1,8.33,0,0.0,20,0,0.0,0.0,7,18.92,18.92,31.58,31.25,6.67,0.25,0.25,0.25,0.5,0.0,621028
CH,Changeup,OS,32,21.62,10,10,4,40.0,0,0.0,22,7,31.82,21.88,4,12.5,34.38,57.14,31.25,26.67,0.1,0.1,0.1,0.2,0.0,621028
FC,Cutter,FB,19,12.84,6,4,1,16.67,1,16.67,8,1,12.5,5.26,7,36.84,42.11,33.33,10.42,20.0,0.0,0.2,0.0,0.2,0.0,621028
SI,Sinker,FB,18,12.16,1,0,0,0.0,0,0.0,5,0,0.0,0.0,4,22.22,22.22,8.33,2.08,0.0,,,,,,621028
SL,Slider,BR,17,11.49,4,4,2,50.0,0,0.0,7,2,28.57,11.76,3,17.65,29.41,36.36,8.33,50.0,0.25,0.25,0.25,0.5,0.0,621028
ST,Sweeper,BR,12,8.11,1,1,0,0.0,0,0.0,3,0,0.0,0.0,5,41.67,41.67,0.0,4.17,0.0,0.0,0.0,0.0,0.0,0.0,621028
CU,Curveball,BR,9,6.08,4,4,1,25.0,0,0.0,3,0,0.0,0.0,4,44.44,44.44,0.0,10.42,20.0,0.25,0.25,0.25,0.5,0.0,621028
FS,Split-Finger,OS,4,2.7,1,1,0,0.0,0,0.0,2,1,50.0,25.0,1,25.0,50.0,,2.08,0.0,1.0,1.0,2.0,3.0,1.0,621028
FF,4-Seam Fastball,FB,50,43.86,18,16,6,33.33,2,11.11,31,11,35.48,22.0,7,14.0,36.0,29.41,48.28,42.86,0.125,0.222,0.125,0.347,0.0,621035
CH,Changeup,OS,24,21.05,6,6,3,50.0,0,0.0,14,8,57.14,33.33,2,8.33,41.67,52.94,24.14,42.86,0.167,0.167,0.167,0.334,0.0,621035
FC,Cutter,FB,11,9.65,2,2,1,50.0,0,0.0,5,4,80.0,36.36,4,36.36,72.73,0.0,6.9,50.0,0.0,0.0,0.0,0.0,0.0,621035
SL,Slider,BR,10,8.77,5,5,2,40.0,0,0.0,5,2,40.0,20.0,2,20.0,40.0,50.0,13.79,50.0,0.2,0.2,0.4,0.6000000000000001,0.2,621035
CU,Curveball,BR,7,6.14,2,2,0,0.0,0,0.0,3,0,0.0,0.0,0,0.0,0.0,0.0,3.45,0.0,0.0,0.0,0.0,0.0,0.0,621035
SI,Sinker,FB,5,4.39,3,3,0,0.0,0,0.0,3,0,0.0,0.0,1,20.0,20.0,0.0,0.0,,0.0,0.0,0.0,0.0,0.0,621035
ST,Sweeper,BR,5,4.39,0,0,0,,0,,3,1,33.33,20.0,1,20.0,40.0,50.0,3.45,0.0,,,,,,621035
SV,Slurve,BR,2,1.75,0,0,0,,0,,0,0,,0.0,2,100.0,100.0,0.0,0.0,,,,,,,621035
FF,4-Seam Fastball,FB,159,27.32,45,39,5,11.11,6,13.33,80,10,12.5,6.29,31,19.5,25.79,28.77,25.56,10.87,0.333,0.422,0.641,1.063,0.308,621043
CH,Changeup,OS,118,20.27,35,31,8,22.86,3,8.57,53,15,28.3,12.71,9,7.63,20.34,28.75,23.33,19.05,0.29,0.353,0.387,0.74,0.097,621043
SL,Slider,BR,81,13.92,13,12,4,30.77,1,7.69,32,14,43.75,17.28,9,11.11,28.4,19.57,15.0,14.81,0.167,0.231,0.167,0.398,0.0,621043
SI,Sinker,FB,77,13.23,19,16,2,10.53,2,10.53,37,6,16.22,7.79,11,14.29,22.08,31.71,10.0,11.11,0.312,0.389,0.5,0.889,0.188,621043
CU,Curveball,BR,54,9.28,9,8,2,22.22,1,11.11,24,5,20.83,9.26,11,20.37,29.63,28.57,11.67,9.52,0.25,0.333,0.25,0.583,0.0,621043
FC,Cutter,FB,47,8.08,8,8,1,12.5,0,0.0,22,5,22.73,10.64,9,19.15,29.79,32.0,3.33,16.67,0.125,0.125,0.5,0.625,0.375,621043
ST,Sweeper,BR,23,3.95,5,5,2,40.0,0,0.0,9,2,22.22,8.7,6,26.09,34.78,20.0,5.0,22.22,0.2,0.2,0.2,0.4,0.0,621043
KC,Knuckle Curve,BR,16,2.75,5,3,1,20.0,2,40.0,5,1,20.0,6.25,3,18.75,25.0,11.11,3.89,14.29,0.0,0.4,0.0,0.4,0.0,621043
FS,Split-Finger,OS,7,1.2,3,3,0,0.0,0,0.0,5,1,20.0,14.29,0,0.0,14.29,60.0,2.22,0.0,0.333,0.333,0.333,0.666,0.0,621043
FF,4-Seam Fastball,FB,145,37.18,40,35,8,20.0,4,10.0,79,7,8.86,4.83,25,17.24,22.07,23.21,29.57,23.53,0.171,0.256,0.2,0.456,0.0289999999999999,621438
CH,Changeup,OS,61,15.64,15,14,2,13.33,1,6.67,29,10,34.48,16.39,7,11.48,27.87,40.48,18.26,9.52,0.214,0.267,0.286,0.5529999999999999,0.0719999999999999,621438
SI,Sinker,FB,42,10.77,9,8,1,11.11,1,11.11,19,3,15.79,7.14,11,26.19,33.33,25.0,7.83,11.11,0.125,0.222,0.125,0.347,0.0,621438
SL,Slider,BR,39,10.0,14,13,3,21.43,1,7.14,23,6,26.09,15.38,5,12.82,28.21,47.37,13.91,18.75,0.385,0.429,0.462,0.891,0.077,621438
CU,Curveball,BR,34,8.72,8,7,1,12.5,1,12.5,14,5,35.71,14.71,4,11.76,26.47,29.17,14.78,5.88,0.286,0.375,0.286,0.661,0.0,621438
FC,Cutter,FB,24,6.15,6,5,1,16.67,0,0.0,17,3,17.65,12.5,0,0.0,12.5,36.36,4.35,20.0,0.2,0.333,0.2,0.533,0.0,621438
ST,Sweeper,BR,21,5.38,3,2,1,33.33,0,0.0,7,2,28.57,9.52,5,23.81,33.33,20.0,6.09,14.29,0.0,0.333,0.0,0.333,0.0,621438
FS,Split-Finger,OS,8,2.05,4,4,1,25.0,0,0.0,5,2,40.0,25.0,0,0.0,25.0,25.0,0.87,100.0,0.25,0.25,0.5,0.75,0.25,621438
KC,Knuckle Curve,BR,7,1.79,2,2,1,50.0,0,0.0,3,2,66.67,28.57,1,14.29,42.86,20.0,2.61,33.33,0.0,0.0,0.0,0.0,0.0,621438
SV,Slurve,BR,5,1.28,0,0,0,,0,,2,0,0.0,0.0,2,40.0,40.0,40.0,1.74,0.0,,,,,,621438
,,,4,1.03,1,0,0,0.0,1,100.0,0,0,,0.0,0,0.0,0.0,,0.0,,,1.0,,,,621438
FF,4-Seam Fastball,FB,149,31.37,41,38,7,17.07,2,4.88,83,16,19.28,10.74,18,12.08,22.82,20.97,27.78,17.5,0.263,0.293,0.658,0.951,0.395,621439
CH,Changeup,OS,93,19.58,24,23,7,29.17,1,4.17,50,21,42.0,22.58,9,9.68,32.26,37.5,20.14,24.14,0.304,0.333,0.478,0.8109999999999999,0.174,621439
SI,Sinker,FB,58,12.21,15,13,1,6.67,2,13.33,28,5,17.86,8.62,11,18.97,27.59,32.14,9.72,7.14,0.308,0.4,0.385,0.785,0.077,621439
SL,Slider,BR,54,11.37,12,10,4,33.33,2,16.67,27,10,37.04,18.52,6,11.11,29.63,29.63,13.89,20.0,0.2,0.333,0.5,0.833,0.3,621439
FC,Cutter,FB,39,8.21,13,12,0,0.0,0,0.0,27,4,14.81,10.26,0,0.0,10.26,16.67,7.64,0.0,0.583,0.538,1.583,2.121,1.0,621439
CU,Curveball,BR,33,6.95,10,7,4,40.0,3,30.0,11,4,36.36,12.12,7,21.21,33.33,22.73,12.5,22.22,0.143,0.4,0.286,0.6859999999999999,0.143,621439
ST,Sweeper,BR,22,4.63,3,3,1,33.33,0,0.0,6,0,0.0,0.0,8,36.36,36.36,11.11,6.25,11.11,0.333,0.333,1.333,1.666,1.0,621439
,,,15,3.16,3,0,0,0.0,3,100.0,0,0,,0.0,0,0.0,0.0,,0.0,,,1.0,,,,621439
FS,Split-Finger,OS,8,1.68,2,2,0,0.0,0,0.0,3,1,33.33,12.5,2,25.0,37.5,0.0,2.08,0.0,0.5,0.5,1.0,1.5,0.5,621439
KC,Knuckle Curve,BR,3,0.63,0,0,0,,0,,0,0,,0.0,0,0.0,0.0,0.0,0.0,,,,,,,621439
SV,Slurve,BR,1,0.21,0,0,0,,0,,0,0,,0.0,0,0.0,0.0,0.0,0.0,,,,,,,621439
FF,4-Seam Fastball,FB,162,33.33,34,30,9,26.47,4,11.76,66,14,21.21,8.64,37,22.84,31.48,11.76,36.24,16.67,0.3,0.382,0.5,0.882,0.2,621493
SL,Slider,BR,83,17.08,18,15,6,33.33,3,16.67,30,11,36.67,13.25,15,18.07,31.33,22.92,21.48,18.75,0.2,0.333,0.6,0.933,0.3999999999999999,621493
CH,Changeup,OS,65,13.37,15,14,3,20.0,1,6.67,21,3,14.29,4.62,11,16.92,21.54,22.22,10.74,18.75,0.143,0.2,0.429,0.629,0.286,621493
FC,Cutter,FB,55,11.32,12,12,3,25.0,0,0.0,23,2,8.7,3.64,12,21.82,25.45,15.38,4.7,42.86,0.333,0.333,0.417,0.75,0.0839999999999999,621493
SI,Sinker,FB,45,9.26,14,12,5,35.71,2,14.29,16,2,12.5,4.44,17,37.78,42.22,17.65,10.07,33.33,0.083,0.214,0.167,0.381,0.084,621493
ST,Sweeper,BR,36,7.41,11,10,3,27.27,1,9.09,19,6,31.58,16.67,9,25.0,41.67,35.71,8.72,23.08,0.5,0.545,1.2,1.745,0.7,621493
CU,Curveball,BR,26,5.35,8,7,4,50.0,1,12.5,10,4,40.0,15.38,7,26.92,42.31,30.0,6.04,44.44,0.286,0.375,0.857,1.232,0.571,621493
FS,Split-Finger,OS,5,1.03,1,1,0,0.0,0,0.0,2,1,50.0,20.0,1,20.0,40.0,33.33,0.67,0.0,1.0,1.0,4.0,5.0,3.0,621493
,,,3,0.62,1,0,0,0.0,1,100.0,0,0,,0.0,0,0.0,0.0,,0.0,,,1.0,,,,621493
KC,Knuckle Curve,BR,3,0.62,2,2,0,0.0,0,0.0,3,0,0.0,0.0,0,0.0,0.0,100.0,0.67,0.0,0.0,0.0,0.0,0.0,0.0,621493
SV,Slurve,BR,2,0.41,0,0,0,,0,,0,0,,0.0,0,0.0,0.0,0.0,0.67,0.0,,,,,,621493
CS,Slow Curve,BR,1,0.21,0,0,0,,0,,0,0,,0.0,1,100.0,100.0,,0.0,,,,,,,621493
FC,Cutter,FB,6,23.08,1,1,0,0.0,0,0.0,4,1,25.0,16.67,1,16.67,33.33,0.0,12.5,0.0,0.0,0.0,0.0,0.0,0.0,621512
FF,4-Seam Fastball,FB,6,23.08,2,2,0,0.0,0,0.0,6,0,0.0,0.0,0,0.0,0.0,100.0,25.0,0.0,0.0,0.0,0.0,0.0,0.0,621512
CH,Changeup,OS,4,15.38,3,3,0,0.0,0,0.0,3,0,0.0,0.0,0,0.0,0.0,0.0,12.5,0.0,0.667,0.667,0.667,1.334,0.0,621512
SI,Sinker,FB,4,15.38,2,1,0,0.0,0,0.0,3,0,0.0,0.0,0,0.0,0.0,0.0,12.5,0.0,1.0,1.0,1.0,2.0,0.0,621512
ST,Sweeper,BR,2,7.69,1,1,1,100.0,0,0.0,1,1,100.0,50.0,0,0.0,50.0,50.0,25.0,50.0,0.0,0.0,0.0,0.0,0.0,621512
KC,Knuckle Curve,BR,2,7.69,1,1,0,0.0,0,0.0,1,0,0.0,0.0,0,0.0,0.0,0.0,0.0,,1.0,1.0,1.0,2.0,0.0,621512
FS,Split-Finger,OS,1,3.85,0,0,0,,0,,0,0,,0.0,0,0.0,0.0,0.0,0.0,,,,,,,621512
SL,Slider,BR,1,3.85,0,0,0,,0,,1,0,0.0,0.0,0,0.0,0.0,,12.5,0.0,,,,,,621512
SI,Sinker,FB,246,27.03,70,65,11,15.71,3,4.29,122,27,22.13,10.98,54,21.95,32.93,37.14,17.29,21.57,0.323,0.357,0.462,0.819,0.139,621566
FF,4-Seam Fastball,FB,241,26.48,50,44,17,34.0,6,12.0,122,36,29.51,14.94,38,15.77,30.71,24.0,27.46,20.99,0.318,0.4,0.636,1.036,0.318,621566
SL,Slider,BR,166,18.24,33,30,11,33.33,3,9.09,69,24,34.78,14.46,20,12.05,26.51,23.96,16.95,22.0,0.233,0.303,0.3,0.603,0.0669999999999999,621566
ST,Sweeper,BR,101,11.1,21,21,5,23.81,0,0.0,51,11,21.57,10.89,8,7.92,18.81,31.03,14.58,11.63,0.19,0.19,0.381,0.571,0.191,621566
CU,Curveball,BR,61,6.7,14,12,3,21.43,1,7.14,35,10,28.57,16.39,7,11.48,27.87,36.67,8.81,11.54,0.25,0.286,0.583,0.869,0.3329999999999999,621566
CH,Changeup,OS,34,3.74,14,13,8,57.14,1,7.14,15,8,53.33,23.53,3,8.82,32.35,28.57,7.12,38.1,0.231,0.286,0.308,0.594,0.0769999999999999,621566
FC,Cutter,FB,25,2.75,4,4,0,0.0,0,0.0,9,0,0.0,0.0,3,12.0,12.0,15.38,1.69,0.0,0.5,0.5,0.75,1.25,0.25,621566
KC,Knuckle Curve,BR,11,1.21,3,2,2,66.67,1,33.33,2,1,50.0,9.09,4,36.36,45.45,25.0,1.69,40.0,0.0,0.333,0.0,0.333,0.0,621566
SV,Slurve,BR,10,1.1,2,1,1,50.0,0,0.0,4,3,75.0,30.0,0,0.0,30.0,0.0,1.69,20.0,0.0,0.0,0.0,0.0,0.0,621566
FS,Split-Finger,OS,9,0.99,3,3,2,66.67,0,0.0,4,2,50.0,22.22,2,22.22,44.44,25.0,1.69,40.0,0.333,0.333,0.333,0.666,0.0,621566
,,,5,0.55,2,1,0,0.0,1,50.0,3,0,0.0,0.0,1,20.0,20.0,,0.68,0.0,0.0,0.5,0.0,0.5,0.0,621566
CS,Slow Curve,BR,1,0.11,0,0,0,,0,,1,0,0.0,0.0,0,0.0,0.0,,0.34,0.0,,,,,,621566
SI,Sinker,FB,2,66.67,2,2,0,0.0,0,0.0,2,0,0.0,0.0,0,0.0,0.0,,,,0.0,0.0,0.0,0.0,0.0,622268
SL,Slider,BR,1,33.33,0,0,0,,0,,0,0,,0.0,0,0.0,0.0,0.0,,,,,,,,622268
FF,4-Seam Fastball,FB,23,46.94,7,7,3,42.86,0,0.0,15,6,40.0,26.09,5,21.74,47.83,33.33,66.67,30.0,0.429,0.429,0.429,0.858,0.0,622534
CU,Curveball,BR,11,22.45,3,3,1,33.33,0,0.0,5,1,20.0,9.09,3,27.27,36.36,25.0,13.33,50.0,0.0,0.0,0.0,0.0,0.0,622534
CH,Changeup,OS,6,12.24,2,1,0,0.0,0,0.0,2,0,0.0,0.0,0,0.0,0.0,33.33,6.67,0.0,0.0,0.0,0.0,0.0,0.0,622534
SL,Slider,BR,4,8.16,1,1,0,0.0,0,0.0,1,0,0.0,0.0,2,50.0,50.0,0.0,6.67,0.0,0.0,0.0,0.0,0.0,0.0,622534
SI,Sinker,FB,3,6.12,0,0,0,,0,,2,0,0.0,0.0,1,33.33,33.33,,6.67,0.0,,,,,,622534
FC,Cutter,FB,2,4.08,2,2,0,0.0,0,0.0,2,0,0.0,0.0,0,0.0,0.0,,0.0,,0.5,0.5,0.5,1.0,0.0,622534
FF,4-Seam Fastball,FB,30,40.0,3,3,1,33.33,0,0.0,13,4,30.77,13.33,3,10.0,23.33,7.69,40.91,11.11,0.0,0.0,0.0,0.0,0.0,622569
CH,Changeup,OS,10,13.33,2,2,0,0.0,0,0.0,6,0,0.0,0.0,0,0.0,0.0,33.33,13.64,0.0,0.0,0.0,0.0,0.0,0.0,622569
FC,Cutter,FB,9,12.0,2,1,0,0.0,1,50.0,1,0,0.0,0.0,3,33.33,33.33,0.0,0.0,,0.0,0.5,0.0,0.5,0.0,622569
CU,Curveball,BR,8,10.67,3,2,1,33.33,1,33.33,1,0,0.0,0.0,2,25.0,25.0,0.0,22.73,20.0,0.0,0.333,0.0,0.333,0.0,622569
ST,Sweeper,BR,8,10.67,2,2,1,50.0,0,0.0,4,1,25.0,12.5,3,37.5,50.0,0.0,13.64,33.33,0.5,0.5,0.5,1.0,0.0,622569
SI,Sinker,FB,5,6.67,3,3,1,33.33,0,0.0,3,1,33.33,20.0,1,20.0,40.0,0.0,4.55,100.0,0.333,0.333,0.333,0.666,0.0,622569
SL,Slider,BR,4,5.33,2,2,1,50.0,0,0.0,2,0,0.0,0.0,2,50.0,50.0,,4.55,100.0,0.0,0.0,0.0,0.0,0.0,622569
FA,Other,,1,1.33,1,1,0,0.0,0,0.0,1,0,0.0,0.0,0,0.0,0.0,,0.0,,0.0,0.0,0.0,0.0,0.0,622569
FF,4-Seam Fastball,FB,42,28.38,11,11,0,0.0,0,0.0,25,0,0.0,0.0,8,19.05,19.05,35.71,26.32,0.0,0.273,0.273,0.455,0.728,0.182,622761
CH,Changeup,OS,29,19.59,7,7,3,42.86,0,0.0,16,8,50.0,27.59,3,10.34,37.93,47.37,18.42,42.86,0.429,0.429,0.571,1.0,0.1419999999999999,622761
SL,Slider,BR,21,14.19,4,4,2,50.0,0,0.0,9,4,44.44,19.05,2,9.52,28.57,37.5,21.05,25.0,0.25,0.25,0.25,0.5,0.0,622761
SI,Sinker,FB,21,14.19,2,2,1,50.0,0,0.0,8,2,25.0,9.52,8,38.1,47.62,42.86,5.26,50.0,0.0,0.0,0.0,0.0,0.0,622761
CU,Curveball,BR,12,8.11,5,5,4,80.0,0,0.0,7,5,71.43,41.67,1,8.33,50.0,42.86,18.42,57.14,0.0,0.0,0.0,0.0,0.0,622761
FC,Cutter,FB,11,7.43,2,2,0,0.0,0,0.0,5,1,20.0,9.09,2,18.18,27.27,0.0,0.0,,0.0,0.0,0.0,0.0,0.0,622761
ST,Sweeper,BR,5,3.38,2,2,0,0.0,0,0.0,2,0,0.0,0.0,2,40.0,40.0,0.0,2.63,0.0,0.0,0.0,0.0,0.0,0.0,622761
FS,Split-Finger,OS,4,2.7,3,3,2,66.67,0,0.0,3,2,66.67,50.0,0,0.0,50.0,66.67,5.26,100.0,0.333,0.333,0.333,0.666,0.0,622761
KC,Knuckle Curve,BR,2,1.35,2,2,1,50.0,0,0.0,2,1,50.0,50.0,0,0.0,50.0,100.0,2.63,100.0,0.0,0.0,0.0,0.0,0.0,622761
CS,Slow Curve,BR,1,0.68,1,1,0,0.0,0,0.0,1,0,0.0,0.0,0,0.0,0.0,,0.0,,0.0,0.0,0.0,0.0,0.0,622761
FF,4-Seam Fastball,FB,50,30.49,15,13,1,6.67,1,6.67,27,2,7.41,4.0,5,10.0,14.0,33.33,37.78,5.88,0.538,0.533,0.615,1.148,0.0769999999999999,623168
SL,Slider,BR,27,16.46,7,5,2,28.57,2,28.57,15,5,33.33,18.52,2,7.41,25.93,37.5,15.56,28.57,0.0,0.286,0.0,0.286,0.0,623168
SI,Sinker,FB,25,15.24,7,6,1,14.29,0,0.0,9,2,22.22,8.0,10,40.0,48.0,9.09,6.67,33.33,0.333,0.333,0.5,0.833,0.1669999999999999,623168
CH,Changeup,OS,24,14.63,8,7,1,12.5,0,0.0,14,3,21.43,12.5,2,8.33,20.83,25.0,15.56,14.29,0.286,0.375,0.286,0.661,0.0,623168
FC,Cutter,FB,15,9.15,7,6,0,0.0,0,0.0,8,1,12.5,6.67,0,0.0,6.67,30.0,8.89,0.0,0.5,0.571,0.667,1.238,0.167,623168
CU,Curveball,BR,11,6.71,3,3,1,33.33,0,0.0,8,1,12.5,9.09,0,0.0,9.09,50.0,6.67,33.33,0.667,0.667,1.0,1.667,0.3329999999999999,623168
ST,Sweeper,BR,5,3.05,1,1,0,0.0,0,0.0,1,0,0.0,0.0,3,60.0,60.0,0.0,2.22,0.0,0.0,0.0,0.0,0.0,0.0,623168
KC,Knuckle Curve,BR,4,2.44,1,1,0,0.0,0,0.0,1,0,0.0,0.0,0,0.0,0.0,0.0,4.44,0.0,0.0,0.0,0.0,0.0,0.0,623168
FS,Split-Finger,OS,2,1.22,0,0,0,,0,,1,0,0.0,0.0,0,0.0,0.0,,2.22,0.0,,,,,,623168
SV,Slurve,BR,1,0.61,1,1,0,0.0,0,0.0,1,0,0.0,0.0,0,0.0,0.0,,0.0,,1.0,1.0,4.0,5.0,3.0,623168
FF,4-Seam Fastball,FB,90,40.91,21,19,7,33.33,2,9.52,40,12,30.0,13.33,21,23.33,36.67,18.92,33.33,31.82,0.158,0.238,0.158,0.396,0.0,623993
SI,Sinker,FB,41,18.64,9,7,3,33.33,2,22.22,12,3,25.0,7.32,12,29.27,36.59,5.26,12.12,37.5,0.143,0.333,0.143,0.476,0.0,623993
CH,Changeup,OS,28,12.73,6,5,2,33.33,1,16.67,9,2,22.22,7.14,5,17.86,25.0,26.32,15.15,20.0,0.0,0.167,0.0,0.167,0.0,623993
FC,Cutter,FB,24,10.91,7,6,4,57.14,1,14.29,9,7,77.78,29.17,7,29.17,58.33,37.5,12.12,50.0,0.0,0.143,0.0,0.143,0.0,623993
CU,Curveball,BR,14,6.36,4,4,1,25.0,0,0.0,9,3,33.33,21.43,1,7.14,28.57,60.0,10.61,14.29,0.5,0.5,1.0,1.5,0.5,623993
SL,Slider,BR,14,6.36,4,4,1,25.0,0,0.0,6,1,16.67,7.14,3,21.43,28.57,14.29,6.06,25.0,0.25,0.25,0.25,0.5,0.0,623993
ST,Sweeper,BR,8,3.64,3,2,1,33.33,1,33.33,4,1,25.0,12.5,0,0.0,12.5,20.0,9.09,16.67,0.0,0.333,0.0,0.333,0.0,623993
FS,Split-Finger,OS,1,0.45,1,1,1,100.0,0,0.0,1,1,100.0,100.0,0,0.0,100.0,,1.52,100.0,0.0,0.0,0.0,0.0,0.0,623993
FF,4-Seam Fastball,FB,280,32.37,55,51,19,34.55,4,7.27,138,40,28.99,14.29,50,17.86,32.14,24.17,32.26,21.11,0.255,0.309,0.647,0.956,0.392,624413
SL,Slider,BR,117,13.53,30,25,9,30.0,4,13.33,56,13,23.21,11.11,23,19.66,30.77,32.26,16.49,19.57,0.24,0.367,0.44,0.8069999999999999,0.2,624413
CH,Changeup,OS,117,13.53,38,34,8,21.05,2,5.26,55,17,30.91,14.53,7,5.98,20.51,31.76,11.83,24.24,0.176,0.237,0.294,0.5309999999999999,0.118,624413
SI,Sinker,FB,92,10.64,21,21,9,42.86,0,0.0,34,11,32.35,11.96,32,34.78,46.74,20.0,9.68,33.33,0.143,0.143,0.19,0.3329999999999999,0.047,624413
CU,Curveball,BR,78,9.02,19,15,5,26.32,3,15.79,30,9,30.0,11.54,12,15.38,26.92,23.53,11.47,15.62,0.2,0.368,0.2,0.5680000000000001,0.0,624413
ST,Sweeper,BR,74,8.55,15,14,7,46.67,0,0.0,33,11,33.33,14.86,16,21.62,36.49,30.56,8.6,29.17,0.214,0.267,0.214,0.481,0.0,624413
FC,Cutter,FB,58,6.71,13,12,2,15.38,1,7.69,22,6,27.27,10.34,10,17.24,27.59,21.43,4.3,16.67,0.333,0.385,0.667,1.052,0.334,624413
KC,Knuckle Curve,BR,17,1.97,5,5,2,40.0,0,0.0,9,5,55.56,29.41,0,0.0,29.41,42.86,3.58,20.0,0.2,0.2,0.2,0.4,0.0,624413
FS,Split-Finger,OS,17,1.97,4,4,0,0.0,0,0.0,8,0,0.0,0.0,2,11.76,11.76,12.5,1.43,0.0,0.5,0.5,0.75,1.25,0.25,624413
,,,12,1.39,4,0,0,0.0,4,100.0,0,0,,0.0,0,0.0,0.0,,0.0,,,1.0,,,,624413
SV,Slurve,BR,3,0.35,0,0,0,,0,,0,0,,0.0,2,66.67,66.67,0.0,0.36,0.0,,,,,,624413
FF,4-Seam Fastball,FB,14,40.0,3,2,0,0.0,1,33.33,4,0,0.0,0.0,7,50.0,50.0,0.0,44.44,0.0,0.5,0.667,0.5,1.167,0.0,624415
SI,Sinker,FB,7,20.0,3,1,0,0.0,0,0.0,3,0,0.0,0.0,2,28.57,28.57,33.33,11.11,0.0,0.0,0.0,0.0,0.0,0.0,624415
SL,Slider,BR,6,17.14,2,2,1,50.0,0,0.0,3,2,66.67,33.33,0,0.0,33.33,0.0,33.33,33.33,0.0,0.0,0.0,0.0,0.0,624415
FC,Cutter,FB,3,8.57,0,0,0,,0,,0,0,,0.0,1,33.33,33.33,0.0,0.0,,,,,,,624415
CU,Curveball,BR,3,8.57,1,1,1,100.0,0,0.0,1,1,100.0,33.33,1,33.33,66.67,50.0,11.11,100.0,0.0,0.0,0.0,0.0,0.0,624415
ST,Sweeper,BR,1,2.86,0,0,0,,0,,0,0,,0.0,0,0.0,0.0,0.0,0.0,,,,,,,624415
SV,Slurve,BR,1,2.86,0,0,0,,0,,1,1,100.0,100.0,0,0.0,100.0,,0.0,,,,,,,624415
FF,4-Seam Fastball,FB,90,29.51,24,19,5,20.83,5,20.83,42,11,26.19,12.22,15,16.67,28.89,21.62,24.53,19.23,0.316,0.458,0.579,1.037,0.2629999999999999,624424
SI,Sinker,FB,85,27.87,24,21,5,20.83,2,8.33,42,9,21.43,10.59,21,24.71,35.29,32.35,16.98,27.78,0.143,0.25,0.19,0.44,0.047,624424
SL,Slider,BR,70,22.95,15,11,5,33.33,1,6.67,33,11,33.33,15.71,7,10.0,25.71,23.53,33.02,14.29,0.182,0.4,0.273,0.673,0.091,624424
ST,Sweeper,BR,33,10.82,10,10,3,30.0,0,0.0,18,4,22.22,12.12,6,18.18,30.3,40.0,16.98,16.67,0.5,0.5,0.7,1.2,0.1999999999999999,624424
CU,Curveball,BR,12,3.93,3,3,2,66.67,0,0.0,4,3,75.0,25.0,1,8.33,33.33,12.5,5.66,33.33,0.0,0.0,0.0,0.0,0.0,624424
CH,Changeup,OS,8,2.62,1,0,0,0.0,0,0.0,2,1,50.0,12.5,0,0.0,12.5,14.29,2.83,0.0,,1.0,,,,624424
FC,Cutter,FB,7,2.3,1,1,0,0.0,0,0.0,3,1,33.33,14.29,0,0.0,14.29,33.33,0.0,,0.0,0.0,0.0,0.0,0.0,624424
FF,4-Seam Fastball,FB,78,29.0,16,14,6,37.5,2,12.5,45,13,28.89,16.67,9,11.54,28.21,44.44,35.63,19.35,0.143,0.25,0.286,0.536,0.143,624428
SI,Sinker,FB,63,23.42,20,16,4,20.0,1,5.0,27,4,14.81,6.35,12,19.05,25.4,8.0,11.49,40.0,0.312,0.421,0.438,0.859,0.126,624428
SL,Slider,BR,57,21.19,14,13,7,50.0,1,7.14,28,10,35.71,17.54,8,14.04,31.58,40.62,22.99,35.0,0.154,0.214,0.154,0.368,0.0,624428
ST,Sweeper,BR,34,12.64,7,7,2,28.57,0,0.0,18,7,38.89,20.59,3,8.82,29.41,35.0,11.49,20.0,0.0,0.0,0.0,0.0,0.0,624428
FC,Cutter,FB,15,5.58,4,4,0,0.0,0,0.0,10,2,20.0,13.33,0,0.0,13.33,28.57,5.75,0.0,0.5,0.5,1.5,2.0,1.0,624428
CU,Curveball,BR,11,4.09,3,3,0,0.0,0,0.0,8,2,25.0,18.18,3,27.27,45.45,50.0,5.75,0.0,0.333,0.333,0.333,0.666,0.0,624428
CH,Changeup,OS,7,2.6,2,2,2,100.0,0,0.0,6,4,66.67,57.14,0,0.0,57.14,80.0,4.6,50.0,0.0,0.0,0.0,0.0,0.0,624428
KC,Knuckle Curve,BR,3,1.12,1,1,0,0.0,0,0.0,1,0,0.0,0.0,0,0.0,0.0,0.0,2.3,0.0,0.0,0.0,0.0,0.0,0.0,624428
PO,Pitch Out,,1,0.37,1,0,0,0.0,0,0.0,0,0,,0.0,0,0.0,0.0,0.0,0.0,,,,,,,624428
FF,4-Seam Fastball,FB,104,39.54,30,28,3,10.0,1,3.33,51,2,3.92,1.92,30,28.85,30.77,41.46,41.18,14.29,0.107,0.133,0.143,0.276,0.0359999999999999,624431
CH,Changeup,OS,43,16.35,16,16,2,12.5,0,0.0,20,5,25.0,11.63,6,13.95,25.58,18.18,11.76,33.33,0.062,0.062,0.125,0.187,0.063,624431
SI,Sinker,FB,30,11.41,9,7,0,0.0,2,22.22,8,0,0.0,0.0,7,23.33,23.33,6.67,1.96,0.0,0.429,0.556,1.0,1.556,0.571,624431
SL,Slider,BR,29,11.03,9,9,0,0.0,0,0.0,20,2,10.0,6.9,4,13.79,20.69,64.71,25.49,0.0,0.333,0.333,0.556,0.889,0.223,624431
CU,Curveball,BR,22,8.37,4,4,1,25.0,0,0.0,10,3,30.0,13.64,4,18.18,31.82,38.46,9.8,20.0,0.25,0.25,0.25,0.5,0.0,624431
FC,Cutter,FB,17,6.46,6,6,0,0.0,0,0.0,11,0,0.0,0.0,2,11.76,11.76,33.33,3.92,0.0,0.333,0.333,0.5,0.833,0.1669999999999999,624431
FS,Split-Finger,OS,9,3.42,3,3,1,33.33,0,0.0,4,2,50.0,22.22,1,11.11,33.33,33.33,3.92,50.0,0.0,0.0,0.0,0.0,0.0,624431
ST,Sweeper,BR,7,2.66,2,1,0,0.0,1,50.0,1,0,0.0,0.0,2,28.57,28.57,20.0,1.96,0.0,1.0,1.0,1.0,2.0,0.0,624431
CS,Slow Curve,BR,1,0.38,0,0,0,,0,,1,0,0.0,0.0,0,0.0,0.0,,0.0,,,,,,,624431
KC,Knuckle Curve,BR,1,0.38,0,0,0,,0,,0,0,,0.0,0,0.0,0.0,0.0,0.0,,,,,,,624431
FF,4-Seam Fastball,FB,22,37.29,7,7,2,28.57,0,0.0,12,2,16.67,9.09,5,22.73,31.82,33.33,17.65,66.67,0.0,0.0,0.0,0.0,0.0,624512
SI,Sinker,FB,15,25.42,5,5,2,40.0,0,0.0,6,1,16.67,6.67,6,40.0,46.67,62.5,41.18,28.57,0.2,0.2,0.2,0.4,0.0,624512
CU,Curveball,BR,7,11.86,2,2,1,50.0,0,0.0,4,2,50.0,28.57,2,28.57,57.14,25.0,17.65,33.33,0.5,0.5,2.0,2.5,1.5,624512
SL,Slider,BR,7,11.86,1,1,1,100.0,0,0.0,3,1,33.33,14.29,0,0.0,14.29,33.33,17.65,33.33,0.0,0.0,0.0,0.0,0.0,624512
ST,Sweeper,BR,6,10.17,2,1,0,0.0,0,0.0,3,0,0.0,0.0,1,16.67,16.67,33.33,5.88,0.0,1.0,1.0,4.0,5.0,3.0,624512
FC,Cutter,FB,1,1.69,0,0,0,,0,,0,0,,0.0,0,0.0,0.0,,0.0,,,,,,,624512
KC,Knuckle Curve,BR,1,1.69,0,0,0,,0,,0,0,,0.0,0,0.0,0.0,0.0,0.0,,,,,,,624512
ST,Sweeper,BR,10,41.67,2,2,1,50.0,0,0.0,5,4,80.0,40.0,1,10.0,50.0,16.67,50.0,20.0,0.0,0.0,0.0,0.0,0.0,624513
FF,4-Seam Fastball,FB,6,25.0,2,2,2,100.0,0,0.0,1,0,0.0,0.0,3,50.0,50.0,0.0,30.0,66.67,0.0,0.0,0.0,0.0,0.0,624513
CU,Curveball,BR,5,20.83,0,0,0,,0,,1,1,100.0,20.0,2,40.0,60.0,33.33,10.0,0.0,,,,,,624513
SI,Sinker,FB,3,12.5,2,2,0,0.0,0,0.0,2,0,0.0,0.0,1,33.33,33.33,,10.0,0.0,1.0,1.0,1.0,2.0,0.0,624513
FF,4-Seam Fastball,FB,57,24.89,12,12,4,33.33,0,0.0,23,5,21.74,8.77,16,28.07,36.84,6.25,27.78,20.0,0.25,0.25,0.5,0.75,0.25,624585
SL,Slider,BR,42,18.34,8,7,2,25.0,1,12.5,16,5,31.25,11.9,4,9.52,21.43,16.0,18.06,15.38,0.143,0.25,0.286,0.536,0.143,624585
CH,Changeup,OS,37,16.16,9,8,2,22.22,1,11.11,23,8,34.78,21.62,3,8.11,29.73,52.17,16.67,16.67,0.25,0.333,0.375,0.708,0.125,624585
SI,Sinker,FB,23,10.04,6,6,2,33.33,0,0.0,6,1,16.67,4.35,7,30.43,34.78,0.0,5.56,50.0,0.167,0.167,0.167,0.334,0.0,624585
ST,Sweeper,BR,22,9.61,5,4,3,60.0,1,20.0,7,3,42.86,13.64,5,22.73,36.36,14.29,9.72,42.86,0.0,0.2,0.0,0.2,0.0,624585
CU,Curveball,BR,19,8.3,2,2,1,50.0,0,0.0,7,0,0.0,0.0,3,15.79,15.79,10.0,9.72,14.29,0.5,0.5,0.5,1.0,0.0,624585
FC,Cutter,FB,19,8.3,6,4,0,0.0,2,33.33,11,0,0.0,0.0,1,5.26,5.26,25.0,6.94,0.0,0.25,0.5,1.0,1.5,0.75,624585
FS,Split-Finger,OS,5,2.18,1,1,0,0.0,0,0.0,1,0,0.0,0.0,0,0.0,0.0,0.0,1.39,0.0,0.0,0.0,0.0,0.0,0.0,624585
KC,Knuckle Curve,BR,4,1.75,2,2,1,50.0,0,0.0,1,0,0.0,0.0,1,25.0,25.0,0.0,2.78,50.0,0.5,0.5,0.5,1.0,0.0,624585
,,,1,0.44,0,0,0,,0,,0,0,,0.0,0,0.0,0.0,,1.39,0.0,,,,,,624585
FF,4-Seam Fastball,FB,165,39.47,37,33,6,16.22,3,8.11,85,17,20.0,10.3,29,17.58,27.88,35.71,31.75,15.0,0.333,0.378,0.515,0.893,0.182,624641
CH,Changeup,OS,87,20.81,26,26,5,19.23,0,0.0,53,13,24.53,14.94,9,10.34,25.29,56.9,23.81,16.67,0.346,0.346,0.538,0.884,0.192,624641
SL,Slider,BR,47,11.24,19,17,6,31.58,2,10.53,32,10,31.25,21.28,2,4.26,25.53,52.0,17.46,27.27,0.294,0.368,0.824,1.192,0.53,624641
CU,Curveball,BR,39,9.33,11,11,6,54.55,0,0.0,24,9,37.5,23.08,7,17.95,41.03,68.0,14.29,33.33,0.182,0.182,0.182,0.364,0.0,624641
SI,Sinker,FB,39,9.33,12,9,1,8.33,1,8.33,22,3,13.64,7.69,7,17.95,25.64,33.33,5.56,14.29,0.556,0.667,0.889,1.556,0.3329999999999999,624641
FC,Cutter,FB,20,4.78,5,5,1,20.0,0,0.0,11,3,27.27,15.0,6,30.0,45.0,25.0,1.59,50.0,0.4,0.4,0.4,0.8,0.0,624641
ST,Sweeper,BR,13,3.11,4,4,2,50.0,0,0.0,11,5,45.45,38.46,0,0.0,38.46,77.78,3.97,40.0,0.0,0.0,0.0,0.0,0.0,624641
KC,Knuckle Curve,BR,5,1.2,1,1,1,100.0,0,0.0,3,2,66.67,40.0,0,0.0,40.0,60.0,1.59,50.0,0.0,0.0,0.0,0.0,0.0,624641
FS,Split-Finger,OS,2,0.48,0,0,0,,0,,1,1,100.0,50.0,0,0.0,50.0,0.0,0.0,,,,,,,624641
KN,Knuckleball,,1,0.24,1,1,0,0.0,0,0.0,1,0,0.0,0.0,0,0.0,0.0,100.0,0.0,,0.0,0.0,0.0,0.0,0.0,624641
FF,4-Seam Fastball,FB,155,30.27,37,31,8,21.62,5,13.51,69,14,20.29,9.03,26,16.77,25.81,23.75,35.46,16.0,0.29,0.378,0.581,0.959,0.291,628451
CH,Changeup,OS,83,16.21,26,25,4,15.38,1,3.85,50,12,24.0,14.46,4,4.82,19.28,43.14,17.02,16.67,0.24,0.269,0.36,0.629,0.12,628451
SI,Sinker,FB,83,16.21,24,23,5,20.83,1,4.17,33,3,9.09,3.61,21,25.3,28.92,14.71,10.64,33.33,0.217,0.25,0.261,0.511,0.044,628451
SL,Slider,BR,59,11.52,15,14,0,0.0,1,6.67,35,5,14.29,8.47,8,13.56,22.03,34.62,12.77,0.0,0.071,0.133,0.071,0.204,0.0,628451
CU,Curveball,BR,53,10.35,11,11,2,18.18,0,0.0,26,7,26.92,13.21,4,7.55,20.75,26.67,12.77,11.11,0.091,0.091,0.364,0.4549999999999999,0.273,628451
FC,Cutter,FB,39,7.62,13,12,1,7.69,1,7.69,23,2,8.7,5.13,5,12.82,17.95,23.08,4.26,16.67,0.417,0.462,0.583,1.045,0.1659999999999999,628451
ST,Sweeper,BR,23,4.49,6,5,2,33.33,0,0.0,11,5,45.45,21.74,1,4.35,26.09,35.71,6.38,22.22,0.6,0.667,0.6,1.267,0.0,628451
SV,Slurve,BR,7,1.37,1,1,0,0.0,0,0.0,3,0,0.0,0.0,1,14.29,14.29,0.0,0.0,,0.0,0.0,0.0,0.0,0.0,628451
FS,Split-Finger,OS,4,0.78,1,1,0,0.0,0,0.0,3,1,33.33,25.0,0,0.0,25.0,66.67,0.71,0.0,1.0,1.0,1.0,2.0,0.0,628451
FA,Other,,3,0.59,1,1,0,0.0,0,0.0,1,0,0.0,0.0,1,33.33,33.33,0.0,0.0,,1.0,1.0,1.0,2.0,0.0,628451
KC,Knuckle Curve,BR,2,0.39,0,0,0,,0,,1,0,0.0,0.0,0,0.0,0.0,50.0,0.0,,,,,,,628451
EP,Eephus,,1,0.2,0,0,0,,0,,0,0,,0.0,0,0.0,0.0,0.0,0.0,,,,,,,628451
FF,4-Seam Fastball,FB,253,36.51,60,43,5,8.33,14,23.33,118,11,9.32,4.35,34,13.44,17.79,14.0,38.82,5.43,0.302,0.483,0.395,0.878,0.093,630105
SI,Sinker,FB,168,24.24,48,39,8,16.67,4,8.33,71,8,11.27,4.76,41,24.4,29.17,25.33,14.77,22.86,0.282,0.404,0.385,0.789,0.103,630105
SL,Slider,BR,98,14.14,24,23,8,33.33,1,4.17,39,12,30.77,12.24,15,15.31,27.55,23.53,12.66,26.67,0.217,0.25,0.435,0.685,0.218,630105
ST,Sweeper,BR,60,8.66,10,9,2,20.0,0,0.0,25,4,16.0,6.67,8,13.33,20.0,23.53,12.66,6.67,0.111,0.111,0.222,0.333,0.111,630105
CU,Curveball,BR,47,6.78,12,9,1,8.33,0,0.0,21,2,9.52,4.26,9,19.15,23.4,15.79,8.02,5.26,0.222,0.222,0.222,0.444,0.0,630105
CH,Changeup,OS,29,4.18,7,7,6,85.71,0,0.0,13,7,53.85,24.14,6,20.69,44.83,38.89,7.59,33.33,0.0,0.0,0.0,0.0,0.0,630105
FC,Cutter,FB,21,3.03,3,2,1,33.33,1,33.33,5,1,20.0,4.76,6,28.57,33.33,0.0,1.69,25.0,0.5,0.667,0.5,1.167,0.0,630105
KC,Knuckle Curve,BR,11,1.59,0,0,0,,0,,5,3,60.0,27.27,1,9.09,36.36,44.44,2.11,0.0,,,,,,630105
SV,Slurve,BR,5,0.72,2,1,1,50.0,1,50.0,1,0,0.0,0.0,1,20.0,20.0,0.0,1.69,25.0,0.0,0.5,0.0,0.5,0.0,630105
FS,Split-Finger,OS,1,0.14,0,0,0,,0,,0,0,,0.0,1,100.0,100.0,,0.0,,,,,,,630105
FF,4-Seam Fastball,FB,4,22.22,3,3,0,0.0,0,0.0,3,0,0.0,0.0,1,25.0,25.0,,0.0,,0.333,0.333,1.333,1.666,1.0,640459
CH,Changeup,OS,3,16.67,2,2,0,0.0,0,0.0,3,1,33.33,33.33,0,0.0,33.33,100.0,0.0,,0.0,0.0,0.0,0.0,0.0,640459
ST,Sweeper,BR,3,16.67,1,1,1,100.0,0,0.0,2,1,50.0,33.33,1,33.33,66.67,100.0,50.0,100.0,0.0,0.0,0.0,0.0,0.0,640459
CU,Curveball,BR,2,11.11,0,0,0,,0,,1,1,100.0,50.0,1,50.0,100.0,,0.0,,,,,,,640459
SL,Slider,BR,2,11.11,0,0,0,,0,,1,1,100.0,50.0,0,0.0,50.0,50.0,0.0,,,,,,,640459
SI,Sinker,FB,2,11.11,0,0,0,,0,,0,0,,0.0,0,0.0,0.0,0.0,50.0,0.0,,,,,,640459
FC,Cutter,FB,1,5.56,1,1,0,0.0,0,0.0,1,0,0.0,0.0,0,0.0,0.0,,0.0,,1.0,1.0,2.0,3.0,1.0,640459
KC,Knuckle Curve,BR,1,5.56,0,0,0,,0,,0,0,,0.0,0,0.0,0.0,0.0,0.0,,,,,,,640459
CH,Changeup,OS,8,23.53,2,2,0,0.0,0,0.0,4,0,0.0,0.0,0,0.0,0.0,0.0,28.57,0.0,0.5,0.5,0.5,1.0,0.0,640492
FF,4-Seam Fastball,FB,7,20.59,2,1,0,0.0,1,50.0,2,0,0.0,0.0,1,14.29,14.29,20.0,14.29,0.0,1.0,1.0,1.0,2.0,0.0,640492
SL,Slider,BR,6,17.65,3,2,0,0.0,1,33.33,5,1,20.0,16.67,0,0.0,16.67,50.0,14.29,0.0,0.5,0.667,0.5,1.167,0.0,640492
SI,Sinker,FB,6,17.65,0,0,0,,0,,1,0,0.0,0.0,2,33.33,33.33,0.0,14.29,0.0,,,,,,640492
FC,Cutter,FB,4,11.76,1,1,0,0.0,0,0.0,2,0,0.0,0.0,1,25.0,25.0,0.0,0.0,,0.0,0.0,0.0,0.0,0.0,640492
CU,Curveball,BR,3,8.82,1,1,0,0.0,0,0.0,2,0,0.0,0.0,1,33.33,33.33,100.0,28.57,0.0,0.0,0.0,0.0,0.0,0.0,640492
FF,4-Seam Fastball,FB,45,42.86,6,6,3,50.0,0,0.0,22,9,40.91,20.0,6,13.33,33.33,21.05,44.12,20.0,0.0,0.0,0.0,0.0,0.0,640902
CH,Changeup,OS,17,16.19,5,4,0,0.0,1,20.0,9,2,22.22,11.76,0,0.0,11.76,27.27,8.82,0.0,0.5,0.6,0.75,1.35,0.25,640902
SL,Slider,BR,16,15.24,5,5,3,60.0,0,0.0,8,3,37.5,18.75,3,18.75,37.5,33.33,26.47,33.33,0.2,0.2,0.2,0.4,0.0,640902
CU,Curveball,BR,12,11.43,3,3,1,33.33,0,0.0,5,1,20.0,8.33,3,25.0,33.33,25.0,11.76,25.0,0.333,0.333,0.333,0.666,0.0,640902
SI,Sinker,FB,9,8.57,1,0,0,0.0,1,100.0,2,0,0.0,0.0,2,22.22,22.22,0.0,2.94,0.0,,1.0,,,,640902
FC,Cutter,FB,4,3.81,1,1,0,0.0,0,0.0,2,1,50.0,25.0,0,0.0,25.0,0.0,2.94,0.0,0.0,0.0,0.0,0.0,0.0,640902
ST,Sweeper,BR,2,1.9,2,2,1,50.0,0,0.0,1,0,0.0,0.0,1,50.0,50.0,,2.94,100.0,0.5,0.5,0.5,1.0,0.0,640902
FF,4-Seam Fastball,FB,3,75.0,1,1,0,0.0,0,0.0,2,0,0.0,0.0,1,33.33,33.33,100.0,100.0,0.0,0.0,0.0,0.0,0.0,0.0,641302
,,,1,25.0,0,0,0,,0,,0,0,,0.0,0,0.0,0.0,,0.0,,,,,,,641302
FF,4-Seam Fastball,FB,20,30.3,4,4,0,0.0,0,0.0,11,2,18.18,10.0,2,10.0,20.0,30.0,5.0,0.0,0.25,0.25,0.25,0.5,0.0,641313
FC,Cutter,FB,12,18.18,3,3,2,66.67,0,0.0,7,3,42.86,25.0,0,0.0,25.0,42.86,30.0,33.33,0.0,0.0,0.0,0.0,0.0,641313
CH,Changeup,OS,9,13.64,4,3,2,50.0,0,0.0,7,3,42.86,33.33,2,22.22,55.56,80.0,15.0,66.67,0.333,0.333,0.333,0.666,0.0,641313
SL,Slider,BR,9,13.64,3,3,1,33.33,0,0.0,5,3,60.0,33.33,1,11.11,44.44,50.0,15.0,33.33,0.0,0.0,0.0,0.0,0.0,641313
SI,Sinker,FB,7,10.61,2,2,0,0.0,0,0.0,5,0,0.0,0.0,0,0.0,0.0,33.33,10.0,0.0,0.5,0.5,0.5,1.0,0.0,641313
ST,Sweeper,BR,5,7.58,1,1,1,100.0,0,0.0,1,0,0.0,0.0,3,60.0,60.0,0.0,15.0,33.33,0.0,0.0,0.0,0.0,0.0,641313
CU,Curveball,BR,3,4.55,1,1,0,0.0,0,0.0,2,0,0.0,0.0,0,0.0,0.0,50.0,10.0,0.0,1.0,1.0,2.0,3.0,1.0,641313
KC,Knuckle Curve,BR,1,1.52,0,0,0,,0,,1,1,100.0,100.0,0,0.0,100.0,100.0,0.0,,,,,,,641313
SI,Sinker,FB,17,29.31,5,4,2,40.0,1,20.0,7,3,42.86,17.65,5,29.41,47.06,20.0,21.43,66.67,0.0,0.2,0.0,0.2,0.0,641343
ST,Sweeper,BR,13,22.41,5,5,3,60.0,0,0.0,9,6,66.67,46.15,0,0.0,46.15,55.56,35.71,60.0,0.0,0.0,0.0,0.0,0.0,641343
FF,4-Seam Fastball,FB,12,20.69,3,2,1,33.33,1,33.33,2,1,50.0,8.33,2,16.67,25.0,11.11,28.57,25.0,0.5,0.667,0.5,1.167,0.0,641343
SL,Slider,BR,12,20.69,0,0,0,,0,,5,3,60.0,25.0,0,0.0,25.0,37.5,14.29,0.0,,,,,,641343
FC,Cutter,FB,2,3.45,2,2,0,0.0,0,0.0,2,0,0.0,0.0,0,0.0,0.0,,0.0,,1.0,1.0,1.5,2.5,0.5,641343
CU,Curveball,BR,1,1.72,1,1,0,0.0,0,0.0,1,0,0.0,0.0,0,0.0,0.0,,0.0,,0.0,0.0,0.0,0.0,0.0,641343
CH,Changeup,OS,1,1.72,1,1,0,0.0,0,0.0,1,0,0.0,0.0,0,0.0,0.0,,0.0,,0.0,0.0,0.0,0.0,0.0,641343
SI,Sinker,FB,177,25.54,56,50,5,8.93,4,7.14,85,6,7.06,3.39,41,23.16,26.55,29.58,17.44,14.71,0.36,0.393,0.46,0.853,0.1,641355
FF,4-Seam Fastball,FB,166,23.95,47,38,1,2.13,8,17.02,75,6,8.0,3.61,29,17.47,21.08,20.55,22.05,2.33,0.368,0.468,0.789,1.257,0.421,641355
SL,Slider,BR,144,20.78,27,26,7,25.93,1,3.7,66,21,31.82,14.58,17,11.81,26.39,26.83,24.1,14.89,0.269,0.296,0.423,0.719,0.1539999999999999,641355
ST,Sweeper,BR,82,11.83,19,16,1,5.26,1,5.26,32,3,9.38,3.66,14,17.07,20.73,18.6,12.82,4.0,0.5,0.526,0.875,1.401,0.375,641355
FC,Cutter,FB,53,7.65,11,9,1,9.09,2,18.18,20,8,40.0,15.09,7,13.21,28.3,24.24,6.15,8.33,0.333,0.455,0.778,1.233,0.445,641355
CU,Curveball,BR,29,4.18,9,7,1,11.11,2,22.22,16,3,18.75,10.34,5,17.24,27.59,50.0,8.21,6.25,0.429,0.556,0.857,1.413,0.428,641355
CH,Changeup,OS,24,3.46,3,3,1,33.33,0,0.0,11,3,27.27,12.5,2,8.33,20.83,28.57,5.64,9.09,0.333,0.333,0.333,0.666,0.0,641355
KC,Knuckle Curve,BR,12,1.73,1,1,0,0.0,0,0.0,6,2,33.33,16.67,2,16.67,33.33,42.86,3.08,0.0,0.0,0.0,0.0,0.0,0.0,641355
FA,Other,,3,0.43,1,1,0,0.0,0,0.0,1,0,0.0,0.0,0,0.0,0.0,0.0,0.0,,0.0,0.0,0.0,0.0,0.0,641355
FS,Split-Finger,OS,2,0.29,2,2,0,0.0,0,0.0,2,0,0.0,0.0,0,0.0,0.0,100.0,0.51,0.0,0.0,0.0,0.0,0.0,0.0,641355
SV,Slurve,BR,1,0.14,0,0,0,,0,,0,0,,0.0,0,0.0,0.0,0.0,0.0,,,,,,,641355
FF,4-Seam Fastball,FB,287,33.73,63,49,10,15.87,14,22.22,120,25,20.83,8.71,49,17.07,25.78,6.72,32.33,13.33,0.327,0.476,0.571,1.047,0.2439999999999999,641487
SI,Sinker,FB,225,26.44,65,54,10,15.38,8,12.31,87,12,13.79,5.33,60,26.67,32.0,20.69,16.81,25.64,0.241,0.359,0.296,0.655,0.0549999999999999,641487
SL,Slider,BR,140,16.45,36,33,7,19.44,2,5.56,67,15,22.39,10.71,23,16.43,27.14,25.0,20.26,14.89,0.182,0.229,0.212,0.441,0.03,641487
ST,Sweeper,BR,88,10.34,18,18,6,33.33,0,0.0,38,16,42.11,18.18,16,18.18,36.36,26.67,12.07,21.43,0.056,0.056,0.056,0.112,0.0,641487
FC,Cutter,FB,50,5.88,9,8,1,11.11,0,0.0,20,5,25.0,10.0,7,14.0,24.0,14.29,3.45,12.5,0.125,0.125,0.125,0.25,0.0,641487
CU,Curveball,BR,35,4.11,9,9,2,22.22,0,0.0,16,3,18.75,8.57,2,5.71,14.29,36.0,7.33,11.76,0.111,0.111,0.111,0.222,0.0,641487
CH,Changeup,OS,14,1.65,6,6,1,16.67,0,0.0,7,1,14.29,7.14,0,0.0,7.14,25.0,4.74,9.09,0.5,0.5,0.667,1.167,0.167,641487
SV,Slurve,BR,6,0.71,3,3,2,66.67,0,0.0,3,1,33.33,16.67,2,33.33,50.0,50.0,1.72,50.0,0.333,0.333,1.333,1.666,1.0,641487
KC,Knuckle Curve,BR,3,0.35,2,2,1,50.0,0,0.0,3,1,33.33,33.33,0,0.0,33.33,100.0,0.43,100.0,0.5,0.5,0.5,1.0,0.0,641487
FS,Split-Finger,OS,2,0.24,1,1,0,0.0,0,0.0,1,0,0.0,0.0,0,0.0,0.0,0.0,0.43,0.0,0.0,0.0,0.0,0.0,0.0,641487
,,,1,0.12,1,0,0,0.0,1,100.0,0,0,,0.0,0,0.0,0.0,,0.43,0.0,,1.0,,,,641487
SL,Slider,BR,14,25.45,5,5,2,40.0,0,0.0,9,4,44.44,28.57,3,21.43,50.0,50.0,30.0,33.33,0.0,0.0,0.0,0.0,0.0,641555
SI,Sinker,FB,13,23.64,4,4,1,25.0,0,0.0,7,2,28.57,15.38,2,15.38,30.77,33.33,15.0,33.33,0.25,0.25,0.25,0.5,0.0,641555
FF,4-Seam Fastball,FB,12,21.82,4,3,0,0.0,1,25.0,6,0,0.0,0.0,1,8.33,8.33,0.0,15.0,0.0,1.0,1.0,1.333,2.333,0.3329999999999999,641555
ST,Sweeper,BR,7,12.73,1,1,1,100.0,0,0.0,1,0,0.0,0.0,2,28.57,28.57,20.0,15.0,33.33,0.0,0.0,0.0,0.0,0.0,641555
FC,Cutter,FB,4,7.27,0,0,0,,0,,3,1,33.33,25.0,0,0.0,25.0,50.0,15.0,0.0,,,,,,641555
FA,Other,,3,5.45,1,1,0,0.0,0,0.0,2,0,0.0,0.0,0,0.0,0.0,0.0,0.0,,0.0,0.0,0.0,0.0,0.0,641555
CH,Changeup,OS,2,3.64,0,0,0,,0,,1,0,0.0,0.0,0,0.0,0.0,0.0,10.0,0.0,,,,,,641555
FF,4-Seam Fastball,FB,16,32.0,5,4,1,20.0,1,20.0,7,1,14.29,6.25,4,25.0,31.25,16.67,40.0,16.67,0.0,0.2,0.0,0.2,0.0,641584
SI,Sinker,FB,16,32.0,3,2,1,33.33,1,33.33,6,1,16.67,6.25,2,12.5,18.75,20.0,20.0,33.33,0.5,0.667,0.5,1.167,0.0,641584
SL,Slider,BR,11,22.0,1,1,0,0.0,0,0.0,2,0,0.0,0.0,2,18.18,18.18,0.0,26.67,0.0,0.0,0.0,0.0,0.0,0.0,641584
ST,Sweeper,BR,5,10.0,1,1,1,100.0,0,0.0,1,1,100.0,20.0,2,40.0,60.0,33.33,13.33,50.0,0.0,0.0,0.0,0.0,0.0,641584
FC,Cutter,FB,2,4.0,1,1,0,0.0,0,0.0,1,0,0.0,0.0,0,0.0,0.0,0.0,0.0,,1.0,1.0,1.0,2.0,0.0,641584
FF,4-Seam Fastball,FB,176,27.24,50,47,9,18.0,2,4.0,95,13,13.68,7.39,32,18.18,25.57,23.19,28.57,16.07,0.17,0.22,0.383,0.603,0.213,641598
CH,Changeup,OS,133,20.59,30,24,9,30.0,6,20.0,49,19,38.78,14.29,25,18.8,33.08,18.42,22.96,20.0,0.333,0.467,0.375,0.8420000000000001,0.0419999999999999,641598
SL,Slider,BR,76,11.76,17,15,4,23.53,2,11.76,30,11,36.67,14.47,16,21.05,35.53,16.22,11.73,17.39,0.067,0.176,0.067,0.243,0.0,641598
SI,Sinker,FB,72,11.15,21,14,2,9.52,4,19.05,28,7,25.0,9.72,12,16.67,26.39,15.62,6.63,15.38,0.286,0.381,0.286,0.667,0.0,641598
FC,Cutter,FB,61,9.44,13,12,2,15.38,1,7.69,26,3,11.54,4.92,9,14.75,19.67,20.59,11.22,9.09,0.417,0.462,1.167,1.629,0.75,641598
CU,Curveball,BR,59,9.13,11,10,5,45.45,0,0.0,15,6,40.0,10.17,17,28.81,38.98,15.62,10.2,25.0,0.2,0.273,0.2,0.473,0.0,641598
ST,Sweeper,BR,49,7.59,11,9,5,45.45,2,18.18,11,5,45.45,10.2,16,32.65,42.86,18.18,6.63,38.46,0.222,0.364,0.333,0.6970000000000001,0.111,641598
KC,Knuckle Curve,BR,13,2.01,1,1,0,0.0,0,0.0,3,1,33.33,7.69,4,30.77,38.46,16.67,1.02,0.0,1.0,1.0,1.0,2.0,0.0,641598
,,,4,0.62,1,0,0,0.0,1,100.0,0,0,,0.0,0,0.0,0.0,,0.0,,,1.0,,,,641598
FS,Split-Finger,OS,2,0.31,0,0,0,,0,,0,0,,0.0,0,0.0,0.0,0.0,0.51,0.0,,,,,,641598
SV,Slurve,BR,1,0.15,1,1,1,100.0,0,0.0,1,1,100.0,100.0,0,0.0,100.0,100.0,0.51,100.0,0.0,0.0,0.0,0.0,0.0,641598
FF,4-Seam Fastball,FB,8,42.11,0,0,0,,0,,4,1,25.0,12.5,1,12.5,25.0,0.0,20.0,0.0,,,,,,641645
SV,Slurve,BR,6,31.58,0,0,0,,0,,1,0,0.0,0.0,1,16.67,16.67,0.0,50.0,0.0,,,,,,641645
SI,Sinker,FB,4,21.05,2,2,1,50.0,0,0.0,3,1,33.33,25.0,1,25.0,50.0,,20.0,50.0,0.0,0.0,0.0,0.0,0.0,641645
CU,Curveball,BR,1,5.26,1,1,1,100.0,0,0.0,1,1,100.0,100.0,0,0.0,100.0,,10.0,100.0,0.0,0.0,0.0,0.0,0.0,641645
FF,4-Seam Fastball,FB,59,38.06,18,15,4,22.22,1,5.56,30,3,10.0,5.08,10,16.95,22.03,32.0,36.0,22.22,0.067,0.125,0.067,0.192,0.0,641658
SI,Sinker,FB,30,19.35,9,7,3,33.33,2,22.22,9,3,33.33,10.0,10,33.33,43.33,8.33,16.0,37.5,0.143,0.333,0.143,0.476,0.0,641658
CH,Changeup,OS,26,16.77,5,4,1,20.0,1,20.0,10,2,20.0,7.69,5,19.23,26.92,15.38,20.0,10.0,0.25,0.4,0.25,0.65,0.0,641658
CU,Curveball,BR,12,7.74,3,2,1,33.33,1,33.33,2,1,50.0,8.33,3,25.0,33.33,12.5,14.0,14.29,0.0,0.333,0.0,0.333,0.0,641658
SL,Slider,BR,10,6.45,3,3,1,33.33,0,0.0,5,0,0.0,0.0,3,30.0,30.0,33.33,8.0,25.0,0.333,0.333,0.667,1.0,0.334,641658
ST,Sweeper,BR,8,5.16,0,0,0,,0,,3,1,33.33,12.5,2,25.0,37.5,40.0,4.0,0.0,,,,,,641658
FC,Cutter,FB,8,5.16,1,1,0,0.0,0,0.0,4,0,0.0,0.0,1,12.5,12.5,25.0,0.0,,0.0,0.0,0.0,0.0,0.0,641658
FS,Split-Finger,OS,1,0.65,1,1,1,100.0,0,0.0,1,1,100.0,100.0,0,0.0,100.0,,2.0,100.0,0.0,0.0,0.0,0.0,0.0,641658
SV,Slurve,BR,1,0.65,0,0,0,,0,,0,0,,0.0,1,100.0,100.0,,0.0,,,,,,,641658
FF,4-Seam Fastball,FB,189,35.59,38,33,9,23.68,5,13.16,105,28,26.67,14.81,28,14.81,29.63,28.0,34.33,19.57,0.212,0.316,0.394,0.71,0.182,641680
CH,Changeup,OS,81,15.25,27,25,6,22.22,1,3.7,40,10,25.0,12.35,2,2.47,14.81,33.33,14.93,30.0,0.2,0.222,0.24,0.4619999999999999,0.0399999999999999,641680
SI,Sinker,FB,80,15.07,12,11,2,16.67,0,0.0,30,5,16.67,6.25,25,31.25,37.5,15.62,6.72,22.22,0.182,0.167,0.273,0.44,0.091,641680
SL,Slider,BR,76,14.31,26,22,6,23.08,3,11.54,43,9,20.93,11.84,8,10.53,22.37,38.46,20.15,22.22,0.136,0.231,0.318,0.549,0.182,641680
CU,Curveball,BR,34,6.4,8,7,4,50.0,0,0.0,14,4,28.57,11.76,4,11.76,23.53,36.36,11.94,25.0,0.286,0.286,0.286,0.572,0.0,641680
FC,Cutter,FB,25,4.71,7,6,2,28.57,1,14.29,11,6,54.55,24.0,2,8.0,32.0,15.38,1.49,100.0,0.167,0.286,0.167,0.4529999999999999,0.0,641680
ST,Sweeper,BR,22,4.14,8,8,1,12.5,0,0.0,13,3,23.08,13.64,3,13.64,27.27,25.0,4.48,16.67,0.5,0.5,0.875,1.375,0.375,641680
FS,Split-Finger,OS,14,2.64,3,3,0,0.0,0,0.0,6,1,16.67,7.14,0,0.0,7.14,12.5,2.24,0.0,0.333,0.333,0.333,0.666,0.0,641680
KC,Knuckle Curve,BR,6,1.13,2,2,1,50.0,0,0.0,4,2,50.0,33.33,0,0.0,33.33,50.0,2.24,33.33,0.0,0.0,0.0,0.0,0.0,641680
SV,Slurve,BR,4,0.75,2,2,0,0.0,0,0.0,3,0,0.0,0.0,0,0.0,0.0,66.67,1.49,0.0,0.0,0.0,0.0,0.0,0.0,641680
SI,Sinker,FB,3,60.0,0,0,0,,0,,1,0,0.0,0.0,1,33.33,33.33,0.0,0.0,,,,,,,641856
FF,4-Seam Fastball,FB,2,40.0,1,1,0,0.0,0,0.0,1,0,0.0,0.0,0,0.0,0.0,0.0,100.0,0.0,0.0,0.0,0.0,0.0,0.0,641856
FF,4-Seam Fastball,FB,160,30.13,31,25,8,25.81,5,16.13,71,23,32.39,14.37,30,18.75,33.12,14.29,29.67,14.81,0.16,0.29,0.4,0.69,0.24,641857
SI,Sinker,FB,126,23.73,36,35,6,16.67,0,0.0,56,10,17.86,7.94,33,26.19,34.13,29.55,12.64,26.09,0.343,0.361,0.429,0.79,0.0859999999999999,641857
SL,Slider,BR,112,21.09,32,28,15,46.88,4,12.5,52,29,55.77,25.89,18,16.07,41.96,33.33,22.53,36.59,0.107,0.219,0.107,0.326,0.0,641857
ST,Sweeper,BR,56,10.55,13,11,3,23.08,1,7.69,22,7,31.82,12.5,6,10.71,23.21,12.9,15.38,10.71,0.091,0.231,0.091,0.322,0.0,641857
CU,Curveball,BR,23,4.33,4,4,2,50.0,0,0.0,7,4,57.14,17.39,3,13.04,30.43,18.75,6.59,16.67,0.0,0.0,0.0,0.0,0.0,641857
FC,Cutter,FB,22,4.14,5,4,1,20.0,1,20.0,8,3,37.5,13.64,2,9.09,22.73,15.38,2.2,25.0,0.25,0.4,0.25,0.65,0.0,641857
CH,Changeup,OS,20,3.77,6,5,4,66.67,1,16.67,12,8,66.67,40.0,0,0.0,40.0,46.67,6.59,33.33,0.0,0.167,0.0,0.167,0.0,641857
KC,Knuckle Curve,BR,6,1.13,1,1,1,100.0,0,0.0,3,1,33.33,16.67,1,16.67,33.33,50.0,2.2,25.0,0.0,0.0,0.0,0.0,0.0,641857
SV,Slurve,BR,6,1.13,1,1,1,100.0,0,0.0,2,2,100.0,33.33,0,0.0,33.33,20.0,2.2,25.0,0.0,0.0,0.0,0.0,0.0,641857
FF,4-Seam Fastball,FB,82,33.47,25,20,5,20.0,4,16.0,47,11,23.4,13.41,9,10.98,24.39,34.88,34.83,16.13,0.1,0.24,0.4,0.64,0.3,641933
CH,Changeup,OS,54,22.04,8,8,3,37.5,0,0.0,23,13,56.52,24.07,8,14.81,38.89,28.12,16.85,20.0,0.25,0.25,0.25,0.5,0.0,641933
FC,Cutter,FB,27,11.02,5,5,1,20.0,0,0.0,11,4,36.36,14.81,7,25.93,40.74,21.43,5.62,20.0,0.4,0.4,1.0,1.4,0.6,641933
SL,Slider,BR,20,8.16,3,3,3,100.0,0,0.0,7,3,42.86,15.0,6,30.0,45.0,33.33,14.61,23.08,0.0,0.0,0.0,0.0,0.0,641933
CU,Curveball,BR,18,7.35,7,7,3,42.86,0,0.0,10,4,40.0,22.22,5,27.78,50.0,50.0,8.99,37.5,0.143,0.143,0.571,0.714,0.4279999999999999,641933
ST,Sweeper,BR,16,6.53,5,4,2,40.0,0,0.0,6,4,66.67,25.0,4,25.0,50.0,12.5,8.99,25.0,0.25,0.4,0.25,0.65,0.0,641933
SI,Sinker,FB,11,4.49,4,3,0,0.0,1,25.0,5,0,0.0,0.0,2,18.18,18.18,44.44,2.25,0.0,0.0,0.25,0.0,0.25,0.0,641933
KC,Knuckle Curve,BR,5,2.04,1,1,1,100.0,0,0.0,3,1,33.33,20.0,1,20.0,40.0,100.0,2.25,50.0,0.0,0.0,0.0,0.0,0.0,641933
FS,Split-Finger,OS,5,2.04,0,0,0,,0,,2,1,50.0,20.0,1,20.0,40.0,0.0,2.25,0.0,,,,,,641933
,,,5,2.04,1,0,0,0.0,1,100.0,0,0,,0.0,0,0.0,0.0,,1.12,0.0,,1.0,,,,641933
SV,Slurve,BR,2,0.82,0,0,0,,0,,0,0,,0.0,0,0.0,0.0,0.0,2.25,0.0,,,,,,641933
SI,Sinker,FB,22,34.92,4,4,1,25.0,0,0.0,13,2,15.38,9.09,5,22.73,31.82,42.86,28.57,16.67,0.25,0.25,0.25,0.5,0.0,641943
FF,4-Seam Fastball,FB,17,26.98,5,5,2,40.0,0,0.0,12,2,16.67,11.76,4,23.53,35.29,50.0,23.81,40.0,0.0,0.0,0.0,0.0,0.0,641943
SL,Slider,BR,10,15.87,2,2,1,50.0,0,0.0,5,3,60.0,30.0,1,10.0,40.0,33.33,23.81,20.0,0.0,0.0,0.0,0.0,0.0,641943
CU,Curveball,BR,6,9.52,2,2,2,100.0,0,0.0,3,3,100.0,50.0,0,0.0,50.0,40.0,14.29,66.67,0.0,0.0,0.0,0.0,0.0,641943
ST,Sweeper,BR,6,9.52,4,4,2,50.0,0,0.0,6,4,66.67,66.67,0,0.0,66.67,100.0,9.52,100.0,0.25,0.25,0.5,0.75,0.25,641943
FC,Cutter,FB,2,3.17,1,1,0,0.0,0,0.0,2,0,0.0,0.0,0,0.0,0.0,100.0,0.0,,0.0,0.0,0.0,0.0,0.0,641943
CU,Curveball,BR,2,50.0,1,1,0,0.0,0,0.0,1,0,0.0,0.0,1,50.0,50.0,0.0,,,0.0,0.0,0.0,0.0,0.0,642020
FF,4-Seam Fastball,FB,2,50.0,1,0,0,0.0,0,0.0,2,0,0.0,0.0,0,0.0,0.0,,,,,,,,,642020
FF,4-Seam Fastball,FB,24,26.67,6,5,1,16.67,1,16.67,8,0,0.0,0.0,6,25.0,25.0,8.33,5.26,100.0,0.2,0.333,0.4,0.7330000000000001,0.2,642086
SL,Slider,BR,23,25.56,7,7,1,14.29,0,0.0,12,3,25.0,13.04,2,8.7,21.74,35.71,36.84,14.29,0.286,0.286,0.286,0.572,0.0,642086
SI,Sinker,FB,22,24.44,7,7,2,28.57,0,0.0,9,1,11.11,4.55,7,31.82,36.36,33.33,15.79,66.67,0.143,0.143,0.143,0.286,0.0,642086
FC,Cutter,FB,8,8.89,0,0,0,,0,,2,1,50.0,12.5,4,50.0,62.5,33.33,5.26,0.0,,,,,,642086
ST,Sweeper,BR,7,7.78,2,2,0,0.0,0,0.0,4,1,25.0,14.29,1,14.29,28.57,0.0,21.05,0.0,0.0,0.0,0.0,0.0,0.0,642086
CU,Curveball,BR,3,3.33,3,3,0,0.0,0,0.0,3,0,0.0,0.0,0,0.0,0.0,100.0,10.53,0.0,0.333,0.333,0.667,1.0,0.334,642086
CH,Changeup,OS,2,2.22,1,1,0,0.0,0,0.0,1,0,0.0,0.0,0,0.0,0.0,0.0,0.0,,0.0,0.0,0.0,0.0,0.0,642086
SV,Slurve,BR,1,1.11,1,0,0,0.0,0,0.0,0,0,,0.0,0,0.0,0.0,0.0,5.26,0.0,,1.0,,,,642086
ST,Sweeper,BR,25,23.36,5,4,4,80.0,1,20.0,10,9,90.0,36.0,6,24.0,60.0,47.06,27.91,33.33,0.0,0.2,0.0,0.2,0.0,642133
SL,Slider,BR,22,20.56,5,4,3,60.0,1,20.0,12,8,66.67,36.36,5,22.73,59.09,55.56,16.28,42.86,0.25,0.4,0.25,0.65,0.0,642133
SI,Sinker,FB,20,18.69,5,5,1,20.0,0,0.0,13,4,30.77,20.0,3,15.0,35.0,55.56,16.28,14.29,0.0,0.0,0.0,0.0,0.0,642133
FC,Cutter,FB,16,14.95,3,2,1,33.33,1,33.33,6,2,33.33,12.5,3,18.75,31.25,0.0,16.28,14.29,0.0,0.333,0.0,0.333,0.0,642133
FF,4-Seam Fastball,FB,15,14.02,4,3,0,0.0,0,0.0,9,2,22.22,13.33,1,6.67,20.0,16.67,11.63,0.0,0.0,0.25,0.0,0.25,0.0,642133
CU,Curveball,BR,7,6.54,1,1,0,0.0,0,0.0,2,0,0.0,0.0,1,14.29,14.29,20.0,6.98,0.0,0.0,0.0,0.0,0.0,0.0,642133
CH,Changeup,OS,1,0.93,0,0,0,,0,,0,0,,0.0,0,0.0,0.0,0.0,2.33,0.0,,,,,,642133
SV,Slurve,BR,1,0.93,1,1,1,100.0,0,0.0,0,0,,0.0,1,100.0,100.0,,2.33,100.0,0.0,0.0,0.0,0.0,0.0,642133
FF,4-Seam Fastball,FB,33,28.21,9,8,1,11.11,1,11.11,19,6,31.58,18.18,3,9.09,27.27,18.18,22.22,12.5,0.125,0.222,0.125,0.347,0.0,642136
SI,Sinker,FB,30,25.64,8,6,2,25.0,0,0.0,14,2,14.29,6.67,4,13.33,20.0,15.38,22.22,25.0,0.5,0.571,0.667,1.238,0.167,642136
SL,Slider,BR,24,20.51,4,4,2,50.0,0,0.0,9,2,22.22,8.33,4,16.67,25.0,9.09,27.78,20.0,0.25,0.25,0.5,0.75,0.25,642136
CU,Curveball,BR,10,8.55,2,1,0,0.0,1,50.0,6,3,50.0,30.0,0,0.0,30.0,33.33,16.67,0.0,0.0,0.5,0.0,0.5,0.0,642136
ST,Sweeper,BR,9,7.69,1,1,1,100.0,0,0.0,4,2,50.0,22.22,2,22.22,44.44,33.33,2.78,100.0,0.0,0.0,0.0,0.0,0.0,642136
FC,Cutter,FB,8,6.84,3,3,0,0.0,0,0.0,5,0,0.0,0.0,2,25.0,25.0,100.0,5.56,0.0,0.0,0.0,0.0,0.0,0.0,642136
CH,Changeup,OS,2,1.71,1,1,0,0.0,0,0.0,1,0,0.0,0.0,0,0.0,0.0,0.0,2.78,0.0,0.0,0.0,0.0,0.0,0.0,642136
KC,Knuckle Curve,BR,1,0.85,0,0,0,,0,,0,0,,0.0,0,0.0,0.0,0.0,0.0,,,,,,,642136
FF,4-Seam Fastball,FB,34,29.57,4,2,0,0.0,2,50.0,13,1,7.69,2.94,8,23.53,26.47,21.43,23.81,0.0,0.5,0.75,0.5,1.25,0.0,642180
SI,Sinker,FB,32,27.83,8,6,2,25.0,2,25.0,9,2,22.22,6.25,9,28.12,34.38,0.0,21.43,22.22,0.333,0.5,0.333,0.833,0.0,642180
SL,Slider,BR,31,26.96,10,10,7,70.0,0,0.0,20,13,65.0,41.94,3,9.68,51.61,52.94,38.1,43.75,0.1,0.1,0.1,0.2,0.0,642180
ST,Sweeper,BR,13,11.3,2,2,2,100.0,0,0.0,4,4,100.0,30.77,2,15.38,46.15,30.0,14.29,33.33,0.0,0.0,0.0,0.0,0.0,642180
CU,Curveball,BR,2,1.74,0,0,0,,0,,2,1,50.0,50.0,0,0.0,50.0,,0.0,,,,,,,642180
FC,Cutter,FB,2,1.74,1,1,0,0.0,0,0.0,1,0,0.0,0.0,0,0.0,0.0,0.0,2.38,0.0,1.0,1.0,1.0,2.0,0.0,642180
SV,Slurve,BR,1,0.87,0,0,0,,0,,0,0,,0.0,0,0.0,0.0,0.0,0.0,,,,,,,642180
FF,4-Seam Fastball,FB,124,35.53,32,30,9,28.12,2,6.25,80,21,26.25,16.94,11,8.87,25.81,25.64,36.54,23.68,0.267,0.312,0.533,0.845,0.266,642201
SL,Slider,BR,43,12.32,14,14,6,42.86,0,0.0,23,12,52.17,27.91,4,9.3,37.21,29.17,16.35,35.29,0.286,0.286,0.286,0.572,0.0,642201
CH,Changeup,OS,40,11.46,9,8,1,11.11,1,11.11,16,6,37.5,15.0,6,15.0,30.0,20.83,8.65,11.11,0.125,0.222,0.5,0.722,0.375,642201
CU,Curveball,BR,39,11.17,12,12,6,50.0,0,0.0,18,8,44.44,20.51,9,23.08,43.59,39.13,13.46,42.86,0.25,0.25,0.333,0.583,0.083,642201
SI,Sinker,FB,36,10.32,12,11,1,8.33,1,8.33,19,1,5.26,2.78,5,13.89,16.67,21.43,5.77,16.67,0.273,0.333,0.545,0.8780000000000001,0.272,642201
FC,Cutter,FB,26,7.45,8,7,0,0.0,1,12.5,16,3,18.75,11.54,1,3.85,15.38,42.86,4.81,0.0,0.143,0.25,0.571,0.821,0.4279999999999999,642201
ST,Sweeper,BR,23,6.59,4,4,0,0.0,0,0.0,12,3,25.0,13.04,4,17.39,30.43,22.22,6.73,0.0,0.25,0.25,0.25,0.5,0.0,642201
FS,Split-Finger,OS,7,2.01,1,1,0,0.0,0,0.0,3,0,0.0,0.0,2,28.57,28.57,0.0,3.85,0.0,0.0,0.0,0.0,0.0,0.0,642201
SV,Slurve,BR,5,1.43,1,1,0,0.0,0,0.0,4,1,25.0,20.0,1,20.0,40.0,100.0,1.92,0.0,0.0,0.0,0.0,0.0,0.0,642201
KC,Knuckle Curve,BR,4,1.15,2,2,1,50.0,0,0.0,2,1,50.0,25.0,0,0.0,25.0,33.33,1.92,50.0,0.5,0.5,0.5,1.0,0.0,642201
CS,Slow Curve,BR,1,0.29,0,0,0,,0,,0,0,,0.0,1,100.0,100.0,,0.0,,,,,,,642201
,,,1,0.29,1,0,0,0.0,1,100.0,0,0,,0.0,0,0.0,0.0,,0.0,,,1.0,,,,642201
FF,4-Seam Fastball,FB,131,35.41,31,26,9,29.03,5,16.13,59,15,25.42,11.45,26,19.85,31.3,20.75,35.48,20.45,0.269,0.387,0.538,0.925,0.269,642215
CH,Changeup,OS,67,18.11,14,13,4,28.57,1,7.14,29,15,51.72,22.39,4,5.97,28.36,27.66,16.94,19.05,0.077,0.143,0.077,0.2199999999999999,0.0,642215
SL,Slider,BR,51,13.78,9,8,5,55.56,1,11.11,19,8,42.11,15.69,10,19.61,35.29,24.14,18.55,21.74,0.125,0.222,0.125,0.347,0.0,642215
CU,Curveball,BR,48,12.97,12,11,2,16.67,0,0.0,20,4,20.0,8.33,10,20.83,29.17,11.11,10.48,15.38,0.182,0.25,0.545,0.795,0.363,642215
SI,Sinker,FB,21,5.68,5,5,2,40.0,0,0.0,8,2,25.0,9.52,5,23.81,33.33,12.5,4.84,33.33,0.4,0.4,0.6,1.0,0.1999999999999999,642215
ST,Sweeper,BR,19,5.14,3,2,0,0.0,1,33.33,5,2,40.0,10.53,4,21.05,31.58,15.38,8.06,0.0,0.0,0.333,0.0,0.333,0.0,642215
FC,Cutter,FB,19,5.14,7,6,1,14.29,1,14.29,10,3,30.0,15.79,3,15.79,31.58,14.29,2.42,33.33,0.167,0.286,0.167,0.4529999999999999,0.0,642215
KC,Knuckle Curve,BR,7,1.89,1,1,1,100.0,0,0.0,4,3,75.0,42.86,1,14.29,57.14,50.0,2.42,33.33,0.0,0.0,0.0,0.0,0.0,642215
SV,Slurve,BR,3,0.81,0,0,0,,0,,0,0,,0.0,0,0.0,0.0,0.0,0.81,0.0,,,,,,642215
CS,Slow Curve,BR,2,0.54,0,0,0,,0,,0,0,,0.0,2,100.0,100.0,,0.0,,,,,,,642215
FS,Split-Finger,OS,2,0.54,0,0,0,,0,,1,0,0.0,0.0,0,0.0,0.0,50.0,0.0,,,,,,,642215
FF,4-Seam Fastball,FB,18,26.87,3,3,3,100.0,0,0.0,9,3,33.33,16.67,2,11.11,27.78,36.36,25.93,42.86,0.0,0.0,0.0,0.0,0.0,642350
SI,Sinker,FB,13,19.4,3,3,2,66.67,0,0.0,8,4,50.0,30.77,3,23.08,53.85,33.33,18.52,40.0,0.333,0.333,0.667,1.0,0.334,642350
FC,Cutter,FB,12,17.91,2,2,2,100.0,0,0.0,5,4,80.0,33.33,2,16.67,50.0,14.29,14.81,50.0,0.0,0.0,0.0,0.0,0.0,642350
CH,Changeup,OS,8,11.94,1,1,1,100.0,0,0.0,5,2,40.0,25.0,1,12.5,37.5,50.0,14.81,25.0,0.0,0.0,0.0,0.0,0.0,642350
CU,Curveball,BR,7,10.45,3,3,2,66.67,0,0.0,4,2,50.0,28.57,1,14.29,42.86,33.33,14.81,50.0,0.0,0.0,0.0,0.0,0.0,642350
SL,Slider,BR,6,8.96,0,0,0,,0,,2,0,0.0,0.0,0,0.0,0.0,20.0,7.41,0.0,,,,,,642350
ST,Sweeper,BR,2,2.99,1,1,1,100.0,0,0.0,2,1,50.0,50.0,0,0.0,50.0,,3.7,100.0,0.0,0.0,0.0,0.0,0.0,642350
,,,1,1.49,0,0,0,,0,,0,0,,0.0,0,0.0,0.0,,0.0,,,,,,,642350
FF,4-Seam Fastball,FB,122,29.26,33,30,5,15.15,2,6.06,71,10,14.08,8.2,16,13.11,21.31,26.67,32.17,13.51,0.233,0.273,0.5,0.773,0.267,642708
CH,Changeup,OS,97,23.26,32,31,4,12.5,1,3.12,48,13,27.08,13.4,5,5.15,18.56,35.82,24.35,14.29,0.258,0.281,0.484,0.765,0.2259999999999999,642708
SI,Sinker,FB,59,14.15,19,19,2,10.53,0,0.0,31,3,9.68,5.08,11,18.64,23.73,25.0,5.22,33.33,0.316,0.316,0.421,0.737,0.1049999999999999,642708
SL,Slider,BR,47,11.27,12,10,0,0.0,2,16.67,28,8,28.57,17.02,6,12.77,29.79,50.0,11.3,0.0,0.6,0.667,0.6,1.267,0.0,642708
FC,Cutter,FB,31,7.43,10,10,2,20.0,0,0.0,20,3,15.0,9.68,6,19.35,29.03,55.56,6.96,25.0,0.4,0.4,0.5,0.9,0.0999999999999999,642708
CU,Curveball,BR,27,6.47,8,8,0,0.0,0,0.0,16,3,18.75,11.11,4,14.81,25.93,33.33,4.35,0.0,0.125,0.125,0.25,0.375,0.125,642708
ST,Sweeper,BR,22,5.28,5,5,0,0.0,0,0.0,15,1,6.67,4.55,1,4.55,9.09,33.33,11.3,0.0,0.6,0.6,1.2,1.7999999999999998,0.6,642708
KC,Knuckle Curve,BR,7,1.68,2,2,2,100.0,0,0.0,6,3,50.0,42.86,0,0.0,42.86,80.0,3.48,50.0,0.0,0.0,0.0,0.0,0.0,642708
FS,Split-Finger,OS,4,0.96,1,1,0,0.0,0,0.0,4,0,0.0,0.0,0,0.0,0.0,100.0,0.87,0.0,0.0,0.0,0.0,0.0,0.0,642708
SV,Slurve,BR,1,0.24,0,0,0,,0,,0,0,,0.0,0,0.0,0.0,0.0,0.0,,,,,,,642708
FF,4-Seam Fastball,FB,276,37.25,77,73,15,19.48,3,3.9,131,26,19.85,9.42,47,17.03,26.45,22.4,35.59,17.86,0.219,0.247,0.575,0.822,0.356,642715
CH,Changeup,OS,106,14.3,25,21,7,28.0,4,16.0,50,20,40.0,18.87,10,9.43,28.3,33.33,16.95,17.5,0.238,0.36,0.333,0.6930000000000001,0.095,642715
SL,Slider,BR,105,14.17,27,25,16,59.26,2,7.41,52,21,40.38,20.0,20,19.05,39.05,40.38,19.07,35.56,0.12,0.185,0.28,0.465,0.16,642715
SI,Sinker,FB,84,11.34,19,16,2,10.53,3,15.79,34,4,11.76,4.76,15,17.86,22.62,25.58,8.05,10.53,0.375,0.474,0.625,1.099,0.25,642715
CU,Curveball,BR,59,7.96,11,7,3,27.27,4,36.36,12,4,33.33,6.78,22,37.29,44.07,7.41,8.05,15.79,0.143,0.455,0.143,0.598,0.0,642715
ST,Sweeper,BR,47,6.34,10,8,7,70.0,1,10.0,15,5,33.33,10.64,13,27.66,38.3,13.64,6.78,43.75,0.0,0.1,0.0,0.1,0.0,642715
FC,Cutter,FB,45,6.07,6,6,3,50.0,0,0.0,16,5,31.25,11.11,11,24.44,35.56,20.83,2.54,50.0,0.0,0.0,0.0,0.0,0.0,642715
KC,Knuckle Curve,BR,9,1.21,4,3,1,25.0,0,0.0,4,1,25.0,11.11,1,11.11,22.22,33.33,1.27,33.33,0.333,0.25,0.333,0.583,0.0,642715
FS,Split-Finger,OS,8,1.08,1,0,0,0.0,1,100.0,4,2,50.0,25.0,0,0.0,25.0,33.33,1.69,0.0,,1.0,,,,642715
CS,Slow Curve,BR,1,0.13,0,0,0,,0,,0,0,,0.0,0,0.0,0.0,0.0,0.0,,,,,,,642715
SV,Slurve,BR,1,0.13,0,0,0,,0,,0,0,,0.0,0,0.0,0.0,0.0,0.0,,,,,,,642715
FF,4-Seam Fastball,FB,7,63.64,1,1,0,0.0,0,0.0,3,1,33.33,14.29,0,0.0,14.29,25.0,100.0,0.0,0.0,0.0,0.0,0.0,0.0,642727
ST,Sweeper,BR,2,18.18,0,0,0,,0,,1,0,0.0,0.0,0,0.0,0.0,50.0,0.0,,,,,,,642727
CH,Changeup,OS,1,9.09,0,0,0,,0,,0,0,,0.0,1,100.0,100.0,,0.0,,,,,,,642727
SL,Slider,BR,1,9.09,1,1,0,0.0,0,0.0,1,0,0.0,0.0,0,0.0,0.0,,0.0,,0.0,0.0,0.0,0.0,0.0,642727
FF,4-Seam Fastball,FB,64,45.71,16,12,2,12.5,2,12.5,35,7,20.0,10.94,5,7.81,18.75,30.56,40.0,14.29,0.083,0.188,0.167,0.355,0.084,642731
CH,Changeup,OS,23,16.43,6,6,1,16.67,0,0.0,13,4,30.77,17.39,2,8.7,26.09,55.56,22.86,12.5,0.333,0.333,0.333,0.666,0.0,642731
SL,Slider,BR,14,10.0,4,2,1,25.0,1,25.0,5,2,40.0,14.29,1,7.14,21.43,11.11,14.29,20.0,0.0,0.5,0.0,0.5,0.0,642731
SI,Sinker,FB,13,9.29,4,4,0,0.0,0,0.0,8,0,0.0,0.0,3,23.08,23.08,33.33,5.71,0.0,0.5,0.5,0.5,1.0,0.0,642731
CU,Curveball,BR,10,7.14,3,3,1,33.33,0,0.0,5,1,20.0,10.0,0,0.0,10.0,0.0,8.57,33.33,0.0,0.0,0.0,0.0,0.0,642731
FC,Cutter,FB,8,5.71,1,1,0,0.0,0,0.0,4,0,0.0,0.0,1,12.5,12.5,0.0,0.0,,1.0,1.0,4.0,5.0,3.0,642731
ST,Sweeper,BR,5,3.57,3,3,0,0.0,0,0.0,3,0,0.0,0.0,0,0.0,0.0,33.33,5.71,0.0,0.0,0.0,0.0,0.0,0.0,642731
SV,Slurve,BR,2,1.43,0,0,0,,0,,0,0,,0.0,1,50.0,50.0,0.0,2.86,0.0,,,,,,642731
KC,Knuckle Curve,BR,1,0.71,0,0,0,,0,,0,0,,0.0,1,100.0,100.0,,0.0,,,,,,,642731
FF,4-Seam Fastball,FB,53,32.52,12,11,3,25.0,1,8.33,31,3,9.68,5.66,9,16.98,22.64,34.78,31.58,16.67,0.273,0.333,0.273,0.6060000000000001,0.0,642851
CH,Changeup,OS,33,20.25,8,8,3,37.5,0,0.0,20,11,55.0,33.33,4,12.12,45.45,40.0,19.3,27.27,0.125,0.125,0.25,0.375,0.125,642851
SL,Slider,BR,26,15.95,4,3,1,25.0,0,0.0,9,2,22.22,7.69,6,23.08,30.77,9.09,17.54,10.0,0.667,0.5,2.0,2.5,1.333,642851
SI,Sinker,FB,19,11.66,8,8,2,25.0,0,0.0,11,1,9.09,5.26,5,26.32,31.58,40.0,14.04,25.0,0.25,0.25,0.25,0.5,0.0,642851
FC,Cutter,FB,14,8.59,2,2,1,50.0,0,0.0,8,2,25.0,14.29,3,21.43,35.71,50.0,5.26,33.33,0.5,0.5,1.0,1.5,0.5,642851
CU,Curveball,BR,11,6.75,3,3,3,100.0,0,0.0,3,2,66.67,18.18,5,45.45,63.64,33.33,7.02,75.0,0.0,0.0,0.0,0.0,0.0,642851
ST,Sweeper,BR,3,1.84,0,0,0,,0,,2,0,0.0,0.0,0,0.0,0.0,,1.75,0.0,,,,,,642851
SV,Slurve,BR,2,1.23,0,0,0,,0,,1,0,0.0,0.0,1,50.0,50.0,100.0,0.0,,,,,,,642851
KC,Knuckle Curve,BR,1,0.61,1,1,1,100.0,0,0.0,1,1,100.0,100.0,0,0.0,100.0,100.0,1.75,100.0,0.0,0.0,0.0,0.0,0.0,642851
,,,1,0.61,0,0,0,,0,,0,0,,0.0,0,0.0,0.0,,1.75,0.0,,,,,,642851
SL,Slider,BR,88,27.41,18,18,7,38.89,0,0.0,51,28,54.9,31.82,9,10.23,42.05,53.57,30.93,23.33,0.222,0.222,0.333,0.555,0.111,643217
SI,Sinker,FB,81,25.23,31,27,2,6.45,0,0.0,53,2,3.77,2.47,11,13.58,16.05,40.0,18.56,11.11,0.296,0.31,0.63,0.94,0.334,643217
FF,4-Seam Fastball,FB,73,22.74,25,25,8,32.0,0,0.0,52,22,42.31,30.14,4,5.48,35.62,44.83,22.68,36.36,0.28,0.28,0.48,0.76,0.1999999999999999,643217
ST,Sweeper,BR,38,11.84,10,10,3,30.0,0,0.0,17,8,47.06,21.05,3,7.89,28.95,33.33,17.53,17.65,0.2,0.2,0.4,0.6000000000000001,0.2,643217
FC,Cutter,FB,19,5.92,6,4,0,0.0,1,16.67,11,2,18.18,10.53,3,15.79,26.32,50.0,4.12,0.0,0.5,0.5,1.5,2.0,1.0,643217
CU,Curveball,BR,12,3.74,0,0,0,,0,,1,1,100.0,8.33,3,25.0,33.33,0.0,4.12,0.0,,,,,,643217
CH,Changeup,OS,8,2.49,3,3,1,33.33,0,0.0,6,3,50.0,37.5,0,0.0,37.5,33.33,1.03,100.0,0.333,0.333,1.333,1.666,1.0,643217
KC,Knuckle Curve,BR,1,0.31,0,0,0,,0,,1,0,0.0,0.0,0,0.0,0.0,,1.03,0.0,,,,,,643217
SV,Slurve,BR,1,0.31,0,0,0,,0,,1,1,100.0,100.0,0,0.0,100.0,,0.0,,,,,,,643217
FF,4-Seam Fastball,FB,173,40.71,42,33,4,9.52,7,16.67,90,18,20.0,10.4,30,17.34,27.75,28.77,41.48,7.14,0.242,0.39,0.273,0.663,0.031,643289
CH,Changeup,OS,80,18.82,29,29,3,10.34,0,0.0,45,7,15.56,8.75,3,3.75,12.5,32.65,20.0,11.11,0.241,0.241,0.345,0.586,0.1039999999999999,643289
SL,Slider,BR,44,10.35,8,8,2,25.0,0,0.0,24,8,33.33,18.18,6,13.64,31.82,44.44,13.33,11.11,0.125,0.125,0.25,0.375,0.125,643289
FC,Cutter,FB,41,9.65,11,11,0,0.0,0,0.0,28,1,3.57,2.44,4,9.76,12.2,55.0,5.93,0.0,0.455,0.455,0.545,1.0,0.09,643289
SI,Sinker,FB,32,7.53,6,6,0,0.0,0,0.0,14,1,7.14,3.12,8,25.0,28.12,9.09,4.44,0.0,0.333,0.333,0.5,0.833,0.1669999999999999,643289
CU,Curveball,BR,29,6.82,11,11,1,9.09,0,0.0,19,1,5.26,3.45,3,10.34,13.79,50.0,9.63,7.69,0.455,0.455,0.909,1.364,0.454,643289
ST,Sweeper,BR,16,3.76,6,6,1,16.67,0,0.0,7,0,0.0,0.0,3,18.75,18.75,11.11,2.96,25.0,0.333,0.333,0.333,0.666,0.0,643289
SV,Slurve,BR,4,0.94,1,1,0,0.0,0,0.0,2,0,0.0,0.0,1,25.0,25.0,50.0,0.0,,1.0,1.0,1.0,2.0,0.0,643289
KC,Knuckle Curve,BR,3,0.71,0,0,0,,0,,1,0,0.0,0.0,0,0.0,0.0,50.0,0.74,0.0,,,,,,643289
FS,Split-Finger,OS,3,0.71,1,1,0,0.0,0,0.0,2,0,0.0,0.0,0,0.0,0.0,66.67,1.48,0.0,0.0,0.0,0.0,0.0,0.0,643289
FF,4-Seam Fastball,FB,178,34.03,40,28,7,17.5,10,25.0,80,19,23.75,10.67,29,16.29,26.97,15.0,34.91,11.86,0.25,0.436,0.429,0.865,0.179,643376
CH,Changeup,OS,105,20.08,27,24,8,29.63,2,7.41,52,21,40.38,20.0,12,11.43,31.43,31.75,21.3,22.22,0.125,0.185,0.208,0.393,0.0829999999999999,643376
SI,Sinker,FB,65,12.43,12,11,5,41.67,1,8.33,24,5,20.83,7.69,20,30.77,38.46,15.38,8.28,35.71,0.182,0.25,0.455,0.7050000000000001,0.273,643376
FC,Cutter,FB,54,10.33,10,6,2,20.0,3,30.0,23,7,30.43,12.96,11,20.37,33.33,12.5,7.69,15.38,0.667,0.778,1.667,2.4450000000000003,1.0,643376
SL,Slider,BR,43,8.22,11,9,6,54.55,2,18.18,19,6,31.58,13.95,9,20.93,34.88,25.0,8.88,40.0,0.111,0.273,0.111,0.384,0.0,643376
CU,Curveball,BR,33,6.31,8,6,2,25.0,2,25.0,7,2,28.57,6.06,9,27.27,33.33,15.0,8.28,14.29,0.0,0.25,0.0,0.25,0.0,643376
ST,Sweeper,BR,27,5.16,8,7,4,50.0,1,12.5,12,3,25.0,11.11,5,18.52,29.63,28.57,4.73,50.0,0.286,0.375,0.857,1.232,0.571,643376
KC,Knuckle Curve,BR,9,1.72,2,2,1,50.0,0,0.0,5,2,40.0,22.22,2,22.22,44.44,50.0,2.96,20.0,0.0,0.0,0.0,0.0,0.0,643376
FS,Split-Finger,OS,8,1.53,3,3,3,100.0,0,0.0,4,4,100.0,50.0,1,12.5,62.5,50.0,2.37,75.0,0.0,0.0,0.0,0.0,0.0,643376
SV,Slurve,BR,1,0.19,0,0,0,,0,,1,0,0.0,0.0,0,0.0,0.0,,0.59,0.0,,,,,,643376
FF,4-Seam Fastball,FB,132,29.6,35,33,5,14.29,0,0.0,69,9,13.04,6.82,28,21.21,28.03,32.14,25.95,14.71,0.273,0.286,0.364,0.6499999999999999,0.0909999999999999,643396
CH,Changeup,OS,83,18.61,29,29,8,27.59,0,0.0,52,13,25.0,15.66,9,10.84,26.51,47.73,21.37,28.57,0.172,0.172,0.31,0.482,0.138,643396
SI,Sinker,FB,83,18.61,19,19,1,5.26,0,0.0,40,5,12.5,6.02,22,26.51,32.53,28.12,16.03,4.76,0.263,0.263,0.263,0.526,0.0,643396
FC,Cutter,FB,39,8.74,8,8,2,25.0,0,0.0,20,4,20.0,10.26,9,23.08,33.33,36.84,6.11,25.0,0.0,0.0,0.0,0.0,0.0,643396
CU,Curveball,BR,39,8.74,10,7,3,30.0,2,20.0,9,2,22.22,5.13,10,25.64,30.77,20.83,11.45,20.0,0.429,0.6,0.429,1.029,0.0,643396
SL,Slider,BR,33,7.4,10,10,0,0.0,0,0.0,18,2,11.11,6.06,5,15.15,21.21,16.67,8.4,0.0,0.2,0.2,0.2,0.4,0.0,643396
ST,Sweeper,BR,30,6.73,10,10,1,10.0,0,0.0,14,3,21.43,10.0,5,16.67,26.67,14.29,9.16,8.33,0.1,0.1,0.1,0.2,0.0,643396
KC,Knuckle Curve,BR,5,1.12,2,2,0,0.0,0,0.0,2,0,0.0,0.0,0,0.0,0.0,25.0,1.53,0.0,0.5,0.5,0.5,1.0,0.0,643396
FS,Split-Finger,OS,2,0.45,1,1,0,0.0,0,0.0,1,0,0.0,0.0,1,50.0,50.0,,0.0,,1.0,1.0,1.0,2.0,0.0,643396
SL,Slider,BR,124,29.95,29,25,3,10.34,3,10.34,59,17,28.81,13.71,18,14.52,28.23,31.34,27.34,7.89,0.16,0.276,0.16,0.436,0.0,643446
FF,4-Seam Fastball,FB,103,24.88,30,25,4,13.33,3,10.0,57,6,10.53,5.83,11,10.68,16.5,18.92,23.02,12.5,0.36,0.448,0.68,1.128,0.32,643446
SI,Sinker,FB,90,21.74,26,20,2,7.69,6,23.08,51,8,15.69,8.89,11,12.22,21.11,22.22,22.3,6.45,0.2,0.385,0.3,0.685,0.0999999999999999,643446
ST,Sweeper,BR,57,13.77,12,10,3,25.0,1,8.33,24,7,29.17,12.28,8,14.04,26.32,25.0,17.27,12.5,0.1,0.182,0.2,0.382,0.1,643446
CU,Curveball,BR,26,6.28,5,4,3,60.0,1,20.0,11,7,63.64,26.92,6,23.08,50.0,37.5,5.04,42.86,0.25,0.4,0.25,0.65,0.0,643446
FC,Cutter,FB,7,1.69,4,4,0,0.0,0,0.0,5,0,0.0,0.0,1,14.29,14.29,66.67,0.72,0.0,0.5,0.5,0.5,1.0,0.0,643446
CH,Changeup,OS,5,1.21,1,1,1,100.0,0,0.0,3,1,33.33,20.0,0,0.0,20.0,33.33,2.88,25.0,0.0,0.0,0.0,0.0,0.0,643446
FS,Split-Finger,OS,1,0.24,0,0,0,,0,,1,0,0.0,0.0,0,0.0,0.0,,0.72,0.0,,,,,,643446
KC,Knuckle Curve,BR,1,0.24,0,0,0,,0,,1,0,0.0,0.0,0,0.0,0.0,,0.72,0.0,,,,,,643446
FF,4-Seam Fastball,FB,117,40.91,28,23,9,32.14,4,14.29,59,24,40.68,20.51,18,15.38,35.9,13.95,42.0,21.43,0.217,0.357,0.304,0.661,0.087,643565
SI,Sinker,FB,56,19.58,22,16,3,13.64,5,22.73,22,2,9.09,3.57,8,14.29,17.86,14.29,12.0,25.0,0.188,0.409,0.375,0.784,0.187,643565
SL,Slider,BR,48,16.78,12,12,3,25.0,0,0.0,28,13,46.43,27.08,3,6.25,33.33,40.74,20.0,15.0,0.333,0.333,0.917,1.25,0.5840000000000001,643565
ST,Sweeper,BR,28,9.79,4,3,1,25.0,1,25.0,11,3,27.27,10.71,6,21.43,32.14,30.77,13.0,7.69,0.333,0.5,0.333,0.833,0.0,643565
FC,Cutter,FB,18,6.29,2,2,1,50.0,0,0.0,9,4,44.44,22.22,0,0.0,22.22,18.18,5.0,20.0,0.0,0.0,0.0,0.0,0.0,643565
CU,Curveball,BR,9,3.15,1,1,1,100.0,0,0.0,4,3,75.0,33.33,2,22.22,55.56,33.33,1.0,100.0,0.0,0.0,0.0,0.0,0.0,643565
CH,Changeup,OS,5,1.75,2,2,0,0.0,0,0.0,3,0,0.0,0.0,0,0.0,0.0,33.33,3.0,0.0,0.0,0.0,0.0,0.0,0.0,643565
FS,Split-Finger,OS,2,0.7,0,0,0,,0,,2,0,0.0,0.0,0,0.0,0.0,,2.0,0.0,,,,,,643565
KC,Knuckle Curve,BR,2,0.7,0,0,0,,0,,2,0,0.0,0.0,0,0.0,0.0,,2.0,0.0,,,,,,643565
CS,Slow Curve,BR,1,0.35,0,0,0,,0,,1,1,100.0,100.0,0,0.0,100.0,,0.0,,,,,,,643565
FF,4-Seam Fastball,FB,8,34.78,2,2,0,0.0,0,0.0,3,0,0.0,0.0,2,25.0,25.0,20.0,25.0,0.0,0.5,0.5,0.5,1.0,0.0,644433
SI,Sinker,FB,4,17.39,2,2,0,0.0,0,0.0,2,0,0.0,0.0,1,25.0,25.0,0.0,12.5,0.0,0.0,0.0,0.0,0.0,0.0,644433
SL,Slider,BR,4,17.39,0,0,0,,0,,1,0,0.0,0.0,2,50.0,50.0,50.0,0.0,,,,,,,644433
CH,Changeup,OS,3,13.04,2,2,2,100.0,0,0.0,1,1,100.0,33.33,1,33.33,66.67,50.0,37.5,66.67,0.0,0.0,0.0,0.0,0.0,644433
CU,Curveball,BR,3,13.04,0,0,0,,0,,2,0,0.0,0.0,0,0.0,0.0,50.0,25.0,0.0,,,,,,644433
FC,Cutter,FB,1,4.35,1,1,0,0.0,0,0.0,1,0,0.0,0.0,0,0.0,0.0,,0.0,,1.0,1.0,2.0,3.0,1.0,644433
FF,4-Seam Fastball,FB,179,29.73,63,59,8,12.7,3,4.76,117,20,17.09,11.17,11,6.15,17.32,41.18,34.69,15.69,0.288,0.317,0.492,0.8089999999999999,0.204,645277
CH,Changeup,OS,116,19.27,40,39,1,2.5,0,0.0,74,8,10.81,6.9,5,4.31,11.21,49.35,14.97,4.55,0.179,0.175,0.179,0.354,0.0,645277
SI,Sinker,FB,71,11.79,27,26,1,3.7,0,0.0,51,6,11.76,8.45,8,11.27,19.72,54.17,9.52,7.14,0.346,0.333,0.577,0.91,0.2309999999999999,645277
CU,Curveball,BR,66,10.96,15,13,0,0.0,2,13.33,31,4,12.9,6.06,5,7.58,13.64,33.33,12.24,0.0,0.231,0.333,0.308,0.641,0.0769999999999999,645277
SL,Slider,BR,53,8.8,15,15,4,26.67,0,0.0,34,14,41.18,26.42,5,9.43,35.85,50.0,7.48,36.36,0.333,0.333,0.533,0.8660000000000001,0.2,645277
ST,Sweeper,BR,42,6.98,11,11,3,27.27,0,0.0,19,4,21.05,9.52,13,30.95,40.48,35.0,9.52,21.43,0.182,0.182,0.182,0.364,0.0,645277
FC,Cutter,FB,32,5.32,6,6,0,0.0,0,0.0,21,6,28.57,18.75,5,15.62,34.38,38.46,3.4,0.0,0.833,0.833,1.0,1.833,0.167,645277
FS,Split-Finger,OS,25,4.15,6,6,1,16.67,0,0.0,13,3,23.08,12.0,1,4.0,16.0,26.67,6.12,11.11,0.0,0.0,0.0,0.0,0.0,645277
SV,Slurve,BR,7,1.16,1,1,0,0.0,0,0.0,3,1,33.33,14.29,1,14.29,28.57,25.0,0.68,0.0,1.0,1.0,2.0,3.0,1.0,645277
KC,Knuckle Curve,BR,6,1.0,1,1,0,0.0,0,0.0,3,0,0.0,0.0,0,0.0,0.0,0.0,1.36,0.0,0.0,0.0,0.0,0.0,0.0,645277
,,,4,0.66,1,0,0,0.0,1,100.0,0,0,,0.0,0,0.0,0.0,,0.0,,,1.0,,,,645277
CS,Slow Curve,BR,1,0.17,0,0,0,,0,,1,1,100.0,100.0,0,0.0,100.0,,0.0,,,,,,,645277
FF,4-Seam Fastball,FB,54,34.18,12,12,0,0.0,0,0.0,35,5,14.29,9.26,5,9.26,18.52,42.31,29.55,0.0,0.5,0.5,0.5,1.0,0.0,645302
CH,Changeup,OS,35,22.15,14,13,6,42.86,1,7.14,20,11,55.0,31.43,2,5.71,37.14,43.48,27.27,50.0,0.154,0.214,0.231,0.445,0.077,645302
SI,Sinker,FB,17,10.76,5,5,0,0.0,0,0.0,12,0,0.0,0.0,3,17.65,17.65,71.43,6.82,0.0,0.4,0.4,0.4,0.8,0.0,645302
SL,Slider,BR,16,10.13,7,6,1,14.29,0,0.0,12,3,25.0,18.75,1,6.25,25.0,50.0,9.09,25.0,0.167,0.143,0.167,0.31,0.0,645302
ST,Sweeper,BR,13,8.23,4,3,0,0.0,1,25.0,7,0,0.0,0.0,2,15.38,15.38,33.33,13.64,0.0,0.0,0.25,0.0,0.25,0.0,645302
FC,Cutter,FB,13,8.23,2,2,1,50.0,0,0.0,8,4,50.0,30.77,1,7.69,38.46,50.0,6.82,33.33,0.0,0.0,0.0,0.0,0.0,645302
CU,Curveball,BR,7,4.43,2,2,0,0.0,0,0.0,3,0,0.0,0.0,1,14.29,14.29,40.0,6.82,0.0,1.0,1.0,1.0,2.0,0.0,645302
FS,Split-Finger,OS,3,1.9,2,2,0,0.0,0,0.0,2,0,0.0,0.0,0,0.0,0.0,0.0,0.0,,0.0,0.0,0.0,0.0,0.0,645302
FF,4-Seam Fastball,FB,6,23.08,1,1,0,0.0,0,0.0,4,0,0.0,0.0,0,0.0,0.0,0.0,16.67,0.0,1.0,1.0,2.0,3.0,1.0,645305
CU,Curveball,BR,5,19.23,2,2,1,50.0,0,0.0,4,1,25.0,20.0,0,0.0,20.0,75.0,41.67,20.0,0.0,0.0,0.0,0.0,0.0,645305
FC,Cutter,FB,4,15.38,2,2,0,0.0,0,0.0,3,0,0.0,0.0,1,25.0,25.0,100.0,16.67,0.0,0.5,0.5,0.5,1.0,0.0,645305
CH,Changeup,OS,3,11.54,0,0,0,,0,,1,1,100.0,33.33,0,0.0,33.33,33.33,16.67,0.0,,,,,,645305
SI,Sinker,FB,3,11.54,0,0,0,,0,,2,1,50.0,33.33,0,0.0,33.33,0.0,0.0,,,,,,,645305
FA,Other,,3,11.54,1,1,0,0.0,0,0.0,1,0,0.0,0.0,1,33.33,33.33,50.0,0.0,,0.0,0.0,0.0,0.0,0.0,645305
EP,Eephus,,1,3.85,0,0,0,,0,,0,0,,0.0,0,0.0,0.0,0.0,0.0,,,,,,,645305
SL,Slider,BR,1,3.85,0,0,0,,0,,1,0,0.0,0.0,0,0.0,0.0,,8.33,0.0,,,,,,645305
FF,4-Seam Fastball,FB,74,30.08,15,10,3,20.0,2,13.33,27,4,14.81,5.41,22,29.73,35.14,7.41,25.33,15.79,0.4,0.462,0.6,1.062,0.1999999999999999,645444
SI,Sinker,FB,57,23.17,13,10,3,23.08,3,23.08,14,2,14.29,3.51,20,35.09,38.6,0.0,13.33,30.0,0.4,0.538,0.5,1.038,0.0999999999999999,645444
CH,Changeup,OS,46,18.7,10,9,2,20.0,1,10.0,19,6,31.58,13.04,4,8.7,21.74,21.43,22.67,11.76,0.222,0.3,0.222,0.522,0.0,645444
SL,Slider,BR,21,8.54,8,8,4,50.0,0,0.0,11,5,45.45,23.81,6,28.57,52.38,28.57,12.0,44.44,0.0,0.0,0.0,0.0,0.0,645444
ST,Sweeper,BR,17,6.91,3,3,1,33.33,0,0.0,4,1,25.0,5.88,5,29.41,35.29,16.67,8.0,16.67,0.0,0.0,0.0,0.0,0.0,645444
CU,Curveball,BR,15,6.1,5,5,2,40.0,0,0.0,9,2,22.22,13.33,2,13.33,26.67,33.33,12.0,22.22,0.4,0.4,0.4,0.8,0.0,645444
FC,Cutter,FB,12,4.88,4,4,2,50.0,0,0.0,8,3,37.5,25.0,0,0.0,25.0,20.0,4.0,66.67,0.25,0.25,0.25,0.5,0.0,645444
SV,Slurve,BR,2,0.81,1,1,1,100.0,0,0.0,2,2,100.0,100.0,0,0.0,100.0,100.0,1.33,100.0,0.0,0.0,0.0,0.0,0.0,645444
KC,Knuckle Curve,BR,1,0.41,0,0,0,,0,,0,0,,0.0,0,0.0,0.0,0.0,0.0,,,,,,,645444
FS,Split-Finger,OS,1,0.41,0,0,0,,0,,0,0,,0.0,0,0.0,0.0,0.0,1.33,0.0,,,,,,645444
FF,4-Seam Fastball,FB,292,30.07,62,55,24,38.71,7,11.29,153,61,39.87,20.89,41,14.04,34.93,20.87,32.18,23.53,0.291,0.371,0.545,0.916,0.254,646240
SI,Sinker,FB,266,27.39,78,70,15,19.23,5,6.41,137,26,18.98,9.77,58,21.8,31.58,33.01,18.93,25.0,0.186,0.269,0.257,0.526,0.071,646240
SL,Slider,BR,157,16.17,42,36,11,26.19,4,9.52,83,22,26.51,14.01,15,9.55,23.57,34.94,22.71,15.28,0.222,0.31,0.417,0.727,0.1949999999999999,646240
ST,Sweeper,BR,113,11.64,24,21,6,25.0,2,8.33,52,18,34.62,15.93,9,7.96,23.89,21.54,13.25,14.29,0.238,0.304,0.381,0.685,0.143,646240
FC,Cutter,FB,55,5.66,11,10,1,9.09,0,0.0,28,5,17.86,9.09,9,16.36,25.45,20.83,2.21,14.29,0.5,0.5,1.2,1.7,0.7,646240
CU,Curveball,BR,35,3.6,7,7,2,28.57,0,0.0,15,5,33.33,14.29,5,14.29,28.57,25.0,3.79,16.67,0.286,0.286,0.429,0.715,0.143,646240
CH,Changeup,OS,29,2.99,9,8,4,44.44,1,11.11,15,6,40.0,20.69,2,6.9,27.59,31.58,4.73,26.67,0.125,0.222,0.125,0.347,0.0,646240
,,,11,1.13,3,0,0,0.0,3,100.0,0,0,,0.0,0,0.0,0.0,,0.0,,,1.0,,,,646240
SV,Slurve,BR,5,0.51,1,1,0,0.0,0,0.0,3,0,0.0,0.0,0,0.0,0.0,50.0,1.26,0.0,0.0,0.0,0.0,0.0,0.0,646240
FS,Split-Finger,OS,4,0.41,2,2,1,50.0,0,0.0,4,3,75.0,75.0,0,0.0,75.0,100.0,0.63,50.0,0.5,0.5,0.5,1.0,0.0,646240
KC,Knuckle Curve,BR,2,0.21,2,2,1,50.0,0,0.0,2,1,50.0,50.0,0,0.0,50.0,,0.32,100.0,0.0,0.0,0.0,0.0,0.0,646240
FA,Other,,1,0.1,0,0,0,,0,,0,0,,0.0,0,0.0,0.0,0.0,0.0,,,,,,,646240
CS,Slow Curve,BR,1,0.1,1,0,0,0.0,0,0.0,0,0,,0.0,0,0.0,0.0,0.0,0.0,,,1.0,,,,646240
SL,Slider,BR,168,26.01,47,45,12,25.53,1,2.13,92,42,45.65,25.0,12,7.14,32.14,38.83,27.98,25.53,0.178,0.191,0.2,0.391,0.022,647304
SI,Sinker,FB,158,24.46,51,48,10,19.61,3,5.88,88,20,22.73,12.66,32,20.25,32.91,47.69,17.86,33.33,0.354,0.392,0.521,0.913,0.167,647304
FF,4-Seam Fastball,FB,138,21.36,44,40,1,2.27,3,6.82,76,7,9.21,5.07,28,20.29,25.36,48.39,18.45,3.23,0.35,0.409,0.6,1.009,0.25,647304
ST,Sweeper,BR,86,13.31,30,28,8,26.67,2,6.67,48,17,35.42,19.77,10,11.63,31.4,38.3,15.48,30.77,0.286,0.333,0.571,0.904,0.285,647304
CU,Curveball,BR,38,5.88,6,6,1,16.67,0,0.0,11,3,27.27,7.89,7,18.42,26.32,25.93,8.33,7.14,0.333,0.333,0.333,0.666,0.0,647304
FC,Cutter,FB,32,4.95,10,10,0,0.0,0,0.0,18,6,33.33,18.75,4,12.5,31.25,44.44,2.38,0.0,0.3,0.3,0.3,0.6,0.0,647304
CH,Changeup,OS,13,2.01,2,2,1,50.0,0,0.0,6,2,33.33,15.38,0,0.0,15.38,36.36,5.95,10.0,0.0,0.0,0.0,0.0,0.0,647304
SV,Slurve,BR,5,0.77,0,0,0,,0,,2,0,0.0,0.0,1,20.0,20.0,50.0,1.19,0.0,,,,,,647304
FS,Split-Finger,OS,3,0.46,1,1,0,0.0,0,0.0,2,0,0.0,0.0,1,33.33,33.33,100.0,1.19,0.0,0.0,0.0,0.0,0.0,0.0,647304
KC,Knuckle Curve,BR,3,0.46,1,1,1,100.0,0,0.0,2,2,100.0,66.67,0,0.0,66.67,66.67,1.19,50.0,0.0,0.0,0.0,0.0,0.0,647304
,,,2,0.31,0,0,0,,0,,0,0,,0.0,0,0.0,0.0,,0.0,,,,,,,647304
FF,4-Seam Fastball,FB,96,31.68,23,21,3,13.04,2,8.7,45,7,15.56,7.29,14,14.58,21.88,25.49,31.71,11.54,0.286,0.348,0.524,0.872,0.238,647351
CH,Changeup,OS,57,18.81,13,12,3,23.08,0,0.0,34,12,35.29,21.05,4,7.02,28.07,42.86,18.29,20.0,0.083,0.077,0.083,0.16,0.0,647351
SL,Slider,BR,47,15.51,18,14,1,5.56,1,5.56,27,4,14.81,8.51,7,14.89,23.4,53.57,23.17,5.26,0.143,0.278,0.143,0.421,0.0,647351
SI,Sinker,FB,36,11.88,6,6,0,0.0,0,0.0,15,2,13.33,5.56,10,27.78,33.33,30.77,3.66,0.0,0.333,0.333,0.5,0.833,0.1669999999999999,647351
FC,Cutter,FB,26,8.58,6,6,0,0.0,0,0.0,13,0,0.0,0.0,5,19.23,19.23,22.22,4.88,0.0,0.5,0.5,0.667,1.167,0.167,647351
CU,Curveball,BR,15,4.95,5,5,1,20.0,0,0.0,5,0,0.0,0.0,4,26.67,26.67,33.33,7.32,16.67,0.2,0.2,0.2,0.4,0.0,647351
FS,Split-Finger,OS,13,4.29,3,3,1,33.33,0,0.0,6,2,33.33,15.38,1,7.69,23.08,22.22,6.1,20.0,0.667,0.667,0.667,1.334,0.0,647351
KC,Knuckle Curve,BR,6,1.98,1,1,0,0.0,0,0.0,3,0,0.0,0.0,0,0.0,0.0,25.0,2.44,0.0,0.0,0.0,0.0,0.0,0.0,647351
ST,Sweeper,BR,5,1.65,1,1,1,100.0,0,0.0,0,0,,0.0,4,80.0,80.0,0.0,1.22,100.0,0.0,0.0,0.0,0.0,0.0,647351
FA,Other,,1,0.33,1,1,0,0.0,0,0.0,1,0,0.0,0.0,0,0.0,0.0,,0.0,,0.0,0.0,0.0,0.0,0.0,647351
SV,Slurve,BR,1,0.33,1,1,0,0.0,0,0.0,1,0,0.0,0.0,0,0.0,0.0,100.0,1.22,0.0,1.0,1.0,1.0,2.0,0.0,647351
FF,4-Seam Fastball,FB,95,33.57,28,25,3,10.71,2,7.14,43,4,9.3,4.21,20,21.05,25.26,31.82,35.48,9.09,0.2,0.259,0.32,0.579,0.12,649966
CH,Changeup,OS,54,19.08,11,10,0,0.0,1,9.09,26,3,11.54,5.56,3,5.56,11.11,34.29,19.35,0.0,0.0,0.091,0.0,0.091,0.0,649966
SL,Slider,BR,45,15.9,10,8,1,10.0,1,10.0,20,3,15.0,6.67,8,17.78,24.44,5.88,17.2,6.25,0.375,0.5,0.375,0.875,0.0,649966
SI,Sinker,FB,34,12.01,9,6,2,22.22,2,22.22,9,1,11.11,2.94,12,35.29,38.24,15.38,9.68,22.22,0.0,0.25,0.0,0.25,0.0,649966
CU,Curveball,BR,25,8.83,5,5,0,0.0,0,0.0,11,0,0.0,0.0,8,32.0,32.0,50.0,6.45,0.0,0.2,0.2,0.2,0.4,0.0,649966
FC,Cutter,FB,21,7.42,5,5,1,20.0,0,0.0,11,1,9.09,4.76,4,19.05,23.81,0.0,6.45,16.67,0.4,0.4,0.4,0.8,0.0,649966
ST,Sweeper,BR,9,3.18,1,1,0,0.0,0,0.0,6,0,0.0,0.0,0,0.0,0.0,50.0,5.38,0.0,0.0,0.0,0.0,0.0,0.0,649966
FF,4-Seam Fastball,FB,275,36.18,73,63,4,5.48,5,6.85,139,7,5.04,2.55,56,20.36,22.91,36.59,35.21,5.33,0.27,0.319,0.397,0.716,0.127,650333
SI,Sinker,FB,189,24.87,53,46,0,0.0,2,3.77,90,5,5.56,2.65,44,23.28,25.93,24.62,14.08,0.0,0.174,0.224,0.174,0.398,0.0,650333
SL,Slider,BR,149,19.61,40,37,2,5.0,0,0.0,71,9,12.68,6.04,18,12.08,18.12,30.86,23.0,4.08,0.243,0.243,0.351,0.594,0.1079999999999999,650333
ST,Sweeper,BR,49,6.45,11,9,1,9.09,0,0.0,24,3,12.5,6.12,4,8.16,14.29,22.22,11.27,4.17,0.222,0.2,0.222,0.422,0.0,650333
CU,Curveball,BR,47,6.18,13,13,0,0.0,0,0.0,21,0,0.0,0.0,11,23.4,23.4,31.82,6.1,0.0,0.462,0.462,0.462,0.924,0.0,650333
CH,Changeup,OS,19,2.5,8,8,3,37.5,0,0.0,10,3,30.0,15.79,2,10.53,26.32,50.0,5.63,25.0,0.375,0.375,0.5,0.875,0.125,650333
FC,Cutter,FB,17,2.24,5,4,0,0.0,1,20.0,8,0,0.0,0.0,3,17.65,17.65,14.29,1.41,0.0,0.5,0.6,1.25,1.85,0.75,650333
SV,Slurve,BR,9,1.18,3,3,0,0.0,0,0.0,5,0,0.0,0.0,0,0.0,0.0,20.0,2.82,0.0,0.333,0.333,0.333,0.666,0.0,650333
KC,Knuckle Curve,BR,6,0.79,0,0,0,,0,,1,0,0.0,0.0,2,33.33,33.33,0.0,0.47,0.0,,,,,,650333
FF,4-Seam Fastball,FB,228,29.8,56,42,7,12.5,13,23.21,99,17,17.17,7.46,40,17.54,25.0,21.74,33.62,8.97,0.333,0.482,0.548,1.03,0.215,650402
CH,Changeup,OS,139,18.17,33,29,2,6.06,3,9.09,52,12,23.08,8.63,14,10.07,18.71,18.6,18.53,4.65,0.241,0.303,0.483,0.786,0.242,650402
SI,Sinker,FB,111,14.51,24,20,2,8.33,4,16.67,39,3,7.69,2.7,26,23.42,26.13,9.8,8.19,10.53,0.2,0.333,0.4,0.7330000000000001,0.2,650402
CU,Curveball,BR,85,11.11,15,15,3,20.0,0,0.0,24,5,20.83,5.88,23,27.06,32.94,10.26,12.5,10.34,0.133,0.133,0.2,0.333,0.067,650402
SL,Slider,BR,77,10.07,19,18,3,15.79,1,5.26,30,8,26.67,10.39,17,22.08,32.47,28.21,11.21,11.54,0.333,0.368,0.667,1.035,0.334,650402
FC,Cutter,FB,68,8.89,18,12,1,5.56,6,33.33,27,5,18.52,7.35,12,17.65,25.0,11.43,9.05,4.76,0.417,0.611,0.75,1.361,0.333,650402
ST,Sweeper,BR,33,4.31,2,2,2,100.0,0,0.0,6,1,16.67,3.03,10,30.3,33.33,5.0,3.45,25.0,0.0,0.0,0.0,0.0,0.0,650402
FS,Split-Finger,OS,12,1.57,3,3,0,0.0,0,0.0,4,1,25.0,8.33,1,8.33,16.67,12.5,0.86,0.0,0.667,0.667,1.0,1.667,0.3329999999999999,650402
KC,Knuckle Curve,BR,8,1.05,2,1,1,50.0,1,50.0,1,0,0.0,0.0,4,50.0,50.0,0.0,1.72,25.0,0.0,0.5,0.0,0.5,0.0,650402
SV,Slurve,BR,3,0.39,1,1,1,100.0,0,0.0,2,1,50.0,33.33,0,0.0,33.33,0.0,0.86,50.0,0.0,0.0,0.0,0.0,0.0,650402
,,,1,0.13,0,0,0,,0,,0,0,,0.0,0,0.0,0.0,,0.0,,,,,,,650402
FF,4-Seam Fastball,FB,160,40.2,37,33,9,24.32,4,10.81,80,12,15.0,7.5,20,12.5,20.0,22.08,40.0,19.57,0.333,0.405,0.636,1.041,0.303,650489
CH,Changeup,OS,56,14.07,14,14,3,21.43,0,0.0,29,11,37.93,19.64,6,10.71,30.36,37.5,13.04,20.0,0.214,0.214,0.357,0.571,0.143,650489
SL,Slider,BR,50,12.56,18,18,4,22.22,0,0.0,37,11,29.73,22.0,3,6.0,28.0,47.83,14.78,23.53,0.111,0.111,0.222,0.333,0.111,650489
SI,Sinker,FB,47,11.81,15,13,4,26.67,2,13.33,20,3,15.0,6.38,17,36.17,42.55,28.57,8.7,40.0,0.077,0.2,0.308,0.508,0.2309999999999999,650489
CU,Curveball,BR,34,8.54,11,9,1,9.09,0,0.0,24,10,41.67,29.41,3,8.82,38.24,61.11,13.04,6.67,0.333,0.455,0.333,0.788,0.0,650489
ST,Sweeper,BR,21,5.28,5,5,1,20.0,0,0.0,11,2,18.18,9.52,3,14.29,23.81,30.0,6.09,14.29,0.2,0.2,0.2,0.4,0.0,650489
FC,Cutter,FB,20,5.03,6,5,0,0.0,0,0.0,12,1,8.33,5.0,4,20.0,25.0,33.33,0.87,0.0,0.8,0.833,1.4,2.233,0.5999999999999999,650489
FS,Split-Finger,OS,4,1.01,3,3,0,0.0,0,0.0,3,0,0.0,0.0,1,25.0,25.0,100.0,1.74,0.0,0.0,0.0,0.0,0.0,0.0,650489
SV,Slurve,BR,3,0.75,2,2,0,0.0,0,0.0,3,1,33.33,33.33,0,0.0,33.33,100.0,0.0,,0.0,0.0,0.0,0.0,0.0,650489
KC,Knuckle Curve,BR,2,0.5,1,1,0,0.0,0,0.0,1,0,0.0,0.0,0,0.0,0.0,50.0,1.74,0.0,0.0,0.0,0.0,0.0,0.0,650489
FA,Other,,1,0.25,1,1,0,0.0,0,0.0,1,0,0.0,0.0,0,0.0,0.0,100.0,0.0,,1.0,1.0,1.0,2.0,0.0,650489
FF,4-Seam Fastball,FB,220,31.29,39,33,6,15.38,4,10.26,92,17,18.48,7.73,34,15.45,23.18,19.63,28.72,11.11,0.333,0.385,0.788,1.173,0.455,650490
CH,Changeup,OS,104,14.79,43,43,4,9.3,0,0.0,68,10,14.71,9.62,8,7.69,17.31,54.84,23.4,9.09,0.372,0.372,0.744,1.116,0.372,650490
SI,Sinker,FB,104,14.79,19,17,2,10.53,2,10.53,37,6,16.22,5.77,27,25.96,31.73,11.36,7.45,7.14,0.353,0.421,0.706,1.127,0.353,650490
FC,Cutter,FB,85,12.09,24,18,0,0.0,5,20.83,40,2,5.0,2.35,12,14.12,16.47,9.09,8.51,0.0,0.222,0.417,0.222,0.639,0.0,650490
SL,Slider,BR,71,10.1,20,13,0,0.0,6,30.0,34,4,11.76,5.63,8,11.27,16.9,30.95,14.36,0.0,0.231,0.5,0.385,0.885,0.154,650490
CU,Curveball,BR,64,9.1,19,19,3,15.79,0,0.0,32,5,15.62,7.81,14,21.88,29.69,28.57,11.17,14.29,0.105,0.105,0.105,0.21,0.0,650490
ST,Sweeper,BR,32,4.55,12,12,1,8.33,0,0.0,18,1,5.56,3.12,6,18.75,21.88,38.46,5.32,10.0,0.167,0.167,0.25,0.417,0.0829999999999999,650490
,,,9,1.28,2,0,0,0.0,2,100.0,0,0,,0.0,0,0.0,0.0,,0.0,,,1.0,,,,650490
SV,Slurve,BR,8,1.14,1,1,0,0.0,0,0.0,1,0,0.0,0.0,1,12.5,12.5,14.29,1.06,0.0,0.0,0.0,0.0,0.0,0.0,650490
FS,Split-Finger,OS,6,0.85,2,2,0,0.0,0,0.0,3,0,0.0,0.0,2,33.33,33.33,33.33,0.0,,0.5,0.5,2.0,2.5,1.5,650490
FF,4-Seam Fastball,FB,19,31.15,4,4,2,50.0,0,0.0,13,3,23.08,15.79,6,31.58,47.37,100.0,33.33,22.22,0.25,0.25,0.25,0.5,0.0,650559
SL,Slider,BR,14,22.95,4,4,2,50.0,0,0.0,7,1,14.29,7.14,3,21.43,28.57,42.86,29.63,25.0,0.25,0.25,0.5,0.75,0.25,650559
CH,Changeup,OS,9,14.75,1,1,0,0.0,0,0.0,3,0,0.0,0.0,1,11.11,11.11,16.67,11.11,0.0,0.0,0.0,0.0,0.0,0.0,650559
FC,Cutter,FB,7,11.48,1,1,0,0.0,0,0.0,3,0,0.0,0.0,1,14.29,14.29,25.0,7.41,0.0,0.0,0.0,0.0,0.0,0.0,650559
ST,Sweeper,BR,5,8.2,1,1,0,0.0,0,0.0,5,2,40.0,40.0,0,0.0,40.0,100.0,11.11,0.0,0.0,0.0,0.0,0.0,0.0,650559
SI,Sinker,FB,4,6.56,0,0,0,,0,,2,2,100.0,50.0,0,0.0,50.0,0.0,3.7,0.0,,,,,,650559
CU,Curveball,BR,3,4.92,2,2,0,0.0,0,0.0,2,0,0.0,0.0,1,33.33,33.33,,3.7,0.0,0.0,0.0,0.0,0.0,0.0,650559
FF,4-Seam Fastball,FB,110,31.61,38,36,5,13.16,2,5.26,60,11,18.33,10.0,15,13.64,23.64,21.74,30.34,18.52,0.222,0.263,0.389,0.652,0.167,650859
SL,Slider,BR,54,15.52,19,19,4,21.05,0,0.0,34,7,20.59,12.96,6,11.11,24.07,45.83,20.22,22.22,0.158,0.158,0.316,0.474,0.158,650859
CH,Changeup,OS,52,14.94,11,11,2,18.18,0,0.0,25,7,28.0,13.46,3,5.77,19.23,31.43,12.36,18.18,0.0,0.0,0.0,0.0,0.0,650859
SI,Sinker,FB,45,12.93,11,10,0,0.0,1,9.09,23,3,13.04,6.67,8,17.78,24.44,23.81,8.99,0.0,0.5,0.545,0.7,1.245,0.1999999999999999,650859
FC,Cutter,FB,41,11.78,10,10,3,30.0,0,0.0,29,11,37.93,26.83,5,12.2,39.02,57.89,10.11,33.33,0.2,0.2,0.2,0.4,0.0,650859
CU,Curveball,BR,23,6.61,6,6,2,33.33,0,0.0,8,2,25.0,8.7,5,21.74,30.43,23.08,8.99,25.0,0.333,0.333,0.5,0.833,0.1669999999999999,650859
ST,Sweeper,BR,14,4.02,3,3,2,66.67,0,0.0,9,3,33.33,21.43,1,7.14,28.57,50.0,3.37,66.67,0.333,0.333,1.333,1.666,1.0,650859
SV,Slurve,BR,3,0.86,1,1,1,100.0,0,0.0,1,1,100.0,33.33,0,0.0,33.33,0.0,2.25,50.0,0.0,0.0,0.0,0.0,0.0,650859
KC,Knuckle Curve,BR,3,0.86,1,1,1,100.0,0,0.0,1,1,100.0,33.33,1,33.33,66.67,50.0,2.25,50.0,0.0,0.0,0.0,0.0,0.0,650859
FS,Split-Finger,OS,2,0.57,1,1,0,0.0,0,0.0,2,0,0.0,0.0,0,0.0,0.0,,1.12,0.0,1.0,1.0,1.0,2.0,0.0,650859
,,,1,0.29,0,0,0,,0,,0,0,,0.0,0,0.0,0.0,,0.0,,,,,,,650859
FF,4-Seam Fastball,FB,68,42.24,14,13,3,21.43,1,7.14,39,8,20.51,11.76,9,13.24,25.0,40.0,54.0,11.11,0.231,0.286,0.308,0.594,0.0769999999999999,650968
CH,Changeup,OS,30,18.63,10,9,1,10.0,0,0.0,19,5,26.32,16.67,4,13.33,30.0,50.0,8.0,25.0,0.111,0.1,0.111,0.211,0.0,650968
SI,Sinker,FB,13,8.07,2,2,0,0.0,0,0.0,6,0,0.0,0.0,3,23.08,23.08,0.0,4.0,0.0,0.5,0.5,0.5,1.0,0.0,650968
CU,Curveball,BR,12,7.45,6,6,2,33.33,0,0.0,7,2,28.57,16.67,1,8.33,25.0,55.56,10.0,40.0,0.333,0.333,1.0,1.333,0.667,650968
FC,Cutter,FB,12,7.45,3,3,0,0.0,0,0.0,6,0,0.0,0.0,1,8.33,8.33,44.44,6.0,0.0,0.0,0.0,0.0,0.0,0.0,650968
KC,Knuckle Curve,BR,12,7.45,3,3,0,0.0,0,0.0,6,1,16.67,8.33,1,8.33,16.67,28.57,4.0,0.0,0.333,0.333,0.333,0.666,0.0,650968
ST,Sweeper,BR,8,4.97,2,2,0,0.0,0,0.0,8,2,25.0,25.0,0,0.0,25.0,100.0,8.0,0.0,1.0,1.0,1.0,2.0,0.0,650968
SL,Slider,BR,6,3.73,2,2,0,0.0,0,0.0,4,0,0.0,0.0,2,33.33,33.33,100.0,6.0,0.0,0.5,0.5,1.0,1.5,0.5,650968
FF,4-Seam Fastball,FB,76,34.86,17,15,4,23.53,1,5.88,33,5,15.15,6.58,15,19.74,26.32,28.95,48.44,12.9,0.333,0.412,0.533,0.945,0.2,655316
CH,Changeup,OS,26,11.93,6,6,0,0.0,0,0.0,11,3,27.27,11.54,1,3.85,15.38,17.65,9.38,0.0,0.333,0.333,1.0,1.333,0.667,655316
FC,Cutter,FB,26,11.93,6,5,1,16.67,1,16.67,14,4,28.57,15.38,3,11.54,26.92,22.22,6.25,25.0,0.2,0.333,0.2,0.533,0.0,655316
SL,Slider,BR,23,10.55,7,7,2,28.57,0,0.0,14,4,28.57,17.39,4,17.39,34.78,22.22,10.94,28.57,0.143,0.143,0.143,0.286,0.0,655316
CU,Curveball,BR,22,10.09,9,8,2,22.22,1,11.11,12,5,41.67,22.73,1,4.55,27.27,35.71,10.94,28.57,0.25,0.333,0.375,0.708,0.125,655316
SI,Sinker,FB,22,10.09,1,0,0,0.0,1,100.0,2,0,0.0,0.0,7,31.82,31.82,10.0,1.56,0.0,,1.0,,,,655316
ST,Sweeper,BR,14,6.42,3,2,0,0.0,1,33.33,7,0,0.0,0.0,2,14.29,14.29,0.0,7.81,0.0,0.5,0.667,1.0,1.667,0.5,655316
FS,Split-Finger,OS,4,1.83,1,1,1,100.0,0,0.0,2,2,100.0,50.0,1,25.0,75.0,66.67,1.56,100.0,0.0,0.0,0.0,0.0,0.0,655316
SV,Slurve,BR,4,1.83,0,0,0,,0,,3,1,33.33,25.0,0,0.0,25.0,0.0,3.12,0.0,,,,,,655316
KC,Knuckle Curve,BR,1,0.46,0,0,0,,0,,0,0,,0.0,0,0.0,0.0,0.0,0.0,,,,,,,655316
FF,4-Seam Fastball,FB,169,43.33,37,35,22,59.46,2,5.41,77,30,38.96,17.75,33,19.53,37.28,22.78,48.87,33.85,0.114,0.162,0.229,0.391,0.115,656180
CH,Changeup,OS,64,16.41,19,18,2,10.53,1,5.26,38,9,23.68,14.06,4,6.25,20.31,44.74,15.04,10.0,0.222,0.263,0.278,0.541,0.056,656180
SL,Slider,BR,43,11.03,14,11,3,21.43,0,0.0,22,8,36.36,18.6,8,18.6,37.21,33.33,12.03,18.75,0.273,0.429,0.818,1.247,0.5449999999999999,656180
CU,Curveball,BR,33,8.46,4,4,4,100.0,0,0.0,7,4,57.14,12.12,12,36.36,48.48,22.22,6.77,44.44,0.0,0.0,0.0,0.0,0.0,656180
ST,Sweeper,BR,23,5.9,5,4,2,40.0,0,0.0,7,2,28.57,8.7,7,30.43,39.13,9.09,7.52,20.0,0.0,0.2,0.0,0.2,0.0,656180
SI,Sinker,FB,22,5.64,6,5,1,16.67,1,16.67,10,2,20.0,9.09,5,22.73,31.82,11.11,2.26,33.33,0.4,0.5,0.4,0.9,0.0,656180
FC,Cutter,FB,22,5.64,7,6,1,14.29,1,14.29,11,2,18.18,9.09,4,18.18,27.27,36.36,3.01,25.0,0.167,0.286,0.167,0.4529999999999999,0.0,656180
CS,Slow Curve,BR,4,1.03,1,1,1,100.0,0,0.0,2,1,50.0,25.0,1,25.0,50.0,0.0,0.75,100.0,0.0,0.0,0.0,0.0,0.0,656180
FS,Split-Finger,OS,4,1.03,2,2,2,100.0,0,0.0,3,3,100.0,75.0,1,25.0,100.0,100.0,1.5,100.0,0.0,0.0,0.0,0.0,0.0,656180
KC,Knuckle Curve,BR,3,0.77,1,1,1,100.0,0,0.0,2,2,100.0,66.67,1,33.33,100.0,100.0,0.75,100.0,0.0,0.0,0.0,0.0,0.0,656180
SV,Slurve,BR,3,0.77,1,0,0,0.0,1,100.0,0,0,,0.0,0,0.0,0.0,0.0,1.5,0.0,,1.0,,,,656180
FF,4-Seam Fastball,FB,59,31.55,17,15,4,23.53,2,11.76,21,6,28.57,10.17,15,25.42,35.59,4.35,23.4,36.36,0.2,0.294,0.2,0.494,0.0,656248
SI,Sinker,FB,39,20.86,10,8,2,20.0,2,20.0,15,2,13.33,5.13,11,28.21,33.33,22.22,23.4,18.18,0.25,0.4,0.25,0.65,0.0,656248
SL,Slider,BR,33,17.65,10,10,3,30.0,0,0.0,19,7,36.84,21.21,5,15.15,36.36,47.06,19.15,33.33,0.2,0.2,0.5,0.7,0.3,656248
CH,Changeup,OS,27,14.44,8,8,2,25.0,0,0.0,14,4,28.57,14.81,3,11.11,25.93,37.5,14.89,28.57,0.125,0.125,0.125,0.25,0.0,656248
ST,Sweeper,BR,9,4.81,1,1,1,100.0,0,0.0,0,0,,0.0,6,66.67,66.67,0.0,4.26,50.0,0.0,0.0,0.0,0.0,0.0,656248
FC,Cutter,FB,8,4.28,2,2,1,50.0,0,0.0,4,1,25.0,12.5,0,0.0,12.5,40.0,6.38,33.33,0.5,0.5,0.5,1.0,0.0,656248
CU,Curveball,BR,6,3.21,2,2,2,100.0,0,0.0,3,2,66.67,33.33,2,33.33,66.67,50.0,4.26,100.0,0.0,0.0,0.0,0.0,0.0,656248
KC,Knuckle Curve,BR,5,2.67,1,1,1,100.0,0,0.0,1,1,100.0,20.0,1,20.0,40.0,25.0,4.26,50.0,0.0,0.0,0.0,0.0,0.0,656248
,,,1,0.53,0,0,0,,0,,0,0,,0.0,0,0.0,0.0,,0.0,,,,,,,656248
FF,4-Seam Fastball,FB,176,34.71,35,28,2,5.71,6,17.14,76,15,19.74,8.52,29,16.48,25.0,10.14,27.21,5.0,0.321,0.429,0.607,1.036,0.286,656305
CH,Changeup,OS,106,20.91,34,30,12,35.29,4,11.76,52,21,40.38,19.81,8,7.55,27.36,38.89,27.21,30.0,0.1,0.206,0.1,0.306,0.0,656305
SI,Sinker,FB,71,14.0,16,16,1,6.25,0,0.0,34,4,11.76,5.63,11,15.49,21.13,21.43,12.24,5.56,0.438,0.438,0.562,1.0,0.124,656305
SL,Slider,BR,49,9.66,14,11,2,14.29,3,21.43,26,8,30.77,16.33,4,8.16,24.49,14.29,13.61,10.0,0.273,0.429,0.545,0.974,0.272,656305
CU,Curveball,BR,39,7.69,6,4,2,33.33,2,33.33,12,2,16.67,5.13,10,25.64,30.77,18.18,7.48,18.18,0.0,0.333,0.0,0.333,0.0,656305
FC,Cutter,FB,29,5.72,10,10,1,10.0,0,0.0,13,2,15.38,6.9,4,13.79,20.69,7.69,4.08,16.67,0.2,0.2,0.2,0.4,0.0,656305
ST,Sweeper,BR,22,4.34,6,5,2,33.33,1,16.67,7,1,14.29,4.55,4,18.18,22.73,16.67,6.12,22.22,0.0,0.167,0.0,0.167,0.0,656305
KC,Knuckle Curve,BR,7,1.38,0,0,0,,0,,0,0,,0.0,2,28.57,28.57,0.0,1.36,0.0,,,,,,656305
FS,Split-Finger,OS,4,0.79,3,3,1,33.33,0,0.0,3,1,33.33,25.0,1,25.0,50.0,100.0,0.68,100.0,0.0,0.0,0.0,0.0,0.0,656305
,,,4,0.79,1,0,0,0.0,1,100.0,0,0,,0.0,0,0.0,0.0,,0.0,,,1.0,,,,656305
FF,4-Seam Fastball,FB,38,28.57,13,12,4,30.77,1,7.69,20,6,30.0,15.79,6,15.79,31.58,20.0,29.73,36.36,0.083,0.154,0.083,0.237,0.0,656413
CH,Changeup,OS,25,18.8,5,4,1,20.0,1,20.0,12,4,33.33,16.0,1,4.0,20.0,20.0,32.43,8.33,0.0,0.2,0.0,0.2,0.0,656413
SI,Sinker,FB,21,15.79,7,6,1,14.29,1,14.29,9,1,11.11,4.76,6,28.57,33.33,14.29,10.81,25.0,0.667,0.714,0.833,1.547,0.1659999999999999,656413
ST,Sweeper,BR,13,9.77,1,1,1,100.0,0,0.0,3,2,66.67,15.38,3,23.08,38.46,12.5,5.41,50.0,0.0,0.0,0.0,0.0,0.0,656413
SL,Slider,BR,12,9.02,3,2,1,33.33,1,33.33,4,1,25.0,8.33,2,16.67,25.0,0.0,8.11,33.33,0.5,0.667,1.5,2.167,1.0,656413
FC,Cutter,FB,10,7.52,3,3,0,0.0,0,0.0,9,3,33.33,30.0,0,0.0,30.0,0.0,8.11,0.0,0.0,0.0,0.0,0.0,0.0,656413
CU,Curveball,BR,9,6.77,1,1,0,0.0,0,0.0,2,1,50.0,11.11,1,11.11,22.22,0.0,5.41,0.0,0.0,0.0,0.0,0.0,0.0,656413
FS,Split-Finger,OS,4,3.01,2,2,0,0.0,0,0.0,2,0,0.0,0.0,1,25.0,25.0,0.0,0.0,,0.5,0.5,1.0,1.5,0.5,656413
,,,1,0.75,0,0,0,,0,,0,0,,0.0,0,0.0,0.0,,0.0,,,,,,,656413
FF,4-Seam Fastball,FB,25,30.12,7,7,0,0.0,0,0.0,14,0,0.0,0.0,0,0.0,0.0,21.43,33.33,0.0,0.429,0.429,1.0,1.429,0.571,656484
SI,Sinker,FB,24,28.92,10,9,1,10.0,1,10.0,15,1,6.67,4.17,4,16.67,20.83,37.5,33.33,14.29,0.444,0.5,0.889,1.389,0.445,656484
ST,Sweeper,BR,12,14.46,1,1,1,100.0,0,0.0,4,4,100.0,33.33,2,16.67,50.0,28.57,9.52,50.0,0.0,0.0,0.0,0.0,0.0,656484
SL,Slider,BR,11,13.25,5,5,1,20.0,0,0.0,6,1,16.67,9.09,2,18.18,27.27,20.0,9.52,50.0,0.2,0.2,0.2,0.4,0.0,656484
FC,Cutter,FB,5,6.02,0,0,0,,0,,1,1,100.0,20.0,1,20.0,40.0,0.0,0.0,,,,,,,656484
KC,Knuckle Curve,BR,3,3.61,0,0,0,,0,,1,1,100.0,33.33,0,0.0,33.33,33.33,0.0,,,,,,,656484
CH,Changeup,OS,2,2.41,0,0,0,,0,,1,0,0.0,0.0,0,0.0,0.0,0.0,9.52,0.0,,,,,,656484
CU,Curveball,BR,1,1.2,0,0,0,,0,,0,0,,0.0,0,0.0,0.0,0.0,4.76,0.0,,,,,,656484
FF,4-Seam Fastball,FB,122,45.69,30,26,10,33.33,3,10.0,65,15,23.08,12.3,21,17.21,29.51,28.57,51.69,21.74,0.154,0.241,0.154,0.395,0.0,656537
CH,Changeup,OS,35,13.11,8,8,2,25.0,0,0.0,19,6,31.58,17.14,3,8.57,25.71,31.58,11.24,20.0,0.125,0.125,0.125,0.25,0.0,656537
SL,Slider,BR,21,7.87,5,3,1,20.0,2,40.0,10,2,20.0,9.52,0,0.0,9.52,8.33,6.74,16.67,0.667,0.8,1.333,2.133,0.6659999999999999,656537
CU,Curveball,BR,20,7.49,4,4,1,25.0,0,0.0,9,3,33.33,15.0,3,15.0,30.0,18.18,6.74,16.67,0.25,0.25,0.5,0.75,0.25,656537
SI,Sinker,FB,19,7.12,3,3,2,66.67,0,0.0,8,3,37.5,15.79,4,21.05,36.84,12.5,4.49,50.0,0.333,0.333,0.333,0.666,0.0,656537
ST,Sweeper,BR,19,7.12,7,5,3,42.86,0,0.0,9,4,44.44,21.05,3,15.79,36.84,36.36,10.11,33.33,0.2,0.429,0.8,1.229,0.6000000000000001,656537
FC,Cutter,FB,16,5.99,5,4,1,20.0,0,0.0,12,6,50.0,37.5,0,0.0,37.5,70.0,4.49,25.0,0.0,0.0,0.0,0.0,0.0,656537
FS,Split-Finger,OS,10,3.75,1,1,1,100.0,0,0.0,6,4,66.67,40.0,0,0.0,40.0,50.0,3.37,33.33,0.0,0.0,0.0,0.0,0.0,656537
KC,Knuckle Curve,BR,3,1.12,0,0,0,,0,,1,0,0.0,0.0,0,0.0,0.0,0.0,1.12,0.0,,,,,,656537
CS,Slow Curve,BR,1,0.37,0,0,0,,0,,0,0,,0.0,0,0.0,0.0,0.0,0.0,,,,,,,656537
SV,Slurve,BR,1,0.37,0,0,0,,0,,0,0,,0.0,0,0.0,0.0,0.0,0.0,,,,,,,656537
SL,Slider,BR,6,37.5,1,1,1,100.0,0,0.0,3,2,66.67,33.33,1,16.67,50.0,33.33,50.0,50.0,0.0,0.0,0.0,0.0,0.0,656541
SI,Sinker,FB,5,31.25,2,1,1,50.0,1,50.0,2,1,50.0,20.0,2,40.0,60.0,0.0,50.0,50.0,0.0,0.5,0.0,0.5,0.0,656541
CU,Curveball,BR,3,18.75,0,0,0,,0,,0,0,,0.0,1,33.33,33.33,0.0,0.0,,,,,,,656541
FF,4-Seam Fastball,FB,2,12.5,1,1,0,0.0,0,0.0,1,0,0.0,0.0,0,0.0,0.0,0.0,0.0,,0.0,0.0,0.0,0.0,0.0,656541
FF,4-Seam Fastball,FB,135,29.22,37,30,9,24.32,5,13.51,65,13,20.0,9.63,20,14.81,24.44,20.97,27.08,23.08,0.2,0.297,0.6,0.897,0.3999999999999999,656555
CH,Changeup,OS,89,19.26,19,19,5,26.32,0,0.0,39,12,30.77,13.48,12,13.48,26.97,33.33,22.22,15.62,0.263,0.263,0.316,0.579,0.0529999999999999,656555
SL,Slider,BR,68,14.72,11,9,5,45.45,2,18.18,23,9,39.13,13.24,10,14.71,27.94,12.82,17.36,20.0,0.222,0.364,0.333,0.6970000000000001,0.111,656555
SI,Sinker,FB,56,12.12,17,15,1,5.88,2,11.76,26,0,0.0,0.0,14,25.0,25.0,15.79,10.42,6.67,0.4,0.471,0.533,1.004,0.133,656555
CU,Curveball,BR,35,7.58,5,5,3,60.0,0,0.0,11,5,45.45,14.29,9,25.71,40.0,16.67,8.33,25.0,0.0,0.0,0.0,0.0,0.0,656555
FC,Cutter,FB,26,5.63,6,3,3,50.0,3,50.0,11,3,27.27,11.54,6,23.08,34.62,28.57,6.25,33.33,0.0,0.5,0.0,0.5,0.0,656555
ST,Sweeper,BR,26,5.63,3,3,1,33.33,0,0.0,11,2,18.18,7.69,6,23.08,30.77,18.18,6.25,11.11,0.0,0.0,0.0,0.0,0.0,656555
FS,Split-Finger,OS,17,3.68,2,2,0,0.0,0,0.0,5,2,40.0,11.76,3,17.65,29.41,10.0,0.69,0.0,0.0,0.0,0.0,0.0,0.0,656555
KC,Knuckle Curve,BR,8,1.73,1,0,0,0.0,1,100.0,1,0,0.0,0.0,2,25.0,25.0,0.0,1.39,0.0,,1.0,,,,656555
,,,2,0.43,1,0,0,0.0,1,100.0,0,0,,0.0,0,0.0,0.0,,0.0,,,1.0,,,,656555
FF,4-Seam Fastball,FB,42,36.84,13,10,2,15.38,2,15.38,23,6,26.09,14.29,5,11.9,26.19,16.67,30.0,22.22,0.4,0.538,1.4,1.938,1.0,656577
CH,Changeup,OS,25,21.93,7,7,2,28.57,0,0.0,12,4,33.33,16.0,1,4.0,20.0,44.44,26.67,25.0,0.286,0.286,0.571,0.857,0.285,656577
SL,Slider,BR,11,9.65,2,2,1,50.0,0,0.0,7,4,57.14,36.36,2,18.18,54.55,50.0,16.67,20.0,0.0,0.0,0.0,0.0,0.0,656577
FC,Cutter,FB,10,8.77,1,1,1,100.0,0,0.0,8,2,25.0,20.0,1,10.0,30.0,0.0,3.33,100.0,0.0,0.0,0.0,0.0,0.0,656577
CU,Curveball,BR,8,7.02,2,2,2,100.0,0,0.0,5,2,40.0,25.0,0,0.0,25.0,60.0,10.0,66.67,0.0,0.0,0.0,0.0,0.0,656577
SI,Sinker,FB,7,6.14,3,2,0,0.0,0,0.0,2,0,0.0,0.0,3,42.86,42.86,0.0,3.33,0.0,0.5,0.667,0.5,1.167,0.0,656577
KC,Knuckle Curve,BR,6,5.26,2,2,1,50.0,0,0.0,3,1,33.33,16.67,2,33.33,50.0,0.0,3.33,100.0,0.0,0.0,0.0,0.0,0.0,656577
ST,Sweeper,BR,5,4.39,2,2,1,50.0,0,0.0,3,2,66.67,40.0,2,40.0,80.0,100.0,6.67,50.0,0.0,0.0,0.0,0.0,0.0,656577
FF,4-Seam Fastball,FB,51,33.33,18,15,3,16.67,1,5.56,21,3,14.29,5.88,11,21.57,27.45,21.74,28.89,23.08,0.267,0.333,0.333,0.666,0.066,656582
CH,Changeup,OS,24,15.69,7,5,1,14.29,2,28.57,11,4,36.36,16.67,2,8.33,25.0,10.0,15.56,14.29,0.2,0.429,0.2,0.629,0.0,656582
SI,Sinker,FB,23,15.03,5,4,1,20.0,1,20.0,9,1,11.11,4.35,5,21.74,26.09,10.0,20.0,11.11,0.0,0.2,0.0,0.2,0.0,656582
FC,Cutter,FB,14,9.15,4,4,2,50.0,0,0.0,7,2,28.57,14.29,5,35.71,50.0,71.43,6.67,66.67,0.0,0.0,0.0,0.0,0.0,656582
ST,Sweeper,BR,13,8.5,3,3,1,33.33,0,0.0,4,0,0.0,0.0,5,38.46,38.46,33.33,6.67,33.33,0.0,0.0,0.0,0.0,0.0,656582
CU,Curveball,BR,12,7.84,1,1,0,0.0,0,0.0,4,1,25.0,8.33,2,16.67,25.0,0.0,13.33,0.0,0.0,0.0,0.0,0.0,0.0,656582
SL,Slider,BR,11,7.19,1,1,0,0.0,0,0.0,4,0,0.0,0.0,3,27.27,27.27,0.0,6.67,0.0,0.0,0.0,0.0,0.0,0.0,656582
KC,Knuckle Curve,BR,4,2.61,1,1,0,0.0,0,0.0,2,0,0.0,0.0,1,25.0,25.0,50.0,2.22,0.0,0.0,0.0,0.0,0.0,0.0,656582
CS,Slow Curve,BR,1,0.65,0,0,0,,0,,1,0,0.0,0.0,0,0.0,0.0,,0.0,,,,,,,656582
SI,Sinker,FB,124,27.93,45,42,2,4.44,2,4.44,72,6,8.33,4.84,21,16.94,21.77,34.09,21.54,7.14,0.286,0.333,0.429,0.762,0.143,656716
FF,4-Seam Fastball,FB,106,23.87,20,18,4,20.0,2,10.0,40,7,17.5,6.6,25,23.58,30.19,15.22,23.85,12.9,0.5,0.55,0.944,1.494,0.4439999999999999,656716
SL,Slider,BR,101,22.75,28,23,11,39.29,2,7.14,50,19,38.0,18.81,15,14.85,33.66,35.85,29.23,28.95,0.217,0.286,0.217,0.503,0.0,656716
ST,Sweeper,BR,52,11.71,15,15,7,46.67,0,0.0,20,7,35.0,13.46,12,23.08,36.54,16.0,10.77,50.0,0.267,0.267,0.733,1.0,0.4659999999999999,656716
CU,Curveball,BR,24,5.41,4,4,1,25.0,0,0.0,5,2,40.0,8.33,5,20.83,29.17,5.88,7.69,10.0,0.25,0.25,0.5,0.75,0.25,656716
FC,Cutter,FB,20,4.5,4,3,1,25.0,1,25.0,7,1,14.29,5.0,4,20.0,25.0,18.18,1.54,50.0,0.333,0.5,0.667,1.167,0.334,656716
CH,Changeup,OS,6,1.35,2,2,0,0.0,0,0.0,3,0,0.0,0.0,0,0.0,0.0,25.0,2.31,0.0,0.0,0.0,0.0,0.0,0.0,656716
KC,Knuckle Curve,BR,6,1.35,1,1,0,0.0,0,0.0,1,0,0.0,0.0,3,50.0,50.0,0.0,0.77,0.0,0.0,0.0,0.0,0.0,0.0,656716
SV,Slurve,BR,3,0.68,0,0,0,,0,,2,0,0.0,0.0,1,33.33,33.33,100.0,1.54,0.0,,,,,,656716
FS,Split-Finger,OS,2,0.45,0,0,0,,0,,1,1,100.0,50.0,0,0.0,50.0,0.0,0.77,0.0,,,,,,656716
SI,Sinker,FB,153,27.92,36,29,3,8.33,5,13.89,75,12,16.0,7.84,22,14.38,22.22,32.43,14.12,12.5,0.276,0.4,0.345,0.745,0.0689999999999999,656775
FF,4-Seam Fastball,FB,152,27.74,40,34,7,17.5,4,10.0,70,12,17.14,7.89,25,16.45,24.34,19.35,30.0,13.73,0.294,0.359,0.588,0.947,0.294,656775
SL,Slider,BR,114,20.8,28,26,6,21.43,2,7.14,53,13,24.53,11.4,12,10.53,21.93,30.88,27.65,12.77,0.154,0.214,0.192,0.406,0.038,656775
ST,Sweeper,BR,50,9.12,10,9,2,20.0,1,10.0,19,1,5.26,2.0,6,12.0,14.0,4.17,12.35,9.52,0.111,0.2,0.111,0.311,0.0,656775
FC,Cutter,FB,41,7.48,10,7,1,10.0,2,20.0,22,6,27.27,14.63,3,7.32,21.95,22.22,5.29,11.11,0.714,0.7,1.0,1.7,0.286,656775
CU,Curveball,BR,23,4.2,5,4,2,40.0,1,20.0,11,3,27.27,13.04,7,30.43,43.48,37.5,6.47,18.18,0.25,0.4,0.25,0.65,0.0,656775
CH,Changeup,OS,12,2.19,1,1,0,0.0,0,0.0,8,2,25.0,16.67,0,0.0,16.67,40.0,3.53,0.0,1.0,1.0,4.0,5.0,3.0,656775
KC,Knuckle Curve,BR,3,0.55,2,2,0,0.0,0,0.0,2,0,0.0,0.0,0,0.0,0.0,50.0,0.59,0.0,0.0,0.0,0.0,0.0,0.0,656775
SI,Sinker,FB,112,25.28,29,23,2,6.9,4,13.79,47,5,10.64,4.46,28,25.0,29.46,26.09,13.79,10.0,0.348,0.483,0.522,1.005,0.174,656811
FF,4-Seam Fastball,FB,107,24.15,25,23,7,28.0,2,8.0,50,10,20.0,9.35,24,22.43,31.78,26.67,25.52,18.92,0.174,0.24,0.304,0.544,0.13,656811
SL,Slider,BR,87,19.64,23,21,6,26.09,2,8.7,49,17,34.69,19.54,11,12.64,32.18,34.21,22.76,18.18,0.381,0.435,0.619,1.054,0.238,656811
ST,Sweeper,BR,59,13.32,12,12,2,16.67,0,0.0,22,6,27.27,10.17,11,18.64,28.81,25.71,15.86,8.7,0.25,0.25,0.5,0.75,0.25,656811
CU,Curveball,BR,34,7.67,7,6,3,42.86,1,14.29,13,4,30.77,11.76,8,23.53,35.29,31.58,11.03,18.75,0.167,0.286,0.167,0.4529999999999999,0.0,656811
FC,Cutter,FB,25,5.64,7,7,3,42.86,0,0.0,10,5,50.0,20.0,6,24.0,44.0,27.27,2.76,75.0,0.286,0.286,0.429,0.715,0.143,656811
CH,Changeup,OS,12,2.71,2,2,2,100.0,0,0.0,5,2,40.0,16.67,0,0.0,16.67,22.22,4.14,33.33,0.0,0.0,0.0,0.0,0.0,656811
KC,Knuckle Curve,BR,4,0.9,2,2,2,100.0,0,0.0,2,2,100.0,50.0,1,25.0,75.0,50.0,2.07,66.67,0.0,0.0,0.0,0.0,0.0,656811
SV,Slurve,BR,2,0.45,1,0,0,0.0,0,0.0,0,0,,0.0,0,0.0,0.0,0.0,1.38,0.0,,1.0,,,,656811
FS,Split-Finger,OS,1,0.23,1,1,0,0.0,0,0.0,1,0,0.0,0.0,0,0.0,0.0,,0.69,0.0,1.0,1.0,4.0,5.0,3.0,656811
FF,4-Seam Fastball,FB,71,48.63,16,15,1,6.25,1,6.25,35,4,11.43,5.63,10,14.08,19.72,24.32,48.94,4.35,0.333,0.375,0.333,0.708,0.0,656896
CH,Changeup,OS,21,14.38,5,4,1,20.0,1,20.0,9,5,55.56,23.81,1,4.76,28.57,29.41,10.64,20.0,0.0,0.2,0.0,0.2,0.0,656896
SL,Slider,BR,20,13.7,6,6,3,50.0,0,0.0,14,8,57.14,40.0,2,10.0,50.0,63.64,17.02,37.5,0.167,0.167,0.333,0.5,0.166,656896
SI,Sinker,FB,13,8.9,4,4,1,25.0,0,0.0,8,2,25.0,15.38,3,23.08,38.46,0.0,10.64,20.0,0.25,0.25,0.25,0.5,0.0,656896
FC,Cutter,FB,10,6.85,2,2,0,0.0,0,0.0,5,0,0.0,0.0,3,30.0,30.0,0.0,4.26,0.0,1.0,1.0,1.0,2.0,0.0,656896
FS,Split-Finger,OS,5,3.42,1,1,0,0.0,0,0.0,2,0,0.0,0.0,0,0.0,0.0,25.0,4.26,0.0,1.0,1.0,1.0,2.0,0.0,656896
ST,Sweeper,BR,4,2.74,1,1,1,100.0,0,0.0,2,1,50.0,25.0,2,50.0,75.0,100.0,4.26,50.0,0.0,0.0,0.0,0.0,0.0,656896
CU,Curveball,BR,2,1.37,0,0,0,,0,,0,0,,0.0,1,50.0,50.0,0.0,0.0,,,,,,,656896
FF,4-Seam Fastball,FB,281,23.73,66,57,22,33.33,8,12.12,123,34,27.64,12.1,53,18.86,30.96,18.7,25.95,22.92,0.281,0.379,0.842,1.221,0.5609999999999999,656941
SL,Slider,BR,272,22.97,56,50,16,28.57,5,8.93,100,42,42.0,15.44,49,18.01,33.46,17.01,21.89,19.75,0.22,0.304,0.54,0.8440000000000001,0.32,656941
SI,Sinker,FB,262,22.13,64,51,9,14.06,10,15.62,117,21,17.95,8.02,45,17.18,25.19,22.13,16.22,15.0,0.353,0.484,0.824,1.3079999999999998,0.471,656941
ST,Sweeper,BR,132,11.15,26,22,8,30.77,4,15.38,55,25,45.45,18.94,22,16.67,35.61,23.19,12.97,16.67,0.136,0.269,0.273,0.542,0.137,656941
CU,Curveball,BR,96,8.11,28,22,10,35.71,5,17.86,37,17,45.95,17.71,11,11.46,29.17,25.0,9.46,28.57,0.091,0.259,0.227,0.486,0.136,656941
FC,Cutter,FB,66,5.57,14,11,4,28.57,3,21.43,26,13,50.0,19.7,13,19.7,39.39,18.18,5.14,21.05,0.273,0.429,0.273,0.702,0.0,656941
CH,Changeup,OS,38,3.21,10,10,3,30.0,0,0.0,20,6,30.0,15.79,2,5.26,21.05,25.0,5.14,15.79,0.4,0.4,0.7,1.1,0.2999999999999999,656941
KC,Knuckle Curve,BR,14,1.18,3,3,2,66.67,0,0.0,8,4,50.0,28.57,1,7.14,35.71,44.44,1.08,50.0,0.0,0.0,0.0,0.0,0.0,656941
SV,Slurve,BR,10,0.84,6,6,3,50.0,0,0.0,8,4,50.0,40.0,2,20.0,60.0,100.0,1.08,75.0,0.167,0.167,0.167,0.334,0.0,656941
FS,Split-Finger,OS,7,0.59,3,2,0,0.0,1,33.33,3,1,33.33,14.29,0,0.0,14.29,33.33,0.81,0.0,0.5,0.667,0.5,1.167,0.0,656941
KN,Knuckleball,,5,0.42,1,0,0,0.0,0,0.0,1,0,0.0,0.0,0,0.0,0.0,0.0,0.0,,,1.0,,,,656941
,,,1,0.08,0,0,0,,0,,0,0,,0.0,0,0.0,0.0,,0.27,0.0,,,,,,656941
SI,Sinker,FB,29,28.16,6,4,1,16.67,2,33.33,9,3,33.33,10.34,8,27.59,37.93,20.0,25.0,11.11,0.5,0.667,0.5,1.167,0.0,656976
FF,4-Seam Fastball,FB,27,26.21,9,7,5,55.56,2,22.22,6,3,50.0,11.11,11,40.74,51.85,0.0,19.44,71.43,0.0,0.222,0.0,0.222,0.0,656976
SL,Slider,BR,22,21.36,5,4,2,40.0,1,20.0,9,6,66.67,27.27,2,9.09,36.36,38.89,25.0,22.22,0.25,0.4,0.25,0.65,0.0,656976
ST,Sweeper,BR,15,14.56,3,2,1,33.33,1,33.33,6,3,50.0,20.0,3,20.0,40.0,16.67,16.67,16.67,0.0,0.333,0.0,0.333,0.0,656976
FC,Cutter,FB,5,4.85,0,0,0,,0,,1,0,0.0,0.0,0,0.0,0.0,33.33,5.56,0.0,,,,,,656976
CU,Curveball,BR,3,2.91,0,0,0,,0,,1,1,100.0,33.33,0,0.0,33.33,0.0,5.56,0.0,,,,,,656976
CH,Changeup,OS,1,0.97,0,0,0,,0,,1,1,100.0,100.0,0,0.0,100.0,,0.0,,,,,,,656976
SV,Slurve,BR,1,0.97,1,1,0,0.0,0,0.0,1,0,0.0,0.0,0,0.0,0.0,,2.78,0.0,0.0,0.0,0.0,0.0,0.0,656976
FF,4-Seam Fastball,FB,76,39.58,22,19,4,18.18,3,13.64,39,10,25.64,13.16,8,10.53,23.68,32.56,44.44,14.29,0.105,0.227,0.263,0.49,0.158,657041
CH,Changeup,OS,34,17.71,5,5,1,20.0,0,0.0,14,6,42.86,17.65,3,8.82,26.47,21.74,11.11,14.29,0.2,0.2,0.2,0.4,0.0,657041
SL,Slider,BR,25,13.02,5,5,2,40.0,0,0.0,12,2,16.67,8.0,4,16.0,24.0,10.0,20.63,15.38,0.2,0.2,0.2,0.4,0.0,657041
SI,Sinker,FB,15,7.81,4,4,2,50.0,0,0.0,8,4,50.0,26.67,3,20.0,46.67,28.57,3.17,100.0,0.25,0.25,1.0,1.25,0.75,657041
FC,Cutter,FB,12,6.25,4,2,1,25.0,1,25.0,5,1,20.0,8.33,3,25.0,33.33,25.0,4.76,33.33,0.5,0.5,0.5,1.0,0.0,657041
CU,Curveball,BR,11,5.73,2,0,0,0.0,2,100.0,2,1,50.0,9.09,4,36.36,45.45,20.0,4.76,0.0,,1.0,,,,657041
FS,Split-Finger,OS,9,4.69,3,3,1,33.33,0,0.0,7,2,28.57,22.22,0,0.0,22.22,50.0,7.94,20.0,0.0,0.0,0.0,0.0,0.0,657041
KC,Knuckle Curve,BR,6,3.12,1,1,0,0.0,0,0.0,2,1,50.0,16.67,1,16.67,33.33,0.0,1.59,0.0,0.0,0.0,0.0,0.0,0.0,657041
ST,Sweeper,BR,4,2.08,1,1,1,100.0,0,0.0,0,0,,0.0,3,75.0,75.0,0.0,1.59,100.0,0.0,0.0,0.0,0.0,0.0,657041
SI,Sinker,FB,57,37.75,14,13,2,14.29,0,0.0,19,3,15.79,5.26,16,28.07,33.33,23.08,31.25,13.33,0.154,0.214,0.154,0.368,0.0,657077
FF,4-Seam Fastball,FB,42,27.81,5,4,1,20.0,1,20.0,11,1,9.09,2.38,12,28.57,30.95,7.14,22.92,9.09,0.0,0.2,0.0,0.2,0.0,657077
SL,Slider,BR,18,11.92,3,3,1,33.33,0,0.0,6,1,16.67,5.56,5,27.78,33.33,18.18,14.58,14.29,0.0,0.0,0.0,0.0,0.0,657077
ST,Sweeper,BR,10,6.62,3,3,1,33.33,0,0.0,5,1,20.0,10.0,2,20.0,30.0,25.0,10.42,20.0,0.0,0.0,0.0,0.0,0.0,657077
FC,Cutter,FB,8,5.3,1,0,0,0.0,1,100.0,3,2,66.67,25.0,1,12.5,37.5,28.57,6.25,0.0,,1.0,,,,657077
CU,Curveball,BR,6,3.97,1,1,0,0.0,0,0.0,1,0,0.0,0.0,2,33.33,33.33,0.0,4.17,0.0,0.0,0.0,0.0,0.0,0.0,657077
SV,Slurve,BR,5,3.31,2,2,1,50.0,0,0.0,2,0,0.0,0.0,1,20.0,20.0,0.0,8.33,25.0,0.5,0.5,0.5,1.0,0.0,657077
CH,Changeup,OS,4,2.65,2,2,0,0.0,0,0.0,2,0,0.0,0.0,0,0.0,0.0,0.0,2.08,0.0,0.5,0.5,0.5,1.0,0.0,657077
CS,Slow Curve,BR,1,0.66,0,0,0,,0,,0,0,,0.0,0,0.0,0.0,0.0,0.0,,,,,,,657077
FF,4-Seam Fastball,FB,65,30.95,14,14,2,14.29,0,0.0,30,2,6.67,3.08,11,16.92,20.0,19.35,27.27,9.52,0.143,0.143,0.143,0.286,0.0,657136
CH,Changeup,OS,36,17.14,8,8,5,62.5,0,0.0,18,10,55.56,27.78,2,5.56,33.33,30.43,23.38,27.78,0.125,0.125,0.25,0.375,0.125,657136
SI,Sinker,FB,30,14.29,10,7,1,10.0,2,20.0,14,2,14.29,6.67,8,26.67,33.33,20.0,11.69,11.11,0.286,0.4,0.286,0.6859999999999999,0.0,657136
CU,Curveball,BR,26,12.38,3,2,1,33.33,1,33.33,8,2,25.0,7.69,7,26.92,34.62,15.38,16.88,7.69,0.0,0.333,0.0,0.333,0.0,657136
SL,Slider,BR,23,10.95,6,3,1,16.67,3,50.0,10,2,20.0,8.7,2,8.7,17.39,29.41,14.29,9.09,0.333,0.667,0.333,1.0,0.0,657136
FC,Cutter,FB,15,7.14,3,3,1,33.33,0,0.0,7,1,14.29,6.67,3,20.0,26.67,28.57,2.6,50.0,0.333,0.333,0.333,0.666,0.0,657136
KC,Knuckle Curve,BR,6,2.86,0,0,0,,0,,2,1,50.0,16.67,2,33.33,50.0,40.0,1.3,0.0,,,,,,657136
FS,Split-Finger,OS,4,1.9,1,1,0,0.0,0,0.0,2,0,0.0,0.0,1,25.0,25.0,0.0,1.3,0.0,0.0,0.0,0.0,0.0,0.0,657136
ST,Sweeper,BR,4,1.9,1,1,1,100.0,0,0.0,0,0,,0.0,3,75.0,75.0,0.0,1.3,100.0,0.0,0.0,0.0,0.0,0.0,657136
SV,Slurve,BR,1,0.48,0,0,0,,0,,0,0,,0.0,0,0.0,0.0,0.0,0.0,,,,,,,657136
FF,4-Seam Fastball,FB,89,32.25,23,20,9,39.13,3,13.04,46,18,39.13,20.22,11,12.36,32.58,27.27,35.16,28.12,0.3,0.391,0.75,1.141,0.45,657557
CH,Changeup,OS,55,19.93,9,9,2,22.22,0,0.0,32,11,34.38,20.0,2,3.64,23.64,47.5,20.88,10.53,0.222,0.222,0.556,0.778,0.3340000000000001,657557
ST,Sweeper,BR,37,13.41,8,7,3,37.5,0,0.0,19,9,47.37,24.32,6,16.22,40.54,47.37,10.99,30.0,0.143,0.125,0.143,0.268,0.0,657557
SL,Slider,BR,33,11.96,10,10,6,60.0,0,0.0,19,8,42.11,24.24,4,12.12,36.36,43.75,14.29,46.15,0.0,0.0,0.0,0.0,0.0,657557
CU,Curveball,BR,24,8.7,7,7,5,71.43,0,0.0,15,10,66.67,41.67,6,25.0,66.67,66.67,9.89,55.56,0.0,0.0,0.0,0.0,0.0,657557
SI,Sinker,FB,21,7.61,10,10,3,30.0,0,0.0,13,2,15.38,9.52,6,28.57,38.1,50.0,7.69,42.86,0.2,0.2,0.6,0.8,0.3999999999999999,657557
FC,Cutter,FB,15,5.43,2,2,0,0.0,0,0.0,9,3,33.33,20.0,2,13.33,33.33,50.0,1.1,0.0,0.5,0.5,1.0,1.5,0.5,657557
FS,Split-Finger,OS,1,0.36,0,0,0,,0,,0,0,,0.0,0,0.0,0.0,0.0,0.0,,,,,,,657557
SV,Slurve,BR,1,0.36,0,0,0,,0,,0,0,,0.0,0,0.0,0.0,0.0,0.0,,,,,,,657557
FF,4-Seam Fastball,FB,229,35.39,49,41,7,14.29,7,14.29,104,26,25.0,11.35,39,17.03,28.38,13.59,34.31,8.57,0.366,0.449,0.61,1.059,0.244,657656
CH,Changeup,OS,119,18.39,31,28,5,16.13,3,9.68,54,15,27.78,12.61,15,12.61,25.21,28.57,20.1,12.2,0.321,0.387,0.571,0.958,0.2499999999999999,657656
SI,Sinker,FB,66,10.2,17,15,1,5.88,1,5.88,30,4,13.33,6.06,16,24.24,30.3,9.09,3.92,12.5,0.267,0.294,0.467,0.761,0.2,657656
SL,Slider,BR,66,10.2,18,17,4,22.22,0,0.0,38,8,21.05,12.12,6,9.09,21.21,28.12,13.73,14.29,0.235,0.278,0.412,0.69,0.177,657656
CU,Curveball,BR,59,9.12,15,15,5,33.33,0,0.0,26,7,26.92,11.86,9,15.25,27.12,25.0,10.29,23.81,0.2,0.2,0.6,0.8,0.3999999999999999,657656
FC,Cutter,FB,47,7.26,14,13,4,28.57,0,0.0,25,5,20.0,10.64,7,14.89,25.53,44.83,7.35,26.67,0.154,0.214,0.231,0.445,0.077,657656
ST,Sweeper,BR,29,4.48,7,7,3,42.86,0,0.0,15,6,40.0,20.69,6,20.69,41.38,50.0,4.9,30.0,0.143,0.143,0.143,0.286,0.0,657656
KC,Knuckle Curve,BR,22,3.4,6,5,1,16.67,1,16.67,9,3,33.33,13.64,3,13.64,27.27,23.08,4.41,11.11,0.4,0.5,1.2,1.7,0.7999999999999999,657656
FS,Split-Finger,OS,5,0.77,0,0,0,,0,,2,1,50.0,20.0,0,0.0,20.0,0.0,0.49,0.0,,,,,,657656
SV,Slurve,BR,3,0.46,1,1,1,100.0,0,0.0,1,1,100.0,33.33,0,0.0,33.33,33.33,0.49,100.0,0.0,0.0,0.0,0.0,0.0,657656
,,,2,0.31,1,0,0,0.0,1,100.0,0,0,,0.0,0,0.0,0.0,,0.0,,,1.0,,,,657656
FF,4-Seam Fastball,FB,151,25.59,42,37,7,16.67,5,11.9,74,14,18.92,9.27,42,27.81,37.09,43.1,26.06,16.28,0.243,0.333,0.378,0.7110000000000001,0.135,657757
SL,Slider,BR,147,24.92,35,34,8,22.86,0,0.0,77,24,31.17,16.33,15,10.2,26.53,27.27,33.33,14.55,0.206,0.2,0.265,0.465,0.059,657757
SI,Sinker,FB,134,22.71,36,31,3,8.33,4,11.11,49,4,8.16,2.99,40,29.85,32.84,21.82,11.52,15.79,0.323,0.389,0.387,0.776,0.064,657757
CU,Curveball,BR,53,8.98,13,13,4,30.77,0,0.0,24,7,29.17,13.21,11,20.75,33.96,36.0,10.91,22.22,0.231,0.231,0.538,0.769,0.307,657757
ST,Sweeper,BR,51,8.64,14,13,6,42.86,1,7.14,26,14,53.85,27.45,6,11.76,39.22,36.0,11.52,31.58,0.154,0.214,0.231,0.445,0.077,657757
FC,Cutter,FB,24,4.07,4,4,0,0.0,0,0.0,6,0,0.0,0.0,7,29.17,29.17,0.0,0.61,0.0,0.0,0.0,0.0,0.0,0.0,657757
CH,Changeup,OS,14,2.37,3,3,0,0.0,0,0.0,7,0,0.0,0.0,2,14.29,14.29,37.5,4.85,0.0,0.333,0.333,0.333,0.666,0.0,657757
KC,Knuckle Curve,BR,9,1.53,3,3,0,0.0,0,0.0,5,1,20.0,11.11,2,22.22,33.33,60.0,1.21,0.0,0.667,0.667,0.667,1.334,0.0,657757
SV,Slurve,BR,7,1.19,3,3,0,0.0,0,0.0,4,1,25.0,14.29,1,14.29,28.57,66.67,0.0,,0.667,0.667,1.333,2.0,0.6659999999999999,657757
FF,4-Seam Fastball,FB,32,32.32,10,8,1,10.0,1,10.0,20,6,30.0,18.75,4,12.5,31.25,41.67,20.0,20.0,0.25,0.3,0.375,0.675,0.125,660162
SL,Slider,BR,24,24.24,4,4,2,50.0,0,0.0,11,8,72.73,33.33,1,4.17,37.5,33.33,40.0,20.0,0.0,0.0,0.0,0.0,0.0,660162
SI,Sinker,FB,10,10.1,2,1,0,0.0,1,50.0,2,0,0.0,0.0,4,40.0,40.0,20.0,4.0,0.0,1.0,1.0,1.0,2.0,0.0,660162
FC,Cutter,FB,10,10.1,6,6,1,16.67,0,0.0,6,1,16.67,10.0,1,10.0,20.0,0.0,8.0,50.0,0.167,0.167,0.167,0.334,0.0,660162
CH,Changeup,OS,9,9.09,3,3,2,66.67,0,0.0,5,4,80.0,44.44,1,11.11,55.56,40.0,16.0,50.0,0.0,0.0,0.0,0.0,0.0,660162
CU,Curveball,BR,7,7.07,0,0,0,,0,,0,0,,0.0,2,28.57,28.57,0.0,8.0,0.0,,,,,,660162
KC,Knuckle Curve,BR,3,3.03,1,0,0,0.0,0,0.0,1,1,100.0,33.33,0,0.0,33.33,33.33,4.0,0.0,,1.0,,,,660162
ST,Sweeper,BR,3,3.03,1,1,0,0.0,0,0.0,2,1,50.0,33.33,0,0.0,33.33,0.0,0.0,,0.0,0.0,0.0,0.0,0.0,660162
FS,Split-Finger,OS,1,1.01,0,0,0,,0,,0,0,,0.0,0,0.0,0.0,0.0,0.0,,,,,,,660162
FF,4-Seam Fastball,FB,235,25.63,77,72,19,24.68,5,6.49,108,25,23.15,10.64,48,20.43,31.06,25.77,23.08,33.33,0.25,0.299,0.625,0.924,0.375,660271
SI,Sinker,FB,215,23.45,52,49,13,25.0,3,5.77,94,25,26.6,11.63,49,22.79,34.42,31.91,16.6,31.71,0.306,0.346,0.531,0.877,0.225,660271
SL,Slider,BR,193,21.05,38,33,8,21.05,5,13.16,81,35,43.21,18.13,25,12.95,31.09,24.11,21.46,15.09,0.364,0.447,0.606,1.053,0.242,660271
ST,Sweeper,BR,97,10.58,26,23,7,26.92,3,11.54,46,19,41.3,19.59,13,13.4,32.99,28.85,11.74,24.14,0.261,0.346,0.478,0.824,0.2169999999999999,660271
CH,Changeup,OS,60,6.54,20,20,13,65.0,0,0.0,34,17,50.0,28.33,8,13.33,41.67,52.63,12.55,41.94,0.15,0.15,0.3,0.4499999999999999,0.15,660271
CU,Curveball,BR,50,5.45,11,8,3,27.27,3,27.27,21,9,42.86,18.0,7,14.0,32.0,32.35,6.88,17.65,0.5,0.636,0.625,1.261,0.125,660271
FC,Cutter,FB,36,3.93,10,9,2,20.0,1,10.0,20,5,25.0,13.89,4,11.11,25.0,31.58,3.24,25.0,0.222,0.3,0.889,1.189,0.667,660271
KC,Knuckle Curve,BR,13,1.42,5,4,0,0.0,1,20.0,8,0,0.0,0.0,1,7.69,7.69,0.0,2.02,0.0,0.5,0.6,0.5,1.1,0.0,660271
FS,Split-Finger,OS,8,0.87,0,0,0,,0,,7,3,42.86,37.5,0,0.0,37.5,80.0,0.81,0.0,,,,,,660271
SV,Slurve,BR,6,0.65,4,4,2,50.0,0,0.0,5,2,40.0,33.33,0,0.0,33.33,50.0,1.62,50.0,0.0,0.0,0.0,0.0,0.0,660271
,,,4,0.44,1,0,0,0.0,1,100.0,0,0,,0.0,0,0.0,0.0,,0.0,,,1.0,,,,660271
FF,4-Seam Fastball,FB,23,34.85,4,4,1,25.0,0,0.0,15,0,0.0,0.0,3,13.04,13.04,22.22,27.59,12.5,0.25,0.25,0.25,0.5,0.0,660644
SI,Sinker,FB,11,16.67,3,3,1,33.33,0,0.0,7,3,42.86,27.27,3,27.27,54.55,66.67,10.34,33.33,0.333,0.333,0.333,0.666,0.0,660644
FC,Cutter,FB,10,15.15,3,2,1,33.33,1,33.33,6,4,66.67,40.0,2,20.0,60.0,60.0,10.34,33.33,0.5,0.667,0.5,1.167,0.0,660644
SL,Slider,BR,7,10.61,4,3,1,25.0,0,0.0,3,1,33.33,14.29,0,0.0,14.29,20.0,17.24,20.0,0.333,0.5,0.667,1.167,0.334,660644
ST,Sweeper,BR,7,10.61,2,2,2,100.0,0,0.0,3,2,66.67,28.57,0,0.0,28.57,33.33,13.79,50.0,0.0,0.0,0.0,0.0,0.0,660644
CH,Changeup,OS,6,9.09,1,1,1,100.0,0,0.0,1,1,100.0,16.67,0,0.0,16.67,16.67,13.79,25.0,0.0,0.0,0.0,0.0,0.0,660644
CU,Curveball,BR,2,3.03,0,0,0,,0,,1,0,0.0,0.0,0,0.0,0.0,0.0,6.9,0.0,,,,,,660644
FF,4-Seam Fastball,FB,185,34.13,44,34,11,25.0,10,22.73,85,22,25.88,11.89,20,10.81,22.7,9.46,33.54,20.0,0.265,0.432,0.588,1.02,0.3229999999999999,660670
CH,Changeup,OS,116,21.4,28,22,9,32.14,6,21.43,49,21,42.86,18.1,9,7.76,25.86,22.97,21.34,25.71,0.227,0.393,0.227,0.62,0.0,660670
SI,Sinker,FB,48,8.86,8,8,1,12.5,0,0.0,22,5,22.73,10.42,7,14.58,25.0,10.53,8.54,7.14,0.75,0.75,1.0,1.75,0.25,660670
SL,Slider,BR,45,8.3,9,7,4,44.44,2,22.22,21,9,42.86,20.0,11,24.44,44.44,39.13,8.54,28.57,0.143,0.333,0.286,0.619,0.143,660670
FC,Cutter,FB,45,8.3,12,11,2,16.67,1,8.33,26,5,19.23,11.11,4,8.89,20.0,41.67,6.71,18.18,0.182,0.25,0.182,0.432,0.0,660670
CU,Curveball,BR,35,6.46,10,5,2,20.0,5,50.0,13,4,30.77,11.43,5,14.29,25.71,15.79,9.76,12.5,0.4,0.7,1.0,1.7,0.6,660670
ST,Sweeper,BR,34,6.27,5,5,2,40.0,0,0.0,9,3,33.33,8.82,10,29.41,38.24,12.5,6.1,20.0,0.0,0.0,0.0,0.0,0.0,660670
FS,Split-Finger,OS,23,4.24,6,6,4,66.67,0,0.0,12,9,75.0,39.13,3,13.04,52.17,58.82,4.27,57.14,0.0,0.0,0.0,0.0,0.0,660670
KC,Knuckle Curve,BR,6,1.11,2,1,1,50.0,1,50.0,2,2,100.0,33.33,0,0.0,33.33,33.33,1.22,50.0,0.0,0.5,0.0,0.5,0.0,660670
,,,5,0.92,1,0,0,0.0,1,100.0,0,0,,0.0,0,0.0,0.0,,0.0,,,1.0,,,,660670
FF,4-Seam Fastball,FB,57,33.14,20,18,0,0.0,2,10.0,33,1,3.03,1.75,8,14.04,15.79,33.33,25.71,0.0,0.278,0.35,0.333,0.683,0.0549999999999999,660688
SL,Slider,BR,37,21.51,10,9,2,20.0,0,0.0,22,6,27.27,16.22,6,16.22,32.43,63.64,31.43,18.18,0.222,0.3,0.333,0.633,0.111,660688
CU,Curveball,BR,25,14.53,4,4,0,0.0,0,0.0,7,1,14.29,4.0,9,36.0,40.0,25.0,14.29,0.0,0.0,0.0,0.0,0.0,0.0,660688
SI,Sinker,FB,17,9.88,9,9,1,11.11,0,0.0,10,0,0.0,0.0,5,29.41,29.41,25.0,2.86,100.0,0.444,0.444,0.444,0.888,0.0,660688
ST,Sweeper,BR,12,6.98,2,2,0,0.0,0,0.0,2,0,0.0,0.0,4,33.33,33.33,0.0,5.71,0.0,0.0,0.0,0.0,0.0,0.0,660688
CH,Changeup,OS,10,5.81,3,3,1,33.33,0,0.0,5,1,20.0,10.0,0,0.0,10.0,16.67,8.57,33.33,0.333,0.333,1.333,1.666,1.0,660688
FC,Cutter,FB,10,5.81,4,4,0,0.0,0,0.0,6,1,16.67,10.0,2,20.0,30.0,50.0,5.71,0.0,0.5,0.5,0.5,1.0,0.0,660688
SV,Slurve,BR,3,1.74,2,2,0,0.0,0,0.0,3,1,33.33,33.33,0,0.0,33.33,100.0,2.86,0.0,0.5,0.5,0.5,1.0,0.0,660688
KC,Knuckle Curve,BR,1,0.58,0,0,0,,0,,0,0,,0.0,0,0.0,0.0,0.0,2.86,0.0,,,,,,660688
FF,4-Seam Fastball,FB,38,32.2,8,8,3,37.5,0,0.0,27,9,33.33,23.68,6,15.79,39.47,68.75,37.25,15.79,0.0,0.0,0.0,0.0,0.0,660757
CH,Changeup,OS,16,13.56,3,2,0,0.0,1,33.33,10,2,20.0,12.5,0,0.0,12.5,33.33,11.76,0.0,0.0,0.333,0.0,0.333,0.0,660757
SL,Slider,BR,16,13.56,3,3,1,33.33,0,0.0,12,5,41.67,31.25,0,0.0,31.25,50.0,13.73,14.29,0.0,0.0,0.0,0.0,0.0,660757
SI,Sinker,FB,16,13.56,3,3,0,0.0,0,0.0,12,3,25.0,18.75,1,6.25,25.0,20.0,7.84,0.0,0.667,0.667,0.667,1.334,0.0,660757
FC,Cutter,FB,10,8.47,3,3,1,33.33,0,0.0,9,2,22.22,20.0,0,0.0,20.0,75.0,3.92,50.0,0.0,0.0,0.0,0.0,0.0,660757
CU,Curveball,BR,9,7.63,3,3,1,33.33,0,0.0,4,1,25.0,11.11,1,11.11,22.22,40.0,9.8,20.0,0.333,0.333,0.667,1.0,0.334,660757
FS,Split-Finger,OS,7,5.93,4,4,2,50.0,0,0.0,7,3,42.86,42.86,0,0.0,42.86,100.0,7.84,50.0,0.25,0.25,0.25,0.5,0.0,660757
ST,Sweeper,BR,4,3.39,1,1,0,0.0,0,0.0,1,0,0.0,0.0,0,0.0,0.0,0.0,3.92,0.0,1.0,1.0,1.0,2.0,0.0,660757
CS,Slow Curve,BR,1,0.85,0,0,0,,0,,0,0,,0.0,0,0.0,0.0,0.0,1.96,0.0,,,,,,660757
KC,Knuckle Curve,BR,1,0.85,1,1,0,0.0,0,0.0,1,0,0.0,0.0,0,0.0,0.0,100.0,1.96,0.0,0.0,0.0,0.0,0.0,0.0,660757
SL,Slider,BR,76,28.36,18,18,5,27.78,0,0.0,40,17,42.5,22.37,9,11.84,34.21,39.02,28.24,20.83,0.167,0.167,0.222,0.389,0.0549999999999999,660821
FF,4-Seam Fastball,FB,62,23.13,13,11,6,46.15,2,15.38,27,6,22.22,9.68,13,20.97,30.65,26.67,27.06,26.09,0.182,0.308,0.545,0.853,0.363,660821
SI,Sinker,FB,59,22.01,15,13,1,6.67,1,6.67,25,1,4.0,1.69,14,23.73,25.42,30.77,12.94,9.09,0.231,0.333,0.231,0.5640000000000001,0.0,660821
ST,Sweeper,BR,33,12.31,11,10,4,36.36,0,0.0,22,10,45.45,30.3,2,6.06,36.36,57.14,12.94,36.36,0.0,0.091,0.0,0.091,0.0,660821
CU,Curveball,BR,22,8.21,10,9,1,10.0,1,10.0,14,3,21.43,13.64,1,4.55,18.18,41.67,9.41,12.5,0.222,0.3,0.222,0.522,0.0,660821
CH,Changeup,OS,9,3.36,3,3,2,66.67,0,0.0,5,3,60.0,33.33,0,0.0,33.33,42.86,7.06,33.33,0.0,0.0,0.0,0.0,0.0,660821
FC,Cutter,FB,6,2.24,4,4,1,25.0,0,0.0,4,1,25.0,16.67,1,16.67,33.33,50.0,1.18,100.0,0.25,0.25,0.5,0.75,0.25,660821
SV,Slurve,BR,1,0.37,1,1,1,100.0,0,0.0,1,1,100.0,100.0,0,0.0,100.0,100.0,1.18,100.0,0.0,0.0,0.0,0.0,0.0,660821
FF,4-Seam Fastball,FB,67,36.41,16,13,1,6.25,3,18.75,23,3,13.04,4.48,12,17.91,22.39,3.23,40.38,4.76,0.462,0.562,0.538,1.1,0.076,660844
SL,Slider,BR,30,16.3,5,5,3,60.0,0,0.0,8,4,50.0,13.33,8,26.67,40.0,6.25,21.15,27.27,0.0,0.0,0.0,0.0,0.0,660844
SI,Sinker,FB,24,13.04,7,7,1,14.29,0,0.0,10,1,10.0,4.17,9,37.5,41.67,0.0,5.77,33.33,0.286,0.286,0.429,0.715,0.143,660844
FC,Cutter,FB,20,10.87,6,4,0,0.0,2,33.33,5,0,0.0,0.0,6,30.0,30.0,0.0,7.69,0.0,0.5,0.667,0.5,1.167,0.0,660844
CH,Changeup,OS,17,9.24,3,3,1,33.33,0,0.0,4,1,25.0,5.88,5,29.41,35.29,0.0,5.77,33.33,0.333,0.333,0.333,0.666,0.0,660844
ST,Sweeper,BR,13,7.07,3,3,1,33.33,0,0.0,5,2,40.0,15.38,4,30.77,46.15,20.0,11.54,16.67,0.0,0.0,0.0,0.0,0.0,660844
CU,Curveball,BR,10,5.43,1,1,0,0.0,0,0.0,3,0,0.0,0.0,3,30.0,30.0,20.0,7.69,0.0,0.0,0.0,0.0,0.0,0.0,660844
FS,Split-Finger,OS,3,1.63,0,0,0,,0,,0,0,,0.0,0,0.0,0.0,0.0,0.0,,,,,,,660844
FF,4-Seam Fastball,FB,247,34.79,54,45,9,16.67,9,16.67,118,23,19.49,9.31,37,14.98,24.29,18.92,36.0,12.5,0.244,0.37,0.4,0.77,0.156,661388
CH,Changeup,OS,103,14.51,31,27,4,12.9,3,9.68,52,12,23.08,11.65,9,8.74,20.39,35.82,14.5,13.79,0.222,0.29,0.222,0.512,0.0,661388
SL,Slider,BR,100,14.08,31,26,8,25.81,4,12.9,51,15,29.41,15.0,12,12.0,27.0,26.92,20.0,20.0,0.231,0.355,0.231,0.586,0.0,661388
SI,Sinker,FB,77,10.85,21,17,2,9.52,3,14.29,27,4,14.81,5.19,18,23.38,28.57,10.81,6.5,15.38,0.176,0.286,0.294,0.58,0.118,661388
ST,Sweeper,BR,47,6.62,11,9,2,18.18,2,18.18,19,4,21.05,8.51,9,19.15,27.66,30.77,9.0,11.11,0.111,0.273,0.222,0.495,0.111,661388
CU,Curveball,BR,43,6.06,11,10,1,9.09,0,0.0,16,2,12.5,4.65,8,18.6,23.26,13.64,5.5,9.09,0.3,0.364,0.5,0.864,0.2,661388
FC,Cutter,FB,37,5.21,11,10,5,45.45,1,9.09,20,9,45.0,24.32,6,16.22,40.54,33.33,3.5,71.43,0.2,0.273,0.2,0.473,0.0,661388
FS,Split-Finger,OS,32,4.51,8,6,1,12.5,2,25.0,12,6,50.0,18.75,1,3.12,21.88,13.64,3.5,14.29,0.667,0.75,1.167,1.917,0.5,661388
,,,14,1.97,3,0,0,0.0,3,100.0,0,0,,0.0,0,0.0,0.0,,0.5,0.0,,1.0,,,,661388
KC,Knuckle Curve,BR,10,1.41,1,1,0,0.0,0,0.0,3,0,0.0,0.0,0,0.0,0.0,0.0,1.0,0.0,0.0,0.0,0.0,0.0,0.0,661388
FF,4-Seam Fastball,FB,53,25.48,18,15,5,27.78,3,16.67,28,11,39.29,20.75,7,13.21,33.96,21.05,27.59,31.25,0.4,0.5,0.6,1.1,0.1999999999999999,662139
SI,Sinker,FB,53,25.48,15,12,1,6.67,1,6.67,25,2,8.0,3.77,4,7.55,11.32,17.86,13.79,12.5,0.167,0.267,0.167,0.434,0.0,662139
SL,Slider,BR,35,16.83,6,6,1,16.67,0,0.0,18,5,27.78,14.29,3,8.57,22.86,35.0,17.24,10.0,0.333,0.333,0.333,0.666,0.0,662139
ST,Sweeper,BR,24,11.54,6,6,3,50.0,0,0.0,11,3,27.27,12.5,3,12.5,25.0,9.09,17.24,30.0,0.167,0.167,0.167,0.334,0.0,662139
FC,Cutter,FB,19,9.13,3,3,1,33.33,0,0.0,13,6,46.15,31.58,0,0.0,31.58,40.0,6.9,25.0,0.333,0.333,1.333,1.666,1.0,662139
CU,Curveball,BR,14,6.73,4,4,1,25.0,0,0.0,10,3,30.0,21.43,1,7.14,28.57,62.5,5.17,33.33,0.25,0.25,0.25,0.5,0.0,662139
CH,Changeup,OS,7,3.37,3,3,2,66.67,0,0.0,5,2,40.0,28.57,0,0.0,28.57,33.33,8.62,40.0,0.0,0.0,0.0,0.0,0.0,662139
FS,Split-Finger,OS,3,1.44,1,1,0,0.0,0,0.0,3,1,33.33,33.33,0,0.0,33.33,100.0,3.45,0.0,0.0,0.0,0.0,0.0,0.0,662139
FF,4-Seam Fastball,FB,175,35.64,45,37,10,22.22,8,17.78,81,16,19.75,9.14,25,14.29,23.43,10.96,37.58,17.86,0.297,0.422,0.595,1.017,0.298,663330
CH,Changeup,OS,103,20.98,29,26,7,24.14,3,10.34,48,16,33.33,15.53,12,11.65,27.18,38.81,23.49,20.0,0.231,0.31,0.308,0.618,0.0769999999999999,663330
SL,Slider,BR,63,12.83,9,8,5,55.56,0,0.0,27,11,40.74,17.46,7,11.11,28.57,17.14,14.77,22.73,0.125,0.222,0.125,0.347,0.0,663330
SI,Sinker,FB,49,9.98,16,14,2,12.5,2,12.5,23,2,8.7,4.08,8,16.33,20.41,9.52,8.72,15.38,0.5,0.562,0.857,1.419,0.357,663330
CU,Curveball,BR,34,6.92,8,6,1,12.5,1,12.5,12,3,25.0,8.82,6,17.65,26.47,23.81,6.04,11.11,0.333,0.5,0.833,1.333,0.4999999999999999,663330
FC,Cutter,FB,32,6.52,9,9,1,11.11,0,0.0,17,2,11.76,6.25,4,12.5,18.75,13.33,5.37,12.5,0.333,0.333,1.333,1.666,1.0,663330
ST,Sweeper,BR,15,3.05,2,2,2,100.0,0,0.0,4,4,100.0,26.67,5,33.33,60.0,25.0,2.68,50.0,0.0,0.0,0.0,0.0,0.0,663330
SV,Slurve,BR,8,1.63,0,0,0,,0,,4,2,50.0,25.0,0,0.0,25.0,25.0,1.34,0.0,,,,,,663330
FS,Split-Finger,OS,5,1.02,1,1,0,0.0,0,0.0,2,1,50.0,20.0,0,0.0,20.0,0.0,0.0,,0.0,0.0,0.0,0.0,0.0,663330
FA,Other,,3,0.61,0,0,0,,0,,1,0,0.0,0.0,0,0.0,0.0,0.0,0.0,,,,,,,663330
,,,2,0.41,1,0,0,0.0,1,100.0,0,0,,0.0,0,0.0,0.0,,0.0,,,1.0,,,,663330
EP,Eephus,,1,0.2,1,0,0,0.0,0,0.0,0,0,,0.0,0,0.0,0.0,0.0,0.0,,,1.0,,,,663330
KC,Knuckle Curve,BR,1,0.2,1,1,0,0.0,0,0.0,1,0,0.0,0.0,0,0.0,0.0,,0.0,,0.0,0.0,0.0,0.0,0.0,663330
FF,4-Seam Fastball,FB,101,44.1,20,17,8,40.0,3,15.0,39,13,33.33,12.87,26,25.74,38.61,16.67,41.1,26.67,0.294,0.4,0.529,0.929,0.235,663368
SI,Sinker,FB,33,14.41,10,9,2,20.0,1,10.0,12,3,25.0,9.09,10,30.3,39.39,40.0,13.7,20.0,0.222,0.3,0.222,0.522,0.0,663368
CU,Curveball,BR,28,12.23,8,8,1,12.5,0,0.0,11,2,18.18,7.14,5,17.86,25.0,14.29,16.44,8.33,0.125,0.125,0.125,0.25,0.0,663368
SL,Slider,BR,24,10.48,5,3,0,0.0,2,40.0,7,1,14.29,4.17,6,25.0,29.17,9.09,9.59,0.0,0.667,0.8,1.667,2.467,1.0,663368
CH,Changeup,OS,22,9.61,5,5,1,20.0,0,0.0,8,1,12.5,4.55,5,22.73,27.27,25.0,8.22,16.67,0.4,0.4,0.4,0.8,0.0,663368
ST,Sweeper,BR,7,3.06,1,1,0,0.0,0,0.0,5,1,20.0,14.29,1,14.29,28.57,75.0,2.74,0.0,0.0,0.0,0.0,0.0,0.0,663368
KC,Knuckle Curve,BR,6,2.62,1,1,0,0.0,0,0.0,3,0,0.0,0.0,0,0.0,0.0,0.0,4.11,0.0,0.0,0.0,0.0,0.0,0.0,663368
FS,Split-Finger,OS,5,2.18,4,4,1,25.0,0,0.0,4,1,25.0,20.0,0,0.0,20.0,66.67,4.11,33.33,0.25,0.25,0.5,0.75,0.25,663368
FC,Cutter,FB,3,1.31,0,0,0,,0,,1,1,100.0,33.33,0,0.0,33.33,33.33,0.0,,,,,,,663368
FF,4-Seam Fastball,FB,182,26.11,42,35,12,28.57,4,9.52,64,9,14.06,4.95,48,26.37,31.32,17.5,20.71,34.29,0.2,0.317,0.314,0.631,0.1139999999999999,663457
SI,Sinker,FB,177,25.39,56,49,9,16.07,6,10.71,71,4,5.63,2.26,46,25.99,28.25,22.86,18.93,28.12,0.286,0.375,0.347,0.722,0.061,663457
SL,Slider,BR,167,23.96,43,40,16,37.21,3,6.98,64,27,42.19,16.17,31,18.56,34.73,29.13,28.99,32.65,0.125,0.186,0.2,0.386,0.075,663457
ST,Sweeper,BR,67,9.61,15,14,7,46.67,1,6.67,24,13,54.17,19.4,16,23.88,43.28,28.57,14.2,29.17,0.071,0.133,0.143,0.276,0.072,663457
CU,Curveball,BR,38,5.45,6,6,1,16.67,0,0.0,9,2,22.22,5.26,8,21.05,26.32,13.64,8.28,7.14,0.167,0.167,0.167,0.334,0.0,663457
FC,Cutter,FB,36,5.16,10,8,0,0.0,2,20.0,18,3,16.67,8.33,5,13.89,22.22,23.53,2.96,0.0,0.125,0.3,0.125,0.425,0.0,663457
CH,Changeup,OS,17,2.44,4,4,1,25.0,0,0.0,7,1,14.29,5.88,1,5.88,11.76,10.0,4.73,12.5,0.5,0.5,1.25,1.75,0.75,663457
SV,Slurve,BR,11,1.58,3,2,0,0.0,1,33.33,2,0,0.0,0.0,2,18.18,18.18,0.0,0.59,0.0,0.5,0.667,0.5,1.167,0.0,663457
KC,Knuckle Curve,BR,1,0.14,1,1,1,100.0,0,0.0,0,0,,0.0,1,100.0,100.0,,0.59,100.0,0.0,0.0,0.0,0.0,0.0,663457
,,,1,0.14,0,0,0,,0,,0,0,,0.0,0,0.0,0.0,,0.0,,,,,,,663457
FF,4-Seam Fastball,FB,12,63.16,3,3,2,66.67,0,0.0,7,2,28.57,16.67,2,16.67,33.33,57.14,85.71,33.33,0.0,0.0,0.0,0.0,0.0,663536
SI,Sinker,FB,3,15.79,0,0,0,,0,,0,0,,0.0,1,33.33,33.33,0.0,0.0,,,,,,,663536
SV,Slurve,BR,2,10.53,1,1,0,0.0,0,0.0,1,0,0.0,0.0,1,50.0,50.0,,14.29,0.0,0.0,0.0,0.0,0.0,0.0,663536
CU,Curveball,BR,1,5.26,0,0,0,,0,,1,0,0.0,0.0,0,0.0,0.0,,0.0,,,,,,,663536
ST,Sweeper,BR,1,5.26,0,0,0,,0,,0,0,,0.0,1,100.0,100.0,,0.0,,,,,,,663536
FF,4-Seam Fastball,FB,168,35.52,54,51,2,3.7,2,3.7,92,4,4.35,2.38,27,16.07,18.45,28.99,34.13,4.65,0.431,0.463,0.588,1.051,0.1569999999999999,663538
CH,Changeup,OS,79,16.7,35,33,2,5.71,2,5.71,51,6,11.76,7.59,9,11.39,18.99,56.52,20.63,7.69,0.333,0.371,0.545,0.916,0.212,663538
CU,Curveball,BR,59,12.47,14,13,2,14.29,0,0.0,25,9,36.0,15.25,16,27.12,42.37,40.74,15.87,10.0,0.308,0.357,0.308,0.665,0.0,663538
SI,Sinker,FB,57,12.05,16,16,0,0.0,0,0.0,26,1,3.85,1.75,11,19.3,21.05,19.23,3.97,0.0,0.312,0.312,0.312,0.624,0.0,663538
SL,Slider,BR,39,8.25,10,9,1,10.0,0,0.0,17,1,5.88,2.56,9,23.08,25.64,36.84,10.32,7.69,0.333,0.3,0.333,0.633,0.0,663538
ST,Sweeper,BR,33,6.98,5,5,1,20.0,0,0.0,19,4,21.05,12.12,5,15.15,27.27,43.75,9.52,8.33,0.0,0.0,0.0,0.0,0.0,663538
FC,Cutter,FB,30,6.34,12,11,0,0.0,0,0.0,18,2,11.11,6.67,6,20.0,26.67,46.15,3.97,0.0,0.364,0.417,0.818,1.235,0.4539999999999999,663538
KC,Knuckle Curve,BR,3,0.63,2,2,0,0.0,0,0.0,2,0,0.0,0.0,0,0.0,0.0,,0.0,,1.0,1.0,3.0,4.0,2.0,663538
FS,Split-Finger,OS,2,0.42,0,0,0,,0,,1,0,0.0,0.0,0,0.0,0.0,50.0,1.59,0.0,,,,,,663538
FA,Other,,2,0.42,1,1,0,0.0,0,0.0,1,0,0.0,0.0,0,0.0,0.0,0.0,0.0,,1.0,1.0,1.0,2.0,0.0,663538
CS,Slow Curve,BR,1,0.21,0,0,0,,0,,0,0,,0.0,0,0.0,0.0,0.0,0.0,,,,,,,663538
FF,4-Seam Fastball,FB,20,32.26,8,7,3,37.5,0,0.0,14,4,28.57,20.0,2,10.0,30.0,60.0,33.33,50.0,0.0,0.0,0.0,0.0,0.0,663584
SI,Sinker,FB,12,19.35,1,1,1,100.0,0,0.0,6,3,50.0,25.0,5,41.67,66.67,50.0,16.67,33.33,0.0,0.0,0.0,0.0,0.0,663584
CU,Curveball,BR,8,12.9,3,3,1,33.33,0,0.0,4,1,25.0,12.5,3,37.5,50.0,66.67,16.67,33.33,0.0,0.0,0.0,0.0,0.0,663584
SL,Slider,BR,7,11.29,2,2,1,50.0,0,0.0,3,1,33.33,14.29,0,0.0,14.29,25.0,11.11,50.0,0.5,0.5,0.5,1.0,0.0,663584
FC,Cutter,FB,6,9.68,1,1,0,0.0,0,0.0,3,0,0.0,0.0,1,16.67,16.67,25.0,0.0,,1.0,1.0,1.0,2.0,0.0,663584
CH,Changeup,OS,5,8.06,2,2,2,100.0,0,0.0,4,4,100.0,80.0,0,0.0,80.0,66.67,16.67,66.67,0.0,0.0,0.0,0.0,0.0,663584
ST,Sweeper,BR,4,6.45,1,0,0,0.0,0,0.0,1,0,0.0,0.0,2,50.0,50.0,0.0,5.56,0.0,,1.0,,,,663584
FF,4-Seam Fastball,FB,150,38.76,40,38,9,22.5,2,5.0,83,13,15.66,8.67,18,12.0,20.67,16.98,42.72,20.45,0.289,0.325,0.579,0.904,0.29,663586
CH,Changeup,OS,71,18.35,21,19,3,14.29,2,9.52,33,11,33.33,15.49,9,12.68,28.17,27.5,14.56,20.0,0.211,0.286,0.211,0.497,0.0,663586
SL,Slider,BR,46,11.89,12,11,4,33.33,1,8.33,24,9,37.5,19.57,5,10.87,30.43,29.17,18.45,21.05,0.182,0.25,0.455,0.7050000000000001,0.273,663586
CU,Curveball,BR,33,8.53,5,5,2,40.0,0,0.0,13,4,30.77,12.12,7,21.21,33.33,14.29,5.83,33.33,0.2,0.2,0.2,0.4,0.0,663586
SI,Sinker,FB,32,8.27,7,7,0,0.0,0,0.0,12,4,33.33,12.5,5,15.62,28.12,11.76,2.91,0.0,0.429,0.429,0.571,1.0,0.1419999999999999,663586
FC,Cutter,FB,22,5.68,9,9,1,11.11,0,0.0,13,3,23.08,13.64,2,9.09,22.73,41.67,4.85,20.0,0.333,0.333,0.333,0.666,0.0,663586
ST,Sweeper,BR,16,4.13,4,4,1,25.0,0,0.0,8,4,50.0,25.0,2,12.5,37.5,44.44,3.88,25.0,0.25,0.25,0.25,0.5,0.0,663586
FS,Split-Finger,OS,9,2.33,1,1,1,100.0,0,0.0,3,2,66.67,22.22,1,11.11,33.33,20.0,4.85,20.0,0.0,0.0,0.0,0.0,0.0,663586
KC,Knuckle Curve,BR,5,1.29,1,1,1,100.0,0,0.0,1,1,100.0,20.0,0,0.0,20.0,20.0,0.97,100.0,0.0,0.0,0.0,0.0,0.0,663586
CS,Slow Curve,BR,2,0.52,1,1,0,0.0,0,0.0,1,0,0.0,0.0,1,50.0,50.0,,0.97,0.0,0.0,0.0,0.0,0.0,0.0,663586
SV,Slurve,BR,1,0.26,0,0,0,,0,,1,0,0.0,0.0,0,0.0,0.0,,0.0,,,,,,,663586
FF,4-Seam Fastball,FB,128,44.6,25,22,6,24.0,2,8.0,63,12,19.05,9.38,23,17.97,27.34,26.0,47.06,12.5,0.273,0.333,0.455,0.788,0.182,663604
CH,Changeup,OS,45,15.68,11,10,4,36.36,1,9.09,26,14,53.85,31.11,2,4.44,35.56,43.33,18.63,21.05,0.1,0.182,0.2,0.382,0.1,663604
SL,Slider,BR,35,12.2,13,12,3,23.08,1,7.69,22,7,31.82,20.0,3,8.57,28.57,43.75,11.76,25.0,0.25,0.308,0.333,0.641,0.083,663604
SI,Sinker,FB,32,11.15,8,7,2,25.0,0,0.0,13,2,15.38,6.25,10,31.25,37.5,18.18,3.92,50.0,0.143,0.143,0.143,0.286,0.0,663604
ST,Sweeper,BR,15,5.23,6,6,0,0.0,0,0.0,9,0,0.0,0.0,2,13.33,13.33,33.33,8.82,0.0,0.167,0.167,0.333,0.5,0.166,663604
CU,Curveball,BR,13,4.53,3,3,1,33.33,0,0.0,6,2,33.33,15.38,4,30.77,46.15,0.0,3.92,25.0,0.0,0.0,0.0,0.0,0.0,663604
FS,Split-Finger,OS,9,3.14,2,2,0,0.0,0,0.0,4,0,0.0,0.0,2,22.22,22.22,25.0,2.94,0.0,0.0,0.0,0.0,0.0,0.0,663604
KC,Knuckle Curve,BR,5,1.74,2,2,2,100.0,0,0.0,3,2,66.67,40.0,0,0.0,40.0,50.0,1.96,100.0,0.0,0.0,0.0,0.0,0.0,663604
FC,Cutter,FB,3,1.05,2,2,0,0.0,0,0.0,2,0,0.0,0.0,0,0.0,0.0,0.0,0.0,,1.0,1.0,1.0,2.0,0.0,663604
SV,Slurve,BR,2,0.7,1,1,0,0.0,0,0.0,2,0,0.0,0.0,0,0.0,0.0,,0.98,0.0,0.0,0.0,0.0,0.0,0.0,663604
FF,4-Seam Fastball,FB,59,40.41,12,9,4,33.33,3,25.0,26,10,38.46,16.95,8,13.56,30.51,23.33,42.22,21.05,0.222,0.417,0.333,0.75,0.111,663609
SI,Sinker,FB,26,17.81,10,8,2,20.0,2,20.0,10,2,20.0,7.69,6,23.08,30.77,0.0,11.11,40.0,0.125,0.3,0.25,0.55,0.125,663609
CH,Changeup,OS,25,17.12,6,5,0,0.0,1,16.67,11,4,36.36,16.0,2,8.0,24.0,20.0,22.22,0.0,0.6,0.667,0.8,1.467,0.2,663609
SL,Slider,BR,14,9.59,4,3,3,75.0,1,25.0,3,2,66.67,14.29,5,35.71,50.0,12.5,13.33,50.0,0.0,0.25,0.0,0.25,0.0,663609
FC,Cutter,FB,9,6.16,0,0,0,,0,,5,1,20.0,11.11,1,11.11,22.22,0.0,4.44,0.0,,,,,,663609
CU,Curveball,BR,8,5.48,2,2,0,0.0,0,0.0,3,1,33.33,12.5,1,12.5,25.0,25.0,4.44,0.0,1.0,1.0,1.0,2.0,0.0,663609
ST,Sweeper,BR,4,2.74,0,0,0,,0,,1,1,100.0,25.0,0,0.0,25.0,0.0,2.22,0.0,,,,,,663609
SV,Slurve,BR,1,0.68,0,0,0,,0,,0,0,,0.0,0,0.0,0.0,0.0,0.0,,,,,,,663609
FF,4-Seam Fastball,FB,123,27.46,42,38,7,16.67,4,9.52,56,12,21.43,9.76,25,20.33,30.08,22.64,26.45,21.88,0.211,0.286,0.263,0.5489999999999999,0.052,663616
SI,Sinker,FB,115,25.67,25,23,5,20.0,2,8.0,41,9,21.95,7.83,31,26.96,34.78,17.65,18.18,22.73,0.304,0.36,0.478,0.838,0.174,663616
SL,Slider,BR,104,23.21,27,26,9,33.33,0,0.0,55,26,47.27,25.0,17,16.35,41.35,43.14,22.31,33.33,0.346,0.333,0.423,0.756,0.077,663616
ST,Sweeper,BR,53,11.83,12,10,4,33.33,1,8.33,21,11,52.38,20.75,8,15.09,35.85,27.03,15.7,21.05,0.0,0.167,0.0,0.167,0.0,663616
CU,Curveball,BR,22,4.91,7,5,3,42.86,1,14.29,10,6,60.0,27.27,0,0.0,27.27,25.0,9.92,25.0,0.2,0.286,0.2,0.486,0.0,663616
FC,Cutter,FB,17,3.79,3,2,1,33.33,1,33.33,6,4,66.67,23.53,2,11.76,35.29,18.18,2.48,33.33,0.0,0.333,0.0,0.333,0.0,663616
SV,Slurve,BR,6,1.34,1,1,1,100.0,0,0.0,3,2,66.67,33.33,0,0.0,33.33,40.0,1.65,50.0,0.0,0.0,0.0,0.0,0.0,663616
CH,Changeup,OS,5,1.12,1,1,0,0.0,0,0.0,4,1,25.0,20.0,0,0.0,20.0,66.67,2.48,0.0,0.0,0.0,0.0,0.0,0.0,663616
KC,Knuckle Curve,BR,3,0.67,0,0,0,,0,,0,0,,0.0,1,33.33,33.33,0.0,0.83,0.0,,,,,,663616
FF,4-Seam Fastball,FB,122,35.47,33,29,5,15.15,3,9.09,72,12,16.67,9.84,15,12.3,22.13,32.14,33.04,13.51,0.241,0.303,0.241,0.544,0.0,663624
CH,Changeup,OS,78,22.67,20,19,8,40.0,0,0.0,47,26,55.32,33.33,6,7.69,41.03,46.0,27.68,25.81,0.263,0.3,0.316,0.616,0.0529999999999999,663624
SL,Slider,BR,30,8.72,5,5,3,60.0,0,0.0,14,6,42.86,20.0,6,20.0,40.0,47.37,10.71,25.0,0.4,0.4,0.6,1.0,0.1999999999999999,663624
FC,Cutter,FB,30,8.72,10,9,0,0.0,1,10.0,17,3,17.65,10.0,4,13.33,23.33,37.5,6.25,0.0,0.556,0.6,0.556,1.156,0.0,663624
SI,Sinker,FB,28,8.14,6,6,3,50.0,0,0.0,16,6,37.5,21.43,6,21.43,42.86,25.0,7.14,37.5,0.333,0.333,0.333,0.666,0.0,663624
CU,Curveball,BR,25,7.27,8,8,2,25.0,0,0.0,19,8,42.11,32.0,1,4.0,36.0,66.67,8.04,22.22,0.0,0.0,0.0,0.0,0.0,663624
ST,Sweeper,BR,20,5.81,4,4,2,50.0,0,0.0,9,4,44.44,20.0,5,25.0,45.0,25.0,4.46,40.0,0.0,0.0,0.0,0.0,0.0,663624
FS,Split-Finger,OS,6,1.74,2,2,0,0.0,0,0.0,3,0,0.0,0.0,0,0.0,0.0,0.0,1.79,0.0,0.0,0.0,0.0,0.0,0.0,663624
SV,Slurve,BR,3,0.87,1,1,0,0.0,0,0.0,2,0,0.0,0.0,0,0.0,0.0,66.67,0.89,0.0,0.0,0.0,0.0,0.0,0.0,663624
KC,Knuckle Curve,BR,2,0.58,1,1,0,0.0,0,0.0,2,1,50.0,50.0,0,0.0,50.0,100.0,0.0,,1.0,1.0,2.0,3.0,1.0,663624
FF,4-Seam Fastball,FB,147,30.43,35,32,10,28.57,3,8.57,70,12,17.14,8.16,28,19.05,27.21,24.66,32.56,23.81,0.094,0.171,0.156,0.327,0.062,663647
SI,Sinker,FB,100,20.7,31,30,4,12.9,1,3.23,45,3,6.67,3.0,27,27.0,30.0,29.73,13.95,22.22,0.233,0.258,0.233,0.491,0.0,663647
CH,Changeup,OS,95,19.67,21,21,3,14.29,0,0.0,42,10,23.81,10.53,4,4.21,14.74,26.15,20.16,11.54,0.238,0.238,0.238,0.476,0.0,663647
CU,Curveball,BR,41,8.49,11,10,5,45.45,0,0.0,15,6,40.0,14.63,13,31.71,46.34,27.78,9.3,41.67,0.1,0.091,0.1,0.191,0.0,663647
SL,Slider,BR,31,6.42,8,8,1,12.5,0,0.0,16,3,18.75,9.68,5,16.13,25.81,50.0,6.98,11.11,0.5,0.5,0.625,1.125,0.125,663647
FC,Cutter,FB,31,6.42,7,5,0,0.0,2,28.57,17,3,17.65,9.68,6,19.35,29.03,40.0,7.75,0.0,0.2,0.429,0.4,0.829,0.2,663647
ST,Sweeper,BR,20,4.14,4,4,2,50.0,0,0.0,7,0,0.0,0.0,7,35.0,35.0,25.0,4.65,33.33,0.5,0.5,0.75,1.25,0.25,663647
FS,Split-Finger,OS,11,2.28,2,2,0,0.0,0,0.0,5,1,20.0,9.09,0,0.0,9.09,33.33,3.88,0.0,0.0,0.0,0.0,0.0,0.0,663647
,,,4,0.83,1,0,0,0.0,1,100.0,0,0,,0.0,0,0.0,0.0,,0.0,,,1.0,,,,663647
KC,Knuckle Curve,BR,3,0.62,1,1,0,0.0,0,0.0,1,0,0.0,0.0,0,0.0,0.0,33.33,0.78,0.0,1.0,1.0,1.0,2.0,0.0,663647
FF,4-Seam Fastball,FB,216,28.53,48,44,9,18.75,4,8.33,91,16,17.58,7.41,41,18.98,26.39,9.09,23.19,18.75,0.318,0.375,0.636,1.011,0.318,663656
SI,Sinker,FB,159,21.0,45,37,3,6.67,7,15.56,73,7,9.59,4.4,26,16.35,20.75,28.17,14.49,10.0,0.297,0.409,0.459,0.868,0.162,663656
SL,Slider,BR,149,19.68,38,35,6,15.79,3,7.89,74,16,21.62,10.74,11,7.38,18.12,15.94,23.19,12.5,0.229,0.289,0.343,0.632,0.114,663656
FC,Cutter,FB,72,9.51,18,14,2,11.11,4,22.22,34,6,17.65,8.33,8,11.11,19.44,6.9,6.76,14.29,0.071,0.278,0.071,0.349,0.0,663656
ST,Sweeper,BR,71,9.38,19,15,2,10.53,3,15.79,34,8,23.53,11.27,6,8.45,19.72,15.79,12.08,8.0,0.333,0.474,0.333,0.8069999999999999,0.0,663656
CU,Curveball,BR,44,5.81,15,13,2,13.33,1,6.67,23,5,21.74,11.36,4,9.09,20.45,22.73,7.73,12.5,0.385,0.467,0.769,1.236,0.384,663656
CH,Changeup,OS,38,5.02,9,8,6,66.67,1,11.11,18,6,33.33,15.79,2,5.26,21.05,19.05,10.63,27.27,0.125,0.222,0.5,0.722,0.375,663656
KC,Knuckle Curve,BR,4,0.53,1,1,1,100.0,0,0.0,2,2,100.0,50.0,0,0.0,50.0,33.33,1.45,33.33,0.0,0.0,0.0,0.0,0.0,663656
SV,Slurve,BR,4,0.53,0,0,0,,0,,2,1,50.0,25.0,0,0.0,25.0,0.0,0.48,0.0,,,,,,663656
CH,Changeup,OS,25,21.01,4,4,2,50.0,0,0.0,13,7,53.85,28.0,1,4.0,32.0,38.89,18.75,33.33,0.25,0.25,1.0,1.25,0.75,663662
FF,4-Seam Fastball,FB,24,20.17,5,5,1,20.0,0,0.0,14,3,21.43,12.5,3,12.5,25.0,33.33,18.75,16.67,0.4,0.4,0.4,0.8,0.0,663662
SI,Sinker,FB,19,15.97,8,8,2,25.0,0,0.0,14,4,28.57,21.05,1,5.26,26.32,0.0,6.25,100.0,0.25,0.25,0.375,0.625,0.125,663662
FC,Cutter,FB,16,13.45,4,4,0,0.0,0,0.0,10,1,10.0,6.25,2,12.5,18.75,66.67,9.38,0.0,0.25,0.25,0.25,0.5,0.0,663662
ST,Sweeper,BR,13,10.92,4,4,1,25.0,0,0.0,7,1,14.29,7.69,3,23.08,30.77,40.0,15.62,20.0,0.0,0.0,0.0,0.0,0.0,663662
SL,Slider,BR,12,10.08,5,5,4,80.0,0,0.0,3,1,33.33,8.33,5,41.67,50.0,0.0,15.62,80.0,0.0,0.0,0.0,0.0,0.0,663662
CU,Curveball,BR,5,4.2,1,1,1,100.0,0,0.0,1,1,100.0,20.0,1,20.0,40.0,25.0,3.12,100.0,0.0,0.0,0.0,0.0,0.0,663662
FS,Split-Finger,OS,5,4.2,1,1,0,0.0,0,0.0,4,0,0.0,0.0,0,0.0,0.0,66.67,12.5,0.0,0.0,0.0,0.0,0.0,0.0,663662
FF,4-Seam Fastball,FB,184,38.1,50,40,8,16.0,7,14.0,71,12,16.9,6.52,38,20.65,27.17,12.2,39.74,13.33,0.225,0.36,0.3,0.6599999999999999,0.0749999999999999,663697
SI,Sinker,FB,74,15.32,19,16,4,21.05,3,15.79,24,3,12.5,4.05,25,33.78,37.84,0.0,13.91,19.05,0.125,0.263,0.125,0.388,0.0,663697
CH,Changeup,OS,72,14.91,12,12,3,25.0,0,0.0,29,9,31.03,12.5,14,19.44,31.94,23.08,14.57,13.64,0.167,0.167,0.417,0.584,0.2499999999999999,663697
SL,Slider,BR,48,9.94,8,8,4,50.0,0,0.0,19,7,36.84,14.58,11,22.92,37.5,25.0,12.58,21.05,0.375,0.375,0.75,1.125,0.375,663697
FC,Cutter,FB,44,9.11,10,9,2,20.0,0,0.0,23,5,21.74,11.36,5,11.36,22.73,20.0,7.28,18.18,0.111,0.111,0.111,0.222,0.0,663697
CU,Curveball,BR,33,6.83,9,7,1,11.11,0,0.0,8,1,12.5,3.03,8,24.24,27.27,5.26,3.97,16.67,0.714,0.778,0.714,1.492,0.0,663697
ST,Sweeper,BR,21,4.35,1,1,1,100.0,0,0.0,7,1,14.29,4.76,5,23.81,28.57,11.11,6.62,10.0,0.0,0.0,0.0,0.0,0.0,663697
CS,Slow Curve,BR,4,0.83,1,1,0,0.0,0,0.0,2,1,50.0,25.0,2,50.0,75.0,,0.66,0.0,1.0,1.0,1.0,2.0,0.0,663697
KC,Knuckle Curve,BR,2,0.41,1,1,0,0.0,0,0.0,1,0,0.0,0.0,1,50.0,50.0,,0.66,0.0,0.0,0.0,0.0,0.0,0.0,663697
FS,Split-Finger,OS,1,0.21,0,0,0,,0,,0,0,,0.0,1,100.0,100.0,,0.0,,,,,,,663697
FF,4-Seam Fastball,FB,124,36.36,35,28,7,20.0,7,20.0,59,12,20.34,9.68,16,12.9,22.58,14.29,45.05,17.07,0.429,0.543,0.714,1.257,0.285,663698
CH,Changeup,OS,47,13.78,12,11,1,8.33,1,8.33,19,6,31.58,12.77,4,8.51,21.28,17.24,9.89,11.11,0.455,0.5,0.545,1.045,0.09,663698
SL,Slider,BR,45,13.2,12,11,8,66.67,1,8.33,22,10,45.45,22.22,5,11.11,33.33,39.29,16.48,53.33,0.0,0.083,0.0,0.083,0.0,663698
CU,Curveball,BR,44,12.9,11,9,7,63.64,2,18.18,12,7,58.33,15.91,17,38.64,54.55,34.78,16.48,46.67,0.0,0.182,0.0,0.182,0.0,663698
SI,Sinker,FB,29,8.5,8,7,0,0.0,1,12.5,15,2,13.33,6.9,2,6.9,13.79,13.33,1.1,0.0,0.429,0.5,0.857,1.357,0.428,663698
ST,Sweeper,BR,18,5.28,2,2,1,50.0,0,0.0,4,1,25.0,5.56,3,16.67,22.22,9.09,3.3,33.33,0.0,0.0,0.0,0.0,0.0,663698
FC,Cutter,FB,18,5.28,4,3,1,25.0,1,25.0,7,3,42.86,16.67,4,22.22,38.89,30.0,2.2,50.0,0.667,0.75,0.667,1.417,0.0,663698
FS,Split-Finger,OS,8,2.35,1,0,0,0.0,1,100.0,3,1,33.33,12.5,0,0.0,12.5,16.67,2.2,0.0,,1.0,,,,663698
KC,Knuckle Curve,BR,8,2.35,1,1,1,100.0,0,0.0,1,1,100.0,12.5,3,37.5,50.0,20.0,3.3,33.33,0.0,0.0,0.0,0.0,0.0,663698
FF,4-Seam Fastball,FB,259,31.06,68,63,22,32.35,4,5.88,152,49,32.24,18.92,31,11.97,30.89,34.51,31.8,26.51,0.286,0.338,0.778,1.116,0.492,663728
CH,Changeup,OS,155,18.59,35,32,7,20.0,3,8.57,74,31,41.89,20.0,5,3.23,23.23,32.41,19.92,13.46,0.25,0.314,0.719,1.033,0.469,663728
CU,Curveball,BR,102,12.23,28,25,10,35.71,3,10.71,51,20,39.22,19.61,16,15.69,35.29,38.6,13.03,29.41,0.2,0.286,0.24,0.526,0.0399999999999999,663728
SL,Slider,BR,88,10.55,21,20,7,33.33,1,4.76,47,24,51.06,27.27,9,10.23,37.5,29.79,7.28,36.84,0.4,0.429,0.65,1.079,0.25,663728
SI,Sinker,FB,72,8.63,17,15,3,17.65,2,11.76,36,6,16.67,8.33,14,19.44,27.78,31.03,7.28,15.79,0.4,0.471,1.067,1.5379999999999998,0.6669999999999999,663728
ST,Sweeper,BR,64,7.67,12,10,5,41.67,2,16.67,36,11,30.56,17.19,8,12.5,29.69,45.71,11.49,16.67,0.1,0.25,0.4,0.65,0.3,663728
FC,Cutter,FB,61,7.31,12,9,4,33.33,2,16.67,42,17,40.48,27.87,5,8.2,36.07,46.67,5.75,20.0,0.111,0.333,0.444,0.777,0.333,663728
KC,Knuckle Curve,BR,12,1.44,4,4,1,25.0,0,0.0,7,2,28.57,16.67,0,0.0,16.67,44.44,0.77,50.0,0.5,0.5,1.25,1.75,0.75,663728
FS,Split-Finger,OS,9,1.08,3,3,0,0.0,0,0.0,7,2,28.57,22.22,1,11.11,33.33,66.67,1.15,0.0,0.667,0.667,1.667,2.334,1.0,663728
SV,Slurve,BR,8,0.96,4,4,2,50.0,0,0.0,5,1,20.0,12.5,2,25.0,37.5,33.33,1.53,50.0,0.25,0.25,0.25,0.5,0.0,663728
,,,4,0.48,1,0,0,0.0,1,100.0,0,0,,0.0,0,0.0,0.0,,0.0,,,1.0,,,,663728
FF,4-Seam Fastball,FB,7,43.75,1,1,0,0.0,0,0.0,4,2,50.0,28.57,1,14.29,42.86,0.0,25.0,0.0,0.0,0.0,0.0,0.0,0.0,663731
CU,Curveball,BR,4,25.0,2,2,1,50.0,0,0.0,2,1,50.0,25.0,1,25.0,50.0,50.0,50.0,50.0,0.5,0.5,1.0,1.5,0.5,663731
KC,Knuckle Curve,BR,2,12.5,1,1,0,0.0,0,0.0,1,0,0.0,0.0,1,50.0,50.0,,0.0,,0.0,0.0,0.0,0.0,0.0,663731
CH,Changeup,OS,1,6.25,0,0,0,,0,,0,0,,0.0,0,0.0,0.0,0.0,0.0,,,,,,,663731
FC,Cutter,FB,1,6.25,0,0,0,,0,,0,0,,0.0,0,0.0,0.0,0.0,0.0,,,,,,,663731
FS,Split-Finger,OS,1,6.25,1,1,1,100.0,0,0.0,1,1,100.0,100.0,0,0.0,100.0,100.0,25.0,100.0,0.0,0.0,0.0,0.0,0.0,663731
FF,4-Seam Fastball,FB,149,32.46,40,36,7,17.5,3,7.5,81,11,13.58,7.38,26,17.45,24.83,42.86,35.71,12.73,0.25,0.3,0.333,0.633,0.083,663743
CH,Changeup,OS,82,17.86,22,22,4,18.18,0,0.0,43,9,20.93,10.98,5,6.1,17.07,32.0,18.83,13.79,0.273,0.273,0.364,0.637,0.0909999999999999,663743
SI,Sinker,FB,64,13.94,22,21,3,13.64,1,4.55,29,0,0.0,0.0,18,28.12,28.12,30.0,9.74,20.0,0.095,0.136,0.095,0.231,0.0,663743
SL,Slider,BR,53,11.55,11,9,4,36.36,2,18.18,26,8,30.77,15.09,7,13.21,28.3,26.92,16.23,16.0,0.111,0.273,0.111,0.384,0.0,663743
CU,Curveball,BR,49,10.68,6,6,2,33.33,0,0.0,13,2,15.38,4.08,12,24.49,28.57,14.29,7.79,16.67,0.333,0.333,0.333,0.666,0.0,663743
FC,Cutter,FB,23,5.01,8,7,0,0.0,1,12.5,14,2,14.29,8.7,3,13.04,21.74,37.5,3.9,0.0,0.286,0.375,0.857,1.232,0.571,663743
ST,Sweeper,BR,17,3.7,3,2,0,0.0,0,0.0,5,0,0.0,0.0,5,29.41,29.41,0.0,2.6,0.0,0.0,0.333,0.0,0.333,0.0,663743
FS,Split-Finger,OS,12,2.61,2,2,1,50.0,0,0.0,7,3,42.86,25.0,2,16.67,41.67,50.0,3.25,20.0,0.5,0.5,0.5,1.0,0.0,663743
SV,Slurve,BR,5,1.09,1,0,0,0.0,0,0.0,0,0,,0.0,1,20.0,20.0,0.0,0.65,0.0,,1.0,,,,663743
KC,Knuckle Curve,BR,4,0.87,0,0,0,,0,,1,0,0.0,0.0,1,25.0,25.0,0.0,1.3,0.0,,,,,,663743
UN,Unknown,,1,0.22,0,0,0,,0,,0,0,,0.0,0,0.0,0.0,0.0,0.0,,,,,,,663743
FF,4-Seam Fastball,FB,177,27.61,50,44,13,26.0,5,10.0,79,20,25.32,11.3,36,20.34,31.64,12.9,27.42,25.49,0.227,0.306,0.591,0.897,0.364,663757
SI,Sinker,FB,169,26.37,37,29,8,21.62,7,18.92,63,9,14.29,5.33,38,22.49,27.81,20.83,18.28,23.53,0.207,0.378,0.414,0.792,0.207,663757
SL,Slider,BR,126,19.66,26,24,12,46.15,2,7.69,44,17,38.64,13.49,34,26.98,40.48,23.81,22.58,28.57,0.125,0.192,0.125,0.317,0.0,663757
ST,Sweeper,BR,72,11.23,19,17,1,5.26,2,10.53,31,5,16.13,6.94,11,15.28,22.22,15.15,13.44,4.0,0.176,0.263,0.176,0.439,0.0,663757
FC,Cutter,FB,38,5.93,8,6,1,12.5,2,25.0,17,5,29.41,13.16,8,21.05,34.21,31.25,4.3,12.5,0.333,0.5,0.333,0.833,0.0,663757
CU,Curveball,BR,21,3.28,6,5,4,66.67,1,16.67,7,3,42.86,14.29,1,4.76,19.05,18.75,6.45,33.33,0.0,0.167,0.0,0.167,0.0,663757
CH,Changeup,OS,20,3.12,7,5,1,14.29,2,28.57,6,1,16.67,5.0,3,15.0,20.0,8.33,5.38,10.0,0.0,0.286,0.0,0.286,0.0,663757
KC,Knuckle Curve,BR,15,2.34,2,2,1,50.0,0,0.0,3,2,66.67,13.33,2,13.33,26.67,16.67,2.15,25.0,0.0,0.0,0.0,0.0,0.0,663757
FA,Other,,2,0.31,1,0,0,0.0,0,0.0,0,0,,0.0,0,0.0,0.0,0.0,0.0,,,1.0,,,,663757
CS,Slow Curve,BR,1,0.16,0,0,0,,0,,0,0,,0.0,1,100.0,100.0,,0.0,,,,,,,663757
SL,Slider,BR,8,34.78,2,2,1,50.0,0,0.0,3,2,66.67,25.0,5,62.5,87.5,75.0,33.33,100.0,0.5,0.5,0.5,1.0,0.0,663796
FF,4-Seam Fastball,FB,6,26.09,3,3,1,33.33,0,0.0,2,0,0.0,0.0,2,33.33,33.33,0.0,66.67,50.0,0.333,0.333,0.333,0.666,0.0,663796
CH,Changeup,OS,4,17.39,3,3,0,0.0,0,0.0,3,0,0.0,0.0,0,0.0,0.0,50.0,0.0,,0.0,0.0,0.0,0.0,0.0,663796
CU,Curveball,BR,4,17.39,0,0,0,,0,,1,0,0.0,0.0,1,25.0,25.0,33.33,0.0,,,,,,,663796
FC,Cutter,FB,1,4.35,0,0,0,,0,,0,0,,0.0,0,0.0,0.0,0.0,0.0,,,,,,,663796
FF,4-Seam Fastball,FB,70,35.18,16,14,2,12.5,2,12.5,40,3,7.5,4.29,7,10.0,14.29,24.14,40.28,6.9,0.429,0.5,0.714,1.214,0.285,663837
CH,Changeup,OS,34,17.09,9,9,3,33.33,0,0.0,20,6,30.0,17.65,3,8.82,26.47,50.0,18.06,23.08,0.222,0.222,0.222,0.444,0.0,663837
CU,Curveball,BR,25,12.56,3,1,0,0.0,1,33.33,6,0,0.0,0.0,6,24.0,24.0,0.0,9.72,0.0,0.0,0.333,0.0,0.333,0.0,663837
SL,Slider,BR,22,11.06,5,5,3,60.0,0,0.0,7,4,57.14,18.18,6,27.27,45.45,22.22,9.72,42.86,0.2,0.2,0.2,0.4,0.0,663837
SI,Sinker,FB,19,9.55,3,3,1,33.33,0,0.0,7,1,14.29,5.26,6,31.58,36.84,44.44,8.33,16.67,0.667,0.667,0.667,1.334,0.0,663837
ST,Sweeper,BR,15,7.54,3,2,1,33.33,0,0.0,1,0,0.0,0.0,6,40.0,40.0,0.0,4.17,33.33,0.0,0.333,0.0,0.333,0.0,663837
FC,Cutter,FB,12,6.03,4,4,1,25.0,0,0.0,5,0,0.0,0.0,4,33.33,33.33,25.0,9.72,14.29,0.0,0.0,0.0,0.0,0.0,663837
SV,Slurve,BR,2,1.01,0,0,0,,0,,0,0,,0.0,0,0.0,0.0,0.0,0.0,,,,,,,663837
FF,4-Seam Fastball,FB,157,29.85,42,39,10,23.81,3,7.14,90,14,15.56,8.92,20,12.74,21.66,27.54,30.56,22.73,0.359,0.405,0.667,1.072,0.308,663853
CH,Changeup,OS,122,23.19,33,30,7,21.21,3,9.09,66,27,40.91,22.13,8,6.56,28.69,37.18,27.08,17.95,0.267,0.333,0.433,0.766,0.1659999999999999,663853
SL,Slider,BR,58,11.03,16,16,5,31.25,0,0.0,28,5,17.86,8.62,10,17.24,25.86,25.93,14.58,23.81,0.062,0.062,0.25,0.312,0.188,663853
CU,Curveball,BR,48,9.13,12,12,3,25.0,0,0.0,21,10,47.62,20.83,11,22.92,43.75,38.46,6.25,33.33,0.333,0.333,0.75,1.083,0.417,663853
FC,Cutter,FB,48,9.13,14,13,2,14.29,1,7.14,26,9,34.62,18.75,4,8.33,27.08,28.0,7.64,18.18,0.385,0.429,0.692,1.121,0.3069999999999999,663853
SI,Sinker,FB,46,8.75,13,9,1,7.69,2,15.38,22,5,22.73,10.87,12,26.09,36.96,28.57,4.86,14.29,0.556,0.538,0.778,1.316,0.2219999999999999,663853
ST,Sweeper,BR,21,3.99,6,5,0,0.0,1,16.67,8,1,12.5,4.76,3,14.29,19.05,23.08,4.17,0.0,0.8,0.833,1.6,2.433,0.8,663853
KC,Knuckle Curve,BR,16,3.04,3,3,2,66.67,0,0.0,7,4,57.14,25.0,4,25.0,50.0,53.85,3.47,40.0,0.333,0.333,0.333,0.666,0.0,663853
FS,Split-Finger,OS,5,0.95,3,3,2,66.67,0,0.0,5,4,80.0,80.0,0,0.0,80.0,100.0,1.39,100.0,0.333,0.333,0.333,0.666,0.0,663853
,,,5,0.95,1,0,0,0.0,1,100.0,0,0,,0.0,0,0.0,0.0,,0.0,,,1.0,,,,663853
FF,4-Seam Fastball,FB,119,36.5,30,22,5,16.67,8,26.67,53,9,16.98,7.56,17,14.29,21.85,21.67,40.0,11.36,0.318,0.5,0.591,1.091,0.2729999999999999,663886
CH,Changeup,OS,61,18.71,14,13,3,21.43,1,7.14,31,12,38.71,19.67,4,6.56,26.23,25.0,20.91,13.04,0.077,0.143,0.077,0.2199999999999999,0.0,663886
SL,Slider,BR,41,12.58,10,10,4,40.0,0,0.0,20,9,45.0,21.95,4,9.76,31.71,21.05,14.55,25.0,0.3,0.3,0.5,0.8,0.2,663886
SI,Sinker,FB,36,11.04,7,6,0,0.0,0,0.0,13,1,7.69,2.78,5,13.89,16.67,14.29,9.09,0.0,0.333,0.429,0.5,0.929,0.1669999999999999,663886
ST,Sweeper,BR,23,7.06,3,2,1,33.33,1,33.33,6,1,16.67,4.35,3,13.04,17.39,6.67,5.45,16.67,0.0,0.333,0.0,0.333,0.0,663886
FC,Cutter,FB,21,6.44,4,3,2,50.0,1,25.0,8,4,50.0,19.05,5,23.81,42.86,12.5,3.64,50.0,0.0,0.25,0.0,0.25,0.0,663886
CU,Curveball,BR,14,4.29,2,2,0,0.0,0,0.0,5,3,60.0,21.43,3,21.43,42.86,14.29,4.55,0.0,1.0,1.0,2.5,3.5,1.5,663886
FS,Split-Finger,OS,6,1.84,2,2,0,0.0,0,0.0,2,0,0.0,0.0,1,16.67,16.67,0.0,0.91,0.0,0.0,0.0,0.0,0.0,0.0,663886
,,,3,0.92,1,0,0,0.0,1,100.0,0,0,,0.0,0,0.0,0.0,,0.0,,,1.0,,,,663886
KC,Knuckle Curve,BR,1,0.31,0,0,0,,0,,1,0,0.0,0.0,0,0.0,0.0,,0.0,,,,,,,663886
SV,Slurve,BR,1,0.31,1,1,1,100.0,0,0.0,1,1,100.0,100.0,0,0.0,100.0,100.0,0.91,100.0,0.0,0.0,0.0,0.0,0.0,663886
SI,Sinker,FB,8,25.81,2,2,0,0.0,0,0.0,6,2,33.33,25.0,0,0.0,25.0,0.0,12.5,0.0,0.5,0.5,1.0,1.5,0.5,663897
CH,Changeup,OS,7,22.58,4,4,3,75.0,0,0.0,6,4,66.67,57.14,1,14.29,71.43,100.0,37.5,100.0,0.0,0.0,0.0,0.0,0.0,663897
,,,5,16.13,1,1,0,0.0,0,0.0,3,0,0.0,0.0,1,20.0,20.0,,37.5,0.0,0.0,0.0,0.0,0.0,0.0,663897
FF,4-Seam Fastball,FB,4,12.9,1,1,0,0.0,0,0.0,1,0,0.0,0.0,2,50.0,50.0,0.0,0.0,,0.0,0.0,0.0,0.0,0.0,663897
ST,Sweeper,BR,4,12.9,1,1,0,0.0,0,0.0,3,1,33.33,25.0,0,0.0,25.0,0.0,12.5,0.0,1.0,1.0,1.0,2.0,0.0,663897
CU,Curveball,BR,3,9.68,0,0,0,,0,,1,0,0.0,0.0,1,33.33,33.33,0.0,0.0,,,,,,,663897
FF,4-Seam Fastball,FB,24,24.24,5,5,3,60.0,0,0.0,11,5,45.45,20.83,4,16.67,37.5,11.11,27.03,30.0,0.4,0.4,1.0,1.4,0.6,663898
CH,Changeup,OS,18,18.18,3,2,0,0.0,1,33.33,9,2,22.22,11.11,0,0.0,11.11,38.46,24.32,0.0,0.5,0.667,0.5,1.167,0.0,663898
SI,Sinker,FB,18,18.18,4,3,2,50.0,1,25.0,5,1,20.0,5.56,6,33.33,38.89,14.29,13.51,40.0,0.0,0.25,0.0,0.25,0.0,663898
SL,Slider,BR,15,15.15,6,6,2,33.33,0,0.0,11,4,36.36,26.67,1,6.67,33.33,57.14,13.51,40.0,0.167,0.167,0.333,0.5,0.166,663898
ST,Sweeper,BR,15,15.15,3,3,1,33.33,0,0.0,9,4,44.44,26.67,1,6.67,33.33,16.67,16.22,16.67,0.333,0.333,0.333,0.666,0.0,663898
FC,Cutter,FB,5,5.05,3,3,0,0.0,0,0.0,3,0,0.0,0.0,1,20.0,20.0,0.0,0.0,,0.333,0.333,0.333,0.666,0.0,663898
CU,Curveball,BR,2,2.02,1,1,1,100.0,0,0.0,2,2,100.0,100.0,0,0.0,100.0,100.0,2.7,100.0,0.0,0.0,0.0,0.0,0.0,663898
FS,Split-Finger,OS,2,2.02,1,1,1,100.0,0,0.0,1,0,0.0,0.0,1,50.0,50.0,100.0,2.7,100.0,0.0,0.0,0.0,0.0,0.0,663898
ST,Sweeper,BR,6,28.57,3,3,1,33.33,0,0.0,5,1,20.0,16.67,0,0.0,16.67,66.67,27.27,33.33,0.333,0.333,0.333,0.666,0.0,663967
SI,Sinker,FB,5,23.81,2,1,0,0.0,0,0.0,4,0,0.0,0.0,0,0.0,0.0,0.0,18.18,0.0,1.0,1.0,1.0,2.0,0.0,663967
FC,Cutter,FB,3,14.29,1,1,1,100.0,0,0.0,1,1,100.0,33.33,1,33.33,66.67,50.0,18.18,50.0,0.0,0.0,0.0,0.0,0.0,663967
FF,4-Seam Fastball,FB,3,14.29,1,1,0,0.0,0,0.0,2,0,0.0,0.0,0,0.0,0.0,0.0,18.18,0.0,1.0,1.0,1.0,2.0,0.0,663967
KC,Knuckle Curve,BR,2,9.52,0,0,0,,0,,0,0,,0.0,0,0.0,0.0,0.0,18.18,0.0,,,,,,663967
CU,Curveball,BR,1,4.76,0,0,0,,0,,1,1,100.0,100.0,0,0.0,100.0,100.0,0.0,,,,,,,663967
SL,Slider,BR,1,4.76,0,0,0,,0,,1,0,0.0,0.0,0,0.0,0.0,,0.0,,,,,,,663967
FF,4-Seam Fastball,FB,151,34.4,32,30,9,28.12,1,3.12,81,18,22.22,11.92,29,19.21,31.13,34.38,41.03,18.75,0.3,0.323,0.4,0.7230000000000001,0.1,663968
CH,Changeup,OS,72,16.4,33,32,0,0.0,1,3.03,48,4,8.33,5.56,5,6.94,12.5,44.12,9.4,0.0,0.25,0.273,0.25,0.523,0.0,663968
SL,Slider,BR,57,12.98,22,20,4,18.18,1,4.55,33,8,24.24,14.04,10,17.54,31.58,50.0,17.09,20.0,0.25,0.273,0.3,0.573,0.0499999999999999,663968
SI,Sinker,FB,55,12.53,20,18,1,5.0,2,10.0,29,1,3.45,1.82,10,18.18,20.0,20.0,8.55,10.0,0.333,0.4,0.333,0.7330000000000001,0.0,663968
FC,Cutter,FB,33,7.52,7,7,1,14.29,0,0.0,18,6,33.33,18.18,3,9.09,27.27,45.45,4.27,20.0,0.286,0.286,0.429,0.715,0.143,663968
CU,Curveball,BR,29,6.61,11,11,0,0.0,0,0.0,18,2,11.11,6.9,4,13.79,20.69,36.36,8.55,0.0,0.273,0.273,0.364,0.637,0.0909999999999999,663968
ST,Sweeper,BR,28,6.38,9,9,2,22.22,0,0.0,14,1,7.14,3.57,3,10.71,14.29,31.25,5.98,28.57,0.111,0.111,0.222,0.333,0.111,663968
SV,Slurve,BR,9,2.05,2,1,0,0.0,0,0.0,6,1,16.67,11.11,1,11.11,22.22,60.0,2.56,0.0,1.0,1.0,2.0,3.0,1.0,663968
KC,Knuckle Curve,BR,4,0.91,1,1,0,0.0,0,0.0,3,1,33.33,25.0,0,0.0,25.0,66.67,1.71,0.0,1.0,1.0,1.0,2.0,0.0,663968
FS,Split-Finger,OS,1,0.23,0,0,0,,0,,0,0,,0.0,0,0.0,0.0,0.0,0.85,0.0,,,,,,663968
FF,4-Seam Fastball,FB,211,29.22,40,30,15,37.5,9,22.5,96,24,25.0,11.37,48,22.75,34.12,14.47,31.13,18.75,0.167,0.35,0.367,0.717,0.1999999999999999,663993
SI,Sinker,FB,208,28.81,50,47,9,18.0,3,6.0,82,11,13.41,5.29,62,29.81,35.1,28.57,19.46,18.0,0.255,0.3,0.298,0.598,0.0429999999999999,663993
SL,Slider,BR,120,16.62,37,36,9,24.32,1,2.7,61,19,31.15,15.83,17,14.17,30.0,23.21,18.29,19.15,0.111,0.135,0.167,0.302,0.056,663993
ST,Sweeper,BR,62,8.59,11,11,5,45.45,0,0.0,28,8,28.57,12.9,8,12.9,25.81,27.78,12.84,15.15,0.182,0.182,0.545,0.7270000000000001,0.363,663993
CU,Curveball,BR,46,6.37,14,13,6,42.86,1,7.14,18,5,27.78,10.87,10,21.74,32.61,33.33,7.39,31.58,0.154,0.214,0.231,0.445,0.077,663993
FC,Cutter,FB,36,4.99,8,8,3,37.5,0,0.0,12,4,33.33,11.11,6,16.67,27.78,14.29,5.45,21.43,0.0,0.0,0.0,0.0,0.0,663993
CH,Changeup,OS,17,2.35,6,5,1,16.67,1,16.67,11,2,18.18,11.76,3,17.65,29.41,57.14,2.33,16.67,0.2,0.333,0.2,0.533,0.0,663993
SV,Slurve,BR,11,1.52,1,1,0,0.0,0,0.0,3,1,33.33,9.09,1,9.09,18.18,14.29,0.78,0.0,0.0,0.0,0.0,0.0,0.0,663993
KC,Knuckle Curve,BR,7,0.97,4,4,3,75.0,0,0.0,5,3,60.0,42.86,1,14.29,57.14,75.0,2.33,50.0,0.0,0.0,0.0,0.0,0.0,663993
,,,2,0.28,0,0,0,,0,,0,0,,0.0,0,0.0,0.0,,0.0,,,,,,,663993
CS,Slow Curve,BR,1,0.14,0,0,0,,0,,0,0,,0.0,0,0.0,0.0,0.0,0.0,,,,,,,663993
FS,Split-Finger,OS,1,0.14,0,0,0,,0,,0,0,,0.0,0,0.0,0.0,0.0,0.0,,,,,,,663993
FF,4-Seam Fastball,FB,265,36.5,60,51,17,28.33,8,13.33,107,23,21.5,8.68,53,20.0,28.68,12.73,37.91,24.64,0.196,0.3,0.373,0.673,0.177,664023
CH,Changeup,OS,156,21.49,40,38,9,22.5,2,5.0,74,26,35.14,16.67,17,10.9,27.56,23.81,22.53,21.95,0.184,0.225,0.237,0.4619999999999999,0.0529999999999999,664023
SI,Sinker,FB,111,15.29,27,22,0,0.0,5,18.52,46,3,6.52,2.7,22,19.82,22.52,4.76,9.89,0.0,0.273,0.407,0.545,0.952,0.272,664023
SL,Slider,BR,53,7.3,17,16,9,52.94,1,5.88,33,16,48.48,30.19,7,13.21,43.4,40.0,11.54,42.86,0.188,0.235,0.375,0.61,0.187,664023
CU,Curveball,BR,49,6.75,14,13,2,14.29,1,7.14,18,4,22.22,8.16,11,22.45,30.61,25.0,6.04,18.18,0.615,0.643,0.769,1.412,0.154,664023
FC,Cutter,FB,46,6.34,15,12,2,13.33,3,20.0,20,4,20.0,8.7,6,13.04,21.74,21.74,3.85,28.57,0.083,0.267,0.083,0.35,0.0,664023
ST,Sweeper,BR,32,4.41,7,6,2,28.57,1,14.29,13,3,23.08,9.38,6,18.75,28.12,13.33,6.04,18.18,0.167,0.286,0.167,0.4529999999999999,0.0,664023
KC,Knuckle Curve,BR,7,0.96,1,1,1,100.0,0,0.0,2,2,100.0,28.57,0,0.0,28.57,16.67,1.65,33.33,0.0,0.0,0.0,0.0,0.0,664023
FS,Split-Finger,OS,4,0.55,1,1,0,0.0,0,0.0,3,2,66.67,50.0,0,0.0,50.0,50.0,0.55,0.0,1.0,1.0,1.0,2.0,0.0,664023
CS,Slow Curve,BR,1,0.14,0,0,0,,0,,0,0,,0.0,1,100.0,100.0,,0.0,,,,,,,664023
SV,Slurve,BR,1,0.14,0,0,0,,0,,1,0,0.0,0.0,0,0.0,0.0,,0.0,,,,,,,664023
,,,1,0.14,0,0,0,,0,,0,0,,0.0,0,0.0,0.0,,0.0,,,,,,,664023
FF,4-Seam Fastball,FB,222,38.34,34,31,8,23.53,2,5.88,114,22,19.3,9.91,38,17.12,27.03,25.77,35.89,10.67,0.29,0.333,0.355,0.688,0.065,664034
CH,Changeup,OS,92,15.89,31,31,5,16.13,0,0.0,56,11,19.64,11.96,5,5.43,17.39,38.0,17.22,13.89,0.194,0.194,0.258,0.452,0.064,664034
SI,Sinker,FB,70,12.09,18,16,1,5.56,2,11.11,29,6,20.69,8.57,14,20.0,28.57,23.53,8.61,5.56,0.312,0.389,0.312,0.7010000000000001,0.0,664034
FC,Cutter,FB,51,8.81,13,11,2,15.38,0,0.0,28,4,14.29,7.84,7,13.73,21.57,36.0,6.22,15.38,0.091,0.231,0.182,0.413,0.091,664034
SL,Slider,BR,49,8.46,14,14,1,7.14,0,0.0,28,6,21.43,12.24,3,6.12,18.37,32.0,11.0,4.35,0.214,0.214,0.5,0.714,0.286,664034
CU,Curveball,BR,45,7.77,17,17,3,17.65,0,0.0,26,7,26.92,15.56,3,6.67,22.22,46.43,10.53,13.64,0.176,0.176,0.471,0.647,0.295,664034
ST,Sweeper,BR,19,3.28,4,3,2,50.0,1,25.0,8,4,50.0,21.05,1,5.26,26.32,30.77,5.26,18.18,0.0,0.25,0.0,0.25,0.0,664034
FS,Split-Finger,OS,10,1.73,3,3,0,0.0,0,0.0,7,2,28.57,20.0,1,10.0,30.0,50.0,1.91,0.0,0.667,0.667,1.667,2.334,1.0,664034
KC,Knuckle Curve,BR,9,1.55,3,1,0,0.0,0,0.0,3,1,33.33,11.11,2,22.22,33.33,33.33,2.39,0.0,0.0,0.667,0.0,0.667,0.0,664034
SV,Slurve,BR,4,0.69,2,2,1,50.0,0,0.0,2,1,50.0,25.0,2,50.0,75.0,,0.96,50.0,0.5,0.5,1.0,1.5,0.5,664034
,,,4,0.69,1,0,0,0.0,1,100.0,0,0,,0.0,0,0.0,0.0,,0.0,,,1.0,,,,664034
FA,Other,,2,0.35,1,1,0,0.0,0,0.0,1,0,0.0,0.0,0,0.0,0.0,50.0,0.0,,1.0,1.0,2.0,3.0,1.0,664034
EP,Eephus,,2,0.35,1,1,0,0.0,0,0.0,1,0,0.0,0.0,0,0.0,0.0,0.0,0.0,,1.0,1.0,1.0,2.0,0.0,664034
FF,4-Seam Fastball,FB,169,30.23,45,40,11,24.44,3,6.67,85,20,23.53,11.83,29,17.16,28.99,25.0,31.21,20.37,0.175,0.244,0.325,0.569,0.15,664040
SL,Slider,BR,140,25.04,38,37,15,39.47,1,2.63,84,47,55.95,33.57,11,7.86,41.43,44.44,27.17,31.91,0.216,0.237,0.243,0.48,0.0269999999999999,664040
SI,Sinker,FB,103,18.43,32,29,5,15.62,1,3.12,53,11,20.75,10.68,25,24.27,34.95,33.33,11.56,25.0,0.172,0.226,0.31,0.536,0.138,664040
ST,Sweeper,BR,63,11.27,16,16,8,50.0,0,0.0,38,21,55.26,33.33,9,14.29,47.62,39.29,13.87,33.33,0.188,0.188,0.188,0.376,0.0,664040
FC,Cutter,FB,34,6.08,7,7,1,14.29,0,0.0,20,4,20.0,11.76,2,5.88,17.65,25.0,4.05,14.29,0.286,0.286,0.714,1.0,0.428,664040
CU,Curveball,BR,22,3.94,4,4,1,25.0,0,0.0,9,3,33.33,13.64,3,13.64,27.27,18.18,3.47,16.67,0.25,0.25,1.0,1.25,0.75,664040
CH,Changeup,OS,11,1.97,1,1,1,100.0,0,0.0,8,5,62.5,45.45,0,0.0,45.45,40.0,2.31,25.0,0.0,0.0,0.0,0.0,0.0,664040
SV,Slurve,BR,9,1.61,2,2,0,0.0,0,0.0,4,1,25.0,11.11,0,0.0,11.11,16.67,2.31,0.0,0.5,0.5,0.5,1.0,0.0,664040
KC,Knuckle Curve,BR,8,1.43,3,3,3,100.0,0,0.0,5,4,80.0,50.0,0,0.0,50.0,25.0,4.05,42.86,0.0,0.0,0.0,0.0,0.0,664040
FF,4-Seam Fastball,FB,226,34.35,52,47,19,36.54,3,5.77,107,27,25.23,11.95,42,18.58,30.53,32.17,35.29,26.39,0.255,0.308,0.426,0.734,0.1709999999999999,664056
CH,Changeup,OS,161,24.47,42,39,13,30.95,2,4.76,75,28,37.33,17.39,19,11.8,29.19,33.0,20.1,31.71,0.128,0.19,0.179,0.369,0.0509999999999999,664056
SL,Slider,BR,82,12.46,20,19,14,70.0,1,5.0,48,25,52.08,30.49,9,10.98,41.46,39.53,16.67,41.18,0.158,0.2,0.632,0.8320000000000001,0.474,664056
CU,Curveball,BR,54,8.21,12,10,3,25.0,2,16.67,24,7,29.17,12.96,11,20.37,33.33,26.67,8.82,16.67,0.2,0.333,0.2,0.533,0.0,664056
SI,Sinker,FB,46,6.99,10,9,0,0.0,1,10.0,20,0,0.0,0.0,9,19.57,19.57,23.81,6.37,0.0,0.556,0.6,0.667,1.267,0.1109999999999999,664056
FC,Cutter,FB,32,4.86,11,10,2,18.18,1,9.09,22,5,22.73,15.62,4,12.5,28.12,40.0,3.92,25.0,0.4,0.455,0.4,0.855,0.0,664056
ST,Sweeper,BR,30,4.56,5,4,3,60.0,0,0.0,14,6,42.86,20.0,5,16.67,36.67,31.25,3.43,42.86,0.25,0.4,1.0,1.4,0.75,664056
FS,Split-Finger,OS,10,1.52,2,2,1,50.0,0,0.0,6,3,50.0,30.0,2,20.0,50.0,50.0,2.45,20.0,0.0,0.0,0.0,0.0,0.0,664056
KC,Knuckle Curve,BR,9,1.37,2,1,1,50.0,1,50.0,4,2,50.0,22.22,2,22.22,44.44,40.0,1.96,25.0,0.0,0.5,0.0,0.5,0.0,664056
SV,Slurve,BR,4,0.61,0,0,0,,0,,2,0,0.0,0.0,0,0.0,0.0,0.0,0.98,0.0,,,,,,664056
FA,Other,,3,0.46,1,0,0,0.0,1,100.0,0,0,,0.0,0,0.0,0.0,0.0,0.0,,,1.0,,,,664056
EP,Eephus,,1,0.15,0,0,0,,0,,0,0,,0.0,0,0.0,0.0,0.0,0.0,,,,,,,664056
FF,4-Seam Fastball,FB,116,34.52,32,28,9,28.12,4,12.5,61,18,29.51,15.52,15,12.93,28.45,25.45,38.83,22.5,0.321,0.406,0.429,0.835,0.1079999999999999,664059
SL,Slider,BR,54,16.07,11,10,3,27.27,0,0.0,23,6,26.09,11.11,12,22.22,33.33,13.64,18.45,15.79,0.2,0.273,0.2,0.473,0.0,664059
SI,Sinker,FB,51,15.18,18,16,0,0.0,1,5.56,31,2,6.45,3.92,6,11.76,15.69,21.43,5.83,0.0,0.25,0.294,0.312,0.606,0.062,664059
CH,Changeup,OS,43,12.8,14,14,5,35.71,0,0.0,24,11,45.83,25.58,5,11.63,37.21,36.36,16.5,29.41,0.286,0.286,0.357,0.643,0.071,664059
CU,Curveball,BR,30,8.93,7,7,0,0.0,0,0.0,17,2,11.76,6.67,4,13.33,20.0,43.75,9.71,0.0,0.571,0.571,0.857,1.428,0.286,664059
FC,Cutter,FB,17,5.06,4,3,1,25.0,1,25.0,6,1,16.67,5.88,4,23.53,29.41,30.0,5.83,16.67,0.333,0.5,0.333,0.833,0.0,664059
ST,Sweeper,BR,11,3.27,5,5,0,0.0,0,0.0,7,0,0.0,0.0,2,18.18,18.18,0.0,2.91,0.0,0.4,0.4,0.8,1.2000000000000002,0.4,664059
FS,Split-Finger,OS,7,2.08,1,1,0,0.0,0,0.0,3,1,33.33,14.29,0,0.0,14.29,20.0,1.94,0.0,1.0,1.0,2.0,3.0,1.0,664059
KC,Knuckle Curve,BR,3,0.89,0,0,0,,0,,1,1,100.0,33.33,1,33.33,66.67,33.33,0.0,,,,,,,664059
SV,Slurve,BR,2,0.6,1,1,0,0.0,0,0.0,1,0,0.0,0.0,0,0.0,0.0,0.0,0.0,,0.0,0.0,0.0,0.0,0.0,664059
,,,2,0.6,1,0,0,0.0,1,100.0,0,0,,0.0,0,0.0,0.0,,0.0,,,1.0,,,,664059
FF,4-Seam Fastball,FB,17,42.5,3,3,1,33.33,0,0.0,13,7,53.85,41.18,3,17.65,58.82,66.67,36.36,25.0,0.0,0.0,0.0,0.0,0.0,664068
CH,Changeup,OS,11,27.5,5,5,0,0.0,0,0.0,7,0,0.0,0.0,0,0.0,0.0,42.86,36.36,0.0,0.4,0.4,0.4,0.8,0.0,664068
SL,Slider,BR,6,15.0,3,3,3,100.0,0,0.0,4,4,100.0,66.67,0,0.0,66.67,50.0,27.27,100.0,0.0,0.0,0.0,0.0,0.0,664068
FC,Cutter,FB,4,10.0,0,0,0,,0,,1,0,0.0,0.0,2,50.0,50.0,0.0,0.0,,,,,,,664068
CU,Curveball,BR,1,2.5,1,1,0,0.0,0,0.0,1,0,0.0,0.0,0,0.0,0.0,,0.0,,1.0,1.0,1.0,2.0,0.0,664068
SI,Sinker,FB,1,2.5,0,0,0,,0,,1,0,0.0,0.0,0,0.0,0.0,,0.0,,,,,,,664068
FF,4-Seam Fastball,FB,213,36.35,46,36,20,43.48,9,19.57,109,49,44.95,23.0,22,10.33,33.33,19.0,39.04,27.4,0.139,0.304,0.222,0.526,0.0829999999999999,664238
SI,Sinker,FB,93,15.87,25,22,8,32.0,3,12.0,44,14,31.82,15.05,19,20.43,35.48,18.92,14.44,29.63,0.273,0.36,0.545,0.905,0.272,664238
CH,Changeup,OS,59,10.07,14,14,2,14.29,0,0.0,28,5,17.86,8.47,7,11.86,20.34,35.0,8.56,12.5,0.143,0.143,0.357,0.5,0.214,664238
SL,Slider,BR,54,9.22,12,12,9,75.0,0,0.0,26,16,61.54,29.63,12,22.22,51.85,37.5,8.02,60.0,0.083,0.083,0.333,0.416,0.25,664238
CU,Curveball,BR,54,9.22,11,11,5,45.45,0,0.0,18,4,22.22,7.41,11,20.37,27.78,20.69,9.09,29.41,0.091,0.091,0.091,0.182,0.0,664238
ST,Sweeper,BR,49,8.36,10,10,2,20.0,0,0.0,19,5,26.32,10.2,11,22.45,32.65,20.0,9.63,11.11,0.2,0.2,0.5,0.7,0.3,664238
FC,Cutter,FB,47,8.02,11,7,3,27.27,2,18.18,23,7,30.43,14.89,8,17.02,31.91,28.57,6.95,23.08,0.143,0.364,0.143,0.507,0.0,664238
FS,Split-Finger,OS,10,1.71,2,1,0,0.0,1,50.0,4,0,0.0,0.0,1,10.0,10.0,20.0,2.67,0.0,1.0,1.0,1.0,2.0,0.0,664238
KC,Knuckle Curve,BR,4,0.68,1,1,1,100.0,0,0.0,1,1,100.0,25.0,2,50.0,75.0,50.0,0.53,100.0,0.0,0.0,0.0,0.0,0.0,664238
SV,Slurve,BR,2,0.34,0,0,0,,0,,0,0,,0.0,0,0.0,0.0,0.0,1.07,0.0,,,,,,664238
,,,1,0.17,0,0,0,,0,,0,0,,0.0,0,0.0,0.0,,0.0,,,,,,,664238
FF,4-Seam Fastball,FB,207,37.1,46,39,13,28.26,5,10.87,104,21,20.19,10.14,38,18.36,28.5,32.22,36.36,21.67,0.205,0.295,0.282,0.577,0.0769999999999999,664702
CH,Changeup,OS,88,15.77,27,27,4,14.81,0,0.0,41,9,21.95,10.23,10,11.36,21.59,39.29,13.94,17.39,0.222,0.222,0.296,0.518,0.0739999999999999,664702
SI,Sinker,FB,79,14.16,24,22,5,20.83,1,4.17,41,4,9.76,5.06,21,26.58,31.65,29.17,7.27,41.67,0.227,0.261,0.318,0.579,0.091,664702
FC,Cutter,FB,61,10.93,15,14,1,6.67,1,6.67,31,5,16.13,8.2,11,18.03,26.23,24.0,8.48,7.14,0.286,0.333,0.643,0.976,0.357,664702
CU,Curveball,BR,44,7.89,6,6,1,16.67,0,0.0,16,4,25.0,9.09,11,25.0,34.09,35.71,11.52,5.26,0.5,0.5,0.5,1.0,0.0,664702
SL,Slider,BR,40,7.17,13,12,2,15.38,1,7.69,26,5,19.23,12.5,6,15.0,27.5,52.63,14.55,8.33,0.417,0.462,0.417,0.879,0.0,664702
ST,Sweeper,BR,24,4.3,9,8,1,11.11,1,11.11,9,1,11.11,4.17,5,20.83,25.0,23.08,6.67,9.09,0.375,0.444,0.375,0.819,0.0,664702
EP,Eephus,,7,1.25,2,2,0,0.0,0,0.0,3,0,0.0,0.0,1,14.29,14.29,0.0,0.0,,0.5,0.5,0.5,1.0,0.0,664702
FS,Split-Finger,OS,3,0.54,3,2,1,33.33,1,33.33,2,1,50.0,33.33,0,0.0,33.33,50.0,1.21,50.0,0.0,0.333,0.0,0.333,0.0,664702
SV,Slurve,BR,3,0.54,0,0,0,,0,,0,0,,0.0,0,0.0,0.0,0.0,0.0,,,,,,,664702
KC,Knuckle Curve,BR,2,0.36,1,1,0,0.0,0,0.0,1,0,0.0,0.0,1,50.0,50.0,100.0,0.0,,1.0,1.0,1.0,2.0,0.0,664702
FF,4-Seam Fastball,FB,78,27.56,13,8,3,23.08,3,23.08,26,3,11.54,3.85,22,28.21,32.05,12.12,25.0,12.0,0.625,0.75,0.75,1.5,0.125,664728
SL,Slider,BR,69,24.38,19,17,5,26.32,1,5.26,41,15,36.59,21.74,6,8.7,30.43,40.0,20.0,25.0,0.059,0.111,0.059,0.1699999999999999,0.0,664728
ST,Sweeper,BR,54,19.08,15,15,5,33.33,0,0.0,24,10,41.67,18.52,8,14.81,33.33,31.03,24.0,20.83,0.267,0.267,0.267,0.534,0.0,664728
SI,Sinker,FB,48,16.96,14,11,2,14.29,1,7.14,16,2,12.5,4.17,17,35.42,39.58,21.43,16.0,12.5,0.182,0.308,0.182,0.49,0.0,664728
CU,Curveball,BR,13,4.59,5,5,2,40.0,0,0.0,6,2,33.33,15.38,3,23.08,38.46,50.0,6.0,33.33,0.0,0.0,0.0,0.0,0.0,664728
KC,Knuckle Curve,BR,7,2.47,2,1,0,0.0,0,0.0,3,0,0.0,0.0,1,14.29,14.29,25.0,1.0,0.0,0.0,0.0,0.0,0.0,0.0,664728
FC,Cutter,FB,7,2.47,3,3,2,66.67,0,0.0,3,2,66.67,28.57,2,28.57,57.14,33.33,4.0,50.0,0.333,0.333,0.333,0.666,0.0,664728
CH,Changeup,OS,6,2.12,3,3,1,33.33,0,0.0,5,1,20.0,16.67,0,0.0,16.67,66.67,4.0,25.0,0.333,0.333,0.667,1.0,0.334,664728
SV,Slurve,BR,1,0.35,1,1,0,0.0,0,0.0,1,0,0.0,0.0,0,0.0,0.0,,0.0,,0.0,0.0,0.0,0.0,0.0,664728
FF,4-Seam Fastball,FB,185,37.45,54,46,8,14.81,6,11.11,92,10,10.87,5.41,34,18.38,23.78,25.64,37.16,14.55,0.304,0.389,0.5,0.889,0.196,664761
CH,Changeup,OS,105,21.26,23,22,4,17.39,1,4.35,49,11,22.45,10.48,9,8.57,19.05,26.98,20.95,12.9,0.318,0.348,0.5,0.848,0.182,664761
CU,Curveball,BR,54,10.93,13,12,1,7.69,1,7.69,24,1,4.17,1.85,10,18.52,20.37,25.0,12.84,5.26,0.417,0.462,0.5,0.962,0.083,664761
SI,Sinker,FB,52,10.53,15,13,1,6.67,2,13.33,21,0,0.0,0.0,17,32.69,32.69,6.67,6.08,11.11,0.077,0.2,0.154,0.354,0.077,664761
SL,Slider,BR,38,7.69,13,13,2,15.38,0,0.0,23,3,13.04,7.89,3,7.89,15.79,31.25,12.84,10.53,0.231,0.231,0.308,0.539,0.0769999999999999,664761
FC,Cutter,FB,26,5.26,7,7,1,14.29,0,0.0,14,2,14.29,7.69,3,11.54,19.23,30.77,2.7,25.0,0.429,0.429,0.571,1.0,0.1419999999999999,664761
ST,Sweeper,BR,17,3.44,6,6,3,50.0,0,0.0,10,2,20.0,11.76,5,29.41,41.18,85.71,5.41,37.5,0.167,0.167,0.333,0.5,0.166,664761
KC,Knuckle Curve,BR,11,2.23,2,2,0,0.0,0,0.0,5,0,0.0,0.0,1,9.09,9.09,37.5,2.03,0.0,0.5,0.5,0.5,1.0,0.0,664761
CS,Slow Curve,BR,3,0.61,0,0,0,,0,,1,1,100.0,33.33,0,0.0,33.33,33.33,0.0,,,,,,,664761
FS,Split-Finger,OS,3,0.61,1,1,0,0.0,0,0.0,2,0,0.0,0.0,0,0.0,0.0,0.0,0.0,,1.0,1.0,4.0,5.0,3.0,664761
SI,Sinker,FB,55,28.06,12,8,2,16.67,1,8.33,24,2,8.33,3.64,20,36.36,40.0,40.0,18.64,18.18,0.25,0.4,0.25,0.65,0.0,664770
FF,4-Seam Fastball,FB,48,24.49,11,6,3,27.27,5,45.45,17,3,17.65,6.25,11,22.92,29.17,10.53,32.2,15.79,0.167,0.545,0.333,0.8780000000000001,0.166,664770
SL,Slider,BR,35,17.86,6,5,2,33.33,0,0.0,15,3,20.0,8.57,7,20.0,28.57,20.0,13.56,25.0,0.2,0.2,0.4,0.6000000000000001,0.2,664770
ST,Sweeper,BR,32,16.33,13,13,2,15.38,0,0.0,16,4,25.0,12.5,2,6.25,18.75,33.33,20.34,16.67,0.154,0.154,0.154,0.308,0.0,664770
FC,Cutter,FB,11,5.61,3,3,0,0.0,0,0.0,4,0,0.0,0.0,5,45.45,45.45,0.0,1.69,0.0,0.333,0.333,1.0,1.333,0.667,664770
CU,Curveball,BR,8,4.08,3,2,2,66.67,0,0.0,2,1,50.0,12.5,2,25.0,37.5,16.67,5.08,66.67,0.0,0.0,0.0,0.0,0.0,664770
CH,Changeup,OS,3,1.53,2,2,0,0.0,0,0.0,2,0,0.0,0.0,0,0.0,0.0,66.67,5.08,0.0,1.0,1.0,1.5,2.5,0.5,664770
EP,Eephus,,2,1.02,2,2,0,0.0,0,0.0,2,0,0.0,0.0,0,0.0,0.0,,0.0,,0.5,0.5,0.5,1.0,0.0,664770
FS,Split-Finger,OS,1,0.51,0,0,0,,0,,0,0,,0.0,0,0.0,0.0,0.0,1.69,0.0,,,,,,664770
KC,Knuckle Curve,BR,1,0.51,1,1,1,100.0,0,0.0,1,1,100.0,100.0,0,0.0,100.0,100.0,1.69,100.0,0.0,0.0,0.0,0.0,0.0,664770
SI,Sinker,FB,54,44.63,13,11,1,7.69,1,7.69,23,0,0.0,0.0,11,20.37,20.37,0.0,41.86,5.56,0.091,0.167,0.091,0.258,0.0,664774
FF,4-Seam Fastball,FB,32,26.45,8,6,1,12.5,2,25.0,11,3,27.27,9.38,5,15.62,25.0,6.25,23.26,10.0,0.167,0.375,0.167,0.542,0.0,664774
SL,Slider,BR,14,11.57,6,6,3,50.0,0,0.0,11,5,45.45,35.71,2,14.29,50.0,66.67,11.63,60.0,0.0,0.0,0.0,0.0,0.0,664774
ST,Sweeper,BR,12,9.92,1,0,0,0.0,1,100.0,5,0,0.0,0.0,1,8.33,8.33,14.29,16.28,0.0,,1.0,,,,664774
FC,Cutter,FB,9,7.44,1,1,1,100.0,0,0.0,1,1,100.0,11.11,3,33.33,44.44,16.67,6.98,33.33,0.0,0.0,0.0,0.0,0.0,664774
SL,Slider,BR,16,50.0,4,4,3,75.0,0,0.0,9,7,77.78,43.75,2,12.5,56.25,54.55,52.94,33.33,0.0,0.0,0.0,0.0,0.0,664913
SI,Sinker,FB,8,25.0,2,2,1,50.0,0,0.0,4,0,0.0,0.0,2,25.0,25.0,33.33,23.53,25.0,0.0,0.0,0.0,0.0,0.0,664913
FF,4-Seam Fastball,FB,5,15.62,0,0,0,,0,,2,1,50.0,20.0,1,20.0,40.0,33.33,17.65,0.0,,,,,,664913
ST,Sweeper,BR,2,6.25,0,0,0,,0,,1,1,100.0,50.0,0,0.0,50.0,0.0,5.88,0.0,,,,,,664913
FC,Cutter,FB,1,3.12,0,0,0,,0,,1,1,100.0,100.0,0,0.0,100.0,100.0,0.0,,,,,,,664913
SI,Sinker,FB,40,31.01,18,18,1,5.56,0,0.0,24,3,12.5,7.5,11,27.5,35.0,69.23,11.11,33.33,0.333,0.333,0.389,0.722,0.0559999999999999,664983
FF,4-Seam Fastball,FB,33,25.58,6,6,1,16.67,0,0.0,15,3,20.0,9.09,9,27.27,36.36,41.67,22.22,16.67,0.333,0.333,0.667,1.0,0.334,664983
SL,Slider,BR,21,16.28,6,6,1,16.67,0,0.0,11,4,36.36,19.05,3,14.29,33.33,37.5,22.22,16.67,0.0,0.0,0.0,0.0,0.0,664983
ST,Sweeper,BR,21,16.28,9,9,2,22.22,0,0.0,11,4,36.36,19.05,0,0.0,19.05,28.57,29.63,25.0,0.111,0.111,0.111,0.222,0.0,664983
CU,Curveball,BR,9,6.98,2,2,1,50.0,0,0.0,3,1,33.33,11.11,1,11.11,22.22,28.57,7.41,50.0,0.0,0.0,0.0,0.0,0.0,664983
SV,Slurve,BR,3,2.33,0,0,0,,0,,1,1,100.0,33.33,0,0.0,33.33,0.0,3.7,0.0,,,,,,664983
FC,Cutter,FB,1,0.78,0,0,0,,0,,0,0,,0.0,0,0.0,0.0,0.0,0.0,,,,,,,664983
CH,Changeup,OS,1,0.78,1,1,0,0.0,0,0.0,1,0,0.0,0.0,0,0.0,0.0,,3.7,0.0,0.0,0.0,0.0,0.0,0.0,664983
FF,4-Seam Fastball,FB,106,30.9,29,25,5,17.24,4,13.79,61,13,21.31,12.26,15,14.15,26.42,26.83,31.58,16.67,0.24,0.345,0.24,0.585,0.0,665019
SI,Sinker,FB,88,25.66,29,25,4,13.79,2,6.9,47,8,17.02,9.09,14,15.91,25.0,38.46,17.89,23.53,0.24,0.345,0.28,0.625,0.04,665019
SL,Slider,BR,56,16.33,8,7,3,37.5,0,0.0,21,7,33.33,12.5,6,10.71,23.21,12.12,17.89,17.65,0.0,0.0,0.0,0.0,0.0,665019
ST,Sweeper,BR,27,7.87,6,6,2,33.33,0,0.0,8,2,25.0,7.41,4,14.81,22.22,12.5,8.42,25.0,0.0,0.0,0.0,0.0,0.0,665019
CU,Curveball,BR,25,7.29,6,6,3,50.0,0,0.0,8,4,50.0,16.0,7,28.0,44.0,20.0,11.58,27.27,0.333,0.333,0.333,0.666,0.0,665019
FC,Cutter,FB,17,4.96,3,3,1,33.33,0,0.0,9,3,33.33,17.65,2,11.76,29.41,40.0,2.11,50.0,0.333,0.333,0.667,1.0,0.334,665019
CH,Changeup,OS,12,3.5,5,4,4,80.0,0,0.0,9,5,55.56,41.67,1,8.33,50.0,71.43,7.37,57.14,0.0,0.0,0.0,0.0,0.0,665019
FA,Other,,4,1.17,1,0,0,0.0,0,0.0,2,0,0.0,0.0,0,0.0,0.0,33.33,0.0,,,0.0,,,,665019
SV,Slurve,BR,4,1.17,1,1,0,0.0,0,0.0,1,0,0.0,0.0,0,0.0,0.0,33.33,1.05,0.0,0.0,0.0,0.0,0.0,0.0,665019
KC,Knuckle Curve,BR,3,0.87,0,0,0,,0,,1,0,0.0,0.0,0,0.0,0.0,0.0,1.05,0.0,,,,,,665019
FS,Split-Finger,OS,1,0.29,1,1,1,100.0,0,0.0,1,1,100.0,100.0,0,0.0,100.0,,1.05,100.0,0.0,0.0,0.0,0.0,0.0,665019
FF,4-Seam Fastball,FB,32,34.04,8,7,0,0.0,1,12.5,15,2,13.33,6.25,7,21.88,28.12,0.0,30.0,0.0,0.571,0.625,1.0,1.625,0.429,665052
SL,Slider,BR,23,24.47,5,5,2,40.0,0,0.0,14,6,42.86,26.09,2,8.7,34.78,33.33,30.0,22.22,0.0,0.0,0.0,0.0,0.0,665052
SI,Sinker,FB,19,20.21,3,3,1,33.33,0,0.0,5,1,20.0,5.26,8,42.11,47.37,14.29,10.0,33.33,0.667,0.667,0.667,1.334,0.0,665052
ST,Sweeper,BR,7,7.45,3,3,2,66.67,0,0.0,3,1,33.33,14.29,1,14.29,28.57,20.0,6.67,100.0,0.0,0.0,0.0,0.0,0.0,665052
CU,Curveball,BR,6,6.38,4,3,1,25.0,1,25.0,4,1,25.0,16.67,1,16.67,33.33,100.0,13.33,25.0,0.333,0.5,0.667,1.167,0.334,665052
FC,Cutter,FB,4,4.26,0,0,0,,0,,2,0,0.0,0.0,0,0.0,0.0,0.0,0.0,,,,,,,665052
CH,Changeup,OS,3,3.19,0,0,0,,0,,1,0,0.0,0.0,0,0.0,0.0,0.0,10.0,0.0,,,,,,665052
SL,Slider,BR,2,40.0,0,0,0,,0,,0,0,,0.0,1,50.0,50.0,0.0,,,,,,,,665155
CH,Changeup,OS,1,20.0,0,0,0,,0,,0,0,,0.0,0,0.0,0.0,0.0,,,,,,,,665155
CU,Curveball,BR,1,20.0,0,0,0,,0,,0,0,,0.0,0,0.0,0.0,,,,,,,,,665155
FF,4-Seam Fastball,FB,1,20.0,1,0,0,0.0,1,100.0,0,0,,0.0,0,0.0,0.0,0.0,,,,1.0,,,,665155
CH,Changeup,OS,92,25.92,24,22,7,29.17,2,8.33,62,28,45.16,30.43,8,8.7,39.13,61.9,33.33,22.58,0.091,0.167,0.091,0.258,0.0,665161
FF,4-Seam Fastball,FB,88,24.79,30,28,3,10.0,2,6.67,46,7,15.22,7.95,14,15.91,23.86,28.21,20.43,15.79,0.321,0.367,0.607,0.974,0.286,665161
SI,Sinker,FB,48,13.52,16,15,0,0.0,1,6.25,22,1,4.55,2.08,11,22.92,25.0,30.43,11.83,0.0,0.467,0.5,0.467,0.967,0.0,665161
SL,Slider,BR,46,12.96,12,10,1,8.33,2,16.67,25,9,36.0,19.57,3,6.52,26.09,33.33,11.83,9.09,0.3,0.417,0.3,0.717,0.0,665161
FC,Cutter,FB,33,9.3,14,14,2,14.29,0,0.0,21,3,14.29,9.09,3,9.09,18.18,27.27,9.68,22.22,0.286,0.286,0.286,0.572,0.0,665161
ST,Sweeper,BR,22,6.2,2,2,0,0.0,0,0.0,11,2,18.18,9.09,4,18.18,27.27,28.57,5.38,0.0,0.0,0.0,0.0,0.0,0.0,665161
CU,Curveball,BR,16,4.51,7,6,1,14.29,1,14.29,11,4,36.36,25.0,0,0.0,25.0,50.0,5.38,20.0,0.333,0.429,1.333,1.762,1.0,665161
FS,Split-Finger,OS,6,1.69,1,0,0,0.0,1,100.0,1,1,100.0,16.67,0,0.0,16.67,16.67,2.15,0.0,,1.0,,,,665161
,,,3,0.85,1,0,0,0.0,1,100.0,0,0,,0.0,0,0.0,0.0,,0.0,,,1.0,,,,665161
KC,Knuckle Curve,BR,1,0.28,0,0,0,,0,,0,0,,0.0,0,0.0,0.0,0.0,0.0,,,,,,,665161
FF,4-Seam Fastball,FB,266,36.59,64,58,9,14.06,5,7.81,135,23,17.04,8.65,33,12.41,21.05,17.86,34.92,13.64,0.293,0.344,0.466,0.81,0.173,665487
CH,Changeup,OS,158,21.73,43,36,10,23.26,7,16.28,79,36,45.57,22.78,3,1.9,24.68,35.29,25.93,20.41,0.139,0.279,0.194,0.473,0.0549999999999999,665487
SL,Slider,BR,91,12.52,26,21,7,26.92,5,19.23,37,13,35.14,14.29,17,18.68,32.97,25.0,15.34,24.14,0.19,0.346,0.381,0.727,0.191,665487
CU,Curveball,BR,60,8.25,10,7,2,20.0,2,20.0,19,3,15.79,5.0,9,15.0,20.0,8.82,8.47,12.5,0.143,0.333,0.143,0.476,0.0,665487
SI,Sinker,FB,43,5.91,14,11,0,0.0,3,21.43,15,0,0.0,0.0,12,27.91,27.91,5.88,1.59,0.0,0.364,0.5,0.545,1.045,0.181,665487
FC,Cutter,FB,37,5.09,9,9,2,22.22,0,0.0,21,4,19.05,10.81,3,8.11,18.92,25.0,3.17,33.33,0.222,0.222,0.556,0.778,0.3340000000000001,665487
ST,Sweeper,BR,25,3.44,6,3,3,50.0,3,50.0,9,5,55.56,20.0,4,16.0,36.0,17.65,6.35,25.0,0.0,0.5,0.0,0.5,0.0,665487
,,,16,2.2,6,0,0,0.0,6,100.0,0,0,,0.0,0,0.0,0.0,,0.0,,,1.0,,,,665487
KC,Knuckle Curve,BR,16,2.2,1,1,1,100.0,0,0.0,3,3,100.0,18.75,4,25.0,43.75,23.08,1.59,33.33,0.0,0.0,0.0,0.0,0.0,665487
FS,Split-Finger,OS,12,1.65,7,7,0,0.0,0,0.0,10,0,0.0,0.0,1,8.33,8.33,75.0,1.59,0.0,0.286,0.286,0.286,0.572,0.0,665487
CS,Slow Curve,BR,3,0.41,0,0,0,,0,,0,0,,0.0,1,33.33,33.33,0.0,1.06,0.0,,,,,,665487
FF,4-Seam Fastball,FB,168,27.23,45,38,5,11.11,7,15.56,68,10,14.71,5.95,34,20.24,26.19,6.45,28.66,11.11,0.368,0.467,0.684,1.151,0.316,665489
CH,Changeup,OS,147,23.82,36,31,4,11.11,5,13.89,62,16,25.81,10.88,13,8.84,19.73,24.21,22.93,11.11,0.29,0.389,0.29,0.679,0.0,665489
SI,Sinker,FB,83,13.45,21,18,5,23.81,3,14.29,24,5,20.83,6.02,27,32.53,38.55,3.03,8.92,35.71,0.333,0.429,0.611,1.04,0.2779999999999999,665489
FC,Cutter,FB,81,13.13,23,21,2,8.7,2,8.7,41,5,12.2,6.17,9,11.11,17.28,23.08,14.65,8.7,0.286,0.348,0.333,0.681,0.047,665489
SL,Slider,BR,46,7.46,12,11,3,25.0,1,8.33,22,4,18.18,8.7,10,21.74,30.43,28.57,7.01,27.27,0.364,0.417,0.455,0.872,0.091,665489
CU,Curveball,BR,34,5.51,9,7,0,0.0,1,11.11,12,3,25.0,8.82,6,17.65,26.47,15.79,7.01,0.0,0.143,0.333,0.571,0.904,0.4279999999999999,665489
ST,Sweeper,BR,30,4.86,5,5,0,0.0,0,0.0,13,1,7.69,3.33,4,13.33,16.67,33.33,6.37,0.0,0.6,0.6,0.8,1.4,0.2,665489
,,,16,2.59,4,0,0,0.0,4,100.0,0,0,,0.0,0,0.0,0.0,,0.0,,,1.0,,,,665489
KC,Knuckle Curve,BR,6,0.97,3,3,1,33.33,0,0.0,5,3,60.0,50.0,0,0.0,50.0,80.0,1.27,50.0,0.333,0.333,1.333,1.666,1.0,665489
FS,Split-Finger,OS,6,0.97,1,1,0,0.0,0,0.0,4,1,25.0,16.67,0,0.0,16.67,50.0,3.18,0.0,0.0,0.0,0.0,0.0,0.0,665489
FF,4-Seam Fastball,FB,44,32.35,10,7,0,0.0,3,30.0,16,2,12.5,4.55,6,13.64,18.18,4.55,42.86,0.0,0.429,0.6,0.429,1.029,0.0,665561
CH,Changeup,OS,26,19.12,6,4,1,16.67,1,16.67,11,3,27.27,11.54,5,19.23,30.77,16.67,17.14,16.67,0.25,0.4,0.25,0.65,0.0,665561
SI,Sinker,FB,17,12.5,7,7,0,0.0,0,0.0,7,0,0.0,0.0,2,11.76,11.76,0.0,0.0,,0.429,0.429,0.571,1.0,0.1419999999999999,665561
SL,Slider,BR,15,11.03,5,5,1,20.0,0,0.0,7,2,28.57,13.33,3,20.0,33.33,14.29,11.43,25.0,0.0,0.0,0.0,0.0,0.0,665561
CU,Curveball,BR,12,8.82,1,1,1,100.0,0,0.0,3,3,100.0,25.0,4,33.33,58.33,33.33,5.71,50.0,0.0,0.0,0.0,0.0,0.0,665561
KC,Knuckle Curve,BR,7,5.15,2,2,0,0.0,0,0.0,2,0,0.0,0.0,2,28.57,28.57,0.0,5.71,0.0,0.0,0.0,0.0,0.0,0.0,665561
ST,Sweeper,BR,6,4.41,1,1,0,0.0,0,0.0,3,1,33.33,16.67,1,16.67,33.33,0.0,11.43,0.0,1.0,1.0,1.0,2.0,0.0,665561
FC,Cutter,FB,5,3.68,2,2,1,50.0,0,0.0,2,0,0.0,0.0,2,40.0,40.0,0.0,2.86,100.0,0.0,0.0,0.0,0.0,0.0,665561
FS,Split-Finger,OS,4,2.94,1,1,0,0.0,0,0.0,2,1,50.0,25.0,0,0.0,25.0,0.0,2.86,0.0,0.0,0.0,0.0,0.0,0.0,665561
SI,Sinker,FB,294,29.02,73,60,12,16.44,12,16.44,129,23,17.83,7.82,60,20.41,28.23,25.9,22.92,17.39,0.283,0.397,0.483,0.88,0.2,665742
SL,Slider,BR,241,23.79,60,52,20,33.33,7,11.67,90,39,43.33,16.18,51,21.16,37.34,16.07,27.91,23.81,0.192,0.288,0.346,0.6339999999999999,0.1539999999999999,665742
FF,4-Seam Fastball,FB,205,20.24,57,45,12,21.05,10,17.54,88,18,20.45,8.78,49,23.9,32.68,26.37,19.93,20.0,0.267,0.404,0.578,0.982,0.3109999999999999,665742
ST,Sweeper,BR,112,11.06,25,22,7,28.0,1,4.0,32,10,31.25,8.93,25,22.32,31.25,16.39,11.63,20.0,0.182,0.24,0.409,0.649,0.2269999999999999,665742
FC,Cutter,FB,57,5.63,9,7,1,11.11,2,22.22,17,3,17.65,5.26,18,31.58,36.84,15.38,3.32,10.0,0.571,0.667,1.0,1.667,0.429,665742
CU,Curveball,BR,56,5.53,14,12,4,28.57,1,7.14,22,4,18.18,7.14,6,10.71,17.86,6.9,6.64,20.0,0.167,0.214,0.167,0.381,0.0,665742
CH,Changeup,OS,27,2.67,7,6,1,14.29,0,0.0,11,3,27.27,11.11,0,0.0,11.11,15.79,4.32,7.69,0.167,0.167,0.167,0.334,0.0,665742
KC,Knuckle Curve,BR,11,1.09,2,2,1,50.0,0,0.0,2,0,0.0,0.0,2,18.18,18.18,0.0,1.99,16.67,0.0,0.0,0.0,0.0,0.0,665742
FS,Split-Finger,OS,6,0.59,2,2,1,50.0,0,0.0,4,2,50.0,33.33,0,0.0,33.33,33.33,1.0,33.33,0.0,0.0,0.0,0.0,0.0,665742
SV,Slurve,BR,4,0.39,0,0,0,,0,,0,0,,0.0,1,25.0,25.0,0.0,0.33,0.0,,,,,,665742
FF,4-Seam Fastball,FB,62,49.21,12,12,4,33.33,0,0.0,30,12,40.0,19.35,8,12.9,32.26,22.22,43.75,19.05,0.417,0.417,0.417,0.834,0.0,665750
CH,Changeup,OS,15,11.9,6,5,0,0.0,1,16.67,10,1,10.0,6.67,2,13.33,20.0,40.0,12.5,0.0,0.0,0.167,0.0,0.167,0.0,665750
CU,Curveball,BR,12,9.52,3,3,1,33.33,0,0.0,3,1,33.33,8.33,4,33.33,41.67,14.29,12.5,16.67,0.0,0.0,0.0,0.0,0.0,665750
SL,Slider,BR,11,8.73,2,2,1,50.0,0,0.0,5,2,40.0,18.18,2,18.18,36.36,42.86,10.42,20.0,0.5,0.5,0.5,1.0,0.0,665750
FS,Split-Finger,OS,8,6.35,4,4,2,50.0,0,0.0,6,2,33.33,25.0,1,12.5,37.5,66.67,8.33,50.0,0.0,0.0,0.0,0.0,0.0,665750
SI,Sinker,FB,8,6.35,2,1,0,0.0,1,50.0,2,0,0.0,0.0,3,37.5,37.5,0.0,6.25,0.0,1.0,1.0,2.0,3.0,1.0,665750
FC,Cutter,FB,7,5.56,2,2,1,50.0,0,0.0,3,1,33.33,14.29,0,0.0,14.29,50.0,4.17,50.0,0.5,0.5,0.5,1.0,0.0,665750
ST,Sweeper,BR,2,1.59,0,0,0,,0,,1,0,0.0,0.0,1,50.0,50.0,,2.08,0.0,,,,,,665750
KC,Knuckle Curve,BR,1,0.79,0,0,0,,0,,0,0,,0.0,0,0.0,0.0,0.0,0.0,,,,,,,665750
CH,Changeup,OS,27,31.4,11,11,5,45.45,0,0.0,19,11,57.89,40.74,3,11.11,51.85,64.71,37.5,41.67,0.182,0.182,0.182,0.364,0.0,665804
FF,4-Seam Fastball,FB,25,29.07,4,3,1,25.0,1,25.0,11,1,9.09,4.0,4,16.0,20.0,33.33,34.38,9.09,0.333,0.5,1.333,1.833,1.0,665804
SL,Slider,BR,15,17.44,2,2,1,50.0,0,0.0,8,1,12.5,6.67,3,20.0,26.67,42.86,25.0,12.5,0.0,0.0,0.0,0.0,0.0,665804
CU,Curveball,BR,6,6.98,1,1,0,0.0,0,0.0,2,0,0.0,0.0,2,33.33,33.33,0.0,0.0,,0.0,0.0,0.0,0.0,0.0,665804
ST,Sweeper,BR,5,5.81,0,0,0,,0,,3,1,33.33,20.0,1,20.0,40.0,50.0,0.0,,,,,,,665804
FC,Cutter,FB,4,4.65,2,1,0,0.0,0,0.0,3,0,0.0,0.0,1,25.0,25.0,100.0,0.0,,0.0,0.0,0.0,0.0,0.0,665804
FS,Split-Finger,OS,4,4.65,1,1,1,100.0,0,0.0,3,3,100.0,75.0,0,0.0,75.0,75.0,3.12,100.0,0.0,0.0,0.0,0.0,0.0,665804
FF,4-Seam Fastball,FB,19,24.68,4,3,2,50.0,1,25.0,10,5,50.0,26.32,3,15.79,42.11,12.5,29.17,28.57,0.0,0.25,0.0,0.25,0.0,665828
SI,Sinker,FB,16,20.78,4,4,0,0.0,0,0.0,7,1,14.29,6.25,4,25.0,31.25,0.0,12.5,0.0,0.5,0.5,0.5,1.0,0.0,665828
FC,Cutter,FB,15,19.48,3,3,0,0.0,0,0.0,8,2,25.0,13.33,3,20.0,33.33,14.29,20.83,0.0,0.333,0.333,0.333,0.666,0.0,665828
CH,Changeup,OS,9,11.69,2,2,1,50.0,0,0.0,4,3,75.0,33.33,1,11.11,44.44,33.33,12.5,33.33,0.0,0.0,0.0,0.0,0.0,665828
SL,Slider,BR,9,11.69,4,3,0,0.0,0,0.0,7,1,14.29,11.11,0,0.0,11.11,60.0,12.5,0.0,0.333,0.5,0.333,0.833,0.0,665828
KC,Knuckle Curve,BR,3,3.9,1,1,0,0.0,0,0.0,2,0,0.0,0.0,0,0.0,0.0,50.0,0.0,,1.0,1.0,1.0,2.0,0.0,665828
SV,Slurve,BR,2,2.6,0,0,0,,0,,1,0,0.0,0.0,0,0.0,0.0,50.0,8.33,0.0,,,,,,665828
FA,Other,,2,2.6,1,1,0,0.0,0,0.0,2,0,0.0,0.0,0,0.0,0.0,100.0,0.0,,1.0,1.0,1.0,2.0,0.0,665828
CU,Curveball,BR,1,1.3,1,1,1,100.0,0,0.0,1,1,100.0,100.0,0,0.0,100.0,100.0,4.17,100.0,0.0,0.0,0.0,0.0,0.0,665828
ST,Sweeper,BR,1,1.3,1,1,0,0.0,0,0.0,1,0,0.0,0.0,0,0.0,0.0,,0.0,,0.0,0.0,0.0,0.0,0.0,665828
SL,Slider,BR,119,24.84,29,26,10,34.48,3,10.34,52,24,46.15,20.17,15,12.61,32.77,27.78,25.19,29.41,0.115,0.207,0.115,0.322,0.0,665833
SI,Sinker,FB,110,22.96,30,23,6,20.0,6,20.0,40,13,32.5,11.82,29,26.36,38.18,22.22,17.78,25.0,0.13,0.333,0.174,0.507,0.0439999999999999,665833
ST,Sweeper,BR,88,18.37,21,20,12,57.14,1,4.76,40,24,60.0,27.27,16,18.18,45.45,38.46,22.22,40.0,0.15,0.19,0.3,0.49,0.15,665833
FF,4-Seam Fastball,FB,67,13.99,19,16,3,15.79,3,15.79,30,3,10.0,4.48,14,20.9,25.37,12.5,10.37,21.43,0.125,0.263,0.375,0.638,0.25,665833
CU,Curveball,BR,43,8.98,11,11,8,72.73,0,0.0,20,13,65.0,30.23,3,6.98,37.21,36.67,11.85,50.0,0.0,0.0,0.0,0.0,0.0,665833
FC,Cutter,FB,29,6.05,7,5,2,28.57,2,28.57,9,4,44.44,13.79,6,20.69,34.48,12.5,4.44,33.33,0.0,0.286,0.0,0.286,0.0,665833
CH,Changeup,OS,12,2.51,4,3,1,25.0,1,25.0,5,2,40.0,16.67,0,0.0,16.67,0.0,3.7,20.0,0.0,0.25,0.0,0.25,0.0,665833
KC,Knuckle Curve,BR,7,1.46,3,3,1,33.33,0,0.0,5,1,20.0,14.29,1,14.29,28.57,66.67,2.96,25.0,0.0,0.0,0.0,0.0,0.0,665833
FS,Split-Finger,OS,4,0.84,1,1,1,100.0,0,0.0,2,2,100.0,50.0,0,0.0,50.0,50.0,1.48,50.0,0.0,0.0,0.0,0.0,0.0,665833
FF,4-Seam Fastball,FB,14,38.89,7,6,2,28.57,1,14.29,9,4,44.44,28.57,2,14.29,42.86,60.0,25.0,66.67,0.167,0.286,0.167,0.4529999999999999,0.0,665839
SL,Slider,BR,9,25.0,1,1,0,0.0,0,0.0,3,2,66.67,22.22,2,22.22,44.44,20.0,25.0,0.0,0.0,0.0,0.0,0.0,0.0,665839
SI,Sinker,FB,4,11.11,3,3,0,0.0,0,0.0,3,0,0.0,0.0,0,0.0,0.0,0.0,8.33,0.0,0.0,0.0,0.0,0.0,0.0,665839
CU,Curveball,BR,4,11.11,0,0,0,,0,,1,0,0.0,0.0,0,0.0,0.0,0.0,16.67,0.0,,,,,,665839
ST,Sweeper,BR,3,8.33,0,0,0,,0,,1,0,0.0,0.0,0,0.0,0.0,0.0,16.67,0.0,,,,,,665839
CH,Changeup,OS,2,5.56,0,0,0,,0,,1,0,0.0,0.0,1,50.0,50.0,,8.33,0.0,,,,,,665839
CH,Changeup,OS,3,17.65,3,3,0,0.0,0,0.0,3,0,0.0,0.0,0,0.0,0.0,,25.0,0.0,0.333,0.333,0.333,0.666,0.0,665861
FF,4-Seam Fastball,FB,3,17.65,1,0,0,0.0,1,100.0,1,1,100.0,33.33,0,0.0,33.33,0.0,0.0,,,1.0,,,,665861
CU,Curveball,BR,2,11.76,0,0,0,,0,,0,0,,0.0,1,50.0,50.0,0.0,0.0,,,,,,,665861
FC,Cutter,FB,2,11.76,0,0,0,,0,,2,1,50.0,50.0,0,0.0,50.0,100.0,25.0,0.0,,,,,,665861
FS,Split-Finger,OS,2,11.76,0,0,0,,0,,1,1,100.0,50.0,0,0.0,50.0,50.0,0.0,,,,,,,665861
SI,Sinker,FB,2,11.76,0,0,0,,0,,1,0,0.0,0.0,0,0.0,0.0,0.0,0.0,,,,,,,665861
SV,Slurve,BR,2,11.76,1,1,0,0.0,0,0.0,1,0,0.0,0.0,1,50.0,50.0,,25.0,0.0,0.0,0.0,0.0,0.0,0.0,665861
SL,Slider,BR,1,5.88,0,0,0,,0,,0,0,,0.0,0,0.0,0.0,0.0,25.0,0.0,,,,,,665861
SI,Sinker,FB,132,23.0,39,34,7,17.95,2,5.13,59,10,16.95,7.58,37,28.03,35.61,27.08,15.43,25.93,0.265,0.333,0.441,0.774,0.176,665862
FF,4-Seam Fastball,FB,127,22.13,28,26,12,42.86,2,7.14,63,24,38.1,18.9,20,15.75,34.65,20.0,24.0,28.57,0.269,0.321,0.462,0.783,0.193,665862
SL,Slider,BR,120,20.91,28,25,4,14.29,2,7.14,53,20,37.74,16.67,19,15.83,32.5,25.76,20.0,11.43,0.28,0.357,0.52,0.877,0.24,665862
ST,Sweeper,BR,76,13.24,17,14,4,23.53,2,11.76,31,9,29.03,11.84,9,11.84,23.68,23.26,15.43,14.81,0.071,0.176,0.071,0.247,0.0,665862
FC,Cutter,FB,47,8.19,13,11,0,0.0,1,7.69,21,2,9.52,4.26,5,10.64,14.89,24.0,4.57,0.0,0.364,0.417,0.636,1.053,0.272,665862
CH,Changeup,OS,31,5.4,8,7,4,50.0,1,12.5,20,9,45.0,29.03,3,9.68,38.71,42.86,9.71,23.53,0.286,0.375,0.286,0.661,0.0,665862
CU,Curveball,BR,29,5.05,9,8,3,33.33,1,11.11,17,6,35.29,20.69,3,10.34,31.03,33.33,8.0,21.43,0.25,0.333,0.375,0.708,0.125,665862
KC,Knuckle Curve,BR,7,1.22,2,2,2,100.0,0,0.0,5,3,60.0,42.86,0,0.0,42.86,60.0,1.71,66.67,0.0,0.0,0.0,0.0,0.0,665862
SV,Slurve,BR,2,0.35,1,1,0,0.0,0,0.0,2,0,0.0,0.0,0,0.0,0.0,100.0,1.14,0.0,0.0,0.0,0.0,0.0,0.0,665862
EP,Eephus,,1,0.17,0,0,0,,0,,0,0,,0.0,0,0.0,0.0,0.0,0.0,,,,,,,665862
FA,Other,,1,0.17,1,0,0,0.0,0,0.0,0,0,,0.0,0,0.0,0.0,0.0,0.0,,,1.0,,,,665862
FS,Split-Finger,OS,1,0.17,1,1,0,0.0,0,0.0,1,0,0.0,0.0,0,0.0,0.0,,0.0,,0.0,0.0,0.0,0.0,0.0,665862
FF,4-Seam Fastball,FB,17,40.48,6,6,2,33.33,0,0.0,8,0,0.0,0.0,5,29.41,29.41,40.0,46.67,28.57,0.333,0.333,0.5,0.833,0.1669999999999999,665877
SI,Sinker,FB,10,23.81,4,3,0,0.0,1,25.0,5,1,20.0,10.0,1,10.0,20.0,33.33,20.0,0.0,0.0,0.25,0.0,0.25,0.0,665877
CH,Changeup,OS,7,16.67,1,1,0,0.0,0,0.0,1,0,0.0,0.0,2,28.57,28.57,20.0,13.33,0.0,1.0,1.0,1.0,2.0,0.0,665877
SV,Slurve,BR,3,7.14,0,0,0,,0,,1,0,0.0,0.0,1,33.33,33.33,0.0,0.0,,,,,,,665877
CU,Curveball,BR,3,7.14,0,0,0,,0,,0,0,,0.0,0,0.0,0.0,0.0,13.33,0.0,,,,,,665877
FC,Cutter,FB,1,2.38,0,0,0,,0,,0,0,,0.0,0,0.0,0.0,0.0,6.67,0.0,,,,,,665877
ST,Sweeper,BR,1,2.38,0,0,0,,0,,0,0,,0.0,1,100.0,100.0,0.0,0.0,,,,,,,665877
SI,Sinker,FB,18,27.27,4,4,1,25.0,0,0.0,9,3,33.33,16.67,3,16.67,33.33,25.0,19.05,25.0,0.25,0.25,0.25,0.5,0.0,665923
FF,4-Seam Fastball,FB,16,24.24,3,2,1,33.33,1,33.33,5,2,40.0,12.5,3,18.75,31.25,10.0,28.57,16.67,0.0,0.333,0.0,0.333,0.0,665923
CH,Changeup,OS,8,12.12,2,2,0,0.0,0,0.0,5,3,60.0,37.5,0,0.0,37.5,57.14,4.76,0.0,0.5,0.5,0.5,1.0,0.0,665923
CU,Curveball,BR,7,10.61,3,3,1,33.33,0,0.0,6,2,33.33,28.57,0,0.0,28.57,66.67,14.29,33.33,0.333,0.333,1.333,1.666,1.0,665923
ST,Sweeper,BR,6,9.09,3,3,2,66.67,0,0.0,4,3,75.0,50.0,1,16.67,66.67,66.67,19.05,50.0,0.0,0.0,0.0,0.0,0.0,665923
FC,Cutter,FB,5,7.58,1,1,0,0.0,0,0.0,3,1,33.33,20.0,0,0.0,20.0,50.0,0.0,,0.0,0.0,0.0,0.0,0.0,665923
SL,Slider,BR,4,6.06,1,1,1,100.0,0,0.0,3,3,100.0,75.0,0,0.0,75.0,0.0,9.52,50.0,0.0,0.0,0.0,0.0,0.0,665923
KC,Knuckle Curve,BR,2,3.03,1,1,1,100.0,0,0.0,2,2,100.0,100.0,0,0.0,100.0,,4.76,100.0,0.0,0.0,0.0,0.0,0.0,665923
SI,Sinker,FB,96,32.32,27,22,5,18.52,3,11.11,41,6,14.63,6.25,23,23.96,30.21,24.32,22.37,29.41,0.136,0.296,0.364,0.6599999999999999,0.2279999999999999,665926
FF,4-Seam Fastball,FB,62,20.88,15,15,6,40.0,0,0.0,39,17,43.59,27.42,8,12.9,40.32,36.36,21.05,37.5,0.0,0.0,0.0,0.0,0.0,665926
SL,Slider,BR,59,19.87,16,16,1,6.25,0,0.0,37,10,27.03,16.95,11,18.64,35.59,63.64,13.16,10.0,0.375,0.375,0.438,0.813,0.063,665926
ST,Sweeper,BR,36,12.12,10,10,3,30.0,0,0.0,18,5,27.78,13.89,7,19.44,33.33,33.33,19.74,20.0,0.1,0.1,0.1,0.2,0.0,665926
FC,Cutter,FB,26,8.75,9,8,1,11.11,1,11.11,17,4,23.53,15.38,3,11.54,26.92,57.14,7.89,16.67,0.25,0.333,0.25,0.583,0.0,665926
CU,Curveball,BR,9,3.03,3,3,1,33.33,0,0.0,4,1,25.0,11.11,1,11.11,22.22,42.86,7.89,16.67,0.0,0.0,0.0,0.0,0.0,665926
CH,Changeup,OS,6,2.02,4,4,0,0.0,0,0.0,5,1,20.0,16.67,0,0.0,16.67,66.67,5.26,0.0,0.25,0.25,0.5,0.75,0.25,665926
SV,Slurve,BR,2,0.67,1,1,0,0.0,0,0.0,1,0,0.0,0.0,0,0.0,0.0,50.0,1.32,0.0,1.0,1.0,1.0,2.0,0.0,665926
FS,Split-Finger,OS,1,0.34,1,1,1,100.0,0,0.0,1,1,100.0,100.0,0,0.0,100.0,100.0,1.32,100.0,0.0,0.0,0.0,0.0,0.0,665926
CH,Changeup,OS,48,25.4,15,13,5,33.33,2,13.33,26,12,46.15,25.0,4,8.33,33.33,30.77,22.73,33.33,0.154,0.267,0.154,0.421,0.0,665953
FF,4-Seam Fastball,FB,48,25.4,12,11,3,25.0,1,8.33,28,6,21.43,12.5,6,12.5,25.0,39.13,31.82,14.29,0.364,0.417,0.364,0.7809999999999999,0.0,665953
SL,Slider,BR,38,20.11,10,9,4,40.0,1,10.0,23,7,30.43,18.42,5,13.16,31.58,47.06,16.67,36.36,0.222,0.3,0.333,0.633,0.111,665953
ST,Sweeper,BR,17,8.99,3,2,2,66.67,1,33.33,9,4,44.44,23.53,4,23.53,47.06,50.0,13.64,22.22,0.0,0.333,0.0,0.333,0.0,665953
SI,Sinker,FB,15,7.94,3,3,0,0.0,0,0.0,6,2,33.33,13.33,2,13.33,26.67,25.0,0.0,,0.333,0.333,0.667,1.0,0.334,665953
CU,Curveball,BR,13,6.88,4,4,1,25.0,0,0.0,6,2,33.33,15.38,1,7.69,23.08,14.29,10.61,14.29,0.0,0.0,0.0,0.0,0.0,665953
FC,Cutter,FB,10,5.29,0,0,0,,0,,3,1,33.33,10.0,3,30.0,40.0,33.33,4.55,0.0,,,,,,665953
FF,4-Seam Fastball,FB,197,36.69,44,38,11,25.0,6,13.64,97,21,21.65,10.66,33,16.75,27.41,25.29,33.33,18.33,0.263,0.364,0.526,0.89,0.263,665966
CH,Changeup,OS,103,19.18,37,35,4,10.81,2,5.41,58,14,24.14,13.59,11,10.68,24.27,37.5,21.67,10.26,0.257,0.297,0.286,0.583,0.0289999999999999,665966
SI,Sinker,FB,63,11.73,11,8,2,18.18,3,27.27,18,7,38.89,11.11,15,23.81,34.92,11.76,8.33,13.33,0.125,0.364,0.125,0.489,0.0,665966
SL,Slider,BR,60,11.17,13,12,7,53.85,1,7.69,32,12,37.5,20.0,10,16.67,36.67,46.88,14.44,26.92,0.167,0.231,0.5,0.731,0.3329999999999999,665966
FC,Cutter,FB,45,8.38,7,7,2,28.57,0,0.0,24,10,41.67,22.22,8,17.78,40.0,40.91,8.33,13.33,0.143,0.143,0.286,0.4289999999999999,0.143,665966
CU,Curveball,BR,32,5.96,9,7,1,11.11,2,22.22,10,1,10.0,3.12,7,21.88,25.0,12.5,3.89,14.29,0.286,0.444,0.571,1.015,0.285,665966
ST,Sweeper,BR,23,4.28,6,6,1,16.67,0,0.0,15,3,20.0,13.04,2,8.7,21.74,50.0,6.11,9.09,0.5,0.5,0.5,1.0,0.0,665966
KC,Knuckle Curve,BR,9,1.68,2,1,0,0.0,1,50.0,2,1,50.0,11.11,2,22.22,33.33,14.29,3.33,0.0,0.0,0.5,0.0,0.5,0.0,665966
FS,Split-Finger,OS,3,0.56,1,1,0,0.0,0,0.0,1,0,0.0,0.0,0,0.0,0.0,0.0,0.0,,0.0,0.0,0.0,0.0,0.0,665966
SV,Slurve,BR,2,0.37,0,0,0,,0,,0,0,,0.0,1,50.0,50.0,0.0,0.56,0.0,,,,,,665966
SI,Sinker,FB,104,26.87,28,24,5,17.86,4,14.29,40,8,20.0,7.69,36,34.62,42.31,26.83,18.64,22.73,0.292,0.393,0.333,0.726,0.041,666018
FF,4-Seam Fastball,FB,93,24.03,23,14,8,34.78,7,30.43,43,12,27.91,12.9,21,22.58,35.48,26.19,22.88,29.63,0.429,0.652,0.5,1.152,0.071,666018
ST,Sweeper,BR,70,18.09,19,19,6,31.58,0,0.0,34,10,29.41,14.29,9,12.86,27.14,28.95,25.42,20.0,0.211,0.211,0.263,0.474,0.052,666018
SL,Slider,BR,65,16.8,16,16,3,18.75,0,0.0,24,4,16.67,6.15,13,20.0,26.15,17.65,11.86,21.43,0.312,0.312,0.5,0.812,0.188,666018
FC,Cutter,FB,28,7.24,6,6,4,66.67,0,0.0,10,5,50.0,17.86,7,25.0,42.86,14.29,8.47,40.0,0.0,0.0,0.0,0.0,0.0,666018
CU,Curveball,BR,18,4.65,4,4,1,25.0,0,0.0,3,0,0.0,0.0,3,16.67,16.67,0.0,7.63,11.11,0.0,0.0,0.0,0.0,0.0,666018
CH,Changeup,OS,4,1.03,1,1,0,0.0,0,0.0,3,1,33.33,25.0,0,0.0,25.0,50.0,2.54,0.0,1.0,1.0,1.0,2.0,0.0,666018
KC,Knuckle Curve,BR,3,0.78,1,0,0,0.0,1,100.0,0,0,,0.0,0,0.0,0.0,0.0,0.85,0.0,,1.0,,,,666018
,,,2,0.52,0,0,0,,0,,0,0,,0.0,0,0.0,0.0,,1.69,0.0,,,,,,666018
FF,4-Seam Fastball,FB,113,27.16,27,25,8,29.63,0,0.0,62,18,29.03,15.93,18,15.93,31.86,33.96,30.23,20.51,0.24,0.24,0.28,0.52,0.04,666023
CH,Changeup,OS,75,18.03,20,18,4,20.0,1,5.0,42,17,40.48,22.67,7,9.33,32.0,42.22,18.6,16.67,0.167,0.211,0.167,0.378,0.0,666023
SL,Slider,BR,58,13.94,11,11,3,27.27,0,0.0,28,8,28.57,13.79,9,15.52,29.31,19.23,15.5,15.0,0.091,0.091,0.091,0.182,0.0,666023
SI,Sinker,FB,54,12.98,20,18,2,10.0,2,10.0,32,10,31.25,18.52,6,11.11,29.63,30.0,10.85,14.29,0.333,0.4,0.333,0.7330000000000001,0.0,666023
CU,Curveball,BR,50,12.02,13,13,4,30.77,0,0.0,22,9,40.91,18.0,9,18.0,36.0,32.0,11.63,26.67,0.154,0.154,0.385,0.539,0.231,666023
FC,Cutter,FB,26,6.25,10,9,1,10.0,1,10.0,17,3,17.65,11.54,2,7.69,19.23,50.0,3.88,20.0,0.222,0.3,0.222,0.522,0.0,666023
ST,Sweeper,BR,20,4.81,4,3,1,25.0,1,25.0,8,1,12.5,5.0,4,20.0,25.0,11.11,6.2,12.5,0.333,0.5,1.333,1.833,1.0,666023
KC,Knuckle Curve,BR,7,1.68,2,2,0,0.0,0,0.0,4,1,25.0,14.29,0,0.0,14.29,0.0,2.33,0.0,0.0,0.0,0.0,0.0,0.0,666023
SV,Slurve,BR,5,1.2,0,0,0,,0,,0,0,,0.0,1,20.0,20.0,0.0,0.78,0.0,,,,,,666023
FS,Split-Finger,OS,4,0.96,1,1,0,0.0,0,0.0,3,0,0.0,0.0,0,0.0,0.0,50.0,0.0,,0.0,0.0,0.0,0.0,0.0,666023
,,,4,0.96,1,0,0,0.0,1,100.0,0,0,,0.0,0,0.0,0.0,,0.0,,,1.0,,,,666023
SI,Sinker,FB,9,47.37,2,2,0,0.0,0,0.0,5,0,0.0,0.0,2,22.22,22.22,60.0,37.5,0.0,0.0,0.0,0.0,0.0,0.0,666126
CU,Curveball,BR,3,15.79,1,1,0,0.0,0,0.0,2,0,0.0,0.0,0,0.0,0.0,50.0,25.0,0.0,0.0,0.0,0.0,0.0,0.0,666126
FF,4-Seam Fastball,FB,3,15.79,1,1,0,0.0,0,0.0,2,0,0.0,0.0,0,0.0,0.0,100.0,0.0,,1.0,1.0,1.0,2.0,0.0,666126
SL,Slider,BR,3,15.79,1,1,0,0.0,0,0.0,1,0,0.0,0.0,0,0.0,0.0,0.0,37.5,0.0,1.0,1.0,1.0,2.0,0.0,666126
KC,Knuckle Curve,BR,1,5.26,0,0,0,,0,,0,0,,0.0,1,100.0,100.0,0.0,0.0,,,,,,,666126
FF,4-Seam Fastball,FB,120,33.43,28,25,12,42.86,2,7.14,60,17,28.33,14.17,23,19.17,33.33,17.07,37.9,25.53,0.16,0.25,0.2,0.45,0.04,666134
SI,Sinker,FB,89,24.79,20,16,5,25.0,3,15.0,27,3,11.11,3.37,24,26.97,30.34,13.95,12.1,33.33,0.25,0.4,0.25,0.65,0.0,666134
ST,Sweeper,BR,59,16.43,13,13,8,61.54,0,0.0,27,15,55.56,25.42,9,15.25,40.68,36.11,19.35,33.33,0.154,0.154,0.154,0.308,0.0,666134
SL,Slider,BR,48,13.37,11,10,3,27.27,0,0.0,24,7,29.17,14.58,9,18.75,33.33,40.74,16.94,14.29,0.3,0.3,0.3,0.6,0.0,666134
CU,Curveball,BR,21,5.85,5,5,2,40.0,0,0.0,11,5,45.45,23.81,4,19.05,42.86,53.85,7.26,22.22,0.2,0.2,0.2,0.4,0.0,666134
FC,Cutter,FB,16,4.46,5,5,0,0.0,0,0.0,13,0,0.0,0.0,0,0.0,0.0,57.14,3.23,0.0,0.0,0.0,0.0,0.0,0.0,666134
CH,Changeup,OS,3,0.84,1,1,1,100.0,0,0.0,2,2,100.0,66.67,0,0.0,66.67,50.0,1.61,50.0,0.0,0.0,0.0,0.0,0.0,666134
SV,Slurve,BR,2,0.56,1,0,0,0.0,1,100.0,0,0,,0.0,0,0.0,0.0,0.0,0.81,0.0,,1.0,,,,666134
FS,Split-Finger,OS,1,0.28,1,1,1,100.0,0,0.0,1,1,100.0,100.0,0,0.0,100.0,100.0,0.81,100.0,0.0,0.0,0.0,0.0,0.0,666134
SI,Sinker,FB,133,24.81,23,19,3,13.04,4,17.39,54,8,14.81,6.02,31,23.31,29.32,34.85,18.23,8.11,0.211,0.348,0.316,0.6639999999999999,0.105,666139
FF,4-Seam Fastball,FB,132,24.63,29,27,11,37.93,1,3.45,75,28,37.33,21.21,22,16.67,37.88,31.11,27.09,20.0,0.185,0.207,0.333,0.54,0.148,666139
SL,Slider,BR,117,21.83,30,29,9,30.0,1,3.33,65,20,30.77,17.09,17,14.53,31.62,43.55,21.67,20.45,0.207,0.233,0.241,0.474,0.034,666139
ST,Sweeper,BR,70,13.06,16,15,10,62.5,0,0.0,37,19,51.35,27.14,9,12.86,40.0,41.46,13.79,35.71,0.0,0.062,0.0,0.062,0.0,666139
FC,Cutter,FB,32,5.97,4,4,0,0.0,0,0.0,15,6,40.0,18.75,7,21.88,40.62,31.25,3.45,0.0,0.0,0.0,0.0,0.0,0.0,666139
CU,Curveball,BR,29,5.41,12,12,4,33.33,0,0.0,17,5,29.41,17.24,2,6.9,24.14,33.33,7.88,25.0,0.167,0.167,0.25,0.417,0.0829999999999999,666139
CH,Changeup,OS,9,1.68,3,2,0,0.0,1,33.33,5,0,0.0,0.0,1,11.11,11.11,25.0,2.96,0.0,0.0,0.333,0.0,0.333,0.0,666139
KC,Knuckle Curve,BR,9,1.68,4,4,1,25.0,0,0.0,6,2,33.33,22.22,0,0.0,22.22,40.0,2.96,16.67,0.25,0.25,0.25,0.5,0.0,666139
SV,Slurve,BR,5,0.93,4,3,1,25.0,1,25.0,3,1,33.33,20.0,0,0.0,20.0,33.33,1.97,25.0,0.333,0.5,0.333,0.833,0.0,666139
CH,Changeup,OS,84,26.92,21,21,12,57.14,0,0.0,47,26,55.32,30.95,3,3.57,34.52,42.62,27.88,41.38,0.143,0.143,0.143,0.286,0.0,666149
FF,4-Seam Fastball,FB,81,25.96,17,13,5,29.41,3,17.65,39,12,30.77,14.81,13,16.05,30.86,30.95,23.08,20.83,0.308,0.438,0.385,0.823,0.077,666149
SI,Sinker,FB,48,15.38,10,8,1,10.0,2,20.0,26,4,15.38,8.33,8,16.67,25.0,23.81,11.54,8.33,0.25,0.4,0.625,1.025,0.375,666149
SL,Slider,BR,31,9.94,6,4,2,33.33,2,33.33,16,7,43.75,22.58,2,6.45,29.03,23.53,11.54,16.67,0.25,0.5,0.75,1.25,0.5,666149
ST,Sweeper,BR,24,7.69,6,5,0,0.0,1,16.67,10,1,10.0,4.17,1,4.17,8.33,27.78,8.65,0.0,0.4,0.5,0.4,0.9,0.0,666149
CU,Curveball,BR,22,7.05,7,6,3,42.86,1,14.29,9,3,33.33,13.64,5,22.73,36.36,0.0,11.54,25.0,0.0,0.143,0.0,0.143,0.0,666149
FC,Cutter,FB,16,5.13,6,4,1,16.67,1,16.67,8,3,37.5,18.75,3,18.75,37.5,14.29,2.88,33.33,0.25,0.5,0.25,0.75,0.0,666149
KC,Knuckle Curve,BR,3,0.96,1,1,0,0.0,0,0.0,1,0,0.0,0.0,1,33.33,33.33,50.0,1.92,0.0,1.0,1.0,1.0,2.0,0.0,666149
FS,Split-Finger,OS,2,0.64,1,1,0,0.0,0,0.0,1,0,0.0,0.0,0,0.0,0.0,0.0,0.0,,0.0,0.0,0.0,0.0,0.0,666149
,,,1,0.32,0,0,0,,0,,0,0,,0.0,0,0.0,0.0,,0.96,0.0,,,,,,666149
FF,4-Seam Fastball,FB,10,35.71,2,2,0,0.0,0,0.0,5,0,0.0,0.0,2,20.0,20.0,25.0,20.0,0.0,0.5,0.5,1.0,1.5,0.5,666150
SI,Sinker,FB,9,32.14,1,0,0,0.0,1,100.0,3,0,0.0,0.0,2,22.22,22.22,16.67,40.0,0.0,,1.0,,,,666150
SL,Slider,BR,7,25.0,1,1,0,0.0,0,0.0,3,0,0.0,0.0,0,0.0,0.0,20.0,20.0,0.0,0.0,0.0,0.0,0.0,0.0,666150
CH,Changeup,OS,1,3.57,1,1,0,0.0,0,0.0,1,0,0.0,0.0,0,0.0,0.0,,10.0,0.0,0.0,0.0,0.0,0.0,0.0,666150
CU,Curveball,BR,1,3.57,1,1,0,0.0,0,0.0,1,0,0.0,0.0,0,0.0,0.0,100.0,10.0,0.0,0.0,0.0,0.0,0.0,0.0,666150
SI,Sinker,FB,34,44.74,9,9,2,22.22,0,0.0,16,3,18.75,8.82,12,35.29,44.12,42.86,32.0,25.0,0.111,0.111,0.111,0.222,0.0,666152
SL,Slider,BR,14,18.42,3,3,0,0.0,0,0.0,7,1,14.29,7.14,2,14.29,21.43,16.67,20.0,0.0,0.667,0.667,0.667,1.334,0.0,666152
FF,4-Seam Fastball,FB,13,17.11,3,3,1,33.33,0,0.0,5,1,20.0,7.69,3,23.08,30.77,20.0,20.0,20.0,0.0,0.0,0.0,0.0,0.0,666152
ST,Sweeper,BR,11,14.47,5,4,3,60.0,0,0.0,7,4,57.14,36.36,0,0.0,36.36,42.86,28.0,42.86,0.0,0.2,0.0,0.2,0.0,666152
FC,Cutter,FB,2,2.63,0,0,0,,0,,0,0,,0.0,0,0.0,0.0,0.0,0.0,,,,,,,666152
CU,Curveball,BR,1,1.32,0,0,0,,0,,0,0,,0.0,0,0.0,0.0,0.0,0.0,,,,,,,666152
CH,Changeup,OS,1,1.32,0,0,0,,0,,0,0,,0.0,0,0.0,0.0,0.0,0.0,,,,,,,666152
FF,4-Seam Fastball,FB,68,26.15,15,13,4,26.67,2,13.33,39,10,25.64,14.71,9,13.24,27.94,25.0,22.34,14.29,0.231,0.333,0.231,0.5640000000000001,0.0,666158
SI,Sinker,FB,68,26.15,23,19,5,21.74,4,17.39,30,3,10.0,4.41,15,22.06,26.47,25.0,20.21,26.32,0.211,0.348,0.263,0.611,0.052,666158
SL,Slider,BR,63,24.23,12,12,5,41.67,0,0.0,23,13,56.52,20.63,16,25.4,46.03,22.58,27.66,19.23,0.083,0.083,0.083,0.166,0.0,666158
CU,Curveball,BR,20,7.69,6,6,4,66.67,0,0.0,4,2,50.0,10.0,4,20.0,30.0,0.0,12.77,33.33,0.0,0.0,0.0,0.0,0.0,666158
ST,Sweeper,BR,17,6.54,4,3,1,25.0,1,25.0,6,2,33.33,11.76,4,23.53,35.29,22.22,6.38,16.67,0.333,0.5,0.333,0.833,0.0,666158
FC,Cutter,FB,15,5.77,1,1,0,0.0,0,0.0,5,1,20.0,6.67,2,13.33,20.0,0.0,3.19,0.0,0.0,0.0,0.0,0.0,0.0,666158
CH,Changeup,OS,7,2.69,2,2,0,0.0,0,0.0,2,0,0.0,0.0,0,0.0,0.0,0.0,5.32,0.0,0.5,0.5,0.5,1.0,0.0,666158
SV,Slurve,BR,2,0.77,0,0,0,,0,,0,0,,0.0,0,0.0,0.0,0.0,2.13,0.0,,,,,,666158
SL,Slider,BR,59,26.11,14,12,5,35.71,1,7.14,29,9,31.03,15.25,8,13.56,28.81,31.25,27.12,31.25,0.083,0.143,0.167,0.31,0.084,666160
FF,4-Seam Fastball,FB,56,24.78,13,12,4,30.77,1,7.69,27,6,22.22,10.71,13,23.21,33.93,25.0,30.51,22.22,0.417,0.462,0.667,1.129,0.25,666160
SI,Sinker,FB,51,22.57,12,10,2,16.67,2,16.67,12,1,8.33,1.96,17,33.33,35.29,12.5,15.25,22.22,0.1,0.25,0.1,0.35,0.0,666160
ST,Sweeper,BR,22,9.73,10,9,5,50.0,1,10.0,11,5,45.45,22.73,2,9.09,31.82,33.33,8.47,100.0,0.111,0.2,0.111,0.311,0.0,666160
FC,Cutter,FB,14,6.19,4,4,0,0.0,0,0.0,8,0,0.0,0.0,0,0.0,0.0,14.29,3.39,0.0,0.5,0.5,0.75,1.25,0.25,666160
CU,Curveball,BR,11,4.87,2,2,0,0.0,0,0.0,6,3,50.0,27.27,1,9.09,36.36,42.86,3.39,0.0,0.5,0.5,0.5,1.0,0.0,666160
CH,Changeup,OS,6,2.65,3,3,2,66.67,0,0.0,5,3,60.0,50.0,0,0.0,50.0,75.0,3.39,100.0,0.333,0.333,0.333,0.666,0.0,666160
SV,Slurve,BR,4,1.77,1,1,0,0.0,0,0.0,2,0,0.0,0.0,1,25.0,25.0,50.0,3.39,0.0,0.0,0.0,0.0,0.0,0.0,666160
FS,Split-Finger,OS,2,0.88,1,1,1,100.0,0,0.0,1,1,100.0,50.0,0,0.0,50.0,50.0,3.39,50.0,0.0,0.0,0.0,0.0,0.0,666160
KC,Knuckle Curve,BR,1,0.44,0,0,0,,0,,0,0,,0.0,0,0.0,0.0,0.0,1.69,0.0,,,,,,666160
FF,4-Seam Fastball,FB,31,36.9,8,6,1,12.5,1,12.5,19,4,21.05,12.9,6,19.35,32.26,41.67,50.0,11.11,0.333,0.429,0.333,0.762,0.0,666163
SI,Sinker,FB,24,28.57,8,7,0,0.0,1,12.5,8,0,0.0,0.0,7,29.17,29.17,18.18,11.11,0.0,0.143,0.25,0.143,0.393,0.0,666163
SL,Slider,BR,14,16.67,4,4,2,50.0,0,0.0,8,6,75.0,42.86,0,0.0,42.86,25.0,27.78,40.0,0.0,0.0,0.0,0.0,0.0,666163
ST,Sweeper,BR,10,11.9,3,3,1,33.33,0,0.0,4,2,50.0,20.0,2,20.0,40.0,50.0,11.11,50.0,0.667,0.667,0.667,1.334,0.0,666163
CU,Curveball,BR,3,3.57,0,0,0,,0,,0,0,,0.0,0,0.0,0.0,0.0,0.0,,,,,,,666163
FC,Cutter,FB,1,1.19,0,0,0,,0,,1,1,100.0,100.0,0,0.0,100.0,,0.0,,,,,,,666163
CH,Changeup,OS,1,1.19,1,0,0,0.0,0,0.0,1,0,0.0,0.0,0,0.0,0.0,,0.0,,,,,,,666163
FF,4-Seam Fastball,FB,8,44.44,2,1,0,0.0,0,0.0,4,0,0.0,0.0,2,25.0,25.0,0.0,60.0,0.0,0.0,0.0,0.0,0.0,0.0,666165
SL,Slider,BR,5,27.78,1,1,1,100.0,0,0.0,3,2,66.67,40.0,0,0.0,40.0,50.0,20.0,100.0,0.0,0.0,0.0,0.0,0.0,666165
SI,Sinker,FB,3,16.67,1,1,0,0.0,0,0.0,3,1,33.33,33.33,0,0.0,33.33,100.0,0.0,,0.0,0.0,0.0,0.0,0.0,666165
CU,Curveball,BR,1,5.56,1,1,1,100.0,0,0.0,0,0,,0.0,1,100.0,100.0,,20.0,100.0,0.0,0.0,0.0,0.0,0.0,666165
ST,Sweeper,BR,1,5.56,0,0,0,,0,,1,0,0.0,0.0,0,0.0,0.0,,0.0,,,,,,,666165
FF,4-Seam Fastball,FB,146,34.84,36,34,9,25.0,2,5.56,84,20,23.81,13.7,15,10.27,23.97,26.32,32.41,19.15,0.265,0.306,0.529,0.835,0.264,666176
CH,Changeup,OS,67,15.99,14,14,4,28.57,0,0.0,33,12,36.36,17.91,6,8.96,26.87,30.95,12.41,22.22,0.214,0.214,0.5,0.714,0.286,666176
FC,Cutter,FB,54,12.89,13,10,1,7.69,3,23.08,36,8,22.22,14.81,4,7.41,22.22,31.82,8.97,7.69,0.3,0.462,1.2,1.662,0.8999999999999999,666176
SL,Slider,BR,47,11.22,9,8,2,22.22,1,11.11,18,7,38.89,14.89,6,12.77,27.66,23.33,14.48,9.52,0.375,0.444,1.125,1.569,0.75,666176
SI,Sinker,FB,35,8.35,13,11,3,23.08,2,15.38,17,2,11.76,5.71,5,14.29,20.0,35.0,8.28,25.0,0.273,0.385,0.273,0.658,0.0,666176
CU,Curveball,BR,29,6.92,8,7,3,37.5,1,12.5,13,6,46.15,20.69,4,13.79,34.48,36.84,8.28,25.0,0.143,0.25,0.143,0.393,0.0,666176
ST,Sweeper,BR,22,5.25,6,5,1,16.67,1,16.67,7,0,0.0,0.0,4,18.18,18.18,21.43,8.97,7.69,0.4,0.5,0.4,0.9,0.0,666176
KC,Knuckle Curve,BR,9,2.15,3,3,1,33.33,0,0.0,6,1,16.67,11.11,1,11.11,22.22,50.0,3.45,20.0,0.333,0.333,0.333,0.666,0.0,666176
FS,Split-Finger,OS,8,1.91,2,2,0,0.0,0,0.0,3,1,33.33,12.5,0,0.0,12.5,0.0,2.76,0.0,0.5,0.5,1.0,1.5,0.5,666176
CS,Slow Curve,BR,1,0.24,0,0,0,,0,,0,0,,0.0,1,100.0,100.0,,0.0,,,,,,,666176
SV,Slurve,BR,1,0.24,0,0,0,,0,,1,0,0.0,0.0,0,0.0,0.0,,0.0,,,,,,,666176
FF,4-Seam Fastball,FB,22,29.73,8,7,3,37.5,1,12.5,13,5,38.46,22.73,5,22.73,45.45,50.0,30.77,75.0,0.143,0.25,0.571,0.821,0.4279999999999999,666181
SL,Slider,BR,15,20.27,4,4,0,0.0,0,0.0,7,2,28.57,13.33,2,13.33,26.67,14.29,7.69,0.0,0.0,0.0,0.0,0.0,0.0,666181
SI,Sinker,FB,14,18.92,4,2,0,0.0,1,25.0,4,1,25.0,7.14,4,28.57,35.71,37.5,7.69,0.0,0.0,0.25,0.0,0.25,0.0,666181
ST,Sweeper,BR,14,18.92,2,1,1,50.0,1,50.0,4,2,50.0,14.29,2,14.29,28.57,22.22,38.46,20.0,0.0,0.5,0.0,0.5,0.0,666181
FC,Cutter,FB,4,5.41,2,2,0,0.0,0,0.0,2,0,0.0,0.0,1,25.0,25.0,0.0,0.0,,0.5,0.5,2.0,2.5,1.5,666181
CU,Curveball,BR,3,4.05,0,0,0,,0,,0,0,,0.0,0,0.0,0.0,0.0,7.69,0.0,,,,,,666181
CH,Changeup,OS,2,2.7,1,1,1,100.0,0,0.0,1,1,100.0,50.0,0,0.0,50.0,50.0,7.69,100.0,0.0,0.0,0.0,0.0,0.0,666181
FF,4-Seam Fastball,FB,154,30.02,33,31,2,6.06,2,6.06,82,6,7.32,3.9,18,11.69,15.58,31.17,26.39,5.26,0.29,0.333,0.484,0.817,0.194,666182
CH,Changeup,OS,110,21.44,30,29,3,10.0,1,3.33,69,18,26.09,16.36,3,2.73,19.09,49.35,25.0,8.33,0.31,0.333,0.621,0.954,0.311,666182
SI,Sinker,FB,80,15.59,16,16,1,6.25,0,0.0,42,6,14.29,7.5,13,16.25,23.75,17.65,11.81,5.88,0.312,0.312,0.5,0.812,0.188,666182
FC,Cutter,FB,68,13.26,22,22,0,0.0,0,0.0,45,6,13.33,8.82,8,11.76,20.59,44.0,11.81,0.0,0.455,0.455,0.545,1.0,0.09,666182
SL,Slider,BR,42,8.19,15,12,4,26.67,1,6.67,21,6,28.57,14.29,4,9.52,23.81,32.0,13.19,21.05,0.167,0.267,0.333,0.6000000000000001,0.166,666182
CU,Curveball,BR,28,5.46,12,11,3,25.0,1,8.33,21,10,47.62,35.71,1,3.57,39.29,68.42,6.94,30.0,0.273,0.333,0.545,0.8780000000000001,0.272,666182
ST,Sweeper,BR,10,1.95,4,4,1,25.0,0,0.0,6,2,33.33,20.0,2,20.0,40.0,66.67,2.78,25.0,0.25,0.25,1.0,1.25,0.75,666182
,,,9,1.75,2,0,0,0.0,2,100.0,0,0,,0.0,0,0.0,0.0,,0.0,,,1.0,,,,666182
KC,Knuckle Curve,BR,5,0.97,3,3,0,0.0,0,0.0,4,1,25.0,20.0,0,0.0,20.0,75.0,0.69,0.0,0.333,0.333,1.333,1.666,1.0,666182
EP,Eephus,,5,0.97,0,0,0,,0,,2,0,0.0,0.0,0,0.0,0.0,0.0,0.0,,,,,,,666182
FA,Other,,1,0.19,1,1,0,0.0,0,0.0,1,0,0.0,0.0,0,0.0,0.0,100.0,0.69,0.0,0.0,0.0,0.0,0.0,0.0,666182
FS,Split-Finger,OS,1,0.19,1,1,0,0.0,0,0.0,1,0,0.0,0.0,0,0.0,0.0,100.0,0.69,0.0,0.0,0.0,0.0,0.0,0.0,666182
FF,4-Seam Fastball,FB,92,32.86,29,25,3,10.34,3,10.34,50,7,14.0,7.61,15,16.3,23.91,9.38,34.78,9.38,0.24,0.321,0.24,0.5609999999999999,0.0,666185
FC,Cutter,FB,45,16.07,7,7,3,42.86,0,0.0,23,7,30.43,15.56,10,22.22,37.78,6.25,17.39,18.75,0.0,0.0,0.0,0.0,0.0,666185
CH,Changeup,OS,40,14.29,12,12,5,41.67,0,0.0,23,9,39.13,22.5,2,5.0,27.5,40.0,18.48,29.41,0.083,0.083,0.083,0.166,0.0,666185
SI,Sinker,FB,35,12.5,12,12,2,16.67,0,0.0,17,2,11.76,5.71,11,31.43,37.14,25.0,6.52,33.33,0.25,0.25,0.417,0.667,0.1669999999999999,666185
SL,Slider,BR,30,10.71,9,8,4,44.44,1,11.11,15,8,53.33,26.67,7,23.33,50.0,27.27,8.7,50.0,0.375,0.444,0.75,1.194,0.375,666185
ST,Sweeper,BR,17,6.07,0,0,0,,0,,5,2,40.0,11.76,2,11.76,23.53,9.09,7.61,0.0,,,,,,666185
CU,Curveball,BR,14,5.0,4,4,2,50.0,0,0.0,4,2,50.0,14.29,2,14.29,28.57,18.18,6.52,33.33,0.25,0.25,0.25,0.5,0.0,666185
FS,Split-Finger,OS,4,1.43,0,0,0,,0,,0,0,,0.0,1,25.0,25.0,0.0,0.0,,,,,,,666185
KC,Knuckle Curve,BR,2,0.71,0,0,0,,0,,0,0,,0.0,2,100.0,100.0,,0.0,,,,,,,666185
SV,Slurve,BR,1,0.36,0,0,0,,0,,1,0,0.0,0.0,0,0.0,0.0,,0.0,,,,,,,666185
FF,4-Seam Fastball,FB,3,37.5,1,1,0,0.0,0,0.0,3,1,33.33,33.33,0,0.0,33.33,100.0,50.0,0.0,0.0,0.0,0.0,0.0,0.0,666198
SI,Sinker,FB,2,25.0,0,0,0,,0,,1,0,0.0,0.0,0,0.0,0.0,0.0,0.0,,,,,,,666198
CH,Changeup,OS,1,12.5,1,1,0,0.0,0,0.0,1,0,0.0,0.0,0,0.0,0.0,,50.0,0.0,0.0,0.0,0.0,0.0,0.0,666198
SL,Slider,BR,1,12.5,0,0,0,,0,,1,0,0.0,0.0,0,0.0,0.0,,0.0,,,,,,,666198
ST,Sweeper,BR,1,12.5,0,0,0,,0,,0,0,,0.0,0,0.0,0.0,0.0,0.0,,,,,,,666198
FF,4-Seam Fastball,FB,23,36.51,10,8,3,30.0,2,20.0,12,5,41.67,21.74,6,26.09,47.83,20.0,33.33,50.0,0.375,0.5,0.5,1.0,0.125,666211
SL,Slider,BR,12,19.05,1,1,0,0.0,0,0.0,4,1,25.0,8.33,1,8.33,16.67,22.22,27.78,0.0,0.0,0.0,0.0,0.0,0.0,666211
CU,Curveball,BR,11,17.46,2,1,1,50.0,1,50.0,3,3,100.0,27.27,1,9.09,36.36,12.5,27.78,20.0,0.0,0.5,0.0,0.5,0.0,666211
SI,Sinker,FB,10,15.87,1,1,1,100.0,0,0.0,3,3,100.0,30.0,3,30.0,60.0,0.0,11.11,50.0,0.0,0.0,0.0,0.0,0.0,666211
FC,Cutter,FB,4,6.35,1,1,0,0.0,0,0.0,1,0,0.0,0.0,0,0.0,0.0,0.0,0.0,,1.0,1.0,1.0,2.0,0.0,666211
CH,Changeup,OS,2,3.17,0,0,0,,0,,1,1,100.0,50.0,0,0.0,50.0,50.0,0.0,,,,,,,666211
ST,Sweeper,BR,1,1.59,1,1,0,0.0,0,0.0,1,0,0.0,0.0,0,0.0,0.0,,0.0,,0.0,0.0,0.0,0.0,0.0,666211
FF,4-Seam Fastball,FB,87,28.16,25,22,2,8.0,3,12.0,53,6,11.32,6.9,8,9.2,16.09,31.43,28.85,6.67,0.0,0.12,0.0,0.12,0.0,666310
SL,Slider,BR,74,23.95,14,13,3,21.43,1,7.14,33,12,36.36,16.22,11,14.86,31.08,32.5,25.0,11.54,0.308,0.357,0.308,0.665,0.0,666310
SI,Sinker,FB,69,22.33,23,19,2,8.7,2,8.7,37,4,10.81,5.8,15,21.74,27.54,37.5,15.38,12.5,0.263,0.318,0.474,0.792,0.2109999999999999,666310
ST,Sweeper,BR,39,12.62,12,12,3,25.0,0,0.0,23,9,39.13,23.08,3,7.69,30.77,38.1,15.38,18.75,0.083,0.083,0.333,0.416,0.25,666310
CU,Curveball,BR,17,5.5,6,5,1,16.67,1,16.67,7,1,14.29,5.88,2,11.76,17.65,20.0,9.62,10.0,0.4,0.5,0.4,0.9,0.0,666310
FC,Cutter,FB,16,5.18,2,2,1,50.0,0,0.0,8,2,25.0,12.5,4,25.0,37.5,20.0,1.92,50.0,0.5,0.5,0.5,1.0,0.0,666310
CH,Changeup,OS,4,1.29,1,1,0,0.0,0,0.0,3,0,0.0,0.0,0,0.0,0.0,0.0,2.88,0.0,0.0,0.0,0.0,0.0,0.0,666310
SV,Slurve,BR,2,0.65,1,1,1,100.0,0,0.0,2,1,50.0,50.0,0,0.0,50.0,100.0,0.96,100.0,0.0,0.0,0.0,0.0,0.0,666310
KC,Knuckle Curve,BR,1,0.32,1,1,0,0.0,0,0.0,1,0,0.0,0.0,0,0.0,0.0,,0.0,,0.0,0.0,0.0,0.0,0.0,666310
SI,Sinker,FB,59,30.57,13,12,5,38.46,0,0.0,19,3,15.79,5.08,20,33.9,38.98,13.64,24.62,31.25,0.333,0.385,0.667,1.052,0.334,666397
FF,4-Seam Fastball,FB,50,25.91,12,9,2,16.67,2,16.67,15,1,6.67,2.0,13,26.0,28.0,8.33,20.0,15.38,0.222,0.364,0.333,0.6970000000000001,0.111,666397
SL,Slider,BR,41,21.24,9,9,3,33.33,0,0.0,15,4,26.67,9.76,6,14.63,24.39,16.0,26.15,17.65,0.333,0.333,0.556,0.889,0.223,666397
ST,Sweeper,BR,18,9.33,5,5,3,60.0,0,0.0,9,6,66.67,33.33,3,16.67,50.0,53.85,12.31,37.5,0.0,0.0,0.0,0.0,0.0,666397
CH,Changeup,OS,8,4.15,4,4,1,25.0,0,0.0,7,4,57.14,50.0,1,12.5,62.5,100.0,4.62,33.33,0.25,0.25,0.25,0.5,0.0,666397
KC,Knuckle Curve,BR,7,3.63,2,0,0,0.0,1,50.0,1,0,0.0,0.0,1,14.29,14.29,0.0,4.62,0.0,,1.0,,,,666397
FC,Cutter,FB,6,3.11,1,1,0,0.0,0,0.0,2,0,0.0,0.0,1,16.67,16.67,0.0,3.08,0.0,0.0,0.0,0.0,0.0,0.0,666397
CU,Curveball,BR,4,2.07,0,0,0,,0,,3,0,0.0,0.0,1,25.0,25.0,100.0,4.62,0.0,,,,,,666397
FF,4-Seam Fastball,FB,30,36.14,11,11,3,27.27,0,0.0,18,5,27.78,16.67,6,20.0,36.67,0.0,40.0,50.0,0.364,0.364,0.727,1.091,0.363,666464
SL,Slider,BR,12,14.46,4,3,0,0.0,1,25.0,4,1,25.0,8.33,3,25.0,33.33,0.0,0.0,,0.333,0.5,0.667,1.167,0.334,666464
ST,Sweeper,BR,7,8.43,4,4,0,0.0,0,0.0,6,2,33.33,28.57,0,0.0,28.57,66.67,26.67,0.0,0.0,0.0,0.0,0.0,0.0,666464
FC,Cutter,FB,7,8.43,2,2,0,0.0,0,0.0,4,1,25.0,14.29,2,28.57,42.86,100.0,0.0,,0.0,0.0,0.0,0.0,0.0,666464
KC,Knuckle Curve,BR,7,8.43,2,2,1,50.0,0,0.0,3,2,66.67,28.57,1,14.29,42.86,40.0,13.33,50.0,0.0,0.0,0.0,0.0,0.0,666464
SI,Sinker,FB,6,7.23,1,1,1,100.0,0,0.0,1,1,100.0,16.67,3,50.0,66.67,25.0,6.67,100.0,0.0,0.0,0.0,0.0,0.0,666464
CU,Curveball,BR,5,6.02,1,1,1,100.0,0,0.0,2,1,50.0,20.0,1,20.0,40.0,0.0,6.67,100.0,0.0,0.0,0.0,0.0,0.0,666464
CH,Changeup,OS,5,6.02,0,0,0,,0,,0,0,,0.0,2,40.0,40.0,0.0,6.67,0.0,,,,,,666464
FS,Split-Finger,OS,3,3.61,1,1,0,0.0,0,0.0,2,1,50.0,33.33,0,0.0,33.33,0.0,0.0,,0.0,0.0,0.0,0.0,0.0,666464
CS,Slow Curve,BR,1,1.2,0,0,0,,0,,0,0,,0.0,1,100.0,100.0,,0.0,,,,,,,666464
FF,4-Seam Fastball,FB,219,34.22,58,52,21,36.21,6,10.34,115,37,32.17,16.89,30,13.7,30.59,24.51,31.82,30.0,0.212,0.293,0.423,0.716,0.211,666624
CH,Changeup,OS,98,15.31,24,24,8,33.33,0,0.0,52,23,44.23,23.47,5,5.1,28.57,34.38,16.82,21.62,0.333,0.333,0.708,1.041,0.3749999999999999,666624
CU,Curveball,BR,69,10.78,14,14,7,50.0,0,0.0,35,19,54.29,27.54,7,10.14,37.68,34.88,12.27,25.93,0.071,0.071,0.071,0.142,0.0,666624
SI,Sinker,FB,65,10.16,19,17,6,31.58,2,10.53,38,12,31.58,18.46,11,16.92,35.38,37.04,8.18,33.33,0.118,0.211,0.118,0.3289999999999999,0.0,666624
FC,Cutter,FB,58,9.06,13,10,2,15.38,2,15.38,29,8,27.59,13.79,4,6.9,20.69,20.0,6.36,14.29,0.1,0.25,0.2,0.45,0.1,666624
ST,Sweeper,BR,53,8.28,9,6,2,22.22,3,33.33,26,8,30.77,15.09,6,11.32,26.42,20.69,8.64,10.53,0.333,0.556,0.333,0.889,0.0,666624
SL,Slider,BR,53,8.28,20,19,8,40.0,1,5.0,35,11,31.43,20.75,2,3.77,24.53,41.67,10.91,33.33,0.368,0.4,0.632,1.032,0.264,666624
FS,Split-Finger,OS,11,1.72,2,2,1,50.0,0,0.0,6,4,66.67,36.36,0,0.0,36.36,44.44,2.73,16.67,0.0,0.0,0.0,0.0,0.0,666624
KC,Knuckle Curve,BR,8,1.25,0,0,0,,0,,1,1,100.0,12.5,0,0.0,12.5,12.5,0.45,0.0,,,,,,666624
SV,Slurve,BR,5,0.78,1,1,1,100.0,0,0.0,1,1,100.0,20.0,2,40.0,60.0,33.33,1.36,33.33,0.0,0.0,0.0,0.0,0.0,666624
,,,1,0.16,0,0,0,,0,,0,0,,0.0,0,0.0,0.0,,0.45,0.0,,,,,,666624
FF,4-Seam Fastball,FB,12,33.33,2,2,1,50.0,0,0.0,5,2,40.0,16.67,3,25.0,41.67,20.0,25.0,50.0,0.0,0.0,0.0,0.0,0.0,666915
FC,Cutter,FB,6,16.67,2,2,1,50.0,0,0.0,2,1,50.0,16.67,1,16.67,33.33,25.0,12.5,100.0,0.0,0.0,0.0,0.0,0.0,666915
SI,Sinker,FB,6,16.67,2,2,1,50.0,0,0.0,3,1,33.33,16.67,3,50.0,66.67,0.0,12.5,100.0,0.0,0.0,0.0,0.0,0.0,666915
CH,Changeup,OS,5,13.89,2,2,0,0.0,0,0.0,2,0,0.0,0.0,1,20.0,20.0,0.0,25.0,0.0,0.5,0.5,0.5,1.0,0.0,666915
SL,Slider,BR,5,13.89,1,0,0,0.0,1,100.0,0,0,,0.0,2,40.0,40.0,0.0,25.0,0.0,,1.0,,,,666915
CU,Curveball,BR,2,5.56,0,0,0,,0,,0,0,,0.0,0,0.0,0.0,0.0,0.0,,,,,,,666915
FF,4-Seam Fastball,FB,265,43.73,61,57,19,31.15,4,6.56,134,43,32.09,16.23,39,14.72,30.94,27.2,45.67,20.0,0.228,0.279,0.474,0.753,0.2459999999999999,666969
CH,Changeup,OS,96,15.84,27,26,8,29.63,1,3.7,58,17,29.31,17.71,9,9.38,27.08,49.15,18.27,21.05,0.192,0.222,0.231,0.453,0.039,666969
SI,Sinker,FB,66,10.89,11,11,2,18.18,0,0.0,24,6,25.0,9.09,21,31.82,40.91,19.23,8.17,11.76,0.182,0.182,0.182,0.364,0.0,666969
SL,Slider,BR,64,10.56,15,13,4,26.67,2,13.33,42,10,23.81,15.62,7,10.94,26.56,56.67,12.5,15.38,0.308,0.4,0.308,0.708,0.0,666969
CU,Curveball,BR,43,7.1,11,10,4,36.36,0,0.0,23,9,39.13,20.93,3,6.98,27.91,46.67,7.69,25.0,0.1,0.182,0.4,0.5820000000000001,0.3,666969
FC,Cutter,FB,28,4.62,6,6,4,66.67,0,0.0,12,4,33.33,14.29,10,35.71,50.0,12.5,2.4,80.0,0.167,0.167,0.667,0.8340000000000001,0.5,666969
ST,Sweeper,BR,26,4.29,7,7,1,14.29,0,0.0,11,1,9.09,3.85,3,11.54,15.38,16.67,3.37,14.29,0.0,0.0,0.0,0.0,0.0,666969
FS,Split-Finger,OS,9,1.49,4,4,2,50.0,0,0.0,6,4,66.67,44.44,1,11.11,55.56,80.0,1.44,66.67,0.25,0.25,0.25,0.5,0.0,666969
KC,Knuckle Curve,BR,4,0.66,2,2,0,0.0,0,0.0,2,0,0.0,0.0,1,25.0,25.0,50.0,0.48,0.0,0.0,0.0,0.0,0.0,0.0,666969
,,,4,0.66,1,0,0,0.0,1,100.0,0,0,,0.0,0,0.0,0.0,,0.0,,,1.0,,,,666969
SV,Slurve,BR,1,0.17,0,0,0,,0,,0,0,,0.0,0,0.0,0.0,0.0,0.0,,,,,,,666969
FF,4-Seam Fastball,FB,193,34.4,55,49,4,7.27,6,10.91,109,10,9.17,5.18,28,14.51,19.69,26.39,31.29,7.84,0.327,0.4,0.531,0.931,0.204,666971
CH,Changeup,OS,114,20.32,28,27,3,10.71,1,3.57,62,21,33.87,18.42,10,8.77,27.19,42.5,22.7,8.11,0.222,0.25,0.259,0.509,0.037,666971
SI,Sinker,FB,69,12.3,16,15,0,0.0,1,6.25,27,0,0.0,0.0,11,15.94,15.94,15.79,8.59,0.0,0.4,0.438,0.6,1.038,0.1999999999999999,666971
SL,Slider,BR,65,11.59,23,21,5,21.74,2,8.7,42,10,23.81,15.38,6,9.23,24.62,53.85,15.34,20.0,0.143,0.217,0.19,0.407,0.047,666971
CU,Curveball,BR,49,8.73,7,5,0,0.0,2,28.57,27,8,29.63,16.33,3,6.12,22.45,32.14,12.27,0.0,0.0,0.286,0.0,0.286,0.0,666971
FC,Cutter,FB,28,4.99,7,6,0,0.0,1,14.29,16,1,6.25,3.57,3,10.71,14.29,21.43,3.07,0.0,0.167,0.286,0.167,0.4529999999999999,0.0,666971
ST,Sweeper,BR,23,4.1,11,10,0,0.0,0,0.0,18,5,27.78,21.74,1,4.35,26.09,63.64,3.07,0.0,0.4,0.364,0.8,1.164,0.4,666971
FS,Split-Finger,OS,13,2.32,5,5,0,0.0,0,0.0,10,2,20.0,15.38,0,0.0,15.38,50.0,3.07,0.0,0.6,0.6,0.6,1.2,0.0,666971
KC,Knuckle Curve,BR,6,1.07,4,4,0,0.0,0,0.0,5,0,0.0,0.0,0,0.0,0.0,0.0,0.61,0.0,0.75,0.75,0.75,1.5,0.0,666971
,,,1,0.18,0,0,0,,0,,0,0,,0.0,0,0.0,0.0,,0.0,,,,,,,666971
CH,Changeup,OS,10,34.48,2,1,0,0.0,0,0.0,6,2,33.33,20.0,1,10.0,30.0,0.0,44.44,0.0,0.0,0.0,0.0,0.0,0.0,667452
FF,4-Seam Fastball,FB,9,31.03,3,3,1,33.33,0,0.0,7,2,28.57,22.22,0,0.0,22.22,50.0,33.33,33.33,0.0,0.0,0.0,0.0,0.0,667452
CU,Curveball,BR,6,20.69,2,2,1,50.0,0,0.0,2,1,50.0,16.67,2,33.33,50.0,33.33,22.22,50.0,0.5,0.5,0.5,1.0,0.0,667452
SI,Sinker,FB,2,6.9,0,0,0,,0,,1,1,100.0,50.0,1,50.0,100.0,100.0,0.0,,,,,,,667452
ST,Sweeper,BR,2,6.9,1,1,0,0.0,0,0.0,1,0,0.0,0.0,0,0.0,0.0,0.0,0.0,,0.0,0.0,0.0,0.0,0.0,667452
FF,4-Seam Fastball,FB,158,37.53,53,48,8,15.09,5,9.43,79,12,15.19,7.59,27,17.09,24.68,16.36,36.11,20.51,0.292,0.358,0.438,0.796,0.146,667472
SI,Sinker,FB,73,17.34,18,15,3,16.67,3,16.67,27,3,11.11,4.11,18,24.66,28.77,14.29,12.96,21.43,0.267,0.389,0.267,0.656,0.0,667472
CU,Curveball,BR,47,11.16,8,7,3,37.5,1,12.5,14,5,35.71,10.64,11,23.4,34.04,19.23,17.59,15.79,0.286,0.375,0.429,0.804,0.143,667472
SL,Slider,BR,43,10.21,6,5,3,50.0,1,16.67,10,3,30.0,6.98,10,23.26,30.23,12.5,11.11,25.0,0.2,0.333,0.4,0.7330000000000001,0.2,667472
CH,Changeup,OS,42,9.98,13,12,0,0.0,1,7.69,22,5,22.73,11.9,7,16.67,28.57,25.0,10.19,0.0,0.333,0.385,0.667,1.052,0.334,667472
FC,Cutter,FB,35,8.31,11,11,2,18.18,0,0.0,19,7,36.84,20.0,5,14.29,34.29,23.08,5.56,33.33,0.364,0.364,0.364,0.728,0.0,667472
ST,Sweeper,BR,11,2.61,4,3,1,25.0,0,0.0,2,0,0.0,0.0,4,36.36,36.36,16.67,2.78,33.33,0.0,0.25,0.0,0.25,0.0,667472
FS,Split-Finger,OS,5,1.19,1,1,0,0.0,0,0.0,2,0,0.0,0.0,0,0.0,0.0,0.0,2.78,0.0,0.0,0.0,0.0,0.0,0.0,667472
KC,Knuckle Curve,BR,3,0.71,2,2,0,0.0,0,0.0,2,0,0.0,0.0,0,0.0,0.0,0.0,0.0,,0.5,0.5,1.0,1.5,0.5,667472
SV,Slurve,BR,3,0.71,0,0,0,,0,,1,1,100.0,33.33,2,66.67,100.0,100.0,0.0,,,,,,,667472
,,,1,0.24,1,1,1,100.0,0,0.0,0,0,,0.0,0,0.0,0.0,,0.93,100.0,0.0,0.0,0.0,0.0,0.0,667472
FF,4-Seam Fastball,FB,163,27.12,50,47,8,16.0,3,6.0,80,12,15.0,7.36,24,14.72,22.09,13.04,32.14,17.78,0.277,0.32,0.426,0.746,0.1489999999999999,667670
CH,Changeup,OS,120,19.97,31,25,4,12.9,6,19.35,61,26,42.62,21.67,5,4.17,25.83,33.75,14.29,20.0,0.28,0.419,0.48,0.899,0.1999999999999999,667670
SI,Sinker,FB,78,12.98,26,23,3,11.54,3,11.54,37,6,16.22,7.69,15,19.23,26.92,22.5,10.0,21.43,0.261,0.346,0.435,0.7809999999999999,0.174,667670
SL,Slider,BR,66,10.98,20,19,3,15.0,1,5.0,42,17,40.48,25.76,3,4.55,30.3,47.37,14.29,15.0,0.316,0.35,0.737,1.087,0.421,667670
CU,Curveball,BR,65,10.82,13,12,4,30.77,1,7.69,31,12,38.71,18.46,13,20.0,38.46,31.25,12.14,23.53,0.333,0.385,0.583,0.968,0.2499999999999999,667670
FC,Cutter,FB,55,9.15,9,6,1,11.11,3,33.33,18,5,27.78,9.09,10,18.18,27.27,10.0,6.43,11.11,0.333,0.556,0.333,0.889,0.0,667670
ST,Sweeper,BR,22,3.66,4,4,1,25.0,0,0.0,5,0,0.0,0.0,6,27.27,27.27,18.75,6.43,11.11,0.5,0.5,0.75,1.25,0.25,667670
,,,14,2.33,4,0,0,0.0,4,100.0,0,0,,0.0,0,0.0,0.0,,0.0,,,1.0,,,,667670
FS,Split-Finger,OS,8,1.33,2,2,1,50.0,0,0.0,3,2,66.67,25.0,1,12.5,37.5,20.0,2.14,33.33,0.0,0.0,0.0,0.0,0.0,667670
KC,Knuckle Curve,BR,8,1.33,1,1,1,100.0,0,0.0,2,2,100.0,25.0,0,0.0,25.0,28.57,2.14,33.33,0.0,0.0,0.0,0.0,0.0,667670
SV,Slurve,BR,2,0.33,1,1,0,0.0,0,0.0,1,0,0.0,0.0,1,50.0,50.0,,0.0,,1.0,1.0,2.0,3.0,1.0,667670
CH,Changeup,OS,1,25.0,0,0,0,,0,,0,0,,0.0,0,0.0,0.0,0.0,0.0,,,,,,,667690
CU,Curveball,BR,1,25.0,0,0,0,,0,,0,0,,0.0,1,100.0,100.0,,0.0,,,,,,,667690
FF,4-Seam Fastball,FB,1,25.0,1,1,0,0.0,0,0.0,1,0,0.0,0.0,0,0.0,0.0,,100.0,0.0,0.0,0.0,0.0,0.0,0.0,667690
SI,Sinker,FB,1,25.0,0,0,0,,0,,1,0,0.0,0.0,0,0.0,0.0,,0.0,,,,,,,667690
FF,4-Seam Fastball,FB,306,38.59,85,73,22,25.88,7,8.24,147,35,23.81,11.44,52,16.99,28.43,17.32,41.35,22.45,0.247,0.333,0.562,0.895,0.315,668227
CH,Changeup,OS,134,16.9,32,31,9,28.12,1,3.12,60,19,31.67,14.18,20,14.93,29.1,40.66,18.99,20.0,0.194,0.219,0.29,0.509,0.0959999999999999,668227
SL,Slider,BR,99,12.48,24,24,6,25.0,0,0.0,52,18,34.62,18.18,21,21.21,39.39,34.15,11.81,21.43,0.292,0.292,0.583,0.875,0.291,668227
SI,Sinker,FB,79,9.96,30,27,4,13.33,3,10.0,39,8,20.51,10.13,18,22.78,32.91,32.35,5.91,28.57,0.296,0.367,0.37,0.737,0.074,668227
CU,Curveball,BR,58,7.31,15,14,4,26.67,0,0.0,29,8,27.59,13.79,10,17.24,31.03,39.39,9.28,18.18,0.286,0.267,0.571,0.838,0.285,668227
FC,Cutter,FB,55,6.94,9,8,2,22.22,0,0.0,21,4,19.05,7.27,13,23.64,30.91,23.08,5.06,16.67,0.125,0.125,0.125,0.25,0.0,668227
ST,Sweeper,BR,45,5.67,8,7,3,37.5,0,0.0,15,4,26.67,8.89,12,26.67,35.56,29.17,5.06,25.0,0.143,0.25,0.286,0.536,0.143,668227
FS,Split-Finger,OS,14,1.77,2,2,1,50.0,0,0.0,5,1,20.0,7.14,0,0.0,7.14,18.18,2.53,16.67,0.0,0.0,0.0,0.0,0.0,668227
SV,Slurve,BR,3,0.38,0,0,0,,0,,1,0,0.0,0.0,1,33.33,33.33,50.0,0.0,,,,,,,668227
FF,4-Seam Fastball,FB,49,31.21,7,6,4,57.14,1,14.29,23,6,26.09,12.24,8,16.33,28.57,13.04,40.0,20.0,0.0,0.143,0.0,0.143,0.0,668670
CH,Changeup,OS,32,20.38,5,4,2,40.0,1,20.0,10,4,40.0,12.5,5,15.62,28.12,15.79,24.0,16.67,0.5,0.6,0.75,1.35,0.25,668670
SI,Sinker,FB,22,14.01,8,6,0,0.0,2,25.0,10,0,0.0,0.0,7,31.82,31.82,16.67,8.0,0.0,0.0,0.25,0.0,0.25,0.0,668670
SL,Slider,BR,17,10.83,5,4,1,20.0,1,20.0,11,3,27.27,17.65,0,0.0,17.65,33.33,6.0,33.33,0.25,0.4,0.5,0.9,0.25,668670
CU,Curveball,BR,14,8.92,6,3,2,33.33,1,16.67,5,2,40.0,14.29,2,14.29,28.57,37.5,10.0,40.0,0.0,0.333,0.0,0.333,0.0,668670
ST,Sweeper,BR,10,6.37,4,3,0,0.0,0,0.0,6,0,0.0,0.0,0,0.0,0.0,0.0,8.0,0.0,0.333,0.25,1.333,1.583,1.0,668670
FC,Cutter,FB,5,3.18,0,0,0,,0,,3,1,33.33,20.0,0,0.0,20.0,0.0,0.0,,,,,,,668670
FA,Other,,4,2.55,1,1,1,100.0,0,0.0,2,2,100.0,50.0,1,25.0,75.0,33.33,2.0,100.0,0.0,0.0,0.0,0.0,0.0,668670
FS,Split-Finger,OS,3,1.91,0,0,0,,0,,1,0,0.0,0.0,1,33.33,33.33,0.0,2.0,0.0,,,,,,668670
KC,Knuckle Curve,BR,1,0.64,0,0,0,,0,,0,0,,0.0,0,0.0,0.0,0.0,0.0,,,,,,,668670
SL,Slider,BR,76,29.46,20,19,7,35.0,1,5.0,34,12,35.29,15.79,12,15.79,31.58,21.05,32.43,29.17,0.263,0.3,0.421,0.721,0.1579999999999999,668709
SI,Sinker,FB,72,27.91,21,19,5,23.81,2,9.52,35,8,22.86,11.11,17,23.61,34.72,45.95,21.62,25.0,0.263,0.333,0.474,0.8069999999999999,0.2109999999999999,668709
FF,4-Seam Fastball,FB,52,20.16,20,18,3,15.0,2,10.0,29,4,13.79,7.69,10,19.23,26.92,40.0,13.51,30.0,0.389,0.45,0.611,1.061,0.2219999999999999,668709
ST,Sweeper,BR,17,6.59,3,3,0,0.0,0,0.0,6,1,16.67,5.88,1,5.88,11.76,0.0,6.76,0.0,1.0,1.0,1.0,2.0,0.0,668709
CU,Curveball,BR,16,6.2,3,3,2,66.67,0,0.0,7,3,42.86,18.75,3,18.75,37.5,25.0,12.16,22.22,0.0,0.0,0.0,0.0,0.0,668709
FC,Cutter,FB,10,3.88,1,1,0,0.0,0,0.0,3,2,66.67,20.0,1,10.0,30.0,0.0,1.35,0.0,1.0,1.0,2.0,3.0,1.0,668709
CH,Changeup,OS,9,3.49,3,3,1,33.33,0,0.0,7,2,28.57,22.22,0,0.0,22.22,33.33,8.11,16.67,0.0,0.0,0.0,0.0,0.0,668709
SV,Slurve,BR,6,2.33,2,2,0,0.0,0,0.0,4,1,25.0,16.67,1,16.67,33.33,50.0,4.05,0.0,0.5,0.5,0.5,1.0,0.0,668709
FF,4-Seam Fastball,FB,198,37.08,50,46,9,18.0,4,8.0,96,15,15.62,7.58,41,20.71,28.28,13.7,33.51,14.06,0.217,0.28,0.37,0.65,0.153,668715
SI,Sinker,FB,71,13.3,20,17,4,20.0,3,15.0,31,7,22.58,9.86,15,21.13,30.99,13.79,13.09,16.0,0.235,0.35,0.294,0.6439999999999999,0.059,668715
CH,Changeup,OS,68,12.73,13,13,2,15.38,0,0.0,38,11,28.95,16.18,4,5.88,22.06,37.21,9.95,10.53,0.385,0.385,0.692,1.077,0.3069999999999999,668715
SL,Slider,BR,59,11.05,16,16,7,43.75,0,0.0,33,12,36.36,20.34,9,15.25,35.59,44.0,13.61,26.92,0.188,0.188,0.5,0.688,0.312,668715
CU,Curveball,BR,53,9.93,7,5,3,42.86,2,28.57,24,8,33.33,15.09,9,16.98,32.08,28.57,12.57,12.5,0.2,0.429,0.4,0.829,0.2,668715
FC,Cutter,FB,37,6.93,11,10,2,18.18,1,9.09,19,5,26.32,13.51,6,16.22,29.73,31.25,5.76,18.18,0.1,0.182,0.4,0.5820000000000001,0.3,668715
ST,Sweeper,BR,20,3.75,5,3,2,40.0,2,40.0,9,3,33.33,15.0,2,10.0,25.0,25.0,4.19,25.0,0.0,0.4,0.0,0.4,0.0,668715
FS,Split-Finger,OS,15,2.81,5,5,2,40.0,0,0.0,10,5,50.0,33.33,0,0.0,33.33,50.0,3.66,28.57,0.6,0.6,1.2,1.7999999999999998,0.6,668715
KC,Knuckle Curve,BR,8,1.5,2,2,1,50.0,0,0.0,6,1,16.67,12.5,0,0.0,12.5,50.0,3.14,16.67,0.0,0.0,0.0,0.0,0.0,668715
CS,Slow Curve,BR,3,0.56,0,0,0,,0,,1,0,0.0,0.0,0,0.0,0.0,33.33,0.0,,,,,,,668715
SV,Slurve,BR,2,0.37,1,1,1,100.0,0,0.0,1,1,100.0,50.0,1,50.0,100.0,100.0,0.52,100.0,0.0,0.0,0.0,0.0,0.0,668715
FF,4-Seam Fastball,FB,16,34.04,3,2,2,66.67,1,33.33,10,3,30.0,18.75,0,0.0,18.75,0.0,50.0,22.22,0.0,0.333,0.0,0.333,0.0,668723
CH,Changeup,OS,8,17.02,4,3,0,0.0,1,25.0,6,0,0.0,0.0,0,0.0,0.0,66.67,5.56,0.0,0.0,0.25,0.0,0.25,0.0,668723
CU,Curveball,BR,6,12.77,0,0,0,,0,,2,0,0.0,0.0,1,16.67,16.67,0.0,11.11,0.0,,,,,,668723
FC,Cutter,FB,5,10.64,2,2,1,50.0,0,0.0,4,1,25.0,20.0,0,0.0,20.0,0.0,11.11,50.0,0.0,0.0,0.0,0.0,0.0,668723
SI,Sinker,FB,5,10.64,0,0,0,,0,,1,0,0.0,0.0,2,40.0,40.0,0.0,5.56,0.0,,,,,,668723
KC,Knuckle Curve,BR,3,6.38,2,2,1,50.0,0,0.0,3,2,66.67,66.67,0,0.0,66.67,100.0,5.56,100.0,0.0,0.0,0.0,0.0,0.0,668723
SL,Slider,BR,3,6.38,0,0,0,,0,,1,0,0.0,0.0,1,33.33,33.33,0.0,11.11,0.0,,,,,,668723
ST,Sweeper,BR,1,2.13,0,0,0,,0,,0,0,,0.0,0,0.0,0.0,0.0,0.0,,,,,,,668723
SI,Sinker,FB,3,100.0,2,2,0,0.0,0,0.0,3,1,33.33,33.33,0,0.0,33.33,100.0,,,0.5,0.5,1.0,1.5,0.5,668731
FF,4-Seam Fastball,FB,29,32.22,10,10,2,20.0,0,0.0,16,2,12.5,6.9,8,27.59,34.48,50.0,26.92,28.57,0.4,0.4,0.7,1.1,0.2999999999999999,668800
CH,Changeup,OS,17,18.89,6,6,0,0.0,0,0.0,14,4,28.57,23.53,0,0.0,23.53,90.0,26.92,0.0,0.333,0.333,0.333,0.666,0.0,668800
SI,Sinker,FB,12,13.33,3,3,1,33.33,0,0.0,3,1,33.33,8.33,7,58.33,66.67,0.0,7.69,50.0,0.333,0.333,0.333,0.666,0.0,668800
SL,Slider,BR,11,12.22,1,1,0,0.0,0,0.0,6,2,33.33,18.18,3,27.27,45.45,33.33,15.38,0.0,0.0,0.0,0.0,0.0,0.0,668800
FC,Cutter,FB,7,7.78,1,1,0,0.0,0,0.0,2,0,0.0,0.0,1,14.29,14.29,20.0,3.85,0.0,0.0,0.0,0.0,0.0,0.0,668800
KC,Knuckle Curve,BR,6,6.67,2,2,0,0.0,0,0.0,4,1,25.0,16.67,0,0.0,16.67,75.0,7.69,0.0,0.0,0.0,0.0,0.0,0.0,668800
CU,Curveball,BR,5,5.56,2,2,0,0.0,0,0.0,3,0,0.0,0.0,0,0.0,0.0,0.0,7.69,0.0,0.0,0.0,0.0,0.0,0.0,668800
ST,Sweeper,BR,2,2.22,0,0,0,,0,,0,0,,0.0,1,50.0,50.0,0.0,3.85,0.0,,,,,,668800
CS,Slow Curve,BR,1,1.11,0,0,0,,0,,0,0,,0.0,1,100.0,100.0,,0.0,,,,,,,668800
FF,4-Seam Fastball,FB,172,26.22,43,36,11,25.58,6,13.95,88,19,21.59,11.05,26,15.12,26.16,25.97,25.87,21.15,0.333,0.419,0.583,1.002,0.2499999999999999,668804
CH,Changeup,OS,133,20.27,35,34,5,14.29,1,2.86,69,21,30.43,15.79,6,4.51,20.3,24.0,17.91,13.89,0.265,0.286,0.324,0.61,0.059,668804
SI,Sinker,FB,98,14.94,20,15,5,25.0,5,25.0,32,8,25.0,8.16,18,18.37,26.53,9.26,11.94,20.83,0.2,0.4,0.2,0.6000000000000001,0.0,668804
SL,Slider,BR,77,11.74,23,20,8,34.78,3,13.04,39,12,30.77,15.58,10,12.99,28.57,26.32,15.42,25.81,0.25,0.348,0.55,0.898,0.3,668804
CU,Curveball,BR,67,10.21,21,20,10,47.62,1,4.76,43,20,46.51,29.85,8,11.94,41.79,44.44,10.95,45.45,0.15,0.19,0.3,0.49,0.15,668804
ST,Sweeper,BR,38,5.79,5,5,1,20.0,0,0.0,17,5,29.41,13.16,4,10.53,23.68,19.05,5.97,8.33,0.4,0.4,1.6,2.0,1.2000000000000002,668804
FC,Cutter,FB,33,5.03,9,9,2,22.22,0,0.0,20,4,20.0,12.12,3,9.09,21.21,35.29,4.48,22.22,0.333,0.333,0.333,0.666,0.0,668804
FS,Split-Finger,OS,25,3.81,6,5,4,66.67,1,16.67,12,5,41.67,20.0,5,20.0,40.0,30.77,4.48,44.44,0.0,0.167,0.0,0.167,0.0,668804
KC,Knuckle Curve,BR,13,1.98,5,4,3,60.0,1,20.0,7,3,42.86,23.08,1,7.69,30.77,45.45,2.99,50.0,0.25,0.4,0.5,0.9,0.25,668804
FF,4-Seam Fastball,FB,30,40.0,5,5,2,40.0,0,0.0,19,5,26.32,16.67,3,10.0,26.67,47.06,27.27,33.33,0.0,0.0,0.0,0.0,0.0,668845
CU,Curveball,BR,10,13.33,2,2,1,50.0,0,0.0,5,2,40.0,20.0,0,0.0,20.0,50.0,22.73,20.0,0.0,0.0,0.0,0.0,0.0,668845
CH,Changeup,OS,9,12.0,4,4,0,0.0,0,0.0,6,1,16.67,11.11,0,0.0,11.11,33.33,9.09,0.0,0.25,0.25,0.25,0.5,0.0,668845
ST,Sweeper,BR,8,10.67,3,3,1,33.33,0,0.0,5,1,20.0,12.5,1,12.5,25.0,50.0,13.64,33.33,0.333,0.333,0.333,0.666,0.0,668845
FC,Cutter,FB,7,9.33,3,3,2,66.67,0,0.0,5,3,60.0,42.86,1,14.29,57.14,80.0,13.64,66.67,0.333,0.333,0.333,0.666,0.0,668845
SL,Slider,BR,6,8.0,2,2,1,50.0,0,0.0,3,0,0.0,0.0,2,33.33,33.33,100.0,13.64,33.33,0.0,0.0,0.0,0.0,0.0,668845
SI,Sinker,FB,5,6.67,2,2,0,0.0,0,0.0,4,0,0.0,0.0,1,20.0,20.0,,0.0,,0.0,0.0,0.0,0.0,0.0,668845
FF,4-Seam Fastball,FB,68,30.09,23,21,4,17.39,2,8.7,30,5,16.67,7.35,14,20.59,27.94,20.0,40.62,15.38,0.381,0.435,0.524,0.959,0.143,668885
CH,Changeup,OS,53,23.45,11,10,5,45.45,1,9.09,25,11,44.0,20.75,5,9.43,30.19,21.21,26.56,29.41,0.1,0.182,0.1,0.282,0.0,668885
SI,Sinker,FB,31,13.72,9,7,0,0.0,2,22.22,15,2,13.33,6.45,4,12.9,19.35,17.65,7.81,0.0,0.429,0.556,0.429,0.985,0.0,668885
FC,Cutter,FB,24,10.62,7,7,0,0.0,0,0.0,14,0,0.0,0.0,4,16.67,16.67,0.0,6.25,0.0,0.286,0.286,0.429,0.715,0.143,668885
CU,Curveball,BR,19,8.41,3,3,0,0.0,0,0.0,6,1,16.67,5.26,6,31.58,36.84,22.22,7.81,0.0,0.667,0.667,1.0,1.667,0.3329999999999999,668885
SL,Slider,BR,18,7.96,3,3,0,0.0,0,0.0,7,1,14.29,5.56,6,33.33,38.89,25.0,6.25,0.0,0.667,0.667,1.333,2.0,0.6659999999999999,668885
ST,Sweeper,BR,10,4.42,1,1,1,100.0,0,0.0,4,1,25.0,10.0,1,10.0,20.0,0.0,3.12,50.0,0.0,0.0,0.0,0.0,0.0,668885
FS,Split-Finger,OS,2,0.88,0,0,0,,0,,0,0,,0.0,1,50.0,50.0,0.0,1.56,0.0,,,,,,668885
KC,Knuckle Curve,BR,1,0.44,0,0,0,,0,,0,0,,0.0,0,0.0,0.0,0.0,0.0,,,,,,,668885
FF,4-Seam Fastball,FB,138,26.39,43,40,8,18.6,2,4.65,81,18,22.22,13.04,17,12.32,25.36,30.91,24.52,21.05,0.275,0.302,0.675,0.977,0.4,668901
CH,Changeup,OS,103,19.69,26,25,5,19.23,1,3.85,57,26,45.61,25.24,2,1.94,27.18,44.3,21.94,14.71,0.36,0.385,0.52,0.905,0.16,668901
SI,Sinker,FB,71,13.58,20,18,4,20.0,2,10.0,37,8,21.62,11.27,13,18.31,29.58,27.59,14.19,18.18,0.222,0.3,0.278,0.5780000000000001,0.056,668901
SL,Slider,BR,68,13.0,19,18,4,21.05,1,5.26,39,13,33.33,19.12,8,11.76,30.88,31.03,11.61,22.22,0.111,0.158,0.333,0.491,0.222,668901
CU,Curveball,BR,44,8.41,7,7,3,42.86,0,0.0,20,8,40.0,18.18,11,25.0,43.18,44.0,8.39,23.08,0.429,0.429,0.571,1.0,0.1419999999999999,668901
ST,Sweeper,BR,40,7.65,8,7,4,50.0,1,12.5,16,7,43.75,17.5,7,17.5,35.0,26.09,8.39,30.77,0.0,0.125,0.0,0.125,0.0,668901
FC,Cutter,FB,31,5.93,11,11,3,27.27,0,0.0,21,5,23.81,16.13,2,6.45,22.58,42.86,5.16,37.5,0.273,0.273,0.273,0.546,0.0,668901
FS,Split-Finger,OS,16,3.06,2,2,0,0.0,0,0.0,9,6,66.67,37.5,0,0.0,37.5,12.5,3.23,0.0,0.0,0.0,0.0,0.0,0.0,668901
KC,Knuckle Curve,BR,12,2.29,0,0,0,,0,,3,1,33.33,8.33,1,8.33,16.67,22.22,2.58,0.0,,,,,,668901
FF,4-Seam Fastball,FB,164,35.5,41,35,8,19.51,4,9.76,79,25,31.65,15.24,29,17.68,32.93,22.39,35.04,19.51,0.171,0.25,0.314,0.5640000000000001,0.143,668904
CH,Changeup,OS,93,20.13,26,25,7,26.92,1,3.85,46,15,32.61,16.13,9,9.68,25.81,35.0,22.22,26.92,0.28,0.308,0.36,0.6679999999999999,0.0799999999999999,668904
FC,Cutter,FB,49,10.61,14,11,3,21.43,3,21.43,23,4,17.39,8.16,8,16.33,24.49,12.5,6.84,37.5,0.0,0.214,0.0,0.214,0.0,668904
SL,Slider,BR,48,10.39,12,12,3,25.0,0,0.0,27,6,22.22,12.5,8,16.67,29.17,25.0,12.82,20.0,0.417,0.417,0.917,1.334,0.5,668904
SI,Sinker,FB,40,8.66,10,10,0,0.0,0,0.0,15,1,6.67,2.5,12,30.0,32.5,27.78,2.56,0.0,0.3,0.3,0.3,0.6,0.0,668904
CU,Curveball,BR,30,6.49,10,9,0,0.0,1,10.0,17,2,11.76,6.67,5,16.67,23.33,43.75,8.55,0.0,0.222,0.3,0.667,0.967,0.445,668904
ST,Sweeper,BR,17,3.68,3,3,0,0.0,0,0.0,9,2,22.22,11.76,0,0.0,11.76,20.0,5.98,0.0,0.333,0.333,0.333,0.666,0.0,668904
KC,Knuckle Curve,BR,13,2.81,2,2,1,50.0,0,0.0,5,2,40.0,15.38,1,7.69,23.08,12.5,4.27,20.0,0.5,0.5,0.5,1.0,0.0,668904
FS,Split-Finger,OS,6,1.3,1,1,0,0.0,0,0.0,3,1,33.33,16.67,2,33.33,50.0,66.67,0.85,0.0,0.0,0.0,0.0,0.0,0.0,668904
SV,Slurve,BR,2,0.43,1,1,0,0.0,0,0.0,1,0,0.0,0.0,0,0.0,0.0,0.0,0.85,0.0,1.0,1.0,1.0,2.0,0.0,668904
FF,4-Seam Fastball,FB,245,31.65,55,48,10,18.18,5,9.09,123,22,17.89,8.98,45,18.37,27.35,27.37,24.49,16.67,0.312,0.389,0.438,0.827,0.126,668930
SI,Sinker,FB,176,22.74,45,41,4,8.89,4,8.89,75,4,5.33,2.27,50,28.41,30.68,25.37,18.37,8.89,0.366,0.422,0.488,0.91,0.122,668930
SL,Slider,BR,169,21.83,50,45,15,30.0,4,8.0,76,29,38.16,17.16,27,15.98,33.14,26.83,24.49,25.0,0.2,0.26,0.2,0.46,0.0,668930
ST,Sweeper,BR,98,12.66,18,17,7,38.89,1,5.56,28,10,35.71,10.2,19,19.39,29.59,14.75,17.14,16.67,0.294,0.333,0.471,0.804,0.177,668930
CU,Curveball,BR,44,5.68,9,9,2,22.22,0,0.0,12,1,8.33,2.27,10,22.73,25.0,12.0,8.57,9.52,0.444,0.444,0.444,0.888,0.0,668930
FC,Cutter,FB,23,2.97,9,8,1,11.11,1,11.11,13,2,15.38,8.7,4,17.39,26.09,20.0,2.86,14.29,0.5,0.556,0.625,1.181,0.125,668930
CH,Changeup,OS,12,1.55,3,3,1,33.33,0,0.0,7,2,28.57,16.67,0,0.0,16.67,16.67,2.45,16.67,0.333,0.333,0.333,0.666,0.0,668930
KC,Knuckle Curve,BR,4,0.52,2,2,1,50.0,0,0.0,2,1,50.0,25.0,0,0.0,25.0,0.0,0.82,50.0,0.0,0.0,0.0,0.0,0.0,668930
FS,Split-Finger,OS,2,0.26,1,1,1,100.0,0,0.0,2,1,50.0,50.0,0,0.0,50.0,,0.82,50.0,0.0,0.0,0.0,0.0,0.0,668930
PO,Pitch Out,,1,0.13,0,0,0,,0,,0,0,,0.0,0,0.0,0.0,0.0,0.0,,,,,,,668930
FF,4-Seam Fastball,FB,142,33.49,40,31,5,12.5,9,22.5,50,5,10.0,3.52,30,21.13,24.65,15.71,35.16,15.62,0.29,0.45,0.355,0.8049999999999999,0.065,668939
SI,Sinker,FB,58,13.68,15,13,1,6.67,2,13.33,20,1,5.0,1.72,18,31.03,32.76,7.69,5.49,20.0,0.308,0.4,0.385,0.785,0.077,668939
CH,Changeup,OS,57,13.44,9,9,2,22.22,0,0.0,18,4,22.22,7.02,12,21.05,28.07,13.79,9.89,22.22,0.222,0.222,0.222,0.444,0.0,668939
SL,Slider,BR,49,11.56,12,10,4,33.33,2,16.67,17,7,41.18,14.29,8,16.33,30.61,20.0,21.98,20.0,0.1,0.25,0.1,0.35,0.0,668939
FC,Cutter,FB,47,11.08,15,15,1,6.67,0,0.0,20,1,5.0,2.13,11,23.4,25.53,15.79,7.69,14.29,0.333,0.333,0.733,1.066,0.3999999999999999,668939
CU,Curveball,BR,31,7.31,8,8,1,12.5,0,0.0,9,0,0.0,0.0,12,38.71,38.71,25.0,6.59,16.67,0.375,0.375,0.5,0.875,0.125,668939
ST,Sweeper,BR,25,5.9,7,7,2,28.57,0,0.0,8,1,12.5,4.0,6,24.0,28.0,15.38,8.79,25.0,0.143,0.143,0.143,0.286,0.0,668939
KC,Knuckle Curve,BR,6,1.42,1,1,1,100.0,0,0.0,1,1,100.0,16.67,1,16.67,33.33,20.0,3.3,33.33,0.0,0.0,0.0,0.0,0.0,668939
SV,Slurve,BR,5,1.18,1,1,0,0.0,0,0.0,1,0,0.0,0.0,2,40.0,40.0,0.0,0.0,,0.0,0.0,0.0,0.0,0.0,668939
FS,Split-Finger,OS,4,0.94,2,2,0,0.0,0,0.0,4,0,0.0,0.0,0,0.0,0.0,,1.1,0.0,0.0,0.0,0.0,0.0,0.0,668939
FF,4-Seam Fastball,FB,39,37.5,11,11,5,45.45,0,0.0,20,6,30.0,15.38,9,23.08,38.46,37.5,32.14,55.56,0.091,0.091,0.091,0.182,0.0,668942
SI,Sinker,FB,22,21.15,7,6,0,0.0,0,0.0,11,0,0.0,0.0,5,22.73,22.73,0.0,3.57,0.0,0.167,0.167,0.167,0.334,0.0,668942
ST,Sweeper,BR,20,19.23,6,6,2,33.33,0,0.0,10,3,30.0,15.0,2,10.0,25.0,22.22,35.71,20.0,0.333,0.333,0.667,1.0,0.334,668942
SL,Slider,BR,13,12.5,3,3,1,33.33,0,0.0,7,2,28.57,15.38,2,15.38,30.77,33.33,17.86,20.0,0.333,0.333,0.333,0.666,0.0,668942
FC,Cutter,FB,5,4.81,1,1,0,0.0,0,0.0,2,0,0.0,0.0,1,20.0,20.0,0.0,3.57,0.0,0.0,0.0,0.0,0.0,0.0,668942
CU,Curveball,BR,3,2.88,1,1,0,0.0,0,0.0,1,0,0.0,0.0,1,33.33,33.33,0.0,3.57,0.0,0.0,0.0,0.0,0.0,0.0,668942
KC,Knuckle Curve,BR,2,1.92,1,1,0,0.0,0,0.0,2,1,50.0,50.0,0,0.0,50.0,,3.57,0.0,0.0,0.0,0.0,0.0,0.0,668942
FF,4-Seam Fastball,FB,16,25.4,4,3,0,0.0,0,0.0,7,3,42.86,18.75,2,12.5,31.25,27.27,9.09,0.0,0.333,0.333,0.333,0.666,0.0,668952
CH,Changeup,OS,13,20.63,4,4,3,75.0,0,0.0,9,6,66.67,46.15,0,0.0,46.15,42.86,27.27,50.0,0.0,0.0,0.0,0.0,0.0,668952
FC,Cutter,FB,10,15.87,6,4,2,33.33,1,16.67,5,1,20.0,10.0,1,10.0,20.0,0.0,13.64,66.67,0.0,0.2,0.0,0.2,0.0,668952
CU,Curveball,BR,8,12.7,0,0,0,,0,,1,0,0.0,0.0,1,12.5,12.5,0.0,18.18,0.0,,,,,,668952
SI,Sinker,FB,6,9.52,1,1,1,100.0,0,0.0,1,0,0.0,0.0,3,50.0,50.0,0.0,4.55,100.0,0.0,0.0,0.0,0.0,0.0,668952
ST,Sweeper,BR,6,9.52,1,1,0,0.0,0,0.0,4,0,0.0,0.0,1,16.67,16.67,0.0,22.73,0.0,0.0,0.0,0.0,0.0,0.0,668952
SL,Slider,BR,4,6.35,1,0,0,0.0,1,100.0,1,0,0.0,0.0,1,25.0,25.0,50.0,4.55,0.0,,1.0,,,,668952
FF,4-Seam Fastball,FB,14,41.18,3,3,3,100.0,0,0.0,5,3,60.0,21.43,3,21.43,42.86,16.67,40.0,75.0,0.0,0.0,0.0,0.0,0.0,668974
CH,Changeup,OS,6,17.65,1,1,0,0.0,0,0.0,3,1,33.33,16.67,0,0.0,16.67,25.0,20.0,0.0,0.0,0.0,0.0,0.0,0.0,668974
CU,Curveball,BR,5,14.71,0,0,0,,0,,0,0,,0.0,1,20.0,20.0,0.0,20.0,0.0,,,,,,668974
SL,Slider,BR,5,14.71,2,0,0,0.0,1,50.0,1,0,0.0,0.0,2,40.0,40.0,0.0,10.0,0.0,,1.0,,,,668974
FC,Cutter,FB,3,8.82,1,0,0,0.0,0,0.0,3,0,0.0,0.0,0,0.0,0.0,,0.0,,,0.0,,,,668974
SI,Sinker,FB,1,2.94,0,0,0,,0,,0,0,,0.0,0,0.0,0.0,,10.0,0.0,,,,,,668974
FF,4-Seam Fastball,FB,30,31.91,6,5,1,16.67,1,16.67,11,2,18.18,6.67,8,26.67,33.33,7.69,31.25,10.0,0.2,0.333,0.2,0.533,0.0,669003
SI,Sinker,FB,26,27.66,8,5,1,12.5,1,12.5,11,2,18.18,7.69,7,26.92,34.62,11.11,18.75,16.67,0.0,0.286,0.0,0.286,0.0,669003
SL,Slider,BR,19,20.21,4,4,2,50.0,0,0.0,9,5,55.56,26.32,2,10.53,36.84,30.0,28.12,22.22,0.0,0.0,0.0,0.0,0.0,669003
CH,Changeup,OS,6,6.38,1,1,0,0.0,0,0.0,3,1,33.33,16.67,0,0.0,16.67,25.0,6.25,0.0,0.0,0.0,0.0,0.0,0.0,669003
ST,Sweeper,BR,5,5.32,2,2,0,0.0,0,0.0,5,0,0.0,0.0,0,0.0,0.0,100.0,12.5,0.0,0.5,0.5,0.5,1.0,0.0,669003
FC,Cutter,FB,5,5.32,2,2,0,0.0,0,0.0,4,2,50.0,40.0,0,0.0,40.0,66.67,0.0,,0.5,0.5,0.5,1.0,0.0,669003
CU,Curveball,BR,2,2.13,1,1,0,0.0,0,0.0,1,0,0.0,0.0,1,50.0,50.0,,0.0,,1.0,1.0,1.0,2.0,0.0,669003
KC,Knuckle Curve,BR,1,1.06,0,0,0,,0,,0,0,,0.0,0,0.0,0.0,0.0,3.12,0.0,,,,,,669003
FF,4-Seam Fastball,FB,25,55.56,3,2,1,33.33,1,33.33,7,2,28.57,8.0,7,28.0,36.0,21.43,63.16,8.33,0.5,0.667,2.0,2.667,1.5,669004
SI,Sinker,FB,8,17.78,3,1,0,0.0,0,0.0,3,1,33.33,12.5,3,37.5,50.0,0.0,10.53,0.0,0.0,0.667,0.0,0.667,0.0,669004
SL,Slider,BR,6,13.33,3,3,2,66.67,0,0.0,6,2,33.33,33.33,0,0.0,33.33,100.0,15.79,66.67,0.0,0.0,0.0,0.0,0.0,669004
ST,Sweeper,BR,3,6.67,2,2,0,0.0,0,0.0,2,0,0.0,0.0,0,0.0,0.0,0.0,5.26,0.0,0.0,0.0,0.0,0.0,0.0,669004
CU,Curveball,BR,2,4.44,0,0,0,,0,,0,0,,0.0,1,50.0,50.0,0.0,0.0,,,,,,,669004
FC,Cutter,FB,1,2.22,0,0,0,,0,,0,0,,0.0,0,0.0,0.0,0.0,5.26,0.0,,,,,,669004
FF,4-Seam Fastball,FB,112,33.04,23,19,8,34.78,4,17.39,47,9,19.15,8.04,18,16.07,24.11,26.56,32.04,24.24,0.158,0.304,0.211,0.515,0.0529999999999999,669016
SI,Sinker,FB,78,23.01,23,20,6,26.09,2,8.7,37,5,13.51,6.41,18,23.08,29.49,32.26,11.65,50.0,0.2,0.273,0.35,0.623,0.1499999999999999,669016
SL,Slider,BR,64,18.88,18,18,9,50.0,0,0.0,37,15,40.54,23.44,10,15.62,39.06,48.57,25.24,34.62,0.222,0.222,0.389,0.611,0.167,669016
ST,Sweeper,BR,36,10.62,12,9,5,41.67,2,16.67,11,6,54.55,16.67,10,27.78,44.44,27.78,11.65,41.67,0.333,0.417,0.333,0.75,0.0,669016
CU,Curveball,BR,19,5.6,3,2,1,33.33,1,33.33,6,2,33.33,10.53,3,15.79,26.32,16.67,8.74,11.11,0.0,0.333,0.0,0.333,0.0,669016
FC,Cutter,FB,16,4.72,5,4,2,40.0,1,20.0,9,6,66.67,37.5,2,12.5,50.0,54.55,2.91,66.67,0.0,0.2,0.0,0.2,0.0,669016
KC,Knuckle Curve,BR,7,2.06,2,1,0,0.0,0,0.0,2,1,50.0,14.29,1,14.29,28.57,20.0,4.85,0.0,1.0,1.0,1.0,2.0,0.0,669016
CH,Changeup,OS,3,0.88,1,1,1,100.0,0,0.0,1,1,100.0,33.33,0,0.0,33.33,0.0,1.94,50.0,0.0,0.0,0.0,0.0,0.0,669016
,,,2,0.59,0,0,0,,0,,0,0,,0.0,0,0.0,0.0,,0.0,,,,,,,669016
EP,Eephus,,1,0.29,1,1,0,0.0,0,0.0,1,0,0.0,0.0,0,0.0,0.0,100.0,0.0,,0.0,0.0,0.0,0.0,0.0,669016
FS,Split-Finger,OS,1,0.29,1,1,0,0.0,0,0.0,1,0,0.0,0.0,0,0.0,0.0,,0.97,0.0,0.0,0.0,0.0,0.0,0.0,669016
FF,4-Seam Fastball,FB,113,31.48,32,29,8,25.0,3,9.38,67,16,23.88,14.16,14,12.39,26.55,27.5,32.61,26.67,0.207,0.281,0.379,0.66,0.172,669065
SI,Sinker,FB,88,24.51,23,20,4,17.39,1,4.35,44,13,29.55,14.77,13,14.77,29.55,38.89,9.78,44.44,0.3,0.391,0.3,0.6910000000000001,0.0,669065
SL,Slider,BR,69,19.22,26,24,4,15.38,1,3.85,47,15,31.91,21.74,2,2.9,24.64,47.22,23.91,18.18,0.292,0.308,0.417,0.725,0.125,669065
ST,Sweeper,BR,49,13.65,14,13,4,28.57,1,7.14,24,8,33.33,16.33,5,10.2,26.53,33.33,15.22,28.57,0.154,0.214,0.154,0.368,0.0,669065
FC,Cutter,FB,18,5.01,4,2,0,0.0,2,50.0,9,1,11.11,5.56,3,16.67,22.22,16.67,5.43,0.0,0.5,0.75,0.5,1.25,0.0,669065
CU,Curveball,BR,10,2.79,2,1,0,0.0,1,50.0,4,1,25.0,10.0,1,10.0,20.0,28.57,4.35,0.0,0.0,0.5,0.0,0.5,0.0,669065
KC,Knuckle Curve,BR,5,1.39,0,0,0,,0,,1,0,0.0,0.0,0,0.0,0.0,0.0,5.43,0.0,,,,,,669065
SV,Slurve,BR,3,0.84,0,0,0,,0,,1,0,0.0,0.0,0,0.0,0.0,33.33,2.17,0.0,,,,,,669065
CH,Changeup,OS,2,0.56,1,1,1,100.0,0,0.0,2,2,100.0,100.0,0,0.0,100.0,,1.09,100.0,0.0,0.0,0.0,0.0,0.0,669065
FS,Split-Finger,OS,2,0.56,1,1,0,0.0,0,0.0,1,0,0.0,0.0,0,0.0,0.0,0.0,0.0,,1.0,1.0,2.0,3.0,1.0,669065
CH,Changeup,OS,22,30.56,5,5,2,40.0,0,0.0,10,6,60.0,27.27,0,0.0,27.27,20.0,29.41,40.0,0.6,0.6,1.2,1.7999999999999998,0.6,669087
FF,4-Seam Fastball,FB,22,30.56,6,6,5,83.33,0,0.0,9,5,55.56,22.73,6,27.27,50.0,12.5,41.18,71.43,0.0,0.0,0.0,0.0,0.0,669087
SI,Sinker,FB,13,18.06,5,4,0,0.0,1,20.0,8,1,12.5,7.69,2,15.38,23.08,57.14,11.76,0.0,0.5,0.6,0.5,1.1,0.0,669087
CU,Curveball,BR,6,8.33,2,2,1,50.0,0,0.0,2,1,50.0,16.67,3,50.0,66.67,0.0,17.65,33.33,0.0,0.0,0.0,0.0,0.0,669087
SL,Slider,BR,5,6.94,0,0,0,,0,,0,0,,0.0,3,60.0,60.0,0.0,0.0,,,,,,,669087
ST,Sweeper,BR,3,4.17,0,0,0,,0,,2,1,50.0,33.33,1,33.33,66.67,,0.0,,,,,,,669087
FC,Cutter,FB,1,1.39,0,0,0,,0,,0,0,,0.0,1,100.0,100.0,,0.0,,,,,,,669087
FF,4-Seam Fastball,FB,137,32.16,39,38,12,30.77,1,2.56,87,25,28.74,18.25,16,11.68,29.93,43.33,36.36,25.0,0.316,0.333,0.816,1.149,0.4999999999999999,669127
CH,Changeup,OS,74,17.37,17,17,2,11.76,0,0.0,41,11,26.83,14.86,1,1.35,16.22,44.9,17.42,8.7,0.529,0.529,0.529,1.058,0.0,669127
SL,Slider,BR,73,17.14,20,19,3,15.0,0,0.0,42,9,21.43,12.33,6,8.22,20.55,38.46,18.18,12.5,0.368,0.35,0.579,0.929,0.2109999999999999,669127
SI,Sinker,FB,46,10.8,19,18,2,10.53,1,5.26,28,5,17.86,10.87,8,17.39,28.26,33.33,6.82,22.22,0.389,0.421,0.778,1.199,0.389,669127
CU,Curveball,BR,43,10.09,12,12,4,33.33,0,0.0,24,8,33.33,18.6,8,18.6,37.21,50.0,9.09,33.33,0.167,0.167,0.167,0.334,0.0,669127
FC,Cutter,FB,29,6.81,6,6,0,0.0,0,0.0,15,2,13.33,6.9,4,13.79,20.69,21.43,4.55,0.0,0.667,0.667,1.167,1.834,0.5,669127
ST,Sweeper,BR,13,3.05,5,5,2,40.0,0,0.0,8,3,37.5,23.08,4,30.77,53.85,80.0,4.55,33.33,0.2,0.2,0.4,0.6000000000000001,0.2,669127
FS,Split-Finger,OS,8,1.88,2,2,0,0.0,0,0.0,3,0,0.0,0.0,1,12.5,12.5,0.0,2.27,0.0,0.5,0.5,1.0,1.5,0.5,669127
SV,Slurve,BR,3,0.7,2,2,0,0.0,0,0.0,2,0,0.0,0.0,0,0.0,0.0,0.0,0.76,0.0,0.5,0.5,1.0,1.5,0.5,669127
FF,4-Seam Fastball,FB,38,44.71,8,5,3,37.5,3,37.5,10,1,10.0,2.63,11,28.95,31.58,5.0,50.0,25.0,0.0,0.375,0.0,0.375,0.0,669134
CH,Changeup,OS,23,27.06,4,4,2,50.0,0,0.0,11,4,36.36,17.39,4,17.39,34.78,30.77,29.17,28.57,0.0,0.0,0.0,0.0,0.0,669134
SI,Sinker,FB,10,11.76,3,2,0,0.0,1,33.33,3,1,33.33,10.0,1,10.0,20.0,16.67,8.33,0.0,0.0,0.333,0.0,0.333,0.0,669134
SL,Slider,BR,4,4.71,1,1,0,0.0,0,0.0,2,1,50.0,25.0,0,0.0,25.0,33.33,8.33,0.0,0.0,0.0,0.0,0.0,0.0,669134
CU,Curveball,BR,4,4.71,0,0,0,,0,,0,0,,0.0,0,0.0,0.0,0.0,0.0,,,,,,,669134
ST,Sweeper,BR,2,2.35,0,0,0,,0,,1,0,0.0,0.0,0,0.0,0.0,0.0,4.17,0.0,,,,,,669134
FS,Split-Finger,OS,2,2.35,1,1,0,0.0,0,0.0,2,0,0.0,0.0,0,0.0,0.0,,0.0,,0.0,0.0,0.0,0.0,0.0,669134
CS,Slow Curve,BR,1,1.18,0,0,0,,0,,0,0,,0.0,1,100.0,100.0,,0.0,,,,,,,669134
,,,1,1.18,0,0,0,,0,,0,0,,0.0,0,0.0,0.0,,0.0,,,,,,,669134
FF,4-Seam Fastball,FB,6,30.0,2,1,1,50.0,1,50.0,1,1,100.0,16.67,1,16.67,33.33,0.0,100.0,100.0,0.0,0.5,0.0,0.5,0.0,669200
SI,Sinker,FB,6,30.0,2,1,0,0.0,1,50.0,2,0,0.0,0.0,1,16.67,16.67,0.0,0.0,,0.0,0.5,0.0,0.5,0.0,669200
SL,Slider,BR,3,15.0,0,0,0,,0,,0,0,,0.0,0,0.0,0.0,0.0,0.0,,,,,,,669200
FS,Split-Finger,OS,3,15.0,2,2,0,0.0,0,0.0,2,0,0.0,0.0,0,0.0,0.0,50.0,0.0,,0.0,0.0,0.0,0.0,0.0,669200
FC,Cutter,FB,1,5.0,0,0,0,,0,,0,0,,0.0,1,100.0,100.0,,0.0,,,,,,,669200
ST,Sweeper,BR,1,5.0,0,0,0,,0,,0,0,,0.0,1,100.0,100.0,,0.0,,,,,,,669200
CH,Changeup,OS,15,25.86,5,5,2,40.0,0,0.0,9,3,33.33,20.0,3,20.0,40.0,25.0,23.08,66.67,0.2,0.2,0.2,0.4,0.0,669208
FF,4-Seam Fastball,FB,15,25.86,5,4,1,20.0,1,20.0,11,4,36.36,26.67,0,0.0,26.67,42.86,30.77,25.0,0.25,0.4,0.25,0.65,0.0,669208
SI,Sinker,FB,9,15.52,2,2,1,50.0,0,0.0,4,2,50.0,22.22,3,33.33,55.56,0.0,7.69,100.0,0.0,0.0,0.0,0.0,0.0,669208
SL,Slider,BR,6,10.34,0,0,0,,0,,1,0,0.0,0.0,0,0.0,0.0,0.0,7.69,0.0,,,,,,669208
CU,Curveball,BR,6,10.34,3,3,2,66.67,0,0.0,4,3,75.0,50.0,0,0.0,50.0,33.33,23.08,66.67,0.333,0.333,0.667,1.0,0.334,669208
ST,Sweeper,BR,4,6.9,0,0,0,,0,,0,0,,0.0,1,25.0,25.0,0.0,0.0,,,,,,,669208
FC,Cutter,FB,3,5.17,0,0,0,,0,,0,1,inf,33.33,0,0.0,33.33,0.0,7.69,0.0,,,,,,669208
FF,4-Seam Fastball,FB,172,32.27,41,32,12,29.27,8,19.51,84,26,30.95,15.12,30,17.44,32.56,26.25,31.16,19.35,0.188,0.366,0.5,0.866,0.312,669221
SI,Sinker,FB,85,15.95,20,14,4,20.0,6,30.0,36,9,25.0,10.59,17,20.0,30.59,20.51,13.07,15.38,0.286,0.5,0.5,1.0,0.214,669221
CU,Curveball,BR,61,11.44,7,7,4,57.14,0,0.0,23,8,34.78,13.11,13,21.31,34.43,25.81,11.56,17.39,0.0,0.0,0.0,0.0,0.0,669221
CH,Changeup,OS,57,10.69,17,15,5,29.41,1,5.88,28,11,39.29,19.3,4,7.02,26.32,14.29,14.07,17.86,0.333,0.412,0.867,1.279,0.534,669221
SL,Slider,BR,55,10.32,12,12,5,41.67,0,0.0,27,8,29.63,14.55,6,10.91,25.45,18.52,12.56,20.0,0.167,0.167,0.5,0.667,0.3329999999999999,669221
FC,Cutter,FB,42,7.88,8,7,5,62.5,1,12.5,30,12,40.0,28.57,0,0.0,28.57,42.11,6.53,38.46,0.0,0.125,0.0,0.125,0.0,669221
ST,Sweeper,BR,38,7.13,5,4,2,40.0,1,20.0,17,8,47.06,21.05,4,10.53,31.58,19.05,8.04,12.5,0.5,0.6,0.75,1.35,0.25,669221
FS,Split-Finger,OS,10,1.88,3,3,0,0.0,0,0.0,6,1,16.67,10.0,1,10.0,20.0,50.0,1.01,0.0,0.0,0.0,0.0,0.0,0.0,669221
,,,7,1.31,2,1,0,0.0,1,50.0,1,0,0.0,0.0,0,0.0,0.0,,0.5,0.0,0.0,0.5,0.0,0.5,0.0,669221
KC,Knuckle Curve,BR,6,1.13,1,1,1,100.0,0,0.0,4,2,50.0,33.33,0,0.0,33.33,50.0,1.51,33.33,0.0,0.0,0.0,0.0,0.0,669221
SL,Slider,BR,138,24.04,31,28,13,41.94,2,6.45,62,31,50.0,22.46,18,13.04,35.51,29.27,23.4,29.55,0.143,0.226,0.393,0.619,0.25,669224
FF,4-Seam Fastball,FB,126,21.95,31,29,8,25.81,1,3.23,69,14,20.29,11.11,21,16.67,27.78,20.45,21.81,19.51,0.31,0.323,0.483,0.806,0.173,669224
SI,Sinker,FB,122,21.25,30,28,3,10.0,2,6.67,59,7,11.86,5.74,23,18.85,24.59,23.53,14.89,10.71,0.393,0.433,0.571,1.004,0.1779999999999999,669224
ST,Sweeper,BR,83,14.46,18,17,7,38.89,1,5.56,42,18,42.86,21.69,11,13.25,34.94,43.14,19.68,18.92,0.0,0.056,0.0,0.056,0.0,669224
FC,Cutter,FB,61,10.63,14,12,1,7.14,1,7.14,29,8,27.59,13.11,9,14.75,27.87,31.25,9.04,5.88,0.25,0.286,0.5,0.786,0.25,669224
CU,Curveball,BR,19,3.31,5,5,3,60.0,0,0.0,9,2,22.22,10.53,4,21.05,31.58,44.44,4.79,33.33,0.2,0.2,0.2,0.4,0.0,669224
CH,Changeup,OS,17,2.96,6,5,0,0.0,1,16.67,8,1,12.5,5.88,0,0.0,5.88,30.77,3.72,0.0,0.4,0.5,1.6,2.1,1.2000000000000002,669224
KC,Knuckle Curve,BR,4,0.7,1,0,0,0.0,0,0.0,2,0,0.0,0.0,0,0.0,0.0,0.0,2.13,0.0,,0.0,,,,669224
,,,2,0.35,0,0,0,,0,,0,0,,0.0,0,0.0,0.0,,0.0,,,,,,,669224
CS,Slow Curve,BR,1,0.17,0,0,0,,0,,1,1,100.0,100.0,0,0.0,100.0,100.0,0.0,,,,,,,669224
FS,Split-Finger,OS,1,0.17,1,1,0,0.0,0,0.0,1,0,0.0,0.0,0,0.0,0.0,,0.53,0.0,0.0,0.0,0.0,0.0,0.0,669224
SI,Sinker,FB,64,20.51,20,13,3,15.0,7,35.0,21,3,14.29,4.69,16,25.0,29.69,20.69,12.12,25.0,0.308,0.55,0.538,1.088,0.23,669234
FF,4-Seam Fastball,FB,64,20.51,16,14,4,25.0,2,12.5,36,7,19.44,10.94,6,9.38,20.31,16.0,25.25,16.0,0.429,0.5,0.429,0.929,0.0,669234
CH,Changeup,OS,52,16.67,7,7,2,28.57,0,0.0,18,9,50.0,17.31,9,17.31,34.62,25.71,23.23,8.7,0.143,0.143,0.143,0.286,0.0,669234
SL,Slider,BR,47,15.06,11,10,5,45.45,1,9.09,19,6,31.58,12.77,11,23.4,36.17,9.09,15.15,33.33,0.1,0.182,0.4,0.5820000000000001,0.3,669234
FC,Cutter,FB,29,9.29,7,3,0,0.0,3,42.86,7,2,28.57,6.9,4,13.79,20.69,5.56,7.07,0.0,0.333,0.714,0.333,1.047,0.0,669234
CU,Curveball,BR,22,7.05,5,5,1,20.0,0,0.0,9,2,22.22,9.09,4,18.18,27.27,23.08,9.09,11.11,0.2,0.2,0.2,0.4,0.0,669234
ST,Sweeper,BR,17,5.45,4,4,0,0.0,0,0.0,8,2,25.0,11.76,2,11.76,23.53,12.5,4.04,0.0,0.0,0.0,0.0,0.0,0.0,669234
KC,Knuckle Curve,BR,11,3.53,0,0,0,,0,,1,1,100.0,9.09,2,18.18,27.27,11.11,3.03,0.0,,,,,,669234
FS,Split-Finger,OS,4,1.28,0,0,0,,0,,1,1,100.0,25.0,0,0.0,25.0,0.0,1.01,0.0,,,,,,669234
SV,Slurve,BR,2,0.64,0,0,0,,0,,0,0,,0.0,0,0.0,0.0,0.0,0.0,,,,,,,669234
FF,4-Seam Fastball,FB,51,23.61,15,12,4,26.67,3,20.0,26,6,23.08,11.76,4,7.84,19.61,34.38,29.69,21.05,0.25,0.4,0.25,0.65,0.0,669236
CH,Changeup,OS,48,22.22,7,7,5,71.43,0,0.0,25,18,72.0,37.5,2,4.17,41.67,27.59,21.88,35.71,0.0,0.0,0.0,0.0,0.0,669236
SI,Sinker,FB,32,14.81,9,9,2,22.22,0,0.0,18,3,16.67,9.38,7,21.88,31.25,41.67,7.81,40.0,0.222,0.222,0.222,0.444,0.0,669236
SL,Slider,BR,30,13.89,10,10,1,10.0,0,0.0,16,3,18.75,10.0,4,13.33,23.33,30.77,12.5,12.5,0.4,0.4,1.0,1.4,0.6,669236
FC,Cutter,FB,20,9.26,6,5,1,16.67,1,16.67,11,1,9.09,5.0,1,5.0,10.0,27.27,4.69,33.33,0.6,0.667,1.0,1.667,0.4,669236
CU,Curveball,BR,12,5.56,2,2,2,100.0,0,0.0,3,3,100.0,25.0,4,33.33,58.33,28.57,4.69,66.67,0.0,0.0,0.0,0.0,0.0,669236
ST,Sweeper,BR,11,5.09,2,2,1,50.0,0,0.0,3,0,0.0,0.0,3,27.27,27.27,28.57,10.94,14.29,0.5,0.5,0.5,1.0,0.0,669236
FS,Split-Finger,OS,5,2.31,1,1,1,100.0,0,0.0,2,2,100.0,40.0,0,0.0,40.0,40.0,1.56,100.0,0.0,0.0,0.0,0.0,0.0,669236
KC,Knuckle Curve,BR,4,1.85,1,1,1,100.0,0,0.0,2,1,50.0,25.0,0,0.0,25.0,50.0,4.69,33.33,0.0,0.0,0.0,0.0,0.0,669236
FA,Other,,2,0.93,1,1,0,0.0,0,0.0,1,0,0.0,0.0,0,0.0,0.0,0.0,0.0,,0.0,0.0,0.0,0.0,0.0,669236
,,,1,0.46,0,0,0,,0,,0,0,,0.0,0,0.0,0.0,,1.56,0.0,,,,,,669236
FF,4-Seam Fastball,FB,114,27.6,34,32,9,26.47,1,2.94,56,16,28.57,14.04,25,21.93,35.96,35.71,34.74,27.27,0.125,0.176,0.312,0.488,0.187,669242
CH,Changeup,OS,70,16.95,19,19,1,5.26,0,0.0,33,1,3.03,1.43,7,10.0,11.43,26.83,17.89,5.88,0.211,0.211,0.684,0.895,0.4730000000000001,669242
SI,Sinker,FB,70,16.95,23,22,3,13.04,0,0.0,34,4,11.76,5.71,17,24.29,30.0,14.29,8.42,37.5,0.273,0.304,0.591,0.895,0.3179999999999999,669242
CU,Curveball,BR,43,10.41,13,11,3,23.08,2,15.38,17,4,23.53,9.3,10,23.26,32.56,32.0,7.37,42.86,0.091,0.231,0.091,0.322,0.0,669242
SL,Slider,BR,35,8.47,12,12,2,16.67,0,0.0,22,2,9.09,5.71,5,14.29,20.0,50.0,14.74,14.29,0.333,0.333,0.5,0.833,0.1669999999999999,669242
ST,Sweeper,BR,27,6.54,5,5,2,40.0,0,0.0,9,4,44.44,14.81,5,18.52,33.33,26.67,5.26,40.0,0.2,0.2,0.2,0.4,0.0,669242
FC,Cutter,FB,22,5.33,5,4,0,0.0,1,20.0,11,3,27.27,13.64,2,9.09,22.73,33.33,2.11,0.0,0.5,0.6,0.75,1.35,0.25,669242
FS,Split-Finger,OS,18,4.36,5,5,1,20.0,0,0.0,10,4,40.0,22.22,0,0.0,22.22,36.36,4.21,25.0,0.4,0.4,0.4,0.8,0.0,669242
KC,Knuckle Curve,BR,14,3.39,6,6,1,16.67,0,0.0,10,3,30.0,21.43,1,7.14,28.57,50.0,5.26,20.0,0.167,0.167,0.333,0.5,0.166,669242
SI,Sinker,FB,6,28.57,3,3,0,0.0,0,0.0,5,1,20.0,16.67,0,0.0,16.67,0.0,0.0,,0.333,0.333,0.333,0.666,0.0,669256
CH,Changeup,OS,5,23.81,4,4,1,25.0,0,0.0,5,2,40.0,40.0,0,0.0,40.0,100.0,25.0,100.0,0.0,0.0,0.0,0.0,0.0,669256
CU,Curveball,BR,4,19.05,0,0,0,,0,,1,0,0.0,0.0,1,25.0,25.0,33.33,25.0,0.0,,,,,,669256
FF,4-Seam Fastball,FB,4,19.05,0,0,0,,0,,1,0,0.0,0.0,2,50.0,50.0,50.0,25.0,0.0,,,,,,669256
FC,Cutter,FB,1,4.76,0,0,0,,0,,1,0,0.0,0.0,0,0.0,0.0,100.0,0.0,,,,,,,669256
SL,Slider,BR,1,4.76,1,1,1,100.0,0,0.0,1,1,100.0,100.0,0,0.0,100.0,,25.0,100.0,0.0,0.0,0.0,0.0,0.0,669256
FF,4-Seam Fastball,FB,163,33.13,31,22,8,25.81,8,25.81,54,12,22.22,7.36,41,25.15,32.52,9.86,36.5,16.0,0.273,0.484,0.5,0.984,0.2269999999999999,669257
CH,Changeup,OS,79,16.06,23,19,4,17.39,4,17.39,27,7,25.93,8.86,8,10.13,18.99,15.38,14.6,20.0,0.316,0.435,0.526,0.961,0.21,669257
CU,Curveball,BR,64,13.01,10,10,4,40.0,0,0.0,16,5,31.25,7.81,16,25.0,32.81,18.92,16.06,18.18,0.1,0.1,0.2,0.3,0.1,669257
SL,Slider,BR,55,11.18,21,17,5,23.81,4,19.05,23,5,21.74,9.09,15,27.27,36.36,15.79,9.49,38.46,0.294,0.429,0.529,0.958,0.235,669257
SI,Sinker,FB,54,10.98,12,12,3,25.0,0,0.0,18,2,11.11,3.7,15,27.78,31.48,16.67,5.11,42.86,0.333,0.333,0.333,0.666,0.0,669257
FC,Cutter,FB,37,7.52,4,3,0,0.0,1,25.0,13,4,30.77,10.81,6,16.22,27.03,15.0,7.3,0.0,0.0,0.25,0.0,0.25,0.0,669257
ST,Sweeper,BR,19,3.86,5,4,1,20.0,1,20.0,7,3,42.86,15.79,3,15.79,31.58,30.77,5.84,12.5,0.25,0.4,0.5,0.9,0.25,669257
FS,Split-Finger,OS,15,3.05,4,4,0,0.0,0,0.0,8,2,25.0,13.33,3,20.0,33.33,33.33,2.19,0.0,0.25,0.25,1.0,1.25,0.75,669257
KC,Knuckle Curve,BR,5,1.02,2,2,1,50.0,0,0.0,3,1,33.33,20.0,1,20.0,40.0,75.0,2.19,33.33,0.0,0.0,0.0,0.0,0.0,669257
,,,1,0.2,0,0,0,,0,,0,0,,0.0,0,0.0,0.0,,0.73,0.0,,,,,,669257
FC,Cutter,FB,7,24.14,2,2,0,0.0,0,0.0,5,1,20.0,14.29,1,14.29,28.57,50.0,36.36,0.0,0.0,0.0,0.0,0.0,0.0,669261
SI,Sinker,FB,7,24.14,2,2,0,0.0,0,0.0,3,0,0.0,0.0,3,42.86,42.86,50.0,9.09,0.0,0.0,0.0,0.0,0.0,0.0,669261
FF,4-Seam Fastball,FB,7,24.14,2,2,1,50.0,0,0.0,3,2,66.67,28.57,1,14.29,42.86,25.0,27.27,33.33,0.0,0.0,0.0,0.0,0.0,669261
SL,Slider,BR,5,17.24,1,1,1,100.0,0,0.0,0,0,,0.0,1,20.0,20.0,0.0,27.27,33.33,0.0,0.0,0.0,0.0,0.0,669261
CH,Changeup,OS,1,3.45,0,0,0,,0,,0,0,,0.0,0,0.0,0.0,0.0,0.0,,,,,,,669261
CU,Curveball,BR,1,3.45,0,0,0,,0,,1,1,100.0,100.0,0,0.0,100.0,,0.0,,,,,,,669261
ST,Sweeper,BR,1,3.45,0,0,0,,0,,0,0,,0.0,0,0.0,0.0,0.0,0.0,,,,,,,669261
SI,Sinker,FB,9,37.5,2,2,0,0.0,0,0.0,4,1,25.0,11.11,2,22.22,33.33,0.0,0.0,,0.5,0.5,0.5,1.0,0.0,669288
SL,Slider,BR,7,29.17,2,2,0,0.0,0,0.0,3,1,33.33,14.29,2,28.57,42.86,50.0,44.44,0.0,0.5,0.5,1.0,1.5,0.5,669288
FF,4-Seam Fastball,FB,5,20.83,1,1,0,0.0,0,0.0,4,1,25.0,20.0,0,0.0,20.0,66.67,22.22,0.0,0.0,0.0,0.0,0.0,0.0,669288
CU,Curveball,BR,2,8.33,2,2,1,50.0,0,0.0,2,1,50.0,50.0,0,0.0,50.0,,22.22,50.0,0.0,0.0,0.0,0.0,0.0,669288
CH,Changeup,OS,1,4.17,0,0,0,,0,,1,0,0.0,0.0,0,0.0,0.0,100.0,11.11,0.0,,,,,,669288
FF,4-Seam Fastball,FB,188,35.54,38,35,3,7.89,3,7.89,84,12,14.29,6.38,41,21.81,28.19,23.46,35.71,6.0,0.171,0.237,0.257,0.494,0.086,669289
CH,Changeup,OS,77,14.56,24,20,1,4.17,4,16.67,31,3,9.68,3.9,10,12.99,16.88,19.57,19.29,3.7,0.25,0.375,0.25,0.625,0.0,669289
SL,Slider,BR,76,14.37,19,19,2,10.53,0,0.0,34,7,20.59,9.21,11,14.47,23.68,25.58,16.43,4.35,0.211,0.211,0.368,0.579,0.157,669289
SI,Sinker,FB,72,13.61,16,14,1,6.25,2,12.5,31,3,9.68,4.17,15,20.83,25.0,10.34,6.43,11.11,0.571,0.625,0.571,1.196,0.0,669289
CU,Curveball,BR,43,8.13,11,11,2,18.18,0,0.0,12,1,8.33,2.33,16,37.21,39.53,17.65,7.86,18.18,0.182,0.182,0.273,0.455,0.091,669289
FC,Cutter,FB,31,5.86,6,6,0,0.0,0,0.0,14,0,0.0,0.0,7,22.58,22.58,9.09,4.29,0.0,0.333,0.333,0.333,0.666,0.0,669289
ST,Sweeper,BR,24,4.54,8,8,1,12.5,0,0.0,13,0,0.0,0.0,4,16.67,16.67,12.5,5.71,12.5,0.375,0.375,0.625,1.0,0.25,669289
FS,Split-Finger,OS,8,1.51,1,1,0,0.0,0,0.0,3,1,33.33,12.5,0,0.0,12.5,16.67,1.43,0.0,0.0,0.0,0.0,0.0,0.0,669289
KC,Knuckle Curve,BR,7,1.32,2,2,1,50.0,0,0.0,3,0,0.0,0.0,2,28.57,28.57,0.0,2.86,25.0,0.5,0.5,0.5,1.0,0.0,669289
CS,Slow Curve,BR,2,0.38,1,1,0,0.0,0,0.0,1,0,0.0,0.0,0,0.0,0.0,50.0,0.0,,0.0,0.0,0.0,0.0,0.0,669289
,,,1,0.19,0,0,0,,0,,0,0,,0.0,0,0.0,0.0,,0.0,,,,,,,669289
SL,Slider,BR,19,31.15,5,5,3,60.0,0,0.0,12,4,33.33,21.05,3,15.79,36.84,50.0,34.62,33.33,0.0,0.0,0.0,0.0,0.0,669304
SI,Sinker,FB,13,21.31,3,3,1,33.33,0,0.0,9,2,22.22,15.38,2,15.38,30.77,25.0,23.08,16.67,0.0,0.0,0.0,0.0,0.0,669304
FF,4-Seam Fastball,FB,10,16.39,3,3,2,66.67,0,0.0,7,2,28.57,20.0,1,10.0,30.0,50.0,19.23,40.0,0.0,0.0,0.0,0.0,0.0,669304
CH,Changeup,OS,9,14.75,1,1,1,100.0,0,0.0,4,3,75.0,33.33,1,11.11,44.44,28.57,15.38,25.0,0.0,0.0,0.0,0.0,0.0,669304
FC,Cutter,FB,5,8.2,3,3,1,33.33,0,0.0,3,0,0.0,0.0,2,40.0,40.0,100.0,7.69,50.0,0.333,0.333,0.333,0.666,0.0,669304
ST,Sweeper,BR,4,6.56,0,0,0,,0,,1,0,0.0,0.0,2,50.0,50.0,0.0,0.0,,,,,,,669304
CU,Curveball,BR,1,1.64,0,0,0,,0,,0,0,,0.0,1,100.0,100.0,,0.0,,,,,,,669304
FF,4-Seam Fastball,FB,33,35.48,11,8,3,27.27,1,9.09,25,8,32.0,24.24,3,9.09,33.33,50.0,31.25,30.0,0.25,0.3,0.625,0.925,0.375,669326
CH,Changeup,OS,14,15.05,2,2,1,50.0,0,0.0,8,4,50.0,28.57,2,14.29,42.86,55.56,15.62,20.0,0.0,0.0,0.0,0.0,0.0,669326
CU,Curveball,BR,10,10.75,6,5,1,16.67,0,0.0,6,2,33.33,20.0,1,10.0,30.0,40.0,12.5,25.0,0.4,0.5,0.6,1.1,0.1999999999999999,669326
FC,Cutter,FB,9,9.68,3,3,3,100.0,0,0.0,7,3,42.86,33.33,0,0.0,33.33,60.0,12.5,75.0,0.0,0.0,0.0,0.0,0.0,669326
KC,Knuckle Curve,BR,8,8.6,1,1,0,0.0,0,0.0,3,1,33.33,12.5,0,0.0,12.5,0.0,9.38,0.0,0.0,0.0,0.0,0.0,0.0,669326
SL,Slider,BR,8,8.6,3,3,0,0.0,0,0.0,7,2,28.57,25.0,0,0.0,25.0,66.67,9.38,0.0,0.667,0.667,1.0,1.667,0.3329999999999999,669326
SV,Slurve,BR,4,4.3,0,0,0,,0,,2,1,50.0,25.0,2,50.0,75.0,,3.12,0.0,,,,,,669326
SI,Sinker,FB,4,4.3,0,0,0,,0,,2,1,50.0,25.0,1,25.0,50.0,50.0,3.12,0.0,,,,,,669326
FS,Split-Finger,OS,2,2.15,1,1,1,100.0,0,0.0,2,2,100.0,100.0,0,0.0,100.0,100.0,3.12,100.0,0.0,0.0,0.0,0.0,0.0,669326
ST,Sweeper,BR,1,1.08,1,1,0,0.0,0,0.0,1,0,0.0,0.0,0,0.0,0.0,,0.0,,0.0,0.0,0.0,0.0,0.0,669326
FF,4-Seam Fastball,FB,111,31.09,27,22,7,25.93,4,14.81,45,9,20.0,8.11,23,20.72,28.83,18.75,30.19,21.88,0.136,0.259,0.182,0.441,0.0459999999999999,669357
SI,Sinker,FB,75,21.01,18,15,4,22.22,3,16.67,24,2,8.33,2.67,27,36.0,38.67,24.14,19.81,19.05,0.4,0.5,0.867,1.367,0.4669999999999999,669357
ST,Sweeper,BR,61,17.09,16,16,4,25.0,0,0.0,28,13,46.43,21.31,10,16.39,37.7,28.12,16.04,23.53,0.25,0.25,0.625,0.875,0.375,669357
SL,Slider,BR,51,14.29,19,17,8,42.11,2,10.53,31,15,48.39,29.41,3,5.88,35.29,43.33,15.09,50.0,0.176,0.263,0.235,0.498,0.059,669357
CU,Curveball,BR,23,6.44,7,7,2,28.57,0,0.0,14,5,35.71,21.74,4,17.39,39.13,50.0,8.49,22.22,0.286,0.286,0.714,1.0,0.428,669357
FC,Cutter,FB,17,4.76,3,3,0,0.0,0,0.0,9,5,55.56,29.41,4,23.53,52.94,33.33,0.0,,0.0,0.0,0.0,0.0,0.0,669357
SV,Slurve,BR,13,3.64,3,2,0,0.0,1,33.33,8,3,37.5,23.08,0,0.0,23.08,28.57,4.72,0.0,0.0,0.333,0.0,0.333,0.0,669357
KC,Knuckle Curve,BR,5,1.4,0,0,0,,0,,1,0,0.0,0.0,0,0.0,0.0,0.0,4.72,0.0,,,,,,669357
CH,Changeup,OS,1,0.28,0,0,0,,0,,1,0,0.0,0.0,0,0.0,0.0,,0.94,0.0,,,,,,669357
FF,4-Seam Fastball,FB,265,36.3,56,48,13,23.21,8,14.29,132,20,15.15,7.55,48,18.11,25.66,23.01,33.64,17.81,0.167,0.286,0.208,0.494,0.0409999999999999,669364
SI,Sinker,FB,153,20.96,40,36,5,12.5,3,7.5,66,3,4.55,1.96,34,22.22,24.18,14.55,13.82,16.67,0.333,0.385,0.389,0.774,0.0559999999999999,669364
CH,Changeup,OS,98,13.42,29,29,4,13.79,0,0.0,51,11,21.57,11.22,4,4.08,15.31,34.38,19.82,9.3,0.207,0.207,0.207,0.414,0.0,669364
CU,Curveball,BR,63,8.63,25,22,4,16.0,2,8.0,32,7,21.88,11.11,12,19.05,30.16,45.45,12.44,14.81,0.273,0.32,0.273,0.593,0.0,669364
SL,Slider,BR,61,8.36,17,16,1,5.88,1,5.88,40,3,7.5,4.92,6,9.84,14.75,37.5,10.6,4.35,0.062,0.118,0.062,0.18,0.0,669364
ST,Sweeper,BR,36,4.93,12,12,1,8.33,0,0.0,16,1,6.25,2.78,12,33.33,36.11,33.33,3.69,12.5,0.25,0.25,0.417,0.667,0.1669999999999999,669364
FC,Cutter,FB,34,4.66,14,14,1,7.14,0,0.0,20,0,0.0,0.0,8,23.53,23.53,62.5,3.23,14.29,0.5,0.5,0.571,1.071,0.0709999999999999,669364
FS,Split-Finger,OS,14,1.92,4,4,2,50.0,0,0.0,5,3,60.0,21.43,1,7.14,28.57,27.27,1.84,50.0,0.0,0.0,0.0,0.0,0.0,669364
KC,Knuckle Curve,BR,3,0.41,1,1,0,0.0,0,0.0,1,0,0.0,0.0,1,33.33,33.33,50.0,0.92,0.0,0.0,0.0,0.0,0.0,0.0,669364
SV,Slurve,BR,2,0.27,0,0,0,,0,,0,0,,0.0,0,0.0,0.0,0.0,0.0,,,,,,,669364
,,,1,0.14,0,0,0,,0,,0,0,,0.0,0,0.0,0.0,,0.0,,,,,,,669364
FF,4-Seam Fastball,FB,31,25.0,9,8,2,22.22,0,0.0,16,6,37.5,19.35,7,22.58,41.94,30.77,15.38,33.33,0.25,0.25,0.25,0.5,0.0,669369
CH,Changeup,OS,26,20.97,6,6,2,33.33,0,0.0,12,6,50.0,23.08,5,19.23,42.31,47.06,17.95,28.57,0.167,0.167,0.167,0.334,0.0,669369
SI,Sinker,FB,17,13.71,7,5,0,0.0,2,28.57,7,1,14.29,5.88,2,11.76,17.65,0.0,15.38,0.0,0.6,0.714,0.6,1.314,0.0,669369
SL,Slider,BR,14,11.29,5,4,1,20.0,1,20.0,9,2,22.22,14.29,1,7.14,21.43,42.86,23.08,11.11,0.25,0.4,0.25,0.65,0.0,669369
CU,Curveball,BR,13,10.48,2,1,1,50.0,0,0.0,4,1,25.0,7.69,5,38.46,46.15,20.0,10.26,25.0,0.0,0.0,0.0,0.0,0.0,669369
ST,Sweeper,BR,10,8.06,0,0,0,,0,,2,0,0.0,0.0,1,10.0,10.0,0.0,12.82,0.0,,,,,,669369
FC,Cutter,FB,6,4.84,4,4,0,0.0,0,0.0,5,0,0.0,0.0,1,16.67,16.67,100.0,0.0,,0.25,0.25,0.5,0.75,0.25,669369
FS,Split-Finger,OS,6,4.84,1,1,0,0.0,0,0.0,4,2,50.0,33.33,0,0.0,33.33,66.67,2.56,0.0,1.0,1.0,1.0,2.0,0.0,669369
SV,Slurve,BR,1,0.81,1,1,1,100.0,0,0.0,0,0,,0.0,1,100.0,100.0,,2.56,100.0,0.0,0.0,0.0,0.0,0.0,669369
FF,4-Seam Fastball,FB,10,62.5,4,4,2,50.0,0,0.0,6,3,50.0,30.0,1,10.0,40.0,0.0,100.0,100.0,0.25,0.25,0.25,0.5,0.0,669374
CH,Changeup,OS,5,31.25,0,0,0,,0,,2,0,0.0,0.0,0,0.0,0.0,0.0,0.0,,,,,,,669374
SV,Slurve,BR,1,6.25,0,0,0,,0,,0,0,,0.0,1,100.0,100.0,,0.0,,,,,,,669374
FF,4-Seam Fastball,FB,5,27.78,2,2,0,0.0,0,0.0,3,1,33.33,20.0,1,20.0,40.0,0.0,25.0,0.0,0.5,0.5,0.5,1.0,0.0,669392
CH,Changeup,OS,4,22.22,1,1,1,100.0,0,0.0,3,2,66.67,50.0,1,25.0,75.0,100.0,50.0,50.0,0.0,0.0,0.0,0.0,0.0,669392
SI,Sinker,FB,3,16.67,1,0,0,0.0,0,0.0,1,0,0.0,0.0,1,33.33,33.33,50.0,0.0,,,,,,,669392
ST,Sweeper,BR,3,16.67,1,1,0,0.0,0,0.0,1,0,0.0,0.0,1,33.33,33.33,0.0,0.0,,0.0,0.0,0.0,0.0,0.0,669392
CU,Curveball,BR,1,5.56,0,0,0,,0,,0,0,,0.0,0,0.0,0.0,0.0,0.0,,,,,,,669392
FC,Cutter,FB,1,5.56,0,0,0,,0,,1,0,0.0,0.0,0,0.0,0.0,100.0,0.0,,,,,,,669392
SL,Slider,BR,1,5.56,1,1,0,0.0,0,0.0,1,0,0.0,0.0,0,0.0,0.0,,25.0,0.0,0.0,0.0,0.0,0.0,0.0,669392
FF,4-Seam Fastball,FB,117,32.14,32,28,6,18.75,2,6.25,71,17,23.94,14.53,14,11.97,26.5,41.82,32.35,18.18,0.107,0.161,0.321,0.482,0.214,669394
CH,Changeup,OS,67,18.41,18,17,2,11.11,0,0.0,30,9,30.0,13.43,7,10.45,23.88,23.68,11.76,16.67,0.235,0.222,0.294,0.516,0.059,669394
SL,Slider,BR,48,13.19,12,10,3,25.0,1,8.33,26,9,34.62,18.75,6,12.5,31.25,23.81,18.63,15.79,0.3,0.417,0.3,0.717,0.0,669394
CU,Curveball,BR,32,8.79,10,10,2,20.0,0,0.0,16,5,31.25,15.62,3,9.38,25.0,25.0,7.84,25.0,0.2,0.2,0.3,0.5,0.0999999999999999,669394
SI,Sinker,FB,31,8.52,11,9,0,0.0,2,18.18,14,1,7.14,3.23,6,19.35,22.58,15.38,5.88,0.0,0.556,0.636,1.556,2.192,1.0,669394
FC,Cutter,FB,30,8.24,7,6,0,0.0,1,14.29,15,5,33.33,16.67,4,13.33,30.0,25.0,7.84,0.0,0.5,0.571,1.0,1.571,0.5,669394
ST,Sweeper,BR,25,6.87,7,7,3,42.86,0,0.0,12,2,16.67,8.0,7,28.0,36.0,41.67,11.76,25.0,0.286,0.286,0.429,0.715,0.143,669394
KC,Knuckle Curve,BR,8,2.2,1,1,1,100.0,0,0.0,3,3,100.0,37.5,3,37.5,75.0,50.0,0.98,100.0,0.0,0.0,0.0,0.0,0.0,669394
FS,Split-Finger,OS,6,1.65,3,3,1,33.33,0,0.0,5,1,20.0,16.67,0,0.0,16.67,50.0,2.94,33.33,0.667,0.667,1.0,1.667,0.3329999999999999,669394
FF,4-Seam Fastball,FB,167,37.36,46,41,9,19.57,5,10.87,89,12,13.48,7.19,22,13.17,20.36,19.72,36.62,17.31,0.22,0.304,0.22,0.524,0.0,669397
SI,Sinker,FB,83,18.57,19,14,3,15.79,5,26.32,35,5,14.29,6.02,13,15.66,21.69,12.5,12.68,16.67,0.214,0.421,0.214,0.635,0.0,669397
CH,Changeup,OS,59,13.2,15,15,1,6.67,0,0.0,35,8,22.86,13.56,4,6.78,20.34,33.33,14.79,4.76,0.2,0.2,0.267,0.467,0.067,669397
SL,Slider,BR,47,10.51,8,7,1,12.5,1,12.5,28,5,17.86,10.64,7,14.89,25.53,54.17,12.68,5.56,0.143,0.25,0.143,0.393,0.0,669397
CU,Curveball,BR,35,7.83,8,6,2,25.0,0,0.0,16,2,12.5,5.71,7,20.0,25.71,18.75,7.04,20.0,0.167,0.143,0.333,0.476,0.166,669397
ST,Sweeper,BR,22,4.92,6,6,2,33.33,0,0.0,8,1,12.5,4.55,4,18.18,22.73,28.57,8.45,16.67,0.167,0.167,0.167,0.334,0.0,669397
FC,Cutter,FB,21,4.7,7,5,0,0.0,1,14.29,10,0,0.0,0.0,3,14.29,14.29,12.5,4.23,0.0,0.6,0.667,0.6,1.267,0.0,669397
FS,Split-Finger,OS,5,1.12,2,2,1,50.0,0,0.0,3,2,66.67,40.0,1,20.0,60.0,50.0,2.11,33.33,0.0,0.0,0.0,0.0,0.0,669397
SV,Slurve,BR,5,1.12,1,1,1,100.0,0,0.0,2,1,50.0,20.0,1,20.0,40.0,50.0,1.41,50.0,0.0,0.0,0.0,0.0,0.0,669397
CS,Slow Curve,BR,3,0.67,0,0,0,,0,,0,0,,0.0,2,66.67,66.67,0.0,0.0,,,,,,,669397
ST,Sweeper,BR,2,100.0,1,1,0,0.0,0,0.0,1,0,0.0,0.0,0,0.0,0.0,0.0,,,0.0,0.0,0.0,0.0,0.0,669398
SI,Sinker,FB,3,50.0,1,1,1,100.0,0,0.0,0,0,,0.0,3,100.0,100.0,,50.0,100.0,0.0,0.0,0.0,0.0,0.0,669432
SL,Slider,BR,2,33.33,1,1,1,100.0,0,0.0,0,0,,0.0,2,100.0,100.0,0.0,50.0,100.0,0.0,0.0,0.0,0.0,0.0,669432
FC,Cutter,FB,1,16.67,0,0,0,,0,,1,1,100.0,100.0,0,0.0,100.0,,0.0,,,,,,,669432
FF,4-Seam Fastball,FB,80,39.6,19,14,5,26.32,4,21.05,34,9,26.47,11.25,15,18.75,30.0,15.79,43.24,15.62,0.143,0.368,0.357,0.725,0.214,669450
CH,Changeup,OS,33,16.34,7,7,1,14.29,0,0.0,11,2,18.18,6.06,2,6.06,12.12,13.04,18.92,7.14,0.0,0.0,0.0,0.0,0.0,669450
SI,Sinker,FB,25,12.38,5,5,0,0.0,0,0.0,9,0,0.0,0.0,6,24.0,24.0,8.33,6.76,0.0,0.6,0.6,0.6,1.2,0.0,669450
CU,Curveball,BR,20,9.9,2,2,1,50.0,0,0.0,4,2,50.0,10.0,2,10.0,20.0,6.67,10.81,12.5,0.5,0.5,0.5,1.0,0.0,669450
FC,Cutter,FB,15,7.43,4,3,0,0.0,1,25.0,8,2,25.0,13.33,3,20.0,33.33,33.33,4.05,0.0,0.333,0.5,1.333,1.833,1.0,669450
SL,Slider,BR,15,7.43,5,5,3,60.0,0,0.0,12,6,50.0,40.0,3,20.0,60.0,100.0,6.76,60.0,0.0,0.0,0.0,0.0,0.0,669450
KC,Knuckle Curve,BR,7,3.47,0,0,0,,0,,3,2,66.67,28.57,2,28.57,57.14,50.0,2.7,0.0,,,,,,669450
ST,Sweeper,BR,5,2.48,1,1,0,0.0,0,0.0,2,0,0.0,0.0,2,40.0,40.0,0.0,4.05,0.0,1.0,1.0,4.0,5.0,3.0,669450
SV,Slurve,BR,2,0.99,2,2,2,100.0,0,0.0,0,0,,0.0,2,100.0,100.0,,2.7,100.0,0.0,0.0,0.0,0.0,0.0,669450
FF,4-Seam Fastball,FB,154,32.22,38,35,13,34.21,3,7.89,84,21,25.0,13.64,22,14.29,27.92,26.87,33.33,24.07,0.171,0.237,0.343,0.5800000000000001,0.172,669477
CH,Changeup,OS,94,19.67,24,23,6,25.0,1,4.17,56,19,33.93,20.21,3,3.19,23.4,47.76,19.14,19.35,0.217,0.25,0.261,0.511,0.044,669477
SL,Slider,BR,64,13.39,14,12,2,14.29,2,14.29,32,6,18.75,9.38,9,14.06,23.44,31.25,11.73,10.53,0.167,0.286,0.333,0.619,0.166,669477
SI,Sinker,FB,50,10.46,12,10,1,8.33,2,16.67,26,3,11.54,6.0,9,18.0,24.0,27.27,8.02,7.69,0.3,0.417,0.5,0.917,0.2,669477
CU,Curveball,BR,40,8.37,12,10,2,16.67,1,8.33,21,4,19.05,10.0,8,20.0,30.0,38.89,8.64,14.29,0.3,0.417,0.4,0.817,0.1,669477
ST,Sweeper,BR,30,6.28,10,8,4,40.0,2,20.0,12,5,41.67,16.67,9,30.0,46.67,23.08,9.88,25.0,0.125,0.3,0.125,0.425,0.0,669477
FC,Cutter,FB,24,5.02,3,3,0,0.0,0,0.0,15,3,20.0,12.5,3,12.5,25.0,27.27,3.7,0.0,0.333,0.333,0.667,1.0,0.334,669477
KC,Knuckle Curve,BR,10,2.09,2,2,1,50.0,0,0.0,3,0,0.0,0.0,4,40.0,40.0,40.0,3.09,20.0,0.0,0.0,0.0,0.0,0.0,669477
FS,Split-Finger,OS,8,1.67,4,4,2,50.0,0,0.0,6,4,66.67,50.0,0,0.0,50.0,60.0,2.47,50.0,0.0,0.0,0.0,0.0,0.0,669477
,,,4,0.84,1,0,0,0.0,1,100.0,0,0,,0.0,0,0.0,0.0,,0.0,,,1.0,,,,669477
FF,4-Seam Fastball,FB,159,31.3,34,26,7,20.59,5,14.71,77,17,22.08,10.69,31,19.5,30.19,28.79,32.4,12.07,0.308,0.424,0.308,0.732,0.0,669701
SL,Slider,BR,115,22.64,33,32,8,24.24,1,3.03,57,14,24.56,12.17,17,14.78,26.96,30.36,26.26,17.02,0.219,0.242,0.25,0.492,0.031,669701
SI,Sinker,FB,109,21.46,24,22,5,20.83,1,4.17,53,12,22.64,11.01,25,22.94,33.94,34.88,14.53,19.23,0.227,0.261,0.273,0.534,0.046,669701
ST,Sweeper,BR,59,11.61,16,15,5,31.25,0,0.0,31,13,41.94,22.03,5,8.47,30.51,21.43,11.17,20.0,0.067,0.125,0.067,0.192,0.0,669701
FC,Cutter,FB,27,5.31,6,4,1,16.67,2,33.33,13,5,38.46,18.52,4,14.81,33.33,37.5,5.59,10.0,0.25,0.5,0.25,0.75,0.0,669701
CU,Curveball,BR,27,5.31,4,4,4,100.0,0,0.0,11,7,63.64,25.93,5,18.52,44.44,21.43,5.03,44.44,0.0,0.0,0.0,0.0,0.0,669701
CH,Changeup,OS,5,0.98,3,3,1,33.33,0,0.0,4,1,25.0,20.0,0,0.0,20.0,0.0,2.23,25.0,0.0,0.0,0.0,0.0,0.0,669701
KC,Knuckle Curve,BR,3,0.59,1,1,1,100.0,0,0.0,2,2,100.0,66.67,0,0.0,66.67,50.0,1.12,50.0,0.0,0.0,0.0,0.0,0.0,669701
SV,Slurve,BR,3,0.59,0,0,0,,0,,2,0,0.0,0.0,0,0.0,0.0,0.0,1.12,0.0,,,,,,669701
FS,Split-Finger,OS,1,0.2,0,0,0,,0,,0,0,,0.0,0,0.0,0.0,0.0,0.56,0.0,,,,,,669701
FF,4-Seam Fastball,FB,172,36.52,51,47,12,23.53,2,3.92,86,15,17.44,8.72,39,22.67,31.4,27.27,39.19,20.69,0.298,0.32,0.596,0.916,0.298,669707
CH,Changeup,OS,74,15.71,23,22,3,13.04,1,4.35,39,11,28.21,14.86,6,8.11,22.97,32.56,14.86,13.64,0.227,0.261,0.273,0.534,0.046,669707
SI,Sinker,FB,58,12.31,10,8,1,10.0,2,20.0,27,4,14.81,6.9,15,25.86,32.76,26.32,8.78,7.69,0.375,0.5,0.5,1.0,0.125,669707
CU,Curveball,BR,56,11.89,20,18,3,15.0,1,5.0,28,7,25.0,12.5,8,14.29,26.79,18.52,14.19,14.29,0.333,0.4,0.444,0.8440000000000001,0.1109999999999999,669707
SL,Slider,BR,45,9.55,8,6,0,0.0,2,25.0,18,4,22.22,8.89,5,11.11,20.0,16.0,11.49,0.0,0.167,0.375,0.333,0.708,0.166,669707
FC,Cutter,FB,32,6.79,5,3,0,0.0,1,20.0,16,1,6.25,3.12,5,15.62,18.75,35.71,3.38,0.0,0.333,0.5,0.667,1.167,0.334,669707
ST,Sweeper,BR,14,2.97,2,2,0,0.0,0,0.0,5,0,0.0,0.0,2,14.29,14.29,12.5,3.38,0.0,0.0,0.0,0.0,0.0,0.0,669707
FS,Split-Finger,OS,9,1.91,3,3,2,66.67,0,0.0,5,4,80.0,44.44,1,11.11,55.56,60.0,3.38,40.0,0.0,0.0,0.0,0.0,0.0,669707
KC,Knuckle Curve,BR,7,1.49,0,0,0,,0,,2,1,50.0,14.29,1,14.29,28.57,0.0,1.35,0.0,,,,,,669707
,,,4,0.85,1,0,0,0.0,1,100.0,0,0,,0.0,0,0.0,0.0,,0.0,,,1.0,,,,669707
FF,4-Seam Fastball,FB,55,28.21,14,9,3,21.43,4,28.57,24,6,25.0,10.91,4,7.27,18.18,18.18,27.69,16.67,0.222,0.462,0.444,0.906,0.222,669717
SL,Slider,BR,36,18.46,9,7,5,55.56,0,0.0,25,13,52.0,36.11,5,13.89,50.0,58.82,20.0,38.46,0.143,0.143,0.143,0.286,0.0,669717
CH,Changeup,OS,26,13.33,8,8,3,37.5,0,0.0,17,10,58.82,38.46,0,0.0,38.46,50.0,18.46,25.0,0.25,0.25,0.375,0.625,0.125,669717
ST,Sweeper,BR,22,11.28,4,4,2,50.0,0,0.0,11,4,36.36,18.18,3,13.64,31.82,27.27,9.23,33.33,0.25,0.25,0.25,0.5,0.0,669717
SI,Sinker,FB,19,9.74,8,8,3,37.5,0,0.0,12,2,16.67,10.53,3,15.79,26.32,42.86,7.69,60.0,0.25,0.25,0.375,0.625,0.125,669717
FC,Cutter,FB,19,9.74,4,3,1,25.0,0,0.0,11,1,9.09,5.26,2,10.53,15.79,25.0,10.77,14.29,0.0,0.25,0.0,0.25,0.0,669717
CU,Curveball,BR,16,8.21,2,2,1,50.0,0,0.0,4,3,75.0,18.75,2,12.5,31.25,0.0,6.15,25.0,0.5,0.5,0.5,1.0,0.0,669717
KC,Knuckle Curve,BR,2,1.03,0,0,0,,0,,1,1,100.0,50.0,0,0.0,50.0,50.0,0.0,,,,,,,669717
FF,4-Seam Fastball,FB,83,21.61,23,18,0,0.0,4,17.39,43,6,13.95,7.23,12,14.46,21.69,27.5,17.92,0.0,0.667,0.696,1.278,1.974,0.611,669720
CH,Changeup,OS,70,18.23,19,18,8,42.11,1,5.26,41,17,41.46,24.29,4,5.71,30.0,34.21,16.04,47.06,0.167,0.211,0.278,0.489,0.111,669720
SL,Slider,BR,59,15.36,16,16,6,37.5,0,0.0,30,12,40.0,20.34,5,8.47,28.81,34.38,15.09,31.25,0.25,0.25,0.312,0.562,0.062,669720
CU,Curveball,BR,48,12.5,13,12,3,23.08,1,7.69,24,8,33.33,16.67,7,14.58,31.25,40.74,15.09,18.75,0.167,0.231,0.25,0.481,0.0829999999999999,669720
SI,Sinker,FB,48,12.5,12,10,0,0.0,2,16.67,21,1,4.76,2.08,5,10.42,12.5,12.5,14.15,0.0,0.3,0.417,0.6,1.017,0.3,669720
FC,Cutter,FB,25,6.51,8,7,1,12.5,1,12.5,16,2,12.5,8.0,3,12.0,20.0,12.5,2.83,33.33,0.429,0.5,0.714,1.214,0.285,669720
ST,Sweeper,BR,22,5.73,6,5,3,50.0,1,16.67,8,4,50.0,18.18,4,18.18,36.36,28.57,6.6,42.86,0.0,0.167,0.0,0.167,0.0,669720
FS,Split-Finger,OS,14,3.65,2,2,1,50.0,0,0.0,8,4,50.0,28.57,0,0.0,28.57,40.0,6.6,14.29,0.5,0.5,1.0,1.5,0.5,669720
KC,Knuckle Curve,BR,11,2.86,4,2,2,50.0,1,25.0,4,1,25.0,9.09,2,18.18,27.27,16.67,5.66,33.33,0.0,0.5,0.0,0.5,0.0,669720
,,,2,0.52,1,0,0,0.0,1,100.0,0,0,,0.0,0,0.0,0.0,,0.0,,,1.0,,,,669720
CS,Slow Curve,BR,1,0.26,0,0,0,,0,,0,0,,0.0,1,100.0,100.0,,0.0,,,,,,,669720
SV,Slurve,BR,1,0.26,1,1,0,0.0,0,0.0,1,0,0.0,0.0,0,0.0,0.0,,0.0,,1.0,1.0,1.0,2.0,0.0,669720
FF,4-Seam Fastball,FB,8,36.36,4,3,1,25.0,1,25.0,4,2,50.0,25.0,1,12.5,37.5,33.33,20.0,100.0,0.333,0.5,0.667,1.167,0.334,669722
CH,Changeup,OS,5,22.73,2,2,0,0.0,0,0.0,4,1,25.0,20.0,0,0.0,20.0,75.0,20.0,0.0,1.0,1.0,1.0,2.0,0.0,669722
SL,Slider,BR,3,13.64,0,0,0,,0,,1,0,0.0,0.0,0,0.0,0.0,0.0,20.0,0.0,,,,,,669722
SI,Sinker,FB,2,9.09,1,1,1,100.0,0,0.0,1,0,0.0,0.0,1,50.0,50.0,,20.0,100.0,0.0,0.0,0.0,0.0,0.0,669722
ST,Sweeper,BR,2,9.09,0,0,0,,0,,0,0,,0.0,2,100.0,100.0,,0.0,,,,,,,669722
FC,Cutter,FB,1,4.55,1,1,0,0.0,0,0.0,1,0,0.0,0.0,0,0.0,0.0,,0.0,,0.0,0.0,0.0,0.0,0.0,669722
CU,Curveball,BR,1,4.55,1,1,0,0.0,0,0.0,1,0,0.0,0.0,0,0.0,0.0,,20.0,0.0,1.0,1.0,1.0,2.0,0.0,669722
FF,4-Seam Fastball,FB,196,41.26,54,45,8,14.81,5,9.26,92,15,16.3,7.65,53,27.04,34.69,10.0,38.06,15.69,0.333,0.385,0.511,0.896,0.178,669743
SI,Sinker,FB,72,15.16,17,15,3,17.65,2,11.76,22,1,4.55,1.39,26,36.11,37.5,16.0,14.93,15.0,0.333,0.412,0.4,0.812,0.067,669743
CH,Changeup,OS,66,13.89,17,16,2,11.76,0,0.0,26,8,30.77,12.12,5,7.58,19.7,25.53,13.43,11.11,0.25,0.25,0.25,0.5,0.0,669743
CU,Curveball,BR,49,10.32,10,9,4,40.0,1,10.0,14,5,35.71,10.2,13,26.53,36.73,24.14,14.18,21.05,0.0,0.1,0.0,0.1,0.0,669743
SL,Slider,BR,37,7.79,12,12,1,8.33,0,0.0,18,3,16.67,8.11,4,10.81,18.92,28.57,9.7,7.69,0.25,0.25,0.833,1.083,0.583,669743
FC,Cutter,FB,30,6.32,4,4,3,75.0,0,0.0,8,3,37.5,10.0,13,43.33,53.33,20.0,2.99,75.0,0.25,0.25,0.25,0.5,0.0,669743
ST,Sweeper,BR,16,3.37,4,3,1,25.0,0,0.0,7,2,28.57,12.5,1,6.25,18.75,27.27,5.22,14.29,0.333,0.25,0.667,0.917,0.334,669743
KC,Knuckle Curve,BR,6,1.26,1,1,0,0.0,0,0.0,2,0,0.0,0.0,1,16.67,16.67,25.0,0.75,0.0,1.0,1.0,1.0,2.0,0.0,669743
SV,Slurve,BR,2,0.42,0,0,0,,0,,0,0,,0.0,1,50.0,50.0,0.0,0.75,0.0,,,,,,669743
FS,Split-Finger,OS,1,0.21,0,0,0,,0,,0,0,,0.0,0,0.0,0.0,0.0,0.0,,,,,,,669743
FF,4-Seam Fastball,FB,123,32.28,27,25,5,18.52,1,3.7,66,12,18.18,9.76,14,11.38,21.14,14.0,27.87,14.71,0.16,0.185,0.32,0.505,0.16,669911
CH,Changeup,OS,65,17.06,19,17,7,36.84,2,10.53,31,14,45.16,21.54,6,9.23,30.77,26.32,18.85,30.43,0.235,0.316,0.412,0.728,0.177,669911
SL,Slider,BR,57,14.96,13,12,6,46.15,1,7.69,31,13,41.94,22.81,10,17.54,40.35,40.74,18.03,27.27,0.167,0.231,0.25,0.481,0.0829999999999999,669911
SI,Sinker,FB,50,13.12,9,8,2,22.22,0,0.0,19,1,5.26,2.0,12,24.0,26.0,13.04,10.66,15.38,0.125,0.111,0.125,0.236,0.0,669911
CU,Curveball,BR,35,9.19,13,13,5,38.46,0,0.0,18,7,38.89,20.0,5,14.29,34.29,47.83,13.11,31.25,0.308,0.308,0.615,0.923,0.307,669911
ST,Sweeper,BR,27,7.09,7,7,1,14.29,0,0.0,11,3,27.27,11.11,10,37.04,48.15,14.29,5.74,14.29,0.143,0.143,0.143,0.286,0.0,669911
FC,Cutter,FB,15,3.94,6,6,2,33.33,0,0.0,9,4,44.44,26.67,4,26.67,53.33,57.14,3.28,50.0,0.5,0.5,1.5,2.0,1.0,669911
KC,Knuckle Curve,BR,6,1.57,1,1,0,0.0,0,0.0,1,0,0.0,0.0,1,16.67,16.67,0.0,0.82,0.0,1.0,1.0,1.0,2.0,0.0,669911
FS,Split-Finger,OS,3,0.79,1,1,1,100.0,0,0.0,2,1,50.0,33.33,0,0.0,33.33,50.0,1.64,50.0,0.0,0.0,0.0,0.0,0.0,669911
FF,4-Seam Fastball,FB,4,57.14,1,1,0,0.0,0,0.0,1,0,0.0,0.0,1,25.0,25.0,0.0,0.0,,0.0,0.0,0.0,0.0,0.0,670032
ST,Sweeper,BR,2,28.57,1,1,0,0.0,0,0.0,1,0,0.0,0.0,1,50.0,50.0,,100.0,0.0,0.0,0.0,0.0,0.0,0.0,670032
SI,Sinker,FB,1,14.29,0,0,0,,0,,0,0,,0.0,1,100.0,100.0,,0.0,,,,,,,670032
SL,Slider,BR,45,34.35,8,8,2,25.0,0,0.0,25,11,44.0,24.44,1,2.22,26.67,18.18,26.32,20.0,0.125,0.125,0.25,0.375,0.125,670042
FF,4-Seam Fastball,FB,36,27.48,14,12,5,35.71,2,14.29,22,8,36.36,22.22,4,11.11,33.33,27.27,34.21,38.46,0.167,0.286,0.167,0.4529999999999999,0.0,670042
SI,Sinker,FB,21,16.03,9,7,0,0.0,1,11.11,14,3,21.43,14.29,2,9.52,23.81,44.44,10.53,0.0,0.0,0.222,0.0,0.222,0.0,670042
ST,Sweeper,BR,16,12.21,3,3,2,66.67,0,0.0,8,5,62.5,31.25,3,18.75,50.0,37.5,15.79,33.33,0.0,0.0,0.0,0.0,0.0,670042
FC,Cutter,FB,6,4.58,1,1,0,0.0,0,0.0,3,2,66.67,33.33,1,16.67,50.0,0.0,2.63,0.0,0.0,0.0,0.0,0.0,0.0,670042
CU,Curveball,BR,5,3.82,1,1,1,100.0,0,0.0,3,2,66.67,40.0,0,0.0,40.0,33.33,10.53,25.0,0.0,0.0,0.0,0.0,0.0,670042
KC,Knuckle Curve,BR,2,1.53,0,0,0,,0,,1,0,0.0,0.0,0,0.0,0.0,0.0,0.0,,,,,,,670042
FF,4-Seam Fastball,FB,3,33.33,2,2,2,100.0,0,0.0,2,1,50.0,33.33,1,33.33,66.67,,100.0,100.0,0.0,0.0,0.0,0.0,0.0,670092
SI,Sinker,FB,3,33.33,0,0,0,,0,,2,0,0.0,0.0,0,0.0,0.0,50.0,0.0,,,,,,,670092
SL,Slider,BR,3,33.33,0,0,0,,0,,1,0,0.0,0.0,0,0.0,0.0,0.0,0.0,,,,,,,670092
FF,4-Seam Fastball,FB,43,45.74,10,9,7,70.0,1,10.0,17,8,47.06,18.6,11,25.58,44.19,10.53,43.24,43.75,0.111,0.2,0.111,0.311,0.0,670097
CH,Changeup,OS,17,18.09,3,3,1,33.33,0,0.0,9,4,44.44,23.53,0,0.0,23.53,38.46,13.51,20.0,0.667,0.667,1.667,2.334,1.0,670097
SL,Slider,BR,12,12.77,4,3,0,0.0,1,25.0,6,2,33.33,16.67,2,16.67,33.33,44.44,18.92,0.0,0.667,0.75,1.0,1.75,0.3329999999999999,670097
CU,Curveball,BR,11,11.7,1,1,0,0.0,0,0.0,4,0,0.0,0.0,2,18.18,18.18,16.67,10.81,0.0,0.0,0.0,0.0,0.0,0.0,670097
SI,Sinker,FB,5,5.32,1,1,0,0.0,0,0.0,3,1,33.33,20.0,2,40.0,60.0,,2.7,0.0,1.0,1.0,1.0,2.0,0.0,670097
FC,Cutter,FB,4,4.26,0,0,0,,0,,1,0,0.0,0.0,1,25.0,25.0,33.33,8.11,0.0,,,,,,670097
ST,Sweeper,BR,1,1.06,0,0,0,,0,,0,0,,0.0,0,0.0,0.0,0.0,0.0,,,,,,,670097
SV,Slurve,BR,1,1.06,0,0,0,,0,,0,0,,0.0,0,0.0,0.0,0.0,2.7,0.0,,,,,,670097
SL,Slider,BR,20,27.78,3,3,1,33.33,0,0.0,6,3,50.0,15.0,6,30.0,45.0,0.0,15.79,33.33,0.333,0.333,0.667,1.0,0.334,670156
SI,Sinker,FB,18,25.0,5,4,0,0.0,0,0.0,11,1,9.09,5.56,2,11.11,16.67,37.5,10.53,0.0,0.25,0.25,0.25,0.5,0.0,670156
ST,Sweeper,BR,15,20.83,4,4,1,25.0,0,0.0,7,2,28.57,13.33,4,26.67,40.0,42.86,36.84,14.29,0.25,0.25,0.5,0.75,0.25,670156
FF,4-Seam Fastball,FB,14,19.44,6,5,2,33.33,1,16.67,4,0,0.0,0.0,6,42.86,42.86,33.33,21.05,50.0,0.4,0.5,0.6,1.1,0.1999999999999999,670156
CU,Curveball,BR,4,5.56,1,1,0,0.0,0,0.0,1,0,0.0,0.0,1,25.0,25.0,0.0,10.53,0.0,0.0,0.0,0.0,0.0,0.0,670156
FC,Cutter,FB,1,1.39,0,0,0,,0,,1,0,0.0,0.0,0,0.0,0.0,,5.26,0.0,,,,,,670156
ST,Sweeper,BR,13,38.24,3,3,1,33.33,0,0.0,5,2,40.0,15.38,2,15.38,30.77,0.0,41.67,20.0,0.333,0.333,0.667,1.0,0.334,670223
FF,4-Seam Fastball,FB,9,26.47,5,4,3,60.0,1,20.0,6,4,66.67,44.44,0,0.0,44.44,0.0,33.33,75.0,0.0,0.2,0.0,0.2,0.0,670223
SL,Slider,BR,4,11.76,0,0,0,,0,,1,0,0.0,0.0,2,50.0,50.0,0.0,8.33,0.0,,,,,,670223
CH,Changeup,OS,3,8.82,1,1,0,0.0,0,0.0,3,1,33.33,33.33,0,0.0,33.33,100.0,0.0,,1.0,1.0,4.0,5.0,3.0,670223
SI,Sinker,FB,3,8.82,1,1,0,0.0,0,0.0,2,0,0.0,0.0,1,33.33,33.33,100.0,0.0,,0.0,0.0,0.0,0.0,0.0,670223
CU,Curveball,BR,2,5.88,0,0,0,,0,,1,0,0.0,0.0,0,0.0,0.0,50.0,16.67,0.0,,,,,,670223
SL,Slider,BR,44,26.67,9,9,5,55.56,0,0.0,22,12,54.55,27.27,9,20.45,47.73,50.0,26.92,35.71,0.111,0.111,0.111,0.222,0.0,670224
FF,4-Seam Fastball,FB,40,24.24,12,11,3,25.0,0,0.0,17,4,23.53,10.0,13,32.5,42.5,10.0,23.08,25.0,0.182,0.25,0.273,0.523,0.091,670224
SI,Sinker,FB,30,18.18,7,7,1,14.29,0,0.0,16,7,43.75,23.33,7,23.33,46.67,50.0,13.46,14.29,0.143,0.143,0.143,0.286,0.0,670224
ST,Sweeper,BR,30,18.18,9,9,6,66.67,0,0.0,13,8,61.54,26.67,6,20.0,46.67,42.11,23.08,50.0,0.111,0.111,0.111,0.222,0.0,670224
FC,Cutter,FB,14,8.48,3,1,1,33.33,2,66.67,4,2,50.0,14.29,2,14.29,28.57,12.5,7.69,25.0,0.0,0.667,0.0,0.667,0.0,670224
CU,Curveball,BR,5,3.03,2,2,0,0.0,0,0.0,3,0,0.0,0.0,1,20.0,20.0,0.0,5.77,0.0,0.5,0.5,2.0,2.5,1.5,670224
CH,Changeup,OS,2,1.21,0,0,0,,0,,2,1,50.0,50.0,0,0.0,50.0,100.0,0.0,,,,,,,670224
FF,4-Seam Fastball,FB,36,41.86,9,6,3,33.33,2,22.22,15,3,20.0,8.33,9,25.0,33.33,30.77,40.91,33.33,0.0,0.333,0.0,0.333,0.0,670231
SI,Sinker,FB,14,16.28,4,4,0,0.0,0,0.0,7,1,14.29,7.14,3,21.43,28.57,42.86,9.09,0.0,0.5,0.5,0.5,1.0,0.0,670231
SL,Slider,BR,14,16.28,5,5,1,20.0,0,0.0,6,2,33.33,14.29,4,28.57,42.86,25.0,18.18,25.0,0.2,0.2,0.2,0.4,0.0,670231
ST,Sweeper,BR,11,12.79,3,1,0,0.0,1,33.33,3,0,0.0,0.0,2,18.18,18.18,25.0,9.09,0.0,1.0,1.0,1.0,2.0,0.0,670231
CH,Changeup,OS,5,5.81,0,0,0,,0,,0,0,,0.0,0,0.0,0.0,0.0,13.64,0.0,,,,,,670231
FC,Cutter,FB,3,3.49,1,1,0,0.0,0,0.0,1,0,0.0,0.0,1,33.33,33.33,0.0,4.55,0.0,1.0,1.0,1.0,2.0,0.0,670231
CU,Curveball,BR,2,2.33,1,1,1,100.0,0,0.0,2,1,50.0,50.0,0,0.0,50.0,100.0,4.55,100.0,0.0,0.0,0.0,0.0,0.0,670231
KC,Knuckle Curve,BR,1,1.16,0,0,0,,0,,0,0,,0.0,0,0.0,0.0,0.0,0.0,,,,,,,670231
FF,4-Seam Fastball,FB,129,34.58,31,28,8,25.81,3,9.68,69,21,30.43,16.28,12,9.3,25.58,19.61,35.66,15.22,0.143,0.226,0.357,0.583,0.214,670242
SI,Sinker,FB,106,28.42,22,16,4,18.18,5,22.73,48,10,20.83,9.43,17,16.04,25.47,28.0,17.83,17.39,0.125,0.364,0.25,0.614,0.125,670242
SL,Slider,BR,46,12.33,15,14,1,6.67,1,6.67,28,5,17.86,10.87,2,4.35,15.22,30.0,12.4,6.25,0.429,0.467,1.0,1.467,0.571,670242
ST,Sweeper,BR,44,11.8,16,14,4,25.0,2,12.5,23,9,39.13,20.45,8,18.18,38.64,45.83,13.95,22.22,0.214,0.312,0.357,0.669,0.143,670242
CU,Curveball,BR,19,5.09,6,6,1,16.67,0,0.0,13,3,23.08,15.79,1,5.26,21.05,44.44,9.3,8.33,0.333,0.333,0.833,1.166,0.4999999999999999,670242
FC,Cutter,FB,15,4.02,3,3,1,33.33,0,0.0,9,3,33.33,20.0,3,20.0,40.0,40.0,3.88,20.0,0.333,0.333,0.333,0.666,0.0,670242
SV,Slurve,BR,4,1.07,2,2,0,0.0,0,0.0,3,0,0.0,0.0,0,0.0,0.0,50.0,1.55,0.0,0.5,0.5,0.5,1.0,0.0,670242
EP,Eephus,,3,0.8,1,1,1,100.0,0,0.0,1,0,0.0,0.0,2,66.67,66.67,0.0,0.78,100.0,0.0,0.0,0.0,0.0,0.0,670242
CH,Changeup,OS,3,0.8,1,1,0,0.0,0,0.0,2,0,0.0,0.0,0,0.0,0.0,50.0,1.55,0.0,0.0,0.0,0.0,0.0,0.0,670242
FS,Split-Finger,OS,3,0.8,0,0,0,,0,,1,0,0.0,0.0,0,0.0,0.0,0.0,2.33,0.0,,,,,,670242
FA,Other,,1,0.27,0,0,0,,0,,0,0,,0.0,0,0.0,0.0,,0.78,0.0,,,,,,670242
FF,4-Seam Fastball,FB,51,32.48,11,10,1,9.09,1,9.09,18,0,0.0,0.0,9,17.65,17.65,7.69,29.17,7.14,0.4,0.455,0.5,0.955,0.0999999999999999,670541
SL,Slider,BR,43,27.39,11,10,1,9.09,1,9.09,25,9,36.0,20.93,4,9.3,30.23,43.48,33.33,6.25,0.6,0.636,1.2,1.836,0.6,670541
FC,Cutter,FB,24,15.29,4,1,0,0.0,3,75.0,10,3,30.0,12.5,3,12.5,25.0,25.0,16.67,0.0,0.0,0.75,0.0,0.75,0.0,670541
SI,Sinker,FB,18,11.46,7,7,1,14.29,0,0.0,8,2,25.0,11.11,4,22.22,33.33,28.57,10.42,20.0,0.143,0.143,0.571,0.714,0.4279999999999999,670541
CH,Changeup,OS,6,3.82,2,2,1,50.0,0,0.0,4,1,25.0,16.67,0,0.0,16.67,0.0,6.25,33.33,0.0,0.0,0.0,0.0,0.0,670541
CU,Curveball,BR,6,3.82,1,0,0,0.0,1,100.0,1,1,100.0,16.67,1,16.67,33.33,20.0,2.08,0.0,,1.0,,,,670541
ST,Sweeper,BR,6,3.82,1,1,0,0.0,0,0.0,2,0,0.0,0.0,1,16.67,16.67,25.0,0.0,,0.0,0.0,0.0,0.0,0.0,670541
KC,Knuckle Curve,BR,3,1.91,1,1,0,0.0,0,0.0,2,1,50.0,33.33,1,33.33,66.67,100.0,2.08,0.0,0.0,0.0,0.0,0.0,0.0,670541
FF,4-Seam Fastball,FB,85,28.05,15,14,1,6.67,1,6.67,32,4,12.5,4.71,20,23.53,28.24,20.0,24.69,5.0,0.214,0.267,0.429,0.696,0.215,670623
CH,Changeup,OS,52,17.16,17,14,3,17.65,3,17.65,24,7,29.17,13.46,4,7.69,21.15,29.41,19.75,18.75,0.143,0.294,0.357,0.651,0.214,670623
SL,Slider,BR,49,16.17,13,12,3,23.08,0,0.0,20,6,30.0,12.24,12,24.49,36.73,28.0,18.52,20.0,0.25,0.308,0.25,0.558,0.0,670623
SI,Sinker,FB,37,12.21,12,9,1,8.33,3,25.0,12,0,0.0,0.0,9,24.32,24.32,11.76,9.88,12.5,0.333,0.5,0.667,1.167,0.334,670623
CU,Curveball,BR,24,7.92,6,4,0,0.0,2,33.33,11,0,0.0,0.0,2,8.33,8.33,21.43,11.11,0.0,0.0,0.333,0.0,0.333,0.0,670623
ST,Sweeper,BR,24,7.92,5,5,1,20.0,0,0.0,9,2,22.22,8.33,6,25.0,33.33,25.0,9.88,12.5,0.2,0.2,0.4,0.6000000000000001,0.2,670623
FC,Cutter,FB,24,7.92,3,2,0,0.0,0,0.0,5,1,20.0,4.17,11,45.83,50.0,11.11,2.47,0.0,0.0,0.333,0.0,0.333,0.0,670623
KC,Knuckle Curve,BR,7,2.31,0,0,0,,0,,5,0,0.0,0.0,1,14.29,14.29,75.0,3.7,0.0,,,,,,670623
,,,1,0.33,0,0,0,,0,,0,0,,0.0,0,0.0,0.0,,0.0,,,,,,,670623
FF,4-Seam Fastball,FB,126,33.25,29,29,9,31.03,0,0.0,73,18,24.66,14.29,18,14.29,28.57,22.73,36.52,21.43,0.276,0.276,0.345,0.621,0.0689999999999999,670764
SI,Sinker,FB,73,19.26,24,21,1,4.17,2,8.33,36,8,22.22,10.96,14,19.18,30.14,25.0,8.7,10.0,0.238,0.292,0.238,0.53,0.0,670764
SL,Slider,BR,55,14.51,12,10,2,16.67,2,16.67,22,3,13.64,5.45,10,18.18,23.64,18.52,20.0,8.7,0.3,0.417,0.4,0.817,0.1,670764
CH,Changeup,OS,44,11.61,13,12,2,15.38,0,0.0,20,5,25.0,11.36,8,18.18,29.55,30.0,12.17,14.29,0.333,0.333,0.5,0.833,0.1669999999999999,670764
FC,Cutter,FB,33,8.71,7,6,1,14.29,0,0.0,14,2,14.29,6.06,7,21.21,27.27,25.0,6.96,12.5,0.167,0.143,0.333,0.476,0.166,670764
CU,Curveball,BR,24,6.33,6,6,2,33.33,0,0.0,9,1,11.11,4.17,5,20.83,25.0,9.09,6.09,28.57,0.167,0.167,0.167,0.334,0.0,670764
ST,Sweeper,BR,17,4.49,7,7,3,42.86,0,0.0,7,1,14.29,5.88,8,47.06,52.94,50.0,6.09,42.86,0.143,0.143,0.143,0.286,0.0,670764
FS,Split-Finger,OS,5,1.32,3,3,2,66.67,0,0.0,3,2,66.67,40.0,0,0.0,40.0,60.0,3.48,50.0,0.333,0.333,0.333,0.666,0.0,670764
KC,Knuckle Curve,BR,2,0.53,0,0,0,,0,,0,0,,0.0,1,50.0,50.0,0.0,0.0,,,,,,,670764
SI,Sinker,FB,233,31.44,67,58,4,5.97,6,8.96,85,6,7.06,2.58,67,28.76,31.33,17.86,18.79,12.9,0.241,0.323,0.276,0.599,0.035,670770
FF,4-Seam Fastball,FB,205,27.67,53,46,5,9.43,6,11.32,78,10,12.82,4.88,50,24.39,29.27,19.35,21.21,14.29,0.304,0.396,0.522,0.918,0.218,670770
SL,Slider,BR,133,17.95,32,27,9,28.12,2,6.25,48,20,41.67,15.04,17,12.78,27.82,15.85,24.85,21.95,0.296,0.375,0.407,0.782,0.1109999999999999,670770
ST,Sweeper,BR,76,10.26,16,16,6,37.5,0,0.0,30,10,33.33,13.16,11,14.47,27.63,23.26,15.76,23.08,0.188,0.188,0.188,0.376,0.0,670770
FC,Cutter,FB,35,4.72,12,10,2,16.67,2,16.67,14,1,7.14,2.86,11,31.43,34.29,9.09,4.85,25.0,0.1,0.25,0.1,0.35,0.0,670770
CU,Curveball,BR,35,4.72,13,10,6,46.15,2,15.38,15,8,53.33,22.86,5,14.29,37.14,31.82,9.7,37.5,0.1,0.308,0.3,0.608,0.1999999999999999,670770
KC,Knuckle Curve,BR,9,1.21,1,1,1,100.0,0,0.0,1,1,100.0,11.11,2,22.22,33.33,14.29,1.82,33.33,0.0,0.0,0.0,0.0,0.0,670770
CH,Changeup,OS,7,0.94,2,2,2,100.0,0,0.0,3,2,66.67,28.57,0,0.0,28.57,0.0,2.42,50.0,0.0,0.0,0.0,0.0,0.0,670770
SV,Slurve,BR,6,0.81,2,2,0,0.0,0,0.0,2,0,0.0,0.0,0,0.0,0.0,0.0,0.61,0.0,0.0,0.0,0.0,0.0,0.0,670770
CS,Slow Curve,BR,1,0.13,0,0,0,,0,,0,0,,0.0,1,100.0,100.0,,0.0,,,,,,,670770
FS,Split-Finger,OS,1,0.13,1,1,0,0.0,0,0.0,1,0,0.0,0.0,0,0.0,0.0,,0.0,,1.0,1.0,1.0,2.0,0.0,670770
FF,4-Seam Fastball,FB,152,29.69,44,40,5,11.36,3,6.82,79,6,7.59,3.95,25,16.45,20.39,23.44,35.9,8.93,0.325,0.386,0.525,0.911,0.2,671056
CH,Changeup,OS,103,20.12,14,12,3,21.43,1,7.14,37,15,40.54,14.56,8,7.77,22.33,20.29,17.31,11.11,0.167,0.231,0.167,0.398,0.0,671056
SI,Sinker,FB,66,12.89,18,15,3,16.67,3,16.67,27,6,22.22,9.09,18,27.27,36.36,20.0,7.69,25.0,0.4,0.5,0.867,1.367,0.4669999999999999,671056
SL,Slider,BR,61,11.91,17,12,3,17.65,3,17.65,27,6,22.22,9.84,6,9.84,19.67,22.22,16.03,12.0,0.333,0.529,0.917,1.4460000000000002,0.5840000000000001,671056
CU,Curveball,BR,43,8.4,12,8,4,33.33,3,25.0,15,7,46.67,16.28,5,11.63,27.91,18.52,5.77,44.44,0.375,0.5,0.75,1.25,0.375,671056
FC,Cutter,FB,38,7.42,11,6,0,0.0,4,36.36,14,2,14.29,5.26,7,18.42,23.68,21.05,6.41,0.0,0.667,0.818,1.833,2.651,1.166,671056
ST,Sweeper,BR,18,3.52,3,1,0,0.0,1,33.33,7,2,28.57,11.11,2,11.11,22.22,20.0,3.85,0.0,0.0,0.667,0.0,0.667,0.0,671056
KC,Knuckle Curve,BR,14,2.73,2,2,0,0.0,0,0.0,4,1,25.0,7.14,3,21.43,28.57,12.5,3.21,0.0,0.0,0.0,0.0,0.0,0.0,671056
FS,Split-Finger,OS,12,2.34,2,1,0,0.0,0,0.0,8,2,25.0,16.67,1,8.33,25.0,66.67,3.21,0.0,0.0,0.0,0.0,0.0,0.0,671056
,,,4,0.78,1,0,0,0.0,1,100.0,0,0,,0.0,0,0.0,0.0,,0.0,,,1.0,,,,671056
SV,Slurve,BR,1,0.2,0,0,0,,0,,0,0,,0.0,0,0.0,0.0,0.0,0.64,0.0,,,,,,671056
FF,4-Seam Fastball,FB,27,30.0,6,6,1,16.67,0,0.0,15,2,13.33,7.41,3,11.11,18.52,43.75,30.0,11.11,0.0,0.0,0.0,0.0,0.0,671083
SI,Sinker,FB,16,17.78,4,3,1,25.0,1,25.0,6,1,16.67,6.25,6,37.5,43.75,0.0,6.67,50.0,0.0,0.25,0.0,0.25,0.0,671083
CH,Changeup,OS,12,13.33,5,5,2,40.0,0,0.0,6,2,33.33,16.67,0,0.0,16.67,28.57,23.33,28.57,0.4,0.4,0.6,1.0,0.1999999999999999,671083
SL,Slider,BR,10,11.11,2,2,0,0.0,0,0.0,6,3,50.0,30.0,0,0.0,30.0,0.0,10.0,0.0,0.0,0.0,0.0,0.0,0.0,671083
KC,Knuckle Curve,BR,9,10.0,1,0,0,0.0,1,100.0,4,1,25.0,11.11,0,0.0,11.11,0.0,16.67,0.0,,1.0,,,,671083
FC,Cutter,FB,9,10.0,2,2,1,50.0,0,0.0,5,1,20.0,11.11,3,33.33,44.44,100.0,3.33,100.0,0.0,0.0,0.0,0.0,0.0,671083
CU,Curveball,BR,6,6.67,1,1,1,100.0,0,0.0,1,1,100.0,16.67,1,16.67,33.33,0.0,10.0,33.33,0.0,0.0,0.0,0.0,0.0,671083
ST,Sweeper,BR,1,1.11,0,0,0,,0,,1,1,100.0,100.0,0,0.0,100.0,,0.0,,,,,,,671083
SI,Sinker,FB,11,28.21,4,4,0,0.0,0,0.0,9,0,0.0,0.0,1,9.09,9.09,0.0,36.36,0.0,0.75,0.75,1.25,2.0,0.5,671213
SL,Slider,BR,11,28.21,2,2,1,50.0,0,0.0,3,2,66.67,18.18,3,27.27,45.45,14.29,36.36,25.0,0.5,0.5,0.5,1.0,0.0,671213
FF,4-Seam Fastball,FB,9,23.08,4,3,0,0.0,1,25.0,6,1,16.67,11.11,1,11.11,22.22,33.33,9.09,0.0,0.333,0.5,1.333,1.833,1.0,671213
CH,Changeup,OS,4,10.26,1,1,1,100.0,0,0.0,3,1,33.33,25.0,0,0.0,25.0,100.0,18.18,50.0,0.0,0.0,0.0,0.0,0.0,671213
CU,Curveball,BR,2,5.13,0,0,0,,0,,1,1,100.0,50.0,0,0.0,50.0,50.0,0.0,,,,,,,671213
FC,Cutter,FB,2,5.13,1,1,0,0.0,0,0.0,1,0,0.0,0.0,0,0.0,0.0,50.0,0.0,,0.0,0.0,0.0,0.0,0.0,671213
FF,4-Seam Fastball,FB,274,36.1,61,54,20,32.79,5,8.2,135,34,25.19,12.41,44,16.06,28.47,25.95,36.24,25.32,0.222,0.295,0.407,0.702,0.1849999999999999,671218
CH,Changeup,OS,142,18.71,40,39,11,27.5,1,2.5,68,24,35.29,16.9,8,5.63,22.54,32.65,22.48,22.45,0.179,0.2,0.256,0.456,0.077,671218
SI,Sinker,FB,83,10.94,16,14,1,6.25,2,12.5,36,6,16.67,7.23,17,20.48,27.71,25.0,7.8,5.88,0.643,0.688,1.0,1.688,0.357,671218
SL,Slider,BR,70,9.22,24,22,8,33.33,1,4.17,41,14,34.15,20.0,12,17.14,37.14,41.94,10.09,36.36,0.182,0.208,0.364,0.572,0.182,671218
CU,Curveball,BR,59,7.77,19,17,6,31.58,1,5.26,29,7,24.14,11.86,12,20.34,32.2,26.92,8.72,31.58,0.235,0.316,0.294,0.61,0.059,671218
FC,Cutter,FB,56,7.38,12,11,2,16.67,1,8.33,27,5,18.52,8.93,9,16.07,25.0,31.03,6.42,14.29,0.364,0.417,0.455,0.872,0.091,671218
ST,Sweeper,BR,45,5.93,9,6,0,0.0,2,22.22,21,4,19.05,8.89,13,28.89,37.78,41.67,4.59,0.0,0.333,0.556,1.0,1.556,0.667,671218
KC,Knuckle Curve,BR,16,2.11,5,5,1,20.0,0,0.0,7,1,14.29,6.25,2,12.5,18.75,11.11,2.29,20.0,0.2,0.2,0.2,0.4,0.0,671218
,,,8,1.05,2,0,0,0.0,2,100.0,0,0,,0.0,0,0.0,0.0,,0.0,,,1.0,,,,671218
FS,Split-Finger,OS,5,0.66,1,1,0,0.0,0,0.0,2,0,0.0,0.0,0,0.0,0.0,25.0,1.38,0.0,0.0,0.0,0.0,0.0,0.0,671218
CS,Slow Curve,BR,1,0.13,0,0,0,,0,,0,0,,0.0,1,100.0,100.0,,0.0,,,,,,,671218
FF,4-Seam Fastball,FB,58,34.73,15,13,6,40.0,1,6.67,29,17,58.62,29.31,8,13.79,43.1,19.23,33.33,30.0,0.154,0.267,0.154,0.421,0.0,671221
CH,Changeup,OS,27,16.17,9,9,2,22.22,0,0.0,18,5,27.78,18.52,0,0.0,18.52,43.75,15.0,22.22,0.333,0.333,0.333,0.666,0.0,671221
SI,Sinker,FB,25,14.97,4,3,2,50.0,1,25.0,13,4,30.77,16.0,5,20.0,36.0,12.5,15.0,22.22,0.0,0.25,0.0,0.25,0.0,671221
SL,Slider,BR,14,8.38,4,3,0,0.0,1,25.0,5,0,0.0,0.0,1,7.14,7.14,20.0,13.33,0.0,0.0,0.25,0.0,0.25,0.0,671221
FC,Cutter,FB,14,8.38,4,4,1,25.0,0,0.0,10,3,30.0,21.43,2,14.29,35.71,66.67,5.0,33.33,0.0,0.0,0.0,0.0,0.0,671221
CU,Curveball,BR,11,6.59,2,2,1,50.0,0,0.0,2,1,50.0,9.09,3,27.27,36.36,14.29,6.67,25.0,0.0,0.0,0.0,0.0,0.0,671221
ST,Sweeper,BR,10,5.99,4,4,1,25.0,0,0.0,7,1,14.29,10.0,3,30.0,40.0,100.0,6.67,25.0,0.25,0.25,0.25,0.5,0.0,671221
SV,Slurve,BR,5,2.99,1,1,0,0.0,0,0.0,1,0,0.0,0.0,3,60.0,60.0,0.0,1.67,0.0,0.0,0.0,0.0,0.0,0.0,671221
FS,Split-Finger,OS,3,1.8,1,1,0,0.0,0,0.0,3,1,33.33,33.33,0,0.0,33.33,100.0,3.33,0.0,0.0,0.0,0.0,0.0,0.0,671221
SI,Sinker,FB,98,27.84,35,31,3,8.57,0,0.0,56,7,12.5,7.14,18,18.37,25.51,41.86,19.1,17.65,0.194,0.2,0.194,0.394,0.0,671277
SL,Slider,BR,79,22.44,24,21,6,25.0,1,4.17,48,21,43.75,26.58,6,7.59,34.18,40.0,24.72,27.27,0.19,0.208,0.238,0.4459999999999999,0.0479999999999999,671277
FF,4-Seam Fastball,FB,64,18.18,15,13,1,6.67,2,13.33,33,9,27.27,14.06,13,20.31,34.38,37.04,13.48,8.33,0.154,0.267,0.308,0.575,0.154,671277
CU,Curveball,BR,39,11.08,9,8,1,11.11,1,11.11,19,5,26.32,12.82,2,5.13,17.95,22.73,13.48,8.33,0.25,0.333,0.25,0.583,0.0,671277
ST,Sweeper,BR,31,8.81,8,8,2,25.0,0,0.0,15,5,33.33,16.13,0,0.0,16.13,30.43,13.48,16.67,0.0,0.0,0.0,0.0,0.0,671277
FC,Cutter,FB,16,4.55,7,7,1,14.29,0,0.0,11,2,18.18,12.5,1,6.25,18.75,20.0,4.49,25.0,0.286,0.286,0.429,0.715,0.143,671277
CH,Changeup,OS,14,3.98,5,3,2,40.0,2,40.0,6,3,50.0,21.43,1,7.14,28.57,22.22,6.74,33.33,0.0,0.4,0.0,0.4,0.0,671277
SV,Slurve,BR,10,2.84,3,3,1,33.33,0,0.0,8,4,50.0,40.0,0,0.0,40.0,66.67,3.37,33.33,0.333,0.333,0.333,0.666,0.0,671277
FS,Split-Finger,OS,1,0.28,1,1,1,100.0,0,0.0,1,1,100.0,100.0,0,0.0,100.0,100.0,1.12,100.0,0.0,0.0,0.0,0.0,0.0,671277
FF,4-Seam Fastball,FB,25,31.65,4,4,2,50.0,0,0.0,13,3,23.08,12.0,3,12.0,24.0,10.0,20.0,33.33,0.25,0.25,1.0,1.25,0.75,671284
CH,Changeup,OS,12,15.19,4,4,1,25.0,0,0.0,8,3,37.5,25.0,0,0.0,25.0,55.56,23.33,14.29,0.25,0.25,0.25,0.5,0.0,671284
CU,Curveball,BR,12,15.19,4,4,4,100.0,0,0.0,8,3,37.5,25.0,3,25.0,50.0,80.0,20.0,66.67,0.0,0.0,0.0,0.0,0.0,671284
SI,Sinker,FB,9,11.39,2,2,2,100.0,0,0.0,6,3,50.0,33.33,1,11.11,44.44,33.33,6.67,100.0,0.0,0.0,0.0,0.0,0.0,671284
SL,Slider,BR,9,11.39,2,1,1,50.0,1,50.0,4,3,75.0,33.33,1,11.11,44.44,33.33,10.0,33.33,0.0,0.5,0.0,0.5,0.0,671284
KC,Knuckle Curve,BR,5,6.33,1,1,1,100.0,0,0.0,3,2,66.67,40.0,0,0.0,40.0,33.33,10.0,33.33,0.0,0.0,0.0,0.0,0.0,671284
ST,Sweeper,BR,4,5.06,3,3,2,66.67,0,0.0,1,0,0.0,0.0,2,50.0,50.0,0.0,10.0,66.67,0.0,0.0,0.0,0.0,0.0,671284
FC,Cutter,FB,3,3.8,0,0,0,,0,,2,0,0.0,0.0,0,0.0,0.0,50.0,0.0,,,,,,,671284
CH,Changeup,OS,58,24.89,13,13,5,38.46,0,0.0,32,16,50.0,27.59,6,10.34,37.93,47.22,26.47,27.78,0.231,0.231,0.538,0.769,0.307,671286
FF,4-Seam Fastball,FB,52,22.32,11,11,1,9.09,0,0.0,25,4,16.0,7.69,10,19.23,26.92,19.05,27.94,5.26,0.545,0.545,1.182,1.727,0.6369999999999999,671286
FC,Cutter,FB,32,13.73,8,6,3,37.5,2,25.0,9,5,55.56,15.62,6,18.75,34.38,0.0,7.35,60.0,0.0,0.25,0.0,0.25,0.0,671286
SI,Sinker,FB,31,13.3,8,7,3,37.5,1,12.5,11,4,36.36,12.9,8,25.81,38.71,14.29,13.24,22.22,0.143,0.25,0.143,0.393,0.0,671286
SL,Slider,BR,21,9.01,6,4,1,16.67,2,33.33,6,3,50.0,14.29,3,14.29,28.57,13.33,4.41,33.33,0.25,0.5,0.25,0.75,0.0,671286
CU,Curveball,BR,16,6.87,4,4,1,25.0,0,0.0,10,3,30.0,18.75,2,12.5,31.25,55.56,10.29,14.29,0.25,0.25,0.25,0.5,0.0,671286
ST,Sweeper,BR,14,6.01,3,3,1,33.33,0,0.0,6,3,50.0,21.43,2,14.29,35.71,44.44,5.88,25.0,0.0,0.0,0.0,0.0,0.0,671286
KC,Knuckle Curve,BR,5,2.15,2,2,0,0.0,0,0.0,3,1,33.33,20.0,0,0.0,20.0,50.0,2.94,0.0,0.0,0.0,0.0,0.0,0.0,671286
SV,Slurve,BR,3,1.29,0,0,0,,0,,2,1,50.0,33.33,1,33.33,66.67,100.0,1.47,0.0,,,,,,671286
FS,Split-Finger,OS,1,0.43,0,0,0,,0,,0,0,,0.0,0,0.0,0.0,0.0,0.0,,,,,,,671286
FF,4-Seam Fastball,FB,205,43.99,59,55,9,15.25,2,3.39,102,11,10.78,5.37,40,19.51,24.88,23.08,48.95,12.86,0.273,0.305,0.327,0.632,0.0539999999999999,671289
SL,Slider,BR,67,14.38,14,11,4,28.57,2,14.29,27,6,22.22,8.96,9,13.43,22.39,24.39,18.18,15.38,0.091,0.231,0.091,0.322,0.0,671289
SI,Sinker,FB,57,12.23,19,18,0,0.0,1,5.26,27,1,3.7,1.75,14,24.56,26.32,32.0,11.19,0.0,0.333,0.368,0.5,0.868,0.1669999999999999,671289
CH,Changeup,OS,50,10.73,12,12,0,0.0,0,0.0,23,3,13.04,6.0,3,6.0,12.0,15.38,8.39,0.0,0.333,0.333,0.417,0.75,0.0839999999999999,671289
CU,Curveball,BR,32,6.87,5,4,0,0.0,1,20.0,12,3,25.0,9.38,5,15.62,25.0,21.05,6.99,0.0,0.5,0.6,0.75,1.35,0.25,671289
FC,Cutter,FB,31,6.65,6,6,1,16.67,0,0.0,13,1,7.69,3.23,8,25.81,29.03,30.77,4.2,16.67,0.167,0.167,0.333,0.5,0.166,671289
ST,Sweeper,BR,17,3.65,4,4,0,0.0,0,0.0,12,1,8.33,5.88,2,11.76,17.65,42.86,1.4,0.0,0.75,0.75,1.0,1.75,0.25,671289
KC,Knuckle Curve,BR,3,0.64,0,0,0,,0,,0,0,,0.0,1,33.33,33.33,0.0,0.0,,,,,,,671289
SV,Slurve,BR,2,0.43,0,0,0,,0,,0,0,,0.0,1,50.0,50.0,0.0,0.7,0.0,,,,,,671289
FS,Split-Finger,OS,1,0.21,0,0,0,,0,,0,0,,0.0,0,0.0,0.0,0.0,0.0,,,,,,,671289
,,,1,0.21,0,0,0,,0,,0,0,,0.0,0,0.0,0.0,,0.0,,,,,,,671289
SI,Sinker,FB,7,41.18,3,3,0,0.0,0,0.0,5,0,0.0,0.0,1,14.29,14.29,50.0,12.5,0.0,0.0,0.0,0.0,0.0,0.0,671655
FF,4-Seam Fastball,FB,5,29.41,1,1,0,0.0,0,0.0,2,1,50.0,20.0,1,20.0,40.0,50.0,37.5,0.0,0.0,0.0,0.0,0.0,0.0,671655
ST,Sweeper,BR,3,17.65,1,1,0,0.0,0,0.0,2,1,50.0,33.33,0,0.0,33.33,50.0,25.0,0.0,0.0,0.0,0.0,0.0,0.0,671655
CH,Changeup,OS,1,5.88,0,0,0,,0,,0,0,,0.0,0,0.0,0.0,0.0,12.5,0.0,,,,,,671655
SL,Slider,BR,1,5.88,0,0,0,,0,,0,0,,0.0,0,0.0,0.0,0.0,12.5,0.0,,,,,,671655
FF,4-Seam Fastball,FB,142,28.46,43,39,21,48.84,4,9.3,74,32,43.24,22.54,19,13.38,35.92,21.05,35.17,41.18,0.179,0.256,0.359,0.615,0.18,671732
SL,Slider,BR,124,24.85,22,21,7,31.82,1,4.55,54,24,44.44,19.35,21,16.94,36.29,27.87,20.0,24.14,0.238,0.273,0.381,0.654,0.143,671732
SI,Sinker,FB,120,24.05,31,30,6,19.35,1,3.23,47,5,10.64,4.17,38,31.67,35.83,34.04,16.55,25.0,0.2,0.226,0.333,0.559,0.133,671732
ST,Sweeper,BR,64,12.83,14,14,9,64.29,0,0.0,26,15,57.69,23.44,7,10.94,34.38,16.67,15.86,39.13,0.214,0.214,0.429,0.643,0.215,671732
FC,Cutter,FB,16,3.21,1,1,0,0.0,0,0.0,1,0,0.0,0.0,2,12.5,12.5,0.0,2.07,0.0,0.0,0.0,0.0,0.0,0.0,671732
CU,Curveball,BR,15,3.01,3,3,1,33.33,0,0.0,4,1,25.0,6.67,5,33.33,40.0,25.0,4.83,14.29,0.333,0.333,0.667,1.0,0.334,671732
CH,Changeup,OS,13,2.61,7,7,3,42.86,0,0.0,12,5,41.67,38.46,0,0.0,38.46,80.0,4.14,50.0,0.0,0.0,0.0,0.0,0.0,671732
SV,Slurve,BR,3,0.6,1,1,1,100.0,0,0.0,2,1,50.0,33.33,0,0.0,33.33,50.0,0.69,100.0,0.0,0.0,0.0,0.0,0.0,671732
KC,Knuckle Curve,BR,1,0.2,1,1,1,100.0,0,0.0,1,1,100.0,100.0,0,0.0,100.0,100.0,0.69,100.0,0.0,0.0,0.0,0.0,0.0,671732
,,,1,0.2,0,0,0,,0,,0,0,,0.0,0,0.0,0.0,,0.0,,,,,,,671732
SI,Sinker,FB,218,36.52,51,44,2,3.92,3,5.88,98,11,11.22,5.05,62,28.44,33.49,35.16,16.78,8.33,0.205,0.275,0.205,0.48,0.0,671739
SL,Slider,BR,117,19.6,42,41,9,21.43,0,0.0,76,31,40.79,26.5,11,9.4,35.9,53.03,27.27,23.08,0.244,0.244,0.415,0.659,0.1709999999999999,671739
FF,4-Seam Fastball,FB,106,17.76,34,32,9,26.47,2,5.88,52,12,23.08,11.32,20,18.87,30.19,27.27,15.38,40.91,0.156,0.206,0.344,0.5499999999999999,0.1879999999999999,671739
ST,Sweeper,BR,72,12.06,27,24,11,40.74,0,0.0,44,21,47.73,29.17,7,9.72,38.89,52.17,21.68,35.48,0.167,0.16,0.208,0.368,0.0409999999999999,671739
CU,Curveball,BR,26,4.36,11,11,3,27.27,0,0.0,15,5,33.33,19.23,3,11.54,30.77,41.67,7.69,27.27,0.545,0.545,1.091,1.636,0.5459999999999999,671739
FC,Cutter,FB,19,3.18,4,4,1,25.0,0,0.0,10,3,30.0,15.79,4,21.05,36.84,42.86,2.1,33.33,0.5,0.5,1.25,1.75,0.75,671739
CH,Changeup,OS,18,3.02,8,8,3,37.5,0,0.0,12,6,50.0,33.33,0,0.0,33.33,33.33,4.9,42.86,0.25,0.25,0.25,0.5,0.0,671739
FS,Split-Finger,OS,9,1.51,5,5,0,0.0,0,0.0,7,2,28.57,22.22,0,0.0,22.22,60.0,2.8,0.0,0.4,0.4,0.4,0.8,0.0,671739
SV,Slurve,BR,5,0.84,1,1,1,100.0,0,0.0,2,2,100.0,40.0,2,40.0,80.0,50.0,0.7,100.0,0.0,0.0,0.0,0.0,0.0,671739
,,,4,0.67,1,1,0,0.0,0,0.0,3,0,0.0,0.0,0,0.0,0.0,,0.7,0.0,1.0,1.0,2.0,3.0,1.0,671739
KC,Knuckle Curve,BR,3,0.5,0,0,0,,0,,2,0,0.0,0.0,0,0.0,0.0,50.0,0.0,,,,,,,671739
FF,4-Seam Fastball,FB,6,85.71,2,2,2,100.0,0,0.0,3,3,100.0,50.0,2,33.33,83.33,,100.0,100.0,0.0,0.0,0.0,0.0,0.0,671976
SL,Slider,BR,1,14.29,0,0,0,,0,,1,1,100.0,100.0,0,0.0,100.0,100.0,0.0,,,,,,,671976
FF,4-Seam Fastball,FB,42,29.79,9,7,4,44.44,1,11.11,16,7,43.75,16.67,5,11.9,28.57,12.5,24.07,30.77,0.143,0.25,0.429,0.679,0.286,672016
CH,Changeup,OS,23,16.31,8,8,2,25.0,0,0.0,15,6,40.0,26.09,1,4.35,30.43,53.85,14.81,25.0,0.25,0.25,0.375,0.625,0.125,672016
CU,Curveball,BR,20,14.18,2,2,0,0.0,0,0.0,8,3,37.5,15.0,4,20.0,35.0,33.33,16.67,0.0,0.0,0.0,0.0,0.0,0.0,672016
SI,Sinker,FB,15,10.64,4,3,1,25.0,1,25.0,5,0,0.0,0.0,2,13.33,13.33,10.0,11.11,16.67,0.667,0.75,2.0,2.75,1.333,672016
FC,Cutter,FB,14,9.93,3,3,2,66.67,0,0.0,6,3,50.0,21.43,3,21.43,42.86,12.5,11.11,33.33,0.0,0.0,0.0,0.0,0.0,672016
SL,Slider,BR,14,9.93,5,5,3,60.0,0,0.0,8,4,50.0,28.57,3,21.43,50.0,33.33,9.26,60.0,0.0,0.0,0.0,0.0,0.0,672016
ST,Sweeper,BR,12,8.51,0,0,0,,0,,5,1,20.0,8.33,2,16.67,25.0,0.0,12.96,0.0,,,,,,672016
,,,1,0.71,0,0,0,,0,,0,0,,0.0,0,0.0,0.0,,0.0,,,,,,,672016
FF,4-Seam Fastball,FB,151,34.95,40,37,14,35.0,3,7.5,77,24,31.17,15.89,26,17.22,33.11,22.58,34.48,35.0,0.243,0.3,0.351,0.651,0.1079999999999999,672275
CH,Changeup,OS,79,18.29,25,25,6,24.0,0,0.0,48,19,39.58,24.05,7,8.86,32.91,48.84,19.83,26.09,0.24,0.24,0.28,0.52,0.04,672275
SI,Sinker,FB,61,14.12,14,13,3,21.43,1,7.14,27,4,14.81,6.56,16,26.23,32.79,25.0,11.21,23.08,0.231,0.286,0.615,0.901,0.384,672275
SL,Slider,BR,51,11.81,14,13,6,42.86,1,7.14,25,10,40.0,19.61,9,17.65,37.25,40.0,16.38,31.58,0.077,0.143,0.077,0.2199999999999999,0.0,672275
ST,Sweeper,BR,31,7.18,6,6,1,16.67,0,0.0,18,7,38.89,22.58,2,6.45,29.03,45.0,3.45,25.0,0.167,0.167,0.167,0.334,0.0,672275
CU,Curveball,BR,29,6.71,12,11,3,25.0,0,0.0,18,4,22.22,13.79,6,20.69,34.48,54.55,7.76,33.33,0.182,0.167,0.182,0.349,0.0,672275
FC,Cutter,FB,17,3.94,5,4,2,40.0,1,20.0,7,5,71.43,29.41,1,5.88,35.29,18.18,2.59,66.67,0.25,0.4,0.5,0.9,0.25,672275
KC,Knuckle Curve,BR,7,1.62,2,1,0,0.0,1,50.0,3,1,33.33,14.29,0,0.0,14.29,20.0,2.59,0.0,0.0,0.5,0.0,0.5,0.0,672275
FS,Split-Finger,OS,6,1.39,3,3,1,33.33,0,0.0,4,1,25.0,16.67,1,16.67,33.33,50.0,1.72,50.0,0.333,0.333,0.333,0.666,0.0,672275
SI,Sinker,FB,5,71.43,2,2,0,0.0,0,0.0,3,0,0.0,0.0,0,0.0,0.0,0.0,0.0,,0.0,0.0,0.0,0.0,0.0,672279
CU,Curveball,BR,1,14.29,0,0,0,,0,,0,0,,0.0,1,100.0,100.0,,0.0,,,,,,,672279
SL,Slider,BR,1,14.29,1,1,1,100.0,0,0.0,1,1,100.0,100.0,0,0.0,100.0,100.0,100.0,100.0,0.0,0.0,0.0,0.0,0.0,672279
FF,4-Seam Fastball,FB,8,29.63,3,3,2,66.67,0,0.0,4,1,25.0,12.5,2,25.0,37.5,0.0,18.18,100.0,0.0,0.0,0.0,0.0,0.0,672284
SL,Slider,BR,7,25.93,1,1,0,0.0,0,0.0,2,0,0.0,0.0,0,0.0,0.0,0.0,36.36,0.0,0.0,0.0,0.0,0.0,0.0,672284
SI,Sinker,FB,7,25.93,1,1,1,100.0,0,0.0,4,4,100.0,57.14,3,42.86,100.0,100.0,9.09,100.0,0.0,0.0,0.0,0.0,0.0,672284
ST,Sweeper,BR,3,11.11,1,1,1,100.0,0,0.0,1,1,100.0,33.33,0,0.0,33.33,0.0,18.18,50.0,0.0,0.0,0.0,0.0,0.0,672284
CU,Curveball,BR,2,7.41,0,0,0,,0,,0,0,,0.0,0,0.0,0.0,0.0,18.18,0.0,,,,,,672284
FF,4-Seam Fastball,FB,171,31.26,42,38,20,47.62,4,9.52,100,42,42.0,24.56,15,8.77,33.33,30.0,37.57,29.41,0.158,0.238,0.395,0.633,0.237,672356
CH,Changeup,OS,142,25.96,40,39,14,35.0,1,2.5,87,44,50.57,30.99,7,4.93,35.92,41.46,24.31,31.82,0.256,0.275,0.41,0.685,0.1539999999999999,672356
SL,Slider,BR,57,10.42,11,10,6,54.55,1,9.09,34,24,70.59,42.11,5,8.77,50.88,48.65,11.05,30.0,0.3,0.364,0.6,0.964,0.3,672356
FC,Cutter,FB,45,8.23,13,13,3,23.08,0,0.0,28,6,21.43,13.33,4,8.89,22.22,40.91,6.63,25.0,0.231,0.231,0.462,0.6930000000000001,0.231,672356
SI,Sinker,FB,44,8.04,11,11,1,9.09,0,0.0,28,10,35.71,22.73,2,4.55,27.27,33.33,5.52,10.0,0.364,0.364,0.727,1.091,0.363,672356
CU,Curveball,BR,32,5.85,6,6,2,33.33,0,0.0,19,14,73.68,43.75,2,6.25,50.0,42.11,4.42,25.0,0.0,0.0,0.0,0.0,0.0,672356
ST,Sweeper,BR,32,5.85,7,7,2,28.57,0,0.0,19,2,10.53,6.25,5,15.62,21.88,41.67,6.63,16.67,0.143,0.143,0.286,0.4289999999999999,0.143,672356
KC,Knuckle Curve,BR,14,2.56,2,2,1,50.0,0,0.0,10,4,40.0,28.57,0,0.0,28.57,55.56,2.76,20.0,0.0,0.0,0.0,0.0,0.0,672356
FS,Split-Finger,OS,6,1.1,2,2,2,100.0,0,0.0,2,2,100.0,33.33,1,16.67,50.0,25.0,1.1,100.0,0.0,0.0,0.0,0.0,0.0,672356
,,,4,0.73,1,0,0,0.0,1,100.0,0,0,,0.0,0,0.0,0.0,,0.0,,,1.0,,,,672356
FF,4-Seam Fastball,FB,178,31.5,35,27,4,11.43,8,22.86,78,15,19.23,8.43,36,20.22,28.65,26.97,32.14,7.41,0.222,0.4,0.333,0.7330000000000001,0.111,672386
FC,Cutter,FB,81,14.34,19,17,1,5.26,2,10.53,47,5,10.64,6.17,13,16.05,22.22,37.14,12.5,4.76,0.412,0.474,0.471,0.945,0.059,672386
SI,Sinker,FB,73,12.92,23,22,4,17.39,1,4.35,30,6,20.0,8.22,17,23.29,31.51,26.47,7.74,23.08,0.364,0.391,0.364,0.755,0.0,672386
CH,Changeup,OS,73,12.92,19,17,2,10.53,1,5.26,36,11,30.56,15.07,4,5.48,20.55,30.0,13.1,9.09,0.294,0.316,0.647,0.963,0.353,672386
SL,Slider,BR,68,12.04,26,24,4,15.38,2,7.69,38,5,13.16,7.35,12,17.65,25.0,42.42,16.07,14.81,0.25,0.308,0.458,0.766,0.208,672386
CU,Curveball,BR,49,8.67,13,12,4,30.77,0,0.0,17,4,23.53,8.16,15,30.61,38.78,37.04,11.31,21.05,0.25,0.231,0.5,0.731,0.25,672386
ST,Sweeper,BR,27,4.78,5,5,0,0.0,0,0.0,11,3,27.27,11.11,8,29.63,40.74,36.36,4.76,0.0,0.0,0.0,0.0,0.0,0.0,672386
,,,7,1.24,1,0,0,0.0,1,100.0,0,0,,0.0,0,0.0,0.0,,0.6,0.0,,1.0,,,,672386
KC,Knuckle Curve,BR,4,0.71,0,0,0,,0,,0,0,,0.0,1,25.0,25.0,0.0,1.19,0.0,,,,,,672386
EP,Eephus,,2,0.35,1,1,0,0.0,0,0.0,1,0,0.0,0.0,0,0.0,0.0,,0.0,,0.0,0.0,0.0,0.0,0.0,672386
SV,Slurve,BR,2,0.35,1,1,0,0.0,0,0.0,1,0,0.0,0.0,0,0.0,0.0,0.0,0.0,,0.0,0.0,0.0,0.0,0.0,672386
FS,Split-Finger,OS,1,0.18,1,1,0,0.0,0,0.0,1,0,0.0,0.0,0,0.0,0.0,,0.6,0.0,0.0,0.0,0.0,0.0,0.0,672386
FF,4-Seam Fastball,FB,125,38.23,27,20,2,7.41,7,25.93,49,6,12.24,4.8,27,21.6,26.4,18.64,29.79,7.14,0.25,0.444,0.55,0.994,0.3,672515
CH,Changeup,OS,46,14.07,14,14,2,14.29,0,0.0,24,5,20.83,10.87,9,19.57,30.43,40.91,14.89,14.29,0.357,0.357,0.429,0.786,0.072,672515
SL,Slider,BR,43,13.15,11,11,2,18.18,0,0.0,20,4,20.0,9.3,5,11.63,20.93,37.5,17.02,12.5,0.455,0.455,0.545,1.0,0.09,672515
SI,Sinker,FB,40,12.23,8,8,0,0.0,0,0.0,21,2,9.52,5.0,13,32.5,37.5,38.46,12.77,0.0,0.5,0.5,0.5,1.0,0.0,672515
CU,Curveball,BR,35,10.7,9,8,3,33.33,0,0.0,15,4,26.67,11.43,5,14.29,25.71,33.33,17.02,18.75,0.0,0.0,0.0,0.0,0.0,672515
FC,Cutter,FB,13,3.98,2,2,0,0.0,0,0.0,6,1,16.67,7.69,2,15.38,23.08,16.67,3.19,0.0,0.0,0.0,0.0,0.0,0.0,672515
ST,Sweeper,BR,8,2.45,0,0,0,,0,,1,1,100.0,12.5,2,25.0,37.5,16.67,0.0,,,,,,,672515
FS,Split-Finger,OS,7,2.14,4,4,2,50.0,0,0.0,5,3,60.0,42.86,0,0.0,42.86,50.0,3.19,66.67,0.0,0.0,0.0,0.0,0.0,672515
KC,Knuckle Curve,BR,6,1.83,1,1,0,0.0,0,0.0,2,0,0.0,0.0,3,50.0,50.0,33.33,1.06,0.0,0.0,0.0,0.0,0.0,0.0,672515
,,,4,1.22,1,0,0,0.0,1,100.0,0,0,,0.0,0,0.0,0.0,,1.06,0.0,,1.0,,,,672515
FF,4-Seam Fastball,FB,23,29.87,7,7,0,0.0,0,0.0,11,1,9.09,4.35,7,30.43,34.78,30.0,28.0,0.0,0.143,0.143,0.571,0.714,0.4279999999999999,672569
CH,Changeup,OS,11,14.29,2,2,1,50.0,0,0.0,6,2,33.33,18.18,1,9.09,27.27,37.5,8.0,50.0,0.0,0.0,0.0,0.0,0.0,672569
FC,Cutter,FB,11,14.29,1,1,0,0.0,0,0.0,7,3,42.86,27.27,2,18.18,45.45,60.0,4.0,0.0,0.0,0.0,0.0,0.0,0.0,672569
SL,Slider,BR,11,14.29,2,2,1,50.0,0,0.0,5,2,40.0,18.18,1,9.09,27.27,33.33,20.0,20.0,0.0,0.0,0.0,0.0,0.0,672569
SI,Sinker,FB,9,11.69,3,3,1,33.33,0,0.0,4,1,25.0,11.11,2,22.22,33.33,25.0,12.0,33.33,0.0,0.0,0.0,0.0,0.0,672569
ST,Sweeper,BR,7,9.09,2,2,2,100.0,0,0.0,5,3,60.0,42.86,0,0.0,42.86,50.0,20.0,40.0,0.0,0.0,0.0,0.0,0.0,672569
CU,Curveball,BR,4,5.19,1,1,0,0.0,0,0.0,1,0,0.0,0.0,1,25.0,25.0,33.33,8.0,0.0,0.0,0.0,0.0,0.0,0.0,672569
KC,Knuckle Curve,BR,1,1.3,0,0,0,,0,,0,0,,0.0,0,0.0,0.0,0.0,0.0,,,,,,,672569
FF,4-Seam Fastball,FB,181,33.09,48,39,8,16.67,8,16.67,64,9,14.06,4.97,46,25.41,30.39,11.54,35.21,16.0,0.256,0.383,0.41,0.7929999999999999,0.1539999999999999,672580
CH,Changeup,OS,89,16.27,21,19,2,9.52,1,4.76,39,8,20.51,8.99,14,15.73,24.72,33.33,18.31,7.69,0.421,0.45,0.684,1.134,0.263,672580
SI,Sinker,FB,83,15.17,22,20,2,9.09,2,9.09,27,2,7.41,2.41,28,33.73,36.14,6.9,9.86,14.29,0.3,0.364,0.6,0.964,0.3,672580
SL,Slider,BR,59,10.79,18,15,4,22.22,2,11.11,25,8,32.0,13.56,8,13.56,27.12,35.71,10.56,26.67,0.467,0.529,0.667,1.1960000000000002,0.2,672580
FC,Cutter,FB,44,8.04,11,10,1,9.09,1,9.09,26,5,19.23,11.36,6,13.64,25.0,43.75,5.63,12.5,0.0,0.091,0.0,0.091,0.0,672580
CU,Curveball,BR,38,6.95,4,2,0,0.0,2,50.0,10,1,10.0,2.63,9,23.68,26.32,11.76,5.63,0.0,0.5,0.75,0.5,1.25,0.0,672580
ST,Sweeper,BR,35,6.4,8,7,3,37.5,1,12.5,13,5,38.46,14.29,6,17.14,31.43,33.33,9.86,21.43,0.429,0.5,0.857,1.357,0.428,672580
FS,Split-Finger,OS,8,1.46,3,3,0,0.0,0,0.0,5,2,40.0,25.0,0,0.0,25.0,60.0,2.11,0.0,0.0,0.0,0.0,0.0,0.0,672580
KC,Knuckle Curve,BR,5,0.91,2,2,0,0.0,0,0.0,3,0,0.0,0.0,0,0.0,0.0,33.33,2.11,0.0,0.5,0.5,0.5,1.0,0.0,672580
SV,Slurve,BR,4,0.73,2,1,0,0.0,1,50.0,1,0,0.0,0.0,1,25.0,25.0,33.33,0.7,0.0,1.0,1.0,2.0,3.0,1.0,672580
,,,1,0.18,0,0,0,,0,,0,0,,0.0,0,0.0,0.0,,0.0,,,,,,,672580
FF,4-Seam Fastball,FB,203,28.0,56,53,6,10.71,3,5.36,100,8,8.0,3.94,50,24.63,28.57,35.71,28.29,10.34,0.245,0.286,0.34,0.626,0.095,672640
CH,Changeup,OS,131,18.07,38,37,12,31.58,1,2.63,66,28,42.42,21.37,15,11.45,32.82,37.66,16.1,36.36,0.108,0.132,0.135,0.267,0.027,672640
SI,Sinker,FB,114,15.72,32,28,0,0.0,4,12.5,48,0,0.0,0.0,29,25.44,25.44,13.64,11.22,0.0,0.321,0.406,0.536,0.942,0.215,672640
SL,Slider,BR,80,11.03,22,21,2,9.09,1,4.55,41,13,31.71,16.25,18,22.5,38.75,41.67,11.71,8.33,0.143,0.182,0.143,0.3249999999999999,0.0,672640
CU,Curveball,BR,65,8.97,15,13,3,20.0,2,13.33,26,6,23.08,9.23,10,15.38,24.62,12.12,14.63,10.0,0.154,0.267,0.154,0.421,0.0,672640
ST,Sweeper,BR,50,6.9,8,8,4,50.0,0,0.0,17,5,29.41,10.0,13,26.0,36.0,27.59,7.8,25.0,0.25,0.25,0.375,0.625,0.125,672640
FC,Cutter,FB,39,5.38,10,9,0,0.0,0,0.0,20,1,5.0,2.56,6,15.38,17.95,27.78,2.93,0.0,0.111,0.1,0.111,0.211,0.0,672640
FS,Split-Finger,OS,26,3.59,7,7,2,28.57,0,0.0,13,5,38.46,19.23,2,7.69,26.92,26.67,5.37,18.18,0.143,0.143,0.286,0.4289999999999999,0.143,672640
KC,Knuckle Curve,BR,7,0.97,1,1,0,0.0,0,0.0,2,0,0.0,0.0,1,14.29,14.29,0.0,0.98,0.0,0.0,0.0,0.0,0.0,0.0,672640
SV,Slurve,BR,6,0.83,1,1,1,100.0,0,0.0,2,2,100.0,33.33,1,16.67,50.0,33.33,0.98,50.0,0.0,0.0,0.0,0.0,0.0,672640
,,,4,0.55,1,0,0,0.0,1,100.0,0,0,,0.0,0,0.0,0.0,,0.0,,,1.0,,,,672640
FF,4-Seam Fastball,FB,9,42.86,2,1,1,50.0,1,50.0,4,2,50.0,22.22,2,22.22,44.44,25.0,44.44,25.0,0.0,0.5,0.0,0.5,0.0,672642
SI,Sinker,FB,5,23.81,2,2,0,0.0,0,0.0,2,0,0.0,0.0,1,20.0,20.0,0.0,22.22,0.0,0.0,0.0,0.0,0.0,0.0,672642
ST,Sweeper,BR,4,19.05,0,0,0,,0,,0,0,,0.0,1,25.0,25.0,0.0,11.11,0.0,,,,,,672642
CH,Changeup,OS,3,14.29,0,0,0,,0,,0,0,,0.0,1,33.33,33.33,0.0,22.22,0.0,,,,,,672642
FF,4-Seam Fastball,FB,367,42.04,84,65,2,2.38,15,17.86,150,4,2.67,1.09,72,19.62,20.71,11.19,42.86,1.9,0.354,0.475,0.508,0.983,0.154,672695
SI,Sinker,FB,137,15.69,30,26,2,6.67,4,13.33,49,2,4.08,1.46,45,32.85,34.31,12.24,11.84,6.9,0.462,0.533,0.692,1.225,0.2299999999999999,672695
SL,Slider,BR,108,12.37,30,27,5,16.67,2,6.67,53,7,13.21,6.48,18,16.67,23.15,34.62,14.29,14.29,0.444,0.467,0.519,0.986,0.075,672695
CH,Changeup,OS,102,11.68,38,34,1,2.63,2,5.26,49,5,10.2,4.9,7,6.86,11.76,29.85,10.2,4.0,0.176,0.216,0.176,0.392,0.0,672695
CU,Curveball,BR,51,5.84,15,14,3,20.0,1,6.67,23,5,21.74,9.8,17,33.33,43.14,40.91,7.76,15.79,0.286,0.333,0.429,0.762,0.143,672695
FC,Cutter,FB,40,4.58,7,7,2,28.57,0,0.0,19,2,10.53,5.0,7,17.5,22.5,29.41,3.67,22.22,0.429,0.429,1.0,1.429,0.571,672695
ST,Sweeper,BR,37,4.24,7,6,0,0.0,0,0.0,12,0,0.0,0.0,10,27.03,27.03,15.79,3.67,0.0,0.167,0.143,0.167,0.31,0.0,672695
KC,Knuckle Curve,BR,14,1.6,2,0,0,0.0,2,100.0,4,1,25.0,7.14,6,42.86,50.0,16.67,1.63,0.0,,1.0,,,,672695
FS,Split-Finger,OS,14,1.6,6,6,0,0.0,0,0.0,8,0,0.0,0.0,0,0.0,0.0,33.33,3.67,0.0,0.333,0.333,0.833,1.166,0.4999999999999999,672695
SV,Slurve,BR,2,0.23,0,0,0,,0,,0,0,,0.0,0,0.0,0.0,0.0,0.41,0.0,,,,,,672695
CS,Slow Curve,BR,1,0.11,0,0,0,,0,,0,0,,0.0,0,0.0,0.0,0.0,0.0,,,,,,,672695
FF,4-Seam Fastball,FB,121,36.45,22,18,10,45.45,4,18.18,58,22,37.93,18.18,21,17.36,35.54,26.67,32.69,29.41,0.111,0.273,0.111,0.384,0.0,672724
CH,Changeup,OS,44,13.25,14,14,3,21.43,0,0.0,25,8,32.0,18.18,5,11.36,29.55,36.36,14.42,20.0,0.071,0.071,0.071,0.142,0.0,672724
SL,Slider,BR,41,12.35,8,8,4,50.0,0,0.0,19,9,47.37,21.95,4,9.76,31.71,22.73,17.31,22.22,0.125,0.125,0.25,0.375,0.125,672724
FC,Cutter,FB,35,10.54,11,9,2,18.18,2,18.18,19,4,21.05,11.43,5,14.29,25.71,42.11,5.77,33.33,0.222,0.364,0.333,0.6970000000000001,0.111,672724
CU,Curveball,BR,27,8.13,9,9,5,55.56,0,0.0,13,7,53.85,25.93,5,18.52,44.44,42.86,13.46,35.71,0.111,0.111,0.111,0.222,0.0,672724
SI,Sinker,FB,27,8.13,9,9,1,11.11,0,0.0,13,2,15.38,7.41,4,14.81,22.22,0.0,3.85,25.0,0.0,0.0,0.0,0.0,0.0,672724
ST,Sweeper,BR,14,4.22,3,3,1,33.33,0,0.0,8,1,12.5,7.14,4,28.57,35.71,25.0,3.85,25.0,0.0,0.0,0.0,0.0,0.0,672724
FS,Split-Finger,OS,11,3.31,3,3,1,33.33,0,0.0,7,4,57.14,36.36,0,0.0,36.36,33.33,3.85,25.0,0.333,0.333,0.667,1.0,0.334,672724
KC,Knuckle Curve,BR,10,3.01,2,2,2,100.0,0,0.0,5,2,40.0,20.0,1,10.0,30.0,50.0,4.81,40.0,0.0,0.0,0.0,0.0,0.0,672724
FA,Other,,2,0.6,1,1,0,0.0,0,0.0,1,0,0.0,0.0,0,0.0,0.0,,0.0,,0.0,0.0,0.0,0.0,0.0,672724
FF,4-Seam Fastball,FB,120,29.34,37,34,5,13.51,3,8.11,74,22,29.73,18.33,11,9.17,27.5,28.57,24.6,16.13,0.294,0.351,0.706,1.057,0.412,672744
CH,Changeup,OS,94,22.98,24,23,11,45.83,1,4.17,53,32,60.38,34.04,6,6.38,40.43,44.93,24.6,35.48,0.087,0.125,0.087,0.212,0.0,672744
CU,Curveball,BR,53,12.96,17,16,11,64.71,1,5.88,20,13,65.0,24.53,12,22.64,47.17,29.03,19.84,44.0,0.188,0.235,0.25,0.485,0.062,672744
SI,Sinker,FB,52,12.71,10,8,1,10.0,2,20.0,23,5,21.74,9.62,13,25.0,34.62,0.0,10.32,7.69,0.25,0.4,0.25,0.65,0.0,672744
SL,Slider,BR,34,8.31,7,5,4,57.14,1,14.29,16,10,62.5,29.41,4,11.76,41.18,25.0,10.32,30.77,0.2,0.286,0.2,0.486,0.0,672744
FC,Cutter,FB,29,7.09,5,5,1,20.0,0,0.0,13,4,30.77,13.79,2,6.9,20.69,17.65,1.59,50.0,0.2,0.2,0.2,0.4,0.0,672744
ST,Sweeper,BR,16,3.91,4,4,2,50.0,0,0.0,8,3,37.5,18.75,2,12.5,31.25,14.29,4.76,33.33,0.0,0.0,0.0,0.0,0.0,672744
KC,Knuckle Curve,BR,6,1.47,3,3,1,33.33,0,0.0,5,2,40.0,33.33,1,16.67,50.0,100.0,2.38,33.33,0.0,0.0,0.0,0.0,0.0,672744
FS,Split-Finger,OS,5,1.22,1,1,1,100.0,0,0.0,3,3,100.0,60.0,0,0.0,60.0,0.0,1.59,50.0,0.0,0.0,0.0,0.0,0.0,672744
FF,4-Seam Fastball,FB,136,32.61,33,30,10,30.3,1,3.03,78,21,26.92,15.44,20,14.71,30.15,38.57,38.02,21.74,0.267,0.273,0.5,0.773,0.2329999999999999,672761
CH,Changeup,OS,65,15.59,23,22,5,21.74,0,0.0,37,9,24.32,13.85,5,7.69,21.54,45.0,16.53,25.0,0.182,0.174,0.409,0.583,0.2269999999999999,672761
SL,Slider,BR,55,13.19,13,12,4,30.77,1,7.69,27,11,40.74,20.0,9,16.36,36.36,31.03,13.22,25.0,0.417,0.462,0.917,1.379,0.5,672761
SI,Sinker,FB,54,12.95,18,18,3,16.67,0,0.0,24,3,12.5,5.56,14,25.93,31.48,19.05,10.74,23.08,0.389,0.389,0.5,0.889,0.1109999999999999,672761
FC,Cutter,FB,43,10.31,7,6,0,0.0,1,14.29,19,2,10.53,4.65,11,25.58,30.23,26.09,7.44,0.0,0.167,0.286,0.5,0.786,0.3329999999999999,672761
CU,Curveball,BR,38,9.11,8,7,1,12.5,1,12.5,15,3,20.0,7.89,7,18.42,26.32,19.05,9.92,8.33,0.286,0.375,0.286,0.661,0.0,672761
ST,Sweeper,BR,11,2.64,4,2,0,0.0,2,50.0,4,1,25.0,9.09,2,18.18,27.27,0.0,2.48,0.0,0.5,0.75,2.0,2.75,1.5,672761
FA,Other,,5,1.2,1,0,0,0.0,1,100.0,0,0,,0.0,1,20.0,20.0,0.0,0.0,,,1.0,,,,672761
SV,Slurve,BR,5,1.2,0,0,0,,0,,2,0,0.0,0.0,2,40.0,40.0,0.0,1.65,0.0,,,,,,672761
FS,Split-Finger,OS,3,0.72,1,1,0,0.0,0,0.0,1,0,0.0,0.0,1,33.33,33.33,0.0,0.0,,0.0,0.0,0.0,0.0,0.0,672761
CS,Slow Curve,BR,1,0.24,0,0,0,,0,,0,0,,0.0,1,100.0,100.0,,0.0,,,,,,,672761
KC,Knuckle Curve,BR,1,0.24,0,0,0,,0,,1,1,100.0,100.0,0,0.0,100.0,,0.0,,,,,,,672761
FF,4-Seam Fastball,FB,219,40.11,40,39,14,35.0,1,2.5,108,27,25.0,12.33,44,20.09,32.42,35.51,35.93,23.33,0.256,0.275,0.487,0.762,0.2309999999999999,672820
CH,Changeup,OS,97,17.77,35,35,4,11.43,0,0.0,63,13,20.63,13.4,15,15.46,28.87,67.21,23.35,10.26,0.314,0.314,0.4,0.714,0.086,672820
SI,Sinker,FB,60,10.99,15,14,0,0.0,1,6.67,28,5,17.86,8.33,14,23.33,31.67,32.14,6.59,0.0,0.357,0.4,0.571,0.971,0.2139999999999999,672820
CU,Curveball,BR,48,8.79,13,13,4,30.77,0,0.0,20,7,35.0,14.58,11,22.92,37.5,33.33,9.58,25.0,0.231,0.231,0.462,0.6930000000000001,0.231,672820
SL,Slider,BR,43,7.88,16,14,3,18.75,1,6.25,26,7,26.92,16.28,3,6.98,23.26,53.57,11.98,15.0,0.357,0.438,0.429,0.867,0.072,672820
FC,Cutter,FB,39,7.14,9,7,1,11.11,1,11.11,16,1,6.25,2.56,10,25.64,28.21,13.33,3.59,16.67,0.286,0.333,0.714,1.047,0.428,672820
ST,Sweeper,BR,14,2.56,4,4,1,25.0,0,0.0,8,2,25.0,14.29,2,14.29,28.57,50.0,2.99,20.0,0.0,0.0,0.0,0.0,0.0,672820
FS,Split-Finger,OS,10,1.83,4,4,0,0.0,0,0.0,6,0,0.0,0.0,0,0.0,0.0,42.86,1.8,0.0,0.25,0.25,0.25,0.5,0.0,672820
KC,Knuckle Curve,BR,7,1.28,2,2,1,50.0,0,0.0,6,2,33.33,28.57,1,14.29,42.86,83.33,1.8,33.33,0.0,0.0,0.0,0.0,0.0,672820
FA,Other,,4,0.73,1,1,0,0.0,0,0.0,2,0,0.0,0.0,0,0.0,0.0,0.0,0.0,,0.0,0.0,0.0,0.0,0.0,672820
SV,Slurve,BR,4,0.73,1,1,1,100.0,0,0.0,2,0,0.0,0.0,1,25.0,25.0,0.0,2.4,25.0,0.0,0.0,0.0,0.0,0.0,672820
CS,Slow Curve,BR,1,0.18,0,0,0,,0,,0,0,,0.0,0,0.0,0.0,0.0,0.0,,,,,,,672820
FF,4-Seam Fastball,FB,146,34.84,37,33,6,16.22,3,8.11,98,22,22.45,15.07,15,10.27,25.34,49.21,31.75,15.0,0.242,0.297,0.333,0.63,0.091,673237
CH,Changeup,OS,99,23.63,28,28,6,21.43,0,0.0,59,19,32.2,19.19,5,5.05,24.24,44.29,26.19,18.18,0.214,0.214,0.25,0.4639999999999999,0.036,673237
SL,Slider,BR,49,11.69,17,17,2,11.76,0,0.0,30,5,16.67,10.2,2,4.08,14.29,39.29,12.7,12.5,0.412,0.412,0.824,1.236,0.412,673237
CU,Curveball,BR,35,8.35,11,11,6,54.55,0,0.0,22,9,40.91,25.71,2,5.71,31.43,36.84,11.9,40.0,0.182,0.182,0.182,0.364,0.0,673237
ST,Sweeper,BR,26,6.21,7,6,2,28.57,1,14.29,12,4,33.33,15.38,2,7.69,23.08,29.41,7.94,20.0,0.0,0.143,0.0,0.143,0.0,673237
SI,Sinker,FB,26,6.21,11,11,1,9.09,0,0.0,17,3,17.65,11.54,4,15.38,26.92,57.14,3.97,20.0,0.455,0.455,1.273,1.728,0.8179999999999998,673237
FC,Cutter,FB,23,5.49,6,6,1,16.67,0,0.0,14,3,21.43,13.04,3,13.04,26.09,41.67,3.17,25.0,0.167,0.167,0.167,0.334,0.0,673237
,,,8,1.91,2,0,0,0.0,2,100.0,0,0,,0.0,0,0.0,0.0,,0.0,,,1.0,,,,673237
KC,Knuckle Curve,BR,3,0.72,0,0,0,,0,,1,1,100.0,33.33,0,0.0,33.33,33.33,0.79,0.0,,,,,,673237
FS,Split-Finger,OS,2,0.48,1,1,1,100.0,0,0.0,1,1,100.0,50.0,0,0.0,50.0,0.0,0.79,100.0,0.0,0.0,0.0,0.0,0.0,673237
SV,Slurve,BR,2,0.48,0,0,0,,0,,2,1,50.0,50.0,0,0.0,50.0,,0.79,0.0,,,,,,673237
FF,4-Seam Fastball,FB,134,33.42,29,27,6,20.69,2,6.9,66,16,24.24,11.94,20,14.93,26.87,20.0,31.3,16.67,0.333,0.379,0.481,0.86,0.1479999999999999,673357
CH,Changeup,OS,71,17.71,27,24,6,22.22,3,11.11,40,14,35.0,19.72,2,2.82,22.54,39.58,22.61,23.08,0.25,0.333,0.625,0.958,0.375,673357
SL,Slider,BR,54,13.47,13,9,5,38.46,4,30.77,21,12,57.14,22.22,6,11.11,33.33,16.67,15.65,27.78,0.0,0.308,0.0,0.308,0.0,673357
CU,Curveball,BR,34,8.48,6,5,1,16.67,0,0.0,12,4,33.33,11.76,4,11.76,23.53,22.73,7.83,11.11,0.2,0.333,0.2,0.533,0.0,673357
SI,Sinker,FB,32,7.98,11,8,1,9.09,2,18.18,16,3,18.75,9.38,4,12.5,21.88,20.0,7.83,11.11,0.25,0.4,0.25,0.65,0.0,673357
FC,Cutter,FB,27,6.73,9,7,1,11.11,1,11.11,14,4,28.57,14.81,6,22.22,37.04,54.55,4.35,20.0,0.0,0.111,0.0,0.111,0.0,673357
ST,Sweeper,BR,19,4.74,7,7,1,14.29,0,0.0,11,1,9.09,5.26,3,15.79,21.05,0.0,3.48,25.0,0.286,0.286,0.857,1.143,0.571,673357
,,,12,2.99,3,0,0,0.0,3,100.0,0,0,,0.0,0,0.0,0.0,,0.0,,,1.0,,,,673357
FS,Split-Finger,OS,10,2.49,5,4,1,20.0,1,20.0,7,2,28.57,20.0,0,0.0,20.0,60.0,5.22,16.67,0.5,0.6,1.25,1.85,0.75,673357
SV,Slurve,BR,4,1.0,3,2,0,0.0,0,0.0,3,0,0.0,0.0,0,0.0,0.0,0.0,0.87,0.0,1.0,1.0,1.0,2.0,0.0,673357
KC,Knuckle Curve,BR,3,0.75,0,0,0,,0,,1,0,0.0,0.0,1,33.33,33.33,0.0,0.87,0.0,,,,,,673357
CS,Slow Curve,BR,1,0.25,0,0,0,,0,,0,0,,0.0,1,100.0,100.0,,0.0,,,,,,,673357
FF,4-Seam Fastball,FB,110,44.35,21,19,4,19.05,2,9.52,47,8,17.02,7.27,26,23.64,30.91,17.5,40.0,12.5,0.211,0.286,0.368,0.6539999999999999,0.157,673490
SL,Slider,BR,32,12.9,9,9,1,11.11,0,0.0,16,2,12.5,6.25,10,31.25,37.5,36.36,11.25,11.11,0.222,0.222,0.222,0.444,0.0,673490
CH,Changeup,OS,29,11.69,8,8,1,12.5,0,0.0,15,1,6.67,3.45,4,13.79,17.24,42.11,15.0,8.33,0.375,0.375,0.5,0.875,0.125,673490
SI,Sinker,FB,27,10.89,8,6,1,12.5,2,25.0,8,1,12.5,3.7,7,25.93,29.63,23.08,7.5,16.67,0.167,0.375,0.167,0.542,0.0,673490
CU,Curveball,BR,16,6.45,5,5,0,0.0,0,0.0,11,0,0.0,0.0,1,6.25,6.25,50.0,12.5,0.0,0.6,0.6,0.8,1.4,0.2,673490
FC,Cutter,FB,16,6.45,2,2,1,50.0,0,0.0,3,0,0.0,0.0,5,31.25,31.25,10.0,5.0,25.0,0.5,0.5,0.5,1.0,0.0,673490
ST,Sweeper,BR,7,2.82,2,2,1,50.0,0,0.0,3,1,33.33,14.29,2,28.57,42.86,0.0,3.75,33.33,0.0,0.0,0.0,0.0,0.0,673490
FS,Split-Finger,OS,7,2.82,4,4,0,0.0,0,0.0,4,0,0.0,0.0,0,0.0,0.0,0.0,2.5,0.0,0.25,0.25,0.25,0.5,0.0,673490
KC,Knuckle Curve,BR,3,1.21,1,1,0,0.0,0,0.0,2,0,0.0,0.0,0,0.0,0.0,0.0,2.5,0.0,1.0,1.0,1.0,2.0,0.0,673490
SV,Slurve,BR,1,0.4,0,0,0,,0,,0,0,,0.0,1,100.0,100.0,,0.0,,,,,,,673490
FF,4-Seam Fastball,FB,237,29.12,51,39,9,17.65,12,23.53,95,17,17.89,7.17,43,18.14,25.32,20.51,30.6,10.98,0.231,0.412,0.462,0.874,0.231,673548
CH,Changeup,OS,135,16.58,31,26,9,29.03,4,12.9,55,14,25.45,10.37,16,11.85,22.22,17.33,17.91,18.75,0.385,0.452,0.962,1.414,0.577,673548
CU,Curveball,BR,109,13.39,19,15,3,15.79,3,15.79,35,3,8.57,2.75,23,21.1,23.85,14.55,13.06,8.57,0.2,0.316,0.467,0.783,0.267,673548
SI,Sinker,FB,97,11.92,27,25,4,14.81,2,7.41,42,4,9.52,4.12,23,23.71,27.84,5.88,10.45,14.29,0.24,0.296,0.44,0.736,0.2,673548
SL,Slider,BR,95,11.67,23,20,10,43.48,1,4.35,40,15,37.5,15.79,20,21.05,36.84,19.05,13.81,27.03,0.0,0.043,0.0,0.043,0.0,673548
FC,Cutter,FB,68,8.35,14,12,3,21.43,2,14.29,23,4,17.39,5.88,17,25.0,30.88,27.78,4.85,23.08,0.417,0.5,0.583,1.083,0.1659999999999999,673548
ST,Sweeper,BR,44,5.41,14,13,4,28.57,1,7.14,16,3,18.75,6.82,8,18.18,25.0,9.09,6.34,23.53,0.231,0.286,0.462,0.748,0.231,673548
KC,Knuckle Curve,BR,8,0.98,1,0,0,0.0,1,100.0,1,0,0.0,0.0,1,12.5,12.5,0.0,0.75,0.0,,1.0,,,,673548
FS,Split-Finger,OS,7,0.86,1,0,0,0.0,1,100.0,2,0,0.0,0.0,0,0.0,0.0,0.0,0.75,0.0,,1.0,,,,673548
CS,Slow Curve,BR,4,0.49,0,0,0,,0,,1,0,0.0,0.0,0,0.0,0.0,0.0,0.0,,,,,,,673548
SV,Slurve,BR,4,0.49,0,0,0,,0,,0,0,,0.0,1,25.0,25.0,0.0,1.12,0.0,,,,,,673548
,,,4,0.49,2,1,1,50.0,1,50.0,0,0,,0.0,0,0.0,0.0,,0.37,100.0,0.0,0.5,0.0,0.5,0.0,673548
FA,Other,,1,0.12,0,0,0,,0,,0,0,,0.0,1,100.0,100.0,,0.0,,,,,,,673548
EP,Eephus,,1,0.12,1,1,0,0.0,0,0.0,1,0,0.0,0.0,0,0.0,0.0,,0.0,,0.0,0.0,0.0,0.0,0.0,673548
FF,4-Seam Fastball,FB,196,33.56,40,37,10,25.0,3,7.5,107,29,27.1,14.8,27,13.78,28.57,24.42,35.2,14.49,0.27,0.325,0.486,0.8109999999999999,0.2159999999999999,673962
CH,Changeup,OS,94,16.1,35,34,4,11.43,1,2.86,54,11,20.37,11.7,5,5.32,17.02,40.32,17.86,11.43,0.294,0.314,0.441,0.755,0.147,673962
SI,Sinker,FB,74,12.67,20,20,2,10.0,0,0.0,46,10,21.74,13.51,8,10.81,24.32,21.43,8.16,12.5,0.2,0.2,0.4,0.6000000000000001,0.2,673962
SL,Slider,BR,65,11.13,18,18,5,27.78,0,0.0,34,8,23.53,12.31,8,12.31,24.62,38.64,11.73,21.74,0.111,0.111,0.333,0.444,0.222,673962
CU,Curveball,BR,53,9.08,13,13,5,38.46,0,0.0,26,7,26.92,13.21,10,18.87,32.08,48.39,12.76,20.0,0.385,0.385,0.385,0.77,0.0,673962
FC,Cutter,FB,50,8.56,9,9,2,22.22,0,0.0,29,3,10.34,6.0,8,16.0,22.0,34.78,5.61,18.18,0.111,0.111,0.111,0.222,0.0,673962
ST,Sweeper,BR,34,5.82,4,3,2,50.0,1,25.0,10,2,20.0,5.88,13,38.24,44.12,20.0,4.08,25.0,0.0,0.25,0.0,0.25,0.0,673962
FS,Split-Finger,OS,10,1.71,3,3,0,0.0,0,0.0,7,2,28.57,20.0,0,0.0,20.0,66.67,2.04,0.0,0.667,0.667,1.0,1.667,0.3329999999999999,673962
KC,Knuckle Curve,BR,5,0.86,2,1,0,0.0,1,50.0,2,1,50.0,20.0,0,0.0,20.0,40.0,1.53,0.0,1.0,1.0,1.0,2.0,0.0,673962
SV,Slurve,BR,3,0.51,2,2,1,50.0,0,0.0,1,0,0.0,0.0,2,66.67,66.67,100.0,1.02,50.0,0.0,0.0,0.0,0.0,0.0,673962
CU,Curveball,BR,3,100.0,1,1,0,0.0,0,0.0,3,0,0.0,0.0,0,0.0,0.0,100.0,100.0,0.0,0.0,0.0,0.0,0.0,0.0,674441
SI,Sinker,FB,4,57.14,0,0,0,,0,,3,2,66.67,50.0,0,0.0,50.0,66.67,50.0,0.0,,,,,,675915
CU,Curveball,BR,3,42.86,1,1,1,100.0,0,0.0,1,1,100.0,33.33,0,0.0,33.33,0.0,50.0,100.0,0.0,0.0,0.0,0.0,0.0,675915
SI,Sinker,FB,16,21.92,4,4,2,50.0,0,0.0,7,1,14.29,6.25,6,37.5,43.75,50.0,11.11,66.67,0.0,0.0,0.0,0.0,0.0,676044
FF,4-Seam Fastball,FB,16,21.92,2,2,2,100.0,0,0.0,9,4,44.44,25.0,2,12.5,37.5,44.44,22.22,33.33,0.0,0.0,0.0,0.0,0.0,676044
ST,Sweeper,BR,16,21.92,6,6,4,66.67,0,0.0,12,5,41.67,31.25,1,6.25,37.5,72.73,40.74,36.36,0.333,0.333,0.333,0.666,0.0,676044
SL,Slider,BR,14,19.18,5,5,3,60.0,0,0.0,11,6,54.55,42.86,1,7.14,50.0,83.33,14.81,75.0,0.2,0.2,0.2,0.4,0.0,676044
CU,Curveball,BR,6,8.22,1,1,0,0.0,0,0.0,3,1,33.33,16.67,1,16.67,33.33,50.0,3.7,0.0,1.0,1.0,1.0,2.0,0.0,676044
FC,Cutter,FB,5,6.85,0,0,0,,0,,2,0,0.0,0.0,0,0.0,0.0,0.0,7.41,0.0,,,,,,676044
FF,4-Seam Fastball,FB,123,29.93,33,32,9,27.27,1,3.03,67,22,32.84,17.89,16,13.01,30.89,23.08,33.08,20.45,0.281,0.303,0.531,0.8340000000000001,0.25,676059
CH,Changeup,OS,94,22.87,22,22,4,18.18,0,0.0,48,19,39.58,20.21,6,6.38,26.6,32.76,27.07,11.11,0.136,0.136,0.136,0.272,0.0,676059
FC,Cutter,FB,44,10.71,16,14,3,18.75,1,6.25,24,6,25.0,13.64,7,15.91,29.55,40.91,9.77,23.08,0.357,0.375,0.357,0.732,0.0,676059
SI,Sinker,FB,44,10.71,12,11,0,0.0,1,8.33,25,4,16.0,9.09,5,11.36,20.45,17.65,4.51,0.0,0.455,0.5,0.455,0.955,0.0,676059
SL,Slider,BR,38,9.25,13,13,5,38.46,0,0.0,23,8,34.78,21.05,5,13.16,34.21,33.33,12.03,31.25,0.308,0.308,0.769,1.077,0.461,676059
CU,Curveball,BR,36,8.76,5,3,0,0.0,1,20.0,14,5,35.71,13.89,6,16.67,30.56,29.17,3.76,0.0,0.0,0.4,0.0,0.4,0.0,676059
ST,Sweeper,BR,19,4.62,4,3,1,25.0,1,25.0,4,1,25.0,5.26,5,26.32,31.58,23.08,4.51,16.67,0.333,0.5,1.333,1.833,1.0,676059
KC,Knuckle Curve,BR,10,2.43,2,2,0,0.0,0,0.0,7,4,57.14,40.0,0,0.0,40.0,50.0,3.76,0.0,0.0,0.0,0.0,0.0,0.0,676059
SV,Slurve,BR,3,0.73,1,1,0,0.0,0,0.0,1,0,0.0,0.0,0,0.0,0.0,0.0,1.5,0.0,0.0,0.0,0.0,0.0,0.0,676059
FF,4-Seam Fastball,FB,36,44.44,10,9,5,50.0,0,0.0,17,5,29.41,13.89,8,22.22,36.11,29.41,47.62,50.0,0.0,0.0,0.0,0.0,0.0,676070
CH,Changeup,OS,13,16.05,5,5,2,40.0,0,0.0,5,1,20.0,7.69,3,23.08,30.77,0.0,19.05,50.0,0.0,0.0,0.0,0.0,0.0,676070
SI,Sinker,FB,11,13.58,4,4,0,0.0,0,0.0,8,1,12.5,9.09,1,9.09,18.18,33.33,19.05,0.0,0.0,0.0,0.0,0.0,0.0,676070
FC,Cutter,FB,6,7.41,2,2,0,0.0,0,0.0,3,0,0.0,0.0,2,33.33,33.33,0.0,4.76,0.0,0.5,0.5,1.0,1.5,0.5,676070
CU,Curveball,BR,6,7.41,0,0,0,,0,,0,0,,0.0,3,50.0,50.0,0.0,4.76,0.0,,,,,,676070
SL,Slider,BR,6,7.41,1,1,0,0.0,0,0.0,1,0,0.0,0.0,4,66.67,66.67,0.0,4.76,0.0,1.0,1.0,1.0,2.0,0.0,676070
ST,Sweeper,BR,3,3.7,0,0,0,,0,,0,0,,0.0,1,33.33,33.33,0.0,0.0,,,,,,,676070
SI,Sinker,FB,10,45.45,2,2,2,100.0,0,0.0,5,4,80.0,40.0,1,10.0,50.0,50.0,42.86,66.67,0.0,0.0,0.0,0.0,0.0,676116
FF,4-Seam Fastball,FB,5,22.73,1,0,0,0.0,1,100.0,0,0,,0.0,1,20.0,20.0,0.0,0.0,,,1.0,,,,676116
FC,Cutter,FB,2,9.09,1,1,1,100.0,0,0.0,0,0,,0.0,1,50.0,50.0,0.0,28.57,50.0,0.0,0.0,0.0,0.0,0.0,676116
SL,Slider,BR,2,9.09,0,0,0,,0,,1,0,0.0,0.0,0,0.0,0.0,50.0,14.29,0.0,,,,,,676116
ST,Sweeper,BR,2,9.09,0,0,0,,0,,1,1,100.0,50.0,1,50.0,100.0,,0.0,,,,,,,676116
KC,Knuckle Curve,BR,1,4.55,0,0,0,,0,,0,0,,0.0,0,0.0,0.0,0.0,14.29,0.0,,,,,,676116
FF,4-Seam Fastball,FB,28,29.47,5,5,0,0.0,0,0.0,13,3,23.08,10.71,4,14.29,25.0,20.0,30.77,0.0,0.2,0.2,0.6,0.8,0.3999999999999999,676356
CH,Changeup,OS,17,17.89,4,4,1,25.0,0,0.0,9,4,44.44,23.53,2,11.76,35.29,33.33,23.08,16.67,0.0,0.0,0.0,0.0,0.0,676356
SL,Slider,BR,17,17.89,4,4,1,25.0,0,0.0,10,0,0.0,0.0,4,23.53,23.53,50.0,23.08,16.67,0.5,0.5,0.5,1.0,0.0,676356
CU,Curveball,BR,15,15.79,4,4,2,50.0,0,0.0,6,1,16.67,6.67,3,20.0,26.67,30.0,19.23,40.0,0.0,0.0,0.0,0.0,0.0,676356
SI,Sinker,FB,8,8.42,4,4,0,0.0,0,0.0,4,0,0.0,0.0,1,12.5,12.5,0.0,0.0,,0.75,0.75,1.25,2.0,0.5,676356
FC,Cutter,FB,6,6.32,1,1,0,0.0,0,0.0,1,0,0.0,0.0,2,33.33,33.33,0.0,0.0,,0.0,0.0,0.0,0.0,0.0,676356
ST,Sweeper,BR,2,2.11,1,1,1,100.0,0,0.0,1,1,100.0,50.0,0,0.0,50.0,50.0,3.85,100.0,0.0,0.0,0.0,0.0,0.0,676356
FS,Split-Finger,OS,1,1.05,0,0,0,,0,,0,0,,0.0,0,0.0,0.0,0.0,0.0,,,,,,,676356
,,,1,1.05,0,0,0,,0,,0,0,,0.0,0,0.0,0.0,,0.0,,,,,,,676356
FF,4-Seam Fastball,FB,163,27.67,54,50,7,12.96,3,5.56,97,14,14.43,8.59,19,11.66,20.25,36.0,32.17,15.22,0.3,0.333,0.52,0.853,0.22,676391
CH,Changeup,OS,116,19.69,44,43,5,11.36,0,0.0,77,14,18.18,12.07,7,6.03,18.1,54.29,27.27,12.82,0.302,0.295,0.488,0.7829999999999999,0.186,676391
SI,Sinker,FB,81,13.75,31,29,1,3.23,1,3.23,41,0,0.0,0.0,13,16.05,16.05,24.32,4.9,14.29,0.379,0.4,0.552,0.952,0.173,676391
FC,Cutter,FB,78,13.24,16,14,1,6.25,2,12.5,41,3,7.32,3.85,14,17.95,21.79,41.03,9.79,7.14,0.571,0.625,1.071,1.696,0.5,676391
SL,Slider,BR,51,8.66,12,11,1,8.33,1,8.33,27,3,11.11,5.88,8,15.69,21.57,21.74,5.59,12.5,0.273,0.333,0.818,1.151,0.5449999999999999,676391
CU,Curveball,BR,48,8.15,13,12,1,7.69,0,0.0,21,3,14.29,6.25,10,20.83,27.08,33.33,11.19,6.25,0.167,0.167,0.167,0.334,0.0,676391
ST,Sweeper,BR,33,5.6,9,9,2,22.22,0,0.0,14,2,14.29,6.06,6,18.18,24.24,27.27,7.69,18.18,0.222,0.222,0.333,0.555,0.111,676391
KC,Knuckle Curve,BR,6,1.02,2,2,1,50.0,0,0.0,2,1,50.0,16.67,2,33.33,50.0,40.0,0.7,100.0,0.0,0.0,0.0,0.0,0.0,676391
FS,Split-Finger,OS,5,0.85,3,3,0,0.0,0,0.0,3,0,0.0,0.0,1,20.0,20.0,66.67,0.0,,0.333,0.333,0.333,0.666,0.0,676391
,,,4,0.68,1,0,0,0.0,1,100.0,0,0,,0.0,0,0.0,0.0,,0.0,,,1.0,,,,676391
SV,Slurve,BR,3,0.51,1,1,0,0.0,0,0.0,2,0,0.0,0.0,1,33.33,33.33,100.0,0.7,0.0,1.0,1.0,2.0,3.0,1.0,676391
EP,Eephus,,1,0.17,1,1,0,0.0,0,0.0,1,0,0.0,0.0,0,0.0,0.0,,0.0,,1.0,1.0,1.0,2.0,0.0,676391
FF,4-Seam Fastball,FB,28,29.17,5,5,2,40.0,0,0.0,14,3,21.43,10.71,5,17.86,28.57,0.0,30.23,15.38,0.2,0.2,0.4,0.6000000000000001,0.2,676439
SL,Slider,BR,15,15.62,4,4,2,50.0,0,0.0,7,3,42.86,20.0,2,13.33,33.33,33.33,13.95,33.33,0.0,0.0,0.0,0.0,0.0,676439
SI,Sinker,FB,15,15.62,3,3,0,0.0,0,0.0,5,1,20.0,6.67,8,53.33,60.0,25.0,2.33,0.0,0.0,0.0,0.0,0.0,0.0,676439
ST,Sweeper,BR,12,12.5,2,2,1,50.0,0,0.0,4,2,50.0,16.67,1,8.33,25.0,22.22,16.28,14.29,0.0,0.0,0.0,0.0,0.0,676439
FC,Cutter,FB,12,12.5,2,2,1,50.0,0,0.0,8,3,37.5,25.0,1,8.33,33.33,40.0,18.6,12.5,0.0,0.0,0.0,0.0,0.0,676439
CU,Curveball,BR,9,9.38,3,3,3,100.0,0,0.0,4,3,75.0,33.33,4,44.44,77.78,80.0,9.3,75.0,0.0,0.0,0.0,0.0,0.0,676439
CH,Changeup,OS,2,2.08,1,1,1,100.0,0,0.0,1,1,100.0,50.0,1,50.0,100.0,,2.33,100.0,0.0,0.0,0.0,0.0,0.0,676439
KC,Knuckle Curve,BR,2,2.08,1,1,1,100.0,0,0.0,1,1,100.0,50.0,0,0.0,50.0,50.0,4.65,50.0,0.0,0.0,0.0,0.0,0.0,676439
SV,Slurve,BR,1,1.04,0,0,0,,0,,1,0,0.0,0.0,0,0.0,0.0,,2.33,0.0,,,,,,676439
FF,4-Seam Fastball,FB,19,33.33,3,3,1,33.33,0,0.0,9,2,22.22,10.53,3,15.79,26.32,12.5,35.0,14.29,0.0,0.0,0.0,0.0,0.0,676466
FC,Cutter,FB,10,17.54,3,3,1,33.33,0,0.0,6,4,66.67,40.0,2,20.0,60.0,50.0,10.0,50.0,0.333,0.333,0.333,0.666,0.0,676466
CH,Changeup,OS,9,15.79,5,5,2,40.0,0,0.0,6,3,50.0,33.33,0,0.0,33.33,57.14,15.0,66.67,0.2,0.2,0.4,0.6000000000000001,0.2,676466
SL,Slider,BR,6,10.53,1,1,0,0.0,0,0.0,5,0,0.0,0.0,1,16.67,16.67,,10.0,0.0,1.0,1.0,2.0,3.0,1.0,676466
CU,Curveball,BR,4,7.02,0,0,0,,0,,0,0,,0.0,2,50.0,50.0,0.0,5.0,0.0,,,,,,676466
KC,Knuckle Curve,BR,4,7.02,0,0,0,,0,,1,0,0.0,0.0,1,25.0,25.0,0.0,10.0,0.0,,,,,,676466
SI,Sinker,FB,3,5.26,0,0,0,,0,,2,0,0.0,0.0,1,33.33,33.33,,5.0,0.0,,,,,,676466
ST,Sweeper,BR,2,3.51,1,1,0,0.0,0,0.0,1,0,0.0,0.0,0,0.0,0.0,0.0,10.0,0.0,0.0,0.0,0.0,0.0,0.0,676466
SI,Sinker,FB,120,26.03,35,29,2,5.71,5,14.29,60,5,8.33,4.17,27,22.5,26.67,35.42,18.25,8.7,0.345,0.441,0.414,0.855,0.069,676475
FF,4-Seam Fastball,FB,117,25.38,32,30,7,21.88,2,6.25,65,19,29.23,16.24,16,13.68,29.91,22.22,28.57,19.44,0.3,0.344,0.433,0.7769999999999999,0.133,676475
SL,Slider,BR,84,18.22,24,23,3,12.5,0,0.0,38,4,10.53,4.76,8,9.52,14.29,24.0,21.43,11.11,0.217,0.208,0.435,0.643,0.218,676475
ST,Sweeper,BR,58,12.58,17,17,4,23.53,0,0.0,33,12,36.36,20.69,8,13.79,34.48,41.38,15.87,20.0,0.176,0.176,0.176,0.352,0.0,676475
CU,Curveball,BR,30,6.51,5,5,2,40.0,0,0.0,8,3,37.5,10.0,8,26.67,36.67,14.29,6.35,25.0,0.0,0.0,0.0,0.0,0.0,676475
FC,Cutter,FB,26,5.64,7,7,1,14.29,0,0.0,15,6,40.0,23.08,2,7.69,30.77,35.71,1.59,50.0,0.429,0.429,0.571,1.0,0.1419999999999999,676475
KC,Knuckle Curve,BR,12,2.6,4,4,1,25.0,0,0.0,6,1,16.67,8.33,1,8.33,16.67,28.57,3.17,25.0,0.25,0.25,1.0,1.25,0.75,676475
SV,Slurve,BR,7,1.52,1,1,0,0.0,0,0.0,5,2,40.0,28.57,0,0.0,28.57,60.0,2.38,0.0,0.0,0.0,0.0,0.0,0.0,676475
FS,Split-Finger,OS,5,1.08,1,1,0,0.0,0,0.0,1,0,0.0,0.0,0,0.0,0.0,20.0,2.38,0.0,1.0,1.0,1.0,2.0,0.0,676475
CH,Changeup,OS,2,0.43,1,1,0,0.0,0,0.0,1,0,0.0,0.0,1,50.0,50.0,,0.0,,0.0,0.0,0.0,0.0,0.0,676475
CH,Changeup,OS,14,25.45,2,2,0,0.0,0,0.0,9,0,0.0,0.0,2,14.29,14.29,60.0,22.73,0.0,0.0,0.0,0.0,0.0,0.0,676480
FF,4-Seam Fastball,FB,13,23.64,3,3,1,33.33,0,0.0,8,1,12.5,7.69,1,7.69,15.38,33.33,22.73,20.0,0.0,0.0,0.0,0.0,0.0,676480
SI,Sinker,FB,10,18.18,4,3,0,0.0,1,25.0,4,0,0.0,0.0,1,10.0,10.0,16.67,18.18,0.0,0.333,0.5,0.333,0.833,0.0,676480
SL,Slider,BR,6,10.91,1,1,0,0.0,0,0.0,4,0,0.0,0.0,0,0.0,0.0,0.0,13.64,0.0,0.0,0.0,0.0,0.0,0.0,676480
CU,Curveball,BR,6,10.91,2,2,2,100.0,0,0.0,3,3,100.0,50.0,0,0.0,50.0,25.0,13.64,66.67,0.0,0.0,0.0,0.0,0.0,676480
ST,Sweeper,BR,5,9.09,0,0,0,,0,,3,1,33.33,20.0,1,20.0,40.0,66.67,9.09,0.0,,,,,,676480
FC,Cutter,FB,1,1.82,0,0,0,,0,,1,0,0.0,0.0,0,0.0,0.0,,0.0,,,,,,,676480
FF,4-Seam Fastball,FB,223,32.6,62,56,13,20.97,5,8.06,102,19,18.63,8.52,52,23.32,31.84,20.43,34.32,22.41,0.304,0.355,0.589,0.944,0.285,676572
SI,Sinker,FB,109,15.94,28,28,3,10.71,0,0.0,46,8,17.39,7.34,31,28.44,35.78,17.5,12.43,14.29,0.321,0.321,0.571,0.8919999999999999,0.2499999999999999,676572
CH,Changeup,OS,106,15.5,29,28,3,10.34,1,3.45,40,12,30.0,11.32,11,10.38,21.7,20.0,12.43,14.29,0.25,0.276,0.321,0.597,0.071,676572
SL,Slider,BR,78,11.4,27,24,8,29.63,3,11.11,35,11,31.43,14.1,11,14.1,28.21,29.79,15.98,29.63,0.292,0.37,0.417,0.7869999999999999,0.125,676572
CU,Curveball,BR,62,9.06,13,13,2,15.38,0,0.0,26,10,38.46,16.13,13,20.97,37.1,28.57,8.88,13.33,0.385,0.385,0.462,0.847,0.077,676572
ST,Sweeper,BR,50,7.31,14,13,5,35.71,1,7.14,19,8,42.11,16.0,10,20.0,36.0,25.0,9.47,31.25,0.154,0.214,0.231,0.445,0.077,676572
FC,Cutter,FB,39,5.7,8,8,1,12.5,0,0.0,20,7,35.0,17.95,7,17.95,35.9,36.84,2.96,20.0,0.25,0.25,0.375,0.625,0.125,676572
FS,Split-Finger,OS,10,1.46,3,3,1,33.33,0,0.0,4,1,25.0,10.0,0,0.0,10.0,25.0,3.55,16.67,0.0,0.0,0.0,0.0,0.0,676572
KC,Knuckle Curve,BR,6,0.88,0,0,0,,0,,1,0,0.0,0.0,2,33.33,33.33,0.0,0.0,,,,,,,676572
SV,Slurve,BR,1,0.15,0,0,0,,0,,0,0,,0.0,0,0.0,0.0,0.0,0.0,,,,,,,676572
FF,4-Seam Fastball,FB,145,28.05,43,38,18,41.86,5,11.63,71,24,33.8,16.55,25,17.24,33.79,33.77,32.45,36.73,0.105,0.209,0.184,0.393,0.079,676609
CH,Changeup,OS,83,16.05,17,16,2,11.76,1,5.88,36,9,25.0,10.84,10,12.05,22.89,23.91,15.89,8.33,0.5,0.529,0.688,1.217,0.1879999999999999,676609
FC,Cutter,FB,70,13.54,15,10,4,26.67,5,33.33,22,8,36.36,11.43,17,24.29,35.71,11.76,7.95,33.33,0.2,0.467,0.3,0.767,0.0999999999999999,676609
SI,Sinker,FB,69,13.35,22,17,6,27.27,4,18.18,27,5,18.52,7.25,15,21.74,28.99,14.29,9.93,40.0,0.235,0.381,0.647,1.028,0.412,676609
SL,Slider,BR,55,10.64,11,9,0,0.0,1,9.09,25,5,20.0,9.09,6,10.91,20.0,28.12,13.25,0.0,0.556,0.6,1.111,1.711,0.5549999999999999,676609
ST,Sweeper,BR,44,8.51,10,8,4,40.0,1,10.0,16,6,37.5,13.64,7,15.91,29.55,20.0,10.6,25.0,0.25,0.4,0.375,0.775,0.125,676609
CU,Curveball,BR,40,7.74,6,6,2,33.33,0,0.0,7,2,28.57,5.0,15,37.5,42.5,14.29,7.28,18.18,0.167,0.167,0.333,0.5,0.166,676609
SV,Slurve,BR,4,0.77,0,0,0,,0,,2,0,0.0,0.0,0,0.0,0.0,0.0,2.65,0.0,,,,,,676609
KC,Knuckle Curve,BR,3,0.58,0,0,0,,0,,1,1,100.0,33.33,2,66.67,100.0,,0.0,,,,,,,676609
FS,Split-Finger,OS,2,0.39,0,0,0,,0,,0,0,,0.0,0,0.0,0.0,0.0,0.0,,,,,,,676609
UN,Unknown,,1,0.19,0,0,0,,0,,0,0,,0.0,0,0.0,0.0,0.0,0.0,,,,,,,676609
,,,1,0.19,0,0,0,,0,,0,0,,0.0,0,0.0,0.0,,0.0,,,,,,,676609
FF,4-Seam Fastball,FB,30,33.33,8,8,3,37.5,0,0.0,14,3,21.43,10.0,5,16.67,26.67,26.67,46.43,23.08,0.125,0.125,0.125,0.25,0.0,676679
CU,Curveball,BR,18,20.0,5,5,4,80.0,0,0.0,11,8,72.73,44.44,3,16.67,61.11,66.67,21.43,66.67,0.2,0.2,0.2,0.4,0.0,676679
CH,Changeup,OS,11,12.22,2,2,0,0.0,0,0.0,8,2,25.0,18.18,2,18.18,36.36,75.0,14.29,0.0,0.0,0.0,0.0,0.0,0.0,676679
SL,Slider,BR,11,12.22,5,5,1,20.0,0,0.0,8,3,37.5,27.27,1,9.09,36.36,60.0,10.71,33.33,0.0,0.0,0.0,0.0,0.0,676679
SI,Sinker,FB,10,11.11,3,3,0,0.0,0,0.0,5,2,40.0,20.0,0,0.0,20.0,16.67,7.14,0.0,0.333,0.333,0.333,0.666,0.0,676679
FC,Cutter,FB,7,7.78,2,2,0,0.0,0,0.0,4,1,25.0,14.29,2,28.57,42.86,50.0,0.0,,0.0,0.0,0.0,0.0,0.0,676679
ST,Sweeper,BR,3,3.33,1,1,0,0.0,0,0.0,1,0,0.0,0.0,1,33.33,33.33,0.0,0.0,,1.0,1.0,4.0,5.0,3.0,676679
FF,4-Seam Fastball,FB,67,27.69,23,22,1,4.35,1,4.35,39,4,10.26,5.97,9,13.43,19.4,24.0,30.99,4.55,0.364,0.391,0.545,0.936,0.181,676694
CH,Changeup,OS,46,19.01,9,8,2,22.22,1,11.11,19,6,31.58,13.04,6,13.04,26.09,26.92,22.54,12.5,0.25,0.333,0.25,0.583,0.0,676694
SL,Slider,BR,33,13.64,7,6,2,28.57,1,14.29,15,7,46.67,21.21,11,33.33,54.55,33.33,11.27,25.0,0.333,0.429,0.5,0.929,0.1669999999999999,676694
SI,Sinker,FB,27,11.16,13,13,2,15.38,0,0.0,14,0,0.0,0.0,7,25.93,25.93,11.11,8.45,33.33,0.231,0.231,0.231,0.462,0.0,676694
ST,Sweeper,BR,22,9.09,3,3,0,0.0,0,0.0,6,0,0.0,0.0,6,27.27,27.27,0.0,7.04,0.0,0.333,0.333,0.333,0.666,0.0,676694
FC,Cutter,FB,20,8.26,6,6,1,16.67,0,0.0,11,3,27.27,15.0,1,5.0,20.0,22.22,5.63,25.0,0.167,0.167,0.167,0.334,0.0,676694
CU,Curveball,BR,12,4.96,5,5,2,40.0,0,0.0,4,1,25.0,8.33,5,41.67,50.0,20.0,4.23,66.67,0.0,0.0,0.0,0.0,0.0,676694
KC,Knuckle Curve,BR,8,3.31,2,2,1,50.0,0,0.0,2,0,0.0,0.0,3,37.5,37.5,0.0,7.04,20.0,0.5,0.5,0.5,1.0,0.0,676694
FS,Split-Finger,OS,3,1.24,1,1,0,0.0,0,0.0,2,0,0.0,0.0,0,0.0,0.0,0.0,1.41,0.0,1.0,1.0,1.0,2.0,0.0,676694
SV,Slurve,BR,3,1.24,2,1,0,0.0,0,0.0,1,0,0.0,0.0,1,33.33,33.33,0.0,1.41,0.0,0.0,0.5,0.0,0.5,0.0,676694
PO,Pitch Out,,1,0.41,0,0,0,,0,,0,0,,0.0,0,0.0,0.0,0.0,0.0,,,,,,,676694
FF,4-Seam Fastball,FB,8,29.63,2,2,0,0.0,0,0.0,7,1,14.29,12.5,0,0.0,12.5,50.0,50.0,0.0,0.0,0.0,0.0,0.0,0.0,676701
SL,Slider,BR,7,25.93,2,2,1,50.0,0,0.0,4,3,75.0,42.86,3,42.86,85.71,60.0,25.0,50.0,0.0,0.0,0.0,0.0,0.0,676701
SI,Sinker,FB,6,22.22,2,2,0,0.0,0,0.0,3,0,0.0,0.0,1,16.67,16.67,0.0,0.0,,0.0,0.0,0.0,0.0,0.0,676701
CH,Changeup,OS,4,14.81,1,1,0,0.0,0,0.0,1,0,0.0,0.0,1,25.0,25.0,0.0,0.0,,0.0,0.0,0.0,0.0,0.0,676701
CU,Curveball,BR,2,7.41,1,1,0,0.0,0,0.0,1,0,0.0,0.0,0,0.0,0.0,0.0,25.0,0.0,0.0,0.0,0.0,0.0,0.0,676701
SL,Slider,BR,2,50.0,1,1,0,0.0,0,0.0,1,0,0.0,0.0,1,50.0,50.0,100.0,,,0.0,0.0,0.0,0.0,0.0,676724
CU,Curveball,BR,1,25.0,1,1,0,0.0,0,0.0,1,0,0.0,0.0,0,0.0,0.0,,,,1.0,1.0,1.0,2.0,0.0,676724
SI,Sinker,FB,1,25.0,0,0,0,,0,,0,0,,0.0,1,100.0,100.0,,,,,,,,,676724
FF,4-Seam Fastball,FB,79,41.15,21,17,5,23.81,3,14.29,48,14,29.17,17.72,5,6.33,24.05,27.78,38.33,21.74,0.353,0.476,0.529,1.005,0.176,676801
CH,Changeup,OS,32,16.67,9,7,2,22.22,1,11.11,19,10,52.63,31.25,1,3.12,34.38,36.84,21.67,15.38,0.0,0.125,0.0,0.125,0.0,676801
SI,Sinker,FB,24,12.5,9,8,1,11.11,0,0.0,16,3,18.75,12.5,2,8.33,20.83,25.0,10.0,16.67,0.125,0.125,0.5,0.625,0.375,676801
CU,Curveball,BR,19,9.9,4,4,2,50.0,0,0.0,8,5,62.5,26.32,6,31.58,57.89,37.5,15.0,22.22,0.25,0.25,0.5,0.75,0.25,676801
FC,Cutter,FB,12,6.25,2,2,0,0.0,0,0.0,6,3,50.0,25.0,1,8.33,33.33,33.33,5.0,0.0,0.0,0.0,0.0,0.0,0.0,676801
SL,Slider,BR,11,5.73,1,1,0,0.0,0,0.0,3,1,33.33,9.09,0,0.0,9.09,22.22,1.67,0.0,0.0,0.0,0.0,0.0,0.0,676801
ST,Sweeper,BR,11,5.73,1,1,0,0.0,0,0.0,5,0,0.0,0.0,1,9.09,9.09,42.86,3.33,0.0,0.0,0.0,0.0,0.0,0.0,676801
KC,Knuckle Curve,BR,4,2.08,2,2,1,50.0,0,0.0,3,2,66.67,50.0,0,0.0,50.0,75.0,5.0,33.33,0.5,0.5,0.5,1.0,0.0,676801
CH,Changeup,OS,34,32.69,8,8,4,50.0,0,0.0,19,10,52.63,29.41,0,0.0,29.41,42.31,38.24,30.77,0.25,0.25,0.25,0.5,0.0,676812
FF,4-Seam Fastball,FB,32,30.77,8,8,4,50.0,0,0.0,17,7,41.18,21.88,4,12.5,34.38,26.67,38.24,30.77,0.25,0.25,0.25,0.5,0.0,676812
SI,Sinker,FB,11,10.58,1,1,0,0.0,0,0.0,4,2,50.0,18.18,5,45.45,63.64,50.0,0.0,,0.0,0.0,0.0,0.0,0.0,676812
SL,Slider,BR,9,8.65,2,2,1,50.0,0,0.0,2,1,50.0,11.11,1,11.11,22.22,14.29,5.88,50.0,0.5,0.5,0.5,1.0,0.0,676812
FC,Cutter,FB,9,8.65,2,2,1,50.0,0,0.0,5,1,20.0,11.11,2,22.22,33.33,33.33,5.88,50.0,0.0,0.0,0.0,0.0,0.0,676812
ST,Sweeper,BR,7,6.73,3,2,2,66.67,1,33.33,3,2,66.67,28.57,3,42.86,71.43,66.67,8.82,66.67,0.0,0.333,0.0,0.333,0.0,676812
CU,Curveball,BR,2,1.92,1,1,0,0.0,0,0.0,1,0,0.0,0.0,0,0.0,0.0,0.0,2.94,0.0,0.0,0.0,0.0,0.0,0.0,676812
FF,4-Seam Fastball,FB,184,32.28,40,33,9,22.5,6,15.0,100,26,26.0,14.13,20,10.87,25.0,23.91,35.75,13.04,0.152,0.3,0.212,0.512,0.06,676914
CH,Changeup,OS,98,17.19,22,18,5,22.73,4,18.18,37,13,35.14,13.27,10,10.2,23.47,18.03,17.1,15.15,0.278,0.409,0.444,0.853,0.1659999999999999,676914
SI,Sinker,FB,77,13.51,22,19,4,18.18,3,13.64,38,8,21.05,10.39,14,18.18,28.57,25.0,8.29,25.0,0.421,0.5,0.632,1.132,0.211,676914
FC,Cutter,FB,67,11.75,10,10,3,30.0,0,0.0,29,8,27.59,11.94,17,25.37,37.31,24.24,5.7,27.27,0.1,0.1,0.2,0.3,0.1,676914
SL,Slider,BR,58,10.18,14,10,6,42.86,3,21.43,26,11,42.31,18.97,8,13.79,32.76,26.67,15.54,20.0,0.2,0.429,0.5,0.929,0.3,676914
CU,Curveball,BR,54,9.47,12,11,5,41.67,1,8.33,15,5,33.33,9.26,11,20.37,29.63,10.0,9.84,26.32,0.091,0.167,0.091,0.258,0.0,676914
ST,Sweeper,BR,26,4.56,6,5,5,83.33,1,16.67,8,4,50.0,15.38,8,30.77,46.15,20.0,6.74,38.46,0.0,0.167,0.0,0.167,0.0,676914
KC,Knuckle Curve,BR,3,0.53,1,0,0,0.0,1,100.0,0,0,,0.0,1,33.33,33.33,0.0,0.52,0.0,,1.0,,,,676914
EP,Eephus,,1,0.18,1,1,0,0.0,0,0.0,1,0,0.0,0.0,0,0.0,0.0,,0.0,,1.0,1.0,4.0,5.0,3.0,676914
FS,Split-Finger,OS,1,0.18,0,0,0,,0,,0,0,,0.0,0,0.0,0.0,0.0,0.52,0.0,,,,,,676914
SV,Slurve,BR,1,0.18,0,0,0,,0,,0,0,,0.0,0,0.0,0.0,0.0,0.0,,,,,,,676914
FF,4-Seam Fastball,FB,27,27.84,6,5,2,33.33,1,16.67,16,5,31.25,18.52,3,11.11,29.63,25.0,25.0,22.22,0.2,0.333,0.2,0.533,0.0,677008
SL,Slider,BR,24,24.74,7,7,4,57.14,0,0.0,13,6,46.15,25.0,2,8.33,33.33,35.71,27.78,40.0,0.143,0.143,0.143,0.286,0.0,677008
SI,Sinker,FB,20,20.62,5,4,0,0.0,0,0.0,9,2,22.22,10.0,3,15.0,25.0,36.36,13.89,0.0,0.0,0.2,0.0,0.2,0.0,677008
ST,Sweeper,BR,8,8.25,1,1,0,0.0,0,0.0,4,0,0.0,0.0,1,12.5,12.5,25.0,11.11,0.0,0.0,0.0,0.0,0.0,0.0,677008
CH,Changeup,OS,6,6.19,2,2,1,50.0,0,0.0,5,4,80.0,66.67,0,0.0,66.67,50.0,8.33,33.33,0.0,0.0,0.0,0.0,0.0,677008
SV,Slurve,BR,5,5.15,1,1,1,100.0,0,0.0,3,2,66.67,40.0,1,20.0,60.0,66.67,5.56,50.0,0.0,0.0,0.0,0.0,0.0,677008
FS,Split-Finger,OS,3,3.09,1,1,1,100.0,0,0.0,1,1,100.0,33.33,0,0.0,33.33,33.33,8.33,33.33,0.0,0.0,0.0,0.0,0.0,677008
CU,Curveball,BR,2,2.06,0,0,0,,0,,1,0,0.0,0.0,0,0.0,0.0,0.0,0.0,,,,,,,677008
FC,Cutter,FB,2,2.06,0,0,0,,0,,0,0,,0.0,1,50.0,50.0,0.0,0.0,,,,,,,677008
FF,4-Seam Fastball,FB,8,53.33,2,2,2,100.0,0,0.0,6,1,16.67,12.5,1,12.5,25.0,50.0,57.14,50.0,0.0,0.0,0.0,0.0,0.0,677060
CU,Curveball,BR,3,20.0,0,0,0,,0,,1,1,100.0,33.33,1,33.33,66.67,33.33,14.29,0.0,,,,,,677060
SL,Slider,BR,2,13.33,1,1,1,100.0,0,0.0,1,1,100.0,50.0,0,0.0,50.0,50.0,14.29,100.0,0.0,0.0,0.0,0.0,0.0,677060
CH,Changeup,OS,1,6.67,0,0,0,,0,,1,0,0.0,0.0,0,0.0,0.0,,14.29,0.0,,,,,,677060
FC,Cutter,FB,1,6.67,0,0,0,,0,,1,0,0.0,0.0,0,0.0,0.0,100.0,0.0,,,,,,,677060
FF,4-Seam Fastball,FB,35,45.45,9,8,2,22.22,0,0.0,13,3,23.08,8.57,4,11.43,20.0,5.26,50.0,15.38,0.5,0.556,1.375,1.931,0.875,677347
CH,Changeup,OS,13,16.88,3,3,2,66.67,0,0.0,8,5,62.5,38.46,0,0.0,38.46,37.5,26.92,28.57,0.333,0.333,0.333,0.666,0.0,677347
SL,Slider,BR,8,10.39,2,2,1,50.0,0,0.0,6,3,50.0,37.5,1,12.5,50.0,0.0,3.85,100.0,0.0,0.0,0.0,0.0,0.0,677347
SI,Sinker,FB,6,7.79,3,3,1,33.33,0,0.0,4,0,0.0,0.0,2,33.33,33.33,,3.85,100.0,0.0,0.0,0.0,0.0,0.0,677347
ST,Sweeper,BR,5,6.49,2,0,0,0.0,1,50.0,1,1,100.0,20.0,1,20.0,40.0,0.0,3.85,0.0,,1.0,,,,677347
FC,Cutter,FB,5,6.49,2,2,1,50.0,0,0.0,3,1,33.33,20.0,1,20.0,40.0,66.67,3.85,100.0,0.0,0.0,0.0,0.0,0.0,677347
CU,Curveball,BR,4,5.19,1,1,1,100.0,0,0.0,1,1,100.0,25.0,2,50.0,75.0,50.0,7.69,50.0,0.0,0.0,0.0,0.0,0.0,677347
SV,Slurve,BR,1,1.3,0,0,0,,0,,0,0,,0.0,0,0.0,0.0,0.0,0.0,,,,,,,677347
FF,4-Seam Fastball,FB,139,32.71,37,31,7,18.92,4,10.81,68,14,20.59,10.07,17,12.23,22.3,25.35,31.4,18.42,0.29,0.389,0.452,0.841,0.162,677587
CH,Changeup,OS,59,13.88,17,17,8,47.06,0,0.0,30,18,60.0,30.51,8,13.56,44.07,34.38,14.05,47.06,0.118,0.118,0.118,0.236,0.0,677587
SI,Sinker,FB,59,13.88,13,12,3,23.08,1,7.69,25,3,12.0,5.08,17,28.81,33.9,26.09,11.57,21.43,0.333,0.385,0.333,0.718,0.0,677587
SL,Slider,BR,57,13.41,17,15,6,35.29,1,5.88,39,19,48.72,33.33,4,7.02,40.35,56.25,19.83,25.0,0.333,0.353,0.6,0.953,0.2669999999999999,677587
FC,Cutter,FB,40,9.41,14,11,3,21.43,0,0.0,26,3,11.54,7.5,5,12.5,20.0,37.5,4.13,60.0,0.0,0.154,0.0,0.154,0.0,677587
CU,Curveball,BR,24,5.65,8,4,3,37.5,2,25.0,11,5,45.45,20.83,6,25.0,45.83,30.0,6.61,37.5,0.25,0.571,0.25,0.821,0.0,677587
ST,Sweeper,BR,18,4.24,2,1,0,0.0,0,0.0,7,3,42.86,16.67,3,16.67,33.33,20.0,3.31,0.0,1.0,1.0,4.0,5.0,3.0,677587
FS,Split-Finger,OS,12,2.82,4,4,2,50.0,0,0.0,6,3,50.0,25.0,1,8.33,33.33,16.67,3.31,50.0,0.0,0.0,0.0,0.0,0.0,677587
SV,Slurve,BR,10,2.35,1,0,0,0.0,0,0.0,3,1,33.33,10.0,1,10.0,20.0,0.0,4.13,0.0,,0.0,,,,677587
KC,Knuckle Curve,BR,7,1.65,3,3,1,33.33,0,0.0,5,0,0.0,0.0,0,0.0,0.0,0.0,1.65,50.0,0.0,0.0,0.0,0.0,0.0,677587
SI,Sinker,FB,18,33.96,7,6,1,14.29,1,14.29,9,2,22.22,11.11,6,33.33,44.44,50.0,25.0,25.0,0.0,0.143,0.0,0.143,0.0,677588
FF,4-Seam Fastball,FB,10,18.87,6,5,1,16.67,1,16.67,4,0,0.0,0.0,1,10.0,10.0,20.0,12.5,50.0,0.8,0.833,1.2,2.033,0.3999999999999999,677588
ST,Sweeper,BR,9,16.98,2,2,0,0.0,0,0.0,3,1,33.33,11.11,2,22.22,33.33,33.33,18.75,0.0,0.0,0.0,0.0,0.0,0.0,677588
CU,Curveball,BR,7,13.21,1,1,0,0.0,0,0.0,1,0,0.0,0.0,1,14.29,14.29,0.0,12.5,0.0,1.0,1.0,2.0,3.0,1.0,677588
SL,Slider,BR,7,13.21,0,0,0,,0,,4,1,25.0,14.29,0,0.0,14.29,0.0,25.0,0.0,,,,,,677588
CH,Changeup,OS,2,3.77,0,0,0,,0,,0,0,,0.0,0,0.0,0.0,0.0,6.25,0.0,,,,,,677588
FF,4-Seam Fastball,FB,59,37.34,14,12,6,42.86,2,14.29,28,12,42.86,20.34,8,13.56,33.9,17.24,42.59,26.09,0.25,0.357,0.583,0.94,0.3329999999999999,677592
CH,Changeup,OS,25,15.82,4,4,1,25.0,0,0.0,10,5,50.0,20.0,2,8.0,28.0,13.33,12.96,14.29,0.25,0.25,0.25,0.5,0.0,677592
CU,Curveball,BR,24,15.19,8,8,1,12.5,0,0.0,17,6,35.29,25.0,3,12.5,37.5,54.55,7.41,25.0,0.25,0.25,0.625,0.875,0.375,677592
SL,Slider,BR,17,10.76,3,3,3,100.0,0,0.0,3,3,100.0,17.65,5,29.41,47.06,18.18,12.96,42.86,0.0,0.0,0.0,0.0,0.0,677592
ST,Sweeper,BR,12,7.59,2,2,2,100.0,0,0.0,8,5,62.5,41.67,2,16.67,58.33,40.0,5.56,66.67,0.0,0.0,0.0,0.0,0.0,677592
FC,Cutter,FB,10,6.33,3,3,3,100.0,0,0.0,6,5,83.33,50.0,1,10.0,60.0,50.0,5.56,100.0,0.0,0.0,0.0,0.0,0.0,677592
SI,Sinker,FB,6,3.8,2,2,1,50.0,0,0.0,4,2,50.0,33.33,1,16.67,50.0,50.0,7.41,25.0,0.0,0.0,0.0,0.0,0.0,677592
SV,Slurve,BR,3,1.9,0,0,0,,0,,0,0,,0.0,1,33.33,33.33,0.0,1.85,0.0,,,,,,677592
FS,Split-Finger,OS,2,1.27,0,0,0,,0,,0,0,,0.0,0,0.0,0.0,0.0,3.7,0.0,,,,,,677592
FF,4-Seam Fastball,FB,222,33.04,55,52,18,32.73,3,5.45,115,32,27.83,14.41,25,11.26,25.68,18.37,35.71,22.5,0.25,0.291,0.481,0.772,0.2309999999999999,677594
CH,Changeup,OS,127,18.9,38,37,8,21.05,1,2.63,79,24,30.38,18.9,8,6.3,25.2,50.0,22.32,16.0,0.324,0.342,0.595,0.937,0.2709999999999999,677594
SL,Slider,BR,75,11.16,17,17,6,35.29,0,0.0,43,20,46.51,26.67,8,10.67,37.33,42.5,8.48,31.58,0.176,0.176,0.529,0.7050000000000001,0.353,677594
SI,Sinker,FB,68,10.12,24,21,2,8.33,3,12.5,34,3,8.82,4.41,14,20.59,25.0,23.08,6.7,13.33,0.286,0.375,0.333,0.708,0.047,677594
FC,Cutter,FB,62,9.23,18,17,4,22.22,1,5.56,34,7,20.59,11.29,5,8.06,19.35,17.24,8.04,22.22,0.176,0.222,0.588,0.8099999999999999,0.412,677594
CU,Curveball,BR,48,7.14,17,15,3,17.65,2,11.76,25,6,24.0,12.5,2,4.17,16.67,28.57,8.93,15.0,0.267,0.353,0.333,0.6859999999999999,0.066,677594
ST,Sweeper,BR,42,6.25,9,9,2,22.22,0,0.0,24,4,16.67,9.52,6,14.29,23.81,48.0,8.48,10.53,0.222,0.222,0.333,0.555,0.111,677594
,,,16,2.38,4,0,0,0.0,4,100.0,0,0,,0.0,0,0.0,0.0,,0.0,,,1.0,,,,677594
FS,Split-Finger,OS,5,0.74,2,2,1,50.0,0,0.0,3,2,66.67,40.0,0,0.0,40.0,33.33,0.89,50.0,0.5,0.5,2.0,2.5,1.5,677594
KC,Knuckle Curve,BR,5,0.74,2,2,1,50.0,0,0.0,4,3,75.0,60.0,1,20.0,80.0,100.0,0.45,100.0,0.0,0.0,0.0,0.0,0.0,677594
SV,Slurve,BR,2,0.3,0,0,0,,0,,0,0,,0.0,1,50.0,50.0,0.0,0.0,,,,,,,677594
FF,4-Seam Fastball,FB,43,28.48,7,6,5,71.43,1,14.29,18,8,44.44,18.6,11,25.58,44.19,47.06,20.41,50.0,0.0,0.143,0.0,0.143,0.0,677595
SL,Slider,BR,32,21.19,8,8,2,25.0,0,0.0,17,4,23.53,12.5,6,18.75,31.25,42.86,32.65,12.5,0.125,0.125,0.125,0.25,0.0,677595
CH,Changeup,OS,21,13.91,6,6,1,16.67,0,0.0,12,4,33.33,19.05,4,19.05,38.1,64.29,12.24,16.67,0.167,0.167,0.167,0.334,0.0,677595
CU,Curveball,BR,21,13.91,9,9,5,55.56,0,0.0,10,5,50.0,23.81,3,14.29,38.1,38.46,18.37,55.56,0.0,0.0,0.0,0.0,0.0,677595
SI,Sinker,FB,15,9.93,4,3,0,0.0,1,25.0,7,1,14.29,6.67,3,20.0,26.67,50.0,6.12,0.0,0.333,0.5,0.333,0.833,0.0,677595
ST,Sweeper,BR,7,4.64,2,2,1,50.0,0,0.0,5,3,60.0,42.86,0,0.0,42.86,50.0,4.08,50.0,0.0,0.0,0.0,0.0,0.0,677595
FC,Cutter,FB,7,4.64,1,1,0,0.0,0,0.0,5,1,20.0,14.29,0,0.0,14.29,0.0,4.08,0.0,0.0,0.0,0.0,0.0,0.0,677595
FS,Split-Finger,OS,4,2.65,1,1,0,0.0,0,0.0,3,1,33.33,25.0,0,0.0,25.0,75.0,2.04,0.0,0.0,0.0,0.0,0.0,0.0,677595
SV,Slurve,BR,1,0.66,0,0,0,,0,,1,0,0.0,0.0,0,0.0,0.0,,0.0,,,,,,,677595
FF,4-Seam Fastball,FB,120,35.61,26,25,11,42.31,0,0.0,57,18,31.58,15.0,20,16.67,31.67,31.67,36.61,26.83,0.2,0.231,0.2,0.431,0.0,677649
CH,Changeup,OS,56,16.62,19,18,3,15.79,1,5.26,32,7,21.88,12.5,4,7.14,19.64,28.0,13.39,20.0,0.111,0.158,0.222,0.38,0.111,677649
CU,Curveball,BR,50,14.84,18,18,7,38.89,0,0.0,28,7,25.0,14.0,12,24.0,38.0,57.69,22.32,28.0,0.056,0.056,0.056,0.112,0.0,677649
SI,Sinker,FB,33,9.79,7,7,2,28.57,0,0.0,15,4,26.67,12.12,8,24.24,36.36,16.67,6.25,28.57,0.429,0.429,0.571,1.0,0.1419999999999999,677649
SL,Slider,BR,29,8.61,8,8,1,12.5,0,0.0,17,5,29.41,17.24,5,17.24,34.48,41.67,9.82,9.09,0.5,0.5,0.5,1.0,0.0,677649
ST,Sweeper,BR,22,6.53,6,5,2,33.33,1,16.67,10,4,40.0,18.18,6,27.27,45.45,50.0,6.25,28.57,0.0,0.167,0.0,0.167,0.0,677649
FC,Cutter,FB,15,4.45,5,5,1,20.0,0,0.0,8,1,12.5,6.67,5,33.33,40.0,60.0,1.79,50.0,0.8,0.8,1.2,2.0,0.3999999999999999,677649
FS,Split-Finger,OS,6,1.78,2,2,0,0.0,0,0.0,5,0,0.0,0.0,0,0.0,0.0,66.67,0.89,0.0,0.5,0.5,0.5,1.0,0.0,677649
KC,Knuckle Curve,BR,4,1.19,2,2,1,50.0,0,0.0,3,1,33.33,25.0,1,25.0,50.0,100.0,0.89,100.0,0.5,0.5,0.5,1.0,0.0,677649
SV,Slurve,BR,2,0.59,1,1,1,100.0,0,0.0,1,0,0.0,0.0,1,50.0,50.0,100.0,1.79,50.0,0.0,0.0,0.0,0.0,0.0,677649
SI,Sinker,FB,74,27.72,19,17,1,5.26,1,5.26,41,8,19.51,10.81,12,16.22,27.03,25.0,16.84,6.25,0.235,0.278,0.353,0.631,0.118,677800
SL,Slider,BR,68,25.47,15,14,1,6.67,1,6.67,35,8,22.86,11.76,7,10.29,22.06,29.41,26.32,4.0,0.357,0.4,0.571,0.971,0.2139999999999999,677800
FF,4-Seam Fastball,FB,57,21.35,16,14,3,18.75,2,12.5,32,8,25.0,14.04,8,14.04,28.07,28.57,26.32,12.0,0.143,0.25,0.429,0.679,0.286,677800
ST,Sweeper,BR,29,10.86,7,7,6,85.71,0,0.0,16,9,56.25,31.03,7,24.14,55.17,57.14,11.58,54.55,0.0,0.0,0.0,0.0,0.0,677800
CU,Curveball,BR,14,5.24,4,4,1,25.0,0,0.0,7,2,28.57,14.29,2,14.29,28.57,37.5,3.16,33.33,0.5,0.5,0.5,1.0,0.0,677800
FC,Cutter,FB,12,4.49,4,3,1,25.0,1,25.0,7,2,28.57,16.67,0,0.0,16.67,28.57,6.32,16.67,0.0,0.25,0.0,0.25,0.0,677800
CH,Changeup,OS,6,2.25,1,1,1,100.0,0,0.0,1,0,0.0,0.0,1,16.67,16.67,0.0,4.21,25.0,0.0,0.0,0.0,0.0,0.0,677800
KC,Knuckle Curve,BR,4,1.5,2,1,0,0.0,1,50.0,2,1,50.0,25.0,0,0.0,25.0,33.33,3.16,0.0,1.0,1.0,1.0,2.0,0.0,677800
SV,Slurve,BR,2,0.75,0,0,0,,0,,0,0,,0.0,0,0.0,0.0,0.0,2.11,0.0,,,,,,677800
,,,1,0.37,0,0,0,,0,,0,0,,0.0,0,0.0,0.0,,0.0,,,,,,,677800
FF,4-Seam Fastball,FB,37,35.24,5,3,1,20.0,2,40.0,14,0,0.0,0.0,3,8.11,8.11,13.04,32.56,7.14,0.0,0.4,0.0,0.4,0.0,677870
CH,Changeup,OS,25,23.81,5,5,2,40.0,0,0.0,9,4,44.44,16.0,8,32.0,48.0,37.5,23.26,20.0,0.2,0.2,0.2,0.4,0.0,677870
FC,Cutter,FB,17,16.19,4,4,1,25.0,0,0.0,4,0,0.0,0.0,7,41.18,41.18,0.0,13.95,16.67,0.25,0.25,1.0,1.25,0.75,677870
SL,Slider,BR,8,7.62,2,2,1,50.0,0,0.0,4,2,50.0,25.0,0,0.0,25.0,20.0,11.63,20.0,0.0,0.0,0.0,0.0,0.0,677870
CU,Curveball,BR,6,5.71,3,3,0,0.0,0,0.0,3,0,0.0,0.0,1,16.67,16.67,0.0,6.98,0.0,0.0,0.0,0.0,0.0,0.0,677870
SI,Sinker,FB,6,5.71,1,1,0,0.0,0,0.0,2,0,0.0,0.0,3,50.0,50.0,0.0,2.33,0.0,0.0,0.0,0.0,0.0,0.0,677870
SV,Slurve,BR,5,4.76,1,1,1,100.0,0,0.0,4,3,75.0,60.0,0,0.0,60.0,75.0,6.98,33.33,0.0,0.0,0.0,0.0,0.0,677870
KC,Knuckle Curve,BR,1,0.95,0,0,0,,0,,0,0,,0.0,0,0.0,0.0,0.0,2.33,0.0,,,,,,677870
ST,Sweeper,BR,1,100.0,1,1,0,0.0,0,0.0,1,0,0.0,0.0,0,0.0,0.0,,,,0.0,0.0,0.0,0.0,0.0,677941
FF,4-Seam Fastball,FB,135,41.28,28,22,10,35.71,5,17.86,68,23,33.82,17.04,13,9.63,26.67,19.7,46.67,20.41,0.227,0.393,0.545,0.938,0.318,677942
SL,Slider,BR,47,14.37,17,15,5,29.41,2,11.76,22,5,22.73,10.64,7,14.89,25.53,26.92,16.19,29.41,0.133,0.235,0.133,0.368,0.0,677942
CH,Changeup,OS,33,10.09,11,11,1,9.09,0,0.0,18,4,22.22,12.12,5,15.15,27.27,33.33,8.57,11.11,0.364,0.364,0.455,0.819,0.091,677942
SI,Sinker,FB,32,9.79,8,6,3,37.5,2,25.0,14,3,21.43,9.38,5,15.62,25.0,18.75,12.38,23.08,0.167,0.375,0.5,0.875,0.3329999999999999,677942
CU,Curveball,BR,29,8.87,5,3,1,20.0,0,0.0,7,1,14.29,3.45,8,27.59,31.03,12.5,4.76,20.0,0.0,0.25,0.0,0.25,0.0,677942
FC,Cutter,FB,22,6.73,9,8,2,22.22,1,11.11,12,2,16.67,9.09,3,13.64,22.73,30.0,1.9,100.0,0.5,0.556,0.75,1.306,0.25,677942
ST,Sweeper,BR,19,5.81,6,5,2,33.33,1,16.67,9,2,22.22,10.53,4,21.05,31.58,36.36,8.57,22.22,0.2,0.333,0.4,0.7330000000000001,0.2,677942
KC,Knuckle Curve,BR,7,2.14,1,1,0,0.0,0,0.0,2,0,0.0,0.0,2,28.57,28.57,0.0,0.0,,0.0,0.0,0.0,0.0,0.0,677942
FS,Split-Finger,OS,1,0.31,0,0,0,,0,,0,0,,0.0,0,0.0,0.0,0.0,0.0,,,,,,,677942
SV,Slurve,BR,1,0.31,0,0,0,,0,,0,0,,0.0,1,100.0,100.0,,0.0,,,,,,,677942
,,,1,0.31,0,0,0,,0,,0,0,,0.0,0,0.0,0.0,,0.95,0.0,,,,,,677942
FF,4-Seam Fastball,FB,2,50.0,0,0,0,,0,,2,1,50.0,50.0,0,0.0,50.0,,0.0,,,,,,,677943
SL,Slider,BR,2,50.0,1,1,0,0.0,0,0.0,1,0,0.0,0.0,0,0.0,0.0,50.0,100.0,0.0,0.0,0.0,0.0,0.0,0.0,677943
SI,Sinker,FB,79,27.92,24,20,6,25.0,1,4.17,41,9,21.95,11.39,20,25.32,36.71,36.67,20.0,46.15,0.3,0.333,0.3,0.633,0.0,677950
SL,Slider,BR,75,26.5,27,27,4,14.81,0,0.0,43,13,30.23,17.33,7,9.33,26.67,41.46,32.31,19.05,0.185,0.185,0.185,0.37,0.0,677950
FF,4-Seam Fastball,FB,52,18.37,13,12,4,30.77,1,7.69,30,7,23.33,13.46,7,13.46,26.92,43.48,16.92,36.36,0.25,0.308,0.583,0.891,0.3329999999999999,677950
ST,Sweeper,BR,37,13.07,15,14,4,26.67,0,0.0,23,10,43.48,27.03,3,8.11,35.14,47.62,16.92,36.36,0.214,0.214,0.5,0.714,0.286,677950
CU,Curveball,BR,21,7.42,4,3,1,25.0,0,0.0,7,3,42.86,14.29,4,19.05,33.33,28.57,3.08,50.0,0.0,0.0,0.0,0.0,0.0,677950
FC,Cutter,FB,13,4.59,4,3,1,25.0,0,0.0,8,5,62.5,38.46,1,7.69,46.15,50.0,6.15,25.0,0.333,0.25,0.333,0.583,0.0,677950
SV,Slurve,BR,3,1.06,1,1,0,0.0,0,0.0,3,0,0.0,0.0,0,0.0,0.0,100.0,1.54,0.0,1.0,1.0,1.0,2.0,0.0,677950
CH,Changeup,OS,2,0.71,1,0,0,0.0,0,0.0,0,0,,0.0,0,0.0,0.0,0.0,3.08,0.0,,1.0,,,,677950
KC,Knuckle Curve,BR,1,0.35,0,0,0,,0,,0,0,,0.0,1,100.0,100.0,,0.0,,,,,,,677950
FF,4-Seam Fastball,FB,198,36.07,44,43,11,25.0,1,2.27,108,30,27.78,15.15,33,16.67,31.82,24.66,41.4,16.92,0.326,0.341,0.488,0.829,0.1619999999999999,677951
CH,Changeup,OS,110,20.04,38,38,9,23.68,0,0.0,63,18,28.57,16.36,7,6.36,22.73,40.32,22.29,25.71,0.316,0.316,0.342,0.658,0.026,677951
SI,Sinker,FB,63,11.48,16,13,4,25.0,3,18.75,30,7,23.33,11.11,14,22.22,33.33,17.39,5.73,44.44,0.077,0.25,0.077,0.327,0.0,677951
SL,Slider,BR,58,10.56,18,18,5,27.78,0,0.0,29,5,17.24,8.62,9,15.52,24.14,41.94,13.38,23.81,0.389,0.389,0.722,1.111,0.3329999999999999,677951
FC,Cutter,FB,42,7.65,13,9,0,0.0,3,23.08,20,1,5.0,2.38,4,9.52,11.9,21.74,5.73,0.0,0.556,0.615,1.0,1.615,0.4439999999999999,677951
CU,Curveball,BR,34,6.19,6,6,1,16.67,0,0.0,12,2,16.67,5.88,6,17.65,23.53,31.82,7.01,9.09,0.333,0.333,0.667,1.0,0.334,677951
,,,18,3.28,5,0,0,0.0,5,100.0,0,0,,0.0,0,0.0,0.0,,0.0,,,1.0,,,,677951
ST,Sweeper,BR,14,2.55,3,2,0,0.0,0,0.0,5,0,0.0,0.0,3,21.43,21.43,14.29,3.18,0.0,0.5,0.667,0.5,1.167,0.0,677951
FS,Split-Finger,OS,4,0.73,1,0,0,0.0,1,100.0,1,1,100.0,25.0,0,0.0,25.0,0.0,0.64,0.0,,1.0,,,,677951
CS,Slow Curve,BR,3,0.55,0,0,0,,0,,1,0,0.0,0.0,0,0.0,0.0,33.33,0.0,,,,,,,677951
KC,Knuckle Curve,BR,3,0.55,2,2,0,0.0,0,0.0,2,0,0.0,0.0,0,0.0,0.0,0.0,0.64,0.0,0.5,0.5,1.0,1.5,0.5,677951
SV,Slurve,BR,2,0.36,0,0,0,,0,,0,0,,0.0,0,0.0,0.0,0.0,0.0,,,,,,,677951
CU,Curveball,BR,16,19.51,1,1,1,100.0,0,0.0,5,4,80.0,25.0,3,18.75,43.75,11.11,16.67,16.67,0.0,0.0,0.0,0.0,0.0,677956
CH,Changeup,OS,15,18.29,4,4,3,75.0,0,0.0,9,6,66.67,40.0,1,6.67,46.67,54.55,22.22,37.5,0.0,0.0,0.0,0.0,0.0,677956
FF,4-Seam Fastball,FB,15,18.29,6,6,5,83.33,0,0.0,10,7,70.0,46.67,2,13.33,60.0,50.0,22.22,62.5,0.0,0.0,0.0,0.0,0.0,677956
SL,Slider,BR,11,13.41,3,3,1,33.33,0,0.0,6,4,66.67,36.36,1,9.09,45.45,42.86,16.67,16.67,0.0,0.0,0.0,0.0,0.0,677956
FC,Cutter,FB,10,12.2,0,0,0,,0,,7,1,14.29,10.0,1,10.0,20.0,71.43,0.0,,,,,,,677956
ST,Sweeper,BR,8,9.76,3,3,3,100.0,0,0.0,5,4,80.0,50.0,1,12.5,62.5,71.43,11.11,75.0,0.0,0.0,0.0,0.0,0.0,677956
SI,Sinker,FB,7,8.54,2,2,0,0.0,0,0.0,3,0,0.0,0.0,1,14.29,14.29,0.0,11.11,0.0,0.0,0.0,0.0,0.0,0.0,677956
SL,Slider,BR,47,26.4,12,11,1,8.33,1,8.33,19,5,26.32,10.64,6,12.77,23.4,15.38,25.0,8.33,0.091,0.167,0.091,0.258,0.0,678009
SI,Sinker,FB,44,24.72,13,13,3,23.08,0,0.0,18,4,22.22,9.09,9,20.45,29.55,22.73,14.58,42.86,0.308,0.308,0.385,0.6930000000000001,0.077,678009
FF,4-Seam Fastball,FB,37,20.79,8,4,1,12.5,4,50.0,18,4,22.22,10.81,8,21.62,32.43,8.33,22.92,9.09,0.5,0.75,0.5,1.25,0.0,678009
ST,Sweeper,BR,28,15.73,7,7,5,71.43,0,0.0,12,7,58.33,25.0,3,10.71,35.71,26.67,25.0,41.67,0.0,0.0,0.0,0.0,0.0,678009
CU,Curveball,BR,8,4.49,2,2,1,50.0,0,0.0,2,1,50.0,12.5,4,50.0,62.5,33.33,4.17,50.0,0.0,0.0,0.0,0.0,0.0,678009
FC,Cutter,FB,7,3.93,2,2,0,0.0,0,0.0,4,1,25.0,14.29,0,0.0,14.29,0.0,4.17,0.0,0.0,0.0,0.0,0.0,0.0,678009
CH,Changeup,OS,5,2.81,2,2,0,0.0,0,0.0,4,0,0.0,0.0,0,0.0,0.0,0.0,2.08,0.0,0.5,0.5,0.5,1.0,0.0,678009
SV,Slurve,BR,2,1.12,0,0,0,,0,,1,1,100.0,50.0,0,0.0,50.0,0.0,2.08,0.0,,,,,,678009
ST,Sweeper,BR,5,33.33,1,1,0,0.0,0,0.0,3,2,66.67,40.0,1,20.0,60.0,0.0,40.0,0.0,1.0,1.0,1.0,2.0,0.0,678011
SL,Slider,BR,5,33.33,1,1,0,0.0,0,0.0,3,0,0.0,0.0,1,20.0,20.0,0.0,20.0,0.0,0.0,0.0,0.0,0.0,0.0,678011
CU,Curveball,BR,2,13.33,0,0,0,,0,,0,0,,0.0,0,0.0,0.0,0.0,20.0,0.0,,,,,,678011
SI,Sinker,FB,2,13.33,1,1,1,100.0,0,0.0,0,0,,0.0,2,100.0,100.0,,20.0,100.0,0.0,0.0,0.0,0.0,0.0,678011
FF,4-Seam Fastball,FB,1,6.67,1,1,0,0.0,0,0.0,1,0,0.0,0.0,0,0.0,0.0,,0.0,,1.0,1.0,1.0,2.0,0.0,678011
FF,4-Seam Fastball,FB,7,46.67,1,1,1,100.0,0,0.0,3,2,66.67,28.57,3,42.86,71.43,50.0,20.0,100.0,0.0,0.0,0.0,0.0,0.0,678225
CU,Curveball,BR,4,26.67,1,1,0,0.0,0,0.0,3,1,33.33,25.0,0,0.0,25.0,66.67,40.0,0.0,0.0,0.0,0.0,0.0,0.0,678225
SL,Slider,BR,2,13.33,2,2,2,100.0,0,0.0,2,2,100.0,100.0,0,0.0,100.0,100.0,40.0,100.0,0.0,0.0,0.0,0.0,0.0,678225
FC,Cutter,FB,1,6.67,0,0,0,,0,,1,1,100.0,100.0,0,0.0,100.0,100.0,0.0,,,,,,,678225
SI,Sinker,FB,1,6.67,0,0,0,,0,,1,0,0.0,0.0,0,0.0,0.0,,0.0,,,,,,,678225
FF,4-Seam Fastball,FB,260,41.27,50,45,12,24.0,5,10.0,116,25,21.55,9.62,43,16.54,26.15,16.94,39.53,17.65,0.156,0.24,0.222,0.4619999999999999,0.066,678246
CH,Changeup,OS,117,18.57,35,33,3,8.57,2,5.71,59,9,15.25,7.69,10,8.55,16.24,32.43,18.6,9.38,0.182,0.229,0.303,0.532,0.121,678246
SI,Sinker,FB,67,10.63,22,18,2,9.09,4,18.18,25,4,16.0,5.97,15,22.39,28.36,4.0,5.23,22.22,0.389,0.5,0.611,1.111,0.2219999999999999,678246
SL,Slider,BR,65,10.32,16,15,5,31.25,0,0.0,35,8,22.86,12.31,8,12.31,24.62,37.5,14.53,20.0,0.467,0.438,0.8,1.238,0.333,678246
FC,Cutter,FB,39,6.19,9,8,1,11.11,1,11.11,20,5,25.0,12.82,5,12.82,25.64,16.67,4.07,14.29,0.5,0.556,1.0,1.556,0.5,678246
CU,Curveball,BR,33,5.24,10,8,2,20.0,1,10.0,12,2,16.67,6.06,5,15.15,21.21,20.0,8.14,14.29,0.25,0.3,0.375,0.675,0.125,678246
ST,Sweeper,BR,28,4.44,6,5,2,33.33,1,16.67,14,4,28.57,14.29,5,17.86,32.14,25.0,4.65,25.0,0.0,0.167,0.0,0.167,0.0,678246
KC,Knuckle Curve,BR,10,1.59,4,4,1,25.0,0,0.0,4,1,25.0,10.0,3,30.0,40.0,40.0,2.33,25.0,0.5,0.5,0.75,1.25,0.25,678246
FS,Split-Finger,OS,9,1.43,2,2,0,0.0,0,0.0,5,0,0.0,0.0,0,0.0,0.0,33.33,2.33,0.0,0.5,0.5,0.5,1.0,0.0,678246
CS,Slow Curve,BR,1,0.16,0,0,0,,0,,0,0,,0.0,1,100.0,100.0,,0.0,,,,,,,678246
SV,Slurve,BR,1,0.16,0,0,0,,0,,1,0,0.0,0.0,0,0.0,0.0,,0.58,0.0,,,,,,678246
SL,Slider,BR,11,47.83,2,2,0,0.0,0,0.0,5,2,40.0,18.18,2,18.18,36.36,42.86,100.0,0.0,0.0,0.0,0.0,0.0,0.0,678391
FF,4-Seam Fastball,FB,7,30.43,1,0,0,0.0,1,100.0,0,0,,0.0,2,28.57,28.57,0.0,0.0,,,1.0,,,,678391
SI,Sinker,FB,3,13.04,1,1,0,0.0,0,0.0,2,0,0.0,0.0,0,0.0,0.0,0.0,0.0,,0.0,0.0,0.0,0.0,0.0,678391
CU,Curveball,BR,2,8.7,2,2,0,0.0,0,0.0,2,0,0.0,0.0,0,0.0,0.0,,0.0,,0.5,0.5,1.0,1.5,0.5,678391
FF,4-Seam Fastball,FB,74,38.14,17,14,4,23.53,1,5.88,35,6,17.14,8.11,13,17.57,25.68,26.32,45.95,11.76,0.071,0.118,0.143,0.261,0.072,678489
SL,Slider,BR,33,17.01,5,5,1,20.0,0,0.0,16,3,18.75,9.09,6,18.18,27.27,26.67,18.92,7.14,0.4,0.4,1.0,1.4,0.6,678489
SI,Sinker,FB,25,12.89,7,6,1,14.29,1,14.29,11,2,18.18,8.0,9,36.0,44.0,14.29,4.05,33.33,0.167,0.286,0.333,0.619,0.166,678489
CH,Changeup,OS,24,12.37,5,5,2,40.0,0,0.0,14,5,35.71,20.83,2,8.33,29.17,38.46,9.46,28.57,0.0,0.0,0.0,0.0,0.0,678489
FC,Cutter,FB,14,7.22,5,5,1,20.0,0,0.0,12,4,33.33,28.57,1,7.14,35.71,80.0,4.05,33.33,0.2,0.2,0.2,0.4,0.0,678489
ST,Sweeper,BR,9,4.64,3,2,1,33.33,0,0.0,2,1,50.0,11.11,2,22.22,33.33,20.0,6.76,20.0,0.5,0.667,0.5,1.167,0.0,678489
CU,Curveball,BR,6,3.09,1,1,0,0.0,0,0.0,3,0,0.0,0.0,1,16.67,16.67,50.0,4.05,0.0,0.0,0.0,0.0,0.0,0.0,678489
KC,Knuckle Curve,BR,4,2.06,0,0,0,,0,,3,0,0.0,0.0,0,0.0,0.0,0.0,5.41,0.0,,,,,,678489
FS,Split-Finger,OS,3,1.55,0,0,0,,0,,1,1,100.0,33.33,0,0.0,33.33,33.33,0.0,,,,,,,678489
SV,Slurve,BR,1,0.52,1,1,1,100.0,0,0.0,1,1,100.0,100.0,0,0.0,100.0,,1.35,100.0,0.0,0.0,0.0,0.0,0.0,678489
,,,1,0.52,0,0,0,,0,,0,0,,0.0,0,0.0,0.0,,0.0,,,,,,,678489
FF,4-Seam Fastball,FB,155,32.29,41,34,5,12.2,7,17.07,78,13,16.67,8.39,19,12.26,20.65,20.9,32.17,10.87,0.265,0.39,0.294,0.6839999999999999,0.0289999999999999,678554
SI,Sinker,FB,73,15.21,18,16,5,27.78,1,5.56,37,6,16.22,8.22,16,21.92,30.14,18.75,13.99,25.0,0.188,0.278,0.188,0.466,0.0,678554
CH,Changeup,OS,68,14.17,24,24,3,12.5,0,0.0,36,6,16.67,8.82,7,10.29,19.12,40.0,13.99,15.0,0.125,0.125,0.167,0.292,0.042,678554
SL,Slider,BR,66,13.75,17,13,5,29.41,1,5.88,29,7,24.14,10.61,11,16.67,27.27,21.88,16.08,21.74,0.077,0.235,0.077,0.312,0.0,678554
FC,Cutter,FB,41,8.54,10,10,0,0.0,0,0.0,21,2,9.52,4.88,8,19.51,24.39,29.41,8.39,0.0,0.6,0.6,1.1,1.7000000000000002,0.5000000000000001,678554
CU,Curveball,BR,37,7.71,6,6,1,16.67,0,0.0,8,1,12.5,2.7,10,27.03,29.73,13.04,4.2,16.67,0.0,0.0,0.0,0.0,0.0,678554
ST,Sweeper,BR,30,6.25,9,8,3,33.33,0,0.0,14,4,28.57,13.33,4,13.33,26.67,33.33,8.39,25.0,0.125,0.222,0.125,0.347,0.0,678554
FS,Split-Finger,OS,6,1.25,0,0,0,,0,,0,0,,0.0,1,16.67,16.67,0.0,2.1,0.0,,,,,,678554
KC,Knuckle Curve,BR,3,0.62,1,1,1,100.0,0,0.0,1,1,100.0,33.33,0,0.0,33.33,33.33,0.7,100.0,0.0,0.0,0.0,0.0,0.0,678554
SV,Slurve,BR,1,0.21,0,0,0,,0,,0,0,,0.0,0,0.0,0.0,0.0,0.0,,,,,,,678554
FF,4-Seam Fastball,FB,146,40.22,32,27,9,28.12,5,15.62,86,24,27.91,16.44,10,6.85,23.29,26.09,40.3,16.67,0.185,0.312,0.222,0.534,0.037,678662
CH,Changeup,OS,58,15.98,15,14,5,33.33,1,6.67,35,14,40.0,24.14,6,10.34,34.48,56.76,12.69,29.41,0.286,0.333,0.357,0.69,0.071,678662
SI,Sinker,FB,47,12.95,8,7,1,12.5,1,12.5,22,3,13.64,6.38,3,6.38,12.77,13.64,8.21,9.09,0.143,0.25,0.143,0.393,0.0,678662
CU,Curveball,BR,38,10.47,10,8,3,30.0,2,20.0,19,7,36.84,18.42,5,13.16,31.58,37.5,15.67,14.29,0.125,0.3,0.125,0.425,0.0,678662
SL,Slider,BR,36,9.92,13,12,4,30.77,0,0.0,24,7,29.17,19.44,2,5.56,25.0,44.44,12.69,23.53,0.583,0.583,1.25,1.833,0.667,678662
FC,Cutter,FB,20,5.51,7,7,1,14.29,0,0.0,15,4,26.67,20.0,2,10.0,30.0,50.0,2.99,25.0,0.429,0.429,0.429,0.858,0.0,678662
ST,Sweeper,BR,17,4.68,5,5,2,40.0,0,0.0,12,5,41.67,29.41,2,11.76,41.18,72.73,7.46,20.0,0.2,0.2,0.2,0.4,0.0,678662
KC,Knuckle Curve,BR,1,0.28,0,0,0,,0,,1,1,100.0,100.0,0,0.0,100.0,100.0,0.0,,,,,,,678662
FF,4-Seam Fastball,FB,107,34.52,31,29,12,38.71,1,3.23,66,21,31.82,19.63,11,10.28,29.91,39.22,41.67,30.0,0.138,0.161,0.241,0.402,0.1029999999999999,678877
CH,Changeup,OS,64,20.65,22,22,9,40.91,0,0.0,50,26,52.0,40.62,2,3.12,43.75,67.57,18.75,50.0,0.182,0.182,0.364,0.546,0.182,678877
FC,Cutter,FB,36,11.61,5,5,0,0.0,0,0.0,19,3,15.79,8.33,4,11.11,19.44,37.5,11.46,0.0,0.2,0.2,0.2,0.4,0.0,678877
CU,Curveball,BR,32,10.32,8,7,5,62.5,1,12.5,15,9,60.0,28.12,7,21.88,50.0,52.38,11.46,45.45,0.0,0.125,0.0,0.125,0.0,678877
SL,Slider,BR,30,9.68,9,9,4,44.44,0,0.0,22,6,27.27,20.0,2,6.67,26.67,75.0,9.38,44.44,0.111,0.111,0.111,0.222,0.0,678877
SI,Sinker,FB,17,5.48,8,8,1,12.5,0,0.0,11,3,27.27,17.65,4,23.53,41.18,40.0,2.08,50.0,0.625,0.625,1.375,2.0,0.75,678877
ST,Sweeper,BR,13,4.19,2,2,1,50.0,0,0.0,7,2,28.57,15.38,1,7.69,23.08,50.0,3.12,33.33,0.0,0.0,0.0,0.0,0.0,678877
FS,Split-Finger,OS,6,1.94,1,1,0,0.0,0,0.0,4,1,25.0,16.67,0,0.0,16.67,50.0,0.0,,0.0,0.0,0.0,0.0,0.0,678877
KC,Knuckle Curve,BR,4,1.29,0,0,0,,0,,1,0,0.0,0.0,2,50.0,50.0,50.0,2.08,0.0,,,,,,678877
KN,Knuckleball,,1,0.32,0,0,0,,0,,0,0,,0.0,0,0.0,0.0,0.0,0.0,,,,,,,678877
FF,4-Seam Fastball,FB,193,31.08,47,40,12,25.53,4,8.51,108,24,22.22,12.44,27,13.99,26.42,29.63,32.67,18.18,0.225,0.319,0.5,0.819,0.275,678882
CH,Changeup,OS,119,19.16,35,33,5,14.29,2,5.71,64,20,31.25,16.81,8,6.72,23.53,38.36,17.33,14.29,0.273,0.314,0.576,0.8899999999999999,0.3029999999999999,678882
SL,Slider,BR,97,15.62,27,26,9,33.33,0,0.0,66,27,40.91,27.84,7,7.22,35.05,45.65,20.3,21.95,0.192,0.185,0.462,0.647,0.27,678882
CU,Curveball,BR,65,10.47,13,13,1,7.69,0,0.0,49,18,36.73,27.69,4,6.15,33.85,65.71,11.88,4.17,0.462,0.462,0.538,1.0,0.076,678882
SI,Sinker,FB,60,9.66,16,15,1,6.25,1,6.25,28,4,14.29,6.67,8,13.33,20.0,16.0,6.93,7.14,0.2,0.25,0.2,0.45,0.0,678882
FC,Cutter,FB,37,5.96,10,9,1,10.0,0,0.0,23,6,26.09,16.22,3,8.11,24.32,41.18,2.97,16.67,0.111,0.2,0.111,0.311,0.0,678882
ST,Sweeper,BR,28,4.51,8,8,3,37.5,0,0.0,15,6,40.0,21.43,2,7.14,28.57,25.0,5.45,27.27,0.0,0.0,0.0,0.0,0.0,678882
KC,Knuckle Curve,BR,13,2.09,4,3,1,25.0,0,0.0,6,3,50.0,23.08,2,15.38,38.46,33.33,0.99,50.0,0.0,0.0,0.0,0.0,0.0,678882
FS,Split-Finger,OS,7,1.13,3,3,0,0.0,0,0.0,6,2,33.33,28.57,0,0.0,28.57,75.0,1.49,0.0,0.0,0.0,0.0,0.0,0.0,678882
SV,Slurve,BR,2,0.32,0,0,0,,0,,1,0,0.0,0.0,0,0.0,0.0,50.0,0.0,,,,,,,678882
FF,4-Seam Fastball,FB,42,30.88,14,13,4,28.57,1,7.14,21,5,23.81,11.9,8,19.05,30.95,30.0,20.0,50.0,0.231,0.286,0.462,0.748,0.231,678894
CH,Changeup,OS,27,19.85,4,3,1,25.0,1,25.0,7,3,42.86,11.11,3,11.11,22.22,11.11,22.5,11.11,0.333,0.5,0.333,0.833,0.0,678894
SI,Sinker,FB,24,17.65,7,7,2,28.57,0,0.0,12,5,41.67,20.83,7,29.17,50.0,42.86,20.0,25.0,0.143,0.143,0.143,0.286,0.0,678894
KC,Knuckle Curve,BR,11,8.09,4,2,1,25.0,2,50.0,4,3,75.0,27.27,0,0.0,27.27,33.33,15.0,16.67,0.5,0.75,2.0,2.75,1.5,678894
SL,Slider,BR,9,6.62,3,2,2,66.67,0,0.0,3,1,33.33,11.11,1,11.11,22.22,16.67,7.5,66.67,0.0,0.333,0.0,0.333,0.0,678894
CU,Curveball,BR,7,5.15,0,0,0,,0,,2,2,100.0,28.57,1,14.29,42.86,20.0,7.5,0.0,,,,,,678894
FC,Cutter,FB,7,5.15,0,0,0,,0,,2,0,0.0,0.0,1,14.29,14.29,20.0,0.0,,,,,,,678894
FS,Split-Finger,OS,5,3.68,1,1,1,100.0,0,0.0,2,2,100.0,40.0,1,20.0,60.0,50.0,5.0,50.0,0.0,0.0,0.0,0.0,0.0,678894
ST,Sweeper,BR,3,2.21,0,0,0,,0,,0,0,,0.0,0,0.0,0.0,0.0,0.0,,,,,,,678894
,,,1,0.74,0,0,0,,0,,0,0,,0.0,0,0.0,0.0,,2.5,0.0,,,,,,678894
FF,4-Seam Fastball,FB,103,37.05,23,20,6,26.09,2,8.7,51,8,15.69,7.77,24,23.3,31.07,36.36,36.36,18.75,0.25,0.318,0.3,0.618,0.0499999999999999,679032
CH,Changeup,OS,47,16.91,17,17,5,29.41,0,0.0,29,9,31.03,19.15,4,8.51,27.66,50.0,15.91,35.71,0.118,0.118,0.294,0.412,0.176,679032
SL,Slider,BR,34,12.23,8,7,2,25.0,1,12.5,15,3,20.0,8.82,4,11.76,20.59,33.33,13.64,16.67,0.0,0.125,0.0,0.125,0.0,679032
SI,Sinker,FB,33,11.87,12,9,1,8.33,2,16.67,15,2,13.33,6.06,5,15.15,21.21,20.0,4.55,25.0,0.444,0.545,0.667,1.2120000000000002,0.223,679032
CU,Curveball,BR,18,6.47,2,2,0,0.0,0,0.0,6,1,16.67,5.56,5,27.78,33.33,12.5,9.09,0.0,0.0,0.0,0.0,0.0,0.0,679032
FC,Cutter,FB,13,4.68,3,3,0,0.0,0,0.0,6,1,16.67,7.69,2,15.38,23.08,14.29,2.27,0.0,0.333,0.333,0.333,0.666,0.0,679032
KC,Knuckle Curve,BR,12,4.32,4,3,0,0.0,1,25.0,7,2,28.57,16.67,1,8.33,25.0,50.0,7.95,0.0,0.333,0.5,0.333,0.833,0.0,679032
ST,Sweeper,BR,9,3.24,3,3,1,33.33,0,0.0,4,0,0.0,0.0,1,11.11,11.11,33.33,7.95,14.29,0.333,0.333,0.333,0.666,0.0,679032
FS,Split-Finger,OS,3,1.08,1,1,0,0.0,0,0.0,2,0,0.0,0.0,0,0.0,0.0,50.0,0.0,,0.0,0.0,0.0,0.0,0.0,679032
EP,Eephus,,2,0.72,0,0,0,,0,,1,1,100.0,50.0,0,0.0,50.0,50.0,0.0,,,,,,,679032
FA,Other,,1,0.36,1,1,0,0.0,0,0.0,1,0,0.0,0.0,0,0.0,0.0,100.0,0.0,,1.0,1.0,1.0,2.0,0.0,679032
CS,Slow Curve,BR,1,0.36,0,0,0,,0,,1,0,0.0,0.0,0,0.0,0.0,,1.14,0.0,,,,,,679032
KN,Knuckleball,,1,0.36,0,0,0,,0,,0,0,,0.0,0,0.0,0.0,0.0,0.0,,,,,,,679032
SV,Slurve,BR,1,0.36,1,1,0,0.0,0,0.0,1,0,0.0,0.0,0,0.0,0.0,,1.14,0.0,0.0,0.0,0.0,0.0,0.0,679032
FF,4-Seam Fastball,FB,192,24.3,45,35,8,17.78,9,20.0,89,18,20.22,9.38,26,13.54,22.92,18.39,25.3,12.5,0.314,0.444,0.743,1.187,0.429,679529
CH,Changeup,OS,167,21.14,38,32,7,18.42,5,13.16,78,25,32.05,14.97,15,8.98,23.95,28.16,22.53,12.28,0.25,0.342,0.5,0.8420000000000001,0.25,679529
SI,Sinker,FB,107,13.54,31,28,2,6.45,2,6.45,48,3,6.25,2.8,25,23.36,26.17,12.2,11.07,7.14,0.393,0.419,0.679,1.098,0.286,679529
SL,Slider,BR,94,11.9,23,21,9,39.13,2,8.7,40,16,40.0,17.02,20,21.28,38.3,32.69,12.25,29.03,0.19,0.261,0.381,0.642,0.191,679529
FC,Cutter,FB,65,8.23,14,12,4,28.57,2,14.29,30,9,30.0,13.85,12,18.46,32.31,29.41,7.91,20.0,0.167,0.286,0.167,0.4529999999999999,0.0,679529
CU,Curveball,BR,62,7.85,15,13,8,53.33,2,13.33,21,8,38.1,12.9,14,22.58,35.48,29.41,8.7,36.36,0.231,0.333,0.308,0.641,0.0769999999999999,679529
ST,Sweeper,BR,41,5.19,10,10,3,30.0,0,0.0,16,3,18.75,7.32,9,21.95,29.27,21.74,6.32,18.75,0.2,0.2,0.5,0.7,0.3,679529
,,,21,2.66,6,0,0,0.0,6,100.0,0,0,,0.0,0,0.0,0.0,,0.0,,,1.0,,,,679529
FS,Split-Finger,OS,18,2.28,3,3,0,0.0,0,0.0,8,4,50.0,22.22,2,11.11,33.33,23.08,3.16,0.0,0.0,0.0,0.0,0.0,0.0,679529
KC,Knuckle Curve,BR,11,1.39,2,2,0,0.0,0,0.0,3,0,0.0,0.0,3,27.27,27.27,14.29,1.19,0.0,0.5,0.5,1.0,1.5,0.5,679529
SV,Slurve,BR,10,1.27,3,3,1,33.33,0,0.0,5,1,20.0,10.0,1,10.0,20.0,20.0,1.58,25.0,0.0,0.0,0.0,0.0,0.0,679529
CS,Slow Curve,BR,2,0.25,0,0,0,,0,,0,0,,0.0,1,50.0,50.0,0.0,0.0,,,,,,,679529
CH,Changeup,OS,11,26.19,2,2,0,0.0,0,0.0,5,0,0.0,0.0,2,18.18,18.18,20.0,28.57,0.0,0.0,0.0,0.0,0.0,0.0,679822
FF,4-Seam Fastball,FB,11,26.19,4,4,3,75.0,0,0.0,8,2,25.0,18.18,2,18.18,36.36,0.0,42.86,50.0,0.0,0.0,0.0,0.0,0.0,679822
SI,Sinker,FB,10,23.81,1,1,0,0.0,0,0.0,3,0,0.0,0.0,3,30.0,30.0,0.0,7.14,0.0,0.0,0.0,0.0,0.0,0.0,679822
FC,Cutter,FB,7,16.67,1,1,0,0.0,0,0.0,2,0,0.0,0.0,2,28.57,28.57,0.0,14.29,0.0,0.0,0.0,0.0,0.0,0.0,679822
SL,Slider,BR,2,4.76,1,1,0,0.0,0,0.0,1,0,0.0,0.0,0,0.0,0.0,0.0,0.0,,1.0,1.0,2.0,3.0,1.0,679822
ST,Sweeper,BR,1,2.38,0,0,0,,0,,1,0,0.0,0.0,0,0.0,0.0,100.0,7.14,0.0,,,,,,679822
FF,4-Seam Fastball,FB,74,26.81,22,19,2,9.09,2,9.09,34,2,5.88,2.7,12,16.22,18.92,21.21,22.58,9.52,0.263,0.364,0.474,0.838,0.2109999999999999,679845
CH,Changeup,OS,58,21.01,12,12,1,8.33,0,0.0,31,11,35.48,18.97,3,5.17,24.14,26.67,25.81,4.17,0.167,0.167,0.25,0.417,0.0829999999999999,679845
SI,Sinker,FB,41,14.86,11,9,3,27.27,2,18.18,16,4,25.0,9.76,8,19.51,29.27,10.53,15.05,21.43,0.111,0.273,0.111,0.384,0.0,679845
SL,Slider,BR,33,11.96,6,5,1,16.67,0,0.0,15,5,33.33,15.15,3,9.09,24.24,29.41,12.9,8.33,0.2,0.333,0.8,1.133,0.6000000000000001,679845
FC,Cutter,FB,27,9.78,6,5,0,0.0,1,16.67,11,1,9.09,3.7,5,18.52,22.22,21.43,7.53,0.0,0.0,0.167,0.0,0.167,0.0,679845
ST,Sweeper,BR,18,6.52,6,6,4,66.67,0,0.0,11,5,45.45,27.78,3,16.67,44.44,60.0,8.6,50.0,0.333,0.333,0.333,0.666,0.0,679845
CU,Curveball,BR,12,4.35,1,1,0,0.0,0,0.0,3,1,33.33,8.33,5,41.67,50.0,25.0,3.23,0.0,1.0,1.0,1.0,2.0,0.0,679845
FS,Split-Finger,OS,10,3.62,3,3,0,0.0,0,0.0,7,0,0.0,0.0,0,0.0,0.0,50.0,3.23,0.0,0.0,0.0,0.0,0.0,0.0,679845
KC,Knuckle Curve,BR,2,0.72,1,1,0,0.0,0,0.0,1,0,0.0,0.0,1,50.0,50.0,,1.08,0.0,0.0,0.0,0.0,0.0,0.0,679845
CS,Slow Curve,BR,1,0.36,0,0,0,,0,,0,0,,0.0,1,100.0,100.0,,0.0,,,,,,,679845
CH,Changeup,OS,8,34.78,2,2,1,50.0,0,0.0,5,3,60.0,37.5,1,12.5,50.0,33.33,20.0,50.0,0.0,0.0,0.0,0.0,0.0,680118
FF,4-Seam Fastball,FB,7,30.43,2,2,1,50.0,0,0.0,2,1,50.0,14.29,1,14.29,28.57,20.0,50.0,20.0,0.0,0.0,0.0,0.0,0.0,680118
CU,Curveball,BR,2,8.7,0,0,0,,0,,1,0,0.0,0.0,1,50.0,50.0,,0.0,,,,,,,680118
FC,Cutter,FB,2,8.7,1,1,0,0.0,0,0.0,1,0,0.0,0.0,0,0.0,0.0,0.0,10.0,0.0,1.0,1.0,2.0,3.0,1.0,680118
SI,Sinker,FB,2,8.7,0,0,0,,0,,1,0,0.0,0.0,1,50.0,50.0,,0.0,,,,,,,680118
SL,Slider,BR,2,8.7,0,0,0,,0,,1,0,0.0,0.0,0,0.0,0.0,0.0,20.0,0.0,,,,,,680118
FF,4-Seam Fastball,FB,88,35.48,23,18,5,21.74,4,17.39,51,15,29.41,17.05,14,15.91,32.95,20.0,38.89,17.86,0.222,0.364,0.333,0.6970000000000001,0.111,680474
CH,Changeup,OS,38,15.32,12,12,1,8.33,0,0.0,21,4,19.05,10.53,1,2.63,13.16,33.33,12.5,11.11,0.167,0.167,0.167,0.334,0.0,680474
SL,Slider,BR,37,14.92,9,9,1,11.11,0,0.0,19,3,15.79,8.11,4,10.81,18.92,16.67,19.44,7.14,0.111,0.111,0.111,0.222,0.0,680474
SI,Sinker,FB,35,14.11,10,8,0,0.0,2,20.0,15,3,20.0,8.57,6,17.14,25.71,11.76,13.89,0.0,0.125,0.3,0.125,0.425,0.0,680474
FC,Cutter,FB,24,9.68,6,5,0,0.0,1,16.67,11,2,18.18,8.33,3,12.5,20.83,23.08,5.56,0.0,0.2,0.333,0.2,0.533,0.0,680474
CU,Curveball,BR,18,7.26,3,3,0,0.0,0,0.0,4,0,0.0,0.0,1,5.56,5.56,0.0,6.94,0.0,0.0,0.0,0.0,0.0,0.0,680474
ST,Sweeper,BR,7,2.82,2,1,0,0.0,0,0.0,3,1,33.33,14.29,0,0.0,14.29,0.0,2.78,0.0,0.0,0.5,0.0,0.5,0.0,680474
FS,Split-Finger,OS,1,0.4,0,0,0,,0,,0,0,,0.0,0,0.0,0.0,0.0,0.0,,,,,,,680474
FF,4-Seam Fastball,FB,170,30.8,42,35,17,40.48,7,16.67,81,25,30.86,14.71,29,17.06,31.76,28.41,30.95,32.69,0.171,0.31,0.486,0.796,0.3149999999999999,680574
SI,Sinker,FB,81,14.67,14,8,3,21.43,6,42.86,23,3,13.04,3.7,24,29.63,33.33,13.51,10.12,17.65,0.25,0.571,0.25,0.821,0.0,680574
SL,Slider,BR,81,14.67,21,19,3,14.29,1,4.76,36,7,19.44,8.64,13,16.05,24.69,24.44,14.88,12.0,0.263,0.333,0.263,0.5960000000000001,0.0,680574
CH,Changeup,OS,69,12.5,17,17,5,29.41,0,0.0,30,11,36.67,15.94,9,13.04,28.99,26.83,11.31,26.32,0.353,0.353,0.412,0.7649999999999999,0.059,680574
CU,Curveball,BR,44,7.97,14,14,3,21.43,0,0.0,19,6,31.58,13.64,12,27.27,40.91,26.32,11.9,15.0,0.357,0.357,0.429,0.786,0.072,680574
FC,Cutter,FB,41,7.43,5,4,1,20.0,1,20.0,16,5,31.25,12.2,6,14.63,26.83,14.29,2.98,20.0,0.25,0.4,0.5,0.9,0.25,680574
ST,Sweeper,BR,31,5.62,9,8,3,33.33,1,11.11,11,3,27.27,9.68,8,25.81,35.48,13.33,6.55,27.27,0.125,0.222,0.125,0.347,0.0,680574
FS,Split-Finger,OS,23,4.17,4,4,2,50.0,0,0.0,14,3,21.43,13.04,2,8.7,21.74,33.33,7.74,15.38,0.0,0.0,0.0,0.0,0.0,680574
SV,Slurve,BR,7,1.27,2,2,1,50.0,0,0.0,4,2,50.0,28.57,2,28.57,57.14,66.67,1.79,33.33,0.0,0.0,0.0,0.0,0.0,680574
KC,Knuckle Curve,BR,3,0.54,2,2,1,50.0,0,0.0,3,1,33.33,33.33,0,0.0,33.33,100.0,1.19,50.0,0.0,0.0,0.0,0.0,0.0,680574
,,,2,0.36,1,1,1,100.0,0,0.0,0,0,,0.0,0,0.0,0.0,,0.6,100.0,0.0,0.0,0.0,0.0,0.0,680574
FF,4-Seam Fastball,FB,23,25.27,6,5,5,83.33,0,0.0,14,6,42.86,26.09,4,17.39,43.48,44.44,29.27,41.67,0.0,0.0,0.0,0.0,0.0,680577
SI,Sinker,FB,21,23.08,3,3,1,33.33,0,0.0,13,4,30.77,19.05,4,19.05,38.1,60.0,12.2,20.0,0.333,0.333,0.333,0.666,0.0,680577
SL,Slider,BR,18,19.78,3,3,2,66.67,0,0.0,9,6,66.67,33.33,2,11.11,44.44,40.0,19.51,25.0,0.0,0.0,0.0,0.0,0.0,680577
ST,Sweeper,BR,6,6.59,2,2,2,100.0,0,0.0,0,0,,0.0,3,50.0,50.0,0.0,7.32,66.67,0.0,0.0,0.0,0.0,0.0,680577
FC,Cutter,FB,5,5.49,1,1,0,0.0,0,0.0,3,0,0.0,0.0,1,20.0,20.0,33.33,4.88,0.0,0.0,0.0,0.0,0.0,0.0,680577
CH,Changeup,OS,5,5.49,1,1,1,100.0,0,0.0,1,1,100.0,20.0,0,0.0,20.0,20.0,12.2,20.0,0.0,0.0,0.0,0.0,0.0,680577
CU,Curveball,BR,5,5.49,2,2,1,50.0,0,0.0,2,0,0.0,0.0,1,20.0,20.0,0.0,9.76,25.0,0.0,0.0,0.0,0.0,0.0,680577
FA,Other,,4,4.4,1,0,0,0.0,1,100.0,1,0,0.0,0.0,0,0.0,0.0,0.0,0.0,,,1.0,,,,680577
KC,Knuckle Curve,BR,2,2.2,0,0,0,,0,,1,0,0.0,0.0,0,0.0,0.0,0.0,2.44,0.0,,,,,,680577
EP,Eephus,,1,1.1,0,0,0,,0,,0,0,,0.0,0,0.0,0.0,0.0,0.0,,,,,,,680577
SV,Slurve,BR,1,1.1,0,0,0,,0,,0,0,,0.0,0,0.0,0.0,0.0,2.44,0.0,,,,,,680577
FF,4-Seam Fastball,FB,28,36.36,8,7,1,12.5,1,12.5,13,3,23.08,10.71,5,17.86,28.57,23.08,23.81,20.0,0.0,0.125,0.0,0.125,0.0,680700
SI,Sinker,FB,19,24.68,1,1,1,100.0,0,0.0,7,3,42.86,15.79,4,21.05,36.84,12.5,9.52,50.0,0.0,0.0,0.0,0.0,0.0,680700
SL,Slider,BR,10,12.99,1,0,0,0.0,1,100.0,2,1,50.0,10.0,1,10.0,20.0,0.0,23.81,0.0,,1.0,,,,680700
CU,Curveball,BR,6,7.79,2,1,0,0.0,0,0.0,5,1,20.0,16.67,0,0.0,16.67,66.67,14.29,0.0,1.0,0.5,1.0,1.5,0.0,680700
ST,Sweeper,BR,6,7.79,3,3,0,0.0,0,0.0,3,0,0.0,0.0,0,0.0,0.0,25.0,14.29,0.0,0.667,0.667,0.667,1.334,0.0,680700
FC,Cutter,FB,5,6.49,3,2,0,0.0,1,33.33,2,0,0.0,0.0,0,0.0,0.0,0.0,0.0,,0.5,0.667,0.5,1.167,0.0,680700
CH,Changeup,OS,3,3.9,1,1,0,0.0,0,0.0,1,0,0.0,0.0,0,0.0,0.0,0.0,14.29,0.0,0.0,0.0,0.0,0.0,0.0,680700
SI,Sinker,FB,3,27.27,1,0,0,0.0,1,100.0,0,0,,0.0,2,66.67,66.67,0.0,33.33,0.0,,1.0,,,,680716
CH,Changeup,OS,2,18.18,1,1,0,0.0,0,0.0,1,0,0.0,0.0,0,0.0,0.0,50.0,0.0,,1.0,1.0,1.0,2.0,0.0,680716
ST,Sweeper,BR,2,18.18,0,0,0,,0,,0,0,,0.0,0,0.0,0.0,0.0,33.33,0.0,,,,,,680716
FF,4-Seam Fastball,FB,2,18.18,0,0,0,,0,,1,0,0.0,0.0,0,0.0,0.0,0.0,33.33,0.0,,,,,,680716
CU,Curveball,BR,1,9.09,0,0,0,,0,,0,0,,0.0,0,0.0,0.0,0.0,0.0,,,,,,,680716
FC,Cutter,FB,1,9.09,1,1,0,0.0,0,0.0,1,0,0.0,0.0,0,0.0,0.0,100.0,0.0,,0.0,0.0,0.0,0.0,0.0,680716
SI,Sinker,FB,100,30.67,24,23,7,29.17,1,4.17,42,7,16.67,7.0,35,35.0,42.0,45.0,17.35,41.18,0.217,0.25,0.217,0.4669999999999999,0.0,680718
FF,4-Seam Fastball,FB,87,26.69,19,14,4,21.05,5,26.32,34,7,20.59,8.05,26,29.89,37.93,18.75,30.61,13.33,0.357,0.526,0.571,1.097,0.2139999999999999,680718
SL,Slider,BR,58,17.79,17,17,4,23.53,0,0.0,28,11,39.29,18.97,4,6.9,25.86,30.3,20.41,20.0,0.235,0.235,0.353,0.588,0.118,680718
ST,Sweeper,BR,33,10.12,7,7,3,42.86,0,0.0,12,4,33.33,12.12,6,18.18,30.3,21.74,8.16,37.5,0.0,0.0,0.0,0.0,0.0,680718
CU,Curveball,BR,18,5.52,7,7,2,28.57,0,0.0,12,4,33.33,22.22,0,0.0,22.22,33.33,10.2,20.0,0.286,0.286,0.286,0.572,0.0,680718
FC,Cutter,FB,17,5.21,7,7,3,42.86,0,0.0,11,4,36.36,23.53,1,5.88,29.41,37.5,6.12,50.0,0.286,0.286,1.0,1.286,0.714,680718
CH,Changeup,OS,11,3.37,6,6,3,50.0,0,0.0,8,4,50.0,36.36,0,0.0,36.36,25.0,6.12,50.0,0.0,0.0,0.0,0.0,0.0,680718
EP,Eephus,,1,0.31,1,1,0,0.0,0,0.0,1,0,0.0,0.0,0,0.0,0.0,,0.0,,0.0,0.0,0.0,0.0,0.0,680718
SV,Slurve,BR,1,0.31,1,1,1,100.0,0,0.0,1,1,100.0,100.0,0,0.0,100.0,,1.02,100.0,0.0,0.0,0.0,0.0,0.0,680718
SL,Slider,BR,13,33.33,2,1,1,50.0,0,0.0,7,5,71.43,38.46,2,15.38,53.85,42.86,35.71,20.0,0.0,0.0,0.0,0.0,0.0,680728
SI,Sinker,FB,9,23.08,1,1,1,100.0,0,0.0,0,0,,0.0,5,55.56,55.56,0.0,7.14,100.0,0.0,0.0,0.0,0.0,0.0,680728
FF,4-Seam Fastball,FB,8,20.51,3,2,1,33.33,1,33.33,4,1,25.0,12.5,2,25.0,37.5,0.0,35.71,20.0,0.0,0.333,0.0,0.333,0.0,680728
FC,Cutter,FB,3,7.69,1,1,1,100.0,0,0.0,1,0,0.0,0.0,1,33.33,33.33,50.0,7.14,100.0,0.0,0.0,0.0,0.0,0.0,680728
ST,Sweeper,BR,3,7.69,2,2,0,0.0,0,0.0,3,0,0.0,0.0,0,0.0,0.0,100.0,7.14,0.0,0.0,0.0,0.0,0.0,0.0,680728
CU,Curveball,BR,2,5.13,0,0,0,,0,,1,0,0.0,0.0,1,50.0,50.0,100.0,7.14,0.0,,,,,,680728
CH,Changeup,OS,1,2.56,0,0,0,,0,,1,0,0.0,0.0,0,0.0,0.0,100.0,0.0,,,,,,,680728
FF,4-Seam Fastball,FB,68,36.76,21,19,4,19.05,1,4.76,44,12,27.27,17.65,8,11.76,29.41,38.1,38.46,16.0,0.158,0.2,0.368,0.5680000000000001,0.21,680737
CH,Changeup,OS,39,21.08,7,7,3,42.86,0,0.0,26,13,50.0,33.33,2,5.13,38.46,45.0,24.62,18.75,0.143,0.143,0.143,0.286,0.0,680737
SI,Sinker,FB,21,11.35,9,8,1,11.11,1,11.11,13,3,23.08,14.29,2,9.52,23.81,37.5,4.62,33.33,0.25,0.333,0.75,1.083,0.5,680737
SL,Slider,BR,19,10.27,8,7,2,25.0,0,0.0,10,3,30.0,15.79,3,15.79,31.58,44.44,9.23,33.33,0.143,0.25,0.571,0.821,0.4279999999999999,680737
CU,Curveball,BR,18,9.73,3,3,1,33.33,0,0.0,8,2,25.0,11.11,3,16.67,27.78,41.67,13.85,11.11,0.333,0.333,0.333,0.666,0.0,680737
FC,Cutter,FB,11,5.95,2,2,0,0.0,0,0.0,8,3,37.5,27.27,0,0.0,27.27,50.0,3.08,0.0,0.0,0.0,0.0,0.0,0.0,680737
ST,Sweeper,BR,9,4.86,0,0,0,,0,,2,0,0.0,0.0,2,22.22,22.22,0.0,6.15,0.0,,,,,,680737
FF,4-Seam Fastball,FB,256,30.15,64,54,1,1.56,6,9.38,114,5,4.39,1.95,62,24.22,26.17,23.85,22.94,2.0,0.222,0.306,0.259,0.565,0.037,680757
SI,Sinker,FB,222,26.15,74,66,9,12.16,6,8.11,92,4,4.35,1.8,65,29.28,31.08,25.0,22.94,18.0,0.333,0.397,0.394,0.791,0.061,680757
SL,Slider,BR,137,16.14,31,29,4,12.9,1,3.23,59,10,16.95,7.3,20,14.6,21.9,23.68,18.81,9.76,0.31,0.323,0.345,0.6679999999999999,0.0349999999999999,680757
ST,Sweeper,BR,86,10.13,19,18,5,26.32,0,0.0,31,7,22.58,8.14,12,13.95,22.09,17.65,14.68,15.62,0.111,0.105,0.111,0.216,0.0,680757
FC,Cutter,FB,66,7.77,16,15,0,0.0,1,6.25,30,2,6.67,3.03,12,18.18,21.21,11.54,4.13,0.0,0.133,0.188,0.133,0.321,0.0,680757
CH,Changeup,OS,35,4.12,10,10,0,0.0,0,0.0,20,0,0.0,0.0,5,14.29,14.29,10.0,9.17,0.0,0.1,0.1,0.1,0.2,0.0,680757
CU,Curveball,BR,31,3.65,6,6,0,0.0,0,0.0,12,0,0.0,0.0,5,16.13,16.13,17.65,5.5,0.0,0.167,0.167,0.167,0.334,0.0,680757
KC,Knuckle Curve,BR,9,1.06,3,3,0,0.0,0,0.0,4,0,0.0,0.0,3,33.33,33.33,66.67,1.38,0.0,0.333,0.333,0.333,0.666,0.0,680757
,,,4,0.47,1,0,0,0.0,1,100.0,0,0,,0.0,0,0.0,0.0,,0.0,,,1.0,,,,680757
SV,Slurve,BR,2,0.24,1,1,1,100.0,0,0.0,1,1,100.0,50.0,1,50.0,100.0,,0.46,100.0,0.0,0.0,0.0,0.0,0.0,680757
FS,Split-Finger,OS,1,0.12,1,1,0,0.0,0,0.0,1,0,0.0,0.0,0,0.0,0.0,,0.0,,0.0,0.0,0.0,0.0,0.0,680757
FC,Cutter,FB,5,100.0,1,1,1,100.0,0,0.0,2,2,100.0,40.0,1,20.0,60.0,0.0,100.0,100.0,0.0,0.0,0.0,0.0,0.0,680769
FF,4-Seam Fastball,FB,239,30.29,63,55,20,31.75,7,11.11,109,31,28.44,12.97,56,23.43,36.4,24.73,32.1,25.64,0.218,0.317,0.327,0.644,0.109,680776
SL,Slider,BR,192,24.33,48,48,18,37.5,0,0.0,104,41,39.42,21.35,24,12.5,33.85,40.0,27.16,27.27,0.188,0.188,0.354,0.542,0.1659999999999999,680776
SI,Sinker,FB,160,20.28,38,35,5,13.16,3,7.89,69,17,24.64,10.62,44,27.5,38.12,34.29,10.7,19.23,0.229,0.289,0.371,0.6599999999999999,0.142,680776
ST,Sweeper,BR,75,9.51,22,22,8,36.36,0,0.0,42,16,38.1,21.33,5,6.67,28.0,38.64,10.29,32.0,0.182,0.182,0.409,0.591,0.2269999999999999,680776
FC,Cutter,FB,44,5.58,16,15,3,18.75,0,0.0,26,9,34.62,20.45,5,11.36,31.82,41.67,5.35,23.08,0.333,0.312,0.4,0.712,0.067,680776
CU,Curveball,BR,44,5.58,12,11,1,8.33,0,0.0,19,5,26.32,11.36,4,9.09,20.45,27.59,8.23,5.0,0.182,0.25,0.182,0.432,0.0,680776
CH,Changeup,OS,20,2.53,4,3,1,25.0,0,0.0,11,2,18.18,10.0,5,25.0,35.0,58.33,3.29,12.5,0.0,0.0,0.0,0.0,0.0,680776
KC,Knuckle Curve,BR,11,1.39,4,4,1,25.0,0,0.0,5,1,20.0,9.09,1,9.09,18.18,28.57,2.47,16.67,0.25,0.25,0.25,0.5,0.0,680776
SV,Slurve,BR,2,0.25,1,1,0,0.0,0,0.0,2,1,50.0,50.0,0,0.0,50.0,100.0,0.41,0.0,0.0,0.0,0.0,0.0,0.0,680776
FA,Other,,1,0.13,1,0,0,0.0,0,0.0,0,0,,0.0,0,0.0,0.0,0.0,0.0,,,1.0,,,,680776
,,,1,0.13,0,0,0,,0,,0,0,,0.0,0,0.0,0.0,,0.0,,,,,,,680776
FF,4-Seam Fastball,FB,179,28.73,43,34,8,18.6,9,20.93,69,9,13.04,5.03,40,22.35,27.37,21.84,30.99,15.09,0.324,0.465,0.382,0.847,0.0579999999999999,680777
CH,Changeup,OS,102,16.37,23,21,5,21.74,2,8.7,43,17,39.53,16.67,19,18.63,35.29,34.85,18.13,16.13,0.333,0.391,0.524,0.915,0.191,680777
SI,Sinker,FB,97,15.57,18,14,0,0.0,3,16.67,28,2,7.14,2.06,31,31.96,34.02,11.63,13.45,0.0,0.357,0.444,0.571,1.015,0.2139999999999999,680777
SL,Slider,BR,77,12.36,22,16,4,18.18,5,22.73,27,13,48.15,16.88,15,19.48,36.36,21.43,11.7,20.0,0.312,0.5,0.375,0.875,0.063,680777
FC,Cutter,FB,51,8.19,15,12,3,20.0,3,20.0,20,3,15.0,5.88,10,19.61,25.49,14.29,7.02,25.0,0.25,0.4,0.333,0.7330000000000001,0.083,680777
CU,Curveball,BR,44,7.06,7,5,0,0.0,2,28.57,9,1,11.11,2.27,10,22.73,25.0,11.11,3.51,0.0,0.2,0.429,0.2,0.629,0.0,680777
ST,Sweeper,BR,34,5.46,9,5,2,22.22,1,11.11,12,4,33.33,11.76,3,8.82,20.59,10.0,8.19,14.29,0.4,0.667,0.6,1.267,0.1999999999999999,680777
FS,Split-Finger,OS,14,2.25,2,2,0,0.0,0,0.0,4,1,25.0,7.14,2,14.29,21.43,0.0,1.75,0.0,0.5,0.5,0.5,1.0,0.0,680777
KC,Knuckle Curve,BR,12,1.93,3,2,1,33.33,0,0.0,2,1,50.0,8.33,3,25.0,33.33,11.11,3.51,16.67,0.0,0.333,0.0,0.333,0.0,680777
SV,Slurve,BR,7,1.12,1,1,0,0.0,0,0.0,2,0,0.0,0.0,1,14.29,14.29,0.0,1.17,0.0,0.0,0.0,0.0,0.0,0.0,680777
,,,6,0.96,2,0,0,0.0,2,100.0,0,0,,0.0,0,0.0,0.0,,0.58,0.0,,1.0,,,,680777
FF,4-Seam Fastball,FB,79,30.98,22,21,8,36.36,1,4.55,44,14,31.82,17.72,8,10.13,27.85,31.58,32.95,27.59,0.19,0.227,0.476,0.703,0.286,680779
CH,Changeup,OS,44,17.25,10,10,2,20.0,0,0.0,25,5,20.0,11.36,5,11.36,22.73,43.48,17.05,13.33,0.2,0.2,0.5,0.7,0.3,680779
SL,Slider,BR,38,14.9,8,5,0,0.0,3,37.5,22,8,36.36,21.05,3,7.89,28.95,35.29,13.64,0.0,0.0,0.375,0.0,0.375,0.0,680779
CU,Curveball,BR,30,11.76,9,8,2,22.22,1,11.11,15,3,20.0,10.0,1,3.33,13.33,22.22,17.05,13.33,0.125,0.222,0.125,0.347,0.0,680779
SI,Sinker,FB,30,11.76,6,6,2,33.33,0,0.0,14,3,21.43,10.0,5,16.67,26.67,20.0,7.95,28.57,0.0,0.0,0.0,0.0,0.0,680779
FC,Cutter,FB,21,8.24,4,4,0,0.0,0,0.0,14,2,14.29,9.52,1,4.76,14.29,28.57,2.27,0.0,0.0,0.0,0.0,0.0,0.0,680779
ST,Sweeper,BR,5,1.96,1,1,0,0.0,0,0.0,2,0,0.0,0.0,0,0.0,0.0,0.0,3.41,0.0,1.0,1.0,1.0,2.0,0.0,680779
KC,Knuckle Curve,BR,5,1.96,1,1,1,100.0,0,0.0,2,1,50.0,20.0,1,20.0,40.0,0.0,3.41,33.33,0.0,0.0,0.0,0.0,0.0,680779
FS,Split-Finger,OS,2,0.78,1,1,0,0.0,0,0.0,1,0,0.0,0.0,0,0.0,0.0,0.0,1.14,0.0,0.0,0.0,0.0,0.0,0.0,680779
,,,1,0.39,0,0,0,,0,,0,0,,0.0,0,0.0,0.0,,1.14,0.0,,,,,,680779
SI,Sinker,FB,23,30.67,4,4,0,0.0,0,0.0,11,2,18.18,8.7,7,30.43,39.13,50.0,12.5,0.0,0.0,0.0,0.0,0.0,0.0,680837
FF,4-Seam Fastball,FB,21,28.0,5,3,0,0.0,2,40.0,6,1,16.67,4.76,7,33.33,38.1,14.29,25.0,0.0,0.333,0.6,1.333,1.933,1.0,680837
SL,Slider,BR,14,18.67,4,4,1,25.0,0,0.0,5,2,40.0,14.29,2,14.29,28.57,12.5,18.75,33.33,0.0,0.0,0.0,0.0,0.0,680837
ST,Sweeper,BR,8,10.67,4,4,0,0.0,0,0.0,5,0,0.0,0.0,1,12.5,12.5,66.67,25.0,0.0,0.0,0.0,0.0,0.0,0.0,680837
CU,Curveball,BR,3,4.0,0,0,0,,0,,1,0,0.0,0.0,1,33.33,33.33,0.0,6.25,0.0,,,,,,680837
CH,Changeup,OS,2,2.67,1,1,1,100.0,0,0.0,1,1,100.0,50.0,0,0.0,50.0,50.0,6.25,100.0,0.0,0.0,0.0,0.0,0.0,680837
FC,Cutter,FB,2,2.67,1,1,0,0.0,0,0.0,1,0,0.0,0.0,0,0.0,0.0,0.0,0.0,,1.0,1.0,4.0,5.0,3.0,680837
SV,Slurve,BR,2,2.67,1,1,0,0.0,0,0.0,1,0,0.0,0.0,0,0.0,0.0,50.0,6.25,0.0,0.0,0.0,0.0,0.0,0.0,680837
FF,4-Seam Fastball,FB,59,41.55,17,17,4,23.53,0,0.0,36,7,19.44,11.86,4,6.78,18.64,36.67,46.15,22.22,0.118,0.118,0.471,0.589,0.353,680862
CH,Changeup,OS,18,12.68,5,5,1,20.0,0,0.0,13,5,38.46,27.78,0,0.0,27.78,54.55,12.82,20.0,0.2,0.2,0.4,0.6000000000000001,0.2,680862
SI,Sinker,FB,17,11.97,6,5,1,16.67,1,16.67,7,1,14.29,5.88,3,17.65,23.53,0.0,2.56,100.0,0.2,0.333,0.4,0.7330000000000001,0.2,680862
CU,Curveball,BR,15,10.56,3,2,0,0.0,1,33.33,7,1,14.29,6.67,3,20.0,26.67,28.57,15.38,0.0,0.5,0.667,0.5,1.167,0.0,680862
SL,Slider,BR,12,8.45,3,2,2,66.67,1,33.33,9,6,66.67,50.0,0,0.0,50.0,25.0,17.95,28.57,0.0,0.333,0.0,0.333,0.0,680862
FC,Cutter,FB,12,8.45,4,3,0,0.0,0,0.0,6,1,16.67,8.33,2,16.67,25.0,37.5,2.56,0.0,0.333,0.5,0.333,0.833,0.0,680862
ST,Sweeper,BR,5,3.52,1,1,0,0.0,0,0.0,1,0,0.0,0.0,2,40.0,40.0,0.0,0.0,,1.0,1.0,2.0,3.0,1.0,680862
KC,Knuckle Curve,BR,2,1.41,0,0,0,,0,,0,0,,0.0,1,50.0,50.0,0.0,0.0,,,,,,,680862
FS,Split-Finger,OS,1,0.7,1,1,0,0.0,0,0.0,1,0,0.0,0.0,0,0.0,0.0,,2.56,0.0,0.0,0.0,0.0,0.0,0.0,680862
SV,Slurve,BR,1,0.7,0,0,0,,0,,0,0,,0.0,1,100.0,100.0,,0.0,,,,,,,680862
FF,4-Seam Fastball,FB,49,41.88,9,9,5,55.56,0,0.0,32,17,53.12,34.69,5,10.2,44.9,23.53,44.19,26.32,0.111,0.111,0.111,0.222,0.0,680869
CH,Changeup,OS,21,17.95,4,4,4,100.0,0,0.0,10,7,70.0,33.33,1,4.76,38.1,35.29,20.93,44.44,0.0,0.0,0.0,0.0,0.0,680869
SL,Slider,BR,15,12.82,4,3,2,50.0,1,25.0,8,4,50.0,26.67,4,26.67,53.33,40.0,9.3,50.0,0.0,0.25,0.0,0.25,0.0,680869
SI,Sinker,FB,10,8.55,2,2,1,50.0,0,0.0,4,2,50.0,20.0,2,20.0,40.0,20.0,4.65,50.0,0.5,0.5,1.0,1.5,0.5,680869
CU,Curveball,BR,9,7.69,4,4,3,75.0,0,0.0,5,3,60.0,33.33,1,11.11,44.44,0.0,13.95,50.0,0.25,0.25,0.25,0.5,0.0,680869
FC,Cutter,FB,8,6.84,1,1,0,0.0,0,0.0,3,1,33.33,12.5,1,12.5,25.0,25.0,2.33,0.0,0.0,0.0,0.0,0.0,0.0,680869
ST,Sweeper,BR,4,3.42,2,2,1,50.0,0,0.0,2,1,50.0,25.0,1,25.0,50.0,0.0,4.65,50.0,0.0,0.0,0.0,0.0,0.0,680869
SV,Slurve,BR,1,0.85,0,0,0,,0,,0,0,,0.0,1,100.0,100.0,,0.0,,,,,,,680869
SI,Sinker,FB,12,32.43,4,3,2,50.0,0,0.0,5,2,40.0,16.67,2,16.67,33.33,16.67,46.15,33.33,0.0,0.25,0.0,0.25,0.0,680911
SL,Slider,BR,8,21.62,1,1,0,0.0,0,0.0,4,0,0.0,0.0,1,12.5,12.5,50.0,30.77,0.0,0.0,0.0,0.0,0.0,0.0,680911
FF,4-Seam Fastball,FB,8,21.62,1,0,0,0.0,1,100.0,3,0,0.0,0.0,1,12.5,12.5,16.67,7.69,0.0,,1.0,,,,680911
CH,Changeup,OS,3,8.11,1,1,0,0.0,0,0.0,2,0,0.0,0.0,0,0.0,0.0,50.0,0.0,,0.0,0.0,0.0,0.0,0.0,680911
FC,Cutter,FB,2,5.41,0,0,0,,0,,0,0,,0.0,2,100.0,100.0,,0.0,,,,,,,680911
FS,Split-Finger,OS,1,2.7,1,1,0,0.0,0,0.0,1,0,0.0,0.0,0,0.0,0.0,,7.69,0.0,0.0,0.0,0.0,0.0,0.0,680911
CU,Curveball,BR,1,2.7,0,0,0,,0,,1,0,0.0,0.0,0,0.0,0.0,100.0,7.69,0.0,,,,,,680911
KC,Knuckle Curve,BR,1,2.7,0,0,0,,0,,0,0,,0.0,1,100.0,100.0,,0.0,,,,,,,680911
ST,Sweeper,BR,1,2.7,0,0,0,,0,,0,0,,0.0,1,100.0,100.0,,0.0,,,,,,,680911
SI,Sinker,FB,189,28.55,51,46,8,15.69,3,5.88,82,9,10.98,4.76,51,26.98,31.75,29.87,21.53,17.78,0.196,0.275,0.283,0.558,0.0869999999999999,680977
FF,4-Seam Fastball,FB,163,24.62,38,30,3,7.89,6,15.79,74,9,12.16,5.52,35,21.47,26.99,23.19,21.05,6.82,0.3,0.432,0.4,0.8320000000000001,0.1,680977
SL,Slider,BR,145,21.9,37,34,10,27.03,1,2.7,63,16,25.4,11.03,30,20.69,31.72,25.0,25.84,18.52,0.265,0.278,0.441,0.7190000000000001,0.176,680977
CU,Curveball,BR,49,7.4,10,8,0,0.0,1,10.0,19,1,5.26,2.04,15,30.61,32.65,26.32,8.13,0.0,0.25,0.3,0.25,0.55,0.0,680977
ST,Sweeper,BR,47,7.1,15,15,5,33.33,0,0.0,24,6,25.0,12.77,5,10.64,23.4,41.38,10.53,22.73,0.133,0.133,0.133,0.266,0.0,680977
FC,Cutter,FB,40,6.04,11,11,1,9.09,0,0.0,20,5,25.0,12.5,6,15.0,27.5,36.36,6.22,7.69,0.273,0.273,0.273,0.546,0.0,680977
CH,Changeup,OS,14,2.11,3,3,1,33.33,0,0.0,6,1,16.67,7.14,0,0.0,7.14,11.11,3.35,14.29,0.333,0.333,0.667,1.0,0.334,680977
KC,Knuckle Curve,BR,9,1.36,4,4,1,25.0,0,0.0,5,1,20.0,11.11,2,22.22,33.33,66.67,1.91,25.0,0.0,0.0,0.0,0.0,0.0,680977
SV,Slurve,BR,4,0.6,1,1,0,0.0,0,0.0,1,0,0.0,0.0,1,25.0,25.0,0.0,1.44,0.0,0.0,0.0,0.0,0.0,0.0,680977
FS,Split-Finger,OS,2,0.3,0,0,0,,0,,0,0,,0.0,1,50.0,50.0,0.0,0.0,,,,,,,680977
FF,4-Seam Fastball,FB,181,33.71,39,35,12,30.77,4,10.26,69,16,23.19,8.84,49,27.07,35.91,20.55,34.48,20.0,0.257,0.333,0.371,0.704,0.1139999999999999,681082
SI,Sinker,FB,122,22.72,30,26,3,10.0,2,6.67,46,6,13.04,4.92,42,34.43,39.34,26.83,12.07,14.29,0.308,0.345,0.385,0.73,0.077,681082
SL,Slider,BR,109,20.3,24,23,4,16.67,1,4.17,47,11,23.4,10.09,16,14.68,24.77,18.18,23.56,9.76,0.13,0.167,0.13,0.297,0.0,681082
ST,Sweeper,BR,47,8.75,13,13,0,0.0,0,0.0,23,1,4.35,2.13,2,4.26,6.38,18.52,12.07,0.0,0.154,0.154,0.231,0.385,0.077,681082
FC,Cutter,FB,38,7.08,10,9,3,30.0,1,10.0,18,8,44.44,21.05,10,26.32,47.37,35.0,6.32,27.27,0.333,0.4,0.333,0.7330000000000001,0.0,681082
CU,Curveball,BR,26,4.84,5,4,0,0.0,1,20.0,6,1,16.67,3.85,4,15.38,19.23,11.76,7.47,0.0,0.0,0.2,0.0,0.2,0.0,681082
CH,Changeup,OS,5,0.93,1,1,0,0.0,0,0.0,3,0,0.0,0.0,0,0.0,0.0,0.0,2.87,0.0,0.0,0.0,0.0,0.0,0.0,681082
FA,Other,,3,0.56,1,0,0,0.0,1,100.0,0,0,,0.0,0,0.0,0.0,0.0,0.0,,,1.0,,,,681082
SV,Slurve,BR,3,0.56,0,0,0,,0,,1,0,0.0,0.0,0,0.0,0.0,0.0,0.57,0.0,,,,,,681082
EP,Eephus,,1,0.19,0,0,0,,0,,0,0,,0.0,0,0.0,0.0,0.0,0.0,,,,,,,681082
KC,Knuckle Curve,BR,1,0.19,0,0,0,,0,,0,0,,0.0,0,0.0,0.0,0.0,0.57,0.0,,,,,,681082
,,,1,0.19,0,0,0,,0,,0,0,,0.0,0,0.0,0.0,,0.0,,,,,,,681082
FF,4-Seam Fastball,FB,96,31.17,30,26,5,16.67,2,6.67,45,3,6.67,3.12,23,23.96,27.08,30.56,29.67,18.52,0.308,0.345,0.346,0.691,0.0379999999999999,681146
CH,Changeup,OS,43,13.96,9,9,4,44.44,0,0.0,15,6,40.0,13.95,10,23.26,37.21,20.83,17.58,25.0,0.0,0.0,0.0,0.0,0.0,681146
SL,Slider,BR,37,12.01,5,4,4,80.0,1,20.0,7,6,85.71,16.22,9,24.32,40.54,20.83,9.89,44.44,0.0,0.2,0.0,0.2,0.0,681146
FC,Cutter,FB,32,10.39,3,2,0,0.0,1,33.33,9,1,11.11,3.12,9,28.12,31.25,9.09,7.69,0.0,0.5,0.667,0.5,1.167,0.0,681146
CU,Curveball,BR,31,10.06,6,4,2,33.33,2,33.33,7,2,28.57,6.45,8,25.81,32.26,15.79,16.48,13.33,0.25,0.5,0.25,0.75,0.0,681146
SI,Sinker,FB,30,9.74,8,7,1,12.5,1,12.5,8,2,25.0,6.67,8,26.67,33.33,7.14,5.49,20.0,0.143,0.25,0.143,0.393,0.0,681146
ST,Sweeper,BR,18,5.84,4,4,3,75.0,0,0.0,4,1,25.0,5.56,4,22.22,27.78,10.0,7.69,42.86,0.0,0.0,0.0,0.0,0.0,681146
FS,Split-Finger,OS,8,2.6,0,0,0,,0,,5,1,20.0,12.5,1,12.5,25.0,0.0,4.4,0.0,,,,,,681146
,,,6,1.95,1,0,0,0.0,1,100.0,0,0,,0.0,0,0.0,0.0,,0.0,,,1.0,,,,681146
FA,Other,,4,1.3,2,2,0,0.0,0,0.0,2,0,0.0,0.0,1,25.0,25.0,50.0,0.0,,0.0,0.0,0.0,0.0,0.0,681146
SV,Slurve,BR,3,0.97,0,0,0,,0,,0,0,,0.0,1,33.33,33.33,0.0,1.1,0.0,,,,,,681146
FF,4-Seam Fastball,FB,94,26.11,23,22,9,39.13,1,4.35,41,9,21.95,9.57,27,28.72,38.3,22.86,27.43,29.03,0.182,0.217,0.5,0.717,0.318,681297
SI,Sinker,FB,75,20.83,27,23,4,14.81,0,0.0,28,5,17.86,6.67,20,26.67,33.33,14.71,12.39,28.57,0.304,0.407,0.609,1.016,0.305,681297
SL,Slider,BR,65,18.06,13,13,5,38.46,0,0.0,27,11,40.74,16.92,13,20.0,36.92,27.78,19.47,22.73,0.231,0.231,0.231,0.462,0.0,681297
ST,Sweeper,BR,58,16.11,15,15,11,73.33,0,0.0,21,12,57.14,20.69,18,31.03,51.72,38.71,19.47,50.0,0.067,0.067,0.067,0.134,0.0,681297
FC,Cutter,FB,28,7.78,6,6,1,16.67,0,0.0,13,3,23.08,10.71,6,21.43,32.14,9.09,3.54,25.0,0.167,0.167,0.667,0.8340000000000001,0.5,681297
CU,Curveball,BR,17,4.72,1,0,0,0.0,1,100.0,1,1,100.0,5.88,3,17.65,23.53,7.69,5.31,0.0,,1.0,,,,681297
CH,Changeup,OS,14,3.89,3,3,1,33.33,0,0.0,10,5,50.0,35.71,2,14.29,50.0,0.0,6.19,14.29,0.0,0.0,0.0,0.0,0.0,681297
KC,Knuckle Curve,BR,9,2.5,4,3,2,50.0,1,25.0,3,2,66.67,22.22,2,22.22,44.44,33.33,6.19,28.57,0.0,0.25,0.0,0.25,0.0,681297
FF,4-Seam Fastball,FB,106,33.87,29,25,10,34.48,3,10.34,56,13,23.21,12.26,19,17.92,30.19,21.95,40.0,21.74,0.28,0.357,0.28,0.637,0.0,681351
CH,Changeup,OS,44,14.06,17,17,2,11.76,0,0.0,22,5,22.73,11.36,3,6.82,18.18,42.42,15.65,11.11,0.235,0.235,0.471,0.706,0.236,681351
SL,Slider,BR,40,12.78,7,6,1,14.29,1,14.29,23,10,43.48,25.0,1,2.5,27.5,40.74,11.3,7.69,0.0,0.143,0.0,0.143,0.0,681351
CU,Curveball,BR,29,9.27,3,3,0,0.0,0,0.0,9,4,44.44,13.79,5,17.24,31.03,16.67,10.43,0.0,0.333,0.333,0.333,0.666,0.0,681351
FC,Cutter,FB,28,8.95,8,8,1,12.5,0,0.0,17,1,5.88,3.57,4,14.29,17.86,12.5,6.09,14.29,0.5,0.5,1.25,1.75,0.75,681351
SI,Sinker,FB,26,8.31,7,6,1,14.29,1,14.29,10,2,20.0,7.69,9,34.62,42.31,0.0,1.74,50.0,0.333,0.429,0.333,0.762,0.0,681351
ST,Sweeper,BR,25,7.99,6,5,1,16.67,0,0.0,13,5,38.46,20.0,3,12.0,32.0,28.57,7.83,11.11,0.2,0.333,0.8,1.133,0.6000000000000001,681351
FS,Split-Finger,OS,7,2.24,2,2,2,100.0,0,0.0,4,3,75.0,42.86,0,0.0,42.86,25.0,2.61,66.67,0.0,0.0,0.0,0.0,0.0,681351
KC,Knuckle Curve,BR,6,1.92,2,2,1,50.0,0,0.0,3,1,33.33,16.67,0,0.0,16.67,33.33,3.48,25.0,0.0,0.0,0.0,0.0,0.0,681351
SV,Slurve,BR,2,0.64,0,0,0,,0,,1,0,0.0,0.0,0,0.0,0.0,0.0,0.87,0.0,,,,,,681351
FF,4-Seam Fastball,FB,112,26.79,31,26,9,29.03,5,16.13,58,15,25.86,13.39,14,12.5,25.89,25.93,26.98,26.47,0.154,0.29,0.192,0.482,0.038,681393
CH,Changeup,OS,87,20.81,25,23,8,32.0,2,8.0,55,20,36.36,22.99,2,2.3,25.29,38.3,24.6,25.81,0.087,0.16,0.13,0.29,0.043,681393
SI,Sinker,FB,63,15.07,16,12,1,6.25,4,25.0,30,4,13.33,6.35,14,22.22,28.57,28.57,11.9,6.67,0.167,0.375,0.417,0.792,0.2499999999999999,681393
CU,Curveball,BR,47,11.24,8,7,3,37.5,0,0.0,16,4,25.0,8.51,8,17.02,25.53,11.11,14.29,16.67,0.0,0.125,0.0,0.125,0.0,681393
SL,Slider,BR,34,8.13,7,6,2,28.57,1,14.29,14,4,28.57,11.76,1,2.94,14.71,10.0,7.94,20.0,0.167,0.286,0.167,0.4529999999999999,0.0,681393
ST,Sweeper,BR,30,7.18,6,6,1,16.67,0,0.0,13,3,23.08,10.0,6,20.0,30.0,23.08,8.73,9.09,0.5,0.5,0.667,1.167,0.167,681393
FC,Cutter,FB,29,6.94,6,5,2,33.33,1,16.67,17,7,41.18,24.14,3,10.34,34.48,21.43,3.17,50.0,0.6,0.667,1.2,1.867,0.6,681393
FS,Split-Finger,OS,7,1.67,1,1,1,100.0,0,0.0,6,3,50.0,42.86,1,14.29,57.14,100.0,1.59,50.0,0.0,0.0,0.0,0.0,0.0,681393
KC,Knuckle Curve,BR,6,1.44,0,0,0,,0,,3,2,66.67,33.33,0,0.0,33.33,50.0,0.79,0.0,,,,,,681393
SV,Slurve,BR,3,0.72,1,1,0,0.0,0,0.0,1,0,0.0,0.0,1,33.33,33.33,0.0,0.0,,1.0,1.0,1.0,2.0,0.0,681393
FF,4-Seam Fastball,FB,110,47.01,26,23,6,23.08,2,7.69,47,9,19.15,8.18,19,17.27,25.45,26.32,42.86,22.22,0.087,0.16,0.13,0.29,0.043,681460
SI,Sinker,FB,30,12.82,3,3,2,66.67,0,0.0,13,3,23.08,10.0,7,23.33,33.33,15.38,11.11,28.57,0.333,0.333,0.333,0.666,0.0,681460
CH,Changeup,OS,28,11.97,13,13,0,0.0,0,0.0,19,2,10.53,7.14,1,3.57,10.71,27.27,11.11,0.0,0.231,0.231,0.308,0.539,0.0769999999999999,681460
FC,Cutter,FB,19,8.12,5,5,1,20.0,0,0.0,8,0,0.0,0.0,5,26.32,26.32,37.5,6.35,25.0,0.4,0.4,1.0,1.4,0.6,681460
CU,Curveball,BR,14,5.98,3,2,1,33.33,1,33.33,6,1,16.67,7.14,2,14.29,21.43,14.29,7.94,20.0,0.5,0.667,0.5,1.167,0.0,681460
SL,Slider,BR,13,5.56,6,6,1,16.67,0,0.0,8,1,12.5,7.69,2,15.38,23.08,50.0,6.35,25.0,0.333,0.333,0.5,0.833,0.1669999999999999,681460
ST,Sweeper,BR,10,4.27,3,2,0,0.0,1,33.33,2,0,0.0,0.0,3,30.0,30.0,16.67,1.59,0.0,0.0,0.333,0.0,0.333,0.0,681460
FS,Split-Finger,OS,8,3.42,3,3,0,0.0,0,0.0,6,1,16.67,12.5,0,0.0,12.5,33.33,9.52,0.0,0.333,0.333,0.333,0.666,0.0,681460
KC,Knuckle Curve,BR,1,0.43,1,1,0,0.0,0,0.0,1,0,0.0,0.0,0,0.0,0.0,,1.59,0.0,0.0,0.0,0.0,0.0,0.0,681460
SV,Slurve,BR,1,0.43,1,1,1,100.0,0,0.0,1,1,100.0,100.0,0,0.0,100.0,100.0,1.59,100.0,0.0,0.0,0.0,0.0,0.0,681460
SI,Sinker,FB,83,33.6,18,17,3,16.67,1,5.56,34,4,11.76,4.82,23,27.71,32.53,19.35,19.28,18.75,0.176,0.222,0.176,0.398,0.0,681481
FF,4-Seam Fastball,FB,44,17.81,8,7,1,12.5,0,0.0,26,7,26.92,15.91,5,11.36,27.27,33.33,12.05,10.0,0.286,0.25,0.286,0.536,0.0,681481
SL,Slider,BR,39,15.79,11,11,3,27.27,0,0.0,20,4,20.0,10.26,8,20.51,30.77,38.89,19.28,18.75,0.273,0.273,0.636,0.909,0.363,681481
ST,Sweeper,BR,35,14.17,13,13,3,23.08,0,0.0,21,6,28.57,17.14,4,11.43,28.57,47.37,21.69,16.67,0.154,0.154,0.462,0.616,0.308,681481
FC,Cutter,FB,19,7.69,4,3,1,25.0,1,25.0,5,1,20.0,5.26,6,31.58,36.84,0.0,6.02,20.0,0.333,0.5,1.333,1.833,1.0,681481
CH,Changeup,OS,11,4.45,5,5,1,20.0,0,0.0,7,1,14.29,9.09,0,0.0,9.09,62.5,8.43,14.29,0.2,0.2,0.2,0.4,0.0,681481
CU,Curveball,BR,9,3.64,2,2,2,100.0,0,0.0,3,2,66.67,22.22,1,11.11,33.33,28.57,6.02,40.0,0.0,0.0,0.0,0.0,0.0,681481
SV,Slurve,BR,4,1.62,1,1,0,0.0,0,0.0,3,0,0.0,0.0,0,0.0,0.0,0.0,4.82,0.0,0.0,0.0,0.0,0.0,0.0,681481
KC,Knuckle Curve,BR,3,1.21,1,1,0,0.0,0,0.0,2,0,0.0,0.0,0,0.0,0.0,0.0,2.41,0.0,1.0,1.0,1.0,2.0,0.0,681481
FF,4-Seam Fastball,FB,42,27.27,9,9,1,11.11,0,0.0,14,1,7.14,2.38,12,28.57,30.95,22.73,24.49,8.33,0.111,0.111,0.111,0.222,0.0,681508
SL,Slider,BR,30,19.48,7,6,1,14.29,1,14.29,10,1,10.0,3.33,8,26.67,30.0,21.43,18.37,11.11,0.167,0.286,0.167,0.4529999999999999,0.0,681508
SI,Sinker,FB,24,15.58,9,7,2,22.22,2,22.22,9,1,11.11,4.17,6,25.0,29.17,10.0,12.24,33.33,0.429,0.556,0.429,0.985,0.0,681508
FC,Cutter,FB,21,13.64,6,4,1,16.67,1,16.67,9,3,33.33,14.29,4,19.05,33.33,27.27,14.29,14.29,0.0,0.2,0.0,0.2,0.0,681508
CH,Changeup,OS,20,12.99,5,5,3,60.0,0,0.0,7,5,71.43,25.0,2,10.0,35.0,0.0,18.37,33.33,0.2,0.2,0.2,0.4,0.0,681508
CU,Curveball,BR,12,7.79,1,1,1,100.0,0,0.0,6,2,33.33,16.67,1,8.33,25.0,42.86,12.24,16.67,0.0,0.0,0.0,0.0,0.0,681508
ST,Sweeper,BR,3,1.95,0,0,0,,0,,0,0,,0.0,2,66.67,66.67,0.0,0.0,,,,,,,681508
FS,Split-Finger,OS,1,0.65,0,0,0,,0,,0,0,,0.0,1,100.0,100.0,,0.0,,,,,,,681508
KC,Knuckle Curve,BR,1,0.65,0,0,0,,0,,0,0,,0.0,1,100.0,100.0,0.0,0.0,,,,,,,681508
SI,Sinker,FB,58,33.92,13,12,5,38.46,1,7.69,25,8,32.0,13.79,14,24.14,37.93,24.0,28.81,29.41,0.083,0.154,0.333,0.487,0.25,681546
SL,Slider,BR,42,24.56,11,11,4,36.36,0,0.0,21,10,47.62,23.81,5,11.9,35.71,36.36,23.73,28.57,0.182,0.182,0.273,0.455,0.091,681546
FF,4-Seam Fastball,FB,27,15.79,5,4,2,40.0,1,20.0,13,3,23.08,11.11,5,18.52,29.63,20.0,6.78,50.0,0.0,0.2,0.0,0.2,0.0,681546
ST,Sweeper,BR,20,11.7,6,6,3,50.0,0,0.0,12,6,50.0,30.0,3,15.0,45.0,50.0,15.25,33.33,0.167,0.167,0.167,0.334,0.0,681546
CU,Curveball,BR,7,4.09,2,2,1,50.0,0,0.0,4,2,50.0,28.57,0,0.0,28.57,40.0,6.78,25.0,0.0,0.0,0.0,0.0,0.0,681546
CH,Changeup,OS,4,2.34,1,1,1,100.0,0,0.0,1,1,100.0,25.0,0,0.0,25.0,25.0,6.78,25.0,0.0,0.0,0.0,0.0,0.0,681546
FC,Cutter,FB,4,2.34,0,0,0,,0,,2,1,50.0,25.0,1,25.0,50.0,50.0,3.39,0.0,,,,,,681546
KC,Knuckle Curve,BR,4,2.34,1,1,1,100.0,0,0.0,3,3,100.0,75.0,0,0.0,75.0,66.67,3.39,50.0,0.0,0.0,0.0,0.0,0.0,681546
SV,Slurve,BR,4,2.34,2,1,0,0.0,1,50.0,2,1,50.0,25.0,1,25.0,50.0,50.0,3.39,0.0,0.0,0.5,0.0,0.5,0.0,681546
FS,Split-Finger,OS,1,0.58,1,1,1,100.0,0,0.0,1,1,100.0,100.0,0,0.0,100.0,100.0,1.69,100.0,0.0,0.0,0.0,0.0,0.0,681546
FF,4-Seam Fastball,FB,27,38.03,8,7,3,37.5,1,12.5,16,6,37.5,22.22,3,11.11,33.33,12.5,52.63,30.0,0.143,0.25,0.143,0.393,0.0,681584
CH,Changeup,OS,19,26.76,4,4,0,0.0,0,0.0,6,2,33.33,10.53,2,10.53,21.05,8.33,26.32,0.0,0.25,0.25,0.25,0.5,0.0,681584
SL,Slider,BR,9,12.68,2,1,0,0.0,0,0.0,4,3,75.0,33.33,3,33.33,66.67,50.0,10.53,0.0,0.0,0.5,0.0,0.5,0.0,681584
SI,Sinker,FB,5,7.04,2,2,0,0.0,0,0.0,2,0,0.0,0.0,1,20.0,20.0,0.0,0.0,,0.5,0.5,1.0,1.5,0.5,681584
ST,Sweeper,BR,4,5.63,1,0,0,0.0,1,100.0,0,0,,0.0,0,0.0,0.0,0.0,10.53,0.0,,1.0,,,,681584
FC,Cutter,FB,4,5.63,1,1,0,0.0,0,0.0,1,0,0.0,0.0,3,75.0,75.0,,0.0,,1.0,1.0,1.0,2.0,0.0,681584
CU,Curveball,BR,2,2.82,0,0,0,,0,,0,0,,0.0,0,0.0,0.0,0.0,0.0,,,,,,,681584
KC,Knuckle Curve,BR,1,1.41,1,1,0,0.0,0,0.0,1,0,0.0,0.0,0,0.0,0.0,,0.0,,0.0,0.0,0.0,0.0,0.0,681584
FF,4-Seam Fastball,FB,215,35.66,55,52,14,25.45,2,3.64,114,25,21.93,11.63,30,13.95,25.58,26.14,41.48,19.18,0.308,0.333,0.462,0.795,0.154,681624
SL,Slider,BR,81,13.43,22,22,7,31.82,0,0.0,48,11,22.92,13.58,11,13.58,27.16,38.89,15.34,25.93,0.273,0.273,0.318,0.591,0.0449999999999999,681624
CH,Changeup,OS,73,12.11,19,18,6,31.58,1,5.26,43,14,32.56,19.18,7,9.59,28.77,50.0,13.07,26.09,0.389,0.421,0.611,1.032,0.2219999999999999,681624
SI,Sinker,FB,65,10.78,16,14,0,0.0,1,6.25,33,5,15.15,7.69,7,10.77,18.46,19.35,6.82,0.0,0.214,0.312,0.214,0.526,0.0,681624
FC,Cutter,FB,62,10.28,16,16,2,12.5,0,0.0,32,5,15.62,8.06,5,8.06,16.13,35.14,7.95,14.29,0.25,0.25,0.375,0.625,0.125,681624
CU,Curveball,BR,52,8.62,12,12,2,16.67,0,0.0,23,6,26.09,11.54,8,15.38,26.92,26.67,6.82,16.67,0.583,0.583,0.75,1.333,0.167,681624
ST,Sweeper,BR,33,5.47,7,6,2,28.57,1,14.29,11,2,18.18,6.06,10,30.3,36.36,18.75,4.55,25.0,0.333,0.429,0.333,0.762,0.0,681624
FS,Split-Finger,OS,13,2.16,3,3,1,33.33,0,0.0,9,3,33.33,23.08,1,7.69,30.77,42.86,2.27,25.0,0.0,0.0,0.0,0.0,0.0,681624
KC,Knuckle Curve,BR,7,1.16,4,3,1,25.0,1,25.0,3,1,33.33,14.29,1,14.29,28.57,25.0,1.7,33.33,0.0,0.25,0.0,0.25,0.0,681624
SV,Slurve,BR,1,0.17,1,1,0,0.0,0,0.0,1,0,0.0,0.0,0,0.0,0.0,,0.0,,1.0,1.0,1.0,2.0,0.0,681624
,,,1,0.17,0,0,0,,0,,0,0,,0.0,0,0.0,0.0,,0.0,,,,,,,681624
FF,4-Seam Fastball,FB,156,31.26,42,36,12,28.57,6,14.29,72,21,29.17,13.46,25,16.03,29.49,19.18,31.94,26.09,0.25,0.357,0.417,0.774,0.1669999999999999,681715
CH,Changeup,OS,68,13.63,19,17,7,36.84,2,10.53,37,18,48.65,26.47,4,5.88,32.35,35.71,13.19,36.84,0.294,0.368,0.529,0.897,0.235,681715
SL,Slider,BR,67,13.43,14,14,4,28.57,0,0.0,33,15,45.45,22.39,9,13.43,35.82,27.27,14.58,19.05,0.143,0.143,0.214,0.357,0.071,681715
SI,Sinker,FB,60,12.02,16,14,4,25.0,1,6.25,20,4,20.0,6.67,22,36.67,43.33,18.18,11.81,23.53,0.286,0.333,0.571,0.904,0.285,681715
FC,Cutter,FB,45,9.02,7,5,1,14.29,2,28.57,17,7,41.18,15.56,5,11.11,26.67,14.29,3.47,20.0,0.4,0.571,0.4,0.971,0.0,681715
CU,Curveball,BR,44,8.82,15,13,5,33.33,1,6.67,20,8,40.0,18.18,6,13.64,31.82,21.05,10.42,33.33,0.308,0.333,0.385,0.718,0.077,681715
ST,Sweeper,BR,39,7.82,8,7,3,37.5,1,12.5,15,6,40.0,15.38,10,25.64,41.03,11.76,9.72,21.43,0.143,0.25,0.143,0.393,0.0,681715
FS,Split-Finger,OS,10,2.0,2,1,0,0.0,1,50.0,3,1,33.33,10.0,0,0.0,10.0,25.0,2.08,0.0,1.0,1.0,4.0,5.0,3.0,681715
KC,Knuckle Curve,BR,5,1.0,1,1,0,0.0,0,0.0,2,1,50.0,20.0,0,0.0,20.0,0.0,0.69,0.0,0.0,0.0,0.0,0.0,0.0,681715
SV,Slurve,BR,5,1.0,1,0,0,0.0,1,100.0,1,0,0.0,0.0,1,20.0,20.0,0.0,2.08,0.0,,1.0,,,,681715
FF,4-Seam Fastball,FB,159,33.47,47,45,16,34.04,2,4.26,92,26,28.26,16.35,17,10.69,27.04,35.53,37.85,23.88,0.089,0.128,0.222,0.35,0.133,681807
CH,Changeup,OS,80,16.84,13,13,2,15.38,0,0.0,39,11,28.21,13.75,10,12.5,26.25,37.25,14.69,7.69,0.462,0.462,0.692,1.154,0.2299999999999999,681807
SL,Slider,BR,50,10.53,11,10,7,63.64,1,9.09,27,12,44.44,24.0,7,14.0,38.0,31.82,9.6,41.18,0.1,0.182,0.4,0.5820000000000001,0.3,681807
SI,Sinker,FB,46,9.68,14,13,4,28.57,1,7.14,24,9,37.5,19.57,11,23.91,43.48,35.29,7.91,28.57,0.154,0.214,0.154,0.368,0.0,681807
FC,Cutter,FB,45,9.47,11,10,3,27.27,0,0.0,25,10,40.0,22.22,5,11.11,33.33,18.75,5.65,30.0,0.4,0.455,1.3,1.755,0.9,681807
CU,Curveball,BR,40,8.42,10,9,5,50.0,1,10.0,13,4,30.77,10.0,12,30.0,40.0,10.53,9.04,31.25,0.222,0.3,0.333,0.633,0.111,681807
ST,Sweeper,BR,37,7.79,11,10,5,45.45,0,0.0,18,6,33.33,16.22,10,27.03,43.24,37.5,10.17,27.78,0.1,0.182,0.1,0.282,0.0,681807
FS,Split-Finger,OS,9,1.89,2,2,1,50.0,0,0.0,5,2,40.0,22.22,2,22.22,44.44,33.33,1.13,50.0,0.0,0.0,0.0,0.0,0.0,681807
KC,Knuckle Curve,BR,5,1.05,1,1,1,100.0,0,0.0,2,1,50.0,20.0,1,20.0,40.0,33.33,2.26,25.0,0.0,0.0,0.0,0.0,0.0,681807
SV,Slurve,BR,3,0.63,0,0,0,,0,,0,0,,0.0,1,33.33,33.33,0.0,1.13,0.0,,,,,,681807
,,,1,0.21,0,0,0,,0,,0,0,,0.0,0,0.0,0.0,,0.56,0.0,,,,,,681807
CH,Changeup,OS,48,26.37,15,14,7,46.67,0,0.0,22,11,50.0,22.92,6,12.5,35.42,34.38,38.3,38.89,0.0,0.0,0.0,0.0,0.0,681962
FF,4-Seam Fastball,FB,45,24.73,18,17,1,5.56,0,0.0,27,1,3.7,2.22,8,17.78,20.0,45.0,21.28,10.0,0.294,0.278,0.471,0.749,0.177,681962
SL,Slider,BR,25,13.74,8,7,1,12.5,0,0.0,13,5,38.46,20.0,8,32.0,52.0,50.0,12.77,16.67,0.0,0.0,0.0,0.0,0.0,681962
SI,Sinker,FB,24,13.19,6,5,1,16.67,0,0.0,12,2,16.67,8.33,10,41.67,50.0,33.33,2.13,100.0,0.2,0.333,0.2,0.533,0.0,681962
CU,Curveball,BR,22,12.09,4,4,2,50.0,0,0.0,8,5,62.5,22.73,4,18.18,40.91,16.67,14.89,28.57,0.25,0.25,0.25,0.5,0.0,681962
ST,Sweeper,BR,11,6.04,3,3,2,66.67,0,0.0,5,3,60.0,27.27,4,36.36,63.64,33.33,8.51,50.0,0.0,0.0,0.0,0.0,0.0,681962
FC,Cutter,FB,7,3.85,2,2,0,0.0,0,0.0,3,0,0.0,0.0,3,42.86,42.86,0.0,2.13,0.0,0.5,0.5,0.5,1.0,0.0,681962
FF,4-Seam Fastball,FB,58,29.9,16,15,4,25.0,1,6.25,25,1,4.0,1.72,11,18.97,20.69,27.59,33.9,20.0,0.333,0.375,0.4,0.775,0.067,681987
CH,Changeup,OS,34,17.53,8,6,0,0.0,1,12.5,19,3,15.79,8.82,2,5.88,14.71,40.91,22.03,0.0,0.333,0.375,0.333,0.708,0.0,681987
CU,Curveball,BR,29,14.95,5,5,4,80.0,0,0.0,11,5,45.45,17.24,5,17.24,34.48,27.78,18.64,36.36,0.2,0.2,0.4,0.6000000000000001,0.2,681987
FC,Cutter,FB,19,9.79,5,4,0,0.0,1,20.0,9,1,11.11,5.26,5,26.32,31.58,33.33,3.39,0.0,0.0,0.2,0.0,0.2,0.0,681987
SI,Sinker,FB,18,9.28,3,3,0,0.0,0,0.0,6,0,0.0,0.0,5,27.78,27.78,12.5,3.39,0.0,0.667,0.667,0.667,1.334,0.0,681987
SL,Slider,BR,17,8.76,7,6,1,14.29,1,14.29,10,1,10.0,5.88,2,11.76,17.65,0.0,6.78,25.0,0.333,0.429,0.333,0.762,0.0,681987
ST,Sweeper,BR,10,5.15,2,2,0,0.0,0,0.0,4,1,25.0,10.0,1,10.0,20.0,20.0,5.08,0.0,0.0,0.0,0.0,0.0,0.0,681987
KC,Knuckle Curve,BR,7,3.61,3,2,1,33.33,0,0.0,3,1,33.33,14.29,1,14.29,28.57,0.0,5.08,33.33,0.0,0.333,0.0,0.333,0.0,681987
SV,Slurve,BR,2,1.03,0,0,0,,0,,1,0,0.0,0.0,1,50.0,50.0,100.0,1.69,0.0,,,,,,681987
SI,Sinker,FB,83,33.33,20,15,3,15.0,4,20.0,29,4,13.79,4.82,20,24.1,28.92,15.79,21.92,18.75,0.267,0.45,0.267,0.7170000000000001,0.0,682177
SL,Slider,BR,65,26.1,13,10,5,38.46,2,15.38,28,16,57.14,24.62,6,9.23,33.85,28.57,26.03,26.32,0.1,0.231,0.1,0.331,0.0,682177
FF,4-Seam Fastball,FB,51,20.48,10,10,5,50.0,0,0.0,19,2,10.53,3.92,21,41.18,45.1,13.33,21.92,31.25,0.1,0.1,0.2,0.3,0.1,682177
ST,Sweeper,BR,27,10.84,9,9,4,44.44,0,0.0,16,7,43.75,25.93,1,3.7,29.63,37.5,15.07,36.36,0.222,0.222,0.222,0.444,0.0,682177
FC,Cutter,FB,7,2.81,3,2,1,33.33,1,33.33,5,3,60.0,42.86,0,0.0,42.86,50.0,2.74,50.0,0.0,0.333,0.0,0.333,0.0,682177
KC,Knuckle Curve,BR,7,2.81,2,2,1,50.0,0,0.0,3,2,66.67,28.57,1,14.29,42.86,25.0,5.48,25.0,0.0,0.0,0.0,0.0,0.0,682177
CU,Curveball,BR,6,2.41,4,4,2,50.0,0,0.0,5,2,40.0,33.33,1,16.67,50.0,100.0,5.48,50.0,0.0,0.0,0.0,0.0,0.0,682177
SV,Slurve,BR,2,0.8,0,0,0,,0,,1,1,100.0,50.0,1,50.0,100.0,100.0,0.0,,,,,,,682177
CH,Changeup,OS,1,0.4,1,1,1,100.0,0,0.0,1,1,100.0,100.0,0,0.0,100.0,,1.37,100.0,0.0,0.0,0.0,0.0,0.0,682177
FC,Cutter,FB,5,41.67,0,0,0,,0,,4,0,0.0,0.0,0,0.0,0.0,50.0,20.0,0.0,,,,,,682183
SI,Sinker,FB,3,25.0,1,1,0,0.0,0,0.0,2,0,0.0,0.0,1,33.33,33.33,100.0,20.0,0.0,0.0,0.0,0.0,0.0,0.0,682183
ST,Sweeper,BR,3,25.0,2,2,1,50.0,0,0.0,2,1,50.0,33.33,0,0.0,33.33,50.0,40.0,50.0,0.0,0.0,0.0,0.0,0.0,682183
SL,Slider,BR,1,8.33,0,0,0,,0,,0,0,,0.0,0,0.0,0.0,0.0,20.0,0.0,,,,,,682183
FF,4-Seam Fastball,FB,95,24.23,26,25,7,26.92,1,3.85,56,18,32.14,18.95,15,15.79,34.74,28.57,22.73,28.0,0.24,0.269,0.36,0.629,0.12,682622
SI,Sinker,FB,60,15.31,20,18,6,30.0,1,5.0,28,6,21.43,10.0,14,23.33,33.33,28.0,12.73,42.86,0.222,0.25,0.222,0.472,0.0,682622
CH,Changeup,OS,57,14.54,21,18,2,9.52,3,14.29,31,5,16.13,8.77,2,3.51,12.28,29.41,11.82,15.38,0.278,0.381,0.333,0.714,0.0549999999999999,682622
CU,Curveball,BR,49,12.5,7,7,3,42.86,0,0.0,24,7,29.17,14.29,7,14.29,28.57,40.0,14.55,18.75,0.286,0.286,0.286,0.572,0.0,682622
SL,Slider,BR,47,11.99,11,10,5,45.45,1,9.09,24,8,33.33,17.02,3,6.38,23.4,23.08,17.27,26.32,0.3,0.364,0.3,0.6639999999999999,0.0,682622
ST,Sweeper,BR,33,8.42,8,7,3,37.5,1,12.5,12,3,25.0,9.09,9,27.27,36.36,15.79,9.09,30.0,0.0,0.125,0.0,0.125,0.0,682622
FS,Split-Finger,OS,19,4.85,5,5,1,20.0,0,0.0,10,3,30.0,15.79,1,5.26,21.05,33.33,4.55,20.0,0.0,0.0,0.0,0.0,0.0,682622
FC,Cutter,FB,12,3.06,3,2,0,0.0,1,33.33,7,1,14.29,8.33,0,0.0,8.33,37.5,0.0,,0.0,0.333,0.0,0.333,0.0,682622
KC,Knuckle Curve,BR,10,2.55,2,2,0,0.0,0,0.0,3,0,0.0,0.0,2,20.0,20.0,0.0,4.55,0.0,1.0,1.0,1.0,2.0,0.0,682622
SV,Slurve,BR,9,2.3,1,1,1,100.0,0,0.0,4,2,50.0,22.22,1,11.11,33.33,42.86,2.73,33.33,0.0,0.0,0.0,0.0,0.0,682622
CS,Slow Curve,BR,1,0.26,0,0,0,,0,,0,0,,0.0,0,0.0,0.0,0.0,0.0,,,,,,,682622
FF,4-Seam Fastball,FB,74,26.62,19,14,3,15.79,5,26.32,34,9,26.47,12.16,9,12.16,24.32,26.32,28.38,14.29,0.357,0.526,0.714,1.24,0.357,682626
SL,Slider,BR,53,19.06,13,10,4,30.77,3,23.08,22,8,36.36,15.09,7,13.21,28.3,25.0,25.68,21.05,0.3,0.462,0.6,1.062,0.3,682626
CH,Changeup,OS,47,16.91,11,10,2,18.18,1,9.09,17,5,29.41,10.64,4,8.51,19.15,21.21,17.57,15.38,0.5,0.545,1.2,1.745,0.7,682626
SI,Sinker,FB,34,12.23,6,5,1,16.67,1,16.67,13,2,15.38,5.88,8,23.53,29.41,18.75,8.11,16.67,0.0,0.167,0.0,0.167,0.0,682626
CU,Curveball,BR,29,10.43,7,7,2,28.57,0,0.0,11,3,27.27,10.34,3,10.34,20.69,16.67,12.16,22.22,0.286,0.286,0.571,0.857,0.285,682626
FC,Cutter,FB,17,6.12,4,4,1,25.0,0,0.0,9,3,33.33,17.65,2,11.76,29.41,25.0,1.35,100.0,0.0,0.0,0.0,0.0,0.0,682626
ST,Sweeper,BR,11,3.96,3,3,1,33.33,0,0.0,5,3,60.0,27.27,2,18.18,45.45,42.86,4.05,33.33,0.0,0.0,0.0,0.0,0.0,682626
KC,Knuckle Curve,BR,7,2.52,1,1,0,0.0,0,0.0,3,2,66.67,28.57,2,28.57,57.14,25.0,0.0,,0.0,0.0,0.0,0.0,0.0,682626
FS,Split-Finger,OS,4,1.44,1,1,0,0.0,0,0.0,3,0,0.0,0.0,0,0.0,0.0,0.0,2.7,0.0,0.0,0.0,0.0,0.0,0.0,682626
SV,Slurve,BR,2,0.72,1,1,0,0.0,0,0.0,1,0,0.0,0.0,0,0.0,0.0,0.0,0.0,,0.0,0.0,0.0,0.0,0.0,682626
SL,Slider,BR,9,34.62,1,1,1,100.0,0,0.0,3,1,33.33,11.11,2,22.22,33.33,28.57,66.67,50.0,0.0,0.0,0.0,0.0,0.0,682634
FF,4-Seam Fastball,FB,5,19.23,3,2,0,0.0,1,33.33,3,0,0.0,0.0,0,0.0,0.0,0.0,33.33,0.0,0.5,0.667,0.5,1.167,0.0,682634
CH,Changeup,OS,4,15.38,1,1,0,0.0,0,0.0,1,0,0.0,0.0,0,0.0,0.0,25.0,0.0,,1.0,1.0,1.0,2.0,0.0,682634
CU,Curveball,BR,3,11.54,1,1,0,0.0,0,0.0,2,1,50.0,33.33,0,0.0,33.33,0.0,0.0,,0.0,0.0,0.0,0.0,0.0,682634
SI,Sinker,FB,3,11.54,1,1,0,0.0,0,0.0,2,1,50.0,33.33,0,0.0,33.33,100.0,0.0,,0.0,0.0,0.0,0.0,0.0,682634
ST,Sweeper,BR,2,7.69,0,0,0,,0,,1,1,100.0,50.0,0,0.0,50.0,100.0,0.0,,,,,,,682634
FF,4-Seam Fastball,FB,89,28.71,26,24,4,15.38,2,7.69,45,6,13.33,6.74,16,17.98,24.72,43.75,27.06,17.39,0.125,0.192,0.167,0.359,0.042,682641
CH,Changeup,OS,69,22.26,26,25,2,7.69,1,3.85,40,13,32.5,18.84,9,13.04,31.88,44.74,24.71,9.52,0.12,0.154,0.4,0.554,0.28,682641
SI,Sinker,FB,48,15.48,11,10,0,0.0,1,9.09,23,0,0.0,0.0,8,16.67,16.67,33.33,8.24,0.0,0.5,0.545,1.2,1.745,0.7,682641
CU,Curveball,BR,29,9.35,4,4,1,25.0,0,0.0,13,5,38.46,17.24,4,13.79,31.03,38.89,11.76,10.0,0.25,0.25,0.25,0.5,0.0,682641
SL,Slider,BR,28,9.03,11,11,2,18.18,0,0.0,18,2,11.11,7.14,4,14.29,21.43,53.85,10.59,22.22,0.182,0.182,0.455,0.637,0.273,682641
ST,Sweeper,BR,19,6.13,4,4,2,50.0,0,0.0,6,3,50.0,15.79,5,26.32,42.11,10.0,5.88,40.0,0.0,0.0,0.0,0.0,0.0,682641
FC,Cutter,FB,15,4.84,3,3,1,33.33,0,0.0,7,3,42.86,20.0,4,26.67,46.67,33.33,3.53,33.33,0.333,0.333,0.667,1.0,0.334,682641
KC,Knuckle Curve,BR,8,2.58,1,1,1,100.0,0,0.0,3,2,66.67,25.0,0,0.0,25.0,28.57,7.06,16.67,0.0,0.0,0.0,0.0,0.0,682641
FS,Split-Finger,OS,5,1.61,0,0,0,,0,,3,2,66.67,40.0,0,0.0,40.0,0.0,1.18,0.0,,,,,,682641
FF,4-Seam Fastball,FB,28,28.87,9,9,0,0.0,0,0.0,16,0,0.0,0.0,4,14.29,14.29,22.22,23.53,0.0,0.111,0.111,0.111,0.222,0.0,682653
CH,Changeup,OS,20,20.62,6,6,1,16.67,0,0.0,12,3,25.0,15.0,1,5.0,20.0,36.36,32.35,9.09,0.333,0.333,0.333,0.666,0.0,682653
FC,Cutter,FB,15,15.46,6,6,0,0.0,0,0.0,11,0,0.0,0.0,1,6.67,6.67,57.14,14.71,0.0,0.333,0.333,0.333,0.666,0.0,682653
SL,Slider,BR,9,9.28,1,1,0,0.0,0,0.0,4,0,0.0,0.0,1,11.11,11.11,20.0,5.88,0.0,1.0,1.0,4.0,5.0,3.0,682653
SI,Sinker,FB,9,9.28,6,6,1,16.67,0,0.0,7,0,0.0,0.0,2,22.22,22.22,66.67,5.88,50.0,0.167,0.167,0.167,0.334,0.0,682653
CU,Curveball,BR,8,8.25,1,1,0,0.0,0,0.0,1,0,0.0,0.0,1,12.5,12.5,14.29,8.82,0.0,1.0,1.0,1.0,2.0,0.0,682653
ST,Sweeper,BR,8,8.25,0,0,0,,0,,3,0,0.0,0.0,2,25.0,25.0,40.0,8.82,0.0,,,,,,682653
FF,4-Seam Fastball,FB,229,35.29,51,45,6,11.76,5,9.8,100,12,12.0,5.24,46,20.09,25.33,19.81,36.98,8.45,0.378,0.431,0.533,0.964,0.155,682657
SI,Sinker,FB,104,16.02,28,20,4,14.29,6,21.43,36,3,8.33,2.88,26,25.0,27.88,16.33,11.46,18.18,0.3,0.481,0.45,0.931,0.15,682657
CH,Changeup,OS,95,14.64,31,29,5,16.13,1,3.23,52,16,30.77,16.84,10,10.53,27.37,46.97,14.58,17.86,0.241,0.267,0.414,0.681,0.173,682657
FC,Cutter,FB,63,9.71,15,14,3,20.0,0,0.0,38,5,13.16,7.94,11,17.46,25.4,36.36,6.77,23.08,0.143,0.133,0.357,0.49,0.214,682657
SL,Slider,BR,59,9.09,18,15,4,22.22,1,5.56,38,7,18.42,11.86,9,15.25,27.12,52.0,9.9,21.05,0.467,0.556,0.867,1.423,0.3999999999999999,682657
CU,Curveball,BR,55,8.47,14,13,6,42.86,0,0.0,26,6,23.08,10.91,8,14.55,25.45,37.5,9.38,33.33,0.077,0.077,0.077,0.154,0.0,682657
ST,Sweeper,BR,24,3.7,6,5,3,50.0,0,0.0,14,4,28.57,16.67,4,16.67,33.33,50.0,6.25,25.0,0.2,0.333,0.2,0.533,0.0,682657
FS,Split-Finger,OS,10,1.54,3,3,2,66.67,0,0.0,6,3,50.0,30.0,1,10.0,40.0,57.14,2.6,40.0,0.0,0.0,0.0,0.0,0.0,682657
KC,Knuckle Curve,BR,8,1.23,3,3,1,33.33,0,0.0,5,1,20.0,12.5,0,0.0,12.5,50.0,2.08,25.0,0.0,0.0,0.0,0.0,0.0,682657
SV,Slurve,BR,1,0.15,0,0,0,,0,,1,0,0.0,0.0,0,0.0,0.0,,0.0,,,,,,,682657
,,,1,0.15,0,0,0,,0,,0,0,,0.0,0,0.0,0.0,,0.0,,,,,,,682657
FF,4-Seam Fastball,FB,221,34.05,55,47,16,29.09,7,12.73,107,30,28.04,13.57,26,11.76,25.34,26.92,33.97,22.54,0.234,0.327,0.426,0.753,0.1919999999999999,682663
CH,Changeup,OS,111,17.1,27,27,7,25.93,0,0.0,57,29,50.88,26.13,8,7.21,33.33,38.67,19.14,17.5,0.296,0.296,0.444,0.74,0.148,682663
SL,Slider,BR,76,11.71,22,22,8,36.36,0,0.0,42,14,33.33,18.42,15,19.74,38.16,51.22,14.35,26.67,0.227,0.227,0.227,0.454,0.0,682663
CU,Curveball,BR,68,10.48,18,17,7,38.89,1,5.56,32,14,43.75,20.59,14,20.59,41.18,33.33,11.96,28.0,0.059,0.111,0.059,0.1699999999999999,0.0,682663
SI,Sinker,FB,63,9.71,16,14,0,0.0,2,12.5,29,2,6.9,3.17,17,26.98,30.16,23.08,6.22,0.0,0.143,0.25,0.357,0.607,0.214,682663
ST,Sweeper,BR,46,7.09,9,8,3,33.33,0,0.0,15,4,26.67,8.7,15,32.61,41.3,21.05,8.13,17.65,0.25,0.333,0.625,0.958,0.375,682663
FC,Cutter,FB,35,5.39,10,9,1,10.0,0,0.0,21,3,14.29,8.57,1,2.86,11.43,38.1,2.87,16.67,0.222,0.3,0.333,0.633,0.111,682663
KC,Knuckle Curve,BR,13,2.0,4,3,1,25.0,1,25.0,4,2,50.0,15.38,2,15.38,30.77,12.5,2.39,20.0,0.0,0.25,0.0,0.25,0.0,682663
,,,9,1.39,2,0,0,0.0,2,100.0,0,0,,0.0,0,0.0,0.0,,0.48,0.0,,1.0,,,,682663
FS,Split-Finger,OS,4,0.62,2,2,0,0.0,0,0.0,2,0,0.0,0.0,0,0.0,0.0,0.0,0.48,0.0,0.5,0.5,2.0,2.5,1.5,682663
SV,Slurve,BR,3,0.46,1,1,0,0.0,0,0.0,2,1,50.0,33.33,0,0.0,33.33,66.67,0.0,,0.0,0.0,0.0,0.0,0.0,682663
FF,4-Seam Fastball,FB,102,39.84,23,20,8,34.78,2,8.7,41,12,29.27,11.76,24,23.53,35.29,20.41,32.93,29.63,0.05,0.136,0.1,0.236,0.05,682668
SI,Sinker,FB,35,13.67,8,5,1,12.5,3,37.5,17,2,11.76,5.71,7,20.0,25.71,33.33,15.85,7.69,0.0,0.375,0.0,0.375,0.0,682668
CH,Changeup,OS,34,13.28,12,12,3,25.0,0,0.0,17,6,35.29,17.65,5,14.71,32.35,33.33,12.2,30.0,0.25,0.25,0.25,0.5,0.0,682668
SL,Slider,BR,29,11.33,5,4,2,40.0,0,0.0,15,3,20.0,10.34,4,13.79,24.14,44.44,17.07,14.29,0.0,0.2,0.0,0.2,0.0,682668
CU,Curveball,BR,16,6.25,4,4,2,50.0,0,0.0,6,2,33.33,12.5,4,25.0,37.5,33.33,8.54,28.57,0.5,0.5,0.75,1.25,0.25,682668
FC,Cutter,FB,16,6.25,7,6,0,0.0,0,0.0,12,0,0.0,0.0,1,6.25,6.25,40.0,1.22,0.0,0.667,0.667,0.833,1.5,0.1659999999999999,682668
ST,Sweeper,BR,12,4.69,4,3,0,0.0,1,25.0,5,1,20.0,8.33,3,25.0,33.33,28.57,3.66,0.0,0.333,0.5,0.333,0.833,0.0,682668
FS,Split-Finger,OS,4,1.56,1,1,0,0.0,0,0.0,1,0,0.0,0.0,0,0.0,0.0,0.0,3.66,0.0,1.0,1.0,1.0,2.0,0.0,682668
KC,Knuckle Curve,BR,4,1.56,1,1,0,0.0,0,0.0,2,0,0.0,0.0,0,0.0,0.0,0.0,2.44,0.0,0.0,0.0,0.0,0.0,0.0,682668
SV,Slurve,BR,4,1.56,2,2,0,0.0,0,0.0,2,0,0.0,0.0,1,25.0,25.0,,2.44,0.0,0.5,0.5,0.5,1.0,0.0,682668
FF,4-Seam Fastball,FB,37,29.13,7,6,1,14.29,1,14.29,18,3,16.67,8.11,5,13.51,21.62,7.14,26.83,9.09,0.167,0.286,0.167,0.4529999999999999,0.0,682729
CH,Changeup,OS,23,18.11,6,6,0,0.0,0,0.0,9,2,22.22,8.7,4,17.39,26.09,35.71,17.07,0.0,0.167,0.167,0.167,0.334,0.0,682729
FC,Cutter,FB,19,14.96,5,4,1,20.0,1,20.0,9,3,33.33,15.79,3,15.79,31.58,36.36,12.2,20.0,0.0,0.2,0.0,0.2,0.0,682729
SL,Slider,BR,16,12.6,4,4,2,50.0,0,0.0,8,3,37.5,18.75,2,12.5,31.25,25.0,26.83,18.18,0.25,0.25,0.25,0.5,0.0,682729
ST,Sweeper,BR,11,8.66,3,1,0,0.0,2,66.67,3,1,33.33,9.09,4,36.36,45.45,0.0,4.88,0.0,1.0,1.0,1.0,2.0,0.0,682729
CU,Curveball,BR,10,7.87,2,2,1,50.0,0,0.0,4,2,50.0,20.0,2,20.0,40.0,42.86,12.2,20.0,0.0,0.0,0.0,0.0,0.0,682729
SI,Sinker,FB,9,7.09,2,2,0,0.0,0,0.0,4,1,25.0,11.11,3,33.33,44.44,0.0,0.0,,0.0,0.0,0.0,0.0,0.0,682729
FS,Split-Finger,OS,1,0.79,1,1,0,0.0,0,0.0,1,0,0.0,0.0,0,0.0,0.0,,0.0,,0.0,0.0,0.0,0.0,0.0,682729
SV,Slurve,BR,1,0.79,1,1,0,0.0,0,0.0,1,0,0.0,0.0,0,0.0,0.0,,0.0,,1.0,1.0,1.0,2.0,0.0,682729
FF,4-Seam Fastball,FB,224,28.25,56,52,14,25.0,4,7.14,113,41,36.28,18.3,43,19.2,37.5,32.04,25.51,22.58,0.231,0.286,0.288,0.574,0.0569999999999999,682829
SL,Slider,BR,122,15.38,35,34,10,28.57,1,2.86,58,18,31.03,14.75,21,17.21,31.97,33.85,16.46,25.0,0.235,0.257,0.324,0.581,0.089,682829
CH,Changeup,OS,120,15.13,33,32,4,12.12,1,3.03,61,14,22.95,11.67,10,8.33,20.0,30.99,13.99,11.76,0.281,0.303,0.375,0.6779999999999999,0.0939999999999999,682829
SI,Sinker,FB,90,11.35,20,19,4,20.0,1,5.0,39,11,28.21,12.22,21,23.33,35.56,30.95,9.88,16.67,0.368,0.4,0.579,0.979,0.2109999999999999,682829
CU,Curveball,BR,69,8.7,20,19,9,45.0,0,0.0,30,11,36.67,15.94,15,21.74,37.68,30.77,11.52,32.14,0.158,0.158,0.316,0.474,0.158,682829
ST,Sweeper,BR,61,7.69,12,11,5,41.67,1,8.33,29,7,24.14,11.48,13,21.31,32.79,44.12,8.23,25.0,0.182,0.25,0.182,0.432,0.0,682829
FC,Cutter,FB,45,5.67,16,16,4,25.0,0,0.0,26,3,11.54,6.67,8,17.78,24.44,35.29,4.53,36.36,0.375,0.375,0.688,1.063,0.3129999999999999,682829
FS,Split-Finger,OS,33,4.16,10,9,5,50.0,1,10.0,19,10,52.63,30.3,1,3.03,33.33,35.0,4.12,50.0,0.0,0.1,0.0,0.1,0.0,682829
KC,Knuckle Curve,BR,10,1.26,3,3,2,66.67,0,0.0,3,1,33.33,10.0,2,20.0,30.0,20.0,2.88,28.57,0.0,0.0,0.0,0.0,0.0,682829
SV,Slurve,BR,9,1.13,3,3,3,100.0,0,0.0,4,3,75.0,33.33,1,11.11,44.44,16.67,2.06,60.0,0.0,0.0,0.0,0.0,0.0,682829
,,,7,0.88,2,0,0,0.0,2,100.0,0,0,,0.0,0,0.0,0.0,,0.41,0.0,,1.0,,,,682829
CS,Slow Curve,BR,3,0.38,1,1,1,100.0,0,0.0,1,1,100.0,33.33,0,0.0,33.33,0.0,0.41,100.0,0.0,0.0,0.0,0.0,0.0,682829
FF,4-Seam Fastball,FB,12,29.27,5,4,2,40.0,1,20.0,4,1,25.0,8.33,3,25.0,33.33,14.29,40.0,33.33,0.25,0.4,0.25,0.65,0.0,682848
CH,Changeup,OS,8,19.51,1,1,0,0.0,0,0.0,2,1,50.0,12.5,1,12.5,25.0,16.67,20.0,0.0,0.0,0.0,0.0,0.0,0.0,682848
CU,Curveball,BR,6,14.63,2,2,2,100.0,0,0.0,1,1,100.0,16.67,3,50.0,66.67,0.0,20.0,66.67,0.0,0.0,0.0,0.0,0.0,682848
FC,Cutter,FB,5,12.2,1,1,0,0.0,0,0.0,4,1,25.0,20.0,1,20.0,40.0,100.0,6.67,0.0,0.0,0.0,0.0,0.0,0.0,682848
SI,Sinker,FB,4,9.76,1,1,0,0.0,0,0.0,3,2,66.67,50.0,0,0.0,50.0,50.0,0.0,,0.0,0.0,0.0,0.0,0.0,682848
SL,Slider,BR,3,7.32,1,1,0,0.0,0,0.0,3,2,66.67,66.67,0,0.0,66.67,100.0,6.67,0.0,1.0,1.0,2.0,3.0,1.0,682848
ST,Sweeper,BR,2,4.88,1,1,0,0.0,0,0.0,1,0,0.0,0.0,0,0.0,0.0,0.0,6.67,0.0,1.0,1.0,1.0,2.0,0.0,682848
FS,Split-Finger,OS,1,2.44,0,0,0,,0,,1,0,0.0,0.0,0,0.0,0.0,,0.0,,,,,,,682848
CH,Changeup,OS,3,60.0,2,2,0,0.0,0,0.0,3,1,33.33,33.33,0,0.0,33.33,100.0,50.0,0.0,0.5,0.5,1.0,1.5,0.5,682868
FF,4-Seam Fastball,FB,1,20.0,0,0,0,,0,,1,0,0.0,0.0,0,0.0,0.0,,50.0,0.0,,,,,,682868
SI,Sinker,FB,1,20.0,0,0,0,,0,,0,0,,0.0,1,100.0,100.0,,0.0,,,,,,,682868
FF,4-Seam Fastball,FB,15,29.41,4,4,2,50.0,0,0.0,10,6,60.0,40.0,2,13.33,53.33,57.14,30.0,33.33,0.0,0.0,0.0,0.0,0.0,682927
SI,Sinker,FB,11,21.57,2,1,0,0.0,1,50.0,4,1,25.0,9.09,3,27.27,36.36,33.33,20.0,0.0,1.0,1.0,1.0,2.0,0.0,682927
CH,Changeup,OS,7,13.73,3,3,0,0.0,0,0.0,3,0,0.0,0.0,2,28.57,28.57,0.0,15.0,0.0,0.333,0.333,0.333,0.666,0.0,682927
ST,Sweeper,BR,6,11.76,2,2,0,0.0,0,0.0,3,0,0.0,0.0,1,16.67,16.67,0.0,10.0,0.0,0.0,0.0,0.0,0.0,0.0,682927
FC,Cutter,FB,3,5.88,1,1,0,0.0,0,0.0,2,0,0.0,0.0,0,0.0,0.0,50.0,5.0,0.0,0.0,0.0,0.0,0.0,0.0,682927
SL,Slider,BR,3,5.88,1,0,0,0.0,0,0.0,1,0,0.0,0.0,0,0.0,0.0,0.0,5.0,0.0,,,,,,682927
CU,Curveball,BR,2,3.92,1,1,0,0.0,0,0.0,1,0,0.0,0.0,0,0.0,0.0,50.0,5.0,0.0,0.0,0.0,0.0,0.0,0.0,682927
FS,Split-Finger,OS,2,3.92,0,0,0,,0,,0,0,,0.0,1,50.0,50.0,0.0,5.0,0.0,,,,,,682927
KC,Knuckle Curve,BR,2,3.92,0,0,0,,0,,0,0,,0.0,0,0.0,0.0,0.0,5.0,0.0,,,,,,682927
FF,4-Seam Fastball,FB,210,29.49,49,45,6,12.24,2,4.08,104,20,19.23,9.52,39,18.57,28.1,24.68,27.23,10.34,0.267,0.327,0.378,0.7050000000000001,0.1109999999999999,682928
SL,Slider,BR,160,22.47,36,35,13,36.11,1,2.78,84,30,35.71,18.75,22,13.75,32.5,41.38,26.29,23.21,0.171,0.194,0.343,0.537,0.172,682928
SI,Sinker,FB,147,20.65,53,47,6,11.32,4,7.55,77,10,12.99,6.8,25,17.01,23.81,36.92,11.74,24.0,0.319,0.396,0.447,0.843,0.128,682928
ST,Sweeper,BR,99,13.9,31,30,14,45.16,0,0.0,46,25,54.35,25.25,19,19.19,44.44,41.27,16.9,38.89,0.2,0.194,0.3,0.494,0.0999999999999999,682928
CU,Curveball,BR,37,5.2,15,15,7,46.67,0,0.0,22,10,45.45,27.03,8,21.62,48.65,63.16,7.51,43.75,0.067,0.067,0.067,0.134,0.0,682928
FC,Cutter,FB,26,3.65,5,4,1,20.0,1,20.0,9,2,22.22,7.69,8,30.77,38.46,10.0,1.88,25.0,0.5,0.6,0.5,1.1,0.0,682928
CH,Changeup,OS,23,3.23,7,6,3,42.86,0,0.0,12,4,33.33,17.39,1,4.35,21.74,26.67,6.1,23.08,0.167,0.286,0.167,0.4529999999999999,0.0,682928
SV,Slurve,BR,7,0.98,3,3,2,66.67,0,0.0,6,5,83.33,71.43,0,0.0,71.43,85.71,1.88,50.0,0.0,0.0,0.0,0.0,0.0,682928
KC,Knuckle Curve,BR,3,0.42,1,1,1,100.0,0,0.0,1,1,100.0,33.33,1,33.33,66.67,50.0,0.47,100.0,0.0,0.0,0.0,0.0,0.0,682928
SI,Sinker,FB,300,35.21,73,64,8,10.96,7,9.59,151,23,15.23,7.67,59,19.67,27.33,26.32,27.15,9.76,0.266,0.333,0.359,0.692,0.0929999999999999,682985
FF,4-Seam Fastball,FB,196,23.0,43,37,12,27.91,5,11.63,95,22,23.16,11.22,36,18.37,29.59,23.75,21.85,18.18,0.216,0.326,0.243,0.569,0.0269999999999999,682985
SL,Slider,BR,150,17.61,29,27,12,41.38,0,0.0,72,29,40.28,19.33,21,14.0,33.33,35.23,19.54,20.34,0.259,0.276,0.556,0.8320000000000001,0.297,682985
ST,Sweeper,BR,88,10.33,20,20,13,65.0,0,0.0,45,21,46.67,23.86,9,10.23,34.09,31.91,12.58,34.21,0.15,0.15,0.35,0.5,0.1999999999999999,682985
FC,Cutter,FB,37,4.34,9,7,4,44.44,2,22.22,16,8,50.0,21.62,4,10.81,32.43,5.56,4.3,30.77,0.0,0.222,0.0,0.222,0.0,682985
CU,Curveball,BR,33,3.87,10,8,4,40.0,2,20.0,12,6,50.0,18.18,3,9.09,27.27,29.17,5.3,25.0,0.125,0.3,0.25,0.55,0.125,682985
CH,Changeup,OS,24,2.82,7,6,2,28.57,1,14.29,18,5,27.78,20.83,1,4.17,25.0,63.64,4.64,14.29,0.333,0.429,0.333,0.762,0.0,682985
SV,Slurve,BR,14,1.64,6,6,3,50.0,0,0.0,10,3,30.0,21.43,1,7.14,28.57,62.5,2.65,37.5,0.0,0.0,0.0,0.0,0.0,682985
KC,Knuckle Curve,BR,9,1.06,3,3,2,66.67,0,0.0,7,5,71.43,55.56,0,0.0,55.56,75.0,1.66,40.0,0.333,0.333,0.333,0.666,0.0,682985
FS,Split-Finger,OS,1,0.12,1,1,0,0.0,0,0.0,1,0,0.0,0.0,0,0.0,0.0,,0.33,0.0,0.0,0.0,0.0,0.0,0.0,682985
FF,4-Seam Fastball,FB,53,33.54,9,7,3,33.33,1,11.11,22,5,22.73,9.43,12,22.64,32.08,25.0,36.36,15.0,0.143,0.333,0.143,0.476,0.0,682988
CH,Changeup,OS,36,22.78,9,9,1,11.11,0,0.0,20,4,20.0,11.11,2,5.56,16.67,33.33,18.18,10.0,0.222,0.222,0.222,0.444,0.0,682988
SI,Sinker,FB,15,9.49,1,1,0,0.0,0,0.0,6,1,16.67,6.67,4,26.67,33.33,0.0,1.82,0.0,0.0,0.0,0.0,0.0,0.0,682988
SL,Slider,BR,14,8.86,6,6,5,83.33,0,0.0,7,5,71.43,35.71,2,14.29,50.0,33.33,12.73,71.43,0.167,0.167,0.667,0.8340000000000001,0.5,682988
FC,Cutter,FB,14,8.86,4,3,2,50.0,1,25.0,6,2,33.33,14.29,3,21.43,35.71,14.29,5.45,66.67,0.0,0.25,0.0,0.25,0.0,682988
CU,Curveball,BR,12,7.59,4,4,3,75.0,0,0.0,7,4,57.14,33.33,1,8.33,41.67,42.86,9.09,60.0,0.0,0.0,0.0,0.0,0.0,682988
ST,Sweeper,BR,7,4.43,2,2,1,50.0,0,0.0,4,0,0.0,0.0,1,14.29,14.29,40.0,9.09,20.0,0.5,0.5,2.0,2.5,1.5,682988
KC,Knuckle Curve,BR,6,3.8,1,1,0,0.0,0,0.0,2,0,0.0,0.0,2,33.33,33.33,0.0,5.45,0.0,0.0,0.0,0.0,0.0,0.0,682988
SV,Slurve,BR,1,0.63,1,1,1,100.0,0,0.0,0,0,,0.0,1,100.0,100.0,0.0,1.82,100.0,0.0,0.0,0.0,0.0,0.0,682988
SI,Sinker,FB,212,28.8,57,48,9,15.79,5,8.77,106,20,18.87,9.43,40,18.87,28.3,36.67,21.94,20.93,0.208,0.304,0.292,0.596,0.0839999999999999,682998
SL,Slider,BR,197,26.77,53,50,13,24.53,2,3.77,96,31,32.29,15.74,26,13.2,28.93,23.96,26.02,25.49,0.18,0.226,0.38,0.606,0.2,682998
FF,4-Seam Fastball,FB,159,21.6,50,41,12,24.0,8,16.0,69,19,27.54,11.95,29,18.24,30.19,22.54,23.47,26.09,0.415,0.51,0.976,1.486,0.5609999999999999,682998
ST,Sweeper,BR,75,10.19,20,19,5,25.0,1,5.0,42,9,21.43,12.0,11,14.67,26.67,42.86,12.24,20.83,0.263,0.3,0.421,0.721,0.1579999999999999,682998
CU,Curveball,BR,34,4.62,8,8,1,12.5,0,0.0,14,2,14.29,5.88,6,17.65,23.53,27.78,4.59,11.11,0.0,0.0,0.0,0.0,0.0,682998
FC,Cutter,FB,26,3.53,4,4,0,0.0,0,0.0,13,2,15.38,7.69,3,11.54,19.23,18.18,5.61,0.0,0.25,0.25,0.25,0.5,0.0,682998
CH,Changeup,OS,11,1.49,5,4,3,60.0,1,20.0,6,3,50.0,27.27,0,0.0,27.27,28.57,3.57,42.86,0.25,0.4,0.25,0.65,0.0,682998
SV,Slurve,BR,10,1.36,3,3,0,0.0,0,0.0,5,1,20.0,10.0,1,10.0,20.0,33.33,0.51,0.0,0.0,0.0,0.0,0.0,0.0,682998
KC,Knuckle Curve,BR,8,1.09,2,2,1,50.0,0,0.0,3,0,0.0,0.0,2,25.0,25.0,25.0,2.04,25.0,0.5,0.5,2.0,2.5,1.5,682998
,,,4,0.54,1,0,0,0.0,1,100.0,0,0,,0.0,0,0.0,0.0,,0.0,,,1.0,,,,682998
SI,Sinker,FB,211,25.45,62,53,6,9.68,7,11.29,90,8,8.89,3.79,52,24.64,28.44,28.26,18.88,13.64,0.283,0.371,0.302,0.673,0.019,683002
FF,4-Seam Fastball,FB,205,24.73,46,40,8,17.39,5,10.87,97,23,23.71,11.22,39,19.02,30.24,20.0,24.46,14.04,0.25,0.348,0.35,0.698,0.0999999999999999,683002
SL,Slider,BR,168,20.27,37,35,13,35.14,2,5.41,66,23,34.85,13.69,33,19.64,33.33,22.22,21.89,25.49,0.171,0.216,0.314,0.53,0.143,683002
ST,Sweeper,BR,78,9.41,17,17,8,47.06,0,0.0,38,14,36.84,17.95,9,11.54,29.49,28.57,13.3,25.81,0.235,0.235,0.471,0.706,0.236,683002
FC,Cutter,FB,63,7.6,15,15,2,13.33,0,0.0,31,6,19.35,9.52,13,20.63,30.16,28.0,3.0,28.57,0.267,0.267,0.4,0.667,0.133,683002
CU,Curveball,BR,50,6.03,19,18,9,47.37,0,0.0,27,12,44.44,24.0,4,8.0,32.0,34.48,11.59,33.33,0.056,0.105,0.056,0.161,0.0,683002
CH,Changeup,OS,43,5.19,10,10,4,40.0,0,0.0,19,8,42.11,18.6,5,11.63,30.23,26.09,5.58,30.77,0.2,0.2,0.4,0.6000000000000001,0.2,683002
KC,Knuckle Curve,BR,7,0.84,3,3,1,33.33,0,0.0,3,1,33.33,14.29,1,14.29,28.57,25.0,0.86,50.0,0.333,0.333,0.333,0.666,0.0,683002
SV,Slurve,BR,3,0.36,1,1,0,0.0,0,0.0,1,0,0.0,0.0,1,33.33,33.33,0.0,0.43,0.0,0.0,0.0,0.0,0.0,0.0,683002
FS,Split-Finger,OS,1,0.12,0,0,0,,0,,1,1,100.0,100.0,0,0.0,100.0,100.0,0.0,,,,,,,683002
FF,4-Seam Fastball,FB,223,31.15,58,52,11,18.97,6,10.34,102,20,19.61,8.97,43,19.28,28.25,19.59,31.16,16.42,0.25,0.328,0.365,0.6930000000000001,0.1149999999999999,683011
CH,Changeup,OS,112,15.64,27,27,4,14.81,0,0.0,52,8,15.38,7.14,11,9.82,16.96,29.58,13.49,13.79,0.296,0.296,0.444,0.74,0.148,683011
SI,Sinker,FB,88,12.29,17,14,3,17.65,2,11.76,31,10,32.26,11.36,28,31.82,43.18,18.42,8.84,15.79,0.429,0.5,0.643,1.143,0.214,683011
SL,Slider,BR,87,12.15,24,19,9,37.5,3,12.5,44,15,34.09,17.24,18,20.69,37.93,42.86,13.95,30.0,0.105,0.208,0.263,0.471,0.158,683011
FC,Cutter,FB,72,10.06,18,16,3,16.67,1,5.56,29,6,20.69,8.33,15,20.83,29.17,25.0,7.44,18.75,0.25,0.294,0.5,0.794,0.25,683011
CU,Curveball,BR,61,8.52,12,12,4,33.33,0,0.0,25,5,20.0,8.2,12,19.67,27.87,13.33,12.09,15.38,0.333,0.333,0.5,0.833,0.1669999999999999,683011
ST,Sweeper,BR,41,5.73,12,9,5,41.67,2,16.67,13,6,46.15,14.63,11,26.83,41.46,26.92,9.3,25.0,0.222,0.417,0.556,0.973,0.3340000000000001,683011
KC,Knuckle Curve,BR,12,1.68,3,3,1,33.33,0,0.0,6,1,16.67,8.33,2,16.67,25.0,42.86,2.33,20.0,0.0,0.0,0.0,0.0,0.0,683011
FS,Split-Finger,OS,12,1.68,2,2,1,50.0,0,0.0,3,1,33.33,8.33,0,0.0,8.33,0.0,1.4,33.33,0.0,0.0,0.0,0.0,0.0,683011
FA,Other,,5,0.7,0,0,0,,0,,1,0,0.0,0.0,1,20.0,20.0,25.0,0.0,,,,,,,683011
SV,Slurve,BR,3,0.42,0,0,0,,0,,0,0,,0.0,2,66.67,66.67,0.0,0.0,,,,,,,683011
FF,4-Seam Fastball,FB,8,40.0,2,1,0,0.0,1,50.0,1,0,0.0,0.0,2,25.0,25.0,16.67,50.0,0.0,0.0,0.5,0.0,0.5,0.0,683021
CH,Changeup,OS,3,15.0,2,2,2,100.0,0,0.0,3,3,100.0,100.0,0,0.0,100.0,100.0,50.0,100.0,0.0,0.0,0.0,0.0,0.0,683021
FC,Cutter,FB,3,15.0,0,0,0,,0,,0,0,,0.0,1,33.33,33.33,0.0,0.0,,,,,,,683021
SI,Sinker,FB,3,15.0,0,0,0,,0,,0,0,,0.0,1,33.33,33.33,0.0,0.0,,,,,,,683021
SL,Slider,BR,3,15.0,1,1,0,0.0,0,0.0,1,0,0.0,0.0,2,66.67,66.67,,0.0,,0.0,0.0,0.0,0.0,0.0,683021
FF,4-Seam Fastball,FB,74,45.12,21,16,0,0.0,4,19.05,36,1,2.78,1.35,9,12.16,13.51,10.0,56.45,0.0,0.375,0.5,0.75,1.25,0.375,683083
CH,Changeup,OS,35,21.34,8,7,2,25.0,1,12.5,14,7,50.0,20.0,5,14.29,34.29,26.09,20.97,7.69,0.286,0.375,0.429,0.804,0.143,683083
SL,Slider,BR,17,10.37,5,5,0,0.0,0,0.0,10,1,10.0,5.88,3,17.65,23.53,0.0,9.68,0.0,0.0,0.0,0.0,0.0,0.0,683083
SI,Sinker,FB,16,9.76,1,1,1,100.0,0,0.0,7,3,42.86,18.75,4,25.0,43.75,0.0,3.23,50.0,0.0,0.0,0.0,0.0,0.0,683083
CU,Curveball,BR,13,7.93,0,0,0,,0,,3,1,33.33,7.69,3,23.08,30.77,0.0,6.45,0.0,,,,,,683083
KC,Knuckle Curve,BR,4,2.44,1,1,0,0.0,0,0.0,1,0,0.0,0.0,1,25.0,25.0,0.0,3.23,0.0,0.0,0.0,0.0,0.0,0.0,683083
CS,Slow Curve,BR,2,1.22,0,0,0,,0,,0,0,,0.0,0,0.0,0.0,0.0,0.0,,,,,,,683083
FC,Cutter,FB,2,1.22,0,0,0,,0,,0,0,,0.0,1,50.0,50.0,0.0,0.0,,,,,,,683083
ST,Sweeper,BR,1,0.61,0,0,0,,0,,0,0,,0.0,0,0.0,0.0,0.0,0.0,,,,,,,683083
FF,4-Seam Fastball,FB,23,36.51,5,5,2,40.0,0,0.0,9,3,33.33,13.04,5,21.74,34.78,18.18,35.71,40.0,0.6,0.6,1.4,2.0,0.7999999999999999,683090
SL,Slider,BR,11,17.46,3,3,1,33.33,0,0.0,6,1,16.67,9.09,0,0.0,9.09,16.67,21.43,33.33,0.333,0.333,0.333,0.666,0.0,683090
FC,Cutter,FB,8,12.7,1,1,0,0.0,0,0.0,5,1,20.0,12.5,1,12.5,25.0,0.0,14.29,0.0,0.0,0.0,0.0,0.0,0.0,683090
CH,Changeup,OS,7,11.11,3,3,0,0.0,0,0.0,3,0,0.0,0.0,0,0.0,0.0,33.33,0.0,,0.667,0.667,0.667,1.334,0.0,683090
ST,Sweeper,BR,5,7.94,1,1,1,100.0,0,0.0,2,1,50.0,20.0,2,40.0,60.0,50.0,14.29,50.0,0.0,0.0,0.0,0.0,0.0,683090
SI,Sinker,FB,4,6.35,2,2,0,0.0,0,0.0,3,1,33.33,25.0,0,0.0,25.0,100.0,7.14,0.0,0.0,0.0,0.0,0.0,0.0,683090
CU,Curveball,BR,3,4.76,1,1,0,0.0,0,0.0,1,0,0.0,0.0,1,33.33,33.33,33.33,7.14,0.0,0.0,0.0,0.0,0.0,0.0,683090
FS,Split-Finger,OS,2,3.17,1,1,0,0.0,0,0.0,2,1,50.0,50.0,0,0.0,50.0,100.0,0.0,,0.0,0.0,0.0,0.0,0.0,683090
FF,4-Seam Fastball,FB,88,28.95,32,29,9,28.12,2,6.25,53,9,16.98,10.23,11,12.5,22.73,27.59,29.89,34.62,0.276,0.344,0.517,0.861,0.241,683146
SL,Slider,BR,85,27.96,16,15,2,12.5,1,6.25,33,6,18.18,7.06,15,17.65,24.71,21.74,25.29,9.09,0.2,0.25,0.2,0.45,0.0,683146
SI,Sinker,FB,59,19.41,18,17,2,11.11,1,5.56,28,4,14.29,6.78,19,32.2,38.98,55.0,10.34,22.22,0.353,0.389,0.529,0.918,0.176,683146
ST,Sweeper,BR,27,8.88,7,7,5,71.43,0,0.0,12,7,58.33,25.93,6,22.22,48.15,37.5,12.64,45.45,0.0,0.0,0.0,0.0,0.0,683146
CU,Curveball,BR,20,6.58,3,2,1,33.33,0,0.0,5,1,20.0,5.0,2,10.0,15.0,7.14,12.64,9.09,0.0,0.333,0.0,0.333,0.0,683146
FC,Cutter,FB,9,2.96,3,3,0,0.0,0,0.0,4,0,0.0,0.0,1,11.11,11.11,0.0,1.15,0.0,0.333,0.333,0.333,0.666,0.0,683146
FS,Split-Finger,OS,8,2.63,2,2,0,0.0,0,0.0,4,0,0.0,0.0,0,0.0,0.0,20.0,6.9,0.0,0.5,0.5,0.5,1.0,0.0,683146
SV,Slurve,BR,5,1.64,1,1,0,0.0,0,0.0,1,0,0.0,0.0,1,20.0,20.0,0.0,0.0,,0.0,0.0,0.0,0.0,0.0,683146
CH,Changeup,OS,3,0.99,1,1,0,0.0,0,0.0,1,0,0.0,0.0,0,0.0,0.0,0.0,1.15,0.0,0.0,0.0,0.0,0.0,0.0,683146
FF,4-Seam Fastball,FB,62,32.98,17,15,3,17.65,1,5.88,32,5,15.62,8.06,15,24.19,32.26,54.55,35.48,13.64,0.133,0.176,0.533,0.7090000000000001,0.4,683227
CH,Changeup,OS,33,17.55,11,11,1,9.09,0,0.0,19,2,10.53,6.06,4,12.12,18.18,33.33,14.52,11.11,0.182,0.182,0.273,0.455,0.091,683227
CU,Curveball,BR,24,12.77,4,4,1,25.0,0,0.0,8,1,12.5,4.17,7,29.17,33.33,40.0,16.13,10.0,0.5,0.5,0.5,1.0,0.0,683227
SI,Sinker,FB,22,11.7,4,4,0,0.0,0,0.0,6,0,0.0,0.0,9,40.91,40.91,10.0,4.84,0.0,0.0,0.0,0.0,0.0,0.0,683227
SL,Slider,BR,19,10.11,3,3,0,0.0,0,0.0,8,0,0.0,0.0,6,31.58,31.58,44.44,6.45,0.0,0.0,0.0,0.0,0.0,0.0,683227
ST,Sweeper,BR,13,6.91,4,4,1,25.0,0,0.0,6,1,16.67,7.69,2,15.38,23.08,0.0,12.9,12.5,0.75,0.75,1.0,1.75,0.25,683227
FC,Cutter,FB,12,6.38,3,3,2,66.67,0,0.0,9,5,55.56,41.67,1,8.33,50.0,50.0,8.06,40.0,0.0,0.0,0.0,0.0,0.0,683227
FS,Split-Finger,OS,2,1.06,1,1,0,0.0,0,0.0,1,0,0.0,0.0,0,0.0,0.0,50.0,1.61,0.0,0.0,0.0,0.0,0.0,0.0,683227
KC,Knuckle Curve,BR,1,0.53,1,1,0,0.0,0,0.0,1,0,0.0,0.0,0,0.0,0.0,100.0,0.0,,0.0,0.0,0.0,0.0,0.0,683227
FF,4-Seam Fastball,FB,186,34.57,44,38,6,13.64,5,11.36,88,14,15.91,7.53,30,16.13,23.66,26.88,34.19,11.32,0.342,0.409,0.447,0.856,0.1049999999999999,683734
SL,Slider,BR,72,13.38,17,16,3,17.65,1,5.88,42,11,26.19,15.28,9,12.5,27.78,36.36,12.26,15.79,0.312,0.353,0.5,0.853,0.188,683734
CH,Changeup,OS,70,13.01,21,16,2,9.52,4,19.05,28,4,14.29,5.71,9,12.86,18.57,15.38,13.55,9.52,0.375,0.5,0.688,1.188,0.3129999999999999,683734
CU,Curveball,BR,62,11.52,11,10,1,9.09,1,9.09,20,4,20.0,6.45,11,17.74,24.19,21.62,13.55,4.76,0.3,0.364,0.5,0.864,0.2,683734
SI,Sinker,FB,54,10.04,13,12,2,15.38,1,7.69,24,4,16.67,7.41,8,14.81,22.22,20.69,7.74,16.67,0.417,0.462,0.5,0.962,0.083,683734
ST,Sweeper,BR,38,7.06,10,7,2,20.0,2,20.0,16,3,18.75,7.89,9,23.68,31.58,26.32,7.74,16.67,0.0,0.3,0.0,0.3,0.0,683734
FC,Cutter,FB,29,5.39,9,9,1,11.11,0,0.0,17,1,5.88,3.45,5,17.24,20.69,30.0,2.58,25.0,0.222,0.222,0.444,0.666,0.222,683734
FS,Split-Finger,OS,14,2.6,4,4,1,25.0,0,0.0,8,1,12.5,7.14,2,14.29,21.43,55.56,4.52,14.29,0.25,0.25,0.25,0.5,0.0,683734
KC,Knuckle Curve,BR,10,1.86,2,2,0,0.0,0,0.0,3,1,33.33,10.0,2,20.0,30.0,0.0,2.58,0.0,0.5,0.5,1.0,1.5,0.5,683734
SV,Slurve,BR,2,0.37,1,1,0,0.0,0,0.0,2,0,0.0,0.0,0,0.0,0.0,100.0,1.29,0.0,0.0,0.0,0.0,0.0,0.0,683734
CS,Slow Curve,BR,1,0.19,0,0,0,,0,,0,0,,0.0,0,0.0,0.0,0.0,0.0,,,,,,,683734
SL,Slider,BR,101,27.45,26,21,8,30.77,4,15.38,48,19,39.58,18.81,14,13.86,32.67,32.08,28.83,25.0,0.143,0.308,0.286,0.594,0.143,683737
SI,Sinker,FB,94,25.54,25,23,3,12.0,2,8.0,42,7,16.67,7.45,23,24.47,31.91,18.42,17.12,15.79,0.174,0.24,0.174,0.414,0.0,683737
FF,4-Seam Fastball,FB,91,24.73,19,18,8,42.11,1,5.26,32,1,3.12,1.1,26,28.57,29.67,8.33,24.32,29.63,0.111,0.158,0.278,0.436,0.167,683737
FC,Cutter,FB,28,7.61,8,8,2,25.0,0,0.0,17,5,29.41,17.86,4,14.29,32.14,41.67,8.11,22.22,0.375,0.375,0.5,0.875,0.125,683737
CU,Curveball,BR,27,7.34,8,8,3,37.5,0,0.0,10,2,20.0,7.41,2,7.41,14.81,13.33,10.81,25.0,0.375,0.375,0.75,1.125,0.375,683737
ST,Sweeper,BR,16,4.35,6,6,1,16.67,0,0.0,8,3,37.5,18.75,0,0.0,18.75,0.0,3.6,25.0,0.333,0.333,0.833,1.166,0.4999999999999999,683737
CH,Changeup,OS,10,2.72,2,2,1,50.0,0,0.0,4,3,75.0,30.0,0,0.0,30.0,25.0,7.21,12.5,0.5,0.5,1.0,1.5,0.5,683737
EP,Eephus,,1,0.27,1,1,0,0.0,0,0.0,1,0,0.0,0.0,0,0.0,0.0,,0.0,,0.0,0.0,0.0,0.0,0.0,683737
SI,Sinker,FB,12,36.36,4,3,0,0.0,1,25.0,7,2,28.57,16.67,1,8.33,25.0,0.0,0.0,,0.333,0.5,0.333,0.833,0.0,683748
SL,Slider,BR,11,33.33,6,5,1,16.67,0,0.0,7,2,28.57,18.18,1,9.09,27.27,40.0,100.0,50.0,0.4,0.4,1.0,1.4,0.6,683748
ST,Sweeper,BR,5,15.15,1,1,0,0.0,0,0.0,1,0,0.0,0.0,1,20.0,20.0,0.0,0.0,,0.0,0.0,0.0,0.0,0.0,683748
FF,4-Seam Fastball,FB,3,9.09,0,0,0,,0,,2,1,50.0,33.33,0,0.0,33.33,0.0,0.0,,,,,,,683748
CH,Changeup,OS,1,3.03,0,0,0,,0,,0,0,,0.0,0,0.0,0.0,0.0,0.0,,,,,,,683748
FS,Split-Finger,OS,1,3.03,1,1,0,0.0,0,0.0,1,0,0.0,0.0,0,0.0,0.0,,0.0,,0.0,0.0,0.0,0.0,0.0,683748
FF,4-Seam Fastball,FB,45,28.12,15,13,5,33.33,1,6.67,21,11,52.38,24.44,5,11.11,35.56,14.29,30.43,35.71,0.231,0.333,0.231,0.5640000000000001,0.0,683766
CH,Changeup,OS,35,21.88,11,11,4,36.36,0,0.0,20,9,45.0,25.71,1,2.86,28.57,41.67,17.39,50.0,0.273,0.273,0.364,0.637,0.0909999999999999,683766
SI,Sinker,FB,28,17.5,8,7,4,50.0,1,12.5,10,3,30.0,10.71,10,35.71,46.43,25.0,13.04,66.67,0.286,0.375,0.286,0.661,0.0,683766
SL,Slider,BR,18,11.25,3,2,1,33.33,0,0.0,10,4,40.0,22.22,1,5.56,27.78,46.67,23.91,9.09,0.5,0.667,0.5,1.167,0.0,683766
CU,Curveball,BR,15,9.38,4,4,2,50.0,0,0.0,10,5,50.0,33.33,2,13.33,46.67,50.0,10.87,40.0,0.0,0.0,0.0,0.0,0.0,683766
FC,Cutter,FB,12,7.5,2,2,0,0.0,0,0.0,6,1,16.67,8.33,1,8.33,16.67,20.0,2.17,0.0,1.0,1.0,1.0,2.0,0.0,683766
ST,Sweeper,BR,6,3.75,4,4,1,25.0,0,0.0,6,2,33.33,33.33,0,0.0,33.33,100.0,2.17,100.0,0.25,0.25,0.25,0.5,0.0,683766
FS,Split-Finger,OS,1,0.62,0,0,0,,0,,1,0,0.0,0.0,0,0.0,0.0,,0.0,,,,,,,683766
SI,Sinker,FB,10,29.41,4,4,1,25.0,0,0.0,3,0,0.0,0.0,4,40.0,40.0,25.0,33.33,50.0,0.25,0.25,0.25,0.5,0.0,683770
FF,4-Seam Fastball,FB,9,26.47,0,0,0,,0,,3,0,0.0,0.0,2,22.22,22.22,0.0,33.33,0.0,,,,,,683770
SL,Slider,BR,7,20.59,4,3,1,25.0,0,0.0,5,2,40.0,28.57,1,14.29,42.86,75.0,16.67,100.0,0.0,0.0,0.0,0.0,0.0,683770
ST,Sweeper,BR,5,14.71,2,2,1,50.0,0,0.0,3,1,33.33,20.0,1,20.0,40.0,50.0,16.67,100.0,0.5,0.5,0.5,1.0,0.0,683770
FC,Cutter,FB,2,5.88,0,0,0,,0,,1,0,0.0,0.0,0,0.0,0.0,50.0,0.0,,,,,,,683770
CH,Changeup,OS,1,2.94,0,0,0,,0,,0,0,,0.0,0,0.0,0.0,0.0,0.0,,,,,,,683770
FF,4-Seam Fastball,FB,23,24.73,4,4,3,75.0,0,0.0,11,7,63.64,30.43,5,21.74,52.17,46.15,26.32,30.0,0.25,0.25,1.0,1.25,0.75,685301
CH,Changeup,OS,18,19.35,4,4,2,50.0,0,0.0,9,4,44.44,22.22,3,16.67,38.89,41.67,15.79,33.33,0.0,0.0,0.0,0.0,0.0,685301
CU,Curveball,BR,16,17.2,5,5,2,40.0,0,0.0,11,4,36.36,25.0,2,12.5,37.5,50.0,18.42,28.57,0.2,0.2,0.2,0.4,0.0,685301
SL,Slider,BR,12,12.9,3,3,2,66.67,0,0.0,5,4,80.0,33.33,3,25.0,58.33,28.57,13.16,40.0,0.333,0.333,0.333,0.666,0.0,685301
SI,Sinker,FB,8,8.6,2,2,0,0.0,0,0.0,4,1,25.0,12.5,3,37.5,50.0,66.67,7.89,0.0,0.5,0.5,1.5,2.0,1.0,685301
FC,Cutter,FB,7,7.53,3,3,0,0.0,0,0.0,3,0,0.0,0.0,2,28.57,28.57,50.0,0.0,,0.0,0.0,0.0,0.0,0.0,685301
FS,Split-Finger,OS,5,5.38,2,2,0,0.0,0,0.0,3,1,33.33,20.0,0,0.0,20.0,60.0,10.53,0.0,0.0,0.0,0.0,0.0,0.0,685301
ST,Sweeper,BR,4,4.3,0,0,0,,0,,4,0,0.0,0.0,0,0.0,0.0,100.0,7.89,0.0,,,,,,685301
FF,4-Seam Fastball,FB,3,75.0,1,0,0,0.0,1,100.0,0,0,,0.0,0,0.0,0.0,0.0,,,,1.0,,,,685744
CH,Changeup,OS,1,25.0,0,0,0,,0,,0,0,,0.0,0,0.0,0.0,0.0,,,,,,,,685744
FF,4-Seam Fastball,FB,184,29.73,50,44,2,4.0,5,10.0,79,6,7.59,3.26,44,23.91,27.17,35.23,25.33,5.26,0.318,0.38,0.364,0.744,0.0459999999999999,686217
SI,Sinker,FB,176,28.43,56,51,6,10.71,2,3.57,85,6,7.06,3.41,40,22.73,26.14,33.8,20.0,20.0,0.275,0.327,0.275,0.6020000000000001,0.0,686217
SL,Slider,BR,99,15.99,34,32,7,20.59,2,5.88,49,9,18.37,9.09,14,14.14,23.23,28.89,22.67,20.59,0.312,0.353,0.375,0.728,0.063,686217
ST,Sweeper,BR,65,10.5,16,14,4,25.0,0,0.0,27,8,29.63,12.31,10,15.38,27.69,18.75,12.0,22.22,0.357,0.438,0.5,0.938,0.143,686217
CU,Curveball,BR,35,5.65,5,3,0,0.0,0,0.0,12,2,16.67,5.71,7,20.0,25.71,18.75,4.67,0.0,0.667,0.667,0.667,1.334,0.0,686217
FC,Cutter,FB,23,3.72,4,3,1,25.0,1,25.0,8,1,12.5,4.35,9,39.13,43.48,16.67,2.0,0.0,0.0,0.25,0.0,0.25,0.0,686217
CH,Changeup,OS,21,3.39,6,6,1,16.67,0,0.0,14,3,21.43,14.29,0,0.0,14.29,25.0,7.33,9.09,0.167,0.167,0.167,0.334,0.0,686217
KC,Knuckle Curve,BR,11,1.78,2,2,1,50.0,0,0.0,2,0,0.0,0.0,1,9.09,9.09,12.5,4.0,16.67,0.5,0.5,0.5,1.0,0.0,686217
FS,Split-Finger,OS,4,0.65,1,1,1,100.0,0,0.0,3,1,33.33,25.0,0,0.0,25.0,50.0,2.0,33.33,0.0,0.0,0.0,0.0,0.0,686217
SV,Slurve,BR,1,0.16,0,0,0,,0,,0,0,,0.0,0,0.0,0.0,,0.0,,,,,,,686217
FF,4-Seam Fastball,FB,23,40.35,4,4,2,50.0,0,0.0,12,5,41.67,21.74,5,21.74,43.48,22.22,47.37,22.22,0.25,0.25,0.5,0.75,0.25,686452
SI,Sinker,FB,8,14.04,3,3,1,33.33,0,0.0,4,1,25.0,12.5,1,12.5,25.0,40.0,5.26,100.0,0.0,0.0,0.0,0.0,0.0,686452
CH,Changeup,OS,7,12.28,2,2,1,50.0,0,0.0,2,1,50.0,14.29,0,0.0,14.29,16.67,26.32,20.0,0.0,0.0,0.0,0.0,0.0,686452
CU,Curveball,BR,5,8.77,0,0,0,,0,,0,0,,0.0,2,40.0,40.0,0.0,0.0,,,,,,,686452
FC,Cutter,FB,5,8.77,2,2,0,0.0,0,0.0,5,1,20.0,20.0,0,0.0,20.0,,0.0,,0.5,0.5,0.5,1.0,0.0,686452
SL,Slider,BR,4,7.02,1,1,1,100.0,0,0.0,1,1,100.0,25.0,0,0.0,25.0,0.0,10.53,50.0,0.0,0.0,0.0,0.0,0.0,686452
ST,Sweeper,BR,3,5.26,0,0,0,,0,,1,0,0.0,0.0,0,0.0,0.0,0.0,0.0,,,,,,,686452
FS,Split-Finger,OS,2,3.51,1,0,0,0.0,1,100.0,0,0,,0.0,0,0.0,0.0,0.0,10.53,0.0,,1.0,,,,686452
FF,4-Seam Fastball,FB,194,31.19,54,49,11,20.37,3,5.56,99,15,15.15,7.73,37,19.07,26.8,27.5,33.5,16.42,0.224,0.278,0.51,0.788,0.286,686469
SI,Sinker,FB,155,24.92,46,44,7,15.22,1,2.17,84,9,10.71,5.81,33,21.29,27.1,33.87,17.0,20.59,0.273,0.283,0.341,0.624,0.068,686469
SL,Slider,BR,131,21.06,28,26,8,28.57,1,3.57,67,18,26.87,13.74,17,12.98,26.72,36.62,21.5,18.6,0.192,0.214,0.308,0.522,0.1159999999999999,686469
ST,Sweeper,BR,56,9.0,14,12,5,35.71,2,14.29,23,9,39.13,16.07,10,17.86,33.93,29.03,12.0,20.83,0.167,0.286,0.167,0.4529999999999999,0.0,686469
CU,Curveball,BR,30,4.82,7,6,4,57.14,0,0.0,14,8,57.14,26.67,5,16.67,43.33,31.25,6.0,33.33,0.0,0.0,0.0,0.0,0.0,686469
FC,Cutter,FB,29,4.66,7,7,1,14.29,0,0.0,14,5,35.71,17.24,6,20.69,37.93,41.67,3.0,16.67,0.143,0.143,0.143,0.286,0.0,686469
CH,Changeup,OS,26,4.18,7,6,3,42.86,1,14.29,14,5,35.71,19.23,1,3.85,23.08,28.57,7.0,21.43,0.167,0.286,0.667,0.953,0.5,686469
KC,Knuckle Curve,BR,1,0.16,1,1,0,0.0,0,0.0,1,0,0.0,0.0,0,0.0,0.0,100.0,0.0,,0.0,0.0,0.0,0.0,0.0,686469
FF,4-Seam Fastball,FB,48,38.1,17,16,0,0.0,0,0.0,29,1,3.45,2.08,4,8.33,10.42,16.67,28.57,0.0,0.188,0.235,0.375,0.61,0.187,686475
SI,Sinker,FB,18,14.29,6,6,0,0.0,0,0.0,10,1,10.0,5.56,3,16.67,22.22,44.44,11.43,0.0,0.667,0.667,1.0,1.667,0.3329999999999999,686475
SL,Slider,BR,16,12.7,2,2,1,50.0,0,0.0,10,5,50.0,31.25,0,0.0,31.25,45.45,14.29,20.0,0.0,0.0,0.0,0.0,0.0,686475
CH,Changeup,OS,16,12.7,4,3,3,75.0,1,25.0,7,6,85.71,37.5,2,12.5,50.0,36.36,20.0,42.86,0.0,0.25,0.0,0.25,0.0,686475
FC,Cutter,FB,14,11.11,3,1,0,0.0,0,0.0,6,2,33.33,14.29,1,7.14,21.43,0.0,5.71,0.0,0.0,0.333,0.0,0.333,0.0,686475
CU,Curveball,BR,7,5.56,1,1,1,100.0,0,0.0,2,2,100.0,28.57,1,14.29,42.86,33.33,5.71,50.0,0.0,0.0,0.0,0.0,0.0,686475
SV,Slurve,BR,5,3.97,0,0,0,,0,,2,1,50.0,20.0,0,0.0,20.0,40.0,8.57,0.0,,,,,,686475
ST,Sweeper,BR,2,1.59,2,2,1,50.0,0,0.0,1,0,0.0,0.0,1,50.0,50.0,,5.71,50.0,0.0,0.0,0.0,0.0,0.0,686475
SL,Slider,BR,68,26.56,17,16,7,41.18,0,0.0,34,18,52.94,26.47,11,16.18,42.65,38.24,30.12,28.0,0.188,0.176,0.188,0.364,0.0,686527
FF,4-Seam Fastball,FB,54,21.09,16,12,5,31.25,4,25.0,26,6,23.08,11.11,11,20.37,31.48,25.0,24.1,25.0,0.25,0.438,0.333,0.771,0.083,686527
SI,Sinker,FB,51,19.92,14,11,1,7.14,2,14.29,21,1,4.76,1.96,16,31.37,33.33,23.53,14.46,8.33,0.364,0.5,0.636,1.136,0.272,686527
ST,Sweeper,BR,49,19.14,12,10,2,16.67,2,16.67,19,7,36.84,14.29,5,10.2,24.49,19.35,20.48,11.76,0.1,0.25,0.1,0.35,0.0,686527
FC,Cutter,FB,20,7.81,6,6,0,0.0,0,0.0,9,1,11.11,5.0,4,20.0,25.0,36.36,3.61,0.0,0.5,0.5,0.5,1.0,0.0,686527
CH,Changeup,OS,8,3.12,1,1,0,0.0,0,0.0,4,1,25.0,12.5,0,0.0,12.5,33.33,3.61,0.0,0.0,0.0,0.0,0.0,0.0,686527
CU,Curveball,BR,6,2.34,2,2,0,0.0,0,0.0,4,0,0.0,0.0,2,33.33,33.33,100.0,3.61,0.0,1.0,1.0,1.0,2.0,0.0,686527
FF,4-Seam Fastball,FB,7,38.89,2,2,1,50.0,0,0.0,2,1,50.0,14.29,2,28.57,42.86,25.0,75.0,33.33,0.0,0.0,0.0,0.0,0.0,686554
SI,Sinker,FB,4,22.22,1,1,0,0.0,0,0.0,1,0,0.0,0.0,1,25.0,25.0,0.0,0.0,,0.0,0.0,0.0,0.0,0.0,686554
SL,Slider,BR,3,16.67,1,1,0,0.0,0,0.0,2,0,0.0,0.0,0,0.0,0.0,0.0,0.0,,0.0,0.0,0.0,0.0,0.0,686554
CU,Curveball,BR,2,11.11,1,1,0,0.0,0,0.0,1,0,0.0,0.0,1,50.0,50.0,,25.0,0.0,0.0,0.0,0.0,0.0,0.0,686554
ST,Sweeper,BR,2,11.11,1,0,0,0.0,0,0.0,1,0,0.0,0.0,0,0.0,0.0,50.0,0.0,,,,,,,686554
FF,4-Seam Fastball,FB,229,42.25,55,50,13,23.64,5,9.09,110,24,21.82,10.48,36,15.72,26.2,16.13,40.88,20.0,0.16,0.236,0.22,0.4559999999999999,0.06,686555
SI,Sinker,FB,85,15.68,28,24,1,3.57,2,7.14,43,6,13.95,7.06,18,21.18,28.24,10.34,10.06,6.25,0.292,0.333,0.417,0.75,0.125,686555
CH,Changeup,OS,63,11.62,18,17,1,5.56,1,5.56,28,7,25.0,11.11,6,9.52,20.63,31.71,9.43,6.67,0.118,0.167,0.118,0.285,0.0,686555
SL,Slider,BR,54,9.96,17,13,5,29.41,3,17.65,28,10,35.71,18.52,6,11.11,29.63,28.57,11.95,26.32,0.231,0.353,0.462,0.815,0.231,686555
CU,Curveball,BR,43,7.93,12,7,4,33.33,2,16.67,11,4,36.36,9.3,11,25.58,34.88,18.52,11.95,21.05,0.286,0.583,1.0,1.583,0.714,686555
ST,Sweeper,BR,23,4.24,5,3,2,40.0,1,20.0,8,3,37.5,13.04,7,30.43,43.48,30.77,5.66,22.22,0.333,0.6,0.667,1.267,0.334,686555
FS,Split-Finger,OS,20,3.69,5,5,1,20.0,0,0.0,9,2,22.22,10.0,0,0.0,10.0,9.09,5.66,11.11,0.6,0.6,0.8,1.4,0.2,686555
FC,Cutter,FB,17,3.14,4,4,1,25.0,0,0.0,11,2,18.18,11.76,3,17.65,29.41,50.0,2.52,25.0,0.75,0.75,2.25,3.0,1.5,686555
KC,Knuckle Curve,BR,6,1.11,2,2,2,100.0,0,0.0,3,2,66.67,33.33,0,0.0,33.33,40.0,1.89,66.67,0.0,0.0,0.0,0.0,0.0,686555
CS,Slow Curve,BR,1,0.18,0,0,0,,0,,0,0,,0.0,0,0.0,0.0,0.0,0.0,,,,,,,686555
,,,1,0.18,0,0,0,,0,,0,0,,0.0,0,0.0,0.0,,0.0,,,,,,,686555
FF,4-Seam Fastball,FB,95,34.8,28,26,8,28.57,1,3.57,45,8,17.78,8.42,18,18.95,27.37,21.95,39.47,26.67,0.077,0.143,0.231,0.374,0.154,686611
CH,Changeup,OS,65,23.81,17,17,3,17.65,0,0.0,32,11,34.38,16.92,5,7.69,24.62,25.64,18.42,21.43,0.176,0.176,0.176,0.352,0.0,686611
SL,Slider,BR,36,13.19,10,9,3,30.0,1,10.0,19,5,26.32,13.89,6,16.67,30.56,23.08,15.79,25.0,0.444,0.5,0.667,1.167,0.223,686611
SI,Sinker,FB,32,11.72,9,9,0,0.0,0,0.0,11,1,9.09,3.12,8,25.0,28.12,7.14,3.95,0.0,0.444,0.444,0.444,0.888,0.0,686611
ST,Sweeper,BR,17,6.23,3,2,0,0.0,1,33.33,7,3,42.86,17.65,6,35.29,52.94,20.0,5.26,0.0,0.0,0.333,0.0,0.333,0.0,686611
CU,Curveball,BR,15,5.49,5,5,1,20.0,0,0.0,10,1,10.0,6.67,5,33.33,40.0,100.0,7.89,16.67,0.4,0.4,0.4,0.8,0.0,686611
FC,Cutter,FB,13,4.76,7,7,3,42.86,0,0.0,8,3,37.5,23.08,2,15.38,38.46,60.0,9.21,42.86,0.0,0.0,0.0,0.0,0.0,686611
FF,4-Seam Fastball,FB,178,36.25,50,47,13,26.0,3,6.0,99,26,26.26,14.61,19,10.67,25.28,23.81,41.96,21.67,0.277,0.32,0.574,0.8939999999999999,0.2969999999999999,686668
SI,Sinker,FB,71,14.46,21,19,1,4.76,1,4.76,41,6,14.63,8.45,12,16.9,25.35,36.67,7.69,9.09,0.368,0.4,0.421,0.821,0.0529999999999999,686668
CH,Changeup,OS,69,14.05,14,12,3,21.43,2,14.29,29,9,31.03,13.04,2,2.9,15.94,19.57,16.78,12.5,0.333,0.429,0.417,0.846,0.0839999999999999,686668
SL,Slider,BR,67,13.65,21,18,5,23.81,3,14.29,40,12,30.0,17.91,7,10.45,28.36,41.67,18.18,19.23,0.333,0.429,0.556,0.985,0.223,686668
FC,Cutter,FB,34,6.92,5,4,1,20.0,1,20.0,16,4,25.0,11.76,7,20.59,32.35,35.29,2.8,25.0,0.25,0.4,0.25,0.65,0.0,686668
CU,Curveball,BR,32,6.52,11,10,3,27.27,0,0.0,18,8,44.44,25.0,0,0.0,25.0,33.33,4.9,42.86,0.2,0.182,0.4,0.5820000000000001,0.2,686668
ST,Sweeper,BR,30,6.11,12,12,2,16.67,0,0.0,13,2,15.38,6.67,6,20.0,26.67,29.41,6.29,22.22,0.333,0.333,0.333,0.666,0.0,686668
KC,Knuckle Curve,BR,6,1.22,1,1,0,0.0,0,0.0,3,1,33.33,16.67,1,16.67,33.33,33.33,0.0,,1.0,1.0,1.0,2.0,0.0,686668
SV,Slurve,BR,2,0.41,1,1,0,0.0,0,0.0,1,0,0.0,0.0,0,0.0,0.0,0.0,0.0,,0.0,0.0,0.0,0.0,0.0,686668
CS,Slow Curve,BR,1,0.2,0,0,0,,0,,0,0,,0.0,0,0.0,0.0,0.0,0.7,0.0,,,,,,686668
FS,Split-Finger,OS,1,0.2,0,0,0,,0,,0,0,,0.0,0,0.0,0.0,0.0,0.7,0.0,,,,,,686668
FF,4-Seam Fastball,FB,15,28.85,4,3,1,25.0,1,25.0,7,1,14.29,6.67,2,13.33,20.0,28.57,23.08,33.33,0.333,0.5,0.333,0.833,0.0,686676
CH,Changeup,OS,7,13.46,4,4,2,50.0,0,0.0,6,4,66.67,57.14,0,0.0,57.14,80.0,23.08,66.67,0.25,0.25,1.0,1.25,0.75,686676
FC,Cutter,FB,7,13.46,1,1,0,0.0,0,0.0,3,0,0.0,0.0,2,28.57,28.57,33.33,7.69,0.0,0.0,0.0,0.0,0.0,0.0,686676
SI,Sinker,FB,6,11.54,2,2,0,0.0,0,0.0,4,0,0.0,0.0,0,0.0,0.0,33.33,15.38,0.0,0.5,0.5,0.5,1.0,0.0,686676
SL,Slider,BR,5,9.62,1,1,0,0.0,0,0.0,2,0,0.0,0.0,0,0.0,0.0,0.0,15.38,0.0,0.0,0.0,0.0,0.0,0.0,686676
ST,Sweeper,BR,4,7.69,1,1,0,0.0,0,0.0,1,0,0.0,0.0,2,50.0,50.0,0.0,0.0,,0.0,0.0,0.0,0.0,0.0,686676
CU,Curveball,BR,4,7.69,1,1,0,0.0,0,0.0,1,0,0.0,0.0,0,0.0,0.0,0.0,0.0,,1.0,1.0,1.0,2.0,0.0,686676
KC,Knuckle Curve,BR,3,5.77,0,0,0,,0,,3,1,33.33,33.33,0,0.0,33.33,100.0,15.38,0.0,,,,,,686676
FS,Split-Finger,OS,1,1.92,0,0,0,,0,,0,0,,0.0,0,0.0,0.0,0.0,0.0,,,,,,,686676
SI,Sinker,FB,45,26.47,10,9,0,0.0,1,10.0,23,4,17.39,8.89,12,26.67,35.56,36.84,23.21,0.0,0.333,0.4,0.333,0.7330000000000001,0.0,686681
FF,4-Seam Fastball,FB,37,21.76,11,10,3,27.27,0,0.0,19,4,21.05,10.81,6,16.22,27.03,14.29,21.43,25.0,0.2,0.2,0.3,0.5,0.0999999999999999,686681
SL,Slider,BR,35,20.59,10,10,1,10.0,0,0.0,22,4,18.18,11.43,4,11.43,22.86,46.67,17.86,10.0,0.1,0.1,0.1,0.2,0.0,686681
ST,Sweeper,BR,20,11.76,10,10,1,10.0,0,0.0,12,3,25.0,15.0,2,10.0,25.0,45.45,12.5,14.29,0.4,0.4,0.5,0.9,0.0999999999999999,686681
CU,Curveball,BR,14,8.24,3,3,0,0.0,0,0.0,9,0,0.0,0.0,1,7.14,7.14,55.56,12.5,0.0,0.333,0.333,0.333,0.666,0.0,686681
CH,Changeup,OS,9,5.29,3,3,3,100.0,0,0.0,4,3,75.0,33.33,2,22.22,55.56,20.0,8.93,60.0,0.0,0.0,0.0,0.0,0.0,686681
FC,Cutter,FB,6,3.53,2,2,1,50.0,0,0.0,3,1,33.33,16.67,0,0.0,16.67,40.0,1.79,100.0,0.0,0.0,0.0,0.0,0.0,686681
SV,Slurve,BR,4,2.35,0,0,0,,0,,1,1,100.0,25.0,1,25.0,50.0,0.0,1.79,0.0,,,,,,686681
FF,4-Seam Fastball,FB,32,26.67,8,8,2,25.0,0,0.0,15,5,33.33,15.62,8,25.0,40.62,35.71,26.92,28.57,0.375,0.375,0.625,1.0,0.25,686765
CH,Changeup,OS,21,17.5,7,7,1,14.29,0,0.0,12,3,25.0,14.29,3,14.29,28.57,40.0,19.23,20.0,0.429,0.429,0.571,1.0,0.1419999999999999,686765
CU,Curveball,BR,18,15.0,6,6,3,50.0,0,0.0,8,2,25.0,11.11,4,22.22,33.33,25.0,23.08,50.0,0.167,0.167,0.167,0.334,0.0,686765
SI,Sinker,FB,18,15.0,7,7,1,14.29,0,0.0,7,0,0.0,0.0,6,33.33,33.33,14.29,7.69,50.0,0.429,0.429,0.429,0.858,0.0,686765
SL,Slider,BR,14,11.67,5,5,2,40.0,0,0.0,5,2,40.0,14.29,4,28.57,42.86,28.57,15.38,50.0,0.2,0.2,0.2,0.4,0.0,686765
FC,Cutter,FB,10,8.33,2,2,0,0.0,0,0.0,4,0,0.0,0.0,3,30.0,30.0,20.0,7.69,0.0,1.0,1.0,1.5,2.5,0.5,686765
ST,Sweeper,BR,3,2.5,0,0,0,,0,,1,0,0.0,0.0,1,33.33,33.33,0.0,0.0,,,,,,,686765
FS,Split-Finger,OS,2,1.67,0,0,0,,0,,1,1,100.0,50.0,0,0.0,50.0,0.0,0.0,,,,,,,686765
KC,Knuckle Curve,BR,1,0.83,0,0,0,,0,,0,0,,0.0,1,100.0,100.0,,0.0,,,,,,,686765
SV,Slurve,BR,1,0.83,0,0,0,,0,,0,0,,0.0,0,0.0,0.0,0.0,0.0,,,,,,,686765
FF,4-Seam Fastball,FB,126,27.39,23,21,5,21.74,1,4.35,60,9,15.0,7.14,19,15.08,22.22,28.12,26.95,13.16,0.19,0.217,0.286,0.503,0.0959999999999999,686780
SI,Sinker,FB,92,20.0,17,13,3,17.65,4,23.53,42,9,21.43,9.78,18,19.57,29.35,36.17,12.77,16.67,0.385,0.529,0.462,0.991,0.077,686780
CH,Changeup,OS,87,18.91,25,25,13,52.0,0,0.0,53,25,47.17,28.74,8,9.2,37.93,49.02,22.7,40.62,0.24,0.24,0.24,0.48,0.0,686780
CU,Curveball,BR,49,10.65,15,13,7,46.67,1,6.67,22,10,45.45,20.41,10,20.41,40.82,42.86,12.77,38.89,0.077,0.133,0.154,0.287,0.077,686780
SL,Slider,BR,36,7.83,11,11,2,18.18,0,0.0,19,5,26.32,13.89,2,5.56,19.44,25.0,9.22,15.38,0.273,0.273,0.273,0.546,0.0,686780
FC,Cutter,FB,26,5.65,8,8,0,0.0,0,0.0,16,2,12.5,7.69,3,11.54,19.23,40.0,3.55,0.0,0.5,0.5,1.0,1.5,0.5,686780
ST,Sweeper,BR,17,3.7,5,4,2,40.0,0,0.0,8,5,62.5,29.41,3,17.65,47.06,30.0,6.38,22.22,0.0,0.2,0.0,0.2,0.0,686780
FS,Split-Finger,OS,10,2.17,4,4,1,25.0,0,0.0,5,1,20.0,10.0,0,0.0,10.0,28.57,2.13,33.33,0.25,0.25,1.0,1.25,0.75,686780
KC,Knuckle Curve,BR,9,1.96,2,2,1,50.0,0,0.0,5,1,20.0,11.11,3,33.33,44.44,66.67,2.13,33.33,0.5,0.5,1.0,1.5,0.5,686780
SV,Slurve,BR,4,0.87,2,2,1,50.0,0,0.0,3,2,66.67,50.0,1,25.0,75.0,100.0,1.42,50.0,0.0,0.0,0.0,0.0,0.0,686780
,,,4,0.87,1,0,0,0.0,1,100.0,0,0,,0.0,0,0.0,0.0,,0.0,,,1.0,,,,686780
FF,4-Seam Fastball,FB,134,20.94,52,50,9,17.31,1,1.92,71,14,19.72,10.45,24,17.91,28.36,31.58,19.28,28.12,0.4,0.423,0.72,1.143,0.3199999999999999,686797
CH,Changeup,OS,115,17.97,31,30,7,22.58,1,3.23,59,21,35.59,18.26,8,6.96,25.22,32.39,22.89,18.42,0.133,0.161,0.133,0.294,0.0,686797
SL,Slider,BR,103,16.09,25,25,9,36.0,0,0.0,54,26,48.15,25.24,16,15.53,40.78,43.75,18.67,29.03,0.12,0.12,0.12,0.24,0.0,686797
SI,Sinker,FB,89,13.91,35,32,2,5.71,2,5.71,47,3,6.38,3.37,21,23.6,26.97,30.3,9.64,12.5,0.375,0.429,0.375,0.804,0.0,686797
CU,Curveball,BR,65,10.16,14,13,2,14.29,1,7.14,27,7,25.93,10.77,14,21.54,32.31,31.43,10.24,11.76,0.154,0.214,0.154,0.368,0.0,686797
FC,Cutter,FB,52,8.12,7,6,1,14.29,1,14.29,23,4,17.39,7.69,10,19.23,26.92,29.63,3.61,16.67,0.167,0.286,0.667,0.953,0.5,686797
ST,Sweeper,BR,44,6.88,5,5,4,80.0,0,0.0,16,7,43.75,15.91,12,27.27,43.18,30.43,7.23,33.33,0.0,0.0,0.0,0.0,0.0,686797
KC,Knuckle Curve,BR,15,2.34,3,2,2,66.67,0,0.0,6,3,50.0,20.0,6,40.0,60.0,57.14,4.22,28.57,0.0,0.0,0.0,0.0,0.0,686797
SV,Slurve,BR,11,1.72,3,3,0,0.0,0,0.0,6,1,16.67,9.09,2,18.18,27.27,25.0,1.81,0.0,0.333,0.333,0.333,0.666,0.0,686797
FS,Split-Finger,OS,10,1.56,2,2,1,50.0,0,0.0,6,2,33.33,20.0,1,10.0,30.0,42.86,2.41,25.0,0.5,0.5,0.5,1.0,0.0,686797
FA,Other,,2,0.31,1,1,0,0.0,0,0.0,1,0,0.0,0.0,0,0.0,0.0,50.0,0.0,,1.0,1.0,1.0,2.0,0.0,686797
FF,4-Seam Fastball,FB,39,30.47,14,10,3,21.43,1,7.14,23,3,13.04,7.69,3,7.69,15.38,27.78,35.0,21.43,0.3,0.357,0.5,0.857,0.2,686894
ST,Sweeper,BR,20,15.62,4,4,4,100.0,0,0.0,12,11,91.67,55.0,1,5.0,60.0,50.0,20.0,50.0,0.0,0.0,0.0,0.0,0.0,686894
CU,Curveball,BR,15,11.72,2,2,1,50.0,0,0.0,9,3,33.33,20.0,0,0.0,20.0,33.33,22.5,11.11,0.5,0.5,2.0,2.5,1.5,686894
CH,Changeup,OS,14,10.94,3,3,1,33.33,0,0.0,8,2,25.0,14.29,1,7.14,21.43,28.57,10.0,25.0,0.333,0.333,0.333,0.666,0.0,686894
SI,Sinker,FB,13,10.16,3,3,1,33.33,0,0.0,4,1,25.0,7.69,5,38.46,46.15,0.0,2.5,100.0,0.0,0.0,0.0,0.0,0.0,686894
SL,Slider,BR,12,9.38,3,3,2,66.67,0,0.0,9,4,44.44,33.33,1,8.33,41.67,75.0,7.5,66.67,0.0,0.0,0.0,0.0,0.0,686894
FC,Cutter,FB,6,4.69,1,1,0,0.0,0,0.0,3,0,0.0,0.0,1,16.67,16.67,0.0,0.0,,0.0,0.0,0.0,0.0,0.0,686894
KC,Knuckle Curve,BR,4,3.12,2,1,0,0.0,0,0.0,2,1,50.0,25.0,0,0.0,25.0,50.0,2.5,0.0,0.0,0.5,0.0,0.5,0.0,686894
,,,4,3.12,1,0,0,0.0,1,100.0,0,0,,0.0,0,0.0,0.0,,0.0,,,1.0,,,,686894
FS,Split-Finger,OS,1,0.78,1,1,0,0.0,0,0.0,1,0,0.0,0.0,0,0.0,0.0,,0.0,,1.0,1.0,4.0,5.0,3.0,686894
SI,Sinker,FB,141,38.84,36,32,2,5.56,3,8.33,57,5,8.77,3.55,37,26.24,29.79,14.29,22.43,8.33,0.25,0.333,0.344,0.677,0.0939999999999999,686948
SL,Slider,BR,69,19.01,18,17,3,16.67,1,5.56,36,9,25.0,13.04,4,5.8,18.84,32.56,27.1,10.34,0.412,0.444,0.765,1.209,0.353,686948
FF,4-Seam Fastball,FB,66,18.18,14,12,2,14.29,2,14.29,38,7,18.42,10.61,9,13.64,24.24,14.29,17.76,10.53,0.417,0.5,0.5,1.0,0.083,686948
ST,Sweeper,BR,28,7.71,7,7,1,14.29,0,0.0,15,4,26.67,14.29,3,10.71,25.0,26.67,8.41,11.11,0.286,0.286,0.714,1.0,0.428,686948
CU,Curveball,BR,27,7.44,10,10,3,30.0,0,0.0,19,6,31.58,22.22,0,0.0,22.22,46.67,15.89,17.65,0.2,0.2,0.2,0.4,0.0,686948
FC,Cutter,FB,13,3.58,4,3,1,25.0,1,25.0,5,1,20.0,7.69,3,23.08,30.77,20.0,1.87,50.0,0.0,0.25,0.0,0.25,0.0,686948
CH,Changeup,OS,10,2.75,4,4,2,50.0,0,0.0,7,3,42.86,30.0,0,0.0,30.0,50.0,3.74,50.0,0.5,0.5,0.75,1.25,0.25,686948
KC,Knuckle Curve,BR,4,1.1,1,1,1,100.0,0,0.0,0,0,,0.0,2,50.0,50.0,0.0,1.87,50.0,0.0,0.0,0.0,0.0,0.0,686948
SV,Slurve,BR,3,0.83,1,1,0,0.0,0,0.0,1,0,0.0,0.0,1,33.33,33.33,50.0,0.93,0.0,0.0,0.0,0.0,0.0,0.0,686948
FS,Split-Finger,OS,2,0.55,0,0,0,,0,,1,0,0.0,0.0,0,0.0,0.0,50.0,0.0,,,,,,,686948
SI,Sinker,FB,41,28.08,13,9,1,7.69,3,23.08,18,5,27.78,12.2,7,17.07,29.27,11.11,20.51,12.5,0.444,0.615,0.444,1.059,0.0,687221
FF,4-Seam Fastball,FB,38,26.03,15,14,4,26.67,0,0.0,25,4,16.0,10.53,7,18.42,28.95,11.11,28.21,36.36,0.143,0.133,0.143,0.276,0.0,687221
SL,Slider,BR,20,13.7,5,5,5,100.0,0,0.0,6,5,83.33,25.0,4,20.0,45.0,9.09,20.51,62.5,0.0,0.0,0.0,0.0,0.0,687221
ST,Sweeper,BR,15,10.27,2,2,1,50.0,0,0.0,5,2,40.0,13.33,0,0.0,13.33,18.18,7.69,33.33,0.0,0.0,0.0,0.0,0.0,687221
CU,Curveball,BR,14,9.59,1,1,0,0.0,0,0.0,6,4,66.67,28.57,2,14.29,42.86,25.0,5.13,0.0,0.0,0.0,0.0,0.0,0.0,687221
CH,Changeup,OS,8,5.48,1,1,1,100.0,0,0.0,6,1,16.67,12.5,1,12.5,25.0,66.67,7.69,33.33,0.0,0.0,0.0,0.0,0.0,687221
FC,Cutter,FB,5,3.42,2,2,2,100.0,0,0.0,1,1,100.0,20.0,3,60.0,80.0,33.33,5.13,100.0,0.0,0.0,0.0,0.0,0.0,687221
SV,Slurve,BR,3,2.05,1,0,0,0.0,0,0.0,1,0,0.0,0.0,0,0.0,0.0,0.0,2.56,0.0,,0.0,,,,687221
KC,Knuckle Curve,BR,2,1.37,1,1,1,100.0,0,0.0,0,0,,0.0,1,50.0,50.0,,2.56,100.0,0.0,0.0,0.0,0.0,0.0,687221
FF,4-Seam Fastball,FB,71,32.42,18,13,2,11.11,5,27.78,38,10,26.32,14.08,10,14.08,28.17,32.26,30.77,10.0,0.231,0.444,0.462,0.906,0.231,687231
CH,Changeup,OS,49,22.37,15,13,3,20.0,1,6.67,22,6,27.27,12.24,9,18.37,30.61,25.0,18.46,25.0,0.231,0.286,0.231,0.517,0.0,687231
CU,Curveball,BR,34,15.53,9,8,1,11.11,1,11.11,15,3,20.0,8.82,6,17.65,26.47,40.0,21.54,7.14,0.375,0.444,0.625,1.069,0.25,687231
SL,Slider,BR,28,12.79,6,5,0,0.0,1,16.67,12,1,8.33,3.57,6,21.43,25.0,28.57,16.92,0.0,0.2,0.333,0.2,0.533,0.0,687231
SI,Sinker,FB,17,7.76,5,5,0,0.0,0,0.0,8,1,12.5,5.88,5,29.41,35.29,33.33,3.08,0.0,0.0,0.0,0.0,0.0,0.0,687231
FC,Cutter,FB,12,5.48,1,1,0,0.0,0,0.0,7,0,0.0,0.0,0,0.0,0.0,16.67,4.62,0.0,1.0,1.0,2.0,3.0,1.0,687231
ST,Sweeper,BR,6,2.74,2,2,0,0.0,0,0.0,3,1,33.33,16.67,1,16.67,33.33,40.0,3.08,0.0,0.0,0.0,0.0,0.0,0.0,687231
FS,Split-Finger,OS,2,0.91,1,1,0,0.0,0,0.0,1,0,0.0,0.0,0,0.0,0.0,50.0,1.54,0.0,1.0,1.0,1.0,2.0,0.0,687231
FF,4-Seam Fastball,FB,108,25.65,32,31,8,25.0,0,0.0,60,14,23.33,12.96,16,14.81,27.78,42.0,31.71,20.51,0.226,0.219,0.581,0.7999999999999999,0.355,687263
SL,Slider,BR,73,17.34,20,19,13,65.0,1,5.0,47,25,53.19,34.25,9,12.33,46.58,42.86,26.02,40.62,0.158,0.2,0.158,0.358,0.0,687263
CH,Changeup,OS,58,13.78,9,9,4,44.44,0,0.0,28,15,53.57,25.86,2,3.45,29.31,32.5,9.76,33.33,0.111,0.111,0.444,0.555,0.333,687263
SI,Sinker,FB,54,12.83,18,17,1,5.56,1,5.56,30,5,16.67,9.26,7,12.96,22.22,36.0,7.32,11.11,0.235,0.278,0.412,0.69,0.177,687263
FC,Cutter,FB,41,9.74,17,15,1,5.88,0,0.0,25,5,20.0,12.2,3,7.32,19.51,31.58,8.13,10.0,0.467,0.529,0.933,1.4620000000000002,0.466,687263
ST,Sweeper,BR,37,8.79,5,5,4,80.0,0,0.0,14,7,50.0,18.92,9,24.32,43.24,21.05,7.32,44.44,0.2,0.2,0.8,1.0,0.6000000000000001,687263
CU,Curveball,BR,22,5.23,2,2,2,100.0,0,0.0,6,6,100.0,27.27,3,13.64,40.91,26.32,6.5,25.0,0.0,0.0,0.0,0.0,0.0,687263
,,,16,3.8,4,0,0,0.0,4,100.0,0,0,,0.0,0,0.0,0.0,,0.0,,,1.0,,,,687263
CS,Slow Curve,BR,3,0.71,0,0,0,,0,,0,0,,0.0,1,33.33,33.33,0.0,0.0,,,,,,,687263
FS,Split-Finger,OS,3,0.71,1,1,1,100.0,0,0.0,2,1,50.0,33.33,1,33.33,66.67,,1.63,50.0,0.0,0.0,0.0,0.0,0.0,687263
KC,Knuckle Curve,BR,3,0.71,1,0,0,0.0,1,100.0,0,0,,0.0,0,0.0,0.0,0.0,0.0,,,1.0,,,,687263
SV,Slurve,BR,3,0.71,1,1,1,100.0,0,0.0,1,1,100.0,33.33,1,33.33,66.67,,1.63,50.0,0.0,0.0,0.0,0.0,0.0,687263
SI,Sinker,FB,122,26.46,41,32,3,7.32,5,12.2,70,11,15.71,9.02,15,12.3,21.31,23.26,21.17,10.34,0.219,0.324,0.25,0.5740000000000001,0.031,687363
SL,Slider,BR,110,23.86,33,29,14,42.42,0,0.0,54,23,42.59,20.91,17,15.45,36.36,31.48,24.82,41.18,0.138,0.167,0.172,0.3389999999999999,0.0339999999999999,687363
FF,4-Seam Fastball,FB,108,23.43,32,23,6,18.75,6,18.75,53,16,30.19,14.81,15,13.89,28.7,21.57,20.44,21.43,0.261,0.406,0.304,0.71,0.0429999999999999,687363
ST,Sweeper,BR,37,8.03,6,6,3,50.0,0,0.0,13,8,61.54,21.62,4,10.81,32.43,28.0,10.22,21.43,0.167,0.167,0.333,0.5,0.166,687363
FC,Cutter,FB,30,6.51,5,5,2,40.0,0,0.0,13,4,30.77,13.33,2,6.67,20.0,23.53,4.38,33.33,0.2,0.2,0.2,0.4,0.0,687363
CU,Curveball,BR,26,5.64,7,6,3,42.86,0,0.0,7,2,28.57,7.69,7,26.92,34.62,8.33,8.03,27.27,0.167,0.286,0.167,0.4529999999999999,0.0,687363
CH,Changeup,OS,13,2.82,3,3,3,100.0,0,0.0,5,3,60.0,23.08,2,15.38,38.46,16.67,7.3,30.0,0.0,0.0,0.0,0.0,0.0,687363
SV,Slurve,BR,9,1.95,1,1,1,100.0,0,0.0,0,0,,0.0,2,22.22,22.22,0.0,2.19,33.33,0.0,0.0,0.0,0.0,0.0,687363
KC,Knuckle Curve,BR,5,1.08,2,2,1,50.0,0,0.0,3,2,66.67,40.0,0,0.0,40.0,0.0,1.46,50.0,0.5,0.5,0.5,1.0,0.0,687363
FS,Split-Finger,OS,1,0.22,1,1,0,0.0,0,0.0,1,0,0.0,0.0,0,0.0,0.0,,0.0,,1.0,1.0,1.0,2.0,0.0,687363
FF,4-Seam Fastball,FB,212,39.85,54,50,7,12.96,3,5.56,101,14,13.86,6.6,42,19.81,26.42,27.78,36.49,12.96,0.36,0.396,0.58,0.976,0.2199999999999999,687401
SI,Sinker,FB,72,13.53,17,16,2,11.76,1,5.88,28,0,0.0,0.0,24,33.33,33.33,18.52,10.14,13.33,0.438,0.471,0.438,0.909,0.0,687401
CH,Changeup,OS,71,13.35,26,26,3,11.54,0,0.0,39,8,20.51,11.27,11,15.49,26.76,37.14,11.49,17.65,0.154,0.154,0.346,0.5,0.1919999999999999,687401
SL,Slider,BR,56,10.53,18,16,3,16.67,0,0.0,33,6,18.18,10.71,10,17.86,28.57,52.17,18.92,10.71,0.25,0.294,0.25,0.544,0.0,687401
CU,Curveball,BR,34,6.39,7,7,2,28.57,0,0.0,13,3,23.08,8.82,9,26.47,35.29,47.62,8.11,16.67,0.429,0.429,0.571,1.0,0.1419999999999999,687401
ST,Sweeper,BR,28,5.26,5,5,1,20.0,0,0.0,12,3,25.0,10.71,7,25.0,35.71,37.5,6.76,10.0,0.2,0.2,0.2,0.4,0.0,687401
FC,Cutter,FB,27,5.08,9,9,1,11.11,0,0.0,15,2,13.33,7.41,6,22.22,29.63,45.45,2.7,25.0,0.111,0.111,0.111,0.222,0.0,687401
FS,Split-Finger,OS,15,2.82,5,5,1,20.0,0,0.0,8,1,12.5,6.67,1,6.67,13.33,25.0,3.38,20.0,0.2,0.2,0.2,0.4,0.0,687401
KC,Knuckle Curve,BR,12,2.26,1,1,0,0.0,0,0.0,5,0,0.0,0.0,4,33.33,33.33,60.0,1.35,0.0,0.0,0.0,0.0,0.0,0.0,687401
SV,Slurve,BR,2,0.38,1,0,0,0.0,0,0.0,1,1,100.0,50.0,0,0.0,50.0,50.0,0.68,0.0,,1.0,,,,687401
CS,Slow Curve,BR,1,0.19,0,0,0,,0,,0,0,,0.0,1,100.0,100.0,,0.0,,,,,,,687401
PO,Pitch Out,,1,0.19,0,0,0,,0,,0,0,,0.0,0,0.0,0.0,0.0,0.0,,,,,,,687401
,,,1,0.19,0,0,0,,0,,0,0,,0.0,0,0.0,0.0,,0.0,,,,,,,687401
SI,Sinker,FB,73,32.44,17,16,3,17.65,0,0.0,36,5,13.89,6.85,14,19.18,26.03,27.27,27.16,13.64,0.188,0.235,0.188,0.423,0.0,687462
FF,4-Seam Fastball,FB,44,19.56,9,5,1,11.11,4,44.44,17,3,17.65,6.82,8,18.18,25.0,5.26,20.99,5.88,0.0,0.444,0.0,0.444,0.0,687462
SL,Slider,BR,40,17.78,6,6,2,33.33,0,0.0,22,6,27.27,15.0,2,5.0,20.0,26.09,20.99,11.76,0.333,0.333,0.333,0.666,0.0,687462
ST,Sweeper,BR,31,13.78,9,8,5,55.56,1,11.11,15,8,53.33,25.81,6,19.35,45.16,44.44,12.35,50.0,0.0,0.111,0.0,0.111,0.0,687462
FC,Cutter,FB,17,7.56,4,4,1,25.0,0,0.0,11,4,36.36,23.53,3,17.65,41.18,57.14,4.94,25.0,0.0,0.0,0.0,0.0,0.0,687462
CU,Curveball,BR,11,4.89,4,3,1,25.0,1,25.0,6,2,33.33,18.18,0,0.0,18.18,16.67,6.17,20.0,0.667,0.75,2.0,2.75,1.333,687462
CH,Changeup,OS,5,2.22,1,0,0,0.0,1,100.0,1,0,0.0,0.0,0,0.0,0.0,20.0,4.94,0.0,,1.0,,,,687462
KC,Knuckle Curve,BR,3,1.33,0,0,0,,0,,0,0,,0.0,1,33.33,33.33,0.0,2.47,0.0,,,,,,687462
FS,Split-Finger,OS,1,0.44,1,1,0,0.0,0,0.0,1,0,0.0,0.0,0,0.0,0.0,,0.0,,1.0,1.0,1.0,2.0,0.0,687462
FF,4-Seam Fastball,FB,30,43.48,7,7,3,42.86,0,0.0,17,5,29.41,16.67,4,13.33,30.0,11.11,42.31,27.27,0.429,0.429,0.429,0.858,0.0,687478
SL,Slider,BR,13,18.84,2,1,1,50.0,1,50.0,4,2,50.0,15.38,2,15.38,30.77,28.57,15.38,25.0,0.0,0.5,0.0,0.5,0.0,687478
CH,Changeup,OS,12,17.39,2,2,2,100.0,0,0.0,5,3,60.0,25.0,0,0.0,25.0,12.5,19.23,40.0,0.0,0.0,0.0,0.0,0.0,687478
SI,Sinker,FB,8,11.59,1,1,1,100.0,0,0.0,5,2,40.0,25.0,2,25.0,50.0,0.0,7.69,50.0,0.0,0.0,0.0,0.0,0.0,687478
CU,Curveball,BR,4,5.8,2,2,2,100.0,0,0.0,3,3,100.0,75.0,1,25.0,100.0,100.0,7.69,100.0,0.0,0.0,0.0,0.0,0.0,687478
FS,Split-Finger,OS,2,2.9,1,1,1,100.0,0,0.0,1,1,100.0,50.0,0,0.0,50.0,0.0,7.69,50.0,0.0,0.0,0.0,0.0,0.0,687478
FF,4-Seam Fastball,FB,112,43.24,35,31,8,22.86,2,5.71,68,14,20.59,12.5,19,16.96,29.46,39.02,38.55,25.0,0.323,0.343,0.839,1.182,0.516,687515
CH,Changeup,OS,45,17.37,13,12,5,38.46,1,7.69,27,16,59.26,35.56,0,0.0,35.56,48.57,16.87,35.71,0.25,0.308,0.333,0.641,0.083,687515
SL,Slider,BR,30,11.58,5,4,3,60.0,1,20.0,14,8,57.14,26.67,3,10.0,36.67,33.33,18.07,20.0,0.0,0.2,0.0,0.2,0.0,687515
SI,Sinker,FB,29,11.2,8,6,3,37.5,2,25.0,12,3,25.0,10.34,9,31.03,41.38,20.0,8.43,42.86,0.167,0.375,0.333,0.708,0.166,687515
CU,Curveball,BR,23,8.88,6,6,5,83.33,0,0.0,9,6,66.67,26.09,4,17.39,43.48,31.25,9.64,62.5,0.167,0.167,0.667,0.8340000000000001,0.5,687515
FC,Cutter,FB,13,5.02,2,2,1,50.0,0,0.0,7,3,42.86,23.08,2,15.38,38.46,0.0,2.41,50.0,0.0,0.0,0.0,0.0,0.0,687515
ST,Sweeper,BR,7,2.7,0,0,0,,0,,3,1,33.33,14.29,0,0.0,14.29,0.0,6.02,0.0,,,,,,687515
SI,Sinker,FB,7,38.89,1,1,0,0.0,0,0.0,4,1,25.0,14.29,1,14.29,28.57,0.0,20.0,0.0,0.0,0.0,0.0,0.0,0.0,687529
SL,Slider,BR,5,27.78,2,2,2,100.0,0,0.0,3,2,66.67,40.0,0,0.0,40.0,50.0,40.0,100.0,0.0,0.0,0.0,0.0,0.0,687529
FF,4-Seam Fastball,FB,3,16.67,1,1,0,0.0,0,0.0,1,0,0.0,0.0,1,33.33,33.33,50.0,20.0,0.0,0.0,0.0,0.0,0.0,0.0,687529
CH,Changeup,OS,1,5.56,0,0,0,,0,,1,0,0.0,0.0,0,0.0,0.0,,20.0,0.0,,,,,,687529
FC,Cutter,FB,1,5.56,0,0,0,,0,,1,0,0.0,0.0,0,0.0,0.0,,0.0,,,,,,,687529
ST,Sweeper,BR,1,5.56,0,0,0,,0,,0,0,,0.0,0,0.0,0.0,0.0,0.0,,,,,,,687529
FF,4-Seam Fastball,FB,31,39.24,9,8,3,33.33,1,11.11,15,4,26.67,12.9,5,16.13,29.03,26.67,30.0,50.0,0.125,0.222,0.125,0.347,0.0,687551
SL,Slider,BR,24,30.38,2,2,0,0.0,0,0.0,5,3,60.0,12.5,4,16.67,29.17,16.67,30.0,0.0,0.0,0.0,0.0,0.0,0.0,687551
SI,Sinker,FB,13,16.46,5,5,0,0.0,0,0.0,9,0,0.0,0.0,3,23.08,23.08,50.0,5.0,0.0,0.2,0.2,0.4,0.6000000000000001,0.2,687551
ST,Sweeper,BR,7,8.86,2,2,2,100.0,0,0.0,3,2,66.67,28.57,2,28.57,57.14,33.33,25.0,40.0,0.0,0.0,0.0,0.0,0.0,687551
CU,Curveball,BR,4,5.06,1,1,0,0.0,0,0.0,1,0,0.0,0.0,0,0.0,0.0,0.0,10.0,0.0,0.0,0.0,0.0,0.0,0.0,687551
FF,4-Seam Fastball,FB,186,33.45,47,45,17,36.17,2,4.26,93,20,21.51,10.75,35,18.82,29.57,22.97,35.83,25.37,0.311,0.34,0.511,0.851,0.2,687597
SL,Slider,BR,90,16.19,20,20,8,40.0,0,0.0,50,19,38.0,21.11,7,7.78,28.89,37.5,16.04,26.67,0.15,0.15,0.15,0.3,0.0,687597
SI,Sinker,FB,72,12.95,17,14,3,17.65,3,17.65,29,3,10.34,4.17,19,26.39,30.56,11.11,12.3,13.04,0.286,0.412,0.286,0.698,0.0,687597
CH,Changeup,OS,70,12.59,21,20,2,9.52,1,4.76,37,11,29.73,15.71,4,5.71,21.43,37.78,13.9,7.69,0.4,0.429,0.95,1.379,0.5499999999999999,687597
CU,Curveball,BR,67,12.05,14,11,9,64.29,2,14.29,21,13,61.9,19.4,13,19.4,38.81,27.27,12.3,39.13,0.182,0.357,0.182,0.5389999999999999,0.0,687597
FC,Cutter,FB,29,5.22,8,8,0,0.0,0,0.0,20,4,20.0,13.79,3,10.34,24.14,58.33,1.6,0.0,0.375,0.375,0.5,0.875,0.125,687597
ST,Sweeper,BR,28,5.04,10,9,3,30.0,1,10.0,15,3,20.0,10.71,6,21.43,32.14,40.0,5.88,27.27,0.333,0.4,0.778,1.178,0.445,687597
KC,Knuckle Curve,BR,7,1.26,0,0,0,,0,,1,0,0.0,0.0,1,14.29,14.29,16.67,1.07,0.0,,,,,,687597
SV,Slurve,BR,5,0.9,0,0,0,,0,,1,0,0.0,0.0,1,20.0,20.0,25.0,1.07,0.0,,,,,,687597
CS,Slow Curve,BR,2,0.36,0,0,0,,0,,1,1,100.0,50.0,0,0.0,50.0,0.0,0.0,,,,,,,687597
FF,4-Seam Fastball,FB,37,32.17,8,5,0,0.0,3,37.5,10,1,10.0,2.7,7,18.92,21.62,4.76,31.25,0.0,0.2,0.5,0.4,0.9,0.2,687637
SL,Slider,BR,25,21.74,6,5,1,16.67,1,16.67,10,4,40.0,16.0,7,28.0,44.0,28.57,12.5,25.0,0.0,0.167,0.0,0.167,0.0,687637
SI,Sinker,FB,23,20.0,5,5,1,20.0,0,0.0,9,3,33.33,13.04,5,21.74,34.78,20.0,18.75,16.67,0.2,0.2,0.8,1.0,0.6000000000000001,687637
ST,Sweeper,BR,13,11.3,3,3,2,66.67,0,0.0,5,2,40.0,15.38,1,7.69,23.08,33.33,21.88,28.57,0.333,0.333,0.333,0.666,0.0,687637
CH,Changeup,OS,5,4.35,1,1,0,0.0,0,0.0,4,0,0.0,0.0,0,0.0,0.0,50.0,6.25,0.0,0.0,0.0,0.0,0.0,0.0,687637
FA,Other,,5,4.35,1,1,0,0.0,0,0.0,3,0,0.0,0.0,0,0.0,0.0,0.0,3.12,0.0,0.0,0.0,0.0,0.0,0.0,687637
CU,Curveball,BR,3,2.61,0,0,0,,0,,0,0,,0.0,0,0.0,0.0,0.0,6.25,0.0,,,,,,687637
FC,Cutter,FB,3,2.61,1,0,0,0.0,1,100.0,1,0,0.0,0.0,0,0.0,0.0,0.0,0.0,,,1.0,,,,687637
KC,Knuckle Curve,BR,1,0.87,0,0,0,,0,,0,0,,0.0,1,100.0,100.0,,0.0,,,,,,,687637
ST,Sweeper,BR,12,36.36,5,5,2,40.0,0,0.0,10,4,40.0,33.33,0,0.0,33.33,60.0,38.46,40.0,0.0,0.0,0.0,0.0,0.0,687859
SI,Sinker,FB,11,33.33,2,2,0,0.0,0,0.0,5,0,0.0,0.0,4,36.36,36.36,33.33,23.08,0.0,0.5,0.5,0.5,1.0,0.0,687859
FF,4-Seam Fastball,FB,5,15.15,0,0,0,,0,,2,0,0.0,0.0,0,0.0,0.0,0.0,15.38,0.0,,,,,,687859
SL,Slider,BR,5,15.15,1,1,1,100.0,0,0.0,4,1,25.0,20.0,0,0.0,20.0,66.67,23.08,33.33,0.0,0.0,0.0,0.0,0.0,687859
FF,4-Seam Fastball,FB,39,34.51,11,11,5,45.45,0,0.0,27,10,37.04,25.64,5,12.82,38.46,65.0,38.46,33.33,0.091,0.091,0.091,0.182,0.0,687952
CH,Changeup,OS,20,17.7,7,7,2,28.57,0,0.0,11,2,18.18,10.0,2,10.0,20.0,53.85,15.38,33.33,0.143,0.143,0.143,0.286,0.0,687952
FC,Cutter,FB,14,12.39,5,5,1,20.0,0,0.0,10,1,10.0,7.14,2,14.29,21.43,60.0,17.95,14.29,0.0,0.0,0.0,0.0,0.0,687952
SI,Sinker,FB,14,12.39,4,4,0,0.0,0,0.0,8,1,12.5,7.14,3,21.43,28.57,20.0,7.69,0.0,0.0,0.0,0.0,0.0,0.0,687952
ST,Sweeper,BR,10,8.85,3,3,2,66.67,0,0.0,4,1,25.0,10.0,3,30.0,40.0,20.0,7.69,66.67,0.0,0.0,0.0,0.0,0.0,687952
SL,Slider,BR,8,7.08,1,1,1,100.0,0,0.0,6,3,50.0,37.5,1,12.5,50.0,75.0,7.69,33.33,0.0,0.0,0.0,0.0,0.0,687952
CU,Curveball,BR,5,4.42,2,2,0,0.0,0,0.0,4,1,25.0,20.0,1,20.0,40.0,75.0,2.56,0.0,0.0,0.0,0.0,0.0,0.0,687952
FS,Split-Finger,OS,3,2.65,0,0,0,,0,,1,1,100.0,33.33,0,0.0,33.33,33.33,2.56,0.0,,,,,,687952
SL,Slider,BR,4,50.0,1,1,0,0.0,0,0.0,2,0,0.0,0.0,1,25.0,25.0,0.0,50.0,0.0,0.0,0.0,0.0,0.0,0.0,687957
FF,4-Seam Fastball,FB,2,25.0,1,1,1,100.0,0,0.0,0,0,,0.0,2,100.0,100.0,,50.0,100.0,0.0,0.0,0.0,0.0,0.0,687957
CU,Curveball,BR,1,12.5,0,0,0,,0,,0,0,,0.0,0,0.0,0.0,0.0,0.0,,,,,,,687957
CH,Changeup,OS,1,12.5,0,0,0,,0,,1,0,0.0,0.0,0,0.0,0.0,100.0,0.0,,,,,,,687957
SI,Sinker,FB,33,31.13,10,8,1,10.0,2,20.0,16,3,18.75,9.09,9,27.27,36.36,30.0,28.21,9.09,0.375,0.5,0.5,1.0,0.125,688363
FF,4-Seam Fastball,FB,28,26.42,7,4,0,0.0,2,28.57,13,2,15.38,7.14,5,17.86,25.0,23.08,28.21,0.0,0.25,0.5,0.5,1.0,0.25,688363
SL,Slider,BR,27,25.47,4,4,1,25.0,0,0.0,14,5,35.71,18.52,2,7.41,25.93,38.89,30.77,8.33,0.0,0.0,0.0,0.0,0.0,688363
ST,Sweeper,BR,8,7.55,1,1,0,0.0,0,0.0,2,0,0.0,0.0,1,12.5,12.5,0.0,5.13,0.0,0.0,0.0,0.0,0.0,0.0,688363
CU,Curveball,BR,7,6.6,1,0,0,0.0,1,100.0,0,0,,0.0,0,0.0,0.0,0.0,7.69,0.0,,1.0,,,,688363
FC,Cutter,FB,3,2.83,1,1,0,0.0,0,0.0,1,0,0.0,0.0,1,33.33,33.33,0.0,0.0,,0.0,0.0,0.0,0.0,0.0,688363
FF,4-Seam Fastball,FB,15,29.41,5,2,0,0.0,1,20.0,5,0,0.0,0.0,5,33.33,33.33,0.0,15.38,0.0,0.5,0.4,0.5,0.9,0.0,688760
SI,Sinker,FB,14,27.45,3,3,1,33.33,0,0.0,10,2,20.0,14.29,1,7.14,21.43,40.0,46.15,16.67,0.333,0.333,0.333,0.666,0.0,688760
CH,Changeup,OS,8,15.69,3,3,1,33.33,0,0.0,4,2,50.0,25.0,1,12.5,37.5,25.0,15.38,50.0,0.0,0.0,0.0,0.0,0.0,688760
SL,Slider,BR,4,7.84,1,1,0,0.0,0,0.0,1,0,0.0,0.0,0,0.0,0.0,33.33,0.0,,0.0,0.0,0.0,0.0,0.0,688760
ST,Sweeper,BR,4,7.84,1,1,0,0.0,0,0.0,2,1,50.0,25.0,0,0.0,25.0,33.33,7.69,0.0,1.0,1.0,4.0,5.0,3.0,688760
FC,Cutter,FB,3,5.88,1,1,0,0.0,0,0.0,1,0,0.0,0.0,0,0.0,0.0,33.33,0.0,,0.0,0.0,0.0,0.0,0.0,688760
FS,Split-Finger,OS,2,3.92,1,1,1,100.0,0,0.0,1,1,100.0,50.0,0,0.0,50.0,50.0,15.38,50.0,0.0,0.0,0.0,0.0,0.0,688760
CU,Curveball,BR,1,1.96,0,0,0,,0,,0,0,,0.0,0,0.0,0.0,0.0,0.0,,,,,,,688760
FF,4-Seam Fastball,FB,1,100.0,1,0,0,0.0,0,0.0,1,0,0.0,0.0,0,0.0,0.0,,,,,0.0,,,,689041
FF,4-Seam Fastball,FB,12,32.43,2,2,0,0.0,0,0.0,7,2,28.57,16.67,2,16.67,33.33,25.0,30.77,0.0,0.5,0.5,1.0,1.5,0.5,689172
SI,Sinker,FB,7,18.92,1,1,0,0.0,0,0.0,2,0,0.0,0.0,3,42.86,42.86,0.0,15.38,0.0,0.0,0.0,0.0,0.0,0.0,689172
SL,Slider,BR,6,16.22,2,2,1,50.0,0,0.0,3,2,66.67,33.33,1,16.67,50.0,33.33,15.38,50.0,0.0,0.0,0.0,0.0,0.0,689172
ST,Sweeper,BR,6,16.22,0,0,0,,0,,2,1,50.0,16.67,0,0.0,16.67,20.0,15.38,0.0,,,,,,689172
FC,Cutter,FB,4,10.81,2,1,1,50.0,1,50.0,2,2,100.0,50.0,0,0.0,50.0,33.33,7.69,100.0,0.0,0.5,0.0,0.5,0.0,689172
CU,Curveball,BR,1,2.7,1,1,0,0.0,0,0.0,1,0,0.0,0.0,0,0.0,0.0,,7.69,0.0,1.0,1.0,1.0,2.0,0.0,689172
KC,Knuckle Curve,BR,1,2.7,1,1,0,0.0,0,0.0,1,0,0.0,0.0,0,0.0,0.0,,7.69,0.0,0.0,0.0,0.0,0.0,0.0,689172
SI,Sinker,FB,24,35.29,3,3,0,0.0,0,0.0,8,3,37.5,12.5,9,37.5,50.0,30.0,3.57,0.0,0.0,0.0,0.0,0.0,0.0,689200
FF,4-Seam Fastball,FB,17,25.0,4,3,2,50.0,1,25.0,10,2,20.0,11.76,2,11.76,23.53,44.44,39.29,18.18,0.333,0.5,0.333,0.833,0.0,689200
SL,Slider,BR,15,22.06,6,6,2,33.33,0,0.0,9,4,44.44,26.67,1,6.67,33.33,37.5,35.71,20.0,0.0,0.0,0.0,0.0,0.0,689200
ST,Sweeper,BR,6,8.82,2,2,1,50.0,0,0.0,3,2,66.67,33.33,0,0.0,33.33,25.0,14.29,25.0,0.5,0.5,0.5,1.0,0.0,689200
FC,Cutter,FB,2,2.94,0,0,0,,0,,0,0,,0.0,1,50.0,50.0,0.0,0.0,,,,,,,689200
CH,Changeup,OS,2,2.94,0,0,0,,0,,2,0,0.0,0.0,0,0.0,0.0,,7.14,0.0,,,,,,689200
CU,Curveball,BR,2,2.94,0,0,0,,0,,1,0,0.0,0.0,1,50.0,50.0,100.0,0.0,,,,,,,689200
SI,Sinker,FB,79,32.38,19,14,5,26.32,1,5.26,29,4,13.79,5.06,20,25.32,30.38,19.44,21.54,35.71,0.143,0.294,0.143,0.4369999999999999,0.0,689414
FF,4-Seam Fastball,FB,75,30.74,23,15,3,13.04,6,26.09,26,4,15.38,5.33,15,20.0,25.33,8.82,26.15,17.65,0.267,0.478,0.267,0.745,0.0,689414
SL,Slider,BR,61,25.0,14,13,1,7.14,0,0.0,33,6,18.18,9.84,7,11.48,21.31,35.48,32.31,4.76,0.077,0.077,0.154,0.2309999999999999,0.077,689414
FC,Cutter,FB,10,4.1,2,1,0,0.0,1,50.0,2,0,0.0,0.0,0,0.0,0.0,0.0,4.62,0.0,0.0,0.5,0.0,0.5,0.0,689414
ST,Sweeper,BR,10,4.1,2,2,0,0.0,0,0.0,3,0,0.0,0.0,4,40.0,40.0,0.0,6.15,0.0,0.5,0.5,0.5,1.0,0.0,689414
CU,Curveball,BR,6,2.46,5,5,1,20.0,0,0.0,4,0,0.0,0.0,2,33.33,33.33,100.0,6.15,25.0,0.4,0.4,0.6,1.0,0.1999999999999999,689414
CH,Changeup,OS,3,1.23,1,1,0,0.0,0,0.0,2,0,0.0,0.0,0,0.0,0.0,50.0,3.08,0.0,0.0,0.0,0.0,0.0,0.0,689414
FF,4-Seam Fastball,FB,55,34.59,13,12,3,23.08,0,0.0,33,7,21.21,12.73,4,7.27,20.0,25.0,32.65,18.75,0.25,0.308,0.333,0.641,0.083,690022
SL,Slider,BR,33,20.75,6,6,2,33.33,0,0.0,20,6,30.0,18.18,5,15.15,33.33,27.27,20.41,20.0,0.333,0.333,0.5,0.833,0.1669999999999999,690022
CH,Changeup,OS,18,11.32,6,6,0,0.0,0,0.0,11,4,36.36,22.22,0,0.0,22.22,36.36,10.2,0.0,0.333,0.333,0.5,0.833,0.1669999999999999,690022
SI,Sinker,FB,15,9.43,6,5,1,16.67,0,0.0,12,4,33.33,26.67,1,6.67,33.33,75.0,8.16,25.0,0.4,0.4,0.4,0.8,0.0,690022
CU,Curveball,BR,13,8.18,6,6,2,33.33,0,0.0,10,5,50.0,38.46,2,15.38,53.85,87.5,12.24,33.33,0.333,0.333,0.333,0.666,0.0,690022
ST,Sweeper,BR,11,6.92,3,2,0,0.0,0,0.0,5,0,0.0,0.0,1,9.09,9.09,0.0,8.16,0.0,0.5,0.333,0.5,0.833,0.0,690022
FC,Cutter,FB,7,4.4,2,1,0,0.0,1,50.0,4,3,75.0,42.86,0,0.0,42.86,40.0,4.08,0.0,0.0,0.5,0.0,0.5,0.0,690022
KC,Knuckle Curve,BR,4,2.52,2,2,1,50.0,0,0.0,2,1,50.0,25.0,1,25.0,50.0,50.0,2.04,100.0,0.0,0.0,0.0,0.0,0.0,690022
FS,Split-Finger,OS,1,0.63,0,0,0,,0,,1,1,100.0,100.0,0,0.0,100.0,100.0,0.0,,,,,,,690022
SV,Slurve,BR,1,0.63,0,0,0,,0,,0,0,,0.0,1,100.0,100.0,,0.0,,,,,,,690022
UN,Unknown,,1,0.63,0,0,0,,0,,0,0,,0.0,0,0.0,0.0,0.0,2.04,0.0,,,,,,690022
SI,Sinker,FB,4,57.14,1,1,0,0.0,0,0.0,1,0,0.0,0.0,1,25.0,25.0,0.0,0.0,,0.0,0.0,0.0,0.0,0.0,690291
CH,Changeup,OS,1,14.29,0,0,0,,0,,0,0,,0.0,1,100.0,100.0,,0.0,,,,,,,690291
FF,4-Seam Fastball,FB,1,14.29,1,1,0,0.0,0,0.0,1,0,0.0,0.0,0,0.0,0.0,,100.0,0.0,0.0,0.0,0.0,0.0,0.0,690291
SV,Slurve,BR,1,14.29,0,0,0,,0,,0,0,,0.0,1,100.0,100.0,,0.0,,,,,,,690291
FF,4-Seam Fastball,FB,69,38.33,24,21,5,20.83,2,8.33,39,6,15.38,8.7,7,10.14,18.84,18.52,33.96,27.78,0.286,0.333,0.571,0.904,0.285,690924
CH,Changeup,OS,33,18.33,2,2,1,50.0,0,0.0,9,6,66.67,18.18,5,15.15,33.33,9.52,11.32,16.67,0.0,0.0,0.0,0.0,0.0,690924
CU,Curveball,BR,27,15.0,4,4,1,25.0,0,0.0,11,6,54.55,22.22,3,11.11,33.33,18.75,18.87,10.0,0.25,0.25,0.5,0.75,0.25,690924
SI,Sinker,FB,22,12.22,5,5,1,20.0,0,0.0,9,1,11.11,4.55,6,27.27,31.82,11.11,9.43,20.0,0.6,0.6,0.6,1.2,0.0,690924
FC,Cutter,FB,13,7.22,3,2,0,0.0,1,33.33,7,1,14.29,7.69,1,7.69,15.38,44.44,7.55,0.0,0.0,0.333,0.0,0.333,0.0,690924
SL,Slider,BR,12,6.67,4,4,2,50.0,0,0.0,7,2,28.57,16.67,1,8.33,25.0,25.0,16.98,22.22,0.25,0.25,0.25,0.5,0.0,690924
SV,Slurve,BR,2,1.11,0,0,0,,0,,0,0,,0.0,0,0.0,0.0,0.0,1.89,0.0,,,,,,690924
FS,Split-Finger,OS,1,0.56,1,1,0,0.0,0,0.0,1,0,0.0,0.0,0,0.0,0.0,,0.0,,0.0,0.0,0.0,0.0,0.0,690924
ST,Sweeper,BR,1,0.56,0,0,0,,0,,0,0,,0.0,1,100.0,100.0,,0.0,,,,,,,690924
FF,4-Seam Fastball,FB,25,36.76,3,3,1,33.33,0,0.0,10,2,20.0,8.0,6,24.0,32.0,18.18,29.41,20.0,0.0,0.0,0.0,0.0,0.0,690976
CH,Changeup,OS,14,20.59,1,1,1,100.0,0,0.0,5,5,100.0,35.71,2,14.29,50.0,0.0,17.65,33.33,0.0,0.0,0.0,0.0,0.0,690976
SI,Sinker,FB,14,20.59,5,4,2,40.0,1,20.0,4,1,25.0,7.14,4,28.57,35.71,0.0,11.76,100.0,0.25,0.4,0.25,0.65,0.0,690976
SL,Slider,BR,4,5.88,1,1,1,100.0,0,0.0,1,1,100.0,25.0,0,0.0,25.0,0.0,11.76,50.0,0.0,0.0,0.0,0.0,0.0,690976
ST,Sweeper,BR,4,5.88,2,1,0,0.0,1,50.0,2,0,0.0,0.0,1,25.0,25.0,50.0,11.76,0.0,1.0,1.0,1.0,2.0,0.0,690976
FC,Cutter,FB,3,4.41,1,1,0,0.0,0,0.0,1,0,0.0,0.0,0,0.0,0.0,33.33,0.0,,0.0,0.0,0.0,0.0,0.0,690976
CU,Curveball,BR,2,2.94,1,1,1,100.0,0,0.0,1,1,100.0,50.0,1,50.0,100.0,,5.88,100.0,0.0,0.0,0.0,0.0,0.0,690976
FS,Split-Finger,OS,2,2.94,2,2,2,100.0,0,0.0,1,1,100.0,50.0,1,50.0,100.0,,11.76,100.0,0.0,0.0,0.0,0.0,0.0,690976
SI,Sinker,FB,1,100.0,1,1,0,0.0,0,0.0,1,0,0.0,0.0,0,0.0,0.0,100.0,,,1.0,1.0,1.0,2.0,0.0,690984
FF,4-Seam Fastball,FB,42,30.66,13,12,5,38.46,1,7.69,19,5,26.32,11.9,12,28.57,40.48,46.67,25.81,62.5,0.25,0.308,0.333,0.641,0.083,690987
SL,Slider,BR,34,24.82,9,9,3,33.33,0,0.0,12,4,33.33,11.76,9,26.47,38.24,22.22,32.26,30.0,0.222,0.222,0.222,0.444,0.0,690987
SI,Sinker,FB,31,22.63,9,6,1,11.11,1,11.11,11,2,18.18,6.45,7,22.58,29.03,17.65,6.45,50.0,0.333,0.5,0.333,0.833,0.0,690987
ST,Sweeper,BR,12,8.76,3,3,2,66.67,0,0.0,3,2,66.67,16.67,2,16.67,33.33,12.5,12.9,50.0,0.0,0.0,0.0,0.0,0.0,690987
FC,Cutter,FB,9,6.57,1,1,0,0.0,0,0.0,1,0,0.0,0.0,1,11.11,11.11,0.0,3.23,0.0,0.0,0.0,0.0,0.0,0.0,690987
CU,Curveball,BR,6,4.38,3,3,1,33.33,0,0.0,4,2,50.0,33.33,0,0.0,33.33,60.0,12.9,25.0,0.333,0.333,0.333,0.666,0.0,690987
CH,Changeup,OS,2,1.46,1,1,1,100.0,0,0.0,1,1,100.0,50.0,1,50.0,100.0,100.0,3.23,100.0,0.0,0.0,0.0,0.0,0.0,690987
SV,Slurve,BR,1,0.73,0,0,0,,0,,0,0,,0.0,0,0.0,0.0,0.0,3.23,0.0,,,,,,690987
SL,Slider,BR,49,25.93,10,9,3,30.0,1,10.0,19,6,31.58,12.24,10,20.41,32.65,33.33,32.14,16.67,0.222,0.3,0.222,0.522,0.0,690993
SI,Sinker,FB,45,23.81,11,10,2,18.18,1,9.09,23,4,17.39,8.89,11,24.44,33.33,16.67,21.43,16.67,0.3,0.364,0.3,0.6639999999999999,0.0,690993
FF,4-Seam Fastball,FB,41,21.69,11,11,6,54.55,0,0.0,16,4,25.0,9.76,10,24.39,34.15,18.75,14.29,75.0,0.091,0.091,0.182,0.273,0.091,690993
ST,Sweeper,BR,31,16.4,7,7,0,0.0,0,0.0,11,2,18.18,6.45,5,16.13,22.58,20.0,16.07,0.0,0.143,0.143,0.143,0.286,0.0,690993
CU,Curveball,BR,15,7.94,4,4,0,0.0,0,0.0,7,2,28.57,13.33,2,13.33,26.67,33.33,12.5,0.0,0.0,0.0,0.0,0.0,0.0,690993
FC,Cutter,FB,8,4.23,3,2,1,33.33,1,33.33,2,1,50.0,12.5,2,25.0,37.5,33.33,3.57,50.0,0.0,0.333,0.0,0.333,0.0,690993
FS,Split-Finger,OS,2,28.57,1,1,1,100.0,0,0.0,2,2,100.0,100.0,0,0.0,100.0,100.0,50.0,100.0,0.0,0.0,0.0,0.0,0.0,691011
SL,Slider,BR,2,28.57,1,1,1,100.0,0,0.0,1,1,100.0,50.0,1,50.0,100.0,100.0,50.0,100.0,0.0,0.0,0.0,0.0,0.0,691011
ST,Sweeper,BR,2,28.57,0,0,0,,0,,1,1,100.0,50.0,0,0.0,50.0,50.0,0.0,,,,,,,691011
SI,Sinker,FB,1,14.29,0,0,0,,0,,1,1,100.0,100.0,0,0.0,100.0,100.0,0.0,,,,,,,691011
SL,Slider,BR,150,29.7,39,37,10,25.64,2,5.13,82,26,31.71,17.33,17,11.33,28.67,28.79,33.8,20.83,0.243,0.282,0.432,0.714,0.189,691016
SI,Sinker,FB,117,23.17,38,36,8,21.05,2,5.26,63,9,14.29,7.69,27,23.08,30.77,54.39,17.61,32.0,0.333,0.368,0.417,0.7849999999999999,0.0839999999999999,691016
FF,4-Seam Fastball,FB,96,19.01,30,29,10,33.33,1,3.33,49,13,26.53,13.54,16,16.67,30.21,35.56,18.31,38.46,0.207,0.233,0.31,0.543,0.103,691016
ST,Sweeper,BR,56,11.09,18,18,6,33.33,0,0.0,30,12,40.0,21.43,10,17.86,39.29,32.0,11.97,35.29,0.222,0.222,0.556,0.778,0.3340000000000001,691016
FC,Cutter,FB,30,5.94,6,6,1,16.67,0,0.0,13,5,38.46,16.67,4,13.33,30.0,18.75,3.52,20.0,0.333,0.333,0.5,0.833,0.1669999999999999,691016
CU,Curveball,BR,29,5.74,7,6,1,14.29,0,0.0,10,3,30.0,10.34,1,3.45,13.79,23.81,4.23,16.67,0.333,0.429,0.333,0.762,0.0,691016
CH,Changeup,OS,19,3.76,7,5,2,28.57,2,28.57,8,2,25.0,10.53,3,15.79,26.32,30.0,7.75,18.18,0.4,0.571,0.6,1.1709999999999998,0.1999999999999999,691016
KC,Knuckle Curve,BR,8,1.58,1,0,0,0.0,1,100.0,2,1,50.0,12.5,0,0.0,12.5,14.29,2.82,0.0,,1.0,,,,691016
SI,Sinker,FB,65,29.95,17,11,3,17.65,4,23.53,23,4,17.39,6.15,17,26.15,32.31,18.18,24.62,18.75,0.182,0.438,0.182,0.62,0.0,691019
FF,4-Seam Fastball,FB,60,27.65,14,12,5,35.71,2,14.29,31,11,35.48,18.33,11,18.33,36.67,21.05,24.62,31.25,0.333,0.429,0.5,0.929,0.1669999999999999,691019
SL,Slider,BR,50,23.04,12,12,7,58.33,0,0.0,20,10,50.0,20.0,9,18.0,38.0,26.92,26.15,41.18,0.083,0.083,0.083,0.166,0.0,691019
ST,Sweeper,BR,23,10.6,6,5,5,83.33,1,16.67,6,5,83.33,21.74,6,26.09,47.83,21.43,16.92,45.45,0.0,0.167,0.0,0.167,0.0,691019
FC,Cutter,FB,9,4.15,0,0,0,,0,,3,1,33.33,11.11,2,22.22,33.33,25.0,4.62,0.0,,,,,,691019
CH,Changeup,OS,5,2.3,3,3,0,0.0,0,0.0,4,1,25.0,20.0,0,0.0,20.0,100.0,3.08,0.0,0.333,0.333,0.333,0.666,0.0,691019
CU,Curveball,BR,3,1.38,0,0,0,,0,,0,0,,0.0,0,0.0,0.0,0.0,0.0,,,,,,,691019
KC,Knuckle Curve,BR,2,0.92,0,0,0,,0,,0,0,,0.0,1,50.0,50.0,0.0,0.0,,,,,,,691019
FF,4-Seam Fastball,FB,101,25.77,28,24,7,25.0,4,14.29,48,10,20.83,9.9,25,24.75,34.65,27.27,25.89,24.14,0.292,0.393,0.458,0.851,0.166,691023
CH,Changeup,OS,90,22.96,19,19,9,47.37,0,0.0,42,22,52.38,24.44,7,7.78,32.22,32.79,26.79,30.0,0.158,0.158,0.158,0.316,0.0,691023
SI,Sinker,FB,65,16.58,17,16,1,5.88,1,5.88,35,4,11.43,6.15,9,13.85,20.0,35.48,9.82,9.09,0.438,0.471,0.5,0.971,0.062,691023
CU,Curveball,BR,36,9.18,11,9,4,36.36,1,9.09,17,8,47.06,22.22,6,16.67,38.89,35.0,10.71,33.33,0.444,0.545,0.778,1.323,0.334,691023
SL,Slider,BR,35,8.93,14,13,5,35.71,1,7.14,23,9,39.13,25.71,3,8.57,34.29,50.0,15.18,29.41,0.154,0.214,0.154,0.368,0.0,691023
KC,Knuckle Curve,BR,20,5.1,2,2,1,50.0,0,0.0,7,4,57.14,20.0,2,10.0,30.0,26.67,2.68,33.33,0.0,0.0,0.0,0.0,0.0,691023
ST,Sweeper,BR,18,4.59,7,7,3,42.86,0,0.0,11,5,45.45,27.78,2,11.11,38.89,50.0,3.57,75.0,0.0,0.0,0.0,0.0,0.0,691023
FC,Cutter,FB,16,4.08,6,6,1,16.67,0,0.0,9,2,22.22,12.5,5,31.25,43.75,57.14,2.68,33.33,0.333,0.333,0.5,0.833,0.1669999999999999,691023
FS,Split-Finger,OS,6,1.53,2,2,1,50.0,0,0.0,2,1,50.0,16.67,0,0.0,16.67,20.0,2.68,33.33,0.0,0.0,0.0,0.0,0.0,691023
,,,5,1.28,1,0,0,0.0,1,100.0,0,0,,0.0,0,0.0,0.0,,0.0,,,1.0,,,,691023
FF,4-Seam Fastball,FB,253,33.47,53,46,9,16.98,7,13.21,119,21,17.65,8.3,40,15.81,24.11,21.24,36.26,9.47,0.239,0.34,0.348,0.688,0.1089999999999999,691026
CH,Changeup,OS,142,18.78,25,25,2,8.0,0,0.0,55,7,12.73,4.93,29,20.42,25.35,30.23,15.65,4.88,0.48,0.48,0.56,1.04,0.08,691026
SI,Sinker,FB,105,13.89,20,18,5,25.0,2,10.0,39,8,20.51,7.62,26,24.76,32.38,18.75,8.4,22.73,0.167,0.25,0.222,0.472,0.0549999999999999,691026
SL,Slider,BR,81,10.71,22,21,2,9.09,1,4.55,42,4,9.52,4.94,16,19.75,24.69,37.5,15.27,5.0,0.286,0.318,0.381,0.6990000000000001,0.095,691026
CU,Curveball,BR,56,7.41,17,15,5,29.41,0,0.0,26,6,23.08,10.71,11,19.64,30.36,38.71,9.16,20.83,0.067,0.176,0.133,0.309,0.066,691026
FC,Cutter,FB,46,6.08,8,6,0,0.0,1,12.5,22,5,22.73,10.87,9,19.57,30.43,34.78,3.05,0.0,0.5,0.5,1.0,1.5,0.5,691026
ST,Sweeper,BR,27,3.57,4,4,1,25.0,0,0.0,15,2,13.33,7.41,3,11.11,18.52,30.77,4.2,9.09,0.0,0.0,0.0,0.0,0.0,691026
FS,Split-Finger,OS,21,2.78,7,7,3,42.86,0,0.0,12,4,33.33,19.05,2,9.52,28.57,30.0,3.82,30.0,0.286,0.286,0.286,0.572,0.0,691026
KC,Knuckle Curve,BR,21,2.78,5,5,2,40.0,0,0.0,11,3,27.27,14.29,4,19.05,33.33,45.45,3.05,25.0,0.0,0.0,0.0,0.0,0.0,691026
SV,Slurve,BR,4,0.53,2,2,2,100.0,0,0.0,2,2,100.0,50.0,1,25.0,75.0,66.67,1.15,66.67,0.0,0.0,0.0,0.0,0.0,691026
FF,4-Seam Fastball,FB,155,36.13,33,28,13,39.39,4,12.12,68,22,32.35,14.19,25,16.13,30.32,11.11,32.85,28.89,0.25,0.364,0.357,0.721,0.1069999999999999,691176
CH,Changeup,OS,73,17.02,22,20,4,18.18,1,4.55,46,17,36.96,23.29,4,5.48,28.77,50.0,16.06,18.18,0.25,0.273,0.25,0.523,0.0,691176
SL,Slider,BR,62,14.45,14,12,6,42.86,2,14.29,33,14,42.42,22.58,11,17.74,40.32,39.29,18.25,24.0,0.167,0.286,0.25,0.536,0.0829999999999999,691176
SI,Sinker,FB,36,8.39,10,10,2,20.0,0,0.0,15,5,33.33,13.89,9,25.0,38.89,28.57,4.38,33.33,0.1,0.1,0.1,0.2,0.0,691176
FC,Cutter,FB,33,7.69,6,5,1,16.67,1,16.67,18,3,16.67,9.09,1,3.03,12.12,27.78,8.03,9.09,0.0,0.167,0.0,0.167,0.0,691176
CU,Curveball,BR,31,7.23,10,9,4,40.0,1,10.0,18,4,22.22,12.9,2,6.45,19.35,37.5,9.49,30.77,0.333,0.4,0.778,1.178,0.445,691176
ST,Sweeper,BR,23,5.36,7,7,4,57.14,0,0.0,12,6,50.0,26.09,3,13.04,39.13,16.67,7.3,40.0,0.0,0.0,0.0,0.0,0.0,691176
KC,Knuckle Curve,BR,8,1.86,2,2,0,0.0,0,0.0,4,1,25.0,12.5,1,12.5,25.0,40.0,2.19,0.0,0.5,0.5,0.5,1.0,0.0,691176
FS,Split-Finger,OS,7,1.63,0,0,0,,0,,3,1,33.33,14.29,0,0.0,14.29,0.0,1.46,0.0,,,,,,691176
CS,Slow Curve,BR,1,0.23,0,0,0,,0,,0,0,,0.0,1,100.0,100.0,0.0,0.0,,,,,,,691176
FF,4-Seam Fastball,FB,30,38.96,8,7,4,50.0,1,12.5,11,2,18.18,6.67,5,16.67,23.33,21.05,45.45,40.0,0.0,0.125,0.0,0.125,0.0,691182
CH,Changeup,OS,13,16.88,4,4,1,25.0,0,0.0,8,4,50.0,30.77,2,15.38,46.15,42.86,13.64,33.33,0.0,0.0,0.0,0.0,0.0,691182
SL,Slider,BR,10,12.99,2,2,0,0.0,0,0.0,6,1,16.67,10.0,2,20.0,30.0,66.67,22.73,0.0,0.0,0.0,0.0,0.0,0.0,691182
SI,Sinker,FB,9,11.69,5,5,0,0.0,0,0.0,7,0,0.0,0.0,1,11.11,11.11,50.0,0.0,,0.2,0.2,0.2,0.4,0.0,691182
CU,Curveball,BR,7,9.09,2,1,0,0.0,1,50.0,2,0,0.0,0.0,1,14.29,14.29,16.67,13.64,0.0,0.0,0.5,0.0,0.5,0.0,691182
ST,Sweeper,BR,3,3.9,1,1,1,100.0,0,0.0,3,1,33.33,33.33,0,0.0,33.33,100.0,4.55,100.0,0.0,0.0,0.0,0.0,0.0,691182
FC,Cutter,FB,3,3.9,2,2,0,0.0,0,0.0,3,0,0.0,0.0,0,0.0,0.0,100.0,0.0,,0.0,0.0,0.0,0.0,0.0,691182
FS,Split-Finger,OS,1,1.3,1,1,0,0.0,0,0.0,1,0,0.0,0.0,0,0.0,0.0,,0.0,,0.0,0.0,0.0,0.0,0.0,691182
KC,Knuckle Curve,BR,1,1.3,0,0,0,,0,,0,0,,0.0,1,100.0,100.0,,0.0,,,,,,,691182
FF,4-Seam Fastball,FB,32,34.78,7,6,2,28.57,0,0.0,12,3,25.0,9.38,7,21.88,31.25,18.75,35.48,18.18,0.167,0.286,0.167,0.4529999999999999,0.0,691185
CH,Changeup,OS,19,20.65,1,1,0,0.0,0,0.0,7,4,57.14,21.05,3,15.79,36.84,25.0,12.9,0.0,1.0,1.0,1.0,2.0,0.0,691185
SI,Sinker,FB,17,18.48,3,3,1,33.33,0,0.0,4,1,25.0,5.88,6,35.29,41.18,0.0,6.45,50.0,0.0,0.0,0.0,0.0,0.0,691185
SL,Slider,BR,12,13.04,3,3,0,0.0,0,0.0,4,1,25.0,8.33,2,16.67,25.0,14.29,16.13,0.0,0.333,0.333,0.333,0.666,0.0,691185
CU,Curveball,BR,10,10.87,4,3,3,75.0,1,25.0,4,3,75.0,30.0,3,30.0,60.0,60.0,22.58,42.86,0.0,0.25,0.0,0.25,0.0,691185
ST,Sweeper,BR,2,2.17,2,1,1,50.0,1,50.0,0,0,,0.0,1,50.0,50.0,0.0,6.45,50.0,0.0,0.5,0.0,0.5,0.0,691185
FF,4-Seam Fastball,FB,17,53.12,3,2,1,33.33,1,33.33,6,1,16.67,5.88,3,17.65,23.53,12.5,46.15,16.67,0.5,0.667,1.0,1.667,0.5,691373
CU,Curveball,BR,5,15.62,2,2,2,100.0,0,0.0,3,3,100.0,60.0,2,40.0,100.0,100.0,15.38,100.0,0.0,0.0,0.0,0.0,0.0,691373
CH,Changeup,OS,3,9.38,0,0,0,,0,,1,0,0.0,0.0,0,0.0,0.0,33.33,15.38,0.0,,,,,,691373
SL,Slider,BR,3,9.38,1,1,1,100.0,0,0.0,1,1,100.0,33.33,1,33.33,66.67,0.0,15.38,50.0,0.0,0.0,0.0,0.0,0.0,691373
FC,Cutter,FB,2,6.25,1,0,0,0.0,1,100.0,1,1,100.0,50.0,0,0.0,50.0,0.0,7.69,0.0,,1.0,,,,691373
SI,Sinker,FB,1,3.12,0,0,0,,0,,0,0,,0.0,1,100.0,100.0,,0.0,,,,,,,691373
ST,Sweeper,BR,1,3.12,0,0,0,,0,,0,0,,0.0,0,0.0,0.0,0.0,0.0,,,,,,,691373
FF,4-Seam Fastball,FB,214,28.8,52,46,15,28.85,4,7.69,112,35,31.25,16.36,32,14.95,31.31,25.81,35.0,21.43,0.283,0.327,0.652,0.979,0.369,691406
CH,Changeup,OS,148,19.92,46,45,3,6.52,1,2.17,83,19,22.89,12.84,10,6.76,19.59,40.66,21.5,6.98,0.178,0.196,0.356,0.552,0.178,691406
SI,Sinker,FB,120,16.15,35,34,2,5.71,1,2.86,57,6,10.53,5.0,24,20.0,25.0,35.19,7.0,14.29,0.265,0.286,0.441,0.727,0.176,691406
SL,Slider,BR,72,9.69,16,13,4,25.0,2,12.5,34,11,32.35,15.28,6,8.33,23.61,25.58,14.0,14.29,0.231,0.312,0.538,0.8500000000000001,0.307,691406
CU,Curveball,BR,62,8.34,16,15,5,31.25,1,6.25,24,10,41.67,16.13,12,19.35,35.48,31.58,8.5,29.41,0.2,0.25,0.4,0.65,0.2,691406
FC,Cutter,FB,54,7.27,12,10,0,0.0,2,16.67,23,4,17.39,7.41,8,14.81,22.22,25.0,2.0,0.0,0.2,0.333,0.2,0.533,0.0,691406
ST,Sweeper,BR,49,6.59,10,9,2,20.0,0,0.0,23,5,21.74,10.2,12,24.49,34.69,31.82,8.0,12.5,0.556,0.6,0.889,1.489,0.3329999999999999,691406
KC,Knuckle Curve,BR,8,1.08,0,0,0,,0,,2,1,50.0,12.5,2,25.0,37.5,28.57,1.5,0.0,,,,,,691406
FS,Split-Finger,OS,7,0.94,4,4,0,0.0,0,0.0,4,0,0.0,0.0,1,14.29,14.29,0.0,1.5,0.0,0.25,0.25,1.0,1.25,0.75,691406
SV,Slurve,BR,6,0.81,0,0,0,,0,,3,1,33.33,16.67,1,16.67,33.33,60.0,1.0,0.0,,,,,,691406
,,,3,0.4,1,0,0,0.0,1,100.0,0,0,,0.0,0,0.0,0.0,,0.0,,,1.0,,,,691406
FF,4-Seam Fastball,FB,163,33.0,40,35,4,10.0,4,10.0,81,4,4.94,2.45,36,22.09,24.54,34.43,25.68,10.53,0.286,0.359,0.543,0.902,0.257,691594
SI,Sinker,FB,87,17.61,17,15,0,0.0,1,5.88,39,5,12.82,5.75,24,27.59,33.33,28.21,12.16,0.0,0.333,0.353,0.4,0.753,0.067,691594
CH,Changeup,OS,74,14.98,24,22,5,20.83,1,4.17,42,11,26.19,14.86,4,5.41,20.27,44.0,20.95,16.13,0.182,0.217,0.227,0.444,0.045,691594
SL,Slider,BR,59,11.94,21,20,5,23.81,1,4.76,34,11,32.35,18.64,8,13.56,32.2,35.71,11.49,29.41,0.2,0.238,0.55,0.788,0.35,691594
CU,Curveball,BR,41,8.3,13,12,3,23.08,0,0.0,20,3,15.0,7.32,7,17.07,24.39,40.91,13.51,15.0,0.083,0.083,0.083,0.166,0.0,691594
ST,Sweeper,BR,31,6.28,7,5,2,28.57,0,0.0,8,3,37.5,9.68,8,25.81,35.48,11.76,6.08,22.22,0.2,0.429,0.2,0.629,0.0,691594
FC,Cutter,FB,15,3.04,3,3,0,0.0,0,0.0,5,0,0.0,0.0,5,33.33,33.33,16.67,2.03,0.0,0.0,0.0,0.0,0.0,0.0,691594
FS,Split-Finger,OS,13,2.63,7,7,0,0.0,0,0.0,11,2,18.18,15.38,1,7.69,23.08,66.67,4.05,0.0,0.286,0.286,0.429,0.715,0.143,691594
KC,Knuckle Curve,BR,4,0.81,1,1,0,0.0,0,0.0,3,0,0.0,0.0,0,0.0,0.0,66.67,2.7,0.0,1.0,1.0,1.0,2.0,0.0,691594
SV,Slurve,BR,4,0.81,0,0,0,,0,,0,0,,0.0,2,50.0,50.0,0.0,0.68,0.0,,,,,,691594
,,,3,0.61,0,0,0,,0,,0,0,,0.0,0,0.0,0.0,,0.68,0.0,,,,,,691594
FF,4-Seam Fastball,FB,176,25.54,44,41,17,38.64,2,4.55,104,33,31.73,18.75,18,10.23,28.98,42.53,30.45,25.37,0.146,0.205,0.439,0.644,0.293,691718
SL,Slider,BR,138,20.03,38,34,15,39.47,1,2.63,90,34,37.78,24.64,5,3.62,28.26,44.0,20.45,33.33,0.176,0.184,0.235,0.419,0.059,691718
SI,Sinker,FB,126,18.29,41,36,6,14.63,1,2.44,72,15,20.83,11.9,17,13.49,25.4,39.29,8.64,31.58,0.278,0.308,0.444,0.752,0.1659999999999999,691718
ST,Sweeper,BR,115,16.69,30,25,7,23.33,1,3.33,64,18,28.12,15.65,10,8.7,24.35,33.87,15.91,20.0,0.12,0.143,0.2,0.3429999999999999,0.08,691718
CU,Curveball,BR,61,8.85,16,15,6,37.5,0,0.0,31,11,35.48,18.03,8,13.11,31.15,36.11,11.36,24.0,0.267,0.312,0.667,0.979,0.4,691718
FC,Cutter,FB,34,4.93,9,9,2,22.22,0,0.0,21,7,33.33,20.59,5,14.71,35.29,50.0,3.64,25.0,0.222,0.222,0.667,0.889,0.445,691718
CH,Changeup,OS,28,4.06,7,7,1,14.29,0,0.0,19,3,15.79,10.71,3,10.71,21.43,57.14,7.27,6.25,0.143,0.143,0.143,0.286,0.0,691718
KC,Knuckle Curve,BR,6,0.87,1,1,1,100.0,0,0.0,4,2,50.0,33.33,0,0.0,33.33,50.0,1.82,25.0,0.0,0.0,0.0,0.0,0.0,691718
SV,Slurve,BR,3,0.44,1,1,0,0.0,0,0.0,2,0,0.0,0.0,0,0.0,0.0,0.0,0.45,0.0,0.0,0.0,0.0,0.0,0.0,691718
EP,Eephus,,1,0.15,0,0,0,,0,,0,0,,0.0,0,0.0,0.0,0.0,0.0,,,,,,,691718
FA,Other,,1,0.15,1,1,0,0.0,0,0.0,1,0,0.0,0.0,0,0.0,0.0,100.0,0.0,,0.0,0.0,0.0,0.0,0.0,691718
FF,4-Seam Fastball,FB,51,34.0,12,11,4,33.33,1,8.33,26,7,26.92,13.73,9,17.65,31.37,25.0,40.38,19.05,0.091,0.167,0.091,0.258,0.0,691720
CH,Changeup,OS,34,22.67,6,5,0,0.0,1,16.67,14,5,35.71,14.71,2,5.88,20.59,22.73,17.31,0.0,0.0,0.167,0.0,0.167,0.0,691720
SI,Sinker,FB,22,14.67,5,5,1,20.0,0,0.0,12,4,33.33,18.18,7,31.82,50.0,33.33,9.62,20.0,0.0,0.0,0.0,0.0,0.0,691720
CU,Curveball,BR,14,9.33,3,3,2,66.67,0,0.0,6,4,66.67,28.57,1,7.14,35.71,30.0,11.54,33.33,0.0,0.0,0.0,0.0,0.0,691720
SL,Slider,BR,13,8.67,2,2,1,50.0,0,0.0,5,2,40.0,15.38,4,30.77,46.15,20.0,11.54,16.67,0.5,0.5,1.0,1.5,0.5,691720
FC,Cutter,FB,8,5.33,5,4,0,0.0,1,20.0,6,1,16.67,12.5,0,0.0,12.5,60.0,3.85,0.0,0.5,0.6,0.75,1.35,0.25,691720
SV,Slurve,BR,4,2.67,1,1,0,0.0,0,0.0,2,1,50.0,25.0,0,0.0,25.0,33.33,3.85,0.0,0.0,0.0,0.0,0.0,0.0,691720
ST,Sweeper,BR,2,1.33,0,0,0,,0,,0,0,,0.0,0,0.0,0.0,0.0,0.0,,,,,,,691720
PO,Pitch Out,,1,0.67,0,0,0,,0,,0,0,,0.0,0,0.0,0.0,0.0,0.0,,,,,,,691720
FS,Split-Finger,OS,1,0.67,0,0,0,,0,,1,0,0.0,0.0,0,0.0,0.0,100.0,1.92,0.0,,,,,,691720
FF,4-Seam Fastball,FB,106,28.8,35,31,7,20.0,4,11.43,56,8,14.29,7.55,14,13.21,20.75,17.07,30.39,22.58,0.129,0.229,0.258,0.487,0.129,691723
CH,Changeup,OS,63,17.12,19,17,6,31.58,2,10.53,32,15,46.88,23.81,8,12.7,36.51,38.46,18.63,31.58,0.294,0.368,0.706,1.0739999999999998,0.412,691723
SL,Slider,BR,55,14.95,10,9,4,40.0,1,10.0,26,12,46.15,21.82,10,18.18,40.0,34.48,19.61,20.0,0.111,0.2,0.111,0.311,0.0,691723
SI,Sinker,FB,52,14.13,15,14,5,33.33,1,6.67,23,7,30.43,13.46,12,23.08,36.54,11.76,11.76,41.67,0.429,0.467,0.429,0.896,0.0,691723
FC,Cutter,FB,35,9.51,9,8,0,0.0,0,0.0,17,2,11.76,5.71,4,11.43,17.14,37.5,3.92,0.0,0.375,0.444,0.875,1.319,0.5,691723
CU,Curveball,BR,34,9.24,4,4,1,25.0,0,0.0,11,4,36.36,11.76,8,23.53,35.29,21.05,8.82,11.11,0.5,0.5,0.5,1.0,0.0,691723
ST,Sweeper,BR,13,3.53,2,1,0,0.0,1,50.0,2,0,0.0,0.0,4,30.77,30.77,14.29,2.94,0.0,0.0,0.5,0.0,0.5,0.0,691723
FS,Split-Finger,OS,5,1.36,1,1,1,100.0,0,0.0,2,1,50.0,20.0,1,20.0,40.0,25.0,2.94,33.33,0.0,0.0,0.0,0.0,0.0,691723
KC,Knuckle Curve,BR,3,0.82,1,1,0,0.0,0,0.0,1,0,0.0,0.0,1,33.33,33.33,0.0,0.0,,1.0,1.0,2.0,3.0,1.0,691723
SV,Slurve,BR,2,0.54,1,1,1,100.0,0,0.0,0,0,,0.0,2,100.0,100.0,,0.98,100.0,0.0,0.0,0.0,0.0,0.0,691723
FF,4-Seam Fastball,FB,20,41.67,3,2,1,33.33,1,33.33,9,3,33.33,15.0,1,5.0,20.0,23.08,47.06,12.5,0.0,0.333,0.0,0.333,0.0,691728
ST,Sweeper,BR,11,22.92,3,3,0,0.0,0,0.0,6,1,16.67,9.09,1,9.09,18.18,42.86,23.53,0.0,0.0,0.0,0.0,0.0,0.0,691728
SI,Sinker,FB,8,16.67,2,2,0,0.0,0,0.0,6,1,16.67,12.5,0,0.0,12.5,0.0,5.88,0.0,0.0,0.0,0.0,0.0,0.0,691728
SL,Slider,BR,6,12.5,2,1,1,50.0,1,50.0,2,2,100.0,33.33,0,0.0,33.33,0.0,11.76,50.0,0.0,0.5,0.0,0.5,0.0,691728
FC,Cutter,FB,1,2.08,0,0,0,,0,,1,0,0.0,0.0,0,0.0,0.0,,5.88,0.0,,,,,,691728
CH,Changeup,OS,1,2.08,0,0,0,,0,,1,0,0.0,0.0,0,0.0,0.0,,5.88,0.0,,,,,,691728
CU,Curveball,BR,1,2.08,0,0,0,,0,,0,0,,0.0,1,100.0,100.0,0.0,0.0,,,,,,,691728
FF,4-Seam Fastball,FB,65,36.11,15,13,8,53.33,2,13.33,33,13,39.39,20.0,11,16.92,36.92,25.0,31.48,47.06,0.077,0.2,0.077,0.277,0.0,691777
CH,Changeup,OS,37,20.56,13,13,4,30.77,0,0.0,24,10,41.67,27.03,2,5.41,32.43,50.0,29.63,25.0,0.154,0.154,0.385,0.539,0.231,691777
SI,Sinker,FB,27,15.0,6,5,0,0.0,1,16.67,11,0,0.0,0.0,5,18.52,18.52,14.29,11.11,0.0,0.4,0.5,0.4,0.9,0.0,691777
SL,Slider,BR,18,10.0,6,6,1,16.67,0,0.0,10,4,40.0,22.22,1,5.56,27.78,22.22,11.11,16.67,0.5,0.5,0.5,1.0,0.0,691777
CU,Curveball,BR,17,9.44,3,2,1,33.33,1,33.33,6,2,33.33,11.76,5,29.41,41.18,16.67,12.96,14.29,0.0,0.333,0.0,0.333,0.0,691777
ST,Sweeper,BR,6,3.33,0,0,0,,0,,0,0,,0.0,1,16.67,16.67,0.0,0.0,,,,,,,691777
FC,Cutter,FB,6,3.33,1,1,0,0.0,0,0.0,2,1,50.0,16.67,1,16.67,33.33,0.0,1.85,0.0,0.0,0.0,0.0,0.0,0.0,691777
FS,Split-Finger,OS,2,1.11,0,0,0,,0,,1,0,0.0,0.0,1,50.0,50.0,100.0,1.85,0.0,,,,,,691777
KC,Knuckle Curve,BR,2,1.11,0,0,0,,0,,1,0,0.0,0.0,0,0.0,0.0,0.0,0.0,,,,,,,691777
FF,4-Seam Fastball,FB,89,30.9,29,27,6,20.69,1,3.45,50,10,20.0,11.24,16,17.98,29.21,27.27,26.88,24.0,0.222,0.241,0.259,0.5,0.037,691781
CH,Changeup,OS,68,23.61,17,17,7,41.18,0,0.0,39,20,51.28,29.41,6,8.82,38.24,43.59,23.66,31.82,0.176,0.176,0.176,0.352,0.0,691781
SI,Sinker,FB,45,15.62,12,12,2,16.67,0,0.0,27,5,18.52,11.11,6,13.33,24.44,33.33,15.05,14.29,0.083,0.083,0.083,0.166,0.0,691781
SL,Slider,BR,32,11.11,11,10,5,45.45,1,9.09,17,8,47.06,25.0,4,12.5,37.5,21.43,15.05,35.71,0.2,0.273,0.3,0.573,0.0999999999999999,691781
CU,Curveball,BR,20,6.94,4,4,4,100.0,0,0.0,9,6,66.67,30.0,2,10.0,40.0,30.77,10.75,40.0,0.0,0.0,0.0,0.0,0.0,691781
ST,Sweeper,BR,17,5.9,5,5,2,40.0,0,0.0,9,5,55.56,29.41,3,17.65,47.06,42.86,6.45,33.33,0.4,0.4,0.6,1.0,0.1999999999999999,691781
FC,Cutter,FB,12,4.17,2,2,0,0.0,0,0.0,7,2,28.57,16.67,2,16.67,33.33,25.0,1.08,0.0,1.0,1.0,1.0,2.0,0.0,691781
FS,Split-Finger,OS,5,1.74,2,2,0,0.0,0,0.0,4,1,25.0,20.0,0,0.0,20.0,66.67,1.08,0.0,0.5,0.5,1.0,1.5,0.5,691781
FF,4-Seam Fastball,FB,37,26.24,13,12,3,23.08,1,7.69,18,3,16.67,8.11,8,21.62,29.73,14.29,22.73,30.0,0.25,0.308,0.5,0.808,0.25,691783
SL,Slider,BR,27,19.15,3,2,0,0.0,0,0.0,17,6,35.29,22.22,1,3.7,25.93,35.71,22.73,0.0,0.0,0.0,0.0,0.0,0.0,691783
SI,Sinker,FB,18,12.77,7,4,3,42.86,3,42.86,7,3,42.86,16.67,5,27.78,44.44,14.29,13.64,50.0,0.25,0.571,0.25,0.821,0.0,691783
CH,Changeup,OS,17,12.06,4,4,1,25.0,0,0.0,7,2,28.57,11.76,3,17.65,29.41,27.27,9.09,25.0,0.25,0.25,0.5,0.75,0.25,691783
CU,Curveball,BR,12,8.51,2,2,1,50.0,0,0.0,3,0,0.0,0.0,2,16.67,16.67,0.0,11.36,20.0,0.0,0.0,0.0,0.0,0.0,691783
FC,Cutter,FB,12,8.51,5,5,0,0.0,0,0.0,6,0,0.0,0.0,1,8.33,8.33,37.5,2.27,0.0,0.2,0.2,0.2,0.4,0.0,691783
ST,Sweeper,BR,10,7.09,1,1,1,100.0,0,0.0,2,1,50.0,10.0,3,30.0,40.0,20.0,4.55,50.0,0.0,0.0,0.0,0.0,0.0,691783
FS,Split-Finger,OS,5,3.55,1,1,1,100.0,0,0.0,1,1,100.0,20.0,0,0.0,20.0,0.0,11.36,20.0,0.0,0.0,0.0,0.0,0.0,691783
KC,Knuckle Curve,BR,3,2.13,1,1,0,0.0,0,0.0,2,0,0.0,0.0,1,33.33,33.33,,2.27,0.0,0.0,0.0,0.0,0.0,0.0,691783
FF,4-Seam Fastball,FB,28,28.0,7,7,2,28.57,0,0.0,12,0,0.0,0.0,8,28.57,28.57,11.11,32.5,15.38,0.143,0.143,0.143,0.286,0.0,691785
SI,Sinker,FB,24,24.0,8,7,2,25.0,1,12.5,14,5,35.71,20.83,3,12.5,33.33,36.36,25.0,20.0,0.143,0.25,0.429,0.679,0.286,691785
SL,Slider,BR,19,19.0,5,5,1,20.0,0,0.0,13,2,15.38,10.53,3,15.79,26.32,50.0,20.0,12.5,0.2,0.2,0.2,0.4,0.0,691785
ST,Sweeper,BR,14,14.0,2,2,2,100.0,0,0.0,7,6,85.71,42.86,4,28.57,71.43,42.86,12.5,40.0,0.0,0.0,0.0,0.0,0.0,691785
CU,Curveball,BR,8,8.0,3,3,2,66.67,0,0.0,4,3,75.0,37.5,2,25.0,62.5,60.0,5.0,100.0,0.0,0.0,0.0,0.0,0.0,691785
FC,Cutter,FB,6,6.0,2,2,1,50.0,0,0.0,3,2,66.67,33.33,1,16.67,50.0,33.33,5.0,50.0,0.5,0.5,0.5,1.0,0.0,691785
CH,Changeup,OS,1,1.0,0,0,0,,0,,0,0,,0.0,1,100.0,100.0,,0.0,,,,,,,691785
ST,Sweeper,BR,3,100.0,1,1,1,100.0,0,0.0,2,2,100.0,66.67,1,33.33,100.0,100.0,100.0,100.0,0.0,0.0,0.0,0.0,0.0,691907
SL,Slider,BR,19,31.67,6,6,3,50.0,0,0.0,12,8,66.67,42.11,2,10.53,52.63,50.0,40.0,50.0,0.0,0.0,0.0,0.0,0.0,692216
FF,4-Seam Fastball,FB,18,30.0,6,5,2,33.33,0,0.0,8,3,37.5,16.67,1,5.56,22.22,14.29,26.67,50.0,0.4,0.5,1.0,1.5,0.6,692216
SI,Sinker,FB,12,20.0,5,5,0,0.0,0,0.0,7,1,14.29,8.33,4,33.33,41.67,100.0,0.0,,0.2,0.2,0.2,0.4,0.0,692216
ST,Sweeper,BR,10,16.67,5,5,2,40.0,0,0.0,7,3,42.86,30.0,0,0.0,30.0,50.0,33.33,40.0,0.2,0.2,0.4,0.6000000000000001,0.2,692216
CU,Curveball,BR,1,1.67,0,0,0,,0,,1,1,100.0,100.0,0,0.0,100.0,100.0,0.0,,,,,,,692216
FF,4-Seam Fastball,FB,92,30.07,24,20,7,29.17,4,16.67,47,6,12.77,6.52,19,20.65,27.17,16.67,34.62,19.44,0.35,0.458,0.65,1.108,0.3,692225
CH,Changeup,OS,64,20.92,13,10,2,15.38,3,23.08,28,12,42.86,18.75,3,4.69,23.44,25.58,17.31,11.11,0.2,0.385,0.2,0.585,0.0,692225
SI,Sinker,FB,38,12.42,13,9,1,7.69,4,30.77,15,1,6.67,2.63,8,21.05,23.68,11.11,8.65,11.11,0.111,0.385,0.111,0.496,0.0,692225
SL,Slider,BR,37,12.09,8,6,2,25.0,0,0.0,16,4,25.0,10.81,6,16.22,27.03,16.67,15.38,12.5,0.0,0.25,0.0,0.25,0.0,692225
FC,Cutter,FB,34,11.11,6,6,1,16.67,0,0.0,18,5,27.78,14.71,6,17.65,32.35,21.43,9.62,10.0,0.333,0.333,0.333,0.666,0.0,692225
CU,Curveball,BR,23,7.52,6,3,1,16.67,1,16.67,9,0,0.0,0.0,2,8.7,8.7,23.53,9.62,10.0,0.0,0.333,0.0,0.333,0.0,692225
ST,Sweeper,BR,8,2.61,2,2,0,0.0,0,0.0,2,0,0.0,0.0,1,12.5,12.5,0.0,0.0,,0.0,0.0,0.0,0.0,0.0,692225
KC,Knuckle Curve,BR,4,1.31,1,1,1,100.0,0,0.0,0,0,,0.0,3,75.0,75.0,0.0,1.92,50.0,0.0,0.0,0.0,0.0,0.0,692225
FS,Split-Finger,OS,3,0.98,0,0,0,,0,,1,0,0.0,0.0,0,0.0,0.0,0.0,0.96,0.0,,,,,,692225
SV,Slurve,BR,3,0.98,1,1,0,0.0,0,0.0,2,0,0.0,0.0,0,0.0,0.0,100.0,1.92,0.0,0.0,0.0,0.0,0.0,0.0,692225
FF,4-Seam Fastball,FB,13,31.71,4,4,0,0.0,0,0.0,9,1,11.11,7.69,2,15.38,23.08,0.0,27.78,0.0,0.5,0.5,0.75,1.25,0.25,692585
SL,Slider,BR,9,21.95,1,1,1,100.0,0,0.0,6,3,50.0,33.33,0,0.0,33.33,25.0,16.67,33.33,0.0,0.0,0.0,0.0,0.0,692585
SI,Sinker,FB,6,14.63,2,2,0,0.0,0,0.0,2,0,0.0,0.0,1,16.67,16.67,0.0,5.56,0.0,0.5,0.5,0.5,1.0,0.0,692585
ST,Sweeper,BR,6,14.63,1,1,0,0.0,0,0.0,2,1,50.0,16.67,2,33.33,50.0,50.0,16.67,0.0,0.0,0.0,0.0,0.0,0.0,692585
FC,Cutter,FB,3,7.32,0,0,0,,0,,1,1,100.0,33.33,0,0.0,33.33,33.33,11.11,0.0,,,,,,692585
CU,Curveball,BR,2,4.88,1,1,1,100.0,0,0.0,2,1,50.0,50.0,0,0.0,50.0,100.0,11.11,50.0,0.0,0.0,0.0,0.0,0.0,692585
CH,Changeup,OS,2,4.88,0,0,0,,0,,1,0,0.0,0.0,0,0.0,0.0,50.0,11.11,0.0,,,,,,692585
FF,4-Seam Fastball,FB,119,34.49,36,31,8,22.22,5,13.89,76,17,22.37,14.29,9,7.56,21.85,29.55,32.65,25.0,0.129,0.25,0.161,0.411,0.032,693304
CH,Changeup,OS,73,21.16,17,16,1,5.88,0,0.0,37,9,24.32,12.33,3,4.11,16.44,24.44,21.43,4.76,0.375,0.375,0.625,1.0,0.25,693304
SL,Slider,BR,42,12.17,14,12,3,21.43,1,7.14,25,9,36.0,21.43,2,4.76,26.19,36.0,13.27,23.08,0.083,0.214,0.083,0.297,0.0,693304
SI,Sinker,FB,40,11.59,13,12,0,0.0,1,7.69,23,1,4.35,2.5,9,22.5,25.0,25.0,4.08,0.0,0.417,0.462,0.75,1.212,0.333,693304
CU,Curveball,BR,34,9.86,12,12,4,33.33,0,0.0,20,7,35.0,20.59,1,2.94,23.53,35.71,17.35,23.53,0.333,0.333,0.417,0.75,0.0839999999999999,693304
FC,Cutter,FB,12,3.48,2,2,0,0.0,0,0.0,7,1,14.29,8.33,0,0.0,8.33,0.0,3.06,0.0,0.5,0.5,2.0,2.5,1.5,693304
ST,Sweeper,BR,10,2.9,3,3,1,33.33,0,0.0,5,1,20.0,10.0,3,30.0,40.0,25.0,3.06,33.33,0.333,0.333,0.333,0.666,0.0,693304
KC,Knuckle Curve,BR,10,2.9,1,1,1,100.0,0,0.0,2,1,50.0,10.0,1,10.0,20.0,12.5,3.06,33.33,0.0,0.0,0.0,0.0,0.0,693304
FS,Split-Finger,OS,4,1.16,2,2,0,0.0,0,0.0,3,0,0.0,0.0,0,0.0,0.0,50.0,2.04,0.0,0.0,0.0,0.0,0.0,0.0,693304
,,,1,0.29,0,0,0,,0,,0,0,,0.0,0,0.0,0.0,,0.0,,,,,,,693304
FF,4-Seam Fastball,FB,154,31.82,33,31,6,18.18,2,6.06,73,13,17.81,8.44,19,12.34,20.78,14.29,32.31,14.29,0.29,0.333,0.387,0.72,0.097,693307
CH,Changeup,OS,73,15.08,23,22,6,26.09,1,4.35,35,8,22.86,10.96,6,8.22,19.18,32.61,14.62,31.58,0.409,0.435,0.682,1.117,0.2730000000000001,693307
SI,Sinker,FB,69,14.26,21,20,5,23.81,1,4.76,33,5,15.15,7.25,16,23.19,30.43,21.74,12.31,31.25,0.35,0.381,0.6,0.981,0.25,693307
CU,Curveball,BR,67,13.84,17,16,6,35.29,1,5.88,24,8,33.33,11.94,15,22.39,34.33,30.77,16.15,28.57,0.312,0.353,0.688,1.041,0.3759999999999999,693307
FC,Cutter,FB,47,9.71,5,3,1,20.0,2,40.0,13,1,7.69,2.13,19,40.43,42.55,20.0,6.15,12.5,0.0,0.4,0.0,0.4,0.0,693307
SL,Slider,BR,39,8.06,13,13,1,7.69,0,0.0,21,3,14.29,7.69,8,20.51,28.21,16.67,10.0,7.69,0.385,0.385,0.769,1.154,0.384,693307
ST,Sweeper,BR,22,4.55,6,5,2,33.33,1,16.67,9,3,33.33,13.64,6,27.27,40.91,25.0,6.92,22.22,0.2,0.333,0.2,0.533,0.0,693307
FS,Split-Finger,OS,4,0.83,1,1,0,0.0,0,0.0,2,0,0.0,0.0,1,25.0,25.0,50.0,1.54,0.0,1.0,1.0,4.0,5.0,3.0,693307
,,,4,0.83,1,0,0,0.0,1,100.0,0,0,,0.0,0,0.0,0.0,,0.0,,,1.0,,,,693307
FA,Other,,2,0.41,1,1,0,0.0,0,0.0,1,0,0.0,0.0,1,50.0,50.0,0.0,0.0,,0.0,0.0,0.0,0.0,0.0,693307
SV,Slurve,BR,2,0.41,0,0,0,,0,,0,0,,0.0,0,0.0,0.0,0.0,0.0,,,,,,,693307
CS,Slow Curve,BR,1,0.21,0,0,0,,0,,0,0,,0.0,1,100.0,100.0,0.0,0.0,,,,,,,693307
FF,4-Seam Fastball,FB,163,31.17,44,40,8,18.18,4,9.09,84,15,17.86,9.2,31,19.02,28.22,30.0,36.43,15.69,0.4,0.455,0.675,1.13,0.275,694192
CH,Changeup,OS,91,17.4,27,26,8,29.63,1,3.7,43,15,34.88,16.48,7,7.69,24.18,32.26,16.43,34.78,0.423,0.444,0.808,1.252,0.385,694192
SL,Slider,BR,82,15.68,23,21,7,30.43,2,8.7,39,15,38.46,18.29,16,19.51,37.8,34.09,16.43,30.43,0.19,0.261,0.238,0.499,0.0479999999999999,694192
SI,Sinker,FB,58,11.09,13,10,0,0.0,3,23.08,24,3,12.5,5.17,13,22.41,27.59,12.0,4.29,0.0,0.4,0.538,0.4,0.938,0.0,694192
CU,Curveball,BR,46,8.8,16,15,4,25.0,0,0.0,26,8,30.77,17.39,11,23.91,41.3,56.0,11.43,25.0,0.267,0.25,0.333,0.583,0.066,694192
FC,Cutter,FB,37,7.07,11,11,1,9.09,0,0.0,18,5,27.78,13.51,8,21.62,35.14,25.0,2.86,25.0,0.455,0.455,1.0,1.455,0.5449999999999999,694192
ST,Sweeper,BR,22,4.21,7,7,4,57.14,0,0.0,12,4,33.33,18.18,6,27.27,45.45,66.67,7.14,40.0,0.286,0.286,0.857,1.143,0.571,694192
FS,Split-Finger,OS,11,2.1,4,4,0,0.0,0,0.0,5,0,0.0,0.0,2,18.18,18.18,0.0,2.86,0.0,0.25,0.25,0.25,0.5,0.0,694192
KC,Knuckle Curve,BR,7,1.34,2,2,1,50.0,0,0.0,4,1,25.0,14.29,1,14.29,28.57,60.0,1.43,50.0,0.0,0.0,0.0,0.0,0.0,694192
,,,5,0.96,1,0,0,0.0,1,100.0,0,0,,0.0,0,0.0,0.0,,0.71,0.0,,1.0,,,,694192
SV,Slurve,BR,1,0.19,1,1,0,0.0,0,0.0,1,0,0.0,0.0,0,0.0,0.0,,0.0,,0.0,0.0,0.0,0.0,0.0,694192
FF,4-Seam Fastball,FB,13,35.14,4,4,3,75.0,0,0.0,9,5,55.56,38.46,2,15.38,53.85,60.0,47.06,37.5,0.0,0.0,0.0,0.0,0.0,694203
CH,Changeup,OS,5,13.51,1,1,1,100.0,0,0.0,2,2,100.0,40.0,1,20.0,60.0,50.0,11.76,50.0,0.0,0.0,0.0,0.0,0.0,694203
SI,Sinker,FB,5,13.51,0,0,0,,0,,4,3,75.0,60.0,0,0.0,60.0,100.0,0.0,,,,,,,694203
FC,Cutter,FB,4,10.81,1,1,0,0.0,0,0.0,3,0,0.0,0.0,1,25.0,25.0,100.0,11.76,0.0,0.0,0.0,0.0,0.0,0.0,694203
SL,Slider,BR,3,8.11,0,0,0,,0,,0,0,,0.0,1,33.33,33.33,0.0,11.76,0.0,,,,,,694203
KC,Knuckle Curve,BR,3,8.11,0,0,0,,0,,0,0,,0.0,0,0.0,0.0,0.0,11.76,0.0,,,,,,694203
CU,Curveball,BR,2,5.41,1,1,1,100.0,0,0.0,2,2,100.0,100.0,0,0.0,100.0,100.0,5.88,100.0,0.0,0.0,0.0,0.0,0.0,694203
ST,Sweeper,BR,2,5.41,1,1,0,0.0,0,0.0,2,0,0.0,0.0,0,0.0,0.0,,0.0,,0.0,0.0,0.0,0.0,0.0,694203
SI,Sinker,FB,8,42.11,2,0,0,0.0,2,100.0,2,1,50.0,12.5,1,12.5,25.0,14.29,33.33,0.0,,1.0,,,,694208
FF,4-Seam Fastball,FB,5,26.32,0,0,0,,0,,1,1,100.0,20.0,2,40.0,60.0,0.0,16.67,0.0,,,,,,694208
ST,Sweeper,BR,3,15.79,1,1,1,100.0,0,0.0,1,1,100.0,33.33,0,0.0,33.33,50.0,33.33,50.0,0.0,0.0,0.0,0.0,0.0,694208
SL,Slider,BR,2,10.53,1,1,1,100.0,0,0.0,2,2,100.0,100.0,0,0.0,100.0,100.0,16.67,100.0,0.0,0.0,0.0,0.0,0.0,694208
FC,Cutter,FB,1,5.26,0,0,0,,0,,0,0,,0.0,0,0.0,0.0,0.0,0.0,,,,,,,694208
SI,Sinker,FB,32,29.09,8,5,1,12.5,2,25.0,13,3,23.08,9.38,6,18.75,28.12,31.58,14.29,20.0,0.0,0.375,0.0,0.375,0.0,694212
SL,Slider,BR,24,21.82,5,4,0,0.0,1,20.0,11,3,27.27,12.5,3,12.5,25.0,25.0,28.57,0.0,0.25,0.4,0.25,0.65,0.0,694212
FF,4-Seam Fastball,FB,22,20.0,6,6,2,33.33,0,0.0,15,3,20.0,13.64,2,9.09,22.73,57.14,22.86,25.0,0.167,0.167,0.667,0.8340000000000001,0.5,694212
ST,Sweeper,BR,15,13.64,3,3,0,0.0,0,0.0,7,1,14.29,6.67,3,20.0,26.67,45.45,20.0,0.0,0.333,0.333,0.333,0.666,0.0,694212
CH,Changeup,OS,8,7.27,2,2,1,50.0,0,0.0,6,3,50.0,37.5,1,12.5,50.0,50.0,8.57,33.33,0.0,0.0,0.0,0.0,0.0,694212
FC,Cutter,FB,4,3.64,0,0,0,,0,,0,0,,0.0,0,0.0,0.0,0.0,0.0,,,,,,,694212
FS,Split-Finger,OS,3,2.73,1,1,1,100.0,0,0.0,2,1,50.0,33.33,0,0.0,33.33,50.0,5.71,50.0,0.0,0.0,0.0,0.0,0.0,694212
CU,Curveball,BR,2,1.82,0,0,0,,0,,1,1,100.0,50.0,0,0.0,50.0,50.0,0.0,,,,,,,694212
SL,Slider,BR,6,33.33,1,1,1,100.0,0,0.0,3,1,33.33,16.67,1,16.67,33.33,50.0,50.0,25.0,0.0,0.0,0.0,0.0,0.0,694359
SI,Sinker,FB,6,33.33,2,2,1,50.0,0,0.0,2,1,50.0,16.67,2,33.33,50.0,0.0,37.5,33.33,0.0,0.0,0.0,0.0,0.0,694359
FF,4-Seam Fastball,FB,5,27.78,1,1,1,100.0,0,0.0,2,1,50.0,20.0,2,40.0,60.0,0.0,12.5,100.0,0.0,0.0,0.0,0.0,0.0,694359
FC,Cutter,FB,1,5.56,0,0,0,,0,,1,1,100.0,100.0,0,0.0,100.0,100.0,0.0,,,,,,,694359
FF,4-Seam Fastball,FB,64,40.51,14,9,6,42.86,2,14.29,25,11,44.0,17.19,11,17.19,34.38,14.29,35.19,31.58,0.222,0.5,0.333,0.833,0.111,694362
CH,Changeup,OS,24,15.19,4,4,0,0.0,0,0.0,9,0,0.0,0.0,3,12.5,12.5,14.29,12.96,0.0,0.25,0.25,0.5,0.75,0.25,694362
SI,Sinker,FB,20,12.66,6,4,2,33.33,2,33.33,9,4,44.44,20.0,3,15.0,35.0,11.11,12.96,28.57,0.0,0.333,0.0,0.333,0.0,694362
SL,Slider,BR,17,10.76,4,3,2,50.0,0,0.0,4,2,50.0,11.76,6,35.29,47.06,22.22,12.96,28.57,0.0,0.25,0.0,0.25,0.0,694362
FC,Cutter,FB,14,8.86,3,3,1,33.33,0,0.0,6,3,50.0,21.43,3,21.43,42.86,42.86,7.41,25.0,0.0,0.0,0.0,0.0,0.0,694362
CU,Curveball,BR,12,7.59,3,2,1,33.33,1,33.33,3,0,0.0,0.0,3,25.0,25.0,20.0,14.81,12.5,0.5,0.667,0.5,1.167,0.0,694362
ST,Sweeper,BR,2,1.27,0,0,0,,0,,2,1,50.0,50.0,0,0.0,50.0,,1.85,0.0,,,,,,694362
SV,Slurve,BR,2,1.27,0,0,0,,0,,1,1,100.0,50.0,0,0.0,50.0,0.0,0.0,,,,,,,694362
CS,Slow Curve,BR,1,0.63,0,0,0,,0,,0,0,,0.0,0,0.0,0.0,,0.0,,,,,,,694362
KC,Knuckle Curve,BR,1,0.63,1,1,1,100.0,0,0.0,1,1,100.0,100.0,0,0.0,100.0,100.0,1.85,100.0,0.0,0.0,0.0,0.0,0.0,694362
FS,Split-Finger,OS,1,0.63,0,0,0,,0,,0,0,,0.0,1,100.0,100.0,,0.0,,,,,,,694362
FF,4-Seam Fastball,FB,111,33.74,27,23,6,22.22,3,11.11,54,13,24.07,11.71,24,21.62,33.33,31.37,29.47,21.43,0.348,0.407,0.391,0.798,0.043,694374
SL,Slider,BR,79,24.01,23,22,13,56.52,1,4.35,42,22,52.38,27.85,7,8.86,36.71,32.56,36.84,37.14,0.091,0.13,0.136,0.266,0.045,694374
SI,Sinker,FB,38,11.55,9,7,1,11.11,1,11.11,15,2,13.33,5.26,9,23.68,28.95,0.0,5.26,20.0,0.429,0.444,1.0,1.444,0.571,694374
CH,Changeup,OS,34,10.33,7,7,2,28.57,0,0.0,14,6,42.86,17.65,2,5.88,23.53,21.74,6.32,33.33,0.429,0.429,0.429,0.858,0.0,694374
ST,Sweeper,BR,20,6.08,4,4,1,25.0,0,0.0,10,4,40.0,20.0,3,15.0,35.0,46.15,4.21,25.0,0.0,0.0,0.0,0.0,0.0,694374
CU,Curveball,BR,17,5.17,3,3,1,33.33,0,0.0,8,3,37.5,17.65,3,17.65,35.29,33.33,8.42,12.5,0.333,0.333,0.333,0.666,0.0,694374
FC,Cutter,FB,11,3.34,6,6,0,0.0,0,0.0,8,0,0.0,0.0,1,9.09,9.09,0.0,4.21,0.0,0.167,0.167,0.167,0.334,0.0,694374
KC,Knuckle Curve,BR,10,3.04,2,2,0,0.0,0,0.0,4,2,50.0,20.0,2,20.0,40.0,33.33,3.16,0.0,0.5,0.5,0.5,1.0,0.0,694374
FS,Split-Finger,OS,9,2.74,1,1,0,0.0,0,0.0,4,2,50.0,22.22,0,0.0,22.22,28.57,2.11,0.0,0.0,0.0,0.0,0.0,0.0,694374
KC,Knuckle Curve,BR,13,36.11,1,1,0,0.0,0,0.0,6,3,50.0,23.08,1,7.69,30.77,22.22,33.33,0.0,0.0,0.0,0.0,0.0,0.0,694376
FF,4-Seam Fastball,FB,8,22.22,3,3,1,33.33,0,0.0,2,0,0.0,0.0,4,50.0,50.0,0.0,44.44,25.0,0.333,0.333,1.333,1.666,1.0,694376
SI,Sinker,FB,5,13.89,2,2,0,0.0,0,0.0,3,1,33.33,20.0,1,20.0,40.0,0.0,11.11,0.0,0.0,0.0,0.0,0.0,0.0,694376
CH,Changeup,OS,3,8.33,2,2,0,0.0,0,0.0,2,0,0.0,0.0,0,0.0,0.0,50.0,0.0,,0.0,0.0,0.0,0.0,0.0,694376
ST,Sweeper,BR,3,8.33,1,1,0,0.0,0,0.0,1,0,0.0,0.0,1,33.33,33.33,0.0,11.11,0.0,0.0,0.0,0.0,0.0,0.0,694376
CU,Curveball,BR,2,5.56,0,0,0,,0,,1,0,0.0,0.0,0,0.0,0.0,0.0,0.0,,,,,,,694376
FC,Cutter,FB,1,2.78,0,0,0,,0,,1,0,0.0,0.0,0,0.0,0.0,100.0,0.0,,,,,,,694376
SL,Slider,BR,1,2.78,1,1,0,0.0,0,0.0,1,0,0.0,0.0,0,0.0,0.0,,0.0,,0.0,0.0,0.0,0.0,0.0,694376
FF,4-Seam Fastball,FB,41,41.41,8,8,1,12.5,0,0.0,22,2,9.09,4.88,8,19.51,24.39,23.08,34.78,12.5,0.25,0.25,0.25,0.5,0.0,694377
CH,Changeup,OS,21,21.21,7,7,1,14.29,0,0.0,7,1,14.29,4.76,2,9.52,14.29,28.57,13.04,33.33,0.143,0.143,0.143,0.286,0.0,694377
CU,Curveball,BR,11,11.11,3,3,2,66.67,0,0.0,5,3,60.0,27.27,1,9.09,36.36,50.0,21.74,40.0,0.333,0.333,0.667,1.0,0.334,694377
SL,Slider,BR,11,11.11,3,3,0,0.0,0,0.0,6,0,0.0,0.0,0,0.0,0.0,28.57,21.74,0.0,0.667,0.667,0.667,1.334,0.0,694377
SI,Sinker,FB,11,11.11,3,2,0,0.0,1,33.33,7,1,14.29,9.09,1,9.09,18.18,25.0,8.7,0.0,1.0,1.0,1.5,2.5,0.5,694377
FC,Cutter,FB,2,2.02,1,1,0,0.0,0,0.0,2,0,0.0,0.0,0,0.0,0.0,,0.0,,0.0,0.0,0.0,0.0,0.0,694377
ST,Sweeper,BR,2,2.02,0,0,0,,0,,0,0,,0.0,0,0.0,0.0,0.0,0.0,,,,,,,694377
SI,Sinker,FB,172,35.68,41,33,5,12.2,7,17.07,76,7,9.21,4.07,40,23.26,27.33,16.67,29.5,12.2,0.242,0.375,0.303,0.6779999999999999,0.061,694384
FF,4-Seam Fastball,FB,116,24.07,31,26,1,3.23,4,12.9,50,4,8.0,3.45,22,18.97,22.41,18.18,24.46,2.94,0.308,0.419,0.423,0.842,0.1149999999999999,694384
SL,Slider,BR,82,17.01,20,18,2,10.0,1,5.0,36,8,22.22,9.76,13,15.85,25.61,18.42,15.83,9.09,0.444,0.45,0.5,0.95,0.0559999999999999,694384
ST,Sweeper,BR,59,12.24,9,8,2,22.22,0,0.0,23,5,21.74,8.47,9,15.25,23.73,17.65,12.95,11.11,0.0,0.111,0.0,0.111,0.0,694384
FC,Cutter,FB,17,3.53,7,6,1,14.29,1,14.29,8,3,37.5,17.65,3,17.65,35.29,33.33,3.6,20.0,0.333,0.429,0.5,0.929,0.1669999999999999,694384
CU,Curveball,BR,16,3.32,9,8,0,0.0,0,0.0,10,0,0.0,0.0,2,12.5,12.5,28.57,4.32,0.0,0.25,0.222,0.25,0.472,0.0,694384
CH,Changeup,OS,14,2.9,5,4,2,40.0,0,0.0,5,1,20.0,7.14,2,14.29,21.43,12.5,7.91,18.18,0.25,0.4,1.0,1.4,0.75,694384
KC,Knuckle Curve,BR,4,0.83,2,2,1,50.0,0,0.0,4,2,50.0,50.0,0,0.0,50.0,100.0,0.72,100.0,0.0,0.0,0.0,0.0,0.0,694384
SV,Slurve,BR,2,0.41,1,1,0,0.0,0,0.0,1,0,0.0,0.0,0,0.0,0.0,0.0,0.72,0.0,0.0,0.0,0.0,0.0,0.0,694384
SI,Sinker,FB,18,26.87,6,5,2,33.33,0,0.0,9,3,33.33,16.67,5,27.78,44.44,50.0,14.29,66.67,0.2,0.333,0.2,0.533,0.0,694388
FF,4-Seam Fastball,FB,17,25.37,6,6,1,16.67,0,0.0,11,2,18.18,11.76,2,11.76,23.53,50.0,38.1,12.5,0.5,0.5,0.5,1.0,0.0,694388
SL,Slider,BR,12,17.91,5,4,0,0.0,1,20.0,7,1,14.29,8.33,1,8.33,16.67,20.0,14.29,0.0,0.5,0.6,0.5,1.1,0.0,694388
FC,Cutter,FB,9,13.43,2,1,0,0.0,0,0.0,6,2,33.33,22.22,1,11.11,33.33,50.0,9.52,0.0,0.0,0.0,0.0,0.0,0.0,694388
ST,Sweeper,BR,5,7.46,2,2,1,50.0,0,0.0,4,1,25.0,20.0,0,0.0,20.0,50.0,9.52,50.0,0.0,0.0,0.0,0.0,0.0,694388
CH,Changeup,OS,4,5.97,2,2,0,0.0,0,0.0,2,0,0.0,0.0,0,0.0,0.0,33.33,9.52,0.0,0.5,0.5,0.5,1.0,0.0,694388
CU,Curveball,BR,2,2.99,0,0,0,,0,,0,0,,0.0,0,0.0,0.0,0.0,4.76,0.0,,,,,,694388
SI,Sinker,FB,26,25.24,11,9,1,9.09,1,9.09,10,1,10.0,3.85,11,42.31,46.15,28.57,20.69,16.67,0.0,0.182,0.0,0.182,0.0,694497
FF,4-Seam Fastball,FB,21,20.39,4,3,2,50.0,1,25.0,4,2,50.0,9.52,8,38.1,47.62,9.09,13.79,50.0,0.0,0.25,0.0,0.25,0.0,694497
SL,Slider,BR,17,16.5,3,3,0,0.0,0,0.0,6,0,0.0,0.0,2,11.76,11.76,10.0,24.14,0.0,0.333,0.333,0.333,0.666,0.0,694497
ST,Sweeper,BR,14,13.59,2,2,1,50.0,0,0.0,6,2,33.33,14.29,3,21.43,35.71,28.57,13.79,25.0,0.0,0.0,0.0,0.0,0.0,694497
FC,Cutter,FB,13,12.62,4,2,0,0.0,2,50.0,4,2,50.0,15.38,2,15.38,30.77,14.29,17.24,0.0,0.5,0.75,0.5,1.25,0.0,694497
CU,Curveball,BR,9,8.74,3,3,1,33.33,0,0.0,4,1,25.0,11.11,2,22.22,33.33,0.0,10.34,33.33,0.0,0.0,0.0,0.0,0.0,694497
SV,Slurve,BR,2,1.94,1,1,0,0.0,0,0.0,1,0,0.0,0.0,1,50.0,50.0,,0.0,,0.0,0.0,0.0,0.0,0.0,694497
KC,Knuckle Curve,BR,1,0.97,0,0,0,,0,,0,0,,0.0,0,0.0,0.0,0.0,0.0,,,,,,,694497
FF,4-Seam Fastball,FB,222,31.9,55,43,9,16.36,11,20.0,84,12,14.29,5.41,39,17.57,22.97,16.24,29.61,14.75,0.302,0.444,0.558,1.002,0.256,694671
CH,Changeup,OS,163,23.42,34,32,17,50.0,2,5.88,68,38,55.88,23.31,18,11.04,34.36,27.27,27.67,29.82,0.156,0.206,0.219,0.425,0.063,694671
SI,Sinker,FB,78,11.21,20,17,4,20.0,3,15.0,29,4,13.79,5.13,16,20.51,25.64,12.5,7.28,26.67,0.294,0.4,0.412,0.812,0.118,694671
SL,Slider,BR,73,10.49,21,17,6,28.57,4,19.05,47,14,29.79,19.18,7,9.59,28.77,41.18,13.59,21.43,0.294,0.429,0.529,0.958,0.235,694671
FC,Cutter,FB,51,7.33,15,11,1,6.67,4,26.67,20,3,15.0,5.88,7,13.73,19.61,10.71,4.37,11.11,0.273,0.467,0.727,1.194,0.4539999999999999,694671
CU,Curveball,BR,49,7.04,6,6,3,50.0,0,0.0,18,7,38.89,14.29,9,18.37,32.65,30.3,6.8,21.43,0.333,0.333,0.333,0.666,0.0,694671
ST,Sweeper,BR,36,5.17,8,5,0,0.0,3,37.5,18,1,5.56,2.78,8,22.22,25.0,14.29,7.77,0.0,0.2,0.5,0.4,0.9,0.2,694671
FS,Split-Finger,OS,8,1.15,2,0,0,0.0,2,100.0,1,1,100.0,12.5,1,12.5,25.0,14.29,0.49,0.0,,1.0,,,,694671
SV,Slurve,BR,6,0.86,2,2,1,50.0,0,0.0,3,1,33.33,16.67,1,16.67,33.33,33.33,1.94,25.0,0.0,0.0,0.0,0.0,0.0,694671
KC,Knuckle Curve,BR,5,0.72,1,1,0,0.0,0,0.0,1,0,0.0,0.0,1,20.0,20.0,0.0,0.49,0.0,0.0,0.0,0.0,0.0,0.0,694671
,,,5,0.72,1,0,0,0.0,1,100.0,0,0,,0.0,0,0.0,0.0,,0.0,,,1.0,,,,694671
CH,Changeup,OS,18,32.73,4,4,1,25.0,0,0.0,8,5,62.5,27.78,0,0.0,27.78,33.33,31.58,16.67,0.0,0.0,0.0,0.0,0.0,694728
FF,4-Seam Fastball,FB,15,27.27,2,2,2,100.0,0,0.0,7,4,57.14,26.67,5,33.33,60.0,40.0,21.05,50.0,0.0,0.0,0.0,0.0,0.0,694728
SI,Sinker,FB,8,14.55,2,2,2,100.0,0,0.0,3,1,33.33,12.5,3,37.5,50.0,0.0,10.53,100.0,0.0,0.0,0.0,0.0,0.0,694728
FC,Cutter,FB,5,9.09,1,0,0,0.0,1,100.0,2,1,50.0,20.0,1,20.0,40.0,0.0,10.53,0.0,,1.0,,,,694728
CU,Curveball,BR,3,5.45,0,0,0,,0,,0,0,,0.0,1,33.33,33.33,0.0,0.0,,,,,,,694728
SL,Slider,BR,3,5.45,1,1,0,0.0,0,0.0,1,0,0.0,0.0,0,0.0,0.0,0.0,15.79,0.0,0.0,0.0,0.0,0.0,0.0,694728
ST,Sweeper,BR,3,5.45,1,1,1,100.0,0,0.0,1,1,100.0,33.33,0,0.0,33.33,33.33,10.53,50.0,0.0,0.0,0.0,0.0,0.0,694728
FF,4-Seam Fastball,FB,16,25.0,5,4,2,40.0,1,20.0,7,4,57.14,25.0,3,18.75,43.75,28.57,22.22,50.0,0.25,0.4,0.5,0.9,0.25,695238
SI,Sinker,FB,15,23.44,3,2,1,33.33,0,0.0,6,0,0.0,0.0,6,40.0,40.0,50.0,16.67,33.33,0.0,0.0,0.0,0.0,0.0,695238
SL,Slider,BR,13,20.31,6,6,0,0.0,0,0.0,10,0,0.0,0.0,0,0.0,0.0,40.0,22.22,0.0,0.333,0.333,0.333,0.666,0.0,695238
FC,Cutter,FB,11,17.19,3,3,1,33.33,0,0.0,5,3,60.0,27.27,3,27.27,54.55,50.0,22.22,25.0,0.0,0.0,0.0,0.0,0.0,695238
ST,Sweeper,BR,6,9.38,3,3,0,0.0,0,0.0,4,1,25.0,16.67,1,16.67,33.33,100.0,5.56,0.0,0.0,0.0,0.0,0.0,0.0,695238
CU,Curveball,BR,3,4.69,0,0,0,,0,,2,1,50.0,33.33,0,0.0,33.33,0.0,11.11,0.0,,,,,,695238
CH,Changeup,OS,7,46.67,4,4,0,0.0,0,0.0,5,1,20.0,14.29,1,14.29,28.57,80.0,66.67,0.0,0.5,0.5,0.5,1.0,0.0,695257
FF,4-Seam Fastball,FB,4,26.67,0,0,0,,0,,1,0,0.0,0.0,1,25.0,25.0,0.0,33.33,0.0,,,,,,695257
SL,Slider,BR,2,13.33,0,0,0,,0,,0,0,,0.0,2,100.0,100.0,,0.0,,,,,,,695257
SI,Sinker,FB,1,6.67,0,0,0,,0,,1,0,0.0,0.0,0,0.0,0.0,,0.0,,,,,,,695257
ST,Sweeper,BR,1,6.67,0,0,0,,0,,0,0,,0.0,1,100.0,100.0,0.0,0.0,,,,,,,695257
FF,4-Seam Fastball,FB,135,49.63,27,26,11,40.74,1,3.7,65,20,30.77,14.81,25,18.52,33.33,24.59,51.92,20.37,0.269,0.296,0.308,0.604,0.0389999999999999,695336
CH,Changeup,OS,45,16.54,13,13,3,23.08,0,0.0,34,9,26.47,20.0,2,4.44,24.44,60.87,20.19,14.29,0.385,0.385,0.692,1.077,0.3069999999999999,695336
SI,Sinker,FB,25,9.19,8,8,2,25.0,0,0.0,12,2,16.67,8.0,9,36.0,44.0,20.0,6.73,28.57,0.125,0.125,0.125,0.25,0.0,695336
CU,Curveball,BR,23,8.46,3,3,2,66.67,0,0.0,11,4,36.36,17.39,3,13.04,30.43,30.77,4.81,40.0,0.0,0.0,0.0,0.0,0.0,695336
SL,Slider,BR,15,5.51,7,7,1,14.29,0,0.0,10,1,10.0,6.67,2,13.33,20.0,66.67,5.77,16.67,0.429,0.429,0.429,0.858,0.0,695336
KC,Knuckle Curve,BR,8,2.94,1,1,0,0.0,0,0.0,3,0,0.0,0.0,4,50.0,50.0,25.0,2.88,0.0,0.0,0.0,0.0,0.0,0.0,695336
ST,Sweeper,BR,7,2.57,5,4,1,20.0,0,0.0,5,0,0.0,0.0,2,28.57,28.57,100.0,4.81,20.0,0.25,0.2,0.25,0.45,0.0,695336
FC,Cutter,FB,6,2.21,1,1,0,0.0,0,0.0,2,0,0.0,0.0,1,16.67,16.67,0.0,0.0,,0.0,0.0,0.0,0.0,0.0,695336
FS,Split-Finger,OS,6,2.21,2,2,0,0.0,0,0.0,4,1,25.0,16.67,0,0.0,16.67,50.0,1.92,0.0,0.5,0.5,0.5,1.0,0.0,695336
SV,Slurve,BR,2,0.74,1,1,0,0.0,0,0.0,1,0,0.0,0.0,1,50.0,50.0,,0.96,0.0,0.0,0.0,0.0,0.0,0.0,695336
CH,Changeup,OS,39,31.2,12,12,5,41.67,0,0.0,18,10,55.56,25.64,2,5.13,30.77,20.0,36.36,31.25,0.25,0.25,0.25,0.5,0.0,695391
FF,4-Seam Fastball,FB,35,28.0,6,4,1,16.67,1,16.67,17,0,0.0,0.0,5,14.29,14.29,13.33,25.0,9.09,0.25,0.4,0.25,0.65,0.0,695391
CU,Curveball,BR,16,12.8,3,2,0,0.0,1,33.33,7,1,14.29,6.25,3,18.75,25.0,0.0,15.91,0.0,1.0,1.0,1.5,2.5,0.5,695391
SL,Slider,BR,15,12.0,5,5,2,40.0,0,0.0,8,2,25.0,13.33,4,26.67,40.0,60.0,13.64,33.33,0.0,0.0,0.0,0.0,0.0,695391
SI,Sinker,FB,14,11.2,5,4,1,20.0,1,20.0,6,1,16.67,7.14,5,35.71,42.86,25.0,9.09,25.0,0.0,0.2,0.0,0.2,0.0,695391
FC,Cutter,FB,3,2.4,0,0,0,,0,,1,0,0.0,0.0,2,66.67,66.67,100.0,0.0,,,,,,,695391
ST,Sweeper,BR,2,1.6,0,0,0,,0,,0,0,,0.0,1,50.0,50.0,0.0,0.0,,,,,,,695391
SV,Slurve,BR,1,0.8,0,0,0,,0,,0,0,,0.0,0,0.0,0.0,0.0,0.0,,,,,,,695391
SI,Sinker,FB,73,32.02,20,16,2,10.0,3,15.0,29,6,20.69,8.22,18,24.66,32.88,29.73,16.39,20.0,0.062,0.25,0.062,0.312,0.0,695506
SL,Slider,BR,56,24.56,16,15,5,31.25,1,6.25,28,12,42.86,21.43,8,14.29,35.71,42.42,32.79,25.0,0.133,0.188,0.333,0.521,0.2,695506
FF,4-Seam Fastball,FB,42,18.42,13,13,4,30.77,0,0.0,21,3,14.29,7.14,9,21.43,28.57,40.91,21.31,30.77,0.462,0.462,1.0,1.462,0.538,695506
ST,Sweeper,BR,27,11.84,6,6,2,33.33,0,0.0,13,7,53.85,25.93,4,14.81,40.74,41.18,16.39,20.0,0.167,0.167,0.167,0.334,0.0,695506
CU,Curveball,BR,13,5.7,2,2,0,0.0,0,0.0,7,2,28.57,15.38,4,30.77,46.15,62.5,8.2,0.0,0.0,0.0,0.0,0.0,0.0,695506
FC,Cutter,FB,9,3.95,6,5,0,0.0,0,0.0,5,0,0.0,0.0,1,11.11,11.11,0.0,1.64,0.0,0.2,0.333,0.6,0.933,0.3999999999999999,695506
CH,Changeup,OS,7,3.07,4,4,2,50.0,0,0.0,7,5,71.43,71.43,0,0.0,71.43,100.0,3.28,100.0,0.0,0.0,0.0,0.0,0.0,695506
KC,Knuckle Curve,BR,1,0.44,0,0,0,,0,,0,0,,0.0,0,0.0,0.0,0.0,0.0,,,,,,,695506
SI,Sinker,FB,232,25.03,51,48,11,21.57,3,5.88,101,19,18.81,8.19,62,26.72,34.91,34.74,17.61,22.0,0.333,0.373,0.5,0.873,0.1669999999999999,695578
SL,Slider,BR,199,21.47,57,49,14,24.56,7,12.28,92,40,43.48,20.1,23,11.56,31.66,26.17,18.66,26.42,0.204,0.304,0.388,0.692,0.184,695578
FF,4-Seam Fastball,FB,196,21.14,49,46,17,34.69,3,6.12,81,21,25.93,10.71,40,20.41,31.12,18.99,21.48,27.87,0.348,0.388,0.63,1.018,0.282,695578
ST,Sweeper,BR,132,14.24,34,32,13,38.24,2,5.88,63,25,39.68,18.94,20,15.15,34.09,36.0,19.37,23.64,0.25,0.294,0.312,0.606,0.062,695578
CH,Changeup,OS,59,6.36,12,10,8,66.67,1,8.33,29,16,55.17,27.12,9,15.25,42.37,38.24,9.15,30.77,0.0,0.083,0.0,0.083,0.0,695578
CU,Curveball,BR,42,4.53,9,9,4,44.44,0,0.0,15,7,46.67,16.67,7,16.67,33.33,34.62,4.58,30.77,0.222,0.222,0.667,0.889,0.445,695578
FC,Cutter,FB,38,4.1,9,9,3,33.33,0,0.0,16,6,37.5,15.79,8,21.05,36.84,22.22,5.28,20.0,0.444,0.444,0.778,1.222,0.334,695578
KC,Knuckle Curve,BR,13,1.4,1,1,1,100.0,0,0.0,5,3,60.0,23.08,1,7.69,30.77,0.0,2.11,16.67,0.0,0.0,0.0,0.0,0.0,695578
SV,Slurve,BR,11,1.19,4,4,0,0.0,0,0.0,7,1,14.29,9.09,0,0.0,9.09,20.0,1.76,0.0,0.25,0.25,1.0,1.25,0.75,695578
,,,4,0.43,1,0,0,0.0,1,100.0,0,0,,0.0,0,0.0,0.0,,0.0,,,1.0,,,,695578
FS,Split-Finger,OS,1,0.11,1,1,0,0.0,0,0.0,1,0,0.0,0.0,0,0.0,0.0,,0.0,,1.0,1.0,4.0,5.0,3.0,695578
FF,4-Seam Fastball,FB,16,27.12,3,2,0,0.0,1,33.33,6,3,50.0,18.75,3,18.75,37.5,0.0,11.76,0.0,0.0,0.333,0.0,0.333,0.0,695600
SI,Sinker,FB,14,23.73,4,3,0,0.0,1,25.0,7,0,0.0,0.0,0,0.0,0.0,22.22,35.29,0.0,0.333,0.5,0.333,0.833,0.0,695600
ST,Sweeper,BR,8,13.56,1,1,0,0.0,0,0.0,3,1,33.33,12.5,2,25.0,37.5,33.33,17.65,0.0,0.0,0.0,0.0,0.0,0.0,695600
FC,Cutter,FB,7,11.86,2,2,0,0.0,0,0.0,5,0,0.0,0.0,0,0.0,0.0,0.0,23.53,0.0,0.5,0.5,0.5,1.0,0.0,695600
SL,Slider,BR,7,11.86,2,2,0,0.0,0,0.0,6,0,0.0,0.0,0,0.0,0.0,0.0,5.88,0.0,0.0,0.0,0.0,0.0,0.0,695600
CU,Curveball,BR,5,8.47,1,1,0,0.0,0,0.0,1,0,0.0,0.0,1,20.0,20.0,33.33,0.0,,0.0,0.0,0.0,0.0,0.0,695600
CH,Changeup,OS,2,3.39,1,1,0,0.0,0,0.0,1,0,0.0,0.0,0,0.0,0.0,0.0,5.88,0.0,0.0,0.0,0.0,0.0,0.0,695600
FF,4-Seam Fastball,FB,85,29.01,23,20,5,21.74,2,8.7,44,12,27.27,14.12,8,9.41,23.53,3.12,35.8,17.24,0.3,0.391,0.55,0.941,0.25,695657
SI,Sinker,FB,84,28.67,25,24,2,8.0,1,4.0,48,9,18.75,10.71,17,20.24,30.95,46.88,11.11,22.22,0.25,0.28,0.583,0.863,0.3329999999999999,695657
SL,Slider,BR,49,16.72,12,11,2,16.67,1,8.33,25,11,44.0,22.45,6,12.24,34.69,37.93,17.28,14.29,0.273,0.333,0.545,0.8780000000000001,0.272,695657
ST,Sweeper,BR,26,8.87,9,8,3,33.33,1,11.11,11,5,45.45,19.23,3,11.54,30.77,42.11,11.11,33.33,0.0,0.111,0.0,0.111,0.0,695657
CH,Changeup,OS,14,4.78,5,5,3,60.0,0,0.0,9,5,55.56,35.71,2,14.29,50.0,50.0,8.64,42.86,0.0,0.0,0.0,0.0,0.0,695657
CU,Curveball,BR,12,4.1,4,4,0,0.0,0,0.0,8,1,12.5,8.33,0,0.0,8.33,42.86,7.41,0.0,0.5,0.5,0.5,1.0,0.0,695657
FC,Cutter,FB,12,4.1,3,3,1,33.33,0,0.0,5,3,60.0,25.0,1,8.33,33.33,30.0,2.47,50.0,0.333,0.333,0.333,0.666,0.0,695657
KC,Knuckle Curve,BR,9,3.07,2,2,1,50.0,0,0.0,6,1,16.67,11.11,2,22.22,33.33,80.0,4.94,25.0,0.0,0.0,0.0,0.0,0.0,695657
FS,Split-Finger,OS,1,0.34,0,0,0,,0,,0,0,,0.0,0,0.0,0.0,,1.23,0.0,,,,,,695657
,,,1,0.34,0,0,0,,0,,0,0,,0.0,0,0.0,0.0,,0.0,,,,,,,695657
SL,Slider,BR,11,68.75,2,2,2,100.0,0,0.0,8,5,62.5,45.45,0,0.0,45.45,62.5,75.0,33.33,0.0,0.0,0.0,0.0,0.0,695670
FF,4-Seam Fastball,FB,4,25.0,1,1,0,0.0,0,0.0,1,0,0.0,0.0,2,50.0,50.0,0.0,25.0,0.0,0.0,0.0,0.0,0.0,0.0,695670
CH,Changeup,OS,1,6.25,1,0,0,0.0,0,0.0,1,0,0.0,0.0,0,0.0,0.0,,0.0,,,0.0,,,,695670
FF,4-Seam Fastball,FB,61,37.2,14,13,7,50.0,1,7.14,35,15,42.86,24.59,6,9.84,34.43,25.93,44.19,36.84,0.077,0.143,0.308,0.4509999999999999,0.2309999999999999,695681
CH,Changeup,OS,26,15.85,10,9,3,30.0,1,10.0,16,8,50.0,30.77,1,3.85,34.62,41.18,23.26,30.0,0.333,0.4,0.778,1.178,0.445,695681
SI,Sinker,FB,21,12.8,3,3,0,0.0,0,0.0,11,3,27.27,14.29,5,23.81,38.1,44.44,2.33,0.0,0.333,0.333,0.667,1.0,0.334,695681
SL,Slider,BR,17,10.37,7,7,1,14.29,0,0.0,11,2,18.18,11.76,2,11.76,23.53,50.0,11.63,20.0,0.429,0.429,1.0,1.429,0.571,695681
FC,Cutter,FB,13,7.93,2,2,0,0.0,0,0.0,8,3,37.5,23.08,1,7.69,30.77,42.86,0.0,,0.5,0.5,0.5,1.0,0.0,695681
CU,Curveball,BR,11,6.71,3,3,0,0.0,0,0.0,5,0,0.0,0.0,2,18.18,18.18,20.0,6.98,0.0,0.333,0.333,0.333,0.666,0.0,695681
ST,Sweeper,BR,9,5.49,2,2,2,100.0,0,0.0,1,0,0.0,0.0,3,33.33,33.33,0.0,9.3,50.0,0.0,0.0,0.0,0.0,0.0,695681
KC,Knuckle Curve,BR,5,3.05,1,1,1,100.0,0,0.0,2,2,100.0,40.0,0,0.0,40.0,25.0,2.33,100.0,0.0,0.0,0.0,0.0,0.0,695681
SV,Slurve,BR,1,0.61,0,0,0,,0,,0,0,,0.0,0,0.0,0.0,0.0,0.0,,,,,,,695681
FF,4-Seam Fastball,FB,75,26.69,18,16,3,16.67,2,11.11,38,7,18.42,9.33,13,17.33,26.67,32.26,24.36,15.79,0.25,0.333,0.625,0.958,0.375,695734
SI,Sinker,FB,63,22.42,15,12,3,20.0,0,0.0,26,8,30.77,12.7,16,25.4,38.1,12.5,12.82,30.0,0.25,0.357,0.25,0.607,0.0,695734
SL,Slider,BR,62,22.06,22,22,5,22.73,0,0.0,39,12,30.77,19.35,4,6.45,25.81,30.77,26.92,23.81,0.364,0.364,0.5,0.864,0.136,695734
ST,Sweeper,BR,51,18.15,17,16,5,29.41,1,5.88,35,14,40.0,27.45,2,3.92,31.37,50.0,23.08,27.78,0.188,0.235,0.188,0.423,0.0,695734
FC,Cutter,FB,13,4.63,1,1,0,0.0,0,0.0,9,2,22.22,15.38,0,0.0,15.38,33.33,2.56,0.0,0.0,0.0,0.0,0.0,0.0,695734
SV,Slurve,BR,9,3.2,1,1,0,0.0,0,0.0,3,0,0.0,0.0,2,22.22,22.22,20.0,2.56,0.0,0.0,0.0,0.0,0.0,0.0,695734
CU,Curveball,BR,5,1.78,1,1,0,0.0,0,0.0,2,0,0.0,0.0,1,20.0,20.0,33.33,3.85,0.0,0.0,0.0,0.0,0.0,0.0,695734
CH,Changeup,OS,3,1.07,2,2,1,50.0,0,0.0,2,1,50.0,33.33,0,0.0,33.33,50.0,3.85,33.33,0.0,0.0,0.0,0.0,0.0,695734
SI,Sinker,FB,13,26.53,4,4,1,25.0,0,0.0,5,0,0.0,0.0,6,46.15,46.15,50.0,19.05,25.0,0.0,0.0,0.0,0.0,0.0,696030
ST,Sweeper,BR,11,22.45,2,2,0,0.0,0,0.0,8,2,25.0,18.18,0,0.0,18.18,25.0,23.81,0.0,0.5,0.5,1.0,1.5,0.5,696030
FF,4-Seam Fastball,FB,10,20.41,1,0,0,0.0,1,100.0,2,0,0.0,0.0,4,40.0,40.0,20.0,19.05,0.0,,1.0,,,,696030
SL,Slider,BR,10,20.41,3,3,2,66.67,0,0.0,6,2,33.33,20.0,0,0.0,20.0,42.86,33.33,28.57,0.0,0.0,0.0,0.0,0.0,696030
CH,Changeup,OS,2,4.08,2,1,0,0.0,0,0.0,1,0,0.0,0.0,0,0.0,0.0,0.0,0.0,,0.0,0.5,0.0,0.5,0.0,696030
FC,Cutter,FB,2,4.08,0,0,0,,0,,1,1,100.0,50.0,0,0.0,50.0,0.0,4.76,0.0,,,,,,696030
CU,Curveball,BR,1,2.04,1,1,0,0.0,0,0.0,1,0,0.0,0.0,0,0.0,0.0,,0.0,,0.0,0.0,0.0,0.0,0.0,696030
FF,4-Seam Fastball,FB,202,36.59,48,44,12,25.0,4,8.33,103,31,30.1,15.35,27,13.37,28.71,25.74,39.55,17.14,0.295,0.354,0.568,0.922,0.2729999999999999,696100
CH,Changeup,OS,103,18.66,31,29,7,22.58,2,6.45,60,21,35.0,20.39,7,6.8,27.18,33.33,15.82,25.0,0.345,0.387,0.724,1.111,0.379,696100
SL,Slider,BR,72,13.04,22,20,4,18.18,2,9.09,47,14,29.79,19.44,1,1.39,20.83,43.9,17.51,12.9,0.25,0.318,0.45,0.768,0.2,696100
CU,Curveball,BR,54,9.78,12,11,5,41.67,0,0.0,23,12,52.17,22.22,8,14.81,37.04,30.56,14.12,20.0,0.182,0.25,0.182,0.432,0.0,696100
SI,Sinker,FB,50,9.06,9,8,1,11.11,1,11.11,26,3,11.54,6.0,7,14.0,20.0,18.18,5.65,10.0,0.5,0.556,1.375,1.931,0.875,696100
FC,Cutter,FB,28,5.07,7,6,2,28.57,1,14.29,11,4,36.36,14.29,6,21.43,35.71,15.38,2.26,50.0,0.0,0.143,0.0,0.143,0.0,696100
ST,Sweeper,BR,27,4.89,9,8,2,22.22,1,11.11,17,8,47.06,29.63,2,7.41,37.04,57.89,3.39,33.33,0.25,0.333,0.375,0.708,0.125,696100
KC,Knuckle Curve,BR,7,1.27,1,1,0,0.0,0,0.0,3,1,33.33,14.29,0,0.0,14.29,20.0,0.0,,0.0,0.0,0.0,0.0,0.0,696100
FS,Split-Finger,OS,4,0.72,1,1,1,100.0,0,0.0,2,2,100.0,50.0,0,0.0,50.0,50.0,1.13,50.0,0.0,0.0,0.0,0.0,0.0,696100
SV,Slurve,BR,2,0.36,0,0,0,,0,,0,0,,0.0,0,0.0,0.0,0.0,0.0,,,,,,,696100
,,,2,0.36,0,0,0,,0,,0,0,,0.0,0,0.0,0.0,,0.56,0.0,,,,,,696100
CS,Slow Curve,BR,1,0.18,0,0,0,,0,,0,0,,0.0,1,100.0,100.0,,0.0,,,,,,,696100
FF,4-Seam Fastball,FB,132,32.67,33,26,3,9.09,5,15.15,64,6,9.38,4.55,24,18.18,22.73,23.21,30.91,8.82,0.308,0.419,0.346,0.7649999999999999,0.0379999999999999,696285
CH,Changeup,OS,72,17.82,24,23,5,20.83,1,4.17,37,10,27.03,13.89,9,12.5,26.39,30.77,21.82,20.83,0.174,0.208,0.261,0.469,0.087,696285
SI,Sinker,FB,72,17.82,21,17,3,14.29,4,19.05,28,2,7.14,2.78,18,25.0,27.78,8.0,10.91,25.0,0.353,0.476,0.353,0.829,0.0,696285
SL,Slider,BR,52,12.87,10,10,3,30.0,0,0.0,16,7,43.75,13.46,10,19.23,32.69,11.11,15.45,11.76,0.0,0.0,0.0,0.0,0.0,696285
CU,Curveball,BR,30,7.43,9,8,4,44.44,0,0.0,10,3,30.0,10.0,6,20.0,30.0,16.67,12.73,28.57,0.125,0.222,0.125,0.347,0.0,696285
ST,Sweeper,BR,22,5.45,3,2,0,0.0,1,33.33,4,0,0.0,0.0,4,18.18,18.18,0.0,5.45,0.0,0.0,0.333,0.0,0.333,0.0,696285
FC,Cutter,FB,20,4.95,2,2,0,0.0,0,0.0,8,1,12.5,5.0,5,25.0,30.0,22.22,1.82,0.0,0.5,0.5,1.0,1.5,0.5,696285
KC,Knuckle Curve,BR,2,0.5,1,1,1,100.0,0,0.0,2,2,100.0,100.0,0,0.0,100.0,100.0,0.91,100.0,0.0,0.0,0.0,0.0,0.0,696285
CS,Slow Curve,BR,1,0.25,0,0,0,,0,,0,0,,0.0,0,0.0,0.0,0.0,0.0,,,,,,,696285
FS,Split-Finger,OS,1,0.25,0,0,0,,0,,0,0,,0.0,0,0.0,0.0,0.0,0.0,,,,,,,696285
SI,Sinker,FB,14,45.16,5,5,2,40.0,0,0.0,7,2,28.57,14.29,1,7.14,21.43,37.5,22.22,100.0,0.0,0.0,0.0,0.0,0.0,699625
ST,Sweeper,BR,7,22.58,2,2,0,0.0,0,0.0,3,1,33.33,14.29,1,14.29,28.57,0.0,44.44,0.0,0.5,0.5,2.0,2.5,1.5,699625
FF,4-Seam Fastball,FB,4,12.9,0,0,0,,0,,2,0,0.0,0.0,1,25.0,25.0,0.0,11.11,0.0,,,,,,699625
SL,Slider,BR,4,12.9,1,1,0,0.0,0,0.0,2,0,0.0,0.0,0,0.0,0.0,0.0,22.22,0.0,1.0,1.0,1.0,2.0,0.0,699625
CU,Curveball,BR,2,6.45,0,0,0,,0,,0,0,,0.0,1,50.0,50.0,,0.0,,,,,,,699625
SI,Sinker,FB,55,34.16,15,15,3,20.0,0,0.0,26,3,11.54,5.45,12,21.82,27.27,33.33,21.43,33.33,0.333,0.333,0.333,0.666,0.0,700242
SL,Slider,BR,33,20.5,8,7,3,37.5,0,0.0,18,6,33.33,18.18,3,9.09,27.27,21.43,23.81,30.0,0.143,0.125,0.429,0.554,0.286,700242
FF,4-Seam Fastball,FB,25,15.53,8,6,3,37.5,1,12.5,14,4,28.57,16.0,5,20.0,36.0,25.0,19.05,37.5,0.333,0.375,0.333,0.708,0.0,700242
ST,Sweeper,BR,23,14.29,11,11,5,45.45,0,0.0,18,7,38.89,30.43,1,4.35,34.78,55.56,19.05,62.5,0.091,0.091,0.091,0.182,0.0,700242
CU,Curveball,BR,10,6.21,4,3,1,25.0,1,25.0,5,2,40.0,20.0,1,10.0,30.0,42.86,9.52,25.0,0.0,0.25,0.0,0.25,0.0,700242
FC,Cutter,FB,8,4.97,1,1,0,0.0,0,0.0,4,0,0.0,0.0,1,12.5,12.5,0.0,4.76,0.0,0.0,0.0,0.0,0.0,0.0,700242
SV,Slurve,BR,6,3.73,2,2,0,0.0,0,0.0,2,0,0.0,0.0,0,0.0,0.0,0.0,2.38,0.0,1.0,1.0,1.0,2.0,0.0,700242
CH,Changeup,OS,1,0.62,1,1,0,0.0,0,0.0,1,0,0.0,0.0,0,0.0,0.0,100.0,0.0,,0.0,0.0,0.0,0.0,0.0,700242
FF,4-Seam Fastball,FB,62,41.89,16,14,7,43.75,2,12.5,32,13,40.62,20.97,7,11.29,32.26,25.0,40.82,35.0,0.143,0.25,0.357,0.607,0.214,700246
CU,Curveball,BR,22,14.86,6,6,3,50.0,0,0.0,13,6,46.15,27.27,5,22.73,50.0,44.44,12.24,50.0,0.0,0.0,0.0,0.0,0.0,700246
SI,Sinker,FB,15,10.14,3,1,0,0.0,2,66.67,5,2,40.0,13.33,1,6.67,20.0,20.0,12.24,0.0,0.0,0.667,0.0,0.667,0.0,700246
CH,Changeup,OS,12,8.11,2,2,0,0.0,0,0.0,7,3,42.86,25.0,1,8.33,33.33,33.33,2.04,0.0,1.0,1.0,1.0,2.0,0.0,700246
ST,Sweeper,BR,11,7.43,3,3,2,66.67,0,0.0,7,4,57.14,36.36,0,0.0,36.36,50.0,10.2,40.0,0.0,0.0,0.0,0.0,0.0,700246
FC,Cutter,FB,10,6.76,3,3,1,33.33,0,0.0,5,2,40.0,20.0,1,10.0,30.0,20.0,4.08,50.0,0.667,0.667,2.667,3.334,2.0,700246
SL,Slider,BR,7,4.73,2,1,0,0.0,0,0.0,4,0,0.0,0.0,0,0.0,0.0,33.33,8.16,0.0,0.0,0.0,0.0,0.0,0.0,700246
FS,Split-Finger,OS,4,2.7,1,1,0,0.0,0,0.0,3,1,33.33,25.0,0,0.0,25.0,0.0,4.08,0.0,0.0,0.0,0.0,0.0,0.0,700246
KC,Knuckle Curve,BR,3,2.03,1,1,1,100.0,0,0.0,1,1,100.0,33.33,1,33.33,66.67,50.0,4.08,50.0,0.0,0.0,0.0,0.0,0.0,700246
SV,Slurve,BR,2,1.35,1,1,1,100.0,0,0.0,2,1,50.0,50.0,0,0.0,50.0,100.0,2.04,100.0,0.0,0.0,0.0,0.0,0.0,700246
SI,Sinker,FB,109,22.47,29,23,4,13.79,3,10.34,50,10,20.0,9.17,23,21.1,30.28,28.26,14.29,19.05,0.261,0.321,0.522,0.843,0.261,700250
SL,Slider,BR,104,21.44,32,31,13,40.62,1,3.12,53,22,41.51,21.15,22,21.15,42.31,43.75,23.81,37.14,0.194,0.219,0.419,0.638,0.2249999999999999,700250
FF,4-Seam Fastball,FB,101,20.82,24,19,3,12.5,4,16.67,43,6,13.95,5.94,23,22.77,28.71,15.91,19.73,10.34,0.263,0.391,0.632,1.023,0.369,700250
ST,Sweeper,BR,65,13.4,12,11,5,41.67,1,8.33,23,10,43.48,15.38,11,16.92,32.31,21.95,13.61,25.0,0.091,0.167,0.364,0.531,0.273,700250
FC,Cutter,FB,39,8.04,8,7,1,12.5,1,12.5,15,2,13.33,5.13,6,15.38,20.51,14.29,5.44,12.5,0.143,0.25,0.286,0.536,0.143,700250
CH,Changeup,OS,30,6.19,7,7,3,42.86,0,0.0,19,5,26.32,16.67,2,6.67,23.33,35.71,14.29,14.29,0.286,0.286,0.857,1.143,0.571,700250
CU,Curveball,BR,23,4.74,5,5,3,60.0,0,0.0,3,1,33.33,4.35,6,26.09,30.43,11.76,5.44,37.5,0.2,0.2,0.4,0.6000000000000001,0.2,700250
KC,Knuckle Curve,BR,9,1.86,1,1,1,100.0,0,0.0,3,2,66.67,22.22,1,11.11,33.33,16.67,2.72,25.0,0.0,0.0,0.0,0.0,0.0,700250
FA,Other,,3,0.62,1,1,0,0.0,0,0.0,1,0,0.0,0.0,0,0.0,0.0,33.33,0.0,,0.0,0.0,0.0,0.0,0.0,700250
SV,Slurve,BR,1,0.21,1,1,0,0.0,0,0.0,1,0,0.0,0.0,0,0.0,0.0,,0.68,0.0,0.0,0.0,0.0,0.0,0.0,700250
,,,1,0.21,0,0,0,,0,,0,0,,0.0,0,0.0,0.0,,0.0,,,,,,,700250
FF,4-Seam Fastball,FB,174,34.12,36,32,4,11.11,4,11.11,84,11,13.1,6.32,33,18.97,25.29,20.55,33.08,9.3,0.344,0.417,0.531,0.948,0.187,700337
CH,Changeup,OS,104,20.39,36,35,8,22.22,1,2.78,51,14,27.45,13.46,14,13.46,26.92,32.2,23.08,26.67,0.114,0.139,0.114,0.253,0.0,700337
SI,Sinker,FB,78,15.29,22,20,2,9.09,2,9.09,34,4,11.76,5.13,25,32.05,37.18,10.0,6.92,22.22,0.45,0.5,0.55,1.05,0.1,700337
SL,Slider,BR,45,8.82,12,12,3,25.0,0,0.0,16,3,18.75,6.67,6,13.33,20.0,4.0,10.0,23.08,0.5,0.5,0.5,1.0,0.0,700337
FC,Cutter,FB,40,7.84,11,11,1,9.09,0,0.0,21,3,14.29,7.5,4,10.0,17.5,28.57,8.46,9.09,0.545,0.545,0.727,1.272,0.1819999999999999,700337
CU,Curveball,BR,31,6.08,11,10,3,27.27,0,0.0,10,1,10.0,3.23,5,16.13,19.35,0.0,10.77,21.43,0.5,0.545,0.6,1.145,0.0999999999999999,700337
ST,Sweeper,BR,15,2.94,2,2,0,0.0,0,0.0,3,0,0.0,0.0,2,13.33,13.33,10.0,2.31,0.0,0.5,0.5,0.5,1.0,0.0,700337
FS,Split-Finger,OS,13,2.55,4,4,0,0.0,0,0.0,7,1,14.29,7.69,2,15.38,23.08,33.33,3.85,0.0,1.0,1.0,1.5,2.5,0.5,700337
KC,Knuckle Curve,BR,7,1.37,3,3,2,66.67,0,0.0,3,2,66.67,28.57,2,28.57,57.14,33.33,1.54,100.0,0.0,0.0,0.0,0.0,0.0,700337
CS,Slow Curve,BR,2,0.39,0,0,0,,0,,0,0,,0.0,0,0.0,0.0,0.0,0.0,,,,,,,700337
PO,Pitch Out,,1,0.2,0,0,0,,0,,0,0,,0.0,0,0.0,0.0,0.0,0.0,,,,,,,700337
SI,Sinker,FB,111,32.84,35,32,3,8.57,2,5.71,48,3,6.25,2.7,31,27.93,30.63,29.27,17.58,18.75,0.219,0.286,0.375,0.661,0.156,700932
FF,4-Seam Fastball,FB,83,24.56,18,14,7,38.89,3,16.67,42,14,33.33,16.87,14,16.87,33.73,29.73,30.77,25.0,0.214,0.353,0.643,0.996,0.429,700932
SL,Slider,BR,63,18.64,22,20,8,36.36,1,4.55,36,19,52.78,30.16,6,9.52,39.68,36.67,21.98,40.0,0.25,0.273,0.55,0.8230000000000001,0.3,700932
ST,Sweeper,BR,31,9.17,10,10,5,50.0,0,0.0,14,7,50.0,22.58,4,12.9,35.48,36.84,16.48,33.33,0.0,0.0,0.0,0.0,0.0,700932
CH,Changeup,OS,18,5.33,1,1,1,100.0,0,0.0,12,5,41.67,27.78,2,11.11,38.89,50.0,6.59,16.67,0.0,0.0,0.0,0.0,0.0,700932
FC,Cutter,FB,13,3.85,4,4,1,25.0,0,0.0,5,2,40.0,15.38,4,30.77,46.15,16.67,1.1,100.0,0.0,0.0,0.0,0.0,0.0,700932
CU,Curveball,BR,10,2.96,2,2,0,0.0,0,0.0,4,0,0.0,0.0,1,10.0,10.0,0.0,2.2,0.0,0.5,0.5,2.0,2.5,1.5,700932
KC,Knuckle Curve,BR,6,1.78,3,2,0,0.0,1,33.33,3,1,33.33,16.67,0,0.0,16.67,25.0,2.2,0.0,0.0,0.333,0.0,0.333,0.0,700932
SV,Slurve,BR,3,0.89,1,1,0,0.0,0,0.0,1,0,0.0,0.0,0,0.0,0.0,33.33,1.1,0.0,0.0,0.0,0.0,0.0,0.0,700932
FF,4-Seam Fastball,FB,16,34.78,5,5,2,40.0,0,0.0,11,4,36.36,25.0,0,0.0,25.0,16.67,63.64,28.57,0.2,0.2,0.4,0.6000000000000001,0.2,701305
CH,Changeup,OS,12,26.09,2,2,0,0.0,0,0.0,6,3,50.0,25.0,0,0.0,25.0,33.33,9.09,0.0,0.5,0.5,1.0,1.5,0.5,701305
ST,Sweeper,BR,8,17.39,1,1,0,0.0,0,0.0,3,1,33.33,12.5,3,37.5,50.0,20.0,9.09,0.0,0.0,0.0,0.0,0.0,0.0,701305
SL,Slider,BR,7,15.22,1,0,0,0.0,1,100.0,0,0,,0.0,3,42.86,42.86,0.0,9.09,0.0,,1.0,,,,701305
SI,Sinker,FB,3,6.52,2,1,1,50.0,1,50.0,1,1,100.0,33.33,0,0.0,33.33,0.0,9.09,100.0,0.0,0.5,0.0,0.5,0.0,701305
SI,Sinker,FB,125,29.62,24,22,12,50.0,2,8.33,39,15,38.46,12.0,45,36.0,48.0,26.67,24.19,40.0,0.136,0.208,0.136,0.344,0.0,701350
FF,4-Seam Fastball,FB,103,24.41,30,27,5,16.67,3,10.0,39,5,12.82,4.85,30,29.13,33.98,15.38,21.77,18.52,0.481,0.533,0.852,1.385,0.371,701350
SL,Slider,BR,88,20.85,18,17,6,33.33,1,5.56,44,18,40.91,20.45,12,13.64,34.09,31.82,25.0,19.35,0.294,0.333,0.471,0.804,0.177,701350
ST,Sweeper,BR,44,10.43,9,9,6,66.67,0,0.0,15,7,46.67,15.91,9,20.45,36.36,25.0,12.1,40.0,0.222,0.222,0.222,0.444,0.0,701350
FC,Cutter,FB,23,5.45,3,2,2,66.67,1,33.33,5,3,60.0,13.04,5,21.74,34.78,11.76,5.65,28.57,0.0,0.333,0.0,0.333,0.0,701350
CU,Curveball,BR,13,3.08,6,6,1,16.67,0,0.0,6,1,16.67,7.69,4,30.77,38.46,50.0,3.23,25.0,0.333,0.333,0.5,0.833,0.1669999999999999,701350
CH,Changeup,OS,11,2.61,4,4,3,75.0,0,0.0,4,3,75.0,27.27,2,18.18,45.45,37.5,4.84,50.0,0.0,0.0,0.0,0.0,0.0,701350
KC,Knuckle Curve,BR,10,2.37,3,3,3,100.0,0,0.0,2,2,100.0,20.0,2,20.0,40.0,28.57,3.23,75.0,0.0,0.0,0.0,0.0,0.0,701350
FA,Other,,5,1.18,1,0,0,0.0,1,100.0,0,0,,0.0,1,20.0,20.0,0.0,0.0,,,1.0,,,,701350
FF,4-Seam Fastball,FB,198,32.46,42,34,9,21.43,7,16.67,88,23,26.14,11.62,36,18.18,29.8,18.89,31.47,12.9,0.324,0.439,0.559,0.998,0.235,701358
CH,Changeup,OS,124,20.33,30,25,9,30.0,2,6.67,54,23,42.59,18.55,11,8.87,27.42,22.22,19.8,23.08,0.2,0.241,0.4,0.641,0.2,701358
SI,Sinker,FB,62,10.16,23,18,6,26.09,5,21.74,27,4,14.81,6.45,16,25.81,32.26,23.08,10.66,28.57,0.278,0.435,0.389,0.8240000000000001,0.1109999999999999,701358
SL,Slider,BR,59,9.67,17,14,6,35.29,0,0.0,28,8,28.57,13.56,13,22.03,35.59,31.03,8.63,35.29,0.071,0.235,0.071,0.306,0.0,701358
FC,Cutter,FB,55,9.02,8,7,4,50.0,1,12.5,28,13,46.43,23.64,7,12.73,36.36,40.0,5.58,36.36,0.0,0.125,0.0,0.125,0.0,701358
CU,Curveball,BR,47,7.7,10,10,1,10.0,0,0.0,25,5,20.0,10.64,6,12.77,23.4,22.22,8.63,5.88,0.5,0.5,0.8,1.3,0.3,701358
ST,Sweeper,BR,38,6.23,3,3,1,33.33,0,0.0,9,2,22.22,5.26,15,39.47,44.74,12.5,7.11,7.14,0.667,0.667,2.0,2.667,1.333,701358
KC,Knuckle Curve,BR,20,3.28,3,1,1,33.33,2,66.67,8,4,50.0,20.0,2,10.0,30.0,21.43,6.09,8.33,0.0,0.667,0.0,0.667,0.0,701358
FS,Split-Finger,OS,5,0.82,2,2,0,0.0,0,0.0,4,2,50.0,40.0,0,0.0,40.0,50.0,1.52,0.0,0.5,0.5,0.5,1.0,0.0,701358
SV,Slurve,BR,2,0.33,1,1,1,100.0,0,0.0,0,0,,0.0,1,50.0,50.0,0.0,0.51,100.0,0.0,0.0,0.0,0.0,0.0,701358
CH,Changeup,OS,6,30.0,1,1,0,0.0,0,0.0,2,1,50.0,16.67,0,0.0,16.67,20.0,60.0,0.0,0.0,0.0,0.0,0.0,0.0,701398
FF,4-Seam Fastball,FB,5,25.0,1,1,0,0.0,0,0.0,4,0,0.0,0.0,0,0.0,0.0,66.67,0.0,,1.0,1.0,4.0,5.0,3.0,701398
CU,Curveball,BR,3,15.0,1,1,0,0.0,0,0.0,1,0,0.0,0.0,1,33.33,33.33,0.0,20.0,0.0,0.0,0.0,0.0,0.0,0.0,701398
SI,Sinker,FB,2,10.0,1,1,0,0.0,0,0.0,1,0,0.0,0.0,0,0.0,0.0,0.0,0.0,,1.0,1.0,1.0,2.0,0.0,701398
SL,Slider,BR,2,10.0,2,2,0,0.0,0,0.0,2,0,0.0,0.0,0,0.0,0.0,,0.0,,0.0,0.0,0.0,0.0,0.0,701398
ST,Sweeper,BR,2,10.0,1,1,1,100.0,0,0.0,1,1,100.0,50.0,1,50.0,100.0,100.0,20.0,100.0,0.0,0.0,0.0,0.0,0.0,701398
FF,4-Seam Fastball,FB,166,27.53,44,41,11,25.0,3,6.82,86,23,26.74,13.86,27,16.27,30.12,31.58,27.07,22.45,0.268,0.318,0.39,0.708,0.122,701538
SI,Sinker,FB,152,25.21,35,32,6,17.14,2,5.71,76,16,21.05,10.53,32,21.05,31.58,29.31,18.23,18.18,0.281,0.343,0.344,0.687,0.0629999999999999,701538
SL,Slider,BR,119,19.73,36,34,6,16.67,0,0.0,66,16,24.24,13.45,6,5.04,18.49,38.67,17.68,18.75,0.206,0.206,0.382,0.588,0.176,701538
ST,Sweeper,BR,68,11.28,24,20,5,20.83,2,8.33,44,12,27.27,17.65,2,2.94,20.59,44.44,17.13,16.13,0.25,0.292,0.45,0.742,0.2,701538
CU,Curveball,BR,45,7.46,16,16,2,12.5,0,0.0,28,4,14.29,8.89,3,6.67,15.56,47.83,8.84,12.5,0.125,0.125,0.125,0.25,0.0,701538
CH,Changeup,OS,20,3.32,6,4,3,50.0,2,33.33,13,5,38.46,25.0,0,0.0,25.0,53.33,6.08,27.27,0.0,0.333,0.0,0.333,0.0,701538
FC,Cutter,FB,14,2.32,4,4,0,0.0,0,0.0,11,4,36.36,28.57,1,7.14,35.71,60.0,1.66,0.0,0.25,0.25,1.0,1.25,0.75,701538
SV,Slurve,BR,10,1.66,3,3,0,0.0,0,0.0,8,2,25.0,20.0,0,0.0,20.0,75.0,1.1,0.0,0.333,0.333,0.333,0.666,0.0,701538
KC,Knuckle Curve,BR,6,1.0,2,2,1,50.0,0,0.0,4,2,50.0,33.33,0,0.0,33.33,50.0,1.66,33.33,0.0,0.0,0.0,0.0,0.0,701538
CS,Slow Curve,BR,1,0.17,1,1,0,0.0,0,0.0,1,0,0.0,0.0,0,0.0,0.0,,0.0,,1.0,1.0,2.0,3.0,1.0,701538
FS,Split-Finger,OS,1,0.17,0,0,0,,0,,1,0,0.0,0.0,0,0.0,0.0,,0.55,0.0,,,,,,701538
,,,1,0.17,0,0,0,,0,,0,0,,0.0,0,0.0,0.0,,0.0,,,,,,,701538
FF,4-Seam Fastball,FB,23,38.33,4,3,1,25.0,0,0.0,13,2,15.38,8.7,5,21.74,30.43,44.44,34.48,10.0,0.333,0.333,0.333,0.666,0.0,701675
SI,Sinker,FB,14,23.33,4,3,1,25.0,0,0.0,9,1,11.11,7.14,2,14.29,21.43,25.0,17.24,20.0,0.333,0.333,0.667,1.0,0.334,701675
ST,Sweeper,BR,13,21.67,4,4,2,50.0,0,0.0,9,4,44.44,30.77,1,7.69,38.46,66.67,24.14,28.57,0.25,0.25,0.25,0.5,0.0,701675
SV,Slurve,BR,4,6.67,1,1,0,0.0,0,0.0,2,0,0.0,0.0,0,0.0,0.0,50.0,13.79,0.0,1.0,1.0,1.0,2.0,0.0,701675
CH,Changeup,OS,2,3.33,0,0,0,,0,,1,1,100.0,50.0,0,0.0,50.0,50.0,3.45,0.0,,,,,,701675
CU,Curveball,BR,2,3.33,1,1,0,0.0,0,0.0,1,0,0.0,0.0,1,50.0,50.0,,3.45,0.0,1.0,1.0,1.0,2.0,0.0,701675
SL,Slider,BR,2,3.33,0,0,0,,0,,0,0,,0.0,0,0.0,0.0,0.0,3.45,0.0,,,,,,701675
SI,Sinker,FB,156,25.74,38,38,8,21.05,0,0.0,80,24,30.0,15.38,35,22.44,37.82,41.27,12.35,40.0,0.316,0.316,0.579,0.895,0.2629999999999999,701762
SL,Slider,BR,145,23.93,34,28,12,35.29,4,11.76,59,27,45.76,18.62,24,16.55,35.17,25.0,26.54,27.91,0.214,0.303,0.393,0.696,0.179,701762
FF,4-Seam Fastball,FB,135,22.28,46,38,14,30.43,7,15.22,61,17,27.87,12.59,26,19.26,31.85,18.87,24.07,35.9,0.158,0.283,0.342,0.625,0.184,701762
CU,Curveball,BR,52,8.58,9,8,3,33.33,0,0.0,18,6,33.33,11.54,9,17.31,28.85,28.12,9.26,20.0,0.125,0.222,0.5,0.722,0.375,701762
ST,Sweeper,BR,44,7.26,11,10,7,63.64,0,0.0,14,7,50.0,15.91,12,27.27,43.18,9.52,9.26,46.67,0.1,0.091,0.4,0.491,0.3,701762
FC,Cutter,FB,30,4.95,5,4,2,40.0,1,20.0,8,3,37.5,10.0,5,16.67,26.67,15.0,4.94,25.0,0.25,0.4,1.0,1.4,0.75,701762
CH,Changeup,OS,27,4.46,8,8,6,75.0,0,0.0,11,6,54.55,22.22,5,18.52,40.74,31.25,8.02,46.15,0.0,0.0,0.0,0.0,0.0,701762
KC,Knuckle Curve,BR,12,1.98,2,2,2,100.0,0,0.0,4,3,75.0,25.0,2,16.67,41.67,33.33,4.94,25.0,0.0,0.0,0.0,0.0,0.0,701762
SV,Slurve,BR,3,0.5,1,1,0,0.0,0,0.0,2,1,50.0,33.33,0,0.0,33.33,50.0,0.62,0.0,0.0,0.0,0.0,0.0,0.0,701762
,,,2,0.33,0,0,0,,0,,0,0,,0.0,0,0.0,0.0,,0.0,,,,,,,701762
FF,4-Seam Fastball,FB,29,35.37,6,3,1,16.67,3,50.0,11,3,27.27,10.34,4,13.79,24.14,15.38,43.75,14.29,0.0,0.5,0.0,0.5,0.0,702176
SI,Sinker,FB,22,26.83,10,9,1,10.0,0,0.0,13,4,30.77,18.18,4,18.18,36.36,50.0,6.25,100.0,0.111,0.2,0.111,0.311,0.0,702176
SL,Slider,BR,17,20.73,6,5,1,16.67,0,0.0,9,3,33.33,17.65,0,0.0,17.65,38.46,31.25,20.0,0.2,0.333,0.2,0.533,0.0,702176
ST,Sweeper,BR,7,8.54,2,2,0,0.0,0,0.0,6,0,0.0,0.0,0,0.0,0.0,66.67,12.5,0.0,0.5,0.5,2.0,2.5,1.5,702176
FC,Cutter,FB,6,7.32,2,2,0,0.0,0,0.0,3,0,0.0,0.0,1,16.67,16.67,33.33,6.25,0.0,0.0,0.0,0.0,0.0,0.0,702176
CH,Changeup,OS,1,1.22,0,0,0,,0,,0,0,,0.0,0,0.0,0.0,0.0,0.0,,,,,,,702176
FF,4-Seam Fastball,FB,91,32.38,21,17,6,28.57,4,19.05,37,10,27.03,10.99,19,20.88,31.87,7.69,45.0,16.67,0.176,0.333,0.294,0.627,0.118,702284
SI,Sinker,FB,60,21.35,14,12,1,7.14,1,7.14,21,2,9.52,3.33,20,33.33,36.67,22.73,8.75,14.29,0.333,0.429,0.417,0.846,0.0839999999999999,702284
SL,Slider,BR,55,19.57,16,16,4,25.0,0,0.0,26,10,38.46,18.18,12,21.82,40.0,32.14,17.5,28.57,0.25,0.25,0.375,0.625,0.125,702284
ST,Sweeper,BR,28,9.96,6,6,2,33.33,0,0.0,13,4,30.77,14.29,4,14.29,28.57,35.71,12.5,20.0,0.333,0.333,0.5,0.833,0.1669999999999999,702284
FC,Cutter,FB,20,7.12,5,3,0,0.0,2,40.0,6,2,33.33,10.0,5,25.0,35.0,10.0,5.0,0.0,0.0,0.4,0.0,0.4,0.0,702284
CU,Curveball,BR,18,6.41,3,3,1,33.33,0,0.0,5,2,40.0,11.11,4,22.22,33.33,30.77,8.75,14.29,0.0,0.0,0.0,0.0,0.0,702284
CH,Changeup,OS,7,2.49,2,2,0,0.0,0,0.0,4,0,0.0,0.0,0,0.0,0.0,25.0,2.5,0.0,0.0,0.0,0.0,0.0,0.0,702284
KC,Knuckle Curve,BR,1,0.36,0,0,0,,0,,1,0,0.0,0.0,0,0.0,0.0,,0.0,,,,,,,702284
,,,1,0.36,0,0,0,,0,,0,0,,0.0,0,0.0,0.0,,0.0,,,,,,,702284
FF,4-Seam Fastball,FB,181,37.55,59,55,2,3.39,2,3.39,84,3,3.57,1.66,37,20.44,22.1,24.68,38.98,4.35,0.164,0.22,0.345,0.565,0.1809999999999999,702332
CH,Changeup,OS,73,15.15,12,12,1,8.33,0,0.0,37,7,18.92,9.59,3,4.11,13.7,24.39,14.41,5.88,0.167,0.167,0.167,0.334,0.0,702332
SI,Sinker,FB,59,12.24,19,15,1,5.26,2,10.53,22,1,4.55,1.69,15,25.42,27.12,12.0,5.08,16.67,0.533,0.611,0.733,1.344,0.1999999999999999,702332
SL,Slider,BR,54,11.2,14,11,0,0.0,2,14.29,25,5,20.0,9.26,5,9.26,18.52,18.52,16.95,0.0,0.273,0.429,0.273,0.702,0.0,702332
CU,Curveball,BR,44,9.13,11,9,2,18.18,1,9.09,19,4,21.05,9.09,10,22.73,31.82,17.65,11.02,15.38,0.333,0.455,0.333,0.788,0.0,702332
ST,Sweeper,BR,28,5.81,5,5,0,0.0,0,0.0,10,1,10.0,3.57,9,32.14,35.71,23.08,5.08,0.0,0.4,0.4,0.6,1.0,0.1999999999999999,702332
FC,Cutter,FB,21,4.36,8,8,0,0.0,0,0.0,12,2,16.67,9.52,4,19.05,28.57,44.44,3.39,0.0,0.375,0.375,0.5,0.875,0.125,702332
FS,Split-Finger,OS,17,3.53,4,4,1,25.0,0,0.0,8,1,12.5,5.88,2,11.76,17.65,30.0,3.39,25.0,0.0,0.0,0.0,0.0,0.0,702332
KC,Knuckle Curve,BR,4,0.83,1,1,0,0.0,0,0.0,1,0,0.0,0.0,0,0.0,0.0,0.0,1.69,0.0,1.0,1.0,2.0,3.0,1.0,702332
SV,Slurve,BR,1,0.21,0,0,0,,0,,0,0,,0.0,0,0.0,0.0,0.0,0.0,,,,,,,702332
FF,4-Seam Fastball,FB,2,66.67,1,1,0,0.0,0,0.0,2,0,0.0,0.0,0,0.0,0.0,,100.0,0.0,1.0,1.0,1.0,2.0,0.0,702358
ST,Sweeper,BR,1,33.33,0,0,0,,0,,0,0,,0.0,1,100.0,100.0,,0.0,,,,,,,702358
FF,4-Seam Fastball,FB,175,25.7,36,33,7,19.44,3,8.33,75,17,22.67,9.71,34,19.43,29.14,11.84,25.0,12.96,0.212,0.278,0.394,0.672,0.182,702616
SI,Sinker,FB,168,24.67,51,43,10,19.61,5,9.8,67,12,17.91,7.14,48,28.57,35.71,30.56,14.81,31.25,0.256,0.373,0.326,0.6990000000000001,0.07,702616
SL,Slider,BR,130,19.09,34,32,10,29.41,2,5.88,57,21,36.84,16.15,21,16.15,32.31,22.73,25.46,18.18,0.281,0.324,0.438,0.762,0.1569999999999999,702616
ST,Sweeper,BR,71,10.43,18,18,5,27.78,0,0.0,35,10,28.57,14.08,9,12.68,26.76,15.62,10.19,22.73,0.111,0.111,0.111,0.222,0.0,702616
FC,Cutter,FB,52,7.64,18,18,4,22.22,0,0.0,34,14,41.18,26.92,5,9.62,36.54,26.32,4.63,40.0,0.111,0.111,0.278,0.389,0.167,702616
CU,Curveball,BR,35,5.14,8,8,1,12.5,0,0.0,16,2,12.5,5.71,6,17.14,22.86,29.41,7.41,6.25,0.125,0.125,0.125,0.25,0.0,702616
CH,Changeup,OS,31,4.55,9,8,3,33.33,1,11.11,15,3,20.0,9.68,4,12.9,22.58,29.41,8.33,16.67,0.125,0.222,0.25,0.472,0.125,702616
SV,Slurve,BR,9,1.32,2,2,1,50.0,0,0.0,4,1,25.0,11.11,1,11.11,22.22,20.0,2.31,20.0,0.0,0.0,0.0,0.0,0.0,702616
KC,Knuckle Curve,BR,5,0.73,1,1,1,100.0,0,0.0,2,1,50.0,20.0,0,0.0,20.0,0.0,0.93,50.0,0.0,0.0,0.0,0.0,0.0,702616
FA,Other,,3,0.44,1,1,0,0.0,0,0.0,1,0,0.0,0.0,1,33.33,33.33,0.0,0.0,,0.0,0.0,0.0,0.0,0.0,702616
FS,Split-Finger,OS,1,0.15,1,1,1,100.0,0,0.0,1,1,100.0,100.0,0,0.0,100.0,100.0,0.46,100.0,0.0,0.0,0.0,0.0,0.0,702616
,,,1,0.15,0,0,0,,0,,0,0,,0.0,0,0.0,0.0,,0.46,0.0,,,,,,702616
FF,4-Seam Fastball,FB,126,32.31,28,26,1,3.57,2,7.14,63,8,12.7,6.35,24,19.05,25.4,25.53,32.41,2.86,0.231,0.286,0.231,0.517,0.0,802415
SI,Sinker,FB,102,26.15,39,36,1,2.56,2,5.13,52,3,5.77,2.94,24,23.53,26.47,37.84,13.89,6.67,0.278,0.316,0.278,0.5940000000000001,0.0,802415
SL,Slider,BR,68,17.44,17,16,3,17.65,1,5.88,31,6,19.35,8.82,13,19.12,27.94,33.33,22.22,12.5,0.375,0.412,0.375,0.7869999999999999,0.0,802415
ST,Sweeper,BR,42,10.77,10,10,2,20.0,0,0.0,21,7,33.33,16.67,7,16.67,33.33,36.36,12.04,15.38,0.4,0.4,0.4,0.8,0.0,802415
FC,Cutter,FB,17,4.36,6,6,0,0.0,0,0.0,10,1,10.0,5.88,2,11.76,17.65,28.57,4.63,0.0,0.5,0.5,0.5,1.0,0.0,802415
CU,Curveball,BR,16,4.1,5,5,1,20.0,0,0.0,5,1,20.0,6.25,3,18.75,25.0,12.5,6.48,14.29,0.4,0.4,0.4,0.8,0.0,802415
CH,Changeup,OS,9,2.31,4,4,1,25.0,0,0.0,7,1,14.29,11.11,0,0.0,11.11,60.0,3.7,25.0,0.25,0.25,0.25,0.5,0.0,802415
SV,Slurve,BR,8,2.05,3,3,0,0.0,0,0.0,5,0,0.0,0.0,1,12.5,12.5,33.33,3.7,0.0,0.0,0.0,0.0,0.0,0.0,802415
KC,Knuckle Curve,BR,2,0.51,1,1,0,0.0,0,0.0,2,1,50.0,50.0,0,0.0,50.0,100.0,0.93,0.0,0.0,0.0,0.0,0.0,0.0,802415
FF,4-Seam Fastball,FB,16,33.33,0,0,0,,0,,9,3,33.33,18.75,0,0.0,18.75,37.5,20.0,0.0,,,,,,804668
SL,Slider,BR,10,20.83,3,3,1,33.33,0,0.0,6,1,16.67,10.0,2,20.0,30.0,50.0,20.0,25.0,0.0,0.0,0.0,0.0,0.0,804668
CU,Curveball,BR,8,16.67,3,3,3,100.0,0,0.0,4,4,100.0,50.0,1,12.5,62.5,33.33,25.0,60.0,0.0,0.0,0.0,0.0,0.0,804668
CH,Changeup,OS,5,10.42,2,2,1,50.0,0,0.0,4,3,75.0,60.0,0,0.0,60.0,75.0,10.0,50.0,0.5,0.5,1.0,1.5,0.5,804668
SI,Sinker,FB,3,6.25,0,0,0,,0,,2,0,0.0,0.0,1,33.33,33.33,100.0,10.0,0.0,,,,,,804668
KC,Knuckle Curve,BR,3,6.25,1,0,0,0.0,1,100.0,1,0,0.0,0.0,0,0.0,0.0,0.0,15.0,0.0,,1.0,,,,804668
FC,Cutter,FB,2,4.17,0,0,0,,0,,2,2,100.0,100.0,0,0.0,100.0,,0.0,,,,,,,804668
,,,1,2.08,0,0,0,,0,,0,0,,0.0,0,0.0,0.0,,0.0,,,,,,,804668
FF,4-Seam Fastball,FB,77,26.74,24,21,7,29.17,3,12.5,40,8,20.0,10.39,9,11.69,22.08,3.33,29.79,25.0,0.143,0.25,0.286,0.536,0.143,805249
CH,Changeup,OS,68,23.61,18,18,6,33.33,0,0.0,39,18,46.15,26.47,6,8.82,35.29,40.0,18.09,35.29,0.222,0.222,0.444,0.666,0.222,805249
SL,Slider,BR,33,11.46,10,7,2,20.0,1,10.0,19,9,47.37,27.27,2,6.06,33.33,43.48,10.64,20.0,0.429,0.6,1.429,2.029,1.0,805249
SI,Sinker,FB,32,11.11,7,5,2,28.57,2,28.57,12,4,33.33,12.5,8,25.0,37.5,20.0,11.7,18.18,0.2,0.429,0.2,0.629,0.0,805249
CU,Curveball,BR,32,11.11,6,6,5,83.33,0,0.0,10,5,50.0,15.62,9,28.12,43.75,13.33,12.77,41.67,0.167,0.167,0.333,0.5,0.166,805249
ST,Sweeper,BR,21,7.29,3,2,1,33.33,1,33.33,7,5,71.43,23.81,4,19.05,42.86,21.43,6.38,16.67,0.5,0.667,0.5,1.167,0.0,805249
FC,Cutter,FB,10,3.47,2,2,0,0.0,0,0.0,5,2,40.0,20.0,0,0.0,20.0,16.67,2.13,0.0,0.5,0.5,0.5,1.0,0.0,805249
FS,Split-Finger,OS,10,3.47,2,2,1,50.0,0,0.0,7,4,57.14,40.0,1,10.0,50.0,71.43,5.32,20.0,0.5,0.5,0.5,1.0,0.0,805249
KC,Knuckle Curve,BR,5,1.74,2,2,2,100.0,0,0.0,3,2,66.67,40.0,2,40.0,80.0,66.67,3.19,66.67,0.0,0.0,0.0,0.0,0.0,805249
FF,4-Seam Fastball,FB,80,28.78,22,16,4,18.18,5,22.73,33,2,6.06,2.5,22,27.5,30.0,11.11,28.57,18.18,0.375,0.5,0.875,1.375,0.5,805300
SI,Sinker,FB,67,24.1,19,19,6,31.58,0,0.0,31,9,29.03,13.43,23,34.33,47.76,36.84,14.29,54.55,0.316,0.316,0.474,0.79,0.1579999999999999,805300
SL,Slider,BR,58,20.86,17,17,3,17.65,0,0.0,26,7,26.92,12.07,7,12.07,24.14,22.58,23.38,16.67,0.294,0.294,0.353,0.647,0.059,805300
ST,Sweeper,BR,36,12.95,7,6,2,28.57,1,14.29,11,3,27.27,8.33,8,22.22,30.56,5.56,15.58,16.67,0.333,0.429,0.333,0.762,0.0,805300
CU,Curveball,BR,14,5.04,5,5,0,0.0,0,0.0,6,0,0.0,0.0,1,7.14,7.14,22.22,7.79,0.0,0.4,0.4,0.8,1.2000000000000002,0.4,805300
FC,Cutter,FB,9,3.24,4,4,1,25.0,0,0.0,6,2,33.33,22.22,1,11.11,33.33,50.0,2.6,50.0,0.5,0.5,1.0,1.5,0.5,805300
KC,Knuckle Curve,BR,8,2.88,4,4,2,50.0,0,0.0,6,3,50.0,37.5,1,12.5,50.0,50.0,5.19,50.0,0.25,0.25,0.5,0.75,0.25,805300
CH,Changeup,OS,6,2.16,3,3,0,0.0,0,0.0,5,1,20.0,16.67,0,0.0,16.67,66.67,2.6,0.0,0.0,0.0,0.0,0.0,0.0,805300
FF,4-Seam Fastball,FB,237,35.69,54,44,9,16.67,9,16.67,95,9,9.47,3.8,64,27.0,30.8,23.85,35.83,13.43,0.364,0.472,0.545,1.017,0.181,805367
SI,Sinker,FB,122,18.37,30,25,4,13.33,5,16.67,42,4,9.52,3.28,35,28.69,31.97,11.54,12.3,17.39,0.28,0.4,0.28,0.68,0.0,805367
CH,Changeup,OS,105,15.81,26,26,6,23.08,0,0.0,53,12,22.64,11.43,14,13.33,24.76,25.0,16.58,19.35,0.192,0.192,0.192,0.384,0.0,805367
SL,Slider,BR,60,9.04,21,21,3,14.29,0,0.0,33,4,12.12,6.67,9,15.0,21.67,33.33,13.37,12.0,0.238,0.238,0.286,0.524,0.0479999999999999,805367
CU,Curveball,BR,54,8.13,5,5,0,0.0,0,0.0,13,0,0.0,0.0,11,20.37,20.37,12.5,8.02,0.0,0.0,0.0,0.0,0.0,0.0,805367
FC,Cutter,FB,37,5.57,9,9,3,33.33,0,0.0,12,0,0.0,0.0,11,29.73,29.73,15.79,5.88,27.27,0.333,0.333,0.333,0.666,0.0,805367
ST,Sweeper,BR,28,4.22,7,6,1,14.29,1,14.29,8,1,12.5,3.57,4,14.29,17.86,0.0,4.81,11.11,0.167,0.286,0.167,0.4529999999999999,0.0,805367
KC,Knuckle Curve,BR,10,1.51,1,1,1,100.0,0,0.0,2,1,50.0,10.0,1,10.0,20.0,14.29,1.6,33.33,0.0,0.0,0.0,0.0,0.0,805367
FS,Split-Finger,OS,8,1.2,2,2,0,0.0,0,0.0,5,0,0.0,0.0,0,0.0,0.0,25.0,1.6,0.0,1.0,1.0,1.0,2.0,0.0,805367
FA,Other,,2,0.3,1,1,0,0.0,0,0.0,1,0,0.0,0.0,1,50.0,50.0,100.0,0.0,,0.0,0.0,0.0,0.0,0.0,805367
CS,Slow Curve,BR,1,0.15,0,0,0,,0,,0,0,,0.0,0,0.0,0.0,0.0,0.0,,,,,,,805367
FF,4-Seam Fastball,FB,75,32.19,14,13,2,14.29,1,7.14,32,4,12.5,5.33,16,21.33,26.67,21.62,29.17,9.52,0.231,0.286,0.231,0.517,0.0,805373
SI,Sinker,FB,51,21.89,16,12,6,37.5,3,18.75,15,3,20.0,5.88,17,33.33,39.22,29.63,15.28,54.55,0.167,0.333,0.333,0.666,0.166,805373
CU,Curveball,BR,37,15.88,10,7,1,10.0,1,10.0,13,1,7.69,2.7,8,21.62,24.32,18.18,22.22,6.25,0.143,0.333,0.143,0.476,0.0,805373
CH,Changeup,OS,28,12.02,8,7,3,37.5,0,0.0,15,5,33.33,17.86,2,7.14,25.0,37.5,13.89,30.0,0.0,0.0,0.0,0.0,0.0,805373
SL,Slider,BR,21,9.01,4,4,1,25.0,0,0.0,10,1,10.0,4.76,5,23.81,28.57,0.0,9.72,14.29,0.0,0.0,0.0,0.0,0.0,805373
FS,Split-Finger,OS,11,4.72,2,2,0,0.0,0,0.0,5,1,20.0,9.09,4,36.36,45.45,25.0,6.94,0.0,0.0,0.0,0.0,0.0,0.0,805373
ST,Sweeper,BR,7,3.0,1,1,1,100.0,0,0.0,3,1,33.33,14.29,2,28.57,42.86,66.67,2.78,50.0,0.0,0.0,0.0,0.0,0.0,805373
KC,Knuckle Curve,BR,2,0.86,0,0,0,,0,,0,0,,0.0,1,50.0,50.0,0.0,0.0,,,,,,,805373
FC,Cutter,FB,1,0.43,1,1,0,0.0,0,0.0,1,0,0.0,0.0,0,0.0,0.0,100.0,0.0,,1.0,1.0,1.0,2.0,0.0,805373
FF,4-Seam Fastball,FB,137,32.78,35,32,3,8.57,2,5.71,77,4,5.19,2.92,14,10.22,13.14,27.69,36.44,6.98,0.375,0.412,0.5,0.912,0.125,805779
SI,Sinker,FB,78,18.66,24,23,3,12.5,1,4.17,39,3,7.69,3.85,20,25.64,29.49,32.14,11.02,23.08,0.304,0.333,0.565,0.8979999999999999,0.2609999999999999,805779
CH,Changeup,OS,63,15.07,22,21,0,0.0,1,4.55,34,1,2.94,1.59,6,9.52,11.11,34.38,15.25,0.0,0.429,0.455,0.571,1.026,0.1419999999999999,805779
SL,Slider,BR,54,12.92,17,15,0,0.0,1,5.88,32,0,0.0,0.0,8,14.81,14.81,22.22,14.41,0.0,0.333,0.375,0.533,0.908,0.2,805779
FC,Cutter,FB,34,8.13,8,8,0,0.0,0,0.0,24,1,4.17,2.94,2,5.88,8.82,38.46,4.24,0.0,0.25,0.25,0.25,0.5,0.0,805779
CU,Curveball,BR,29,6.94,9,8,2,22.22,0,0.0,15,3,20.0,10.34,2,6.9,17.24,31.58,11.86,14.29,0.0,0.111,0.0,0.111,0.0,805779
ST,Sweeper,BR,16,3.83,2,2,0,0.0,0,0.0,7,1,14.29,6.25,5,31.25,37.5,60.0,5.08,0.0,0.5,0.5,0.5,1.0,0.0,805779
FS,Split-Finger,OS,4,0.96,1,1,0,0.0,0,0.0,3,1,33.33,25.0,0,0.0,25.0,66.67,0.85,0.0,1.0,1.0,2.0,3.0,1.0,805779
SV,Slurve,BR,2,0.48,0,0,0,,0,,0,0,,0.0,1,50.0,50.0,0.0,0.85,0.0,,,,,,805779
KC,Knuckle Curve,BR,1,0.24,0,0,0,,0,,0,0,,0.0,1,100.0,100.0,,0.0,,,,,,,805779
SL,Slider,BR,6,85.71,2,2,0,0.0,0,0.0,3,1,33.33,16.67,0,0.0,16.67,25.0,100.0,0.0,0.0,0.0,0.0,0.0,0.0,805811
FF,4-Seam Fastball,FB,1,14.29,0,0,0,,0,,1,1,100.0,100.0,0,0.0,100.0,100.0,0.0,,,,,,,805811
FF,4-Seam Fastball,FB,21,41.18,4,3,3,75.0,1,25.0,6,5,83.33,23.81,6,28.57,52.38,30.0,46.67,42.86,0.0,0.25,0.0,0.25,0.0,805904
SL,Slider,BR,15,29.41,2,1,0,0.0,1,50.0,6,3,50.0,20.0,3,20.0,40.0,25.0,40.0,0.0,0.0,0.5,0.0,0.5,0.0,805904
FC,Cutter,FB,6,11.76,4,3,0,0.0,1,25.0,3,0,0.0,0.0,0,0.0,0.0,0.0,6.67,0.0,0.333,0.5,0.333,0.833,0.0,805904
SI,Sinker,FB,4,7.84,0,0,0,,0,,3,1,33.33,25.0,0,0.0,25.0,0.0,0.0,,,,,,,805904
CH,Changeup,OS,2,3.92,1,1,1,100.0,0,0.0,1,1,100.0,50.0,0,0.0,50.0,0.0,6.67,100.0,0.0,0.0,0.0,0.0,0.0,805904
ST,Sweeper,BR,2,3.92,0,0,0,,0,,0,0,,0.0,0,0.0,0.0,0.0,0.0,,,,,,,805904
CU,Curveball,BR,1,1.96,0,0,0,,0,,0,0,,0.0,0,0.0,0.0,0.0,0.0,,,,,,,805904
FF,4-Seam Fastball,FB,88,33.85,21,18,5,23.81,1,4.76,43,8,18.6,9.09,16,18.18,27.27,25.0,38.27,16.13,0.167,0.286,0.222,0.508,0.0549999999999999,807712
CH,Changeup,OS,48,18.46,11,11,1,9.09,0,0.0,18,4,22.22,8.33,8,16.67,25.0,28.57,18.52,6.67,0.364,0.364,0.455,0.819,0.091,807712
SL,Slider,BR,41,15.77,11,10,5,45.45,1,9.09,19,7,36.84,17.07,10,24.39,41.46,38.1,19.75,31.25,0.1,0.182,0.2,0.382,0.1,807712
FC,Cutter,FB,29,11.15,6,6,2,33.33,0,0.0,11,2,18.18,6.9,4,13.79,20.69,13.33,9.88,25.0,0.333,0.333,0.833,1.166,0.4999999999999999,807712
SI,Sinker,FB,28,10.77,11,9,1,9.09,1,9.09,13,2,15.38,7.14,8,28.57,35.71,30.0,7.41,16.67,0.0,0.182,0.0,0.182,0.0,807712
ST,Sweeper,BR,17,6.54,2,2,1,50.0,0,0.0,7,3,42.86,17.65,5,29.41,47.06,44.44,4.94,25.0,0.0,0.0,0.0,0.0,0.0,807712
CU,Curveball,BR,7,2.69,3,2,0,0.0,0,0.0,3,0,0.0,0.0,1,14.29,14.29,0.0,1.23,0.0,0.0,0.0,0.0,0.0,0.0,807712
KC,Knuckle Curve,BR,2,0.77,1,1,0,0.0,0,0.0,1,0,0.0,0.0,0,0.0,0.0,0.0,0.0,,0.0,0.0,0.0,0.0,0.0,807712
FF,4-Seam Fastball,FB,149,33.63,36,32,3,8.33,4,11.11,92,11,11.96,7.38,15,10.07,17.45,27.59,36.11,5.77,0.25,0.333,0.5,0.833,0.25,807713
CH,Changeup,OS,99,22.35,34,33,5,14.71,1,2.94,64,14,21.88,14.14,9,9.09,23.23,50.0,24.31,14.29,0.273,0.294,0.606,0.8999999999999999,0.3329999999999999,807713
CU,Curveball,BR,51,11.51,8,7,4,50.0,1,12.5,13,3,23.08,5.88,13,25.49,31.37,18.75,12.5,22.22,0.286,0.375,0.286,0.661,0.0,807713
SI,Sinker,FB,50,11.29,14,11,3,21.43,2,14.29,18,3,16.67,6.0,14,28.0,34.0,16.67,10.42,20.0,0.273,0.385,0.364,0.749,0.0909999999999999,807713
FC,Cutter,FB,33,7.45,5,4,0,0.0,1,20.0,16,3,18.75,9.09,5,15.15,24.24,33.33,1.39,0.0,0.0,0.2,0.0,0.2,0.0,807713
ST,Sweeper,BR,30,6.77,4,3,3,75.0,1,25.0,9,2,22.22,6.67,12,40.0,46.67,16.67,6.25,33.33,0.0,0.25,0.0,0.25,0.0,807713
SL,Slider,BR,29,6.55,9,9,4,44.44,0,0.0,14,6,42.86,20.69,2,6.9,27.59,20.0,9.03,30.77,0.222,0.222,0.333,0.555,0.111,807713
CS,Slow Curve,BR,1,0.23,0,0,0,,0,,0,0,,0.0,0,0.0,0.0,,0.0,,,,,,,807713
FS,Split-Finger,OS,1,0.23,1,1,0,0.0,0,0.0,1,0,0.0,0.0,0,0.0,0.0,,0.0,,1.0,1.0,4.0,5.0,3.0,807713
SI,Sinker,FB,28,27.72,8,8,0,0.0,0,0.0,12,0,0.0,0.0,7,25.0,25.0,25.0,4.55,0.0,0.25,0.25,0.375,0.625,0.125,807799
FF,4-Seam Fastball,FB,26,25.74,9,8,0,0.0,1,11.11,12,0,0.0,0.0,7,26.92,26.92,14.29,31.82,0.0,0.25,0.333,0.25,0.583,0.0,807799
SL,Slider,BR,19,18.81,6,6,1,16.67,0,0.0,8,2,25.0,10.53,6,31.58,42.11,28.57,22.73,20.0,0.167,0.167,0.167,0.334,0.0,807799
FC,Cutter,FB,7,6.93,1,1,0,0.0,0,0.0,4,1,25.0,14.29,2,28.57,42.86,50.0,0.0,,1.0,1.0,1.0,2.0,0.0,807799
CH,Changeup,OS,6,5.94,2,2,0,0.0,0,0.0,3,1,33.33,16.67,1,16.67,33.33,0.0,9.09,0.0,0.0,0.0,0.0,0.0,0.0,807799
ST,Sweeper,BR,6,5.94,2,2,1,50.0,0,0.0,2,1,50.0,16.67,2,33.33,50.0,33.33,18.18,25.0,0.5,0.5,0.5,1.0,0.0,807799
CU,Curveball,BR,5,4.95,3,3,2,66.67,0,0.0,3,2,66.67,40.0,0,0.0,40.0,50.0,9.09,100.0,0.0,0.0,0.0,0.0,0.0,807799
FA,Other,,3,2.97,1,1,0,0.0,0,0.0,2,0,0.0,0.0,1,33.33,33.33,50.0,4.55,0.0,0.0,0.0,0.0,0.0,0.0,807799
FS,Split-Finger,OS,1,0.99,0,0,0,,0,,0,0,,0.0,0,0.0,0.0,0.0,0.0,,,,,,,807799
FF,4-Seam Fastball,FB,22,25.58,8,8,4,50.0,0,0.0,16,5,31.25,22.73,2,9.09,31.82,61.54,31.43,36.36,0.5,0.5,0.875,1.375,0.375,808975
SI,Sinker,FB,21,24.42,6,6,2,33.33,0,0.0,12,4,33.33,19.05,3,14.29,33.33,58.33,22.86,25.0,0.167,0.167,0.167,0.334,0.0,808975
SL,Slider,BR,20,23.26,4,4,1,25.0,0,0.0,10,3,30.0,15.0,2,10.0,25.0,27.27,20.0,14.29,0.5,0.5,0.75,1.25,0.25,808975
ST,Sweeper,BR,10,11.63,1,1,0,0.0,0,0.0,5,1,20.0,10.0,1,10.0,20.0,33.33,20.0,0.0,0.0,0.0,0.0,0.0,0.0,808975
CU,Curveball,BR,7,8.14,1,1,0,0.0,0,0.0,2,0,0.0,0.0,2,28.57,28.57,0.0,2.86,0.0,1.0,1.0,1.0,2.0,0.0,808975
FC,Cutter,FB,6,6.98,1,1,1,100.0,0,0.0,3,4,133.33,66.67,1,16.67,83.33,66.67,2.86,100.0,0.0,0.0,0.0,0.0,0.0,808975
SI,Sinker,FB,191,29.48,42,41,5,11.9,1,2.38,79,13,16.46,6.81,54,28.27,35.08,24.64,16.92,14.71,0.293,0.31,0.366,0.6759999999999999,0.073,808982
FF,4-Seam Fastball,FB,175,27.01,39,37,9,23.08,2,5.13,76,6,7.89,3.43,46,26.29,29.71,22.39,24.88,18.0,0.324,0.359,0.432,0.7909999999999999,0.1079999999999999,808982
SL,Slider,BR,107,16.51,32,29,2,6.25,3,9.38,49,8,16.33,7.48,16,14.95,22.43,22.81,24.38,4.08,0.138,0.219,0.276,0.495,0.138,808982
ST,Sweeper,BR,72,11.11,21,20,6,28.57,0,0.0,38,9,23.68,12.5,9,12.5,25.0,38.64,14.93,20.0,0.25,0.286,0.3,0.586,0.0499999999999999,808982
FC,Cutter,FB,31,4.78,9,8,1,11.11,1,11.11,13,0,0.0,0.0,6,19.35,19.35,26.67,2.49,20.0,0.125,0.222,0.125,0.347,0.0,808982
CU,Curveball,BR,30,4.63,9,9,2,22.22,0,0.0,16,3,18.75,10.0,6,20.0,30.0,27.27,5.97,16.67,0.333,0.333,1.0,1.333,0.667,808982
CH,Changeup,OS,28,4.32,7,7,3,42.86,0,0.0,18,3,16.67,10.71,3,10.71,21.43,53.33,7.96,18.75,0.143,0.143,0.143,0.286,0.0,808982
SV,Slurve,BR,8,1.23,4,4,1,25.0,0,0.0,5,1,20.0,12.5,0,0.0,12.5,40.0,1.49,33.33,0.0,0.0,0.0,0.0,0.0,808982
KC,Knuckle Curve,BR,5,0.77,3,3,1,33.33,0,0.0,4,1,25.0,20.0,0,0.0,20.0,66.67,1.0,50.0,0.0,0.0,0.0,0.0,0.0,808982
CS,Slow Curve,BR,1,0.15,0,0,0,,0,,0,0,,0.0,1,100.0,100.0,,0.0,,,,,,,808982
FF,4-Seam Fastball,FB,137,34.25,29,23,5,17.24,4,13.79,74,9,12.16,6.57,22,16.06,22.63,23.53,37.59,10.0,0.217,0.357,0.217,0.574,0.0,810938
SI,Sinker,FB,62,15.5,13,12,1,7.69,1,7.69,27,2,7.41,3.23,14,22.58,25.81,14.29,10.53,7.14,0.25,0.308,0.333,0.641,0.083,810938
CH,Changeup,OS,51,12.75,16,15,6,37.5,1,6.25,29,9,31.03,17.65,6,11.76,29.41,50.0,15.79,28.57,0.4,0.438,0.6,1.038,0.1999999999999999,810938
SL,Slider,BR,46,11.5,11,11,4,36.36,0,0.0,21,5,23.81,10.87,7,15.22,26.09,21.74,14.29,21.05,0.0,0.0,0.0,0.0,0.0,810938
CU,Curveball,BR,38,9.5,9,8,1,11.11,1,11.11,17,3,17.65,7.89,7,18.42,26.32,35.0,9.77,7.69,0.375,0.444,0.375,0.819,0.0,810938
FC,Cutter,FB,37,9.25,8,8,0,0.0,0,0.0,17,2,11.76,5.41,9,24.32,29.73,33.33,3.76,0.0,0.375,0.375,0.5,0.875,0.125,810938
ST,Sweeper,BR,22,5.5,5,5,1,20.0,0,0.0,12,4,33.33,18.18,4,18.18,36.36,40.0,6.77,11.11,0.2,0.2,0.2,0.4,0.0,810938
KC,Knuckle Curve,BR,3,0.75,1,1,1,100.0,0,0.0,2,2,100.0,66.67,1,33.33,100.0,100.0,0.75,100.0,0.0,0.0,0.0,0.0,0.0,810938
FS,Split-Finger,OS,2,0.5,1,1,0,0.0,0,0.0,1,0,0.0,0.0,0,0.0,0.0,100.0,0.0,,0.0,0.0,0.0,0.0,0.0,810938
SV,Slurve,BR,2,0.5,1,1,0,0.0,0,0.0,1,0,0.0,0.0,0,0.0,0.0,0.0,0.75,0.0,1.0,1.0,1.0,2.0,0.0,810938
FC,Cutter,FB,2,66.67,0,0,0,,0,,0,0,,0.0,2,100.0,100.0,,0.0,,,,,,,829272
CU,Curveball,BR,1,33.33,1,1,1,100.0,0,0.0,0,0,,0.0,1,100.0,100.0,,100.0,100.0,0.0,0.0,0.0,0.0,0.0,829272
