Pitch Type,Pitch,Pitch Group,pitches,USG,PA,AB,K,K%,BB,OBP,swings,Whiffs,Whiff%,SwStr%,Called Strikes,cStr%,CSW%,Chase%,Putaway USG,Putaway%,AVG,obp,SLG,OPS,ISO,mlbid
FF,4-Seam Fastball,FB,112,30.03,34,31,14,41.18,0,0.0,55,20,36.36,17.86,30,26.79,44.64,38.46,31.25,40.0,0.161,0.161,0.29,0.4509999999999999,0.1289999999999999,455117
SI,Sinker,FB,75,20.11,24,21,5,20.83,1,4.17,38,5,13.16,6.67,21,28.0,34.67,40.91,8.93,50.0,0.19,0.227,0.286,0.513,0.0959999999999999,455117
SL,Slider,BR,74,19.84,24,23,10,41.67,0,0.0,36,17,47.22,22.97,15,20.27,43.24,40.54,22.32,40.0,0.13,0.13,0.261,0.391,0.131,455117
ST,Sweeper,BR,30,8.04,7,7,2,28.57,0,0.0,11,5,45.45,16.67,3,10.0,26.67,27.27,12.5,14.29,0.286,0.286,0.286,0.572,0.0,455117
FC,Cutter,FB,23,6.17,8,7,2,25.0,1,12.5,13,5,38.46,21.74,5,21.74,43.48,42.86,3.57,50.0,0.286,0.375,0.714,1.089,0.428,455117
CU,Curveball,BR,22,5.9,6,6,4,66.67,0,0.0,8,6,75.0,27.27,8,36.36,63.64,25.0,8.93,40.0,0.0,0.0,0.0,0.0,0.0,455117
CH,Changeup,OS,11,2.95,3,3,3,100.0,0,0.0,6,5,83.33,45.45,1,9.09,54.55,20.0,4.46,60.0,0.0,0.0,0.0,0.0,0.0,455117
KC,Knuckle Curve,BR,11,2.95,1,1,1,100.0,0,0.0,2,2,100.0,18.18,2,18.18,36.36,11.11,4.46,20.0,0.0,0.0,0.0,0.0,0.0,455117
CS,Slow Curve,BR,7,1.88,1,1,0,0.0,0,0.0,2,0,0.0,0.0,2,28.57,28.57,0.0,0.0,,1.0,1.0,1.0,2.0,0.0,455117
FS,Split-Finger,OS,4,1.07,1,1,1,100.0,0,0.0,2,1,50.0,25.0,0,0.0,25.0,33.33,1.79,50.0,0.0,0.0,0.0,0.0,0.0,455117
FA,Other,,1,0.27,1,0,0,0.0,1,100.0,0,0,,0.0,0,0.0,0.0,0.0,0.89,0.0,,1.0,,,,455117
PO,Pitch Out,,1,0.27,0,0,0,,0,,0,0,,0.0,0,0.0,0.0,0.0,0.89,0.0,,,,,,455117
SV,Slurve,BR,1,0.27,0,0,0,,0,,0,0,,0.0,0,0.0,0.0,0.0,0.0,,,,,,,455117
,,,1,0.27,0,0,0,,0,,0,0,,0.0,0,0.0,0.0,,0.0,,,,,,,455117
FF,4-Seam Fastball,FB,89,30.17,23,18,5,21.74,2,8.7,44,11,25.0,12.36,19,21.35,33.71,36.59,29.63,20.83,0.333,0.409,0.444,0.853,0.1109999999999999,456781
SL,Slider,BR,67,22.71,16,15,2,12.5,1,6.25,37,14,37.84,20.9,9,13.43,34.33,40.0,25.93,9.52,0.2,0.25,0.267,0.517,0.067,456781
SI,Sinker,FB,55,18.64,14,12,0,0.0,1,7.14,25,1,4.0,1.82,11,20.0,21.82,19.05,11.11,0.0,0.583,0.643,0.583,1.226,0.0,456781
FC,Cutter,FB,29,9.83,8,8,3,37.5,0,0.0,17,7,41.18,24.14,4,13.79,37.93,50.0,8.64,42.86,0.375,0.375,0.375,0.75,0.0,456781
ST,Sweeper,BR,29,9.83,9,9,4,44.44,0,0.0,15,5,33.33,17.24,2,6.9,24.14,33.33,9.88,50.0,0.222,0.222,0.556,0.778,0.3340000000000001,456781
CH,Changeup,OS,14,4.75,4,3,1,25.0,1,25.0,9,3,33.33,21.43,0,0.0,21.43,33.33,11.11,11.11,0.0,0.25,0.0,0.25,0.0,456781
CU,Curveball,BR,7,2.37,2,2,0,0.0,0,0.0,2,0,0.0,0.0,1,14.29,14.29,20.0,3.7,0.0,1.0,1.0,2.5,3.5,1.5,456781
FA,Other,,3,1.02,1,1,0,0.0,0,0.0,1,0,0.0,0.0,2,66.67,66.67,100.0,0.0,,0.0,0.0,0.0,0.0,0.0,456781
EP,Eephus,,1,0.34,1,1,0,0.0,0,0.0,1,0,0.0,0.0,0,0.0,0.0,,0.0,,0.0,0.0,0.0,0.0,0.0,456781
KC,Knuckle Curve,BR,1,0.34,1,1,0,0.0,0,0.0,1,0,0.0,0.0,0,0.0,0.0,,0.0,,1.0,1.0,1.0,2.0,0.0,456781
FF,4-Seam Fastball,FB,454,27.6,130,112,19,14.62,16,12.31,259,51,19.69,11.23,56,12.33,23.57,24.29,27.66,14.07,0.205,0.305,0.375,0.6799999999999999,0.17,457705
SI,Sinker,FB,338,20.55,95,80,13,13.68,11,11.58,164,31,18.9,9.17,54,15.98,25.15,16.67,14.96,17.81,0.275,0.376,0.362,0.738,0.0869999999999999,457705
SL,Slider,BR,324,19.7,65,56,23,35.38,9,13.85,125,53,42.4,16.36,58,17.9,34.26,16.67,21.93,20.56,0.179,0.292,0.357,0.649,0.178,457705
ST,Sweeper,BR,200,12.16,43,39,12,27.91,2,4.65,83,27,32.53,13.5,31,15.5,29.0,22.32,15.98,15.38,0.103,0.14,0.128,0.268,0.025,457705
FC,Cutter,FB,142,8.63,22,18,5,22.73,4,18.18,49,10,20.41,7.04,35,24.65,31.69,17.81,6.97,14.71,0.333,0.455,0.333,0.788,0.0,457705
CU,Curveball,BR,66,4.01,19,19,4,21.05,0,0.0,27,7,25.93,10.61,9,13.64,24.24,13.51,3.69,22.22,0.368,0.368,0.526,0.894,0.158,457705
CH,Changeup,OS,52,3.16,13,11,1,7.69,2,15.38,25,6,24.0,11.54,2,3.85,15.38,16.0,3.07,6.67,0.273,0.385,0.364,0.749,0.0909999999999999,457705
FS,Split-Finger,OS,36,2.19,10,9,5,50.0,1,10.0,18,6,33.33,16.67,2,5.56,22.22,23.81,3.28,31.25,0.222,0.3,0.667,0.967,0.445,457705
KC,Knuckle Curve,BR,16,0.97,1,1,0,0.0,0,0.0,5,1,20.0,6.25,1,6.25,12.5,16.67,1.02,0.0,1.0,1.0,1.0,2.0,0.0,457705
SV,Slurve,BR,8,0.49,1,0,0,0.0,1,100.0,2,2,100.0,25.0,0,0.0,25.0,14.29,0.82,0.0,,1.0,,,,457705
,,,6,0.36,3,0,0,0.0,3,100.0,0,0,,0.0,0,0.0,0.0,,0.2,0.0,,1.0,,,,457705
FO,Forkball,OS,2,0.12,0,0,0,,0,,0,0,,0.0,0,0.0,0.0,0.0,0.41,0.0,,,,,,457705
EP,Eephus,,1,0.06,1,1,0,0.0,0,0.0,1,0,0.0,0.0,0,0.0,0.0,100.0,0.0,,1.0,1.0,1.0,2.0,0.0,457705
FF,4-Seam Fastball,FB,166,49.55,38,34,12,31.58,3,7.89,87,18,20.69,10.84,25,15.06,25.9,28.17,53.1,20.0,0.118,0.184,0.118,0.302,0.0,457759
SI,Sinker,FB,57,17.01,14,9,1,7.14,4,28.57,26,1,3.85,1.75,12,21.05,22.81,19.05,7.96,11.11,0.111,0.429,0.111,0.54,0.0,457759
SL,Slider,BR,49,14.63,15,15,2,13.33,0,0.0,25,6,24.0,12.24,1,2.04,14.29,31.03,19.47,9.09,0.2,0.2,0.267,0.467,0.067,457759
ST,Sweeper,BR,25,7.46,6,5,1,16.67,0,0.0,10,2,20.0,8.0,2,8.0,16.0,35.29,8.85,10.0,0.2,0.167,0.2,0.367,0.0,457759
FC,Cutter,FB,15,4.48,4,3,0,0.0,1,25.0,5,1,20.0,6.67,2,13.33,20.0,11.11,2.65,0.0,0.0,0.25,0.0,0.25,0.0,457759
CU,Curveball,BR,11,3.28,3,3,1,33.33,0,0.0,4,1,25.0,9.09,2,18.18,27.27,0.0,3.54,25.0,0.0,0.0,0.0,0.0,0.0,457759
CH,Changeup,OS,8,2.39,1,1,0,0.0,0,0.0,3,0,0.0,0.0,1,12.5,12.5,0.0,4.42,0.0,0.0,0.0,0.0,0.0,0.0,457759
KC,Knuckle Curve,BR,2,0.6,0,0,0,,0,,0,0,,0.0,1,50.0,50.0,,0.0,,,,,,,457759
FS,Split-Finger,OS,1,0.3,0,0,0,,0,,0,0,,0.0,0,0.0,0.0,0.0,0.0,,,,,,,457759
FA,Other,,1,0.3,1,1,0,0.0,0,0.0,1,0,0.0,0.0,0,0.0,0.0,100.0,0.0,,1.0,1.0,1.0,2.0,0.0,457759
FF,4-Seam Fastball,FB,435,31.14,122,109,15,12.3,12,9.84,218,38,17.43,8.74,60,13.79,22.53,20.63,27.94,13.16,0.22,0.295,0.312,0.607,0.092,467793
SI,Sinker,FB,169,12.1,40,34,5,12.5,5,12.5,78,12,15.38,7.1,30,17.75,24.85,27.5,11.52,10.64,0.265,0.35,0.353,0.703,0.0879999999999999,467793
CH,Changeup,OS,168,12.03,37,34,9,24.32,2,5.41,80,27,33.75,16.07,16,9.52,25.6,36.28,12.75,17.31,0.206,0.25,0.235,0.485,0.0289999999999999,467793
SL,Slider,BR,155,11.1,39,30,13,33.33,9,23.08,65,25,38.46,16.13,27,17.42,33.55,24.69,13.24,24.07,0.167,0.359,0.3,0.659,0.1329999999999999,467793
CU,Curveball,BR,131,9.38,19,16,8,42.11,2,10.53,36,14,38.89,10.69,32,24.43,35.11,18.67,9.31,21.05,0.125,0.222,0.125,0.347,0.0,467793
FC,Cutter,FB,121,8.66,26,22,3,11.54,3,11.54,66,15,22.73,12.4,18,14.88,27.27,17.07,6.62,11.11,0.273,0.346,0.455,0.8009999999999999,0.182,467793
FS,Split-Finger,OS,95,6.8,24,23,6,25.0,1,4.17,46,14,30.43,14.74,6,6.32,21.05,32.81,9.07,16.22,0.217,0.25,0.348,0.598,0.1309999999999999,467793
ST,Sweeper,BR,78,5.58,13,10,4,30.77,1,7.69,28,10,35.71,12.82,14,17.95,30.77,16.67,6.37,15.38,0.2,0.385,0.5,0.885,0.3,467793
KC,Knuckle Curve,BR,32,2.29,5,4,2,40.0,0,0.0,7,2,28.57,6.25,8,25.0,31.25,15.0,1.96,25.0,0.0,0.2,0.0,0.2,0.0,467793
SV,Slurve,BR,11,0.79,3,3,0,0.0,0,0.0,6,1,16.67,9.09,1,9.09,18.18,33.33,0.98,0.0,0.333,0.333,0.667,1.0,0.334,467793
PO,Pitch Out,,1,0.07,0,0,0,,0,,0,0,,0.0,0,0.0,0.0,0.0,0.25,0.0,,,,,,467793
,,,1,0.07,0,0,0,,0,,0,0,,0.0,0,0.0,0.0,,0.0,,,,,,,467793
FF,4-Seam Fastball,FB,17,32.69,6,5,2,33.33,1,16.67,10,2,20.0,11.76,2,11.76,23.53,50.0,35.29,33.33,0.0,0.167,0.0,0.167,0.0,493329
SL,Slider,BR,15,28.85,4,4,1,25.0,0,0.0,7,3,42.86,20.0,2,13.33,33.33,45.45,23.53,25.0,0.25,0.25,0.25,0.5,0.0,493329
ST,Sweeper,BR,9,17.31,1,0,0,0.0,1,100.0,1,0,0.0,0.0,3,33.33,33.33,0.0,17.65,0.0,,1.0,,,,493329
SI,Sinker,FB,5,9.62,1,1,0,0.0,0,0.0,2,0,0.0,0.0,1,20.0,20.0,0.0,5.88,0.0,0.0,0.0,0.0,0.0,0.0,493329
CH,Changeup,OS,3,5.77,0,0,0,,0,,3,0,0.0,0.0,0,0.0,0.0,100.0,11.76,0.0,,,,,,493329
CU,Curveball,BR,2,3.85,1,1,1,100.0,0,0.0,1,1,100.0,50.0,1,50.0,100.0,,5.88,100.0,0.0,0.0,0.0,0.0,0.0,493329
FC,Cutter,FB,1,1.92,0,0,0,,0,,0,0,,0.0,1,100.0,100.0,,0.0,,,,,,,493329
FF,4-Seam Fastball,FB,188,29.51,53,43,8,15.09,10,18.87,77,10,12.99,5.32,43,22.87,28.19,23.33,26.37,16.67,0.256,0.396,0.302,0.698,0.0459999999999999,500743
SL,Slider,BR,114,17.9,27,26,7,25.93,0,0.0,61,24,39.34,21.05,21,18.42,39.47,50.0,18.68,20.59,0.269,0.269,0.5,0.769,0.2309999999999999,500743
SI,Sinker,FB,107,16.8,38,37,4,10.53,0,0.0,51,2,3.92,1.87,31,28.97,30.84,41.03,13.19,16.67,0.351,0.351,0.432,0.7829999999999999,0.081,500743
ST,Sweeper,BR,69,10.83,17,17,2,11.76,0,0.0,30,7,23.33,10.14,12,17.39,27.54,28.95,14.29,7.69,0.118,0.118,0.118,0.236,0.0,500743
FC,Cutter,FB,61,9.58,21,19,2,9.52,1,4.76,32,5,15.62,8.2,8,13.11,21.31,25.0,4.4,25.0,0.158,0.2,0.158,0.358,0.0,500743
CH,Changeup,OS,33,5.18,9,9,2,22.22,0,0.0,20,7,35.0,21.21,2,6.06,27.27,35.29,9.34,11.76,0.111,0.111,0.222,0.333,0.111,500743
CU,Curveball,BR,28,4.4,7,7,2,28.57,0,0.0,11,3,27.27,10.71,5,17.86,28.57,25.0,6.04,18.18,0.0,0.0,0.0,0.0,0.0,500743
FS,Split-Finger,OS,16,2.51,4,4,1,25.0,0,0.0,9,2,22.22,12.5,0,0.0,12.5,36.36,6.04,9.09,0.0,0.0,0.0,0.0,0.0,500743
KC,Knuckle Curve,BR,9,1.41,2,2,1,50.0,0,0.0,2,1,50.0,11.11,3,33.33,44.44,16.67,1.65,33.33,0.5,0.5,0.5,1.0,0.0,500743
FA,Other,,7,1.1,3,3,0,0.0,0,0.0,4,0,0.0,0.0,0,0.0,0.0,40.0,0.0,,0.667,0.667,0.667,1.334,0.0,500743
SV,Slurve,BR,4,0.63,1,1,0,0.0,0,0.0,1,0,0.0,0.0,3,75.0,75.0,,0.0,,0.0,0.0,0.0,0.0,0.0,500743
EP,Eephus,,1,0.16,0,0,0,,0,,0,0,,0.0,0,0.0,0.0,,0.0,,,,,,,500743
FF,4-Seam Fastball,FB,314,25.43,89,72,17,19.1,16,17.98,133,30,22.56,9.55,60,19.11,28.66,12.03,26.02,19.1,0.292,0.427,0.514,0.941,0.222,502054
SI,Sinker,FB,274,22.19,81,74,6,7.41,6,7.41,128,11,8.59,4.01,57,20.8,24.82,21.36,15.79,11.11,0.284,0.346,0.392,0.738,0.108,502054
SL,Slider,BR,223,18.06,50,45,14,28.0,5,10.0,86,34,39.53,15.25,52,23.32,38.57,25.96,17.54,23.33,0.178,0.26,0.333,0.593,0.155,502054
ST,Sweeper,BR,138,11.17,33,32,9,27.27,0,0.0,57,17,29.82,12.32,29,21.01,33.33,18.75,14.91,17.65,0.156,0.152,0.156,0.308,0.0,502054
FC,Cutter,FB,115,9.31,28,25,5,17.86,2,7.14,54,13,24.07,11.3,19,16.52,27.83,19.57,6.14,23.81,0.4,0.429,0.6,1.029,0.1999999999999999,502054
CU,Curveball,BR,60,4.86,15,14,8,53.33,0,0.0,18,6,33.33,10.0,18,30.0,40.0,18.52,7.6,30.77,0.214,0.2,0.214,0.414,0.0,502054
CH,Changeup,OS,50,4.05,12,10,3,25.0,1,8.33,24,5,20.83,10.0,6,12.0,22.0,21.74,5.26,16.67,0.3,0.364,0.3,0.6639999999999999,0.0,502054
FS,Split-Finger,OS,24,1.94,7,6,3,42.86,1,14.29,12,5,41.67,20.83,1,4.17,25.0,38.89,2.63,33.33,0.167,0.286,0.333,0.619,0.166,502054
KC,Knuckle Curve,BR,21,1.7,6,6,4,66.67,0,0.0,11,6,54.55,28.57,3,14.29,42.86,36.36,2.63,44.44,0.0,0.0,0.0,0.0,0.0,502054
SV,Slurve,BR,8,0.65,2,2,1,50.0,0,0.0,3,0,0.0,0.0,3,37.5,37.5,0.0,0.58,50.0,0.5,0.5,0.5,1.0,0.0,502054
CS,Slow Curve,BR,2,0.16,1,1,0,0.0,0,0.0,1,0,0.0,0.0,0,0.0,0.0,0.0,0.58,0.0,0.0,0.0,0.0,0.0,0.0,502054
FO,Forkball,OS,2,0.16,2,2,0,0.0,0,0.0,2,0,0.0,0.0,0,0.0,0.0,,0.29,0.0,0.5,0.5,1.0,1.5,0.5,502054
FA,Other,,2,0.16,1,1,0,0.0,0,0.0,1,0,0.0,0.0,0,0.0,0.0,0.0,0.0,,0.0,0.0,0.0,0.0,0.0,502054
PO,Pitch Out,,1,0.08,0,0,0,,0,,0,0,,0.0,0,0.0,0.0,0.0,0.0,,,,,,,502054
,,,1,0.08,1,0,0,0.0,1,100.0,0,0,,0.0,0,0.0,0.0,,0.0,,,1.0,,,,502054
FF,4-Seam Fastball,FB,422,29.18,100,90,15,15.0,9,9.0,235,40,17.02,9.48,58,13.74,23.22,30.46,26.85,11.81,0.278,0.35,0.322,0.6719999999999999,0.0439999999999999,502671
SI,Sinker,FB,274,18.95,83,78,16,19.28,3,3.61,172,33,19.19,12.04,45,16.42,28.47,53.23,12.47,27.12,0.231,0.256,0.346,0.602,0.1149999999999999,502671
SL,Slider,BR,249,17.22,52,51,19,36.54,1,1.92,94,35,37.23,14.06,63,25.3,39.36,20.0,16.7,24.05,0.216,0.231,0.353,0.584,0.1369999999999999,502671
ST,Sweeper,BR,143,9.89,25,23,6,24.0,1,4.0,44,10,22.73,6.99,25,17.48,24.48,9.88,12.05,10.53,0.217,0.24,0.217,0.4569999999999999,0.0,502671
FC,Cutter,FB,138,9.54,32,28,6,18.75,2,6.25,67,15,22.39,10.87,27,19.57,30.43,29.03,6.77,18.75,0.321,0.367,0.393,0.76,0.072,502671
CH,Changeup,OS,82,5.67,29,28,11,37.93,1,3.45,49,16,32.65,19.51,7,8.54,28.05,42.22,10.36,22.45,0.25,0.276,0.286,0.562,0.0359999999999999,502671
FS,Split-Finger,OS,68,4.7,31,28,5,16.13,2,6.45,40,8,20.0,11.76,3,4.41,16.18,37.5,8.67,12.2,0.214,0.29,0.286,0.576,0.0719999999999999,502671
CU,Curveball,BR,40,2.77,8,8,3,37.5,0,0.0,12,3,25.0,7.5,5,12.5,20.0,15.38,3.17,20.0,0.25,0.25,0.625,0.875,0.375,502671
KC,Knuckle Curve,BR,13,0.9,3,3,0,0.0,0,0.0,5,0,0.0,0.0,4,30.77,30.77,0.0,1.48,0.0,0.0,0.0,0.0,0.0,0.0,502671
SV,Slurve,BR,12,0.83,3,3,0,0.0,0,0.0,4,0,0.0,0.0,3,25.0,25.0,16.67,1.48,0.0,0.333,0.333,0.333,0.666,0.0,502671
CS,Slow Curve,BR,2,0.14,0,0,0,,0,,0,0,,0.0,0,0.0,0.0,0.0,0.0,,,,,,,502671
,,,2,0.14,0,0,0,,0,,0,0,,0.0,0,0.0,0.0,,0.0,,,,,,,502671
PO,Pitch Out,,1,0.07,0,0,0,,0,,0,0,,0.0,0,0.0,0.0,0.0,0.0,,,,,,,502671
FF,4-Seam Fastball,FB,12,40.0,2,2,1,50.0,0,0.0,9,1,11.11,8.33,2,16.67,25.0,50.0,25.0,50.0,0.0,0.0,0.0,0.0,0.0,506702
CH,Changeup,OS,6,20.0,2,2,1,50.0,0,0.0,3,2,66.67,33.33,0,0.0,33.33,25.0,37.5,33.33,0.0,0.0,0.0,0.0,0.0,506702
SL,Slider,BR,5,16.67,1,1,1,100.0,0,0.0,0,0,,0.0,1,20.0,20.0,0.0,12.5,100.0,0.0,0.0,0.0,0.0,0.0,506702
KC,Knuckle Curve,BR,3,10.0,2,2,0,0.0,0,0.0,3,1,33.33,33.33,0,0.0,33.33,100.0,12.5,0.0,0.5,0.5,2.0,2.5,1.5,506702
CU,Curveball,BR,2,6.67,0,0,0,,0,,0,0,,0.0,1,50.0,50.0,0.0,12.5,0.0,,,,,,506702
SI,Sinker,FB,2,6.67,1,1,0,0.0,0,0.0,1,1,100.0,50.0,0,0.0,50.0,0.0,0.0,,0.0,0.0,0.0,0.0,0.0,506702
SI,Sinker,FB,420,22.53,100,85,11,11.0,11,11.0,181,21,11.6,5.0,97,23.1,28.1,34.12,16.16,13.75,0.294,0.38,0.459,0.839,0.165,514888
FF,4-Seam Fastball,FB,418,22.42,120,108,19,15.83,9,7.5,209,37,17.7,8.85,83,19.86,28.71,40.99,23.03,15.79,0.324,0.375,0.602,0.977,0.2779999999999999,514888
SL,Slider,BR,334,17.92,119,113,19,15.97,6,5.04,185,46,24.86,13.77,36,10.78,24.55,38.83,20.4,17.82,0.204,0.244,0.274,0.518,0.07,514888
ST,Sweeper,BR,222,11.91,61,56,15,24.59,4,6.56,116,32,27.59,14.41,23,10.36,24.77,42.36,17.37,17.44,0.232,0.279,0.411,0.69,0.1789999999999999,514888
FC,Cutter,FB,156,8.37,43,39,2,4.65,4,9.3,77,12,15.58,7.69,32,20.51,28.21,41.77,3.64,11.11,0.282,0.349,0.59,0.939,0.308,514888
CH,Changeup,OS,114,6.12,36,34,9,25.0,1,2.78,64,11,17.19,9.65,17,14.91,24.56,40.68,6.06,30.0,0.235,0.257,0.324,0.581,0.089,514888
FS,Split-Finger,OS,78,4.18,17,15,4,23.53,1,5.88,36,9,25.0,11.54,8,10.26,21.79,31.25,6.67,12.12,0.267,0.353,0.333,0.6859999999999999,0.066,514888
CU,Curveball,BR,68,3.65,19,18,2,10.53,1,5.26,36,7,19.44,10.29,6,8.82,19.12,45.45,4.04,10.0,0.278,0.316,0.444,0.76,0.1659999999999999,514888
KC,Knuckle Curve,BR,34,1.82,10,8,0,0.0,2,20.0,19,5,26.32,14.71,5,14.71,29.41,38.89,1.41,0.0,0.375,0.5,0.375,0.875,0.0,514888
,,,14,0.75,4,0,0,0.0,4,100.0,0,0,,0.0,0,0.0,0.0,,0.2,0.0,,1.0,,,,514888
SV,Slurve,BR,6,0.32,1,1,0,0.0,0,0.0,2,0,0.0,0.0,0,0.0,0.0,20.0,1.01,0.0,0.0,0.0,0.0,0.0,0.0,514888
FF,4-Seam Fastball,FB,168,24.96,46,39,9,19.57,3,6.52,85,13,15.29,7.74,32,19.05,26.79,16.67,25.23,16.67,0.308,0.37,0.538,0.908,0.23,516782
SL,Slider,BR,141,20.95,36,34,9,25.0,2,5.56,68,27,39.71,19.15,28,19.86,39.01,39.51,21.96,19.15,0.294,0.333,0.324,0.657,0.03,516782
SI,Sinker,FB,138,20.51,43,37,7,16.28,2,4.65,70,14,20.0,10.14,25,18.12,28.26,32.79,14.49,22.58,0.243,0.333,0.351,0.6839999999999999,0.1079999999999999,516782
FC,Cutter,FB,68,10.1,18,16,1,5.56,1,5.56,33,8,24.24,11.76,11,16.18,27.94,29.03,5.14,9.09,0.312,0.333,0.5,0.833,0.188,516782
ST,Sweeper,BR,51,7.58,13,12,7,53.85,0,0.0,28,12,42.86,23.53,5,9.8,33.33,37.93,10.75,30.43,0.167,0.231,0.167,0.398,0.0,516782
CH,Changeup,OS,39,5.79,11,10,2,18.18,1,9.09,26,6,23.08,15.38,3,7.69,23.08,37.5,9.81,9.52,0.1,0.182,0.2,0.382,0.1,516782
FS,Split-Finger,OS,20,2.97,4,3,0,0.0,0,0.0,9,4,44.44,20.0,2,10.0,30.0,18.18,3.74,0.0,0.667,0.75,0.667,1.417,0.0,516782
CU,Curveball,BR,18,2.67,7,6,2,28.57,1,14.29,8,2,25.0,11.11,5,27.78,38.89,44.44,3.27,28.57,0.333,0.429,1.0,1.429,0.667,516782
SV,Slurve,BR,10,1.49,1,1,0,0.0,0,0.0,2,1,50.0,10.0,1,10.0,20.0,12.5,1.87,0.0,0.0,0.0,0.0,0.0,0.0,516782
KC,Knuckle Curve,BR,9,1.34,1,1,1,100.0,0,0.0,3,3,100.0,33.33,1,11.11,44.44,37.5,1.4,33.33,0.0,0.0,0.0,0.0,0.0,516782
FA,Other,,8,1.19,1,0,0,0.0,1,100.0,2,0,0.0,0.0,2,25.0,25.0,0.0,1.87,0.0,,1.0,,,,516782
EP,Eephus,,2,0.3,1,1,0,0.0,0,0.0,1,0,0.0,0.0,1,50.0,50.0,50.0,0.0,,1.0,1.0,1.0,2.0,0.0,516782
,,,1,0.15,0,0,0,,0,,0,0,,0.0,0,0.0,0.0,,0.47,0.0,,,,,,516782
FF,4-Seam Fastball,FB,218,30.88,63,57,23,36.51,5,7.94,126,31,24.6,14.22,37,16.97,31.19,39.78,29.58,32.39,0.193,0.254,0.351,0.605,0.1579999999999999,518595
SL,Slider,BR,144,20.4,29,25,9,31.03,2,6.9,67,27,40.3,18.75,13,9.03,27.78,19.48,18.75,20.0,0.32,0.414,0.6,1.014,0.2799999999999999,518595
SI,Sinker,FB,105,14.87,31,29,7,22.58,1,3.23,57,12,21.05,11.43,18,17.14,28.57,34.04,10.0,29.17,0.241,0.29,0.276,0.5660000000000001,0.035,518595
ST,Sweeper,BR,87,12.32,13,13,2,15.38,0,0.0,44,12,27.27,13.79,8,9.2,22.99,22.22,15.0,5.56,0.308,0.308,0.462,0.77,0.154,518595
FC,Cutter,FB,54,7.65,16,15,5,31.25,1,6.25,31,11,35.48,20.37,14,25.93,46.3,40.0,5.83,35.71,0.067,0.125,0.067,0.192,0.0,518595
CU,Curveball,BR,28,3.97,8,7,3,37.5,1,12.5,16,7,43.75,25.0,2,7.14,32.14,42.86,5.0,25.0,0.0,0.125,0.0,0.125,0.0,518595
FS,Split-Finger,OS,24,3.4,5,5,4,80.0,0,0.0,12,6,50.0,25.0,2,8.33,33.33,33.33,5.83,28.57,0.0,0.0,0.0,0.0,0.0,518595
CH,Changeup,OS,22,3.12,9,9,2,22.22,0,0.0,15,3,20.0,13.64,1,4.55,18.18,45.45,5.42,15.38,0.333,0.333,0.778,1.111,0.445,518595
KC,Knuckle Curve,BR,18,2.55,7,6,2,28.57,1,14.29,5,0,0.0,0.0,3,16.67,16.67,0.0,4.17,20.0,0.0,0.143,0.0,0.143,0.0,518595
SV,Slurve,BR,6,0.85,2,2,1,50.0,0,0.0,5,3,60.0,50.0,0,0.0,50.0,66.67,0.42,100.0,0.0,0.0,0.0,0.0,0.0,518595
FF,4-Seam Fastball,FB,583,33.2,177,161,25,14.12,15,8.47,339,68,20.06,11.66,62,10.63,22.3,23.63,32.4,16.56,0.292,0.356,0.484,0.84,0.192,518692
CH,Changeup,OS,242,13.78,49,44,11,22.45,5,10.2,107,33,30.84,13.64,23,9.5,23.14,33.92,14.59,16.18,0.25,0.327,0.386,0.7130000000000001,0.136,518692
SL,Slider,BR,194,11.05,43,36,11,25.58,5,11.63,96,39,40.62,20.1,22,11.34,31.44,31.58,9.66,24.44,0.139,0.256,0.333,0.589,0.194,518692
FC,Cutter,FB,187,10.65,44,39,8,18.18,5,11.36,94,20,21.28,10.7,24,12.83,23.53,20.0,7.94,21.62,0.41,0.477,0.692,1.169,0.282,518692
CU,Curveball,BR,157,8.94,30,28,7,23.33,0,0.0,70,18,25.71,11.46,16,10.19,21.66,30.61,11.37,13.21,0.25,0.267,0.5,0.767,0.25,518692
SI,Sinker,FB,151,8.6,48,44,9,18.75,4,8.33,78,18,23.08,11.92,20,13.25,25.17,23.61,9.23,20.93,0.318,0.375,0.477,0.852,0.1589999999999999,518692
FS,Split-Finger,OS,85,4.84,19,17,3,15.79,1,5.26,40,10,25.0,11.76,7,8.24,20.0,35.09,5.58,11.54,0.529,0.526,1.0,1.526,0.471,518692
ST,Sweeper,BR,70,3.99,22,19,6,27.27,3,13.64,36,13,36.11,18.57,7,10.0,28.57,23.53,3.86,33.33,0.421,0.5,0.579,1.079,0.1579999999999999,518692
KC,Knuckle Curve,BR,53,3.02,11,9,6,54.55,1,9.09,22,12,54.55,22.64,12,22.64,45.28,37.5,3.86,33.33,0.111,0.182,0.111,0.293,0.0,518692
,,,21,1.2,6,0,0,0.0,6,100.0,0,0,,0.0,0,0.0,0.0,,0.0,,,1.0,,,,518692
SV,Slurve,BR,6,0.34,1,0,0,0.0,0,0.0,2,1,50.0,16.67,0,0.0,16.67,0.0,0.64,0.0,,1.0,,,,518692
FO,Forkball,OS,5,0.28,2,1,0,0.0,1,50.0,3,0,0.0,0.0,0,0.0,0.0,0.0,0.64,0.0,1.0,1.0,1.0,2.0,0.0,518692
CS,Slow Curve,BR,1,0.06,0,0,0,,0,,0,0,,0.0,0,0.0,0.0,0.0,0.21,0.0,,,,,,518692
PO,Pitch Out,,1,0.06,0,0,0,,0,,0,0,,0.0,0,0.0,0.0,0.0,0.0,,,,,,,518692
FF,4-Seam Fastball,FB,82,27.06,23,21,2,8.7,1,4.35,41,6,14.63,7.32,18,21.95,29.27,21.43,24.66,11.11,0.095,0.136,0.238,0.374,0.143,518792
SI,Sinker,FB,53,17.49,15,12,1,6.67,2,13.33,15,1,6.67,1.89,15,28.3,30.19,12.0,5.48,25.0,0.083,0.2,0.083,0.283,0.0,518792
CH,Changeup,OS,37,12.21,10,10,5,50.0,0,0.0,18,11,61.11,29.73,2,5.41,35.14,37.04,16.44,41.67,0.1,0.1,0.1,0.2,0.0,518792
SL,Slider,BR,35,11.55,12,9,4,33.33,2,16.67,17,8,47.06,22.86,9,25.71,48.57,42.11,15.07,36.36,0.222,0.364,0.333,0.6970000000000001,0.111,518792
FC,Cutter,FB,25,8.25,7,5,0,0.0,0,0.0,13,1,7.69,4.0,3,12.0,16.0,25.0,2.74,0.0,0.4,0.286,0.6,0.8859999999999999,0.1999999999999999,518792
CU,Curveball,BR,18,5.94,6,6,0,0.0,0,0.0,9,1,11.11,5.56,4,22.22,27.78,44.44,6.85,0.0,0.167,0.167,0.667,0.8340000000000001,0.5,518792
FS,Split-Finger,OS,18,5.94,5,5,3,60.0,0,0.0,13,6,46.15,33.33,2,11.11,44.44,70.0,9.59,42.86,0.2,0.2,0.2,0.4,0.0,518792
ST,Sweeper,BR,17,5.61,3,3,1,33.33,0,0.0,8,3,37.5,17.65,4,23.53,41.18,50.0,8.22,16.67,0.333,0.333,0.333,0.666,0.0,518792
KC,Knuckle Curve,BR,15,4.95,2,2,2,100.0,0,0.0,6,4,66.67,26.67,1,6.67,33.33,14.29,10.96,25.0,0.0,0.0,0.0,0.0,0.0,518792
FA,Other,,3,0.99,1,1,0,0.0,0,0.0,2,0,0.0,0.0,0,0.0,0.0,50.0,0.0,,0.0,0.0,0.0,0.0,0.0,518792
SI,Sinker,FB,85,25.45,19,16,2,10.53,3,15.79,39,7,17.95,8.24,21,24.71,32.94,36.11,18.18,11.11,0.188,0.316,0.188,0.504,0.0,518934
FF,4-Seam Fastball,FB,79,23.65,19,17,4,21.05,2,10.53,35,5,14.29,6.33,21,26.58,32.91,20.69,18.18,22.22,0.353,0.421,0.529,0.95,0.176,518934
SL,Slider,BR,76,22.75,27,25,4,14.81,2,7.41,42,10,23.81,13.16,5,6.58,19.74,28.21,26.26,15.38,0.28,0.333,0.48,0.813,0.1999999999999999,518934
FC,Cutter,FB,28,8.38,4,4,3,75.0,0,0.0,9,5,55.56,17.86,8,28.57,46.43,20.0,5.05,60.0,0.25,0.25,0.25,0.5,0.0,518934
ST,Sweeper,BR,22,6.59,9,9,3,33.33,0,0.0,10,3,30.0,13.64,3,13.64,27.27,16.67,13.13,23.08,0.333,0.333,0.444,0.777,0.1109999999999999,518934
CH,Changeup,OS,19,5.69,6,6,2,33.33,0,0.0,9,2,22.22,10.53,3,15.79,26.32,30.0,8.08,25.0,0.333,0.333,0.333,0.666,0.0,518934
FS,Split-Finger,OS,13,3.89,4,4,2,50.0,0,0.0,7,4,57.14,30.77,1,7.69,38.46,44.44,7.07,28.57,0.5,0.5,0.5,1.0,0.0,518934
CU,Curveball,BR,7,2.1,2,2,1,50.0,0,0.0,1,0,0.0,0.0,2,28.57,28.57,20.0,4.04,25.0,0.0,0.0,0.0,0.0,0.0,518934
KC,Knuckle Curve,BR,2,0.6,0,0,0,,0,,0,0,,0.0,0,0.0,0.0,0.0,0.0,,,,,,,518934
SV,Slurve,BR,2,0.6,0,0,0,,0,,0,0,,0.0,0,0.0,0.0,0.0,0.0,,,,,,,518934
CS,Slow Curve,BR,1,0.3,1,1,0,0.0,0,0.0,1,0,0.0,0.0,0,0.0,0.0,100.0,0.0,,0.0,0.0,0.0,0.0,0.0,518934
FF,4-Seam Fastball,FB,266,30.19,67,58,27,40.3,8,11.94,117,49,41.88,18.42,52,19.55,37.97,16.04,30.43,35.06,0.328,0.409,0.741,1.15,0.413,519317
SL,Slider,BR,168,19.07,39,37,15,38.46,2,5.13,80,37,46.25,22.02,26,15.48,37.5,31.76,20.95,28.3,0.243,0.282,0.757,1.039,0.514,519317
SI,Sinker,FB,151,17.14,30,25,5,16.67,4,13.33,51,10,19.61,6.62,46,30.46,37.09,22.86,10.67,18.52,0.32,0.433,0.48,0.913,0.1599999999999999,519317
ST,Sweeper,BR,85,9.65,22,21,7,31.82,1,4.55,32,8,25.0,9.41,14,16.47,25.88,20.0,12.25,22.58,0.238,0.273,0.429,0.702,0.191,519317
FC,Cutter,FB,79,8.97,12,11,1,8.33,1,8.33,27,8,29.63,10.13,20,25.32,35.44,27.91,7.11,5.56,0.364,0.417,0.545,0.962,0.181,519317
CH,Changeup,OS,49,5.56,13,12,6,46.15,0,0.0,23,11,47.83,22.45,5,10.2,32.65,37.14,5.14,46.15,0.167,0.154,0.417,0.571,0.2499999999999999,519317
FS,Split-Finger,OS,37,4.2,9,9,5,55.56,0,0.0,15,6,40.0,16.22,2,5.41,21.62,17.39,7.11,27.78,0.111,0.111,0.444,0.555,0.333,519317
CU,Curveball,BR,27,3.06,7,7,3,42.86,0,0.0,13,6,46.15,22.22,7,25.93,48.15,42.86,3.56,33.33,0.143,0.143,0.143,0.286,0.0,519317
SV,Slurve,BR,10,1.14,3,3,2,66.67,0,0.0,8,3,37.5,30.0,0,0.0,30.0,71.43,2.37,33.33,0.333,0.333,1.333,1.666,1.0,519317
KC,Knuckle Curve,BR,7,0.79,1,1,1,100.0,0,0.0,2,2,100.0,28.57,2,28.57,57.14,40.0,0.4,100.0,0.0,0.0,0.0,0.0,0.0,519317
,,,2,0.23,0,0,0,,0,,0,0,,0.0,0,0.0,0.0,,0.0,,,,,,,519317
FF,4-Seam Fastball,FB,481,27.14,143,127,31,21.68,10,6.99,264,68,25.76,14.14,57,11.85,25.99,30.37,25.73,23.48,0.252,0.321,0.496,0.817,0.244,521692
SL,Slider,BR,306,17.27,75,74,13,17.33,1,1.33,158,55,34.81,17.97,36,11.76,29.74,38.46,19.69,12.87,0.257,0.267,0.5,0.767,0.243,521692
ST,Sweeper,BR,259,14.62,58,56,17,29.31,1,1.72,138,49,35.51,18.92,27,10.42,29.34,45.71,18.71,17.71,0.232,0.259,0.357,0.616,0.1249999999999999,521692
SI,Sinker,FB,257,14.5,91,84,4,4.4,3,3.3,152,14,9.21,5.45,44,17.12,22.57,42.86,6.63,11.76,0.226,0.286,0.5,0.786,0.274,521692
FC,Cutter,FB,147,8.3,39,37,6,15.38,1,2.56,91,23,25.27,15.65,13,8.84,24.49,48.75,6.63,17.65,0.27,0.308,0.73,1.038,0.4599999999999999,521692
CH,Changeup,OS,118,6.66,37,32,12,32.43,4,10.81,75,24,32.0,20.34,4,3.39,23.73,48.0,10.14,23.08,0.188,0.297,0.312,0.609,0.124,521692
CU,Curveball,BR,86,4.85,19,19,6,31.58,0,0.0,40,16,40.0,18.6,10,11.63,30.23,35.71,5.46,21.43,0.263,0.263,0.526,0.789,0.263,521692
KC,Knuckle Curve,BR,49,2.77,13,13,3,23.08,0,0.0,19,5,26.32,10.2,7,14.29,24.49,31.43,3.9,15.0,0.308,0.308,0.462,0.77,0.154,521692
FS,Split-Finger,OS,46,2.6,13,12,2,15.38,1,7.69,28,13,46.43,28.26,2,4.35,32.61,44.83,1.75,22.22,0.167,0.231,0.5,0.731,0.3329999999999999,521692
SV,Slurve,BR,13,0.73,5,5,1,20.0,0,0.0,8,2,25.0,15.38,2,15.38,30.77,50.0,1.17,16.67,0.4,0.4,0.6,1.0,0.1999999999999999,521692
,,,4,0.23,1,0,0,0.0,1,100.0,0,0,,0.0,0,0.0,0.0,,0.0,,,1.0,,,,521692
EP,Eephus,,2,0.11,1,0,0,0.0,0,0.0,2,0,0.0,0.0,0,0.0,0.0,100.0,0.0,,,0.0,,,,521692
FA,Other,,2,0.11,1,1,0,0.0,0,0.0,1,0,0.0,0.0,0,0.0,0.0,50.0,0.0,,0.0,0.0,0.0,0.0,0.0,521692
FO,Forkball,OS,1,0.06,1,1,1,100.0,0,0.0,1,1,100.0,100.0,0,0.0,100.0,100.0,0.19,100.0,0.0,0.0,0.0,0.0,0.0,521692
PO,Pitch Out,,1,0.06,0,0,0,,0,,0,0,,0.0,0,0.0,0.0,0.0,0.0,,,,,,,521692
FF,4-Seam Fastball,FB,416,31.61,118,105,18,15.25,9,7.63,234,40,17.09,9.62,67,16.11,25.72,33.52,33.41,12.59,0.238,0.314,0.362,0.6759999999999999,0.124,527038
SL,Slider,BR,244,18.54,46,44,11,23.91,1,2.17,93,30,32.26,12.3,60,24.59,36.89,27.82,17.99,14.29,0.273,0.289,0.5,0.7889999999999999,0.2269999999999999,527038
SI,Sinker,FB,212,16.11,49,44,4,8.16,4,8.16,103,8,7.77,3.77,45,21.23,25.0,34.09,12.85,7.27,0.295,0.367,0.455,0.8220000000000001,0.16,527038
ST,Sweeper,BR,147,11.17,25,23,10,40.0,1,4.0,55,20,36.36,13.61,33,22.45,36.05,23.38,11.21,20.83,0.217,0.28,0.348,0.628,0.1309999999999999,527038
FC,Cutter,FB,89,6.76,21,15,1,4.76,5,23.81,31,4,12.9,4.49,26,29.21,33.71,20.93,3.97,5.88,0.2,0.381,0.4,0.781,0.2,527038
CH,Changeup,OS,80,6.08,20,17,2,10.0,3,15.0,41,8,19.51,10.0,12,15.0,25.0,45.83,7.71,6.06,0.235,0.35,0.235,0.585,0.0,527038
CU,Curveball,BR,61,4.64,14,12,3,21.43,1,7.14,25,5,20.0,8.2,15,24.59,32.79,22.22,4.67,15.0,0.333,0.385,0.417,0.802,0.0839999999999999,527038
KC,Knuckle Curve,BR,28,2.13,7,7,3,42.86,0,0.0,11,4,36.36,14.29,4,14.29,28.57,27.78,3.5,20.0,0.286,0.286,0.286,0.572,0.0,527038
FS,Split-Finger,OS,28,2.13,12,11,6,50.0,0,0.0,15,5,33.33,17.86,1,3.57,21.43,33.33,3.74,37.5,0.0,0.083,0.0,0.083,0.0,527038
CS,Slow Curve,BR,4,0.3,1,0,0,0.0,1,100.0,0,0,,0.0,0,0.0,0.0,0.0,0.0,,,1.0,,,,527038
SV,Slurve,BR,4,0.3,0,0,0,,0,,2,0,0.0,0.0,1,25.0,25.0,0.0,0.47,0.0,,,,,,527038
,,,3,0.23,1,1,1,100.0,0,0.0,0,0,,0.0,0,0.0,0.0,,0.47,50.0,0.0,0.0,0.0,0.0,0.0,527038
FF,4-Seam Fastball,FB,517,25.81,112,92,23,20.54,18,16.07,215,49,22.79,9.48,109,21.08,30.56,17.21,26.12,13.14,0.228,0.348,0.37,0.718,0.142,542303
SI,Sinker,FB,436,21.77,121,102,26,21.49,15,12.4,173,24,13.87,5.5,115,26.38,31.88,21.89,16.42,23.64,0.324,0.417,0.471,0.8879999999999999,0.1469999999999999,542303
SL,Slider,BR,367,18.32,83,70,25,30.12,12,14.46,137,52,37.96,14.17,51,13.9,28.07,21.59,19.7,18.94,0.214,0.325,0.457,0.782,0.243,542303
ST,Sweeper,BR,210,10.48,44,39,10,22.73,3,6.82,96,34,35.42,16.19,28,13.33,29.52,32.56,12.39,12.05,0.205,0.273,0.41,0.683,0.205,542303
FC,Cutter,FB,126,6.29,22,16,5,22.73,6,27.27,40,9,22.5,7.14,39,30.95,38.1,9.26,3.73,20.0,0.312,0.5,0.938,1.438,0.6259999999999999,542303
CH,Changeup,OS,118,5.89,23,20,6,26.09,3,13.04,51,13,25.49,11.02,14,11.86,22.88,29.73,6.87,13.04,0.15,0.261,0.15,0.411,0.0,542303
CU,Curveball,BR,99,4.94,18,14,4,22.22,4,22.22,33,10,30.3,10.1,20,20.2,30.3,31.25,5.82,10.26,0.071,0.278,0.286,0.5640000000000001,0.2149999999999999,542303
FS,Split-Finger,OS,64,3.2,14,14,6,42.86,0,0.0,29,13,44.83,20.31,5,7.81,28.12,23.68,4.63,19.35,0.143,0.143,0.286,0.4289999999999999,0.143,542303
KC,Knuckle Curve,BR,37,1.85,10,7,3,30.0,3,30.0,17,8,47.06,21.62,7,18.92,40.54,28.57,2.24,20.0,0.143,0.4,0.143,0.543,0.0,542303
SV,Slurve,BR,15,0.75,1,1,1,100.0,0,0.0,3,2,66.67,13.33,5,33.33,46.67,30.0,1.04,14.29,0.0,0.0,0.0,0.0,0.0,542303
FO,Forkball,OS,10,0.5,3,3,2,66.67,0,0.0,4,2,50.0,20.0,1,10.0,30.0,20.0,0.9,33.33,0.0,0.0,0.0,0.0,0.0,542303
CS,Slow Curve,BR,3,0.15,0,0,0,,0,,0,0,,0.0,1,33.33,33.33,0.0,0.15,0.0,,,,,,542303
,,,1,0.05,0,0,0,,0,,0,0,,0.0,0,0.0,0.0,,0.0,,,,,,,542303
FF,4-Seam Fastball,FB,102,36.82,28,24,9,32.14,4,14.29,55,23,41.82,22.55,16,15.69,38.24,18.92,39.24,29.03,0.167,0.286,0.167,0.4529999999999999,0.0,542932
SI,Sinker,FB,63,22.74,16,15,2,12.5,0,0.0,28,5,17.86,7.94,12,19.05,26.98,22.22,7.59,33.33,0.133,0.188,0.133,0.321,0.0,542932
SL,Slider,BR,29,10.47,8,8,1,12.5,0,0.0,18,3,16.67,10.34,3,10.34,20.69,46.15,13.92,9.09,0.125,0.125,0.125,0.25,0.0,542932
ST,Sweeper,BR,25,9.03,9,9,3,33.33,0,0.0,10,3,30.0,12.0,7,28.0,40.0,27.27,15.19,25.0,0.444,0.444,0.556,1.0,0.112,542932
FC,Cutter,FB,15,5.42,3,3,0,0.0,0,0.0,6,2,33.33,13.33,1,6.67,20.0,11.11,2.53,0.0,0.333,0.333,0.333,0.666,0.0,542932
CU,Curveball,BR,13,4.69,3,3,1,33.33,0,0.0,4,0,0.0,0.0,3,23.08,23.08,28.57,5.06,25.0,0.333,0.333,0.667,1.0,0.334,542932
FS,Split-Finger,OS,12,4.33,4,3,3,75.0,0,0.0,4,3,75.0,25.0,3,25.0,50.0,28.57,7.59,50.0,0.0,0.25,0.0,0.25,0.0,542932
FA,Other,,6,2.17,1,1,0,0.0,0,0.0,2,0,0.0,0.0,1,16.67,16.67,20.0,0.0,,1.0,1.0,1.0,2.0,0.0,542932
CH,Changeup,OS,6,2.17,2,2,0,0.0,0,0.0,3,1,33.33,16.67,0,0.0,16.67,25.0,5.06,0.0,0.0,0.0,0.0,0.0,0.0,542932
KC,Knuckle Curve,BR,4,1.44,1,1,0,0.0,0,0.0,1,0,0.0,0.0,0,0.0,0.0,0.0,2.53,0.0,0.0,0.0,0.0,0.0,0.0,542932
EP,Eephus,,2,0.72,2,2,0,0.0,0,0.0,2,0,0.0,0.0,0,0.0,0.0,100.0,1.27,0.0,0.5,0.5,0.5,1.0,0.0,542932
FF,4-Seam Fastball,FB,210,25.09,50,47,7,14.0,3,6.0,98,12,12.24,5.71,54,25.71,31.43,22.97,21.49,11.54,0.234,0.28,0.468,0.748,0.234,543309
SI,Sinker,FB,168,20.07,45,39,1,2.22,5,11.11,79,7,8.86,4.17,38,22.62,26.79,21.88,14.46,2.86,0.256,0.333,0.308,0.641,0.0519999999999999,543309
SL,Slider,BR,156,18.64,47,44,13,27.66,3,6.38,76,27,35.53,17.31,20,12.82,30.13,34.09,22.73,23.64,0.295,0.34,0.386,0.726,0.091,543309
ST,Sweeper,BR,95,11.35,22,21,11,50.0,1,4.55,27,13,48.15,13.68,21,22.11,35.79,20.69,12.81,35.48,0.095,0.136,0.095,0.231,0.0,543309
FC,Cutter,FB,61,7.29,12,11,1,8.33,1,8.33,27,7,25.93,11.48,13,21.31,32.79,23.33,4.55,9.09,0.364,0.417,0.909,1.326,0.545,543309
CH,Changeup,OS,51,6.09,13,12,4,30.77,0,0.0,23,8,34.78,15.69,5,9.8,25.49,25.81,8.68,19.05,0.25,0.308,0.583,0.891,0.3329999999999999,543309
CU,Curveball,BR,40,4.78,9,8,5,55.56,1,11.11,11,5,45.45,12.5,10,25.0,37.5,20.0,6.61,31.25,0.25,0.333,0.625,0.958,0.375,543309
FS,Split-Finger,OS,21,2.51,8,8,5,62.5,0,0.0,11,5,45.45,23.81,3,14.29,38.1,45.45,4.96,41.67,0.0,0.0,0.0,0.0,0.0,543309
KC,Knuckle Curve,BR,17,2.03,4,3,1,25.0,1,25.0,6,2,33.33,11.76,3,17.65,29.41,41.67,2.07,20.0,0.333,0.5,1.0,1.5,0.667,543309
FA,Other,,7,0.84,2,2,0,0.0,0,0.0,4,0,0.0,0.0,2,28.57,28.57,50.0,0.41,0.0,0.5,0.5,1.0,1.5,0.5,543309
EP,Eephus,,5,0.6,2,2,0,0.0,0,0.0,2,0,0.0,0.0,1,20.0,20.0,0.0,0.0,,0.0,0.0,0.0,0.0,0.0,543309
CS,Slow Curve,BR,2,0.24,1,1,1,100.0,0,0.0,1,1,100.0,50.0,0,0.0,50.0,50.0,0.41,100.0,0.0,0.0,0.0,0.0,0.0,543309
PO,Pitch Out,,1,0.12,0,0,0,,0,,0,0,,0.0,0,0.0,0.0,0.0,0.41,0.0,,,,,,543309
KN,Knuckleball,,1,0.12,1,1,0,0.0,0,0.0,1,0,0.0,0.0,0,0.0,0.0,,0.0,,0.0,0.0,0.0,0.0,0.0,543309
SV,Slurve,BR,1,0.12,0,0,0,,0,,0,0,,0.0,1,100.0,100.0,,0.0,,,,,,,543309
,,,1,0.12,1,0,0,0.0,1,100.0,0,0,,0.0,0,0.0,0.0,,0.41,0.0,,1.0,,,,543309
FF,4-Seam Fastball,FB,84,26.33,29,23,7,24.14,4,13.79,35,7,20.0,8.33,16,19.05,27.38,14.29,30.77,25.0,0.304,0.414,0.565,0.979,0.2609999999999999,543510
SL,Slider,BR,71,22.26,16,16,2,12.5,0,0.0,42,13,30.95,18.31,7,9.86,28.17,44.44,23.08,9.52,0.375,0.375,0.688,1.063,0.3129999999999999,543510
SI,Sinker,FB,59,18.5,11,10,2,18.18,0,0.0,22,3,13.64,5.08,18,30.51,35.59,13.04,7.69,28.57,0.3,0.364,0.4,0.764,0.1,543510
ST,Sweeper,BR,53,16.61,18,18,8,44.44,0,0.0,38,20,52.63,37.74,3,5.66,43.4,65.62,20.88,42.11,0.111,0.111,0.278,0.389,0.167,543510
FC,Cutter,FB,19,5.96,5,5,2,40.0,0,0.0,13,6,46.15,31.58,4,21.05,52.63,75.0,5.49,40.0,0.0,0.0,0.0,0.0,0.0,543510
CU,Curveball,BR,12,3.76,3,3,1,33.33,0,0.0,5,2,40.0,16.67,1,8.33,25.0,25.0,5.49,20.0,0.333,0.333,0.333,0.666,0.0,543510
KC,Knuckle Curve,BR,8,2.51,1,1,0,0.0,0,0.0,3,2,66.67,25.0,1,12.5,37.5,20.0,3.3,0.0,0.0,0.0,0.0,0.0,0.0,543510
CH,Changeup,OS,7,2.19,2,2,1,50.0,0,0.0,3,1,33.33,14.29,1,14.29,28.57,25.0,1.1,100.0,0.5,0.5,0.5,1.0,0.0,543510
FS,Split-Finger,OS,4,1.25,1,1,0,0.0,0,0.0,2,0,0.0,0.0,0,0.0,0.0,33.33,2.2,0.0,0.0,0.0,0.0,0.0,0.0,543510
FO,Forkball,OS,1,0.31,1,1,0,0.0,0,0.0,1,0,0.0,0.0,0,0.0,0.0,,0.0,,0.0,0.0,0.0,0.0,0.0,543510
SV,Slurve,BR,1,0.31,0,0,0,,0,,0,0,,0.0,0,0.0,0.0,0.0,0.0,,,,,,,543510
FF,4-Seam Fastball,FB,44,35.2,8,8,2,25.0,0,0.0,24,6,25.0,13.64,6,13.64,27.27,6.67,38.24,15.38,0.125,0.125,0.125,0.25,0.0,543592
SI,Sinker,FB,34,27.2,13,12,0,0.0,1,7.69,20,1,5.0,2.94,3,8.82,11.76,33.33,20.59,0.0,0.417,0.462,0.417,0.879,0.0,543592
SL,Slider,BR,15,12.0,6,6,1,16.67,0,0.0,9,2,22.22,13.33,1,6.67,20.0,28.57,14.71,20.0,0.167,0.167,0.333,0.5,0.166,543592
CH,Changeup,OS,10,8.0,3,3,1,33.33,0,0.0,3,1,33.33,10.0,3,30.0,40.0,0.0,11.76,25.0,0.0,0.0,0.0,0.0,0.0,543592
ST,Sweeper,BR,8,6.4,1,1,0,0.0,0,0.0,1,0,0.0,0.0,3,37.5,37.5,0.0,5.88,0.0,0.0,0.0,0.0,0.0,0.0,543592
FC,Cutter,FB,7,5.6,2,2,0,0.0,0,0.0,2,0,0.0,0.0,2,28.57,28.57,33.33,0.0,,0.0,0.0,0.0,0.0,0.0,543592
KC,Knuckle Curve,BR,4,3.2,1,1,1,100.0,0,0.0,2,2,100.0,50.0,1,25.0,75.0,66.67,5.88,50.0,0.0,0.0,0.0,0.0,0.0,543592
CU,Curveball,BR,2,1.6,1,1,0,0.0,0,0.0,1,0,0.0,0.0,1,50.0,50.0,,2.94,0.0,0.0,0.0,0.0,0.0,0.0,543592
FS,Split-Finger,OS,1,0.8,0,0,0,,0,,0,0,,0.0,1,100.0,100.0,,0.0,,,,,,,543592
FF,4-Seam Fastball,FB,417,27.82,122,110,12,9.84,10,8.2,236,39,16.53,9.35,52,12.47,21.82,20.48,24.38,11.11,0.218,0.287,0.355,0.6419999999999999,0.1369999999999999,543760
SI,Sinker,FB,325,21.68,85,72,7,8.24,9,10.59,143,16,11.19,4.92,51,15.69,20.62,15.89,14.45,10.94,0.278,0.376,0.375,0.751,0.0969999999999999,543760
SL,Slider,BR,260,17.34,59,54,19,32.2,4,6.78,119,39,32.77,15.0,35,13.46,28.46,27.89,16.93,25.33,0.185,0.241,0.389,0.63,0.204,543760
ST,Sweeper,BR,153,10.21,39,38,10,25.64,0,0.0,73,16,21.92,10.46,16,10.46,20.92,29.67,14.9,15.15,0.211,0.231,0.421,0.652,0.21,543760
FC,Cutter,FB,152,10.14,39,30,3,7.69,7,17.95,83,21,25.3,13.82,16,10.53,24.34,28.99,7.9,8.57,0.3,0.41,0.4,0.81,0.1,543760
CH,Changeup,OS,74,4.94,18,15,6,33.33,2,11.11,37,13,35.14,17.57,5,6.76,24.32,19.51,8.35,16.22,0.133,0.222,0.333,0.555,0.2,543760
FS,Split-Finger,OS,43,2.87,10,10,7,70.0,0,0.0,26,10,38.46,23.26,0,0.0,23.26,43.33,6.55,24.14,0.0,0.0,0.0,0.0,0.0,543760
CU,Curveball,BR,35,2.33,10,9,1,10.0,1,10.0,19,3,15.79,8.57,2,5.71,14.29,22.22,3.61,6.25,0.222,0.3,0.222,0.522,0.0,543760
KC,Knuckle Curve,BR,23,1.53,7,6,1,14.29,0,0.0,11,2,18.18,8.7,2,8.7,17.39,23.08,2.26,10.0,0.5,0.429,0.833,1.262,0.3329999999999999,543760
SV,Slurve,BR,11,0.73,2,2,1,50.0,0,0.0,3,1,33.33,9.09,2,18.18,27.27,25.0,0.68,33.33,0.5,0.5,2.0,2.5,1.5,543760
FO,Forkball,OS,3,0.2,0,0,0,,0,,0,0,,0.0,1,33.33,33.33,0.0,0.0,,,,,,,543760
CS,Slow Curve,BR,2,0.13,0,0,0,,0,,1,0,0.0,0.0,0,0.0,0.0,0.0,0.0,,,,,,,543760
,,,1,0.07,0,0,0,,0,,0,0,,0.0,0,0.0,0.0,,0.0,,,,,,,543760
FF,4-Seam Fastball,FB,462,26.75,125,107,23,18.4,16,12.8,241,59,24.48,12.77,56,12.12,24.89,17.86,30.96,15.13,0.318,0.416,0.72,1.136,0.4019999999999999,543807
SI,Sinker,FB,326,18.88,96,82,6,6.25,9,9.38,150,21,14.0,6.44,61,18.71,25.15,12.98,11.61,10.53,0.39,0.468,0.598,1.066,0.2079999999999999,543807
SL,Slider,BR,293,16.97,76,71,20,26.32,3,3.95,126,52,41.27,17.75,53,18.09,35.84,30.41,16.9,24.1,0.324,0.351,0.606,0.957,0.282,543807
CH,Changeup,OS,180,10.42,37,26,10,27.03,9,24.32,80,19,23.75,10.56,15,8.33,18.89,16.98,13.24,15.38,0.192,0.432,0.346,0.778,0.1539999999999999,543807
ST,Sweeper,BR,144,8.34,33,30,6,18.18,2,6.06,60,20,33.33,13.89,18,12.5,26.39,23.6,10.39,11.76,0.367,0.394,0.667,1.061,0.3,543807
FC,Cutter,FB,136,7.87,32,28,5,15.62,3,9.38,60,14,23.33,10.29,22,16.18,26.47,21.88,5.3,19.23,0.357,0.419,0.5,0.919,0.143,543807
CU,Curveball,BR,68,3.94,11,11,1,9.09,0,0.0,23,5,21.74,7.35,10,14.71,22.06,14.63,4.28,4.76,0.364,0.364,0.364,0.728,0.0,543807
FS,Split-Finger,OS,61,3.53,14,12,7,50.0,2,14.29,33,10,30.3,16.39,5,8.2,24.59,25.93,4.48,31.82,0.167,0.286,0.25,0.536,0.0829999999999999,543807
KC,Knuckle Curve,BR,37,2.14,7,6,1,14.29,1,14.29,18,7,38.89,18.92,5,13.51,32.43,25.0,1.63,12.5,0.167,0.286,0.167,0.4529999999999999,0.0,543807
SV,Slurve,BR,10,0.58,3,2,1,33.33,1,33.33,3,2,66.67,20.0,2,20.0,40.0,0.0,1.02,20.0,0.5,0.667,0.5,1.167,0.0,543807
,,,5,0.29,2,0,0,0.0,2,100.0,0,0,,0.0,0,0.0,0.0,,0.0,,,1.0,,,,543807
EP,Eephus,,4,0.23,1,1,0,0.0,0,0.0,2,0,0.0,0.0,0,0.0,0.0,33.33,0.0,,0.0,0.0,0.0,0.0,0.0,543807
CS,Slow Curve,BR,1,0.06,0,0,0,,0,,1,0,0.0,0.0,0,0.0,0.0,,0.2,0.0,,,,,,543807
FF,4-Seam Fastball,FB,197,33.79,56,49,15,26.79,5,8.93,94,17,18.09,8.63,36,18.27,26.9,26.09,41.72,22.06,0.184,0.268,0.245,0.513,0.061,543877
SI,Sinker,FB,139,23.84,37,31,5,13.51,3,8.11,59,8,13.56,5.76,31,22.3,28.06,32.31,15.95,19.23,0.194,0.297,0.323,0.62,0.129,543877
SL,Slider,BR,92,15.78,23,21,1,4.35,2,8.7,35,7,20.0,7.61,17,18.48,26.09,22.22,14.72,4.17,0.19,0.261,0.286,0.5469999999999999,0.0959999999999999,543877
ST,Sweeper,BR,48,8.23,8,8,1,12.5,0,0.0,17,3,17.65,6.25,9,18.75,25.0,8.0,11.04,5.56,0.125,0.125,0.125,0.25,0.0,543877
FC,Cutter,FB,45,7.72,14,14,0,0.0,0,0.0,25,2,8.0,4.44,10,22.22,26.67,47.06,3.68,0.0,0.429,0.429,0.571,1.0,0.1419999999999999,543877
CU,Curveball,BR,19,3.26,4,4,1,25.0,0,0.0,4,0,0.0,0.0,5,26.32,26.32,0.0,4.29,14.29,0.25,0.25,1.0,1.25,0.75,543877
FS,Split-Finger,OS,15,2.57,4,4,0,0.0,0,0.0,8,1,12.5,6.67,3,20.0,26.67,50.0,3.68,0.0,0.5,0.5,0.75,1.25,0.25,543877
CH,Changeup,OS,13,2.23,5,5,0,0.0,0,0.0,7,0,0.0,0.0,0,0.0,0.0,33.33,2.45,0.0,0.0,0.0,0.0,0.0,0.0,543877
KC,Knuckle Curve,BR,10,1.72,2,2,0,0.0,0,0.0,5,3,60.0,30.0,1,10.0,40.0,50.0,2.45,0.0,0.0,0.0,0.0,0.0,0.0,543877
FA,Other,,3,0.51,1,1,0,0.0,0,0.0,1,0,0.0,0.0,1,33.33,33.33,,0.0,,1.0,1.0,1.0,2.0,0.0,543877
SV,Slurve,BR,2,0.34,0,0,0,,0,,0,0,,0.0,0,0.0,0.0,0.0,0.0,,,,,,,543877
FF,4-Seam Fastball,FB,92,37.25,32,29,2,6.25,1,3.12,46,4,8.7,4.35,25,27.17,31.52,31.03,29.85,10.0,0.414,0.419,0.655,1.074,0.241,545121
ST,Sweeper,BR,25,10.12,4,4,0,0.0,0,0.0,13,1,7.69,4.0,4,16.0,20.0,27.27,8.96,0.0,0.0,0.0,0.0,0.0,0.0,545121
SI,Sinker,FB,24,9.72,4,4,1,25.0,0,0.0,8,1,12.5,4.17,8,33.33,37.5,33.33,5.97,25.0,0.25,0.25,0.25,0.5,0.0,545121
SL,Slider,BR,24,9.72,7,7,3,42.86,0,0.0,14,5,35.71,20.83,5,20.83,41.67,53.85,17.91,25.0,0.0,0.0,0.0,0.0,0.0,545121
CH,Changeup,OS,21,8.5,8,8,1,12.5,0,0.0,12,3,25.0,14.29,2,9.52,23.81,53.33,10.45,14.29,0.25,0.25,0.25,0.5,0.0,545121
CU,Curveball,BR,20,8.1,7,6,1,14.29,0,0.0,14,4,28.57,20.0,2,10.0,30.0,60.0,8.96,16.67,0.333,0.429,0.333,0.762,0.0,545121
FC,Cutter,FB,16,6.48,1,1,0,0.0,0,0.0,3,1,33.33,6.25,4,25.0,31.25,18.18,2.99,0.0,0.0,0.0,0.0,0.0,0.0,545121
FS,Split-Finger,OS,12,4.86,4,4,0,0.0,0,0.0,7,2,28.57,16.67,0,0.0,16.67,50.0,8.96,0.0,0.0,0.0,0.0,0.0,0.0,545121
KC,Knuckle Curve,BR,4,1.62,0,0,0,,0,,2,1,50.0,25.0,1,25.0,50.0,50.0,1.49,0.0,,,,,,545121
SV,Slurve,BR,3,1.21,1,1,1,100.0,0,0.0,2,1,50.0,33.33,0,0.0,33.33,50.0,2.99,50.0,0.0,0.0,0.0,0.0,0.0,545121
FO,Forkball,OS,3,1.21,0,0,0,,0,,1,1,100.0,33.33,0,0.0,33.33,0.0,1.49,0.0,,,,,,545121
EP,Eephus,,2,0.81,1,1,0,0.0,0,0.0,1,0,0.0,0.0,1,50.0,50.0,50.0,0.0,,1.0,1.0,1.0,2.0,0.0,545121
,,,1,0.4,0,0,0,,0,,0,0,,0.0,0,0.0,0.0,,0.0,,,,,,,545121
FF,4-Seam Fastball,FB,137,32.7,35,29,4,11.43,5,14.29,60,10,16.67,7.3,27,19.71,27.01,26.98,37.5,8.89,0.241,0.343,0.345,0.688,0.1039999999999999,545341
SL,Slider,BR,94,22.43,27,26,5,18.52,0,0.0,46,9,19.57,9.57,18,19.15,28.72,34.15,20.83,20.0,0.231,0.222,0.269,0.491,0.038,545341
SI,Sinker,FB,54,12.89,19,17,1,5.26,1,5.26,35,2,5.71,3.7,11,20.37,24.07,62.5,10.0,8.33,0.294,0.368,0.647,1.015,0.353,545341
ST,Sweeper,BR,36,8.59,8,8,1,12.5,0,0.0,13,2,15.38,5.56,6,16.67,22.22,10.53,5.83,14.29,0.375,0.375,0.625,1.0,0.25,545341
CH,Changeup,OS,24,5.73,8,7,3,37.5,0,0.0,10,3,30.0,12.5,2,8.33,20.83,20.0,9.17,27.27,0.0,0.0,0.0,0.0,0.0,545341
CU,Curveball,BR,22,5.25,2,2,1,50.0,0,0.0,6,1,16.67,4.55,5,22.73,27.27,21.43,7.5,11.11,0.0,0.0,0.0,0.0,0.0,545341
FC,Cutter,FB,21,5.01,5,5,1,20.0,0,0.0,8,2,25.0,9.52,1,4.76,14.29,14.29,0.83,100.0,0.0,0.0,0.0,0.0,0.0,545341
KC,Knuckle Curve,BR,10,2.39,1,1,0,0.0,0,0.0,3,0,0.0,0.0,0,0.0,0.0,12.5,5.0,0.0,0.0,0.0,0.0,0.0,0.0,545341
EP,Eephus,,9,2.15,3,3,0,0.0,0,0.0,5,0,0.0,0.0,1,11.11,11.11,25.0,0.83,0.0,0.667,0.667,0.667,1.334,0.0,545341
FS,Split-Finger,OS,8,1.91,2,2,1,50.0,0,0.0,6,1,16.67,12.5,2,25.0,37.5,100.0,2.5,33.33,0.0,0.0,0.0,0.0,0.0,545341
SV,Slurve,BR,4,0.95,0,0,0,,0,,1,1,100.0,25.0,1,25.0,50.0,33.33,0.0,,,,,,,545341
FF,4-Seam Fastball,FB,925,45.57,199,157,68,34.17,36,18.09,371,113,30.46,12.22,155,16.76,28.97,9.56,48.54,22.41,0.223,0.379,0.484,0.863,0.261,545361
SI,Sinker,FB,277,13.65,77,66,14,18.18,9,11.69,112,9,8.04,3.25,57,20.58,23.83,18.25,8.12,28.0,0.273,0.377,0.5,0.877,0.2269999999999999,545361
SL,Slider,BR,256,12.61,53,45,18,33.96,6,11.32,92,38,41.3,14.84,58,22.66,37.5,28.57,13.31,21.95,0.222,0.308,0.267,0.575,0.045,545361
ST,Sweeper,BR,190,9.36,31,24,12,38.71,6,19.35,53,19,35.85,10.0,44,23.16,33.16,20.83,10.55,18.46,0.125,0.29,0.292,0.582,0.1669999999999999,545361
FC,Cutter,FB,122,6.01,26,21,2,7.69,3,11.54,51,13,25.49,10.66,26,21.31,31.97,24.07,3.41,9.52,0.333,0.4,0.619,1.019,0.286,545361
CH,Changeup,OS,97,4.78,27,24,11,40.74,3,11.11,52,20,38.46,20.62,5,5.15,25.77,47.06,8.12,22.0,0.292,0.37,0.458,0.8280000000000001,0.166,545361
CU,Curveball,BR,50,2.46,9,9,5,55.56,0,0.0,13,6,46.15,12.0,19,38.0,50.0,22.73,2.11,38.46,0.333,0.333,1.0,1.333,0.667,545361
FS,Split-Finger,OS,43,2.12,15,13,7,46.67,2,13.33,22,10,45.45,23.26,5,11.63,34.88,42.86,3.57,31.82,0.154,0.267,0.154,0.421,0.0,545361
KC,Knuckle Curve,BR,31,1.53,4,4,0,0.0,0,0.0,11,1,9.09,3.23,9,29.03,32.26,20.0,1.3,0.0,0.25,0.25,1.0,1.25,0.75,545361
,,,23,1.13,8,0,0,0.0,8,100.0,0,0,,0.0,0,0.0,0.0,,0.0,,,1.0,,,,545361
SV,Slurve,BR,7,0.34,1,1,1,100.0,0,0.0,2,2,100.0,28.57,2,28.57,57.14,33.33,0.49,33.33,0.0,0.0,0.0,0.0,0.0,545361
FO,Forkball,OS,5,0.25,2,1,1,50.0,1,50.0,2,2,100.0,40.0,1,20.0,60.0,33.33,0.49,33.33,0.0,0.5,0.0,0.5,0.0,545361
EP,Eephus,,4,0.2,1,1,0,0.0,0,0.0,2,0,0.0,0.0,0,0.0,0.0,50.0,0.0,,0.0,0.0,0.0,0.0,0.0,545361
FF,4-Seam Fastball,FB,418,31.12,103,84,24,23.3,18,17.48,214,55,25.7,13.16,36,8.61,21.77,25.34,29.62,22.02,0.214,0.359,0.488,0.847,0.274,547180
CU,Curveball,BR,172,12.81,41,38,12,29.27,0,0.0,100,41,41.0,23.84,12,6.98,30.81,43.64,17.39,17.19,0.316,0.341,0.421,0.762,0.1049999999999999,547180
SL,Slider,BR,169,12.58,39,34,17,43.59,5,12.82,83,42,50.6,24.85,15,8.88,33.73,37.17,15.76,29.31,0.176,0.282,0.441,0.723,0.265,547180
CH,Changeup,OS,151,11.24,43,40,4,9.3,2,4.65,75,20,26.67,13.25,11,7.28,20.53,34.0,8.42,12.9,0.35,0.372,0.525,0.897,0.175,547180
SI,Sinker,FB,138,10.28,42,32,5,11.9,10,23.81,61,6,9.84,4.35,22,15.94,20.29,24.66,7.61,17.86,0.312,0.476,0.438,0.914,0.126,547180
FC,Cutter,FB,75,5.58,18,15,1,5.56,2,11.11,36,3,8.33,4.0,12,16.0,20.0,25.0,3.26,8.33,0.4,0.5,1.133,1.633,0.733,547180
FS,Split-Finger,OS,68,5.06,24,21,1,4.17,3,12.5,40,9,22.5,13.24,1,1.47,14.71,37.21,5.71,4.76,0.143,0.25,0.333,0.583,0.19,547180
KC,Knuckle Curve,BR,48,3.57,12,10,2,16.67,1,8.33,27,11,40.74,22.92,5,10.42,33.33,42.86,4.62,11.76,0.2,0.25,0.4,0.65,0.2,547180
ST,Sweeper,BR,48,3.57,12,11,3,25.0,0,0.0,22,5,22.73,10.42,8,16.67,27.08,28.0,3.53,23.08,0.182,0.25,0.727,0.977,0.5449999999999999,547180
,,,22,1.64,6,0,0,0.0,6,100.0,0,0,,0.0,0,0.0,0.0,,0.0,,,1.0,,,,547180
SV,Slurve,BR,11,0.82,3,2,1,33.33,1,33.33,7,1,14.29,9.09,2,18.18,27.27,66.67,1.09,25.0,0.0,0.333,0.0,0.333,0.0,547180
FO,Forkball,OS,10,0.74,4,3,1,25.0,1,25.0,6,1,16.67,10.0,1,10.0,20.0,62.5,1.36,20.0,0.333,0.5,0.333,0.833,0.0,547180
KN,Knuckleball,,10,0.74,3,2,0,0.0,1,33.33,5,0,0.0,0.0,1,10.0,10.0,40.0,1.09,0.0,0.0,0.333,0.0,0.333,0.0,547180
CS,Slow Curve,BR,3,0.22,1,0,0,0.0,1,100.0,1,0,0.0,0.0,0,0.0,0.0,33.33,0.54,0.0,,1.0,,,,547180
FF,4-Seam Fastball,FB,255,34.88,61,45,20,32.79,14,22.95,115,37,32.17,14.51,39,15.29,29.8,21.26,32.57,28.17,0.2,0.4,0.311,0.7110000000000001,0.1109999999999999,553869
SL,Slider,BR,150,20.52,40,40,13,32.5,0,0.0,79,38,48.1,25.33,16,10.67,36.0,32.1,24.77,24.07,0.225,0.225,0.375,0.6,0.15,553869
SI,Sinker,FB,101,13.82,35,33,2,5.71,0,0.0,52,5,9.62,4.95,26,25.74,30.69,33.33,4.13,22.22,0.273,0.294,0.364,0.6579999999999999,0.0909999999999999,553869
ST,Sweeper,BR,73,9.99,25,25,11,44.0,0,0.0,39,21,53.85,28.77,9,12.33,41.1,37.5,12.84,39.29,0.04,0.04,0.08,0.12,0.04,553869
FC,Cutter,FB,44,6.02,7,6,1,14.29,1,14.29,22,11,50.0,25.0,5,11.36,36.36,19.05,4.13,11.11,0.167,0.286,0.667,0.953,0.5,553869
CU,Curveball,BR,35,4.79,7,6,3,42.86,0,0.0,16,5,31.25,14.29,8,22.86,37.14,35.29,6.88,20.0,0.0,0.0,0.0,0.0,0.0,553869
FS,Split-Finger,OS,22,3.01,4,4,1,25.0,0,0.0,12,6,50.0,27.27,0,0.0,27.27,16.67,5.96,7.69,0.5,0.5,1.25,1.75,0.75,553869
CH,Changeup,OS,19,2.6,7,6,0,0.0,1,14.29,11,0,0.0,0.0,1,5.26,5.26,36.36,3.67,0.0,0.5,0.571,0.667,1.238,0.167,553869
KC,Knuckle Curve,BR,18,2.46,7,7,3,42.86,0,0.0,12,8,66.67,44.44,2,11.11,55.56,50.0,2.29,60.0,0.143,0.143,0.571,0.714,0.4279999999999999,553869
FA,Other,,5,0.68,1,1,1,100.0,0,0.0,1,0,0.0,0.0,2,40.0,40.0,33.33,1.38,33.33,0.0,0.0,0.0,0.0,0.0,553869
SV,Slurve,BR,4,0.55,1,1,0,0.0,0,0.0,2,1,50.0,25.0,0,0.0,25.0,0.0,0.46,0.0,0.0,0.0,0.0,0.0,0.0,553869
EP,Eephus,,3,0.41,1,1,0,0.0,0,0.0,2,0,0.0,0.0,1,33.33,33.33,,0.46,0.0,1.0,1.0,1.0,2.0,0.0,553869
CS,Slow Curve,BR,2,0.27,0,0,0,,0,,0,0,,0.0,0,0.0,0.0,0.0,0.46,0.0,,,,,,553869
FF,4-Seam Fastball,FB,19,61.29,5,3,0,0.0,2,40.0,11,3,27.27,15.79,0,0.0,15.79,0.0,63.64,0.0,0.333,0.6,0.333,0.933,0.0,553882
SL,Slider,BR,6,19.35,0,0,0,,0,,0,0,,0.0,1,16.67,16.67,0.0,27.27,0.0,,,,,,553882
CH,Changeup,OS,5,16.13,1,1,0,0.0,0,0.0,3,0,0.0,0.0,1,20.0,20.0,66.67,9.09,0.0,1.0,1.0,1.0,2.0,0.0,553882
FC,Cutter,FB,1,3.23,1,0,0,0.0,0,0.0,1,0,0.0,0.0,0,0.0,0.0,100.0,0.0,,,0.0,,,,553882
FF,4-Seam Fastball,FB,522,28.23,128,118,35,27.34,6,4.69,254,65,25.59,12.45,81,15.52,27.97,19.47,27.15,21.74,0.246,0.297,0.542,0.839,0.296,553993
SI,Sinker,FB,363,19.63,86,76,15,17.44,5,5.81,171,34,19.88,9.37,74,20.39,29.75,20.81,10.12,25.0,0.276,0.36,0.421,0.7809999999999999,0.1449999999999999,553993
SL,Slider,BR,341,18.44,91,81,28,30.77,7,7.69,183,78,42.62,22.87,35,10.26,33.14,38.34,18.21,25.93,0.284,0.344,0.84,1.184,0.556,553993
ST,Sweeper,BR,201,10.87,52,44,12,23.08,5,9.62,97,32,32.99,15.92,24,11.94,27.86,36.29,13.49,15.0,0.205,0.308,0.432,0.74,0.227,553993
CH,Changeup,OS,113,6.11,31,29,15,48.39,1,3.23,66,26,39.39,23.01,8,7.08,30.09,35.59,9.61,26.32,0.207,0.258,0.379,0.637,0.172,553993
FC,Cutter,FB,110,5.95,33,32,5,15.15,1,3.03,69,18,26.09,16.36,10,9.09,25.45,42.0,5.23,16.13,0.344,0.364,0.688,1.052,0.344,553993
CU,Curveball,BR,93,5.03,25,23,15,60.0,0,0.0,55,25,45.45,26.88,16,17.2,44.09,54.55,7.25,34.88,0.13,0.16,0.174,0.3339999999999999,0.0439999999999999,553993
FS,Split-Finger,OS,47,2.54,12,11,8,66.67,0,0.0,27,13,48.15,27.66,5,10.64,38.3,53.33,4.38,30.77,0.091,0.167,0.364,0.531,0.273,553993
KC,Knuckle Curve,BR,37,2.0,11,11,5,45.45,0,0.0,20,9,45.0,24.32,6,16.22,40.54,43.48,3.54,23.81,0.273,0.273,0.636,0.909,0.363,553993
EP,Eephus,,8,0.43,2,2,1,50.0,0,0.0,1,0,0.0,0.0,4,50.0,50.0,0.0,0.34,50.0,0.5,0.5,2.0,2.5,1.5,553993
,,,7,0.38,1,0,0,0.0,1,100.0,0,0,,0.0,0,0.0,0.0,,0.34,0.0,,1.0,,,,553993
FO,Forkball,OS,4,0.22,2,2,0,0.0,0,0.0,2,0,0.0,0.0,0,0.0,0.0,33.33,0.34,0.0,0.5,0.5,1.0,1.5,0.5,553993
SV,Slurve,BR,3,0.16,0,0,0,,0,,1,0,0.0,0.0,1,33.33,33.33,,0.0,,,,,,,553993
FF,4-Seam Fastball,FB,138,25.32,37,34,7,18.92,2,5.41,80,17,21.25,12.32,15,10.87,23.19,26.79,29.52,14.29,0.324,0.361,0.5,0.861,0.176,570482
SI,Sinker,FB,115,21.1,32,29,3,9.38,2,6.25,63,11,17.46,9.57,21,18.26,27.83,40.82,13.86,13.04,0.241,0.29,0.31,0.6,0.069,570482
SL,Slider,BR,91,16.7,28,25,5,17.86,3,10.71,54,19,35.19,20.88,3,3.3,24.18,38.18,16.27,18.52,0.2,0.286,0.28,0.5660000000000001,0.08,570482
ST,Sweeper,BR,68,12.48,17,17,4,23.53,0,0.0,32,12,37.5,17.65,8,11.76,29.41,28.95,14.46,16.67,0.176,0.176,0.176,0.352,0.0,570482
FC,Cutter,FB,52,9.54,12,12,5,41.67,0,0.0,27,8,29.63,15.38,11,21.15,36.54,33.33,7.83,38.46,0.25,0.25,0.25,0.5,0.0,570482
CH,Changeup,OS,24,4.4,5,4,0,0.0,1,20.0,11,2,18.18,8.33,5,20.83,29.17,40.0,2.41,0.0,0.75,0.8,1.0,1.8,0.25,570482
KC,Knuckle Curve,BR,23,4.22,6,6,1,16.67,0,0.0,17,6,35.29,26.09,1,4.35,30.43,61.54,4.82,12.5,0.167,0.167,0.167,0.334,0.0,570482
CU,Curveball,BR,19,3.49,7,7,1,14.29,0,0.0,10,2,20.0,10.53,3,15.79,26.32,44.44,6.02,10.0,0.0,0.0,0.0,0.0,0.0,570482
FS,Split-Finger,OS,10,1.83,3,3,2,66.67,0,0.0,8,4,50.0,40.0,1,10.0,50.0,87.5,4.22,28.57,0.0,0.0,0.0,0.0,0.0,570482
FO,Forkball,OS,2,0.37,1,1,0,0.0,0,0.0,1,0,0.0,0.0,0,0.0,0.0,50.0,0.0,,0.0,0.0,0.0,0.0,0.0,570482
SV,Slurve,BR,2,0.37,1,1,0,0.0,0,0.0,1,0,0.0,0.0,0,0.0,0.0,50.0,0.6,0.0,0.0,0.0,0.0,0.0,0.0,570482
FA,Other,,1,0.18,1,1,0,0.0,0,0.0,1,0,0.0,0.0,0,0.0,0.0,,0.0,,1.0,1.0,2.0,3.0,1.0,570482
FF,4-Seam Fastball,FB,342,28.19,99,90,6,6.06,7,7.07,169,19,11.24,5.56,57,16.67,22.22,28.12,27.55,6.74,0.222,0.293,0.478,0.7709999999999999,0.256,571448
SL,Slider,BR,250,20.61,65,55,11,16.92,7,10.77,123,37,30.08,14.8,37,14.8,29.6,36.69,22.29,13.89,0.182,0.266,0.309,0.575,0.127,571448
SI,Sinker,FB,244,20.12,59,58,3,5.08,0,0.0,100,5,5.0,2.05,62,25.41,27.46,20.2,12.07,7.69,0.241,0.254,0.345,0.599,0.1039999999999999,571448
ST,Sweeper,BR,148,12.2,46,45,10,21.74,1,2.17,72,23,31.94,15.54,25,16.89,32.43,39.29,15.48,20.0,0.156,0.174,0.244,0.418,0.088,571448
FC,Cutter,FB,87,7.17,23,21,0,0.0,2,8.7,44,4,9.09,4.6,13,14.94,19.54,32.61,4.33,0.0,0.333,0.391,0.571,0.962,0.2379999999999999,571448
CH,Changeup,OS,55,4.53,12,12,7,58.33,0,0.0,30,13,43.33,23.64,3,5.45,29.09,45.24,7.12,30.43,0.25,0.25,0.25,0.5,0.0,571448
KC,Knuckle Curve,BR,27,2.23,5,4,0,0.0,1,20.0,11,1,9.09,3.7,3,11.11,14.81,27.78,3.72,0.0,0.75,0.8,0.75,1.55,0.0,571448
FS,Split-Finger,OS,25,2.06,9,9,4,44.44,0,0.0,11,3,27.27,12.0,7,28.0,40.0,36.36,3.72,33.33,0.0,0.0,0.0,0.0,0.0,571448
CU,Curveball,BR,23,1.9,5,4,0,0.0,1,20.0,11,1,9.09,4.35,6,26.09,30.43,40.0,3.41,0.0,0.25,0.4,0.25,0.65,0.0,571448
,,,5,0.41,1,0,0,0.0,1,100.0,0,0,,0.0,0,0.0,0.0,,0.0,,,1.0,,,,571448
SV,Slurve,BR,4,0.33,0,0,0,,0,,1,1,100.0,25.0,0,0.0,25.0,25.0,0.0,,,,,,,571448
FO,Forkball,OS,3,0.25,1,1,1,100.0,0,0.0,2,1,50.0,33.33,0,0.0,33.33,50.0,0.31,100.0,0.0,0.0,0.0,0.0,0.0,571448
SI,Sinker,FB,11,29.73,2,2,1,50.0,0,0.0,3,1,33.33,9.09,3,27.27,36.36,0.0,10.0,100.0,0.5,0.5,0.5,1.0,0.0,571466
FF,4-Seam Fastball,FB,11,29.73,4,3,1,25.0,1,25.0,5,0,0.0,0.0,2,18.18,18.18,0.0,40.0,25.0,0.333,0.5,0.333,0.833,0.0,571466
ST,Sweeper,BR,5,13.51,2,2,0,0.0,0,0.0,4,0,0.0,0.0,0,0.0,0.0,50.0,20.0,0.0,0.5,0.5,0.5,1.0,0.0,571466
CH,Changeup,OS,5,13.51,0,0,0,,0,,3,0,0.0,0.0,0,0.0,0.0,0.0,10.0,0.0,,,,,,571466
CU,Curveball,BR,4,10.81,2,1,0,0.0,0,0.0,1,0,0.0,0.0,1,25.0,25.0,0.0,20.0,0.0,0.0,0.5,0.0,0.5,0.0,571466
FC,Cutter,FB,1,2.7,0,0,0,,0,,0,0,,0.0,1,100.0,100.0,,0.0,,,,,,,571466
FF,4-Seam Fastball,FB,224,34.15,46,41,12,26.09,3,6.52,104,19,18.27,8.48,52,23.21,31.7,24.18,34.78,18.75,0.293,0.348,0.415,0.7629999999999999,0.122,571657
SI,Sinker,FB,137,20.88,40,38,1,2.5,2,5.0,59,6,10.17,4.38,37,27.01,31.39,28.81,8.7,6.25,0.263,0.3,0.368,0.6679999999999999,0.1049999999999999,571657
SL,Slider,BR,114,17.38,33,33,9,27.27,0,0.0,60,16,26.67,14.04,17,14.91,28.95,41.38,16.85,29.03,0.182,0.182,0.364,0.546,0.182,571657
ST,Sweeper,BR,79,12.04,22,21,7,31.82,0,0.0,36,9,25.0,11.39,14,17.72,29.11,27.91,14.67,25.93,0.095,0.136,0.095,0.231,0.0,571657
FC,Cutter,FB,33,5.03,8,7,1,12.5,1,12.5,21,4,19.05,12.12,4,12.12,24.24,18.18,3.8,14.29,0.571,0.625,0.857,1.482,0.286,571657
CU,Curveball,BR,33,5.03,13,11,6,46.15,0,0.0,17,6,35.29,18.18,4,12.12,30.3,31.58,9.24,35.29,0.091,0.154,0.091,0.245,0.0,571657
FS,Split-Finger,OS,16,2.44,7,7,3,42.86,0,0.0,13,3,23.08,18.75,0,0.0,18.75,57.14,5.98,27.27,0.0,0.0,0.0,0.0,0.0,571657
CH,Changeup,OS,10,1.52,3,3,1,33.33,0,0.0,6,2,33.33,20.0,1,10.0,30.0,40.0,2.72,20.0,0.0,0.0,0.0,0.0,0.0,571657
KC,Knuckle Curve,BR,9,1.37,4,4,1,25.0,0,0.0,7,2,28.57,22.22,1,11.11,33.33,80.0,3.26,16.67,0.0,0.0,0.0,0.0,0.0,571657
SV,Slurve,BR,1,0.15,1,1,0,0.0,0,0.0,1,0,0.0,0.0,0,0.0,0.0,,0.0,,0.0,0.0,0.0,0.0,0.0,571657
FF,4-Seam Fastball,FB,135,21.88,36,33,11,30.56,3,8.33,71,16,22.54,11.85,20,14.81,26.67,31.67,22.11,25.0,0.182,0.25,0.303,0.5529999999999999,0.121,571771
SL,Slider,BR,134,21.72,30,29,6,20.0,1,3.33,75,27,36.0,20.15,12,8.96,29.1,35.21,21.61,13.95,0.241,0.267,0.345,0.612,0.1039999999999999,571771
SI,Sinker,FB,117,18.96,30,28,6,20.0,2,6.67,59,15,25.42,12.82,26,22.22,35.04,34.69,11.06,27.27,0.107,0.167,0.25,0.417,0.143,571771
ST,Sweeper,BR,80,12.97,16,15,5,31.25,0,0.0,32,11,34.38,13.75,9,11.25,25.0,25.0,13.07,19.23,0.2,0.2,0.2,0.4,0.0,571771
CU,Curveball,BR,51,8.27,10,10,5,50.0,0,0.0,26,12,46.15,23.53,9,17.65,41.18,42.31,12.56,20.0,0.1,0.1,0.1,0.2,0.0,571771
FC,Cutter,FB,35,5.67,6,4,2,33.33,1,16.67,14,4,28.57,11.43,11,31.43,42.86,30.77,5.03,20.0,0.5,0.5,1.25,1.75,0.75,571771
CH,Changeup,OS,24,3.89,8,8,4,50.0,0,0.0,15,5,33.33,20.83,1,4.17,25.0,42.86,6.53,30.77,0.375,0.375,0.5,0.875,0.125,571771
FS,Split-Finger,OS,16,2.59,5,5,4,80.0,0,0.0,9,4,44.44,25.0,2,12.5,37.5,50.0,4.02,50.0,0.0,0.0,0.0,0.0,0.0,571771
KC,Knuckle Curve,BR,14,2.27,4,4,1,25.0,0,0.0,11,3,27.27,21.43,1,7.14,28.57,60.0,4.02,12.5,0.25,0.25,1.0,1.25,0.75,571771
FA,Other,,9,1.46,3,2,0,0.0,1,33.33,3,0,0.0,0.0,0,0.0,0.0,0.0,0.0,,1.0,1.0,1.0,2.0,0.0,571771
EP,Eephus,,2,0.32,0,0,0,,0,,0,0,,0.0,0,0.0,0.0,0.0,0.0,,,,,,,571771
FF,4-Seam Fastball,FB,35,26.32,11,10,4,36.36,1,9.09,14,6,42.86,17.14,5,14.29,31.43,13.33,30.77,50.0,0.2,0.273,0.5,0.773,0.3,571912
SI,Sinker,FB,29,21.8,8,6,0,0.0,2,25.0,12,0,0.0,0.0,6,20.69,20.69,15.38,11.54,0.0,0.0,0.25,0.0,0.25,0.0,571912
SL,Slider,BR,24,18.05,5,4,1,20.0,1,20.0,7,2,28.57,8.33,6,25.0,33.33,8.33,11.54,33.33,0.25,0.4,0.25,0.65,0.0,571912
ST,Sweeper,BR,13,9.77,1,1,0,0.0,0,0.0,4,0,0.0,0.0,2,15.38,15.38,12.5,19.23,0.0,1.0,1.0,1.0,2.0,0.0,571912
FC,Cutter,FB,11,8.27,4,3,0,0.0,1,25.0,5,2,40.0,18.18,2,18.18,36.36,50.0,7.69,0.0,0.0,0.25,0.0,0.25,0.0,571912
CH,Changeup,OS,6,4.51,1,1,1,100.0,0,0.0,5,2,40.0,33.33,0,0.0,33.33,50.0,3.85,100.0,0.0,0.0,0.0,0.0,0.0,571912
CU,Curveball,BR,6,4.51,1,1,0,0.0,0,0.0,1,0,0.0,0.0,1,16.67,16.67,0.0,11.54,0.0,1.0,1.0,1.0,2.0,0.0,571912
FS,Split-Finger,OS,3,2.26,1,1,1,100.0,0,0.0,1,1,100.0,33.33,1,33.33,66.67,50.0,3.85,100.0,0.0,0.0,0.0,0.0,0.0,571912
FA,Other,,3,2.26,1,1,0,0.0,0,0.0,2,0,0.0,0.0,0,0.0,0.0,0.0,0.0,,1.0,1.0,1.0,2.0,0.0,571912
EP,Eephus,,2,1.5,2,2,0,0.0,0,0.0,2,0,0.0,0.0,0,0.0,0.0,100.0,0.0,,1.0,1.0,1.5,2.5,0.5,571912
KC,Knuckle Curve,BR,1,0.75,0,0,0,,0,,0,0,,0.0,0,0.0,0.0,0.0,0.0,,,,,,,571912
FF,4-Seam Fastball,FB,387,29.25,94,69,15,15.96,23,24.47,181,25,13.81,6.46,55,14.21,20.67,20.94,29.46,12.28,0.333,0.5,0.739,1.239,0.4059999999999999,571970
SL,Slider,BR,166,12.55,35,28,13,37.14,5,14.29,59,18,30.51,10.84,32,19.28,30.12,16.47,11.63,28.89,0.143,0.314,0.143,0.4569999999999999,0.0,571970
CU,Curveball,BR,159,12.02,26,23,8,30.77,2,7.69,51,15,29.41,9.43,31,19.5,28.93,11.76,14.99,13.79,0.174,0.231,0.304,0.535,0.13,571970
CH,Changeup,OS,155,11.72,42,34,10,23.81,8,19.05,71,28,39.44,18.06,15,9.68,27.74,33.33,14.47,17.86,0.294,0.429,0.588,1.017,0.294,571970
FC,Cutter,FB,138,10.43,33,26,2,6.06,6,18.18,64,9,14.06,6.52,22,15.94,22.46,14.52,5.43,9.52,0.231,0.364,0.269,0.633,0.038,571970
SI,Sinker,FB,109,8.24,32,24,2,6.25,8,25.0,41,4,9.76,3.67,23,21.1,24.77,6.12,6.46,8.0,0.333,0.5,0.667,1.167,0.334,571970
ST,Sweeper,BR,90,6.8,17,15,4,23.53,1,5.88,31,9,29.03,10.0,16,17.78,27.78,20.41,6.2,16.67,0.333,0.412,0.667,1.079,0.334,571970
KC,Knuckle Curve,BR,52,3.93,9,8,2,22.22,1,11.11,22,5,22.73,9.62,10,19.23,28.85,18.18,5.17,10.0,0.25,0.333,0.375,0.708,0.125,571970
FS,Split-Finger,OS,41,3.1,12,12,4,33.33,0,0.0,23,9,39.13,21.95,0,0.0,21.95,26.09,4.91,21.05,0.25,0.25,0.583,0.833,0.3329999999999999,571970
,,,9,0.68,2,0,0,0.0,2,100.0,0,0,,0.0,0,0.0,0.0,,0.0,,,1.0,,,,571970
FA,Other,,5,0.38,3,2,0,0.0,0,0.0,5,0,0.0,0.0,0,0.0,0.0,100.0,0.26,0.0,0.0,0.0,0.0,0.0,0.0,571970
SV,Slurve,BR,5,0.38,2,2,1,50.0,0,0.0,4,1,25.0,20.0,0,0.0,20.0,0.0,1.03,25.0,0.0,0.0,0.0,0.0,0.0,571970
EP,Eephus,,3,0.23,0,0,0,,0,,0,0,,0.0,0,0.0,0.0,0.0,0.0,,,,,,,571970
FO,Forkball,OS,3,0.23,1,0,0,0.0,1,100.0,1,1,100.0,33.33,0,0.0,33.33,0.0,0.0,,,1.0,,,,571970
CS,Slow Curve,BR,1,0.08,0,0,0,,0,,0,0,,0.0,0,0.0,0.0,0.0,0.0,,,,,,,571970
SL,Slider,BR,6,30.0,1,1,0,0.0,0,0.0,3,0,0.0,0.0,1,16.67,16.67,0.0,60.0,0.0,0.0,0.0,0.0,0.0,0.0,572138
ST,Sweeper,BR,5,25.0,1,1,0,0.0,0,0.0,3,1,33.33,20.0,2,40.0,60.0,100.0,0.0,,0.0,0.0,0.0,0.0,0.0,572138
FF,4-Seam Fastball,FB,3,15.0,2,2,1,50.0,0,0.0,2,1,50.0,33.33,0,0.0,33.33,0.0,20.0,100.0,0.0,0.0,0.0,0.0,0.0,572138
CH,Changeup,OS,2,10.0,1,1,0,0.0,0,0.0,1,0,0.0,0.0,0,0.0,0.0,0.0,20.0,0.0,0.0,0.0,0.0,0.0,0.0,572138
FC,Cutter,FB,2,10.0,1,1,0,0.0,0,0.0,1,0,0.0,0.0,0,0.0,0.0,0.0,0.0,,0.0,0.0,0.0,0.0,0.0,572138
SI,Sinker,FB,2,10.0,1,1,0,0.0,0,0.0,1,0,0.0,0.0,0,0.0,0.0,0.0,0.0,,1.0,1.0,1.0,2.0,0.0,572138
FF,4-Seam Fastball,FB,193,26.47,54,49,17,31.48,4,7.41,104,31,29.81,16.06,29,15.03,31.09,21.74,28.1,25.0,0.122,0.204,0.245,0.4489999999999999,0.123,572191
SI,Sinker,FB,139,19.07,35,30,8,22.86,4,11.43,66,14,21.21,10.07,30,21.58,31.65,31.15,13.22,25.0,0.2,0.294,0.333,0.627,0.133,572191
SL,Slider,BR,123,16.87,33,29,11,33.33,4,12.12,58,28,48.28,22.76,27,21.95,44.72,34.43,15.29,29.73,0.172,0.273,0.276,0.549,0.104,572191
ST,Sweeper,BR,93,12.76,18,16,7,38.89,2,11.11,44,27,61.36,29.03,11,11.83,40.86,37.1,16.53,17.5,0.125,0.222,0.188,0.41,0.063,572191
CH,Changeup,OS,56,7.68,14,11,6,42.86,3,21.43,28,14,50.0,25.0,5,8.93,33.93,33.33,9.09,27.27,0.091,0.286,0.091,0.377,0.0,572191
FC,Cutter,FB,45,6.17,10,9,1,10.0,1,10.0,21,7,33.33,15.56,6,13.33,28.89,24.0,4.13,10.0,0.667,0.7,0.778,1.478,0.1109999999999999,572191
CU,Curveball,BR,41,5.62,12,11,5,41.67,1,8.33,16,5,31.25,12.2,7,17.07,29.27,20.83,6.61,31.25,0.182,0.25,0.273,0.523,0.091,572191
FS,Split-Finger,OS,20,2.74,6,5,2,33.33,0,0.0,9,2,22.22,10.0,1,5.0,15.0,23.08,4.96,16.67,0.4,0.4,1.0,1.4,0.6,572191
SV,Slurve,BR,8,1.1,2,2,2,100.0,0,0.0,3,1,33.33,12.5,3,37.5,50.0,33.33,0.83,100.0,0.0,0.0,0.0,0.0,0.0,572191
KC,Knuckle Curve,BR,5,0.69,0,0,0,,0,,0,0,,0.0,2,40.0,40.0,0.0,0.83,0.0,,,,,,572191
FA,Other,,3,0.41,1,1,0,0.0,0,0.0,2,0,0.0,0.0,1,33.33,33.33,100.0,0.41,0.0,0.0,0.0,0.0,0.0,0.0,572191
EP,Eephus,,3,0.41,1,1,0,0.0,0,0.0,1,0,0.0,0.0,0,0.0,0.0,0.0,0.0,,0.0,0.0,0.0,0.0,0.0,572191
FF,4-Seam Fastball,FB,637,31.99,142,127,49,34.51,14,9.86,354,113,31.92,17.74,85,13.34,31.08,24.71,36.32,21.59,0.205,0.289,0.409,0.698,0.204,572233
SI,Sinker,FB,362,18.18,120,109,16,13.33,7,5.83,193,30,15.54,8.29,56,15.47,23.76,29.03,11.2,22.86,0.312,0.375,0.459,0.8340000000000001,0.147,572233
SL,Slider,BR,334,16.78,74,71,22,29.73,3,4.05,163,68,41.72,20.36,34,10.18,30.54,31.19,16.8,20.95,0.211,0.243,0.423,0.6659999999999999,0.212,572233
FC,Cutter,FB,173,8.69,45,42,6,13.33,2,4.44,83,11,13.25,6.36,21,12.14,18.5,24.72,4.32,22.22,0.167,0.2,0.214,0.414,0.0469999999999999,572233
ST,Sweeper,BR,167,8.39,46,41,15,32.61,3,6.52,82,37,45.12,22.16,15,8.98,31.14,32.38,10.72,22.39,0.244,0.326,0.488,0.8140000000000001,0.244,572233
CU,Curveball,BR,127,6.38,30,27,15,50.0,2,6.67,60,34,56.67,26.77,13,10.24,37.01,27.27,7.84,30.61,0.222,0.3,0.519,0.819,0.297,572233
CH,Changeup,OS,97,4.87,25,24,8,32.0,0,0.0,52,14,26.92,14.43,9,9.28,23.71,26.53,6.72,19.05,0.208,0.2,0.542,0.742,0.3340000000000001,572233
FS,Split-Finger,OS,46,2.31,15,14,6,40.0,0,0.0,27,11,40.74,23.91,3,6.52,30.43,39.13,4.16,23.08,0.286,0.333,0.571,0.904,0.285,572233
KC,Knuckle Curve,BR,35,1.76,7,6,4,57.14,1,14.29,12,8,66.67,22.86,6,17.14,40.0,32.0,1.44,44.44,0.167,0.286,0.167,0.4529999999999999,0.0,572233
SV,Slurve,BR,5,0.25,1,1,1,100.0,0,0.0,2,1,50.0,20.0,0,0.0,20.0,25.0,0.16,100.0,0.0,0.0,0.0,0.0,0.0,572233
EP,Eephus,,3,0.15,2,2,0,0.0,0,0.0,2,0,0.0,0.0,1,33.33,33.33,50.0,0.0,,0.5,0.5,0.5,1.0,0.0,572233
CS,Slow Curve,BR,2,0.1,0,0,0,,0,,1,0,0.0,0.0,1,50.0,50.0,,0.0,,,,,,,572233
,,,2,0.1,0,0,0,,0,,0,0,,0.0,0,0.0,0.0,,0.32,0.0,,,,,,572233
FA,Other,,1,0.05,0,0,0,,0,,0,0,,0.0,0,0.0,0.0,0.0,0.0,,,,,,,572233
FF,4-Seam Fastball,FB,787,41.16,194,166,36,18.56,25,12.89,331,58,17.52,7.37,159,20.2,27.57,13.1,37.18,16.2,0.217,0.316,0.422,0.738,0.205,573262
CH,Changeup,OS,207,10.83,50,48,5,10.0,2,4.0,91,18,19.78,8.7,15,7.25,15.94,28.68,11.36,7.58,0.312,0.34,0.542,0.8820000000000001,0.23,573262
SL,Slider,BR,176,9.21,41,36,7,17.07,5,12.2,73,10,13.7,5.68,35,19.89,25.57,30.0,10.5,11.48,0.25,0.341,0.417,0.758,0.1669999999999999,573262
FC,Cutter,FB,175,9.15,35,25,7,20.0,10,28.57,77,16,20.78,9.14,39,22.29,31.43,19.48,7.23,14.29,0.28,0.486,0.36,0.846,0.0799999999999999,573262
SI,Sinker,FB,166,8.68,46,34,12,26.09,12,26.09,63,13,20.63,7.83,34,20.48,28.31,18.99,8.61,24.0,0.206,0.413,0.382,0.7949999999999999,0.176,573262
CU,Curveball,BR,161,8.42,30,26,6,20.0,2,6.67,60,10,16.67,6.21,36,22.36,28.57,29.67,8.95,11.54,0.269,0.3,0.308,0.608,0.0389999999999999,573262
FS,Split-Finger,OS,87,4.55,29,26,8,27.59,3,10.34,41,11,26.83,12.64,3,3.45,16.09,30.36,8.61,16.0,0.269,0.345,0.462,0.8069999999999999,0.193,573262
ST,Sweeper,BR,63,3.29,13,10,1,7.69,2,15.38,14,0,0.0,0.0,13,20.63,20.63,5.71,2.93,5.88,0.6,0.692,1.1,1.792,0.5000000000000001,573262
KC,Knuckle Curve,BR,60,3.14,8,8,4,50.0,0,0.0,23,5,21.74,8.33,12,20.0,28.33,30.56,4.3,16.0,0.375,0.375,0.625,1.0,0.25,573262
,,,16,0.84,4,0,0,0.0,4,100.0,0,0,,0.0,0,0.0,0.0,,0.0,,,1.0,,,,573262
SV,Slurve,BR,7,0.37,1,1,0,0.0,0,0.0,2,0,0.0,0.0,3,42.86,42.86,0.0,0.17,0.0,0.0,0.0,0.0,0.0,0.0,573262
FA,Other,,4,0.21,2,2,0,0.0,0,0.0,2,0,0.0,0.0,1,25.0,25.0,0.0,0.0,,0.5,0.5,1.0,1.5,0.5,573262
FO,Forkball,OS,3,0.16,1,1,0,0.0,0,0.0,1,0,0.0,0.0,0,0.0,0.0,0.0,0.17,0.0,0.0,0.0,0.0,0.0,0.0,573262
FF,4-Seam Fastball,FB,463,29.08,118,92,34,28.81,15,12.71,203,46,22.66,9.94,83,17.93,27.86,17.35,30.71,22.37,0.261,0.407,0.5,0.907,0.239,575929
SI,Sinker,FB,332,20.85,80,72,7,8.75,4,5.0,154,18,11.69,5.42,71,21.39,26.81,22.56,12.53,11.29,0.292,0.362,0.389,0.751,0.097,575929
SL,Slider,BR,314,19.72,88,80,21,23.86,6,6.82,174,65,37.36,20.7,41,13.06,33.76,42.26,20.61,20.59,0.288,0.341,0.425,0.766,0.137,575929
ST,Sweeper,BR,175,10.99,53,53,17,32.08,0,0.0,100,42,42.0,24.0,15,8.57,32.57,41.0,14.34,23.94,0.208,0.208,0.472,0.6799999999999999,0.264,575929
FC,Cutter,FB,82,5.15,19,17,6,31.58,1,5.26,47,14,29.79,17.07,12,14.63,31.71,40.54,3.64,33.33,0.235,0.316,0.294,0.61,0.059,575929
CH,Changeup,OS,78,4.9,22,22,5,22.73,0,0.0,46,14,30.43,17.95,7,8.97,26.92,47.83,6.06,16.67,0.227,0.227,0.636,0.863,0.409,575929
CU,Curveball,BR,59,3.71,18,15,7,38.89,1,5.56,27,13,48.15,22.03,10,16.95,38.98,32.35,4.65,30.43,0.133,0.278,0.267,0.545,0.134,575929
FS,Split-Finger,OS,53,3.33,10,7,4,40.0,0,0.0,28,13,46.43,24.53,6,11.32,35.85,41.38,3.43,23.53,0.143,0.333,0.143,0.476,0.0,575929
KC,Knuckle Curve,BR,20,1.26,6,6,4,66.67,0,0.0,7,4,57.14,20.0,2,10.0,30.0,21.43,2.42,33.33,0.167,0.167,0.333,0.5,0.166,575929
SV,Slurve,BR,14,0.88,4,3,1,25.0,1,25.0,8,3,37.5,21.43,1,7.14,28.57,44.44,1.62,12.5,0.0,0.25,0.0,0.25,0.0,575929
UN,Unknown,,1,0.06,0,0,0,,0,,0,0,,0.0,0,0.0,0.0,,0.0,,,,,,,575929
,,,1,0.06,0,0,0,,0,,0,0,,0.0,0,0.0,0.0,,0.0,,,,,,,575929
FF,4-Seam Fastball,FB,263,33.08,57,53,7,12.28,3,5.26,110,11,10.0,4.18,72,27.38,31.56,31.45,33.79,9.46,0.226,0.281,0.358,0.639,0.1319999999999999,578428
SI,Sinker,FB,209,26.29,52,45,4,7.69,2,3.85,81,7,8.64,3.35,74,35.41,38.76,32.91,13.24,13.79,0.222,0.314,0.222,0.536,0.0,578428
SL,Slider,BR,118,14.84,37,33,5,13.51,3,8.11,59,15,25.42,12.71,17,14.41,27.12,37.88,16.44,13.89,0.212,0.27,0.212,0.482,0.0,578428
ST,Sweeper,BR,96,12.08,31,30,8,25.81,0,0.0,51,12,23.53,12.5,16,16.67,29.17,46.43,18.26,20.0,0.333,0.333,0.333,0.666,0.0,578428
FC,Cutter,FB,43,5.41,6,4,1,16.67,1,16.67,11,4,36.36,9.3,14,32.56,41.86,14.29,3.2,14.29,0.0,0.167,0.0,0.167,0.0,578428
CU,Curveball,BR,22,2.77,10,9,2,20.0,1,10.0,11,1,9.09,4.55,4,18.18,22.73,33.33,6.85,13.33,0.222,0.3,0.222,0.522,0.0,578428
KC,Knuckle Curve,BR,16,2.01,6,5,1,16.67,0,0.0,8,2,25.0,12.5,6,37.5,50.0,60.0,3.2,14.29,0.2,0.333,0.2,0.533,0.0,578428
FS,Split-Finger,OS,15,1.89,6,6,1,16.67,0,0.0,11,2,18.18,13.33,1,6.67,20.0,40.0,4.11,11.11,0.0,0.0,0.0,0.0,0.0,578428
CH,Changeup,OS,13,1.64,1,1,0,0.0,0,0.0,5,3,60.0,23.08,1,7.69,30.77,36.36,0.91,0.0,0.0,0.0,0.0,0.0,0.0,578428
FF,4-Seam Fastball,FB,32,27.12,12,11,2,16.67,1,8.33,17,3,17.65,9.38,5,15.62,25.0,31.25,34.88,13.33,0.273,0.333,0.364,0.6970000000000001,0.0909999999999999,592178
ST,Sweeper,BR,27,22.88,4,4,2,50.0,0,0.0,13,6,46.15,22.22,3,11.11,33.33,25.0,18.6,25.0,0.25,0.25,0.25,0.5,0.0,592178
SL,Slider,BR,20,16.95,2,2,1,50.0,0,0.0,11,4,36.36,20.0,3,15.0,35.0,50.0,13.95,16.67,0.0,0.0,0.0,0.0,0.0,592178
SI,Sinker,FB,17,14.41,3,3,0,0.0,0,0.0,6,1,16.67,5.88,3,17.65,23.53,0.0,6.98,0.0,0.333,0.333,0.333,0.666,0.0,592178
FS,Split-Finger,OS,9,7.63,3,3,2,66.67,0,0.0,6,3,50.0,33.33,1,11.11,44.44,33.33,16.28,28.57,0.0,0.0,0.0,0.0,0.0,592178
CH,Changeup,OS,5,4.24,1,1,1,100.0,0,0.0,3,3,100.0,60.0,0,0.0,60.0,33.33,4.65,50.0,0.0,0.0,0.0,0.0,0.0,592178
FC,Cutter,FB,5,4.24,2,2,0,0.0,0,0.0,2,0,0.0,0.0,2,40.0,40.0,0.0,0.0,,0.0,0.0,0.0,0.0,0.0,592178
CU,Curveball,BR,3,2.54,1,1,1,100.0,0,0.0,1,1,100.0,33.33,1,33.33,66.67,50.0,4.65,50.0,0.0,0.0,0.0,0.0,0.0,592178
FF,4-Seam Fastball,FB,74,30.96,20,16,4,20.0,3,15.0,38,12,31.58,16.22,11,14.86,31.08,19.35,23.94,23.53,0.188,0.3,0.188,0.488,0.0,592192
SL,Slider,BR,44,18.41,9,8,1,11.11,0,0.0,15,5,33.33,11.36,7,15.91,27.27,21.43,23.94,5.88,0.0,0.111,0.0,0.111,0.0,592192
SI,Sinker,FB,39,16.32,12,10,1,8.33,1,8.33,18,2,11.11,5.13,9,23.08,28.21,25.0,9.86,14.29,0.2,0.273,0.2,0.473,0.0,592192
ST,Sweeper,BR,35,14.64,5,5,2,40.0,0,0.0,11,5,45.45,14.29,7,20.0,34.29,28.57,14.08,20.0,0.0,0.0,0.0,0.0,0.0,592192
FC,Cutter,FB,21,8.79,5,5,2,40.0,0,0.0,11,5,45.45,23.81,6,28.57,52.38,42.86,11.27,25.0,0.2,0.2,0.2,0.4,0.0,592192
CH,Changeup,OS,13,5.44,3,3,1,33.33,0,0.0,7,2,28.57,15.38,2,15.38,30.77,42.86,7.04,20.0,0.667,0.667,1.0,1.667,0.3329999999999999,592192
KC,Knuckle Curve,BR,6,2.51,1,1,1,100.0,0,0.0,1,1,100.0,16.67,1,16.67,33.33,20.0,4.23,33.33,0.0,0.0,0.0,0.0,0.0,592192
FS,Split-Finger,OS,3,1.26,2,2,0,0.0,0,0.0,3,0,0.0,0.0,0,0.0,0.0,,2.82,0.0,0.5,0.5,0.5,1.0,0.0,592192
CU,Curveball,BR,2,0.84,0,0,0,,0,,0,0,,0.0,1,50.0,50.0,0.0,1.41,0.0,,,,,,592192
SV,Slurve,BR,2,0.84,0,0,0,,0,,1,0,0.0,0.0,0,0.0,0.0,0.0,1.41,0.0,,,,,,592192
SL,Slider,BR,392,26.85,101,94,25,24.75,6,5.94,220,87,39.55,22.19,29,7.4,29.59,41.87,26.49,20.83,0.202,0.248,0.309,0.5569999999999999,0.1069999999999999,592206
FF,4-Seam Fastball,FB,318,21.78,82,74,22,26.83,6,7.32,173,41,23.7,12.89,53,16.67,29.56,27.56,21.63,22.45,0.284,0.346,0.405,0.751,0.121,592206
SI,Sinker,FB,212,14.52,73,68,6,8.22,4,5.48,122,14,11.48,6.6,24,11.32,17.92,38.32,9.93,13.33,0.279,0.315,0.441,0.756,0.1619999999999999,592206
ST,Sweeper,BR,191,13.08,56,56,5,8.93,0,0.0,121,33,27.27,17.28,11,5.76,23.04,48.62,16.34,6.76,0.268,0.268,0.536,0.804,0.268,592206
FC,Cutter,FB,93,6.37,26,24,4,15.38,0,0.0,58,14,24.14,15.05,9,9.68,24.73,31.71,4.42,20.0,0.333,0.308,0.417,0.725,0.0839999999999999,592206
CU,Curveball,BR,85,5.82,20,17,4,20.0,2,10.0,44,16,36.36,18.82,8,9.41,28.24,36.54,7.73,11.43,0.118,0.25,0.294,0.544,0.176,592206
CH,Changeup,OS,59,4.04,13,13,7,53.85,0,0.0,39,16,41.03,27.12,0,0.0,27.12,53.49,5.96,25.93,0.154,0.154,0.154,0.308,0.0,592206
KC,Knuckle Curve,BR,46,3.15,13,12,6,46.15,1,7.69,29,17,58.62,36.96,1,2.17,39.13,46.43,3.75,35.29,0.333,0.385,0.583,0.968,0.2499999999999999,592206
FS,Split-Finger,OS,43,2.95,11,10,3,27.27,1,9.09,25,7,28.0,16.28,3,6.98,23.26,44.0,3.09,21.43,0.4,0.455,0.5,0.955,0.0999999999999999,592206
KN,Knuckleball,,9,0.62,3,2,1,33.33,1,33.33,4,1,25.0,11.11,1,11.11,22.22,20.0,0.22,100.0,0.5,0.667,2.0,2.667,1.5,592206
SV,Slurve,BR,6,0.41,2,2,0,0.0,0,0.0,3,1,33.33,16.67,0,0.0,16.67,50.0,0.0,,0.0,0.0,0.0,0.0,0.0,592206
FO,Forkball,OS,5,0.34,1,1,1,100.0,0,0.0,2,2,100.0,40.0,1,20.0,60.0,50.0,0.44,50.0,0.0,0.0,0.0,0.0,0.0,592206
FA,Other,,1,0.07,1,1,0,0.0,0,0.0,1,0,0.0,0.0,0,0.0,0.0,,0.0,,0.0,0.0,0.0,0.0,0.0,592206
FF,4-Seam Fastball,FB,492,23.32,119,98,31,26.05,19,15.97,237,67,28.27,13.62,72,14.63,28.25,15.69,25.73,18.87,0.357,0.462,0.878,1.34,0.521,592450
SL,Slider,BR,432,20.47,92,79,25,27.17,12,13.04,191,87,45.55,20.14,65,15.05,35.19,27.76,20.39,19.84,0.266,0.359,0.443,0.802,0.177,592450
SI,Sinker,FB,316,14.98,100,87,10,10.0,11,11.0,140,18,12.86,5.7,56,17.72,23.42,20.39,9.22,17.54,0.46,0.53,0.69,1.22,0.2299999999999999,592450
ST,Sweeper,BR,242,11.47,45,35,10,22.22,8,17.78,83,32,38.55,13.22,44,18.18,31.4,18.57,13.43,10.84,0.343,0.467,0.8,1.267,0.457,592450
CH,Changeup,OS,173,8.2,45,36,11,24.44,8,17.78,73,27,36.99,15.61,19,10.98,26.59,19.8,9.55,18.64,0.278,0.422,0.556,0.978,0.278,592450
FC,Cutter,FB,163,7.73,43,30,7,16.28,10,23.26,66,18,27.27,11.04,27,16.56,27.61,15.48,4.69,24.14,0.433,0.535,1.0,1.535,0.567,592450
CU,Curveball,BR,98,4.64,19,14,6,31.58,3,15.79,34,18,52.94,18.37,13,13.27,31.63,25.35,6.8,14.29,0.071,0.316,0.286,0.602,0.2149999999999999,592450
FS,Split-Finger,OS,96,4.55,28,26,16,57.14,2,7.14,50,27,54.0,28.12,6,6.25,34.38,35.0,6.8,38.1,0.077,0.143,0.192,0.3349999999999999,0.115,592450
,,,49,2.32,14,0,0,0.0,14,100.0,0,0,,0.0,0,0.0,0.0,,0.0,,,1.0,,,,592450
KC,Knuckle Curve,BR,30,1.42,10,10,6,60.0,0,0.0,16,9,56.25,30.0,6,20.0,50.0,52.94,1.94,50.0,0.2,0.2,0.5,0.7,0.3,592450
SV,Slurve,BR,17,0.81,3,3,1,33.33,0,0.0,7,2,28.57,11.76,2,11.76,23.53,25.0,1.29,12.5,0.333,0.333,0.667,1.0,0.334,592450
CS,Slow Curve,BR,2,0.09,0,0,0,,0,,0,0,,0.0,1,50.0,50.0,0.0,0.16,0.0,,,,,,592450
FF,4-Seam Fastball,FB,564,29.04,125,107,30,24.0,15,12.0,298,77,25.84,13.65,87,15.43,29.08,24.77,32.96,14.49,0.234,0.331,0.458,0.789,0.224,592518
SI,Sinker,FB,354,18.23,99,94,13,13.13,5,5.05,170,23,13.53,6.5,69,19.49,25.99,27.85,11.46,16.67,0.394,0.424,0.532,0.956,0.138,592518
SL,Slider,BR,345,17.77,101,92,20,19.8,8,7.92,170,58,34.12,16.81,42,12.17,28.99,33.68,18.31,16.52,0.272,0.327,0.38,0.7070000000000001,0.1079999999999999,592518
ST,Sweeper,BR,215,11.07,51,49,5,9.8,1,1.96,102,23,22.55,10.7,24,11.16,21.86,32.59,11.46,6.94,0.265,0.275,0.49,0.765,0.2249999999999999,592518
FC,Cutter,FB,132,6.8,25,24,4,16.0,1,4.0,64,20,31.25,15.15,24,18.18,33.33,28.99,3.82,16.67,0.292,0.32,0.417,0.737,0.125,592518
CH,Changeup,OS,122,6.28,43,40,10,23.26,3,6.98,64,19,29.69,15.57,6,4.92,20.49,32.0,8.92,17.86,0.25,0.302,0.45,0.752,0.2,592518
CU,Curveball,BR,94,4.84,15,15,6,40.0,0,0.0,42,13,30.95,13.83,9,9.57,23.4,27.87,6.05,15.79,0.267,0.267,0.533,0.8,0.266,592518
FS,Split-Finger,OS,57,2.94,16,15,6,37.5,0,0.0,38,15,39.47,26.32,3,5.26,31.58,55.56,4.62,20.69,0.067,0.125,0.067,0.192,0.0,592518
KC,Knuckle Curve,BR,40,2.06,13,13,1,7.69,0,0.0,19,3,15.79,7.5,6,15.0,22.5,31.82,1.91,8.33,0.385,0.385,0.462,0.847,0.077,592518
SV,Slurve,BR,9,0.46,1,1,0,0.0,0,0.0,5,2,40.0,22.22,1,11.11,33.33,50.0,0.16,0.0,0.0,0.0,0.0,0.0,0.0,592518
CS,Slow Curve,BR,5,0.26,1,1,0,0.0,0,0.0,3,1,33.33,20.0,0,0.0,20.0,33.33,0.16,0.0,1.0,1.0,1.0,2.0,0.0,592518
,,,5,0.26,2,0,0,0.0,2,100.0,0,0,,0.0,0,0.0,0.0,,0.16,0.0,,1.0,,,,592518
FF,4-Seam Fastball,FB,418,36.28,104,91,16,15.38,10,9.62,208,44,21.15,10.53,62,14.83,25.36,23.78,34.36,14.29,0.143,0.25,0.341,0.591,0.198,592626
CH,Changeup,OS,163,14.15,41,39,10,24.39,2,4.88,73,20,27.4,12.27,19,11.66,23.93,32.08,13.8,22.22,0.205,0.244,0.359,0.603,0.154,592626
SL,Slider,BR,133,11.55,34,29,8,23.53,4,11.76,66,20,30.3,15.04,23,17.29,32.33,36.76,12.27,20.0,0.138,0.265,0.138,0.403,0.0,592626
SI,Sinker,FB,119,10.33,35,29,7,20.0,5,14.29,49,5,10.2,4.2,31,26.05,30.25,25.86,10.12,21.21,0.241,0.343,0.414,0.757,0.173,592626
CU,Curveball,BR,90,7.81,24,21,7,29.17,3,12.5,35,13,37.14,14.44,15,16.67,31.11,30.51,9.82,21.88,0.095,0.208,0.095,0.303,0.0,592626
FC,Cutter,FB,83,7.2,19,16,2,10.53,1,5.26,40,10,25.0,12.05,7,8.43,20.48,12.5,4.91,12.5,0.25,0.333,0.438,0.771,0.188,592626
ST,Sweeper,BR,53,4.6,8,5,0,0.0,3,37.5,19,6,31.58,11.32,7,13.21,24.53,27.27,3.68,0.0,0.6,0.75,1.2,1.95,0.6,592626
FS,Split-Finger,OS,48,4.17,11,11,6,54.55,0,0.0,22,11,50.0,22.92,4,8.33,31.25,25.81,6.75,27.27,0.273,0.273,0.273,0.546,0.0,592626
KC,Knuckle Curve,BR,34,2.95,7,7,3,42.86,0,0.0,12,5,41.67,14.71,10,29.41,44.12,38.89,3.37,27.27,0.143,0.143,0.143,0.286,0.0,592626
FA,Other,,3,0.26,1,1,1,100.0,0,0.0,3,1,33.33,33.33,0,0.0,33.33,100.0,0.31,100.0,0.0,0.0,0.0,0.0,0.0,592626
EP,Eephus,,2,0.17,1,1,0,0.0,0,0.0,1,0,0.0,0.0,1,50.0,50.0,,0.0,,0.0,0.0,0.0,0.0,0.0,592626
CS,Slow Curve,BR,2,0.17,0,0,0,,0,,0,0,,0.0,0,0.0,0.0,0.0,0.31,0.0,,,,,,592626
FO,Forkball,OS,2,0.17,1,1,1,100.0,0,0.0,1,1,100.0,50.0,1,50.0,100.0,100.0,0.31,100.0,0.0,0.0,0.0,0.0,0.0,592626
SV,Slurve,BR,2,0.17,1,1,0,0.0,0,0.0,1,0,0.0,0.0,1,50.0,50.0,,0.0,,0.0,0.0,0.0,0.0,0.0,592626
FF,4-Seam Fastball,FB,405,26.15,99,86,19,19.19,11,11.11,210,39,18.57,9.63,67,16.54,26.17,29.48,24.12,16.38,0.314,0.394,0.407,0.8009999999999999,0.0929999999999999,592663
SL,Slider,BR,340,21.95,79,73,22,27.85,6,7.59,153,46,30.07,13.53,47,13.82,27.35,29.08,25.99,17.6,0.247,0.304,0.356,0.6599999999999999,0.1089999999999999,592663
SI,Sinker,FB,280,18.08,85,77,7,8.24,3,3.53,150,16,10.67,5.71,50,17.86,23.57,30.25,8.32,17.5,0.312,0.365,0.481,0.846,0.1689999999999999,592663
FC,Cutter,FB,128,8.26,25,23,5,20.0,2,8.0,54,15,27.78,11.72,20,15.62,27.34,22.73,5.82,17.86,0.174,0.24,0.217,0.4569999999999999,0.043,592663
ST,Sweeper,BR,113,7.3,31,28,10,32.26,2,6.45,53,19,35.85,16.81,16,14.16,30.97,39.73,11.02,18.87,0.393,0.419,0.643,1.062,0.25,592663
CH,Changeup,OS,93,6.0,25,23,9,36.0,1,4.0,55,21,38.18,22.58,6,6.45,29.03,49.18,8.32,22.5,0.174,0.24,0.478,0.718,0.304,592663
CU,Curveball,BR,71,4.58,16,15,4,25.0,1,6.25,26,7,26.92,9.86,17,23.94,33.8,27.03,5.61,14.81,0.133,0.188,0.133,0.321,0.0,592663
FS,Split-Finger,OS,59,3.81,14,13,7,50.0,0,0.0,36,12,33.33,20.34,1,1.69,22.03,47.62,7.07,20.59,0.231,0.231,0.308,0.539,0.0769999999999999,592663
KC,Knuckle Curve,BR,31,2.0,5,5,2,40.0,0,0.0,16,5,31.25,16.13,5,16.13,32.26,45.0,2.08,20.0,0.2,0.2,0.2,0.4,0.0,592663
SV,Slurve,BR,10,0.65,2,2,0,0.0,0,0.0,6,2,33.33,20.0,1,10.0,30.0,57.14,0.62,0.0,1.0,1.0,1.0,2.0,0.0,592663
FO,Forkball,OS,8,0.52,2,1,1,50.0,0,0.0,2,1,50.0,12.5,1,12.5,25.0,16.67,0.83,25.0,0.0,0.5,0.0,0.5,0.0,592663
KN,Knuckleball,,7,0.45,1,1,0,0.0,0,0.0,1,0,0.0,0.0,2,28.57,28.57,0.0,0.21,0.0,0.0,0.0,0.0,0.0,0.0,592663
,,,3,0.19,0,0,0,,0,,0,0,,0.0,0,0.0,0.0,,0.0,,,,,,,592663
CS,Slow Curve,BR,1,0.06,0,0,0,,0,,0,0,,0.0,1,100.0,100.0,,0.0,,,,,,,592663
FF,4-Seam Fastball,FB,64,26.12,16,15,5,31.25,1,6.25,25,8,32.0,12.5,13,20.31,32.81,21.21,22.73,33.33,0.2,0.25,0.2,0.45,0.0,592669
SI,Sinker,FB,51,20.82,17,16,2,11.76,1,5.88,22,3,13.64,5.88,13,25.49,31.37,26.32,16.67,18.18,0.062,0.118,0.125,0.243,0.063,592669
SL,Slider,BR,42,17.14,14,13,4,28.57,1,7.14,19,8,42.11,19.05,6,14.29,33.33,24.0,18.18,33.33,0.154,0.214,0.231,0.445,0.077,592669
ST,Sweeper,BR,39,15.92,6,5,0,0.0,1,16.67,15,5,33.33,12.82,5,12.82,25.64,33.33,18.18,0.0,0.2,0.333,0.4,0.7330000000000001,0.2,592669
CH,Changeup,OS,23,9.39,4,4,3,75.0,0,0.0,10,4,40.0,17.39,4,17.39,34.78,40.0,15.15,30.0,0.0,0.0,0.0,0.0,0.0,592669
FC,Cutter,FB,14,5.71,5,5,0,0.0,0,0.0,8,1,12.5,7.14,0,0.0,7.14,16.67,1.52,0.0,0.4,0.4,0.4,0.8,0.0,592669
CU,Curveball,BR,7,2.86,3,3,1,33.33,0,0.0,4,1,25.0,14.29,2,28.57,42.86,50.0,4.55,33.33,0.0,0.0,0.0,0.0,0.0,592669
FS,Split-Finger,OS,4,1.63,1,1,0,0.0,0,0.0,4,0,0.0,0.0,0,0.0,0.0,100.0,1.52,0.0,0.0,0.0,0.0,0.0,0.0,592669
KC,Knuckle Curve,BR,1,0.41,0,0,0,,0,,1,0,0.0,0.0,0,0.0,0.0,100.0,1.52,0.0,,,,,,592669
FF,4-Seam Fastball,FB,8,34.78,2,2,0,0.0,0,0.0,7,2,28.57,25.0,0,0.0,25.0,50.0,20.0,0.0,0.0,0.0,0.0,0.0,0.0,592696
FC,Cutter,FB,5,21.74,3,3,1,33.33,0,0.0,5,3,60.0,60.0,0,0.0,60.0,100.0,20.0,100.0,0.333,0.333,0.333,0.666,0.0,592696
CU,Curveball,BR,4,17.39,2,2,0,0.0,0,0.0,2,0,0.0,0.0,1,25.0,25.0,0.0,20.0,0.0,0.0,0.0,0.0,0.0,0.0,592696
FS,Split-Finger,OS,3,13.04,1,1,1,100.0,0,0.0,1,1,100.0,33.33,1,33.33,66.67,0.0,40.0,50.0,0.0,0.0,0.0,0.0,0.0,592696
SL,Slider,BR,2,8.7,0,0,0,,0,,0,0,,0.0,0,0.0,0.0,0.0,0.0,,,,,,,592696
CH,Changeup,OS,1,4.35,0,0,0,,0,,0,0,,0.0,0,0.0,0.0,0.0,0.0,,,,,,,592696
FF,4-Seam Fastball,FB,641,35.73,139,122,25,17.99,14,10.07,293,60,20.48,9.36,104,16.22,25.59,17.82,33.75,12.83,0.27,0.36,0.5,0.86,0.2299999999999999,592885
FC,Cutter,FB,232,12.93,62,52,5,8.06,9,14.52,108,28,25.93,12.07,37,15.95,28.02,24.07,8.66,10.42,0.269,0.377,0.442,0.819,0.173,592885
SL,Slider,BR,200,11.15,52,49,23,44.23,2,3.85,104,45,43.27,22.5,34,17.0,39.5,34.31,13.54,29.33,0.245,0.275,0.408,0.683,0.1629999999999999,592885
SI,Sinker,FB,183,10.2,42,34,9,21.43,8,19.05,69,10,14.49,5.46,33,18.03,23.5,12.09,9.39,17.31,0.324,0.452,0.618,1.07,0.294,592885
CH,Changeup,OS,167,9.31,43,39,8,18.6,4,9.3,76,21,27.63,12.57,19,11.38,23.95,30.84,11.37,12.7,0.333,0.395,0.692,1.087,0.3589999999999999,592885
CU,Curveball,BR,153,8.53,35,33,15,42.86,1,2.86,63,22,34.92,14.38,27,17.65,32.03,28.57,9.57,26.42,0.182,0.206,0.364,0.57,0.182,592885
ST,Sweeper,BR,80,4.46,27,24,9,33.33,3,11.11,42,16,38.1,20.0,11,13.75,33.75,35.71,5.78,28.12,0.333,0.407,0.583,0.99,0.2499999999999999,592885
FS,Split-Finger,OS,65,3.62,20,20,9,45.0,0,0.0,30,12,40.0,18.46,8,12.31,30.77,34.88,4.69,34.62,0.3,0.3,0.55,0.8500000000000001,0.25,592885
KC,Knuckle Curve,BR,42,2.34,10,9,4,40.0,1,10.0,19,10,52.63,23.81,7,16.67,40.48,41.38,2.17,33.33,0.111,0.2,0.444,0.644,0.333,592885
,,,14,0.78,5,0,0,0.0,5,100.0,0,0,,0.0,0,0.0,0.0,,0.0,,,1.0,,,,592885
SV,Slurve,BR,9,0.5,3,3,3,100.0,0,0.0,5,4,80.0,44.44,3,33.33,77.78,83.33,0.9,60.0,0.0,0.0,0.0,0.0,0.0,592885
FA,Other,,4,0.22,1,1,0,0.0,0,0.0,1,0,0.0,0.0,1,25.0,25.0,0.0,0.0,,1.0,1.0,1.0,2.0,0.0,592885
EP,Eephus,,3,0.17,1,1,0,0.0,0,0.0,2,0,0.0,0.0,1,33.33,33.33,50.0,0.18,0.0,1.0,1.0,1.0,2.0,0.0,592885
CS,Slow Curve,BR,1,0.06,0,0,0,,0,,1,1,100.0,100.0,0,0.0,100.0,100.0,0.0,,,,,,,592885
SI,Sinker,FB,382,25.95,94,86,15,15.96,5,5.32,146,20,13.7,5.24,118,30.89,36.13,22.89,14.87,25.86,0.233,0.28,0.267,0.547,0.034,593428
FF,4-Seam Fastball,FB,351,23.85,109,91,14,12.84,16,14.68,155,27,17.42,7.69,83,23.65,31.34,21.23,20.77,17.28,0.264,0.367,0.352,0.719,0.0879999999999999,593428
SL,Slider,BR,246,16.71,50,38,7,14.0,8,16.0,97,33,34.02,13.41,47,19.11,32.52,23.08,18.72,9.59,0.342,0.468,0.605,1.073,0.2629999999999999,593428
ST,Sweeper,BR,163,11.07,51,48,10,19.61,1,1.96,76,17,22.37,10.43,27,16.56,26.99,33.7,14.36,17.86,0.167,0.176,0.271,0.447,0.104,593428
CH,Changeup,OS,89,6.05,25,23,8,32.0,1,4.0,45,14,31.11,15.73,9,10.11,25.84,28.0,10.0,20.51,0.217,0.28,0.609,0.889,0.392,593428
FC,Cutter,FB,86,5.84,16,15,2,12.5,1,6.25,37,8,21.62,9.3,17,19.77,29.07,22.5,4.1,12.5,0.267,0.312,0.4,0.712,0.133,593428
CU,Curveball,BR,72,4.89,22,21,5,22.73,1,4.55,32,7,21.88,9.72,12,16.67,26.39,30.77,7.18,17.86,0.286,0.318,0.381,0.6990000000000001,0.095,593428
FS,Split-Finger,OS,42,2.85,8,7,3,37.5,0,0.0,19,8,42.11,19.05,2,4.76,23.81,19.23,5.38,14.29,0.429,0.5,0.857,1.357,0.428,593428
KC,Knuckle Curve,BR,33,2.24,7,5,3,42.86,1,14.29,11,5,45.45,15.15,5,15.15,30.3,27.27,3.85,20.0,0.0,0.167,0.0,0.167,0.0,593428
SV,Slurve,BR,6,0.41,2,2,1,50.0,0,0.0,2,1,50.0,16.67,0,0.0,16.67,0.0,0.77,33.33,0.0,0.0,0.0,0.0,0.0,593428
CS,Slow Curve,BR,2,0.14,1,1,0,0.0,0,0.0,1,0,0.0,0.0,1,50.0,50.0,,0.0,,1.0,1.0,1.0,2.0,0.0,593428
FF,4-Seam Fastball,FB,464,29.11,150,134,14,9.33,14,9.33,240,28,11.67,6.03,83,17.89,23.92,26.15,29.66,10.85,0.246,0.32,0.53,0.8500000000000001,0.284,593871
CH,Changeup,OS,278,17.44,70,64,9,12.86,3,4.29,132,45,34.09,16.19,27,9.71,25.9,28.14,20.23,10.23,0.266,0.3,0.453,0.753,0.187,593871
CU,Curveball,BR,169,10.6,23,22,7,30.43,1,4.35,43,14,32.56,8.28,43,25.44,33.73,14.14,8.28,19.44,0.136,0.174,0.364,0.538,0.2279999999999999,593871
SL,Slider,BR,158,9.91,34,34,8,23.53,0,0.0,72,21,29.17,13.29,29,18.35,31.65,24.68,11.03,16.67,0.294,0.294,0.471,0.7649999999999999,0.177,593871
SI,Sinker,FB,131,8.22,47,38,2,4.26,9,19.15,64,5,7.81,3.82,20,15.27,19.08,23.44,6.44,7.14,0.342,0.468,0.526,0.994,0.184,593871
ST,Sweeper,BR,119,7.47,16,12,4,25.0,3,18.75,36,9,25.0,7.56,27,22.69,30.25,15.38,7.36,12.5,0.25,0.4,0.333,0.7330000000000001,0.083,593871
FC,Cutter,FB,113,7.09,33,30,7,21.21,2,6.06,54,17,31.48,15.04,20,17.7,32.74,25.93,3.91,41.18,0.267,0.303,0.7,1.003,0.4329999999999999,593871
FS,Split-Finger,OS,87,5.46,24,22,7,29.17,1,4.17,51,19,37.25,21.84,3,3.45,25.29,38.46,7.59,21.21,0.227,0.261,0.227,0.488,0.0,593871
KC,Knuckle Curve,BR,55,3.45,7,5,4,57.14,1,14.29,15,5,33.33,9.09,13,23.64,32.73,18.18,4.14,22.22,0.0,0.286,0.0,0.286,0.0,593871
,,,7,0.44,1,0,0,0.0,1,100.0,0,0,,0.0,0,0.0,0.0,,0.46,0.0,,1.0,,,,593871
EP,Eephus,,6,0.38,1,1,0,0.0,0,0.0,1,0,0.0,0.0,2,33.33,33.33,0.0,0.92,0.0,0.0,0.0,0.0,0.0,0.0,593871
SV,Slurve,BR,6,0.38,3,3,0,0.0,0,0.0,3,0,0.0,0.0,2,33.33,33.33,0.0,0.0,,0.333,0.333,0.667,1.0,0.334,593871
FA,Other,,1,0.06,1,1,0,0.0,0,0.0,1,0,0.0,0.0,0,0.0,0.0,,0.0,,0.0,0.0,0.0,0.0,0.0,593871
FF,4-Seam Fastball,FB,42,40.78,8,8,4,50.0,0,0.0,27,10,37.04,23.81,4,9.52,33.33,47.62,36.36,33.33,0.25,0.25,0.375,0.625,0.125,595751
SL,Slider,BR,18,17.48,7,7,4,57.14,0,0.0,13,5,38.46,27.78,0,0.0,27.78,50.0,30.3,40.0,0.0,0.0,0.0,0.0,0.0,595751
SI,Sinker,FB,15,14.56,5,5,1,20.0,0,0.0,11,2,18.18,13.33,2,13.33,26.67,80.0,12.12,25.0,0.2,0.2,0.2,0.4,0.0,595751
ST,Sweeper,BR,15,14.56,6,6,1,16.67,0,0.0,10,5,50.0,33.33,2,13.33,46.67,62.5,12.12,25.0,0.333,0.333,0.333,0.666,0.0,595751
CU,Curveball,BR,4,3.88,2,2,0,0.0,0,0.0,3,1,33.33,25.0,0,0.0,25.0,66.67,3.03,0.0,0.5,0.5,0.5,1.0,0.0,595751
KC,Knuckle Curve,BR,3,2.91,0,0,0,,0,,1,0,0.0,0.0,1,33.33,33.33,0.0,3.03,0.0,,,,,,595751
CH,Changeup,OS,2,1.94,0,0,0,,0,,1,1,100.0,50.0,0,0.0,50.0,0.0,0.0,,,,,,,595751
FS,Split-Finger,OS,2,1.94,1,1,1,100.0,0,0.0,2,1,50.0,50.0,0,0.0,50.0,100.0,3.03,100.0,0.0,0.0,0.0,0.0,0.0,595751
FC,Cutter,FB,2,1.94,1,1,0,0.0,0,0.0,1,0,0.0,0.0,1,50.0,50.0,100.0,0.0,,0.0,0.0,0.0,0.0,0.0,595751
FF,4-Seam Fastball,FB,396,34.65,82,65,7,8.54,16,19.51,169,18,10.65,4.55,64,16.16,20.71,18.04,29.92,6.48,0.231,0.383,0.323,0.706,0.092,595777
SI,Sinker,FB,158,13.82,44,34,2,4.55,10,22.73,62,6,9.68,3.8,35,22.15,25.95,14.08,10.8,5.13,0.265,0.432,0.559,0.991,0.294,595777
CH,Changeup,OS,146,12.77,33,32,8,24.24,1,3.03,71,14,19.72,9.59,17,11.64,21.23,31.76,14.13,15.69,0.219,0.242,0.438,0.6799999999999999,0.219,595777
SL,Slider,BR,117,10.24,26,22,7,26.92,4,15.38,60,16,26.67,13.68,15,12.82,26.5,27.12,13.85,14.0,0.182,0.308,0.409,0.717,0.2269999999999999,595777
FC,Cutter,FB,110,9.62,29,24,3,10.34,4,13.79,49,6,12.24,5.45,18,16.36,21.82,15.69,7.48,11.11,0.167,0.31,0.333,0.643,0.166,595777
CU,Curveball,BR,107,9.36,29,26,8,27.59,1,3.45,46,13,28.26,12.15,15,14.02,26.17,25.0,11.91,18.6,0.346,0.414,0.731,1.145,0.385,595777
ST,Sweeper,BR,54,4.72,10,10,1,10.0,0,0.0,26,4,15.38,7.41,6,11.11,18.52,17.39,5.82,4.76,0.4,0.4,0.8,1.2000000000000002,0.4,595777
FS,Split-Finger,OS,29,2.54,4,4,3,75.0,0,0.0,15,7,46.67,24.14,5,17.24,41.38,47.37,3.6,23.08,0.0,0.0,0.0,0.0,0.0,595777
KC,Knuckle Curve,BR,16,1.4,4,4,1,25.0,0,0.0,7,2,28.57,12.5,4,25.0,37.5,25.0,1.39,20.0,0.25,0.25,0.25,0.5,0.0,595777
FO,Forkball,OS,3,0.26,0,0,0,,0,,2,1,50.0,33.33,0,0.0,33.33,0.0,0.55,0.0,,,,,,595777
SV,Slurve,BR,3,0.26,0,0,0,,0,,0,0,,0.0,1,33.33,33.33,0.0,0.0,,,,,,,595777
,,,2,0.17,2,1,1,50.0,1,50.0,0,0,,0.0,0,0.0,0.0,,0.55,50.0,0.0,0.5,0.0,0.5,0.0,595777
FA,Other,,1,0.09,1,1,0,0.0,0,0.0,1,0,0.0,0.0,0,0.0,0.0,,0.0,,0.0,0.0,0.0,0.0,0.0,595777
UN,Unknown,,1,0.09,1,0,0,0.0,0,0.0,0,0,,0.0,0,0.0,0.0,0.0,0.0,,,1.0,,,,595777
FF,4-Seam Fastball,FB,320,29.99,73,72,21,28.77,1,1.37,159,47,29.56,14.69,57,17.81,32.5,35.62,29.62,24.71,0.208,0.219,0.278,0.497,0.07,595879
SL,Slider,BR,186,17.43,60,58,9,15.0,1,1.67,109,35,32.11,18.82,14,7.53,26.34,45.83,19.51,16.07,0.207,0.233,0.379,0.612,0.172,595879
SI,Sinker,FB,177,16.59,45,39,5,11.11,3,6.67,80,11,13.75,6.21,46,25.99,32.2,37.33,6.97,25.0,0.282,0.341,0.359,0.7,0.077,595879
ST,Sweeper,BR,141,13.21,54,53,20,37.04,0,0.0,89,45,50.56,31.91,16,11.35,43.26,60.44,17.07,40.82,0.208,0.222,0.396,0.618,0.188,595879
FC,Cutter,FB,65,6.09,19,16,1,5.26,2,10.53,36,6,16.67,9.23,6,9.23,18.46,29.03,3.14,11.11,0.438,0.474,0.875,1.349,0.437,595879
CH,Changeup,OS,60,5.62,9,9,4,44.44,0,0.0,35,10,28.57,16.67,3,5.0,21.67,41.67,8.36,16.67,0.333,0.333,0.778,1.111,0.445,595879
CU,Curveball,BR,58,5.44,21,19,8,38.1,0,0.0,38,18,47.37,31.03,8,13.79,44.83,62.16,8.71,32.0,0.263,0.333,0.368,0.7010000000000001,0.1049999999999999,595879
FS,Split-Finger,OS,18,1.69,6,6,5,83.33,0,0.0,10,8,80.0,44.44,3,16.67,61.11,54.55,2.44,71.43,0.167,0.167,0.167,0.334,0.0,595879
KC,Knuckle Curve,BR,17,1.59,9,9,2,22.22,0,0.0,14,6,42.86,35.29,0,0.0,35.29,72.73,2.44,28.57,0.111,0.111,0.444,0.555,0.333,595879
SV,Slurve,BR,17,1.59,4,4,2,50.0,0,0.0,12,6,50.0,35.29,1,5.88,41.18,60.0,1.74,40.0,0.0,0.0,0.0,0.0,0.0,595879
EP,Eephus,,7,0.66,2,2,0,0.0,0,0.0,2,0,0.0,0.0,2,28.57,28.57,25.0,0.0,,0.0,0.0,0.0,0.0,0.0,595879
CS,Slow Curve,BR,1,0.09,0,0,0,,0,,0,0,,0.0,1,100.0,100.0,,0.0,,,,,,,595879
FF,4-Seam Fastball,FB,124,35.84,40,34,5,12.5,5,12.5,69,15,21.74,12.1,11,8.87,20.97,24.14,34.29,13.89,0.118,0.231,0.206,0.437,0.088,595978
SL,Slider,BR,68,19.65,15,14,6,40.0,0,0.0,27,12,44.44,17.65,12,17.65,35.29,27.27,21.9,26.09,0.143,0.143,0.214,0.357,0.071,595978
SI,Sinker,FB,57,16.47,15,12,3,20.0,1,6.67,32,5,15.62,8.77,6,10.53,19.3,33.33,10.48,27.27,0.333,0.429,0.583,1.012,0.2499999999999999,595978
ST,Sweeper,BR,41,11.85,8,7,2,25.0,0,0.0,24,7,29.17,17.07,1,2.44,19.51,27.27,13.33,14.29,0.0,0.0,0.0,0.0,0.0,595978
CH,Changeup,OS,18,5.2,4,3,0,0.0,1,25.0,8,4,50.0,22.22,4,22.22,44.44,40.0,6.67,0.0,0.333,0.5,0.333,0.833,0.0,595978
FC,Cutter,FB,17,4.91,2,1,1,50.0,1,50.0,6,5,83.33,29.41,4,23.53,52.94,42.86,4.76,20.0,0.0,0.5,0.0,0.5,0.0,595978
CU,Curveball,BR,13,3.76,5,5,1,20.0,0,0.0,7,2,28.57,15.38,2,15.38,30.77,28.57,2.86,33.33,0.0,0.0,0.0,0.0,0.0,595978
FS,Split-Finger,OS,7,2.02,2,2,1,50.0,0,0.0,4,2,50.0,28.57,0,0.0,28.57,50.0,5.71,16.67,0.5,0.5,2.0,2.5,1.5,595978
KC,Knuckle Curve,BR,1,0.29,0,0,0,,0,,1,0,0.0,0.0,0,0.0,0.0,,0.0,,,,,,,595978
FF,4-Seam Fastball,FB,807,39.25,186,159,32,17.2,24,12.9,365,64,17.53,7.93,149,18.46,26.39,17.54,39.24,13.39,0.264,0.366,0.566,0.932,0.3019999999999999,596019
CH,Changeup,OS,259,12.6,55,54,9,16.36,1,1.82,128,27,21.09,10.42,25,9.65,20.08,27.86,11.82,12.5,0.259,0.273,0.389,0.662,0.13,596019
CU,Curveball,BR,216,10.51,45,40,15,33.33,4,8.89,93,29,31.18,13.43,42,19.44,32.87,31.93,13.3,18.52,0.2,0.289,0.275,0.5640000000000001,0.075,596019
FC,Cutter,FB,175,8.51,48,42,13,27.08,3,6.25,88,25,28.41,14.29,24,13.71,28.0,28.24,5.75,37.14,0.286,0.354,0.5,0.854,0.214,596019
SL,Slider,BR,168,8.17,56,50,12,21.43,2,3.57,95,24,25.26,14.29,22,13.1,27.38,39.51,9.85,20.0,0.26,0.304,0.44,0.744,0.18,596019
SI,Sinker,FB,166,8.07,50,43,7,14.0,6,12.0,76,14,18.42,8.43,37,22.29,30.72,21.21,5.75,20.0,0.465,0.54,0.791,1.331,0.326,596019
FS,Split-Finger,OS,112,5.45,29,28,7,24.14,1,3.45,57,13,22.81,11.61,10,8.93,20.54,26.56,6.24,18.42,0.286,0.31,0.464,0.774,0.178,596019
ST,Sweeper,BR,79,3.84,22,18,4,18.18,1,4.55,38,9,23.68,11.39,12,15.19,26.58,28.21,4.43,14.81,0.278,0.364,0.444,0.808,0.1659999999999999,596019
KC,Knuckle Curve,BR,50,2.43,10,8,2,20.0,1,10.0,21,7,33.33,14.0,5,10.0,24.0,28.12,2.79,11.76,0.375,0.5,0.875,1.375,0.5,596019
SV,Slurve,BR,14,0.68,2,2,0,0.0,0,0.0,6,2,33.33,14.29,6,42.86,57.14,50.0,0.66,0.0,0.0,0.0,0.0,0.0,0.0,596019
,,,10,0.49,2,0,0,0.0,2,100.0,0,0,,0.0,0,0.0,0.0,,0.16,0.0,,1.0,,,,596019
FF,4-Seam Fastball,FB,72,27.17,17,15,9,52.94,1,5.88,35,12,34.29,16.67,16,22.22,38.89,19.35,25.26,37.5,0.2,0.25,0.267,0.517,0.067,596103
SI,Sinker,FB,63,23.77,21,21,5,23.81,0,0.0,37,6,16.22,9.52,14,22.22,31.75,46.43,16.84,31.25,0.333,0.333,0.429,0.762,0.0959999999999999,596103
SL,Slider,BR,58,21.89,17,15,5,29.41,2,11.76,27,10,37.04,17.24,11,18.97,36.21,30.0,27.37,19.23,0.133,0.235,0.267,0.502,0.134,596103
ST,Sweeper,BR,28,10.57,2,2,1,50.0,0,0.0,6,4,66.67,14.29,5,17.86,32.14,5.56,8.42,12.5,0.0,0.0,0.0,0.0,0.0,596103
CU,Curveball,BR,11,4.15,1,1,0,0.0,0,0.0,4,1,25.0,9.09,4,36.36,45.45,25.0,4.21,0.0,0.0,0.0,0.0,0.0,0.0,596103
FC,Cutter,FB,10,3.77,2,2,1,50.0,0,0.0,6,2,33.33,20.0,2,20.0,40.0,25.0,5.26,20.0,0.0,0.0,0.0,0.0,0.0,596103
CH,Changeup,OS,6,2.26,1,1,0,0.0,0,0.0,2,1,50.0,16.67,0,0.0,16.67,20.0,3.16,0.0,1.0,1.0,1.0,2.0,0.0,596103
FS,Split-Finger,OS,5,1.89,2,2,1,50.0,0,0.0,2,0,0.0,0.0,1,20.0,20.0,33.33,4.21,25.0,0.0,0.0,0.0,0.0,0.0,596103
KC,Knuckle Curve,BR,5,1.89,2,2,1,50.0,0,0.0,2,1,50.0,20.0,0,0.0,20.0,25.0,5.26,20.0,0.0,0.0,0.0,0.0,0.0,596103
EP,Eephus,,4,1.51,1,1,0,0.0,0,0.0,1,0,0.0,0.0,0,0.0,0.0,33.33,0.0,,0.0,0.0,0.0,0.0,0.0,596103
SV,Slurve,BR,2,0.75,1,1,0,0.0,0,0.0,1,0,0.0,0.0,0,0.0,0.0,0.0,0.0,,0.0,0.0,0.0,0.0,0.0,596103
FA,Other,,1,0.38,0,0,0,,0,,1,0,0.0,0.0,0,0.0,0.0,100.0,0.0,,,,,,,596103
FF,4-Seam Fastball,FB,632,34.5,159,147,48,30.19,9,5.66,325,81,24.92,12.82,105,16.61,29.43,23.6,36.85,22.07,0.238,0.296,0.347,0.643,0.1089999999999999,596115
SL,Slider,BR,307,16.76,76,70,20,26.32,6,7.89,166,65,39.16,21.17,30,9.77,30.94,34.83,15.4,22.47,0.3,0.355,0.529,0.884,0.229,596115
SI,Sinker,FB,304,16.59,85,78,9,10.59,6,7.06,154,25,16.23,8.22,60,19.74,27.96,32.82,8.13,19.15,0.295,0.345,0.436,0.7809999999999999,0.141,596115
ST,Sweeper,BR,197,10.75,64,61,23,35.94,1,1.56,113,42,37.17,21.32,20,10.15,31.47,43.86,14.36,27.71,0.23,0.25,0.525,0.775,0.295,596115
CU,Curveball,BR,94,5.13,18,17,7,38.89,0,0.0,41,19,46.34,20.21,19,20.21,40.43,37.5,5.02,24.14,0.294,0.333,0.647,0.98,0.353,596115
CH,Changeup,OS,89,4.86,26,25,7,26.92,1,3.85,58,21,36.21,23.6,4,4.49,28.09,49.02,6.57,18.42,0.28,0.308,0.48,0.788,0.1999999999999999,596115
FC,Cutter,FB,84,4.59,20,20,3,15.0,0,0.0,45,15,33.33,17.86,13,15.48,33.33,35.14,2.77,18.75,0.45,0.45,0.5,0.95,0.0499999999999999,596115
FS,Split-Finger,OS,54,2.95,16,16,9,56.25,0,0.0,34,10,29.41,18.52,5,9.26,27.78,51.61,5.19,30.0,0.125,0.125,0.25,0.375,0.125,596115
KC,Knuckle Curve,BR,31,1.69,6,6,4,66.67,0,0.0,19,8,42.11,25.81,2,6.45,32.26,44.44,2.25,30.77,0.167,0.167,0.333,0.5,0.166,596115
SV,Slurve,BR,20,1.09,8,8,4,50.0,0,0.0,15,6,40.0,30.0,1,5.0,35.0,60.0,1.9,36.36,0.125,0.125,0.125,0.25,0.0,596115
KN,Knuckleball,,5,0.27,0,0,0,,0,,2,0,0.0,0.0,0,0.0,0.0,40.0,0.17,0.0,,,,,,596115
FO,Forkball,OS,5,0.27,3,3,1,33.33,0,0.0,5,3,60.0,60.0,0,0.0,60.0,100.0,0.52,33.33,0.333,0.333,0.333,0.666,0.0,596115
EP,Eephus,,4,0.22,1,1,0,0.0,0,0.0,2,0,0.0,0.0,1,25.0,25.0,50.0,0.52,0.0,1.0,1.0,2.0,3.0,1.0,596115
FA,Other,,4,0.22,2,1,0,0.0,1,50.0,3,1,33.33,25.0,0,0.0,25.0,75.0,0.17,0.0,0.0,0.5,0.0,0.5,0.0,596115
CS,Slow Curve,BR,1,0.05,0,0,0,,0,,0,0,,0.0,0,0.0,0.0,0.0,0.0,,,,,,,596115
,,,1,0.05,0,0,0,,0,,0,0,,0.0,0,0.0,0.0,,0.17,0.0,,,,,,596115
SL,Slider,BR,55,22.73,15,14,6,40.0,0,0.0,17,5,29.41,9.09,13,23.64,32.73,12.5,21.21,42.86,0.143,0.2,0.357,0.5569999999999999,0.214,596142
FF,4-Seam Fastball,FB,50,20.66,11,10,3,27.27,0,0.0,22,4,18.18,8.0,13,26.0,34.0,5.88,22.73,20.0,0.4,0.455,1.0,1.455,0.6,596142
SI,Sinker,FB,38,15.7,10,9,1,10.0,1,10.0,17,2,11.76,5.26,9,23.68,28.95,21.43,10.61,14.29,0.444,0.5,0.444,0.944,0.0,596142
FC,Cutter,FB,32,13.22,7,7,0,0.0,0,0.0,14,1,7.14,3.12,11,34.38,37.5,28.57,7.58,0.0,0.143,0.143,0.571,0.714,0.4279999999999999,596142
CH,Changeup,OS,21,8.68,6,4,3,50.0,1,16.67,9,4,44.44,19.05,2,9.52,28.57,25.0,13.64,33.33,0.0,0.333,0.0,0.333,0.0,596142
FS,Split-Finger,OS,15,6.2,4,3,1,25.0,0,0.0,7,2,28.57,13.33,1,6.67,20.0,12.5,10.61,14.29,0.0,0.25,0.0,0.25,0.0,596142
ST,Sweeper,BR,10,4.13,3,3,1,33.33,0,0.0,4,2,50.0,20.0,5,50.0,70.0,75.0,4.55,33.33,0.333,0.333,0.333,0.666,0.0,596142
CU,Curveball,BR,8,3.31,1,1,1,100.0,0,0.0,3,2,66.67,25.0,0,0.0,25.0,16.67,6.06,25.0,0.0,0.0,0.0,0.0,0.0,596142
,,,4,1.65,1,1,0,0.0,0,0.0,2,0,0.0,0.0,0,0.0,0.0,,0.0,,0.0,0.0,0.0,0.0,0.0,596142
FA,Other,,4,1.65,1,1,0,0.0,0,0.0,1,0,0.0,0.0,2,50.0,50.0,0.0,1.52,0.0,1.0,1.0,2.0,3.0,1.0,596142
SV,Slurve,BR,3,1.24,0,0,0,,0,,0,0,,0.0,0,0.0,0.0,0.0,1.52,0.0,,,,,,596142
EP,Eephus,,2,0.83,0,0,0,,0,,0,0,,0.0,0,0.0,0.0,0.0,0.0,,,,,,,596142
FF,4-Seam Fastball,FB,549,34.66,133,112,22,16.54,19,14.29,264,40,15.15,7.29,73,13.3,20.58,15.55,34.32,13.5,0.223,0.333,0.5,0.833,0.277,596146
SL,Slider,BR,218,13.76,61,51,16,26.23,8,13.11,114,35,30.7,16.06,30,13.76,29.82,36.07,15.58,21.62,0.137,0.262,0.314,0.5760000000000001,0.177,596146
CH,Changeup,OS,184,11.62,37,33,8,21.62,4,10.81,78,25,32.05,13.59,17,9.24,22.83,30.47,12.63,13.33,0.242,0.324,0.333,0.657,0.091,596146
SI,Sinker,FB,181,11.43,49,43,4,8.16,3,6.12,80,13,16.25,7.18,33,18.23,25.41,22.62,7.37,11.43,0.209,0.271,0.279,0.55,0.07,596146
CU,Curveball,BR,120,7.58,30,29,10,33.33,1,3.33,54,15,27.78,12.5,21,17.5,30.0,29.41,9.47,22.22,0.172,0.2,0.276,0.476,0.104,596146
FC,Cutter,FB,115,7.26,25,24,3,12.0,1,4.0,54,8,14.81,6.96,22,19.13,26.09,26.92,4.84,13.04,0.333,0.36,0.875,1.235,0.542,596146
FS,Split-Finger,OS,82,5.18,28,27,6,21.43,1,3.57,49,17,34.69,20.73,2,2.44,23.17,38.0,7.58,16.67,0.148,0.179,0.148,0.3269999999999999,0.0,596146
ST,Sweeper,BR,59,3.72,12,10,1,8.33,0,0.0,25,10,40.0,16.95,10,16.95,33.9,19.35,3.79,5.56,0.2,0.333,0.2,0.533,0.0,596146
KC,Knuckle Curve,BR,42,2.65,14,13,5,35.71,1,7.14,25,12,48.0,28.57,6,14.29,42.86,62.96,3.58,29.41,0.231,0.286,0.308,0.594,0.0769999999999999,596146
SV,Slurve,BR,10,0.63,4,4,1,25.0,0,0.0,6,1,16.67,10.0,1,10.0,20.0,40.0,0.63,33.33,0.5,0.5,0.5,1.0,0.0,596146
,,,9,0.57,3,0,0,0.0,3,100.0,0,0,,0.0,0,0.0,0.0,,0.0,,,1.0,,,,596146
KN,Knuckleball,,6,0.38,0,0,0,,0,,1,0,0.0,0.0,1,16.67,16.67,0.0,0.21,0.0,,,,,,596146
EP,Eephus,,5,0.32,2,1,0,0.0,1,50.0,1,0,0.0,0.0,1,20.0,20.0,20.0,0.0,,1.0,1.0,1.0,2.0,0.0,596146
CS,Slow Curve,BR,2,0.13,1,1,0,0.0,0,0.0,1,0,0.0,0.0,0,0.0,0.0,0.0,0.0,,1.0,1.0,2.0,3.0,1.0,596146
FO,Forkball,OS,1,0.06,0,0,0,,0,,0,0,,0.0,0,0.0,0.0,0.0,0.0,,,,,,,596146
FA,Other,,1,0.06,0,0,0,,0,,0,0,,0.0,0,0.0,0.0,0.0,0.0,,,,,,,596146
FF,4-Seam Fastball,FB,58,20.71,18,14,5,27.78,4,22.22,28,8,28.57,13.79,9,15.52,29.31,22.22,27.96,19.23,0.143,0.333,0.214,0.547,0.071,600869
SL,Slider,BR,51,18.21,10,10,7,70.0,0,0.0,24,14,58.33,27.45,11,21.57,49.02,37.93,18.28,41.18,0.0,0.0,0.0,0.0,0.0,600869
CH,Changeup,OS,44,15.71,8,7,2,25.0,1,12.5,27,9,33.33,20.45,4,9.09,29.55,48.0,17.2,12.5,0.286,0.375,0.286,0.661,0.0,600869
SI,Sinker,FB,40,14.29,11,9,2,18.18,1,9.09,18,3,16.67,7.5,5,12.5,20.0,23.81,5.38,40.0,0.111,0.2,0.111,0.311,0.0,600869
FC,Cutter,FB,25,8.93,8,7,3,37.5,1,12.5,14,4,28.57,16.0,2,8.0,24.0,27.27,7.53,42.86,0.0,0.125,0.0,0.125,0.0,600869
ST,Sweeper,BR,24,8.57,2,2,1,50.0,0,0.0,7,3,42.86,12.5,3,12.5,25.0,0.0,5.38,20.0,0.5,0.5,0.5,1.0,0.0,600869
FS,Split-Finger,OS,23,8.21,8,8,4,50.0,0,0.0,15,9,60.0,39.13,2,8.7,47.83,50.0,11.83,36.36,0.0,0.0,0.0,0.0,0.0,600869
CU,Curveball,BR,15,5.36,3,3,3,100.0,0,0.0,7,6,85.71,40.0,3,20.0,60.0,28.57,6.45,50.0,0.0,0.0,0.0,0.0,0.0,600869
FF,4-Seam Fastball,FB,306,29.62,89,76,23,25.84,9,10.11,150,45,30.0,14.71,46,15.03,29.74,23.78,33.44,21.7,0.211,0.284,0.408,0.692,0.1969999999999999,602104
SI,Sinker,FB,213,20.62,62,57,6,9.68,2,3.23,116,16,13.79,7.51,44,20.66,28.17,39.53,11.67,16.22,0.333,0.355,0.439,0.794,0.1059999999999999,602104
SL,Slider,BR,186,18.01,43,40,9,20.93,1,2.33,88,32,36.36,17.2,32,17.2,34.41,28.42,15.46,18.37,0.175,0.186,0.225,0.411,0.05,602104
ST,Sweeper,BR,94,9.1,20,20,6,30.0,0,0.0,34,8,23.53,8.51,12,12.77,21.28,7.55,11.99,15.79,0.3,0.3,0.5,0.8,0.2,602104
CH,Changeup,OS,62,6.0,21,18,6,28.57,2,9.52,36,11,30.56,17.74,1,1.61,19.35,32.43,10.09,18.75,0.056,0.19,0.111,0.301,0.055,602104
FC,Cutter,FB,60,5.81,18,14,3,16.67,2,11.11,35,10,28.57,16.67,12,20.0,36.67,40.0,3.79,25.0,0.357,0.389,0.643,1.032,0.286,602104
CU,Curveball,BR,36,3.48,8,8,1,12.5,0,0.0,14,2,14.29,5.56,5,13.89,19.44,23.81,4.1,7.69,0.0,0.0,0.0,0.0,0.0,602104
FS,Split-Finger,OS,35,3.39,6,6,1,16.67,0,0.0,14,2,14.29,5.71,5,14.29,20.0,20.0,5.05,6.25,0.167,0.167,0.167,0.334,0.0,602104
KC,Knuckle Curve,BR,16,1.55,1,0,0,0.0,1,100.0,3,0,0.0,0.0,3,18.75,18.75,0.0,1.89,0.0,,1.0,,,,602104
,,,12,1.16,3,3,2,66.67,0,0.0,5,0,0.0,0.0,2,16.67,16.67,,1.58,40.0,0.0,0.0,0.0,0.0,0.0,602104
SV,Slurve,BR,7,0.68,1,1,0,0.0,0,0.0,1,0,0.0,0.0,0,0.0,0.0,0.0,0.95,0.0,1.0,1.0,1.0,2.0,0.0,602104
FA,Other,,5,0.48,1,1,0,0.0,0,0.0,1,0,0.0,0.0,1,20.0,20.0,0.0,0.0,,1.0,1.0,2.0,3.0,1.0,602104
EP,Eephus,,1,0.1,1,1,0,0.0,0,0.0,1,0,0.0,0.0,0,0.0,0.0,,0.0,,0.0,0.0,0.0,0.0,0.0,602104
FA,Other,,5,55.56,1,0,0,0.0,1,100.0,0,0,,0.0,1,20.0,20.0,0.0,0.0,,,1.0,,,,605113
FC,Cutter,FB,3,33.33,1,1,1,100.0,0,0.0,2,1,50.0,33.33,1,33.33,66.67,,100.0,100.0,0.0,0.0,0.0,0.0,0.0,605113
FF,4-Seam Fastball,FB,1,11.11,1,1,0,0.0,0,0.0,1,0,0.0,0.0,0,0.0,0.0,,0.0,,0.0,0.0,0.0,0.0,0.0,605113
FF,4-Seam Fastball,FB,41,29.71,9,8,5,55.56,1,11.11,16,6,37.5,14.63,10,24.39,39.02,7.14,39.47,33.33,0.0,0.111,0.0,0.111,0.0,605131
SL,Slider,BR,30,21.74,6,6,3,50.0,0,0.0,12,5,41.67,16.67,7,23.33,40.0,35.29,15.79,50.0,0.167,0.167,0.333,0.5,0.166,605131
SI,Sinker,FB,28,20.29,10,9,0,0.0,0,0.0,12,0,0.0,0.0,6,21.43,21.43,9.09,13.16,0.0,0.333,0.333,0.333,0.666,0.0,605131
FC,Cutter,FB,12,8.7,3,3,2,66.67,0,0.0,6,4,66.67,33.33,2,16.67,50.0,50.0,7.89,66.67,0.333,0.333,0.333,0.666,0.0,605131
ST,Sweeper,BR,12,8.7,4,4,2,50.0,0,0.0,4,2,50.0,16.67,4,33.33,50.0,20.0,10.53,50.0,0.0,0.0,0.0,0.0,0.0,605131
KC,Knuckle Curve,BR,6,4.35,3,3,1,33.33,0,0.0,3,1,33.33,16.67,3,50.0,66.67,100.0,5.26,50.0,0.333,0.333,0.667,1.0,0.334,605131
FA,Other,,4,2.9,1,1,0,0.0,0,0.0,2,0,0.0,0.0,1,25.0,25.0,,2.63,0.0,1.0,1.0,1.0,2.0,0.0,605131
CH,Changeup,OS,3,2.17,0,0,0,,0,,1,0,0.0,0.0,0,0.0,0.0,0.0,2.63,0.0,,,,,,605131
CU,Curveball,BR,1,0.72,0,0,0,,0,,1,0,0.0,0.0,0,0.0,0.0,100.0,2.63,0.0,,,,,,605131
FS,Split-Finger,OS,1,0.72,1,1,0,0.0,0,0.0,1,0,0.0,0.0,0,0.0,0.0,,0.0,,0.0,0.0,0.0,0.0,0.0,605131
FF,4-Seam Fastball,FB,499,31.27,134,113,16,11.94,15,11.19,252,39,15.48,7.82,87,17.43,25.25,23.41,31.38,10.79,0.283,0.382,0.584,0.966,0.301,605137
CH,Changeup,OS,242,15.16,58,55,10,17.24,3,5.17,105,35,33.33,14.46,18,7.44,21.9,28.74,16.7,13.51,0.2,0.241,0.291,0.532,0.0909999999999999,605137
SL,Slider,BR,178,11.15,58,47,8,13.79,10,17.24,101,31,30.69,17.42,11,6.18,23.6,29.9,13.09,13.79,0.277,0.397,0.447,0.8440000000000001,0.1699999999999999,605137
SI,Sinker,FB,171,10.71,44,40,6,13.64,4,9.09,60,6,10.0,3.51,48,28.07,31.58,15.94,6.77,20.0,0.25,0.318,0.325,0.643,0.075,605137
FC,Cutter,FB,161,10.09,33,29,4,12.12,2,6.06,67,12,17.91,7.45,27,16.77,24.22,17.33,6.09,14.81,0.276,0.333,0.379,0.712,0.1029999999999999,605137
CU,Curveball,BR,119,7.46,31,26,7,22.58,5,16.13,52,16,30.77,13.45,17,14.29,27.73,31.08,10.16,15.56,0.192,0.323,0.423,0.746,0.2309999999999999,605137
FS,Split-Finger,OS,101,6.33,25,25,5,20.0,0,0.0,53,9,16.98,8.91,9,8.91,17.82,39.06,7.45,15.15,0.24,0.24,0.24,0.48,0.0,605137
ST,Sweeper,BR,77,4.82,23,19,2,8.7,2,8.7,38,3,7.89,3.9,11,14.29,18.18,23.08,4.74,9.52,0.368,0.435,0.684,1.119,0.316,605137
KC,Knuckle Curve,BR,29,1.82,7,7,2,28.57,0,0.0,13,4,30.77,13.79,2,6.9,20.69,33.33,2.26,20.0,0.429,0.429,0.857,1.286,0.428,605137
FO,Forkball,OS,7,0.44,1,1,0,0.0,0,0.0,3,1,33.33,14.29,0,0.0,14.29,42.86,0.45,0.0,0.0,0.0,0.0,0.0,0.0,605137
EP,Eephus,,4,0.25,1,0,0,0.0,1,100.0,2,0,0.0,0.0,1,25.0,25.0,0.0,0.45,0.0,,1.0,,,,605137
SV,Slurve,BR,3,0.19,0,0,0,,0,,1,0,0.0,0.0,0,0.0,0.0,33.33,0.0,,,,,,,605137
CS,Slow Curve,BR,3,0.19,0,0,0,,0,,0,0,,0.0,0,0.0,0.0,0.0,0.23,0.0,,,,,,605137
FA,Other,,1,0.06,0,0,0,,0,,0,0,,0.0,0,0.0,0.0,0.0,0.23,0.0,,,,,,605137
,,,1,0.06,1,0,0,0.0,1,100.0,0,0,,0.0,0,0.0,0.0,,0.0,,,1.0,,,,605137
FF,4-Seam Fastball,FB,566,32.1,147,125,7,4.76,21,14.29,219,17,7.76,3.0,128,22.61,25.62,14.5,23.11,6.93,0.328,0.425,0.504,0.929,0.176,605141
SL,Slider,BR,305,17.3,85,77,13,15.29,6,7.06,125,35,28.0,11.48,56,18.36,29.84,25.6,21.74,13.68,0.234,0.294,0.416,0.71,0.1819999999999999,605141
SI,Sinker,FB,303,17.19,85,74,6,7.06,10,11.76,120,5,4.17,1.65,83,27.39,29.04,20.16,12.81,10.71,0.284,0.376,0.459,0.835,0.175,605141
FC,Cutter,FB,198,11.23,56,49,7,12.5,4,7.14,89,19,21.35,9.6,46,23.23,32.83,19.51,7.55,21.21,0.163,0.214,0.184,0.398,0.0209999999999999,605141
ST,Sweeper,BR,180,10.21,52,49,5,9.62,2,3.85,79,15,18.99,8.33,27,15.0,23.33,28.57,14.65,7.81,0.245,0.269,0.306,0.575,0.061,605141
CU,Curveball,BR,82,4.65,19,19,4,21.05,0,0.0,33,7,21.21,8.54,18,21.95,30.49,18.42,7.09,12.9,0.053,0.053,0.211,0.264,0.158,605141
CH,Changeup,OS,52,2.95,16,15,4,25.0,0,0.0,30,10,33.33,19.23,4,7.69,26.92,41.94,5.72,16.0,0.333,0.312,0.533,0.845,0.2,605141
KC,Knuckle Curve,BR,35,1.99,10,10,2,20.0,0,0.0,17,3,17.65,8.57,5,14.29,22.86,35.29,3.2,14.29,0.1,0.1,0.2,0.3,0.1,605141
FS,Split-Finger,OS,30,1.7,6,5,1,16.67,1,16.67,13,3,23.08,10.0,1,3.33,13.33,20.0,3.43,6.67,0.4,0.5,0.4,0.9,0.0,605141
SV,Slurve,BR,8,0.45,1,1,0,0.0,0,0.0,3,0,0.0,0.0,0,0.0,0.0,20.0,0.46,0.0,0.0,0.0,0.0,0.0,0.0,605141
,,,4,0.23,0,0,0,,0,,0,0,,0.0,0,0.0,0.0,,0.23,0.0,,,,,,605141
FF,4-Seam Fastball,FB,356,30.02,119,104,16,13.45,12,10.08,180,16,8.89,4.49,54,15.17,19.66,23.42,27.78,17.78,0.269,0.345,0.423,0.768,0.1539999999999999,605170
CH,Changeup,OS,202,17.03,44,44,8,18.18,0,0.0,95,27,28.42,13.37,26,12.87,26.24,32.17,15.43,16.0,0.091,0.091,0.205,0.296,0.1139999999999999,605170
SI,Sinker,FB,116,9.78,39,36,4,10.26,3,7.69,55,5,9.09,4.31,22,18.97,23.28,15.91,8.95,13.79,0.333,0.385,0.361,0.746,0.0279999999999999,605170
SL,Slider,BR,115,9.7,32,28,7,21.88,2,6.25,53,17,32.08,14.78,22,19.13,33.91,23.64,12.35,17.5,0.25,0.312,0.321,0.633,0.071,605170
CU,Curveball,BR,107,9.02,13,10,1,7.69,3,23.08,18,5,27.78,4.67,31,28.97,33.64,8.2,6.79,4.55,0.3,0.462,0.6,1.062,0.3,605170
FC,Cutter,FB,103,8.68,32,27,3,9.38,2,6.25,54,5,9.26,4.85,15,14.56,19.42,27.08,5.56,16.67,0.481,0.562,0.593,1.155,0.1119999999999999,605170
FS,Split-Finger,OS,86,7.25,23,21,3,13.04,0,0.0,51,16,31.37,18.6,4,4.65,23.26,19.44,9.57,9.68,0.238,0.261,0.381,0.642,0.143,605170
ST,Sweeper,BR,63,5.31,16,15,3,18.75,0,0.0,29,3,10.34,4.76,12,19.05,23.81,20.0,7.72,12.0,0.4,0.375,0.733,1.108,0.3329999999999999,605170
KC,Knuckle Curve,BR,36,3.04,6,6,4,66.67,0,0.0,13,4,30.77,11.11,7,19.44,30.56,11.76,5.86,21.05,0.0,0.0,0.0,0.0,0.0,605170
SV,Slurve,BR,1,0.08,0,0,0,,0,,0,0,,0.0,0,0.0,0.0,0.0,0.0,,,,,,,605170
,,,1,0.08,0,0,0,,0,,0,0,,0.0,0,0.0,0.0,,0.0,,,,,,,605170
FF,4-Seam Fastball,FB,13,46.43,3,3,3,100.0,0,0.0,9,6,66.67,46.15,2,15.38,61.54,25.0,50.0,60.0,0.0,0.0,0.0,0.0,0.0,605204
SL,Slider,BR,7,25.0,4,4,0,0.0,0,0.0,5,0,0.0,0.0,1,14.29,14.29,0.0,30.0,0.0,0.0,0.0,0.0,0.0,0.0,605204
ST,Sweeper,BR,5,17.86,1,1,0,0.0,0,0.0,4,3,75.0,60.0,0,0.0,60.0,75.0,10.0,0.0,1.0,1.0,1.0,2.0,0.0,605204
SI,Sinker,FB,2,7.14,0,0,0,,0,,1,0,0.0,0.0,0,0.0,0.0,50.0,0.0,,,,,,,605204
CU,Curveball,BR,1,3.57,0,0,0,,0,,0,0,,0.0,0,0.0,0.0,0.0,10.0,0.0,,,,,,605204
FF,4-Seam Fastball,FB,3,33.33,2,2,2,100.0,0,0.0,2,2,100.0,66.67,1,33.33,100.0,100.0,66.67,100.0,0.0,0.0,0.0,0.0,0.0,605244
ST,Sweeper,BR,2,22.22,0,0,0,,0,,1,0,0.0,0.0,1,50.0,50.0,,33.33,0.0,,,,,,605244
SL,Slider,BR,2,22.22,0,0,0,,0,,0,0,,0.0,0,0.0,0.0,0.0,0.0,,,,,,,605244
FC,Cutter,FB,1,11.11,0,0,0,,0,,0,0,,0.0,1,100.0,100.0,0.0,0.0,,,,,,,605244
SI,Sinker,FB,1,11.11,0,0,0,,0,,0,0,,0.0,1,100.0,100.0,,0.0,,,,,,,605244
FF,4-Seam Fastball,FB,14,43.75,4,4,0,0.0,0,0.0,12,3,25.0,21.43,1,7.14,28.57,87.5,44.44,0.0,0.25,0.25,1.0,1.25,0.75,605353
CH,Changeup,OS,9,28.12,3,3,0,0.0,0,0.0,4,1,25.0,11.11,1,11.11,22.22,20.0,0.0,,0.0,0.0,0.0,0.0,0.0,605353
SL,Slider,BR,4,12.5,2,2,1,50.0,0,0.0,3,2,66.67,50.0,0,0.0,50.0,66.67,22.22,50.0,0.0,0.0,0.0,0.0,0.0,605353
KC,Knuckle Curve,BR,3,9.38,1,0,0,0.0,1,100.0,0,0,,0.0,0,0.0,0.0,0.0,33.33,0.0,,1.0,,,,605353
FC,Cutter,FB,2,6.25,0,0,0,,0,,0,0,,0.0,1,50.0,50.0,0.0,0.0,,,,,,,605353
FF,4-Seam Fastball,FB,184,44.55,45,39,11,24.44,6,13.33,71,12,16.9,6.52,44,23.91,30.43,14.63,40.65,22.0,0.179,0.289,0.231,0.52,0.052,605361
FC,Cutter,FB,44,10.65,12,11,2,16.67,1,8.33,27,5,18.52,11.36,4,9.09,20.45,43.48,9.76,16.67,0.273,0.333,0.545,0.8780000000000001,0.272,605361
SI,Sinker,FB,38,9.2,14,14,0,0.0,0,0.0,18,0,0.0,0.0,9,23.68,23.68,20.0,11.38,0.0,0.286,0.286,0.357,0.643,0.071,605361
CU,Curveball,BR,38,9.2,6,6,1,16.67,0,0.0,16,5,31.25,13.16,7,18.42,31.58,38.46,11.38,7.14,0.167,0.167,0.167,0.334,0.0,605361
SL,Slider,BR,30,7.26,8,8,2,25.0,0,0.0,11,3,27.27,10.0,7,23.33,33.33,23.53,4.07,40.0,0.375,0.375,0.375,0.75,0.0,605361
CH,Changeup,OS,28,6.78,9,9,0,0.0,0,0.0,15,4,26.67,14.29,2,7.14,21.43,29.41,6.5,0.0,0.111,0.111,0.111,0.222,0.0,605361
FS,Split-Finger,OS,26,6.3,8,8,1,12.5,0,0.0,15,5,33.33,19.23,0,0.0,19.23,38.89,10.57,7.69,0.375,0.375,0.5,0.875,0.125,605361
ST,Sweeper,BR,14,3.39,1,1,0,0.0,0,0.0,5,0,0.0,0.0,2,14.29,14.29,22.22,3.25,0.0,1.0,1.0,1.0,2.0,0.0,605361
KC,Knuckle Curve,BR,7,1.69,2,2,1,50.0,0,0.0,3,1,33.33,14.29,2,28.57,42.86,60.0,2.44,33.33,0.0,0.0,0.0,0.0,0.0,605361
,,,4,0.97,1,0,0,0.0,1,100.0,0,0,,0.0,0,0.0,0.0,,0.0,,,1.0,,,,605361
FF,4-Seam Fastball,FB,181,30.57,44,38,9,20.45,6,13.64,101,20,19.8,11.05,27,14.92,25.97,33.33,29.51,16.67,0.158,0.273,0.289,0.562,0.1309999999999999,606115
SI,Sinker,FB,134,22.64,37,36,6,16.22,1,2.7,77,11,14.29,8.21,26,19.4,27.61,28.57,15.3,21.43,0.194,0.216,0.306,0.522,0.1119999999999999,606115
SL,Slider,BR,111,18.75,27,27,5,18.52,0,0.0,50,17,34.0,15.32,12,10.81,26.13,23.44,18.03,15.15,0.222,0.222,0.222,0.444,0.0,606115
ST,Sweeper,BR,71,11.99,21,21,7,33.33,0,0.0,39,16,41.03,22.54,11,15.49,38.03,47.73,13.66,28.0,0.19,0.19,0.19,0.38,0.0,606115
CU,Curveball,BR,25,4.22,6,6,4,66.67,0,0.0,9,3,33.33,12.0,6,24.0,36.0,35.29,6.56,33.33,0.167,0.167,0.167,0.334,0.0,606115
FC,Cutter,FB,25,4.22,7,6,1,14.29,0,0.0,14,3,21.43,12.0,3,12.0,24.0,33.33,3.83,14.29,0.167,0.143,0.167,0.31,0.0,606115
CH,Changeup,OS,21,3.55,8,7,3,37.5,1,12.5,12,4,33.33,19.05,4,19.05,38.1,44.44,5.46,30.0,0.286,0.375,0.286,0.661,0.0,606115
FS,Split-Finger,OS,15,2.53,5,5,1,20.0,0,0.0,8,2,25.0,13.33,0,0.0,13.33,22.22,6.56,8.33,0.0,0.0,0.0,0.0,0.0,606115
KC,Knuckle Curve,BR,9,1.52,3,3,0,0.0,0,0.0,6,0,0.0,0.0,1,11.11,11.11,33.33,1.09,0.0,0.667,0.667,2.0,2.667,1.333,606115
FF,4-Seam Fastball,FB,413,24.89,103,96,28,27.18,4,3.88,217,66,30.41,15.98,66,15.98,31.96,25.45,28.82,19.05,0.281,0.311,0.552,0.863,0.271,606192
SI,Sinker,FB,351,21.16,78,71,5,6.41,6,7.69,143,14,9.79,3.99,99,28.21,32.19,26.03,13.14,7.46,0.254,0.312,0.366,0.6779999999999999,0.1119999999999999,606192
SL,Slider,BR,313,18.87,87,81,33,37.93,6,6.9,162,75,46.3,23.96,50,15.97,39.94,34.42,20.78,31.13,0.173,0.23,0.333,0.5630000000000001,0.16,606192
ST,Sweeper,BR,206,12.42,54,49,18,33.33,2,3.7,101,37,36.63,17.96,27,13.11,31.07,33.04,13.33,26.47,0.224,0.259,0.327,0.5860000000000001,0.103,606192
FC,Cutter,FB,130,7.84,30,29,5,16.67,1,3.33,64,24,37.5,18.46,28,21.54,40.0,34.43,3.73,26.32,0.276,0.3,0.586,0.8859999999999999,0.3099999999999999,606192
CH,Changeup,OS,100,6.03,22,21,8,36.36,1,4.55,57,20,35.09,20.0,10,10.0,30.0,39.62,8.04,19.51,0.381,0.409,0.524,0.933,0.143,606192
CU,Curveball,BR,65,3.92,26,25,7,26.92,1,3.85,40,13,32.5,20.0,3,4.62,24.62,21.43,5.1,26.92,0.28,0.308,0.92,1.228,0.64,606192
KC,Knuckle Curve,BR,41,2.47,10,9,3,30.0,0,0.0,22,9,40.91,21.95,1,2.44,24.39,25.0,4.12,14.29,0.111,0.1,0.111,0.211,0.0,606192
FS,Split-Finger,OS,29,1.75,8,8,4,50.0,0,0.0,18,11,61.11,37.93,1,3.45,41.38,41.18,2.16,36.36,0.125,0.125,0.125,0.25,0.0,606192
SV,Slurve,BR,4,0.24,0,0,0,,0,,0,0,,0.0,0,0.0,0.0,0.0,0.0,,,,,,,606192
,,,3,0.18,1,1,1,100.0,0,0.0,0,0,,0.0,0,0.0,0.0,,0.59,33.33,0.0,0.0,0.0,0.0,0.0,606192
FA,Other,,2,0.12,1,1,0,0.0,0,0.0,1,0,0.0,0.0,1,50.0,50.0,,0.0,,1.0,1.0,1.0,2.0,0.0,606192
FO,Forkball,OS,2,0.12,0,0,0,,0,,0,0,,0.0,1,50.0,50.0,0.0,0.2,0.0,,,,,,606192
FF,4-Seam Fastball,FB,466,31.25,120,101,10,8.33,16,13.33,208,40,19.23,8.58,86,18.45,27.04,17.86,26.04,9.43,0.307,0.408,0.584,0.992,0.2769999999999999,606466
SL,Slider,BR,212,14.22,51,43,9,17.65,7,13.73,87,22,25.29,10.38,29,13.68,24.06,20.0,15.48,14.29,0.233,0.353,0.419,0.772,0.1859999999999999,606466
CH,Changeup,OS,205,13.75,60,58,11,18.33,2,3.33,98,26,26.53,12.68,19,9.27,21.95,32.61,16.22,16.67,0.293,0.317,0.5,0.817,0.207,606466
CU,Curveball,BR,143,9.59,25,19,5,20.0,6,24.0,47,12,25.53,8.39,26,18.18,26.57,16.67,12.04,10.2,0.263,0.44,0.421,0.861,0.1579999999999999,606466
SI,Sinker,FB,133,8.92,37,31,4,10.81,5,13.51,59,9,15.25,6.77,24,18.05,24.81,16.13,5.9,16.67,0.258,0.351,0.355,0.706,0.0969999999999999,606466
FC,Cutter,FB,101,6.77,25,22,2,8.0,2,8.0,48,8,16.67,7.92,23,22.77,30.69,15.15,5.65,8.7,0.409,0.44,0.909,1.349,0.5,606466
ST,Sweeper,BR,94,6.3,20,15,6,30.0,3,15.0,37,13,35.14,13.83,16,17.02,30.85,31.48,7.62,19.35,0.267,0.45,0.533,0.983,0.266,606466
FS,Split-Finger,OS,93,6.24,25,25,7,28.0,0,0.0,43,14,32.56,15.05,10,10.75,25.81,33.87,7.13,24.14,0.28,0.28,0.48,0.76,0.1999999999999999,606466
KC,Knuckle Curve,BR,11,0.74,2,2,2,100.0,0,0.0,7,3,42.86,27.27,3,27.27,54.55,71.43,0.74,66.67,0.0,0.0,0.0,0.0,0.0,606466
FO,Forkball,OS,11,0.74,1,1,0,0.0,0,0.0,7,1,14.29,9.09,2,18.18,27.27,66.67,1.72,0.0,0.0,0.0,0.0,0.0,0.0,606466
,,,8,0.54,2,0,0,0.0,2,100.0,0,0,,0.0,0,0.0,0.0,,0.0,,,1.0,,,,606466
SV,Slurve,BR,7,0.47,2,2,1,50.0,0,0.0,4,2,50.0,28.57,1,14.29,42.86,0.0,0.74,33.33,0.5,0.5,0.5,1.0,0.0,606466
EP,Eephus,,5,0.34,1,1,1,100.0,0,0.0,2,2,100.0,40.0,1,20.0,60.0,25.0,0.25,100.0,0.0,0.0,0.0,0.0,0.0,606466
CS,Slow Curve,BR,1,0.07,1,1,0,0.0,0,0.0,1,0,0.0,0.0,0,0.0,0.0,,0.25,0.0,0.0,0.0,0.0,0.0,0.0,606466
KN,Knuckleball,,1,0.07,0,0,0,,0,,0,0,,0.0,0,0.0,0.0,0.0,0.25,0.0,,,,,,606466
FF,4-Seam Fastball,FB,64,28.7,10,8,5,50.0,0,0.0,24,11,45.83,17.19,13,20.31,37.5,16.67,22.62,26.32,0.125,0.3,0.25,0.55,0.125,606992
SI,Sinker,FB,44,19.73,8,7,3,37.5,1,12.5,20,5,25.0,11.36,13,29.55,40.91,42.11,10.71,33.33,0.143,0.25,0.143,0.393,0.0,606992
ST,Sweeper,BR,35,15.7,13,12,4,30.77,1,7.69,20,6,30.0,17.14,5,14.29,31.43,47.37,29.76,16.0,0.333,0.385,0.417,0.802,0.0839999999999999,606992
SL,Slider,BR,32,14.35,6,5,3,50.0,1,16.67,15,5,33.33,15.62,5,15.62,31.25,14.29,11.9,30.0,0.4,0.5,0.6,1.1,0.1999999999999999,606992
CU,Curveball,BR,13,5.83,3,2,2,66.67,0,0.0,6,2,33.33,15.38,4,30.77,46.15,33.33,7.14,33.33,0.0,0.0,0.0,0.0,0.0,606992
FC,Cutter,FB,12,5.38,4,4,1,25.0,0,0.0,10,5,50.0,41.67,0,0.0,41.67,66.67,4.76,25.0,0.0,0.0,0.0,0.0,0.0,606992
CH,Changeup,OS,6,2.69,3,3,1,33.33,0,0.0,5,2,40.0,33.33,0,0.0,33.33,50.0,3.57,33.33,0.667,0.667,1.667,2.334,1.0,606992
FA,Other,,5,2.24,0,0,0,,0,,1,1,100.0,20.0,1,20.0,40.0,25.0,1.19,0.0,,,,,,606992
EP,Eephus,,4,1.79,1,1,0,0.0,0,0.0,2,0,0.0,0.0,2,50.0,50.0,50.0,2.38,0.0,1.0,1.0,1.0,2.0,0.0,606992
FS,Split-Finger,OS,4,1.79,1,1,1,100.0,0,0.0,2,1,50.0,25.0,0,0.0,25.0,33.33,2.38,50.0,0.0,0.0,0.0,0.0,0.0,606992
SV,Slurve,BR,2,0.9,1,1,0,0.0,0,0.0,2,1,50.0,50.0,0,0.0,50.0,100.0,1.19,0.0,1.0,1.0,1.0,2.0,0.0,606992
KN,Knuckleball,,1,0.45,1,1,1,100.0,0,0.0,0,0,,0.0,1,100.0,100.0,0.0,1.19,100.0,0.0,0.0,0.0,0.0,0.0,606992
,,,1,0.45,0,0,0,,0,,0,0,,0.0,0,0.0,0.0,,1.19,0.0,,,,,,606992
FF,4-Seam Fastball,FB,701,39.03,166,140,33,19.88,22,13.25,339,76,22.42,10.84,115,16.41,27.25,15.02,40.51,14.73,0.243,0.343,0.4,0.7430000000000001,0.157,607043
SL,Slider,BR,192,10.69,60,55,19,31.67,4,6.67,108,36,33.33,18.75,24,12.5,31.25,40.2,15.19,22.62,0.2,0.25,0.455,0.7050000000000001,0.255,607043
CU,Curveball,BR,190,10.58,36,35,10,27.78,1,2.78,68,19,27.94,10.0,49,25.79,35.79,26.26,10.31,17.54,0.143,0.167,0.229,0.396,0.086,607043
SI,Sinker,FB,178,9.91,42,38,6,14.29,3,7.14,73,6,8.22,3.37,46,25.84,29.21,11.29,7.05,15.38,0.368,0.415,0.5,0.915,0.132,607043
FC,Cutter,FB,161,8.96,44,41,6,13.64,3,6.82,82,17,20.73,10.56,23,14.29,24.84,28.77,6.51,16.67,0.293,0.341,0.463,0.804,0.17,607043
CH,Changeup,OS,149,8.3,42,37,6,14.29,4,9.52,62,16,25.81,10.74,15,10.07,20.81,22.09,7.78,13.95,0.405,0.476,0.784,1.26,0.379,607043
FS,Split-Finger,OS,82,4.57,18,18,3,16.67,0,0.0,41,14,34.15,17.07,4,4.88,21.95,29.41,5.24,10.34,0.222,0.222,0.222,0.444,0.0,607043
ST,Sweeper,BR,70,3.9,23,23,6,26.09,0,0.0,34,8,23.53,11.43,17,24.29,35.71,33.33,3.07,35.29,0.261,0.261,0.609,0.87,0.348,607043
KC,Knuckle Curve,BR,48,2.67,11,11,3,27.27,0,0.0,19,4,21.05,8.33,12,25.0,33.33,20.0,3.8,14.29,0.273,0.273,0.364,0.637,0.0909999999999999,607043
SV,Slurve,BR,9,0.5,2,2,0,0.0,0,0.0,3,0,0.0,0.0,1,11.11,11.11,0.0,0.54,0.0,0.5,0.5,0.5,1.0,0.0,607043
,,,6,0.33,1,0,0,0.0,1,100.0,0,0,,0.0,0,0.0,0.0,,0.0,,,1.0,,,,607043
FA,Other,,5,0.28,1,1,0,0.0,0,0.0,1,0,0.0,0.0,1,20.0,20.0,0.0,0.0,,1.0,1.0,1.0,2.0,0.0,607043
EP,Eephus,,5,0.28,2,2,0,0.0,0,0.0,2,0,0.0,0.0,1,20.0,20.0,25.0,0.0,,0.0,0.0,0.0,0.0,0.0,607043
FA,Other,,3,60.0,1,1,1,100.0,0,0.0,1,0,0.0,0.0,2,66.67,66.67,100.0,33.33,100.0,0.0,0.0,0.0,0.0,0.0,607067
FF,4-Seam Fastball,FB,2,40.0,0,0,0,,0,,2,0,0.0,0.0,0,0.0,0.0,100.0,66.67,0.0,,,,,,607067
FF,4-Seam Fastball,FB,421,25.75,103,89,15,14.56,13,12.62,212,41,19.34,9.74,70,16.63,26.37,25.15,22.07,13.51,0.315,0.398,0.438,0.8360000000000001,0.123,607208
SI,Sinker,FB,313,19.14,97,89,11,11.34,6,6.19,159,25,15.72,7.99,62,19.81,27.8,33.33,10.54,20.75,0.348,0.402,0.506,0.908,0.158,607208
SL,Slider,BR,299,18.29,71,67,14,19.72,3,4.23,143,49,34.27,16.39,28,9.36,25.75,28.09,20.87,13.33,0.299,0.324,0.612,0.936,0.313,607208
ST,Sweeper,BR,162,9.91,41,40,11,26.83,1,2.44,82,30,36.59,18.52,21,12.96,31.48,33.72,14.51,15.07,0.3,0.317,0.45,0.767,0.15,607208
CU,Curveball,BR,103,6.3,32,29,8,25.0,3,9.38,48,17,35.42,16.5,14,13.59,30.1,30.65,8.95,17.78,0.069,0.156,0.069,0.225,0.0,607208
FC,Cutter,FB,94,5.75,21,18,1,4.76,1,4.76,52,12,23.08,12.77,12,12.77,25.53,28.89,2.98,6.67,0.556,0.6,0.611,1.211,0.0549999999999999,607208
CH,Changeup,OS,84,5.14,28,27,5,17.86,1,3.57,46,14,30.43,16.67,7,8.33,25.0,31.82,6.96,14.29,0.185,0.214,0.296,0.51,0.1109999999999999,607208
FS,Split-Finger,OS,59,3.61,18,17,4,22.22,0,0.0,34,11,32.35,18.64,2,3.39,22.03,42.11,5.77,13.79,0.294,0.294,0.529,0.823,0.235,607208
KC,Knuckle Curve,BR,58,3.55,13,12,5,38.46,1,7.69,30,16,53.33,27.59,7,12.07,39.66,41.18,3.78,26.32,0.167,0.231,0.167,0.398,0.0,607208
SV,Slurve,BR,16,0.98,5,4,0,0.0,0,0.0,8,3,37.5,18.75,1,6.25,25.0,36.36,1.19,0.0,0.25,0.25,0.5,0.75,0.25,607208
KN,Knuckleball,,10,0.61,2,2,0,0.0,0,0.0,5,1,20.0,10.0,1,10.0,20.0,33.33,0.99,0.0,0.5,0.5,0.5,1.0,0.0,607208
FO,Forkball,OS,7,0.43,3,3,1,33.33,0,0.0,4,2,50.0,28.57,0,0.0,28.57,25.0,0.8,25.0,0.0,0.0,0.0,0.0,0.0,607208
CS,Slow Curve,BR,5,0.31,2,2,0,0.0,0,0.0,3,1,33.33,20.0,0,0.0,20.0,33.33,0.2,0.0,0.0,0.0,0.0,0.0,0.0,607208
EP,Eephus,,3,0.18,1,1,0,0.0,0,0.0,2,0,0.0,0.0,1,33.33,33.33,100.0,0.2,0.0,1.0,1.0,4.0,5.0,3.0,607208
,,,1,0.06,0,0,0,,0,,0,0,,0.0,0,0.0,0.0,,0.2,0.0,,,,,,607208
SI,Sinker,FB,12,32.43,3,3,0,0.0,0,0.0,6,2,33.33,16.67,2,16.67,33.33,0.0,21.43,0.0,0.0,0.0,0.0,0.0,0.0,607680
FC,Cutter,FB,8,21.62,0,0,0,,0,,4,2,50.0,25.0,0,0.0,25.0,33.33,14.29,0.0,,,,,,607680
SL,Slider,BR,6,16.22,1,1,0,0.0,0,0.0,3,1,33.33,16.67,1,16.67,33.33,0.0,21.43,0.0,0.0,0.0,0.0,0.0,0.0,607680
FF,4-Seam Fastball,FB,4,10.81,1,1,1,100.0,0,0.0,3,0,0.0,0.0,1,25.0,25.0,100.0,14.29,50.0,0.0,0.0,0.0,0.0,0.0,607680
CU,Curveball,BR,3,8.11,1,1,0,0.0,0,0.0,3,1,33.33,33.33,0,0.0,33.33,100.0,14.29,0.0,0.0,0.0,0.0,0.0,0.0,607680
ST,Sweeper,BR,3,8.11,1,1,0,0.0,0,0.0,1,0,0.0,0.0,0,0.0,0.0,0.0,14.29,0.0,1.0,1.0,1.0,2.0,0.0,607680
CH,Changeup,OS,1,2.7,1,1,0,0.0,0,0.0,1,0,0.0,0.0,0,0.0,0.0,,0.0,,0.0,0.0,0.0,0.0,0.0,607680
FF,4-Seam Fastball,FB,105,33.23,30,25,7,23.33,3,10.0,65,22,33.85,20.95,10,9.52,30.48,44.0,35.0,20.0,0.2,0.31,0.32,0.63,0.12,607732
SL,Slider,BR,79,25.0,24,23,9,37.5,0,0.0,44,21,47.73,26.58,10,12.66,39.24,43.18,29.0,31.03,0.087,0.125,0.13,0.255,0.043,607732
SI,Sinker,FB,53,16.77,17,14,3,17.65,1,5.88,24,5,20.83,9.43,6,11.32,20.75,11.11,12.0,25.0,0.071,0.188,0.071,0.259,0.0,607732
FC,Cutter,FB,28,8.86,7,7,1,14.29,0,0.0,19,6,31.58,21.43,3,10.71,32.14,60.0,6.0,16.67,0.286,0.286,0.286,0.572,0.0,607732
ST,Sweeper,BR,24,7.59,5,5,0,0.0,0,0.0,11,2,18.18,8.33,5,20.83,29.17,25.0,5.0,0.0,0.4,0.4,0.4,0.8,0.0,607732
CU,Curveball,BR,12,3.8,4,4,1,25.0,0,0.0,9,2,22.22,16.67,0,0.0,16.67,25.0,7.0,14.29,0.5,0.5,0.5,1.0,0.0,607732
CH,Changeup,OS,6,1.9,2,2,1,50.0,0,0.0,2,1,50.0,16.67,1,16.67,33.33,25.0,4.0,25.0,0.0,0.0,0.0,0.0,0.0,607732
FS,Split-Finger,OS,4,1.27,0,0,0,,0,,2,0,0.0,0.0,0,0.0,0.0,33.33,2.0,0.0,,,,,,607732
EP,Eephus,,3,0.95,1,1,0,0.0,0,0.0,1,0,0.0,0.0,0,0.0,0.0,50.0,0.0,,0.0,0.0,0.0,0.0,0.0,607732
KC,Knuckle Curve,BR,2,0.63,0,0,0,,0,,0,0,,0.0,0,0.0,0.0,0.0,0.0,,,,,,,607732
FF,4-Seam Fastball,FB,502,25.26,122,110,14,11.48,9,7.38,222,22,9.91,4.38,99,19.72,24.1,22.98,25.4,9.86,0.309,0.369,0.627,0.996,0.318,608070
CH,Changeup,OS,361,18.17,86,79,11,12.79,7,8.14,165,33,20.0,9.14,34,9.42,18.56,32.24,19.68,10.0,0.278,0.337,0.43,0.767,0.1519999999999999,608070
SL,Slider,BR,231,11.63,61,57,8,13.11,2,3.28,134,22,16.42,9.52,31,13.42,22.94,39.39,13.6,10.53,0.193,0.246,0.404,0.65,0.211,608070
FC,Cutter,FB,195,9.81,43,38,9,20.93,4,9.3,94,16,17.02,8.21,31,15.9,24.1,25.61,8.41,19.15,0.263,0.326,0.5,0.8260000000000001,0.237,608070
SI,Sinker,FB,193,9.71,53,48,2,3.77,5,9.43,85,7,8.24,3.63,30,15.54,19.17,20.65,6.62,5.41,0.229,0.302,0.625,0.927,0.396,608070
CU,Curveball,BR,140,7.05,28,24,2,7.14,2,7.14,52,7,13.46,5.0,31,22.14,27.14,23.38,7.69,4.65,0.375,0.429,0.583,1.012,0.2079999999999999,608070
FS,Split-Finger,OS,127,6.39,34,34,7,20.59,0,0.0,66,17,25.76,13.39,8,6.3,19.69,40.66,7.51,16.67,0.382,0.382,0.529,0.911,0.147,608070
ST,Sweeper,BR,104,5.23,20,17,2,10.0,3,15.0,46,5,10.87,4.81,22,21.15,25.96,30.77,5.9,6.06,0.059,0.2,0.059,0.259,0.0,608070
KC,Knuckle Curve,BR,65,3.27,13,11,1,7.69,1,7.69,24,3,12.5,4.62,16,24.62,29.23,35.0,4.47,4.0,0.091,0.231,0.091,0.322,0.0,608070
,,,58,2.92,15,0,0,0.0,15,100.0,0,0,,0.0,0,0.0,0.0,,0.18,0.0,,1.0,,,,608070
SV,Slurve,BR,8,0.4,2,1,0,0.0,0,0.0,2,0,0.0,0.0,3,37.5,37.5,25.0,0.36,0.0,0.0,0.5,0.0,0.5,0.0,608070
CS,Slow Curve,BR,2,0.1,0,0,0,,0,,1,0,0.0,0.0,0,0.0,0.0,0.0,0.18,0.0,,,,,,608070
UN,Unknown,,1,0.05,0,0,0,,0,,0,0,,0.0,0,0.0,0.0,0.0,0.0,,,,,,,608070
FF,4-Seam Fastball,FB,393,27.87,109,96,11,10.09,11,10.09,179,18,10.06,4.58,77,19.59,24.17,18.07,27.07,9.91,0.281,0.358,0.521,0.879,0.24,608324
SI,Sinker,FB,335,23.76,95,85,9,9.47,5,5.26,143,11,7.69,3.28,85,25.37,28.66,20.77,17.32,12.68,0.247,0.326,0.365,0.6910000000000001,0.118,608324
SL,Slider,BR,234,16.6,62,53,13,20.97,7,11.29,94,26,27.66,11.11,44,18.8,29.91,20.83,17.07,18.57,0.208,0.295,0.396,0.6910000000000001,0.188,608324
ST,Sweeper,BR,132,9.36,26,25,5,19.23,1,3.85,55,15,27.27,11.36,24,18.18,29.55,23.19,10.73,11.36,0.12,0.154,0.4,0.554,0.28,608324
FC,Cutter,FB,107,7.59,26,21,2,7.69,5,19.23,36,6,16.67,5.61,27,25.23,30.84,15.09,4.88,10.0,0.333,0.462,0.714,1.176,0.3809999999999999,608324
CH,Changeup,OS,78,5.53,20,16,4,20.0,2,10.0,32,6,18.75,7.69,9,11.54,19.23,24.0,8.05,12.12,0.375,0.5,0.562,1.062,0.187,608324
CU,Curveball,BR,63,4.47,7,7,0,0.0,0,0.0,21,2,9.52,3.17,12,19.05,22.22,17.14,6.1,0.0,0.143,0.143,0.143,0.286,0.0,608324
FS,Split-Finger,OS,37,2.62,11,11,5,45.45,0,0.0,21,4,19.05,10.81,3,8.11,18.92,42.86,5.61,21.74,0.455,0.455,1.091,1.546,0.6359999999999999,608324
KC,Knuckle Curve,BR,14,0.99,3,3,1,33.33,0,0.0,6,1,16.67,7.14,0,0.0,7.14,20.0,1.71,14.29,0.0,0.0,0.0,0.0,0.0,608324
SV,Slurve,BR,7,0.5,1,1,0,0.0,0,0.0,1,0,0.0,0.0,1,14.29,14.29,0.0,0.49,0.0,1.0,1.0,2.0,3.0,1.0,608324
,,,5,0.35,1,0,0,0.0,1,100.0,0,0,,0.0,0,0.0,0.0,,0.0,,,1.0,,,,608324
CS,Slow Curve,BR,4,0.28,1,1,0,0.0,0,0.0,1,0,0.0,0.0,1,25.0,25.0,33.33,0.73,0.0,0.0,0.0,0.0,0.0,0.0,608324
FO,Forkball,OS,1,0.07,1,1,0,0.0,0,0.0,1,0,0.0,0.0,0,0.0,0.0,,0.24,0.0,0.0,0.0,0.0,0.0,0.0,608324
FF,4-Seam Fastball,FB,337,28.71,94,80,22,23.4,13,13.83,154,24,15.58,7.12,77,22.85,29.97,20.9,29.41,20.95,0.212,0.319,0.388,0.7070000000000001,0.176,608348
SI,Sinker,FB,233,19.85,56,48,3,5.36,6,10.71,97,7,7.22,3.0,62,26.61,29.61,23.71,13.73,6.12,0.25,0.357,0.396,0.753,0.146,608348
SL,Slider,BR,213,18.14,60,55,13,21.67,2,3.33,89,22,24.72,10.33,22,10.33,20.66,16.39,18.49,19.7,0.182,0.217,0.236,0.4529999999999999,0.0539999999999999,608348
ST,Sweeper,BR,137,11.67,27,24,8,29.63,3,11.11,57,19,33.33,13.87,16,11.68,25.55,20.73,14.01,16.0,0.292,0.37,0.333,0.7030000000000001,0.041,608348
FC,Cutter,FB,113,9.63,21,18,3,14.29,3,14.29,46,6,13.04,5.31,19,16.81,22.12,9.8,6.44,13.04,0.333,0.429,0.611,1.04,0.2779999999999999,608348
CU,Curveball,BR,61,5.2,15,14,3,20.0,0,0.0,24,7,29.17,11.48,11,18.03,29.51,21.21,6.44,13.04,0.143,0.143,0.571,0.714,0.4279999999999999,608348
CH,Changeup,OS,25,2.13,8,7,3,37.5,1,12.5,9,2,22.22,8.0,5,20.0,28.0,15.38,4.2,20.0,0.286,0.375,0.571,0.946,0.285,608348
FS,Split-Finger,OS,22,1.87,6,4,1,16.67,2,33.33,13,5,38.46,22.73,0,0.0,22.73,50.0,3.64,7.69,0.25,0.5,0.25,0.75,0.0,608348
KC,Knuckle Curve,BR,15,1.28,3,2,1,33.33,1,33.33,5,2,40.0,13.33,1,6.67,20.0,18.18,1.68,16.67,0.5,0.667,0.5,1.167,0.0,608348
SV,Slurve,BR,10,0.85,3,3,1,33.33,0,0.0,7,3,42.86,30.0,0,0.0,30.0,40.0,1.68,16.67,0.667,0.667,2.0,2.667,1.333,608348
EP,Eephus,,3,0.26,1,1,0,0.0,0,0.0,1,0,0.0,0.0,0,0.0,0.0,,0.0,,1.0,1.0,4.0,5.0,3.0,608348
FA,Other,,2,0.17,1,1,0,0.0,0,0.0,1,0,0.0,0.0,0,0.0,0.0,50.0,0.0,,0.0,0.0,0.0,0.0,0.0,608348
CS,Slow Curve,BR,1,0.09,0,0,0,,0,,1,1,100.0,100.0,0,0.0,100.0,,0.0,,,,,,,608348
FO,Forkball,OS,1,0.09,1,1,0,0.0,0,0.0,1,0,0.0,0.0,0,0.0,0.0,,0.28,0.0,1.0,1.0,1.0,2.0,0.0,608348
,,,1,0.09,0,0,0,,0,,0,0,,0.0,0,0.0,0.0,,0.0,,,,,,,608348
FF,4-Seam Fastball,FB,307,27.29,77,61,14,18.18,16,20.78,151,41,27.15,13.36,29,9.45,22.8,18.49,32.28,13.04,0.262,0.416,0.426,0.842,0.1639999999999999,608369
CH,Changeup,OS,206,18.31,54,43,4,7.41,10,18.52,96,24,25.0,11.65,10,4.85,16.5,23.66,16.84,8.33,0.256,0.389,0.512,0.901,0.256,608369
SI,Sinker,FB,129,11.47,31,25,5,16.13,6,19.35,51,3,5.88,2.33,25,19.38,21.71,10.34,7.72,22.73,0.36,0.484,0.4,0.884,0.04,608369
SL,Slider,BR,97,8.62,23,23,4,17.39,0,0.0,49,16,32.65,16.49,5,5.15,21.65,20.0,9.12,15.38,0.435,0.435,1.087,1.522,0.6519999999999999,608369
FC,Cutter,FB,94,8.36,26,24,5,19.23,2,7.69,49,11,22.45,11.7,7,7.45,19.15,22.92,7.37,23.81,0.375,0.423,0.583,1.006,0.2079999999999999,608369
CU,Curveball,BR,88,7.82,22,18,7,31.82,2,9.09,40,12,30.0,13.64,10,11.36,25.0,24.0,9.82,25.0,0.167,0.273,0.444,0.7170000000000001,0.277,608369
FS,Split-Finger,OS,86,7.64,27,26,6,22.22,1,3.7,42,12,28.57,13.95,4,4.65,18.6,23.53,7.02,30.0,0.231,0.259,0.346,0.605,0.1149999999999999,608369
ST,Sweeper,BR,51,4.53,18,17,4,22.22,0,0.0,35,10,28.57,19.61,2,3.92,23.53,38.1,5.26,26.67,0.353,0.389,0.412,0.8009999999999999,0.059,608369
,,,35,3.11,9,0,0,0.0,9,100.0,0,0,,0.0,0,0.0,0.0,,0.35,0.0,,1.0,,,,608369
KC,Knuckle Curve,BR,18,1.6,6,5,1,16.67,1,16.67,7,1,14.29,5.56,2,11.11,16.67,11.11,2.11,16.67,0.4,0.5,0.6,1.1,0.1999999999999999,608369
SV,Slurve,BR,7,0.62,2,2,0,0.0,0,0.0,4,0,0.0,0.0,1,14.29,14.29,0.0,1.05,0.0,0.0,0.0,0.0,0.0,0.0,608369
FO,Forkball,OS,6,0.53,0,0,0,,0,,2,1,50.0,16.67,1,16.67,33.33,0.0,1.05,0.0,,,,,,608369
CS,Slow Curve,BR,1,0.09,1,1,0,0.0,0,0.0,1,0,0.0,0.0,0,0.0,0.0,,0.0,,1.0,1.0,2.0,3.0,1.0,608369
FF,4-Seam Fastball,FB,112,37.71,31,26,6,19.35,5,16.13,61,13,21.31,11.61,10,8.93,20.54,12.77,39.13,16.67,0.231,0.355,0.5,0.855,0.269,608385
FC,Cutter,FB,37,12.46,13,10,1,7.69,1,7.69,17,2,11.76,5.41,7,18.92,24.32,21.05,8.7,12.5,0.2,0.231,0.2,0.431,0.0,608385
CH,Changeup,OS,28,9.43,4,3,2,50.0,1,25.0,7,4,57.14,14.29,3,10.71,25.0,0.0,9.78,22.22,0.0,0.25,0.0,0.25,0.0,608385
CU,Curveball,BR,25,8.42,5,4,2,40.0,1,20.0,6,2,33.33,8.0,11,44.0,52.0,25.0,7.61,28.57,0.0,0.2,0.0,0.2,0.0,608385
SL,Slider,BR,24,8.08,4,4,1,25.0,0,0.0,10,3,30.0,12.5,6,25.0,37.5,27.27,5.43,20.0,0.25,0.25,0.25,0.5,0.0,608385
ST,Sweeper,BR,21,7.07,5,5,2,40.0,0,0.0,7,1,14.29,4.76,3,14.29,19.05,15.38,10.87,20.0,0.2,0.2,0.4,0.6000000000000001,0.2,608385
SI,Sinker,FB,16,5.39,4,4,1,25.0,0,0.0,7,1,14.29,6.25,2,12.5,18.75,22.22,5.43,20.0,0.5,0.5,0.5,1.0,0.0,608385
FS,Split-Finger,OS,16,5.39,6,6,3,50.0,0,0.0,10,3,30.0,18.75,1,6.25,25.0,28.57,8.7,37.5,0.333,0.333,0.667,1.0,0.334,608385
KC,Knuckle Curve,BR,13,4.38,2,2,1,50.0,0,0.0,4,0,0.0,0.0,5,38.46,38.46,40.0,4.35,25.0,0.0,0.0,0.0,0.0,0.0,608385
FA,Other,,2,0.67,1,1,0,0.0,0,0.0,1,0,0.0,0.0,1,50.0,50.0,100.0,0.0,,1.0,1.0,1.0,2.0,0.0,608385
,,,2,0.67,1,0,0,0.0,1,100.0,0,0,,0.0,0,0.0,0.0,,0.0,,,1.0,,,,608385
EP,Eephus,,1,0.34,0,0,0,,0,,0,0,,0.0,0,0.0,0.0,0.0,0.0,,,,,,,608385
FF,4-Seam Fastball,FB,77,49.36,21,19,4,19.05,1,4.76,41,4,9.76,5.19,18,23.38,28.57,9.09,50.98,15.38,0.316,0.333,0.421,0.754,0.1049999999999999,608671
CH,Changeup,OS,19,12.18,6,6,2,33.33,0,0.0,10,5,50.0,26.32,0,0.0,26.32,22.22,13.73,28.57,0.167,0.167,0.167,0.334,0.0,608671
ST,Sweeper,BR,12,7.69,2,1,0,0.0,0,0.0,2,0,0.0,0.0,5,41.67,41.67,16.67,3.92,0.0,1.0,1.0,1.0,2.0,0.0,608671
SL,Slider,BR,10,6.41,4,3,3,75.0,1,25.0,7,5,71.43,50.0,2,20.0,70.0,100.0,7.84,75.0,0.0,0.25,0.0,0.25,0.0,608671
SI,Sinker,FB,10,6.41,5,5,0,0.0,0,0.0,7,0,0.0,0.0,2,20.0,20.0,50.0,5.88,0.0,0.2,0.2,0.2,0.4,0.0,608671
FC,Cutter,FB,10,6.41,4,4,1,25.0,0,0.0,4,1,25.0,10.0,5,50.0,60.0,50.0,5.88,33.33,0.0,0.0,0.0,0.0,0.0,608671
CU,Curveball,BR,8,5.13,0,0,0,,0,,4,0,0.0,0.0,1,12.5,12.5,0.0,3.92,0.0,,,,,,608671
KC,Knuckle Curve,BR,5,3.21,0,0,0,,0,,0,0,,0.0,0,0.0,0.0,0.0,3.92,0.0,,,,,,608671
FS,Split-Finger,OS,3,1.92,1,0,0,0.0,1,100.0,0,0,,0.0,0,0.0,0.0,0.0,1.96,0.0,,1.0,,,,608671
SV,Slurve,BR,2,1.28,0,0,0,,0,,0,0,,0.0,0,0.0,0.0,0.0,1.96,0.0,,,,,,608671
FF,4-Seam Fastball,FB,100,33.22,25,24,9,36.0,1,4.0,54,13,24.07,13.0,13,13.0,26.0,33.33,39.22,22.5,0.292,0.32,0.458,0.778,0.166,608701
SI,Sinker,FB,71,23.59,22,20,3,13.64,2,9.09,35,7,20.0,9.86,14,19.72,29.58,23.08,13.73,21.43,0.15,0.227,0.2,0.427,0.05,608701
SL,Slider,BR,54,17.94,9,8,4,44.44,0,0.0,21,10,47.62,18.52,10,18.52,37.04,20.69,18.63,21.05,0.125,0.125,0.25,0.375,0.125,608701
ST,Sweeper,BR,41,13.62,10,10,4,40.0,0,0.0,17,6,35.29,14.63,7,17.07,31.71,32.0,13.73,28.57,0.2,0.2,0.5,0.7,0.3,608701
FC,Cutter,FB,13,4.32,0,0,0,,0,,1,0,0.0,0.0,2,15.38,15.38,0.0,2.94,0.0,,,,,,608701
CH,Changeup,OS,10,3.32,2,2,2,100.0,0,0.0,5,4,80.0,40.0,1,10.0,50.0,20.0,4.9,40.0,0.0,0.0,0.0,0.0,0.0,608701
CU,Curveball,BR,6,1.99,2,1,0,0.0,1,50.0,2,0,0.0,0.0,0,0.0,0.0,20.0,4.9,0.0,0.0,0.5,0.0,0.5,0.0,608701
KC,Knuckle Curve,BR,4,1.33,1,0,0,0.0,1,100.0,0,0,,0.0,1,25.0,25.0,0.0,1.96,0.0,,1.0,,,,608701
EP,Eephus,,1,0.33,1,1,0,0.0,0,0.0,1,0,0.0,0.0,0,0.0,0.0,,0.0,,1.0,1.0,1.0,2.0,0.0,608701
SV,Slurve,BR,1,0.33,0,0,0,,0,,0,0,,0.0,1,100.0,100.0,,0.0,,,,,,,608701
SI,Sinker,FB,219,24.69,67,63,4,5.97,4,5.97,120,4,3.33,1.83,33,15.07,16.89,34.74,14.58,11.43,0.333,0.373,0.46,0.833,0.127,609280
SL,Slider,BR,187,21.08,42,41,7,16.67,1,2.38,94,29,30.85,15.51,30,16.04,31.55,34.34,20.83,14.0,0.317,0.333,0.488,0.821,0.1709999999999999,609280
FF,4-Seam Fastball,FB,176,19.84,55,47,4,7.27,7,12.73,95,11,11.58,6.25,16,9.09,15.34,28.09,21.25,7.84,0.298,0.382,0.404,0.786,0.106,609280
ST,Sweeper,BR,111,12.51,28,27,8,28.57,1,3.57,53,17,32.08,15.32,17,15.32,30.63,30.0,17.08,19.51,0.074,0.107,0.074,0.181,0.0,609280
FC,Cutter,FB,62,6.99,20,19,2,10.0,0,0.0,32,4,12.5,6.45,12,19.35,25.81,37.93,2.92,28.57,0.316,0.3,0.474,0.774,0.1579999999999999,609280
CU,Curveball,BR,41,4.62,13,12,4,30.77,1,7.69,18,7,38.89,17.07,4,9.76,26.83,36.67,7.08,23.53,0.25,0.308,0.25,0.558,0.0,609280
CH,Changeup,OS,41,4.62,11,10,1,9.09,0,0.0,27,7,25.93,17.07,1,2.44,19.51,45.83,5.83,7.14,0.4,0.455,0.9,1.355,0.5,609280
FS,Split-Finger,OS,29,3.27,6,6,3,50.0,0,0.0,17,6,35.29,20.69,1,3.45,24.14,50.0,6.25,20.0,0.167,0.167,0.333,0.5,0.166,609280
KC,Knuckle Curve,BR,14,1.58,4,4,0,0.0,0,0.0,6,1,16.67,7.14,3,21.43,28.57,25.0,3.33,0.0,0.5,0.5,0.5,1.0,0.0,609280
,,,2,0.23,0,0,0,,0,,0,0,,0.0,0,0.0,0.0,,0.42,0.0,,,,,,609280
CS,Slow Curve,BR,1,0.11,0,0,0,,0,,0,0,,0.0,0,0.0,0.0,0.0,0.42,0.0,,,,,,609280
EP,Eephus,,1,0.11,0,0,0,,0,,1,0,0.0,0.0,0,0.0,0.0,100.0,0.0,,,,,,,609280
FA,Other,,1,0.11,1,1,0,0.0,0,0.0,1,0,0.0,0.0,0,0.0,0.0,,0.0,,1.0,1.0,4.0,5.0,3.0,609280
PO,Pitch Out,,1,0.11,0,0,0,,0,,0,0,,0.0,0,0.0,0.0,0.0,0.0,,,,,,,609280
SV,Slurve,BR,1,0.11,1,1,0,0.0,0,0.0,1,0,0.0,0.0,0,0.0,0.0,,0.0,,0.0,0.0,0.0,0.0,0.0,609280
FF,4-Seam Fastball,FB,221,27.76,59,51,11,18.64,7,11.86,107,17,15.89,7.69,53,23.98,31.67,21.52,24.05,19.3,0.196,0.293,0.294,0.587,0.0979999999999999,620443
SI,Sinker,FB,169,21.23,39,34,7,17.95,5,12.82,66,9,13.64,5.33,42,24.85,30.18,23.46,13.08,22.58,0.176,0.282,0.294,0.576,0.118,620443
SL,Slider,BR,144,18.09,38,36,6,15.79,1,2.63,74,12,16.22,8.33,16,11.11,19.44,18.18,24.89,10.17,0.25,0.289,0.444,0.733,0.194,620443
ST,Sweeper,BR,70,8.79,16,14,3,18.75,2,12.5,38,16,42.11,22.86,7,10.0,32.86,42.86,10.55,12.0,0.214,0.312,0.286,0.598,0.0719999999999999,620443
FC,Cutter,FB,66,8.29,18,18,0,0.0,0,0.0,33,4,12.12,6.06,14,21.21,27.27,20.0,3.38,0.0,0.222,0.222,0.278,0.5,0.056,620443
CU,Curveball,BR,39,4.9,15,15,6,40.0,0,0.0,23,9,39.13,23.08,4,10.26,33.33,30.0,7.17,35.29,0.267,0.267,0.4,0.667,0.133,620443
CH,Changeup,OS,37,4.65,9,9,4,44.44,0,0.0,20,5,25.0,13.51,7,18.92,32.43,42.86,6.75,25.0,0.222,0.222,0.222,0.444,0.0,620443
FS,Split-Finger,OS,27,3.39,8,8,2,25.0,0,0.0,15,6,40.0,22.22,1,3.7,25.93,23.08,6.75,12.5,0.25,0.25,0.25,0.5,0.0,620443
KC,Knuckle Curve,BR,13,1.63,4,3,0,0.0,1,25.0,5,1,20.0,7.69,0,0.0,7.69,11.11,2.11,0.0,0.0,0.25,0.0,0.25,0.0,620443
SV,Slurve,BR,5,0.63,1,1,0,0.0,0,0.0,3,1,33.33,20.0,0,0.0,20.0,33.33,0.42,0.0,1.0,1.0,1.0,2.0,0.0,620443
FA,Other,,2,0.25,1,1,0,0.0,0,0.0,1,0,0.0,0.0,1,50.0,50.0,,0.0,,1.0,1.0,4.0,5.0,3.0,620443
EP,Eephus,,1,0.13,1,1,0,0.0,0,0.0,1,0,0.0,0.0,0,0.0,0.0,,0.0,,0.0,0.0,0.0,0.0,0.0,620443
PO,Pitch Out,,1,0.13,0,0,0,,0,,0,0,,0.0,0,0.0,0.0,0.0,0.42,0.0,,,,,,620443
,,,1,0.13,0,0,0,,0,,0,0,,0.0,0,0.0,0.0,,0.42,0.0,,,,,,620443
FF,4-Seam Fastball,FB,493,24.59,155,141,45,29.03,9,5.81,291,89,30.58,18.05,64,12.98,31.03,28.57,25.16,28.85,0.227,0.273,0.418,0.6910000000000001,0.1909999999999999,621020
SL,Slider,BR,483,24.09,100,92,25,25.0,8,8.0,227,83,36.56,17.18,62,12.84,30.02,23.72,26.29,15.34,0.217,0.28,0.348,0.628,0.1309999999999999,621020
SI,Sinker,FB,365,18.2,103,92,16,15.53,10,9.71,187,36,19.25,9.86,59,16.16,26.03,28.75,12.26,21.05,0.272,0.35,0.424,0.774,0.1519999999999999,621020
ST,Sweeper,BR,228,11.37,44,38,9,20.45,5,11.36,90,24,26.67,10.53,36,15.79,26.32,19.85,10.65,13.64,0.158,0.25,0.316,0.5660000000000001,0.158,621020
FC,Cutter,FB,156,7.78,34,31,7,20.59,3,8.82,74,23,31.08,14.74,25,16.03,30.77,21.13,4.68,24.14,0.452,0.5,0.645,1.145,0.193,621020
CH,Changeup,OS,105,5.24,27,25,13,48.15,1,3.7,55,19,34.55,18.1,6,5.71,23.81,36.36,9.19,22.81,0.04,0.074,0.16,0.2339999999999999,0.12,621020
CU,Curveball,BR,85,4.24,22,21,5,22.73,1,4.55,39,8,20.51,9.41,11,12.94,22.35,23.26,5.97,13.51,0.19,0.227,0.286,0.513,0.0959999999999999,621020
FS,Split-Finger,OS,43,2.14,9,9,4,44.44,0,0.0,24,11,45.83,25.58,2,4.65,30.23,32.0,3.06,21.05,0.111,0.111,0.111,0.222,0.0,621020
KC,Knuckle Curve,BR,25,1.25,6,6,2,33.33,0,0.0,6,2,33.33,8.0,5,20.0,28.0,6.25,1.61,20.0,0.5,0.5,1.333,1.833,0.833,621020
SV,Slurve,BR,9,0.45,2,2,0,0.0,0,0.0,5,0,0.0,0.0,1,11.11,11.11,40.0,0.48,0.0,0.5,0.5,0.5,1.0,0.0,621020
EP,Eephus,,5,0.25,1,1,0,0.0,0,0.0,2,0,0.0,0.0,1,20.0,20.0,25.0,0.16,0.0,0.0,0.0,0.0,0.0,0.0,621020
FO,Forkball,OS,5,0.25,3,2,2,66.67,1,33.33,2,2,100.0,40.0,1,20.0,60.0,33.33,0.32,100.0,0.0,0.333,0.0,0.333,0.0,621020
CS,Slow Curve,BR,1,0.05,0,0,0,,0,,0,0,,0.0,0,0.0,0.0,0.0,0.0,,,,,,,621020
PO,Pitch Out,,1,0.05,0,0,0,,0,,0,0,,0.0,0,0.0,0.0,0.0,0.0,,,,,,,621020
,,,1,0.05,1,1,0,0.0,0,0.0,1,0,0.0,0.0,0,0.0,0.0,,0.16,0.0,0.0,0.0,0.0,0.0,0.0,621020
FF,4-Seam Fastball,FB,81,30.22,17,17,3,17.65,0,0.0,43,3,6.98,3.7,13,16.05,19.75,25.0,26.19,13.64,0.294,0.294,0.353,0.647,0.059,621028
SI,Sinker,FB,61,22.76,20,20,2,10.0,0,0.0,32,4,12.5,6.56,10,16.39,22.95,35.71,8.33,28.57,0.2,0.2,0.2,0.4,0.0,621028
SL,Slider,BR,52,19.4,17,17,2,11.76,0,0.0,29,8,27.59,15.38,5,9.62,25.0,28.0,22.62,10.53,0.235,0.235,0.588,0.823,0.353,621028
ST,Sweeper,BR,28,10.45,10,10,5,50.0,0,0.0,19,7,36.84,25.0,2,7.14,32.14,53.33,16.67,35.71,0.1,0.1,0.1,0.2,0.0,621028
FC,Cutter,FB,20,7.46,8,8,0,0.0,0,0.0,14,2,14.29,10.0,4,20.0,30.0,66.67,7.14,0.0,0.0,0.0,0.0,0.0,0.0,621028
CU,Curveball,BR,8,2.99,2,2,0,0.0,0,0.0,3,0,0.0,0.0,0,0.0,0.0,28.57,4.76,0.0,0.0,0.0,0.0,0.0,0.0,621028
CH,Changeup,OS,7,2.61,0,0,0,,0,,2,0,0.0,0.0,1,14.29,14.29,0.0,5.95,0.0,,,,,,621028
FS,Split-Finger,OS,5,1.87,3,3,1,33.33,0,0.0,4,1,25.0,20.0,0,0.0,20.0,50.0,3.57,33.33,0.667,0.667,0.667,1.334,0.0,621028
SV,Slurve,BR,4,1.49,1,1,1,100.0,0,0.0,2,1,50.0,25.0,1,25.0,50.0,0.0,3.57,33.33,0.0,0.0,0.0,0.0,0.0,621028
KC,Knuckle Curve,BR,2,0.75,0,0,0,,0,,0,0,,0.0,1,50.0,50.0,0.0,1.19,0.0,,,,,,621028
FF,4-Seam Fastball,FB,124,34.35,29,24,8,27.59,0,0.0,63,22,34.92,17.74,9,7.26,25.0,4.17,38.14,17.78,0.25,0.345,0.375,0.72,0.125,621035
SI,Sinker,FB,78,21.61,18,16,5,27.78,1,5.56,38,12,31.58,15.38,14,17.95,33.33,21.88,12.71,33.33,0.312,0.389,0.375,0.764,0.063,621035
ST,Sweeper,BR,52,14.4,13,10,6,46.15,2,15.38,24,11,45.83,21.15,6,11.54,32.69,28.12,17.8,28.57,0.0,0.231,0.0,0.231,0.0,621035
SL,Slider,BR,48,13.3,18,18,7,38.89,0,0.0,29,10,34.48,20.83,8,16.67,37.5,44.44,18.64,31.82,0.222,0.222,0.444,0.666,0.222,621035
FC,Cutter,FB,31,8.59,5,5,3,60.0,0,0.0,14,8,57.14,25.81,5,16.13,41.94,33.33,7.63,33.33,0.0,0.0,0.0,0.0,0.0,621035
CU,Curveball,BR,8,2.22,1,1,0,0.0,0,0.0,4,2,50.0,25.0,1,12.5,37.5,25.0,2.54,0.0,1.0,1.0,2.0,3.0,1.0,621035
FA,Other,,8,2.22,2,2,0,0.0,0,0.0,3,0,0.0,0.0,1,12.5,12.5,16.67,0.0,,0.0,0.0,0.0,0.0,0.0,621035
FS,Split-Finger,OS,4,1.11,1,1,1,100.0,0,0.0,1,1,100.0,25.0,2,50.0,75.0,0.0,0.85,100.0,0.0,0.0,0.0,0.0,0.0,621035
CH,Changeup,OS,4,1.11,1,1,0,0.0,0,0.0,3,1,33.33,25.0,0,0.0,25.0,50.0,1.69,0.0,1.0,1.0,4.0,5.0,3.0,621035
EP,Eephus,,3,0.83,1,1,0,0.0,0,0.0,2,1,50.0,33.33,0,0.0,33.33,0.0,0.0,,0.0,0.0,0.0,0.0,0.0,621035
KC,Knuckle Curve,BR,1,0.28,0,0,0,,0,,0,0,,0.0,1,100.0,100.0,,0.0,,,,,,,621035
FF,4-Seam Fastball,FB,478,27.63,113,99,29,25.66,14,12.39,217,36,16.59,7.53,104,21.76,29.29,20.3,28.94,17.72,0.283,0.372,0.414,0.786,0.131,621043
SI,Sinker,FB,444,25.66,141,132,20,14.18,7,4.96,206,24,11.65,5.41,107,24.1,29.5,27.27,19.05,19.23,0.273,0.312,0.371,0.683,0.0979999999999999,621043
SL,Slider,BR,302,17.46,73,70,20,27.4,3,4.11,135,56,41.48,18.54,52,17.22,35.76,29.17,18.13,20.2,0.271,0.301,0.386,0.687,0.1149999999999999,621043
FC,Cutter,FB,146,8.44,37,33,2,5.41,4,10.81,71,13,18.31,8.9,21,14.38,23.29,31.25,5.49,6.67,0.303,0.378,0.303,0.681,0.0,621043
ST,Sweeper,BR,131,7.57,27,26,6,22.22,1,3.7,59,20,33.9,15.27,20,15.27,30.53,34.57,10.07,10.91,0.115,0.148,0.192,0.3399999999999999,0.077,621043
CH,Changeup,OS,96,5.55,22,22,3,13.64,0,0.0,46,12,26.09,12.5,13,13.54,26.04,40.0,6.41,8.57,0.409,0.409,0.682,1.091,0.2730000000000001,621043
CU,Curveball,BR,54,3.12,13,12,3,23.08,1,7.69,33,6,18.18,11.11,10,18.52,29.63,55.56,4.4,12.5,0.25,0.308,0.333,0.641,0.083,621043
FS,Split-Finger,OS,49,2.83,15,14,5,33.33,0,0.0,26,9,34.62,18.37,1,2.04,20.41,38.89,5.13,17.86,0.357,0.357,0.571,0.928,0.2139999999999999,621043
KC,Knuckle Curve,BR,22,1.27,3,3,0,0.0,0,0.0,9,4,44.44,18.18,2,9.09,27.27,26.67,1.83,0.0,0.333,0.333,0.667,1.0,0.334,621043
SV,Slurve,BR,4,0.23,0,0,0,,0,,2,0,0.0,0.0,1,25.0,25.0,0.0,0.18,0.0,,,,,,621043
CS,Slow Curve,BR,3,0.17,1,1,0,0.0,0,0.0,2,0,0.0,0.0,0,0.0,0.0,0.0,0.18,0.0,0.0,0.0,0.0,0.0,0.0,621043
,,,1,0.06,0,0,0,,0,,0,0,,0.0,0,0.0,0.0,,0.18,0.0,,,,,,621043
FF,4-Seam Fastball,FB,224,26.02,50,45,8,16.0,3,6.0,112,15,13.39,6.7,45,20.09,26.79,26.67,24.36,14.04,0.356,0.408,0.511,0.919,0.155,621438
SL,Slider,BR,175,20.33,49,47,11,22.45,1,2.04,82,28,34.15,16.0,32,18.29,34.29,27.27,20.94,22.45,0.234,0.245,0.34,0.585,0.106,621438
SI,Sinker,FB,161,18.7,49,43,5,10.2,2,4.08,74,4,5.41,2.48,47,29.19,31.68,16.67,7.69,27.78,0.256,0.333,0.419,0.752,0.1629999999999999,621438
ST,Sweeper,BR,130,15.1,41,36,14,34.15,1,2.44,60,21,35.0,16.15,26,20.0,36.15,30.77,20.94,28.57,0.111,0.175,0.139,0.314,0.028,621438
FC,Cutter,FB,54,6.27,13,13,0,0.0,0,0.0,26,6,23.08,11.11,7,12.96,24.07,30.0,2.14,0.0,0.154,0.154,0.231,0.385,0.077,621438
CU,Curveball,BR,34,3.95,8,8,3,37.5,0,0.0,14,5,35.71,14.71,8,23.53,38.24,38.89,6.41,20.0,0.125,0.125,0.125,0.25,0.0,621438
CH,Changeup,OS,29,3.37,12,12,8,66.67,0,0.0,17,9,52.94,31.03,1,3.45,34.48,40.0,7.26,47.06,0.083,0.083,0.083,0.166,0.0,621438
KC,Knuckle Curve,BR,23,2.67,6,5,3,50.0,0,0.0,10,4,40.0,17.39,5,21.74,39.13,50.0,4.27,30.0,0.0,0.167,0.0,0.167,0.0,621438
FS,Split-Finger,OS,17,1.97,6,6,3,50.0,0,0.0,12,4,33.33,23.53,2,11.76,35.29,66.67,3.85,33.33,0.333,0.333,1.0,1.333,0.667,621438
SV,Slurve,BR,8,0.93,3,3,2,66.67,0,0.0,4,3,75.0,37.5,1,12.5,50.0,57.14,1.71,50.0,0.0,0.0,0.0,0.0,0.0,621438
FA,Other,,4,0.46,1,1,0,0.0,0,0.0,2,0,0.0,0.0,0,0.0,0.0,33.33,0.0,,1.0,1.0,2.0,3.0,1.0,621438
EP,Eephus,,1,0.12,1,1,0,0.0,0,0.0,1,0,0.0,0.0,0,0.0,0.0,100.0,0.0,,1.0,1.0,1.0,2.0,0.0,621438
,,,1,0.12,0,0,0,,0,,0,0,,0.0,0,0.0,0.0,,0.43,0.0,,,,,,621438
FF,4-Seam Fastball,FB,435,27.58,123,111,36,29.27,9,7.32,237,61,25.74,14.02,54,12.41,26.44,29.41,28.33,26.47,0.27,0.333,0.541,0.8740000000000001,0.271,621439
SI,Sinker,FB,325,20.61,91,82,12,13.19,5,5.49,177,33,18.64,10.15,56,17.23,27.38,29.5,11.46,21.82,0.317,0.385,0.561,0.946,0.244,621439
SL,Slider,BR,235,14.9,46,45,18,39.13,1,2.17,113,57,50.44,24.26,35,14.89,39.15,33.83,15.83,23.68,0.267,0.283,0.6,0.883,0.3329999999999999,621439
ST,Sweeper,BR,155,9.83,46,42,14,30.43,2,4.35,83,33,39.76,21.29,9,5.81,27.1,33.33,13.33,21.88,0.286,0.326,0.571,0.897,0.285,621439
FC,Cutter,FB,141,8.94,40,38,7,17.5,2,5.0,67,16,23.88,11.35,21,14.89,26.24,24.62,5.42,26.92,0.132,0.175,0.263,0.438,0.131,621439
CH,Changeup,OS,135,8.56,31,28,17,54.84,3,9.68,65,33,50.77,24.44,11,8.15,32.59,25.33,11.67,30.36,0.179,0.258,0.464,0.722,0.285,621439
FS,Split-Finger,OS,64,4.06,16,13,5,31.25,3,18.75,30,12,40.0,18.75,7,10.94,29.69,20.0,6.25,16.67,0.308,0.438,0.615,1.053,0.307,621439
CU,Curveball,BR,61,3.87,19,16,11,57.89,1,5.26,33,19,57.58,31.15,7,11.48,42.62,42.86,5.62,40.74,0.125,0.158,0.5,0.658,0.375,621439
KC,Knuckle Curve,BR,12,0.76,1,1,1,100.0,0,0.0,6,1,16.67,8.33,1,8.33,16.67,28.57,1.04,20.0,0.0,0.0,0.0,0.0,0.0,621439
,,,9,0.57,2,0,0,0.0,2,100.0,0,0,,0.0,0,0.0,0.0,,0.21,0.0,,1.0,,,,621439
SV,Slurve,BR,4,0.25,3,3,3,100.0,0,0.0,3,3,100.0,75.0,0,0.0,75.0,75.0,0.83,75.0,0.0,0.0,0.0,0.0,0.0,621439
FA,Other,,1,0.06,1,1,0,0.0,0,0.0,1,0,0.0,0.0,0,0.0,0.0,,0.0,,0.0,0.0,0.0,0.0,0.0,621439
FF,4-Seam Fastball,FB,629,27.29,154,129,41,26.62,24,15.58,259,59,22.78,9.38,123,19.55,28.93,14.23,29.58,20.3,0.233,0.351,0.519,0.87,0.286,621493
SL,Slider,BR,445,19.31,97,85,24,24.74,9,9.28,168,53,31.55,11.91,101,22.7,34.61,27.09,19.91,17.65,0.224,0.292,0.518,0.81,0.294,621493
SI,Sinker,FB,398,17.27,106,85,19,17.92,18,16.98,129,14,10.85,3.52,130,32.66,36.18,13.64,11.27,24.68,0.282,0.415,0.588,1.003,0.306,621493
ST,Sweeper,BR,297,12.89,55,51,21,38.18,2,3.64,87,24,27.59,8.08,76,25.59,33.67,18.52,14.79,20.79,0.176,0.2,0.314,0.514,0.138,621493
FC,Cutter,FB,207,8.98,45,41,6,13.33,4,8.89,77,16,20.78,7.73,52,25.12,32.85,20.21,4.39,20.0,0.171,0.244,0.195,0.439,0.0239999999999999,621493
CH,Changeup,OS,115,4.99,34,31,11,32.35,3,8.82,57,13,22.81,11.3,18,15.65,26.96,32.76,7.76,20.75,0.194,0.265,0.323,0.5880000000000001,0.129,621493
CU,Curveball,BR,87,3.77,17,16,7,41.18,1,5.88,27,12,44.44,13.79,22,25.29,39.08,26.92,4.25,24.14,0.188,0.235,0.562,0.797,0.374,621493
FS,Split-Finger,OS,68,2.95,24,22,9,37.5,1,4.17,33,12,36.36,17.65,7,10.29,27.94,37.21,5.12,25.71,0.182,0.25,0.227,0.477,0.045,621493
KC,Knuckle Curve,BR,39,1.69,12,12,2,16.67,0,0.0,14,1,7.14,2.56,6,15.38,17.95,22.73,1.9,15.38,0.167,0.167,0.5,0.667,0.3329999999999999,621493
SV,Slurve,BR,14,0.61,3,3,2,66.67,0,0.0,6,3,50.0,21.43,2,14.29,35.71,25.0,0.88,33.33,0.0,0.0,0.0,0.0,0.0,621493
FO,Forkball,OS,4,0.17,0,0,0,,0,,0,0,,0.0,0,0.0,0.0,0.0,0.0,,,,,,,621493
EP,Eephus,,1,0.04,1,1,0,0.0,0,0.0,1,0,0.0,0.0,0,0.0,0.0,,0.0,,1.0,1.0,1.0,2.0,0.0,621493
CS,Slow Curve,BR,1,0.04,0,0,0,,0,,1,0,0.0,0.0,0,0.0,0.0,100.0,0.15,0.0,,,,,,621493
FF,4-Seam Fastball,FB,41,43.62,10,10,5,50.0,0,0.0,24,8,33.33,19.51,6,14.63,34.15,40.0,46.43,38.46,0.1,0.1,0.1,0.2,0.0,621512
SI,Sinker,FB,15,15.96,5,5,1,20.0,0,0.0,8,1,12.5,6.67,2,13.33,20.0,50.0,14.29,25.0,0.4,0.4,0.4,0.8,0.0,621512
ST,Sweeper,BR,14,14.89,4,4,2,50.0,0,0.0,6,3,50.0,21.43,3,21.43,42.86,30.0,10.71,66.67,0.25,0.25,0.25,0.5,0.0,621512
SL,Slider,BR,12,12.77,6,5,1,16.67,0,0.0,6,2,33.33,16.67,1,8.33,25.0,42.86,10.71,33.33,0.6,0.667,0.6,1.267,0.0,621512
CH,Changeup,OS,4,4.26,0,0,0,,0,,3,1,33.33,25.0,0,0.0,25.0,50.0,7.14,0.0,,,,,,621512
CU,Curveball,BR,4,4.26,0,0,0,,0,,2,1,50.0,25.0,0,0.0,25.0,33.33,10.71,0.0,,,,,,621512
FC,Cutter,FB,3,3.19,2,2,0,0.0,0,0.0,2,0,0.0,0.0,0,0.0,0.0,0.0,0.0,,0.5,0.5,0.5,1.0,0.0,621512
,,,1,1.06,0,0,0,,0,,0,0,,0.0,0,0.0,0.0,,0.0,,,,,,,621512
FF,4-Seam Fastball,FB,804,35.54,176,141,38,21.59,33,18.75,385,104,27.01,12.94,98,12.19,25.12,20.16,36.3,13.36,0.262,0.4,0.482,0.882,0.2199999999999999,621566
SL,Slider,BR,281,12.42,62,59,22,35.48,3,4.84,130,41,31.54,14.59,39,13.88,28.47,31.71,13.76,20.95,0.22,0.258,0.441,0.6990000000000001,0.221,621566
CH,Changeup,OS,251,11.1,64,57,9,14.06,7,10.94,95,15,15.79,5.98,23,9.16,15.14,20.61,11.66,10.11,0.281,0.359,0.386,0.745,0.1049999999999999,621566
FC,Cutter,FB,213,9.42,50,47,13,26.0,3,6.0,107,25,23.36,11.74,36,16.9,28.64,33.01,8.13,20.97,0.34,0.38,0.553,0.933,0.213,621566
SI,Sinker,FB,211,9.33,52,38,7,13.46,14,26.92,92,19,20.65,9.0,42,19.91,28.91,13.48,7.73,11.86,0.316,0.5,0.579,1.079,0.2629999999999999,621566
CU,Curveball,BR,208,9.2,51,44,15,29.41,5,9.8,89,26,29.21,12.5,41,19.71,32.21,29.91,9.44,19.44,0.227,0.333,0.523,0.8560000000000001,0.296,621566
ST,Sweeper,BR,133,5.88,22,20,6,27.27,1,4.55,48,6,12.5,4.51,34,25.56,30.08,16.13,5.64,13.95,0.2,0.273,0.4,0.673,0.2,621566
FS,Split-Finger,OS,93,4.11,18,14,6,33.33,4,22.22,28,14,50.0,15.05,13,13.98,29.03,24.64,4.33,18.18,0.214,0.389,0.429,0.8180000000000001,0.215,621566
KC,Knuckle Curve,BR,39,1.72,8,5,0,0.0,3,37.5,13,2,15.38,5.13,9,23.08,28.21,21.74,1.83,0.0,0.6,0.75,1.8,2.55,1.2000000000000002,621566
SV,Slurve,BR,11,0.49,2,2,0,0.0,0,0.0,5,1,20.0,9.09,3,27.27,36.36,25.0,0.52,0.0,0.5,0.5,1.0,1.5,0.5,621566
FO,Forkball,OS,11,0.49,1,0,0,0.0,1,100.0,3,0,0.0,0.0,0,0.0,0.0,12.5,0.52,0.0,,1.0,,,,621566
,,,5,0.22,1,0,0,0.0,1,100.0,0,0,,0.0,0,0.0,0.0,,0.0,,,1.0,,,,621566
CS,Slow Curve,BR,2,0.09,1,1,0,0.0,0,0.0,2,0,0.0,0.0,0,0.0,0.0,100.0,0.13,0.0,0.0,0.0,0.0,0.0,0.0,621566
FF,4-Seam Fastball,FB,10,41.67,2,2,1,50.0,0,0.0,5,1,20.0,10.0,2,20.0,30.0,40.0,100.0,50.0,0.0,0.0,0.0,0.0,0.0,622268
SL,Slider,BR,3,12.5,1,1,0,0.0,0,0.0,1,0,0.0,0.0,0,0.0,0.0,0.0,0.0,,1.0,1.0,1.0,2.0,0.0,622268
SI,Sinker,FB,3,12.5,1,1,0,0.0,0,0.0,3,0,0.0,0.0,0,0.0,0.0,,0.0,,0.0,0.0,0.0,0.0,0.0,622268
ST,Sweeper,BR,3,12.5,1,1,0,0.0,0,0.0,2,0,0.0,0.0,0,0.0,0.0,0.0,0.0,,0.0,0.0,0.0,0.0,0.0,622268
CH,Changeup,OS,2,8.33,2,1,0,0.0,0,0.0,2,0,0.0,0.0,0,0.0,0.0,,0.0,,0.0,0.0,0.0,0.0,0.0,622268
CU,Curveball,BR,2,8.33,0,0,0,,0,,0,0,,0.0,0,0.0,0.0,0.0,0.0,,,,,,,622268
FS,Split-Finger,OS,1,4.17,0,0,0,,0,,0,0,,0.0,0,0.0,0.0,0.0,0.0,,,,,,,622268
FF,4-Seam Fastball,FB,6,31.58,2,2,1,50.0,0,0.0,3,2,66.67,33.33,1,16.67,50.0,33.33,28.57,50.0,0.5,0.5,0.5,1.0,0.0,622534
ST,Sweeper,BR,5,26.32,1,1,0,0.0,0,0.0,1,0,0.0,0.0,1,20.0,20.0,0.0,28.57,0.0,0.0,0.0,0.0,0.0,0.0,622534
FS,Split-Finger,OS,4,21.05,1,1,1,100.0,0,0.0,4,2,50.0,50.0,0,0.0,50.0,100.0,42.86,33.33,0.0,0.0,0.0,0.0,0.0,622534
SI,Sinker,FB,4,21.05,1,1,0,0.0,0,0.0,3,0,0.0,0.0,1,25.0,25.0,,0.0,,1.0,1.0,1.0,2.0,0.0,622534
FF,4-Seam Fastball,FB,29,51.79,5,5,2,40.0,0,0.0,15,5,33.33,17.24,6,20.69,37.93,36.36,47.37,22.22,0.2,0.2,0.4,0.6000000000000001,0.2,622569
SI,Sinker,FB,9,16.07,4,4,1,25.0,0,0.0,3,0,0.0,0.0,3,33.33,33.33,0.0,15.79,33.33,0.25,0.25,0.25,0.5,0.0,622569
SL,Slider,BR,6,10.71,1,1,0,0.0,0,0.0,2,1,50.0,16.67,2,33.33,50.0,0.0,10.53,0.0,1.0,1.0,1.0,2.0,0.0,622569
ST,Sweeper,BR,6,10.71,2,2,1,50.0,0,0.0,2,1,50.0,16.67,3,50.0,66.67,33.33,10.53,50.0,0.0,0.0,0.0,0.0,0.0,622569
FC,Cutter,FB,4,7.14,2,1,1,50.0,0,0.0,2,1,50.0,25.0,0,0.0,25.0,50.0,10.53,50.0,0.0,0.0,0.0,0.0,0.0,622569
CU,Curveball,BR,1,1.79,1,1,0,0.0,0,0.0,1,0,0.0,0.0,0,0.0,0.0,,5.26,0.0,1.0,1.0,1.0,2.0,0.0,622569
SV,Slurve,BR,1,1.79,1,1,0,0.0,0,0.0,1,0,0.0,0.0,0,0.0,0.0,,0.0,,0.0,0.0,0.0,0.0,0.0,622569
FF,4-Seam Fastball,FB,66,35.11,13,10,7,53.85,3,23.08,33,16,48.48,24.24,17,25.76,50.0,34.78,30.14,31.82,0.1,0.308,0.1,0.408,0.0,622761
SI,Sinker,FB,42,22.34,10,10,2,20.0,0,0.0,26,2,7.69,4.76,7,16.67,21.43,63.16,16.44,16.67,0.2,0.2,0.2,0.4,0.0,622761
SL,Slider,BR,30,15.96,9,8,4,44.44,1,11.11,14,5,35.71,16.67,5,16.67,33.33,25.0,17.81,30.77,0.125,0.222,0.5,0.722,0.375,622761
ST,Sweeper,BR,21,11.17,3,3,1,33.33,0,0.0,10,4,40.0,19.05,2,9.52,28.57,35.71,17.81,7.69,0.0,0.0,0.0,0.0,0.0,622761
FC,Cutter,FB,7,3.72,1,1,0,0.0,0,0.0,4,1,25.0,14.29,0,0.0,14.29,50.0,2.74,0.0,0.0,0.0,0.0,0.0,0.0,622761
CU,Curveball,BR,7,3.72,4,4,2,50.0,0,0.0,5,3,60.0,42.86,0,0.0,42.86,0.0,5.48,50.0,0.25,0.25,0.25,0.5,0.0,622761
CH,Changeup,OS,6,3.19,1,1,0,0.0,0,0.0,2,0,0.0,0.0,1,16.67,16.67,25.0,4.11,0.0,0.0,0.0,0.0,0.0,0.0,622761
FS,Split-Finger,OS,4,2.13,2,2,1,50.0,0,0.0,3,2,66.67,50.0,0,0.0,50.0,50.0,2.74,50.0,0.0,0.0,0.0,0.0,0.0,622761
KC,Knuckle Curve,BR,3,1.6,0,0,0,,0,,0,0,,0.0,0,0.0,0.0,0.0,2.74,0.0,,,,,,622761
EP,Eephus,,2,1.06,1,1,0,0.0,0,0.0,1,0,0.0,0.0,1,50.0,50.0,50.0,0.0,,1.0,1.0,2.0,3.0,1.0,622761
FF,4-Seam Fastball,FB,161,34.7,37,32,9,24.32,4,10.81,82,12,14.63,7.45,23,14.29,21.74,28.77,33.09,20.0,0.188,0.278,0.312,0.5900000000000001,0.124,623168
CH,Changeup,OS,67,14.44,22,19,5,22.73,1,4.55,43,14,32.56,20.9,3,4.48,25.37,46.34,16.91,21.74,0.211,0.286,0.211,0.497,0.0,623168
SI,Sinker,FB,48,10.34,16,13,1,6.25,1,6.25,25,3,12.0,6.25,8,16.67,22.92,22.22,9.56,7.69,0.385,0.5,0.538,1.038,0.153,623168
SL,Slider,BR,44,9.48,9,6,1,11.11,1,11.11,21,3,14.29,6.82,7,15.91,22.73,29.17,9.56,7.69,0.333,0.444,1.167,1.611,0.8340000000000001,623168
FC,Cutter,FB,40,8.62,11,9,1,9.09,1,9.09,22,2,9.09,5.0,4,10.0,15.0,31.82,4.41,16.67,0.0,0.1,0.0,0.1,0.0,623168
CU,Curveball,BR,24,5.17,6,5,3,50.0,0,0.0,13,4,30.77,16.67,3,12.5,29.17,27.27,6.62,33.33,0.0,0.0,0.0,0.0,0.0,623168
KC,Knuckle Curve,BR,23,4.96,6,6,1,16.67,0,0.0,13,5,38.46,21.74,7,30.43,52.17,70.0,7.35,10.0,0.5,0.5,0.667,1.167,0.167,623168
FS,Split-Finger,OS,22,4.74,7,7,3,42.86,0,0.0,12,4,33.33,18.18,3,13.64,31.82,30.0,5.88,37.5,0.143,0.143,0.143,0.286,0.0,623168
ST,Sweeper,BR,14,3.02,5,4,1,20.0,1,20.0,9,3,33.33,21.43,2,14.29,35.71,62.5,4.41,0.0,0.5,0.6,0.5,1.1,0.0,623168
FA,Other,,11,2.37,2,2,0,0.0,0,0.0,3,0,0.0,0.0,3,27.27,27.27,14.29,1.47,0.0,0.5,0.5,0.5,1.0,0.0,623168
EP,Eephus,,7,1.51,2,2,0,0.0,0,0.0,3,0,0.0,0.0,1,14.29,14.29,33.33,0.0,,1.0,1.0,1.0,2.0,0.0,623168
SV,Slurve,BR,2,0.43,1,1,0,0.0,0,0.0,1,0,0.0,0.0,0,0.0,0.0,50.0,0.74,0.0,0.0,0.0,0.0,0.0,0.0,623168
,,,1,0.22,0,0,0,,0,,0,0,,0.0,0,0.0,0.0,,0.0,,,,,,,623168
FF,4-Seam Fastball,FB,292,40.67,65,57,22,33.85,7,10.77,141,37,26.24,12.67,44,15.07,27.74,28.29,38.82,23.91,0.14,0.231,0.228,0.459,0.088,623993
CH,Changeup,OS,90,12.53,23,20,6,26.09,3,13.04,45,13,28.89,14.44,3,3.33,17.78,33.33,17.3,14.63,0.15,0.261,0.35,0.611,0.1999999999999999,623993
SL,Slider,BR,87,12.12,22,19,5,22.73,3,13.64,53,14,26.42,16.09,12,13.79,29.89,47.92,12.66,16.67,0.105,0.227,0.263,0.49,0.158,623993
FC,Cutter,FB,83,11.56,11,10,2,18.18,0,0.0,44,7,15.91,8.43,13,15.66,24.1,38.46,5.91,14.29,0.4,0.455,1.0,1.455,0.6,623993
SI,Sinker,FB,59,8.22,12,11,1,8.33,1,8.33,25,2,8.0,3.39,12,20.34,23.73,14.81,7.17,5.88,0.364,0.417,0.636,1.053,0.272,623993
FS,Split-Finger,OS,41,5.71,14,14,4,28.57,0,0.0,25,5,20.0,12.2,7,17.07,29.27,52.63,6.75,25.0,0.214,0.214,0.214,0.428,0.0,623993
CU,Curveball,BR,29,4.04,10,8,0,0.0,2,20.0,15,1,6.67,3.45,4,13.79,17.24,47.37,4.22,0.0,0.25,0.4,0.25,0.65,0.0,623993
ST,Sweeper,BR,23,3.2,5,4,1,20.0,1,20.0,8,1,12.5,4.35,3,13.04,17.39,0.0,5.49,7.69,0.0,0.2,0.0,0.2,0.0,623993
KC,Knuckle Curve,BR,7,0.97,1,1,0,0.0,0,0.0,5,1,20.0,14.29,0,0.0,14.29,66.67,1.27,0.0,1.0,1.0,1.0,2.0,0.0,623993
,,,4,0.56,1,0,0,0.0,1,100.0,0,0,,0.0,0,0.0,0.0,,0.0,,,1.0,,,,623993
SV,Slurve,BR,3,0.42,2,2,0,0.0,0,0.0,2,0,0.0,0.0,0,0.0,0.0,0.0,0.42,0.0,0.0,0.0,0.0,0.0,0.0,623993
SI,Sinker,FB,502,25.61,131,113,6,4.58,12,9.16,226,27,11.95,5.38,83,16.53,21.91,23.33,16.39,6.67,0.389,0.466,0.637,1.103,0.248,624413
FF,4-Seam Fastball,FB,495,25.26,132,116,38,28.79,10,7.58,270,74,27.41,14.95,65,13.13,28.08,27.1,32.06,21.59,0.276,0.341,0.612,0.953,0.3359999999999999,624413
SL,Slider,BR,314,16.02,82,70,17,20.73,10,12.2,150,52,34.67,16.56,42,13.38,29.94,33.9,15.48,20.0,0.271,0.354,0.529,0.883,0.258,624413
ST,Sweeper,BR,223,11.38,42,40,9,21.43,2,4.76,85,17,20.0,7.62,46,20.63,28.25,25.0,11.29,14.52,0.25,0.286,0.475,0.7609999999999999,0.2249999999999999,624413
CU,Curveball,BR,118,6.02,27,24,10,37.04,2,7.41,36,12,33.33,10.17,29,24.58,34.75,20.31,5.46,33.33,0.125,0.185,0.208,0.393,0.0829999999999999,624413
FC,Cutter,FB,106,5.41,28,24,4,14.29,3,10.71,46,10,21.74,9.43,16,15.09,24.53,19.61,4.74,15.38,0.292,0.357,0.792,1.149,0.5,624413
CH,Changeup,OS,94,4.8,26,23,4,15.38,1,3.85,51,10,19.61,10.64,8,8.51,19.15,32.0,7.29,10.0,0.304,0.385,0.696,1.081,0.3919999999999999,624413
FS,Split-Finger,OS,42,2.14,16,14,5,31.25,1,6.25,23,8,34.78,19.05,3,7.14,26.19,37.5,3.46,26.32,0.214,0.312,0.214,0.526,0.0,624413
KC,Knuckle Curve,BR,38,1.94,14,14,6,42.86,0,0.0,23,10,43.48,26.32,6,15.79,42.11,70.0,2.55,42.86,0.286,0.286,0.643,0.929,0.357,624413
SV,Slurve,BR,14,0.71,3,3,2,66.67,0,0.0,2,1,50.0,7.14,5,35.71,42.86,18.18,1.09,33.33,0.0,0.0,0.0,0.0,0.0,624413
EP,Eephus,,6,0.31,1,0,0,0.0,1,100.0,1,0,0.0,0.0,0,0.0,0.0,16.67,0.0,,,1.0,,,,624413
,,,6,0.31,1,0,0,0.0,1,100.0,0,0,,0.0,0,0.0,0.0,,0.18,0.0,,1.0,,,,624413
FA,Other,,2,0.1,2,2,0,0.0,0,0.0,2,0,0.0,0.0,0,0.0,0.0,100.0,0.0,,0.0,0.0,0.0,0.0,0.0,624413
FF,4-Seam Fastball,FB,128,41.69,37,31,6,16.22,6,16.22,55,8,14.55,6.25,29,22.66,28.91,12.5,33.7,16.13,0.226,0.351,0.387,0.738,0.161,624415
CH,Changeup,OS,50,16.29,9,8,4,44.44,1,11.11,19,9,47.37,18.0,5,10.0,28.0,25.71,27.17,16.0,0.0,0.111,0.0,0.111,0.0,624415
FC,Cutter,FB,25,8.14,6,6,2,33.33,0,0.0,10,2,20.0,8.0,6,24.0,32.0,20.0,4.35,50.0,0.167,0.167,0.167,0.334,0.0,624415
SL,Slider,BR,22,7.17,1,1,1,100.0,0,0.0,7,2,28.57,9.09,5,22.73,31.82,9.09,9.78,11.11,0.0,0.0,0.0,0.0,0.0,624415
CU,Curveball,BR,20,6.51,3,2,1,33.33,1,33.33,6,3,50.0,15.0,7,35.0,50.0,25.0,7.61,14.29,0.5,0.667,0.5,1.167,0.0,624415
SI,Sinker,FB,20,6.51,6,4,1,16.67,1,16.67,6,0,0.0,0.0,4,20.0,20.0,16.67,4.35,25.0,0.25,0.5,0.25,0.75,0.0,624415
FS,Split-Finger,OS,18,5.86,6,6,2,33.33,0,0.0,9,3,33.33,16.67,2,11.11,27.78,33.33,8.7,25.0,0.167,0.167,0.167,0.334,0.0,624415
ST,Sweeper,BR,16,5.21,3,3,1,33.33,0,0.0,5,2,40.0,12.5,4,25.0,37.5,11.11,2.17,50.0,0.0,0.0,0.0,0.0,0.0,624415
KC,Knuckle Curve,BR,7,2.28,2,2,1,50.0,0,0.0,1,0,0.0,0.0,3,42.86,42.86,0.0,2.17,50.0,0.0,0.0,0.0,0.0,0.0,624415
,,,1,0.33,1,0,0,0.0,1,100.0,0,0,,0.0,0,0.0,0.0,,0.0,,,1.0,,,,624415
FF,4-Seam Fastball,FB,629,36.0,148,125,29,19.59,20,13.51,282,60,21.28,9.54,103,16.38,25.91,15.25,32.63,15.05,0.248,0.361,0.44,0.8009999999999999,0.192,624424
CH,Changeup,OS,223,12.76,59,55,15,25.42,4,6.78,104,30,28.85,13.45,26,11.66,25.11,31.21,12.98,20.27,0.164,0.22,0.255,0.475,0.091,624424
SI,Sinker,FB,199,11.39,51,38,11,21.57,11,21.57,88,13,14.77,6.53,44,22.11,28.64,24.14,11.93,16.18,0.184,0.36,0.263,0.623,0.079,624424
SL,Slider,BR,187,10.7,49,40,14,28.57,8,16.33,86,24,27.91,12.83,30,16.04,28.88,23.91,13.68,17.95,0.15,0.286,0.375,0.661,0.225,624424
CU,Curveball,BR,142,8.13,26,23,10,38.46,2,7.69,52,15,28.85,10.56,33,23.24,33.8,25.32,9.12,19.23,0.217,0.269,0.217,0.486,0.0,624424
FC,Cutter,FB,135,7.73,27,24,5,18.52,2,7.41,58,13,22.41,9.63,28,20.74,30.37,23.44,5.96,14.71,0.167,0.259,0.292,0.5509999999999999,0.1249999999999999,624424
ST,Sweeper,BR,108,6.18,20,19,6,30.0,0,0.0,49,13,26.53,12.04,19,17.59,29.63,21.57,5.79,18.18,0.0,0.05,0.0,0.05,0.0,624424
FS,Split-Finger,OS,65,3.72,15,14,3,20.0,1,6.67,30,9,30.0,13.85,3,4.62,18.46,27.91,4.74,11.11,0.143,0.2,0.143,0.3429999999999999,0.0,624424
KC,Knuckle Curve,BR,44,2.52,12,12,7,58.33,0,0.0,24,12,50.0,27.27,5,11.36,38.64,31.82,2.46,50.0,0.25,0.25,0.5,0.75,0.25,624424
SV,Slurve,BR,5,0.29,1,1,0,0.0,0,0.0,3,0,0.0,0.0,1,20.0,20.0,66.67,0.18,0.0,0.0,0.0,0.0,0.0,0.0,624424
FA,Other,,4,0.23,1,1,0,0.0,0,0.0,2,0,0.0,0.0,0,0.0,0.0,0.0,0.0,,0.0,0.0,0.0,0.0,0.0,624424
FO,Forkball,OS,3,0.17,1,1,1,100.0,0,0.0,2,1,50.0,33.33,0,0.0,33.33,100.0,0.35,50.0,0.0,0.0,0.0,0.0,0.0,624424
,,,3,0.17,0,0,0,,0,,0,0,,0.0,0,0.0,0.0,,0.18,0.0,,,,,,624424
FF,4-Seam Fastball,FB,586,37.09,119,102,13,10.92,12,10.08,282,38,13.48,6.48,114,19.45,25.94,24.71,34.58,7.39,0.294,0.37,0.392,0.762,0.098,624428
FC,Cutter,FB,193,12.22,41,39,3,7.32,0,0.0,110,27,24.55,13.99,31,16.06,30.05,31.71,8.84,6.67,0.256,0.268,0.385,0.653,0.129,624428
SL,Slider,BR,180,11.39,58,55,16,27.59,2,3.45,108,21,19.44,11.67,26,14.44,26.11,36.84,15.32,20.51,0.273,0.293,0.345,0.6379999999999999,0.0719999999999999,624428
SI,Sinker,FB,154,9.75,41,37,6,14.63,3,7.32,64,9,14.06,5.84,39,25.32,31.17,19.05,8.45,13.95,0.351,0.415,0.541,0.956,0.19,624428
CU,Curveball,BR,136,8.61,49,47,6,12.24,0,0.0,68,11,16.18,8.09,18,13.24,21.32,32.05,8.64,13.64,0.213,0.245,0.234,0.479,0.021,624428
CH,Changeup,OS,130,8.23,35,33,5,14.29,2,5.71,61,12,19.67,9.23,9,6.92,16.15,28.4,8.25,11.9,0.394,0.429,0.485,0.914,0.0909999999999999,624428
FS,Split-Finger,OS,75,4.75,20,20,3,15.0,0,0.0,46,10,21.74,13.33,6,8.0,21.33,41.46,6.48,9.09,0.15,0.15,0.15,0.3,0.0,624428
ST,Sweeper,BR,62,3.92,15,14,4,26.67,1,6.67,34,8,23.53,12.9,5,8.06,20.97,25.93,4.52,17.39,0.286,0.333,0.429,0.762,0.143,624428
KC,Knuckle Curve,BR,37,2.34,6,6,3,50.0,0,0.0,16,6,37.5,16.22,5,13.51,29.73,30.43,3.34,17.65,0.0,0.0,0.0,0.0,0.0,624428
FO,Forkball,OS,11,0.7,3,3,1,33.33,0,0.0,6,2,33.33,18.18,0,0.0,18.18,37.5,1.57,12.5,0.333,0.333,0.667,1.0,0.334,624428
,,,8,0.51,2,0,0,0.0,2,100.0,0,0,,0.0,0,0.0,0.0,,0.0,,,1.0,,,,624428
EP,Eephus,,5,0.32,2,2,0,0.0,0,0.0,3,0,0.0,0.0,0,0.0,0.0,0.0,0.0,,0.5,0.5,0.5,1.0,0.0,624428
SV,Slurve,BR,2,0.13,0,0,0,,0,,0,0,,0.0,1,50.0,50.0,0.0,0.0,,,,,,,624428
FA,Other,,1,0.06,1,1,0,0.0,0,0.0,1,0,0.0,0.0,0,0.0,0.0,,0.0,,0.0,0.0,0.0,0.0,0.0,624428
FF,4-Seam Fastball,FB,233,29.12,54,50,7,12.96,3,5.56,107,16,14.95,6.87,64,27.47,34.33,29.35,22.73,14.0,0.28,0.315,0.4,0.7150000000000001,0.12,624431
SL,Slider,BR,178,22.25,51,47,11,21.57,4,7.84,92,35,38.04,19.66,19,10.67,30.34,32.67,28.64,17.46,0.106,0.176,0.149,0.3249999999999999,0.043,624431
SI,Sinker,FB,155,19.38,47,44,4,8.51,2,4.26,70,4,5.71,2.58,50,32.26,34.84,46.77,14.55,12.5,0.364,0.383,0.455,0.8380000000000001,0.091,624431
ST,Sweeper,BR,87,10.88,29,28,3,10.34,1,3.45,38,6,15.79,6.9,15,17.24,24.14,26.09,12.73,10.71,0.25,0.276,0.286,0.562,0.0359999999999999,624431
FC,Cutter,FB,54,6.75,13,11,1,7.69,1,7.69,21,4,19.05,7.41,9,16.67,24.07,14.29,3.64,12.5,0.545,0.583,1.0,1.583,0.4549999999999999,624431
CU,Curveball,BR,37,4.62,8,8,2,25.0,0,0.0,12,3,25.0,8.11,6,16.22,24.32,17.39,6.82,13.33,0.125,0.125,0.125,0.25,0.0,624431
CH,Changeup,OS,21,2.62,8,8,2,25.0,0,0.0,11,4,36.36,19.05,4,19.05,38.1,50.0,4.55,20.0,0.0,0.0,0.0,0.0,0.0,624431
KC,Knuckle Curve,BR,20,2.5,8,8,0,0.0,0,0.0,10,1,10.0,5.0,3,15.0,20.0,25.0,3.64,0.0,0.25,0.25,0.625,0.875,0.375,624431
FS,Split-Finger,OS,10,1.25,4,4,2,50.0,0,0.0,7,4,57.14,40.0,0,0.0,40.0,50.0,2.73,33.33,0.5,0.5,1.0,1.5,0.5,624431
FA,Other,,2,0.25,1,0,0,0.0,0,0.0,1,0,0.0,0.0,1,50.0,50.0,,0.0,,,0.0,,,,624431
SV,Slurve,BR,2,0.25,0,0,0,,0,,0,0,,0.0,1,50.0,50.0,0.0,0.0,,,,,,,624431
EP,Eephus,,1,0.12,0,0,0,,0,,0,0,,0.0,0,0.0,0.0,,0.0,,,,,,,624431
FF,4-Seam Fastball,FB,151,33.86,38,37,3,7.89,1,2.63,96,17,17.71,11.26,12,7.95,19.21,40.85,31.86,8.33,0.216,0.237,0.297,0.534,0.0809999999999999,624512
SI,Sinker,FB,64,14.35,22,19,2,9.09,2,9.09,33,3,9.09,4.69,14,21.88,26.56,37.04,12.39,14.29,0.421,0.455,0.947,1.402,0.526,624512
CH,Changeup,OS,59,13.23,22,22,5,22.73,0,0.0,37,11,29.73,18.64,4,6.78,25.42,54.05,16.81,26.32,0.136,0.136,0.273,0.409,0.137,624512
CU,Curveball,BR,45,10.09,7,7,1,14.29,0,0.0,13,3,23.08,6.67,10,22.22,28.89,22.22,5.31,16.67,0.143,0.143,0.286,0.4289999999999999,0.143,624512
SL,Slider,BR,42,9.42,10,9,5,50.0,1,10.0,22,10,45.45,23.81,9,21.43,45.24,31.25,15.04,29.41,0.333,0.4,0.667,1.0670000000000002,0.334,624512
FC,Cutter,FB,24,5.38,7,7,0,0.0,0,0.0,17,2,11.76,8.33,3,12.5,20.83,50.0,3.54,0.0,0.286,0.286,0.714,1.0,0.428,624512
FS,Split-Finger,OS,24,5.38,10,9,2,20.0,0,0.0,14,4,28.57,16.67,0,0.0,16.67,23.08,7.96,22.22,0.222,0.2,0.222,0.422,0.0,624512
ST,Sweeper,BR,23,5.16,2,2,0,0.0,0,0.0,9,5,55.56,21.74,4,17.39,39.13,28.57,2.65,0.0,0.0,0.0,0.0,0.0,0.0,624512
KC,Knuckle Curve,BR,11,2.47,4,4,2,50.0,0,0.0,7,2,28.57,18.18,0,0.0,18.18,42.86,3.54,50.0,0.0,0.0,0.0,0.0,0.0,624512
,,,2,0.45,1,1,1,100.0,0,0.0,0,0,,0.0,0,0.0,0.0,,0.88,100.0,0.0,0.0,0.0,0.0,0.0,624512
SV,Slurve,BR,1,0.22,0,0,0,,0,,1,0,0.0,0.0,0,0.0,0.0,,0.0,,,,,,,624512
CU,Curveball,BR,2,50.0,0,0,0,,0,,0,0,,0.0,1,50.0,50.0,0.0,50.0,0.0,,,,,,624513
SI,Sinker,FB,1,25.0,0,0,0,,0,,0,0,,0.0,1,100.0,100.0,,0.0,,,,,,,624513
SL,Slider,BR,1,25.0,1,1,1,100.0,0,0.0,1,1,100.0,100.0,0,0.0,100.0,100.0,50.0,100.0,0.0,0.0,0.0,0.0,0.0,624513
SI,Sinker,FB,235,22.13,60,46,11,18.33,9,15.0,89,13,14.61,5.53,61,25.96,31.49,18.55,12.84,26.19,0.174,0.339,0.348,0.687,0.174,624585
SL,Slider,BR,230,21.66,60,56,19,31.67,4,6.67,103,43,41.75,18.7,39,16.96,35.65,28.91,22.32,26.03,0.232,0.283,0.571,0.8539999999999999,0.3389999999999999,624585
FF,4-Seam Fastball,FB,220,20.72,55,49,21,38.18,5,9.09,119,40,33.61,18.18,32,14.55,32.73,30.11,24.16,26.58,0.306,0.364,0.469,0.833,0.1629999999999999,624585
ST,Sweeper,BR,136,12.81,34,32,11,32.35,1,2.94,63,19,30.16,13.97,22,16.18,30.15,30.0,14.68,22.92,0.188,0.206,0.219,0.425,0.031,624585
CH,Changeup,OS,63,5.93,16,15,11,68.75,1,6.25,29,15,51.72,23.81,5,7.94,31.75,29.27,8.87,37.93,0.067,0.125,0.133,0.258,0.066,624585
CU,Curveball,BR,61,5.74,12,9,2,16.67,2,16.67,24,8,33.33,13.11,9,14.75,27.87,25.64,7.95,7.69,0.111,0.333,0.111,0.444,0.0,624585
FC,Cutter,FB,60,5.65,14,13,1,7.14,1,7.14,30,8,26.67,13.33,9,15.0,28.33,18.52,3.98,7.69,0.231,0.286,0.462,0.748,0.231,624585
FS,Split-Finger,OS,28,2.64,8,8,1,12.5,0,0.0,13,2,15.38,7.14,3,10.71,17.86,15.38,3.06,10.0,0.25,0.25,0.25,0.5,0.0,624585
KC,Knuckle Curve,BR,23,2.17,4,4,2,50.0,0,0.0,7,3,42.86,13.04,4,17.39,30.43,15.38,1.83,33.33,0.25,0.25,0.25,0.5,0.0,624585
SV,Slurve,BR,6,0.56,1,1,0,0.0,0,0.0,2,0,0.0,0.0,1,16.67,16.67,25.0,0.31,0.0,0.0,0.0,0.0,0.0,0.0,624585
SI,Sinker,FB,140,26.67,32,31,0,0.0,1,3.12,77,7,9.09,5.0,22,15.71,20.71,31.58,11.39,0.0,0.194,0.219,0.29,0.509,0.0959999999999999,624641
FF,4-Seam Fastball,FB,122,23.24,34,29,8,23.53,2,5.88,62,15,24.19,12.3,24,19.67,31.97,34.48,26.58,19.05,0.241,0.281,0.414,0.6950000000000001,0.173,624641
SL,Slider,BR,107,20.38,34,33,7,20.59,0,0.0,65,24,36.92,22.43,12,11.21,33.64,53.97,23.42,18.92,0.333,0.333,0.455,0.788,0.122,624641
ST,Sweeper,BR,49,9.33,14,13,2,14.29,0,0.0,24,4,16.67,8.16,8,16.33,24.49,39.29,12.03,10.53,0.231,0.231,0.692,0.923,0.4609999999999999,624641
FC,Cutter,FB,46,8.76,9,9,1,11.11,0,0.0,26,7,26.92,15.22,6,13.04,28.26,48.0,6.33,10.0,0.111,0.111,0.444,0.555,0.333,624641
CU,Curveball,BR,21,4.0,7,7,2,28.57,0,0.0,14,4,28.57,19.05,1,4.76,23.81,53.85,6.96,18.18,0.286,0.286,0.429,0.715,0.143,624641
FS,Split-Finger,OS,13,2.48,7,7,5,71.43,0,0.0,11,8,72.73,61.54,0,0.0,61.54,66.67,5.06,62.5,0.143,0.143,0.429,0.572,0.286,624641
CH,Changeup,OS,12,2.29,4,3,1,25.0,1,25.0,8,3,37.5,25.0,0,0.0,25.0,62.5,3.16,20.0,0.333,0.5,0.333,0.833,0.0,624641
KC,Knuckle Curve,BR,11,2.1,1,1,1,100.0,0,0.0,5,2,40.0,18.18,3,27.27,45.45,40.0,3.8,16.67,0.0,0.0,0.0,0.0,0.0,624641
EP,Eephus,,2,0.38,2,2,0,0.0,0,0.0,2,0,0.0,0.0,0,0.0,0.0,,0.0,,0.5,0.5,0.5,1.0,0.0,624641
SV,Slurve,BR,1,0.19,1,1,1,100.0,0,0.0,1,1,100.0,100.0,0,0.0,100.0,100.0,0.63,100.0,0.0,0.0,0.0,0.0,0.0,624641
,,,1,0.19,0,0,0,,0,,0,0,,0.0,0,0.0,0.0,,0.63,0.0,,,,,,624641
FF,4-Seam Fastball,FB,62,30.39,14,12,2,14.29,2,14.29,32,7,21.88,11.29,6,9.68,20.97,31.58,32.26,10.0,0.083,0.214,0.167,0.381,0.084,628451
SI,Sinker,FB,45,22.06,16,14,0,0.0,0,0.0,28,2,7.14,4.44,8,17.78,22.22,43.75,17.74,0.0,0.214,0.312,0.214,0.526,0.0,628451
ST,Sweeper,BR,36,17.65,10,10,1,10.0,0,0.0,20,3,15.0,8.33,2,5.56,13.89,33.33,22.58,7.14,0.1,0.1,0.1,0.2,0.0,628451
SL,Slider,BR,32,15.69,10,10,0,0.0,0,0.0,21,3,14.29,9.38,2,6.25,15.62,35.71,12.9,0.0,0.3,0.3,0.4,0.7,0.1,628451
FC,Cutter,FB,11,5.39,1,0,0,0.0,0,0.0,4,2,50.0,18.18,2,18.18,36.36,33.33,3.23,0.0,,1.0,,,,628451
CH,Changeup,OS,6,2.94,3,3,1,33.33,0,0.0,3,1,33.33,16.67,1,16.67,33.33,0.0,3.23,50.0,0.667,0.667,0.667,1.334,0.0,628451
CU,Curveball,BR,6,2.94,2,2,0,0.0,0,0.0,3,0,0.0,0.0,2,33.33,33.33,33.33,3.23,0.0,0.0,0.0,0.0,0.0,0.0,628451
SV,Slurve,BR,4,1.96,1,1,0,0.0,0,0.0,2,1,50.0,25.0,0,0.0,25.0,0.0,1.61,0.0,0.0,0.0,0.0,0.0,0.0,628451
FS,Split-Finger,OS,2,0.98,1,0,0,0.0,1,100.0,0,0,,0.0,0,0.0,0.0,0.0,3.23,0.0,,1.0,,,,628451
FF,4-Seam Fastball,FB,626,41.87,143,108,19,13.29,27,18.88,264,34,12.88,5.43,122,19.49,24.92,17.93,40.12,9.74,0.269,0.441,0.407,0.848,0.1379999999999999,630105
CH,Changeup,OS,171,11.44,39,38,8,20.51,1,2.56,79,22,27.85,12.87,17,9.94,22.81,29.25,11.52,14.29,0.158,0.179,0.289,0.4679999999999999,0.1309999999999999,630105
SI,Sinker,FB,149,9.97,34,26,6,17.65,7,20.59,46,2,4.35,1.34,43,28.86,30.2,7.94,8.44,14.63,0.231,0.394,0.231,0.625,0.0,630105
SL,Slider,BR,134,8.96,39,30,12,30.77,5,12.82,69,14,20.29,10.45,21,15.67,26.12,28.12,12.55,19.67,0.167,0.289,0.367,0.6559999999999999,0.1999999999999999,630105
FC,Cutter,FB,121,8.09,25,21,6,24.0,3,12.0,60,12,20.0,9.92,19,15.7,25.62,26.79,6.38,19.35,0.286,0.4,0.524,0.924,0.238,630105
CU,Curveball,BR,99,6.62,19,19,8,42.11,0,0.0,39,13,33.33,13.13,17,17.17,30.3,25.86,7.0,23.53,0.263,0.263,0.368,0.631,0.1049999999999999,630105
FS,Split-Finger,OS,81,5.42,23,20,8,34.78,2,8.7,39,17,43.59,20.99,10,12.35,33.33,37.74,7.0,20.59,0.3,0.348,0.35,0.698,0.0499999999999999,630105
ST,Sweeper,BR,58,3.88,17,15,6,35.29,1,5.88,21,8,38.1,13.79,14,24.14,37.93,27.59,4.73,26.09,0.267,0.294,0.667,0.961,0.4,630105
KC,Knuckle Curve,BR,35,2.34,5,5,1,20.0,0,0.0,11,4,36.36,11.43,9,25.71,37.14,22.22,1.85,11.11,0.4,0.4,0.6,1.0,0.1999999999999999,630105
CS,Slow Curve,BR,8,0.54,3,2,1,33.33,1,33.33,2,1,50.0,12.5,2,25.0,37.5,33.33,0.21,100.0,0.0,0.333,0.0,0.333,0.0,630105
SV,Slurve,BR,4,0.27,1,0,0,0.0,0,0.0,1,0,0.0,0.0,2,50.0,50.0,0.0,0.21,0.0,,0.0,,,,630105
FA,Other,,4,0.27,1,1,0,0.0,0,0.0,2,0,0.0,0.0,0,0.0,0.0,0.0,0.0,,1.0,1.0,1.0,2.0,0.0,630105
,,,4,0.27,1,0,0,0.0,1,100.0,0,0,,0.0,0,0.0,0.0,,0.0,,,1.0,,,,630105
EP,Eephus,,1,0.07,1,1,0,0.0,0,0.0,1,0,0.0,0.0,0,0.0,0.0,,0.0,,0.0,0.0,0.0,0.0,0.0,630105
SL,Slider,BR,7,29.17,4,4,1,25.0,0,0.0,6,1,16.67,14.29,0,0.0,14.29,100.0,50.0,33.33,0.25,0.25,0.5,0.75,0.25,640459
FF,4-Seam Fastball,FB,7,29.17,1,1,1,100.0,0,0.0,3,0,0.0,0.0,2,28.57,28.57,33.33,33.33,50.0,0.0,0.0,0.0,0.0,0.0,640459
ST,Sweeper,BR,4,16.67,0,0,0,,0,,1,1,100.0,25.0,1,25.0,50.0,0.0,16.67,0.0,,,,,,640459
FC,Cutter,FB,3,12.5,2,1,0,0.0,0,0.0,2,0,0.0,0.0,1,33.33,33.33,,0.0,,1.0,0.5,1.0,1.5,0.0,640459
SI,Sinker,FB,2,8.33,1,1,0,0.0,0,0.0,1,0,0.0,0.0,1,50.0,50.0,,0.0,,0.0,0.0,0.0,0.0,0.0,640459
CH,Changeup,OS,1,4.17,0,0,0,,0,,0,0,,0.0,0,0.0,0.0,0.0,0.0,,,,,,,640459
ST,Sweeper,BR,8,24.24,5,5,1,20.0,0,0.0,5,0,0.0,0.0,2,25.0,25.0,50.0,80.0,25.0,0.0,0.0,0.0,0.0,0.0,640492
FF,4-Seam Fastball,FB,7,21.21,1,1,0,0.0,0,0.0,3,1,33.33,14.29,1,14.29,28.57,40.0,0.0,,0.0,0.0,0.0,0.0,0.0,640492
EP,Eephus,,7,21.21,2,2,0,0.0,0,0.0,3,0,0.0,0.0,0,0.0,0.0,40.0,0.0,,0.5,0.5,0.5,1.0,0.0,640492
FC,Cutter,FB,4,12.12,1,1,0,0.0,0,0.0,2,0,0.0,0.0,0,0.0,0.0,0.0,20.0,0.0,0.0,0.0,0.0,0.0,0.0,640492
SI,Sinker,FB,4,12.12,2,2,0,0.0,0,0.0,2,0,0.0,0.0,2,50.0,50.0,100.0,0.0,,0.0,0.0,0.0,0.0,0.0,640492
SL,Slider,BR,2,6.06,1,1,0,0.0,0,0.0,1,0,0.0,0.0,1,50.0,50.0,0.0,0.0,,1.0,1.0,1.0,2.0,0.0,640492
FS,Split-Finger,OS,1,3.03,0,0,0,,0,,0,0,,0.0,0,0.0,0.0,0.0,0.0,,,,,,,640492
FF,4-Seam Fastball,FB,77,33.77,16,12,8,50.0,3,18.75,26,11,42.31,14.29,16,20.78,35.06,14.29,38.6,36.36,0.083,0.267,0.167,0.434,0.084,640902
SI,Sinker,FB,47,20.61,11,10,0,0.0,1,9.09,23,4,17.39,8.51,8,17.02,25.53,36.36,10.53,0.0,0.4,0.455,0.5,0.955,0.0999999999999999,640902
SL,Slider,BR,42,18.42,10,9,2,20.0,1,10.0,17,6,35.29,14.29,10,23.81,38.1,28.57,15.79,22.22,0.333,0.4,0.444,0.8440000000000001,0.1109999999999999,640902
ST,Sweeper,BR,30,13.16,6,6,2,33.33,0,0.0,10,4,40.0,13.33,5,16.67,30.0,6.25,19.3,18.18,0.333,0.333,0.5,0.833,0.1669999999999999,640902
FC,Cutter,FB,12,5.26,4,3,0,0.0,1,25.0,5,0,0.0,0.0,3,25.0,25.0,0.0,0.0,,0.0,0.25,0.0,0.25,0.0,640902
CU,Curveball,BR,11,4.82,3,3,1,33.33,0,0.0,3,1,33.33,9.09,1,9.09,18.18,12.5,8.77,20.0,0.333,0.333,0.667,1.0,0.334,640902
CH,Changeup,OS,5,2.19,2,2,0,0.0,0,0.0,2,0,0.0,0.0,1,20.0,20.0,0.0,3.51,0.0,0.5,0.5,0.5,1.0,0.0,640902
FS,Split-Finger,OS,4,1.75,3,3,0,0.0,0,0.0,4,0,0.0,0.0,0,0.0,0.0,,3.51,0.0,0.0,0.0,0.0,0.0,0.0,640902
FF,4-Seam Fastball,FB,106,40.15,23,21,6,26.09,1,4.35,56,15,26.79,14.15,10,9.43,23.58,17.07,36.47,19.35,0.238,0.304,0.238,0.542,0.0,641313
SI,Sinker,FB,55,20.83,16,14,4,25.0,1,6.25,29,5,17.24,9.09,11,20.0,29.09,22.22,9.41,50.0,0.214,0.312,0.214,0.526,0.0,641313
SL,Slider,BR,38,14.39,11,10,3,27.27,1,9.09,24,9,37.5,23.68,2,5.26,28.95,47.62,20.0,17.65,0.3,0.364,0.4,0.764,0.1,641313
ST,Sweeper,BR,30,11.36,13,13,5,38.46,0,0.0,20,7,35.0,23.33,3,10.0,33.33,56.25,20.0,29.41,0.077,0.077,0.154,0.2309999999999999,0.077,641313
FC,Cutter,FB,13,4.92,2,2,0,0.0,0,0.0,6,3,50.0,23.08,4,30.77,53.85,40.0,1.18,0.0,0.5,0.5,0.5,1.0,0.0,641313
CU,Curveball,BR,10,3.79,1,1,1,100.0,0,0.0,4,3,75.0,30.0,1,10.0,40.0,28.57,5.88,20.0,0.0,0.0,0.0,0.0,0.0,641313
CH,Changeup,OS,6,2.27,2,2,2,100.0,0,0.0,3,3,100.0,50.0,2,33.33,83.33,66.67,3.53,66.67,0.0,0.0,0.0,0.0,0.0,641313
KC,Knuckle Curve,BR,4,1.52,3,3,2,66.67,0,0.0,3,2,66.67,50.0,1,25.0,75.0,100.0,2.35,100.0,0.0,0.0,0.0,0.0,0.0,641313
FS,Split-Finger,OS,2,0.76,1,0,0,0.0,0,0.0,1,0,0.0,0.0,0,0.0,0.0,0.0,1.18,0.0,,1.0,,,,641313
FF,4-Seam Fastball,FB,285,33.81,75,64,15,20.0,9,12.0,127,26,20.47,9.12,48,16.84,25.96,15.13,30.89,18.75,0.25,0.338,0.453,0.791,0.203,641343
CU,Curveball,BR,101,11.98,20,16,5,25.0,4,20.0,35,11,31.43,10.89,16,15.84,26.73,19.05,11.2,17.24,0.188,0.35,0.375,0.725,0.187,641343
CH,Changeup,OS,95,11.27,21,18,6,28.57,3,14.29,35,7,20.0,7.37,13,13.68,21.05,20.0,14.29,16.22,0.278,0.381,0.333,0.714,0.0549999999999999,641343
SL,Slider,BR,87,10.32,20,15,8,40.0,4,20.0,43,15,34.88,17.24,6,6.9,24.14,20.45,9.65,32.0,0.0,0.25,0.0,0.25,0.0,641343
SI,Sinker,FB,83,9.85,23,18,6,26.09,5,21.74,32,5,15.62,6.02,24,28.92,34.94,0.0,9.65,24.0,0.278,0.435,0.5,0.935,0.2219999999999999,641343
ST,Sweeper,BR,61,7.24,16,12,6,37.5,3,18.75,27,8,29.63,13.11,10,16.39,29.51,26.47,9.65,24.0,0.25,0.438,0.417,0.855,0.1669999999999999,641343
FC,Cutter,FB,54,6.41,11,11,1,9.09,0,0.0,29,6,20.69,11.11,10,18.52,29.63,30.43,4.25,9.09,0.364,0.364,0.909,1.273,0.545,641343
FS,Split-Finger,OS,48,5.69,11,10,5,45.45,1,9.09,21,9,42.86,18.75,7,14.58,33.33,33.33,6.95,27.78,0.1,0.182,0.1,0.282,0.0,641343
KC,Knuckle Curve,BR,11,1.3,2,2,1,50.0,0,0.0,4,2,50.0,18.18,1,9.09,27.27,28.57,0.77,50.0,0.5,0.5,0.5,1.0,0.0,641343
FA,Other,,6,0.71,1,1,0,0.0,0,0.0,4,0,0.0,0.0,1,16.67,16.67,100.0,1.93,0.0,1.0,1.0,1.0,2.0,0.0,641343
,,,6,0.71,1,0,0,0.0,1,100.0,0,0,,0.0,0,0.0,0.0,,0.0,,,1.0,,,,641343
KN,Knuckleball,,3,0.36,0,0,0,,0,,0,0,,0.0,1,33.33,33.33,0.0,0.77,0.0,,,,,,641343
SV,Slurve,BR,2,0.24,0,0,0,,0,,0,0,,0.0,1,50.0,50.0,0.0,0.0,,,,,,,641343
EP,Eephus,,1,0.12,1,1,0,0.0,0,0.0,1,0,0.0,0.0,0,0.0,0.0,,0.0,,1.0,1.0,1.0,2.0,0.0,641343
FF,4-Seam Fastball,FB,655,34.38,165,146,29,17.58,16,9.7,350,68,19.43,10.38,106,16.18,26.56,29.37,35.06,15.26,0.212,0.287,0.404,0.6910000000000001,0.192,641355
CH,Changeup,OS,296,15.54,73,68,8,10.96,4,5.48,127,18,14.17,6.08,38,12.84,18.92,32.84,17.34,8.51,0.324,0.361,0.412,0.7729999999999999,0.0879999999999999,641355
SL,Slider,BR,208,10.92,52,51,8,15.38,0,0.0,115,23,20.0,11.06,24,11.54,22.6,35.92,11.25,13.11,0.176,0.173,0.49,0.663,0.314,641355
FC,Cutter,FB,192,10.08,46,39,7,15.22,7,15.22,91,18,19.78,9.38,35,18.23,27.6,26.97,8.12,15.91,0.231,0.348,0.513,0.861,0.282,641355
SI,Sinker,FB,191,10.03,51,40,3,5.88,9,17.65,82,9,10.98,4.71,42,21.99,26.7,21.84,6.09,9.09,0.4,0.49,0.55,1.04,0.15,641355
CU,Curveball,BR,134,7.03,32,31,6,18.75,1,3.12,68,16,23.53,11.94,21,15.67,27.61,41.03,8.3,13.33,0.29,0.312,0.645,0.957,0.355,641355
FS,Split-Finger,OS,105,5.51,33,33,6,18.18,0,0.0,53,11,20.75,10.48,8,7.62,18.1,38.03,5.35,20.69,0.121,0.121,0.152,0.273,0.031,641355
ST,Sweeper,BR,79,4.15,17,15,1,5.88,1,5.88,33,5,15.15,6.33,15,18.99,25.32,21.74,4.98,3.7,0.133,0.235,0.2,0.435,0.067,641355
KC,Knuckle Curve,BR,25,1.31,7,7,4,57.14,0,0.0,13,6,46.15,24.0,3,12.0,36.0,50.0,2.58,28.57,0.143,0.143,0.143,0.286,0.0,641355
SV,Slurve,BR,14,0.73,4,4,1,25.0,0,0.0,6,1,16.67,7.14,5,35.71,42.86,28.57,0.92,20.0,0.75,0.75,1.75,2.5,1.0,641355
,,,4,0.21,1,0,0,0.0,1,100.0,0,0,,0.0,0,0.0,0.0,,0.0,,,1.0,,,,641355
EP,Eephus,,2,0.1,1,1,0,0.0,0,0.0,1,0,0.0,0.0,0,0.0,0.0,50.0,0.0,,0.0,0.0,0.0,0.0,0.0,641355
FF,4-Seam Fastball,FB,797,42.26,174,139,34,19.54,31,17.82,376,82,21.81,10.29,103,12.92,23.21,15.85,40.42,14.66,0.273,0.404,0.388,0.792,0.1149999999999999,641487
CH,Changeup,OS,226,11.98,50,46,7,14.0,3,6.0,104,18,17.31,7.96,29,12.83,20.8,27.05,12.89,9.46,0.326,0.367,0.413,0.78,0.0869999999999999,641487
SI,Sinker,FB,186,9.86,45,43,4,8.89,2,4.44,76,11,14.47,5.91,45,24.19,30.11,16.22,8.71,8.0,0.209,0.244,0.233,0.477,0.024,641487
SL,Slider,BR,173,9.17,53,48,11,20.75,5,9.43,95,22,23.16,12.72,26,15.03,27.75,41.86,10.45,18.33,0.333,0.396,0.458,0.8540000000000001,0.125,641487
FC,Cutter,FB,169,8.96,45,40,9,20.0,4,8.89,75,13,17.33,7.69,36,21.3,28.99,26.47,6.79,23.08,0.375,0.432,0.475,0.907,0.0999999999999999,641487
ST,Sweeper,BR,128,6.79,27,25,7,25.93,1,3.7,61,16,26.23,12.5,25,19.53,32.03,35.38,7.49,16.28,0.12,0.185,0.28,0.465,0.16,641487
CU,Curveball,BR,89,4.72,16,16,1,6.25,0,0.0,35,3,8.57,3.37,21,23.6,26.97,27.66,5.05,3.45,0.438,0.438,0.625,1.063,0.187,641487
FS,Split-Finger,OS,68,3.61,20,20,4,20.0,0,0.0,28,3,10.71,4.41,10,14.71,19.12,19.44,5.05,13.79,0.1,0.1,0.1,0.2,0.0,641487
KC,Knuckle Curve,BR,23,1.22,7,7,5,71.43,0,0.0,10,3,30.0,13.04,4,17.39,30.43,38.46,1.92,45.45,0.143,0.143,0.286,0.4289999999999999,0.143,641487
FA,Other,,13,0.69,2,1,0,0.0,1,50.0,6,0,0.0,0.0,1,7.69,7.69,12.5,0.7,0.0,1.0,1.0,1.0,2.0,0.0,641487
SV,Slurve,BR,6,0.32,1,0,0,0.0,1,100.0,0,0,,0.0,0,0.0,0.0,0.0,0.17,0.0,,1.0,,,,641487
,,,5,0.27,1,0,0,0.0,1,100.0,0,0,,0.0,0,0.0,0.0,,0.17,0.0,,1.0,,,,641487
FO,Forkball,OS,2,0.11,1,1,0,0.0,0,0.0,2,1,50.0,50.0,0,0.0,50.0,100.0,0.17,0.0,0.0,0.0,0.0,0.0,0.0,641487
EP,Eephus,,1,0.05,1,1,0,0.0,0,0.0,1,0,0.0,0.0,0,0.0,0.0,,0.0,,1.0,1.0,2.0,3.0,1.0,641487
FF,4-Seam Fastball,FB,118,34.71,34,29,2,5.88,4,11.76,58,2,3.45,1.69,19,16.1,17.8,22.0,37.62,5.26,0.103,0.206,0.172,0.378,0.0689999999999999,641555
CU,Curveball,BR,44,12.94,8,7,2,25.0,1,12.5,13,4,30.77,9.09,11,25.0,34.09,17.39,12.87,15.38,0.0,0.125,0.0,0.125,0.0,641555
FC,Cutter,FB,37,10.88,7,5,1,14.29,1,14.29,16,7,43.75,18.92,6,16.22,35.14,27.78,7.92,12.5,0.2,0.286,0.2,0.486,0.0,641555
SL,Slider,BR,37,10.88,11,8,4,36.36,2,18.18,15,6,40.0,16.22,5,13.51,29.73,26.09,13.86,28.57,0.25,0.455,0.625,1.08,0.375,641555
CH,Changeup,OS,28,8.24,8,8,1,12.5,0,0.0,13,4,30.77,14.29,1,3.57,17.86,13.33,6.93,14.29,0.5,0.5,0.625,1.125,0.125,641555
SI,Sinker,FB,27,7.94,9,8,0,0.0,1,11.11,12,0,0.0,0.0,6,22.22,22.22,18.18,3.96,0.0,0.125,0.222,0.25,0.472,0.125,641555
FS,Split-Finger,OS,26,7.65,3,3,0,0.0,0,0.0,9,1,11.11,3.85,4,15.38,19.23,12.5,9.9,0.0,0.0,0.0,0.0,0.0,0.0,641555
ST,Sweeper,BR,21,6.18,3,2,0,0.0,1,33.33,5,2,40.0,9.52,5,23.81,33.33,14.29,5.94,0.0,1.0,1.0,2.5,3.5,1.5,641555
KC,Knuckle Curve,BR,2,0.59,0,0,0,,0,,0,0,,0.0,1,50.0,50.0,0.0,0.99,0.0,,,,,,641555
FF,4-Seam Fastball,FB,236,29.91,67,53,8,11.94,13,19.4,123,15,12.2,6.36,27,11.44,17.8,22.73,28.11,13.11,0.264,0.409,0.358,0.7669999999999999,0.0939999999999999,641584
CH,Changeup,OS,134,16.98,31,29,4,12.9,2,6.45,59,17,28.81,12.69,16,11.94,24.63,24.0,17.05,10.81,0.276,0.323,0.517,0.8400000000000001,0.241,641584
SL,Slider,BR,103,13.05,25,24,6,24.0,1,4.0,60,18,30.0,17.48,10,9.71,27.18,36.36,14.29,19.35,0.208,0.24,0.5,0.74,0.292,641584
SI,Sinker,FB,77,9.76,25,24,8,32.0,1,4.0,30,6,20.0,7.79,22,28.57,36.36,26.47,9.68,38.1,0.292,0.32,0.375,0.6950000000000001,0.083,641584
FC,Cutter,FB,60,7.6,16,14,1,6.25,2,12.5,37,6,16.22,10.0,4,6.67,16.67,41.18,2.76,16.67,0.286,0.375,0.357,0.732,0.071,641584
CU,Curveball,BR,58,7.35,12,10,7,58.33,1,8.33,15,7,46.67,12.07,12,20.69,32.76,16.22,8.76,36.84,0.1,0.25,0.2,0.45,0.1,641584
ST,Sweeper,BR,43,5.45,6,4,1,16.67,2,33.33,16,6,37.5,13.95,9,20.93,34.88,23.81,5.99,7.69,0.25,0.5,1.0,1.5,0.75,641584
FS,Split-Finger,OS,41,5.2,15,15,6,40.0,0,0.0,24,11,45.83,26.83,2,4.88,31.71,38.46,6.91,40.0,0.2,0.2,0.267,0.467,0.067,641584
KC,Knuckle Curve,BR,21,2.66,5,5,4,80.0,0,0.0,8,6,75.0,28.57,3,14.29,42.86,41.18,5.53,33.33,0.0,0.0,0.0,0.0,0.0,641584
SV,Slurve,BR,5,0.63,1,1,1,100.0,0,0.0,0,0,,0.0,1,20.0,20.0,0.0,0.92,50.0,0.0,0.0,0.0,0.0,0.0,641584
,,,5,0.63,1,0,0,0.0,1,100.0,0,0,,0.0,0,0.0,0.0,,0.0,,,1.0,,,,641584
FA,Other,,4,0.51,2,2,0,0.0,0,0.0,2,0,0.0,0.0,1,25.0,25.0,0.0,0.0,,0.5,0.5,0.5,1.0,0.0,641584
EP,Eephus,,1,0.13,0,0,0,,0,,0,0,,0.0,0,0.0,0.0,0.0,0.0,,,,,,,641584
CS,Slow Curve,BR,1,0.13,1,1,0,0.0,0,0.0,1,0,0.0,0.0,0,0.0,0.0,100.0,0.0,,0.0,0.0,0.0,0.0,0.0,641584
FF,4-Seam Fastball,FB,141,26.91,45,42,16,35.56,3,6.67,62,18,29.03,12.77,27,19.15,31.91,18.97,30.0,33.33,0.167,0.222,0.333,0.555,0.166,641598
SL,Slider,BR,122,23.28,25,23,10,40.0,2,8.0,45,24,53.33,19.67,30,24.59,44.26,26.56,24.38,25.64,0.217,0.28,0.217,0.497,0.0,641598
SI,Sinker,FB,97,18.51,30,26,4,13.33,3,10.0,49,9,18.37,9.28,23,23.71,32.99,26.32,14.37,17.39,0.231,0.333,0.346,0.679,0.1149999999999999,641598
ST,Sweeper,BR,55,10.5,14,14,5,35.71,0,0.0,26,12,46.15,21.82,8,14.55,36.36,28.57,10.62,29.41,0.143,0.143,0.143,0.286,0.0,641598
FC,Cutter,FB,44,8.4,7,5,2,28.57,2,28.57,12,5,41.67,11.36,11,25.0,36.36,8.7,3.75,33.33,0.0,0.286,0.0,0.286,0.0,641598
CU,Curveball,BR,19,3.63,3,2,1,33.33,1,33.33,5,1,20.0,5.26,4,21.05,26.32,0.0,5.0,12.5,0.0,0.333,0.0,0.333,0.0,641598
FS,Split-Finger,OS,18,3.44,2,2,2,100.0,0,0.0,6,5,83.33,27.78,1,5.56,33.33,26.67,5.62,22.22,0.0,0.0,0.0,0.0,0.0,641598
CH,Changeup,OS,17,3.24,5,4,3,60.0,1,20.0,9,6,66.67,35.29,3,17.65,52.94,44.44,5.0,37.5,0.0,0.2,0.0,0.2,0.0,641598
KC,Knuckle Curve,BR,6,1.15,0,0,0,,0,,1,0,0.0,0.0,3,50.0,50.0,0.0,1.25,0.0,,,,,,641598
EP,Eephus,,3,0.57,2,2,0,0.0,0,0.0,2,0,0.0,0.0,1,33.33,33.33,50.0,0.0,,0.5,0.5,0.5,1.0,0.0,641598
FA,Other,,2,0.38,1,1,0,0.0,0,0.0,1,0,0.0,0.0,0,0.0,0.0,0.0,0.0,,1.0,1.0,4.0,5.0,3.0,641598
FF,4-Seam Fastball,FB,22,35.48,4,4,2,50.0,0,0.0,9,3,33.33,13.64,6,27.27,40.91,25.0,21.43,66.67,0.0,0.0,0.0,0.0,0.0,641645
CH,Changeup,OS,7,11.29,3,3,0,0.0,0,0.0,3,0,0.0,0.0,0,0.0,0.0,33.33,14.29,0.0,0.0,0.0,0.0,0.0,0.0,641645
SI,Sinker,FB,7,11.29,3,3,1,33.33,0,0.0,3,1,33.33,14.29,2,28.57,42.86,25.0,7.14,100.0,0.0,0.0,0.0,0.0,0.0,641645
ST,Sweeper,BR,7,11.29,1,0,0,0.0,1,100.0,2,1,50.0,14.29,1,14.29,28.57,25.0,7.14,0.0,,1.0,,,,641645
CU,Curveball,BR,6,9.68,2,2,1,50.0,0,0.0,3,1,33.33,16.67,2,33.33,50.0,50.0,7.14,100.0,0.5,0.5,0.5,1.0,0.0,641645
FC,Cutter,FB,6,9.68,1,1,0,0.0,0,0.0,4,0,0.0,0.0,0,0.0,0.0,0.0,14.29,0.0,1.0,1.0,1.0,2.0,0.0,641645
FS,Split-Finger,OS,3,4.84,1,1,1,100.0,0,0.0,1,1,100.0,33.33,2,66.67,100.0,100.0,7.14,100.0,0.0,0.0,0.0,0.0,0.0,641645
KC,Knuckle Curve,BR,2,3.23,2,2,1,50.0,0,0.0,2,1,50.0,50.0,0,0.0,50.0,,14.29,50.0,0.0,0.0,0.0,0.0,0.0,641645
SL,Slider,BR,2,3.23,1,1,0,0.0,0,0.0,2,0,0.0,0.0,0,0.0,0.0,100.0,7.14,0.0,1.0,1.0,1.0,2.0,0.0,641645
FF,4-Seam Fastball,FB,76,33.63,19,14,7,36.84,5,26.32,31,9,29.03,11.84,15,19.74,31.58,30.0,34.62,25.93,0.0,0.263,0.0,0.263,0.0,641658
SL,Slider,BR,45,19.91,11,11,1,9.09,0,0.0,18,4,22.22,8.89,9,20.0,28.89,0.0,21.79,5.88,0.182,0.182,0.182,0.364,0.0,641658
SI,Sinker,FB,34,15.04,9,7,3,33.33,1,11.11,8,0,0.0,0.0,12,35.29,35.29,7.14,10.26,37.5,0.286,0.375,0.286,0.661,0.0,641658
ST,Sweeper,BR,26,11.5,6,6,4,66.67,0,0.0,9,5,55.56,19.23,8,30.77,50.0,35.71,10.26,50.0,0.167,0.167,0.167,0.334,0.0,641658
FC,Cutter,FB,24,10.62,3,3,1,33.33,0,0.0,13,3,23.08,12.5,4,16.67,29.17,25.0,11.54,11.11,0.333,0.333,0.333,0.666,0.0,641658
CU,Curveball,BR,7,3.1,1,1,1,100.0,0,0.0,1,1,100.0,14.29,3,42.86,57.14,25.0,3.85,33.33,0.0,0.0,0.0,0.0,0.0,641658
CH,Changeup,OS,5,2.21,1,1,1,100.0,0,0.0,3,1,33.33,20.0,0,0.0,20.0,33.33,3.85,33.33,0.0,0.0,0.0,0.0,0.0,641658
FS,Split-Finger,OS,4,1.77,0,0,0,,0,,2,0,0.0,0.0,0,0.0,0.0,33.33,3.85,0.0,,,,,,641658
EP,Eephus,,3,1.33,1,1,0,0.0,0,0.0,1,0,0.0,0.0,1,33.33,33.33,0.0,0.0,,1.0,1.0,2.0,3.0,1.0,641658
KC,Knuckle Curve,BR,2,0.88,0,0,0,,0,,0,0,,0.0,1,50.0,50.0,0.0,0.0,,,,,,,641658
FF,4-Seam Fastball,FB,523,44.59,129,119,30,23.26,8,6.2,271,75,27.68,14.34,96,18.36,32.7,25.13,44.87,19.61,0.218,0.268,0.252,0.52,0.034,641680
CH,Changeup,OS,144,12.28,50,48,7,14.0,1,2.0,79,16,20.25,11.11,6,4.17,15.28,42.0,15.84,12.96,0.188,0.2,0.375,0.575,0.187,641680
SI,Sinker,FB,121,10.32,33,26,2,6.06,7,21.21,46,9,19.57,7.44,27,22.31,29.75,21.43,5.28,11.11,0.269,0.424,0.538,0.962,0.269,641680
SL,Slider,BR,108,9.21,26,26,8,30.77,0,0.0,62,13,20.97,12.04,17,15.74,27.78,49.09,9.68,24.24,0.077,0.077,0.192,0.269,0.115,641680
FC,Cutter,FB,70,5.97,15,13,1,6.67,2,13.33,32,5,15.62,7.14,11,15.71,22.86,13.33,4.11,7.14,0.385,0.467,0.385,0.8520000000000001,0.0,641680
CU,Curveball,BR,59,5.03,7,7,2,28.57,0,0.0,16,3,18.75,5.08,15,25.42,30.51,20.0,5.28,11.11,0.286,0.286,0.286,0.572,0.0,641680
FS,Split-Finger,OS,57,4.86,18,15,5,27.78,3,16.67,28,9,32.14,15.79,4,7.02,22.81,35.9,5.87,25.0,0.267,0.389,0.533,0.922,0.266,641680
ST,Sweeper,BR,56,4.77,18,16,1,5.56,1,5.56,29,4,13.79,7.14,8,14.29,21.43,26.92,5.28,5.56,0.25,0.333,0.562,0.895,0.312,641680
KC,Knuckle Curve,BR,29,2.47,4,4,1,25.0,0,0.0,12,2,16.67,6.9,5,17.24,24.14,29.41,3.23,9.09,0.0,0.0,0.0,0.0,0.0,641680
SV,Slurve,BR,4,0.34,0,0,0,,0,,1,1,100.0,25.0,0,0.0,25.0,33.33,0.59,0.0,,,,,,641680
FA,Other,,1,0.09,1,1,0,0.0,0,0.0,1,0,0.0,0.0,0,0.0,0.0,,0.0,,0.0,0.0,0.0,0.0,0.0,641680
KN,Knuckleball,,1,0.09,1,1,0,0.0,0,0.0,1,0,0.0,0.0,0,0.0,0.0,,0.0,,0.0,0.0,0.0,0.0,0.0,641680
FF,4-Seam Fastball,FB,28,34.57,8,8,0,0.0,0,0.0,16,0,0.0,0.0,5,17.86,17.86,25.0,39.13,0.0,0.25,0.25,0.25,0.5,0.0,641856
CH,Changeup,OS,15,18.52,5,5,0,0.0,0,0.0,9,4,44.44,26.67,0,0.0,26.67,33.33,17.39,0.0,0.4,0.4,0.6,1.0,0.1999999999999999,641856
FS,Split-Finger,OS,10,12.35,4,3,1,25.0,1,25.0,6,2,33.33,20.0,1,10.0,30.0,40.0,21.74,20.0,0.0,0.25,0.0,0.25,0.0,641856
CU,Curveball,BR,8,9.88,0,0,0,,0,,1,1,100.0,12.5,3,37.5,50.0,0.0,0.0,,,,,,,641856
FC,Cutter,FB,7,8.64,0,0,0,,0,,3,2,66.67,28.57,0,0.0,28.57,20.0,4.35,0.0,,,,,,641856
ST,Sweeper,BR,7,8.64,0,0,0,,0,,1,0,0.0,0.0,1,14.29,14.29,0.0,17.39,0.0,,,,,,641856
SL,Slider,BR,5,6.17,2,2,0,0.0,0,0.0,3,1,33.33,20.0,2,40.0,60.0,100.0,0.0,,0.0,0.0,0.0,0.0,0.0,641856
SI,Sinker,FB,1,1.23,1,1,0,0.0,0,0.0,1,0,0.0,0.0,0,0.0,0.0,,0.0,,0.0,0.0,0.0,0.0,0.0,641856
FF,4-Seam Fastball,FB,761,38.57,157,132,35,22.29,23,14.65,333,81,24.32,10.64,122,16.03,26.68,15.74,39.07,14.29,0.28,0.385,0.508,0.893,0.2279999999999999,641857
CH,Changeup,OS,234,11.86,58,53,20,34.48,4,6.9,111,39,35.14,16.67,11,4.7,21.37,28.29,11.96,26.67,0.208,0.276,0.396,0.672,0.188,641857
SL,Slider,BR,209,10.59,51,44,22,43.14,5,9.8,112,56,50.0,26.79,29,13.88,40.67,32.69,11.64,30.14,0.205,0.28,0.523,0.803,0.318,641857
FC,Cutter,FB,191,9.68,43,33,15,34.88,10,23.26,81,30,37.04,15.71,37,19.37,35.08,19.28,7.97,28.0,0.242,0.419,0.273,0.692,0.031,641857
SI,Sinker,FB,180,9.12,39,32,8,20.51,7,17.95,67,11,16.42,6.11,43,23.89,30.0,13.33,5.74,22.22,0.125,0.282,0.219,0.501,0.094,641857
CU,Curveball,BR,151,7.65,49,45,26,53.06,4,8.16,69,38,55.07,25.17,23,15.23,40.4,37.5,10.21,40.62,0.156,0.224,0.333,0.557,0.177,641857
FS,Split-Finger,OS,90,4.56,29,28,8,27.59,1,3.45,55,21,38.18,23.33,5,5.56,28.89,37.25,4.15,30.77,0.143,0.172,0.286,0.4579999999999999,0.143,641857
ST,Sweeper,BR,81,4.11,18,15,7,38.89,2,11.11,32,15,46.88,18.52,19,23.46,41.98,32.61,4.31,25.93,0.267,0.389,0.333,0.722,0.066,641857
KC,Knuckle Curve,BR,40,2.03,8,7,4,50.0,1,12.5,19,12,63.16,30.0,3,7.5,37.5,42.31,2.87,22.22,0.429,0.5,1.143,1.643,0.714,641857
FO,Forkball,OS,13,0.66,4,4,2,50.0,0,0.0,10,5,50.0,38.46,0,0.0,38.46,66.67,1.12,28.57,0.25,0.25,0.25,0.5,0.0,641857
SV,Slurve,BR,12,0.61,1,1,1,100.0,0,0.0,6,2,33.33,16.67,2,16.67,33.33,42.86,0.8,20.0,0.0,0.0,0.0,0.0,0.0,641857
,,,4,0.2,1,0,0,0.0,1,100.0,0,0,,0.0,0,0.0,0.0,,0.0,,,1.0,,,,641857
FA,Other,,4,0.2,0,0,0,,0,,2,1,50.0,25.0,0,0.0,25.0,0.0,0.0,,,,,,,641857
EP,Eephus,,2,0.1,1,1,0,0.0,0,0.0,2,0,0.0,0.0,0,0.0,0.0,,0.0,,0.0,0.0,0.0,0.0,0.0,641857
PO,Pitch Out,,1,0.05,0,0,0,,0,,0,0,,0.0,0,0.0,0.0,0.0,0.16,0.0,,,,,,641857
FF,4-Seam Fastball,FB,176,30.24,46,43,9,19.57,3,6.52,94,21,22.34,11.93,24,13.64,25.57,22.08,30.51,16.67,0.233,0.283,0.465,0.748,0.232,641933
SI,Sinker,FB,115,19.76,34,29,4,11.76,3,8.82,58,9,15.52,7.83,20,17.39,25.22,36.07,14.12,16.0,0.241,0.324,0.379,0.7030000000000001,0.138,641933
SL,Slider,BR,78,13.4,17,14,2,11.76,3,17.65,33,11,33.33,14.1,9,11.54,25.64,20.0,9.6,11.76,0.143,0.294,0.429,0.723,0.286,641933
ST,Sweeper,BR,66,11.34,16,15,6,37.5,1,6.25,26,10,38.46,15.15,11,16.67,31.82,24.32,15.82,21.43,0.133,0.188,0.133,0.321,0.0,641933
CH,Changeup,OS,42,7.22,16,13,7,43.75,3,18.75,26,13,50.0,30.95,0,0.0,30.95,40.0,12.99,30.43,0.231,0.375,0.538,0.913,0.307,641933
CU,Curveball,BR,33,5.67,6,5,1,16.67,1,16.67,8,2,25.0,6.06,11,33.33,39.39,17.65,4.52,12.5,0.2,0.333,0.2,0.533,0.0,641933
FS,Split-Finger,OS,28,4.81,8,6,3,37.5,0,0.0,12,6,50.0,21.43,3,10.71,32.14,15.38,6.78,25.0,0.0,0.125,0.0,0.125,0.0,641933
FC,Cutter,FB,25,4.3,2,2,0,0.0,0,0.0,12,6,50.0,24.0,6,24.0,48.0,33.33,1.69,0.0,1.0,1.0,1.5,2.5,0.5,641933
KC,Knuckle Curve,BR,10,1.72,2,1,1,50.0,1,50.0,2,1,50.0,10.0,3,30.0,40.0,25.0,2.26,25.0,0.0,0.5,0.0,0.5,0.0,641933
SV,Slurve,BR,8,1.37,3,2,0,0.0,1,33.33,4,2,50.0,25.0,1,12.5,37.5,50.0,1.13,0.0,0.5,0.667,0.5,1.167,0.0,641933
,,,1,0.17,0,0,0,,0,,0,0,,0.0,0,0.0,0.0,,0.56,0.0,,,,,,641933
FF,4-Seam Fastball,FB,182,36.77,36,33,6,16.67,3,8.33,88,18,20.45,9.89,33,18.13,28.02,13.24,38.06,10.17,0.273,0.333,0.455,0.788,0.182,641943
CH,Changeup,OS,94,18.99,25,24,4,16.0,0,0.0,52,11,21.15,11.7,4,4.26,15.96,38.71,18.71,13.79,0.167,0.167,0.25,0.417,0.0829999999999999,641943
CU,Curveball,BR,57,11.52,12,12,3,25.0,0,0.0,28,6,21.43,10.53,9,15.79,26.32,25.93,11.61,16.67,0.333,0.333,0.333,0.666,0.0,641943
SI,Sinker,FB,46,9.29,12,9,4,33.33,3,25.0,23,8,34.78,17.39,6,13.04,30.43,12.5,7.1,36.36,0.333,0.5,0.444,0.944,0.1109999999999999,641943
SL,Slider,BR,37,7.47,14,12,6,42.86,2,14.29,20,12,60.0,32.43,4,10.81,43.24,39.13,9.68,40.0,0.167,0.286,0.417,0.703,0.2499999999999999,641943
FC,Cutter,FB,31,6.26,10,7,1,10.0,2,20.0,15,3,20.0,9.68,3,9.68,19.35,22.22,2.58,25.0,0.143,0.4,0.143,0.543,0.0,641943
FS,Split-Finger,OS,20,4.04,8,8,2,25.0,0,0.0,14,5,35.71,25.0,1,5.0,30.0,50.0,4.52,28.57,0.125,0.125,0.125,0.25,0.0,641943
ST,Sweeper,BR,16,3.23,5,2,1,20.0,1,20.0,4,2,50.0,12.5,5,31.25,43.75,14.29,3.23,20.0,0.0,0.6,0.0,0.6,0.0,641943
KC,Knuckle Curve,BR,10,2.02,4,2,1,25.0,1,25.0,2,1,50.0,10.0,2,20.0,30.0,28.57,3.87,16.67,0.0,0.5,0.0,0.5,0.0,641943
SV,Slurve,BR,2,0.4,1,1,0,0.0,0,0.0,1,0,0.0,0.0,0,0.0,0.0,0.0,0.65,0.0,0.0,0.0,0.0,0.0,0.0,641943
FF,4-Seam Fastball,FB,268,35.22,65,61,14,21.54,3,4.62,127,21,16.54,7.84,66,24.63,32.46,30.43,31.25,17.33,0.328,0.354,0.443,0.7969999999999999,0.1149999999999999,642086
SL,Slider,BR,96,12.61,24,22,6,25.0,1,4.17,58,20,34.48,20.83,10,10.42,31.25,47.17,15.42,16.22,0.227,0.25,0.409,0.659,0.1819999999999999,642086
CH,Changeup,OS,92,12.09,24,24,5,20.83,0,0.0,48,12,25.0,13.04,11,11.96,25.0,37.04,12.92,16.13,0.25,0.25,0.542,0.792,0.292,642086
CU,Curveball,BR,85,11.17,26,24,6,23.08,1,3.85,43,11,25.58,12.94,8,9.41,22.35,31.37,12.92,19.35,0.25,0.308,0.292,0.6,0.0419999999999999,642086
SI,Sinker,FB,72,9.46,27,22,4,14.81,5,18.52,36,8,22.22,11.11,8,11.11,22.22,25.64,9.58,17.39,0.318,0.444,0.455,0.899,0.137,642086
FC,Cutter,FB,52,6.83,11,10,1,9.09,0,0.0,26,3,11.54,5.77,13,25.0,30.77,40.0,5.0,8.33,0.5,0.455,0.7,1.155,0.1999999999999999,642086
ST,Sweeper,BR,39,5.12,5,4,1,20.0,1,20.0,21,7,33.33,17.95,6,15.38,33.33,33.33,4.58,9.09,0.0,0.2,0.0,0.2,0.0,642086
FS,Split-Finger,OS,29,3.81,9,8,1,11.11,0,0.0,14,5,35.71,17.24,1,3.45,20.69,38.1,6.25,6.67,0.375,0.333,0.5,0.833,0.125,642086
KC,Knuckle Curve,BR,12,1.58,3,3,0,0.0,0,0.0,5,0,0.0,0.0,2,16.67,16.67,28.57,1.67,0.0,0.333,0.333,0.333,0.666,0.0,642086
EP,Eephus,,5,0.66,1,0,0,0.0,1,100.0,0,0,,0.0,1,20.0,20.0,0.0,0.0,,,1.0,,,,642086
CS,Slow Curve,BR,5,0.66,1,0,0,0.0,1,100.0,1,0,0.0,0.0,0,0.0,0.0,0.0,0.0,,,1.0,,,,642086
FO,Forkball,OS,3,0.39,2,1,0,0.0,1,50.0,1,0,0.0,0.0,1,33.33,33.33,0.0,0.42,0.0,0.0,0.5,0.0,0.5,0.0,642086
,,,3,0.39,0,0,0,,0,,0,0,,0.0,0,0.0,0.0,,0.0,,,,,,,642086
FF,4-Seam Fastball,FB,336,28.45,75,67,19,25.33,5,6.67,156,34,21.79,10.12,65,19.35,29.46,30.87,26.93,20.21,0.328,0.373,0.716,1.089,0.3879999999999999,642133
CH,Changeup,OS,221,18.71,54,52,12,22.22,2,3.7,87,29,33.33,13.12,28,12.67,25.79,26.39,21.78,15.79,0.173,0.204,0.231,0.435,0.058,642133
SI,Sinker,FB,130,11.01,47,44,7,14.89,2,4.26,59,5,8.47,3.85,34,26.15,30.0,28.26,7.74,25.93,0.25,0.283,0.432,0.715,0.182,642133
SL,Slider,BR,116,9.82,27,26,8,29.63,1,3.7,66,23,34.85,19.83,17,14.66,34.48,41.82,11.46,20.0,0.115,0.148,0.269,0.417,0.154,642133
CU,Curveball,BR,106,8.98,25,23,10,40.0,1,4.0,48,18,37.5,16.98,22,20.75,37.74,39.34,11.46,25.0,0.217,0.24,0.478,0.718,0.261,642133
FC,Cutter,FB,92,7.79,18,16,1,5.56,2,11.11,36,3,8.33,3.26,21,22.83,26.09,12.82,4.87,5.88,0.375,0.444,0.875,1.319,0.5,642133
FS,Split-Finger,OS,70,5.93,21,21,9,42.86,0,0.0,37,14,37.84,20.0,6,8.57,28.57,31.58,7.16,36.0,0.095,0.095,0.143,0.238,0.0479999999999999,642133
ST,Sweeper,BR,62,5.25,14,12,3,21.43,1,7.14,19,5,26.32,8.06,20,32.26,40.32,18.52,3.72,23.08,0.417,0.5,0.917,1.417,0.5,642133
KC,Knuckle Curve,BR,32,2.71,6,6,4,66.67,0,0.0,14,6,42.86,18.75,6,18.75,37.5,33.33,3.72,30.77,0.167,0.167,0.167,0.334,0.0,642133
SV,Slurve,BR,8,0.68,1,1,0,0.0,0,0.0,1,0,0.0,0.0,3,37.5,37.5,0.0,0.29,0.0,0.0,0.0,0.0,0.0,0.0,642133
EP,Eephus,,3,0.25,1,1,0,0.0,0,0.0,1,0,0.0,0.0,1,33.33,33.33,50.0,0.0,,1.0,1.0,1.0,2.0,0.0,642133
,,,2,0.17,0,0,0,,0,,0,0,,0.0,0,0.0,0.0,,0.29,0.0,,,,,,642133
CS,Slow Curve,BR,1,0.08,0,0,0,,0,,0,0,,0.0,0,0.0,0.0,0.0,0.29,0.0,,,,,,642133
PO,Pitch Out,,1,0.08,0,0,0,,0,,0,0,,0.0,0,0.0,0.0,0.0,0.0,,,,,,,642133
UN,Unknown,,1,0.08,0,0,0,,0,,1,0,0.0,0.0,0,0.0,0.0,,0.29,0.0,,,,,,642133
FF,4-Seam Fastball,FB,320,49.16,67,48,15,22.39,17,25.37,149,48,32.21,15.0,36,11.25,26.25,10.6,50.49,14.56,0.208,0.409,0.271,0.6799999999999999,0.063,642136
CH,Changeup,OS,74,11.37,20,18,6,30.0,2,10.0,31,8,25.81,10.81,8,10.81,21.62,20.45,13.73,21.43,0.111,0.2,0.111,0.311,0.0,642136
FC,Cutter,FB,63,9.68,19,15,7,36.84,4,21.05,30,12,40.0,19.05,14,22.22,41.27,45.16,6.86,50.0,0.2,0.368,0.267,0.635,0.067,642136
SI,Sinker,FB,47,7.22,16,13,2,12.5,2,12.5,23,6,26.09,12.77,5,10.64,23.4,5.26,2.94,33.33,0.308,0.438,0.385,0.823,0.077,642136
SL,Slider,BR,45,6.91,11,11,4,36.36,0,0.0,23,7,30.43,15.56,3,6.67,22.22,29.17,6.86,28.57,0.364,0.364,0.545,0.909,0.181,642136
CU,Curveball,BR,34,5.22,11,10,1,9.09,0,0.0,20,2,10.0,5.88,5,14.71,20.59,38.89,6.86,7.14,0.3,0.364,0.3,0.6639999999999999,0.0,642136
ST,Sweeper,BR,27,4.15,8,6,2,25.0,2,25.0,11,4,36.36,14.81,5,18.52,33.33,16.67,3.92,25.0,0.167,0.375,0.333,0.708,0.166,642136
FS,Split-Finger,OS,25,3.84,5,5,1,20.0,0,0.0,13,3,23.08,12.0,2,8.0,20.0,37.5,3.92,12.5,0.0,0.0,0.0,0.0,0.0,642136
KC,Knuckle Curve,BR,14,2.15,4,4,1,25.0,0,0.0,10,1,10.0,7.14,0,0.0,7.14,50.0,3.43,14.29,0.25,0.25,0.5,0.75,0.25,642136
CS,Slow Curve,BR,1,0.15,1,1,0,0.0,0,0.0,1,0,0.0,0.0,0,0.0,0.0,,0.49,0.0,1.0,1.0,1.0,2.0,0.0,642136
SV,Slurve,BR,1,0.15,1,1,1,100.0,0,0.0,1,1,100.0,100.0,0,0.0,100.0,,0.49,100.0,0.0,0.0,0.0,0.0,0.0,642136
FF,4-Seam Fastball,FB,152,39.79,43,34,4,9.3,7,16.28,74,10,13.51,6.58,26,17.11,23.68,25.76,38.14,10.81,0.235,0.366,0.265,0.631,0.03,642180
CH,Changeup,OS,53,13.87,10,9,2,20.0,1,10.0,15,4,26.67,7.55,6,11.32,18.87,21.05,11.34,9.09,0.111,0.2,0.111,0.311,0.0,642180
SL,Slider,BR,49,12.83,10,8,4,40.0,1,10.0,17,11,64.71,22.45,12,24.49,46.94,31.03,14.43,28.57,0.125,0.3,0.375,0.675,0.25,642180
SI,Sinker,FB,32,8.38,9,5,2,22.22,2,22.22,11,1,9.09,3.12,11,34.38,37.5,0.0,7.22,28.57,0.0,0.286,0.0,0.286,0.0,642180
FC,Cutter,FB,26,6.81,10,10,3,30.0,0,0.0,15,3,20.0,11.54,6,23.08,34.62,50.0,3.09,100.0,0.2,0.2,0.2,0.4,0.0,642180
ST,Sweeper,BR,23,6.02,3,3,0,0.0,0,0.0,6,1,16.67,4.35,8,34.78,39.13,18.18,4.12,0.0,0.333,0.333,1.0,1.333,0.667,642180
CU,Curveball,BR,15,3.93,6,6,2,33.33,0,0.0,9,3,33.33,20.0,4,26.67,46.67,0.0,6.19,33.33,0.333,0.333,0.333,0.666,0.0,642180
KC,Knuckle Curve,BR,12,3.14,5,5,2,40.0,0,0.0,7,2,28.57,16.67,1,8.33,25.0,33.33,7.22,28.57,0.4,0.4,0.4,0.8,0.0,642180
FS,Split-Finger,OS,9,2.36,4,4,1,25.0,0,0.0,4,1,25.0,11.11,2,22.22,33.33,33.33,4.12,25.0,0.0,0.0,0.0,0.0,0.0,642180
CS,Slow Curve,BR,3,0.79,2,2,0,0.0,0,0.0,3,0,0.0,0.0,0,0.0,0.0,100.0,1.03,0.0,0.0,0.0,0.0,0.0,0.0,642180
SV,Slurve,BR,3,0.79,0,0,0,,0,,1,0,0.0,0.0,0,0.0,0.0,33.33,2.06,0.0,,,,,,642180
FA,Other,,3,0.79,0,0,0,,0,,2,0,0.0,0.0,0,0.0,0.0,0.0,1.03,0.0,,,,,,642180
EP,Eephus,,1,0.26,0,0,0,,0,,0,0,,0.0,0,0.0,0.0,0.0,0.0,,,,,,,642180
,,,1,0.26,0,0,0,,0,,0,0,,0.0,0,0.0,0.0,,0.0,,,,,,,642180
SI,Sinker,FB,193,29.51,51,48,8,15.69,1,1.96,90,10,11.11,5.18,46,23.83,29.02,20.99,17.77,22.86,0.229,0.26,0.292,0.552,0.0629999999999999,642201
FF,4-Seam Fastball,FB,153,23.39,36,33,9,25.0,2,5.56,84,22,26.19,14.38,25,16.34,30.72,23.08,24.37,18.75,0.424,0.472,0.727,1.1989999999999998,0.303,642201
SL,Slider,BR,127,19.42,40,38,8,20.0,1,2.5,68,16,23.53,12.6,20,15.75,28.35,31.15,20.81,19.51,0.184,0.205,0.368,0.573,0.184,642201
ST,Sweeper,BR,72,11.01,18,16,9,50.0,1,5.56,38,15,39.47,20.83,8,11.11,31.94,37.21,15.23,30.0,0.25,0.278,0.625,0.903,0.375,642201
FC,Cutter,FB,32,4.89,8,8,1,12.5,0,0.0,19,5,26.32,15.62,4,12.5,28.12,35.71,3.05,16.67,0.0,0.0,0.0,0.0,0.0,642201
CU,Curveball,BR,28,4.28,7,7,3,42.86,0,0.0,11,5,45.45,17.86,6,21.43,39.29,37.5,4.57,33.33,0.143,0.143,0.143,0.286,0.0,642201
CH,Changeup,OS,21,3.21,4,4,4,100.0,0,0.0,11,5,45.45,23.81,1,4.76,28.57,43.75,6.6,30.77,0.0,0.0,0.0,0.0,0.0,642201
FS,Split-Finger,OS,11,1.68,7,7,2,28.57,0,0.0,7,2,28.57,18.18,0,0.0,18.18,50.0,3.05,33.33,0.143,0.143,0.143,0.286,0.0,642201
KC,Knuckle Curve,BR,10,1.53,2,2,1,50.0,0,0.0,6,2,33.33,20.0,1,10.0,30.0,57.14,3.05,16.67,0.0,0.0,0.0,0.0,0.0,642201
SV,Slurve,BR,3,0.46,1,1,1,100.0,0,0.0,1,1,100.0,33.33,1,33.33,66.67,0.0,1.02,50.0,0.0,0.0,0.0,0.0,0.0,642201
EP,Eephus,,1,0.15,1,1,0,0.0,0,0.0,1,0,0.0,0.0,0,0.0,0.0,,0.0,,0.0,0.0,0.0,0.0,0.0,642201
FA,Other,,1,0.15,1,1,0,0.0,0,0.0,1,0,0.0,0.0,0,0.0,0.0,,0.0,,0.0,0.0,0.0,0.0,0.0,642201
FO,Forkball,OS,1,0.15,0,0,0,,0,,0,0,,0.0,0,0.0,0.0,0.0,0.0,,,,,,,642201
,,,1,0.15,0,0,0,,0,,0,0,,0.0,0,0.0,0.0,,0.51,0.0,,,,,,642201
FF,4-Seam Fastball,FB,44,26.51,11,8,3,27.27,2,18.18,18,4,22.22,9.09,10,22.73,31.82,11.11,13.46,42.86,0.125,0.3,0.125,0.425,0.0,642215
SL,Slider,BR,32,19.28,9,9,0,0.0,0,0.0,17,3,17.65,9.38,5,15.62,25.0,33.33,23.08,0.0,0.222,0.222,0.556,0.778,0.3340000000000001,642215
SI,Sinker,FB,31,18.67,8,8,2,25.0,0,0.0,19,4,21.05,12.9,2,6.45,19.35,53.33,13.46,28.57,0.125,0.125,0.25,0.375,0.125,642215
CH,Changeup,OS,16,9.64,6,6,2,33.33,0,0.0,9,3,33.33,18.75,2,12.5,31.25,44.44,21.15,18.18,0.167,0.167,0.167,0.334,0.0,642215
FC,Cutter,FB,16,9.64,3,3,1,33.33,0,0.0,9,2,22.22,12.5,5,31.25,43.75,40.0,3.85,50.0,0.333,0.333,1.333,1.666,1.0,642215
ST,Sweeper,BR,16,9.64,2,2,1,50.0,0,0.0,5,2,40.0,12.5,3,18.75,31.25,27.27,11.54,16.67,0.5,0.5,0.5,1.0,0.0,642215
FS,Split-Finger,OS,6,3.61,2,1,1,50.0,1,50.0,2,1,50.0,16.67,0,0.0,16.67,25.0,7.69,25.0,0.0,0.5,0.0,0.5,0.0,642215
CU,Curveball,BR,4,2.41,1,1,0,0.0,0,0.0,1,0,0.0,0.0,0,0.0,0.0,0.0,5.77,0.0,1.0,1.0,1.0,2.0,0.0,642215
EP,Eephus,,1,0.6,1,1,0,0.0,0,0.0,1,0,0.0,0.0,0,0.0,0.0,,0.0,,0.0,0.0,0.0,0.0,0.0,642215
SL,Slider,BR,21,21.88,8,6,0,0.0,2,25.0,9,1,11.11,4.76,4,19.05,23.81,42.86,20.0,0.0,0.167,0.375,0.333,0.708,0.166,642350
FF,4-Seam Fastball,FB,18,18.75,6,5,3,50.0,1,16.67,10,6,60.0,33.33,2,11.11,44.44,16.67,23.33,42.86,0.0,0.167,0.0,0.167,0.0,642350
SI,Sinker,FB,15,15.62,2,2,1,50.0,0,0.0,5,2,40.0,13.33,4,26.67,40.0,25.0,10.0,33.33,0.0,0.0,0.0,0.0,0.0,642350
FC,Cutter,FB,15,15.62,2,1,0,0.0,1,50.0,5,2,40.0,13.33,4,26.67,40.0,22.22,10.0,0.0,0.0,0.5,0.0,0.5,0.0,642350
ST,Sweeper,BR,10,10.42,2,2,1,50.0,0,0.0,7,4,57.14,40.0,1,10.0,50.0,75.0,6.67,50.0,0.0,0.0,0.0,0.0,0.0,642350
CU,Curveball,BR,9,9.38,2,2,1,50.0,0,0.0,5,2,40.0,22.22,0,0.0,22.22,33.33,23.33,14.29,0.0,0.0,0.0,0.0,0.0,642350
FS,Split-Finger,OS,4,4.17,0,0,0,,0,,3,1,33.33,25.0,0,0.0,25.0,0.0,3.33,0.0,,,,,,642350
CH,Changeup,OS,3,3.12,1,1,0,0.0,0,0.0,2,0,0.0,0.0,0,0.0,0.0,66.67,0.0,,0.0,0.0,0.0,0.0,0.0,642350
KC,Knuckle Curve,BR,1,1.04,0,0,0,,0,,0,0,,0.0,0,0.0,0.0,0.0,3.33,0.0,,,,,,642350
SL,Slider,BR,57,24.89,12,12,1,8.33,0,0.0,28,11,39.29,19.3,9,15.79,35.09,36.67,21.62,6.25,0.417,0.417,0.5,0.917,0.083,642708
FF,4-Seam Fastball,FB,39,17.03,11,11,4,36.36,0,0.0,25,7,28.0,17.95,7,17.95,35.9,61.54,21.62,25.0,0.273,0.273,0.818,1.091,0.5449999999999999,642708
SI,Sinker,FB,39,17.03,15,14,2,13.33,0,0.0,21,1,4.76,2.56,9,23.08,25.64,21.43,6.76,40.0,0.214,0.267,0.214,0.481,0.0,642708
ST,Sweeper,BR,36,15.72,15,14,5,33.33,1,6.67,20,7,35.0,19.44,7,19.44,38.89,42.11,14.86,45.45,0.071,0.133,0.071,0.204,0.0,642708
FC,Cutter,FB,18,7.86,6,5,3,50.0,1,16.67,10,5,50.0,27.78,4,22.22,50.0,42.86,9.46,42.86,0.2,0.333,0.2,0.533,0.0,642708
CU,Curveball,BR,18,7.86,2,2,0,0.0,0,0.0,8,3,37.5,16.67,4,22.22,38.89,25.0,8.11,0.0,0.0,0.0,0.0,0.0,0.0,642708
CH,Changeup,OS,11,4.8,3,3,0,0.0,0,0.0,6,1,16.67,9.09,0,0.0,9.09,28.57,8.11,0.0,0.0,0.0,0.0,0.0,0.0,642708
FS,Split-Finger,OS,9,3.93,4,3,1,25.0,0,0.0,3,1,33.33,11.11,0,0.0,11.11,33.33,9.46,14.29,0.333,0.5,0.333,0.833,0.0,642708
KC,Knuckle Curve,BR,1,0.44,0,0,0,,0,,0,0,,0.0,1,100.0,100.0,,0.0,,,,,,,642708
SV,Slurve,BR,1,0.44,1,1,0,0.0,0,0.0,1,0,0.0,0.0,0,0.0,0.0,,0.0,,1.0,1.0,1.0,2.0,0.0,642708
FF,4-Seam Fastball,FB,640,30.98,172,143,23,13.37,23,13.37,298,51,17.11,7.97,99,15.47,23.44,15.71,28.98,12.64,0.28,0.374,0.552,0.926,0.272,642715
SI,Sinker,FB,409,19.8,97,77,14,14.43,17,17.53,182,35,19.23,8.56,67,16.38,24.94,20.92,11.94,18.67,0.234,0.381,0.364,0.745,0.1299999999999999,642715
SL,Slider,BR,328,15.88,80,71,26,32.5,9,11.25,177,70,39.55,21.34,41,12.5,33.84,37.91,16.72,23.81,0.225,0.312,0.437,0.749,0.212,642715
ST,Sweeper,BR,181,8.76,43,40,15,34.88,2,4.65,92,34,36.96,18.78,11,6.08,24.86,33.62,12.26,19.48,0.225,0.279,0.45,0.7290000000000001,0.225,642715
FC,Cutter,FB,146,7.07,30,25,7,23.33,4,13.33,77,23,29.87,15.75,30,20.55,36.3,37.88,4.94,22.58,0.28,0.367,0.32,0.687,0.0399999999999999,642715
CH,Changeup,OS,120,5.81,30,28,19,63.33,2,6.67,60,38,63.33,31.67,9,7.5,39.17,33.77,9.55,31.67,0.107,0.167,0.143,0.31,0.0359999999999999,642715
CU,Curveball,BR,112,5.42,18,17,9,50.0,1,5.56,41,17,41.46,15.18,14,12.5,27.68,21.92,6.69,21.43,0.059,0.111,0.235,0.346,0.176,642715
FS,Split-Finger,OS,54,2.61,16,15,8,50.0,0,0.0,28,13,46.43,24.07,2,3.7,27.78,41.03,4.46,28.57,0.267,0.267,0.333,0.6000000000000001,0.066,642715
KC,Knuckle Curve,BR,39,1.89,10,9,3,30.0,0,0.0,19,7,36.84,17.95,8,20.51,38.46,35.0,3.03,15.79,0.222,0.3,0.333,0.633,0.111,642715
SV,Slurve,BR,13,0.63,2,2,0,0.0,0,0.0,6,3,50.0,23.08,2,15.38,38.46,28.57,0.48,0.0,0.0,0.0,0.0,0.0,0.0,642715
,,,10,0.48,3,0,0,0.0,3,100.0,0,0,,0.0,0,0.0,0.0,,0.16,0.0,,1.0,,,,642715
EP,Eephus,,7,0.34,2,1,0,0.0,1,50.0,2,0,0.0,0.0,1,14.29,14.29,20.0,0.16,0.0,0.0,0.5,0.0,0.5,0.0,642715
FO,Forkball,OS,7,0.34,4,4,1,25.0,0,0.0,6,2,33.33,28.57,0,0.0,28.57,75.0,0.64,25.0,0.25,0.25,0.25,0.5,0.0,642715
FC,Cutter,FB,2,28.57,0,0,0,,0,,1,0,0.0,0.0,1,50.0,50.0,,0.0,,,,,,,642727
FF,4-Seam Fastball,FB,2,28.57,0,0,0,,0,,0,0,,0.0,1,50.0,50.0,0.0,0.0,,,,,,,642727
CH,Changeup,OS,1,14.29,1,1,1,100.0,0,0.0,1,1,100.0,100.0,0,0.0,100.0,100.0,50.0,100.0,0.0,0.0,0.0,0.0,0.0,642727
CU,Curveball,BR,1,14.29,1,1,1,100.0,0,0.0,0,0,,0.0,1,100.0,100.0,,50.0,100.0,0.0,0.0,0.0,0.0,0.0,642727
ST,Sweeper,BR,1,14.29,0,0,0,,0,,1,0,0.0,0.0,0,0.0,0.0,,0.0,,,,,,,642727
SI,Sinker,FB,117,27.27,41,39,2,4.88,1,2.44,57,2,3.51,1.71,26,22.22,23.93,23.91,14.29,11.76,0.282,0.317,0.41,0.727,0.128,642731
FF,4-Seam Fastball,FB,99,23.08,26,25,2,7.69,1,3.85,45,6,13.33,6.06,17,17.17,23.23,22.92,27.73,6.06,0.44,0.462,0.68,1.142,0.24,642731
SL,Slider,BR,86,20.05,31,30,9,29.03,0,0.0,58,24,41.38,27.91,8,9.3,37.21,52.27,23.53,32.14,0.2,0.194,0.233,0.427,0.033,642731
ST,Sweeper,BR,47,10.96,9,9,3,33.33,0,0.0,25,9,36.0,19.15,8,17.02,36.17,40.0,10.92,23.08,0.0,0.0,0.0,0.0,0.0,642731
FC,Cutter,FB,27,6.29,5,5,0,0.0,0,0.0,17,2,11.76,7.41,4,14.81,22.22,57.14,5.88,0.0,0.0,0.0,0.0,0.0,0.0,642731
CU,Curveball,BR,17,3.96,5,4,2,40.0,1,20.0,9,4,44.44,23.53,2,11.76,35.29,40.0,5.04,33.33,0.25,0.4,0.25,0.65,0.0,642731
FS,Split-Finger,OS,16,3.73,2,2,2,100.0,0,0.0,8,5,62.5,31.25,0,0.0,31.25,27.27,6.72,25.0,0.0,0.0,0.0,0.0,0.0,642731
FO,Forkball,OS,6,1.4,1,1,1,100.0,0,0.0,4,3,75.0,50.0,0,0.0,50.0,75.0,2.52,33.33,0.0,0.0,0.0,0.0,0.0,642731
CH,Changeup,OS,4,0.93,4,4,0,0.0,0,0.0,4,0,0.0,0.0,0,0.0,0.0,100.0,1.68,0.0,0.25,0.25,0.5,0.75,0.25,642731
KC,Knuckle Curve,BR,4,0.93,2,2,0,0.0,0,0.0,4,1,25.0,25.0,0,0.0,25.0,100.0,1.68,0.0,1.0,1.0,1.5,2.5,0.5,642731
SV,Slurve,BR,3,0.7,1,1,0,0.0,0,0.0,1,0,0.0,0.0,1,33.33,33.33,0.0,0.0,,0.0,0.0,0.0,0.0,0.0,642731
EP,Eephus,,2,0.47,1,1,0,0.0,0,0.0,2,0,0.0,0.0,0,0.0,0.0,100.0,0.0,,1.0,1.0,1.0,2.0,0.0,642731
FA,Other,,1,0.23,0,0,0,,0,,0,0,,0.0,0,0.0,0.0,0.0,0.0,,,,,,,642731
SI,Sinker,FB,65,23.05,22,22,2,9.09,0,0.0,35,4,11.43,6.15,17,26.15,32.31,13.33,9.57,22.22,0.318,0.318,0.591,0.909,0.2729999999999999,642851
FF,4-Seam Fastball,FB,62,21.99,15,13,7,46.67,2,13.33,28,10,35.71,16.13,14,22.58,38.71,19.05,24.47,30.43,0.308,0.4,0.615,1.015,0.307,642851
SL,Slider,BR,58,20.57,11,9,0,0.0,2,18.18,25,8,32.0,13.79,7,12.07,25.86,16.67,21.28,0.0,0.333,0.455,0.444,0.899,0.1109999999999999,642851
ST,Sweeper,BR,31,10.99,9,8,3,33.33,0,0.0,13,4,30.77,12.9,6,19.35,32.26,31.25,19.15,16.67,0.125,0.125,0.25,0.375,0.125,642851
FC,Cutter,FB,21,7.45,4,4,2,50.0,0,0.0,10,5,50.0,23.81,2,9.52,33.33,25.0,5.32,40.0,0.25,0.25,1.0,1.25,0.75,642851
CH,Changeup,OS,20,7.09,6,6,3,50.0,0,0.0,19,6,31.58,30.0,0,0.0,30.0,87.5,12.77,25.0,0.167,0.167,0.167,0.334,0.0,642851
CU,Curveball,BR,10,3.55,1,1,0,0.0,0,0.0,4,1,25.0,10.0,1,10.0,20.0,42.86,6.38,0.0,1.0,1.0,2.0,3.0,1.0,642851
FS,Split-Finger,OS,6,2.13,2,2,1,50.0,0,0.0,5,3,60.0,50.0,1,16.67,66.67,,1.06,100.0,0.5,0.5,1.0,1.5,0.5,642851
FA,Other,,4,1.42,2,2,0,0.0,0,0.0,2,0,0.0,0.0,0,0.0,0.0,0.0,0.0,,1.0,1.0,2.5,3.5,1.5,642851
KC,Knuckle Curve,BR,3,1.06,0,0,0,,0,,0,0,,0.0,0,0.0,0.0,0.0,0.0,,,,,,,642851
EP,Eephus,,1,0.35,0,0,0,,0,,0,0,,0.0,0,0.0,0.0,0.0,0.0,,,,,,,642851
,,,1,0.35,0,0,0,,0,,0,0,,0.0,0,0.0,0.0,,0.0,,,,,,,642851
FF,4-Seam Fastball,FB,475,33.74,126,108,18,14.29,15,11.9,233,42,18.03,8.84,70,14.74,23.58,20.89,31.49,16.67,0.213,0.312,0.463,0.775,0.25,643217
CH,Changeup,OS,225,15.98,71,67,11,15.49,4,5.63,110,24,21.82,10.67,22,9.78,20.44,35.97,19.53,16.42,0.269,0.31,0.328,0.638,0.059,643217
SI,Sinker,FB,155,11.01,42,33,2,4.76,8,19.05,63,5,7.94,3.23,29,18.71,21.94,20.51,7.0,8.33,0.273,0.405,0.424,0.829,0.1509999999999999,643217
SL,Slider,BR,143,10.16,38,35,11,28.95,3,7.89,80,28,35.0,19.58,13,9.09,28.67,36.36,12.83,25.0,0.171,0.237,0.429,0.6659999999999999,0.258,643217
FC,Cutter,FB,114,8.1,28,24,4,14.29,4,14.29,57,14,24.56,12.28,13,11.4,23.68,16.98,7.0,16.67,0.375,0.464,0.5,0.964,0.125,643217
FS,Split-Finger,OS,91,6.46,23,20,6,26.09,2,8.7,43,12,27.91,13.19,4,4.4,17.58,20.75,7.0,25.0,0.15,0.217,0.15,0.367,0.0,643217
CU,Curveball,BR,83,5.89,20,19,4,20.0,0,0.0,38,9,23.68,10.84,11,13.25,24.1,29.55,6.12,19.05,0.211,0.2,0.421,0.621,0.21,643217
ST,Sweeper,BR,71,5.04,17,15,3,17.65,1,5.88,32,8,25.0,11.27,14,19.72,30.99,22.58,5.25,16.67,0.133,0.235,0.333,0.5680000000000001,0.2,643217
KC,Knuckle Curve,BR,39,2.77,11,11,2,18.18,0,0.0,16,3,18.75,7.69,6,15.38,23.08,33.33,3.79,15.38,0.273,0.273,0.273,0.546,0.0,643217
,,,8,0.57,2,0,0,0.0,2,100.0,0,0,,0.0,0,0.0,0.0,,0.0,,,1.0,,,,643217
FA,Other,,2,0.14,1,1,0,0.0,0,0.0,1,0,0.0,0.0,0,0.0,0.0,0.0,0.0,,0.0,0.0,0.0,0.0,0.0,643217
SC,Screwball,,1,0.07,0,0,0,,0,,0,0,,0.0,0,0.0,0.0,0.0,0.0,,,,,,,643217
SV,Slurve,BR,1,0.07,0,0,0,,0,,0,0,,0.0,0,0.0,0.0,0.0,0.0,,,,,,,643217
FF,4-Seam Fastball,FB,289,31.38,80,72,11,13.75,6,7.5,154,24,15.58,8.3,42,14.53,22.84,32.58,32.39,13.75,0.194,0.253,0.278,0.531,0.084,643289
SL,Slider,BR,181,19.65,58,56,4,6.9,1,1.72,103,20,19.42,11.05,21,11.6,22.65,39.18,18.22,8.89,0.179,0.193,0.232,0.425,0.053,643289
SI,Sinker,FB,151,16.4,48,43,3,6.25,5,10.42,75,7,9.33,4.64,33,21.85,26.49,42.86,10.93,11.11,0.419,0.479,0.791,1.27,0.372,643289
FC,Cutter,FB,107,11.62,27,25,2,7.41,2,7.41,57,9,15.79,8.41,14,13.08,21.5,26.53,9.72,8.33,0.24,0.296,0.24,0.536,0.0,643289
ST,Sweeper,BR,85,9.23,25,24,7,28.0,1,4.0,42,11,26.19,12.94,11,12.94,25.88,37.25,12.55,22.58,0.208,0.24,0.375,0.615,0.167,643289
CU,Curveball,BR,39,4.23,15,15,2,13.33,0,0.0,21,3,14.29,7.69,3,7.69,15.38,28.57,5.67,14.29,0.067,0.067,0.133,0.2,0.066,643289
CH,Changeup,OS,32,3.47,12,10,1,8.33,2,16.67,17,3,17.65,9.38,2,6.25,15.62,26.32,3.64,11.11,0.2,0.333,0.2,0.533,0.0,643289
FS,Split-Finger,OS,22,2.39,12,12,1,8.33,0,0.0,16,1,6.25,4.55,0,0.0,4.55,16.67,4.86,8.33,0.083,0.083,0.083,0.166,0.0,643289
KC,Knuckle Curve,BR,11,1.19,4,4,0,0.0,0,0.0,8,0,0.0,0.0,1,9.09,9.09,60.0,2.02,0.0,0.25,0.25,0.25,0.5,0.0,643289
SV,Slurve,BR,2,0.22,1,1,0,0.0,0,0.0,2,1,50.0,50.0,0,0.0,50.0,100.0,0.0,,0.0,0.0,0.0,0.0,0.0,643289
FA,Other,,1,0.11,0,0,0,,0,,1,0,0.0,0.0,0,0.0,0.0,,0.0,,,,,,,643289
EP,Eephus,,1,0.11,1,1,0,0.0,0,0.0,1,0,0.0,0.0,0,0.0,0.0,100.0,0.0,,0.0,0.0,0.0,0.0,0.0,643289
FF,4-Seam Fastball,FB,263,31.65,74,64,23,31.08,10,13.51,120,30,25.0,11.41,53,20.15,31.56,23.42,34.33,28.75,0.188,0.297,0.328,0.625,0.14,643376
SI,Sinker,FB,183,22.02,52,45,6,11.54,5,9.62,83,11,13.25,6.01,28,15.3,21.31,15.38,13.3,19.35,0.267,0.365,0.422,0.7869999999999999,0.1549999999999999,643376
SL,Slider,BR,150,18.05,34,32,8,23.53,1,2.94,58,14,24.14,9.33,24,16.0,25.33,18.99,18.03,19.05,0.281,0.324,0.562,0.8860000000000001,0.281,643376
ST,Sweeper,BR,61,7.34,16,13,0,0.0,2,12.5,21,2,9.52,3.28,9,14.75,18.03,5.88,7.3,0.0,0.231,0.375,0.538,0.913,0.307,643376
FC,Cutter,FB,53,6.38,16,13,4,25.0,2,12.5,24,7,29.17,13.21,11,20.75,33.96,22.73,5.15,33.33,0.154,0.267,0.154,0.421,0.0,643376
CU,Curveball,BR,47,5.66,11,11,5,45.45,0,0.0,17,3,17.65,6.38,9,19.15,25.53,12.5,9.87,21.74,0.182,0.182,0.273,0.455,0.091,643376
CH,Changeup,OS,32,3.85,6,6,0,0.0,0,0.0,21,2,9.52,6.25,2,6.25,12.5,43.75,5.58,0.0,0.333,0.333,0.833,1.166,0.4999999999999999,643376
FS,Split-Finger,OS,18,2.17,4,3,0,0.0,1,25.0,6,1,16.67,5.56,3,16.67,22.22,10.0,2.58,0.0,0.333,0.5,0.333,0.833,0.0,643376
SV,Slurve,BR,9,1.08,2,2,1,50.0,0,0.0,3,1,33.33,11.11,1,11.11,22.22,16.67,2.58,16.67,0.0,0.0,0.0,0.0,0.0,643376
,,,7,0.84,1,1,1,100.0,0,0.0,1,0,0.0,0.0,2,28.57,28.57,,0.43,100.0,0.0,0.0,0.0,0.0,0.0,643376
KC,Knuckle Curve,BR,6,0.72,1,1,0,0.0,0,0.0,2,0,0.0,0.0,0,0.0,0.0,0.0,0.86,0.0,0.0,0.0,0.0,0.0,0.0,643376
EP,Eephus,,1,0.12,1,1,0,0.0,0,0.0,1,0,0.0,0.0,0,0.0,0.0,100.0,0.0,,0.0,0.0,0.0,0.0,0.0,643376
PO,Pitch Out,,1,0.12,1,0,0,0.0,0,0.0,0,0,,0.0,0,0.0,0.0,0.0,0.0,,,,,,,643376
FF,4-Seam Fastball,FB,307,25.89,68,57,14,20.59,7,10.29,147,22,14.97,7.17,61,19.87,27.04,30.07,27.54,15.22,0.333,0.424,0.491,0.915,0.1579999999999999,643396
SI,Sinker,FB,274,23.1,92,85,15,16.3,7,7.61,117,5,4.27,1.82,83,30.29,32.12,25.25,13.77,32.61,0.259,0.315,0.294,0.609,0.0349999999999999,643396
SL,Slider,BR,216,18.21,72,68,7,9.72,0,0.0,119,21,17.65,9.72,32,14.81,24.54,35.64,16.77,12.5,0.265,0.265,0.353,0.618,0.0879999999999999,643396
ST,Sweeper,BR,127,10.71,35,35,7,20.0,0,0.0,53,9,16.98,7.09,25,19.69,26.77,32.35,11.68,17.95,0.286,0.286,0.286,0.572,0.0,643396
FC,Cutter,FB,79,6.66,24,23,1,4.17,1,4.17,40,3,7.5,3.8,12,15.19,18.99,30.0,5.09,5.88,0.391,0.417,0.478,0.895,0.0869999999999999,643396
CH,Changeup,OS,62,5.23,16,15,3,18.75,0,0.0,34,6,17.65,9.68,9,14.52,24.19,46.88,8.38,10.71,0.333,0.375,0.6,0.975,0.2669999999999999,643396
CU,Curveball,BR,45,3.79,10,10,4,40.0,0,0.0,20,4,20.0,8.89,12,26.67,35.56,22.22,5.09,23.53,0.0,0.0,0.0,0.0,0.0,643396
FS,Split-Finger,OS,31,2.61,7,7,3,42.86,0,0.0,20,8,40.0,25.81,1,3.23,29.03,52.38,4.79,18.75,0.286,0.286,0.286,0.572,0.0,643396
KC,Knuckle Curve,BR,25,2.11,8,8,1,12.5,0,0.0,14,3,21.43,12.0,1,4.0,16.0,28.57,4.19,7.14,0.125,0.125,0.125,0.25,0.0,643396
FO,Forkball,OS,12,1.01,3,3,2,66.67,0,0.0,9,2,22.22,16.67,0,0.0,16.67,62.5,1.8,33.33,0.0,0.0,0.0,0.0,0.0,643396
SV,Slurve,BR,6,0.51,0,0,0,,0,,0,0,,0.0,1,16.67,16.67,0.0,0.6,0.0,,,,,,643396
SC,Screwball,,1,0.08,1,1,0,0.0,0,0.0,1,0,0.0,0.0,0,0.0,0.0,,0.3,0.0,0.0,0.0,0.0,0.0,0.0,643396
,,,1,0.08,0,0,0,,0,,0,0,,0.0,0,0.0,0.0,,0.0,,,,,,,643396
FF,4-Seam Fastball,FB,448,33.97,142,127,16,11.27,12,8.45,279,33,11.83,7.37,49,10.94,18.3,32.95,38.26,10.34,0.268,0.331,0.48,0.8109999999999999,0.2119999999999999,643446
CH,Changeup,OS,158,11.98,43,41,6,13.95,2,4.65,91,21,23.08,13.29,10,6.33,19.62,39.78,14.51,10.91,0.195,0.233,0.341,0.5740000000000001,0.146,643446
SI,Sinker,FB,148,11.22,58,50,7,12.07,7,12.07,79,8,10.13,5.41,25,16.89,22.3,18.64,8.18,22.58,0.26,0.345,0.36,0.705,0.0999999999999999,643446
SL,Slider,BR,145,10.99,24,19,3,12.5,4,16.67,68,16,23.53,11.03,14,9.66,20.69,23.08,10.55,7.5,0.316,0.458,0.368,0.8260000000000001,0.0519999999999999,643446
CU,Curveball,BR,126,9.55,17,16,2,11.76,0,0.0,49,5,10.2,3.97,22,17.46,21.43,21.74,10.82,4.88,0.25,0.294,0.375,0.669,0.125,643446
FC,Cutter,FB,110,8.34,27,20,1,3.7,5,18.52,58,7,12.07,6.36,14,12.73,19.09,15.91,5.54,4.76,0.15,0.37,0.45,0.8200000000000001,0.3,643446
FS,Split-Finger,OS,66,5.0,14,13,2,14.29,1,7.14,29,8,27.59,12.12,7,10.61,22.73,21.05,3.69,14.29,0.154,0.214,0.462,0.676,0.308,643446
ST,Sweeper,BR,58,4.4,15,14,2,13.33,0,0.0,27,4,14.81,6.9,6,10.34,17.24,8.0,5.28,10.0,0.286,0.267,0.643,0.91,0.357,643446
KC,Knuckle Curve,BR,30,2.27,7,7,0,0.0,0,0.0,10,2,20.0,6.67,5,16.67,23.33,21.05,2.9,0.0,0.286,0.286,0.286,0.572,0.0,643446
,,,15,1.14,4,0,0,0.0,4,100.0,0,0,,0.0,0,0.0,0.0,,0.0,,,1.0,,,,643446
SV,Slurve,BR,11,0.83,2,1,0,0.0,0,0.0,5,1,20.0,9.09,2,18.18,27.27,33.33,0.26,0.0,0.0,0.5,0.0,0.5,0.0,643446
EP,Eephus,,4,0.3,2,2,0,0.0,0,0.0,2,0,0.0,0.0,1,25.0,25.0,0.0,0.0,,0.0,0.0,0.0,0.0,0.0,643446
FF,4-Seam Fastball,FB,503,38.46,106,89,24,22.64,16,15.09,223,46,20.63,9.15,90,17.89,27.04,11.33,36.45,15.13,0.292,0.396,0.393,0.789,0.101,643565
CH,Changeup,OS,171,13.07,42,38,7,16.67,4,9.52,77,19,24.68,11.11,14,8.19,19.3,30.36,15.35,10.94,0.289,0.357,0.316,0.673,0.027,643565
SL,Slider,BR,140,10.7,39,36,12,30.77,3,7.69,75,19,25.33,13.57,22,15.71,29.29,34.38,14.15,20.34,0.222,0.282,0.361,0.643,0.1389999999999999,643565
SI,Sinker,FB,130,9.94,43,37,11,25.58,5,11.63,58,6,10.34,4.62,35,26.92,31.54,17.39,8.15,32.35,0.27,0.372,0.432,0.804,0.1619999999999999,643565
FC,Cutter,FB,111,8.49,22,18,2,9.09,4,18.18,58,13,22.41,11.71,18,16.22,27.93,29.41,5.76,8.33,0.278,0.409,0.5,0.909,0.2219999999999999,643565
CU,Curveball,BR,107,8.18,24,22,2,8.33,1,4.17,43,7,16.28,6.54,16,14.95,21.5,26.23,8.39,5.71,0.227,0.292,0.364,0.6559999999999999,0.1369999999999999,643565
FS,Split-Finger,OS,62,4.74,18,17,3,16.67,1,5.56,32,6,18.75,9.68,7,11.29,20.97,31.43,5.52,13.04,0.353,0.389,0.471,0.86,0.118,643565
ST,Sweeper,BR,47,3.59,12,11,3,25.0,1,8.33,20,6,30.0,12.77,13,27.66,40.43,37.5,2.64,27.27,0.273,0.333,0.636,0.969,0.363,643565
KC,Knuckle Curve,BR,31,2.37,7,7,4,57.14,0,0.0,17,9,52.94,29.03,2,6.45,35.48,52.38,3.36,28.57,0.143,0.143,0.143,0.286,0.0,643565
SV,Slurve,BR,4,0.31,0,0,0,,0,,1,0,0.0,0.0,0,0.0,0.0,0.0,0.24,0.0,,,,,,643565
EP,Eephus,,2,0.15,1,1,0,0.0,0,0.0,1,0,0.0,0.0,0,0.0,0.0,0.0,0.0,,0.0,0.0,0.0,0.0,0.0,643565
FF,4-Seam Fastball,FB,16,34.78,6,5,2,33.33,1,16.67,6,2,33.33,12.5,3,18.75,31.25,36.36,30.0,66.67,0.0,0.167,0.0,0.167,0.0,644433
SL,Slider,BR,8,17.39,4,4,1,25.0,0,0.0,4,1,25.0,12.5,2,25.0,37.5,33.33,10.0,100.0,0.25,0.25,1.0,1.25,0.75,644433
SI,Sinker,FB,5,10.87,0,0,0,,0,,1,0,0.0,0.0,1,20.0,20.0,0.0,10.0,0.0,,,,,,644433
FS,Split-Finger,OS,5,10.87,1,1,0,0.0,0,0.0,3,1,33.33,20.0,1,20.0,40.0,66.67,20.0,0.0,0.0,0.0,0.0,0.0,0.0,644433
ST,Sweeper,BR,5,10.87,1,1,0,0.0,0,0.0,3,1,33.33,20.0,0,0.0,20.0,33.33,10.0,0.0,0.0,0.0,0.0,0.0,0.0,644433
FC,Cutter,FB,4,8.7,2,2,0,0.0,0,0.0,3,1,33.33,25.0,1,25.0,50.0,100.0,10.0,0.0,0.0,0.0,0.0,0.0,0.0,644433
KC,Knuckle Curve,BR,2,4.35,1,1,1,100.0,0,0.0,1,1,100.0,50.0,1,50.0,100.0,100.0,10.0,100.0,0.0,0.0,0.0,0.0,0.0,644433
CH,Changeup,OS,1,2.17,0,0,0,,0,,0,0,,0.0,1,100.0,100.0,,0.0,,,,,,,644433
FF,4-Seam Fastball,FB,549,30.35,142,122,27,19.01,18,12.68,284,64,22.54,11.66,60,10.93,22.59,24.54,31.36,16.98,0.205,0.31,0.41,0.72,0.205,645277
SI,Sinker,FB,251,13.88,75,62,6,8.0,13,17.33,131,22,16.79,8.76,26,10.36,19.12,28.12,9.86,12.0,0.226,0.36,0.274,0.634,0.048,645277
CH,Changeup,OS,218,12.05,72,70,5,6.94,1,1.39,127,20,15.75,9.17,18,8.26,17.43,40.48,13.02,7.58,0.271,0.278,0.314,0.5920000000000001,0.0429999999999999,645277
CU,Curveball,BR,213,11.77,57,55,14,24.56,1,1.75,99,25,25.25,11.74,23,10.8,22.54,32.09,13.02,21.21,0.073,0.105,0.145,0.25,0.072,645277
SL,Slider,BR,156,8.62,39,35,10,25.64,3,7.69,85,27,31.76,17.31,16,10.26,27.56,37.5,8.88,22.22,0.286,0.359,0.543,0.902,0.257,645277
FC,Cutter,FB,150,8.29,40,31,8,20.0,7,17.5,80,21,26.25,14.0,18,12.0,26.0,25.35,6.31,25.0,0.29,0.436,0.419,0.855,0.129,645277
FS,Split-Finger,OS,102,5.64,27,26,3,11.11,1,3.7,50,10,20.0,9.8,14,13.73,23.53,37.93,7.1,8.33,0.308,0.333,0.423,0.756,0.1149999999999999,645277
ST,Sweeper,BR,92,5.09,20,17,0,0.0,3,15.0,53,9,16.98,9.78,11,11.96,21.74,37.78,6.31,0.0,0.353,0.45,0.353,0.8029999999999999,0.0,645277
KC,Knuckle Curve,BR,47,2.6,6,6,1,16.67,0,0.0,16,2,12.5,4.26,8,17.02,21.28,22.58,2.76,7.14,0.167,0.167,0.167,0.334,0.0,645277
,,,11,0.61,2,1,1,50.0,1,50.0,1,1,100.0,9.09,2,18.18,27.27,,0.39,50.0,0.0,0.5,0.0,0.5,0.0,645277
SV,Slurve,BR,8,0.44,1,0,0,0.0,1,100.0,3,0,0.0,0.0,2,25.0,25.0,25.0,0.39,0.0,,1.0,,,,645277
FO,Forkball,OS,8,0.44,1,1,1,100.0,0,0.0,2,1,50.0,12.5,1,12.5,25.0,28.57,0.59,33.33,0.0,0.0,0.0,0.0,0.0,645277
CS,Slow Curve,BR,3,0.17,0,0,0,,0,,2,1,50.0,33.33,0,0.0,33.33,50.0,0.0,,,,,,,645277
PO,Pitch Out,,1,0.06,0,0,0,,0,,0,0,,0.0,0,0.0,0.0,0.0,0.0,,,,,,,645277
FF,4-Seam Fastball,FB,63,29.03,21,19,6,28.57,0,0.0,37,10,27.03,15.87,9,14.29,30.16,40.0,38.03,22.22,0.105,0.19,0.158,0.348,0.053,645302
SL,Slider,BR,61,28.11,19,19,3,15.79,0,0.0,38,10,26.32,16.39,7,11.48,27.87,45.16,28.17,15.0,0.316,0.316,0.526,0.8420000000000001,0.21,645302
SI,Sinker,FB,42,19.35,13,11,3,23.08,1,7.69,21,2,9.52,4.76,9,21.43,26.19,23.53,11.27,37.5,0.273,0.385,0.455,0.8400000000000001,0.182,645302
ST,Sweeper,BR,23,10.6,7,6,3,42.86,0,0.0,14,5,35.71,21.74,1,4.35,26.09,36.36,9.86,42.86,0.167,0.143,0.167,0.31,0.0,645302
CH,Changeup,OS,10,4.61,1,1,1,100.0,0,0.0,9,4,44.44,40.0,0,0.0,40.0,75.0,5.63,25.0,0.0,0.0,0.0,0.0,0.0,645302
FC,Cutter,FB,8,3.69,2,2,0,0.0,0,0.0,7,3,42.86,37.5,1,12.5,50.0,100.0,0.0,,0.5,0.5,1.0,1.5,0.5,645302
CU,Curveball,BR,5,2.3,2,2,2,100.0,0,0.0,1,1,100.0,20.0,3,60.0,80.0,0.0,2.82,100.0,0.0,0.0,0.0,0.0,0.0,645302
FS,Split-Finger,OS,3,1.38,0,0,0,,0,,0,0,,0.0,0,0.0,0.0,0.0,4.23,0.0,,,,,,645302
KC,Knuckle Curve,BR,2,0.92,1,1,0,0.0,0,0.0,2,1,50.0,50.0,0,0.0,50.0,100.0,0.0,,0.0,0.0,0.0,0.0,0.0,645302
FF,4-Seam Fastball,FB,23,42.59,7,7,2,28.57,0,0.0,17,4,23.53,17.39,3,13.04,30.43,55.56,40.0,33.33,0.143,0.143,0.143,0.286,0.0,645305
SI,Sinker,FB,8,14.81,2,2,1,50.0,0,0.0,2,1,50.0,12.5,4,50.0,62.5,33.33,6.67,100.0,0.0,0.0,0.0,0.0,0.0,645305
SL,Slider,BR,6,11.11,1,1,1,100.0,0,0.0,4,1,25.0,16.67,0,0.0,16.67,33.33,6.67,100.0,0.0,0.0,0.0,0.0,0.0,645305
FS,Split-Finger,OS,5,9.26,1,1,1,100.0,0,0.0,2,1,50.0,20.0,0,0.0,20.0,50.0,26.67,25.0,0.0,0.0,0.0,0.0,0.0,645305
FC,Cutter,FB,5,9.26,2,2,0,0.0,0,0.0,3,0,0.0,0.0,0,0.0,0.0,33.33,0.0,,0.0,0.0,0.0,0.0,0.0,645305
CU,Curveball,BR,3,5.56,1,1,0,0.0,0,0.0,2,0,0.0,0.0,1,33.33,33.33,100.0,13.33,0.0,1.0,1.0,2.0,3.0,1.0,645305
EP,Eephus,,2,3.7,1,1,0,0.0,0,0.0,1,0,0.0,0.0,1,50.0,50.0,100.0,0.0,,0.0,0.0,0.0,0.0,0.0,645305
CH,Changeup,OS,1,1.85,1,1,0,0.0,0,0.0,1,0,0.0,0.0,0,0.0,0.0,,6.67,0.0,1.0,1.0,1.0,2.0,0.0,645305
ST,Sweeper,BR,1,1.85,1,1,0,0.0,0,0.0,1,0,0.0,0.0,0,0.0,0.0,,0.0,,0.0,0.0,0.0,0.0,0.0,645305
FF,4-Seam Fastball,FB,240,39.47,54,38,5,9.26,9,16.67,95,9,9.47,3.75,55,22.92,26.67,15.0,32.04,8.62,0.184,0.347,0.395,0.742,0.211,645444
SI,Sinker,FB,76,12.5,22,15,3,13.64,3,13.64,32,6,18.75,7.89,18,23.68,31.58,11.11,7.73,21.43,0.267,0.389,0.333,0.722,0.066,645444
CH,Changeup,OS,65,10.69,15,15,5,33.33,0,0.0,29,12,41.38,18.46,4,6.15,24.62,25.0,17.13,16.13,0.067,0.067,0.067,0.134,0.0,645444
SL,Slider,BR,60,9.87,15,13,7,46.67,2,13.33,30,11,36.67,18.33,11,18.33,36.67,32.0,11.6,33.33,0.0,0.133,0.0,0.133,0.0,645444
FC,Cutter,FB,54,8.88,14,12,2,14.29,2,14.29,20,2,10.0,3.7,11,20.37,24.07,0.0,7.18,15.38,0.083,0.214,0.083,0.297,0.0,645444
CU,Curveball,BR,45,7.4,7,7,3,42.86,0,0.0,11,2,18.18,4.44,14,31.11,35.56,9.09,6.63,25.0,0.0,0.0,0.0,0.0,0.0,645444
ST,Sweeper,BR,31,5.1,10,9,2,20.0,0,0.0,11,1,9.09,3.23,7,22.58,25.81,15.38,7.18,15.38,0.333,0.3,0.333,0.633,0.0,645444
FS,Split-Finger,OS,24,3.95,5,5,2,40.0,0,0.0,6,1,16.67,4.17,3,12.5,16.67,12.5,7.18,15.38,0.0,0.0,0.0,0.0,0.0,645444
SV,Slurve,BR,5,0.82,2,1,0,0.0,1,50.0,1,0,0.0,0.0,1,20.0,20.0,0.0,2.21,0.0,1.0,1.0,1.0,2.0,0.0,645444
FO,Forkball,OS,4,0.66,0,0,0,,0,,0,0,,0.0,1,25.0,25.0,0.0,0.55,0.0,,,,,,645444
EP,Eephus,,2,0.33,1,1,0,0.0,0,0.0,1,0,0.0,0.0,1,50.0,50.0,50.0,0.0,,1.0,1.0,1.0,2.0,0.0,645444
KC,Knuckle Curve,BR,2,0.33,0,0,0,,0,,0,0,,0.0,0,0.0,0.0,0.0,0.55,0.0,,,,,,645444
FF,4-Seam Fastball,FB,1012,47.49,199,162,53,26.63,36,18.09,460,153,33.26,15.12,126,12.45,27.57,16.9,48.11,16.61,0.235,0.372,0.5,0.872,0.265,646240
CH,Changeup,OS,273,12.81,69,63,18,26.09,6,8.7,129,47,36.43,17.22,25,9.16,26.37,35.91,11.31,22.67,0.19,0.261,0.286,0.5469999999999999,0.0959999999999999,646240
FC,Cutter,FB,181,8.49,35,26,6,17.14,9,25.71,89,25,28.09,13.81,21,11.6,25.41,26.51,6.18,14.63,0.154,0.371,0.269,0.64,0.115,646240
SI,Sinker,FB,153,7.18,45,31,9,20.0,13,28.89,53,7,13.21,4.58,27,17.65,22.22,11.63,6.49,20.93,0.29,0.489,0.548,1.037,0.258,646240
SL,Slider,BR,142,6.66,38,31,12,31.58,6,15.79,67,23,34.33,16.2,15,10.56,26.76,33.33,7.54,24.0,0.323,0.447,0.71,1.157,0.3869999999999999,646240
FS,Split-Finger,OS,114,5.35,34,31,9,26.47,3,8.82,59,26,44.07,22.81,9,7.89,30.7,37.84,6.33,21.43,0.29,0.353,0.581,0.934,0.291,646240
CU,Curveball,BR,113,5.3,35,29,7,20.0,5,14.29,50,15,30.0,13.27,15,13.27,26.55,33.33,6.79,15.56,0.552,0.618,1.034,1.652,0.482,646240
ST,Sweeper,BR,40,1.88,6,4,2,33.33,2,33.33,12,2,16.67,5.0,13,32.5,37.5,22.22,2.26,13.33,0.25,0.5,1.0,1.5,0.75,646240
KC,Knuckle Curve,BR,35,1.64,11,9,8,72.73,1,9.09,22,10,45.45,28.57,3,8.57,37.14,55.0,2.71,44.44,0.0,0.091,0.0,0.091,0.0,646240
,,,31,1.45,8,0,0,0.0,8,100.0,0,0,,0.0,0,0.0,0.0,,0.3,0.0,,1.0,,,,646240
SV,Slurve,BR,13,0.61,3,3,0,0.0,0,0.0,5,0,0.0,0.0,4,30.77,30.77,28.57,0.45,0.0,0.667,0.667,0.667,1.334,0.0,646240
EP,Eephus,,9,0.42,1,1,0,0.0,0,0.0,2,0,0.0,0.0,3,33.33,33.33,0.0,0.0,,1.0,1.0,4.0,5.0,3.0,646240
FO,Forkball,OS,9,0.42,4,3,1,25.0,1,25.0,5,1,20.0,11.11,1,11.11,22.22,57.14,0.9,16.67,0.0,0.25,0.0,0.25,0.0,646240
FA,Other,,5,0.23,2,2,2,100.0,0,0.0,0,0,,0.0,3,60.0,60.0,0.0,0.6,50.0,0.0,0.0,0.0,0.0,0.0,646240
PO,Pitch Out,,1,0.05,0,0,0,,0,,0,0,,0.0,0,0.0,0.0,0.0,0.0,,,,,,,646240
FF,4-Seam Fastball,FB,386,27.81,120,105,10,8.33,11,9.17,211,35,16.59,9.07,53,13.73,22.8,39.18,31.08,9.9,0.324,0.39,0.476,0.866,0.1519999999999999,647304
CH,Changeup,OS,234,16.86,74,69,6,8.11,4,5.41,123,23,18.7,9.83,15,6.41,16.24,34.51,15.69,11.76,0.29,0.324,0.435,0.759,0.145,647304
SL,Slider,BR,168,12.1,50,43,6,12.0,5,10.0,98,22,22.45,13.1,12,7.14,20.24,34.12,12.92,14.29,0.279,0.367,0.605,0.972,0.3259999999999999,647304
SI,Sinker,FB,147,10.59,49,41,5,10.2,7,14.29,76,5,6.58,3.4,26,17.69,21.09,25.76,8.92,17.24,0.317,0.408,0.39,0.798,0.073,647304
CU,Curveball,BR,133,9.58,32,27,4,12.5,3,9.38,68,20,29.41,15.04,18,13.53,28.57,34.25,9.54,12.9,0.296,0.375,0.481,0.856,0.185,647304
FS,Split-Finger,OS,94,6.77,24,23,7,29.17,1,4.17,46,12,26.09,12.77,6,6.38,19.15,33.33,8.31,25.93,0.217,0.25,0.391,0.641,0.174,647304
FC,Cutter,FB,90,6.48,32,29,0,0.0,1,3.12,61,5,8.2,5.56,7,7.78,13.33,40.0,3.08,0.0,0.345,0.367,0.621,0.988,0.276,647304
ST,Sweeper,BR,88,6.34,18,15,8,44.44,3,16.67,37,13,35.14,14.77,13,14.77,29.55,25.0,7.38,33.33,0.267,0.389,0.267,0.656,0.0,647304
KC,Knuckle Curve,BR,24,1.73,8,8,3,37.5,0,0.0,18,6,33.33,25.0,2,8.33,33.33,63.64,2.77,33.33,0.125,0.125,0.5,0.625,0.375,647304
,,,19,1.37,4,0,0,0.0,4,100.0,0,0,,0.0,0,0.0,0.0,,0.0,,,1.0,,,,647304
FO,Forkball,OS,3,0.22,1,1,0,0.0,0,0.0,1,0,0.0,0.0,0,0.0,0.0,0.0,0.0,,0.0,0.0,0.0,0.0,0.0,647304
SV,Slurve,BR,2,0.14,1,1,0,0.0,0,0.0,1,0,0.0,0.0,0,0.0,0.0,0.0,0.31,0.0,1.0,1.0,2.0,3.0,1.0,647304
FF,4-Seam Fastball,FB,274,34.0,76,67,11,14.47,5,6.58,130,22,16.92,8.03,50,18.25,26.28,26.12,30.51,15.28,0.254,0.316,0.448,0.764,0.194,647351
SI,Sinker,FB,102,12.66,21,18,1,4.76,1,4.76,38,1,2.63,0.98,24,23.53,24.51,19.61,10.59,4.0,0.444,0.5,0.5,1.0,0.0559999999999999,647351
CH,Changeup,OS,97,12.03,24,22,3,12.5,2,8.33,59,18,30.51,18.56,9,9.28,27.84,53.23,13.56,9.38,0.045,0.125,0.045,0.1699999999999999,0.0,647351
SL,Slider,BR,82,10.17,25,23,6,24.0,1,4.0,39,13,33.33,15.85,15,18.29,34.15,36.17,11.86,21.43,0.174,0.24,0.304,0.544,0.13,647351
FC,Cutter,FB,68,8.44,13,13,1,7.69,0,0.0,43,10,23.26,14.71,9,13.24,27.94,39.29,8.05,5.26,0.308,0.308,0.538,0.8460000000000001,0.23,647351
CU,Curveball,BR,66,8.19,13,13,3,23.08,0,0.0,26,7,26.92,10.61,17,25.76,36.36,38.89,7.2,17.65,0.231,0.231,0.308,0.539,0.0769999999999999,647351
FS,Split-Finger,OS,45,5.58,16,16,3,18.75,0,0.0,25,7,28.0,15.56,6,13.33,28.89,33.33,5.08,25.0,0.312,0.312,0.625,0.937,0.313,647351
ST,Sweeper,BR,42,5.21,8,8,1,12.5,0,0.0,26,3,11.54,7.14,7,16.67,23.81,61.9,10.17,4.17,0.0,0.0,0.0,0.0,0.0,647351
EP,Eephus,,8,0.99,2,1,0,0.0,0,0.0,3,0,0.0,0.0,3,37.5,37.5,0.0,0.85,0.0,1.0,0.5,2.0,2.5,1.0,647351
KC,Knuckle Curve,BR,8,0.99,3,3,2,66.67,0,0.0,4,3,75.0,37.5,2,25.0,62.5,75.0,1.27,66.67,0.0,0.0,0.0,0.0,0.0,647351
SV,Slurve,BR,7,0.87,4,3,1,25.0,1,25.0,3,1,33.33,14.29,1,14.29,28.57,25.0,0.42,100.0,0.333,0.5,0.333,0.833,0.0,647351
,,,4,0.5,1,0,0,0.0,1,100.0,0,0,,0.0,0,0.0,0.0,,0.0,,,1.0,,,,647351
FA,Other,,3,0.37,1,1,0,0.0,0,0.0,1,0,0.0,0.0,1,33.33,33.33,0.0,0.42,0.0,0.0,0.0,0.0,0.0,0.0,647351
SI,Sinker,FB,306,30.0,85,70,8,9.41,7,8.24,125,16,12.8,5.23,69,22.55,27.78,15.5,17.31,16.33,0.229,0.337,0.286,0.623,0.0569999999999999,649966
FF,4-Seam Fastball,FB,248,24.31,62,56,11,17.74,6,9.68,105,11,10.48,4.44,56,22.58,27.02,19.23,25.44,13.89,0.304,0.371,0.411,0.782,0.1069999999999999,649966
SL,Slider,BR,144,14.12,41,35,8,19.51,6,14.63,59,13,22.03,9.03,34,23.61,32.64,23.88,17.31,16.33,0.229,0.341,0.429,0.77,0.1999999999999999,649966
ST,Sweeper,BR,89,8.73,19,15,1,5.26,2,10.53,33,5,15.15,5.62,18,20.22,25.84,25.49,11.66,3.03,0.267,0.316,0.467,0.783,0.2,649966
FC,Cutter,FB,81,7.94,22,20,1,4.55,2,9.09,37,1,2.7,1.23,14,17.28,18.52,22.22,7.77,4.55,0.2,0.273,0.35,0.623,0.1499999999999999,649966
CH,Changeup,OS,53,5.2,15,14,5,33.33,1,6.67,30,7,23.33,13.21,6,11.32,24.53,38.71,7.07,25.0,0.214,0.267,0.429,0.696,0.215,649966
KC,Knuckle Curve,BR,37,3.63,5,4,3,60.0,1,20.0,14,7,50.0,18.92,8,21.62,40.54,39.13,3.53,30.0,0.0,0.2,0.0,0.2,0.0,649966
FS,Split-Finger,OS,30,2.94,6,6,1,16.67,0,0.0,12,1,8.33,3.33,2,6.67,10.0,15.79,6.01,5.88,0.167,0.167,0.333,0.5,0.166,649966
CU,Curveball,BR,23,2.25,4,4,0,0.0,0,0.0,6,0,0.0,0.0,3,13.04,13.04,11.76,3.53,0.0,0.5,0.5,0.75,1.25,0.25,649966
SV,Slurve,BR,4,0.39,1,1,0,0.0,0,0.0,1,0,0.0,0.0,0,0.0,0.0,0.0,0.35,0.0,0.0,0.0,0.0,0.0,0.0,649966
EP,Eephus,,2,0.2,1,1,0,0.0,0,0.0,1,0,0.0,0.0,1,50.0,50.0,0.0,0.0,,0.0,0.0,0.0,0.0,0.0,649966
FA,Other,,2,0.2,1,1,0,0.0,0,0.0,1,0,0.0,0.0,1,50.0,50.0,,0.0,,0.0,0.0,0.0,0.0,0.0,649966
,,,1,0.1,0,0,0,,0,,0,0,,0.0,0,0.0,0.0,,0.0,,,,,,,649966
FF,4-Seam Fastball,FB,725,42.45,186,172,6,3.23,10,5.38,346,17,4.91,2.34,161,22.21,24.55,32.1,34.16,3.95,0.355,0.386,0.523,0.909,0.168,650333
SI,Sinker,FB,264,15.46,69,64,1,1.45,4,5.8,123,4,3.25,1.52,57,21.59,23.11,31.86,15.73,1.43,0.156,0.203,0.188,0.391,0.032,650333
FC,Cutter,FB,153,8.96,42,40,2,4.76,1,2.38,86,4,4.65,2.61,34,22.22,24.84,48.28,8.31,5.41,0.2,0.238,0.325,0.563,0.125,650333
CH,Changeup,OS,152,8.9,46,42,1,2.17,4,8.7,76,4,5.26,2.63,13,8.55,11.18,35.42,11.01,2.04,0.357,0.413,0.381,0.794,0.024,650333
SL,Slider,BR,135,7.9,42,37,0,0.0,4,9.52,74,3,4.05,2.22,22,16.3,18.52,40.58,9.21,0.0,0.216,0.286,0.27,0.556,0.054,650333
ST,Sweeper,BR,98,5.74,24,23,0,0.0,0,0.0,50,2,4.0,2.04,24,24.49,26.53,47.73,6.97,0.0,0.391,0.375,0.478,0.853,0.0869999999999999,650333
CU,Curveball,BR,88,5.15,33,33,0,0.0,0,0.0,43,0,0.0,0.0,13,14.77,14.77,30.43,7.42,0.0,0.455,0.455,0.545,1.0,0.09,650333
FS,Split-Finger,OS,55,3.22,19,17,0,0.0,2,10.53,29,0,0.0,0.0,9,16.36,16.36,37.04,4.04,0.0,0.176,0.263,0.294,0.5569999999999999,0.118,650333
KC,Knuckle Curve,BR,23,1.35,6,6,1,16.67,0,0.0,9,2,22.22,8.7,4,17.39,26.09,33.33,2.25,10.0,0.667,0.667,0.667,1.334,0.0,650333
SV,Slurve,BR,7,0.41,2,1,0,0.0,1,50.0,2,1,50.0,14.29,0,0.0,14.29,28.57,0.45,0.0,0.0,0.5,0.0,0.5,0.0,650333
CS,Slow Curve,BR,5,0.29,2,2,0,0.0,0,0.0,5,0,0.0,0.0,0,0.0,0.0,100.0,0.45,0.0,0.0,0.0,0.0,0.0,0.0,650333
FA,Other,,2,0.12,0,0,0,,0,,1,0,0.0,0.0,0,0.0,0.0,0.0,0.0,,,,,,,650333
,,,1,0.06,0,0,0,,0,,0,0,,0.0,0,0.0,0.0,,0.0,,,,,,,650333
FF,4-Seam Fastball,FB,595,31.5,146,116,27,18.49,26,17.81,297,67,22.56,11.26,80,13.45,24.71,20.98,32.14,13.64,0.259,0.39,0.379,0.769,0.12,650402
SL,Slider,BR,358,18.95,79,74,15,18.99,5,6.33,133,32,24.06,8.94,71,19.83,28.77,16.84,18.51,13.16,0.149,0.203,0.176,0.379,0.0269999999999999,650402
SI,Sinker,FB,279,14.77,89,76,10,11.24,10,11.24,139,13,9.35,4.66,64,22.94,27.6,23.85,10.39,15.62,0.289,0.393,0.526,0.919,0.237,650402
ST,Sweeper,BR,245,12.97,50,46,14,28.0,3,6.0,87,19,21.84,7.76,46,18.78,26.53,13.95,16.23,14.0,0.239,0.28,0.261,0.541,0.022,650402
FC,Cutter,FB,174,9.21,41,35,5,12.2,5,12.2,63,9,14.29,5.17,32,18.39,23.56,12.36,5.68,14.29,0.4,0.475,0.486,0.961,0.0859999999999999,650402
CU,Curveball,BR,101,5.35,14,9,4,28.57,4,28.57,18,4,22.22,3.96,17,16.83,20.79,4.62,6.17,10.53,0.0,0.286,0.0,0.286,0.0,650402
CH,Changeup,OS,84,4.45,23,21,2,8.7,2,8.7,38,8,21.05,9.52,5,5.95,15.48,15.56,6.17,5.26,0.238,0.304,0.238,0.542,0.0,650402
FS,Split-Finger,OS,31,1.64,11,11,2,18.18,0,0.0,18,5,27.78,16.13,0,0.0,16.13,25.0,3.25,10.0,0.273,0.273,0.273,0.546,0.0,650402
KC,Knuckle Curve,BR,12,0.64,2,1,0,0.0,1,50.0,1,0,0.0,0.0,3,25.0,25.0,11.11,0.81,0.0,0.0,0.5,0.0,0.5,0.0,650402
SV,Slurve,BR,8,0.42,0,0,0,,0,,3,1,33.33,12.5,1,12.5,25.0,0.0,0.32,0.0,,,,,,650402
CS,Slow Curve,BR,1,0.05,1,0,0,0.0,1,100.0,0,0,,0.0,0,0.0,0.0,0.0,0.16,0.0,,1.0,,,,650402
,,,1,0.05,0,0,0,,0,,0,0,,0.0,0,0.0,0.0,,0.16,0.0,,,,,,650402
FF,4-Seam Fastball,FB,613,45.68,129,104,39,30.23,21,16.28,281,76,27.05,12.4,87,14.19,26.59,17.61,44.16,20.21,0.135,0.297,0.26,0.5569999999999999,0.125,650489
CH,Changeup,OS,142,10.58,40,37,8,20.0,3,7.5,79,28,35.44,19.72,8,5.63,25.35,37.93,11.21,16.33,0.189,0.25,0.243,0.493,0.0539999999999999,650489
SL,Slider,BR,133,9.91,42,40,16,38.1,1,2.38,79,32,40.51,24.06,15,11.28,35.34,46.58,11.21,32.65,0.3,0.333,0.35,0.683,0.0499999999999999,650489
CU,Curveball,BR,117,8.72,31,30,7,22.58,1,3.23,68,19,27.94,16.24,15,12.82,29.06,44.44,10.76,14.89,0.233,0.258,0.333,0.591,0.1,650489
SI,Sinker,FB,112,8.35,37,33,6,16.22,3,8.11,55,12,21.82,10.71,20,17.86,28.57,28.89,4.81,28.57,0.242,0.324,0.455,0.779,0.213,650489
FS,Split-Finger,OS,80,5.96,22,21,8,36.36,1,4.55,52,18,34.62,22.5,4,5.0,27.5,51.02,7.78,23.53,0.238,0.273,0.238,0.511,0.0,650489
FC,Cutter,FB,78,5.81,23,20,4,17.39,1,4.35,43,12,27.91,15.38,12,15.38,30.77,32.26,4.12,22.22,0.4,0.478,0.55,1.028,0.15,650489
ST,Sweeper,BR,38,2.83,10,10,1,10.0,0,0.0,21,6,28.57,15.79,8,21.05,36.84,50.0,2.97,7.69,0.2,0.2,0.5,0.7,0.3,650489
KC,Knuckle Curve,BR,17,1.27,4,3,0,0.0,1,25.0,9,2,22.22,11.76,1,5.88,17.65,41.67,2.06,0.0,0.667,0.75,1.667,2.417,1.0,650489
SV,Slurve,BR,7,0.52,2,0,0,0.0,1,50.0,1,0,0.0,0.0,1,14.29,14.29,0.0,0.92,0.0,,1.0,,,,650489
,,,5,0.37,1,0,0,0.0,1,100.0,0,0,,0.0,0,0.0,0.0,,0.0,,,1.0,,,,650489
SI,Sinker,FB,515,27.99,131,115,11,8.4,12,9.16,210,31,14.76,6.02,105,20.39,26.41,18.44,19.34,11.7,0.313,0.382,0.435,0.817,0.122,650490
FF,4-Seam Fastball,FB,424,23.04,101,84,26,25.74,15,14.85,189,46,24.34,10.85,74,17.45,28.3,15.59,27.57,19.4,0.345,0.455,0.643,1.098,0.298,650490
SL,Slider,BR,257,13.97,66,65,9,13.64,1,1.52,110,22,20.0,8.56,47,18.29,26.85,22.39,13.37,13.85,0.308,0.318,0.508,0.8260000000000001,0.2,650490
FC,Cutter,FB,191,10.38,43,41,7,16.28,2,4.65,79,15,18.99,7.85,47,24.61,32.46,20.99,6.79,21.21,0.171,0.209,0.22,0.429,0.0489999999999999,650490
ST,Sweeper,BR,177,9.62,43,42,11,25.58,1,2.33,78,18,23.08,10.17,27,15.25,25.42,28.12,14.61,15.49,0.262,0.279,0.357,0.636,0.0949999999999999,650490
CH,Changeup,OS,96,5.22,35,33,5,14.29,1,2.86,50,7,14.0,7.29,13,13.54,20.83,35.85,5.76,17.86,0.273,0.286,0.364,0.6499999999999999,0.0909999999999999,650490
FS,Split-Finger,OS,69,3.75,17,16,3,17.65,1,5.88,33,5,15.15,7.25,8,11.59,18.84,37.78,6.58,9.38,0.312,0.353,0.312,0.665,0.0,650490
CU,Curveball,BR,53,2.88,19,17,1,5.26,2,10.53,25,3,12.0,5.66,12,22.64,28.3,46.43,3.7,5.56,0.471,0.526,0.529,1.0550000000000002,0.058,650490
KC,Knuckle Curve,BR,28,1.52,4,3,1,25.0,1,25.0,9,5,55.56,17.86,5,17.86,35.71,27.78,1.03,20.0,0.0,0.25,0.0,0.25,0.0,650490
,,,14,0.76,4,2,1,25.0,2,50.0,3,1,33.33,7.14,1,7.14,14.29,,0.41,50.0,0.5,0.75,0.5,1.25,0.0,650490
SV,Slurve,BR,7,0.38,5,5,1,20.0,0,0.0,6,2,33.33,28.57,0,0.0,28.57,66.67,0.62,33.33,0.6,0.6,0.8,1.4,0.2,650490
EP,Eephus,,6,0.33,2,2,0,0.0,0,0.0,3,0,0.0,0.0,2,33.33,33.33,0.0,0.21,0.0,0.5,0.5,0.5,1.0,0.0,650490
CS,Slow Curve,BR,2,0.11,0,0,0,,0,,0,0,,0.0,0,0.0,0.0,0.0,0.0,,,,,,,650490
PO,Pitch Out,,1,0.05,0,0,0,,0,,0,0,,0.0,0,0.0,0.0,0.0,0.0,,,,,,,650490
FF,4-Seam Fastball,FB,32,27.12,11,9,4,36.36,2,18.18,17,7,41.18,21.88,5,15.62,37.5,20.0,29.41,40.0,0.111,0.273,0.111,0.384,0.0,650559
SL,Slider,BR,18,15.25,3,2,1,33.33,1,33.33,7,4,57.14,22.22,3,16.67,38.89,11.11,17.65,16.67,0.5,0.667,0.5,1.167,0.0,650559
ST,Sweeper,BR,17,14.41,6,6,3,50.0,0,0.0,6,3,50.0,17.65,8,47.06,64.71,40.0,14.71,60.0,0.167,0.167,0.167,0.334,0.0,650559
SI,Sinker,FB,16,13.56,7,7,2,28.57,0,0.0,12,2,16.67,12.5,3,18.75,31.25,0.0,5.88,100.0,0.429,0.429,0.429,0.858,0.0,650559
FC,Cutter,FB,11,9.32,3,3,1,33.33,0,0.0,7,3,42.86,27.27,1,9.09,36.36,40.0,2.94,100.0,0.0,0.0,0.0,0.0,0.0,650559
CU,Curveball,BR,10,8.47,1,1,1,100.0,0,0.0,5,2,40.0,20.0,1,10.0,30.0,37.5,11.76,25.0,0.0,0.0,0.0,0.0,0.0,650559
FS,Split-Finger,OS,8,6.78,3,3,1,33.33,0,0.0,5,3,60.0,37.5,0,0.0,37.5,50.0,5.88,50.0,0.333,0.333,0.333,0.666,0.0,650559
CH,Changeup,OS,5,4.24,2,2,1,50.0,0,0.0,2,1,50.0,20.0,0,0.0,20.0,25.0,11.76,25.0,0.0,0.0,0.0,0.0,0.0,650559
CS,Slow Curve,BR,1,0.85,1,1,0,0.0,0,0.0,1,0,0.0,0.0,0,0.0,0.0,,0.0,,0.0,0.0,0.0,0.0,0.0,650559
FF,4-Seam Fastball,FB,547,32.89,137,117,21,15.33,14,10.22,275,48,17.45,8.78,87,15.9,24.68,20.92,35.11,11.8,0.274,0.343,0.402,0.7450000000000001,0.128,650859
SL,Slider,BR,239,14.37,66,60,11,16.67,6,9.09,127,24,18.9,10.04,32,13.39,23.43,36.43,14.99,14.47,0.2,0.273,0.283,0.556,0.0829999999999999,650859
FC,Cutter,FB,195,11.73,46,43,11,23.91,2,4.35,103,28,27.18,14.36,33,16.92,31.28,29.63,9.66,22.45,0.256,0.304,0.279,0.583,0.023,650859
CH,Changeup,OS,147,8.84,49,45,5,10.2,3,6.12,82,15,18.29,10.2,11,7.48,17.69,39.33,8.88,8.89,0.267,0.327,0.489,0.8160000000000001,0.2219999999999999,650859
CU,Curveball,BR,133,8.0,34,32,7,20.59,1,2.94,58,18,31.03,13.53,20,15.04,28.57,30.77,6.51,21.21,0.188,0.235,0.219,0.4539999999999999,0.031,650859
ST,Sweeper,BR,130,7.82,36,35,15,41.67,1,2.78,67,22,32.84,16.92,26,20.0,36.92,37.04,7.69,38.46,0.114,0.139,0.114,0.253,0.0,650859
SI,Sinker,FB,130,7.82,36,34,7,19.44,2,5.56,58,12,20.69,9.23,30,23.08,32.31,21.82,7.5,18.42,0.324,0.361,0.324,0.685,0.0,650859
FS,Split-Finger,OS,68,4.09,23,22,5,21.74,1,4.35,40,8,20.0,11.76,2,2.94,14.71,45.83,5.33,18.52,0.227,0.261,0.318,0.579,0.091,650859
KC,Knuckle Curve,BR,58,3.49,12,12,1,8.33,0,0.0,29,5,17.24,8.62,9,15.52,24.14,25.93,3.35,5.88,0.25,0.25,0.25,0.5,0.0,650859
SV,Slurve,BR,11,0.66,1,1,1,100.0,0,0.0,3,1,33.33,9.09,2,18.18,27.27,16.67,0.99,20.0,0.0,0.0,0.0,0.0,0.0,650859
EP,Eephus,,2,0.12,1,1,0,0.0,0,0.0,1,0,0.0,0.0,0,0.0,0.0,50.0,0.0,,0.0,0.0,0.0,0.0,0.0,650859
,,,2,0.12,0,0,0,,0,,0,0,,0.0,0,0.0,0.0,,0.0,,,,,,,650859
FO,Forkball,OS,1,0.06,1,1,0,0.0,0,0.0,1,0,0.0,0.0,0,0.0,0.0,,0.0,,1.0,1.0,1.0,2.0,0.0,650859
FF,4-Seam Fastball,FB,151,35.12,38,33,6,15.79,5,13.16,89,16,17.98,10.6,13,8.61,19.21,50.52,35.82,12.5,0.152,0.263,0.182,0.445,0.03,650968
SL,Slider,BR,83,19.3,31,31,5,16.13,0,0.0,56,13,23.21,15.66,5,6.02,21.69,47.73,20.15,18.52,0.258,0.258,0.484,0.742,0.2259999999999999,650968
SI,Sinker,FB,64,14.88,19,19,1,5.26,0,0.0,36,2,5.56,3.12,14,21.88,25.0,51.85,5.22,14.29,0.263,0.263,0.368,0.631,0.1049999999999999,650968
ST,Sweeper,BR,48,11.16,13,13,2,15.38,0,0.0,30,8,26.67,16.67,2,4.17,20.83,44.83,17.91,8.33,0.231,0.231,0.231,0.462,0.0,650968
FC,Cutter,FB,20,4.65,5,5,0,0.0,0,0.0,13,2,15.38,10.0,3,15.0,25.0,70.0,1.49,0.0,0.0,0.0,0.0,0.0,0.0,650968
CH,Changeup,OS,20,4.65,6,5,1,16.67,1,16.67,13,5,38.46,25.0,2,10.0,35.0,50.0,5.97,12.5,0.2,0.333,0.2,0.533,0.0,650968
CU,Curveball,BR,17,3.95,4,4,0,0.0,0,0.0,11,4,36.36,23.53,0,0.0,23.53,33.33,4.48,0.0,0.5,0.5,0.75,1.25,0.25,650968
FS,Split-Finger,OS,10,2.33,7,7,1,14.29,0,0.0,7,1,14.29,10.0,1,10.0,20.0,57.14,3.73,20.0,0.286,0.286,1.143,1.429,0.857,650968
KC,Knuckle Curve,BR,7,1.63,1,1,0,0.0,0,0.0,4,1,25.0,14.29,1,14.29,28.57,50.0,0.75,0.0,0.0,0.0,0.0,0.0,0.0,650968
FO,Forkball,OS,4,0.93,1,1,0,0.0,0,0.0,2,0,0.0,0.0,1,25.0,25.0,50.0,2.24,0.0,0.0,0.0,0.0,0.0,0.0,650968
SV,Slurve,BR,4,0.93,0,0,0,,0,,2,1,50.0,25.0,0,0.0,25.0,33.33,2.24,0.0,,,,,,650968
EP,Eephus,,2,0.47,1,1,0,0.0,0,0.0,1,0,0.0,0.0,1,50.0,50.0,50.0,0.0,,0.0,0.0,0.0,0.0,0.0,650968
FF,4-Seam Fastball,FB,87,25.59,24,24,12,50.0,0,0.0,43,19,44.19,21.84,17,19.54,41.38,35.9,28.7,38.71,0.208,0.208,0.292,0.5,0.0839999999999999,655316
SI,Sinker,FB,78,22.94,19,17,2,10.53,1,5.26,42,5,11.9,6.41,13,16.67,23.08,23.33,19.44,9.52,0.294,0.368,0.294,0.6619999999999999,0.0,655316
SL,Slider,BR,64,18.82,15,15,2,13.33,0,0.0,28,8,28.57,12.5,11,17.19,29.69,21.21,14.81,12.5,0.4,0.4,0.933,1.3330000000000002,0.533,655316
ST,Sweeper,BR,33,9.71,7,6,2,28.57,1,14.29,11,3,27.27,9.09,7,21.21,30.3,21.05,10.19,18.18,0.167,0.286,0.167,0.4529999999999999,0.0,655316
FC,Cutter,FB,25,7.35,10,10,3,30.0,0,0.0,16,5,31.25,20.0,2,8.0,28.0,41.67,5.56,50.0,0.0,0.0,0.0,0.0,0.0,655316
CU,Curveball,BR,19,5.59,3,3,1,33.33,0,0.0,8,1,12.5,5.26,5,26.32,31.58,44.44,11.11,8.33,0.667,0.667,0.667,1.334,0.0,655316
FA,Other,,11,3.24,3,3,0,0.0,0,0.0,7,0,0.0,0.0,2,18.18,18.18,50.0,4.63,0.0,0.667,0.667,1.0,1.667,0.3329999999999999,655316
CH,Changeup,OS,9,2.65,2,2,0,0.0,0,0.0,5,2,40.0,22.22,1,11.11,33.33,40.0,1.85,0.0,0.5,0.5,1.0,1.5,0.5,655316
FS,Split-Finger,OS,9,2.65,2,2,0,0.0,0,0.0,3,1,33.33,11.11,1,11.11,22.22,0.0,2.78,0.0,0.0,0.0,0.0,0.0,0.0,655316
EP,Eephus,,5,1.47,0,0,0,,0,,1,0,0.0,0.0,0,0.0,0.0,0.0,0.93,0.0,,,,,,655316
SI,Sinker,FB,215,27.92,50,46,9,18.0,2,4.0,101,19,18.81,8.84,44,20.47,29.3,28.09,15.14,23.68,0.283,0.327,0.304,0.631,0.021,656180
FF,4-Seam Fastball,FB,161,20.91,43,39,22,51.16,4,9.3,96,38,39.58,23.6,16,9.94,33.54,33.33,26.69,32.84,0.231,0.302,0.487,0.7889999999999999,0.256,656180
SL,Slider,BR,154,20.0,37,35,14,37.84,2,5.41,72,29,40.28,18.83,21,13.64,32.47,31.03,21.91,25.45,0.171,0.216,0.343,0.559,0.172,656180
ST,Sweeper,BR,89,11.56,14,13,4,28.57,1,7.14,34,15,44.12,16.85,18,20.22,37.08,26.42,11.55,13.79,0.077,0.143,0.077,0.2199999999999999,0.0,656180
FC,Cutter,FB,44,5.71,13,11,2,15.38,1,7.69,19,3,15.79,6.82,9,20.45,27.27,16.67,3.59,22.22,0.455,0.5,0.727,1.227,0.2719999999999999,656180
CH,Changeup,OS,39,5.06,19,19,12,63.16,0,0.0,26,14,53.85,35.9,4,10.26,46.15,61.9,10.36,46.15,0.053,0.053,0.105,0.158,0.052,656180
CU,Curveball,BR,33,4.29,8,8,6,75.0,0,0.0,19,8,42.11,24.24,6,18.18,42.42,52.63,4.78,50.0,0.0,0.0,0.0,0.0,0.0,656180
FS,Split-Finger,OS,21,2.73,3,1,1,33.33,2,66.67,7,2,28.57,9.52,2,9.52,19.05,21.43,3.98,10.0,0.0,0.667,0.0,0.667,0.0,656180
KC,Knuckle Curve,BR,12,1.56,3,3,1,33.33,0,0.0,6,3,50.0,25.0,4,33.33,58.33,50.0,1.59,25.0,0.0,0.0,0.0,0.0,0.0,656180
CS,Slow Curve,BR,1,0.13,0,0,0,,0,,0,0,,0.0,0,0.0,0.0,0.0,0.4,0.0,,,,,,656180
EP,Eephus,,1,0.13,1,1,0,0.0,0,0.0,1,0,0.0,0.0,0,0.0,0.0,,0.0,,0.0,0.0,0.0,0.0,0.0,656180
FF,4-Seam Fastball,FB,14,26.92,5,5,1,20.0,0,0.0,8,2,25.0,14.29,2,14.29,28.57,42.86,20.0,33.33,0.0,0.0,0.0,0.0,0.0,656185
CH,Changeup,OS,9,17.31,1,1,0,0.0,0,0.0,5,2,40.0,22.22,0,0.0,22.22,25.0,26.67,0.0,0.0,0.0,0.0,0.0,0.0,656185
SI,Sinker,FB,9,17.31,4,4,3,75.0,0,0.0,5,4,80.0,44.44,1,11.11,55.56,40.0,20.0,100.0,0.0,0.0,0.0,0.0,0.0,656185
ST,Sweeper,BR,9,17.31,1,1,1,100.0,0,0.0,3,2,66.67,22.22,3,33.33,55.56,20.0,13.33,50.0,0.0,0.0,0.0,0.0,0.0,656185
FC,Cutter,FB,6,11.54,2,2,0,0.0,0,0.0,3,1,33.33,16.67,1,16.67,33.33,50.0,6.67,0.0,0.0,0.0,0.0,0.0,0.0,656185
SL,Slider,BR,3,5.77,1,1,0,0.0,0,0.0,3,0,0.0,0.0,0,0.0,0.0,,6.67,0.0,0.0,0.0,0.0,0.0,0.0,656185
KC,Knuckle Curve,BR,2,3.85,0,0,0,,0,,2,1,50.0,50.0,0,0.0,50.0,,6.67,0.0,,,,,,656185
FF,4-Seam Fastball,FB,34,39.08,9,6,4,44.44,3,33.33,18,6,33.33,17.65,7,20.59,38.24,22.22,42.86,33.33,0.167,0.444,0.167,0.611,0.0,656248
ST,Sweeper,BR,18,20.69,3,3,2,66.67,0,0.0,7,4,57.14,22.22,2,11.11,33.33,25.0,14.29,50.0,0.333,0.333,1.0,1.333,0.667,656248
SL,Slider,BR,16,18.39,6,6,2,33.33,0,0.0,8,4,50.0,25.0,2,12.5,37.5,33.33,25.0,28.57,0.0,0.0,0.0,0.0,0.0,656248
SI,Sinker,FB,10,11.49,1,1,1,100.0,0,0.0,2,0,0.0,0.0,4,40.0,40.0,0.0,3.57,100.0,0.0,0.0,0.0,0.0,0.0,656248
CH,Changeup,OS,7,8.05,2,2,1,50.0,0,0.0,3,2,66.67,28.57,0,0.0,28.57,0.0,10.71,33.33,0.0,0.0,0.0,0.0,0.0,656248
FC,Cutter,FB,1,1.15,0,0,0,,0,,0,0,,0.0,0,0.0,0.0,0.0,0.0,,,,,,,656248
CU,Curveball,BR,1,1.15,1,1,1,100.0,0,0.0,1,1,100.0,100.0,0,0.0,100.0,100.0,3.57,100.0,0.0,0.0,0.0,0.0,0.0,656248
FF,4-Seam Fastball,FB,642,37.63,139,110,37,26.62,25,17.99,283,74,26.15,11.53,107,16.67,28.19,13.73,39.38,18.32,0.218,0.374,0.418,0.792,0.1999999999999999,656305
SL,Slider,BR,292,17.12,71,63,20,28.17,6,8.45,121,39,32.23,13.36,50,17.12,30.48,27.91,18.71,20.83,0.238,0.3,0.524,0.8240000000000001,0.286,656305
SI,Sinker,FB,290,17.0,86,70,11,12.79,13,15.12,110,18,16.36,6.21,58,20.0,26.21,9.3,9.55,22.45,0.257,0.384,0.4,0.784,0.143,656305
ST,Sweeper,BR,146,8.56,39,36,11,28.21,3,7.69,58,16,27.59,10.96,33,22.6,33.56,25.97,11.7,18.33,0.25,0.308,0.472,0.78,0.2219999999999999,656305
FC,Cutter,FB,114,6.68,21,18,4,19.05,3,14.29,43,13,30.23,11.4,22,19.3,30.7,20.69,3.9,20.0,0.111,0.238,0.278,0.516,0.167,656305
CU,Curveball,BR,72,4.22,15,14,5,33.33,1,6.67,23,6,26.09,8.33,22,30.56,38.89,23.53,4.68,20.83,0.214,0.267,0.5,0.767,0.286,656305
CH,Changeup,OS,54,3.17,16,16,7,43.75,0,0.0,33,8,24.24,14.81,5,9.26,24.07,40.74,4.48,30.43,0.188,0.188,0.625,0.813,0.437,656305
FS,Split-Finger,OS,42,2.46,9,7,4,44.44,1,11.11,19,4,21.05,9.52,2,4.76,14.29,25.93,3.51,22.22,0.286,0.444,0.571,1.015,0.285,656305
KC,Knuckle Curve,BR,36,2.11,10,9,4,40.0,1,10.0,18,5,27.78,13.89,5,13.89,27.78,35.0,3.31,23.53,0.222,0.3,0.222,0.522,0.0,656305
SV,Slurve,BR,10,0.59,3,3,0,0.0,0,0.0,3,0,0.0,0.0,4,40.0,40.0,0.0,0.39,0.0,1.0,1.0,2.0,3.0,1.0,656305
FO,Forkball,OS,5,0.29,1,0,0,0.0,1,100.0,0,0,,0.0,0,0.0,0.0,0.0,0.19,0.0,,1.0,,,,656305
FA,Other,,2,0.12,1,1,0,0.0,0,0.0,2,0,0.0,0.0,0,0.0,0.0,100.0,0.19,0.0,0.0,0.0,0.0,0.0,0.0,656305
EP,Eephus,,1,0.06,0,0,0,,0,,1,0,0.0,0.0,0,0.0,0.0,,0.0,,,,,,,656305
FF,4-Seam Fastball,FB,20,31.75,8,8,3,37.5,0,0.0,15,5,33.33,25.0,3,15.0,40.0,60.0,38.46,60.0,0.125,0.125,0.25,0.375,0.125,656413
SL,Slider,BR,14,22.22,3,3,0,0.0,0,0.0,6,1,16.67,7.14,1,7.14,14.29,11.11,15.38,0.0,0.667,0.667,1.0,1.667,0.3329999999999999,656413
SI,Sinker,FB,12,19.05,3,3,0,0.0,0,0.0,7,1,14.29,8.33,1,8.33,16.67,0.0,7.69,0.0,0.333,0.333,0.333,0.666,0.0,656413
FC,Cutter,FB,8,12.7,2,2,1,50.0,0,0.0,6,1,16.67,12.5,2,25.0,37.5,100.0,7.69,100.0,0.0,0.0,0.0,0.0,0.0,656413
FS,Split-Finger,OS,6,9.52,2,2,2,100.0,0,0.0,3,3,100.0,50.0,1,16.67,66.67,50.0,23.08,66.67,0.0,0.0,0.0,0.0,0.0,656413
CH,Changeup,OS,2,3.17,1,1,1,100.0,0,0.0,2,2,100.0,100.0,0,0.0,100.0,100.0,7.69,100.0,0.0,0.0,0.0,0.0,0.0,656413
ST,Sweeper,BR,1,1.59,1,1,0,0.0,0,0.0,1,0,0.0,0.0,0,0.0,0.0,,0.0,,0.0,0.0,0.0,0.0,0.0,656413
FF,4-Seam Fastball,FB,77,33.19,9,9,2,22.22,0,0.0,35,13,37.14,16.88,10,12.99,29.87,20.0,20.83,13.33,0.111,0.111,0.222,0.333,0.111,656484
SI,Sinker,FB,39,16.81,9,8,5,55.56,1,11.11,18,8,44.44,20.51,9,23.08,43.59,22.22,18.06,38.46,0.0,0.111,0.0,0.111,0.0,656484
CH,Changeup,OS,28,12.07,14,12,0,0.0,2,14.29,15,3,20.0,10.71,4,14.29,25.0,16.67,9.72,0.0,0.417,0.5,0.75,1.25,0.333,656484
SL,Slider,BR,26,11.21,8,7,2,25.0,0,0.0,23,8,34.78,30.77,1,3.85,34.62,81.82,16.67,16.67,0.143,0.143,0.143,0.286,0.0,656484
CU,Curveball,BR,22,9.48,9,9,2,22.22,0,0.0,12,3,25.0,13.64,5,22.73,36.36,44.44,12.5,22.22,0.111,0.111,0.111,0.222,0.0,656484
FS,Split-Finger,OS,18,7.76,6,5,3,50.0,1,16.67,10,6,60.0,33.33,1,5.56,38.89,22.22,12.5,33.33,0.0,0.167,0.0,0.167,0.0,656484
ST,Sweeper,BR,10,4.31,2,1,1,50.0,0,0.0,3,2,66.67,20.0,1,10.0,30.0,16.67,6.94,20.0,0.0,0.0,0.0,0.0,0.0,656484
FC,Cutter,FB,10,4.31,4,4,0,0.0,0,0.0,7,1,14.29,10.0,1,10.0,20.0,33.33,1.39,0.0,0.5,0.5,0.75,1.25,0.25,656484
KC,Knuckle Curve,BR,1,0.43,1,1,1,100.0,0,0.0,1,1,100.0,100.0,0,0.0,100.0,100.0,1.39,100.0,0.0,0.0,0.0,0.0,0.0,656484
SV,Slurve,BR,1,0.43,1,0,0,0.0,1,100.0,0,0,,0.0,0,0.0,0.0,0.0,0.0,,,1.0,,,,656484
FF,4-Seam Fastball,FB,88,28.21,20,18,5,25.0,2,10.0,40,13,32.5,14.77,22,25.0,39.77,25.71,21.51,25.0,0.222,0.3,0.389,0.6890000000000001,0.167,656537
ST,Sweeper,BR,48,15.38,17,16,6,35.29,0,0.0,33,13,39.39,27.08,5,10.42,37.5,74.19,21.51,30.0,0.125,0.125,0.125,0.25,0.0,656537
SL,Slider,BR,41,13.14,12,11,4,33.33,1,8.33,27,11,40.74,26.83,3,7.32,34.15,54.17,11.83,36.36,0.273,0.333,0.364,0.6970000000000001,0.0909999999999999,656537
SI,Sinker,FB,38,12.18,12,11,3,25.0,1,8.33,17,5,29.41,13.16,11,28.95,42.11,43.75,6.45,50.0,0.182,0.25,0.364,0.614,0.182,656537
FC,Cutter,FB,35,11.22,7,7,2,28.57,0,0.0,20,6,30.0,17.14,5,14.29,31.43,36.84,7.53,28.57,0.286,0.286,0.286,0.572,0.0,656537
CU,Curveball,BR,19,6.09,7,7,2,28.57,0,0.0,9,4,44.44,21.05,1,5.26,26.32,35.71,10.75,20.0,0.571,0.571,0.571,1.142,0.0,656537
FS,Split-Finger,OS,14,4.49,3,3,0,0.0,0,0.0,7,2,28.57,14.29,2,14.29,28.57,50.0,4.3,0.0,0.333,0.333,0.333,0.666,0.0,656537
KC,Knuckle Curve,BR,13,4.17,3,3,3,100.0,0,0.0,8,5,62.5,38.46,1,7.69,46.15,55.56,7.53,42.86,0.0,0.0,0.0,0.0,0.0,656537
CH,Changeup,OS,10,3.21,4,3,2,50.0,0,0.0,6,2,33.33,20.0,0,0.0,20.0,42.86,7.53,28.57,0.333,0.5,1.333,1.833,1.0,656537
FA,Other,,5,1.6,1,1,0,0.0,0,0.0,3,0,0.0,0.0,0,0.0,0.0,50.0,1.08,0.0,0.0,0.0,0.0,0.0,0.0,656537
SV,Slurve,BR,1,0.32,0,0,0,,0,,0,0,,0.0,0,0.0,0.0,0.0,0.0,,,,,,,656537
FF,4-Seam Fastball,FB,94,36.15,18,16,13,72.22,2,11.11,47,26,55.32,27.66,9,9.57,37.23,18.75,36.78,40.62,0.062,0.167,0.25,0.417,0.188,656541
SL,Slider,BR,41,15.77,12,10,3,25.0,2,16.67,20,6,30.0,14.63,4,9.76,24.39,29.17,21.84,15.79,0.3,0.417,0.4,0.817,0.1,656541
FC,Cutter,FB,40,15.38,4,3,0,0.0,1,25.0,14,4,28.57,10.0,10,25.0,35.0,21.05,10.34,0.0,0.333,0.5,0.667,1.167,0.334,656541
CH,Changeup,OS,32,12.31,8,7,1,12.5,1,12.5,12,4,33.33,12.5,7,21.88,34.38,30.0,12.64,9.09,0.286,0.375,1.0,1.375,0.714,656541
SI,Sinker,FB,14,5.38,5,3,1,20.0,2,40.0,5,1,20.0,7.14,3,21.43,28.57,14.29,2.3,50.0,0.0,0.4,0.0,0.4,0.0,656541
CU,Curveball,BR,12,4.62,3,3,1,33.33,0,0.0,6,1,16.67,8.33,2,16.67,25.0,42.86,8.05,14.29,0.0,0.0,0.0,0.0,0.0,656541
SV,Slurve,BR,11,4.23,2,1,1,50.0,1,50.0,3,1,33.33,9.09,2,18.18,27.27,16.67,1.15,100.0,0.0,0.5,0.0,0.5,0.0,656541
ST,Sweeper,BR,8,3.08,2,2,0,0.0,0,0.0,3,0,0.0,0.0,2,25.0,25.0,0.0,2.3,0.0,1.0,1.0,1.5,2.5,0.5,656541
FS,Split-Finger,OS,5,1.92,2,2,0,0.0,0,0.0,3,0,0.0,0.0,0,0.0,0.0,33.33,3.45,0.0,0.5,0.5,0.5,1.0,0.0,656541
KC,Knuckle Curve,BR,2,0.77,0,0,0,,0,,0,0,,0.0,1,50.0,50.0,0.0,0.0,,,,,,,656541
FO,Forkball,OS,1,0.38,1,1,1,100.0,0,0.0,1,1,100.0,100.0,0,0.0,100.0,100.0,1.15,100.0,0.0,0.0,0.0,0.0,0.0,656541
FF,4-Seam Fastball,FB,241,24.85,67,56,19,28.36,9,13.43,118,27,22.88,11.2,46,19.09,30.29,16.48,28.27,22.5,0.214,0.343,0.482,0.825,0.268,656555
SL,Slider,BR,199,20.52,42,38,11,26.19,1,2.38,74,30,40.54,15.08,42,21.11,36.18,18.63,18.37,21.15,0.289,0.286,0.421,0.707,0.132,656555
SI,Sinker,FB,170,17.53,42,33,4,9.52,6,14.29,71,9,12.68,5.29,36,21.18,26.47,19.18,10.25,13.79,0.394,0.5,0.606,1.106,0.2119999999999999,656555
ST,Sweeper,BR,140,14.43,30,29,16,53.33,1,3.33,49,22,44.9,15.71,35,25.0,40.71,26.32,18.73,30.19,0.138,0.167,0.241,0.408,0.1029999999999999,656555
FC,Cutter,FB,89,9.18,16,15,1,6.25,1,6.25,30,8,26.67,8.99,19,21.35,30.34,15.22,3.18,11.11,0.333,0.375,0.6,0.975,0.2669999999999999,656555
CU,Curveball,BR,47,4.85,8,8,4,50.0,0,0.0,14,5,35.71,10.64,10,21.28,31.91,18.52,5.65,25.0,0.125,0.125,0.125,0.25,0.0,656555
CH,Changeup,OS,31,3.2,7,5,4,57.14,2,28.57,15,5,33.33,16.13,1,3.23,19.35,27.78,6.01,23.53,0.0,0.286,0.0,0.286,0.0,656555
FS,Split-Finger,OS,30,3.09,7,4,2,28.57,2,28.57,7,3,42.86,10.0,5,16.67,26.67,10.0,4.95,14.29,0.25,0.571,0.25,0.821,0.0,656555
KC,Knuckle Curve,BR,19,1.96,5,4,3,60.0,1,20.0,6,4,66.67,21.05,2,10.53,31.58,21.43,4.59,23.08,0.0,0.2,0.0,0.2,0.0,656555
EP,Eephus,,2,0.21,0,0,0,,0,,0,0,,0.0,0,0.0,0.0,0.0,0.0,,,,,,,656555
FA,Other,,1,0.1,1,1,0,0.0,0,0.0,1,0,0.0,0.0,0,0.0,0.0,,0.0,,0.0,0.0,0.0,0.0,0.0,656555
,,,1,0.1,1,0,0,0.0,1,100.0,0,0,,0.0,0,0.0,0.0,,0.0,,,1.0,,,,656555
FF,4-Seam Fastball,FB,92,32.28,25,23,12,48.0,1,4.0,47,21,44.68,22.83,8,8.7,31.52,15.56,32.61,40.0,0.217,0.28,0.435,0.7150000000000001,0.218,656577
SL,Slider,BR,57,20.0,8,8,3,37.5,0,0.0,31,15,48.39,26.32,4,7.02,33.33,34.38,18.48,17.65,0.125,0.125,0.125,0.25,0.0,656577
SI,Sinker,FB,47,16.49,10,10,2,20.0,0,0.0,17,2,11.76,4.26,11,23.4,27.66,28.0,10.87,20.0,0.1,0.1,0.1,0.2,0.0,656577
ST,Sweeper,BR,33,11.58,9,8,5,55.56,1,11.11,16,9,56.25,27.27,7,21.21,48.48,37.5,15.22,35.71,0.125,0.222,0.125,0.347,0.0,656577
FC,Cutter,FB,25,8.77,4,4,0,0.0,0,0.0,12,3,25.0,12.0,5,20.0,32.0,20.0,4.35,0.0,0.25,0.25,0.5,0.75,0.25,656577
CH,Changeup,OS,10,3.51,4,3,3,75.0,0,0.0,5,5,100.0,50.0,1,10.0,60.0,33.33,6.52,50.0,0.0,0.25,0.0,0.25,0.0,656577
SV,Slurve,BR,7,2.46,2,2,0,0.0,0,0.0,4,1,25.0,14.29,0,0.0,14.29,0.0,5.43,0.0,0.5,0.5,1.0,1.5,0.5,656577
CU,Curveball,BR,4,1.4,2,1,0,0.0,1,50.0,2,0,0.0,0.0,1,25.0,25.0,50.0,2.17,0.0,1.0,1.0,2.0,3.0,1.0,656577
CS,Slow Curve,BR,3,1.05,0,0,0,,0,,0,0,,0.0,2,66.67,66.67,0.0,0.0,,,,,,,656577
KC,Knuckle Curve,BR,2,0.7,1,1,0,0.0,0,0.0,2,0,0.0,0.0,0,0.0,0.0,100.0,1.09,0.0,1.0,1.0,1.0,2.0,0.0,656577
EP,Eephus,,2,0.7,2,2,1,50.0,0,0.0,2,1,50.0,50.0,0,0.0,50.0,100.0,1.09,100.0,0.5,0.5,2.0,2.5,1.5,656577
FS,Split-Finger,OS,2,0.7,1,1,1,100.0,0,0.0,1,1,100.0,50.0,0,0.0,50.0,50.0,1.09,100.0,0.0,0.0,0.0,0.0,0.0,656577
FA,Other,,1,0.35,0,0,0,,0,,1,0,0.0,0.0,0,0.0,0.0,,1.09,0.0,,,,,,656577
FF,4-Seam Fastball,FB,58,32.04,14,12,0,0.0,2,14.29,28,1,3.57,1.72,11,18.97,20.69,17.39,32.26,0.0,0.333,0.429,0.5,0.929,0.1669999999999999,656582
SI,Sinker,FB,39,21.55,8,8,3,37.5,0,0.0,13,3,23.08,7.69,15,38.46,46.15,21.43,11.29,28.57,0.125,0.125,0.125,0.25,0.0,656582
SL,Slider,BR,24,13.26,4,3,2,50.0,0,0.0,6,2,33.33,8.33,9,37.5,45.83,21.43,14.52,22.22,0.333,0.25,0.667,0.917,0.334,656582
ST,Sweeper,BR,21,11.6,7,7,3,42.86,0,0.0,10,4,40.0,19.05,3,14.29,33.33,11.11,17.74,27.27,0.143,0.143,0.143,0.286,0.0,656582
FC,Cutter,FB,14,7.73,1,1,1,100.0,0,0.0,3,1,33.33,7.14,3,21.43,28.57,0.0,3.23,50.0,0.0,0.0,0.0,0.0,0.0,656582
CH,Changeup,OS,8,4.42,3,3,2,66.67,0,0.0,6,3,50.0,37.5,0,0.0,37.5,33.33,6.45,50.0,0.333,0.333,0.333,0.666,0.0,656582
KC,Knuckle Curve,BR,8,4.42,1,1,1,100.0,0,0.0,4,2,50.0,25.0,0,0.0,25.0,33.33,8.06,20.0,0.0,0.0,0.0,0.0,0.0,656582
CU,Curveball,BR,7,3.87,1,0,0,0.0,1,100.0,1,1,100.0,14.29,1,14.29,28.57,0.0,6.45,0.0,,1.0,,,,656582
EP,Eephus,,2,1.1,1,1,0,0.0,0,0.0,1,0,0.0,0.0,1,50.0,50.0,50.0,0.0,,0.0,0.0,0.0,0.0,0.0,656582
FF,4-Seam Fastball,FB,628,39.42,152,133,27,17.76,18,11.84,317,58,18.3,9.24,100,15.92,25.16,21.13,38.46,14.21,0.233,0.322,0.368,0.69,0.1349999999999999,656716
CH,Changeup,OS,203,12.74,60,55,8,13.33,3,5.0,107,24,22.43,11.82,16,7.88,19.7,34.43,13.77,11.76,0.327,0.356,0.564,0.92,0.2369999999999999,656716
SI,Sinker,FB,151,9.48,44,33,8,18.18,7,15.91,60,12,20.0,7.95,36,23.84,31.79,12.9,6.28,25.81,0.303,0.455,0.545,1.0,0.242,656716
FC,Cutter,FB,149,9.35,27,23,2,7.41,4,14.81,61,15,24.59,10.07,36,24.16,34.23,28.17,5.67,7.14,0.217,0.333,0.348,0.681,0.1309999999999999,656716
CU,Curveball,BR,141,8.85,20,20,11,55.0,0,0.0,49,13,26.53,9.22,34,24.11,33.33,28.92,10.73,20.75,0.1,0.1,0.25,0.35,0.15,656716
SL,Slider,BR,138,8.66,41,37,10,24.39,3,7.32,74,21,28.38,15.22,20,14.49,29.71,42.19,11.34,17.86,0.27,0.341,0.405,0.746,0.135,656716
FS,Split-Finger,OS,79,4.96,24,23,9,37.5,1,4.17,42,19,45.24,24.05,3,3.8,27.85,35.29,6.07,30.0,0.174,0.208,0.348,0.5559999999999999,0.174,656716
ST,Sweeper,BR,75,4.71,18,15,6,33.33,1,5.56,31,8,25.81,10.67,16,21.33,32.0,25.64,4.86,25.0,0.267,0.353,0.467,0.8200000000000001,0.2,656716
KC,Knuckle Curve,BR,12,0.75,1,1,1,100.0,0,0.0,3,1,33.33,8.33,2,16.67,25.0,22.22,1.42,14.29,0.0,0.0,0.0,0.0,0.0,656716
SV,Slurve,BR,10,0.63,4,3,3,75.0,1,25.0,4,3,75.0,30.0,2,20.0,50.0,42.86,1.01,60.0,0.0,0.25,0.0,0.25,0.0,656716
EP,Eephus,,3,0.19,1,1,0,0.0,0,0.0,1,0,0.0,0.0,0,0.0,0.0,0.0,0.0,,1.0,1.0,2.0,3.0,1.0,656716
FO,Forkball,OS,2,0.13,0,0,0,,0,,0,0,,0.0,0,0.0,0.0,0.0,0.4,0.0,,,,,,656716
,,,2,0.13,1,0,0,0.0,1,100.0,0,0,,0.0,0,0.0,0.0,,0.0,,,1.0,,,,656716
FF,4-Seam Fastball,FB,593,37.89,124,111,32,25.81,12,9.68,285,70,24.56,11.8,91,15.35,27.15,19.77,34.99,16.32,0.225,0.298,0.459,0.757,0.234,656775
CH,Changeup,OS,216,13.8,64,57,14,21.88,5,7.81,111,27,24.32,12.5,20,9.26,21.76,34.09,16.21,15.91,0.246,0.302,0.386,0.688,0.14,656775
SL,Slider,BR,165,10.54,32,30,10,31.25,1,3.12,82,23,28.05,13.94,23,13.94,27.88,28.4,12.15,15.15,0.1,0.156,0.3,0.4559999999999999,0.1999999999999999,656775
SI,Sinker,FB,158,10.1,42,36,14,33.33,5,11.9,62,7,11.29,4.43,42,26.58,31.01,13.11,9.76,26.42,0.167,0.262,0.389,0.651,0.222,656775
FC,Cutter,FB,143,9.14,32,26,5,15.62,6,18.75,81,20,24.69,13.99,17,11.89,25.87,38.24,4.97,18.52,0.192,0.344,0.192,0.536,0.0,656775
CU,Curveball,BR,125,7.99,30,26,7,23.33,3,10.0,64,16,25.0,12.8,17,13.6,26.4,34.78,9.94,12.96,0.269,0.333,0.538,0.871,0.269,656775
FS,Split-Finger,OS,71,4.54,19,18,10,52.63,1,5.26,37,16,43.24,22.54,5,7.04,29.58,40.0,5.71,32.26,0.0,0.053,0.0,0.053,0.0,656775
ST,Sweeper,BR,52,3.32,12,9,4,33.33,1,8.33,22,5,22.73,9.62,4,7.69,17.31,24.24,3.68,20.0,0.222,0.417,0.333,0.75,0.111,656775
KC,Knuckle Curve,BR,18,1.15,6,5,3,50.0,1,16.67,5,3,60.0,16.67,2,11.11,27.78,15.38,1.29,42.86,0.2,0.333,0.4,0.7330000000000001,0.2,656775
,,,10,0.64,1,1,0,0.0,0,0.0,7,0,0.0,0.0,0,0.0,0.0,,1.1,0.0,0.0,0.0,0.0,0.0,0.0,656775
SV,Slurve,BR,6,0.38,0,0,0,,0,,0,0,,0.0,1,16.67,16.67,0.0,0.18,0.0,,,,,,656775
EP,Eephus,,5,0.32,3,3,0,0.0,0,0.0,3,0,0.0,0.0,0,0.0,0.0,50.0,0.0,,0.333,0.333,0.667,1.0,0.334,656775
FA,Other,,2,0.13,1,1,0,0.0,0,0.0,1,0,0.0,0.0,0,0.0,0.0,0.0,0.0,,0.0,0.0,0.0,0.0,0.0,656775
CS,Slow Curve,BR,1,0.06,0,0,0,,0,,0,0,,0.0,0,0.0,0.0,0.0,0.0,,,,,,,656775
FF,4-Seam Fastball,FB,577,33.03,150,131,21,14.0,16,10.67,275,48,17.45,8.32,101,17.5,25.82,22.98,30.43,13.04,0.313,0.385,0.542,0.927,0.229,656811
CH,Changeup,OS,248,14.2,61,58,13,21.31,3,4.92,117,31,26.5,12.5,23,9.27,21.77,31.61,14.56,16.88,0.224,0.262,0.293,0.5549999999999999,0.0689999999999999,656811
SL,Slider,BR,218,12.48,55,46,18,32.73,6,10.91,115,43,37.39,19.72,22,10.09,29.82,35.25,14.93,22.78,0.196,0.309,0.304,0.613,0.1079999999999999,656811
SI,Sinker,FB,165,9.44,54,43,7,12.96,10,18.52,74,9,12.16,5.45,30,18.18,23.64,17.81,9.83,13.46,0.372,0.491,0.419,0.91,0.0469999999999999,656811
FC,Cutter,FB,144,8.24,28,24,4,14.29,3,10.71,74,16,21.62,11.11,16,11.11,22.22,30.56,4.73,16.0,0.167,0.25,0.167,0.417,0.0,656811
CU,Curveball,BR,121,6.93,26,21,8,30.77,4,15.38,52,16,30.77,13.22,14,11.57,24.79,25.0,9.26,16.33,0.238,0.346,0.381,0.727,0.143,656811
FS,Split-Finger,OS,97,5.55,26,24,2,7.69,2,7.69,45,7,15.56,7.22,9,9.28,16.49,22.64,6.24,6.06,0.333,0.385,0.458,0.843,0.125,656811
ST,Sweeper,BR,78,4.46,13,12,2,15.38,0,0.0,30,9,30.0,11.54,17,21.79,33.33,25.0,4.91,7.69,0.5,0.538,0.833,1.371,0.3329999999999999,656811
KC,Knuckle Curve,BR,49,2.8,13,10,5,38.46,1,7.69,19,4,21.05,8.16,9,18.37,26.53,18.52,3.21,29.41,0.3,0.462,0.7,1.162,0.3999999999999999,656811
,,,26,1.49,6,2,0,0.0,4,66.67,5,1,20.0,3.85,0,0.0,3.85,,0.76,0.0,0.0,0.667,0.0,0.667,0.0,656811
SV,Slurve,BR,14,0.8,3,3,2,66.67,0,0.0,4,1,25.0,7.14,6,42.86,50.0,16.67,1.13,33.33,0.0,0.0,0.0,0.0,0.0,656811
EP,Eephus,,8,0.46,3,3,0,0.0,0,0.0,5,1,20.0,12.5,0,0.0,12.5,50.0,0.0,,0.333,0.333,0.333,0.666,0.0,656811
FA,Other,,1,0.06,0,0,0,,0,,1,0,0.0,0.0,0,0.0,0.0,,0.0,,,,,,,656811
CS,Slow Curve,BR,1,0.06,0,0,0,,0,,1,0,0.0,0.0,0,0.0,0.0,,0.0,,,,,,,656811
FF,4-Seam Fastball,FB,109,33.03,28,26,3,10.71,2,7.14,63,15,23.81,13.76,9,8.26,22.02,19.57,35.79,8.82,0.269,0.321,0.308,0.629,0.0389999999999999,656896
SI,Sinker,FB,77,23.33,26,24,1,3.85,1,3.85,39,4,10.26,5.19,16,20.78,25.97,36.36,8.42,12.5,0.208,0.269,0.208,0.477,0.0,656896
SL,Slider,BR,62,18.79,18,18,5,27.78,0,0.0,32,16,50.0,25.81,11,17.74,43.55,50.0,22.11,23.81,0.222,0.222,0.222,0.444,0.0,656896
ST,Sweeper,BR,29,8.79,8,7,4,50.0,1,12.5,15,6,40.0,20.69,5,17.24,37.93,52.38,15.79,26.67,0.143,0.25,0.143,0.393,0.0,656896
FC,Cutter,FB,22,6.67,7,7,2,28.57,0,0.0,14,5,35.71,22.73,3,13.64,36.36,50.0,5.26,40.0,0.286,0.286,0.429,0.715,0.143,656896
CH,Changeup,OS,13,3.94,2,2,0,0.0,0,0.0,6,2,33.33,15.38,0,0.0,15.38,22.22,6.32,0.0,0.5,0.5,1.0,1.5,0.5,656896
CU,Curveball,BR,10,3.03,0,0,0,,0,,3,2,66.67,20.0,1,10.0,30.0,25.0,3.16,0.0,,,,,,656896
SV,Slurve,BR,4,1.21,1,1,1,100.0,0,0.0,1,1,100.0,25.0,1,25.0,50.0,33.33,1.05,100.0,0.0,0.0,0.0,0.0,0.0,656896
KC,Knuckle Curve,BR,3,0.91,2,2,1,50.0,0,0.0,3,1,33.33,33.33,0,0.0,33.33,100.0,1.05,100.0,0.0,0.0,0.0,0.0,0.0,656896
FS,Split-Finger,OS,1,0.3,0,0,0,,0,,0,0,,0.0,0,0.0,0.0,0.0,1.05,0.0,,,,,,656896
FF,4-Seam Fastball,FB,522,27.44,138,116,29,21.01,21,15.22,242,60,24.79,11.49,96,18.39,29.89,27.05,27.12,20.57,0.284,0.399,0.741,1.14,0.457,656941
SL,Slider,BR,304,15.98,61,51,23,37.7,9,14.75,122,61,50.0,20.07,44,14.47,34.54,22.03,17.69,25.0,0.157,0.295,0.333,0.628,0.176,656941
CH,Changeup,OS,254,13.35,67,57,17,25.37,10,14.93,107,36,33.64,14.17,17,6.69,20.87,23.12,13.65,22.54,0.193,0.313,0.474,0.7869999999999999,0.2809999999999999,656941
SI,Sinker,FB,200,10.52,50,40,6,12.0,9,18.0,80,14,17.5,7.0,35,17.5,24.5,10.34,6.54,17.65,0.3,0.42,0.425,0.845,0.125,656941
FC,Cutter,FB,160,8.41,32,26,5,15.62,5,15.62,71,21,29.58,13.12,21,13.12,26.25,16.67,4.81,20.0,0.346,0.469,0.731,1.2,0.385,656941
CU,Curveball,BR,159,8.36,28,26,15,53.57,1,3.57,53,20,37.74,12.58,30,18.87,31.45,16.67,10.96,26.32,0.231,0.286,0.692,0.978,0.4609999999999999,656941
FS,Split-Finger,OS,109,5.73,27,20,8,29.63,6,22.22,48,22,45.83,20.18,12,11.01,31.19,24.19,7.5,20.51,0.1,0.308,0.25,0.558,0.15,656941
ST,Sweeper,BR,78,4.1,17,14,6,35.29,2,11.76,24,9,37.5,11.54,19,24.36,35.9,25.0,4.23,27.27,0.214,0.353,0.643,0.996,0.429,656941
KC,Knuckle Curve,BR,50,2.63,12,11,7,58.33,1,8.33,17,7,41.18,14.0,9,18.0,32.0,20.0,4.04,33.33,0.0,0.083,0.0,0.083,0.0,656941
,,,26,1.37,7,0,0,0.0,7,100.0,0,0,,0.0,0,0.0,0.0,,0.19,0.0,,1.0,,,,656941
KN,Knuckleball,,13,0.68,3,2,2,66.67,1,33.33,6,3,50.0,23.08,2,15.38,38.46,0.0,1.35,28.57,0.0,0.333,0.0,0.333,0.0,656941
FO,Forkball,OS,7,0.37,2,2,1,50.0,0,0.0,4,2,50.0,28.57,0,0.0,28.57,50.0,0.77,25.0,0.0,0.0,0.0,0.0,0.0,656941
FA,Other,,6,0.32,2,2,1,50.0,0,0.0,2,0,0.0,0.0,1,16.67,16.67,25.0,0.19,100.0,0.5,0.5,0.5,1.0,0.0,656941
SV,Slurve,BR,6,0.32,1,1,0,0.0,0,0.0,1,0,0.0,0.0,2,33.33,33.33,0.0,0.38,0.0,1.0,1.0,1.0,2.0,0.0,656941
EP,Eephus,,5,0.26,1,1,0,0.0,0,0.0,3,1,33.33,20.0,0,0.0,20.0,33.33,0.0,,0.0,0.0,0.0,0.0,0.0,656941
CS,Slow Curve,BR,2,0.11,1,1,0,0.0,0,0.0,1,0,0.0,0.0,0,0.0,0.0,0.0,0.38,0.0,0.0,0.0,0.0,0.0,0.0,656941
PO,Pitch Out,,1,0.05,0,0,0,,0,,0,0,,0.0,0,0.0,0.0,0.0,0.19,0.0,,,,,,656941
FF,4-Seam Fastball,FB,325,28.11,84,70,21,25.0,14,16.67,147,35,23.81,10.77,66,20.31,31.08,18.25,28.26,20.19,0.343,0.452,0.614,1.066,0.2709999999999999,656976
CH,Changeup,OS,151,13.06,43,37,14,32.56,6,13.95,69,21,30.43,13.91,13,8.61,22.52,30.34,16.3,23.33,0.216,0.326,0.459,0.785,0.243,656976
SL,Slider,BR,145,12.54,25,22,8,32.0,2,8.0,57,17,29.82,11.72,28,19.31,31.03,23.94,10.87,20.0,0.136,0.208,0.227,0.435,0.091,656976
CU,Curveball,BR,139,12.02,23,20,8,34.78,3,13.04,39,16,41.03,11.51,30,21.58,33.09,17.65,12.5,17.39,0.2,0.304,0.25,0.554,0.0499999999999999,656976
FC,Cutter,FB,93,8.04,21,17,7,33.33,2,9.52,43,13,30.23,13.98,28,30.11,44.09,29.63,7.34,25.93,0.353,0.381,0.647,1.028,0.294,656976
ST,Sweeper,BR,87,7.53,19,18,8,42.11,1,5.26,37,15,40.54,17.24,26,29.89,47.13,32.43,5.43,40.0,0.333,0.368,0.5,0.868,0.1669999999999999,656976
SI,Sinker,FB,86,7.44,20,18,4,20.0,2,10.0,32,4,12.5,4.65,17,19.77,24.42,11.9,5.43,20.0,0.278,0.35,0.389,0.739,0.1109999999999999,656976
FS,Split-Finger,OS,76,6.57,15,15,6,40.0,0,0.0,35,15,42.86,19.74,8,10.53,30.26,26.09,7.34,22.22,0.267,0.267,0.4,0.667,0.133,656976
KC,Knuckle Curve,BR,33,2.85,7,5,3,42.86,2,28.57,12,6,50.0,18.18,7,21.21,39.39,26.32,3.8,21.43,0.0,0.286,0.0,0.286,0.0,656976
SV,Slurve,BR,11,0.95,3,2,2,66.67,1,33.33,2,1,50.0,9.09,3,27.27,36.36,0.0,1.63,33.33,0.0,0.333,0.0,0.333,0.0,656976
FO,Forkball,OS,6,0.52,3,2,2,66.67,1,33.33,3,2,66.67,33.33,0,0.0,33.33,25.0,1.09,50.0,0.0,0.333,0.0,0.333,0.0,656976
,,,4,0.35,1,0,0,0.0,1,100.0,0,0,,0.0,0,0.0,0.0,,0.0,,,1.0,,,,656976
FF,4-Seam Fastball,FB,113,31.04,28,24,10,35.71,4,14.29,47,15,31.91,13.27,22,19.47,32.74,16.67,29.41,33.33,0.125,0.25,0.125,0.375,0.0,657041
SI,Sinker,FB,98,26.92,22,20,5,22.73,2,9.09,34,8,23.53,8.16,29,29.59,37.76,10.53,21.57,22.73,0.2,0.273,0.35,0.623,0.1499999999999999,657041
SL,Slider,BR,53,14.56,18,17,5,27.78,0,0.0,30,12,40.0,22.64,8,15.09,37.74,26.09,10.78,45.45,0.353,0.333,0.588,0.921,0.235,657041
ST,Sweeper,BR,33,9.07,8,8,2,25.0,0,0.0,15,4,26.67,12.12,3,9.09,21.21,30.43,8.82,22.22,0.0,0.0,0.0,0.0,0.0,657041
FC,Cutter,FB,19,5.22,3,2,1,33.33,1,33.33,8,4,50.0,21.05,6,31.58,52.63,44.44,1.96,50.0,0.0,0.333,0.0,0.333,0.0,657041
CU,Curveball,BR,14,3.85,3,3,2,66.67,0,0.0,4,3,75.0,21.43,3,21.43,42.86,0.0,4.9,40.0,0.333,0.333,0.667,1.0,0.334,657041
FS,Split-Finger,OS,14,3.85,4,4,3,75.0,0,0.0,6,3,50.0,21.43,0,0.0,21.43,12.5,9.8,30.0,0.0,0.0,0.0,0.0,0.0,657041
CH,Changeup,OS,9,2.47,6,5,2,33.33,0,0.0,5,1,20.0,11.11,2,22.22,33.33,50.0,5.88,33.33,0.0,0.167,0.0,0.167,0.0,657041
KC,Knuckle Curve,BR,8,2.2,2,1,1,50.0,1,50.0,5,1,20.0,12.5,1,12.5,25.0,50.0,4.9,20.0,0.0,0.5,0.0,0.5,0.0,657041
SV,Slurve,BR,3,0.82,1,1,1,100.0,0,0.0,0,0,,0.0,1,33.33,33.33,0.0,1.96,50.0,0.0,0.0,0.0,0.0,0.0,657041
FF,4-Seam Fastball,FB,268,36.71,65,61,10,15.38,3,4.62,98,9,9.18,3.36,84,31.34,34.7,13.54,35.26,14.93,0.279,0.323,0.328,0.651,0.0489999999999999,657077
SI,Sinker,FB,111,15.21,31,27,1,3.23,4,12.9,43,1,2.33,0.9,32,28.83,29.73,11.9,10.53,5.0,0.37,0.452,0.481,0.933,0.1109999999999999,657077
SL,Slider,BR,92,12.6,21,20,4,19.05,1,4.76,37,8,21.62,8.7,23,25.0,33.7,31.11,17.37,12.12,0.15,0.19,0.2,0.39,0.05,657077
CH,Changeup,OS,76,10.41,23,22,4,17.39,1,4.35,36,8,22.22,10.53,3,3.95,14.47,32.69,10.53,20.0,0.227,0.261,0.273,0.534,0.046,657077
FC,Cutter,FB,71,9.73,18,17,2,11.11,1,5.56,34,7,20.59,9.86,12,16.9,26.76,28.57,9.47,11.11,0.118,0.167,0.118,0.285,0.0,657077
CU,Curveball,BR,42,5.75,5,5,0,0.0,0,0.0,12,2,16.67,4.76,12,28.57,33.33,9.52,4.21,0.0,0.6,0.6,1.0,1.6,0.4,657077
ST,Sweeper,BR,29,3.97,9,8,1,11.11,1,11.11,11,0,0.0,0.0,7,24.14,24.14,21.43,4.74,11.11,0.25,0.333,0.25,0.583,0.0,657077
FS,Split-Finger,OS,19,2.6,8,7,2,25.0,1,12.5,13,5,38.46,26.32,0,0.0,26.32,53.85,4.74,22.22,0.143,0.25,0.143,0.393,0.0,657077
KC,Knuckle Curve,BR,17,2.33,1,1,1,100.0,0,0.0,5,1,20.0,5.88,4,23.53,29.41,12.5,3.16,16.67,0.0,0.0,0.0,0.0,0.0,657077
FO,Forkball,OS,3,0.41,1,1,0,0.0,0,0.0,1,0,0.0,0.0,0,0.0,0.0,0.0,0.0,,0.0,0.0,0.0,0.0,0.0,657077
SV,Slurve,BR,1,0.14,0,0,0,,0,,0,0,,0.0,1,100.0,100.0,,0.0,,,,,,,657077
,,,1,0.14,0,0,0,,0,,0,0,,0.0,0,0.0,0.0,,0.0,,,,,,,657077
FF,4-Seam Fastball,FB,185,34.58,51,46,11,21.57,5,9.8,87,16,18.39,8.65,32,17.3,25.95,30.49,38.92,16.92,0.239,0.314,0.348,0.6619999999999999,0.1089999999999999,657136
SI,Sinker,FB,101,18.88,30,25,3,10.0,3,10.0,48,6,12.5,5.94,15,14.85,20.79,25.0,10.18,17.65,0.16,0.267,0.2,0.467,0.04,657136
SL,Slider,BR,93,17.38,20,19,6,30.0,0,0.0,46,18,39.13,19.35,16,17.2,36.56,36.73,16.77,21.43,0.158,0.158,0.158,0.316,0.0,657136
ST,Sweeper,BR,50,9.35,17,17,2,11.76,0,0.0,33,9,27.27,18.0,6,12.0,30.0,59.26,9.58,12.5,0.294,0.294,0.353,0.647,0.059,657136
FC,Cutter,FB,31,5.79,5,5,0,0.0,0,0.0,14,3,21.43,9.68,6,19.35,29.03,28.57,2.4,0.0,0.4,0.4,0.4,0.8,0.0,657136
CU,Curveball,BR,27,5.05,3,2,1,33.33,1,33.33,12,5,41.67,18.52,3,11.11,29.63,36.84,7.78,7.69,0.0,0.333,0.0,0.333,0.0,657136
CH,Changeup,OS,20,3.74,4,3,2,50.0,1,25.0,10,4,40.0,20.0,2,10.0,30.0,50.0,5.99,20.0,0.0,0.25,0.0,0.25,0.0,657136
FS,Split-Finger,OS,15,2.8,7,7,3,42.86,0,0.0,11,5,45.45,33.33,1,6.67,40.0,57.14,5.39,33.33,0.0,0.0,0.0,0.0,0.0,657136
SV,Slurve,BR,6,1.12,2,2,2,100.0,0,0.0,5,3,60.0,50.0,0,0.0,50.0,75.0,1.8,66.67,0.0,0.0,0.0,0.0,0.0,657136
KC,Knuckle Curve,BR,5,0.93,2,2,0,0.0,0,0.0,2,0,0.0,0.0,1,20.0,20.0,0.0,1.2,0.0,0.0,0.0,0.0,0.0,0.0,657136
EP,Eephus,,2,0.37,1,1,0,0.0,0,0.0,1,0,0.0,0.0,1,50.0,50.0,,0.0,,0.0,0.0,0.0,0.0,0.0,657136
FF,4-Seam Fastball,FB,163,30.13,44,38,16,36.36,4,9.09,94,26,27.66,15.95,21,12.88,28.83,29.69,32.98,25.4,0.237,0.326,0.395,0.7210000000000001,0.158,657557
SL,Slider,BR,92,17.01,27,24,7,25.93,2,7.41,51,16,31.37,17.39,6,6.52,23.91,30.0,15.71,23.33,0.25,0.296,0.292,0.588,0.0419999999999999,657557
SI,Sinker,FB,83,15.34,24,22,3,12.5,1,4.17,54,6,11.11,7.23,9,10.84,18.07,47.06,9.95,15.79,0.273,0.292,0.273,0.565,0.0,657557
ST,Sweeper,BR,74,13.68,16,15,4,25.0,1,6.25,39,13,33.33,17.57,8,10.81,28.38,31.58,12.57,16.67,0.133,0.188,0.2,0.388,0.067,657557
FC,Cutter,FB,40,7.39,7,7,0,0.0,0,0.0,25,7,28.0,17.5,6,15.0,32.5,25.0,5.76,0.0,0.571,0.571,0.714,1.285,0.143,657557
CH,Changeup,OS,30,5.55,7,7,4,57.14,0,0.0,20,10,50.0,33.33,1,3.33,36.67,38.46,8.38,25.0,0.143,0.143,0.143,0.286,0.0,657557
CU,Curveball,BR,27,4.99,4,4,1,25.0,0,0.0,11,5,45.45,18.52,1,3.7,22.22,21.05,6.28,8.33,0.5,0.5,0.75,1.25,0.25,657557
FS,Split-Finger,OS,17,3.14,4,4,3,75.0,0,0.0,11,7,63.64,41.18,0,0.0,41.18,57.14,4.19,37.5,0.25,0.25,0.25,0.5,0.0,657557
KC,Knuckle Curve,BR,9,1.66,3,3,2,66.67,0,0.0,4,3,75.0,33.33,0,0.0,33.33,28.57,1.57,66.67,0.333,0.333,0.667,1.0,0.334,657557
SV,Slurve,BR,3,0.55,1,1,1,100.0,0,0.0,2,0,0.0,0.0,1,33.33,33.33,100.0,1.05,50.0,0.0,0.0,0.0,0.0,0.0,657557
CS,Slow Curve,BR,2,0.37,2,2,1,50.0,0,0.0,2,1,50.0,50.0,0,0.0,50.0,,1.05,50.0,0.0,0.0,0.0,0.0,0.0,657557
FO,Forkball,OS,1,0.18,1,1,0,0.0,0,0.0,1,0,0.0,0.0,0,0.0,0.0,,0.52,0.0,0.0,0.0,0.0,0.0,0.0,657557
FF,4-Seam Fastball,FB,409,30.14,97,84,32,32.99,10,10.31,208,63,30.29,15.4,63,15.4,30.81,24.0,34.42,21.62,0.19,0.292,0.405,0.6970000000000001,0.215,657656
SL,Slider,BR,264,19.45,49,44,12,24.49,5,10.2,103,40,38.83,15.15,42,15.91,31.06,22.22,16.98,15.07,0.341,0.408,0.614,1.022,0.2729999999999999,657656
SI,Sinker,FB,254,18.72,74,69,10,13.51,3,4.05,123,14,11.38,5.51,57,22.44,27.95,34.04,12.09,19.23,0.362,0.405,0.565,0.97,0.2029999999999999,657656
ST,Sweeper,BR,118,8.7,36,34,8,22.22,1,2.78,62,17,27.42,14.41,13,11.02,25.42,28.81,10.93,17.02,0.324,0.333,0.706,1.039,0.3819999999999999,657656
FC,Cutter,FB,100,7.37,18,16,5,27.78,1,5.56,39,13,33.33,13.0,24,24.0,37.0,18.75,5.12,22.73,0.188,0.222,0.188,0.41,0.0,657656
CH,Changeup,OS,70,5.16,22,20,11,50.0,2,9.09,35,14,40.0,20.0,9,12.86,32.86,30.3,7.91,29.41,0.15,0.227,0.35,0.577,0.1999999999999999,657656
FS,Split-Finger,OS,55,4.05,12,10,4,33.33,0,0.0,29,8,27.59,14.55,4,7.27,21.82,27.59,4.88,19.05,0.1,0.25,0.2,0.45,0.1,657656
CU,Curveball,BR,46,3.39,13,13,4,30.77,0,0.0,29,12,41.38,26.09,5,10.87,36.96,45.45,4.19,22.22,0.538,0.538,0.923,1.461,0.385,657656
KC,Knuckle Curve,BR,16,1.18,3,3,1,33.33,0,0.0,9,2,22.22,12.5,2,12.5,25.0,50.0,2.33,10.0,0.0,0.0,0.0,0.0,0.0,657656
SV,Slurve,BR,11,0.81,2,2,1,50.0,0,0.0,5,2,40.0,18.18,1,9.09,27.27,28.57,0.93,25.0,0.0,0.0,0.0,0.0,0.0,657656
EP,Eephus,,6,0.44,0,0,0,,0,,2,0,0.0,0.0,0,0.0,0.0,25.0,0.0,,,,,,,657656
,,,4,0.29,2,2,0,0.0,0,0.0,3,0,0.0,0.0,0,0.0,0.0,,0.0,,0.5,0.5,1.0,1.5,0.5,657656
CS,Slow Curve,BR,3,0.22,1,1,0,0.0,0,0.0,2,0,0.0,0.0,0,0.0,0.0,50.0,0.0,,1.0,1.0,1.0,2.0,0.0,657656
FA,Other,,1,0.07,1,1,0,0.0,0,0.0,1,0,0.0,0.0,0,0.0,0.0,,0.23,0.0,1.0,1.0,1.0,2.0,0.0,657656
FF,4-Seam Fastball,FB,482,28.47,127,115,32,25.2,9,7.09,235,47,20.0,9.75,100,20.75,30.5,33.77,28.06,22.54,0.252,0.315,0.435,0.75,0.183,657757
CH,Changeup,OS,277,16.36,65,60,11,16.92,5,7.69,122,39,31.97,14.08,29,10.47,24.55,31.75,15.22,14.29,0.217,0.277,0.383,0.66,0.166,657757
SL,Slider,BR,200,11.81,37,33,8,21.62,2,5.41,97,22,22.68,11.0,36,18.0,29.0,38.74,11.86,13.33,0.242,0.297,0.485,0.782,0.243,657757
CU,Curveball,BR,163,9.63,37,32,10,27.03,4,10.81,59,14,23.73,8.59,38,23.31,31.9,19.28,11.66,16.95,0.25,0.351,0.406,0.757,0.156,657757
FC,Cutter,FB,140,8.27,35,28,2,5.71,7,20.0,67,8,11.94,5.71,26,18.57,24.29,38.16,5.14,7.69,0.214,0.371,0.321,0.692,0.107,657757
SI,Sinker,FB,140,8.27,33,30,3,9.09,3,9.09,49,6,12.24,4.29,41,29.29,33.57,15.62,5.93,10.0,0.3,0.364,0.467,0.831,0.167,657757
FS,Split-Finger,OS,114,6.73,18,16,2,11.11,1,5.56,48,12,25.0,10.53,7,6.14,16.67,30.59,9.29,4.26,0.312,0.353,0.562,0.915,0.25,657757
ST,Sweeper,BR,106,6.26,25,22,5,20.0,2,8.0,40,10,25.0,9.43,25,23.58,33.02,30.51,7.31,13.51,0.318,0.4,0.773,1.173,0.455,657757
KC,Knuckle Curve,BR,55,3.25,12,12,5,41.67,0,0.0,26,10,38.46,18.18,11,20.0,38.18,36.67,4.55,21.74,0.167,0.167,0.5,0.667,0.3329999999999999,657757
SV,Slurve,BR,10,0.59,2,2,1,50.0,0,0.0,3,1,33.33,10.0,2,20.0,30.0,50.0,0.79,25.0,0.0,0.0,0.0,0.0,0.0,657757
,,,4,0.24,1,0,0,0.0,1,100.0,0,0,,0.0,0,0.0,0.0,,0.0,,,1.0,,,,657757
CS,Slow Curve,BR,1,0.06,1,1,0,0.0,0,0.0,1,0,0.0,0.0,0,0.0,0.0,100.0,0.0,,1.0,1.0,2.0,3.0,1.0,657757
PO,Pitch Out,,1,0.06,0,0,0,,0,,0,0,,0.0,0,0.0,0.0,0.0,0.2,0.0,,,,,,657757
FF,4-Seam Fastball,FB,287,27.73,70,54,15,21.43,14,20.0,119,24,20.17,8.36,52,18.12,26.48,18.84,28.52,18.07,0.315,0.471,0.667,1.138,0.352,660162
CH,Changeup,OS,153,14.78,34,31,8,23.53,3,8.82,66,23,34.85,15.03,15,9.8,24.84,23.96,11.0,25.0,0.194,0.265,0.419,0.6839999999999999,0.2249999999999999,660162
SL,Slider,BR,133,12.85,28,25,13,46.43,3,10.71,66,31,46.97,23.31,17,12.78,36.09,29.58,14.09,31.71,0.16,0.25,0.32,0.5700000000000001,0.16,660162
FC,Cutter,FB,117,11.3,24,21,4,16.67,1,4.17,49,6,12.24,5.13,28,23.93,29.06,18.6,6.87,20.0,0.333,0.417,0.571,0.988,0.2379999999999999,660162
SI,Sinker,FB,105,10.14,33,29,5,15.15,4,12.12,41,5,12.2,4.76,19,18.1,22.86,15.91,9.97,17.24,0.207,0.303,0.379,0.6819999999999999,0.172,660162
CU,Curveball,BR,70,6.76,22,20,8,36.36,1,4.55,38,19,50.0,27.14,7,10.0,37.14,32.43,8.93,30.77,0.35,0.409,0.75,1.159,0.4,660162
ST,Sweeper,BR,65,6.28,19,16,6,31.58,2,10.53,31,13,41.94,20.0,11,16.92,36.92,25.81,6.87,30.0,0.125,0.263,0.188,0.451,0.063,660162
FS,Split-Finger,OS,58,5.6,16,15,4,25.0,0,0.0,30,9,30.0,15.52,5,8.62,24.14,32.35,7.9,17.39,0.2,0.188,0.2,0.388,0.0,660162
KC,Knuckle Curve,BR,34,3.29,12,11,5,41.67,1,8.33,16,8,50.0,23.53,3,8.82,32.35,31.82,5.15,33.33,0.091,0.167,0.091,0.258,0.0,660162
,,,6,0.58,2,1,1,50.0,1,50.0,0,0,,0.0,0,0.0,0.0,,0.34,100.0,0.0,0.5,0.0,0.5,0.0,660162
EP,Eephus,,3,0.29,1,1,0,0.0,0,0.0,1,0,0.0,0.0,1,33.33,33.33,100.0,0.0,,0.0,0.0,0.0,0.0,0.0,660162
SV,Slurve,BR,3,0.29,1,1,0,0.0,0,0.0,2,0,0.0,0.0,1,33.33,33.33,,0.0,,1.0,1.0,4.0,5.0,3.0,660162
FO,Forkball,OS,1,0.1,0,0,0,,0,,0,0,,0.0,0,0.0,0.0,0.0,0.34,0.0,,,,,,660162
FF,4-Seam Fastball,FB,620,30.65,132,114,35,26.52,14,10.61,272,83,30.51,13.39,112,18.06,31.45,20.85,27.21,23.65,0.263,0.351,0.588,0.939,0.3249999999999999,660271
CH,Changeup,OS,311,15.37,75,66,17,22.67,8,10.67,127,40,31.5,12.86,26,8.36,21.22,24.02,16.73,18.68,0.288,0.365,0.682,1.0470000000000002,0.3940000000000001,660271
SL,Slider,BR,205,10.13,45,37,10,22.22,7,15.56,106,43,40.57,20.98,22,10.73,31.71,28.7,12.32,14.93,0.297,0.4,0.838,1.238,0.5409999999999999,660271
FC,Cutter,FB,184,9.1,45,37,8,17.78,8,17.78,96,33,34.38,17.93,32,17.39,35.33,34.18,6.62,22.22,0.324,0.444,0.73,1.174,0.4059999999999999,660271
SI,Sinker,FB,179,8.85,45,33,8,17.78,12,26.67,61,8,13.11,4.47,29,16.2,20.67,14.42,6.8,21.62,0.364,0.533,0.848,1.381,0.484,660271
CU,Curveball,BR,176,8.7,49,38,21,42.86,11,22.45,82,37,45.12,21.02,14,7.95,28.98,30.77,13.97,27.63,0.211,0.388,0.605,0.993,0.394,660271
FS,Split-Finger,OS,100,4.94,21,20,3,14.29,1,4.76,39,12,30.77,12.0,8,8.0,20.0,18.46,4.96,11.11,0.3,0.333,0.75,1.083,0.45,660271
ST,Sweeper,BR,95,4.7,27,23,11,40.74,3,11.11,37,15,40.54,15.79,19,20.0,35.79,17.78,6.99,28.95,0.217,0.333,0.478,0.8109999999999999,0.261,660271
,,,71,3.51,19,0,0,0.0,19,100.0,0,0,,0.0,0,0.0,0.0,,0.0,,,1.0,,,,660271
KC,Knuckle Curve,BR,62,3.06,21,18,6,28.57,3,14.29,36,16,44.44,25.81,3,4.84,30.65,38.89,3.31,33.33,0.389,0.476,0.556,1.032,0.167,660271
SV,Slurve,BR,9,0.44,2,1,1,50.0,1,50.0,5,3,60.0,33.33,1,11.11,44.44,60.0,0.37,50.0,0.0,0.5,0.0,0.5,0.0,660271
FA,Other,,4,0.2,0,0,0,,0,,2,0,0.0,0.0,1,25.0,25.0,0.0,0.18,0.0,,,,,,660271
FO,Forkball,OS,4,0.2,1,1,0,0.0,0,0.0,1,0,0.0,0.0,1,25.0,25.0,0.0,0.18,0.0,0.0,0.0,0.0,0.0,0.0,660271
CS,Slow Curve,BR,3,0.15,1,1,0,0.0,0,0.0,1,0,0.0,0.0,0,0.0,0.0,0.0,0.37,0.0,0.0,0.0,0.0,0.0,0.0,660271
FF,4-Seam Fastball,FB,90,32.26,33,32,5,15.15,1,3.03,62,11,17.74,12.22,12,13.33,25.56,41.67,35.44,17.86,0.344,0.364,0.406,0.77,0.062,660644
SI,Sinker,FB,55,19.71,15,13,1,6.67,2,13.33,27,3,11.11,5.45,5,9.09,14.55,24.0,12.66,10.0,0.154,0.267,0.231,0.498,0.077,660644
SL,Slider,BR,29,10.39,7,5,2,28.57,2,28.57,8,3,37.5,10.34,3,10.34,20.69,14.29,13.92,18.18,0.2,0.429,0.2,0.629,0.0,660644
FC,Cutter,FB,28,10.04,6,6,0,0.0,0,0.0,19,6,31.58,21.43,2,7.14,28.57,53.33,6.33,0.0,0.333,0.333,0.5,0.833,0.1669999999999999,660644
CH,Changeup,OS,20,7.17,3,3,0,0.0,0,0.0,8,2,25.0,10.0,2,10.0,20.0,15.38,6.33,0.0,0.0,0.0,0.0,0.0,0.0,660644
ST,Sweeper,BR,17,6.09,5,4,1,20.0,0,0.0,6,1,16.67,5.88,3,17.65,23.53,0.0,6.33,20.0,0.5,0.4,0.5,0.9,0.0,660644
CU,Curveball,BR,16,5.73,4,4,3,75.0,0,0.0,6,4,66.67,25.0,2,12.5,37.5,11.11,6.33,60.0,0.0,0.0,0.0,0.0,0.0,660644
FA,Other,,8,2.87,2,2,1,50.0,0,0.0,7,2,28.57,25.0,0,0.0,25.0,75.0,5.06,25.0,0.0,0.0,0.0,0.0,0.0,660644
FS,Split-Finger,OS,8,2.87,1,1,0,0.0,0,0.0,2,0,0.0,0.0,1,12.5,12.5,0.0,3.8,0.0,0.0,0.0,0.0,0.0,0.0,660644
KC,Knuckle Curve,BR,6,2.15,1,1,0,0.0,0,0.0,2,0,0.0,0.0,0,0.0,0.0,0.0,2.53,0.0,0.0,0.0,0.0,0.0,0.0,660644
FO,Forkball,OS,2,0.72,1,1,1,100.0,0,0.0,0,0,,0.0,2,100.0,100.0,,1.27,100.0,0.0,0.0,0.0,0.0,0.0,660644
FF,4-Seam Fastball,FB,331,27.22,84,70,26,30.95,14,16.67,157,59,37.58,17.82,34,10.27,28.1,11.43,32.27,20.66,0.271,0.393,0.543,0.936,0.272,660670
SI,Sinker,FB,282,23.19,67,56,9,13.43,9,13.43,131,23,17.56,8.16,38,13.48,21.63,17.83,13.33,18.0,0.339,0.448,0.518,0.966,0.179,660670
SL,Slider,BR,224,18.42,46,42,10,21.74,4,8.7,108,29,26.85,12.95,31,13.84,26.79,33.88,20.53,12.99,0.333,0.391,0.548,0.939,0.215,660670
ST,Sweeper,BR,90,7.4,19,17,5,26.32,2,10.53,44,15,34.09,16.67,8,8.89,25.56,30.77,10.13,13.16,0.353,0.421,1.059,1.48,0.706,660670
FC,Cutter,FB,83,6.83,24,17,2,8.33,7,29.17,36,7,19.44,8.43,16,19.28,27.71,15.0,4.27,12.5,0.294,0.5,0.471,0.971,0.177,660670
CU,Curveball,BR,66,5.43,16,14,5,31.25,2,12.5,26,7,26.92,10.61,10,15.15,25.76,29.27,5.87,22.73,0.143,0.25,0.357,0.607,0.214,660670
CH,Changeup,OS,61,5.02,13,11,4,30.77,1,7.69,34,13,38.24,21.31,6,9.84,31.15,34.38,5.33,20.0,0.364,0.462,0.636,1.098,0.272,660670
KC,Knuckle Curve,BR,31,2.55,7,7,4,57.14,0,0.0,14,7,50.0,22.58,4,12.9,35.48,36.84,4.27,25.0,0.286,0.286,0.429,0.715,0.143,660670
FS,Split-Finger,OS,23,1.89,4,2,1,25.0,2,50.0,9,4,44.44,17.39,3,13.04,30.43,38.89,2.67,10.0,0.5,0.75,0.5,1.25,0.0,660670
,,,12,0.99,3,0,0,0.0,3,100.0,0,0,,0.0,0,0.0,0.0,,0.0,,,1.0,,,,660670
SV,Slurve,BR,7,0.58,3,3,0,0.0,0,0.0,4,0,0.0,0.0,0,0.0,0.0,25.0,0.8,0.0,0.333,0.333,0.333,0.666,0.0,660670
FA,Other,,6,0.49,1,0,0,0.0,1,100.0,2,0,0.0,0.0,0,0.0,0.0,0.0,0.53,0.0,,1.0,,,,660670
FF,4-Seam Fastball,FB,188,26.22,51,47,2,3.92,3,5.88,105,6,5.71,3.19,31,16.49,19.68,30.14,25.15,4.76,0.234,0.275,0.34,0.615,0.106,660688
CU,Curveball,BR,102,14.23,28,28,6,21.43,0,0.0,53,13,24.53,12.75,17,16.67,29.41,42.0,16.77,21.43,0.214,0.214,0.25,0.4639999999999999,0.036,660688
CH,Changeup,OS,88,12.27,33,33,2,6.06,0,0.0,52,5,9.62,5.68,4,4.55,10.23,45.76,14.37,8.33,0.273,0.273,0.333,0.6060000000000001,0.06,660688
FC,Cutter,FB,79,11.02,25,23,2,8.0,0,0.0,37,3,8.11,3.8,12,15.19,18.99,14.29,7.78,15.38,0.261,0.32,0.348,0.6679999999999999,0.0869999999999999,660688
SL,Slider,BR,70,9.76,19,19,6,31.58,0,0.0,43,11,25.58,15.71,8,11.43,27.14,47.06,13.17,27.27,0.158,0.158,0.211,0.369,0.0529999999999999,660688
SI,Sinker,FB,61,8.51,22,20,1,4.55,2,9.09,30,0,0.0,0.0,15,24.59,24.59,33.33,4.79,12.5,0.3,0.364,0.35,0.714,0.0499999999999999,660688
FS,Split-Finger,OS,54,7.53,20,20,0,0.0,0,0.0,33,5,15.15,9.26,0,0.0,9.26,34.48,8.38,0.0,0.3,0.3,0.35,0.6499999999999999,0.0499999999999999,660688
ST,Sweeper,BR,42,5.86,7,6,2,28.57,1,14.29,16,5,31.25,11.9,11,26.19,38.1,31.58,3.59,33.33,0.167,0.286,0.167,0.4529999999999999,0.0,660688
KC,Knuckle Curve,BR,17,2.37,4,4,0,0.0,0,0.0,5,0,0.0,0.0,3,17.65,17.65,27.27,2.4,0.0,0.0,0.0,0.0,0.0,0.0,660688
FO,Forkball,OS,10,1.39,2,2,1,50.0,0,0.0,5,1,20.0,10.0,0,0.0,10.0,28.57,2.4,25.0,0.0,0.0,0.0,0.0,0.0,660688
SV,Slurve,BR,5,0.7,2,2,0,0.0,0,0.0,2,0,0.0,0.0,0,0.0,0.0,0.0,0.6,0.0,0.0,0.0,0.0,0.0,0.0,660688
,,,1,0.14,0,0,0,,0,,0,0,,0.0,0,0.0,0.0,,0.6,0.0,,,,,,660688
FF,4-Seam Fastball,FB,30,30.61,3,3,1,33.33,0,0.0,18,5,27.78,16.67,5,16.67,33.33,50.0,40.0,10.0,0.0,0.0,0.0,0.0,0.0,660757
SL,Slider,BR,25,25.51,11,11,1,9.09,0,0.0,19,5,26.32,20.0,1,4.0,24.0,68.75,20.0,20.0,0.273,0.273,0.273,0.546,0.0,660757
SI,Sinker,FB,15,15.31,6,5,0,0.0,1,16.67,9,0,0.0,0.0,3,20.0,20.0,50.0,0.0,,0.0,0.167,0.0,0.167,0.0,660757
KC,Knuckle Curve,BR,11,11.22,3,3,1,33.33,0,0.0,4,1,25.0,9.09,1,9.09,18.18,22.22,16.0,25.0,0.333,0.333,0.333,0.666,0.0,660757
ST,Sweeper,BR,9,9.18,6,6,2,33.33,0,0.0,7,3,42.86,33.33,1,11.11,44.44,80.0,12.0,66.67,0.333,0.333,0.333,0.666,0.0,660757
CH,Changeup,OS,5,5.1,1,1,0,0.0,0,0.0,2,0,0.0,0.0,0,0.0,0.0,25.0,4.0,0.0,0.0,0.0,0.0,0.0,0.0,660757
FS,Split-Finger,OS,1,1.02,1,1,0,0.0,0,0.0,1,0,0.0,0.0,0,0.0,0.0,100.0,4.0,0.0,1.0,1.0,1.0,2.0,0.0,660757
CU,Curveball,BR,1,1.02,0,0,0,,0,,0,0,,0.0,1,100.0,100.0,,0.0,,,,,,,660757
FC,Cutter,FB,1,1.02,1,1,0,0.0,0,0.0,1,0,0.0,0.0,0,0.0,0.0,,4.0,0.0,1.0,1.0,1.0,2.0,0.0,660757
FF,4-Seam Fastball,FB,657,39.25,134,117,23,17.16,15,11.19,316,71,22.47,10.81,92,14.0,24.81,18.97,35.13,11.93,0.239,0.323,0.41,0.733,0.1709999999999999,660821
CH,Changeup,OS,247,14.76,70,66,16,22.86,4,5.71,118,35,29.66,14.17,26,10.53,24.7,30.67,14.37,22.22,0.227,0.271,0.364,0.635,0.1369999999999999,660821
SL,Slider,BR,150,8.96,42,39,11,26.19,2,4.76,81,24,29.63,16.0,13,8.67,24.67,37.08,10.58,20.75,0.282,0.31,0.538,0.8480000000000001,0.256,660821
FC,Cutter,FB,145,8.66,46,40,6,13.04,6,13.04,78,13,16.67,8.97,23,15.86,24.83,39.44,6.99,17.14,0.275,0.37,0.475,0.845,0.1999999999999999,660821
SI,Sinker,FB,128,7.65,33,26,8,24.24,7,21.21,48,7,14.58,5.47,24,18.75,24.22,13.85,6.39,25.0,0.269,0.424,0.462,0.886,0.193,660821
CU,Curveball,BR,122,7.29,32,30,6,18.75,2,6.25,55,14,25.45,11.48,22,18.03,29.51,37.84,8.78,13.64,0.233,0.281,0.367,0.648,0.1339999999999999,660821
FS,Split-Finger,OS,100,5.97,32,31,10,31.25,1,3.12,56,22,39.29,22.0,5,5.0,27.0,36.67,8.38,23.81,0.194,0.219,0.258,0.477,0.064,660821
ST,Sweeper,BR,51,3.05,12,12,3,25.0,0,0.0,27,7,25.93,13.73,11,21.57,35.29,56.67,4.99,12.0,0.417,0.417,0.667,1.084,0.25,660821
KC,Knuckle Curve,BR,48,2.87,16,16,5,31.25,0,0.0,28,10,35.71,20.83,7,14.58,35.42,48.15,3.39,29.41,0.25,0.25,0.5,0.75,0.25,660821
SV,Slurve,BR,9,0.54,2,2,0,0.0,0,0.0,5,1,20.0,11.11,0,0.0,11.11,57.14,0.4,0.0,0.0,0.0,0.0,0.0,0.0,660821
,,,6,0.36,1,0,0,0.0,1,100.0,0,0,,0.0,0,0.0,0.0,,0.0,,,1.0,,,,660821
CS,Slow Curve,BR,5,0.3,2,2,1,50.0,0,0.0,2,1,50.0,20.0,2,40.0,60.0,0.0,0.4,50.0,0.5,0.5,0.5,1.0,0.0,660821
FA,Other,,3,0.18,1,1,0,0.0,0,0.0,1,0,0.0,0.0,0,0.0,0.0,0.0,0.2,0.0,1.0,1.0,1.0,2.0,0.0,660821
PO,Pitch Out,,2,0.12,0,0,0,,0,,0,0,,0.0,0,0.0,0.0,0.0,0.0,,,,,,,660821
KN,Knuckleball,,1,0.06,0,0,0,,0,,0,0,,0.0,0,0.0,0.0,0.0,0.0,,,,,,,660821
FF,4-Seam Fastball,FB,122,36.2,24,16,7,29.17,8,33.33,38,6,15.79,4.92,28,22.95,27.87,3.51,31.62,18.92,0.188,0.458,0.188,0.646,0.0,660844
SI,Sinker,FB,51,15.13,9,8,2,22.22,1,11.11,25,4,16.0,7.84,9,17.65,25.49,16.67,15.38,11.11,0.125,0.222,0.125,0.347,0.0,660844
SL,Slider,BR,47,13.95,13,10,4,30.77,3,23.08,15,6,40.0,12.77,9,19.15,31.91,8.33,17.09,20.0,0.3,0.462,0.9,1.362,0.6000000000000001,660844
CH,Changeup,OS,42,12.46,8,6,1,12.5,1,12.5,12,5,41.67,11.9,6,14.29,26.19,14.29,14.53,5.88,0.167,0.375,0.167,0.542,0.0,660844
FC,Cutter,FB,33,9.79,9,7,0,0.0,2,22.22,16,5,31.25,15.15,7,21.21,36.36,28.57,10.26,0.0,0.286,0.444,0.286,0.73,0.0,660844
ST,Sweeper,BR,16,4.75,2,2,2,100.0,0,0.0,2,1,50.0,6.25,7,43.75,50.0,0.0,5.13,33.33,0.0,0.0,0.0,0.0,0.0,660844
FS,Split-Finger,OS,11,3.26,3,3,1,33.33,0,0.0,6,2,33.33,18.18,2,18.18,36.36,0.0,3.42,25.0,0.333,0.333,0.333,0.666,0.0,660844
CU,Curveball,BR,9,2.67,1,1,0,0.0,0,0.0,4,0,0.0,0.0,2,22.22,22.22,0.0,2.56,0.0,0.0,0.0,0.0,0.0,0.0,660844
EP,Eephus,,3,0.89,1,1,0,0.0,0,0.0,1,0,0.0,0.0,1,33.33,33.33,0.0,0.0,,0.0,0.0,0.0,0.0,0.0,660844
KC,Knuckle Curve,BR,2,0.59,0,0,0,,0,,0,0,,0.0,0,0.0,0.0,0.0,0.0,,,,,,,660844
,,,1,0.3,0,0,0,,0,,0,0,,0.0,0,0.0,0.0,,0.0,,,,,,,660844
FF,4-Seam Fastball,FB,565,30.34,135,108,33,24.44,27,20.0,253,53,20.95,9.38,100,17.7,27.08,19.01,31.87,18.56,0.241,0.393,0.37,0.763,0.129,661388
SL,Slider,BR,360,19.33,101,89,14,13.86,11,10.89,186,64,34.41,17.78,43,11.94,29.72,36.95,20.8,12.84,0.236,0.32,0.393,0.7130000000000001,0.157,661388
SI,Sinker,FB,343,18.42,94,83,9,9.57,8,8.51,165,20,12.12,5.83,60,17.49,23.32,20.42,9.16,18.75,0.361,0.415,0.482,0.897,0.121,661388
ST,Sweeper,BR,206,11.06,49,44,9,18.37,3,6.12,83,22,26.51,10.68,28,13.59,24.27,29.32,13.93,12.33,0.182,0.224,0.364,0.588,0.182,661388
FC,Cutter,FB,137,7.36,35,34,0,0.0,1,2.86,67,14,20.9,10.22,25,18.25,28.47,26.67,2.29,0.0,0.382,0.4,0.588,0.988,0.2059999999999999,661388
CH,Changeup,OS,84,4.51,21,19,7,33.33,2,9.52,41,10,24.39,11.9,7,8.33,20.24,26.53,8.97,14.89,0.316,0.381,0.526,0.907,0.21,661388
FS,Split-Finger,OS,70,3.76,22,20,10,45.45,2,9.09,38,17,44.74,24.29,4,5.71,30.0,37.21,6.11,31.25,0.2,0.273,0.3,0.573,0.0999999999999999,661388
CU,Curveball,BR,48,2.58,10,10,4,40.0,0,0.0,16,7,43.75,14.58,9,18.75,33.33,15.38,2.67,28.57,0.1,0.1,0.2,0.3,0.1,661388
KC,Knuckle Curve,BR,28,1.5,6,5,2,33.33,1,16.67,14,3,21.43,10.71,1,3.57,14.29,23.53,3.24,11.76,0.4,0.5,1.2,1.7,0.7999999999999999,661388
SV,Slurve,BR,12,0.64,2,2,0,0.0,0,0.0,4,2,50.0,16.67,1,8.33,25.0,12.5,0.57,0.0,0.0,0.0,0.0,0.0,0.0,661388
FO,Forkball,OS,5,0.27,1,0,0,0.0,1,100.0,1,0,0.0,0.0,0,0.0,0.0,0.0,0.38,0.0,,1.0,,,,661388
EP,Eephus,,2,0.11,1,1,0,0.0,0,0.0,2,0,0.0,0.0,0,0.0,0.0,,0.0,,0.0,0.0,0.0,0.0,0.0,661388
,,,2,0.11,1,0,0,0.0,1,100.0,0,0,,0.0,0,0.0,0.0,,0.0,,,1.0,,,,661388
FF,4-Seam Fastball,FB,317,40.54,91,85,32,35.16,6,6.59,189,63,33.33,19.87,24,7.57,27.44,31.54,45.79,32.65,0.141,0.198,0.424,0.622,0.283,662139
CH,Changeup,OS,94,12.02,32,29,7,21.88,1,3.12,53,15,28.3,15.96,14,14.89,30.85,40.82,12.62,25.93,0.379,0.375,1.069,1.444,0.69,662139
SL,Slider,BR,87,11.13,19,17,5,26.32,2,10.53,46,15,32.61,17.24,10,11.49,28.74,33.33,12.15,19.23,0.235,0.316,0.588,0.904,0.353,662139
FC,Cutter,FB,67,8.57,15,13,1,6.67,2,13.33,36,10,27.78,14.93,8,11.94,26.87,27.59,2.8,16.67,0.538,0.6,0.923,1.523,0.385,662139
CU,Curveball,BR,66,8.44,11,11,2,18.18,0,0.0,24,3,12.5,4.55,12,18.18,22.73,16.67,5.61,16.67,0.273,0.273,0.455,0.728,0.182,662139
SI,Sinker,FB,50,6.39,20,20,5,25.0,0,0.0,26,6,23.08,12.0,7,14.0,26.0,6.67,6.07,38.46,0.25,0.25,0.4,0.65,0.15,662139
ST,Sweeper,BR,41,5.24,10,7,4,40.0,1,10.0,24,9,37.5,21.95,5,12.2,34.15,39.13,6.07,30.77,0.0,0.1,0.0,0.1,0.0,662139
FS,Split-Finger,OS,34,4.35,11,11,4,36.36,0,0.0,19,4,21.05,11.76,3,8.82,20.59,42.86,6.07,30.77,0.273,0.273,1.0,1.273,0.727,662139
KC,Knuckle Curve,BR,19,2.43,3,3,2,66.67,0,0.0,8,2,25.0,10.53,5,26.32,36.84,33.33,2.34,40.0,0.333,0.333,1.333,1.666,1.0,662139
,,,4,0.51,1,0,0,0.0,1,100.0,0,0,,0.0,0,0.0,0.0,,0.0,,,1.0,,,,662139
SV,Slurve,BR,2,0.26,1,1,0,0.0,0,0.0,1,0,0.0,0.0,0,0.0,0.0,0.0,0.0,,0.0,0.0,0.0,0.0,0.0,662139
CS,Slow Curve,BR,1,0.13,1,1,1,100.0,0,0.0,1,1,100.0,100.0,0,0.0,100.0,100.0,0.47,100.0,0.0,0.0,0.0,0.0,0.0,662139
FF,4-Seam Fastball,FB,27,25.47,6,4,1,16.67,2,33.33,11,5,45.45,18.52,5,18.52,37.04,25.0,23.81,20.0,0.0,0.333,0.0,0.333,0.0,663330
SL,Slider,BR,24,22.64,5,5,2,40.0,0,0.0,11,4,36.36,16.67,3,12.5,29.17,33.33,42.86,22.22,0.2,0.2,0.2,0.4,0.0,663330
SI,Sinker,FB,21,19.81,8,8,0,0.0,0,0.0,11,0,0.0,0.0,2,9.52,9.52,12.5,0.0,,0.5,0.5,0.75,1.25,0.25,663330
FC,Cutter,FB,11,10.38,2,2,0,0.0,0,0.0,5,2,40.0,18.18,1,9.09,27.27,28.57,4.76,0.0,0.5,0.5,1.5,2.0,1.0,663330
ST,Sweeper,BR,8,7.55,2,1,0,0.0,1,50.0,1,0,0.0,0.0,0,0.0,0.0,12.5,0.0,,0.0,0.5,0.0,0.5,0.0,663330
FS,Split-Finger,OS,8,7.55,2,2,1,50.0,0,0.0,5,1,20.0,12.5,2,25.0,37.5,,14.29,33.33,0.0,0.0,0.0,0.0,0.0,663330
CH,Changeup,OS,3,2.83,1,1,0,0.0,0,0.0,3,1,33.33,33.33,0,0.0,33.33,100.0,4.76,0.0,0.0,0.0,0.0,0.0,0.0,663330
CU,Curveball,BR,2,1.89,1,1,0,0.0,0,0.0,1,0,0.0,0.0,0,0.0,0.0,0.0,0.0,,1.0,1.0,1.0,2.0,0.0,663330
SV,Slurve,BR,2,1.89,1,1,0,0.0,0,0.0,1,0,0.0,0.0,0,0.0,0.0,0.0,9.52,0.0,0.0,0.0,0.0,0.0,0.0,663330
FF,4-Seam Fastball,FB,167,34.86,42,39,9,21.43,3,7.14,67,11,16.42,6.59,41,24.55,31.14,7.58,30.53,22.5,0.282,0.333,0.385,0.718,0.103,663368
CH,Changeup,OS,58,12.11,15,14,2,13.33,1,6.67,25,6,24.0,10.34,6,10.34,20.69,28.95,15.27,10.0,0.286,0.333,0.429,0.762,0.143,663368
SL,Slider,BR,56,11.69,19,16,8,42.11,3,15.79,27,14,51.85,25.0,9,16.07,41.07,32.26,16.79,36.36,0.188,0.316,0.438,0.754,0.25,663368
SI,Sinker,FB,51,10.65,9,8,3,33.33,1,11.11,14,6,42.86,11.76,17,33.33,45.1,0.0,7.63,30.0,0.0,0.111,0.0,0.111,0.0,663368
FC,Cutter,FB,51,10.65,12,12,3,25.0,0,0.0,24,5,20.83,9.8,13,25.49,35.29,21.05,9.92,23.08,0.333,0.333,0.417,0.75,0.0839999999999999,663368
CU,Curveball,BR,44,9.19,6,5,4,66.67,0,0.0,10,6,60.0,13.64,13,29.55,43.18,0.0,8.4,36.36,0.0,0.167,0.0,0.167,0.0,663368
ST,Sweeper,BR,22,4.59,4,4,1,25.0,0,0.0,4,0,0.0,0.0,6,27.27,27.27,0.0,3.05,25.0,0.0,0.0,0.0,0.0,0.0,663368
KC,Knuckle Curve,BR,13,2.71,7,7,3,42.86,0,0.0,8,4,50.0,30.77,2,15.38,46.15,60.0,5.34,42.86,0.0,0.0,0.0,0.0,0.0,663368
FS,Split-Finger,OS,10,2.09,2,2,1,50.0,0,0.0,5,3,60.0,30.0,0,0.0,30.0,37.5,2.29,33.33,0.0,0.0,0.0,0.0,0.0,663368
EP,Eephus,,4,0.84,1,0,0,0.0,1,100.0,0,0,,0.0,0,0.0,0.0,0.0,0.0,,,1.0,,,,663368
FO,Forkball,OS,3,0.63,0,0,0,,0,,0,0,,0.0,0,0.0,0.0,0.0,0.76,0.0,,,,,,663368
FF,4-Seam Fastball,FB,566,33.77,155,134,17,10.97,20,12.9,257,26,10.12,4.59,118,20.85,25.44,23.18,29.85,12.14,0.299,0.387,0.41,0.7969999999999999,0.1109999999999999,663457
CH,Changeup,OS,261,15.57,64,58,13,20.31,6,9.38,110,33,30.0,12.64,26,9.96,22.61,25.0,21.11,13.13,0.241,0.312,0.397,0.7090000000000001,0.156,663457
SI,Sinker,FB,239,14.26,55,49,9,16.36,6,10.91,91,12,13.19,5.02,58,24.27,29.29,12.12,11.94,16.07,0.245,0.327,0.327,0.654,0.082,663457
SL,Slider,BR,174,10.38,43,37,11,25.58,4,9.3,76,27,35.53,15.52,34,19.54,35.06,27.06,12.15,19.3,0.216,0.279,0.486,0.765,0.27,663457
CU,Curveball,BR,126,7.52,20,17,5,25.0,2,10.0,25,6,24.0,4.76,36,28.57,33.33,10.0,7.04,15.15,0.059,0.2,0.235,0.435,0.176,663457
FC,Cutter,FB,89,5.31,22,19,5,22.73,3,13.64,41,7,17.07,7.87,18,20.22,28.09,21.43,4.05,26.32,0.263,0.364,0.632,0.996,0.369,663457
ST,Sweeper,BR,88,5.25,10,8,1,10.0,0,0.0,21,4,19.05,4.55,25,28.41,32.95,11.11,3.84,5.56,0.0,0.2,0.0,0.2,0.0,663457
FS,Split-Finger,OS,77,4.59,20,18,9,45.0,2,10.0,34,17,50.0,22.08,9,11.69,33.77,38.46,6.82,28.12,0.056,0.15,0.056,0.206,0.0,663457
KC,Knuckle Curve,BR,32,1.91,7,6,1,14.29,1,14.29,9,2,22.22,6.25,11,34.38,40.62,20.0,2.56,8.33,0.667,0.714,1.167,1.881,0.5,663457
,,,13,0.78,3,0,0,0.0,3,100.0,0,0,,0.0,0,0.0,0.0,,0.0,,,1.0,,,,663457
SV,Slurve,BR,6,0.36,1,1,0,0.0,0,0.0,2,0,0.0,0.0,1,16.67,16.67,0.0,0.43,0.0,1.0,1.0,1.0,2.0,0.0,663457
EP,Eephus,,4,0.24,2,2,0,0.0,0,0.0,2,0,0.0,0.0,0,0.0,0.0,33.33,0.0,,0.5,0.5,0.5,1.0,0.0,663457
FO,Forkball,OS,1,0.06,1,1,1,100.0,0,0.0,1,1,100.0,100.0,0,0.0,100.0,100.0,0.21,100.0,0.0,0.0,0.0,0.0,0.0,663457
FF,4-Seam Fastball,FB,26,33.33,8,7,4,50.0,1,12.5,13,3,23.08,11.54,6,23.08,34.62,40.0,45.16,21.43,0.143,0.25,0.286,0.536,0.143,663536
SL,Slider,BR,24,30.77,4,4,1,25.0,0,0.0,14,4,28.57,16.67,1,4.17,20.83,35.71,32.26,10.0,0.0,0.0,0.0,0.0,0.0,663536
SI,Sinker,FB,12,15.38,4,4,0,0.0,0,0.0,6,0,0.0,0.0,4,33.33,33.33,0.0,6.45,0.0,0.25,0.25,0.25,0.5,0.0,663536
CH,Changeup,OS,8,10.26,2,2,1,50.0,0,0.0,5,1,20.0,12.5,1,12.5,25.0,50.0,9.68,33.33,0.0,0.0,0.0,0.0,0.0,663536
ST,Sweeper,BR,3,3.85,1,1,0,0.0,0,0.0,1,0,0.0,0.0,2,66.67,66.67,,3.23,0.0,0.0,0.0,0.0,0.0,0.0,663536
FS,Split-Finger,OS,3,3.85,0,0,0,,0,,2,0,0.0,0.0,0,0.0,0.0,0.0,3.23,0.0,,,,,,663536
CU,Curveball,BR,1,1.28,0,0,0,,0,,1,0,0.0,0.0,0,0.0,0.0,100.0,0.0,,,,,,,663536
SV,Slurve,BR,1,1.28,0,0,0,,0,,0,0,,0.0,0,0.0,0.0,0.0,0.0,,,,,,,663536
FF,4-Seam Fastball,FB,510,27.78,132,114,8,6.06,13,9.85,250,12,4.8,2.35,95,18.63,20.98,25.68,26.82,5.88,0.325,0.394,0.395,0.789,0.07,663538
SI,Sinker,FB,426,23.2,140,127,8,5.71,10,7.14,193,5,2.59,1.17,115,27.0,28.17,27.88,15.58,10.13,0.299,0.36,0.346,0.706,0.0469999999999999,663538
SL,Slider,BR,326,17.76,82,77,11,13.41,5,6.1,163,40,24.54,12.27,54,16.56,28.83,38.86,19.13,11.34,0.234,0.28,0.338,0.6180000000000001,0.104,663538
ST,Sweeper,BR,190,10.35,48,46,5,10.42,2,4.17,80,14,17.5,7.37,30,15.79,23.16,30.51,12.03,8.2,0.283,0.312,0.326,0.638,0.043,663538
FC,Cutter,FB,132,7.19,40,35,1,2.5,4,10.0,65,6,9.23,4.55,28,21.21,25.76,34.48,4.93,4.0,0.2,0.282,0.286,0.568,0.0859999999999999,663538
CU,Curveball,BR,108,5.88,20,20,3,15.0,0,0.0,39,10,25.64,9.26,24,22.22,31.48,22.03,6.9,8.57,0.25,0.25,0.3,0.55,0.0499999999999999,663538
CH,Changeup,OS,79,4.3,24,24,4,16.67,0,0.0,45,6,13.33,7.59,8,10.13,17.72,39.02,8.48,9.3,0.208,0.208,0.458,0.666,0.25,663538
KC,Knuckle Curve,BR,27,1.47,3,3,0,0.0,0,0.0,12,1,8.33,3.7,3,11.11,14.81,14.29,2.56,0.0,0.333,0.333,0.333,0.666,0.0,663538
FS,Split-Finger,OS,26,1.42,8,8,1,12.5,0,0.0,21,5,23.81,19.23,1,3.85,23.08,76.47,3.16,6.25,0.125,0.125,0.125,0.25,0.0,663538
,,,4,0.22,1,0,0,0.0,1,100.0,0,0,,0.0,0,0.0,0.0,,0.0,,,1.0,,,,663538
SV,Slurve,BR,3,0.16,2,2,0,0.0,0,0.0,2,0,0.0,0.0,1,33.33,33.33,100.0,0.2,0.0,0.0,0.0,0.0,0.0,0.0,663538
EP,Eephus,,3,0.16,2,2,0,0.0,0,0.0,2,0,0.0,0.0,0,0.0,0.0,50.0,0.0,,0.5,0.5,0.5,1.0,0.0,663538
CS,Slow Curve,BR,1,0.05,0,0,0,,0,,0,0,,0.0,0,0.0,0.0,0.0,0.2,0.0,,,,,,663538
UN,Unknown,,1,0.05,0,0,0,,0,,0,0,,0.0,0,0.0,0.0,0.0,0.0,,,,,,,663538
FF,4-Seam Fastball,FB,55,28.65,16,15,8,50.0,1,6.25,27,11,40.74,20.0,13,23.64,43.64,30.77,32.73,44.44,0.2,0.25,0.2,0.45,0.0,663584
SI,Sinker,FB,51,26.56,19,18,2,10.53,1,5.26,28,5,17.86,9.8,10,19.61,29.41,31.58,20.0,18.18,0.222,0.263,0.222,0.485,0.0,663584
ST,Sweeper,BR,33,17.19,10,10,1,10.0,0,0.0,18,5,27.78,15.15,2,6.06,21.21,27.78,21.82,8.33,0.3,0.3,0.4,0.7,0.1,663584
SL,Slider,BR,21,10.94,8,8,2,25.0,0,0.0,12,4,33.33,19.05,4,19.05,38.1,44.44,12.73,28.57,0.0,0.0,0.0,0.0,0.0,663584
FC,Cutter,FB,20,10.42,4,3,0,0.0,1,25.0,10,3,30.0,15.0,4,20.0,35.0,40.0,5.45,0.0,0.333,0.5,0.333,0.833,0.0,663584
CU,Curveball,BR,6,3.12,0,0,0,,0,,3,2,66.67,33.33,1,16.67,50.0,0.0,3.64,0.0,,,,,,663584
CH,Changeup,OS,4,2.08,2,1,0,0.0,0,0.0,4,2,50.0,50.0,0,0.0,50.0,100.0,1.82,0.0,0.0,0.0,0.0,0.0,0.0,663584
FS,Split-Finger,OS,1,0.52,1,1,1,100.0,0,0.0,1,1,100.0,100.0,0,0.0,100.0,100.0,1.82,100.0,0.0,0.0,0.0,0.0,0.0,663584
SV,Slurve,BR,1,0.52,0,0,0,,0,,1,0,0.0,0.0,0,0.0,0.0,100.0,0.0,,,,,,,663584
FF,4-Seam Fastball,FB,492,34.89,100,89,30,30.0,9,9.0,245,73,29.8,14.84,61,12.4,27.24,19.28,33.9,18.87,0.213,0.3,0.27,0.5700000000000001,0.057,663586
SI,Sinker,FB,253,17.94,59,54,11,18.64,4,6.78,118,22,18.64,8.7,58,22.92,31.62,28.71,12.15,19.3,0.352,0.39,0.611,1.001,0.259,663586
SL,Slider,BR,234,16.6,57,56,20,35.09,1,1.75,119,49,41.18,20.94,36,15.38,36.32,31.4,16.63,25.64,0.179,0.193,0.214,0.407,0.035,663586
ST,Sweeper,BR,154,10.92,48,47,15,31.25,1,2.08,92,27,29.35,17.53,14,9.09,26.62,41.86,14.07,22.73,0.319,0.333,0.532,0.865,0.213,663586
FC,Cutter,FB,82,5.82,21,20,6,28.57,1,4.76,46,13,28.26,15.85,10,12.2,28.05,33.33,3.41,37.5,0.3,0.333,0.7,1.033,0.3999999999999999,663586
CU,Curveball,BR,64,4.54,20,17,6,30.0,3,15.0,31,10,32.26,15.62,9,14.06,29.69,32.43,5.54,23.08,0.235,0.35,0.235,0.585,0.0,663586
CH,Changeup,OS,60,4.26,17,15,6,35.29,2,11.76,33,12,36.36,20.0,1,1.67,21.67,36.59,6.18,20.69,0.267,0.353,0.467,0.8200000000000001,0.2,663586
FS,Split-Finger,OS,33,2.34,13,13,7,53.85,0,0.0,19,7,36.84,21.21,3,9.09,30.3,28.57,4.48,33.33,0.308,0.308,0.846,1.154,0.538,663586
KC,Knuckle Curve,BR,22,1.56,7,7,4,57.14,0,0.0,11,4,36.36,18.18,3,13.64,31.82,33.33,2.35,36.36,0.143,0.143,0.571,0.714,0.4279999999999999,663586
SV,Slurve,BR,7,0.5,2,2,1,50.0,0,0.0,5,1,20.0,14.29,1,14.29,28.57,66.67,0.85,25.0,0.5,0.5,2.0,2.5,1.5,663586
,,,6,0.43,1,0,0,0.0,1,100.0,0,0,,0.0,0,0.0,0.0,,0.21,0.0,,1.0,,,,663586
FO,Forkball,OS,3,0.21,1,0,0,0.0,0,0.0,2,0,0.0,0.0,0,0.0,0.0,50.0,0.21,0.0,,1.0,,,,663586
FF,4-Seam Fastball,FB,95,32.65,20,16,5,25.0,2,10.0,42,8,19.05,8.42,17,17.89,26.32,18.18,36.89,13.16,0.25,0.368,0.312,0.6799999999999999,0.062,663604
SL,Slider,BR,61,20.96,18,17,7,38.89,1,5.56,35,13,37.14,21.31,9,14.75,36.07,39.29,26.21,25.93,0.235,0.278,0.235,0.513,0.0,663604
SI,Sinker,FB,56,19.24,15,14,2,13.33,1,6.67,30,1,3.33,1.79,14,25.0,26.79,33.33,9.71,20.0,0.357,0.4,0.357,0.757,0.0,663604
ST,Sweeper,BR,23,7.9,10,9,3,30.0,0,0.0,13,5,38.46,21.74,1,4.35,26.09,27.27,8.74,33.33,0.111,0.1,0.111,0.211,0.0,663604
FC,Cutter,FB,17,5.84,3,3,0,0.0,0,0.0,8,1,12.5,5.88,2,11.76,17.65,0.0,2.91,0.0,0.667,0.667,1.0,1.667,0.3329999999999999,663604
CH,Changeup,OS,12,4.12,3,2,0,0.0,0,0.0,11,4,36.36,33.33,0,0.0,33.33,100.0,2.91,0.0,0.0,0.0,0.0,0.0,0.0,663604
FS,Split-Finger,OS,11,3.78,1,1,0,0.0,0,0.0,7,2,28.57,18.18,0,0.0,18.18,50.0,7.77,0.0,0.0,0.0,0.0,0.0,0.0,663604
CU,Curveball,BR,8,2.75,1,1,0,0.0,0,0.0,2,0,0.0,0.0,4,50.0,50.0,33.33,2.91,0.0,1.0,1.0,1.0,2.0,0.0,663604
KC,Knuckle Curve,BR,4,1.37,1,1,1,100.0,0,0.0,3,2,66.67,50.0,0,0.0,50.0,66.67,1.94,50.0,0.0,0.0,0.0,0.0,0.0,663604
CS,Slow Curve,BR,3,1.03,2,2,0,0.0,0,0.0,3,1,33.33,33.33,0,0.0,33.33,100.0,0.0,,0.0,0.0,0.0,0.0,0.0,663604
FA,Other,,1,0.34,1,1,0,0.0,0,0.0,1,0,0.0,0.0,0,0.0,0.0,,0.0,,0.0,0.0,0.0,0.0,0.0,663604
ST,Sweeper,BR,7,29.17,1,1,1,100.0,0,0.0,3,1,33.33,14.29,1,14.29,28.57,40.0,62.5,20.0,0.0,0.0,0.0,0.0,0.0,663609
SI,Sinker,FB,7,29.17,2,2,0,0.0,0,0.0,4,0,0.0,0.0,0,0.0,0.0,25.0,25.0,0.0,0.0,0.0,0.0,0.0,0.0,663609
FF,4-Seam Fastball,FB,3,12.5,1,1,0,0.0,0,0.0,2,1,50.0,33.33,0,0.0,33.33,50.0,12.5,0.0,0.0,0.0,0.0,0.0,0.0,663609
FC,Cutter,FB,3,12.5,1,1,0,0.0,0,0.0,2,0,0.0,0.0,1,33.33,33.33,100.0,0.0,,0.0,0.0,0.0,0.0,0.0,663609
SL,Slider,BR,3,12.5,1,1,0,0.0,0,0.0,2,1,50.0,33.33,1,33.33,66.67,100.0,0.0,,0.0,0.0,0.0,0.0,0.0,663609
KC,Knuckle Curve,BR,1,4.17,1,1,0,0.0,0,0.0,1,0,0.0,0.0,0,0.0,0.0,,0.0,,0.0,0.0,0.0,0.0,0.0,663609
FF,4-Seam Fastball,FB,566,32.36,168,153,21,12.5,14,8.33,268,43,16.04,7.6,98,17.31,24.91,16.67,28.66,15.56,0.255,0.315,0.438,0.753,0.183,663616
CH,Changeup,OS,268,15.32,62,53,21,33.87,5,8.06,111,50,45.05,18.66,29,10.82,29.48,29.73,16.14,27.63,0.17,0.246,0.396,0.642,0.226,663616
SI,Sinker,FB,198,11.32,62,53,10,16.13,8,12.9,82,9,10.98,4.55,49,24.75,29.29,16.67,9.98,21.28,0.321,0.403,0.396,0.799,0.075,663616
SL,Slider,BR,196,11.21,39,32,12,30.77,7,17.95,89,39,43.82,19.9,38,19.39,39.29,38.94,12.74,20.0,0.281,0.41,0.375,0.7849999999999999,0.0939999999999999,663616
CU,Curveball,BR,156,8.92,27,25,10,37.04,2,7.41,58,25,43.1,16.03,33,21.15,37.18,28.74,9.34,22.73,0.32,0.37,0.64,1.01,0.32,663616
FC,Cutter,FB,125,7.15,35,28,2,5.71,5,14.29,52,7,13.46,5.6,22,17.6,23.2,12.07,6.58,6.45,0.25,0.4,0.357,0.757,0.1069999999999999,663616
FS,Split-Finger,OS,110,6.29,28,28,7,25.0,0,0.0,60,26,43.33,23.64,10,9.09,32.73,38.1,6.58,22.58,0.286,0.286,0.536,0.8220000000000001,0.25,663616
ST,Sweeper,BR,83,4.75,18,17,6,33.33,1,5.56,38,11,28.95,13.25,18,21.69,34.94,44.0,6.58,19.35,0.235,0.278,0.471,0.749,0.236,663616
KC,Knuckle Curve,BR,39,2.23,7,7,3,42.86,0,0.0,20,9,45.0,23.08,7,17.95,41.03,51.72,2.97,21.43,0.0,0.0,0.0,0.0,0.0,663616
,,,6,0.34,2,0,0,0.0,2,100.0,0,0,,0.0,0,0.0,0.0,,0.21,0.0,,1.0,,,,663616
SV,Slurve,BR,2,0.11,1,1,0,0.0,0,0.0,2,1,50.0,50.0,0,0.0,50.0,100.0,0.21,0.0,0.0,0.0,0.0,0.0,0.0,663616
FF,4-Seam Fastball,FB,314,31.06,70,63,24,34.29,5,7.14,173,56,32.37,17.83,41,13.06,30.89,35.42,32.41,22.86,0.27,0.314,0.476,0.79,0.2059999999999999,663624
SI,Sinker,FB,189,18.69,49,48,7,14.29,0,0.0,99,12,12.12,6.35,45,23.81,30.16,41.11,9.57,22.58,0.292,0.306,0.438,0.744,0.146,663624
SL,Slider,BR,165,16.32,53,50,10,18.87,2,3.77,102,35,34.31,21.21,14,8.48,29.7,36.36,14.2,21.74,0.26,0.283,0.44,0.723,0.18,663624
ST,Sweeper,BR,148,14.64,35,31,14,40.0,3,8.57,82,38,46.34,25.68,11,7.43,33.11,40.22,18.52,23.33,0.226,0.286,0.29,0.576,0.0639999999999999,663624
FC,Cutter,FB,61,6.03,13,13,4,30.77,0,0.0,34,13,38.24,21.31,8,13.11,34.43,36.67,3.09,40.0,0.077,0.077,0.077,0.154,0.0,663624
CH,Changeup,OS,42,4.15,19,16,7,36.84,1,5.26,29,12,41.38,28.57,2,4.76,33.33,47.62,7.41,29.17,0.125,0.263,0.188,0.451,0.063,663624
FS,Split-Finger,OS,31,3.07,11,11,4,36.36,0,0.0,24,8,33.33,25.81,0,0.0,25.81,53.33,5.56,22.22,0.273,0.273,0.364,0.637,0.0909999999999999,663624
CU,Curveball,BR,31,3.07,7,7,3,42.86,0,0.0,15,4,26.67,12.9,2,6.45,19.35,33.33,4.63,20.0,0.143,0.143,0.143,0.286,0.0,663624
KC,Knuckle Curve,BR,18,1.78,6,6,1,16.67,0,0.0,10,1,10.0,5.56,0,0.0,5.56,25.0,3.7,8.33,0.333,0.333,0.333,0.666,0.0,663624
SV,Slurve,BR,9,0.89,3,3,1,33.33,0,0.0,8,4,50.0,44.44,1,11.11,55.56,100.0,0.93,33.33,0.333,0.333,1.333,1.666,1.0,663624
,,,2,0.2,0,0,0,,0,,0,0,,0.0,0,0.0,0.0,,0.0,,,,,,,663624
EP,Eephus,,1,0.1,1,0,0,0.0,0,0.0,1,0,0.0,0.0,0,0.0,0.0,,0.0,,,0.0,,,,663624
FF,4-Seam Fastball,FB,503,30.03,107,96,21,19.63,11,10.28,237,41,17.3,8.15,89,17.69,25.84,26.36,33.47,13.21,0.24,0.318,0.375,0.6930000000000001,0.135,663647
SI,Sinker,FB,354,21.13,111,105,11,9.91,4,3.6,148,5,3.38,1.41,106,29.94,31.36,26.09,10.53,22.0,0.229,0.27,0.257,0.527,0.0279999999999999,663647
SL,Slider,BR,294,17.55,81,73,16,19.75,6,7.41,126,42,33.33,14.29,45,15.31,29.59,24.1,19.58,16.13,0.192,0.272,0.342,0.6140000000000001,0.15,663647
ST,Sweeper,BR,209,12.48,67,65,21,31.34,2,2.99,92,34,36.96,16.27,44,21.05,37.32,35.09,16.0,27.63,0.215,0.239,0.215,0.4539999999999999,0.0,663647
FC,Cutter,FB,131,7.82,30,27,4,13.33,3,10.0,54,9,16.67,6.87,25,19.08,25.95,15.25,5.47,15.38,0.333,0.4,0.333,0.7330000000000001,0.0,663647
CU,Curveball,BR,74,4.42,22,21,5,22.73,1,4.55,27,9,33.33,12.16,15,20.27,32.43,27.27,6.11,17.24,0.381,0.409,0.571,0.98,0.1899999999999999,663647
KC,Knuckle Curve,BR,36,2.15,9,9,5,55.56,0,0.0,18,6,33.33,16.67,11,30.56,47.22,50.0,2.74,38.46,0.222,0.222,0.222,0.444,0.0,663647
CH,Changeup,OS,32,1.91,9,8,1,11.11,1,11.11,14,2,14.29,6.25,4,12.5,18.75,7.14,2.53,8.33,0.5,0.556,0.5,1.056,0.0,663647
FS,Split-Finger,OS,27,1.61,6,4,1,16.67,1,16.67,9,2,22.22,7.41,2,7.41,14.81,23.81,2.74,7.69,0.25,0.4,0.5,0.9,0.25,663647
,,,5,0.3,2,2,0,0.0,0,0.0,3,0,0.0,0.0,1,20.0,20.0,,0.21,0.0,0.5,0.5,0.5,1.0,0.0,663647
SV,Slurve,BR,4,0.24,1,1,1,100.0,0,0.0,1,1,100.0,25.0,1,25.0,50.0,33.33,0.42,50.0,0.0,0.0,0.0,0.0,0.0,663647
EP,Eephus,,3,0.18,1,1,0,0.0,0,0.0,1,0,0.0,0.0,1,33.33,33.33,33.33,0.0,,0.0,0.0,0.0,0.0,0.0,663647
FO,Forkball,OS,3,0.18,3,2,0,0.0,0,0.0,2,0,0.0,0.0,0,0.0,0.0,0.0,0.21,0.0,0.0,0.333,0.0,0.333,0.0,663647
FF,4-Seam Fastball,FB,488,30.93,153,119,13,8.5,32,20.92,216,22,10.19,4.51,81,16.6,21.11,14.42,29.87,11.02,0.244,0.404,0.462,0.8660000000000001,0.218,663656
CH,Changeup,OS,245,15.53,48,40,9,18.75,8,16.67,95,33,34.74,13.47,12,4.9,18.37,20.71,16.46,13.85,0.25,0.375,0.425,0.8,0.175,663656
SL,Slider,BR,162,10.27,40,37,11,27.5,3,7.5,80,26,32.5,16.05,18,11.11,27.16,13.51,12.41,22.45,0.216,0.275,0.351,0.626,0.1349999999999999,663656
FC,Cutter,FB,155,9.82,42,35,9,21.43,6,14.29,71,16,22.54,10.32,27,17.42,27.74,21.88,10.13,22.5,0.229,0.357,0.4,0.757,0.171,663656
CU,Curveball,BR,144,9.13,25,23,4,16.0,1,4.0,56,12,21.43,8.33,27,18.75,27.08,22.78,9.11,11.11,0.261,0.28,0.391,0.671,0.13,663656
SI,Sinker,FB,136,8.62,38,34,0,0.0,3,7.89,69,6,8.7,4.41,16,11.76,16.18,10.17,6.58,0.0,0.382,0.421,0.618,1.039,0.236,663656
ST,Sweeper,BR,83,5.26,19,16,3,15.79,2,10.53,36,5,13.89,6.02,14,16.87,22.89,18.92,4.81,15.79,0.375,0.421,0.562,0.983,0.187,663656
FS,Split-Finger,OS,72,4.56,17,16,5,29.41,1,5.88,35,10,28.57,13.89,2,2.78,16.67,14.63,6.08,20.83,0.25,0.294,0.375,0.669,0.125,663656
KC,Knuckle Curve,BR,51,3.23,12,10,3,25.0,1,8.33,26,11,42.31,21.57,3,5.88,27.45,35.48,3.54,21.43,0.3,0.417,0.7,1.117,0.3999999999999999,663656
,,,29,1.84,7,0,0,0.0,7,100.0,0,0,,0.0,0,0.0,0.0,,0.51,0.0,,1.0,,,,663656
FO,Forkball,OS,9,0.57,1,1,0,0.0,0,0.0,3,1,33.33,11.11,0,0.0,11.11,0.0,0.51,0.0,0.0,0.0,0.0,0.0,0.0,663656
FA,Other,,2,0.13,1,1,0,0.0,0,0.0,1,0,0.0,0.0,0,0.0,0.0,0.0,0.0,,1.0,1.0,4.0,5.0,3.0,663656
SV,Slurve,BR,2,0.13,1,1,0,0.0,0,0.0,2,1,50.0,50.0,0,0.0,50.0,100.0,0.0,,0.0,0.0,0.0,0.0,0.0,663656
FF,4-Seam Fastball,FB,9,22.5,2,1,1,50.0,1,50.0,3,2,66.67,22.22,2,22.22,44.44,16.67,25.0,33.33,0.0,0.5,0.0,0.5,0.0,663662
SL,Slider,BR,7,17.5,1,1,0,0.0,0,0.0,4,0,0.0,0.0,1,14.29,14.29,0.0,16.67,0.0,1.0,1.0,1.0,2.0,0.0,663662
ST,Sweeper,BR,7,17.5,1,1,1,100.0,0,0.0,4,1,25.0,14.29,1,14.29,28.57,25.0,33.33,25.0,0.0,0.0,0.0,0.0,0.0,663662
CU,Curveball,BR,4,10.0,1,1,0,0.0,0,0.0,1,0,0.0,0.0,0,0.0,0.0,0.0,0.0,,1.0,1.0,1.0,2.0,0.0,663662
FA,Other,,3,7.5,1,1,0,0.0,0,0.0,1,0,0.0,0.0,1,33.33,33.33,0.0,0.0,,0.0,0.0,0.0,0.0,0.0,663662
SI,Sinker,FB,3,7.5,1,1,0,0.0,0,0.0,2,0,0.0,0.0,1,33.33,33.33,,8.33,0.0,0.0,0.0,0.0,0.0,0.0,663662
FC,Cutter,FB,3,7.5,1,1,0,0.0,0,0.0,2,0,0.0,0.0,0,0.0,0.0,50.0,8.33,0.0,0.0,0.0,0.0,0.0,0.0,663662
EP,Eephus,,2,5.0,1,1,0,0.0,0,0.0,1,0,0.0,0.0,0,0.0,0.0,0.0,0.0,,0.0,0.0,0.0,0.0,0.0,663662
FS,Split-Finger,OS,2,5.0,1,1,0,0.0,0,0.0,2,0,0.0,0.0,0,0.0,0.0,,8.33,0.0,0.0,0.0,0.0,0.0,0.0,663662
FF,4-Seam Fastball,FB,586,31.22,154,134,21,13.64,17,11.04,256,35,13.67,5.97,140,23.89,29.86,17.41,31.46,11.35,0.209,0.312,0.321,0.633,0.112,663697
SI,Sinker,FB,424,22.59,116,97,13,11.21,16,13.79,167,22,13.17,5.19,105,24.76,29.95,13.71,13.95,15.85,0.216,0.345,0.247,0.592,0.031,663697
SL,Slider,BR,292,15.56,58,52,10,17.24,5,8.62,120,31,25.83,10.62,68,23.29,33.9,26.67,15.31,11.11,0.288,0.345,0.5,0.845,0.212,663697
FC,Cutter,FB,168,8.95,40,37,8,20.0,2,5.0,63,13,20.63,7.74,39,23.21,30.95,18.52,7.48,18.18,0.243,0.3,0.324,0.624,0.081,663697
ST,Sweeper,BR,152,8.1,36,35,14,38.89,1,2.78,59,20,33.9,13.16,24,15.79,28.95,19.28,11.22,21.21,0.257,0.278,0.543,0.8210000000000001,0.286,663697
CH,Changeup,OS,81,4.32,14,14,8,57.14,0,0.0,38,11,28.95,13.58,8,9.88,23.46,37.04,7.48,18.18,0.143,0.143,0.214,0.357,0.071,663697
CU,Curveball,BR,60,3.2,13,13,2,15.38,0,0.0,21,4,19.05,6.67,8,13.33,20.0,16.67,4.59,7.41,0.231,0.231,0.308,0.539,0.0769999999999999,663697
FS,Split-Finger,OS,55,2.93,11,8,5,45.45,1,9.09,24,9,37.5,16.36,6,10.91,27.27,28.12,4.93,17.24,0.125,0.364,0.25,0.614,0.125,663697
KC,Knuckle Curve,BR,35,1.86,7,7,1,14.29,0,0.0,9,2,22.22,5.71,8,22.86,28.57,5.26,2.55,6.67,0.286,0.286,0.571,0.857,0.285,663697
EP,Eephus,,9,0.48,3,2,0,0.0,1,33.33,3,0,0.0,0.0,1,11.11,11.11,28.57,0.17,0.0,1.0,1.0,1.0,2.0,0.0,663697
SV,Slurve,BR,8,0.43,2,2,1,50.0,0,0.0,2,1,50.0,12.5,2,25.0,37.5,20.0,0.51,33.33,0.5,0.5,0.5,1.0,0.0,663697
FA,Other,,6,0.32,1,1,0,0.0,0,0.0,3,1,33.33,16.67,0,0.0,16.67,25.0,0.17,0.0,0.0,0.0,0.0,0.0,0.0,663697
,,,1,0.05,1,0,0,0.0,1,100.0,0,0,,0.0,0,0.0,0.0,,0.17,0.0,,1.0,,,,663697
FF,4-Seam Fastball,FB,258,25.65,70,56,19,27.14,12,17.14,102,21,20.59,8.14,51,19.77,27.91,14.05,27.66,24.36,0.25,0.391,0.304,0.6950000000000001,0.0539999999999999,663698
SI,Sinker,FB,239,23.76,56,47,12,21.43,6,10.71,79,14,17.72,5.86,62,25.94,31.8,16.52,14.54,29.27,0.298,0.411,0.383,0.794,0.085,663698
SL,Slider,BR,183,18.19,45,44,12,26.67,0,0.0,91,33,36.26,18.03,22,12.02,30.05,36.79,20.57,20.69,0.205,0.205,0.295,0.5,0.09,663698
ST,Sweeper,BR,118,11.73,35,32,10,28.57,1,2.86,52,15,28.85,12.71,24,20.34,33.05,34.33,13.83,25.64,0.125,0.2,0.156,0.356,0.031,663698
FC,Cutter,FB,92,9.15,22,17,4,18.18,5,22.73,34,10,29.41,10.87,14,15.22,26.09,14.58,6.38,22.22,0.294,0.455,0.294,0.749,0.0,663698
CH,Changeup,OS,36,3.58,5,4,2,40.0,1,20.0,17,5,29.41,13.89,2,5.56,19.44,31.82,4.26,16.67,0.0,0.2,0.0,0.2,0.0,663698
CU,Curveball,BR,35,3.48,7,5,3,42.86,1,14.29,9,3,33.33,8.57,10,28.57,37.14,23.81,4.61,23.08,0.2,0.429,0.4,0.829,0.2,663698
FS,Split-Finger,OS,18,1.79,3,3,1,33.33,0,0.0,8,3,37.5,16.67,0,0.0,16.67,33.33,3.55,10.0,0.333,0.333,0.333,0.666,0.0,663698
KC,Knuckle Curve,BR,15,1.49,4,4,3,75.0,0,0.0,4,2,50.0,13.33,4,26.67,40.0,22.22,2.84,37.5,0.25,0.25,0.5,0.75,0.25,663698
FO,Forkball,OS,7,0.7,1,1,1,100.0,0,0.0,3,2,66.67,28.57,0,0.0,28.57,33.33,1.77,20.0,0.0,0.0,0.0,0.0,0.0,663698
SV,Slurve,BR,3,0.3,0,0,0,,0,,1,1,100.0,33.33,0,0.0,33.33,0.0,0.0,,,,,,,663698
,,,2,0.2,0,0,0,,0,,0,0,,0.0,0,0.0,0.0,,0.0,,,,,,,663698
FF,4-Seam Fastball,FB,711,34.5,183,154,49,26.78,27,14.75,376,90,23.94,12.66,89,12.52,25.18,26.23,37.42,21.4,0.208,0.324,0.519,0.843,0.311,663728
CH,Changeup,OS,310,15.04,87,80,16,18.39,5,5.75,162,49,30.25,15.81,21,6.77,22.58,42.22,15.03,17.39,0.25,0.287,0.412,0.699,0.1619999999999999,663728
SL,Slider,BR,245,11.89,48,43,19,39.58,4,8.33,141,52,36.88,21.22,19,7.76,28.98,37.12,13.56,22.89,0.14,0.229,0.465,0.6940000000000001,0.325,663728
FC,Cutter,FB,158,7.67,40,32,8,20.0,7,17.5,79,18,22.78,11.39,15,9.49,20.89,16.22,4.41,29.63,0.219,0.375,0.594,0.969,0.375,663728
CU,Curveball,BR,143,6.94,25,21,11,44.0,2,8.0,54,31,57.41,21.68,19,13.29,34.97,28.72,5.88,30.56,0.238,0.36,0.714,1.0739999999999998,0.476,663728
SI,Sinker,FB,142,6.89,45,38,11,24.44,7,15.56,71,15,21.13,10.56,21,14.79,25.35,21.31,7.19,25.0,0.395,0.489,1.0,1.489,0.605,663728
ST,Sweeper,BR,125,6.07,19,13,7,36.84,5,26.32,49,21,42.86,16.8,14,11.2,28.0,24.32,7.03,16.28,0.231,0.474,0.462,0.936,0.231,663728
FS,Split-Finger,OS,120,5.82,30,25,5,16.67,5,16.67,56,14,25.0,11.67,6,5.0,16.67,28.4,6.86,11.9,0.28,0.4,0.56,0.96,0.28,663728
,,,58,2.81,16,0,0,0.0,16,100.0,0,0,,0.0,0,0.0,0.0,,0.0,,,1.0,,,,663728
KC,Knuckle Curve,BR,33,1.6,5,4,0,0.0,0,0.0,16,7,43.75,21.21,1,3.03,24.24,30.43,1.96,0.0,0.0,0.2,0.0,0.2,0.0,663728
SV,Slurve,BR,8,0.39,1,0,0,0.0,1,100.0,1,0,0.0,0.0,2,25.0,25.0,0.0,0.16,0.0,,1.0,,,,663728
EP,Eephus,,4,0.19,0,0,0,,0,,1,0,0.0,0.0,1,25.0,25.0,33.33,0.16,0.0,,,,,,663728
FO,Forkball,OS,3,0.15,1,1,1,100.0,0,0.0,2,2,100.0,66.67,1,33.33,100.0,100.0,0.16,100.0,0.0,0.0,0.0,0.0,0.0,663728
FA,Other,,1,0.05,1,0,0,0.0,0,0.0,0,0,,0.0,0,0.0,0.0,0.0,0.16,0.0,,1.0,,,,663728
FF,4-Seam Fastball,FB,21,40.38,6,5,3,50.0,1,16.67,7,1,14.29,4.76,6,28.57,33.33,22.22,35.71,60.0,0.0,0.167,0.0,0.167,0.0,663731
SI,Sinker,FB,11,21.15,1,1,0,0.0,0,0.0,4,1,25.0,9.09,2,18.18,27.27,25.0,14.29,0.0,1.0,1.0,1.0,2.0,0.0,663731
SL,Slider,BR,7,13.46,2,2,0,0.0,0,0.0,4,1,25.0,14.29,1,14.29,28.57,66.67,14.29,0.0,0.0,0.0,0.0,0.0,0.0,663731
CU,Curveball,BR,4,7.69,2,2,0,0.0,0,0.0,3,1,33.33,25.0,0,0.0,25.0,50.0,14.29,0.0,0.0,0.0,0.0,0.0,0.0,663731
FC,Cutter,FB,4,7.69,2,2,0,0.0,0,0.0,3,0,0.0,0.0,0,0.0,0.0,0.0,7.14,0.0,0.0,0.0,0.0,0.0,0.0,663731
ST,Sweeper,BR,4,7.69,1,1,0,0.0,0,0.0,3,2,66.67,50.0,0,0.0,50.0,66.67,7.14,0.0,0.0,0.0,0.0,0.0,0.0,663731
CH,Changeup,OS,1,1.92,0,0,0,,0,,0,0,,0.0,0,0.0,0.0,0.0,7.14,0.0,,,,,,663731
FF,4-Seam Fastball,FB,139,30.48,33,28,3,9.09,4,12.12,70,6,8.57,4.32,27,19.42,23.74,33.33,25.0,9.09,0.25,0.344,0.429,0.7729999999999999,0.179,663743
SI,Sinker,FB,89,19.52,27,24,8,29.63,0,0.0,39,7,17.95,7.87,31,34.83,42.7,41.46,17.42,34.78,0.25,0.308,0.375,0.683,0.125,663743
SL,Slider,BR,86,18.86,23,21,5,21.74,0,0.0,44,17,38.64,19.77,10,11.63,31.4,30.43,20.45,18.52,0.286,0.318,0.381,0.6990000000000001,0.095,663743
ST,Sweeper,BR,49,10.75,17,14,6,35.29,2,11.76,18,6,33.33,12.24,9,18.37,30.61,27.59,18.94,24.0,0.143,0.294,0.357,0.651,0.214,663743
FC,Cutter,FB,45,9.87,12,12,0,0.0,0,0.0,22,3,13.64,6.67,6,13.33,20.0,9.52,6.82,0.0,0.333,0.333,0.583,0.916,0.2499999999999999,663743
FS,Split-Finger,OS,20,4.39,6,5,1,16.67,0,0.0,12,4,33.33,20.0,1,5.0,25.0,36.36,4.55,16.67,0.2,0.2,0.4,0.6000000000000001,0.2,663743
CU,Curveball,BR,17,3.73,5,4,1,20.0,0,0.0,6,2,33.33,11.76,3,17.65,29.41,0.0,3.03,25.0,0.25,0.4,0.25,0.65,0.0,663743
CH,Changeup,OS,5,1.1,3,2,1,33.33,1,33.33,2,1,50.0,20.0,1,20.0,40.0,50.0,1.52,50.0,0.0,0.333,0.0,0.333,0.0,663743
SV,Slurve,BR,4,0.88,2,2,0,0.0,0,0.0,2,0,0.0,0.0,1,25.0,25.0,50.0,1.52,0.0,0.0,0.0,0.0,0.0,0.0,663743
KC,Knuckle Curve,BR,1,0.22,0,0,0,,0,,0,0,,0.0,0,0.0,0.0,,0.0,,,,,,,663743
FO,Forkball,OS,1,0.22,1,1,1,100.0,0,0.0,1,1,100.0,100.0,0,0.0,100.0,100.0,0.76,100.0,0.0,0.0,0.0,0.0,0.0,663743
FF,4-Seam Fastball,FB,634,36.17,157,125,28,17.83,30,19.11,249,47,18.88,7.41,125,19.72,27.13,5.95,30.12,18.3,0.264,0.408,0.504,0.912,0.24,663757
CH,Changeup,OS,237,13.52,64,60,16,25.0,4,6.25,106,31,29.25,13.08,25,10.55,23.63,30.07,15.55,20.25,0.217,0.266,0.517,0.783,0.3,663757
SI,Sinker,FB,226,12.89,66,56,8,12.12,10,15.15,101,12,11.88,5.31,46,20.35,25.66,13.19,10.83,14.55,0.268,0.379,0.339,0.718,0.071,663757
SL,Slider,BR,217,12.38,43,36,19,44.19,6,13.95,73,19,26.03,8.76,41,18.89,27.65,17.69,16.34,22.89,0.139,0.279,0.333,0.6120000000000001,0.194,663757
CU,Curveball,BR,144,8.21,31,26,7,22.58,5,16.13,42,9,21.43,6.25,37,25.69,31.94,16.88,9.45,14.58,0.192,0.323,0.462,0.785,0.27,663757
FS,Split-Finger,OS,107,6.1,25,23,5,20.0,2,8.0,48,13,27.08,12.15,13,12.15,24.3,31.34,8.07,12.2,0.261,0.32,0.522,0.8420000000000001,0.261,663757
FC,Cutter,FB,97,5.53,24,23,4,16.67,1,4.17,43,11,25.58,11.34,21,21.65,32.99,14.71,3.15,25.0,0.478,0.5,1.174,1.674,0.696,663757
ST,Sweeper,BR,64,3.65,12,11,7,58.33,1,8.33,14,4,28.57,6.25,22,34.38,40.62,18.75,4.33,31.82,0.364,0.417,0.636,1.053,0.272,663757
KC,Knuckle Curve,BR,18,1.03,3,2,2,66.67,1,33.33,4,3,75.0,16.67,5,27.78,44.44,27.27,1.38,28.57,0.0,0.333,0.0,0.333,0.0,663757
SV,Slurve,BR,7,0.4,1,0,0,0.0,1,100.0,0,0,,0.0,2,28.57,28.57,0.0,0.59,0.0,,1.0,,,,663757
CS,Slow Curve,BR,1,0.06,0,0,0,,0,,0,0,,0.0,1,100.0,100.0,,0.0,,,,,,,663757
,,,1,0.06,0,0,0,,0,,0,0,,0.0,0,0.0,0.0,,0.2,0.0,,,,,,663757
CU,Curveball,BR,3,75.0,1,1,1,100.0,0,0.0,1,1,100.0,33.33,2,66.67,100.0,100.0,100.0,100.0,0.0,0.0,0.0,0.0,0.0,663796
SL,Slider,BR,1,25.0,1,1,0,0.0,0,0.0,1,0,0.0,0.0,0,0.0,0.0,,0.0,,0.0,0.0,0.0,0.0,0.0,663796
FF,4-Seam Fastball,FB,92,38.82,22,17,5,22.73,3,13.64,45,8,17.78,8.7,16,17.39,26.09,12.9,40.0,17.86,0.176,0.286,0.235,0.5209999999999999,0.059,663837
SI,Sinker,FB,45,18.99,12,11,2,16.67,1,8.33,15,1,6.67,2.22,15,33.33,35.56,20.0,10.0,28.57,0.182,0.25,0.182,0.432,0.0,663837
SL,Slider,BR,24,10.13,5,4,3,60.0,0,0.0,12,3,25.0,12.5,2,8.33,20.83,28.57,11.43,37.5,0.0,0.2,0.0,0.2,0.0,663837
ST,Sweeper,BR,24,10.13,7,7,1,14.29,0,0.0,11,4,36.36,16.67,2,8.33,25.0,35.29,14.29,10.0,0.429,0.429,0.429,0.858,0.0,663837
FC,Cutter,FB,22,9.28,6,5,0,0.0,0,0.0,13,3,23.08,13.64,1,4.55,18.18,33.33,5.71,0.0,0.2,0.333,0.2,0.533,0.0,663837
FS,Split-Finger,OS,11,4.64,2,2,1,50.0,0,0.0,5,2,40.0,18.18,1,9.09,27.27,28.57,4.29,33.33,0.5,0.5,1.0,1.5,0.5,663837
CH,Changeup,OS,9,3.8,2,2,0,0.0,0,0.0,5,1,20.0,11.11,1,11.11,22.22,33.33,8.57,0.0,0.0,0.0,0.0,0.0,0.0,663837
CU,Curveball,BR,9,3.8,2,2,1,50.0,0,0.0,2,0,0.0,0.0,3,33.33,33.33,20.0,5.71,25.0,0.0,0.0,0.0,0.0,0.0,663837
KC,Knuckle Curve,BR,1,0.42,0,0,0,,0,,1,0,0.0,0.0,0,0.0,0.0,100.0,0.0,,,,,,,663837
FF,4-Seam Fastball,FB,194,27.06,38,35,14,36.84,2,5.26,109,30,27.52,15.46,26,13.4,28.87,26.67,30.92,21.88,0.171,0.237,0.286,0.5229999999999999,0.1149999999999999,663853
SI,Sinker,FB,153,21.34,45,41,6,13.33,2,4.44,80,15,18.75,9.8,33,21.57,31.37,38.1,9.18,31.58,0.293,0.333,0.341,0.674,0.048,663853
SL,Slider,BR,137,19.11,42,39,6,14.29,3,7.14,75,30,40.0,21.9,15,10.95,32.85,38.27,17.87,16.22,0.359,0.405,0.513,0.918,0.154,663853
ST,Sweeper,BR,78,10.88,22,20,7,31.82,0,0.0,41,13,31.71,16.67,7,8.97,25.64,38.78,17.87,18.92,0.3,0.318,0.45,0.768,0.15,663853
FC,Cutter,FB,53,7.39,16,16,4,25.0,0,0.0,37,12,32.43,22.64,2,3.77,26.42,50.0,7.25,26.67,0.125,0.125,0.188,0.313,0.063,663853
CH,Changeup,OS,40,5.58,14,13,3,21.43,0,0.0,20,4,20.0,10.0,5,12.5,22.5,31.82,6.28,23.08,0.538,0.5,0.692,1.192,0.1539999999999999,663853
FS,Split-Finger,OS,28,3.91,10,10,5,50.0,0,0.0,15,7,46.67,25.0,4,14.29,39.29,47.06,6.28,38.46,0.1,0.1,0.1,0.2,0.0,663853
CU,Curveball,BR,26,3.63,7,7,3,42.86,0,0.0,13,5,38.46,19.23,5,19.23,38.46,38.46,3.38,42.86,0.429,0.429,0.429,0.858,0.0,663853
EP,Eephus,,4,0.56,2,2,0,0.0,0,0.0,2,0,0.0,0.0,1,25.0,25.0,33.33,0.0,,0.5,0.5,2.0,2.5,1.5,663853
SV,Slurve,BR,3,0.42,2,2,1,50.0,0,0.0,2,1,50.0,33.33,0,0.0,33.33,50.0,0.97,50.0,0.5,0.5,0.5,1.0,0.0,663853
KC,Knuckle Curve,BR,1,0.14,0,0,0,,0,,0,0,,0.0,0,0.0,0.0,0.0,0.0,,,,,,,663853
FF,4-Seam Fastball,FB,297,27.84,77,67,32,41.56,7,9.09,139,43,30.94,14.48,66,22.22,36.7,30.3,26.22,35.16,0.134,0.221,0.313,0.534,0.179,663886
SI,Sinker,FB,245,22.96,72,62,17,23.61,9,12.5,113,15,13.27,6.12,59,24.08,30.2,31.07,16.71,29.31,0.355,0.431,0.613,1.044,0.258,663886
SL,Slider,BR,198,18.56,44,42,20,45.45,2,4.55,80,37,46.25,18.69,41,20.71,39.39,24.24,20.75,27.78,0.31,0.341,0.524,0.865,0.214,663886
ST,Sweeper,BR,126,11.81,28,26,9,32.14,1,3.57,49,17,34.69,13.49,19,15.08,28.57,18.67,14.12,18.37,0.154,0.179,0.192,0.371,0.038,663886
FC,Cutter,FB,73,6.84,12,11,2,16.67,1,8.33,33,8,24.24,10.96,16,21.92,32.88,34.21,4.03,14.29,0.091,0.167,0.091,0.258,0.0,663886
CU,Curveball,BR,34,3.19,8,8,5,62.5,0,0.0,16,8,50.0,23.53,4,11.76,35.29,21.05,3.75,38.46,0.0,0.0,0.0,0.0,0.0,663886
CH,Changeup,OS,31,2.91,9,9,8,88.89,0,0.0,14,9,64.29,29.03,4,12.9,41.94,30.0,6.05,38.1,0.111,0.111,0.111,0.222,0.0,663886
FS,Split-Finger,OS,27,2.53,8,5,4,50.0,3,37.5,9,6,66.67,22.22,2,7.41,29.63,25.0,5.19,22.22,0.0,0.375,0.0,0.375,0.0,663886
KC,Knuckle Curve,BR,18,1.69,4,4,3,75.0,0,0.0,5,2,40.0,11.11,6,33.33,44.44,12.5,2.02,42.86,0.25,0.25,1.0,1.25,0.75,663886
,,,8,0.75,2,0,0,0.0,2,100.0,2,0,0.0,0.0,1,12.5,12.5,,0.58,0.0,,1.0,,,,663886
SV,Slurve,BR,4,0.37,2,2,0,0.0,0,0.0,2,0,0.0,0.0,0,0.0,0.0,0.0,0.58,0.0,0.5,0.5,2.0,2.5,1.5,663886
FA,Other,,3,0.28,1,1,0,0.0,0,0.0,1,0,0.0,0.0,0,0.0,0.0,33.33,0.0,,1.0,1.0,2.0,3.0,1.0,663886
EP,Eephus,,3,0.28,1,1,0,0.0,0,0.0,2,0,0.0,0.0,0,0.0,0.0,50.0,0.0,,1.0,1.0,1.0,2.0,0.0,663886
SI,Sinker,FB,28,34.57,10,9,1,10.0,0,0.0,15,2,13.33,7.14,6,21.43,28.57,22.22,28.0,14.29,0.111,0.2,0.222,0.422,0.111,663897
FF,4-Seam Fastball,FB,15,18.52,6,4,0,0.0,1,16.67,9,1,11.11,6.67,3,20.0,26.67,25.0,16.0,0.0,0.25,0.333,0.25,0.583,0.0,663897
SL,Slider,BR,15,18.52,4,4,2,50.0,0,0.0,8,5,62.5,33.33,4,26.67,60.0,50.0,24.0,33.33,0.0,0.0,0.0,0.0,0.0,663897
ST,Sweeper,BR,12,14.81,2,2,2,100.0,0,0.0,3,1,33.33,8.33,2,16.67,25.0,12.5,16.0,50.0,0.0,0.0,0.0,0.0,0.0,663897
FC,Cutter,FB,8,9.88,2,2,0,0.0,0,0.0,3,0,0.0,0.0,1,12.5,12.5,0.0,8.0,0.0,0.0,0.0,0.0,0.0,0.0,663897
CH,Changeup,OS,3,3.7,1,1,1,100.0,0,0.0,1,0,0.0,0.0,1,33.33,33.33,0.0,8.0,50.0,0.0,0.0,0.0,0.0,0.0,663897
SI,Sinker,FB,105,27.06,35,32,5,14.29,2,5.71,45,6,13.33,5.71,29,27.62,33.33,13.51,16.0,25.0,0.219,0.286,0.375,0.661,0.156,663898
FF,4-Seam Fastball,FB,83,21.39,20,16,8,40.0,4,20.0,37,13,35.14,15.66,17,20.48,36.14,30.56,23.2,27.59,0.25,0.4,0.25,0.65,0.0,663898
SL,Slider,BR,57,14.69,14,14,6,42.86,0,0.0,31,19,61.29,33.33,8,14.04,47.37,37.93,14.4,33.33,0.214,0.214,0.286,0.5,0.0719999999999999,663898
ST,Sweeper,BR,55,14.18,12,11,10,83.33,0,0.0,24,15,62.5,27.27,11,20.0,47.27,35.71,20.0,40.0,0.0,0.0,0.0,0.0,0.0,663898
FC,Cutter,FB,46,11.86,7,6,1,14.29,1,14.29,20,6,30.0,13.04,5,10.87,23.91,23.33,8.0,10.0,0.167,0.286,0.167,0.4529999999999999,0.0,663898
CU,Curveball,BR,19,4.9,6,4,2,33.33,2,33.33,9,5,55.56,26.32,2,10.53,36.84,27.27,7.2,22.22,0.0,0.333,0.0,0.333,0.0,663898
CH,Changeup,OS,18,4.64,5,5,2,40.0,0,0.0,9,2,22.22,11.11,1,5.56,16.67,12.5,8.0,20.0,0.2,0.2,0.2,0.4,0.0,663898
FS,Split-Finger,OS,3,0.77,2,2,1,50.0,0,0.0,2,1,50.0,33.33,0,0.0,33.33,0.0,2.4,33.33,0.0,0.0,0.0,0.0,0.0,663898
KC,Knuckle Curve,BR,2,0.52,1,1,1,100.0,0,0.0,2,2,100.0,100.0,0,0.0,100.0,100.0,0.8,100.0,0.0,0.0,0.0,0.0,0.0,663898
FF,4-Seam Fastball,FB,17,62.96,5,3,0,0.0,2,40.0,7,4,57.14,23.53,3,17.65,41.18,12.5,54.55,0.0,0.0,0.4,0.0,0.4,0.0,663967
FS,Split-Finger,OS,4,14.81,1,1,0,0.0,0,0.0,2,0,0.0,0.0,1,25.0,25.0,0.0,27.27,0.0,0.0,0.0,0.0,0.0,0.0,663967
CH,Changeup,OS,2,7.41,0,0,0,,0,,0,0,,0.0,0,0.0,0.0,0.0,9.09,0.0,,,,,,663967
FA,Other,,1,3.7,1,1,0,0.0,0,0.0,1,0,0.0,0.0,0,0.0,0.0,,0.0,,0.0,0.0,0.0,0.0,0.0,663967
EP,Eephus,,1,3.7,1,1,0,0.0,0,0.0,1,0,0.0,0.0,0,0.0,0.0,100.0,0.0,,0.0,0.0,0.0,0.0,0.0,663967
SL,Slider,BR,1,3.7,1,1,0,0.0,0,0.0,1,0,0.0,0.0,0,0.0,0.0,,0.0,,0.0,0.0,0.0,0.0,0.0,663967
ST,Sweeper,BR,1,3.7,0,0,0,,0,,0,0,,0.0,0,0.0,0.0,0.0,9.09,0.0,,,,,,663967
FF,4-Seam Fastball,FB,352,35.09,78,67,19,24.36,11,14.1,218,45,20.64,12.78,44,12.5,25.28,48.52,36.7,15.83,0.299,0.397,0.388,0.785,0.089,663968
SI,Sinker,FB,170,16.95,51,48,7,13.73,2,3.92,104,16,15.38,9.41,23,13.53,22.94,30.91,10.4,20.59,0.271,0.3,0.292,0.592,0.0209999999999999,663968
CH,Changeup,OS,115,11.47,31,31,4,12.9,0,0.0,71,16,22.54,13.91,8,6.96,20.87,41.94,11.93,10.26,0.258,0.258,0.258,0.516,0.0,663968
SL,Slider,BR,103,10.27,38,38,7,18.42,0,0.0,74,17,22.97,16.5,4,3.88,20.39,47.06,13.46,15.91,0.211,0.211,0.342,0.553,0.131,663968
CU,Curveball,BR,72,7.18,26,26,4,15.38,0,0.0,52,7,13.46,9.72,3,4.17,13.89,53.85,8.87,13.79,0.423,0.423,0.538,0.961,0.115,663968
FS,Split-Finger,OS,59,5.88,24,24,3,12.5,0,0.0,41,9,21.95,15.25,2,3.39,18.64,52.94,8.87,10.34,0.208,0.208,0.292,0.5,0.0839999999999999,663968
FC,Cutter,FB,58,5.78,14,13,2,14.29,1,7.14,34,11,32.35,18.97,4,6.9,25.86,40.0,3.06,20.0,0.615,0.643,0.923,1.566,0.308,663968
ST,Sweeper,BR,37,3.69,11,10,0,0.0,0,0.0,22,2,9.09,5.41,3,8.11,13.51,36.84,3.06,0.0,0.5,0.545,0.5,1.045,0.0,663968
KC,Knuckle Curve,BR,18,1.79,11,11,1,9.09,0,0.0,16,2,12.5,11.11,0,0.0,11.11,80.0,1.53,20.0,0.273,0.273,0.273,0.546,0.0,663968
,,,7,0.7,2,2,0,0.0,0,0.0,5,2,40.0,28.57,1,14.29,42.86,,0.61,0.0,0.5,0.5,0.5,1.0,0.0,663968
SV,Slurve,BR,6,0.6,3,3,0,0.0,0,0.0,4,0,0.0,0.0,1,16.67,16.67,66.67,1.22,0.0,0.333,0.333,0.333,0.666,0.0,663968
EP,Eephus,,3,0.3,2,2,0,0.0,0,0.0,2,0,0.0,0.0,0,0.0,0.0,50.0,0.0,,0.5,0.5,0.5,1.0,0.0,663968
FA,Other,,2,0.2,1,1,0,0.0,0,0.0,2,0,0.0,0.0,0,0.0,0.0,100.0,0.0,,0.0,0.0,0.0,0.0,0.0,663968
PO,Pitch Out,,1,0.1,0,0,0,,0,,0,0,,0.0,0,0.0,0.0,0.0,0.31,0.0,,,,,,663968
FF,4-Seam Fastball,FB,814,42.96,173,149,47,27.17,21,12.14,387,100,25.84,12.29,138,16.95,29.24,20.67,40.86,18.7,0.282,0.372,0.436,0.808,0.154,663993
FC,Cutter,FB,188,9.92,42,37,5,11.9,5,11.9,86,12,13.95,6.38,32,17.02,23.4,24.47,6.15,13.51,0.243,0.333,0.486,0.819,0.243,663993
CH,Changeup,OS,187,9.87,54,49,12,22.22,4,7.41,80,25,31.25,13.37,21,11.23,24.6,28.57,11.96,16.67,0.184,0.241,0.347,0.588,0.1629999999999999,663993
SI,Sinker,FB,182,9.6,46,43,6,13.04,3,6.52,83,14,16.87,7.69,41,22.53,30.22,14.71,8.47,11.76,0.256,0.304,0.349,0.653,0.0929999999999999,663993
SL,Slider,BR,165,8.71,34,30,11,32.35,4,11.76,67,21,31.34,12.73,31,18.79,31.52,26.67,9.47,19.3,0.233,0.324,0.467,0.791,0.234,663993
CU,Curveball,BR,121,6.39,27,25,9,33.33,1,3.7,54,14,25.93,11.57,17,14.05,25.62,26.47,7.64,19.57,0.2,0.259,0.48,0.739,0.2799999999999999,663993
FS,Split-Finger,OS,106,5.59,31,27,8,25.81,3,9.68,44,15,34.09,14.15,9,8.49,22.64,31.51,6.81,19.51,0.259,0.323,0.296,0.619,0.0369999999999999,663993
ST,Sweeper,BR,79,4.17,18,15,8,44.44,3,16.67,32,7,21.88,8.86,18,22.78,31.65,27.03,5.98,22.22,0.267,0.389,0.467,0.8560000000000001,0.2,663993
KC,Knuckle Curve,BR,22,1.16,6,6,1,16.67,0,0.0,8,1,12.5,4.55,5,22.73,27.27,16.67,1.5,11.11,0.5,0.5,1.5,2.0,1.0,663993
SV,Slurve,BR,11,0.58,4,3,1,25.0,1,25.0,5,2,40.0,18.18,3,27.27,45.45,57.14,0.66,25.0,0.0,0.25,0.0,0.25,0.0,663993
,,,8,0.42,2,0,0,0.0,2,100.0,0,0,,0.0,0,0.0,0.0,,0.0,,,1.0,,,,663993
CS,Slow Curve,BR,4,0.21,0,0,0,,0,,0,0,,0.0,0,0.0,0.0,0.0,0.0,,,,,,,663993
FO,Forkball,OS,4,0.21,1,1,0,0.0,0,0.0,1,0,0.0,0.0,0,0.0,0.0,0.0,0.5,0.0,0.0,0.0,0.0,0.0,0.0,663993
EP,Eephus,,2,0.11,1,0,0,0.0,0,0.0,1,0,0.0,0.0,1,50.0,50.0,100.0,0.0,,,0.0,,,,663993
PO,Pitch Out,,2,0.11,0,0,0,,0,,0,0,,0.0,0,0.0,0.0,0.0,0.0,,,,,,,663993
FF,4-Seam Fastball,FB,813,40.63,170,134,40,23.53,31,18.24,315,61,19.37,7.5,181,22.26,29.77,11.24,36.51,18.02,0.216,0.359,0.343,0.702,0.127,664023
CH,Changeup,OS,270,13.49,67,63,14,20.9,4,5.97,121,33,27.27,12.22,31,11.48,23.7,27.33,12.66,16.88,0.222,0.269,0.286,0.5549999999999999,0.0639999999999999,664023
SL,Slider,BR,214,10.69,56,54,17,30.36,2,3.57,115,36,31.3,16.82,32,14.95,31.78,37.14,12.66,22.08,0.111,0.143,0.315,0.4579999999999999,0.204,664023
CU,Curveball,BR,151,7.55,45,39,10,22.22,5,11.11,66,20,30.3,13.25,29,19.21,32.45,23.19,10.36,15.87,0.205,0.311,0.513,0.8240000000000001,0.308,664023
FC,Cutter,FB,149,7.45,36,34,9,25.0,2,5.56,71,19,26.76,12.75,24,16.11,28.86,24.29,6.74,21.95,0.324,0.361,0.559,0.92,0.235,664023
SI,Sinker,FB,143,7.15,42,30,6,14.29,12,28.57,57,7,12.28,4.9,28,19.58,24.48,11.11,5.92,16.67,0.433,0.595,0.933,1.528,0.5,664023
ST,Sweeper,BR,107,5.35,24,19,5,20.83,5,20.83,46,12,26.09,11.21,21,19.63,30.84,21.57,5.92,13.89,0.158,0.333,0.211,0.544,0.0529999999999999,664023
FS,Split-Finger,OS,84,4.2,22,20,5,22.73,2,9.09,39,13,33.33,15.48,7,8.33,23.81,35.71,4.77,17.24,0.4,0.455,0.7,1.155,0.2999999999999999,664023
KC,Knuckle Curve,BR,41,2.05,11,11,2,18.18,0,0.0,25,3,12.0,7.32,5,12.2,19.51,41.18,3.12,10.53,0.545,0.545,1.0,1.545,0.4549999999999999,664023
,,,9,0.45,2,0,0,0.0,2,100.0,0,0,,0.0,0,0.0,0.0,,0.0,,,1.0,,,,664023
FO,Forkball,OS,6,0.3,2,1,0,0.0,1,50.0,2,1,50.0,16.67,0,0.0,16.67,33.33,0.49,0.0,1.0,1.0,1.0,2.0,0.0,664023
EP,Eephus,,5,0.25,1,1,0,0.0,0,0.0,3,0,0.0,0.0,1,20.0,20.0,33.33,0.49,0.0,0.0,0.0,0.0,0.0,0.0,664023
FA,Other,,4,0.2,1,1,0,0.0,0,0.0,2,1,50.0,25.0,0,0.0,25.0,33.33,0.16,0.0,1.0,1.0,1.0,2.0,0.0,664023
SV,Slurve,BR,4,0.2,1,1,1,100.0,0,0.0,1,1,100.0,25.0,1,25.0,50.0,33.33,0.16,100.0,0.0,0.0,0.0,0.0,0.0,664023
SC,Screwball,,1,0.05,1,1,0,0.0,0,0.0,1,0,0.0,0.0,0,0.0,0.0,,0.0,,1.0,1.0,1.0,2.0,0.0,664023
SI,Sinker,FB,328,25.27,94,80,7,7.45,5,5.32,170,20,11.76,6.1,50,15.24,21.34,26.21,18.32,9.46,0.288,0.372,0.325,0.6970000000000001,0.037,664034
FF,4-Seam Fastball,FB,321,24.73,82,68,14,17.07,7,8.54,158,28,17.72,8.72,47,14.64,23.36,24.84,21.53,16.09,0.309,0.42,0.412,0.832,0.1029999999999999,664034
SL,Slider,BR,196,15.1,60,59,14,23.33,1,1.67,115,36,31.3,18.37,15,7.65,26.02,43.7,17.33,20.0,0.237,0.25,0.39,0.64,0.153,664034
ST,Sweeper,BR,152,11.71,42,40,14,33.33,0,0.0,78,29,37.18,19.08,17,11.18,30.26,38.64,14.6,23.73,0.175,0.19,0.25,0.44,0.075,664034
FC,Cutter,FB,102,7.86,25,24,2,8.0,1,4.0,53,6,11.32,5.88,12,11.76,17.65,25.93,5.45,9.09,0.208,0.24,0.25,0.49,0.042,664034
CH,Changeup,OS,66,5.08,13,12,1,7.69,1,7.69,32,8,25.0,12.12,5,7.58,19.7,25.71,8.66,2.86,0.333,0.385,0.417,0.802,0.0839999999999999,664034
CU,Curveball,BR,64,4.93,16,14,3,18.75,1,6.25,28,8,28.57,12.5,6,9.38,21.88,28.21,8.17,9.09,0.286,0.375,0.357,0.732,0.071,664034
FS,Split-Finger,OS,34,2.62,10,9,4,40.0,0,0.0,18,4,22.22,11.76,4,11.76,23.53,40.0,3.47,28.57,0.111,0.2,0.111,0.311,0.0,664034
KC,Knuckle Curve,BR,15,1.16,2,2,1,50.0,0,0.0,8,3,37.5,20.0,3,20.0,40.0,44.44,1.24,20.0,0.5,0.5,1.0,1.5,0.5,664034
SV,Slurve,BR,9,0.69,3,2,0,0.0,0,0.0,3,1,33.33,11.11,1,11.11,22.22,0.0,0.99,0.0,0.5,0.667,0.5,1.167,0.0,664034
EP,Eephus,,8,0.62,2,2,0,0.0,0,0.0,3,0,0.0,0.0,1,12.5,12.5,16.67,0.25,0.0,0.0,0.0,0.0,0.0,0.0,664034
FA,Other,,2,0.15,1,1,0,0.0,0,0.0,2,0,0.0,0.0,0,0.0,0.0,100.0,0.0,,1.0,1.0,2.0,3.0,1.0,664034
CS,Slow Curve,BR,1,0.08,0,0,0,,0,,0,0,,0.0,0,0.0,0.0,0.0,0.0,,,,,,,664034
FF,4-Seam Fastball,FB,473,29.77,110,94,33,30.0,15,13.64,241,80,33.2,16.91,57,12.05,28.96,25.42,31.2,21.85,0.319,0.413,0.66,1.073,0.341,664040
CH,Changeup,OS,270,16.99,87,83,16,18.39,2,2.3,167,53,31.74,19.63,12,4.44,24.07,40.82,16.12,20.51,0.301,0.314,0.59,0.904,0.289,664040
SL,Slider,BR,172,10.82,43,41,14,32.56,2,4.65,99,31,31.31,18.02,18,10.47,28.49,32.0,12.81,22.58,0.122,0.163,0.293,0.4559999999999999,0.1709999999999999,664040
SI,Sinker,FB,161,10.13,46,40,8,17.39,4,8.7,84,18,21.43,11.18,17,10.56,21.74,21.13,6.2,26.67,0.375,0.413,0.8,1.213,0.425,664040
FS,Split-Finger,OS,136,8.56,35,31,11,31.43,4,11.43,76,31,40.79,22.79,4,2.94,25.74,29.49,11.78,19.3,0.226,0.314,0.226,0.54,0.0,664040
CU,Curveball,BR,134,8.43,32,30,11,34.38,1,3.12,72,25,34.72,18.66,16,11.94,30.6,33.8,9.5,23.91,0.267,0.281,0.5,0.781,0.2329999999999999,664040
FC,Cutter,FB,110,6.92,31,28,6,19.35,3,9.68,73,20,27.4,18.18,10,9.09,27.27,42.22,4.55,27.27,0.321,0.387,0.571,0.958,0.2499999999999999,664040
ST,Sweeper,BR,72,4.53,12,11,3,25.0,0,0.0,43,16,37.21,22.22,8,11.11,33.33,42.86,3.72,16.67,0.182,0.167,0.182,0.349,0.0,664040
KC,Knuckle Curve,BR,31,1.95,6,6,1,16.67,0,0.0,16,5,31.25,16.13,4,12.9,29.03,37.5,1.65,12.5,0.333,0.333,0.5,0.833,0.1669999999999999,664040
SV,Slurve,BR,15,0.94,2,1,0,0.0,1,50.0,7,0,0.0,0.0,1,6.67,6.67,0.0,1.86,0.0,0.0,0.5,0.0,0.5,0.0,664040
,,,11,0.69,3,2,1,33.33,1,33.33,5,2,40.0,18.18,1,9.09,27.27,,0.62,33.33,0.0,0.333,0.0,0.333,0.0,664040
EP,Eephus,,3,0.19,1,1,0,0.0,0,0.0,1,0,0.0,0.0,0,0.0,0.0,0.0,0.0,,0.0,0.0,0.0,0.0,0.0,664040
CS,Slow Curve,BR,1,0.06,0,0,0,,0,,0,0,,0.0,1,100.0,100.0,,0.0,,,,,,,664040
FF,4-Seam Fastball,FB,400,31.15,104,86,30,28.85,13,12.5,186,45,24.19,11.25,80,20.0,31.25,36.79,35.24,24.39,0.233,0.359,0.372,0.731,0.1389999999999999,664056
SI,Sinker,FB,248,19.31,73,67,3,4.11,4,5.48,112,6,5.36,2.42,59,23.79,26.21,20.83,10.89,7.89,0.418,0.466,0.612,1.078,0.194,664056
SL,Slider,BR,242,18.85,57,51,10,17.54,5,8.77,110,36,32.73,14.88,30,12.4,27.27,28.17,19.2,14.93,0.275,0.333,0.529,0.8620000000000001,0.254,664056
ST,Sweeper,BR,139,10.83,39,37,17,43.59,0,0.0,69,31,44.93,22.3,22,15.83,38.13,40.74,14.04,34.69,0.27,0.263,0.432,0.6950000000000001,0.1619999999999999,664056
FC,Cutter,FB,70,5.45,21,20,1,4.76,0,0.0,34,9,26.47,12.86,8,11.43,24.29,37.21,1.43,20.0,0.35,0.381,0.5,0.881,0.15,664056
CH,Changeup,OS,62,4.83,16,15,7,43.75,0,0.0,39,16,41.03,25.81,3,4.84,30.65,41.18,6.3,31.82,0.333,0.375,0.333,0.708,0.0,664056
CU,Curveball,BR,53,4.13,15,12,6,40.0,3,20.0,28,12,42.86,22.64,7,13.21,35.85,33.33,5.44,31.58,0.167,0.333,0.417,0.75,0.2499999999999999,664056
FS,Split-Finger,OS,35,2.73,12,11,5,41.67,1,8.33,17,7,41.18,20.0,5,14.29,34.29,35.0,5.16,27.78,0.455,0.5,0.818,1.318,0.3629999999999999,664056
KC,Knuckle Curve,BR,13,1.01,4,3,1,25.0,1,25.0,5,3,60.0,23.08,3,23.08,46.15,16.67,0.57,50.0,0.0,0.25,0.0,0.25,0.0,664056
FA,Other,,5,0.39,2,2,0,0.0,0,0.0,2,0,0.0,0.0,1,20.0,20.0,50.0,0.0,,0.0,0.0,0.0,0.0,0.0,664056
CS,Slow Curve,BR,5,0.39,1,1,0,0.0,0,0.0,3,1,33.33,20.0,0,0.0,20.0,0.0,1.15,0.0,0.0,0.0,0.0,0.0,0.0,664056
EP,Eephus,,5,0.39,1,1,0,0.0,0,0.0,1,0,0.0,0.0,2,40.0,40.0,0.0,0.0,,1.0,1.0,1.0,2.0,0.0,664056
SV,Slurve,BR,3,0.23,1,1,0,0.0,0,0.0,1,0,0.0,0.0,1,33.33,33.33,0.0,0.0,,0.0,0.0,0.0,0.0,0.0,664056
FO,Forkball,OS,2,0.16,0,0,0,,0,,0,0,,0.0,0,0.0,0.0,0.0,0.29,0.0,,,,,,664056
KN,Knuckleball,,1,0.08,0,0,0,,0,,0,0,,0.0,0,0.0,0.0,0.0,0.29,0.0,,,,,,664056
,,,1,0.08,0,0,0,,0,,0,0,,0.0,0,0.0,0.0,,0.0,,,,,,,664056
FF,4-Seam Fastball,FB,109,35.16,34,29,8,23.53,5,14.71,52,12,23.08,11.01,20,18.35,29.36,20.83,35.29,26.67,0.138,0.265,0.138,0.403,0.0,664059
CH,Changeup,OS,40,12.9,12,11,1,8.33,1,8.33,18,4,22.22,10.0,3,7.5,17.5,32.0,14.12,8.33,0.0,0.083,0.0,0.083,0.0,664059
SI,Sinker,FB,37,11.94,13,12,0,0.0,1,7.69,20,3,15.0,8.11,3,8.11,16.22,7.69,4.71,0.0,0.417,0.462,0.833,1.295,0.416,664059
SL,Slider,BR,34,10.97,10,8,4,40.0,1,10.0,18,9,50.0,26.47,4,11.76,38.24,44.44,16.47,28.57,0.125,0.222,0.25,0.472,0.125,664059
FS,Split-Finger,OS,28,9.03,8,7,4,50.0,0,0.0,17,9,52.94,32.14,1,3.57,35.71,41.18,11.76,40.0,0.143,0.25,0.143,0.393,0.0,664059
CU,Curveball,BR,22,7.1,1,1,0,0.0,0,0.0,6,3,50.0,13.64,5,22.73,36.36,9.09,7.06,0.0,0.0,0.0,0.0,0.0,0.0,664059
FC,Cutter,FB,18,5.81,6,4,1,16.67,1,16.67,7,1,14.29,5.56,3,16.67,22.22,25.0,5.88,20.0,0.25,0.4,0.25,0.65,0.0,664059
ST,Sweeper,BR,12,3.87,2,2,1,50.0,0,0.0,4,2,50.0,16.67,3,25.0,41.67,20.0,2.35,50.0,0.5,0.5,0.5,1.0,0.0,664059
FA,Other,,4,1.29,1,1,0,0.0,0,0.0,3,0,0.0,0.0,1,25.0,25.0,100.0,0.0,,1.0,1.0,4.0,5.0,3.0,664059
KC,Knuckle Curve,BR,3,0.97,0,0,0,,0,,1,0,0.0,0.0,2,66.67,66.67,,1.18,0.0,,,,,,664059
KN,Knuckleball,,2,0.65,1,1,0,0.0,0,0.0,1,0,0.0,0.0,0,0.0,0.0,0.0,1.18,0.0,0.0,0.0,0.0,0.0,0.0,664059
EP,Eephus,,1,0.32,1,1,0,0.0,0,0.0,1,0,0.0,0.0,0,0.0,0.0,100.0,0.0,,0.0,0.0,0.0,0.0,0.0,664059
FF,4-Seam Fastball,FB,20,31.25,8,6,5,62.5,2,25.0,10,6,60.0,30.0,3,15.0,45.0,30.0,52.94,55.56,0.0,0.25,0.0,0.25,0.0,664068
SL,Slider,BR,16,25.0,4,4,1,25.0,0,0.0,8,4,50.0,25.0,1,6.25,31.25,30.0,11.76,50.0,0.0,0.0,0.0,0.0,0.0,664068
ST,Sweeper,BR,9,14.06,2,2,0,0.0,0,0.0,6,2,33.33,22.22,0,0.0,22.22,50.0,17.65,0.0,0.0,0.0,0.0,0.0,0.0,664068
SI,Sinker,FB,7,10.94,1,1,1,100.0,0,0.0,3,0,0.0,0.0,3,42.86,42.86,0.0,5.88,100.0,0.0,0.0,0.0,0.0,0.0,664068
FC,Cutter,FB,6,9.38,1,1,0,0.0,0,0.0,4,1,25.0,16.67,1,16.67,33.33,,0.0,,1.0,1.0,2.0,3.0,1.0,664068
CU,Curveball,BR,5,7.81,1,1,0,0.0,0,0.0,1,0,0.0,0.0,2,40.0,40.0,0.0,5.88,0.0,0.0,0.0,0.0,0.0,0.0,664068
FS,Split-Finger,OS,1,1.56,0,0,0,,0,,1,0,0.0,0.0,0,0.0,0.0,,5.88,0.0,,,,,,664068
FF,4-Seam Fastball,FB,126,29.58,26,22,11,42.31,3,11.54,68,30,44.12,23.81,14,11.11,34.92,20.69,33.58,23.91,0.045,0.154,0.182,0.3359999999999999,0.137,664238
SI,Sinker,FB,100,23.47,27,25,2,7.41,2,7.41,54,6,11.11,6.0,18,18.0,24.0,31.71,10.22,14.29,0.4,0.444,0.68,1.124,0.28,664238
SL,Slider,BR,69,16.2,18,18,6,33.33,0,0.0,28,9,32.14,13.04,15,21.74,34.78,20.0,16.06,27.27,0.333,0.333,0.778,1.111,0.445,664238
ST,Sweeper,BR,54,12.68,15,15,6,40.0,0,0.0,24,5,20.83,9.26,10,18.52,27.78,24.0,16.06,27.27,0.2,0.2,0.267,0.467,0.067,664238
FC,Cutter,FB,32,7.51,12,12,3,25.0,0,0.0,19,5,26.32,15.62,7,21.88,37.5,40.0,5.84,37.5,0.333,0.333,0.333,0.666,0.0,664238
CH,Changeup,OS,15,3.52,4,4,1,25.0,0,0.0,8,3,37.5,20.0,1,6.67,26.67,33.33,4.38,16.67,0.25,0.25,0.5,0.75,0.25,664238
FS,Split-Finger,OS,15,3.52,5,5,3,60.0,0,0.0,9,5,55.56,33.33,1,6.67,40.0,37.5,8.03,27.27,0.0,0.0,0.0,0.0,0.0,664238
CU,Curveball,BR,5,1.17,0,0,0,,0,,2,0,0.0,0.0,1,20.0,20.0,0.0,2.19,0.0,,,,,,664238
SV,Slurve,BR,5,1.17,3,3,0,0.0,0,0.0,4,0,0.0,0.0,1,20.0,20.0,100.0,1.46,0.0,0.0,0.0,0.0,0.0,0.0,664238
KC,Knuckle Curve,BR,3,0.7,1,1,0,0.0,0,0.0,3,0,0.0,0.0,0,0.0,0.0,100.0,2.19,0.0,0.0,0.0,0.0,0.0,0.0,664238
PO,Pitch Out,,1,0.23,0,0,0,,0,,0,0,,0.0,0,0.0,0.0,0.0,0.0,,,,,,,664238
,,,1,0.23,0,0,0,,0,,0,0,,0.0,0,0.0,0.0,,0.0,,,,,,,664238
FF,4-Seam Fastball,FB,197,35.95,54,48,11,20.37,2,3.7,100,25,25.0,12.69,37,18.78,31.47,20.0,35.15,18.97,0.292,0.327,0.5,0.827,0.208,664702
SL,Slider,BR,111,20.26,27,24,6,22.22,3,11.11,36,5,13.89,4.5,26,23.42,27.93,10.91,24.85,14.63,0.125,0.222,0.167,0.389,0.042,664702
SI,Sinker,FB,104,18.98,34,30,2,5.88,2,5.88,51,1,1.96,0.96,30,28.85,29.81,40.0,12.12,10.0,0.2,0.25,0.333,0.583,0.133,664702
FC,Cutter,FB,56,10.22,18,12,3,16.67,2,11.11,25,7,28.0,12.5,13,23.21,35.71,16.67,8.48,21.43,0.25,0.357,0.25,0.607,0.0,664702
CU,Curveball,BR,23,4.2,2,2,0,0.0,0,0.0,4,1,25.0,4.35,7,30.43,34.78,7.69,4.85,0.0,0.0,0.0,0.0,0.0,0.0,664702
ST,Sweeper,BR,22,4.01,5,5,0,0.0,0,0.0,11,1,9.09,4.55,5,22.73,27.27,33.33,6.06,0.0,0.2,0.2,0.4,0.6000000000000001,0.2,664702
FS,Split-Finger,OS,11,2.01,3,3,0,0.0,0,0.0,6,0,0.0,0.0,0,0.0,0.0,0.0,4.85,0.0,1.0,1.0,1.0,2.0,0.0,664702
CH,Changeup,OS,10,1.82,5,5,0,0.0,0,0.0,7,0,0.0,0.0,1,10.0,10.0,50.0,1.21,0.0,0.2,0.2,0.2,0.4,0.0,664702
EP,Eephus,,5,0.91,2,2,0,0.0,0,0.0,2,0,0.0,0.0,1,20.0,20.0,0.0,0.0,,0.5,0.5,0.5,1.0,0.0,664702
SV,Slurve,BR,3,0.55,1,1,0,0.0,0,0.0,1,0,0.0,0.0,1,33.33,33.33,0.0,0.61,0.0,1.0,1.0,1.0,2.0,0.0,664702
KC,Knuckle Curve,BR,3,0.55,1,1,0,0.0,0,0.0,1,0,0.0,0.0,1,33.33,33.33,0.0,1.21,0.0,0.0,0.0,0.0,0.0,0.0,664702
,,,2,0.36,0,0,0,,0,,0,0,,0.0,0,0.0,0.0,,0.61,0.0,,,,,,664702
FA,Other,,1,0.18,1,1,0,0.0,0,0.0,1,0,0.0,0.0,0,0.0,0.0,,0.0,,1.0,1.0,1.0,2.0,0.0,664702
FF,4-Seam Fastball,FB,483,40.66,136,122,21,15.44,9,6.62,230,33,14.35,6.83,98,20.29,27.12,23.62,35.53,16.94,0.27,0.318,0.402,0.72,0.132,664728
CH,Changeup,OS,125,10.52,39,36,4,10.26,1,2.56,68,14,20.59,11.2,9,7.2,18.4,34.67,14.9,7.69,0.25,0.27,0.333,0.603,0.083,664728
SL,Slider,BR,112,9.43,25,21,3,12.0,3,12.0,52,9,17.31,8.04,21,18.75,26.79,25.93,9.46,9.09,0.238,0.333,0.286,0.619,0.0479999999999999,664728
FC,Cutter,FB,110,9.26,29,27,4,13.79,2,6.9,55,8,14.55,7.27,21,19.09,26.36,34.62,7.74,14.81,0.296,0.345,0.519,0.864,0.223,664728
CU,Curveball,BR,104,8.75,23,22,7,30.43,0,0.0,42,11,26.19,10.58,27,25.96,36.54,35.59,10.89,18.42,0.364,0.348,0.409,0.7569999999999999,0.0449999999999999,664728
SI,Sinker,FB,101,8.5,40,37,6,15.0,2,5.0,43,1,2.33,0.99,32,31.68,32.67,19.35,6.3,27.27,0.189,0.231,0.27,0.501,0.081,664728
ST,Sweeper,BR,67,5.64,13,11,1,7.69,1,7.69,22,2,9.09,2.99,16,23.88,26.87,18.18,4.3,6.67,0.273,0.333,0.455,0.788,0.182,664728
FS,Split-Finger,OS,57,4.8,20,19,4,20.0,0,0.0,25,7,28.0,12.28,7,12.28,24.56,22.58,7.74,14.81,0.316,0.3,0.421,0.721,0.1049999999999999,664728
KC,Knuckle Curve,BR,23,1.94,6,6,4,66.67,0,0.0,11,3,27.27,13.04,4,17.39,30.43,43.75,3.15,36.36,0.167,0.167,0.167,0.334,0.0,664728
FA,Other,,2,0.17,2,2,0,0.0,0,0.0,2,0,0.0,0.0,0,0.0,0.0,100.0,0.0,,0.0,0.0,0.0,0.0,0.0,664728
EP,Eephus,,1,0.08,0,0,0,,0,,0,0,,0.0,0,0.0,0.0,0.0,0.0,,,,,,,664728
FO,Forkball,OS,1,0.08,1,1,0,0.0,0,0.0,1,0,0.0,0.0,0,0.0,0.0,,0.0,,0.0,0.0,0.0,0.0,0.0,664728
SV,Slurve,BR,1,0.08,0,0,0,,0,,1,0,0.0,0.0,0,0.0,0.0,,0.0,,,,,,,664728
,,,1,0.08,0,0,0,,0,,0,0,,0.0,0,0.0,0.0,,0.0,,,,,,,664728
FF,4-Seam Fastball,FB,380,29.05,109,103,23,21.1,4,3.67,195,22,11.28,5.79,69,18.16,23.95,19.01,31.77,20.0,0.33,0.349,0.369,0.718,0.0389999999999999,664761
SL,Slider,BR,280,21.41,78,71,20,25.64,6,7.69,131,41,31.3,14.64,45,16.07,30.71,31.25,22.65,24.39,0.239,0.308,0.324,0.632,0.085,664761
SI,Sinker,FB,251,19.19,81,75,8,9.88,3,3.7,122,8,6.56,3.19,42,16.73,19.92,27.59,12.98,17.02,0.24,0.284,0.387,0.671,0.147,664761
ST,Sweeper,BR,122,9.33,30,27,2,6.67,2,6.67,51,6,11.76,4.92,24,19.67,24.59,25.0,11.6,4.76,0.333,0.4,0.444,0.8440000000000001,0.1109999999999999,664761
FC,Cutter,FB,84,6.42,20,17,2,10.0,2,10.0,42,4,9.52,4.76,14,16.67,21.43,14.81,6.35,8.7,0.294,0.35,0.588,0.938,0.294,664761
CU,Curveball,BR,70,5.35,23,21,5,21.74,1,4.35,35,8,22.86,11.43,10,14.29,25.71,35.9,5.8,23.81,0.286,0.304,0.333,0.637,0.047,664761
CH,Changeup,OS,35,2.68,10,10,0,0.0,0,0.0,19,2,10.53,5.71,3,8.57,14.29,25.0,2.76,0.0,0.5,0.5,0.8,1.3,0.3,664761
KC,Knuckle Curve,BR,28,2.14,9,9,1,11.11,0,0.0,12,1,8.33,3.57,8,28.57,32.14,25.0,1.1,25.0,0.333,0.333,0.667,1.0,0.334,664761
FS,Split-Finger,OS,26,1.99,6,6,0,0.0,0,0.0,12,3,25.0,11.54,1,3.85,15.38,25.0,2.76,0.0,0.0,0.0,0.0,0.0,0.0,664761
SV,Slurve,BR,11,0.84,1,1,1,100.0,0,0.0,2,2,100.0,18.18,4,36.36,54.55,28.57,0.55,50.0,0.0,0.0,0.0,0.0,0.0,664761
KN,Knuckleball,,8,0.61,1,1,0,0.0,0,0.0,1,0,0.0,0.0,1,12.5,12.5,0.0,0.55,0.0,0.0,0.0,0.0,0.0,0.0,664761
FA,Other,,7,0.54,1,0,0,0.0,1,100.0,3,0,0.0,0.0,0,0.0,0.0,33.33,0.55,0.0,,1.0,,,,664761
CS,Slow Curve,BR,2,0.15,0,0,0,,0,,1,0,0.0,0.0,0,0.0,0.0,50.0,0.55,0.0,,,,,,664761
FO,Forkball,OS,2,0.15,0,0,0,,0,,0,0,,0.0,0,0.0,0.0,0.0,0.0,,,,,,,664761
EP,Eephus,,1,0.08,1,1,0,0.0,0,0.0,1,0,0.0,0.0,0,0.0,0.0,100.0,0.0,,0.0,0.0,0.0,0.0,0.0,664761
,,,1,0.08,0,0,0,,0,,0,0,,0.0,0,0.0,0.0,,0.0,,,,,,,664761
FF,4-Seam Fastball,FB,615,41.67,144,124,14,9.72,16,11.11,301,38,12.62,6.18,109,17.72,23.9,26.34,37.44,8.38,0.29,0.369,0.46,0.829,0.17,664770
CH,Changeup,OS,174,11.79,51,48,5,9.8,1,1.96,93,16,17.2,9.2,19,10.92,20.11,37.5,11.88,9.43,0.25,0.265,0.417,0.6819999999999999,0.1669999999999999,664770
SI,Sinker,FB,166,11.25,50,40,5,10.0,9,18.0,67,8,11.94,4.82,30,18.07,22.89,15.0,8.52,13.16,0.175,0.327,0.175,0.502,0.0,664770
SL,Slider,BR,138,9.35,34,33,9,26.47,1,2.94,81,15,18.52,10.87,20,14.49,25.36,50.65,12.33,16.36,0.121,0.147,0.242,0.389,0.121,664770
FC,Cutter,FB,126,8.54,26,25,0,0.0,1,3.85,64,5,7.81,3.97,27,21.43,25.4,42.31,5.83,0.0,0.24,0.269,0.24,0.509,0.0,664770
CU,Curveball,BR,96,6.5,32,31,6,18.75,1,3.12,51,8,15.69,8.33,17,17.71,26.04,42.55,9.19,14.63,0.258,0.281,0.452,0.7330000000000001,0.194,664770
FS,Split-Finger,OS,69,4.67,22,22,4,18.18,0,0.0,34,5,14.71,7.25,7,10.14,17.39,30.95,7.85,11.43,0.318,0.318,0.545,0.863,0.227,664770
ST,Sweeper,BR,43,2.91,14,14,4,28.57,0,0.0,23,4,17.39,9.3,4,9.3,18.6,39.13,4.26,21.05,0.5,0.5,1.143,1.643,0.643,664770
KC,Knuckle Curve,BR,25,1.69,6,5,0,0.0,0,0.0,11,0,0.0,0.0,2,8.0,8.0,30.77,2.24,0.0,0.4,0.5,0.6,1.1,0.1999999999999999,664770
,,,10,0.68,2,0,0,0.0,2,100.0,0,0,,0.0,0,0.0,0.0,,0.22,0.0,,1.0,,,,664770
EP,Eephus,,8,0.54,2,1,0,0.0,1,50.0,1,0,0.0,0.0,2,25.0,25.0,12.5,0.0,,0.0,0.5,0.0,0.5,0.0,664770
FA,Other,,3,0.2,1,0,0,0.0,0,0.0,1,0,0.0,0.0,0,0.0,0.0,0.0,0.0,,,0.0,,,,664770
SV,Slurve,BR,2,0.14,2,2,1,50.0,0,0.0,2,1,50.0,50.0,0,0.0,50.0,100.0,0.22,100.0,0.0,0.0,0.0,0.0,0.0,664770
CS,Slow Curve,BR,1,0.07,1,1,0,0.0,0,0.0,1,0,0.0,0.0,0,0.0,0.0,,0.0,,0.0,0.0,0.0,0.0,0.0,664770
FF,4-Seam Fastball,FB,412,44.69,95,76,16,16.84,15,15.79,183,38,20.77,9.22,75,18.2,27.43,12.9,43.62,13.01,0.145,0.309,0.224,0.533,0.079,664774
CH,Changeup,OS,109,11.82,24,21,7,29.17,2,8.33,41,13,31.71,11.93,15,13.76,25.69,23.61,11.7,21.21,0.286,0.333,0.381,0.714,0.095,664774
FC,Cutter,FB,89,9.65,19,18,6,31.58,1,5.26,38,9,23.68,10.11,17,19.1,29.21,20.93,6.74,31.58,0.167,0.211,0.444,0.655,0.277,664774
SI,Sinker,FB,76,8.24,13,11,3,23.08,2,15.38,29,3,10.34,3.95,22,28.95,32.89,8.0,7.45,14.29,0.0,0.154,0.0,0.154,0.0,664774
FS,Split-Finger,OS,62,6.72,17,16,5,29.41,1,5.88,26,7,26.92,11.29,9,14.52,25.81,17.65,8.51,20.83,0.25,0.294,0.25,0.544,0.0,664774
SL,Slider,BR,56,6.07,17,16,5,29.41,1,5.88,24,9,37.5,16.07,14,25.0,41.07,35.48,7.45,23.81,0.375,0.412,0.625,1.037,0.25,664774
CU,Curveball,BR,54,5.86,11,11,5,45.45,0,0.0,10,4,40.0,7.41,24,44.44,51.85,4.55,5.67,31.25,0.091,0.091,0.091,0.182,0.0,664774
KC,Knuckle Curve,BR,27,2.93,7,7,3,42.86,0,0.0,11,3,27.27,11.11,7,25.93,37.04,30.77,3.9,27.27,0.143,0.143,0.143,0.286,0.0,664774
ST,Sweeper,BR,22,2.39,7,7,1,14.29,0,0.0,10,1,10.0,4.55,6,27.27,31.82,25.0,3.19,11.11,0.143,0.143,0.286,0.4289999999999999,0.143,664774
SV,Slurve,BR,9,0.98,1,1,0,0.0,0,0.0,1,0,0.0,0.0,5,55.56,55.56,0.0,1.06,0.0,0.0,0.0,0.0,0.0,0.0,664774
,,,4,0.43,1,0,0,0.0,1,100.0,0,0,,0.0,0,0.0,0.0,,0.0,,,1.0,,,,664774
FO,Forkball,OS,2,0.22,1,1,1,100.0,0,0.0,1,1,100.0,50.0,0,0.0,50.0,50.0,0.71,50.0,0.0,0.0,0.0,0.0,0.0,664774
FF,4-Seam Fastball,FB,61,22.93,17,14,2,11.76,2,11.76,35,5,14.29,8.2,7,11.48,19.67,23.08,20.24,11.76,0.5,0.588,0.786,1.374,0.286,664913
CH,Changeup,OS,50,18.8,10,7,3,30.0,3,30.0,20,9,45.0,18.0,6,12.0,30.0,25.81,20.24,17.65,0.0,0.3,0.0,0.3,0.0,664913
SL,Slider,BR,41,15.41,9,8,3,33.33,1,11.11,18,6,33.33,14.63,5,12.2,26.83,28.0,15.48,23.08,0.125,0.222,0.25,0.472,0.125,664913
SI,Sinker,FB,37,13.91,13,13,2,15.38,0,0.0,23,3,13.04,8.11,5,13.51,21.62,35.71,14.29,16.67,0.231,0.231,0.231,0.462,0.0,664913
FC,Cutter,FB,25,9.4,9,6,1,11.11,2,22.22,10,1,10.0,4.0,4,16.0,20.0,8.33,3.57,33.33,0.0,0.333,0.0,0.333,0.0,664913
CU,Curveball,BR,19,7.14,4,3,2,50.0,1,25.0,8,5,62.5,26.32,5,26.32,52.63,36.36,9.52,25.0,0.333,0.5,0.333,0.833,0.0,664913
FS,Split-Finger,OS,13,4.89,3,3,3,100.0,0,0.0,6,4,66.67,30.77,2,15.38,46.15,33.33,8.33,42.86,0.0,0.0,0.0,0.0,0.0,664913
ST,Sweeper,BR,11,4.14,2,2,2,100.0,0,0.0,3,1,33.33,9.09,4,36.36,45.45,33.33,4.76,50.0,0.0,0.0,0.0,0.0,0.0,664913
FO,Forkball,OS,8,3.01,2,2,1,50.0,0,0.0,4,3,75.0,37.5,0,0.0,37.5,33.33,3.57,33.33,0.0,0.0,0.0,0.0,0.0,664913
KC,Knuckle Curve,BR,1,0.38,1,1,0,0.0,0,0.0,1,0,0.0,0.0,0,0.0,0.0,,0.0,,0.0,0.0,0.0,0.0,0.0,664913
FF,4-Seam Fastball,FB,17,47.22,3,2,1,33.33,0,0.0,8,3,37.5,17.65,4,23.53,41.18,16.67,53.85,14.29,0.0,0.333,0.0,0.333,0.0,664954
CU,Curveball,BR,8,22.22,2,1,0,0.0,0,0.0,5,0,0.0,0.0,1,12.5,12.5,0.0,15.38,0.0,0.0,0.0,0.0,0.0,0.0,664954
CH,Changeup,OS,5,13.89,3,3,2,66.67,0,0.0,3,2,66.67,40.0,0,0.0,40.0,33.33,15.38,100.0,0.333,0.333,0.333,0.666,0.0,664954
SL,Slider,BR,4,11.11,1,0,0,0.0,1,100.0,2,0,0.0,0.0,1,25.0,25.0,50.0,7.69,0.0,,1.0,,,,664954
SI,Sinker,FB,1,2.78,0,0,0,,0,,1,0,0.0,0.0,0,0.0,0.0,100.0,7.69,0.0,,,,,,664954
ST,Sweeper,BR,1,2.78,0,0,0,,0,,0,0,,0.0,0,0.0,0.0,0.0,0.0,,,,,,,664954
FF,4-Seam Fastball,FB,227,31.66,52,47,6,11.54,2,3.85,119,11,9.24,4.85,41,18.06,22.91,31.58,32.74,8.11,0.277,0.314,0.489,0.8029999999999999,0.2119999999999999,664983
CH,Changeup,OS,97,13.53,24,24,5,20.83,0,0.0,47,19,40.43,19.59,2,2.06,21.65,29.41,14.16,15.62,0.208,0.208,0.333,0.541,0.125,664983
CU,Curveball,BR,86,11.99,21,20,9,42.86,1,4.76,39,13,33.33,15.12,15,17.44,32.56,37.5,14.16,28.12,0.0,0.048,0.0,0.048,0.0,664983
SI,Sinker,FB,70,9.76,17,15,0,0.0,1,5.88,36,6,16.67,8.57,13,18.57,27.14,32.14,5.75,0.0,0.2,0.294,0.333,0.627,0.133,664983
FC,Cutter,FB,60,8.37,15,13,2,13.33,1,6.67,31,3,9.68,5.0,15,25.0,30.0,40.0,4.42,20.0,0.308,0.357,0.769,1.126,0.461,664983
SL,Slider,BR,59,8.23,21,17,5,23.81,2,9.52,30,8,26.67,13.56,12,20.34,33.9,48.39,8.85,25.0,0.176,0.263,0.294,0.5569999999999999,0.118,664983
ST,Sweeper,BR,58,8.09,16,13,3,18.75,3,18.75,20,5,25.0,8.62,16,27.59,36.21,21.43,9.73,13.64,0.154,0.312,0.154,0.4659999999999999,0.0,664983
FS,Split-Finger,OS,36,5.02,11,11,2,18.18,0,0.0,18,3,16.67,8.33,2,5.56,13.89,27.27,6.19,14.29,0.273,0.273,0.545,0.8180000000000001,0.272,664983
KC,Knuckle Curve,BR,24,3.35,4,4,2,50.0,0,0.0,7,3,42.86,12.5,3,12.5,25.0,29.41,3.98,22.22,0.0,0.0,0.0,0.0,0.0,664983
FF,4-Seam Fastball,FB,521,43.78,139,127,42,30.22,10,7.19,264,66,25.0,12.67,100,19.19,31.86,26.47,44.1,26.75,0.142,0.209,0.299,0.508,0.157,665019
CH,Changeup,OS,152,12.77,40,35,7,17.5,4,10.0,72,20,27.78,13.16,10,6.58,19.74,27.84,14.61,13.46,0.314,0.385,0.657,1.042,0.343,665019
CU,Curveball,BR,114,9.58,17,17,5,29.41,0,0.0,43,13,30.23,11.4,29,25.44,36.84,31.03,9.27,15.15,0.294,0.294,0.529,0.823,0.235,665019
SL,Slider,BR,87,7.31,17,15,4,23.53,2,11.76,37,8,21.62,9.2,13,14.94,24.14,26.0,8.15,13.79,0.2,0.294,0.667,0.961,0.467,665019
FC,Cutter,FB,82,6.89,16,14,1,6.25,1,6.25,37,5,13.51,6.1,12,14.63,20.73,23.08,3.65,7.69,0.429,0.5,1.143,1.643,0.714,665019
SI,Sinker,FB,81,6.81,29,24,5,17.24,5,17.24,39,7,17.95,8.64,13,16.05,24.69,25.0,5.06,27.78,0.375,0.483,1.042,1.525,0.667,665019
FS,Split-Finger,OS,63,5.29,23,23,3,13.04,0,0.0,38,7,18.42,11.11,1,1.59,12.7,36.11,7.02,12.0,0.13,0.13,0.13,0.26,0.0,665019
ST,Sweeper,BR,59,4.96,10,9,1,10.0,0,0.0,28,4,14.29,6.78,10,16.95,23.73,31.25,5.62,5.0,0.444,0.5,1.111,1.611,0.667,665019
KC,Knuckle Curve,BR,16,1.34,4,4,2,50.0,0,0.0,6,3,50.0,18.75,2,12.5,31.25,20.0,1.12,50.0,0.0,0.0,0.0,0.0,0.0,665019
EP,Eephus,,5,0.42,2,2,0,0.0,0,0.0,4,1,25.0,20.0,0,0.0,20.0,80.0,0.28,0.0,0.0,0.0,0.0,0.0,0.0,665019
SV,Slurve,BR,4,0.34,0,0,0,,0,,4,0,0.0,0.0,0,0.0,0.0,,0.84,0.0,,,,,,665019
,,,4,0.34,1,0,0,0.0,1,100.0,0,0,,0.0,0,0.0,0.0,,0.0,,,1.0,,,,665019
FA,Other,,1,0.08,0,0,0,,0,,0,0,,0.0,0,0.0,0.0,0.0,0.28,0.0,,,,,,665019
CS,Slow Curve,BR,1,0.08,0,0,0,,0,,0,0,,0.0,0,0.0,0.0,0.0,0.0,,,,,,,665019
FF,4-Seam Fastball,FB,82,33.61,20,19,8,40.0,1,5.0,36,17,47.22,20.73,18,21.95,42.68,18.18,31.43,36.36,0.263,0.3,0.474,0.774,0.2109999999999999,665052
CH,Changeup,OS,34,13.93,10,10,0,0.0,0,0.0,18,5,27.78,14.71,3,8.82,23.53,33.33,12.86,0.0,0.3,0.3,0.3,0.6,0.0,665052
FS,Split-Finger,OS,27,11.07,8,8,3,37.5,0,0.0,18,11,61.11,40.74,2,7.41,48.15,46.67,8.57,50.0,0.0,0.0,0.0,0.0,0.0,665052
SL,Slider,BR,24,9.84,10,7,2,20.0,3,30.0,9,1,11.11,4.17,4,16.67,20.83,8.33,22.86,12.5,0.286,0.5,0.429,0.929,0.143,665052
ST,Sweeper,BR,19,7.79,5,4,1,20.0,1,20.0,7,3,42.86,15.79,5,26.32,42.11,22.22,5.71,25.0,0.25,0.4,0.25,0.65,0.0,665052
FC,Cutter,FB,17,6.97,2,2,0,0.0,0,0.0,8,2,25.0,11.76,4,23.53,35.29,0.0,0.0,,1.0,1.0,3.0,4.0,2.0,665052
CU,Curveball,BR,15,6.15,3,3,3,100.0,0,0.0,5,4,80.0,26.67,4,26.67,53.33,37.5,7.14,60.0,0.0,0.0,0.0,0.0,0.0,665052
SI,Sinker,FB,14,5.74,2,2,2,100.0,0,0.0,4,1,25.0,7.14,5,35.71,42.86,16.67,5.71,50.0,0.0,0.0,0.0,0.0,0.0,665052
KC,Knuckle Curve,BR,10,4.1,2,2,0,0.0,0,0.0,5,1,20.0,10.0,2,20.0,30.0,16.67,5.71,0.0,0.0,0.0,0.0,0.0,0.0,665052
FO,Forkball,OS,2,0.82,1,1,0,0.0,0,0.0,1,0,0.0,0.0,0,0.0,0.0,0.0,0.0,,0.0,0.0,0.0,0.0,0.0,665052
FF,4-Seam Fastball,FB,82,33.47,21,21,5,23.81,0,0.0,44,11,25.0,13.41,14,17.07,30.49,37.5,29.23,21.05,0.238,0.238,0.333,0.571,0.095,665155
CH,Changeup,OS,49,20.0,11,10,5,45.45,1,9.09,22,13,59.09,26.53,1,2.04,28.57,25.0,23.08,33.33,0.2,0.273,0.5,0.773,0.3,665155
SL,Slider,BR,28,11.43,6,4,1,16.67,2,33.33,12,6,50.0,21.43,4,14.29,35.71,7.69,9.23,16.67,0.25,0.5,0.25,0.75,0.0,665155
SI,Sinker,FB,24,9.8,9,8,1,11.11,1,11.11,15,4,26.67,16.67,1,4.17,20.83,41.67,9.23,16.67,0.125,0.222,0.5,0.722,0.375,665155
FC,Cutter,FB,17,6.94,6,2,0,0.0,4,66.67,8,3,37.5,17.65,3,17.65,35.29,20.0,4.62,0.0,0.0,0.667,0.0,0.667,0.0,665155
CU,Curveball,BR,13,5.31,5,5,4,80.0,0,0.0,6,4,66.67,30.77,1,7.69,38.46,33.33,13.85,44.44,0.0,0.0,0.0,0.0,0.0,665155
FS,Split-Finger,OS,12,4.9,2,2,1,50.0,0,0.0,8,6,75.0,50.0,0,0.0,50.0,55.56,3.08,50.0,0.0,0.0,0.0,0.0,0.0,665155
ST,Sweeper,BR,11,4.49,2,2,2,100.0,0,0.0,1,0,0.0,0.0,3,27.27,27.27,0.0,6.15,50.0,0.0,0.0,0.0,0.0,0.0,665155
KC,Knuckle Curve,BR,9,3.67,0,0,0,,0,,0,0,,0.0,3,33.33,33.33,0.0,1.54,0.0,,,,,,665155
SI,Sinker,FB,333,23.24,93,82,9,9.68,5,5.38,134,12,8.96,3.6,80,24.02,27.63,16.22,15.27,16.98,0.341,0.419,0.5,0.919,0.1589999999999999,665161
SL,Slider,BR,302,21.07,103,97,23,22.33,3,2.91,171,56,32.75,18.54,30,9.93,28.48,44.97,24.21,27.38,0.258,0.291,0.351,0.6419999999999999,0.0929999999999999,665161
FF,4-Seam Fastball,FB,292,20.38,88,79,13,14.77,8,9.09,132,21,15.91,7.19,72,24.66,31.85,23.97,17.87,20.97,0.38,0.443,0.734,1.177,0.354,665161
ST,Sweeper,BR,147,10.26,53,51,11,20.75,1,1.89,84,30,35.71,20.41,12,8.16,28.57,43.18,15.27,20.75,0.333,0.34,0.471,0.8109999999999999,0.1379999999999999,665161
FC,Cutter,FB,130,9.07,40,35,3,7.5,4,10.0,74,18,24.32,13.85,20,15.38,29.23,42.19,6.05,14.29,0.314,0.385,0.4,0.785,0.086,665161
CH,Changeup,OS,91,6.35,25,22,9,36.0,2,8.0,45,21,46.67,23.08,6,6.59,29.67,28.57,9.51,27.27,0.273,0.36,0.591,0.951,0.3179999999999999,665161
FS,Split-Finger,OS,56,3.91,14,11,6,42.86,1,7.14,26,16,61.54,28.57,4,7.14,35.71,35.0,6.63,26.09,0.182,0.357,0.455,0.812,0.273,665161
CU,Curveball,BR,48,3.35,14,14,4,28.57,0,0.0,28,12,42.86,25.0,4,8.33,33.33,52.94,3.46,33.33,0.214,0.214,0.214,0.428,0.0,665161
KC,Knuckle Curve,BR,24,1.67,4,4,1,25.0,0,0.0,13,5,38.46,20.83,4,16.67,37.5,46.15,1.15,25.0,0.25,0.25,0.5,0.75,0.25,665161
,,,7,0.49,1,0,0,0.0,1,100.0,0,0,,0.0,0,0.0,0.0,,0.29,0.0,,1.0,,,,665161
SV,Slurve,BR,2,0.14,1,1,0,0.0,0,0.0,2,0,0.0,0.0,0,0.0,0.0,,0.29,0.0,0.0,0.0,0.0,0.0,0.0,665161
CS,Slow Curve,BR,1,0.07,0,0,0,,0,,0,0,,0.0,0,0.0,0.0,0.0,0.0,,,,,,,665161
FF,4-Seam Fastball,FB,477,24.7,127,108,21,16.54,18,14.17,233,53,22.75,11.11,77,16.14,27.25,17.53,23.51,17.8,0.333,0.433,0.593,1.026,0.2599999999999999,665487
SI,Sinker,FB,466,24.13,134,112,15,11.19,16,11.94,200,27,13.5,5.79,85,18.24,24.03,20.94,16.73,17.86,0.357,0.455,0.509,0.964,0.152,665487
SL,Slider,BR,327,16.93,91,79,19,20.88,12,13.19,147,52,35.37,15.9,36,11.01,26.91,27.59,20.12,17.82,0.19,0.297,0.304,0.601,0.1139999999999999,665487
ST,Sweeper,BR,179,9.27,38,37,7,18.42,1,2.63,80,26,32.5,14.53,24,13.41,27.93,25.0,10.36,13.46,0.297,0.316,0.784,1.1,0.487,665487
FC,Cutter,FB,132,6.84,33,30,4,12.12,3,9.09,65,15,23.08,11.36,16,12.12,23.48,31.94,4.58,17.39,0.333,0.394,0.5,0.894,0.1669999999999999,665487
CH,Changeup,OS,126,6.53,31,28,12,38.71,3,9.68,61,29,47.54,23.02,14,11.11,34.13,32.05,8.76,27.27,0.071,0.161,0.143,0.304,0.072,665487
CU,Curveball,BR,89,4.61,21,19,8,38.1,2,9.52,31,10,32.26,11.24,12,13.48,24.72,18.33,6.77,23.53,0.316,0.381,0.579,0.96,0.2629999999999999,665487
FS,Split-Finger,OS,80,4.14,17,15,5,29.41,2,11.76,38,20,52.63,25.0,5,6.25,31.25,32.08,4.38,22.73,0.2,0.294,0.267,0.5609999999999999,0.067,665487
KC,Knuckle Curve,BR,42,2.18,12,12,4,33.33,0,0.0,20,8,40.0,19.05,8,19.05,38.1,42.31,3.98,20.0,0.083,0.083,0.083,0.166,0.0,665487
,,,6,0.31,1,0,0,0.0,1,100.0,0,0,,0.0,0,0.0,0.0,,0.2,0.0,,1.0,,,,665487
SV,Slurve,BR,5,0.26,1,1,0,0.0,0,0.0,2,0,0.0,0.0,0,0.0,0.0,25.0,0.4,0.0,0.0,0.0,0.0,0.0,0.0,665487
CS,Slow Curve,BR,2,0.1,0,0,0,,0,,1,0,0.0,0.0,0,0.0,0.0,0.0,0.2,0.0,,,,,,665487
FF,4-Seam Fastball,FB,511,26.67,122,99,19,15.57,22,18.03,192,39,20.31,7.63,127,24.85,32.49,11.44,28.51,14.06,0.293,0.418,0.495,0.913,0.202,665489
SI,Sinker,FB,425,22.18,127,107,7,5.51,16,12.6,173,15,8.67,3.53,83,19.53,23.06,21.46,13.14,10.17,0.364,0.465,0.514,0.979,0.15,665489
SL,Slider,BR,311,16.23,83,79,11,13.25,4,4.82,136,34,25.0,10.93,44,14.15,25.08,20.62,14.48,16.92,0.278,0.313,0.418,0.731,0.1399999999999999,665489
ST,Sweeper,BR,173,9.03,42,40,14,33.33,2,4.76,78,32,41.03,18.5,21,12.14,30.64,27.72,11.58,26.92,0.15,0.19,0.35,0.54,0.1999999999999999,665489
FC,Cutter,FB,172,8.98,51,42,4,7.84,7,13.73,77,18,23.38,10.47,32,18.6,29.07,22.62,7.13,12.5,0.262,0.353,0.452,0.8049999999999999,0.19,665489
CH,Changeup,OS,142,7.41,41,40,11,26.83,0,0.0,67,17,25.37,11.97,14,9.86,21.83,33.33,13.36,18.33,0.2,0.22,0.35,0.57,0.1499999999999999,665489
FS,Split-Finger,OS,70,3.65,18,17,4,22.22,1,5.56,39,15,38.46,21.43,4,5.71,27.14,38.1,6.46,13.79,0.294,0.333,0.471,0.804,0.177,665489
CU,Curveball,BR,49,2.56,14,11,2,14.29,2,14.29,19,5,26.32,10.2,5,10.2,20.41,20.0,3.12,14.29,0.182,0.286,0.455,0.741,0.273,665489
KC,Knuckle Curve,BR,29,1.51,11,11,1,9.09,0,0.0,13,3,23.08,10.34,4,13.79,24.14,33.33,1.11,20.0,0.455,0.455,0.545,1.0,0.09,665489
,,,15,0.78,4,0,0,0.0,4,100.0,0,0,,0.0,0,0.0,0.0,,0.0,,,1.0,,,,665489
SV,Slurve,BR,9,0.47,4,4,0,0.0,0,0.0,6,0,0.0,0.0,1,11.11,11.11,50.0,0.67,0.0,0.0,0.0,0.0,0.0,0.0,665489
EP,Eephus,,4,0.21,1,1,0,0.0,0,0.0,1,0,0.0,0.0,1,25.0,25.0,0.0,0.0,,0.0,0.0,0.0,0.0,0.0,665489
FA,Other,,3,0.16,2,2,0,0.0,0,0.0,2,0,0.0,0.0,1,33.33,33.33,,0.0,,0.5,0.5,1.0,1.5,0.5,665489
CS,Slow Curve,BR,3,0.16,1,1,1,100.0,0,0.0,2,1,50.0,33.33,1,33.33,66.67,,0.45,50.0,0.0,0.0,0.0,0.0,0.0,665489
FF,4-Seam Fastball,FB,103,31.89,22,18,2,9.09,3,13.64,48,10,20.83,9.71,16,15.53,25.24,23.53,26.92,7.14,0.056,0.19,0.056,0.246,0.0,665561
SI,Sinker,FB,56,17.34,15,13,2,13.33,2,13.33,23,2,8.7,3.57,14,25.0,28.57,19.05,12.5,15.38,0.308,0.4,0.385,0.785,0.077,665561
SL,Slider,BR,39,12.07,9,8,2,22.22,0,0.0,20,8,40.0,20.51,5,12.82,33.33,40.91,14.42,13.33,0.125,0.222,0.25,0.472,0.125,665561
CH,Changeup,OS,36,11.15,14,12,3,21.43,1,7.14,21,7,33.33,19.44,1,2.78,22.22,39.13,18.27,15.79,0.167,0.214,0.167,0.381,0.0,665561
FC,Cutter,FB,30,9.29,7,7,0,0.0,0,0.0,15,0,0.0,0.0,4,13.33,13.33,25.0,9.62,0.0,0.571,0.571,1.143,1.714,0.5720000000000001,665561
CU,Curveball,BR,19,5.88,5,5,2,40.0,0,0.0,7,2,28.57,10.53,6,31.58,42.11,14.29,7.69,25.0,0.2,0.2,0.8,1.0,0.6000000000000001,665561
ST,Sweeper,BR,17,5.26,2,2,0,0.0,0,0.0,5,2,40.0,11.76,5,29.41,41.18,25.0,3.85,0.0,0.0,0.0,0.0,0.0,0.0,665561
FS,Split-Finger,OS,12,3.72,7,7,1,14.29,0,0.0,8,2,25.0,16.67,1,8.33,25.0,57.14,2.88,33.33,0.0,0.0,0.0,0.0,0.0,665561
KC,Knuckle Curve,BR,8,2.48,2,2,1,50.0,0,0.0,4,2,50.0,25.0,0,0.0,25.0,33.33,3.85,25.0,0.5,0.5,0.5,1.0,0.0,665561
FA,Other,,3,0.93,1,1,0,0.0,0,0.0,2,0,0.0,0.0,0,0.0,0.0,50.0,0.0,,0.0,0.0,0.0,0.0,0.0,665561
FF,4-Seam Fastball,FB,550,27.47,124,92,13,10.48,31,25.0,215,37,17.21,6.73,124,22.55,29.27,16.86,28.57,8.22,0.283,0.46,0.674,1.134,0.391,665742
SI,Sinker,FB,302,15.08,63,51,9,14.29,12,19.05,92,11,11.96,3.64,79,26.16,29.8,12.16,8.81,20.0,0.216,0.365,0.392,0.757,0.176,665742
CH,Changeup,OS,258,12.89,63,52,14,22.22,11,17.46,87,22,25.29,8.53,40,15.5,24.03,16.45,13.31,20.59,0.288,0.413,0.577,0.99,0.289,665742
SL,Slider,BR,223,11.14,56,50,14,25.0,6,10.71,75,18,24.0,8.07,48,21.52,29.6,14.29,13.31,20.59,0.3,0.375,0.56,0.935,0.26,665742
CU,Curveball,BR,172,8.59,35,26,6,17.14,8,22.86,39,10,25.64,5.81,39,22.67,28.49,8.0,9.98,11.76,0.231,0.429,0.692,1.121,0.4609999999999999,665742
FC,Cutter,FB,152,7.59,46,43,6,13.04,2,4.35,64,12,18.75,7.89,38,25.0,32.89,19.72,7.05,16.67,0.372,0.4,0.721,1.121,0.349,665742
FS,Split-Finger,OS,138,6.89,29,24,4,13.79,5,17.24,42,10,23.81,7.25,12,8.7,15.94,9.89,9.59,8.16,0.292,0.414,0.458,0.872,0.166,665742
ST,Sweeper,BR,92,4.6,25,22,7,28.0,2,8.0,28,7,25.0,7.61,19,20.65,28.26,8.89,5.87,23.33,0.227,0.28,0.455,0.7350000000000001,0.228,665742
KC,Knuckle Curve,BR,56,2.8,11,7,4,36.36,4,36.36,12,5,41.67,8.93,15,26.79,35.71,9.38,3.13,25.0,0.0,0.364,0.0,0.364,0.0,665742
,,,47,2.35,13,0,0,0.0,13,100.0,0,0,,0.0,0,0.0,0.0,,0.2,0.0,,1.0,,,,665742
SV,Slurve,BR,9,0.45,1,1,1,100.0,0,0.0,3,2,66.67,22.22,1,11.11,33.33,16.67,0.2,100.0,0.0,0.0,0.0,0.0,0.0,665742
EP,Eephus,,3,0.15,1,1,0,0.0,0,0.0,1,0,0.0,0.0,0,0.0,0.0,0.0,0.0,,1.0,1.0,1.0,2.0,0.0,665742
FF,4-Seam Fastball,FB,220,38.73,52,52,18,34.62,0,0.0,127,29,22.83,13.18,42,19.09,32.27,34.21,39.08,26.47,0.192,0.192,0.308,0.5,0.1159999999999999,665750
CH,Changeup,OS,74,13.03,20,20,5,25.0,0,0.0,43,13,30.23,17.57,4,5.41,22.97,43.18,15.52,18.52,0.2,0.2,0.55,0.75,0.35,665750
SI,Sinker,FB,69,12.15,20,18,5,25.0,2,10.0,29,3,10.34,4.35,16,23.19,27.54,28.12,11.49,25.0,0.278,0.35,0.389,0.739,0.1109999999999999,665750
FC,Cutter,FB,50,8.8,12,10,0,0.0,0,0.0,23,5,21.74,10.0,7,14.0,24.0,13.64,4.6,0.0,0.2,0.2,0.2,0.4,0.0,665750
FS,Split-Finger,OS,45,7.92,14,12,3,21.43,1,7.14,29,9,31.03,20.0,2,4.44,24.44,54.84,11.49,15.0,0.167,0.214,0.167,0.381,0.0,665750
ST,Sweeper,BR,34,5.99,11,11,2,18.18,0,0.0,17,3,17.65,8.82,7,20.59,29.41,33.33,5.75,20.0,0.182,0.182,0.273,0.455,0.091,665750
SL,Slider,BR,31,5.46,10,9,4,40.0,0,0.0,16,5,31.25,16.13,3,9.68,25.81,36.84,5.75,40.0,0.111,0.111,0.111,0.222,0.0,665750
CU,Curveball,BR,27,4.75,5,5,2,40.0,0,0.0,11,4,36.36,14.81,7,25.93,40.74,41.67,2.87,40.0,0.2,0.2,0.2,0.4,0.0,665750
KC,Knuckle Curve,BR,10,1.76,2,2,1,50.0,0,0.0,4,1,25.0,10.0,2,20.0,30.0,28.57,2.87,20.0,0.0,0.0,0.0,0.0,0.0,665750
FA,Other,,4,0.7,1,1,0,0.0,0,0.0,1,0,0.0,0.0,1,25.0,25.0,0.0,0.0,,0.0,0.0,0.0,0.0,0.0,665750
FO,Forkball,OS,3,0.53,1,1,0,0.0,0,0.0,1,0,0.0,0.0,1,33.33,33.33,50.0,0.0,,0.0,0.0,0.0,0.0,0.0,665750
,,,1,0.18,1,1,1,100.0,0,0.0,0,0,,0.0,0,0.0,0.0,,0.57,100.0,0.0,0.0,0.0,0.0,0.0,665750
FF,4-Seam Fastball,FB,90,30.1,18,15,1,5.56,2,11.11,46,5,10.87,5.56,14,15.56,21.11,23.26,26.19,4.55,0.4,0.444,0.733,1.177,0.3329999999999999,665804
SL,Slider,BR,53,17.73,15,15,3,20.0,0,0.0,26,9,34.62,16.98,10,18.87,35.85,37.93,19.05,18.75,0.267,0.267,0.4,0.667,0.133,665804
ST,Sweeper,BR,46,15.38,13,13,3,23.08,0,0.0,19,7,36.84,15.22,8,17.39,32.61,33.33,16.67,21.43,0.154,0.154,0.231,0.385,0.077,665804
SI,Sinker,FB,39,13.04,20,20,3,15.0,0,0.0,28,4,14.29,10.26,5,12.82,23.08,58.33,9.52,37.5,0.4,0.4,0.7,1.1,0.2999999999999999,665804
CU,Curveball,BR,18,6.02,5,5,1,20.0,0,0.0,5,1,20.0,5.56,3,16.67,22.22,9.09,5.95,20.0,0.4,0.4,1.2,1.6,0.7999999999999999,665804
KC,Knuckle Curve,BR,15,5.02,3,3,1,33.33,0,0.0,8,5,62.5,33.33,1,6.67,40.0,25.0,3.57,33.33,0.667,0.667,0.667,1.334,0.0,665804
FS,Split-Finger,OS,13,4.35,3,3,1,33.33,0,0.0,9,3,33.33,23.08,0,0.0,23.08,50.0,7.14,16.67,0.0,0.0,0.0,0.0,0.0,665804
CH,Changeup,OS,13,4.35,4,3,1,25.0,1,25.0,10,1,10.0,7.69,0,0.0,7.69,50.0,10.71,11.11,0.0,0.25,0.0,0.25,0.0,665804
FC,Cutter,FB,7,2.34,0,0,0,,0,,5,1,20.0,14.29,1,14.29,28.57,0.0,0.0,,,,,,,665804
FO,Forkball,OS,2,0.67,0,0,0,,0,,2,1,50.0,50.0,0,0.0,50.0,100.0,1.19,0.0,,,,,,665804
EP,Eephus,,1,0.33,0,0,0,,0,,1,0,0.0,0.0,0,0.0,0.0,,0.0,,,,,,,665804
FA,Other,,1,0.33,1,0,0,0.0,0,0.0,0,0,,0.0,0,0.0,0.0,0.0,0.0,,,1.0,,,,665804
PO,Pitch Out,,1,0.33,0,0,0,,0,,0,0,,0.0,0,0.0,0.0,0.0,0.0,,,,,,,665804
FF,4-Seam Fastball,FB,133,36.54,35,28,6,17.14,5,14.29,70,17,24.29,12.78,20,15.04,27.82,30.19,37.35,19.35,0.179,0.294,0.321,0.615,0.142,665828
CH,Changeup,OS,49,13.46,12,12,4,33.33,0,0.0,21,8,38.1,16.33,4,8.16,24.49,21.21,20.48,23.53,0.25,0.25,0.25,0.5,0.0,665828
SI,Sinker,FB,41,11.26,12,10,0,0.0,2,16.67,19,2,10.53,4.88,7,17.07,21.95,21.05,3.61,0.0,0.3,0.417,0.4,0.817,0.1,665828
FC,Cutter,FB,41,11.26,10,9,2,20.0,1,10.0,11,1,9.09,2.44,9,21.95,24.39,4.55,6.02,40.0,0.222,0.3,0.333,0.633,0.111,665828
SL,Slider,BR,28,7.69,9,7,1,11.11,1,11.11,13,3,23.08,10.71,3,10.71,21.43,33.33,4.82,25.0,0.429,0.556,0.571,1.127,0.1419999999999999,665828
CU,Curveball,BR,26,7.14,6,6,1,16.67,0,0.0,11,1,9.09,3.85,6,23.08,26.92,43.75,4.82,25.0,0.167,0.167,0.167,0.334,0.0,665828
FS,Split-Finger,OS,19,5.22,9,9,2,22.22,0,0.0,12,2,16.67,10.53,2,10.53,21.05,50.0,4.82,50.0,0.111,0.111,0.111,0.222,0.0,665828
ST,Sweeper,BR,15,4.12,4,4,2,50.0,0,0.0,8,2,25.0,13.33,3,20.0,33.33,50.0,8.43,28.57,0.5,0.5,0.5,1.0,0.0,665828
KC,Knuckle Curve,BR,10,2.75,4,3,3,75.0,1,25.0,5,3,60.0,30.0,2,20.0,50.0,50.0,8.43,42.86,0.0,0.25,0.0,0.25,0.0,665828
SV,Slurve,BR,2,0.55,0,0,0,,0,,1,0,0.0,0.0,0,0.0,0.0,0.0,1.2,0.0,,,,,,665828
FF,4-Seam Fastball,FB,425,24.0,108,92,34,31.48,15,13.89,173,40,23.12,9.41,93,21.88,31.29,19.7,23.84,25.56,0.207,0.315,0.467,0.782,0.26,665833
CH,Changeup,OS,312,17.62,62,55,18,29.03,5,8.06,135,58,42.96,18.59,37,11.86,30.45,34.42,15.95,20.22,0.182,0.246,0.364,0.61,0.182,665833
CU,Curveball,BR,227,12.82,51,45,23,45.1,4,7.84,86,40,46.51,17.62,53,23.35,40.97,31.5,14.87,27.71,0.156,0.216,0.333,0.549,0.177,665833
SL,Slider,BR,222,12.54,48,44,17,35.42,4,8.33,97,40,41.24,18.02,31,13.96,31.98,25.4,15.41,19.77,0.159,0.229,0.432,0.661,0.273,665833
SI,Sinker,FB,192,10.84,59,52,14,23.73,5,8.47,84,13,15.48,6.77,44,22.92,29.69,30.11,8.24,30.43,0.365,0.424,0.558,0.982,0.193,665833
FC,Cutter,FB,119,6.72,33,27,4,12.12,6,18.18,61,10,16.39,8.4,13,10.92,19.33,22.64,5.38,13.33,0.333,0.455,0.593,1.048,0.2599999999999999,665833
ST,Sweeper,BR,96,5.42,19,16,9,47.37,2,10.53,25,7,28.0,7.29,34,35.42,42.71,25.0,5.91,27.27,0.125,0.263,0.375,0.638,0.25,665833
FS,Split-Finger,OS,81,4.57,18,17,6,33.33,1,5.56,32,10,31.25,12.35,8,9.88,22.22,31.67,5.02,21.43,0.353,0.389,0.412,0.8009999999999999,0.059,665833
KC,Knuckle Curve,BR,63,3.56,13,11,3,23.08,1,7.69,25,9,36.0,14.29,12,19.05,33.33,39.02,3.76,14.29,0.273,0.385,0.273,0.658,0.0,665833
,,,15,0.85,4,0,0,0.0,4,100.0,0,0,,0.0,0,0.0,0.0,,0.0,,,1.0,,,,665833
SV,Slurve,BR,11,0.62,2,1,1,50.0,1,50.0,3,1,33.33,9.09,4,36.36,45.45,33.33,1.08,16.67,0.0,0.5,0.0,0.5,0.0,665833
FO,Forkball,OS,5,0.28,2,2,1,50.0,0,0.0,4,2,50.0,40.0,0,0.0,40.0,66.67,0.36,50.0,0.5,0.5,0.5,1.0,0.0,665833
CS,Slow Curve,BR,2,0.11,0,0,0,,0,,0,0,,0.0,0,0.0,0.0,0.0,0.18,0.0,,,,,,665833
SC,Screwball,,1,0.06,1,1,0,0.0,0,0.0,1,0,0.0,0.0,0,0.0,0.0,,0.0,,0.0,0.0,0.0,0.0,0.0,665833
FF,4-Seam Fastball,FB,123,34.45,31,24,4,12.9,7,22.58,52,9,17.31,7.32,32,26.02,33.33,21.28,36.19,10.53,0.25,0.419,0.5,0.919,0.25,665839
SI,Sinker,FB,45,12.61,10,9,1,10.0,1,10.0,16,1,6.25,2.22,13,28.89,31.11,20.0,9.52,10.0,0.222,0.3,0.222,0.522,0.0,665839
SL,Slider,BR,42,11.76,7,6,0,0.0,1,14.29,21,2,9.52,4.76,6,14.29,19.05,22.22,17.14,0.0,0.333,0.429,0.667,1.096,0.334,665839
CH,Changeup,OS,35,9.8,13,13,2,15.38,0,0.0,20,7,35.0,20.0,5,14.29,34.29,42.86,5.71,33.33,0.231,0.231,0.385,0.616,0.154,665839
CU,Curveball,BR,28,7.84,8,8,2,25.0,0,0.0,11,2,18.18,7.14,6,21.43,28.57,38.89,11.43,16.67,0.125,0.125,0.125,0.25,0.0,665839
FC,Cutter,FB,28,7.84,8,8,0,0.0,0,0.0,14,1,7.14,3.57,7,25.0,28.57,33.33,3.81,0.0,0.25,0.25,0.625,0.875,0.375,665839
ST,Sweeper,BR,27,7.56,5,5,1,20.0,0,0.0,9,4,44.44,14.81,7,25.93,40.74,18.75,4.76,20.0,0.2,0.2,0.4,0.6000000000000001,0.2,665839
FS,Split-Finger,OS,13,3.64,4,4,2,50.0,0,0.0,6,3,50.0,23.08,3,23.08,46.15,37.5,3.81,50.0,0.25,0.25,0.25,0.5,0.0,665839
KC,Knuckle Curve,BR,13,3.64,4,3,1,25.0,1,25.0,4,1,25.0,7.69,4,30.77,38.46,16.67,5.71,16.67,0.0,0.25,0.0,0.25,0.0,665839
FO,Forkball,OS,3,0.84,1,1,1,100.0,0,0.0,1,1,100.0,33.33,0,0.0,33.33,33.33,1.9,50.0,0.0,0.0,0.0,0.0,0.0,665839
FF,4-Seam Fastball,FB,38,34.55,7,7,2,28.57,0,0.0,22,8,36.36,21.05,2,5.26,26.32,36.84,50.0,10.0,0.143,0.143,0.143,0.286,0.0,665861
FC,Cutter,FB,20,18.18,8,8,2,25.0,0,0.0,15,5,33.33,25.0,2,10.0,35.0,66.67,12.5,40.0,0.25,0.25,0.375,0.625,0.125,665861
SI,Sinker,FB,18,16.36,3,3,0,0.0,0,0.0,9,0,0.0,0.0,6,33.33,33.33,60.0,5.0,0.0,0.0,0.0,0.0,0.0,0.0,665861
SL,Slider,BR,13,11.82,5,5,3,60.0,0,0.0,9,6,66.67,46.15,1,7.69,53.85,57.14,15.0,50.0,0.2,0.2,0.4,0.6000000000000001,0.2,665861
ST,Sweeper,BR,8,7.27,3,3,1,33.33,0,0.0,5,2,40.0,25.0,1,12.5,37.5,33.33,7.5,33.33,0.333,0.333,0.333,0.666,0.0,665861
CH,Changeup,OS,5,4.55,1,1,1,100.0,0,0.0,5,4,80.0,80.0,0,0.0,80.0,100.0,5.0,50.0,0.0,0.0,0.0,0.0,0.0,665861
CU,Curveball,BR,4,3.64,1,1,0,0.0,0,0.0,3,0,0.0,0.0,0,0.0,0.0,50.0,5.0,0.0,0.0,0.0,0.0,0.0,0.0,665861
EP,Eephus,,2,1.82,1,1,0,0.0,0,0.0,1,0,0.0,0.0,0,0.0,0.0,0.0,0.0,,0.0,0.0,0.0,0.0,0.0,665861
FS,Split-Finger,OS,1,0.91,0,0,0,,0,,0,0,,0.0,0,0.0,0.0,,0.0,,,,,,,665861
KC,Knuckle Curve,BR,1,0.91,0,0,0,,0,,1,0,0.0,0.0,0,0.0,0.0,,0.0,,,,,,,665861
FF,4-Seam Fastball,FB,472,30.08,135,114,36,26.67,19,14.07,235,62,26.38,13.14,71,15.04,28.18,19.51,29.96,26.47,0.228,0.341,0.491,0.8320000000000001,0.263,665862
CH,Changeup,OS,257,16.38,64,56,13,20.31,7,10.94,108,40,37.04,15.56,22,8.56,24.12,26.97,16.3,17.57,0.286,0.359,0.375,0.734,0.089,665862
SL,Slider,BR,188,11.98,52,44,25,48.08,8,15.38,86,44,51.16,23.4,31,16.49,39.89,30.84,13.0,42.37,0.114,0.25,0.182,0.432,0.0679999999999999,665862
SI,Sinker,FB,154,9.82,41,38,11,26.83,3,7.32,80,12,15.0,7.79,23,14.94,22.73,29.23,8.15,29.73,0.263,0.317,0.711,1.028,0.4479999999999999,665862
FC,Cutter,FB,137,8.73,27,25,9,33.33,2,7.41,71,28,39.44,20.44,21,15.33,35.77,30.16,7.05,28.12,0.28,0.333,0.76,1.093,0.48,665862
FS,Split-Finger,OS,119,7.58,20,19,6,30.0,1,5.0,61,27,44.26,22.69,6,5.04,27.73,28.17,9.47,13.95,0.316,0.35,0.421,0.7709999999999999,0.1049999999999999,665862
ST,Sweeper,BR,104,6.63,19,17,7,36.84,1,5.26,32,11,34.38,10.58,30,28.85,39.42,22.22,6.39,24.14,0.176,0.263,0.588,0.851,0.412,665862
CU,Curveball,BR,95,6.05,16,14,4,25.0,2,12.5,43,14,32.56,14.74,20,21.05,35.79,38.18,6.83,12.9,0.214,0.312,0.5,0.812,0.286,665862
KC,Knuckle Curve,BR,24,1.53,6,5,1,16.67,1,16.67,10,2,20.0,8.33,4,16.67,25.0,40.0,1.98,11.11,0.8,0.833,2.6,3.433,1.8,665862
SV,Slurve,BR,5,0.32,0,0,0,,0,,2,0,0.0,0.0,2,40.0,40.0,0.0,0.22,0.0,,,,,,665862
FA,Other,,5,0.32,1,1,0,0.0,0,0.0,4,1,25.0,20.0,0,0.0,20.0,50.0,0.44,0.0,0.0,0.0,0.0,0.0,0.0,665862
,,,5,0.32,2,0,0,0.0,2,100.0,0,0,,0.0,0,0.0,0.0,,0.22,0.0,,1.0,,,,665862
EP,Eephus,,4,0.25,1,0,0,0.0,1,100.0,0,0,,0.0,0,0.0,0.0,0.0,0.0,,,1.0,,,,665862
FF,4-Seam Fastball,FB,66,28.82,17,11,2,11.76,4,23.53,28,4,14.29,6.06,12,18.18,24.24,25.0,24.62,12.5,0.182,0.438,0.273,0.7110000000000001,0.091,665877
SI,Sinker,FB,47,20.52,12,12,0,0.0,0,0.0,20,1,5.0,2.13,14,29.79,31.91,5.88,10.77,0.0,0.333,0.333,0.667,1.0,0.334,665877
ST,Sweeper,BR,42,18.34,7,6,3,42.86,1,14.29,7,3,42.86,7.14,12,28.57,35.71,8.0,24.62,18.75,0.167,0.286,0.167,0.4529999999999999,0.0,665877
SL,Slider,BR,28,12.23,10,10,1,10.0,0,0.0,13,1,7.69,3.57,7,25.0,28.57,10.0,13.85,11.11,0.6,0.6,0.8,1.4,0.2,665877
FC,Cutter,FB,19,8.3,6,4,0,0.0,2,33.33,6,1,16.67,5.26,2,10.53,15.79,25.0,9.23,0.0,0.25,0.5,0.25,0.75,0.0,665877
CH,Changeup,OS,15,6.55,4,4,2,50.0,0,0.0,10,4,40.0,26.67,1,6.67,33.33,60.0,13.85,22.22,0.0,0.0,0.0,0.0,0.0,665877
CU,Curveball,BR,8,3.49,2,2,0,0.0,0,0.0,3,1,33.33,12.5,1,12.5,25.0,33.33,1.54,0.0,0.0,0.0,0.0,0.0,0.0,665877
FS,Split-Finger,OS,4,1.75,1,1,0,0.0,0,0.0,3,0,0.0,0.0,0,0.0,0.0,0.0,1.54,0.0,0.0,0.0,0.0,0.0,0.0,665877
ST,Sweeper,BR,9,40.91,2,1,0,0.0,1,50.0,4,1,25.0,11.11,2,22.22,33.33,40.0,28.57,0.0,0.0,0.5,0.0,0.5,0.0,665923
SI,Sinker,FB,5,22.73,0,0,0,,0,,1,1,100.0,20.0,2,40.0,60.0,33.33,0.0,,,,,,,665923
FF,4-Seam Fastball,FB,4,18.18,1,1,0,0.0,0,0.0,1,0,0.0,0.0,1,25.0,25.0,0.0,28.57,0.0,0.0,0.0,0.0,0.0,0.0,665923
CH,Changeup,OS,4,18.18,2,2,1,50.0,0,0.0,3,2,66.67,50.0,0,0.0,50.0,0.0,42.86,33.33,0.5,0.5,0.5,1.0,0.0,665923
FF,4-Seam Fastball,FB,456,39.48,102,90,20,19.61,8,7.84,240,52,21.67,11.4,84,18.42,29.82,35.05,41.49,12.82,0.244,0.333,0.444,0.777,0.2,665926
CH,Changeup,OS,179,15.5,54,50,8,14.81,2,3.7,101,28,27.72,15.64,13,7.26,22.91,42.48,15.96,13.33,0.18,0.204,0.18,0.384,0.0,665926
SL,Slider,BR,111,9.61,31,25,7,22.58,4,12.9,58,17,29.31,15.32,11,9.91,25.23,29.31,12.77,14.58,0.16,0.29,0.16,0.4499999999999999,0.0,665926
SI,Sinker,FB,107,9.26,26,22,2,7.69,2,7.69,52,10,19.23,9.35,25,23.36,32.71,33.33,5.32,10.0,0.136,0.208,0.182,0.39,0.0459999999999999,665926
FC,Cutter,FB,98,8.48,16,13,0,0.0,2,12.5,45,5,11.11,5.1,18,18.37,23.47,21.95,5.85,0.0,0.154,0.312,0.154,0.4659999999999999,0.0,665926
CU,Curveball,BR,94,8.14,21,19,6,28.57,1,4.76,37,10,27.03,10.64,14,14.89,25.53,23.64,9.04,17.65,0.211,0.286,0.368,0.6539999999999999,0.157,665926
FS,Split-Finger,OS,49,4.24,15,14,2,13.33,1,6.67,25,6,24.0,12.24,4,8.16,20.41,39.29,3.46,15.38,0.429,0.467,0.714,1.181,0.285,665926
ST,Sweeper,BR,33,2.86,11,9,0,0.0,1,9.09,15,1,6.67,3.03,6,18.18,21.21,13.33,2.93,0.0,0.556,0.636,0.667,1.303,0.1109999999999999,665926
KC,Knuckle Curve,BR,19,1.65,7,6,2,28.57,0,0.0,11,3,27.27,15.79,2,10.53,26.32,25.0,1.86,28.57,0.0,0.143,0.0,0.143,0.0,665926
SV,Slurve,BR,8,0.69,0,0,0,,0,,4,1,25.0,12.5,1,12.5,25.0,25.0,1.06,0.0,,,,,,665926
CS,Slow Curve,BR,1,0.09,1,1,1,100.0,0,0.0,1,1,100.0,100.0,0,0.0,100.0,100.0,0.27,100.0,0.0,0.0,0.0,0.0,0.0,665926
FF,4-Seam Fastball,FB,35,37.63,10,10,3,30.0,0,0.0,20,7,35.0,20.0,8,22.86,42.86,57.14,33.33,50.0,0.1,0.1,0.1,0.2,0.0,665953
SL,Slider,BR,20,21.51,6,6,3,50.0,0,0.0,6,2,33.33,10.0,3,15.0,25.0,0.0,33.33,50.0,0.0,0.0,0.0,0.0,0.0,665953
SI,Sinker,FB,14,15.05,4,2,0,0.0,0,0.0,4,1,25.0,7.14,3,21.43,28.57,12.5,16.67,0.0,0.5,0.667,0.5,1.167,0.0,665953
ST,Sweeper,BR,12,12.9,3,2,1,33.33,0,0.0,4,1,25.0,8.33,2,16.67,25.0,14.29,16.67,33.33,0.5,0.333,2.0,2.333,1.5,665953
FC,Cutter,FB,6,6.45,2,2,0,0.0,0,0.0,4,1,25.0,16.67,1,16.67,33.33,66.67,0.0,,0.0,0.0,0.0,0.0,0.0,665953
CU,Curveball,BR,3,3.23,1,1,0,0.0,0,0.0,1,0,0.0,0.0,1,33.33,33.33,0.0,0.0,,0.0,0.0,0.0,0.0,0.0,665953
CH,Changeup,OS,3,3.23,1,1,0,0.0,0,0.0,3,1,33.33,33.33,0,0.0,33.33,,0.0,,0.0,0.0,0.0,0.0,0.0,665953
FF,4-Seam Fastball,FB,444,34.34,108,96,35,32.41,12,11.11,237,75,31.65,16.89,66,14.86,31.76,28.42,37.85,21.6,0.229,0.315,0.427,0.742,0.1979999999999999,665966
SI,Sinker,FB,248,19.18,61,54,12,19.67,4,6.56,112,12,10.71,4.84,68,27.42,32.26,30.21,12.62,22.22,0.222,0.288,0.352,0.6399999999999999,0.1299999999999999,665966
SL,Slider,BR,188,14.54,48,43,10,20.83,4,8.33,95,37,38.95,19.68,20,10.64,30.32,29.29,13.32,17.54,0.302,0.354,0.465,0.819,0.163,665966
ST,Sweeper,BR,111,8.58,29,28,12,41.38,0,0.0,50,17,34.0,15.32,11,9.91,25.23,29.58,12.15,23.08,0.214,0.207,0.571,0.7779999999999999,0.357,665966
FC,Cutter,FB,107,8.28,24,22,6,25.0,2,8.33,60,17,28.33,15.89,13,12.15,28.04,32.69,6.54,21.43,0.091,0.167,0.136,0.303,0.045,665966
CU,Curveball,BR,64,4.95,15,15,2,13.33,0,0.0,20,4,20.0,6.25,11,17.19,23.44,20.51,3.97,11.76,0.333,0.333,0.667,1.0,0.334,665966
FS,Split-Finger,OS,48,3.71,12,11,3,25.0,1,8.33,25,7,28.0,14.58,2,4.17,18.75,39.39,6.54,10.71,0.273,0.333,0.455,0.788,0.182,665966
CH,Changeup,OS,46,3.56,7,7,1,14.29,0,0.0,24,5,20.83,10.87,4,8.7,19.57,39.29,4.67,5.0,0.143,0.143,0.286,0.4289999999999999,0.143,665966
SV,Slurve,BR,12,0.93,5,5,2,40.0,0,0.0,7,4,57.14,33.33,2,16.67,50.0,50.0,0.47,100.0,0.2,0.2,0.2,0.4,0.0,665966
KC,Knuckle Curve,BR,10,0.77,3,3,0,0.0,0,0.0,4,1,25.0,10.0,2,20.0,30.0,20.0,0.93,0.0,0.333,0.333,0.333,0.666,0.0,665966
EP,Eephus,,9,0.7,2,2,0,0.0,0,0.0,2,0,0.0,0.0,5,55.56,55.56,0.0,0.23,0.0,1.0,1.0,1.5,2.5,0.5,665966
FA,Other,,3,0.23,2,2,0,0.0,0,0.0,2,0,0.0,0.0,1,33.33,33.33,0.0,0.47,0.0,0.5,0.5,1.0,1.5,0.5,665966
FO,Forkball,OS,1,0.08,0,0,0,,0,,0,0,,0.0,0,0.0,0.0,0.0,0.23,0.0,,,,,,665966
PO,Pitch Out,,1,0.08,0,0,0,,0,,0,0,,0.0,0,0.0,0.0,0.0,0.0,,,,,,,665966
,,,1,0.08,0,0,0,,0,,0,0,,0.0,0,0.0,0.0,,0.0,,,,,,,665966
FF,4-Seam Fastball,FB,520,38.66,101,88,27,26.73,10,9.9,248,58,23.39,11.15,71,13.65,24.81,22.04,39.78,15.25,0.341,0.406,0.58,0.986,0.2389999999999999,666018
SI,Sinker,FB,157,11.67,45,40,11,24.44,5,11.11,78,13,16.67,8.28,26,16.56,24.84,19.05,10.56,23.4,0.325,0.4,0.5,0.9,0.175,666018
CH,Changeup,OS,141,10.48,38,35,3,7.89,3,7.89,67,11,16.42,7.8,9,6.38,14.18,32.63,9.44,7.14,0.371,0.421,0.514,0.935,0.143,666018
SL,Slider,BR,136,10.11,36,31,12,33.33,4,11.11,74,23,31.08,16.91,20,14.71,31.62,40.28,12.58,21.43,0.323,0.389,0.613,1.002,0.29,666018
FC,Cutter,FB,128,9.52,35,30,9,25.71,2,5.71,78,26,33.33,20.31,15,11.72,32.03,38.33,8.54,23.68,0.233,0.343,0.5,0.843,0.267,666018
CU,Curveball,BR,82,6.1,19,19,5,26.32,0,0.0,43,15,34.88,18.29,15,18.29,36.59,39.02,5.62,20.0,0.368,0.368,0.526,0.894,0.158,666018
FS,Split-Finger,OS,75,5.58,26,24,7,26.92,2,7.69,42,10,23.81,13.33,7,9.33,22.67,33.33,6.52,24.14,0.375,0.423,0.417,0.84,0.0419999999999999,666018
ST,Sweeper,BR,52,3.87,9,8,3,33.33,0,0.0,29,5,17.24,9.62,10,19.23,28.85,38.1,4.72,14.29,0.5,0.556,0.875,1.431,0.375,666018
KC,Knuckle Curve,BR,23,1.71,6,6,2,33.33,0,0.0,12,5,41.67,21.74,5,21.74,43.48,45.45,0.9,50.0,0.167,0.167,0.333,0.5,0.166,666018
,,,16,1.19,5,2,0,0.0,3,60.0,2,0,0.0,0.0,1,6.25,6.25,,0.0,,0.0,0.6,0.0,0.6,0.0,666018
EP,Eephus,,7,0.52,2,1,0,0.0,0,0.0,2,1,50.0,14.29,2,28.57,42.86,25.0,0.22,0.0,0.0,0.5,0.0,0.5,0.0,666018
SV,Slurve,BR,7,0.52,2,2,1,50.0,0,0.0,3,1,33.33,14.29,2,28.57,42.86,25.0,0.9,25.0,0.0,0.0,0.0,0.0,0.0,666018
CS,Slow Curve,BR,1,0.07,0,0,0,,0,,0,0,,0.0,0,0.0,0.0,0.0,0.22,0.0,,,,,,666018
FF,4-Seam Fastball,FB,282,29.31,67,60,15,22.39,4,5.97,163,33,20.25,11.7,44,15.6,27.3,35.94,32.59,12.82,0.3,0.344,0.367,0.711,0.067,666023
SI,Sinker,FB,191,19.85,55,46,5,9.09,6,10.91,97,10,10.31,5.24,36,18.85,24.08,37.35,11.14,12.5,0.283,0.377,0.37,0.747,0.087,666023
SL,Slider,BR,175,18.19,46,44,9,19.57,2,4.35,90,28,31.11,16.0,19,10.86,26.86,28.26,16.16,15.52,0.295,0.326,0.386,0.712,0.091,666023
ST,Sweeper,BR,138,14.35,30,29,6,20.0,1,3.33,71,19,26.76,13.77,21,15.22,28.99,25.0,17.55,9.52,0.172,0.2,0.276,0.476,0.104,666023
FC,Cutter,FB,67,6.96,15,14,3,20.0,0,0.0,36,7,19.44,10.45,11,16.42,26.87,22.22,5.01,16.67,0.143,0.2,0.357,0.5569999999999999,0.214,666023
CU,Curveball,BR,36,3.74,6,6,1,16.67,0,0.0,17,3,17.65,8.33,2,5.56,13.89,19.05,6.69,4.17,0.167,0.167,0.333,0.5,0.166,666023
FS,Split-Finger,OS,27,2.81,6,6,2,33.33,0,0.0,14,2,14.29,7.41,3,11.11,18.52,33.33,5.01,11.11,0.167,0.167,0.167,0.334,0.0,666023
CH,Changeup,OS,21,2.18,8,8,1,12.5,0,0.0,11,2,18.18,9.52,1,4.76,14.29,18.18,3.62,7.69,0.375,0.375,0.5,0.875,0.125,666023
KC,Knuckle Curve,BR,21,2.18,6,6,1,16.67,0,0.0,10,1,10.0,4.76,2,9.52,14.29,10.0,1.95,14.29,0.333,0.333,0.5,0.833,0.1669999999999999,666023
SV,Slurve,BR,2,0.21,1,1,0,0.0,0,0.0,1,0,0.0,0.0,0,0.0,0.0,50.0,0.28,0.0,1.0,1.0,1.0,2.0,0.0,666023
,,,2,0.21,0,0,0,,0,,0,0,,0.0,0,0.0,0.0,,0.0,,,,,,,666023
FF,4-Seam Fastball,FB,123,34.55,26,26,4,15.38,0,0.0,68,10,14.71,8.13,21,17.07,25.2,37.04,25.96,14.81,0.385,0.385,0.731,1.116,0.346,666126
CH,Changeup,OS,57,16.01,17,15,7,41.18,0,0.0,28,14,50.0,24.56,10,17.54,42.11,24.0,25.96,25.93,0.267,0.235,0.4,0.635,0.133,666126
SI,Sinker,FB,47,13.2,11,10,0,0.0,1,9.09,18,0,0.0,0.0,8,17.02,17.02,0.0,10.58,0.0,0.2,0.273,0.2,0.473,0.0,666126
SL,Slider,BR,33,9.27,11,10,3,27.27,1,9.09,21,4,19.05,12.12,2,6.06,18.18,41.18,14.42,20.0,0.3,0.364,0.9,1.264,0.6000000000000001,666126
FC,Cutter,FB,26,7.3,5,5,1,20.0,0,0.0,12,2,16.67,7.69,4,15.38,23.08,26.67,4.81,20.0,0.6,0.6,0.6,1.2,0.0,666126
ST,Sweeper,BR,20,5.62,7,6,1,14.29,1,14.29,11,3,27.27,15.0,2,10.0,25.0,50.0,4.81,20.0,0.167,0.286,0.167,0.4529999999999999,0.0,666126
CU,Curveball,BR,20,5.62,6,6,2,33.33,0,0.0,9,3,33.33,15.0,3,15.0,30.0,20.0,6.73,28.57,0.167,0.167,0.333,0.5,0.166,666126
FS,Split-Finger,OS,17,4.78,6,6,2,33.33,0,0.0,9,5,55.56,29.41,3,17.65,47.06,37.5,3.85,50.0,0.0,0.0,0.0,0.0,0.0,666126
KC,Knuckle Curve,BR,7,1.97,2,2,0,0.0,0,0.0,3,0,0.0,0.0,1,14.29,14.29,0.0,2.88,0.0,0.0,0.0,0.0,0.0,0.0,666126
EP,Eephus,,4,1.12,2,2,0,0.0,0,0.0,2,0,0.0,0.0,1,25.0,25.0,50.0,0.0,,1.0,1.0,3.0,4.0,2.0,666126
FA,Other,,2,0.56,1,1,0,0.0,0,0.0,1,0,0.0,0.0,1,50.0,50.0,,0.0,,1.0,1.0,1.0,2.0,0.0,666126
FF,4-Seam Fastball,FB,579,43.14,144,119,30,20.83,19,13.19,292,64,21.92,11.05,82,14.16,25.22,14.02,41.36,17.65,0.218,0.319,0.345,0.6639999999999999,0.1269999999999999,666134
CH,Changeup,OS,172,12.82,47,45,13,27.66,2,4.26,94,35,37.23,20.35,17,9.88,30.23,45.37,13.63,23.21,0.244,0.277,0.356,0.633,0.1119999999999999,666134
FC,Cutter,FB,123,9.17,19,17,4,21.05,1,5.26,52,13,25.0,10.57,23,18.7,29.27,12.0,5.11,19.05,0.353,0.389,0.353,0.742,0.0,666134
SL,Slider,BR,100,7.45,27,27,7,25.93,0,0.0,49,15,30.61,15.0,17,17.0,32.0,40.0,9.0,18.92,0.222,0.222,0.407,0.629,0.1849999999999999,666134
SI,Sinker,FB,97,7.23,31,25,9,29.03,6,19.35,38,6,15.79,6.19,24,24.74,30.93,11.76,7.54,29.03,0.16,0.323,0.2,0.523,0.04,666134
ST,Sweeper,BR,76,5.66,14,11,3,21.43,1,7.14,23,6,26.09,7.89,21,27.63,35.53,23.08,6.33,11.54,0.273,0.429,0.545,0.974,0.272,666134
FS,Split-Finger,OS,70,5.22,13,13,5,38.46,0,0.0,35,15,42.86,21.43,6,8.57,30.0,40.82,7.79,15.62,0.077,0.077,0.154,0.2309999999999999,0.077,666134
CU,Curveball,BR,69,5.14,10,9,3,30.0,0,0.0,14,4,28.57,5.8,23,33.33,39.13,13.51,4.14,17.65,0.222,0.3,0.444,0.744,0.222,666134
KC,Knuckle Curve,BR,49,3.65,14,12,6,42.86,2,14.29,25,11,44.0,22.45,8,16.33,38.78,54.84,4.38,33.33,0.167,0.286,0.167,0.4529999999999999,0.0,666134
,,,4,0.3,2,0,0,0.0,2,100.0,0,0,,0.0,0,0.0,0.0,,0.49,0.0,,1.0,,,,666134
SV,Slurve,BR,3,0.22,1,1,1,100.0,0,0.0,1,1,100.0,33.33,0,0.0,33.33,0.0,0.24,100.0,0.0,0.0,0.0,0.0,0.0,666134
FF,4-Seam Fastball,FB,473,36.08,84,71,17,20.24,11,13.1,242,71,29.34,15.01,64,13.53,28.54,22.22,32.67,11.56,0.239,0.345,0.493,0.838,0.254,666139
CH,Changeup,OS,162,12.36,46,44,5,10.87,2,4.35,93,16,17.2,9.88,8,4.94,14.81,42.45,12.67,8.77,0.295,0.326,0.523,0.849,0.228,666139
SI,Sinker,FB,148,11.29,31,29,9,29.03,2,6.45,84,22,26.19,14.86,15,10.14,25.0,25.81,10.44,19.15,0.207,0.258,0.241,0.499,0.034,666139
SL,Slider,BR,132,10.07,41,38,15,36.59,1,2.44,81,21,25.93,15.91,12,9.09,25.0,53.85,12.0,27.78,0.158,0.2,0.184,0.384,0.0259999999999999,666139
FC,Cutter,FB,130,9.92,32,27,6,18.75,4,12.5,69,25,36.23,19.23,14,10.77,30.0,31.25,7.78,17.14,0.259,0.355,0.556,0.911,0.297,666139
CU,Curveball,BR,84,6.41,32,31,8,25.0,1,3.12,53,12,22.64,14.29,9,10.71,25.0,60.0,7.33,24.24,0.323,0.344,0.645,0.989,0.322,666139
FS,Split-Finger,OS,68,5.19,18,18,2,11.11,0,0.0,45,11,24.44,16.18,4,5.88,22.06,52.5,5.33,8.33,0.111,0.111,0.222,0.333,0.111,666139
ST,Sweeper,BR,46,3.51,12,10,3,25.0,2,16.67,19,3,15.79,6.52,11,23.91,30.43,42.31,3.56,18.75,0.4,0.5,0.4,0.9,0.0,666139
KC,Knuckle Curve,BR,37,2.82,9,8,4,44.44,1,11.11,21,9,42.86,24.32,4,10.81,35.14,52.17,3.78,23.53,0.125,0.222,0.125,0.347,0.0,666139
,,,22,1.68,3,2,0,0.0,1,33.33,12,0,0.0,0.0,1,4.55,4.55,,3.11,0.0,0.5,0.667,0.5,1.167,0.0,666139
SV,Slurve,BR,7,0.53,2,2,1,50.0,0,0.0,4,1,25.0,14.29,0,0.0,14.29,40.0,1.33,16.67,0.0,0.0,0.0,0.0,0.0,666139
FA,Other,,2,0.15,1,1,0,0.0,0,0.0,2,0,0.0,0.0,0,0.0,0.0,,0.0,,1.0,1.0,1.0,2.0,0.0,666139
FF,4-Seam Fastball,FB,167,27.2,45,40,12,26.67,3,6.67,88,18,20.45,10.78,38,22.75,33.53,26.79,25.68,21.05,0.125,0.186,0.15,0.3359999999999999,0.0249999999999999,666149
SL,Slider,BR,140,22.8,37,33,10,27.03,1,2.7,77,32,41.56,22.86,14,10.0,32.86,36.84,22.97,19.61,0.212,0.229,0.303,0.532,0.091,666149
SI,Sinker,FB,91,14.82,31,30,3,9.68,0,0.0,51,6,11.76,6.59,23,25.27,31.87,34.48,9.91,13.64,0.333,0.355,0.5,0.855,0.1669999999999999,666149
ST,Sweeper,BR,77,12.54,20,19,10,50.0,1,5.0,42,20,47.62,25.97,8,10.39,36.36,37.78,15.32,29.41,0.158,0.2,0.316,0.516,0.158,666149
FC,Cutter,FB,46,7.49,14,12,0,0.0,1,7.14,26,6,23.08,13.04,6,13.04,26.09,27.27,5.86,0.0,0.333,0.385,0.833,1.218,0.4999999999999999,666149
CU,Curveball,BR,32,5.21,5,5,2,40.0,0,0.0,13,1,7.69,3.12,8,25.0,28.12,23.08,6.31,14.29,0.4,0.4,0.4,0.8,0.0,666149
CH,Changeup,OS,22,3.58,3,2,1,33.33,1,33.33,12,4,33.33,18.18,0,0.0,18.18,23.08,4.5,10.0,0.5,0.667,0.5,1.167,0.0,666149
FS,Split-Finger,OS,17,2.77,5,5,2,40.0,0,0.0,9,3,33.33,17.65,2,11.76,29.41,40.0,4.95,18.18,0.0,0.0,0.0,0.0,0.0,666149
KC,Knuckle Curve,BR,10,1.63,5,5,5,100.0,0,0.0,7,5,71.43,50.0,2,20.0,70.0,71.43,3.15,71.43,0.0,0.0,0.0,0.0,0.0,666149
SV,Slurve,BR,8,1.3,2,2,1,50.0,0,0.0,2,1,50.0,12.5,1,12.5,25.0,16.67,1.35,33.33,0.0,0.0,0.0,0.0,0.0,666149
CS,Slow Curve,BR,4,0.65,1,1,0,0.0,0,0.0,1,0,0.0,0.0,1,25.0,25.0,33.33,0.0,,1.0,1.0,1.0,2.0,0.0,666149
FF,4-Seam Fastball,FB,47,46.08,10,9,1,10.0,1,10.0,21,5,23.81,10.64,11,23.4,34.04,34.62,46.43,7.69,0.222,0.3,0.333,0.633,0.111,666150
CH,Changeup,OS,24,23.53,10,10,0,0.0,0,0.0,17,1,5.88,4.17,0,0.0,4.17,36.36,21.43,0.0,0.0,0.0,0.0,0.0,0.0,666150
CU,Curveball,BR,9,8.82,2,2,0,0.0,0,0.0,3,0,0.0,0.0,2,22.22,22.22,20.0,7.14,0.0,0.5,0.5,1.0,1.5,0.5,666150
FS,Split-Finger,OS,6,5.88,2,2,1,50.0,0,0.0,3,1,33.33,16.67,2,33.33,50.0,50.0,7.14,50.0,0.0,0.0,0.0,0.0,0.0,666150
KC,Knuckle Curve,BR,5,4.9,2,2,0,0.0,0,0.0,3,1,33.33,20.0,1,20.0,40.0,0.0,0.0,,0.5,0.5,1.0,1.5,0.5,666150
SL,Slider,BR,4,3.92,1,1,0,0.0,0,0.0,3,0,0.0,0.0,1,25.0,25.0,100.0,10.71,0.0,1.0,1.0,4.0,5.0,3.0,666150
SI,Sinker,FB,4,3.92,1,1,0,0.0,0,0.0,3,0,0.0,0.0,0,0.0,0.0,66.67,0.0,,1.0,1.0,2.0,3.0,1.0,666150
FC,Cutter,FB,2,1.96,0,0,0,,0,,2,0,0.0,0.0,0,0.0,0.0,100.0,7.14,0.0,,,,,,666150
ST,Sweeper,BR,1,0.98,0,0,0,,0,,0,0,,0.0,1,100.0,100.0,,0.0,,,,,,,666150
FF,4-Seam Fastball,FB,233,34.88,63,58,12,19.05,4,6.35,105,14,13.33,6.01,50,21.46,27.47,29.09,30.34,22.22,0.276,0.323,0.466,0.789,0.19,666152
CH,Changeup,OS,97,14.52,36,31,8,22.22,3,8.33,49,15,30.61,15.46,9,9.28,24.74,26.92,14.04,32.0,0.065,0.147,0.161,0.308,0.096,666152
SL,Slider,BR,95,14.22,21,18,6,28.57,3,14.29,39,10,25.64,10.53,20,21.05,31.58,20.0,20.22,16.67,0.056,0.19,0.056,0.246,0.0,666152
SI,Sinker,FB,78,11.68,17,15,2,11.76,1,5.88,34,6,17.65,7.69,18,23.08,30.77,13.89,6.18,18.18,0.333,0.375,0.8,1.175,0.467,666152
FS,Split-Finger,OS,42,6.29,12,10,4,33.33,1,8.33,21,8,38.1,19.05,7,16.67,35.71,31.82,6.74,33.33,0.0,0.091,0.0,0.091,0.0,666152
CU,Curveball,BR,42,6.29,6,6,3,50.0,0,0.0,12,6,50.0,14.29,9,21.43,35.71,9.09,6.18,27.27,0.333,0.333,0.5,0.833,0.1669999999999999,666152
ST,Sweeper,BR,28,4.19,5,4,1,20.0,1,20.0,12,2,16.67,7.14,9,32.14,39.29,40.0,5.06,11.11,0.25,0.4,0.25,0.65,0.0,666152
FC,Cutter,FB,27,4.04,9,9,3,33.33,0,0.0,12,2,16.67,7.41,6,22.22,29.63,40.0,3.37,50.0,0.333,0.333,0.556,0.889,0.223,666152
SV,Slurve,BR,11,1.65,1,1,0,0.0,0,0.0,3,0,0.0,0.0,3,27.27,27.27,14.29,3.37,0.0,0.0,0.0,0.0,0.0,0.0,666152
KC,Knuckle Curve,BR,11,1.65,4,4,1,25.0,0,0.0,5,2,40.0,18.18,2,18.18,36.36,20.0,3.37,16.67,0.5,0.5,0.5,1.0,0.0,666152
FO,Forkball,OS,2,0.3,2,2,1,50.0,0,0.0,2,1,50.0,50.0,0,0.0,50.0,100.0,1.12,50.0,0.0,0.0,0.0,0.0,0.0,666152
,,,2,0.3,0,0,0,,0,,0,0,,0.0,0,0.0,0.0,,0.0,,,,,,,666152
FF,4-Seam Fastball,FB,563,31.42,143,123,27,18.88,18,12.59,257,39,15.18,6.93,104,18.47,25.4,21.8,32.91,15.0,0.366,0.444,0.545,0.989,0.179,666158
CH,Changeup,OS,248,13.84,55,51,12,21.82,3,5.45,101,23,22.77,9.27,34,13.71,22.98,24.0,15.17,14.46,0.255,0.296,0.333,0.629,0.078,666158
SL,Slider,BR,229,12.78,69,61,18,26.09,8,11.59,117,33,28.21,14.41,33,14.41,28.82,25.69,14.44,21.52,0.262,0.348,0.311,0.659,0.0489999999999999,666158
FC,Cutter,FB,179,9.99,40,33,3,7.5,7,17.5,90,15,16.67,8.38,21,11.73,20.11,13.41,4.94,11.11,0.182,0.325,0.364,0.6890000000000001,0.182,666158
SI,Sinker,FB,174,9.71,51,45,11,21.57,6,11.76,63,4,6.35,2.3,41,23.56,25.86,6.67,10.05,20.0,0.333,0.412,0.444,0.856,0.1109999999999999,666158
CU,Curveball,BR,171,9.54,28,26,7,25.0,2,7.14,56,15,26.79,8.77,39,22.81,31.58,14.61,8.78,14.58,0.192,0.25,0.308,0.558,0.1159999999999999,666158
ST,Sweeper,BR,104,5.8,23,21,8,34.78,2,8.7,33,11,33.33,10.58,28,26.92,37.5,10.64,6.22,23.53,0.19,0.261,0.333,0.5940000000000001,0.143,666158
FS,Split-Finger,OS,59,3.29,15,14,3,20.0,1,6.67,24,7,29.17,11.86,4,6.78,18.64,17.95,4.02,13.64,0.286,0.333,0.286,0.619,0.0,666158
KC,Knuckle Curve,BR,48,2.68,13,11,6,46.15,2,15.38,21,11,52.38,22.92,10,20.83,43.75,35.71,3.11,35.29,0.091,0.231,0.091,0.322,0.0,666158
SV,Slurve,BR,9,0.5,3,3,0,0.0,0,0.0,3,0,0.0,0.0,2,22.22,22.22,0.0,0.37,0.0,0.0,0.0,0.0,0.0,0.0,666158
FA,Other,,5,0.28,2,2,0,0.0,0,0.0,2,0,0.0,0.0,1,20.0,20.0,33.33,0.0,,0.5,0.5,0.5,1.0,0.0,666158
EP,Eephus,,2,0.11,0,0,0,,0,,0,0,,0.0,0,0.0,0.0,0.0,0.0,,,,,,,666158
UN,Unknown,,1,0.06,0,0,0,,0,,0,0,,0.0,0,0.0,0.0,0.0,0.0,,,,,,,666158
FF,4-Seam Fastball,FB,519,37.72,138,130,33,23.91,7,5.07,302,81,26.82,15.61,64,12.33,27.94,35.9,35.64,23.74,0.3,0.333,0.6,0.933,0.3,666160
CH,Changeup,OS,211,15.33,73,71,9,12.33,1,1.37,131,39,29.77,18.48,9,4.27,22.75,44.44,15.64,14.75,0.225,0.233,0.507,0.74,0.282,666160
SL,Slider,BR,168,12.21,47,46,18,38.3,1,2.13,103,38,36.89,22.62,17,10.12,32.74,46.07,13.85,33.33,0.174,0.191,0.348,0.5389999999999999,0.174,666160
CU,Curveball,BR,123,8.94,31,29,10,32.26,1,3.23,63,21,33.33,17.07,20,16.26,33.33,34.92,10.77,23.81,0.31,0.355,0.517,0.872,0.207,666160
FC,Cutter,FB,100,7.27,31,29,4,12.9,2,6.45,64,13,20.31,13.0,8,8.0,21.0,36.59,5.13,20.0,0.276,0.323,0.724,1.047,0.4479999999999999,666160
SI,Sinker,FB,94,6.83,33,29,0,0.0,4,12.12,48,5,10.42,5.32,16,17.02,22.34,30.23,4.1,0.0,0.379,0.455,0.517,0.972,0.138,666160
FS,Split-Finger,OS,86,6.25,21,21,9,42.86,0,0.0,51,17,33.33,19.77,6,6.98,26.74,43.75,8.46,27.27,0.286,0.286,0.571,0.857,0.285,666160
ST,Sweeper,BR,41,2.98,12,11,3,25.0,0,0.0,19,5,26.32,12.2,9,21.95,34.15,40.0,2.56,30.0,0.364,0.417,0.727,1.144,0.363,666160
KC,Knuckle Curve,BR,21,1.53,10,10,3,30.0,0,0.0,12,4,33.33,19.05,1,4.76,23.81,38.46,2.56,30.0,0.4,0.4,0.7,1.1,0.2999999999999999,666160
FO,Forkball,OS,5,0.36,1,1,0,0.0,0,0.0,4,2,50.0,40.0,0,0.0,40.0,75.0,0.77,0.0,0.0,0.0,0.0,0.0,0.0,666160
SV,Slurve,BR,4,0.29,3,3,2,66.67,0,0.0,4,2,50.0,50.0,0,0.0,50.0,100.0,0.51,100.0,0.0,0.0,0.0,0.0,0.0,666160
,,,4,0.29,1,0,0,0.0,1,100.0,0,0,,0.0,0,0.0,0.0,,0.0,,,1.0,,,,666160
FF,4-Seam Fastball,FB,189,43.65,37,31,7,18.92,5,13.51,83,21,25.3,11.11,37,19.58,30.69,27.84,38.57,12.96,0.065,0.194,0.097,0.291,0.032,666163
SI,Sinker,FB,51,11.78,12,10,0,0.0,1,8.33,24,1,4.17,1.96,11,21.57,23.53,27.27,7.86,0.0,0.1,0.182,0.2,0.382,0.1,666163
CH,Changeup,OS,40,9.24,16,15,2,12.5,1,6.25,24,6,25.0,15.0,1,2.5,17.5,33.33,9.29,15.38,0.067,0.125,0.067,0.192,0.0,666163
CU,Curveball,BR,33,7.62,8,6,2,25.0,1,12.5,15,8,53.33,24.24,3,9.09,33.33,28.57,12.14,11.76,0.5,0.625,0.5,1.125,0.0,666163
FC,Cutter,FB,29,6.7,6,6,1,16.67,0,0.0,17,3,17.65,10.34,6,20.69,31.03,44.44,7.86,9.09,0.333,0.333,0.833,1.166,0.4999999999999999,666163
SL,Slider,BR,27,6.24,7,7,1,14.29,0,0.0,14,2,14.29,7.41,7,25.93,33.33,41.67,7.14,10.0,0.143,0.143,0.286,0.4289999999999999,0.143,666163
ST,Sweeper,BR,26,6.0,8,6,2,25.0,1,12.5,11,3,27.27,11.54,4,15.38,26.92,26.67,7.86,18.18,0.333,0.5,0.333,0.833,0.0,666163
FS,Split-Finger,OS,26,6.0,8,8,3,37.5,0,0.0,11,4,36.36,15.38,2,7.69,23.08,13.33,6.43,33.33,0.0,0.0,0.0,0.0,0.0,666163
KC,Knuckle Curve,BR,11,2.54,3,3,1,33.33,0,0.0,4,1,25.0,9.09,3,27.27,36.36,16.67,2.86,25.0,0.0,0.0,0.0,0.0,0.0,666163
SV,Slurve,BR,1,0.23,0,0,0,,0,,0,0,,0.0,0,0.0,0.0,0.0,0.0,,,,,,,666163
FF,4-Seam Fastball,FB,24,35.82,3,3,2,66.67,0,0.0,12,4,33.33,16.67,4,16.67,33.33,38.46,43.33,15.38,0.0,0.0,0.0,0.0,0.0,666165
CH,Changeup,OS,17,25.37,6,5,3,50.0,1,16.67,9,3,33.33,17.65,3,17.65,35.29,50.0,33.33,30.0,0.0,0.167,0.0,0.167,0.0,666165
SL,Slider,BR,8,11.94,1,1,0,0.0,0,0.0,5,1,20.0,12.5,2,25.0,37.5,50.0,6.67,0.0,0.0,0.0,0.0,0.0,0.0,666165
FC,Cutter,FB,6,8.96,1,1,0,0.0,0,0.0,3,2,66.67,33.33,0,0.0,33.33,50.0,3.33,0.0,0.0,0.0,0.0,0.0,0.0,666165
ST,Sweeper,BR,4,5.97,0,0,0,,0,,2,1,50.0,25.0,1,25.0,50.0,0.0,3.33,0.0,,,,,,666165
SI,Sinker,FB,4,5.97,0,0,0,,0,,1,0,0.0,0.0,1,25.0,25.0,0.0,6.67,0.0,,,,,,666165
FS,Split-Finger,OS,3,4.48,1,1,0,0.0,0,0.0,1,0,0.0,0.0,0,0.0,0.0,33.33,0.0,,1.0,1.0,1.0,2.0,0.0,666165
KC,Knuckle Curve,BR,1,1.49,1,1,0,0.0,0,0.0,1,0,0.0,0.0,0,0.0,0.0,,3.33,0.0,1.0,1.0,2.0,3.0,1.0,666165
FF,4-Seam Fastball,FB,524,29.08,147,133,42,28.57,10,6.8,291,69,23.71,13.17,68,12.98,26.15,26.87,32.79,20.79,0.233,0.299,0.481,0.78,0.2479999999999999,666176
SI,Sinker,FB,346,19.2,101,92,16,15.84,4,3.96,190,36,18.95,10.4,55,15.9,26.3,35.67,10.55,24.62,0.283,0.34,0.424,0.764,0.141,666176
SL,Slider,BR,327,18.15,75,72,19,25.33,3,4.0,171,70,40.94,21.41,34,10.4,31.8,40.37,18.18,16.96,0.236,0.267,0.611,0.878,0.375,666176
ST,Sweeper,BR,219,12.15,51,50,16,31.37,0,0.0,111,31,27.93,14.16,29,13.24,27.4,34.71,13.31,19.51,0.22,0.22,0.32,0.54,0.1,666176
CU,Curveball,BR,96,5.33,26,25,10,38.46,0,0.0,51,22,43.14,22.92,10,10.42,33.33,45.31,6.49,25.0,0.16,0.192,0.56,0.752,0.4,666176
CH,Changeup,OS,83,4.61,17,15,8,47.06,1,5.88,39,18,46.15,21.69,7,8.43,30.12,29.63,6.33,20.51,0.133,0.188,0.333,0.521,0.2,666176
FC,Cutter,FB,80,4.44,26,22,6,23.08,3,11.54,39,12,30.77,15.0,15,18.75,33.75,24.24,2.76,35.29,0.136,0.269,0.318,0.587,0.182,666176
FS,Split-Finger,OS,67,3.72,15,12,6,40.0,2,13.33,31,12,38.71,17.91,3,4.48,22.39,24.44,5.52,17.65,0.167,0.333,0.417,0.75,0.2499999999999999,666176
KC,Knuckle Curve,BR,45,2.5,9,9,3,33.33,0,0.0,21,4,19.05,8.89,9,20.0,28.89,27.27,3.41,14.29,0.111,0.111,0.222,0.333,0.111,666176
SV,Slurve,BR,9,0.5,1,1,0,0.0,0,0.0,3,0,0.0,0.0,2,22.22,22.22,25.0,0.49,0.0,1.0,1.0,4.0,5.0,3.0,666176
FO,Forkball,OS,4,0.22,1,1,1,100.0,0,0.0,1,1,100.0,25.0,2,50.0,75.0,50.0,0.16,100.0,0.0,0.0,0.0,0.0,0.0,666176
,,,2,0.11,0,0,0,,0,,1,1,100.0,50.0,0,0.0,50.0,,0.0,,,,,,,666176
FF,4-Seam Fastball,FB,331,38.85,111,104,32,28.83,4,3.6,194,56,28.87,16.92,35,10.57,27.49,24.19,43.72,34.04,0.202,0.234,0.404,0.638,0.202,666181
CH,Changeup,OS,116,13.62,28,27,2,7.14,0,0.0,61,19,31.15,16.38,7,6.03,22.41,27.87,8.37,11.11,0.222,0.214,0.296,0.51,0.0739999999999999,666181
SL,Slider,BR,103,12.09,22,18,8,36.36,3,13.64,54,25,46.3,24.27,12,11.65,35.92,33.33,14.88,25.0,0.444,0.5,0.833,1.333,0.3889999999999999,666181
FC,Cutter,FB,80,9.39,20,17,4,20.0,2,10.0,38,10,26.32,12.5,10,12.5,25.0,25.0,5.58,33.33,0.294,0.35,0.588,0.938,0.294,666181
CU,Curveball,BR,72,8.45,12,11,5,41.67,1,8.33,35,17,48.57,23.61,7,9.72,33.33,25.71,7.91,29.41,0.273,0.333,0.545,0.8780000000000001,0.272,666181
ST,Sweeper,BR,52,6.1,10,9,4,40.0,1,10.0,28,15,53.57,28.85,5,9.62,38.46,39.29,8.37,22.22,0.222,0.3,0.556,0.8560000000000001,0.3340000000000001,666181
SI,Sinker,FB,40,4.69,16,15,3,18.75,1,6.25,23,4,17.39,10.0,6,15.0,25.0,25.0,3.72,37.5,0.267,0.312,0.333,0.645,0.066,666181
FS,Split-Finger,OS,28,3.29,7,7,3,42.86,0,0.0,13,6,46.15,21.43,3,10.71,32.14,36.84,4.19,33.33,0.0,0.0,0.0,0.0,0.0,666181
KC,Knuckle Curve,BR,19,2.23,3,3,1,33.33,0,0.0,8,5,62.5,26.32,1,5.26,31.58,16.67,3.26,14.29,0.333,0.333,0.333,0.666,0.0,666181
,,,4,0.47,1,0,0,0.0,1,100.0,0,0,,0.0,0,0.0,0.0,,0.0,,,1.0,,,,666181
EP,Eephus,,3,0.35,1,1,0,0.0,0,0.0,1,0,0.0,0.0,0,0.0,0.0,0.0,0.0,,0.0,0.0,0.0,0.0,0.0,666181
FA,Other,,3,0.35,1,1,0,0.0,0,0.0,1,0,0.0,0.0,1,33.33,33.33,0.0,0.0,,0.0,0.0,0.0,0.0,0.0,666181
SV,Slurve,BR,1,0.12,0,0,0,,0,,0,0,,0.0,0,0.0,0.0,0.0,0.0,,,,,,,666181
FF,4-Seam Fastball,FB,552,30.55,105,85,24,22.86,18,17.14,272,52,19.12,9.42,89,16.12,25.54,21.89,27.29,16.78,0.271,0.41,0.424,0.834,0.1529999999999999,666182
SI,Sinker,FB,357,19.76,108,102,11,10.19,5,4.63,167,14,8.38,3.92,74,20.73,24.65,35.15,13.74,15.28,0.333,0.361,0.49,0.851,0.1569999999999999,666182
SL,Slider,BR,300,16.6,106,102,15,14.15,3,2.83,172,36,20.93,12.0,33,11.0,23.0,44.38,20.42,14.02,0.353,0.371,0.52,0.891,0.167,666182
FC,Cutter,FB,168,9.3,49,44,3,6.12,4,8.16,95,15,15.79,8.93,17,10.12,19.05,27.27,6.49,8.82,0.25,0.312,0.295,0.607,0.0449999999999999,666182
ST,Sweeper,BR,161,8.91,47,45,8,17.02,1,2.13,88,20,22.73,12.42,13,8.07,20.5,39.81,11.64,13.11,0.267,0.277,0.4,0.677,0.133,666182
CH,Changeup,OS,87,4.81,26,25,6,23.08,1,3.85,53,15,28.3,17.24,11,12.64,29.89,48.08,5.92,19.35,0.36,0.385,0.64,1.025,0.28,666182
CU,Curveball,BR,69,3.82,18,18,1,5.56,0,0.0,26,5,19.23,7.25,9,13.04,20.29,22.22,4.96,3.85,0.5,0.5,0.667,1.167,0.167,666182
KC,Knuckle Curve,BR,50,2.77,12,12,4,33.33,0,0.0,25,7,28.0,14.0,7,14.0,28.0,40.62,4.96,15.38,0.083,0.083,0.083,0.166,0.0,666182
FS,Split-Finger,OS,38,2.1,14,13,3,21.43,1,7.14,20,4,20.0,10.53,1,2.63,13.16,32.0,3.05,18.75,0.308,0.357,0.615,0.972,0.307,666182
SV,Slurve,BR,13,0.72,2,2,1,50.0,0,0.0,6,2,33.33,15.38,3,23.08,38.46,33.33,0.76,25.0,0.0,0.0,0.0,0.0,0.0,666182
EP,Eephus,,5,0.28,3,3,0,0.0,0,0.0,5,0,0.0,0.0,0,0.0,0.0,100.0,0.19,0.0,0.667,0.667,1.0,1.667,0.3329999999999999,666182
FA,Other,,3,0.17,0,0,0,,0,,1,0,0.0,0.0,1,33.33,33.33,50.0,0.19,0.0,,,,,,666182
,,,3,0.17,0,0,0,,0,,0,0,,0.0,0,0.0,0.0,,0.19,0.0,,,,,,666182
CS,Slow Curve,BR,1,0.06,1,1,1,100.0,0,0.0,1,1,100.0,100.0,0,0.0,100.0,100.0,0.19,100.0,0.0,0.0,0.0,0.0,0.0,666182
FF,4-Seam Fastball,FB,327,44.13,78,67,16,20.51,11,14.1,154,35,22.73,10.7,54,16.51,27.22,17.81,46.0,13.91,0.179,0.295,0.373,0.6679999999999999,0.194,666185
CH,Changeup,OS,90,12.15,9,9,1,11.11,0,0.0,26,7,26.92,7.78,9,10.0,17.78,9.84,12.0,3.33,0.333,0.333,0.333,0.666,0.0,666185
SI,Sinker,FB,86,11.61,24,20,4,16.67,3,12.5,43,8,18.6,9.3,18,20.93,30.23,25.71,8.4,19.05,0.35,0.417,0.85,1.267,0.5,666185
SL,Slider,BR,71,9.58,13,12,4,30.77,1,7.69,31,7,22.58,9.86,7,9.86,19.72,17.5,12.0,13.33,0.167,0.231,0.25,0.481,0.0829999999999999,666185
FC,Cutter,FB,57,7.69,14,14,4,28.57,0,0.0,26,6,23.08,10.53,15,26.32,36.84,30.43,5.2,30.77,0.071,0.071,0.071,0.142,0.0,666185
ST,Sweeper,BR,50,6.75,13,10,4,30.77,2,15.38,17,4,23.53,8.0,12,24.0,32.0,22.22,8.0,20.0,0.0,0.231,0.0,0.231,0.0,666185
CU,Curveball,BR,27,3.64,8,7,0,0.0,0,0.0,9,0,0.0,0.0,6,22.22,22.22,20.0,3.6,0.0,0.286,0.375,0.286,0.661,0.0,666185
FS,Split-Finger,OS,16,2.16,4,4,2,50.0,0,0.0,7,2,28.57,12.5,2,12.5,25.0,36.36,2.8,28.57,0.0,0.0,0.0,0.0,0.0,666185
KC,Knuckle Curve,BR,8,1.08,3,3,0,0.0,0,0.0,3,0,0.0,0.0,3,37.5,37.5,33.33,1.6,0.0,0.667,0.667,0.667,1.334,0.0,666185
EP,Eephus,,4,0.54,2,2,0,0.0,0,0.0,3,0,0.0,0.0,0,0.0,0.0,50.0,0.4,0.0,0.5,0.5,0.5,1.0,0.0,666185
CS,Slow Curve,BR,2,0.27,0,0,0,,0,,2,0,0.0,0.0,0,0.0,0.0,,0.0,,,,,,,666185
SV,Slurve,BR,2,0.27,0,0,0,,0,,2,0,0.0,0.0,0,0.0,0.0,100.0,0.0,,,,,,,666185
FA,Other,,1,0.13,1,1,0,0.0,0,0.0,1,0,0.0,0.0,0,0.0,0.0,,0.0,,0.0,0.0,0.0,0.0,0.0,666185
FF,4-Seam Fastball,FB,12,48.0,4,4,1,25.0,0,0.0,7,2,28.57,16.67,2,16.67,33.33,25.0,44.44,25.0,0.5,0.5,0.5,1.0,0.0,666198
SI,Sinker,FB,3,12.0,1,1,0,0.0,0,0.0,2,0,0.0,0.0,1,33.33,33.33,,0.0,,0.0,0.0,0.0,0.0,0.0,666198
FC,Cutter,FB,3,12.0,1,1,0,0.0,0,0.0,2,0,0.0,0.0,0,0.0,0.0,50.0,11.11,0.0,0.0,0.0,0.0,0.0,0.0,666198
CU,Curveball,BR,2,8.0,0,0,0,,0,,1,0,0.0,0.0,0,0.0,0.0,50.0,22.22,0.0,,,,,,666198
CH,Changeup,OS,2,8.0,0,0,0,,0,,1,1,100.0,50.0,0,0.0,50.0,50.0,0.0,,,,,,,666198
ST,Sweeper,BR,2,8.0,0,0,0,,0,,1,0,0.0,0.0,0,0.0,0.0,0.0,11.11,0.0,,,,,,666198
SL,Slider,BR,1,4.0,0,0,0,,0,,0,0,,0.0,0,0.0,0.0,0.0,11.11,0.0,,,,,,666198
FF,4-Seam Fastball,FB,197,40.29,56,50,12,21.43,6,10.71,103,27,26.21,13.71,28,14.21,27.92,14.29,44.83,18.46,0.16,0.25,0.22,0.47,0.06,666211
CH,Changeup,OS,71,14.52,14,13,5,35.71,1,7.14,29,15,51.72,21.13,7,9.86,30.99,27.66,12.41,27.78,0.077,0.143,0.308,0.4509999999999999,0.2309999999999999,666211
FC,Cutter,FB,41,8.38,9,9,1,11.11,0,0.0,25,6,24.0,14.63,5,12.2,26.83,33.33,6.21,11.11,0.333,0.333,0.333,0.666,0.0,666211
SL,Slider,BR,39,7.98,11,8,4,36.36,2,18.18,14,6,42.86,15.38,4,10.26,25.64,14.81,9.66,28.57,0.375,0.455,0.625,1.08,0.25,666211
SI,Sinker,FB,39,7.98,13,10,4,30.77,3,23.08,14,5,35.71,12.82,13,33.33,46.15,12.5,8.28,33.33,0.3,0.462,1.0,1.462,0.7,666211
CU,Curveball,BR,38,7.77,7,7,6,85.71,0,0.0,11,9,81.82,23.68,9,23.68,47.37,26.09,6.21,66.67,0.143,0.143,0.143,0.286,0.0,666211
FS,Split-Finger,OS,26,5.32,6,4,1,16.67,2,33.33,17,8,47.06,30.77,1,3.85,34.62,50.0,4.83,14.29,0.0,0.333,0.0,0.333,0.0,666211
ST,Sweeper,BR,23,4.7,2,2,2,100.0,0,0.0,8,5,62.5,21.74,8,34.78,56.52,12.5,4.14,33.33,0.0,0.0,0.0,0.0,0.0,666211
KC,Knuckle Curve,BR,12,2.45,1,1,1,100.0,0,0.0,3,3,100.0,25.0,1,8.33,33.33,27.27,2.07,33.33,0.0,0.0,0.0,0.0,0.0,666211
SV,Slurve,BR,3,0.61,0,0,0,,0,,1,0,0.0,0.0,0,0.0,0.0,0.0,1.38,0.0,,,,,,666211
FF,4-Seam Fastball,FB,449,32.7,113,94,19,16.81,15,13.27,220,39,17.73,8.69,71,15.81,24.5,19.8,34.29,12.18,0.245,0.342,0.521,0.863,0.276,666310
CH,Changeup,OS,210,15.29,48,43,7,14.58,5,10.42,93,21,22.58,10.0,28,13.33,23.33,29.27,16.26,9.46,0.14,0.229,0.163,0.392,0.0229999999999999,666310
SL,Slider,BR,139,10.12,30,24,12,40.0,5,16.67,63,18,28.57,12.95,26,18.71,31.65,31.43,9.45,27.91,0.125,0.3,0.333,0.633,0.208,666310
FC,Cutter,FB,109,7.94,29,23,5,17.24,5,17.24,61,12,19.67,11.01,13,11.93,22.94,27.27,6.15,17.86,0.217,0.345,0.522,0.867,0.305,666310
ST,Sweeper,BR,105,7.65,24,22,13,54.17,2,8.33,39,10,25.64,9.52,32,30.48,40.0,21.74,8.13,35.14,0.091,0.167,0.227,0.394,0.136,666310
SI,Sinker,FB,97,7.06,25,20,5,20.0,4,16.0,41,6,14.63,6.19,19,19.59,25.77,9.76,4.84,22.73,0.35,0.44,0.9,1.34,0.55,666310
CU,Curveball,BR,96,6.99,16,16,6,37.5,0,0.0,33,7,21.21,7.29,19,19.79,27.08,19.23,6.15,21.43,0.188,0.188,0.375,0.563,0.187,666310
FS,Split-Finger,OS,87,6.34,22,21,7,31.82,1,4.55,42,14,33.33,16.09,11,12.64,28.74,25.0,7.25,21.21,0.333,0.364,0.476,0.84,0.1429999999999999,666310
KC,Knuckle Curve,BR,67,4.88,19,17,10,52.63,1,5.26,29,11,37.93,16.42,12,17.91,34.33,37.84,6.81,32.26,0.059,0.105,0.059,0.1639999999999999,0.0,666310
SV,Slurve,BR,10,0.73,2,2,2,100.0,0,0.0,2,1,50.0,10.0,4,40.0,50.0,0.0,0.66,66.67,0.0,0.0,0.0,0.0,0.0,666310
FA,Other,,2,0.15,1,1,0,0.0,0,0.0,2,0,0.0,0.0,0,0.0,0.0,,0.0,,0.0,0.0,0.0,0.0,0.0,666310
PO,Pitch Out,,1,0.07,0,0,0,,0,,0,0,,0.0,0,0.0,0.0,0.0,0.0,,,,,,,666310
,,,1,0.07,0,0,0,,0,,0,0,,0.0,0,0.0,0.0,,0.0,,,,,,,666310
FF,4-Seam Fastball,FB,192,28.11,44,36,13,29.55,8,18.18,78,12,15.38,6.25,37,19.27,25.52,17.02,29.82,20.0,0.167,0.318,0.278,0.5960000000000001,0.111,666397
CH,Changeup,OS,158,23.13,39,36,5,12.82,2,5.13,78,27,34.62,17.09,22,13.92,31.01,30.59,23.39,9.8,0.083,0.132,0.083,0.215,0.0,666397
SI,Sinker,FB,81,11.86,20,18,7,35.0,2,10.0,32,4,12.5,4.94,18,22.22,27.16,10.81,11.93,26.92,0.056,0.15,0.056,0.206,0.0,666397
CU,Curveball,BR,71,10.4,14,12,8,57.14,2,14.29,29,12,41.38,16.9,13,18.31,35.21,23.08,12.39,29.63,0.167,0.286,0.167,0.4529999999999999,0.0,666397
SL,Slider,BR,59,8.64,17,15,5,29.41,1,5.88,25,9,36.0,15.25,11,18.64,33.9,20.69,9.63,23.81,0.467,0.471,0.6,1.071,0.1329999999999999,666397
FC,Cutter,FB,49,7.17,13,10,2,15.38,3,23.08,19,3,15.79,6.12,7,14.29,20.41,8.33,2.75,33.33,0.5,0.615,0.8,1.415,0.3,666397
FS,Split-Finger,OS,33,4.83,8,8,4,50.0,0,0.0,13,5,38.46,15.15,7,21.21,36.36,17.65,5.5,33.33,0.375,0.375,0.75,1.125,0.375,666397
ST,Sweeper,BR,27,3.95,5,4,2,40.0,1,20.0,4,1,25.0,3.7,10,37.04,40.74,7.14,2.29,40.0,0.5,0.6,0.5,1.1,0.0,666397
KC,Knuckle Curve,BR,11,1.61,2,2,1,50.0,0,0.0,3,1,33.33,9.09,3,27.27,36.36,20.0,1.38,33.33,0.0,0.0,0.0,0.0,0.0,666397
CS,Slow Curve,BR,1,0.15,0,0,0,,0,,0,0,,0.0,0,0.0,0.0,0.0,0.46,0.0,,,,,,666397
SV,Slurve,BR,1,0.15,1,1,0,0.0,0,0.0,1,0,0.0,0.0,0,0.0,0.0,,0.46,0.0,1.0,1.0,1.0,2.0,0.0,666397
SL,Slider,BR,26,25.49,8,8,2,25.0,0,0.0,14,7,50.0,26.92,5,19.23,46.15,46.15,20.0,33.33,0.125,0.125,0.125,0.25,0.0,666464
SI,Sinker,FB,23,22.55,6,6,1,16.67,0,0.0,11,0,0.0,0.0,6,26.09,26.09,11.11,10.0,33.33,0.167,0.167,0.167,0.334,0.0,666464
FF,4-Seam Fastball,FB,22,21.57,3,3,1,33.33,0,0.0,9,2,22.22,9.09,9,40.91,50.0,0.0,16.67,20.0,0.333,0.333,1.333,1.666,1.0,666464
ST,Sweeper,BR,14,13.73,5,5,2,40.0,0,0.0,11,5,45.45,35.71,1,7.14,42.86,71.43,20.0,33.33,0.0,0.0,0.0,0.0,0.0,666464
CS,Slow Curve,BR,5,4.9,1,1,0,0.0,0,0.0,1,0,0.0,0.0,2,40.0,40.0,0.0,10.0,0.0,1.0,1.0,1.0,2.0,0.0,666464
FS,Split-Finger,OS,5,4.9,3,3,0,0.0,0,0.0,3,0,0.0,0.0,0,0.0,0.0,33.33,6.67,0.0,0.333,0.333,0.667,1.0,0.334,666464
CU,Curveball,BR,3,2.94,1,1,1,100.0,0,0.0,1,1,100.0,33.33,0,0.0,33.33,33.33,6.67,50.0,0.0,0.0,0.0,0.0,0.0,666464
CH,Changeup,OS,2,1.96,1,1,1,100.0,0,0.0,2,2,100.0,100.0,0,0.0,100.0,100.0,3.33,100.0,0.0,0.0,0.0,0.0,0.0,666464
FC,Cutter,FB,2,1.96,2,2,1,50.0,0,0.0,2,1,50.0,50.0,0,0.0,50.0,100.0,6.67,50.0,0.5,0.5,0.5,1.0,0.0,666464
FF,4-Seam Fastball,FB,147,27.32,37,30,15,40.54,6,16.22,67,30,44.78,20.41,25,17.01,37.41,13.11,31.1,29.41,0.2,0.351,0.4,0.751,0.2,666624
SL,Slider,BR,141,26.21,31,31,9,29.03,0,0.0,79,36,45.57,25.53,11,7.8,33.33,36.78,20.73,26.47,0.194,0.194,0.226,0.42,0.032,666624
SI,Sinker,FB,85,15.8,31,30,8,25.81,0,0.0,47,7,14.89,8.24,18,21.18,29.41,30.3,10.37,47.06,0.267,0.29,0.367,0.657,0.0999999999999999,666624
ST,Sweeper,BR,58,10.78,16,13,9,56.25,3,18.75,34,17,50.0,29.31,3,5.17,34.48,33.33,13.41,40.91,0.154,0.312,0.385,0.6970000000000001,0.231,666624
FC,Cutter,FB,34,6.32,5,4,2,40.0,1,20.0,16,6,37.5,17.65,1,2.94,20.59,30.43,4.88,25.0,0.25,0.4,1.0,1.4,0.75,666624
CH,Changeup,OS,26,4.83,8,8,4,50.0,0,0.0,20,13,65.0,50.0,0,0.0,50.0,64.71,6.1,40.0,0.375,0.375,1.125,1.5,0.75,666624
CU,Curveball,BR,18,3.35,7,7,3,42.86,0,0.0,13,6,46.15,33.33,1,5.56,38.89,60.0,4.27,42.86,0.429,0.429,0.571,1.0,0.1419999999999999,666624
FS,Split-Finger,OS,18,3.35,6,5,2,33.33,1,16.67,12,5,41.67,27.78,1,5.56,33.33,50.0,6.1,20.0,0.0,0.167,0.0,0.167,0.0,666624
KC,Knuckle Curve,BR,6,1.12,2,2,1,50.0,0,0.0,4,2,50.0,33.33,1,16.67,50.0,50.0,1.83,33.33,0.0,0.0,0.0,0.0,0.0,666624
SV,Slurve,BR,4,0.74,2,2,0,0.0,0,0.0,2,0,0.0,0.0,0,0.0,0.0,0.0,1.22,0.0,0.0,0.0,0.0,0.0,0.0,666624
EP,Eephus,,1,0.19,1,1,0,0.0,0,0.0,1,0,0.0,0.0,0,0.0,0.0,,0.0,,0.0,0.0,0.0,0.0,0.0,666624
FF,4-Seam Fastball,FB,15,29.41,2,1,0,0.0,1,50.0,6,3,50.0,20.0,3,20.0,40.0,33.33,9.52,0.0,0.0,0.5,0.0,0.5,0.0,666915
SL,Slider,BR,12,23.53,2,1,0,0.0,1,50.0,6,1,16.67,8.33,3,25.0,33.33,33.33,23.81,0.0,1.0,1.0,1.0,2.0,0.0,666915
ST,Sweeper,BR,9,17.65,2,2,1,50.0,0,0.0,2,1,50.0,11.11,0,0.0,11.11,12.5,28.57,16.67,0.5,0.5,1.0,1.5,0.5,666915
SI,Sinker,FB,4,7.84,2,2,0,0.0,0,0.0,4,0,0.0,0.0,0,0.0,0.0,100.0,9.52,0.0,0.5,0.5,0.5,1.0,0.0,666915
CH,Changeup,OS,3,5.88,0,0,0,,0,,1,0,0.0,0.0,0,0.0,0.0,33.33,14.29,0.0,,,,,,666915
FC,Cutter,FB,3,5.88,1,1,1,100.0,0,0.0,1,1,100.0,33.33,2,66.67,100.0,0.0,4.76,100.0,0.0,0.0,0.0,0.0,0.0,666915
FS,Split-Finger,OS,2,3.92,1,1,0,0.0,0,0.0,2,1,50.0,50.0,0,0.0,50.0,100.0,4.76,0.0,0.0,0.0,0.0,0.0,0.0,666915
KC,Knuckle Curve,BR,2,3.92,1,1,1,100.0,0,0.0,2,2,100.0,100.0,0,0.0,100.0,100.0,4.76,100.0,0.0,0.0,0.0,0.0,0.0,666915
CU,Curveball,BR,1,1.96,1,1,0,0.0,0,0.0,1,0,0.0,0.0,0,0.0,0.0,100.0,0.0,,0.0,0.0,0.0,0.0,0.0,666915
FF,4-Seam Fastball,FB,613,39.6,152,134,39,25.66,9,5.92,320,97,30.31,15.82,72,11.75,27.57,33.44,43.47,19.69,0.254,0.313,0.41,0.723,0.1559999999999999,666969
SI,Sinker,FB,303,19.57,72,65,5,6.94,5,6.94,133,24,18.05,7.92,69,22.77,30.69,25.19,8.78,12.82,0.292,0.333,0.492,0.825,0.2,666969
SL,Slider,BR,205,13.24,57,55,20,35.09,2,3.51,110,46,41.82,22.44,27,13.17,35.61,42.02,13.74,32.79,0.2,0.228,0.327,0.555,0.127,666969
ST,Sweeper,BR,116,7.49,35,34,3,8.57,0,0.0,62,19,30.65,16.38,5,4.31,20.69,40.26,9.68,6.98,0.206,0.2,0.471,0.671,0.265,666969
FC,Cutter,FB,97,6.27,23,22,4,17.39,1,4.35,54,17,31.48,17.53,10,10.31,27.84,30.0,3.83,23.53,0.227,0.261,0.409,0.6699999999999999,0.1819999999999999,666969
CH,Changeup,OS,77,4.97,19,18,6,31.58,1,5.26,48,16,33.33,20.78,8,10.39,31.17,48.72,7.66,17.65,0.167,0.211,0.444,0.655,0.277,666969
CU,Curveball,BR,55,3.55,19,17,2,10.53,1,5.26,37,6,16.22,10.91,5,9.09,20.0,41.67,4.28,10.53,0.294,0.316,0.471,0.7869999999999999,0.177,666969
FS,Split-Finger,OS,46,2.97,15,14,8,53.33,1,6.67,25,15,60.0,32.61,2,4.35,36.96,40.62,5.63,32.0,0.071,0.133,0.143,0.276,0.072,666969
KC,Knuckle Curve,BR,21,1.36,5,5,2,40.0,0,0.0,10,3,30.0,14.29,4,19.05,33.33,57.14,1.8,25.0,0.0,0.0,0.0,0.0,0.0,666969
SV,Slurve,BR,5,0.32,2,2,2,100.0,0,0.0,2,2,100.0,40.0,1,20.0,60.0,50.0,0.68,66.67,0.0,0.0,0.0,0.0,0.0,666969
FA,Other,,4,0.26,3,3,0,0.0,0,0.0,4,0,0.0,0.0,0,0.0,0.0,,0.0,,0.333,0.333,0.333,0.666,0.0,666969
CS,Slow Curve,BR,2,0.13,0,0,0,,0,,1,0,0.0,0.0,1,50.0,50.0,,0.23,0.0,,,,,,666969
EP,Eephus,,2,0.13,2,2,0,0.0,0,0.0,2,0,0.0,0.0,0,0.0,0.0,100.0,0.0,,1.0,1.0,1.5,2.5,0.5,666969
FO,Forkball,OS,2,0.13,0,0,0,,0,,2,1,50.0,50.0,0,0.0,50.0,100.0,0.23,0.0,,,,,,666969
FF,4-Seam Fastball,FB,479,33.33,130,113,15,11.54,8,6.15,236,27,11.44,5.64,88,18.37,24.01,27.14,29.6,11.81,0.221,0.287,0.398,0.685,0.177,666971
SL,Slider,BR,274,19.07,63,59,18,28.57,4,6.35,133,47,35.34,17.15,47,17.15,34.31,34.01,19.35,21.69,0.271,0.317,0.458,0.775,0.187,666971
SI,Sinker,FB,225,15.66,68,64,1,1.47,2,2.94,109,7,6.42,3.11,47,20.89,24.0,30.93,10.02,2.33,0.281,0.309,0.484,0.7929999999999999,0.2029999999999999,666971
ST,Sweeper,BR,139,9.67,47,43,7,14.89,2,4.26,79,23,29.11,16.55,16,11.51,28.06,39.47,10.96,14.89,0.302,0.319,0.674,0.993,0.372,666971
FC,Cutter,FB,102,7.1,24,23,2,8.33,0,0.0,53,6,11.32,5.88,23,22.55,28.43,31.71,5.36,8.7,0.174,0.167,0.304,0.471,0.13,666971
CU,Curveball,BR,83,5.78,18,17,5,27.78,1,5.56,38,14,36.84,16.87,11,13.25,30.12,33.96,8.16,14.29,0.176,0.222,0.294,0.516,0.118,666971
CH,Changeup,OS,54,3.76,17,16,4,23.53,0,0.0,32,8,25.0,14.81,5,9.26,24.07,51.52,6.06,15.38,0.188,0.235,0.25,0.485,0.062,666971
FS,Split-Finger,OS,49,3.41,13,13,9,69.23,0,0.0,33,17,51.52,34.69,2,4.08,38.78,60.0,7.23,29.03,0.0,0.0,0.0,0.0,0.0,666971
KC,Knuckle Curve,BR,12,0.84,3,3,0,0.0,0,0.0,5,1,20.0,8.33,3,25.0,33.33,20.0,0.47,0.0,0.0,0.0,0.0,0.0,0.0,666971
SV,Slurve,BR,11,0.77,4,4,1,25.0,0,0.0,5,1,20.0,9.09,2,18.18,27.27,42.86,1.63,14.29,0.0,0.0,0.0,0.0,0.0,666971
FO,Forkball,OS,5,0.35,2,2,2,100.0,0,0.0,2,2,100.0,40.0,0,0.0,40.0,40.0,0.7,66.67,0.0,0.0,0.0,0.0,0.0,666971
,,,3,0.21,1,0,0,0.0,1,100.0,0,0,,0.0,0,0.0,0.0,,0.47,0.0,,1.0,,,,666971
EP,Eephus,,1,0.07,1,1,0,0.0,0,0.0,1,0,0.0,0.0,0,0.0,0.0,,0.0,,0.0,0.0,0.0,0.0,0.0,666971
FF,4-Seam Fastball,FB,10,47.62,1,1,1,100.0,0,0.0,2,0,0.0,0.0,3,30.0,30.0,20.0,60.0,33.33,0.0,0.0,0.0,0.0,0.0,667452
SI,Sinker,FB,7,33.33,3,3,0,0.0,0,0.0,3,0,0.0,0.0,1,14.29,14.29,0.0,20.0,0.0,0.333,0.333,0.667,1.0,0.334,667452
ST,Sweeper,BR,2,9.52,1,1,0,0.0,0,0.0,1,0,0.0,0.0,1,50.0,50.0,,0.0,,1.0,1.0,2.0,3.0,1.0,667452
CH,Changeup,OS,1,4.76,0,0,0,,0,,1,1,100.0,100.0,0,0.0,100.0,,0.0,,,,,,,667452
FS,Split-Finger,OS,1,4.76,0,0,0,,0,,1,0,0.0,0.0,0,0.0,0.0,100.0,20.0,0.0,,,,,,667452
FF,4-Seam Fastball,FB,253,30.78,67,63,19,28.36,3,4.48,135,32,23.7,12.65,54,21.34,33.99,25.61,30.22,23.46,0.19,0.239,0.302,0.5409999999999999,0.1119999999999999,667472
SI,Sinker,FB,189,22.99,41,37,8,19.51,4,9.76,71,14,19.72,7.41,62,32.8,40.21,22.06,13.06,22.86,0.243,0.317,0.243,0.56,0.0,667472
SL,Slider,BR,135,16.42,39,37,11,28.21,1,2.56,55,16,29.09,11.85,29,21.48,33.33,25.0,18.28,22.45,0.216,0.237,0.378,0.615,0.162,667472
FC,Cutter,FB,63,7.66,12,11,2,16.67,1,8.33,27,5,18.52,7.94,15,23.81,31.75,23.08,4.85,15.38,0.182,0.25,0.182,0.432,0.0,667472
ST,Sweeper,BR,58,7.06,19,18,2,10.53,1,5.26,28,6,21.43,10.34,7,12.07,22.41,24.14,11.57,6.45,0.333,0.368,0.389,0.757,0.0559999999999999,667472
CU,Curveball,BR,44,5.35,15,14,4,26.67,1,6.67,22,7,31.82,15.91,7,15.91,31.82,37.5,6.72,22.22,0.071,0.133,0.071,0.204,0.0,667472
CH,Changeup,OS,30,3.65,7,6,3,42.86,1,14.29,16,7,43.75,23.33,4,13.33,36.67,35.29,5.6,20.0,0.0,0.143,0.0,0.143,0.0,667472
FS,Split-Finger,OS,19,2.31,6,6,5,83.33,0,0.0,8,4,50.0,21.05,4,21.05,42.11,30.0,4.1,45.45,0.0,0.0,0.0,0.0,0.0,667472
KC,Knuckle Curve,BR,14,1.7,6,6,0,0.0,0,0.0,8,1,12.5,7.14,1,7.14,14.29,44.44,3.73,0.0,0.667,0.667,0.667,1.334,0.0,667472
FA,Other,,6,0.73,2,1,0,0.0,0,0.0,4,1,25.0,16.67,0,0.0,16.67,60.0,0.37,0.0,0.0,0.0,0.0,0.0,0.0,667472
SV,Slurve,BR,5,0.61,2,2,1,50.0,0,0.0,4,2,50.0,40.0,0,0.0,40.0,66.67,0.75,50.0,0.0,0.0,0.0,0.0,0.0,667472
FO,Forkball,OS,2,0.24,0,0,0,,0,,1,0,0.0,0.0,1,50.0,50.0,,0.37,0.0,,,,,,667472
CS,Slow Curve,BR,1,0.12,1,1,1,100.0,0,0.0,1,1,100.0,100.0,0,0.0,100.0,,0.37,100.0,0.0,0.0,0.0,0.0,0.0,667472
KN,Knuckleball,,1,0.12,0,0,0,,0,,0,0,,0.0,0,0.0,0.0,0.0,0.0,,,,,,,667472
PO,Pitch Out,,1,0.12,0,0,0,,0,,0,0,,0.0,0,0.0,0.0,0.0,0.0,,,,,,,667472
,,,1,0.12,0,0,0,,0,,0,0,,0.0,0,0.0,0.0,,0.0,,,,,,,667472
FF,4-Seam Fastball,FB,536,26.95,138,120,36,26.09,15,10.87,265,61,23.02,11.38,71,13.25,24.63,21.12,29.47,21.43,0.242,0.328,0.508,0.8360000000000001,0.266,667670
SI,Sinker,FB,421,21.17,140,131,13,9.29,8,5.71,207,20,9.66,4.75,82,19.48,24.23,25.13,12.28,18.57,0.298,0.343,0.389,0.732,0.091,667670
SL,Slider,BR,296,14.88,89,81,30,33.71,7,7.87,161,74,45.96,25.0,28,9.46,34.46,32.93,15.96,32.97,0.247,0.315,0.457,0.772,0.21,667670
ST,Sweeper,BR,198,9.95,50,50,15,30.0,0,0.0,106,44,41.51,22.22,18,9.09,31.31,31.86,13.16,20.0,0.18,0.18,0.48,0.6599999999999999,0.3,667670
CH,Changeup,OS,167,8.4,35,28,7,20.0,7,20.0,88,37,42.05,22.16,12,7.19,29.34,25.88,9.3,13.21,0.25,0.4,0.393,0.793,0.143,667670
FC,Cutter,FB,122,6.13,21,19,3,14.29,2,9.52,66,22,33.33,18.03,10,8.2,26.23,14.55,3.51,15.0,0.421,0.476,1.316,1.792,0.895,667670
CU,Curveball,BR,91,4.58,22,20,7,31.82,2,9.09,44,21,47.73,23.08,10,10.99,34.07,31.58,5.26,23.33,0.2,0.273,0.35,0.623,0.1499999999999999,667670
FS,Split-Finger,OS,82,4.12,21,18,9,42.86,2,9.52,42,20,47.62,24.39,5,6.1,30.49,32.69,6.84,23.08,0.278,0.381,0.611,0.992,0.3329999999999999,667670
KC,Knuckle Curve,BR,52,2.61,13,11,6,46.15,1,7.69,18,11,61.11,21.15,11,21.15,42.31,31.25,2.81,37.5,0.091,0.231,0.091,0.322,0.0,667670
SV,Slurve,BR,12,0.6,4,3,1,25.0,0,0.0,5,2,40.0,16.67,1,8.33,25.0,33.33,1.05,16.67,0.0,0.0,0.0,0.0,0.0,667670
EP,Eephus,,6,0.3,2,2,0,0.0,0,0.0,2,0,0.0,0.0,1,16.67,16.67,25.0,0.0,,0.0,0.0,0.0,0.0,0.0,667670
FO,Forkball,OS,3,0.15,1,1,1,100.0,0,0.0,2,2,100.0,66.67,0,0.0,66.67,100.0,0.18,100.0,0.0,0.0,0.0,0.0,0.0,667670
CS,Slow Curve,BR,1,0.05,0,0,0,,0,,0,0,,0.0,0,0.0,0.0,0.0,0.0,,,,,,,667670
FA,Other,,1,0.05,1,1,0,0.0,0,0.0,1,0,0.0,0.0,0,0.0,0.0,,0.0,,1.0,1.0,2.0,3.0,1.0,667670
,,,1,0.05,1,1,1,100.0,0,0.0,0,0,,0.0,0,0.0,0.0,,0.18,100.0,0.0,0.0,0.0,0.0,0.0,667670
ST,Sweeper,BR,4,44.44,1,1,0,0.0,0,0.0,2,0,0.0,0.0,0,0.0,0.0,0.0,50.0,0.0,0.0,0.0,0.0,0.0,0.0,667690
FF,4-Seam Fastball,FB,2,22.22,0,0,0,,0,,1,0,0.0,0.0,1,50.0,50.0,,50.0,0.0,,,,,,667690
SL,Slider,BR,2,22.22,1,1,0,0.0,0,0.0,1,0,0.0,0.0,1,50.0,50.0,,0.0,,0.0,0.0,0.0,0.0,0.0,667690
SI,Sinker,FB,1,11.11,0,0,0,,0,,0,0,,0.0,0,0.0,0.0,0.0,0.0,,,,,,,667690
FF,4-Seam Fastball,FB,607,29.07,132,105,42,31.82,21,15.91,253,89,35.18,14.66,127,20.92,35.58,14.5,31.07,20.39,0.19,0.344,0.39,0.734,0.2,668227
SI,Sinker,FB,452,21.65,104,83,15,14.42,10,9.62,181,41,22.65,9.07,113,25.0,34.07,11.17,11.76,19.23,0.313,0.452,0.47,0.922,0.1569999999999999,668227
SL,Slider,BR,338,16.19,88,77,31,35.23,9,10.23,150,57,38.0,16.86,53,15.68,32.54,32.04,18.1,25.83,0.195,0.295,0.234,0.529,0.039,668227
ST,Sweeper,BR,209,10.01,59,55,16,27.12,3,5.08,99,31,31.31,14.83,32,15.31,30.14,35.71,12.97,18.6,0.218,0.271,0.491,0.762,0.273,668227
FC,Cutter,FB,161,7.71,37,31,5,13.51,5,13.51,65,17,26.15,10.56,35,21.74,32.3,23.08,3.62,20.83,0.258,0.351,0.581,0.932,0.3229999999999999,668227
CH,Changeup,OS,132,6.32,35,30,15,42.86,3,8.57,50,15,30.0,11.36,20,15.15,26.52,16.67,8.6,26.32,0.167,0.286,0.2,0.486,0.033,668227
CU,Curveball,BR,69,3.3,14,14,2,14.29,0,0.0,38,10,26.32,14.49,5,7.25,21.74,46.67,4.37,6.9,0.643,0.643,1.214,1.857,0.571,668227
FS,Split-Finger,OS,61,2.92,18,14,5,27.78,0,0.0,29,10,34.48,16.39,4,6.56,22.95,27.78,5.13,14.71,0.071,0.222,0.143,0.365,0.072,668227
KC,Knuckle Curve,BR,28,1.34,11,11,7,63.64,0,0.0,16,7,43.75,25.0,4,14.29,39.29,60.0,2.11,50.0,0.273,0.273,0.545,0.8180000000000001,0.272,668227
SV,Slurve,BR,19,0.91,6,6,2,33.33,0,0.0,13,2,15.38,10.53,2,10.53,21.05,55.56,1.81,16.67,0.167,0.167,0.167,0.334,0.0,668227
,,,8,0.38,2,0,0,0.0,2,100.0,0,0,,0.0,0,0.0,0.0,,0.15,0.0,,1.0,,,,668227
FA,Other,,3,0.14,1,1,0,0.0,0,0.0,1,0,0.0,0.0,2,66.67,66.67,,0.15,0.0,1.0,1.0,1.0,2.0,0.0,668227
CS,Slow Curve,BR,1,0.05,0,0,0,,0,,0,0,,0.0,0,0.0,0.0,0.0,0.15,0.0,,,,,,668227
FF,4-Seam Fastball,FB,104,25.18,28,21,9,32.14,5,17.86,48,15,31.25,14.42,20,19.23,33.65,28.85,30.23,23.08,0.286,0.423,0.524,0.947,0.238,668670
SI,Sinker,FB,98,23.73,34,31,5,14.71,3,8.82,50,6,12.0,6.12,24,24.49,30.61,36.67,17.05,22.73,0.258,0.324,0.419,0.743,0.1609999999999999,668670
SL,Slider,BR,82,19.85,15,15,2,13.33,0,0.0,32,12,37.5,14.63,20,24.39,39.02,11.43,15.5,10.0,0.267,0.267,0.467,0.734,0.2,668670
ST,Sweeper,BR,60,14.53,13,12,5,38.46,1,7.69,20,5,25.0,8.33,11,18.33,26.67,14.71,15.5,25.0,0.083,0.154,0.083,0.237,0.0,668670
FC,Cutter,FB,29,7.02,5,5,3,60.0,0,0.0,8,3,37.5,10.34,9,31.03,41.38,6.67,3.1,75.0,0.0,0.0,0.0,0.0,0.0,668670
CU,Curveball,BR,15,3.63,3,3,1,33.33,0,0.0,6,2,33.33,13.33,0,0.0,13.33,10.0,6.98,11.11,0.0,0.0,0.0,0.0,0.0,668670
FS,Split-Finger,OS,12,2.91,3,3,2,66.67,0,0.0,6,2,33.33,16.67,1,8.33,25.0,42.86,5.43,28.57,0.0,0.0,0.0,0.0,0.0,668670
CH,Changeup,OS,9,2.18,4,4,1,25.0,0,0.0,6,1,16.67,11.11,0,0.0,11.11,40.0,4.65,16.67,0.0,0.0,0.0,0.0,0.0,668670
SV,Slurve,BR,4,0.97,2,2,1,50.0,0,0.0,4,3,75.0,75.0,0,0.0,75.0,100.0,1.55,50.0,0.0,0.0,0.0,0.0,0.0,668670
FF,4-Seam Fastball,FB,309,28.66,72,61,16,22.22,10,13.89,130,17,13.08,5.5,60,19.42,24.92,17.81,27.1,18.39,0.262,0.361,0.525,0.886,0.263,668709
CH,Changeup,OS,225,20.87,59,57,18,30.51,2,3.39,115,54,46.96,24.0,20,8.89,32.89,28.12,19.0,29.51,0.088,0.119,0.123,0.242,0.035,668709
SI,Sinker,FB,103,9.55,26,22,2,7.69,4,15.38,44,7,15.91,6.8,16,15.53,22.33,15.69,6.54,9.52,0.182,0.308,0.409,0.717,0.2269999999999999,668709
SL,Slider,BR,103,9.55,30,26,13,43.33,4,13.33,43,18,41.86,17.48,25,24.27,41.75,31.37,11.21,36.11,0.192,0.3,0.423,0.723,0.2309999999999999,668709
FS,Split-Finger,OS,89,8.26,24,23,13,54.17,1,4.17,46,26,56.52,29.21,9,10.11,39.33,33.33,11.84,34.21,0.0,0.042,0.0,0.042,0.0,668709
FC,Cutter,FB,79,7.33,24,21,1,4.17,3,12.5,38,3,7.89,3.8,22,27.85,31.65,25.0,7.48,4.17,0.286,0.375,0.429,0.804,0.143,668709
CU,Curveball,BR,74,6.86,14,11,4,28.57,3,21.43,21,7,33.33,9.46,14,18.92,28.38,11.63,6.54,19.05,0.273,0.429,0.818,1.247,0.5449999999999999,668709
ST,Sweeper,BR,52,4.82,10,8,3,30.0,2,20.0,17,9,52.94,17.31,16,30.77,48.08,32.0,5.61,16.67,0.125,0.3,0.5,0.8,0.375,668709
KC,Knuckle Curve,BR,30,2.78,7,7,3,42.86,0,0.0,11,3,27.27,10.0,5,16.67,26.67,23.53,4.36,21.43,0.0,0.0,0.0,0.0,0.0,668709
,,,8,0.74,2,0,0,0.0,2,100.0,0,0,,0.0,0,0.0,0.0,,0.0,,,1.0,,,,668709
EP,Eephus,,4,0.37,3,3,0,0.0,0,0.0,4,0,0.0,0.0,0,0.0,0.0,100.0,0.0,,1.0,1.0,3.0,4.0,2.0,668709
SV,Slurve,BR,2,0.19,0,0,0,,0,,0,0,,0.0,1,50.0,50.0,0.0,0.31,0.0,,,,,,668709
FF,4-Seam Fastball,FB,595,33.39,126,108,36,28.57,15,11.9,272,70,25.74,11.76,121,20.34,32.1,17.37,34.22,18.65,0.241,0.349,0.407,0.756,0.1659999999999999,668715
SI,Sinker,FB,377,21.16,96,85,9,9.38,7,7.29,171,27,15.79,7.16,83,22.02,29.18,19.57,12.41,12.86,0.224,0.284,0.318,0.602,0.094,668715
SL,Slider,BR,286,16.05,82,76,16,19.51,6,7.32,147,49,33.33,17.13,30,10.49,27.62,29.87,18.26,15.53,0.276,0.329,0.526,0.855,0.25,668715
ST,Sweeper,BR,159,8.92,32,31,3,9.38,1,3.12,69,9,13.04,5.66,18,11.32,16.98,23.71,10.64,5.0,0.29,0.312,0.516,0.8280000000000001,0.226,668715
FC,Cutter,FB,118,6.62,29,24,5,17.24,5,17.24,62,18,29.03,15.25,14,11.86,27.12,22.64,4.79,18.52,0.25,0.379,0.5,0.879,0.25,668715
CU,Curveball,BR,104,5.84,27,26,11,40.74,1,3.7,49,16,32.65,15.38,17,16.35,31.73,35.09,9.04,21.57,0.192,0.222,0.231,0.453,0.039,668715
CH,Changeup,OS,64,3.59,21,17,6,28.57,3,14.29,33,6,18.18,9.38,5,7.81,17.19,28.57,5.5,19.35,0.294,0.429,0.471,0.8999999999999999,0.177,668715
KC,Knuckle Curve,BR,37,2.08,9,9,5,55.56,0,0.0,18,7,38.89,18.92,6,16.22,35.14,35.0,2.3,38.46,0.111,0.111,0.222,0.333,0.111,668715
FS,Split-Finger,OS,29,1.63,10,10,5,50.0,0,0.0,17,8,47.06,27.59,3,10.34,37.93,55.56,2.48,35.71,0.1,0.1,0.1,0.2,0.0,668715
EP,Eephus,,4,0.22,1,0,0,0.0,1,100.0,0,0,,0.0,0,0.0,0.0,0.0,0.0,,,1.0,,,,668715
,,,3,0.17,1,1,0,0.0,0,0.0,1,0,0.0,0.0,1,33.33,33.33,,0.0,,0.0,0.0,0.0,0.0,0.0,668715
CS,Slow Curve,BR,2,0.11,2,2,0,0.0,0,0.0,2,0,0.0,0.0,0,0.0,0.0,,0.18,0.0,0.5,0.5,1.0,1.5,0.5,668715
FA,Other,,2,0.11,1,1,0,0.0,0,0.0,1,0,0.0,0.0,0,0.0,0.0,0.0,0.0,,0.0,0.0,0.0,0.0,0.0,668715
SV,Slurve,BR,2,0.11,1,1,0,0.0,0,0.0,1,0,0.0,0.0,0,0.0,0.0,0.0,0.18,0.0,0.0,0.0,0.0,0.0,0.0,668715
FF,4-Seam Fastball,FB,5,38.46,1,1,0,0.0,0,0.0,1,0,0.0,0.0,2,40.0,40.0,0.0,33.33,0.0,1.0,1.0,1.0,2.0,0.0,668723
SL,Slider,BR,4,30.77,2,2,1,50.0,0,0.0,3,1,33.33,25.0,1,25.0,50.0,100.0,33.33,50.0,0.0,0.0,0.0,0.0,0.0,668723
ST,Sweeper,BR,2,15.38,0,0,0,,0,,1,0,0.0,0.0,0,0.0,0.0,0.0,16.67,0.0,,,,,,668723
FC,Cutter,FB,1,7.69,0,0,0,,0,,0,0,,0.0,1,100.0,100.0,,0.0,,,,,,,668723
SI,Sinker,FB,1,7.69,1,1,0,0.0,0,0.0,1,0,0.0,0.0,0,0.0,0.0,,16.67,0.0,0.0,0.0,0.0,0.0,0.0,668723
FF,4-Seam Fastball,FB,20,39.22,6,6,3,50.0,0,0.0,13,5,38.46,25.0,2,10.0,35.0,50.0,26.67,75.0,0.0,0.0,0.0,0.0,0.0,668731
CU,Curveball,BR,8,15.69,2,2,1,50.0,0,0.0,7,3,42.86,37.5,0,0.0,37.5,83.33,6.67,100.0,0.0,0.0,0.0,0.0,0.0,668731
ST,Sweeper,BR,5,9.8,0,0,0,,0,,2,0,0.0,0.0,0,0.0,0.0,25.0,33.33,0.0,,,,,,668731
SI,Sinker,FB,5,9.8,2,2,1,50.0,0,0.0,3,1,33.33,20.0,1,20.0,40.0,0.0,13.33,50.0,0.0,0.0,0.0,0.0,0.0,668731
CH,Changeup,OS,3,5.88,1,0,0,0.0,1,100.0,1,0,0.0,0.0,0,0.0,0.0,0.0,13.33,0.0,,1.0,,,,668731
SV,Slurve,BR,3,5.88,1,1,0,0.0,0,0.0,1,0,0.0,0.0,1,33.33,33.33,0.0,0.0,,0.0,0.0,0.0,0.0,0.0,668731
FC,Cutter,FB,3,5.88,2,2,0,0.0,0,0.0,3,0,0.0,0.0,0,0.0,0.0,100.0,0.0,,0.0,0.0,0.0,0.0,0.0,668731
FS,Split-Finger,OS,2,3.92,1,1,0,0.0,0,0.0,2,1,50.0,50.0,0,0.0,50.0,100.0,0.0,,0.0,0.0,0.0,0.0,0.0,668731
SL,Slider,BR,2,3.92,1,1,0,0.0,0,0.0,1,0,0.0,0.0,0,0.0,0.0,0.0,6.67,0.0,1.0,1.0,1.0,2.0,0.0,668731
FF,4-Seam Fastball,FB,79,34.2,24,19,2,8.33,3,12.5,42,8,19.05,10.13,19,24.05,34.18,50.0,38.33,8.7,0.158,0.304,0.158,0.4619999999999999,0.0,668800
SI,Sinker,FB,45,19.48,7,4,0,0.0,2,28.57,13,2,15.38,4.44,10,22.22,26.67,11.11,1.67,0.0,0.25,0.571,0.25,0.821,0.0,668800
SL,Slider,BR,37,16.02,11,10,0,0.0,1,9.09,19,2,10.53,5.41,6,16.22,21.62,44.44,23.33,0.0,0.3,0.364,0.6,0.964,0.3,668800
FC,Cutter,FB,20,8.66,5,3,0,0.0,1,20.0,6,0,0.0,0.0,3,15.0,15.0,0.0,1.67,0.0,0.333,0.4,0.333,0.7330000000000001,0.0,668800
ST,Sweeper,BR,16,6.93,6,6,3,50.0,0,0.0,10,3,30.0,18.75,3,18.75,37.5,62.5,11.67,42.86,0.0,0.0,0.0,0.0,0.0,668800
CU,Curveball,BR,16,6.93,4,4,1,25.0,0,0.0,6,2,33.33,12.5,1,6.25,18.75,10.0,10.0,16.67,0.0,0.0,0.0,0.0,0.0,668800
CH,Changeup,OS,7,3.03,2,2,0,0.0,0,0.0,7,3,42.86,42.86,0,0.0,42.86,100.0,5.0,0.0,0.0,0.0,0.0,0.0,0.0,668800
CS,Slow Curve,BR,4,1.73,1,1,0,0.0,0,0.0,1,0,0.0,0.0,2,50.0,50.0,33.33,1.67,0.0,0.0,0.0,0.0,0.0,0.0,668800
FS,Split-Finger,OS,4,1.73,1,1,1,100.0,0,0.0,2,1,50.0,25.0,1,25.0,50.0,0.0,3.33,50.0,0.0,0.0,0.0,0.0,0.0,668800
SV,Slurve,BR,3,1.3,2,2,0,0.0,0,0.0,2,0,0.0,0.0,1,33.33,33.33,100.0,3.33,0.0,1.0,1.0,1.0,2.0,0.0,668800
FF,4-Seam Fastball,FB,597,30.15,147,135,34,23.13,11,7.48,294,53,18.03,8.88,102,17.09,25.96,25.66,30.14,17.71,0.259,0.32,0.407,0.727,0.1479999999999999,668804
CH,Changeup,OS,288,14.55,57,52,5,8.77,5,8.77,127,39,30.71,13.54,30,10.42,23.96,22.09,11.62,6.76,0.231,0.298,0.308,0.606,0.0769999999999999,668804
SL,Slider,BR,250,12.63,68,64,30,44.12,1,1.47,140,54,38.57,21.6,28,11.2,32.8,29.91,15.07,31.25,0.188,0.221,0.312,0.533,0.124,668804
SI,Sinker,FB,202,10.2,54,47,11,20.37,5,9.26,95,19,20.0,9.41,31,15.35,24.75,17.58,9.11,18.97,0.319,0.389,0.574,0.963,0.2549999999999999,668804
CU,Curveball,BR,188,9.49,49,48,17,34.69,1,2.04,103,40,38.83,21.28,20,10.64,31.91,38.24,9.42,28.33,0.167,0.184,0.229,0.413,0.062,668804
FC,Cutter,FB,161,8.13,45,35,6,13.33,9,20.0,77,22,28.57,13.66,25,15.53,29.19,19.23,5.97,15.79,0.4,0.533,0.514,1.0470000000000002,0.1139999999999999,668804
ST,Sweeper,BR,138,6.97,37,33,12,32.43,4,10.81,69,26,37.68,18.84,12,8.7,27.54,24.32,8.95,21.05,0.152,0.243,0.424,0.667,0.272,668804
FS,Split-Finger,OS,83,4.19,15,12,4,26.67,2,13.33,35,19,54.29,22.89,6,7.23,30.12,25.45,5.81,10.81,0.167,0.333,0.25,0.583,0.0829999999999999,668804
KC,Knuckle Curve,BR,45,2.27,8,8,4,50.0,0,0.0,24,10,41.67,22.22,3,6.67,28.89,35.71,2.2,28.57,0.125,0.125,0.25,0.375,0.125,668804
FO,Forkball,OS,11,0.56,2,2,0,0.0,0,0.0,7,3,42.86,27.27,0,0.0,27.27,50.0,0.78,0.0,0.0,0.0,0.0,0.0,0.0,668804
SV,Slurve,BR,10,0.51,4,3,1,25.0,0,0.0,5,2,40.0,20.0,0,0.0,20.0,28.57,0.63,25.0,0.667,0.75,1.667,2.417,1.0,668804
,,,5,0.25,1,0,0,0.0,1,100.0,0,0,,0.0,0,0.0,0.0,,0.0,,,1.0,,,,668804
CS,Slow Curve,BR,2,0.1,0,0,0,,0,,2,0,0.0,0.0,0,0.0,0.0,100.0,0.31,0.0,,,,,,668804
FF,4-Seam Fastball,FB,15,42.86,5,5,2,40.0,0,0.0,9,2,22.22,13.33,2,13.33,26.67,42.86,60.0,33.33,0.4,0.4,0.6,1.0,0.1999999999999999,668845
SL,Slider,BR,11,31.43,4,4,0,0.0,0,0.0,8,2,25.0,18.18,1,9.09,27.27,60.0,20.0,0.0,0.25,0.25,0.25,0.5,0.0,668845
SI,Sinker,FB,3,8.57,1,1,0,0.0,0,0.0,3,0,0.0,0.0,0,0.0,0.0,100.0,0.0,,0.0,0.0,0.0,0.0,0.0,668845
ST,Sweeper,BR,3,8.57,2,1,1,50.0,0,0.0,3,1,33.33,33.33,0,0.0,33.33,100.0,10.0,100.0,0.0,0.0,0.0,0.0,0.0,668845
FC,Cutter,FB,2,5.71,0,0,0,,0,,1,1,100.0,50.0,1,50.0,100.0,100.0,0.0,,,,,,,668845
CU,Curveball,BR,1,2.86,0,0,0,,0,,1,0,0.0,0.0,0,0.0,0.0,100.0,10.0,0.0,,,,,,668845
FF,4-Seam Fastball,FB,175,33.46,46,35,3,6.52,10,21.74,74,2,2.7,1.14,29,16.57,17.71,13.58,38.93,5.17,0.257,0.435,0.314,0.749,0.0569999999999999,668885
SI,Sinker,FB,107,20.46,22,17,2,9.09,5,22.73,39,6,15.38,5.61,23,21.5,27.1,21.82,10.74,12.5,0.294,0.455,0.294,0.749,0.0,668885
SL,Slider,BR,70,13.38,18,17,5,27.78,0,0.0,29,10,34.48,14.29,11,15.71,30.0,23.68,12.75,26.32,0.353,0.353,0.471,0.824,0.118,668885
CH,Changeup,OS,43,8.22,10,7,4,40.0,2,20.0,16,5,31.25,11.63,9,20.93,32.56,30.77,12.08,22.22,0.0,0.222,0.0,0.222,0.0,668885
ST,Sweeper,BR,43,8.22,9,9,1,11.11,0,0.0,13,1,7.69,2.33,9,20.93,23.26,12.0,6.04,11.11,0.333,0.333,0.444,0.777,0.1109999999999999,668885
FC,Cutter,FB,40,7.65,9,9,2,22.22,0,0.0,19,4,21.05,10.0,4,10.0,20.0,27.27,6.04,22.22,0.222,0.222,0.333,0.555,0.111,668885
FS,Split-Finger,OS,20,3.82,4,4,2,50.0,0,0.0,5,1,20.0,5.0,3,15.0,20.0,14.29,6.04,22.22,0.0,0.0,0.0,0.0,0.0,668885
CU,Curveball,BR,13,2.49,6,6,2,33.33,0,0.0,7,2,28.57,15.38,3,23.08,38.46,20.0,5.37,25.0,0.167,0.167,0.167,0.334,0.0,668885
SV,Slurve,BR,9,1.72,0,0,0,,0,,0,0,,0.0,2,22.22,22.22,0.0,2.01,0.0,,,,,,668885
KC,Knuckle Curve,BR,3,0.57,0,0,0,,0,,1,1,100.0,33.33,0,0.0,33.33,33.33,0.0,,,,,,,668885
FF,4-Seam Fastball,FB,283,22.77,76,73,22,28.95,1,1.32,155,39,25.16,13.78,50,17.67,31.45,31.53,28.69,21.36,0.219,0.25,0.438,0.688,0.219,668901
SI,Sinker,FB,253,20.35,73,65,6,8.22,6,8.22,119,18,15.13,7.11,50,19.76,26.88,30.77,9.19,18.18,0.231,0.301,0.354,0.655,0.1229999999999999,668901
SL,Slider,BR,244,19.63,53,47,14,26.42,5,9.43,121,48,39.67,19.67,30,12.3,31.97,29.1,19.5,20.0,0.234,0.302,0.468,0.77,0.234,668901
ST,Sweeper,BR,182,14.64,50,44,11,22.0,5,10.0,93,29,31.18,15.93,20,10.99,26.92,26.6,17.83,17.19,0.227,0.3,0.227,0.527,0.0,668901
FC,Cutter,FB,86,6.92,17,13,3,17.65,4,23.53,40,19,47.5,22.09,16,18.6,40.7,27.5,4.18,20.0,0.231,0.412,0.538,0.95,0.307,668901
CH,Changeup,OS,67,5.39,16,12,5,31.25,2,12.5,37,19,51.35,28.36,5,7.46,35.82,44.19,6.13,22.73,0.167,0.375,0.167,0.542,0.0,668901
CU,Curveball,BR,56,4.51,16,16,6,37.5,0,0.0,27,10,37.04,17.86,8,14.29,32.14,25.93,5.01,33.33,0.375,0.375,0.625,1.0,0.25,668901
FS,Split-Finger,OS,37,2.98,13,13,11,84.62,0,0.0,21,13,61.9,35.14,3,8.11,43.24,51.85,5.57,55.0,0.077,0.077,0.154,0.2309999999999999,0.077,668901
KC,Knuckle Curve,BR,20,1.61,7,7,4,57.14,0,0.0,11,6,54.55,30.0,4,20.0,50.0,50.0,2.51,44.44,0.143,0.143,0.143,0.286,0.0,668901
SV,Slurve,BR,8,0.64,4,4,2,50.0,0,0.0,6,4,66.67,50.0,1,12.5,62.5,80.0,1.11,50.0,0.0,0.0,0.0,0.0,0.0,668901
FA,Other,,3,0.24,1,1,0,0.0,0,0.0,1,0,0.0,0.0,1,33.33,33.33,0.0,0.0,,1.0,1.0,4.0,5.0,3.0,668901
EP,Eephus,,2,0.16,1,1,0,0.0,0,0.0,1,0,0.0,0.0,0,0.0,0.0,0.0,0.0,,1.0,1.0,4.0,5.0,3.0,668901
,,,2,0.16,0,0,0,,0,,0,0,,0.0,0,0.0,0.0,,0.28,0.0,,,,,,668901
FF,4-Seam Fastball,FB,347,32.86,78,69,20,25.64,8,10.26,177,58,32.77,16.71,58,16.71,33.43,28.86,32.99,20.83,0.188,0.273,0.348,0.621,0.1599999999999999,668904
SI,Sinker,FB,175,16.57,51,46,6,11.76,4,7.84,86,13,15.12,7.43,47,26.86,34.29,37.5,12.03,17.14,0.283,0.333,0.435,0.768,0.152,668904
SL,Slider,BR,141,13.35,40,40,10,25.0,0,0.0,71,21,29.58,14.89,19,13.48,28.37,24.29,10.31,33.33,0.3,0.3,0.65,0.95,0.35,668904
ST,Sweeper,BR,111,10.51,28,27,5,17.86,1,3.57,58,15,25.86,13.51,13,11.71,25.23,35.94,14.43,11.9,0.111,0.143,0.185,0.3279999999999999,0.074,668904
FC,Cutter,FB,107,10.13,37,37,6,16.22,0,0.0,61,11,18.03,10.28,16,14.95,25.23,43.4,8.25,25.0,0.189,0.189,0.297,0.486,0.1079999999999999,668904
CH,Changeup,OS,61,5.78,19,18,7,36.84,1,5.26,34,12,35.29,19.67,5,8.2,27.87,36.11,7.9,30.43,0.222,0.263,0.222,0.485,0.0,668904
CU,Curveball,BR,54,5.11,14,13,1,7.14,1,7.14,25,7,28.0,12.96,7,12.96,25.93,28.12,6.53,5.26,0.462,0.5,0.615,1.115,0.1529999999999999,668904
FS,Split-Finger,OS,43,4.07,14,12,3,21.43,1,7.14,27,10,37.04,23.26,2,4.65,27.91,44.0,5.84,17.65,0.417,0.462,0.417,0.879,0.0,668904
KC,Knuckle Curve,BR,10,0.95,4,4,0,0.0,0,0.0,7,1,14.29,10.0,0,0.0,10.0,60.0,1.03,0.0,0.0,0.0,0.0,0.0,0.0,668904
SV,Slurve,BR,6,0.57,1,1,0,0.0,0,0.0,3,1,33.33,16.67,0,0.0,16.67,25.0,0.34,0.0,0.0,0.0,0.0,0.0,0.0,668904
,,,1,0.09,0,0,0,,0,,0,0,,0.0,0,0.0,0.0,,0.34,0.0,,,,,,668904
FF,4-Seam Fastball,FB,777,38.79,145,118,41,28.28,26,17.93,383,83,21.67,10.68,138,17.76,28.44,24.92,37.02,17.01,0.305,0.428,0.508,0.936,0.203,668930
CH,Changeup,OS,226,11.28,70,66,11,15.71,2,2.86,104,19,18.27,8.41,22,9.73,18.14,24.81,12.9,13.1,0.212,0.232,0.348,0.58,0.1359999999999999,668930
SI,Sinker,FB,209,10.43,48,39,7,14.58,8,16.67,84,10,11.9,4.78,49,23.44,28.23,14.77,6.76,15.91,0.282,0.404,0.359,0.763,0.077,668930
CU,Curveball,BR,195,9.74,28,26,10,35.71,2,7.14,54,13,24.07,6.67,49,25.13,31.79,19.13,9.37,16.39,0.192,0.25,0.192,0.442,0.0,668930
SL,Slider,BR,184,9.19,52,44,9,17.31,7,13.46,74,20,27.03,10.87,28,15.22,26.09,28.18,9.98,13.85,0.273,0.385,0.409,0.794,0.1359999999999999,668930
FC,Cutter,FB,128,6.39,40,37,2,5.0,2,5.0,78,11,14.1,8.59,16,12.5,21.09,29.79,4.15,7.41,0.568,0.575,1.135,1.71,0.5670000000000001,668930
ST,Sweeper,BR,110,5.49,30,30,11,36.67,0,0.0,47,12,25.53,10.91,25,22.73,33.64,27.45,7.68,22.0,0.267,0.267,0.433,0.7,0.1659999999999999,668930
FS,Split-Finger,OS,109,5.44,37,35,12,32.43,2,5.41,50,14,28.0,12.84,6,5.5,18.35,26.76,8.45,21.82,0.114,0.162,0.143,0.305,0.0289999999999999,668930
KC,Knuckle Curve,BR,48,2.4,12,11,4,33.33,1,8.33,12,4,33.33,8.33,14,29.17,37.5,16.0,2.92,21.05,0.364,0.417,0.545,0.962,0.181,668930
SV,Slurve,BR,7,0.35,2,2,1,50.0,0,0.0,1,0,0.0,0.0,4,57.14,57.14,0.0,0.46,33.33,0.0,0.0,0.0,0.0,0.0,668930
,,,5,0.25,1,0,0,0.0,1,100.0,0,0,,0.0,0,0.0,0.0,,0.0,,,1.0,,,,668930
FO,Forkball,OS,2,0.1,1,1,0,0.0,0,0.0,2,0,0.0,0.0,0,0.0,0.0,100.0,0.31,0.0,0.0,0.0,0.0,0.0,0.0,668930
EP,Eephus,,1,0.05,1,1,0,0.0,0,0.0,1,0,0.0,0.0,0,0.0,0.0,,0.0,,0.0,0.0,0.0,0.0,0.0,668930
FA,Other,,1,0.05,0,0,0,,0,,0,0,,0.0,0,0.0,0.0,0.0,0.0,,,,,,,668930
PO,Pitch Out,,1,0.05,0,0,0,,0,,0,0,,0.0,0,0.0,0.0,0.0,0.0,,,,,,,668930
FF,4-Seam Fastball,FB,353,33.08,89,75,12,13.48,9,10.11,168,21,12.5,5.95,77,21.81,27.76,24.48,32.17,11.88,0.227,0.31,0.493,0.8029999999999999,0.266,668939
CH,Changeup,OS,154,14.43,36,33,7,19.44,3,8.33,69,13,18.84,8.44,15,9.74,18.18,28.28,17.52,12.73,0.091,0.167,0.182,0.349,0.091,668939
SL,Slider,BR,119,11.15,34,30,8,23.53,4,11.76,52,9,17.31,7.56,29,24.37,31.93,27.78,10.83,23.53,0.267,0.353,0.467,0.8200000000000001,0.2,668939
SI,Sinker,FB,103,9.65,25,23,3,12.0,2,8.0,40,1,2.5,0.97,23,22.33,23.3,19.15,7.01,13.64,0.304,0.36,0.435,0.7949999999999999,0.131,668939
FC,Cutter,FB,86,8.06,24,23,3,12.5,1,4.17,50,9,18.0,10.47,13,15.12,25.58,32.26,4.46,21.43,0.13,0.167,0.174,0.3409999999999999,0.0439999999999999,668939
ST,Sweeper,BR,81,7.59,10,7,1,10.0,3,30.0,21,4,19.05,4.94,20,24.69,29.63,18.6,8.92,3.57,0.143,0.4,0.143,0.543,0.0,668939
CU,Curveball,BR,73,6.84,12,11,4,33.33,1,8.33,20,6,30.0,8.22,18,24.66,32.88,22.73,7.01,18.18,0.182,0.25,0.364,0.614,0.182,668939
FS,Split-Finger,OS,60,5.62,19,16,0,0.0,3,15.79,24,3,12.5,5.0,7,11.67,16.67,16.22,5.73,0.0,0.25,0.368,0.375,0.743,0.125,668939
KC,Knuckle Curve,BR,19,1.78,4,4,1,25.0,0,0.0,7,1,14.29,5.26,3,15.79,21.05,18.18,3.82,8.33,0.25,0.25,0.25,0.5,0.0,668939
SV,Slurve,BR,12,1.12,1,1,1,100.0,0,0.0,4,1,25.0,8.33,2,16.67,25.0,14.29,1.91,16.67,0.0,0.0,0.0,0.0,0.0,668939
EP,Eephus,,4,0.37,1,0,0,0.0,1,100.0,0,0,,0.0,1,25.0,25.0,0.0,0.0,,,1.0,,,,668939
CS,Slow Curve,BR,2,0.19,2,2,0,0.0,0,0.0,2,0,0.0,0.0,0,0.0,0.0,100.0,0.64,0.0,0.0,0.0,0.0,0.0,0.0,668939
FA,Other,,1,0.09,0,0,0,,0,,0,0,,0.0,0,0.0,0.0,0.0,0.0,,,,,,,668939
FF,4-Seam Fastball,FB,264,38.04,72,59,19,26.39,11,15.28,126,28,22.22,10.61,43,16.29,26.89,15.32,38.86,25.33,0.22,0.333,0.39,0.7230000000000001,0.17,668942
CH,Changeup,OS,108,15.56,25,25,4,16.0,0,0.0,51,13,25.49,12.04,8,7.41,19.44,20.97,18.65,11.11,0.16,0.16,0.2,0.36,0.04,668942
SI,Sinker,FB,86,12.39,32,26,5,15.62,6,18.75,44,7,15.91,8.14,12,13.95,22.09,12.12,12.95,20.0,0.077,0.25,0.115,0.365,0.038,668942
SL,Slider,BR,51,7.35,12,12,2,16.67,0,0.0,26,6,23.08,11.76,10,19.61,31.37,25.0,7.25,14.29,0.167,0.167,0.25,0.417,0.0829999999999999,668942
FC,Cutter,FB,50,7.2,13,12,0,0.0,1,7.69,25,5,20.0,10.0,7,14.0,24.0,33.33,5.18,0.0,0.25,0.308,0.25,0.558,0.0,668942
CU,Curveball,BR,48,6.92,9,9,2,22.22,0,0.0,15,3,20.0,6.25,9,18.75,25.0,19.35,5.7,18.18,0.333,0.333,0.333,0.666,0.0,668942
ST,Sweeper,BR,31,4.47,6,6,3,50.0,0,0.0,9,2,22.22,6.45,6,19.35,25.81,11.11,4.66,33.33,0.0,0.0,0.0,0.0,0.0,668942
FS,Split-Finger,OS,31,4.47,8,8,4,50.0,0,0.0,14,8,57.14,25.81,0,0.0,25.81,27.27,5.18,40.0,0.125,0.125,0.125,0.25,0.0,668942
KC,Knuckle Curve,BR,14,2.02,2,2,0,0.0,0,0.0,4,1,25.0,7.14,2,14.29,21.43,12.5,0.0,,0.5,0.5,0.5,1.0,0.0,668942
FA,Other,,5,0.72,1,0,0,0.0,1,100.0,0,0,,0.0,1,20.0,20.0,0.0,0.0,,,1.0,,,,668942
SV,Slurve,BR,5,0.72,1,1,1,100.0,0,0.0,1,0,0.0,0.0,3,60.0,60.0,50.0,1.55,33.33,0.0,0.0,0.0,0.0,0.0,668942
,,,1,0.14,0,0,0,,0,,0,0,,0.0,0,0.0,0.0,,0.0,,,,,,,668942
FF,4-Seam Fastball,FB,37,31.9,7,5,3,42.86,2,28.57,15,8,53.33,21.62,4,10.81,32.43,20.0,30.77,25.0,0.2,0.429,0.2,0.629,0.0,668952
SL,Slider,BR,17,14.66,5,5,2,40.0,0,0.0,10,4,40.0,23.53,4,23.53,47.06,33.33,15.38,33.33,0.4,0.4,0.4,0.8,0.0,668952
ST,Sweeper,BR,16,13.79,4,4,1,25.0,0,0.0,7,2,28.57,12.5,1,6.25,18.75,20.0,15.38,16.67,0.0,0.0,0.0,0.0,0.0,668952
SI,Sinker,FB,13,11.21,5,5,2,40.0,0,0.0,10,5,50.0,38.46,0,0.0,38.46,50.0,10.26,50.0,0.0,0.0,0.0,0.0,0.0,668952
FS,Split-Finger,OS,8,6.9,4,4,4,100.0,0,0.0,5,5,100.0,62.5,0,0.0,62.5,50.0,12.82,80.0,0.0,0.0,0.0,0.0,0.0,668952
CH,Changeup,OS,7,6.03,0,0,0,,0,,4,1,25.0,14.29,0,0.0,14.29,50.0,7.69,0.0,,,,,,668952
SV,Slurve,BR,7,6.03,2,2,1,50.0,0,0.0,4,1,25.0,14.29,2,28.57,42.86,66.67,2.56,100.0,0.0,0.0,0.0,0.0,0.0,668952
CU,Curveball,BR,7,6.03,0,0,0,,0,,5,2,40.0,28.57,0,0.0,28.57,33.33,2.56,0.0,,,,,,668952
FC,Cutter,FB,3,2.59,0,0,0,,0,,1,0,0.0,0.0,1,33.33,33.33,0.0,2.56,0.0,,,,,,668952
CS,Slow Curve,BR,1,0.86,0,0,0,,0,,1,0,0.0,0.0,0,0.0,0.0,,0.0,,,,,,,668952
SI,Sinker,FB,43,28.86,13,12,4,30.77,1,7.69,20,6,30.0,13.95,8,18.6,32.56,11.76,22.92,36.36,0.083,0.154,0.083,0.237,0.0,668974
FF,4-Seam Fastball,FB,42,28.19,8,7,4,50.0,0,0.0,22,7,31.82,16.67,8,19.05,35.71,10.0,31.25,26.67,0.0,0.0,0.0,0.0,0.0,668974
ST,Sweeper,BR,22,14.77,7,6,4,57.14,0,0.0,14,9,64.29,40.91,1,4.55,45.45,53.85,18.75,44.44,0.167,0.167,0.167,0.334,0.0,668974
SL,Slider,BR,18,12.08,5,5,2,40.0,0,0.0,11,4,36.36,22.22,2,11.11,33.33,50.0,14.58,28.57,0.2,0.2,0.2,0.4,0.0,668974
CU,Curveball,BR,14,9.4,5,5,1,20.0,0,0.0,7,2,28.57,14.29,4,28.57,42.86,40.0,10.42,20.0,0.0,0.0,0.0,0.0,0.0,668974
CH,Changeup,OS,7,4.7,2,2,0,0.0,0,0.0,4,0,0.0,0.0,1,14.29,14.29,0.0,2.08,0.0,0.0,0.0,0.0,0.0,0.0,668974
FC,Cutter,FB,3,2.01,0,0,0,,0,,3,2,66.67,66.67,0,0.0,66.67,,0.0,,,,,,,668974
FF,4-Seam Fastball,FB,57,27.27,15,14,6,40.0,0,0.0,31,10,32.26,17.54,11,19.3,36.84,28.57,29.23,31.58,0.214,0.2,0.357,0.5569999999999999,0.143,669003
SI,Sinker,FB,41,19.62,16,14,6,37.5,2,12.5,16,1,6.25,2.44,14,34.15,36.59,7.69,18.46,50.0,0.214,0.312,0.286,0.598,0.0719999999999999,669003
CH,Changeup,OS,40,19.14,4,4,2,50.0,0,0.0,12,6,50.0,15.0,3,7.5,22.5,16.13,18.46,16.67,0.25,0.25,0.5,0.75,0.25,669003
FC,Cutter,FB,27,12.92,7,5,2,28.57,2,28.57,11,2,18.18,7.41,5,18.52,25.93,15.38,4.62,66.67,0.2,0.429,0.2,0.629,0.0,669003
SL,Slider,BR,19,9.09,7,6,1,14.29,1,14.29,11,3,27.27,15.79,2,10.53,26.32,25.0,9.23,16.67,0.333,0.429,0.667,1.096,0.334,669003
FS,Split-Finger,OS,9,4.31,0,0,0,,0,,2,1,50.0,11.11,0,0.0,11.11,22.22,12.31,0.0,,,,,,669003
CU,Curveball,BR,5,2.39,2,2,2,100.0,0,0.0,2,2,100.0,40.0,0,0.0,40.0,40.0,3.08,100.0,0.0,0.0,0.0,0.0,0.0,669003
KC,Knuckle Curve,BR,5,2.39,2,2,2,100.0,0,0.0,4,4,100.0,80.0,0,0.0,80.0,80.0,4.62,66.67,0.0,0.0,0.0,0.0,0.0,669003
EP,Eephus,,2,0.96,1,1,0,0.0,0,0.0,2,0,0.0,0.0,0,0.0,0.0,100.0,0.0,,0.0,0.0,0.0,0.0,0.0,669003
ST,Sweeper,BR,2,0.96,0,0,0,,0,,0,0,,0.0,0,0.0,0.0,0.0,0.0,,,,,,,669003
SV,Slurve,BR,2,0.96,0,0,0,,0,,1,1,100.0,50.0,1,50.0,100.0,,0.0,,,,,,,669003
FF,4-Seam Fastball,FB,75,35.71,18,18,4,22.22,0,0.0,42,18,42.86,24.0,8,10.67,34.67,23.53,32.2,21.05,0.056,0.056,0.111,0.167,0.055,669004
CH,Changeup,OS,28,13.33,9,9,2,22.22,0,0.0,13,4,30.77,14.29,2,7.14,21.43,25.0,13.56,25.0,0.0,0.0,0.0,0.0,0.0,669004
FC,Cutter,FB,27,12.86,7,6,3,42.86,1,14.29,14,6,42.86,22.22,6,22.22,44.44,33.33,8.47,60.0,0.0,0.143,0.0,0.143,0.0,669004
CU,Curveball,BR,22,10.48,8,7,4,50.0,1,12.5,11,6,54.55,27.27,4,18.18,45.45,50.0,11.86,57.14,0.0,0.125,0.0,0.125,0.0,669004
FS,Split-Finger,OS,20,9.52,6,6,2,33.33,0,0.0,8,3,37.5,15.0,2,10.0,25.0,28.57,13.56,25.0,0.333,0.333,0.5,0.833,0.1669999999999999,669004
SL,Slider,BR,17,8.1,3,3,3,100.0,0,0.0,6,3,50.0,17.65,7,41.18,58.82,50.0,5.08,100.0,0.0,0.0,0.0,0.0,0.0,669004
KC,Knuckle Curve,BR,9,4.29,2,2,2,100.0,0,0.0,5,4,80.0,44.44,2,22.22,66.67,66.67,8.47,40.0,0.0,0.0,0.0,0.0,0.0,669004
SI,Sinker,FB,9,4.29,2,1,0,0.0,0,0.0,4,1,25.0,11.11,1,11.11,22.22,40.0,5.08,0.0,1.0,1.0,1.0,2.0,0.0,669004
ST,Sweeper,BR,3,1.43,0,0,0,,0,,1,0,0.0,0.0,1,33.33,33.33,0.0,1.69,0.0,,,,,,669004
FF,4-Seam Fastball,FB,497,37.51,129,112,36,27.91,15,11.63,234,49,20.94,9.86,84,16.9,26.76,23.85,38.07,22.15,0.25,0.339,0.375,0.714,0.125,669016
SL,Slider,BR,203,15.32,46,41,12,26.09,3,6.52,94,19,20.21,9.36,30,14.78,24.14,24.56,19.04,15.19,0.268,0.311,0.293,0.604,0.0249999999999999,669016
SI,Sinker,FB,147,11.09,44,39,3,6.82,5,11.36,68,5,7.35,3.4,31,21.09,24.49,23.81,7.23,10.0,0.308,0.386,0.538,0.924,0.23,669016
CH,Changeup,OS,125,9.43,37,36,3,8.11,0,0.0,71,12,16.9,9.6,15,12.0,21.6,43.94,8.43,8.57,0.389,0.389,0.722,1.111,0.3329999999999999,669016
CU,Curveball,BR,107,8.08,24,22,7,29.17,1,4.17,40,12,30.0,11.21,20,18.69,29.91,26.47,9.4,17.95,0.364,0.375,0.455,0.8300000000000001,0.091,669016
FC,Cutter,FB,99,7.47,22,21,4,18.18,1,4.55,42,10,23.81,10.1,20,20.2,30.3,21.74,3.86,25.0,0.286,0.318,0.619,0.937,0.333,669016
FS,Split-Finger,OS,50,3.77,12,10,3,25.0,1,8.33,27,11,40.74,22.0,2,4.0,26.0,30.0,4.82,15.0,0.4,0.417,0.5,0.917,0.0999999999999999,669016
ST,Sweeper,BR,44,3.32,9,8,1,11.11,1,11.11,26,5,19.23,11.36,7,15.91,27.27,50.0,3.86,6.25,0.5,0.556,1.0,1.556,0.5,669016
KC,Knuckle Curve,BR,29,2.19,10,10,8,80.0,0,0.0,14,8,57.14,27.59,5,17.24,44.83,47.06,3.13,61.54,0.2,0.2,0.6,0.8,0.3999999999999999,669016
KN,Knuckleball,,8,0.6,2,2,0,0.0,0,0.0,6,1,16.67,12.5,0,0.0,12.5,33.33,0.72,0.0,0.5,0.5,0.5,1.0,0.0,669016
,,,5,0.38,1,0,0,0.0,1,100.0,0,0,,0.0,0,0.0,0.0,,0.24,0.0,,1.0,,,,669016
FO,Forkball,OS,5,0.38,2,2,1,50.0,0,0.0,5,2,40.0,40.0,0,0.0,40.0,100.0,0.72,33.33,0.5,0.5,1.0,1.5,0.5,669016
SV,Slurve,BR,4,0.3,0,0,0,,0,,1,1,100.0,25.0,0,0.0,25.0,25.0,0.24,0.0,,,,,,669016
CS,Slow Curve,BR,2,0.15,0,0,0,,0,,1,1,100.0,50.0,0,0.0,50.0,50.0,0.24,0.0,,,,,,669016
FF,4-Seam Fastball,FB,527,38.61,134,115,42,31.34,15,11.19,279,98,35.13,18.6,48,9.11,27.7,19.58,38.52,27.81,0.278,0.366,0.574,0.94,0.2959999999999999,669065
CH,Changeup,OS,181,13.26,59,57,16,27.12,2,3.39,110,43,39.09,23.76,6,3.31,27.07,42.2,14.03,29.09,0.316,0.339,0.596,0.935,0.2799999999999999,669065
FC,Cutter,FB,143,10.48,35,28,8,22.86,7,20.0,78,23,29.49,16.08,18,12.59,28.67,22.81,8.93,22.86,0.321,0.457,0.607,1.064,0.286,669065
SL,Slider,BR,127,9.3,33,29,11,33.33,3,9.09,71,23,32.39,18.11,7,5.51,23.62,25.76,10.2,27.5,0.241,0.303,0.552,0.855,0.311,669065
CU,Curveball,BR,106,7.77,18,16,7,38.89,2,11.11,46,16,34.78,15.09,16,15.09,30.19,24.56,7.14,25.0,0.25,0.333,0.75,1.083,0.5,669065
SI,Sinker,FB,106,7.77,32,27,6,18.75,5,15.62,59,11,18.64,10.38,15,14.15,24.53,23.08,6.12,25.0,0.407,0.5,0.704,1.204,0.297,669065
FS,Split-Finger,OS,66,4.84,20,19,9,45.0,0,0.0,38,16,42.11,24.24,4,6.06,30.3,37.84,5.87,39.13,0.211,0.211,0.526,0.737,0.315,669065
ST,Sweeper,BR,52,3.81,11,8,1,9.09,2,18.18,20,3,15.0,5.77,2,3.85,9.62,11.76,4.59,5.56,0.5,0.636,1.0,1.636,0.5,669065
KC,Knuckle Curve,BR,33,2.42,6,6,2,33.33,0,0.0,16,6,37.5,18.18,4,12.12,30.3,31.58,4.08,12.5,0.333,0.333,0.333,0.666,0.0,669065
,,,12,0.88,3,0,0,0.0,3,100.0,0,0,,0.0,0,0.0,0.0,,0.0,,,1.0,,,,669065
FO,Forkball,OS,4,0.29,2,2,2,100.0,0,0.0,3,3,100.0,75.0,0,0.0,75.0,66.67,0.51,100.0,0.0,0.0,0.0,0.0,0.0,669065
SV,Slurve,BR,4,0.29,0,0,0,,0,,1,0,0.0,0.0,0,0.0,0.0,0.0,0.0,,,,,,,669065
EP,Eephus,,2,0.15,0,0,0,,0,,1,1,100.0,50.0,0,0.0,50.0,50.0,0.0,,,,,,,669065
CS,Slow Curve,BR,1,0.07,0,0,0,,0,,1,1,100.0,100.0,0,0.0,100.0,100.0,0.0,,,,,,,669065
KN,Knuckleball,,1,0.07,1,1,0,0.0,0,0.0,1,0,0.0,0.0,0,0.0,0.0,,0.0,,1.0,1.0,1.0,2.0,0.0,669065
FF,4-Seam Fastball,FB,61,38.12,16,14,8,50.0,1,6.25,31,8,25.81,13.11,13,21.31,34.43,21.05,39.22,40.0,0.286,0.312,0.571,0.883,0.285,669087
SI,Sinker,FB,33,20.62,9,7,2,22.22,2,22.22,14,6,42.86,18.18,6,18.18,36.36,31.58,13.73,28.57,0.0,0.222,0.0,0.222,0.0,669087
SL,Slider,BR,20,12.5,6,6,1,16.67,0,0.0,13,6,46.15,30.0,0,0.0,30.0,37.5,7.84,25.0,0.167,0.167,0.167,0.334,0.0,669087
ST,Sweeper,BR,20,12.5,5,5,4,80.0,0,0.0,8,6,75.0,30.0,4,20.0,50.0,27.27,17.65,44.44,0.0,0.0,0.0,0.0,0.0,669087
KC,Knuckle Curve,BR,8,5.0,1,1,1,100.0,0,0.0,3,2,66.67,25.0,0,0.0,25.0,16.67,5.88,33.33,0.0,0.0,0.0,0.0,0.0,669087
CH,Changeup,OS,5,3.12,1,1,1,100.0,0,0.0,2,2,100.0,40.0,0,0.0,40.0,0.0,5.88,33.33,0.0,0.0,0.0,0.0,0.0,669087
CU,Curveball,BR,5,3.12,0,0,0,,0,,1,0,0.0,0.0,0,0.0,0.0,0.0,3.92,0.0,,,,,,669087
FC,Cutter,FB,5,3.12,1,1,0,0.0,0,0.0,3,0,0.0,0.0,0,0.0,0.0,0.0,1.96,0.0,1.0,1.0,1.0,2.0,0.0,669087
SV,Slurve,BR,2,1.25,1,1,0,0.0,0,0.0,1,0,0.0,0.0,0,0.0,0.0,100.0,3.92,0.0,0.0,0.0,0.0,0.0,0.0,669087
FS,Split-Finger,OS,1,0.62,0,0,0,,0,,1,1,100.0,100.0,0,0.0,100.0,,0.0,,,,,,,669087
FF,4-Seam Fastball,FB,495,32.93,110,94,29,26.36,15,13.64,242,57,23.55,11.52,91,18.38,29.9,27.56,38.11,16.18,0.213,0.327,0.479,0.806,0.266,669127
SI,Sinker,FB,255,16.97,80,74,3,3.75,6,7.5,131,16,12.21,6.27,40,15.69,21.96,30.28,7.71,8.57,0.351,0.4,0.676,1.076,0.325,669127
SL,Slider,BR,238,15.83,68,62,10,14.71,5,7.35,124,35,28.23,14.71,31,13.03,27.73,32.31,15.64,14.08,0.21,0.265,0.484,0.749,0.274,669127
ST,Sweeper,BR,191,12.71,49,47,14,28.57,2,4.08,90,33,36.67,17.28,20,10.47,27.75,26.96,13.44,22.95,0.085,0.122,0.17,0.292,0.085,669127
FC,Cutter,FB,107,7.12,30,27,1,3.33,1,3.33,62,11,17.74,10.28,10,9.35,19.63,30.0,3.74,5.88,0.333,0.333,0.704,1.037,0.3709999999999999,669127
CH,Changeup,OS,70,4.66,21,19,6,28.57,2,9.52,37,10,27.03,14.29,5,7.14,21.43,25.64,7.05,18.75,0.316,0.381,0.368,0.749,0.0519999999999999,669127
CU,Curveball,BR,50,3.33,15,14,5,33.33,0,0.0,24,8,33.33,16.0,5,10.0,26.0,25.81,5.07,21.74,0.214,0.2,0.429,0.629,0.215,669127
KC,Knuckle Curve,BR,46,3.06,13,12,4,30.77,1,7.69,24,10,41.67,21.74,3,6.52,28.26,41.94,4.19,21.05,0.25,0.308,0.333,0.641,0.083,669127
FS,Split-Finger,OS,37,2.46,10,9,5,50.0,1,10.0,18,9,50.0,24.32,2,5.41,29.73,28.57,4.41,25.0,0.333,0.4,0.778,1.178,0.445,669127
SV,Slurve,BR,7,0.47,1,1,0,0.0,0,0.0,5,1,20.0,14.29,0,0.0,14.29,33.33,0.66,0.0,0.0,0.0,0.0,0.0,0.0,669127
,,,5,0.33,1,0,0,0.0,1,100.0,0,0,,0.0,0,0.0,0.0,,0.0,,,1.0,,,,669127
FA,Other,,1,0.07,1,1,0,0.0,0,0.0,1,0,0.0,0.0,0,0.0,0.0,100.0,0.0,,1.0,1.0,1.0,2.0,0.0,669127
EP,Eephus,,1,0.07,1,1,0,0.0,0,0.0,1,0,0.0,0.0,0,0.0,0.0,100.0,0.0,,1.0,1.0,1.0,2.0,0.0,669127
FF,4-Seam Fastball,FB,13,30.95,4,2,2,50.0,2,50.0,4,3,75.0,23.08,4,30.77,53.85,0.0,40.0,50.0,0.0,0.5,0.0,0.5,0.0,669134
KC,Knuckle Curve,BR,10,23.81,3,3,2,66.67,0,0.0,6,3,50.0,30.0,2,20.0,50.0,66.67,20.0,100.0,0.0,0.0,0.0,0.0,0.0,669134
CU,Curveball,BR,5,11.9,1,1,1,100.0,0,0.0,2,2,100.0,40.0,0,0.0,40.0,25.0,20.0,50.0,0.0,0.0,0.0,0.0,0.0,669134
CS,Slow Curve,BR,4,9.52,1,1,0,0.0,0,0.0,1,0,0.0,0.0,1,25.0,25.0,0.0,0.0,,0.0,0.0,0.0,0.0,0.0,669134
SL,Slider,BR,4,9.52,1,1,1,100.0,0,0.0,1,1,100.0,25.0,0,0.0,25.0,25.0,20.0,50.0,0.0,0.0,0.0,0.0,0.0,669134
CH,Changeup,OS,2,4.76,0,0,0,,0,,0,0,,0.0,0,0.0,0.0,0.0,0.0,,,,,,,669134
FC,Cutter,FB,2,4.76,0,0,0,,0,,1,1,100.0,50.0,1,50.0,100.0,100.0,0.0,,,,,,,669134
SI,Sinker,FB,2,4.76,0,0,0,,0,,0,0,,0.0,1,50.0,50.0,0.0,0.0,,,,,,,669134
FF,4-Seam Fastball,FB,3,75.0,1,1,0,0.0,0,0.0,1,0,0.0,0.0,1,33.33,33.33,50.0,,,1.0,1.0,1.0,2.0,0.0,669194
SL,Slider,BR,1,25.0,0,0,0,,0,,0,0,,0.0,0,0.0,0.0,0.0,,,,,,,,669194
FF,4-Seam Fastball,FB,34,44.16,9,8,3,33.33,1,11.11,14,4,28.57,11.76,10,29.41,41.18,21.43,50.0,25.0,0.125,0.222,0.125,0.347,0.0,669200
SL,Slider,BR,19,24.68,5,4,1,20.0,0,0.0,10,3,30.0,15.79,2,10.53,26.32,36.36,20.83,20.0,0.25,0.4,0.5,0.9,0.25,669200
SI,Sinker,FB,7,9.09,2,2,0,0.0,0,0.0,2,0,0.0,0.0,1,14.29,14.29,16.67,0.0,,0.0,0.0,0.0,0.0,0.0,669200
CH,Changeup,OS,6,7.79,2,2,1,50.0,0,0.0,3,0,0.0,0.0,1,16.67,16.67,0.0,8.33,50.0,0.0,0.0,0.0,0.0,0.0,669200
CU,Curveball,BR,5,6.49,1,1,0,0.0,0,0.0,3,2,66.67,40.0,0,0.0,40.0,50.0,12.5,0.0,1.0,1.0,1.0,2.0,0.0,669200
KC,Knuckle Curve,BR,4,5.19,0,0,0,,0,,2,3,150.0,75.0,0,0.0,75.0,66.67,4.17,0.0,,,,,,669200
ST,Sweeper,BR,2,2.6,1,1,1,100.0,0,0.0,1,1,100.0,50.0,1,50.0,100.0,100.0,4.17,100.0,0.0,0.0,0.0,0.0,0.0,669200
FF,4-Seam Fastball,FB,38,40.86,6,4,2,33.33,2,33.33,15,8,53.33,21.05,3,7.89,28.95,12.5,34.78,25.0,0.5,0.667,1.25,1.917,0.75,669208
SI,Sinker,FB,21,22.58,5,4,1,20.0,1,20.0,8,1,12.5,4.76,5,23.81,28.57,25.0,13.04,33.33,0.0,0.2,0.0,0.2,0.0,669208
SL,Slider,BR,18,19.35,8,8,1,12.5,0,0.0,9,2,22.22,11.11,1,5.56,16.67,30.0,21.74,20.0,0.25,0.25,0.25,0.5,0.0,669208
ST,Sweeper,BR,7,7.53,2,2,0,0.0,0,0.0,2,0,0.0,0.0,3,42.86,42.86,33.33,13.04,0.0,0.0,0.0,0.0,0.0,0.0,669208
SV,Slurve,BR,4,4.3,2,2,0,0.0,0,0.0,3,1,33.33,25.0,0,0.0,25.0,50.0,8.7,0.0,0.0,0.0,0.0,0.0,0.0,669208
FC,Cutter,FB,2,2.15,1,0,0,0.0,0,0.0,0,0,,0.0,1,50.0,50.0,0.0,0.0,,,,,,,669208
CH,Changeup,OS,1,1.08,0,0,0,,0,,1,0,0.0,0.0,0,0.0,0.0,,4.35,0.0,,,,,,669208
FS,Split-Finger,OS,1,1.08,1,1,1,100.0,0,0.0,1,1,100.0,100.0,0,0.0,100.0,100.0,4.35,100.0,0.0,0.0,0.0,0.0,0.0,669208
CU,Curveball,BR,1,1.08,0,0,0,,0,,1,0,0.0,0.0,0,0.0,0.0,,0.0,,,,,,,669208
SI,Sinker,FB,198,23.88,53,46,6,11.32,4,7.55,85,14,16.47,7.07,46,23.23,30.3,15.85,13.11,17.14,0.304,0.396,0.435,0.831,0.131,669221
FF,4-Seam Fastball,FB,185,22.32,53,43,16,30.19,6,11.32,81,16,19.75,8.65,44,23.78,32.43,19.18,24.34,23.08,0.186,0.321,0.302,0.623,0.1159999999999999,669221
SL,Slider,BR,161,19.42,36,33,17,47.22,3,8.33,76,38,50.0,23.6,21,13.04,36.65,31.18,23.22,27.42,0.182,0.25,0.455,0.7050000000000001,0.273,669221
ST,Sweeper,BR,84,10.13,27,26,10,37.04,0,0.0,47,14,29.79,16.67,12,14.29,30.95,47.73,9.74,38.46,0.115,0.111,0.346,0.4569999999999999,0.2309999999999999,669221
FC,Cutter,FB,60,7.24,19,17,3,15.79,1,5.26,34,9,26.47,15.0,7,11.67,26.67,20.0,5.99,18.75,0.176,0.211,0.529,0.74,0.353,669221
CH,Changeup,OS,50,6.03,12,11,7,58.33,1,8.33,27,15,55.56,30.0,3,6.0,36.0,29.03,10.49,25.0,0.0,0.083,0.0,0.083,0.0,669221
CU,Curveball,BR,47,5.67,12,10,4,33.33,2,16.67,21,7,33.33,14.89,11,23.4,38.3,25.0,5.62,26.67,0.3,0.417,0.5,0.917,0.2,669221
KC,Knuckle Curve,BR,25,3.02,4,4,1,25.0,0,0.0,12,6,50.0,24.0,3,12.0,36.0,30.77,3.37,11.11,0.25,0.25,0.5,0.75,0.25,669221
FS,Split-Finger,OS,16,1.93,5,5,3,60.0,0,0.0,11,6,54.55,37.5,1,6.25,43.75,55.56,3.75,30.0,0.2,0.2,0.2,0.4,0.0,669221
FO,Forkball,OS,2,0.24,0,0,0,,0,,0,0,,0.0,0,0.0,0.0,0.0,0.0,,,,,,,669221
UN,Unknown,,1,0.12,0,0,0,,0,,0,0,,0.0,0,0.0,0.0,0.0,0.37,0.0,,,,,,669221
FF,4-Seam Fastball,FB,427,34.91,106,89,21,19.81,9,8.49,230,49,21.3,11.48,55,12.88,24.36,24.06,33.85,15.15,0.213,0.286,0.506,0.792,0.293,669224
CH,Changeup,OS,197,16.11,47,46,16,34.04,0,0.0,93,32,34.41,16.24,21,10.66,26.9,29.57,14.62,28.07,0.196,0.191,0.283,0.474,0.0869999999999999,669224
SL,Slider,BR,160,13.08,44,39,17,38.64,3,6.82,82,28,34.15,17.5,19,11.88,29.38,34.57,16.15,26.98,0.154,0.227,0.359,0.586,0.205,669224
SI,Sinker,FB,108,8.83,30,26,7,23.33,3,10.0,54,14,25.93,12.96,16,14.81,27.78,25.0,6.67,26.92,0.231,0.31,0.538,0.8480000000000001,0.307,669224
FC,Cutter,FB,92,7.52,23,18,7,30.43,3,13.04,48,14,29.17,15.22,17,18.48,33.7,37.5,6.41,28.0,0.278,0.391,0.556,0.947,0.278,669224
CU,Curveball,BR,88,7.2,21,19,3,14.29,2,9.52,46,8,17.39,9.09,15,17.05,26.14,27.78,8.21,9.38,0.316,0.381,0.526,0.907,0.21,669224
FS,Split-Finger,OS,77,6.3,21,20,8,38.1,1,4.76,39,14,35.9,18.18,6,7.79,25.97,34.0,7.69,26.67,0.1,0.143,0.15,0.293,0.0499999999999999,669224
ST,Sweeper,BR,47,3.84,12,12,3,25.0,0,0.0,22,4,18.18,8.51,6,12.77,21.28,13.64,3.59,21.43,0.167,0.167,0.5,0.667,0.3329999999999999,669224
KC,Knuckle Curve,BR,21,1.72,5,5,1,20.0,0,0.0,10,4,40.0,19.05,4,19.05,38.1,46.15,2.31,11.11,0.6,0.6,0.8,1.4,0.2,669224
SV,Slurve,BR,4,0.33,1,1,0,0.0,0,0.0,2,0,0.0,0.0,0,0.0,0.0,33.33,0.26,0.0,0.0,0.0,0.0,0.0,0.0,669224
CS,Slow Curve,BR,1,0.08,1,1,0,0.0,0,0.0,1,0,0.0,0.0,0,0.0,0.0,,0.0,,0.0,0.0,0.0,0.0,0.0,669224
,,,1,0.08,1,0,0,0.0,1,100.0,0,0,,0.0,0,0.0,0.0,,0.26,0.0,,1.0,,,,669224
FF,4-Seam Fastball,FB,69,28.87,22,18,4,18.18,3,13.64,34,7,20.59,10.14,12,17.39,27.54,23.33,25.93,19.05,0.222,0.318,0.278,0.5960000000000001,0.056,669234
SI,Sinker,FB,42,17.57,12,12,4,33.33,0,0.0,22,3,13.64,7.14,9,21.43,28.57,44.44,13.58,36.36,0.167,0.167,0.333,0.5,0.166,669234
SL,Slider,BR,37,15.48,10,6,3,30.0,3,30.0,15,8,53.33,21.62,5,13.51,35.14,19.05,18.52,20.0,0.0,0.3,0.0,0.3,0.0,669234
ST,Sweeper,BR,27,11.3,2,1,1,50.0,1,50.0,6,3,50.0,11.11,6,22.22,33.33,6.67,13.58,9.09,0.0,0.5,0.0,0.5,0.0,669234
FC,Cutter,FB,21,8.79,2,2,0,0.0,0,0.0,6,1,16.67,4.76,6,28.57,33.33,10.0,2.47,0.0,0.0,0.0,0.0,0.0,0.0,669234
CU,Curveball,BR,16,6.69,4,4,3,75.0,0,0.0,8,4,50.0,25.0,3,18.75,43.75,44.44,7.41,50.0,0.25,0.25,0.25,0.5,0.0,669234
CH,Changeup,OS,16,6.69,1,1,0,0.0,0,0.0,6,3,50.0,18.75,1,6.25,25.0,18.18,7.41,0.0,1.0,1.0,1.0,2.0,0.0,669234
KC,Knuckle Curve,BR,5,2.09,0,0,0,,0,,1,0,0.0,0.0,1,20.0,20.0,0.0,4.94,0.0,,,,,,669234
SV,Slurve,BR,3,1.26,2,2,1,50.0,0,0.0,3,2,66.67,66.67,0,0.0,66.67,100.0,2.47,50.0,0.5,0.5,0.5,1.0,0.0,669234
FS,Split-Finger,OS,2,0.84,2,2,1,50.0,0,0.0,2,1,50.0,50.0,0,0.0,50.0,100.0,2.47,50.0,0.0,0.0,0.0,0.0,0.0,669234
,,,1,0.42,0,0,0,,0,,0,0,,0.0,0,0.0,0.0,,1.23,0.0,,,,,,669234
FF,4-Seam Fastball,FB,124,25.25,30,24,10,33.33,4,13.33,70,23,32.86,18.55,20,16.13,34.68,32.73,24.2,26.32,0.208,0.345,0.5,0.845,0.292,669236
SI,Sinker,FB,107,21.79,25,23,3,12.0,0,0.0,48,8,16.67,7.48,29,27.1,34.58,31.11,10.83,17.65,0.261,0.292,0.435,0.727,0.174,669236
ST,Sweeper,BR,89,18.13,27,27,6,22.22,0,0.0,53,18,33.96,20.22,2,2.25,22.47,32.65,25.48,15.0,0.296,0.296,0.519,0.815,0.223,669236
SL,Slider,BR,76,15.48,21,20,7,33.33,1,4.76,41,18,43.9,23.68,10,13.16,36.84,41.3,17.83,25.0,0.3,0.333,0.3,0.633,0.0,669236
FC,Cutter,FB,36,7.33,9,9,2,22.22,0,0.0,22,8,36.36,22.22,5,13.89,36.11,30.77,5.1,25.0,0.222,0.222,0.444,0.666,0.222,669236
CU,Curveball,BR,25,5.09,9,9,1,11.11,0,0.0,16,5,31.25,20.0,2,8.0,28.0,36.36,6.37,10.0,0.556,0.556,0.667,1.223,0.1109999999999999,669236
CH,Changeup,OS,14,2.85,5,5,2,40.0,0,0.0,8,3,37.5,21.43,1,7.14,28.57,50.0,5.73,22.22,0.2,0.2,0.4,0.6000000000000001,0.2,669236
FS,Split-Finger,OS,12,2.44,3,2,1,33.33,1,33.33,4,2,50.0,16.67,0,0.0,16.67,30.0,4.46,14.29,0.0,0.333,0.0,0.333,0.0,669236
KC,Knuckle Curve,BR,8,1.63,2,1,0,0.0,1,50.0,4,2,50.0,25.0,1,12.5,37.5,75.0,0.0,,1.0,1.0,1.0,2.0,0.0,669236
FF,4-Seam Fastball,FB,298,32.22,88,76,13,14.77,10,11.36,138,21,15.22,7.05,70,23.49,30.54,24.56,29.8,16.44,0.263,0.356,0.382,0.738,0.119,669242
CH,Changeup,OS,159,17.19,36,34,6,16.67,2,5.56,65,20,30.77,12.58,16,10.06,22.64,21.88,20.82,11.76,0.118,0.167,0.206,0.373,0.088,669242
SI,Sinker,FB,106,11.46,27,25,4,14.81,1,3.7,48,8,16.67,7.55,25,23.58,31.13,20.51,11.43,14.29,0.28,0.296,0.44,0.736,0.1599999999999999,669242
FC,Cutter,FB,87,9.41,22,21,2,9.09,1,4.55,51,8,15.69,9.2,14,16.09,25.29,34.38,4.08,20.0,0.143,0.182,0.286,0.4679999999999999,0.143,669242
SL,Slider,BR,85,9.19,28,25,2,7.14,1,3.57,47,11,23.4,12.94,9,10.59,23.53,28.57,9.8,8.33,0.2,0.286,0.32,0.606,0.12,669242
CU,Curveball,BR,65,7.03,20,19,5,25.0,0,0.0,31,11,35.48,16.92,11,16.92,33.85,40.54,7.35,27.78,0.368,0.35,0.421,0.7709999999999999,0.0529999999999999,669242
ST,Sweeper,BR,50,5.41,14,10,1,7.14,0,0.0,21,2,9.52,4.0,10,20.0,24.0,22.73,4.49,9.09,0.3,0.286,0.7,0.986,0.3999999999999999,669242
KC,Knuckle Curve,BR,36,3.89,10,10,4,40.0,0,0.0,17,3,17.65,8.33,7,19.44,27.78,33.33,6.53,25.0,0.2,0.2,0.2,0.4,0.0,669242
FS,Split-Finger,OS,31,3.35,8,8,1,12.5,0,0.0,15,1,6.67,3.23,1,3.23,6.45,21.05,4.08,10.0,0.125,0.125,0.25,0.375,0.125,669242
SV,Slurve,BR,4,0.43,1,1,1,100.0,0,0.0,4,1,25.0,25.0,0,0.0,25.0,100.0,0.82,50.0,0.0,0.0,0.0,0.0,0.0,669242
FA,Other,,2,0.22,1,1,0,0.0,0,0.0,2,0,0.0,0.0,0,0.0,0.0,,0.41,0.0,1.0,1.0,1.0,2.0,0.0,669242
EP,Eephus,,1,0.11,0,0,0,,0,,0,0,,0.0,1,100.0,100.0,,0.0,,,,,,,669242
FO,Forkball,OS,1,0.11,0,0,0,,0,,1,0,0.0,0.0,0,0.0,0.0,100.0,0.41,0.0,,,,,,669242
FF,4-Seam Fastball,FB,6,50.0,0,0,0,,0,,1,1,100.0,16.67,3,50.0,66.67,0.0,40.0,0.0,,,,,,669256
ST,Sweeper,BR,3,25.0,2,2,0,0.0,0,0.0,2,0,0.0,0.0,1,33.33,33.33,100.0,40.0,0.0,0.0,0.0,0.0,0.0,0.0,669256
SI,Sinker,FB,2,16.67,0,0,0,,0,,1,1,100.0,50.0,0,0.0,50.0,50.0,0.0,,,,,,,669256
FS,Split-Finger,OS,1,8.33,1,1,0,0.0,0,0.0,1,0,0.0,0.0,0,0.0,0.0,,20.0,0.0,0.0,0.0,0.0,0.0,0.0,669256
FF,4-Seam Fastball,FB,486,33.77,111,90,31,27.93,17,15.32,203,49,24.14,10.08,107,22.02,32.1,18.14,35.56,18.24,0.3,0.413,0.589,1.002,0.289,669257
SL,Slider,BR,255,17.72,58,47,9,15.52,10,17.24,99,26,26.26,10.2,34,13.33,23.53,17.27,15.48,12.16,0.383,0.483,0.638,1.121,0.255,669257
SI,Sinker,FB,230,15.98,63,55,6,9.52,4,6.35,107,11,10.28,4.78,59,25.65,30.43,30.68,11.92,10.53,0.291,0.349,0.4,0.749,0.109,669257
ST,Sweeper,BR,172,11.95,27,17,7,25.93,10,37.04,55,20,36.36,11.63,25,14.53,26.16,18.75,16.53,8.86,0.059,0.407,0.118,0.5249999999999999,0.059,669257
FC,Cutter,FB,99,6.88,17,17,2,11.76,0,0.0,42,6,14.29,6.06,23,23.23,29.29,17.5,4.39,9.52,0.471,0.471,0.706,1.177,0.235,669257
CU,Curveball,BR,68,4.73,13,11,2,15.38,2,15.38,20,4,20.0,5.88,18,26.47,32.35,16.22,5.02,8.33,0.273,0.385,0.364,0.749,0.0909999999999999,669257
CH,Changeup,OS,66,4.59,13,11,2,15.38,1,7.69,26,2,7.69,3.03,12,18.18,21.21,24.32,6.28,6.67,0.455,0.462,0.727,1.189,0.2719999999999999,669257
KC,Knuckle Curve,BR,28,1.95,8,7,0,0.0,1,12.5,10,3,30.0,10.71,6,21.43,32.14,23.08,1.26,0.0,0.286,0.375,0.429,0.804,0.143,669257
FS,Split-Finger,OS,25,1.74,11,10,4,36.36,0,0.0,12,4,33.33,16.0,4,16.0,32.0,33.33,2.93,28.57,0.2,0.273,0.2,0.473,0.0,669257
,,,4,0.28,1,0,0,0.0,1,100.0,0,0,,0.0,0,0.0,0.0,,0.21,0.0,,1.0,,,,669257
FA,Other,,3,0.21,2,2,0,0.0,0,0.0,2,0,0.0,0.0,1,33.33,33.33,,0.0,,0.5,0.5,1.0,1.5,0.5,669257
FO,Forkball,OS,3,0.21,2,2,0,0.0,0,0.0,2,0,0.0,0.0,0,0.0,0.0,66.67,0.42,0.0,0.0,0.0,0.0,0.0,0.0,669257
FF,4-Seam Fastball,FB,246,31.5,53,44,14,26.42,6,11.32,95,31,32.63,12.6,45,18.29,30.89,11.54,24.69,23.73,0.25,0.365,0.455,0.8200000000000001,0.205,669261
SL,Slider,BR,108,13.83,29,27,9,31.03,2,6.9,58,15,25.86,13.89,16,14.81,28.7,23.4,17.99,20.93,0.111,0.172,0.111,0.283,0.0,669261
SI,Sinker,FB,94,12.04,22,16,7,31.82,6,27.27,34,9,26.47,9.57,21,22.34,31.91,17.39,13.81,21.21,0.125,0.364,0.188,0.552,0.063,669261
FC,Cutter,FB,85,10.88,17,13,7,41.18,3,17.65,33,13,39.39,15.29,16,18.82,34.12,15.79,8.79,28.57,0.077,0.294,0.154,0.4479999999999999,0.077,669261
CH,Changeup,OS,77,9.86,20,18,6,30.0,2,10.0,35,10,28.57,12.99,9,11.69,24.68,22.73,13.39,18.75,0.056,0.15,0.056,0.206,0.0,669261
CU,Curveball,BR,77,9.86,11,8,3,27.27,2,18.18,28,10,35.71,12.99,13,16.88,29.87,19.57,8.37,15.0,0.25,0.455,0.75,1.205,0.5,669261
ST,Sweeper,BR,42,5.38,7,7,3,42.86,0,0.0,10,3,30.0,7.14,13,30.95,38.1,0.0,5.86,21.43,0.0,0.0,0.0,0.0,0.0,669261
KC,Knuckle Curve,BR,31,3.97,7,6,4,57.14,1,14.29,9,5,55.56,16.13,6,19.35,35.48,16.67,4.18,40.0,0.167,0.286,0.333,0.619,0.166,669261
FS,Split-Finger,OS,13,1.66,2,2,1,50.0,0,0.0,4,2,50.0,15.38,1,7.69,23.08,22.22,1.67,25.0,0.5,0.5,0.5,1.0,0.0,669261
,,,4,0.51,2,0,0,0.0,2,100.0,0,0,,0.0,0,0.0,0.0,,0.42,0.0,,1.0,,,,669261
SV,Slurve,BR,3,0.38,2,2,1,50.0,0,0.0,2,1,50.0,33.33,0,0.0,33.33,50.0,0.42,100.0,0.0,0.0,0.0,0.0,0.0,669261
CS,Slow Curve,BR,1,0.13,0,0,0,,0,,1,0,0.0,0.0,0,0.0,0.0,,0.42,0.0,,,,,,669261
FF,4-Seam Fastball,FB,76,40.86,25,25,4,16.0,0,0.0,46,12,26.09,15.79,9,11.84,27.63,38.89,44.0,18.18,0.24,0.24,0.4,0.64,0.16,669288
CU,Curveball,BR,24,12.9,5,5,3,60.0,0,0.0,10,5,50.0,20.83,7,29.17,50.0,22.22,12.0,50.0,0.0,0.0,0.0,0.0,0.0,669288
SL,Slider,BR,21,11.29,4,4,3,75.0,0,0.0,12,7,58.33,33.33,2,9.52,42.86,30.0,10.0,60.0,0.25,0.25,0.5,0.75,0.25,669288
CH,Changeup,OS,17,9.14,3,3,0,0.0,0,0.0,7,3,42.86,17.65,0,0.0,17.65,33.33,14.0,0.0,0.0,0.0,0.0,0.0,0.0,669288
SI,Sinker,FB,12,6.45,5,4,0,0.0,1,20.0,4,0,0.0,0.0,3,25.0,25.0,0.0,0.0,,0.25,0.4,0.25,0.65,0.0,669288
ST,Sweeper,BR,10,5.38,2,1,0,0.0,1,50.0,2,0,0.0,0.0,2,20.0,20.0,0.0,8.0,0.0,0.0,0.5,0.0,0.5,0.0,669288
FC,Cutter,FB,8,4.3,2,1,0,0.0,1,50.0,3,0,0.0,0.0,2,25.0,25.0,0.0,2.0,0.0,0.0,0.5,0.0,0.5,0.0,669288
FS,Split-Finger,OS,7,3.76,1,1,1,100.0,0,0.0,4,1,25.0,14.29,1,14.29,28.57,60.0,6.0,33.33,0.0,0.0,0.0,0.0,0.0,669288
KC,Knuckle Curve,BR,6,3.23,2,2,1,50.0,0,0.0,4,3,75.0,50.0,1,16.67,66.67,66.67,4.0,50.0,0.0,0.0,0.0,0.0,0.0,669288
CS,Slow Curve,BR,5,2.69,1,0,0,0.0,1,100.0,0,0,,0.0,1,20.0,20.0,0.0,0.0,,,1.0,,,,669288
FF,4-Seam Fastball,FB,245,31.65,55,51,7,12.73,2,3.64,123,18,14.63,7.35,50,20.41,27.76,29.81,26.61,10.61,0.216,0.241,0.216,0.4569999999999999,0.0,669289
SI,Sinker,FB,154,19.9,53,44,2,3.77,6,11.32,77,4,5.19,2.6,31,20.13,22.73,39.19,12.5,6.45,0.364,0.451,0.386,0.837,0.022,669289
SL,Slider,BR,147,18.99,38,37,8,21.05,0,0.0,71,14,19.72,9.52,26,17.69,27.21,23.53,21.77,14.81,0.216,0.211,0.243,0.4539999999999999,0.0269999999999999,669289
ST,Sweeper,BR,75,9.69,17,15,4,23.53,2,11.76,29,9,31.03,12.0,10,13.33,25.33,13.64,13.71,11.76,0.2,0.294,0.2,0.494,0.0,669289
FC,Cutter,FB,57,7.36,10,9,1,10.0,0,0.0,24,4,16.67,7.02,13,22.81,29.82,35.29,6.05,6.67,0.111,0.111,0.111,0.222,0.0,669289
CU,Curveball,BR,30,3.88,8,7,2,25.0,0,0.0,10,1,10.0,3.33,5,16.67,20.0,12.5,4.84,16.67,0.0,0.0,0.0,0.0,0.0,669289
KC,Knuckle Curve,BR,21,2.71,4,3,2,50.0,1,25.0,5,3,60.0,14.29,3,14.29,28.57,14.29,4.44,18.18,0.0,0.25,0.0,0.25,0.0,669289
CH,Changeup,OS,16,2.07,8,8,0,0.0,0,0.0,9,0,0.0,0.0,1,6.25,6.25,0.0,4.03,0.0,0.375,0.375,0.5,0.875,0.125,669289
FS,Split-Finger,OS,16,2.07,7,7,1,14.29,0,0.0,9,2,22.22,12.5,0,0.0,12.5,12.5,4.44,9.09,0.0,0.0,0.0,0.0,0.0,669289
EP,Eephus,,5,0.65,2,2,0,0.0,0,0.0,2,0,0.0,0.0,1,20.0,20.0,25.0,0.0,,0.0,0.0,0.0,0.0,0.0,669289
SV,Slurve,BR,5,0.65,1,0,0,0.0,1,100.0,3,1,33.33,20.0,0,0.0,20.0,0.0,1.61,0.0,,1.0,,,,669289
FA,Other,,3,0.39,1,1,0,0.0,0,0.0,1,0,0.0,0.0,0,0.0,0.0,0.0,0.0,,0.0,0.0,0.0,0.0,0.0,669289
FF,4-Seam Fastball,FB,21,31.82,5,5,2,40.0,0,0.0,10,2,20.0,9.52,6,28.57,38.1,50.0,35.71,40.0,0.6,0.6,0.6,1.2,0.0,669304
SL,Slider,BR,13,19.7,5,5,2,40.0,0,0.0,8,4,50.0,30.77,0,0.0,30.77,44.44,42.86,33.33,0.0,0.0,0.0,0.0,0.0,669304
SI,Sinker,FB,12,18.18,4,4,1,25.0,0,0.0,3,0,0.0,0.0,3,25.0,25.0,25.0,14.29,50.0,0.0,0.0,0.0,0.0,0.0,669304
ST,Sweeper,BR,8,12.12,1,1,0,0.0,0,0.0,3,1,33.33,12.5,1,12.5,25.0,40.0,0.0,,0.0,0.0,0.0,0.0,0.0,669304
FC,Cutter,FB,6,9.09,3,3,0,0.0,0,0.0,4,0,0.0,0.0,1,16.67,16.67,0.0,0.0,,0.0,0.0,0.0,0.0,0.0,669304
CU,Curveball,BR,4,6.06,3,3,0,0.0,0,0.0,3,0,0.0,0.0,1,25.0,25.0,,7.14,0.0,0.667,0.667,1.667,2.334,1.0,669304
CH,Changeup,OS,2,3.03,0,0,0,,0,,1,0,0.0,0.0,0,0.0,0.0,0.0,0.0,,,,,,,669304
FF,4-Seam Fastball,FB,165,38.46,50,48,20,40.0,2,4.0,112,44,39.29,26.67,12,7.27,33.94,27.59,41.91,35.09,0.208,0.24,0.292,0.532,0.0839999999999999,669326
SL,Slider,BR,78,18.18,20,20,5,25.0,0,0.0,48,18,37.5,23.08,5,6.41,29.49,48.84,22.79,16.13,0.15,0.15,0.25,0.4,0.1,669326
SI,Sinker,FB,71,16.55,18,14,1,5.56,2,11.11,42,11,26.19,15.49,6,8.45,23.94,29.03,5.15,14.29,0.286,0.444,0.357,0.8009999999999999,0.071,669326
ST,Sweeper,BR,47,10.96,13,12,5,38.46,0,0.0,19,9,47.37,19.15,9,19.15,38.3,32.14,12.5,29.41,0.167,0.231,0.167,0.398,0.0,669326
FC,Cutter,FB,28,6.53,9,9,3,33.33,0,0.0,16,8,50.0,28.57,3,10.71,39.29,53.33,5.15,42.86,0.111,0.111,0.333,0.444,0.222,669326
KC,Knuckle Curve,BR,14,3.26,4,4,2,50.0,0,0.0,10,4,40.0,28.57,1,7.14,35.71,57.14,5.88,25.0,0.0,0.0,0.0,0.0,0.0,669326
CU,Curveball,BR,14,3.26,3,2,0,0.0,0,0.0,5,0,0.0,0.0,3,21.43,21.43,20.0,2.21,0.0,0.5,0.333,0.5,0.833,0.0,669326
CH,Changeup,OS,11,2.56,5,5,2,40.0,0,0.0,9,3,33.33,27.27,0,0.0,27.27,33.33,4.41,33.33,0.2,0.2,0.2,0.4,0.0,669326
,,,1,0.23,0,0,0,,0,,0,0,,0.0,0,0.0,0.0,,0.0,,,,,,,669326
FF,4-Seam Fastball,FB,554,42.42,116,99,41,35.34,17,14.66,263,91,34.6,16.43,71,12.82,29.24,15.38,40.57,23.84,0.202,0.319,0.364,0.683,0.1619999999999999,669357
CH,Changeup,OS,167,12.79,53,49,18,33.96,4,7.55,93,33,35.48,19.76,14,8.38,28.14,35.16,14.86,28.57,0.224,0.283,0.327,0.61,0.103,669357
SL,Slider,BR,156,11.94,43,37,17,39.53,4,9.3,68,25,36.76,16.03,24,15.38,31.41,30.59,16.04,25.0,0.135,0.22,0.324,0.544,0.189,669357
SI,Sinker,FB,113,8.65,21,17,7,33.33,4,19.05,48,19,39.58,16.81,23,20.35,37.17,23.53,7.08,23.33,0.235,0.381,0.412,0.7929999999999999,0.177,669357
FC,Cutter,FB,100,7.66,22,18,4,18.18,2,9.09,53,10,18.87,10.0,16,16.0,26.0,38.0,5.19,18.18,0.278,0.318,0.556,0.8740000000000001,0.278,669357
CU,Curveball,BR,85,6.51,17,16,6,35.29,1,5.88,35,13,37.14,15.29,19,22.35,37.65,34.78,6.13,23.08,0.25,0.294,0.25,0.544,0.0,669357
ST,Sweeper,BR,48,3.68,13,11,4,30.77,2,15.38,24,8,33.33,16.67,8,16.67,33.33,44.44,3.54,26.67,0.273,0.385,0.636,1.021,0.363,669357
FS,Split-Finger,OS,41,3.14,14,14,7,50.0,0,0.0,23,9,39.13,21.95,1,2.44,24.39,45.16,4.48,36.84,0.143,0.143,0.143,0.286,0.0,669357
KC,Knuckle Curve,BR,14,1.07,4,4,4,100.0,0,0.0,5,3,60.0,21.43,4,28.57,50.0,33.33,1.18,80.0,0.0,0.0,0.0,0.0,0.0,669357
SV,Slurve,BR,10,0.77,2,2,1,50.0,0,0.0,6,4,66.67,40.0,2,20.0,60.0,60.0,0.47,50.0,0.0,0.0,0.0,0.0,0.0,669357
,,,8,0.61,2,0,0,0.0,2,100.0,0,0,,0.0,0,0.0,0.0,,0.0,,,1.0,,,,669357
FO,Forkball,OS,6,0.46,2,2,2,100.0,0,0.0,5,4,80.0,66.67,0,0.0,66.67,80.0,0.47,100.0,0.0,0.0,0.0,0.0,0.0,669357
EP,Eephus,,4,0.31,1,0,0,0.0,1,100.0,0,0,,0.0,0,0.0,0.0,0.0,0.0,,,1.0,,,,669357
FF,4-Seam Fastball,FB,618,40.39,169,146,28,16.57,22,13.02,303,34,11.22,5.5,94,15.21,20.71,21.11,37.14,17.31,0.274,0.369,0.384,0.753,0.1099999999999999,669364
SI,Sinker,FB,191,12.48,63,61,4,6.35,2,3.17,102,2,1.96,1.05,41,21.47,22.51,27.69,9.29,10.26,0.344,0.365,0.361,0.726,0.017,669364
CH,Changeup,OS,190,12.42,46,43,5,10.87,0,0.0,90,16,17.78,8.42,9,4.74,13.16,30.0,15.0,7.94,0.256,0.244,0.302,0.546,0.0459999999999999,669364
SL,Slider,BR,111,7.25,33,31,5,15.15,2,6.06,60,7,11.67,6.31,18,16.22,22.52,29.17,8.57,13.89,0.29,0.333,0.323,0.656,0.033,669364
FC,Cutter,FB,107,6.99,34,31,4,11.76,2,5.88,61,4,6.56,3.74,11,10.28,14.02,31.82,5.24,18.18,0.452,0.485,0.613,1.098,0.1609999999999999,669364
CU,Curveball,BR,93,6.08,16,14,0,0.0,1,6.25,33,6,18.18,6.45,15,16.13,22.58,25.0,7.38,0.0,0.286,0.375,0.429,0.804,0.143,669364
FS,Split-Finger,OS,87,5.69,22,21,4,18.18,1,4.55,38,8,21.05,9.2,7,8.05,17.24,27.27,7.86,12.12,0.19,0.227,0.238,0.4649999999999999,0.0479999999999999,669364
ST,Sweeper,BR,77,5.03,19,14,1,5.26,3,15.79,29,4,13.79,5.19,16,20.78,25.97,17.07,5.0,4.76,0.571,0.684,0.786,1.4700000000000002,0.215,669364
KC,Knuckle Curve,BR,33,2.16,12,12,3,25.0,0,0.0,14,1,7.14,3.03,5,15.15,18.18,25.0,3.1,23.08,0.417,0.417,0.5,0.917,0.083,669364
,,,9,0.59,2,0,0,0.0,2,100.0,0,0,,0.0,0,0.0,0.0,,0.0,,,1.0,,,,669364
FO,Forkball,OS,7,0.46,3,3,2,66.67,0,0.0,4,3,75.0,42.86,0,0.0,42.86,57.14,0.71,66.67,0.0,0.0,0.0,0.0,0.0,669364
SV,Slurve,BR,6,0.39,2,2,0,0.0,0,0.0,3,0,0.0,0.0,3,50.0,50.0,66.67,0.48,0.0,0.0,0.0,0.0,0.0,0.0,669364
CS,Slow Curve,BR,1,0.07,1,1,1,100.0,0,0.0,1,1,100.0,100.0,0,0.0,100.0,100.0,0.24,100.0,0.0,0.0,0.0,0.0,0.0,669364
FF,4-Seam Fastball,FB,73,44.79,14,13,4,28.57,0,0.0,34,10,29.41,13.7,16,21.92,35.62,22.86,38.64,23.53,0.231,0.231,0.231,0.462,0.0,669369
SL,Slider,BR,18,11.04,4,4,2,50.0,0,0.0,8,3,37.5,16.67,1,5.56,22.22,27.27,18.18,25.0,0.5,0.5,0.75,1.25,0.25,669369
SI,Sinker,FB,18,11.04,8,8,1,12.5,0,0.0,11,1,9.09,5.56,3,16.67,22.22,0.0,6.82,33.33,0.5,0.5,0.75,1.25,0.25,669369
CU,Curveball,BR,16,9.82,7,7,3,42.86,0,0.0,9,2,22.22,12.5,4,25.0,37.5,50.0,11.36,60.0,0.286,0.286,0.286,0.572,0.0,669369
CH,Changeup,OS,14,8.59,6,6,1,16.67,0,0.0,8,1,12.5,7.14,1,7.14,14.29,28.57,11.36,20.0,0.5,0.5,1.0,1.5,0.5,669369
ST,Sweeper,BR,10,6.13,4,4,1,25.0,0,0.0,4,0,0.0,0.0,4,40.0,40.0,33.33,6.82,33.33,0.5,0.5,0.5,1.0,0.0,669369
FC,Cutter,FB,8,4.91,3,1,0,0.0,0,0.0,2,0,0.0,0.0,1,12.5,12.5,16.67,0.0,,0.0,0.667,0.0,0.667,0.0,669369
FS,Split-Finger,OS,5,3.07,2,2,0,0.0,0,0.0,3,0,0.0,0.0,0,0.0,0.0,33.33,6.82,0.0,0.5,0.5,0.5,1.0,0.0,669369
EP,Eephus,,1,0.61,1,1,0,0.0,0,0.0,1,0,0.0,0.0,0,0.0,0.0,,0.0,,0.0,0.0,0.0,0.0,0.0,669369
FF,4-Seam Fastball,FB,23,38.98,3,3,2,66.67,0,0.0,13,6,46.15,26.09,2,8.7,34.78,27.27,52.17,16.67,0.0,0.0,0.0,0.0,0.0,669374
SI,Sinker,FB,12,20.34,5,2,0,0.0,0,0.0,7,0,0.0,0.0,1,8.33,8.33,50.0,4.35,0.0,0.0,0.6,0.0,0.6,0.0,669374
ST,Sweeper,BR,6,10.17,1,1,0,0.0,0,0.0,3,0,0.0,0.0,1,16.67,16.67,0.0,8.7,0.0,0.0,0.0,0.0,0.0,0.0,669374
FO,Forkball,OS,6,10.17,2,2,2,100.0,0,0.0,4,3,75.0,50.0,0,0.0,50.0,60.0,21.74,40.0,0.0,0.0,0.0,0.0,0.0,669374
SL,Slider,BR,5,8.47,3,3,1,33.33,0,0.0,2,0,0.0,0.0,2,40.0,40.0,0.0,8.7,50.0,0.333,0.333,0.333,0.666,0.0,669374
CU,Curveball,BR,4,6.78,2,2,0,0.0,0,0.0,2,0,0.0,0.0,2,50.0,50.0,100.0,4.35,0.0,0.5,0.5,0.5,1.0,0.0,669374
FC,Cutter,FB,2,3.39,1,1,0,0.0,0,0.0,1,0,0.0,0.0,0,0.0,0.0,0.0,0.0,,1.0,1.0,2.0,3.0,1.0,669374
FS,Split-Finger,OS,1,1.69,0,0,0,,0,,1,1,100.0,100.0,0,0.0,100.0,100.0,0.0,,,,,,,669374
ST,Sweeper,BR,3,60.0,1,1,0,0.0,0,0.0,2,0,0.0,0.0,1,33.33,33.33,,100.0,0.0,0.0,0.0,0.0,0.0,0.0,669392
EP,Eephus,,2,40.0,2,2,0,0.0,0,0.0,2,0,0.0,0.0,0,0.0,0.0,,0.0,,0.0,0.0,0.0,0.0,0.0,669392
SI,Sinker,FB,215,22.4,73,68,10,13.7,2,2.74,120,13,10.83,6.05,51,23.72,29.77,40.48,14.67,22.73,0.235,0.288,0.324,0.612,0.089,669394
FF,4-Seam Fastball,FB,199,20.73,48,47,20,41.67,1,2.08,114,36,31.58,18.09,31,15.58,33.67,47.83,25.0,26.67,0.213,0.229,0.383,0.612,0.17,669394
SL,Slider,BR,184,19.17,55,55,20,36.36,0,0.0,107,44,41.12,23.91,16,8.7,32.61,39.22,20.33,29.51,0.218,0.218,0.436,0.654,0.218,669394
ST,Sweeper,BR,132,13.75,35,33,11,31.43,1,2.86,73,35,47.95,26.52,11,8.33,34.85,46.07,17.0,21.57,0.182,0.229,0.273,0.502,0.091,669394
FC,Cutter,FB,70,7.29,13,11,0,0.0,2,15.38,28,4,14.29,5.71,15,21.43,27.14,14.29,3.67,0.0,0.273,0.385,0.273,0.658,0.0,669394
CH,Changeup,OS,42,4.38,15,14,6,40.0,0,0.0,28,11,39.29,26.19,5,11.9,38.1,60.87,6.33,31.58,0.286,0.267,0.929,1.1960000000000002,0.643,669394
FS,Split-Finger,OS,36,3.75,11,11,3,27.27,0,0.0,28,9,32.14,25.0,0,0.0,25.0,57.89,5.0,20.0,0.091,0.091,0.182,0.273,0.091,669394
CU,Curveball,BR,34,3.54,8,8,1,12.5,0,0.0,13,1,7.69,2.94,6,17.65,20.59,6.25,2.33,14.29,0.25,0.25,0.25,0.5,0.0,669394
KC,Knuckle Curve,BR,24,2.5,8,8,2,25.0,0,0.0,11,5,45.45,20.83,8,33.33,54.17,50.0,3.67,18.18,0.125,0.125,0.125,0.25,0.0,669394
SV,Slurve,BR,8,0.83,2,2,1,50.0,0,0.0,4,2,50.0,25.0,2,25.0,50.0,60.0,1.33,25.0,0.5,0.5,0.5,1.0,0.0,669394
FA,Other,,7,0.73,2,2,0,0.0,0,0.0,3,0,0.0,0.0,1,14.29,14.29,0.0,0.0,,0.5,0.5,0.5,1.0,0.0,669394
EP,Eephus,,6,0.62,5,5,0,0.0,0,0.0,6,0,0.0,0.0,0,0.0,0.0,100.0,0.0,,0.6,0.6,1.4,2.0,0.7999999999999999,669394
CS,Slow Curve,BR,3,0.31,1,1,1,100.0,0,0.0,2,1,50.0,33.33,0,0.0,33.33,66.67,0.67,50.0,0.0,0.0,0.0,0.0,0.0,669394
FF,4-Seam Fastball,FB,335,29.49,81,66,19,23.46,10,12.35,151,37,24.5,11.04,55,16.42,27.46,18.12,28.61,19.19,0.258,0.367,0.288,0.655,0.0299999999999999,669397
SI,Sinker,FB,293,25.79,84,75,12,14.29,7,8.33,134,13,9.7,4.44,86,29.35,33.79,28.43,15.32,22.64,0.267,0.329,0.32,0.649,0.0529999999999999,669397
SL,Slider,BR,190,16.73,52,49,16,30.77,1,1.92,91,29,31.87,15.26,33,17.37,32.63,26.97,17.63,26.23,0.224,0.255,0.245,0.5,0.0209999999999999,669397
ST,Sweeper,BR,104,9.15,29,28,10,34.48,0,0.0,52,19,36.54,18.27,10,9.62,27.88,20.75,13.29,21.74,0.214,0.207,0.214,0.421,0.0,669397
FC,Cutter,FB,76,6.69,19,17,6,31.58,1,5.26,34,11,32.35,14.47,12,15.79,30.26,24.39,7.8,22.22,0.176,0.222,0.235,0.4569999999999999,0.059,669397
CU,Curveball,BR,71,6.25,17,17,7,41.18,0,0.0,30,8,26.67,11.27,10,14.08,25.35,25.64,8.09,25.0,0.059,0.059,0.059,0.118,0.0,669397
CH,Changeup,OS,30,2.64,8,8,0,0.0,0,0.0,21,1,4.76,3.33,1,3.33,6.67,46.15,4.34,0.0,0.125,0.125,0.125,0.25,0.0,669397
KC,Knuckle Curve,BR,17,1.5,6,6,6,100.0,0,0.0,10,7,70.0,41.18,3,17.65,58.82,63.64,2.89,60.0,0.0,0.0,0.0,0.0,0.0,669397
FS,Split-Finger,OS,12,1.06,3,3,2,66.67,0,0.0,8,4,50.0,33.33,1,8.33,41.67,57.14,1.45,40.0,0.0,0.0,0.0,0.0,0.0,669397
FO,Forkball,OS,4,0.35,2,2,0,0.0,0,0.0,3,0,0.0,0.0,0,0.0,0.0,0.0,0.29,0.0,0.5,0.5,1.0,1.5,0.5,669397
FA,Other,,2,0.18,1,1,0,0.0,0,0.0,1,0,0.0,0.0,0,0.0,0.0,50.0,0.0,,0.0,0.0,0.0,0.0,0.0,669397
SV,Slurve,BR,1,0.09,1,1,0,0.0,0,0.0,1,0,0.0,0.0,0,0.0,0.0,,0.0,,1.0,1.0,1.0,2.0,0.0,669397
,,,1,0.09,1,1,1,100.0,0,0.0,0,0,,0.0,0,0.0,0.0,,0.29,100.0,0.0,0.0,0.0,0.0,0.0,669397
FF,4-Seam Fastball,FB,11,22.0,5,4,2,40.0,1,20.0,5,1,20.0,9.09,3,27.27,36.36,0.0,25.0,66.67,0.0,0.2,0.0,0.2,0.0,669398
FC,Cutter,FB,11,22.0,3,3,0,0.0,0,0.0,9,4,44.44,36.36,0,0.0,36.36,71.43,16.67,0.0,0.333,0.333,0.333,0.666,0.0,669398
CU,Curveball,BR,8,16.0,3,3,3,100.0,0,0.0,6,6,100.0,75.0,2,25.0,100.0,75.0,25.0,100.0,0.0,0.0,0.0,0.0,0.0,669398
SL,Slider,BR,6,12.0,0,0,0,,0,,4,4,100.0,66.67,0,0.0,66.67,33.33,0.0,,,,,,,669398
CH,Changeup,OS,4,8.0,1,1,1,100.0,0,0.0,1,1,100.0,25.0,0,0.0,25.0,25.0,8.33,100.0,0.0,0.0,0.0,0.0,0.0,669398
ST,Sweeper,BR,4,8.0,0,0,0,,0,,0,0,,0.0,1,25.0,25.0,0.0,8.33,0.0,,,,,,669398
EP,Eephus,,2,4.0,2,2,0,0.0,0,0.0,2,0,0.0,0.0,0,0.0,0.0,,0.0,,1.0,1.0,1.5,2.5,0.5,669398
SI,Sinker,FB,2,4.0,1,1,0,0.0,0,0.0,2,0,0.0,0.0,0,0.0,0.0,,8.33,0.0,0.0,0.0,0.0,0.0,0.0,669398
FS,Split-Finger,OS,2,4.0,1,1,1,100.0,0,0.0,1,1,100.0,50.0,1,50.0,100.0,,8.33,100.0,0.0,0.0,0.0,0.0,0.0,669398
FF,4-Seam Fastball,FB,80,32.13,23,17,5,21.74,5,21.74,28,5,17.86,6.25,13,16.25,22.5,11.36,26.47,27.78,0.176,0.364,0.176,0.54,0.0,669450
FC,Cutter,FB,28,11.24,7,5,1,14.29,1,14.29,11,3,27.27,10.71,7,25.0,35.71,14.29,10.29,14.29,0.4,0.571,0.4,0.971,0.0,669450
SI,Sinker,FB,27,10.84,7,6,1,14.29,1,14.29,12,1,8.33,3.7,4,14.81,18.52,15.38,10.29,14.29,0.333,0.429,0.333,0.762,0.0,669450
CH,Changeup,OS,26,10.44,6,6,4,66.67,0,0.0,14,9,64.29,34.62,2,7.69,42.31,42.86,11.76,50.0,0.0,0.0,0.0,0.0,0.0,669450
SL,Slider,BR,23,9.24,3,3,0,0.0,0,0.0,9,3,33.33,13.04,4,17.39,30.43,23.08,7.35,0.0,0.0,0.0,0.0,0.0,0.0,669450
CU,Curveball,BR,22,8.84,5,4,3,60.0,1,20.0,8,6,75.0,27.27,5,22.73,50.0,26.67,10.29,42.86,0.0,0.2,0.0,0.2,0.0,669450
ST,Sweeper,BR,21,8.43,3,3,2,66.67,0,0.0,10,5,50.0,23.81,5,23.81,47.62,33.33,8.82,33.33,0.0,0.0,0.0,0.0,0.0,669450
FS,Split-Finger,OS,14,5.62,5,5,3,60.0,0,0.0,13,6,46.15,42.86,0,0.0,42.86,83.33,13.24,33.33,0.0,0.0,0.0,0.0,0.0,669450
EP,Eephus,,5,2.01,1,0,0,0.0,1,100.0,0,0,,0.0,1,20.0,20.0,0.0,0.0,,,1.0,,,,669450
KC,Knuckle Curve,BR,2,0.8,0,0,0,,0,,0,0,,0.0,1,50.0,50.0,0.0,0.0,,,,,,,669450
,,,1,0.4,0,0,0,,0,,0,0,,0.0,0,0.0,0.0,,1.47,0.0,,,,,,669450
FF,4-Seam Fastball,FB,214,24.94,65,57,11,16.92,5,7.69,113,19,16.81,8.88,25,11.68,20.56,18.89,28.09,14.67,0.316,0.375,0.596,0.971,0.2799999999999999,669477
SL,Slider,BR,177,20.63,45,40,16,35.56,4,8.89,89,39,43.82,22.03,25,14.12,36.16,35.64,19.48,30.77,0.15,0.222,0.2,0.422,0.05,669477
SI,Sinker,FB,154,17.95,48,43,4,8.33,2,4.17,80,12,15.0,7.79,28,18.18,25.97,33.8,11.99,12.5,0.326,0.375,0.419,0.794,0.0929999999999999,669477
ST,Sweeper,BR,95,11.07,26,24,10,38.46,2,7.69,50,19,38.0,20.0,12,12.63,32.63,33.33,13.48,25.0,0.292,0.346,0.5,0.846,0.208,669477
FC,Cutter,FB,69,8.04,14,12,2,14.29,2,14.29,28,5,17.86,7.25,15,21.74,28.99,21.88,5.99,12.5,0.167,0.286,0.167,0.4529999999999999,0.0,669477
CU,Curveball,BR,59,6.88,13,12,4,30.77,0,0.0,27,8,29.63,13.56,8,13.56,27.12,32.43,7.12,21.05,0.083,0.154,0.333,0.487,0.25,669477
FS,Split-Finger,OS,28,3.26,7,7,1,14.29,0,0.0,15,2,13.33,7.14,1,3.57,10.71,33.33,5.24,7.14,0.286,0.286,0.714,1.0,0.428,669477
KC,Knuckle Curve,BR,25,2.91,3,3,2,66.67,0,0.0,12,4,33.33,16.0,6,24.0,40.0,42.86,3.75,20.0,0.0,0.0,0.0,0.0,0.0,669477
CH,Changeup,OS,24,2.8,4,4,2,50.0,0,0.0,10,3,30.0,12.5,0,0.0,12.5,6.67,3.37,22.22,0.0,0.0,0.0,0.0,0.0,669477
FA,Other,,4,0.47,0,0,0,,0,,3,1,33.33,25.0,0,0.0,25.0,50.0,0.37,0.0,,,,,,669477
FO,Forkball,OS,3,0.35,1,1,0,0.0,0,0.0,2,0,0.0,0.0,0,0.0,0.0,50.0,0.75,0.0,1.0,1.0,2.0,3.0,1.0,669477
CS,Slow Curve,BR,2,0.23,0,0,0,,0,,0,0,,0.0,0,0.0,0.0,,0.0,,,,,,,669477
EP,Eephus,,2,0.23,2,2,0,0.0,0,0.0,2,0,0.0,0.0,0,0.0,0.0,100.0,0.37,0.0,1.0,1.0,3.0,4.0,2.0,669477
,,,2,0.23,0,0,0,,0,,0,0,,0.0,0,0.0,0.0,,0.0,,,,,,,669477
FF,4-Seam Fastball,FB,673,37.66,149,127,19,12.75,21,14.09,320,41,12.81,6.09,119,17.68,23.77,20.96,37.92,9.45,0.299,0.403,0.409,0.812,0.1099999999999999,669701
CH,Changeup,OS,270,15.11,79,74,9,11.39,5,6.33,117,23,19.66,8.52,39,14.44,22.96,26.8,16.23,10.47,0.189,0.241,0.351,0.592,0.1619999999999999,669701
SI,Sinker,FB,191,10.69,53,42,5,9.43,10,18.87,72,6,8.33,3.14,36,18.85,21.99,7.78,7.92,11.9,0.333,0.462,0.524,0.986,0.191,669701
SL,Slider,BR,134,7.5,31,27,7,22.58,2,6.45,64,17,26.56,12.69,23,17.16,29.85,33.82,6.6,20.0,0.222,0.3,0.556,0.8560000000000001,0.3340000000000001,669701
CU,Curveball,BR,128,7.16,34,31,9,26.47,1,2.94,62,12,19.35,9.38,29,22.66,32.03,35.59,9.06,18.75,0.226,0.294,0.29,0.584,0.0639999999999999,669701
FC,Cutter,FB,123,6.88,30,26,4,13.33,3,10.0,43,7,16.28,5.69,27,21.95,27.64,23.08,3.96,19.05,0.192,0.3,0.269,0.569,0.077,669701
ST,Sweeper,BR,102,5.71,26,23,6,23.08,2,7.69,41,9,21.95,8.82,27,26.47,35.29,29.55,6.04,18.75,0.391,0.462,0.652,1.114,0.261,669701
FS,Split-Finger,OS,88,4.92,21,21,5,23.81,0,0.0,44,11,25.0,12.5,10,11.36,23.86,37.04,7.36,12.82,0.238,0.238,0.286,0.524,0.0479999999999999,669701
KC,Knuckle Curve,BR,44,2.46,13,12,3,23.08,0,0.0,17,5,29.41,11.36,8,18.18,29.55,35.71,3.4,16.67,0.25,0.25,0.25,0.5,0.0,669701
FA,Other,,10,0.56,2,2,0,0.0,0,0.0,4,0,0.0,0.0,2,20.0,20.0,16.67,0.38,0.0,0.0,0.0,0.0,0.0,0.0,669701
,,,8,0.45,2,0,0,0.0,2,100.0,0,0,,0.0,0,0.0,0.0,,0.0,,,1.0,,,,669701
EP,Eephus,,4,0.22,1,1,0,0.0,0,0.0,3,0,0.0,0.0,0,0.0,0.0,0.0,0.0,,1.0,1.0,2.0,3.0,1.0,669701
KN,Knuckleball,,4,0.22,1,1,0,0.0,0,0.0,1,0,0.0,0.0,0,0.0,0.0,25.0,0.57,0.0,0.0,0.0,0.0,0.0,0.0,669701
SV,Slurve,BR,4,0.22,1,1,1,100.0,0,0.0,2,2,100.0,50.0,1,25.0,75.0,66.67,0.19,100.0,0.0,0.0,0.0,0.0,0.0,669701
FO,Forkball,OS,2,0.11,0,0,0,,0,,0,0,,0.0,0,0.0,0.0,0.0,0.19,0.0,,,,,,669701
CS,Slow Curve,BR,1,0.06,0,0,0,,0,,1,0,0.0,0.0,0,0.0,0.0,,0.19,0.0,,,,,,669701
PO,Pitch Out,,1,0.06,0,0,0,,0,,0,0,,0.0,0,0.0,0.0,0.0,0.0,,,,,,,669701
FF,4-Seam Fastball,FB,331,33.5,90,74,14,15.56,14,15.56,163,20,12.27,6.04,52,15.71,21.75,15.49,31.83,14.14,0.23,0.352,0.297,0.649,0.0669999999999999,669707
SL,Slider,BR,200,20.24,41,36,9,21.95,5,12.2,81,31,38.27,15.5,32,16.0,31.5,21.74,20.58,14.06,0.222,0.317,0.389,0.706,0.167,669707
SI,Sinker,FB,183,18.52,57,48,7,12.28,8,14.04,81,11,13.58,6.01,49,26.78,32.79,18.92,17.36,12.96,0.229,0.351,0.417,0.768,0.1879999999999999,669707
ST,Sweeper,BR,95,9.62,22,21,9,40.91,1,4.55,41,19,46.34,20.0,11,11.58,31.58,28.57,13.5,21.43,0.143,0.182,0.238,0.42,0.095,669707
FC,Cutter,FB,61,6.17,19,18,3,15.79,1,5.26,27,5,18.52,8.2,10,16.39,24.59,16.13,4.18,23.08,0.111,0.158,0.111,0.269,0.0,669707
CU,Curveball,BR,40,4.05,8,8,3,37.5,0,0.0,18,7,38.89,17.5,6,15.0,32.5,36.0,3.54,27.27,0.25,0.25,0.25,0.5,0.0,669707
CH,Changeup,OS,31,3.14,5,5,2,40.0,0,0.0,18,7,38.89,22.58,3,9.68,32.26,44.44,3.22,20.0,0.0,0.0,0.0,0.0,0.0,669707
FS,Split-Finger,OS,23,2.33,5,4,4,80.0,0,0.0,13,8,61.54,34.78,1,4.35,39.13,38.46,2.89,44.44,0.0,0.0,0.0,0.0,0.0,669707
KC,Knuckle Curve,BR,10,1.01,4,4,1,25.0,0,0.0,9,5,55.56,50.0,0,0.0,50.0,80.0,1.29,25.0,0.5,0.5,0.75,1.25,0.25,669707
FO,Forkball,OS,7,0.71,3,3,2,66.67,0,0.0,7,4,57.14,57.14,0,0.0,57.14,100.0,0.64,100.0,0.0,0.0,0.0,0.0,0.0,669707
SV,Slurve,BR,6,0.61,1,1,1,100.0,0,0.0,2,1,50.0,16.67,0,0.0,16.67,0.0,0.96,33.33,0.0,0.0,0.0,0.0,0.0,669707
,,,1,0.1,0,0,0,,0,,0,0,,0.0,0,0.0,0.0,,0.0,,,,,,,669707
FF,4-Seam Fastball,FB,48,27.75,14,11,5,35.71,2,14.29,34,9,26.47,18.75,3,6.25,25.0,29.41,32.0,20.83,0.091,0.231,0.091,0.322,0.0,669717
SI,Sinker,FB,37,21.39,12,10,2,16.67,1,8.33,25,4,16.0,10.81,5,13.51,24.32,56.25,14.67,18.18,0.3,0.364,0.3,0.6639999999999999,0.0,669717
SL,Slider,BR,34,19.65,5,5,2,40.0,0,0.0,12,7,58.33,20.59,4,11.76,32.35,21.74,21.33,12.5,0.0,0.0,0.0,0.0,0.0,669717
ST,Sweeper,BR,18,10.4,2,2,2,100.0,0,0.0,6,4,66.67,22.22,2,11.11,33.33,28.57,12.0,22.22,0.0,0.0,0.0,0.0,0.0,669717
CU,Curveball,BR,11,6.36,4,4,3,75.0,0,0.0,6,3,50.0,27.27,1,9.09,36.36,42.86,8.0,50.0,0.0,0.0,0.0,0.0,0.0,669717
FC,Cutter,FB,8,4.62,0,0,0,,0,,4,4,100.0,50.0,3,37.5,87.5,75.0,0.0,,,,,,,669717
CH,Changeup,OS,7,4.05,2,2,1,50.0,0,0.0,6,2,33.33,28.57,0,0.0,28.57,80.0,6.67,20.0,0.5,0.5,0.5,1.0,0.0,669717
FS,Split-Finger,OS,7,4.05,2,2,1,50.0,0,0.0,4,3,75.0,42.86,0,0.0,42.86,40.0,4.0,33.33,0.5,0.5,0.5,1.0,0.0,669717
KC,Knuckle Curve,BR,2,1.16,1,1,0,0.0,0,0.0,1,0,0.0,0.0,1,50.0,50.0,,0.0,,0.0,0.0,0.0,0.0,0.0,669717
SV,Slurve,BR,1,0.58,0,0,0,,0,,0,0,,0.0,0,0.0,0.0,0.0,1.33,0.0,,,,,,669717
FF,4-Seam Fastball,FB,258,21.86,70,65,20,28.57,4,5.71,137,30,21.9,11.63,51,19.77,31.4,40.6,22.19,24.69,0.246,0.29,0.569,0.859,0.3229999999999999,669720
SL,Slider,BR,258,21.86,66,58,24,36.36,7,10.61,140,68,48.57,26.36,27,10.47,36.82,34.09,22.74,28.92,0.19,0.273,0.31,0.583,0.12,669720
SI,Sinker,FB,217,18.39,62,61,6,9.68,1,1.61,117,21,17.95,9.68,40,18.43,28.11,42.86,9.32,17.65,0.361,0.371,0.623,0.994,0.262,669720
ST,Sweeper,BR,152,12.88,33,32,11,33.33,1,3.03,70,30,42.86,19.74,22,14.47,34.21,29.27,15.07,20.0,0.188,0.212,0.188,0.4,0.0,669720
FC,Cutter,FB,90,7.63,22,19,2,9.09,1,4.55,42,13,30.95,14.44,16,17.78,32.22,23.81,4.38,12.5,0.211,0.227,0.368,0.595,0.157,669720
CH,Changeup,OS,64,5.42,21,20,8,38.1,1,4.76,38,12,31.58,18.75,2,3.12,21.88,36.11,9.32,23.53,0.3,0.333,0.35,0.683,0.0499999999999999,669720
CU,Curveball,BR,48,4.07,13,10,5,38.46,1,7.69,25,10,40.0,20.83,2,4.17,25.0,39.39,5.21,26.32,0.2,0.231,0.2,0.431,0.0,669720
KC,Knuckle Curve,BR,38,3.22,11,11,1,9.09,0,0.0,23,8,34.78,21.05,1,2.63,23.68,46.15,4.11,6.67,0.273,0.273,0.455,0.728,0.182,669720
FS,Split-Finger,OS,30,2.54,9,9,4,44.44,0,0.0,14,6,42.86,20.0,2,6.67,26.67,20.0,4.93,22.22,0.111,0.111,0.111,0.222,0.0,669720
SV,Slurve,BR,12,1.02,2,2,2,100.0,0,0.0,3,2,66.67,16.67,3,25.0,41.67,0.0,1.92,28.57,0.0,0.0,0.0,0.0,0.0,669720
FA,Other,,5,0.42,1,1,0,0.0,0,0.0,4,0,0.0,0.0,0,0.0,0.0,75.0,0.27,0.0,0.0,0.0,0.0,0.0,0.0,669720
EP,Eephus,,4,0.34,1,1,0,0.0,0,0.0,2,0,0.0,0.0,0,0.0,0.0,0.0,0.55,0.0,1.0,1.0,1.0,2.0,0.0,669720
,,,3,0.25,1,0,0,0.0,1,100.0,0,0,,0.0,0,0.0,0.0,,0.0,,,1.0,,,,669720
PO,Pitch Out,,1,0.08,0,0,0,,0,,0,0,,0.0,0,0.0,0.0,0.0,0.0,,,,,,,669720
FF,4-Seam Fastball,FB,44,24.04,12,12,6,50.0,0,0.0,22,3,13.64,6.82,9,20.45,27.27,27.78,21.43,40.0,0.0,0.0,0.0,0.0,0.0,669722
SL,Slider,BR,28,15.3,8,7,6,75.0,0,0.0,17,10,58.82,35.71,3,10.71,46.43,27.27,15.71,54.55,0.0,0.0,0.0,0.0,0.0,669722
SI,Sinker,FB,22,12.02,6,5,3,50.0,1,16.67,10,3,30.0,13.64,5,22.73,36.36,33.33,11.43,37.5,0.2,0.333,0.8,1.133,0.6000000000000001,669722
CH,Changeup,OS,17,9.29,2,2,1,50.0,0,0.0,6,4,66.67,23.53,0,0.0,23.53,8.33,5.71,25.0,0.5,0.5,1.0,1.5,0.5,669722
ST,Sweeper,BR,17,9.29,1,1,1,100.0,0,0.0,5,3,60.0,17.65,6,35.29,52.94,0.0,11.43,12.5,0.0,0.0,0.0,0.0,0.0,669722
KC,Knuckle Curve,BR,12,6.56,1,1,1,100.0,0,0.0,6,4,66.67,33.33,0,0.0,33.33,25.0,10.0,14.29,0.0,0.0,0.0,0.0,0.0,669722
CU,Curveball,BR,12,6.56,2,2,2,100.0,0,0.0,2,1,50.0,8.33,5,41.67,50.0,25.0,7.14,40.0,0.0,0.0,0.0,0.0,0.0,669722
FS,Split-Finger,OS,10,5.46,2,1,1,50.0,0,0.0,5,3,60.0,30.0,0,0.0,30.0,0.0,7.14,20.0,0.0,0.0,0.0,0.0,0.0,669722
FC,Cutter,FB,10,5.46,4,4,0,0.0,0,0.0,8,2,25.0,20.0,1,10.0,30.0,0.0,1.43,0.0,0.25,0.25,0.25,0.5,0.0,669722
FA,Other,,8,4.37,1,0,0,0.0,1,100.0,3,0,0.0,0.0,1,12.5,12.5,20.0,8.57,0.0,,1.0,,,,669722
SV,Slurve,BR,3,1.64,0,0,0,,0,,0,0,,0.0,1,33.33,33.33,0.0,0.0,,,,,,,669722
FF,4-Seam Fastball,FB,322,38.33,69,53,14,20.29,9,13.04,128,27,21.09,8.39,76,23.6,31.99,9.68,37.85,14.74,0.189,0.358,0.283,0.641,0.0939999999999999,669743
SI,Sinker,FB,197,23.45,48,37,5,10.42,9,18.75,68,10,14.71,5.08,45,22.84,27.92,16.84,14.74,13.51,0.243,0.404,0.378,0.782,0.135,669743
SL,Slider,BR,122,14.52,41,35,5,12.2,4,9.76,45,7,15.56,5.74,29,23.77,29.51,20.69,17.13,11.63,0.371,0.436,0.486,0.922,0.1149999999999999,669743
ST,Sweeper,BR,60,7.14,14,12,1,7.14,1,7.14,20,2,10.0,3.33,11,18.33,21.67,12.9,8.76,4.55,0.167,0.214,0.167,0.381,0.0,669743
FC,Cutter,FB,42,5.0,11,9,3,27.27,2,18.18,16,4,25.0,9.52,13,30.95,40.48,29.41,6.37,18.75,0.222,0.364,0.222,0.586,0.0,669743
CU,Curveball,BR,33,3.93,6,6,1,16.67,0,0.0,8,2,25.0,6.06,8,24.24,30.3,14.29,5.18,7.69,0.167,0.167,0.167,0.334,0.0,669743
CH,Changeup,OS,27,3.21,5,4,1,20.0,1,20.0,13,4,30.77,14.81,4,14.81,29.63,15.38,4.38,9.09,0.25,0.4,0.25,0.65,0.0,669743
FS,Split-Finger,OS,19,2.26,6,6,2,33.33,0,0.0,11,3,27.27,15.79,2,10.53,26.32,50.0,3.19,25.0,0.333,0.333,0.5,0.833,0.1669999999999999,669743
KC,Knuckle Curve,BR,10,1.19,3,2,1,33.33,1,33.33,4,1,25.0,10.0,1,10.0,20.0,28.57,2.39,16.67,0.5,0.667,0.5,1.167,0.0,669743
CS,Slow Curve,BR,3,0.36,0,0,0,,0,,0,0,,0.0,0,0.0,0.0,0.0,0.0,,,,,,,669743
EP,Eephus,,2,0.24,1,0,0,0.0,1,100.0,0,0,,0.0,1,50.0,50.0,0.0,0.0,,,1.0,,,,669743
SV,Slurve,BR,2,0.24,1,1,0,0.0,0,0.0,1,0,0.0,0.0,1,50.0,50.0,,0.0,,1.0,1.0,1.0,2.0,0.0,669743
,,,1,0.12,0,0,0,,0,,0,0,,0.0,0,0.0,0.0,,0.0,,,,,,,669743
FF,4-Seam Fastball,FB,378,38.49,100,92,38,38.0,7,7.0,207,62,29.95,16.4,47,12.43,28.84,25.0,39.54,31.4,0.163,0.222,0.217,0.439,0.0539999999999999,669911
CH,Changeup,OS,132,13.44,33,29,15,45.45,4,12.12,59,34,57.63,25.76,11,8.33,34.09,31.82,11.44,42.86,0.172,0.273,0.207,0.48,0.035,669911
CU,Curveball,BR,106,10.79,17,16,8,47.06,0,0.0,44,22,50.0,20.75,23,21.7,42.45,38.81,10.46,25.0,0.062,0.118,0.25,0.368,0.188,669911
SL,Slider,BR,98,9.98,25,23,18,72.0,2,8.0,42,23,54.76,23.47,22,22.45,45.92,36.17,12.75,46.15,0.13,0.2,0.522,0.722,0.392,669911
FC,Cutter,FB,77,7.84,20,16,5,25.0,4,20.0,38,11,28.95,14.29,14,18.18,32.47,34.21,6.21,26.32,0.5,0.6,0.938,1.5379999999999998,0.4379999999999999,669911
ST,Sweeper,BR,53,5.4,8,8,6,75.0,0,0.0,14,8,57.14,15.09,15,28.3,43.4,20.0,5.23,37.5,0.0,0.0,0.0,0.0,0.0,669911
SI,Sinker,FB,53,5.4,17,14,4,23.53,3,17.65,29,7,24.14,13.21,10,18.87,32.08,25.0,4.9,26.67,0.429,0.529,0.929,1.4580000000000002,0.5,669911
FS,Split-Finger,OS,52,5.3,14,13,6,42.86,1,7.14,29,16,55.17,30.77,3,5.77,36.54,50.0,6.21,31.58,0.0,0.071,0.0,0.071,0.0,669911
KC,Knuckle Curve,BR,14,1.43,4,3,2,50.0,1,25.0,7,6,85.71,42.86,1,7.14,50.0,50.0,1.96,33.33,0.0,0.25,0.0,0.25,0.0,669911
SV,Slurve,BR,10,1.02,2,2,1,50.0,0,0.0,5,3,60.0,30.0,2,20.0,50.0,50.0,1.31,25.0,0.0,0.0,0.0,0.0,0.0,669911
,,,9,0.92,2,0,0,0.0,2,100.0,0,0,,0.0,0,0.0,0.0,,0.0,,,1.0,,,,669911
FF,4-Seam Fastball,FB,39,39.39,11,9,1,9.09,2,18.18,21,2,9.52,5.13,4,10.26,15.38,26.32,37.04,10.0,0.0,0.182,0.0,0.182,0.0,670032
SI,Sinker,FB,19,19.19,5,3,0,0.0,2,40.0,8,0,0.0,0.0,3,15.79,15.79,0.0,18.52,0.0,0.333,0.6,0.333,0.933,0.0,670032
CU,Curveball,BR,12,12.12,1,1,0,0.0,0,0.0,4,0,0.0,0.0,3,25.0,25.0,14.29,14.81,0.0,0.0,0.0,0.0,0.0,0.0,670032
CH,Changeup,OS,9,9.09,3,3,1,33.33,0,0.0,2,0,0.0,0.0,1,11.11,11.11,0.0,3.7,100.0,0.0,0.0,0.0,0.0,0.0,670032
SL,Slider,BR,6,6.06,3,3,1,33.33,0,0.0,4,1,25.0,16.67,2,33.33,50.0,0.0,7.41,50.0,0.0,0.0,0.0,0.0,0.0,670032
FC,Cutter,FB,5,5.05,1,1,0,0.0,0,0.0,2,0,0.0,0.0,1,20.0,20.0,0.0,3.7,0.0,0.0,0.0,0.0,0.0,0.0,670032
ST,Sweeper,BR,4,4.04,1,1,1,100.0,0,0.0,1,1,100.0,25.0,1,25.0,50.0,0.0,11.11,33.33,0.0,0.0,0.0,0.0,0.0,670032
FS,Split-Finger,OS,3,3.03,1,1,0,0.0,0,0.0,1,0,0.0,0.0,1,33.33,33.33,0.0,0.0,,0.0,0.0,0.0,0.0,0.0,670032
KC,Knuckle Curve,BR,2,2.02,0,0,0,,0,,1,0,0.0,0.0,0,0.0,0.0,0.0,3.7,0.0,,,,,,670032
FF,4-Seam Fastball,FB,229,32.71,62,48,16,25.81,6,9.68,133,47,35.34,20.52,22,9.61,30.13,22.92,33.03,21.92,0.208,0.367,0.292,0.659,0.0839999999999999,670042
CH,Changeup,OS,108,15.43,31,26,12,38.71,4,12.9,63,37,58.73,34.26,6,5.56,39.81,41.54,15.38,35.29,0.269,0.387,0.423,0.81,0.1539999999999999,670042
SI,Sinker,FB,71,10.14,17,11,0,0.0,3,17.65,29,4,13.79,5.63,9,12.68,18.31,17.95,8.14,0.0,0.364,0.588,0.455,1.043,0.091,670042
SL,Slider,BR,70,10.0,21,18,8,38.1,1,4.76,42,19,45.24,27.14,3,4.29,31.43,36.11,11.31,32.0,0.167,0.25,0.389,0.639,0.222,670042
FC,Cutter,FB,58,8.29,12,12,3,25.0,0,0.0,34,16,47.06,27.59,1,1.72,29.31,24.14,6.79,20.0,0.25,0.25,0.25,0.5,0.0,670042
FS,Split-Finger,OS,51,7.29,16,16,7,43.75,0,0.0,25,11,44.0,21.57,5,9.8,31.37,34.38,7.69,41.18,0.188,0.188,0.438,0.626,0.25,670042
CU,Curveball,BR,48,6.86,9,8,3,33.33,1,11.11,17,9,52.94,18.75,7,14.58,33.33,16.13,7.24,18.75,0.25,0.333,0.5,0.833,0.25,670042
ST,Sweeper,BR,31,4.43,9,8,3,33.33,0,0.0,19,4,21.05,12.9,4,12.9,25.81,27.27,6.33,21.43,0.25,0.222,0.25,0.472,0.0,670042
KC,Knuckle Curve,BR,18,2.57,2,2,2,100.0,0,0.0,7,4,57.14,22.22,3,16.67,38.89,20.0,3.17,28.57,0.0,0.0,0.0,0.0,0.0,670042
FA,Other,,6,0.86,1,0,0,0.0,1,100.0,1,1,100.0,16.67,1,16.67,33.33,20.0,0.0,,,1.0,,,,670042
SV,Slurve,BR,4,0.57,1,1,0,0.0,0,0.0,1,0,0.0,0.0,1,25.0,25.0,0.0,0.45,0.0,0.0,0.0,0.0,0.0,0.0,670042
EP,Eephus,,3,0.43,1,1,0,0.0,0,0.0,1,0,0.0,0.0,1,33.33,33.33,0.0,0.0,,0.0,0.0,0.0,0.0,0.0,670042
KN,Knuckleball,,2,0.29,1,0,0,0.0,0,0.0,0,0,,0.0,0,0.0,0.0,0.0,0.45,0.0,,1.0,,,,670042
PO,Pitch Out,,1,0.14,0,0,0,,0,,0,0,,0.0,0,0.0,0.0,0.0,0.0,,,,,,,670042
FF,4-Seam Fastball,FB,57,35.85,13,12,2,15.38,0,0.0,29,2,6.9,3.51,7,12.28,15.79,27.59,39.62,9.52,0.167,0.167,0.5,0.667,0.3329999999999999,670092
FC,Cutter,FB,30,18.87,9,8,4,44.44,1,11.11,19,7,36.84,23.33,3,10.0,33.33,40.0,16.98,44.44,0.0,0.111,0.0,0.111,0.0,670092
CH,Changeup,OS,25,15.72,3,3,1,33.33,0,0.0,12,3,25.0,12.0,0,0.0,12.0,20.0,18.87,10.0,0.333,0.333,0.333,0.666,0.0,670092
CU,Curveball,BR,14,8.81,5,5,1,20.0,0,0.0,6,1,16.67,7.14,2,14.29,21.43,14.29,5.66,33.33,0.2,0.2,0.2,0.4,0.0,670092
SL,Slider,BR,10,6.29,5,5,2,40.0,0,0.0,9,5,55.56,50.0,1,10.0,60.0,100.0,3.77,100.0,0.2,0.2,0.4,0.6000000000000001,0.2,670092
FS,Split-Finger,OS,8,5.03,2,2,0,0.0,0,0.0,5,1,20.0,12.5,0,0.0,12.5,25.0,1.89,0.0,0.5,0.5,0.5,1.0,0.0,670092
ST,Sweeper,BR,7,4.4,2,2,1,50.0,0,0.0,3,1,33.33,14.29,2,28.57,42.86,0.0,1.89,100.0,0.0,0.0,0.0,0.0,0.0,670092
SI,Sinker,FB,6,3.77,2,2,0,0.0,0,0.0,4,1,25.0,16.67,0,0.0,16.67,33.33,7.55,0.0,0.0,0.0,0.0,0.0,0.0,670092
SV,Slurve,BR,2,1.26,1,0,0,0.0,1,100.0,1,0,0.0,0.0,0,0.0,0.0,0.0,3.77,0.0,,1.0,,,,670092
FF,4-Seam Fastball,FB,60,37.97,15,13,5,33.33,1,6.67,26,8,30.77,13.33,15,25.0,38.33,27.59,38.78,26.32,0.231,0.286,0.308,0.594,0.0769999999999999,670097
SI,Sinker,FB,29,18.35,8,7,3,37.5,0,0.0,12,1,8.33,3.45,9,31.03,34.48,27.27,14.29,42.86,0.143,0.25,0.143,0.393,0.0,670097
SL,Slider,BR,18,11.39,4,4,1,25.0,0,0.0,6,2,33.33,11.11,1,5.56,16.67,15.38,8.16,25.0,0.0,0.0,0.0,0.0,0.0,670097
ST,Sweeper,BR,17,10.76,4,4,0,0.0,0,0.0,5,0,0.0,0.0,4,23.53,23.53,20.0,12.24,0.0,0.0,0.0,0.0,0.0,0.0,670097
FC,Cutter,FB,11,6.96,2,1,0,0.0,1,50.0,2,1,50.0,9.09,5,45.45,54.55,0.0,6.12,0.0,0.0,0.5,0.0,0.5,0.0,670097
CU,Curveball,BR,7,4.43,2,2,0,0.0,0,0.0,4,0,0.0,0.0,1,14.29,14.29,33.33,8.16,0.0,0.5,0.5,2.0,2.5,1.5,670097
CH,Changeup,OS,6,3.8,0,0,0,,0,,2,2,100.0,33.33,0,0.0,33.33,33.33,2.04,0.0,,,,,,670097
FS,Split-Finger,OS,5,3.16,0,0,0,,0,,3,0,0.0,0.0,1,20.0,20.0,50.0,4.08,0.0,,,,,,670097
KC,Knuckle Curve,BR,3,1.9,2,2,1,50.0,0,0.0,2,1,50.0,33.33,1,33.33,66.67,100.0,2.04,100.0,0.0,0.0,0.0,0.0,0.0,670097
SV,Slurve,BR,2,1.27,0,0,0,,0,,0,0,,0.0,0,0.0,0.0,0.0,4.08,0.0,,,,,,670097
FF,4-Seam Fastball,FB,205,34.34,62,54,5,8.06,5,8.06,95,8,8.42,3.9,47,22.93,26.83,21.79,22.3,16.13,0.278,0.333,0.352,0.685,0.0739999999999999,670156
SI,Sinker,FB,91,15.24,20,17,3,15.0,3,15.0,29,1,3.45,1.1,31,34.07,35.16,9.68,15.83,13.64,0.118,0.25,0.118,0.368,0.0,670156
CH,Changeup,OS,86,14.41,26,21,5,19.23,4,15.38,32,8,25.0,9.3,9,10.47,19.77,18.52,15.83,22.73,0.238,0.36,0.238,0.598,0.0,670156
SL,Slider,BR,73,12.23,17,14,7,41.18,3,17.65,31,14,45.16,19.18,12,16.44,35.62,22.22,17.99,28.0,0.0,0.176,0.0,0.176,0.0,670156
FC,Cutter,FB,38,6.37,11,10,1,9.09,0,0.0,17,1,5.88,2.63,7,18.42,21.05,22.22,3.6,20.0,0.5,0.5,0.5,1.0,0.0,670156
CU,Curveball,BR,34,5.7,8,8,1,12.5,0,0.0,11,1,9.09,2.94,9,26.47,29.41,16.67,9.35,7.69,0.25,0.25,0.25,0.5,0.0,670156
ST,Sweeper,BR,31,5.19,4,3,1,25.0,1,25.0,6,1,16.67,3.23,9,29.03,32.26,14.29,5.76,12.5,0.333,0.5,0.333,0.833,0.0,670156
FS,Split-Finger,OS,25,4.19,5,5,1,20.0,0,0.0,10,2,20.0,8.0,2,8.0,16.0,16.67,6.47,11.11,0.2,0.2,0.2,0.4,0.0,670156
KC,Knuckle Curve,BR,6,1.01,1,1,1,100.0,0,0.0,2,1,50.0,16.67,0,0.0,16.67,0.0,1.44,50.0,0.0,0.0,0.0,0.0,0.0,670156
FA,Other,,4,0.67,1,1,0,0.0,0,0.0,2,0,0.0,0.0,0,0.0,0.0,0.0,0.0,,1.0,1.0,1.0,2.0,0.0,670156
SV,Slurve,BR,3,0.5,0,0,0,,0,,1,0,0.0,0.0,1,33.33,33.33,0.0,1.44,0.0,,,,,,670156
EP,Eephus,,1,0.17,1,1,0,0.0,0,0.0,1,0,0.0,0.0,0,0.0,0.0,,0.0,,1.0,1.0,1.0,2.0,0.0,670156
FF,4-Seam Fastball,FB,182,36.04,40,37,17,42.5,3,7.5,103,37,35.92,20.33,26,14.29,34.62,17.74,38.6,25.76,0.162,0.225,0.378,0.603,0.216,670223
CH,Changeup,OS,86,17.03,18,18,7,38.89,0,0.0,49,26,53.06,30.23,7,8.14,38.37,50.85,18.13,22.58,0.167,0.167,0.389,0.556,0.222,670223
SL,Slider,BR,40,7.92,11,9,3,27.27,0,0.0,22,10,45.45,25.0,4,10.0,35.0,41.67,7.02,25.0,0.222,0.273,0.556,0.8290000000000001,0.3340000000000001,670223
CU,Curveball,BR,39,7.72,8,7,2,25.0,1,12.5,18,5,27.78,12.82,5,12.82,25.64,33.33,7.6,15.38,0.286,0.375,0.714,1.089,0.428,670223
FC,Cutter,FB,37,7.33,8,6,2,25.0,2,25.0,16,5,31.25,13.51,3,8.11,21.62,19.05,2.92,40.0,0.0,0.25,0.0,0.25,0.0,670223
FS,Split-Finger,OS,35,6.93,10,10,4,40.0,0,0.0,23,15,65.22,42.86,2,5.71,48.57,61.54,6.43,36.36,0.1,0.1,0.1,0.2,0.0,670223
SI,Sinker,FB,30,5.94,11,10,5,45.45,1,9.09,16,3,18.75,10.0,4,13.33,23.33,23.08,6.43,45.45,0.2,0.273,0.5,0.773,0.3,670223
ST,Sweeper,BR,29,5.74,7,6,4,57.14,1,14.29,13,6,46.15,20.69,4,13.79,34.48,40.0,3.51,66.67,0.167,0.286,0.167,0.4529999999999999,0.0,670223
KC,Knuckle Curve,BR,13,2.57,6,5,1,16.67,0,0.0,8,2,25.0,15.38,1,7.69,23.08,20.0,4.68,12.5,0.2,0.333,0.2,0.533,0.0,670223
FO,Forkball,OS,11,2.18,4,3,1,25.0,1,25.0,7,1,14.29,9.09,2,18.18,27.27,33.33,4.68,12.5,0.333,0.5,0.333,0.833,0.0,670223
,,,3,0.59,1,0,0,0.0,1,100.0,0,0,,0.0,0,0.0,0.0,,0.0,,,1.0,,,,670223
FF,4-Seam Fastball,FB,228,30.32,57,50,14,24.56,5,8.77,117,34,29.06,14.91,40,17.54,32.46,23.81,30.04,18.42,0.3,0.357,0.52,0.877,0.22,670224
CH,Changeup,OS,132,17.55,28,27,11,39.29,0,0.0,69,28,40.58,21.21,10,7.58,28.79,34.52,22.13,19.64,0.148,0.143,0.185,0.3279999999999999,0.037,670224
SI,Sinker,FB,96,12.77,26,20,5,19.23,6,23.08,48,6,12.5,6.25,17,17.71,23.96,21.05,10.67,18.52,0.3,0.462,0.45,0.912,0.15,670224
SL,Slider,BR,71,9.44,13,13,5,38.46,0,0.0,30,12,40.0,16.9,10,14.08,30.99,32.56,8.7,22.73,0.462,0.462,0.769,1.231,0.307,670224
CU,Curveball,BR,62,8.24,12,11,5,41.67,1,8.33,16,8,50.0,12.9,18,29.03,41.94,18.18,8.3,23.81,0.0,0.083,0.0,0.083,0.0,670224
FC,Cutter,FB,59,7.85,12,12,7,58.33,0,0.0,31,12,38.71,20.34,10,16.95,37.29,46.43,7.51,36.84,0.083,0.083,0.083,0.166,0.0,670224
FS,Split-Finger,OS,53,7.05,15,15,5,33.33,0,0.0,27,11,40.74,20.75,3,5.66,26.42,33.33,7.91,25.0,0.133,0.133,0.133,0.266,0.0,670224
ST,Sweeper,BR,24,3.19,7,5,0,0.0,2,28.57,10,1,10.0,4.17,8,33.33,37.5,22.22,3.16,0.0,0.4,0.571,1.0,1.571,0.6,670224
KC,Knuckle Curve,BR,14,1.86,2,2,0,0.0,0,0.0,3,0,0.0,0.0,3,21.43,21.43,0.0,0.79,0.0,0.0,0.0,0.0,0.0,0.0,670224
FA,Other,,5,0.66,1,1,0,0.0,0,0.0,2,1,50.0,20.0,1,20.0,40.0,0.0,0.4,0.0,0.0,0.0,0.0,0.0,0.0,670224
SV,Slurve,BR,4,0.53,1,1,1,100.0,0,0.0,2,2,100.0,50.0,0,0.0,50.0,50.0,0.4,100.0,0.0,0.0,0.0,0.0,0.0,670224
EP,Eephus,,3,0.4,1,1,0,0.0,0,0.0,1,0,0.0,0.0,0,0.0,0.0,0.0,0.0,,0.0,0.0,0.0,0.0,0.0,670224
,,,1,0.13,0,0,0,,0,,0,0,,0.0,0,0.0,0.0,,0.0,,,,,,,670224
FF,4-Seam Fastball,FB,189,28.51,45,37,8,17.78,6,13.33,96,26,27.08,13.76,37,19.58,33.33,25.68,30.46,13.33,0.297,0.386,0.595,0.981,0.298,670231
CH,Changeup,OS,88,13.27,27,25,8,29.63,2,7.41,41,12,29.27,13.64,11,12.5,26.14,26.0,17.26,23.53,0.12,0.185,0.16,0.345,0.04,670231
FC,Cutter,FB,86,12.97,15,12,5,33.33,3,20.0,34,7,20.59,8.14,15,17.44,25.58,17.95,7.61,33.33,0.0,0.2,0.0,0.2,0.0,670231
SL,Slider,BR,82,12.37,22,20,7,31.82,2,9.09,39,11,28.21,13.41,11,13.41,26.83,27.5,15.23,23.33,0.15,0.227,0.2,0.427,0.05,670231
CU,Curveball,BR,51,7.69,9,9,3,33.33,0,0.0,12,3,25.0,5.88,18,35.29,41.18,24.14,5.58,27.27,0.0,0.0,0.0,0.0,0.0,670231
SI,Sinker,FB,51,7.69,7,6,2,28.57,1,14.29,13,1,7.69,1.96,19,37.25,39.22,10.0,5.58,18.18,0.167,0.286,0.167,0.4529999999999999,0.0,670231
FS,Split-Finger,OS,47,7.09,9,9,4,44.44,0,0.0,18,6,33.33,12.77,6,12.77,25.53,24.14,6.6,30.77,0.111,0.111,0.222,0.333,0.111,670231
ST,Sweeper,BR,43,6.49,10,9,1,10.0,1,10.0,20,1,5.0,2.33,7,16.28,18.6,5.88,7.11,7.14,0.444,0.5,0.778,1.278,0.334,670231
KC,Knuckle Curve,BR,20,3.02,4,4,3,75.0,0,0.0,7,3,42.86,15.0,4,20.0,35.0,10.0,4.06,37.5,0.0,0.0,0.0,0.0,0.0,670231
EP,Eephus,,3,0.45,2,2,0,0.0,0,0.0,2,0,0.0,0.0,0,0.0,0.0,50.0,0.0,,0.5,0.5,0.5,1.0,0.0,670231
FA,Other,,2,0.3,1,1,0,0.0,0,0.0,1,0,0.0,0.0,0,0.0,0.0,0.0,0.0,,0.0,0.0,0.0,0.0,0.0,670231
SV,Slurve,BR,1,0.15,1,1,0,0.0,0,0.0,1,0,0.0,0.0,0,0.0,0.0,,0.51,0.0,1.0,1.0,1.0,2.0,0.0,670231
FF,4-Seam Fastball,FB,494,41.79,122,105,37,30.33,14,11.48,258,90,34.88,18.22,69,13.97,32.19,18.13,41.85,24.83,0.219,0.32,0.476,0.796,0.257,670242
CH,Changeup,OS,134,11.34,38,34,8,21.05,4,10.53,61,20,32.79,14.93,9,6.72,21.64,37.76,11.8,19.05,0.147,0.237,0.324,0.5609999999999999,0.177,670242
SL,Slider,BR,114,9.64,29,22,9,31.03,5,17.24,49,21,42.86,18.42,11,9.65,28.07,23.19,9.27,27.27,0.182,0.379,0.682,1.061,0.5,670242
CU,Curveball,BR,108,9.14,25,21,10,40.0,2,8.0,51,25,49.02,23.15,12,11.11,34.26,35.82,10.67,26.32,0.095,0.24,0.095,0.3349999999999999,0.0,670242
SI,Sinker,FB,93,7.87,25,21,10,40.0,4,16.0,41,12,29.27,12.9,17,18.28,31.18,29.27,7.58,37.04,0.048,0.2,0.19,0.39,0.142,670242
FC,Cutter,FB,92,7.78,19,16,6,31.58,2,10.53,45,20,44.44,21.74,11,11.96,33.7,14.29,3.93,42.86,0.375,0.474,0.875,1.349,0.5,670242
FS,Split-Finger,OS,71,6.01,18,14,7,38.89,3,16.67,36,20,55.56,28.17,5,7.04,35.21,40.0,7.87,25.0,0.071,0.235,0.286,0.5209999999999999,0.2149999999999999,670242
ST,Sweeper,BR,38,3.21,10,9,2,20.0,0,0.0,27,9,33.33,23.68,2,5.26,28.95,55.0,3.37,16.67,0.667,0.6,1.667,2.267,1.0,670242
KC,Knuckle Curve,BR,23,1.95,6,6,3,50.0,0,0.0,14,9,64.29,39.13,1,4.35,43.48,57.14,2.53,33.33,0.167,0.167,0.167,0.334,0.0,670242
SV,Slurve,BR,8,0.68,2,2,1,50.0,0,0.0,4,1,25.0,12.5,2,25.0,37.5,0.0,0.84,33.33,0.0,0.0,0.0,0.0,0.0,670242
EP,Eephus,,5,0.42,1,0,0,0.0,1,100.0,1,0,0.0,0.0,0,0.0,0.0,0.0,0.0,,,1.0,,,,670242
CS,Slow Curve,BR,2,0.17,1,1,1,100.0,0,0.0,1,1,100.0,50.0,0,0.0,50.0,0.0,0.28,100.0,0.0,0.0,0.0,0.0,0.0,670242
FF,4-Seam Fastball,FB,11,44.0,3,3,1,33.33,0,0.0,5,2,40.0,18.18,4,36.36,54.55,33.33,44.44,25.0,0.0,0.0,0.0,0.0,0.0,670276
SL,Slider,BR,8,32.0,2,2,1,50.0,0,0.0,3,0,0.0,0.0,3,37.5,37.5,0.0,22.22,50.0,0.5,0.5,0.5,1.0,0.0,670276
CH,Changeup,OS,4,16.0,2,2,0,0.0,0,0.0,3,0,0.0,0.0,1,25.0,25.0,100.0,22.22,0.0,0.0,0.0,0.0,0.0,0.0,670276
CU,Curveball,BR,1,4.0,1,1,0,0.0,0,0.0,1,0,0.0,0.0,0,0.0,0.0,,0.0,,1.0,1.0,1.0,2.0,0.0,670276
SI,Sinker,FB,1,4.0,0,0,0,,0,,0,0,,0.0,0,0.0,0.0,0.0,11.11,0.0,,,,,,670276
FF,4-Seam Fastball,FB,235,35.23,55,46,7,12.73,6,10.91,104,12,11.54,5.11,40,17.02,22.13,17.86,40.34,9.86,0.217,0.291,0.283,0.574,0.0659999999999999,670541
CH,Changeup,OS,86,12.89,19,16,1,5.26,2,10.53,42,12,28.57,13.95,5,5.81,19.77,36.07,13.07,4.35,0.375,0.421,0.938,1.359,0.563,670541
SL,Slider,BR,68,10.19,18,17,5,27.78,1,5.56,33,12,36.36,17.65,13,19.12,36.76,40.0,9.09,31.25,0.294,0.333,0.353,0.6859999999999999,0.059,670541
SI,Sinker,FB,67,10.04,22,17,2,9.09,4,18.18,30,1,3.33,1.49,10,14.93,16.42,26.47,10.8,10.53,0.294,0.409,0.353,0.762,0.059,670541
FC,Cutter,FB,66,9.9,15,14,4,26.67,1,6.67,28,9,32.14,13.64,14,21.21,34.85,20.69,7.39,30.77,0.214,0.267,0.286,0.5529999999999999,0.0719999999999999,670541
CU,Curveball,BR,41,6.15,8,7,3,37.5,1,12.5,8,3,37.5,7.32,13,31.71,39.02,20.0,6.25,27.27,0.143,0.25,0.143,0.393,0.0,670541
FS,Split-Finger,OS,33,4.95,9,9,4,44.44,0,0.0,19,11,57.89,33.33,3,9.09,42.42,52.17,5.68,40.0,0.222,0.222,0.333,0.555,0.111,670541
ST,Sweeper,BR,31,4.65,6,4,2,33.33,1,16.67,12,1,8.33,3.23,8,25.81,29.03,15.38,3.98,28.57,0.25,0.333,0.25,0.583,0.0,670541
,,,21,3.15,5,0,0,0.0,5,100.0,0,0,,0.0,0,0.0,0.0,,0.57,0.0,,1.0,,,,670541
KC,Knuckle Curve,BR,11,1.65,2,1,1,50.0,1,50.0,2,1,50.0,9.09,7,63.64,72.73,33.33,1.7,33.33,0.0,0.5,0.0,0.5,0.0,670541
SV,Slurve,BR,6,0.9,2,2,0,0.0,0,0.0,3,0,0.0,0.0,1,16.67,16.67,0.0,0.57,0.0,0.5,0.5,0.5,1.0,0.0,670541
CS,Slow Curve,BR,2,0.3,0,0,0,,0,,1,0,0.0,0.0,0,0.0,0.0,0.0,0.57,0.0,,,,,,670541
FF,4-Seam Fastball,FB,447,27.24,119,101,18,15.13,15,12.61,202,25,12.38,5.59,93,20.81,26.4,24.26,30.2,10.98,0.297,0.395,0.554,0.949,0.257,670623
SI,Sinker,FB,364,22.18,92,79,19,20.65,8,8.7,154,11,7.14,3.02,97,26.65,29.67,21.09,15.47,22.62,0.304,0.391,0.481,0.872,0.177,670623
SL,Slider,BR,299,18.22,50,44,5,10.0,6,12.0,111,22,19.82,7.36,50,16.72,24.08,19.53,16.02,5.75,0.159,0.26,0.25,0.51,0.091,670623
ST,Sweeper,BR,151,9.2,29,27,5,17.24,2,6.9,59,14,23.73,9.27,16,10.6,19.87,20.41,13.08,7.04,0.407,0.448,1.0,1.448,0.593,670623
FC,Cutter,FB,125,7.62,22,18,2,9.09,3,13.64,45,7,15.56,5.6,28,22.4,28.0,14.75,5.34,6.9,0.111,0.238,0.111,0.349,0.0,670623
CH,Changeup,OS,112,6.83,27,24,8,29.63,3,11.11,51,14,27.45,12.5,13,11.61,24.11,24.19,9.58,13.46,0.25,0.333,0.292,0.625,0.0419999999999999,670623
CU,Curveball,BR,73,4.45,12,9,5,41.67,3,25.0,22,6,27.27,8.22,10,13.7,21.92,8.51,4.79,19.23,0.111,0.333,0.444,0.777,0.333,670623
FS,Split-Finger,OS,46,2.8,11,11,5,45.45,0,0.0,25,9,36.0,19.57,7,15.22,34.78,39.13,4.6,20.0,0.0,0.0,0.0,0.0,0.0,670623
KC,Knuckle Curve,BR,19,1.16,4,3,0,0.0,1,25.0,6,2,33.33,10.53,4,21.05,31.58,14.29,0.92,0.0,0.333,0.5,0.667,1.167,0.334,670623
EP,Eephus,,2,0.12,1,1,0,0.0,0,0.0,1,0,0.0,0.0,1,50.0,50.0,,0.0,,1.0,1.0,2.0,3.0,1.0,670623
CS,Slow Curve,BR,1,0.06,0,0,0,,0,,0,0,,0.0,0,0.0,0.0,0.0,0.0,,,,,,,670623
SV,Slurve,BR,1,0.06,1,1,0,0.0,0,0.0,1,0,0.0,0.0,0,0.0,0.0,,0.0,,1.0,1.0,2.0,3.0,1.0,670623
,,,1,0.06,0,0,0,,0,,0,0,,0.0,0,0.0,0.0,,0.0,,,,,,,670623
FF,4-Seam Fastball,FB,345,38.38,84,73,21,25.0,8,9.52,157,36,22.93,10.43,66,19.13,29.57,18.71,36.67,19.09,0.164,0.241,0.233,0.474,0.069,670764
SI,Sinker,FB,105,11.68,30,24,4,13.33,5,16.67,50,5,10.0,4.76,20,19.05,23.81,14.63,10.0,13.33,0.208,0.345,0.333,0.6779999999999999,0.125,670764
FC,Cutter,FB,101,11.23,27,23,5,18.52,3,11.11,47,9,19.15,8.91,22,21.78,30.69,22.86,8.67,19.23,0.261,0.333,0.348,0.681,0.0869999999999999,670764
CH,Changeup,OS,97,10.79,19,19,4,21.05,0,0.0,47,8,17.02,8.25,7,7.22,15.46,30.65,12.0,11.11,0.211,0.211,0.263,0.474,0.052,670764
SL,Slider,BR,77,8.57,16,13,5,31.25,2,12.5,28,6,21.43,7.79,12,15.58,23.38,10.53,8.33,20.0,0.154,0.25,0.154,0.404,0.0,670764
FS,Split-Finger,OS,53,5.9,15,15,4,26.67,0,0.0,34,9,26.47,16.98,4,7.55,24.53,38.1,9.33,14.29,0.267,0.267,0.467,0.734,0.2,670764
ST,Sweeper,BR,47,5.23,10,8,2,20.0,2,20.0,18,4,22.22,8.51,9,19.15,27.66,17.39,6.33,10.53,0.25,0.4,0.75,1.15,0.5,670764
CU,Curveball,BR,46,5.12,7,6,0,0.0,1,14.29,12,0,0.0,0.0,12,26.09,26.09,4.35,5.33,0.0,0.5,0.571,1.167,1.738,0.667,670764
KC,Knuckle Curve,BR,17,1.89,5,4,3,60.0,0,0.0,3,1,33.33,5.88,6,35.29,41.18,11.11,2.0,50.0,0.0,0.0,0.0,0.0,0.0,670764
EP,Eephus,,4,0.44,2,2,0,0.0,0,0.0,2,0,0.0,0.0,0,0.0,0.0,0.0,0.0,,0.0,0.0,0.0,0.0,0.0,670764
,,,4,0.44,1,1,0,0.0,0,0.0,3,0,0.0,0.0,1,25.0,25.0,,0.67,0.0,0.0,0.0,0.0,0.0,0.0,670764
SV,Slurve,BR,3,0.33,1,0,0,0.0,1,100.0,1,1,100.0,33.33,0,0.0,33.33,33.33,0.67,0.0,,1.0,,,,670764
FF,4-Seam Fastball,FB,770,40.4,191,153,17,8.9,32,16.75,302,25,8.28,3.25,169,21.95,25.19,14.53,34.12,9.77,0.275,0.416,0.359,0.7749999999999999,0.0839999999999999,670770
CH,Changeup,OS,251,13.17,67,63,19,28.36,4,5.97,111,36,32.43,14.34,30,11.95,26.29,22.22,17.65,21.11,0.222,0.269,0.27,0.539,0.048,670770
SI,Sinker,FB,200,10.49,66,52,2,3.03,11,16.67,84,3,3.57,1.5,40,20.0,21.5,8.33,6.67,5.88,0.365,0.469,0.5,0.969,0.135,670770
CU,Curveball,BR,172,9.02,33,28,11,33.33,3,9.09,52,13,25.0,7.56,40,23.26,30.81,13.64,13.33,16.18,0.214,0.303,0.536,0.839,0.322,670770
SL,Slider,BR,150,7.87,40,34,9,22.5,4,10.0,58,13,22.41,8.67,33,22.0,30.67,20.83,8.63,20.45,0.324,0.4,0.588,0.988,0.2639999999999999,670770
FC,Cutter,FB,137,7.19,33,24,2,6.06,6,18.18,59,5,8.47,3.65,29,21.17,24.82,17.86,4.71,8.33,0.333,0.485,0.667,1.152,0.334,670770
FS,Split-Finger,OS,90,4.72,23,22,7,30.43,1,4.35,40,12,30.0,13.33,4,4.44,17.78,22.81,6.08,22.58,0.136,0.174,0.182,0.356,0.0459999999999999,670770
ST,Sweeper,BR,76,3.99,22,20,6,27.27,0,0.0,33,9,27.27,11.84,22,28.95,40.79,33.33,4.31,27.27,0.2,0.238,0.25,0.488,0.0499999999999999,670770
KC,Knuckle Curve,BR,35,1.84,8,8,6,75.0,0,0.0,12,5,41.67,14.29,10,28.57,42.86,27.78,3.14,37.5,0.25,0.25,0.25,0.5,0.0,670770
SV,Slurve,BR,8,0.42,2,1,1,50.0,0,0.0,3,2,66.67,25.0,0,0.0,25.0,37.5,0.78,25.0,0.0,0.5,0.0,0.5,0.0,670770
,,,8,0.42,1,0,0,0.0,1,100.0,1,0,0.0,0.0,1,12.5,12.5,,0.39,0.0,,1.0,,,,670770
EP,Eephus,,4,0.21,1,1,0,0.0,0,0.0,1,0,0.0,0.0,0,0.0,0.0,0.0,0.0,,0.0,0.0,0.0,0.0,0.0,670770
FA,Other,,4,0.21,1,0,0,0.0,1,100.0,1,0,0.0,0.0,0,0.0,0.0,25.0,0.0,,,1.0,,,,670770
CS,Slow Curve,BR,1,0.05,0,0,0,,0,,0,0,,0.0,0,0.0,0.0,0.0,0.2,0.0,,,,,,670770
FF,4-Seam Fastball,FB,392,30.13,98,80,22,22.45,16,16.33,171,31,18.13,7.91,67,17.09,25.0,18.58,32.02,15.94,0.225,0.357,0.388,0.745,0.163,671056
SI,Sinker,FB,284,21.83,78,69,9,11.54,3,3.85,120,15,12.5,5.28,75,26.41,31.69,24.58,14.85,14.06,0.333,0.41,0.362,0.772,0.0289999999999999,671056
SL,Slider,BR,237,18.22,52,47,10,19.23,2,3.85,117,39,33.33,16.46,29,12.24,28.69,31.78,17.63,13.16,0.277,0.333,0.468,0.801,0.191,671056
ST,Sweeper,BR,122,9.38,31,30,5,16.13,0,0.0,60,20,33.33,16.39,14,11.48,27.87,32.35,10.9,10.64,0.3,0.29,0.533,0.823,0.233,671056
FC,Cutter,FB,78,6.0,17,17,1,5.88,0,0.0,43,12,27.91,15.38,18,23.08,38.46,41.94,3.02,7.69,0.235,0.235,0.412,0.647,0.177,671056
CU,Curveball,BR,72,5.53,25,24,9,36.0,0,0.0,30,8,26.67,11.11,16,22.22,33.33,29.41,7.19,29.03,0.25,0.28,0.292,0.5720000000000001,0.0419999999999999,671056
CH,Changeup,OS,66,5.07,16,14,8,50.0,2,12.5,34,11,32.35,16.67,7,10.61,27.27,21.21,9.05,20.51,0.071,0.188,0.071,0.259,0.0,671056
FS,Split-Finger,OS,30,2.31,9,9,2,22.22,0,0.0,15,3,20.0,10.0,1,3.33,13.33,12.5,3.94,11.76,0.333,0.333,0.667,1.0,0.334,671056
KC,Knuckle Curve,BR,15,1.15,1,0,0,0.0,1,100.0,5,3,60.0,20.0,5,33.33,53.33,57.14,1.16,0.0,,1.0,,,,671056
SV,Slurve,BR,5,0.38,1,1,0,0.0,0,0.0,2,1,50.0,20.0,1,20.0,40.0,33.33,0.23,0.0,1.0,1.0,1.0,2.0,0.0,671056
FF,4-Seam Fastball,FB,13,35.14,4,3,0,0.0,0,0.0,7,0,0.0,0.0,3,23.08,23.08,0.0,22.22,0.0,0.0,0.25,0.0,0.25,0.0,671083
SL,Slider,BR,9,24.32,2,2,1,50.0,0,0.0,2,1,50.0,11.11,3,33.33,44.44,0.0,33.33,33.33,0.0,0.0,0.0,0.0,0.0,671083
CH,Changeup,OS,4,10.81,1,1,1,100.0,0,0.0,1,1,100.0,25.0,1,25.0,50.0,100.0,22.22,50.0,0.0,0.0,0.0,0.0,0.0,671083
SI,Sinker,FB,4,10.81,2,2,0,0.0,0,0.0,2,0,0.0,0.0,1,25.0,25.0,0.0,0.0,,0.0,0.0,0.0,0.0,0.0,671083
FC,Cutter,FB,4,10.81,1,1,0,0.0,0,0.0,1,0,0.0,0.0,1,25.0,25.0,0.0,0.0,,0.0,0.0,0.0,0.0,0.0,671083
ST,Sweeper,BR,2,5.41,0,0,0,,0,,0,0,,0.0,1,50.0,50.0,0.0,11.11,0.0,,,,,,671083
CU,Curveball,BR,1,2.7,1,1,0,0.0,0,0.0,1,0,0.0,0.0,0,0.0,0.0,,11.11,0.0,0.0,0.0,0.0,0.0,0.0,671083
FF,4-Seam Fastball,FB,123,30.45,32,28,7,21.88,4,12.5,59,12,20.34,9.76,20,16.26,26.02,25.45,29.82,20.59,0.25,0.344,0.357,0.701,0.1069999999999999,671213
CH,Changeup,OS,58,14.36,14,13,3,21.43,1,7.14,31,15,48.39,25.86,2,3.45,29.31,26.47,11.4,23.08,0.231,0.286,0.231,0.517,0.0,671213
SL,Slider,BR,46,11.39,9,8,4,44.44,0,0.0,20,9,45.0,19.57,7,15.22,34.78,18.18,10.53,33.33,0.0,0.111,0.0,0.111,0.0,671213
FC,Cutter,FB,45,11.14,15,14,5,33.33,1,6.67,24,7,29.17,15.56,7,15.56,31.11,28.57,9.65,45.45,0.0,0.067,0.0,0.067,0.0,671213
SI,Sinker,FB,37,9.16,9,8,3,33.33,1,11.11,20,5,25.0,13.51,6,16.22,29.73,16.67,14.04,18.75,0.0,0.111,0.0,0.111,0.0,671213
FS,Split-Finger,OS,34,8.42,5,5,0,0.0,0,0.0,13,7,53.85,20.59,2,5.88,26.47,17.39,8.77,0.0,0.2,0.2,0.2,0.4,0.0,671213
ST,Sweeper,BR,22,5.45,4,3,1,25.0,0,0.0,8,3,37.5,13.64,2,9.09,22.73,7.69,6.14,14.29,0.333,0.5,0.667,1.167,0.334,671213
CU,Curveball,BR,20,4.95,6,6,1,16.67,0,0.0,10,2,20.0,10.0,4,20.0,30.0,33.33,4.39,20.0,0.167,0.167,0.667,0.8340000000000001,0.5,671213
KC,Knuckle Curve,BR,9,2.23,3,3,1,33.33,0,0.0,4,1,25.0,11.11,2,22.22,33.33,40.0,3.51,25.0,0.0,0.0,0.0,0.0,0.0,671213
,,,6,1.49,2,0,0,0.0,2,100.0,0,0,,0.0,0,0.0,0.0,,0.0,,,1.0,,,,671213
SV,Slurve,BR,4,0.99,1,0,0,0.0,1,100.0,0,0,,0.0,0,0.0,0.0,0.0,1.75,0.0,,1.0,,,,671213
FF,4-Seam Fastball,FB,624,32.74,124,106,39,31.45,15,12.1,292,90,30.82,14.42,118,18.91,33.33,29.28,35.19,19.31,0.236,0.347,0.34,0.687,0.104,671218
SI,Sinker,FB,389,20.41,124,102,9,7.26,11,8.87,172,15,8.72,3.86,95,24.42,28.28,32.77,11.32,13.85,0.333,0.444,0.441,0.885,0.1079999999999999,671218
SL,Slider,BR,323,16.95,102,96,23,22.55,4,3.92,166,47,28.31,14.55,42,13.0,27.55,27.11,20.03,20.0,0.219,0.255,0.292,0.5469999999999999,0.0729999999999999,671218
ST,Sweeper,BR,194,10.18,58,56,15,25.86,0,0.0,101,26,25.74,13.4,25,12.89,26.29,31.25,11.85,22.06,0.304,0.293,0.536,0.829,0.232,671218
FC,Cutter,FB,126,6.61,28,26,3,10.71,2,7.14,58,12,20.69,9.52,17,13.49,23.02,28.36,4.53,11.54,0.154,0.214,0.423,0.637,0.269,671218
CU,Curveball,BR,96,5.04,30,30,11,36.67,0,0.0,45,16,35.56,16.67,20,20.83,37.5,30.61,6.97,27.5,0.3,0.3,0.5,0.8,0.2,671218
CH,Changeup,OS,66,3.46,18,17,1,5.56,1,5.56,34,3,8.82,4.55,5,7.58,12.12,31.58,4.36,4.0,0.294,0.333,0.471,0.804,0.177,671218
FS,Split-Finger,OS,36,1.89,11,7,4,36.36,4,36.36,13,7,53.85,19.44,6,16.67,36.11,30.43,2.61,26.67,0.0,0.364,0.0,0.364,0.0,671218
KC,Knuckle Curve,BR,29,1.52,6,6,2,33.33,0,0.0,12,6,50.0,20.69,1,3.45,24.14,23.81,2.26,15.38,0.167,0.167,0.667,0.8340000000000001,0.5,671218
SV,Slurve,BR,11,0.58,3,3,2,66.67,0,0.0,5,3,60.0,27.27,3,27.27,54.55,57.14,0.52,66.67,0.0,0.0,0.0,0.0,0.0,671218
FO,Forkball,OS,7,0.37,1,1,0,0.0,0,0.0,2,0,0.0,0.0,0,0.0,0.0,16.67,0.17,0.0,0.0,0.0,0.0,0.0,0.0,671218
,,,4,0.21,0,0,0,,0,,0,0,,0.0,0,0.0,0.0,,0.17,0.0,,,,,,671218
EP,Eephus,,1,0.05,1,1,0,0.0,0,0.0,1,0,0.0,0.0,0,0.0,0.0,100.0,0.0,,0.0,0.0,0.0,0.0,0.0,671218
FF,4-Seam Fastball,FB,218,34.71,57,51,10,17.54,6,10.53,124,28,22.58,12.84,25,11.47,24.31,21.18,32.14,15.87,0.353,0.421,0.49,0.911,0.137,671221
CH,Changeup,OS,109,17.36,34,34,12,35.29,0,0.0,77,32,41.56,29.36,6,5.5,34.86,63.64,20.92,29.27,0.176,0.176,0.265,0.441,0.089,671221
SL,Slider,BR,73,11.62,18,17,7,38.89,1,5.56,37,11,29.73,15.07,8,10.96,26.03,25.64,12.24,29.17,0.176,0.222,0.176,0.398,0.0,671221
FC,Cutter,FB,62,9.87,20,20,6,30.0,0,0.0,37,13,35.14,20.97,9,14.52,35.48,42.86,7.65,40.0,0.25,0.25,0.3,0.55,0.0499999999999999,671221
CU,Curveball,BR,52,8.28,13,12,4,30.77,0,0.0,22,6,27.27,11.54,9,17.31,28.85,31.03,7.14,28.57,0.167,0.231,0.25,0.481,0.0829999999999999,671221
FS,Split-Finger,OS,37,5.89,13,13,1,7.69,0,0.0,22,4,18.18,10.81,0,0.0,10.81,31.82,5.61,9.09,0.231,0.231,0.231,0.462,0.0,671221
SI,Sinker,FB,27,4.3,10,9,3,30.0,1,10.0,16,1,6.25,3.7,5,18.52,22.22,11.11,5.1,30.0,0.556,0.6,0.667,1.267,0.1109999999999999,671221
KC,Knuckle Curve,BR,25,3.98,4,4,1,25.0,0,0.0,12,2,16.67,8.0,2,8.0,16.0,15.38,5.1,10.0,0.25,0.25,0.25,0.5,0.0,671221
ST,Sweeper,BR,24,3.82,6,6,3,50.0,0,0.0,14,7,50.0,29.17,3,12.5,41.67,46.15,3.57,42.86,0.167,0.167,0.5,0.667,0.3329999999999999,671221
PO,Pitch Out,,1,0.16,0,0,0,,0,,0,0,,0.0,0,0.0,0.0,0.0,0.51,0.0,,,,,,671221
FF,4-Seam Fastball,FB,401,26.91,92,81,13,14.13,9,9.78,191,27,14.14,6.73,98,24.44,31.17,31.18,26.07,11.82,0.309,0.37,0.506,0.876,0.197,671277
CH,Changeup,OS,206,13.83,63,60,10,15.87,2,3.17,111,29,26.13,14.08,14,6.8,20.87,38.97,13.27,17.86,0.267,0.286,0.433,0.719,0.1659999999999999,671277
SL,Slider,BR,202,13.56,45,44,14,31.11,1,2.22,115,38,33.04,18.81,17,8.42,27.23,43.55,18.01,18.42,0.295,0.311,0.409,0.72,0.1139999999999999,671277
SI,Sinker,FB,176,11.81,52,48,5,9.62,4,7.69,95,12,12.63,6.82,26,14.77,21.59,29.41,7.82,15.15,0.292,0.346,0.583,0.929,0.291,671277
CU,Curveball,BR,154,10.34,61,59,9,14.75,1,1.64,94,19,20.21,12.34,17,11.04,23.38,48.19,12.8,16.67,0.203,0.217,0.322,0.539,0.119,671277
FS,Split-Finger,OS,104,6.98,35,34,6,17.14,0,0.0,58,14,24.14,13.46,10,9.62,23.08,42.86,7.58,18.75,0.118,0.118,0.176,0.294,0.0579999999999999,671277
FC,Cutter,FB,103,6.91,29,26,2,6.9,2,6.9,51,4,7.84,3.88,22,21.36,25.24,33.33,4.03,11.76,0.346,0.414,0.615,1.029,0.269,671277
ST,Sweeper,BR,75,5.03,24,24,3,12.5,0,0.0,43,5,11.63,6.67,8,10.67,17.33,37.5,4.98,14.29,0.333,0.333,0.708,1.041,0.3749999999999999,671277
KC,Knuckle Curve,BR,42,2.82,13,12,3,23.08,0,0.0,24,6,25.0,14.29,6,14.29,28.57,50.0,4.03,17.65,0.333,0.308,0.667,0.975,0.334,671277
FO,Forkball,OS,14,0.94,4,3,1,25.0,1,25.0,8,3,37.5,21.43,0,0.0,21.43,45.45,1.18,20.0,0.0,0.25,0.0,0.25,0.0,671277
CS,Slow Curve,BR,4,0.27,0,0,0,,0,,1,1,100.0,25.0,0,0.0,25.0,0.0,0.0,,,,,,,671277
,,,4,0.27,1,0,0,0.0,1,100.0,0,0,,0.0,0,0.0,0.0,,0.0,,,1.0,,,,671277
SV,Slurve,BR,3,0.2,1,1,0,0.0,0,0.0,1,0,0.0,0.0,0,0.0,0.0,33.33,0.24,0.0,0.0,0.0,0.0,0.0,0.0,671277
EP,Eephus,,1,0.07,0,0,0,,0,,0,0,,0.0,1,100.0,100.0,,0.0,,,,,,,671277
FA,Other,,1,0.07,1,1,0,0.0,0,0.0,1,0,0.0,0.0,0,0.0,0.0,100.0,0.0,,1.0,1.0,1.0,2.0,0.0,671277
FF,4-Seam Fastball,FB,49,23.9,11,10,5,45.45,0,0.0,23,5,21.74,10.2,10,20.41,30.61,14.29,22.97,29.41,0.0,0.0,0.0,0.0,0.0,671284
SI,Sinker,FB,41,20.0,13,11,3,23.08,2,15.38,16,1,6.25,2.44,14,34.15,36.59,30.77,16.22,25.0,0.0,0.154,0.0,0.154,0.0,671284
SL,Slider,BR,38,18.54,14,14,7,50.0,0,0.0,23,14,60.87,36.84,4,10.53,47.37,44.44,16.22,58.33,0.286,0.286,0.714,1.0,0.428,671284
ST,Sweeper,BR,25,12.2,7,5,0,0.0,2,28.57,12,4,33.33,16.0,5,20.0,36.0,33.33,16.22,0.0,0.2,0.429,0.8,1.229,0.6000000000000001,671284
FC,Cutter,FB,21,10.24,4,4,1,25.0,0,0.0,10,1,10.0,4.76,2,9.52,14.29,20.0,9.46,14.29,0.25,0.25,0.5,0.75,0.25,671284
CH,Changeup,OS,15,7.32,2,2,0,0.0,0,0.0,4,0,0.0,0.0,3,20.0,20.0,14.29,12.16,0.0,0.0,0.0,0.0,0.0,0.0,671284
SV,Slurve,BR,8,3.9,1,1,1,100.0,0,0.0,7,2,28.57,25.0,0,0.0,25.0,75.0,5.41,25.0,0.0,0.0,0.0,0.0,0.0,671284
CU,Curveball,BR,6,2.93,1,1,0,0.0,0,0.0,1,0,0.0,0.0,2,33.33,33.33,0.0,1.35,0.0,1.0,1.0,1.0,2.0,0.0,671284
CS,Slow Curve,BR,1,0.49,0,0,0,,0,,1,1,100.0,100.0,0,0.0,100.0,,0.0,,,,,,,671284
FS,Split-Finger,OS,1,0.49,0,0,0,,0,,1,0,0.0,0.0,0,0.0,0.0,100.0,0.0,,,,,,,671284
SL,Slider,BR,24,30.0,7,6,2,28.57,1,14.29,7,3,42.86,12.5,5,20.83,33.33,20.0,33.33,28.57,0.167,0.286,0.167,0.4529999999999999,0.0,671286
SI,Sinker,FB,23,28.75,7,7,2,28.57,0,0.0,11,3,27.27,13.04,8,34.78,47.83,50.0,9.52,100.0,0.0,0.0,0.0,0.0,0.0,671286
FF,4-Seam Fastball,FB,19,23.75,2,2,1,50.0,0,0.0,9,4,44.44,21.05,4,21.05,42.11,0.0,33.33,14.29,0.0,0.0,0.0,0.0,0.0,671286
FC,Cutter,FB,5,6.25,3,3,1,33.33,0,0.0,3,1,33.33,20.0,1,20.0,40.0,50.0,4.76,100.0,0.0,0.0,0.0,0.0,0.0,671286
ST,Sweeper,BR,3,3.75,1,1,0,0.0,0,0.0,1,0,0.0,0.0,0,0.0,0.0,0.0,0.0,,0.0,0.0,0.0,0.0,0.0,671286
CH,Changeup,OS,2,2.5,1,1,1,100.0,0,0.0,1,1,100.0,50.0,0,0.0,50.0,50.0,9.52,50.0,0.0,0.0,0.0,0.0,0.0,671286
SV,Slurve,BR,2,2.5,0,0,0,,0,,1,0,0.0,0.0,0,0.0,0.0,50.0,4.76,0.0,,,,,,671286
FS,Split-Finger,OS,1,1.25,0,0,0,,0,,0,0,,0.0,0,0.0,0.0,0.0,4.76,0.0,,,,,,671286
CU,Curveball,BR,1,1.25,1,1,0,0.0,0,0.0,1,0,0.0,0.0,0,0.0,0.0,,0.0,,1.0,1.0,2.0,3.0,1.0,671286
FF,4-Seam Fastball,FB,319,27.01,74,60,6,8.11,9,12.16,150,10,6.67,3.13,59,18.5,21.63,21.28,25.99,6.52,0.367,0.473,0.45,0.923,0.083,671289
SI,Sinker,FB,319,27.01,101,86,4,3.96,9,8.91,150,7,4.67,2.19,64,20.06,22.26,22.66,15.54,7.27,0.302,0.4,0.384,0.784,0.082,671289
SL,Slider,BR,220,18.63,63,58,15,23.81,3,4.76,106,32,30.19,14.55,36,16.36,30.91,37.98,24.01,17.65,0.224,0.27,0.293,0.563,0.0689999999999999,671289
ST,Sweeper,BR,102,8.64,23,21,3,13.04,1,4.35,45,6,13.33,5.88,13,12.75,18.63,25.86,11.86,7.14,0.19,0.217,0.238,0.4549999999999999,0.0479999999999999,671289
FC,Cutter,FB,86,7.28,20,15,1,5.0,5,25.0,31,3,9.68,3.49,15,17.44,20.93,11.63,5.65,5.0,0.2,0.4,0.2,0.6000000000000001,0.0,671289
CH,Changeup,OS,43,3.64,13,12,3,23.08,1,7.69,22,4,18.18,9.3,5,11.63,20.93,37.04,5.65,15.0,0.25,0.308,0.417,0.725,0.1669999999999999,671289
CU,Curveball,BR,42,3.56,8,8,3,37.5,0,0.0,16,4,25.0,9.52,6,14.29,23.81,23.08,4.52,18.75,0.25,0.25,0.25,0.5,0.0,671289
FS,Split-Finger,OS,27,2.29,5,5,2,40.0,0,0.0,12,3,25.0,11.11,1,3.7,14.81,30.0,4.24,13.33,0.2,0.2,0.4,0.6000000000000001,0.2,671289
KC,Knuckle Curve,BR,15,1.27,2,2,0,0.0,0,0.0,6,0,0.0,0.0,2,13.33,13.33,22.22,1.13,0.0,0.0,0.0,0.0,0.0,0.0,671289
SV,Slurve,BR,5,0.42,0,0,0,,0,,1,0,0.0,0.0,1,20.0,20.0,0.0,0.56,0.0,,,,,,671289
FO,Forkball,OS,2,0.17,0,0,0,,0,,2,0,0.0,0.0,0,0.0,0.0,100.0,0.56,0.0,,,,,,671289
PO,Pitch Out,,1,0.08,0,0,0,,0,,0,0,,0.0,0,0.0,0.0,0.0,0.28,0.0,,,,,,671289
FF,4-Seam Fastball,FB,74,39.78,14,11,4,28.57,3,21.43,25,7,28.0,9.46,18,24.32,33.78,12.12,38.89,19.05,0.273,0.429,0.273,0.702,0.0,671655
CH,Changeup,OS,30,16.13,9,9,4,44.44,0,0.0,15,8,53.33,26.67,4,13.33,40.0,47.37,16.67,44.44,0.111,0.111,0.111,0.222,0.0,671655
SL,Slider,BR,25,13.44,7,5,1,14.29,2,28.57,12,2,16.67,8.0,2,8.0,16.0,16.67,16.67,11.11,0.2,0.429,0.4,0.829,0.2,671655
FC,Cutter,FB,14,7.53,3,3,0,0.0,0,0.0,7,0,0.0,0.0,1,7.14,7.14,16.67,1.85,0.0,0.333,0.333,0.333,0.666,0.0,671655
CU,Curveball,BR,12,6.45,2,2,1,50.0,0,0.0,4,2,50.0,16.67,0,0.0,16.67,22.22,5.56,33.33,0.5,0.5,1.0,1.5,0.5,671655
KC,Knuckle Curve,BR,10,5.38,4,4,3,75.0,0,0.0,7,4,57.14,40.0,1,10.0,50.0,50.0,9.26,60.0,0.25,0.25,1.0,1.25,0.75,671655
FS,Split-Finger,OS,8,4.3,0,0,0,,0,,0,0,,0.0,2,25.0,25.0,0.0,3.7,0.0,,,,,,671655
ST,Sweeper,BR,8,4.3,3,2,0,0.0,1,33.33,3,0,0.0,0.0,2,25.0,25.0,0.0,1.85,0.0,0.5,0.667,2.0,2.667,1.5,671655
SI,Sinker,FB,5,2.69,1,0,0,0.0,1,100.0,2,0,0.0,0.0,0,0.0,0.0,0.0,5.56,0.0,,1.0,,,,671655
FF,4-Seam Fastball,FB,715,35.36,178,155,45,25.28,22,12.36,382,101,26.44,14.13,86,12.03,26.15,25.0,36.9,20.74,0.252,0.345,0.419,0.764,0.1669999999999999,671732
CH,Changeup,OS,378,18.69,109,99,28,25.69,9,8.26,189,73,38.62,19.31,34,8.99,28.31,27.78,19.05,25.0,0.202,0.269,0.333,0.6020000000000001,0.131,671732
SI,Sinker,FB,194,9.59,60,55,15,25.0,5,8.33,81,19,23.46,9.79,37,19.07,28.87,20.88,7.14,35.71,0.382,0.433,0.673,1.106,0.291,671732
SL,Slider,BR,179,8.85,41,33,9,21.95,8,19.51,86,29,33.72,16.2,24,13.41,29.61,31.96,10.88,14.06,0.242,0.39,0.606,0.996,0.364,671732
FS,Split-Finger,OS,148,7.32,31,29,10,32.26,2,6.45,69,33,47.83,22.3,10,6.76,29.05,28.72,7.82,21.74,0.276,0.323,0.31,0.633,0.0339999999999999,671732
CU,Curveball,BR,131,6.48,18,15,6,33.33,3,16.67,38,16,42.11,12.21,29,22.14,34.35,21.52,6.46,15.79,0.333,0.444,0.4,0.8440000000000001,0.067,671732
FC,Cutter,FB,124,6.13,37,34,2,5.41,2,5.41,64,12,18.75,9.68,15,12.1,21.77,31.67,3.74,9.09,0.176,0.222,0.353,0.575,0.177,671732
ST,Sweeper,BR,74,3.66,12,10,5,41.67,2,16.67,21,11,52.38,14.86,17,22.97,37.84,22.73,2.89,29.41,0.0,0.167,0.0,0.167,0.0,671732
KC,Knuckle Curve,BR,54,2.67,16,15,7,43.75,0,0.0,22,9,40.91,16.67,11,20.37,37.04,28.57,4.08,29.17,0.133,0.133,0.4,0.533,0.267,671732
FA,Other,,12,0.59,2,2,0,0.0,0,0.0,5,1,20.0,8.33,1,8.33,16.67,0.0,0.17,0.0,1.0,1.0,1.0,2.0,0.0,671732
EP,Eephus,,4,0.2,2,2,0,0.0,0,0.0,3,0,0.0,0.0,0,0.0,0.0,50.0,0.0,,0.0,0.0,0.0,0.0,0.0,671732
SV,Slurve,BR,4,0.2,0,0,0,,0,,0,0,,0.0,2,50.0,50.0,0.0,0.17,0.0,,,,,,671732
,,,3,0.15,2,2,2,100.0,0,0.0,0,0,,0.0,0,0.0,0.0,,0.51,66.67,0.0,0.0,0.0,0.0,0.0,671732
KN,Knuckleball,,2,0.1,1,1,1,100.0,0,0.0,1,1,100.0,50.0,1,50.0,100.0,,0.17,100.0,0.0,0.0,0.0,0.0,0.0,671732
FF,4-Seam Fastball,FB,487,30.74,130,123,22,16.92,5,3.85,293,47,16.04,9.65,68,13.96,23.61,36.92,30.77,15.28,0.26,0.285,0.463,0.748,0.203,671739
SI,Sinker,FB,235,14.84,69,68,7,10.14,1,1.45,139,23,16.55,9.79,45,19.15,28.94,41.49,10.47,14.29,0.235,0.246,0.294,0.54,0.059,671739
CH,Changeup,OS,234,14.77,72,72,10,13.89,0,0.0,133,32,24.06,13.68,15,6.41,20.09,49.08,14.32,14.93,0.236,0.236,0.375,0.611,0.139,671739
SL,Slider,BR,150,9.47,45,43,13,28.89,1,2.22,91,31,34.07,20.67,25,16.67,37.33,50.75,11.11,25.0,0.186,0.205,0.442,0.647,0.256,671739
FC,Cutter,FB,132,8.33,33,32,4,12.12,1,3.03,79,13,16.46,9.85,18,13.64,23.48,44.62,6.41,13.33,0.406,0.424,0.75,1.174,0.344,671739
CU,Curveball,BR,130,8.21,40,36,11,27.5,0,0.0,68,22,32.35,16.92,16,12.31,29.23,43.04,9.62,24.44,0.361,0.359,0.556,0.915,0.195,671739
FS,Split-Finger,OS,107,6.76,33,32,11,33.33,1,3.03,60,23,38.33,21.5,2,1.87,23.36,41.56,9.62,24.44,0.156,0.182,0.25,0.432,0.094,671739
ST,Sweeper,BR,65,4.1,21,21,6,28.57,0,0.0,33,9,27.27,13.85,15,23.08,36.92,45.95,3.85,33.33,0.19,0.19,0.333,0.523,0.143,671739
KC,Knuckle Curve,BR,24,1.52,10,10,4,40.0,0,0.0,17,8,47.06,33.33,2,8.33,41.67,66.67,2.78,30.77,0.2,0.2,0.2,0.4,0.0,671739
FA,Other,,5,0.32,1,1,0,0.0,0,0.0,1,0,0.0,0.0,1,20.0,20.0,0.0,0.0,,0.0,0.0,0.0,0.0,0.0,671739
FO,Forkball,OS,5,0.32,2,2,1,50.0,0,0.0,3,2,66.67,40.0,0,0.0,40.0,50.0,0.64,33.33,0.5,0.5,0.5,1.0,0.0,671739
SV,Slurve,BR,5,0.32,1,0,0,0.0,1,100.0,1,0,0.0,0.0,1,20.0,20.0,0.0,0.43,0.0,,1.0,,,,671739
,,,4,0.25,1,0,0,0.0,1,100.0,0,0,,0.0,0,0.0,0.0,,0.0,,,1.0,,,,671739
PO,Pitch Out,,1,0.06,0,0,0,,0,,0,0,,0.0,0,0.0,0.0,0.0,0.0,,,,,,,671739
FF,4-Seam Fastball,FB,11,28.21,3,3,2,66.67,0,0.0,7,4,57.14,36.36,1,9.09,45.45,50.0,31.25,40.0,0.0,0.0,0.0,0.0,0.0,671976
SI,Sinker,FB,8,20.51,4,4,2,50.0,0,0.0,3,0,0.0,0.0,4,50.0,50.0,0.0,31.25,40.0,0.0,0.0,0.0,0.0,0.0,671976
CH,Changeup,OS,6,15.38,1,1,0,0.0,0,0.0,4,1,25.0,16.67,0,0.0,16.67,50.0,6.25,0.0,0.0,0.0,0.0,0.0,0.0,671976
ST,Sweeper,BR,4,10.26,1,1,0,0.0,0,0.0,3,1,33.33,25.0,0,0.0,25.0,50.0,18.75,0.0,0.0,0.0,0.0,0.0,0.0,671976
FC,Cutter,FB,4,10.26,0,0,0,,0,,1,0,0.0,0.0,1,25.0,25.0,0.0,6.25,0.0,,,,,,671976
CU,Curveball,BR,3,7.69,0,0,0,,0,,1,0,0.0,0.0,1,33.33,33.33,0.0,0.0,,,,,,,671976
SL,Slider,BR,3,7.69,1,1,1,100.0,0,0.0,1,1,100.0,33.33,2,66.67,100.0,50.0,6.25,100.0,0.0,0.0,0.0,0.0,0.0,671976
FF,4-Seam Fastball,FB,17,31.48,3,1,1,33.33,2,66.67,4,2,50.0,11.76,4,23.53,35.29,12.5,46.67,14.29,0.0,0.667,0.0,0.667,0.0,672012
SL,Slider,BR,10,18.52,3,2,0,0.0,1,33.33,4,1,25.0,10.0,0,0.0,10.0,33.33,13.33,0.0,0.0,0.333,0.0,0.333,0.0,672012
SI,Sinker,FB,9,16.67,3,2,0,0.0,1,33.33,6,3,50.0,33.33,0,0.0,33.33,0.0,0.0,,1.0,1.0,1.5,2.5,0.5,672012
FC,Cutter,FB,6,11.11,1,0,0,0.0,1,100.0,3,1,33.33,16.67,1,16.67,33.33,33.33,6.67,0.0,,1.0,,,,672012
ST,Sweeper,BR,5,9.26,0,0,0,,0,,0,0,,0.0,1,20.0,20.0,0.0,6.67,0.0,,,,,,672012
CU,Curveball,BR,4,7.41,2,2,0,0.0,0,0.0,2,0,0.0,0.0,0,0.0,0.0,0.0,13.33,0.0,0.0,0.0,0.0,0.0,0.0,672012
SV,Slurve,BR,2,3.7,0,0,0,,0,,1,0,0.0,0.0,0,0.0,0.0,50.0,13.33,0.0,,,,,,672012
FS,Split-Finger,OS,1,1.85,1,1,0,0.0,0,0.0,1,0,0.0,0.0,0,0.0,0.0,,0.0,,0.0,0.0,0.0,0.0,0.0,672012
FF,4-Seam Fastball,FB,160,32.59,40,35,12,30.0,2,5.0,80,22,27.5,13.75,27,16.88,30.63,28.77,26.79,26.67,0.257,0.333,0.486,0.819,0.2289999999999999,672016
SI,Sinker,FB,108,22.0,28,26,9,32.14,1,3.57,51,13,25.49,12.04,30,27.78,39.81,40.82,13.1,40.91,0.269,0.321,0.385,0.706,0.1159999999999999,672016
SL,Slider,BR,72,14.66,16,16,4,25.0,0,0.0,34,13,38.24,18.06,12,16.67,34.72,28.95,15.48,15.38,0.312,0.312,0.375,0.687,0.063,672016
ST,Sweeper,BR,37,7.54,8,8,3,37.5,0,0.0,18,4,22.22,10.81,2,5.41,16.22,30.43,14.88,12.0,0.25,0.25,0.375,0.625,0.125,672016
CH,Changeup,OS,33,6.72,7,7,6,85.71,0,0.0,14,11,78.57,33.33,3,9.09,42.42,36.0,10.71,33.33,0.143,0.143,0.143,0.286,0.0,672016
CU,Curveball,BR,21,4.28,8,8,5,62.5,0,0.0,8,3,37.5,14.29,6,28.57,42.86,33.33,5.36,55.56,0.0,0.0,0.0,0.0,0.0,672016
FS,Split-Finger,OS,19,3.87,7,7,4,57.14,0,0.0,6,1,16.67,5.26,4,21.05,26.32,14.29,5.95,40.0,0.286,0.286,0.429,0.715,0.143,672016
FC,Cutter,FB,15,3.05,4,3,2,50.0,1,25.0,8,2,25.0,13.33,3,20.0,33.33,33.33,2.38,50.0,0.0,0.25,0.0,0.25,0.0,672016
KC,Knuckle Curve,BR,14,2.85,5,5,2,40.0,0,0.0,6,1,16.67,7.14,5,35.71,42.86,25.0,3.57,33.33,0.2,0.2,0.2,0.4,0.0,672016
FA,Other,,5,1.02,1,1,0,0.0,0,0.0,2,0,0.0,0.0,1,20.0,20.0,0.0,0.6,0.0,1.0,1.0,1.0,2.0,0.0,672016
EP,Eephus,,3,0.61,1,1,1,100.0,0,0.0,2,2,100.0,66.67,0,0.0,66.67,50.0,0.6,100.0,0.0,0.0,0.0,0.0,0.0,672016
CS,Slow Curve,BR,2,0.41,1,1,0,0.0,0,0.0,1,0,0.0,0.0,0,0.0,0.0,0.0,0.0,,1.0,1.0,1.0,2.0,0.0,672016
SV,Slurve,BR,2,0.41,2,2,1,50.0,0,0.0,2,1,50.0,50.0,0,0.0,50.0,100.0,0.6,100.0,0.0,0.0,0.0,0.0,0.0,672016
FF,4-Seam Fastball,FB,507,39.18,115,95,30,26.09,13,11.3,228,42,18.42,8.28,93,18.34,26.63,19.82,36.92,20.14,0.242,0.333,0.368,0.7010000000000001,0.126,672275
CH,Changeup,OS,168,12.98,41,38,12,29.27,1,2.44,77,29,37.66,17.26,16,9.52,26.79,25.49,13.33,23.08,0.132,0.15,0.211,0.361,0.0789999999999999,672275
SL,Slider,BR,125,9.66,35,35,16,45.71,0,0.0,71,31,43.66,24.8,21,16.8,41.6,43.1,9.49,43.24,0.257,0.257,0.314,0.571,0.0569999999999999,672275
CU,Curveball,BR,120,9.27,33,31,10,30.3,0,0.0,53,14,26.42,11.67,28,23.33,35.0,27.78,10.0,25.64,0.161,0.188,0.258,0.446,0.097,672275
FS,Split-Finger,OS,100,7.73,24,23,8,33.33,1,4.17,56,19,33.93,19.0,4,4.0,23.0,42.86,11.79,17.39,0.174,0.208,0.217,0.425,0.043,672275
SI,Sinker,FB,90,6.96,27,23,7,25.93,4,14.81,34,6,17.65,6.67,22,24.44,31.11,13.16,6.15,29.17,0.261,0.37,0.348,0.718,0.0869999999999999,672275
FC,Cutter,FB,85,6.57,22,21,4,18.18,1,4.55,50,11,22.0,12.94,13,15.29,28.24,26.67,3.85,26.67,0.381,0.409,0.571,0.98,0.1899999999999999,672275
ST,Sweeper,BR,64,4.95,19,17,5,26.32,1,5.26,30,9,30.0,14.06,11,17.19,31.25,14.81,4.36,29.41,0.235,0.316,0.294,0.61,0.059,672275
KC,Knuckle Curve,BR,27,2.09,13,10,4,30.77,2,15.38,19,5,26.32,18.52,1,3.7,22.22,56.25,3.59,28.57,0.3,0.385,0.6,0.985,0.3,672275
FO,Forkball,OS,3,0.23,1,1,1,100.0,0,0.0,2,2,100.0,66.67,0,0.0,66.67,66.67,0.26,100.0,0.0,0.0,0.0,0.0,0.0,672275
FA,Other,,2,0.15,2,2,0,0.0,0,0.0,2,0,0.0,0.0,0,0.0,0.0,,0.0,,0.0,0.0,0.0,0.0,0.0,672275
,,,2,0.15,0,0,0,,0,,0,0,,0.0,0,0.0,0.0,,0.26,0.0,,,,,,672275
SV,Slurve,BR,1,0.08,0,0,0,,0,,1,0,0.0,0.0,0,0.0,0.0,,0.0,,,,,,,672275
FF,4-Seam Fastball,FB,23,37.1,5,3,2,40.0,2,40.0,10,4,40.0,17.39,2,8.7,26.09,35.71,35.0,28.57,0.333,0.6,0.333,0.933,0.0,672279
FS,Split-Finger,OS,10,16.13,3,3,1,33.33,0,0.0,7,2,28.57,20.0,3,30.0,50.0,100.0,15.0,33.33,0.333,0.333,0.333,0.666,0.0,672279
CH,Changeup,OS,6,9.68,1,1,0,0.0,0,0.0,2,1,50.0,16.67,0,0.0,16.67,25.0,10.0,0.0,0.0,0.0,0.0,0.0,0.0,672279
CU,Curveball,BR,5,8.06,1,1,0,0.0,0,0.0,2,0,0.0,0.0,1,20.0,20.0,0.0,15.0,0.0,0.0,0.0,0.0,0.0,0.0,672279
ST,Sweeper,BR,5,8.06,1,1,1,100.0,0,0.0,2,1,50.0,20.0,0,0.0,20.0,50.0,15.0,33.33,0.0,0.0,0.0,0.0,0.0,672279
SL,Slider,BR,5,8.06,3,3,1,33.33,0,0.0,2,0,0.0,0.0,2,40.0,40.0,50.0,5.0,100.0,0.333,0.333,0.333,0.666,0.0,672279
SI,Sinker,FB,4,6.45,1,1,1,100.0,0,0.0,1,1,100.0,25.0,2,50.0,75.0,50.0,5.0,100.0,0.0,0.0,0.0,0.0,0.0,672279
FC,Cutter,FB,3,4.84,1,1,0,0.0,0,0.0,3,0,0.0,0.0,0,0.0,0.0,,0.0,,1.0,1.0,1.0,2.0,0.0,672279
KC,Knuckle Curve,BR,1,1.61,0,0,0,,0,,0,0,,0.0,0,0.0,0.0,0.0,0.0,,,,,,,672279
FF,4-Seam Fastball,FB,96,41.56,29,26,9,31.03,3,10.34,60,28,46.67,29.17,13,13.54,42.71,39.47,36.59,30.0,0.115,0.207,0.192,0.399,0.077,672284
FS,Split-Finger,OS,28,12.12,4,4,1,25.0,0,0.0,14,3,21.43,10.71,0,0.0,10.71,17.65,18.29,6.67,0.25,0.25,0.25,0.5,0.0,672284
ST,Sweeper,BR,25,10.82,3,2,2,66.67,1,33.33,8,4,50.0,16.0,6,24.0,40.0,28.57,12.2,20.0,0.0,0.333,0.0,0.333,0.0,672284
CH,Changeup,OS,24,10.39,8,8,3,37.5,0,0.0,12,6,50.0,25.0,2,8.33,33.33,31.25,6.1,60.0,0.25,0.25,0.625,0.875,0.375,672284
SL,Slider,BR,19,8.23,5,5,3,60.0,0,0.0,10,5,50.0,26.32,3,15.79,42.11,33.33,12.2,30.0,0.4,0.4,1.0,1.4,0.6,672284
CU,Curveball,BR,15,6.49,3,2,1,33.33,1,33.33,2,1,50.0,6.67,4,26.67,33.33,0.0,3.66,33.33,0.0,0.333,0.0,0.333,0.0,672284
FC,Cutter,FB,13,5.63,4,4,0,0.0,0,0.0,7,0,0.0,0.0,3,23.08,23.08,25.0,3.66,0.0,0.5,0.5,0.5,1.0,0.0,672284
SI,Sinker,FB,8,3.46,3,3,0,0.0,0,0.0,6,1,16.67,12.5,0,0.0,12.5,0.0,4.88,0.0,0.0,0.0,0.0,0.0,0.0,672284
KC,Knuckle Curve,BR,3,1.3,0,0,0,,0,,0,0,,0.0,1,33.33,33.33,0.0,2.44,0.0,,,,,,672284
FF,4-Seam Fastball,FB,312,24.98,95,86,45,47.37,6,6.32,180,68,37.78,21.79,39,12.5,34.29,41.1,31.96,34.09,0.174,0.242,0.337,0.579,0.163,672356
SI,Sinker,FB,268,21.46,78,65,11,14.1,9,11.54,150,40,26.67,14.93,38,14.18,29.1,48.28,12.11,22.0,0.262,0.372,0.277,0.649,0.015,672356
SL,Slider,BR,242,19.38,50,47,11,22.0,1,2.0,114,42,36.84,17.36,27,11.16,28.51,23.39,16.46,16.18,0.213,0.22,0.277,0.497,0.064,672356
ST,Sweeper,BR,163,13.05,47,45,19,40.43,0,0.0,92,44,47.83,26.99,11,6.75,33.74,35.87,16.22,28.36,0.178,0.213,0.311,0.524,0.133,672356
FC,Cutter,FB,91,7.29,24,20,5,20.83,3,12.5,57,23,40.35,25.27,7,7.69,32.97,35.0,5.57,21.74,0.5,0.565,0.7,1.265,0.1999999999999999,672356
CU,Curveball,BR,52,4.16,12,12,3,25.0,0,0.0,29,13,44.83,25.0,4,7.69,32.69,37.04,3.39,21.43,0.333,0.333,0.917,1.25,0.5840000000000001,672356
CH,Changeup,OS,51,4.08,12,12,6,50.0,0,0.0,33,15,45.45,29.41,3,5.88,35.29,51.61,4.6,31.58,0.167,0.167,0.25,0.417,0.0829999999999999,672356
FS,Split-Finger,OS,42,3.36,10,10,8,80.0,0,0.0,28,17,60.71,40.48,2,4.76,45.24,56.0,5.81,33.33,0.1,0.1,0.1,0.2,0.0,672356
KC,Knuckle Curve,BR,23,1.84,7,6,2,28.57,1,14.29,13,5,38.46,21.74,1,4.35,26.09,35.71,3.39,14.29,0.167,0.286,0.167,0.4529999999999999,0.0,672356
SV,Slurve,BR,5,0.4,1,1,1,100.0,0,0.0,3,1,33.33,20.0,0,0.0,20.0,0.0,0.48,50.0,0.0,0.0,0.0,0.0,0.0,672356
FF,4-Seam Fastball,FB,28,45.16,9,7,1,11.11,2,22.22,15,1,6.67,3.57,6,21.43,25.0,30.0,35.29,16.67,0.0,0.222,0.0,0.222,0.0,672359
CH,Changeup,OS,12,19.35,5,5,1,20.0,0,0.0,7,2,28.57,16.67,0,0.0,16.67,37.5,41.18,14.29,0.2,0.2,0.2,0.4,0.0,672359
SL,Slider,BR,11,17.74,0,0,0,,0,,2,1,50.0,9.09,4,36.36,45.45,14.29,5.88,0.0,,,,,,672359
KC,Knuckle Curve,BR,6,9.68,0,0,0,,0,,1,0,0.0,0.0,3,50.0,50.0,0.0,11.76,0.0,,,,,,672359
ST,Sweeper,BR,3,4.84,0,0,0,,0,,1,0,0.0,0.0,0,0.0,0.0,0.0,0.0,,,,,,,672359
FS,Split-Finger,OS,2,3.23,2,2,0,0.0,0,0.0,2,0,0.0,0.0,0,0.0,0.0,100.0,5.88,0.0,0.0,0.0,0.0,0.0,0.0,672359
FF,4-Seam Fastball,FB,396,27.89,91,77,19,20.88,13,14.29,177,42,23.73,10.61,73,18.43,29.04,25.13,30.88,15.08,0.338,0.429,0.506,0.935,0.1679999999999999,672386
SI,Sinker,FB,325,22.89,87,77,4,4.6,9,10.34,159,13,8.18,4.0,71,21.85,25.85,30.88,15.69,6.25,0.273,0.345,0.442,0.7869999999999999,0.1689999999999999,672386
SL,Slider,BR,289,20.35,72,66,7,9.72,6,8.33,129,28,21.71,9.69,34,11.76,21.45,24.71,20.1,8.54,0.197,0.264,0.318,0.5820000000000001,0.121,672386
ST,Sweeper,BR,145,10.21,40,39,4,10.0,0,0.0,80,18,22.5,12.41,9,6.21,18.62,33.73,12.01,8.16,0.282,0.275,0.308,0.583,0.026,672386
FC,Cutter,FB,93,6.55,17,16,1,5.88,1,5.88,42,11,26.19,11.83,20,21.51,33.33,21.95,4.41,5.56,0.312,0.353,0.312,0.665,0.0,672386
CH,Changeup,OS,52,3.66,20,20,2,10.0,0,0.0,32,2,6.25,3.85,4,7.69,11.54,33.33,6.86,7.14,0.45,0.45,0.85,1.3,0.3999999999999999,672386
CU,Curveball,BR,48,3.38,14,13,1,7.14,0,0.0,23,1,4.35,2.08,8,16.67,18.75,37.04,3.68,6.67,0.231,0.214,0.308,0.522,0.0769999999999999,672386
FS,Split-Finger,OS,30,2.11,9,6,2,22.22,2,22.22,14,6,42.86,20.0,2,6.67,26.67,39.13,3.92,12.5,0.333,0.556,0.333,0.889,0.0,672386
KC,Knuckle Curve,BR,25,1.76,7,6,0,0.0,1,14.29,14,3,21.43,12.0,3,12.0,24.0,33.33,1.72,0.0,0.333,0.429,0.5,0.929,0.1669999999999999,672386
EP,Eephus,,7,0.49,2,2,0,0.0,0,0.0,2,0,0.0,0.0,2,28.57,28.57,25.0,0.49,0.0,0.0,0.0,0.0,0.0,0.0,672386
SV,Slurve,BR,5,0.35,2,2,0,0.0,0,0.0,2,0,0.0,0.0,3,60.0,60.0,100.0,0.25,0.0,0.0,0.0,0.0,0.0,0.0,672386
FA,Other,,3,0.21,0,0,0,,0,,0,0,,0.0,1,33.33,33.33,0.0,0.0,,,,,,,672386
CS,Slow Curve,BR,1,0.07,0,0,0,,0,,0,0,,0.0,0,0.0,0.0,0.0,0.0,,,,,,,672386
,,,1,0.07,1,0,0,0.0,1,100.0,0,0,,0.0,0,0.0,0.0,,0.0,,,1.0,,,,672386
FF,4-Seam Fastball,FB,320,32.1,67,61,16,23.88,6,8.96,154,32,20.78,10.0,58,18.12,28.12,23.44,33.33,15.24,0.279,0.343,0.443,0.786,0.1639999999999999,672515
SI,Sinker,FB,205,20.56,53,45,5,9.43,7,13.21,77,4,5.19,1.95,49,23.9,25.85,16.84,11.11,14.29,0.378,0.472,0.4,0.872,0.022,672515
SL,Slider,BR,145,14.54,28,26,6,21.43,2,7.14,56,16,28.57,11.03,31,21.38,32.41,22.5,14.29,13.33,0.077,0.143,0.192,0.3349999999999999,0.115,672515
ST,Sweeper,BR,99,9.93,22,22,4,18.18,0,0.0,41,8,19.51,8.08,19,19.19,27.27,29.82,10.16,12.5,0.318,0.318,0.636,0.954,0.318,672515
FC,Cutter,FB,68,6.82,14,12,1,7.14,2,14.29,28,2,7.14,2.94,18,26.47,29.41,16.67,3.81,8.33,0.333,0.429,0.667,1.096,0.334,672515
CU,Curveball,BR,52,5.22,15,13,3,20.0,1,6.67,21,3,14.29,5.77,10,19.23,25.0,24.14,7.3,13.04,0.538,0.533,0.769,1.302,0.2309999999999999,672515
CH,Changeup,OS,42,4.21,10,10,1,10.0,0,0.0,24,4,16.67,9.52,3,7.14,16.67,39.13,7.94,4.0,0.3,0.3,0.4,0.7,0.1,672515
FS,Split-Finger,OS,31,3.11,12,12,3,25.0,0,0.0,17,4,23.53,12.9,3,9.68,22.58,42.11,6.67,14.29,0.167,0.167,0.5,0.667,0.3329999999999999,672515
KC,Knuckle Curve,BR,17,1.71,8,7,3,37.5,1,12.5,10,4,40.0,23.53,0,0.0,23.53,46.15,3.49,27.27,0.143,0.25,0.143,0.393,0.0,672515
FO,Forkball,OS,6,0.6,1,1,0,0.0,0,0.0,4,1,25.0,16.67,1,16.67,33.33,75.0,0.63,0.0,0.0,0.0,0.0,0.0,0.0,672515
SV,Slurve,BR,6,0.6,0,0,0,,0,,3,0,0.0,0.0,1,16.67,16.67,0.0,1.27,0.0,,,,,,672515
,,,6,0.6,2,0,0,0.0,2,100.0,0,0,,0.0,0,0.0,0.0,,0.0,,,1.0,,,,672515
FF,4-Seam Fastball,FB,65,32.99,15,11,2,13.33,2,13.33,32,6,18.75,9.23,9,13.85,23.08,35.29,29.09,12.5,0.545,0.667,1.091,1.758,0.5459999999999999,672569
CH,Changeup,OS,31,15.74,3,3,0,0.0,0,0.0,9,2,22.22,6.45,2,6.45,12.9,9.09,14.55,0.0,0.0,0.0,0.0,0.0,0.0,672569
SL,Slider,BR,24,12.18,8,7,2,25.0,0,0.0,11,3,27.27,12.5,5,20.83,33.33,25.0,12.73,28.57,0.286,0.375,0.429,0.804,0.143,672569
FS,Split-Finger,OS,24,12.18,8,8,2,25.0,0,0.0,12,6,50.0,25.0,3,12.5,37.5,46.67,12.73,28.57,0.125,0.125,0.125,0.25,0.0,672569
CU,Curveball,BR,17,8.63,6,6,3,50.0,0,0.0,10,4,40.0,23.53,0,0.0,23.53,0.0,16.36,33.33,0.0,0.0,0.0,0.0,0.0,672569
SI,Sinker,FB,17,8.63,4,1,0,0.0,3,75.0,9,3,33.33,17.65,3,17.65,35.29,16.67,7.27,0.0,0.0,0.75,0.0,0.75,0.0,672569
FC,Cutter,FB,11,5.58,1,1,0,0.0,0,0.0,7,1,14.29,9.09,3,27.27,36.36,0.0,1.82,0.0,0.0,0.0,0.0,0.0,0.0,672569
ST,Sweeper,BR,4,2.03,1,1,0,0.0,0,0.0,1,0,0.0,0.0,2,50.0,50.0,0.0,0.0,,0.0,0.0,0.0,0.0,0.0,672569
KC,Knuckle Curve,BR,3,1.52,1,1,0,0.0,0,0.0,1,0,0.0,0.0,0,0.0,0.0,0.0,5.45,0.0,0.0,0.0,0.0,0.0,0.0,672569
EP,Eephus,,1,0.51,1,1,0,0.0,0,0.0,1,0,0.0,0.0,0,0.0,0.0,100.0,0.0,,0.0,0.0,0.0,0.0,0.0,672569
FF,4-Seam Fastball,FB,563,28.52,132,113,30,22.73,16,12.12,216,34,15.74,6.04,161,28.6,34.64,13.64,31.51,18.63,0.283,0.369,0.398,0.767,0.115,672580
SI,Sinker,FB,414,20.97,117,105,10,8.55,12,10.26,154,11,7.14,2.66,112,27.05,29.71,15.61,16.05,12.2,0.324,0.393,0.448,0.841,0.124,672580
SL,Slider,BR,344,17.43,82,78,8,9.76,2,2.44,126,22,17.46,6.4,64,18.6,25.0,18.69,14.09,11.11,0.231,0.244,0.321,0.565,0.09,672580
ST,Sweeper,BR,211,10.69,57,54,5,8.77,2,3.51,88,16,18.18,7.58,28,13.27,20.85,21.67,12.52,7.81,0.296,0.316,0.537,0.853,0.241,672580
FC,Cutter,FB,183,9.27,55,46,2,3.64,8,14.55,85,13,15.29,7.1,31,16.94,24.04,23.26,6.26,6.25,0.217,0.333,0.435,0.768,0.218,672580
CH,Changeup,OS,85,4.31,28,26,3,10.71,0,0.0,43,5,11.63,5.88,12,14.12,20.0,34.09,5.87,10.0,0.192,0.214,0.423,0.637,0.2309999999999999,672580
CU,Curveball,BR,70,3.55,20,20,2,10.0,0,0.0,35,4,11.43,5.71,11,15.71,21.43,33.33,5.68,6.9,0.35,0.35,0.55,0.9,0.2,672580
FS,Split-Finger,OS,53,2.68,14,12,2,14.29,2,14.29,20,3,15.0,5.66,4,7.55,13.21,19.44,3.91,10.0,0.25,0.357,0.417,0.774,0.1669999999999999,672580
KC,Knuckle Curve,BR,38,1.93,21,20,2,9.52,1,4.76,25,3,12.0,7.89,4,10.53,18.42,52.0,3.52,11.11,0.35,0.381,0.6,0.981,0.25,672580
EP,Eephus,,3,0.15,1,1,0,0.0,0,0.0,2,0,0.0,0.0,0,0.0,0.0,0.0,0.0,,0.0,0.0,0.0,0.0,0.0,672580
FA,Other,,3,0.15,1,1,0,0.0,0,0.0,2,0,0.0,0.0,1,33.33,33.33,50.0,0.0,,0.0,0.0,0.0,0.0,0.0,672580
SV,Slurve,BR,3,0.15,1,1,0,0.0,0,0.0,1,0,0.0,0.0,0,0.0,0.0,0.0,0.0,,1.0,1.0,1.0,2.0,0.0,672580
PO,Pitch Out,,2,0.1,0,0,0,,0,,0,0,,0.0,0,0.0,0.0,0.0,0.2,0.0,,,,,,672580
FO,Forkball,OS,1,0.05,0,0,0,,0,,0,0,,0.0,0,0.0,0.0,0.0,0.2,0.0,,,,,,672580
,,,1,0.05,1,0,0,0.0,1,100.0,0,0,,0.0,0,0.0,0.0,,0.2,0.0,,1.0,,,,672580
FF,4-Seam Fastball,FB,352,24.93,88,75,12,13.64,11,12.5,139,13,9.35,3.69,98,27.84,31.53,20.67,21.61,16.0,0.253,0.352,0.547,0.899,0.294,672640
SI,Sinker,FB,308,21.81,95,84,5,5.26,9,9.47,146,9,6.16,2.92,71,23.05,25.97,26.36,13.26,10.87,0.286,0.368,0.321,0.6890000000000001,0.035,672640
SL,Slider,BR,291,20.61,71,69,11,15.49,2,2.82,139,47,33.81,16.15,46,15.81,31.96,33.54,19.6,16.18,0.304,0.324,0.536,0.8600000000000001,0.232,672640
ST,Sweeper,BR,135,9.56,42,40,5,11.9,2,4.76,62,9,14.52,6.67,18,13.33,20.0,31.33,14.41,10.0,0.3,0.333,0.35,0.683,0.0499999999999999,672640
FC,Cutter,FB,98,6.94,26,21,1,3.85,4,15.38,39,2,5.13,2.04,24,24.49,26.53,11.9,3.46,8.33,0.19,0.308,0.19,0.498,0.0,672640
CH,Changeup,OS,83,5.88,34,32,5,14.71,2,5.88,53,10,18.87,12.05,4,4.82,16.87,44.68,12.39,11.63,0.188,0.235,0.25,0.485,0.062,672640
CU,Curveball,BR,57,4.04,16,15,5,31.25,1,6.25,24,10,41.67,17.54,3,5.26,22.81,30.77,6.05,23.81,0.267,0.312,0.267,0.579,0.0,672640
FS,Split-Finger,OS,44,3.12,16,16,6,37.5,0,0.0,25,10,40.0,22.73,4,9.09,31.82,37.04,4.61,37.5,0.25,0.25,0.5,0.75,0.25,672640
KC,Knuckle Curve,BR,28,1.98,10,10,2,20.0,0,0.0,17,6,35.29,21.43,2,7.14,28.57,50.0,4.03,14.29,0.3,0.3,0.3,0.6,0.0,672640
FO,Forkball,OS,4,0.28,0,0,0,,0,,2,1,50.0,25.0,0,0.0,25.0,50.0,0.29,0.0,,,,,,672640
,,,4,0.28,1,0,0,0.0,1,100.0,0,0,,0.0,0,0.0,0.0,,0.0,,,1.0,,,,672640
FA,Other,,3,0.21,2,2,0,0.0,0,0.0,2,0,0.0,0.0,1,33.33,33.33,100.0,0.0,,0.5,0.5,2.0,2.5,1.5,672640
EP,Eephus,,3,0.21,1,1,0,0.0,0,0.0,1,0,0.0,0.0,0,0.0,0.0,33.33,0.0,,1.0,1.0,1.0,2.0,0.0,672640
SV,Slurve,BR,2,0.14,1,1,0,0.0,0,0.0,1,0,0.0,0.0,1,50.0,50.0,,0.29,0.0,0.0,0.0,0.0,0.0,0.0,672640
FC,Cutter,FB,3,27.27,1,1,1,100.0,0,0.0,2,0,0.0,0.0,1,33.33,33.33,,33.33,50.0,0.0,0.0,0.0,0.0,0.0,672642
FF,4-Seam Fastball,FB,3,27.27,0,0,0,,0,,2,0,0.0,0.0,0,0.0,0.0,0.0,33.33,0.0,,,,,,672642
FS,Split-Finger,OS,3,27.27,1,1,0,0.0,0,0.0,1,1,100.0,33.33,0,0.0,33.33,0.0,0.0,,0.0,0.0,0.0,0.0,0.0,672642
CH,Changeup,OS,2,18.18,0,0,0,,0,,0,0,,0.0,0,0.0,0.0,0.0,33.33,0.0,,,,,,672642
FF,4-Seam Fastball,FB,871,40.78,175,140,23,13.14,27,15.43,334,48,14.37,5.51,206,23.65,29.16,10.69,34.14,10.85,0.257,0.366,0.457,0.823,0.2,672695
SL,Slider,BR,238,11.14,62,49,6,9.68,10,16.13,98,13,13.27,5.46,45,18.91,24.37,18.35,11.43,8.45,0.245,0.387,0.469,0.856,0.2239999999999999,672695
SI,Sinker,FB,220,10.3,68,56,11,16.18,11,16.18,76,9,11.84,4.09,68,30.91,35.0,14.29,9.98,17.74,0.304,0.426,0.5,0.926,0.196,672695
CU,Curveball,BR,204,9.55,38,30,2,5.26,3,7.89,57,7,12.28,3.43,50,24.51,27.94,16.38,9.66,3.33,0.233,0.351,0.3,0.651,0.0669999999999999,672695
CH,Changeup,OS,189,8.85,58,51,9,15.52,7,12.07,89,14,15.73,7.41,14,7.41,14.81,36.36,13.69,10.59,0.255,0.345,0.471,0.816,0.2159999999999999,672695
FC,Cutter,FB,156,7.3,39,32,2,5.13,2,5.13,63,7,11.11,4.49,39,25.0,29.49,16.39,3.7,8.7,0.312,0.421,0.5,0.921,0.188,672695
ST,Sweeper,BR,115,5.38,28,24,9,32.14,3,10.71,49,10,20.41,8.7,22,19.13,27.83,23.53,8.05,18.0,0.333,0.407,0.458,0.865,0.125,672695
FS,Split-Finger,OS,90,4.21,23,21,2,8.7,1,4.35,46,5,10.87,5.56,6,6.67,12.22,33.33,6.44,5.0,0.19,0.227,0.333,0.56,0.143,672695
KC,Knuckle Curve,BR,35,1.64,8,5,3,37.5,3,37.5,7,2,28.57,5.71,8,22.86,28.57,13.64,1.93,25.0,0.2,0.5,0.2,0.7,0.0,672695
FO,Forkball,OS,8,0.37,2,2,1,50.0,0,0.0,3,2,66.67,25.0,0,0.0,25.0,20.0,0.48,33.33,0.0,0.0,0.0,0.0,0.0,672695
SV,Slurve,BR,6,0.28,1,1,0,0.0,0,0.0,2,0,0.0,0.0,2,33.33,33.33,0.0,0.48,0.0,1.0,1.0,1.0,2.0,0.0,672695
,,,2,0.09,1,0,0,0.0,1,100.0,0,0,,0.0,0,0.0,0.0,,0.0,,,1.0,,,,672695
EP,Eephus,,1,0.05,1,1,0,0.0,0,0.0,1,0,0.0,0.0,0,0.0,0.0,,0.0,,1.0,1.0,2.0,3.0,1.0,672695
UN,Unknown,,1,0.05,0,0,0,,0,,0,0,,0.0,0,0.0,0.0,0.0,0.0,,,,,,,672695
FF,4-Seam Fastball,FB,192,28.53,40,34,12,30.0,6,15.0,82,25,30.49,13.02,29,15.1,28.12,14.58,28.57,17.65,0.176,0.3,0.265,0.565,0.089,672724
SI,Sinker,FB,164,24.37,55,50,13,23.64,3,5.45,96,27,28.12,16.46,34,20.73,37.2,40.35,19.33,28.26,0.22,0.291,0.3,0.591,0.0799999999999999,672724
SL,Slider,BR,102,15.16,31,31,6,19.35,0,0.0,62,19,30.65,18.63,13,12.75,31.37,40.82,18.07,13.95,0.194,0.194,0.387,0.581,0.193,672724
FC,Cutter,FB,74,11.0,18,16,5,27.78,1,5.56,42,14,33.33,18.92,13,17.57,36.49,35.29,8.82,23.81,0.062,0.118,0.062,0.18,0.0,672724
ST,Sweeper,BR,69,10.25,19,18,9,47.37,0,0.0,40,19,47.5,27.54,4,5.8,33.33,34.29,12.18,31.03,0.167,0.158,0.389,0.547,0.222,672724
CU,Curveball,BR,28,4.16,5,5,2,40.0,0,0.0,14,7,50.0,25.0,2,7.14,32.14,27.78,4.2,20.0,0.2,0.2,0.2,0.4,0.0,672724
CH,Changeup,OS,20,2.97,9,9,2,22.22,0,0.0,14,2,14.29,10.0,0,0.0,10.0,45.45,5.04,16.67,0.222,0.222,0.222,0.444,0.0,672724
FS,Split-Finger,OS,15,2.23,3,2,1,33.33,1,33.33,7,3,42.86,20.0,2,13.33,33.33,12.5,2.1,20.0,0.5,0.667,1.0,1.667,0.5,672724
KC,Knuckle Curve,BR,4,0.59,1,1,1,100.0,0,0.0,2,1,50.0,25.0,0,0.0,25.0,50.0,1.68,25.0,0.0,0.0,0.0,0.0,0.0,672724
CS,Slow Curve,BR,3,0.45,1,1,0,0.0,0,0.0,2,1,50.0,33.33,0,0.0,33.33,0.0,0.0,,0.0,0.0,0.0,0.0,0.0,672724
EP,Eephus,,2,0.3,1,1,0,0.0,0,0.0,1,0,0.0,0.0,0,0.0,0.0,0.0,0.0,,1.0,1.0,1.0,2.0,0.0,672724
FF,4-Seam Fastball,FB,121,24.8,34,28,11,32.35,6,17.65,64,19,29.69,15.7,16,13.22,28.93,23.64,27.86,28.21,0.214,0.353,0.214,0.567,0.0,672744
SL,Slider,BR,105,21.52,31,30,15,48.39,1,3.23,54,27,50.0,25.71,11,10.48,36.19,38.71,26.43,40.54,0.267,0.29,0.433,0.723,0.1659999999999999,672744
SI,Sinker,FB,102,20.9,28,27,5,17.86,1,3.57,60,13,21.67,12.75,13,12.75,25.49,28.57,8.57,41.67,0.259,0.286,0.296,0.582,0.0369999999999999,672744
ST,Sweeper,BR,52,10.66,8,8,4,50.0,0,0.0,23,8,34.78,15.38,11,21.15,36.54,33.33,14.29,20.0,0.25,0.25,0.375,0.625,0.125,672744
FC,Cutter,FB,24,4.92,5,5,0,0.0,0,0.0,15,4,26.67,16.67,2,8.33,25.0,30.0,1.43,0.0,0.6,0.6,1.2,1.7999999999999998,0.6,672744
FS,Split-Finger,OS,23,4.71,7,7,4,57.14,0,0.0,13,6,46.15,26.09,1,4.35,30.43,25.0,7.86,36.36,0.0,0.0,0.0,0.0,0.0,672744
CH,Changeup,OS,21,4.3,3,3,1,33.33,0,0.0,12,5,41.67,23.81,1,4.76,28.57,33.33,5.0,14.29,0.0,0.0,0.0,0.0,0.0,672744
CU,Curveball,BR,15,3.07,3,3,2,66.67,0,0.0,8,5,62.5,33.33,2,13.33,46.67,54.55,4.29,33.33,0.333,0.333,0.667,1.0,0.334,672744
SV,Slurve,BR,8,1.64,1,1,0,0.0,0,0.0,4,1,25.0,12.5,1,12.5,25.0,50.0,1.43,0.0,0.0,0.0,0.0,0.0,0.0,672744
KC,Knuckle Curve,BR,5,1.02,2,2,0,0.0,0,0.0,5,3,60.0,60.0,0,0.0,60.0,100.0,1.43,0.0,0.5,0.5,0.5,1.0,0.0,672744
FO,Forkball,OS,5,1.02,2,2,1,50.0,0,0.0,2,1,50.0,20.0,0,0.0,20.0,0.0,0.71,100.0,0.0,0.0,0.0,0.0,0.0,672744
EP,Eephus,,4,0.82,1,0,0,0.0,1,100.0,2,0,0.0,0.0,0,0.0,0.0,50.0,0.71,0.0,,1.0,,,,672744
FA,Other,,3,0.61,1,1,0,0.0,0,0.0,2,1,50.0,33.33,0,0.0,33.33,0.0,0.0,,0.0,0.0,0.0,0.0,0.0,672744
FF,4-Seam Fastball,FB,397,35.54,92,78,12,13.04,12,13.04,214,47,21.96,11.84,58,14.61,26.45,34.02,35.22,10.17,0.231,0.326,0.346,0.6719999999999999,0.1149999999999999,672761
SL,Slider,BR,134,12.0,35,31,13,37.14,3,8.57,69,25,36.23,18.66,18,13.43,32.09,38.24,14.93,26.0,0.129,0.229,0.387,0.616,0.258,672761
CU,Curveball,BR,127,11.37,26,23,11,42.31,2,7.69,45,20,44.44,15.75,26,20.47,36.22,33.33,12.24,26.83,0.174,0.269,0.217,0.486,0.043,672761
CH,Changeup,OS,124,11.1,33,33,9,27.27,0,0.0,69,20,28.99,16.13,12,9.68,25.81,37.68,11.94,22.5,0.242,0.242,0.364,0.606,0.122,672761
FC,Cutter,FB,106,9.49,26,24,4,15.38,2,7.69,60,10,16.67,9.43,20,18.87,28.3,35.56,7.16,16.67,0.333,0.385,0.5,0.885,0.1669999999999999,672761
SI,Sinker,FB,82,7.34,27,26,6,22.22,1,3.7,36,4,11.11,4.88,25,30.49,35.37,26.47,5.97,30.0,0.308,0.333,0.577,0.91,0.2689999999999999,672761
ST,Sweeper,BR,67,6.0,14,10,3,21.43,3,21.43,24,9,37.5,13.43,11,16.42,29.85,13.51,5.37,16.67,0.1,0.357,0.4,0.757,0.3,672761
FS,Split-Finger,OS,44,3.94,14,13,4,28.57,1,7.14,21,7,33.33,15.91,4,9.09,25.0,40.0,5.07,23.53,0.308,0.357,0.538,0.895,0.23,672761
KC,Knuckle Curve,BR,18,1.61,3,3,1,33.33,0,0.0,5,3,60.0,16.67,5,27.78,44.44,27.27,0.6,50.0,0.0,0.0,0.0,0.0,0.0,672761
SV,Slurve,BR,11,0.98,3,3,1,33.33,0,0.0,4,1,25.0,9.09,2,18.18,27.27,16.67,1.49,20.0,0.333,0.333,0.333,0.666,0.0,672761
EP,Eephus,,7,0.63,2,2,0,0.0,0,0.0,2,0,0.0,0.0,1,14.29,14.29,0.0,0.0,,0.0,0.0,0.0,0.0,0.0,672761
FF,4-Seam Fastball,FB,444,29.4,107,98,28,26.17,7,6.54,228,43,18.86,9.68,86,19.37,29.05,34.34,28.39,20.9,0.224,0.28,0.439,0.7190000000000001,0.215,672820
SL,Slider,BR,284,18.81,68,68,19,27.94,0,0.0,142,46,32.39,16.2,55,19.37,35.56,42.95,18.22,22.09,0.206,0.206,0.338,0.544,0.132,672820
SI,Sinker,FB,281,18.61,82,78,9,10.98,3,3.66,135,16,11.85,5.69,74,26.33,32.03,42.98,10.38,18.37,0.308,0.341,0.462,0.803,0.154,672820
ST,Sweeper,BR,152,10.07,49,47,13,26.53,1,2.04,82,23,28.05,15.13,21,13.82,28.95,40.48,12.71,21.67,0.255,0.271,0.426,0.6970000000000001,0.1709999999999999,672820
FC,Cutter,FB,117,7.75,27,25,4,14.81,1,3.7,60,14,23.33,11.97,19,16.24,28.21,42.47,8.69,9.76,0.4,0.407,0.64,1.047,0.24,672820
CU,Curveball,BR,78,5.17,24,22,7,29.17,1,4.17,32,9,28.12,11.54,15,19.23,30.77,28.89,6.36,23.33,0.273,0.333,0.318,0.651,0.0449999999999999,672820
CH,Changeup,OS,62,4.11,22,22,7,31.82,0,0.0,32,9,28.12,14.52,11,17.74,32.26,38.71,5.93,25.0,0.318,0.318,0.545,0.863,0.227,672820
FS,Split-Finger,OS,53,3.51,12,11,7,58.33,1,8.33,28,12,42.86,22.64,5,9.43,32.08,44.12,5.93,25.0,0.182,0.25,0.182,0.432,0.0,672820
KC,Knuckle Curve,BR,29,1.92,9,9,3,33.33,0,0.0,18,8,44.44,27.59,6,20.69,48.28,66.67,2.75,23.08,0.222,0.222,0.556,0.778,0.3340000000000001,672820
SV,Slurve,BR,7,0.46,3,3,1,33.33,0,0.0,6,2,33.33,28.57,0,0.0,28.57,80.0,0.64,33.33,0.0,0.0,0.0,0.0,0.0,672820
FA,Other,,3,0.2,1,1,0,0.0,0,0.0,1,0,0.0,0.0,1,33.33,33.33,0.0,0.0,,1.0,1.0,2.0,3.0,1.0,672820
FF,4-Seam Fastball,FB,329,22.53,81,72,12,14.81,5,6.17,188,37,19.68,11.25,40,12.16,23.4,44.07,23.57,12.63,0.292,0.342,0.542,0.8840000000000001,0.25,673237
SL,Slider,BR,308,21.1,100,98,17,17.0,2,2.0,189,51,26.98,16.56,16,5.19,21.75,47.18,21.34,19.77,0.235,0.25,0.347,0.597,0.1119999999999999,673237
SI,Sinker,FB,256,17.53,87,84,5,5.75,3,3.45,138,12,8.7,4.69,50,19.53,24.22,42.11,9.68,12.82,0.345,0.368,0.44,0.808,0.095,673237
ST,Sweeper,BR,178,12.19,61,58,16,26.23,1,1.64,118,37,31.36,20.79,12,6.74,27.53,56.31,16.38,24.24,0.155,0.18,0.276,0.456,0.121,673237
FC,Cutter,FB,120,8.22,41,39,3,7.32,2,4.88,71,13,18.31,10.83,14,11.67,22.5,42.37,6.45,11.54,0.231,0.268,0.436,0.704,0.205,673237
CH,Changeup,OS,89,6.1,25,25,5,20.0,0,0.0,51,15,29.41,16.85,4,4.49,21.35,37.04,8.19,15.15,0.28,0.28,0.64,0.92,0.36,673237
CU,Curveball,BR,84,5.75,30,29,6,20.0,0,0.0,43,12,27.91,14.29,8,9.52,23.81,35.71,6.95,21.43,0.276,0.276,0.379,0.655,0.1029999999999999,673237
FS,Split-Finger,OS,69,4.73,19,19,5,26.32,0,0.0,48,12,25.0,17.39,2,2.9,20.29,52.5,6.2,20.0,0.158,0.158,0.316,0.474,0.158,673237
KC,Knuckle Curve,BR,16,1.1,4,4,1,25.0,0,0.0,9,3,33.33,18.75,0,0.0,18.75,33.33,1.24,20.0,0.25,0.25,0.25,0.5,0.0,673237
EP,Eephus,,6,0.41,2,1,0,0.0,1,50.0,1,0,0.0,0.0,1,16.67,16.67,0.0,0.0,,0.0,0.5,0.0,0.5,0.0,673237
SV,Slurve,BR,4,0.27,0,0,0,,0,,1,0,0.0,0.0,0,0.0,0.0,0.0,0.0,,,,,,,673237
FA,Other,,1,0.07,0,0,0,,0,,0,0,,0.0,0,0.0,0.0,0.0,0.0,,,,,,,673237
SI,Sinker,FB,281,24.71,69,59,6,8.7,9,13.04,134,19,14.18,6.76,45,16.01,22.78,26.67,12.09,13.64,0.22,0.324,0.254,0.5780000000000001,0.034,673357
FF,4-Seam Fastball,FB,222,19.53,59,49,19,32.2,7,11.86,121,35,28.93,15.77,28,12.61,28.38,19.15,22.53,21.95,0.204,0.305,0.429,0.734,0.225,673357
SL,Slider,BR,198,17.41,68,65,19,27.94,3,4.41,115,40,34.78,20.2,20,10.1,30.3,42.98,17.86,29.23,0.231,0.265,0.4,0.665,0.169,673357
ST,Sweeper,BR,135,11.87,37,36,12,32.43,1,2.7,77,29,37.66,21.48,9,6.67,28.15,37.5,16.76,19.67,0.194,0.216,0.306,0.522,0.1119999999999999,673357
FC,Cutter,FB,114,10.03,34,32,11,32.35,1,2.94,67,33,49.25,28.95,14,12.28,41.23,42.86,7.14,42.31,0.188,0.212,0.281,0.493,0.093,673357
CH,Changeup,OS,98,8.62,28,27,15,53.57,1,3.57,60,29,48.33,29.59,9,9.18,38.78,46.3,12.09,34.09,0.185,0.214,0.296,0.51,0.1109999999999999,673357
FS,Split-Finger,OS,41,3.61,10,8,4,40.0,2,20.0,21,7,33.33,17.07,1,2.44,19.51,29.63,6.59,16.67,0.25,0.4,0.25,0.65,0.0,673357
CU,Curveball,BR,21,1.85,3,3,1,33.33,0,0.0,10,4,40.0,19.05,0,0.0,19.05,33.33,3.02,9.09,0.0,0.0,0.0,0.0,0.0,673357
KC,Knuckle Curve,BR,19,1.67,8,8,3,37.5,0,0.0,12,5,41.67,26.32,1,5.26,31.58,50.0,1.65,50.0,0.25,0.25,0.25,0.5,0.0,673357
SV,Slurve,BR,5,0.44,1,1,0,0.0,0,0.0,4,1,25.0,20.0,0,0.0,20.0,66.67,0.0,,0.0,0.0,0.0,0.0,0.0,673357
,,,2,0.18,0,0,0,,0,,0,0,,0.0,0,0.0,0.0,,0.0,,,,,,,673357
CS,Slow Curve,BR,1,0.09,1,1,0,0.0,0,0.0,1,0,0.0,0.0,0,0.0,0.0,100.0,0.27,0.0,1.0,1.0,1.0,2.0,0.0,673357
FF,4-Seam Fastball,FB,203,37.45,47,41,12,25.53,5,10.64,73,11,15.07,5.42,53,26.11,31.53,12.5,32.93,22.22,0.171,0.255,0.317,0.5720000000000001,0.146,673490
SI,Sinker,FB,127,23.43,25,21,4,16.0,2,8.0,44,5,11.36,3.94,33,25.98,29.92,12.07,14.63,16.67,0.286,0.4,0.524,0.924,0.238,673490
SL,Slider,BR,87,16.05,22,20,3,13.64,2,9.09,34,6,17.65,6.9,22,25.29,32.18,30.0,19.51,9.38,0.25,0.318,0.25,0.5680000000000001,0.0,673490
ST,Sweeper,BR,42,7.75,12,11,3,25.0,0,0.0,18,3,16.67,7.14,9,21.43,28.57,23.53,11.59,15.79,0.182,0.167,0.182,0.349,0.0,673490
FC,Cutter,FB,26,4.8,6,5,2,33.33,1,16.67,8,2,25.0,7.69,10,38.46,46.15,11.11,3.05,40.0,0.4,0.5,1.0,1.5,0.6,673490
CH,Changeup,OS,20,3.69,7,6,1,14.29,1,14.29,11,1,9.09,5.0,3,15.0,20.0,14.29,6.71,9.09,0.0,0.143,0.0,0.143,0.0,673490
CU,Curveball,BR,15,2.77,3,2,0,0.0,1,33.33,4,0,0.0,0.0,4,26.67,26.67,11.11,3.66,0.0,0.5,0.667,0.5,1.167,0.0,673490
FS,Split-Finger,OS,11,2.03,6,6,3,50.0,0,0.0,8,4,50.0,36.36,1,9.09,45.45,57.14,4.88,37.5,0.167,0.167,0.167,0.334,0.0,673490
KC,Knuckle Curve,BR,8,1.48,2,2,2,100.0,0,0.0,6,4,66.67,50.0,1,12.5,62.5,80.0,3.05,40.0,0.0,0.0,0.0,0.0,0.0,673490
EP,Eephus,,2,0.37,1,1,0,0.0,0,0.0,1,0,0.0,0.0,0,0.0,0.0,50.0,0.0,,0.0,0.0,0.0,0.0,0.0,673490
SV,Slurve,BR,1,0.18,0,0,0,,0,,0,0,,0.0,0,0.0,0.0,,0.0,,,,,,,673490
FF,4-Seam Fastball,FB,521,27.18,120,106,34,28.33,12,10.0,229,53,23.14,10.17,105,20.15,30.33,21.55,29.35,18.48,0.226,0.3,0.481,0.7809999999999999,0.255,673548
SL,Slider,BR,396,20.66,96,87,26,27.08,9,9.38,158,57,36.08,14.39,79,19.95,34.34,25.46,22.17,18.71,0.23,0.302,0.368,0.6699999999999999,0.1379999999999999,673548
SI,Sinker,FB,345,18.0,96,87,13,13.54,8,8.33,151,17,11.26,4.93,91,26.38,31.3,19.84,11.32,18.31,0.299,0.365,0.563,0.928,0.2639999999999999,673548
ST,Sweeper,BR,231,12.05,56,49,20,35.71,5,8.93,81,30,37.04,12.99,56,24.24,37.23,26.36,13.08,24.39,0.245,0.304,0.51,0.8140000000000001,0.265,673548
FC,Cutter,FB,143,7.46,25,22,4,16.0,3,12.0,61,12,19.67,8.39,28,19.58,27.97,19.4,4.78,13.33,0.227,0.32,0.409,0.729,0.1819999999999999,673548
CU,Curveball,BR,107,5.58,25,22,9,36.0,3,12.0,35,10,28.57,9.35,20,18.69,28.04,11.11,6.7,21.43,0.182,0.28,0.318,0.5980000000000001,0.136,673548
CH,Changeup,OS,81,4.23,27,26,10,37.04,1,3.7,47,18,38.3,22.22,9,11.11,33.33,30.56,6.38,25.0,0.192,0.222,0.346,0.568,0.1539999999999999,673548
FS,Split-Finger,OS,40,2.09,14,12,3,21.43,2,14.29,19,4,21.05,10.0,2,5.0,15.0,15.0,3.51,13.64,0.417,0.5,1.0,1.5,0.583,673548
KC,Knuckle Curve,BR,30,1.56,4,4,1,25.0,0,0.0,11,3,27.27,10.0,6,20.0,30.0,21.43,1.59,10.0,0.25,0.25,0.25,0.5,0.0,673548
SV,Slurve,BR,11,0.57,2,2,1,50.0,0,0.0,2,1,50.0,9.09,1,9.09,18.18,0.0,0.48,33.33,0.0,0.0,0.0,0.0,0.0,673548
FA,Other,,6,0.31,2,2,0,0.0,0,0.0,3,0,0.0,0.0,1,16.67,16.67,0.0,0.16,0.0,1.0,1.0,2.0,3.0,1.0,673548
CS,Slow Curve,BR,4,0.21,0,0,0,,0,,0,0,,0.0,0,0.0,0.0,0.0,0.48,0.0,,,,,,673548
FO,Forkball,OS,2,0.1,0,0,0,,0,,0,0,,0.0,0,0.0,0.0,0.0,0.0,,,,,,,673548
FF,4-Seam Fastball,FB,388,28.8,85,77,29,34.12,8,9.41,185,53,28.65,13.66,73,18.81,32.47,19.87,32.04,21.21,0.195,0.271,0.26,0.531,0.065,673962
SI,Sinker,FB,287,21.31,90,84,16,17.78,4,4.44,126,16,12.7,5.57,85,29.62,35.19,39.85,12.62,30.77,0.333,0.378,0.5,0.878,0.1669999999999999,673962
SL,Slider,BR,235,17.45,61,55,12,19.67,6,9.84,117,34,29.06,14.47,19,8.09,22.55,29.79,15.29,19.05,0.291,0.361,0.364,0.725,0.073,673962
ST,Sweeper,BR,170,12.62,45,45,15,33.33,0,0.0,93,31,33.33,18.24,19,11.18,29.41,40.0,14.56,25.0,0.178,0.178,0.222,0.4,0.044,673962
FC,Cutter,FB,75,5.57,22,19,5,22.73,3,13.64,36,11,30.56,14.67,15,20.0,34.67,20.59,2.67,45.45,0.263,0.364,0.632,0.996,0.369,673962
CH,Changeup,OS,67,4.97,22,22,9,40.91,0,0.0,39,14,35.9,20.9,4,5.97,26.87,36.59,9.71,22.5,0.182,0.182,0.409,0.591,0.2269999999999999,673962
CU,Curveball,BR,46,3.41,14,14,3,21.43,0,0.0,25,5,20.0,10.87,4,8.7,19.57,39.29,3.64,20.0,0.357,0.357,0.429,0.786,0.072,673962
FS,Split-Finger,OS,43,3.19,12,12,7,58.33,0,0.0,27,10,37.04,23.26,4,9.3,32.56,53.57,7.04,24.14,0.25,0.25,0.75,1.0,0.5,673962
KC,Knuckle Curve,BR,24,1.78,9,9,2,22.22,0,0.0,17,4,23.53,16.67,1,4.17,20.83,58.33,1.7,28.57,0.111,0.111,0.222,0.333,0.111,673962
FA,Other,,8,0.59,3,3,0,0.0,0,0.0,3,0,0.0,0.0,2,25.0,25.0,20.0,0.49,0.0,0.333,0.333,0.333,0.666,0.0,673962
FO,Forkball,OS,2,0.15,1,1,0,0.0,0,0.0,1,0,0.0,0.0,1,50.0,50.0,100.0,0.24,0.0,0.0,0.0,0.0,0.0,0.0,673962
EP,Eephus,,1,0.07,1,1,0,0.0,0,0.0,1,0,0.0,0.0,0,0.0,0.0,,0.0,,0.0,0.0,0.0,0.0,0.0,673962
CS,Slow Curve,BR,1,0.07,0,0,0,,0,,1,0,0.0,0.0,0,0.0,0.0,,0.0,,,,,,,673962
FF,4-Seam Fastball,FB,15,25.42,4,4,3,75.0,0,0.0,9,3,33.33,20.0,2,13.33,33.33,33.33,31.82,42.86,0.0,0.0,0.0,0.0,0.0,674441
SL,Slider,BR,12,20.34,3,2,1,33.33,0,0.0,4,1,25.0,8.33,2,16.67,25.0,0.0,31.82,14.29,0.0,0.333,0.0,0.333,0.0,674441
SI,Sinker,FB,11,18.64,1,0,0,0.0,1,100.0,3,0,0.0,0.0,2,18.18,18.18,0.0,18.18,0.0,,1.0,,,,674441
FC,Cutter,FB,7,11.86,1,0,0,0.0,0,0.0,2,0,0.0,0.0,2,28.57,28.57,25.0,0.0,,,1.0,,,,674441
CH,Changeup,OS,6,10.17,3,3,2,66.67,0,0.0,3,2,66.67,33.33,0,0.0,33.33,40.0,18.18,50.0,0.0,0.0,0.0,0.0,0.0,674441
CU,Curveball,BR,5,8.47,2,2,0,0.0,0,0.0,2,0,0.0,0.0,3,60.0,60.0,,0.0,,0.5,0.5,0.5,1.0,0.0,674441
ST,Sweeper,BR,3,5.08,0,0,0,,0,,1,1,100.0,33.33,2,66.67,100.0,0.0,0.0,,,,,,,674441
FF,4-Seam Fastball,FB,4,44.44,1,1,1,100.0,0,0.0,3,2,66.67,50.0,0,0.0,50.0,0.0,33.33,100.0,0.0,0.0,0.0,0.0,0.0,675659
FC,Cutter,FB,3,33.33,0,0,0,,0,,2,1,50.0,33.33,0,0.0,33.33,50.0,33.33,0.0,,,,,,675659
CU,Curveball,BR,2,22.22,1,1,1,100.0,0,0.0,1,1,100.0,50.0,1,50.0,100.0,0.0,33.33,100.0,0.0,0.0,0.0,0.0,0.0,675659
FF,4-Seam Fastball,FB,1,100.0,1,0,0,0.0,0,0.0,0,0,,0.0,0,0.0,0.0,0.0,,,,1.0,,,,675915
FF,4-Seam Fastball,FB,70,31.53,17,15,3,17.65,2,11.76,41,11,26.83,15.71,9,12.86,28.57,40.0,27.08,23.08,0.267,0.353,0.667,1.02,0.4,676044
CH,Changeup,OS,39,17.57,9,8,4,44.44,0,0.0,22,11,50.0,28.21,2,5.13,33.33,42.31,16.67,50.0,0.125,0.222,0.125,0.347,0.0,676044
CU,Curveball,BR,37,16.67,12,11,5,41.67,0,0.0,19,8,42.11,21.62,7,18.92,40.54,41.18,16.67,62.5,0.182,0.182,0.182,0.364,0.0,676044
FS,Split-Finger,OS,24,10.81,8,8,2,25.0,0,0.0,13,7,53.85,29.17,3,12.5,41.67,28.57,10.42,40.0,0.25,0.25,0.25,0.5,0.0,676044
SI,Sinker,FB,16,7.21,6,5,0,0.0,1,16.67,9,1,11.11,6.25,3,18.75,25.0,16.67,6.25,0.0,0.4,0.5,0.4,0.9,0.0,676044
ST,Sweeper,BR,14,6.31,6,6,2,33.33,0,0.0,8,1,12.5,7.14,3,21.43,28.57,42.86,10.42,40.0,0.167,0.167,0.167,0.334,0.0,676044
SL,Slider,BR,10,4.5,4,4,4,100.0,0,0.0,5,4,80.0,40.0,2,20.0,60.0,40.0,10.42,80.0,0.0,0.0,0.0,0.0,0.0,676044
FC,Cutter,FB,7,3.15,4,3,1,25.0,1,25.0,5,1,20.0,14.29,0,0.0,14.29,33.33,2.08,100.0,0.0,0.25,0.0,0.25,0.0,676044
KC,Knuckle Curve,BR,3,1.35,0,0,0,,0,,0,0,,0.0,0,0.0,0.0,0.0,0.0,,,,,,,676044
SV,Slurve,BR,2,0.9,0,0,0,,0,,0,0,,0.0,0,0.0,0.0,0.0,0.0,,,,,,,676044
FF,4-Seam Fastball,FB,280,31.46,79,71,21,26.58,6,7.59,153,34,22.22,12.14,55,19.64,31.79,17.35,32.69,24.71,0.183,0.266,0.31,0.5760000000000001,0.127,676059
SI,Sinker,FB,192,21.57,48,43,4,8.33,3,6.25,87,11,12.64,5.73,48,25.0,30.73,36.26,9.23,16.67,0.302,0.375,0.512,0.887,0.21,676059
SL,Slider,BR,121,13.6,33,32,8,24.24,1,3.03,60,25,41.67,20.66,11,9.09,29.75,21.21,16.15,19.05,0.344,0.364,0.688,1.052,0.344,676059
ST,Sweeper,BR,78,8.76,28,28,7,25.0,0,0.0,40,13,32.5,16.67,10,12.82,29.49,28.57,11.15,24.14,0.214,0.214,0.429,0.643,0.215,676059
FC,Cutter,FB,75,8.43,18,15,4,22.22,2,11.11,31,13,41.94,17.33,11,14.67,32.0,14.63,7.31,21.05,0.333,0.444,0.733,1.177,0.3999999999999999,676059
CH,Changeup,OS,62,6.97,18,18,8,44.44,0,0.0,32,15,46.88,24.19,5,8.06,32.26,27.78,10.38,29.63,0.222,0.222,0.444,0.666,0.222,676059
FS,Split-Finger,OS,40,4.49,9,9,2,22.22,0,0.0,21,6,28.57,15.0,1,2.5,17.5,33.33,8.46,9.09,0.444,0.444,0.444,0.888,0.0,676059
CU,Curveball,BR,22,2.47,5,5,3,60.0,0,0.0,8,5,62.5,22.73,5,22.73,45.45,30.77,2.69,42.86,0.4,0.4,0.4,0.8,0.0,676059
SV,Slurve,BR,13,1.46,2,2,0,0.0,0,0.0,4,1,25.0,7.69,3,23.08,30.77,14.29,1.15,0.0,0.5,0.5,0.5,1.0,0.0,676059
KC,Knuckle Curve,BR,3,0.34,1,1,0,0.0,0,0.0,1,0,0.0,0.0,0,0.0,0.0,0.0,0.38,0.0,0.0,0.0,0.0,0.0,0.0,676059
CS,Slow Curve,BR,2,0.22,1,1,0,0.0,0,0.0,2,0,0.0,0.0,0,0.0,0.0,,0.0,,1.0,1.0,2.0,3.0,1.0,676059
EP,Eephus,,1,0.11,1,1,0,0.0,0,0.0,1,0,0.0,0.0,0,0.0,0.0,100.0,0.0,,0.0,0.0,0.0,0.0,0.0,676059
,,,1,0.11,1,1,1,100.0,0,0.0,0,0,,0.0,0,0.0,0.0,,0.38,100.0,0.0,0.0,0.0,0.0,0.0,676059
FF,4-Seam Fastball,FB,60,31.91,16,13,3,18.75,1,6.25,21,2,9.52,3.33,19,31.67,35.0,28.57,27.59,18.75,0.154,0.2,0.154,0.354,0.0,676070
SI,Sinker,FB,32,17.02,12,9,0,0.0,2,16.67,13,0,0.0,0.0,6,18.75,18.75,22.22,15.52,0.0,0.222,0.333,0.222,0.555,0.0,676070
SL,Slider,BR,32,17.02,8,8,3,37.5,0,0.0,11,4,36.36,12.5,12,37.5,50.0,9.09,17.24,30.0,0.125,0.125,0.125,0.25,0.0,676070
ST,Sweeper,BR,30,15.96,9,9,2,22.22,0,0.0,14,2,14.29,6.67,7,23.33,30.0,41.18,22.41,15.38,0.0,0.0,0.0,0.0,0.0,676070
FC,Cutter,FB,15,7.98,2,2,0,0.0,0,0.0,7,3,42.86,20.0,6,40.0,60.0,37.5,5.17,0.0,0.0,0.0,0.0,0.0,0.0,676070
CH,Changeup,OS,8,4.26,2,2,1,50.0,0,0.0,5,3,60.0,37.5,0,0.0,37.5,25.0,8.62,20.0,0.0,0.0,0.0,0.0,0.0,676070
CU,Curveball,BR,3,1.6,0,0,0,,0,,0,0,,0.0,0,0.0,0.0,0.0,1.72,0.0,,,,,,676070
FA,Other,,3,1.6,1,1,0,0.0,0,0.0,1,0,0.0,0.0,0,0.0,0.0,0.0,0.0,,0.0,0.0,0.0,0.0,0.0,676070
EP,Eephus,,2,1.06,1,1,0,0.0,0,0.0,1,0,0.0,0.0,0,0.0,0.0,50.0,0.0,,0.0,0.0,0.0,0.0,0.0,676070
FS,Split-Finger,OS,2,1.06,0,0,0,,0,,0,0,,0.0,0,0.0,0.0,0.0,1.72,0.0,,,,,,676070
KC,Knuckle Curve,BR,1,0.53,0,0,0,,0,,0,0,,0.0,0,0.0,0.0,0.0,0.0,,,,,,,676070
FF,4-Seam Fastball,FB,93,39.24,18,15,10,55.56,3,16.67,37,18,48.65,19.35,13,13.98,33.33,15.22,43.24,31.25,0.0,0.167,0.0,0.167,0.0,676116
SI,Sinker,FB,31,13.08,11,9,4,36.36,1,9.09,11,1,9.09,3.23,8,25.81,29.03,8.33,10.81,50.0,0.222,0.3,0.222,0.522,0.0,676116
SL,Slider,BR,28,11.81,12,9,4,33.33,3,25.0,11,4,36.36,14.29,7,25.0,39.29,0.0,14.86,36.36,0.111,0.333,0.111,0.444,0.0,676116
CU,Curveball,BR,22,9.28,3,2,1,33.33,0,0.0,9,4,44.44,18.18,4,18.18,36.36,10.0,5.41,25.0,0.0,0.0,0.0,0.0,0.0,676116
FC,Cutter,FB,19,8.02,2,2,1,50.0,0,0.0,11,6,54.55,31.58,1,5.26,36.84,25.0,5.41,25.0,0.0,0.0,0.0,0.0,0.0,676116
CH,Changeup,OS,16,6.75,4,3,1,25.0,1,25.0,8,4,50.0,25.0,1,6.25,31.25,46.15,6.76,20.0,0.333,0.5,1.333,1.833,1.0,676116
ST,Sweeper,BR,11,4.64,1,1,0,0.0,0,0.0,2,0,0.0,0.0,4,36.36,36.36,0.0,5.41,0.0,0.0,0.0,0.0,0.0,0.0,676116
SV,Slurve,BR,5,2.11,2,2,0,0.0,0,0.0,3,0,0.0,0.0,1,20.0,20.0,0.0,4.05,0.0,0.5,0.5,0.5,1.0,0.0,676116
KC,Knuckle Curve,BR,5,2.11,1,1,1,100.0,0,0.0,3,3,100.0,60.0,1,20.0,80.0,66.67,1.35,100.0,0.0,0.0,0.0,0.0,0.0,676116
,,,5,2.11,2,0,0,0.0,2,100.0,0,0,,0.0,0,0.0,0.0,,0.0,,,1.0,,,,676116
FS,Split-Finger,OS,2,0.84,0,0,0,,0,,0,0,,0.0,0,0.0,0.0,0.0,2.7,0.0,,,,,,676116
FF,4-Seam Fastball,FB,41,31.54,6,5,1,16.67,1,16.67,20,5,25.0,12.2,9,21.95,34.15,39.13,31.82,7.14,0.4,0.5,0.8,1.3,0.4,676356
SI,Sinker,FB,23,17.69,8,8,1,12.5,0,0.0,14,3,21.43,13.04,5,21.74,34.78,60.0,9.09,25.0,0.5,0.5,0.625,1.125,0.125,676356
SL,Slider,BR,16,12.31,6,6,2,33.33,0,0.0,7,3,42.86,18.75,4,25.0,43.75,37.5,9.09,50.0,0.667,0.667,0.667,1.334,0.0,676356
ST,Sweeper,BR,15,11.54,4,4,1,25.0,0,0.0,7,2,28.57,13.33,5,33.33,46.67,50.0,15.91,14.29,0.25,0.25,0.25,0.5,0.0,676356
FC,Cutter,FB,10,7.69,4,4,0,0.0,0,0.0,8,2,25.0,20.0,0,0.0,20.0,60.0,2.27,0.0,0.25,0.25,0.25,0.5,0.0,676356
FS,Split-Finger,OS,10,7.69,4,4,1,25.0,0,0.0,6,0,0.0,0.0,2,20.0,20.0,50.0,11.36,20.0,0.0,0.0,0.0,0.0,0.0,676356
CH,Changeup,OS,9,6.92,3,2,1,33.33,1,33.33,6,2,33.33,22.22,1,11.11,33.33,60.0,13.64,16.67,0.5,0.667,0.5,1.167,0.0,676356
CU,Curveball,BR,4,3.08,0,0,0,,0,,0,0,,0.0,1,25.0,25.0,0.0,4.55,0.0,,,,,,676356
KC,Knuckle Curve,BR,1,0.77,1,1,1,100.0,0,0.0,1,1,100.0,100.0,0,0.0,100.0,100.0,2.27,100.0,0.0,0.0,0.0,0.0,0.0,676356
SV,Slurve,BR,1,0.77,0,0,0,,0,,0,0,,0.0,0,0.0,0.0,0.0,0.0,,,,,,,676356
FF,4-Seam Fastball,FB,329,25.58,92,84,9,9.78,5,5.43,162,18,11.11,5.47,75,22.8,28.27,33.57,23.57,12.86,0.262,0.315,0.357,0.6719999999999999,0.0949999999999999,676391
SL,Slider,BR,248,19.28,84,79,9,10.71,2,2.38,147,26,17.69,10.48,22,8.87,19.35,34.68,17.85,16.98,0.215,0.235,0.291,0.526,0.0759999999999999,676391
SI,Sinker,FB,217,16.87,71,60,2,2.82,7,9.86,98,4,4.08,1.84,50,23.04,24.88,31.31,10.77,6.25,0.3,0.386,0.333,0.7190000000000001,0.033,676391
ST,Sweeper,BR,162,12.6,48,46,8,16.67,1,2.08,76,20,26.32,12.35,7,4.32,16.67,29.09,15.82,17.02,0.239,0.25,0.239,0.489,0.0,676391
FC,Cutter,FB,118,9.18,40,36,2,5.0,3,7.5,65,9,13.85,7.63,18,15.25,22.88,39.34,4.71,14.29,0.222,0.282,0.25,0.532,0.0279999999999999,676391
CH,Changeup,OS,76,5.91,23,22,5,21.74,1,4.35,47,12,25.53,15.79,3,3.95,19.74,49.02,12.46,13.51,0.182,0.217,0.273,0.49,0.091,676391
CU,Curveball,BR,56,4.35,15,15,1,6.67,0,0.0,29,4,13.79,7.14,7,12.5,19.64,31.03,4.71,7.14,0.267,0.267,0.333,0.6000000000000001,0.066,676391
FS,Split-Finger,OS,37,2.88,12,12,3,25.0,0,0.0,28,6,21.43,16.22,0,0.0,16.22,50.0,6.06,16.67,0.333,0.333,0.5,0.833,0.1669999999999999,676391
KC,Knuckle Curve,BR,20,1.56,7,7,1,14.29,0,0.0,13,3,23.08,15.0,4,20.0,35.0,50.0,2.02,16.67,0.286,0.286,0.429,0.715,0.143,676391
SV,Slurve,BR,10,0.78,3,3,2,66.67,0,0.0,7,4,57.14,40.0,2,20.0,60.0,66.67,1.35,50.0,0.0,0.0,0.0,0.0,0.0,676391
EP,Eephus,,8,0.62,5,5,0,0.0,0,0.0,6,0,0.0,0.0,0,0.0,0.0,60.0,0.0,,0.8,0.8,1.6,2.4000000000000004,0.8,676391
KN,Knuckleball,,3,0.23,1,1,0,0.0,0,0.0,1,0,0.0,0.0,1,33.33,33.33,0.0,0.34,0.0,0.0,0.0,0.0,0.0,0.0,676391
FA,Other,,1,0.08,0,0,0,,0,,0,0,,0.0,1,100.0,100.0,0.0,0.0,,,,,,,676391
CS,Slow Curve,BR,1,0.08,0,0,0,,0,,0,0,,0.0,0,0.0,0.0,0.0,0.34,0.0,,,,,,676391
FF,4-Seam Fastball,FB,133,34.91,34,26,9,26.47,8,23.53,65,12,18.46,9.02,21,15.79,24.81,16.36,39.42,16.67,0.154,0.353,0.231,0.584,0.077,676439
CH,Changeup,OS,55,14.44,11,11,3,27.27,0,0.0,27,15,55.56,27.27,2,3.64,30.91,35.14,16.79,13.04,0.0,0.0,0.0,0.0,0.0,676439
SI,Sinker,FB,48,12.6,17,15,2,11.76,2,11.76,20,2,10.0,4.17,13,27.08,31.25,11.76,5.84,25.0,0.467,0.529,0.6,1.129,0.1329999999999999,676439
CU,Curveball,BR,37,9.71,4,3,0,0.0,1,25.0,7,1,14.29,2.7,10,27.03,29.73,10.0,4.38,0.0,0.333,0.5,0.333,0.833,0.0,676439
ST,Sweeper,BR,35,9.19,7,3,0,0.0,3,42.86,13,2,15.38,5.71,6,17.14,22.86,20.0,11.68,0.0,0.0,0.429,0.0,0.429,0.0,676439
FS,Split-Finger,OS,26,6.82,4,4,3,75.0,0,0.0,12,9,75.0,34.62,0,0.0,34.62,30.0,7.3,30.0,0.0,0.0,0.0,0.0,0.0,676439
FC,Cutter,FB,25,6.56,4,2,0,0.0,1,25.0,13,1,7.69,4.0,4,16.0,20.0,20.0,5.84,0.0,0.0,0.333,0.0,0.333,0.0,676439
SL,Slider,BR,17,4.46,3,3,1,33.33,0,0.0,7,1,14.29,5.88,2,11.76,17.65,20.0,6.57,11.11,0.0,0.0,0.0,0.0,0.0,676439
KC,Knuckle Curve,BR,3,0.79,0,0,0,,0,,2,0,0.0,0.0,0,0.0,0.0,0.0,2.19,0.0,,,,,,676439
FA,Other,,2,0.52,1,0,0,0.0,0,0.0,1,0,0.0,0.0,0,0.0,0.0,50.0,0.0,,,0.0,,,,676439
FF,4-Seam Fastball,FB,7,38.89,1,1,0,0.0,0,0.0,3,0,0.0,0.0,1,14.29,14.29,0.0,33.33,0.0,0.0,0.0,0.0,0.0,0.0,676466
SI,Sinker,FB,6,33.33,2,2,0,0.0,0,0.0,4,0,0.0,0.0,2,33.33,33.33,100.0,44.44,0.0,0.5,0.5,0.5,1.0,0.0,676466
SL,Slider,BR,3,16.67,0,0,0,,0,,1,1,100.0,33.33,0,0.0,33.33,0.0,11.11,0.0,,,,,,676466
FC,Cutter,FB,1,5.56,0,0,0,,0,,0,0,,0.0,0,0.0,0.0,0.0,11.11,0.0,,,,,,676466
ST,Sweeper,BR,1,5.56,0,0,0,,0,,0,0,,0.0,0,0.0,0.0,0.0,0.0,,,,,,,676466
FF,4-Seam Fastball,FB,463,31.41,135,123,17,12.59,11,8.15,239,33,13.81,7.13,69,14.9,22.03,29.19,31.56,15.04,0.285,0.341,0.504,0.845,0.219,676475
CH,Changeup,OS,237,16.08,68,63,11,16.18,4,5.88,116,21,18.1,8.86,23,9.7,18.57,28.77,18.72,16.42,0.27,0.309,0.397,0.706,0.127,676475
SI,Sinker,FB,211,14.31,60,56,2,3.33,2,3.33,107,14,13.08,6.64,38,18.01,24.64,20.0,11.73,4.76,0.25,0.271,0.393,0.664,0.143,676475
SL,Slider,BR,163,11.06,40,33,9,22.5,7,17.5,72,19,26.39,11.66,31,19.02,30.67,31.82,14.53,17.31,0.394,0.5,0.727,1.227,0.3329999999999999,676475
FC,Cutter,FB,132,8.96,36,33,3,8.33,1,2.78,72,7,9.72,5.3,18,13.64,18.94,29.31,4.19,20.0,0.212,0.257,0.364,0.621,0.152,676475
CU,Curveball,BR,100,6.78,28,25,3,10.71,3,10.71,38,7,18.42,7.0,16,16.0,23.0,23.21,7.26,11.54,0.32,0.393,0.52,0.913,0.2,676475
FS,Split-Finger,OS,67,4.55,26,26,8,30.77,0,0.0,41,11,26.83,16.42,4,5.97,22.39,48.78,5.31,42.11,0.385,0.385,0.462,0.847,0.077,676475
ST,Sweeper,BR,53,3.6,14,13,5,35.71,0,0.0,17,4,23.53,7.55,15,28.3,35.85,22.22,2.51,55.56,0.385,0.429,0.615,1.044,0.2299999999999999,676475
KC,Knuckle Curve,BR,29,1.97,8,7,1,12.5,1,12.5,15,3,20.0,10.34,4,13.79,24.14,41.18,2.51,11.11,0.429,0.5,0.429,0.929,0.0,676475
SV,Slurve,BR,9,0.61,1,0,0,0.0,0,0.0,3,0,0.0,0.0,2,22.22,22.22,20.0,0.84,0.0,,1.0,,,,676475
EP,Eephus,,5,0.34,1,0,0,0.0,1,100.0,0,0,,0.0,1,20.0,20.0,0.0,0.0,,,1.0,,,,676475
FO,Forkball,OS,3,0.2,1,0,0,0.0,1,100.0,0,0,,0.0,0,0.0,0.0,0.0,0.84,0.0,,1.0,,,,676475
,,,2,0.14,1,0,0,0.0,1,100.0,0,0,,0.0,0,0.0,0.0,,0.0,,,1.0,,,,676475
FF,4-Seam Fastball,FB,19,26.03,7,7,3,42.86,0,0.0,11,4,36.36,21.05,5,26.32,47.37,60.0,40.0,37.5,0.286,0.286,0.714,1.0,0.428,676480
SL,Slider,BR,17,23.29,5,5,2,40.0,0,0.0,11,5,45.45,29.41,3,17.65,47.06,50.0,20.0,50.0,0.0,0.0,0.0,0.0,0.0,676480
SI,Sinker,FB,15,20.55,1,0,0,0.0,0,0.0,5,1,20.0,6.67,4,26.67,33.33,14.29,10.0,0.0,,1.0,,,,676480
ST,Sweeper,BR,12,16.44,2,2,0,0.0,0,0.0,4,1,25.0,8.33,1,8.33,16.67,22.22,25.0,0.0,0.5,0.5,1.0,1.5,0.5,676480
FC,Cutter,FB,6,8.22,1,1,1,100.0,0,0.0,2,1,50.0,16.67,1,16.67,33.33,25.0,5.0,100.0,0.0,0.0,0.0,0.0,0.0,676480
EP,Eephus,,2,2.74,1,1,0,0.0,0,0.0,1,0,0.0,0.0,1,50.0,50.0,,0.0,,0.0,0.0,0.0,0.0,0.0,676480
CU,Curveball,BR,2,2.74,2,2,0,0.0,0,0.0,2,0,0.0,0.0,0,0.0,0.0,100.0,0.0,,0.0,0.0,0.0,0.0,0.0,676480
SL,Slider,BR,10,55.56,0,0,0,,0,,6,3,50.0,30.0,2,20.0,50.0,25.0,50.0,0.0,,,,,,676551
FF,4-Seam Fastball,FB,5,27.78,3,2,0,0.0,1,33.33,2,0,0.0,0.0,0,0.0,0.0,0.0,25.0,0.0,1.0,1.0,1.0,2.0,0.0,676551
CH,Changeup,OS,3,16.67,1,1,1,100.0,0,0.0,1,1,100.0,33.33,0,0.0,33.33,33.33,25.0,50.0,0.0,0.0,0.0,0.0,0.0,676551
FF,4-Seam Fastball,FB,352,27.67,98,84,17,17.35,11,11.22,173,33,19.08,9.38,68,19.32,28.69,25.62,27.59,16.35,0.226,0.306,0.321,0.627,0.095,676572
SL,Slider,BR,247,19.42,59,54,11,18.64,5,8.47,116,43,37.07,17.41,41,16.6,34.01,25.0,19.63,14.86,0.241,0.305,0.389,0.694,0.148,676572
SI,Sinker,FB,234,18.4,71,68,12,16.9,2,2.82,99,7,7.07,2.99,75,32.05,35.04,30.68,12.2,26.09,0.279,0.31,0.382,0.692,0.1029999999999999,676572
ST,Sweeper,BR,131,10.3,26,23,5,19.23,3,11.54,54,16,29.63,12.21,20,15.27,27.48,21.05,11.14,11.9,0.304,0.385,0.435,0.8200000000000001,0.131,676572
FC,Cutter,FB,120,9.43,22,21,4,18.18,1,4.55,53,14,26.42,11.67,24,20.0,31.67,22.58,5.57,19.05,0.048,0.091,0.048,0.139,0.0,676572
CH,Changeup,OS,54,4.25,17,17,5,29.41,0,0.0,33,5,15.15,9.26,3,5.56,14.81,41.94,7.43,17.86,0.176,0.176,0.235,0.411,0.059,676572
FS,Split-Finger,OS,49,3.85,15,14,4,26.67,0,0.0,25,6,24.0,12.24,3,6.12,18.37,32.26,5.84,18.18,0.143,0.133,0.214,0.347,0.071,676572
CU,Curveball,BR,43,3.38,12,12,0,0.0,0,0.0,20,4,20.0,9.3,3,6.98,16.28,31.03,5.04,0.0,0.333,0.333,0.417,0.75,0.0839999999999999,676572
KC,Knuckle Curve,BR,31,2.44,8,8,5,62.5,0,0.0,14,8,57.14,25.81,4,12.9,38.71,33.33,3.98,33.33,0.25,0.25,0.375,0.625,0.125,676572
SV,Slurve,BR,7,0.55,1,1,0,0.0,0,0.0,3,1,33.33,14.29,0,0.0,14.29,20.0,0.8,0.0,0.0,0.0,0.0,0.0,0.0,676572
FO,Forkball,OS,2,0.16,0,0,0,,0,,0,0,,0.0,0,0.0,0.0,0.0,0.53,0.0,,,,,,676572
CS,Slow Curve,BR,1,0.08,1,1,1,100.0,0,0.0,1,1,100.0,100.0,0,0.0,100.0,100.0,0.27,100.0,0.0,0.0,0.0,0.0,0.0,676572
,,,1,0.08,0,0,0,,0,,0,0,,0.0,0,0.0,0.0,,0.0,,,,,,,676572
FF,4-Seam Fastball,FB,299,30.2,70,58,21,30.0,11,15.71,153,40,26.14,13.38,50,16.72,30.1,36.6,32.42,19.81,0.241,0.371,0.328,0.6990000000000001,0.087,676609
SL,Slider,BR,195,19.7,49,48,14,28.57,1,2.04,96,34,35.42,17.44,33,16.92,34.36,34.58,19.57,21.88,0.208,0.224,0.229,0.453,0.021,676609
SI,Sinker,FB,167,16.87,52,42,9,17.31,7,13.46,75,8,10.67,4.79,38,22.75,27.54,14.71,9.79,28.12,0.286,0.38,0.381,0.761,0.095,676609
ST,Sweeper,BR,104,10.51,19,18,6,31.58,1,5.26,43,14,32.56,13.46,21,20.19,33.65,37.7,11.93,15.38,0.278,0.316,0.278,0.5940000000000001,0.0,676609
FC,Cutter,FB,55,5.56,14,9,4,28.57,3,21.43,34,9,26.47,16.36,4,7.27,23.64,44.83,4.28,28.57,0.222,0.385,0.556,0.941,0.3340000000000001,676609
CU,Curveball,BR,48,4.85,10,9,3,30.0,0,0.0,12,3,25.0,6.25,14,29.17,35.42,12.0,4.59,20.0,0.111,0.2,0.111,0.311,0.0,676609
CH,Changeup,OS,41,4.14,10,7,0,0.0,3,30.0,20,3,15.0,7.32,3,7.32,14.63,19.05,7.03,0.0,0.0,0.3,0.0,0.3,0.0,676609
FS,Split-Finger,OS,40,4.04,9,9,2,22.22,0,0.0,17,6,35.29,15.0,2,5.0,20.0,16.67,4.59,13.33,0.333,0.333,0.444,0.777,0.1109999999999999,676609
KC,Knuckle Curve,BR,20,2.02,5,5,3,60.0,0,0.0,7,3,42.86,15.0,6,30.0,45.0,36.36,3.06,30.0,0.2,0.2,0.2,0.4,0.0,676609
SV,Slurve,BR,7,0.71,3,3,0,0.0,0,0.0,3,0,0.0,0.0,2,28.57,28.57,33.33,0.92,0.0,0.0,0.0,0.0,0.0,0.0,676609
,,,5,0.51,3,0,0,0.0,3,100.0,0,0,,0.0,0,0.0,0.0,,1.22,0.0,,1.0,,,,676609
FA,Other,,4,0.4,1,1,0,0.0,0,0.0,3,0,0.0,0.0,0,0.0,0.0,66.67,0.31,0.0,0.0,0.0,0.0,0.0,0.0,676609
EP,Eephus,,3,0.3,1,0,0,0.0,1,100.0,0,0,,0.0,0,0.0,0.0,0.0,0.0,,,1.0,,,,676609
CS,Slow Curve,BR,1,0.1,1,1,0,0.0,0,0.0,1,0,0.0,0.0,0,0.0,0.0,100.0,0.31,0.0,0.0,0.0,0.0,0.0,0.0,676609
PO,Pitch Out,,1,0.1,0,0,0,,0,,0,0,,0.0,0,0.0,0.0,0.0,0.0,,,,,,,676609
FF,4-Seam Fastball,FB,34,34.0,5,3,2,40.0,2,40.0,14,6,42.86,17.65,6,17.65,35.29,33.33,23.33,28.57,0.0,0.4,0.0,0.4,0.0,676679
SI,Sinker,FB,31,31.0,7,6,0,0.0,1,14.29,13,3,23.08,9.68,9,29.03,38.71,30.77,20.0,0.0,0.167,0.286,0.167,0.4529999999999999,0.0,676679
ST,Sweeper,BR,19,19.0,8,8,2,25.0,0,0.0,16,4,25.0,21.05,0,0.0,21.05,62.5,40.0,16.67,0.25,0.25,0.375,0.625,0.125,676679
FC,Cutter,FB,5,5.0,3,3,1,33.33,0,0.0,4,2,50.0,40.0,1,20.0,60.0,50.0,3.33,100.0,0.0,0.0,0.0,0.0,0.0,676679
SL,Slider,BR,5,5.0,2,2,1,50.0,0,0.0,3,1,33.33,20.0,0,0.0,20.0,33.33,3.33,100.0,0.0,0.0,0.0,0.0,0.0,676679
CU,Curveball,BR,3,3.0,1,1,0,0.0,0,0.0,1,0,0.0,0.0,0,0.0,0.0,0.0,3.33,0.0,1.0,1.0,1.0,2.0,0.0,676679
FS,Split-Finger,OS,2,2.0,1,1,0,0.0,0,0.0,2,1,50.0,50.0,0,0.0,50.0,100.0,3.33,0.0,0.0,0.0,0.0,0.0,0.0,676679
KC,Knuckle Curve,BR,1,1.0,0,0,0,,0,,0,0,,0.0,0,0.0,0.0,0.0,3.33,0.0,,,,,,676679
FF,4-Seam Fastball,FB,283,25.75,79,65,13,16.46,12,15.19,132,20,15.15,7.07,48,16.96,24.03,17.69,26.07,17.81,0.277,0.397,0.354,0.751,0.0769999999999999,676694
SI,Sinker,FB,227,20.66,72,68,10,13.89,2,2.78,114,11,9.65,4.85,45,19.82,24.67,24.44,11.43,31.25,0.353,0.375,0.426,0.8009999999999999,0.073,676694
SL,Slider,BR,209,19.02,61,57,16,26.23,3,4.92,108,41,37.96,19.62,26,12.44,32.06,37.93,21.07,27.12,0.228,0.262,0.316,0.5780000000000001,0.088,676694
ST,Sweeper,BR,112,10.19,31,27,3,9.68,3,9.68,47,8,17.02,7.14,9,8.04,15.18,16.18,15.36,6.98,0.296,0.367,0.481,0.848,0.185,676694
FC,Cutter,FB,84,7.64,23,20,1,4.35,3,13.04,40,7,17.5,8.33,12,14.29,22.62,18.42,2.86,12.5,0.5,0.565,0.65,1.215,0.15,676694
CU,Curveball,BR,58,5.28,12,12,3,25.0,0,0.0,17,3,17.65,5.17,15,25.86,31.03,18.18,6.43,16.67,0.167,0.167,0.167,0.334,0.0,676694
CH,Changeup,OS,54,4.91,12,10,4,33.33,1,8.33,26,10,38.46,18.52,6,11.11,29.63,25.0,7.5,19.05,0.2,0.273,0.2,0.473,0.0,676694
FS,Split-Finger,OS,35,3.18,7,5,2,28.57,2,28.57,14,4,28.57,11.43,2,5.71,17.14,17.39,4.29,16.67,0.6,0.714,0.6,1.314,0.0,676694
KC,Knuckle Curve,BR,28,2.55,11,9,2,18.18,2,18.18,14,6,42.86,21.43,2,7.14,28.57,38.89,3.21,22.22,0.111,0.273,0.111,0.384,0.0,676694
SV,Slurve,BR,7,0.64,2,2,1,50.0,0,0.0,5,2,40.0,28.57,2,28.57,57.14,50.0,1.07,33.33,0.0,0.0,0.0,0.0,0.0,676694
CS,Slow Curve,BR,1,0.09,1,1,1,100.0,0,0.0,1,1,100.0,100.0,0,0.0,100.0,,0.36,100.0,0.0,0.0,0.0,0.0,0.0,676694
,,,1,0.09,0,0,0,,0,,0,0,,0.0,0,0.0,0.0,,0.36,0.0,,,,,,676694
FF,4-Seam Fastball,FB,31,25.62,7,6,2,28.57,0,0.0,15,3,20.0,9.68,8,25.81,35.48,36.36,32.26,20.0,0.333,0.333,0.667,1.0,0.334,676701
SL,Slider,BR,27,22.31,9,9,2,22.22,0,0.0,19,3,15.79,11.11,2,7.41,18.52,33.33,22.58,28.57,0.111,0.111,0.111,0.222,0.0,676701
SI,Sinker,FB,22,18.18,8,7,0,0.0,0,0.0,13,1,7.69,4.55,4,18.18,22.73,50.0,3.23,0.0,0.286,0.25,0.286,0.536,0.0,676701
CH,Changeup,OS,10,8.26,2,1,0,0.0,1,50.0,4,1,25.0,10.0,0,0.0,10.0,14.29,3.23,0.0,0.0,0.5,0.0,0.5,0.0,676701
ST,Sweeper,BR,9,7.44,4,4,0,0.0,0,0.0,7,2,28.57,22.22,0,0.0,22.22,50.0,6.45,0.0,0.25,0.25,0.25,0.5,0.0,676701
CU,Curveball,BR,9,7.44,2,2,1,50.0,0,0.0,5,3,60.0,33.33,1,11.11,44.44,40.0,12.9,25.0,0.5,0.5,0.5,1.0,0.0,676701
FS,Split-Finger,OS,7,5.79,2,2,1,50.0,0,0.0,5,2,40.0,28.57,0,0.0,28.57,33.33,19.35,16.67,0.0,0.0,0.0,0.0,0.0,676701
FC,Cutter,FB,6,4.96,1,1,0,0.0,0,0.0,2,0,0.0,0.0,0,0.0,0.0,0.0,0.0,,0.0,0.0,0.0,0.0,0.0,676701
FF,4-Seam Fastball,FB,64,34.04,16,14,3,18.75,1,6.25,33,11,33.33,17.19,5,7.81,25.0,19.35,32.69,17.65,0.143,0.188,0.571,0.7589999999999999,0.4279999999999999,676724
CU,Curveball,BR,34,18.09,6,5,2,33.33,1,16.67,10,3,30.0,8.82,8,23.53,32.35,15.0,15.38,25.0,0.0,0.167,0.0,0.167,0.0,676724
FC,Cutter,FB,19,10.11,5,5,1,20.0,0,0.0,12,1,8.33,5.26,2,10.53,15.79,16.67,5.77,33.33,0.4,0.4,1.0,1.4,0.6,676724
SI,Sinker,FB,16,8.51,2,2,1,50.0,0,0.0,6,1,16.67,6.25,4,25.0,31.25,14.29,5.77,33.33,0.0,0.0,0.0,0.0,0.0,676724
FS,Split-Finger,OS,13,6.91,3,3,3,100.0,0,0.0,7,4,57.14,30.77,0,0.0,30.77,54.55,15.38,37.5,0.0,0.0,0.0,0.0,0.0,676724
SL,Slider,BR,12,6.38,4,3,1,25.0,0,0.0,6,3,50.0,25.0,2,16.67,41.67,40.0,9.62,20.0,0.333,0.5,1.333,1.833,1.0,676724
CH,Changeup,OS,11,5.85,4,4,2,50.0,0,0.0,8,4,50.0,36.36,1,9.09,45.45,66.67,3.85,100.0,0.5,0.5,0.75,1.25,0.25,676724
ST,Sweeper,BR,11,5.85,3,3,2,66.67,0,0.0,5,2,40.0,18.18,4,36.36,54.55,50.0,9.62,40.0,0.0,0.0,0.0,0.0,0.0,676724
KC,Knuckle Curve,BR,8,4.26,2,2,1,50.0,0,0.0,4,2,50.0,25.0,1,12.5,37.5,33.33,1.92,100.0,0.0,0.0,0.0,0.0,0.0,676724
FF,4-Seam Fastball,FB,75,31.12,22,18,8,36.36,3,13.64,42,19,45.24,25.33,9,12.0,37.33,42.5,29.03,44.44,0.222,0.333,0.278,0.611,0.056,676801
SL,Slider,BR,50,20.75,15,15,4,26.67,0,0.0,30,11,36.67,22.0,4,8.0,30.0,46.43,22.58,28.57,0.2,0.2,0.2,0.4,0.0,676801
SI,Sinker,FB,40,16.6,11,8,1,9.09,1,9.09,21,2,9.52,5.0,8,20.0,25.0,45.45,9.68,16.67,0.125,0.222,0.125,0.347,0.0,676801
FC,Cutter,FB,20,8.3,4,3,1,25.0,1,25.0,8,3,37.5,15.0,4,20.0,35.0,38.46,6.45,25.0,0.0,0.25,0.0,0.25,0.0,676801
ST,Sweeper,BR,18,7.47,6,5,1,16.67,0,0.0,10,1,10.0,5.56,2,11.11,16.67,33.33,14.52,11.11,0.2,0.167,0.2,0.367,0.0,676801
CU,Curveball,BR,15,6.22,4,4,2,50.0,0,0.0,6,3,50.0,20.0,2,13.33,33.33,33.33,6.45,50.0,0.25,0.25,0.25,0.5,0.0,676801
CH,Changeup,OS,12,4.98,1,1,1,100.0,0,0.0,6,3,50.0,25.0,1,8.33,33.33,37.5,4.84,33.33,0.0,0.0,0.0,0.0,0.0,676801
KC,Knuckle Curve,BR,8,3.32,3,3,2,66.67,0,0.0,5,2,40.0,25.0,0,0.0,25.0,40.0,6.45,50.0,0.333,0.333,0.333,0.666,0.0,676801
FS,Split-Finger,OS,3,1.24,1,1,0,0.0,0,0.0,2,1,50.0,33.33,0,0.0,33.33,50.0,0.0,,1.0,1.0,1.0,2.0,0.0,676801
FF,4-Seam Fastball,FB,8,29.63,1,1,1,100.0,0,0.0,2,2,100.0,25.0,3,37.5,62.5,0.0,28.57,50.0,0.0,0.0,0.0,0.0,0.0,676812
FC,Cutter,FB,6,22.22,1,1,1,100.0,0,0.0,1,1,100.0,16.67,2,33.33,50.0,25.0,14.29,100.0,0.0,0.0,0.0,0.0,0.0,676812
SL,Slider,BR,5,18.52,1,1,0,0.0,0,0.0,3,2,66.67,40.0,0,0.0,40.0,50.0,14.29,0.0,0.0,0.0,0.0,0.0,0.0,676812
CH,Changeup,OS,4,14.81,1,1,1,100.0,0,0.0,3,3,100.0,75.0,0,0.0,75.0,66.67,14.29,100.0,0.0,0.0,0.0,0.0,0.0,676812
FS,Split-Finger,OS,2,7.41,1,1,1,100.0,0,0.0,0,0,,0.0,1,50.0,50.0,0.0,14.29,100.0,0.0,0.0,0.0,0.0,0.0,676812
KC,Knuckle Curve,BR,1,3.7,0,0,0,,0,,0,0,,0.0,0,0.0,0.0,0.0,14.29,0.0,,,,,,676812
ST,Sweeper,BR,1,3.7,0,0,0,,0,,0,0,,0.0,0,0.0,0.0,,0.0,,,,,,,676812
FF,4-Seam Fastball,FB,150,33.94,36,27,7,19.44,9,25.0,63,13,20.63,8.67,23,15.33,24.0,20.0,38.57,12.96,0.333,0.5,0.704,1.204,0.3709999999999999,676914
SL,Slider,BR,78,17.65,16,13,3,18.75,3,18.75,32,10,31.25,12.82,6,7.69,20.51,15.69,17.14,12.5,0.308,0.438,0.538,0.976,0.23,676914
SI,Sinker,FB,65,14.71,20,18,3,15.0,1,5.0,31,6,19.35,9.23,16,24.62,33.85,29.03,11.43,18.75,0.167,0.2,0.167,0.367,0.0,676914
FC,Cutter,FB,52,11.76,10,8,4,40.0,2,20.0,20,10,50.0,19.23,11,21.15,40.38,25.0,9.29,30.77,0.0,0.2,0.0,0.2,0.0,676914
CU,Curveball,BR,26,5.88,2,2,0,0.0,0,0.0,10,4,40.0,15.38,6,23.08,38.46,28.57,5.71,0.0,0.5,0.5,2.0,2.5,1.5,676914
CH,Changeup,OS,25,5.66,6,5,4,66.67,1,16.67,10,4,40.0,16.0,5,20.0,36.0,25.0,9.29,30.77,0.2,0.333,0.2,0.533,0.0,676914
ST,Sweeper,BR,22,4.98,5,5,1,20.0,0,0.0,8,1,12.5,4.55,6,27.27,31.82,18.18,3.57,20.0,0.4,0.4,1.0,1.4,0.6,676914
FS,Split-Finger,OS,12,2.71,2,2,1,50.0,0,0.0,2,0,0.0,0.0,5,41.67,41.67,0.0,2.86,25.0,0.0,0.0,0.0,0.0,0.0,676914
EP,Eephus,,5,1.13,1,1,0,0.0,0,0.0,2,0,0.0,0.0,0,0.0,0.0,0.0,0.0,,1.0,1.0,4.0,5.0,3.0,676914
KC,Knuckle Curve,BR,5,1.13,1,0,0,0.0,1,100.0,0,0,,0.0,0,0.0,0.0,0.0,1.43,0.0,,1.0,,,,676914
SV,Slurve,BR,2,0.45,0,0,0,,0,,0,0,,0.0,1,50.0,50.0,0.0,0.71,0.0,,,,,,676914
FF,4-Seam Fastball,FB,212,40.38,56,50,12,21.43,4,7.14,122,23,18.85,10.85,23,10.85,21.7,26.09,36.69,19.35,0.22,0.304,0.36,0.6639999999999999,0.1399999999999999,677008
CH,Changeup,OS,69,13.14,25,25,6,24.0,0,0.0,48,15,31.25,21.74,3,4.35,26.09,57.14,16.57,21.43,0.28,0.28,0.52,0.8,0.24,677008
SL,Slider,BR,57,10.86,11,10,3,27.27,0,0.0,37,11,29.73,19.3,5,8.77,28.07,54.55,11.83,15.0,0.2,0.273,0.5,0.773,0.3,677008
SI,Sinker,FB,40,7.62,12,11,1,8.33,1,8.33,22,5,22.73,12.5,8,20.0,32.5,43.75,5.33,11.11,0.0,0.083,0.0,0.083,0.0,677008
FC,Cutter,FB,40,7.62,8,7,2,25.0,0,0.0,14,4,28.57,10.0,7,17.5,27.5,18.18,4.73,25.0,0.429,0.375,0.429,0.804,0.0,677008
CU,Curveball,BR,32,6.1,7,7,1,14.29,0,0.0,15,3,20.0,9.38,4,12.5,21.88,38.1,5.92,10.0,0.286,0.286,0.429,0.715,0.143,677008
FS,Split-Finger,OS,27,5.14,11,11,5,45.45,0,0.0,20,9,45.0,33.33,1,3.7,37.04,64.71,7.1,41.67,0.091,0.091,0.364,0.4549999999999999,0.273,677008
ST,Sweeper,BR,26,4.95,6,6,3,50.0,0,0.0,12,6,50.0,23.08,3,11.54,34.62,26.67,7.1,25.0,0.0,0.0,0.0,0.0,0.0,677008
KC,Knuckle Curve,BR,12,2.29,3,3,1,33.33,0,0.0,5,3,60.0,25.0,2,16.67,41.67,44.44,2.37,25.0,0.0,0.0,0.0,0.0,0.0,677008
SV,Slurve,BR,9,1.71,4,4,2,50.0,0,0.0,4,1,25.0,11.11,2,22.22,33.33,40.0,2.37,50.0,0.25,0.25,0.5,0.75,0.25,677008
CS,Slow Curve,BR,1,0.19,1,1,0,0.0,0,0.0,1,0,0.0,0.0,0,0.0,0.0,,0.0,,1.0,1.0,1.0,2.0,0.0,677008
FF,4-Seam Fastball,FB,25,62.5,6,5,3,50.0,0,0.0,14,4,28.57,16.0,4,16.0,32.0,27.27,66.67,37.5,0.2,0.2,0.2,0.4,0.0,677060
SL,Slider,BR,9,22.5,3,3,0,0.0,0,0.0,3,0,0.0,0.0,2,22.22,22.22,16.67,0.0,,0.333,0.333,0.333,0.666,0.0,677060
FS,Split-Finger,OS,4,10.0,1,1,1,100.0,0,0.0,2,1,50.0,25.0,0,0.0,25.0,33.33,33.33,25.0,0.0,0.0,0.0,0.0,0.0,677060
SI,Sinker,FB,2,5.0,1,1,0,0.0,0,0.0,1,0,0.0,0.0,0,0.0,0.0,0.0,0.0,,0.0,0.0,0.0,0.0,0.0,677060
FF,4-Seam Fastball,FB,154,32.7,39,32,13,33.33,6,15.38,71,26,36.62,16.88,27,17.53,34.42,17.46,34.67,25.0,0.25,0.385,0.5,0.885,0.25,677347
SL,Slider,BR,86,18.26,20,19,11,55.0,1,5.0,44,28,63.64,32.56,12,13.95,46.51,41.18,21.33,34.38,0.211,0.25,0.474,0.724,0.263,677347
SI,Sinker,FB,85,18.05,19,16,5,26.32,2,10.53,46,16,34.78,18.82,12,14.12,32.94,25.64,8.0,41.67,0.188,0.278,0.438,0.716,0.25,677347
ST,Sweeper,BR,48,10.19,14,14,7,50.0,0,0.0,20,12,60.0,25.0,10,20.83,45.83,30.77,8.0,58.33,0.0,0.0,0.0,0.0,0.0,677347
CU,Curveball,BR,28,5.94,4,4,3,75.0,0,0.0,9,6,66.67,21.43,4,14.29,35.71,28.57,9.33,21.43,0.0,0.0,0.0,0.0,0.0,677347
FC,Cutter,FB,27,5.73,7,7,0,0.0,0,0.0,16,5,31.25,18.52,4,14.81,33.33,43.75,4.0,0.0,0.429,0.429,0.429,0.858,0.0,677347
FS,Split-Finger,OS,17,3.61,6,6,5,83.33,0,0.0,12,6,50.0,35.29,1,5.88,41.18,63.64,6.0,55.56,0.0,0.0,0.0,0.0,0.0,677347
CH,Changeup,OS,16,3.4,6,6,5,83.33,0,0.0,9,5,55.56,31.25,3,18.75,50.0,50.0,6.0,55.56,0.0,0.0,0.0,0.0,0.0,677347
KC,Knuckle Curve,BR,5,1.06,3,3,2,66.67,0,0.0,4,3,75.0,60.0,0,0.0,60.0,100.0,1.33,100.0,0.333,0.333,0.333,0.666,0.0,677347
SV,Slurve,BR,4,0.85,0,0,0,,0,,2,2,100.0,50.0,0,0.0,50.0,0.0,1.33,0.0,,,,,,677347
,,,1,0.21,0,0,0,,0,,0,0,,0.0,0,0.0,0.0,,0.0,,,,,,,677347
FF,4-Seam Fastball,FB,376,38.13,97,83,12,12.37,10,10.31,189,22,11.64,5.85,62,16.49,22.34,31.58,36.59,10.89,0.181,0.274,0.277,0.551,0.096,677587
CH,Changeup,OS,164,16.63,43,40,9,20.93,3,6.98,87,34,39.08,20.73,20,12.2,32.93,36.05,17.75,18.37,0.125,0.186,0.125,0.311,0.0,677587
SI,Sinker,FB,88,8.92,37,33,2,5.41,1,2.7,54,4,7.41,4.55,12,13.64,18.18,40.62,7.25,10.0,0.364,0.361,0.485,0.846,0.121,677587
SL,Slider,BR,88,8.92,21,20,3,14.29,0,0.0,46,13,28.26,14.77,11,12.5,27.27,26.19,9.78,11.11,0.4,0.429,0.6,1.029,0.1999999999999999,677587
FC,Cutter,FB,79,8.01,19,19,3,15.79,0,0.0,40,4,10.0,5.06,17,21.52,26.58,18.75,5.43,20.0,0.368,0.368,0.579,0.947,0.2109999999999999,677587
CU,Curveball,BR,64,6.49,15,15,5,33.33,0,0.0,24,11,45.83,17.19,15,23.44,40.62,23.68,7.61,23.81,0.267,0.267,0.267,0.534,0.0,677587
ST,Sweeper,BR,52,5.27,13,12,3,23.08,0,0.0,29,6,20.69,11.54,5,9.62,21.15,29.17,5.07,21.43,0.0,0.077,0.0,0.077,0.0,677587
FS,Split-Finger,OS,50,5.07,16,16,5,31.25,0,0.0,27,9,33.33,18.0,9,18.0,36.0,40.0,7.97,22.73,0.25,0.25,0.312,0.562,0.062,677587
KC,Knuckle Curve,BR,21,2.13,6,6,1,16.67,0,0.0,6,1,16.67,4.76,4,19.05,23.81,8.33,2.17,16.67,0.5,0.5,1.167,1.667,0.667,677587
FA,Other,,2,0.2,1,1,0,0.0,0,0.0,1,0,0.0,0.0,1,50.0,50.0,,0.0,,0.0,0.0,0.0,0.0,0.0,677587
SV,Slurve,BR,2,0.2,1,1,1,100.0,0,0.0,0,0,,0.0,2,100.0,100.0,,0.36,100.0,0.0,0.0,0.0,0.0,0.0,677587
FF,4-Seam Fastball,FB,220,35.2,53,45,9,16.98,6,11.32,103,16,15.53,7.27,42,19.09,26.36,16.48,34.5,13.04,0.244,0.34,0.333,0.673,0.089,677588
SL,Slider,BR,81,12.96,24,21,7,29.17,3,12.5,44,16,36.36,19.75,12,14.81,34.57,40.0,18.0,19.44,0.143,0.25,0.19,0.44,0.047,677588
CU,Curveball,BR,75,12.0,10,10,3,30.0,0,0.0,31,8,25.81,10.67,12,16.0,26.67,32.61,15.0,10.0,0.3,0.3,0.7,1.0,0.3999999999999999,677588
CH,Changeup,OS,59,9.44,15,15,3,20.0,0,0.0,27,6,22.22,10.17,5,8.47,18.64,32.5,7.5,20.0,0.2,0.2,0.267,0.467,0.067,677588
FC,Cutter,FB,55,8.8,16,16,4,25.0,0,0.0,25,5,20.0,9.09,15,27.27,36.36,31.82,6.0,33.33,0.438,0.438,0.562,1.0,0.124,677588
SI,Sinker,FB,50,8.0,12,9,2,16.67,3,25.0,16,3,18.75,6.0,13,26.0,32.0,26.09,5.0,20.0,0.222,0.417,0.222,0.639,0.0,677588
FS,Split-Finger,OS,36,5.76,10,10,2,20.0,0,0.0,15,3,20.0,8.33,2,5.56,13.89,20.0,6.5,15.38,0.1,0.1,0.1,0.2,0.0,677588
ST,Sweeper,BR,34,5.44,9,8,4,44.44,1,11.11,14,4,28.57,11.76,7,20.59,32.35,39.13,4.5,44.44,0.125,0.222,0.25,0.472,0.125,677588
KC,Knuckle Curve,BR,9,1.44,3,3,1,33.33,0,0.0,5,2,40.0,22.22,1,11.11,33.33,50.0,1.0,50.0,0.333,0.333,0.667,1.0,0.334,677588
FO,Forkball,OS,5,0.8,1,1,0,0.0,0,0.0,3,0,0.0,0.0,0,0.0,0.0,50.0,1.5,0.0,0.0,0.0,0.0,0.0,0.0,677588
EP,Eephus,,1,0.16,0,0,0,,0,,0,0,,0.0,0,0.0,0.0,0.0,0.5,0.0,,,,,,677588
FF,4-Seam Fastball,FB,42,28.19,7,6,3,42.86,0,0.0,21,7,33.33,16.67,2,4.76,21.43,9.52,41.46,17.65,0.0,0.0,0.0,0.0,0.0,677592
SL,Slider,BR,37,24.83,13,12,5,38.46,1,7.69,22,11,50.0,29.73,5,13.51,43.24,42.11,26.83,45.45,0.083,0.154,0.083,0.237,0.0,677592
SI,Sinker,FB,26,17.45,7,5,0,0.0,2,28.57,9,1,11.11,3.85,6,23.08,26.92,21.43,4.88,0.0,0.4,0.571,0.4,0.971,0.0,677592
ST,Sweeper,BR,26,17.45,6,5,3,50.0,1,16.67,10,8,80.0,30.77,4,15.38,46.15,29.41,19.51,37.5,0.0,0.167,0.0,0.167,0.0,677592
FS,Split-Finger,OS,7,4.7,2,1,0,0.0,1,50.0,3,0,0.0,0.0,1,14.29,14.29,0.0,2.44,0.0,0.0,0.5,0.0,0.5,0.0,677592
CH,Changeup,OS,5,3.36,0,0,0,,0,,1,1,100.0,20.0,0,0.0,20.0,0.0,2.44,0.0,,,,,,677592
FC,Cutter,FB,3,2.01,1,1,0,0.0,0,0.0,1,0,0.0,0.0,0,0.0,0.0,0.0,0.0,,0.0,0.0,0.0,0.0,0.0,677592
CU,Curveball,BR,3,2.01,1,1,0,0.0,0,0.0,1,0,0.0,0.0,1,33.33,33.33,0.0,2.44,0.0,0.0,0.0,0.0,0.0,0.0,677592
FF,4-Seam Fastball,FB,462,24.99,117,99,35,29.91,10,8.55,242,71,29.34,15.37,57,12.34,27.71,23.96,32.18,18.82,0.242,0.342,0.495,0.837,0.253,677594
SI,Sinker,FB,373,20.17,137,131,12,8.76,1,0.73,214,24,11.21,6.43,63,16.89,23.32,39.87,10.38,20.0,0.382,0.409,0.557,0.966,0.175,677594
SL,Slider,BR,316,17.09,92,85,20,21.74,7,7.61,179,63,35.2,19.94,30,9.49,29.43,40.91,15.22,22.73,0.259,0.315,0.471,0.786,0.2119999999999999,677594
ST,Sweeper,BR,228,12.33,59,56,7,11.86,3,5.08,121,44,36.36,19.3,30,13.16,32.46,43.88,14.71,8.24,0.268,0.305,0.5,0.8049999999999999,0.2319999999999999,677594
FC,Cutter,FB,177,9.57,37,35,10,27.03,2,5.41,102,28,27.45,15.82,25,14.12,29.94,35.53,5.71,30.3,0.114,0.162,0.2,0.362,0.086,677594
CH,Changeup,OS,110,5.95,30,28,9,30.0,1,3.33,60,18,30.0,16.36,7,6.36,22.73,36.51,7.79,20.0,0.143,0.2,0.357,0.5569999999999999,0.214,677594
FS,Split-Finger,OS,59,3.19,15,14,6,40.0,1,6.67,37,18,48.65,30.51,2,3.39,33.9,44.44,5.54,18.75,0.286,0.333,0.5,0.833,0.214,677594
CU,Curveball,BR,55,2.97,21,20,5,23.81,1,4.76,32,10,31.25,18.18,6,10.91,29.09,52.94,4.33,20.0,0.25,0.286,0.35,0.6359999999999999,0.0999999999999999,677594
KC,Knuckle Curve,BR,38,2.06,9,8,2,22.22,1,11.11,22,7,31.82,18.42,4,10.53,28.95,36.84,2.42,14.29,0.25,0.333,0.375,0.708,0.125,677594
SV,Slurve,BR,14,0.76,3,2,1,33.33,1,33.33,7,4,57.14,28.57,1,7.14,35.71,45.45,0.87,20.0,0.0,0.333,0.0,0.333,0.0,677594
,,,9,0.49,2,0,0,0.0,2,100.0,0,0,,0.0,0,0.0,0.0,,0.35,0.0,,1.0,,,,677594
FA,Other,,8,0.43,2,2,0,0.0,0,0.0,5,2,40.0,25.0,0,0.0,25.0,25.0,0.52,0.0,0.0,0.0,0.0,0.0,0.0,677594
FF,4-Seam Fastball,FB,177,32.42,49,45,14,28.57,3,6.12,100,37,37.0,20.9,32,18.08,38.98,39.13,30.22,33.33,0.267,0.327,0.511,0.8380000000000001,0.244,677595
SL,Slider,BR,88,16.12,23,21,9,39.13,2,8.7,44,19,43.18,21.59,9,10.23,31.82,36.84,17.27,37.5,0.333,0.391,0.476,0.867,0.1429999999999999,677595
CU,Curveball,BR,79,14.47,17,16,9,52.94,1,5.88,40,20,50.0,25.32,14,17.72,43.04,44.9,21.58,30.0,0.0,0.059,0.0,0.059,0.0,677595
CH,Changeup,OS,67,12.27,17,16,2,11.76,1,5.88,38,7,18.42,10.45,0,0.0,10.45,39.13,13.67,10.53,0.375,0.412,0.438,0.85,0.063,677595
SI,Sinker,FB,45,8.24,11,8,1,9.09,3,27.27,19,4,21.05,8.89,6,13.33,22.22,23.08,6.47,11.11,0.375,0.545,0.625,1.17,0.25,677595
FC,Cutter,FB,36,6.59,13,11,0,0.0,2,15.38,22,2,9.09,5.56,3,8.33,13.89,40.0,2.88,0.0,0.364,0.462,0.455,0.917,0.091,677595
ST,Sweeper,BR,17,3.11,2,2,0,0.0,0,0.0,5,0,0.0,0.0,3,17.65,17.65,10.0,1.44,0.0,0.0,0.0,0.0,0.0,0.0,677595
FS,Split-Finger,OS,16,2.93,8,8,4,50.0,0,0.0,10,4,40.0,25.0,1,6.25,31.25,58.33,4.32,66.67,0.125,0.125,0.5,0.625,0.375,677595
KC,Knuckle Curve,BR,8,1.47,2,2,1,50.0,0,0.0,3,2,66.67,25.0,1,12.5,37.5,0.0,1.44,50.0,0.5,0.5,2.0,2.5,1.5,677595
,,,5,0.92,1,0,0,0.0,1,100.0,0,0,,0.0,0,0.0,0.0,,0.0,,,1.0,,,,677595
FA,Other,,4,0.73,2,2,0,0.0,0,0.0,3,1,33.33,25.0,0,0.0,25.0,50.0,0.72,0.0,0.5,0.5,0.5,1.0,0.0,677595
EP,Eephus,,2,0.37,0,0,0,,0,,0,0,,0.0,2,100.0,100.0,,0.0,,,,,,,677595
SV,Slurve,BR,2,0.37,1,1,0,0.0,0,0.0,1,0,0.0,0.0,1,50.0,50.0,,0.0,,0.0,0.0,0.0,0.0,0.0,677595
FF,4-Seam Fastball,FB,140,29.72,32,28,6,18.75,4,12.5,79,17,21.52,12.14,22,15.71,27.86,31.03,32.93,11.11,0.286,0.375,0.464,0.839,0.178,677649
SL,Slider,BR,99,21.02,24,24,8,33.33,0,0.0,48,15,31.25,15.15,13,13.13,28.28,29.31,18.9,25.81,0.167,0.167,0.167,0.334,0.0,677649
ST,Sweeper,BR,70,14.86,22,20,4,18.18,1,4.55,42,15,35.71,21.43,6,8.57,30.0,47.73,16.46,14.81,0.15,0.182,0.15,0.3319999999999999,0.0,677649
SI,Sinker,FB,64,13.59,21,19,2,9.52,0,0.0,36,3,8.33,4.69,8,12.5,17.19,33.33,9.76,12.5,0.316,0.35,0.421,0.7709999999999999,0.1049999999999999,677649
FC,Cutter,FB,34,7.22,11,10,2,18.18,1,9.09,23,3,13.04,8.82,3,8.82,17.65,42.86,5.49,22.22,0.2,0.273,0.3,0.573,0.0999999999999999,677649
CU,Curveball,BR,15,3.18,3,3,1,33.33,0,0.0,5,1,20.0,6.67,1,6.67,13.33,0.0,4.27,14.29,0.333,0.333,0.333,0.666,0.0,677649
CH,Changeup,OS,14,2.97,4,4,2,50.0,0,0.0,12,4,33.33,28.57,1,7.14,35.71,87.5,4.27,28.57,0.25,0.25,0.5,0.75,0.25,677649
KC,Knuckle Curve,BR,12,2.55,1,1,0,0.0,0,0.0,7,1,14.29,8.33,2,16.67,25.0,50.0,3.05,0.0,0.0,0.0,0.0,0.0,0.0,677649
FS,Split-Finger,OS,7,1.49,1,1,1,100.0,0,0.0,1,0,0.0,0.0,1,14.29,14.29,16.67,3.66,16.67,0.0,0.0,0.0,0.0,0.0,677649
FA,Other,,5,1.06,2,1,0,0.0,0,0.0,2,0,0.0,0.0,1,20.0,20.0,0.0,0.0,,0.0,0.5,0.0,0.5,0.0,677649
EP,Eephus,,5,1.06,3,3,0,0.0,0,0.0,3,0,0.0,0.0,1,20.0,20.0,50.0,0.0,,0.0,0.0,0.0,0.0,0.0,677649
SV,Slurve,BR,3,0.64,0,0,0,,0,,2,0,0.0,0.0,0,0.0,0.0,50.0,0.0,,,,,,,677649
KN,Knuckleball,,2,0.42,1,0,0,0.0,0,0.0,0,0,,0.0,0,0.0,0.0,0.0,1.22,0.0,,1.0,,,,677649
,,,1,0.21,0,0,0,,0,,0,0,,0.0,0,0.0,0.0,,0.0,,,,,,,677649
FF,4-Seam Fastball,FB,638,47.19,145,125,40,27.59,17,11.72,325,74,22.77,11.6,86,13.48,25.08,20.69,46.98,19.8,0.192,0.283,0.424,0.707,0.2319999999999999,677800
CH,Changeup,OS,183,13.54,60,54,10,16.67,6,10.0,107,27,25.23,14.75,10,5.46,20.22,40.18,13.95,16.67,0.315,0.383,0.481,0.864,0.1659999999999999,677800
SL,Slider,BR,105,7.77,31,30,14,45.16,1,3.23,65,26,40.0,24.76,16,15.24,40.0,49.02,9.07,35.9,0.233,0.258,0.367,0.625,0.1339999999999999,677800
SI,Sinker,FB,98,7.25,26,24,5,19.23,2,7.69,43,9,20.93,9.18,18,18.37,27.55,23.4,5.58,20.83,0.375,0.423,0.417,0.84,0.0419999999999999,677800
FC,Cutter,FB,93,6.88,20,19,3,15.0,1,5.0,50,7,14.0,7.53,14,15.05,22.58,30.77,4.65,15.0,0.263,0.3,0.632,0.932,0.369,677800
FS,Split-Finger,OS,75,5.55,23,23,3,13.04,0,0.0,41,7,17.07,9.33,4,5.33,14.67,25.58,6.98,10.0,0.261,0.261,0.435,0.696,0.174,677800
CU,Curveball,BR,69,5.1,20,18,5,25.0,2,10.0,25,6,24.0,8.7,17,24.64,33.33,27.03,5.12,22.73,0.333,0.4,1.056,1.456,0.7230000000000001,677800
ST,Sweeper,BR,37,2.74,6,6,2,33.33,0,0.0,15,2,13.33,5.41,9,24.32,29.73,29.41,3.26,14.29,0.167,0.167,0.667,0.8340000000000001,0.5,677800
,,,18,1.33,5,0,0,0.0,5,100.0,0,0,,0.0,0,0.0,0.0,,0.0,,,1.0,,,,677800
SV,Slurve,BR,17,1.26,7,7,4,57.14,0,0.0,8,2,25.0,11.76,4,23.53,35.29,37.5,1.86,50.0,0.143,0.143,0.571,0.714,0.4279999999999999,677800
KC,Knuckle Curve,BR,15,1.11,4,4,1,25.0,0,0.0,9,2,22.22,13.33,1,6.67,20.0,50.0,2.09,11.11,0.5,0.5,0.75,1.25,0.25,677800
FO,Forkball,OS,2,0.15,1,1,0,0.0,0,0.0,2,0,0.0,0.0,0,0.0,0.0,100.0,0.47,0.0,0.0,0.0,0.0,0.0,0.0,677800
EP,Eephus,,1,0.07,0,0,0,,0,,0,0,,0.0,0,0.0,0.0,0.0,0.0,,,,,,,677800
FA,Other,,1,0.07,1,1,0,0.0,0,0.0,1,0,0.0,0.0,0,0.0,0.0,,0.0,,0.0,0.0,0.0,0.0,0.0,677800
SI,Sinker,FB,11,28.21,5,5,0,0.0,0,0.0,7,0,0.0,0.0,4,36.36,36.36,50.0,14.29,0.0,0.0,0.0,0.0,0.0,0.0,677870
FF,4-Seam Fastball,FB,7,17.95,2,1,0,0.0,0,0.0,3,0,0.0,0.0,1,14.29,14.29,25.0,21.43,0.0,0.0,0.0,0.0,0.0,0.0,677870
SL,Slider,BR,7,17.95,1,1,1,100.0,0,0.0,4,2,50.0,28.57,1,14.29,42.86,50.0,14.29,50.0,0.0,0.0,0.0,0.0,0.0,677870
FC,Cutter,FB,7,17.95,1,1,0,0.0,0,0.0,3,1,33.33,14.29,1,14.29,28.57,0.0,14.29,0.0,0.0,0.0,0.0,0.0,0.0,677870
CH,Changeup,OS,3,7.69,1,1,0,0.0,0,0.0,2,0,0.0,0.0,1,33.33,33.33,,7.14,0.0,0.0,0.0,0.0,0.0,0.0,677870
CU,Curveball,BR,2,5.13,0,0,0,,0,,1,0,0.0,0.0,0,0.0,0.0,0.0,14.29,0.0,,,,,,677870
ST,Sweeper,BR,1,2.56,0,0,0,,0,,0,0,,0.0,0,0.0,0.0,0.0,7.14,0.0,,,,,,677870
,,,1,2.56,1,1,1,100.0,0,0.0,0,0,,0.0,0,0.0,0.0,,7.14,100.0,0.0,0.0,0.0,0.0,0.0,677870
FF,4-Seam Fastball,FB,7,53.85,4,3,1,25.0,0,0.0,4,2,50.0,28.57,1,14.29,42.86,50.0,33.33,100.0,0.0,0.0,0.0,0.0,0.0,677941
ST,Sweeper,BR,6,46.15,1,1,1,100.0,0,0.0,4,3,75.0,50.0,1,16.67,66.67,50.0,66.67,50.0,0.0,0.0,0.0,0.0,0.0,677941
FF,4-Seam Fastball,FB,224,31.24,48,40,23,47.92,6,12.5,105,39,37.14,17.41,37,16.52,33.93,19.19,37.86,25.0,0.15,0.277,0.45,0.7270000000000001,0.3,677942
SI,Sinker,FB,157,21.9,37,30,5,13.51,3,8.11,65,13,20.0,8.28,44,28.03,36.31,18.75,11.93,17.24,0.2,0.351,0.2,0.5509999999999999,0.0,677942
SL,Slider,BR,108,15.06,28,26,5,17.86,0,0.0,54,18,33.33,16.67,14,12.96,29.63,32.14,11.52,17.86,0.231,0.222,0.346,0.568,0.1149999999999999,677942
ST,Sweeper,BR,69,9.62,20,20,10,50.0,0,0.0,38,18,47.37,26.09,7,10.14,36.23,41.46,11.11,37.04,0.2,0.2,0.35,0.55,0.1499999999999999,677942
FC,Cutter,FB,50,6.97,10,9,2,20.0,1,10.0,26,5,19.23,10.0,11,22.0,32.0,16.67,4.53,18.18,0.444,0.5,0.444,0.944,0.0,677942
FS,Split-Finger,OS,40,5.58,12,12,6,50.0,0,0.0,23,9,39.13,22.5,2,5.0,27.5,34.78,8.64,28.57,0.25,0.25,0.333,0.583,0.083,677942
CU,Curveball,BR,30,4.18,12,11,5,41.67,0,0.0,12,4,33.33,13.33,8,26.67,40.0,26.67,5.76,35.71,0.364,0.417,0.455,0.872,0.091,677942
CH,Changeup,OS,29,4.04,10,8,5,50.0,0,0.0,14,6,42.86,20.69,5,17.24,37.93,37.5,6.58,31.25,0.25,0.4,0.375,0.775,0.125,677942
KC,Knuckle Curve,BR,6,0.84,3,3,1,33.33,0,0.0,3,1,33.33,16.67,0,0.0,16.67,25.0,0.82,50.0,0.333,0.333,0.667,1.0,0.334,677942
SV,Slurve,BR,2,0.28,0,0,0,,0,,1,0,0.0,0.0,0,0.0,0.0,50.0,0.82,0.0,,,,,,677942
,,,2,0.28,1,0,0,0.0,1,100.0,0,0,,0.0,0,0.0,0.0,,0.41,0.0,,1.0,,,,677942
SL,Slider,BR,11,27.5,1,1,0,0.0,0,0.0,5,1,20.0,9.09,0,0.0,9.09,14.29,18.75,0.0,0.0,0.0,0.0,0.0,0.0,677943
FF,4-Seam Fastball,FB,9,22.5,4,4,3,75.0,0,0.0,5,3,60.0,33.33,3,33.33,66.67,50.0,25.0,75.0,0.0,0.0,0.0,0.0,0.0,677943
SI,Sinker,FB,7,17.5,3,3,2,66.67,0,0.0,5,2,40.0,28.57,2,28.57,57.14,100.0,18.75,66.67,0.333,0.333,0.333,0.666,0.0,677943
KC,Knuckle Curve,BR,5,12.5,0,0,0,,0,,4,2,50.0,40.0,0,0.0,40.0,100.0,6.25,0.0,,,,,,677943
CU,Curveball,BR,4,10.0,0,0,0,,0,,2,0,0.0,0.0,0,0.0,0.0,0.0,12.5,0.0,,,,,,677943
ST,Sweeper,BR,2,5.0,0,0,0,,0,,1,0,0.0,0.0,0,0.0,0.0,0.0,12.5,0.0,,,,,,677943
FC,Cutter,FB,1,2.5,0,0,0,,0,,1,0,0.0,0.0,0,0.0,0.0,,0.0,,,,,,,677943
CH,Changeup,OS,1,2.5,1,1,1,100.0,0,0.0,0,0,,0.0,1,100.0,100.0,,6.25,100.0,0.0,0.0,0.0,0.0,0.0,677943
FF,4-Seam Fastball,FB,366,26.24,104,94,30,28.85,7,6.73,184,43,23.37,11.75,66,18.03,29.78,27.78,26.97,28.3,0.245,0.288,0.436,0.724,0.191,677950
CH,Changeup,OS,219,15.7,65,62,20,30.77,2,3.08,124,44,35.48,20.09,25,11.42,31.51,44.07,17.05,29.85,0.226,0.262,0.323,0.585,0.097,677950
SI,Sinker,FB,170,12.19,37,35,9,24.32,2,5.41,80,21,26.25,12.35,41,24.12,36.47,33.82,9.67,23.68,0.343,0.378,0.486,0.864,0.1429999999999999,677950
CU,Curveball,BR,161,11.54,42,42,15,35.71,0,0.0,86,26,30.23,16.15,25,15.53,31.68,30.99,12.98,29.41,0.167,0.167,0.214,0.381,0.0469999999999999,677950
SL,Slider,BR,157,11.25,40,35,6,15.0,4,10.0,85,26,30.59,16.56,24,15.29,31.85,40.0,9.92,15.38,0.257,0.333,0.343,0.676,0.086,677950
FS,Split-Finger,OS,105,7.53,28,27,9,32.14,1,3.57,56,17,30.36,16.19,9,8.57,24.76,35.0,9.92,23.08,0.185,0.214,0.222,0.436,0.037,677950
FC,Cutter,FB,89,6.38,29,27,5,17.24,1,3.45,52,11,21.15,12.36,6,6.74,19.1,24.32,4.33,29.41,0.444,0.483,0.63,1.113,0.186,677950
ST,Sweeper,BR,88,6.31,25,22,5,20.0,1,4.0,47,15,31.91,17.05,12,13.64,30.68,33.33,6.11,20.83,0.273,0.333,0.364,0.6970000000000001,0.0909999999999999,677950
KC,Knuckle Curve,BR,29,2.08,8,7,3,37.5,1,12.5,10,4,40.0,13.79,7,24.14,37.93,21.43,2.54,30.0,0.143,0.25,0.429,0.679,0.286,677950
SV,Slurve,BR,6,0.43,1,1,0,0.0,0,0.0,4,0,0.0,0.0,0,0.0,0.0,0.0,0.51,0.0,0.0,0.0,0.0,0.0,0.0,677950
FO,Forkball,OS,4,0.29,1,0,0,0.0,0,0.0,1,1,100.0,25.0,0,0.0,25.0,0.0,0.0,,,1.0,,,,677950
EP,Eephus,,1,0.07,1,1,0,0.0,0,0.0,1,0,0.0,0.0,0,0.0,0.0,,0.0,,0.0,0.0,0.0,0.0,0.0,677950
FF,4-Seam Fastball,FB,638,32.01,145,131,37,25.52,11,7.59,332,80,24.1,12.54,112,17.55,30.09,28.99,35.36,17.65,0.275,0.338,0.542,0.8800000000000001,0.267,677951
SL,Slider,BR,355,17.81,93,83,15,16.13,7,7.53,177,54,30.51,15.21,33,9.3,24.51,27.78,15.6,16.67,0.217,0.28,0.337,0.617,0.12,677951
SI,Sinker,FB,260,13.05,82,74,6,7.32,4,4.88,134,15,11.19,5.77,55,21.15,26.92,32.41,7.45,13.95,0.311,0.354,0.5,0.854,0.189,677951
FC,Cutter,FB,229,11.49,64,60,5,7.81,3,4.69,123,30,24.39,13.1,30,13.1,26.2,24.76,8.84,9.8,0.3,0.328,0.5,0.8280000000000001,0.2,677951
ST,Sweeper,BR,201,10.09,61,60,12,19.67,1,1.64,107,30,28.04,14.93,13,6.47,21.39,40.46,13.34,15.58,0.283,0.295,0.483,0.778,0.2,677951
CH,Changeup,OS,105,5.27,36,32,7,19.44,3,8.33,47,9,19.15,8.57,8,7.62,16.19,24.24,6.59,18.42,0.312,0.389,0.562,0.951,0.25,677951
CU,Curveball,BR,72,3.61,18,17,4,22.22,1,5.56,36,7,19.44,9.72,10,13.89,23.61,38.64,5.2,13.33,0.353,0.389,0.765,1.154,0.412,677951
FS,Split-Finger,OS,63,3.16,20,16,4,20.0,3,15.0,28,9,32.14,14.29,8,12.7,26.98,28.95,3.29,21.05,0.25,0.4,0.5,0.9,0.25,677951
KC,Knuckle Curve,BR,43,2.16,13,13,5,38.46,0,0.0,22,8,36.36,18.6,5,11.63,30.23,46.67,3.81,22.73,0.462,0.462,0.615,1.077,0.1529999999999999,677951
,,,13,0.65,3,0,0,0.0,3,100.0,0,0,,0.0,0,0.0,0.0,,0.0,,,1.0,,,,677951
SV,Slurve,BR,8,0.4,3,3,0,0.0,0,0.0,3,0,0.0,0.0,0,0.0,0.0,16.67,0.35,0.0,0.667,0.667,1.667,2.334,1.0,677951
EP,Eephus,,4,0.2,2,2,0,0.0,0,0.0,2,0,0.0,0.0,1,25.0,25.0,66.67,0.0,,0.5,0.5,0.5,1.0,0.0,677951
FO,Forkball,OS,2,0.1,1,1,0,0.0,0,0.0,1,0,0.0,0.0,0,0.0,0.0,50.0,0.17,0.0,0.0,0.0,0.0,0.0,0.0,677951
SL,Slider,BR,31,34.83,5,5,2,40.0,0,0.0,20,13,65.0,41.94,0,0.0,41.94,35.29,31.82,28.57,0.2,0.2,0.8,1.0,0.6000000000000001,677956
FF,4-Seam Fastball,FB,16,17.98,7,5,4,57.14,1,14.29,6,3,50.0,18.75,4,25.0,43.75,25.0,31.82,57.14,0.0,0.167,0.0,0.167,0.0,677956
SI,Sinker,FB,15,16.85,10,10,0,0.0,0,0.0,10,0,0.0,0.0,1,6.67,6.67,20.0,4.55,0.0,0.3,0.3,0.6,0.8999999999999999,0.3,677956
ST,Sweeper,BR,13,14.61,1,1,1,100.0,0,0.0,6,3,50.0,23.08,2,15.38,38.46,44.44,18.18,25.0,0.0,0.0,0.0,0.0,0.0,677956
CU,Curveball,BR,7,7.87,1,1,1,100.0,0,0.0,3,3,100.0,42.86,1,14.29,57.14,40.0,9.09,50.0,0.0,0.0,0.0,0.0,0.0,677956
CH,Changeup,OS,3,3.37,1,1,0,0.0,0,0.0,1,0,0.0,0.0,1,33.33,33.33,0.0,4.55,0.0,0.0,0.0,0.0,0.0,0.0,677956
FC,Cutter,FB,2,2.25,1,1,0,0.0,0,0.0,2,1,50.0,50.0,0,0.0,50.0,,0.0,,1.0,1.0,2.0,3.0,1.0,677956
FS,Split-Finger,OS,2,2.25,0,0,0,,0,,0,0,,0.0,1,50.0,50.0,0.0,0.0,,,,,,,677956
FF,4-Seam Fastball,FB,206,30.25,48,41,12,25.0,7,14.58,93,24,25.81,11.65,35,16.99,28.64,19.78,29.82,17.65,0.293,0.396,0.585,0.981,0.292,678009
SL,Slider,BR,93,13.66,23,23,7,30.43,0,0.0,46,13,28.26,13.98,14,15.05,29.03,25.0,17.11,17.95,0.217,0.217,0.304,0.521,0.087,678009
CH,Changeup,OS,91,13.36,21,19,2,9.52,2,9.52,39,12,30.77,13.19,5,5.49,18.68,24.19,15.35,5.71,0.263,0.333,0.316,0.649,0.0529999999999999,678009
SI,Sinker,FB,78,11.45,16,15,6,37.5,1,6.25,32,8,25.0,10.26,25,32.05,42.31,23.33,7.89,33.33,0.067,0.125,0.133,0.258,0.066,678009
FC,Cutter,FB,62,9.1,17,15,4,23.53,2,11.76,26,6,23.08,9.68,10,16.13,25.81,21.88,6.58,26.67,0.267,0.353,0.533,0.886,0.266,678009
CU,Curveball,BR,61,8.96,16,14,4,25.0,1,6.25,29,9,31.03,14.75,13,21.31,36.07,38.24,7.89,22.22,0.071,0.125,0.143,0.268,0.072,678009
FS,Split-Finger,OS,33,4.85,11,11,5,45.45,0,0.0,18,8,44.44,24.24,3,9.09,33.33,40.0,7.02,31.25,0.273,0.273,0.273,0.546,0.0,678009
ST,Sweeper,BR,31,4.55,6,4,2,33.33,2,33.33,6,2,33.33,6.45,10,32.26,38.71,5.88,3.95,22.22,0.25,0.5,0.25,0.75,0.0,678009
KC,Knuckle Curve,BR,19,2.79,6,5,3,50.0,1,16.67,11,5,45.45,26.32,3,15.79,42.11,50.0,3.95,33.33,0.2,0.333,0.2,0.533,0.0,678009
EP,Eephus,,3,0.44,2,2,0,0.0,0,0.0,2,0,0.0,0.0,1,33.33,33.33,100.0,0.0,,0.0,0.0,0.0,0.0,0.0,678009
SV,Slurve,BR,3,0.44,1,1,0,0.0,0,0.0,1,0,0.0,0.0,0,0.0,0.0,0.0,0.44,0.0,0.0,0.0,0.0,0.0,0.0,678009
,,,1,0.15,0,0,0,,0,,0,0,,0.0,0,0.0,0.0,,0.0,,,,,,,678009
FF,4-Seam Fastball,FB,107,41.0,27,20,6,22.22,5,18.52,47,15,31.91,14.02,23,21.5,35.51,12.77,32.35,27.27,0.15,0.346,0.15,0.496,0.0,678011
SI,Sinker,FB,46,17.62,15,14,3,20.0,1,6.67,20,2,10.0,4.35,10,21.74,26.09,18.18,17.65,25.0,0.143,0.2,0.143,0.3429999999999999,0.0,678011
CH,Changeup,OS,29,11.11,5,5,1,20.0,0,0.0,7,3,42.86,10.34,4,13.79,24.14,13.64,8.82,16.67,0.2,0.2,0.2,0.4,0.0,678011
FS,Split-Finger,OS,17,6.51,3,2,2,66.67,1,33.33,8,3,37.5,17.65,0,0.0,17.65,25.0,13.24,22.22,0.0,0.333,0.0,0.333,0.0,678011
CU,Curveball,BR,15,5.75,3,2,0,0.0,0,0.0,5,1,20.0,6.67,3,20.0,26.67,22.22,1.47,0.0,0.5,0.333,0.5,0.833,0.0,678011
FC,Cutter,FB,15,5.75,6,6,1,16.67,0,0.0,8,2,25.0,13.33,0,0.0,13.33,0.0,11.76,12.5,0.333,0.333,0.5,0.833,0.1669999999999999,678011
SL,Slider,BR,13,4.98,4,3,1,25.0,1,25.0,6,3,50.0,23.08,1,7.69,30.77,40.0,8.82,16.67,0.333,0.5,0.333,0.833,0.0,678011
ST,Sweeper,BR,12,4.6,4,4,1,25.0,0,0.0,6,1,16.67,8.33,5,41.67,50.0,50.0,2.94,50.0,0.0,0.0,0.0,0.0,0.0,678011
KC,Knuckle Curve,BR,4,1.53,1,1,0,0.0,0,0.0,2,0,0.0,0.0,0,0.0,0.0,33.33,2.94,0.0,0.0,0.0,0.0,0.0,0.0,678011
EP,Eephus,,2,0.77,1,1,0,0.0,0,0.0,1,0,0.0,0.0,0,0.0,0.0,100.0,0.0,,0.0,0.0,0.0,0.0,0.0,678011
SV,Slurve,BR,1,0.38,0,0,0,,0,,0,0,,0.0,0,0.0,0.0,0.0,0.0,,,,,,,678011
FF,4-Seam Fastball,FB,38,43.68,7,3,1,14.29,4,57.14,17,5,29.41,13.16,5,13.16,26.32,27.27,39.13,11.11,0.0,0.571,0.0,0.571,0.0,678225
FC,Cutter,FB,15,17.24,2,2,1,50.0,0,0.0,8,4,50.0,26.67,2,13.33,40.0,37.5,8.7,50.0,0.0,0.0,0.0,0.0,0.0,678225
CH,Changeup,OS,10,11.49,4,4,0,0.0,0,0.0,6,1,16.67,10.0,0,0.0,10.0,33.33,13.04,0.0,0.25,0.25,0.25,0.5,0.0,678225
SI,Sinker,FB,7,8.05,2,2,0,0.0,0,0.0,2,0,0.0,0.0,0,0.0,0.0,0.0,0.0,,0.0,0.0,0.0,0.0,0.0,678225
SL,Slider,BR,5,5.75,2,2,1,50.0,0,0.0,1,0,0.0,0.0,2,40.0,40.0,0.0,8.7,50.0,0.0,0.0,0.0,0.0,0.0,678225
ST,Sweeper,BR,4,4.6,1,0,0,0.0,1,100.0,0,0,,0.0,0,0.0,0.0,0.0,13.04,0.0,,1.0,,,,678225
CU,Curveball,BR,3,3.45,1,1,1,100.0,0,0.0,1,1,100.0,33.33,0,0.0,33.33,33.33,8.7,50.0,0.0,0.0,0.0,0.0,0.0,678225
FS,Split-Finger,OS,3,3.45,1,1,1,100.0,0,0.0,2,2,100.0,66.67,0,0.0,66.67,50.0,4.35,100.0,0.0,0.0,0.0,0.0,0.0,678225
FO,Forkball,OS,1,1.15,1,1,1,100.0,0,0.0,1,1,100.0,100.0,0,0.0,100.0,100.0,4.35,100.0,0.0,0.0,0.0,0.0,0.0,678225
KC,Knuckle Curve,BR,1,1.15,0,0,0,,0,,0,0,,0.0,0,0.0,0.0,,0.0,,,,,,,678225
FF,4-Seam Fastball,FB,596,35.14,144,121,25,17.36,19,13.19,284,62,21.83,10.4,94,15.77,26.17,18.01,34.73,13.19,0.231,0.35,0.488,0.838,0.257,678246
SI,Sinker,FB,308,18.16,90,80,12,13.33,9,10.0,157,17,10.83,5.52,51,16.56,22.08,20.0,14.5,15.79,0.225,0.311,0.412,0.723,0.1869999999999999,678246
SL,Slider,BR,269,15.86,56,52,15,26.79,4,7.14,109,30,27.52,11.15,53,19.7,30.86,25.17,15.27,18.75,0.231,0.286,0.365,0.651,0.1339999999999999,678246
ST,Sweeper,BR,174,10.26,39,36,6,15.38,2,5.13,75,20,26.67,11.49,23,13.22,24.71,16.67,12.98,8.82,0.278,0.308,0.389,0.6970000000000001,0.1109999999999999,678246
FC,Cutter,FB,152,8.96,35,30,5,14.29,4,11.43,70,19,27.14,12.5,26,17.11,29.61,23.38,7.63,12.5,0.233,0.343,0.267,0.6100000000000001,0.034,678246
CU,Curveball,BR,87,5.13,26,26,4,15.38,0,0.0,40,7,17.5,8.05,12,13.79,21.84,32.14,7.06,10.81,0.115,0.115,0.115,0.23,0.0,678246
CH,Changeup,OS,52,3.07,13,11,1,7.69,2,15.38,25,4,16.0,7.69,3,5.77,13.46,20.69,3.24,5.88,0.182,0.308,0.455,0.763,0.273,678246
KC,Knuckle Curve,BR,24,1.42,7,5,1,14.29,2,28.57,9,2,22.22,8.33,3,12.5,20.83,18.75,1.72,11.11,0.4,0.571,0.6,1.1709999999999998,0.1999999999999999,678246
FS,Split-Finger,OS,15,0.88,3,2,2,66.67,0,0.0,9,2,22.22,13.33,0,0.0,13.33,14.29,2.1,18.18,0.0,0.333,0.0,0.333,0.0,678246
SV,Slurve,BR,9,0.53,2,2,0,0.0,0,0.0,2,0,0.0,0.0,2,22.22,22.22,0.0,0.0,,0.0,0.0,0.0,0.0,0.0,678246
FA,Other,,3,0.18,0,0,0,,0,,2,0,0.0,0.0,0,0.0,0.0,50.0,0.38,0.0,,,,,,678246
,,,3,0.18,0,0,0,,0,,0,0,,0.0,0,0.0,0.0,,0.19,0.0,,,,,,678246
EP,Eephus,,2,0.12,1,1,1,100.0,0,0.0,1,0,0.0,0.0,1,50.0,50.0,,0.19,100.0,0.0,0.0,0.0,0.0,0.0,678246
CS,Slow Curve,BR,2,0.12,0,0,0,,0,,0,0,,0.0,0,0.0,0.0,0.0,0.0,,,,,,,678246
FF,4-Seam Fastball,FB,102,45.74,29,26,8,27.59,2,6.9,53,11,20.75,10.78,12,11.76,22.55,13.95,52.0,20.51,0.192,0.25,0.346,0.596,0.1539999999999999,678391
CH,Changeup,OS,29,13.0,9,9,1,11.11,0,0.0,18,5,27.78,17.24,3,10.34,27.59,33.33,14.67,9.09,0.222,0.222,0.222,0.444,0.0,678391
SL,Slider,BR,29,13.0,9,6,2,22.22,1,11.11,16,5,31.25,17.24,2,6.9,24.14,28.57,10.67,25.0,0.167,0.375,0.167,0.542,0.0,678391
SI,Sinker,FB,16,7.17,4,4,0,0.0,0,0.0,7,1,14.29,6.25,0,0.0,6.25,0.0,4.0,0.0,0.0,0.0,0.0,0.0,0.0,678391
FC,Cutter,FB,13,5.83,3,2,1,33.33,0,0.0,7,4,57.14,30.77,0,0.0,30.77,14.29,1.33,100.0,0.0,0.333,0.0,0.333,0.0,678391
FS,Split-Finger,OS,12,5.38,2,1,0,0.0,1,50.0,3,0,0.0,0.0,1,8.33,8.33,0.0,9.33,0.0,0.0,0.5,0.0,0.5,0.0,678391
ST,Sweeper,BR,11,4.93,3,2,0,0.0,0,0.0,5,2,40.0,18.18,3,27.27,45.45,0.0,4.0,0.0,0.0,0.333,0.0,0.333,0.0,678391
CU,Curveball,BR,9,4.04,1,1,1,100.0,0,0.0,4,1,25.0,11.11,2,22.22,33.33,50.0,4.0,33.33,0.0,0.0,0.0,0.0,0.0,678391
KC,Knuckle Curve,BR,2,0.9,0,0,0,,0,,0,0,,0.0,1,50.0,50.0,,0.0,,,,,,,678391
FF,4-Seam Fastball,FB,51,38.06,13,13,3,23.08,0,0.0,23,4,17.39,7.84,9,17.65,25.49,20.0,29.73,27.27,0.154,0.154,0.231,0.385,0.077,678489
CH,Changeup,OS,26,19.4,8,7,3,37.5,0,0.0,14,6,42.86,23.08,2,7.69,30.77,44.44,29.73,27.27,0.0,0.0,0.0,0.0,0.0,678489
SL,Slider,BR,16,11.94,5,5,3,60.0,0,0.0,8,4,50.0,25.0,3,18.75,43.75,50.0,13.51,60.0,0.0,0.0,0.0,0.0,0.0,678489
CU,Curveball,BR,14,10.45,4,4,2,50.0,0,0.0,8,4,50.0,28.57,4,28.57,57.14,85.71,13.51,40.0,0.5,0.5,0.5,1.0,0.0,678489
FC,Cutter,FB,11,8.21,1,1,0,0.0,0,0.0,2,0,0.0,0.0,7,63.64,63.64,0.0,5.41,0.0,0.0,0.0,0.0,0.0,0.0,678489
SI,Sinker,FB,8,5.97,1,1,0,0.0,0,0.0,3,0,0.0,0.0,2,25.0,25.0,40.0,5.41,0.0,0.0,0.0,0.0,0.0,0.0,678489
FS,Split-Finger,OS,5,3.73,1,1,0,0.0,0,0.0,2,1,50.0,20.0,0,0.0,20.0,25.0,2.7,0.0,0.0,0.0,0.0,0.0,0.0,678489
ST,Sweeper,BR,3,2.24,0,0,0,,0,,2,1,50.0,33.33,1,33.33,66.67,100.0,0.0,,,,,,,678489
FF,4-Seam Fastball,FB,146,27.09,41,35,7,17.07,3,7.32,68,11,16.18,7.53,29,19.86,27.4,21.13,28.49,14.29,0.257,0.35,0.371,0.721,0.1139999999999999,678554
SI,Sinker,FB,121,22.45,31,29,5,16.13,1,3.23,57,6,10.53,4.96,25,20.66,25.62,20.83,10.47,27.78,0.276,0.323,0.345,0.6679999999999999,0.0689999999999999,678554
SL,Slider,BR,99,18.37,22,22,8,36.36,0,0.0,56,21,37.5,21.21,14,14.14,35.35,46.43,20.93,22.22,0.364,0.364,0.682,1.046,0.318,678554
ST,Sweeper,BR,47,8.72,15,13,5,33.33,1,6.67,16,3,18.75,6.38,11,23.4,29.79,13.04,11.63,25.0,0.154,0.214,0.154,0.368,0.0,678554
FC,Cutter,FB,34,6.31,9,8,3,33.33,1,11.11,22,7,31.82,20.59,4,11.76,32.35,46.67,4.07,42.86,0.25,0.333,0.25,0.583,0.0,678554
CH,Changeup,OS,29,5.38,5,4,2,40.0,0,0.0,16,3,18.75,10.34,3,10.34,20.69,42.11,7.56,15.38,0.0,0.2,0.0,0.2,0.0,678554
FS,Split-Finger,OS,22,4.08,7,7,4,57.14,0,0.0,11,4,36.36,18.18,3,13.64,31.82,45.45,7.56,30.77,0.143,0.143,0.143,0.286,0.0,678554
CU,Curveball,BR,20,3.71,5,5,4,80.0,0,0.0,9,4,44.44,20.0,6,30.0,50.0,40.0,5.81,40.0,0.0,0.0,0.0,0.0,0.0,678554
KC,Knuckle Curve,BR,13,2.41,3,3,0,0.0,0,0.0,5,1,20.0,7.69,3,23.08,30.77,25.0,2.33,0.0,1.0,1.0,1.333,2.333,0.3329999999999999,678554
,,,8,1.48,2,2,2,100.0,0,0.0,5,3,60.0,37.5,1,12.5,50.0,,1.16,100.0,0.0,0.0,0.0,0.0,0.0,678554
FF,4-Seam Fastball,FB,364,32.85,76,70,24,31.58,5,6.58,205,64,31.22,17.58,25,6.87,24.45,31.98,35.92,17.91,0.2,0.253,0.314,0.567,0.1139999999999999,678662
SL,Slider,BR,234,21.12,75,71,20,26.67,2,2.67,150,54,36.0,23.08,20,8.55,31.62,52.14,22.52,23.81,0.225,0.243,0.352,0.595,0.1269999999999999,678662
SI,Sinker,FB,150,13.54,50,47,2,4.0,1,2.0,104,11,10.58,7.33,15,10.0,17.33,37.5,4.83,11.11,0.319,0.333,0.574,0.907,0.2549999999999999,678662
ST,Sweeper,BR,147,13.27,43,41,13,30.23,0,0.0,94,40,42.55,27.21,11,7.48,34.69,50.0,15.82,22.03,0.146,0.143,0.244,0.387,0.098,678662
FC,Cutter,FB,74,6.68,14,12,2,14.29,1,7.14,42,13,30.95,17.57,6,8.11,25.68,36.36,4.29,12.5,0.333,0.385,0.417,0.802,0.0839999999999999,678662
CH,Changeup,OS,53,4.78,19,18,4,21.05,1,5.26,37,11,29.73,20.75,3,5.66,26.42,52.0,6.43,16.67,0.278,0.316,0.5,0.8160000000000001,0.2219999999999999,678662
CU,Curveball,BR,39,3.52,10,10,4,40.0,0,0.0,20,10,50.0,25.64,9,23.08,48.72,47.62,3.75,28.57,0.5,0.5,0.5,1.0,0.0,678662
FS,Split-Finger,OS,24,2.17,8,6,2,25.0,1,12.5,17,9,52.94,37.5,0,0.0,37.5,53.33,3.22,16.67,0.167,0.375,0.333,0.708,0.166,678662
KC,Knuckle Curve,BR,11,0.99,2,2,0,0.0,0,0.0,5,1,20.0,9.09,0,0.0,9.09,14.29,1.34,0.0,1.0,1.0,1.5,2.5,0.5,678662
FO,Forkball,OS,8,0.72,2,1,0,0.0,1,50.0,3,1,33.33,12.5,1,12.5,25.0,33.33,1.34,0.0,1.0,1.0,4.0,5.0,3.0,678662
SV,Slurve,BR,2,0.18,1,1,1,100.0,0,0.0,1,1,100.0,50.0,1,50.0,100.0,100.0,0.27,100.0,0.0,0.0,0.0,0.0,0.0,678662
,,,2,0.18,1,1,1,100.0,0,0.0,0,0,,0.0,0,0.0,0.0,,0.27,100.0,0.0,0.0,0.0,0.0,0.0,678662
ST,Sweeper,BR,56,22.05,16,16,6,37.5,0,0.0,36,18,50.0,32.14,6,10.71,42.86,51.61,28.95,27.27,0.125,0.125,0.312,0.437,0.187,678877
SI,Sinker,FB,53,20.87,12,11,0,0.0,1,8.33,32,1,3.12,1.89,6,11.32,13.21,58.06,1.32,0.0,0.0,0.083,0.0,0.083,0.0,678877
FF,4-Seam Fastball,FB,52,20.47,14,13,6,42.86,1,7.14,29,7,24.14,13.46,4,7.69,21.15,36.0,26.32,30.0,0.154,0.214,0.231,0.445,0.077,678877
SL,Slider,BR,41,16.14,9,9,3,33.33,0,0.0,25,12,48.0,29.27,4,9.76,39.02,48.0,19.74,20.0,0.222,0.222,0.222,0.444,0.0,678877
CH,Changeup,OS,21,8.27,8,8,3,37.5,0,0.0,11,4,36.36,19.05,3,14.29,33.33,50.0,10.53,37.5,0.375,0.375,0.75,1.125,0.375,678877
FC,Cutter,FB,14,5.51,3,3,1,33.33,0,0.0,7,3,42.86,21.43,2,14.29,35.71,28.57,5.26,25.0,0.0,0.0,0.0,0.0,0.0,678877
FS,Split-Finger,OS,8,3.15,0,0,0,,0,,3,2,66.67,25.0,1,12.5,37.5,0.0,2.63,0.0,,,,,,678877
CU,Curveball,BR,6,2.36,3,3,0,0.0,0,0.0,3,0,0.0,0.0,0,0.0,0.0,50.0,3.95,0.0,0.0,0.0,0.0,0.0,0.0,678877
KC,Knuckle Curve,BR,1,0.39,1,1,1,100.0,0,0.0,1,1,100.0,100.0,0,0.0,100.0,100.0,1.32,100.0,0.0,0.0,0.0,0.0,0.0,678877
SV,Slurve,BR,1,0.39,1,1,0,0.0,0,0.0,1,0,0.0,0.0,0,0.0,0.0,,0.0,,0.0,0.0,0.0,0.0,0.0,678877
,,,1,0.39,0,0,0,,0,,0,0,,0.0,0,0.0,0.0,,0.0,,,,,,,678877
FF,4-Seam Fastball,FB,448,29.73,118,107,33,27.97,10,8.47,273,73,26.74,16.29,56,12.5,28.79,38.54,32.86,20.37,0.262,0.331,0.449,0.78,0.187,678882
SI,Sinker,FB,305,20.24,86,77,7,8.14,4,4.65,167,26,15.57,8.52,59,19.34,27.87,45.45,9.74,14.58,0.234,0.298,0.273,0.571,0.039,678882
SL,Slider,BR,265,17.58,78,77,11,14.1,1,1.28,164,41,25.0,15.47,32,12.08,27.55,48.23,19.07,11.7,0.273,0.282,0.468,0.75,0.195,678882
ST,Sweeper,BR,135,8.96,43,40,2,4.65,2,4.65,75,15,20.0,11.11,11,8.15,19.26,37.33,9.13,4.44,0.25,0.302,0.375,0.677,0.125,678882
CH,Changeup,OS,102,6.77,30,28,14,46.67,2,6.67,61,23,37.7,22.55,9,8.82,31.37,47.46,9.33,30.43,0.25,0.3,0.464,0.764,0.214,678882
FC,Cutter,FB,80,5.31,18,16,1,5.56,1,5.56,42,13,30.95,16.25,7,8.75,25.0,34.15,2.64,7.69,0.25,0.294,0.312,0.606,0.062,678882
FS,Split-Finger,OS,66,4.38,22,21,10,45.45,1,4.55,41,15,36.59,22.73,3,4.55,27.27,53.19,8.11,25.0,0.19,0.227,0.286,0.513,0.0959999999999999,678882
CU,Curveball,BR,56,3.72,11,11,1,9.09,0,0.0,31,10,32.26,17.86,5,8.93,26.79,40.0,4.87,4.17,0.455,0.455,0.636,1.091,0.181,678882
KC,Knuckle Curve,BR,22,1.46,8,7,2,25.0,0,0.0,15,5,33.33,22.73,1,4.55,27.27,58.33,1.62,25.0,0.429,0.429,0.857,1.286,0.428,678882
SV,Slurve,BR,14,0.93,6,6,1,16.67,0,0.0,10,3,30.0,21.43,1,7.14,28.57,57.14,1.42,14.29,0.333,0.333,1.0,1.333,0.667,678882
EP,Eephus,,7,0.46,2,2,0,0.0,0,0.0,4,0,0.0,0.0,2,28.57,28.57,66.67,0.41,0.0,0.5,0.5,0.5,1.0,0.0,678882
FA,Other,,3,0.2,1,1,0,0.0,0,0.0,1,0,0.0,0.0,1,33.33,33.33,0.0,0.2,0.0,0.0,0.0,0.0,0.0,0.0,678882
FO,Forkball,OS,3,0.2,2,2,2,100.0,0,0.0,2,2,100.0,66.67,0,0.0,66.67,66.67,0.41,100.0,0.0,0.0,0.0,0.0,0.0,678882
CS,Slow Curve,BR,1,0.07,1,1,0,0.0,0,0.0,1,0,0.0,0.0,0,0.0,0.0,100.0,0.2,0.0,0.0,0.0,0.0,0.0,0.0,678882
FF,4-Seam Fastball,FB,52,24.3,12,11,2,16.67,1,8.33,21,4,19.05,7.69,18,34.62,42.31,25.0,16.67,20.0,0.273,0.333,0.636,0.969,0.363,678894
SL,Slider,BR,51,23.83,14,13,5,35.71,1,7.14,18,7,38.89,13.73,12,23.53,37.25,4.55,26.67,31.25,0.231,0.286,0.462,0.748,0.231,678894
SI,Sinker,FB,41,19.16,14,13,1,7.14,0,0.0,22,2,9.09,4.88,9,21.95,26.83,16.67,13.33,12.5,0.154,0.214,0.154,0.368,0.0,678894
CU,Curveball,BR,27,12.62,4,4,1,25.0,0,0.0,10,5,50.0,18.52,5,18.52,37.04,14.29,15.0,11.11,0.0,0.0,0.0,0.0,0.0,678894
ST,Sweeper,BR,18,8.41,4,4,3,75.0,0,0.0,8,5,62.5,27.78,2,11.11,38.89,38.46,16.67,30.0,0.0,0.0,0.0,0.0,0.0,678894
CH,Changeup,OS,11,5.14,2,2,1,50.0,0,0.0,4,3,75.0,27.27,1,9.09,36.36,25.0,5.0,33.33,0.5,0.5,0.5,1.0,0.0,678894
FC,Cutter,FB,9,4.21,3,3,0,0.0,0,0.0,5,0,0.0,0.0,0,0.0,0.0,20.0,3.33,0.0,0.333,0.333,0.333,0.666,0.0,678894
FA,Other,,2,0.93,1,1,0,0.0,0,0.0,1,0,0.0,0.0,0,0.0,0.0,0.0,0.0,,0.0,0.0,0.0,0.0,0.0,678894
KC,Knuckle Curve,BR,2,0.93,1,1,1,100.0,0,0.0,1,1,100.0,50.0,0,0.0,50.0,0.0,3.33,50.0,0.0,0.0,0.0,0.0,0.0,678894
FS,Split-Finger,OS,1,0.47,0,0,0,,0,,0,0,,0.0,0,0.0,0.0,0.0,0.0,,,,,,,678894
FF,4-Seam Fastball,FB,97,27.87,19,15,9,47.37,3,15.79,48,17,35.42,17.53,21,21.65,39.18,37.21,26.21,33.33,0.133,0.263,0.133,0.396,0.0,679032
SI,Sinker,FB,83,23.85,21,17,3,14.29,2,9.52,38,6,15.79,7.23,22,26.51,33.73,37.14,12.62,23.08,0.235,0.3,0.235,0.5349999999999999,0.0,679032
SL,Slider,BR,55,15.8,21,21,6,28.57,0,0.0,39,18,46.15,32.73,3,5.45,38.18,59.38,18.45,31.58,0.286,0.286,0.286,0.572,0.0,679032
ST,Sweeper,BR,41,11.78,10,10,2,20.0,0,0.0,20,4,20.0,9.76,3,7.32,17.07,36.0,12.62,15.38,0.1,0.1,0.1,0.2,0.0,679032
FC,Cutter,FB,21,6.03,6,4,1,16.67,2,33.33,8,2,25.0,9.52,3,14.29,23.81,25.0,3.88,25.0,0.25,0.5,0.25,0.75,0.0,679032
CH,Changeup,OS,16,4.6,6,6,1,16.67,0,0.0,9,2,22.22,12.5,1,6.25,18.75,0.0,8.74,11.11,0.167,0.167,0.167,0.334,0.0,679032
CU,Curveball,BR,15,4.31,5,5,2,40.0,0,0.0,10,3,30.0,20.0,3,20.0,40.0,50.0,5.83,33.33,0.2,0.2,0.2,0.4,0.0,679032
KC,Knuckle Curve,BR,13,3.74,6,4,1,16.67,0,0.0,11,2,18.18,15.38,0,0.0,15.38,66.67,7.77,12.5,0.0,0.0,0.0,0.0,0.0,679032
FS,Split-Finger,OS,4,1.15,2,2,0,0.0,0,0.0,3,0,0.0,0.0,0,0.0,0.0,50.0,2.91,0.0,1.0,1.0,2.5,3.5,1.5,679032
EP,Eephus,,1,0.29,1,1,0,0.0,0,0.0,1,0,0.0,0.0,0,0.0,0.0,,0.0,,1.0,1.0,2.0,3.0,1.0,679032
SV,Slurve,BR,1,0.29,0,0,0,,0,,0,0,,0.0,0,0.0,0.0,0.0,0.97,0.0,,,,,,679032
,,,1,0.29,0,0,0,,0,,0,0,,0.0,0,0.0,0.0,,0.0,,,,,,,679032
FF,4-Seam Fastball,FB,447,23.94,130,112,25,19.23,15,11.54,212,37,17.45,8.28,72,16.11,24.38,13.61,24.79,17.12,0.277,0.369,0.5,0.869,0.2229999999999999,679529
SI,Sinker,FB,412,22.07,109,90,20,18.35,15,13.76,170,24,14.12,5.83,86,20.87,26.7,16.94,13.24,25.64,0.233,0.367,0.4,0.767,0.167,679529
SL,Slider,BR,306,16.39,76,72,27,35.53,4,5.26,138,55,39.86,17.97,51,16.67,34.64,26.11,17.49,26.21,0.222,0.263,0.375,0.638,0.153,679529
ST,Sweeper,BR,251,13.44,42,38,19,45.24,4,9.52,108,41,37.96,16.33,33,13.15,29.48,22.7,15.45,20.88,0.132,0.214,0.263,0.477,0.131,679529
FC,Cutter,FB,139,7.45,29,25,6,20.69,2,6.9,66,20,30.3,14.39,24,17.27,31.65,21.54,6.45,13.16,0.24,0.345,0.4,0.745,0.16,679529
CH,Changeup,OS,107,5.73,29,27,12,41.38,2,6.9,53,20,37.74,18.69,14,13.08,31.78,33.87,8.32,24.49,0.259,0.31,0.852,1.162,0.593,679529
CU,Curveball,BR,89,4.77,15,13,4,26.67,1,6.67,37,11,29.73,12.36,12,13.48,25.84,19.15,5.77,11.76,0.308,0.333,0.769,1.102,0.461,679529
FS,Split-Finger,OS,65,3.48,22,20,11,50.0,1,4.55,36,17,47.22,26.15,5,7.69,33.85,39.02,5.26,35.48,0.1,0.182,0.1,0.282,0.0,679529
SV,Slurve,BR,22,1.18,2,2,2,100.0,0,0.0,5,2,40.0,9.09,8,36.36,45.45,7.69,1.19,28.57,0.0,0.0,0.0,0.0,0.0,679529
KC,Knuckle Curve,BR,14,0.75,3,3,1,33.33,0,0.0,4,1,25.0,7.14,4,28.57,35.71,25.0,1.02,16.67,0.0,0.0,0.0,0.0,0.0,679529
FA,Other,,7,0.37,1,1,0,0.0,0,0.0,4,0,0.0,0.0,0,0.0,0.0,0.0,0.68,0.0,0.0,0.0,0.0,0.0,0.0,679529
EP,Eephus,,2,0.11,1,1,0,0.0,0,0.0,1,0,0.0,0.0,1,50.0,50.0,100.0,0.0,,1.0,1.0,1.0,2.0,0.0,679529
CS,Slow Curve,BR,2,0.11,0,0,0,,0,,1,1,100.0,50.0,0,0.0,50.0,50.0,0.17,0.0,,,,,,679529
FO,Forkball,OS,2,0.11,0,0,0,,0,,1,0,0.0,0.0,0,0.0,0.0,0.0,0.17,0.0,,,,,,679529
,,,2,0.11,0,0,0,,0,,0,0,,0.0,0,0.0,0.0,,0.0,,,,,,,679529
FF,4-Seam Fastball,FB,2,50.0,0,0,0,,0,,1,0,0.0,0.0,0,0.0,0.0,0.0,50.0,0.0,,,,,,679631
FC,Cutter,FB,1,25.0,0,0,0,,0,,1,0,0.0,0.0,0,0.0,0.0,,0.0,,,,,,,679631
SL,Slider,BR,1,25.0,1,1,0,0.0,0,0.0,1,0,0.0,0.0,0,0.0,0.0,100.0,50.0,0.0,0.0,0.0,0.0,0.0,0.0,679631
FF,4-Seam Fastball,FB,117,29.25,37,31,2,5.41,4,10.81,56,5,8.93,4.27,28,23.93,28.21,27.66,26.14,8.7,0.226,0.297,0.419,0.716,0.1929999999999999,679845
SI,Sinker,FB,102,25.5,28,27,4,14.29,1,3.57,49,4,8.16,3.92,20,19.61,23.53,18.92,14.77,30.77,0.222,0.25,0.259,0.509,0.037,679845
SL,Slider,BR,52,13.0,21,18,5,23.81,2,9.52,27,6,22.22,11.54,3,5.77,17.31,36.36,17.05,33.33,0.389,0.45,0.889,1.339,0.5,679845
ST,Sweeper,BR,40,10.0,10,10,3,30.0,0,0.0,18,5,27.78,12.5,7,17.5,30.0,22.22,14.77,23.08,0.0,0.0,0.0,0.0,0.0,679845
FC,Cutter,FB,37,9.25,11,10,0,0.0,0,0.0,18,4,22.22,10.81,4,10.81,21.62,16.67,3.41,0.0,0.1,0.182,0.1,0.282,0.0,679845
CH,Changeup,OS,20,5.0,5,4,0,0.0,1,20.0,8,3,37.5,15.0,1,5.0,20.0,10.0,12.5,0.0,0.0,0.2,0.0,0.2,0.0,679845
KC,Knuckle Curve,BR,13,3.25,4,4,1,25.0,0,0.0,5,1,20.0,7.69,1,7.69,15.38,12.5,6.82,16.67,0.25,0.25,0.25,0.5,0.0,679845
FS,Split-Finger,OS,8,2.0,2,2,0,0.0,0,0.0,4,1,25.0,12.5,1,12.5,25.0,40.0,2.27,0.0,0.5,0.5,1.0,1.5,0.5,679845
CU,Curveball,BR,5,1.25,0,0,0,,0,,1,1,100.0,20.0,1,20.0,40.0,0.0,1.14,0.0,,,,,,679845
EP,Eephus,,2,0.5,1,0,0,0.0,1,100.0,0,0,,0.0,0,0.0,0.0,0.0,0.0,,,1.0,,,,679845
FA,Other,,2,0.5,0,0,0,,0,,0,0,,0.0,0,0.0,0.0,0.0,0.0,,,,,,,679845
FO,Forkball,OS,2,0.5,1,1,1,100.0,0,0.0,1,1,100.0,50.0,1,50.0,100.0,100.0,1.14,100.0,0.0,0.0,0.0,0.0,0.0,679845
FF,4-Seam Fastball,FB,6,66.67,3,1,0,0.0,0,0.0,5,1,20.0,16.67,1,16.67,33.33,100.0,50.0,0.0,0.0,0.0,0.0,0.0,0.0,680118
SL,Slider,BR,3,33.33,0,0,0,,0,,1,0,0.0,0.0,0,0.0,0.0,0.0,50.0,0.0,,,,,,680118
FF,4-Seam Fastball,FB,182,30.85,50,41,12,24.0,6,12.0,84,23,27.38,12.64,35,19.23,31.87,26.83,33.91,20.34,0.146,0.28,0.22,0.5,0.074,680474
SI,Sinker,FB,136,23.05,39,34,3,7.69,4,10.26,66,11,16.67,8.09,21,15.44,23.53,18.97,19.54,8.82,0.206,0.289,0.382,0.671,0.176,680474
SL,Slider,BR,96,16.27,15,12,4,26.67,2,13.33,28,8,28.57,8.33,24,25.0,33.33,12.0,14.37,16.0,0.167,0.286,0.167,0.4529999999999999,0.0,680474
ST,Sweeper,BR,69,11.69,16,16,4,25.0,0,0.0,30,9,30.0,13.04,12,17.39,30.43,20.59,17.82,12.9,0.312,0.312,0.375,0.687,0.063,680474
FC,Cutter,FB,34,5.76,9,7,0,0.0,1,11.11,16,4,25.0,11.76,2,5.88,17.65,6.25,2.3,0.0,0.286,0.444,0.286,0.73,0.0,680474
CH,Changeup,OS,33,5.59,7,6,2,28.57,1,14.29,18,8,44.44,24.24,2,6.06,30.3,27.78,6.32,9.09,0.5,0.571,0.833,1.404,0.3329999999999999,680474
CU,Curveball,BR,15,2.54,1,1,0,0.0,0,0.0,3,0,0.0,0.0,3,20.0,20.0,0.0,1.72,0.0,1.0,1.0,1.0,2.0,0.0,680474
FS,Split-Finger,OS,11,1.86,3,2,2,66.67,1,33.33,4,2,50.0,18.18,1,9.09,27.27,28.57,2.87,40.0,0.0,0.333,0.0,0.333,0.0,680474
KC,Knuckle Curve,BR,6,1.02,2,2,1,50.0,0,0.0,1,0,0.0,0.0,2,33.33,33.33,0.0,1.15,50.0,0.0,0.0,0.0,0.0,0.0,680474
FA,Other,,4,0.68,3,3,0,0.0,0,0.0,4,0,0.0,0.0,0,0.0,0.0,,0.0,,0.0,0.0,0.0,0.0,0.0,680474
EP,Eephus,,2,0.34,2,2,0,0.0,0,0.0,2,0,0.0,0.0,0,0.0,0.0,,0.0,,0.5,0.5,0.5,1.0,0.0,680474
CS,Slow Curve,BR,1,0.17,0,0,0,,0,,0,0,,0.0,0,0.0,0.0,0.0,0.0,,,,,,,680474
SV,Slurve,BR,1,0.17,1,1,0,0.0,0,0.0,1,0,0.0,0.0,0,0.0,0.0,,0.0,,0.0,0.0,0.0,0.0,0.0,680474
FF,4-Seam Fastball,FB,531,29.26,106,85,28,26.42,18,16.98,220,54,24.55,10.17,121,22.79,32.96,22.92,27.37,17.95,0.282,0.404,0.494,0.898,0.212,680574
SL,Slider,BR,401,22.09,99,96,39,39.39,3,3.03,184,80,43.48,19.95,68,16.96,36.91,31.1,23.68,28.89,0.188,0.212,0.323,0.535,0.135,680574
SI,Sinker,FB,356,19.61,110,92,17,15.45,14,12.73,155,24,15.48,6.74,83,23.31,30.06,29.17,11.58,25.76,0.228,0.339,0.337,0.676,0.109,680574
ST,Sweeper,BR,181,9.97,42,42,15,35.71,0,0.0,70,21,30.0,11.6,38,20.99,32.6,21.88,13.16,20.0,0.143,0.143,0.214,0.357,0.071,680574
FC,Cutter,FB,103,5.67,13,13,4,30.77,0,0.0,47,10,21.28,9.71,26,25.24,34.95,31.25,3.68,19.05,0.462,0.462,0.538,1.0,0.076,680574
CU,Curveball,BR,101,5.56,30,28,12,40.0,1,3.33,34,12,35.29,11.88,24,23.76,35.64,19.23,8.25,25.53,0.071,0.133,0.071,0.204,0.0,680574
CH,Changeup,OS,54,2.98,18,15,8,44.44,2,11.11,36,16,44.44,29.63,2,3.7,33.33,46.67,5.44,25.81,0.133,0.222,0.2,0.422,0.067,680574
FS,Split-Finger,OS,40,2.2,11,11,2,18.18,0,0.0,18,5,27.78,12.5,4,10.0,22.5,30.43,3.51,10.0,0.091,0.091,0.182,0.273,0.091,680574
KC,Knuckle Curve,BR,36,1.98,13,12,2,15.38,0,0.0,16,3,18.75,8.33,4,11.11,19.44,20.0,3.33,10.53,0.333,0.385,0.417,0.802,0.0839999999999999,680574
SV,Slurve,BR,5,0.28,1,1,0,0.0,0,0.0,1,0,0.0,0.0,0,0.0,0.0,0.0,0.0,,1.0,1.0,2.0,3.0,1.0,680574
FA,Other,,5,0.28,1,0,0,0.0,1,100.0,1,0,0.0,0.0,0,0.0,0.0,0.0,0.0,,,1.0,,,,680574
EP,Eephus,,1,0.06,1,1,0,0.0,0,0.0,1,0,0.0,0.0,0,0.0,0.0,,0.0,,1.0,1.0,1.0,2.0,0.0,680574
,,,1,0.06,1,0,0,0.0,0,0.0,1,0,0.0,0.0,0,0.0,0.0,,0.0,,,0.0,,,,680574
FF,4-Seam Fastball,FB,106,41.25,27,26,9,33.33,1,3.7,60,12,20.0,11.32,17,16.04,27.36,26.67,37.65,28.12,0.115,0.148,0.115,0.263,0.0,680577
SI,Sinker,FB,38,14.79,11,11,3,27.27,0,0.0,22,2,9.09,5.26,8,21.05,26.32,21.43,14.12,25.0,0.091,0.091,0.091,0.182,0.0,680577
FC,Cutter,FB,27,10.51,8,7,1,12.5,0,0.0,14,0,0.0,0.0,4,14.81,14.81,22.22,7.06,16.67,0.0,0.125,0.0,0.125,0.0,680577
SL,Slider,BR,26,10.12,9,9,2,22.22,0,0.0,14,2,14.29,7.69,2,7.69,15.38,16.67,10.59,22.22,0.333,0.333,0.667,1.0,0.334,680577
CH,Changeup,OS,22,8.56,8,8,4,50.0,0,0.0,14,9,64.29,40.91,1,4.55,45.45,50.0,9.41,50.0,0.0,0.0,0.0,0.0,0.0,680577
CU,Curveball,BR,20,7.78,2,2,2,100.0,0,0.0,5,3,60.0,15.0,6,30.0,45.0,27.27,9.41,25.0,0.0,0.0,0.0,0.0,0.0,680577
FS,Split-Finger,OS,12,4.67,2,2,0,0.0,0,0.0,5,1,20.0,8.33,1,8.33,16.67,16.67,7.06,0.0,0.0,0.0,0.0,0.0,0.0,680577
ST,Sweeper,BR,4,1.56,2,2,0,0.0,0,0.0,2,0,0.0,0.0,0,0.0,0.0,0.0,3.53,0.0,0.5,0.5,2.0,2.5,1.5,680577
KC,Knuckle Curve,BR,2,0.78,0,0,0,,0,,0,0,,0.0,0,0.0,0.0,0.0,1.18,0.0,,,,,,680577
FF,4-Seam Fastball,FB,49,43.36,11,11,3,27.27,0,0.0,21,4,19.05,8.16,11,22.45,30.61,23.81,40.0,25.0,0.364,0.364,0.455,0.819,0.091,680700
SL,Slider,BR,11,9.73,3,2,2,66.67,1,33.33,6,2,33.33,18.18,1,9.09,27.27,42.86,10.0,66.67,0.0,0.333,0.0,0.333,0.0,680700
SI,Sinker,FB,11,9.73,3,2,0,0.0,1,33.33,4,0,0.0,0.0,1,9.09,9.09,16.67,10.0,0.0,0.0,0.333,0.0,0.333,0.0,680700
CH,Changeup,OS,10,8.85,4,4,0,0.0,0,0.0,5,1,20.0,10.0,1,10.0,20.0,20.0,10.0,0.0,0.75,0.75,1.0,1.75,0.25,680700
CU,Curveball,BR,9,7.96,3,3,0,0.0,0,0.0,3,0,0.0,0.0,4,44.44,44.44,0.0,6.67,0.0,0.333,0.333,1.333,1.666,1.0,680700
FS,Split-Finger,OS,9,7.96,1,1,1,100.0,0,0.0,3,2,66.67,22.22,2,22.22,44.44,16.67,13.33,25.0,0.0,0.0,0.0,0.0,0.0,680700
FC,Cutter,FB,7,6.19,1,1,0,0.0,0,0.0,3,1,33.33,14.29,2,28.57,42.86,0.0,0.0,,0.0,0.0,0.0,0.0,0.0,680700
ST,Sweeper,BR,4,3.54,1,1,1,100.0,0,0.0,2,2,100.0,50.0,1,25.0,75.0,0.0,6.67,50.0,0.0,0.0,0.0,0.0,0.0,680700
KC,Knuckle Curve,BR,3,2.65,2,2,0,0.0,0,0.0,3,0,0.0,0.0,0,0.0,0.0,,3.33,0.0,1.0,1.0,1.0,2.0,0.0,680700
ST,Sweeper,BR,12,40.0,3,3,2,66.67,0,0.0,7,2,28.57,16.67,1,8.33,25.0,33.33,38.46,40.0,0.0,0.0,0.0,0.0,0.0,680716
SL,Slider,BR,9,30.0,2,2,1,50.0,0,0.0,5,3,60.0,33.33,0,0.0,33.33,33.33,30.77,25.0,0.0,0.0,0.0,0.0,0.0,680716
FF,4-Seam Fastball,FB,6,20.0,0,0,0,,0,,3,0,0.0,0.0,2,33.33,33.33,0.0,23.08,0.0,,,,,,680716
FC,Cutter,FB,2,6.67,1,1,0,0.0,0,0.0,1,0,0.0,0.0,1,50.0,50.0,,0.0,,0.0,0.0,0.0,0.0,0.0,680716
CU,Curveball,BR,1,3.33,1,1,0,0.0,0,0.0,1,0,0.0,0.0,0,0.0,0.0,,7.69,0.0,1.0,1.0,1.0,2.0,0.0,680716
FF,4-Seam Fastball,FB,547,33.33,142,130,34,23.94,11,7.75,271,58,21.4,10.6,90,16.45,27.06,24.78,38.84,17.44,0.2,0.262,0.362,0.624,0.1619999999999999,680718
CH,Changeup,OS,242,14.75,55,52,11,20.0,3,5.45,113,28,24.78,11.57,20,8.26,19.83,28.48,15.34,14.29,0.212,0.255,0.462,0.7170000000000001,0.25,680718
SL,Slider,BR,203,12.37,47,44,14,29.79,3,6.38,108,40,37.04,19.7,33,16.26,35.96,40.38,11.75,23.73,0.295,0.34,0.5,0.8400000000000001,0.205,680718
CU,Curveball,BR,153,9.32,29,26,12,41.38,1,3.45,51,19,37.25,12.42,35,22.88,35.29,26.67,8.17,29.27,0.077,0.143,0.077,0.2199999999999999,0.0,680718
FC,Cutter,FB,150,9.14,42,40,7,16.67,1,2.38,95,22,23.16,14.67,21,14.0,28.67,52.94,4.18,33.33,0.3,0.31,0.575,0.885,0.2749999999999999,680718
SI,Sinker,FB,114,6.95,41,37,5,12.2,4,9.76,66,13,19.7,11.4,16,14.04,25.44,26.19,6.37,15.62,0.324,0.39,0.622,1.012,0.298,680718
ST,Sweeper,BR,78,4.75,19,17,6,31.58,0,0.0,39,12,30.77,15.38,15,19.23,34.62,36.11,5.98,20.0,0.353,0.421,0.882,1.303,0.529,680718
FS,Split-Finger,OS,69,4.2,20,18,4,20.0,2,10.0,40,14,35.0,20.29,2,2.9,23.19,31.58,4.38,18.18,0.389,0.45,1.0,1.45,0.611,680718
KC,Knuckle Curve,BR,52,3.17,7,6,1,14.29,1,14.29,17,3,17.65,5.77,10,19.23,25.0,20.0,4.18,4.76,0.167,0.286,0.333,0.619,0.166,680718
EP,Eephus,,15,0.91,7,7,0,0.0,0,0.0,10,0,0.0,0.0,1,6.67,6.67,50.0,0.4,0.0,0.571,0.571,0.714,1.285,0.143,680718
,,,12,0.73,4,0,0,0.0,4,100.0,0,0,,0.0,0,0.0,0.0,,0.2,0.0,,1.0,,,,680718
FA,Other,,3,0.18,1,0,0,0.0,0,0.0,1,0,0.0,0.0,1,33.33,33.33,0.0,0.0,,,0.0,,,,680718
CS,Slow Curve,BR,2,0.12,0,0,0,,0,,1,0,0.0,0.0,0,0.0,0.0,50.0,0.2,0.0,,,,,,680718
SV,Slurve,BR,1,0.06,0,0,0,,0,,0,0,,0.0,0,0.0,0.0,0.0,0.0,,,,,,,680718
FF,4-Seam Fastball,FB,195,39.31,52,50,15,28.85,1,1.92,101,22,21.78,11.28,37,18.97,30.26,28.17,40.76,23.44,0.24,0.269,0.34,0.609,0.1,680728
CH,Changeup,OS,55,11.09,14,14,6,42.86,0,0.0,31,14,45.16,25.45,4,7.27,32.73,28.57,9.55,40.0,0.286,0.286,0.286,0.572,0.0,680728
CU,Curveball,BR,55,11.09,10,9,4,40.0,0,0.0,16,7,43.75,12.73,12,21.82,34.55,23.53,11.46,22.22,0.222,0.2,0.667,0.867,0.445,680728
FC,Cutter,FB,51,10.28,11,10,0,0.0,0,0.0,29,6,20.69,11.76,7,13.73,25.49,40.0,4.46,0.0,0.6,0.6,0.9,1.5,0.3,680728
SL,Slider,BR,46,9.27,10,10,8,80.0,0,0.0,18,12,66.67,26.09,14,30.43,56.52,44.0,12.1,42.11,0.1,0.1,0.4,0.5,0.3,680728
ST,Sweeper,BR,32,6.45,7,6,5,71.43,1,14.29,12,7,58.33,21.88,7,21.88,43.75,34.62,7.01,45.45,0.167,0.286,0.667,0.953,0.5,680728
SI,Sinker,FB,32,6.45,9,6,2,22.22,3,33.33,13,4,30.77,12.5,6,18.75,31.25,22.22,7.01,18.18,0.167,0.444,0.167,0.611,0.0,680728
FS,Split-Finger,OS,26,5.24,10,8,3,30.0,2,20.0,11,6,54.55,23.08,1,3.85,26.92,18.75,7.01,27.27,0.25,0.4,0.25,0.65,0.0,680728
KC,Knuckle Curve,BR,4,0.81,0,0,0,,0,,1,0,0.0,0.0,0,0.0,0.0,0.0,0.64,0.0,,,,,,680728
FF,4-Seam Fastball,FB,77,35.0,23,20,5,21.74,2,8.7,43,6,13.95,7.79,10,12.99,20.78,25.81,41.67,20.0,0.2,0.273,0.3,0.573,0.0999999999999999,680737
SI,Sinker,FB,42,19.09,9,7,0,0.0,2,22.22,20,2,10.0,4.76,10,23.81,28.57,25.0,10.0,0.0,0.429,0.556,0.429,0.985,0.0,680737
SL,Slider,BR,35,15.91,7,7,1,14.29,0,0.0,17,4,23.53,11.43,3,8.57,20.0,21.05,16.67,10.0,0.0,0.0,0.0,0.0,0.0,680737
ST,Sweeper,BR,26,11.82,8,7,2,25.0,0,0.0,13,3,23.08,11.54,3,11.54,23.08,35.71,16.67,20.0,0.429,0.429,1.0,1.429,0.571,680737
FC,Cutter,FB,13,5.91,5,4,1,20.0,1,20.0,7,2,28.57,15.38,3,23.08,38.46,33.33,5.0,33.33,0.25,0.4,1.0,1.4,0.75,680737
CH,Changeup,OS,12,5.45,5,5,1,20.0,0,0.0,7,1,14.29,8.33,2,16.67,25.0,28.57,6.67,25.0,0.2,0.2,0.2,0.4,0.0,680737
CU,Curveball,BR,9,4.09,1,1,0,0.0,0,0.0,2,0,0.0,0.0,2,22.22,22.22,20.0,3.33,0.0,1.0,1.0,3.0,4.0,2.0,680737
FS,Split-Finger,OS,4,1.82,1,1,0,0.0,0,0.0,2,0,0.0,0.0,1,25.0,25.0,50.0,0.0,,1.0,1.0,1.0,2.0,0.0,680737
CS,Slow Curve,BR,1,0.45,0,0,0,,0,,1,0,0.0,0.0,0,0.0,0.0,,0.0,,,,,,,680737
FA,Other,,1,0.45,1,1,0,0.0,0,0.0,1,0,0.0,0.0,0,0.0,0.0,100.0,0.0,,1.0,1.0,1.0,2.0,0.0,680737
FF,4-Seam Fastball,FB,765,39.33,201,173,10,4.98,20,9.95,329,21,6.38,2.75,177,23.14,25.88,22.42,33.99,5.24,0.254,0.332,0.387,0.7190000000000001,0.133,680757
CH,Changeup,OS,245,12.6,60,57,7,11.67,3,5.0,110,17,15.45,6.94,32,13.06,20.0,29.61,15.84,7.87,0.281,0.317,0.421,0.738,0.1399999999999999,680757
SI,Sinker,FB,230,11.83,58,49,2,3.45,7,12.07,87,2,2.3,0.87,69,30.0,30.87,15.38,9.07,3.92,0.347,0.414,0.51,0.924,0.163,680757
SL,Slider,BR,196,10.08,44,44,9,20.45,0,0.0,83,14,16.87,7.14,46,23.47,30.61,26.83,12.63,12.68,0.159,0.159,0.227,0.386,0.068,680757
FC,Cutter,FB,157,8.07,34,29,3,8.82,5,14.71,67,6,8.96,3.82,28,17.83,21.66,20.27,7.12,7.5,0.31,0.412,0.483,0.895,0.173,680757
FS,Split-Finger,OS,113,5.81,24,24,5,20.83,0,0.0,44,8,18.18,7.08,10,8.85,15.93,23.68,8.36,10.64,0.167,0.167,0.208,0.375,0.0409999999999999,680757
CU,Curveball,BR,94,4.83,14,12,0,0.0,2,14.29,34,2,5.88,2.13,27,28.72,30.85,21.74,4.8,0.0,0.583,0.643,1.167,1.81,0.5840000000000001,680757
ST,Sweeper,BR,87,4.47,21,20,3,14.29,1,4.76,29,2,6.9,2.3,24,27.59,29.89,15.0,5.16,10.34,0.55,0.571,0.65,1.221,0.0999999999999999,680757
KC,Knuckle Curve,BR,46,2.37,14,13,1,7.14,1,7.14,16,0,0.0,0.0,9,19.57,19.57,16.67,2.49,7.14,0.308,0.357,0.308,0.665,0.0,680757
SV,Slurve,BR,8,0.41,1,1,0,0.0,0,0.0,5,1,20.0,12.5,2,25.0,37.5,75.0,0.53,0.0,1.0,1.0,1.0,2.0,0.0,680757
,,,4,0.21,1,0,0,0.0,1,100.0,0,0,,0.0,0,0.0,0.0,,0.0,,,1.0,,,,680757
FF,4-Seam Fastball,FB,25,40.32,5,5,3,60.0,0,0.0,11,6,54.55,24.0,4,16.0,40.0,37.5,44.44,37.5,0.0,0.0,0.0,0.0,0.0,680769
FC,Cutter,FB,9,14.52,2,2,1,50.0,0,0.0,5,1,20.0,11.11,0,0.0,11.11,20.0,11.11,50.0,0.0,0.0,0.0,0.0,0.0,680769
CH,Changeup,OS,5,8.06,1,1,0,0.0,0,0.0,3,1,33.33,20.0,1,20.0,40.0,66.67,5.56,0.0,0.0,0.0,0.0,0.0,0.0,680769
KC,Knuckle Curve,BR,5,8.06,3,3,2,66.67,0,0.0,4,2,50.0,40.0,1,20.0,60.0,100.0,16.67,66.67,0.0,0.0,0.0,0.0,0.0,680769
CU,Curveball,BR,4,6.45,1,1,0,0.0,0,0.0,2,1,50.0,25.0,0,0.0,25.0,0.0,0.0,,1.0,1.0,1.0,2.0,0.0,680769
SL,Slider,BR,4,6.45,1,1,0,0.0,0,0.0,3,1,33.33,25.0,0,0.0,25.0,50.0,5.56,0.0,1.0,1.0,1.0,2.0,0.0,680769
SI,Sinker,FB,4,6.45,1,1,1,100.0,0,0.0,2,2,100.0,50.0,1,25.0,75.0,0.0,5.56,100.0,0.0,0.0,0.0,0.0,0.0,680769
ST,Sweeper,BR,4,6.45,1,1,0,0.0,0,0.0,2,0,0.0,0.0,2,50.0,50.0,,5.56,0.0,1.0,1.0,1.0,2.0,0.0,680769
FS,Split-Finger,OS,2,3.23,1,1,0,0.0,0,0.0,2,0,0.0,0.0,0,0.0,0.0,,5.56,0.0,0.0,0.0,0.0,0.0,0.0,680769
FF,4-Seam Fastball,FB,749,40.66,190,159,39,20.53,25,13.16,363,89,24.52,11.88,126,16.82,28.7,26.35,39.31,20.21,0.296,0.402,0.547,0.949,0.251,680776
CH,Changeup,OS,239,12.98,73,71,18,24.66,2,2.74,121,46,38.02,19.25,16,6.69,25.94,35.44,14.26,25.71,0.254,0.274,0.324,0.5980000000000001,0.07,680776
SL,Slider,BR,187,10.15,54,48,18,33.33,4,7.41,90,29,32.22,15.51,34,18.18,33.69,37.11,11.2,32.73,0.229,0.315,0.396,0.7110000000000001,0.167,680776
FC,Cutter,FB,150,8.14,43,36,5,11.63,6,13.95,64,13,20.31,8.67,29,19.33,28.0,24.66,5.7,17.86,0.25,0.372,0.5,0.872,0.25,680776
CU,Curveball,BR,139,7.55,27,24,11,40.74,1,3.7,57,23,40.35,16.55,23,16.55,33.09,32.95,7.94,28.21,0.125,0.185,0.125,0.31,0.0,680776
FS,Split-Finger,OS,132,7.17,39,38,10,25.64,1,2.56,68,27,39.71,20.45,9,6.82,27.27,38.2,9.16,22.22,0.342,0.359,0.763,1.122,0.421,680776
SI,Sinker,FB,123,6.68,32,27,5,15.62,5,15.62,47,4,8.51,3.25,30,24.39,27.64,15.69,5.91,17.24,0.333,0.438,0.519,0.957,0.186,680776
ST,Sweeper,BR,47,2.55,13,11,3,23.08,2,15.38,20,4,20.0,8.51,9,19.15,27.66,29.17,2.04,30.0,0.364,0.462,0.636,1.098,0.272,680776
KC,Knuckle Curve,BR,36,1.95,7,6,2,28.57,1,14.29,12,3,25.0,8.33,5,13.89,22.22,24.0,2.44,16.67,0.333,0.429,0.5,0.929,0.1669999999999999,680776
SV,Slurve,BR,16,0.87,4,3,1,25.0,1,25.0,5,2,40.0,12.5,3,18.75,31.25,18.18,0.81,25.0,0.0,0.25,0.0,0.25,0.0,680776
EP,Eephus,,7,0.38,2,0,0,0.0,1,50.0,1,0,0.0,0.0,1,14.29,14.29,0.0,0.0,,,1.0,,,,680776
,,,6,0.33,1,0,0,0.0,1,100.0,0,0,,0.0,0,0.0,0.0,,0.0,,,1.0,,,,680776
FA,Other,,6,0.33,1,1,0,0.0,0,0.0,1,0,0.0,0.0,2,33.33,33.33,0.0,0.61,0.0,1.0,1.0,2.0,3.0,1.0,680776
FO,Forkball,OS,4,0.22,2,2,0,0.0,0,0.0,2,0,0.0,0.0,0,0.0,0.0,50.0,0.61,0.0,0.5,0.5,1.5,2.0,1.0,680776
PO,Pitch Out,,1,0.05,0,0,0,,0,,0,0,,0.0,0,0.0,0.0,0.0,0.0,,,,,,,680776
FF,4-Seam Fastball,FB,370,29.3,105,95,18,17.14,8,7.62,163,23,14.11,6.22,105,28.38,34.59,32.28,28.49,17.31,0.274,0.337,0.463,0.8,0.189,680777
SI,Sinker,FB,300,23.75,84,77,16,19.05,7,8.33,108,8,7.41,2.67,94,31.33,34.0,26.98,16.44,26.67,0.247,0.31,0.364,0.6739999999999999,0.1169999999999999,680777
SL,Slider,BR,208,16.47,45,42,9,20.0,2,4.44,86,25,29.07,12.02,29,13.94,25.96,23.08,16.71,14.75,0.19,0.227,0.357,0.584,0.1669999999999999,680777
ST,Sweeper,BR,119,9.42,27,26,7,25.93,1,3.7,53,15,28.3,12.61,16,13.45,26.05,31.51,13.97,13.73,0.192,0.222,0.308,0.53,0.1159999999999999,680777
FC,Cutter,FB,90,7.13,15,13,2,13.33,2,13.33,35,10,28.57,11.11,15,16.67,27.78,14.58,3.29,16.67,0.308,0.4,0.308,0.708,0.0,680777
CU,Curveball,BR,54,4.28,10,10,2,20.0,0,0.0,16,4,25.0,7.41,8,14.81,22.22,14.71,5.75,9.52,0.3,0.3,0.7,1.0,0.3999999999999999,680777
FS,Split-Finger,OS,43,3.4,11,10,5,45.45,1,9.09,19,8,42.11,18.6,4,9.3,27.91,28.0,4.93,27.78,0.1,0.182,0.1,0.282,0.0,680777
CH,Changeup,OS,39,3.09,9,8,3,33.33,0,0.0,19,5,26.32,12.82,3,7.69,20.51,34.62,4.93,16.67,0.5,0.556,0.5,1.056,0.0,680777
KC,Knuckle Curve,BR,18,1.43,7,7,5,71.43,0,0.0,7,4,57.14,22.22,4,22.22,44.44,33.33,3.01,45.45,0.0,0.0,0.0,0.0,0.0,680777
SV,Slurve,BR,14,1.11,5,5,1,20.0,0,0.0,7,1,14.29,7.14,1,7.14,14.29,25.0,2.19,12.5,0.6,0.6,0.6,1.2,0.0,680777
EP,Eephus,,7,0.55,2,1,0,0.0,1,50.0,1,0,0.0,0.0,1,14.29,14.29,0.0,0.0,,0.0,0.5,0.0,0.5,0.0,680777
,,,1,0.08,1,0,0,0.0,1,100.0,0,0,,0.0,0,0.0,0.0,,0.27,0.0,,1.0,,,,680777
FF,4-Seam Fastball,FB,256,31.41,76,66,18,23.68,6,7.89,150,44,29.33,17.19,29,11.33,28.52,34.51,35.21,19.15,0.182,0.27,0.242,0.512,0.06,680779
SL,Slider,BR,174,21.35,50,48,15,30.0,1,2.0,90,31,34.44,17.82,17,9.77,27.59,36.79,20.22,27.78,0.146,0.16,0.312,0.472,0.166,680779
SI,Sinker,FB,154,18.9,41,31,8,19.51,4,9.76,92,19,20.65,12.34,25,16.23,28.57,31.58,11.99,25.0,0.29,0.395,0.419,0.8140000000000001,0.129,680779
ST,Sweeper,BR,74,9.08,20,20,8,40.0,0,0.0,37,12,32.43,16.22,10,13.51,29.73,34.15,10.86,27.59,0.1,0.1,0.1,0.2,0.0,680779
CH,Changeup,OS,39,4.79,8,8,6,75.0,0,0.0,24,11,45.83,28.21,2,5.13,33.33,44.0,5.99,37.5,0.0,0.0,0.0,0.0,0.0,680779
FC,Cutter,FB,38,4.66,8,6,1,12.5,2,25.0,20,6,30.0,15.79,5,13.16,28.95,47.37,2.62,14.29,0.167,0.375,0.167,0.542,0.0,680779
CU,Curveball,BR,35,4.29,10,8,0,0.0,0,0.0,17,2,11.76,5.71,4,11.43,17.14,33.33,5.62,0.0,0.25,0.3,0.625,0.925,0.375,680779
FS,Split-Finger,OS,25,3.07,5,5,4,80.0,0,0.0,14,7,50.0,28.0,4,16.0,44.0,42.86,4.12,36.36,0.0,0.0,0.0,0.0,0.0,680779
KC,Knuckle Curve,BR,13,1.6,2,2,1,50.0,0,0.0,5,3,60.0,23.08,0,0.0,23.08,30.0,1.87,20.0,0.5,0.5,0.5,1.0,0.0,680779
SV,Slurve,BR,5,0.61,0,0,0,,0,,1,0,0.0,0.0,1,20.0,20.0,0.0,0.75,0.0,,,,,,680779
SC,Screwball,,1,0.12,0,0,0,,0,,0,0,,0.0,0,0.0,0.0,,0.37,0.0,,,,,,680779
FO,Forkball,OS,1,0.12,1,1,0,0.0,0,0.0,1,0,0.0,0.0,0,0.0,0.0,,0.37,0.0,0.0,0.0,0.0,0.0,0.0,680779
FF,4-Seam Fastball,FB,39,32.77,13,12,2,15.38,1,7.69,21,7,33.33,17.95,4,10.26,28.21,25.0,37.5,16.67,0.167,0.231,0.417,0.648,0.2499999999999999,680837
CH,Changeup,OS,18,15.13,5,4,2,40.0,1,20.0,7,2,28.57,11.11,3,16.67,27.78,20.0,12.5,50.0,0.5,0.6,0.5,1.1,0.0,680837
CU,Curveball,BR,14,11.76,2,2,2,100.0,0,0.0,7,4,57.14,28.57,3,21.43,50.0,55.56,12.5,50.0,0.0,0.0,0.0,0.0,0.0,680837
SI,Sinker,FB,13,10.92,5,4,0,0.0,1,20.0,4,0,0.0,0.0,2,15.38,15.38,22.22,6.25,0.0,0.0,0.2,0.0,0.2,0.0,680837
SL,Slider,BR,10,8.4,2,1,0,0.0,1,50.0,6,3,50.0,30.0,1,10.0,40.0,60.0,9.38,0.0,1.0,1.0,4.0,5.0,3.0,680837
FC,Cutter,FB,9,7.56,4,4,0,0.0,0,0.0,6,0,0.0,0.0,0,0.0,0.0,40.0,6.25,0.0,0.25,0.25,0.25,0.5,0.0,680837
FS,Split-Finger,OS,8,6.72,1,0,0,0.0,1,100.0,4,3,75.0,37.5,0,0.0,37.5,50.0,9.38,0.0,,1.0,,,,680837
ST,Sweeper,BR,8,6.72,1,1,0,0.0,0,0.0,1,0,0.0,0.0,4,50.0,50.0,0.0,6.25,0.0,1.0,1.0,1.0,2.0,0.0,680837
SI,Sinker,FB,75,29.53,19,17,7,36.84,1,5.26,42,10,23.81,13.33,15,20.0,33.33,32.35,34.94,24.14,0.118,0.211,0.294,0.505,0.176,680862
FF,4-Seam Fastball,FB,60,23.62,22,21,3,13.64,1,4.55,38,9,23.68,15.0,8,13.33,28.33,27.78,20.48,17.65,0.238,0.273,0.286,0.5589999999999999,0.0479999999999999,680862
SL,Slider,BR,43,16.93,12,11,4,33.33,1,8.33,18,8,44.44,18.6,9,20.93,39.53,22.73,16.87,28.57,0.091,0.167,0.091,0.258,0.0,680862
FC,Cutter,FB,20,7.87,5,5,0,0.0,0,0.0,12,1,8.33,5.0,4,20.0,25.0,33.33,2.41,0.0,0.2,0.2,0.2,0.4,0.0,680862
ST,Sweeper,BR,17,6.69,2,2,0,0.0,0,0.0,6,1,16.67,5.88,2,11.76,17.65,27.27,9.64,0.0,0.0,0.0,0.0,0.0,0.0,680862
CU,Curveball,BR,15,5.91,5,5,2,40.0,0,0.0,8,3,37.5,20.0,2,13.33,33.33,28.57,6.02,40.0,0.4,0.4,0.6,1.0,0.1999999999999999,680862
CH,Changeup,OS,7,2.76,3,3,2,66.67,0,0.0,5,2,40.0,28.57,0,0.0,28.57,50.0,4.82,50.0,0.333,0.333,0.333,0.666,0.0,680862
SV,Slurve,BR,5,1.97,0,0,0,,0,,2,1,50.0,20.0,0,0.0,20.0,0.0,2.41,0.0,,,,,,680862
FA,Other,,4,1.57,1,0,0,0.0,1,100.0,1,0,0.0,0.0,0,0.0,0.0,0.0,0.0,,,1.0,,,,680862
KC,Knuckle Curve,BR,3,1.18,1,1,1,100.0,0,0.0,3,3,100.0,100.0,0,0.0,100.0,100.0,1.2,100.0,0.0,0.0,0.0,0.0,0.0,680862
FS,Split-Finger,OS,3,1.18,1,1,0,0.0,0,0.0,2,0,0.0,0.0,0,0.0,0.0,50.0,1.2,0.0,0.0,0.0,0.0,0.0,0.0,680862
CS,Slow Curve,BR,1,0.39,0,0,0,,0,,0,0,,0.0,0,0.0,0.0,,0.0,,,,,,,680862
,,,1,0.39,0,0,0,,0,,0,0,,0.0,0,0.0,0.0,,0.0,,,,,,,680862
SI,Sinker,FB,87,29.1,22,21,7,31.82,1,4.55,40,15,37.5,17.24,13,14.94,32.18,25.58,20.69,38.89,0.19,0.227,0.19,0.417,0.0,680869
FF,4-Seam Fastball,FB,69,23.08,19,14,4,21.05,4,21.05,38,8,21.05,11.59,11,15.94,27.54,25.0,24.14,19.05,0.214,0.368,0.429,0.7969999999999999,0.215,680869
SL,Slider,BR,50,16.72,12,11,6,50.0,1,8.33,24,10,41.67,20.0,4,8.0,28.0,25.0,19.54,35.29,0.273,0.333,0.727,1.06,0.4539999999999999,680869
FC,Cutter,FB,27,9.03,6,5,4,66.67,0,0.0,17,9,52.94,33.33,5,18.52,51.85,50.0,5.75,80.0,0.0,0.0,0.0,0.0,0.0,680869
ST,Sweeper,BR,20,6.69,3,3,2,66.67,0,0.0,6,3,50.0,15.0,2,10.0,25.0,14.29,8.05,28.57,0.0,0.0,0.0,0.0,0.0,680869
CH,Changeup,OS,19,6.35,6,6,4,66.67,0,0.0,9,5,55.56,26.32,3,15.79,42.11,12.5,12.64,36.36,0.0,0.0,0.0,0.0,0.0,680869
CU,Curveball,BR,15,5.02,2,2,1,50.0,0,0.0,7,2,28.57,13.33,0,0.0,13.33,22.22,6.9,16.67,0.5,0.5,0.5,1.0,0.0,680869
EP,Eephus,,6,2.01,2,2,0,0.0,0,0.0,2,0,0.0,0.0,1,16.67,16.67,0.0,0.0,,1.0,1.0,1.0,2.0,0.0,680869
FS,Split-Finger,OS,4,1.34,2,2,2,100.0,0,0.0,3,3,100.0,75.0,0,0.0,75.0,50.0,2.3,100.0,0.0,0.0,0.0,0.0,0.0,680869
SV,Slurve,BR,2,0.67,1,1,0,0.0,0,0.0,2,1,50.0,50.0,0,0.0,50.0,100.0,0.0,,0.0,0.0,0.0,0.0,0.0,680869
SI,Sinker,FB,12,38.71,3,3,1,33.33,0,0.0,4,0,0.0,0.0,5,41.67,41.67,20.0,11.11,100.0,0.333,0.333,0.333,0.666,0.0,680911
FF,4-Seam Fastball,FB,6,19.35,1,1,1,100.0,0,0.0,4,2,50.0,33.33,0,0.0,33.33,33.33,33.33,33.33,0.0,0.0,0.0,0.0,0.0,680911
SL,Slider,BR,3,9.68,2,2,0,0.0,0,0.0,3,0,0.0,0.0,0,0.0,0.0,,22.22,0.0,0.0,0.0,0.0,0.0,0.0,680911
FC,Cutter,FB,3,9.68,1,1,0,0.0,0,0.0,2,0,0.0,0.0,0,0.0,0.0,50.0,0.0,,0.0,0.0,0.0,0.0,0.0,680911
ST,Sweeper,BR,2,6.45,0,0,0,,0,,2,0,0.0,0.0,0,0.0,0.0,100.0,11.11,0.0,,,,,,680911
SV,Slurve,BR,2,6.45,1,1,0,0.0,0,0.0,1,0,0.0,0.0,1,50.0,50.0,,0.0,,1.0,1.0,1.0,2.0,0.0,680911
CH,Changeup,OS,1,3.23,1,0,0,0.0,1,100.0,0,0,,0.0,0,0.0,0.0,0.0,11.11,0.0,,1.0,,,,680911
KC,Knuckle Curve,BR,1,3.23,0,0,0,,0,,0,0,,0.0,0,0.0,0.0,0.0,11.11,0.0,,,,,,680911
CU,Curveball,BR,1,3.23,0,0,0,,0,,0,0,,0.0,0,0.0,0.0,0.0,0.0,,,,,,,680911
FF,4-Seam Fastball,FB,454,35.72,120,104,11,9.17,16,13.33,195,14,7.18,3.08,97,21.37,24.45,17.37,32.05,11.0,0.394,0.475,0.596,1.071,0.2019999999999999,680977
SI,Sinker,FB,185,14.56,53,44,10,18.87,7,13.21,74,7,9.46,3.78,42,22.7,26.49,11.54,15.71,20.41,0.159,0.264,0.295,0.5589999999999999,0.1359999999999999,680977
CH,Changeup,OS,132,10.39,47,47,6,12.77,0,0.0,67,12,17.91,9.09,9,6.82,15.91,34.12,11.22,17.14,0.383,0.383,0.532,0.915,0.149,680977
CU,Curveball,BR,122,9.6,30,26,4,13.33,2,6.67,44,8,18.18,6.56,21,17.21,23.77,23.61,11.86,10.81,0.192,0.3,0.346,0.6459999999999999,0.1539999999999999,680977
FC,Cutter,FB,121,9.52,31,31,1,3.23,0,0.0,56,4,7.14,3.31,22,18.18,21.49,20.0,4.17,7.69,0.29,0.29,0.355,0.645,0.065,680977
SL,Slider,BR,108,8.5,32,29,2,6.25,0,0.0,49,6,12.24,5.56,17,15.74,21.3,30.51,9.62,6.67,0.276,0.323,0.276,0.599,0.0,680977
FS,Split-Finger,OS,58,4.56,16,15,2,12.5,1,6.25,32,9,28.12,15.52,4,6.9,22.41,40.0,7.05,9.09,0.267,0.312,0.333,0.645,0.066,680977
ST,Sweeper,BR,45,3.54,11,8,1,9.09,2,18.18,16,2,12.5,4.44,12,26.67,31.11,25.0,3.85,8.33,0.5,0.6,1.25,1.85,0.75,680977
KC,Knuckle Curve,BR,22,1.73,3,3,1,33.33,0,0.0,10,2,20.0,9.09,4,18.18,27.27,20.0,1.92,16.67,0.333,0.333,0.667,1.0,0.334,680977
,,,10,0.79,3,0,0,0.0,3,100.0,0,0,,0.0,0,0.0,0.0,,0.0,,,1.0,,,,680977
FO,Forkball,OS,7,0.55,0,0,0,,0,,5,1,20.0,14.29,0,0.0,14.29,71.43,1.6,0.0,,,,,,680977
SV,Slurve,BR,7,0.55,1,1,0,0.0,0,0.0,1,0,0.0,0.0,1,14.29,14.29,20.0,0.96,0.0,0.0,0.0,0.0,0.0,0.0,680977
FF,4-Seam Fastball,FB,837,43.3,170,144,30,17.65,22,12.94,338,52,15.38,6.21,211,25.21,31.42,21.45,43.27,11.11,0.292,0.383,0.528,0.911,0.236,681082
CH,Changeup,OS,236,12.21,64,61,5,7.81,2,3.12,110,10,9.09,4.24,25,10.59,14.83,29.08,14.42,5.56,0.279,0.297,0.328,0.625,0.0489999999999999,681082
SI,Sinker,FB,233,12.05,59,49,3,5.08,9,15.25,85,8,9.41,3.43,71,30.47,33.91,16.48,7.69,6.25,0.163,0.288,0.163,0.4509999999999999,0.0,681082
SL,Slider,BR,170,8.79,48,43,11,22.92,4,8.33,74,17,22.97,10.0,27,15.88,25.88,26.6,10.58,16.67,0.279,0.34,0.605,0.945,0.3259999999999999,681082
CU,Curveball,BR,148,7.66,27,26,3,11.11,1,3.7,52,6,11.54,4.05,35,23.65,27.7,26.83,8.33,5.77,0.308,0.333,0.385,0.718,0.077,681082
FC,Cutter,FB,107,5.54,18,17,3,16.67,1,5.56,47,9,19.15,8.41,31,28.97,37.38,25.0,4.97,9.68,0.294,0.333,0.647,0.98,0.353,681082
FS,Split-Finger,OS,90,4.66,22,21,5,22.73,1,4.55,35,10,28.57,11.11,12,13.33,24.44,26.67,4.97,16.13,0.286,0.318,0.286,0.604,0.0,681082
ST,Sweeper,BR,48,2.48,15,12,5,33.33,2,13.33,16,5,31.25,10.42,16,33.33,43.75,26.09,1.92,41.67,0.167,0.333,0.167,0.5,0.0,681082
KC,Knuckle Curve,BR,37,1.91,10,9,3,30.0,1,10.0,14,5,35.71,13.51,8,21.62,35.14,30.0,2.24,21.43,0.333,0.4,0.444,0.8440000000000001,0.1109999999999999,681082
FO,Forkball,OS,7,0.36,2,2,0,0.0,0,0.0,3,0,0.0,0.0,0,0.0,0.0,33.33,0.64,0.0,0.0,0.0,0.0,0.0,0.0,681082
SV,Slurve,BR,7,0.36,1,1,0,0.0,0,0.0,4,0,0.0,0.0,0,0.0,0.0,40.0,0.64,0.0,0.0,0.0,0.0,0.0,0.0,681082
KN,Knuckleball,,6,0.31,1,1,0,0.0,0,0.0,2,0,0.0,0.0,1,16.67,16.67,0.0,0.16,0.0,0.0,0.0,0.0,0.0,0.0,681082
EP,Eephus,,3,0.16,1,1,0,0.0,0,0.0,1,0,0.0,0.0,1,33.33,33.33,0.0,0.0,,0.0,0.0,0.0,0.0,0.0,681082
,,,3,0.16,1,0,0,0.0,1,100.0,0,0,,0.0,0,0.0,0.0,,0.0,,,1.0,,,,681082
CS,Slow Curve,BR,1,0.05,1,1,1,100.0,0,0.0,1,1,100.0,100.0,0,0.0,100.0,,0.16,100.0,0.0,0.0,0.0,0.0,0.0,681082
SI,Sinker,FB,55,21.57,11,11,3,27.27,0,0.0,22,4,18.18,7.27,19,34.55,41.82,39.13,10.26,37.5,0.091,0.091,0.182,0.273,0.091,681146
FF,4-Seam Fastball,FB,49,19.22,16,12,4,25.0,2,12.5,12,1,8.33,2.04,18,36.73,38.78,10.0,21.79,23.53,0.333,0.467,0.333,0.8,0.0,681146
SL,Slider,BR,48,18.82,7,7,3,42.86,0,0.0,14,6,42.86,12.5,12,25.0,37.5,20.69,15.38,25.0,0.0,0.0,0.0,0.0,0.0,681146
ST,Sweeper,BR,39,15.29,7,7,4,57.14,0,0.0,12,5,41.67,12.82,13,33.33,46.15,17.65,23.08,22.22,0.143,0.143,0.143,0.286,0.0,681146
FC,Cutter,FB,32,12.55,5,5,0,0.0,0,0.0,10,1,10.0,3.12,9,28.12,31.25,8.33,7.69,0.0,0.0,0.0,0.0,0.0,0.0,681146
FS,Split-Finger,OS,9,3.53,4,4,3,75.0,0,0.0,4,3,75.0,33.33,2,22.22,55.56,25.0,6.41,60.0,0.0,0.0,0.0,0.0,0.0,681146
CH,Changeup,OS,8,3.14,4,4,1,25.0,0,0.0,5,2,40.0,25.0,0,0.0,25.0,40.0,3.85,33.33,0.25,0.25,0.25,0.5,0.0,681146
EP,Eephus,,6,2.35,1,1,0,0.0,0,0.0,1,0,0.0,0.0,2,33.33,33.33,0.0,3.85,0.0,1.0,1.0,1.0,2.0,0.0,681146
CU,Curveball,BR,4,1.57,2,2,1,50.0,0,0.0,2,1,50.0,25.0,1,25.0,50.0,50.0,3.85,33.33,0.0,0.0,0.0,0.0,0.0,681146
FO,Forkball,OS,3,1.18,2,1,1,50.0,1,50.0,1,1,100.0,33.33,0,0.0,33.33,33.33,3.85,33.33,0.0,0.5,0.0,0.5,0.0,681146
KC,Knuckle Curve,BR,1,0.39,0,0,0,,0,,0,0,,0.0,1,100.0,100.0,,0.0,,,,,,,681146
,,,1,0.39,0,0,0,,0,,0,0,,0.0,0,0.0,0.0,,0.0,,,,,,,681146
FF,4-Seam Fastball,FB,332,29.38,85,75,24,28.24,10,11.76,158,40,25.32,12.05,57,17.17,29.22,17.48,28.82,24.0,0.267,0.353,0.587,0.94,0.3199999999999999,681297
CH,Changeup,OS,214,18.94,47,45,21,44.68,2,4.26,96,46,47.92,21.5,26,12.15,33.64,29.77,23.05,26.25,0.178,0.213,0.178,0.391,0.0,681297
SI,Sinker,FB,118,10.44,28,25,7,25.0,3,10.71,45,9,20.0,7.63,33,27.97,35.59,21.15,7.49,26.92,0.12,0.214,0.12,0.3339999999999999,0.0,681297
SL,Slider,BR,107,9.47,28,25,12,42.86,2,7.14,49,20,40.82,18.69,22,20.56,39.25,34.62,11.24,30.77,0.12,0.214,0.32,0.534,0.2,681297
CU,Curveball,BR,92,8.14,17,14,8,47.06,3,17.65,26,14,53.85,15.22,24,26.09,41.3,16.36,8.93,25.81,0.071,0.235,0.286,0.5209999999999999,0.2149999999999999,681297
FS,Split-Finger,OS,89,7.88,30,29,12,40.0,0,0.0,49,20,40.82,22.47,7,7.87,30.34,36.0,8.36,41.38,0.138,0.167,0.276,0.443,0.138,681297
FC,Cutter,FB,83,7.35,17,16,4,23.53,1,5.88,33,8,24.24,9.64,21,25.3,34.94,16.67,4.32,26.67,0.375,0.412,0.688,1.1,0.3129999999999999,681297
ST,Sweeper,BR,45,3.98,7,6,4,57.14,1,14.29,15,10,66.67,22.22,12,26.67,48.89,27.27,4.03,28.57,0.167,0.286,0.667,0.953,0.5,681297
KC,Knuckle Curve,BR,28,2.48,4,4,2,50.0,0,0.0,8,2,25.0,7.14,6,21.43,28.57,13.33,3.17,18.18,0.0,0.0,0.0,0.0,0.0,681297
SV,Slurve,BR,7,0.62,1,1,1,100.0,0,0.0,1,1,100.0,14.29,2,28.57,42.86,20.0,0.29,100.0,0.0,0.0,0.0,0.0,0.0,681297
,,,7,0.62,2,1,0,0.0,1,50.0,2,0,0.0,0.0,1,14.29,14.29,,0.0,,1.0,1.0,1.0,2.0,0.0,681297
FA,Other,,5,0.44,1,0,0,0.0,1,100.0,1,0,0.0,0.0,1,20.0,20.0,0.0,0.29,0.0,,1.0,,,,681297
CS,Slow Curve,BR,3,0.27,1,1,0,0.0,0,0.0,2,0,0.0,0.0,0,0.0,0.0,0.0,0.0,,1.0,1.0,2.0,3.0,1.0,681297
FF,4-Seam Fastball,FB,383,26.51,77,69,26,33.77,7,9.09,177,49,27.68,12.79,64,16.71,29.5,24.19,26.61,20.31,0.217,0.289,0.377,0.6659999999999999,0.16,681351
SI,Sinker,FB,282,19.52,81,75,16,19.75,5,6.17,154,30,19.48,10.64,54,19.15,29.79,33.33,12.27,27.12,0.28,0.333,0.373,0.706,0.0929999999999999,681351
SL,Slider,BR,278,19.24,67,64,27,40.3,1,1.49,150,66,44.0,23.74,29,10.43,34.17,36.71,19.96,28.12,0.172,0.182,0.234,0.416,0.062,681351
ST,Sweeper,BR,224,15.5,67,65,23,34.33,1,1.49,123,50,40.65,22.32,23,10.27,32.59,37.01,18.3,26.14,0.169,0.182,0.415,0.597,0.2459999999999999,681351
CH,Changeup,OS,80,5.54,24,23,12,50.0,1,4.17,51,23,45.1,28.75,3,3.75,32.5,45.83,7.07,35.29,0.174,0.208,0.174,0.382,0.0,681351
FC,Cutter,FB,69,4.78,19,18,1,5.26,1,5.26,36,8,22.22,11.59,8,11.59,23.19,24.32,3.95,5.26,0.222,0.263,0.722,0.985,0.5,681351
CU,Curveball,BR,57,3.94,15,13,6,40.0,2,13.33,30,14,46.67,24.56,5,8.77,33.33,33.33,4.37,28.57,0.0,0.133,0.0,0.133,0.0,681351
FS,Split-Finger,OS,45,3.11,14,13,6,42.86,1,7.14,23,13,56.52,28.89,2,4.44,33.33,25.93,4.78,26.09,0.231,0.286,0.538,0.8240000000000001,0.307,681351
SV,Slurve,BR,14,0.97,3,3,1,33.33,0,0.0,7,3,42.86,21.43,2,14.29,35.71,16.67,1.25,16.67,0.0,0.0,0.0,0.0,0.0,681351
KC,Knuckle Curve,BR,12,0.83,6,6,2,33.33,0,0.0,8,2,25.0,16.67,1,8.33,25.0,50.0,1.46,28.57,0.333,0.333,0.833,1.166,0.4999999999999999,681351
FO,Forkball,OS,1,0.07,0,0,0,,0,,0,0,,0.0,0,0.0,0.0,0.0,0.0,,,,,,,681351
FF,4-Seam Fastball,FB,226,27.33,56,54,16,28.57,1,1.79,133,39,29.32,17.26,32,14.16,31.42,40.78,29.58,22.54,0.241,0.268,0.426,0.694,0.185,681393
SL,Slider,BR,166,20.07,47,47,15,31.91,0,0.0,95,33,34.74,19.88,15,9.04,28.92,31.25,22.5,27.78,0.191,0.191,0.319,0.51,0.128,681393
SI,Sinker,FB,162,19.59,52,47,3,5.77,2,3.85,90,8,8.89,4.94,27,16.67,21.6,31.75,10.42,12.0,0.34,0.385,0.426,0.8109999999999999,0.0859999999999999,681393
ST,Sweeper,BR,77,9.31,21,20,7,33.33,1,4.76,31,11,35.48,14.29,7,9.09,23.38,23.08,9.58,30.43,0.35,0.381,0.45,0.831,0.1,681393
FC,Cutter,FB,55,6.65,18,17,0,0.0,0,0.0,38,7,18.42,12.73,5,9.09,21.82,27.78,3.33,0.0,0.529,0.5,0.941,1.4409999999999998,0.4119999999999999,681393
CH,Changeup,OS,42,5.08,12,11,8,66.67,0,0.0,20,9,45.0,21.43,3,7.14,28.57,29.63,9.17,36.36,0.182,0.25,0.455,0.7050000000000001,0.273,681393
FS,Split-Finger,OS,31,3.75,11,10,6,54.55,1,9.09,20,13,65.0,41.94,3,9.68,51.61,59.09,5.0,50.0,0.1,0.182,0.1,0.282,0.0,681393
CU,Curveball,BR,30,3.63,9,8,5,55.56,0,0.0,16,9,56.25,30.0,4,13.33,43.33,35.29,6.25,33.33,0.125,0.111,0.25,0.361,0.125,681393
KC,Knuckle Curve,BR,29,3.51,7,7,3,42.86,0,0.0,15,7,46.67,24.14,2,6.9,31.03,40.0,4.17,30.0,0.429,0.429,0.571,1.0,0.1419999999999999,681393
EP,Eephus,,5,0.6,2,2,0,0.0,0,0.0,3,0,0.0,0.0,0,0.0,0.0,50.0,0.0,,0.0,0.0,0.0,0.0,0.0,681393
SV,Slurve,BR,2,0.24,0,0,0,,0,,0,0,,0.0,0,0.0,0.0,0.0,0.0,,,,,,,681393
FA,Other,,1,0.12,1,1,0,0.0,0,0.0,1,0,0.0,0.0,0,0.0,0.0,,0.0,,1.0,1.0,1.0,2.0,0.0,681393
CS,Slow Curve,BR,1,0.12,0,0,0,,0,,0,0,,0.0,0,0.0,0.0,0.0,0.0,,,,,,,681393
FF,4-Seam Fastball,FB,436,42.83,109,97,38,34.86,10,9.17,248,67,27.02,15.37,64,14.68,30.05,40.39,42.63,28.57,0.186,0.262,0.392,0.654,0.206,681460
CH,Changeup,OS,132,12.97,38,36,5,13.16,2,5.26,69,18,26.09,13.64,6,4.55,18.18,25.35,10.9,14.71,0.278,0.316,0.5,0.8160000000000001,0.2219999999999999,681460
CU,Curveball,BR,90,8.84,21,21,10,47.62,0,0.0,44,14,31.82,15.56,15,16.67,32.22,39.62,10.26,31.25,0.238,0.238,0.429,0.667,0.191,681460
SL,Slider,BR,87,8.55,25,21,7,28.0,1,4.0,50,15,30.0,17.24,6,6.9,24.14,34.04,11.54,19.44,0.333,0.333,0.571,0.904,0.2379999999999999,681460
SI,Sinker,FB,82,8.06,20,19,3,15.0,1,5.0,41,8,19.51,9.76,17,20.73,30.49,29.41,6.09,15.79,0.474,0.5,0.684,1.1840000000000002,0.21,681460
FC,Cutter,FB,72,7.07,19,18,4,21.05,1,5.26,39,8,20.51,11.11,7,9.72,20.83,30.95,5.77,22.22,0.333,0.368,0.444,0.812,0.1109999999999999,681460
FS,Split-Finger,OS,56,5.5,17,16,3,17.65,1,5.88,34,8,23.53,14.29,4,7.14,21.43,38.46,6.73,14.29,0.062,0.118,0.125,0.243,0.063,681460
ST,Sweeper,BR,35,3.44,7,6,4,57.14,0,0.0,18,7,38.89,20.0,3,8.57,28.57,30.0,4.49,28.57,0.0,0.143,0.0,0.143,0.0,681460
KC,Knuckle Curve,BR,14,1.38,4,4,0,0.0,0,0.0,7,0,0.0,0.0,2,14.29,14.29,14.29,1.28,0.0,0.5,0.5,0.5,1.0,0.0,681460
FA,Other,,5,0.49,2,1,0,0.0,1,50.0,2,0,0.0,0.0,0,0.0,0.0,0.0,0.0,,0.0,0.5,0.0,0.5,0.0,681460
EP,Eephus,,4,0.39,1,1,0,0.0,0,0.0,1,0,0.0,0.0,0,0.0,0.0,25.0,0.0,,1.0,1.0,1.0,2.0,0.0,681460
SV,Slurve,BR,2,0.2,1,1,0,0.0,0,0.0,1,0,0.0,0.0,1,50.0,50.0,,0.0,,1.0,1.0,1.0,2.0,0.0,681460
CS,Slow Curve,BR,1,0.1,0,0,0,,0,,0,0,,0.0,0,0.0,0.0,0.0,0.0,,,,,,,681460
SC,Screwball,,1,0.1,0,0,0,,0,,0,0,,0.0,0,0.0,0.0,0.0,0.0,,,,,,,681460
,,,1,0.1,0,0,0,,0,,0,0,,0.0,0,0.0,0.0,,0.32,0.0,,,,,,681460
FF,4-Seam Fastball,FB,472,31.68,120,113,23,19.17,2,1.67,257,54,21.01,11.44,63,13.35,24.79,36.28,29.33,18.85,0.23,0.269,0.558,0.8270000000000001,0.328,681481
CH,Changeup,OS,266,17.85,77,76,14,18.18,1,1.3,155,39,25.16,14.66,13,4.89,19.55,36.84,17.07,19.72,0.263,0.273,0.474,0.747,0.2109999999999999,681481
CU,Curveball,BR,163,10.94,41,39,15,36.59,1,2.44,77,30,38.96,18.4,26,15.95,34.36,31.03,14.9,24.19,0.205,0.244,0.385,0.629,0.18,681481
FC,Cutter,FB,159,10.67,43,39,6,13.95,2,4.65,97,24,24.74,15.09,16,10.06,25.16,36.76,6.49,22.22,0.308,0.357,0.564,0.921,0.2559999999999999,681481
SL,Slider,BR,134,8.99,37,35,14,37.84,1,2.7,69,30,43.48,22.39,12,8.96,31.34,35.44,12.02,28.0,0.2,0.216,0.429,0.645,0.2289999999999999,681481
SI,Sinker,FB,119,7.99,30,27,2,6.67,3,10.0,52,7,13.46,5.88,29,24.37,30.25,15.91,6.25,7.69,0.593,0.633,1.074,1.707,0.4810000000000001,681481
ST,Sweeper,BR,75,5.03,22,16,7,31.82,4,18.18,33,12,36.36,16.0,14,18.67,34.67,22.22,4.57,36.84,0.125,0.333,0.375,0.708,0.25,681481
FS,Split-Finger,OS,71,4.77,20,18,8,40.0,2,10.0,41,15,36.59,21.13,3,4.23,25.35,45.83,6.97,27.59,0.167,0.25,0.167,0.417,0.0,681481
SV,Slurve,BR,15,1.01,5,4,2,40.0,0,0.0,8,3,37.5,20.0,2,13.33,33.33,28.57,1.44,33.33,0.25,0.25,0.25,0.5,0.0,681481
KC,Knuckle Curve,BR,11,0.74,4,4,1,25.0,0,0.0,6,2,33.33,18.18,0,0.0,18.18,16.67,0.96,25.0,0.0,0.0,0.0,0.0,0.0,681481
CS,Slow Curve,BR,4,0.27,2,2,0,0.0,0,0.0,3,0,0.0,0.0,0,0.0,0.0,100.0,0.0,,0.5,0.5,0.5,1.0,0.0,681481
,,,1,0.07,0,0,0,,0,,0,0,,0.0,0,0.0,0.0,,0.0,,,,,,,681481
FF,4-Seam Fastball,FB,118,39.73,26,22,3,11.54,3,11.54,46,4,8.7,3.39,30,25.42,28.81,20.41,34.15,10.71,0.227,0.32,0.364,0.6839999999999999,0.1369999999999999,681508
CH,Changeup,OS,50,16.84,12,12,2,16.67,0,0.0,20,5,25.0,10.0,4,8.0,18.0,18.18,15.85,15.38,0.083,0.083,0.083,0.166,0.0,681508
SI,Sinker,FB,32,10.77,9,7,0,0.0,1,11.11,14,1,7.14,3.12,4,12.5,15.62,7.14,8.54,0.0,0.143,0.333,0.286,0.619,0.143,681508
SL,Slider,BR,31,10.44,10,8,3,30.0,1,10.0,15,3,20.0,9.68,4,12.9,22.58,23.08,10.98,33.33,0.125,0.3,0.5,0.8,0.375,681508
CU,Curveball,BR,21,7.07,4,3,0,0.0,1,25.0,8,1,12.5,4.76,5,23.81,28.57,38.46,9.76,0.0,0.0,0.25,0.0,0.25,0.0,681508
FS,Split-Finger,OS,17,5.72,4,4,2,50.0,0,0.0,8,3,37.5,17.65,2,11.76,29.41,22.22,10.98,22.22,0.0,0.0,0.0,0.0,0.0,681508
FC,Cutter,FB,17,5.72,6,5,0,0.0,0,0.0,9,2,22.22,11.76,3,17.65,29.41,37.5,3.66,0.0,0.2,0.333,0.2,0.533,0.0,681508
ST,Sweeper,BR,7,2.36,1,1,1,100.0,0,0.0,2,1,50.0,14.29,2,28.57,42.86,0.0,3.66,33.33,0.0,0.0,0.0,0.0,0.0,681508
KC,Knuckle Curve,BR,4,1.35,1,1,0,0.0,0,0.0,1,0,0.0,0.0,2,50.0,50.0,0.0,2.44,0.0,0.0,0.0,0.0,0.0,0.0,681508
FF,4-Seam Fastball,FB,145,33.41,34,31,16,47.06,3,8.82,74,26,35.14,17.93,22,15.17,33.1,18.52,32.37,35.56,0.129,0.206,0.355,0.5609999999999999,0.2259999999999999,681546
CH,Changeup,OS,82,18.89,20,19,10,50.0,0,0.0,39,20,51.28,24.39,13,15.85,40.24,36.73,18.71,38.46,0.053,0.053,0.053,0.106,0.0,681546
SL,Slider,BR,54,12.44,14,11,8,57.14,2,14.29,22,10,45.45,18.52,8,14.81,33.33,27.59,12.95,44.44,0.091,0.286,0.364,0.6499999999999999,0.273,681546
CU,Curveball,BR,41,9.45,11,11,2,18.18,0,0.0,18,6,33.33,14.63,7,17.07,31.71,28.0,10.79,13.33,0.182,0.182,0.455,0.637,0.273,681546
FC,Cutter,FB,30,6.91,6,4,1,16.67,2,33.33,13,3,23.08,10.0,4,13.33,23.33,20.0,7.91,9.09,0.5,0.667,1.5,2.167,1.0,681546
FS,Split-Finger,OS,23,5.3,6,6,3,50.0,0,0.0,11,6,54.55,26.09,2,8.7,34.78,33.33,5.76,37.5,0.167,0.167,0.167,0.334,0.0,681546
SI,Sinker,FB,21,4.84,8,6,2,25.0,2,25.0,9,1,11.11,4.76,3,14.29,19.05,0.0,3.6,40.0,0.333,0.5,1.0,1.5,0.667,681546
ST,Sweeper,BR,19,4.38,3,2,1,33.33,0,0.0,8,2,25.0,10.53,3,15.79,26.32,18.18,4.32,16.67,0.0,0.333,0.0,0.333,0.0,681546
KC,Knuckle Curve,BR,15,3.46,4,4,2,50.0,0,0.0,8,6,75.0,40.0,2,13.33,53.33,37.5,3.6,40.0,0.0,0.0,0.0,0.0,0.0,681546
SV,Slurve,BR,3,0.69,0,0,0,,0,,0,0,,0.0,2,66.67,66.67,0.0,0.0,,,,,,,681546
FA,Other,,1,0.23,1,1,0,0.0,0,0.0,1,0,0.0,0.0,0,0.0,0.0,,0.0,,1.0,1.0,1.0,2.0,0.0,681546
FF,4-Seam Fastball,FB,11,45.83,1,0,0,0.0,1,100.0,4,0,0.0,0.0,0,0.0,0.0,0.0,0.0,,,1.0,,,,681584
SI,Sinker,FB,6,25.0,1,0,0,0.0,1,100.0,0,0,,0.0,2,33.33,33.33,0.0,0.0,,,1.0,,,,681584
CH,Changeup,OS,2,8.33,1,1,1,100.0,0,0.0,1,1,100.0,50.0,0,0.0,50.0,50.0,66.67,50.0,0.0,0.0,0.0,0.0,0.0,681584
ST,Sweeper,BR,2,8.33,1,1,0,0.0,0,0.0,1,0,0.0,0.0,0,0.0,0.0,0.0,0.0,,0.0,0.0,0.0,0.0,0.0,681584
FS,Split-Finger,OS,1,4.17,1,1,0,0.0,0,0.0,1,0,0.0,0.0,0,0.0,0.0,100.0,0.0,,0.0,0.0,0.0,0.0,0.0,681584
KC,Knuckle Curve,BR,1,4.17,0,0,0,,0,,1,1,100.0,100.0,0,0.0,100.0,,0.0,,,,,,,681584
SL,Slider,BR,1,4.17,1,1,1,100.0,0,0.0,0,0,,0.0,1,100.0,100.0,,33.33,100.0,0.0,0.0,0.0,0.0,0.0,681584
FF,4-Seam Fastball,FB,507,28.76,135,118,35,25.93,11,8.15,273,49,17.95,9.66,81,15.98,25.64,31.28,28.64,20.96,0.263,0.341,0.483,0.8240000000000001,0.2199999999999999,681624
SI,Sinker,FB,391,22.18,105,97,21,20.0,4,3.81,187,30,16.04,7.67,88,22.51,30.18,34.91,19.55,18.42,0.247,0.288,0.392,0.6799999999999999,0.145,681624
SL,Slider,BR,298,16.9,85,81,9,10.59,3,3.53,164,34,20.73,11.41,31,10.4,21.81,35.33,14.58,10.59,0.284,0.318,0.556,0.8740000000000001,0.2720000000000001,681624
ST,Sweeper,BR,202,11.46,57,53,12,21.05,2,3.51,116,35,30.17,17.33,20,9.9,27.23,34.34,11.49,17.91,0.264,0.281,0.415,0.696,0.1509999999999999,681624
FC,Cutter,FB,110,6.24,22,22,2,9.09,0,0.0,66,16,24.24,14.55,12,10.91,25.45,36.96,4.12,8.33,0.182,0.182,0.455,0.637,0.273,681624
CU,Curveball,BR,93,5.28,22,21,5,22.73,1,4.55,44,10,22.73,10.75,13,13.98,24.73,26.53,6.17,13.89,0.333,0.364,0.667,1.031,0.334,681624
CH,Changeup,OS,88,4.99,22,21,6,27.27,1,4.55,49,10,20.41,11.36,7,7.95,19.32,40.38,8.92,11.54,0.143,0.182,0.19,0.372,0.047,681624
KC,Knuckle Curve,BR,34,1.93,10,10,6,60.0,0,0.0,20,8,40.0,23.53,4,11.76,35.29,33.33,2.57,40.0,0.2,0.2,0.5,0.7,0.3,681624
FS,Split-Finger,OS,30,1.7,7,6,2,28.57,1,14.29,15,5,33.33,16.67,2,6.67,23.33,38.89,2.92,11.76,0.5,0.571,1.0,1.571,0.5,681624
SV,Slurve,BR,4,0.23,2,2,1,50.0,0,0.0,2,0,0.0,0.0,1,25.0,25.0,0.0,0.34,50.0,0.0,0.0,0.0,0.0,0.0,681624
CS,Slow Curve,BR,3,0.17,1,1,1,100.0,0,0.0,1,1,100.0,33.33,0,0.0,33.33,0.0,0.51,33.33,0.0,0.0,0.0,0.0,0.0,681624
FA,Other,,2,0.11,2,2,0,0.0,0,0.0,2,0,0.0,0.0,0,0.0,0.0,,0.0,,0.5,0.5,2.0,2.5,1.5,681624
FO,Forkball,OS,1,0.06,0,0,0,,0,,0,0,,0.0,0,0.0,0.0,0.0,0.17,0.0,,,,,,681624
FF,4-Seam Fastball,FB,166,25.98,45,38,10,22.22,4,8.89,84,31,36.9,18.67,30,18.07,36.75,24.29,29.94,18.87,0.237,0.318,0.395,0.7130000000000001,0.158,681715
SI,Sinker,FB,145,22.69,53,44,8,15.09,8,15.09,71,19,26.76,13.1,27,18.62,31.72,20.69,12.99,34.78,0.341,0.453,0.636,1.089,0.295,681715
SL,Slider,BR,90,14.08,24,23,5,20.83,1,4.17,42,13,30.95,14.44,5,5.56,20.0,16.98,9.04,31.25,0.261,0.292,0.304,0.596,0.0429999999999999,681715
ST,Sweeper,BR,65,10.17,16,15,7,43.75,0,0.0,32,12,37.5,18.46,10,15.38,33.85,38.89,11.86,33.33,0.2,0.188,0.467,0.655,0.267,681715
CH,Changeup,OS,58,9.08,11,11,7,63.64,0,0.0,22,13,59.09,22.41,7,12.07,34.48,12.12,14.69,26.92,0.182,0.182,0.182,0.364,0.0,681715
FC,Cutter,FB,58,9.08,11,8,1,9.09,2,18.18,26,6,23.08,10.34,8,13.79,24.14,23.33,7.91,7.14,0.5,0.545,0.5,1.045,0.0,681715
FS,Split-Finger,OS,27,4.23,6,4,2,33.33,1,16.67,7,3,42.86,11.11,5,18.52,29.63,12.5,7.34,15.38,0.0,0.333,0.0,0.333,0.0,681715
CU,Curveball,BR,17,2.66,1,1,0,0.0,0,0.0,5,2,40.0,11.76,3,17.65,29.41,8.33,3.95,0.0,0.0,0.0,0.0,0.0,0.0,681715
KC,Knuckle Curve,BR,8,1.25,3,3,1,33.33,0,0.0,3,1,33.33,12.5,0,0.0,12.5,0.0,1.69,33.33,0.0,0.0,0.0,0.0,0.0,681715
FO,Forkball,OS,2,0.31,0,0,0,,0,,0,0,,0.0,0,0.0,0.0,0.0,0.56,0.0,,,,,,681715
EP,Eephus,,1,0.16,0,0,0,,0,,1,0,0.0,0.0,0,0.0,0.0,100.0,0.0,,,,,,,681715
FA,Other,,1,0.16,1,1,0,0.0,0,0.0,1,0,0.0,0.0,0,0.0,0.0,,0.0,,1.0,1.0,2.0,3.0,1.0,681715
,,,1,0.16,0,0,0,,0,,0,0,,0.0,0,0.0,0.0,,0.0,,,,,,,681715
FF,4-Seam Fastball,FB,45,29.8,12,11,6,50.0,1,8.33,28,9,32.14,20.0,5,11.11,31.11,40.0,32.73,33.33,0.364,0.417,0.636,1.053,0.272,681807
SL,Slider,BR,35,23.18,8,7,1,12.5,1,12.5,14,5,35.71,14.29,8,22.86,37.14,33.33,12.73,14.29,0.0,0.125,0.0,0.125,0.0,681807
SI,Sinker,FB,22,14.57,4,3,0,0.0,1,25.0,9,0,0.0,0.0,6,27.27,27.27,30.0,9.09,0.0,0.0,0.25,0.0,0.25,0.0,681807
ST,Sweeper,BR,16,10.6,5,5,4,80.0,0,0.0,11,5,45.45,31.25,2,12.5,43.75,50.0,16.36,44.44,0.2,0.2,0.8,1.0,0.6000000000000001,681807
FC,Cutter,FB,12,7.95,1,1,0,0.0,0,0.0,7,3,42.86,25.0,1,8.33,33.33,42.86,3.64,0.0,0.0,0.0,0.0,0.0,0.0,681807
CU,Curveball,BR,6,3.97,2,2,1,50.0,0,0.0,3,1,33.33,16.67,2,33.33,50.0,66.67,3.64,50.0,0.0,0.0,0.0,0.0,0.0,681807
KC,Knuckle Curve,BR,6,3.97,1,0,0,0.0,1,100.0,3,1,33.33,16.67,1,16.67,33.33,33.33,5.45,0.0,,1.0,,,,681807
CH,Changeup,OS,5,3.31,3,3,1,33.33,0,0.0,5,1,20.0,20.0,0,0.0,20.0,100.0,9.09,20.0,0.0,0.0,0.0,0.0,0.0,681807
FS,Split-Finger,OS,3,1.99,1,1,1,100.0,0,0.0,3,1,33.33,33.33,0,0.0,33.33,100.0,5.45,33.33,0.0,0.0,0.0,0.0,0.0,681807
,,,1,0.66,0,0,0,,0,,0,0,,0.0,0,0.0,0.0,,1.82,0.0,,,,,,681807
SL,Slider,BR,4,36.36,1,1,1,100.0,0,0.0,2,2,100.0,50.0,0,0.0,50.0,33.33,40.0,50.0,0.0,0.0,0.0,0.0,0.0,681909
FF,4-Seam Fastball,FB,3,27.27,1,1,0,0.0,0,0.0,1,0,0.0,0.0,1,33.33,33.33,0.0,40.0,0.0,0.0,0.0,0.0,0.0,0.0,681909
SI,Sinker,FB,3,27.27,0,0,0,,0,,1,0,0.0,0.0,1,33.33,33.33,50.0,20.0,0.0,,,,,,681909
FC,Cutter,FB,1,9.09,0,0,0,,0,,1,1,100.0,100.0,0,0.0,100.0,,0.0,,,,,,,681909
SI,Sinker,FB,52,28.57,14,11,3,21.43,1,7.14,17,2,11.76,3.85,21,40.38,44.23,25.0,18.0,33.33,0.182,0.231,0.182,0.413,0.0,681962
SL,Slider,BR,29,15.93,8,7,3,37.5,1,12.5,12,5,41.67,17.24,5,17.24,34.48,14.29,14.0,42.86,0.0,0.125,0.0,0.125,0.0,681962
FF,4-Seam Fastball,FB,28,15.38,7,7,1,14.29,0,0.0,13,1,7.69,3.57,8,28.57,32.14,11.11,18.0,11.11,0.0,0.0,0.0,0.0,0.0,681962
ST,Sweeper,BR,20,10.99,2,2,1,50.0,0,0.0,5,0,0.0,0.0,5,25.0,25.0,0.0,8.0,25.0,0.5,0.5,1.0,1.5,0.5,681962
FC,Cutter,FB,14,7.69,4,4,0,0.0,0,0.0,7,0,0.0,0.0,4,28.57,28.57,0.0,8.0,0.0,0.0,0.0,0.0,0.0,0.0,681962
CU,Curveball,BR,13,7.14,5,4,1,20.0,1,20.0,5,1,20.0,7.69,3,23.08,30.77,20.0,6.0,33.33,0.0,0.2,0.0,0.2,0.0,681962
FS,Split-Finger,OS,8,4.4,4,4,1,25.0,0,0.0,6,3,50.0,37.5,0,0.0,37.5,0.0,10.0,20.0,0.0,0.0,0.0,0.0,0.0,681962
SV,Slurve,BR,7,3.85,2,2,1,50.0,0,0.0,2,1,50.0,14.29,1,14.29,28.57,20.0,8.0,25.0,0.0,0.0,0.0,0.0,0.0,681962
KC,Knuckle Curve,BR,6,3.3,1,1,0,0.0,0,0.0,3,0,0.0,0.0,1,16.67,16.67,0.0,4.0,0.0,0.0,0.0,0.0,0.0,0.0,681962
EP,Eephus,,3,1.65,1,1,0,0.0,0,0.0,1,0,0.0,0.0,2,66.67,66.67,,2.0,0.0,0.0,0.0,0.0,0.0,0.0,681962
CH,Changeup,OS,2,1.1,1,1,0,0.0,0,0.0,2,0,0.0,0.0,0,0.0,0.0,,4.0,0.0,1.0,1.0,2.0,3.0,1.0,681962
SI,Sinker,FB,43,29.86,12,11,2,16.67,1,8.33,25,5,20.0,11.63,10,23.26,34.88,27.27,18.92,28.57,0.364,0.417,0.727,1.144,0.363,681987
FF,4-Seam Fastball,FB,37,25.69,6,5,1,16.67,1,16.67,15,3,20.0,8.11,11,29.73,37.84,33.33,32.43,8.33,0.4,0.5,0.6,1.1,0.1999999999999999,681987
SL,Slider,BR,31,21.53,14,13,3,21.43,0,0.0,20,5,25.0,16.13,4,12.9,29.03,52.94,21.62,37.5,0.231,0.231,0.231,0.462,0.0,681987
ST,Sweeper,BR,14,9.72,4,4,2,50.0,0,0.0,4,1,25.0,7.14,3,21.43,28.57,11.11,8.11,66.67,0.25,0.25,0.25,0.5,0.0,681987
FC,Cutter,FB,7,4.86,3,3,0,0.0,0,0.0,3,0,0.0,0.0,0,0.0,0.0,20.0,2.7,0.0,0.333,0.333,0.333,0.666,0.0,681987
CU,Curveball,BR,5,3.47,1,1,1,100.0,0,0.0,2,1,50.0,20.0,2,40.0,60.0,50.0,5.41,50.0,0.0,0.0,0.0,0.0,0.0,681987
CH,Changeup,OS,4,2.78,1,1,0,0.0,0,0.0,1,0,0.0,0.0,0,0.0,0.0,0.0,8.11,0.0,1.0,1.0,1.0,2.0,0.0,681987
FS,Split-Finger,OS,3,2.08,0,0,0,,0,,1,0,0.0,0.0,1,33.33,33.33,50.0,2.7,0.0,,,,,,681987
FF,4-Seam Fastball,FB,457,32.16,121,104,31,25.62,16,13.22,206,55,26.7,12.04,80,17.51,29.54,13.54,35.78,21.23,0.26,0.364,0.462,0.8260000000000001,0.202,682177
CH,Changeup,OS,257,18.09,62,58,20,32.26,4,6.45,115,43,37.39,16.73,25,9.73,26.46,28.14,17.89,27.4,0.103,0.161,0.138,0.299,0.035,682177
SI,Sinker,FB,147,10.34,37,28,9,24.32,8,21.62,53,12,22.64,8.16,33,22.45,30.61,15.38,8.58,25.71,0.286,0.459,0.464,0.923,0.178,682177
SL,Slider,BR,137,9.64,27,27,13,48.15,0,0.0,65,28,43.08,20.44,34,24.82,45.26,39.68,10.78,29.55,0.148,0.148,0.37,0.518,0.222,682177
FC,Cutter,FB,105,7.39,21,21,3,14.29,0,0.0,51,10,19.61,9.52,24,22.86,32.38,20.45,5.15,14.29,0.143,0.143,0.286,0.4289999999999999,0.143,682177
CU,Curveball,BR,100,7.04,29,28,6,20.69,1,3.45,48,10,20.83,10.0,18,18.0,28.0,39.29,6.86,21.43,0.143,0.172,0.393,0.565,0.25,682177
FS,Split-Finger,OS,94,6.62,30,29,6,20.0,0,0.0,54,13,24.07,13.83,6,6.38,20.21,33.96,7.35,20.0,0.345,0.345,0.586,0.931,0.241,682177
ST,Sweeper,BR,69,4.86,11,10,3,27.27,1,9.09,24,6,25.0,8.7,13,18.84,27.54,20.51,3.92,18.75,0.1,0.182,0.2,0.382,0.1,682177
KC,Knuckle Curve,BR,42,2.96,17,17,3,17.65,0,0.0,28,7,25.0,16.67,5,11.9,28.57,68.18,3.19,23.08,0.353,0.353,0.529,0.882,0.176,682177
SV,Slurve,BR,11,0.77,4,4,1,25.0,0,0.0,6,2,33.33,18.18,3,27.27,45.45,50.0,0.49,50.0,0.25,0.25,0.25,0.5,0.0,682177
,,,2,0.14,1,0,0,0.0,1,100.0,0,0,,0.0,0,0.0,0.0,,0.0,,,1.0,,,,682177
FF,4-Seam Fastball,FB,21,31.34,3,3,1,33.33,0,0.0,7,2,28.57,9.52,5,23.81,33.33,9.09,22.58,14.29,0.333,0.333,0.333,0.666,0.0,682183
SI,Sinker,FB,15,22.39,4,4,3,75.0,0,0.0,12,2,16.67,13.33,1,6.67,20.0,50.0,25.81,37.5,0.25,0.25,0.25,0.5,0.0,682183
FS,Split-Finger,OS,12,17.91,5,5,1,20.0,0,0.0,7,3,42.86,25.0,1,8.33,33.33,55.56,19.35,16.67,0.0,0.0,0.0,0.0,0.0,682183
FC,Cutter,FB,10,14.93,2,2,0,0.0,0,0.0,6,0,0.0,0.0,1,10.0,10.0,40.0,16.13,0.0,0.0,0.0,0.0,0.0,0.0,682183
SL,Slider,BR,3,4.48,1,0,0,0.0,0,0.0,3,0,0.0,0.0,0,0.0,0.0,100.0,3.23,0.0,,0.0,,,,682183
CU,Curveball,BR,3,4.48,0,0,0,,0,,2,0,0.0,0.0,0,0.0,0.0,50.0,6.45,0.0,,,,,,682183
CH,Changeup,OS,2,2.99,0,0,0,,0,,2,0,0.0,0.0,0,0.0,0.0,100.0,6.45,0.0,,,,,,682183
ST,Sweeper,BR,1,1.49,0,0,0,,0,,0,0,,0.0,1,100.0,100.0,,0.0,,,,,,,682183
FF,4-Seam Fastball,FB,9,26.47,4,4,1,25.0,0,0.0,6,1,16.67,11.11,0,0.0,11.11,25.0,37.5,33.33,0.25,0.25,0.25,0.5,0.0,682515
SL,Slider,BR,9,26.47,1,1,0,0.0,0,0.0,3,1,33.33,11.11,1,11.11,22.22,16.67,37.5,0.0,0.0,0.0,0.0,0.0,0.0,682515
SI,Sinker,FB,7,20.59,3,1,0,0.0,1,33.33,1,0,0.0,0.0,1,14.29,14.29,0.0,0.0,,0.0,0.667,0.0,0.667,0.0,682515
ST,Sweeper,BR,7,20.59,1,1,1,100.0,0,0.0,1,0,0.0,0.0,3,42.86,42.86,33.33,25.0,0.0,0.0,0.0,0.0,0.0,0.0,682515
FC,Cutter,FB,2,5.88,0,0,0,,0,,2,1,50.0,50.0,0,0.0,50.0,100.0,0.0,,,,,,,682515
FF,4-Seam Fastball,FB,199,22.74,53,48,15,28.3,4,7.55,114,36,31.58,18.09,24,12.06,30.15,26.74,23.45,28.3,0.229,0.302,0.458,0.76,0.229,682622
SL,Slider,BR,184,21.03,67,64,7,10.45,1,1.49,111,23,20.72,12.5,20,10.87,23.37,44.21,21.68,14.29,0.266,0.273,0.547,0.8200000000000001,0.281,682622
SI,Sinker,FB,181,20.69,53,48,6,11.32,3,5.66,78,10,12.82,5.52,45,24.86,30.39,30.49,10.18,26.09,0.396,0.453,0.667,1.12,0.271,682622
ST,Sweeper,BR,103,11.77,32,32,10,31.25,0,0.0,54,22,40.74,21.36,18,17.48,38.83,42.31,11.5,38.46,0.219,0.219,0.281,0.5,0.062,682622
FC,Cutter,FB,58,6.63,16,16,1,6.25,0,0.0,34,5,14.71,8.62,9,15.52,24.14,34.78,2.65,16.67,0.188,0.188,0.375,0.563,0.187,682622
CH,Changeup,OS,52,5.94,13,13,8,61.54,0,0.0,28,14,50.0,26.92,2,3.85,30.77,36.36,12.83,27.59,0.308,0.308,0.615,0.923,0.307,682622
CU,Curveball,BR,52,5.94,9,9,6,66.67,0,0.0,16,9,56.25,17.31,14,26.92,44.23,26.47,9.73,27.27,0.111,0.111,0.111,0.222,0.0,682622
FS,Split-Finger,OS,19,2.17,4,4,1,25.0,0,0.0,12,4,33.33,21.05,0,0.0,21.05,41.67,2.65,16.67,0.5,0.5,0.75,1.25,0.25,682622
KC,Knuckle Curve,BR,16,1.83,6,6,2,33.33,0,0.0,6,1,16.67,6.25,3,18.75,25.0,22.22,3.98,22.22,0.167,0.167,0.667,0.8340000000000001,0.5,682622
SV,Slurve,BR,6,0.69,2,2,1,50.0,0,0.0,2,1,50.0,16.67,2,33.33,50.0,50.0,1.33,33.33,0.0,0.0,0.0,0.0,0.0,682622
FA,Other,,3,0.34,1,1,0,0.0,0,0.0,1,0,0.0,0.0,2,66.67,66.67,100.0,0.0,,1.0,1.0,2.0,3.0,1.0,682622
EP,Eephus,,1,0.11,1,1,0,0.0,0,0.0,1,0,0.0,0.0,0,0.0,0.0,100.0,0.0,,1.0,1.0,4.0,5.0,3.0,682622
CS,Slow Curve,BR,1,0.11,0,0,0,,0,,0,0,,0.0,0,0.0,0.0,0.0,0.0,,,,,,,682622
FF,4-Seam Fastball,FB,222,26.24,58,53,18,31.03,5,8.62,116,38,32.76,17.12,30,13.51,30.63,27.84,31.5,20.93,0.34,0.397,0.604,1.001,0.2639999999999999,682626
SI,Sinker,FB,167,19.74,44,37,7,15.91,3,6.82,73,14,19.18,8.38,39,23.35,31.74,35.06,11.72,21.88,0.297,0.409,0.297,0.706,0.0,682626
SL,Slider,BR,159,18.79,34,32,10,29.41,2,5.88,70,32,45.71,20.13,24,15.09,35.22,23.33,17.22,21.28,0.156,0.206,0.344,0.5499999999999999,0.1879999999999999,682626
ST,Sweeper,BR,131,15.48,30,30,10,33.33,0,0.0,65,30,46.15,22.9,15,11.45,34.35,32.47,19.05,19.23,0.167,0.167,0.233,0.4,0.066,682626
FC,Cutter,FB,55,6.5,14,10,3,21.43,4,28.57,20,9,45.0,16.36,10,18.18,34.55,13.79,5.13,21.43,0.3,0.5,0.7,1.2,0.3999999999999999,682626
CU,Curveball,BR,33,3.9,6,6,4,66.67,0,0.0,13,8,61.54,24.24,3,9.09,33.33,37.93,4.76,30.77,0.0,0.0,0.0,0.0,0.0,682626
KC,Knuckle Curve,BR,24,2.84,9,8,2,22.22,1,11.11,16,7,43.75,29.17,4,16.67,45.83,66.67,2.56,28.57,0.25,0.333,0.375,0.708,0.125,682626
CH,Changeup,OS,23,2.72,7,7,3,42.86,0,0.0,12,3,25.0,13.04,2,8.7,21.74,25.0,5.13,21.43,0.286,0.286,0.286,0.572,0.0,682626
FS,Split-Finger,OS,16,1.89,7,6,1,14.29,1,14.29,9,2,22.22,12.5,1,6.25,18.75,33.33,1.83,20.0,0.333,0.429,0.833,1.262,0.4999999999999999,682626
SV,Slurve,BR,11,1.3,1,1,1,100.0,0,0.0,2,0,0.0,0.0,4,36.36,36.36,16.67,1.1,33.33,0.0,0.0,0.0,0.0,0.0,682626
EP,Eephus,,4,0.47,1,0,0,0.0,1,100.0,0,0,,0.0,0,0.0,0.0,0.0,0.0,,,1.0,,,,682626
,,,1,0.12,0,0,0,,0,,0,0,,0.0,0,0.0,0.0,,0.0,,,,,,,682626
SL,Slider,BR,11,55.0,3,3,2,66.67,0,0.0,5,3,60.0,27.27,2,18.18,45.45,33.33,80.0,50.0,0.333,0.333,0.333,0.666,0.0,682634
SI,Sinker,FB,4,20.0,1,1,0,0.0,0,0.0,2,1,50.0,25.0,2,50.0,75.0,100.0,0.0,,1.0,1.0,1.0,2.0,0.0,682634
FF,4-Seam Fastball,FB,3,15.0,0,0,0,,0,,2,1,50.0,33.33,0,0.0,33.33,0.0,0.0,,,,,,,682634
CU,Curveball,BR,2,10.0,1,1,1,100.0,0,0.0,0,0,,0.0,1,50.0,50.0,0.0,20.0,100.0,0.0,0.0,0.0,0.0,0.0,682634
FF,4-Seam Fastball,FB,125,33.07,27,25,3,11.11,2,7.41,65,9,13.85,7.2,25,20.0,27.2,32.73,31.09,8.11,0.36,0.407,0.64,1.047,0.28,682641
SL,Slider,BR,65,17.2,19,18,5,26.32,1,5.26,35,7,20.0,10.77,8,12.31,23.08,36.36,21.01,20.0,0.222,0.263,0.5,0.763,0.278,682641
SI,Sinker,FB,53,14.02,16,16,1,6.25,0,0.0,27,2,7.41,3.77,16,30.19,33.96,42.11,9.24,9.09,0.188,0.188,0.25,0.438,0.062,682641
ST,Sweeper,BR,51,13.49,11,9,1,9.09,2,18.18,25,8,32.0,15.69,7,13.73,29.41,36.67,15.13,5.56,0.222,0.364,0.222,0.586,0.0,682641
FC,Cutter,FB,27,7.14,9,9,0,0.0,0,0.0,14,0,0.0,0.0,7,25.93,25.93,53.85,4.2,0.0,0.333,0.333,0.667,1.0,0.334,682641
CH,Changeup,OS,17,4.5,6,5,2,33.33,1,16.67,8,3,37.5,17.65,0,0.0,17.65,25.0,5.04,33.33,0.0,0.167,0.0,0.167,0.0,682641
KC,Knuckle Curve,BR,13,3.44,1,1,0,0.0,0,0.0,6,3,50.0,23.08,1,7.69,30.77,25.0,5.04,0.0,1.0,1.0,1.0,2.0,0.0,682641
FS,Split-Finger,OS,11,2.91,3,3,2,66.67,0,0.0,7,3,42.86,27.27,0,0.0,27.27,55.56,5.04,33.33,0.0,0.0,0.0,0.0,0.0,682641
CU,Curveball,BR,10,2.65,4,3,0,0.0,1,25.0,6,0,0.0,0.0,0,0.0,0.0,20.0,2.52,0.0,0.0,0.25,0.0,0.25,0.0,682641
FA,Other,,4,1.06,1,0,0,0.0,0,0.0,1,0,0.0,0.0,1,25.0,25.0,0.0,0.0,,,0.0,,,,682641
SV,Slurve,BR,1,0.26,1,1,0,0.0,0,0.0,1,0,0.0,0.0,0,0.0,0.0,,0.84,0.0,1.0,1.0,1.0,2.0,0.0,682641
,,,1,0.26,0,0,0,,0,,0,0,,0.0,0,0.0,0.0,,0.84,0.0,,,,,,682641
FF,4-Seam Fastball,FB,109,25.65,34,31,5,14.71,3,8.82,53,5,9.43,4.59,21,19.27,23.85,35.09,23.44,16.67,0.323,0.382,0.516,0.898,0.193,682653
SI,Sinker,FB,100,23.53,24,22,2,8.33,2,8.33,58,9,15.52,9.0,17,17.0,26.0,45.65,13.28,11.76,0.227,0.292,0.273,0.565,0.046,682653
SL,Slider,BR,59,13.88,13,13,0,0.0,0,0.0,30,7,23.33,11.86,9,15.25,27.12,36.36,12.5,0.0,0.308,0.308,0.692,1.0,0.3839999999999999,682653
CH,Changeup,OS,41,9.65,12,10,1,8.33,2,16.67,21,4,19.05,9.76,2,4.88,14.63,42.86,17.97,4.35,0.1,0.25,0.2,0.45,0.1,682653
ST,Sweeper,BR,41,9.65,12,12,4,33.33,0,0.0,25,11,44.0,26.83,2,4.88,31.71,36.36,12.5,25.0,0.25,0.25,0.417,0.667,0.1669999999999999,682653
FC,Cutter,FB,22,5.18,4,4,0,0.0,0,0.0,11,3,27.27,13.64,3,13.64,27.27,42.86,2.34,0.0,0.5,0.5,1.25,1.75,0.75,682653
CU,Curveball,BR,21,4.94,6,6,1,16.67,0,0.0,12,4,33.33,19.05,1,4.76,23.81,20.0,4.69,16.67,0.167,0.167,0.167,0.334,0.0,682653
KC,Knuckle Curve,BR,16,3.76,5,5,4,80.0,0,0.0,12,6,50.0,37.5,1,6.25,43.75,50.0,6.25,50.0,0.2,0.2,0.4,0.6000000000000001,0.2,682653
FS,Split-Finger,OS,12,2.82,5,5,5,100.0,0,0.0,11,8,72.73,66.67,0,0.0,66.67,88.89,5.47,71.43,0.0,0.0,0.0,0.0,0.0,682653
SV,Slurve,BR,2,0.47,1,1,0,0.0,0,0.0,1,0,0.0,0.0,0,0.0,0.0,0.0,0.78,0.0,0.0,0.0,0.0,0.0,0.0,682653
,,,2,0.47,1,1,1,100.0,0,0.0,0,0,,0.0,0,0.0,0.0,,0.78,100.0,0.0,0.0,0.0,0.0,0.0,682653
FF,4-Seam Fastball,FB,387,33.62,100,91,17,17.0,7,7.0,222,51,22.97,13.18,54,13.95,27.13,39.77,29.97,15.89,0.187,0.24,0.275,0.515,0.088,682657
CH,Changeup,OS,167,14.51,54,54,4,7.41,0,0.0,106,15,14.15,8.98,8,4.79,13.77,49.5,16.25,6.9,0.259,0.259,0.426,0.685,0.1669999999999999,682657
SL,Slider,BR,113,9.82,29,27,13,44.83,0,0.0,74,18,24.32,15.93,15,13.27,29.2,61.29,14.57,25.0,0.148,0.207,0.407,0.614,0.259,682657
SI,Sinker,FB,110,9.56,31,29,7,22.58,2,6.45,55,10,18.18,9.09,20,18.18,27.27,23.91,5.88,33.33,0.207,0.258,0.276,0.534,0.069,682657
CU,Curveball,BR,94,8.17,21,21,11,52.38,0,0.0,44,19,43.18,20.21,16,17.02,37.23,35.85,8.96,34.38,0.143,0.143,0.286,0.4289999999999999,0.143,682657
FC,Cutter,FB,94,8.17,21,20,1,4.76,0,0.0,52,8,15.38,8.51,11,11.7,20.21,41.18,3.64,7.69,0.2,0.2,0.4,0.6000000000000001,0.2,682657
ST,Sweeper,BR,74,6.43,27,25,13,48.15,1,3.7,39,14,35.9,18.92,20,27.03,45.95,48.39,7.56,48.15,0.16,0.192,0.24,0.432,0.0799999999999999,682657
FS,Split-Finger,OS,65,5.65,22,22,4,18.18,0,0.0,42,7,16.67,10.77,6,9.23,20.0,45.95,7.0,16.0,0.273,0.273,0.318,0.591,0.0449999999999999,682657
KC,Knuckle Curve,BR,32,2.78,7,7,5,71.43,0,0.0,17,7,41.18,21.88,3,9.38,31.25,47.62,4.2,33.33,0.143,0.143,0.143,0.286,0.0,682657
SV,Slurve,BR,9,0.78,2,2,1,50.0,0,0.0,6,3,50.0,33.33,3,33.33,66.67,100.0,1.12,25.0,0.0,0.0,0.0,0.0,0.0,682657
FA,Other,,2,0.17,0,0,0,,0,,0,0,,0.0,1,50.0,50.0,0.0,0.28,0.0,,,,,,682657
KN,Knuckleball,,2,0.17,1,1,0,0.0,0,0.0,2,0,0.0,0.0,0,0.0,0.0,100.0,0.28,0.0,0.0,0.0,0.0,0.0,0.0,682657
,,,2,0.17,0,0,0,,0,,0,0,,0.0,0,0.0,0.0,,0.28,0.0,,,,,,682657
SI,Sinker,FB,340,22.93,116,105,13,11.21,6,5.17,159,18,11.32,5.29,77,22.65,27.94,26.03,13.27,22.22,0.229,0.293,0.343,0.636,0.114,682663
FF,4-Seam Fastball,FB,327,22.05,85,72,18,21.18,10,11.76,172,43,25.0,13.15,54,16.51,29.66,35.9,21.87,20.22,0.292,0.388,0.569,0.957,0.2769999999999999,682663
SL,Slider,BR,290,19.55,77,76,12,15.58,1,1.3,148,39,26.35,13.45,33,11.38,24.83,33.13,16.95,17.39,0.171,0.182,0.289,0.471,0.1179999999999999,682663
ST,Sweeper,BR,164,11.06,48,47,7,14.58,1,2.08,90,23,25.56,14.02,9,5.49,19.51,34.34,16.95,10.14,0.255,0.271,0.681,0.952,0.426,682663
FC,Cutter,FB,113,7.62,25,23,4,16.0,1,4.0,56,13,23.21,11.5,16,14.16,25.66,31.15,5.41,13.64,0.217,0.24,0.261,0.501,0.044,682663
CH,Changeup,OS,94,6.34,25,24,12,48.0,1,4.0,48,18,37.5,19.15,9,9.57,28.72,32.73,10.32,28.57,0.208,0.24,0.458,0.698,0.25,682663
CU,Curveball,BR,57,3.84,18,17,1,5.56,1,5.56,30,8,26.67,14.04,9,15.79,29.82,25.93,5.9,4.17,0.353,0.389,0.588,0.977,0.235,682663
FS,Split-Finger,OS,49,3.3,15,12,1,6.67,2,13.33,26,4,15.38,8.16,3,6.12,14.29,28.0,5.41,4.55,0.333,0.429,0.5,0.929,0.1669999999999999,682663
KC,Knuckle Curve,BR,25,1.69,6,6,1,16.67,0,0.0,8,2,25.0,8.0,1,4.0,12.0,22.22,1.23,20.0,0.167,0.167,0.167,0.334,0.0,682663
SV,Slurve,BR,6,0.4,2,2,0,0.0,0,0.0,3,1,33.33,16.67,2,33.33,50.0,66.67,0.49,0.0,0.0,0.0,0.0,0.0,0.0,682663
EP,Eephus,,5,0.34,1,1,0,0.0,0,0.0,3,0,0.0,0.0,1,20.0,20.0,50.0,0.49,0.0,1.0,1.0,2.0,3.0,1.0,682663
FO,Forkball,OS,5,0.34,1,1,1,100.0,0,0.0,2,2,100.0,40.0,1,20.0,60.0,50.0,0.74,33.33,0.0,0.0,0.0,0.0,0.0,682663
FA,Other,,3,0.2,1,1,0,0.0,0,0.0,1,0,0.0,0.0,1,33.33,33.33,0.0,0.25,0.0,0.0,0.0,0.0,0.0,0.0,682663
CS,Slow Curve,BR,3,0.2,0,0,0,,0,,2,0,0.0,0.0,0,0.0,0.0,0.0,0.74,0.0,,,,,,682663
PO,Pitch Out,,1,0.07,0,0,0,,0,,0,0,,0.0,0,0.0,0.0,0.0,0.0,,,,,,,682663
,,,1,0.07,0,0,0,,0,,0,0,,0.0,0,0.0,0.0,,0.0,,,,,,,682663
FF,4-Seam Fastball,FB,101,23.38,33,30,3,9.09,2,6.06,59,5,8.47,4.95,15,14.85,19.8,29.27,22.12,13.04,0.233,0.273,0.3,0.573,0.0669999999999999,682668
SI,Sinker,FB,86,19.91,26,24,3,11.54,2,7.69,39,4,10.26,4.65,18,20.93,25.58,33.33,9.62,30.0,0.208,0.269,0.208,0.477,0.0,682668
SL,Slider,BR,84,19.44,24,23,5,20.83,0,0.0,44,13,29.55,15.48,10,11.9,27.38,36.17,24.04,20.0,0.304,0.333,0.391,0.724,0.087,682668
ST,Sweeper,BR,62,14.35,15,13,3,20.0,2,13.33,25,8,32.0,12.9,6,9.68,22.58,27.91,20.19,14.29,0.154,0.267,0.154,0.421,0.0,682668
FC,Cutter,FB,41,9.49,11,10,2,18.18,1,9.09,19,9,47.37,21.95,5,12.2,34.15,21.74,5.77,33.33,0.0,0.091,0.0,0.091,0.0,682668
CH,Changeup,OS,16,3.7,5,5,2,40.0,0,0.0,9,3,33.33,18.75,1,6.25,25.0,33.33,4.81,40.0,0.2,0.2,0.2,0.4,0.0,682668
CU,Curveball,BR,14,3.24,6,6,1,16.67,0,0.0,9,3,33.33,21.43,1,7.14,28.57,57.14,5.77,16.67,0.333,0.333,0.333,0.666,0.0,682668
FS,Split-Finger,OS,13,3.01,1,1,0,0.0,0,0.0,6,1,16.67,7.69,0,0.0,7.69,33.33,5.77,0.0,1.0,1.0,1.0,2.0,0.0,682668
KC,Knuckle Curve,BR,11,2.55,4,4,2,50.0,0,0.0,6,3,50.0,27.27,2,18.18,45.45,50.0,1.92,100.0,0.5,0.5,0.5,1.0,0.0,682668
EP,Eephus,,2,0.46,1,1,0,0.0,0,0.0,1,0,0.0,0.0,0,0.0,0.0,0.0,0.0,,1.0,1.0,1.0,2.0,0.0,682668
UN,Unknown,,1,0.23,0,0,0,,0,,0,0,,0.0,0,0.0,0.0,0.0,0.0,,,,,,,682668
,,,1,0.23,0,0,0,,0,,0,0,,0.0,0,0.0,0.0,,0.0,,,,,,,682668
FF,4-Seam Fastball,FB,162,51.92,40,37,13,32.5,2,5.0,80,19,23.75,11.73,34,20.99,32.72,31.43,44.68,30.95,0.162,0.205,0.351,0.5559999999999999,0.1889999999999999,682729
CH,Changeup,OS,35,11.22,12,12,2,16.67,0,0.0,21,8,38.1,22.86,4,11.43,34.29,52.94,10.64,20.0,0.333,0.333,0.417,0.75,0.0839999999999999,682729
SL,Slider,BR,31,9.94,8,7,1,12.5,1,12.5,17,4,23.53,12.9,3,9.68,22.58,37.5,8.51,12.5,0.286,0.375,0.286,0.661,0.0,682729
CU,Curveball,BR,20,6.41,3,3,2,66.67,0,0.0,7,3,42.86,15.0,2,10.0,25.0,31.25,10.64,20.0,0.333,0.333,0.333,0.666,0.0,682729
FC,Cutter,FB,20,6.41,5,5,2,40.0,0,0.0,9,3,33.33,15.0,4,20.0,35.0,36.36,4.26,50.0,0.4,0.4,0.6,1.0,0.1999999999999999,682729
SI,Sinker,FB,11,3.53,5,3,0,0.0,1,20.0,3,0,0.0,0.0,1,9.09,9.09,0.0,4.26,0.0,0.0,0.4,0.0,0.4,0.0,682729
ST,Sweeper,BR,11,3.53,3,2,0,0.0,0,0.0,6,2,33.33,18.18,0,0.0,18.18,16.67,6.38,0.0,0.5,0.5,0.5,1.0,0.0,682729
KC,Knuckle Curve,BR,10,3.21,3,2,2,66.67,1,33.33,3,2,66.67,20.0,1,10.0,30.0,33.33,7.45,28.57,0.0,0.333,0.0,0.333,0.0,682729
FS,Split-Finger,OS,7,2.24,1,1,1,100.0,0,0.0,2,0,0.0,0.0,1,14.29,14.29,0.0,3.19,33.33,0.0,0.0,0.0,0.0,0.0,682729
EP,Eephus,,5,1.6,2,1,0,0.0,1,50.0,1,0,0.0,0.0,0,0.0,0.0,0.0,0.0,,0.0,0.5,0.0,0.5,0.0,682729
FF,4-Seam Fastball,FB,608,31.58,162,141,40,24.69,20,12.35,288,86,29.86,14.14,105,17.27,31.41,22.76,31.4,23.81,0.312,0.398,0.66,1.058,0.348,682829
CH,Changeup,OS,361,18.75,89,82,20,22.47,7,7.87,166,70,42.17,19.39,39,10.8,30.19,30.57,18.32,20.41,0.256,0.315,0.402,0.7170000000000001,0.146,682829
SL,Slider,BR,191,9.92,51,47,13,25.49,2,3.92,91,28,30.77,14.66,30,15.71,30.37,30.69,11.21,21.67,0.298,0.333,0.447,0.78,0.149,682829
CU,Curveball,BR,180,9.35,37,34,10,27.03,3,8.11,56,13,23.21,7.22,49,27.22,34.44,20.83,10.47,17.86,0.294,0.351,0.471,0.822,0.177,682829
FC,Cutter,FB,157,8.16,41,39,6,14.63,2,4.88,76,18,23.68,11.46,30,19.11,30.57,33.78,6.17,18.18,0.282,0.317,0.385,0.702,0.103,682829
SI,Sinker,FB,136,7.06,40,33,9,22.5,7,17.5,55,9,16.36,6.62,26,19.12,25.74,17.19,6.36,26.47,0.333,0.45,0.455,0.905,0.122,682829
FS,Split-Finger,OS,103,5.35,20,17,4,20.0,3,15.0,47,14,29.79,13.59,6,5.83,19.42,23.08,5.98,12.5,0.118,0.25,0.118,0.368,0.0,682829
ST,Sweeper,BR,89,4.62,24,21,10,41.67,2,8.33,35,16,45.71,17.98,22,24.72,42.7,34.69,5.61,33.33,0.238,0.333,0.476,0.8089999999999999,0.238,682829
KC,Knuckle Curve,BR,57,2.96,15,13,7,46.67,2,13.33,20,11,55.0,19.3,14,24.56,43.86,30.56,3.93,33.33,0.077,0.2,0.308,0.508,0.2309999999999999,682829
,,,35,1.82,9,1,0,0.0,8,88.89,2,1,50.0,2.86,0,0.0,2.86,,0.0,,0.0,0.889,0.0,0.889,0.0,682829
SV,Slurve,BR,4,0.21,1,1,1,100.0,0,0.0,3,2,66.67,50.0,1,25.0,75.0,100.0,0.37,50.0,0.0,0.0,0.0,0.0,0.0,682829
EP,Eephus,,2,0.1,0,0,0,,0,,0,0,,0.0,1,50.0,50.0,0.0,0.0,,,,,,,682829
FA,Other,,1,0.05,1,1,0,0.0,0,0.0,1,0,0.0,0.0,0,0.0,0.0,100.0,0.0,,0.0,0.0,0.0,0.0,0.0,682829
CS,Slow Curve,BR,1,0.05,0,0,0,,0,,0,0,,0.0,0,0.0,0.0,0.0,0.19,0.0,,,,,,682829
FF,4-Seam Fastball,FB,60,36.14,16,15,4,25.0,1,6.25,26,4,15.38,6.67,13,21.67,28.33,4.17,39.22,20.0,0.067,0.125,0.067,0.192,0.0,682848
SI,Sinker,FB,24,14.46,4,3,0,0.0,1,25.0,11,2,18.18,8.33,4,16.67,25.0,11.11,9.8,0.0,0.0,0.25,0.0,0.25,0.0,682848
FC,Cutter,FB,18,10.84,6,6,1,16.67,0,0.0,10,2,20.0,11.11,3,16.67,27.78,25.0,9.8,20.0,0.333,0.333,0.667,1.0,0.334,682848
SL,Slider,BR,18,10.84,7,5,2,28.57,2,28.57,9,3,33.33,16.67,3,16.67,33.33,37.5,13.73,28.57,0.2,0.429,0.2,0.629,0.0,682848
CU,Curveball,BR,15,9.04,4,4,1,25.0,0,0.0,8,1,12.5,6.67,2,13.33,20.0,55.56,7.84,25.0,0.25,0.25,0.25,0.5,0.0,682848
CH,Changeup,OS,15,9.04,4,4,2,50.0,0,0.0,6,2,33.33,13.33,2,13.33,26.67,12.5,13.73,28.57,0.0,0.0,0.0,0.0,0.0,682848
ST,Sweeper,BR,7,4.22,3,2,0,0.0,0,0.0,2,0,0.0,0.0,3,42.86,42.86,0.0,3.92,0.0,0.0,0.0,0.0,0.0,0.0,682848
FS,Split-Finger,OS,6,3.61,2,2,0,0.0,0,0.0,3,1,33.33,16.67,0,0.0,16.67,0.0,0.0,,0.5,0.5,1.0,1.5,0.5,682848
,,,2,1.2,0,0,0,,0,,0,0,,0.0,0,0.0,0.0,,1.96,0.0,,,,,,682848
SV,Slurve,BR,1,0.6,0,0,0,,0,,0,0,,0.0,1,100.0,100.0,,0.0,,,,,,,682848
FF,4-Seam Fastball,FB,14,41.18,4,4,1,25.0,0,0.0,6,2,33.33,14.29,3,21.43,35.71,14.29,30.77,25.0,0.25,0.25,0.5,0.75,0.25,682868
SL,Slider,BR,12,35.29,2,2,1,50.0,0,0.0,6,3,50.0,25.0,0,0.0,25.0,25.0,53.85,14.29,0.0,0.0,0.0,0.0,0.0,682868
CH,Changeup,OS,2,5.88,1,1,0,0.0,0,0.0,1,0,0.0,0.0,0,0.0,0.0,,0.0,,0.0,0.0,0.0,0.0,0.0,682868
FC,Cutter,FB,2,5.88,0,0,0,,0,,1,0,0.0,0.0,1,50.0,50.0,,0.0,,,,,,,682868
FS,Split-Finger,OS,2,5.88,1,1,1,100.0,0,0.0,2,1,50.0,50.0,0,0.0,50.0,100.0,7.69,100.0,0.0,0.0,0.0,0.0,0.0,682868
SI,Sinker,FB,1,2.94,1,1,0,0.0,0,0.0,1,0,0.0,0.0,0,0.0,0.0,,0.0,,0.0,0.0,0.0,0.0,0.0,682868
ST,Sweeper,BR,1,2.94,1,1,1,100.0,0,0.0,1,1,100.0,100.0,0,0.0,100.0,100.0,7.69,100.0,0.0,0.0,0.0,0.0,0.0,682868
FF,4-Seam Fastball,FB,126,42.86,30,24,6,20.0,5,16.67,57,9,15.79,7.14,27,21.43,28.57,29.63,48.05,16.22,0.292,0.4,0.333,0.7330000000000001,0.041,682927
CH,Changeup,OS,33,11.22,8,7,1,12.5,1,12.5,12,4,33.33,12.12,4,12.12,24.24,15.0,10.39,12.5,0.0,0.125,0.0,0.125,0.0,682927
CU,Curveball,BR,30,10.2,7,7,1,14.29,0,0.0,13,2,15.38,6.67,8,26.67,33.33,30.77,10.39,12.5,0.0,0.0,0.0,0.0,0.0,682927
FC,Cutter,FB,26,8.84,8,8,2,25.0,0,0.0,12,2,16.67,7.69,3,11.54,19.23,21.43,3.9,66.67,0.125,0.125,0.125,0.25,0.0,682927
SI,Sinker,FB,26,8.84,8,7,2,25.0,0,0.0,13,0,0.0,0.0,4,15.38,15.38,20.0,6.49,40.0,0.429,0.429,0.429,0.858,0.0,682927
SL,Slider,BR,22,7.48,4,3,0,0.0,1,25.0,7,0,0.0,0.0,7,31.82,31.82,25.0,9.09,0.0,0.667,0.75,1.0,1.75,0.3329999999999999,682927
FS,Split-Finger,OS,14,4.76,5,5,1,20.0,0,0.0,8,2,25.0,14.29,2,14.29,28.57,33.33,5.19,25.0,0.2,0.2,0.2,0.4,0.0,682927
ST,Sweeper,BR,11,3.74,4,4,0,0.0,0,0.0,7,1,14.29,9.09,1,9.09,18.18,42.86,5.19,0.0,0.5,0.5,0.75,1.25,0.25,682927
KC,Knuckle Curve,BR,6,2.04,1,0,0,0.0,0,0.0,2,0,0.0,0.0,1,16.67,16.67,40.0,1.3,0.0,,0.0,,,,682927
FF,4-Seam Fastball,FB,549,34.06,138,121,19,13.77,12,8.7,272,53,19.49,9.65,92,16.76,26.41,20.7,29.09,14.84,0.256,0.338,0.455,0.793,0.199,682928
SL,Slider,BR,207,12.84,50,46,11,22.0,3,6.0,114,39,34.21,18.84,19,9.18,28.02,34.91,13.18,18.97,0.239,0.3,0.413,0.713,0.174,682928
CH,Changeup,OS,184,11.41,59,55,8,13.56,2,3.39,104,23,22.12,12.5,16,8.7,21.2,42.73,13.41,13.56,0.327,0.351,0.527,0.878,0.2,682928
FC,Cutter,FB,164,10.17,43,37,3,6.98,2,4.65,83,12,14.46,7.32,22,13.41,20.73,21.13,6.59,10.34,0.351,0.419,0.568,0.987,0.2169999999999999,682928
CU,Curveball,BR,161,9.99,36,34,10,27.78,1,2.78,62,14,22.58,8.7,40,24.84,33.54,32.18,11.14,20.41,0.176,0.2,0.5,0.7,0.324,682928
SI,Sinker,FB,146,9.06,56,49,8,14.29,6,10.71,73,11,15.07,7.53,23,15.75,23.29,28.57,9.77,18.6,0.327,0.393,0.571,0.964,0.2439999999999999,682928
ST,Sweeper,BR,88,5.46,23,20,5,21.74,1,4.35,46,11,23.91,12.5,15,17.05,29.55,34.15,6.14,18.52,0.25,0.348,0.4,0.748,0.15,682928
FS,Split-Finger,OS,56,3.47,17,16,2,11.76,1,5.88,30,5,16.67,8.93,2,3.57,12.5,35.14,5.23,8.7,0.188,0.235,0.438,0.673,0.25,682928
KC,Knuckle Curve,BR,38,2.36,12,12,5,41.67,0,0.0,19,9,47.37,23.68,5,13.16,36.84,48.15,4.09,27.78,0.167,0.167,0.167,0.334,0.0,682928
FO,Forkball,OS,10,0.62,3,3,1,33.33,0,0.0,5,2,40.0,20.0,0,0.0,20.0,37.5,1.14,20.0,0.0,0.0,0.0,0.0,0.0,682928
,,,4,0.25,1,0,0,0.0,1,100.0,0,0,,0.0,0,0.0,0.0,,0.0,,,1.0,,,,682928
CS,Slow Curve,BR,3,0.19,1,1,0,0.0,0,0.0,2,0,0.0,0.0,0,0.0,0.0,50.0,0.0,,1.0,1.0,2.0,3.0,1.0,682928
SV,Slurve,BR,2,0.12,0,0,0,,0,,2,0,0.0,0.0,0,0.0,0.0,100.0,0.23,0.0,,,,,,682928
FF,4-Seam Fastball,FB,756,40.69,169,155,52,30.77,13,7.69,413,116,28.09,15.34,73,9.66,25.0,22.39,41.92,19.85,0.245,0.302,0.471,0.7729999999999999,0.2259999999999999,682985
CH,Changeup,OS,321,17.28,80,77,22,27.5,3,3.75,169,65,38.46,20.25,22,6.85,27.1,38.12,16.48,21.36,0.26,0.288,0.468,0.756,0.208,682985
CU,Curveball,BR,154,8.29,38,36,15,39.47,2,5.26,71,22,30.99,14.29,23,14.94,29.22,37.5,8.64,27.78,0.333,0.368,0.583,0.951,0.2499999999999999,682985
FC,Cutter,FB,141,7.59,38,37,6,15.79,0,0.0,82,14,17.07,9.93,17,12.06,21.99,28.07,4.64,20.69,0.378,0.368,0.946,1.314,0.568,682985
SI,Sinker,FB,129,6.94,32,30,8,25.0,2,6.25,66,12,18.18,9.3,16,12.4,21.71,19.23,6.56,19.51,0.3,0.344,0.533,0.877,0.233,682985
SL,Slider,BR,122,6.57,32,27,11,34.38,4,12.5,64,30,46.88,24.59,16,13.11,37.7,36.62,7.52,23.4,0.333,0.438,0.963,1.401,0.6299999999999999,682985
FS,Split-Finger,OS,109,5.87,37,35,16,43.24,2,5.41,67,37,55.22,33.94,9,8.26,42.2,48.44,7.36,34.78,0.257,0.297,0.543,0.8400000000000001,0.286,682985
ST,Sweeper,BR,81,4.36,21,18,7,33.33,1,4.76,46,14,30.43,17.28,12,14.81,32.1,45.45,4.96,22.58,0.278,0.333,0.611,0.944,0.3329999999999999,682985
KC,Knuckle Curve,BR,18,0.97,2,2,2,100.0,0,0.0,10,6,60.0,33.33,3,16.67,50.0,50.0,1.12,28.57,0.0,0.0,0.0,0.0,0.0,682985
SV,Slurve,BR,16,0.86,3,2,2,66.67,1,33.33,5,1,20.0,6.25,4,25.0,31.25,25.0,0.8,40.0,0.0,0.333,0.0,0.333,0.0,682985
,,,4,0.22,1,0,0,0.0,1,100.0,0,0,,0.0,0,0.0,0.0,,0.0,,,1.0,,,,682985
FA,Other,,3,0.16,1,1,0,0.0,0,0.0,1,0,0.0,0.0,0,0.0,0.0,0.0,0.0,,0.0,0.0,0.0,0.0,0.0,682985
EP,Eephus,,2,0.11,1,1,0,0.0,0,0.0,1,0,0.0,0.0,0,0.0,0.0,0.0,0.0,,0.0,0.0,0.0,0.0,0.0,682985
FO,Forkball,OS,2,0.11,0,0,0,,0,,1,1,100.0,50.0,0,0.0,50.0,50.0,0.0,,,,,,,682985
FF,4-Seam Fastball,FB,92,28.84,23,18,5,21.74,3,13.04,42,6,14.29,6.52,17,18.48,25.0,25.58,30.91,14.71,0.222,0.391,0.222,0.613,0.0,682988
SL,Slider,BR,84,26.33,18,16,7,38.89,2,11.11,44,22,50.0,26.19,12,14.29,40.48,39.58,25.45,25.0,0.188,0.278,0.188,0.466,0.0,682988
SI,Sinker,FB,39,12.23,11,11,3,27.27,0,0.0,18,3,16.67,7.69,5,12.82,20.51,37.5,9.09,30.0,0.273,0.273,0.273,0.546,0.0,682988
ST,Sweeper,BR,33,10.34,6,5,2,33.33,1,16.67,16,6,37.5,18.18,5,15.15,33.33,47.37,8.18,22.22,0.2,0.333,0.2,0.533,0.0,682988
CU,Curveball,BR,28,8.78,7,7,3,42.86,0,0.0,16,7,43.75,25.0,0,0.0,25.0,40.0,10.0,27.27,0.143,0.143,0.571,0.714,0.4279999999999999,682988
FC,Cutter,FB,21,6.58,6,5,1,16.67,1,16.67,9,2,22.22,9.52,4,19.05,28.57,20.0,5.45,16.67,0.2,0.333,0.2,0.533,0.0,682988
FS,Split-Finger,OS,16,5.02,7,6,5,71.43,1,14.29,9,6,66.67,37.5,1,6.25,43.75,45.45,7.27,62.5,0.0,0.143,0.0,0.143,0.0,682988
CH,Changeup,OS,6,1.88,1,1,1,100.0,0,0.0,5,2,40.0,33.33,0,0.0,33.33,66.67,3.64,25.0,0.0,0.0,0.0,0.0,0.0,682988
FF,4-Seam Fastball,FB,10,45.45,4,4,1,25.0,0,0.0,5,1,20.0,10.0,1,10.0,20.0,33.33,33.33,100.0,0.25,0.25,0.25,0.5,0.0,682997
CU,Curveball,BR,4,18.18,0,0,0,,0,,1,0,0.0,0.0,0,0.0,0.0,0.0,66.67,0.0,,,,,,682997
CH,Changeup,OS,3,13.64,1,1,0,0.0,0,0.0,1,0,0.0,0.0,2,66.67,66.67,,0.0,,0.0,0.0,0.0,0.0,0.0,682997
FS,Split-Finger,OS,2,9.09,1,1,0,0.0,0,0.0,1,0,0.0,0.0,0,0.0,0.0,0.0,0.0,,0.0,0.0,0.0,0.0,0.0,682997
ST,Sweeper,BR,2,9.09,0,0,0,,0,,1,0,0.0,0.0,0,0.0,0.0,0.0,0.0,,,,,,,682997
FC,Cutter,FB,1,4.55,0,0,0,,0,,1,0,0.0,0.0,0,0.0,0.0,,0.0,,,,,,,682997
FF,4-Seam Fastball,FB,577,32.45,157,137,40,25.48,16,10.19,281,74,26.33,12.82,90,15.6,28.42,30.07,30.73,24.24,0.292,0.365,0.591,0.956,0.299,682998
SL,Slider,BR,222,12.49,49,40,13,26.53,7,14.29,123,36,29.27,16.22,18,8.11,24.32,38.81,13.22,18.31,0.25,0.367,0.6,0.967,0.35,682998
CH,Changeup,OS,221,12.43,48,46,12,25.0,2,4.17,99,28,28.28,12.67,31,14.03,26.7,33.58,12.85,17.39,0.196,0.229,0.391,0.62,0.195,682998
FC,Cutter,FB,163,9.17,31,24,4,12.9,6,19.35,82,17,20.73,10.43,15,9.2,19.63,29.03,5.96,9.38,0.292,0.452,0.542,0.994,0.25,682998
CU,Curveball,BR,157,8.83,43,39,11,25.58,3,6.98,81,22,27.16,14.01,23,14.65,28.66,37.5,10.06,20.37,0.333,0.395,0.872,1.267,0.5389999999999999,682998
SI,Sinker,FB,157,8.83,48,38,12,25.0,10,20.83,67,10,14.93,6.37,33,21.02,27.39,19.12,8.19,27.27,0.211,0.375,0.447,0.8220000000000001,0.236,682998
ST,Sweeper,BR,108,6.07,21,20,8,38.1,1,4.76,48,8,16.67,7.41,23,21.3,28.7,33.33,8.38,17.78,0.1,0.143,0.25,0.393,0.15,682998
FS,Split-Finger,OS,93,5.23,26,26,5,19.23,0,0.0,49,12,24.49,12.9,7,7.53,20.43,34.55,5.77,16.13,0.346,0.346,0.808,1.154,0.4620000000000001,682998
KC,Knuckle Curve,BR,40,2.25,9,9,4,44.44,0,0.0,22,8,36.36,20.0,3,7.5,27.5,48.0,3.17,23.53,0.333,0.333,0.444,0.777,0.1109999999999999,682998
FO,Forkball,OS,18,1.01,5,5,0,0.0,0,0.0,11,1,9.09,5.56,3,16.67,22.22,33.33,1.12,0.0,0.2,0.2,0.2,0.4,0.0,682998
,,,13,0.73,3,0,0,0.0,3,100.0,0,0,,0.0,0,0.0,0.0,,0.19,0.0,,1.0,,,,682998
SV,Slurve,BR,8,0.45,2,1,0,0.0,1,50.0,3,0,0.0,0.0,3,37.5,37.5,33.33,0.37,0.0,0.0,0.5,0.0,0.5,0.0,682998
PO,Pitch Out,,1,0.06,0,0,0,,0,,0,0,,0.0,0,0.0,0.0,0.0,0.0,,,,,,,682998
FF,4-Seam Fastball,FB,552,32.49,144,128,27,18.75,15,10.42,285,64,22.46,11.59,96,17.39,28.99,22.17,32.69,17.11,0.352,0.417,0.586,1.003,0.2339999999999999,683002
CH,Changeup,OS,270,15.89,67,64,18,26.87,2,2.99,144,48,33.33,17.78,15,5.56,23.33,39.04,18.06,20.24,0.281,0.299,0.438,0.737,0.1569999999999999,683002
SI,Sinker,FB,178,10.48,43,34,3,6.98,8,18.6,79,9,11.39,5.06,41,23.03,28.09,25.0,7.1,9.09,0.353,0.488,0.441,0.929,0.088,683002
SL,Slider,BR,173,10.18,39,35,7,17.95,3,7.69,80,22,27.5,12.72,26,15.03,27.75,30.21,10.75,14.0,0.314,0.359,0.514,0.873,0.2,683002
FC,Cutter,FB,164,9.65,39,32,6,15.38,6,15.38,78,12,15.38,7.32,23,14.02,21.34,23.46,6.24,20.69,0.188,0.333,0.25,0.583,0.062,683002
CU,Curveball,BR,138,8.12,28,27,12,42.86,1,3.57,48,22,45.83,15.94,15,10.87,26.81,23.71,11.61,22.22,0.074,0.107,0.296,0.4029999999999999,0.2219999999999999,683002
FS,Split-Finger,OS,87,5.12,32,28,6,18.75,4,12.5,51,18,35.29,20.69,7,8.05,28.74,41.51,6.88,18.75,0.179,0.281,0.393,0.674,0.214,683002
ST,Sweeper,BR,58,3.41,23,19,5,21.74,2,8.7,23,4,17.39,6.9,13,22.41,29.31,21.21,3.87,27.78,0.368,0.478,0.632,1.11,0.264,683002
KC,Knuckle Curve,BR,41,2.41,11,9,1,9.09,1,9.09,19,2,10.53,4.88,6,14.63,19.51,30.43,2.58,8.33,0.333,0.364,0.333,0.6970000000000001,0.0,683002
,,,25,1.47,8,2,0,0.0,6,75.0,2,0,0.0,0.0,1,4.0,4.0,,0.0,,0.5,0.875,0.5,1.375,0.0,683002
SV,Slurve,BR,10,0.59,5,5,1,20.0,0,0.0,6,1,16.67,10.0,1,10.0,20.0,25.0,0.22,100.0,0.6,0.6,1.6,2.2,1.0,683002
FA,Other,,2,0.12,1,1,0,0.0,0,0.0,1,0,0.0,0.0,1,50.0,50.0,,0.0,,1.0,1.0,4.0,5.0,3.0,683002
EP,Eephus,,1,0.06,1,1,0,0.0,0,0.0,1,0,0.0,0.0,0,0.0,0.0,,0.0,,1.0,1.0,1.0,2.0,0.0,683002
SI,Sinker,FB,2,66.67,0,0,0,,0,,0,0,,0.0,2,100.0,100.0,,0.0,,,,,,,683004
SL,Slider,BR,1,33.33,1,1,1,100.0,0,0.0,1,1,100.0,100.0,0,0.0,100.0,100.0,100.0,100.0,0.0,0.0,0.0,0.0,0.0,683004
FF,4-Seam Fastball,FB,544,32.34,132,113,41,31.06,15,11.36,257,85,33.07,15.62,96,17.65,33.27,19.5,35.99,22.16,0.186,0.282,0.398,0.6799999999999999,0.212,683011
SI,Sinker,FB,323,19.2,66,60,12,18.18,3,4.55,132,28,21.21,8.67,93,28.79,37.46,24.81,9.92,23.53,0.267,0.292,0.483,0.7749999999999999,0.2159999999999999,683011
SL,Slider,BR,287,17.06,90,87,19,21.11,2,2.22,147,31,21.09,10.8,47,16.38,27.18,29.5,16.34,22.62,0.172,0.189,0.333,0.522,0.161,683011
ST,Sweeper,BR,162,9.63,38,37,8,21.05,1,2.63,70,12,17.14,7.41,26,16.05,23.46,24.44,9.92,13.73,0.243,0.263,0.405,0.668,0.162,683011
FC,Cutter,FB,110,6.54,29,24,5,17.24,5,17.24,54,11,20.37,10.0,19,17.27,27.27,20.0,4.47,21.74,0.292,0.414,0.792,1.206,0.5,683011
CH,Changeup,OS,92,5.47,31,28,12,38.71,2,6.45,56,16,28.57,17.39,5,5.43,22.83,34.78,8.75,26.67,0.071,0.161,0.071,0.2319999999999999,0.0,683011
CU,Curveball,BR,74,4.4,15,14,5,33.33,0,0.0,36,9,25.0,12.16,11,14.86,27.03,21.05,7.39,13.16,0.143,0.2,0.286,0.486,0.143,683011
FS,Split-Finger,OS,57,3.39,15,14,5,33.33,1,6.67,28,7,25.0,12.28,6,10.53,22.81,15.38,4.86,20.0,0.214,0.267,0.286,0.5529999999999999,0.0719999999999999,683011
KC,Knuckle Curve,BR,19,1.13,6,6,2,33.33,0,0.0,11,4,36.36,21.05,2,10.53,31.58,33.33,1.36,28.57,0.0,0.0,0.0,0.0,0.0,683011
SV,Slurve,BR,10,0.59,2,2,0,0.0,0,0.0,4,1,25.0,10.0,2,20.0,30.0,0.0,0.58,0.0,0.0,0.0,0.0,0.0,0.0,683011
CS,Slow Curve,BR,2,0.12,0,0,0,,0,,0,0,,0.0,1,50.0,50.0,0.0,0.19,0.0,,,,,,683011
PO,Pitch Out,,1,0.06,0,0,0,,0,,0,0,,0.0,0,0.0,0.0,0.0,0.19,0.0,,,,,,683011
,,,1,0.06,0,0,0,,0,,0,0,,0.0,0,0.0,0.0,,0.0,,,,,,,683011
SI,Sinker,FB,24,30.77,5,3,0,0.0,2,40.0,8,2,25.0,8.33,5,20.83,29.17,23.08,27.27,0.0,0.333,0.6,0.333,0.933,0.0,683021
FF,4-Seam Fastball,FB,19,24.36,6,6,0,0.0,0,0.0,9,0,0.0,0.0,5,26.32,26.32,28.57,27.27,0.0,0.333,0.333,0.333,0.666,0.0,683021
SL,Slider,BR,15,19.23,6,6,1,16.67,0,0.0,7,1,14.29,6.67,2,13.33,20.0,12.5,9.09,50.0,0.0,0.0,0.0,0.0,0.0,683021
FS,Split-Finger,OS,5,6.41,1,1,0,0.0,0,0.0,1,0,0.0,0.0,2,40.0,40.0,0.0,9.09,0.0,0.0,0.0,0.0,0.0,0.0,683021
CH,Changeup,OS,4,5.13,0,0,0,,0,,4,0,0.0,0.0,0,0.0,0.0,100.0,9.09,0.0,,,,,,683021
ST,Sweeper,BR,3,3.85,1,1,0,0.0,0,0.0,1,0,0.0,0.0,0,0.0,0.0,0.0,9.09,0.0,0.0,0.0,0.0,0.0,0.0,683021
FC,Cutter,FB,3,3.85,0,0,0,,0,,1,0,0.0,0.0,0,0.0,0.0,33.33,9.09,0.0,,,,,,683021
CU,Curveball,BR,2,2.56,0,0,0,,0,,0,0,,0.0,1,50.0,50.0,0.0,0.0,,,,,,,683021
EP,Eephus,,2,2.56,1,1,0,0.0,0,0.0,1,0,0.0,0.0,0,0.0,0.0,0.0,0.0,,1.0,1.0,1.0,2.0,0.0,683021
KC,Knuckle Curve,BR,1,1.28,0,0,0,,0,,0,0,,0.0,0,0.0,0.0,0.0,0.0,,,,,,,683021
FF,4-Seam Fastball,FB,83,32.68,22,18,3,13.64,1,4.55,42,10,23.81,12.05,12,14.46,26.51,28.21,21.69,16.67,0.333,0.35,0.722,1.072,0.3889999999999999,683083
SI,Sinker,FB,48,18.9,7,6,1,14.29,1,14.29,20,2,10.0,4.17,10,20.83,25.0,23.81,14.46,8.33,0.333,0.429,0.333,0.762,0.0,683083
ST,Sweeper,BR,25,9.84,2,2,1,50.0,0,0.0,8,1,12.5,4.0,7,28.0,32.0,9.09,18.07,6.67,0.0,0.0,0.0,0.0,0.0,683083
CH,Changeup,OS,23,9.06,5,4,2,40.0,0,0.0,8,4,50.0,17.39,2,8.7,26.09,18.75,12.05,20.0,0.0,0.0,0.0,0.0,0.0,683083
CU,Curveball,BR,22,8.66,8,8,4,50.0,0,0.0,10,7,70.0,31.82,4,18.18,50.0,27.27,12.05,40.0,0.125,0.125,0.125,0.25,0.0,683083
FS,Split-Finger,OS,20,7.87,6,5,2,33.33,1,16.67,10,4,40.0,20.0,3,15.0,35.0,41.67,9.64,25.0,0.2,0.333,0.2,0.533,0.0,683083
SL,Slider,BR,18,7.09,7,6,2,28.57,0,0.0,7,2,28.57,11.11,6,33.33,44.44,42.86,6.02,40.0,0.167,0.167,0.167,0.334,0.0,683083
FC,Cutter,FB,10,3.94,2,2,1,50.0,0,0.0,5,2,40.0,20.0,3,30.0,50.0,33.33,2.41,50.0,0.0,0.0,0.0,0.0,0.0,683083
KC,Knuckle Curve,BR,4,1.57,1,1,1,100.0,0,0.0,1,1,100.0,25.0,1,25.0,50.0,33.33,3.61,33.33,0.0,0.0,0.0,0.0,0.0,683083
,,,1,0.39,0,0,0,,0,,0,0,,0.0,0,0.0,0.0,,0.0,,,,,,,683083
SI,Sinker,FB,47,26.26,8,8,2,25.0,0,0.0,18,6,33.33,12.77,15,31.91,44.68,40.91,8.16,50.0,0.125,0.125,0.5,0.625,0.375,683090
FF,4-Seam Fastball,FB,47,26.26,16,16,9,56.25,0,0.0,26,12,46.15,25.53,4,8.51,34.04,34.62,46.94,34.78,0.125,0.125,0.312,0.437,0.187,683090
ST,Sweeper,BR,30,16.76,13,12,3,23.08,0,0.0,17,7,41.18,23.33,5,16.67,40.0,46.67,14.29,42.86,0.25,0.308,0.5,0.808,0.25,683090
SL,Slider,BR,24,13.41,7,7,3,42.86,0,0.0,14,6,42.86,25.0,5,20.83,45.83,64.29,12.24,50.0,0.286,0.286,0.714,1.0,0.428,683090
FC,Cutter,FB,11,6.15,3,3,2,66.67,0,0.0,7,6,85.71,54.55,1,9.09,63.64,50.0,6.12,66.67,0.0,0.0,0.0,0.0,0.0,683090
CU,Curveball,BR,6,3.35,2,2,0,0.0,0,0.0,4,0,0.0,0.0,1,16.67,16.67,0.0,2.04,0.0,0.0,0.0,0.0,0.0,0.0,683090
CH,Changeup,OS,5,2.79,2,2,0,0.0,0,0.0,3,0,0.0,0.0,1,20.0,20.0,0.0,0.0,,0.5,0.5,0.5,1.0,0.0,683090
KC,Knuckle Curve,BR,5,2.79,1,1,1,100.0,0,0.0,1,1,100.0,20.0,2,40.0,60.0,0.0,6.12,33.33,0.0,0.0,0.0,0.0,0.0,683090
FS,Split-Finger,OS,2,1.12,0,0,0,,0,,1,1,100.0,50.0,0,0.0,50.0,50.0,2.04,0.0,,,,,,683090
EP,Eephus,,2,1.12,1,1,0,0.0,0,0.0,2,0,0.0,0.0,0,0.0,0.0,100.0,2.04,0.0,1.0,1.0,1.0,2.0,0.0,683090
FF,4-Seam Fastball,FB,574,39.5,135,119,34,25.19,16,11.85,281,87,30.96,15.16,80,13.94,29.09,16.53,39.78,19.21,0.227,0.319,0.412,0.731,0.1849999999999999,683146
CH,Changeup,OS,183,12.59,41,38,8,19.51,2,4.88,87,26,29.89,14.21,17,9.29,23.5,28.97,12.81,14.04,0.237,0.268,0.395,0.663,0.158,683146
CU,Curveball,BR,144,9.91,30,27,5,16.67,3,10.0,58,19,32.76,13.19,33,22.92,36.11,30.38,8.99,12.5,0.333,0.4,0.481,0.881,0.1479999999999999,683146
SL,Slider,BR,113,7.78,32,30,13,40.62,1,3.12,52,16,30.77,14.16,23,20.35,34.51,30.91,7.87,37.14,0.267,0.281,0.6,0.881,0.3329999999999999,683146
FC,Cutter,FB,104,7.16,26,23,5,19.23,2,7.69,52,11,21.15,10.58,19,18.27,28.85,26.83,5.17,21.74,0.391,0.44,0.696,1.136,0.3049999999999999,683146
SI,Sinker,FB,94,6.47,28,25,5,17.86,3,10.71,42,8,19.05,8.51,24,25.53,34.04,17.95,5.84,19.23,0.36,0.429,0.68,1.109,0.32,683146
ST,Sweeper,BR,90,6.19,21,20,7,33.33,1,4.76,35,8,22.86,8.89,20,22.22,31.11,20.45,7.19,21.88,0.15,0.19,0.3,0.49,0.15,683146
FS,Split-Finger,OS,86,5.92,22,21,9,40.91,1,4.55,43,14,32.56,16.28,8,9.3,25.58,34.62,7.87,25.71,0.143,0.182,0.19,0.372,0.047,683146
KC,Knuckle Curve,BR,46,3.17,11,10,2,18.18,0,0.0,24,7,29.17,15.22,8,17.39,32.61,46.15,3.6,12.5,0.2,0.182,0.2,0.382,0.0,683146
SV,Slurve,BR,9,0.62,1,1,1,100.0,0,0.0,1,0,0.0,0.0,5,55.56,55.56,25.0,0.9,25.0,0.0,0.0,0.0,0.0,0.0,683146
,,,4,0.28,0,0,0,,0,,0,0,,0.0,0,0.0,0.0,,0.0,,,,,,,683146
FA,Other,,3,0.21,1,1,0,0.0,0,0.0,1,0,0.0,0.0,1,33.33,33.33,0.0,0.0,,1.0,1.0,1.0,2.0,0.0,683146
EP,Eephus,,2,0.14,1,1,0,0.0,0,0.0,1,0,0.0,0.0,0,0.0,0.0,0.0,0.0,,1.0,1.0,1.0,2.0,0.0,683146
PO,Pitch Out,,1,0.07,0,0,0,,0,,0,0,,0.0,0,0.0,0.0,0.0,0.0,,,,,,,683146
FF,4-Seam Fastball,FB,94,29.56,26,23,6,23.08,2,7.69,49,7,14.29,7.45,19,20.21,27.66,42.22,29.79,21.43,0.261,0.32,0.435,0.755,0.174,683227
SI,Sinker,FB,71,22.33,15,14,2,13.33,1,6.67,27,2,7.41,2.82,22,30.99,33.8,32.35,12.77,16.67,0.143,0.2,0.214,0.414,0.071,683227
SL,Slider,BR,51,16.04,12,12,3,25.0,0,0.0,21,3,14.29,5.88,8,15.69,21.57,21.43,22.34,14.29,0.167,0.167,0.167,0.334,0.0,683227
ST,Sweeper,BR,39,12.26,7,6,0,0.0,1,14.29,14,2,14.29,5.13,5,12.82,17.95,10.0,11.7,0.0,0.5,0.571,0.5,1.071,0.0,683227
FC,Cutter,FB,17,5.35,2,2,0,0.0,0,0.0,7,3,42.86,17.65,6,35.29,52.94,37.5,2.13,0.0,0.0,0.0,0.0,0.0,0.0,683227
CH,Changeup,OS,16,5.03,5,5,0,0.0,0,0.0,8,0,0.0,0.0,2,12.5,12.5,50.0,6.38,0.0,0.4,0.4,0.4,0.8,0.0,683227
CU,Curveball,BR,11,3.46,2,2,0,0.0,0,0.0,3,0,0.0,0.0,4,36.36,36.36,20.0,3.19,0.0,0.5,0.5,0.5,1.0,0.0,683227
FS,Split-Finger,OS,7,2.2,2,2,0,0.0,0,0.0,4,0,0.0,0.0,1,14.29,14.29,50.0,5.32,0.0,0.0,0.0,0.0,0.0,0.0,683227
KC,Knuckle Curve,BR,6,1.89,1,1,0,0.0,0,0.0,1,0,0.0,0.0,0,0.0,0.0,16.67,3.19,0.0,0.0,0.0,0.0,0.0,0.0,683227
FA,Other,,3,0.94,0,0,0,,0,,2,0,0.0,0.0,1,33.33,33.33,,1.06,0.0,,,,,,683227
EP,Eephus,,1,0.31,1,1,0,0.0,0,0.0,1,0,0.0,0.0,0,0.0,0.0,100.0,1.06,0.0,1.0,1.0,1.0,2.0,0.0,683227
SV,Slurve,BR,1,0.31,0,0,0,,0,,1,0,0.0,0.0,0,0.0,0.0,,1.06,0.0,,,,,,683227
,,,1,0.31,0,0,0,,0,,0,0,,0.0,0,0.0,0.0,,0.0,,,,,,,683227
FF,4-Seam Fastball,FB,30,29.13,5,5,0,0.0,0,0.0,14,3,21.43,10.0,1,3.33,13.33,22.22,36.36,0.0,0.4,0.4,1.0,1.4,0.6,683357
CH,Changeup,OS,26,25.24,8,8,5,62.5,0,0.0,18,10,55.56,38.46,1,3.85,42.31,53.33,27.27,55.56,0.125,0.125,0.25,0.375,0.125,683357
SI,Sinker,FB,14,13.59,6,6,1,16.67,0,0.0,9,1,11.11,7.14,1,7.14,14.29,20.0,6.06,50.0,0.333,0.333,0.333,0.666,0.0,683357
CU,Curveball,BR,10,9.71,1,0,0,0.0,1,100.0,5,1,20.0,10.0,2,20.0,30.0,50.0,6.06,0.0,,1.0,,,,683357
FC,Cutter,FB,8,7.77,2,2,2,100.0,0,0.0,6,4,66.67,50.0,2,25.0,75.0,100.0,6.06,100.0,0.0,0.0,0.0,0.0,0.0,683357
SL,Slider,BR,8,7.77,3,3,1,33.33,0,0.0,6,1,16.67,12.5,0,0.0,12.5,33.33,12.12,25.0,0.0,0.0,0.0,0.0,0.0,683357
FS,Split-Finger,OS,7,6.8,2,2,2,100.0,0,0.0,5,5,100.0,71.43,0,0.0,71.43,50.0,6.06,100.0,0.0,0.0,0.0,0.0,0.0,683357
FF,4-Seam Fastball,FB,318,26.86,87,76,14,16.09,9,10.34,168,26,15.48,8.18,61,19.18,27.36,35.76,27.47,15.73,0.263,0.345,0.447,0.792,0.184,683734
SI,Sinker,FB,233,19.68,70,65,8,11.43,3,4.29,113,25,22.12,10.73,49,21.03,31.76,34.95,9.88,25.0,0.154,0.2,0.262,0.462,0.108,683734
SL,Slider,BR,213,17.99,44,42,11,25.0,2,4.55,82,30,36.59,14.08,33,15.49,29.58,20.18,20.06,16.92,0.238,0.273,0.476,0.749,0.238,683734
ST,Sweeper,BR,155,13.09,47,44,17,36.17,0,0.0,72,28,38.89,18.06,25,16.13,34.19,29.76,17.59,29.82,0.295,0.277,0.364,0.641,0.069,683734
FC,Cutter,FB,103,8.7,27,25,3,11.11,2,7.41,53,7,13.21,6.8,18,17.48,24.27,29.79,6.17,15.0,0.24,0.296,0.56,0.8560000000000001,0.32,683734
CH,Changeup,OS,52,4.39,15,14,5,33.33,1,6.67,25,7,28.0,13.46,6,11.54,25.0,35.48,6.48,23.81,0.286,0.333,0.357,0.69,0.071,683734
CU,Curveball,BR,51,4.31,9,9,2,22.22,0,0.0,16,4,25.0,7.84,6,11.76,19.61,6.45,5.86,10.53,0.333,0.333,0.667,1.0,0.334,683734
FS,Split-Finger,OS,37,3.12,12,12,2,16.67,0,0.0,19,3,15.79,8.11,2,5.41,13.51,41.38,5.56,11.11,0.083,0.083,0.083,0.166,0.0,683734
KC,Knuckle Curve,BR,16,1.35,3,3,0,0.0,0,0.0,7,1,14.29,6.25,2,12.5,18.75,0.0,0.62,0.0,0.0,0.0,0.0,0.0,0.0,683734
SV,Slurve,BR,2,0.17,0,0,0,,0,,1,0,0.0,0.0,0,0.0,0.0,0.0,0.0,,,,,,,683734
FO,Forkball,OS,2,0.17,1,1,0,0.0,0,0.0,2,0,0.0,0.0,0,0.0,0.0,100.0,0.31,0.0,0.0,0.0,0.0,0.0,0.0,683734
CS,Slow Curve,BR,1,0.08,0,0,0,,0,,1,1,100.0,100.0,0,0.0,100.0,,0.0,,,,,,,683734
PO,Pitch Out,,1,0.08,0,0,0,,0,,0,0,,0.0,0,0.0,0.0,0.0,0.0,,,,,,,683734
FF,4-Seam Fastball,FB,640,32.6,170,154,37,21.76,12,7.06,319,47,14.73,7.34,106,16.56,23.91,20.07,31.38,18.23,0.292,0.359,0.643,1.002,0.351,683737
SL,Slider,BR,242,12.33,61,50,17,27.87,11,18.03,115,43,37.39,17.77,30,12.4,30.17,25.56,14.53,18.09,0.2,0.344,0.5,0.844,0.3,683737
CH,Changeup,OS,233,11.87,58,53,13,22.41,5,8.62,119,43,36.13,18.45,15,6.44,24.89,30.6,10.97,18.31,0.321,0.379,0.679,1.058,0.358,683737
CU,Curveball,BR,206,10.49,52,50,16,30.77,1,1.92,86,27,31.4,13.11,38,18.45,31.55,22.43,10.97,22.54,0.2,0.212,0.48,0.692,0.2799999999999999,683737
SI,Sinker,FB,191,9.73,39,32,7,17.95,5,12.82,83,12,14.46,6.28,44,23.04,29.32,17.72,9.58,11.29,0.219,0.359,0.438,0.7969999999999999,0.219,683737
FC,Cutter,FB,160,8.15,47,39,5,10.64,6,12.77,86,21,24.42,13.12,22,13.75,26.88,26.76,5.41,14.29,0.333,0.426,0.538,0.964,0.205,683737
ST,Sweeper,BR,118,6.01,28,23,9,32.14,2,7.14,43,12,27.91,10.17,28,23.73,33.9,9.62,7.42,18.75,0.217,0.333,0.261,0.5940000000000001,0.044,683737
FS,Split-Finger,OS,91,4.64,23,22,6,26.09,1,4.35,42,18,42.86,19.78,6,6.59,26.37,27.12,5.87,15.79,0.318,0.348,0.409,0.7569999999999999,0.0909999999999999,683737
KC,Knuckle Curve,BR,46,2.34,11,9,3,27.27,2,18.18,19,7,36.84,15.22,9,19.57,34.78,27.27,2.47,18.75,0.333,0.455,0.444,0.899,0.1109999999999999,683737
SV,Slurve,BR,12,0.61,3,1,0,0.0,2,66.67,5,3,60.0,25.0,2,16.67,41.67,37.5,0.62,0.0,0.0,0.667,0.0,0.667,0.0,683737
FA,Other,,8,0.41,2,2,0,0.0,0,0.0,4,0,0.0,0.0,1,12.5,12.5,40.0,0.31,0.0,0.5,0.5,1.0,1.5,0.5,683737
,,,7,0.36,2,0,0,0.0,2,100.0,0,0,,0.0,0,0.0,0.0,,0.0,,,1.0,,,,683737
FO,Forkball,OS,5,0.25,0,0,0,,0,,0,0,,0.0,0,0.0,0.0,0.0,0.46,0.0,,,,,,683737
EP,Eephus,,4,0.2,2,2,0,0.0,0,0.0,3,0,0.0,0.0,0,0.0,0.0,66.67,0.0,,0.5,0.5,1.0,1.5,0.5,683737
FF,4-Seam Fastball,FB,34,31.48,7,5,2,28.57,2,28.57,14,3,21.43,8.82,4,11.76,20.59,16.67,29.41,10.0,0.0,0.286,0.0,0.286,0.0,683748
FC,Cutter,FB,15,13.89,1,1,0,0.0,0,0.0,8,1,12.5,6.67,2,13.33,20.0,44.44,2.94,0.0,0.0,0.0,0.0,0.0,0.0,683748
CH,Changeup,OS,13,12.04,2,2,0,0.0,0,0.0,6,2,33.33,15.38,1,7.69,23.08,22.22,17.65,0.0,0.0,0.0,0.0,0.0,0.0,683748
SL,Slider,BR,12,11.11,6,4,1,16.67,2,33.33,4,1,25.0,8.33,2,16.67,25.0,33.33,5.88,50.0,0.0,0.333,0.0,0.333,0.0,683748
KC,Knuckle Curve,BR,10,9.26,5,5,1,20.0,0,0.0,10,1,10.0,10.0,0,0.0,10.0,100.0,14.71,20.0,0.2,0.2,0.4,0.6000000000000001,0.2,683748
FS,Split-Finger,OS,8,7.41,1,1,0,0.0,0,0.0,4,1,25.0,12.5,1,12.5,25.0,57.14,14.71,0.0,0.0,0.0,0.0,0.0,0.0,683748
CU,Curveball,BR,8,7.41,2,2,0,0.0,0,0.0,7,2,28.57,25.0,0,0.0,25.0,75.0,8.82,0.0,0.0,0.0,0.0,0.0,0.0,683748
SI,Sinker,FB,7,6.48,2,2,0,0.0,0,0.0,4,0,0.0,0.0,1,14.29,14.29,33.33,5.88,0.0,1.0,1.0,1.5,2.5,0.5,683748
ST,Sweeper,BR,1,0.93,0,0,0,,0,,0,0,,0.0,0,0.0,0.0,0.0,0.0,,,,,,,683748
FF,4-Seam Fastball,FB,159,32.85,44,38,10,22.73,4,9.09,88,24,27.27,15.09,26,16.35,31.45,28.07,38.41,17.24,0.263,0.333,0.447,0.78,0.184,683766
SL,Slider,BR,95,19.63,30,29,6,20.0,1,3.33,57,21,36.84,22.11,9,9.47,31.58,40.82,19.87,20.0,0.172,0.2,0.276,0.476,0.104,683766
SI,Sinker,FB,91,18.8,28,28,2,7.14,0,0.0,46,6,13.04,6.59,12,13.19,19.78,21.62,13.91,9.52,0.286,0.286,0.464,0.75,0.178,683766
ST,Sweeper,BR,52,10.74,14,14,3,21.43,0,0.0,27,9,33.33,17.31,11,21.15,38.46,42.86,11.92,16.67,0.357,0.357,0.429,0.786,0.072,683766
FC,Cutter,FB,34,7.02,10,8,2,20.0,1,10.0,17,6,35.29,17.65,5,14.71,32.35,23.08,1.32,100.0,0.125,0.2,0.125,0.325,0.0,683766
CH,Changeup,OS,19,3.93,5,3,1,20.0,0,0.0,14,4,28.57,21.05,1,5.26,26.32,60.0,3.97,16.67,0.333,0.5,0.667,1.167,0.334,683766
CU,Curveball,BR,14,2.89,6,4,3,50.0,1,16.67,7,3,42.86,21.43,2,14.29,35.71,28.57,3.97,50.0,0.25,0.333,0.25,0.583,0.0,683766
KC,Knuckle Curve,BR,7,1.45,3,3,0,0.0,0,0.0,6,1,16.67,14.29,0,0.0,14.29,66.67,2.65,0.0,0.333,0.333,0.333,0.666,0.0,683766
FS,Split-Finger,OS,6,1.24,2,2,0,0.0,0,0.0,5,1,20.0,16.67,0,0.0,16.67,66.67,2.65,0.0,0.5,0.5,0.5,1.0,0.0,683766
CS,Slow Curve,BR,3,0.62,0,0,0,,0,,2,2,100.0,66.67,0,0.0,66.67,0.0,0.0,,,,,,,683766
FA,Other,,3,0.62,2,2,1,50.0,0,0.0,1,0,0.0,0.0,1,33.33,33.33,50.0,0.66,100.0,0.5,0.5,0.5,1.0,0.0,683766
SV,Slurve,BR,1,0.21,0,0,0,,0,,0,0,,0.0,0,0.0,0.0,0.0,0.66,0.0,,,,,,683766
FF,4-Seam Fastball,FB,100,43.1,28,26,11,39.29,1,3.57,57,17,29.82,17.0,13,13.0,30.0,35.42,46.97,35.48,0.077,0.143,0.115,0.258,0.038,683770
FC,Cutter,FB,29,12.5,6,5,2,33.33,0,0.0,15,7,46.67,24.14,4,13.79,37.93,23.08,4.55,66.67,0.2,0.333,0.2,0.533,0.0,683770
CH,Changeup,OS,26,11.21,8,8,1,12.5,0,0.0,17,5,29.41,19.23,2,7.69,26.92,53.33,13.64,11.11,0.125,0.125,0.125,0.25,0.0,683770
CU,Curveball,BR,19,8.19,6,5,3,50.0,1,16.67,8,6,75.0,31.58,3,15.79,47.37,41.67,9.09,50.0,0.0,0.167,0.0,0.167,0.0,683770
SL,Slider,BR,19,8.19,6,6,1,16.67,0,0.0,11,2,18.18,10.53,3,15.79,26.32,36.36,6.06,25.0,0.333,0.333,0.333,0.666,0.0,683770
FS,Split-Finger,OS,17,7.33,5,5,4,80.0,0,0.0,10,7,70.0,41.18,4,23.53,64.71,75.0,10.61,57.14,0.0,0.0,0.0,0.0,0.0,683770
KC,Knuckle Curve,BR,11,4.74,3,3,1,33.33,0,0.0,7,3,42.86,27.27,1,9.09,36.36,57.14,7.58,20.0,0.333,0.333,0.333,0.666,0.0,683770
SI,Sinker,FB,7,3.02,2,2,0,0.0,0,0.0,2,0,0.0,0.0,2,28.57,28.57,0.0,0.0,,0.0,0.0,0.0,0.0,0.0,683770
ST,Sweeper,BR,4,1.72,1,1,1,100.0,0,0.0,1,1,100.0,25.0,1,25.0,50.0,33.33,1.52,100.0,0.0,0.0,0.0,0.0,0.0,683770
SL,Slider,BR,30,34.09,6,6,2,33.33,0,0.0,18,8,44.44,26.67,6,20.0,46.67,60.0,32.43,16.67,0.5,0.5,1.0,1.5,0.5,685301
ST,Sweeper,BR,14,15.91,4,3,1,25.0,1,25.0,4,1,25.0,7.14,3,21.43,28.57,0.0,18.92,14.29,0.0,0.25,0.0,0.25,0.0,685301
FF,4-Seam Fastball,FB,12,13.64,3,3,2,66.67,0,0.0,3,0,0.0,0.0,5,41.67,41.67,20.0,13.51,40.0,0.0,0.0,0.0,0.0,0.0,685301
SI,Sinker,FB,12,13.64,3,3,1,33.33,0,0.0,5,0,0.0,0.0,4,33.33,33.33,33.33,18.92,14.29,0.0,0.0,0.0,0.0,0.0,685301
FS,Split-Finger,OS,8,9.09,2,2,1,50.0,0,0.0,5,2,40.0,25.0,0,0.0,25.0,50.0,16.22,16.67,0.5,0.5,0.5,1.0,0.0,685301
FC,Cutter,FB,7,7.95,1,1,0,0.0,0,0.0,3,1,33.33,14.29,2,28.57,42.86,0.0,0.0,,0.0,0.0,0.0,0.0,0.0,685301
CU,Curveball,BR,3,3.41,0,0,0,,0,,2,2,100.0,66.67,0,0.0,66.67,50.0,0.0,,,,,,,685301
CH,Changeup,OS,2,2.27,0,0,0,,0,,0,0,,0.0,0,0.0,0.0,0.0,0.0,,,,,,,685301
FF,4-Seam Fastball,FB,10,58.82,3,2,1,33.33,1,33.33,5,1,20.0,10.0,2,20.0,30.0,25.0,54.55,16.67,0.0,0.333,0.0,0.333,0.0,685744
SI,Sinker,FB,5,29.41,0,0,0,,0,,1,0,0.0,0.0,1,20.0,20.0,0.0,36.36,0.0,,,,,,685744
FC,Cutter,FB,2,11.76,0,0,0,,0,,1,0,0.0,0.0,0,0.0,0.0,50.0,9.09,0.0,,,,,,685744
FF,4-Seam Fastball,FB,641,37.88,166,141,20,12.05,22,13.25,288,31,10.76,4.84,133,20.75,25.59,27.48,34.48,11.76,0.291,0.382,0.468,0.8500000000000001,0.177,686217
SI,Sinker,FB,196,11.58,62,54,7,11.29,7,11.29,78,5,6.41,2.55,48,24.49,27.04,20.0,10.95,12.96,0.333,0.403,0.463,0.8660000000000001,0.13,686217
CU,Curveball,BR,168,9.93,27,25,7,25.93,1,3.7,55,9,16.36,5.36,37,22.02,27.38,10.0,10.34,13.73,0.2,0.259,0.24,0.499,0.0399999999999999,686217
CH,Changeup,OS,157,9.28,40,39,6,15.0,1,2.5,76,18,23.68,11.46,18,11.46,22.93,26.74,12.17,10.0,0.385,0.4,0.641,1.041,0.256,686217
FC,Cutter,FB,155,9.16,36,31,4,11.11,4,11.11,70,10,14.29,6.45,33,21.29,27.74,24.62,5.27,15.38,0.129,0.25,0.161,0.411,0.032,686217
SL,Slider,BR,151,8.92,37,33,5,13.51,1,2.7,78,8,10.26,5.3,22,14.57,19.87,27.94,9.94,10.2,0.242,0.286,0.424,0.71,0.182,686217
FS,Split-Finger,OS,101,5.97,29,28,4,13.79,1,3.45,52,6,11.54,5.94,7,6.93,12.87,35.38,9.94,8.16,0.321,0.345,0.536,0.881,0.215,686217
ST,Sweeper,BR,91,5.38,16,16,4,25.0,0,0.0,28,6,21.43,6.59,24,26.37,32.97,21.28,5.27,15.38,0.188,0.188,0.188,0.376,0.0,686217
KC,Knuckle Curve,BR,24,1.42,3,3,0,0.0,0,0.0,7,1,14.29,4.17,7,29.17,33.33,18.18,1.22,0.0,0.667,0.667,0.667,1.334,0.0,686217
FA,Other,,2,0.12,1,0,0,0.0,0,0.0,1,0,0.0,0.0,0,0.0,0.0,50.0,0.0,,,0.0,,,,686217
EP,Eephus,,2,0.12,2,2,0,0.0,0,0.0,2,0,0.0,0.0,0,0.0,0.0,100.0,0.0,,0.0,0.0,0.0,0.0,0.0,686217
FO,Forkball,OS,2,0.12,1,0,0,0.0,0,0.0,1,0,0.0,0.0,0,0.0,0.0,50.0,0.41,0.0,,,,,,686217
SV,Slurve,BR,2,0.12,0,0,0,,0,,0,0,,0.0,1,50.0,50.0,0.0,0.0,,,,,,,686217
FF,4-Seam Fastball,FB,52,34.21,15,14,0,0.0,0,0.0,25,2,8.0,3.85,12,23.08,26.92,11.11,32.5,0.0,0.5,0.5,0.714,1.214,0.2139999999999999,686452
CH,Changeup,OS,22,14.47,3,2,0,0.0,1,33.33,10,2,20.0,9.09,3,13.64,22.73,30.77,12.5,0.0,0.0,0.333,0.0,0.333,0.0,686452
SI,Sinker,FB,18,11.84,7,5,0,0.0,1,14.29,7,0,0.0,0.0,3,16.67,16.67,0.0,7.5,0.0,0.6,0.667,0.6,1.267,0.0,686452
FC,Cutter,FB,17,11.18,5,4,1,20.0,0,0.0,11,2,18.18,11.76,3,17.65,29.41,0.0,10.0,25.0,0.25,0.25,0.5,0.75,0.25,686452
ST,Sweeper,BR,13,8.55,6,6,0,0.0,0,0.0,9,1,11.11,7.69,2,15.38,23.08,50.0,12.5,0.0,0.333,0.333,0.667,1.0,0.334,686452
KC,Knuckle Curve,BR,10,6.58,2,2,0,0.0,0,0.0,4,1,25.0,10.0,1,10.0,20.0,20.0,5.0,0.0,0.0,0.0,0.0,0.0,0.0,686452
SL,Slider,BR,9,5.92,3,2,0,0.0,1,33.33,2,0,0.0,0.0,4,44.44,44.44,20.0,5.0,0.0,0.0,0.333,0.0,0.333,0.0,686452
CU,Curveball,BR,5,3.29,1,1,1,100.0,0,0.0,3,2,66.67,40.0,0,0.0,40.0,33.33,10.0,25.0,0.0,0.0,0.0,0.0,0.0,686452
FS,Split-Finger,OS,4,2.63,1,1,0,0.0,0,0.0,2,0,0.0,0.0,0,0.0,0.0,0.0,5.0,0.0,0.0,0.0,0.0,0.0,0.0,686452
PO,Pitch Out,,1,0.66,0,0,0,,0,,0,0,,0.0,0,0.0,0.0,0.0,0.0,,,,,,,686452
SV,Slurve,BR,1,0.66,0,0,0,,0,,0,0,,0.0,0,0.0,0.0,0.0,0.0,,,,,,,686452
FF,4-Seam Fastball,FB,681,34.64,185,170,20,10.81,14,7.57,326,34,10.43,4.99,133,19.53,24.52,28.86,31.06,12.2,0.253,0.308,0.5,0.808,0.247,686469
CH,Changeup,OS,316,16.07,89,85,13,14.61,4,4.49,146,37,25.34,11.71,29,9.18,20.89,32.21,18.37,13.4,0.247,0.281,0.435,0.716,0.188,686469
SL,Slider,BR,200,10.17,43,35,7,16.28,5,11.63,86,15,17.44,7.5,38,19.0,26.5,24.0,11.74,11.29,0.4,0.512,0.8,1.312,0.4,686469
FC,Cutter,FB,167,8.49,36,32,3,8.33,2,5.56,78,9,11.54,5.39,30,17.96,23.35,25.93,5.87,9.68,0.375,0.429,0.562,0.991,0.187,686469
CU,Curveball,BR,152,7.73,34,33,6,17.65,1,2.94,65,13,20.0,8.55,29,19.08,27.63,30.49,7.39,15.38,0.303,0.324,0.545,0.869,0.242,686469
FS,Split-Finger,OS,147,7.48,40,39,7,17.5,1,2.5,82,23,28.05,15.65,16,10.88,26.53,42.53,9.85,13.46,0.205,0.225,0.256,0.481,0.051,686469
SI,Sinker,FB,135,6.87,42,35,1,2.38,6,14.29,57,5,8.77,3.7,22,16.3,20.0,13.33,4.73,4.0,0.343,0.439,0.686,1.125,0.343,686469
ST,Sweeper,BR,81,4.12,19,16,5,26.32,2,10.53,37,10,27.03,12.35,19,23.46,35.8,36.11,4.73,20.0,0.312,0.421,0.5,0.921,0.188,686469
KC,Knuckle Curve,BR,64,3.26,25,23,5,20.0,1,4.0,36,8,22.22,12.5,8,12.5,25.0,34.38,5.49,17.24,0.261,0.32,0.478,0.798,0.2169999999999999,686469
,,,16,0.81,5,0,0,0.0,5,100.0,0,0,,0.0,0,0.0,0.0,,0.0,,,1.0,,,,686469
FO,Forkball,OS,6,0.31,1,1,1,100.0,0,0.0,4,2,50.0,33.33,1,16.67,50.0,75.0,0.57,33.33,0.0,0.0,0.0,0.0,0.0,686469
SV,Slurve,BR,1,0.05,1,1,0,0.0,0,0.0,1,0,0.0,0.0,0,0.0,0.0,,0.19,0.0,1.0,1.0,1.0,2.0,0.0,686469
SL,Slider,BR,20,31.75,7,6,2,28.57,0,0.0,14,5,35.71,25.0,0,0.0,25.0,33.33,38.46,40.0,0.333,0.429,0.333,0.762,0.0,686475
SI,Sinker,FB,13,20.63,3,2,0,0.0,0,0.0,8,0,0.0,0.0,2,15.38,15.38,50.0,0.0,,1.0,1.0,1.0,2.0,0.0,686475
FF,4-Seam Fastball,FB,9,14.29,4,3,1,25.0,0,0.0,8,2,25.0,22.22,0,0.0,22.22,50.0,38.46,20.0,0.667,0.5,0.667,1.167,0.0,686475
EP,Eephus,,5,7.94,3,3,0,0.0,0,0.0,3,0,0.0,0.0,1,20.0,20.0,0.0,0.0,,0.333,0.333,0.333,0.666,0.0,686475
CU,Curveball,BR,4,6.35,1,1,1,100.0,0,0.0,2,2,100.0,50.0,1,25.0,75.0,50.0,7.69,100.0,0.0,0.0,0.0,0.0,0.0,686475
ST,Sweeper,BR,4,6.35,2,2,1,50.0,0,0.0,1,0,0.0,0.0,1,25.0,25.0,33.33,15.38,50.0,0.0,0.0,0.0,0.0,0.0,686475
FC,Cutter,FB,4,6.35,1,1,0,0.0,0,0.0,3,1,33.33,25.0,0,0.0,25.0,50.0,0.0,,0.0,0.0,0.0,0.0,0.0,686475
FA,Other,,3,4.76,1,1,0,0.0,0,0.0,1,0,0.0,0.0,1,33.33,33.33,0.0,0.0,,0.0,0.0,0.0,0.0,0.0,686475
CH,Changeup,OS,1,1.59,0,0,0,,0,,0,0,,0.0,0,0.0,0.0,0.0,0.0,,,,,,,686475
FF,4-Seam Fastball,FB,246,31.87,71,66,15,21.13,3,4.23,137,25,18.25,10.16,42,17.07,27.24,40.16,32.17,18.07,0.288,0.324,0.485,0.8089999999999999,0.197,686527
CH,Changeup,OS,144,18.65,32,30,5,15.62,2,6.25,76,23,30.26,15.97,14,9.72,25.69,40.86,17.83,10.87,0.267,0.312,0.3,0.612,0.0329999999999999,686527
SL,Slider,BR,77,9.97,23,21,7,30.43,2,8.7,45,17,37.78,22.08,8,10.39,32.47,41.86,13.57,20.0,0.381,0.435,0.952,1.387,0.571,686527
SI,Sinker,FB,74,9.59,24,21,5,20.83,3,12.5,35,11,31.43,14.86,16,21.62,36.49,35.29,5.81,33.33,0.286,0.375,0.381,0.756,0.095,686527
CU,Curveball,BR,74,9.59,14,14,3,21.43,0,0.0,29,9,31.03,12.16,12,16.22,28.38,22.73,11.63,10.0,0.286,0.286,0.5,0.786,0.214,686527
FC,Cutter,FB,50,6.48,12,11,2,16.67,0,0.0,31,2,6.45,4.0,6,12.0,16.0,50.0,7.75,10.0,0.455,0.5,0.818,1.318,0.3629999999999999,686527
FS,Split-Finger,OS,39,5.05,7,7,3,42.86,0,0.0,24,8,33.33,20.51,2,5.13,25.64,40.0,5.04,23.08,0.143,0.143,0.143,0.286,0.0,686527
ST,Sweeper,BR,38,4.92,9,8,1,11.11,1,11.11,18,4,22.22,10.53,5,13.16,23.68,31.25,2.71,14.29,0.5,0.556,1.0,1.556,0.5,686527
KC,Knuckle Curve,BR,24,3.11,7,6,3,42.86,1,14.29,15,7,46.67,29.17,0,0.0,29.17,50.0,3.49,33.33,0.167,0.286,0.333,0.619,0.166,686527
EP,Eephus,,4,0.52,2,2,0,0.0,0,0.0,2,0,0.0,0.0,0,0.0,0.0,33.33,0.0,,0.5,0.5,0.5,1.0,0.0,686527
SV,Slurve,BR,2,0.26,0,0,0,,0,,1,0,0.0,0.0,1,50.0,50.0,,0.0,,,,,,,686527
FF,4-Seam Fastball,FB,36,26.47,9,8,4,44.44,1,11.11,12,7,58.33,19.44,9,25.0,44.44,7.69,32.56,28.57,0.125,0.222,0.125,0.347,0.0,686554
SL,Slider,BR,25,18.38,5,3,0,0.0,0,0.0,15,5,33.33,20.0,2,8.0,28.0,30.0,20.93,0.0,0.333,0.25,0.667,0.917,0.334,686554
CH,Changeup,OS,19,13.97,4,4,1,25.0,0,0.0,7,3,42.86,15.79,1,5.26,21.05,21.43,16.28,14.29,0.0,0.0,0.0,0.0,0.0,686554
SI,Sinker,FB,14,10.29,5,5,1,20.0,0,0.0,8,1,12.5,7.14,2,14.29,21.43,0.0,13.95,16.67,0.2,0.2,0.2,0.4,0.0,686554
FC,Cutter,FB,13,9.56,4,4,1,25.0,0,0.0,8,1,12.5,7.69,2,15.38,23.08,25.0,4.65,50.0,0.0,0.0,0.0,0.0,0.0,686554
CU,Curveball,BR,10,7.35,0,0,0,,0,,1,0,0.0,0.0,4,40.0,40.0,0.0,0.0,,,,,,,686554
FS,Split-Finger,OS,6,4.41,2,2,1,50.0,0,0.0,2,1,50.0,16.67,0,0.0,16.67,20.0,4.65,50.0,0.0,0.0,0.0,0.0,0.0,686554
KC,Knuckle Curve,BR,5,3.68,3,2,1,33.33,1,33.33,2,1,50.0,20.0,1,20.0,40.0,0.0,4.65,50.0,0.5,0.667,0.5,1.167,0.0,686554
ST,Sweeper,BR,5,3.68,2,2,1,50.0,0,0.0,2,1,50.0,20.0,1,20.0,40.0,0.0,2.33,100.0,0.5,0.5,0.5,1.0,0.0,686554
SV,Slurve,BR,3,2.21,1,1,0,0.0,0,0.0,1,0,0.0,0.0,1,33.33,33.33,0.0,0.0,,1.0,1.0,2.0,3.0,1.0,686554
FF,4-Seam Fastball,FB,556,44.41,140,110,23,16.43,27,19.29,246,52,21.14,9.35,91,16.37,25.72,12.66,40.15,14.65,0.282,0.424,0.336,0.76,0.054,686555
CH,Changeup,OS,137,10.94,31,29,7,22.58,2,6.45,53,13,24.53,9.49,25,18.25,27.74,19.18,9.46,18.92,0.241,0.29,0.414,0.704,0.173,686555
SI,Sinker,FB,117,9.35,30,26,7,23.33,4,13.33,49,5,10.2,4.27,33,28.21,32.48,16.67,9.72,15.79,0.231,0.333,0.385,0.718,0.154,686555
SL,Slider,BR,104,8.31,21,18,7,33.33,2,9.52,44,9,20.45,8.65,25,24.04,32.69,27.66,10.23,17.5,0.389,0.45,0.778,1.228,0.389,686555
FC,Cutter,FB,103,8.23,19,15,3,15.79,3,15.79,44,10,22.73,9.71,15,14.56,24.27,12.24,5.37,14.29,0.533,0.611,0.667,1.278,0.134,686555
CU,Curveball,BR,87,6.95,14,12,4,28.57,2,14.29,20,7,35.0,8.05,18,20.69,28.74,15.79,7.67,13.33,0.083,0.214,0.083,0.297,0.0,686555
FS,Split-Finger,OS,68,5.43,17,16,5,29.41,1,5.88,29,8,27.59,11.76,7,10.29,22.06,26.19,8.18,15.62,0.125,0.176,0.188,0.364,0.063,686555
ST,Sweeper,BR,48,3.83,14,11,5,35.71,2,14.29,22,8,36.36,16.67,6,12.5,29.17,30.77,5.88,21.74,0.273,0.429,0.636,1.065,0.363,686555
KC,Knuckle Curve,BR,24,1.92,8,8,1,12.5,0,0.0,11,1,9.09,4.17,3,12.5,16.67,23.08,2.3,11.11,0.5,0.5,1.0,1.5,0.5,686555
FO,Forkball,OS,4,0.32,1,1,1,100.0,0,0.0,1,0,0.0,0.0,2,50.0,50.0,0.0,0.77,33.33,0.0,0.0,0.0,0.0,0.0,686555
EP,Eephus,,2,0.16,1,1,0,0.0,0,0.0,1,0,0.0,0.0,1,50.0,50.0,0.0,0.0,,0.0,0.0,0.0,0.0,0.0,686555
SV,Slurve,BR,1,0.08,0,0,0,,0,,1,0,0.0,0.0,0,0.0,0.0,,0.26,0.0,,,,,,686555
,,,1,0.08,0,0,0,,0,,0,0,,0.0,0,0.0,0.0,,0.0,,,,,,,686555
FF,4-Seam Fastball,FB,226,25.77,58,48,14,24.14,9,15.52,120,43,35.83,19.03,33,14.6,33.63,38.26,22.78,25.93,0.208,0.345,0.479,0.824,0.271,686611
SI,Sinker,FB,206,23.49,61,55,5,8.2,4,6.56,106,19,17.92,9.22,38,18.45,27.67,25.97,12.24,17.24,0.236,0.311,0.527,0.8380000000000001,0.291,686611
SL,Slider,BR,172,19.61,48,44,16,33.33,4,8.33,71,30,42.25,17.44,29,16.86,34.3,31.68,20.68,32.65,0.136,0.208,0.25,0.4579999999999999,0.1139999999999999,686611
ST,Sweeper,BR,91,10.38,28,27,7,25.0,1,3.57,35,11,31.43,12.09,17,18.68,30.77,20.75,10.97,26.92,0.185,0.214,0.185,0.399,0.0,686611
CH,Changeup,OS,49,5.59,12,10,5,41.67,1,8.33,27,12,44.44,24.49,2,4.08,28.57,30.77,11.39,18.52,0.4,0.5,0.5,1.0,0.0999999999999999,686611
FC,Cutter,FB,45,5.13,13,12,2,15.38,1,7.69,26,7,26.92,15.56,4,8.89,24.44,36.36,2.95,28.57,0.417,0.462,0.417,0.879,0.0,686611
CU,Curveball,BR,41,4.68,11,10,4,36.36,1,9.09,14,7,50.0,17.07,6,14.63,31.71,22.22,7.59,22.22,0.1,0.182,0.1,0.282,0.0,686611
FS,Split-Finger,OS,32,3.65,5,5,2,40.0,0,0.0,14,6,42.86,18.75,1,3.12,21.88,31.82,7.59,11.11,0.0,0.0,0.0,0.0,0.0,686611
KC,Knuckle Curve,BR,10,1.14,5,5,2,40.0,0,0.0,7,3,42.86,30.0,2,20.0,50.0,80.0,2.11,40.0,0.2,0.2,0.2,0.4,0.0,686611
FO,Forkball,OS,5,0.57,2,2,1,50.0,0,0.0,1,0,0.0,0.0,1,20.0,20.0,0.0,1.69,25.0,0.5,0.5,1.0,1.5,0.5,686611
FF,4-Seam Fastball,FB,492,33.51,127,117,41,32.28,8,6.3,233,71,30.47,14.43,97,19.72,34.15,29.33,36.19,26.28,0.197,0.246,0.325,0.571,0.128,686668
SL,Slider,BR,277,18.87,80,74,23,28.75,4,5.0,152,64,42.11,23.1,34,12.27,35.38,33.58,19.72,27.06,0.176,0.212,0.311,0.523,0.135,686668
SI,Sinker,FB,242,16.49,73,68,7,9.59,5,6.85,102,10,9.8,4.13,59,24.38,28.51,22.43,8.35,19.44,0.279,0.329,0.382,0.7110000000000001,0.1029999999999999,686668
ST,Sweeper,BR,184,12.53,51,49,17,33.33,2,3.92,90,36,40.0,19.57,17,9.24,28.8,24.04,15.55,25.37,0.265,0.294,0.469,0.7629999999999999,0.2039999999999999,686668
FC,Cutter,FB,96,6.54,23,22,6,26.09,1,4.35,48,12,25.0,12.5,14,14.58,27.08,36.54,5.1,22.73,0.045,0.087,0.091,0.178,0.046,686668
CH,Changeup,OS,61,4.16,11,11,4,36.36,0,0.0,32,14,43.75,22.95,3,4.92,27.87,40.48,4.18,22.22,0.273,0.273,0.364,0.637,0.0909999999999999,686668
CU,Curveball,BR,50,3.41,14,14,1,7.14,0,0.0,25,4,16.0,8.0,3,6.0,14.0,24.14,3.02,7.69,0.286,0.286,0.5,0.786,0.214,686668
FS,Split-Finger,OS,22,1.5,12,12,6,50.0,0,0.0,18,8,44.44,36.36,0,0.0,36.36,76.92,3.48,40.0,0.25,0.25,0.5,0.75,0.25,686668
SV,Slurve,BR,14,0.95,4,4,3,75.0,0,0.0,8,3,37.5,21.43,3,21.43,42.86,50.0,1.16,60.0,0.0,0.0,0.0,0.0,0.0,686668
KC,Knuckle Curve,BR,13,0.89,4,4,1,25.0,0,0.0,8,2,25.0,15.38,0,0.0,15.38,37.5,0.93,25.0,0.0,0.0,0.0,0.0,0.0,686668
FO,Forkball,OS,13,0.89,2,2,1,50.0,0,0.0,6,1,16.67,7.69,0,0.0,7.69,30.0,2.32,10.0,0.0,0.0,0.0,0.0,0.0,686668
EP,Eephus,,2,0.14,1,1,0,0.0,0,0.0,1,0,0.0,0.0,1,50.0,50.0,,0.0,,0.0,0.0,0.0,0.0,0.0,686668
,,,2,0.14,0,0,0,,0,,0,0,,0.0,0,0.0,0.0,,0.0,,,,,,,686668
FF,4-Seam Fastball,FB,30,29.7,8,7,2,25.0,0,0.0,11,1,9.09,3.33,8,26.67,30.0,21.43,39.39,15.38,0.0,0.0,0.0,0.0,0.0,686676
SL,Slider,BR,21,20.79,6,6,0,0.0,0,0.0,10,3,30.0,14.29,2,9.52,23.81,30.77,18.18,0.0,0.333,0.333,0.5,0.833,0.1669999999999999,686676
SI,Sinker,FB,14,13.86,5,4,0,0.0,0,0.0,6,0,0.0,0.0,3,21.43,21.43,0.0,0.0,,0.5,0.5,0.75,1.25,0.25,686676
FS,Split-Finger,OS,12,11.88,2,1,0,0.0,1,50.0,9,5,55.56,41.67,0,0.0,41.67,50.0,18.18,0.0,1.0,1.0,2.0,3.0,1.0,686676
ST,Sweeper,BR,8,7.92,2,1,0,0.0,1,50.0,3,2,66.67,25.0,0,0.0,25.0,16.67,9.09,0.0,0.0,0.5,0.0,0.5,0.0,686676
FC,Cutter,FB,6,5.94,3,3,2,66.67,0,0.0,3,2,66.67,33.33,2,33.33,66.67,100.0,6.06,100.0,0.0,0.0,0.0,0.0,0.0,686676
FA,Other,,5,4.95,1,0,0,0.0,1,100.0,1,0,0.0,0.0,1,20.0,20.0,20.0,3.03,0.0,,1.0,,,,686676
KC,Knuckle Curve,BR,3,2.97,0,0,0,,0,,2,1,50.0,33.33,0,0.0,33.33,0.0,6.06,0.0,,,,,,686676
CH,Changeup,OS,2,1.98,0,0,0,,0,,0,0,,0.0,0,0.0,0.0,0.0,0.0,,,,,,,686676
FF,4-Seam Fastball,FB,325,38.55,83,79,10,12.05,4,4.82,167,30,17.96,9.23,67,20.62,29.85,30.83,33.06,12.35,0.19,0.229,0.241,0.47,0.0509999999999999,686681
CH,Changeup,OS,145,17.2,51,48,5,9.8,1,1.96,90,15,16.67,10.34,5,3.45,13.79,48.96,25.31,8.06,0.25,0.255,0.312,0.567,0.062,686681
SL,Slider,BR,79,9.37,18,17,5,27.78,1,5.56,43,8,18.6,10.13,12,15.19,25.32,28.12,8.98,22.73,0.353,0.389,0.412,0.8009999999999999,0.059,686681
CU,Curveball,BR,76,9.02,15,15,2,13.33,0,0.0,31,3,9.68,3.95,13,17.11,21.05,20.51,10.2,8.0,0.4,0.4,0.667,1.0670000000000002,0.267,686681
FC,Cutter,FB,61,7.24,17,13,2,11.76,2,11.76,30,3,10.0,4.92,15,24.59,29.51,33.33,4.49,18.18,0.462,0.529,0.462,0.991,0.0,686681
SI,Sinker,FB,58,6.88,15,15,2,13.33,0,0.0,30,5,16.67,8.62,11,18.97,27.59,44.83,4.9,16.67,0.2,0.2,0.4,0.6000000000000001,0.2,686681
FS,Split-Finger,OS,47,5.58,18,17,5,27.78,0,0.0,32,11,34.38,23.4,2,4.26,27.66,55.17,8.16,25.0,0.118,0.111,0.118,0.2289999999999999,0.0,686681
ST,Sweeper,BR,26,3.08,3,3,1,33.33,0,0.0,14,3,21.43,11.54,4,15.38,26.92,42.86,2.04,20.0,0.0,0.0,0.0,0.0,0.0,686681
KC,Knuckle Curve,BR,18,2.14,4,4,2,50.0,0,0.0,10,3,30.0,16.67,1,5.56,22.22,46.15,2.04,40.0,0.0,0.0,0.0,0.0,0.0,686681
EP,Eephus,,4,0.47,3,3,0,0.0,0,0.0,4,0,0.0,0.0,0,0.0,0.0,100.0,0.0,,0.667,0.667,0.667,1.334,0.0,686681
FA,Other,,4,0.47,1,1,0,0.0,0,0.0,2,0,0.0,0.0,1,25.0,25.0,0.0,0.82,0.0,1.0,1.0,2.0,3.0,1.0,686681
FF,4-Seam Fastball,FB,84,29.89,24,21,4,16.67,3,12.5,32,3,9.38,3.57,16,19.05,22.62,23.91,32.91,15.38,0.238,0.333,0.333,0.666,0.095,686765
CH,Changeup,OS,42,14.95,11,11,2,18.18,0,0.0,21,6,28.57,14.29,8,19.05,33.33,36.36,13.92,18.18,0.091,0.091,0.091,0.182,0.0,686765
SL,Slider,BR,32,11.39,10,9,2,20.0,0,0.0,17,3,17.65,9.38,5,15.62,25.0,16.67,11.39,22.22,0.222,0.3,0.222,0.522,0.0,686765
FC,Cutter,FB,30,10.68,8,5,0,0.0,1,12.5,15,2,13.33,6.67,4,13.33,20.0,14.29,3.8,0.0,0.0,0.375,0.0,0.375,0.0,686765
SI,Sinker,FB,24,8.54,5,4,1,20.0,1,20.0,7,1,14.29,4.17,6,25.0,29.17,16.67,10.13,12.5,0.0,0.2,0.0,0.2,0.0,686765
CU,Curveball,BR,23,8.19,2,2,1,50.0,0,0.0,6,2,33.33,8.7,4,17.39,26.09,7.14,10.13,12.5,0.5,0.5,1.0,1.5,0.5,686765
FS,Split-Finger,OS,16,5.69,2,2,0,0.0,0,0.0,7,0,0.0,0.0,4,25.0,25.0,37.5,3.8,0.0,0.5,0.5,1.0,1.5,0.5,686765
ST,Sweeper,BR,13,4.63,2,2,2,100.0,0,0.0,4,3,75.0,23.08,4,30.77,53.85,16.67,2.53,100.0,0.0,0.0,0.0,0.0,0.0,686765
KC,Knuckle Curve,BR,5,1.78,1,1,1,100.0,0,0.0,2,0,0.0,0.0,2,40.0,40.0,0.0,2.53,50.0,0.0,0.0,0.0,0.0,0.0,686765
EP,Eephus,,4,1.42,2,2,0,0.0,0,0.0,3,0,0.0,0.0,1,25.0,25.0,100.0,2.53,0.0,1.0,1.0,1.0,2.0,0.0,686765
SV,Slurve,BR,3,1.07,1,1,1,100.0,0,0.0,1,0,0.0,0.0,1,33.33,33.33,0.0,2.53,50.0,0.0,0.0,0.0,0.0,0.0,686765
FA,Other,,2,0.71,0,0,0,,0,,0,0,,0.0,0,0.0,0.0,0.0,1.27,0.0,,,,,,686765
FO,Forkball,OS,2,0.71,1,1,1,100.0,0,0.0,2,1,50.0,50.0,0,0.0,50.0,100.0,2.53,50.0,0.0,0.0,0.0,0.0,0.0,686765
,,,1,0.36,0,0,0,,0,,0,0,,0.0,0,0.0,0.0,,0.0,,,,,,,686765
FF,4-Seam Fastball,FB,312,30.29,65,61,14,21.54,4,6.15,166,32,19.28,10.26,67,21.47,31.73,37.4,29.78,14.74,0.246,0.292,0.311,0.603,0.065,686780
SI,Sinker,FB,214,20.78,67,62,5,7.46,4,5.97,97,8,8.25,3.74,45,21.03,24.77,26.53,9.72,16.13,0.226,0.284,0.339,0.623,0.113,686780
SL,Slider,BR,170,16.5,44,42,15,34.09,0,0.0,94,39,41.49,22.94,20,11.76,34.71,36.84,19.44,24.19,0.167,0.163,0.333,0.496,0.166,686780
ST,Sweeper,BR,137,13.3,42,40,21,50.0,1,2.38,75,37,49.33,27.01,17,12.41,39.42,42.67,19.75,33.33,0.15,0.171,0.3,0.471,0.15,686780
FC,Cutter,FB,77,7.48,23,21,1,4.35,1,4.35,41,5,12.2,6.49,11,14.29,20.78,14.29,2.51,12.5,0.333,0.391,0.429,0.8200000000000001,0.0959999999999999,686780
CH,Changeup,OS,42,4.08,9,9,5,55.56,0,0.0,22,8,36.36,19.05,6,14.29,33.33,44.0,5.96,26.32,0.333,0.333,0.444,0.777,0.1109999999999999,686780
CU,Curveball,BR,42,4.08,14,12,6,42.86,1,7.14,20,8,40.0,19.05,8,19.05,38.1,41.67,6.27,30.0,0.25,0.308,0.75,1.058,0.5,686780
FS,Split-Finger,OS,21,2.04,8,8,3,37.5,0,0.0,14,4,28.57,19.05,1,4.76,23.81,45.45,4.7,20.0,0.25,0.25,0.625,0.875,0.375,686780
KC,Knuckle Curve,BR,9,0.87,2,2,2,100.0,0,0.0,6,3,50.0,33.33,0,0.0,33.33,66.67,1.88,33.33,0.0,0.0,0.0,0.0,0.0,686780
EP,Eephus,,6,0.58,2,1,0,0.0,1,50.0,1,0,0.0,0.0,1,16.67,16.67,0.0,0.0,,1.0,1.0,1.0,2.0,0.0,686780
FF,4-Seam Fastball,FB,419,30.58,121,107,21,17.36,10,8.26,240,42,17.5,10.02,57,13.6,23.63,36.9,30.89,15.57,0.252,0.319,0.467,0.786,0.215,686797
CH,Changeup,OS,214,15.62,57,56,6,10.53,1,1.75,106,28,26.42,13.08,20,9.35,22.43,32.58,16.46,9.23,0.214,0.228,0.268,0.496,0.054,686797
SL,Slider,BR,167,12.19,42,39,8,19.05,2,4.76,97,26,26.8,15.57,18,10.78,26.35,35.53,13.42,15.09,0.103,0.143,0.154,0.297,0.051,686797
SI,Sinker,FB,134,9.78,40,36,6,15.0,4,10.0,61,9,14.75,6.72,24,17.91,24.63,25.0,7.34,20.69,0.306,0.375,0.444,0.819,0.138,686797
CU,Curveball,BR,128,9.34,24,23,9,37.5,1,4.17,43,17,39.53,13.28,26,20.31,33.59,24.36,11.14,20.45,0.348,0.375,0.696,1.071,0.348,686797
FC,Cutter,FB,106,7.74,31,27,0,0.0,4,12.9,61,6,9.84,5.66,15,14.15,19.81,30.43,5.06,0.0,0.222,0.323,0.407,0.73,0.1849999999999999,686797
FS,Split-Finger,OS,99,7.23,18,15,2,11.11,1,5.56,43,15,34.88,15.15,4,4.04,19.19,24.64,8.35,6.06,0.067,0.167,0.067,0.234,0.0,686797
ST,Sweeper,BR,80,5.84,13,11,2,15.38,2,15.38,26,8,30.77,10.0,23,28.75,38.75,17.95,5.32,9.52,0.091,0.231,0.091,0.322,0.0,686797
KC,Knuckle Curve,BR,12,0.88,1,1,1,100.0,0,0.0,2,1,50.0,8.33,3,25.0,33.33,25.0,1.01,25.0,0.0,0.0,0.0,0.0,0.0,686797
SV,Slurve,BR,7,0.51,1,1,0,0.0,0,0.0,3,0,0.0,0.0,0,0.0,0.0,0.0,1.01,0.0,0.0,0.0,0.0,0.0,0.0,686797
EP,Eephus,,2,0.15,1,1,0,0.0,0,0.0,1,0,0.0,0.0,1,50.0,50.0,100.0,0.0,,0.0,0.0,0.0,0.0,0.0,686797
FA,Other,,1,0.07,1,1,0,0.0,0,0.0,1,0,0.0,0.0,0,0.0,0.0,,0.0,,0.0,0.0,0.0,0.0,0.0,686797
,,,1,0.07,0,0,0,,0,,0,0,,0.0,0,0.0,0.0,,0.0,,,,,,,686797
FF,4-Seam Fastball,FB,14,30.43,3,2,0,0.0,1,33.33,5,1,20.0,7.14,1,7.14,14.29,20.0,28.57,0.0,0.0,0.333,0.0,0.333,0.0,686823
SI,Sinker,FB,9,19.57,4,3,0,0.0,0,0.0,4,0,0.0,0.0,0,0.0,0.0,0.0,28.57,0.0,0.333,0.5,0.333,0.833,0.0,686823
SL,Slider,BR,7,15.22,2,2,0,0.0,0,0.0,4,1,25.0,14.29,1,14.29,28.57,33.33,14.29,0.0,0.0,0.0,0.0,0.0,0.0,686823
FC,Cutter,FB,4,8.7,1,1,0,0.0,0,0.0,2,0,0.0,0.0,1,25.0,25.0,50.0,0.0,,0.0,0.0,0.0,0.0,0.0,686823
CU,Curveball,BR,4,8.7,0,0,0,,0,,1,1,100.0,25.0,3,75.0,100.0,,0.0,,,,,,,686823
CH,Changeup,OS,2,4.35,1,1,0,0.0,0,0.0,1,0,0.0,0.0,0,0.0,0.0,50.0,14.29,0.0,0.0,0.0,0.0,0.0,0.0,686823
FS,Split-Finger,OS,2,4.35,1,1,1,100.0,0,0.0,1,1,100.0,50.0,0,0.0,50.0,50.0,14.29,100.0,0.0,0.0,0.0,0.0,0.0,686823
KC,Knuckle Curve,BR,2,4.35,1,1,0,0.0,0,0.0,1,0,0.0,0.0,0,0.0,0.0,0.0,0.0,,0.0,0.0,0.0,0.0,0.0,686823
ST,Sweeper,BR,2,4.35,0,0,0,,0,,1,1,100.0,50.0,0,0.0,50.0,0.0,0.0,,,,,,,686823
FF,4-Seam Fastball,FB,34,35.79,11,11,4,36.36,0,0.0,16,1,6.25,2.94,8,23.53,26.47,10.0,30.3,40.0,0.182,0.182,0.182,0.364,0.0,686894
SL,Slider,BR,25,26.32,6,6,2,33.33,0,0.0,14,6,42.86,24.0,0,0.0,24.0,21.43,24.24,25.0,0.5,0.5,1.0,1.5,0.5,686894
CU,Curveball,BR,11,11.58,2,2,2,100.0,0,0.0,5,5,100.0,45.45,1,9.09,54.55,42.86,15.15,40.0,0.0,0.0,0.0,0.0,0.0,686894
SI,Sinker,FB,10,10.53,4,4,0,0.0,0,0.0,9,0,0.0,0.0,1,10.0,10.0,100.0,6.06,0.0,0.5,0.5,0.5,1.0,0.0,686894
CH,Changeup,OS,4,4.21,1,1,0,0.0,0,0.0,2,1,50.0,25.0,1,25.0,50.0,66.67,6.06,0.0,0.0,0.0,0.0,0.0,0.0,686894
FS,Split-Finger,OS,4,4.21,1,1,1,100.0,0,0.0,2,0,0.0,0.0,1,25.0,25.0,50.0,9.09,33.33,0.0,0.0,0.0,0.0,0.0,686894
FC,Cutter,FB,3,3.16,1,1,1,100.0,0,0.0,1,1,100.0,33.33,1,33.33,66.67,50.0,6.06,50.0,0.0,0.0,0.0,0.0,0.0,686894
ST,Sweeper,BR,2,2.11,0,0,0,,0,,2,1,50.0,50.0,0,0.0,50.0,100.0,0.0,,,,,,,686894
FO,Forkball,OS,1,1.05,0,0,0,,0,,1,0,0.0,0.0,0,0.0,0.0,,0.0,,,,,,,686894
KC,Knuckle Curve,BR,1,1.05,1,1,1,100.0,0,0.0,1,1,100.0,100.0,0,0.0,100.0,,3.03,100.0,0.0,0.0,0.0,0.0,0.0,686894
FF,4-Seam Fastball,FB,418,30.14,101,86,12,11.88,15,14.85,211,41,19.43,9.81,53,12.68,22.49,21.08,28.97,10.43,0.326,0.426,0.628,1.054,0.302,686948
SI,Sinker,FB,230,16.58,70,59,7,10.0,10,14.29,107,7,6.54,3.04,47,20.43,23.48,21.21,12.34,14.29,0.254,0.371,0.305,0.6759999999999999,0.0509999999999999,686948
CH,Changeup,OS,203,14.64,54,52,9,16.67,2,3.7,109,23,21.1,11.33,17,8.37,19.7,41.35,16.88,13.43,0.154,0.185,0.173,0.358,0.0189999999999999,686948
SL,Slider,BR,167,12.04,41,39,10,24.39,2,4.88,89,26,29.21,15.57,20,11.98,27.54,40.22,14.86,16.95,0.231,0.268,0.59,0.858,0.359,686948
CU,Curveball,BR,105,7.57,24,23,5,20.83,0,0.0,44,12,27.27,11.43,20,19.05,30.48,24.14,8.31,15.15,0.261,0.292,0.348,0.6399999999999999,0.0869999999999999,686948
FC,Cutter,FB,104,7.5,22,21,3,13.64,1,4.55,50,7,14.0,6.73,15,14.42,21.15,28.85,5.54,13.64,0.381,0.409,0.714,1.123,0.3329999999999999,686948
FS,Split-Finger,OS,63,4.54,22,21,4,18.18,1,4.55,35,8,22.86,12.7,4,6.35,19.05,40.0,6.8,14.81,0.143,0.182,0.333,0.515,0.19,686948
ST,Sweeper,BR,58,4.18,8,8,2,25.0,0,0.0,22,4,18.18,6.9,13,22.41,29.31,17.86,3.27,15.38,0.375,0.375,0.625,1.0,0.25,686948
KC,Knuckle Curve,BR,19,1.37,4,4,1,25.0,0,0.0,11,3,27.27,15.79,3,15.79,31.58,50.0,2.02,12.5,0.5,0.5,1.25,1.75,0.75,686948
SV,Slurve,BR,10,0.72,2,2,0,0.0,0,0.0,4,1,25.0,10.0,2,20.0,30.0,0.0,0.76,0.0,0.5,0.5,2.0,2.5,1.5,686948
FA,Other,,8,0.58,2,2,0,0.0,0,0.0,5,2,40.0,25.0,0,0.0,25.0,50.0,0.25,0.0,0.5,0.5,0.5,1.0,0.0,686948
FO,Forkball,OS,2,0.14,1,1,0,0.0,0,0.0,1,0,0.0,0.0,0,0.0,0.0,0.0,0.0,,1.0,1.0,1.0,2.0,0.0,686948
FF,4-Seam Fastball,FB,120,26.43,33,28,7,21.21,5,15.15,58,19,32.76,15.83,17,14.17,30.0,12.77,25.93,20.0,0.25,0.364,0.321,0.685,0.071,687221
CU,Curveball,BR,66,14.54,17,17,11,64.71,0,0.0,23,10,43.48,15.15,15,22.73,37.88,27.5,18.52,44.0,0.118,0.118,0.118,0.236,0.0,687221
SL,Slider,BR,63,13.88,12,11,4,33.33,1,8.33,30,13,43.33,20.63,13,20.63,41.27,17.39,11.85,25.0,0.182,0.25,0.727,0.977,0.5449999999999999,687221
SI,Sinker,FB,52,11.45,17,16,6,35.29,1,5.88,18,3,16.67,5.77,16,30.77,36.54,14.29,11.85,37.5,0.188,0.235,0.25,0.485,0.062,687221
CH,Changeup,OS,47,10.35,17,17,10,58.82,0,0.0,28,16,57.14,34.04,3,6.38,40.43,27.27,12.59,58.82,0.059,0.059,0.235,0.294,0.176,687221
FC,Cutter,FB,47,10.35,6,6,1,16.67,0,0.0,23,8,34.78,17.02,9,19.15,36.17,36.36,8.15,9.09,0.333,0.333,0.333,0.666,0.0,687221
ST,Sweeper,BR,24,5.29,5,5,2,40.0,0,0.0,9,2,22.22,8.33,6,25.0,33.33,20.0,3.7,40.0,0.4,0.4,0.6,1.0,0.1999999999999999,687221
FS,Split-Finger,OS,15,3.3,3,3,2,66.67,0,0.0,5,2,40.0,13.33,1,6.67,20.0,11.11,4.44,33.33,0.0,0.0,0.0,0.0,0.0,687221
KC,Knuckle Curve,BR,13,2.86,1,1,0,0.0,0,0.0,4,1,25.0,7.69,3,23.08,30.77,12.5,2.96,0.0,1.0,1.0,1.0,2.0,0.0,687221
FA,Other,,3,0.66,2,2,0,0.0,0,0.0,2,0,0.0,0.0,0,0.0,0.0,0.0,0.0,,1.0,1.0,2.5,3.5,1.5,687221
SV,Slurve,BR,2,0.44,1,1,0,0.0,0,0.0,1,0,0.0,0.0,0,0.0,0.0,0.0,0.0,,1.0,1.0,2.0,3.0,1.0,687221
EP,Eephus,,1,0.22,0,0,0,,0,,0,0,,0.0,0,0.0,0.0,0.0,0.0,,,,,,,687221
CS,Slow Curve,BR,1,0.22,0,0,0,,0,,0,0,,0.0,0,0.0,0.0,0.0,0.0,,,,,,,687221
FF,4-Seam Fastball,FB,151,30.63,32,22,5,15.62,6,18.75,82,19,23.17,12.58,22,14.57,27.15,22.22,28.57,13.16,0.136,0.29,0.227,0.517,0.091,687231
SI,Sinker,FB,104,21.1,35,33,2,5.71,2,5.71,58,9,15.52,8.65,18,17.31,25.96,40.91,12.78,11.76,0.212,0.257,0.212,0.469,0.0,687231
SL,Slider,BR,94,19.07,27,24,2,7.41,1,3.7,42,6,14.29,6.38,16,17.02,23.4,24.0,18.8,8.0,0.25,0.259,0.375,0.634,0.125,687231
FC,Cutter,FB,36,7.3,6,6,0,0.0,0,0.0,16,3,18.75,8.33,4,11.11,19.44,22.22,3.01,0.0,0.333,0.333,0.333,0.666,0.0,687231
ST,Sweeper,BR,35,7.1,14,14,1,7.14,0,0.0,19,2,10.53,5.71,5,14.29,20.0,40.0,6.77,11.11,0.286,0.286,0.357,0.643,0.071,687231
CH,Changeup,OS,22,4.46,3,3,1,33.33,0,0.0,10,1,10.0,4.55,1,4.55,9.09,29.41,9.77,7.69,0.0,0.0,0.0,0.0,0.0,687231
CU,Curveball,BR,18,3.65,9,9,2,22.22,0,0.0,10,2,20.0,11.11,3,16.67,27.78,44.44,7.52,20.0,0.556,0.556,0.667,1.223,0.1109999999999999,687231
KC,Knuckle Curve,BR,14,2.84,4,4,1,25.0,0,0.0,5,2,40.0,14.29,1,7.14,21.43,27.27,3.76,20.0,0.0,0.0,0.0,0.0,0.0,687231
FS,Split-Finger,OS,11,2.23,7,7,3,42.86,0,0.0,9,3,33.33,27.27,0,0.0,27.27,71.43,6.02,37.5,0.0,0.0,0.0,0.0,0.0,687231
EP,Eephus,,3,0.61,2,2,0,0.0,0,0.0,2,0,0.0,0.0,0,0.0,0.0,0.0,0.0,,0.5,0.5,0.5,1.0,0.0,687231
KN,Knuckleball,,3,0.61,1,1,1,100.0,0,0.0,2,1,50.0,33.33,0,0.0,33.33,66.67,2.26,33.33,0.0,0.0,0.0,0.0,0.0,687231
SV,Slurve,BR,2,0.41,0,0,0,,0,,1,0,0.0,0.0,0,0.0,0.0,0.0,0.75,0.0,,,,,,687231
SI,Sinker,FB,417,23.48,98,84,13,13.27,7,7.14,189,30,15.87,7.19,94,22.54,29.74,19.43,13.09,18.06,0.333,0.423,0.5,0.923,0.1669999999999999,687263
FF,4-Seam Fastball,FB,369,20.78,115,103,30,26.09,10,8.7,202,39,19.31,10.57,53,14.36,24.93,28.4,23.09,23.62,0.214,0.296,0.505,0.8009999999999999,0.291,687263
SL,Slider,BR,301,16.95,72,68,14,19.44,3,4.17,163,51,31.29,16.94,26,8.64,25.58,37.78,19.45,13.08,0.309,0.338,0.574,0.912,0.2649999999999999,687263
ST,Sweeper,BR,189,10.64,53,51,17,32.08,1,1.89,82,32,39.02,16.93,33,17.46,34.39,33.05,11.45,26.98,0.196,0.208,0.294,0.502,0.0979999999999999,687263
FC,Cutter,FB,125,7.04,27,25,4,14.81,1,3.7,60,14,23.33,11.2,16,12.8,24.0,30.0,6.18,11.76,0.28,0.296,0.64,0.936,0.36,687263
CH,Changeup,OS,121,6.81,23,20,11,47.83,1,4.35,51,21,41.18,17.36,11,9.09,26.45,29.11,8.0,25.0,0.3,0.391,0.5,0.891,0.2,687263
CU,Curveball,BR,106,5.97,23,22,8,34.78,0,0.0,33,9,27.27,8.49,25,23.58,32.08,23.73,6.0,24.24,0.318,0.348,0.364,0.712,0.0459999999999999,687263
FS,Split-Finger,OS,81,4.56,20,19,10,50.0,0,0.0,41,18,43.9,22.22,8,9.88,32.1,28.89,7.45,24.39,0.211,0.25,0.263,0.513,0.052,687263
KC,Knuckle Curve,BR,44,2.48,7,6,5,71.43,0,0.0,15,11,73.33,25.0,5,11.36,36.36,22.58,3.82,23.81,0.0,0.0,0.0,0.0,0.0,687263
,,,10,0.56,2,0,0,0.0,2,100.0,0,0,,0.0,0,0.0,0.0,,0.0,,,1.0,,,,687263
SV,Slurve,BR,9,0.51,4,4,2,50.0,0,0.0,6,3,50.0,33.33,0,0.0,33.33,57.14,0.91,40.0,0.25,0.25,0.25,0.5,0.0,687263
FO,Forkball,OS,4,0.23,1,0,0,0.0,1,100.0,0,0,,0.0,1,25.0,25.0,0.0,0.55,0.0,,1.0,,,,687263
FF,4-Seam Fastball,FB,425,34.22,110,97,19,17.27,13,11.82,219,40,18.26,9.41,44,10.35,19.76,20.39,34.81,14.18,0.258,0.345,0.402,0.747,0.144,687363
CH,Changeup,OS,145,11.67,35,33,10,28.57,2,5.71,73,26,35.62,17.93,7,4.83,22.76,30.77,11.69,22.22,0.273,0.314,0.333,0.647,0.06,687363
SI,Sinker,FB,145,11.67,38,30,10,26.32,7,18.42,54,9,16.67,6.21,33,22.76,28.97,17.14,7.79,33.33,0.233,0.395,0.233,0.628,0.0,687363
SL,Slider,BR,144,11.59,40,36,10,25.0,1,2.5,83,27,32.53,18.75,16,11.11,29.86,38.24,13.77,18.87,0.25,0.308,0.361,0.669,0.1109999999999999,687363
CU,Curveball,BR,112,9.02,33,28,9,27.27,2,6.06,54,19,35.19,16.96,11,9.82,26.79,21.67,10.13,23.08,0.107,0.242,0.143,0.385,0.0359999999999999,687363
FC,Cutter,FB,102,8.21,31,25,3,9.68,4,12.9,58,11,18.97,10.78,15,14.71,25.49,23.81,3.38,23.08,0.24,0.333,0.4,0.7330000000000001,0.16,687363
ST,Sweeper,BR,75,6.04,21,17,7,33.33,2,9.52,33,12,36.36,16.0,20,26.67,42.67,28.12,7.01,25.93,0.059,0.2,0.059,0.259,0.0,687363
FS,Split-Finger,OS,61,4.91,17,17,6,35.29,0,0.0,28,8,28.57,13.11,7,11.48,24.59,22.22,7.79,20.0,0.118,0.118,0.118,0.236,0.0,687363
KC,Knuckle Curve,BR,21,1.69,3,3,0,0.0,0,0.0,8,2,25.0,9.52,3,14.29,23.81,30.77,2.86,0.0,0.333,0.333,0.333,0.666,0.0,687363
SV,Slurve,BR,6,0.48,1,1,1,100.0,0,0.0,1,1,100.0,16.67,0,0.0,16.67,16.67,0.52,50.0,0.0,0.0,0.0,0.0,0.0,687363
EP,Eephus,,4,0.32,2,2,0,0.0,0,0.0,2,0,0.0,0.0,1,25.0,25.0,0.0,0.0,,0.5,0.5,2.0,2.5,1.5,687363
FO,Forkball,OS,2,0.16,1,1,0,0.0,0,0.0,1,0,0.0,0.0,0,0.0,0.0,0.0,0.26,0.0,0.0,0.0,0.0,0.0,0.0,687363
FF,4-Seam Fastball,FB,364,27.08,89,77,19,21.35,10,11.24,175,28,16.0,7.69,90,24.73,32.42,28.15,24.87,19.59,0.247,0.333,0.403,0.736,0.156,687401
SI,Sinker,FB,326,24.26,96,87,11,11.46,6,6.25,151,17,11.26,5.21,84,25.77,30.98,36.69,17.44,16.18,0.184,0.245,0.207,0.4519999999999999,0.0229999999999999,687401
SL,Slider,BR,245,18.23,72,67,11,15.28,5,6.94,109,27,24.77,11.02,57,23.27,34.29,30.56,18.46,15.28,0.179,0.236,0.224,0.4599999999999999,0.045,687401
ST,Sweeper,BR,157,11.68,44,42,2,4.55,1,2.27,71,7,9.86,4.46,33,21.02,25.48,36.9,18.72,2.74,0.143,0.163,0.167,0.33,0.024,687401
FC,Cutter,FB,95,7.07,19,18,1,5.26,0,0.0,43,5,11.63,5.26,20,21.05,26.32,25.0,2.82,9.09,0.333,0.333,0.667,1.0,0.334,687401
CU,Curveball,BR,57,4.24,14,14,3,21.43,0,0.0,21,4,19.05,7.02,11,19.3,26.32,28.57,5.38,14.29,0.286,0.286,0.286,0.572,0.0,687401
CH,Changeup,OS,38,2.83,9,8,2,22.22,1,11.11,21,8,38.1,21.05,3,7.89,28.95,36.36,4.1,12.5,0.25,0.333,0.25,0.583,0.0,687401
FS,Split-Finger,OS,31,2.31,12,12,3,25.0,0,0.0,18,4,22.22,12.9,1,3.23,16.13,52.17,4.87,15.79,0.083,0.083,0.083,0.166,0.0,687401
KC,Knuckle Curve,BR,19,1.41,7,7,2,28.57,0,0.0,9,2,22.22,10.53,5,26.32,36.84,44.44,2.82,18.18,0.143,0.143,0.143,0.286,0.0,687401
SV,Slurve,BR,5,0.37,1,1,0,0.0,0,0.0,2,0,0.0,0.0,0,0.0,0.0,25.0,0.51,0.0,0.0,0.0,0.0,0.0,0.0,687401
FO,Forkball,OS,3,0.22,0,0,0,,0,,0,0,,0.0,0,0.0,0.0,0.0,0.0,,,,,,,687401
,,,2,0.15,0,0,0,,0,,0,0,,0.0,0,0.0,0.0,,0.0,,,,,,,687401
EP,Eephus,,1,0.07,1,1,0,0.0,0,0.0,1,0,0.0,0.0,0,0.0,0.0,100.0,0.0,,1.0,1.0,1.0,2.0,0.0,687401
FA,Other,,1,0.07,1,1,0,0.0,0,0.0,1,0,0.0,0.0,0,0.0,0.0,,0.0,,1.0,1.0,1.0,2.0,0.0,687401
FF,4-Seam Fastball,FB,572,38.81,142,120,14,9.86,22,15.49,266,31,11.65,5.42,94,16.43,21.85,12.16,36.74,8.28,0.308,0.415,0.458,0.873,0.15,687462
CH,Changeup,OS,197,13.36,45,44,5,11.11,1,2.22,86,21,24.42,10.66,17,8.63,19.29,30.94,12.83,8.47,0.205,0.222,0.273,0.495,0.068,687462
FC,Cutter,FB,167,11.33,38,34,9,23.68,4,10.53,86,14,16.28,8.38,34,20.36,28.74,28.12,9.78,20.0,0.324,0.395,0.824,1.219,0.4999999999999999,687462
SL,Slider,BR,158,10.72,45,43,13,28.89,2,4.44,84,21,25.0,13.29,15,9.49,22.78,32.53,14.78,19.12,0.186,0.222,0.233,0.455,0.047,687462
SI,Sinker,FB,143,9.7,40,34,9,22.5,6,15.0,63,11,17.46,7.69,29,20.28,27.97,15.79,9.57,20.45,0.353,0.45,0.529,0.979,0.176,687462
CU,Curveball,BR,118,8.01,21,20,3,14.29,0,0.0,42,6,14.29,5.08,26,22.03,27.12,25.0,7.61,8.57,0.25,0.286,0.3,0.586,0.0499999999999999,687462
ST,Sweeper,BR,50,3.39,12,12,4,33.33,0,0.0,24,4,16.67,8.0,10,20.0,28.0,33.33,3.7,23.53,0.25,0.25,0.583,0.833,0.3329999999999999,687462
FS,Split-Finger,OS,31,2.1,10,9,1,10.0,1,10.0,16,1,6.25,3.23,4,12.9,16.13,25.0,1.74,12.5,0.667,0.7,1.111,1.811,0.4439999999999999,687462
KC,Knuckle Curve,BR,24,1.63,5,5,2,40.0,0,0.0,9,3,33.33,12.5,5,20.83,33.33,33.33,1.74,25.0,0.0,0.0,0.0,0.0,0.0,687462
SV,Slurve,BR,11,0.75,0,0,0,,0,,0,0,,0.0,2,18.18,18.18,0.0,1.3,0.0,,,,,,687462
EP,Eephus,,1,0.07,1,0,0,0.0,0,0.0,1,0,0.0,0.0,0,0.0,0.0,100.0,0.0,,,0.0,,,,687462
UN,Unknown,,1,0.07,0,0,0,,0,,0,0,,0.0,0,0.0,0.0,0.0,0.22,0.0,,,,,,687462
,,,1,0.07,1,0,0,0.0,1,100.0,0,0,,0.0,0,0.0,0.0,,0.0,,,1.0,,,,687462
FF,4-Seam Fastball,FB,39,41.94,9,9,4,44.44,0,0.0,20,10,50.0,25.64,4,10.26,35.9,20.0,37.04,40.0,0.0,0.0,0.0,0.0,0.0,687478
SL,Slider,BR,14,15.05,4,4,3,75.0,0,0.0,9,5,55.56,35.71,1,7.14,42.86,50.0,14.81,75.0,0.25,0.25,0.25,0.5,0.0,687478
SI,Sinker,FB,12,12.9,4,4,2,50.0,0,0.0,8,4,50.0,33.33,1,8.33,41.67,0.0,7.41,100.0,0.0,0.0,0.0,0.0,0.0,687478
FC,Cutter,FB,12,12.9,2,2,1,50.0,0,0.0,6,0,0.0,0.0,3,25.0,25.0,50.0,11.11,33.33,0.0,0.0,0.0,0.0,0.0,687478
ST,Sweeper,BR,7,7.53,2,2,1,50.0,0,0.0,3,2,66.67,28.57,1,14.29,42.86,50.0,11.11,33.33,0.5,0.5,1.0,1.5,0.5,687478
CH,Changeup,OS,4,4.3,1,0,0,0.0,1,100.0,0,0,,0.0,0,0.0,0.0,0.0,7.41,0.0,,1.0,,,,687478
FS,Split-Finger,OS,2,2.15,1,1,0,0.0,0,0.0,2,1,50.0,50.0,0,0.0,50.0,100.0,3.7,0.0,0.0,0.0,0.0,0.0,0.0,687478
SV,Slurve,BR,2,2.15,0,0,0,,0,,1,0,0.0,0.0,0,0.0,0.0,0.0,7.41,0.0,,,,,,687478
CU,Curveball,BR,1,1.08,0,0,0,,0,,0,0,,0.0,0,0.0,0.0,0.0,0.0,,,,,,,687478
FF,4-Seam Fastball,FB,93,41.89,21,20,12,57.14,0,0.0,56,21,37.5,22.58,12,12.9,35.48,30.77,41.33,38.71,0.15,0.143,0.15,0.293,0.0,687515
SL,Slider,BR,42,18.92,12,12,3,25.0,0,0.0,26,12,46.15,28.57,4,9.52,38.1,52.0,20.0,20.0,0.167,0.167,0.167,0.334,0.0,687515
SI,Sinker,FB,25,11.26,9,7,0,0.0,1,11.11,18,1,5.56,4.0,3,12.0,16.0,50.0,4.0,0.0,0.286,0.375,0.286,0.661,0.0,687515
ST,Sweeper,BR,19,8.56,7,7,5,71.43,0,0.0,11,8,72.73,42.11,5,26.32,68.42,75.0,10.67,62.5,0.143,0.143,0.143,0.286,0.0,687515
CU,Curveball,BR,12,5.41,2,2,2,100.0,0,0.0,4,4,100.0,33.33,1,8.33,41.67,22.22,5.33,50.0,0.0,0.0,0.0,0.0,0.0,687515
FC,Cutter,FB,10,4.5,5,5,0,0.0,0,0.0,6,1,16.67,10.0,0,0.0,10.0,0.0,0.0,,0.4,0.4,0.8,1.2000000000000002,0.4,687515
CH,Changeup,OS,9,4.05,2,2,1,50.0,0,0.0,8,2,25.0,22.22,0,0.0,22.22,83.33,9.33,14.29,0.0,0.0,0.0,0.0,0.0,687515
FS,Split-Finger,OS,6,2.7,2,2,1,50.0,0,0.0,5,2,40.0,33.33,0,0.0,33.33,75.0,6.67,20.0,0.5,0.5,0.5,1.0,0.0,687515
KC,Knuckle Curve,BR,3,1.35,0,0,0,,0,,1,1,100.0,33.33,0,0.0,33.33,33.33,2.67,0.0,,,,,,687515
EP,Eephus,,2,0.9,2,2,0,0.0,0,0.0,2,0,0.0,0.0,0,0.0,0.0,100.0,0.0,,0.5,0.5,0.5,1.0,0.0,687515
FA,Other,,1,0.45,1,0,0,0.0,0,0.0,0,0,,0.0,0,0.0,0.0,0.0,0.0,,,1.0,,,,687515
FF,4-Seam Fastball,FB,43,54.43,13,9,4,30.77,2,15.38,20,6,30.0,13.95,10,23.26,37.21,7.69,45.83,36.36,0.0,0.167,0.0,0.167,0.0,687529
SI,Sinker,FB,11,13.92,2,2,1,50.0,0,0.0,5,1,20.0,9.09,3,27.27,36.36,0.0,16.67,25.0,0.0,0.0,0.0,0.0,0.0,687529
CH,Changeup,OS,8,10.13,2,2,1,50.0,0,0.0,5,2,40.0,25.0,0,0.0,25.0,50.0,12.5,33.33,0.5,0.5,1.5,2.0,1.0,687529
CU,Curveball,BR,5,6.33,1,1,1,100.0,0,0.0,5,2,40.0,40.0,0,0.0,40.0,100.0,12.5,33.33,0.0,0.0,0.0,0.0,0.0,687529
SL,Slider,BR,5,6.33,1,1,1,100.0,0,0.0,2,1,50.0,20.0,1,20.0,40.0,0.0,8.33,50.0,0.0,0.0,0.0,0.0,0.0,687529
KC,Knuckle Curve,BR,3,3.8,0,0,0,,0,,0,0,,0.0,0,0.0,0.0,0.0,0.0,,,,,,,687529
ST,Sweeper,BR,3,3.8,2,2,1,50.0,0,0.0,2,1,50.0,33.33,0,0.0,33.33,0.0,4.17,100.0,0.5,0.5,0.5,1.0,0.0,687529
FC,Cutter,FB,1,1.27,1,1,0,0.0,0,0.0,1,0,0.0,0.0,0,0.0,0.0,100.0,0.0,,0.0,0.0,0.0,0.0,0.0,687529
FF,4-Seam Fastball,FB,120,35.61,32,25,4,12.5,5,15.62,53,11,20.75,9.17,23,19.17,28.33,13.73,34.48,13.33,0.28,0.419,0.64,1.059,0.36,687551
CU,Curveball,BR,61,18.1,17,17,3,17.65,0,0.0,28,8,28.57,13.11,13,21.31,34.43,25.0,16.09,21.43,0.176,0.176,0.294,0.47,0.118,687551
CH,Changeup,OS,60,17.8,17,17,4,23.53,0,0.0,29,12,41.38,20.0,10,16.67,36.67,28.57,17.24,26.67,0.059,0.059,0.059,0.118,0.0,687551
SI,Sinker,FB,24,7.12,8,7,1,12.5,1,12.5,10,1,10.0,4.17,5,20.83,25.0,9.09,6.9,16.67,0.286,0.375,0.286,0.661,0.0,687551
SL,Slider,BR,17,5.04,4,4,0,0.0,0,0.0,10,1,10.0,5.88,4,23.53,29.41,57.14,4.6,0.0,0.25,0.25,0.5,0.75,0.25,687551
ST,Sweeper,BR,16,4.75,4,4,1,25.0,0,0.0,7,1,14.29,6.25,3,18.75,25.0,25.0,6.9,16.67,0.25,0.25,0.25,0.5,0.0,687551
FS,Split-Finger,OS,14,4.15,3,3,1,33.33,0,0.0,10,3,30.0,21.43,0,0.0,21.43,33.33,6.9,16.67,0.333,0.333,1.0,1.333,0.667,687551
KC,Knuckle Curve,BR,12,3.56,2,2,0,0.0,0,0.0,3,1,33.33,8.33,2,16.67,25.0,0.0,3.45,0.0,0.0,0.0,0.0,0.0,0.0,687551
FC,Cutter,FB,11,3.26,3,2,1,33.33,0,0.0,5,2,40.0,18.18,0,0.0,18.18,28.57,3.45,33.33,0.0,0.0,0.0,0.0,0.0,687551
FA,Other,,2,0.59,1,1,0,0.0,0,0.0,1,0,0.0,0.0,0,0.0,0.0,0.0,0.0,,1.0,1.0,2.0,3.0,1.0,687551
FF,4-Seam Fastball,FB,495,27.79,119,99,33,27.73,17,14.29,227,68,29.96,13.74,96,19.39,33.13,15.79,29.29,21.02,0.283,0.393,0.525,0.918,0.242,687597
SL,Slider,BR,369,20.72,104,98,36,34.62,6,5.77,182,69,37.91,18.7,46,12.47,31.17,33.33,26.12,25.71,0.214,0.26,0.327,0.587,0.113,687597
SI,Sinker,FB,358,20.1,85,80,13,15.29,3,3.53,137,19,13.87,5.31,115,32.12,37.43,19.01,10.26,23.64,0.35,0.388,0.438,0.8260000000000001,0.088,687597
ST,Sweeper,BR,170,9.55,49,48,21,42.86,1,2.04,94,44,46.81,25.88,15,8.82,34.71,38.46,11.94,32.81,0.188,0.204,0.354,0.5579999999999999,0.1659999999999999,687597
FC,Cutter,FB,125,7.02,28,23,4,14.29,5,17.86,57,20,35.09,16.0,19,15.2,31.2,15.25,2.8,26.67,0.261,0.393,0.478,0.871,0.2169999999999999,687597
CH,Changeup,OS,82,4.6,23,22,8,34.78,0,0.0,48,19,39.58,23.17,5,6.1,29.27,35.56,6.34,23.53,0.182,0.174,0.182,0.356,0.0,687597
CU,Curveball,BR,76,4.27,19,19,7,36.84,0,0.0,41,11,26.83,14.47,7,9.21,23.68,37.78,5.22,25.0,0.105,0.105,0.158,0.263,0.053,687597
FS,Split-Finger,OS,52,2.92,12,10,4,33.33,2,16.67,22,6,27.27,11.54,4,7.69,19.23,12.9,3.36,22.22,0.2,0.333,0.3,0.633,0.0999999999999999,687597
KC,Knuckle Curve,BR,33,1.85,7,7,3,42.86,0,0.0,15,6,40.0,18.18,5,15.15,33.33,34.78,2.8,20.0,0.143,0.143,0.143,0.286,0.0,687597
SV,Slurve,BR,12,0.67,3,3,1,33.33,0,0.0,10,6,60.0,50.0,1,8.33,58.33,87.5,1.12,16.67,0.333,0.333,1.333,1.666,1.0,687597
FO,Forkball,OS,7,0.39,2,2,1,50.0,0,0.0,6,4,66.67,57.14,0,0.0,57.14,80.0,0.37,50.0,0.0,0.0,0.0,0.0,0.0,687597
UN,Unknown,,1,0.06,0,0,0,,0,,0,0,,0.0,0,0.0,0.0,0.0,0.19,0.0,,,,,,687597
,,,1,0.06,1,1,1,100.0,0,0.0,0,0,,0.0,0,0.0,0.0,,0.19,100.0,0.0,0.0,0.0,0.0,0.0,687597
FF,4-Seam Fastball,FB,210,42.0,49,38,10,20.41,9,18.37,90,14,15.56,6.67,43,20.48,27.14,15.38,34.52,17.24,0.316,0.447,0.526,0.973,0.21,687637
CH,Changeup,OS,72,14.4,21,19,7,33.33,2,9.52,27,8,29.63,11.11,12,16.67,27.78,27.27,19.64,21.21,0.263,0.333,0.474,0.8069999999999999,0.2109999999999999,687637
CU,Curveball,BR,50,10.0,6,5,1,16.67,1,16.67,15,1,6.67,2.0,14,28.0,30.0,18.52,9.52,6.25,0.0,0.167,0.0,0.167,0.0,687637
SI,Sinker,FB,42,8.4,13,10,2,15.38,3,23.08,16,3,18.75,7.14,11,26.19,33.33,22.22,7.14,16.67,0.3,0.462,0.3,0.762,0.0,687637
FC,Cutter,FB,37,7.4,7,6,3,42.86,1,14.29,11,1,9.09,2.7,9,24.32,27.03,10.0,7.14,25.0,0.333,0.429,0.833,1.262,0.4999999999999999,687637
SL,Slider,BR,34,6.8,7,3,2,28.57,4,57.14,13,8,61.54,23.53,4,11.76,35.29,28.57,7.14,16.67,0.0,0.571,0.0,0.571,0.0,687637
ST,Sweeper,BR,21,4.2,3,2,2,66.67,1,33.33,4,2,50.0,9.52,5,23.81,33.33,0.0,5.95,20.0,0.0,0.333,0.0,0.333,0.0,687637
KC,Knuckle Curve,BR,17,3.4,3,3,2,66.67,0,0.0,4,2,50.0,11.76,6,35.29,47.06,20.0,4.76,25.0,0.0,0.0,0.0,0.0,0.0,687637
FS,Split-Finger,OS,15,3.0,3,3,3,100.0,0,0.0,5,5,100.0,33.33,0,0.0,33.33,33.33,4.17,42.86,0.0,0.0,0.0,0.0,0.0,687637
EP,Eephus,,2,0.4,1,1,0,0.0,0,0.0,1,0,0.0,0.0,0,0.0,0.0,0.0,0.0,,0.0,0.0,0.0,0.0,0.0,687637
FF,4-Seam Fastball,FB,161,38.61,38,33,10,26.32,5,13.16,80,27,33.75,16.77,36,22.36,39.13,33.33,33.96,27.78,0.212,0.316,0.212,0.528,0.0,687859
CH,Changeup,OS,70,16.79,23,22,5,21.74,1,4.35,38,14,36.84,20.0,4,5.71,25.71,38.64,20.75,22.73,0.227,0.261,0.364,0.625,0.1369999999999999,687859
CU,Curveball,BR,41,9.83,6,6,1,16.67,0,0.0,19,7,36.84,17.07,4,9.76,26.83,32.0,7.55,12.5,0.5,0.5,1.0,1.5,0.5,687859
FC,Cutter,FB,33,7.91,11,9,0,0.0,1,9.09,13,2,15.38,6.06,5,15.15,21.21,17.65,0.0,,0.333,0.455,0.667,1.122,0.334,687859
FS,Split-Finger,OS,24,5.76,8,8,1,12.5,0,0.0,17,3,17.65,12.5,1,4.17,16.67,57.14,11.32,8.33,0.5,0.5,0.875,1.375,0.375,687859
ST,Sweeper,BR,23,5.52,8,7,2,25.0,1,12.5,12,4,33.33,17.39,3,13.04,30.43,33.33,11.32,16.67,0.143,0.25,0.143,0.393,0.0,687859
SI,Sinker,FB,23,5.52,5,5,1,20.0,0,0.0,12,4,33.33,17.39,5,21.74,39.13,50.0,3.77,25.0,0.0,0.0,0.0,0.0,0.0,687859
SL,Slider,BR,22,5.28,8,8,2,25.0,0,0.0,12,3,25.0,13.64,2,9.09,22.73,46.15,7.55,25.0,0.375,0.375,0.625,1.0,0.25,687859
KC,Knuckle Curve,BR,12,2.88,3,3,0,0.0,0,0.0,3,0,0.0,0.0,1,8.33,8.33,0.0,1.89,0.0,1.0,1.0,1.0,2.0,0.0,687859
FO,Forkball,OS,5,1.2,2,2,1,50.0,0,0.0,4,3,75.0,60.0,0,0.0,60.0,75.0,1.89,50.0,0.0,0.0,0.0,0.0,0.0,687859
FA,Other,,3,0.72,1,1,0,0.0,0,0.0,1,0,0.0,0.0,1,33.33,33.33,0.0,0.0,,1.0,1.0,3.0,4.0,2.0,687859
SI,Sinker,FB,107,30.06,34,33,3,8.82,0,0.0,55,6,10.91,5.61,30,28.04,33.64,42.42,10.78,27.27,0.242,0.265,0.364,0.629,0.122,687952
FF,4-Seam Fastball,FB,105,29.49,29,27,8,27.59,2,6.9,59,16,27.12,15.24,11,10.48,25.71,41.38,36.27,21.62,0.185,0.241,0.556,0.797,0.371,687952
SL,Slider,BR,73,20.51,18,16,6,33.33,1,5.56,44,18,40.91,24.66,7,9.59,34.25,52.08,28.43,20.69,0.188,0.222,0.188,0.41,0.0,687952
ST,Sweeper,BR,28,7.87,9,8,0,0.0,0,0.0,15,1,6.67,3.57,4,14.29,17.86,38.46,11.76,0.0,0.5,0.444,0.625,1.069,0.125,687952
FC,Cutter,FB,13,3.65,3,2,0,0.0,0,0.0,6,3,50.0,23.08,2,15.38,38.46,28.57,0.0,,0.0,0.333,0.0,0.333,0.0,687952
CH,Changeup,OS,10,2.81,3,3,1,33.33,0,0.0,4,1,25.0,10.0,1,10.0,20.0,28.57,6.86,14.29,0.0,0.0,0.0,0.0,0.0,687952
CU,Curveball,BR,8,2.25,3,3,1,33.33,0,0.0,4,0,0.0,0.0,3,37.5,37.5,50.0,1.96,50.0,0.667,0.667,2.0,2.667,1.333,687952
KC,Knuckle Curve,BR,4,1.12,1,1,0,0.0,0,0.0,1,0,0.0,0.0,0,0.0,0.0,25.0,1.96,0.0,1.0,1.0,4.0,5.0,3.0,687952
FS,Split-Finger,OS,4,1.12,2,2,2,100.0,0,0.0,3,3,100.0,75.0,1,25.0,100.0,100.0,1.96,100.0,0.0,0.0,0.0,0.0,0.0,687952
EP,Eephus,,3,0.84,1,1,0,0.0,0,0.0,1,0,0.0,0.0,0,0.0,0.0,33.33,0.0,,1.0,1.0,1.0,2.0,0.0,687952
FA,Other,,1,0.28,1,1,0,0.0,0,0.0,1,0,0.0,0.0,0,0.0,0.0,100.0,0.0,,1.0,1.0,1.0,2.0,0.0,687952
FF,4-Seam Fastball,FB,59,34.1,11,10,2,18.18,1,9.09,29,4,13.79,6.78,10,16.95,23.73,15.38,27.59,12.5,0.2,0.273,0.3,0.573,0.0999999999999999,687957
SI,Sinker,FB,19,10.98,6,5,1,16.67,1,16.67,10,2,20.0,10.53,3,15.79,26.32,25.0,10.34,16.67,0.4,0.5,0.6,1.1,0.1999999999999999,687957
SL,Slider,BR,18,10.4,7,7,1,14.29,0,0.0,14,2,14.29,11.11,2,11.11,22.22,60.0,12.07,14.29,0.286,0.286,0.714,1.0,0.428,687957
CH,Changeup,OS,16,9.25,5,5,3,60.0,0,0.0,9,5,55.56,31.25,0,0.0,31.25,41.67,15.52,33.33,0.0,0.0,0.0,0.0,0.0,687957
CU,Curveball,BR,14,8.09,4,4,3,75.0,0,0.0,7,4,57.14,28.57,2,14.29,42.86,45.45,8.62,60.0,0.25,0.25,0.25,0.5,0.0,687957
ST,Sweeper,BR,14,8.09,1,0,0,0.0,1,100.0,5,2,40.0,14.29,4,28.57,42.86,22.22,10.34,0.0,,1.0,,,,687957
KC,Knuckle Curve,BR,8,4.62,3,3,0,0.0,0,0.0,6,2,33.33,25.0,1,12.5,37.5,66.67,3.45,0.0,0.333,0.333,0.667,1.0,0.334,687957
FC,Cutter,FB,8,4.62,2,2,0,0.0,0,0.0,4,0,0.0,0.0,1,12.5,12.5,0.0,0.0,,0.0,0.0,0.0,0.0,0.0,687957
FS,Split-Finger,OS,7,4.05,0,0,0,,0,,4,1,25.0,14.29,0,0.0,14.29,40.0,5.17,0.0,,,,,,687957
FO,Forkball,OS,5,2.89,1,1,1,100.0,0,0.0,2,1,50.0,20.0,1,20.0,40.0,50.0,3.45,50.0,0.0,0.0,0.0,0.0,0.0,687957
FA,Other,,4,2.31,1,1,1,100.0,0,0.0,1,0,0.0,0.0,2,50.0,50.0,50.0,1.72,100.0,0.0,0.0,0.0,0.0,0.0,687957
,,,1,0.58,0,0,0,,0,,0,0,,0.0,0,0.0,0.0,,1.72,0.0,,,,,,687957
FF,4-Seam Fastball,FB,201,34.96,59,49,10,16.95,8,13.56,104,23,22.12,11.44,29,14.43,25.87,18.06,36.51,21.74,0.224,0.328,0.388,0.716,0.164,688363
CH,Changeup,OS,88,15.3,18,18,9,50.0,0,0.0,40,20,50.0,22.73,6,6.82,29.55,33.33,15.87,45.0,0.222,0.222,0.278,0.5,0.056,688363
FC,Cutter,FB,65,11.3,22,20,4,18.18,2,9.09,35,7,20.0,10.77,11,16.92,27.69,36.67,7.14,44.44,0.3,0.364,0.5,0.864,0.2,688363
SI,Sinker,FB,55,9.57,17,13,1,5.88,4,23.53,23,3,13.04,5.45,10,18.18,23.64,17.39,6.35,12.5,0.154,0.353,0.385,0.738,0.231,688363
CU,Curveball,BR,49,8.52,12,12,4,33.33,0,0.0,25,9,36.0,18.37,8,16.33,34.69,50.0,10.32,30.77,0.167,0.167,0.417,0.584,0.2499999999999999,688363
SL,Slider,BR,39,6.78,12,12,1,8.33,0,0.0,19,4,21.05,10.26,8,20.51,30.77,29.41,5.56,14.29,0.333,0.333,0.5,0.833,0.1669999999999999,688363
FS,Split-Finger,OS,35,6.09,8,7,0,0.0,1,12.5,14,4,28.57,11.43,5,14.29,25.71,21.74,4.76,0.0,0.143,0.25,0.143,0.393,0.0,688363
ST,Sweeper,BR,20,3.48,7,6,3,42.86,1,14.29,7,2,28.57,10.0,6,30.0,40.0,9.09,4.76,50.0,0.0,0.143,0.0,0.143,0.0,688363
FO,Forkball,OS,11,1.91,3,3,1,33.33,0,0.0,6,3,50.0,27.27,0,0.0,27.27,37.5,5.56,14.29,0.333,0.333,0.333,0.666,0.0,688363
CS,Slow Curve,BR,5,0.87,1,1,0,0.0,0,0.0,2,0,0.0,0.0,0,0.0,0.0,40.0,1.59,0.0,0.0,0.0,0.0,0.0,0.0,688363
KC,Knuckle Curve,BR,5,0.87,1,1,1,100.0,0,0.0,2,2,100.0,40.0,1,20.0,60.0,50.0,1.59,50.0,0.0,0.0,0.0,0.0,0.0,688363
FA,Other,,2,0.35,1,1,0,0.0,0,0.0,1,0,0.0,0.0,0,0.0,0.0,0.0,0.0,,1.0,1.0,1.0,2.0,0.0,688363
SL,Slider,BR,71,29.58,13,11,6,46.15,2,15.38,27,18,66.67,25.35,9,12.68,38.03,18.6,27.03,30.0,0.0,0.154,0.0,0.154,0.0,688760
FF,4-Seam Fastball,FB,58,24.17,18,16,5,27.78,1,5.56,25,2,8.0,3.45,17,29.31,32.76,16.67,24.32,27.78,0.312,0.389,0.875,1.264,0.563,688760
SI,Sinker,FB,39,16.25,10,8,1,10.0,2,20.0,17,1,5.88,2.56,14,35.9,38.46,38.46,6.76,20.0,0.375,0.5,0.5,1.0,0.125,688760
ST,Sweeper,BR,39,16.25,11,11,9,81.82,0,0.0,20,13,65.0,33.33,2,5.13,38.46,32.0,25.68,47.37,0.0,0.0,0.0,0.0,0.0,688760
FC,Cutter,FB,17,7.08,2,2,0,0.0,0,0.0,5,1,20.0,5.88,5,29.41,35.29,11.11,5.41,0.0,1.0,1.0,3.0,4.0,2.0,688760
CH,Changeup,OS,12,5.0,4,4,3,75.0,0,0.0,9,4,44.44,33.33,1,8.33,41.67,66.67,8.11,50.0,0.0,0.0,0.0,0.0,0.0,688760
CU,Curveball,BR,2,0.83,0,0,0,,0,,1,0,0.0,0.0,0,0.0,0.0,50.0,0.0,,,,,,,688760
FS,Split-Finger,OS,1,0.42,1,1,1,100.0,0,0.0,1,1,100.0,100.0,0,0.0,100.0,100.0,1.35,100.0,0.0,0.0,0.0,0.0,0.0,688760
KC,Knuckle Curve,BR,1,0.42,0,0,0,,0,,1,0,0.0,0.0,0,0.0,0.0,,1.35,0.0,,,,,,688760
FF,4-Seam Fastball,FB,14,42.42,3,3,0,0.0,0,0.0,8,1,12.5,7.14,1,7.14,14.29,28.57,50.0,0.0,0.0,0.0,0.0,0.0,0.0,689041
SI,Sinker,FB,5,15.15,2,2,0,0.0,0,0.0,3,0,0.0,0.0,0,0.0,0.0,0.0,16.67,0.0,0.5,0.5,1.0,1.5,0.5,689041
SL,Slider,BR,4,12.12,1,1,0,0.0,0,0.0,2,0,0.0,0.0,0,0.0,0.0,0.0,16.67,0.0,0.0,0.0,0.0,0.0,0.0,689041
CH,Changeup,OS,2,6.06,1,1,0,0.0,0,0.0,1,0,0.0,0.0,0,0.0,0.0,0.0,0.0,,0.0,0.0,0.0,0.0,0.0,689041
FC,Cutter,FB,2,6.06,1,0,0,0.0,1,100.0,1,0,0.0,0.0,0,0.0,0.0,50.0,8.33,0.0,,1.0,,,,689041
FS,Split-Finger,OS,2,6.06,0,0,0,,0,,1,0,0.0,0.0,1,50.0,50.0,,0.0,,,,,,,689041
ST,Sweeper,BR,2,6.06,0,0,0,,0,,2,0,0.0,0.0,0,0.0,0.0,100.0,8.33,0.0,,,,,,689041
CU,Curveball,BR,1,3.03,0,0,0,,0,,0,0,,0.0,0,0.0,0.0,0.0,0.0,,,,,,,689041
EP,Eephus,,1,3.03,1,1,0,0.0,0,0.0,1,0,0.0,0.0,0,0.0,0.0,100.0,0.0,,0.0,0.0,0.0,0.0,0.0,689041
FF,4-Seam Fastball,FB,101,45.09,25,19,6,24.0,4,16.0,52,12,23.08,11.88,16,15.84,27.72,31.91,49.4,14.63,0.053,0.217,0.211,0.428,0.158,689172
CU,Curveball,BR,23,10.27,4,4,1,25.0,0,0.0,10,2,20.0,8.7,8,34.78,43.48,33.33,7.23,16.67,0.5,0.5,0.75,1.25,0.25,689172
CH,Changeup,OS,20,8.93,7,7,1,14.29,0,0.0,13,1,7.69,5.0,0,0.0,5.0,53.33,7.23,16.67,0.143,0.143,0.143,0.286,0.0,689172
SI,Sinker,FB,20,8.93,3,3,1,33.33,0,0.0,8,1,12.5,5.0,4,20.0,25.0,0.0,7.23,16.67,0.333,0.333,0.333,0.666,0.0,689172
SL,Slider,BR,19,8.48,5,4,0,0.0,1,20.0,9,1,11.11,5.26,4,21.05,26.32,54.55,8.43,0.0,0.5,0.6,0.75,1.35,0.25,689172
FC,Cutter,FB,15,6.7,3,2,0,0.0,1,33.33,7,0,0.0,0.0,3,20.0,20.0,28.57,3.61,0.0,0.0,0.333,0.0,0.333,0.0,689172
ST,Sweeper,BR,14,6.25,4,4,2,50.0,0,0.0,5,2,40.0,14.29,3,21.43,35.71,12.5,9.64,25.0,0.25,0.25,0.5,0.75,0.25,689172
FS,Split-Finger,OS,6,2.68,1,1,0,0.0,0,0.0,4,0,0.0,0.0,0,0.0,0.0,33.33,1.2,0.0,0.0,0.0,0.0,0.0,0.0,689172
FO,Forkball,OS,4,1.79,1,1,1,100.0,0,0.0,1,1,100.0,25.0,0,0.0,25.0,0.0,4.82,25.0,0.0,0.0,0.0,0.0,0.0,689172
KC,Knuckle Curve,BR,1,0.45,1,1,0,0.0,0,0.0,1,0,0.0,0.0,0,0.0,0.0,,1.2,0.0,0.0,0.0,0.0,0.0,0.0,689172
SV,Slurve,BR,1,0.45,0,0,0,,0,,1,0,0.0,0.0,0,0.0,0.0,,0.0,,,,,,,689172
FF,4-Seam Fastball,FB,99,37.22,20,19,8,40.0,1,5.0,46,14,30.43,14.14,22,22.22,36.36,18.42,39.33,22.86,0.263,0.3,0.263,0.563,0.0,689200
CH,Changeup,OS,41,15.41,9,8,3,33.33,1,11.11,21,11,52.38,26.83,2,4.88,31.71,25.0,15.73,21.43,0.25,0.333,0.5,0.833,0.25,689200
FS,Split-Finger,OS,40,15.04,8,6,3,37.5,2,25.0,21,10,47.62,25.0,1,2.5,27.5,37.5,16.85,20.0,0.0,0.25,0.0,0.25,0.0,689200
CU,Curveball,BR,24,9.02,6,6,4,66.67,0,0.0,7,3,42.86,12.5,9,37.5,50.0,25.0,7.87,57.14,0.0,0.0,0.0,0.0,0.0,689200
SI,Sinker,FB,17,6.39,4,3,1,25.0,0,0.0,4,0,0.0,0.0,4,23.53,23.53,10.0,2.25,50.0,0.0,0.0,0.0,0.0,0.0,689200
ST,Sweeper,BR,17,6.39,5,4,2,40.0,1,20.0,8,2,25.0,11.76,6,35.29,47.06,60.0,8.99,25.0,0.0,0.2,0.0,0.2,0.0,689200
FC,Cutter,FB,11,4.14,4,3,0,0.0,0,0.0,5,0,0.0,0.0,1,9.09,9.09,16.67,0.0,,0.0,0.0,0.0,0.0,0.0,689200
KC,Knuckle Curve,BR,9,3.38,2,2,2,100.0,0,0.0,3,3,100.0,33.33,2,22.22,55.56,42.86,4.49,50.0,0.0,0.0,0.0,0.0,0.0,689200
SL,Slider,BR,8,3.01,6,5,1,16.67,0,0.0,4,0,0.0,0.0,2,25.0,25.0,0.0,4.49,25.0,0.4,0.5,0.4,0.9,0.0,689200
FF,4-Seam Fastball,FB,430,33.26,126,109,15,11.9,11,8.73,176,20,11.36,4.65,97,22.56,27.21,12.28,29.68,14.56,0.284,0.371,0.468,0.839,0.184,689414
CH,Changeup,OS,180,13.92,45,41,9,20.0,3,6.67,77,16,20.78,8.89,21,11.67,20.56,23.36,19.02,13.64,0.122,0.178,0.122,0.3,0.0,689414
SL,Slider,BR,148,11.45,30,24,4,13.33,5,16.67,51,12,23.53,8.11,34,22.97,31.08,17.72,11.82,9.76,0.167,0.3,0.167,0.4669999999999999,0.0,689414
SI,Sinker,FB,143,11.06,47,40,6,12.77,7,14.89,52,4,7.69,2.8,46,32.17,34.97,16.98,8.93,19.35,0.45,0.532,0.575,1.107,0.1249999999999999,689414
FC,Cutter,FB,114,8.82,30,24,4,13.33,5,16.67,51,9,17.65,7.89,27,23.68,31.58,23.91,6.63,17.39,0.167,0.333,0.167,0.5,0.0,689414
CU,Curveball,BR,106,8.2,12,11,1,8.33,1,8.33,20,1,5.0,0.94,36,33.96,34.91,8.47,8.07,3.57,0.091,0.167,0.091,0.258,0.0,689414
FS,Split-Finger,OS,57,4.41,19,18,5,26.32,1,5.26,28,8,28.57,14.04,5,8.77,22.81,32.35,7.78,18.52,0.222,0.263,0.278,0.541,0.056,689414
ST,Sweeper,BR,53,4.1,7,4,0,0.0,2,28.57,9,1,11.11,1.89,19,35.85,37.74,7.69,3.75,0.0,0.25,0.571,0.25,0.821,0.0,689414
KC,Knuckle Curve,BR,40,3.09,6,6,2,33.33,0,0.0,7,2,28.57,5.0,10,25.0,30.0,11.54,3.17,18.18,0.333,0.333,0.667,1.0,0.334,689414
FA,Other,,12,0.93,3,3,0,0.0,0,0.0,4,0,0.0,0.0,3,25.0,25.0,33.33,0.86,0.0,0.333,0.333,1.333,1.666,1.0,689414
SV,Slurve,BR,4,0.31,1,1,0,0.0,0,0.0,1,0,0.0,0.0,2,50.0,50.0,,0.29,0.0,1.0,1.0,1.0,2.0,0.0,689414
EP,Eephus,,4,0.31,0,0,0,,0,,0,0,,0.0,1,25.0,25.0,0.0,0.0,,,,,,,689414
CS,Slow Curve,BR,1,0.08,0,0,0,,0,,0,0,,0.0,1,100.0,100.0,,0.0,,,,,,,689414
KN,Knuckleball,,1,0.08,0,0,0,,0,,0,0,,0.0,0,0.0,0.0,0.0,0.0,,,,,,,689414
FF,4-Seam Fastball,FB,167,27.2,38,36,17,44.74,1,2.63,97,40,41.24,23.95,28,16.77,40.72,25.86,29.58,26.98,0.194,0.237,0.222,0.4589999999999999,0.0279999999999999,690022
SL,Slider,BR,147,23.94,47,45,18,38.3,2,4.26,79,33,41.77,22.45,13,8.84,31.29,37.04,28.64,29.51,0.222,0.255,0.333,0.5880000000000001,0.111,690022
SI,Sinker,FB,130,21.17,40,29,5,12.5,5,12.5,65,13,20.0,10.0,26,20.0,30.0,31.48,13.62,17.24,0.207,0.378,0.241,0.619,0.034,690022
ST,Sweeper,BR,65,10.59,14,13,5,35.71,1,7.14,30,12,40.0,18.46,11,16.92,35.38,31.58,13.15,17.86,0.231,0.286,0.231,0.517,0.0,690022
FC,Cutter,FB,49,7.98,14,14,3,21.43,0,0.0,26,6,23.08,12.24,8,16.33,28.57,33.33,5.63,25.0,0.357,0.357,0.857,1.214,0.5,690022
CU,Curveball,BR,31,5.05,3,3,1,33.33,0,0.0,9,7,77.78,22.58,6,19.35,41.94,27.27,5.63,8.33,0.0,0.0,0.0,0.0,0.0,690022
CH,Changeup,OS,15,2.44,5,5,2,40.0,0,0.0,10,4,40.0,26.67,1,6.67,33.33,50.0,2.35,40.0,0.4,0.4,0.6,1.0,0.1999999999999999,690022
SV,Slurve,BR,5,0.81,1,1,1,100.0,0,0.0,2,2,100.0,40.0,1,20.0,60.0,33.33,0.47,100.0,0.0,0.0,0.0,0.0,0.0,690022
FS,Split-Finger,OS,3,0.49,1,1,0,0.0,0,0.0,1,0,0.0,0.0,0,0.0,0.0,0.0,0.47,0.0,0.0,0.0,0.0,0.0,0.0,690022
KC,Knuckle Curve,BR,2,0.33,0,0,0,,0,,0,0,,0.0,0,0.0,0.0,0.0,0.47,0.0,,,,,,690022
FF,4-Seam Fastball,FB,83,38.6,22,16,6,27.27,6,27.27,43,9,20.93,10.84,14,16.87,27.71,29.73,44.26,22.22,0.062,0.318,0.062,0.38,0.0,690291
CU,Curveball,BR,35,16.28,2,2,1,50.0,0,0.0,9,3,33.33,8.57,6,17.14,25.71,5.56,11.48,14.29,0.0,0.0,0.0,0.0,0.0,690291
FC,Cutter,FB,24,11.16,6,5,2,33.33,1,16.67,10,5,50.0,20.83,3,12.5,33.33,8.33,6.56,50.0,0.0,0.167,0.0,0.167,0.0,690291
CH,Changeup,OS,22,10.23,8,8,1,12.5,0,0.0,15,2,13.33,9.09,2,9.09,18.18,54.55,9.84,16.67,0.25,0.25,0.25,0.5,0.0,690291
SL,Slider,BR,17,7.91,7,6,4,57.14,0,0.0,11,3,27.27,17.65,4,23.53,41.18,66.67,11.48,57.14,0.0,0.143,0.0,0.143,0.0,690291
SI,Sinker,FB,12,5.58,2,2,0,0.0,0,0.0,3,0,0.0,0.0,4,33.33,33.33,0.0,3.28,0.0,0.5,0.5,0.5,1.0,0.0,690291
FS,Split-Finger,OS,11,5.12,3,3,1,33.33,0,0.0,9,3,33.33,27.27,0,0.0,27.27,83.33,9.84,16.67,0.0,0.0,0.0,0.0,0.0,690291
ST,Sweeper,BR,6,2.79,2,2,0,0.0,0,0.0,2,0,0.0,0.0,0,0.0,0.0,0.0,1.64,0.0,0.5,0.5,0.5,1.0,0.0,690291
KC,Knuckle Curve,BR,5,2.33,1,1,1,100.0,0,0.0,1,0,0.0,0.0,2,40.0,40.0,0.0,1.64,100.0,0.0,0.0,0.0,0.0,0.0,690291
FF,4-Seam Fastball,FB,95,34.42,23,19,9,39.13,3,13.04,43,13,30.23,13.68,21,22.11,35.79,22.5,31.46,28.57,0.105,0.261,0.316,0.577,0.211,690924
SL,Slider,BR,58,21.01,21,18,4,19.05,1,4.76,35,11,31.43,18.97,6,10.34,29.31,40.0,24.72,18.18,0.167,0.19,0.167,0.357,0.0,690924
SI,Sinker,FB,38,13.77,14,13,3,21.43,0,0.0,16,0,0.0,0.0,13,34.21,34.21,20.0,6.74,50.0,0.462,0.5,0.538,1.038,0.076,690924
ST,Sweeper,BR,28,10.14,6,6,5,83.33,0,0.0,16,13,81.25,46.43,2,7.14,53.57,50.0,10.11,55.56,0.167,0.167,0.167,0.334,0.0,690924
FC,Cutter,FB,21,7.61,4,4,3,75.0,0,0.0,7,3,42.86,14.29,2,9.52,23.81,0.0,5.62,60.0,0.0,0.0,0.0,0.0,0.0,690924
CU,Curveball,BR,19,6.88,5,5,1,20.0,0,0.0,13,4,30.77,21.05,4,21.05,42.11,72.73,8.99,12.5,0.0,0.0,0.0,0.0,0.0,690924
FS,Split-Finger,OS,8,2.9,1,1,1,100.0,0,0.0,3,1,33.33,12.5,0,0.0,12.5,28.57,7.87,14.29,0.0,0.0,0.0,0.0,0.0,690924
CH,Changeup,OS,6,2.17,1,1,0,0.0,0,0.0,4,1,25.0,16.67,0,0.0,16.67,60.0,4.49,0.0,0.0,0.0,0.0,0.0,0.0,690924
KC,Knuckle Curve,BR,2,0.72,2,2,0,0.0,0,0.0,2,0,0.0,0.0,0,0.0,0.0,,0.0,,0.0,0.0,0.0,0.0,0.0,690924
,,,1,0.36,0,0,0,,0,,0,0,,0.0,0,0.0,0.0,,0.0,,,,,,,690924
FF,4-Seam Fastball,FB,137,37.95,32,27,10,31.25,4,12.5,58,12,20.69,8.76,28,20.44,29.2,20.63,33.96,27.78,0.111,0.226,0.259,0.485,0.148,690976
CH,Changeup,OS,45,12.47,9,9,4,44.44,0,0.0,14,7,50.0,15.56,8,17.78,33.33,15.38,12.26,30.77,0.111,0.111,0.111,0.222,0.0,690976
SL,Slider,BR,42,11.63,8,6,3,37.5,2,25.0,11,5,45.45,11.9,13,30.95,42.86,27.27,12.26,23.08,0.167,0.375,0.167,0.542,0.0,690976
SI,Sinker,FB,37,10.25,10,8,1,10.0,2,20.0,18,2,11.11,5.41,4,10.81,16.22,0.0,7.55,12.5,0.625,0.7,1.0,1.7,0.375,690976
CU,Curveball,BR,31,8.59,3,3,2,66.67,0,0.0,5,3,60.0,9.68,13,41.94,51.61,14.29,7.55,25.0,0.0,0.0,0.0,0.0,0.0,690976
FC,Cutter,FB,28,7.76,9,8,2,22.22,1,11.11,18,5,27.78,17.86,4,14.29,32.14,55.56,8.49,22.22,0.25,0.333,0.25,0.583,0.0,690976
FS,Split-Finger,OS,20,5.54,3,3,2,66.67,0,0.0,7,2,28.57,10.0,2,10.0,20.0,23.08,9.43,20.0,0.0,0.0,0.0,0.0,0.0,690976
ST,Sweeper,BR,10,2.77,3,3,1,33.33,0,0.0,5,1,20.0,10.0,3,30.0,40.0,33.33,3.77,25.0,0.667,0.667,1.667,2.334,1.0,690976
KC,Knuckle Curve,BR,8,2.22,3,3,2,66.67,0,0.0,2,1,50.0,12.5,1,12.5,25.0,0.0,3.77,50.0,0.0,0.0,0.0,0.0,0.0,690976
SV,Slurve,BR,3,0.83,1,0,0,0.0,0,0.0,1,1,100.0,33.33,0,0.0,33.33,33.33,0.94,0.0,,1.0,,,,690976
FF,4-Seam Fastball,FB,14,43.75,2,1,1,50.0,1,50.0,6,1,16.67,7.14,2,14.29,21.43,14.29,50.0,16.67,0.0,0.5,0.0,0.5,0.0,690984
CU,Curveball,BR,7,21.88,0,0,0,,0,,3,0,0.0,0.0,1,14.29,14.29,40.0,25.0,0.0,,,,,,690984
CH,Changeup,OS,4,12.5,2,2,0,0.0,0,0.0,2,0,0.0,0.0,0,0.0,0.0,50.0,0.0,,0.5,0.5,0.5,1.0,0.0,690984
ST,Sweeper,BR,3,9.38,1,1,0,0.0,0,0.0,1,0,0.0,0.0,1,33.33,33.33,50.0,8.33,0.0,0.0,0.0,0.0,0.0,0.0,690984
FC,Cutter,FB,2,6.25,1,0,0,0.0,1,100.0,0,0,,0.0,1,50.0,50.0,0.0,8.33,0.0,,1.0,,,,690984
SL,Slider,BR,2,6.25,1,1,1,100.0,0,0.0,2,1,50.0,50.0,0,0.0,50.0,,8.33,100.0,0.0,0.0,0.0,0.0,0.0,690984
FF,4-Seam Fastball,FB,178,28.39,56,54,17,30.36,2,3.57,112,27,24.11,15.17,22,12.36,27.53,28.12,33.33,26.56,0.259,0.286,0.481,0.7669999999999999,0.2219999999999999,690987
CH,Changeup,OS,101,16.11,19,17,8,42.11,2,10.53,35,13,37.14,12.87,14,13.86,26.73,12.7,19.27,21.62,0.059,0.158,0.059,0.217,0.0,690987
CU,Curveball,BR,93,14.83,22,22,5,22.73,0,0.0,46,12,26.09,12.9,16,17.2,30.11,27.66,14.58,17.86,0.182,0.182,0.182,0.364,0.0,690987
SI,Sinker,FB,66,10.53,22,21,2,9.09,1,4.55,37,5,13.51,7.58,11,16.67,24.24,28.57,7.81,13.33,0.19,0.227,0.19,0.417,0.0,690987
FC,Cutter,FB,62,9.89,14,13,6,42.86,1,7.14,37,13,35.14,20.97,7,11.29,32.26,33.33,5.21,60.0,0.308,0.357,0.538,0.895,0.23,690987
SL,Slider,BR,58,9.25,17,17,6,35.29,0,0.0,33,11,33.33,18.97,5,8.62,27.59,30.0,7.81,40.0,0.176,0.176,0.176,0.352,0.0,690987
ST,Sweeper,BR,30,4.78,8,8,1,12.5,0,0.0,19,5,26.32,16.67,4,13.33,30.0,46.15,3.12,16.67,0.25,0.25,0.375,0.625,0.125,690987
FS,Split-Finger,OS,22,3.51,6,6,2,33.33,0,0.0,8,3,37.5,13.64,1,4.55,18.18,23.53,6.25,16.67,0.667,0.667,0.833,1.5,0.1659999999999999,690987
KC,Knuckle Curve,BR,12,1.91,2,2,1,50.0,0,0.0,6,4,66.67,33.33,2,16.67,50.0,50.0,1.56,33.33,0.0,0.0,0.0,0.0,0.0,690987
FO,Forkball,OS,5,0.8,2,2,1,50.0,0,0.0,3,2,66.67,40.0,0,0.0,40.0,60.0,1.04,50.0,0.0,0.0,0.0,0.0,0.0,690987
FF,4-Seam Fastball,FB,542,33.03,148,131,25,16.89,15,10.14,259,30,11.58,5.54,119,21.96,27.49,28.33,29.81,17.73,0.298,0.367,0.519,0.886,0.221,690993
CH,Changeup,OS,294,17.92,75,68,17,22.67,6,8.0,136,48,35.29,16.33,27,9.18,25.51,27.07,22.41,16.04,0.206,0.267,0.338,0.605,0.132,690993
SL,Slider,BR,160,9.75,30,26,11,36.67,3,10.0,71,19,26.76,11.88,24,15.0,26.88,23.81,11.42,20.37,0.115,0.233,0.346,0.579,0.2309999999999999,690993
FC,Cutter,FB,153,9.32,47,40,6,12.77,6,12.77,81,11,13.58,7.19,24,15.69,22.88,30.3,7.19,17.65,0.375,0.447,0.55,0.997,0.175,690993
SI,Sinker,FB,152,9.26,47,39,5,10.64,8,17.02,60,6,10.0,3.95,36,23.68,27.63,11.29,6.77,15.62,0.385,0.489,0.513,1.002,0.128,690993
CU,Curveball,BR,135,8.23,24,23,6,25.0,1,4.17,45,16,35.56,11.85,31,22.96,34.81,18.57,6.98,18.18,0.217,0.25,0.304,0.554,0.087,690993
FS,Split-Finger,OS,88,5.36,28,26,10,35.71,1,3.57,52,20,38.46,22.73,5,5.68,28.41,38.78,7.4,28.57,0.154,0.214,0.269,0.483,0.115,690993
ST,Sweeper,BR,78,4.75,15,13,6,40.0,2,13.33,26,9,34.62,11.54,17,21.79,33.33,17.5,4.23,30.0,0.231,0.333,0.462,0.795,0.231,690993
KC,Knuckle Curve,BR,20,1.22,4,3,3,75.0,1,25.0,7,4,57.14,20.0,3,15.0,35.0,18.18,2.33,27.27,0.0,0.25,0.0,0.25,0.0,690993
SV,Slurve,BR,6,0.37,1,1,1,100.0,0,0.0,1,1,100.0,16.67,2,33.33,50.0,0.0,0.85,25.0,0.0,0.0,0.0,0.0,0.0,690993
FO,Forkball,OS,6,0.37,1,0,0,0.0,1,100.0,2,1,50.0,16.67,0,0.0,16.67,0.0,0.63,0.0,,1.0,,,,690993
,,,4,0.24,1,0,0,0.0,1,100.0,0,0,,0.0,0,0.0,0.0,,0.0,,,1.0,,,,690993
FA,Other,,3,0.18,1,1,0,0.0,0,0.0,1,0,0.0,0.0,1,33.33,33.33,0.0,0.0,,1.0,1.0,1.0,2.0,0.0,690993
FF,4-Seam Fastball,FB,3,60.0,1,1,1,100.0,0,0.0,1,1,100.0,33.33,1,33.33,66.67,50.0,66.67,50.0,0.0,0.0,0.0,0.0,0.0,691011
CH,Changeup,OS,2,40.0,0,0,0,,0,,1,1,100.0,50.0,0,0.0,50.0,50.0,33.33,0.0,,,,,,691011
FF,4-Seam Fastball,FB,430,24.81,109,96,24,22.02,12,11.01,199,32,16.08,7.44,90,20.93,28.37,26.6,23.19,20.54,0.312,0.394,0.552,0.946,0.24,691016
CH,Changeup,OS,312,18.0,88,83,10,11.36,5,5.68,156,34,21.79,10.9,20,6.41,17.31,26.22,18.84,10.99,0.241,0.284,0.47,0.754,0.2289999999999999,691016
SI,Sinker,FB,252,14.54,67,58,9,13.43,8,11.94,110,17,15.45,6.75,46,18.25,25.0,23.01,12.01,15.52,0.293,0.373,0.483,0.856,0.19,691016
SL,Slider,BR,159,9.17,45,41,11,24.44,4,8.89,86,22,25.58,13.84,12,7.55,21.38,31.17,9.94,22.92,0.268,0.333,0.537,0.8700000000000001,0.269,691016
FC,Cutter,FB,146,8.42,40,31,2,5.0,8,20.0,81,16,19.75,10.96,14,9.59,20.55,27.54,6.42,6.45,0.29,0.45,0.419,0.869,0.129,691016
CU,Curveball,BR,143,8.25,40,36,14,35.0,3,7.5,68,32,47.06,22.38,15,10.49,32.87,24.68,9.32,31.11,0.278,0.35,0.472,0.822,0.1939999999999999,691016
FS,Split-Finger,OS,126,7.27,39,36,13,33.33,3,7.69,60,22,36.67,17.46,7,5.56,23.02,30.49,9.32,28.89,0.306,0.359,0.5,0.859,0.194,691016
KC,Knuckle Curve,BR,72,4.15,26,24,12,46.15,0,0.0,41,20,48.78,27.78,7,9.72,37.5,41.03,6.0,41.38,0.25,0.269,0.417,0.6859999999999999,0.1669999999999999,691016
ST,Sweeper,BR,69,3.98,19,17,8,42.11,1,5.26,25,8,32.0,11.59,13,18.84,30.43,21.62,3.93,42.11,0.235,0.316,0.471,0.7869999999999999,0.236,691016
,,,11,0.63,2,0,0,0.0,2,100.0,0,0,,0.0,0,0.0,0.0,,0.21,0.0,,1.0,,,,691016
SV,Slurve,BR,7,0.4,0,0,0,,0,,2,2,100.0,28.57,3,42.86,71.43,33.33,0.41,0.0,,,,,,691016
FA,Other,,3,0.17,2,2,0,0.0,0,0.0,2,0,0.0,0.0,1,33.33,33.33,0.0,0.0,,0.0,0.0,0.0,0.0,0.0,691016
FO,Forkball,OS,3,0.17,1,0,0,0.0,1,100.0,1,0,0.0,0.0,0,0.0,0.0,0.0,0.41,0.0,,1.0,,,,691016
FF,4-Seam Fastball,FB,370,36.71,91,71,17,18.68,19,20.88,169,38,22.49,10.27,59,15.95,26.22,14.71,38.78,14.05,0.324,0.462,0.507,0.969,0.183,691019
CH,Changeup,OS,150,14.88,46,46,13,28.26,0,0.0,79,26,32.91,17.33,16,10.67,28.0,33.73,14.74,28.26,0.261,0.261,0.391,0.652,0.13,691019
CU,Curveball,BR,112,11.11,16,15,6,37.5,0,0.0,31,11,35.48,9.82,28,25.0,34.82,23.08,7.69,25.0,0.2,0.25,0.2,0.45,0.0,691019
SL,Slider,BR,99,9.82,25,23,8,32.0,1,4.0,51,18,35.29,18.18,11,11.11,29.29,29.63,12.82,20.0,0.304,0.36,0.478,0.838,0.174,691019
FC,Cutter,FB,78,7.74,15,10,1,6.67,5,33.33,37,8,21.62,10.26,12,15.38,25.64,22.86,4.81,6.67,0.4,0.6,1.0,1.6,0.6,691019
SI,Sinker,FB,63,6.25,22,19,6,27.27,3,13.64,29,6,20.69,9.52,13,20.63,30.16,16.0,5.77,33.33,0.316,0.409,0.474,0.883,0.1579999999999999,691019
FS,Split-Finger,OS,53,5.26,17,16,3,17.65,1,5.88,30,7,23.33,13.21,1,1.89,15.09,37.14,6.41,15.0,0.188,0.235,0.188,0.423,0.0,691019
ST,Sweeper,BR,51,5.06,9,7,1,11.11,1,11.11,19,6,31.58,11.76,14,27.45,39.22,22.22,4.17,7.69,0.429,0.556,0.571,1.127,0.1419999999999999,691019
KC,Knuckle Curve,BR,31,3.08,3,3,2,66.67,0,0.0,13,6,46.15,19.35,5,16.13,35.48,38.89,4.49,14.29,0.0,0.0,0.0,0.0,0.0,691019
SV,Slurve,BR,1,0.1,1,0,0,0.0,0,0.0,0,0,,0.0,0,0.0,0.0,0.0,0.32,0.0,,1.0,,,,691019
FF,4-Seam Fastball,FB,285,24.7,80,71,33,41.25,8,10.0,140,48,34.29,16.84,60,21.05,37.89,35.0,26.11,32.0,0.113,0.212,0.254,0.4659999999999999,0.141,691023
SI,Sinker,FB,245,21.23,59,53,16,27.12,4,6.78,101,22,21.78,8.98,67,27.35,36.33,29.31,13.58,30.77,0.283,0.339,0.358,0.6970000000000001,0.075,691023
SL,Slider,BR,216,18.72,53,50,16,30.19,3,5.66,110,43,39.09,19.91,20,9.26,29.17,31.75,20.37,20.51,0.24,0.283,0.32,0.603,0.08,691023
ST,Sweeper,BR,180,15.6,40,37,13,32.5,3,7.5,88,36,40.91,20.0,13,7.22,27.22,33.61,19.06,17.81,0.162,0.225,0.243,0.4679999999999999,0.0809999999999999,691023
FC,Cutter,FB,90,7.8,23,21,6,26.09,2,8.7,49,19,38.78,21.11,11,12.22,33.33,33.33,6.27,25.0,0.19,0.261,0.286,0.5469999999999999,0.0959999999999999,691023
CH,Changeup,OS,51,4.42,11,11,4,36.36,0,0.0,30,14,46.67,27.45,1,1.96,29.41,39.39,5.48,19.05,0.273,0.273,0.273,0.546,0.0,691023
CU,Curveball,BR,40,3.47,12,12,3,25.0,0,0.0,25,11,44.0,27.5,5,12.5,40.0,55.56,3.13,25.0,0.25,0.25,0.25,0.5,0.0,691023
FS,Split-Finger,OS,29,2.51,9,8,2,22.22,1,11.11,18,7,38.89,24.14,1,3.45,27.59,52.63,3.66,14.29,0.125,0.222,0.125,0.347,0.0,691023
KC,Knuckle Curve,BR,13,1.13,1,1,0,0.0,0,0.0,4,3,75.0,23.08,1,7.69,30.77,0.0,1.83,0.0,1.0,1.0,2.0,3.0,1.0,691023
SV,Slurve,BR,5,0.43,1,1,1,100.0,0,0.0,3,3,100.0,60.0,0,0.0,60.0,50.0,0.52,50.0,0.0,0.0,0.0,0.0,0.0,691023
FF,4-Seam Fastball,FB,518,34.51,112,94,19,16.96,13,11.61,247,46,18.62,8.88,99,19.11,27.99,17.33,31.51,13.77,0.245,0.345,0.383,0.728,0.138,691026
SL,Slider,BR,285,18.99,70,67,14,20.0,2,2.86,117,29,24.79,10.18,55,19.3,29.47,30.63,21.92,14.58,0.254,0.286,0.343,0.629,0.089,691026
SI,Sinker,FB,237,15.79,68,62,8,11.76,4,5.88,112,12,10.71,5.06,60,25.32,30.38,23.53,11.42,16.0,0.339,0.397,0.532,0.929,0.193,691026
ST,Sweeper,BR,176,11.73,45,42,14,31.11,2,4.44,74,25,33.78,14.2,23,13.07,27.27,25.74,16.21,19.72,0.19,0.227,0.333,0.56,0.143,691026
FC,Cutter,FB,96,6.4,24,24,5,20.83,0,0.0,40,7,17.5,7.29,22,22.92,30.21,13.51,3.42,33.33,0.167,0.167,0.25,0.417,0.0829999999999999,691026
CH,Changeup,OS,70,4.66,25,24,5,20.0,0,0.0,38,8,21.05,11.43,11,15.71,27.14,34.48,6.62,17.24,0.25,0.28,0.292,0.5720000000000001,0.0419999999999999,691026
CU,Curveball,BR,63,4.2,14,13,1,7.14,1,7.14,20,2,10.0,3.17,15,23.81,26.98,16.13,3.42,6.67,0.154,0.214,0.154,0.368,0.0,691026
FS,Split-Finger,OS,26,1.73,9,9,2,22.22,0,0.0,14,2,14.29,7.69,3,11.54,19.23,46.67,2.74,16.67,0.444,0.444,0.444,0.888,0.0,691026
KC,Knuckle Curve,BR,19,1.27,5,4,3,60.0,1,20.0,9,6,66.67,31.58,3,15.79,47.37,50.0,2.51,27.27,0.25,0.4,0.25,0.65,0.0,691026
SV,Slurve,BR,7,0.47,2,2,0,0.0,0,0.0,3,1,33.33,14.29,1,14.29,28.57,25.0,0.23,0.0,0.0,0.0,0.0,0.0,0.0,691026
EP,Eephus,,3,0.2,1,1,0,0.0,0,0.0,2,0,0.0,0.0,0,0.0,0.0,50.0,0.0,,0.0,0.0,0.0,0.0,0.0,691026
,,,1,0.07,0,0,0,,0,,0,0,,0.0,0,0.0,0.0,,0.0,,,,,,,691026
FF,4-Seam Fastball,FB,413,32.57,85,75,20,23.53,9,10.59,167,31,18.56,7.51,78,18.89,26.39,15.82,27.78,18.18,0.24,0.321,0.387,0.708,0.147,691176
SL,Slider,BR,177,13.96,51,46,15,29.41,5,9.8,109,39,35.78,22.03,15,8.47,30.51,50.0,16.41,23.08,0.304,0.373,0.522,0.895,0.218,691176
CH,Changeup,OS,155,12.22,42,38,8,19.05,4,9.52,81,22,27.16,14.19,6,3.87,18.06,34.29,14.65,13.79,0.263,0.333,0.368,0.7010000000000001,0.1049999999999999,691176
SI,Sinker,FB,131,10.33,36,30,7,19.44,3,8.33,64,3,4.69,2.29,23,17.56,19.85,14.81,9.09,19.44,0.267,0.306,0.433,0.739,0.1659999999999999,691176
FC,Cutter,FB,125,9.86,38,30,5,13.16,7,18.42,75,18,24.0,14.4,11,8.8,23.2,29.41,5.56,22.73,0.433,0.553,0.6,1.153,0.1669999999999999,691176
CU,Curveball,BR,95,7.49,28,27,9,32.14,0,0.0,57,21,36.84,22.11,4,4.21,26.32,44.26,10.1,22.5,0.333,0.357,0.519,0.876,0.186,691176
FS,Split-Finger,OS,73,5.76,20,19,4,20.0,1,5.0,39,10,25.64,13.7,3,4.11,17.81,41.18,8.08,12.5,0.211,0.25,0.211,0.4609999999999999,0.0,691176
ST,Sweeper,BR,64,5.05,15,13,7,46.67,2,13.33,28,7,25.0,10.94,7,10.94,21.88,37.21,5.56,31.82,0.154,0.267,0.231,0.498,0.077,691176
KC,Knuckle Curve,BR,23,1.81,6,6,5,83.33,0,0.0,12,7,58.33,30.43,1,4.35,34.78,50.0,2.27,55.56,0.0,0.0,0.0,0.0,0.0,691176
,,,5,0.39,1,0,0,0.0,1,100.0,0,0,,0.0,0,0.0,0.0,,0.0,,,1.0,,,,691176
CS,Slow Curve,BR,3,0.24,2,2,1,50.0,0,0.0,2,1,50.0,33.33,0,0.0,33.33,50.0,0.25,100.0,0.5,0.5,1.0,1.5,0.5,691176
EP,Eephus,,2,0.16,1,1,0,0.0,0,0.0,1,0,0.0,0.0,1,50.0,50.0,,0.0,,0.0,0.0,0.0,0.0,0.0,691176
SV,Slurve,BR,2,0.16,1,1,0,0.0,0,0.0,1,0,0.0,0.0,0,0.0,0.0,50.0,0.25,0.0,0.0,0.0,0.0,0.0,0.0,691176
FF,4-Seam Fastball,FB,134,35.83,40,35,6,15.0,4,10.0,60,7,11.67,5.22,29,21.64,26.87,17.65,31.43,18.18,0.286,0.359,0.4,0.759,0.114,691182
CH,Changeup,OS,46,12.3,11,7,2,18.18,2,18.18,20,5,25.0,10.87,2,4.35,15.22,25.0,7.62,25.0,0.0,0.222,0.0,0.222,0.0,691182
FC,Cutter,FB,43,11.5,10,10,2,20.0,0,0.0,19,4,21.05,9.3,10,23.26,32.56,20.0,7.62,25.0,0.2,0.2,0.3,0.5,0.0999999999999999,691182
SI,Sinker,FB,37,9.89,10,9,4,40.0,1,10.0,16,4,25.0,10.81,6,16.22,27.03,19.05,14.29,26.67,0.333,0.4,0.444,0.8440000000000001,0.1109999999999999,691182
SL,Slider,BR,35,9.36,9,8,1,11.11,1,11.11,15,2,13.33,5.71,5,14.29,20.0,16.67,11.43,8.33,0.25,0.333,0.75,1.083,0.5,691182
CU,Curveball,BR,30,8.02,10,10,3,30.0,0,0.0,13,3,23.08,10.0,5,16.67,26.67,29.41,10.48,27.27,0.2,0.2,0.2,0.4,0.0,691182
FS,Split-Finger,OS,25,6.68,7,7,2,28.57,0,0.0,15,6,40.0,24.0,3,12.0,36.0,50.0,11.43,16.67,0.0,0.0,0.0,0.0,0.0,691182
ST,Sweeper,BR,16,4.28,4,3,1,25.0,0,0.0,11,5,45.45,31.25,2,12.5,43.75,62.5,5.71,16.67,0.0,0.25,0.0,0.25,0.0,691182
KC,Knuckle Curve,BR,7,1.87,2,1,0,0.0,1,50.0,2,0,0.0,0.0,2,28.57,28.57,0.0,0.0,,0.0,0.5,0.0,0.5,0.0,691182
PO,Pitch Out,,1,0.27,0,0,0,,0,,0,0,,0.0,0,0.0,0.0,0.0,0.0,,,,,,,691182
SL,Slider,BR,43,27.39,10,10,4,40.0,0,0.0,18,7,38.89,16.28,4,9.3,25.58,30.3,39.02,25.0,0.1,0.1,0.1,0.2,0.0,691185
FF,4-Seam Fastball,FB,39,24.84,10,8,1,10.0,2,20.0,16,1,6.25,2.56,7,17.95,20.51,23.81,24.39,10.0,0.25,0.4,1.0,1.4,0.75,691185
SI,Sinker,FB,30,19.11,10,8,1,10.0,2,20.0,12,2,16.67,6.67,8,26.67,33.33,15.38,4.88,50.0,0.125,0.3,0.125,0.425,0.0,691185
FC,Cutter,FB,16,10.19,4,4,1,25.0,0,0.0,7,4,57.14,25.0,2,12.5,37.5,41.67,7.32,33.33,0.5,0.5,0.75,1.25,0.25,691185
ST,Sweeper,BR,9,5.73,3,3,2,66.67,0,0.0,5,2,40.0,22.22,2,22.22,44.44,50.0,9.76,50.0,0.0,0.0,0.0,0.0,0.0,691185
KC,Knuckle Curve,BR,7,4.46,0,0,0,,0,,0,0,,0.0,3,42.86,42.86,0.0,7.32,0.0,,,,,,691185
CU,Curveball,BR,6,3.82,1,1,0,0.0,0,0.0,3,0,0.0,0.0,1,16.67,16.67,0.0,2.44,0.0,1.0,1.0,4.0,5.0,3.0,691185
CH,Changeup,OS,3,1.91,2,2,1,50.0,0,0.0,1,0,0.0,0.0,2,66.67,66.67,100.0,2.44,100.0,0.0,0.0,0.0,0.0,0.0,691185
FS,Split-Finger,OS,2,1.27,1,1,0,0.0,0,0.0,1,0,0.0,0.0,0,0.0,0.0,0.0,2.44,0.0,1.0,1.0,1.0,2.0,0.0,691185
SV,Slurve,BR,2,1.27,0,0,0,,0,,1,0,0.0,0.0,0,0.0,0.0,0.0,0.0,,,,,,,691185
CH,Changeup,OS,2,25.0,1,1,1,100.0,0,0.0,2,2,100.0,100.0,0,0.0,100.0,100.0,50.0,100.0,0.0,0.0,0.0,0.0,0.0,691373
FF,4-Seam Fastball,FB,2,25.0,0,0,0,,0,,0,0,,0.0,1,50.0,50.0,0.0,0.0,,,,,,,691373
SI,Sinker,FB,2,25.0,0,0,0,,0,,1,0,0.0,0.0,1,50.0,50.0,,0.0,,,,,,,691373
ST,Sweeper,BR,2,25.0,1,1,0,0.0,0,0.0,1,0,0.0,0.0,0,0.0,0.0,0.0,50.0,0.0,0.0,0.0,0.0,0.0,0.0,691373
SI,Sinker,FB,436,24.84,115,104,19,16.52,9,7.83,202,30,14.85,6.88,96,22.02,28.9,30.16,14.78,24.68,0.308,0.374,0.567,0.941,0.2589999999999999,691406
SL,Slider,BR,336,19.15,78,72,21,26.92,5,6.41,150,42,28.0,12.5,45,13.39,25.89,27.51,17.66,22.83,0.292,0.333,0.569,0.902,0.2769999999999999,691406
FF,4-Seam Fastball,FB,296,16.87,79,75,22,27.85,4,5.06,169,47,27.81,15.88,32,10.81,26.69,27.82,23.61,17.89,0.267,0.304,0.707,1.011,0.4399999999999999,691406
ST,Sweeper,BR,195,11.11,58,55,9,15.52,2,3.45,107,26,24.3,13.33,21,10.77,24.1,39.45,13.63,11.27,0.236,0.259,0.382,0.641,0.146,691406
FC,Cutter,FB,156,8.89,33,28,2,6.06,3,9.09,76,12,15.79,7.69,22,14.1,21.79,27.85,7.29,5.26,0.179,0.242,0.429,0.671,0.25,691406
CH,Changeup,OS,99,5.64,27,26,8,29.63,1,3.7,60,19,31.67,19.19,8,8.08,27.27,41.18,6.72,20.0,0.269,0.296,0.5,0.796,0.2309999999999999,691406
FS,Split-Finger,OS,89,5.07,31,26,7,22.58,5,16.13,50,16,32.0,17.98,2,2.25,20.22,36.84,7.29,18.42,0.192,0.323,0.192,0.515,0.0,691406
CU,Curveball,BR,70,3.99,21,21,2,9.52,0,0.0,41,13,31.71,18.57,6,8.57,27.14,47.62,5.18,7.41,0.19,0.19,0.619,0.8089999999999999,0.429,691406
KC,Knuckle Curve,BR,39,2.22,9,9,2,22.22,0,0.0,19,7,36.84,17.95,7,17.95,35.9,31.25,1.92,20.0,0.333,0.333,0.556,0.889,0.223,691406
SV,Slurve,BR,25,1.42,6,6,2,33.33,0,0.0,13,6,46.15,24.0,1,4.0,28.0,38.89,1.73,22.22,0.5,0.5,1.5,2.0,1.0,691406
FA,Other,,5,0.28,1,1,0,0.0,0,0.0,1,0,0.0,0.0,1,20.0,20.0,0.0,0.0,,1.0,1.0,2.0,3.0,1.0,691406
CS,Slow Curve,BR,4,0.23,1,1,0,0.0,0,0.0,3,1,33.33,25.0,1,25.0,50.0,100.0,0.19,0.0,0.0,0.0,0.0,0.0,0.0,691406
EP,Eephus,,4,0.23,2,2,0,0.0,0,0.0,2,0,0.0,0.0,2,50.0,50.0,0.0,0.0,,0.5,0.5,0.5,1.0,0.0,691406
,,,1,0.06,0,0,0,,0,,0,0,,0.0,0,0.0,0.0,,0.0,,,,,,,691406
FF,4-Seam Fastball,FB,258,35.49,79,70,9,11.39,8,10.13,115,12,10.43,4.65,65,25.19,29.84,24.53,29.69,15.79,0.286,0.354,0.486,0.84,0.2,691594
SL,Slider,BR,143,19.67,39,38,2,5.13,1,2.56,73,6,8.22,4.2,25,17.48,21.68,32.31,28.12,3.7,0.263,0.282,0.368,0.6499999999999999,0.1049999999999999,691594
SI,Sinker,FB,128,17.61,35,32,3,8.57,3,8.57,52,5,9.62,3.91,36,28.12,32.03,32.26,9.38,16.67,0.25,0.314,0.375,0.6890000000000001,0.125,691594
FC,Cutter,FB,64,8.8,19,18,2,10.53,0,0.0,25,3,12.0,4.69,20,31.25,35.94,20.83,5.73,18.18,0.111,0.105,0.222,0.327,0.111,691594
ST,Sweeper,BR,48,6.6,10,10,1,10.0,0,0.0,19,1,5.26,2.08,9,18.75,20.83,16.67,9.9,5.26,0.4,0.4,0.8,1.2000000000000002,0.4,691594
CH,Changeup,OS,24,3.3,6,4,1,16.67,0,0.0,14,1,7.14,4.17,1,4.17,8.33,47.06,5.73,9.09,0.5,0.4,0.5,0.9,0.0,691594
KC,Knuckle Curve,BR,21,2.89,5,5,0,0.0,0,0.0,8,1,12.5,4.76,2,9.52,14.29,26.67,3.12,0.0,0.2,0.2,0.4,0.6000000000000001,0.2,691594
CU,Curveball,BR,17,2.34,4,4,2,50.0,0,0.0,5,1,20.0,5.88,6,35.29,41.18,14.29,3.65,28.57,0.0,0.0,0.0,0.0,0.0,691594
FS,Split-Finger,OS,15,2.06,7,7,2,28.57,0,0.0,9,2,22.22,13.33,0,0.0,13.33,14.29,4.69,22.22,0.0,0.0,0.0,0.0,0.0,691594
FA,Other,,4,0.55,3,3,0,0.0,0,0.0,3,0,0.0,0.0,0,0.0,0.0,50.0,0.0,,0.333,0.333,0.333,0.666,0.0,691594
SV,Slurve,BR,3,0.41,1,1,0,0.0,0,0.0,2,0,0.0,0.0,0,0.0,0.0,50.0,0.0,,0.0,0.0,0.0,0.0,0.0,691594
EP,Eephus,,1,0.14,0,0,0,,0,,0,0,,0.0,0,0.0,0.0,0.0,0.0,,,,,,,691594
CS,Slow Curve,BR,1,0.14,1,1,0,0.0,0,0.0,1,0,0.0,0.0,0,0.0,0.0,,0.0,,0.0,0.0,0.0,0.0,0.0,691594
FF,4-Seam Fastball,FB,561,34.48,132,120,44,33.33,7,5.3,306,100,32.68,17.83,43,7.66,25.49,31.95,38.48,22.92,0.192,0.237,0.417,0.6539999999999999,0.2249999999999999,691718
CH,Changeup,OS,255,15.67,91,87,8,8.79,3,3.3,172,38,22.09,14.9,9,3.53,18.43,51.63,13.23,12.12,0.322,0.341,0.471,0.812,0.1489999999999999,691718
SL,Slider,BR,177,10.88,50,44,11,22.0,3,6.0,122,41,33.61,23.16,13,7.34,30.51,52.22,14.43,15.28,0.273,0.34,0.545,0.885,0.272,691718
CU,Curveball,BR,137,8.42,43,42,9,20.93,0,0.0,79,18,22.78,13.14,17,12.41,25.55,42.65,7.62,23.68,0.357,0.349,0.762,1.111,0.405,691718
SI,Sinker,FB,130,7.99,30,24,3,10.0,5,16.67,69,16,23.19,12.31,15,11.54,23.85,35.14,6.81,8.82,0.25,0.4,0.583,0.983,0.3329999999999999,691718
FC,Cutter,FB,126,7.74,36,30,6,16.67,3,8.33,74,27,36.49,21.43,10,7.94,29.37,37.5,5.41,22.22,0.367,0.457,0.9,1.357,0.533,691718
FS,Split-Finger,OS,88,5.41,33,32,7,21.21,1,3.03,63,15,23.81,17.05,2,2.27,19.32,54.9,5.81,24.14,0.125,0.152,0.125,0.277,0.0,691718
ST,Sweeper,BR,82,5.04,22,21,7,31.82,1,4.55,55,12,21.82,14.63,7,8.54,23.17,53.66,4.81,29.17,0.381,0.409,0.667,1.076,0.286,691718
KC,Knuckle Curve,BR,47,2.89,14,13,4,28.57,0,0.0,27,9,33.33,19.15,9,19.15,38.3,53.85,2.4,33.33,0.308,0.308,0.769,1.077,0.461,691718
SV,Slurve,BR,7,0.43,3,3,0,0.0,0,0.0,5,1,20.0,14.29,1,14.29,28.57,50.0,0.2,0.0,0.0,0.0,0.0,0.0,0.0,691718
FO,Forkball,OS,5,0.31,1,1,1,100.0,0,0.0,1,0,0.0,0.0,1,20.0,20.0,0.0,0.6,33.33,0.0,0.0,0.0,0.0,0.0,691718
,,,4,0.25,1,0,0,0.0,1,100.0,0,0,,0.0,0,0.0,0.0,,0.0,,,1.0,,,,691718
FA,Other,,3,0.18,1,1,0,0.0,0,0.0,3,0,0.0,0.0,0,0.0,0.0,,0.0,,1.0,1.0,1.0,2.0,0.0,691718
EP,Eephus,,3,0.18,2,2,0,0.0,0,0.0,3,0,0.0,0.0,0,0.0,0.0,100.0,0.0,,0.5,0.5,1.0,1.5,0.5,691718
CS,Slow Curve,BR,2,0.12,1,1,0,0.0,0,0.0,2,1,50.0,50.0,0,0.0,50.0,,0.2,0.0,1.0,1.0,1.0,2.0,0.0,691718
SL,Slider,BR,111,22.79,29,25,8,27.59,3,10.34,50,22,44.0,19.82,16,14.41,34.23,18.64,19.86,28.57,0.2,0.276,0.24,0.516,0.0399999999999999,691720
FF,4-Seam Fastball,FB,106,21.77,24,19,8,33.33,4,16.67,46,6,13.04,5.66,22,20.75,26.42,23.91,24.11,23.53,0.211,0.375,0.211,0.586,0.0,691720
SI,Sinker,FB,93,19.1,28,26,4,14.29,2,7.14,42,1,2.38,1.08,21,22.58,23.66,36.17,10.64,26.67,0.5,0.536,0.538,1.074,0.038,691720
ST,Sweeper,BR,62,12.73,13,13,7,53.85,0,0.0,25,13,52.0,20.97,6,9.68,30.65,21.05,16.31,30.43,0.077,0.077,0.077,0.154,0.0,691720
FC,Cutter,FB,41,8.42,8,8,0,0.0,0,0.0,26,4,15.38,9.76,5,12.2,21.95,0.0,7.09,0.0,0.0,0.0,0.0,0.0,0.0,691720
CH,Changeup,OS,32,6.57,11,9,3,27.27,2,18.18,15,4,26.67,12.5,1,3.12,15.62,20.0,13.48,15.79,0.333,0.455,0.667,1.122,0.334,691720
CU,Curveball,BR,21,4.31,6,5,3,50.0,1,16.67,4,2,50.0,9.52,7,33.33,42.86,10.0,4.26,50.0,0.2,0.333,0.2,0.533,0.0,691720
KC,Knuckle Curve,BR,11,2.26,1,0,0,0.0,0,0.0,4,1,25.0,9.09,3,27.27,36.36,14.29,1.42,0.0,,0.0,,,,691720
FS,Split-Finger,OS,8,1.64,2,1,0,0.0,0,0.0,2,1,50.0,12.5,0,0.0,12.5,28.57,2.13,0.0,0.0,0.5,0.0,0.5,0.0,691720
,,,2,0.41,0,0,0,,0,,0,0,,0.0,0,0.0,0.0,,0.71,0.0,,,,,,691720
FF,4-Seam Fastball,FB,206,26.93,57,47,13,22.81,8,14.04,107,24,22.43,11.65,28,13.59,25.24,24.42,27.31,20.0,0.191,0.333,0.319,0.652,0.128,691723
SL,Slider,BR,176,23.01,38,37,11,28.95,1,2.63,74,32,43.24,18.18,31,17.61,35.8,26.6,21.01,22.0,0.189,0.211,0.243,0.4539999999999999,0.0539999999999999,691723
SI,Sinker,FB,118,15.42,33,27,7,21.21,5,15.15,46,6,13.04,5.08,41,34.75,39.83,22.22,7.98,36.84,0.222,0.364,0.593,0.957,0.371,691723
ST,Sweeper,BR,108,14.12,25,24,16,64.0,1,4.0,39,21,53.85,19.44,24,22.22,41.67,30.3,20.59,32.65,0.042,0.08,0.042,0.122,0.0,691723
FC,Cutter,FB,56,7.32,15,14,4,26.67,1,6.67,30,10,33.33,17.86,9,16.07,33.93,30.43,4.2,40.0,0.214,0.267,0.286,0.5529999999999999,0.0719999999999999,691723
CU,Curveball,BR,43,5.62,11,10,3,27.27,1,9.09,20,8,40.0,18.6,7,16.28,34.88,36.36,8.4,15.0,0.2,0.273,0.5,0.773,0.3,691723
FS,Split-Finger,OS,19,2.48,5,5,2,40.0,0,0.0,11,4,36.36,21.05,3,15.79,36.84,53.33,4.2,20.0,0.6,0.6,1.2,1.7999999999999998,0.6,691723
CH,Changeup,OS,18,2.35,5,5,1,20.0,0,0.0,8,2,25.0,11.11,3,16.67,27.78,30.0,3.78,11.11,0.2,0.2,0.2,0.4,0.0,691723
KC,Knuckle Curve,BR,7,0.92,1,1,1,100.0,0,0.0,2,1,50.0,14.29,2,28.57,42.86,25.0,0.84,50.0,0.0,0.0,0.0,0.0,0.0,691723
SV,Slurve,BR,5,0.65,3,3,1,33.33,0,0.0,2,0,0.0,0.0,3,60.0,60.0,100.0,0.84,50.0,0.667,0.667,1.0,1.667,0.3329999999999999,691723
EP,Eephus,,5,0.65,2,2,0,0.0,0,0.0,3,0,0.0,0.0,1,20.0,20.0,0.0,0.42,0.0,0.5,0.5,2.0,2.5,1.5,691723
,,,3,0.39,2,1,0,0.0,1,50.0,1,0,0.0,0.0,1,33.33,33.33,,0.0,,0.0,0.5,0.0,0.5,0.0,691723
FA,Other,,1,0.13,0,0,0,,0,,0,0,,0.0,0,0.0,0.0,0.0,0.42,0.0,,,,,,691723
FF,4-Seam Fastball,FB,50,53.76,13,13,9,69.23,0,0.0,32,22,68.75,44.0,2,4.0,48.0,36.36,57.14,56.25,0.077,0.077,0.077,0.154,0.0,691728
SI,Sinker,FB,15,16.13,4,4,1,25.0,0,0.0,10,3,30.0,20.0,1,6.67,26.67,40.0,10.71,33.33,0.25,0.25,0.25,0.5,0.0,691728
CH,Changeup,OS,9,9.68,5,5,0,0.0,0,0.0,7,1,14.29,11.11,0,0.0,11.11,50.0,10.71,0.0,0.4,0.4,1.2,1.6,0.7999999999999999,691728
FS,Split-Finger,OS,7,7.53,2,2,1,50.0,0,0.0,7,3,42.86,42.86,0,0.0,42.86,100.0,14.29,25.0,0.0,0.0,0.0,0.0,0.0,691728
FC,Cutter,FB,4,4.3,1,1,0,0.0,0,0.0,2,0,0.0,0.0,0,0.0,0.0,0.0,0.0,,0.0,0.0,0.0,0.0,0.0,691728
ST,Sweeper,BR,3,3.23,1,1,1,100.0,0,0.0,2,1,50.0,33.33,1,33.33,66.67,100.0,7.14,50.0,0.0,0.0,0.0,0.0,0.0,691728
CU,Curveball,BR,2,2.15,1,0,0,0.0,0,0.0,0,0,,0.0,0,0.0,0.0,0.0,0.0,,,1.0,,,,691728
SL,Slider,BR,2,2.15,0,0,0,,0,,1,0,0.0,0.0,0,0.0,0.0,,0.0,,,,,,,691728
,,,1,1.08,0,0,0,,0,,0,0,,0.0,0,0.0,0.0,,0.0,,,,,,,691728
SI,Sinker,FB,160,24.84,42,38,7,16.67,2,4.76,77,17,22.08,10.62,40,25.0,35.62,34.92,14.8,24.14,0.158,0.238,0.184,0.422,0.0259999999999999,691777
FF,4-Seam Fastball,FB,138,21.43,44,42,13,29.55,2,4.55,71,15,21.13,10.87,23,16.67,27.54,25.42,29.08,21.05,0.357,0.386,0.738,1.124,0.381,691777
SL,Slider,BR,132,20.5,32,30,9,28.12,1,3.12,68,27,39.71,20.45,16,12.12,32.58,34.21,15.31,30.0,0.233,0.25,0.567,0.817,0.3339999999999999,691777
ST,Sweeper,BR,65,10.09,19,19,8,42.11,0,0.0,34,15,44.12,23.08,13,20.0,43.08,40.62,12.24,33.33,0.158,0.158,0.316,0.474,0.158,691777
FC,Cutter,FB,46,7.14,12,11,3,25.0,1,8.33,24,8,33.33,17.39,9,19.57,36.96,31.58,5.61,27.27,0.273,0.333,0.364,0.6970000000000001,0.0909999999999999,691777
CH,Changeup,OS,40,6.21,12,11,5,41.67,0,0.0,25,11,44.0,27.5,0,0.0,27.5,39.13,11.73,21.74,0.091,0.167,0.091,0.258,0.0,691777
CU,Curveball,BR,28,4.35,5,5,5,100.0,0,0.0,9,5,55.56,17.86,2,7.14,25.0,19.05,6.12,41.67,0.0,0.0,0.0,0.0,0.0,691777
KC,Knuckle Curve,BR,15,2.33,3,3,2,66.67,0,0.0,5,3,60.0,20.0,2,13.33,33.33,27.27,2.55,40.0,0.0,0.0,0.0,0.0,0.0,691777
SV,Slurve,BR,8,1.24,2,2,0,0.0,0,0.0,4,0,0.0,0.0,1,12.5,12.5,25.0,0.51,0.0,0.0,0.0,0.0,0.0,0.0,691777
FS,Split-Finger,OS,8,1.24,2,2,1,50.0,0,0.0,4,3,75.0,37.5,1,12.5,50.0,0.0,1.02,50.0,0.0,0.0,0.0,0.0,0.0,691777
FO,Forkball,OS,3,0.47,2,2,1,50.0,0,0.0,3,1,33.33,33.33,0,0.0,33.33,100.0,1.02,50.0,0.5,0.5,0.5,1.0,0.0,691777
CS,Slow Curve,BR,1,0.16,1,1,0,0.0,0,0.0,1,0,0.0,0.0,0,0.0,0.0,,0.0,,0.0,0.0,0.0,0.0,0.0,691777
SI,Sinker,FB,162,23.79,44,41,8,18.18,2,4.55,89,21,23.6,12.96,31,19.14,32.1,43.06,12.5,30.77,0.366,0.386,0.439,0.825,0.073,691781
FF,4-Seam Fastball,FB,158,23.2,36,33,14,38.89,2,5.56,96,31,32.29,19.62,16,10.13,29.75,41.56,27.88,24.14,0.182,0.229,0.212,0.441,0.03,691781
SL,Slider,BR,147,21.59,46,44,16,34.78,2,4.35,87,32,36.78,21.77,12,8.16,29.93,36.84,20.67,37.21,0.25,0.283,0.432,0.715,0.182,691781
ST,Sweeper,BR,96,14.1,32,31,4,12.5,0,0.0,55,12,21.82,12.5,8,8.33,20.83,31.37,18.27,10.53,0.226,0.219,0.419,0.638,0.1929999999999999,691781
FC,Cutter,FB,28,4.11,7,7,0,0.0,0,0.0,14,1,7.14,3.57,3,10.71,14.29,25.0,1.92,0.0,0.286,0.286,0.286,0.572,0.0,691781
CH,Changeup,OS,27,3.96,8,7,3,37.5,0,0.0,15,6,40.0,22.22,1,3.7,25.93,41.18,6.25,23.08,0.0,0.0,0.0,0.0,0.0,691781
KC,Knuckle Curve,BR,21,3.08,6,6,2,33.33,0,0.0,13,3,23.08,14.29,4,19.05,33.33,42.86,3.37,28.57,0.167,0.167,0.167,0.334,0.0,691781
FS,Split-Finger,OS,19,2.79,5,5,3,60.0,0,0.0,12,5,41.67,26.32,1,5.26,31.58,45.45,3.37,42.86,0.2,0.2,0.4,0.6000000000000001,0.2,691781
CU,Curveball,BR,17,2.5,6,6,1,16.67,0,0.0,7,2,28.57,11.76,1,5.88,17.65,0.0,4.33,11.11,0.0,0.0,0.0,0.0,0.0,691781
KN,Knuckleball,,2,0.29,1,1,0,0.0,0,0.0,1,0,0.0,0.0,0,0.0,0.0,50.0,0.96,0.0,1.0,1.0,1.0,2.0,0.0,691781
EP,Eephus,,2,0.29,0,0,0,,0,,1,0,0.0,0.0,1,50.0,50.0,,0.0,,,,,,,691781
CS,Slow Curve,BR,1,0.15,1,1,1,100.0,0,0.0,1,1,100.0,100.0,0,0.0,100.0,100.0,0.48,100.0,0.0,0.0,0.0,0.0,0.0,691781
SV,Slurve,BR,1,0.15,0,0,0,,0,,1,0,0.0,0.0,0,0.0,0.0,,0.0,,,,,,,691781
ST,Sweeper,BR,29,20.14,10,9,5,50.0,0,0.0,16,7,43.75,24.14,4,13.79,37.93,50.0,30.0,41.67,0.111,0.2,0.111,0.311,0.0,691783
SI,Sinker,FB,27,18.75,3,3,0,0.0,0,0.0,10,2,20.0,7.41,9,33.33,40.74,25.0,5.0,0.0,0.333,0.333,0.667,1.0,0.334,691783
FF,4-Seam Fastball,FB,24,16.67,8,7,3,37.5,1,12.5,8,1,12.5,4.17,9,37.5,41.67,0.0,15.0,50.0,0.286,0.375,0.429,0.804,0.143,691783
SL,Slider,BR,18,12.5,4,4,2,50.0,0,0.0,9,6,66.67,33.33,1,5.56,38.89,27.27,10.0,50.0,0.5,0.5,0.75,1.25,0.25,691783
FC,Cutter,FB,17,11.81,5,4,1,20.0,1,20.0,8,2,25.0,11.76,2,11.76,23.53,22.22,10.0,25.0,0.0,0.2,0.0,0.2,0.0,691783
CU,Curveball,BR,14,9.72,2,2,1,50.0,0,0.0,2,1,50.0,7.14,4,28.57,35.71,11.11,12.5,20.0,0.0,0.0,0.0,0.0,0.0,691783
FS,Split-Finger,OS,6,4.17,3,3,3,100.0,0,0.0,4,4,100.0,66.67,1,16.67,83.33,80.0,7.5,100.0,0.0,0.0,0.0,0.0,0.0,691783
CH,Changeup,OS,3,2.08,0,0,0,,0,,1,0,0.0,0.0,1,33.33,33.33,0.0,2.5,0.0,,,,,,691783
KC,Knuckle Curve,BR,3,2.08,2,2,1,50.0,0,0.0,3,2,66.67,66.67,0,0.0,66.67,100.0,2.5,100.0,0.0,0.0,0.0,0.0,0.0,691783
SV,Slurve,BR,3,2.08,0,0,0,,0,,2,1,50.0,33.33,0,0.0,33.33,66.67,5.0,0.0,,,,,,691783
FF,4-Seam Fastball,FB,135,32.93,37,36,5,13.51,1,2.7,75,10,13.33,7.41,22,16.3,23.7,29.17,28.93,14.29,0.361,0.378,0.639,1.017,0.278,691785
SL,Slider,BR,56,13.66,14,14,5,35.71,0,0.0,28,11,39.29,19.64,8,14.29,33.93,31.03,16.53,25.0,0.286,0.286,0.571,0.857,0.285,691785
CH,Changeup,OS,51,12.44,16,14,3,18.75,2,12.5,26,7,26.92,13.73,2,3.92,17.65,25.93,11.57,21.43,0.143,0.25,0.214,0.4639999999999999,0.071,691785
SI,Sinker,FB,46,11.22,14,10,3,21.43,3,21.43,19,2,10.53,4.35,11,23.91,28.26,5.88,9.09,27.27,0.1,0.286,0.1,0.386,0.0,691785
FS,Split-Finger,OS,36,8.78,11,10,8,72.73,0,0.0,21,13,61.9,36.11,1,2.78,38.89,44.0,14.88,44.44,0.1,0.1,0.4,0.5,0.3,691785
FC,Cutter,FB,33,8.05,8,8,1,12.5,0,0.0,18,3,16.67,9.09,4,12.12,21.21,28.57,4.96,16.67,0.25,0.25,0.375,0.625,0.125,691785
CU,Curveball,BR,28,6.83,6,6,3,50.0,0,0.0,13,7,53.85,25.0,4,14.29,39.29,28.57,4.96,50.0,0.333,0.333,0.5,0.833,0.1669999999999999,691785
ST,Sweeper,BR,8,1.95,1,1,1,100.0,0,0.0,2,1,50.0,12.5,1,12.5,25.0,16.67,2.48,33.33,0.0,0.0,0.0,0.0,0.0,691785
KC,Knuckle Curve,BR,7,1.71,1,0,0,0.0,1,100.0,1,1,100.0,14.29,0,0.0,14.29,14.29,2.48,0.0,,1.0,,,,691785
KN,Knuckleball,,4,0.98,1,1,1,100.0,0,0.0,0,0,,0.0,2,50.0,50.0,0.0,1.65,50.0,0.0,0.0,0.0,0.0,0.0,691785
FA,Other,,3,0.73,0,0,0,,0,,2,0,0.0,0.0,1,33.33,33.33,100.0,1.65,0.0,,,,,,691785
SV,Slurve,BR,3,0.73,1,1,1,100.0,0,0.0,1,1,100.0,33.33,2,66.67,100.0,100.0,0.83,100.0,0.0,0.0,0.0,0.0,0.0,691785
FF,4-Seam Fastball,FB,9,42.86,2,2,1,50.0,0,0.0,6,1,16.67,11.11,0,0.0,11.11,25.0,66.67,50.0,0.0,0.0,0.0,0.0,0.0,691907
FC,Cutter,FB,4,19.05,2,2,0,0.0,0,0.0,3,0,0.0,0.0,0,0.0,0.0,0.0,0.0,,0.0,0.0,0.0,0.0,0.0,691907
SI,Sinker,FB,4,19.05,0,0,0,,0,,0,0,,0.0,2,50.0,50.0,0.0,0.0,,,,,,,691907
SL,Slider,BR,2,9.52,1,1,1,100.0,0,0.0,1,1,100.0,50.0,1,50.0,100.0,,33.33,100.0,0.0,0.0,0.0,0.0,0.0,691907
CH,Changeup,OS,1,4.76,1,1,0,0.0,0,0.0,1,0,0.0,0.0,0,0.0,0.0,,0.0,,0.0,0.0,0.0,0.0,0.0,691907
FS,Split-Finger,OS,1,4.76,0,0,0,,0,,1,0,0.0,0.0,0,0.0,0.0,,0.0,,,,,,,691907
FF,4-Seam Fastball,FB,147,33.95,37,32,10,27.03,4,10.81,82,24,29.27,16.33,22,14.97,31.29,25.0,32.82,23.26,0.156,0.25,0.344,0.594,0.1879999999999999,692216
CH,Changeup,OS,71,16.4,21,19,6,28.57,2,9.52,38,17,44.74,23.94,3,4.23,28.17,27.27,18.32,25.0,0.158,0.238,0.211,0.4489999999999999,0.0529999999999999,692216
SL,Slider,BR,49,11.32,11,9,1,9.09,2,18.18,29,9,31.03,18.37,2,4.08,22.45,29.17,11.45,6.67,0.333,0.455,0.889,1.344,0.556,692216
FC,Cutter,FB,37,8.55,10,10,2,20.0,0,0.0,20,7,35.0,18.92,2,5.41,24.32,26.32,7.63,20.0,0.6,0.6,1.0,1.6,0.4,692216
SI,Sinker,FB,33,7.62,11,10,3,27.27,0,0.0,16,1,6.25,3.03,5,15.15,18.18,15.38,7.63,30.0,0.1,0.091,0.1,0.191,0.0,692216
ST,Sweeper,BR,28,6.47,8,8,3,37.5,0,0.0,12,5,41.67,17.86,9,32.14,50.0,40.0,6.11,37.5,0.25,0.25,0.625,0.875,0.375,692216
CU,Curveball,BR,23,5.31,6,5,1,16.67,0,0.0,9,4,44.44,17.39,3,13.04,30.43,29.41,6.11,12.5,0.2,0.333,0.4,0.7330000000000001,0.2,692216
FS,Split-Finger,OS,20,4.62,5,4,3,60.0,1,20.0,9,5,55.56,25.0,1,5.0,30.0,28.57,3.82,60.0,0.25,0.4,0.25,0.65,0.0,692216
KC,Knuckle Curve,BR,20,4.62,6,5,2,33.33,1,16.67,11,5,45.45,25.0,4,20.0,45.0,40.0,6.11,25.0,0.2,0.333,0.2,0.533,0.0,692216
FA,Other,,5,1.15,1,0,0,0.0,1,100.0,1,0,0.0,0.0,0,0.0,0.0,0.0,0.0,,,1.0,,,,692216
SI,Sinker,FB,178,23.3,58,51,10,17.24,6,10.34,85,15,17.65,8.43,43,24.16,32.58,36.14,14.22,31.25,0.275,0.362,0.412,0.774,0.1369999999999999,692225
FF,4-Seam Fastball,FB,167,21.86,40,38,15,37.5,2,5.0,74,15,20.27,8.98,40,23.95,32.93,18.46,24.0,27.78,0.237,0.275,0.421,0.696,0.184,692225
SL,Slider,BR,154,20.16,40,38,13,32.5,2,5.0,64,31,48.44,20.13,33,21.43,41.56,29.63,23.56,24.53,0.184,0.225,0.289,0.514,0.1049999999999999,692225
ST,Sweeper,BR,85,11.13,14,11,6,42.86,3,21.43,26,10,38.46,11.76,20,23.53,35.29,15.22,11.11,24.0,0.091,0.286,0.091,0.377,0.0,692225
FC,Cutter,FB,58,7.59,11,9,2,18.18,2,18.18,20,6,30.0,10.34,13,22.41,32.76,3.7,6.67,13.33,0.222,0.364,0.333,0.6970000000000001,0.111,692225
CH,Changeup,OS,37,4.84,8,8,4,50.0,0,0.0,14,7,50.0,18.92,6,16.22,35.14,33.33,8.0,22.22,0.125,0.125,0.125,0.25,0.0,692225
FS,Split-Finger,OS,34,4.45,7,7,5,71.43,0,0.0,17,8,47.06,23.53,3,8.82,32.35,43.48,7.56,29.41,0.143,0.143,0.143,0.286,0.0,692225
CU,Curveball,BR,23,3.01,6,6,2,33.33,0,0.0,7,2,28.57,8.7,4,17.39,26.09,23.53,2.67,33.33,0.5,0.5,1.0,1.5,0.5,692225
EP,Eephus,,12,1.57,2,1,0,0.0,1,50.0,1,0,0.0,0.0,2,16.67,16.67,0.0,0.0,,0.0,0.5,0.0,0.5,0.0,692225
KC,Knuckle Curve,BR,12,1.57,2,2,0,0.0,0,0.0,4,1,25.0,8.33,2,16.67,25.0,0.0,1.78,0.0,0.5,0.5,0.5,1.0,0.0,692225
FA,Other,,4,0.52,1,0,0,0.0,1,100.0,0,0,,0.0,2,50.0,50.0,0.0,0.44,0.0,,1.0,,,,692225
FF,4-Seam Fastball,FB,192,33.86,45,42,12,26.67,3,6.67,93,23,24.73,11.98,24,12.5,24.48,20.0,31.28,19.67,0.286,0.333,0.452,0.785,0.166,692585
CU,Curveball,BR,86,15.17,19,19,10,52.63,0,0.0,35,17,48.57,19.77,23,26.74,46.51,41.51,16.92,30.3,0.105,0.105,0.158,0.263,0.053,692585
CH,Changeup,OS,83,14.64,26,25,5,19.23,1,3.85,53,18,33.96,21.69,4,4.82,26.51,50.94,14.36,17.86,0.16,0.192,0.28,0.472,0.12,692585
SL,Slider,BR,68,11.99,17,15,5,29.41,1,5.88,43,13,30.23,19.12,5,7.35,26.47,54.05,13.85,18.52,0.333,0.353,0.667,1.02,0.334,692585
SI,Sinker,FB,43,7.58,11,10,4,36.36,1,9.09,19,3,15.79,6.98,11,25.58,32.56,22.22,7.18,28.57,0.3,0.364,0.3,0.6639999999999999,0.0,692585
FC,Cutter,FB,38,6.7,6,6,0,0.0,0,0.0,21,2,9.52,5.26,7,18.42,23.68,18.18,2.56,0.0,0.333,0.333,0.333,0.666,0.0,692585
ST,Sweeper,BR,22,3.88,5,5,2,40.0,0,0.0,14,3,21.43,13.64,4,18.18,31.82,50.0,5.13,20.0,0.0,0.0,0.0,0.0,0.0,692585
FS,Split-Finger,OS,18,3.17,7,5,2,28.57,2,28.57,9,5,55.56,27.78,0,0.0,27.78,30.77,4.62,11.11,0.0,0.286,0.0,0.286,0.0,692585
KC,Knuckle Curve,BR,16,2.82,2,2,2,100.0,0,0.0,8,6,75.0,37.5,2,12.5,50.0,54.55,4.1,25.0,0.0,0.0,0.0,0.0,0.0,692585
SV,Slurve,BR,1,0.18,0,0,0,,0,,1,1,100.0,100.0,0,0.0,100.0,,0.0,,,,,,,692585
FF,4-Seam Fastball,FB,252,23.66,80,74,18,22.5,3,3.75,146,31,21.23,12.3,31,12.3,24.6,29.7,27.91,21.43,0.27,0.288,0.378,0.6659999999999999,0.1079999999999999,693304
SI,Sinker,FB,239,22.44,74,70,6,8.11,4,5.41,139,21,15.11,8.79,29,12.13,20.92,33.67,13.62,14.63,0.243,0.284,0.329,0.613,0.086,693304
SL,Slider,BR,215,20.19,64,61,12,18.75,2,3.12,135,43,31.85,20.0,18,8.37,28.37,41.51,20.6,19.35,0.295,0.312,0.311,0.623,0.016,693304
ST,Sweeper,BR,96,9.01,30,29,7,23.33,1,3.33,54,17,31.48,17.71,7,7.29,25.0,33.96,9.97,23.33,0.172,0.2,0.172,0.372,0.0,693304
FC,Cutter,FB,94,8.83,21,18,1,4.76,3,14.29,47,14,29.79,14.89,10,10.64,25.53,25.0,6.31,5.26,0.389,0.476,0.5,0.976,0.1109999999999999,693304
CU,Curveball,BR,63,5.92,16,16,4,25.0,0,0.0,31,8,25.81,12.7,6,9.52,22.22,26.67,8.64,15.38,0.375,0.375,0.75,1.125,0.375,693304
CH,Changeup,OS,47,4.41,11,10,5,45.45,0,0.0,22,8,36.36,17.02,3,6.38,23.4,27.59,6.64,20.0,0.2,0.273,0.2,0.473,0.0,693304
FS,Split-Finger,OS,26,2.44,4,3,0,0.0,1,25.0,13,5,38.46,19.23,1,3.85,23.08,25.0,3.65,0.0,0.0,0.25,0.0,0.25,0.0,693304
KC,Knuckle Curve,BR,13,1.22,3,3,1,33.33,0,0.0,9,4,44.44,30.77,0,0.0,30.77,42.86,0.66,50.0,0.0,0.0,0.0,0.0,0.0,693304
SV,Slurve,BR,11,1.03,4,4,1,25.0,0,0.0,8,2,25.0,18.18,0,0.0,18.18,25.0,0.66,50.0,0.25,0.25,1.0,1.25,0.75,693304
FA,Other,,4,0.38,1,1,0,0.0,0,0.0,2,0,0.0,0.0,1,25.0,25.0,50.0,0.33,0.0,1.0,1.0,1.0,2.0,0.0,693304
,,,4,0.38,0,0,0,,0,,0,0,,0.0,0,0.0,0.0,,0.66,0.0,,,,,,693304
CS,Slow Curve,BR,1,0.09,1,1,0,0.0,0,0.0,1,0,0.0,0.0,0,0.0,0.0,,0.33,0.0,0.0,0.0,0.0,0.0,0.0,693304
FF,4-Seam Fastball,FB,393,29.84,92,83,30,32.61,6,6.52,194,52,26.8,13.23,62,15.78,29.01,17.33,34.46,20.98,0.277,0.348,0.361,0.709,0.0839999999999999,693307
SI,Sinker,FB,238,18.07,62,54,7,11.29,2,3.23,107,14,13.08,5.88,57,23.95,29.83,22.58,11.81,14.29,0.37,0.426,0.574,1.0,0.2039999999999999,693307
ST,Sweeper,BR,208,15.79,54,51,16,29.63,2,3.7,105,44,41.9,21.15,40,19.23,40.38,47.5,17.11,22.54,0.196,0.226,0.255,0.481,0.059,693307
SL,Slider,BR,192,14.58,59,59,8,13.56,0,0.0,104,24,23.08,12.5,28,14.58,27.08,38.54,14.7,13.11,0.288,0.288,0.339,0.627,0.051,693307
FC,Cutter,FB,85,6.45,27,26,5,18.52,1,3.7,45,7,15.56,8.24,10,11.76,20.0,29.73,4.1,29.41,0.231,0.259,0.5,0.759,0.269,693307
CU,Curveball,BR,83,6.3,22,21,7,31.82,0,0.0,37,14,37.84,16.87,22,26.51,43.37,38.1,5.78,29.17,0.143,0.182,0.19,0.372,0.047,693307
CH,Changeup,OS,38,2.89,12,11,3,25.0,0,0.0,26,4,15.38,10.53,1,2.63,13.16,50.0,5.06,14.29,0.182,0.25,0.273,0.523,0.091,693307
FS,Split-Finger,OS,29,2.2,7,7,2,28.57,0,0.0,22,6,27.27,20.69,3,10.34,31.03,66.67,3.13,15.38,0.286,0.286,0.714,1.0,0.428,693307
SV,Slurve,BR,21,1.59,3,2,1,33.33,1,33.33,8,5,62.5,23.81,6,28.57,52.38,42.86,1.93,12.5,0.0,0.333,0.0,0.333,0.0,693307
KC,Knuckle Curve,BR,16,1.21,8,7,4,50.0,1,12.5,8,5,62.5,31.25,5,31.25,62.5,57.14,1.69,57.14,0.0,0.125,0.0,0.125,0.0,693307
EP,Eephus,,10,0.76,2,2,0,0.0,0,0.0,3,0,0.0,0.0,2,20.0,20.0,25.0,0.24,0.0,0.5,0.5,0.5,1.0,0.0,693307
,,,4,0.3,1,0,0,0.0,1,100.0,0,0,,0.0,0,0.0,0.0,,0.0,,,1.0,,,,693307
FF,4-Seam Fastball,FB,5,20.0,0,0,0,,0,,1,0,0.0,0.0,2,40.0,40.0,0.0,0.0,,,,,,,693409
FS,Split-Finger,OS,5,20.0,2,2,1,50.0,0,0.0,4,2,50.0,40.0,0,0.0,40.0,80.0,20.0,50.0,0.5,0.5,0.5,1.0,0.0,693409
SI,Sinker,FB,5,20.0,2,2,2,100.0,0,0.0,3,2,66.67,40.0,1,20.0,60.0,100.0,30.0,66.67,0.0,0.0,0.0,0.0,0.0,693409
ST,Sweeper,BR,4,16.0,1,1,1,100.0,0,0.0,3,1,33.33,25.0,0,0.0,25.0,50.0,30.0,33.33,0.0,0.0,0.0,0.0,0.0,693409
SL,Slider,BR,3,12.0,0,0,0,,0,,2,1,50.0,33.33,0,0.0,33.33,50.0,10.0,0.0,,,,,,693409
SV,Slurve,BR,2,8.0,1,1,1,100.0,0,0.0,2,2,100.0,100.0,0,0.0,100.0,100.0,10.0,100.0,0.0,0.0,0.0,0.0,0.0,693409
FC,Cutter,FB,1,4.0,0,0,0,,0,,1,0,0.0,0.0,0,0.0,0.0,100.0,0.0,,,,,,,693409
FF,4-Seam Fastball,FB,499,31.36,115,101,30,26.09,10,8.7,267,64,23.97,12.83,79,15.83,28.66,35.37,29.84,19.87,0.188,0.272,0.277,0.549,0.089,694192
SI,Sinker,FB,330,20.74,97,91,10,10.31,3,3.09,171,28,16.37,8.48,65,19.7,28.18,36.49,12.65,15.62,0.253,0.271,0.352,0.623,0.0989999999999999,694192
SL,Slider,BR,249,15.65,74,71,13,17.57,3,4.05,139,46,33.09,18.47,33,13.25,31.73,43.17,15.61,16.46,0.338,0.365,0.732,1.097,0.3939999999999999,694192
ST,Sweeper,BR,178,11.19,64,63,13,20.31,0,0.0,117,33,28.21,18.54,18,10.11,28.65,52.17,17.98,14.29,0.206,0.203,0.365,0.5680000000000001,0.159,694192
FC,Cutter,FB,148,9.3,34,32,6,17.65,2,5.88,70,26,37.14,17.57,21,14.19,31.76,26.25,5.73,20.69,0.156,0.206,0.188,0.394,0.032,694192
CU,Curveball,BR,57,3.58,18,18,7,38.89,0,0.0,27,8,29.63,14.04,7,12.28,26.32,34.29,5.14,26.92,0.167,0.167,0.389,0.556,0.222,694192
CH,Changeup,OS,48,3.02,14,12,4,28.57,1,7.14,31,10,32.26,20.83,0,0.0,20.83,34.62,4.94,16.0,0.417,0.5,0.75,1.25,0.333,694192
FS,Split-Finger,OS,45,2.83,16,15,3,18.75,0,0.0,25,4,16.0,8.89,0,0.0,8.89,32.14,5.34,11.11,0.467,0.438,0.933,1.371,0.466,694192
KC,Knuckle Curve,BR,30,1.89,8,8,2,25.0,0,0.0,18,7,38.89,23.33,3,10.0,33.33,43.75,2.37,16.67,0.125,0.125,0.125,0.25,0.0,694192
SV,Slurve,BR,5,0.31,0,0,0,,0,,2,1,50.0,20.0,0,0.0,20.0,25.0,0.4,0.0,,,,,,694192
FA,Other,,1,0.06,1,1,0,0.0,0,0.0,1,0,0.0,0.0,0,0.0,0.0,,0.0,,1.0,1.0,2.0,3.0,1.0,694192
,,,1,0.06,0,0,0,,0,,0,0,,0.0,0,0.0,0.0,,0.0,,,,,,,694192
FF,4-Seam Fastball,FB,48,34.53,12,12,7,58.33,0,0.0,31,13,41.94,27.08,5,10.42,37.5,7.14,42.55,35.0,0.25,0.25,0.75,1.0,0.5,694203
ST,Sweeper,BR,25,17.99,7,7,5,71.43,0,0.0,11,7,63.64,28.0,6,24.0,52.0,25.0,19.15,55.56,0.143,0.143,0.143,0.286,0.0,694203
SI,Sinker,FB,20,14.39,4,4,0,0.0,0,0.0,10,1,10.0,5.0,5,25.0,30.0,0.0,6.38,0.0,0.75,0.75,0.75,1.5,0.0,694203
SL,Slider,BR,18,12.95,3,3,2,66.67,0,0.0,4,2,50.0,11.11,5,27.78,38.89,8.33,12.77,33.33,0.0,0.0,0.0,0.0,0.0,694203
FC,Cutter,FB,13,9.35,4,3,1,25.0,1,25.0,7,2,28.57,15.38,2,15.38,30.77,0.0,6.38,33.33,0.0,0.25,0.0,0.25,0.0,694203
CU,Curveball,BR,6,4.32,0,0,0,,0,,0,0,,0.0,0,0.0,0.0,0.0,2.13,0.0,,,,,,694203
CH,Changeup,OS,5,3.6,3,3,2,66.67,0,0.0,4,2,50.0,40.0,0,0.0,40.0,50.0,4.26,100.0,0.333,0.333,0.667,1.0,0.334,694203
KC,Knuckle Curve,BR,3,2.16,2,2,0,0.0,0,0.0,3,0,0.0,0.0,0,0.0,0.0,,4.26,0.0,0.0,0.0,0.0,0.0,0.0,694203
FS,Split-Finger,OS,1,0.72,0,0,0,,0,,0,0,,0.0,0,0.0,0.0,0.0,2.13,0.0,,,,,,694203
FF,4-Seam Fastball,FB,91,39.39,19,14,5,26.32,5,26.32,45,15,33.33,16.48,10,10.99,27.47,25.53,43.86,20.0,0.357,0.526,0.786,1.312,0.429,694208
CH,Changeup,OS,55,23.81,17,17,1,5.88,0,0.0,28,5,17.86,9.09,4,7.27,16.36,23.33,21.05,8.33,0.235,0.235,0.294,0.5289999999999999,0.059,694208
CU,Curveball,BR,19,8.23,5,5,2,40.0,0,0.0,7,2,28.57,10.53,5,26.32,36.84,38.46,12.28,28.57,0.4,0.4,0.4,0.8,0.0,694208
SI,Sinker,FB,16,6.93,4,4,1,25.0,0,0.0,7,1,14.29,6.25,3,18.75,25.0,28.57,1.75,100.0,0.25,0.25,0.5,0.75,0.25,694208
SL,Slider,BR,15,6.49,7,6,0,0.0,1,14.29,8,1,12.5,6.67,3,20.0,26.67,20.0,8.77,0.0,0.333,0.429,0.333,0.762,0.0,694208
FC,Cutter,FB,13,5.63,3,3,0,0.0,0,0.0,7,1,14.29,7.69,2,15.38,23.08,42.86,0.0,,0.333,0.333,1.0,1.333,0.667,694208
FS,Split-Finger,OS,13,5.63,4,4,0,0.0,0,0.0,6,0,0.0,0.0,2,15.38,15.38,28.57,7.02,0.0,0.5,0.5,0.5,1.0,0.0,694208
KC,Knuckle Curve,BR,5,2.16,1,1,0,0.0,0,0.0,1,0,0.0,0.0,0,0.0,0.0,0.0,3.51,0.0,0.0,0.0,0.0,0.0,0.0,694208
ST,Sweeper,BR,2,0.87,1,1,1,100.0,0,0.0,1,1,100.0,50.0,1,50.0,100.0,100.0,1.75,100.0,0.0,0.0,0.0,0.0,0.0,694208
SV,Slurve,BR,1,0.43,0,0,0,,0,,0,0,,0.0,0,0.0,0.0,0.0,0.0,,,,,,,694208
,,,1,0.43,1,0,0,0.0,1,100.0,0,0,,0.0,0,0.0,0.0,,0.0,,,1.0,,,,694208
FF,4-Seam Fastball,FB,99,29.73,31,28,10,32.26,1,3.23,66,19,28.79,19.19,10,10.1,29.29,52.0,34.23,26.32,0.214,0.29,0.321,0.611,0.107,694212
CH,Changeup,OS,59,17.72,21,21,3,14.29,0,0.0,33,8,24.24,13.56,6,10.17,23.73,40.0,18.02,15.0,0.095,0.095,0.095,0.19,0.0,694212
SL,Slider,BR,36,10.81,6,6,5,83.33,0,0.0,23,13,56.52,36.11,3,8.33,44.44,35.29,13.51,33.33,0.0,0.0,0.0,0.0,0.0,694212
CU,Curveball,BR,29,8.71,6,6,1,16.67,0,0.0,11,3,27.27,10.34,5,17.24,27.59,18.75,7.21,12.5,0.5,0.5,2.0,2.5,1.5,694212
ST,Sweeper,BR,24,7.21,2,2,0,0.0,0,0.0,10,1,10.0,4.17,6,25.0,29.17,18.18,4.5,0.0,0.0,0.0,0.0,0.0,0.0,694212
SI,Sinker,FB,23,6.91,10,9,2,20.0,1,10.0,14,3,21.43,13.04,4,17.39,30.43,20.0,4.5,40.0,0.333,0.4,0.556,0.956,0.223,694212
FC,Cutter,FB,22,6.61,5,5,0,0.0,0,0.0,13,4,30.77,18.18,5,22.73,40.91,44.44,1.8,0.0,0.0,0.0,0.0,0.0,0.0,694212
FS,Split-Finger,OS,20,6.01,5,5,1,20.0,0,0.0,10,2,20.0,10.0,2,10.0,20.0,27.27,6.31,14.29,0.2,0.2,0.4,0.6000000000000001,0.2,694212
KC,Knuckle Curve,BR,19,5.71,6,5,3,50.0,1,16.67,12,5,41.67,26.32,0,0.0,26.32,58.33,9.91,27.27,0.0,0.167,0.0,0.167,0.0,694212
EP,Eephus,,2,0.6,1,1,0,0.0,0,0.0,1,0,0.0,0.0,1,50.0,50.0,,0.0,,0.0,0.0,0.0,0.0,0.0,694212
FF,4-Seam Fastball,FB,29,32.22,2,2,1,50.0,0,0.0,10,2,20.0,6.9,6,20.69,27.59,23.08,37.04,10.0,0.5,0.5,0.5,1.0,0.0,694359
CU,Curveball,BR,21,23.33,4,4,3,75.0,0,0.0,4,1,25.0,4.76,7,33.33,38.1,15.38,22.22,50.0,0.0,0.0,0.0,0.0,0.0,694359
CH,Changeup,OS,15,16.67,7,5,1,14.29,2,28.57,8,3,37.5,20.0,3,20.0,40.0,50.0,18.52,20.0,0.2,0.429,0.2,0.629,0.0,694359
ST,Sweeper,BR,9,10.0,2,2,1,50.0,0,0.0,2,1,50.0,11.11,4,44.44,55.56,25.0,7.41,50.0,0.0,0.0,0.0,0.0,0.0,694359
SL,Slider,BR,6,6.67,3,3,1,33.33,0,0.0,4,2,50.0,33.33,1,16.67,50.0,66.67,7.41,50.0,0.0,0.0,0.0,0.0,0.0,694359
FC,Cutter,FB,5,5.56,1,0,0,0.0,1,100.0,2,0,0.0,0.0,1,20.0,20.0,33.33,3.7,0.0,,1.0,,,,694359
SI,Sinker,FB,4,4.44,0,0,0,,0,,1,0,0.0,0.0,1,25.0,25.0,0.0,3.7,0.0,,,,,,694359
KC,Knuckle Curve,BR,1,1.11,0,0,0,,0,,0,0,,0.0,0,0.0,0.0,0.0,0.0,,,,,,,694359
SI,Sinker,FB,47,29.38,11,10,3,27.27,1,9.09,19,2,10.53,4.26,13,27.66,31.91,36.0,20.0,27.27,0.2,0.273,0.2,0.473,0.0,694362
FF,4-Seam Fastball,FB,35,21.88,12,10,4,33.33,2,16.67,18,6,33.33,17.14,6,17.14,34.29,21.43,21.82,33.33,0.1,0.25,0.4,0.65,0.3,694362
SL,Slider,BR,19,11.88,2,2,0,0.0,0,0.0,7,2,28.57,10.53,1,5.26,15.79,14.29,14.55,0.0,0.0,0.0,0.0,0.0,0.0,694362
CU,Curveball,BR,15,9.38,4,4,2,50.0,0,0.0,8,4,50.0,26.67,2,13.33,40.0,37.5,10.91,33.33,0.25,0.25,0.25,0.5,0.0,694362
ST,Sweeper,BR,14,8.75,3,3,2,66.67,0,0.0,10,4,40.0,28.57,0,0.0,28.57,60.0,16.36,22.22,0.0,0.0,0.0,0.0,0.0,694362
CH,Changeup,OS,11,6.88,3,2,1,33.33,0,0.0,4,2,50.0,18.18,0,0.0,18.18,22.22,9.09,20.0,0.5,0.667,0.5,1.167,0.0,694362
FC,Cutter,FB,10,6.25,1,1,0,0.0,0,0.0,2,1,50.0,10.0,4,40.0,50.0,0.0,3.64,0.0,0.0,0.0,0.0,0.0,0.0,694362
EP,Eephus,,3,1.88,1,0,0,0.0,0,0.0,0,0,,0.0,0,0.0,0.0,0.0,0.0,,,1.0,,,,694362
FS,Split-Finger,OS,3,1.88,2,2,0,0.0,0,0.0,2,0,0.0,0.0,0,0.0,0.0,50.0,3.64,0.0,0.0,0.0,0.0,0.0,0.0,694362
FA,Other,,2,1.25,1,0,0,0.0,0,0.0,1,0,0.0,0.0,0,0.0,0.0,50.0,0.0,,,1.0,,,,694362
KC,Knuckle Curve,BR,1,0.62,0,0,0,,0,,0,0,,0.0,0,0.0,0.0,0.0,0.0,,,,,,,694362
FF,4-Seam Fastball,FB,143,26.14,32,24,8,25.0,6,18.75,69,21,30.43,14.69,24,16.78,31.47,22.22,27.27,17.78,0.083,0.258,0.208,0.4659999999999999,0.1249999999999999,694374
SI,Sinker,FB,115,21.02,32,29,5,15.62,1,3.12,59,7,11.86,6.09,16,13.91,20.0,28.3,9.7,31.25,0.138,0.194,0.31,0.504,0.172,694374
SL,Slider,BR,105,19.2,27,25,9,33.33,2,7.41,53,22,41.51,20.95,10,9.52,30.48,29.03,21.82,25.0,0.16,0.222,0.28,0.502,0.12,694374
ST,Sweeper,BR,56,10.24,14,14,3,21.43,0,0.0,27,10,37.04,17.86,11,19.64,37.5,38.71,12.12,15.0,0.286,0.286,0.714,1.0,0.428,694374
FC,Cutter,FB,34,6.22,12,8,3,25.0,4,33.33,17,7,41.18,20.59,5,14.71,35.29,40.0,6.06,30.0,0.375,0.583,0.875,1.458,0.5,694374
CH,Changeup,OS,33,6.03,9,9,4,44.44,0,0.0,20,8,40.0,24.24,4,12.12,36.36,33.33,7.88,30.77,0.0,0.0,0.0,0.0,0.0,694374
CU,Curveball,BR,32,5.85,9,8,5,55.56,1,11.11,10,6,60.0,18.75,7,21.88,40.62,25.0,6.67,45.45,0.25,0.333,0.375,0.708,0.125,694374
FS,Split-Finger,OS,19,3.47,6,5,2,33.33,1,16.67,7,2,28.57,10.53,1,5.26,15.79,26.67,4.85,25.0,0.4,0.5,0.6,1.1,0.1999999999999999,694374
KC,Knuckle Curve,BR,5,0.91,1,1,0,0.0,0,0.0,1,0,0.0,0.0,2,40.0,40.0,0.0,1.21,0.0,0.0,0.0,0.0,0.0,0.0,694374
FO,Forkball,OS,4,0.73,1,1,1,100.0,0,0.0,1,1,100.0,25.0,0,0.0,25.0,25.0,1.82,33.33,0.0,0.0,0.0,0.0,0.0,694374
SV,Slurve,BR,1,0.18,0,0,0,,0,,0,0,,0.0,0,0.0,0.0,0.0,0.61,0.0,,,,,,694374
SI,Sinker,FB,27,26.47,5,5,3,60.0,0,0.0,10,4,40.0,14.81,8,29.63,44.44,18.18,14.63,50.0,0.2,0.2,0.2,0.4,0.0,694376
FF,4-Seam Fastball,FB,25,24.51,8,8,3,37.5,0,0.0,14,3,21.43,12.0,4,16.0,28.0,30.0,29.27,25.0,0.125,0.125,0.125,0.25,0.0,694376
SL,Slider,BR,19,18.63,3,3,0,0.0,0,0.0,10,5,50.0,26.32,1,5.26,31.58,27.27,14.63,0.0,0.0,0.0,0.0,0.0,0.0,694376
ST,Sweeper,BR,18,17.65,4,4,1,25.0,0,0.0,10,3,30.0,16.67,0,0.0,16.67,38.46,29.27,8.33,0.25,0.25,0.25,0.5,0.0,694376
FC,Cutter,FB,8,7.84,1,1,1,100.0,0,0.0,4,2,50.0,25.0,3,37.5,62.5,50.0,4.88,50.0,0.0,0.0,0.0,0.0,0.0,694376
CH,Changeup,OS,3,2.94,1,1,1,100.0,0,0.0,3,2,66.67,66.67,0,0.0,66.67,100.0,4.88,50.0,0.0,0.0,0.0,0.0,0.0,694376
CU,Curveball,BR,1,0.98,0,0,0,,0,,1,0,0.0,0.0,0,0.0,0.0,,2.44,0.0,,,,,,694376
SV,Slurve,BR,1,0.98,0,0,0,,0,,0,0,,0.0,0,0.0,0.0,0.0,0.0,,,,,,,694376
FF,4-Seam Fastball,FB,63,34.05,11,11,3,27.27,0,0.0,37,9,24.32,14.29,8,12.7,26.98,25.0,38.78,15.79,0.091,0.091,0.091,0.182,0.0,694377
SL,Slider,BR,39,21.08,13,12,3,23.08,1,7.69,19,5,26.32,12.82,6,15.38,28.21,30.0,20.41,30.0,0.333,0.385,0.417,0.802,0.0839999999999999,694377
SI,Sinker,FB,29,15.68,9,9,0,0.0,0,0.0,17,4,23.53,13.79,4,13.79,27.59,50.0,8.16,0.0,0.222,0.222,0.222,0.444,0.0,694377
FC,Cutter,FB,27,14.59,4,3,0,0.0,1,25.0,12,1,8.33,3.7,5,18.52,22.22,20.0,12.24,0.0,0.0,0.25,0.0,0.25,0.0,694377
ST,Sweeper,BR,18,9.73,7,7,5,71.43,0,0.0,9,6,66.67,33.33,2,11.11,44.44,46.15,16.33,62.5,0.143,0.143,0.571,0.714,0.4279999999999999,694377
SV,Slurve,BR,4,2.16,2,2,0,0.0,0,0.0,3,1,33.33,25.0,0,0.0,25.0,50.0,2.04,0.0,0.0,0.0,0.0,0.0,0.0,694377
CU,Curveball,BR,3,1.62,0,0,0,,0,,1,0,0.0,0.0,0,0.0,0.0,0.0,0.0,,,,,,,694377
CH,Changeup,OS,1,0.54,0,0,0,,0,,0,0,,0.0,0,0.0,0.0,0.0,0.0,,,,,,,694377
KC,Knuckle Curve,BR,1,0.54,1,1,0,0.0,0,0.0,1,0,0.0,0.0,0,0.0,0.0,,2.04,0.0,0.0,0.0,0.0,0.0,0.0,694377
FF,4-Seam Fastball,FB,644,38.2,162,130,17,10.49,25,15.43,289,32,11.07,4.97,133,20.65,25.62,22.61,33.49,11.81,0.285,0.409,0.431,0.84,0.146,694384
CH,Changeup,OS,231,13.7,58,58,7,12.07,0,0.0,105,20,19.05,8.66,19,8.23,16.88,34.36,15.81,10.29,0.172,0.172,0.19,0.362,0.018,694384
SI,Sinker,FB,158,9.37,48,44,6,12.5,4,8.33,64,3,4.69,1.9,44,27.85,29.75,15.52,7.67,18.18,0.341,0.396,0.591,0.987,0.2499999999999999,694384
SL,Slider,BR,156,9.25,41,40,10,24.39,1,2.44,78,18,23.08,11.54,21,13.46,25.0,28.05,11.16,20.83,0.225,0.244,0.45,0.694,0.225,694384
FC,Cutter,FB,151,8.96,41,33,3,7.32,5,12.2,78,9,11.54,5.96,18,11.92,17.88,14.29,6.51,10.71,0.303,0.4,0.455,0.855,0.152,694384
CU,Curveball,BR,135,8.01,34,29,5,14.71,4,11.76,63,15,23.81,11.11,19,14.07,25.19,32.43,8.84,13.16,0.172,0.294,0.276,0.5700000000000001,0.104,694384
FS,Split-Finger,OS,78,4.63,25,25,5,20.0,0,0.0,40,12,30.0,15.38,3,3.85,19.23,34.55,6.74,17.24,0.24,0.24,0.28,0.52,0.04,694384
ST,Sweeper,BR,74,4.39,16,12,2,12.5,2,12.5,25,4,16.0,5.41,21,28.38,33.78,6.45,6.28,7.41,0.333,0.5,0.417,0.917,0.0839999999999999,694384
KC,Knuckle Curve,BR,38,2.25,10,10,1,10.0,0,0.0,16,1,6.25,2.63,8,21.05,23.68,22.22,3.02,7.69,0.4,0.4,0.5,0.9,0.0999999999999999,694384
,,,17,1.01,4,0,0,0.0,4,100.0,0,0,,0.0,0,0.0,0.0,,0.0,,,1.0,,,,694384
SV,Slurve,BR,3,0.18,1,0,0,0.0,1,100.0,1,1,100.0,33.33,0,0.0,33.33,0.0,0.23,0.0,,1.0,,,,694384
FO,Forkball,OS,1,0.06,1,1,1,100.0,0,0.0,1,1,100.0,100.0,0,0.0,100.0,100.0,0.23,100.0,0.0,0.0,0.0,0.0,0.0,694384
FF,4-Seam Fastball,FB,110,35.6,32,28,9,28.12,2,6.25,57,18,31.58,16.36,11,10.0,26.36,25.45,37.08,27.27,0.393,0.469,0.714,1.1829999999999998,0.3209999999999999,694388
CH,Changeup,OS,52,16.83,11,11,4,36.36,0,0.0,33,11,33.33,21.15,1,1.92,23.08,45.16,16.85,20.0,0.273,0.273,0.545,0.8180000000000001,0.272,694388
CU,Curveball,BR,37,11.97,12,12,4,33.33,0,0.0,19,8,42.11,21.62,9,24.32,45.95,37.5,16.85,26.67,0.25,0.25,0.25,0.5,0.0,694388
SL,Slider,BR,29,9.39,5,4,2,40.0,1,20.0,10,6,60.0,20.69,4,13.79,34.48,21.05,7.87,28.57,0.25,0.4,0.25,0.65,0.0,694388
SI,Sinker,FB,29,9.39,6,6,1,16.67,0,0.0,14,1,7.14,3.45,8,27.59,31.03,25.0,5.62,20.0,0.0,0.0,0.0,0.0,0.0,694388
FC,Cutter,FB,22,7.12,5,5,0,0.0,0,0.0,13,1,7.69,4.55,3,13.64,18.18,58.33,4.49,0.0,0.4,0.4,0.6,1.0,0.1999999999999999,694388
ST,Sweeper,BR,11,3.56,4,4,1,25.0,0,0.0,5,1,20.0,9.09,2,18.18,27.27,0.0,5.62,20.0,0.5,0.5,1.25,1.75,0.75,694388
FS,Split-Finger,OS,11,3.56,3,3,1,33.33,0,0.0,5,2,40.0,18.18,0,0.0,18.18,16.67,2.25,50.0,0.333,0.333,0.333,0.666,0.0,694388
KC,Knuckle Curve,BR,5,1.62,2,2,1,50.0,0,0.0,3,2,66.67,40.0,1,20.0,60.0,33.33,3.37,33.33,0.5,0.5,0.5,1.0,0.0,694388
EP,Eephus,,2,0.65,1,1,0,0.0,0,0.0,1,0,0.0,0.0,0,0.0,0.0,0.0,0.0,,1.0,1.0,1.0,2.0,0.0,694388
CS,Slow Curve,BR,1,0.32,0,0,0,,0,,1,0,0.0,0.0,0,0.0,0.0,100.0,0.0,,,,,,,694388
FF,4-Seam Fastball,FB,233,32.23,73,63,9,12.33,9,12.33,107,15,14.02,6.44,40,17.17,23.61,9.47,31.25,15.0,0.27,0.37,0.46,0.8300000000000001,0.19,694497
CH,Changeup,OS,115,15.91,27,24,5,18.52,3,11.11,48,20,41.67,17.39,10,8.7,26.09,23.08,17.19,15.15,0.25,0.333,0.333,0.666,0.083,694497
SI,Sinker,FB,104,14.38,28,27,5,17.86,1,3.57,49,5,10.2,4.81,20,19.23,24.04,15.0,13.02,20.0,0.222,0.25,0.296,0.546,0.0739999999999999,694497
SL,Slider,BR,68,9.41,13,13,3,23.08,0,0.0,36,14,38.89,20.59,8,11.76,32.35,29.41,9.38,16.67,0.462,0.462,0.692,1.154,0.2299999999999999,694497
CU,Curveball,BR,56,7.75,12,10,2,16.67,0,0.0,21,8,38.1,14.29,16,28.57,42.86,28.57,10.42,10.0,0.3,0.417,0.3,0.717,0.0,694497
FC,Cutter,FB,43,5.95,10,9,2,20.0,0,0.0,21,5,23.81,11.63,7,16.28,27.91,21.05,4.17,25.0,0.222,0.3,0.778,1.078,0.556,694497
ST,Sweeper,BR,39,5.39,5,3,1,20.0,1,20.0,15,4,26.67,10.26,11,28.21,38.46,18.75,2.6,20.0,0.333,0.6,0.333,0.933,0.0,694497
FS,Split-Finger,OS,26,3.6,12,12,6,50.0,0,0.0,17,9,52.94,34.62,1,3.85,38.46,50.0,7.29,42.86,0.167,0.167,0.167,0.334,0.0,694497
KC,Knuckle Curve,BR,20,2.77,5,5,1,20.0,0,0.0,8,2,25.0,10.0,4,20.0,30.0,25.0,3.12,16.67,0.6,0.6,1.4,2.0,0.7999999999999999,694497
EP,Eephus,,9,1.24,3,2,0,0.0,0,0.0,3,0,0.0,0.0,3,33.33,33.33,0.0,0.52,0.0,0.0,0.333,0.0,0.333,0.0,694497
,,,4,0.55,1,0,0,0.0,1,100.0,0,0,,0.0,0,0.0,0.0,,0.0,,,1.0,,,,694497
SV,Slurve,BR,4,0.55,2,2,2,100.0,0,0.0,2,2,100.0,50.0,2,50.0,100.0,100.0,1.04,100.0,0.0,0.0,0.0,0.0,0.0,694497
FA,Other,,1,0.14,0,0,0,,0,,1,1,100.0,100.0,0,0.0,100.0,,0.0,,,,,,,694497
KN,Knuckleball,,1,0.14,1,1,0,0.0,0,0.0,1,0,0.0,0.0,0,0.0,0.0,,0.0,,0.0,0.0,0.0,0.0,0.0,694497
FF,4-Seam Fastball,FB,510,30.85,124,106,31,25.0,17,13.71,243,58,23.87,11.37,82,16.08,27.45,24.47,34.12,16.4,0.226,0.331,0.509,0.8400000000000001,0.283,694671
SI,Sinker,FB,344,20.81,106,91,21,19.81,10,9.43,147,16,10.88,4.65,96,27.91,32.56,25.87,15.16,25.0,0.253,0.349,0.429,0.778,0.176,694671
SL,Slider,BR,239,14.46,55,46,11,20.0,6,10.91,103,31,30.1,12.97,40,16.74,29.71,26.12,12.82,15.49,0.239,0.327,0.304,0.631,0.065,694671
ST,Sweeper,BR,160,9.68,32,31,13,40.62,0,0.0,61,22,36.07,13.75,22,13.75,27.5,20.83,12.27,19.12,0.226,0.219,0.355,0.574,0.1289999999999999,694671
CH,Changeup,OS,139,8.41,36,30,20,55.56,6,16.67,56,23,41.07,16.55,18,12.95,29.5,21.18,12.27,29.41,0.233,0.361,0.4,0.761,0.167,694671
FC,Cutter,FB,107,6.47,21,20,4,19.05,1,4.76,51,15,29.41,14.02,20,18.69,32.71,20.45,3.79,19.05,0.2,0.238,0.4,0.638,0.2,694671
CU,Curveball,BR,48,2.9,9,8,3,33.33,1,11.11,16,7,43.75,14.58,11,22.92,37.5,22.22,2.35,23.08,0.25,0.333,0.25,0.583,0.0,694671
FS,Split-Finger,OS,41,2.48,12,11,5,41.67,1,8.33,19,8,42.11,19.51,0,0.0,19.51,29.03,4.87,18.52,0.091,0.167,0.182,0.349,0.091,694671
KC,Knuckle Curve,BR,29,1.75,7,7,2,28.57,0,0.0,9,0,0.0,0.0,10,34.48,34.48,26.67,1.26,28.57,0.286,0.286,0.571,0.857,0.285,694671
SV,Slurve,BR,15,0.91,1,1,0,0.0,0,0.0,4,2,50.0,13.33,3,20.0,33.33,27.27,0.72,0.0,0.0,0.0,0.0,0.0,0.0,694671
,,,9,0.54,2,0,0,0.0,2,100.0,0,0,,0.0,0,0.0,0.0,,0.18,0.0,,1.0,,,,694671
FA,Other,,5,0.3,1,1,0,0.0,0,0.0,2,1,50.0,20.0,1,20.0,40.0,0.0,0.0,,1.0,1.0,1.0,2.0,0.0,694671
CS,Slow Curve,BR,3,0.18,1,1,0,0.0,0,0.0,1,0,0.0,0.0,1,33.33,33.33,0.0,0.18,0.0,1.0,1.0,1.0,2.0,0.0,694671
EP,Eephus,,3,0.18,2,2,0,0.0,0,0.0,3,0,0.0,0.0,0,0.0,0.0,100.0,0.0,,0.5,0.5,2.0,2.5,1.5,694671
KN,Knuckleball,,1,0.06,0,0,0,,0,,0,0,,0.0,0,0.0,0.0,0.0,0.0,,,,,,,694671
FF,4-Seam Fastball,FB,47,37.9,14,12,8,57.14,1,7.14,32,19,59.38,40.43,2,4.26,44.68,29.41,42.5,47.06,0.083,0.154,0.333,0.487,0.25,694728
SI,Sinker,FB,26,20.97,7,6,1,14.29,0,0.0,11,3,27.27,11.54,4,15.38,26.92,10.0,15.0,16.67,0.167,0.286,0.167,0.4529999999999999,0.0,694728
ST,Sweeper,BR,20,16.13,7,7,1,14.29,0,0.0,14,6,42.86,30.0,2,10.0,40.0,69.23,20.0,12.5,0.429,0.429,0.857,1.286,0.428,694728
SL,Slider,BR,18,14.52,4,3,1,25.0,0,0.0,6,2,33.33,11.11,5,27.78,38.89,22.22,10.0,25.0,0.333,0.333,1.333,1.666,1.0,694728
FC,Cutter,FB,4,3.23,1,1,0,0.0,0,0.0,1,0,0.0,0.0,2,50.0,50.0,0.0,0.0,,1.0,1.0,4.0,5.0,3.0,694728
KC,Knuckle Curve,BR,4,3.23,1,1,1,100.0,0,0.0,2,2,100.0,50.0,2,50.0,100.0,66.67,2.5,100.0,0.0,0.0,0.0,0.0,0.0,694728
CH,Changeup,OS,3,2.42,2,2,2,100.0,0,0.0,1,1,100.0,33.33,2,66.67,100.0,100.0,5.0,100.0,0.0,0.0,0.0,0.0,0.0,694728
CU,Curveball,BR,2,1.61,0,0,0,,0,,0,0,,0.0,0,0.0,0.0,0.0,5.0,0.0,,,,,,694728
FF,4-Seam Fastball,FB,223,39.26,41,32,9,21.95,9,21.95,114,17,14.91,7.62,32,14.35,21.97,20.19,41.38,9.52,0.25,0.415,0.281,0.696,0.031,695238
CH,Changeup,OS,82,14.44,24,24,2,8.33,0,0.0,43,10,23.26,12.2,8,9.76,21.95,28.57,13.79,7.14,0.208,0.208,0.25,0.4579999999999999,0.042,695238
SL,Slider,BR,56,9.86,16,15,3,18.75,1,6.25,30,10,33.33,17.86,6,10.71,28.57,32.26,11.33,13.04,0.267,0.312,0.267,0.579,0.0,695238
SI,Sinker,FB,54,9.51,12,11,2,16.67,1,8.33,27,6,22.22,11.11,12,22.22,33.33,28.0,5.42,18.18,0.364,0.417,0.455,0.872,0.091,695238
FC,Cutter,FB,43,7.57,6,4,1,16.67,2,33.33,13,3,23.08,6.98,9,20.93,27.91,12.0,4.93,10.0,0.0,0.333,0.0,0.333,0.0,695238
FS,Split-Finger,OS,36,6.34,10,9,3,30.0,1,10.0,20,7,35.0,19.44,1,2.78,22.22,37.5,8.37,17.65,0.0,0.1,0.0,0.1,0.0,695238
CU,Curveball,BR,31,5.46,10,8,2,20.0,1,10.0,12,2,16.67,6.45,6,19.35,25.81,18.75,5.91,16.67,0.625,0.7,1.0,1.7,0.375,695238
ST,Sweeper,BR,30,5.28,7,6,2,28.57,0,0.0,13,4,30.77,13.33,7,23.33,36.67,40.0,6.9,14.29,0.0,0.143,0.0,0.143,0.0,695238
KC,Knuckle Curve,BR,8,1.41,2,1,0,0.0,1,50.0,5,2,40.0,25.0,1,12.5,37.5,50.0,1.97,0.0,0.0,0.5,0.0,0.5,0.0,695238
EP,Eephus,,2,0.35,0,0,0,,0,,0,0,,0.0,0,0.0,0.0,0.0,0.0,,,,,,,695238
FA,Other,,2,0.35,1,1,0,0.0,0,0.0,2,0,0.0,0.0,0,0.0,0.0,100.0,0.0,,0.0,0.0,0.0,0.0,0.0,695238
SV,Slurve,BR,1,0.18,0,0,0,,0,,0,0,,0.0,1,100.0,100.0,,0.0,,,,,,,695238
ST,Sweeper,BR,4,80.0,1,1,1,100.0,0,0.0,4,2,50.0,50.0,0,0.0,50.0,100.0,100.0,50.0,0.0,0.0,0.0,0.0,0.0,695257
FF,4-Seam Fastball,FB,1,20.0,1,1,0,0.0,0,0.0,1,0,0.0,0.0,0,0.0,0.0,,0.0,,0.0,0.0,0.0,0.0,0.0,695257
FF,4-Seam Fastball,FB,338,36.98,74,63,22,29.73,9,12.16,161,43,26.71,12.72,62,18.34,31.07,20.28,35.48,20.0,0.19,0.301,0.254,0.5549999999999999,0.064,695336
SI,Sinker,FB,197,21.55,50,46,9,18.0,4,8.0,85,8,9.41,4.06,63,31.98,36.04,32.89,13.23,21.95,0.217,0.28,0.261,0.541,0.044,695336
SL,Slider,BR,143,15.65,43,41,12,27.91,2,4.65,78,31,39.74,21.68,17,11.89,33.57,43.37,18.39,21.05,0.39,0.419,0.488,0.907,0.0979999999999999,695336
ST,Sweeper,BR,103,11.27,31,30,13,41.94,0,0.0,55,20,36.36,19.42,11,10.68,30.1,46.27,15.16,27.66,0.267,0.258,0.467,0.7250000000000001,0.2,695336
FC,Cutter,FB,53,5.8,7,7,1,14.29,0,0.0,23,8,34.78,15.09,7,13.21,28.3,15.38,4.52,7.14,0.143,0.143,0.143,0.286,0.0,695336
CU,Curveball,BR,34,3.72,11,11,2,18.18,0,0.0,21,5,23.81,14.71,2,5.88,20.59,54.17,4.84,13.33,0.364,0.364,0.455,0.819,0.091,695336
CH,Changeup,OS,24,2.63,3,3,1,33.33,0,0.0,15,4,26.67,16.67,1,4.17,20.83,50.0,4.52,7.14,0.0,0.0,0.0,0.0,0.0,695336
FS,Split-Finger,OS,13,1.42,5,5,2,40.0,0,0.0,8,1,12.5,7.69,2,15.38,23.08,50.0,2.9,22.22,0.2,0.2,0.4,0.6000000000000001,0.2,695336
KC,Knuckle Curve,BR,4,0.44,1,1,0,0.0,0,0.0,2,1,50.0,25.0,0,0.0,25.0,0.0,0.32,0.0,1.0,1.0,1.0,2.0,0.0,695336
SV,Slurve,BR,2,0.22,0,0,0,,0,,0,0,,0.0,2,100.0,100.0,0.0,0.0,,,,,,,695336
,,,2,0.22,1,1,1,100.0,0,0.0,0,0,,0.0,0,0.0,0.0,,0.65,50.0,0.0,0.0,0.0,0.0,0.0,695336
EP,Eephus,,1,0.11,1,1,0,0.0,0,0.0,1,0,0.0,0.0,0,0.0,0.0,100.0,0.0,,0.0,0.0,0.0,0.0,0.0,695336
FF,4-Seam Fastball,FB,65,30.81,19,16,2,10.53,2,10.53,33,5,15.15,7.69,7,10.77,18.46,25.81,31.67,10.53,0.312,0.421,0.5,0.921,0.188,695391
SI,Sinker,FB,53,25.12,15,12,2,13.33,2,13.33,20,3,15.0,5.66,10,18.87,24.53,17.39,10.0,33.33,0.25,0.4,0.333,0.7330000000000001,0.083,695391
SL,Slider,BR,38,18.01,7,7,3,42.86,0,0.0,16,7,43.75,18.42,7,18.42,36.84,28.57,21.67,23.08,0.429,0.429,0.429,0.858,0.0,695391
ST,Sweeper,BR,19,9.0,6,5,2,33.33,0,0.0,8,2,25.0,10.53,2,10.53,21.05,25.0,16.67,20.0,0.0,0.0,0.0,0.0,0.0,695391
FC,Cutter,FB,8,3.79,0,0,0,,0,,5,3,60.0,37.5,2,25.0,62.5,75.0,0.0,,,,,,,695391
KC,Knuckle Curve,BR,8,3.79,2,2,2,100.0,0,0.0,2,2,100.0,25.0,2,25.0,50.0,0.0,8.33,40.0,0.0,0.0,0.0,0.0,0.0,695391
CH,Changeup,OS,6,2.84,1,1,0,0.0,0,0.0,3,0,0.0,0.0,1,16.67,16.67,0.0,5.0,0.0,1.0,1.0,1.0,2.0,0.0,695391
FS,Split-Finger,OS,5,2.37,2,2,1,50.0,0,0.0,3,1,33.33,20.0,0,0.0,20.0,33.33,5.0,33.33,0.5,0.5,0.5,1.0,0.0,695391
EP,Eephus,,5,2.37,1,1,0,0.0,0,0.0,1,0,0.0,0.0,1,20.0,20.0,0.0,0.0,,1.0,1.0,1.0,2.0,0.0,695391
CU,Curveball,BR,3,1.42,0,0,0,,0,,0,0,,0.0,0,0.0,0.0,0.0,1.67,0.0,,,,,,695391
SV,Slurve,BR,1,0.47,0,0,0,,0,,0,0,,0.0,0,0.0,0.0,0.0,0.0,,,,,,,695391
FF,4-Seam Fastball,FB,194,30.79,50,42,10,20.0,7,14.0,108,25,23.15,12.89,23,11.86,24.74,39.36,22.95,23.81,0.095,0.24,0.119,0.359,0.0239999999999999,695506
CH,Changeup,OS,93,14.76,25,23,5,20.0,2,8.0,43,9,20.93,9.68,7,7.53,17.2,31.75,16.94,16.13,0.217,0.28,0.391,0.671,0.174,695506
CU,Curveball,BR,73,11.59,14,14,4,28.57,0,0.0,39,15,38.46,20.55,9,12.33,32.88,44.44,16.39,13.33,0.214,0.214,0.357,0.571,0.143,695506
SL,Slider,BR,65,10.32,17,16,2,11.76,1,5.88,34,8,23.53,12.31,9,13.85,26.15,33.33,12.02,9.09,0.062,0.118,0.062,0.18,0.0,695506
FC,Cutter,FB,51,8.1,9,9,0,0.0,0,0.0,32,2,6.25,3.92,3,5.88,9.8,45.16,4.37,0.0,0.111,0.111,0.111,0.222,0.0,695506
ST,Sweeper,BR,46,7.3,9,9,2,22.22,0,0.0,19,4,21.05,8.7,7,15.22,23.91,24.0,4.92,22.22,0.111,0.111,0.111,0.222,0.0,695506
FS,Split-Finger,OS,38,6.03,13,12,6,46.15,0,0.0,19,9,47.37,23.68,5,13.16,36.84,50.0,8.2,40.0,0.083,0.154,0.167,0.321,0.084,695506
KC,Knuckle Curve,BR,30,4.76,12,12,5,41.67,0,0.0,18,8,44.44,26.67,5,16.67,43.33,46.15,7.1,38.46,0.167,0.167,0.667,0.8340000000000001,0.5,695506
SI,Sinker,FB,29,4.6,11,7,2,18.18,4,36.36,9,0,0.0,0.0,9,31.03,31.03,14.29,5.46,20.0,0.286,0.545,0.286,0.831,0.0,695506
FO,Forkball,OS,6,0.95,2,2,1,50.0,0,0.0,4,2,50.0,33.33,0,0.0,33.33,66.67,1.64,33.33,0.0,0.0,0.0,0.0,0.0,695506
EP,Eephus,,3,0.48,2,2,0,0.0,0,0.0,3,0,0.0,0.0,0,0.0,0.0,100.0,0.0,,1.0,1.0,2.5,3.5,1.5,695506
FA,Other,,2,0.32,1,1,0,0.0,0,0.0,2,1,50.0,50.0,0,0.0,50.0,,0.0,,0.0,0.0,0.0,0.0,0.0,695506
FF,4-Seam Fastball,FB,597,29.91,151,131,51,33.77,19,12.58,240,56,23.33,9.38,143,23.95,33.33,17.23,30.65,29.14,0.282,0.371,0.557,0.928,0.2750000000000001,695578
CH,Changeup,OS,281,14.08,59,52,17,28.81,5,8.47,130,43,33.08,15.3,22,7.83,23.13,23.17,15.06,19.77,0.192,0.259,0.346,0.605,0.1539999999999999,695578
CU,Curveball,BR,244,12.22,46,41,18,39.13,4,8.7,68,30,44.12,12.3,65,26.64,38.93,21.17,12.61,25.0,0.195,0.283,0.268,0.5509999999999999,0.073,695578
SL,Slider,BR,220,11.02,49,36,16,32.65,11,22.45,85,40,47.06,18.18,45,20.45,38.64,29.03,12.61,22.22,0.25,0.449,0.417,0.866,0.1669999999999999,695578
SI,Sinker,FB,183,9.17,53,43,10,18.87,10,18.87,70,16,22.86,8.74,48,26.23,34.97,12.33,6.48,27.03,0.326,0.453,0.674,1.127,0.348,695578
FC,Cutter,FB,135,6.76,33,28,6,18.18,5,15.15,53,8,15.09,5.93,28,20.74,26.67,18.64,3.85,27.27,0.321,0.424,0.679,1.103,0.358,695578
ST,Sweeper,BR,117,5.86,25,22,14,56.0,3,12.0,37,16,43.24,13.68,32,27.35,41.03,27.87,6.48,37.84,0.091,0.2,0.227,0.427,0.136,695578
FS,Split-Finger,OS,109,5.46,21,19,6,28.57,2,9.52,40,18,45.0,16.51,9,8.26,24.77,22.97,6.65,15.79,0.211,0.286,0.474,0.76,0.263,695578
KC,Knuckle Curve,BR,56,2.81,13,11,7,53.85,2,15.38,20,10,50.0,17.86,11,19.64,37.5,33.33,3.33,36.84,0.182,0.308,0.182,0.49,0.0,695578
,,,32,1.6,7,0,0,0.0,7,100.0,0,0,,0.0,0,0.0,0.0,,0.35,0.0,,1.0,,,,695578
FO,Forkball,OS,12,0.6,4,4,3,75.0,0,0.0,5,4,80.0,33.33,4,33.33,66.67,62.5,0.7,75.0,0.0,0.0,0.0,0.0,0.0,695578
SV,Slurve,BR,9,0.45,2,2,2,100.0,0,0.0,3,3,100.0,33.33,1,11.11,44.44,37.5,1.05,33.33,0.0,0.0,0.0,0.0,0.0,695578
CS,Slow Curve,BR,1,0.05,0,0,0,,0,,0,0,,0.0,0,0.0,0.0,0.0,0.18,0.0,,,,,,695578
FF,4-Seam Fastball,FB,73,31.2,16,12,6,37.5,4,25.0,37,14,37.84,19.18,12,16.44,35.62,23.53,30.38,25.0,0.333,0.5,0.917,1.417,0.5840000000000001,695600
CH,Changeup,OS,45,19.23,8,7,1,12.5,1,12.5,22,6,27.27,13.33,3,6.67,20.0,25.0,18.99,6.67,0.286,0.375,0.714,1.089,0.428,695600
SL,Slider,BR,25,10.68,10,10,2,20.0,0,0.0,15,2,13.33,8.0,5,20.0,28.0,58.33,10.13,25.0,0.5,0.5,0.9,1.4,0.4,695600
FS,Split-Finger,OS,23,9.83,5,5,1,20.0,0,0.0,9,2,22.22,8.7,3,13.04,21.74,20.0,10.13,12.5,0.4,0.4,0.4,0.8,0.0,695600
SI,Sinker,FB,16,6.84,3,3,0,0.0,0,0.0,9,1,11.11,6.25,1,6.25,12.5,20.0,8.86,0.0,0.333,0.333,0.333,0.666,0.0,695600
FC,Cutter,FB,14,5.98,5,4,1,20.0,1,20.0,7,3,42.86,21.43,2,14.29,35.71,28.57,6.33,20.0,0.25,0.4,0.25,0.65,0.0,695600
ST,Sweeper,BR,12,5.13,3,2,0,0.0,1,33.33,5,1,20.0,8.33,0,0.0,8.33,22.22,3.8,0.0,0.0,0.333,0.0,0.333,0.0,695600
CU,Curveball,BR,10,4.27,1,1,0,0.0,0,0.0,3,1,33.33,10.0,2,20.0,30.0,14.29,5.06,0.0,1.0,1.0,2.0,3.0,1.0,695600
KC,Knuckle Curve,BR,8,3.42,2,2,1,50.0,0,0.0,3,1,33.33,12.5,2,25.0,37.5,25.0,3.8,33.33,0.0,0.0,0.0,0.0,0.0,695600
FA,Other,,5,2.14,1,1,0,0.0,0,0.0,2,0,0.0,0.0,1,20.0,20.0,0.0,2.53,0.0,0.0,0.0,0.0,0.0,0.0,695600
EP,Eephus,,3,1.28,1,1,0,0.0,0,0.0,1,0,0.0,0.0,1,33.33,33.33,33.33,0.0,,0.0,0.0,0.0,0.0,0.0,695600
FF,4-Seam Fastball,FB,287,36.1,62,50,19,30.65,9,14.52,135,33,24.44,11.5,45,15.68,27.18,14.63,32.54,23.17,0.2,0.328,0.5,0.8280000000000001,0.3,695657
CH,Changeup,OS,114,14.34,37,35,15,40.54,2,5.41,63,23,36.51,20.18,15,13.16,33.33,44.44,17.46,34.09,0.2,0.243,0.514,0.757,0.314,695657
SL,Slider,BR,87,10.94,19,17,6,31.58,2,10.53,40,18,45.0,20.69,12,13.79,34.48,27.08,13.1,18.18,0.412,0.474,1.294,1.768,0.8820000000000001,695657
FC,Cutter,FB,84,10.57,21,20,3,14.29,1,4.76,50,13,26.0,15.48,4,4.76,20.24,33.33,7.54,15.79,0.25,0.286,0.7,0.986,0.4499999999999999,695657
SI,Sinker,FB,55,6.92,15,13,5,33.33,2,13.33,20,2,10.0,3.64,11,20.0,23.64,16.67,8.73,22.73,0.231,0.333,0.308,0.641,0.0769999999999999,695657
CU,Curveball,BR,53,6.67,15,14,6,40.0,1,6.67,24,10,41.67,18.87,9,16.98,35.85,33.33,6.35,37.5,0.286,0.333,0.429,0.762,0.143,695657
FS,Split-Finger,OS,46,5.79,16,15,5,31.25,1,6.25,27,11,40.74,23.91,4,8.7,32.61,42.31,5.16,38.46,0.2,0.25,0.4,0.65,0.2,695657
ST,Sweeper,BR,33,4.15,6,6,2,33.33,0,0.0,18,7,38.89,21.21,7,21.21,42.42,50.0,5.16,15.38,0.167,0.167,0.167,0.334,0.0,695657
KC,Knuckle Curve,BR,30,3.77,9,8,5,55.56,1,11.11,16,9,56.25,30.0,4,13.33,43.33,45.0,3.97,50.0,0.375,0.444,0.625,1.069,0.25,695657
,,,5,0.63,1,0,0,0.0,1,100.0,0,0,,0.0,0,0.0,0.0,,0.0,,,1.0,,,,695657
SC,Screwball,,1,0.13,0,0,0,,0,,0,0,,0.0,0,0.0,0.0,0.0,0.0,,,,,,,695657
SL,Slider,BR,5,38.46,2,2,0,0.0,0,0.0,3,1,33.33,20.0,0,0.0,20.0,0.0,50.0,0.0,0.5,0.5,0.5,1.0,0.0,695670
FF,4-Seam Fastball,FB,4,30.77,1,1,1,100.0,0,0.0,3,2,66.67,50.0,1,25.0,75.0,,50.0,100.0,0.0,0.0,0.0,0.0,0.0,695670
SI,Sinker,FB,4,30.77,1,0,0,0.0,0,0.0,0,0,,0.0,0,0.0,0.0,0.0,0.0,,,1.0,,,,695670
FF,4-Seam Fastball,FB,238,38.7,53,46,24,45.28,7,13.21,115,48,41.74,20.17,36,15.13,35.29,18.1,42.33,30.0,0.196,0.302,0.391,0.6930000000000001,0.195,695681
SI,Sinker,FB,114,18.54,29,22,3,10.34,5,17.24,51,8,15.69,7.02,22,19.3,26.32,18.0,12.17,13.04,0.227,0.393,0.409,0.802,0.1819999999999999,695681
SL,Slider,BR,104,16.91,24,21,8,33.33,2,8.33,48,16,33.33,15.38,17,16.35,31.73,28.3,19.05,22.22,0.095,0.167,0.095,0.262,0.0,695681
ST,Sweeper,BR,64,10.41,16,13,6,37.5,3,18.75,23,12,52.17,18.75,10,15.62,34.38,27.5,11.11,28.57,0.0,0.188,0.0,0.188,0.0,695681
FC,Cutter,FB,35,5.69,7,7,3,42.86,0,0.0,18,9,50.0,25.71,4,11.43,37.14,22.22,4.76,33.33,0.429,0.429,0.714,1.143,0.285,695681
CU,Curveball,BR,25,4.07,6,6,0,0.0,0,0.0,10,1,10.0,4.0,5,20.0,24.0,0.0,4.23,0.0,0.333,0.333,0.333,0.666,0.0,695681
CH,Changeup,OS,16,2.6,3,3,1,33.33,0,0.0,7,3,42.86,18.75,2,12.5,31.25,14.29,2.65,20.0,0.333,0.333,0.667,1.0,0.334,695681
KC,Knuckle Curve,BR,12,1.95,2,2,1,50.0,0,0.0,5,4,80.0,33.33,2,16.67,50.0,44.44,2.12,25.0,0.0,0.0,0.0,0.0,0.0,695681
FS,Split-Finger,OS,3,0.49,2,2,2,100.0,0,0.0,2,2,100.0,66.67,1,33.33,100.0,66.67,1.06,100.0,0.0,0.0,0.0,0.0,0.0,695681
SV,Slurve,BR,3,0.49,0,0,0,,0,,1,0,0.0,0.0,0,0.0,0.0,0.0,0.0,,,,,,,695681
CS,Slow Curve,BR,1,0.16,0,0,0,,0,,0,0,,0.0,0,0.0,0.0,0.0,0.53,0.0,,,,,,695681
FF,4-Seam Fastball,FB,366,35.71,84,73,3,3.57,8,9.52,209,28,13.4,7.65,37,10.11,17.76,15.75,36.62,2.88,0.274,0.349,0.562,0.911,0.288,695734
CH,Changeup,OS,143,13.95,45,44,8,17.78,0,0.0,75,12,16.0,8.39,9,6.29,14.69,32.22,19.01,14.81,0.273,0.267,0.341,0.6080000000000001,0.068,695734
SL,Slider,BR,114,11.12,33,30,9,27.27,3,9.09,50,14,28.0,12.28,20,17.54,29.82,31.75,12.32,25.71,0.333,0.394,0.567,0.961,0.2339999999999999,695734
SI,Sinker,FB,109,10.63,36,32,3,8.33,3,8.33,66,4,6.06,3.67,11,10.09,13.76,21.05,5.99,17.65,0.406,0.472,0.656,1.128,0.25,695734
FC,Cutter,FB,91,8.88,20,18,1,5.0,2,10.0,38,4,10.53,4.4,16,17.58,21.98,17.07,3.87,9.09,0.333,0.4,0.5,0.9,0.1669999999999999,695734
CU,Curveball,BR,68,6.63,17,17,4,23.53,0,0.0,27,6,22.22,8.82,10,14.71,23.53,27.27,7.04,20.0,0.471,0.471,0.765,1.236,0.294,695734
ST,Sweeper,BR,50,4.88,13,12,4,30.77,1,7.69,18,3,16.67,6.0,13,26.0,32.0,19.23,5.99,23.53,0.167,0.231,0.417,0.648,0.2499999999999999,695734
FS,Split-Finger,OS,48,4.68,16,16,4,25.0,0,0.0,26,8,30.77,16.67,6,12.5,29.17,46.43,3.52,40.0,0.312,0.312,0.562,0.8740000000000001,0.25,695734
KC,Knuckle Curve,BR,29,2.83,6,5,2,33.33,1,16.67,13,4,30.77,13.79,4,13.79,27.59,36.84,4.93,14.29,0.2,0.333,0.4,0.7330000000000001,0.2,695734
FO,Forkball,OS,4,0.39,2,2,1,50.0,0,0.0,4,2,50.0,50.0,0,0.0,50.0,100.0,0.7,50.0,0.5,0.5,0.5,1.0,0.0,695734
SV,Slurve,BR,2,0.2,1,0,0,0.0,0,0.0,1,0,0.0,0.0,1,50.0,50.0,,0.0,,,0.0,,,,695734
EP,Eephus,,1,0.1,1,1,0,0.0,0,0.0,1,0,0.0,0.0,0,0.0,0.0,,0.0,,0.0,0.0,0.0,0.0,0.0,695734
FF,4-Seam Fastball,FB,315,45.32,52,42,14,26.92,10,19.23,130,33,25.38,10.48,67,21.27,31.75,14.71,43.12,14.89,0.214,0.365,0.262,0.627,0.048,696030
CH,Changeup,OS,88,12.66,29,26,2,6.9,2,6.9,45,6,13.33,6.82,8,9.09,15.91,36.0,14.22,6.45,0.154,0.207,0.154,0.361,0.0,696030
SI,Sinker,FB,78,11.22,15,12,3,20.0,3,20.0,21,3,14.29,3.85,23,29.49,33.33,15.38,8.72,15.79,0.083,0.267,0.083,0.35,0.0,696030
SL,Slider,BR,58,8.35,16,14,1,6.25,1,6.25,36,4,11.11,6.9,7,12.07,18.97,50.0,11.47,4.0,0.214,0.312,0.286,0.598,0.0719999999999999,696030
FC,Cutter,FB,46,6.62,14,14,4,28.57,0,0.0,24,5,20.83,10.87,6,13.04,23.91,25.0,6.88,26.67,0.286,0.286,0.5,0.786,0.214,696030
CU,Curveball,BR,36,5.18,8,8,2,25.0,0,0.0,15,3,20.0,8.33,5,13.89,22.22,33.33,3.67,25.0,0.5,0.5,0.875,1.375,0.375,696030
FS,Split-Finger,OS,28,4.03,13,11,2,15.38,1,7.69,13,2,15.38,7.14,4,14.29,21.43,14.29,4.59,20.0,0.182,0.25,0.182,0.432,0.0,696030
ST,Sweeper,BR,25,3.6,7,7,1,14.29,0,0.0,13,3,23.08,12.0,7,28.0,40.0,50.0,4.59,10.0,0.286,0.286,0.286,0.572,0.0,696030
KC,Knuckle Curve,BR,7,1.01,4,3,2,50.0,0,0.0,3,0,0.0,0.0,4,57.14,57.14,50.0,1.83,50.0,0.333,0.25,0.333,0.583,0.0,696030
,,,5,0.72,2,0,0,0.0,2,100.0,0,0,,0.0,0,0.0,0.0,,0.46,0.0,,1.0,,,,696030
EP,Eephus,,4,0.58,1,1,0,0.0,0,0.0,1,0,0.0,0.0,1,25.0,25.0,0.0,0.0,,0.0,0.0,0.0,0.0,0.0,696030
FA,Other,,4,0.58,2,1,0,0.0,1,50.0,1,0,0.0,0.0,0,0.0,0.0,0.0,0.0,,0.0,0.5,0.0,0.5,0.0,696030
CS,Slow Curve,BR,1,0.14,1,1,0,0.0,0,0.0,1,0,0.0,0.0,0,0.0,0.0,100.0,0.46,0.0,1.0,1.0,1.0,2.0,0.0,696030
FF,4-Seam Fastball,FB,418,26.14,106,98,33,31.13,8,7.55,236,65,27.54,15.55,52,12.44,27.99,35.26,28.87,23.91,0.224,0.283,0.469,0.752,0.2449999999999999,696100
SL,Slider,BR,332,20.76,98,93,31,31.63,5,5.1,198,79,39.9,23.8,18,5.42,29.22,39.67,24.48,26.5,0.269,0.306,0.484,0.79,0.2149999999999999,696100
SI,Sinker,FB,261,16.32,70,65,6,8.57,2,2.86,131,19,14.5,7.28,59,22.61,29.89,40.87,6.69,18.75,0.308,0.343,0.492,0.835,0.184,696100
ST,Sweeper,BR,207,12.95,61,59,15,24.59,2,3.28,127,50,39.37,24.15,16,7.73,31.88,47.2,14.23,22.06,0.254,0.279,0.559,0.8380000000000001,0.305,696100
FC,Cutter,FB,116,7.25,34,31,5,14.71,2,5.88,60,13,21.67,11.21,12,10.34,21.55,27.12,3.77,22.22,0.355,0.382,0.581,0.963,0.2259999999999999,696100
CU,Curveball,BR,86,5.38,22,21,10,45.45,1,4.55,43,21,48.84,24.42,10,11.63,36.05,37.25,7.11,29.41,0.286,0.318,0.524,0.8420000000000001,0.238,696100
CH,Changeup,OS,71,4.44,20,19,5,25.0,1,5.0,41,10,24.39,14.08,6,8.45,22.54,41.46,6.49,16.13,0.368,0.4,0.474,0.874,0.1059999999999999,696100
FS,Split-Finger,OS,39,2.44,13,12,7,53.85,0,0.0,21,11,52.38,28.21,2,5.13,33.33,40.74,3.14,46.67,0.25,0.308,0.417,0.725,0.1669999999999999,696100
KC,Knuckle Curve,BR,36,2.25,6,6,3,50.0,0,0.0,12,4,33.33,11.11,7,19.44,30.56,19.05,2.3,27.27,0.333,0.333,0.5,0.833,0.1669999999999999,696100
SV,Slurve,BR,21,1.31,6,5,3,50.0,1,16.67,12,8,66.67,38.1,1,4.76,42.86,38.46,1.46,42.86,0.4,0.5,1.4,1.9,1.0,696100
FO,Forkball,OS,11,0.69,2,2,0,0.0,0,0.0,7,2,28.57,18.18,0,0.0,18.18,55.56,1.46,0.0,0.5,0.5,0.5,1.0,0.0,696100
EP,Eephus,,1,0.06,1,1,0,0.0,0,0.0,1,0,0.0,0.0,0,0.0,0.0,,0.0,,0.0,0.0,0.0,0.0,0.0,696100
FF,4-Seam Fastball,FB,305,31.64,75,64,17,22.67,7,9.33,135,21,15.56,6.89,75,24.59,31.48,27.56,31.93,18.68,0.172,0.254,0.203,0.457,0.031,696285
SI,Sinker,FB,198,20.54,70,63,5,7.14,4,5.71,92,4,4.35,2.02,50,25.25,27.27,26.39,12.63,13.89,0.365,0.403,0.476,0.879,0.1109999999999999,696285
SL,Slider,BR,154,15.98,40,38,9,22.5,1,2.5,67,17,25.37,11.04,31,20.13,31.17,29.27,18.6,16.98,0.237,0.275,0.237,0.512,0.0,696285
ST,Sweeper,BR,142,14.73,29,26,7,24.14,1,3.45,59,15,25.42,10.56,24,16.9,27.46,20.0,18.25,13.46,0.192,0.214,0.385,0.599,0.193,696285
FC,Cutter,FB,51,5.29,16,15,2,12.5,1,6.25,24,4,16.67,7.84,13,25.49,33.33,11.11,3.16,22.22,0.267,0.312,0.267,0.579,0.0,696285
CH,Changeup,OS,38,3.94,15,15,2,13.33,0,0.0,22,4,18.18,10.53,2,5.26,15.79,26.32,5.96,11.76,0.133,0.133,0.133,0.266,0.0,696285
CU,Curveball,BR,33,3.42,7,6,1,14.29,0,0.0,10,3,30.0,9.09,8,24.24,33.33,23.53,3.51,10.0,0.0,0.143,0.0,0.143,0.0,696285
FS,Split-Finger,OS,18,1.87,6,5,3,50.0,1,16.67,10,4,40.0,22.22,0,0.0,22.22,41.67,3.86,27.27,0.2,0.333,0.2,0.533,0.0,696285
KC,Knuckle Curve,BR,11,1.14,1,1,0,0.0,0,0.0,4,0,0.0,0.0,3,27.27,27.27,33.33,1.75,0.0,0.0,0.0,0.0,0.0,0.0,696285
EP,Eephus,,6,0.62,1,1,0,0.0,0,0.0,1,0,0.0,0.0,3,50.0,50.0,25.0,0.35,0.0,0.0,0.0,0.0,0.0,0.0,696285
CS,Slow Curve,BR,4,0.41,1,0,0,0.0,1,100.0,0,0,,0.0,0,0.0,0.0,0.0,0.0,,,1.0,,,,696285
SV,Slurve,BR,2,0.21,0,0,0,,0,,1,0,0.0,0.0,0,0.0,0.0,0.0,0.0,,,,,,,696285
FO,Forkball,OS,1,0.1,1,1,0,0.0,0,0.0,1,0,0.0,0.0,0,0.0,0.0,,0.0,,0.0,0.0,0.0,0.0,0.0,696285
,,,1,0.1,0,0,0,,0,,0,0,,0.0,0,0.0,0.0,,0.0,,,,,,,696285
FF,4-Seam Fastball,FB,49,29.17,14,14,5,35.71,0,0.0,31,5,16.13,10.2,7,14.29,24.49,36.84,34.78,20.83,0.143,0.143,0.143,0.286,0.0,699625
SI,Sinker,FB,38,22.62,7,6,3,42.86,0,0.0,16,2,12.5,5.26,6,15.79,21.05,15.79,27.54,15.79,0.167,0.286,0.167,0.4529999999999999,0.0,699625
SL,Slider,BR,21,12.5,5,5,2,40.0,0,0.0,13,5,38.46,23.81,2,9.52,33.33,33.33,10.14,28.57,0.0,0.0,0.0,0.0,0.0,699625
CH,Changeup,OS,17,10.12,5,5,1,20.0,0,0.0,10,2,20.0,11.76,1,5.88,17.65,45.45,8.7,16.67,0.2,0.2,0.6,0.8,0.3999999999999999,699625
ST,Sweeper,BR,15,8.93,2,2,1,50.0,0,0.0,4,2,50.0,13.33,6,40.0,53.33,14.29,8.7,16.67,0.0,0.0,0.0,0.0,0.0,699625
FS,Split-Finger,OS,10,5.95,3,3,2,66.67,0,0.0,6,4,66.67,40.0,0,0.0,40.0,33.33,5.8,50.0,0.0,0.0,0.0,0.0,0.0,699625
FC,Cutter,FB,9,5.36,1,1,0,0.0,0,0.0,3,0,0.0,0.0,3,33.33,33.33,0.0,1.45,0.0,0.0,0.0,0.0,0.0,0.0,699625
CU,Curveball,BR,9,5.36,1,1,1,100.0,0,0.0,3,2,66.67,22.22,3,33.33,55.56,33.33,2.9,50.0,0.0,0.0,0.0,0.0,0.0,699625
FF,4-Seam Fastball,FB,377,36.57,92,73,21,22.83,18,19.57,188,53,28.19,14.06,53,14.06,28.12,13.79,32.73,19.27,0.192,0.348,0.274,0.622,0.082,700242
CH,Changeup,OS,161,15.62,50,47,8,16.0,2,4.0,91,29,31.87,18.01,10,6.21,24.22,37.5,17.12,14.04,0.213,0.24,0.255,0.495,0.042,700242
CU,Curveball,BR,109,10.57,24,24,7,29.17,0,0.0,41,8,19.51,7.34,23,21.1,28.44,29.63,12.31,17.07,0.083,0.083,0.083,0.166,0.0,700242
FC,Cutter,FB,98,9.51,26,24,9,34.62,2,7.69,55,14,25.45,14.29,12,12.24,26.53,36.36,7.21,37.5,0.25,0.308,0.25,0.558,0.0,700242
SI,Sinker,FB,88,8.54,24,22,5,20.83,2,8.33,40,6,15.0,6.82,20,22.73,29.55,16.13,7.51,20.0,0.227,0.292,0.273,0.565,0.046,700242
SL,Slider,BR,71,6.89,27,27,14,51.85,0,0.0,44,17,38.64,23.94,8,11.27,35.21,51.28,8.41,50.0,0.148,0.148,0.556,0.7040000000000001,0.408,700242
ST,Sweeper,BR,55,5.33,16,16,5,31.25,0,0.0,27,5,18.52,9.09,10,18.18,27.27,25.0,6.01,25.0,0.188,0.188,0.562,0.75,0.374,700242
FS,Split-Finger,OS,42,4.07,10,10,3,30.0,0,0.0,22,9,40.91,21.43,2,4.76,26.19,41.38,4.5,20.0,0.2,0.2,0.2,0.4,0.0,700242
KC,Knuckle Curve,BR,18,1.75,6,6,5,83.33,0,0.0,8,7,87.5,38.89,5,27.78,66.67,44.44,2.7,55.56,0.167,0.167,0.167,0.334,0.0,700242
SV,Slurve,BR,9,0.87,1,1,1,100.0,0,0.0,3,1,33.33,11.11,0,0.0,11.11,25.0,1.2,25.0,0.0,0.0,0.0,0.0,0.0,700242
FO,Forkball,OS,2,0.19,0,0,0,,0,,0,0,,0.0,0,0.0,0.0,0.0,0.3,0.0,,,,,,700242
CS,Slow Curve,BR,1,0.1,1,1,0,0.0,0,0.0,1,0,0.0,0.0,0,0.0,0.0,,0.0,,0.0,0.0,0.0,0.0,0.0,700242
FF,4-Seam Fastball,FB,70,26.12,19,17,8,42.11,2,10.53,27,5,18.52,7.14,22,31.43,38.57,14.81,23.33,38.1,0.235,0.316,0.471,0.7869999999999999,0.236,700246
SL,Slider,BR,65,24.25,14,14,6,42.86,0,0.0,31,14,45.16,21.54,10,15.38,36.92,25.71,24.44,27.27,0.214,0.214,0.5,0.714,0.286,700246
SI,Sinker,FB,53,19.78,18,18,3,16.67,0,0.0,31,4,12.9,7.55,8,15.09,22.64,36.84,16.67,20.0,0.222,0.222,0.278,0.5,0.056,700246
ST,Sweeper,BR,40,14.93,8,7,6,75.0,0,0.0,21,14,66.67,35.0,3,7.5,42.5,32.0,17.78,37.5,0.0,0.0,0.0,0.0,0.0,700246
FC,Cutter,FB,13,4.85,3,3,2,66.67,0,0.0,5,4,80.0,30.77,2,15.38,46.15,44.44,3.33,66.67,0.0,0.0,0.0,0.0,0.0,700246
KC,Knuckle Curve,BR,7,2.61,2,2,1,50.0,0,0.0,3,1,33.33,14.29,2,28.57,42.86,0.0,3.33,33.33,0.0,0.0,0.0,0.0,0.0,700246
CU,Curveball,BR,6,2.24,1,1,0,0.0,0,0.0,2,1,50.0,16.67,2,33.33,50.0,33.33,1.11,0.0,0.0,0.0,0.0,0.0,0.0,700246
FS,Split-Finger,OS,6,2.24,2,2,2,100.0,0,0.0,3,3,100.0,50.0,1,16.67,66.67,50.0,4.44,50.0,0.0,0.0,0.0,0.0,0.0,700246
FA,Other,,6,2.24,1,1,0,0.0,0,0.0,4,0,0.0,0.0,0,0.0,0.0,50.0,4.44,0.0,0.0,0.0,0.0,0.0,0.0,700246
CH,Changeup,OS,1,0.37,0,0,0,,0,,0,0,,0.0,1,100.0,100.0,,0.0,,,,,,,700246
,,,1,0.37,1,1,1,100.0,0,0.0,0,0,,0.0,0,0.0,0.0,,1.11,100.0,0.0,0.0,0.0,0.0,0.0,700246
FF,4-Seam Fastball,FB,461,29.49,138,124,23,16.67,14,10.14,217,24,11.06,5.21,96,20.82,26.03,14.2,28.47,19.66,0.258,0.333,0.468,0.801,0.21,700250
CH,Changeup,OS,246,15.74,60,55,4,6.67,3,5.0,107,19,17.76,7.72,26,10.57,18.29,24.5,16.79,5.8,0.182,0.237,0.273,0.51,0.091,700250
SL,Slider,BR,212,13.56,60,48,14,23.33,10,16.67,89,31,34.83,14.62,35,16.51,31.13,25.0,14.6,23.33,0.292,0.433,0.625,1.058,0.333,700250
SI,Sinker,FB,166,10.62,53,46,7,13.21,5,9.43,73,9,12.33,5.42,41,24.7,30.12,15.62,9.0,18.92,0.413,0.491,0.696,1.1869999999999998,0.283,700250
FC,Cutter,FB,120,7.68,28,27,4,14.29,1,3.57,56,8,14.29,6.67,23,19.17,25.83,14.81,6.08,16.0,0.296,0.321,0.741,1.062,0.445,700250
CU,Curveball,BR,118,7.55,20,19,4,20.0,1,5.0,42,14,33.33,11.86,17,14.41,26.27,16.67,8.27,11.76,0.263,0.3,0.632,0.932,0.369,700250
FS,Split-Finger,OS,99,6.33,25,22,1,4.0,3,12.0,43,9,20.93,9.09,9,9.09,18.18,26.87,6.57,3.7,0.318,0.4,0.591,0.991,0.2729999999999999,700250
ST,Sweeper,BR,94,6.01,17,11,3,17.65,3,17.65,32,10,31.25,10.64,22,23.4,34.04,16.98,5.84,12.5,0.091,0.412,0.091,0.503,0.0,700250
KC,Knuckle Curve,BR,34,2.18,10,9,7,70.0,0,0.0,11,5,45.45,14.71,10,29.41,44.12,25.0,3.65,46.67,0.111,0.2,0.111,0.311,0.0,700250
SV,Slurve,BR,11,0.7,0,0,0,,0,,5,1,20.0,9.09,1,9.09,18.18,28.57,0.73,0.0,,,,,,700250
CS,Slow Curve,BR,2,0.13,0,0,0,,0,,1,0,0.0,0.0,0,0.0,0.0,0.0,0.0,,,,,,,700250
FF,4-Seam Fastball,FB,504,46.97,113,96,24,21.24,15,13.27,230,61,26.52,12.1,76,15.08,27.18,13.45,43.79,17.02,0.25,0.363,0.354,0.717,0.1039999999999999,700337
SI,Sinker,FB,134,12.49,31,27,5,16.13,4,12.9,57,8,14.04,5.97,30,22.39,28.36,20.37,10.87,14.29,0.185,0.29,0.259,0.5489999999999999,0.074,700337
CH,Changeup,OS,113,10.53,38,33,5,13.16,4,10.53,55,7,12.73,6.19,14,12.39,18.58,18.37,10.87,14.29,0.242,0.316,0.242,0.558,0.0,700337
SL,Slider,BR,105,9.79,30,29,5,16.67,1,3.33,56,10,17.86,9.52,17,16.19,25.71,24.44,13.66,11.36,0.138,0.167,0.138,0.305,0.0,700337
FC,Cutter,FB,78,7.27,19,17,4,21.05,1,5.26,38,13,34.21,16.67,16,20.51,37.18,12.9,4.97,25.0,0.118,0.158,0.118,0.276,0.0,700337
CU,Curveball,BR,63,5.87,14,13,3,21.43,0,0.0,28,7,25.0,11.11,6,9.52,20.63,25.64,7.14,13.04,0.308,0.357,0.615,0.972,0.307,700337
ST,Sweeper,BR,27,2.52,5,5,0,0.0,0,0.0,16,3,18.75,11.11,6,22.22,33.33,37.5,2.8,0.0,0.6,0.6,0.6,1.2,0.0,700337
KC,Knuckle Curve,BR,25,2.33,6,6,2,33.33,0,0.0,12,4,33.33,16.0,3,12.0,28.0,40.0,1.86,33.33,0.167,0.167,0.167,0.334,0.0,700337
FS,Split-Finger,OS,22,2.05,10,10,0,0.0,0,0.0,12,1,8.33,4.55,1,4.55,9.09,33.33,4.04,0.0,0.1,0.1,0.4,0.5,0.3,700337
SV,Slurve,BR,2,0.19,0,0,0,,0,,1,1,100.0,50.0,1,50.0,100.0,,0.0,,,,,,,700337
FF,4-Seam Fastball,FB,590,34.97,156,137,40,25.64,16,10.26,311,79,25.4,13.39,89,15.08,28.47,24.9,38.51,19.9,0.255,0.333,0.46,0.793,0.205,700932
CH,Changeup,OS,290,17.19,85,81,18,21.18,4,4.71,168,51,30.36,17.59,20,6.9,24.48,36.08,17.88,19.78,0.222,0.259,0.42,0.679,0.1979999999999999,700932
CU,Curveball,BR,166,9.84,27,25,9,33.33,1,3.7,48,9,18.75,5.42,52,31.33,36.75,18.75,10.02,15.69,0.32,0.37,0.4,0.77,0.08,700932
SI,Sinker,FB,142,8.42,48,40,11,22.92,7,14.58,68,14,20.59,9.86,22,15.49,25.35,22.95,5.3,40.74,0.15,0.292,0.35,0.6419999999999999,0.1999999999999999,700932
SL,Slider,BR,139,8.24,33,29,8,24.24,2,6.06,63,22,34.92,15.83,29,20.86,36.69,29.23,6.48,24.24,0.379,0.424,0.931,1.355,0.552,700932
FC,Cutter,FB,110,6.52,34,26,5,14.71,5,14.71,55,10,18.18,9.09,18,16.36,25.45,25.0,4.72,20.83,0.115,0.294,0.231,0.525,0.116,700932
ST,Sweeper,BR,93,5.51,13,11,6,46.15,1,7.69,30,11,36.67,11.83,24,25.81,37.63,20.41,5.5,21.43,0.182,0.308,0.545,0.853,0.363,700932
FS,Split-Finger,OS,86,5.1,28,28,10,35.71,0,0.0,54,18,33.33,20.93,5,5.81,26.74,38.1,7.07,27.78,0.321,0.321,0.571,0.8919999999999999,0.2499999999999999,700932
KC,Knuckle Curve,BR,63,3.73,10,7,3,30.0,3,30.0,14,5,35.71,7.94,17,26.98,34.92,15.15,4.32,13.64,0.286,0.5,0.286,0.786,0.0,700932
,,,7,0.41,2,0,0,0.0,2,100.0,0,0,,0.0,0,0.0,0.0,,0.2,0.0,,1.0,,,,700932
PO,Pitch Out,,1,0.06,0,0,0,,0,,0,0,,0.0,0,0.0,0.0,0.0,0.0,,,,,,,700932
FF,4-Seam Fastball,FB,131,30.18,25,21,11,44.0,4,16.0,59,17,28.81,12.98,29,22.14,35.11,15.38,32.89,22.0,0.143,0.28,0.19,0.47,0.047,701305
SL,Slider,BR,98,22.58,19,18,9,47.37,1,5.26,36,18,50.0,18.37,18,18.37,36.73,25.4,19.08,31.03,0.111,0.158,0.111,0.269,0.0,701305
SI,Sinker,FB,71,16.36,22,21,2,9.09,1,4.55,37,2,5.41,2.82,15,21.13,23.94,17.39,9.87,13.33,0.429,0.455,0.524,0.979,0.095,701305
CU,Curveball,BR,34,7.83,7,7,2,28.57,0,0.0,15,5,33.33,14.71,3,8.82,23.53,23.81,11.18,11.76,0.143,0.143,0.286,0.4289999999999999,0.143,701305
CH,Changeup,OS,32,7.37,10,8,3,30.0,2,20.0,15,7,46.67,21.88,3,9.38,31.25,18.75,10.53,18.75,0.25,0.4,0.625,1.025,0.375,701305
FC,Cutter,FB,25,5.76,3,3,1,33.33,0,0.0,10,5,50.0,20.0,5,20.0,40.0,7.69,1.97,33.33,0.667,0.667,1.667,2.334,1.0,701305
ST,Sweeper,BR,19,4.38,4,4,2,50.0,0,0.0,11,5,45.45,26.32,1,5.26,31.58,30.0,5.26,25.0,0.25,0.25,0.25,0.5,0.0,701305
FS,Split-Finger,OS,18,4.15,6,5,3,50.0,1,16.67,7,3,42.86,16.67,2,11.11,27.78,21.43,7.89,25.0,0.4,0.5,0.4,0.9,0.0,701305
KC,Knuckle Curve,BR,3,0.69,2,2,1,50.0,0,0.0,1,0,0.0,0.0,2,66.67,66.67,0.0,1.32,50.0,0.0,0.0,0.0,0.0,0.0,701305
CS,Slow Curve,BR,2,0.46,0,0,0,,0,,0,0,,0.0,2,100.0,100.0,,0.0,,,,,,,701305
SV,Slurve,BR,1,0.23,0,0,0,,0,,0,0,,0.0,1,100.0,100.0,,0.0,,,,,,,701305
FF,4-Seam Fastball,FB,271,31.48,62,48,10,16.13,11,17.74,102,19,18.63,7.01,56,20.66,27.68,10.57,26.16,16.13,0.333,0.468,0.604,1.072,0.2709999999999999,701350
CH,Changeup,OS,150,17.42,40,34,8,20.0,6,15.0,64,22,34.38,14.67,16,10.67,25.33,26.14,23.21,14.55,0.265,0.375,0.353,0.728,0.0879999999999999,701350
CU,Curveball,BR,90,10.45,16,16,7,43.75,0,0.0,35,16,45.71,17.78,20,22.22,40.0,20.41,10.55,28.0,0.125,0.125,0.125,0.25,0.0,701350
SL,Slider,BR,83,9.64,19,15,4,21.05,4,21.05,26,6,23.08,7.23,15,18.07,25.3,12.24,9.28,18.18,0.333,0.474,0.6,1.0739999999999998,0.2669999999999999,701350
SI,Sinker,FB,78,9.06,22,18,3,13.64,4,18.18,28,2,7.14,2.56,23,29.49,32.05,14.71,5.49,23.08,0.389,0.5,0.611,1.111,0.2219999999999999,701350
FC,Cutter,FB,59,6.85,13,9,3,23.08,4,30.77,20,2,10.0,3.39,12,20.34,23.73,10.0,5.49,23.08,0.444,0.615,0.778,1.393,0.334,701350
FS,Split-Finger,OS,52,6.04,16,14,5,31.25,2,12.5,24,12,50.0,23.08,8,15.38,38.46,36.36,8.86,23.81,0.357,0.438,0.5,0.938,0.143,701350
ST,Sweeper,BR,37,4.3,8,5,3,37.5,1,12.5,13,5,38.46,13.51,8,21.62,35.14,20.0,5.49,23.08,0.2,0.5,0.2,0.7,0.0,701350
KC,Knuckle Curve,BR,24,2.79,6,6,3,50.0,0,0.0,9,4,44.44,16.67,5,20.83,37.5,23.08,4.64,27.27,0.0,0.0,0.0,0.0,0.0,701350
SV,Slurve,BR,10,1.16,1,0,0,0.0,0,0.0,2,1,50.0,10.0,3,30.0,40.0,0.0,0.84,0.0,,1.0,,,,701350
EP,Eephus,,7,0.81,2,2,0,0.0,0,0.0,3,0,0.0,0.0,1,14.29,14.29,25.0,0.0,,0.5,0.5,1.0,1.5,0.5,701350
FF,4-Seam Fastball,FB,344,24.31,72,62,20,27.78,10,13.89,198,51,25.76,14.83,52,15.12,29.94,38.26,25.77,15.08,0.177,0.292,0.339,0.631,0.162,701358
SL,Slider,BR,299,21.13,72,69,26,36.11,3,4.17,133,51,38.35,17.06,51,17.06,34.11,31.17,21.47,24.76,0.159,0.194,0.217,0.411,0.0579999999999999,701358
SI,Sinker,FB,288,20.35,100,90,13,13.0,6,6.0,172,31,18.02,10.76,38,13.19,23.96,33.04,13.5,19.7,0.322,0.39,0.322,0.712,0.0,701358
ST,Sweeper,BR,170,12.01,37,36,14,37.84,1,2.7,71,25,35.21,14.71,29,17.06,31.76,26.32,16.36,17.5,0.222,0.243,0.472,0.715,0.2499999999999999,701358
FC,Cutter,FB,110,7.77,21,18,5,23.81,3,14.29,52,13,25.0,11.82,20,18.18,30.0,29.63,5.52,18.52,0.167,0.286,0.222,0.508,0.0549999999999999,701358
CU,Curveball,BR,73,5.16,19,19,5,26.32,0,0.0,25,4,16.0,5.48,22,30.14,35.62,26.32,5.11,20.0,0.211,0.211,0.316,0.527,0.105,701358
CH,Changeup,OS,62,4.38,14,13,6,42.86,1,7.14,25,10,40.0,16.13,8,12.9,29.03,23.08,5.93,20.69,0.308,0.357,0.692,1.049,0.3839999999999999,701358
FS,Split-Finger,OS,31,2.19,12,11,5,41.67,1,8.33,15,6,40.0,19.35,3,9.68,29.03,35.0,2.66,38.46,0.182,0.25,0.182,0.432,0.0,701358
KC,Knuckle Curve,BR,28,1.98,5,5,3,60.0,0,0.0,14,4,28.57,14.29,9,32.14,46.43,63.64,2.25,27.27,0.2,0.2,0.2,0.4,0.0,701358
SV,Slurve,BR,7,0.49,4,3,2,50.0,1,25.0,3,2,66.67,28.57,1,14.29,42.86,40.0,1.23,33.33,0.333,0.5,0.667,1.167,0.334,701358
CS,Slow Curve,BR,2,0.14,0,0,0,,0,,1,0,0.0,0.0,1,50.0,50.0,100.0,0.0,,,,,,,701358
,,,1,0.07,0,0,0,,0,,0,0,,0.0,0,0.0,0.0,,0.2,0.0,,,,,,701358
FF,4-Seam Fastball,FB,51,25.89,14,14,6,42.86,0,0.0,26,8,30.77,15.69,8,15.69,31.37,42.31,28.07,37.5,0.143,0.143,0.571,0.714,0.4279999999999999,701398
SI,Sinker,FB,41,20.81,5,5,0,0.0,0,0.0,21,2,9.52,4.88,10,24.39,29.27,29.41,7.02,0.0,0.6,0.6,1.8,2.4,1.2000000000000002,701398
ST,Sweeper,BR,35,17.77,11,10,0,0.0,1,9.09,22,4,18.18,11.43,2,5.71,17.14,31.25,21.05,0.0,0.3,0.364,0.4,0.764,0.1,701398
SL,Slider,BR,33,16.75,11,9,4,36.36,2,18.18,13,6,46.15,18.18,5,15.15,33.33,26.32,15.79,44.44,0.222,0.364,0.222,0.586,0.0,701398
CU,Curveball,BR,14,7.11,1,1,0,0.0,0,0.0,7,0,0.0,0.0,1,7.14,7.14,14.29,10.53,0.0,0.0,0.0,0.0,0.0,0.0,701398
FC,Cutter,FB,9,4.57,4,4,2,50.0,0,0.0,5,3,60.0,33.33,0,0.0,33.33,33.33,7.02,50.0,0.25,0.25,0.25,0.5,0.0,701398
KC,Knuckle Curve,BR,8,4.06,2,2,2,100.0,0,0.0,3,2,66.67,25.0,1,12.5,37.5,33.33,5.26,66.67,0.0,0.0,0.0,0.0,0.0,701398
CH,Changeup,OS,2,1.02,1,1,0,0.0,0,0.0,2,0,0.0,0.0,0,0.0,0.0,,1.75,0.0,0.0,0.0,0.0,0.0,0.0,701398
FS,Split-Finger,OS,2,1.02,1,1,0,0.0,0,0.0,2,0,0.0,0.0,0,0.0,0.0,100.0,1.75,0.0,1.0,1.0,1.0,2.0,0.0,701398
SV,Slurve,BR,2,1.02,1,1,0,0.0,0,0.0,1,0,0.0,0.0,0,0.0,0.0,0.0,1.75,0.0,0.0,0.0,0.0,0.0,0.0,701398
FF,4-Seam Fastball,FB,423,38.28,112,97,26,23.21,11,9.82,266,73,27.44,17.26,32,7.57,24.82,35.71,40.89,19.53,0.268,0.348,0.567,0.915,0.2989999999999999,701538
CH,Changeup,OS,174,15.75,56,50,5,8.93,5,8.93,102,26,25.49,14.94,5,2.87,17.82,38.74,14.06,11.36,0.2,0.273,0.32,0.593,0.12,701538
FC,Cutter,FB,124,11.22,32,31,6,18.75,1,3.12,84,20,23.81,16.13,7,5.65,21.77,40.74,7.67,25.0,0.387,0.406,0.742,1.148,0.355,701538
SL,Slider,BR,99,8.96,22,20,9,40.91,2,9.09,56,21,37.5,21.21,10,10.1,31.31,40.0,10.54,27.27,0.25,0.318,0.4,0.718,0.15,701538
CU,Curveball,BR,64,5.79,19,19,6,31.58,0,0.0,28,7,25.0,10.94,8,12.5,23.44,27.5,6.71,28.57,0.474,0.474,0.842,1.3159999999999998,0.368,701538
SI,Sinker,FB,63,5.7,28,26,7,25.0,1,3.57,37,6,16.22,9.52,8,12.7,22.22,24.0,4.79,46.67,0.231,0.25,0.423,0.673,0.1919999999999999,701538
FS,Split-Finger,OS,62,5.61,13,13,7,53.85,0,0.0,32,17,53.12,27.42,4,6.45,33.87,42.22,6.71,33.33,0.154,0.154,0.154,0.308,0.0,701538
ST,Sweeper,BR,53,4.8,19,15,4,21.05,3,15.79,30,7,23.33,13.21,8,15.09,28.3,36.0,4.47,28.57,0.267,0.421,0.267,0.688,0.0,701538
KC,Knuckle Curve,BR,29,2.62,8,8,3,37.5,0,0.0,16,8,50.0,27.59,2,6.9,34.48,45.0,3.51,27.27,0.625,0.625,1.0,1.625,0.375,701538
CS,Slow Curve,BR,5,0.45,3,3,0,0.0,0,0.0,4,0,0.0,0.0,0,0.0,0.0,66.67,0.0,,0.0,0.0,0.0,0.0,0.0,701538
SV,Slurve,BR,5,0.45,1,1,1,100.0,0,0.0,2,1,50.0,20.0,0,0.0,20.0,40.0,0.64,50.0,0.0,0.0,0.0,0.0,0.0,701538
,,,4,0.36,1,0,0,0.0,1,100.0,0,0,,0.0,0,0.0,0.0,,0.0,,,1.0,,,,701538
FF,4-Seam Fastball,FB,80,40.61,18,14,5,27.78,2,11.11,46,16,34.78,20.0,7,8.75,28.75,30.95,33.85,22.73,0.071,0.222,0.071,0.293,0.0,701675
SL,Slider,BR,23,11.68,9,7,0,0.0,1,11.11,12,1,8.33,4.35,2,8.7,13.04,28.57,10.77,0.0,0.143,0.333,0.571,0.904,0.4279999999999999,701675
SI,Sinker,FB,22,11.17,5,5,0,0.0,0,0.0,10,0,0.0,0.0,7,31.82,31.82,22.22,9.23,0.0,0.4,0.4,0.4,0.8,0.0,701675
ST,Sweeper,BR,19,9.64,3,2,2,66.67,0,0.0,8,4,50.0,21.05,4,21.05,42.11,33.33,10.77,28.57,0.0,0.333,0.0,0.333,0.0,701675
FS,Split-Finger,OS,17,8.63,4,4,4,100.0,0,0.0,10,7,70.0,41.18,0,0.0,41.18,46.15,15.38,40.0,0.0,0.0,0.0,0.0,0.0,701675
CH,Changeup,OS,15,7.61,6,6,0,0.0,0,0.0,7,0,0.0,0.0,1,6.67,6.67,30.0,9.23,0.0,0.0,0.0,0.0,0.0,0.0,701675
CU,Curveball,BR,15,7.61,4,4,3,75.0,0,0.0,5,3,60.0,20.0,5,33.33,53.33,45.45,9.23,50.0,0.0,0.0,0.0,0.0,0.0,701675
FC,Cutter,FB,6,3.05,2,2,0,0.0,0,0.0,5,0,0.0,0.0,0,0.0,0.0,0.0,1.54,0.0,0.5,0.5,0.5,1.0,0.0,701675
FF,4-Seam Fastball,FB,405,29.8,88,74,20,22.73,13,14.77,181,51,28.18,12.59,83,20.49,33.09,15.53,27.06,19.61,0.392,0.483,0.946,1.4289999999999998,0.5539999999999999,701762
CH,Changeup,OS,226,16.63,56,52,19,33.93,4,7.14,111,48,43.24,21.24,28,12.39,33.63,24.37,17.77,28.36,0.308,0.357,0.635,0.992,0.327,701762
SI,Sinker,FB,172,12.66,51,41,12,23.53,10,19.61,67,16,23.88,9.3,39,22.67,31.98,18.75,10.61,30.0,0.415,0.529,0.707,1.236,0.292,701762
SL,Slider,BR,129,9.49,30,27,10,33.33,3,10.0,50,20,40.0,15.5,16,12.4,27.91,18.42,9.55,27.78,0.37,0.433,0.704,1.137,0.3339999999999999,701762
FC,Cutter,FB,124,9.12,28,24,6,21.43,4,14.29,64,19,29.69,15.32,13,10.48,25.81,12.96,7.43,21.43,0.333,0.429,0.667,1.096,0.334,701762
CU,Curveball,BR,96,7.06,24,19,4,16.67,5,20.83,35,12,34.29,12.5,11,11.46,23.96,25.4,7.16,14.81,0.263,0.417,0.632,1.049,0.369,701762
FS,Split-Finger,OS,84,6.18,18,17,10,55.56,1,5.56,35,19,54.29,22.62,5,5.95,28.57,27.12,9.02,29.41,0.235,0.278,0.412,0.69,0.177,701762
ST,Sweeper,BR,59,4.34,17,12,7,41.18,4,23.53,15,5,33.33,8.47,11,18.64,27.12,13.89,5.31,35.0,0.25,0.471,0.5,0.971,0.25,701762
KC,Knuckle Curve,BR,38,2.8,14,11,7,50.0,3,21.43,17,10,58.82,26.32,5,13.16,39.47,31.82,5.04,36.84,0.182,0.357,0.545,0.902,0.363,701762
,,,9,0.66,3,0,0,0.0,3,100.0,0,0,,0.0,0,0.0,0.0,,0.0,,,1.0,,,,701762
SV,Slurve,BR,7,0.52,4,3,1,25.0,1,25.0,4,1,25.0,14.29,0,0.0,14.29,25.0,0.53,50.0,0.0,0.25,0.0,0.25,0.0,701762
EP,Eephus,,6,0.44,2,2,1,50.0,0,0.0,4,3,75.0,50.0,1,16.67,66.67,66.67,0.53,50.0,0.0,0.0,0.0,0.0,0.0,701762
FA,Other,,4,0.29,1,1,0,0.0,0,0.0,2,1,50.0,25.0,0,0.0,25.0,33.33,0.0,,1.0,1.0,4.0,5.0,3.0,701762
FF,4-Seam Fastball,FB,139,29.64,36,31,7,19.44,3,8.33,64,8,12.5,5.76,24,17.27,23.02,30.0,27.82,18.92,0.194,0.25,0.194,0.444,0.0,702176
CH,Changeup,OS,67,14.29,17,15,10,58.82,0,0.0,23,12,52.17,17.91,15,22.39,40.3,30.0,16.54,45.45,0.133,0.176,0.133,0.309,0.0,702176
SL,Slider,BR,58,12.37,19,15,5,26.32,2,10.53,33,10,30.3,17.24,8,13.79,31.03,37.04,12.78,29.41,0.267,0.421,0.4,0.821,0.133,702176
CU,Curveball,BR,44,9.38,11,11,4,36.36,0,0.0,19,6,31.58,13.64,8,18.18,31.82,37.5,15.79,19.05,0.273,0.273,0.818,1.091,0.5449999999999999,702176
FS,Split-Finger,OS,39,8.32,12,12,5,41.67,0,0.0,18,7,38.89,17.95,4,10.26,28.21,32.0,10.53,35.71,0.083,0.083,0.083,0.166,0.0,702176
FC,Cutter,FB,38,8.1,9,9,1,11.11,0,0.0,24,5,20.83,13.16,7,18.42,31.58,50.0,3.76,20.0,0.222,0.222,0.333,0.555,0.111,702176
SI,Sinker,FB,37,7.89,11,11,1,9.09,0,0.0,13,0,0.0,0.0,10,27.03,27.03,26.67,5.26,14.29,0.182,0.182,0.182,0.364,0.0,702176
ST,Sweeper,BR,23,4.9,4,4,0,0.0,0,0.0,12,1,8.33,4.35,4,17.39,21.74,36.36,3.76,0.0,0.0,0.0,0.0,0.0,0.0,702176
KC,Knuckle Curve,BR,17,3.62,5,4,1,20.0,0,0.0,9,3,33.33,17.65,1,5.88,23.53,30.0,3.76,20.0,0.25,0.4,0.25,0.65,0.0,702176
SV,Slurve,BR,3,0.64,1,1,0,0.0,0,0.0,1,0,0.0,0.0,2,66.67,66.67,,0.0,,1.0,1.0,2.0,3.0,1.0,702176
FA,Other,,2,0.43,1,1,0,0.0,0,0.0,1,0,0.0,0.0,0,0.0,0.0,0.0,0.0,,1.0,1.0,2.0,3.0,1.0,702176
EP,Eephus,,2,0.43,1,1,0,0.0,0,0.0,1,0,0.0,0.0,1,50.0,50.0,,0.0,,0.0,0.0,0.0,0.0,0.0,702176
FF,4-Seam Fastball,FB,341,44.99,83,73,13,15.66,9,10.84,173,43,24.86,12.61,56,16.42,29.03,19.86,39.35,15.29,0.192,0.28,0.247,0.527,0.0549999999999999,702284
CH,Changeup,OS,94,12.4,28,25,3,10.71,2,7.14,42,6,14.29,6.38,15,15.96,22.34,34.55,11.11,12.5,0.2,0.25,0.32,0.5700000000000001,0.12,702284
SI,Sinker,FB,72,9.5,21,19,5,23.81,2,9.52,36,4,11.11,5.56,17,23.61,29.17,25.0,9.26,25.0,0.158,0.238,0.158,0.396,0.0,702284
FC,Cutter,FB,70,9.23,18,14,5,27.78,2,11.11,30,9,30.0,12.86,13,18.57,31.43,21.21,7.87,29.41,0.071,0.235,0.071,0.306,0.0,702284
SL,Slider,BR,58,7.65,15,12,3,20.0,3,20.0,27,12,44.44,20.69,5,8.62,29.31,26.32,9.72,14.29,0.25,0.4,0.5,0.9,0.25,702284
CU,Curveball,BR,37,4.88,8,6,2,25.0,1,12.5,10,3,30.0,8.11,10,27.03,35.14,24.0,7.41,12.5,0.333,0.375,0.833,1.208,0.4999999999999999,702284
ST,Sweeper,BR,34,4.49,5,5,1,20.0,0,0.0,12,2,16.67,5.88,5,14.71,20.59,25.0,6.48,7.14,0.4,0.4,0.4,0.8,0.0,702284
FS,Split-Finger,OS,29,3.83,7,7,1,14.29,0,0.0,12,3,25.0,10.34,3,10.34,20.69,26.32,6.48,7.14,0.429,0.429,0.571,1.0,0.1419999999999999,702284
KC,Knuckle Curve,BR,14,1.85,3,2,0,0.0,1,33.33,3,1,33.33,7.14,4,28.57,35.71,22.22,1.85,0.0,0.5,0.667,1.0,1.667,0.5,702284
,,,4,0.53,1,0,0,0.0,1,100.0,0,0,,0.0,0,0.0,0.0,,0.0,,,1.0,,,,702284
SV,Slurve,BR,2,0.26,0,0,0,,0,,0,0,,0.0,1,50.0,50.0,0.0,0.0,,,,,,,702284
CS,Slow Curve,BR,1,0.13,0,0,0,,0,,1,0,0.0,0.0,0,0.0,0.0,,0.46,0.0,,,,,,702284
EP,Eephus,,1,0.13,1,1,0,0.0,0,0.0,1,0,0.0,0.0,0,0.0,0.0,100.0,0.0,,0.0,0.0,0.0,0.0,0.0,702284
FO,Forkball,OS,1,0.13,0,0,0,,0,,0,0,,0.0,0,0.0,0.0,0.0,0.0,,,,,,,702284
FF,4-Seam Fastball,FB,374,27.54,101,85,7,6.93,8,7.92,166,12,7.23,3.21,88,23.53,26.74,24.66,25.85,7.69,0.282,0.36,0.435,0.7949999999999999,0.153,702332
SI,Sinker,FB,313,23.05,100,83,6,6.0,4,4.0,139,10,7.19,3.19,69,22.04,25.24,24.81,12.78,13.33,0.265,0.384,0.398,0.782,0.133,702332
SL,Slider,BR,241,17.75,62,55,14,22.58,6,9.68,102,28,27.45,11.62,48,19.92,31.54,27.27,18.18,21.88,0.291,0.361,0.418,0.7789999999999999,0.127,702332
ST,Sweeper,BR,146,10.75,32,31,6,18.75,1,3.12,64,13,20.31,8.9,22,15.07,23.97,25.97,16.76,10.17,0.129,0.156,0.226,0.382,0.097,702332
FC,Cutter,FB,106,7.81,32,30,0,0.0,1,3.12,51,3,5.88,2.83,19,17.92,20.75,25.53,3.98,0.0,0.3,0.312,0.467,0.779,0.167,702332
CU,Curveball,BR,73,5.38,18,16,4,22.22,1,5.56,27,5,18.52,6.85,13,17.81,24.66,23.68,7.95,14.29,0.25,0.333,0.25,0.583,0.0,702332
FS,Split-Finger,OS,40,2.95,12,11,3,25.0,1,8.33,21,5,23.81,12.5,2,5.0,17.5,23.81,6.53,13.04,0.182,0.25,0.182,0.432,0.0,702332
CH,Changeup,OS,37,2.72,10,8,1,10.0,0,0.0,18,3,16.67,8.11,3,8.11,16.22,23.81,4.55,6.25,0.125,0.3,0.125,0.425,0.0,702332
KC,Knuckle Curve,BR,14,1.03,3,3,2,66.67,0,0.0,5,3,60.0,21.43,3,21.43,42.86,25.0,2.27,25.0,0.0,0.0,0.0,0.0,0.0,702332
FA,Other,,5,0.37,1,0,0,0.0,1,100.0,0,0,,0.0,0,0.0,0.0,0.0,0.0,,,1.0,,,,702332
EP,Eephus,,4,0.29,2,2,0,0.0,0,0.0,2,0,0.0,0.0,0,0.0,0.0,33.33,0.0,,0.5,0.5,2.0,2.5,1.5,702332
,,,2,0.15,0,0,0,,0,,0,0,,0.0,0,0.0,0.0,,0.28,0.0,,,,,,702332
FO,Forkball,OS,1,0.07,1,1,0,0.0,0,0.0,1,0,0.0,0.0,0,0.0,0.0,,0.28,0.0,0.0,0.0,0.0,0.0,0.0,702332
PO,Pitch Out,,1,0.07,0,0,0,,0,,0,0,,0.0,0,0.0,0.0,0.0,0.28,0.0,,,,,,702332
SV,Slurve,BR,1,0.07,0,0,0,,0,,1,0,0.0,0.0,0,0.0,0.0,100.0,0.28,0.0,,,,,,702332
FF,4-Seam Fastball,FB,5,38.46,1,1,0,0.0,0,0.0,3,1,33.33,20.0,0,0.0,20.0,66.67,0.0,,1.0,1.0,1.0,2.0,0.0,702358
SL,Slider,BR,5,38.46,1,1,1,100.0,0,0.0,1,1,100.0,20.0,1,20.0,40.0,0.0,100.0,50.0,0.0,0.0,0.0,0.0,0.0,702358
SI,Sinker,FB,2,15.38,1,1,0,0.0,0,0.0,1,0,0.0,0.0,0,0.0,0.0,0.0,0.0,,0.0,0.0,0.0,0.0,0.0,702358
FS,Split-Finger,OS,1,7.69,0,0,0,,0,,0,0,,0.0,0,0.0,0.0,,0.0,,,,,,,702358
FF,4-Seam Fastball,FB,646,36.41,146,126,33,22.6,20,13.7,286,60,20.98,9.29,118,18.27,27.55,14.18,33.8,19.64,0.222,0.329,0.317,0.646,0.095,702616
CH,Changeup,OS,295,16.63,85,80,19,22.35,4,4.71,143,38,26.57,12.88,28,9.49,22.37,27.75,18.31,20.88,0.262,0.298,0.362,0.6599999999999999,0.0999999999999999,702616
SI,Sinker,FB,190,10.71,59,50,11,18.64,9,15.25,84,18,21.43,9.47,42,22.11,31.58,18.42,8.45,26.19,0.32,0.424,0.4,0.8240000000000001,0.08,702616
SL,Slider,BR,164,9.24,52,48,8,15.38,3,5.77,99,26,26.26,15.85,16,9.76,25.61,24.19,10.87,14.81,0.312,0.365,0.771,1.136,0.459,702616
FC,Cutter,FB,140,7.89,32,29,6,18.75,3,9.38,67,21,31.34,15.0,12,8.57,23.57,16.42,5.63,21.43,0.172,0.25,0.276,0.526,0.104,702616
CU,Curveball,BR,117,6.6,36,35,9,25.0,1,2.78,54,14,25.93,11.97,19,16.24,28.21,32.84,8.45,21.43,0.314,0.333,0.486,0.819,0.172,702616
FS,Split-Finger,OS,98,5.52,29,29,5,17.24,0,0.0,51,15,29.41,15.31,8,8.16,23.47,30.36,5.43,18.52,0.241,0.241,0.276,0.517,0.035,702616
ST,Sweeper,BR,60,3.38,16,12,4,25.0,2,12.5,22,4,18.18,6.67,14,23.33,30.0,22.58,4.02,20.0,0.25,0.438,0.5,0.938,0.25,702616
KC,Knuckle Curve,BR,32,1.8,8,7,2,25.0,1,12.5,22,2,9.09,6.25,2,6.25,12.5,56.25,2.62,15.38,0.143,0.25,0.143,0.393,0.0,702616
,,,15,0.85,3,1,0,0.0,2,66.67,6,0,0.0,0.0,1,6.67,6.67,,1.41,0.0,0.0,0.667,0.0,0.667,0.0,702616
SV,Slurve,BR,12,0.68,1,1,0,0.0,0,0.0,4,1,25.0,8.33,3,25.0,33.33,0.0,1.01,0.0,0.0,0.0,0.0,0.0,0.0,702616
CS,Slow Curve,BR,2,0.11,1,0,0,0.0,0,0.0,1,0,0.0,0.0,0,0.0,0.0,0.0,0.0,,,0.0,,,,702616
EP,Eephus,,2,0.11,2,2,0,0.0,0,0.0,2,0,0.0,0.0,0,0.0,0.0,100.0,0.0,,1.0,1.0,1.5,2.5,0.5,702616
FA,Other,,1,0.06,1,1,0,0.0,0,0.0,1,0,0.0,0.0,0,0.0,0.0,,0.0,,0.0,0.0,0.0,0.0,0.0,702616
FF,4-Seam Fastball,FB,426,37.77,123,112,6,4.88,8,6.5,210,6,2.86,1.41,93,21.83,23.24,27.45,32.98,6.38,0.33,0.372,0.42,0.792,0.0899999999999999,802415
SI,Sinker,FB,187,16.58,50,49,3,6.0,1,2.0,88,5,5.68,2.67,43,22.99,25.67,18.46,11.23,9.38,0.265,0.28,0.327,0.607,0.062,802415
CH,Changeup,OS,131,11.61,42,41,3,7.14,0,0.0,72,13,18.06,9.92,13,9.92,19.85,37.5,15.79,6.67,0.22,0.22,0.22,0.44,0.0,802415
FC,Cutter,FB,92,8.16,29,27,2,6.9,2,6.9,47,5,10.64,5.43,14,15.22,20.65,27.5,6.32,11.11,0.37,0.414,0.519,0.933,0.149,802415
SL,Slider,BR,87,7.71,17,15,3,17.65,1,5.88,37,8,21.62,9.2,20,22.99,32.18,26.67,8.42,12.5,0.533,0.562,0.667,1.229,0.134,802415
CU,Curveball,BR,84,7.45,24,22,4,16.67,2,8.33,30,4,13.33,4.76,19,22.62,27.38,23.26,11.23,12.5,0.227,0.292,0.227,0.519,0.0,802415
FS,Split-Finger,OS,44,3.9,18,17,7,38.89,0,0.0,26,10,38.46,22.73,6,13.64,36.36,46.15,5.96,41.18,0.118,0.118,0.176,0.294,0.0579999999999999,802415
ST,Sweeper,BR,39,3.46,9,8,1,11.11,1,11.11,10,0,0.0,0.0,11,28.21,28.21,5.0,4.21,8.33,0.5,0.556,0.5,1.056,0.0,802415
KC,Knuckle Curve,BR,30,2.66,12,12,4,33.33,0,0.0,17,5,29.41,16.67,8,26.67,43.33,66.67,3.51,40.0,0.083,0.083,0.167,0.25,0.084,802415
EP,Eephus,,3,0.27,2,2,0,0.0,0,0.0,2,0,0.0,0.0,1,33.33,33.33,66.67,0.0,,0.5,0.5,0.5,1.0,0.0,802415
SV,Slurve,BR,2,0.18,0,0,0,,0,,0,0,,0.0,1,50.0,50.0,0.0,0.0,,,,,,,802415
,,,2,0.18,1,1,0,0.0,0,0.0,1,0,0.0,0.0,0,0.0,0.0,,0.0,,0.0,0.0,0.0,0.0,0.0,802415
CS,Slow Curve,BR,1,0.09,1,1,1,100.0,0,0.0,1,1,100.0,100.0,0,0.0,100.0,,0.35,100.0,0.0,0.0,0.0,0.0,0.0,802415
SL,Slider,BR,11,40.74,3,2,1,33.33,1,33.33,6,5,83.33,45.45,0,0.0,45.45,44.44,50.0,50.0,0.5,0.667,1.0,1.667,0.5,804668
ST,Sweeper,BR,9,33.33,2,2,1,50.0,0,0.0,3,2,66.67,22.22,2,22.22,44.44,28.57,50.0,50.0,0.0,0.0,0.0,0.0,0.0,804668
FF,4-Seam Fastball,FB,3,11.11,1,1,0,0.0,0,0.0,2,0,0.0,0.0,0,0.0,0.0,0.0,0.0,,0.0,0.0,0.0,0.0,0.0,804668
SI,Sinker,FB,2,7.41,1,1,0,0.0,0,0.0,1,0,0.0,0.0,1,50.0,50.0,,0.0,,1.0,1.0,1.0,2.0,0.0,804668
FC,Cutter,FB,1,3.7,1,1,0,0.0,0,0.0,1,0,0.0,0.0,0,0.0,0.0,,0.0,,0.0,0.0,0.0,0.0,0.0,804668
CU,Curveball,BR,1,3.7,0,0,0,,0,,0,0,,0.0,1,100.0,100.0,,0.0,,,,,,,804668
FF,4-Seam Fastball,FB,133,25.05,37,32,16,43.24,2,5.41,61,13,21.31,9.77,22,16.54,26.32,15.87,33.74,29.09,0.281,0.324,0.469,0.7929999999999999,0.1879999999999999,805249
SI,Sinker,FB,118,22.22,27,24,2,7.41,2,7.41,61,15,24.59,12.71,20,16.95,29.66,37.5,8.59,14.29,0.25,0.333,0.417,0.75,0.1669999999999999,805249
SL,Slider,BR,93,17.51,26,25,4,15.38,0,0.0,52,18,34.62,19.35,12,12.9,32.26,36.36,14.72,16.67,0.28,0.308,0.48,0.788,0.1999999999999999,805249
ST,Sweeper,BR,64,12.05,17,17,5,29.41,0,0.0,38,13,34.21,20.31,6,9.38,29.69,27.59,13.5,22.73,0.176,0.176,0.294,0.47,0.118,805249
CH,Changeup,OS,35,6.59,8,7,5,62.5,0,0.0,17,9,52.94,25.71,2,5.71,31.43,27.27,10.43,29.41,0.143,0.25,0.143,0.393,0.0,805249
FC,Cutter,FB,33,6.21,9,8,0,0.0,0,0.0,18,6,33.33,18.18,6,18.18,36.36,10.0,4.29,0.0,0.25,0.333,0.25,0.583,0.0,805249
KC,Knuckle Curve,BR,21,3.95,5,5,1,20.0,0,0.0,10,3,30.0,14.29,4,19.05,33.33,40.0,3.68,16.67,0.2,0.2,0.8,1.0,0.6000000000000001,805249
FS,Split-Finger,OS,17,3.2,7,6,5,71.43,1,14.29,11,7,63.64,41.18,0,0.0,41.18,53.85,7.36,41.67,0.0,0.143,0.0,0.143,0.0,805249
CU,Curveball,BR,12,2.26,7,7,3,42.86,0,0.0,7,2,28.57,16.67,2,16.67,33.33,40.0,3.07,60.0,0.143,0.143,0.143,0.286,0.0,805249
SV,Slurve,BR,4,0.75,1,1,0,0.0,0,0.0,3,1,33.33,25.0,0,0.0,25.0,75.0,0.61,0.0,1.0,1.0,1.0,2.0,0.0,805249
,,,1,0.19,0,0,0,,0,,0,0,,0.0,0,0.0,0.0,,0.0,,,,,,,805249
FF,4-Seam Fastball,FB,229,37.98,51,42,15,29.41,8,15.69,90,14,15.56,6.11,50,21.83,27.95,15.53,41.21,22.06,0.119,0.275,0.19,0.465,0.071,805300
CH,Changeup,OS,94,15.59,29,26,9,31.03,3,10.34,43,18,41.86,19.15,7,7.45,26.6,28.33,12.73,42.86,0.385,0.448,0.5,0.948,0.1149999999999999,805300
SL,Slider,BR,58,9.62,11,10,3,27.27,1,9.09,25,5,20.0,8.62,8,13.79,22.41,17.24,11.52,15.79,0.3,0.364,0.4,0.764,0.1,805300
SI,Sinker,FB,57,9.45,13,13,0,0.0,0,0.0,26,1,3.85,1.75,15,26.32,28.07,16.67,4.85,0.0,0.308,0.308,0.462,0.77,0.154,805300
FC,Cutter,FB,46,7.63,16,15,1,6.25,1,6.25,27,4,14.81,8.7,5,10.87,19.57,31.58,6.67,9.09,0.333,0.375,0.533,0.908,0.2,805300
CU,Curveball,BR,39,6.47,9,9,0,0.0,0,0.0,14,0,0.0,0.0,9,23.08,23.08,5.88,6.67,0.0,0.444,0.444,0.444,0.888,0.0,805300
FS,Split-Finger,OS,33,5.47,11,10,1,9.09,1,9.09,17,3,17.65,9.09,1,3.03,12.12,28.57,7.27,8.33,0.3,0.364,0.6,0.964,0.3,805300
ST,Sweeper,BR,24,3.98,5,4,0,0.0,0,0.0,7,0,0.0,0.0,6,25.0,25.0,0.0,4.24,0.0,0.5,0.6,2.0,2.6,1.5,805300
KC,Knuckle Curve,BR,12,1.99,6,6,1,16.67,0,0.0,6,1,16.67,8.33,0,0.0,8.33,16.67,2.42,25.0,0.167,0.167,0.333,0.5,0.166,805300
FA,Other,,6,1.0,1,0,0,0.0,1,100.0,1,1,100.0,16.67,1,16.67,33.33,0.0,1.21,0.0,,1.0,,,,805300
SV,Slurve,BR,3,0.5,0,0,0,,0,,0,0,,0.0,1,33.33,33.33,0.0,0.61,0.0,,,,,,805300
FO,Forkball,OS,2,0.33,1,0,0,0.0,1,100.0,0,0,,0.0,0,0.0,0.0,0.0,0.61,0.0,,1.0,,,,805300
FF,4-Seam Fastball,FB,434,31.16,106,92,8,7.55,13,12.26,160,10,6.25,2.3,137,31.57,33.87,26.8,24.94,8.08,0.272,0.368,0.304,0.6719999999999999,0.0319999999999999,805367
SI,Sinker,FB,341,24.48,81,73,9,11.11,3,3.7,122,15,12.3,4.4,107,31.38,35.78,23.84,17.88,12.68,0.26,0.325,0.37,0.6950000000000001,0.1099999999999999,805367
SL,Slider,BR,248,17.8,61,55,13,21.31,4,6.56,98,30,30.61,12.1,49,19.76,31.85,20.31,20.91,15.66,0.236,0.283,0.273,0.556,0.037,805367
FC,Cutter,FB,106,7.61,27,24,3,11.11,3,11.11,38,3,7.89,2.83,36,33.96,36.79,21.28,6.8,11.11,0.292,0.37,0.333,0.7030000000000001,0.041,805367
ST,Sweeper,BR,101,7.25,27,24,7,25.93,2,7.41,38,6,15.79,5.94,24,23.76,29.7,22.45,9.82,15.38,0.125,0.222,0.167,0.389,0.042,805367
CH,Changeup,OS,65,4.67,22,20,3,13.64,2,9.09,34,5,14.71,7.69,8,12.31,20.0,34.29,8.82,8.57,0.1,0.182,0.15,0.3319999999999999,0.0499999999999999,805367
CU,Curveball,BR,43,3.09,12,12,0,0.0,0,0.0,17,0,0.0,0.0,9,20.93,20.93,20.0,4.79,0.0,0.417,0.417,0.75,1.167,0.333,805367
FS,Split-Finger,OS,23,1.65,5,4,2,40.0,1,20.0,7,2,28.57,8.7,0,0.0,8.7,13.33,3.02,16.67,0.0,0.2,0.0,0.2,0.0,805367
SV,Slurve,BR,15,1.08,4,2,0,0.0,2,50.0,4,0,0.0,0.0,3,20.0,20.0,0.0,1.26,0.0,0.0,0.5,0.0,0.5,0.0,805367
KC,Knuckle Curve,BR,15,1.08,4,4,0,0.0,0,0.0,11,1,9.09,6.67,1,6.67,13.33,25.0,1.51,0.0,0.25,0.25,0.5,0.75,0.25,805367
CS,Slow Curve,BR,1,0.07,0,0,0,,0,,0,0,,0.0,0,0.0,0.0,0.0,0.0,,,,,,,805367
KN,Knuckleball,,1,0.07,0,0,0,,0,,0,0,,0.0,0,0.0,0.0,0.0,0.25,0.0,,,,,,805367
FF,4-Seam Fastball,FB,168,28.67,44,40,13,29.55,3,6.82,84,22,26.19,13.1,37,22.02,35.12,26.32,32.58,22.41,0.2,0.273,0.25,0.523,0.0499999999999999,805373
SI,Sinker,FB,144,24.57,40,36,5,12.5,2,5.0,51,5,9.8,3.47,50,34.72,38.19,14.29,14.61,19.23,0.389,0.45,0.528,0.978,0.139,805373
SL,Slider,BR,109,18.6,24,23,8,33.33,0,0.0,48,15,31.25,13.76,22,20.18,33.94,29.63,21.91,20.51,0.261,0.261,0.478,0.739,0.2169999999999999,805373
ST,Sweeper,BR,63,10.75,14,12,4,28.57,1,7.14,27,9,33.33,14.29,8,12.7,26.98,25.0,14.61,15.38,0.083,0.214,0.083,0.297,0.0,805373
FC,Cutter,FB,33,5.63,11,11,1,9.09,0,0.0,16,4,25.0,12.12,6,18.18,30.3,25.0,2.81,20.0,0.273,0.273,0.364,0.637,0.0909999999999999,805373
CU,Curveball,BR,24,4.1,8,7,1,12.5,1,12.5,9,1,11.11,4.17,6,25.0,29.17,27.27,5.06,11.11,0.286,0.375,0.286,0.661,0.0,805373
CH,Changeup,OS,21,3.58,6,6,2,33.33,0,0.0,12,4,33.33,19.05,3,14.29,33.33,40.0,3.37,33.33,0.333,0.333,0.333,0.666,0.0,805373
KC,Knuckle Curve,BR,10,1.71,4,3,1,25.0,0,0.0,3,1,33.33,10.0,1,10.0,20.0,16.67,1.12,50.0,0.0,0.0,0.0,0.0,0.0,805373
FA,Other,,9,1.54,2,2,0,0.0,0,0.0,6,1,16.67,11.11,1,11.11,22.22,50.0,2.25,0.0,0.0,0.0,0.0,0.0,0.0,805373
FS,Split-Finger,OS,4,0.68,1,1,0,0.0,0,0.0,1,0,0.0,0.0,0,0.0,0.0,0.0,1.12,0.0,1.0,1.0,4.0,5.0,3.0,805373
SV,Slurve,BR,1,0.17,0,0,0,,0,,0,0,,0.0,0,0.0,0.0,0.0,0.56,0.0,,,,,,805373
SI,Sinker,FB,443,33.54,144,136,6,4.17,4,2.78,211,7,3.32,1.58,107,24.15,25.73,33.7,24.0,9.09,0.287,0.322,0.36,0.6819999999999999,0.073,805779
FF,4-Seam Fastball,FB,294,22.26,82,72,10,12.2,8,9.76,151,20,13.25,6.8,56,19.05,25.85,35.42,24.0,15.15,0.306,0.39,0.472,0.862,0.1659999999999999,805779
SL,Slider,BR,213,16.12,64,62,3,4.69,2,3.12,95,14,14.74,6.57,38,17.84,24.41,26.79,16.0,6.82,0.387,0.406,0.629,1.035,0.242,805779
ST,Sweeper,BR,141,10.67,42,39,5,11.9,2,4.76,59,13,22.03,9.22,23,16.31,25.53,27.91,15.27,11.9,0.154,0.214,0.282,0.496,0.1279999999999999,805779
FC,Cutter,FB,85,6.43,30,27,2,6.67,3,10.0,46,5,10.87,5.88,9,10.59,16.47,23.81,4.36,16.67,0.333,0.4,0.407,0.8069999999999999,0.0739999999999999,805779
CH,Changeup,OS,56,4.24,19,17,2,10.53,2,10.53,33,5,15.15,8.93,3,5.36,14.29,47.22,5.09,14.29,0.412,0.474,0.471,0.945,0.059,805779
CU,Curveball,BR,30,2.27,2,2,0,0.0,0,0.0,8,0,0.0,0.0,8,26.67,26.67,11.76,2.55,0.0,0.5,0.5,0.5,1.0,0.0,805779
FS,Split-Finger,OS,30,2.27,13,12,2,15.38,0,0.0,20,4,20.0,13.33,1,3.33,16.67,50.0,5.45,13.33,0.333,0.308,0.333,0.641,0.0,805779
KC,Knuckle Curve,BR,11,0.83,5,5,1,20.0,0,0.0,6,1,16.67,9.09,2,18.18,27.27,40.0,1.45,25.0,0.4,0.4,1.0,1.4,0.6,805779
SV,Slurve,BR,9,0.68,2,2,0,0.0,0,0.0,3,0,0.0,0.0,1,11.11,11.11,28.57,1.82,0.0,0.0,0.0,0.0,0.0,0.0,805779
,,,4,0.3,1,0,0,0.0,1,100.0,0,0,,0.0,0,0.0,0.0,,0.0,,,1.0,,,,805779
CS,Slow Curve,BR,2,0.15,1,1,0,0.0,0,0.0,1,0,0.0,0.0,1,50.0,50.0,100.0,0.0,,0.0,0.0,0.0,0.0,0.0,805779
FA,Other,,2,0.15,1,1,0,0.0,0,0.0,1,0,0.0,0.0,0,0.0,0.0,0.0,0.0,,0.0,0.0,0.0,0.0,0.0,805779
KN,Knuckleball,,1,0.08,0,0,0,,0,,0,0,,0.0,0,0.0,0.0,0.0,0.0,,,,,,,805779
FF,4-Seam Fastball,FB,69,45.1,16,12,5,31.25,4,25.0,34,9,26.47,13.04,12,17.39,30.43,20.0,30.61,33.33,0.083,0.312,0.167,0.479,0.084,805811
CH,Changeup,OS,27,17.65,4,2,0,0.0,1,25.0,9,2,22.22,7.41,4,14.81,22.22,5.88,16.33,0.0,0.0,0.25,0.0,0.25,0.0,805811
CU,Curveball,BR,25,16.34,4,3,1,25.0,1,25.0,5,2,40.0,8.0,6,24.0,32.0,6.67,10.2,20.0,0.333,0.5,0.333,0.833,0.0,805811
KC,Knuckle Curve,BR,14,9.15,3,2,2,66.67,1,33.33,5,3,60.0,21.43,0,0.0,21.43,18.18,20.41,20.0,0.0,0.333,0.0,0.333,0.0,805811
FS,Split-Finger,OS,6,3.92,1,1,1,100.0,0,0.0,4,3,75.0,50.0,0,0.0,50.0,50.0,8.16,25.0,0.0,0.0,0.0,0.0,0.0,805811
ST,Sweeper,BR,4,2.61,2,2,2,100.0,0,0.0,0,0,,0.0,2,50.0,50.0,0.0,8.16,50.0,0.0,0.0,0.0,0.0,0.0,805811
SL,Slider,BR,4,2.61,3,2,2,66.67,0,0.0,2,2,100.0,50.0,0,0.0,50.0,33.33,6.12,66.67,0.0,0.333,0.0,0.333,0.0,805811
FC,Cutter,FB,2,1.31,1,1,0,0.0,0,0.0,1,0,0.0,0.0,0,0.0,0.0,,0.0,,0.0,0.0,0.0,0.0,0.0,805811
SI,Sinker,FB,2,1.31,1,1,0,0.0,0,0.0,1,0,0.0,0.0,1,50.0,50.0,,0.0,,1.0,1.0,2.0,3.0,1.0,805811
FF,4-Seam Fastball,FB,46,26.59,15,12,5,33.33,2,13.33,24,6,25.0,13.04,9,19.57,32.61,29.41,34.85,21.74,0.25,0.357,0.75,1.107,0.5,805904
CH,Changeup,OS,40,23.12,9,9,3,33.33,0,0.0,19,8,42.11,20.0,4,10.0,30.0,32.0,22.73,20.0,0.333,0.333,0.444,0.777,0.1109999999999999,805904
SL,Slider,BR,34,19.65,9,9,6,66.67,0,0.0,21,12,57.14,35.29,7,20.59,55.88,53.33,21.21,42.86,0.111,0.111,0.444,0.555,0.333,805904
SI,Sinker,FB,15,8.67,2,2,0,0.0,0,0.0,7,3,42.86,20.0,4,26.67,46.67,0.0,6.06,0.0,0.5,0.5,0.5,1.0,0.0,805904
CU,Curveball,BR,12,6.94,2,2,1,50.0,0,0.0,2,1,50.0,8.33,6,50.0,58.33,0.0,1.52,100.0,0.0,0.0,0.0,0.0,0.0,805904
FC,Cutter,FB,11,6.36,3,3,0,0.0,0,0.0,4,0,0.0,0.0,2,18.18,18.18,16.67,3.03,0.0,0.667,0.667,2.0,2.667,1.333,805904
FS,Split-Finger,OS,11,6.36,1,1,0,0.0,0,0.0,2,0,0.0,0.0,0,0.0,0.0,0.0,7.58,0.0,1.0,1.0,1.0,2.0,0.0,805904
ST,Sweeper,BR,4,2.31,1,1,1,100.0,0,0.0,2,2,100.0,50.0,1,25.0,75.0,66.67,3.03,50.0,0.0,0.0,0.0,0.0,0.0,805904
FF,4-Seam Fastball,FB,118,22.91,34,30,4,11.76,4,11.76,43,4,9.3,3.39,32,27.12,30.51,18.18,26.28,11.11,0.333,0.412,0.467,0.879,0.134,807712
SI,Sinker,FB,110,21.36,38,28,1,2.63,9,23.68,43,2,4.65,1.82,29,26.36,28.18,11.63,11.68,6.25,0.464,0.605,0.679,1.284,0.215,807712
SL,Slider,BR,79,15.34,18,17,1,5.56,1,5.56,34,8,23.53,10.13,13,16.46,26.58,16.22,12.41,5.88,0.353,0.389,0.412,0.8009999999999999,0.059,807712
FC,Cutter,FB,51,9.9,16,16,1,6.25,0,0.0,29,3,10.34,5.88,10,19.61,25.49,27.78,8.03,9.09,0.438,0.438,0.688,1.126,0.2499999999999999,807712
CH,Changeup,OS,47,9.13,15,15,3,20.0,0,0.0,27,9,33.33,19.15,4,8.51,27.66,27.27,12.41,17.65,0.467,0.467,0.667,1.134,0.2,807712
ST,Sweeper,BR,45,8.74,8,8,3,37.5,0,0.0,14,3,21.43,6.67,8,17.78,24.44,10.71,11.68,18.75,0.0,0.0,0.0,0.0,0.0,807712
CU,Curveball,BR,39,7.57,8,6,0,0.0,1,12.5,11,3,27.27,7.69,5,12.82,20.51,3.85,9.49,0.0,0.167,0.375,0.333,0.708,0.166,807712
FS,Split-Finger,OS,14,2.72,2,1,1,50.0,1,50.0,7,2,28.57,14.29,0,0.0,14.29,36.36,5.84,12.5,0.0,0.5,0.0,0.5,0.0,807712
KC,Knuckle Curve,BR,6,1.17,2,2,0,0.0,0,0.0,2,0,0.0,0.0,0,0.0,0.0,0.0,0.73,0.0,0.5,0.5,1.0,1.5,0.5,807712
SV,Slurve,BR,4,0.78,0,0,0,,0,,0,0,,0.0,1,25.0,25.0,0.0,0.73,0.0,,,,,,807712
CS,Slow Curve,BR,1,0.19,0,0,0,,0,,0,0,,0.0,1,100.0,100.0,0.0,0.0,,,,,,,807712
,,,1,0.19,0,0,0,,0,,0,0,,0.0,0,0.0,0.0,,0.73,0.0,,,,,,807712
FF,4-Seam Fastball,FB,326,25.49,81,72,21,25.93,7,8.64,166,40,24.1,12.27,48,14.72,26.99,29.14,28.5,18.75,0.167,0.247,0.319,0.5660000000000001,0.152,807713
SI,Sinker,FB,309,24.16,76,64,8,10.53,10,13.16,139,17,12.23,5.5,75,24.27,29.77,35.66,12.98,15.69,0.203,0.316,0.25,0.5660000000000001,0.0469999999999999,807713
SL,Slider,BR,276,21.58,71,65,14,19.72,6,8.45,126,34,26.98,12.32,49,17.75,30.07,28.03,23.41,15.22,0.262,0.324,0.385,0.7090000000000001,0.123,807713
ST,Sweeper,BR,131,10.24,36,35,15,41.67,1,2.78,53,23,43.4,17.56,29,22.14,39.69,27.94,13.99,27.27,0.171,0.194,0.343,0.537,0.172,807713
FC,Cutter,FB,82,6.41,24,20,1,4.17,3,12.5,36,8,22.22,9.76,16,19.51,29.27,12.12,2.8,9.09,0.4,0.458,0.75,1.208,0.35,807713
CU,Curveball,BR,61,4.77,14,12,3,21.43,1,7.14,28,5,17.86,8.2,18,29.51,37.7,40.0,6.62,11.54,0.167,0.214,0.25,0.4639999999999999,0.0829999999999999,807713
CH,Changeup,OS,44,3.44,9,9,5,55.56,0,0.0,24,10,41.67,22.73,4,9.09,31.82,34.78,5.85,21.74,0.222,0.222,0.222,0.444,0.0,807713
FS,Split-Finger,OS,18,1.41,5,5,2,40.0,0,0.0,13,4,30.77,22.22,1,5.56,27.78,60.0,3.05,16.67,0.4,0.4,1.6,2.0,1.2000000000000002,807713
KC,Knuckle Curve,BR,14,1.09,3,3,0,0.0,0,0.0,4,0,0.0,0.0,3,21.43,21.43,18.18,0.76,0.0,0.0,0.0,0.0,0.0,0.0,807713
SV,Slurve,BR,8,0.63,4,4,2,50.0,0,0.0,4,2,50.0,25.0,1,12.5,37.5,40.0,1.27,40.0,0.5,0.5,0.5,1.0,0.0,807713
FO,Forkball,OS,3,0.23,1,1,0,0.0,0,0.0,1,0,0.0,0.0,1,33.33,33.33,50.0,0.51,0.0,0.0,0.0,0.0,0.0,0.0,807713
FA,Other,,2,0.16,1,1,0,0.0,0,0.0,1,0,0.0,0.0,1,50.0,50.0,,0.0,,0.0,0.0,0.0,0.0,0.0,807713
EP,Eephus,,2,0.16,1,1,0,0.0,0,0.0,1,0,0.0,0.0,0,0.0,0.0,50.0,0.0,,0.0,0.0,0.0,0.0,0.0,807713
,,,2,0.16,0,0,0,,0,,0,0,,0.0,0,0.0,0.0,,0.0,,,,,,,807713
CS,Slow Curve,BR,1,0.08,1,1,1,100.0,0,0.0,1,1,100.0,100.0,0,0.0,100.0,100.0,0.25,100.0,0.0,0.0,0.0,0.0,0.0,807713
FF,4-Seam Fastball,FB,240,39.09,77,69,6,7.79,5,6.49,109,7,6.42,2.92,53,22.08,25.0,31.58,37.23,11.76,0.348,0.403,0.522,0.925,0.174,807799
CH,Changeup,OS,73,11.89,20,20,1,5.0,0,0.0,35,5,14.29,6.85,11,15.07,21.92,27.03,16.06,4.55,0.15,0.15,0.3,0.4499999999999999,0.15,807799
SL,Slider,BR,66,10.75,18,16,4,22.22,1,5.56,31,9,29.03,13.64,12,18.18,31.82,24.14,11.68,25.0,0.25,0.278,0.25,0.528,0.0,807799
SI,Sinker,FB,51,8.31,11,11,2,18.18,0,0.0,17,2,11.76,3.92,14,27.45,31.37,22.73,7.3,20.0,0.273,0.273,0.364,0.637,0.0909999999999999,807799
FC,Cutter,FB,49,7.98,12,10,0,0.0,1,8.33,22,1,4.55,2.04,11,22.45,24.49,25.0,4.38,0.0,0.1,0.167,0.1,0.267,0.0,807799
CU,Curveball,BR,48,7.82,11,9,2,18.18,1,9.09,18,4,22.22,8.33,14,29.17,37.5,21.05,8.03,18.18,0.222,0.273,0.333,0.6060000000000001,0.111,807799
FS,Split-Finger,OS,42,6.84,14,13,5,35.71,1,7.14,23,11,47.83,26.19,2,4.76,30.95,32.0,9.49,38.46,0.308,0.357,0.462,0.819,0.154,807799
ST,Sweeper,BR,29,4.72,6,6,0,0.0,0,0.0,12,3,25.0,10.34,4,13.79,24.14,18.75,3.65,0.0,0.167,0.167,0.167,0.334,0.0,807799
KC,Knuckle Curve,BR,14,2.28,3,2,0,0.0,0,0.0,4,0,0.0,0.0,5,35.71,35.71,0.0,2.19,0.0,0.0,0.333,0.0,0.333,0.0,807799
EP,Eephus,,2,0.33,1,1,0,0.0,0,0.0,1,0,0.0,0.0,0,0.0,0.0,50.0,0.0,,1.0,1.0,4.0,5.0,3.0,807799
FF,4-Seam Fastball,FB,214,37.28,41,36,13,31.71,4,9.76,98,25,25.51,11.68,53,24.77,36.45,25.25,30.9,23.64,0.167,0.25,0.389,0.639,0.222,808975
CU,Curveball,BR,65,11.32,19,18,9,47.37,1,5.26,31,15,48.39,23.08,14,21.54,44.62,34.38,14.04,36.0,0.111,0.158,0.111,0.269,0.0,808975
CH,Changeup,OS,58,10.1,19,19,7,36.84,0,0.0,37,19,51.35,32.76,4,6.9,39.66,61.76,14.61,26.92,0.263,0.263,0.263,0.526,0.0,808975
SL,Slider,BR,58,10.1,15,14,5,33.33,1,6.67,29,10,34.48,17.24,13,22.41,39.66,39.29,10.67,26.32,0.286,0.333,0.286,0.619,0.0,808975
FC,Cutter,FB,54,9.41,14,13,1,7.14,0,0.0,24,3,12.5,5.56,14,25.93,31.48,20.83,7.87,7.14,0.615,0.643,0.769,1.412,0.154,808975
SI,Sinker,FB,53,9.23,22,21,5,22.73,1,4.55,33,4,12.12,7.55,9,16.98,24.53,36.36,8.43,33.33,0.286,0.318,0.333,0.651,0.047,808975
ST,Sweeper,BR,27,4.7,6,6,1,16.67,0,0.0,12,3,25.0,11.11,6,22.22,33.33,30.77,3.93,14.29,0.333,0.333,0.333,0.666,0.0,808975
FS,Split-Finger,OS,21,3.66,8,8,1,12.5,0,0.0,11,4,36.36,19.05,2,9.52,28.57,33.33,4.49,12.5,0.125,0.125,0.125,0.25,0.0,808975
KC,Knuckle Curve,BR,13,2.26,2,2,1,50.0,0,0.0,5,3,60.0,23.08,1,7.69,30.77,25.0,2.81,20.0,0.5,0.5,0.5,1.0,0.0,808975
FA,Other,,5,0.87,2,2,0,0.0,0,0.0,3,1,33.33,20.0,0,0.0,20.0,33.33,0.56,0.0,1.0,1.0,2.0,3.0,1.0,808975
SV,Slurve,BR,4,0.7,1,1,1,100.0,0,0.0,1,1,100.0,25.0,1,25.0,50.0,25.0,1.12,50.0,0.0,0.0,0.0,0.0,0.0,808975
EP,Eephus,,1,0.17,0,0,0,,0,,0,0,,0.0,1,100.0,100.0,0.0,0.0,,,,,,,808975
CS,Slow Curve,BR,1,0.17,0,0,0,,0,,1,0,0.0,0.0,0,0.0,0.0,100.0,0.56,0.0,,,,,,808975
FF,4-Seam Fastball,FB,672,39.39,169,146,12,7.1,22,13.02,288,25,8.68,3.72,132,19.64,23.36,12.42,35.23,7.19,0.274,0.373,0.418,0.7909999999999999,0.1439999999999999,808982
CH,Changeup,OS,209,12.25,66,62,4,6.06,2,3.03,106,18,16.98,8.61,18,8.61,17.22,30.08,12.87,6.56,0.274,0.288,0.419,0.707,0.1449999999999999,808982
CU,Curveball,BR,178,10.43,40,37,3,7.5,0,0.0,67,9,13.43,5.06,35,19.66,24.72,21.05,10.34,6.12,0.189,0.225,0.297,0.522,0.1079999999999999,808982
FC,Cutter,FB,142,8.32,33,29,3,9.09,4,12.12,61,7,11.48,4.93,30,21.13,26.06,20.31,5.06,12.5,0.414,0.485,0.655,1.14,0.241,808982
SI,Sinker,FB,141,8.26,44,38,3,6.82,5,11.36,63,4,6.35,2.84,34,24.11,26.95,13.46,8.23,7.69,0.342,0.409,0.579,0.988,0.2369999999999999,808982
SL,Slider,BR,139,8.15,32,29,3,9.38,2,6.25,69,11,15.94,7.91,23,16.55,24.46,28.79,11.6,5.45,0.241,0.312,0.345,0.657,0.1039999999999999,808982
ST,Sweeper,BR,94,5.51,27,24,6,22.22,3,11.11,38,6,15.79,6.38,21,22.34,28.72,17.78,7.59,16.67,0.25,0.333,0.333,0.666,0.083,808982
FS,Split-Finger,OS,81,4.75,24,23,5,20.83,1,4.17,40,9,22.5,11.11,7,8.64,19.75,36.36,6.33,16.67,0.261,0.292,0.435,0.727,0.174,808982
KC,Knuckle Curve,BR,31,1.82,9,8,1,11.11,0,0.0,13,3,23.08,9.68,8,25.81,35.48,25.0,1.69,12.5,0.25,0.333,0.375,0.708,0.125,808982
FO,Forkball,OS,5,0.29,2,2,0,0.0,0,0.0,3,1,33.33,20.0,0,0.0,20.0,33.33,0.42,0.0,0.0,0.0,0.0,0.0,0.0,808982
SV,Slurve,BR,4,0.23,2,2,1,50.0,0,0.0,2,1,50.0,25.0,1,25.0,50.0,50.0,0.42,50.0,0.0,0.0,0.0,0.0,0.0,808982
CS,Slow Curve,BR,4,0.23,1,1,0,0.0,0,0.0,2,0,0.0,0.0,0,0.0,0.0,50.0,0.0,,0.0,0.0,0.0,0.0,0.0,808982
FA,Other,,3,0.18,1,1,0,0.0,0,0.0,1,0,0.0,0.0,1,33.33,33.33,50.0,0.0,,1.0,1.0,2.0,3.0,1.0,808982
,,,3,0.18,1,0,0,0.0,1,100.0,0,0,,0.0,0,0.0,0.0,,0.21,0.0,,1.0,,,,808982
FF,4-Seam Fastball,FB,248,30.39,44,40,12,27.27,4,9.09,120,26,21.67,10.48,61,24.6,35.08,28.57,30.88,13.64,0.25,0.318,0.3,0.618,0.0499999999999999,810938
SI,Sinker,FB,166,20.34,42,40,5,11.9,1,2.38,73,7,9.59,4.22,43,25.9,30.12,32.39,14.74,11.9,0.325,0.341,0.45,0.791,0.125,810938
SL,Slider,BR,154,18.87,48,47,11,22.92,1,2.08,80,27,33.75,17.53,27,17.53,35.06,46.51,22.11,17.46,0.128,0.146,0.128,0.274,0.0,810938
ST,Sweeper,BR,94,11.52,25,25,8,32.0,0,0.0,43,17,39.53,18.09,19,20.21,38.3,36.0,12.63,22.22,0.28,0.28,0.36,0.64,0.0799999999999999,810938
FC,Cutter,FB,66,8.09,17,15,5,29.41,2,11.76,31,9,29.03,13.64,12,18.18,31.82,30.56,6.32,27.78,0.067,0.176,0.067,0.243,0.0,810938
CH,Changeup,OS,36,4.41,12,12,2,16.67,0,0.0,19,2,10.53,5.56,4,11.11,16.67,38.1,7.37,9.52,0.417,0.417,0.5,0.917,0.083,810938
CU,Curveball,BR,24,2.94,4,4,1,25.0,0,0.0,6,2,33.33,8.33,6,25.0,33.33,14.29,2.46,14.29,0.75,0.75,1.0,1.75,0.25,810938
FS,Split-Finger,OS,10,1.23,3,3,1,33.33,0,0.0,5,2,40.0,20.0,2,20.0,40.0,50.0,1.4,25.0,0.667,0.667,0.667,1.334,0.0,810938
KC,Knuckle Curve,BR,8,0.98,2,2,0,0.0,0,0.0,2,0,0.0,0.0,1,12.5,12.5,16.67,1.05,0.0,0.0,0.0,0.0,0.0,0.0,810938
EP,Eephus,,5,0.61,2,2,0,0.0,0,0.0,2,0,0.0,0.0,1,20.0,20.0,33.33,0.0,,0.5,0.5,0.5,1.0,0.0,810938
SV,Slurve,BR,3,0.37,1,1,0,0.0,0,0.0,2,0,0.0,0.0,0,0.0,0.0,50.0,0.7,0.0,0.0,0.0,0.0,0.0,0.0,810938
FA,Other,,1,0.12,1,1,0,0.0,0,0.0,1,0,0.0,0.0,0,0.0,0.0,,0.0,,0.0,0.0,0.0,0.0,0.0,810938
CS,Slow Curve,BR,1,0.12,0,0,0,,0,,0,0,,0.0,0,0.0,0.0,0.0,0.35,0.0,,,,,,810938
