Pitch Type,Pitch,Pitch Group,pitches,USG,PA,AB,K,K%,BB,OBP,swings,Whiffs,Whiff%,SwStr%,Called Strikes,cStr%,CSW%,Chase%,Putaway USG,Putaway%,AVG,obp,SLG,OPS,ISO,mlbid
CU,Curveball,BR,279,31.96,75,63,8,10.67,10,13.33,117,14,11.97,5.02,57,20.43,25.45,25.93,48.47,8.42,0.333,0.413,0.571,0.984,0.2379999999999999,425794
SI,Sinker,FB,232,26.58,65,58,8,12.31,7,10.77,81,7,8.64,3.02,52,22.41,25.43,21.58,19.9,20.51,0.431,0.492,0.828,1.3199999999999998,0.3969999999999999,425794
FF,4-Seam Fastball,FB,141,16.15,39,30,7,17.95,9,23.08,41,4,9.76,2.84,41,29.08,31.91,8.22,19.9,17.95,0.267,0.436,0.3,0.736,0.0329999999999999,425794
FC,Cutter,FB,133,15.23,32,31,2,6.25,1,3.12,63,7,11.11,5.26,21,15.79,21.05,26.47,9.69,10.53,0.29,0.312,0.516,0.8280000000000001,0.226,425794
CH,Changeup,OS,81,9.28,19,18,0,0.0,1,5.26,27,3,11.11,3.7,8,9.88,13.58,18.97,1.02,0.0,0.389,0.421,0.611,1.032,0.2219999999999999,425794
,,,5,0.57,1,0,0,0.0,1,100.0,0,0,,0.0,0,0.0,0.0,,1.02,0.0,,1.0,,,,425794
CS,Slow Curve,BR,2,0.23,0,0,0,,0,,0,0,,0.0,0,0.0,0.0,0.0,0.0,,,,,,,425794
FF,4-Seam Fastball,FB,357,36.24,85,80,7,8.24,3,3.53,145,14,9.66,3.92,99,27.73,31.65,14.93,24.24,10.94,0.35,0.388,0.588,0.976,0.238,425844
CH,Changeup,OS,276,28.02,87,84,8,9.2,1,1.15,145,25,17.24,9.06,14,5.07,14.13,35.48,29.55,10.26,0.274,0.279,0.44,0.7190000000000001,0.1659999999999999,425844
CU,Curveball,BR,186,18.88,42,40,5,11.9,2,4.76,78,5,6.41,2.69,34,18.28,20.97,20.2,17.05,11.11,0.35,0.381,0.625,1.006,0.275,425844
SL,Slider,BR,72,7.31,19,17,3,15.79,2,10.53,30,3,10.0,4.17,17,23.61,27.78,13.79,7.95,14.29,0.412,0.474,0.529,1.003,0.117,425844
FC,Cutter,FB,46,4.67,14,14,4,28.57,0,0.0,24,4,16.67,8.7,3,6.52,15.22,41.18,11.36,13.33,0.286,0.286,0.643,0.929,0.357,425844
SI,Sinker,FB,46,4.67,20,18,6,30.0,2,10.0,23,2,8.7,4.35,10,21.74,26.09,13.33,9.09,25.0,0.333,0.4,0.889,1.289,0.556,425844
,,,2,0.2,2,2,2,100.0,0,0.0,0,0,,0.0,0,0.0,0.0,,0.76,100.0,0.0,0.0,0.0,0.0,0.0,425844
FF,4-Seam Fastball,FB,601,49.34,158,142,28,17.72,14,8.86,328,63,19.21,10.48,75,12.48,22.96,29.72,40.26,18.3,0.246,0.31,0.366,0.6759999999999999,0.12,434378
SL,Slider,BR,290,23.81,77,74,28,36.36,2,2.6,163,44,26.99,15.17,37,12.76,27.93,38.13,32.11,22.95,0.189,0.221,0.311,0.532,0.122,434378
CU,Curveball,BR,237,19.46,50,47,9,18.0,2,4.0,96,20,20.83,8.44,55,23.21,31.65,26.67,19.21,12.33,0.149,0.2,0.213,0.413,0.064,434378
CH,Changeup,OS,88,7.22,18,18,3,16.67,0,0.0,31,8,25.81,9.09,14,15.91,25.0,27.12,8.42,9.38,0.222,0.222,0.278,0.5,0.056,434378
,,,2,0.16,0,0,0,,0,,0,0,,0.0,0,0.0,0.0,,0.0,,,,,,,434378
FC,Cutter,FB,245,70.0,62,58,19,30.65,4,6.45,130,32,24.62,13.06,51,20.82,33.88,32.65,62.07,26.39,0.19,0.242,0.276,0.518,0.086,445276
SI,Sinker,FB,56,16.0,14,11,5,35.71,3,21.43,19,7,36.84,12.5,8,14.29,26.79,16.67,21.55,20.0,0.182,0.357,0.545,0.902,0.363,445276
SL,Slider,BR,44,12.57,12,12,1,8.33,0,0.0,23,5,21.74,11.36,3,6.82,18.18,40.74,16.38,5.26,0.25,0.25,0.5,0.75,0.25,445276
,,,5,1.43,1,0,0,0.0,1,100.0,0,0,,0.0,0,0.0,0.0,,0.0,,,1.0,,,,445276
FC,Cutter,FB,132,52.17,30,24,8,26.67,2,6.67,49,11,22.45,8.33,30,22.73,31.06,25.64,48.48,25.0,0.25,0.345,0.292,0.637,0.0419999999999999,445926
CH,Changeup,OS,70,27.67,21,19,3,14.29,2,9.52,33,8,24.24,11.43,6,8.57,20.0,28.57,28.79,15.79,0.158,0.238,0.158,0.396,0.0,445926
SI,Sinker,FB,47,18.58,15,14,3,20.0,1,6.67,19,2,10.53,4.26,17,36.17,40.43,0.0,18.18,25.0,0.0,0.067,0.0,0.067,0.0,445926
CU,Curveball,BR,4,1.58,1,1,1,100.0,0,0.0,2,2,100.0,50.0,0,0.0,50.0,33.33,4.55,33.33,0.0,0.0,0.0,0.0,0.0,445926
FC,Cutter,FB,169,31.53,45,38,5,11.11,5,11.11,97,17,17.53,10.06,15,8.88,18.93,37.89,25.7,10.87,0.316,0.422,0.605,1.027,0.289,446372
CU,Curveball,BR,133,24.81,32,29,6,18.75,2,6.25,63,9,14.29,6.77,31,23.31,30.08,24.49,24.58,13.64,0.31,0.375,0.724,1.099,0.414,446372
CH,Changeup,OS,112,20.9,35,34,7,20.0,1,2.86,66,19,28.79,16.96,10,8.93,25.89,39.68,26.26,14.89,0.206,0.229,0.294,0.523,0.088,446372
SI,Sinker,FB,109,20.34,23,17,4,17.39,6,26.09,32,4,12.5,3.67,27,24.77,28.44,12.28,20.11,11.11,0.471,0.609,0.882,1.491,0.411,446372
FF,4-Seam Fastball,FB,13,2.43,1,1,0,0.0,0,0.0,4,0,0.0,0.0,1,7.69,7.69,12.5,3.35,0.0,1.0,1.0,4.0,5.0,3.0,446372
CU,Curveball,BR,171,32.33,54,41,7,12.96,12,22.22,84,19,22.62,11.11,24,14.04,25.15,33.33,35.51,14.29,0.293,0.463,0.39,0.853,0.097,448179
FF,4-Seam Fastball,FB,132,24.95,21,18,4,19.05,3,14.29,37,7,18.92,5.3,36,27.27,32.58,16.9,13.04,22.22,0.333,0.429,0.444,0.873,0.1109999999999999,448179
ST,Sweeper,BR,99,18.71,25,23,5,20.0,1,4.0,46,14,30.43,14.14,9,9.09,23.23,26.32,31.16,11.63,0.217,0.28,0.391,0.671,0.174,448179
SI,Sinker,FB,73,13.8,13,12,5,38.46,1,7.69,21,5,23.81,6.85,23,31.51,38.36,10.0,10.87,33.33,0.083,0.154,0.083,0.237,0.0,448179
FC,Cutter,FB,24,4.54,7,6,2,28.57,1,14.29,9,3,33.33,12.5,3,12.5,25.0,18.75,2.9,50.0,0.333,0.429,0.5,0.929,0.1669999999999999,448179
SL,Slider,BR,20,3.78,7,4,0,0.0,1,14.29,11,2,18.18,10.0,2,10.0,20.0,22.22,3.62,0.0,0.5,0.429,0.75,1.179,0.25,448179
CH,Changeup,OS,9,1.7,1,1,0,0.0,0,0.0,2,0,0.0,0.0,2,22.22,22.22,0.0,2.17,0.0,0.0,0.0,0.0,0.0,0.0,448179
,,,1,0.19,0,0,0,,0,,0,0,,0.0,0,0.0,0.0,,0.72,0.0,,,,,,448179
CU,Curveball,BR,664,46.05,165,140,65,39.39,15,9.09,288,127,44.1,19.13,137,20.63,39.76,36.29,55.97,27.2,0.164,0.287,0.257,0.544,0.093,450203
FF,4-Seam Fastball,FB,508,35.23,129,102,24,18.6,24,18.6,215,59,27.44,11.61,87,17.13,28.74,18.58,33.72,16.67,0.294,0.426,0.471,0.897,0.177,450203
CH,Changeup,OS,196,13.59,42,38,10,23.81,4,9.52,84,34,40.48,17.35,23,11.73,29.08,32.31,9.13,25.64,0.237,0.31,0.316,0.626,0.079,450203
FC,Cutter,FB,43,2.98,7,6,1,14.29,1,14.29,13,1,7.69,2.33,14,32.56,34.88,6.25,0.47,50.0,0.5,0.571,0.667,1.238,0.167,450203
SI,Sinker,FB,21,1.46,6,5,0,0.0,1,16.67,7,0,0.0,0.0,6,28.57,28.57,0.0,0.7,0.0,0.6,0.667,1.2,1.867,0.6,450203
,,,10,0.69,2,0,0,0.0,2,100.0,0,0,,0.0,0,0.0,0.0,,0.0,,,1.0,,,,450203
FF,4-Seam Fastball,FB,92,61.33,17,16,4,23.53,1,5.88,51,13,25.49,14.13,15,16.3,30.43,23.08,55.22,10.81,0.5,0.529,1.25,1.779,0.75,453178
FS,Split-Finger,OS,57,38.0,12,10,6,50.0,2,16.67,26,13,50.0,22.81,3,5.26,28.07,34.88,44.78,20.0,0.1,0.25,0.1,0.35,0.0,453178
KC,Knuckle Curve,BR,1,0.67,0,0,0,,0,,0,0,,0.0,1,100.0,100.0,,0.0,,,,,,,453178
SI,Sinker,FB,177,47.2,39,26,8,20.51,11,28.21,60,13,21.67,7.34,37,20.9,28.25,14.89,34.65,22.86,0.154,0.421,0.192,0.613,0.038,453268
SL,Slider,BR,140,37.33,36,23,8,22.22,10,27.78,60,15,25.0,10.71,25,17.86,28.57,21.33,43.56,18.18,0.261,0.471,0.739,1.21,0.478,453268
FF,4-Seam Fastball,FB,34,9.07,9,4,1,11.11,4,44.44,7,2,28.57,5.88,5,14.71,20.59,4.55,12.87,7.69,0.25,0.667,0.25,0.917,0.0,453268
SV,Slurve,BR,12,3.2,5,3,0,0.0,1,20.0,4,0,0.0,0.0,0,0.0,0.0,11.11,8.91,0.0,0.0,0.4,0.0,0.4,0.0,453268
,,,11,2.93,2,0,0,0.0,2,100.0,0,0,,0.0,0,0.0,0.0,,0.0,,,1.0,,,,453268
CH,Changeup,OS,1,0.27,0,0,0,,0,,0,0,,0.0,0,0.0,0.0,0.0,0.0,,,,,,,453268
FF,4-Seam Fastball,FB,610,46.89,123,108,23,18.7,14,11.38,314,81,25.8,13.28,102,16.72,30.0,24.34,34.13,16.2,0.296,0.374,0.509,0.883,0.213,453286
FC,Cutter,FB,243,18.68,73,68,30,41.1,5,6.85,140,46,32.86,18.93,21,8.64,27.57,38.14,25.96,27.78,0.132,0.192,0.25,0.442,0.118,453286
CH,Changeup,OS,225,17.29,70,62,14,20.0,8,11.43,107,23,21.5,10.22,24,10.67,20.89,33.1,24.28,13.86,0.21,0.3,0.29,0.59,0.0799999999999999,453286
CU,Curveball,BR,219,16.83,57,49,16,28.07,7,12.28,86,21,24.42,9.59,51,23.29,32.88,22.12,15.14,25.4,0.204,0.316,0.49,0.806,0.286,453286
,,,3,0.23,0,0,0,,0,,0,0,,0.0,0,0.0,0.0,,0.24,0.0,,,,,,453286
SL,Slider,BR,1,0.08,1,1,1,100.0,0,0.0,0,0,,0.0,1,100.0,100.0,,0.24,100.0,0.0,0.0,0.0,0.0,0.0,453286
EP,Eephus,,12,92.31,4,3,0,0.0,0,0.0,5,0,0.0,0.0,0,0.0,0.0,0.0,,,1.0,1.0,1.333,2.333,0.3329999999999999,455117
FA,Other,,1,7.69,1,1,0,0.0,0,0.0,1,0,0.0,0.0,0,0.0,0.0,,,,1.0,1.0,2.0,3.0,1.0,455117
FC,Cutter,FB,146,42.57,35,35,4,11.43,0,0.0,91,21,23.08,14.38,14,9.59,23.97,42.03,28.93,11.43,0.229,0.229,0.257,0.486,0.0279999999999999,455119
FF,4-Seam Fastball,FB,123,35.86,24,22,6,25.0,2,8.33,67,17,25.37,13.82,27,21.95,35.77,32.61,38.02,13.04,0.409,0.458,0.864,1.322,0.455,455119
FS,Split-Finger,OS,56,16.33,23,23,11,47.83,0,0.0,36,10,27.78,17.86,4,7.14,25.0,51.52,30.58,29.73,0.087,0.087,0.087,0.174,0.0,455119
,,,12,3.5,3,0,0,0.0,3,100.0,0,0,,0.0,0,0.0,0.0,,0.0,,,1.0,,,,455119
ST,Sweeper,BR,5,1.46,1,1,0,0.0,0,0.0,2,0,0.0,0.0,1,20.0,20.0,0.0,2.48,0.0,0.0,0.0,0.0,0.0,0.0,455119
SI,Sinker,FB,1,0.29,0,0,0,,0,,0,0,,0.0,1,100.0,100.0,,0.0,,,,,,,455119
FF,4-Seam Fastball,FB,173,36.73,42,41,10,23.81,1,2.38,109,26,23.85,15.03,20,11.56,26.59,39.73,44.51,13.7,0.268,0.286,0.561,0.847,0.293,456501
SL,Slider,BR,122,25.9,27,23,2,7.41,4,14.81,50,8,16.0,6.56,25,20.49,27.05,18.97,18.9,6.45,0.304,0.407,0.826,1.233,0.522,456501
CH,Changeup,OS,107,22.72,30,28,7,23.33,2,6.67,58,14,24.14,13.08,6,5.61,18.69,38.36,27.44,15.56,0.25,0.3,0.464,0.764,0.214,456501
SI,Sinker,FB,49,10.4,11,11,2,18.18,0,0.0,22,2,9.09,4.08,13,26.53,30.61,16.67,6.71,18.18,0.182,0.182,0.455,0.637,0.273,456501
FC,Cutter,FB,18,3.82,6,5,0,0.0,1,16.67,7,0,0.0,0.0,4,22.22,22.22,20.0,1.83,0.0,0.4,0.5,0.6,1.1,0.1999999999999999,456501
CU,Curveball,BR,2,0.42,0,0,0,,0,,0,0,,0.0,0,0.0,0.0,0.0,0.61,0.0,,,,,,456501
FF,4-Seam Fastball,FB,55,53.92,11,8,3,27.27,3,27.27,23,6,26.09,10.91,9,16.36,27.27,14.29,50.0,23.08,0.375,0.545,0.875,1.42,0.5,456713
CU,Curveball,BR,40,39.22,12,12,3,25.0,0,0.0,18,5,27.78,12.5,8,20.0,32.5,39.13,50.0,23.08,0.25,0.25,0.75,1.0,0.5,456713
SI,Sinker,FB,7,6.86,2,1,0,0.0,1,50.0,2,0,0.0,0.0,1,14.29,14.29,0.0,0.0,,0.0,0.5,0.0,0.5,0.0,456713
FF,4-Seam Fastball,FB,682,43.55,163,140,29,17.79,21,12.88,319,81,25.39,11.88,104,15.25,27.13,21.3,38.51,15.18,0.307,0.399,0.657,1.056,0.35,458681
FC,Cutter,FB,377,24.07,95,91,20,21.05,4,4.21,215,57,26.51,15.12,49,13.0,28.12,31.93,21.57,18.69,0.297,0.326,0.582,0.908,0.285,458681
CH,Changeup,OS,209,13.35,43,39,6,13.95,4,9.3,89,27,30.34,12.92,16,7.66,20.57,30.26,13.71,8.82,0.333,0.395,0.41,0.8049999999999999,0.0769999999999999,458681
CU,Curveball,BR,151,9.64,50,45,17,34.0,4,8.0,67,19,28.36,12.58,15,9.93,22.52,27.62,20.36,16.83,0.267,0.327,0.444,0.771,0.177,458681
SI,Sinker,FB,142,9.07,48,43,7,14.58,5,10.42,75,18,24.0,12.68,23,16.2,28.87,34.94,5.65,25.0,0.209,0.292,0.372,0.6639999999999999,0.163,458681
,,,5,0.32,2,1,1,50.0,1,50.0,0,0,,0.0,0,0.0,0.0,,0.2,100.0,0.0,0.5,0.0,0.5,0.0,458681
FF,4-Seam Fastball,FB,288,38.97,61,50,4,6.56,9,14.75,106,18,16.98,6.25,50,17.36,23.61,13.64,32.56,7.14,0.3,0.417,0.44,0.857,0.14,471911
CH,Changeup,OS,268,36.27,76,64,11,14.47,12,15.79,128,41,32.03,15.3,20,7.46,22.76,32.43,45.35,14.1,0.219,0.342,0.297,0.639,0.0779999999999999,471911
CU,Curveball,BR,72,9.74,14,13,2,14.29,1,7.14,23,3,13.04,4.17,26,36.11,40.28,18.75,5.81,20.0,0.385,0.429,0.923,1.352,0.538,471911
SL,Slider,BR,53,7.17,21,19,7,33.33,2,9.52,29,9,31.03,16.98,8,15.09,32.08,43.33,13.37,30.43,0.316,0.381,0.737,1.118,0.421,471911
SI,Sinker,FB,53,7.17,15,13,1,6.67,2,13.33,20,2,10.0,3.77,8,15.09,18.87,20.0,2.91,20.0,0.385,0.467,0.692,1.159,0.3069999999999999,471911
FC,Cutter,FB,3,0.41,1,1,0,0.0,0,0.0,1,0,0.0,0.0,2,66.67,66.67,,0.0,,1.0,1.0,1.0,2.0,0.0,471911
,,,2,0.27,0,0,0,,0,,0,0,,0.0,0,0.0,0.0,,0.0,,,,,,,471911
SI,Sinker,FB,14,51.85,3,3,1,33.33,0,0.0,6,1,16.67,7.14,5,35.71,42.86,20.0,42.86,33.33,0.333,0.333,1.333,1.666,1.0,472551
KC,Knuckle Curve,BR,6,22.22,2,2,0,0.0,0,0.0,3,0,0.0,0.0,1,16.67,16.67,33.33,14.29,0.0,0.5,0.5,0.5,1.0,0.0,472551
FF,4-Seam Fastball,FB,4,14.81,0,0,0,,0,,0,0,,0.0,1,25.0,25.0,0.0,14.29,0.0,,,,,,472551
CH,Changeup,OS,3,11.11,1,1,0,0.0,0,0.0,1,0,0.0,0.0,0,0.0,0.0,0.0,28.57,0.0,0.0,0.0,0.0,0.0,0.0,472551
SI,Sinker,FB,147,36.03,49,42,5,10.2,6,12.24,74,13,17.57,8.84,28,19.05,27.89,23.21,17.43,26.32,0.476,0.542,0.548,1.09,0.072,472610
ST,Sweeper,BR,113,27.7,21,16,9,42.86,4,19.05,46,21,45.65,18.58,13,11.5,30.09,32.1,38.53,21.43,0.125,0.286,0.125,0.411,0.0,472610
FF,4-Seam Fastball,FB,76,18.63,19,18,3,15.79,1,5.26,42,7,16.67,9.21,7,9.21,18.42,37.84,11.93,23.08,0.278,0.316,0.278,0.5940000000000001,0.0,472610
FS,Split-Finger,OS,68,16.67,18,18,5,27.78,0,0.0,32,13,40.62,19.12,1,1.47,20.59,31.37,32.11,14.29,0.111,0.111,0.167,0.278,0.056,472610
,,,4,0.98,1,0,0,0.0,1,100.0,0,0,,0.0,0,0.0,0.0,,0.0,,,1.0,,,,472610
ST,Sweeper,BR,51,50.0,11,10,2,18.18,1,9.09,20,6,30.0,11.76,7,13.73,25.49,30.3,54.55,11.11,0.2,0.273,0.2,0.473,0.0,476595
FC,Cutter,FB,43,42.16,12,9,2,16.67,2,16.67,22,6,27.27,13.95,9,20.93,34.88,38.1,30.3,20.0,0.556,0.583,0.889,1.472,0.3329999999999999,476595
CU,Curveball,BR,5,4.9,1,1,1,100.0,0,0.0,2,1,50.0,20.0,0,0.0,20.0,25.0,15.15,20.0,0.0,0.0,0.0,0.0,0.0,476595
SI,Sinker,FB,2,1.96,1,1,0,0.0,0,0.0,1,0,0.0,0.0,1,50.0,50.0,,0.0,,0.0,0.0,0.0,0.0,0.0,476595
FF,4-Seam Fastball,FB,1,0.98,0,0,0,,0,,0,0,,0.0,1,100.0,100.0,0.0,0.0,,,,,,,476595
SL,Slider,BR,140,46.2,41,38,6,14.63,3,7.32,78,22,28.21,15.71,12,8.57,24.29,41.46,48.81,14.63,0.105,0.171,0.105,0.276,0.0,477132
FF,4-Seam Fastball,FB,125,41.25,32,26,3,9.38,4,12.5,62,6,9.68,4.8,29,23.2,28.0,13.95,27.38,13.04,0.231,0.375,0.346,0.721,0.1149999999999999,477132
CU,Curveball,BR,33,10.89,7,7,2,28.57,0,0.0,17,1,5.88,3.03,3,9.09,12.12,21.05,22.62,10.53,0.286,0.286,0.714,1.0,0.428,477132
SI,Sinker,FB,5,1.65,3,3,0,0.0,0,0.0,4,0,0.0,0.0,0,0.0,0.0,0.0,1.19,0.0,0.0,0.0,0.0,0.0,0.0,477132
FC,Cutter,FB,64,40.25,17,16,3,17.65,0,0.0,34,7,20.59,10.94,5,7.81,18.75,30.56,28.57,25.0,0.25,0.294,0.812,1.106,0.562,488984
SI,Sinker,FB,51,32.08,12,11,4,33.33,1,8.33,22,4,18.18,7.84,14,27.45,35.29,21.05,19.05,50.0,0.273,0.333,0.273,0.6060000000000001,0.0,488984
CH,Changeup,OS,19,11.95,7,6,0,0.0,1,14.29,13,1,7.69,5.26,0,0.0,5.26,25.0,16.67,0.0,0.333,0.429,1.167,1.596,0.8340000000000001,488984
FF,4-Seam Fastball,FB,16,10.06,4,3,2,50.0,1,25.0,8,3,37.5,18.75,0,0.0,18.75,38.46,23.81,20.0,0.0,0.25,0.0,0.25,0.0,488984
CU,Curveball,BR,9,5.66,5,3,0,0.0,1,20.0,5,0,0.0,0.0,0,0.0,0.0,40.0,11.9,0.0,0.333,0.4,1.333,1.733,1.0,488984
FC,Cutter,FB,191,47.99,46,44,4,8.7,2,4.35,99,21,21.21,10.99,35,18.32,29.32,21.05,33.33,10.53,0.227,0.261,0.364,0.625,0.1369999999999999,489119
SL,Slider,BR,88,22.11,26,25,8,30.77,1,3.85,42,15,35.71,17.05,10,11.36,28.41,27.45,25.44,27.59,0.2,0.231,0.32,0.551,0.12,489119
FF,4-Seam Fastball,FB,55,13.82,14,12,8,57.14,2,14.29,19,4,21.05,7.27,16,29.09,36.36,16.0,21.93,32.0,0.083,0.214,0.167,0.381,0.084,489119
SI,Sinker,FB,46,11.56,14,13,4,28.57,1,7.14,17,3,17.65,6.52,7,15.22,21.74,25.0,14.04,25.0,0.308,0.357,0.308,0.665,0.0,489119
CH,Changeup,OS,15,3.77,5,4,1,20.0,0,0.0,8,1,12.5,6.67,2,13.33,20.0,25.0,5.26,16.67,0.25,0.4,0.25,0.65,0.0,489119
CU,Curveball,BR,3,0.75,1,1,0,0.0,0,0.0,2,1,50.0,33.33,0,0.0,33.33,0.0,0.0,,0.0,0.0,0.0,0.0,0.0,489119
FF,4-Seam Fastball,FB,268,53.39,61,49,18,29.51,11,18.03,123,34,27.64,12.69,43,16.04,28.73,20.0,50.99,23.38,0.102,0.279,0.408,0.687,0.306,489446
FS,Split-Finger,OS,228,45.42,56,47,14,25.0,9,16.07,104,30,28.85,13.16,16,7.02,20.18,29.03,47.68,19.44,0.149,0.286,0.17,0.4559999999999999,0.021,489446
ST,Sweeper,BR,4,0.8,1,1,1,100.0,0,0.0,0,0,,0.0,2,50.0,50.0,0.0,1.32,50.0,0.0,0.0,0.0,0.0,0.0,489446
,,,2,0.4,1,0,0,0.0,1,100.0,0,0,,0.0,0,0.0,0.0,,0.0,,,1.0,,,,489446
FC,Cutter,FB,112,27.38,19,16,6,31.58,1,5.26,59,22,37.29,19.64,17,15.18,34.82,40.62,22.61,23.08,0.312,0.389,0.875,1.264,0.563,493603
SI,Sinker,FB,99,24.21,30,24,9,30.0,6,20.0,39,10,25.64,10.1,21,21.21,31.31,18.0,27.83,28.12,0.208,0.367,0.333,0.7,0.125,493603
CH,Changeup,OS,97,23.72,28,27,2,7.14,1,3.57,47,10,21.28,10.31,12,12.37,22.68,36.21,19.13,9.09,0.185,0.214,0.333,0.547,0.148,493603
ST,Sweeper,BR,51,12.47,9,8,2,22.22,1,11.11,20,3,15.0,5.88,8,15.69,21.57,21.43,19.13,9.09,0.25,0.333,0.625,0.958,0.375,493603
FF,4-Seam Fastball,FB,41,10.02,10,8,6,60.0,2,20.0,16,8,50.0,19.51,10,24.39,43.9,5.88,9.57,54.55,0.125,0.3,0.125,0.425,0.0,493603
,,,9,2.2,4,0,0,0.0,4,100.0,0,0,,0.0,0,0.0,0.0,,1.74,0.0,,1.0,,,,493603
EP,Eephus,,7,63.64,2,2,0,0.0,0,0.0,2,0,0.0,0.0,2,28.57,28.57,20.0,100.0,0.0,0.5,0.5,1.0,1.5,0.5,500743
FA,Other,,4,36.36,0,0,0,,0,,1,1,100.0,25.0,0,0.0,25.0,0.0,0.0,,,,,,,500743
SI,Sinker,FB,82,38.32,29,29,6,20.69,0,0.0,42,7,16.67,8.54,17,20.73,29.27,25.81,41.43,20.69,0.172,0.172,0.31,0.482,0.138,500779
FF,4-Seam Fastball,FB,66,30.84,13,11,1,7.69,1,7.69,30,4,13.33,6.06,14,21.21,27.27,23.08,24.29,5.88,0.364,0.417,0.727,1.144,0.363,500779
SV,Slurve,BR,46,21.5,13,13,3,23.08,0,0.0,20,5,25.0,10.87,5,10.87,21.74,28.57,24.29,17.65,0.154,0.154,0.231,0.385,0.077,500779
CH,Changeup,OS,12,5.61,2,1,0,0.0,1,50.0,6,1,16.67,8.33,1,8.33,16.67,37.5,4.29,0.0,1.0,1.0,1.0,2.0,0.0,500779
CU,Curveball,BR,7,3.27,0,0,0,,0,,3,1,33.33,14.29,1,14.29,28.57,40.0,4.29,0.0,,,,,,500779
,,,1,0.47,0,0,0,,0,,0,0,,0.0,0,0.0,0.0,,1.43,0.0,,,,,,500779
EP,Eephus,,13,54.17,3,2,0,0.0,0,0.0,4,0,0.0,0.0,2,15.38,15.38,33.33,33.33,0.0,0.0,0.333,0.0,0.333,0.0,500871
FA,Other,,11,45.83,4,4,0,0.0,0,0.0,6,0,0.0,0.0,2,18.18,18.18,20.0,66.67,0.0,0.25,0.25,0.5,0.75,0.25,500871
CH,Changeup,OS,404,26.7,120,110,18,15.0,9,7.5,222,61,27.48,15.1,36,8.91,24.01,39.74,27.14,16.67,0.3,0.35,0.473,0.823,0.173,502043
FF,4-Seam Fastball,FB,333,22.01,76,64,7,9.21,9,11.84,131,19,14.5,5.71,58,17.42,23.12,14.62,18.34,9.59,0.234,0.32,0.5,0.8200000000000001,0.266,502043
FC,Cutter,FB,311,20.56,77,72,8,10.39,1,1.3,141,17,12.06,5.47,56,18.01,23.47,20.27,12.81,13.73,0.375,0.387,0.611,0.998,0.236,502043
CU,Curveball,BR,212,14.01,38,38,12,31.58,0,0.0,89,33,37.08,15.57,45,21.23,36.79,29.31,11.06,27.27,0.316,0.316,0.474,0.79,0.1579999999999999,502043
SI,Sinker,FB,191,12.62,73,67,20,27.4,6,8.22,76,7,9.21,3.66,45,23.56,27.23,18.18,20.6,24.39,0.269,0.329,0.418,0.747,0.1489999999999999,502043
ST,Sweeper,BR,62,4.1,18,16,8,44.44,1,5.56,25,8,32.0,12.9,6,9.68,22.58,23.81,10.05,20.0,0.125,0.222,0.125,0.347,0.0,502043
FF,4-Seam Fastball,FB,15,50.0,4,4,0,0.0,0,0.0,12,1,8.33,6.67,0,0.0,6.67,57.14,33.33,0.0,0.5,0.5,1.5,2.0,1.0,502083
CH,Changeup,OS,8,26.67,2,2,1,50.0,0,0.0,4,2,50.0,25.0,0,0.0,25.0,42.86,44.44,25.0,0.0,0.0,0.0,0.0,0.0,502083
FC,Cutter,FB,5,16.67,1,1,0,0.0,0,0.0,3,0,0.0,0.0,0,0.0,0.0,33.33,11.11,0.0,0.0,0.0,0.0,0.0,0.0,502083
ST,Sweeper,BR,2,6.67,2,0,0,0.0,1,50.0,0,0,,0.0,0,0.0,0.0,0.0,11.11,0.0,,1.0,,,,502083
FC,Cutter,FB,257,48.86,57,48,12,21.05,9,15.79,93,17,18.28,6.61,68,26.46,33.07,17.21,40.25,18.75,0.188,0.316,0.229,0.545,0.041,502085
KC,Knuckle Curve,BR,180,34.22,52,51,20,38.46,1,1.92,99,38,38.38,21.11,23,12.78,33.89,45.45,46.54,27.03,0.216,0.231,0.353,0.584,0.1369999999999999,502085
SL,Slider,BR,65,12.36,14,12,3,21.43,1,7.14,33,10,30.3,15.38,8,12.31,27.69,31.43,10.69,17.65,0.5,0.571,1.0,1.571,0.5,502085
CH,Changeup,OS,15,2.85,5,4,1,20.0,1,20.0,6,2,33.33,13.33,1,6.67,20.0,38.46,2.52,25.0,0.0,0.2,0.0,0.2,0.0,502085
,,,8,1.52,2,0,0,0.0,2,100.0,0,0,,0.0,0,0.0,0.0,,0.0,,,1.0,,,,502085
SI,Sinker,FB,1,0.19,0,0,0,,0,,0,0,,0.0,0,0.0,0.0,0.0,0.0,,,,,,,502085
FS,Split-Finger,OS,626,48.08,200,189,25,12.5,10,5.0,336,69,20.54,11.02,42,6.71,17.73,35.28,51.39,13.51,0.249,0.285,0.376,0.661,0.127,502171
SI,Sinker,FB,422,32.41,109,90,18,16.51,19,17.43,159,18,11.32,4.27,112,26.54,30.81,17.93,38.33,13.04,0.278,0.404,0.422,0.8260000000000001,0.1439999999999999,502171
KC,Knuckle Curve,BR,237,18.2,22,22,3,13.64,0,0.0,55,14,25.45,5.91,84,35.44,41.35,12.61,8.06,10.34,0.5,0.5,0.727,1.227,0.2269999999999999,502171
FF,4-Seam Fastball,FB,9,0.69,3,2,0,0.0,0,0.0,3,0,0.0,0.0,2,22.22,22.22,0.0,0.56,0.0,1.0,1.0,1.5,2.5,0.5,502171
SL,Slider,BR,6,0.46,2,2,1,50.0,0,0.0,4,1,25.0,16.67,1,16.67,33.33,50.0,1.39,20.0,0.0,0.0,0.0,0.0,0.0,502171
,,,2,0.15,0,0,0,,0,,0,0,,0.0,0,0.0,0.0,,0.28,0.0,,,,,,502171
CU,Curveball,BR,17,53.12,4,4,1,25.0,0,0.0,5,1,20.0,5.88,2,11.76,17.65,9.09,33.33,100.0,0.0,0.0,0.0,0.0,0.0,502179
FF,4-Seam Fastball,FB,10,31.25,4,3,0,0.0,1,25.0,4,0,0.0,0.0,3,30.0,30.0,40.0,66.67,0.0,1.0,1.0,1.0,2.0,0.0,502179
CH,Changeup,OS,3,9.38,1,1,0,0.0,0,0.0,1,0,0.0,0.0,2,66.67,66.67,0.0,0.0,,1.0,1.0,1.0,2.0,0.0,502179
ST,Sweeper,BR,2,6.25,1,1,0,0.0,0,0.0,1,0,0.0,0.0,0,0.0,0.0,0.0,0.0,,1.0,1.0,1.0,2.0,0.0,502179
FF,4-Seam Fastball,FB,106,57.3,20,16,6,30.0,4,20.0,30,4,13.33,3.77,30,28.3,32.08,7.69,56.25,22.22,0.188,0.35,0.5,0.85,0.312,502202
SL,Slider,BR,43,23.24,9,8,2,22.22,1,11.11,19,7,36.84,16.28,8,18.6,34.88,33.33,20.83,20.0,0.0,0.111,0.0,0.111,0.0,502202
CH,Changeup,OS,35,18.92,10,10,3,30.0,0,0.0,16,7,43.75,20.0,1,2.86,22.86,30.77,22.92,27.27,0.2,0.2,0.7,0.8999999999999999,0.4999999999999999,502202
,,,1,0.54,1,0,0,0.0,1,100.0,0,0,,0.0,0,0.0,0.0,,0.0,,,1.0,,,,502202
CH,Changeup,OS,241,35.49,61,56,13,21.31,5,8.2,125,32,25.6,13.28,22,9.13,22.41,30.83,40.1,16.88,0.179,0.246,0.304,0.55,0.125,502624
FF,4-Seam Fastball,FB,169,24.89,44,33,10,22.73,10,22.73,73,16,21.92,9.47,22,13.02,22.49,17.39,29.69,17.54,0.364,0.523,0.545,1.068,0.181,502624
FC,Cutter,FB,146,21.5,31,28,7,22.58,2,6.45,76,16,21.05,10.96,14,9.59,20.55,32.1,21.88,16.67,0.214,0.29,0.429,0.719,0.215,502624
SI,Sinker,FB,75,11.05,12,10,0,0.0,2,16.67,24,4,16.67,5.33,24,32.0,37.33,14.71,1.56,0.0,0.5,0.583,1.1,1.683,0.6000000000000001,502624
CU,Curveball,BR,39,5.74,7,7,2,28.57,0,0.0,9,1,11.11,2.56,10,25.64,28.21,14.81,3.65,28.57,0.286,0.286,0.714,1.0,0.428,502624
ST,Sweeper,BR,6,0.88,1,0,0,0.0,0,0.0,0,0,,0.0,0,0.0,0.0,0.0,2.08,0.0,,1.0,,,,502624
,,,2,0.29,0,0,0,,0,,0,0,,0.0,0,0.0,0.0,,0.52,0.0,,,,,,502624
SL,Slider,BR,1,0.15,0,0,0,,0,,0,0,,0.0,0,0.0,0.0,0.0,0.52,0.0,,,,,,502624
SL,Slider,BR,244,19.61,51,42,7,13.73,9,17.65,104,23,22.12,9.43,57,23.36,32.79,29.75,9.76,19.44,0.476,0.569,0.833,1.402,0.357,506433
FF,4-Seam Fastball,FB,208,16.72,54,48,11,20.37,3,5.56,101,14,13.86,6.73,31,14.9,21.63,19.79,23.04,12.94,0.333,0.352,0.625,0.977,0.292,506433
ST,Sweeper,BR,198,15.92,42,34,8,19.05,6,14.29,82,18,21.95,9.09,54,27.27,36.36,22.5,7.59,28.57,0.353,0.452,0.588,1.04,0.235,506433
SI,Sinker,FB,165,13.26,38,35,10,26.32,3,7.89,61,10,16.39,6.06,46,27.88,33.94,15.15,13.28,20.41,0.286,0.342,0.457,0.799,0.171,506433
FS,Split-Finger,OS,128,10.29,44,42,23,52.27,2,4.55,63,28,44.44,21.88,6,4.69,26.56,35.16,23.04,27.06,0.167,0.205,0.238,0.4429999999999999,0.0709999999999999,506433
FC,Cutter,FB,122,9.81,36,33,3,8.33,2,5.56,63,12,19.05,9.84,14,11.48,21.31,22.81,2.98,27.27,0.152,0.222,0.182,0.404,0.03,506433
KC,Knuckle Curve,BR,98,7.88,29,27,11,37.93,2,6.9,52,18,34.62,18.37,15,15.31,33.67,42.0,12.74,23.4,0.111,0.172,0.148,0.3199999999999999,0.0369999999999999,506433
CU,Curveball,BR,79,6.35,21,19,8,38.1,0,0.0,34,14,41.18,17.72,14,17.72,35.44,29.79,7.32,29.63,0.158,0.238,0.368,0.606,0.21,506433
CH,Changeup,OS,2,0.16,0,0,0,,0,,1,0,0.0,0.0,0,0.0,0.0,0.0,0.27,0.0,,,,,,506433
FA,Other,,8,100.0,1,1,0,0.0,0,0.0,6,0,0.0,0.0,0,0.0,0.0,66.67,100.0,0.0,0.0,0.0,0.0,0.0,0.0,506702
FC,Cutter,FB,12,52.17,2,1,1,50.0,1,50.0,8,3,37.5,25.0,0,0.0,25.0,33.33,50.0,16.67,0.0,0.5,0.0,0.5,0.0,517008
FF,4-Seam Fastball,FB,10,43.48,2,2,0,0.0,0,0.0,5,1,20.0,10.0,0,0.0,10.0,16.67,50.0,0.0,0.5,0.5,2.0,2.5,1.5,517008
,,,1,4.35,0,0,0,,0,,0,0,,0.0,0,0.0,0.0,,0.0,,,,,,,517008
SI,Sinker,FB,216,71.29,62,59,7,11.29,3,4.84,121,22,18.18,10.19,35,16.2,26.39,28.21,62.11,11.86,0.237,0.274,0.373,0.647,0.136,518397
SL,Slider,BR,82,27.06,21,20,9,42.86,0,0.0,40,18,45.0,21.95,13,15.85,37.8,38.3,35.79,26.47,0.15,0.15,0.15,0.3,0.0,518397
,,,3,0.99,0,0,0,,0,,0,0,,0.0,0,0.0,0.0,,2.11,0.0,,,,,,518397
CH,Changeup,OS,1,0.33,0,0,0,,0,,0,0,,0.0,1,100.0,100.0,0.0,0.0,,,,,,,518397
FF,4-Seam Fastball,FB,1,0.33,0,0,0,,0,,0,0,,0.0,0,0.0,0.0,0.0,0.0,,,,,,,518397
FF,4-Seam Fastball,FB,152,39.18,33,29,5,15.15,3,9.09,71,10,14.08,6.58,24,15.79,22.37,17.65,37.9,10.64,0.448,0.5,0.69,1.19,0.2419999999999999,518489
SL,Slider,BR,126,32.47,36,34,13,36.11,2,5.56,69,21,30.43,16.67,12,9.52,26.19,40.54,49.19,21.31,0.147,0.194,0.206,0.4,0.059,518489
FC,Cutter,FB,102,26.29,31,29,3,9.68,2,6.45,57,8,14.04,7.84,21,20.59,28.43,32.43,11.29,21.43,0.103,0.161,0.241,0.402,0.138,518489
,,,6,1.55,2,0,0,0.0,2,100.0,0,0,,0.0,0,0.0,0.0,,0.81,0.0,,1.0,,,,518489
SI,Sinker,FB,2,0.52,1,1,0,0.0,0,0.0,2,0,0.0,0.0,0,0.0,0.0,100.0,0.81,0.0,0.0,0.0,0.0,0.0,0.0,518489
FC,Cutter,FB,27,49.09,4,4,0,0.0,0,0.0,13,2,15.38,7.41,2,7.41,14.81,8.33,38.46,0.0,0.25,0.25,0.25,0.5,0.0,518516
FF,4-Seam Fastball,FB,17,30.91,6,3,1,16.67,3,50.0,8,2,25.0,11.76,1,5.88,17.65,0.0,38.46,20.0,0.333,0.667,1.333,2.0,1.0,518516
CU,Curveball,BR,9,16.36,2,1,0,0.0,0,0.0,1,0,0.0,0.0,1,11.11,11.11,0.0,7.69,0.0,0.0,0.5,0.0,0.5,0.0,518516
CH,Changeup,OS,2,3.64,2,1,0,0.0,1,50.0,1,0,0.0,0.0,0,0.0,0.0,50.0,15.38,0.0,1.0,1.0,1.0,2.0,0.0,518516
FS,Split-Finger,OS,214,38.56,62,57,35,56.45,5,8.06,113,52,46.02,24.3,18,8.41,32.71,36.0,69.06,28.0,0.105,0.177,0.175,0.352,0.0699999999999999,518585
FF,4-Seam Fastball,FB,198,35.68,47,34,7,14.89,12,25.53,85,15,17.65,7.58,33,16.67,24.24,17.82,22.65,17.07,0.412,0.553,0.647,1.2000000000000002,0.235,518585
FC,Cutter,FB,124,22.34,18,16,1,5.56,1,5.56,56,7,12.5,5.65,22,17.74,23.39,20.97,4.42,12.5,0.312,0.389,0.625,1.014,0.313,518585
SL,Slider,BR,13,2.34,1,1,0,0.0,0,0.0,5,2,40.0,15.38,3,23.08,38.46,37.5,2.21,0.0,0.0,0.0,0.0,0.0,0.0,518585
SI,Sinker,FB,4,0.72,0,0,0,,0,,2,0,0.0,0.0,0,0.0,0.0,50.0,0.55,0.0,,,,,,518585
,,,2,0.36,0,0,0,,0,,0,0,,0.0,0,0.0,0.0,,1.1,0.0,,,,,,518585
SI,Sinker,FB,161,39.95,45,34,6,13.33,11,24.44,53,3,5.66,1.86,50,31.06,32.92,27.14,28.57,20.0,0.118,0.333,0.176,0.509,0.0579999999999999,518617
FF,4-Seam Fastball,FB,114,28.29,32,26,7,21.88,4,12.5,45,4,8.89,3.51,29,25.44,28.95,19.61,37.14,17.95,0.385,0.452,0.423,0.875,0.0379999999999999,518617
ST,Sweeper,BR,114,28.29,23,21,10,43.48,1,4.35,39,15,38.46,13.16,16,14.04,27.19,15.49,30.48,31.25,0.238,0.273,0.429,0.702,0.191,518617
FC,Cutter,FB,14,3.47,2,2,2,100.0,0,0.0,4,2,50.0,14.29,2,14.29,28.57,12.5,3.81,50.0,0.0,0.0,0.0,0.0,0.0,518617
FA,Other,,2,100.0,1,1,0,0.0,0,0.0,1,0,0.0,0.0,0,0.0,0.0,0.0,,,0.0,0.0,0.0,0.0,0.0,518626
CH,Changeup,OS,439,30.79,118,111,22,18.64,7,5.93,249,67,26.91,15.26,24,5.47,20.73,45.6,27.59,18.8,0.189,0.237,0.234,0.471,0.045,518876
FF,4-Seam Fastball,FB,438,30.72,106,86,22,20.75,16,15.09,170,31,18.24,7.08,101,23.06,30.14,16.59,27.36,18.97,0.221,0.352,0.523,0.875,0.302,518876
FC,Cutter,FB,229,16.06,65,56,20,30.77,8,12.31,106,25,23.58,10.92,37,16.16,27.07,17.92,19.58,24.1,0.25,0.354,0.411,0.7649999999999999,0.1609999999999999,518876
CU,Curveball,BR,198,13.88,36,30,12,33.33,5,13.89,71,22,30.99,11.11,49,24.75,35.86,31.86,15.09,18.75,0.233,0.361,0.367,0.728,0.1339999999999999,518876
SI,Sinker,FB,117,8.2,35,33,13,37.14,2,5.71,47,9,19.15,7.69,28,23.93,31.62,22.95,9.67,31.71,0.242,0.286,0.424,0.71,0.182,518876
SL,Slider,BR,3,0.21,1,1,1,100.0,0,0.0,0,0,,0.0,1,33.33,33.33,0.0,0.71,33.33,0.0,0.0,0.0,0.0,0.0,518876
,,,2,0.14,0,0,0,,0,,0,0,,0.0,0,0.0,0.0,,0.0,,,,,,,518876
FF,4-Seam Fastball,FB,290,59.79,71,58,23,32.39,11,15.49,148,51,34.46,17.59,40,13.79,31.38,24.22,59.63,23.96,0.207,0.338,0.379,0.7170000000000001,0.172,518886
KC,Knuckle Curve,BR,181,37.32,44,40,15,34.09,2,4.55,79,31,39.24,17.13,35,19.34,36.46,38.53,36.65,25.42,0.15,0.227,0.2,0.427,0.05,518886
,,,11,2.27,1,0,0,0.0,1,100.0,0,0,,0.0,0,0.0,0.0,,3.73,0.0,,1.0,,,,518886
ST,Sweeper,BR,3,0.62,0,0,0,,0,,1,0,0.0,0.0,1,33.33,33.33,0.0,0.0,,,,,,,518886
SI,Sinker,FB,12,63.16,5,4,1,20.0,1,20.0,6,2,33.33,16.67,2,16.67,33.33,20.0,100.0,100.0,0.25,0.4,0.25,0.65,0.0,519008
ST,Sweeper,BR,5,26.32,0,0,0,,0,,1,1,100.0,20.0,0,0.0,20.0,20.0,0.0,,,,,,,519008
CH,Changeup,OS,2,10.53,0,0,0,,0,,0,0,,0.0,0,0.0,0.0,0.0,0.0,,,,,,,519008
FF,4-Seam Fastball,FB,139,55.38,40,35,4,10.0,5,12.5,65,9,13.85,6.47,23,16.55,23.02,20.31,38.46,13.33,0.257,0.35,0.6,0.95,0.3429999999999999,519043
KC,Knuckle Curve,BR,86,34.26,19,18,7,36.84,0,0.0,43,14,32.56,16.28,12,13.95,30.23,43.86,42.31,21.21,0.278,0.316,0.444,0.76,0.1659999999999999,519043
CH,Changeup,OS,18,7.17,2,2,1,50.0,0,0.0,9,3,33.33,16.67,2,11.11,27.78,30.0,12.82,10.0,0.0,0.0,0.0,0.0,0.0,519043
,,,8,3.19,1,1,0,0.0,0,0.0,4,0,0.0,0.0,0,0.0,0.0,,6.41,0.0,1.0,1.0,1.0,2.0,0.0,519043
SL,Slider,BR,175,33.46,54,49,16,29.63,4,7.41,106,39,36.79,22.29,19,10.86,33.14,47.87,38.82,27.12,0.163,0.222,0.388,0.61,0.225,519151
CU,Curveball,BR,164,31.36,41,39,11,26.83,1,2.44,87,34,39.08,20.73,30,18.29,39.02,45.0,26.32,27.5,0.256,0.293,0.487,0.78,0.2309999999999999,519151
FF,4-Seam Fastball,FB,104,19.89,29,28,6,20.69,1,3.45,43,3,6.98,2.88,29,27.88,30.77,12.82,17.11,23.08,0.214,0.241,0.214,0.4549999999999999,0.0,519151
CH,Changeup,OS,74,14.15,13,12,4,30.77,0,0.0,21,5,23.81,6.76,8,10.81,17.57,13.73,15.13,17.39,0.333,0.308,0.583,0.891,0.2499999999999999,519151
FC,Cutter,FB,5,0.96,0,0,0,,0,,2,0,0.0,0.0,1,20.0,20.0,33.33,1.97,0.0,,,,,,519151
SI,Sinker,FB,1,0.19,1,1,1,100.0,0,0.0,1,1,100.0,100.0,0,0.0,100.0,100.0,0.66,100.0,0.0,0.0,0.0,0.0,0.0,519151
SL,Slider,BR,100,48.31,27,25,10,37.04,1,3.7,45,13,28.89,13.0,20,20.0,33.0,32.69,51.61,31.25,0.2,0.231,0.36,0.591,0.1599999999999999,519242
SI,Sinker,FB,53,25.6,16,13,3,18.75,0,0.0,29,6,20.69,11.32,7,13.21,24.53,41.38,20.97,23.08,0.154,0.25,0.154,0.404,0.0,519242
FF,4-Seam Fastball,FB,49,23.67,12,11,5,41.67,1,8.33,19,4,21.05,8.16,14,28.57,36.73,18.75,25.81,31.25,0.455,0.5,1.091,1.591,0.6359999999999999,519242
CH,Changeup,OS,4,1.93,0,0,0,,0,,2,2,100.0,50.0,2,50.0,100.0,50.0,0.0,,,,,,,519242
,,,1,0.48,1,0,0,0.0,1,100.0,0,0,,0.0,0,0.0,0.0,,1.61,0.0,,1.0,,,,519242
SL,Slider,BR,170,66.41,43,43,16,37.21,0,0.0,95,40,42.11,23.53,18,10.59,34.12,43.52,67.07,27.27,0.093,0.093,0.093,0.186,0.0,519293
FF,4-Seam Fastball,FB,78,30.47,21,18,3,14.29,3,14.29,35,6,17.14,7.69,20,25.64,33.33,16.13,31.71,11.54,0.389,0.476,0.556,1.032,0.167,519293
CU,Curveball,BR,4,1.56,1,1,0,0.0,0,0.0,2,0,0.0,0.0,1,25.0,25.0,0.0,1.22,0.0,0.0,0.0,0.0,0.0,0.0,519293
,,,4,1.56,1,0,0,0.0,1,100.0,0,0,,0.0,0,0.0,0.0,,0.0,,,1.0,,,,519293
FF,4-Seam Fastball,FB,25,64.1,6,5,1,16.67,1,16.67,10,4,40.0,16.0,7,28.0,44.0,38.46,50.0,16.67,0.2,0.333,0.2,0.533,0.0,521230
SL,Slider,BR,12,30.77,2,2,0,0.0,0,0.0,5,0,0.0,0.0,0,0.0,0.0,12.5,50.0,0.0,0.5,0.5,1.0,1.5,0.5,521230
CU,Curveball,BR,2,5.13,0,0,0,,0,,0,0,,0.0,0,0.0,0.0,0.0,0.0,,,,,,,521230
KC,Knuckle Curve,BR,78,24.22,12,10,6,50.0,2,16.67,28,12,42.86,15.38,14,17.95,33.33,28.85,23.71,26.09,0.0,0.167,0.0,0.167,0.0,523260
SI,Sinker,FB,75,23.29,14,7,2,14.29,7,50.0,25,5,20.0,6.67,19,25.33,32.0,6.45,13.4,15.38,0.286,0.643,0.429,1.072,0.143,523260
SL,Slider,BR,70,21.74,22,20,9,40.91,2,9.09,38,15,39.47,21.43,6,8.57,30.0,40.91,29.9,31.03,0.1,0.182,0.25,0.432,0.15,523260
FF,4-Seam Fastball,FB,50,15.53,11,10,1,9.09,1,9.09,20,1,5.0,2.0,14,28.0,30.0,15.79,14.43,7.14,0.5,0.545,1.1,1.645,0.6000000000000001,523260
CH,Changeup,OS,48,14.91,15,14,3,20.0,1,6.67,22,3,13.64,6.25,12,25.0,31.25,30.43,18.56,16.67,0.214,0.267,0.429,0.696,0.215,523260
,,,1,0.31,0,0,0,,0,,0,0,,0.0,0,0.0,0.0,,0.0,,,,,,,523260
SI,Sinker,FB,319,64.57,93,85,13,13.98,5,5.38,142,18,12.68,5.64,70,21.94,27.59,25.87,55.3,17.81,0.212,0.28,0.306,0.5860000000000001,0.094,527048
FC,Cutter,FB,58,11.74,17,16,0,0.0,0,0.0,31,4,12.9,6.9,10,17.24,24.14,28.0,7.58,0.0,0.5,0.5,0.875,1.375,0.375,527048
CH,Changeup,OS,51,10.32,15,14,5,33.33,1,6.67,37,9,24.32,17.65,3,5.88,23.53,63.33,22.73,16.67,0.357,0.4,0.5,0.9,0.143,527048
CU,Curveball,BR,47,9.51,7,7,2,28.57,0,0.0,16,5,31.25,10.64,6,12.77,23.4,20.0,9.85,15.38,0.0,0.0,0.0,0.0,0.0,527048
SL,Slider,BR,15,3.04,3,3,1,33.33,0,0.0,8,2,25.0,13.33,1,6.67,20.0,14.29,3.03,25.0,0.0,0.0,0.0,0.0,0.0,527048
FF,4-Seam Fastball,FB,4,0.81,0,0,0,,0,,3,1,33.33,25.0,0,0.0,25.0,0.0,1.52,0.0,,,,,,527048
SI,Sinker,FB,156,29.0,46,39,7,15.22,5,10.87,69,13,18.84,8.33,35,22.44,30.77,20.0,30.19,14.58,0.282,0.378,0.59,0.968,0.308,527054
FC,Cutter,FB,154,28.62,37,35,7,18.92,1,2.7,59,8,13.56,5.19,41,26.62,31.82,19.23,21.38,20.59,0.143,0.189,0.257,0.446,0.114,527054
CH,Changeup,OS,110,20.45,33,32,6,18.18,1,3.03,61,19,31.15,17.27,12,10.91,28.18,33.33,20.75,18.18,0.281,0.303,0.5,0.8029999999999999,0.2189999999999999,527054
FF,4-Seam Fastball,FB,75,13.94,15,13,5,33.33,1,6.67,34,10,29.41,13.33,5,6.67,20.0,28.26,18.24,17.24,0.308,0.333,0.692,1.025,0.3839999999999999,527054
CU,Curveball,BR,41,7.62,8,7,1,12.5,1,12.5,22,7,31.82,17.07,6,14.63,31.71,23.53,8.81,7.14,0.0,0.125,0.0,0.125,0.0,527054
,,,2,0.37,0,0,0,,0,,0,0,,0.0,0,0.0,0.0,,0.63,0.0,,,,,,527054
FC,Cutter,FB,222,46.25,58,51,10,17.24,4,6.9,102,13,12.75,5.86,50,22.52,28.38,15.91,35.38,21.74,0.373,0.397,0.627,1.024,0.254,541640
SI,Sinker,FB,105,21.88,28,23,3,10.71,3,10.71,47,7,14.89,6.67,21,20.0,26.67,15.56,16.15,14.29,0.478,0.519,0.783,1.302,0.305,541640
CH,Changeup,OS,71,14.79,16,14,2,12.5,1,6.25,32,9,28.12,12.68,5,7.04,19.72,27.45,8.46,18.18,0.214,0.25,0.429,0.679,0.215,541640
CU,Curveball,BR,54,11.25,18,18,6,33.33,0,0.0,29,8,27.59,14.81,1,1.85,16.67,36.11,23.85,19.35,0.167,0.167,0.222,0.389,0.0549999999999999,541640
FF,4-Seam Fastball,FB,14,2.92,3,3,1,33.33,0,0.0,6,2,33.33,14.29,0,0.0,14.29,20.0,8.46,9.09,0.333,0.333,0.333,0.666,0.0,541640
SL,Slider,BR,12,2.5,5,5,4,80.0,0,0.0,9,7,77.78,58.33,0,0.0,58.33,62.5,6.15,50.0,0.2,0.2,0.8,1.0,0.6000000000000001,541640
ST,Sweeper,BR,2,0.42,1,1,0,0.0,0,0.0,2,0,0.0,0.0,0,0.0,0.0,100.0,1.54,0.0,1.0,1.0,1.0,2.0,0.0,541640
EP,Eephus,,3,50.0,1,1,0,0.0,0,0.0,1,0,0.0,0.0,1,33.33,33.33,50.0,50.0,0.0,0.0,0.0,0.0,0.0,0.0,542194
FA,Other,,3,50.0,1,1,0,0.0,0,0.0,2,0,0.0,0.0,1,33.33,33.33,100.0,50.0,0.0,1.0,1.0,1.0,2.0,0.0,542194
FA,Other,,17,94.44,4,2,0,0.0,2,50.0,7,0,0.0,0.0,2,11.76,11.76,0.0,80.0,0.0,0.5,0.75,0.5,1.25,0.0,542208
EP,Eephus,,1,5.56,0,0,0,,0,,0,0,,0.0,0,0.0,0.0,0.0,20.0,0.0,,,,,,542208
FF,4-Seam Fastball,FB,179,42.02,46,38,18,39.13,8,17.39,99,31,31.31,17.32,23,12.85,30.17,11.76,48.25,26.09,0.158,0.304,0.184,0.488,0.0259999999999999,542585
CH,Changeup,OS,93,21.83,22,22,7,31.82,0,0.0,46,16,34.78,17.2,7,7.53,24.73,32.79,25.17,19.44,0.227,0.227,0.409,0.636,0.1819999999999999,542585
FC,Cutter,FB,59,13.85,7,7,3,42.86,0,0.0,27,8,29.63,13.56,13,22.03,35.59,28.0,8.39,25.0,0.143,0.143,0.143,0.286,0.0,542585
SL,Slider,BR,52,12.21,17,15,7,41.18,1,5.88,27,9,33.33,17.31,11,21.15,38.46,26.32,14.69,33.33,0.267,0.312,0.6,0.912,0.3329999999999999,542585
SI,Sinker,FB,33,7.75,4,4,0,0.0,0,0.0,11,0,0.0,0.0,8,24.24,24.24,0.0,2.1,0.0,0.75,0.75,1.0,1.75,0.25,542585
,,,10,2.35,3,0,0,0.0,3,100.0,0,0,,0.0,0,0.0,0.0,,1.4,0.0,,1.0,,,,542585
FC,Cutter,FB,204,37.16,59,54,16,27.12,4,6.78,106,38,35.85,18.63,22,10.78,29.41,31.53,40.85,23.88,0.222,0.276,0.278,0.554,0.056,542881
FF,4-Seam Fastball,FB,143,26.05,34,26,4,11.76,8,23.53,50,7,14.0,4.9,34,23.78,28.67,19.74,26.22,9.3,0.269,0.441,0.615,1.056,0.346,542881
SI,Sinker,FB,127,23.13,30,23,0,0.0,5,16.67,53,6,11.32,4.72,22,17.32,22.05,19.67,10.98,0.0,0.348,0.5,0.696,1.196,0.348,542881
CH,Changeup,OS,49,8.93,9,8,3,33.33,1,11.11,31,11,35.48,22.45,5,10.2,32.65,29.41,9.76,18.75,0.375,0.444,1.125,1.569,0.75,542881
SL,Slider,BR,20,3.64,7,6,3,42.86,1,14.29,9,2,22.22,10.0,1,5.0,15.0,38.89,12.2,15.0,0.167,0.286,0.167,0.4529999999999999,0.0,542881
,,,4,0.73,1,0,0,0.0,1,100.0,0,0,,0.0,0,0.0,0.0,,0.0,,,1.0,,,,542881
CU,Curveball,BR,2,0.36,0,0,0,,0,,1,1,100.0,50.0,0,0.0,50.0,50.0,0.0,,,,,,,542881
SI,Sinker,FB,149,38.9,32,29,6,18.75,2,6.25,78,20,25.64,13.42,30,20.13,33.56,36.92,26.32,17.14,0.31,0.344,0.414,0.758,0.1039999999999999,542888
FC,Cutter,FB,135,35.25,40,36,4,10.0,3,7.5,81,15,18.52,11.11,17,12.59,23.7,42.86,22.56,13.33,0.194,0.275,0.306,0.581,0.1119999999999999,542888
FF,4-Seam Fastball,FB,82,21.41,23,23,13,56.52,0,0.0,45,10,22.22,12.2,13,15.85,28.05,32.43,41.35,23.64,0.087,0.087,0.13,0.217,0.043,542888
SV,Slurve,BR,17,4.44,3,3,1,33.33,0,0.0,6,1,16.67,5.88,0,0.0,5.88,15.38,9.77,7.69,0.333,0.333,0.333,0.666,0.0,542888
SL,Slider,BR,64,51.61,14,14,5,35.71,0,0.0,30,11,36.67,17.19,16,25.0,42.19,34.48,61.76,23.81,0.071,0.071,0.071,0.142,0.0,542914
FF,4-Seam Fastball,FB,19,15.32,7,6,0,0.0,1,14.29,10,1,10.0,5.26,1,5.26,10.53,20.0,2.94,0.0,0.5,0.571,0.667,1.238,0.167,542914
FS,Split-Finger,OS,17,13.71,3,3,2,66.67,0,0.0,7,2,28.57,11.76,1,5.88,17.65,25.0,14.71,40.0,0.0,0.0,0.0,0.0,0.0,542914
SI,Sinker,FB,15,12.1,8,6,3,37.5,2,25.0,7,2,28.57,13.33,3,20.0,33.33,0.0,20.59,42.86,0.167,0.375,0.667,1.042,0.5,542914
,,,9,7.26,2,0,0,0.0,2,100.0,0,0,,0.0,0,0.0,0.0,,0.0,,,1.0,,,,542914
SI,Sinker,FB,102,65.38,34,30,5,14.71,1,2.94,56,9,16.07,8.82,23,22.55,31.37,36.59,60.0,18.52,0.367,0.406,0.633,1.039,0.266,542947
SL,Slider,BR,33,21.15,8,8,1,12.5,0,0.0,13,4,30.77,12.12,2,6.06,18.18,5.26,24.44,9.09,0.125,0.125,0.5,0.625,0.375,542947
FC,Cutter,FB,18,11.54,3,3,0,0.0,0,0.0,11,2,18.18,11.11,1,5.56,16.67,37.5,11.11,0.0,0.667,0.667,0.667,1.334,0.0,542947
FF,4-Seam Fastball,FB,3,1.92,2,2,0,0.0,0,0.0,3,0,0.0,0.0,0,0.0,0.0,,4.44,0.0,1.0,1.0,1.0,2.0,0.0,542947
FF,4-Seam Fastball,FB,844,53.9,204,183,63,30.88,19,9.31,427,111,26.0,13.15,152,18.01,31.16,26.46,54.63,22.26,0.202,0.281,0.333,0.6140000000000001,0.131,543037
SL,Slider,BR,221,14.11,54,50,17,31.48,2,3.7,105,28,26.67,12.67,34,15.38,28.05,33.06,17.76,18.48,0.12,0.167,0.14,0.307,0.02,543037
KC,Knuckle Curve,BR,215,13.73,56,52,18,32.14,2,3.57,81,19,23.46,8.84,52,24.19,33.02,23.28,13.9,23.61,0.231,0.273,0.327,0.6000000000000001,0.096,543037
CH,Changeup,OS,200,12.77,49,46,5,10.2,1,2.04,96,28,29.17,14.0,15,7.5,21.5,27.42,10.42,9.26,0.239,0.25,0.522,0.772,0.283,543037
FC,Cutter,FB,84,5.36,21,19,3,14.29,2,9.52,45,10,22.22,11.9,12,14.29,26.19,30.23,3.09,18.75,0.263,0.333,0.421,0.754,0.1579999999999999,543037
SI,Sinker,FB,1,0.06,1,1,0,0.0,0,0.0,1,0,0.0,0.0,0,0.0,0.0,100.0,0.0,,0.0,0.0,0.0,0.0,0.0,543037
,,,1,0.06,0,0,0,,0,,0,0,,0.0,0,0.0,0.0,,0.19,0.0,,,,,,543037
FC,Cutter,FB,168,47.73,52,45,7,13.46,6,11.54,87,25,28.74,14.88,26,15.48,30.36,35.23,34.94,24.14,0.289,0.373,0.289,0.6619999999999999,0.0,543056
SI,Sinker,FB,88,25.0,15,14,5,33.33,0,0.0,31,12,38.71,13.64,18,20.45,34.09,16.67,16.87,35.71,0.143,0.2,0.143,0.3429999999999999,0.0,543056
ST,Sweeper,BR,69,19.6,19,18,6,31.58,1,5.26,27,7,25.93,10.14,12,17.39,27.54,21.05,32.53,22.22,0.222,0.263,0.222,0.485,0.0,543056
FF,4-Seam Fastball,FB,20,5.68,4,3,2,50.0,1,25.0,5,2,40.0,10.0,5,25.0,35.0,18.18,8.43,28.57,0.333,0.5,0.333,0.833,0.0,543056
KC,Knuckle Curve,BR,7,1.99,2,2,0,0.0,0,0.0,3,0,0.0,0.0,0,0.0,0.0,20.0,7.23,0.0,0.5,0.5,0.5,1.0,0.0,543056
FF,4-Seam Fastball,FB,5,100.0,2,1,0,0.0,1,50.0,1,0,0.0,0.0,0,0.0,0.0,0.0,,,0.0,0.5,0.0,0.5,0.0,543063
SL,Slider,BR,352,43.3,97,87,18,18.56,5,5.15,175,40,22.86,11.36,85,24.15,35.51,30.71,38.12,21.18,0.31,0.34,0.563,0.903,0.2529999999999999,543101
CH,Changeup,OS,151,18.57,33,31,0,0.0,1,3.03,59,9,15.25,5.96,20,13.25,19.21,15.91,4.93,0.0,0.323,0.344,0.484,0.828,0.1609999999999999,543101
FF,4-Seam Fastball,FB,141,17.34,37,33,3,8.11,2,5.41,61,6,9.84,4.26,17,12.06,16.31,26.74,15.7,8.57,0.303,0.351,0.515,0.866,0.212,543101
SI,Sinker,FB,123,15.13,39,38,9,23.08,1,2.56,62,7,11.29,5.69,21,17.07,22.76,20.37,25.56,15.79,0.263,0.282,0.421,0.703,0.1579999999999999,543101
KC,Knuckle Curve,BR,42,5.17,12,12,5,41.67,0,0.0,17,4,23.53,9.52,3,7.14,16.67,24.14,15.25,14.71,0.167,0.167,0.167,0.334,0.0,543101
,,,3,0.37,0,0,0,,0,,0,0,,0.0,0,0.0,0.0,,0.0,,,,,,,543101
FA,Other,,1,0.12,0,0,0,,0,,1,0,0.0,0.0,0,0.0,0.0,,0.45,0.0,,,,,,543101
FF,4-Seam Fastball,FB,308,31.88,86,77,20,23.26,7,8.14,153,36,23.53,11.69,44,14.29,25.97,18.44,40.54,19.05,0.208,0.279,0.377,0.656,0.169,543135
FS,Split-Finger,OS,302,31.26,97,94,17,17.53,3,3.09,160,46,28.75,15.23,33,10.93,26.16,35.26,33.2,19.77,0.202,0.227,0.319,0.546,0.1169999999999999,543135
FC,Cutter,FB,190,19.67,52,44,6,11.54,7,13.46,103,20,19.42,10.53,30,15.79,26.32,34.83,8.11,28.57,0.159,0.275,0.273,0.548,0.114,543135
CU,Curveball,BR,164,16.98,29,29,9,31.03,0,0.0,58,21,36.21,12.8,36,21.95,34.76,20.69,17.76,19.57,0.241,0.241,0.276,0.517,0.035,543135
,,,2,0.21,0,0,0,,0,,0,0,,0.0,0,0.0,0.0,,0.39,0.0,,,,,,543135
FF,4-Seam Fastball,FB,489,36.88,133,116,11,8.27,17,12.78,223,33,14.8,6.75,106,21.68,28.43,23.33,19.2,15.28,0.302,0.391,0.422,0.813,0.12,543243
CU,Curveball,BR,309,23.3,70,67,11,15.71,3,4.29,135,32,23.7,10.36,70,22.65,33.01,31.82,18.93,15.49,0.269,0.3,0.433,0.733,0.1639999999999999,543243
ST,Sweeper,BR,199,15.01,77,72,43,55.84,2,2.6,112,43,38.39,21.61,12,6.03,27.64,37.7,40.0,28.0,0.069,0.13,0.083,0.213,0.0139999999999999,543243
CH,Changeup,OS,178,13.42,38,36,2,5.26,1,2.63,65,12,18.46,6.74,25,14.04,20.79,18.75,3.73,14.29,0.278,0.316,0.417,0.733,0.1389999999999999,543243
FC,Cutter,FB,98,7.39,26,23,5,19.23,2,7.69,62,19,30.65,19.39,10,10.2,29.59,29.73,5.6,23.81,0.261,0.308,0.391,0.6990000000000001,0.13,543243
SI,Sinker,FB,51,3.85,15,12,9,60.0,3,20.0,19,3,15.79,5.88,9,17.65,23.53,21.43,12.53,19.15,0.167,0.333,0.167,0.5,0.0,543243
CS,Slow Curve,BR,1,0.08,0,0,0,,0,,0,0,,0.0,0,0.0,0.0,0.0,0.0,,,,,,,543243
,,,1,0.08,0,0,0,,0,,0,0,,0.0,0,0.0,0.0,,0.0,,,,,,,543243
ST,Sweeper,BR,214,51.32,52,47,22,42.31,4,7.69,94,31,32.98,14.49,31,14.49,28.97,32.84,69.57,22.92,0.17,0.235,0.213,0.4479999999999999,0.0429999999999999,543272
FF,4-Seam Fastball,FB,182,43.65,35,27,9,25.71,6,17.14,69,9,13.04,4.95,46,25.27,30.22,8.0,27.54,23.68,0.259,0.412,0.444,0.856,0.185,543272
SI,Sinker,FB,20,4.8,6,6,0,0.0,0,0.0,8,0,0.0,0.0,2,10.0,10.0,30.77,2.9,0.0,0.167,0.167,0.167,0.334,0.0,543272
,,,1,0.24,0,0,0,,0,,0,0,,0.0,0,0.0,0.0,,0.0,,,,,,,543272
FA,Other,,21,100.0,5,3,0,0.0,2,40.0,7,0,0.0,0.0,2,9.52,9.52,14.29,100.0,0.0,1.0,1.0,1.0,2.0,0.0,543281
CH,Changeup,OS,505,44.45,178,173,41,23.03,4,2.25,303,99,32.67,19.6,31,6.14,25.74,50.14,69.93,18.69,0.139,0.157,0.202,0.359,0.063,543294
FF,4-Seam Fastball,FB,418,36.8,85,75,10,11.76,9,10.59,134,14,10.45,3.35,136,32.54,35.89,14.36,19.61,16.67,0.387,0.452,0.667,1.119,0.28,543294
SI,Sinker,FB,161,14.17,35,30,2,5.71,3,8.57,73,9,12.33,5.59,37,22.98,28.57,19.7,10.13,6.45,0.333,0.371,0.433,0.804,0.0999999999999999,543294
CU,Curveball,BR,51,4.49,2,2,0,0.0,0,0.0,11,6,54.55,11.76,8,15.69,27.45,10.26,0.33,0.0,0.0,0.0,0.0,0.0,0.0,543294
,,,1,0.09,0,0,0,,0,,0,0,,0.0,0,0.0,0.0,,0.0,,,,,,,543294
FF,4-Seam Fastball,FB,11,47.83,2,2,1,50.0,0,0.0,6,2,33.33,18.18,2,18.18,36.36,0.0,40.0,25.0,0.0,0.0,0.0,0.0,0.0,543339
SL,Slider,BR,9,39.13,2,1,1,50.0,1,50.0,3,3,100.0,33.33,0,0.0,33.33,14.29,60.0,16.67,0.0,0.5,0.0,0.5,0.0,543339
SI,Sinker,FB,2,8.7,1,0,0,0.0,1,100.0,1,0,0.0,0.0,0,0.0,0.0,0.0,0.0,,,1.0,,,,543339
CH,Changeup,OS,1,4.35,0,0,0,,0,,0,0,,0.0,0,0.0,0.0,0.0,0.0,,,,,,,543339
SL,Slider,BR,91,49.19,23,22,6,26.09,1,4.35,45,14,31.11,15.38,18,19.78,35.16,26.67,49.09,22.22,0.091,0.13,0.136,0.266,0.045,543351
FF,4-Seam Fastball,FB,84,45.41,17,13,6,35.29,3,17.65,35,9,25.71,10.71,10,11.9,22.62,30.36,50.91,21.43,0.154,0.312,0.385,0.6970000000000001,0.231,543351
,,,8,4.32,2,0,0,0.0,2,100.0,0,0,,0.0,0,0.0,0.0,,0.0,,,1.0,,,,543351
SI,Sinker,FB,2,1.08,0,0,0,,0,,1,1,100.0,50.0,0,0.0,50.0,0.0,0.0,,,,,,,543351
FF,4-Seam Fastball,FB,479,35.14,142,124,19,13.38,15,10.56,242,33,13.64,6.89,94,19.62,26.51,26.34,27.91,19.79,0.234,0.319,0.476,0.7949999999999999,0.2419999999999999,543475
CU,Curveball,BR,254,18.64,47,43,13,27.66,3,6.38,83,20,24.1,7.87,33,12.99,20.87,18.67,24.42,15.48,0.233,0.277,0.465,0.742,0.232,543475
CH,Changeup,OS,254,18.64,67,66,10,14.93,1,1.49,116,32,27.59,12.6,16,6.3,18.9,30.51,19.19,13.64,0.258,0.269,0.424,0.6930000000000001,0.1659999999999999,543475
FC,Cutter,FB,203,14.89,50,47,4,8.0,2,4.0,119,24,20.17,11.82,25,12.32,24.14,34.44,6.69,17.39,0.277,0.3,0.638,0.938,0.361,543475
ST,Sweeper,BR,92,6.75,15,14,2,13.33,1,6.67,41,6,14.63,6.52,18,19.57,26.09,29.79,8.43,6.9,0.286,0.333,0.786,1.119,0.5,543475
SI,Sinker,FB,80,5.87,35,32,10,28.57,2,5.71,42,12,28.57,15.0,11,13.75,28.75,9.09,13.08,22.22,0.281,0.343,0.531,0.8740000000000001,0.25,543475
FA,Other,,1,0.07,0,0,0,,0,,0,0,,0.0,0,0.0,0.0,0.0,0.29,0.0,,,,,,543475
FF,4-Seam Fastball,FB,126,40.51,34,28,5,14.71,6,17.65,65,21,32.31,16.67,9,7.14,23.81,26.15,47.37,13.89,0.214,0.353,0.464,0.817,0.25,543507
CH,Changeup,OS,106,34.08,25,22,6,24.0,1,4.0,51,17,33.33,16.04,23,21.7,37.74,34.0,30.26,26.09,0.136,0.16,0.136,0.296,0.0,543507
SL,Slider,BR,53,17.04,20,19,1,5.0,1,5.0,26,1,3.85,1.89,10,18.87,20.75,19.05,17.11,7.69,0.263,0.3,0.368,0.6679999999999999,0.1049999999999999,543507
,,,21,6.75,5,0,0,0.0,5,100.0,0,0,,0.0,0,0.0,0.0,,0.0,,,1.0,,,,543507
ST,Sweeper,BR,4,1.29,0,0,0,,0,,1,0,0.0,0.0,1,25.0,25.0,0.0,3.95,0.0,,,,,,543507
PO,Pitch Out,,1,0.32,0,0,0,,0,,0,0,,0.0,0,0.0,0.0,0.0,1.32,0.0,,,,,,543507
FF,4-Seam Fastball,FB,283,48.05,59,52,19,32.2,5,8.47,107,18,16.82,6.36,81,28.62,34.98,17.36,38.38,26.76,0.135,0.237,0.288,0.5249999999999999,0.1529999999999999,543518
FS,Split-Finger,OS,268,45.5,73,66,19,26.03,5,6.85,145,62,42.76,23.13,19,7.09,30.22,39.31,55.68,18.45,0.167,0.222,0.318,0.54,0.151,543518
SL,Slider,BR,27,4.58,5,4,2,40.0,1,20.0,7,3,42.86,11.11,1,3.7,14.81,5.56,5.95,18.18,0.5,0.6,1.5,2.1,1.0,543518
,,,9,1.53,2,0,0,0.0,2,100.0,0,0,,0.0,0,0.0,0.0,,0.0,,,1.0,,,,543518
SI,Sinker,FB,2,0.34,1,1,0,0.0,0,0.0,1,0,0.0,0.0,0,0.0,0.0,0.0,0.0,,0.0,0.0,0.0,0.0,0.0,543518
ST,Sweeper,BR,252,48.18,63,58,18,28.57,4,6.35,102,32,31.37,12.7,53,21.03,33.73,25.35,55.87,18.0,0.241,0.302,0.362,0.6639999999999999,0.121,543521
FC,Cutter,FB,227,43.4,58,52,8,13.79,5,8.62,127,36,28.35,15.86,35,15.42,31.28,32.63,30.73,14.55,0.25,0.316,0.288,0.604,0.0379999999999999,543521
FF,4-Seam Fastball,FB,19,3.63,3,3,1,33.33,0,0.0,10,2,20.0,10.53,0,0.0,10.53,18.18,5.03,11.11,0.0,0.0,0.0,0.0,0.0,543521
CU,Curveball,BR,14,2.68,3,3,0,0.0,0,0.0,4,0,0.0,0.0,0,0.0,0.0,9.09,6.7,0.0,0.0,0.0,0.0,0.0,0.0,543521
,,,6,1.15,1,0,0,0.0,1,100.0,0,0,,0.0,0,0.0,0.0,,0.0,,,1.0,,,,543521
CH,Changeup,OS,4,0.76,0,0,0,,0,,0,0,,0.0,0,0.0,0.0,0.0,1.12,0.0,,,,,,543521
CS,Slow Curve,BR,1,0.19,0,0,0,,0,,0,0,,0.0,0,0.0,0.0,0.0,0.56,0.0,,,,,,543521
FA,Other,,25,96.15,5,3,0,0.0,2,40.0,10,1,10.0,4.0,4,16.0,20.0,14.29,91.67,0.0,0.333,0.6,0.333,0.933,0.0,543543
EP,Eephus,,1,3.85,0,0,0,,0,,0,0,,0.0,0,0.0,0.0,0.0,8.33,0.0,,,,,,543543
FF,4-Seam Fastball,FB,23,50.0,7,6,1,14.29,1,14.29,14,1,7.14,4.35,4,17.39,21.74,16.67,68.75,9.09,0.0,0.143,0.0,0.143,0.0,543548
SL,Slider,BR,17,36.96,3,2,0,0.0,0,0.0,9,3,33.33,17.65,2,11.76,29.41,41.67,18.75,0.0,0.0,0.0,0.0,0.0,0.0,543548
CH,Changeup,OS,6,13.04,1,0,0,0.0,1,100.0,2,1,50.0,16.67,0,0.0,16.67,20.0,12.5,0.0,,1.0,,,,543548
ST,Sweeper,BR,7,50.0,3,3,0,0.0,0,0.0,4,0,0.0,0.0,0,0.0,0.0,40.0,50.0,0.0,0.333,0.333,0.667,1.0,0.334,543594
FF,4-Seam Fastball,FB,4,28.57,2,1,0,0.0,1,50.0,2,1,50.0,25.0,0,0.0,25.0,0.0,50.0,0.0,1.0,1.0,4.0,5.0,3.0,543594
CU,Curveball,BR,1,7.14,1,1,0,0.0,0,0.0,1,0,0.0,0.0,0,0.0,0.0,100.0,0.0,,0.0,0.0,0.0,0.0,0.0,543594
FC,Cutter,FB,1,7.14,0,0,0,,0,,1,0,0.0,0.0,0,0.0,0.0,,0.0,,,,,,,543594
,,,1,7.14,0,0,0,,0,,0,0,,0.0,0,0.0,0.0,,0.0,,,,,,,543594
FC,Cutter,FB,165,48.1,36,32,4,11.11,4,11.11,72,9,12.5,5.45,31,18.79,24.24,19.23,40.91,8.89,0.344,0.417,0.406,0.823,0.062,543766
CU,Curveball,BR,59,17.2,9,8,4,44.44,0,0.0,20,9,45.0,15.25,16,27.12,42.37,23.53,9.09,40.0,0.125,0.222,0.125,0.347,0.0,543766
ST,Sweeper,BR,56,16.33,20,16,6,30.0,2,10.0,32,9,28.12,16.07,5,8.93,25.0,42.86,30.0,18.18,0.188,0.35,0.25,0.6,0.062,543766
SI,Sinker,FB,42,12.24,10,9,1,10.0,0,0.0,17,2,11.76,4.76,4,9.52,14.29,16.0,10.0,9.09,0.222,0.2,0.222,0.422,0.0,543766
CH,Changeup,OS,21,6.12,8,7,3,37.5,1,12.5,10,3,30.0,14.29,4,19.05,33.33,41.67,10.0,27.27,0.143,0.25,0.143,0.393,0.0,543766
FF,4-Seam Fastball,FB,393,63.59,99,89,20,20.2,8,8.08,212,46,21.7,11.7,64,16.28,27.99,24.68,57.28,16.95,0.258,0.316,0.438,0.754,0.18,543859
SL,Slider,BR,214,34.63,52,47,13,25.0,3,5.77,98,29,29.59,13.55,31,14.49,28.04,34.33,42.23,14.94,0.234,0.308,0.298,0.606,0.0639999999999999,543859
ST,Sweeper,BR,7,1.13,1,1,0,0.0,0,0.0,2,0,0.0,0.0,1,14.29,14.29,20.0,0.49,0.0,0.0,0.0,0.0,0.0,0.0,543859
,,,4,0.65,1,0,0,0.0,1,100.0,0,0,,0.0,0,0.0,0.0,,0.0,,,1.0,,,,543859
SI,Sinker,FB,37,41.11,15,15,2,13.33,0,0.0,21,4,19.05,10.81,5,13.51,24.32,14.29,40.0,25.0,0.133,0.133,0.267,0.4,0.134,543901
SL,Slider,BR,28,31.11,1,1,0,0.0,0,0.0,6,2,33.33,7.14,8,28.57,35.71,11.76,25.0,0.0,1.0,1.0,1.0,2.0,0.0,543901
CH,Changeup,OS,25,27.78,10,10,3,30.0,0,0.0,17,6,35.29,24.0,5,20.0,44.0,66.67,35.0,42.86,0.3,0.3,0.6,0.8999999999999999,0.3,543901
FF,4-Seam Fastball,FB,35,36.46,11,6,1,9.09,5,45.45,14,2,14.29,5.71,4,11.43,17.14,6.25,47.83,9.09,0.333,0.636,0.5,1.136,0.1669999999999999,544727
FS,Split-Finger,OS,23,23.96,4,4,0,0.0,0,0.0,9,2,22.22,8.7,2,8.7,17.39,14.29,4.35,0.0,0.5,0.5,0.5,1.0,0.0,544727
SL,Slider,BR,20,20.83,6,4,1,16.67,1,16.67,9,3,33.33,15.0,0,0.0,15.0,15.38,43.48,10.0,0.25,0.333,0.5,0.833,0.25,544727
SI,Sinker,FB,18,18.75,6,6,0,0.0,0,0.0,10,2,20.0,11.11,4,22.22,33.33,33.33,4.35,0.0,0.167,0.167,0.167,0.334,0.0,544727
EP,Eephus,,12,70.59,4,3,0,0.0,0,0.0,5,0,0.0,0.0,1,8.33,8.33,33.33,100.0,0.0,0.0,0.25,0.0,0.25,0.0,545121
FA,Other,,4,23.53,3,3,0,0.0,0,0.0,3,0,0.0,0.0,1,25.0,25.0,100.0,0.0,,0.667,0.667,1.667,2.334,1.0,545121
CS,Slow Curve,BR,1,5.88,0,0,0,,0,,1,0,0.0,0.0,0,0.0,0.0,,0.0,,,,,,,545121
FF,4-Seam Fastball,FB,614,43.76,147,125,30,20.41,20,13.61,289,52,17.99,8.47,116,18.89,27.36,19.85,38.81,18.4,0.2,0.308,0.272,0.5800000000000001,0.072,547179
CH,Changeup,OS,459,32.72,129,119,29,22.48,7,5.43,252,82,32.54,17.86,31,6.75,24.62,38.6,40.48,17.06,0.185,0.228,0.387,0.615,0.202,547179
SL,Slider,BR,255,18.18,65,61,11,16.92,4,6.15,112,30,26.79,11.76,47,18.43,30.2,26.09,17.86,14.67,0.262,0.308,0.426,0.734,0.1639999999999999,547179
FC,Cutter,FB,24,1.71,7,5,0,0.0,1,14.29,14,3,21.43,12.5,3,12.5,25.0,30.0,0.95,0.0,0.6,0.714,1.2,1.914,0.6,547179
CU,Curveball,BR,23,1.64,3,3,0,0.0,0,0.0,10,2,20.0,8.7,8,34.78,43.48,45.45,1.19,0.0,0.667,0.667,1.667,2.334,1.0,547179
SI,Sinker,FB,19,1.35,2,2,0,0.0,0,0.0,6,1,16.67,5.26,6,31.58,36.84,0.0,0.71,0.0,0.0,0.0,0.0,0.0,0.0,547179
ST,Sweeper,BR,6,0.43,1,1,0,0.0,0,0.0,3,2,66.67,33.33,0,0.0,33.33,25.0,0.0,,1.0,1.0,4.0,5.0,3.0,547179
,,,3,0.21,0,0,0,,0,,0,0,,0.0,1,33.33,33.33,,0.0,,,,,,,547179
ST,Sweeper,BR,43,37.72,9,8,4,44.44,1,11.11,22,7,31.82,16.28,9,20.93,37.21,38.1,40.91,22.22,0.0,0.111,0.0,0.111,0.0,547184
SL,Slider,BR,32,28.07,6,5,1,16.67,1,16.67,14,5,35.71,15.62,9,28.12,43.75,30.77,13.64,16.67,0.2,0.333,0.2,0.533,0.0,547184
FF,4-Seam Fastball,FB,31,27.19,12,10,4,33.33,2,16.67,14,5,35.71,16.13,1,3.23,19.35,25.0,40.91,22.22,0.3,0.417,0.3,0.717,0.0,547184
SI,Sinker,FB,8,7.02,0,0,0,,0,,2,0,0.0,0.0,1,12.5,12.5,0.0,4.55,0.0,,,,,,547184
FF,4-Seam Fastball,FB,86,45.99,19,15,2,10.53,4,21.05,32,5,15.62,5.81,18,20.93,26.74,10.26,40.68,8.33,0.133,0.316,0.333,0.649,0.2,547943
CU,Curveball,BR,42,22.46,10,10,4,40.0,0,0.0,17,9,52.94,21.43,9,21.43,42.86,33.33,27.12,25.0,0.2,0.2,0.3,0.5,0.0999999999999999,547943
FC,Cutter,FB,34,18.18,12,11,1,8.33,1,8.33,21,3,14.29,8.82,4,11.76,20.59,37.5,16.95,10.0,0.455,0.5,0.545,1.045,0.09,547943
CH,Changeup,OS,17,9.09,3,2,0,0.0,1,33.33,6,0,0.0,0.0,3,17.65,17.65,12.5,10.17,0.0,1.0,1.0,2.5,3.5,1.5,547943
SI,Sinker,FB,8,4.28,2,2,0,0.0,0,0.0,5,0,0.0,0.0,0,0.0,0.0,25.0,5.08,0.0,0.0,0.0,0.0,0.0,0.0,547943
FF,4-Seam Fastball,FB,101,48.79,23,14,8,34.78,7,30.43,37,17,45.95,16.83,14,13.86,30.69,16.67,47.46,28.57,0.214,0.5,0.214,0.714,0.0,547973
SL,Slider,BR,94,45.41,23,19,8,34.78,3,13.04,43,21,48.84,22.34,20,21.28,43.62,31.11,44.07,30.77,0.263,0.348,0.263,0.611,0.0,547973
SI,Sinker,FB,8,3.86,3,3,1,33.33,0,0.0,5,0,0.0,0.0,2,25.0,25.0,50.0,8.47,20.0,0.333,0.333,0.333,0.666,0.0,547973
FS,Split-Finger,OS,2,0.97,1,1,0,0.0,0,0.0,2,1,50.0,50.0,0,0.0,50.0,,0.0,,0.0,0.0,0.0,0.0,0.0,547973
,,,2,0.97,0,0,0,,0,,0,0,,0.0,0,0.0,0.0,,0.0,,,,,,,547973
ST,Sweeper,BR,230,50.55,64,62,24,37.5,2,3.12,117,43,36.75,18.7,35,15.22,33.91,36.36,75.17,21.43,0.194,0.219,0.258,0.477,0.064,548384
SI,Sinker,FB,140,30.77,24,18,3,12.5,4,16.67,43,9,20.93,6.43,36,25.71,32.14,10.81,16.78,12.0,0.444,0.583,0.778,1.361,0.334,548384
FC,Cutter,FB,71,15.6,13,10,3,23.08,1,7.69,26,6,23.08,8.45,23,32.39,40.85,21.88,4.7,42.86,0.2,0.308,0.6,0.908,0.3999999999999999,548384
,,,9,1.98,3,1,1,33.33,2,66.67,0,0,,0.0,0,0.0,0.0,,0.67,100.0,0.0,0.667,0.0,0.667,0.0,548384
FF,4-Seam Fastball,FB,4,0.88,1,1,0,0.0,0,0.0,1,0,0.0,0.0,1,25.0,25.0,0.0,2.01,0.0,1.0,1.0,1.0,2.0,0.0,548384
CH,Changeup,OS,1,0.22,0,0,0,,0,,0,0,,0.0,0,0.0,0.0,0.0,0.67,0.0,,,,,,548384
CH,Changeup,OS,211,32.76,66,66,18,27.27,0,0.0,124,45,36.29,21.33,12,5.69,27.01,34.48,38.69,23.38,0.273,0.273,0.379,0.652,0.1059999999999999,548389
FF,4-Seam Fastball,FB,197,30.59,51,44,14,27.45,7,13.73,96,25,26.04,12.69,38,19.29,31.98,19.75,36.68,19.18,0.295,0.392,0.523,0.915,0.228,548389
SL,Slider,BR,106,16.46,28,23,5,17.86,3,10.71,43,6,13.95,5.66,23,21.7,27.36,6.0,14.07,17.86,0.304,0.407,0.826,1.233,0.522,548389
KC,Knuckle Curve,BR,84,13.04,5,5,1,20.0,0,0.0,19,4,21.05,4.76,31,36.9,41.67,10.0,3.02,16.67,0.2,0.2,0.2,0.4,0.0,548389
SI,Sinker,FB,32,4.97,8,8,0,0.0,0,0.0,16,4,25.0,12.5,6,18.75,31.25,37.5,3.52,0.0,0.375,0.375,0.875,1.25,0.5,548389
FC,Cutter,FB,7,1.09,3,3,2,66.67,0,0.0,3,1,33.33,14.29,1,14.29,28.57,0.0,2.01,50.0,0.333,0.333,0.333,0.666,0.0,548389
FS,Split-Finger,OS,5,0.78,0,0,0,,0,,2,2,100.0,40.0,0,0.0,40.0,25.0,1.01,0.0,,,,,,548389
,,,2,0.31,0,0,0,,0,,0,0,,0.0,0,0.0,0.0,,1.01,0.0,,,,,,548389
SI,Sinker,FB,34,42.5,8,7,0,0.0,1,12.5,19,4,21.05,11.76,6,17.65,29.41,52.38,25.71,0.0,0.143,0.25,0.571,0.821,0.4279999999999999,552640
SL,Slider,BR,23,28.75,6,6,3,50.0,0,0.0,12,2,16.67,8.7,3,13.04,21.74,30.0,48.57,17.65,0.0,0.0,0.0,0.0,0.0,552640
FF,4-Seam Fastball,FB,22,27.5,5,4,0,0.0,1,20.0,16,2,12.5,9.09,0,0.0,9.09,37.5,25.71,0.0,0.25,0.4,0.25,0.65,0.0,552640
,,,1,1.25,0,0,0,,0,,0,0,,0.0,0,0.0,0.0,,0.0,,,,,,,552640
FF,4-Seam Fastball,FB,187,42.4,44,38,12,27.27,4,9.09,93,30,32.26,16.04,21,11.23,27.27,16.87,46.15,20.0,0.263,0.349,0.474,0.823,0.2109999999999999,554340
CU,Curveball,BR,149,33.79,36,32,16,44.44,1,2.78,52,23,44.23,15.44,35,23.49,38.93,23.46,33.85,36.36,0.188,0.229,0.219,0.448,0.031,554340
CH,Changeup,OS,68,15.42,19,18,5,26.32,1,5.26,36,16,44.44,23.53,5,7.35,30.88,37.21,10.77,35.71,0.278,0.316,0.444,0.76,0.1659999999999999,554340
SL,Slider,BR,30,6.8,7,4,3,42.86,3,42.86,14,6,42.86,20.0,6,20.0,40.0,44.44,8.46,27.27,0.25,0.571,0.25,0.821,0.0,554340
SI,Sinker,FB,5,1.13,1,1,0,0.0,0,0.0,2,1,50.0,20.0,2,40.0,60.0,50.0,0.77,0.0,0.0,0.0,0.0,0.0,0.0,554340
ST,Sweeper,BR,1,0.23,0,0,0,,0,,0,0,,0.0,1,100.0,100.0,0.0,0.0,,,,,,,554340
,,,1,0.23,1,0,0,0.0,1,100.0,0,0,,0.0,0,0.0,0.0,,0.0,,,1.0,,,,554340
FF,4-Seam Fastball,FB,812,51.17,200,182,48,24.0,14,7.0,435,116,26.67,14.29,128,15.76,30.05,27.35,46.72,21.27,0.253,0.302,0.418,0.72,0.1649999999999999,554430
FC,Cutter,FB,418,26.34,114,108,19,16.67,4,3.51,220,50,22.73,11.96,40,9.57,21.53,25.25,24.31,16.52,0.269,0.307,0.417,0.724,0.1479999999999999,554430
CU,Curveball,BR,270,17.01,71,66,17,23.94,4,5.63,134,42,31.34,15.56,26,9.63,25.19,41.54,21.14,17.0,0.258,0.296,0.394,0.69,0.136,554430
ST,Sweeper,BR,46,2.9,18,15,2,11.11,1,5.56,29,7,24.14,15.22,7,15.22,30.43,44.44,3.17,13.33,0.333,0.389,0.467,0.8560000000000001,0.134,554430
SI,Sinker,FB,30,1.89,10,7,4,40.0,2,20.0,7,0,0.0,0.0,7,23.33,23.33,5.88,3.38,25.0,0.143,0.4,0.143,0.543,0.0,554430
CH,Changeup,OS,11,0.69,1,1,0,0.0,0,0.0,5,0,0.0,0.0,0,0.0,0.0,25.0,1.27,0.0,1.0,1.0,1.0,2.0,0.0,554430
SI,Sinker,FB,44,60.27,10,9,1,10.0,1,10.0,12,1,8.33,2.27,16,36.36,38.64,11.76,37.5,16.67,0.222,0.3,0.222,0.522,0.0,570257
SL,Slider,BR,13,17.81,3,3,0,0.0,0,0.0,6,1,16.67,7.69,0,0.0,7.69,30.0,12.5,0.0,0.333,0.333,0.333,0.666,0.0,570257
CH,Changeup,OS,12,16.44,4,4,2,50.0,0,0.0,6,2,33.33,16.67,1,8.33,25.0,16.67,43.75,28.57,0.25,0.25,0.5,0.75,0.25,570257
FF,4-Seam Fastball,FB,3,4.11,1,1,1,100.0,0,0.0,1,1,100.0,33.33,2,66.67,100.0,,6.25,100.0,0.0,0.0,0.0,0.0,0.0,570257
,,,1,1.37,0,0,0,,0,,0,0,,0.0,0,0.0,0.0,,0.0,,,,,,,570257
CH,Changeup,OS,163,38.63,41,37,8,19.51,3,7.32,76,20,26.32,12.27,16,9.82,22.09,28.85,47.75,15.09,0.243,0.293,0.432,0.725,0.189,570632
SI,Sinker,FB,156,36.97,49,41,1,2.04,7,14.29,80,12,15.0,7.69,26,16.67,24.36,37.65,23.42,3.85,0.366,0.458,0.634,1.092,0.268,570632
SL,Slider,BR,52,12.32,15,14,6,40.0,1,6.67,22,7,31.82,13.46,6,11.54,25.0,22.58,22.52,24.0,0.286,0.333,0.5,0.833,0.214,570632
FF,4-Seam Fastball,FB,51,12.09,10,10,0,0.0,0,0.0,21,1,4.76,1.96,9,17.65,19.61,20.0,6.31,0.0,0.3,0.3,0.8,1.1,0.5,570632
SL,Slider,BR,70,30.84,14,13,2,14.29,1,7.14,21,2,9.52,2.86,17,24.29,27.14,21.95,37.5,9.52,0.308,0.357,0.462,0.819,0.154,570666
FF,4-Seam Fastball,FB,69,30.4,24,20,0,0.0,4,16.67,36,2,5.56,2.9,13,18.84,21.74,17.39,23.21,0.0,0.55,0.625,0.9,1.525,0.35,570666
CH,Changeup,OS,66,29.07,17,15,2,11.76,1,5.88,32,6,18.75,9.09,5,7.58,16.67,40.0,33.93,10.53,0.4,0.412,0.533,0.945,0.133,570666
SI,Sinker,FB,21,9.25,7,7,0,0.0,0,0.0,10,0,0.0,0.0,3,14.29,14.29,0.0,5.36,0.0,0.429,0.429,1.286,1.715,0.857,570666
,,,1,0.44,0,0,0,,0,,0,0,,0.0,0,0.0,0.0,,0.0,,,,,,,570666
CH,Changeup,OS,5,71.43,1,1,0,0.0,0,0.0,4,1,25.0,20.0,0,0.0,20.0,0.0,60.0,0.0,0.0,0.0,0.0,0.0,0.0,570731
CU,Curveball,BR,1,14.29,0,0,0,,0,,0,0,,0.0,0,0.0,0.0,0.0,20.0,0.0,,,,,,570731
FA,Other,,1,14.29,0,0,0,,0,,1,0,0.0,0.0,0,0.0,0.0,,20.0,0.0,,,,,,570731
EP,Eephus,,12,100.0,6,6,0,0.0,0,0.0,6,0,0.0,0.0,2,16.67,16.67,54.55,,,0.167,0.167,0.167,0.334,0.0,571466
FF,4-Seam Fastball,FB,77,45.56,20,14,3,15.0,5,25.0,32,10,31.25,12.99,13,16.88,29.87,21.95,36.54,15.79,0.214,0.4,0.429,0.829,0.215,571479
SL,Slider,BR,72,42.6,14,12,4,28.57,2,14.29,31,12,38.71,16.67,14,19.44,36.11,34.78,53.85,14.29,0.25,0.357,0.5,0.857,0.25,571479
CH,Changeup,OS,20,11.83,4,4,0,0.0,0,0.0,8,2,25.0,10.0,2,10.0,20.0,41.18,9.62,0.0,0.25,0.25,0.25,0.5,0.0,571479
SL,Slider,BR,95,43.58,26,24,9,34.62,2,7.69,42,16,38.1,16.84,17,17.89,34.74,30.91,65.91,31.03,0.083,0.154,0.125,0.279,0.0419999999999999,571510
SI,Sinker,FB,53,24.31,19,16,0,0.0,3,15.79,31,6,19.35,11.32,7,13.21,24.53,28.57,6.82,0.0,0.312,0.421,0.312,0.733,0.0,571510
FF,4-Seam Fastball,FB,50,22.94,16,15,5,31.25,1,6.25,20,7,35.0,14.0,12,24.0,38.0,15.0,22.73,50.0,0.133,0.188,0.2,0.388,0.067,571510
CU,Curveball,BR,12,5.5,2,2,0,0.0,0,0.0,4,1,25.0,8.33,1,8.33,16.67,20.0,0.0,,0.5,0.5,2.0,2.5,1.5,571510
CH,Changeup,OS,8,3.67,0,0,0,,0,,2,1,50.0,12.5,0,0.0,12.5,14.29,4.55,0.0,,,,,,571510
SI,Sinker,FB,108,57.45,29,24,2,6.9,5,17.24,34,6,17.65,5.56,30,27.78,33.33,8.33,34.15,14.29,0.375,0.483,0.667,1.15,0.292,571539
FO,Forkball,OS,62,32.98,17,17,3,17.65,0,0.0,32,7,21.88,11.29,6,9.68,20.97,36.59,53.66,13.64,0.353,0.353,0.412,0.7649999999999999,0.059,571539
FC,Cutter,FB,14,7.45,5,4,0,0.0,0,0.0,10,2,20.0,14.29,2,14.29,28.57,40.0,4.88,0.0,0.75,0.6,1.75,2.35,1.0,571539
FF,4-Seam Fastball,FB,4,2.13,1,1,0,0.0,0,0.0,4,1,25.0,25.0,0,0.0,25.0,100.0,7.32,0.0,0.0,0.0,0.0,0.0,0.0,571539
SL,Slider,BR,243,46.46,63,60,17,26.98,3,4.76,119,43,36.13,17.7,31,12.76,30.45,36.43,53.42,21.79,0.15,0.19,0.283,0.473,0.1329999999999999,571578
FF,4-Seam Fastball,FB,145,27.72,32,29,2,6.25,2,6.25,54,8,14.81,5.52,36,24.83,30.34,8.93,10.27,13.33,0.414,0.438,0.724,1.162,0.31,571578
SI,Sinker,FB,134,25.62,46,37,5,10.87,5,10.87,68,6,8.82,4.48,23,17.16,21.64,35.09,36.3,9.43,0.297,0.409,0.297,0.706,0.0,571578
CH,Changeup,OS,1,0.19,0,0,0,,0,,1,0,0.0,0.0,0,0.0,0.0,,0.0,,,,,,,571578
SI,Sinker,FB,12,33.33,4,3,1,25.0,0,0.0,5,1,20.0,8.33,3,25.0,33.33,42.86,41.67,20.0,0.0,0.25,0.0,0.25,0.0,571616
FF,4-Seam Fastball,FB,11,30.56,1,1,0,0.0,0,0.0,5,2,40.0,18.18,0,0.0,18.18,28.57,41.67,0.0,0.0,0.0,0.0,0.0,0.0,571616
SL,Slider,BR,9,25.0,0,0,0,,0,,3,0,0.0,0.0,1,11.11,11.11,0.0,0.0,,,,,,,571616
FC,Cutter,FB,3,8.33,2,1,0,0.0,1,50.0,2,0,0.0,0.0,0,0.0,0.0,66.67,16.67,0.0,0.0,0.5,0.0,0.5,0.0,571616
CH,Changeup,OS,1,2.78,1,1,0,0.0,0,0.0,1,0,0.0,0.0,0,0.0,0.0,,0.0,,1.0,1.0,1.0,2.0,0.0,571616
FF,4-Seam Fastball,FB,229,45.35,63,51,12,19.05,11,17.46,105,20,19.05,8.73,31,13.54,22.27,17.54,46.1,18.46,0.275,0.397,0.529,0.926,0.254,571656
CH,Changeup,OS,160,31.68,34,30,7,20.59,4,11.76,66,20,30.3,12.5,16,10.0,22.5,24.49,26.95,18.42,0.233,0.324,0.4,0.724,0.167,571656
SL,Slider,BR,115,22.77,20,20,7,35.0,0,0.0,48,14,29.17,12.17,33,28.7,40.87,34.69,26.24,18.92,0.15,0.15,0.15,0.3,0.0,571656
SI,Sinker,FB,1,0.2,1,1,0,0.0,0,0.0,1,0,0.0,0.0,0,0.0,0.0,,0.71,0.0,0.0,0.0,0.0,0.0,0.0,571656
FF,4-Seam Fastball,FB,188,39.92,33,30,10,30.3,3,9.09,89,25,28.09,13.3,29,15.43,28.72,29.03,42.45,16.95,0.3,0.364,0.6,0.964,0.3,571670
SI,Sinker,FB,102,21.66,31,28,11,35.48,3,9.68,41,4,9.76,3.92,30,29.41,33.33,20.51,29.5,26.83,0.429,0.484,0.5,0.984,0.071,571670
CH,Changeup,OS,97,20.59,29,27,0,0.0,1,3.45,48,10,20.83,10.31,9,9.28,19.59,33.33,20.14,0.0,0.37,0.379,0.556,0.935,0.186,571670
SL,Slider,BR,77,16.35,15,14,4,26.67,1,6.67,24,6,25.0,7.79,17,22.08,29.87,15.09,7.91,36.36,0.429,0.467,0.643,1.11,0.214,571670
,,,7,1.49,3,0,0,0.0,3,100.0,0,0,,0.0,0,0.0,0.0,,0.0,,,1.0,,,,571670
CH,Changeup,OS,6,33.33,1,1,0,0.0,0,0.0,3,0,0.0,0.0,0,0.0,0.0,25.0,0.0,,0.0,0.0,0.0,0.0,0.0,571710
SI,Sinker,FB,5,27.78,2,2,0,0.0,0,0.0,3,0,0.0,0.0,1,20.0,20.0,50.0,0.0,,0.5,0.5,0.5,1.0,0.0,571710
,,,4,22.22,1,0,0,0.0,1,100.0,0,0,,0.0,0,0.0,0.0,,0.0,,,1.0,,,,571710
FF,4-Seam Fastball,FB,3,16.67,2,1,0,0.0,1,50.0,2,0,0.0,0.0,0,0.0,0.0,0.0,100.0,0.0,0.0,0.5,0.0,0.5,0.0,571710
FF,4-Seam Fastball,FB,300,55.35,73,58,12,16.44,14,19.18,104,13,12.5,4.33,79,26.33,30.67,15.75,50.6,14.12,0.31,0.452,0.414,0.866,0.1039999999999999,571760
SL,Slider,BR,235,43.36,55,47,14,25.45,8,14.55,107,36,33.64,15.32,22,9.36,24.68,27.89,48.81,15.85,0.234,0.345,0.383,0.728,0.149,571760
CH,Changeup,OS,3,0.55,0,0,0,,0,,3,1,33.33,33.33,0,0.0,33.33,100.0,0.0,,,,,,,571760
CU,Curveball,BR,3,0.55,0,0,0,,0,,0,0,,0.0,1,33.33,33.33,0.0,0.6,0.0,,,,,,571760
SI,Sinker,FB,1,0.18,0,0,0,,0,,0,0,,0.0,0,0.0,0.0,0.0,0.0,,,,,,,571760
FF,4-Seam Fastball,FB,145,54.72,35,32,3,8.57,3,8.57,78,14,17.95,9.66,24,16.55,26.21,26.32,45.45,8.57,0.344,0.4,0.469,0.869,0.125,571863
FC,Cutter,FB,112,42.26,34,32,12,35.29,1,2.94,54,17,31.48,15.18,18,16.07,31.25,28.57,45.45,34.29,0.312,0.353,0.531,0.884,0.219,571863
SL,Slider,BR,8,3.02,4,4,2,50.0,0,0.0,3,0,0.0,0.0,2,25.0,25.0,25.0,9.09,28.57,0.5,0.5,0.5,1.0,0.0,571863
EP,Eephus,,5,83.33,1,1,0,0.0,0,0.0,1,0,0.0,0.0,1,20.0,20.0,25.0,,,0.0,0.0,0.0,0.0,0.0,571875
FA,Other,,1,16.67,1,1,0,0.0,0,0.0,1,0,0.0,0.0,0,0.0,0.0,,,,1.0,1.0,2.0,3.0,1.0,571875
FC,Cutter,FB,207,44.42,47,34,5,10.64,12,25.53,87,16,18.39,7.73,41,19.81,27.54,27.52,35.81,9.43,0.206,0.426,0.206,0.632,0.0,571882
FF,4-Seam Fastball,FB,90,19.31,23,22,7,30.43,1,4.35,40,9,22.5,10.0,9,10.0,20.0,17.02,23.65,20.0,0.273,0.304,0.591,0.895,0.3179999999999999,571882
SL,Slider,BR,72,15.45,22,22,6,27.27,0,0.0,38,12,31.58,16.67,9,12.5,29.17,34.21,25.0,16.22,0.273,0.273,0.364,0.637,0.0909999999999999,571882
CU,Curveball,BR,59,12.66,11,11,2,18.18,0,0.0,20,5,25.0,8.47,16,27.12,35.59,11.54,6.76,20.0,0.273,0.273,0.545,0.8180000000000001,0.272,571882
CH,Changeup,OS,24,5.15,8,8,1,12.5,0,0.0,13,2,15.38,8.33,0,0.0,8.33,25.0,6.76,10.0,0.125,0.125,0.125,0.25,0.0,571882
SI,Sinker,FB,13,2.79,2,1,0,0.0,1,50.0,8,2,25.0,15.38,1,7.69,23.08,33.33,2.03,0.0,1.0,1.0,1.0,2.0,0.0,571882
,,,1,0.21,0,0,0,,0,,0,0,,0.0,0,0.0,0.0,,0.0,,,,,,,571882
SI,Sinker,FB,161,60.98,49,48,7,14.29,1,2.04,80,10,12.5,6.21,43,26.71,32.92,30.19,54.05,17.5,0.417,0.429,0.542,0.971,0.125,571901
FC,Cutter,FB,73,27.65,19,19,5,26.32,0,0.0,38,9,23.68,12.33,10,13.7,26.03,35.9,22.97,29.41,0.158,0.158,0.158,0.316,0.0,571901
CU,Curveball,BR,28,10.61,9,9,2,22.22,0,0.0,15,3,20.0,10.71,2,7.14,17.86,31.25,21.62,12.5,0.333,0.333,0.444,0.777,0.1109999999999999,571901
CH,Changeup,OS,1,0.38,0,0,0,,0,,0,0,,0.0,0,0.0,0.0,,0.0,,,,,,,571901
FF,4-Seam Fastball,FB,1,0.38,1,0,0,0.0,1,100.0,0,0,,0.0,0,0.0,0.0,0.0,1.35,0.0,,1.0,,,,571901
FA,Other,,27,93.1,10,9,0,0.0,0,0.0,18,4,22.22,14.81,2,7.41,22.22,25.0,83.33,0.0,0.222,0.2,0.222,0.422,0.0,571912
KN,Knuckleball,,2,6.9,1,1,0,0.0,0,0.0,1,0,0.0,0.0,0,0.0,0.0,0.0,16.67,0.0,1.0,1.0,2.0,3.0,1.0,571912
SI,Sinker,FB,243,66.94,57,49,11,19.3,6,10.53,105,20,19.05,8.23,56,23.05,31.28,19.35,60.38,17.19,0.224,0.321,0.306,0.627,0.0819999999999999,571927
CU,Curveball,BR,82,22.59,18,16,3,16.67,0,0.0,34,7,20.59,8.54,11,13.41,21.95,19.05,20.75,13.64,0.125,0.176,0.312,0.488,0.187,571927
CH,Changeup,OS,32,8.82,14,13,5,35.71,1,7.14,21,8,38.1,25.0,2,6.25,31.25,65.0,16.98,27.78,0.231,0.286,0.231,0.517,0.0,571927
SL,Slider,BR,6,1.65,1,1,0,0.0,0,0.0,1,0,0.0,0.0,3,50.0,50.0,0.0,1.89,0.0,1.0,1.0,1.0,2.0,0.0,571927
FF,4-Seam Fastball,FB,409,27.34,112,105,20,17.86,4,3.57,223,36,16.14,8.8,77,18.83,27.63,33.13,30.14,15.5,0.333,0.36,0.552,0.912,0.219,571945
SI,Sinker,FB,316,21.12,108,100,17,15.74,7,6.48,168,15,8.93,4.75,73,23.1,27.85,23.53,23.83,16.67,0.34,0.383,0.61,0.993,0.2699999999999999,571945
CU,Curveball,BR,313,20.92,76,73,11,14.47,2,2.63,131,21,16.03,6.71,57,18.21,24.92,20.13,19.86,12.94,0.247,0.263,0.411,0.6739999999999999,0.1639999999999999,571945
SL,Slider,BR,285,19.05,56,51,13,23.21,1,1.79,141,38,26.95,13.33,42,14.74,28.07,33.77,17.99,16.88,0.235,0.255,0.333,0.5880000000000001,0.098,571945
CH,Changeup,OS,165,11.03,56,53,1,1.79,2,3.57,91,8,8.79,4.85,15,9.09,13.94,25.97,7.94,2.94,0.189,0.214,0.396,0.61,0.207,571945
CS,Slow Curve,BR,7,0.47,1,1,0,0.0,0,0.0,2,0,0.0,0.0,0,0.0,0.0,20.0,0.23,0.0,0.0,0.0,0.0,0.0,0.0,571945
,,,1,0.07,0,0,0,,0,,0,0,,0.0,0,0.0,0.0,,0.0,,,,,,,571945
FF,4-Seam Fastball,FB,199,60.49,42,31,11,26.19,10,23.81,80,23,28.75,11.56,50,25.13,36.68,17.11,56.04,21.57,0.097,0.333,0.226,0.559,0.129,571946
FS,Split-Finger,OS,96,29.18,25,24,9,36.0,1,4.0,37,15,40.54,15.62,9,9.38,25.0,21.88,31.87,31.03,0.125,0.16,0.292,0.4519999999999999,0.1669999999999999,571946
ST,Sweeper,BR,29,8.81,7,7,3,42.86,0,0.0,13,3,23.08,10.34,4,13.79,24.14,15.38,12.09,27.27,0.286,0.286,0.429,0.715,0.143,571946
,,,5,1.52,2,0,0,0.0,2,100.0,0,0,,0.0,0,0.0,0.0,,0.0,,,1.0,,,,571946
SI,Sinker,FB,212,43.62,57,49,9,15.79,6,10.53,101,15,14.85,7.08,51,24.06,31.13,47.75,32.92,16.98,0.224,0.316,0.367,0.683,0.143,571948
ST,Sweeper,BR,190,39.09,44,41,12,27.27,2,4.55,65,17,26.15,8.95,46,24.21,33.16,17.92,41.61,17.91,0.098,0.159,0.122,0.281,0.0239999999999999,571948
FF,4-Seam Fastball,FB,82,16.87,18,18,5,27.78,0,0.0,37,9,24.32,10.98,14,17.07,28.05,30.0,24.22,12.82,0.111,0.111,0.111,0.222,0.0,571948
CH,Changeup,OS,2,0.41,2,2,1,50.0,0,0.0,1,0,0.0,0.0,1,50.0,50.0,50.0,1.24,50.0,0.0,0.0,0.0,0.0,0.0,571948
EP,Eephus,,5,100.0,3,3,0,0.0,0,0.0,3,0,0.0,0.0,0,0.0,0.0,0.0,,,0.333,0.333,0.333,0.666,0.0,572008
FF,4-Seam Fastball,FB,179,45.32,47,38,8,17.02,7,14.89,71,9,12.68,5.03,47,26.26,31.28,14.71,44.76,17.02,0.342,0.435,0.447,0.882,0.1049999999999999,572020
FC,Cutter,FB,109,27.59,24,22,4,16.67,2,8.33,48,15,31.25,13.76,14,12.84,26.61,23.44,31.43,12.12,0.182,0.25,0.364,0.614,0.182,572020
KC,Knuckle Curve,BR,56,14.18,10,9,3,30.0,1,10.0,17,6,35.29,10.71,10,17.86,28.57,22.86,15.24,18.75,0.333,0.4,0.333,0.7330000000000001,0.0,572020
SI,Sinker,FB,49,12.41,14,14,1,7.14,0,0.0,26,6,23.08,12.24,5,10.2,22.45,17.39,7.62,12.5,0.286,0.286,0.571,0.857,0.285,572020
CH,Changeup,OS,2,0.51,0,0,0,,0,,1,0,0.0,0.0,0,0.0,0.0,50.0,0.95,0.0,,,,,,572020
FF,4-Seam Fastball,FB,26,34.21,8,6,1,12.5,1,12.5,13,1,7.69,3.85,4,15.38,19.23,25.0,26.92,14.29,0.333,0.429,1.333,1.762,1.0,572193
SL,Slider,BR,22,28.95,6,6,2,33.33,0,0.0,11,4,36.36,18.18,2,9.09,27.27,43.75,46.15,16.67,0.0,0.0,0.0,0.0,0.0,572193
CH,Changeup,OS,13,17.11,2,1,0,0.0,0,0.0,6,0,0.0,0.0,3,23.08,23.08,20.0,15.38,0.0,1.0,1.0,1.0,2.0,0.0,572193
ST,Sweeper,BR,13,17.11,2,2,0,0.0,0,0.0,2,0,0.0,0.0,3,23.08,23.08,0.0,11.54,0.0,0.5,0.5,0.5,1.0,0.0,572193
PO,Pitch Out,,1,1.32,0,0,0,,0,,0,0,,0.0,0,0.0,0.0,0.0,0.0,,,,,,,572193
,,,1,1.32,0,0,0,,0,,0,0,,0.0,0,0.0,0.0,,0.0,,,,,,,572193
FF,4-Seam Fastball,FB,91,28.53,28,25,4,14.29,3,10.71,45,7,15.56,7.69,17,18.68,26.37,15.79,38.1,12.5,0.32,0.393,0.48,0.873,0.1599999999999999,572403
ST,Sweeper,BR,82,25.71,21,20,6,28.57,1,4.76,41,18,43.9,21.95,11,13.41,35.37,31.71,29.76,24.0,0.1,0.143,0.1,0.243,0.0,572403
CH,Changeup,OS,73,22.88,18,15,3,16.67,2,11.11,36,10,27.78,13.7,7,9.59,23.29,30.23,26.19,13.64,0.133,0.222,0.133,0.355,0.0,572403
SI,Sinker,FB,47,14.73,11,10,0,0.0,1,9.09,21,1,4.76,2.13,6,12.77,14.89,17.39,2.38,0.0,0.5,0.545,1.5,2.045,1.0,572403
FC,Cutter,FB,18,5.64,2,2,0,0.0,0,0.0,8,5,62.5,27.78,5,27.78,55.56,37.5,3.57,0.0,0.0,0.0,0.0,0.0,0.0,572403
,,,8,2.51,2,0,0,0.0,2,100.0,0,0,,0.0,0,0.0,0.0,,0.0,,,1.0,,,,572403
FC,Cutter,FB,13,44.83,5,4,2,40.0,1,20.0,3,1,33.33,7.69,6,46.15,53.85,16.67,44.44,50.0,0.0,0.2,0.0,0.2,0.0,572888
FF,4-Seam Fastball,FB,9,31.03,3,2,0,0.0,1,33.33,3,0,0.0,0.0,1,11.11,11.11,0.0,33.33,0.0,1.0,1.0,1.5,2.5,0.5,572888
CH,Changeup,OS,5,17.24,0,0,0,,0,,1,1,100.0,20.0,0,0.0,20.0,20.0,22.22,0.0,,,,,,572888
SI,Sinker,FB,1,3.45,0,0,0,,0,,0,0,,0.0,0,0.0,0.0,0.0,0.0,,,,,,,572888
ST,Sweeper,BR,1,3.45,0,0,0,,0,,0,0,,0.0,0,0.0,0.0,0.0,0.0,,,,,,,572888
CU,Curveball,BR,280,58.21,75,68,32,42.67,7,9.33,126,54,42.86,19.29,71,25.36,44.64,31.91,64.71,32.32,0.235,0.307,0.5,0.8069999999999999,0.265,572955
FF,4-Seam Fastball,FB,186,38.67,34,24,5,14.71,8,23.53,83,17,20.48,9.14,17,9.14,18.28,24.78,30.07,10.87,0.333,0.485,0.708,1.193,0.3749999999999999,572955
SL,Slider,BR,11,2.29,6,6,4,66.67,0,0.0,6,4,66.67,36.36,2,18.18,54.55,44.44,5.23,50.0,0.167,0.167,0.167,0.334,0.0,572955
,,,4,0.83,1,0,0,0.0,1,100.0,0,0,,0.0,0,0.0,0.0,,0.0,,,1.0,,,,572955
SI,Sinker,FB,88,52.38,23,19,2,8.7,4,17.39,35,3,8.57,3.41,19,21.59,25.0,24.44,41.67,10.0,0.211,0.348,0.263,0.611,0.052,572971
SL,Slider,BR,62,36.9,15,15,5,33.33,0,0.0,27,14,51.85,22.58,9,14.52,37.1,31.58,45.83,22.73,0.2,0.2,0.2,0.4,0.0,572971
FC,Cutter,FB,11,6.55,2,2,0,0.0,0,0.0,4,1,25.0,9.09,1,9.09,18.18,33.33,4.17,0.0,1.0,1.0,1.0,2.0,0.0,572971
CH,Changeup,OS,7,4.17,1,1,0,0.0,0,0.0,4,1,25.0,14.29,1,14.29,28.57,50.0,8.33,0.0,1.0,1.0,1.0,2.0,0.0,572971
CU,Curveball,BR,128,51.0,32,32,10,31.25,0,0.0,60,20,33.33,15.62,21,16.41,32.03,35.53,68.0,19.61,0.156,0.156,0.188,0.344,0.032,573009
SI,Sinker,FB,110,43.82,32,31,5,15.62,1,3.12,58,12,20.69,10.91,26,23.64,34.55,43.9,25.33,26.32,0.194,0.219,0.258,0.477,0.064,573009
FF,4-Seam Fastball,FB,8,3.19,1,0,0,0.0,1,100.0,2,0,0.0,0.0,2,25.0,25.0,0.0,1.33,0.0,,1.0,,,,573009
CH,Changeup,OS,5,1.99,2,2,0,0.0,0,0.0,3,0,0.0,0.0,0,0.0,0.0,33.33,5.33,0.0,0.5,0.5,0.5,1.0,0.0,573009
ST,Sweeper,BR,240,55.94,68,59,25,36.76,6,8.82,123,47,38.21,19.58,29,12.08,31.67,35.29,60.26,27.47,0.085,0.179,0.119,0.298,0.0339999999999999,573124
SI,Sinker,FB,185,43.12,35,30,14,40.0,5,14.29,50,9,18.0,4.86,72,38.92,43.78,8.45,38.41,24.14,0.133,0.257,0.133,0.39,0.0,573124
FF,4-Seam Fastball,FB,4,0.93,0,0,0,,0,,1,0,0.0,0.0,1,25.0,25.0,0.0,1.32,0.0,,,,,,573124
SI,Sinker,FB,503,41.13,132,108,13,9.85,24,18.18,211,24,11.37,4.77,107,21.27,26.04,19.15,24.39,16.25,0.176,0.326,0.222,0.548,0.046,573186
FC,Cutter,FB,207,16.93,51,48,11,21.57,1,1.96,125,31,24.8,14.98,19,9.18,24.15,46.77,15.85,21.15,0.25,0.294,0.417,0.711,0.1669999999999999,573186
SV,Slurve,BR,169,13.82,28,25,10,35.71,2,7.14,44,8,18.18,4.73,57,33.73,38.46,7.59,12.5,24.39,0.2,0.286,0.32,0.606,0.12,573186
FS,Split-Finger,OS,155,12.67,35,34,7,20.0,1,2.86,63,20,31.75,12.9,6,3.87,16.77,27.97,14.94,14.29,0.176,0.2,0.235,0.435,0.059,573186
FF,4-Seam Fastball,FB,118,9.65,38,32,9,23.68,6,15.79,49,14,28.57,11.86,16,13.56,25.42,12.9,15.24,18.0,0.188,0.316,0.312,0.628,0.124,573186
SL,Slider,BR,68,5.56,27,26,9,33.33,1,3.7,36,8,22.22,11.76,2,2.94,14.71,40.0,16.77,16.36,0.192,0.222,0.269,0.491,0.077,573186
,,,3,0.25,0,0,0,,0,,0,0,,0.0,0,0.0,0.0,,0.3,0.0,,,,,,573186
FF,4-Seam Fastball,FB,91,51.41,31,30,10,32.26,0,0.0,53,9,16.98,9.89,18,19.78,29.67,37.5,48.08,40.0,0.167,0.167,0.267,0.434,0.1,573204
ST,Sweeper,BR,75,42.37,15,15,4,26.67,0,0.0,32,9,28.12,12.0,13,17.33,29.33,33.33,51.92,14.81,0.067,0.067,0.133,0.2,0.066,573204
SL,Slider,BR,11,6.21,2,2,0,0.0,0,0.0,3,1,33.33,9.09,2,18.18,27.27,12.5,0.0,,0.0,0.0,0.0,0.0,0.0,573204
FF,4-Seam Fastball,FB,285,50.71,58,53,16,27.59,4,6.9,129,35,27.13,12.28,62,21.75,34.04,20.69,47.49,18.82,0.264,0.328,0.453,0.781,0.189,579328
SL,Slider,BR,201,35.77,62,58,14,22.58,4,6.45,109,31,28.44,15.42,31,15.42,30.85,37.89,36.31,21.54,0.172,0.226,0.345,0.571,0.173,579328
CU,Curveball,BR,70,12.46,20,20,9,45.0,0,0.0,29,9,31.03,12.86,13,18.57,31.43,35.71,14.53,34.62,0.2,0.2,0.35,0.55,0.1499999999999999,579328
CH,Changeup,OS,3,0.53,1,0,0,0.0,0,0.0,0,0,,0.0,0,0.0,0.0,0.0,1.12,0.0,,1.0,,,,579328
ST,Sweeper,BR,2,0.36,0,0,0,,0,,0,0,,0.0,1,50.0,50.0,0.0,0.56,0.0,,,,,,579328
SI,Sinker,FB,1,0.18,0,0,0,,0,,0,0,,0.0,1,100.0,100.0,,0.0,,,,,,,579328
CH,Changeup,OS,191,44.42,48,44,13,27.08,4,8.33,89,33,37.08,17.28,30,15.71,32.98,31.48,40.91,24.07,0.182,0.25,0.341,0.591,0.159,592094
FF,4-Seam Fastball,FB,146,33.95,40,34,13,32.5,6,15.0,76,23,30.26,15.75,24,16.44,32.19,31.34,32.58,30.23,0.235,0.35,0.559,0.909,0.324,592094
ST,Sweeper,BR,84,19.53,22,18,13,59.09,1,4.55,25,12,48.0,14.29,29,34.52,48.81,13.89,24.24,40.62,0.0,0.182,0.0,0.182,0.0,592094
SL,Slider,BR,7,1.63,0,0,0,,0,,1,0,0.0,0.0,3,42.86,42.86,0.0,0.76,0.0,,,,,,592094
,,,2,0.47,0,0,0,,0,,0,0,,0.0,0,0.0,0.0,,1.52,0.0,,,,,,592094
SI,Sinker,FB,1,100.0,1,1,0,0.0,0,0.0,1,0,0.0,0.0,0,0.0,0.0,,,,0.0,0.0,0.0,0.0,0.0,592222
FC,Cutter,FB,178,53.94,48,44,4,8.33,4,8.33,93,12,12.9,6.74,27,15.17,21.91,28.75,44.57,9.76,0.341,0.396,0.545,0.941,0.204,592229
SI,Sinker,FB,72,21.82,20,19,3,15.0,0,0.0,32,5,15.62,6.94,15,20.83,27.78,21.88,18.48,17.65,0.368,0.4,0.684,1.084,0.316,592229
FS,Split-Finger,OS,34,10.3,11,11,2,18.18,0,0.0,20,4,20.0,11.76,1,2.94,14.71,43.48,16.3,13.33,0.091,0.091,0.091,0.182,0.0,592229
SL,Slider,BR,32,9.7,7,6,1,14.29,0,0.0,16,3,18.75,9.38,2,6.25,15.62,33.33,14.13,7.69,0.167,0.143,0.167,0.31,0.0,592229
CH,Changeup,OS,7,2.12,2,2,0,0.0,0,0.0,3,0,0.0,0.0,0,0.0,0.0,20.0,2.17,0.0,0.5,0.5,0.5,1.0,0.0,592229
ST,Sweeper,BR,5,1.52,0,0,0,,0,,2,0,0.0,0.0,0,0.0,0.0,25.0,4.35,0.0,,,,,,592229
FF,4-Seam Fastball,FB,1,0.3,0,0,0,,0,,1,1,100.0,100.0,0,0.0,100.0,100.0,0.0,,,,,,,592229
,,,1,0.3,0,0,0,,0,,0,0,,0.0,0,0.0,0.0,,0.0,,,,,,,592229
FF,4-Seam Fastball,FB,60,50.0,12,10,3,25.0,2,16.67,28,9,32.14,15.0,12,20.0,35.0,17.86,56.76,14.29,0.2,0.333,0.3,0.633,0.0999999999999999,592254
CH,Changeup,OS,43,35.83,14,13,3,21.43,1,7.14,21,5,23.81,11.63,6,13.95,25.58,31.82,32.43,25.0,0.385,0.429,0.846,1.275,0.4609999999999999,592254
FC,Cutter,FB,13,10.83,1,1,0,0.0,0,0.0,4,2,50.0,15.38,5,38.46,53.85,0.0,2.7,0.0,0.0,0.0,0.0,0.0,0.0,592254
ST,Sweeper,BR,4,3.33,1,1,1,100.0,0,0.0,3,1,33.33,25.0,0,0.0,25.0,50.0,8.11,33.33,0.0,0.0,0.0,0.0,0.0,592254
FF,4-Seam Fastball,FB,772,52.55,176,161,54,30.68,14,7.95,375,64,17.07,8.29,189,24.48,32.77,21.43,47.65,23.18,0.236,0.297,0.441,0.738,0.205,592332
FS,Split-Finger,OS,593,40.37,159,145,48,30.19,13,8.18,299,124,41.47,20.91,44,7.42,28.33,40.73,49.9,19.67,0.269,0.327,0.4,0.7270000000000001,0.131,592332
SL,Slider,BR,80,5.45,14,13,1,7.14,1,7.14,24,8,33.33,10.0,19,23.75,33.75,20.0,2.25,9.09,0.231,0.286,0.462,0.748,0.231,592332
ST,Sweeper,BR,17,1.16,1,1,0,0.0,0,0.0,3,0,0.0,0.0,6,35.29,35.29,0.0,0.0,,0.0,0.0,0.0,0.0,0.0,592332
SI,Sinker,FB,6,0.41,0,0,0,,0,,1,0,0.0,0.0,1,16.67,16.67,0.0,0.2,0.0,,,,,,592332
,,,1,0.07,0,0,0,,0,,0,0,,0.0,0,0.0,0.0,,0.0,,,,,,,592332
CH,Changeup,OS,10,27.78,1,1,0,0.0,0,0.0,3,0,0.0,0.0,3,30.0,30.0,28.57,26.67,0.0,0.0,0.0,0.0,0.0,0.0,592346
FF,4-Seam Fastball,FB,10,27.78,4,4,0,0.0,0,0.0,6,0,0.0,0.0,1,10.0,10.0,33.33,33.33,0.0,0.5,0.5,0.5,1.0,0.0,592346
SL,Slider,BR,9,25.0,2,2,1,50.0,0,0.0,4,2,50.0,22.22,2,22.22,44.44,25.0,20.0,33.33,0.5,0.5,0.5,1.0,0.0,592346
SI,Sinker,FB,6,16.67,0,0,0,,0,,5,0,0.0,0.0,1,16.67,16.67,100.0,13.33,0.0,,,,,,592346
CU,Curveball,BR,1,2.78,1,1,0,0.0,0,0.0,1,0,0.0,0.0,0,0.0,0.0,100.0,6.67,0.0,0.0,0.0,0.0,0.0,0.0,592346
FF,4-Seam Fastball,FB,564,43.99,156,133,28,17.95,19,12.18,278,53,19.06,9.4,87,15.43,24.82,25.67,45.05,17.07,0.323,0.406,0.534,0.94,0.211,592351
SL,Slider,BR,317,24.73,85,75,31,36.47,9,10.59,160,50,31.25,15.77,49,15.46,31.23,36.14,38.19,22.3,0.147,0.247,0.267,0.514,0.12,592351
CH,Changeup,OS,225,17.55,62,57,6,9.68,3,4.84,118,29,24.58,12.89,21,9.33,22.22,34.62,7.97,20.69,0.228,0.258,0.298,0.556,0.0699999999999999,592351
CU,Curveball,BR,127,9.91,18,17,1,5.56,0,0.0,32,6,18.75,4.72,34,26.77,31.5,8.82,3.3,8.33,0.294,0.333,0.824,1.157,0.53,592351
ST,Sweeper,BR,40,3.12,13,10,3,23.08,3,23.08,16,3,18.75,7.5,4,10.0,17.5,26.92,5.22,15.79,0.1,0.308,0.1,0.408,0.0,592351
,,,7,0.55,1,0,0,0.0,1,100.0,0,0,,0.0,0,0.0,0.0,,0.0,,,1.0,,,,592351
SI,Sinker,FB,2,0.16,0,0,0,,0,,2,0,0.0,0.0,0,0.0,0.0,100.0,0.27,0.0,,,,,,592351
SL,Slider,BR,99,61.49,34,33,11,32.35,1,2.94,57,20,35.09,20.2,14,14.14,34.34,38.0,80.43,29.73,0.212,0.235,0.303,0.538,0.091,592426
FF,4-Seam Fastball,FB,42,26.09,7,3,1,14.29,3,42.86,13,5,38.46,11.9,8,19.05,30.95,8.33,19.57,11.11,0.333,0.571,0.333,0.904,0.0,592426
CU,Curveball,BR,9,5.59,2,2,0,0.0,0,0.0,3,0,0.0,0.0,4,44.44,44.44,0.0,0.0,,1.0,1.0,2.5,3.5,1.5,592426
,,,9,5.59,2,0,0,0.0,2,100.0,0,0,,0.0,0,0.0,0.0,,0.0,,,1.0,,,,592426
SI,Sinker,FB,2,1.24,0,0,0,,0,,1,1,100.0,50.0,0,0.0,50.0,50.0,0.0,,,,,,,592426
CH,Changeup,OS,275,76.18,71,61,15,21.13,8,11.27,126,36,28.57,13.09,48,17.45,30.55,31.21,82.88,16.3,0.197,0.282,0.443,0.725,0.246,592454
FF,4-Seam Fastball,FB,67,18.56,12,12,6,50.0,0,0.0,23,8,34.78,11.94,17,25.37,37.31,23.33,13.51,40.0,0.083,0.083,0.083,0.166,0.0,592454
SI,Sinker,FB,15,4.16,2,1,1,50.0,1,50.0,4,1,25.0,6.67,6,40.0,46.67,37.5,1.8,50.0,0.0,0.5,0.0,0.5,0.0,592454
SL,Slider,BR,2,0.55,0,0,0,,0,,1,0,0.0,0.0,0,0.0,0.0,50.0,0.0,,,,,,,592454
,,,2,0.55,0,0,0,,0,,0,0,,0.0,0,0.0,0.0,,1.8,0.0,,,,,,592454
SI,Sinker,FB,35,63.64,7,6,1,14.29,0,0.0,15,4,26.67,11.43,8,22.86,34.29,38.1,26.67,25.0,0.167,0.167,0.167,0.334,0.0,592473
SL,Slider,BR,12,21.82,7,7,3,42.86,0,0.0,7,2,28.57,16.67,3,25.0,41.67,66.67,46.67,42.86,0.0,0.0,0.0,0.0,0.0,592473
FF,4-Seam Fastball,FB,8,14.55,1,1,1,100.0,0,0.0,3,0,0.0,0.0,2,25.0,25.0,0.0,26.67,25.0,0.0,0.0,0.0,0.0,0.0,592473
FF,4-Seam Fastball,FB,10,43.48,4,3,0,0.0,1,25.0,4,1,25.0,10.0,3,30.0,40.0,0.0,40.0,0.0,1.0,1.0,2.333,3.333,1.3330000000000002,592527
CH,Changeup,OS,9,39.13,3,3,0,0.0,0,0.0,5,1,20.0,11.11,1,11.11,22.22,40.0,20.0,0.0,0.0,0.0,0.0,0.0,0.0,592527
CU,Curveball,BR,2,8.7,0,0,0,,0,,0,0,,0.0,0,0.0,0.0,0.0,0.0,,,,,,,592527
SL,Slider,BR,2,8.7,0,0,0,,0,,0,0,,0.0,0,0.0,0.0,0.0,40.0,0.0,,,,,,592527
SL,Slider,BR,21,56.76,5,3,2,40.0,1,20.0,13,2,15.38,9.52,0,0.0,9.52,33.33,55.56,20.0,0.333,0.4,0.667,1.0670000000000002,0.334,592662
FF,4-Seam Fastball,FB,15,40.54,2,2,1,50.0,0,0.0,5,1,20.0,6.67,5,33.33,40.0,16.67,44.44,12.5,0.5,0.5,0.5,1.0,0.0,592662
SI,Sinker,FB,1,2.7,0,0,0,,0,,0,1,inf,100.0,0,0.0,100.0,0.0,0.0,,,,,,,592662
ST,Sweeper,BR,113,40.65,28,26,6,21.43,2,7.14,55,16,29.09,14.16,24,21.24,35.4,32.08,22.47,30.0,0.192,0.25,0.5,0.75,0.308,592741
FS,Split-Finger,OS,85,30.58,27,27,17,62.96,0,0.0,51,26,50.98,30.59,1,1.18,31.76,47.62,55.06,34.69,0.148,0.148,0.148,0.296,0.0,592741
FF,4-Seam Fastball,FB,77,27.7,22,19,4,18.18,1,4.55,36,7,19.44,9.09,23,29.87,38.96,4.76,22.47,20.0,0.526,0.571,0.789,1.36,0.263,592741
,,,3,1.08,0,0,0,,0,,2,2,100.0,66.67,0,0.0,66.67,,0.0,,,,,,,592741
KC,Knuckle Curve,BR,314,54.14,85,75,23,27.06,7,8.24,152,47,30.92,14.97,47,14.97,29.94,37.5,67.59,23.47,0.32,0.386,0.493,0.879,0.173,592767
SI,Sinker,FB,184,31.72,59,51,13,22.03,7,11.86,90,16,17.78,8.7,46,25.0,33.7,26.47,28.97,30.95,0.353,0.424,0.667,1.091,0.314,592767
FC,Cutter,FB,80,13.79,15,13,0,0.0,1,6.67,27,2,7.41,2.5,12,15.0,17.5,10.64,3.45,0.0,0.385,0.4,0.692,1.092,0.3069999999999999,592767
FF,4-Seam Fastball,FB,1,0.17,1,0,0,0.0,0,0.0,0,0,,0.0,0,0.0,0.0,0.0,0.0,,,1.0,,,,592767
,,,1,0.17,0,0,0,,0,,0,0,,0.0,0,0.0,0.0,,0.0,,,,,,,592767
FF,4-Seam Fastball,FB,273,68.59,59,52,8,13.56,6,10.17,142,30,21.13,10.99,30,10.99,21.98,21.31,52.25,13.79,0.231,0.305,0.385,0.69,0.154,592773
FS,Split-Finger,OS,110,27.64,32,28,10,31.25,4,12.5,59,30,50.85,27.27,4,3.64,30.91,36.49,43.24,20.83,0.179,0.281,0.214,0.495,0.035,592773
SL,Slider,BR,14,3.52,5,5,1,20.0,0,0.0,6,2,33.33,14.29,3,21.43,35.71,28.57,3.6,25.0,0.2,0.2,0.4,0.6000000000000001,0.2,592773
,,,1,0.25,1,1,1,100.0,0,0.0,0,0,,0.0,0,0.0,0.0,,0.9,100.0,0.0,0.0,0.0,0.0,0.0,592773
FF,4-Seam Fastball,FB,91,51.41,19,16,9,47.37,3,15.79,45,23,51.11,25.27,16,17.58,42.86,24.39,37.29,40.91,0.125,0.263,0.188,0.451,0.063,592779
CH,Changeup,OS,32,18.08,10,9,2,20.0,1,10.0,13,2,15.38,6.25,4,12.5,18.75,31.82,22.03,15.38,0.333,0.4,0.556,0.956,0.223,592779
FC,Cutter,FB,31,17.51,6,6,2,33.33,0,0.0,15,6,40.0,19.35,10,32.26,51.61,12.5,10.17,33.33,0.167,0.167,0.167,0.334,0.0,592779
ST,Sweeper,BR,23,12.99,7,7,4,57.14,0,0.0,12,5,41.67,21.74,2,8.7,30.43,33.33,30.51,22.22,0.143,0.143,0.143,0.286,0.0,592779
CH,Changeup,OS,190,26.72,65,63,10,15.38,2,3.08,93,12,12.9,6.32,16,8.42,14.74,28.18,32.45,16.39,0.317,0.338,0.619,0.957,0.302,592789
SI,Sinker,FB,166,23.35,43,38,5,11.63,4,9.3,83,16,19.28,9.64,36,21.69,31.33,24.59,14.89,17.86,0.105,0.186,0.211,0.397,0.106,592789
FF,4-Seam Fastball,FB,143,20.11,32,29,7,21.88,1,3.12,73,15,20.55,10.49,22,15.38,25.87,18.64,25.0,14.89,0.276,0.312,0.483,0.7949999999999999,0.2069999999999999,592789
FC,Cutter,FB,101,14.21,32,31,4,12.5,1,3.12,56,12,21.43,11.88,13,12.87,24.75,26.83,12.23,17.39,0.387,0.406,0.613,1.019,0.2259999999999999,592789
CU,Curveball,BR,100,14.06,18,15,4,22.22,2,11.11,41,7,17.07,7.0,26,26.0,33.0,26.83,12.23,17.39,0.267,0.333,0.4,0.7330000000000001,0.133,592789
FS,Split-Finger,OS,4,0.56,1,1,0,0.0,0,0.0,1,0,0.0,0.0,0,0.0,0.0,0.0,2.13,0.0,0.0,0.0,0.0,0.0,0.0,592789
SL,Slider,BR,4,0.56,2,2,0,0.0,0,0.0,2,0,0.0,0.0,0,0.0,0.0,0.0,1.06,0.0,0.0,0.0,0.0,0.0,0.0,592789
PO,Pitch Out,,2,0.28,0,0,0,,0,,0,0,,0.0,0,0.0,0.0,0.0,0.0,,,,,,,592789
,,,1,0.14,0,0,0,,0,,0,0,,0.0,0,0.0,0.0,,0.0,,,,,,,592789
FF,4-Seam Fastball,FB,605,45.56,132,110,24,18.18,20,15.15,277,53,19.13,8.76,98,16.2,24.96,21.4,43.64,14.29,0.273,0.394,0.6,0.994,0.3269999999999999,592791
CU,Curveball,BR,337,25.38,98,94,27,27.55,2,2.04,150,31,20.67,9.2,65,19.29,28.49,25.93,35.58,19.71,0.213,0.224,0.383,0.607,0.17,592791
FC,Cutter,FB,282,21.23,67,57,10,14.93,10,14.93,133,29,21.8,10.28,39,13.83,24.11,28.48,16.1,16.13,0.333,0.433,0.614,1.047,0.2809999999999999,592791
CH,Changeup,OS,77,5.8,25,25,1,4.0,0,0.0,47,5,10.64,6.49,6,7.79,14.29,41.67,2.08,12.5,0.28,0.28,0.44,0.72,0.1599999999999999,592791
SI,Sinker,FB,23,1.73,2,2,0,0.0,0,0.0,6,0,0.0,0.0,1,4.35,4.35,6.25,1.82,0.0,0.5,0.5,0.5,1.0,0.0,592791
ST,Sweeper,BR,4,0.3,2,2,1,50.0,0,0.0,3,1,33.33,25.0,1,25.0,50.0,100.0,0.78,33.33,0.0,0.0,0.0,0.0,0.0,592791
FF,4-Seam Fastball,FB,140,44.73,29,23,6,20.69,5,17.24,60,12,20.0,8.57,23,16.43,25.0,22.67,47.92,13.04,0.304,0.448,0.478,0.926,0.174,592826
SL,Slider,BR,112,35.78,32,30,10,31.25,2,6.25,54,18,33.33,16.07,23,20.54,36.61,32.14,37.5,27.78,0.133,0.188,0.333,0.521,0.2,592826
CH,Changeup,OS,53,16.93,11,10,0,0.0,1,9.09,21,4,19.05,7.55,5,9.43,16.98,26.32,11.46,0.0,0.4,0.455,0.6,1.055,0.1999999999999999,592826
SI,Sinker,FB,4,1.28,1,1,0,0.0,0,0.0,2,1,50.0,25.0,0,0.0,25.0,33.33,0.0,,0.0,0.0,0.0,0.0,0.0,592826
,,,3,0.96,0,0,0,,0,,0,0,,0.0,0,0.0,0.0,,3.12,0.0,,,,,,592826
KC,Knuckle Curve,BR,1,0.32,0,0,0,,0,,0,0,,0.0,0,0.0,0.0,0.0,0.0,,,,,,,592826
FS,Split-Finger,OS,554,37.51,185,169,37,20.0,15,8.11,282,69,24.47,12.45,48,8.66,21.12,35.71,47.98,19.47,0.213,0.277,0.331,0.6080000000000001,0.118,592836
FF,4-Seam Fastball,FB,317,21.46,52,41,9,17.31,10,19.23,124,31,25.0,9.78,59,18.61,28.39,18.63,20.96,8.43,0.293,0.431,0.561,0.992,0.268,592836
FC,Cutter,FB,285,19.3,60,55,2,3.33,3,5.0,125,18,14.4,6.32,47,16.49,22.81,12.3,10.86,4.65,0.273,0.3,0.491,0.7909999999999999,0.2179999999999999,592836
SI,Sinker,FB,167,11.31,44,31,15,34.09,10,22.73,58,12,20.69,7.19,46,27.54,34.73,10.67,12.37,30.61,0.161,0.395,0.387,0.782,0.226,592836
CU,Curveball,BR,144,9.75,32,30,11,34.38,1,3.12,46,18,39.13,12.5,37,25.69,38.19,20.0,7.58,36.67,0.2,0.25,0.467,0.7170000000000001,0.267,592836
ST,Sweeper,BR,8,0.54,2,2,1,50.0,0,0.0,5,2,40.0,25.0,2,25.0,50.0,33.33,0.25,100.0,0.0,0.0,0.0,0.0,0.0,592836
,,,2,0.14,1,0,0,0.0,1,100.0,0,0,,0.0,0,0.0,0.0,,0.0,,,1.0,,,,592836
ST,Sweeper,BR,39,53.42,13,11,1,7.69,2,15.38,16,2,12.5,5.13,9,23.08,28.21,25.0,43.48,10.0,0.091,0.231,0.364,0.595,0.273,592848
FF,4-Seam Fastball,FB,21,28.77,4,3,0,0.0,1,25.0,7,1,14.29,4.76,3,14.29,19.05,21.43,26.09,0.0,0.667,0.75,1.667,2.417,1.0,592848
SL,Slider,BR,13,17.81,1,1,1,100.0,0,0.0,7,1,14.29,7.69,1,7.69,15.38,28.57,30.43,14.29,0.0,0.0,0.0,0.0,0.0,592848
FF,4-Seam Fastball,FB,686,48.76,201,182,35,17.41,15,7.46,395,59,14.94,8.6,108,15.74,24.34,27.63,59.36,14.11,0.28,0.338,0.505,0.843,0.2249999999999999,592866
CH,Changeup,OS,382,27.15,85,77,8,9.41,7,8.24,157,30,19.11,7.85,23,6.02,13.87,28.17,27.34,7.21,0.325,0.376,0.506,0.882,0.181,592866
CU,Curveball,BR,144,10.23,30,28,1,3.33,1,3.33,54,8,14.81,5.56,25,17.36,22.92,23.17,4.93,5.0,0.357,0.4,0.643,1.043,0.286,592866
SI,Sinker,FB,116,8.24,24,20,1,4.17,3,12.5,44,7,15.91,6.03,26,22.41,28.45,28.36,2.71,9.09,0.35,0.417,0.4,0.817,0.05,592866
SL,Slider,BR,74,5.26,12,9,1,8.33,3,25.0,17,3,17.65,4.05,13,17.57,21.62,15.38,5.42,4.55,0.222,0.417,0.444,0.861,0.222,592866
,,,3,0.21,1,0,0,0.0,1,100.0,0,0,,0.0,0,0.0,0.0,,0.0,,,1.0,,,,592866
ST,Sweeper,BR,2,0.14,0,0,0,,0,,1,0,0.0,0.0,0,0.0,0.0,50.0,0.25,0.0,,,,,,592866
CU,Curveball,BR,341,38.53,101,94,35,34.65,7,6.93,198,73,36.87,21.41,48,14.08,35.48,41.82,43.62,33.02,0.106,0.168,0.234,0.402,0.128,593334
FF,4-Seam Fastball,FB,295,33.33,59,54,6,10.17,4,6.78,134,22,16.42,7.46,57,19.32,26.78,19.12,25.1,9.84,0.37,0.407,0.815,1.222,0.4449999999999999,593334
CH,Changeup,OS,220,24.86,70,61,17,24.29,8,11.43,118,41,34.75,18.64,20,9.09,27.73,38.24,26.75,26.15,0.164,0.257,0.23,0.487,0.066,593334
SI,Sinker,FB,29,3.28,8,6,0,0.0,2,25.0,9,0,0.0,0.0,5,17.24,17.24,12.5,4.53,0.0,0.333,0.5,0.5,1.0,0.1669999999999999,593334
SI,Sinker,FB,3,42.86,1,1,0,0.0,0,0.0,1,0,0.0,0.0,1,33.33,33.33,0.0,,,1.0,1.0,1.0,2.0,0.0,593423
FF,4-Seam Fastball,FB,2,28.57,1,0,0,0.0,1,100.0,0,0,,0.0,0,0.0,0.0,0.0,,,,1.0,,,,593423
FC,Cutter,FB,1,14.29,0,0,0,,0,,0,0,,0.0,0,0.0,0.0,0.0,,,,,,,,593423
FS,Split-Finger,OS,1,14.29,0,0,0,,0,,0,0,,0.0,0,0.0,0.0,0.0,,,,,,,,593423
FF,4-Seam Fastball,FB,288,60.89,67,54,15,22.39,13,19.4,137,43,31.39,14.93,41,14.24,29.17,22.97,56.85,18.07,0.204,0.358,0.352,0.71,0.148,593576
FS,Split-Finger,OS,180,38.05,47,44,17,36.17,1,2.13,96,37,38.54,20.56,18,10.0,30.56,42.11,42.47,27.42,0.114,0.13,0.114,0.244,0.0,593576
SL,Slider,BR,4,0.85,0,0,0,,0,,1,0,0.0,0.0,1,25.0,25.0,33.33,0.0,,,,,,,593576
,,,1,0.21,1,0,0,0.0,1,100.0,0,0,,0.0,0,0.0,0.0,,0.68,0.0,,1.0,,,,593576
FF,4-Seam Fastball,FB,57,59.38,16,13,4,25.0,2,12.5,25,11,44.0,19.3,8,14.04,33.33,18.52,68.0,23.53,0.385,0.467,0.462,0.929,0.077,593619
CH,Changeup,OS,25,26.04,6,6,2,33.33,0,0.0,12,5,41.67,20.0,4,16.0,36.0,40.0,24.0,33.33,0.0,0.0,0.0,0.0,0.0,593619
SI,Sinker,FB,13,13.54,1,1,0,0.0,0,0.0,7,1,14.29,7.69,2,15.38,23.08,20.0,4.0,0.0,1.0,1.0,1.0,2.0,0.0,593619
SL,Slider,BR,1,1.04,0,0,0,,0,,0,0,,0.0,0,0.0,0.0,0.0,4.0,0.0,,,,,,593619
FA,Other,,17,100.0,6,5,0,0.0,1,16.67,9,0,0.0,0.0,0,0.0,0.0,0.0,100.0,0.0,0.6,0.667,0.6,1.267,0.0,593643
FC,Cutter,FB,42,53.16,9,7,4,44.44,2,22.22,16,5,31.25,11.9,9,21.43,33.33,20.0,50.0,30.77,0.0,0.222,0.0,0.222,0.0,593833
CH,Changeup,OS,35,44.3,6,5,1,16.67,1,16.67,13,4,30.77,11.43,7,20.0,31.43,21.05,50.0,7.69,0.4,0.5,0.4,0.9,0.0,593833
SI,Sinker,FB,1,1.27,1,0,0,0.0,1,100.0,0,0,,0.0,0,0.0,0.0,0.0,0.0,,,1.0,,,,593833
,,,1,1.27,0,0,0,,0,,0,0,,0.0,0,0.0,0.0,,0.0,,,,,,,593833
FF,4-Seam Fastball,FB,246,42.71,37,30,5,13.51,7,18.92,108,25,23.15,10.16,54,21.95,32.11,15.69,18.37,13.89,0.3,0.432,0.5,0.932,0.2,593958
SL,Slider,BR,138,23.96,39,39,14,35.9,0,0.0,63,26,41.27,18.84,19,13.77,32.61,33.33,23.47,30.43,0.103,0.103,0.205,0.308,0.102,593958
SI,Sinker,FB,123,21.35,49,45,16,32.65,3,6.12,66,13,19.7,10.57,15,12.2,22.76,21.15,41.84,19.51,0.156,0.208,0.222,0.43,0.066,593958
,,,30,5.21,8,7,0,0.0,1,12.5,19,3,15.79,10.0,2,6.67,16.67,,6.63,0.0,0.429,0.5,0.571,1.071,0.1419999999999999,593958
FC,Cutter,FB,27,4.69,6,5,1,16.67,1,16.67,15,4,26.67,14.81,1,3.7,18.52,25.0,5.1,10.0,0.0,0.167,0.0,0.167,0.0,593958
CH,Changeup,OS,12,2.08,0,0,0,,0,,3,0,0.0,0.0,2,16.67,16.67,12.5,4.59,0.0,,,,,,593958
SI,Sinker,FB,206,55.23,54,44,7,12.96,5,9.26,110,20,18.18,9.71,22,10.68,20.39,38.76,38.05,16.28,0.159,0.302,0.159,0.4609999999999999,0.0,593974
CH,Changeup,OS,97,26.01,29,24,12,41.38,4,13.79,53,21,39.62,21.65,9,9.28,30.93,43.48,37.17,28.57,0.083,0.241,0.208,0.4489999999999999,0.1249999999999999,593974
SL,Slider,BR,68,18.23,14,12,5,35.71,1,7.14,23,9,39.13,13.24,10,14.71,27.94,22.22,24.78,17.86,0.167,0.214,0.417,0.631,0.2499999999999999,593974
FF,4-Seam Fastball,FB,1,0.27,0,0,0,,0,,0,0,,0.0,1,100.0,100.0,,0.0,,,,,,,593974
,,,1,0.27,0,0,0,,0,,0,0,,0.0,0,0.0,0.0,,0.0,,,,,,,593974
FF,4-Seam Fastball,FB,73,30.67,19,18,2,10.53,1,5.26,33,3,9.09,4.11,15,20.55,24.66,19.35,36.0,7.41,0.278,0.316,0.556,0.8720000000000001,0.278,594577
SL,Slider,BR,52,21.85,13,10,2,15.38,3,23.08,24,6,25.0,11.54,8,15.38,26.92,29.03,30.67,8.7,0.5,0.615,0.5,1.115,0.0,594577
CH,Changeup,OS,45,18.91,13,13,1,7.69,0,0.0,24,2,8.33,4.44,3,6.67,11.11,31.03,17.33,7.69,0.462,0.462,0.462,0.924,0.0,594577
FC,Cutter,FB,36,15.13,7,7,0,0.0,0,0.0,24,4,16.67,11.11,6,16.67,27.78,30.0,8.0,0.0,0.429,0.429,0.571,1.0,0.1419999999999999,594577
CU,Curveball,BR,23,9.66,6,5,3,50.0,1,16.67,6,3,50.0,13.04,5,21.74,34.78,20.0,8.0,50.0,0.0,0.167,0.0,0.167,0.0,594577
SI,Sinker,FB,6,2.52,2,1,0,0.0,1,50.0,1,0,0.0,0.0,0,0.0,0.0,0.0,0.0,,0.0,0.5,0.0,0.5,0.0,594577
FS,Split-Finger,OS,3,1.26,0,0,0,,0,,2,1,50.0,33.33,0,0.0,33.33,66.67,0.0,,,,,,,594577
ST,Sweeper,BR,211,43.33,39,35,15,38.46,3,7.69,75,26,34.67,12.32,44,20.85,33.18,22.31,42.86,22.73,0.086,0.179,0.114,0.293,0.028,594580
SI,Sinker,FB,185,37.99,53,50,12,22.64,3,5.66,96,18,18.75,9.73,39,21.08,30.81,36.36,24.68,31.58,0.24,0.283,0.32,0.603,0.08,594580
FF,4-Seam Fastball,FB,90,18.48,29,27,15,51.72,1,3.45,47,17,36.17,18.89,16,17.78,36.67,27.27,32.47,30.0,0.111,0.143,0.259,0.402,0.148,594580
CH,Changeup,OS,1,0.21,0,0,0,,0,,0,0,,0.0,1,100.0,100.0,,0.0,,,,,,,594580
FF,4-Seam Fastball,FB,148,57.81,41,37,15,36.59,4,9.76,73,27,36.99,18.24,25,16.89,35.14,29.87,51.72,31.11,0.189,0.268,0.324,0.5920000000000001,0.135,594798
SL,Slider,BR,62,24.22,12,12,7,58.33,0,0.0,28,13,46.43,20.97,12,19.35,40.32,36.11,33.33,24.14,0.083,0.083,0.083,0.166,0.0,594798
CH,Changeup,OS,38,14.84,8,8,2,25.0,0,0.0,20,6,30.0,15.79,3,7.89,23.68,44.44,10.34,22.22,0.125,0.125,0.125,0.25,0.0,594798
CU,Curveball,BR,8,3.12,1,1,0,0.0,0,0.0,3,2,66.67,25.0,2,25.0,50.0,25.0,4.6,0.0,0.0,0.0,0.0,0.0,0.0,594798
CU,Curveball,BR,58,32.58,15,12,2,13.33,2,13.33,23,3,13.04,5.17,14,24.14,29.31,16.67,26.53,15.38,0.083,0.2,0.083,0.283,0.0,594835
FF,4-Seam Fastball,FB,47,26.4,8,8,2,25.0,0,0.0,24,1,4.17,2.13,14,29.79,31.91,31.25,32.65,12.5,0.375,0.375,0.625,1.0,0.25,594835
FC,Cutter,FB,32,17.98,10,9,0,0.0,1,10.0,16,3,18.75,9.38,3,9.38,18.75,26.32,20.41,0.0,0.333,0.4,0.556,0.956,0.223,594835
SI,Sinker,FB,32,17.98,9,8,1,11.11,1,11.11,15,1,6.67,3.12,6,18.75,21.88,26.67,10.2,20.0,0.25,0.333,0.375,0.708,0.125,594835
CH,Changeup,OS,9,5.06,6,5,3,50.0,1,16.67,7,4,57.14,44.44,0,0.0,44.44,66.67,10.2,60.0,0.4,0.5,0.4,0.9,0.0,594835
FF,4-Seam Fastball,FB,288,40.22,85,76,7,8.24,9,10.59,131,17,12.98,5.9,52,18.06,23.96,20.45,31.9,13.46,0.329,0.4,0.605,1.005,0.2759999999999999,594902
CH,Changeup,OS,123,17.18,32,31,3,9.38,1,3.12,53,6,11.32,4.88,19,15.45,20.33,26.15,8.59,21.43,0.29,0.312,0.452,0.764,0.162,594902
ST,Sweeper,BR,92,12.85,27,25,8,29.63,2,7.41,47,13,27.66,14.13,17,18.48,32.61,30.95,19.02,25.81,0.2,0.259,0.36,0.619,0.1599999999999999,594902
SI,Sinker,FB,75,10.47,27,25,12,44.44,2,7.41,29,5,17.24,6.67,18,24.0,30.67,12.9,23.93,30.77,0.28,0.333,0.6,0.933,0.3199999999999999,594902
CU,Curveball,BR,74,10.34,15,15,3,20.0,0,0.0,30,4,13.33,5.41,19,25.68,31.08,21.88,11.66,15.79,0.333,0.333,1.2,1.533,0.867,594902
FC,Cutter,FB,58,8.1,15,14,3,20.0,1,6.67,29,7,24.14,12.07,3,5.17,17.24,34.21,4.91,37.5,0.286,0.333,0.286,0.619,0.0,594902
SL,Slider,BR,6,0.84,0,0,0,,0,,3,1,33.33,16.67,1,16.67,33.33,0.0,0.0,,,,,,,594902
CH,Changeup,OS,58,32.95,22,21,6,27.27,1,4.55,40,14,35.0,24.14,7,12.07,36.21,46.15,38.3,33.33,0.19,0.227,0.381,0.608,0.191,594943
FC,Cutter,FB,52,29.55,10,9,2,20.0,0,0.0,24,5,20.83,9.62,8,15.38,25.0,28.57,17.02,25.0,0.222,0.3,0.556,0.8560000000000001,0.3340000000000001,594943
SI,Sinker,FB,25,14.2,6,5,0,0.0,0,0.0,13,1,7.69,4.0,2,8.0,12.0,20.0,6.38,0.0,0.2,0.2,0.8,1.0,0.6000000000000001,594943
FF,4-Seam Fastball,FB,20,11.36,7,6,3,42.86,1,14.29,9,2,22.22,10.0,3,15.0,25.0,11.11,27.66,23.08,0.333,0.429,0.667,1.096,0.334,594943
CU,Curveball,BR,17,9.66,1,0,0,0.0,1,100.0,2,1,50.0,5.88,7,41.18,47.06,10.0,10.64,0.0,,1.0,,,,594943
,,,4,2.27,1,0,0,0.0,1,100.0,0,0,,0.0,0,0.0,0.0,,0.0,,,1.0,,,,594943
SL,Slider,BR,268,65.05,61,55,26,42.62,5,8.2,137,57,41.61,21.27,42,15.67,36.94,32.33,63.31,29.55,0.145,0.217,0.273,0.49,0.128,595345
FF,4-Seam Fastball,FB,142,34.47,33,27,6,18.18,5,15.15,52,8,15.38,5.63,26,18.31,23.94,16.67,35.97,12.0,0.444,0.531,0.667,1.198,0.223,595345
,,,2,0.49,1,1,1,100.0,0,0.0,0,0,,0.0,0,0.0,0.0,,0.72,100.0,0.0,0.0,0.0,0.0,0.0,595345
SL,Slider,BR,14,53.85,3,3,1,33.33,0,0.0,5,3,60.0,21.43,1,7.14,28.57,20.0,71.43,20.0,0.0,0.0,0.0,0.0,0.0,595411
SI,Sinker,FB,12,46.15,4,3,1,25.0,1,25.0,6,2,33.33,16.67,3,25.0,41.67,0.0,28.57,50.0,0.0,0.25,0.0,0.25,0.0,595411
FF,4-Seam Fastball,FB,18,69.23,4,4,3,75.0,0,0.0,12,6,50.0,33.33,2,11.11,44.44,55.56,70.0,42.86,0.25,0.25,0.75,1.0,0.5,595897
SL,Slider,BR,8,30.77,2,2,1,50.0,0,0.0,6,2,33.33,25.0,0,0.0,25.0,71.43,30.0,33.33,0.5,0.5,0.5,1.0,0.0,595897
FF,4-Seam Fastball,FB,61,61.62,18,16,3,16.67,1,5.56,31,5,16.13,8.2,8,13.11,21.31,27.59,50.0,23.08,0.125,0.167,0.312,0.479,0.187,595928
SL,Slider,BR,35,35.35,7,5,3,42.86,2,28.57,16,8,50.0,22.86,5,14.29,37.14,35.0,42.31,27.27,0.2,0.429,0.2,0.629,0.0,595928
CH,Changeup,OS,3,3.03,0,0,0,,0,,2,0,0.0,0.0,0,0.0,0.0,0.0,7.69,0.0,,,,,,595928
FA,Other,,14,51.85,3,3,1,33.33,0,0.0,6,2,33.33,14.29,4,28.57,42.86,33.33,83.33,20.0,0.667,0.667,2.0,2.667,1.333,595978
EP,Eephus,,13,48.15,4,4,0,0.0,0,0.0,5,0,0.0,0.0,1,7.69,7.69,0.0,16.67,0.0,0.25,0.25,0.25,0.5,0.0,595978
ST,Sweeper,BR,258,55.13,67,58,23,34.33,6,8.96,114,30,26.32,11.63,61,23.64,35.27,31.54,72.27,26.74,0.172,0.269,0.328,0.597,0.156,596001
SI,Sinker,FB,109,23.29,32,28,2,6.25,4,12.5,53,6,11.32,5.5,19,17.43,22.94,15.56,15.97,10.53,0.429,0.5,0.786,1.286,0.357,596001
CH,Changeup,OS,87,18.59,25,25,2,8.0,0,0.0,38,8,21.05,9.2,11,12.64,21.84,28.3,10.08,16.67,0.28,0.28,0.48,0.76,0.1999999999999999,596001
FF,4-Seam Fastball,FB,8,1.71,0,0,0,,0,,2,1,50.0,12.5,1,12.5,25.0,20.0,0.84,0.0,,,,,,596001
SL,Slider,BR,4,0.85,1,1,1,100.0,0,0.0,2,1,50.0,25.0,0,0.0,25.0,0.0,0.84,100.0,0.0,0.0,0.0,0.0,0.0,596001
,,,2,0.43,1,0,0,0.0,1,100.0,0,0,,0.0,0,0.0,0.0,,0.0,,,1.0,,,,596001
CH,Changeup,OS,33,40.24,9,6,1,11.11,2,22.22,18,7,38.89,21.21,1,3.03,24.24,36.36,47.83,9.09,0.333,0.444,0.833,1.277,0.4999999999999999,596057
FF,4-Seam Fastball,FB,25,30.49,5,5,1,20.0,0,0.0,9,3,33.33,12.0,7,28.0,40.0,18.18,21.74,20.0,0.4,0.4,0.4,0.8,0.0,596057
SL,Slider,BR,20,24.39,6,4,0,0.0,2,33.33,7,1,14.29,5.0,1,5.0,10.0,7.69,17.39,0.0,0.0,0.333,0.0,0.333,0.0,596057
ST,Sweeper,BR,4,4.88,1,1,1,100.0,0,0.0,2,1,50.0,25.0,0,0.0,25.0,33.33,13.04,33.33,0.0,0.0,0.0,0.0,0.0,596057
FC,Cutter,FB,4,30.77,1,0,0,0.0,1,100.0,2,1,50.0,25.0,0,0.0,25.0,33.33,20.0,0.0,,1.0,,,,596082
SL,Slider,BR,4,30.77,0,0,0,,0,,3,1,33.33,25.0,1,25.0,50.0,,20.0,0.0,,,,,,596082
FF,4-Seam Fastball,FB,2,15.38,0,0,0,,0,,0,0,,0.0,0,0.0,0.0,0.0,40.0,0.0,,,,,,596082
SI,Sinker,FB,2,15.38,1,0,0,0.0,0,0.0,0,0,,0.0,0,0.0,0.0,0.0,0.0,,,,,,,596082
CH,Changeup,OS,1,7.69,1,1,0,0.0,0,0.0,1,0,0.0,0.0,0,0.0,0.0,100.0,20.0,0.0,1.0,1.0,2.0,3.0,1.0,596082
FS,Split-Finger,OS,78,26.53,19,19,6,31.58,0,0.0,43,18,41.86,23.08,6,7.69,30.77,28.21,25.56,26.09,0.105,0.105,0.158,0.263,0.053,596112
FC,Cutter,FB,76,25.85,19,16,7,36.84,1,5.26,45,19,42.22,25.0,10,13.16,38.16,44.12,27.78,28.0,0.125,0.167,0.5,0.667,0.375,596112
FF,4-Seam Fastball,FB,76,25.85,21,16,3,14.29,4,19.05,35,2,5.71,2.63,15,19.74,22.37,19.35,24.44,13.64,0.438,0.55,0.875,1.425,0.437,596112
SL,Slider,BR,56,19.05,13,12,6,46.15,1,7.69,24,10,41.67,17.86,14,25.0,42.86,33.33,22.22,30.0,0.167,0.231,0.25,0.481,0.0829999999999999,596112
,,,8,2.72,2,0,0,0.0,2,100.0,0,0,,0.0,0,0.0,0.0,,0.0,,,1.0,,,,596112
FF,4-Seam Fastball,FB,447,41.62,109,89,21,19.27,19,17.43,192,34,17.71,7.61,82,18.34,25.95,21.23,43.01,17.07,0.281,0.404,0.404,0.808,0.123,596133
CH,Changeup,OS,267,24.86,74,73,13,17.57,1,1.35,132,40,30.3,14.98,34,12.73,27.72,28.87,24.83,18.31,0.329,0.338,0.534,0.8720000000000001,0.205,596133
KC,Knuckle Curve,BR,167,15.55,41,39,2,4.88,2,4.88,69,14,20.29,8.38,31,18.56,26.95,21.11,13.29,5.26,0.308,0.341,0.821,1.162,0.5129999999999999,596133
FC,Cutter,FB,128,11.92,31,26,9,29.03,3,9.68,60,14,23.33,10.94,20,15.62,26.56,21.31,11.89,26.47,0.154,0.258,0.5,0.758,0.346,596133
SL,Slider,BR,39,3.63,7,7,2,28.57,0,0.0,18,2,11.11,5.13,5,12.82,17.95,27.27,4.2,16.67,0.286,0.286,0.714,1.0,0.428,596133
ST,Sweeper,BR,18,1.68,4,4,2,50.0,0,0.0,7,3,42.86,16.67,4,22.22,38.89,33.33,1.75,40.0,0.0,0.0,0.0,0.0,0.0,596133
SI,Sinker,FB,7,0.65,4,4,0,0.0,0,0.0,4,0,0.0,0.0,2,28.57,28.57,50.0,0.7,0.0,0.25,0.25,0.5,0.75,0.25,596133
,,,1,0.09,0,0,0,,0,,0,0,,0.0,0,0.0,0.0,,0.35,0.0,,,,,,596133
CH,Changeup,OS,32,28.83,15,15,2,13.33,0,0.0,19,3,15.79,9.38,4,12.5,21.88,55.0,19.05,50.0,0.333,0.333,0.533,0.8660000000000001,0.2,596271
SI,Sinker,FB,31,27.93,3,3,0,0.0,0,0.0,11,1,9.09,3.23,6,19.35,22.58,11.11,19.05,0.0,0.333,0.333,0.333,0.666,0.0,596271
FF,4-Seam Fastball,FB,16,14.41,7,6,3,42.86,1,14.29,8,1,12.5,6.25,3,18.75,25.0,40.0,38.1,37.5,0.167,0.286,0.167,0.4529999999999999,0.0,596271
SL,Slider,BR,15,13.51,2,2,0,0.0,0,0.0,8,3,37.5,20.0,2,13.33,33.33,33.33,9.52,0.0,0.5,0.5,2.0,2.5,1.5,596271
ST,Sweeper,BR,14,12.61,4,3,1,25.0,0,0.0,4,0,0.0,0.0,4,28.57,28.57,12.5,14.29,33.33,0.0,0.0,0.0,0.0,0.0,596271
FC,Cutter,FB,2,1.8,1,1,0,0.0,0,0.0,2,0,0.0,0.0,0,0.0,0.0,100.0,0.0,,0.0,0.0,0.0,0.0,0.0,596271
CU,Curveball,BR,1,0.9,0,0,0,,0,,0,0,,0.0,0,0.0,0.0,0.0,0.0,,,,,,,596271
FF,4-Seam Fastball,FB,207,48.48,50,40,2,4.0,8,16.0,80,10,12.5,4.83,51,24.64,29.47,15.79,37.0,5.41,0.425,0.521,0.95,1.471,0.5249999999999999,596295
SL,Slider,BR,148,34.66,48,45,3,6.25,1,2.08,76,15,19.74,10.14,19,12.84,22.97,28.57,36.0,8.33,0.356,0.362,0.467,0.829,0.111,596295
KC,Knuckle Curve,BR,62,14.52,24,24,10,41.67,0,0.0,36,14,38.89,22.58,8,12.9,35.48,46.67,25.0,40.0,0.292,0.292,0.417,0.709,0.125,596295
CH,Changeup,OS,6,1.41,2,2,0,0.0,0,0.0,3,1,33.33,16.67,2,33.33,50.0,0.0,2.0,0.0,0.5,0.5,0.5,1.0,0.0,596295
SI,Sinker,FB,3,0.7,3,2,0,0.0,1,33.33,2,0,0.0,0.0,0,0.0,0.0,50.0,0.0,,0.5,0.667,2.0,2.667,1.5,596295
,,,1,0.23,0,0,0,,0,,0,0,,0.0,0,0.0,0.0,,0.0,,,,,,,596295
KC,Knuckle Curve,BR,65,48.51,17,17,4,23.53,0,0.0,30,9,30.0,13.85,8,12.31,26.15,30.0,57.89,18.18,0.235,0.235,0.235,0.47,0.0,598264
FF,4-Seam Fastball,FB,51,38.06,11,9,3,27.27,2,18.18,21,3,14.29,5.88,13,25.49,31.37,10.0,36.84,21.43,0.333,0.455,0.444,0.899,0.1109999999999999,598264
FS,Split-Finger,OS,14,10.45,5,5,1,20.0,0,0.0,8,2,25.0,14.29,3,21.43,35.71,42.86,5.26,50.0,0.2,0.2,0.2,0.4,0.0,598264
,,,4,2.99,1,0,0,0.0,1,100.0,0,0,,0.0,0,0.0,0.0,,0.0,,,1.0,,,,598264
SI,Sinker,FB,151,47.78,36,34,8,22.22,1,2.78,62,14,22.58,9.27,39,25.83,35.1,16.13,34.45,19.51,0.324,0.343,0.471,0.8140000000000001,0.1469999999999999,598286
ST,Sweeper,BR,137,43.35,30,26,6,20.0,4,13.33,61,20,32.79,14.6,22,16.06,30.66,33.33,54.62,9.23,0.308,0.4,0.423,0.823,0.1149999999999999,598286
CH,Changeup,OS,25,7.91,4,4,2,50.0,0,0.0,14,6,42.86,24.0,3,12.0,36.0,38.46,10.08,16.67,0.0,0.0,0.0,0.0,0.0,598286
FF,4-Seam Fastball,FB,2,0.63,0,0,0,,0,,0,0,,0.0,1,50.0,50.0,0.0,0.84,0.0,,,,,,598286
SL,Slider,BR,1,0.32,1,1,0,0.0,0,0.0,1,0,0.0,0.0,0,0.0,0.0,,0.0,,1.0,1.0,3.0,4.0,2.0,598286
CH,Changeup,OS,113,34.88,28,23,6,21.43,4,14.29,60,23,38.33,20.35,9,7.96,28.32,41.33,33.01,17.65,0.217,0.321,0.261,0.5820000000000001,0.044,600917
FF,4-Seam Fastball,FB,105,32.41,25,21,5,20.0,4,16.0,41,10,24.39,9.52,19,18.1,27.62,10.91,31.07,15.62,0.429,0.52,0.667,1.187,0.238,600917
SL,Slider,BR,66,20.37,13,12,6,46.15,1,7.69,26,8,30.77,12.12,13,19.7,31.82,22.86,31.07,18.75,0.083,0.154,0.167,0.321,0.084,600917
FC,Cutter,FB,28,8.64,6,5,0,0.0,0,0.0,15,1,6.67,3.57,4,14.29,17.86,10.0,4.85,0.0,0.2,0.333,0.2,0.533,0.0,600917
,,,8,2.47,2,0,0,0.0,2,100.0,0,0,,0.0,0,0.0,0.0,,0.0,,,1.0,,,,600917
SI,Sinker,FB,4,1.23,1,0,0,0.0,1,100.0,0,0,,0.0,1,25.0,25.0,0.0,0.0,,,1.0,,,,600917
CH,Changeup,OS,160,43.48,50,44,8,16.0,4,8.0,80,16,20.0,10.0,18,11.25,21.25,34.78,46.67,16.33,0.182,0.245,0.227,0.472,0.045,600921
FF,4-Seam Fastball,FB,144,39.13,27,23,8,29.63,4,14.81,61,18,29.51,12.5,21,14.58,27.08,11.94,47.62,16.0,0.348,0.444,0.783,1.227,0.435,600921
SI,Sinker,FB,49,13.32,10,10,0,0.0,0,0.0,22,4,18.18,8.16,15,30.61,38.78,23.53,2.86,0.0,0.6,0.6,0.7,1.2999999999999998,0.0999999999999999,600921
,,,9,2.45,2,0,0,0.0,2,100.0,0,0,,0.0,0,0.0,0.0,,0.95,0.0,,1.0,,,,600921
SL,Slider,BR,6,1.63,1,1,0,0.0,0,0.0,3,0,0.0,0.0,0,0.0,0.0,33.33,1.9,0.0,0.0,0.0,0.0,0.0,0.0,600921
SL,Slider,BR,10,55.56,1,1,0,0.0,0,0.0,6,1,16.67,10.0,1,10.0,20.0,25.0,62.5,0.0,0.0,0.0,0.0,0.0,0.0,600986
SI,Sinker,FB,8,44.44,3,3,1,33.33,0,0.0,7,2,28.57,25.0,1,12.5,37.5,100.0,37.5,33.33,0.0,0.0,0.0,0.0,0.0,600986
FF,4-Seam Fastball,FB,519,51.95,125,114,40,32.0,10,8.0,264,65,24.62,12.52,103,19.85,32.37,35.44,50.3,24.1,0.228,0.288,0.509,0.7969999999999999,0.281,601713
CU,Curveball,BR,331,33.13,83,74,26,31.33,5,6.02,143,42,29.37,12.69,58,17.52,30.21,30.17,33.33,23.64,0.216,0.28,0.514,0.794,0.298,601713
SL,Slider,BR,72,7.21,16,14,5,31.25,2,12.5,39,15,38.46,20.83,10,13.89,34.72,36.11,6.67,22.73,0.214,0.312,0.286,0.598,0.0719999999999999,601713
FC,Cutter,FB,60,6.01,13,13,4,30.77,0,0.0,36,12,33.33,20.0,3,5.0,25.0,38.24,6.36,19.05,0.308,0.308,0.846,1.154,0.538,601713
FS,Split-Finger,OS,9,0.9,3,2,1,33.33,0,0.0,4,1,25.0,11.11,0,0.0,11.11,16.67,2.12,14.29,0.0,0.0,0.0,0.0,0.0,601713
ST,Sweeper,BR,4,0.4,1,1,1,100.0,0,0.0,3,1,33.33,25.0,0,0.0,25.0,75.0,1.21,25.0,0.0,0.0,0.0,0.0,0.0,601713
,,,4,0.4,1,0,0,0.0,1,100.0,0,0,,0.0,0,0.0,0.0,,0.0,,,1.0,,,,601713
CU,Curveball,BR,229,37.98,49,44,17,34.69,4,8.16,85,24,28.24,10.48,51,22.27,32.75,28.68,47.51,19.77,0.182,0.265,0.295,0.56,0.1129999999999999,605130
FF,4-Seam Fastball,FB,152,25.21,33,29,4,12.12,3,9.09,65,11,16.92,7.24,25,16.45,23.68,19.72,18.23,12.12,0.414,0.485,0.621,1.106,0.207,605130
SL,Slider,BR,128,21.23,36,31,7,19.44,5,13.89,72,21,29.17,16.41,22,17.19,33.59,48.53,17.68,21.88,0.323,0.417,0.516,0.933,0.193,605130
ST,Sweeper,BR,49,8.13,14,10,5,35.71,1,7.14,19,7,36.84,14.29,11,22.45,36.73,28.0,10.5,26.32,0.0,0.143,0.0,0.143,0.0,605130
SI,Sinker,FB,35,5.8,11,8,1,9.09,1,9.09,18,6,33.33,17.14,4,11.43,28.57,29.41,6.08,9.09,0.5,0.545,0.625,1.17,0.125,605130
,,,10,1.66,2,0,0,0.0,2,100.0,0,0,,0.0,0,0.0,0.0,,0.0,,,1.0,,,,605130
SI,Sinker,FB,468,29.42,147,128,35,23.81,19,12.93,208,40,19.23,8.55,130,27.78,36.32,19.14,31.45,23.33,0.234,0.333,0.469,0.802,0.2349999999999999,605135
FC,Cutter,FB,347,21.81,83,78,20,24.1,4,4.82,193,50,25.91,14.41,40,11.53,25.94,28.03,23.06,18.18,0.308,0.337,0.615,0.952,0.307,605135
CU,Curveball,BR,232,14.58,53,49,13,24.53,4,7.55,101,27,26.73,11.64,46,19.83,31.47,32.58,13.21,20.63,0.245,0.302,0.367,0.669,0.122,605135
FF,4-Seam Fastball,FB,193,12.13,46,40,13,28.26,4,8.7,88,20,22.73,10.36,26,13.47,23.83,18.81,14.26,17.65,0.35,0.435,0.625,1.06,0.275,605135
FS,Split-Finger,OS,103,6.47,17,16,2,11.76,0,0.0,31,7,22.58,6.8,11,10.68,17.48,13.7,4.4,9.52,0.375,0.353,0.562,0.915,0.187,605135
ST,Sweeper,BR,90,5.66,28,23,12,42.86,1,3.57,44,16,36.36,17.78,12,13.33,31.11,38.18,8.81,28.57,0.13,0.25,0.304,0.554,0.174,605135
CH,Changeup,OS,84,5.28,13,13,1,7.69,0,0.0,37,3,8.11,3.57,12,14.29,17.86,15.38,2.1,10.0,0.231,0.231,0.385,0.616,0.154,605135
SL,Slider,BR,65,4.09,14,12,1,7.14,2,14.29,36,5,13.89,7.69,7,10.77,18.46,37.14,2.52,8.33,0.25,0.357,0.75,1.107,0.5,605135
,,,9,0.57,2,0,0,0.0,2,100.0,0,0,,0.0,0,0.0,0.0,,0.21,0.0,,1.0,,,,605135
FF,4-Seam Fastball,FB,36,57.14,11,10,2,18.18,1,9.09,16,1,6.25,2.78,11,30.56,33.33,25.0,57.14,25.0,0.4,0.455,0.6,1.055,0.1999999999999999,605151
KC,Knuckle Curve,BR,12,19.05,2,2,0,0.0,0,0.0,5,2,40.0,16.67,2,16.67,33.33,37.5,28.57,0.0,0.0,0.0,0.0,0.0,0.0,605151
SI,Sinker,FB,9,14.29,1,1,1,100.0,0,0.0,1,1,100.0,11.11,5,55.56,66.67,0.0,7.14,100.0,0.0,0.0,0.0,0.0,0.0,605151
CH,Changeup,OS,6,9.52,4,4,0,0.0,0,0.0,4,0,0.0,0.0,0,0.0,0.0,0.0,7.14,0.0,0.5,0.5,1.25,1.75,0.75,605151
FF,4-Seam Fastball,FB,113,48.92,22,19,12,54.55,3,13.64,57,19,33.33,16.81,16,14.16,30.97,30.77,58.11,27.91,0.158,0.273,0.211,0.484,0.0529999999999999,605154
SL,Slider,BR,111,48.05,31,30,6,19.35,1,3.23,46,11,23.91,9.91,25,22.52,32.43,28.57,41.89,19.35,0.233,0.258,0.533,0.791,0.3,605154
,,,7,3.03,2,0,0,0.0,2,100.0,0,0,,0.0,0,0.0,0.0,,0.0,,,1.0,,,,605154
FC,Cutter,FB,28,49.12,11,11,0,0.0,0,0.0,18,3,16.67,10.71,6,21.43,32.14,55.56,30.77,0.0,0.091,0.091,0.364,0.4549999999999999,0.273,605155
SL,Slider,BR,16,28.07,1,1,0,0.0,0,0.0,5,1,20.0,6.25,1,6.25,12.5,9.09,23.08,0.0,0.0,0.0,0.0,0.0,0.0,605155
CU,Curveball,BR,11,19.3,3,2,2,66.67,0,0.0,2,1,50.0,9.09,3,27.27,36.36,0.0,38.46,40.0,0.0,0.333,0.0,0.333,0.0,605155
FF,4-Seam Fastball,FB,2,3.51,2,2,0,0.0,0,0.0,2,0,0.0,0.0,0,0.0,0.0,,7.69,0.0,0.0,0.0,0.0,0.0,0.0,605155
SL,Slider,BR,141,40.4,27,25,13,48.15,2,7.41,58,26,44.83,18.44,16,11.35,29.79,28.42,62.73,18.84,0.12,0.185,0.12,0.305,0.0,605177
FF,4-Seam Fastball,FB,120,34.38,31,25,3,9.68,6,19.35,37,3,8.11,2.5,40,33.33,35.83,9.43,21.82,12.5,0.28,0.419,0.52,0.939,0.24,605177
SI,Sinker,FB,87,24.93,26,22,4,15.38,3,11.54,44,7,15.91,8.05,17,19.54,27.59,41.3,15.45,23.53,0.409,0.5,0.5,1.0,0.091,605177
,,,1,0.29,0,0,0,,0,,0,0,,0.0,0,0.0,0.0,,0.0,,,,,,,605177
FF,4-Seam Fastball,FB,526,51.07,153,140,32,20.92,13,8.5,273,50,18.32,9.51,91,17.3,26.81,27.31,51.67,20.65,0.264,0.327,0.564,0.891,0.2999999999999999,605182
CH,Changeup,OS,258,25.05,65,60,13,20.0,5,7.69,128,38,29.69,14.73,34,13.18,27.91,35.06,25.0,17.33,0.183,0.246,0.217,0.4629999999999999,0.034,605182
ST,Sweeper,BR,167,16.21,29,25,2,6.9,4,13.79,64,8,12.5,4.79,32,19.16,23.95,13.25,14.33,4.65,0.2,0.31,0.28,0.5900000000000001,0.08,605182
CU,Curveball,BR,31,3.01,7,6,0,0.0,0,0.0,10,2,20.0,6.45,4,12.9,19.35,18.18,2.0,0.0,0.167,0.143,0.167,0.31,0.0,605182
FC,Cutter,FB,27,2.62,8,6,3,37.5,0,0.0,14,4,28.57,14.81,2,7.41,22.22,29.41,4.67,21.43,0.333,0.5,0.5,1.0,0.1669999999999999,605182
SI,Sinker,FB,18,1.75,5,5,0,0.0,0,0.0,11,2,18.18,11.11,2,11.11,22.22,37.5,2.0,0.0,0.4,0.4,0.8,1.2000000000000002,0.4,605182
,,,3,0.29,0,0,0,,0,,0,0,,0.0,0,0.0,0.0,,0.33,0.0,,,,,,605182
FF,4-Seam Fastball,FB,230,28.61,49,39,11,22.45,10,20.41,75,11,14.67,4.78,63,27.39,32.17,14.53,40.3,13.58,0.154,0.327,0.205,0.532,0.0509999999999999,605200
CH,Changeup,OS,218,27.11,76,68,15,19.74,6,7.89,107,32,29.91,14.68,8,3.67,18.35,35.19,38.31,19.48,0.279,0.333,0.397,0.73,0.118,605200
SI,Sinker,FB,190,23.63,51,44,4,7.84,7,13.73,79,11,13.92,5.79,47,24.74,30.53,23.6,15.92,12.5,0.386,0.471,0.659,1.13,0.273,605200
FC,Cutter,FB,108,13.43,21,20,0,0.0,0,0.0,45,4,8.89,3.7,11,10.19,13.89,29.85,3.98,0.0,0.3,0.333,0.3,0.633,0.0,605200
CU,Curveball,BR,54,6.72,7,7,1,14.29,0,0.0,11,2,18.18,3.7,19,35.19,38.89,12.5,1.49,33.33,0.429,0.429,1.143,1.572,0.714,605200
PO,Pitch Out,,1,0.12,0,0,0,,0,,0,0,,0.0,0,0.0,0.0,0.0,0.0,,,,,,,605200
SL,Slider,BR,1,0.12,0,0,0,,0,,0,0,,0.0,0,0.0,0.0,0.0,0.0,,,,,,,605200
ST,Sweeper,BR,1,0.12,0,0,0,,0,,1,1,100.0,100.0,0,0.0,100.0,100.0,0.0,,,,,,,605200
,,,1,0.12,0,0,0,,0,,0,0,,0.0,0,0.0,0.0,,0.0,,,,,,,605200
FF,4-Seam Fastball,FB,147,57.87,44,37,3,6.82,6,13.64,70,7,10.0,4.76,23,15.65,20.41,28.38,59.38,7.89,0.405,0.5,0.595,1.095,0.1899999999999999,605218
CH,Changeup,OS,80,31.5,21,19,2,9.52,2,9.52,36,9,25.0,11.25,7,8.75,20.0,32.69,37.5,8.33,0.263,0.333,0.263,0.5960000000000001,0.0,605218
CU,Curveball,BR,21,8.27,3,3,0,0.0,0,0.0,9,2,22.22,9.52,7,33.33,42.86,50.0,1.56,0.0,0.333,0.333,0.667,1.0,0.334,605218
,,,5,1.97,1,0,0,0.0,1,100.0,0,0,,0.0,0,0.0,0.0,,0.0,,,1.0,,,,605218
SI,Sinker,FB,1,0.39,1,1,1,100.0,0,0.0,1,1,100.0,100.0,0,0.0,100.0,100.0,1.56,100.0,0.0,0.0,0.0,0.0,0.0,605218
FF,4-Seam Fastball,FB,161,46.0,43,38,4,9.3,3,6.98,87,13,14.94,8.07,28,17.39,25.47,27.42,33.33,11.11,0.395,0.419,0.658,1.077,0.263,605242
CH,Changeup,OS,71,20.29,16,14,10,62.5,0,0.0,31,18,58.06,25.35,2,2.82,28.17,36.67,26.85,34.48,0.143,0.143,0.357,0.5,0.214,605242
FC,Cutter,FB,69,19.71,14,11,1,7.14,3,21.43,29,7,24.14,10.14,19,27.54,37.68,16.13,14.81,6.25,0.364,0.5,1.0,1.5,0.636,605242
ST,Sweeper,BR,35,10.0,13,12,9,69.23,1,7.69,17,9,52.94,25.71,7,20.0,45.71,42.86,18.52,45.0,0.083,0.154,0.083,0.237,0.0,605242
SI,Sinker,FB,14,4.0,6,4,3,50.0,2,33.33,3,1,33.33,7.14,5,35.71,42.86,0.0,6.48,42.86,0.0,0.333,0.0,0.333,0.0,605242
SI,Sinker,FB,338,76.99,101,87,18,17.82,12,11.88,142,25,17.61,7.4,72,21.3,28.7,16.22,67.5,22.22,0.207,0.307,0.253,0.56,0.046,605280
SL,Slider,BR,96,21.87,13,13,8,61.54,0,0.0,49,21,42.86,21.88,12,12.5,34.38,36.84,29.17,22.86,0.154,0.154,0.385,0.539,0.231,605280
ST,Sweeper,BR,4,0.91,0,0,0,,0,,2,0,0.0,0.0,1,25.0,25.0,50.0,2.5,0.0,,,,,,605280
,,,1,0.23,0,0,0,,0,,0,0,,0.0,0,0.0,0.0,,0.83,0.0,,,,,,605280
SI,Sinker,FB,314,35.84,94,84,22,23.4,9,9.57,127,18,14.17,5.73,68,21.66,27.39,20.75,32.79,27.16,0.298,0.362,0.488,0.85,0.19,605288
FF,4-Seam Fastball,FB,282,32.19,67,57,15,22.39,9,13.43,131,31,23.66,10.99,38,13.48,24.47,19.01,35.63,17.05,0.228,0.328,0.298,0.626,0.0699999999999999,605288
SL,Slider,BR,125,14.27,29,24,7,24.14,4,13.79,57,15,26.32,12.0,24,19.2,31.2,23.33,14.98,18.92,0.208,0.345,0.458,0.8029999999999999,0.25,605288
CU,Curveball,BR,85,9.7,15,14,1,6.67,1,6.67,27,2,7.41,2.35,23,27.06,29.41,18.6,8.5,4.76,0.286,0.333,0.714,1.047,0.428,605288
CH,Changeup,OS,70,7.99,15,15,1,6.67,0,0.0,27,6,22.22,8.57,4,5.71,14.29,22.45,8.1,5.0,0.333,0.333,0.533,0.8660000000000001,0.2,605288
KC,Knuckle Curve,BR,122,34.08,27,26,9,33.33,1,3.7,51,19,37.25,15.57,31,25.41,40.98,28.07,31.73,27.27,0.269,0.296,0.5,0.796,0.2309999999999999,605347
FF,4-Seam Fastball,FB,75,20.95,19,14,3,15.79,2,10.53,34,6,17.65,8.0,14,18.67,26.67,9.38,21.15,13.64,0.357,0.526,0.643,1.169,0.286,605347
CH,Changeup,OS,72,20.11,20,19,4,20.0,0,0.0,34,4,11.76,5.56,8,11.11,16.67,30.23,22.12,17.39,0.158,0.15,0.316,0.4659999999999999,0.158,605347
SI,Sinker,FB,66,18.44,19,16,4,21.05,2,10.53,28,6,21.43,9.09,15,22.73,31.82,17.24,20.19,19.05,0.438,0.526,0.688,1.214,0.2499999999999999,605347
,,,13,3.63,3,0,0,0.0,3,100.0,0,0,,0.0,0,0.0,0.0,,0.0,,,1.0,,,,605347
SL,Slider,BR,10,2.79,3,2,1,33.33,1,33.33,6,2,33.33,20.0,0,0.0,20.0,20.0,4.81,20.0,0.5,0.667,2.0,2.667,1.5,605347
CU,Curveball,BR,211,24.97,49,47,23,46.94,0,0.0,95,34,35.79,16.11,44,20.85,36.97,41.88,33.21,25.56,0.149,0.163,0.255,0.418,0.106,605397
FF,4-Seam Fastball,FB,210,24.85,59,52,13,22.03,5,8.47,102,21,20.59,10.0,34,16.19,26.19,37.07,28.41,16.88,0.25,0.339,0.346,0.685,0.0959999999999999,605397
FC,Cutter,FB,198,23.43,39,37,3,7.69,2,5.13,102,13,12.75,6.57,48,24.24,30.81,34.72,5.9,18.75,0.216,0.256,0.243,0.499,0.0269999999999999,605397
CH,Changeup,OS,134,15.86,37,36,12,32.43,1,2.7,71,28,39.44,20.9,2,1.49,22.39,36.84,17.71,25.0,0.25,0.27,0.306,0.5760000000000001,0.0559999999999999,605397
SL,Slider,BR,79,9.35,22,20,7,31.82,1,4.55,40,12,30.0,15.19,17,21.52,36.71,43.24,13.28,19.44,0.15,0.227,0.35,0.577,0.1999999999999999,605397
,,,8,0.95,1,0,0,0.0,1,100.0,0,0,,0.0,0,0.0,0.0,,0.74,0.0,,1.0,,,,605397
SI,Sinker,FB,4,0.47,2,2,0,0.0,0,0.0,2,0,0.0,0.0,0,0.0,0.0,0.0,0.74,0.0,0.5,0.5,0.5,1.0,0.0,605397
ST,Sweeper,BR,1,0.12,1,1,0,0.0,0,0.0,1,0,0.0,0.0,0,0.0,0.0,,0.0,,1.0,1.0,4.0,5.0,3.0,605397
KC,Knuckle Curve,BR,491,34.26,128,120,40,31.25,7,5.47,261,84,32.18,17.11,87,17.72,34.83,46.01,39.3,23.67,0.225,0.268,0.417,0.685,0.1919999999999999,605400
FF,4-Seam Fastball,FB,474,33.08,109,99,21,19.27,9,8.26,223,51,22.87,10.76,82,17.3,28.06,27.51,26.98,18.1,0.253,0.312,0.525,0.837,0.272,605400
CH,Changeup,OS,276,19.26,70,66,17,24.29,4,5.71,127,39,30.71,14.13,27,9.78,23.91,31.64,18.37,21.52,0.212,0.257,0.303,0.56,0.091,605400
SI,Sinker,FB,144,10.05,46,42,11,23.91,4,8.7,58,2,3.45,1.39,38,26.39,27.78,16.67,13.95,18.33,0.262,0.326,0.5,0.8260000000000001,0.238,605400
FC,Cutter,FB,46,3.21,11,10,0,0.0,1,9.09,34,7,20.59,15.22,2,4.35,19.57,37.5,1.16,0.0,0.4,0.455,0.7,1.155,0.2999999999999999,605400
,,,2,0.14,1,1,1,100.0,0,0.0,0,0,,0.0,0,0.0,0.0,,0.23,100.0,0.0,0.0,0.0,0.0,0.0,605400
FF,4-Seam Fastball,FB,16,64.0,5,4,1,20.0,1,20.0,9,3,33.33,18.75,1,6.25,25.0,33.33,57.14,25.0,0.5,0.6,1.25,1.85,0.75,605441
SL,Slider,BR,8,32.0,1,1,0,0.0,0,0.0,2,1,50.0,12.5,2,25.0,37.5,20.0,28.57,0.0,0.0,0.0,0.0,0.0,0.0,605441
FS,Split-Finger,OS,1,4.0,0,0,0,,0,,0,0,,0.0,0,0.0,0.0,0.0,14.29,0.0,,,,,,605441
FF,4-Seam Fastball,FB,26,48.15,11,8,0,0.0,2,18.18,11,0,0.0,0.0,6,23.08,23.08,0.0,42.86,0.0,0.375,0.455,0.375,0.8300000000000001,0.0,605446
CH,Changeup,OS,17,31.48,4,2,1,25.0,2,50.0,7,4,57.14,23.53,1,5.88,29.41,25.0,50.0,14.29,0.0,0.5,0.0,0.5,0.0,605446
CU,Curveball,BR,7,12.96,1,1,0,0.0,0,0.0,2,0,0.0,0.0,1,14.29,14.29,33.33,7.14,0.0,0.0,0.0,0.0,0.0,0.0,605446
FC,Cutter,FB,3,5.56,0,0,0,,0,,1,1,100.0,33.33,0,0.0,33.33,0.0,0.0,,,,,,,605446
,,,1,1.85,0,0,0,,0,,0,0,,0.0,0,0.0,0.0,,0.0,,,,,,,605446
FF,4-Seam Fastball,FB,236,53.64,56,49,20,35.71,6,10.71,114,37,32.46,15.68,34,14.41,30.08,27.35,48.39,33.33,0.224,0.309,0.429,0.738,0.205,605447
SL,Slider,BR,194,44.09,52,47,14,26.92,4,7.69,95,35,36.84,18.04,35,18.04,36.08,36.79,51.61,21.88,0.234,0.294,0.426,0.72,0.1919999999999999,605447
,,,10,2.27,2,0,0,0.0,2,100.0,0,0,,0.0,0,0.0,0.0,,0.0,,,1.0,,,,605447
ST,Sweeper,BR,36,31.3,5,5,1,20.0,0,0.0,12,3,25.0,8.33,9,25.0,33.33,17.65,31.25,10.0,0.0,0.0,0.0,0.0,0.0,605463
SI,Sinker,FB,26,22.61,7,6,0,0.0,1,14.29,13,3,23.08,11.54,4,15.38,26.92,0.0,0.0,,0.167,0.286,0.333,0.619,0.166,605463
FS,Split-Finger,OS,22,19.13,6,4,1,16.67,2,33.33,7,2,28.57,9.09,0,0.0,9.09,16.67,34.38,9.09,0.25,0.5,1.0,1.5,0.75,605463
FF,4-Seam Fastball,FB,13,11.3,4,3,2,50.0,1,25.0,7,2,28.57,15.38,1,7.69,23.08,28.57,25.0,25.0,0.333,0.5,0.333,0.833,0.0,605463
CH,Changeup,OS,10,8.7,3,2,1,33.33,0,0.0,4,3,75.0,30.0,0,0.0,30.0,33.33,9.38,33.33,0.0,0.333,0.0,0.333,0.0,605463
,,,8,6.96,2,0,0,0.0,2,100.0,0,0,,0.0,0,0.0,0.0,,0.0,,,1.0,,,,605463
FF,4-Seam Fastball,FB,332,58.97,77,59,20,25.97,17,22.08,137,37,27.01,11.14,58,17.47,28.61,15.76,49.07,25.32,0.203,0.382,0.271,0.653,0.068,605483
SL,Slider,BR,135,23.98,22,20,5,22.73,2,9.09,50,27,54.0,20.0,8,5.93,25.93,17.2,21.12,14.71,0.25,0.318,0.45,0.768,0.2,605483
CU,Curveball,BR,95,16.87,26,24,13,50.0,2,7.69,45,20,44.44,21.05,8,8.42,29.47,37.88,29.81,27.08,0.167,0.231,0.292,0.523,0.1249999999999999,605483
,,,1,0.18,0,0,0,,0,,0,0,,0.0,0,0.0,0.0,,0.0,,,,,,,605483
FF,4-Seam Fastball,FB,26,40.62,9,7,4,44.44,2,22.22,9,1,11.11,3.85,9,34.62,38.46,0.0,42.11,50.0,0.0,0.222,0.0,0.222,0.0,605488
ST,Sweeper,BR,26,40.62,4,4,2,50.0,0,0.0,9,5,55.56,19.23,5,19.23,38.46,20.0,42.11,25.0,0.0,0.0,0.0,0.0,0.0,605488
SL,Slider,BR,8,12.5,1,1,0,0.0,0,0.0,3,1,33.33,12.5,2,25.0,37.5,0.0,0.0,,0.0,0.0,0.0,0.0,0.0,605488
CH,Changeup,OS,4,6.25,2,2,0,0.0,0,0.0,2,0,0.0,0.0,0,0.0,0.0,0.0,15.79,0.0,0.5,0.5,0.5,1.0,0.0,605488
FF,4-Seam Fastball,FB,91,47.64,25,22,2,8.0,3,12.0,46,5,10.87,5.49,16,17.58,23.08,22.22,43.55,7.41,0.364,0.44,0.773,1.213,0.409,605498
SL,Slider,BR,61,31.94,13,12,3,23.08,1,7.69,26,10,38.46,16.39,11,18.03,34.43,27.27,27.42,17.65,0.25,0.308,0.417,0.725,0.1669999999999999,605498
CU,Curveball,BR,21,10.99,5,5,1,20.0,0,0.0,8,1,12.5,4.76,4,19.05,23.81,0.0,12.9,12.5,0.2,0.2,0.8,1.0,0.6000000000000001,605498
CH,Changeup,OS,10,5.24,1,1,0,0.0,0,0.0,5,1,20.0,10.0,0,0.0,10.0,0.0,12.9,0.0,0.0,0.0,0.0,0.0,0.0,605498
SI,Sinker,FB,8,4.19,4,4,0,0.0,0,0.0,5,0,0.0,0.0,1,12.5,12.5,0.0,3.23,0.0,0.75,0.75,1.5,2.25,0.75,605498
FF,4-Seam Fastball,FB,151,49.03,38,37,7,18.42,1,2.63,74,12,16.22,7.95,35,23.18,31.13,30.0,45.71,21.88,0.27,0.289,0.541,0.8300000000000001,0.271,605513
CH,Changeup,OS,57,18.51,9,7,1,11.11,2,22.22,16,4,25.0,7.02,2,3.51,10.53,22.92,20.0,7.14,0.143,0.333,0.286,0.619,0.143,605513
SL,Slider,BR,41,13.31,11,9,1,9.09,2,18.18,18,4,22.22,9.76,3,7.32,17.07,31.03,10.0,14.29,0.333,0.455,0.778,1.233,0.445,605513
CU,Curveball,BR,30,9.74,9,9,2,22.22,0,0.0,13,2,15.38,6.67,6,20.0,26.67,40.0,11.43,25.0,0.444,0.444,0.667,1.111,0.223,605513
SI,Sinker,FB,28,9.09,11,10,0,0.0,1,9.09,14,0,0.0,0.0,7,25.0,25.0,28.57,11.43,0.0,0.5,0.545,0.7,1.245,0.1999999999999999,605513
,,,1,0.32,1,1,1,100.0,0,0.0,0,0,,0.0,0,0.0,0.0,,1.43,100.0,0.0,0.0,0.0,0.0,0.0,605513
FF,4-Seam Fastball,FB,256,45.31,58,51,24,41.38,5,8.62,142,40,28.17,15.62,48,18.75,34.38,30.85,57.51,21.62,0.216,0.298,0.549,0.847,0.3330000000000001,605540
CH,Changeup,OS,173,30.62,43,42,14,32.56,1,2.33,80,31,38.75,17.92,18,10.4,28.32,29.52,31.09,23.33,0.119,0.14,0.143,0.283,0.0239999999999999,605540
SI,Sinker,FB,72,12.74,22,17,1,4.55,5,22.73,40,8,20.0,11.11,13,18.06,29.17,32.14,2.59,20.0,0.235,0.409,0.294,0.703,0.059,605540
CU,Curveball,BR,52,9.2,10,10,2,20.0,0,0.0,15,5,33.33,9.62,10,19.23,28.85,19.35,7.77,13.33,0.1,0.1,0.1,0.2,0.0,605540
SL,Slider,BR,12,2.12,1,1,0,0.0,0,0.0,6,2,33.33,16.67,4,33.33,50.0,66.67,1.04,0.0,1.0,1.0,1.0,2.0,0.0,605540
EP,Eephus,,5,83.33,2,2,0,0.0,0,0.0,2,0,0.0,0.0,0,0.0,0.0,0.0,,,0.5,0.5,1.0,1.5,0.5,605612
FA,Other,,1,16.67,1,0,0,0.0,1,100.0,0,0,,0.0,0,0.0,0.0,0.0,,,,1.0,,,,605612
FF,4-Seam Fastball,FB,188,50.67,49,47,8,16.33,1,2.04,95,17,17.89,9.04,29,15.43,24.47,28.72,48.03,13.11,0.298,0.312,0.532,0.8440000000000001,0.234,606149
SL,Slider,BR,152,40.97,39,34,12,30.77,5,12.82,86,45,52.33,29.61,14,9.21,38.82,42.7,50.39,18.75,0.235,0.333,0.353,0.6859999999999999,0.118,606149
CH,Changeup,OS,30,8.09,6,6,0,0.0,0,0.0,15,6,40.0,20.0,2,6.67,26.67,36.84,1.57,0.0,0.667,0.667,1.167,1.834,0.5,606149
,,,1,0.27,0,0,0,,0,,0,0,,0.0,0,0.0,0.0,,0.0,,,,,,,606149
FF,4-Seam Fastball,FB,351,52.78,70,57,18,25.71,12,17.14,171,49,28.65,13.96,51,14.53,28.49,23.84,49.06,17.31,0.263,0.4,0.474,0.874,0.2109999999999999,606160
CH,Changeup,OS,235,35.34,68,61,11,16.18,6,8.82,113,32,28.32,13.62,22,9.36,22.98,30.56,39.15,13.25,0.295,0.353,0.41,0.7629999999999999,0.1149999999999999,606160
SL,Slider,BR,70,10.53,9,9,3,33.33,0,0.0,31,11,35.48,15.71,6,8.57,24.29,29.79,9.91,14.29,0.222,0.222,0.444,0.666,0.222,606160
SI,Sinker,FB,9,1.35,4,4,3,75.0,0,0.0,4,3,75.0,33.33,1,11.11,44.44,20.0,1.89,75.0,0.0,0.0,0.0,0.0,0.0,606160
CH,Changeup,OS,132,30.41,29,28,2,6.9,0,0.0,64,13,20.31,9.85,19,14.39,24.24,22.06,12.7,12.5,0.357,0.345,0.464,0.8089999999999999,0.107,606303
FF,4-Seam Fastball,FB,131,30.18,39,36,14,35.9,2,5.13,73,24,32.88,18.32,19,14.5,32.82,32.79,38.1,29.17,0.139,0.184,0.25,0.434,0.1109999999999999,606303
ST,Sweeper,BR,83,19.12,22,20,12,54.55,1,4.55,28,9,32.14,10.84,22,26.51,37.35,19.51,30.16,31.58,0.05,0.136,0.1,0.236,0.05,606303
SL,Slider,BR,48,11.06,16,12,4,25.0,2,12.5,18,4,22.22,8.33,11,22.92,31.25,25.93,15.08,21.05,0.333,0.467,0.667,1.134,0.334,606303
SI,Sinker,FB,40,9.22,10,10,1,10.0,0,0.0,23,4,17.39,10.0,7,17.5,27.5,18.18,3.97,20.0,0.4,0.4,1.0,1.4,0.6,606303
SL,Slider,BR,7,36.84,0,0,0,,0,,2,0,0.0,0.0,2,28.57,28.57,25.0,37.5,0.0,,,,,,606625
CH,Changeup,OS,6,31.58,2,2,1,50.0,0,0.0,4,2,50.0,33.33,1,16.67,50.0,50.0,37.5,33.33,0.5,0.5,0.5,1.0,0.0,606625
FF,4-Seam Fastball,FB,6,31.58,2,2,0,0.0,0,0.0,4,1,25.0,16.67,1,16.67,33.33,66.67,25.0,0.0,0.5,0.5,0.5,1.0,0.0,606625
FC,Cutter,FB,39,50.0,10,9,1,10.0,1,10.0,17,2,11.76,5.13,7,17.95,23.08,23.81,56.52,7.69,0.333,0.4,0.333,0.7330000000000001,0.0,606930
FF,4-Seam Fastball,FB,36,46.15,8,7,1,12.5,1,12.5,14,1,7.14,2.78,6,16.67,19.44,15.79,39.13,11.11,0.286,0.375,0.571,0.946,0.285,606930
CH,Changeup,OS,3,3.85,1,1,0,0.0,0,0.0,2,0,0.0,0.0,0,0.0,0.0,50.0,4.35,0.0,0.0,0.0,0.0,0.0,0.0,606930
CH,Changeup,OS,187,64.71,51,46,11,21.57,2,3.92,94,29,30.85,15.51,25,13.37,28.88,35.85,71.43,18.33,0.174,0.2,0.283,0.483,0.1089999999999999,606965
FF,4-Seam Fastball,FB,91,31.49,18,16,3,16.67,1,5.56,41,5,12.2,5.49,15,16.48,21.98,26.09,27.38,13.04,0.25,0.333,0.438,0.771,0.188,606965
SL,Slider,BR,4,1.38,2,1,0,0.0,1,50.0,1,0,0.0,0.0,1,25.0,25.0,0.0,1.19,0.0,1.0,1.0,1.0,2.0,0.0,606965
,,,4,1.38,1,0,0,0.0,1,100.0,0,0,,0.0,0,0.0,0.0,,0.0,,,1.0,,,,606965
ST,Sweeper,BR,3,1.04,0,0,0,,0,,2,0,0.0,0.0,1,33.33,33.33,100.0,0.0,,,,,,,606965
EP,Eephus,,18,94.74,3,0,0,0.0,3,100.0,3,0,0.0,0.0,4,22.22,22.22,8.33,83.33,0.0,,1.0,,,,607054
FA,Other,,1,5.26,0,0,0,,0,,0,0,,0.0,0,0.0,0.0,0.0,16.67,0.0,,,,,,607054
FC,Cutter,FB,268,27.89,70,57,7,10.0,13,18.57,125,25,20.0,9.33,49,18.28,27.61,23.13,19.17,11.67,0.263,0.4,0.596,0.996,0.3329999999999999,607067
FF,4-Seam Fastball,FB,234,24.35,55,51,14,25.45,1,1.82,123,16,13.01,6.84,44,18.8,25.64,29.29,27.16,16.47,0.176,0.204,0.314,0.518,0.138,607067
SI,Sinker,FB,199,20.71,58,53,11,18.97,3,5.17,95,18,18.95,9.05,46,23.12,32.16,18.92,20.45,17.19,0.264,0.316,0.509,0.825,0.245,607067
CH,Changeup,OS,104,10.82,23,23,4,17.39,0,0.0,45,9,20.0,8.65,11,10.58,19.23,23.08,10.22,12.5,0.478,0.478,0.913,1.391,0.435,607067
CU,Curveball,BR,84,8.74,21,20,4,19.05,1,4.76,36,8,22.22,9.52,19,22.62,32.14,29.79,11.5,11.11,0.2,0.238,0.55,0.788,0.35,607067
ST,Sweeper,BR,69,7.18,20,19,8,40.0,1,5.0,36,12,33.33,17.39,9,13.04,30.43,43.59,11.5,22.22,0.158,0.2,0.158,0.358,0.0,607067
,,,3,0.31,0,0,0,,0,,0,0,,0.0,0,0.0,0.0,,0.0,,,,,,,607067
FF,4-Seam Fastball,FB,111,57.51,30,24,6,20.0,4,13.33,71,21,29.58,18.92,10,9.01,27.93,30.23,55.56,20.0,0.25,0.367,0.542,0.909,0.292,607074
SL,Slider,BR,80,41.45,19,17,8,42.11,2,10.53,28,11,39.29,13.75,13,16.25,30.0,18.37,44.44,33.33,0.118,0.211,0.294,0.505,0.176,607074
CU,Curveball,BR,2,1.04,1,0,0,0.0,0,0.0,0,0,,0.0,0,0.0,0.0,0.0,0.0,,,1.0,,,,607074
FF,4-Seam Fastball,FB,180,48.52,39,30,8,20.51,8,20.51,74,17,22.97,9.44,31,17.22,26.67,16.84,35.06,29.63,0.2,0.385,0.467,0.8520000000000001,0.267,607179
SL,Slider,BR,105,28.3,35,29,6,17.14,5,14.29,48,6,12.5,5.71,23,21.9,27.62,20.45,32.47,24.0,0.31,0.412,0.483,0.895,0.173,607179
FS,Split-Finger,OS,68,18.33,17,16,5,29.41,1,5.88,24,10,41.67,14.71,5,7.35,22.06,23.53,31.17,20.83,0.125,0.176,0.125,0.301,0.0,607179
,,,16,4.31,4,0,0,0.0,4,100.0,0,0,,0.0,0,0.0,0.0,,0.0,,,1.0,,,,607179
CU,Curveball,BR,2,0.54,0,0,0,,0,,0,0,,0.0,0,0.0,0.0,0.0,1.3,0.0,,,,,,607179
FF,4-Seam Fastball,FB,21,80.77,5,3,2,40.0,2,40.0,6,4,66.67,19.05,3,14.29,33.33,7.14,75.0,33.33,0.333,0.6,0.333,0.933,0.0,607188
SL,Slider,BR,3,11.54,0,0,0,,0,,0,0,,0.0,1,33.33,33.33,0.0,0.0,,,,,,,607188
FS,Split-Finger,OS,2,7.69,0,0,0,,0,,1,0,0.0,0.0,0,0.0,0.0,50.0,25.0,0.0,,,,,,607188
FF,4-Seam Fastball,FB,442,42.5,119,102,26,21.85,16,13.45,199,42,21.11,9.5,107,24.21,33.71,17.39,37.9,21.85,0.294,0.387,0.471,0.858,0.177,607192
SL,Slider,BR,334,32.12,76,71,12,15.79,5,6.58,180,62,34.44,18.56,48,14.37,32.93,31.41,14.01,27.27,0.324,0.368,0.521,0.889,0.197,607192
CU,Curveball,BR,253,24.33,70,69,50,71.43,0,0.0,122,69,56.56,27.27,23,9.09,36.36,42.47,47.13,33.78,0.101,0.1,0.232,0.332,0.131,607192
,,,6,0.58,0,0,0,,0,,0,0,,0.0,0,0.0,0.0,,0.64,0.0,,,,,,607192
CH,Changeup,OS,5,0.48,1,1,0,0.0,0,0.0,2,1,50.0,20.0,0,0.0,20.0,25.0,0.32,0.0,0.0,0.0,0.0,0.0,0.0,607192
CH,Changeup,OS,9,45.0,2,2,1,50.0,0,0.0,5,3,60.0,33.33,3,33.33,66.67,66.67,50.0,33.33,0.0,0.0,0.0,0.0,0.0,607216
FF,4-Seam Fastball,FB,7,35.0,2,2,0,0.0,0,0.0,2,0,0.0,0.0,3,42.86,42.86,0.0,33.33,0.0,0.0,0.0,0.0,0.0,0.0,607216
FC,Cutter,FB,4,20.0,1,1,0,0.0,0,0.0,1,0,0.0,0.0,1,25.0,25.0,33.33,16.67,0.0,0.0,0.0,0.0,0.0,0.0,607216
SL,Slider,BR,80,45.71,20,19,3,15.0,1,5.0,33,9,27.27,11.25,10,12.5,23.75,21.74,61.36,11.11,0.263,0.3,0.632,0.932,0.369,607237
FF,4-Seam Fastball,FB,72,41.14,15,7,3,20.0,8,53.33,21,5,23.81,6.94,13,18.06,25.0,14.29,36.36,18.75,0.143,0.6,0.143,0.743,0.0,607237
SI,Sinker,FB,23,13.14,6,3,0,0.0,3,50.0,7,1,14.29,4.35,4,17.39,21.74,33.33,2.27,0.0,0.333,0.667,0.333,1.0,0.0,607237
CH,Changeup,OS,256,32.69,73,70,22,30.14,2,2.74,143,61,42.66,23.83,21,8.2,32.03,45.03,34.0,25.88,0.186,0.205,0.2,0.405,0.014,607259
CU,Curveball,BR,168,21.46,41,35,10,24.39,5,12.2,78,30,38.46,17.86,29,17.26,35.12,34.74,20.4,19.61,0.229,0.325,0.457,0.782,0.228,607259
FF,4-Seam Fastball,FB,157,20.05,38,30,9,23.68,5,13.16,70,12,17.14,7.64,31,19.75,27.39,26.67,23.6,15.25,0.3,0.432,0.567,0.999,0.2669999999999999,607259
FC,Cutter,FB,136,17.37,33,29,8,24.24,4,12.12,53,8,15.09,5.88,40,29.41,35.29,9.43,11.2,28.57,0.414,0.485,0.724,1.209,0.31,607259
SI,Sinker,FB,66,8.43,12,12,3,25.0,0,0.0,27,4,14.81,6.06,18,27.27,33.33,16.0,10.8,11.11,0.333,0.333,0.417,0.75,0.0839999999999999,607259
FF,4-Seam Fastball,FB,42,51.85,13,12,3,23.08,1,7.69,22,5,22.73,11.9,4,9.52,21.43,20.0,65.38,17.65,0.167,0.231,0.5,0.731,0.3329999999999999,607359
SL,Slider,BR,35,43.21,8,8,1,12.5,0,0.0,14,2,14.29,5.71,10,28.57,34.29,31.25,34.62,11.11,0.375,0.375,0.75,1.125,0.375,607359
FS,Split-Finger,OS,4,4.94,0,0,0,,0,,0,0,,0.0,2,50.0,50.0,0.0,0.0,,,,,,,607359
SI,Sinker,FB,40,58.82,8,7,2,25.0,0,0.0,21,5,23.81,12.5,8,20.0,32.5,47.06,57.69,13.33,0.429,0.5,0.857,1.357,0.428,607455
SL,Slider,BR,13,19.12,5,5,1,20.0,0,0.0,7,2,28.57,15.38,1,7.69,23.08,25.0,15.38,25.0,0.4,0.4,0.4,0.8,0.0,607455
FF,4-Seam Fastball,FB,10,14.71,1,0,0,0.0,1,100.0,5,0,0.0,0.0,2,20.0,20.0,0.0,15.38,0.0,,1.0,,,,607455
CH,Changeup,OS,3,4.41,0,0,0,,0,,1,0,0.0,0.0,0,0.0,0.0,0.0,7.69,0.0,,,,,,607455
FC,Cutter,FB,2,2.94,0,0,0,,0,,1,1,100.0,50.0,0,0.0,50.0,0.0,3.85,0.0,,,,,,607455
FC,Cutter,FB,15,36.59,2,2,0,0.0,0,0.0,6,1,16.67,6.67,3,20.0,26.67,16.67,0.0,,1.0,1.0,1.0,2.0,0.0,607457
FF,4-Seam Fastball,FB,9,21.95,5,5,0,0.0,0,0.0,6,0,0.0,0.0,1,11.11,11.11,50.0,33.33,0.0,0.4,0.4,1.0,1.4,0.6,607457
SL,Slider,BR,8,19.51,1,1,0,0.0,0,0.0,1,0,0.0,0.0,2,25.0,25.0,0.0,33.33,0.0,1.0,1.0,1.0,2.0,0.0,607457
SI,Sinker,FB,5,12.2,1,0,0,0.0,1,100.0,0,0,,0.0,0,0.0,0.0,0.0,0.0,,,1.0,,,,607457
CH,Changeup,OS,4,9.76,3,2,1,33.33,1,33.33,2,1,50.0,25.0,0,0.0,25.0,33.33,33.33,50.0,0.5,0.667,2.0,2.667,1.5,607457
FA,Other,,16,100.0,3,2,1,33.33,1,33.33,5,1,20.0,6.25,3,18.75,25.0,30.77,100.0,33.33,0.5,0.667,1.0,1.667,0.5,607461
ST,Sweeper,BR,173,44.94,45,43,20,44.44,1,2.22,72,33,45.83,19.08,35,20.23,39.31,36.19,61.0,32.79,0.116,0.136,0.163,0.299,0.047,607481
SI,Sinker,FB,165,42.86,42,30,5,11.9,9,21.43,58,13,22.41,7.88,45,27.27,35.15,20.55,30.0,16.67,0.367,0.548,0.533,1.081,0.166,607481
FC,Cutter,FB,31,8.05,2,2,0,0.0,0,0.0,9,4,44.44,12.9,3,9.68,22.58,5.26,4.0,0.0,0.5,0.5,0.5,1.0,0.0,607481
FF,4-Seam Fastball,FB,16,4.16,4,3,1,25.0,1,25.0,5,2,40.0,12.5,4,25.0,37.5,0.0,5.0,20.0,0.333,0.5,0.333,0.833,0.0,607481
FC,Cutter,FB,186,35.43,47,41,9,19.15,2,4.26,103,25,24.27,13.44,24,12.9,26.34,25.64,29.63,22.5,0.146,0.178,0.22,0.398,0.074,607536
SI,Sinker,FB,131,24.95,42,41,5,11.9,1,2.38,65,8,12.31,6.11,21,16.03,22.14,29.41,20.74,17.86,0.415,0.429,0.683,1.112,0.268,607536
FF,4-Seam Fastball,FB,112,21.33,26,24,1,3.85,2,7.69,50,5,10.0,4.46,22,19.64,24.11,16.67,13.33,5.56,0.292,0.346,0.292,0.6379999999999999,0.0,607536
KC,Knuckle Curve,BR,84,16.0,31,28,12,38.71,3,9.68,43,16,37.21,19.05,12,14.29,33.33,35.71,34.81,25.53,0.179,0.258,0.214,0.472,0.035,607536
CH,Changeup,OS,12,2.29,2,2,0,0.0,0,0.0,4,0,0.0,0.0,2,16.67,16.67,0.0,1.48,0.0,0.0,0.0,0.0,0.0,0.0,607536
FF,4-Seam Fastball,FB,478,38.06,109,100,34,31.19,8,7.34,219,42,19.18,8.79,111,23.22,32.01,24.87,40.67,21.66,0.25,0.312,0.51,0.8220000000000001,0.26,607625
CU,Curveball,BR,459,36.54,109,105,25,22.94,4,3.67,205,57,27.8,12.42,70,15.25,27.67,24.39,34.46,18.8,0.267,0.294,0.371,0.665,0.1039999999999999,607625
SI,Sinker,FB,139,11.07,41,36,10,24.39,4,9.76,63,11,17.46,7.91,35,25.18,33.09,25.0,12.69,20.41,0.222,0.317,0.472,0.7889999999999999,0.2499999999999999,607625
CH,Changeup,OS,124,9.87,30,30,4,13.33,0,0.0,61,21,34.43,16.94,11,8.87,25.81,28.17,7.25,14.29,0.267,0.267,0.433,0.7,0.1659999999999999,607625
ST,Sweeper,BR,19,1.51,7,6,1,14.29,1,14.29,9,0,0.0,0.0,3,15.79,15.79,22.22,1.3,20.0,0.333,0.429,0.5,0.929,0.1669999999999999,607625
SV,Slurve,BR,16,1.27,6,5,1,16.67,1,16.67,8,1,12.5,6.25,2,12.5,18.75,0.0,2.07,12.5,0.0,0.167,0.0,0.167,0.0,607625
SL,Slider,BR,10,0.8,1,1,0,0.0,0,0.0,3,1,33.33,10.0,2,20.0,30.0,16.67,1.04,0.0,0.0,0.0,0.0,0.0,0.0,607625
FS,Split-Finger,OS,7,0.56,2,2,1,50.0,0,0.0,5,3,60.0,42.86,0,0.0,42.86,50.0,0.26,100.0,0.5,0.5,2.0,2.5,1.5,607625
FC,Cutter,FB,2,0.16,2,1,0,0.0,0,0.0,2,0,0.0,0.0,0,0.0,0.0,,0.26,0.0,0.0,0.0,0.0,0.0,0.0,607625
PO,Pitch Out,,1,0.08,0,0,0,,0,,0,0,,0.0,0,0.0,0.0,0.0,0.0,,,,,,,607625
,,,1,0.08,0,0,0,,0,,0,0,,0.0,0,0.0,0.0,,0.0,,,,,,,607625
FF,4-Seam Fastball,FB,41,40.59,7,7,1,14.29,0,0.0,19,3,15.79,7.32,11,26.83,34.15,8.33,28.57,10.0,0.143,0.143,0.286,0.4289999999999999,0.143,607644
SL,Slider,BR,30,29.7,4,4,0,0.0,0,0.0,14,0,0.0,0.0,4,13.33,13.33,26.67,17.14,0.0,0.0,0.0,0.0,0.0,0.0,607644
CH,Changeup,OS,20,19.8,7,6,2,28.57,1,14.29,14,0,0.0,0.0,3,15.0,15.0,57.14,37.14,15.38,0.167,0.286,0.667,0.953,0.5,607644
KC,Knuckle Curve,BR,9,8.91,4,4,0,0.0,0,0.0,5,0,0.0,0.0,0,0.0,0.0,20.0,14.29,0.0,0.25,0.25,1.0,1.25,0.75,607644
SV,Slurve,BR,1,0.99,1,1,0,0.0,0,0.0,1,0,0.0,0.0,0,0.0,0.0,100.0,2.86,0.0,1.0,1.0,1.0,2.0,0.0,607644
FA,Other,,18,56.25,8,7,0,0.0,0,0.0,12,1,8.33,5.56,3,16.67,22.22,42.86,40.0,0.0,0.143,0.125,0.143,0.268,0.0,607732
CH,Changeup,OS,11,34.38,5,5,0,0.0,0,0.0,7,0,0.0,0.0,2,18.18,18.18,0.0,40.0,0.0,0.4,0.4,0.4,0.8,0.0,607732
CS,Slow Curve,BR,3,9.38,2,1,0,0.0,0,0.0,2,0,0.0,0.0,0,0.0,0.0,50.0,20.0,0.0,0.0,0.5,0.0,0.5,0.0,607732
SL,Slider,BR,310,83.78,87,75,18,20.69,9,10.34,145,29,20.0,9.35,68,21.94,31.29,31.21,82.83,21.95,0.187,0.279,0.293,0.5720000000000001,0.1059999999999999,607755
FF,4-Seam Fastball,FB,19,5.14,5,4,1,20.0,1,20.0,8,1,12.5,5.26,1,5.26,10.53,16.67,9.09,11.11,0.5,0.6,0.5,1.1,0.0,607755
SI,Sinker,FB,19,5.14,2,1,0,0.0,1,50.0,4,0,0.0,0.0,8,42.11,42.11,12.5,3.03,0.0,1.0,1.0,1.0,2.0,0.0,607755
CU,Curveball,BR,14,3.78,2,0,0,0.0,0,0.0,1,0,0.0,0.0,2,14.29,14.29,9.09,2.02,0.0,,1.0,,,,607755
CH,Changeup,OS,7,1.89,0,0,0,,0,,1,1,100.0,14.29,0,0.0,14.29,0.0,3.03,0.0,,,,,,607755
,,,1,0.27,0,0,0,,0,,0,0,,0.0,0,0.0,0.0,,0.0,,,,,,,607755
FF,4-Seam Fastball,FB,55,32.16,14,9,0,0.0,5,35.71,18,3,16.67,5.45,9,16.36,21.82,6.9,25.0,0.0,0.556,0.714,0.889,1.603,0.3329999999999999,607968
SL,Slider,BR,48,28.07,17,13,3,17.65,2,11.76,27,10,37.04,20.83,7,14.58,35.42,40.91,37.5,20.0,0.385,0.471,0.846,1.317,0.4609999999999999,607968
SI,Sinker,FB,33,19.3,12,9,0,0.0,2,16.67,14,0,0.0,0.0,7,21.21,21.21,33.33,15.0,0.0,0.333,0.417,0.333,0.75,0.0,607968
CH,Changeup,OS,26,15.2,1,1,1,100.0,0,0.0,3,3,100.0,11.54,1,3.85,15.38,8.33,15.0,16.67,0.0,0.0,0.0,0.0,0.0,607968
CU,Curveball,BR,9,5.26,2,2,0,0.0,0,0.0,4,1,25.0,11.11,2,22.22,33.33,20.0,7.5,0.0,1.0,1.0,1.5,2.5,0.5,607968
FF,4-Seam Fastball,FB,384,68.45,92,78,24,26.09,13,14.13,212,58,27.36,15.1,43,11.2,26.3,23.35,75.0,17.39,0.244,0.359,0.359,0.718,0.1149999999999999,608032
SL,Slider,BR,87,15.51,14,13,4,28.57,1,7.14,32,7,21.88,8.05,23,26.44,34.48,13.51,14.67,14.81,0.385,0.429,0.538,0.967,0.153,608032
CH,Changeup,OS,66,11.76,20,20,3,15.0,0,0.0,36,8,22.22,12.12,5,7.58,19.7,21.21,10.33,15.79,0.3,0.3,0.65,0.95,0.35,608032
,,,21,3.74,5,0,0,0.0,5,100.0,0,0,,0.0,0,0.0,0.0,,0.0,,,1.0,,,,608032
SI,Sinker,FB,3,0.53,1,1,0,0.0,0,0.0,3,0,0.0,0.0,0,0.0,0.0,100.0,0.0,,0.0,0.0,0.0,0.0,0.0,608032
FF,4-Seam Fastball,FB,31,40.26,4,4,0,0.0,0,0.0,13,1,7.69,3.23,6,19.35,22.58,25.0,29.17,0.0,0.75,0.75,2.25,3.0,1.5,608328
FS,Split-Finger,OS,21,27.27,8,7,1,12.5,0,0.0,13,2,15.38,9.52,1,4.76,14.29,46.15,29.17,14.29,0.286,0.25,0.714,0.964,0.428,608328
CU,Curveball,BR,18,23.38,2,2,1,50.0,0,0.0,6,3,50.0,16.67,4,22.22,38.89,33.33,20.83,20.0,0.0,0.0,0.0,0.0,0.0,608328
SL,Slider,BR,7,9.09,4,3,0,0.0,0,0.0,5,0,0.0,0.0,0,0.0,0.0,50.0,20.83,0.0,1.0,1.0,3.333,4.333,2.333,608328
FF,4-Seam Fastball,FB,74,34.74,18,13,5,27.78,5,27.78,34,13,38.24,17.57,18,24.32,41.89,26.47,23.33,35.71,0.154,0.389,0.154,0.543,0.0,608331
SI,Sinker,FB,40,18.78,13,12,3,23.08,0,0.0,17,3,17.65,7.5,5,12.5,20.0,25.93,18.33,27.27,0.333,0.385,0.583,0.968,0.2499999999999999,608331
CU,Curveball,BR,31,14.55,6,6,4,66.67,0,0.0,16,7,43.75,22.58,1,3.23,25.81,27.78,23.33,28.57,0.167,0.167,0.167,0.334,0.0,608331
SL,Slider,BR,26,12.21,4,3,0,0.0,1,25.0,12,6,50.0,23.08,2,7.69,30.77,20.0,1.67,0.0,0.0,0.25,0.0,0.25,0.0,608331
ST,Sweeper,BR,23,10.8,7,7,2,28.57,0,0.0,13,3,23.08,13.04,4,17.39,30.43,61.11,25.0,13.33,0.143,0.143,0.143,0.286,0.0,608331
CH,Changeup,OS,13,6.1,3,3,1,33.33,0,0.0,6,1,16.67,7.69,2,15.38,23.08,28.57,8.33,20.0,0.333,0.333,0.333,0.666,0.0,608331
FC,Cutter,FB,6,2.82,1,0,0,0.0,1,100.0,0,0,,0.0,1,16.67,16.67,0.0,0.0,,,1.0,,,,608331
CH,Changeup,OS,34,37.78,9,9,3,33.33,0,0.0,18,7,38.89,20.59,2,5.88,26.47,33.33,46.43,23.08,0.111,0.111,0.111,0.222,0.0,608334
SI,Sinker,FB,32,35.56,8,7,0,0.0,1,12.5,13,0,0.0,0.0,9,28.12,28.12,18.18,25.0,0.0,0.286,0.375,0.714,1.089,0.428,608334
CU,Curveball,BR,23,25.56,4,3,2,50.0,0,0.0,11,4,36.36,17.39,4,17.39,34.78,20.0,28.57,25.0,0.0,0.25,0.0,0.25,0.0,608334
FF,4-Seam Fastball,FB,1,1.11,1,1,0,0.0,0,0.0,1,0,0.0,0.0,0,0.0,0.0,,0.0,,0.0,0.0,0.0,0.0,0.0,608334
FF,4-Seam Fastball,FB,600,44.41,141,120,40,28.37,17,12.06,266,54,20.3,9.0,121,20.17,29.17,23.19,43.76,20.97,0.2,0.3,0.4,0.7,0.2,608337
CH,Changeup,OS,468,34.64,128,113,31,24.22,14,10.94,230,84,36.52,17.95,68,14.53,32.48,31.5,36.94,19.75,0.221,0.305,0.46,0.765,0.239,608337
SL,Slider,BR,232,17.17,51,43,14,27.45,6,11.76,98,26,26.53,11.21,43,18.53,29.74,24.59,16.71,19.72,0.302,0.392,0.674,1.066,0.372,608337
CU,Curveball,BR,43,3.18,3,3,1,33.33,0,0.0,8,2,25.0,4.65,3,6.98,11.63,10.81,2.59,9.09,0.333,0.333,0.333,0.666,0.0,608337
,,,6,0.44,1,0,0,0.0,1,100.0,0,0,,0.0,0,0.0,0.0,,0.0,,,1.0,,,,608337
SI,Sinker,FB,2,0.15,0,0,0,,0,,1,0,0.0,0.0,0,0.0,0.0,0.0,0.0,,,,,,,608337
SI,Sinker,FB,78,32.1,17,15,1,5.88,2,11.76,34,4,11.76,5.13,16,20.51,25.64,21.62,28.79,5.26,0.533,0.588,0.533,1.121,0.0,608344
FC,Cutter,FB,53,21.81,24,22,0,0.0,1,4.17,35,7,20.0,13.21,2,3.77,16.98,44.44,10.61,0.0,0.227,0.292,0.409,0.701,0.1819999999999999,608344
FF,4-Seam Fastball,FB,50,20.58,8,6,2,25.0,2,25.0,16,3,18.75,6.0,16,32.0,38.0,17.65,21.21,14.29,0.167,0.375,0.167,0.542,0.0,608344
SV,Slurve,BR,44,18.11,15,12,4,26.67,1,6.67,17,5,29.41,11.36,7,15.91,27.27,34.48,25.76,23.53,0.167,0.333,0.167,0.5,0.0,608344
CH,Changeup,OS,17,7.0,5,5,2,40.0,0,0.0,11,4,36.36,23.53,2,11.76,35.29,66.67,13.64,22.22,0.0,0.0,0.0,0.0,0.0,608344
CU,Curveball,BR,1,0.41,0,0,0,,0,,0,0,,0.0,0,0.0,0.0,0.0,0.0,,,,,,,608344
FA,Other,,20,100.0,8,7,0,0.0,1,12.5,10,1,10.0,5.0,2,10.0,15.0,20.0,100.0,0.0,0.571,0.625,0.571,1.196,0.0,608348
FF,4-Seam Fastball,FB,215,47.05,59,48,13,22.03,8,13.56,99,22,22.22,10.23,23,10.7,20.93,21.85,46.15,21.67,0.188,0.31,0.312,0.622,0.124,608371
ST,Sweeper,BR,181,39.61,49,40,12,24.49,5,10.2,104,38,36.54,20.99,27,14.92,35.91,44.19,45.38,20.34,0.25,0.388,0.4,0.788,0.15,608371
CU,Curveball,BR,50,10.94,3,2,0,0.0,0,0.0,11,3,27.27,6.0,5,10.0,16.0,10.81,6.92,0.0,0.0,0.333,0.0,0.333,0.0,608371
,,,5,1.09,1,0,0,0.0,1,100.0,0,0,,0.0,0,0.0,0.0,,0.0,,,1.0,,,,608371
SL,Slider,BR,4,0.88,1,1,0,0.0,0,0.0,3,1,33.33,25.0,1,25.0,50.0,100.0,0.77,0.0,0.0,0.0,0.0,0.0,0.0,608371
SI,Sinker,FB,2,0.44,1,0,0,0.0,1,100.0,0,0,,0.0,1,50.0,50.0,0.0,0.77,0.0,,1.0,,,,608371
CH,Changeup,OS,429,39.91,131,126,43,32.82,4,3.05,243,94,38.68,21.91,54,12.59,34.5,42.67,51.95,24.86,0.222,0.244,0.317,0.5609999999999999,0.095,608379
FF,4-Seam Fastball,FB,412,38.33,86,69,13,15.12,16,18.6,171,29,16.96,7.04,83,20.15,27.18,21.26,35.44,11.02,0.232,0.372,0.377,0.749,0.145,608379
CU,Curveball,BR,118,10.98,16,16,0,0.0,0,0.0,29,6,20.69,5.08,35,29.66,34.75,15.25,3.0,0.0,0.188,0.188,0.375,0.563,0.187,608379
FC,Cutter,FB,69,6.42,16,15,0,0.0,0,0.0,34,3,8.82,4.35,11,15.94,20.29,22.22,1.2,0.0,0.4,0.438,0.667,1.105,0.267,608379
SI,Sinker,FB,43,4.0,12,10,4,33.33,2,16.67,22,5,22.73,11.63,4,9.3,20.93,18.18,8.11,14.81,0.2,0.333,0.5,0.833,0.3,608379
,,,3,0.28,1,0,0,0.0,1,100.0,0,0,,0.0,0,0.0,0.0,,0.3,0.0,,1.0,,,,608379
SL,Slider,BR,1,0.09,0,0,0,,0,,0,0,,0.0,0,0.0,0.0,0.0,0.0,,,,,,,608379
FF,4-Seam Fastball,FB,70,39.11,16,15,3,18.75,1,6.25,37,5,13.51,7.14,8,11.43,18.57,21.43,36.17,17.65,0.4,0.438,0.933,1.371,0.533,608566
SI,Sinker,FB,40,22.35,12,10,1,8.33,0,0.0,21,1,4.76,2.5,10,25.0,27.5,53.33,2.13,100.0,0.2,0.2,0.5,0.7,0.3,608566
KC,Knuckle Curve,BR,38,21.23,13,12,4,30.77,0,0.0,19,4,21.05,10.53,2,5.26,15.79,26.09,51.06,16.67,0.083,0.083,0.333,0.416,0.25,608566
SL,Slider,BR,26,14.53,7,6,3,42.86,1,14.29,10,5,50.0,19.23,5,19.23,38.46,14.29,10.64,60.0,0.167,0.286,0.167,0.4529999999999999,0.0,608566
CH,Changeup,OS,4,2.23,0,0,0,,0,,1,0,0.0,0.0,1,25.0,25.0,0.0,0.0,,,,,,,608566
,,,1,0.56,0,0,0,,0,,0,0,,0.0,0,0.0,0.0,,0.0,,,,,,,608566
SI,Sinker,FB,132,48.18,31,27,4,12.9,4,12.9,48,4,8.33,3.03,29,21.97,25.0,13.43,32.0,16.67,0.222,0.323,0.407,0.73,0.1849999999999999,608638
SL,Slider,BR,107,39.05,28,25,7,25.0,2,7.14,54,13,24.07,12.15,15,14.02,26.17,37.1,57.33,16.28,0.28,0.321,0.48,0.8009999999999999,0.1999999999999999,608638
FF,4-Seam Fastball,FB,30,10.95,4,4,2,50.0,0,0.0,13,5,38.46,16.67,1,3.33,20.0,21.05,9.33,28.57,0.25,0.25,0.25,0.5,0.0,608638
,,,5,1.82,1,0,0,0.0,1,100.0,0,0,,0.0,0,0.0,0.0,,1.33,0.0,,1.0,,,,608638
FF,4-Seam Fastball,FB,9,52.94,2,2,1,50.0,0,0.0,3,0,0.0,0.0,2,22.22,22.22,25.0,66.67,50.0,0.0,0.0,0.0,0.0,0.0,608648
SL,Slider,BR,6,35.29,0,0,0,,0,,2,0,0.0,0.0,1,16.67,16.67,0.0,0.0,,,,,,,608648
CH,Changeup,OS,1,5.88,0,0,0,,0,,0,0,,0.0,0,0.0,0.0,0.0,0.0,,,,,,,608648
KC,Knuckle Curve,BR,1,5.88,1,1,1,100.0,0,0.0,1,1,100.0,100.0,0,0.0,100.0,100.0,33.33,100.0,0.0,0.0,0.0,0.0,0.0,608648
FF,4-Seam Fastball,FB,137,32.31,34,28,10,29.41,5,14.71,66,26,39.39,18.98,11,8.03,27.01,26.58,44.55,22.22,0.143,0.273,0.214,0.487,0.071,608665
SI,Sinker,FB,108,25.47,30,22,1,3.33,8,26.67,41,10,24.39,9.26,20,18.52,27.78,17.54,16.83,5.88,0.273,0.467,0.409,0.876,0.1359999999999999,608665
CH,Changeup,OS,101,23.82,26,22,2,7.69,3,11.54,40,6,15.0,5.94,13,12.87,18.81,18.64,9.9,20.0,0.227,0.32,0.227,0.547,0.0,608665
SL,Slider,BR,56,13.21,14,11,5,35.71,3,21.43,31,6,19.35,10.71,10,17.86,28.57,45.45,22.77,21.74,0.182,0.357,0.455,0.812,0.273,608665
CU,Curveball,BR,20,4.72,2,2,2,100.0,0,0.0,4,2,50.0,10.0,7,35.0,45.0,27.27,4.95,40.0,0.0,0.0,0.0,0.0,0.0,608665
,,,2,0.47,1,0,0,0.0,1,100.0,0,0,,0.0,0,0.0,0.0,,0.99,0.0,,1.0,,,,608665
FF,4-Seam Fastball,FB,161,45.1,39,32,10,25.64,7,17.95,71,13,18.31,8.07,31,19.25,27.33,15.79,48.04,20.41,0.188,0.333,0.469,0.802,0.2809999999999999,608678
SL,Slider,BR,111,31.09,29,26,6,20.69,3,10.34,60,25,41.67,22.52,6,5.41,27.93,40.0,42.16,13.95,0.231,0.31,0.346,0.6559999999999999,0.1149999999999999,608678
FC,Cutter,FB,74,20.73,18,15,0,0.0,2,11.11,30,7,23.33,9.46,10,13.51,22.97,19.51,8.82,0.0,0.533,0.611,1.133,1.744,0.6,608678
,,,10,2.8,2,0,0,0.0,2,100.0,0,0,,0.0,0,0.0,0.0,,0.0,,,1.0,,,,608678
SI,Sinker,FB,1,0.28,1,1,0,0.0,0,0.0,1,0,0.0,0.0,0,0.0,0.0,100.0,0.98,0.0,0.0,0.0,0.0,0.0,0.0,608678
FF,4-Seam Fastball,FB,237,52.43,66,53,28,42.42,12,18.18,97,24,24.74,10.13,58,24.47,34.6,18.26,56.21,32.56,0.151,0.303,0.283,0.586,0.1319999999999999,608717
CU,Curveball,BR,113,25.0,17,16,2,11.76,1,5.88,40,5,12.5,4.42,30,26.55,30.97,18.52,18.3,7.14,0.312,0.353,0.312,0.665,0.0,608717
CH,Changeup,OS,69,15.27,12,12,3,25.0,0,0.0,32,9,28.12,13.04,6,8.7,21.74,31.91,12.42,15.79,0.25,0.25,0.417,0.667,0.1669999999999999,608717
SL,Slider,BR,30,6.64,7,7,2,28.57,0,0.0,14,2,14.29,6.67,1,3.33,10.0,31.82,11.76,11.11,0.0,0.0,0.0,0.0,0.0,608717
SI,Sinker,FB,2,0.44,2,1,0,0.0,1,50.0,1,0,0.0,0.0,0,0.0,0.0,50.0,0.65,0.0,1.0,1.0,1.0,2.0,0.0,608717
,,,1,0.22,0,0,0,,0,,0,0,,0.0,0,0.0,0.0,,0.65,0.0,,,,,,608717
SI,Sinker,FB,159,38.31,43,39,6,13.95,3,6.98,64,8,12.5,5.03,34,21.38,26.42,21.13,33.33,16.22,0.359,0.419,0.487,0.906,0.128,608718
FF,4-Seam Fastball,FB,124,29.88,36,31,5,13.89,5,13.89,62,11,17.74,8.87,22,17.74,26.61,16.28,22.52,20.0,0.323,0.417,0.484,0.901,0.1609999999999999,608718
SL,Slider,BR,112,26.99,24,20,3,12.5,4,16.67,36,6,16.67,5.36,15,13.39,18.75,7.81,31.53,8.57,0.15,0.292,0.3,0.592,0.15,608718
CH,Changeup,OS,19,4.58,5,5,0,0.0,0,0.0,8,1,12.5,5.26,0,0.0,5.26,16.67,12.61,0.0,0.0,0.0,0.0,0.0,0.0,608718
,,,1,0.24,0,0,0,,0,,0,0,,0.0,0,0.0,0.0,,0.0,,,,,,,608718
FF,4-Seam Fastball,FB,152,51.35,37,34,9,24.32,3,8.11,75,12,16.0,7.89,29,19.08,26.97,26.09,50.59,20.93,0.324,0.378,0.471,0.849,0.1469999999999999,608723
CU,Curveball,BR,95,32.09,15,14,0,0.0,0,0.0,34,4,11.76,4.21,17,17.89,22.11,26.67,25.88,0.0,0.286,0.333,0.357,0.69,0.071,608723
FC,Cutter,FB,27,9.12,8,5,0,0.0,2,25.0,11,1,9.09,3.7,4,14.81,18.52,25.0,9.41,0.0,0.2,0.5,0.2,0.7,0.0,608723
ST,Sweeper,BR,18,6.08,7,6,1,14.29,1,14.29,9,1,11.11,5.56,2,11.11,16.67,22.22,14.12,8.33,0.167,0.286,0.167,0.4529999999999999,0.0,608723
,,,3,1.01,1,0,0,0.0,1,100.0,0,0,,0.0,0,0.0,0.0,,0.0,,,1.0,,,,608723
PO,Pitch Out,,1,0.34,0,0,0,,0,,0,0,,0.0,0,0.0,0.0,0.0,0.0,,,,,,,608723
FF,4-Seam Fastball,FB,29,47.54,7,6,2,28.57,1,14.29,10,3,30.0,10.34,9,31.03,41.38,26.67,45.45,20.0,0.0,0.143,0.0,0.143,0.0,611093
CH,Changeup,OS,26,42.62,6,4,1,16.67,2,33.33,12,2,16.67,7.69,3,11.54,19.23,16.67,50.0,9.09,0.0,0.333,0.0,0.333,0.0,611093
SL,Slider,BR,6,9.84,1,1,0,0.0,0,0.0,1,0,0.0,0.0,1,16.67,16.67,0.0,4.55,0.0,0.0,0.0,0.0,0.0,0.0,611093
SI,Sinker,FB,165,40.05,34,25,3,8.82,6,17.65,70,12,17.14,7.27,27,16.36,23.64,19.75,23.15,12.0,0.32,0.485,0.68,1.165,0.36,612434
CH,Changeup,OS,122,29.61,39,35,9,23.08,4,10.26,64,19,29.69,15.57,8,6.56,22.13,31.43,41.67,20.0,0.229,0.308,0.314,0.622,0.0849999999999999,612434
SL,Slider,BR,93,22.57,21,18,5,23.81,3,14.29,40,13,32.5,13.98,20,21.51,35.48,21.74,28.7,16.13,0.167,0.286,0.222,0.508,0.0549999999999999,612434
FF,4-Seam Fastball,FB,23,5.58,7,6,2,28.57,1,14.29,10,2,20.0,8.7,2,8.7,17.39,14.29,6.48,28.57,0.0,0.143,0.0,0.143,0.0,612434
,,,9,2.18,2,0,0,0.0,2,100.0,0,0,,0.0,0,0.0,0.0,,0.0,,,1.0,,,,612434
SL,Slider,BR,116,85.93,27,22,10,37.04,3,11.11,53,19,35.85,16.38,23,19.83,36.21,26.92,89.36,23.81,0.182,0.333,0.182,0.515,0.0,613534
FF,4-Seam Fastball,FB,14,10.37,1,1,0,0.0,0,0.0,3,1,33.33,7.14,1,7.14,14.29,10.0,10.64,0.0,0.0,0.0,0.0,0.0,0.0,613534
SI,Sinker,FB,4,2.96,1,0,0,0.0,1,100.0,0,0,,0.0,0,0.0,0.0,0.0,0.0,,,1.0,,,,613534
,,,1,0.74,0,0,0,,0,,0,0,,0.0,0,0.0,0.0,,0.0,,,,,,,613534
FA,Other,,11,100.0,6,6,0,0.0,0,0.0,10,1,10.0,9.09,0,0.0,9.09,75.0,,,0.333,0.333,0.333,0.666,0.0,613564
FF,4-Seam Fastball,FB,129,39.09,36,27,7,19.44,7,19.44,55,16,29.09,12.4,24,18.6,31.01,13.11,46.15,23.33,0.296,0.472,0.593,1.065,0.297,614179
CH,Changeup,OS,86,26.06,17,17,2,11.76,0,0.0,38,10,26.32,11.63,5,5.81,17.44,36.51,18.46,16.67,0.294,0.294,0.529,0.823,0.235,614179
CU,Curveball,BR,76,23.03,19,18,3,15.79,1,5.26,36,12,33.33,15.79,13,17.11,32.89,36.11,29.23,15.79,0.389,0.421,0.667,1.088,0.278,614179
SI,Sinker,FB,33,10.0,14,10,0,0.0,2,14.29,13,0,0.0,0.0,4,12.12,12.12,10.53,4.62,0.0,0.3,0.357,0.7,1.057,0.3999999999999999,614179
,,,6,1.82,2,1,1,50.0,1,50.0,0,0,,0.0,1,16.67,16.67,,1.54,100.0,0.0,0.5,0.0,0.5,0.0,614179
FC,Cutter,FB,192,21.26,41,33,10,24.39,8,19.51,74,20,27.03,10.42,29,15.1,25.52,13.89,13.62,26.32,0.364,0.488,0.636,1.124,0.272,615698
FF,4-Seam Fastball,FB,187,20.71,37,29,7,18.92,8,21.62,74,20,27.03,10.7,36,19.25,29.95,19.42,17.92,14.0,0.172,0.351,0.345,0.696,0.173,615698
SI,Sinker,FB,173,19.16,44,36,10,22.73,8,18.18,80,19,23.75,10.98,31,17.92,28.9,23.6,18.64,19.23,0.278,0.409,0.583,0.992,0.3049999999999999,615698
FS,Split-Finger,OS,142,15.73,44,40,6,13.64,4,9.09,74,17,22.97,11.97,7,4.93,16.9,40.0,27.6,7.79,0.25,0.318,0.35,0.6679999999999999,0.0999999999999999,615698
CH,Changeup,OS,137,15.17,27,24,3,11.11,3,11.11,61,11,18.03,8.03,14,10.22,18.25,25.0,13.26,8.11,0.333,0.407,0.458,0.865,0.125,615698
CU,Curveball,BR,69,7.64,17,17,3,17.65,0,0.0,40,8,20.0,11.59,6,8.7,20.29,33.33,8.6,12.5,0.235,0.235,0.471,0.706,0.236,615698
,,,3,0.33,1,1,1,100.0,0,0.0,0,0,,0.0,0,0.0,0.0,,0.36,100.0,0.0,0.0,0.0,0.0,0.0,615698
FF,4-Seam Fastball,FB,1,100.0,1,0,0,0.0,0,0.0,0,0,,0.0,0,0.0,0.0,0.0,,,,1.0,,,,620454
SI,Sinker,FB,192,38.63,49,39,11,22.45,10,20.41,83,20,24.1,10.42,42,21.88,32.29,17.58,25.69,29.73,0.256,0.408,0.41,0.818,0.1539999999999999,621016
FF,4-Seam Fastball,FB,152,30.58,27,23,12,44.44,3,11.11,77,33,42.86,21.71,14,9.21,30.92,32.93,38.19,21.82,0.13,0.259,0.304,0.563,0.174,621016
SL,Slider,BR,87,17.51,24,21,11,45.83,1,4.17,43,23,53.49,26.44,5,5.75,32.18,30.65,20.14,37.93,0.143,0.25,0.286,0.536,0.143,621016
CH,Changeup,OS,45,9.05,11,10,2,18.18,1,9.09,14,3,21.43,6.67,4,8.89,15.56,22.86,9.03,15.38,0.3,0.364,0.9,1.264,0.6000000000000001,621016
ST,Sweeper,BR,20,4.02,6,2,1,16.67,2,33.33,7,4,57.14,20.0,3,15.0,35.0,29.41,6.94,10.0,0.5,0.833,0.5,1.333,0.0,621016
,,,1,0.2,0,0,0,,0,,0,0,,0.0,0,0.0,0.0,,0.0,,,,,,,621016
ST,Sweeper,BR,198,51.7,47,42,12,25.53,5,10.64,93,21,22.58,10.61,39,19.7,30.3,16.47,48.67,21.82,0.19,0.277,0.452,0.7290000000000001,0.262,621051
FF,4-Seam Fastball,FB,149,38.9,32,23,6,18.75,8,25.0,52,14,26.92,9.4,18,12.08,21.48,18.56,41.59,12.77,0.13,0.375,0.174,0.5489999999999999,0.0439999999999999,621051
CH,Changeup,OS,28,7.31,9,9,3,33.33,0,0.0,13,4,30.77,14.29,3,10.71,25.0,20.0,7.96,33.33,0.333,0.333,0.444,0.777,0.1109999999999999,621051
FC,Cutter,FB,4,1.04,1,1,0,0.0,0,0.0,2,0,0.0,0.0,0,0.0,0.0,33.33,1.77,0.0,0.0,0.0,0.0,0.0,0.0,621051
,,,4,1.04,1,0,0,0.0,1,100.0,0,0,,0.0,0,0.0,0.0,,0.0,,,1.0,,,,621051
FF,4-Seam Fastball,FB,69,46.31,13,9,2,15.38,3,23.08,28,5,17.86,7.25,12,17.39,24.64,21.62,41.46,11.76,0.111,0.308,0.444,0.752,0.333,621057
CH,Changeup,OS,38,25.5,12,12,4,33.33,0,0.0,23,10,43.48,26.32,3,7.89,34.21,45.45,39.02,25.0,0.25,0.25,0.25,0.5,0.0,621057
FC,Cutter,FB,32,21.48,6,4,2,33.33,1,16.67,10,1,10.0,3.12,9,28.12,31.25,13.33,9.76,50.0,0.25,0.5,0.5,1.0,0.25,621057
SL,Slider,BR,6,4.03,4,4,1,25.0,0,0.0,4,1,25.0,16.67,0,0.0,16.67,33.33,9.76,25.0,0.5,0.5,0.75,1.25,0.25,621057
,,,4,2.68,1,0,0,0.0,1,100.0,0,0,,0.0,0,0.0,0.0,,0.0,,,1.0,,,,621057
FF,4-Seam Fastball,FB,152,45.65,44,35,4,9.09,7,15.91,72,10,13.89,6.58,22,14.47,21.05,21.13,42.86,9.52,0.314,0.409,0.6,1.009,0.286,621074
FC,Cutter,FB,66,19.82,18,16,6,33.33,0,0.0,41,15,36.59,22.73,6,9.09,31.82,50.0,17.35,35.29,0.188,0.278,0.375,0.653,0.187,621074
CU,Curveball,BR,58,17.42,7,7,4,57.14,0,0.0,10,3,30.0,5.17,17,29.31,34.48,8.33,16.33,25.0,0.143,0.143,0.429,0.572,0.286,621074
CH,Changeup,OS,29,8.71,5,3,0,0.0,2,40.0,8,3,37.5,10.34,6,20.69,31.03,11.76,4.08,0.0,0.0,0.4,0.0,0.4,0.0,621074
SL,Slider,BR,27,8.11,7,7,4,57.14,0,0.0,11,5,45.45,18.52,1,3.7,22.22,28.57,19.39,21.05,0.0,0.0,0.0,0.0,0.0,621074
SI,Sinker,FB,1,0.3,0,0,0,,0,,1,0,0.0,0.0,0,0.0,0.0,,0.0,,,,,,,621074
FF,4-Seam Fastball,FB,195,41.85,63,53,9,14.29,9,14.29,104,16,15.38,8.21,20,10.26,18.46,30.61,46.15,15.0,0.264,0.381,0.472,0.853,0.2079999999999999,621076
SL,Slider,BR,115,24.68,28,23,8,28.57,3,10.71,52,15,28.85,13.04,18,15.65,28.7,31.25,33.85,18.18,0.261,0.37,0.565,0.935,0.3039999999999999,621076
CH,Changeup,OS,69,14.81,17,17,3,17.65,0,0.0,42,10,23.81,14.49,7,10.14,24.64,29.63,9.23,25.0,0.412,0.412,0.824,1.236,0.412,621076
SI,Sinker,FB,42,9.01,14,12,2,14.29,2,14.29,17,2,11.76,4.76,6,14.29,19.05,17.39,5.38,28.57,0.167,0.286,0.167,0.4529999999999999,0.0,621076
CU,Curveball,BR,37,7.94,5,4,0,0.0,0,0.0,8,1,12.5,2.7,20,54.05,56.76,0.0,3.85,0.0,0.25,0.25,0.25,0.5,0.0,621076
,,,5,1.07,1,0,0,0.0,1,100.0,0,0,,0.0,0,0.0,0.0,,0.0,,,1.0,,,,621076
FC,Cutter,FB,2,0.43,0,0,0,,0,,1,1,100.0,50.0,0,0.0,50.0,50.0,0.77,0.0,,,,,,621076
PO,Pitch Out,,1,0.21,0,0,0,,0,,0,0,,0.0,0,0.0,0.0,0.0,0.77,0.0,,,,,,621076
SI,Sinker,FB,412,32.85,128,120,32,25.0,7,5.47,184,22,11.96,5.34,104,25.24,30.58,26.78,35.91,24.62,0.208,0.252,0.258,0.51,0.05,621107
CU,Curveball,BR,367,29.27,92,88,28,30.43,4,4.35,203,65,32.02,17.71,53,14.44,32.15,42.13,32.87,23.53,0.159,0.196,0.227,0.423,0.068,621107
FC,Cutter,FB,273,21.77,79,75,7,8.86,2,2.53,162,24,14.81,8.79,38,13.92,22.71,29.47,9.12,18.18,0.293,0.308,0.653,0.961,0.36,621107
CH,Changeup,OS,128,10.21,24,24,4,16.67,0,0.0,51,15,29.41,11.72,10,7.81,19.53,27.66,8.84,12.5,0.167,0.167,0.292,0.4589999999999999,0.1249999999999999,621107
FF,4-Seam Fastball,FB,58,4.63,16,15,7,43.75,0,0.0,36,8,22.22,13.79,4,6.9,20.69,34.48,11.88,16.28,0.2,0.2,0.533,0.7330000000000001,0.333,621107
ST,Sweeper,BR,14,1.12,6,6,2,33.33,0,0.0,11,3,27.27,21.43,1,7.14,28.57,66.67,1.38,40.0,0.167,0.167,0.167,0.334,0.0,621107
,,,2,0.16,0,0,0,,0,,0,0,,0.0,0,0.0,0.0,,0.0,,,,,,,621107
FC,Cutter,FB,202,22.77,51,49,2,3.92,1,1.96,124,21,16.94,10.4,16,7.92,18.32,35.87,10.75,6.67,0.51,0.51,0.714,1.224,0.2039999999999999,621112
CH,Changeup,OS,187,21.08,35,30,7,20.0,4,11.43,93,37,39.78,19.79,17,9.09,28.88,33.05,15.05,16.67,0.133,0.229,0.267,0.496,0.134,621112
SI,Sinker,FB,158,17.81,50,39,18,36.0,9,18.0,50,8,16.0,5.06,39,24.68,29.75,10.98,26.16,24.66,0.282,0.42,0.538,0.958,0.256,621112
CU,Curveball,BR,147,16.57,31,31,10,32.26,0,0.0,66,15,22.73,10.2,25,17.01,27.21,34.12,21.15,16.95,0.097,0.097,0.161,0.258,0.064,621112
FF,4-Seam Fastball,FB,113,12.74,30,25,6,20.0,4,13.33,41,10,24.39,8.85,22,19.47,28.32,21.74,14.34,15.0,0.4,0.5,0.44,0.94,0.0399999999999999,621112
ST,Sweeper,BR,76,8.57,19,16,7,36.84,2,10.53,46,11,23.91,14.47,4,5.26,19.74,41.46,12.54,20.0,0.125,0.263,0.188,0.451,0.063,621112
,,,4,0.45,1,0,0,0.0,1,100.0,0,0,,0.0,0,0.0,0.0,,0.0,,,1.0,,,,621112
FS,Split-Finger,OS,31,60.78,8,6,2,25.0,2,25.0,15,8,53.33,25.81,6,19.35,45.16,42.86,78.57,18.18,0.167,0.375,0.667,1.042,0.5,621139
FF,4-Seam Fastball,FB,17,33.33,6,4,0,0.0,1,16.67,9,0,0.0,0.0,2,11.76,11.76,25.0,14.29,0.0,0.25,0.333,1.0,1.333,0.75,621139
ST,Sweeper,BR,2,3.92,1,1,0,0.0,0,0.0,1,0,0.0,0.0,0,0.0,0.0,0.0,7.14,0.0,1.0,1.0,1.0,2.0,0.0,621139
FC,Cutter,FB,1,1.96,0,0,0,,0,,0,0,,0.0,0,0.0,0.0,0.0,0.0,,,,,,,621139
SI,Sinker,FB,6,28.57,2,2,0,0.0,0,0.0,4,0,0.0,0.0,1,16.67,16.67,50.0,44.44,0.0,0.5,0.5,0.5,1.0,0.0,621199
FC,Cutter,FB,5,23.81,0,0,0,,0,,2,0,0.0,0.0,0,0.0,0.0,25.0,33.33,0.0,,,,,,621199
ST,Sweeper,BR,5,23.81,1,1,0,0.0,0,0.0,2,0,0.0,0.0,2,40.0,40.0,0.0,22.22,0.0,1.0,1.0,2.0,3.0,1.0,621199
,,,4,19.05,1,0,0,0.0,1,100.0,0,0,,0.0,0,0.0,0.0,,0.0,,,1.0,,,,621199
FS,Split-Finger,OS,1,4.76,0,0,0,,0,,1,1,100.0,100.0,0,0.0,100.0,100.0,0.0,,,,,,,621199
CH,Changeup,OS,5,31.25,1,1,0,0.0,0,0.0,1,0,0.0,0.0,1,20.0,20.0,0.0,0.0,,1.0,1.0,3.0,4.0,2.0,621219
FF,4-Seam Fastball,FB,4,25.0,1,1,0,0.0,0,0.0,3,1,33.33,25.0,0,0.0,25.0,50.0,0.0,,0.0,0.0,0.0,0.0,0.0,621219
SL,Slider,BR,3,18.75,1,1,0,0.0,0,0.0,2,0,0.0,0.0,1,33.33,33.33,,33.33,0.0,0.0,0.0,0.0,0.0,0.0,621219
CU,Curveball,BR,2,12.5,0,0,0,,0,,0,0,,0.0,0,0.0,0.0,0.0,0.0,,,,,,,621219
SI,Sinker,FB,2,12.5,1,0,0,0.0,0,0.0,0,0,,0.0,0,0.0,0.0,0.0,66.67,0.0,,1.0,,,,621219
SI,Sinker,FB,120,70.18,35,34,6,17.14,0,0.0,54,2,3.7,1.67,36,30.0,31.67,32.5,48.94,26.09,0.235,0.235,0.353,0.588,0.118,621237
FC,Cutter,FB,50,29.24,12,12,7,58.33,0,0.0,26,10,38.46,20.0,3,6.0,26.0,40.0,51.06,29.17,0.167,0.167,0.167,0.334,0.0,621237
FF,4-Seam Fastball,FB,1,0.58,0,0,0,,0,,1,0,0.0,0.0,0,0.0,0.0,100.0,0.0,,,,,,,621237
SV,Slurve,BR,431,27.65,109,98,36,33.03,8,7.34,172,52,30.23,12.06,85,19.72,31.79,27.67,34.24,23.84,0.255,0.324,0.418,0.742,0.1629999999999999,621244
FF,4-Seam Fastball,FB,424,27.2,83,76,19,22.89,6,7.23,182,53,29.12,12.5,87,20.52,33.02,17.68,18.59,23.17,0.263,0.317,0.526,0.843,0.263,621244
CH,Changeup,OS,381,24.44,121,112,17,14.05,8,6.61,210,64,30.48,16.8,27,7.09,23.88,41.7,18.82,20.48,0.312,0.364,0.5,0.864,0.188,621244
SI,Sinker,FB,317,20.33,92,85,25,27.17,7,7.61,139,21,15.11,6.62,76,23.97,30.6,13.91,28.34,20.0,0.2,0.261,0.353,0.614,0.1529999999999999,621244
,,,6,0.38,2,0,0,0.0,2,100.0,0,0,,0.0,0,0.0,0.0,,0.0,,,1.0,,,,621244
CH,Changeup,OS,59,34.3,20,16,5,25.0,4,20.0,27,9,33.33,15.25,10,16.95,32.2,33.33,51.22,23.81,0.25,0.4,0.625,1.025,0.375,621249
FC,Cutter,FB,56,32.56,10,10,0,0.0,0,0.0,23,2,8.7,3.57,8,14.29,17.86,13.79,12.2,0.0,0.0,0.0,0.0,0.0,0.0,621249
CU,Curveball,BR,28,16.28,11,10,1,9.09,1,9.09,15,1,6.67,3.57,3,10.71,14.29,37.5,29.27,8.33,0.4,0.455,0.6,1.055,0.1999999999999999,621249
SI,Sinker,FB,19,11.05,2,2,0,0.0,0,0.0,12,5,41.67,26.32,2,10.53,36.84,40.0,7.32,0.0,1.0,1.0,2.5,3.5,1.5,621249
FF,4-Seam Fastball,FB,8,4.65,3,3,0,0.0,0,0.0,5,1,20.0,12.5,1,12.5,25.0,50.0,0.0,,0.667,0.667,1.333,2.0,0.6659999999999999,621249
,,,2,1.16,1,0,0,0.0,1,100.0,0,0,,0.0,0,0.0,0.0,,0.0,,,1.0,,,,621249
FC,Cutter,FB,43,29.25,10,8,0,0.0,2,20.0,23,3,13.04,6.98,7,16.28,23.26,27.78,15.69,0.0,0.25,0.4,0.25,0.65,0.0,621294
SI,Sinker,FB,42,28.57,10,7,0,0.0,3,30.0,13,1,7.69,2.38,12,28.57,30.95,16.67,9.8,0.0,0.571,0.7,0.714,1.414,0.143,621294
CH,Changeup,OS,37,25.17,11,9,2,18.18,2,18.18,24,8,33.33,21.62,0,0.0,21.62,48.0,41.18,9.52,0.444,0.545,1.0,1.545,0.556,621294
FF,4-Seam Fastball,FB,16,10.88,4,4,0,0.0,0,0.0,8,1,12.5,6.25,0,0.0,6.25,11.11,21.57,0.0,0.0,0.0,0.0,0.0,0.0,621294
ST,Sweeper,BR,8,5.44,2,1,1,50.0,0,0.0,2,2,100.0,25.0,1,12.5,37.5,16.67,11.76,16.67,0.0,0.5,0.0,0.5,0.0,621294
,,,1,0.68,0,0,0,,0,,0,0,,0.0,0,0.0,0.0,,0.0,,,,,,,621294
FF,4-Seam Fastball,FB,90,32.73,25,22,4,16.0,3,12.0,43,4,9.3,4.44,16,17.78,22.22,20.93,42.22,10.53,0.364,0.44,0.5,0.94,0.136,621295
SL,Slider,BR,72,26.18,16,15,4,25.0,1,6.25,29,3,10.34,4.17,17,23.61,27.78,22.22,26.67,16.67,0.0,0.062,0.0,0.062,0.0,621295
FC,Cutter,FB,55,20.0,14,12,2,14.29,2,14.29,32,4,12.5,7.27,7,12.73,20.0,26.09,14.44,7.69,0.25,0.357,0.333,0.69,0.083,621295
CH,Changeup,OS,51,18.55,11,10,0,0.0,1,9.09,21,4,19.05,7.84,3,5.88,13.73,24.32,13.33,0.0,0.3,0.364,0.6,0.964,0.3,621295
SI,Sinker,FB,7,2.55,2,2,0,0.0,0,0.0,5,2,40.0,28.57,0,0.0,28.57,60.0,3.33,0.0,0.5,0.5,0.5,1.0,0.0,621295
FC,Cutter,FB,190,49.74,53,48,13,24.53,4,7.55,90,26,28.89,13.68,36,18.95,32.63,28.89,50.0,22.03,0.292,0.34,0.5,0.8400000000000001,0.208,621345
FF,4-Seam Fastball,FB,182,47.64,36,29,11,30.56,7,19.44,90,24,26.67,13.19,21,11.54,24.73,20.69,45.76,20.37,0.241,0.389,0.241,0.63,0.0,621345
CH,Changeup,OS,8,2.09,3,3,0,0.0,0,0.0,4,0,0.0,0.0,1,12.5,12.5,25.0,3.39,0.0,0.667,0.667,1.0,1.667,0.3329999999999999,621345
,,,2,0.52,1,0,0,0.0,1,100.0,0,0,,0.0,0,0.0,0.0,,0.85,0.0,,1.0,,,,621345
FF,4-Seam Fastball,FB,191,64.53,49,42,15,30.61,6,12.24,89,30,33.71,15.71,35,18.32,34.03,26.88,59.14,25.45,0.238,0.333,0.452,0.785,0.214,621363
SL,Slider,BR,105,35.47,25,23,10,40.0,2,8.0,53,21,39.62,20.0,14,13.33,33.33,30.77,40.86,26.32,0.087,0.16,0.087,0.247,0.0,621363
SL,Slider,BR,154,57.68,35,29,5,14.29,4,11.43,68,21,30.88,13.64,34,22.08,35.71,28.57,33.33,20.83,0.207,0.324,0.31,0.634,0.103,621366
SI,Sinker,FB,58,21.72,14,11,0,0.0,0,0.0,23,2,8.7,3.45,18,31.03,34.48,33.33,6.94,0.0,0.182,0.308,0.273,0.581,0.091,621366
ST,Sweeper,BR,54,20.22,27,27,12,44.44,0,0.0,40,14,35.0,25.93,3,5.56,31.48,52.63,59.72,27.91,0.074,0.074,0.185,0.259,0.111,621366
,,,1,0.37,0,0,0,,0,,0,0,,0.0,0,0.0,0.0,,0.0,,,,,,,621366
SL,Slider,BR,60,48.39,15,14,3,20.0,1,6.67,30,6,20.0,10.0,6,10.0,20.0,32.26,55.81,12.5,0.143,0.2,0.143,0.3429999999999999,0.0,621368
FF,4-Seam Fastball,FB,48,38.71,9,6,2,22.22,3,33.33,18,5,27.78,10.42,11,22.92,33.33,20.0,30.23,15.38,0.333,0.556,0.5,1.056,0.1669999999999999,621368
SI,Sinker,FB,13,10.48,3,3,0,0.0,0,0.0,9,2,22.22,15.38,2,15.38,30.77,60.0,13.95,0.0,0.333,0.333,0.333,0.666,0.0,621368
CH,Changeup,OS,3,2.42,2,1,0,0.0,1,50.0,1,0,0.0,0.0,0,0.0,0.0,0.0,0.0,,1.0,1.0,2.0,3.0,1.0,621368
SL,Slider,BR,134,37.96,35,33,15,42.86,0,0.0,63,29,46.03,21.64,19,14.18,35.82,26.09,42.2,32.61,0.091,0.088,0.212,0.3,0.121,621381
SI,Sinker,FB,133,37.68,39,36,3,7.69,0,0.0,76,9,11.84,6.77,32,24.06,30.83,51.06,20.18,13.64,0.389,0.41,0.472,0.8819999999999999,0.0829999999999999,621381
FF,4-Seam Fastball,FB,78,22.1,21,19,12,57.14,2,9.52,34,11,32.35,14.1,19,24.36,38.46,18.52,33.94,32.43,0.053,0.143,0.211,0.354,0.158,621381
FC,Cutter,FB,8,2.27,3,3,1,33.33,0,0.0,6,1,16.67,12.5,0,0.0,12.5,50.0,3.67,25.0,0.333,0.333,0.333,0.666,0.0,621381
FF,4-Seam Fastball,FB,131,36.29,34,28,11,32.35,3,8.82,61,20,32.79,15.27,25,19.08,34.35,26.98,39.5,23.4,0.179,0.294,0.25,0.544,0.071,621383
SL,Slider,BR,120,33.24,30,27,5,16.67,2,6.67,63,16,25.4,13.33,17,14.17,27.5,29.09,27.73,15.15,0.185,0.241,0.37,0.611,0.185,621383
ST,Sweeper,BR,93,25.76,28,28,7,25.0,0,0.0,40,12,30.0,12.9,19,20.43,33.33,20.0,27.73,21.21,0.25,0.25,0.393,0.643,0.143,621383
SI,Sinker,FB,16,4.43,1,0,0,0.0,1,100.0,5,2,40.0,12.5,3,18.75,31.25,30.0,5.04,0.0,,1.0,,,,621383
CH,Changeup,OS,1,0.28,0,0,0,,0,,0,0,,0.0,0,0.0,0.0,0.0,0.0,,,,,,,621383
SI,Sinker,FB,137,52.9,36,33,4,11.11,1,2.78,61,4,6.56,2.92,41,29.93,32.85,19.64,37.5,13.33,0.303,0.333,0.606,0.939,0.303,621389
FC,Cutter,FB,85,32.82,25,23,3,12.0,2,8.0,47,10,21.28,11.76,9,10.59,22.35,30.23,31.25,12.0,0.217,0.28,0.435,0.7150000000000001,0.218,621389
CU,Curveball,BR,23,8.88,4,4,1,25.0,0,0.0,9,3,33.33,13.04,1,4.35,17.39,29.41,17.5,7.14,0.0,0.0,0.0,0.0,0.0,621389
CH,Changeup,OS,12,4.63,7,7,2,28.57,0,0.0,11,2,18.18,16.67,0,0.0,16.67,83.33,13.75,18.18,0.429,0.429,0.571,1.0,0.1419999999999999,621389
FF,4-Seam Fastball,FB,2,0.77,0,0,0,,0,,0,0,,0.0,0,0.0,0.0,0.0,0.0,,,,,,,621389
FF,4-Seam Fastball,FB,2,100.0,1,1,0,0.0,0,0.0,2,1,50.0,50.0,0,0.0,50.0,,,,1.0,1.0,1.0,2.0,0.0,621433
CU,Curveball,BR,163,35.98,32,29,7,21.88,3,9.38,68,27,39.71,16.56,29,17.79,34.36,30.0,36.44,16.28,0.31,0.375,0.448,0.823,0.138,622065
SI,Sinker,FB,163,35.98,39,35,2,5.13,3,7.69,78,15,19.23,9.2,31,19.02,28.22,26.76,15.25,11.11,0.343,0.41,0.514,0.924,0.1709999999999999,622065
CH,Changeup,OS,112,24.72,43,37,18,41.86,6,13.95,72,29,40.28,25.89,4,3.57,29.46,45.45,46.61,32.73,0.189,0.302,0.297,0.599,0.1079999999999999,622065
FF,4-Seam Fastball,FB,15,3.31,4,2,1,25.0,1,25.0,5,1,20.0,6.67,3,20.0,26.67,25.0,1.69,50.0,0.0,0.333,0.0,0.333,0.0,622065
CH,Changeup,OS,183,38.61,55,49,5,9.09,2,3.64,104,22,21.15,12.02,21,11.48,23.5,32.97,30.88,11.9,0.224,0.273,0.265,0.538,0.041,622072
SI,Sinker,FB,159,33.54,32,24,7,21.88,8,25.0,57,17,29.82,10.69,42,26.42,37.11,19.18,27.21,18.92,0.25,0.438,0.542,0.98,0.292,622072
SL,Slider,BR,130,27.43,34,30,9,26.47,2,5.88,61,17,27.87,13.08,22,16.92,30.0,36.11,41.91,15.79,0.267,0.324,0.333,0.657,0.066,622072
FF,4-Seam Fastball,FB,1,0.21,0,0,0,,0,,0,0,,0.0,1,100.0,100.0,0.0,0.0,,,,,,,622072
,,,1,0.21,0,0,0,,0,,0,0,,0.0,0,0.0,0.0,,0.0,,,,,,,622072
FF,4-Seam Fastball,FB,123,39.68,26,20,3,11.54,6,23.08,61,10,16.39,8.13,16,13.01,21.14,15.38,27.16,13.64,0.3,0.462,0.45,0.912,0.15,622075
ST,Sweeper,BR,108,34.84,28,24,11,39.29,2,7.14,43,19,44.19,17.59,15,13.89,31.48,22.06,48.15,28.21,0.125,0.25,0.167,0.417,0.042,622075
CH,Changeup,OS,51,16.45,12,12,0,0.0,0,0.0,19,3,15.79,5.88,4,7.84,13.73,30.95,18.52,0.0,0.5,0.5,0.833,1.333,0.3329999999999999,622075
SI,Sinker,FB,21,6.77,7,5,0,0.0,2,28.57,11,0,0.0,0.0,4,19.05,19.05,30.0,3.7,0.0,0.4,0.571,0.4,0.971,0.0,622075
FC,Cutter,FB,6,1.94,1,1,0,0.0,0,0.0,2,0,0.0,0.0,0,0.0,0.0,0.0,2.47,0.0,1.0,1.0,1.0,2.0,0.0,622075
,,,1,0.32,1,0,0,0.0,1,100.0,0,0,,0.0,0,0.0,0.0,,0.0,,,1.0,,,,622075
CU,Curveball,BR,33,57.89,7,6,3,42.86,1,14.29,12,2,16.67,6.06,9,27.27,33.33,33.33,57.14,25.0,0.167,0.286,0.333,0.619,0.166,622088
FF,4-Seam Fastball,FB,15,26.32,3,2,1,33.33,1,33.33,7,1,14.29,6.67,3,20.0,26.67,37.5,19.05,25.0,0.0,0.333,0.0,0.333,0.0,622088
SL,Slider,BR,6,10.53,2,2,2,100.0,0,0.0,5,3,60.0,50.0,0,0.0,50.0,75.0,19.05,50.0,0.0,0.0,0.0,0.0,0.0,622088
SI,Sinker,FB,3,5.26,0,0,0,,0,,0,0,,0.0,1,33.33,33.33,0.0,4.76,0.0,,,,,,622088
FF,4-Seam Fastball,FB,285,63.05,62,49,18,29.03,10,16.13,129,32,24.81,11.23,39,13.68,24.91,25.31,62.76,19.78,0.122,0.274,0.245,0.519,0.123,622098
CH,Changeup,OS,79,17.48,18,17,4,22.22,1,5.56,40,12,30.0,15.19,5,6.33,21.52,24.44,20.0,13.79,0.412,0.444,0.588,1.032,0.176,622098
CU,Curveball,BR,54,11.95,11,11,2,18.18,0,0.0,20,6,30.0,11.11,15,27.78,38.89,20.69,3.45,40.0,0.455,0.455,0.636,1.091,0.181,622098
SL,Slider,BR,33,7.3,11,8,3,27.27,3,27.27,26,7,26.92,21.21,1,3.03,24.24,64.71,13.79,15.0,0.375,0.545,1.125,1.67,0.75,622098
FC,Cutter,FB,1,0.22,0,0,0,,0,,0,0,,0.0,1,100.0,100.0,,0.0,,,,,,,622098
FF,4-Seam Fastball,FB,46,60.53,7,6,2,28.57,1,14.29,27,6,22.22,13.04,4,8.7,21.74,22.22,66.67,9.09,0.167,0.286,0.333,0.619,0.166,622103
SL,Slider,BR,26,34.21,7,6,0,0.0,1,14.29,11,1,9.09,3.85,4,15.38,19.23,21.43,27.27,0.0,0.5,0.571,1.167,1.738,0.667,622103
SI,Sinker,FB,2,2.63,1,1,0,0.0,0,0.0,2,0,0.0,0.0,0,0.0,0.0,,0.0,,1.0,1.0,4.0,5.0,3.0,622103
,,,2,2.63,0,0,0,,0,,0,0,,0.0,0,0.0,0.0,,6.06,0.0,,,,,,622103
FA,Other,,10,76.92,5,5,0,0.0,0,0.0,7,0,0.0,0.0,1,10.0,10.0,66.67,50.0,0.0,0.4,0.4,0.4,0.8,0.0,622110
CH,Changeup,OS,3,23.08,0,0,0,,0,,1,1,100.0,33.33,0,0.0,33.33,33.33,50.0,0.0,,,,,,622110
CU,Curveball,BR,142,41.52,30,28,19,63.33,2,6.67,49,23,46.94,16.2,38,26.76,42.96,32.05,39.09,44.19,0.071,0.133,0.071,0.204,0.0,622250
FF,4-Seam Fastball,FB,142,41.52,34,29,9,26.47,5,14.71,71,24,33.8,16.9,18,12.68,29.58,30.26,44.55,18.37,0.379,0.471,0.69,1.161,0.3109999999999999,622250
SL,Slider,BR,58,16.96,15,14,4,26.67,1,6.67,31,11,35.48,18.97,8,13.79,32.76,42.31,16.36,22.22,0.143,0.2,0.143,0.3429999999999999,0.0,622250
FF,4-Seam Fastball,FB,66,44.59,13,10,2,15.38,2,15.38,32,10,31.25,15.15,12,18.18,33.33,25.81,13.04,33.33,0.4,0.538,0.4,0.938,0.0,622251
CU,Curveball,BR,43,29.05,16,15,5,31.25,1,6.25,22,3,13.64,6.98,7,16.28,23.26,26.32,47.83,22.73,0.2,0.25,0.267,0.517,0.067,622251
SI,Sinker,FB,24,16.22,6,5,3,50.0,0,0.0,15,3,20.0,12.5,1,4.17,16.67,27.27,23.91,27.27,0.0,0.167,0.0,0.167,0.0,622251
SL,Slider,BR,14,9.46,2,2,0,0.0,0,0.0,4,1,25.0,7.14,0,0.0,7.14,10.0,15.22,0.0,0.0,0.0,0.0,0.0,0.0,622251
,,,1,0.68,0,0,0,,0,,0,0,,0.0,0,0.0,0.0,,0.0,,,,,,,622251
SL,Slider,BR,53,51.46,7,5,3,42.86,0,0.0,25,14,56.0,26.42,4,7.55,33.96,41.46,50.0,15.0,0.4,0.571,0.6,1.1709999999999998,0.1999999999999999,622259
FF,4-Seam Fastball,FB,50,48.54,15,10,2,13.33,4,26.67,26,4,15.38,8.0,5,10.0,18.0,24.0,50.0,10.0,0.3,0.467,0.8,1.267,0.5,622259
FF,4-Seam Fastball,FB,838,47.53,187,164,51,27.27,22,11.76,468,146,31.2,17.42,101,12.05,29.47,24.02,46.32,18.05,0.189,0.289,0.433,0.722,0.244,622491
CH,Changeup,OS,424,24.05,129,121,29,22.48,6,4.65,229,77,33.62,18.16,40,9.43,27.59,39.47,27.26,17.79,0.289,0.318,0.455,0.773,0.166,622491
SL,Slider,BR,325,18.43,72,65,30,41.67,4,5.56,152,51,33.55,15.69,66,20.31,36.0,31.14,18.06,27.78,0.231,0.278,0.554,0.8320000000000001,0.323,622491
SI,Sinker,FB,175,9.93,43,38,7,16.28,4,9.3,69,8,11.59,4.57,37,21.14,25.71,17.65,8.36,14.0,0.211,0.279,0.289,0.5680000000000001,0.0779999999999999,622491
,,,1,0.06,0,0,0,,0,,0,0,,0.0,0,0.0,0.0,,0.0,,,,,,,622491
CH,Changeup,OS,63,54.31,16,15,3,18.75,1,6.25,32,12,37.5,19.05,7,11.11,30.16,40.0,66.67,21.43,0.267,0.312,0.533,0.845,0.266,622503
CU,Curveball,BR,19,16.38,3,3,0,0.0,0,0.0,6,1,16.67,5.26,0,0.0,5.26,7.14,14.29,0.0,0.333,0.333,0.667,1.0,0.334,622503
FF,4-Seam Fastball,FB,19,16.38,6,4,0,0.0,2,33.33,6,1,16.67,5.26,6,31.58,36.84,25.0,14.29,0.0,0.5,0.667,1.25,1.917,0.75,622503
SL,Slider,BR,8,6.9,1,1,0,0.0,0,0.0,3,0,0.0,0.0,0,0.0,0.0,0.0,4.76,0.0,0.0,0.0,0.0,0.0,0.0,622503
SI,Sinker,FB,6,5.17,1,0,0,0.0,1,100.0,1,0,0.0,0.0,1,16.67,16.67,16.67,0.0,,,1.0,,,,622503
,,,1,0.86,0,0,0,,0,,0,0,,0.0,0,0.0,0.0,,0.0,,,,,,,622503
FF,4-Seam Fastball,FB,156,55.52,45,38,2,4.44,6,13.33,79,10,12.66,6.41,20,12.82,19.23,26.67,50.59,4.65,0.289,0.4,0.474,0.874,0.185,622554
SL,Slider,BR,70,24.91,18,16,8,44.44,0,0.0,36,13,36.11,18.57,8,11.43,30.0,40.48,36.47,25.81,0.188,0.278,0.375,0.653,0.187,622554
CH,Changeup,OS,33,11.74,8,7,0,0.0,0,0.0,12,2,16.67,6.06,5,15.15,21.21,15.0,10.59,0.0,0.429,0.5,0.571,1.071,0.1419999999999999,622554
SI,Sinker,FB,22,7.83,7,6,0,0.0,0,0.0,12,1,8.33,4.55,5,22.73,27.27,14.29,2.35,0.0,0.5,0.429,0.5,0.929,0.0,622554
EP,Eephus,,9,69.23,5,4,0,0.0,1,20.0,4,0,0.0,0.0,2,22.22,22.22,42.86,,,0.25,0.4,0.25,0.65,0.0,622569
FA,Other,,4,30.77,0,0,0,,0,,1,0,0.0,0.0,1,25.0,25.0,33.33,,,,,,,,622569
FF,4-Seam Fastball,FB,28,51.85,7,6,1,14.29,1,14.29,14,4,28.57,14.29,4,14.29,28.57,9.09,36.36,25.0,0.333,0.429,1.333,1.762,1.0,622608
CH,Changeup,OS,16,29.63,4,4,0,0.0,0,0.0,8,3,37.5,18.75,1,6.25,25.0,20.0,36.36,0.0,0.25,0.25,0.25,0.5,0.0,622608
SL,Slider,BR,9,16.67,4,4,2,50.0,0,0.0,3,1,33.33,11.11,3,33.33,44.44,0.0,27.27,66.67,0.5,0.5,0.75,1.25,0.25,622608
CU,Curveball,BR,1,1.85,0,0,0,,0,,0,0,,0.0,0,0.0,0.0,0.0,0.0,,,,,,,622608
FF,4-Seam Fastball,FB,389,50.13,112,100,22,19.64,10,8.93,223,39,17.49,10.03,48,12.34,22.37,32.32,54.03,16.42,0.35,0.414,0.66,1.074,0.31,622663
SL,Slider,BR,131,16.88,31,28,7,22.58,2,6.45,53,14,26.42,10.69,33,25.19,35.88,26.56,18.95,14.89,0.321,0.367,0.607,0.974,0.286,622663
CH,Changeup,OS,122,15.72,33,32,1,3.03,1,3.03,59,10,16.95,8.2,13,10.66,18.85,19.05,10.89,3.7,0.406,0.424,0.688,1.112,0.2819999999999999,622663
FC,Cutter,FB,109,14.05,20,17,1,5.0,3,15.0,52,6,11.54,5.5,13,11.93,17.43,30.51,13.31,3.03,0.235,0.35,0.412,0.762,0.177,622663
SI,Sinker,FB,13,1.68,3,3,1,33.33,0,0.0,6,2,33.33,15.38,2,15.38,30.77,0.0,0.81,50.0,0.0,0.0,0.0,0.0,0.0,622663
ST,Sweeper,BR,6,0.77,3,3,2,66.67,0,0.0,2,1,50.0,16.67,3,50.0,66.67,50.0,1.21,66.67,0.0,0.0,0.0,0.0,0.0,622663
,,,6,0.77,1,0,0,0.0,1,100.0,0,0,,0.0,0,0.0,0.0,,0.81,0.0,,1.0,,,,622663
CH,Changeup,OS,38,45.78,13,12,5,38.46,1,7.69,22,9,40.91,23.68,5,13.16,36.84,50.0,46.15,41.67,0.25,0.308,0.333,0.641,0.083,622766
FF,4-Seam Fastball,FB,36,43.37,9,9,3,33.33,0,0.0,19,4,21.05,11.11,8,22.22,33.33,33.33,42.31,27.27,0.111,0.111,0.222,0.333,0.111,622766
SL,Slider,BR,8,9.64,1,1,0,0.0,0,0.0,3,1,33.33,12.5,0,0.0,12.5,0.0,7.69,0.0,0.0,0.0,0.0,0.0,0.0,622766
ST,Sweeper,BR,1,1.2,0,0,0,,0,,0,0,,0.0,0,0.0,0.0,0.0,3.85,0.0,,,,,,622766
SI,Sinker,FB,143,72.22,35,33,8,22.86,2,5.71,57,12,21.05,8.39,38,26.57,34.97,14.75,57.14,25.0,0.242,0.286,0.515,0.8009999999999999,0.273,622772
SL,Slider,BR,45,22.73,13,11,4,30.77,1,7.69,24,7,29.17,15.56,7,15.56,31.11,41.67,37.5,19.05,0.273,0.385,0.364,0.749,0.0909999999999999,622772
CH,Changeup,OS,7,3.54,2,2,0,0.0,0,0.0,4,1,25.0,14.29,0,0.0,14.29,25.0,3.57,0.0,0.5,0.5,0.5,1.0,0.0,622772
,,,2,1.01,0,0,0,,0,,0,0,,0.0,0,0.0,0.0,,0.0,,,,,,,622772
FF,4-Seam Fastball,FB,1,0.51,1,1,1,100.0,0,0.0,1,1,100.0,100.0,0,0.0,100.0,100.0,1.79,100.0,0.0,0.0,0.0,0.0,0.0,622772
FF,4-Seam Fastball,FB,117,58.79,28,24,15,53.57,3,10.71,52,20,38.46,17.09,29,24.79,41.88,19.05,62.07,41.67,0.125,0.222,0.25,0.472,0.125,622780
SL,Slider,BR,80,40.2,16,16,6,37.5,0,0.0,35,10,28.57,12.5,11,13.75,26.25,23.91,34.48,30.0,0.125,0.125,0.188,0.313,0.063,622780
CH,Changeup,OS,1,0.5,1,0,0,0.0,1,100.0,0,0,,0.0,0,0.0,0.0,0.0,1.72,0.0,,1.0,,,,622780
,,,1,0.5,1,0,0,0.0,1,100.0,0,0,,0.0,0,0.0,0.0,,1.72,0.0,,1.0,,,,622780
FF,4-Seam Fastball,FB,319,62.18,76,68,26,34.21,7,9.21,178,52,29.21,16.3,48,15.05,31.35,31.25,62.29,23.85,0.221,0.293,0.353,0.6459999999999999,0.1319999999999999,623149
ST,Sweeper,BR,194,37.82,44,36,13,29.55,8,18.18,62,18,29.03,9.28,45,23.2,32.47,15.52,37.71,19.7,0.167,0.318,0.417,0.735,0.2499999999999999,623149
FF,4-Seam Fastball,FB,314,38.91,74,59,12,16.22,12,16.22,135,26,19.26,8.28,62,19.75,28.03,20.81,32.2,18.18,0.305,0.419,0.475,0.8939999999999999,0.1699999999999999,623167
FC,Cutter,FB,234,29.0,63,57,6,9.52,5,7.94,127,25,19.69,10.68,37,15.81,26.5,32.38,24.39,12.0,0.316,0.381,0.544,0.925,0.228,623167
CH,Changeup,OS,198,24.54,56,55,16,28.57,0,0.0,90,34,37.78,17.17,18,9.09,26.26,32.81,28.78,27.12,0.255,0.268,0.4,0.668,0.145,623167
SL,Slider,BR,30,3.72,11,11,6,54.55,0,0.0,12,4,33.33,13.33,4,13.33,26.67,30.0,11.22,26.09,0.273,0.273,0.273,0.546,0.0,623167
CU,Curveball,BR,27,3.35,6,6,2,33.33,0,0.0,10,4,40.0,14.81,6,22.22,37.04,21.43,2.93,33.33,0.0,0.0,0.0,0.0,0.0,623167
ST,Sweeper,BR,3,0.37,0,0,0,,0,,0,0,,0.0,1,33.33,33.33,0.0,0.0,,,,,,,623167
SI,Sinker,FB,1,0.12,0,0,0,,0,,0,0,,0.0,0,0.0,0.0,0.0,0.49,0.0,,,,,,623167
CH,Changeup,OS,134,38.73,34,32,9,26.47,2,5.88,62,25,40.32,18.66,15,11.19,29.85,37.5,48.39,20.0,0.156,0.206,0.156,0.362,0.0,623211
FF,4-Seam Fastball,FB,74,21.39,26,25,4,15.38,1,3.85,43,7,16.28,9.46,9,12.16,21.62,22.22,27.96,15.38,0.28,0.308,0.36,0.6679999999999999,0.0799999999999999,623211
FC,Cutter,FB,72,20.81,17,14,6,35.29,3,17.65,30,12,40.0,16.67,15,20.83,37.5,29.73,19.35,33.33,0.429,0.529,0.929,1.4580000000000002,0.5,623211
SI,Sinker,FB,55,15.9,17,13,0,0.0,3,17.65,30,8,26.67,14.55,11,20.0,34.55,37.5,2.15,0.0,0.538,0.588,0.769,1.357,0.2309999999999999,623211
,,,11,3.18,2,0,0,0.0,2,100.0,0,0,,0.0,0,0.0,0.0,,2.15,0.0,,1.0,,,,623211
SI,Sinker,FB,156,80.41,36,29,11,30.56,6,16.67,84,32,38.1,20.51,21,13.46,33.97,39.74,73.68,26.19,0.241,0.371,0.276,0.647,0.035,623352
SL,Slider,BR,36,18.56,11,10,5,45.45,0,0.0,17,9,52.94,25.0,0,0.0,25.0,34.62,24.56,35.71,0.2,0.2,0.2,0.4,0.0,623352
CH,Changeup,OS,2,1.03,0,0,0,,0,,0,0,,0.0,1,50.0,50.0,0.0,1.75,0.0,,,,,,623352
FC,Cutter,FB,12,48.0,1,0,0,0.0,1,100.0,5,1,20.0,8.33,1,8.33,16.67,14.29,28.57,0.0,,1.0,,,,623381
FF,4-Seam Fastball,FB,8,32.0,3,3,0,0.0,0,0.0,4,0,0.0,0.0,2,25.0,25.0,0.0,28.57,0.0,1.0,1.0,1.0,2.0,0.0,623381
CU,Curveball,BR,5,20.0,1,1,0,0.0,0,0.0,3,0,0.0,0.0,0,0.0,0.0,33.33,42.86,0.0,0.0,0.0,0.0,0.0,0.0,623381
CU,Curveball,BR,112,53.59,24,24,11,45.83,0,0.0,56,28,50.0,25.0,24,21.43,46.43,41.67,51.39,29.73,0.083,0.083,0.167,0.25,0.084,623433
FF,4-Seam Fastball,FB,75,35.89,29,28,6,20.69,1,3.45,44,7,15.91,9.33,14,18.67,28.0,33.33,41.67,20.0,0.179,0.207,0.25,0.4569999999999999,0.071,623433
SI,Sinker,FB,22,10.53,5,5,0,0.0,0,0.0,14,2,14.29,9.09,4,18.18,27.27,42.86,6.94,0.0,0.2,0.2,0.2,0.4,0.0,623433
FC,Cutter,FB,150,37.78,37,31,9,24.32,4,10.81,78,19,24.36,12.67,21,14.0,26.67,28.17,41.8,17.65,0.194,0.297,0.355,0.6519999999999999,0.1609999999999999,623437
ST,Sweeper,BR,88,22.17,11,11,3,27.27,0,0.0,32,6,18.75,6.82,27,30.68,37.5,17.07,10.66,23.08,0.273,0.273,0.545,0.8180000000000001,0.272,623437
SI,Sinker,FB,74,18.64,29,26,9,31.03,2,6.9,31,5,16.13,6.76,25,33.78,40.54,13.64,21.31,34.62,0.231,0.31,0.346,0.6559999999999999,0.1149999999999999,623437
CH,Changeup,OS,69,17.38,20,20,2,10.0,0,0.0,37,6,16.22,8.7,4,5.8,14.49,32.56,26.23,6.25,0.2,0.2,0.25,0.45,0.0499999999999999,623437
,,,16,4.03,4,0,0,0.0,4,100.0,0,0,,0.0,0,0.0,0.0,,0.0,,,1.0,,,,623437
FC,Cutter,FB,35,36.84,9,8,2,22.22,1,11.11,21,7,33.33,20.0,1,2.86,22.86,50.0,51.85,14.29,0.5,0.556,0.5,1.056,0.0,623451
CU,Curveball,BR,24,25.26,6,5,0,0.0,0,0.0,11,2,18.18,8.33,2,8.33,16.67,16.67,14.81,0.0,0.2,0.2,0.2,0.4,0.0,623451
CH,Changeup,OS,16,16.84,4,4,0,0.0,0,0.0,7,3,42.86,18.75,3,18.75,37.5,16.67,3.7,0.0,0.25,0.25,1.0,1.25,0.75,623451
SI,Sinker,FB,13,13.68,2,2,1,50.0,0,0.0,5,0,0.0,0.0,5,38.46,38.46,0.0,11.11,33.33,0.5,0.5,0.5,1.0,0.0,623451
FF,4-Seam Fastball,FB,7,7.37,4,4,1,25.0,0,0.0,5,1,20.0,14.29,0,0.0,14.29,60.0,18.52,20.0,0.25,0.25,0.25,0.5,0.0,623451
FC,Cutter,FB,217,47.07,68,63,4,5.88,2,2.94,128,17,13.28,7.83,31,14.29,22.12,32.39,35.92,7.84,0.27,0.299,0.429,0.728,0.1589999999999999,623465
ST,Sweeper,BR,132,28.63,30,29,12,40.0,1,3.33,54,14,25.93,10.61,29,21.97,32.58,27.4,42.25,20.0,0.172,0.2,0.345,0.5449999999999999,0.173,623465
FF,4-Seam Fastball,FB,90,19.52,17,14,9,52.94,3,17.65,30,12,40.0,13.33,17,18.89,32.22,16.36,21.13,30.0,0.071,0.235,0.071,0.306,0.0,623465
SI,Sinker,FB,17,3.69,2,2,0,0.0,0,0.0,8,3,37.5,17.65,6,35.29,52.94,55.56,0.7,0.0,0.5,0.5,2.0,2.5,1.5,623465
,,,5,1.08,1,0,0,0.0,1,100.0,0,0,,0.0,0,0.0,0.0,,0.0,,,1.0,,,,623465
ST,Sweeper,BR,72,33.64,17,17,6,35.29,0,0.0,42,11,26.19,15.28,6,8.33,23.61,31.43,56.34,15.0,0.294,0.294,0.588,0.8819999999999999,0.294,623474
SL,Slider,BR,65,30.37,16,16,2,12.5,0,0.0,33,5,15.15,7.69,12,18.46,26.15,21.43,16.9,16.67,0.25,0.25,0.688,0.938,0.4379999999999999,623474
CH,Changeup,OS,27,12.62,4,4,1,25.0,0,0.0,12,3,25.0,11.11,0,0.0,11.11,25.0,14.08,10.0,0.25,0.25,0.5,0.75,0.25,623474
SI,Sinker,FB,20,9.35,4,3,0,0.0,1,25.0,7,1,14.29,5.0,3,15.0,20.0,0.0,4.23,0.0,0.333,0.5,0.333,0.833,0.0,623474
FF,4-Seam Fastball,FB,18,8.41,3,1,0,0.0,2,66.67,6,0,0.0,0.0,2,11.11,11.11,0.0,8.45,0.0,1.0,1.0,1.0,2.0,0.0,623474
,,,12,5.61,3,0,0,0.0,3,100.0,0,0,,0.0,0,0.0,0.0,,0.0,,,1.0,,,,623474
FA,Other,,7,100.0,2,2,1,50.0,0,0.0,3,0,0.0,0.0,1,14.29,14.29,25.0,100.0,50.0,0.0,0.0,0.0,0.0,0.0,623507
SI,Sinker,FB,181,64.64,66,60,6,9.09,3,4.55,98,7,7.14,3.87,39,21.55,25.41,43.84,45.31,20.69,0.233,0.27,0.417,0.687,0.1839999999999999,624133
FC,Cutter,FB,31,11.07,4,4,2,50.0,0,0.0,7,1,14.29,3.23,10,32.26,35.48,6.67,10.94,28.57,0.25,0.25,0.5,0.75,0.25,624133
CU,Curveball,BR,30,10.71,13,13,8,61.54,0,0.0,16,9,56.25,30.0,2,6.67,36.67,45.45,28.12,44.44,0.077,0.077,0.077,0.154,0.0,624133
FF,4-Seam Fastball,FB,18,6.43,4,4,1,25.0,0,0.0,6,2,33.33,11.11,3,16.67,27.78,11.11,6.25,25.0,0.25,0.25,0.5,0.75,0.25,624133
CH,Changeup,OS,16,5.71,3,3,2,66.67,0,0.0,13,6,46.15,37.5,1,6.25,43.75,80.0,9.38,33.33,0.333,0.333,0.333,0.666,0.0,624133
SL,Slider,BR,4,1.43,3,3,0,0.0,0,0.0,3,0,0.0,0.0,1,25.0,25.0,100.0,0.0,,0.333,0.333,0.333,0.666,0.0,624133
FF,4-Seam Fastball,FB,102,48.8,24,19,5,20.83,4,16.67,45,8,17.78,7.84,19,18.63,26.47,26.79,40.62,19.23,0.316,0.417,0.368,0.7849999999999999,0.0519999999999999,624522
CU,Curveball,BR,52,24.88,11,11,1,9.09,0,0.0,15,2,13.33,3.85,12,23.08,26.92,12.0,34.38,4.55,0.273,0.273,0.273,0.546,0.0,624522
FC,Cutter,FB,50,23.92,16,12,4,25.0,2,12.5,23,10,43.48,20.0,7,14.0,34.0,25.0,21.88,28.57,0.083,0.25,0.083,0.333,0.0,624522
CH,Changeup,OS,2,0.96,1,1,1,100.0,0,0.0,2,2,100.0,100.0,0,0.0,100.0,100.0,1.56,100.0,0.0,0.0,0.0,0.0,0.0,624522
SI,Sinker,FB,2,0.96,0,0,0,,0,,0,0,,0.0,0,0.0,0.0,0.0,0.0,,,,,,,624522
,,,1,0.48,1,0,0,0.0,1,100.0,0,0,,0.0,0,0.0,0.0,,1.56,0.0,,1.0,,,,624522
SI,Sinker,FB,158,65.56,35,31,5,14.29,3,8.57,63,11,17.46,6.96,50,31.65,38.61,32.86,41.79,17.86,0.323,0.4,0.452,0.8520000000000001,0.129,624647
SL,Slider,BR,83,34.44,27,27,10,37.04,0,0.0,40,17,42.5,20.48,7,8.43,28.92,26.53,58.21,25.64,0.185,0.185,0.259,0.444,0.074,624647
FF,4-Seam Fastball,FB,359,64.11,68,49,13,19.12,18,26.47,175,45,25.71,12.53,52,14.48,27.02,19.88,52.41,13.27,0.143,0.373,0.265,0.638,0.122,625643
SL,Slider,BR,114,20.36,38,35,15,39.47,3,7.89,60,26,43.33,22.81,7,6.14,28.95,37.84,31.55,25.42,0.229,0.289,0.4,0.6890000000000001,0.171,625643
CH,Changeup,OS,62,11.07,12,12,5,41.67,0,0.0,23,8,34.78,12.9,7,11.29,24.19,19.51,13.9,19.23,0.167,0.167,0.167,0.334,0.0,625643
CU,Curveball,BR,11,1.96,3,3,1,33.33,0,0.0,5,1,20.0,9.09,2,18.18,27.27,16.67,1.07,50.0,0.333,0.333,0.333,0.666,0.0,625643
,,,11,1.96,2,0,0,0.0,2,100.0,0,0,,0.0,0,0.0,0.0,,0.0,,,1.0,,,,625643
SI,Sinker,FB,3,0.54,1,1,1,100.0,0,0.0,2,2,100.0,66.67,0,0.0,66.67,50.0,1.07,50.0,0.0,0.0,0.0,0.0,0.0,625643
FS,Split-Finger,OS,320,38.93,92,83,29,31.52,7,7.61,156,59,37.82,18.44,30,9.38,27.81,38.22,53.21,25.0,0.181,0.239,0.217,0.4559999999999999,0.036,628317
FF,4-Seam Fastball,FB,245,29.81,54,48,4,7.41,5,9.26,101,12,11.88,4.9,50,20.41,25.31,14.55,19.27,9.52,0.375,0.426,0.583,1.009,0.2079999999999999,628317
ST,Sweeper,BR,120,14.6,31,25,13,41.94,6,19.35,52,13,25.0,10.83,35,29.17,40.0,23.4,16.97,35.14,0.24,0.387,0.48,0.867,0.24,628317
SL,Slider,BR,87,10.58,24,23,7,29.17,0,0.0,42,9,21.43,10.34,20,22.99,33.33,23.33,9.63,33.33,0.174,0.208,0.522,0.73,0.348,628317
CU,Curveball,BR,49,5.96,8,8,0,0.0,0,0.0,14,1,7.14,2.04,7,14.29,16.33,3.33,0.92,0.0,0.25,0.25,0.25,0.5,0.0,628317
SI,Sinker,FB,1,0.12,0,0,0,,0,,0,0,,0.0,1,100.0,100.0,,0.0,,,,,,,628317
CH,Changeup,OS,198,44.0,65,61,20,30.77,3,4.62,119,46,38.66,23.23,15,7.58,30.81,45.97,60.55,30.3,0.18,0.215,0.311,0.526,0.131,628452
FF,4-Seam Fastball,FB,177,39.33,39,36,7,17.95,2,5.13,79,18,22.78,10.17,40,22.6,32.77,19.75,30.28,21.21,0.361,0.385,0.611,0.996,0.25,628452
SI,Sinker,FB,46,10.22,11,8,0,0.0,3,27.27,19,4,21.05,8.7,7,15.22,23.91,16.0,2.75,0.0,0.5,0.636,0.625,1.261,0.125,628452
SL,Slider,BR,21,4.67,6,5,4,66.67,1,16.67,8,3,37.5,14.29,3,14.29,28.57,23.08,6.42,57.14,0.0,0.167,0.0,0.167,0.0,628452
,,,8,1.78,2,0,0,0.0,2,100.0,0,0,,0.0,0,0.0,0.0,,0.0,,,1.0,,,,628452
SL,Slider,BR,175,55.91,38,36,14,36.84,2,5.26,92,36,39.13,20.57,34,19.43,40.0,38.55,45.37,28.57,0.167,0.211,0.444,0.655,0.277,628708
SI,Sinker,FB,98,31.31,24,20,4,16.67,4,16.67,46,8,17.39,8.16,10,10.2,18.37,21.57,33.33,11.11,0.35,0.458,0.45,0.908,0.1,628708
FF,4-Seam Fastball,FB,39,12.46,12,12,2,16.67,0,0.0,19,1,5.26,2.56,4,10.26,12.82,21.05,21.3,8.7,0.25,0.25,0.667,0.917,0.417,628708
FC,Cutter,FB,1,0.32,0,0,0,,0,,1,0,0.0,0.0,0,0.0,0.0,,0.0,,,,,,,628708
FF,4-Seam Fastball,FB,190,45.89,41,36,7,17.07,2,4.88,101,20,19.8,10.53,36,18.95,29.47,19.44,33.83,15.56,0.167,0.225,0.472,0.697,0.3049999999999999,628711
SV,Slurve,BR,158,38.16,40,38,12,30.0,2,5.0,73,24,32.88,15.19,37,23.42,38.61,29.73,34.59,26.09,0.158,0.2,0.421,0.621,0.263,628711
FC,Cutter,FB,51,12.32,16,16,5,31.25,0,0.0,26,10,38.46,19.61,2,3.92,23.53,29.03,22.56,16.67,0.312,0.312,0.375,0.687,0.063,628711
CH,Changeup,OS,15,3.62,6,4,3,50.0,2,33.33,6,2,33.33,13.33,1,6.67,20.0,27.27,9.02,25.0,0.0,0.333,0.0,0.333,0.0,628711
FF,4-Seam Fastball,FB,7,77.78,2,2,0,0.0,0,0.0,2,0,0.0,0.0,1,14.29,14.29,20.0,,,0.5,0.5,1.0,1.5,0.5,629498
SL,Slider,BR,2,22.22,1,0,0,0.0,1,100.0,0,0,,0.0,0,0.0,0.0,0.0,,,,1.0,,,,629498
SI,Sinker,FB,303,45.43,98,88,6,6.12,9,9.18,150,11,7.33,3.63,65,21.45,25.08,27.91,35.45,8.96,0.33,0.392,0.614,1.006,0.284,630023
FS,Split-Finger,OS,215,32.23,58,56,16,27.59,1,1.72,108,30,27.78,13.95,19,8.84,22.79,29.37,43.39,19.51,0.179,0.207,0.268,0.475,0.089,630023
SL,Slider,BR,133,19.94,26,23,1,3.85,3,11.54,62,4,6.45,3.01,18,13.53,16.54,13.56,17.46,3.03,0.304,0.385,0.522,0.907,0.218,630023
FF,4-Seam Fastball,FB,14,2.1,3,2,1,33.33,0,0.0,6,1,16.67,7.14,1,7.14,14.29,12.5,3.7,14.29,0.0,0.333,0.0,0.333,0.0,630023
,,,2,0.3,0,0,0,,0,,0,0,,0.0,0,0.0,0.0,,0.0,,,,,,,630023
CH,Changeup,OS,26,53.06,9,9,2,22.22,0,0.0,12,4,33.33,15.38,6,23.08,38.46,35.71,77.78,28.57,0.444,0.444,0.667,1.111,0.223,640444
FF,4-Seam Fastball,FB,12,24.49,3,1,0,0.0,1,33.33,3,0,0.0,0.0,1,8.33,8.33,0.0,11.11,0.0,0.0,0.667,0.0,0.667,0.0,640444
SL,Slider,BR,7,14.29,2,1,0,0.0,1,50.0,3,0,0.0,0.0,0,0.0,0.0,0.0,11.11,0.0,1.0,1.0,4.0,5.0,3.0,640444
,,,4,8.16,1,0,0,0.0,1,100.0,0,0,,0.0,0,0.0,0.0,,0.0,,,1.0,,,,640444
FF,4-Seam Fastball,FB,374,70.83,93,76,15,16.13,16,17.2,165,34,20.61,9.09,65,17.38,26.47,16.67,72.78,13.04,0.276,0.402,0.434,0.8360000000000001,0.1579999999999999,640448
FS,Split-Finger,OS,146,27.65,36,35,12,33.33,0,0.0,69,21,30.43,14.38,26,17.81,32.19,29.87,26.58,28.57,0.143,0.143,0.229,0.372,0.086,640448
,,,7,1.33,1,0,0,0.0,1,100.0,0,0,,0.0,0,0.0,0.0,,0.63,0.0,,1.0,,,,640448
SI,Sinker,FB,1,0.19,1,1,0,0.0,0,0.0,1,0,0.0,0.0,0,0.0,0.0,,0.0,,0.0,0.0,0.0,0.0,0.0,640448
FF,4-Seam Fastball,FB,227,56.75,65,61,15,23.08,3,4.62,129,26,20.16,11.45,35,15.42,26.87,38.95,60.33,20.55,0.246,0.277,0.459,0.736,0.213,640451
FS,Split-Finger,OS,122,30.5,34,33,9,26.47,0,0.0,61,20,32.79,16.39,15,12.3,28.69,30.3,34.71,21.43,0.242,0.235,0.273,0.508,0.031,640451
CU,Curveball,BR,45,11.25,5,4,0,0.0,1,20.0,19,5,26.32,11.11,13,28.89,40.0,31.58,4.96,0.0,0.25,0.4,0.25,0.65,0.0,640451
,,,4,1.0,1,0,0,0.0,1,100.0,0,0,,0.0,0,0.0,0.0,,0.0,,,1.0,,,,640451
SL,Slider,BR,2,0.5,0,0,0,,0,,0,0,,0.0,0,0.0,0.0,0.0,0.0,,,,,,,640451
SI,Sinker,FB,25,60.98,6,2,0,0.0,4,66.67,3,0,0.0,0.0,8,32.0,32.0,0.0,14.29,0.0,0.5,0.833,0.5,1.333,0.0,640454
ST,Sweeper,BR,9,21.95,4,4,2,50.0,0,0.0,5,3,60.0,33.33,1,11.11,44.44,62.5,71.43,40.0,0.25,0.25,0.25,0.5,0.0,640454
FC,Cutter,FB,6,14.63,1,1,0,0.0,0,0.0,2,0,0.0,0.0,1,16.67,16.67,0.0,14.29,0.0,0.0,0.0,0.0,0.0,0.0,640454
CH,Changeup,OS,1,2.44,0,0,0,,0,,0,0,,0.0,0,0.0,0.0,,0.0,,,,,,,640454
SI,Sinker,FB,329,46.67,81,72,22,27.16,9,11.11,142,28,19.72,8.51,83,25.23,33.74,26.24,43.85,20.56,0.181,0.272,0.208,0.48,0.0269999999999999,640455
ST,Sweeper,BR,128,18.16,28,26,10,35.71,0,0.0,57,24,42.11,18.75,14,10.94,29.69,19.72,18.03,22.73,0.077,0.107,0.077,0.184,0.0,640455
SL,Slider,BR,113,16.03,31,28,6,19.35,3,9.68,52,10,19.23,8.85,18,15.93,24.78,29.03,16.8,14.63,0.321,0.387,0.714,1.101,0.3929999999999999,640455
FF,4-Seam Fastball,FB,82,11.63,18,16,8,44.44,2,11.11,38,7,18.42,8.54,15,18.29,26.83,23.53,14.34,22.86,0.25,0.333,0.312,0.645,0.062,640455
CH,Changeup,OS,51,7.23,14,13,3,21.43,0,0.0,27,3,11.11,5.88,5,9.8,15.69,34.38,6.97,17.65,0.231,0.286,0.308,0.594,0.0769999999999999,640455
FC,Cutter,FB,1,0.14,0,0,0,,0,,0,0,,0.0,0,0.0,0.0,0.0,0.0,,,,,,,640455
,,,1,0.14,0,0,0,,0,,0,0,,0.0,0,0.0,0.0,,0.0,,,,,,,640455
ST,Sweeper,BR,140,48.95,35,34,11,31.43,1,2.86,68,25,36.76,17.86,21,15.0,32.86,31.51,54.26,21.57,0.265,0.286,0.382,0.6679999999999999,0.1169999999999999,640462
FF,4-Seam Fastball,FB,116,40.56,31,28,16,51.61,1,3.23,45,11,24.44,9.48,42,36.21,45.69,28.95,40.43,42.11,0.143,0.2,0.357,0.5569999999999999,0.214,640462
SI,Sinker,FB,26,9.09,8,7,0,0.0,0,0.0,14,4,28.57,15.38,5,19.23,34.62,46.15,3.19,0.0,0.143,0.25,0.143,0.393,0.0,640462
SL,Slider,BR,4,1.4,2,2,2,100.0,0,0.0,3,3,100.0,75.0,0,0.0,75.0,66.67,2.13,100.0,0.0,0.0,0.0,0.0,0.0,640462
SL,Slider,BR,167,41.23,43,40,17,39.53,2,4.65,94,31,32.98,18.56,27,16.17,34.73,39.73,46.53,25.37,0.225,0.262,0.375,0.637,0.15,640470
FF,4-Seam Fastball,FB,124,30.62,32,30,8,25.0,0,0.0,70,15,21.43,12.1,22,17.74,29.84,28.89,25.69,21.62,0.367,0.375,0.567,0.942,0.1999999999999999,640470
FC,Cutter,FB,52,12.84,12,11,1,8.33,0,0.0,28,3,10.71,5.77,10,19.23,25.0,43.48,8.33,8.33,0.182,0.25,0.364,0.614,0.182,640470
SI,Sinker,FB,51,12.59,14,12,4,28.57,2,14.29,16,2,12.5,3.92,6,11.76,15.69,6.9,13.89,20.0,0.167,0.286,0.25,0.536,0.0829999999999999,640470
CH,Changeup,OS,5,1.23,1,1,0,0.0,0,0.0,2,0,0.0,0.0,0,0.0,0.0,0.0,2.78,0.0,1.0,1.0,1.0,2.0,0.0,640470
ST,Sweeper,BR,3,0.74,1,1,0,0.0,0,0.0,3,0,0.0,0.0,0,0.0,0.0,100.0,1.39,0.0,0.0,0.0,0.0,0.0,0.0,640470
,,,3,0.74,0,0,0,,0,,0,0,,0.0,0,0.0,0.0,,1.39,0.0,,,,,,640470
FF,4-Seam Fastball,FB,17,45.95,5,5,0,0.0,0,0.0,10,1,10.0,5.88,3,17.65,23.53,42.86,53.85,0.0,0.6,0.6,1.4,2.0,0.7999999999999999,641149
CU,Curveball,BR,11,29.73,2,2,0,0.0,0,0.0,5,1,20.0,9.09,0,0.0,9.09,25.0,38.46,0.0,1.0,1.0,1.0,2.0,0.0,641149
SI,Sinker,FB,5,13.51,2,2,1,50.0,0,0.0,1,0,0.0,0.0,4,80.0,80.0,0.0,7.69,100.0,0.0,0.0,0.0,0.0,0.0,641149
CH,Changeup,OS,4,10.81,0,0,0,,0,,1,0,0.0,0.0,0,0.0,0.0,0.0,0.0,,,,,,,641149
FF,4-Seam Fastball,FB,596,39.6,142,123,32,22.54,17,11.97,298,80,26.85,13.42,109,18.29,31.71,28.52,33.71,21.19,0.341,0.423,0.545,0.968,0.204,641154
CH,Changeup,OS,412,27.38,128,119,19,14.84,9,7.03,227,56,24.67,13.59,54,13.11,26.7,38.39,20.54,20.65,0.277,0.328,0.429,0.757,0.1519999999999999,641154
CU,Curveball,BR,281,18.67,71,70,28,39.44,0,0.0,127,43,33.86,15.3,43,15.3,30.6,32.73,27.01,23.14,0.214,0.225,0.343,0.5680000000000001,0.129,641154
ST,Sweeper,BR,204,13.55,59,55,24,40.68,0,0.0,104,32,30.77,15.69,37,18.14,33.82,36.79,18.08,29.63,0.182,0.224,0.291,0.515,0.1089999999999999,641154
SI,Sinker,FB,8,0.53,6,6,1,16.67,0,0.0,5,0,0.0,0.0,2,25.0,25.0,50.0,0.67,33.33,0.167,0.167,0.167,0.334,0.0,641154
,,,4,0.27,1,0,0,0.0,1,100.0,0,0,,0.0,0,0.0,0.0,,0.0,,,1.0,,,,641154
FF,4-Seam Fastball,FB,62,30.69,15,15,5,33.33,0,0.0,34,12,35.29,19.35,14,22.58,41.94,27.27,26.56,29.41,0.267,0.267,0.667,0.934,0.4,641302
SL,Slider,BR,52,25.74,11,11,2,18.18,0,0.0,23,4,17.39,7.69,7,13.46,21.15,25.0,28.12,11.11,0.273,0.273,0.364,0.637,0.0909999999999999,641302
SI,Sinker,FB,49,24.26,21,19,5,23.81,0,0.0,23,1,4.35,2.04,12,24.49,26.53,31.58,28.12,27.78,0.158,0.238,0.211,0.4489999999999999,0.0529999999999999,641302
FC,Cutter,FB,36,17.82,11,10,1,9.09,0,0.0,20,2,10.0,5.56,10,27.78,33.33,50.0,14.06,11.11,0.4,0.364,1.3,1.664,0.9,641302
CH,Changeup,OS,3,1.49,0,0,0,,0,,2,0,0.0,0.0,0,0.0,0.0,66.67,3.12,0.0,,,,,,641302
FF,4-Seam Fastball,FB,168,61.09,37,30,13,35.14,5,13.51,94,29,30.85,17.26,19,11.31,28.57,30.14,57.95,25.49,0.167,0.278,0.3,0.5780000000000001,0.1329999999999999,641329
CH,Changeup,OS,73,26.55,16,16,7,43.75,0,0.0,20,6,30.0,8.22,10,13.7,21.92,12.0,37.5,21.21,0.125,0.125,0.125,0.25,0.0,641329
SL,Slider,BR,28,10.18,6,2,0,0.0,4,66.67,9,0,0.0,0.0,8,28.57,28.57,0.0,3.41,0.0,0.0,0.667,0.0,0.667,0.0,641329
,,,6,2.18,2,1,1,50.0,1,50.0,0,0,,0.0,0,0.0,0.0,,1.14,100.0,0.0,0.5,0.0,0.5,0.0,641329
FF,4-Seam Fastball,FB,359,72.53,91,81,22,24.18,8,8.79,184,48,26.09,13.37,48,13.37,26.74,32.64,70.62,19.47,0.173,0.256,0.235,0.491,0.062,641360
SL,Slider,BR,98,19.8,27,24,6,22.22,0,0.0,61,21,34.43,21.43,6,6.12,27.55,35.29,25.62,14.63,0.292,0.333,0.625,0.958,0.333,641360
CH,Changeup,OS,20,4.04,5,4,1,20.0,1,20.0,9,2,22.22,10.0,2,10.0,20.0,30.77,3.75,16.67,0.25,0.4,0.25,0.65,0.0,641360
,,,18,3.64,4,0,0,0.0,4,100.0,0,0,,0.0,0,0.0,0.0,,0.0,,,1.0,,,,641360
CH,Changeup,OS,106,49.77,23,20,5,21.74,2,8.7,49,15,30.61,14.15,14,13.21,27.36,34.78,64.41,10.53,0.3,0.348,0.4,0.748,0.1,641401
FF,4-Seam Fastball,FB,74,34.74,19,16,3,15.79,3,15.79,33,8,24.24,10.81,17,22.97,33.78,24.24,28.81,17.65,0.375,0.474,1.125,1.599,0.75,641401
FC,Cutter,FB,32,15.02,9,8,1,11.11,1,11.11,12,0,0.0,0.0,6,18.75,18.75,21.05,5.08,33.33,0.375,0.444,0.5,0.944,0.125,641401
,,,1,0.47,1,1,1,100.0,0,0.0,0,0,,0.0,0,0.0,0.0,,1.69,100.0,0.0,0.0,0.0,0.0,0.0,641401
SL,Slider,BR,13,52.0,4,3,2,50.0,0,0.0,4,2,50.0,15.38,2,15.38,30.77,0.0,83.33,40.0,0.333,0.25,0.667,0.917,0.334,641420
FF,4-Seam Fastball,FB,11,44.0,2,2,0,0.0,0,0.0,6,2,33.33,18.18,2,18.18,36.36,33.33,16.67,0.0,0.5,0.5,0.5,1.0,0.0,641420
CH,Changeup,OS,1,4.0,0,0,0,,0,,0,0,,0.0,0,0.0,0.0,0.0,0.0,,,,,,,641420
FF,4-Seam Fastball,FB,14,53.85,5,5,1,20.0,0,0.0,10,3,30.0,21.43,2,14.29,35.71,33.33,75.0,16.67,0.2,0.2,0.2,0.4,0.0,641427
CU,Curveball,BR,6,23.08,1,1,0,0.0,0,0.0,2,0,0.0,0.0,3,50.0,50.0,0.0,25.0,0.0,1.0,1.0,1.0,2.0,0.0,641427
FC,Cutter,FB,5,19.23,2,2,0,0.0,0,0.0,3,0,0.0,0.0,0,0.0,0.0,33.33,0.0,,0.5,0.5,0.5,1.0,0.0,641427
SI,Sinker,FB,1,3.85,0,0,0,,0,,0,0,,0.0,0,0.0,0.0,0.0,0.0,,,,,,,641427
FC,Cutter,FB,9,50.0,2,1,1,50.0,1,50.0,4,1,25.0,11.11,1,11.11,22.22,20.0,60.0,33.33,0.0,0.5,0.0,0.5,0.0,641447
SL,Slider,BR,5,27.78,2,2,1,50.0,0,0.0,1,0,0.0,0.0,2,40.0,40.0,0.0,20.0,100.0,0.0,0.0,0.0,0.0,0.0,641447
FF,4-Seam Fastball,FB,4,22.22,0,0,0,,0,,1,0,0.0,0.0,0,0.0,0.0,25.0,20.0,0.0,,,,,,641447
FF,4-Seam Fastball,FB,109,64.88,24,22,11,45.83,2,8.33,56,21,37.5,19.27,25,22.94,42.2,33.33,63.49,27.5,0.136,0.208,0.318,0.526,0.182,641482
ST,Sweeper,BR,34,20.24,13,13,3,23.08,0,0.0,20,6,30.0,17.65,6,17.65,35.29,44.44,26.98,17.65,0.154,0.154,0.154,0.308,0.0,641482
FC,Cutter,FB,24,14.29,8,8,0,0.0,0,0.0,13,3,23.08,12.5,2,8.33,20.83,0.0,7.94,0.0,0.25,0.25,0.625,0.875,0.375,641482
SI,Sinker,FB,1,0.6,0,0,0,,0,,0,0,,0.0,0,0.0,0.0,0.0,1.59,0.0,,,,,,641482
CH,Changeup,OS,356,27.68,105,97,10,9.52,8,7.62,194,45,23.2,12.64,38,10.67,23.31,36.98,23.08,11.9,0.289,0.343,0.443,0.786,0.154,641540
FC,Cutter,FB,339,26.36,74,61,13,17.57,11,14.86,178,46,25.84,13.57,47,13.86,27.43,28.48,16.48,21.67,0.23,0.351,0.262,0.613,0.032,641540
SI,Sinker,FB,325,25.27,100,87,22,22.0,11,11.0,130,8,6.15,2.46,84,25.85,28.31,16.42,32.14,18.8,0.253,0.33,0.402,0.732,0.149,641540
SL,Slider,BR,123,9.56,41,39,11,26.83,1,2.44,74,17,22.97,13.82,8,6.5,20.33,41.67,18.96,15.94,0.308,0.325,0.615,0.94,0.307,641540
KC,Knuckle Curve,BR,59,4.59,6,5,1,16.67,0,0.0,9,4,44.44,6.78,16,27.12,33.9,13.16,1.92,14.29,0.2,0.333,0.2,0.533,0.0,641540
CU,Curveball,BR,42,3.27,5,2,0,0.0,0,0.0,9,4,44.44,9.52,10,23.81,33.33,8.0,2.2,0.0,0.5,0.8,0.5,1.3,0.0,641540
FF,4-Seam Fastball,FB,42,3.27,11,9,4,36.36,2,18.18,18,4,22.22,9.52,3,7.14,16.67,13.04,5.22,21.05,0.333,0.455,1.111,1.566,0.778,641540
FF,4-Seam Fastball,FB,452,39.44,111,95,11,9.91,15,13.51,186,18,9.68,3.98,104,23.01,26.99,17.55,34.15,9.82,0.347,0.432,0.537,0.969,0.19,641585
CH,Changeup,OS,317,27.66,92,87,20,21.74,3,3.26,141,44,31.21,13.88,51,16.09,29.97,27.44,29.57,20.62,0.184,0.207,0.241,0.4479999999999999,0.0569999999999999,641585
CU,Curveball,BR,244,21.29,50,46,22,44.0,4,8.0,109,46,42.2,18.85,33,13.52,32.38,34.38,28.05,23.91,0.13,0.2,0.217,0.417,0.087,641585
FC,Cutter,FB,111,9.69,21,19,3,14.29,1,4.76,60,11,18.33,9.91,18,16.22,26.13,31.82,6.1,15.0,0.316,0.333,0.368,0.7010000000000001,0.0519999999999999,641585
ST,Sweeper,BR,19,1.66,3,1,0,0.0,1,33.33,5,1,20.0,5.26,2,10.53,15.79,8.33,1.83,0.0,1.0,1.0,2.0,3.0,1.0,641585
,,,3,0.26,1,1,1,100.0,0,0.0,0,0,,0.0,0,0.0,0.0,,0.3,100.0,0.0,0.0,0.0,0.0,0.0,641585
FC,Cutter,FB,150,37.22,45,42,10,22.22,3,6.67,64,14,21.88,9.33,33,22.0,31.33,23.68,26.04,40.0,0.238,0.289,0.357,0.6459999999999999,0.119,641627
FF,4-Seam Fastball,FB,113,28.04,25,22,5,20.0,2,8.0,49,10,20.41,8.85,14,12.39,21.24,15.87,42.71,12.2,0.455,0.5,0.773,1.273,0.318,641627
SI,Sinker,FB,59,14.64,17,14,1,5.88,3,17.65,23,3,13.04,5.08,16,27.12,32.2,25.81,13.54,7.69,0.357,0.471,0.429,0.8999999999999999,0.072,641627
CU,Curveball,BR,43,10.67,7,6,1,14.29,0,0.0,8,0,0.0,0.0,15,34.88,34.88,3.85,7.29,14.29,0.333,0.429,0.333,0.762,0.0,641627
CH,Changeup,OS,34,8.44,9,8,1,11.11,1,11.11,11,1,9.09,2.94,4,11.76,14.71,23.08,10.42,10.0,0.5,0.556,0.75,1.306,0.25,641627
,,,4,0.99,1,0,0,0.0,1,100.0,0,0,,0.0,0,0.0,0.0,,0.0,,,1.0,,,,641627
FA,Other,,6,100.0,2,2,0,0.0,0,0.0,2,0,0.0,0.0,1,16.67,16.67,0.0,,,0.5,0.5,0.5,1.0,0.0,641645
SL,Slider,BR,253,53.26,61,55,23,37.7,6,9.84,141,55,39.01,21.74,33,13.04,34.78,39.39,63.19,22.33,0.127,0.213,0.255,0.4679999999999999,0.128,641656
FF,4-Seam Fastball,FB,167,35.16,32,26,8,25.0,3,9.38,61,20,32.79,11.98,31,18.56,30.54,16.85,30.67,16.0,0.192,0.29,0.385,0.675,0.193,641656
SI,Sinker,FB,49,10.32,16,15,2,12.5,1,6.25,23,3,13.04,6.12,11,22.45,28.57,26.32,5.52,22.22,0.467,0.5,0.467,0.967,0.0,641656
,,,6,1.26,1,0,0,0.0,1,100.0,0,0,,0.0,0,0.0,0.0,,0.61,0.0,,1.0,,,,641656
CH,Changeup,OS,62,33.7,20,19,2,10.0,1,5.0,37,9,24.32,14.52,4,6.45,20.97,36.36,25.53,16.67,0.316,0.35,0.421,0.7709999999999999,0.1049999999999999,641672
FC,Cutter,FB,59,32.07,16,12,4,25.0,3,18.75,27,9,33.33,15.25,14,23.73,38.98,30.0,51.06,16.67,0.083,0.25,0.083,0.333,0.0,641672
FF,4-Seam Fastball,FB,50,27.17,10,9,1,10.0,1,10.0,24,3,12.5,6.0,5,10.0,16.0,4.76,19.15,11.11,0.444,0.5,1.111,1.611,0.667,641672
SI,Sinker,FB,8,4.35,2,2,0,0.0,0,0.0,4,0,0.0,0.0,0,0.0,0.0,33.33,2.13,0.0,0.5,0.5,1.0,1.5,0.5,641672
,,,5,2.72,2,1,1,50.0,1,50.0,0,0,,0.0,0,0.0,0.0,,2.13,100.0,0.0,0.5,0.0,0.5,0.0,641672
FF,4-Seam Fastball,FB,214,49.2,53,43,6,11.32,10,18.87,85,15,17.65,7.01,41,19.16,26.17,16.82,39.5,12.77,0.279,0.415,0.419,0.834,0.1399999999999999,641703
CH,Changeup,OS,153,35.17,35,33,7,20.0,1,2.86,70,17,24.29,11.11,20,13.07,24.18,23.75,26.05,22.58,0.273,0.294,0.545,0.839,0.272,641703
SC,Screwball,,44,10.11,16,14,7,43.75,2,12.5,15,3,20.0,6.82,5,11.36,18.18,12.5,29.41,20.0,0.214,0.312,0.429,0.741,0.215,641703
ST,Sweeper,BR,14,3.22,4,4,0,0.0,0,0.0,8,1,12.5,7.14,2,14.29,21.43,33.33,5.04,0.0,0.25,0.25,0.25,0.5,0.0,641703
SI,Sinker,FB,5,1.15,1,1,0,0.0,0,0.0,1,0,0.0,0.0,0,0.0,0.0,25.0,0.0,,0.0,0.0,0.0,0.0,0.0,641703
SL,Slider,BR,2,0.46,0,0,0,,0,,0,0,,0.0,1,50.0,50.0,,0.0,,,,,,,641703
,,,2,0.46,0,0,0,,0,,0,0,,0.0,0,0.0,0.0,,0.0,,,,,,,641703
PO,Pitch Out,,1,0.23,0,0,0,,0,,0,0,,0.0,0,0.0,0.0,0.0,0.0,,,,,,,641703
FF,4-Seam Fastball,FB,205,31.73,55,47,1,1.82,8,14.55,87,9,10.34,4.39,41,20.0,24.39,11.36,28.08,2.44,0.383,0.473,0.447,0.92,0.064,641712
SI,Sinker,FB,201,31.11,58,55,0,0.0,3,5.17,85,7,8.24,3.48,38,18.91,22.39,14.13,15.07,0.0,0.309,0.345,0.436,0.7809999999999999,0.127,641712
SL,Slider,BR,167,25.85,50,42,16,32.0,7,14.0,88,31,35.23,18.56,19,11.38,29.94,35.79,43.15,25.4,0.286,0.388,0.595,0.983,0.309,641712
CU,Curveball,BR,44,6.81,8,7,2,25.0,1,12.5,19,7,36.84,15.91,4,9.09,25.0,28.57,10.96,12.5,0.0,0.125,0.0,0.125,0.0,641712
CH,Changeup,OS,27,4.18,3,3,0,0.0,0,0.0,5,0,0.0,0.0,1,3.7,3.7,9.09,2.74,0.0,0.0,0.0,0.0,0.0,0.0,641712
FC,Cutter,FB,1,0.15,0,0,0,,0,,1,0,0.0,0.0,0,0.0,0.0,,0.0,,,,,,,641712
,,,1,0.15,0,0,0,,0,,0,0,,0.0,0,0.0,0.0,,0.0,,,,,,,641712
FF,4-Seam Fastball,FB,260,63.88,69,65,21,30.43,4,5.8,144,40,27.78,15.38,42,16.15,31.54,18.95,60.65,22.34,0.231,0.275,0.431,0.706,0.1999999999999999,641729
SL,Slider,BR,89,21.87,15,15,5,33.33,0,0.0,38,20,52.63,22.47,18,20.22,42.7,37.25,24.52,13.16,0.333,0.333,0.667,1.0,0.334,641729
CH,Changeup,OS,57,14.0,10,8,0,0.0,1,10.0,23,6,26.09,10.53,3,5.26,15.79,23.08,14.84,0.0,0.125,0.2,0.125,0.325,0.0,641729
,,,1,0.25,0,0,0,,0,,0,0,,0.0,0,0.0,0.0,,0.0,,,,,,,641729
FF,4-Seam Fastball,FB,43,47.25,10,8,0,0.0,1,10.0,28,4,14.29,9.3,4,9.3,18.6,33.33,39.29,0.0,0.125,0.3,0.125,0.425,0.0,641743
ST,Sweeper,BR,26,28.57,8,7,5,62.5,1,12.5,12,8,66.67,30.77,2,7.69,38.46,36.84,46.43,38.46,0.143,0.25,0.571,0.821,0.4279999999999999,641743
SL,Slider,BR,22,24.18,5,4,0,0.0,1,20.0,11,2,18.18,9.09,3,13.64,22.73,25.0,14.29,0.0,0.25,0.4,0.5,0.9,0.25,641743
FF,4-Seam Fastball,FB,207,44.42,50,36,7,14.0,13,26.0,69,10,14.49,4.83,49,23.67,28.5,8.51,42.86,12.96,0.361,0.54,0.583,1.123,0.2219999999999999,641745
CH,Changeup,OS,107,22.96,18,16,2,11.11,2,11.11,44,12,27.27,11.21,10,9.35,20.56,25.0,23.02,6.9,0.125,0.222,0.125,0.347,0.0,641745
KC,Knuckle Curve,BR,94,20.17,28,24,4,14.29,3,10.71,46,11,23.91,11.7,11,11.7,23.4,25.45,23.81,13.33,0.25,0.321,0.333,0.654,0.083,641745
SI,Sinker,FB,32,6.87,8,5,1,12.5,3,37.5,10,1,10.0,3.12,3,9.38,12.5,0.0,1.59,50.0,0.2,0.5,0.2,0.7,0.0,641745
SL,Slider,BR,23,4.94,4,3,2,50.0,1,25.0,12,4,33.33,17.39,5,21.74,39.13,45.45,7.94,20.0,0.0,0.25,0.0,0.25,0.0,641745
ST,Sweeper,BR,2,0.43,1,0,0,0.0,1,100.0,0,0,,0.0,1,50.0,50.0,0.0,0.79,0.0,,1.0,,,,641745
,,,1,0.21,0,0,0,,0,,0,0,,0.0,0,0.0,0.0,,0.0,,,,,,,641745
SL,Slider,BR,67,60.36,17,12,6,35.29,2,11.76,33,12,36.36,17.91,5,7.46,25.37,23.08,85.19,26.09,0.083,0.25,0.083,0.333,0.0,641755
FF,4-Seam Fastball,FB,42,37.84,13,11,0,0.0,2,15.38,17,0,0.0,0.0,9,21.43,21.43,11.11,14.81,0.0,0.545,0.615,0.909,1.524,0.364,641755
CH,Changeup,OS,2,1.8,0,0,0,,0,,1,0,0.0,0.0,0,0.0,0.0,50.0,0.0,,,,,,,641755
FF,4-Seam Fastball,FB,149,37.16,30,19,2,6.67,9,30.0,52,7,13.46,4.7,22,14.77,19.46,8.54,31.9,5.41,0.368,0.586,0.526,1.112,0.158,641771
SL,Slider,BR,118,29.43,38,33,11,28.95,2,5.26,70,24,34.29,20.34,9,7.63,27.97,35.0,45.69,20.75,0.182,0.243,0.364,0.607,0.182,641771
KC,Knuckle Curve,BR,59,14.71,15,13,1,6.67,0,0.0,31,6,19.35,10.17,7,11.86,22.03,35.48,17.24,5.0,0.385,0.333,0.846,1.179,0.4609999999999999,641771
CH,Changeup,OS,31,7.73,4,4,0,0.0,0,0.0,8,1,12.5,3.23,4,12.9,16.13,5.26,1.72,0.0,0.5,0.5,0.75,1.25,0.25,641771
SI,Sinker,FB,30,7.48,3,3,0,0.0,0,0.0,8,1,12.5,3.33,5,16.67,20.0,0.0,0.0,,0.667,0.667,0.667,1.334,0.0,641771
FC,Cutter,FB,5,1.25,1,1,0,0.0,0,0.0,2,1,50.0,20.0,0,0.0,20.0,0.0,1.72,0.0,0.0,0.0,0.0,0.0,0.0,641771
ST,Sweeper,BR,5,1.25,1,1,0,0.0,0,0.0,3,1,33.33,20.0,1,20.0,40.0,50.0,1.72,0.0,1.0,1.0,1.0,2.0,0.0,641771
,,,4,1.0,2,0,0,0.0,2,100.0,0,0,,0.0,0,0.0,0.0,,0.0,,,1.0,,,,641771
FC,Cutter,FB,62,42.47,22,18,4,18.18,4,18.18,30,7,23.33,11.29,6,9.68,20.97,18.75,42.42,28.57,0.111,0.273,0.222,0.495,0.111,641778
FF,4-Seam Fastball,FB,61,41.78,10,9,3,30.0,1,10.0,23,5,21.74,8.2,15,24.59,32.79,19.35,36.36,25.0,0.111,0.2,0.444,0.644,0.333,641778
SL,Slider,BR,14,9.59,3,3,1,33.33,0,0.0,6,2,33.33,14.29,0,0.0,14.29,11.11,18.18,16.67,0.0,0.0,0.0,0.0,0.0,641778
CU,Curveball,BR,9,6.16,3,3,0,0.0,0,0.0,3,0,0.0,0.0,3,33.33,33.33,0.0,3.03,0.0,0.333,0.333,0.667,1.0,0.334,641778
FS,Split-Finger,OS,202,30.93,72,68,18,25.0,3,4.17,114,36,31.58,17.82,18,8.91,26.73,35.19,40.89,21.69,0.265,0.292,0.426,0.718,0.1609999999999999,641793
FF,4-Seam Fastball,FB,201,30.78,52,49,16,30.77,1,1.92,109,24,22.02,11.94,37,18.41,30.35,30.49,34.98,22.54,0.265,0.288,0.571,0.859,0.3059999999999999,641793
SL,Slider,BR,183,28.02,43,40,4,9.3,3,6.98,96,15,15.62,8.2,41,22.4,30.6,36.36,15.27,12.9,0.15,0.209,0.275,0.484,0.125,641793
SI,Sinker,FB,59,9.04,14,14,2,14.29,0,0.0,23,1,4.35,1.69,15,25.42,27.12,20.0,6.9,14.29,0.214,0.214,0.214,0.428,0.0,641793
,,,6,0.92,2,1,1,50.0,1,50.0,0,0,,0.0,0,0.0,0.0,,0.99,50.0,0.0,0.5,0.0,0.5,0.0,641793
ST,Sweeper,BR,2,0.31,0,0,0,,0,,1,0,0.0,0.0,0,0.0,0.0,0.0,0.99,0.0,,,,,,641793
FF,4-Seam Fastball,FB,85,52.47,21,20,5,23.81,1,4.76,51,11,21.57,12.94,10,11.76,24.71,53.19,45.76,18.52,0.1,0.143,0.15,0.293,0.0499999999999999,641816
FS,Split-Finger,OS,59,36.42,16,16,5,31.25,0,0.0,29,7,24.14,11.86,8,13.56,25.42,34.29,42.37,20.0,0.188,0.188,0.562,0.75,0.374,641816
FC,Cutter,FB,9,5.56,2,2,0,0.0,0,0.0,3,0,0.0,0.0,3,33.33,33.33,0.0,0.0,,0.0,0.0,0.0,0.0,0.0,641816
SL,Slider,BR,8,4.94,1,1,1,100.0,0,0.0,4,1,25.0,12.5,0,0.0,12.5,20.0,11.86,14.29,0.0,0.0,0.0,0.0,0.0,641816
,,,1,0.62,0,0,0,,0,,0,0,,0.0,0,0.0,0.0,,0.0,,,,,,,641816
SI,Sinker,FB,356,86.2,95,91,19,20.0,3,3.16,156,27,17.31,7.58,95,26.69,34.27,30.57,75.65,21.84,0.264,0.284,0.308,0.592,0.0439999999999999,641835
SL,Slider,BR,54,13.08,18,18,6,33.33,0,0.0,26,8,30.77,14.81,4,7.41,22.22,24.24,23.48,22.22,0.167,0.167,0.222,0.389,0.0549999999999999,641835
,,,3,0.73,2,1,1,50.0,1,50.0,0,0,,0.0,0,0.0,0.0,,0.87,100.0,0.0,0.5,0.0,0.5,0.0,641835
CH,Changeup,OS,176,52.69,55,53,12,21.82,2,3.64,114,38,33.33,21.59,29,16.48,38.07,50.72,48.7,21.43,0.208,0.236,0.34,0.5760000000000001,0.132,641871
FF,4-Seam Fastball,FB,94,28.14,20,19,9,45.0,1,5.0,45,15,33.33,15.96,12,12.77,28.72,28.0,28.7,27.27,0.158,0.2,0.316,0.516,0.158,641871
SL,Slider,BR,62,18.56,12,11,4,33.33,1,8.33,34,10,29.41,16.13,9,14.52,30.65,44.12,22.61,15.38,0.273,0.333,0.545,0.8780000000000001,0.272,641871
,,,2,0.6,0,0,0,,0,,0,0,,0.0,0,0.0,0.0,,0.0,,,,,,,641871
FF,4-Seam Fastball,FB,553,47.55,124,111,28,22.58,12,9.68,318,81,25.47,14.65,74,13.38,28.03,33.47,46.13,15.64,0.198,0.274,0.324,0.5980000000000001,0.126,641927
CH,Changeup,OS,381,32.76,113,110,22,19.47,3,2.65,198,52,26.26,13.65,59,15.49,29.13,35.18,31.44,17.21,0.245,0.265,0.355,0.62,0.1099999999999999,641927
CU,Curveball,BR,111,9.54,28,27,3,10.71,1,3.57,41,6,14.63,5.41,28,25.23,30.63,25.86,8.51,9.09,0.222,0.25,0.259,0.509,0.037,641927
ST,Sweeper,BR,105,9.03,25,22,10,40.0,0,0.0,46,11,23.91,10.48,12,11.43,21.9,30.3,12.37,20.83,0.227,0.32,0.318,0.638,0.091,641927
SL,Slider,BR,13,1.12,3,2,0,0.0,1,33.33,7,0,0.0,0.0,2,15.38,15.38,42.86,1.55,0.0,1.0,1.0,3.0,4.0,2.0,641927
FF,4-Seam Fastball,FB,288,58.06,76,68,22,28.95,7,9.21,157,42,26.75,14.58,42,14.58,29.17,27.5,55.13,25.58,0.25,0.316,0.426,0.742,0.176,641941
FS,Split-Finger,OS,120,24.19,17,16,7,41.18,1,5.88,53,22,41.51,18.33,10,8.33,26.67,28.0,23.08,16.67,0.188,0.235,0.25,0.485,0.062,641941
FC,Cutter,FB,63,12.7,20,18,3,15.0,1,5.0,38,9,23.68,14.29,2,3.17,17.46,29.03,18.59,10.34,0.056,0.1,0.111,0.211,0.055,641941
CU,Curveball,BR,15,3.02,5,5,1,20.0,0,0.0,7,2,28.57,13.33,1,6.67,20.0,30.0,3.21,20.0,0.2,0.2,0.2,0.4,0.0,641941
,,,10,2.02,2,0,0,0.0,2,100.0,0,0,,0.0,0,0.0,0.0,,0.0,,,1.0,,,,641941
SI,Sinker,FB,146,59.11,41,36,5,12.2,2,4.88,72,14,19.44,9.59,40,27.4,36.99,33.33,49.28,14.71,0.25,0.289,0.278,0.567,0.028,642048
SL,Slider,BR,52,21.05,15,15,5,33.33,0,0.0,25,10,40.0,19.23,8,15.38,34.62,40.62,30.43,23.81,0.2,0.2,0.2,0.4,0.0,642048
ST,Sweeper,BR,36,14.57,8,7,4,50.0,1,12.5,18,9,50.0,25.0,1,2.78,27.78,27.27,11.59,50.0,0.143,0.25,0.429,0.679,0.286,642048
CU,Curveball,BR,8,3.24,2,2,1,50.0,0,0.0,4,0,0.0,0.0,3,37.5,37.5,0.0,4.35,33.33,0.0,0.0,0.0,0.0,0.0,642048
FF,4-Seam Fastball,FB,5,2.02,3,2,1,33.33,1,33.33,2,1,50.0,20.0,0,0.0,20.0,0.0,4.35,33.33,0.0,0.333,0.0,0.333,0.0,642048
SI,Sinker,FB,222,58.73,68,65,12,17.65,1,1.47,131,24,18.32,10.81,38,17.12,27.93,50.49,44.88,21.05,0.262,0.294,0.369,0.663,0.1069999999999999,642100
SL,Slider,BR,95,25.13,22,22,13,59.09,0,0.0,43,26,60.47,27.37,10,10.53,37.89,38.81,32.28,31.71,0.136,0.136,0.136,0.272,0.0,642100
FF,4-Seam Fastball,FB,57,15.08,14,14,9,64.29,0,0.0,30,17,56.67,29.82,12,21.05,50.88,34.78,22.83,31.03,0.143,0.143,0.143,0.286,0.0,642100
,,,4,1.06,1,0,0,0.0,1,100.0,0,0,,0.0,0,0.0,0.0,,0.0,,,1.0,,,,642100
CH,Changeup,OS,24,55.81,5,3,1,20.0,2,40.0,9,5,55.56,20.83,1,4.17,25.0,33.33,53.85,14.29,0.0,0.4,0.0,0.4,0.0,642121
FF,4-Seam Fastball,FB,18,41.86,6,6,2,33.33,0,0.0,10,4,40.0,22.22,3,16.67,38.89,28.57,46.15,33.33,0.5,0.5,1.167,1.667,0.667,642121
SL,Slider,BR,1,2.33,0,0,0,,0,,0,0,,0.0,1,100.0,100.0,,0.0,,,,,,,642121
EP,Eephus,,7,77.78,0,0,0,,0,,2,1,50.0,14.29,1,14.29,28.57,0.0,60.0,0.0,,,,,,642133
FA,Other,,2,22.22,1,1,1,100.0,0,0.0,2,1,50.0,50.0,0,0.0,50.0,,40.0,50.0,0.0,0.0,0.0,0.0,0.0,642133
CH,Changeup,OS,261,57.74,75,63,15,20.0,12,16.0,121,36,29.75,13.79,32,12.26,26.05,33.13,63.87,19.74,0.095,0.24,0.127,0.367,0.032,642207
FF,4-Seam Fastball,FB,161,35.62,37,30,11,29.73,6,16.22,68,26,38.24,16.15,32,19.88,36.02,20.55,34.45,26.83,0.233,0.378,0.3,0.6779999999999999,0.0669999999999999,642207
FC,Cutter,FB,29,6.42,6,6,0,0.0,0,0.0,17,3,17.65,10.34,2,6.9,17.24,25.0,1.68,0.0,0.333,0.333,0.333,0.666,0.0,642207
,,,1,0.22,0,0,0,,0,,0,0,,0.0,0,0.0,0.0,,0.0,,,,,,,642207
CH,Changeup,OS,125,34.53,41,36,9,21.95,3,7.32,77,22,28.57,17.6,9,7.2,24.8,44.29,46.49,16.98,0.278,0.317,0.361,0.6779999999999999,0.0829999999999999,642216
FF,4-Seam Fastball,FB,91,25.14,17,16,6,35.29,1,5.88,37,5,13.51,5.49,23,25.27,30.77,11.11,27.19,19.35,0.312,0.353,0.812,1.165,0.5,642216
SI,Sinker,FB,82,22.65,20,19,1,5.0,1,5.0,30,3,10.0,3.66,26,31.71,35.37,22.22,8.77,10.0,0.526,0.55,0.789,1.339,0.263,642216
ST,Sweeper,BR,63,17.4,14,13,3,21.43,0,0.0,33,8,24.24,12.7,13,20.63,33.33,38.46,17.54,15.0,0.385,0.429,0.692,1.121,0.3069999999999999,642216
,,,1,0.28,0,0,0,,0,,0,0,,0.0,0,0.0,0.0,,0.0,,,,,,,642216
SI,Sinker,FB,69,62.73,18,15,3,16.67,2,11.11,26,4,15.38,5.8,16,23.19,28.99,17.14,50.0,20.0,0.133,0.222,0.267,0.489,0.134,642231
ST,Sweeper,BR,26,23.64,5,4,0,0.0,1,20.0,12,0,0.0,0.0,5,19.23,19.23,30.77,30.0,0.0,0.5,0.6,0.75,1.35,0.25,642231
CH,Changeup,OS,14,12.73,4,3,2,50.0,1,25.0,5,3,60.0,21.43,0,0.0,21.43,30.77,20.0,33.33,0.0,0.25,0.0,0.25,0.0,642231
,,,1,0.91,0,0,0,,0,,0,0,,0.0,0,0.0,0.0,,0.0,,,,,,,642231
ST,Sweeper,BR,182,44.39,54,50,15,27.78,4,7.41,109,41,37.61,22.53,11,6.04,28.57,43.4,59.71,18.07,0.2,0.259,0.46,0.7190000000000001,0.26,642232
FF,4-Seam Fastball,FB,180,43.9,41,39,4,9.76,2,4.88,82,9,10.98,5.0,48,26.67,31.67,25.45,33.09,8.7,0.385,0.415,0.487,0.902,0.1019999999999999,642232
FC,Cutter,FB,40,9.76,10,10,1,10.0,0,0.0,24,5,20.83,12.5,7,17.5,30.0,30.77,3.6,20.0,0.3,0.3,0.3,0.6,0.0,642232
CH,Changeup,OS,7,1.71,1,1,0,0.0,0,0.0,5,1,20.0,14.29,0,0.0,14.29,60.0,3.6,0.0,0.0,0.0,0.0,0.0,0.0,642232
,,,1,0.24,0,0,0,,0,,0,0,,0.0,0,0.0,0.0,,0.0,,,,,,,642232
ST,Sweeper,BR,93,53.76,24,24,5,20.83,0,0.0,49,14,28.57,15.05,14,15.05,30.11,31.82,49.09,18.52,0.25,0.25,0.292,0.542,0.0419999999999999,642239
FF,4-Seam Fastball,FB,60,34.68,15,11,4,26.67,4,26.67,25,9,36.0,15.0,10,16.67,31.67,11.11,38.18,19.05,0.182,0.4,0.182,0.5820000000000001,0.0,642239
FC,Cutter,FB,19,10.98,3,2,0,0.0,1,33.33,9,2,22.22,10.53,5,26.32,36.84,44.44,10.91,0.0,0.5,0.667,0.5,1.167,0.0,642239
,,,1,0.58,1,0,0,0.0,1,100.0,0,0,,0.0,0,0.0,0.0,,1.82,0.0,,1.0,,,,642239
SI,Sinker,FB,177,52.84,51,46,7,13.73,3,5.88,75,15,20.0,8.47,46,25.99,34.46,30.56,32.08,20.59,0.109,0.176,0.13,0.306,0.021,642397
SL,Slider,BR,123,36.72,32,30,12,37.5,2,6.25,62,29,46.77,23.58,22,17.89,41.46,41.54,49.06,23.08,0.133,0.188,0.333,0.521,0.2,642397
FF,4-Seam Fastball,FB,35,10.45,5,3,1,20.0,2,40.0,13,3,23.08,8.57,6,17.14,25.71,0.0,18.87,5.0,0.333,0.6,0.667,1.267,0.334,642397
SI,Sinker,FB,48,50.53,14,12,0,0.0,0,0.0,28,4,14.29,8.33,5,10.42,18.75,36.36,36.0,0.0,0.333,0.286,0.333,0.619,0.0,642528
CH,Changeup,OS,20,21.05,7,7,2,28.57,0,0.0,9,2,22.22,10.0,4,20.0,30.0,33.33,32.0,25.0,0.286,0.286,0.714,1.0,0.428,642528
FF,4-Seam Fastball,FB,13,13.68,2,2,0,0.0,0,0.0,5,0,0.0,0.0,0,0.0,0.0,20.0,20.0,0.0,0.0,0.0,0.0,0.0,0.0,642528
CU,Curveball,BR,9,9.47,0,0,0,,0,,5,3,60.0,33.33,1,11.11,44.44,50.0,8.0,0.0,,,,,,642528
,,,5,5.26,1,0,0,0.0,1,100.0,0,0,,0.0,0,0.0,0.0,,4.0,0.0,,1.0,,,,642528
SL,Slider,BR,231,38.5,57,49,14,24.56,8,14.04,95,28,29.47,12.12,47,20.35,32.47,15.79,34.25,22.58,0.204,0.316,0.327,0.643,0.123,642545
CH,Changeup,OS,179,29.83,43,42,10,23.26,1,2.33,79,27,34.18,15.08,12,6.7,21.79,28.93,34.81,15.87,0.238,0.256,0.262,0.518,0.024,642545
FF,4-Seam Fastball,FB,177,29.5,37,30,3,8.11,5,13.51,77,7,9.09,3.95,41,23.16,27.12,18.42,29.83,5.56,0.433,0.5,0.867,1.367,0.434,642545
,,,8,1.33,2,0,0,0.0,2,100.0,0,0,,0.0,0,0.0,0.0,,0.0,,,1.0,,,,642545
SI,Sinker,FB,5,0.83,4,4,0,0.0,0,0.0,4,0,0.0,0.0,0,0.0,0.0,0.0,1.1,0.0,0.5,0.5,0.75,1.25,0.25,642545
SI,Sinker,FB,98,45.79,27,24,5,18.52,2,7.41,42,7,16.67,7.14,22,22.45,29.59,19.51,36.21,23.81,0.25,0.308,0.375,0.683,0.125,642546
SL,Slider,BR,65,30.37,18,13,5,27.78,3,16.67,29,12,41.38,18.46,8,12.31,30.77,32.5,44.83,19.23,0.154,0.389,0.154,0.543,0.0,642546
CH,Changeup,OS,47,21.96,9,9,2,22.22,0,0.0,24,10,41.67,21.28,1,2.13,23.4,37.14,18.97,18.18,0.111,0.111,0.111,0.222,0.0,642546
,,,4,1.87,1,0,0,0.0,1,100.0,0,0,,0.0,0,0.0,0.0,,0.0,,,1.0,,,,642546
FF,4-Seam Fastball,FB,778,52.32,190,166,52,27.37,23,12.11,388,117,30.15,15.04,111,14.27,29.31,25.33,56.43,18.51,0.199,0.296,0.343,0.639,0.144,642547
CH,Changeup,OS,329,22.13,76,72,14,18.42,4,5.26,154,41,26.62,12.46,43,13.07,25.53,29.69,15.46,18.18,0.208,0.25,0.361,0.611,0.153,642547
CU,Curveball,BR,245,16.48,71,66,21,29.58,5,7.04,115,36,31.3,14.69,42,17.14,31.84,33.59,20.68,20.39,0.197,0.254,0.303,0.5569999999999999,0.1059999999999999,642547
ST,Sweeper,BR,92,6.19,19,16,7,36.84,2,10.53,39,17,43.59,18.48,14,15.22,33.7,26.92,6.22,22.58,0.375,0.474,0.938,1.412,0.563,642547
SL,Slider,BR,43,2.89,6,5,1,16.67,1,16.67,20,7,35.0,16.28,7,16.28,32.56,26.09,1.2,16.67,0.6,0.667,0.8,1.467,0.2,642547
CH,Changeup,OS,9,39.13,3,3,0,0.0,0,0.0,7,0,0.0,0.0,0,0.0,0.0,33.33,41.67,0.0,0.0,0.0,0.0,0.0,0.0,642578
SI,Sinker,FB,9,39.13,0,0,0,,0,,6,1,16.67,11.11,1,11.11,22.22,33.33,41.67,0.0,,,,,,642578
FF,4-Seam Fastball,FB,2,8.7,0,0,0,,0,,0,0,,0.0,0,0.0,0.0,0.0,0.0,,,,,,,642578
SL,Slider,BR,2,8.7,0,0,0,,0,,0,0,,0.0,1,50.0,50.0,0.0,8.33,0.0,,,,,,642578
,,,1,4.35,1,0,0,0.0,1,100.0,0,0,,0.0,0,0.0,0.0,,8.33,0.0,,1.0,,,,642578
SI,Sinker,FB,356,72.51,73,57,30,41.1,13,17.81,178,75,42.13,21.07,58,16.29,37.36,29.05,62.65,28.85,0.14,0.31,0.246,0.556,0.1059999999999999,642585
FS,Split-Finger,OS,135,27.49,36,35,24,66.67,1,2.78,71,40,56.34,29.63,9,6.67,36.3,36.36,37.35,38.71,0.086,0.111,0.086,0.197,0.0,642585
FF,4-Seam Fastball,FB,28,33.73,4,3,0,0.0,1,25.0,15,6,40.0,21.43,4,14.29,35.71,27.27,27.59,0.0,0.0,0.25,0.0,0.25,0.0,642701
CH,Changeup,OS,25,30.12,8,7,2,25.0,0,0.0,14,5,35.71,20.0,3,12.0,32.0,27.27,34.48,20.0,0.286,0.25,0.286,0.536,0.0,642701
SI,Sinker,FB,14,16.87,3,2,0,0.0,1,33.33,8,1,12.5,7.14,3,21.43,28.57,33.33,10.34,0.0,0.5,0.667,1.0,1.667,0.5,642701
SL,Slider,BR,9,10.84,1,1,1,100.0,0,0.0,3,0,0.0,0.0,1,11.11,11.11,28.57,20.69,16.67,0.0,0.0,0.0,0.0,0.0,642701
FC,Cutter,FB,7,8.43,2,1,0,0.0,0,0.0,4,0,0.0,0.0,1,14.29,14.29,50.0,6.9,0.0,0.0,0.5,0.0,0.5,0.0,642701
FF,4-Seam Fastball,FB,32,43.84,6,5,1,16.67,0,0.0,15,2,13.33,6.25,5,15.62,21.88,26.67,38.89,14.29,0.4,0.333,1.2,1.533,0.7999999999999999,642758
CH,Changeup,OS,29,39.73,10,10,1,10.0,0,0.0,15,2,13.33,6.9,3,10.34,17.24,33.33,44.44,12.5,0.4,0.4,0.6,1.0,0.1999999999999999,642758
SL,Slider,BR,7,9.59,3,3,0,0.0,0,0.0,5,1,20.0,14.29,0,0.0,14.29,66.67,16.67,0.0,0.333,0.333,1.0,1.333,0.667,642758
,,,5,6.85,1,0,0,0.0,1,100.0,0,0,,0.0,0,0.0,0.0,,0.0,,,1.0,,,,642758
FF,4-Seam Fastball,FB,63,40.13,24,20,8,33.33,4,16.67,31,10,32.26,15.87,9,14.29,30.16,23.33,60.61,40.0,0.15,0.292,0.2,0.492,0.05,642770
SI,Sinker,FB,36,22.93,9,7,1,11.11,2,22.22,12,1,8.33,2.78,9,25.0,27.78,10.53,12.12,25.0,0.286,0.444,0.857,1.301,0.571,642770
SL,Slider,BR,24,15.29,4,3,1,25.0,1,25.0,8,3,37.5,12.5,5,20.83,33.33,40.0,15.15,20.0,0.0,0.25,0.0,0.25,0.0,642770
ST,Sweeper,BR,21,13.38,3,3,0,0.0,0,0.0,5,1,20.0,4.76,7,33.33,38.1,14.29,12.12,0.0,0.667,0.667,1.667,2.334,1.0,642770
,,,13,8.28,3,0,0,0.0,3,100.0,0,0,,0.0,0,0.0,0.0,,0.0,,,1.0,,,,642770
FF,4-Seam Fastball,FB,108,63.53,27,21,6,22.22,6,22.22,57,13,22.81,12.04,17,15.74,27.78,31.48,71.88,13.04,0.333,0.481,0.667,1.148,0.334,643256
SL,Slider,BR,54,31.76,9,6,1,11.11,1,11.11,17,4,23.53,7.41,9,16.67,24.07,0.0,18.75,8.33,0.5,0.667,1.0,1.667,0.5,643256
SI,Sinker,FB,6,3.53,0,0,0,,0,,4,0,0.0,0.0,0,0.0,0.0,50.0,7.81,0.0,,,,,,643256
PO,Pitch Out,,1,0.59,1,0,0,0.0,0,0.0,0,0,,0.0,0,0.0,0.0,0.0,1.56,0.0,,,,,,643256
,,,1,0.59,0,0,0,,0,,0,0,,0.0,0,0.0,0.0,,0.0,,,,,,,643256
FF,4-Seam Fastball,FB,50,67.57,13,12,6,46.15,1,7.69,35,17,48.57,34.0,2,4.0,38.0,35.0,86.67,23.08,0.083,0.154,0.25,0.404,0.1669999999999999,643338
SL,Slider,BR,19,25.68,3,3,1,33.33,0,0.0,9,2,22.22,10.53,1,5.26,15.79,18.18,13.33,25.0,0.667,0.667,1.0,1.667,0.3329999999999999,643338
,,,4,5.41,1,0,0,0.0,1,100.0,0,0,,0.0,0,0.0,0.0,,0.0,,,1.0,,,,643338
CH,Changeup,OS,1,1.35,0,0,0,,0,,0,0,,0.0,1,100.0,100.0,,0.0,,,,,,,643338
FF,4-Seam Fastball,FB,87,47.54,19,17,0,0.0,2,10.53,40,1,2.5,1.15,18,20.69,21.84,23.68,49.15,0.0,0.235,0.316,0.471,0.7869999999999999,0.236,643361
CH,Changeup,OS,66,36.07,20,20,5,25.0,0,0.0,33,11,33.33,16.67,8,12.12,28.79,35.0,40.68,20.83,0.3,0.3,0.6,0.8999999999999999,0.3,643361
CU,Curveball,BR,13,7.1,2,2,0,0.0,0,0.0,4,0,0.0,0.0,4,30.77,30.77,16.67,1.69,0.0,0.5,0.5,0.5,1.0,0.0,643361
SL,Slider,BR,6,3.28,2,2,0,0.0,0,0.0,3,0,0.0,0.0,0,0.0,0.0,25.0,5.08,0.0,0.5,0.5,0.5,1.0,0.0,643361
ST,Sweeper,BR,4,2.19,1,0,0,0.0,0,0.0,2,1,50.0,25.0,0,0.0,25.0,50.0,3.39,0.0,,1.0,,,,643361
,,,4,2.19,1,0,0,0.0,1,100.0,0,0,,0.0,0,0.0,0.0,,0.0,,,1.0,,,,643361
FC,Cutter,FB,3,1.64,0,0,0,,0,,1,0,0.0,0.0,1,33.33,33.33,0.0,0.0,,,,,,,643361
ST,Sweeper,BR,246,53.02,67,61,23,34.33,5,7.46,127,36,28.35,14.63,49,19.92,34.55,41.23,64.63,24.21,0.18,0.254,0.311,0.565,0.131,643377
FF,4-Seam Fastball,FB,131,28.23,25,22,7,28.0,3,12.0,55,17,30.91,12.98,35,26.72,39.69,26.92,21.77,21.88,0.273,0.36,0.364,0.724,0.0909999999999999,643377
CH,Changeup,OS,62,13.36,20,18,5,25.0,2,10.0,32,12,37.5,19.35,8,12.9,32.26,36.36,11.56,29.41,0.333,0.4,0.5,0.9,0.1669999999999999,643377
FC,Cutter,FB,19,4.09,3,3,0,0.0,0,0.0,8,0,0.0,0.0,4,21.05,21.05,14.29,1.36,0.0,0.667,0.667,1.333,2.0,0.6659999999999999,643377
,,,4,0.86,1,0,0,0.0,1,100.0,0,0,,0.0,0,0.0,0.0,,0.0,,,1.0,,,,643377
CU,Curveball,BR,1,0.22,1,1,0,0.0,0,0.0,1,0,0.0,0.0,0,0.0,0.0,100.0,0.68,0.0,0.0,0.0,0.0,0.0,0.0,643377
SI,Sinker,FB,1,0.22,0,0,0,,0,,0,0,,0.0,1,100.0,100.0,,0.0,,,,,,,643377
FA,Other,,18,100.0,8,8,0,0.0,0,0.0,12,0,0.0,0.0,2,11.11,11.11,20.0,100.0,0.0,0.25,0.25,0.5,0.75,0.25,643396
FS,Split-Finger,OS,271,38.12,93,82,49,52.69,10,10.75,145,73,50.34,26.94,6,2.21,29.15,40.1,76.77,32.24,0.122,0.217,0.232,0.449,0.11,643410
FC,Cutter,FB,152,21.38,32,28,3,9.38,4,12.5,55,10,18.18,6.58,43,28.29,34.87,16.22,8.59,17.65,0.214,0.312,0.321,0.633,0.107,643410
SI,Sinker,FB,150,21.1,35,33,3,8.57,1,2.86,66,11,16.67,7.33,43,28.67,36.0,16.67,7.07,21.43,0.242,0.257,0.333,0.5900000000000001,0.091,643410
CU,Curveball,BR,71,9.99,7,7,0,0.0,0,0.0,24,11,45.83,15.49,10,14.08,29.58,23.4,0.0,,0.286,0.286,0.286,0.572,0.0,643410
FF,4-Seam Fastball,FB,66,9.28,15,12,3,20.0,3,20.0,25,6,24.0,9.09,16,24.24,33.33,24.24,7.58,20.0,0.333,0.467,0.667,1.134,0.334,643410
,,,1,0.14,0,0,0,,0,,0,0,,0.0,0,0.0,0.0,,0.0,,,,,,,643410
SL,Slider,BR,84,32.56,20,18,2,10.0,1,5.0,44,8,18.18,9.52,12,14.29,23.81,46.0,32.47,8.0,0.111,0.2,0.278,0.478,0.167,643493
FF,4-Seam Fastball,FB,70,27.13,12,11,2,16.67,1,8.33,21,3,14.29,4.29,12,17.14,21.43,16.67,31.17,8.33,0.636,0.667,1.0,1.667,0.364,643493
CU,Curveball,BR,52,20.16,16,15,4,25.0,1,6.25,26,3,11.54,5.77,12,23.08,28.85,26.09,27.27,19.05,0.067,0.125,0.267,0.392,0.2,643493
CH,Changeup,OS,45,17.44,13,13,2,15.38,0,0.0,25,5,20.0,11.11,6,13.33,24.44,33.33,9.09,28.57,0.308,0.308,0.385,0.6930000000000001,0.077,643493
,,,5,1.94,1,0,0,0.0,1,100.0,0,0,,0.0,0,0.0,0.0,,0.0,,,1.0,,,,643493
ST,Sweeper,BR,2,0.78,1,1,0,0.0,0,0.0,1,0,0.0,0.0,1,50.0,50.0,,0.0,,1.0,1.0,2.0,3.0,1.0,643493
SI,Sinker,FB,280,55.78,74,69,10,13.51,2,2.7,144,18,12.5,6.43,59,21.07,27.5,25.62,52.67,12.66,0.246,0.268,0.348,0.616,0.1019999999999999,643511
SL,Slider,BR,205,40.84,59,50,22,37.29,5,8.47,107,34,31.78,16.59,31,15.12,31.71,27.66,45.33,32.35,0.14,0.241,0.22,0.4609999999999999,0.0799999999999999,643511
,,,9,1.79,2,0,0,0.0,2,100.0,0,0,,0.0,0,0.0,0.0,,0.67,0.0,,1.0,,,,643511
FF,4-Seam Fastball,FB,8,1.59,1,1,0,0.0,0,0.0,5,1,20.0,12.5,2,25.0,37.5,66.67,1.33,0.0,0.0,0.0,0.0,0.0,0.0,643511
CH,Changeup,OS,499,35.02,140,129,23,16.43,8,5.71,274,78,28.47,15.63,41,8.22,23.85,39.0,35.77,16.2,0.279,0.321,0.403,0.724,0.124,645261
FF,4-Seam Fastball,FB,393,27.58,102,95,29,28.43,5,4.9,242,64,26.45,16.28,36,9.16,25.45,27.95,33.0,22.14,0.242,0.277,0.4,0.677,0.158,645261
SI,Sinker,FB,289,20.28,92,80,13,14.13,11,11.96,133,19,14.29,6.57,66,22.84,29.41,21.67,16.37,20.0,0.212,0.308,0.412,0.72,0.1999999999999999,645261
FC,Cutter,FB,189,13.26,43,37,12,27.91,6,13.95,73,24,32.88,12.7,48,25.4,38.1,25.0,11.84,25.53,0.216,0.326,0.378,0.704,0.162,645261
SL,Slider,BR,50,3.51,10,9,2,20.0,1,10.0,15,4,26.67,8.0,11,22.0,30.0,16.67,3.02,16.67,0.444,0.5,0.444,0.944,0.0,645261
,,,5,0.35,0,0,0,,0,,0,0,,0.0,0,0.0,0.0,,0.0,,,,,,,645261
FA,Other,,9,90.0,3,3,0,0.0,0,0.0,5,0,0.0,0.0,1,11.11,11.11,50.0,100.0,0.0,1.0,1.0,1.0,2.0,0.0,645444
EP,Eephus,,1,10.0,1,1,0,0.0,0,0.0,1,0,0.0,0.0,0,0.0,0.0,,0.0,,0.0,0.0,0.0,0.0,0.0,645444
FA,Other,,21,91.3,5,4,0,0.0,1,20.0,8,0,0.0,0.0,3,14.29,14.29,20.0,66.67,0.0,0.25,0.4,0.25,0.65,0.0,645801
SL,Slider,BR,2,8.7,0,0,0,,0,,0,0,,0.0,0,0.0,0.0,0.0,33.33,0.0,,,,,,645801
FF,4-Seam Fastball,FB,14,28.0,2,2,0,0.0,0,0.0,4,0,0.0,0.0,6,42.86,42.86,0.0,21.05,0.0,0.5,0.5,1.0,1.5,0.5,646241
SI,Sinker,FB,13,26.0,5,4,1,20.0,0,0.0,6,0,0.0,0.0,2,15.38,15.38,0.0,36.84,14.29,0.25,0.4,0.25,0.65,0.0,646241
SL,Slider,BR,12,24.0,5,5,1,20.0,0,0.0,6,1,16.67,8.33,1,8.33,16.67,20.0,21.05,25.0,0.4,0.4,0.6,1.0,0.1999999999999999,646241
CH,Changeup,OS,9,18.0,1,1,0,0.0,0,0.0,5,2,40.0,22.22,2,22.22,44.44,60.0,10.53,0.0,1.0,1.0,1.0,2.0,0.0,646241
FC,Cutter,FB,2,4.0,1,1,0,0.0,0,0.0,1,0,0.0,0.0,0,0.0,0.0,0.0,10.53,0.0,1.0,1.0,2.0,3.0,1.0,646241
ST,Sweeper,BR,20,50.0,7,5,1,14.29,1,14.29,10,4,40.0,20.0,2,10.0,30.0,30.77,80.0,25.0,0.2,0.286,0.2,0.486,0.0,646242
SI,Sinker,FB,15,37.5,5,4,0,0.0,1,20.0,4,0,0.0,0.0,4,26.67,26.67,0.0,20.0,0.0,0.5,0.6,0.5,1.1,0.0,646242
FF,4-Seam Fastball,FB,5,12.5,2,1,0,0.0,1,50.0,1,0,0.0,0.0,1,20.0,20.0,0.0,0.0,,0.0,0.5,0.0,0.5,0.0,646242
SI,Sinker,FB,43,58.9,15,13,3,20.0,2,13.33,19,6,31.58,13.95,6,13.95,27.91,25.93,50.0,37.5,0.385,0.467,0.923,1.39,0.538,647315
SL,Slider,BR,30,41.1,7,6,2,28.57,1,14.29,14,6,42.86,20.0,4,13.33,33.33,33.33,50.0,25.0,0.167,0.286,0.667,0.953,0.5,647315
FF,4-Seam Fastball,FB,109,35.62,33,32,5,15.15,1,3.03,59,9,15.25,8.26,18,16.51,24.77,28.57,34.94,17.24,0.281,0.303,0.656,0.959,0.375,647336
CH,Changeup,OS,86,28.1,20,18,4,20.0,2,10.0,37,12,32.43,13.95,8,9.3,23.26,17.31,38.55,12.5,0.167,0.25,0.556,0.806,0.389,647336
SL,Slider,BR,58,18.95,12,9,3,25.0,1,8.33,19,3,15.79,5.17,14,24.14,29.31,16.67,18.07,20.0,0.444,0.583,0.444,1.027,0.0,647336
SI,Sinker,FB,50,16.34,13,12,3,23.08,1,7.69,24,4,16.67,8.0,10,20.0,28.0,26.09,7.23,50.0,0.167,0.231,0.25,0.481,0.0829999999999999,647336
SV,Slurve,BR,3,0.98,1,1,1,100.0,0,0.0,1,1,100.0,33.33,1,33.33,66.67,50.0,1.2,100.0,0.0,0.0,0.0,0.0,0.0,647336
EP,Eephus,,12,92.31,4,2,0,0.0,1,25.0,5,0,0.0,0.0,0,0.0,0.0,30.0,50.0,0.0,0.5,0.5,0.5,1.0,0.0,650489
FA,Other,,1,7.69,0,0,0,,0,,0,0,,0.0,0,0.0,0.0,0.0,50.0,0.0,,,,,,650489
SI,Sinker,FB,47,48.96,11,11,2,18.18,0,0.0,24,3,12.5,6.38,10,21.28,27.66,34.78,31.43,18.18,0.455,0.455,0.727,1.182,0.2719999999999999,650496
SL,Slider,BR,44,45.83,11,9,4,36.36,1,9.09,22,10,45.45,22.73,7,15.91,38.64,50.0,54.29,21.05,0.111,0.273,0.111,0.384,0.0,650496
FF,4-Seam Fastball,FB,5,5.21,1,1,0,0.0,0,0.0,1,0,0.0,0.0,0,0.0,0.0,0.0,14.29,0.0,1.0,1.0,1.0,2.0,0.0,650496
SL,Slider,BR,393,62.28,100,82,37,37.0,13,13.0,178,68,38.2,17.3,72,18.32,35.62,29.13,70.66,31.36,0.183,0.303,0.293,0.596,0.1099999999999999,650556
FF,4-Seam Fastball,FB,235,37.24,45,37,13,28.89,7,15.56,88,33,37.5,14.04,38,16.17,30.21,12.9,28.14,27.66,0.189,0.318,0.324,0.642,0.135,650556
,,,2,0.32,0,0,0,,0,,0,0,,0.0,0,0.0,0.0,,1.2,0.0,,,,,,650556
CU,Curveball,BR,1,0.16,0,0,0,,0,,0,0,,0.0,0,0.0,0.0,0.0,0.0,,,,,,,650556
FF,4-Seam Fastball,FB,222,31.53,63,58,19,30.16,5,7.94,105,25,23.81,11.26,41,18.47,29.73,20.2,30.57,32.2,0.241,0.302,0.431,0.733,0.19,650633
CH,Changeup,OS,200,28.41,60,57,16,26.67,3,5.0,110,41,37.27,20.5,11,5.5,26.0,39.71,40.93,20.25,0.105,0.15,0.14,0.29,0.035,650633
SI,Sinker,FB,159,22.59,42,36,10,23.81,5,11.9,62,9,14.52,5.66,43,27.04,32.7,15.38,21.76,23.81,0.194,0.286,0.278,0.5640000000000001,0.084,650633
ST,Sweeper,BR,119,16.9,16,11,3,18.75,3,18.75,32,8,25.0,6.72,36,30.25,36.97,12.31,6.74,23.08,0.182,0.438,0.182,0.62,0.0,650633
,,,4,0.57,1,0,0,0.0,1,100.0,0,0,,0.0,0,0.0,0.0,,0.0,,,1.0,,,,650633
FC,Cutter,FB,481,45.38,117,106,25,21.37,9,7.69,221,44,19.91,9.15,115,23.91,33.06,28.79,33.24,20.83,0.217,0.284,0.358,0.6419999999999999,0.141,650644
CU,Curveball,BR,270,25.47,74,69,24,32.43,4,5.41,139,36,25.9,13.33,42,15.56,28.89,39.13,37.67,17.65,0.188,0.243,0.348,0.591,0.1599999999999999,650644
SI,Sinker,FB,134,12.64,30,27,10,33.33,3,10.0,61,11,18.03,8.21,27,20.15,28.36,19.3,12.47,22.22,0.259,0.333,0.407,0.74,0.1479999999999999,650644
FF,4-Seam Fastball,FB,126,11.89,22,22,5,22.73,0,0.0,48,8,16.67,6.35,28,22.22,28.57,21.54,11.63,11.9,0.318,0.318,0.455,0.773,0.137,650644
FS,Split-Finger,OS,34,3.21,8,8,1,12.5,0,0.0,11,2,18.18,5.88,1,2.94,8.82,12.0,2.77,10.0,0.5,0.5,0.625,1.125,0.125,650644
SL,Slider,BR,13,1.23,2,2,1,50.0,0,0.0,8,1,12.5,7.69,0,0.0,7.69,28.57,2.22,12.5,0.0,0.0,0.0,0.0,0.0,650644
PO,Pitch Out,,1,0.09,0,0,0,,0,,0,0,,0.0,0,0.0,0.0,0.0,0.0,,,,,,,650644
ST,Sweeper,BR,1,0.09,1,1,0,0.0,0,0.0,1,0,0.0,0.0,0,0.0,0.0,,0.0,,1.0,1.0,1.0,2.0,0.0,650644
FF,4-Seam Fastball,FB,47,90.38,10,8,3,30.0,0,0.0,29,8,27.59,17.02,7,14.89,31.91,50.0,82.61,15.79,0.125,0.3,0.25,0.55,0.125,650671
SL,Slider,BR,5,9.62,2,2,0,0.0,0,0.0,3,0,0.0,0.0,1,20.0,20.0,0.0,17.39,0.0,0.5,0.5,0.5,1.0,0.0,650671
FC,Cutter,FB,161,38.15,40,38,15,37.5,2,5.0,77,39,50.65,24.22,23,14.29,38.51,27.91,49.57,25.86,0.237,0.275,0.342,0.617,0.105,650893
FF,4-Seam Fastball,FB,127,30.09,43,38,16,37.21,5,11.63,63,13,20.63,10.24,28,22.05,32.28,29.63,41.03,33.33,0.184,0.279,0.421,0.7,0.237,650893
SI,Sinker,FB,94,22.27,25,22,0,0.0,0,0.0,45,5,11.11,5.32,15,15.96,21.28,36.0,5.98,0.0,0.136,0.208,0.318,0.526,0.182,650893
CU,Curveball,BR,36,8.53,3,3,0,0.0,0,0.0,17,7,41.18,19.44,6,16.67,36.11,20.0,2.56,0.0,0.333,0.333,0.333,0.666,0.0,650893
,,,4,0.95,0,0,0,,0,,0,0,,0.0,0,0.0,0.0,,0.85,0.0,,,,,,650893
SL,Slider,BR,17,32.08,3,3,0,0.0,0,0.0,12,1,8.33,5.88,0,0.0,5.88,20.0,35.71,0.0,0.0,0.0,0.0,0.0,0.0,650895
FF,4-Seam Fastball,FB,16,30.19,6,5,0,0.0,1,16.67,10,2,20.0,12.5,3,18.75,31.25,50.0,35.71,0.0,0.0,0.167,0.0,0.167,0.0,650895
CH,Changeup,OS,15,28.3,4,3,1,25.0,1,25.0,5,2,40.0,13.33,1,6.67,20.0,16.67,21.43,33.33,0.333,0.5,0.333,0.833,0.0,650895
SI,Sinker,FB,5,9.43,1,1,0,0.0,0,0.0,2,1,50.0,20.0,1,20.0,40.0,0.0,7.14,0.0,1.0,1.0,4.0,5.0,3.0,650895
EP,Eephus,,5,71.43,2,2,0,0.0,0,0.0,4,1,25.0,20.0,0,0.0,20.0,66.67,100.0,0.0,0.5,0.5,2.0,2.5,1.5,650907
FA,Other,,2,28.57,0,0,0,,0,,0,0,,0.0,1,50.0,50.0,0.0,0.0,,,,,,,650907
SI,Sinker,FB,210,72.16,51,46,9,17.65,5,9.8,88,17,19.32,8.1,60,28.57,36.67,21.52,53.75,20.93,0.174,0.255,0.261,0.516,0.087,650911
SL,Slider,BR,48,16.49,16,16,7,43.75,0,0.0,22,7,31.82,14.58,7,14.58,29.17,32.14,25.0,35.0,0.125,0.125,0.25,0.375,0.125,650911
CH,Changeup,OS,33,11.34,13,13,11,84.62,0,0.0,21,15,71.43,45.45,1,3.03,48.48,56.0,21.25,64.71,0.0,0.0,0.0,0.0,0.0,650911
FF,4-Seam Fastball,FB,101,36.46,24,17,3,12.5,6,25.0,54,12,22.22,11.88,12,11.88,23.76,18.6,41.18,7.14,0.176,0.375,0.529,0.904,0.353,650960
FC,Cutter,FB,85,30.69,14,11,3,21.43,2,14.29,42,13,30.95,15.29,10,11.76,27.06,27.91,14.71,20.0,0.0,0.214,0.0,0.214,0.0,650960
CH,Changeup,OS,38,13.72,9,9,1,11.11,0,0.0,19,2,10.53,5.26,2,5.26,10.53,26.09,20.59,4.76,0.222,0.222,0.222,0.444,0.0,650960
ST,Sweeper,BR,30,10.83,3,3,1,33.33,0,0.0,11,2,18.18,6.67,6,20.0,26.67,25.0,15.69,6.25,0.333,0.333,0.333,0.666,0.0,650960
SI,Sinker,FB,23,8.3,8,6,1,12.5,2,25.0,12,3,25.0,13.04,2,8.7,21.74,25.0,7.84,12.5,0.333,0.5,0.5,1.0,0.1669999999999999,650960
SI,Sinker,FB,210,43.21,51,39,15,29.41,12,23.53,78,22,28.21,10.48,51,24.29,34.76,10.34,45.38,25.42,0.333,0.49,0.513,1.003,0.18,656061
CH,Changeup,OS,126,25.93,34,31,1,2.94,3,8.82,56,14,25.0,11.11,12,9.52,20.63,23.46,24.62,3.12,0.29,0.353,0.613,0.966,0.323,656061
SL,Slider,BR,89,18.31,21,18,2,9.52,1,4.76,43,9,20.93,10.11,11,12.36,22.47,20.0,15.38,10.0,0.167,0.25,0.389,0.639,0.222,656061
FF,4-Seam Fastball,FB,51,10.49,10,10,2,20.0,0,0.0,21,3,14.29,5.88,9,17.65,23.53,4.55,12.31,12.5,0.4,0.4,1.0,1.4,0.6,656061
,,,10,2.06,4,2,2,50.0,2,50.0,0,0,,0.0,0,0.0,0.0,,2.31,66.67,0.0,0.5,0.0,0.5,0.0,656061
FF,4-Seam Fastball,FB,125,48.83,34,26,7,20.59,7,20.59,59,12,20.34,9.6,23,18.4,28.0,20.41,42.5,20.59,0.385,0.5,0.577,1.077,0.1919999999999999,656222
CH,Changeup,OS,75,29.3,20,18,10,50.0,2,10.0,33,15,45.45,20.0,7,9.33,29.33,31.37,43.75,28.57,0.111,0.2,0.111,0.311,0.0,656222
FC,Cutter,FB,51,19.92,8,8,3,37.5,0,0.0,18,11,61.11,21.57,10,19.61,41.18,20.69,11.25,33.33,0.25,0.25,0.25,0.5,0.0,656222
SL,Slider,BR,4,1.56,0,0,0,,0,,1,0,0.0,0.0,0,0.0,0.0,33.33,1.25,0.0,,,,,,656222
,,,1,0.39,0,0,0,,0,,0,0,,0.0,0,0.0,0.0,,1.25,0.0,,,,,,656222
FF,4-Seam Fastball,FB,260,41.01,72,59,12,16.67,13,18.06,110,17,15.45,6.54,56,21.54,28.08,20.75,36.77,21.05,0.288,0.417,0.492,0.909,0.204,656232
CH,Changeup,OS,221,34.86,61,58,8,13.11,3,4.92,120,37,30.83,16.74,15,6.79,23.53,37.41,36.13,14.29,0.328,0.361,0.5,0.861,0.172,656232
CU,Curveball,BR,119,18.77,17,17,4,23.53,0,0.0,32,8,25.0,6.72,12,10.08,16.81,14.12,23.23,11.11,0.176,0.176,0.176,0.352,0.0,656232
ST,Sweeper,BR,22,3.47,5,3,0,0.0,1,20.0,7,3,42.86,13.64,4,18.18,31.82,15.38,3.23,0.0,0.333,0.5,0.667,1.167,0.334,656232
SI,Sinker,FB,12,1.89,2,2,0,0.0,0,0.0,5,1,20.0,8.33,1,8.33,16.67,25.0,0.65,0.0,1.0,1.0,1.5,2.5,0.5,656232
SI,Sinker,FB,384,63.68,93,84,8,8.6,8,8.6,177,26,14.69,6.77,67,17.45,24.22,14.88,42.94,11.43,0.25,0.312,0.333,0.645,0.083,656234
CU,Curveball,BR,124,20.56,39,37,23,58.97,0,0.0,51,23,45.1,18.55,27,21.77,40.32,33.8,42.94,32.86,0.081,0.128,0.162,0.29,0.081,656234
FC,Cutter,FB,83,13.76,25,23,6,24.0,2,8.0,38,6,15.79,7.23,20,24.1,31.33,23.68,12.27,30.0,0.348,0.4,0.696,1.096,0.348,656234
SL,Slider,BR,8,1.33,3,2,0,0.0,1,33.33,2,0,0.0,0.0,2,25.0,25.0,0.0,1.23,0.0,0.0,0.333,0.0,0.333,0.0,656234
CH,Changeup,OS,2,0.33,1,1,0,0.0,0,0.0,1,0,0.0,0.0,0,0.0,0.0,0.0,0.0,,1.0,1.0,1.0,2.0,0.0,656234
FF,4-Seam Fastball,FB,2,0.33,0,0,0,,0,,0,0,,0.0,0,0.0,0.0,0.0,0.61,0.0,,,,,,656234
FF,4-Seam Fastball,FB,136,42.63,27,21,7,25.93,6,22.22,60,12,20.0,8.82,17,12.5,21.32,17.57,50.0,11.86,0.143,0.333,0.429,0.762,0.286,656257
ST,Sweeper,BR,110,34.48,29,28,10,34.48,1,3.45,52,11,21.15,10.0,23,20.91,30.91,28.26,41.53,20.41,0.179,0.207,0.429,0.636,0.25,656257
FC,Cutter,FB,73,22.88,12,8,2,16.67,2,16.67,34,13,38.24,17.81,9,12.33,30.14,28.95,8.47,20.0,0.125,0.417,0.5,0.917,0.375,656257
SL,Slider,BR,19,43.18,5,4,1,20.0,0,0.0,12,2,16.67,10.53,0,0.0,10.53,46.15,69.23,11.11,0.5,0.6,0.5,1.1,0.0,656266
SI,Sinker,FB,16,36.36,7,7,1,14.29,0,0.0,10,1,10.0,6.25,3,18.75,25.0,50.0,15.38,50.0,0.143,0.143,0.286,0.4289999999999999,0.143,656266
CH,Changeup,OS,8,18.18,2,1,0,0.0,1,50.0,3,2,66.67,25.0,0,0.0,25.0,16.67,15.38,0.0,0.0,0.5,0.0,0.5,0.0,656266
,,,1,2.27,1,0,0,0.0,1,100.0,0,0,,0.0,0,0.0,0.0,,0.0,,,1.0,,,,656266
FF,4-Seam Fastball,FB,151,54.12,37,37,12,32.43,0,0.0,71,19,26.76,12.58,30,19.87,32.45,18.57,47.3,34.29,0.297,0.297,0.459,0.756,0.162,656271
SL,Slider,BR,100,35.84,37,36,10,27.03,0,0.0,62,17,27.42,17.0,15,15.0,32.0,37.5,50.0,27.03,0.278,0.27,0.389,0.659,0.1109999999999999,656271
SI,Sinker,FB,17,6.09,6,6,1,16.67,0,0.0,6,1,16.67,5.88,5,29.41,35.29,14.29,2.7,50.0,0.333,0.333,0.333,0.666,0.0,656271
,,,10,3.58,3,0,0,0.0,3,100.0,0,0,,0.0,0,0.0,0.0,,0.0,,,1.0,,,,656271
CH,Changeup,OS,1,0.36,0,0,0,,0,,0,0,,0.0,0,0.0,0.0,0.0,0.0,,,,,,,656271
FF,4-Seam Fastball,FB,338,32.94,75,69,18,24.0,5,6.67,142,34,23.94,10.06,58,17.16,27.22,23.12,29.77,20.22,0.232,0.284,0.435,0.719,0.2029999999999999,656288
CH,Changeup,OS,262,25.54,83,76,13,15.66,7,8.43,144,31,21.53,11.83,30,11.45,23.28,35.16,31.77,13.68,0.224,0.289,0.329,0.618,0.105,656288
SL,Slider,BR,229,22.32,64,56,19,29.69,5,7.81,127,52,40.94,22.71,24,10.48,33.19,34.17,27.09,23.46,0.214,0.312,0.286,0.598,0.0719999999999999,656288
KC,Knuckle Curve,BR,143,13.94,25,23,6,24.0,2,8.0,47,14,29.79,9.79,44,30.77,40.56,17.54,7.02,28.57,0.13,0.2,0.304,0.504,0.174,656288
,,,49,4.78,12,11,5,41.67,1,8.33,19,10,52.63,20.41,10,20.41,40.82,,4.01,41.67,0.273,0.333,0.273,0.6060000000000001,0.0,656288
SI,Sinker,FB,5,0.49,0,0,0,,0,,4,1,25.0,20.0,0,0.0,20.0,50.0,0.33,0.0,,,,,,656288
FF,4-Seam Fastball,FB,74,61.16,13,12,6,46.15,0,0.0,42,15,35.71,20.27,14,18.92,39.19,39.39,55.81,25.0,0.083,0.083,0.083,0.166,0.0,656290
CH,Changeup,OS,28,23.14,8,6,1,12.5,1,12.5,11,1,9.09,3.57,2,7.14,10.71,25.0,16.28,14.29,0.333,0.429,0.5,0.929,0.1669999999999999,656290
SL,Slider,BR,12,9.92,4,3,0,0.0,1,25.0,6,0,0.0,0.0,0,0.0,0.0,33.33,23.26,0.0,0.0,0.25,0.0,0.25,0.0,656290
SI,Sinker,FB,7,5.79,3,2,0,0.0,0,0.0,4,0,0.0,0.0,1,14.29,14.29,0.0,4.65,0.0,0.5,0.333,1.0,1.333,0.5,656290
FF,4-Seam Fastball,FB,730,46.0,178,159,25,14.04,14,7.87,361,53,14.68,7.26,123,16.85,24.11,24.7,39.36,13.51,0.314,0.379,0.459,0.8380000000000001,0.145,656302
SL,Slider,BR,470,29.62,142,130,52,36.62,9,6.34,251,108,43.03,22.98,46,9.79,32.77,38.6,40.21,27.51,0.2,0.268,0.431,0.6990000000000001,0.2309999999999999,656302
KC,Knuckle Curve,BR,284,17.9,66,60,11,16.67,4,6.06,109,27,24.77,9.51,49,17.25,26.76,22.42,15.11,15.49,0.317,0.369,0.583,0.952,0.2659999999999999,656302
CH,Changeup,OS,97,6.11,9,9,3,33.33,0,0.0,26,14,53.85,14.43,24,24.74,39.18,13.79,5.32,12.0,0.111,0.111,0.111,0.222,0.0,656302
,,,6,0.38,3,0,0,0.0,3,100.0,0,0,,0.0,0,0.0,0.0,,0.0,,,1.0,,,,656302
FC,Cutter,FB,41,61.19,7,6,0,0.0,1,14.29,20,2,10.0,4.88,7,17.07,21.95,17.65,50.0,0.0,0.0,0.143,0.0,0.143,0.0,656322
CH,Changeup,OS,10,14.93,3,3,2,66.67,0,0.0,3,1,33.33,10.0,1,10.0,20.0,25.0,30.0,33.33,0.333,0.333,0.333,0.666,0.0,656322
FF,4-Seam Fastball,FB,8,11.94,2,1,0,0.0,1,50.0,3,1,33.33,12.5,0,0.0,12.5,16.67,20.0,0.0,0.0,0.5,0.0,0.5,0.0,656322
SI,Sinker,FB,6,8.96,3,2,0,0.0,1,33.33,2,0,0.0,0.0,3,50.0,50.0,0.0,0.0,,0.5,0.667,0.5,1.167,0.0,656322
ST,Sweeper,BR,2,2.99,0,0,0,,0,,0,0,,0.0,0,0.0,0.0,0.0,0.0,,,,,,,656322
SL,Slider,BR,120,43.64,31,25,4,12.9,5,16.13,54,11,20.37,9.17,15,12.5,21.67,23.81,41.94,15.38,0.2,0.323,0.32,0.643,0.12,656353
FF,4-Seam Fastball,FB,97,35.27,23,19,3,13.04,4,17.39,30,3,10.0,3.09,25,25.77,28.87,15.38,22.58,21.43,0.474,0.565,1.0,1.565,0.526,656353
ST,Sweeper,BR,39,14.18,13,12,6,46.15,0,0.0,18,7,38.89,17.95,4,10.26,28.21,24.0,33.87,28.57,0.25,0.308,0.417,0.725,0.1669999999999999,656353
SI,Sinker,FB,17,6.18,3,2,0,0.0,1,33.33,6,0,0.0,0.0,3,17.65,17.65,20.0,1.61,0.0,0.5,0.667,1.0,1.667,0.5,656353
FS,Split-Finger,OS,2,0.73,1,1,0,0.0,0,0.0,1,0,0.0,0.0,0,0.0,0.0,0.0,0.0,,0.0,0.0,0.0,0.0,0.0,656353
FF,4-Seam Fastball,FB,78,48.15,18,12,2,11.11,6,33.33,24,5,20.83,6.41,16,20.51,26.92,10.0,24.39,20.0,0.333,0.556,1.25,1.806,0.917,656382
FC,Cutter,FB,74,45.68,19,17,7,36.84,2,10.53,48,19,39.58,25.68,6,8.11,33.78,55.81,63.41,26.92,0.353,0.421,0.588,1.009,0.235,656382
SL,Slider,BR,9,5.56,6,6,3,50.0,0,0.0,7,4,57.14,44.44,0,0.0,44.44,66.67,12.2,60.0,0.0,0.0,0.0,0.0,0.0,656382
,,,1,0.62,0,0,0,,0,,0,0,,0.0,0,0.0,0.0,,0.0,,,,,,,656382
FF,4-Seam Fastball,FB,257,50.99,56,51,7,12.5,5,8.93,130,10,7.69,3.89,54,21.01,24.9,21.21,45.88,8.97,0.157,0.232,0.412,0.644,0.255,656412
SL,Slider,BR,143,28.37,36,33,12,33.33,3,8.33,58,26,44.83,18.18,28,19.58,37.76,32.53,33.53,21.05,0.061,0.139,0.121,0.26,0.06,656412
CH,Changeup,OS,104,20.63,30,28,6,20.0,1,3.33,49,8,16.33,7.69,6,5.77,13.46,21.31,20.59,17.14,0.179,0.2,0.357,0.5569999999999999,0.178,656412
FF,4-Seam Fastball,FB,550,39.31,140,120,32,22.86,19,13.57,203,35,17.24,6.36,122,22.18,28.55,13.04,44.15,19.28,0.292,0.386,0.417,0.8029999999999999,0.125,656427
KC,Knuckle Curve,BR,317,22.66,72,63,15,20.83,7,9.72,130,46,35.38,14.51,56,17.67,32.18,32.52,26.86,14.85,0.222,0.306,0.381,0.687,0.159,656427
SL,Slider,BR,275,19.66,82,71,13,15.85,8,9.76,151,32,21.19,11.64,37,13.45,25.09,33.33,23.94,14.44,0.338,0.415,0.606,1.021,0.2679999999999999,656427
FC,Cutter,FB,155,11.08,33,27,4,12.12,3,9.09,67,17,25.37,10.97,29,18.71,29.68,28.24,3.99,26.67,0.407,0.5,0.778,1.278,0.371,656427
CH,Changeup,OS,70,5.0,10,10,0,0.0,0,0.0,18,1,5.56,1.43,7,10.0,11.43,13.21,1.06,0.0,0.2,0.2,0.2,0.4,0.0,656427
SI,Sinker,FB,28,2.0,5,4,0,0.0,0,0.0,6,0,0.0,0.0,5,17.86,17.86,0.0,0.0,,0.5,0.4,0.5,0.9,0.0,656427
,,,3,0.21,2,0,0,0.0,2,100.0,0,0,,0.0,0,0.0,0.0,,0.0,,,1.0,,,,656427
CS,Slow Curve,BR,1,0.07,0,0,0,,0,,0,0,,0.0,0,0.0,0.0,0.0,0.0,,,,,,,656427
FC,Cutter,FB,44,45.36,13,13,5,38.46,0,0.0,23,6,26.09,13.64,7,15.91,29.55,38.1,34.78,62.5,0.385,0.385,0.615,1.0,0.2299999999999999,656457
FF,4-Seam Fastball,FB,30,30.93,9,7,1,11.11,2,22.22,15,2,13.33,6.67,4,13.33,20.0,31.25,21.74,20.0,0.429,0.556,1.0,1.556,0.571,656457
KC,Knuckle Curve,BR,16,16.49,2,2,0,0.0,0,0.0,7,2,28.57,12.5,0,0.0,12.5,30.77,39.13,0.0,0.5,0.5,1.0,1.5,0.5,656457
SI,Sinker,FB,7,7.22,5,5,1,20.0,0,0.0,4,0,0.0,0.0,3,42.86,42.86,,4.35,100.0,0.6,0.6,0.8,1.4,0.2,656457
FF,4-Seam Fastball,FB,238,54.46,54,45,11,20.37,7,12.96,117,29,24.79,12.18,38,15.97,28.15,23.58,52.45,14.67,0.222,0.333,0.356,0.6890000000000001,0.1339999999999999,656464
SL,Slider,BR,165,37.76,43,41,18,41.86,2,4.65,81,37,45.68,22.42,14,8.48,30.91,38.39,47.55,25.0,0.146,0.186,0.244,0.43,0.098,656464
SI,Sinker,FB,30,6.86,6,5,0,0.0,1,16.67,10,0,0.0,0.0,8,26.67,26.67,18.75,0.0,,0.0,0.167,0.0,0.167,0.0,656464
,,,4,0.92,1,0,0,0.0,1,100.0,0,0,,0.0,0,0.0,0.0,,0.0,,,1.0,,,,656464
SI,Sinker,FB,147,50.17,45,40,5,11.11,4,8.89,72,12,16.67,8.16,23,15.65,23.81,28.17,31.75,25.0,0.275,0.333,0.425,0.758,0.1499999999999999,656529
SL,Slider,BR,110,37.54,26,26,10,38.46,0,0.0,51,19,37.25,17.27,18,16.36,33.64,30.51,42.86,37.04,0.269,0.269,0.308,0.577,0.0389999999999999,656529
CU,Curveball,BR,24,8.19,6,5,3,50.0,1,16.67,9,3,33.33,12.5,5,20.83,33.33,26.67,20.63,23.08,0.2,0.333,0.2,0.533,0.0,656529
FF,4-Seam Fastball,FB,9,3.07,4,4,1,25.0,0,0.0,5,0,0.0,0.0,3,33.33,33.33,33.33,4.76,33.33,0.5,0.5,1.0,1.5,0.5,656529
,,,3,1.02,0,0,0,,0,,0,0,,0.0,0,0.0,0.0,,0.0,,,,,,,656529
SL,Slider,BR,122,34.96,20,17,7,35.0,2,10.0,60,23,38.33,18.85,21,17.21,36.07,42.42,24.59,23.33,0.176,0.3,0.235,0.5349999999999999,0.059,656546
FS,Split-Finger,OS,119,34.1,36,34,13,36.11,2,5.56,67,25,37.31,21.01,8,6.72,27.73,37.14,48.36,22.03,0.206,0.25,0.294,0.544,0.088,656546
FF,4-Seam Fastball,FB,102,29.23,22,16,6,27.27,4,18.18,47,13,27.66,12.75,15,14.71,27.45,16.33,27.05,18.18,0.25,0.4,0.375,0.775,0.125,656546
,,,5,1.43,1,0,0,0.0,1,100.0,0,0,,0.0,0,0.0,0.0,,0.0,,,1.0,,,,656546
SI,Sinker,FB,1,0.29,1,1,0,0.0,0,0.0,1,0,0.0,0.0,0,0.0,0.0,,0.0,,1.0,1.0,1.0,2.0,0.0,656546
SL,Slider,BR,303,32.37,71,58,25,35.21,9,12.68,136,55,40.44,18.15,53,17.49,35.64,30.06,39.0,24.75,0.138,0.257,0.259,0.516,0.121,656557
FC,Cutter,FB,173,18.48,53,47,10,18.87,5,9.43,94,19,20.21,10.98,22,12.72,23.7,23.08,14.29,27.03,0.213,0.283,0.34,0.623,0.127,656557
FS,Split-Finger,OS,167,17.84,36,35,11,30.56,0,0.0,80,30,37.5,17.96,9,5.39,23.35,36.13,22.01,19.3,0.314,0.333,0.486,0.819,0.172,656557
SI,Sinker,FB,141,15.06,35,30,1,2.86,5,14.29,68,12,17.65,8.51,29,20.57,29.08,20.69,10.04,3.85,0.467,0.543,1.033,1.576,0.5659999999999998,656557
FF,4-Seam Fastball,FB,138,14.74,41,33,2,4.88,6,14.63,52,4,7.69,2.9,22,15.94,18.84,11.76,13.51,5.71,0.364,0.488,0.636,1.124,0.272,656557
ST,Sweeper,BR,12,1.28,4,4,2,50.0,0,0.0,5,2,40.0,16.67,5,41.67,58.33,66.67,1.16,66.67,0.25,0.25,1.0,1.25,0.75,656557
PO,Pitch Out,,1,0.11,0,0,0,,0,,0,0,,0.0,0,0.0,0.0,0.0,0.0,,,,,,,656557
,,,1,0.11,0,0,0,,0,,0,0,,0.0,0,0.0,0.0,,0.0,,,,,,,656557
FF,4-Seam Fastball,FB,191,44.01,48,37,8,16.67,8,16.67,86,20,23.26,10.47,33,17.28,27.75,23.86,44.44,15.38,0.243,0.375,0.405,0.78,0.162,656578
CH,Changeup,OS,156,35.94,49,47,9,18.37,2,4.08,83,20,24.1,12.82,22,14.1,26.92,26.09,34.19,22.5,0.234,0.265,0.426,0.6910000000000001,0.1919999999999999,656578
SL,Slider,BR,49,11.29,9,9,0,0.0,0,0.0,24,3,12.5,6.12,7,14.29,20.41,20.0,7.69,0.0,0.111,0.111,0.111,0.222,0.0,656578
CU,Curveball,BR,38,8.76,12,10,5,41.67,2,16.67,17,6,35.29,15.79,5,13.16,28.95,30.77,13.68,31.25,0.1,0.25,0.1,0.35,0.0,656578
FF,4-Seam Fastball,FB,583,34.68,144,124,53,36.81,18,12.5,296,80,27.03,13.72,99,16.98,30.7,23.48,44.19,22.84,0.161,0.264,0.306,0.5700000000000001,0.145,656605
FC,Cutter,FB,471,28.02,115,106,11,9.57,7,6.09,255,61,23.92,12.95,68,14.44,27.39,31.63,9.33,22.45,0.34,0.391,0.613,1.004,0.2729999999999999,656605
CU,Curveball,BR,225,13.38,44,42,11,25.0,1,2.27,92,23,25.0,10.22,39,17.33,27.56,25.74,10.86,19.3,0.286,0.295,0.643,0.938,0.357,656605
ST,Sweeper,BR,198,11.78,60,51,16,26.67,8,13.33,97,22,22.68,11.11,37,18.69,29.8,27.47,19.81,15.38,0.196,0.317,0.314,0.631,0.118,656605
SI,Sinker,FB,110,6.54,40,38,22,55.0,2,5.0,40,10,25.0,9.09,28,25.45,34.55,10.64,12.38,33.85,0.263,0.3,0.368,0.6679999999999999,0.1049999999999999,656605
CH,Changeup,OS,84,5.0,25,25,2,8.0,0,0.0,37,7,18.92,8.33,16,19.05,27.38,21.95,3.24,11.76,0.36,0.36,0.6,0.96,0.24,656605
SL,Slider,BR,9,0.54,2,1,0,0.0,1,50.0,4,0,0.0,0.0,1,11.11,11.11,20.0,0.19,0.0,1.0,1.0,1.0,2.0,0.0,656605
,,,1,0.06,0,0,0,,0,,0,0,,0.0,0,0.0,0.0,,0.0,,,,,,,656605
FF,4-Seam Fastball,FB,770,62.75,188,137,43,22.87,45,23.94,327,94,28.75,12.21,134,17.4,29.61,26.37,59.43,22.22,0.234,0.426,0.46,0.886,0.226,656629
SL,Slider,BR,245,19.97,63,59,20,31.75,4,6.35,112,37,33.04,15.1,27,11.02,26.12,28.17,23.9,26.32,0.271,0.317,0.458,0.775,0.187,656629
CH,Changeup,OS,154,12.55,27,26,7,25.93,1,3.7,45,16,35.56,10.39,12,7.79,18.18,19.01,13.52,16.28,0.154,0.185,0.346,0.5309999999999999,0.1919999999999999,656629
CU,Curveball,BR,55,4.48,13,12,3,23.08,0,0.0,21,4,19.05,7.27,7,12.73,20.0,18.18,3.14,30.0,0.167,0.231,0.417,0.648,0.2499999999999999,656629
,,,2,0.16,0,0,0,,0,,0,0,,0.0,0,0.0,0.0,,0.0,,,,,,,656629
FC,Cutter,FB,1,0.08,0,0,0,,0,,1,1,100.0,100.0,0,0.0,100.0,,0.0,,,,,,,656629
SL,Slider,BR,338,57.78,89,74,29,32.58,14,15.73,152,71,46.71,21.01,55,16.27,37.28,34.12,62.34,30.21,0.216,0.337,0.351,0.688,0.1349999999999999,656638
CH,Changeup,OS,111,18.97,21,18,8,38.1,2,9.52,47,21,44.68,18.92,2,1.8,20.72,31.11,21.43,24.24,0.111,0.2,0.111,0.311,0.0,656638
SI,Sinker,FB,91,15.56,23,19,3,13.04,3,13.04,28,3,10.71,3.3,21,23.08,26.37,14.29,9.74,20.0,0.263,0.348,0.421,0.7689999999999999,0.1579999999999999,656638
FF,4-Seam Fastball,FB,40,6.84,7,4,1,14.29,2,28.57,14,1,7.14,2.5,12,30.0,32.5,18.75,6.49,10.0,0.25,0.571,1.0,1.571,0.75,656638
,,,5,0.85,1,0,0,0.0,1,100.0,0,0,,0.0,0,0.0,0.0,,0.0,,,1.0,,,,656638
FF,4-Seam Fastball,FB,13,56.52,2,2,0,0.0,0,0.0,8,1,12.5,7.69,1,7.69,15.38,50.0,28.57,0.0,0.0,0.0,0.0,0.0,0.0,656641
SL,Slider,BR,10,43.48,3,3,2,66.67,0,0.0,2,0,0.0,0.0,3,30.0,30.0,0.0,71.43,40.0,0.0,0.0,0.0,0.0,0.0,656641
CU,Curveball,BR,26,46.43,11,11,4,36.36,0,0.0,23,9,39.13,34.62,2,7.69,42.31,88.89,47.06,50.0,0.273,0.273,0.364,0.637,0.0909999999999999,656657
SI,Sinker,FB,19,33.93,6,6,2,33.33,0,0.0,12,4,33.33,21.05,2,10.53,31.58,50.0,23.53,50.0,0.167,0.167,0.167,0.334,0.0,656657
FF,4-Seam Fastball,FB,11,19.64,1,1,1,100.0,0,0.0,7,2,28.57,18.18,1,9.09,27.27,0.0,29.41,20.0,0.0,0.0,0.0,0.0,0.0,656657
EP,Eephus,,2,66.67,2,2,0,0.0,0,0.0,2,0,0.0,0.0,0,0.0,0.0,100.0,,,0.0,0.0,0.0,0.0,0.0,656669
FA,Other,,1,33.33,0,0,0,,0,,0,0,,0.0,1,100.0,100.0,,,,,,,,,656669
FA,Other,,9,100.0,2,2,0,0.0,0,0.0,3,0,0.0,0.0,3,33.33,33.33,40.0,100.0,0.0,0.5,0.5,2.0,2.5,1.5,656716
FF,4-Seam Fastball,FB,215,71.67,58,52,15,25.86,6,10.34,102,27,26.47,12.56,43,20.0,32.56,21.59,66.34,22.39,0.308,0.379,0.365,0.744,0.0569999999999999,656730
KC,Knuckle Curve,BR,83,27.67,14,13,8,57.14,1,7.14,27,13,48.15,15.66,17,20.48,36.14,28.85,33.66,23.53,0.154,0.214,0.154,0.368,0.0,656730
,,,2,0.67,0,0,0,,0,,0,0,,0.0,0,0.0,0.0,,0.0,,,,,,,656730
FF,4-Seam Fastball,FB,686,59.55,161,135,25,15.53,22,13.66,317,65,20.5,9.48,104,15.16,24.64,18.52,50.0,15.15,0.296,0.396,0.452,0.8480000000000001,0.156,656731
CH,Changeup,OS,185,16.06,52,48,7,13.46,4,7.69,85,20,23.53,10.81,29,15.68,26.49,31.0,13.64,15.56,0.354,0.404,0.542,0.946,0.188,656731
SL,Slider,BR,134,11.63,42,39,15,35.71,3,7.14,72,25,34.72,18.66,8,5.97,24.63,38.82,20.3,22.39,0.256,0.31,0.385,0.6950000000000001,0.129,656731
CU,Curveball,BR,133,11.55,28,25,13,46.43,2,7.14,41,20,48.78,15.04,24,18.05,33.08,24.44,14.24,27.66,0.16,0.25,0.16,0.41,0.0,656731
FS,Split-Finger,OS,6,0.52,3,3,0,0.0,0,0.0,4,1,25.0,16.67,0,0.0,16.67,0.0,0.61,0.0,0.333,0.333,1.333,1.666,1.0,656731
SI,Sinker,FB,6,0.52,1,1,1,100.0,0,0.0,2,1,50.0,16.67,1,16.67,33.33,0.0,0.91,33.33,0.0,0.0,0.0,0.0,0.0,656731
,,,2,0.17,0,0,0,,0,,0,0,,0.0,0,0.0,0.0,,0.3,0.0,,,,,,656731
SI,Sinker,FB,201,54.18,72,69,10,13.89,1,1.39,115,9,7.83,4.48,40,19.9,24.38,34.33,46.3,20.0,0.29,0.306,0.348,0.6539999999999999,0.0579999999999999,656756
CU,Curveball,BR,107,28.84,23,22,8,34.78,0,0.0,38,16,42.11,14.95,21,19.63,34.58,20.97,37.96,19.51,0.273,0.261,0.409,0.6699999999999999,0.1359999999999999,656756
FF,4-Seam Fastball,FB,43,11.59,5,4,1,20.0,1,20.0,18,4,22.22,9.3,5,11.63,20.93,16.67,9.26,10.0,0.0,0.2,0.0,0.2,0.0,656756
FC,Cutter,FB,11,2.96,3,3,2,66.67,0,0.0,4,0,0.0,0.0,3,27.27,27.27,33.33,3.7,50.0,0.333,0.333,0.333,0.666,0.0,656756
CH,Changeup,OS,8,2.16,3,3,1,33.33,0,0.0,6,2,33.33,25.0,0,0.0,25.0,50.0,2.78,33.33,0.333,0.333,0.333,0.666,0.0,656756
,,,1,0.27,0,0,0,,0,,0,0,,0.0,0,0.0,0.0,,0.0,,,,,,,656756
ST,Sweeper,BR,38,36.54,10,9,3,30.0,0,0.0,20,7,35.0,18.42,6,15.79,34.21,31.25,30.3,30.0,0.333,0.4,0.778,1.178,0.445,656786
FC,Cutter,FB,32,30.77,7,6,1,14.29,1,14.29,16,4,25.0,12.5,8,25.0,37.5,38.46,21.21,14.29,0.167,0.286,0.167,0.4529999999999999,0.0,656786
FF,4-Seam Fastball,FB,12,11.54,3,3,1,33.33,0,0.0,7,1,14.29,8.33,2,16.67,25.0,25.0,24.24,12.5,0.0,0.0,0.0,0.0,0.0,656786
SI,Sinker,FB,12,11.54,6,4,2,33.33,0,0.0,4,0,0.0,0.0,3,25.0,25.0,16.67,9.09,66.67,0.0,0.333,0.0,0.333,0.0,656786
CU,Curveball,BR,10,9.62,2,2,0,0.0,0,0.0,5,1,20.0,10.0,2,20.0,30.0,20.0,15.15,0.0,0.5,0.5,0.5,1.0,0.0,656786
FF,4-Seam Fastball,FB,17,44.74,5,5,0,0.0,0,0.0,10,1,10.0,5.88,4,23.53,29.41,20.0,25.0,0.0,0.2,0.2,0.2,0.4,0.0,656793
CH,Changeup,OS,15,39.47,5,4,0,0.0,1,20.0,8,1,12.5,6.67,0,0.0,6.67,22.22,37.5,0.0,0.0,0.2,0.0,0.2,0.0,656793
SL,Slider,BR,4,10.53,0,0,0,,0,,1,0,0.0,0.0,0,0.0,0.0,0.0,25.0,0.0,,,,,,656793
SI,Sinker,FB,2,5.26,1,0,0,0.0,1,100.0,1,0,0.0,0.0,0,0.0,0.0,0.0,12.5,0.0,,1.0,,,,656793
SV,Slurve,BR,39,43.33,7,6,3,42.86,1,14.29,14,4,28.57,10.26,8,20.51,30.77,23.81,52.78,15.79,0.167,0.286,0.167,0.4529999999999999,0.0,656794
FF,4-Seam Fastball,FB,29,32.22,6,6,2,33.33,0,0.0,15,3,20.0,10.34,6,20.69,31.03,22.22,36.11,15.38,0.0,0.0,0.0,0.0,0.0,656794
SI,Sinker,FB,14,15.56,5,4,1,20.0,1,20.0,10,2,20.0,14.29,1,7.14,21.43,50.0,8.33,33.33,0.0,0.2,0.0,0.2,0.0,656794
CU,Curveball,BR,7,7.78,1,1,0,0.0,0,0.0,2,1,50.0,14.29,2,28.57,42.86,40.0,0.0,,0.0,0.0,0.0,0.0,0.0,656794
,,,1,1.11,1,0,0,0.0,1,100.0,0,0,,0.0,0,0.0,0.0,,2.78,0.0,,1.0,,,,656794
ST,Sweeper,BR,46,30.26,9,7,1,11.11,2,22.22,18,4,22.22,8.7,11,23.91,32.61,15.0,28.57,7.14,0.571,0.667,1.143,1.81,0.5720000000000001,656814
SI,Sinker,FB,33,21.71,12,11,3,25.0,1,8.33,16,2,12.5,6.06,8,24.24,30.3,25.0,18.37,22.22,0.636,0.667,1.0,1.667,0.364,656814
FF,4-Seam Fastball,FB,25,16.45,6,6,1,16.67,0,0.0,12,2,16.67,8.0,4,16.0,24.0,20.0,24.49,8.33,0.0,0.0,0.0,0.0,0.0,656814
CU,Curveball,BR,25,16.45,7,7,1,14.29,0,0.0,11,1,9.09,4.0,7,28.0,32.0,22.22,14.29,14.29,0.286,0.286,0.286,0.572,0.0,656814
CH,Changeup,OS,17,11.18,3,3,0,0.0,0,0.0,8,1,12.5,5.88,0,0.0,5.88,33.33,14.29,0.0,0.333,0.333,0.333,0.666,0.0,656814
SL,Slider,BR,6,3.95,1,1,0,0.0,0,0.0,1,0,0.0,0.0,1,16.67,16.67,0.0,0.0,,1.0,1.0,2.0,3.0,1.0,656814
FF,4-Seam Fastball,FB,29,30.85,6,5,0,0.0,1,16.67,13,2,15.38,6.9,6,20.69,27.59,23.08,35.29,0.0,0.0,0.167,0.0,0.167,0.0,656818
CH,Changeup,OS,23,24.47,8,6,0,0.0,2,25.0,8,0,0.0,0.0,4,17.39,17.39,15.38,29.41,0.0,0.333,0.5,0.667,1.167,0.334,656818
FC,Cutter,FB,21,22.34,6,4,0,0.0,2,33.33,9,0,0.0,0.0,2,9.52,9.52,18.18,0.0,,0.5,0.667,1.25,1.917,0.75,656818
SL,Slider,BR,12,12.77,3,3,1,33.33,0,0.0,4,1,25.0,8.33,1,8.33,16.67,33.33,29.41,20.0,0.667,0.667,0.667,1.334,0.0,656818
ST,Sweeper,BR,5,5.32,2,2,0,0.0,0,0.0,3,1,33.33,20.0,0,0.0,20.0,33.33,0.0,,1.0,1.0,3.0,4.0,2.0,656818
SI,Sinker,FB,4,4.26,1,1,0,0.0,0,0.0,1,0,0.0,0.0,2,50.0,50.0,0.0,5.88,0.0,1.0,1.0,1.0,2.0,0.0,656818
FC,Cutter,FB,15,39.47,2,1,1,50.0,1,50.0,4,2,50.0,13.33,4,26.67,40.0,22.22,50.0,20.0,0.0,0.5,0.0,0.5,0.0,656820
CU,Curveball,BR,10,26.32,2,2,0,0.0,0,0.0,3,1,33.33,10.0,1,10.0,20.0,0.0,0.0,,0.5,0.5,1.0,1.5,0.5,656820
SI,Sinker,FB,9,23.68,4,4,1,25.0,0,0.0,6,1,16.67,11.11,0,0.0,11.11,40.0,30.0,33.33,0.5,0.5,0.5,1.0,0.0,656820
ST,Sweeper,BR,4,10.53,0,0,0,,0,,2,1,50.0,25.0,0,0.0,25.0,50.0,20.0,0.0,,,,,,656820
SI,Sinker,FB,152,32.41,36,33,12,33.33,2,5.56,77,18,23.38,11.84,39,25.66,37.5,39.68,25.0,33.33,0.212,0.278,0.333,0.611,0.121,656849
SL,Slider,BR,146,31.13,43,40,15,34.88,3,6.98,68,24,35.29,16.44,11,7.53,23.97,25.58,44.44,23.44,0.325,0.372,0.6,0.972,0.2749999999999999,656849
FF,4-Seam Fastball,FB,118,25.16,23,20,5,21.74,3,13.04,52,16,30.77,13.56,21,17.8,31.36,23.21,18.75,18.52,0.35,0.435,0.6,1.035,0.25,656849
CU,Curveball,BR,31,6.61,7,7,1,14.29,0,0.0,14,4,28.57,12.9,11,35.48,48.39,41.67,5.56,12.5,0.286,0.286,0.286,0.572,0.0,656849
CH,Changeup,OS,21,4.48,8,6,2,25.0,1,12.5,11,4,36.36,19.05,3,14.29,33.33,12.5,6.25,22.22,0.167,0.375,0.167,0.542,0.0,656849
,,,1,0.21,0,0,0,,0,,0,0,,0.0,0,0.0,0.0,,0.0,,,,,,,656849
FC,Cutter,FB,93,37.5,20,18,5,25.0,1,5.0,51,16,31.37,17.2,13,13.98,31.18,35.56,28.41,20.0,0.222,0.263,0.389,0.652,0.167,656876
FF,4-Seam Fastball,FB,90,36.29,28,28,5,17.86,0,0.0,48,5,10.42,5.56,20,22.22,27.78,33.33,37.5,15.15,0.357,0.357,0.357,0.714,0.0,656876
CU,Curveball,BR,45,18.15,11,10,3,27.27,0,0.0,23,6,26.09,13.33,9,20.0,33.33,33.33,14.77,23.08,0.2,0.182,0.2,0.382,0.0,656876
ST,Sweeper,BR,13,5.24,5,5,3,60.0,0,0.0,7,2,28.57,15.38,1,7.69,23.08,33.33,13.64,25.0,0.0,0.0,0.0,0.0,0.0,656876
SI,Sinker,FB,6,2.42,3,3,0,0.0,0,0.0,5,1,20.0,16.67,0,0.0,16.67,0.0,4.55,0.0,0.333,0.333,0.333,0.666,0.0,656876
,,,1,0.4,0,0,0,,0,,0,0,,0.0,0,0.0,0.0,,1.14,0.0,,,,,,656876
FF,4-Seam Fastball,FB,65,70.65,14,11,9,64.29,3,21.43,34,18,52.94,27.69,10,15.38,43.08,40.0,75.0,30.0,0.091,0.286,0.091,0.377,0.0,656887
CH,Changeup,OS,20,21.74,2,2,0,0.0,0,0.0,9,3,33.33,15.0,2,10.0,25.0,30.77,20.0,0.0,1.0,1.0,1.0,2.0,0.0,656887
SL,Slider,BR,7,7.61,2,2,1,50.0,0,0.0,2,0,0.0,0.0,2,28.57,28.57,0.0,5.0,50.0,0.0,0.0,0.0,0.0,0.0,656887
SL,Slider,BR,6,54.55,2,2,2,100.0,0,0.0,4,2,50.0,33.33,1,16.67,50.0,66.67,100.0,100.0,0.0,0.0,0.0,0.0,0.0,656924
SI,Sinker,FB,3,27.27,0,0,0,,0,,0,0,,0.0,0,0.0,0.0,0.0,0.0,,,,,,,656924
FF,4-Seam Fastball,FB,2,18.18,1,0,0,0.0,1,100.0,1,1,100.0,50.0,0,0.0,50.0,0.0,0.0,,,1.0,,,,656924
SL,Slider,BR,210,50.12,62,56,23,37.1,5,8.06,91,35,38.46,16.67,41,19.52,36.19,30.7,54.4,33.82,0.232,0.29,0.375,0.665,0.143,656945
FF,4-Seam Fastball,FB,208,49.64,38,32,16,42.11,6,15.79,95,46,48.42,22.12,42,20.19,42.31,20.0,45.6,28.07,0.125,0.263,0.188,0.451,0.063,656945
SI,Sinker,FB,1,0.24,0,0,0,,0,,1,1,100.0,100.0,0,0.0,100.0,,0.0,,,,,,,656945
FF,4-Seam Fastball,FB,59,46.09,19,17,2,10.53,1,5.26,28,5,17.86,8.47,17,28.81,37.29,23.53,35.29,16.67,0.294,0.368,0.529,0.897,0.235,656970
ST,Sweeper,BR,39,30.47,8,8,1,12.5,0,0.0,12,3,25.0,7.69,3,7.69,15.38,17.86,38.24,7.69,0.375,0.375,0.875,1.25,0.5,656970
CH,Changeup,OS,19,14.84,5,3,2,40.0,1,20.0,8,4,50.0,21.05,1,5.26,26.32,35.71,23.53,25.0,0.333,0.6,0.333,0.933,0.0,656970
FC,Cutter,FB,7,5.47,5,5,1,20.0,0,0.0,5,1,20.0,14.29,2,28.57,42.86,100.0,2.94,100.0,0.2,0.2,0.4,0.6000000000000001,0.2,656970
CU,Curveball,BR,4,3.12,1,1,0,0.0,0,0.0,3,0,0.0,0.0,0,0.0,0.0,0.0,0.0,,1.0,1.0,4.0,5.0,3.0,656970
FF,4-Seam Fastball,FB,39,54.17,16,12,2,12.5,4,25.0,15,5,33.33,12.82,8,20.51,33.33,5.56,70.0,28.57,0.333,0.5,1.0,1.5,0.667,656981
CU,Curveball,BR,12,16.67,0,0,0,,0,,2,0,0.0,0.0,3,25.0,25.0,0.0,30.0,0.0,,,,,,656981
FC,Cutter,FB,11,15.28,3,3,0,0.0,0,0.0,7,4,57.14,36.36,0,0.0,36.36,50.0,0.0,,0.333,0.333,0.667,1.0,0.334,656981
CH,Changeup,OS,10,13.89,3,3,0,0.0,0,0.0,4,0,0.0,0.0,0,0.0,0.0,14.29,0.0,,0.667,0.667,1.0,1.667,0.3329999999999999,656981
FF,4-Seam Fastball,FB,28,49.12,5,5,0,0.0,0,0.0,18,2,11.11,7.14,4,14.29,21.43,20.0,23.81,0.0,0.0,0.0,0.0,0.0,0.0,656986
SL,Slider,BR,25,43.86,9,9,6,66.67,0,0.0,13,7,53.85,28.0,2,8.0,36.0,46.67,71.43,40.0,0.111,0.111,0.111,0.222,0.0,656986
SI,Sinker,FB,4,7.02,0,0,0,,0,,1,0,0.0,0.0,2,50.0,50.0,33.33,4.76,0.0,,,,,,656986
FF,4-Seam Fastball,FB,273,47.15,52,46,15,28.85,5,9.62,139,32,23.02,11.72,56,20.51,32.23,25.93,31.16,22.58,0.348,0.412,0.63,1.042,0.282,657006
SL,Slider,BR,271,46.8,78,75,26,33.33,3,3.85,133,51,38.35,18.82,32,11.81,30.63,34.38,64.82,19.38,0.213,0.244,0.387,0.631,0.174,657006
SI,Sinker,FB,32,5.53,9,8,1,11.11,0,0.0,14,1,7.14,3.12,1,3.12,6.25,25.0,4.02,12.5,0.375,0.444,0.5,0.944,0.125,657006
CH,Changeup,OS,2,0.35,2,2,0,0.0,0,0.0,2,0,0.0,0.0,0,0.0,0.0,,0.0,,0.0,0.0,0.0,0.0,0.0,657006
,,,1,0.17,0,0,0,,0,,0,0,,0.0,0,0.0,0.0,,0.0,,,,,,,657006
FS,Split-Finger,OS,273,56.17,87,79,27,31.03,8,9.2,156,50,32.05,18.32,34,12.45,30.77,40.29,64.58,29.03,0.139,0.218,0.253,0.471,0.1139999999999999,657024
FF,4-Seam Fastball,FB,199,40.95,29,24,5,17.24,4,13.79,76,19,25.0,9.55,33,16.58,26.13,18.02,35.42,9.8,0.333,0.429,0.5,0.929,0.1669999999999999,657024
SL,Slider,BR,14,2.88,3,3,0,0.0,0,0.0,4,1,25.0,7.14,6,42.86,50.0,0.0,0.0,,0.667,0.667,1.0,1.667,0.3329999999999999,657024
SL,Slider,BR,61,45.19,17,13,7,41.18,3,17.65,30,11,36.67,18.03,4,6.56,24.59,30.77,69.39,20.59,0.308,0.412,0.385,0.7969999999999999,0.077,657031
FF,4-Seam Fastball,FB,52,38.52,8,6,2,25.0,2,25.0,22,7,31.82,13.46,13,25.0,38.46,19.05,18.37,22.22,0.333,0.5,0.5,1.0,0.1669999999999999,657031
SI,Sinker,FB,19,14.07,4,4,1,25.0,0,0.0,12,2,16.67,10.53,2,10.53,21.05,50.0,12.24,16.67,0.5,0.5,1.25,1.75,0.75,657031
CU,Curveball,BR,3,2.22,0,0,0,,0,,0,0,,0.0,1,33.33,33.33,0.0,0.0,,,,,,,657031
FA,Other,,7,87.5,2,2,1,50.0,0,0.0,3,1,33.33,14.29,2,28.57,42.86,0.0,100.0,50.0,0.0,0.0,0.0,0.0,0.0,657041
CU,Curveball,BR,1,12.5,0,0,0,,0,,0,0,,0.0,0,0.0,0.0,0.0,0.0,,,,,,,657041
SI,Sinker,FB,100,57.14,27,26,3,11.11,0,0.0,49,6,12.24,6.0,20,20.0,26.0,17.95,30.23,23.08,0.269,0.269,0.385,0.654,0.1159999999999999,657044
SL,Slider,BR,54,30.86,12,8,2,16.67,1,8.33,18,6,33.33,11.11,12,22.22,33.33,21.43,32.56,14.29,0.125,0.417,0.125,0.542,0.0,657044
FF,4-Seam Fastball,FB,18,10.29,7,7,1,14.29,0,0.0,14,1,7.14,5.56,0,0.0,5.56,63.64,34.88,6.67,0.143,0.143,0.286,0.4289999999999999,0.143,657044
,,,2,1.14,1,1,1,100.0,0,0.0,0,0,,0.0,0,0.0,0.0,,2.33,100.0,0.0,0.0,0.0,0.0,0.0,657044
CH,Changeup,OS,1,0.57,1,1,0,0.0,0,0.0,1,0,0.0,0.0,0,0.0,0.0,,0.0,,0.0,0.0,0.0,0.0,0.0,657044
FF,4-Seam Fastball,FB,226,26.75,70,42,5,7.14,23,32.86,92,14,15.22,6.19,36,15.93,22.12,11.21,23.18,9.8,0.286,0.536,0.405,0.941,0.119,657053
FS,Split-Finger,OS,215,25.44,52,50,15,28.85,1,1.92,102,35,34.31,16.28,17,7.91,24.19,37.97,31.82,21.43,0.2,0.231,0.36,0.591,0.1599999999999999,657053
CU,Curveball,BR,213,25.21,37,31,11,29.73,3,8.11,75,23,30.67,10.8,41,19.25,30.05,21.77,29.09,17.19,0.065,0.189,0.065,0.254,0.0,657053
SI,Sinker,FB,185,21.89,41,34,4,9.76,5,12.2,68,6,8.82,3.24,48,25.95,29.19,22.83,14.55,12.5,0.235,0.317,0.412,0.729,0.177,657053
SL,Slider,BR,6,0.71,2,2,0,0.0,0,0.0,3,0,0.0,0.0,0,0.0,0.0,25.0,1.36,0.0,0.5,0.5,2.0,2.5,1.5,657053
FC,Cutter,FB,9,36.0,4,4,1,25.0,0,0.0,4,0,0.0,0.0,2,22.22,22.22,20.0,33.33,33.33,0.0,0.0,0.0,0.0,0.0,657093
FF,4-Seam Fastball,FB,7,28.0,2,2,0,0.0,0,0.0,4,1,25.0,14.29,1,14.29,28.57,33.33,33.33,0.0,1.0,1.0,1.5,2.5,0.5,657093
SI,Sinker,FB,4,16.0,0,0,0,,0,,1,0,0.0,0.0,2,50.0,50.0,0.0,11.11,0.0,,,,,,657093
CU,Curveball,BR,3,12.0,1,1,1,100.0,0,0.0,2,1,50.0,33.33,0,0.0,33.33,50.0,11.11,100.0,0.0,0.0,0.0,0.0,0.0,657093
FS,Split-Finger,OS,2,8.0,0,0,0,,0,,0,0,,0.0,0,0.0,0.0,0.0,11.11,0.0,,,,,,657093
CH,Changeup,OS,153,47.22,35,30,11,31.43,4,11.43,73,31,42.47,20.26,9,5.88,26.14,34.65,53.85,19.64,0.133,0.229,0.2,0.429,0.067,657097
FF,4-Seam Fastball,FB,151,46.6,38,29,8,21.05,8,21.05,77,22,28.57,14.57,28,18.54,33.11,23.73,42.31,18.18,0.345,0.5,0.483,0.983,0.138,657097
ST,Sweeper,BR,10,3.09,2,2,0,0.0,0,0.0,4,0,0.0,0.0,2,20.0,20.0,0.0,3.85,0.0,0.5,0.5,2.0,2.5,1.5,657097
,,,10,3.09,3,0,0,0.0,3,100.0,0,0,,0.0,0,0.0,0.0,,0.0,,,1.0,,,,657097
KC,Knuckle Curve,BR,109,43.78,31,25,8,25.81,4,12.9,54,17,31.48,15.6,17,15.6,31.19,37.29,48.44,25.81,0.28,0.4,0.8,1.2000000000000002,0.52,657140
FF,4-Seam Fastball,FB,67,26.91,14,13,4,28.57,1,7.14,25,5,20.0,7.46,3,4.48,11.94,15.56,26.56,23.53,0.231,0.286,0.231,0.517,0.0,657140
SI,Sinker,FB,44,17.67,12,7,2,16.67,5,41.67,8,0,0.0,0.0,19,43.18,43.18,0.0,10.94,28.57,0.286,0.583,0.286,0.869,0.0,657140
CH,Changeup,OS,29,11.65,8,5,1,12.5,3,37.5,10,1,10.0,3.45,5,17.24,20.69,22.22,14.06,11.11,0.0,0.375,0.0,0.375,0.0,657140
FF,4-Seam Fastball,FB,269,50.09,74,57,15,20.27,16,21.62,128,33,25.78,12.27,37,13.75,26.02,14.63,37.11,25.42,0.298,0.452,0.491,0.943,0.193,657240
SL,Slider,BR,181,33.71,44,41,19,43.18,2,4.55,85,43,50.59,23.76,37,20.44,44.2,39.58,38.99,30.65,0.122,0.182,0.195,0.377,0.073,657240
CH,Changeup,OS,84,15.64,16,16,9,56.25,0,0.0,35,17,48.57,20.24,7,8.33,28.57,33.82,23.27,24.32,0.188,0.188,0.188,0.376,0.0,657240
SI,Sinker,FB,1,0.19,0,0,0,,0,,1,1,100.0,100.0,0,0.0,100.0,,0.0,,,,,,,657240
ST,Sweeper,BR,1,0.19,0,0,0,,0,,0,0,,0.0,0,0.0,0.0,0.0,0.63,0.0,,,,,,657240
,,,1,0.19,0,0,0,,0,,0,0,,0.0,0,0.0,0.0,,0.0,,,,,,,657240
FF,4-Seam Fastball,FB,21,38.89,4,3,1,25.0,1,25.0,13,3,23.08,14.29,2,9.52,23.81,33.33,43.75,14.29,0.333,0.5,0.333,0.833,0.0,657248
ST,Sweeper,BR,20,37.04,6,5,3,50.0,1,16.67,11,6,54.55,30.0,2,10.0,40.0,27.27,43.75,42.86,0.4,0.5,0.4,0.9,0.0,657248
KC,Knuckle Curve,BR,13,24.07,4,4,1,25.0,0,0.0,6,2,33.33,15.38,0,0.0,15.38,33.33,12.5,50.0,0.25,0.25,1.0,1.25,0.75,657248
FF,4-Seam Fastball,FB,113,35.53,28,23,6,21.43,2,7.14,58,16,27.59,14.16,12,10.62,24.78,21.82,44.94,15.0,0.304,0.393,0.565,0.958,0.2609999999999999,657265
CH,Changeup,OS,103,32.39,31,29,5,16.13,2,6.45,45,7,15.56,6.8,14,13.59,20.39,32.84,29.21,19.23,0.276,0.323,0.345,0.6679999999999999,0.0689999999999999,657265
SI,Sinker,FB,50,15.72,13,11,1,7.69,2,15.38,20,5,25.0,10.0,16,32.0,42.0,28.0,8.99,12.5,0.182,0.308,0.182,0.49,0.0,657265
ST,Sweeper,BR,47,14.78,6,5,0,0.0,0,0.0,12,2,16.67,4.26,11,23.4,27.66,0.0,15.73,0.0,0.2,0.333,0.4,0.7330000000000001,0.2,657265
,,,4,1.26,1,0,0,0.0,1,100.0,0,0,,0.0,0,0.0,0.0,,0.0,,,1.0,,,,657265
SL,Slider,BR,1,0.31,0,0,0,,0,,1,0,0.0,0.0,0,0.0,0.0,,1.12,0.0,,,,,,657265
SL,Slider,BR,4,36.36,0,0,0,,0,,1,1,100.0,25.0,1,25.0,50.0,33.33,0.0,,,,,,,657272
CH,Changeup,OS,3,27.27,2,1,1,50.0,1,50.0,1,1,100.0,33.33,0,0.0,33.33,33.33,100.0,50.0,0.0,0.5,0.0,0.5,0.0,657272
SI,Sinker,FB,3,27.27,0,0,0,,0,,0,0,,0.0,2,66.67,66.67,0.0,0.0,,,,,,,657272
FF,4-Seam Fastball,FB,1,9.09,0,0,0,,0,,0,0,,0.0,0,0.0,0.0,0.0,0.0,,,,,,,657272
CH,Changeup,OS,755,46.43,248,239,63,25.4,9,3.63,458,115,25.11,15.23,83,10.99,26.23,48.18,57.8,22.66,0.192,0.222,0.259,0.481,0.067,657277
SI,Sinker,FB,481,29.58,109,104,13,11.93,5,4.59,188,21,11.17,4.37,143,29.73,34.1,10.23,13.31,20.31,0.288,0.321,0.442,0.763,0.154,657277
ST,Sweeper,BR,277,17.04,43,41,16,37.21,0,0.0,61,10,16.39,3.61,95,34.3,37.91,13.1,13.31,25.0,0.268,0.302,0.488,0.79,0.2199999999999999,657277
FF,4-Seam Fastball,FB,112,6.89,29,28,12,41.38,1,3.45,57,16,28.07,14.29,5,4.46,18.75,21.67,15.59,16.0,0.25,0.276,0.393,0.669,0.143,657277
,,,1,0.06,0,0,0,,0,,0,0,,0.0,0,0.0,0.0,,0.0,,,,,,,657277
FC,Cutter,FB,464,34.19,138,126,21,15.22,11,7.97,271,56,20.66,12.07,52,11.21,23.28,37.75,36.82,13.55,0.341,0.391,0.532,0.923,0.191,657376
KC,Knuckle Curve,BR,312,22.99,84,71,32,38.1,6,7.14,141,47,33.33,15.06,45,14.42,29.49,35.36,41.33,18.39,0.183,0.298,0.31,0.608,0.127,657376
ST,Sweeper,BR,311,22.92,54,46,5,9.26,6,11.11,117,25,21.37,8.04,88,28.3,36.33,27.27,11.16,10.64,0.348,0.426,0.783,1.209,0.435,657376
SI,Sinker,FB,229,16.88,60,53,4,6.67,6,10.0,87,10,11.49,4.37,53,23.14,27.51,11.32,8.55,11.11,0.302,0.383,0.434,0.817,0.132,657376
CH,Changeup,OS,40,2.95,8,8,0,0.0,0,0.0,11,1,9.09,2.5,3,7.5,10.0,11.11,2.14,0.0,0.5,0.5,0.5,1.0,0.0,657376
,,,1,0.07,0,0,0,,0,,0,0,,0.0,0,0.0,0.0,,0.0,,,,,,,657376
SL,Slider,BR,26,45.61,5,4,2,40.0,0,0.0,12,7,58.33,26.92,6,23.08,50.0,30.77,25.0,40.0,0.0,0.0,0.0,0.0,0.0,657424
FF,4-Seam Fastball,FB,19,33.33,6,4,2,33.33,2,33.33,11,4,36.36,21.05,0,0.0,21.05,22.22,55.0,18.18,0.5,0.667,0.5,1.167,0.0,657424
ST,Sweeper,BR,9,15.79,2,2,1,50.0,0,0.0,1,0,0.0,0.0,3,33.33,33.33,0.0,15.0,33.33,0.0,0.0,0.0,0.0,0.0,657424
CU,Curveball,BR,2,3.51,0,0,0,,0,,0,0,,0.0,0,0.0,0.0,0.0,5.0,0.0,,,,,,657424
SI,Sinker,FB,1,1.75,0,0,0,,0,,0,0,,0.0,0,0.0,0.0,0.0,0.0,,,,,,,657424
FF,4-Seam Fastball,FB,220,53.92,53,44,12,22.64,9,16.98,110,26,23.64,11.82,38,17.27,29.09,28.57,49.61,19.05,0.159,0.302,0.364,0.6659999999999999,0.205,657508
KC,Knuckle Curve,BR,110,26.96,34,31,14,41.18,3,8.82,50,21,42.0,19.09,20,18.18,37.27,31.48,36.22,30.43,0.226,0.294,0.323,0.617,0.097,657508
SL,Slider,BR,44,10.78,6,6,2,33.33,0,0.0,18,3,16.67,6.82,10,22.73,29.55,28.57,11.02,14.29,0.333,0.333,0.333,0.666,0.0,657508
CH,Changeup,OS,25,6.13,5,5,0,0.0,0,0.0,10,0,0.0,0.0,1,4.0,4.0,6.67,2.36,0.0,0.4,0.4,0.6,1.0,0.1999999999999999,657508
,,,9,2.21,2,0,0,0.0,2,100.0,0,0,,0.0,0,0.0,0.0,,0.79,0.0,,1.0,,,,657508
SI,Sinker,FB,183,56.66,51,47,13,25.49,2,3.92,89,20,22.47,10.93,58,31.69,42.62,27.45,44.19,34.21,0.17,0.235,0.213,0.4479999999999999,0.0429999999999999,657514
CU,Curveball,BR,139,43.03,33,30,10,30.3,1,3.03,52,15,28.85,10.79,18,12.95,23.74,20.0,55.81,20.83,0.167,0.242,0.233,0.475,0.066,657514
,,,1,0.31,0,0,0,,0,,0,0,,0.0,0,0.0,0.0,,0.0,,,,,,,657514
FF,4-Seam Fastball,FB,214,62.03,60,50,18,30.0,4,6.67,111,34,30.63,15.89,38,17.76,33.64,30.0,61.54,28.12,0.24,0.367,0.28,0.647,0.04,657571
FC,Cutter,FB,124,35.94,30,29,8,26.67,0,0.0,58,12,20.69,9.68,20,16.13,25.81,31.75,37.5,20.51,0.31,0.333,0.586,0.919,0.2759999999999999,657571
ST,Sweeper,BR,4,1.16,0,0,0,,0,,0,0,,0.0,1,25.0,25.0,0.0,0.0,,,,,,,657571
SV,Slurve,BR,2,0.58,0,0,0,,0,,0,0,,0.0,1,50.0,50.0,0.0,0.96,0.0,,,,,,657571
,,,1,0.29,0,0,0,,0,,0,0,,0.0,0,0.0,0.0,,0.0,,,,,,,657571
FF,4-Seam Fastball,FB,32,32.32,7,6,1,14.29,1,14.29,17,2,11.76,6.25,2,6.25,12.5,29.41,35.71,10.0,0.333,0.429,0.5,0.929,0.1669999999999999,657585
FC,Cutter,FB,26,26.26,7,6,1,14.29,0,0.0,18,3,16.67,11.54,5,19.23,30.77,62.5,14.29,25.0,0.167,0.143,0.667,0.81,0.5,657585
FS,Split-Finger,OS,24,24.24,8,7,3,37.5,1,12.5,13,7,53.85,29.17,1,4.17,33.33,33.33,35.71,30.0,0.143,0.25,0.571,0.821,0.4279999999999999,657585
SI,Sinker,FB,9,9.09,2,2,0,0.0,0,0.0,4,2,50.0,22.22,1,11.11,33.33,42.86,3.57,0.0,0.0,0.0,0.0,0.0,0.0,657585
CU,Curveball,BR,8,8.08,3,3,1,33.33,0,0.0,5,1,20.0,12.5,0,0.0,12.5,40.0,10.71,33.33,0.0,0.0,0.0,0.0,0.0,657585
FF,4-Seam Fastball,FB,166,49.85,45,37,7,15.56,4,8.89,83,13,15.66,7.83,24,14.46,22.29,39.56,58.65,11.48,0.243,0.378,0.351,0.729,0.1079999999999999,657612
SI,Sinker,FB,134,40.24,35,34,3,8.57,1,2.86,65,7,10.77,5.22,35,26.12,31.34,32.0,25.0,11.54,0.294,0.314,0.324,0.638,0.03,657612
SL,Slider,BR,31,9.31,11,9,1,9.09,0,0.0,17,2,11.76,6.45,2,6.45,12.9,23.08,16.35,5.88,0.333,0.3,0.889,1.189,0.556,657612
FC,Cutter,FB,1,0.3,1,0,0,0.0,0,0.0,0,0,,0.0,0,0.0,0.0,0.0,0.0,,,1.0,,,,657612
,,,1,0.3,0,0,0,,0,,0,0,,0.0,0,0.0,0.0,,0.0,,,,,,,657612
FC,Cutter,FB,8,36.36,1,1,0,0.0,0,0.0,4,0,0.0,0.0,1,12.5,12.5,25.0,66.67,0.0,1.0,1.0,1.0,2.0,0.0,657697
SI,Sinker,FB,6,27.27,2,2,0,0.0,0,0.0,2,0,0.0,0.0,2,33.33,33.33,33.33,0.0,,0.5,0.5,0.5,1.0,0.0,657697
SL,Slider,BR,4,18.18,1,0,0,0.0,0,0.0,0,0,,0.0,1,25.0,25.0,0.0,0.0,,,,,,,657697
ST,Sweeper,BR,4,18.18,2,2,1,50.0,0,0.0,2,1,50.0,25.0,0,0.0,25.0,33.33,33.33,100.0,0.0,0.0,0.0,0.0,0.0,657697
FF,4-Seam Fastball,FB,709,56.72,159,147,49,30.82,11,6.92,420,103,24.52,14.53,115,16.22,30.75,30.29,53.57,20.42,0.224,0.277,0.388,0.665,0.164,657746
FS,Split-Finger,OS,431,34.48,131,121,23,17.56,8,6.11,233,44,18.88,10.21,42,9.74,19.95,34.05,35.94,14.29,0.215,0.26,0.314,0.5740000000000001,0.099,657746
ST,Sweeper,BR,94,7.52,22,17,7,31.82,1,4.55,45,11,24.44,11.7,16,17.02,28.72,35.29,9.6,16.28,0.176,0.364,0.353,0.717,0.177,657746
SL,Slider,BR,15,1.2,3,3,1,33.33,0,0.0,10,3,30.0,20.0,2,13.33,33.33,50.0,0.89,25.0,0.667,0.667,1.0,1.667,0.3329999999999999,657746
,,,1,0.08,0,0,0,,0,,0,0,,0.0,0,0.0,0.0,,0.0,,,,,,,657746
FF,4-Seam Fastball,FB,464,56.72,119,106,23,19.33,10,8.4,234,39,16.67,8.41,90,19.4,27.8,20.63,51.46,16.31,0.34,0.39,0.557,0.947,0.217,657756
CH,Changeup,OS,181,22.13,42,41,6,14.29,1,2.38,76,16,21.05,8.84,22,12.15,20.99,22.61,22.26,9.84,0.244,0.262,0.317,0.579,0.073,657756
SL,Slider,BR,154,18.83,37,30,4,10.81,4,10.81,78,13,16.67,8.44,24,15.58,24.03,28.95,22.99,6.35,0.4,0.514,1.0,1.514,0.6,657756
CU,Curveball,BR,18,2.2,6,6,2,33.33,0,0.0,7,3,42.86,16.67,2,11.11,27.78,23.08,3.28,22.22,0.333,0.333,0.5,0.833,0.1669999999999999,657756
,,,1,0.12,0,0,0,,0,,0,0,,0.0,0,0.0,0.0,,0.0,,,,,,,657756
FF,4-Seam Fastball,FB,162,40.5,37,29,5,13.51,8,21.62,64,12,18.75,7.41,25,15.43,22.84,18.39,40.68,10.42,0.207,0.378,0.345,0.723,0.1379999999999999,658648
CH,Changeup,OS,99,24.75,30,28,7,23.33,2,6.67,51,14,27.45,14.14,7,7.07,21.21,27.27,31.36,18.92,0.143,0.2,0.179,0.379,0.036,658648
SI,Sinker,FB,81,20.25,16,11,1,6.25,3,18.75,30,2,6.67,2.47,14,17.28,19.75,21.28,5.08,16.67,0.273,0.467,0.364,0.831,0.0909999999999999,658648
CU,Curveball,BR,58,14.5,13,12,6,46.15,1,7.69,26,9,34.62,15.52,14,24.14,39.66,43.75,22.88,22.22,0.167,0.231,0.167,0.398,0.0,658648
SL,Slider,BR,139,44.84,35,33,15,42.86,0,0.0,78,26,33.33,18.71,16,11.51,30.22,34.67,67.82,25.42,0.364,0.371,0.727,1.098,0.363,659275
SI,Sinker,FB,78,25.16,15,12,1,6.67,3,20.0,35,4,11.43,5.13,10,12.82,17.95,11.11,13.79,8.33,0.5,0.6,0.917,1.517,0.417,659275
FF,4-Seam Fastball,FB,76,24.52,25,19,2,8.0,5,20.0,30,3,10.0,3.95,13,17.11,21.05,12.5,17.24,13.33,0.211,0.36,0.474,0.834,0.263,659275
CH,Changeup,OS,15,4.84,1,1,0,0.0,0,0.0,5,1,20.0,6.67,2,13.33,20.0,11.11,1.15,0.0,1.0,1.0,1.0,2.0,0.0,659275
,,,2,0.65,0,0,0,,0,,0,0,,0.0,0,0.0,0.0,,0.0,,,,,,,659275
FF,4-Seam Fastball,FB,327,55.71,80,69,21,26.25,10,12.5,147,38,25.85,11.62,56,17.13,28.75,20.41,48.03,28.77,0.217,0.312,0.391,0.7030000000000001,0.174,660261
FS,Split-Finger,OS,175,29.81,46,42,12,26.09,4,8.7,90,31,34.44,17.71,8,4.57,22.29,31.19,42.11,18.75,0.214,0.283,0.429,0.712,0.215,660261
FC,Cutter,FB,72,12.27,14,9,1,7.14,4,28.57,32,11,34.38,15.28,13,18.06,33.33,21.88,8.55,7.69,0.0,0.308,0.0,0.308,0.0,660261
,,,6,1.02,1,0,0,0.0,1,100.0,0,0,,0.0,0,0.0,0.0,,0.66,0.0,,1.0,,,,660261
ST,Sweeper,BR,3,0.51,2,2,1,50.0,0,0.0,2,1,50.0,33.33,0,0.0,33.33,50.0,0.66,100.0,0.5,0.5,0.5,1.0,0.0,660261
SL,Slider,BR,2,0.34,0,0,0,,0,,0,0,,0.0,2,100.0,100.0,,0.0,,,,,,,660261
CU,Curveball,BR,1,0.17,1,1,0,0.0,0,0.0,1,0,0.0,0.0,0,0.0,0.0,,0.0,,1.0,1.0,2.0,3.0,1.0,660261
SI,Sinker,FB,1,0.17,0,0,0,,0,,0,0,,0.0,0,0.0,0.0,0.0,0.0,,,,,,,660261
FF,4-Seam Fastball,FB,326,32.41,91,79,21,23.08,9,9.89,171,35,20.47,10.74,63,19.33,30.06,24.37,33.23,19.63,0.165,0.256,0.241,0.497,0.0759999999999999,660271
ST,Sweeper,BR,298,29.62,66,59,27,40.91,6,9.09,131,46,35.11,15.44,68,22.82,38.26,26.72,28.57,29.35,0.153,0.242,0.441,0.683,0.288,660271
FC,Cutter,FB,186,18.49,43,36,4,9.3,6,13.95,98,19,19.39,10.22,24,12.9,23.12,21.52,3.11,40.0,0.278,0.381,0.417,0.798,0.1389999999999999,660271
FS,Split-Finger,OS,81,8.05,24,24,9,37.5,0,0.0,34,13,38.24,16.05,2,2.47,18.52,30.3,17.39,16.07,0.167,0.167,0.208,0.375,0.0409999999999999,660271
CU,Curveball,BR,53,5.27,12,12,7,58.33,0,0.0,15,7,46.67,13.21,8,15.09,28.3,18.18,8.07,26.92,0.167,0.167,0.25,0.417,0.0829999999999999,660271
SL,Slider,BR,40,3.98,16,14,7,43.75,2,12.5,22,10,45.45,25.0,1,2.5,27.5,37.04,7.76,28.0,0.357,0.438,0.929,1.367,0.5720000000000001,660271
SI,Sinker,FB,19,1.89,4,4,1,25.0,0,0.0,6,1,16.67,5.26,2,10.53,15.79,15.38,1.55,20.0,0.5,0.5,1.25,1.75,0.75,660271
,,,3,0.3,0,0,0,,0,,0,0,,0.0,0,0.0,0.0,,0.31,0.0,,,,,,660271
SL,Slider,BR,7,58.33,2,2,0,0.0,0,0.0,2,0,0.0,0.0,1,14.29,14.29,0.0,,,0.5,0.5,0.5,1.0,0.0,660431
FF,4-Seam Fastball,FB,4,33.33,1,0,0,0.0,1,100.0,0,0,,0.0,2,50.0,50.0,0.0,,,,1.0,,,,660431
FS,Split-Finger,OS,1,8.33,0,0,0,,0,,0,0,,0.0,0,0.0,0.0,0.0,,,,,,,,660431
FF,4-Seam Fastball,FB,66,35.68,16,14,5,31.25,2,12.5,32,9,28.12,13.64,5,7.58,21.21,25.71,43.28,17.24,0.143,0.25,0.357,0.607,0.214,660593
CH,Changeup,OS,48,25.95,16,15,2,12.5,1,6.25,29,7,24.14,14.58,3,6.25,20.83,44.44,28.36,10.53,0.667,0.688,0.8,1.488,0.133,660593
FC,Cutter,FB,43,23.24,4,2,1,25.0,2,50.0,24,3,12.5,6.98,3,6.98,13.95,40.0,14.93,10.0,0.5,0.75,1.0,1.75,0.5,660593
SI,Sinker,FB,14,7.57,2,2,1,50.0,0,0.0,8,1,12.5,7.14,4,28.57,35.71,50.0,4.48,33.33,0.0,0.0,0.0,0.0,0.0,660593
SL,Slider,BR,14,7.57,4,3,1,25.0,1,25.0,5,2,40.0,14.29,1,7.14,21.43,11.11,8.96,16.67,0.333,0.5,0.333,0.833,0.0,660593
FA,Other,,4,57.14,0,0,0,,0,,3,0,0.0,0.0,0,0.0,0.0,66.67,50.0,0.0,,,,,,660634
EP,Eephus,,3,42.86,2,2,0,0.0,0,0.0,2,0,0.0,0.0,0,0.0,0.0,0.0,50.0,0.0,0.0,0.0,0.0,0.0,0.0,660634
CH,Changeup,OS,6,40.0,3,3,1,33.33,0,0.0,4,2,50.0,33.33,0,0.0,33.33,0.0,33.33,50.0,0.0,0.0,0.0,0.0,0.0,660730
FF,4-Seam Fastball,FB,6,40.0,1,1,1,100.0,0,0.0,2,1,50.0,16.67,1,16.67,33.33,0.0,50.0,33.33,0.0,0.0,0.0,0.0,0.0,660730
CU,Curveball,BR,3,20.0,0,0,0,,0,,2,0,0.0,0.0,0,0.0,0.0,50.0,16.67,0.0,,,,,,660730
ST,Sweeper,BR,42,35.0,9,9,1,11.11,0,0.0,15,5,33.33,11.9,5,11.9,23.81,22.22,48.15,7.69,0.0,0.0,0.0,0.0,0.0,660761
SI,Sinker,FB,40,33.33,14,13,2,14.29,1,7.14,20,2,10.0,5.0,7,17.5,22.5,15.38,22.22,33.33,0.308,0.357,0.538,0.895,0.23,660761
FF,4-Seam Fastball,FB,22,18.33,3,1,0,0.0,2,66.67,7,1,14.29,4.55,5,22.73,27.27,0.0,18.52,0.0,1.0,1.0,1.0,2.0,0.0,660761
SL,Slider,BR,11,9.17,4,4,0,0.0,0,0.0,6,2,33.33,18.18,2,18.18,36.36,0.0,7.41,0.0,0.75,0.75,1.0,1.75,0.25,660761
CH,Changeup,OS,3,2.5,1,1,1,100.0,0,0.0,2,2,100.0,66.67,0,0.0,66.67,66.67,3.7,100.0,0.0,0.0,0.0,0.0,0.0,660761
FC,Cutter,FB,2,1.67,2,1,0,0.0,1,50.0,1,0,0.0,0.0,0,0.0,0.0,,0.0,,0.0,0.5,0.0,0.5,0.0,660761
SI,Sinker,FB,74,46.54,20,15,2,10.0,4,20.0,33,5,15.15,6.76,17,22.97,29.73,16.67,43.75,14.29,0.2,0.35,0.4,0.75,0.2,660787
CH,Changeup,OS,56,35.22,15,15,2,13.33,0,0.0,24,5,20.83,8.93,2,3.57,12.5,16.22,31.25,20.0,0.2,0.2,0.2,0.4,0.0,660787
SL,Slider,BR,19,11.95,6,4,1,16.67,2,33.33,6,1,16.67,5.26,4,21.05,26.32,27.27,25.0,12.5,0.25,0.5,0.75,1.25,0.5,660787
,,,10,6.29,3,0,0,0.0,3,100.0,0,0,,0.0,0,0.0,0.0,,0.0,,,1.0,,,,660787
FC,Cutter,FB,201,50.38,51,44,5,9.8,5,9.8,103,15,14.56,7.46,24,11.94,19.4,26.8,24.3,19.23,0.227,0.314,0.273,0.587,0.046,660813
FF,4-Seam Fastball,FB,89,22.31,22,21,2,9.09,1,4.55,52,10,19.23,11.24,8,8.99,20.22,37.78,29.91,6.25,0.238,0.273,0.286,0.5589999999999999,0.0479999999999999,660813
SL,Slider,BR,62,15.54,18,18,9,50.0,0,0.0,32,12,37.5,19.35,7,11.29,30.65,43.9,38.32,21.95,0.056,0.056,0.222,0.278,0.166,660813
SI,Sinker,FB,44,11.03,14,13,4,28.57,1,7.14,21,4,19.05,9.09,13,29.55,38.64,31.25,7.48,50.0,0.308,0.357,0.385,0.742,0.077,660813
,,,3,0.75,1,0,0,0.0,1,100.0,0,0,,0.0,0,0.0,0.0,,0.0,,,1.0,,,,660813
ST,Sweeper,BR,40,40.0,8,8,3,37.5,0,0.0,21,8,38.1,20.0,7,17.5,37.5,45.0,47.06,18.75,0.5,0.5,0.75,1.25,0.25,660825
FF,4-Seam Fastball,FB,31,31.0,8,8,1,12.5,0,0.0,14,4,28.57,12.9,5,16.13,29.03,13.33,17.65,16.67,0.125,0.125,0.5,0.625,0.375,660825
FS,Split-Finger,OS,15,15.0,5,5,2,40.0,0,0.0,9,3,33.33,20.0,1,6.67,26.67,44.44,17.65,33.33,0.0,0.0,0.0,0.0,0.0,660825
SI,Sinker,FB,14,14.0,4,3,0,0.0,1,25.0,6,1,16.67,7.14,2,14.29,21.43,14.29,17.65,0.0,0.0,0.25,0.0,0.25,0.0,660825
FF,4-Seam Fastball,FB,336,66.27,78,69,12,15.38,8,10.26,174,23,13.22,6.85,53,15.77,22.62,13.33,66.08,10.62,0.304,0.372,0.42,0.792,0.1159999999999999,660853
CH,Changeup,OS,94,18.54,23,20,2,8.7,3,13.04,42,12,28.57,12.77,7,7.45,20.21,34.33,18.71,6.25,0.25,0.348,0.45,0.798,0.2,660853
SL,Slider,BR,68,13.41,16,14,4,25.0,2,12.5,23,8,34.78,11.76,11,16.18,27.94,29.63,14.62,16.0,0.143,0.25,0.357,0.607,0.214,660853
,,,9,1.78,2,0,0,0.0,2,100.0,0,0,,0.0,0,0.0,0.0,,0.58,0.0,,1.0,,,,660853
CH,Changeup,OS,53,43.8,12,10,1,8.33,1,8.33,18,5,27.78,9.43,10,18.87,28.3,24.24,38.24,7.69,0.1,0.167,0.1,0.267,0.0,660896
SL,Slider,BR,38,31.4,10,8,1,10.0,2,20.0,18,6,33.33,15.79,9,23.68,39.47,35.29,38.24,7.69,0.25,0.4,0.625,1.025,0.375,660896
FF,4-Seam Fastball,FB,28,23.14,6,5,1,16.67,1,16.67,11,1,9.09,3.57,5,17.86,21.43,25.0,17.65,16.67,0.0,0.167,0.0,0.167,0.0,660896
SI,Sinker,FB,2,1.65,1,1,1,100.0,0,0.0,1,0,0.0,0.0,1,50.0,50.0,,5.88,50.0,0.0,0.0,0.0,0.0,0.0,660896
SL,Slider,BR,46,45.54,8,8,2,25.0,0,0.0,20,9,45.0,19.57,6,13.04,32.61,35.48,50.0,12.5,0.125,0.125,0.125,0.25,0.0,660906
FF,4-Seam Fastball,FB,31,30.69,10,8,2,20.0,2,20.0,15,4,26.67,12.9,2,6.45,19.35,22.22,37.5,16.67,0.375,0.5,0.375,0.875,0.0,660906
SI,Sinker,FB,18,17.82,7,5,0,0.0,1,14.29,8,0,0.0,0.0,4,22.22,22.22,33.33,6.25,0.0,0.8,0.857,1.0,1.857,0.1999999999999999,660906
CH,Changeup,OS,4,3.96,0,0,0,,0,,2,0,0.0,0.0,1,25.0,25.0,0.0,3.12,0.0,,,,,,660906
CU,Curveball,BR,2,1.98,0,0,0,,0,,0,0,,0.0,0,0.0,0.0,0.0,3.12,0.0,,,,,,660906
FF,4-Seam Fastball,FB,234,61.42,53,43,11,20.75,7,13.21,88,15,17.05,6.41,47,20.09,26.5,12.5,62.62,16.42,0.256,0.358,0.535,0.893,0.279,661309
CH,Changeup,OS,130,34.12,41,39,4,9.76,1,2.44,75,13,17.33,10.0,9,6.92,16.92,34.67,32.71,11.43,0.359,0.366,0.487,0.853,0.128,661309
SL,Slider,BR,13,3.41,2,1,1,50.0,0,0.0,6,3,50.0,23.08,2,15.38,38.46,50.0,3.74,25.0,0.0,0.5,0.0,0.5,0.0,661309
SI,Sinker,FB,3,0.79,1,1,0,0.0,0,0.0,2,0,0.0,0.0,0,0.0,0.0,0.0,0.93,0.0,0.0,0.0,0.0,0.0,0.0,661309
,,,1,0.26,0,0,0,,0,,0,0,,0.0,0,0.0,0.0,,0.0,,,,,,,661309
CU,Curveball,BR,41,33.06,13,13,1,7.69,0,0.0,21,3,14.29,7.32,6,14.63,21.95,43.48,45.45,6.67,0.231,0.231,0.231,0.462,0.0,661383
FF,4-Seam Fastball,FB,38,30.65,7,6,1,14.29,1,14.29,17,4,23.53,10.53,11,28.95,39.47,20.0,24.24,12.5,0.167,0.286,0.667,0.953,0.5,661383
SL,Slider,BR,33,26.61,9,8,4,44.44,0,0.0,16,7,43.75,21.21,5,15.15,36.36,25.0,27.27,44.44,0.125,0.222,0.125,0.347,0.0,661383
SI,Sinker,FB,11,8.87,3,3,0,0.0,0,0.0,3,0,0.0,0.0,5,45.45,45.45,0.0,3.03,0.0,0.333,0.333,0.333,0.666,0.0,661383
ST,Sweeper,BR,1,0.81,0,0,0,,0,,0,0,,0.0,0,0.0,0.0,0.0,0.0,,,,,,,661383
FF,4-Seam Fastball,FB,247,45.16,48,41,18,37.5,6,12.5,143,59,41.26,23.89,24,9.72,33.6,31.58,46.41,20.24,0.195,0.298,0.244,0.542,0.0489999999999999,661395
KC,Knuckle Curve,BR,151,27.61,34,32,23,67.65,1,2.94,59,34,57.63,22.52,28,18.54,41.06,31.91,37.57,33.82,0.125,0.147,0.125,0.272,0.0,661395
FS,Split-Finger,OS,141,25.78,42,39,10,23.81,3,7.14,72,20,27.78,14.18,18,12.77,26.95,23.44,15.47,35.71,0.282,0.333,0.308,0.641,0.026,661395
,,,8,1.46,4,0,0,0.0,4,100.0,0,0,,0.0,0,0.0,0.0,,0.55,0.0,,1.0,,,,661395
FC,Cutter,FB,437,70.94,109,101,22,20.18,6,5.5,215,52,24.19,11.9,81,18.54,30.43,30.0,60.22,19.64,0.297,0.339,0.386,0.7250000000000001,0.089,661403
SL,Slider,BR,168,27.27,39,36,20,51.28,3,7.69,79,29,36.71,17.26,17,10.12,27.38,25.56,37.1,28.99,0.139,0.205,0.139,0.344,0.0,661403
,,,6,0.97,1,0,0,0.0,1,100.0,0,0,,0.0,0,0.0,0.0,,0.0,,,1.0,,,,661403
SI,Sinker,FB,4,0.65,1,1,0,0.0,0,0.0,2,0,0.0,0.0,0,0.0,0.0,33.33,2.15,0.0,0.0,0.0,0.0,0.0,0.0,661403
FF,4-Seam Fastball,FB,1,0.16,1,1,0,0.0,0,0.0,1,0,0.0,0.0,0,0.0,0.0,,0.54,0.0,0.0,0.0,0.0,0.0,0.0,661403
SI,Sinker,FB,114,57.29,34,29,2,5.88,4,11.76,53,2,3.77,1.75,24,21.05,22.81,11.9,62.12,4.88,0.414,0.471,0.517,0.988,0.103,661440
SL,Slider,BR,59,29.65,11,11,4,36.36,0,0.0,28,8,28.57,13.56,10,16.95,30.51,36.67,30.3,20.0,0.273,0.273,0.636,0.909,0.363,661440
FC,Cutter,FB,18,9.05,3,2,0,0.0,0,0.0,5,0,0.0,0.0,1,5.56,5.56,14.29,7.58,0.0,0.5,0.667,2.0,2.667,1.5,661440
,,,8,4.02,2,0,0,0.0,2,100.0,0,0,,0.0,0,0.0,0.0,,0.0,,,1.0,,,,661440
FF,4-Seam Fastball,FB,167,48.83,43,35,5,11.63,8,18.6,75,12,16.0,7.19,34,20.36,27.54,13.24,50.0,9.62,0.429,0.535,0.629,1.164,0.2,661527
CH,Changeup,OS,108,31.58,23,19,5,21.74,4,17.39,44,17,38.64,15.74,4,3.7,19.44,31.46,40.38,11.9,0.263,0.391,0.421,0.812,0.1579999999999999,661527
ST,Sweeper,BR,56,16.37,13,12,1,7.69,1,7.69,28,8,28.57,14.29,9,16.07,30.36,33.33,9.62,10.0,0.167,0.231,0.167,0.398,0.0,661527
,,,8,2.34,2,0,0,0.0,2,100.0,0,0,,0.0,0,0.0,0.0,,0.0,,,1.0,,,,661527
SI,Sinker,FB,3,0.88,1,0,0,0.0,1,100.0,0,0,,0.0,1,33.33,33.33,0.0,0.0,,,1.0,,,,661527
SL,Slider,BR,210,48.95,51,49,20,39.22,0,0.0,108,53,49.07,25.24,38,18.1,43.33,39.32,53.49,28.99,0.265,0.28,0.408,0.688,0.1429999999999999,662253
FF,4-Seam Fastball,FB,169,39.39,42,35,11,26.19,6,14.29,77,18,23.38,10.65,30,17.75,28.4,18.42,37.98,22.45,0.143,0.286,0.2,0.486,0.057,662253
SI,Sinker,FB,42,9.79,9,7,0,0.0,2,22.22,18,3,16.67,7.14,3,7.14,14.29,27.59,8.53,0.0,0.571,0.667,0.571,1.238,0.0,662253
,,,8,1.86,2,0,0,0.0,2,100.0,0,0,,0.0,0,0.0,0.0,,0.0,,,1.0,,,,662253
FF,4-Seam Fastball,FB,92,45.32,21,21,7,33.33,0,0.0,49,12,24.49,13.04,21,22.83,35.87,23.33,52.11,18.92,0.143,0.143,0.286,0.4289999999999999,0.143,663158
CH,Changeup,OS,87,42.86,19,17,2,10.53,1,5.26,42,15,35.71,17.24,7,8.05,25.29,28.85,39.44,7.14,0.059,0.105,0.235,0.3399999999999999,0.176,663158
SI,Sinker,FB,13,6.4,3,3,0,0.0,0,0.0,7,1,14.29,7.69,2,15.38,23.08,42.86,5.63,0.0,0.667,0.667,1.0,1.667,0.3329999999999999,663158
,,,7,3.45,3,0,0,0.0,3,100.0,0,0,,0.0,0,0.0,0.0,,0.0,,,1.0,,,,663158
SL,Slider,BR,3,1.48,0,0,0,,0,,0,0,,0.0,0,0.0,0.0,0.0,1.41,0.0,,,,,,663158
FC,Cutter,FB,1,0.49,0,0,0,,0,,0,0,,0.0,0,0.0,0.0,0.0,1.41,0.0,,,,,,663158
SL,Slider,BR,26,70.27,6,5,4,66.67,0,0.0,17,6,35.29,23.08,2,7.69,30.77,50.0,68.75,36.36,0.2,0.333,0.8,1.133,0.6000000000000001,663321
FF,4-Seam Fastball,FB,9,24.32,2,2,0,0.0,0,0.0,4,0,0.0,0.0,1,11.11,11.11,0.0,25.0,0.0,0.5,0.5,0.5,1.0,0.0,663321
FS,Split-Finger,OS,2,5.41,0,0,0,,0,,1,0,0.0,0.0,0,0.0,0.0,50.0,6.25,0.0,,,,,,663321
KN,Knuckleball,,102,30.09,18,18,1,5.56,0,0.0,42,9,21.43,8.82,15,14.71,23.53,18.87,30.53,3.45,0.222,0.222,0.222,0.444,0.0,663362
FF,4-Seam Fastball,FB,93,27.43,22,18,4,18.18,4,18.18,37,8,21.62,8.6,17,18.28,26.88,24.07,31.58,13.33,0.278,0.409,0.556,0.965,0.278,663362
FC,Cutter,FB,61,17.99,22,19,5,22.73,3,13.64,40,9,22.5,14.75,6,9.84,24.59,50.0,24.21,21.74,0.158,0.273,0.368,0.641,0.21,663362
ST,Sweeper,BR,45,13.27,12,9,1,8.33,2,16.67,16,0,0.0,0.0,15,33.33,33.33,6.25,8.42,12.5,0.333,0.417,0.444,0.861,0.1109999999999999,663362
SI,Sinker,FB,38,11.21,11,11,1,9.09,0,0.0,13,1,7.69,2.63,13,34.21,36.84,0.0,5.26,20.0,0.455,0.455,0.818,1.273,0.3629999999999999,663362
SL,Slider,BR,125,28.74,26,22,3,11.54,4,15.38,54,8,14.81,6.4,29,23.2,29.6,22.64,20.0,11.54,0.227,0.346,0.318,0.6639999999999999,0.091,663372
FF,4-Seam Fastball,FB,121,27.82,32,24,5,15.62,7,21.88,45,5,11.11,4.13,27,22.31,26.45,14.04,28.46,13.51,0.25,0.438,0.292,0.73,0.0419999999999999,663372
CH,Changeup,OS,101,23.22,24,22,8,33.33,2,8.33,50,23,46.0,22.77,9,8.91,31.68,33.33,30.0,20.51,0.091,0.167,0.091,0.258,0.0,663372
SI,Sinker,FB,47,10.8,17,12,0,0.0,5,29.41,18,5,27.78,10.64,7,14.89,25.53,14.29,5.38,0.0,0.75,0.824,0.917,1.741,0.167,663372
CU,Curveball,BR,35,8.05,10,9,2,20.0,0,0.0,19,1,5.26,2.86,4,11.43,14.29,25.0,14.62,10.53,0.222,0.3,0.333,0.633,0.111,663372
,,,6,1.38,1,1,1,100.0,0,0.0,0,0,,0.0,0,0.0,0.0,,1.54,50.0,0.0,0.0,0.0,0.0,0.0,663372
SI,Sinker,FB,57,56.44,15,13,1,6.67,2,13.33,25,2,8.0,3.51,9,15.79,19.3,10.71,50.0,8.33,0.308,0.4,0.385,0.785,0.077,663385
SL,Slider,BR,35,34.65,8,7,1,12.5,0,0.0,15,5,33.33,14.29,7,20.0,34.29,30.0,45.83,9.09,0.429,0.5,0.429,0.929,0.0,663385
CH,Changeup,OS,7,6.93,0,0,0,,0,,2,1,50.0,14.29,0,0.0,14.29,0.0,0.0,,,,,,,663385
FF,4-Seam Fastball,FB,2,1.98,1,1,0,0.0,0,0.0,2,0,0.0,0.0,0,0.0,0.0,,4.17,0.0,1.0,1.0,4.0,5.0,3.0,663385
FF,4-Seam Fastball,FB,89,45.18,23,22,1,4.35,1,4.35,36,6,16.67,6.74,20,22.47,29.21,14.63,28.81,5.88,0.273,0.304,0.545,0.849,0.272,663423
ST,Sweeper,BR,44,22.34,10,9,1,10.0,1,10.0,19,2,10.53,4.55,15,34.09,38.64,7.69,15.25,11.11,0.333,0.4,0.889,1.289,0.556,663423
CU,Curveball,BR,41,20.81,13,12,3,23.08,1,7.69,18,4,22.22,9.76,5,12.2,21.95,19.05,37.29,13.64,0.5,0.538,0.583,1.121,0.0829999999999999,663423
SL,Slider,BR,18,9.14,6,6,2,33.33,0,0.0,8,1,12.5,5.56,3,16.67,22.22,14.29,15.25,22.22,0.167,0.167,0.333,0.5,0.166,663423
SI,Sinker,FB,3,1.52,3,3,0,0.0,0,0.0,3,0,0.0,0.0,0,0.0,0.0,,1.69,0.0,0.0,0.0,0.0,0.0,0.0,663423
FC,Cutter,FB,1,0.51,0,0,0,,0,,0,0,,0.0,1,100.0,100.0,,0.0,,,,,,,663423
,,,1,0.51,0,0,0,,0,,0,0,,0.0,0,0.0,0.0,,1.69,0.0,,,,,,663423
FF,4-Seam Fastball,FB,2,50.0,1,1,0,0.0,0,0.0,1,0,0.0,0.0,0,0.0,0.0,50.0,,,0.0,0.0,0.0,0.0,0.0,663432
SL,Slider,BR,2,50.0,1,1,0,0.0,0,0.0,2,0,0.0,0.0,0,0.0,0.0,100.0,,,1.0,1.0,1.0,2.0,0.0,663432
FF,4-Seam Fastball,FB,10,66.67,1,1,0,0.0,0,0.0,3,1,33.33,10.0,3,30.0,40.0,0.0,50.0,0.0,0.0,0.0,0.0,0.0,0.0,663455
SL,Slider,BR,5,33.33,2,2,0,0.0,0,0.0,2,0,0.0,0.0,1,20.0,20.0,0.0,50.0,0.0,0.0,0.0,0.0,0.0,0.0,663455
SL,Slider,BR,20,38.46,5,5,3,60.0,0,0.0,14,6,42.86,30.0,1,5.0,35.0,37.5,50.0,30.0,0.2,0.2,0.2,0.4,0.0,663460
FF,4-Seam Fastball,FB,18,34.62,4,3,0,0.0,0,0.0,6,1,16.67,5.56,4,22.22,27.78,12.5,10.0,0.0,0.333,0.5,0.333,0.833,0.0,663460
CU,Curveball,BR,11,21.15,2,2,1,50.0,0,0.0,5,1,20.0,9.09,2,18.18,27.27,33.33,25.0,20.0,0.0,0.0,0.0,0.0,0.0,663460
CH,Changeup,OS,3,5.77,1,1,0,0.0,0,0.0,2,0,0.0,0.0,0,0.0,0.0,0.0,15.0,0.0,0.0,0.0,0.0,0.0,0.0,663460
FF,4-Seam Fastball,FB,105,49.53,19,16,8,42.11,3,15.79,46,12,26.09,11.43,18,17.14,28.57,20.75,49.3,22.86,0.25,0.368,0.438,0.806,0.188,663462
SL,Slider,BR,81,38.21,23,23,13,56.52,0,0.0,44,18,40.91,22.22,11,13.58,35.8,38.1,42.25,43.33,0.043,0.043,0.043,0.086,0.0,663462
ST,Sweeper,BR,21,9.91,5,4,1,20.0,0,0.0,6,1,16.67,4.76,7,33.33,38.1,12.5,8.45,16.67,0.5,0.6,0.5,1.1,0.0,663462
,,,4,1.89,1,0,0,0.0,1,100.0,0,0,,0.0,0,0.0,0.0,,0.0,,,1.0,,,,663462
FC,Cutter,FB,1,0.47,0,0,0,,0,,0,0,,0.0,0,0.0,0.0,0.0,0.0,,,,,,,663462
FC,Cutter,FB,25,54.35,8,8,1,12.5,0,0.0,17,3,17.65,12.0,5,20.0,32.0,57.14,50.0,10.0,0.375,0.375,0.375,0.75,0.0,663465
FF,4-Seam Fastball,FB,15,32.61,2,2,2,100.0,0,0.0,6,2,33.33,13.33,3,20.0,33.33,25.0,30.0,33.33,0.0,0.0,0.0,0.0,0.0,663465
CU,Curveball,BR,6,13.04,1,1,1,100.0,0,0.0,5,2,40.0,33.33,0,0.0,33.33,50.0,20.0,25.0,0.0,0.0,0.0,0.0,0.0,663465
FF,4-Seam Fastball,FB,96,75.59,24,15,2,8.33,9,37.5,32,4,12.5,4.17,12,12.5,16.67,12.07,73.08,10.53,0.0,0.375,0.0,0.375,0.0,663474
CU,Curveball,BR,24,18.9,1,1,1,100.0,0,0.0,5,2,40.0,8.33,8,33.33,41.67,7.69,11.54,33.33,0.0,0.0,0.0,0.0,0.0,663474
SL,Slider,BR,7,5.51,2,1,1,50.0,1,50.0,2,1,50.0,14.29,0,0.0,14.29,20.0,15.38,25.0,0.0,0.5,0.0,0.5,0.0,663474
FF,4-Seam Fastball,FB,117,48.75,32,25,7,21.88,7,21.88,64,9,14.06,7.69,16,13.68,21.37,13.64,48.84,16.67,0.16,0.344,0.32,0.6639999999999999,0.16,663485
FS,Split-Finger,OS,65,27.08,15,14,2,13.33,1,6.67,28,6,21.43,9.23,8,12.31,21.54,23.81,24.42,9.52,0.357,0.4,0.714,1.114,0.357,663485
CU,Curveball,BR,50,20.83,6,6,2,33.33,0,0.0,14,1,7.14,2.0,11,22.0,24.0,15.38,24.42,9.52,0.333,0.333,0.5,0.833,0.1669999999999999,663485
FC,Cutter,FB,6,2.5,1,1,0,0.0,0,0.0,3,0,0.0,0.0,1,16.67,16.67,33.33,2.33,0.0,1.0,1.0,4.0,5.0,3.0,663485
SI,Sinker,FB,2,0.83,0,0,0,,0,,0,0,,0.0,0,0.0,0.0,0.0,0.0,,,,,,,663485
FF,4-Seam Fastball,FB,67,83.75,16,12,1,6.25,3,18.75,32,7,21.88,10.45,16,23.88,34.33,16.67,79.31,4.35,0.25,0.438,0.25,0.688,0.0,663542
FC,Cutter,FB,11,13.75,3,2,0,0.0,0,0.0,4,0,0.0,0.0,1,9.09,9.09,12.5,17.24,0.0,0.5,0.333,0.5,0.833,0.0,663542
ST,Sweeper,BR,2,2.5,0,0,0,,0,,1,0,0.0,0.0,0,0.0,0.0,0.0,3.45,0.0,,,,,,663542
SI,Sinker,FB,112,49.12,39,33,6,15.38,4,10.26,53,5,9.43,4.46,32,28.57,33.04,8.57,48.53,18.18,0.333,0.395,0.606,1.001,0.2729999999999999,663546
KC,Knuckle Curve,BR,93,40.79,19,17,6,31.58,0,0.0,53,20,37.74,21.51,4,4.3,25.81,32.08,44.12,20.0,0.235,0.316,0.294,0.61,0.059,663546
CH,Changeup,OS,17,7.46,1,1,0,0.0,0,0.0,5,1,20.0,5.88,2,11.76,17.65,16.67,5.88,0.0,0.0,0.0,0.0,0.0,0.0,663546
,,,4,1.75,1,0,0,0.0,1,100.0,0,0,,0.0,0,0.0,0.0,,0.0,,,1.0,,,,663546
FF,4-Seam Fastball,FB,2,0.88,0,0,0,,0,,1,0,0.0,0.0,0,0.0,0.0,0.0,1.47,0.0,,,,,,663546
FF,4-Seam Fastball,FB,164,48.66,48,41,6,12.5,7,14.58,84,12,14.29,7.32,29,17.68,25.0,24.62,47.12,12.24,0.366,0.458,0.415,0.873,0.0489999999999999,663556
SL,Slider,BR,106,31.45,28,27,6,21.43,1,3.57,63,26,41.27,24.53,18,16.98,41.51,43.75,31.73,18.18,0.222,0.25,0.259,0.509,0.037,663556
CU,Curveball,BR,59,17.51,9,9,4,44.44,0,0.0,20,7,35.0,11.86,13,22.03,33.9,28.95,14.42,26.67,0.0,0.0,0.0,0.0,0.0,663556
CH,Changeup,OS,8,2.37,2,2,1,50.0,0,0.0,4,1,25.0,12.5,0,0.0,12.5,0.0,6.73,14.29,0.0,0.0,0.0,0.0,0.0,663556
FF,4-Seam Fastball,FB,169,55.59,36,25,7,19.44,9,25.0,66,16,24.24,9.47,41,24.26,33.73,17.11,46.59,17.07,0.16,0.382,0.16,0.542,0.0,663558
CH,Changeup,OS,81,26.64,26,24,13,50.0,2,7.69,44,24,54.55,29.63,2,2.47,32.1,36.36,39.77,37.14,0.125,0.192,0.208,0.4,0.0829999999999999,663558
SL,Slider,BR,52,17.11,11,9,2,18.18,2,18.18,22,9,40.91,17.31,5,9.62,26.92,27.78,12.5,18.18,0.444,0.545,0.444,0.989,0.0,663558
,,,2,0.66,0,0,0,,0,,0,0,,0.0,0,0.0,0.0,,1.14,0.0,,,,,,663558
FF,4-Seam Fastball,FB,127,49.03,38,36,8,21.05,2,5.26,65,12,18.46,9.45,29,22.83,32.28,23.91,50.0,21.62,0.333,0.368,0.472,0.84,0.1389999999999999,663559
SL,Slider,BR,79,30.5,19,18,2,10.53,1,5.26,36,9,25.0,11.39,12,15.19,26.58,25.0,27.03,10.0,0.444,0.474,1.333,1.807,0.889,663559
CU,Curveball,BR,32,12.36,9,9,2,22.22,0,0.0,17,3,17.65,9.38,6,18.75,28.12,25.0,18.92,14.29,0.111,0.111,0.111,0.222,0.0,663559
SI,Sinker,FB,20,7.72,3,3,0,0.0,0,0.0,6,0,0.0,0.0,1,5.0,5.0,7.14,4.05,0.0,1.0,1.0,1.667,2.667,0.667,663559
CH,Changeup,OS,1,0.39,0,0,0,,0,,0,0,,0.0,0,0.0,0.0,0.0,0.0,,,,,,,663559
SI,Sinker,FB,152,48.87,32,27,4,12.5,5,15.62,67,10,14.93,6.58,24,15.79,22.37,10.45,36.36,12.5,0.444,0.531,0.852,1.383,0.408,663562
FC,Cutter,FB,52,16.72,12,9,3,25.0,3,25.0,28,6,21.43,11.54,9,17.31,28.85,40.74,14.77,23.08,0.0,0.25,0.0,0.25,0.0,663562
CH,Changeup,OS,50,16.08,15,14,3,20.0,1,6.67,23,7,30.43,14.0,3,6.0,20.0,20.0,12.5,27.27,0.571,0.6,0.929,1.529,0.3580000000000001,663562
SL,Slider,BR,26,8.36,7,6,3,42.86,0,0.0,15,4,26.67,15.38,3,11.54,26.92,38.46,13.64,25.0,0.0,0.143,0.0,0.143,0.0,663562
CU,Curveball,BR,25,8.04,9,7,3,33.33,1,11.11,12,2,16.67,8.0,2,8.0,16.0,21.43,21.59,15.79,0.143,0.333,0.143,0.476,0.0,663562
FF,4-Seam Fastball,FB,6,1.93,2,2,0,0.0,0,0.0,4,1,25.0,16.67,1,16.67,33.33,100.0,1.14,0.0,0.5,0.5,0.5,1.0,0.0,663562
FF,4-Seam Fastball,FB,318,46.29,67,55,8,11.94,12,17.91,135,22,16.3,6.92,60,18.87,25.79,16.67,39.78,10.81,0.273,0.403,0.509,0.912,0.236,663567
CH,Changeup,OS,198,28.82,64,60,16,25.0,4,6.25,101,31,30.69,15.66,15,7.58,23.23,33.87,34.41,25.0,0.25,0.297,0.467,0.764,0.217,663567
SL,Slider,BR,114,16.59,27,22,4,14.81,2,7.41,58,12,20.69,10.53,13,11.4,21.93,26.79,15.59,10.34,0.455,0.556,0.636,1.1920000000000002,0.181,663567
CU,Curveball,BR,29,4.22,9,9,0,0.0,0,0.0,15,4,26.67,13.79,6,20.69,34.48,46.67,4.84,0.0,0.0,0.0,0.0,0.0,0.0,663567
ST,Sweeper,BR,28,4.08,6,6,1,16.67,0,0.0,15,1,6.67,3.57,7,25.0,28.57,41.67,5.38,10.0,0.5,0.5,1.167,1.667,0.667,663567
FF,4-Seam Fastball,FB,16,51.61,5,5,1,20.0,0,0.0,5,1,20.0,6.25,6,37.5,43.75,14.29,66.67,50.0,0.0,0.0,0.0,0.0,0.0,663574
SV,Slurve,BR,11,35.48,3,1,0,0.0,2,66.67,2,1,50.0,9.09,3,27.27,36.36,12.5,33.33,0.0,1.0,1.0,2.0,3.0,1.0,663574
,,,4,12.9,1,0,0,0.0,1,100.0,0,0,,0.0,0,0.0,0.0,,0.0,,,1.0,,,,663574
FF,4-Seam Fastball,FB,497,42.84,117,100,19,16.24,16,13.68,237,41,17.3,8.25,71,14.29,22.54,22.69,47.7,10.8,0.25,0.359,0.47,0.829,0.2199999999999999,663623
CU,Curveball,BR,329,28.36,74,64,15,20.27,7,9.46,143,30,20.98,9.12,66,20.06,29.18,29.19,31.98,12.71,0.234,0.324,0.406,0.73,0.172,663623
SI,Sinker,FB,234,20.17,68,63,8,11.76,5,7.35,115,13,11.3,5.56,38,16.24,21.79,25.0,15.45,14.04,0.349,0.397,0.603,1.0,0.254,663623
CH,Changeup,OS,100,8.62,27,25,6,22.22,2,7.41,42,7,16.67,7.0,24,24.0,31.0,18.18,4.88,33.33,0.28,0.333,0.56,0.893,0.28,663623
FF,4-Seam Fastball,FB,27,64.29,5,5,2,40.0,0,0.0,13,4,30.77,14.81,7,25.93,40.74,50.0,58.82,20.0,0.2,0.2,0.2,0.4,0.0,663629
CH,Changeup,OS,12,28.57,4,4,3,75.0,0,0.0,7,4,57.14,33.33,1,8.33,41.67,50.0,29.41,60.0,0.25,0.25,0.25,0.5,0.0,663629
SL,Slider,BR,3,7.14,1,1,0,0.0,0,0.0,1,0,0.0,0.0,0,0.0,0.0,33.33,11.76,0.0,1.0,1.0,2.0,3.0,1.0,663629
EP,Eephus,,9,100.0,3,3,0,0.0,0,0.0,3,0,0.0,0.0,2,22.22,22.22,14.29,,,1.0,1.0,1.333,2.333,0.3329999999999999,663630
SI,Sinker,FB,110,36.79,26,20,3,11.54,6,23.08,40,8,20.0,7.27,25,22.73,30.0,17.24,24.0,16.67,0.25,0.423,0.35,0.7729999999999999,0.0999999999999999,663658
ST,Sweeper,BR,104,34.78,21,19,4,19.05,2,9.52,41,8,19.51,7.69,25,24.04,31.73,22.92,41.33,12.9,0.211,0.286,0.842,1.128,0.631,663658
FC,Cutter,FB,60,20.07,12,10,0,0.0,2,16.67,23,5,21.74,8.33,9,15.0,23.33,21.05,17.33,0.0,0.2,0.333,0.8,1.133,0.6000000000000001,663658
FF,4-Seam Fastball,FB,15,5.02,7,7,4,57.14,0,0.0,7,2,28.57,13.33,3,20.0,33.33,28.57,13.33,40.0,0.143,0.143,0.143,0.286,0.0,663658
CH,Changeup,OS,10,3.34,3,3,1,33.33,0,0.0,3,0,0.0,0.0,1,10.0,10.0,14.29,4.0,33.33,0.0,0.0,0.0,0.0,0.0,663658
FF,4-Seam Fastball,FB,119,52.89,36,29,7,19.44,6,16.67,47,9,19.15,7.56,28,23.53,31.09,13.64,64.58,22.58,0.241,0.389,0.379,0.768,0.138,663687
FC,Cutter,FB,48,21.33,12,11,1,8.33,1,8.33,21,5,23.81,10.42,9,18.75,29.17,11.11,14.58,14.29,0.455,0.5,0.636,1.136,0.181,663687
ST,Sweeper,BR,38,16.89,8,8,2,25.0,0,0.0,14,5,35.71,13.16,6,15.79,28.95,27.27,14.58,28.57,0.25,0.25,0.25,0.5,0.0,663687
CU,Curveball,BR,16,7.11,2,2,1,50.0,0,0.0,5,2,40.0,12.5,2,12.5,25.0,18.18,4.17,50.0,0.5,0.5,1.0,1.5,0.5,663687
CH,Changeup,OS,4,1.78,1,1,0,0.0,0,0.0,2,0,0.0,0.0,0,0.0,0.0,0.0,2.08,0.0,1.0,1.0,1.0,2.0,0.0,663687
CU,Curveball,BR,90,56.6,20,18,9,45.0,0,0.0,42,15,35.71,16.67,18,20.0,36.67,33.33,60.0,30.0,0.167,0.2,0.278,0.478,0.111,663704
SI,Sinker,FB,44,27.67,9,8,1,11.11,1,11.11,16,1,6.25,2.27,13,29.55,31.82,19.05,24.0,8.33,0.5,0.556,1.5,2.056,1.0,663704
SL,Slider,BR,17,10.69,7,7,0,0.0,0,0.0,15,1,6.67,5.88,2,11.76,17.65,100.0,10.0,0.0,0.286,0.286,0.429,0.715,0.143,663704
FF,4-Seam Fastball,FB,6,3.77,2,2,0,0.0,0,0.0,3,0,0.0,0.0,0,0.0,0.0,0.0,4.0,0.0,0.0,0.0,0.0,0.0,0.0,663704
FC,Cutter,FB,2,1.26,0,0,0,,0,,0,0,,0.0,0,0.0,0.0,0.0,2.0,0.0,,,,,,663704
SL,Slider,BR,56,49.12,18,18,4,22.22,0,0.0,30,8,26.67,14.29,7,12.5,26.79,16.67,56.25,22.22,0.167,0.167,0.167,0.334,0.0,663738
FF,4-Seam Fastball,FB,37,32.46,6,4,0,0.0,1,16.67,17,3,17.65,8.11,7,18.92,27.03,18.75,31.25,0.0,0.5,0.667,0.5,1.167,0.0,663738
SI,Sinker,FB,14,12.28,4,4,0,0.0,0,0.0,7,0,0.0,0.0,4,28.57,28.57,40.0,6.25,0.0,0.75,0.75,0.75,1.5,0.0,663738
KC,Knuckle Curve,BR,5,4.39,4,4,0,0.0,0,0.0,4,0,0.0,0.0,1,20.0,20.0,,3.12,0.0,0.5,0.5,0.5,1.0,0.0,663738
CH,Changeup,OS,2,1.75,0,0,0,,0,,1,0,0.0,0.0,0,0.0,0.0,0.0,3.12,0.0,,,,,,663738
FF,4-Seam Fastball,FB,29,44.62,4,4,0,0.0,0,0.0,14,3,21.43,10.34,4,13.79,24.14,0.0,30.77,0.0,0.5,0.5,1.25,1.75,0.75,663752
CH,Changeup,OS,17,26.15,4,2,0,0.0,2,50.0,6,2,33.33,11.76,1,5.88,17.65,0.0,38.46,0.0,0.5,0.75,1.0,1.75,0.5,663752
FC,Cutter,FB,12,18.46,4,3,0,0.0,1,25.0,8,1,12.5,8.33,0,0.0,8.33,25.0,19.23,0.0,0.667,0.75,2.0,2.75,1.333,663752
CU,Curveball,BR,7,10.77,1,0,0,0.0,1,100.0,1,0,0.0,0.0,1,14.29,14.29,16.67,11.54,0.0,,1.0,,,,663752
FF,4-Seam Fastball,FB,27,41.54,8,7,1,12.5,1,12.5,12,1,8.33,3.7,8,29.63,33.33,10.0,31.25,20.0,0.857,0.875,2.143,3.018,1.2859999999999998,663753
CH,Changeup,OS,14,21.54,3,3,1,33.33,0,0.0,7,2,28.57,14.29,0,0.0,14.29,30.0,25.0,25.0,0.333,0.333,0.333,0.666,0.0,663753
FC,Cutter,FB,13,20.0,4,3,0,0.0,1,25.0,7,0,0.0,0.0,3,23.08,23.08,33.33,18.75,0.0,0.333,0.5,0.667,1.167,0.334,663753
SL,Slider,BR,9,13.85,3,2,0,0.0,0,0.0,4,0,0.0,0.0,0,0.0,0.0,16.67,25.0,0.0,0.0,0.0,0.0,0.0,0.0,663753
SI,Sinker,FB,1,1.54,0,0,0,,0,,0,0,,0.0,0,0.0,0.0,0.0,0.0,,,,,,,663753
,,,1,1.54,0,0,0,,0,,0,0,,0.0,0,0.0,0.0,,0.0,,,,,,,663753
SI,Sinker,FB,193,43.86,49,41,6,12.24,6,12.24,80,10,12.5,5.18,55,28.5,33.68,10.39,35.38,13.04,0.268,0.347,0.439,0.786,0.1709999999999999,663765
ST,Sweeper,BR,85,19.32,29,26,1,3.45,1,3.45,51,7,13.73,8.24,10,11.76,20.0,28.57,23.85,3.23,0.269,0.345,0.5,0.845,0.2309999999999999,663765
CU,Curveball,BR,71,16.14,9,8,0,0.0,1,11.11,19,3,15.79,4.23,12,16.9,21.13,12.0,15.38,0.0,0.5,0.556,0.875,1.431,0.375,663765
FF,4-Seam Fastball,FB,36,8.18,12,12,4,33.33,0,0.0,18,5,27.78,13.89,7,19.44,33.33,31.58,12.31,25.0,0.583,0.583,1.25,1.833,0.667,663765
CH,Changeup,OS,31,7.05,6,6,1,16.67,0,0.0,10,2,20.0,6.45,0,0.0,6.45,16.67,6.15,12.5,0.167,0.167,0.167,0.334,0.0,663765
FC,Cutter,FB,20,4.55,3,3,0,0.0,0,0.0,11,1,9.09,5.0,2,10.0,15.0,45.45,6.15,0.0,0.667,0.667,1.0,1.667,0.3329999999999999,663765
SL,Slider,BR,4,0.91,0,0,0,,0,,1,1,100.0,25.0,0,0.0,25.0,0.0,0.77,0.0,,,,,,663765
SI,Sinker,FB,213,49.31,63,55,9,14.29,8,12.7,86,10,11.63,4.69,56,26.29,30.99,24.75,36.46,25.71,0.291,0.381,0.655,1.036,0.364,663773
SL,Slider,BR,123,28.47,31,30,7,22.58,1,3.23,59,18,30.51,14.63,14,11.38,26.02,36.14,42.71,17.07,0.167,0.194,0.367,0.5609999999999999,0.1999999999999999,663773
FF,4-Seam Fastball,FB,39,9.03,9,7,0,0.0,2,22.22,14,0,0.0,0.0,6,15.38,15.38,0.0,10.42,0.0,0.714,0.778,1.429,2.207,0.7150000000000001,663773
FS,Split-Finger,OS,34,7.87,11,11,2,18.18,0,0.0,18,5,27.78,14.71,2,5.88,20.59,39.13,9.38,22.22,0.273,0.273,0.545,0.8180000000000001,0.272,663773
CH,Changeup,OS,15,3.47,4,3,0,0.0,0,0.0,7,3,42.86,20.0,0,0.0,20.0,27.27,1.04,0.0,0.667,0.5,0.667,1.167,0.0,663773
,,,8,1.85,2,0,0,0.0,2,100.0,0,0,,0.0,0,0.0,0.0,,0.0,,,1.0,,,,663773
SL,Slider,BR,202,45.5,46,40,10,21.74,4,8.7,91,34,37.36,16.83,20,9.9,26.73,33.33,46.72,17.54,0.225,0.289,0.275,0.5640000000000001,0.05,663776
SI,Sinker,FB,165,37.16,45,38,4,8.89,4,8.89,82,13,15.85,7.88,33,20.0,27.88,35.9,25.41,12.9,0.237,0.333,0.263,0.5960000000000001,0.026,663776
ST,Sweeper,BR,33,7.43,12,12,4,33.33,0,0.0,21,7,33.33,21.21,1,3.03,24.24,52.38,14.75,22.22,0.083,0.083,0.333,0.416,0.25,663776
FF,4-Seam Fastball,FB,27,6.08,7,7,1,14.29,0,0.0,14,1,7.14,3.7,5,18.52,22.22,20.0,9.02,9.09,0.286,0.286,0.286,0.572,0.0,663776
CU,Curveball,BR,10,2.25,2,2,1,50.0,0,0.0,1,0,0.0,0.0,4,40.0,40.0,0.0,0.82,100.0,0.5,0.5,0.5,1.0,0.0,663776
CH,Changeup,OS,7,1.58,2,2,0,0.0,0,0.0,5,1,20.0,14.29,1,14.29,28.57,75.0,3.28,0.0,0.5,0.5,1.0,1.5,0.5,663776
CH,Changeup,OS,116,48.13,26,25,4,15.38,1,3.85,57,16,28.07,13.79,11,9.48,23.28,35.62,49.35,10.53,0.36,0.385,0.36,0.745,0.0,663804
FF,4-Seam Fastball,FB,93,38.59,21,15,4,19.05,6,28.57,36,9,25.0,9.68,16,17.2,26.88,13.73,32.47,16.0,0.267,0.476,0.333,0.8089999999999999,0.066,663804
SL,Slider,BR,32,13.28,6,6,1,16.67,0,0.0,11,3,27.27,9.38,7,21.88,31.25,25.0,18.18,7.14,0.167,0.167,0.667,0.8340000000000001,0.5,663804
SI,Sinker,FB,224,53.98,59,46,9,15.25,11,18.64,94,19,20.21,8.48,43,19.2,27.68,21.5,27.43,29.03,0.217,0.379,0.304,0.683,0.087,663855
FF,4-Seam Fastball,FB,95,22.89,30,28,10,33.33,1,3.33,49,12,24.49,12.63,7,7.37,20.0,30.61,40.71,21.74,0.286,0.333,0.357,0.69,0.071,663855
ST,Sweeper,BR,53,12.77,12,10,6,50.0,1,8.33,20,12,60.0,22.64,10,18.87,41.51,22.58,15.93,33.33,0.1,0.25,0.2,0.45,0.1,663855
SL,Slider,BR,22,5.3,4,2,1,25.0,2,50.0,11,6,54.55,27.27,3,13.64,40.91,47.06,8.85,10.0,0.5,0.75,0.5,1.25,0.0,663855
FS,Split-Finger,OS,15,3.61,3,3,1,33.33,0,0.0,6,3,50.0,20.0,0,0.0,20.0,30.77,7.08,12.5,0.0,0.0,0.0,0.0,0.0,663855
,,,6,1.45,1,0,0,0.0,1,100.0,0,0,,0.0,0,0.0,0.0,,0.0,,,1.0,,,,663855
FF,4-Seam Fastball,FB,222,67.89,52,45,15,28.85,6,11.54,103,29,28.16,13.06,33,14.86,27.93,17.76,60.64,24.56,0.178,0.288,0.289,0.577,0.1109999999999999,663878
CU,Curveball,BR,74,22.63,14,11,4,28.57,3,21.43,12,3,25.0,4.05,18,24.32,28.38,8.16,28.72,14.81,0.182,0.357,0.364,0.721,0.182,663878
SL,Slider,BR,30,9.17,7,6,2,28.57,1,14.29,10,3,30.0,10.0,8,26.67,36.67,13.33,10.64,20.0,0.333,0.429,0.833,1.262,0.4999999999999999,663878
,,,1,0.31,1,0,0,0.0,1,100.0,0,0,,0.0,0,0.0,0.0,,0.0,,,1.0,,,,663878
EP,Eephus,,3,100.0,1,1,0,0.0,0,0.0,1,0,0.0,0.0,0,0.0,0.0,0.0,,,0.0,0.0,0.0,0.0,0.0,663897
SI,Sinker,FB,735,47.39,197,169,26,13.2,24,12.18,288,35,12.15,4.76,177,24.08,28.84,8.7,41.16,16.03,0.308,0.396,0.533,0.929,0.225,663903
SL,Slider,BR,613,39.52,176,160,50,28.41,11,6.25,351,118,33.62,19.25,64,10.44,29.69,41.91,52.51,25.13,0.219,0.286,0.381,0.667,0.162,663903
CH,Changeup,OS,165,10.64,34,34,3,8.82,0,0.0,49,5,10.2,3.03,21,12.73,15.76,17.24,3.43,23.08,0.265,0.265,0.353,0.618,0.0879999999999999,663903
FF,4-Seam Fastball,FB,28,1.81,6,5,2,33.33,0,0.0,12,0,0.0,0.0,5,17.86,17.86,25.0,2.37,22.22,0.2,0.333,0.2,0.533,0.0,663903
ST,Sweeper,BR,7,0.45,1,1,1,100.0,0,0.0,2,2,100.0,28.57,3,42.86,71.43,33.33,0.53,50.0,0.0,0.0,0.0,0.0,0.0,663903
,,,3,0.19,0,0,0,,0,,0,0,,0.0,0,0.0,0.0,,0.0,,,,,,,663903
FF,4-Seam Fastball,FB,211,43.15,54,48,6,11.11,6,11.11,98,19,19.39,9.0,39,18.48,27.49,25.49,34.62,13.33,0.167,0.259,0.188,0.447,0.0209999999999999,663941
SL,Slider,BR,143,29.24,36,32,5,13.89,3,8.33,81,18,22.22,12.59,13,9.09,21.68,25.0,23.08,16.67,0.312,0.371,0.656,1.027,0.344,663941
CU,Curveball,BR,84,17.18,23,22,4,17.39,1,4.35,35,9,25.71,10.71,14,16.67,27.38,14.63,20.0,15.38,0.409,0.435,0.591,1.026,0.182,663941
ST,Sweeper,BR,39,7.98,18,17,5,27.78,0,0.0,25,5,20.0,12.82,2,5.13,17.95,36.84,21.54,17.86,0.294,0.333,0.824,1.157,0.53,663941
,,,8,1.64,2,0,0,0.0,2,100.0,0,0,,0.0,0,0.0,0.0,,0.0,,,1.0,,,,663941
CH,Changeup,OS,4,0.82,0,0,0,,0,,0,0,,0.0,1,25.0,25.0,0.0,0.77,0.0,,,,,,663941
ST,Sweeper,BR,164,37.88,38,37,14,36.84,1,2.63,71,29,40.85,17.68,25,15.24,32.93,32.35,44.29,22.58,0.135,0.158,0.189,0.347,0.0539999999999999,663947
SI,Sinker,FB,144,33.26,56,53,5,8.93,2,3.57,80,7,8.75,4.86,30,20.83,25.69,38.0,19.29,18.52,0.17,0.214,0.189,0.403,0.0189999999999999,663947
FF,4-Seam Fastball,FB,96,22.17,18,16,8,44.44,1,5.56,46,12,26.09,12.5,25,26.04,38.54,31.58,26.43,21.62,0.125,0.176,0.125,0.301,0.0,663947
CH,Changeup,OS,15,3.46,5,5,3,60.0,0,0.0,7,3,42.86,20.0,2,13.33,33.33,14.29,7.86,27.27,0.0,0.0,0.0,0.0,0.0,663947
FC,Cutter,FB,10,2.31,3,3,2,66.67,0,0.0,4,0,0.0,0.0,3,30.0,30.0,0.0,1.43,100.0,0.333,0.333,0.667,1.0,0.334,663947
CU,Curveball,BR,4,0.92,2,2,0,0.0,0,0.0,2,0,0.0,0.0,1,25.0,25.0,0.0,0.71,0.0,0.0,0.0,0.0,0.0,0.0,663947
FF,4-Seam Fastball,FB,9,47.37,2,2,2,100.0,0,0.0,5,3,60.0,33.33,1,11.11,44.44,50.0,75.0,66.67,0.0,0.0,0.0,0.0,0.0,663978
CH,Changeup,OS,8,42.11,2,2,0,0.0,0,0.0,5,1,20.0,12.5,0,0.0,12.5,25.0,0.0,,0.5,0.5,2.0,2.5,1.5,663978
CU,Curveball,BR,2,10.53,1,1,1,100.0,0,0.0,0,0,,0.0,2,100.0,100.0,,25.0,100.0,0.0,0.0,0.0,0.0,0.0,663978
FF,4-Seam Fastball,FB,281,54.67,76,66,13,17.11,9,11.84,148,29,19.59,10.32,35,12.46,22.78,23.44,38.97,24.53,0.288,0.373,0.409,0.782,0.121,663986
FS,Split-Finger,OS,172,33.46,52,46,21,40.38,5,9.62,92,43,46.74,25.0,6,3.49,28.49,43.08,59.56,25.93,0.13,0.212,0.174,0.386,0.0439999999999999,663986
SL,Slider,BR,56,10.89,3,2,0,0.0,1,33.33,14,5,35.71,8.93,15,26.79,35.71,6.67,1.47,0.0,1.0,1.0,1.5,2.5,0.5,663986
,,,4,0.78,1,0,0,0.0,1,100.0,0,0,,0.0,0,0.0,0.0,,0.0,,,1.0,,,,663986
PO,Pitch Out,,1,0.19,0,0,0,,0,,0,0,,0.0,0,0.0,0.0,0.0,0.0,,,,,,,663986
SL,Slider,BR,30,47.62,9,9,3,33.33,0,0.0,15,5,33.33,16.67,2,6.67,23.33,27.78,75.0,50.0,0.333,0.333,0.444,0.777,0.1109999999999999,663989
FC,Cutter,FB,29,46.03,9,8,0,0.0,1,11.11,14,0,0.0,0.0,3,10.34,10.34,8.33,12.5,0.0,0.0,0.111,0.0,0.111,0.0,663989
CU,Curveball,BR,3,4.76,1,1,1,100.0,0,0.0,2,1,50.0,33.33,0,0.0,33.33,100.0,12.5,100.0,0.0,0.0,0.0,0.0,0.0,663989
SI,Sinker,FB,1,1.59,0,0,0,,0,,0,0,,0.0,1,100.0,100.0,,0.0,,,,,,,663989
SL,Slider,BR,63,42.28,20,17,2,10.0,2,10.0,29,6,20.69,9.52,13,20.63,30.16,23.08,46.15,11.11,0.294,0.368,0.706,1.0739999999999998,0.412,663992
SI,Sinker,FB,56,37.58,13,10,3,23.08,1,7.69,26,6,23.08,10.71,13,23.21,33.93,37.5,20.51,37.5,0.0,0.154,0.0,0.154,0.0,663992
FF,4-Seam Fastball,FB,29,19.46,6,5,5,83.33,0,0.0,10,5,50.0,17.24,7,24.14,41.38,26.67,33.33,38.46,0.0,0.167,0.0,0.167,0.0,663992
,,,1,0.67,0,0,0,,0,,0,0,,0.0,0,0.0,0.0,,0.0,,,,,,,663992
FF,4-Seam Fastball,FB,77,48.73,20,16,2,10.0,2,10.0,28,6,21.43,7.79,15,19.48,27.27,14.29,54.84,11.76,0.25,0.3,0.562,0.8620000000000001,0.312,664028
CH,Changeup,OS,49,31.01,15,13,1,6.67,1,6.67,27,7,25.93,14.29,5,10.2,24.49,34.62,35.48,9.09,0.385,0.429,0.692,1.121,0.3069999999999999,664028
SI,Sinker,FB,23,14.56,8,5,0,0.0,3,37.5,10,1,10.0,4.35,1,4.35,8.7,14.29,9.68,0.0,0.4,0.625,0.6,1.225,0.1999999999999999,664028
SL,Slider,BR,9,5.7,0,0,0,,0,,0,0,,0.0,2,22.22,22.22,0.0,0.0,,,,,,,664028
FF,4-Seam Fastball,FB,351,42.91,81,72,12,14.81,8,9.88,179,29,16.2,8.26,64,18.23,26.5,27.03,30.56,15.58,0.236,0.309,0.458,0.767,0.222,664062
FS,Split-Finger,OS,259,31.66,78,71,21,26.92,5,6.41,133,28,21.05,10.81,20,7.72,18.53,30.72,43.25,19.27,0.183,0.244,0.239,0.483,0.0559999999999999,664062
CU,Curveball,BR,152,18.58,29,19,2,6.9,7,24.14,53,9,16.98,5.92,31,20.39,26.32,16.88,9.52,8.33,0.316,0.517,0.684,1.201,0.368,664062
SL,Slider,BR,50,6.11,17,14,9,52.94,1,5.88,29,9,31.03,18.0,3,6.0,24.0,35.48,16.67,21.43,0.071,0.235,0.286,0.5209999999999999,0.2149999999999999,664062
,,,5,0.61,1,0,0,0.0,1,100.0,0,0,,0.0,0,0.0,0.0,,0.0,,,1.0,,,,664062
SI,Sinker,FB,1,0.12,0,0,0,,0,,0,0,,0.0,0,0.0,0.0,0.0,0.0,,,,,,,664062
SI,Sinker,FB,50,60.98,8,4,1,12.5,4,50.0,21,5,23.81,10.0,11,22.0,32.0,23.81,37.84,7.14,0.25,0.625,0.25,0.875,0.0,664076
SL,Slider,BR,30,36.59,7,7,5,71.43,0,0.0,15,5,33.33,16.67,3,10.0,26.67,43.48,56.76,23.81,0.143,0.143,0.143,0.286,0.0,664076
FF,4-Seam Fastball,FB,2,2.44,0,0,0,,0,,0,0,,0.0,0,0.0,0.0,0.0,5.41,0.0,,,,,,664076
SL,Slider,BR,174,50.0,39,34,16,41.03,5,12.82,83,28,33.73,16.09,44,25.29,41.38,31.94,48.21,29.63,0.176,0.282,0.176,0.4579999999999999,0.0,664126
FF,4-Seam Fastball,FB,167,47.99,47,42,19,40.43,4,8.51,61,19,31.15,11.38,44,26.35,37.72,20.55,50.89,33.33,0.238,0.319,0.333,0.652,0.095,664126
CH,Changeup,OS,5,1.44,0,0,0,,0,,2,1,50.0,20.0,0,0.0,20.0,25.0,0.0,,,,,,,664126
,,,2,0.57,0,0,0,,0,,0,0,,0.0,0,0.0,0.0,,0.89,0.0,,,,,,664126
SI,Sinker,FB,12,42.86,3,3,1,33.33,0,0.0,6,2,33.33,16.67,3,25.0,41.67,25.0,16.67,100.0,0.0,0.0,0.0,0.0,0.0,664129
FF,4-Seam Fastball,FB,9,32.14,5,4,0,0.0,1,20.0,5,0,0.0,0.0,0,0.0,0.0,20.0,50.0,0.0,0.25,0.4,0.25,0.65,0.0,664129
SL,Slider,BR,7,25.0,0,0,0,,0,,2,1,50.0,14.29,1,14.29,28.57,20.0,33.33,0.0,,,,,,664129
FF,4-Seam Fastball,FB,297,47.6,73,64,20,27.4,8,10.96,157,36,22.93,12.12,59,19.87,31.99,32.5,59.33,16.13,0.266,0.356,0.438,0.794,0.172,664139
FC,Cutter,FB,178,28.53,43,36,7,16.28,4,9.3,102,26,25.49,14.61,17,9.55,24.16,36.67,16.75,20.0,0.222,0.3,0.333,0.633,0.111,664139
ST,Sweeper,BR,74,11.86,19,18,1,5.26,1,5.26,36,8,22.22,10.81,11,14.86,25.68,30.77,12.92,3.7,0.222,0.263,0.556,0.8190000000000001,0.3340000000000001,664139
CH,Changeup,OS,68,10.9,17,15,2,11.76,1,5.88,30,7,23.33,10.29,4,5.88,16.18,19.05,10.53,9.09,0.533,0.529,0.6,1.129,0.0669999999999999,664139
,,,7,1.12,2,0,0,0.0,2,100.0,0,0,,0.0,0,0.0,0.0,,0.48,0.0,,1.0,,,,664139
SI,Sinker,FB,56,69.14,15,14,4,26.67,1,6.67,25,5,20.0,8.93,17,30.36,39.29,18.18,40.91,44.44,0.143,0.2,0.143,0.3429999999999999,0.0,664192
CU,Curveball,BR,18,22.22,6,5,2,33.33,0,0.0,6,2,33.33,11.11,1,5.56,16.67,23.08,40.91,22.22,0.2,0.2,0.2,0.4,0.0,664192
FC,Cutter,FB,4,4.94,2,2,0,0.0,0,0.0,3,0,0.0,0.0,0,0.0,0.0,100.0,18.18,0.0,0.5,0.5,1.0,1.5,0.5,664192
FF,4-Seam Fastball,FB,3,3.7,0,0,0,,0,,0,0,,0.0,2,66.67,66.67,0.0,0.0,,,,,,,664192
FF,4-Seam Fastball,FB,166,29.75,39,34,9,23.08,2,5.13,79,10,12.66,6.02,34,20.48,26.51,32.1,32.52,13.43,0.441,0.487,0.706,1.193,0.2649999999999999,664199
CH,Changeup,OS,155,27.78,34,29,7,20.59,4,11.76,75,24,32.0,15.48,16,10.32,25.81,33.33,18.93,17.95,0.379,0.455,0.586,1.041,0.2069999999999999,664199
SL,Slider,BR,136,24.37,35,31,9,25.71,4,11.43,79,22,27.85,16.18,20,14.71,30.88,33.93,26.7,16.36,0.355,0.429,0.774,1.203,0.419,664199
ST,Sweeper,BR,96,17.2,22,20,7,31.82,2,9.09,43,9,20.93,9.38,14,14.58,23.96,34.55,21.84,15.56,0.25,0.318,0.4,0.718,0.15,664199
,,,5,0.9,1,0,0,0.0,1,100.0,0,0,,0.0,0,0.0,0.0,,0.0,,,1.0,,,,664199
FF,4-Seam Fastball,FB,5,50.0,1,1,0,0.0,0,0.0,3,1,33.33,20.0,0,0.0,20.0,33.33,66.67,0.0,0.0,0.0,0.0,0.0,0.0,664202
CH,Changeup,OS,4,40.0,1,1,1,100.0,0,0.0,1,0,0.0,0.0,2,50.0,50.0,0.0,33.33,100.0,0.0,0.0,0.0,0.0,0.0,664202
FC,Cutter,FB,1,10.0,0,0,0,,0,,0,0,,0.0,0,0.0,0.0,0.0,0.0,,,,,,,664202
CU,Curveball,BR,274,51.41,79,68,18,22.78,7,8.86,136,38,27.94,13.87,42,15.33,29.2,28.47,66.23,18.0,0.221,0.308,0.397,0.7050000000000001,0.176,664208
FC,Cutter,FB,181,33.96,42,33,8,19.05,6,14.29,83,20,24.1,11.05,23,12.71,23.76,20.83,25.83,20.51,0.333,0.476,0.606,1.082,0.2729999999999999,664208
ST,Sweeper,BR,71,13.32,14,11,3,21.43,2,14.29,31,7,22.58,9.86,20,28.17,38.03,32.35,7.28,27.27,0.364,0.5,0.545,1.045,0.181,664208
,,,7,1.31,3,1,1,33.33,2,66.67,0,0,,0.0,0,0.0,0.0,,0.66,100.0,0.0,0.667,0.0,0.667,0.0,664208
SI,Sinker,FB,296,51.93,72,59,9,12.5,9,12.5,132,23,17.42,7.77,67,22.64,30.41,28.35,22.56,24.32,0.271,0.377,0.508,0.885,0.237,664285
SL,Slider,BR,124,21.75,31,30,14,45.16,1,3.23,59,24,40.68,19.35,12,9.68,29.03,29.49,30.49,28.0,0.167,0.194,0.333,0.527,0.166,664285
FC,Cutter,FB,57,10.0,12,11,7,58.33,1,8.33,24,12,50.0,21.05,7,12.28,33.33,31.58,12.8,33.33,0.182,0.25,0.182,0.432,0.0,664285
CU,Curveball,BR,55,9.65,14,12,6,42.86,2,14.29,23,9,39.13,16.36,4,7.27,23.64,32.5,21.34,17.14,0.333,0.429,0.583,1.012,0.2499999999999999,664285
CH,Changeup,OS,34,5.96,12,11,9,75.0,0,0.0,20,11,55.0,32.35,2,5.88,38.24,50.0,12.2,45.0,0.0,0.083,0.0,0.083,0.0,664285
,,,3,0.53,0,0,0,,0,,0,0,,0.0,0,0.0,0.0,,0.61,0.0,,,,,,664285
FF,4-Seam Fastball,FB,1,0.18,1,0,0,0.0,1,100.0,0,0,,0.0,0,0.0,0.0,0.0,0.0,,,1.0,,,,664285
SL,Slider,BR,170,48.71,40,35,16,40.0,2,5.0,68,27,39.71,15.88,35,20.59,36.47,22.83,59.22,26.23,0.114,0.2,0.114,0.314,0.0,664294
FF,4-Seam Fastball,FB,96,27.51,23,17,5,21.74,6,26.09,40,8,20.0,8.33,13,13.54,21.88,19.64,21.36,22.73,0.235,0.435,0.471,0.906,0.236,664294
CH,Changeup,OS,81,23.21,18,17,4,22.22,1,5.56,38,7,18.42,8.64,13,16.05,24.69,16.67,18.45,21.05,0.294,0.333,0.588,0.921,0.294,664294
,,,2,0.57,2,1,1,50.0,1,50.0,0,0,,0.0,0,0.0,0.0,,0.97,100.0,0.0,0.5,0.0,0.5,0.0,664294
FF,4-Seam Fastball,FB,821,54.33,233,205,38,16.31,25,10.73,439,90,20.5,10.96,99,12.06,23.02,33.65,57.4,15.08,0.302,0.375,0.541,0.916,0.239,664299
ST,Sweeper,BR,399,26.41,81,69,19,23.46,9,11.11,149,28,18.79,7.02,104,26.07,33.08,20.57,22.32,19.39,0.174,0.284,0.348,0.6319999999999999,0.174,664299
KC,Knuckle Curve,BR,179,11.85,36,34,6,16.67,1,2.78,64,11,17.19,6.15,33,18.44,24.58,18.27,13.21,10.34,0.294,0.333,0.382,0.7150000000000001,0.088,664299
CH,Changeup,OS,109,7.21,22,22,6,27.27,0,0.0,48,18,37.5,16.51,3,2.75,19.27,25.0,7.06,19.35,0.273,0.273,0.318,0.591,0.0449999999999999,664299
,,,3,0.2,0,0,0,,0,,0,0,,0.0,0,0.0,0.0,,0.0,,,,,,,664299
FF,4-Seam Fastball,FB,195,43.14,46,37,4,8.7,5,10.87,100,21,21.0,10.77,23,11.79,22.56,23.16,37.93,7.27,0.27,0.386,0.622,1.008,0.352,664353
CH,Changeup,OS,158,34.96,45,40,13,28.89,5,11.11,87,31,35.63,19.62,11,6.96,26.58,38.3,40.0,22.41,0.175,0.267,0.3,0.567,0.125,664353
CU,Curveball,BR,85,18.81,17,16,4,23.53,1,5.88,34,9,26.47,10.59,22,25.88,36.47,30.0,17.93,15.38,0.188,0.235,0.25,0.485,0.062,664353
ST,Sweeper,BR,12,2.65,0,0,0,,0,,5,1,20.0,8.33,2,16.67,25.0,0.0,3.45,0.0,,,,,,664353
,,,2,0.44,0,0,0,,0,,0,0,,0.0,0,0.0,0.0,,0.69,0.0,,,,,,664353
FF,4-Seam Fastball,FB,4,40.0,0,0,0,,0,,1,1,100.0,25.0,2,50.0,75.0,50.0,0.0,,,,,,,664744
FS,Split-Finger,OS,3,30.0,0,0,0,,0,,0,0,,0.0,0,0.0,0.0,0.0,0.0,,,,,,,664744
SL,Slider,BR,3,30.0,2,2,2,100.0,0,0.0,3,3,100.0,100.0,0,0.0,100.0,100.0,100.0,100.0,0.0,0.0,0.0,0.0,0.0,664744
SL,Slider,BR,307,51.25,88,75,31,35.23,6,6.82,162,62,38.27,20.2,41,13.36,33.55,39.43,61.59,30.69,0.187,0.299,0.28,0.579,0.093,664747
FF,4-Seam Fastball,FB,288,48.08,56,44,17,30.36,10,17.86,108,30,27.78,10.42,37,12.85,23.26,12.66,38.41,26.98,0.159,0.321,0.205,0.526,0.0459999999999999,664747
SI,Sinker,FB,3,0.5,0,0,0,,0,,0,0,,0.0,0,0.0,0.0,0.0,0.0,,,,,,,664747
,,,1,0.17,0,0,0,,0,,0,0,,0.0,0,0.0,0.0,,0.0,,,,,,,664747
ST,Sweeper,BR,27,47.37,6,5,1,16.67,1,16.67,7,1,14.29,3.7,7,25.93,29.63,11.11,46.67,14.29,0.4,0.5,1.0,1.5,0.6,664776
FF,4-Seam Fastball,FB,21,36.84,4,2,1,25.0,2,50.0,10,2,20.0,9.52,1,4.76,14.29,23.08,53.33,12.5,0.0,0.5,0.0,0.5,0.0,664776
SI,Sinker,FB,9,15.79,2,1,0,0.0,1,50.0,2,0,0.0,0.0,0,0.0,0.0,22.22,0.0,,0.0,0.5,0.0,0.5,0.0,664776
SI,Sinker,FB,32,54.24,5,5,1,20.0,0,0.0,13,1,7.69,3.12,12,37.5,40.62,25.0,47.06,12.5,0.4,0.4,0.4,0.8,0.0,664849
ST,Sweeper,BR,27,45.76,10,8,4,40.0,1,10.0,12,5,41.67,18.52,3,11.11,29.63,22.22,52.94,44.44,0.25,0.4,0.375,0.775,0.125,664849
FF,4-Seam Fastball,FB,169,61.01,42,39,9,21.43,3,7.14,89,20,22.47,11.83,24,14.2,26.04,32.1,51.09,19.15,0.256,0.31,0.41,0.72,0.1539999999999999,664854
SL,Slider,BR,72,25.99,19,15,11,57.89,3,15.79,32,16,50.0,22.22,14,19.44,41.67,32.43,32.61,36.67,0.2,0.368,0.4,0.768,0.2,664854
CU,Curveball,BR,33,11.91,4,4,2,50.0,0,0.0,8,4,50.0,12.12,6,18.18,30.3,20.83,14.13,15.38,0.0,0.0,0.0,0.0,0.0,664854
,,,3,1.08,1,0,0,0.0,1,100.0,0,0,,0.0,0,0.0,0.0,,2.17,0.0,,1.0,,,,664854
FA,Other,,2,100.0,1,1,0,0.0,0,0.0,1,0,0.0,0.0,0,0.0,0.0,0.0,,,0.0,0.0,0.0,0.0,0.0,664874
SI,Sinker,FB,304,57.04,85,71,9,10.59,10,11.76,131,15,11.45,4.93,57,18.75,23.68,17.42,34.92,20.45,0.282,0.366,0.451,0.817,0.169,664875
ST,Sweeper,BR,215,40.34,60,51,20,33.33,4,6.67,95,31,32.63,14.42,37,17.21,31.63,30.0,65.08,24.39,0.137,0.25,0.235,0.485,0.0979999999999999,664875
,,,14,2.63,4,0,0,0.0,4,100.0,0,0,,0.0,0,0.0,0.0,,0.0,,,1.0,,,,664875
FA,Other,,19,95.0,7,7,0,0.0,0,0.0,14,0,0.0,0.0,1,5.26,5.26,44.44,100.0,0.0,0.571,0.571,1.286,1.857,0.7150000000000001,664901
EP,Eephus,,1,5.0,0,0,0,,0,,0,0,,0.0,0,0.0,0.0,0.0,0.0,,,,,,,664901
SI,Sinker,FB,63,51.64,12,10,2,16.67,2,16.67,26,4,15.38,6.35,10,15.87,22.22,12.9,43.75,14.29,0.3,0.417,0.7,1.117,0.3999999999999999,664942
CU,Curveball,BR,47,38.52,12,11,1,8.33,1,8.33,16,1,6.25,2.13,12,25.53,27.66,18.18,53.12,5.88,0.364,0.417,0.455,0.872,0.091,664942
CH,Changeup,OS,6,4.92,2,2,0,0.0,0,0.0,4,1,25.0,16.67,0,0.0,16.67,33.33,3.12,0.0,0.5,0.5,0.5,1.0,0.0,664942
FC,Cutter,FB,4,3.28,1,1,0,0.0,0,0.0,1,0,0.0,0.0,0,0.0,0.0,0.0,0.0,,1.0,1.0,1.0,2.0,0.0,664942
FF,4-Seam Fastball,FB,2,1.64,1,1,0,0.0,0,0.0,1,0,0.0,0.0,1,50.0,50.0,,0.0,,0.0,0.0,0.0,0.0,0.0,664942
FC,Cutter,FB,63,58.88,13,9,1,7.69,3,23.08,22,7,31.82,11.11,11,17.46,28.57,19.51,73.33,4.55,0.667,0.692,1.0,1.692,0.3329999999999999,664948
FF,4-Seam Fastball,FB,25,23.36,6,5,1,16.67,1,16.67,10,3,30.0,12.0,3,12.0,24.0,26.67,10.0,33.33,0.4,0.5,0.6,1.1,0.1999999999999999,664948
CU,Curveball,BR,11,10.28,3,3,0,0.0,0,0.0,5,1,20.0,9.09,4,36.36,45.45,33.33,6.67,0.0,1.0,1.0,2.0,3.0,1.0,664948
SL,Slider,BR,8,7.48,3,3,0,0.0,0,0.0,4,0,0.0,0.0,3,37.5,37.5,0.0,10.0,0.0,0.0,0.0,0.0,0.0,0.0,664948
SI,Sinker,FB,28,41.79,6,6,0,0.0,0,0.0,11,3,27.27,10.71,10,35.71,46.43,50.0,11.11,0.0,0.167,0.167,0.167,0.334,0.0,665001
ST,Sweeper,BR,21,31.34,8,7,5,62.5,1,12.5,13,5,38.46,23.81,4,19.05,42.86,50.0,66.67,41.67,0.0,0.125,0.0,0.125,0.0,665001
FF,4-Seam Fastball,FB,7,10.45,2,2,0,0.0,0,0.0,2,0,0.0,0.0,1,14.29,14.29,0.0,22.22,0.0,0.5,0.5,0.5,1.0,0.0,665001
SL,Slider,BR,6,8.96,1,1,0,0.0,0,0.0,2,1,50.0,16.67,2,33.33,50.0,25.0,0.0,,0.0,0.0,0.0,0.0,0.0,665001
CH,Changeup,OS,3,4.48,1,1,0,0.0,0,0.0,1,0,0.0,0.0,0,0.0,0.0,0.0,0.0,,1.0,1.0,4.0,5.0,3.0,665001
,,,2,2.99,1,0,0,0.0,1,100.0,0,0,,0.0,0,0.0,0.0,,0.0,,,1.0,,,,665001
EP,Eephus,,10,100.0,5,5,1,20.0,0,0.0,5,0,0.0,0.0,4,40.0,40.0,75.0,100.0,50.0,0.2,0.2,0.2,0.4,0.0,665019
FS,Split-Finger,OS,105,52.76,23,21,3,13.04,2,8.7,49,11,22.45,10.48,15,14.29,24.76,33.87,59.62,9.68,0.429,0.478,0.476,0.954,0.0469999999999999,665048
FF,4-Seam Fastball,FB,82,41.21,25,17,0,0.0,7,28.0,33,3,9.09,3.66,13,15.85,19.51,13.64,32.69,0.0,0.118,0.4,0.353,0.753,0.235,665048
FC,Cutter,FB,12,6.03,1,1,0,0.0,0,0.0,3,0,0.0,0.0,3,25.0,25.0,0.0,7.69,0.0,0.0,0.0,0.0,0.0,0.0,665048
FF,4-Seam Fastball,FB,651,46.5,160,142,34,21.25,16,10.0,353,82,23.23,12.6,92,14.13,26.73,27.46,47.65,15.96,0.289,0.356,0.472,0.828,0.183,665152
CH,Changeup,OS,301,21.5,67,61,11,16.42,6,8.96,128,35,27.34,11.63,24,7.97,19.6,27.54,18.57,13.25,0.295,0.358,0.426,0.784,0.131,665152
FC,Cutter,FB,240,17.14,70,59,20,28.57,11,15.71,100,24,24.0,10.0,47,19.58,29.58,20.9,21.25,18.95,0.203,0.329,0.475,0.804,0.2719999999999999,665152
CU,Curveball,BR,160,11.43,27,26,2,7.41,0,0.0,61,13,21.31,8.12,30,18.75,26.88,20.0,8.05,5.56,0.308,0.333,0.577,0.91,0.2689999999999999,665152
SI,Sinker,FB,42,3.0,12,11,2,16.67,1,8.33,22,3,13.64,7.14,7,16.67,23.81,27.78,4.03,5.56,0.182,0.25,0.364,0.614,0.182,665152
FS,Split-Finger,OS,3,0.21,0,0,0,,0,,0,0,,0.0,0,0.0,0.0,0.0,0.0,,,,,,,665152
,,,2,0.14,0,0,0,,0,,0,0,,0.0,0,0.0,0.0,,0.22,0.0,,,,,,665152
ST,Sweeper,BR,1,0.07,1,1,1,100.0,0,0.0,1,1,100.0,100.0,0,0.0,100.0,100.0,0.22,100.0,0.0,0.0,0.0,0.0,0.0,665152
FF,4-Seam Fastball,FB,73,45.62,14,9,1,7.14,4,28.57,28,6,21.43,8.22,11,15.07,23.29,15.38,48.65,5.56,0.222,0.429,0.667,1.096,0.445,665620
CH,Changeup,OS,47,29.38,16,16,3,18.75,0,0.0,23,7,30.43,14.89,2,4.26,19.15,17.86,29.73,27.27,0.188,0.188,0.375,0.563,0.187,665620
CU,Curveball,BR,18,11.25,4,4,1,25.0,0,0.0,5,1,20.0,5.56,3,16.67,22.22,16.67,10.81,25.0,0.25,0.25,0.25,0.5,0.0,665620
FC,Cutter,FB,16,10.0,3,3,0,0.0,0,0.0,12,4,33.33,25.0,0,0.0,25.0,33.33,8.11,0.0,0.333,0.333,0.667,1.0,0.334,665620
SL,Slider,BR,6,3.75,1,0,0,0.0,1,100.0,2,0,0.0,0.0,1,16.67,16.67,0.0,2.7,0.0,,1.0,,,,665620
FF,4-Seam Fastball,FB,389,45.44,95,80,11,11.58,14,14.74,182,20,10.99,5.14,58,14.91,20.05,22.7,41.84,11.0,0.25,0.368,0.4,0.768,0.15,665622
CH,Changeup,OS,145,16.94,37,35,6,16.22,1,2.7,60,19,31.67,13.1,18,12.41,25.52,23.08,7.11,35.29,0.257,0.297,0.286,0.583,0.0289999999999999,665622
SL,Slider,BR,127,14.84,42,34,15,35.71,6,14.29,61,24,39.34,18.9,18,14.17,33.07,30.88,23.85,26.32,0.235,0.381,0.412,0.7929999999999999,0.177,665622
CU,Curveball,BR,105,12.27,21,19,7,33.33,0,0.0,42,10,23.81,9.52,16,15.24,24.76,20.0,19.25,15.22,0.211,0.286,0.474,0.76,0.263,665622
SI,Sinker,FB,80,9.35,20,16,3,15.0,4,20.0,37,6,16.22,7.5,15,18.75,26.25,28.57,7.11,17.65,0.5,0.6,0.625,1.225,0.125,665622
,,,10,1.17,2,0,0,0.0,2,100.0,0,0,,0.0,0,0.0,0.0,,0.84,0.0,,1.0,,,,665622
SI,Sinker,FB,204,50.12,53,49,8,15.09,4,7.55,89,18,20.22,8.82,36,17.65,26.47,28.32,33.33,21.62,0.204,0.264,0.327,0.591,0.123,665625
SL,Slider,BR,198,48.65,54,47,19,35.19,5,9.26,101,47,46.53,23.74,27,13.64,37.37,40.0,65.77,26.03,0.191,0.296,0.298,0.594,0.1069999999999999,665625
,,,5,1.23,1,0,0,0.0,1,100.0,0,0,,0.0,0,0.0,0.0,,0.9,0.0,,1.0,,,,665625
SI,Sinker,FB,44,34.92,11,8,2,18.18,3,27.27,18,1,5.56,2.27,12,27.27,29.55,22.22,32.35,18.18,0.125,0.364,0.125,0.489,0.0,665665
SL,Slider,BR,37,29.37,7,7,3,42.86,0,0.0,11,4,36.36,10.81,9,24.32,35.14,14.29,32.35,27.27,0.143,0.143,0.143,0.286,0.0,665665
CH,Changeup,OS,31,24.6,6,5,2,33.33,1,16.67,14,5,35.71,16.13,2,6.45,22.58,38.46,26.47,22.22,0.4,0.5,0.4,0.9,0.0,665665
FF,4-Seam Fastball,FB,13,10.32,5,4,1,20.0,1,20.0,6,3,50.0,23.08,2,15.38,38.46,16.67,8.82,33.33,0.25,0.4,0.5,0.9,0.25,665665
,,,1,0.79,0,0,0,,0,,0,0,,0.0,0,0.0,0.0,,0.0,,,,,,,665665
FF,4-Seam Fastball,FB,50,50.51,15,13,2,13.33,2,13.33,22,4,18.18,8.0,13,26.0,34.0,6.25,34.78,25.0,0.077,0.2,0.077,0.277,0.0,665734
SL,Slider,BR,27,27.27,9,7,6,66.67,2,22.22,9,8,88.89,29.63,5,18.52,48.15,20.0,52.17,50.0,0.0,0.222,0.0,0.222,0.0,665734
CH,Changeup,OS,19,19.19,1,1,0,0.0,0,0.0,5,3,60.0,15.79,1,5.26,21.05,18.75,13.04,0.0,0.0,0.0,0.0,0.0,0.0,665734
SI,Sinker,FB,3,3.03,0,0,0,,0,,0,0,,0.0,1,33.33,33.33,0.0,0.0,,,,,,,665734
CH,Changeup,OS,314,33.44,105,93,26,24.76,12,11.43,171,62,36.26,19.75,31,9.87,29.62,44.61,37.59,26.0,0.151,0.248,0.194,0.442,0.043,665795
FF,4-Seam Fastball,FB,311,33.12,47,37,6,12.77,9,19.15,119,23,19.33,7.4,49,15.76,23.15,16.09,24.06,9.38,0.108,0.277,0.216,0.493,0.108,665795
CU,Curveball,BR,253,26.94,60,55,31,51.67,5,8.33,99,39,39.39,15.42,65,25.69,41.11,28.68,34.59,33.7,0.218,0.283,0.4,0.683,0.182,665795
SI,Sinker,FB,54,5.75,14,9,1,7.14,5,35.71,17,4,23.53,7.41,13,24.07,31.48,23.33,2.63,14.29,0.222,0.5,0.667,1.167,0.445,665795
SL,Slider,BR,6,0.64,2,2,0,0.0,0,0.0,2,0,0.0,0.0,1,16.67,16.67,25.0,1.13,0.0,1.0,1.0,2.5,3.5,1.5,665795
,,,1,0.11,0,0,0,,0,,0,0,,0.0,0,0.0,0.0,,0.0,,,,,,,665795
FC,Cutter,FB,268,31.98,70,60,9,12.86,9,12.86,130,22,16.92,8.21,42,15.67,23.88,27.94,27.35,14.06,0.183,0.3,0.383,0.683,0.2,665871
FF,4-Seam Fastball,FB,242,28.88,54,47,10,18.52,5,9.26,105,19,18.1,7.85,59,24.38,32.23,22.33,29.49,14.49,0.298,0.358,0.362,0.72,0.064,665871
SI,Sinker,FB,168,20.05,49,44,17,34.69,4,8.16,67,11,16.42,6.55,41,24.4,30.95,19.23,19.66,34.78,0.114,0.188,0.182,0.37,0.0679999999999999,665871
CU,Curveball,BR,81,9.67,21,19,5,23.81,2,9.52,29,8,27.59,9.88,6,7.41,17.28,20.34,12.82,16.67,0.211,0.286,0.474,0.76,0.263,665871
CH,Changeup,OS,69,8.23,14,14,3,21.43,0,0.0,24,7,29.17,10.14,2,2.9,13.04,18.52,8.97,14.29,0.357,0.357,0.571,0.928,0.2139999999999999,665871
ST,Sweeper,BR,7,0.84,2,2,0,0.0,0,0.0,2,0,0.0,0.0,0,0.0,0.0,16.67,1.71,0.0,0.5,0.5,0.5,1.0,0.0,665871
,,,2,0.24,0,0,0,,0,,0,0,,0.0,0,0.0,0.0,,0.0,,,,,,,665871
SL,Slider,BR,1,0.12,0,0,0,,0,,0,0,,0.0,0,0.0,0.0,0.0,0.0,,,,,,,665871
FF,4-Seam Fastball,FB,42,51.22,10,7,2,20.0,3,30.0,16,4,25.0,9.52,5,11.9,21.43,5.0,46.67,28.57,0.429,0.6,0.857,1.457,0.428,665896
CH,Changeup,OS,31,37.8,12,10,1,8.33,1,8.33,15,4,26.67,12.9,5,16.13,29.03,38.1,46.67,14.29,0.4,0.417,0.5,0.917,0.0999999999999999,665896
FC,Cutter,FB,6,7.32,0,0,0,,0,,0,0,,0.0,2,33.33,33.33,0.0,6.67,0.0,,,,,,665896
SI,Sinker,FB,3,3.66,0,0,0,,0,,1,1,100.0,33.33,0,0.0,33.33,0.0,0.0,,,,,,,665896
SI,Sinker,FB,261,43.72,65,55,10,15.38,7,10.77,102,8,7.84,3.07,73,27.97,31.03,20.56,30.29,18.87,0.291,0.385,0.364,0.749,0.073,666129
ST,Sweeper,BR,188,31.49,58,56,23,39.66,2,3.45,95,46,48.42,24.47,20,10.64,35.11,41.18,50.29,26.14,0.125,0.155,0.268,0.423,0.143,666129
FF,4-Seam Fastball,FB,55,9.21,10,9,2,20.0,1,10.0,20,6,30.0,10.91,14,25.45,36.36,30.0,9.14,12.5,0.111,0.2,0.222,0.422,0.111,666129
SL,Slider,BR,42,7.04,11,10,2,18.18,1,9.09,19,7,36.84,16.67,9,21.43,38.1,23.81,4.57,25.0,0.3,0.364,0.3,0.6639999999999999,0.0,666129
CH,Changeup,OS,25,4.19,8,8,2,25.0,0,0.0,15,5,33.33,20.0,3,12.0,32.0,43.75,5.14,22.22,0.125,0.125,0.125,0.25,0.0,666129
CU,Curveball,BR,25,4.19,4,4,0,0.0,0,0.0,8,3,37.5,12.0,6,24.0,36.0,14.29,0.57,0.0,0.5,0.5,1.25,1.75,0.75,666129
,,,1,0.17,0,0,0,,0,,0,0,,0.0,0,0.0,0.0,,0.0,,,,,,,666129
FF,4-Seam Fastball,FB,162,45.51,43,36,10,23.26,7,16.28,73,18,24.66,11.11,30,18.52,29.63,15.62,49.53,18.87,0.306,0.419,0.444,0.863,0.138,666142
SL,Slider,BR,93,26.12,25,23,9,36.0,1,4.0,56,24,42.86,25.81,7,7.53,33.33,40.74,24.3,34.62,0.174,0.2,0.174,0.374,0.0,666142
FC,Cutter,FB,52,14.61,13,11,2,15.38,1,7.69,22,5,22.73,9.62,8,15.38,25.0,9.09,7.48,25.0,0.364,0.385,0.636,1.021,0.272,666142
KC,Knuckle Curve,BR,29,8.15,5,4,0,0.0,0,0.0,9,1,11.11,3.45,6,20.69,24.14,12.5,8.41,0.0,0.25,0.4,0.5,0.9,0.25,666142
CH,Changeup,OS,19,5.34,7,5,1,14.29,2,28.57,12,2,16.67,10.53,0,0.0,10.53,36.36,10.28,9.09,0.0,0.286,0.0,0.286,0.0,666142
,,,1,0.28,0,0,0,,0,,0,0,,0.0,0,0.0,0.0,,0.0,,,,,,,666142
SI,Sinker,FB,97,32.44,21,15,1,4.76,6,28.57,35,5,14.29,5.15,18,18.56,23.71,20.34,10.61,14.29,0.267,0.476,0.533,1.009,0.266,666154
CH,Changeup,OS,96,32.11,27,27,1,3.7,0,0.0,47,7,14.89,7.29,8,8.33,15.62,32.26,31.82,4.76,0.296,0.296,0.481,0.7769999999999999,0.185,666154
FF,4-Seam Fastball,FB,47,15.72,15,11,5,33.33,3,20.0,20,6,30.0,12.77,9,19.15,31.91,30.77,30.3,25.0,0.273,0.467,0.364,0.831,0.0909999999999999,666154
FC,Cutter,FB,33,11.04,11,10,1,9.09,0,0.0,21,6,28.57,18.18,0,0.0,18.18,33.33,13.64,11.11,0.0,0.091,0.0,0.091,0.0,666154
SL,Slider,BR,26,8.7,7,7,3,42.86,0,0.0,12,4,33.33,15.38,3,11.54,26.92,25.0,13.64,33.33,0.143,0.143,0.571,0.714,0.4279999999999999,666154
CU,Curveball,BR,52,49.52,13,12,6,46.15,1,7.69,27,13,48.15,25.0,7,13.46,38.46,41.94,55.0,27.27,0.25,0.308,0.333,0.641,0.083,666157
FF,4-Seam Fastball,FB,28,26.67,5,5,2,40.0,0,0.0,8,2,25.0,7.14,8,28.57,35.71,41.67,37.5,13.33,0.0,0.0,0.0,0.0,0.0,666157
SI,Sinker,FB,24,22.86,8,8,1,12.5,0,0.0,11,1,9.09,4.17,10,41.67,45.83,50.0,7.5,33.33,0.375,0.375,0.875,1.25,0.5,666157
CH,Changeup,OS,1,0.95,0,0,0,,0,,1,0,0.0,0.0,0,0.0,0.0,100.0,0.0,,,,,,,666157
FF,4-Seam Fastball,FB,339,59.79,92,81,14,15.22,9,9.78,155,19,12.26,5.6,73,21.53,27.14,12.5,67.76,13.59,0.21,0.283,0.42,0.703,0.21,666159
CU,Curveball,BR,141,24.87,41,40,1,2.44,1,2.44,72,8,11.11,5.67,27,19.15,24.82,26.67,19.08,3.45,0.275,0.293,0.5,0.7929999999999999,0.2249999999999999,666159
ST,Sweeper,BR,45,7.94,8,6,2,25.0,1,12.5,12,3,25.0,6.67,10,22.22,28.89,4.35,7.24,18.18,0.167,0.286,0.667,0.953,0.5,666159
CH,Changeup,OS,42,7.41,9,9,0,0.0,0,0.0,16,1,6.25,2.38,1,2.38,4.76,16.67,5.92,0.0,0.111,0.111,0.111,0.222,0.0,666159
SI,Sinker,FB,219,56.88,58,43,4,6.9,14,24.14,88,15,17.05,6.85,39,17.81,24.66,16.82,33.33,10.81,0.395,0.544,0.581,1.125,0.1859999999999999,666168
SL,Slider,BR,65,16.88,12,10,4,33.33,1,8.33,29,14,48.28,21.54,9,13.85,35.38,40.0,21.62,16.67,0.0,0.167,0.0,0.167,0.0,666168
CU,Curveball,BR,55,14.29,13,12,6,46.15,0,0.0,17,8,47.06,14.55,10,18.18,32.73,25.0,21.62,25.0,0.333,0.385,0.333,0.718,0.0,666168
FF,4-Seam Fastball,FB,43,11.17,13,12,4,30.77,0,0.0,27,7,25.93,16.28,0,0.0,16.28,31.82,22.52,16.0,0.25,0.308,0.583,0.891,0.3329999999999999,666168
CH,Changeup,OS,2,0.52,0,0,0,,0,,0,0,,0.0,1,50.0,50.0,0.0,0.9,0.0,,,,,,666168
,,,1,0.26,0,0,0,,0,,0,0,,0.0,0,0.0,0.0,,0.0,,,,,,,666168
SL,Slider,BR,257,39.72,65,64,40,61.54,1,1.54,114,69,60.53,26.85,41,15.95,42.8,37.2,49.75,40.4,0.156,0.169,0.234,0.403,0.078,666200
FF,4-Seam Fastball,FB,220,34.0,46,38,6,13.04,6,13.04,84,13,15.48,5.91,56,25.45,31.36,17.53,25.63,11.76,0.289,0.413,0.395,0.808,0.106,666200
SI,Sinker,FB,97,14.99,36,35,3,8.33,0,0.0,58,6,10.34,6.19,12,12.37,18.56,41.86,15.08,10.0,0.2,0.222,0.343,0.5650000000000001,0.143,666200
CH,Changeup,OS,72,11.13,12,12,2,16.67,0,0.0,48,18,37.5,25.0,10,13.89,38.89,50.0,9.55,10.53,0.333,0.333,0.667,1.0,0.334,666200
,,,1,0.15,0,0,0,,0,,0,0,,0.0,0,0.0,0.0,,0.0,,,,,,,666200
FF,4-Seam Fastball,FB,339,35.5,77,60,11,14.29,16,20.78,146,30,20.55,8.85,59,17.4,26.25,21.64,25.0,15.94,0.3,0.442,0.567,1.009,0.2669999999999999,666201
SL,Slider,BR,222,23.25,45,37,11,24.44,4,8.89,92,16,17.39,7.21,28,12.61,19.82,24.82,33.7,11.83,0.324,0.444,0.568,1.012,0.2439999999999999,666201
SI,Sinker,FB,195,20.42,64,52,15,23.44,12,18.75,88,16,18.18,8.21,42,21.54,29.74,17.5,28.26,19.23,0.192,0.344,0.385,0.729,0.193,666201
CH,Changeup,OS,192,20.1,43,41,5,11.63,2,4.65,82,16,19.51,8.33,17,8.85,17.19,23.58,12.68,14.29,0.293,0.326,0.463,0.789,0.17,666201
,,,7,0.73,3,0,0,0.0,3,100.0,0,0,,0.0,0,0.0,0.0,,0.36,0.0,,1.0,,,,666201
SL,Slider,BR,107,61.49,21,19,7,33.33,2,9.52,41,14,34.15,13.08,22,20.56,33.64,22.95,70.0,16.67,0.053,0.143,0.105,0.248,0.052,666204
FF,4-Seam Fastball,FB,63,36.21,15,12,2,13.33,2,13.33,19,1,5.26,1.59,16,25.4,26.98,10.81,30.0,11.11,0.25,0.333,0.333,0.666,0.083,666204
,,,4,2.3,1,0,0,0.0,1,100.0,0,0,,0.0,0,0.0,0.0,,0.0,,,1.0,,,,666204
SL,Slider,BR,124,42.18,43,41,6,13.95,1,2.33,75,15,20.0,12.1,14,11.29,23.39,34.62,50.68,16.22,0.195,0.209,0.22,0.429,0.0249999999999999,666205
FF,4-Seam Fastball,FB,120,40.82,32,25,3,9.38,5,15.62,48,7,14.58,5.83,24,20.0,25.83,0.0,31.51,13.04,0.64,0.71,1.2,1.91,0.5599999999999999,666205
CU,Curveball,BR,49,16.67,3,3,0,0.0,0,0.0,11,2,18.18,4.08,7,14.29,18.37,9.38,17.81,0.0,0.333,0.333,0.333,0.666,0.0,666205
,,,1,0.34,0,0,0,,0,,0,0,,0.0,0,0.0,0.0,,0.0,,,,,,,666205
SL,Slider,BR,9,52.94,2,1,1,50.0,1,50.0,4,1,25.0,11.11,0,0.0,11.11,20.0,75.0,0.0,0.0,0.5,0.0,0.5,0.0,666208
FC,Cutter,FB,3,17.65,0,0,0,,0,,0,0,,0.0,2,66.67,66.67,0.0,0.0,,,,,,,666208
FF,4-Seam Fastball,FB,3,17.65,0,0,0,,0,,0,0,,0.0,0,0.0,0.0,0.0,25.0,0.0,,,,,,666208
,,,2,11.76,1,0,0,0.0,1,100.0,0,0,,0.0,0,0.0,0.0,,0.0,,,1.0,,,,666208
FF,4-Seam Fastball,FB,190,44.19,56,44,5,8.93,12,21.43,82,8,9.76,4.21,47,24.74,28.95,19.48,36.04,12.5,0.341,0.482,0.523,1.005,0.182,666214
FC,Cutter,FB,170,39.53,46,44,6,13.04,2,4.35,80,24,30.0,14.12,23,13.53,27.65,22.83,36.94,14.63,0.227,0.261,0.386,0.647,0.159,666214
CU,Curveball,BR,67,15.58,19,19,8,42.11,0,0.0,31,12,38.71,17.91,6,8.96,26.87,29.27,26.13,27.59,0.263,0.263,0.368,0.631,0.1049999999999999,666214
CH,Changeup,OS,3,0.7,1,1,0,0.0,0,0.0,1,0,0.0,0.0,0,0.0,0.0,0.0,0.9,0.0,0.0,0.0,0.0,0.0,0.0,666214
FF,4-Seam Fastball,FB,150,38.27,38,32,2,5.26,4,10.53,60,4,6.67,2.67,25,16.67,19.33,15.07,28.71,6.9,0.375,0.447,0.5,0.947,0.125,666277
CH,Changeup,OS,123,31.38,39,37,10,25.64,1,2.56,57,17,29.82,13.82,15,12.2,26.02,29.33,31.68,31.25,0.189,0.231,0.324,0.555,0.135,666277
ST,Sweeper,BR,119,30.36,26,21,9,34.62,4,15.38,52,22,42.31,18.49,29,24.37,42.86,34.55,39.6,22.5,0.19,0.346,0.667,1.013,0.477,666277
FF,4-Seam Fastball,FB,77,46.95,24,20,3,12.5,4,16.67,37,4,10.81,5.19,12,15.58,20.78,15.15,58.14,12.0,0.3,0.417,0.4,0.817,0.1,666364
CU,Curveball,BR,55,33.54,18,17,3,16.67,1,5.56,24,4,16.67,7.27,6,10.91,18.18,16.67,30.23,23.08,0.235,0.278,0.412,0.69,0.177,666364
CH,Changeup,OS,18,10.98,0,0,0,,0,,2,0,0.0,0.0,3,16.67,16.67,6.67,6.98,0.0,,,,,,666364
SL,Slider,BR,14,8.54,3,2,0,0.0,1,33.33,5,1,20.0,7.14,3,21.43,28.57,28.57,4.65,0.0,0.5,0.667,2.0,2.667,1.5,666364
SL,Slider,BR,295,48.05,65,58,22,33.85,3,4.62,126,49,38.89,16.61,60,20.34,36.95,31.01,47.4,24.18,0.224,0.292,0.328,0.62,0.104,666374
FF,4-Seam Fastball,FB,214,34.85,50,39,7,14.0,11,22.0,103,22,21.36,10.28,34,15.89,26.17,11.96,32.29,11.29,0.333,0.48,0.487,0.967,0.1539999999999999,666374
KC,Knuckle Curve,BR,74,12.05,22,20,7,31.82,0,0.0,32,7,21.88,9.46,5,6.76,16.22,22.22,17.71,20.59,0.25,0.273,0.3,0.573,0.0499999999999999,666374
FC,Cutter,FB,20,3.26,3,3,0,0.0,0,0.0,10,1,10.0,5.0,1,5.0,10.0,28.57,1.56,0.0,0.667,0.667,0.667,1.334,0.0,666374
SI,Sinker,FB,9,1.47,2,1,0,0.0,1,50.0,2,1,50.0,11.11,1,11.11,22.22,16.67,1.04,0.0,1.0,1.0,2.0,3.0,1.0,666374
CH,Changeup,OS,1,0.16,0,0,0,,0,,0,0,,0.0,0,0.0,0.0,0.0,0.0,,,,,,,666374
,,,1,0.16,0,0,0,,0,,0,0,,0.0,0,0.0,0.0,,0.0,,,,,,,666374
SL,Slider,BR,271,57.78,78,73,26,33.33,2,2.56,153,60,39.22,22.14,50,18.45,40.59,47.06,63.77,29.55,0.178,0.221,0.178,0.399,0.0,666619
SI,Sinker,FB,185,39.45,49,45,9,18.37,3,6.12,78,16,20.51,8.65,43,23.24,31.89,20.69,36.23,18.0,0.356,0.408,0.444,0.852,0.088,666619
CH,Changeup,OS,6,1.28,0,0,0,,0,,1,1,100.0,16.67,0,0.0,16.67,16.67,0.0,,,,,,,666619
,,,5,1.07,1,0,0,0.0,1,100.0,0,0,,0.0,0,0.0,0.0,,0.0,,,1.0,,,,666619
FF,4-Seam Fastball,FB,2,0.43,0,0,0,,0,,0,0,,0.0,0,0.0,0.0,0.0,0.0,,,,,,,666619
FF,4-Seam Fastball,FB,59,55.14,14,13,3,21.43,1,7.14,33,6,18.18,10.17,10,16.95,27.12,25.0,47.22,17.65,0.308,0.357,0.385,0.742,0.077,666720
SL,Slider,BR,23,21.5,6,6,3,50.0,0,0.0,19,9,47.37,39.13,0,0.0,39.13,55.56,30.56,27.27,0.167,0.167,0.333,0.5,0.166,666720
CH,Changeup,OS,19,17.76,5,5,1,20.0,0,0.0,8,2,25.0,10.53,3,15.79,26.32,33.33,22.22,12.5,0.0,0.0,0.0,0.0,0.0,666720
,,,4,3.74,1,0,0,0.0,1,100.0,0,0,,0.0,0,0.0,0.0,,0.0,,,1.0,,,,666720
SI,Sinker,FB,2,1.87,0,0,0,,0,,0,0,,0.0,0,0.0,0.0,0.0,0.0,,,,,,,666720
CH,Changeup,OS,54,42.86,15,14,1,6.67,0,0.0,30,4,13.33,7.41,5,9.26,16.67,47.22,40.54,6.67,0.143,0.133,0.143,0.276,0.0,666721
FF,4-Seam Fastball,FB,39,30.95,9,8,2,22.22,1,11.11,21,5,23.81,12.82,7,17.95,30.77,28.57,27.03,20.0,0.125,0.222,0.125,0.347,0.0,666721
SL,Slider,BR,28,22.22,6,4,1,16.67,1,16.67,9,2,22.22,7.14,5,17.86,25.0,13.33,29.73,9.09,0.25,0.5,0.25,0.75,0.0,666721
SI,Sinker,FB,4,3.17,1,0,0,0.0,1,100.0,1,0,0.0,0.0,0,0.0,0.0,33.33,2.7,0.0,,1.0,,,,666721
,,,1,0.79,1,0,0,0.0,1,100.0,0,0,,0.0,0,0.0,0.0,,0.0,,,1.0,,,,666721
CH,Changeup,OS,266,39.18,86,79,17,19.77,4,4.65,157,47,29.94,17.67,24,9.02,26.69,41.89,55.93,17.17,0.241,0.271,0.329,0.6000000000000001,0.088,666745
FF,4-Seam Fastball,FB,167,24.59,39,32,7,17.95,7,17.95,75,12,16.0,7.19,17,10.18,17.37,17.89,27.68,14.29,0.156,0.308,0.406,0.714,0.25,666745
SI,Sinker,FB,128,18.85,40,35,3,7.5,5,12.5,59,11,18.64,8.59,32,25.0,33.59,17.39,9.6,17.65,0.343,0.425,0.571,0.996,0.2279999999999999,666745
KC,Knuckle Curve,BR,81,11.93,12,10,1,8.33,1,8.33,24,3,12.5,3.7,32,39.51,43.21,13.33,5.65,10.0,0.5,0.583,0.9,1.483,0.4,666745
SL,Slider,BR,24,3.53,0,0,0,,0,,6,2,33.33,8.33,2,8.33,16.67,11.11,1.13,0.0,,,,,,666745
ST,Sweeper,BR,12,1.77,0,0,0,,0,,1,0,0.0,0.0,3,25.0,25.0,0.0,0.0,,,,,,,666745
,,,1,0.15,0,0,0,,0,,0,0,,0.0,0,0.0,0.0,,0.0,,,,,,,666745
FC,Cutter,FB,274,42.35,55,49,14,25.45,3,5.45,133,31,23.31,11.31,42,15.33,26.64,27.01,41.28,15.56,0.204,0.264,0.245,0.509,0.041,666808
SL,Slider,BR,263,40.65,68,54,27,39.71,10,14.71,140,62,44.29,23.57,33,12.55,36.12,39.63,48.17,25.71,0.111,0.279,0.259,0.538,0.148,666808
SI,Sinker,FB,91,14.06,19,18,2,10.53,0,0.0,36,4,11.11,4.4,20,21.98,26.37,14.63,10.55,8.7,0.278,0.278,0.5,0.778,0.2219999999999999,666808
,,,18,2.78,5,0,0,0.0,5,100.0,0,0,,0.0,0,0.0,0.0,,0.0,,,1.0,,,,666808
FF,4-Seam Fastball,FB,1,0.15,0,0,0,,0,,1,0,0.0,0.0,0,0.0,0.0,,0.0,,,,,,,666808
FF,4-Seam Fastball,FB,103,42.04,20,16,1,5.0,4,20.0,42,9,21.43,8.74,18,17.48,26.21,18.87,26.67,5.0,0.375,0.5,0.688,1.188,0.3129999999999999,666818
FC,Cutter,FB,89,36.33,29,24,7,24.14,3,10.34,49,12,24.49,13.48,12,13.48,26.97,43.4,40.0,23.33,0.25,0.379,0.375,0.754,0.125,666818
SL,Slider,BR,39,15.92,8,8,3,37.5,0,0.0,17,5,29.41,12.82,9,23.08,35.9,31.58,25.33,15.79,0.25,0.25,0.375,0.625,0.125,666818
CH,Changeup,OS,14,5.71,2,2,2,100.0,0,0.0,5,3,60.0,21.43,2,14.29,35.71,22.22,8.0,33.33,0.0,0.0,0.0,0.0,0.0,666818
CH,Changeup,OS,183,47.29,57,56,14,24.56,1,1.75,103,34,33.01,18.58,6,3.28,21.86,41.09,68.89,22.58,0.25,0.263,0.304,0.567,0.0539999999999999,666974
SI,Sinker,FB,163,42.12,41,38,1,2.44,3,7.32,76,7,9.21,4.29,35,21.47,25.77,19.12,13.33,8.33,0.316,0.366,0.474,0.84,0.1579999999999999,666974
FF,4-Seam Fastball,FB,27,6.98,9,8,4,44.44,1,11.11,14,6,42.86,22.22,4,14.81,37.04,23.08,16.67,26.67,0.125,0.222,0.25,0.472,0.125,666974
SL,Slider,BR,7,1.81,1,1,1,100.0,0,0.0,2,2,100.0,28.57,2,28.57,57.14,25.0,1.11,100.0,0.0,0.0,0.0,0.0,0.0,666974
,,,7,1.81,2,0,0,0.0,2,100.0,0,0,,0.0,0,0.0,0.0,,0.0,,,1.0,,,,666974
FF,4-Seam Fastball,FB,110,61.11,22,20,5,22.73,1,4.55,48,11,22.92,10.0,16,14.55,24.55,26.23,49.21,16.13,0.2,0.238,0.2,0.438,0.0,667427
SL,Slider,BR,67,37.22,14,12,7,50.0,2,14.29,27,11,40.74,16.42,10,14.93,31.34,23.08,49.21,22.58,0.167,0.286,0.167,0.4529999999999999,0.0,667427
CH,Changeup,OS,2,1.11,0,0,0,,0,,0,0,,0.0,0,0.0,0.0,0.0,0.0,,,,,,,667427
FC,Cutter,FB,1,0.56,1,1,0,0.0,0,0.0,1,0,0.0,0.0,0,0.0,0.0,,1.59,0.0,0.0,0.0,0.0,0.0,0.0,667427
SI,Sinker,FB,135,74.59,39,36,3,7.69,2,5.13,67,12,17.91,8.89,26,19.26,28.15,27.27,56.52,11.54,0.361,0.395,0.417,0.812,0.0559999999999999,667463
SL,Slider,BR,31,17.13,9,8,3,33.33,1,11.11,13,5,38.46,16.13,6,19.35,35.48,23.53,26.09,25.0,0.25,0.333,0.25,0.583,0.0,667463
CH,Changeup,OS,15,8.29,5,5,2,40.0,0,0.0,11,4,36.36,26.67,0,0.0,26.67,50.0,17.39,25.0,0.4,0.4,0.6,1.0,0.1999999999999999,667463
KC,Knuckle Curve,BR,143,46.73,33,28,16,48.48,4,12.12,51,26,50.98,18.18,43,30.07,48.25,38.16,51.11,34.78,0.143,0.273,0.143,0.416,0.0,667755
FF,4-Seam Fastball,FB,97,31.7,24,22,2,8.33,2,8.33,46,10,21.74,10.31,15,15.46,25.77,17.78,23.33,9.52,0.227,0.292,0.227,0.519,0.0,667755
FS,Split-Finger,OS,22,7.19,6,5,1,16.67,1,16.67,10,2,20.0,9.09,1,4.55,13.64,26.67,10.0,11.11,0.2,0.333,0.2,0.533,0.0,667755
SI,Sinker,FB,17,5.56,7,6,3,42.86,1,14.29,10,5,50.0,29.41,2,11.76,41.18,50.0,7.78,42.86,0.0,0.143,0.0,0.143,0.0,667755
,,,16,5.23,5,3,1,20.0,2,40.0,5,1,20.0,6.25,1,6.25,12.5,,1.11,100.0,0.0,0.4,0.0,0.4,0.0,667755
SL,Slider,BR,11,3.59,6,4,3,50.0,1,16.67,8,6,75.0,54.55,0,0.0,54.55,62.5,6.67,50.0,0.0,0.333,0.0,0.333,0.0,667755
FF,4-Seam Fastball,FB,66,69.47,25,24,2,8.0,1,4.0,41,9,21.95,13.64,8,12.12,25.76,19.05,58.82,20.0,0.25,0.28,0.458,0.738,0.208,668338
CU,Curveball,BR,17,17.89,4,2,1,25.0,1,25.0,4,3,75.0,17.65,3,17.65,35.29,23.08,29.41,20.0,0.0,0.5,0.0,0.5,0.0,668338
CH,Changeup,OS,8,8.42,3,3,0,0.0,0,0.0,3,0,0.0,0.0,0,0.0,0.0,16.67,5.88,0.0,0.667,0.667,1.667,2.334,1.0,668338
SL,Slider,BR,4,4.21,0,0,0,,0,,0,0,,0.0,2,50.0,50.0,0.0,5.88,0.0,,,,,,668338
FF,4-Seam Fastball,FB,133,61.86,32,24,6,18.75,8,25.0,40,9,22.5,6.77,24,18.05,24.81,12.5,66.67,17.65,0.292,0.469,0.583,1.052,0.291,668665
FC,Cutter,FB,55,25.58,13,10,3,23.08,3,23.08,29,10,34.48,18.18,8,14.55,32.73,29.63,17.65,33.33,0.3,0.462,0.6,1.062,0.3,668665
CH,Changeup,OS,19,8.84,5,4,0,0.0,1,20.0,5,1,20.0,5.26,0,0.0,5.26,6.67,15.69,0.0,0.0,0.2,0.0,0.2,0.0,668665
CU,Curveball,BR,7,3.26,1,1,0,0.0,0,0.0,1,0,0.0,0.0,2,28.57,28.57,0.0,0.0,,1.0,1.0,1.0,2.0,0.0,668665
,,,1,0.47,0,0,0,,0,,0,0,,0.0,0,0.0,0.0,,0.0,,,,,,,668665
CH,Changeup,OS,176,42.31,38,32,15,39.47,6,15.79,73,35,47.95,19.89,31,17.61,37.5,24.0,39.74,25.0,0.219,0.342,0.312,0.654,0.093,668674
FF,4-Seam Fastball,FB,166,39.9,37,31,7,18.92,5,13.51,78,10,12.82,6.02,26,15.66,21.69,18.92,39.74,11.67,0.258,0.378,0.419,0.7969999999999999,0.1609999999999999,668674
SL,Slider,BR,41,9.86,9,7,5,55.56,2,22.22,16,6,37.5,14.63,4,9.76,24.39,23.08,16.56,20.0,0.143,0.333,0.286,0.619,0.143,668674
SI,Sinker,FB,22,5.29,5,4,0,0.0,1,20.0,9,2,22.22,9.09,5,22.73,31.82,33.33,0.66,0.0,0.25,0.4,0.25,0.65,0.0,668674
FC,Cutter,FB,7,1.68,2,0,0,0.0,1,50.0,1,0,0.0,0.0,1,14.29,14.29,16.67,3.31,0.0,,1.0,,,,668674
,,,4,0.96,1,0,0,0.0,1,100.0,0,0,,0.0,0,0.0,0.0,,0.0,,,1.0,,,,668674
FF,4-Seam Fastball,FB,95,44.81,21,19,1,4.76,2,9.52,47,5,10.64,5.26,14,14.74,20.0,30.43,31.94,4.35,0.526,0.571,0.737,1.3079999999999998,0.2109999999999999,668676
SL,Slider,BR,55,25.94,18,18,6,33.33,0,0.0,40,10,25.0,18.18,3,5.45,23.64,48.0,40.28,20.69,0.278,0.278,0.556,0.8340000000000001,0.278,668676
CH,Changeup,OS,51,24.06,12,11,2,16.67,1,8.33,19,3,15.79,5.88,10,19.61,25.49,14.81,26.39,10.53,0.364,0.417,0.909,1.326,0.545,668676
CU,Curveball,BR,10,4.72,1,1,0,0.0,0,0.0,5,2,40.0,20.0,0,0.0,20.0,37.5,1.39,0.0,1.0,1.0,1.0,2.0,0.0,668676
,,,1,0.47,0,0,0,,0,,0,0,,0.0,0,0.0,0.0,,0.0,,,,,,,668676
FF,4-Seam Fastball,FB,689,44.48,182,164,45,24.73,14,7.69,288,57,19.79,8.27,178,25.83,34.11,21.64,42.23,22.8,0.244,0.308,0.396,0.704,0.152,668678
KC,Knuckle Curve,BR,356,22.98,95,92,41,43.16,3,3.16,157,72,45.86,20.22,44,12.36,32.58,35.19,34.57,25.95,0.217,0.242,0.37,0.612,0.153,668678
CH,Changeup,OS,321,20.72,93,85,15,16.13,8,8.6,170,54,31.76,16.82,35,10.9,27.73,37.04,17.07,19.23,0.188,0.258,0.294,0.552,0.1059999999999999,668678
FC,Cutter,FB,166,10.72,35,34,1,2.86,1,2.86,73,14,19.18,8.43,21,12.65,21.08,26.8,3.06,7.14,0.5,0.514,0.882,1.396,0.382,668678
SL,Slider,BR,15,0.97,5,5,3,60.0,0,0.0,10,2,20.0,13.33,1,6.67,20.0,63.64,2.84,23.08,0.0,0.0,0.0,0.0,0.0,668678
,,,2,0.13,1,1,1,100.0,0,0.0,0,0,,0.0,0,0.0,0.0,,0.22,100.0,0.0,0.0,0.0,0.0,0.0,668678
FC,Cutter,FB,41,64.06,11,9,1,9.09,2,18.18,24,6,25.0,14.63,5,12.2,26.83,47.62,66.67,7.14,0.222,0.364,0.222,0.586,0.0,668754
CH,Changeup,OS,15,23.44,2,2,0,0.0,0,0.0,5,1,20.0,6.67,0,0.0,6.67,9.09,19.05,0.0,0.0,0.0,0.0,0.0,0.0,668754
SI,Sinker,FB,4,6.25,1,1,1,100.0,0,0.0,2,1,50.0,25.0,1,25.0,50.0,50.0,14.29,33.33,0.0,0.0,0.0,0.0,0.0,668754
,,,4,6.25,1,0,0,0.0,1,100.0,0,0,,0.0,0,0.0,0.0,,0.0,,,1.0,,,,668754
FF,4-Seam Fastball,FB,10,45.45,4,4,1,25.0,0,0.0,6,2,33.33,20.0,1,10.0,30.0,33.33,100.0,50.0,0.0,0.0,0.0,0.0,0.0,668834
SI,Sinker,FB,4,18.18,1,1,0,0.0,0,0.0,3,0,0.0,0.0,1,25.0,25.0,,0.0,,0.0,0.0,0.0,0.0,0.0,668834
CU,Curveball,BR,4,18.18,1,1,0,0.0,0,0.0,3,0,0.0,0.0,0,0.0,0.0,0.0,0.0,,0.0,0.0,0.0,0.0,0.0,668834
CH,Changeup,OS,2,9.09,2,2,0,0.0,0,0.0,2,0,0.0,0.0,0,0.0,0.0,,0.0,,0.0,0.0,0.0,0.0,0.0,668834
FC,Cutter,FB,2,9.09,0,0,0,,0,,0,0,,0.0,0,0.0,0.0,0.0,0.0,,,,,,,668834
FF,4-Seam Fastball,FB,201,60.73,52,43,12,23.08,8,15.38,78,20,25.64,9.95,47,23.38,33.33,19.8,65.06,22.22,0.256,0.365,0.256,0.621,0.0,668868
CU,Curveball,BR,78,23.56,13,12,5,38.46,1,7.69,17,6,35.29,7.69,15,19.23,26.92,13.04,22.89,26.32,0.25,0.308,0.333,0.641,0.083,668868
SL,Slider,BR,51,15.41,15,14,2,13.33,1,6.67,24,5,20.83,9.8,6,11.76,21.57,32.26,12.05,20.0,0.214,0.267,0.429,0.696,0.215,668868
CS,Slow Curve,BR,1,0.3,0,0,0,,0,,0,0,,0.0,0,0.0,0.0,0.0,0.0,,,,,,,668868
FF,4-Seam Fastball,FB,12,31.58,4,4,0,0.0,0,0.0,7,1,14.29,8.33,1,8.33,16.67,25.0,20.0,0.0,1.0,1.0,1.25,2.25,0.25,668873
KC,Knuckle Curve,BR,11,28.95,3,1,0,0.0,0,0.0,6,0,0.0,0.0,2,18.18,18.18,0.0,30.0,0.0,0.0,0.667,0.0,0.667,0.0,668873
SI,Sinker,FB,9,23.68,2,2,0,0.0,0,0.0,5,0,0.0,0.0,1,11.11,11.11,0.0,20.0,0.0,0.0,0.0,0.0,0.0,0.0,668873
FC,Cutter,FB,5,13.16,2,2,1,50.0,0,0.0,2,1,50.0,20.0,1,20.0,40.0,0.0,30.0,33.33,0.5,0.5,0.5,1.0,0.0,668873
CH,Changeup,OS,1,2.63,1,1,0,0.0,0,0.0,1,0,0.0,0.0,0,0.0,0.0,,0.0,,1.0,1.0,1.0,2.0,0.0,668873
FF,4-Seam Fastball,FB,614,56.49,150,121,47,31.33,24,16.0,300,91,30.33,14.82,78,12.7,27.52,22.47,58.71,22.49,0.215,0.36,0.446,0.806,0.231,668881
SL,Slider,BR,384,35.33,75,69,31,41.33,4,5.33,185,71,38.38,18.49,68,17.71,36.2,34.17,37.36,23.31,0.217,0.267,0.42,0.687,0.2029999999999999,668881
CH,Changeup,OS,82,7.54,18,18,4,22.22,0,0.0,24,6,25.0,7.32,8,9.76,17.07,17.74,3.09,36.36,0.222,0.222,0.222,0.444,0.0,668881
FS,Split-Finger,OS,5,0.46,1,1,1,100.0,0,0.0,1,1,100.0,20.0,0,0.0,20.0,0.0,0.56,50.0,0.0,0.0,0.0,0.0,0.0,668881
PO,Pitch Out,,1,0.09,0,0,0,,0,,0,0,,0.0,0,0.0,0.0,0.0,0.0,,,,,,,668881
,,,1,0.09,0,0,0,,0,,0,0,,0.0,0,0.0,0.0,,0.28,0.0,,,,,,668881
FF,4-Seam Fastball,FB,419,56.24,93,73,17,18.28,20,21.51,195,50,25.64,11.93,67,15.99,27.92,18.04,49.19,14.05,0.274,0.43,0.466,0.896,0.192,668909
CU,Curveball,BR,147,19.73,37,33,9,24.32,2,5.41,62,18,29.03,12.24,16,10.88,23.13,31.0,22.76,16.07,0.182,0.243,0.485,0.728,0.303,668909
SL,Slider,BR,101,13.56,33,29,10,30.3,3,9.09,55,16,29.09,15.84,21,20.79,36.63,35.9,16.67,24.39,0.138,0.242,0.207,0.4489999999999999,0.0689999999999999,668909
CH,Changeup,OS,74,9.93,19,17,4,21.05,2,10.53,32,7,21.88,9.46,8,10.81,20.27,22.22,11.38,14.29,0.353,0.421,0.588,1.009,0.235,668909
,,,3,0.4,1,0,0,0.0,1,100.0,0,0,,0.0,0,0.0,0.0,,0.0,,,1.0,,,,668909
FA,Other,,1,0.13,0,0,0,,0,,0,0,,0.0,0,0.0,0.0,0.0,0.0,,,,,,,668909
FC,Cutter,FB,676,58.63,178,163,26,14.61,13,7.3,333,60,18.02,8.88,117,17.31,26.18,26.43,49.69,14.2,0.252,0.311,0.362,0.673,0.1099999999999999,668933
SL,Slider,BR,391,33.91,103,94,33,32.04,7,6.8,184,56,30.43,14.32,69,17.65,31.97,33.17,43.56,23.24,0.223,0.291,0.5,0.7909999999999999,0.277,668933
SI,Sinker,FB,84,7.29,16,15,1,6.25,1,6.25,30,3,10.0,3.57,11,13.1,16.67,15.09,6.44,4.76,0.267,0.312,0.533,0.845,0.266,668933
FF,4-Seam Fastball,FB,1,0.09,0,0,0,,0,,0,0,,0.0,0,0.0,0.0,0.0,0.0,,,,,,,668933
,,,1,0.09,0,0,0,,0,,0,0,,0.0,0,0.0,0.0,,0.31,0.0,,,,,,668933
ST,Sweeper,BR,76,45.24,16,15,7,43.75,0,0.0,34,16,47.06,21.05,14,18.42,39.47,25.71,54.9,25.0,0.067,0.067,0.067,0.134,0.0,668941
SI,Sinker,FB,49,29.17,19,18,3,15.79,1,5.26,23,4,17.39,8.16,16,32.65,40.82,30.77,17.65,33.33,0.167,0.211,0.167,0.378,0.0,668941
FF,4-Seam Fastball,FB,38,22.62,6,5,2,33.33,1,16.67,10,4,40.0,10.53,9,23.68,34.21,17.39,17.65,22.22,0.0,0.167,0.0,0.167,0.0,668941
CH,Changeup,OS,4,2.38,1,0,0,0.0,1,100.0,0,0,,0.0,0,0.0,0.0,0.0,7.84,0.0,,1.0,,,,668941
,,,1,0.6,0,0,0,,0,,0,0,,0.0,0,0.0,0.0,,1.96,0.0,,,,,,668941
FA,Other,,6,40.0,2,2,0,0.0,0,0.0,2,0,0.0,0.0,2,33.33,33.33,33.33,0.0,,0.5,0.5,0.5,1.0,0.0,668942
CS,Slow Curve,BR,5,33.33,1,1,1,100.0,0,0.0,2,1,50.0,20.0,1,20.0,40.0,33.33,100.0,25.0,0.0,0.0,0.0,0.0,0.0,668942
EP,Eephus,,4,26.67,3,3,0,0.0,0,0.0,4,0,0.0,0.0,0,0.0,0.0,100.0,0.0,,0.333,0.333,0.333,0.666,0.0,668942
FF,4-Seam Fastball,FB,94,44.98,23,19,3,13.04,2,8.7,45,9,20.0,9.57,12,12.77,22.34,24.53,52.31,8.82,0.316,0.435,0.632,1.067,0.316,668970
SI,Sinker,FB,67,32.06,18,15,1,5.56,3,16.67,33,7,21.21,10.45,12,17.91,28.36,28.57,18.46,8.33,0.467,0.556,0.933,1.489,0.466,668970
ST,Sweeper,BR,33,15.79,12,11,4,33.33,0,0.0,18,6,33.33,18.18,6,18.18,36.36,36.84,26.15,23.53,0.182,0.25,0.455,0.7050000000000001,0.273,668970
FC,Cutter,FB,15,7.18,2,2,0,0.0,0,0.0,8,3,37.5,20.0,3,20.0,40.0,16.67,3.08,0.0,0.5,0.5,2.0,2.5,1.5,668970
FF,4-Seam Fastball,FB,76,66.09,21,17,4,19.05,4,19.05,36,8,22.22,10.53,14,18.42,28.95,18.75,77.78,19.05,0.353,0.476,0.765,1.241,0.412,668984
CH,Changeup,OS,13,11.3,4,4,1,25.0,0,0.0,4,1,25.0,7.69,0,0.0,7.69,12.5,7.41,50.0,0.5,0.5,0.5,1.0,0.0,668984
SL,Slider,BR,13,11.3,3,2,0,0.0,1,33.33,3,0,0.0,0.0,3,23.08,23.08,12.5,7.41,0.0,0.5,0.667,1.0,1.667,0.5,668984
ST,Sweeper,BR,13,11.3,1,1,0,0.0,0,0.0,5,2,40.0,15.38,2,15.38,30.77,0.0,7.41,0.0,1.0,1.0,2.0,3.0,1.0,668984
FF,4-Seam Fastball,FB,347,57.07,70,55,19,27.14,14,20.0,163,44,26.99,12.68,54,15.56,28.24,19.25,54.5,17.43,0.4,0.522,0.545,1.0670000000000002,0.145,669022
SL,Slider,BR,201,33.06,41,40,12,29.27,1,2.44,93,37,39.78,18.41,22,10.95,29.35,26.61,30.0,20.0,0.25,0.268,0.425,0.6930000000000001,0.175,669022
CU,Curveball,BR,48,7.89,18,15,6,33.33,3,16.67,26,8,30.77,16.67,4,8.33,25.0,38.46,14.0,21.43,0.267,0.389,0.467,0.8560000000000001,0.2,669022
ST,Sweeper,BR,12,1.97,3,3,1,33.33,0,0.0,7,2,28.57,16.67,1,8.33,25.0,55.56,1.5,33.33,0.0,0.0,0.0,0.0,0.0,669022
FC,Cutter,FB,165,33.13,34,31,7,20.59,3,8.82,74,21,28.38,12.73,26,15.76,28.48,23.26,19.85,25.93,0.226,0.294,0.452,0.746,0.226,669060
SI,Sinker,FB,144,28.92,42,35,9,21.43,7,16.67,64,6,9.38,4.17,35,24.31,28.47,24.24,21.32,31.03,0.314,0.429,0.543,0.972,0.229,669060
FF,4-Seam Fastball,FB,101,20.28,28,24,5,17.86,3,10.71,49,5,10.2,4.95,9,8.91,13.86,18.87,31.62,11.63,0.083,0.185,0.167,0.352,0.084,669060
CU,Curveball,BR,83,16.67,20,19,7,35.0,1,5.0,32,6,18.75,7.23,14,16.87,24.1,22.45,25.0,20.59,0.316,0.35,0.684,1.034,0.368,669060
CH,Changeup,OS,4,0.8,0,0,0,,0,,0,0,,0.0,0,0.0,0.0,0.0,2.21,0.0,,,,,,669060
,,,1,0.2,0,0,0,,0,,0,0,,0.0,0,0.0,0.0,,0.0,,,,,,,669060
FF,4-Seam Fastball,FB,76,46.06,13,13,5,38.46,0,0.0,44,14,31.82,18.42,8,10.53,28.95,29.41,51.67,16.13,0.231,0.231,0.231,0.462,0.0,669084
SL,Slider,BR,69,41.82,14,14,0,0.0,0,0.0,30,10,33.33,14.49,11,15.94,30.43,21.88,33.33,0.0,0.286,0.286,0.357,0.643,0.071,669084
ST,Sweeper,BR,11,6.67,3,2,0,0.0,1,33.33,6,1,16.67,9.09,0,0.0,9.09,25.0,6.67,0.0,0.5,0.667,0.5,1.167,0.0,669084
CU,Curveball,BR,9,5.45,4,4,0,0.0,0,0.0,6,0,0.0,0.0,1,11.11,11.11,50.0,8.33,0.0,0.0,0.0,0.0,0.0,0.0,669084
FF,4-Seam Fastball,FB,73,82.95,19,16,3,15.79,3,15.79,41,8,19.51,10.96,10,13.7,24.66,29.03,80.65,12.0,0.25,0.368,0.375,0.743,0.125,669093
CH,Changeup,OS,5,5.68,1,1,1,100.0,0,0.0,0,0,,0.0,1,20.0,20.0,0.0,6.45,50.0,0.0,0.0,0.0,0.0,0.0,669093
,,,5,5.68,1,0,0,0.0,1,100.0,0,0,,0.0,0,0.0,0.0,,3.23,0.0,,1.0,,,,669093
SL,Slider,BR,3,3.41,1,0,0,0.0,1,100.0,0,0,,0.0,1,33.33,33.33,0.0,6.45,0.0,,1.0,,,,669093
CU,Curveball,BR,1,1.14,0,0,0,,0,,0,0,,0.0,0,0.0,0.0,0.0,3.23,0.0,,,,,,669093
FS,Split-Finger,OS,1,1.14,0,0,0,,0,,0,0,,0.0,0,0.0,0.0,0.0,0.0,,,,,,,669093
FF,4-Seam Fastball,FB,26,63.41,11,10,1,9.09,0,0.0,14,1,7.14,3.85,4,15.38,19.23,10.0,85.71,16.67,0.6,0.545,0.8,1.3450000000000002,0.2,669105
SL,Slider,BR,9,21.95,2,2,0,0.0,0,0.0,3,0,0.0,0.0,2,22.22,22.22,20.0,14.29,0.0,0.5,0.5,0.5,1.0,0.0,669105
CH,Changeup,OS,6,14.63,1,1,0,0.0,0,0.0,3,2,66.67,33.33,0,0.0,33.33,40.0,0.0,,0.0,0.0,0.0,0.0,0.0,669105
FF,4-Seam Fastball,FB,10,50.0,3,3,0,0.0,0,0.0,6,1,16.67,10.0,1,10.0,20.0,40.0,25.0,0.0,0.333,0.333,1.333,1.666,1.0,669111
SL,Slider,BR,10,50.0,1,1,1,100.0,0,0.0,3,1,33.33,10.0,2,20.0,30.0,37.5,75.0,33.33,0.0,0.0,0.0,0.0,0.0,669111
SL,Slider,BR,39,60.0,10,10,4,40.0,0,0.0,19,10,52.63,25.64,8,20.51,46.15,40.91,73.68,28.57,0.1,0.1,0.1,0.2,0.0,669145
SI,Sinker,FB,12,18.46,3,3,0,0.0,0,0.0,8,1,12.5,8.33,3,25.0,33.33,50.0,0.0,,0.333,0.333,0.333,0.666,0.0,669145
FF,4-Seam Fastball,FB,8,12.31,2,2,0,0.0,0,0.0,4,1,25.0,12.5,1,12.5,25.0,25.0,0.0,,0.0,0.0,0.0,0.0,0.0,669145
CU,Curveball,BR,4,6.15,1,1,0,0.0,0,0.0,3,0,0.0,0.0,0,0.0,0.0,50.0,15.79,0.0,1.0,1.0,1.0,2.0,0.0,669145
CH,Changeup,OS,2,3.08,1,1,1,100.0,0,0.0,2,1,50.0,50.0,0,0.0,50.0,100.0,10.53,50.0,0.0,0.0,0.0,0.0,0.0,669145
FF,4-Seam Fastball,FB,179,39.17,42,34,6,14.29,8,19.05,91,16,17.58,8.94,19,10.61,19.55,16.25,41.38,10.0,0.235,0.381,0.353,0.734,0.118,669160
SI,Sinker,FB,94,20.57,17,14,5,29.41,3,17.65,35,8,22.86,8.51,24,25.53,34.04,19.51,10.34,33.33,0.143,0.294,0.357,0.651,0.214,669160
FC,Cutter,FB,86,18.82,27,26,6,22.22,1,3.7,50,9,18.0,10.47,14,16.28,26.74,35.29,15.86,26.09,0.154,0.185,0.231,0.416,0.077,669160
SL,Slider,BR,39,8.53,4,3,3,75.0,1,25.0,9,2,22.22,5.13,6,15.38,20.51,17.39,17.24,12.0,0.0,0.25,0.0,0.25,0.0,669160
CH,Changeup,OS,31,6.78,10,10,1,10.0,0,0.0,13,1,7.69,3.23,3,9.68,12.9,30.43,7.59,9.09,0.1,0.1,0.1,0.2,0.0,669160
ST,Sweeper,BR,27,5.91,5,4,1,20.0,0,0.0,9,1,11.11,3.7,3,11.11,14.81,21.05,6.9,10.0,0.0,0.2,0.0,0.2,0.0,669160
,,,1,0.22,1,0,0,0.0,1,100.0,0,0,,0.0,0,0.0,0.0,,0.69,0.0,,1.0,,,,669160
CH,Changeup,OS,5,55.56,1,1,0,0.0,0,0.0,3,1,33.33,20.0,2,40.0,60.0,50.0,40.0,0.0,0.0,0.0,0.0,0.0,0.0,669165
FF,4-Seam Fastball,FB,4,44.44,1,1,1,100.0,0,0.0,2,1,50.0,25.0,1,25.0,50.0,50.0,60.0,33.33,0.0,0.0,0.0,0.0,0.0,669165
FF,4-Seam Fastball,FB,49,43.75,13,11,2,15.38,2,15.38,23,5,21.74,10.2,7,14.29,24.49,20.83,39.29,18.18,0.182,0.308,0.455,0.763,0.273,669169
CU,Curveball,BR,35,31.25,8,8,0,0.0,0,0.0,19,2,10.53,5.71,5,14.29,20.0,40.0,42.86,0.0,0.25,0.25,0.5,0.75,0.25,669169
CH,Changeup,OS,20,17.86,7,6,0,0.0,0,0.0,13,4,30.77,20.0,2,10.0,30.0,16.67,7.14,0.0,0.667,0.571,1.333,1.904,0.6659999999999999,669169
ST,Sweeper,BR,8,7.14,4,3,1,25.0,0,0.0,3,1,33.33,12.5,2,25.0,37.5,0.0,10.71,33.33,0.333,0.5,0.333,0.833,0.0,669169
FF,4-Seam Fastball,FB,671,56.29,191,166,22,11.52,20,10.47,355,44,12.39,6.56,111,16.54,23.1,28.88,58.45,10.78,0.313,0.381,0.53,0.911,0.217,669194
CH,Changeup,OS,304,25.5,65,56,12,18.46,6,9.23,133,41,30.83,13.49,30,9.87,23.36,22.67,21.2,16.22,0.214,0.281,0.429,0.71,0.215,669194
CU,Curveball,BR,97,8.14,11,10,1,9.09,0,0.0,25,6,24.0,6.19,22,22.68,28.87,14.29,5.16,5.56,0.4,0.364,0.6,0.964,0.1999999999999999,669194
FC,Cutter,FB,58,4.87,23,19,5,21.74,4,17.39,34,7,20.59,12.07,4,6.9,18.97,23.08,9.17,15.62,0.316,0.435,0.579,1.014,0.2629999999999999,669194
SL,Slider,BR,52,4.36,10,8,2,20.0,2,20.0,17,5,29.41,9.62,11,21.15,30.77,28.12,5.44,10.53,0.25,0.4,0.75,1.15,0.5,669194
ST,Sweeper,BR,7,0.59,3,2,0,0.0,1,33.33,2,0,0.0,0.0,2,28.57,28.57,0.0,0.57,0.0,0.5,0.667,2.0,2.667,1.5,669194
,,,2,0.17,0,0,0,,0,,0,0,,0.0,0,0.0,0.0,,0.0,,,,,,,669194
SI,Sinker,FB,1,0.08,1,1,0,0.0,0,0.0,1,0,0.0,0.0,0,0.0,0.0,,0.0,,0.0,0.0,0.0,0.0,0.0,669194
FC,Cutter,FB,896,57.77,225,190,45,20.0,32,14.22,388,84,21.65,9.38,191,21.32,30.69,26.7,45.1,22.73,0.189,0.308,0.311,0.619,0.122,669203
CH,Changeup,OS,330,21.28,92,87,23,25.0,4,4.35,171,54,31.58,16.36,29,8.79,25.15,33.0,25.28,20.72,0.184,0.217,0.218,0.435,0.034,669203
CU,Curveball,BR,300,19.34,59,54,38,64.41,4,6.78,116,64,55.17,21.33,56,18.67,40.0,35.29,24.83,34.86,0.074,0.136,0.093,0.229,0.019,669203
SI,Sinker,FB,11,0.71,6,6,2,33.33,0,0.0,5,1,20.0,9.09,1,9.09,18.18,16.67,2.05,22.22,0.333,0.333,0.833,1.166,0.4999999999999999,669203
ST,Sweeper,BR,8,0.52,4,3,2,50.0,0,0.0,1,0,0.0,0.0,2,25.0,25.0,0.0,1.59,28.57,0.0,0.25,0.0,0.25,0.0,669203
SL,Slider,BR,5,0.32,2,2,2,100.0,0,0.0,3,1,33.33,20.0,1,20.0,40.0,50.0,1.14,40.0,0.0,0.0,0.0,0.0,0.0,669203
,,,1,0.06,0,0,0,,0,,0,0,,0.0,0,0.0,0.0,,0.0,,,,,,,669203
FF,4-Seam Fastball,FB,99,60.0,27,27,7,25.93,0,0.0,55,11,20.0,11.11,21,21.21,32.32,41.46,61.7,24.14,0.296,0.296,0.444,0.74,0.148,669211
SL,Slider,BR,66,40.0,19,19,2,10.53,0,0.0,35,11,31.43,16.67,11,16.67,33.33,34.38,38.3,11.11,0.368,0.368,0.684,1.052,0.316,669211
FF,4-Seam Fastball,FB,252,43.52,45,38,6,13.33,6,13.33,117,25,21.37,9.92,45,17.86,27.78,23.33,32.5,9.23,0.263,0.378,0.395,0.773,0.132,669212
CH,Changeup,OS,226,39.03,64,59,23,35.94,4,6.25,120,42,35.0,18.58,26,11.5,30.09,41.18,47.0,24.47,0.203,0.25,0.271,0.521,0.068,669212
SL,Slider,BR,80,13.82,22,20,6,27.27,2,9.09,42,18,42.86,22.5,12,15.0,37.5,33.33,17.0,17.65,0.15,0.227,0.35,0.577,0.1999999999999999,669212
,,,14,2.42,3,1,0,0.0,2,66.67,5,0,0.0,0.0,1,7.14,7.14,,2.0,0.0,0.0,0.667,0.0,0.667,0.0,669212
CU,Curveball,BR,7,1.21,2,2,1,50.0,0,0.0,3,1,33.33,14.29,1,14.29,28.57,33.33,1.5,33.33,0.0,0.0,0.0,0.0,0.0,669212
FF,4-Seam Fastball,FB,63,59.43,17,14,1,5.88,3,17.65,33,9,27.27,14.29,6,9.52,23.81,7.69,50.0,7.14,0.286,0.412,0.357,0.7689999999999999,0.071,669270
CH,Changeup,OS,26,24.53,8,8,0,0.0,0,0.0,11,2,18.18,7.69,1,3.85,11.54,20.0,32.14,0.0,0.5,0.5,0.875,1.375,0.375,669270
SL,Slider,BR,13,12.26,2,2,0,0.0,0,0.0,7,0,0.0,0.0,3,23.08,23.08,20.0,17.86,0.0,0.5,0.5,0.5,1.0,0.0,669270
SI,Sinker,FB,3,2.83,0,0,0,,0,,1,0,0.0,0.0,0,0.0,0.0,50.0,0.0,,,,,,,669270
,,,1,0.94,1,0,0,0.0,1,100.0,0,0,,0.0,0,0.0,0.0,,0.0,,,1.0,,,,669270
SL,Slider,BR,87,60.0,27,27,10,37.04,0,0.0,50,24,48.0,27.59,17,19.54,47.13,45.71,65.0,38.46,0.148,0.148,0.259,0.407,0.111,669276
FF,4-Seam Fastball,FB,57,39.31,13,10,3,23.08,2,15.38,24,6,25.0,10.53,13,22.81,33.33,9.09,35.0,21.43,0.3,0.417,0.9,1.317,0.6000000000000001,669276
CH,Changeup,OS,1,0.69,0,0,0,,0,,0,0,,0.0,0,0.0,0.0,0.0,0.0,,,,,,,669276
FF,4-Seam Fastball,FB,655,44.77,169,159,33,19.53,9,5.33,353,62,17.56,9.47,109,16.64,26.11,24.5,38.16,17.65,0.264,0.302,0.453,0.755,0.189,669302
SL,Slider,BR,366,25.02,96,87,25,26.04,8,8.33,195,70,35.9,19.13,62,16.94,36.07,27.74,24.29,21.01,0.218,0.281,0.345,0.626,0.1269999999999999,669302
FS,Split-Finger,OS,252,17.22,87,85,36,41.38,0,0.0,145,48,33.1,19.05,19,7.54,26.59,41.33,29.8,24.66,0.188,0.184,0.318,0.502,0.13,669302
KC,Knuckle Curve,BR,183,12.51,29,28,4,13.79,0,0.0,64,18,28.12,9.84,33,18.03,27.87,25.93,7.76,10.53,0.25,0.25,0.5,0.75,0.25,669302
,,,6,0.41,1,0,0,0.0,1,100.0,0,0,,0.0,0,0.0,0.0,,0.0,,,1.0,,,,669302
SI,Sinker,FB,1,0.07,1,1,0,0.0,0,0.0,1,0,0.0,0.0,0,0.0,0.0,,0.0,,0.0,0.0,0.0,0.0,0.0,669302
FF,4-Seam Fastball,FB,301,36.71,55,49,20,36.36,5,9.09,135,40,29.63,13.29,50,16.61,29.9,32.0,35.71,22.22,0.204,0.273,0.408,0.681,0.204,669330
CH,Changeup,OS,267,32.56,81,78,21,25.93,3,3.7,151,55,36.42,20.6,27,10.11,30.71,41.1,35.32,23.6,0.205,0.235,0.372,0.607,0.167,669330
FC,Cutter,FB,142,17.32,34,30,14,41.18,3,8.82,58,13,22.41,9.15,41,28.87,38.03,12.5,20.24,27.45,0.133,0.235,0.233,0.4679999999999999,0.1,669330
CU,Curveball,BR,97,11.83,16,14,1,6.25,0,0.0,30,3,10.0,3.09,22,22.68,25.77,16.67,4.37,9.09,0.214,0.25,0.357,0.607,0.143,669330
SL,Slider,BR,12,1.46,6,6,2,33.33,0,0.0,5,1,20.0,8.33,2,16.67,25.0,44.44,4.37,18.18,0.333,0.333,0.333,0.666,0.0,669330
,,,1,0.12,0,0,0,,0,,0,0,,0.0,0,0.0,0.0,,0.0,,,,,,,669330
SL,Slider,BR,54,42.86,21,20,3,14.29,1,4.76,26,6,23.08,11.11,6,11.11,22.22,18.52,52.17,25.0,0.1,0.143,0.25,0.393,0.15,669373
SI,Sinker,FB,53,42.06,20,19,1,5.0,1,5.0,29,1,3.45,1.89,12,22.64,24.53,26.67,21.74,20.0,0.158,0.2,0.158,0.358,0.0,669373
FF,4-Seam Fastball,FB,18,14.29,1,1,0,0.0,0,0.0,9,3,33.33,16.67,4,22.22,38.89,33.33,21.74,0.0,0.0,0.0,0.0,0.0,0.0,669373
CU,Curveball,BR,1,0.79,0,0,0,,0,,0,0,,0.0,0,0.0,0.0,0.0,4.35,0.0,,,,,,669373
FF,4-Seam Fastball,FB,120,43.64,25,21,7,28.0,4,16.0,57,11,19.3,9.17,16,13.33,22.5,22.81,48.31,16.28,0.143,0.28,0.143,0.423,0.0,669387
FC,Cutter,FB,62,22.55,15,13,3,20.0,1,6.67,34,8,23.53,12.9,9,14.52,27.42,29.63,14.61,23.08,0.231,0.286,0.308,0.594,0.0769999999999999,669387
CH,Changeup,OS,58,21.09,15,12,2,13.33,2,13.33,24,5,20.83,8.62,8,13.79,22.41,22.86,20.22,11.11,0.25,0.333,0.333,0.666,0.083,669387
ST,Sweeper,BR,30,10.91,10,10,4,40.0,0,0.0,14,3,21.43,10.0,8,26.67,36.67,38.46,16.85,26.67,0.3,0.3,0.6,0.8999999999999999,0.3,669387
,,,4,1.45,1,0,0,0.0,1,100.0,0,0,,0.0,0,0.0,0.0,,0.0,,,1.0,,,,669387
SI,Sinker,FB,1,0.36,0,0,0,,0,,0,0,,0.0,1,100.0,100.0,,0.0,,,,,,,669387
FF,4-Seam Fastball,FB,3,42.86,1,1,0,0.0,0,0.0,2,0,0.0,0.0,0,0.0,0.0,0.0,,,0.0,0.0,0.0,0.0,0.0,669391
CH,Changeup,OS,2,28.57,1,1,0,0.0,0,0.0,1,0,0.0,0.0,0,0.0,0.0,0.0,,,1.0,1.0,1.0,2.0,0.0,669391
FC,Cutter,FB,1,14.29,1,1,0,0.0,0,0.0,1,0,0.0,0.0,0,0.0,0.0,100.0,,,0.0,0.0,0.0,0.0,0.0,669391
ST,Sweeper,BR,1,14.29,1,1,0,0.0,0,0.0,1,0,0.0,0.0,0,0.0,0.0,,,,1.0,1.0,1.0,2.0,0.0,669391
ST,Sweeper,BR,59,38.06,20,16,8,40.0,1,5.0,22,8,36.36,13.56,8,13.56,27.12,30.95,65.79,32.0,0.25,0.4,0.312,0.712,0.062,669395
FF,4-Seam Fastball,FB,58,37.42,13,7,1,7.69,5,38.46,18,3,16.67,5.17,11,18.97,24.14,12.12,28.95,9.09,0.429,0.692,0.857,1.549,0.428,669395
FC,Cutter,FB,36,23.23,3,1,0,0.0,2,66.67,8,3,37.5,8.33,12,33.33,41.67,22.22,5.26,0.0,0.0,0.667,0.0,0.667,0.0,669395
,,,2,1.29,1,0,0,0.0,1,100.0,0,0,,0.0,0,0.0,0.0,,0.0,,,1.0,,,,669395
FF,4-Seam Fastball,FB,144,41.74,37,31,5,13.51,5,13.51,65,14,21.54,9.72,24,16.67,26.39,13.11,38.55,15.62,0.194,0.306,0.484,0.79,0.29,669424
SL,Slider,BR,69,20.0,18,17,6,33.33,1,5.56,43,13,30.23,18.84,9,13.04,31.88,42.86,27.71,26.09,0.353,0.389,0.882,1.271,0.529,669424
KC,Knuckle Curve,BR,62,17.97,12,10,5,41.67,1,8.33,14,5,35.71,8.06,18,29.03,37.1,13.16,16.87,35.71,0.2,0.333,0.2,0.533,0.0,669424
CH,Changeup,OS,58,16.81,14,13,2,14.29,1,7.14,26,8,30.77,13.79,6,10.34,24.14,32.43,16.87,14.29,0.154,0.214,0.231,0.445,0.077,669424
,,,12,3.48,3,0,0,0.0,3,100.0,0,0,,0.0,0,0.0,0.0,,0.0,,,1.0,,,,669424
FF,4-Seam Fastball,FB,25,36.23,4,3,1,25.0,1,25.0,10,4,40.0,16.0,7,28.0,44.0,20.0,20.0,20.0,0.0,0.25,0.0,0.25,0.0,669432
SI,Sinker,FB,20,28.99,8,8,2,25.0,0,0.0,10,1,10.0,5.0,6,30.0,35.0,40.0,32.0,25.0,0.25,0.25,0.25,0.5,0.0,669432
CH,Changeup,OS,13,18.84,4,3,2,50.0,0,0.0,7,5,71.43,38.46,2,15.38,53.85,57.14,12.0,66.67,0.333,0.5,0.333,0.833,0.0,669432
FC,Cutter,FB,11,15.94,1,1,0,0.0,0,0.0,6,0,0.0,0.0,0,0.0,0.0,28.57,36.0,0.0,0.0,0.0,0.0,0.0,0.0,669432
CH,Changeup,OS,147,35.08,43,37,8,18.6,5,11.63,74,20,27.03,13.61,7,4.76,18.37,29.17,47.55,11.76,0.351,0.419,0.459,0.878,0.108,669438
FF,4-Seam Fastball,FB,134,31.98,24,24,3,12.5,0,0.0,59,7,11.86,5.22,23,17.16,22.39,19.7,30.07,6.98,0.375,0.375,0.917,1.292,0.542,669438
SL,Slider,BR,106,25.3,25,21,5,20.0,3,12.0,68,24,35.29,22.64,15,14.15,36.79,42.11,17.48,20.0,0.333,0.417,0.571,0.988,0.2379999999999999,669438
SV,Slurve,BR,29,6.92,6,6,2,33.33,0,0.0,12,3,25.0,10.34,6,20.69,31.03,40.0,4.9,28.57,0.0,0.0,0.0,0.0,0.0,669438
CU,Curveball,BR,3,0.72,1,1,0,0.0,0,0.0,2,0,0.0,0.0,1,33.33,33.33,,0.0,,1.0,1.0,2.0,3.0,1.0,669438
FF,4-Seam Fastball,FB,357,36.06,92,82,14,15.22,9,9.78,136,13,9.56,3.64,108,30.25,33.89,14.97,26.1,19.72,0.293,0.359,0.5,0.859,0.207,669456
FC,Cutter,FB,257,25.96,56,46,1,1.79,9,16.07,115,23,20.0,8.95,53,20.62,29.57,23.14,8.09,4.55,0.391,0.491,0.696,1.1869999999999998,0.3049999999999999,669456
KC,Knuckle Curve,BR,172,17.37,51,50,17,33.33,1,1.96,78,25,32.05,14.53,21,12.21,26.74,36.75,33.82,18.48,0.22,0.235,0.32,0.5549999999999999,0.1,669456
SL,Slider,BR,133,13.43,51,44,19,37.25,4,7.84,74,24,32.43,18.05,14,10.53,28.57,45.98,29.41,23.75,0.182,0.255,0.386,0.641,0.204,669456
CH,Changeup,OS,68,6.87,13,13,0,0.0,0,0.0,23,2,8.7,2.94,9,13.24,16.18,17.02,2.21,0.0,0.538,0.538,0.615,1.153,0.0769999999999999,669456
,,,3,0.3,1,1,1,100.0,0,0.0,0,0,,0.0,0,0.0,0.0,,0.37,100.0,0.0,0.0,0.0,0.0,0.0,669456
SL,Slider,BR,274,62.27,63,58,25,39.68,3,4.76,131,63,48.09,22.99,35,12.77,35.77,31.06,71.43,27.78,0.19,0.242,0.328,0.5700000000000001,0.138,669459
FF,4-Seam Fastball,FB,163,37.05,51,45,13,25.49,5,9.8,72,11,15.28,6.75,41,25.15,31.9,18.97,27.78,37.14,0.356,0.42,0.533,0.953,0.177,669459
FC,Cutter,FB,3,0.68,1,0,0,0.0,1,100.0,0,0,,0.0,0,0.0,0.0,0.0,0.79,0.0,,1.0,,,,669459
FF,4-Seam Fastball,FB,72,34.62,19,18,2,10.53,1,5.26,39,4,10.26,5.56,10,13.89,19.44,24.14,33.9,10.0,0.111,0.158,0.278,0.436,0.167,669461
SL,Slider,BR,51,24.52,10,9,2,20.0,0,0.0,18,8,44.44,15.69,5,9.8,25.49,15.62,25.42,13.33,0.222,0.3,0.444,0.744,0.222,669461
SI,Sinker,FB,50,24.04,20,17,2,10.0,0,0.0,27,2,7.41,4.0,12,24.0,28.0,33.33,22.03,15.38,0.176,0.3,0.235,0.5349999999999999,0.059,669461
CU,Curveball,BR,34,16.35,6,5,3,50.0,0,0.0,5,1,20.0,2.94,8,23.53,26.47,5.0,18.64,27.27,0.2,0.167,0.2,0.367,0.0,669461
FC,Cutter,FB,1,0.48,0,0,0,,0,,1,0,0.0,0.0,0,0.0,0.0,,0.0,,,,,,,669461
FF,4-Seam Fastball,FB,486,77.14,138,125,14,10.14,11,7.97,239,32,13.39,6.58,82,16.87,23.46,23.79,59.32,13.33,0.208,0.283,0.296,0.579,0.088,669467
CU,Curveball,BR,78,12.38,15,15,5,33.33,0,0.0,28,11,39.29,14.1,7,8.97,23.08,26.32,19.21,14.71,0.333,0.333,0.8,1.133,0.467,669467
SL,Slider,BR,46,7.3,14,13,3,21.43,1,7.14,31,6,19.35,13.04,1,2.17,15.22,43.48,18.64,9.09,0.308,0.357,0.769,1.126,0.461,669467
SI,Sinker,FB,13,2.06,1,1,0,0.0,0,0.0,5,1,20.0,7.69,1,7.69,15.38,36.36,1.69,0.0,1.0,1.0,2.0,3.0,1.0,669467
KC,Knuckle Curve,BR,7,1.11,0,0,0,,0,,2,0,0.0,0.0,0,0.0,0.0,16.67,1.13,0.0,,,,,,669467
SL,Slider,BR,24,48.0,9,9,1,11.11,0,0.0,15,5,33.33,20.83,4,16.67,37.5,25.0,58.33,14.29,0.444,0.444,1.222,1.666,0.778,669618
FF,4-Seam Fastball,FB,23,46.0,5,5,1,20.0,0,0.0,12,3,25.0,13.04,4,17.39,30.43,36.36,33.33,25.0,0.4,0.4,0.4,0.8,0.0,669618
CU,Curveball,BR,3,6.0,0,0,0,,0,,1,1,100.0,33.33,0,0.0,33.33,33.33,8.33,0.0,,,,,,669618
FF,4-Seam Fastball,FB,153,50.16,37,29,5,13.51,6,16.22,82,15,18.29,9.8,27,17.65,27.45,29.85,48.54,10.0,0.276,0.389,0.379,0.768,0.1029999999999999,669674
CU,Curveball,BR,82,26.89,21,17,1,4.76,3,14.29,28,3,10.71,3.66,16,19.51,23.17,14.89,28.16,3.45,0.235,0.381,0.353,0.734,0.118,669674
SL,Slider,BR,69,22.62,18,17,6,33.33,1,5.56,32,12,37.5,17.39,9,13.04,30.43,33.33,23.3,25.0,0.294,0.333,0.529,0.8620000000000001,0.235,669674
FS,Split-Finger,OS,1,0.33,0,0,0,,0,,1,0,0.0,0.0,0,0.0,0.0,100.0,0.0,,,,,,,669674
FF,4-Seam Fastball,FB,136,39.42,28,22,4,14.29,6,21.43,58,5,8.62,3.68,22,16.18,19.85,18.84,36.08,11.43,0.227,0.393,0.273,0.666,0.046,669684
SL,Slider,BR,120,34.78,34,30,6,17.65,3,8.82,64,21,32.81,17.5,11,9.17,26.67,31.15,30.93,20.0,0.267,0.324,0.4,0.724,0.133,669684
CU,Curveball,BR,45,13.04,12,12,3,25.0,0,0.0,23,6,26.09,13.33,7,15.56,28.89,37.5,14.43,21.43,0.167,0.167,0.167,0.334,0.0,669684
ST,Sweeper,BR,44,12.75,10,10,3,30.0,0,0.0,18,4,22.22,9.09,3,6.82,15.91,23.33,18.56,16.67,0.3,0.3,0.6,0.8999999999999999,0.3,669684
FF,4-Seam Fastball,FB,36,30.0,11,11,6,54.55,0,0.0,22,9,40.91,25.0,3,8.33,33.33,37.5,46.43,46.15,0.273,0.273,0.545,0.8180000000000001,0.272,669711
ST,Sweeper,BR,26,21.67,5,5,2,40.0,0,0.0,10,4,40.0,15.38,8,30.77,46.15,20.0,21.43,33.33,0.6,0.6,0.6,1.2,0.0,669711
SI,Sinker,FB,24,20.0,11,11,0,0.0,0,0.0,15,2,13.33,8.33,5,20.83,29.17,20.0,7.14,0.0,0.273,0.273,0.364,0.637,0.0909999999999999,669711
CH,Changeup,OS,20,16.67,4,3,2,50.0,1,25.0,6,5,83.33,25.0,0,0.0,25.0,26.32,25.0,28.57,0.0,0.25,0.0,0.25,0.0,669711
FC,Cutter,FB,14,11.67,2,1,0,0.0,1,50.0,3,2,66.67,14.29,4,28.57,42.86,14.29,0.0,,0.0,0.5,0.0,0.5,0.0,669711
FF,4-Seam Fastball,FB,240,38.46,68,64,6,8.82,4,5.88,129,13,10.08,5.42,31,12.92,18.33,20.22,34.0,8.82,0.375,0.412,0.766,1.178,0.391,669713
ST,Sweeper,BR,167,26.76,40,38,15,37.5,2,5.0,51,10,19.61,5.99,52,31.14,37.13,16.67,36.5,20.55,0.184,0.225,0.368,0.593,0.184,669713
FC,Cutter,FB,120,19.23,28,19,4,14.29,7,25.0,62,12,19.35,10.0,20,16.67,26.67,27.45,16.0,12.5,0.316,0.5,0.789,1.289,0.473,669713
CH,Changeup,OS,68,10.9,16,16,1,6.25,0,0.0,29,4,13.79,5.88,6,8.82,14.71,31.11,11.5,4.35,0.188,0.188,0.188,0.376,0.0,669713
SI,Sinker,FB,25,4.01,6,4,0,0.0,2,33.33,10,1,10.0,4.0,3,12.0,16.0,15.38,2.0,0.0,0.5,0.667,1.5,2.167,1.0,669713
,,,4,0.64,1,0,0,0.0,1,100.0,0,0,,0.0,0,0.0,0.0,,0.0,,,1.0,,,,669713
FF,4-Seam Fastball,FB,58,50.88,15,10,3,20.0,4,26.67,28,8,28.57,13.79,8,13.79,27.59,23.08,54.84,17.65,0.2,0.4,0.5,0.9,0.3,669721
CU,Curveball,BR,24,21.05,4,4,0,0.0,0,0.0,9,1,11.11,4.17,6,25.0,29.17,25.0,16.13,0.0,0.25,0.25,0.5,0.75,0.25,669721
CH,Changeup,OS,23,20.18,7,6,0,0.0,1,14.29,11,1,9.09,4.35,2,8.7,13.04,23.08,16.13,0.0,0.333,0.429,0.667,1.096,0.334,669721
SL,Slider,BR,7,6.14,1,1,0,0.0,0,0.0,2,0,0.0,0.0,0,0.0,0.0,0.0,9.68,0.0,0.0,0.0,0.0,0.0,0.0,669721
SI,Sinker,FB,2,1.75,2,1,0,0.0,1,50.0,1,0,0.0,0.0,0,0.0,0.0,0.0,3.23,0.0,0.0,0.5,0.0,0.5,0.0,669721
CH,Changeup,OS,9,36.0,1,1,0,0.0,0,0.0,3,1,33.33,11.11,1,11.11,22.22,14.29,42.86,0.0,0.0,0.0,0.0,0.0,0.0,669724
SI,Sinker,FB,9,36.0,3,3,1,33.33,0,0.0,3,0,0.0,0.0,3,33.33,33.33,0.0,14.29,100.0,0.0,0.0,0.0,0.0,0.0,669724
FC,Cutter,FB,7,28.0,2,2,1,50.0,0,0.0,4,1,25.0,14.29,2,28.57,42.86,,42.86,33.33,0.5,0.5,0.5,1.0,0.0,669724
SL,Slider,BR,215,62.32,46,44,20,43.48,2,4.35,90,41,45.56,19.07,35,16.28,35.35,28.68,76.67,28.99,0.114,0.152,0.182,0.3339999999999999,0.0679999999999999,669796
FF,4-Seam Fastball,FB,130,37.68,40,26,2,5.0,12,30.0,47,3,6.38,2.31,26,20.0,22.31,13.04,23.33,9.52,0.385,0.575,1.038,1.613,0.653,669796
SL,Slider,BR,183,40.85,48,43,15,31.25,4,8.33,97,33,34.02,18.03,21,11.48,29.51,32.26,46.53,22.39,0.14,0.229,0.209,0.438,0.0689999999999999,669854
FF,4-Seam Fastball,FB,179,39.96,40,29,3,7.5,10,25.0,77,15,19.48,8.38,23,12.85,21.23,12.64,31.25,6.67,0.276,0.45,0.724,1.174,0.4479999999999999,669854
CH,Changeup,OS,68,15.18,16,14,3,18.75,2,12.5,44,14,31.82,20.59,2,2.94,23.53,42.11,20.83,10.0,0.357,0.438,0.429,0.867,0.072,669854
CU,Curveball,BR,17,3.79,0,0,0,,0,,3,0,0.0,0.0,3,17.65,17.65,8.33,1.39,0.0,,,,,,669854
,,,1,0.22,0,0,0,,0,,0,0,,0.0,0,0.0,0.0,,0.0,,,,,,,669854
SL,Slider,BR,40,51.28,13,13,3,23.08,0,0.0,22,7,31.82,17.5,6,15.0,32.5,40.91,47.83,27.27,0.231,0.231,0.308,0.539,0.0769999999999999,669912
SI,Sinker,FB,36,46.15,13,12,2,15.38,1,7.69,14,2,14.29,5.56,13,36.11,41.67,25.0,52.17,16.67,0.417,0.462,0.667,1.129,0.25,669912
FF,4-Seam Fastball,FB,2,2.56,0,0,0,,0,,0,0,,0.0,1,50.0,50.0,0.0,0.0,,,,,,,669912
FF,4-Seam Fastball,FB,575,42.85,162,154,33,20.37,6,3.7,381,78,20.47,13.57,59,10.26,23.83,36.6,42.26,17.28,0.24,0.267,0.377,0.644,0.137,669923
ST,Sweeper,BR,236,17.59,39,36,3,7.69,1,2.56,87,19,21.84,8.05,77,32.63,40.68,19.77,9.73,6.82,0.306,0.342,0.472,0.8140000000000001,0.1659999999999999,669923
KC,Knuckle Curve,BR,187,13.93,48,47,13,27.08,0,0.0,87,17,19.54,9.09,51,27.27,36.36,28.36,12.61,22.81,0.298,0.292,0.511,0.8029999999999999,0.213,669923
SI,Sinker,FB,154,11.48,53,50,17,32.08,3,5.66,75,10,13.33,6.49,31,20.13,26.62,21.31,19.03,19.77,0.24,0.283,0.42,0.703,0.18,669923
FS,Split-Finger,OS,136,10.13,41,41,16,39.02,0,0.0,66,24,36.36,17.65,9,6.62,24.26,31.87,13.94,25.4,0.098,0.098,0.171,0.269,0.073,669923
CH,Changeup,OS,49,3.65,10,10,0,0.0,0,0.0,22,3,13.64,6.12,5,10.2,16.33,14.81,2.43,0.0,0.5,0.5,0.9,1.4,0.4,669923
KN,Knuckleball,,2,0.15,0,0,0,,0,,1,1,100.0,50.0,0,0.0,50.0,0.0,0.0,,,,,,,669923
FA,Other,,1,0.07,0,0,0,,0,,0,0,,0.0,0,0.0,0.0,0.0,0.0,,,,,,,669923
FC,Cutter,FB,1,0.07,0,0,0,,0,,1,1,100.0,100.0,0,0.0,100.0,100.0,0.0,,,,,,,669923
,,,1,0.07,1,0,0,0.0,1,100.0,0,0,,0.0,0,0.0,0.0,,0.0,,,1.0,,,,669923
FF,4-Seam Fastball,FB,276,40.83,83,74,8,9.64,9,10.84,120,13,10.83,4.71,58,21.01,25.72,22.13,36.65,11.43,0.243,0.325,0.324,0.649,0.081,669947
SL,Slider,BR,220,32.54,55,49,13,23.64,3,5.45,113,30,26.55,13.64,29,13.18,26.82,33.06,36.65,18.57,0.286,0.345,0.347,0.692,0.061,669947
CU,Curveball,BR,131,19.38,28,25,10,35.71,3,10.71,52,17,32.69,12.98,33,25.19,38.17,33.33,23.04,22.73,0.2,0.286,0.24,0.526,0.0399999999999999,669947
CH,Changeup,OS,41,6.07,7,7,0,0.0,0,0.0,11,2,18.18,4.88,3,7.32,12.2,3.57,2.62,0.0,0.0,0.0,0.0,0.0,0.0,669947
FS,Split-Finger,OS,8,1.18,2,2,0,0.0,0,0.0,2,0,0.0,0.0,0,0.0,0.0,14.29,1.05,0.0,0.5,0.5,0.5,1.0,0.0,669947
FF,4-Seam Fastball,FB,58,43.28,18,15,5,27.78,3,16.67,23,6,26.09,10.34,11,18.97,29.31,27.27,54.05,25.0,0.4,0.5,0.733,1.233,0.3329999999999999,669952
SL,Slider,BR,52,38.81,12,12,0,0.0,0,0.0,31,4,12.9,7.69,4,7.69,15.38,36.0,35.14,0.0,0.333,0.333,0.75,1.083,0.417,669952
CU,Curveball,BR,21,15.67,0,0,0,,0,,6,1,16.67,4.76,5,23.81,28.57,23.08,8.11,0.0,,,,,,669952
CH,Changeup,OS,2,1.49,0,0,0,,0,,0,0,,0.0,0,0.0,0.0,0.0,2.7,0.0,,,,,,669952
SI,Sinker,FB,1,0.75,1,1,0,0.0,0,0.0,1,0,0.0,0.0,0,0.0,0.0,,0.0,,0.0,0.0,0.0,0.0,0.0,669952
FA,Other,,13,76.47,5,3,0,0.0,2,40.0,5,1,20.0,7.69,1,7.69,15.38,27.27,50.0,0.0,0.0,0.4,0.0,0.4,0.0,670032
EP,Eephus,,4,23.53,1,1,0,0.0,0,0.0,1,0,0.0,0.0,1,25.0,25.0,0.0,50.0,0.0,0.0,0.0,0.0,0.0,0.0,670032
FF,4-Seam Fastball,FB,52,53.61,9,4,1,11.11,5,55.56,23,6,26.09,11.54,4,7.69,19.23,14.81,41.94,7.69,0.25,0.667,0.5,1.167,0.25,670036
ST,Sweeper,BR,37,38.14,9,9,4,44.44,0,0.0,16,5,31.25,13.51,4,10.81,24.32,28.57,54.84,23.53,0.0,0.0,0.0,0.0,0.0,670036
FC,Cutter,FB,7,7.22,1,1,0,0.0,0,0.0,2,0,0.0,0.0,3,42.86,42.86,0.0,3.23,0.0,0.0,0.0,0.0,0.0,0.0,670036
,,,1,1.03,1,0,0,0.0,1,100.0,0,0,,0.0,0,0.0,0.0,,0.0,,,1.0,,,,670036
EP,Eephus,,12,66.67,5,5,0,0.0,0,0.0,5,0,0.0,0.0,1,8.33,8.33,25.0,0.0,,0.6,0.6,0.6,1.2,0.0,670042
FA,Other,,6,33.33,2,2,0,0.0,0,0.0,4,0,0.0,0.0,0,0.0,0.0,50.0,100.0,0.0,1.0,1.0,1.5,2.5,0.5,670042
FF,4-Seam Fastball,FB,78,44.07,16,14,4,25.0,2,12.5,34,4,11.76,5.13,12,15.38,20.51,22.5,35.85,21.05,0.0,0.125,0.0,0.125,0.0,670046
CH,Changeup,OS,49,27.68,17,15,6,35.29,2,11.76,30,11,36.67,22.45,5,10.2,32.65,33.33,41.51,27.27,0.2,0.294,0.467,0.761,0.267,670046
FC,Cutter,FB,40,22.6,10,10,1,10.0,0,0.0,15,3,20.0,7.5,4,10.0,17.5,27.59,16.98,11.11,0.4,0.4,0.5,0.9,0.0999999999999999,670046
ST,Sweeper,BR,6,3.39,1,1,0,0.0,0,0.0,3,0,0.0,0.0,1,16.67,16.67,33.33,1.89,0.0,1.0,1.0,2.0,3.0,1.0,670046
CU,Curveball,BR,4,2.26,1,1,0,0.0,0,0.0,1,0,0.0,0.0,0,0.0,0.0,0.0,3.77,0.0,0.0,0.0,0.0,0.0,0.0,670046
SI,Sinker,FB,192,42.38,55,49,8,14.55,4,7.27,98,17,17.35,8.85,25,13.02,21.88,24.18,40.79,11.29,0.265,0.327,0.327,0.654,0.062,670059
FC,Cutter,FB,146,32.23,25,23,4,16.0,1,4.0,76,15,19.74,10.27,17,11.64,21.92,31.51,14.47,18.18,0.217,0.25,0.391,0.641,0.174,670059
ST,Sweeper,BR,106,23.4,26,26,14,53.85,0,0.0,55,18,32.73,16.98,9,8.49,25.47,27.87,44.74,20.59,0.269,0.269,0.385,0.654,0.1159999999999999,670059
,,,9,1.99,2,0,0,0.0,2,100.0,0,0,,0.0,0,0.0,0.0,,0.0,,,1.0,,,,670059
FA,Other,,24,70.59,7,7,0,0.0,0,0.0,14,1,7.14,4.17,3,12.5,16.67,46.15,77.78,0.0,0.286,0.286,0.429,0.715,0.143,670097
EP,Eephus,,8,23.53,3,3,0,0.0,0,0.0,3,0,0.0,0.0,2,25.0,25.0,37.5,11.11,0.0,0.0,0.0,0.0,0.0,0.0,670097
CS,Slow Curve,BR,2,5.88,1,1,0,0.0,0,0.0,1,0,0.0,0.0,0,0.0,0.0,0.0,11.11,0.0,1.0,1.0,1.0,2.0,0.0,670097
FF,4-Seam Fastball,FB,166,58.04,48,46,10,20.83,2,4.17,102,14,13.73,8.43,24,14.46,22.89,43.06,56.04,19.61,0.196,0.229,0.348,0.577,0.1519999999999999,670102
CU,Curveball,BR,100,34.97,23,23,3,13.04,0,0.0,35,5,14.29,5.0,23,23.0,28.0,21.15,36.26,9.09,0.217,0.217,0.348,0.565,0.1309999999999999,670102
SL,Slider,BR,20,6.99,2,2,0,0.0,0,0.0,10,2,20.0,10.0,4,20.0,30.0,40.0,7.69,0.0,0.0,0.0,0.0,0.0,0.0,670102
FF,4-Seam Fastball,FB,80,51.28,18,12,1,5.56,5,27.78,35,4,11.43,5.0,7,8.75,13.75,14.89,51.16,4.55,0.333,0.5,0.333,0.833,0.0,670124
SV,Slurve,BR,37,23.72,8,7,2,25.0,0,0.0,11,2,18.18,5.41,4,10.81,16.22,8.33,39.53,11.76,0.286,0.375,0.429,0.804,0.143,670124
CH,Changeup,OS,19,12.18,5,5,0,0.0,0,0.0,10,0,0.0,0.0,3,15.79,15.79,0.0,4.65,0.0,0.6,0.6,1.2,1.7999999999999998,0.6,670124
FC,Cutter,FB,19,12.18,4,4,1,25.0,0,0.0,8,2,25.0,10.53,2,10.53,21.05,9.09,2.33,100.0,0.75,0.75,1.75,2.5,1.0,670124
CU,Curveball,BR,1,0.64,1,1,0,0.0,0,0.0,1,0,0.0,0.0,0,0.0,0.0,,2.33,0.0,0.0,0.0,0.0,0.0,0.0,670124
FA,Other,,7,100.0,2,2,0,0.0,0,0.0,3,0,0.0,0.0,1,14.29,14.29,25.0,100.0,0.0,0.5,0.5,1.0,1.5,0.5,670156
FF,4-Seam Fastball,FB,126,38.53,35,28,9,25.71,6,17.14,64,13,20.31,10.32,13,10.32,20.63,16.67,46.15,21.43,0.357,0.486,0.536,1.022,0.179,670167
ST,Sweeper,BR,99,30.28,18,11,4,22.22,4,22.22,30,9,30.0,9.09,29,29.29,38.38,23.53,29.67,14.81,0.182,0.444,0.455,0.899,0.273,670167
CH,Changeup,OS,54,16.51,10,10,3,30.0,0,0.0,21,7,33.33,12.96,6,11.11,24.07,31.71,17.58,18.75,0.2,0.2,0.3,0.5,0.0999999999999999,670167
SI,Sinker,FB,39,11.93,14,11,0,0.0,3,21.43,20,1,5.0,2.56,6,15.38,17.95,18.75,6.59,0.0,0.364,0.5,0.818,1.318,0.4539999999999999,670167
,,,8,2.45,2,0,0,0.0,2,100.0,0,0,,0.0,0,0.0,0.0,,0.0,,,1.0,,,,670167
FC,Cutter,FB,1,0.31,0,0,0,,0,,0,0,,0.0,0,0.0,0.0,0.0,0.0,,,,,,,670167
FC,Cutter,FB,231,38.56,52,49,13,25.0,1,1.92,121,38,31.4,16.45,36,15.58,32.03,36.21,24.42,30.95,0.265,0.308,0.327,0.635,0.062,670174
SI,Sinker,FB,155,25.88,39,35,7,17.95,4,10.26,69,10,14.49,6.45,38,24.52,30.97,18.97,22.09,18.42,0.371,0.436,0.457,0.893,0.086,670174
SL,Slider,BR,100,16.69,21,19,7,33.33,2,9.52,51,13,25.49,13.0,13,13.0,26.0,32.08,20.93,19.44,0.158,0.238,0.263,0.501,0.105,670174
CH,Changeup,OS,64,10.68,20,19,3,15.0,1,5.0,30,2,6.67,3.12,6,9.38,12.5,28.57,16.86,10.34,0.105,0.15,0.105,0.255,0.0,670174
FF,4-Seam Fastball,FB,40,6.68,16,16,8,50.0,0,0.0,23,6,26.09,15.0,3,7.5,22.5,33.33,15.7,29.63,0.125,0.125,0.188,0.313,0.063,670174
,,,9,1.5,3,0,0,0.0,3,100.0,0,0,,0.0,0,0.0,0.0,,0.0,,,1.0,,,,670174
FF,4-Seam Fastball,FB,27,52.94,5,4,1,20.0,1,20.0,10,3,30.0,11.11,7,25.93,37.04,23.08,68.42,7.69,0.25,0.4,0.25,0.65,0.0,670183
CH,Changeup,OS,11,21.57,4,4,0,0.0,0,0.0,5,0,0.0,0.0,3,27.27,27.27,50.0,21.05,0.0,0.25,0.25,1.0,1.25,0.75,670183
,,,8,15.69,2,0,0,0.0,2,100.0,0,0,,0.0,0,0.0,0.0,,0.0,,,1.0,,,,670183
SL,Slider,BR,5,9.8,0,0,0,,0,,1,0,0.0,0.0,1,20.0,20.0,0.0,10.53,0.0,,,,,,670183
FF,4-Seam Fastball,FB,49,33.79,13,12,4,30.77,0,0.0,21,5,23.81,10.2,14,28.57,38.78,5.26,22.86,50.0,0.167,0.154,0.417,0.571,0.2499999999999999,670241
CH,Changeup,OS,46,31.72,13,13,2,15.38,0,0.0,27,9,33.33,19.57,4,8.7,28.26,42.31,51.43,11.11,0.231,0.231,0.538,0.769,0.307,670241
FC,Cutter,FB,44,30.34,14,13,2,14.29,0,0.0,27,5,18.52,11.36,6,13.64,25.0,42.86,20.0,28.57,0.308,0.357,0.769,1.126,0.461,670241
SL,Slider,BR,6,4.14,3,3,1,33.33,0,0.0,4,2,50.0,33.33,1,16.67,50.0,50.0,5.71,50.0,0.333,0.333,0.333,0.666,0.0,670241
FF,4-Seam Fastball,FB,316,55.83,76,70,23,30.26,5,6.58,184,44,23.91,13.92,30,9.49,23.42,35.44,62.96,19.33,0.157,0.213,0.286,0.499,0.1289999999999999,670280
CU,Curveball,BR,129,22.79,30,25,12,40.0,2,6.67,49,19,38.78,14.73,30,23.26,37.98,29.73,21.16,30.0,0.24,0.345,0.28,0.625,0.04,670280
FS,Split-Finger,OS,105,18.55,25,23,4,16.0,1,4.0,56,18,32.14,17.14,15,14.29,31.43,31.37,15.87,13.33,0.391,0.4,0.391,0.791,0.0,670280
,,,16,2.83,4,0,0,0.0,4,100.0,0,0,,0.0,0,0.0,0.0,,0.0,,,1.0,,,,670280
FF,4-Seam Fastball,FB,37,47.44,12,12,1,8.33,0,0.0,20,2,10.0,5.41,6,16.22,21.62,8.33,57.89,9.09,0.333,0.333,0.417,0.75,0.0839999999999999,670329
CH,Changeup,OS,34,43.59,5,4,1,20.0,1,20.0,14,9,64.29,26.47,5,14.71,41.18,22.22,31.58,16.67,0.0,0.2,0.0,0.2,0.0,670329
CU,Curveball,BR,7,8.97,0,0,0,,0,,2,1,50.0,14.29,0,0.0,14.29,16.67,10.53,0.0,,,,,,670329
FA,Other,,8,100.0,4,4,0,0.0,0,0.0,5,0,0.0,0.0,2,25.0,25.0,66.67,,,0.0,0.0,0.0,0.0,0.0,670712
ST,Sweeper,BR,18,39.13,3,3,2,66.67,0,0.0,4,2,50.0,11.11,7,38.89,50.0,0.0,20.0,66.67,0.333,0.333,0.333,0.666,0.0,670766
SI,Sinker,FB,15,32.61,4,2,0,0.0,2,50.0,7,0,0.0,0.0,3,20.0,20.0,0.0,33.33,0.0,0.5,0.75,1.0,1.75,0.5,670766
CH,Changeup,OS,10,21.74,2,2,1,50.0,0,0.0,3,1,33.33,10.0,0,0.0,10.0,12.5,40.0,16.67,0.5,0.5,0.5,1.0,0.0,670766
FF,4-Seam Fastball,FB,3,6.52,1,1,0,0.0,0,0.0,1,0,0.0,0.0,1,33.33,33.33,0.0,6.67,0.0,0.0,0.0,0.0,0.0,0.0,670766
FF,4-Seam Fastball,FB,34,50.75,9,8,2,22.22,1,11.11,21,5,23.81,14.71,5,14.71,29.41,22.22,50.0,15.38,0.5,0.556,1.0,1.556,0.5,670810
CH,Changeup,OS,24,35.82,5,5,0,0.0,0,0.0,13,2,15.38,8.33,3,12.5,20.83,33.33,34.62,0.0,0.6,0.6,1.2,1.7999999999999998,0.6,670810
CU,Curveball,BR,8,11.94,1,1,0,0.0,0,0.0,3,0,0.0,0.0,1,12.5,12.5,20.0,11.54,0.0,0.0,0.0,0.0,0.0,0.0,670810
ST,Sweeper,BR,1,1.49,1,1,0,0.0,0,0.0,1,0,0.0,0.0,0,0.0,0.0,,3.85,0.0,0.0,0.0,0.0,0.0,0.0,670810
SL,Slider,BR,8,57.14,2,2,1,50.0,0,0.0,5,0,0.0,0.0,2,25.0,25.0,33.33,62.5,20.0,0.5,0.5,0.5,1.0,0.0,670871
FF,4-Seam Fastball,FB,4,28.57,0,0,0,,0,,3,0,0.0,0.0,0,0.0,0.0,66.67,25.0,0.0,,,,,,670871
CH,Changeup,OS,2,14.29,0,0,0,,0,,0,0,,0.0,0,0.0,0.0,0.0,12.5,0.0,,,,,,670871
FF,4-Seam Fastball,FB,634,38.87,166,147,31,18.67,14,8.43,282,61,21.63,9.62,96,15.14,24.76,20.0,36.42,18.79,0.299,0.361,0.558,0.919,0.259,670912
SL,Slider,BR,531,32.56,167,138,46,27.54,28,16.77,265,74,27.92,13.94,88,16.57,30.51,26.22,45.47,21.84,0.203,0.341,0.348,0.6890000000000001,0.1449999999999999,670912
CU,Curveball,BR,304,18.64,56,49,13,23.21,6,10.71,127,48,37.8,15.79,58,19.08,34.87,25.58,14.57,19.7,0.204,0.291,0.388,0.679,0.184,670912
CH,Changeup,OS,108,6.62,19,19,1,5.26,0,0.0,37,13,35.14,12.04,6,5.56,17.59,22.99,1.55,14.29,0.211,0.211,0.263,0.474,0.052,670912
SI,Sinker,FB,48,2.94,10,7,0,0.0,2,20.0,19,0,0.0,0.0,5,10.42,10.42,10.71,1.32,0.0,0.286,0.444,0.429,0.873,0.143,670912
,,,6,0.37,1,0,0,0.0,1,100.0,0,0,,0.0,0,0.0,0.0,,0.66,0.0,,1.0,,,,670912
CH,Changeup,OS,337,55.25,88,80,33,37.5,7,7.95,169,78,46.15,23.15,44,13.06,36.2,45.19,61.57,24.81,0.125,0.193,0.288,0.481,0.1629999999999999,670950
FF,4-Seam Fastball,FB,259,42.46,47,36,9,19.15,10,21.28,109,24,22.02,9.27,51,19.69,28.96,25.36,38.43,10.84,0.389,0.511,0.667,1.178,0.278,670950
,,,14,2.3,3,0,0,0.0,3,100.0,0,0,,0.0,0,0.0,0.0,,0.0,,,1.0,,,,670950
CH,Changeup,OS,12,48.0,3,1,0,0.0,1,33.33,5,3,60.0,25.0,2,16.67,41.67,28.57,50.0,0.0,0.0,0.5,0.0,0.5,0.0,670955
FF,4-Seam Fastball,FB,12,48.0,4,4,2,50.0,0,0.0,7,3,42.86,25.0,1,8.33,33.33,20.0,50.0,40.0,0.0,0.0,0.0,0.0,0.0,670955
CU,Curveball,BR,1,4.0,0,0,0,,0,,0,0,,0.0,0,0.0,0.0,0.0,0.0,,,,,,,670955
FF,4-Seam Fastball,FB,44,64.71,11,9,4,36.36,1,9.09,19,5,26.32,11.36,9,20.45,31.82,25.0,47.62,40.0,0.333,0.4,0.444,0.8440000000000001,0.1109999999999999,670970
SL,Slider,BR,21,30.88,7,6,1,14.29,1,14.29,11,1,9.09,4.76,4,19.05,23.81,12.5,42.86,11.11,0.167,0.286,0.333,0.619,0.166,670970
CU,Curveball,BR,2,2.94,0,0,0,,0,,0,0,,0.0,0,0.0,0.0,0.0,4.76,0.0,,,,,,670970
,,,1,1.47,0,0,0,,0,,0,0,,0.0,0,0.0,0.0,,4.76,0.0,,,,,,670970
SI,Sinker,FB,188,64.83,50,42,4,8.0,7,14.0,75,10,13.33,5.32,41,21.81,27.13,13.79,52.86,10.81,0.357,0.46,0.524,0.984,0.167,670990
ST,Sweeper,BR,72,24.83,18,14,8,44.44,0,0.0,21,8,38.1,11.11,16,22.22,33.33,18.37,41.43,27.59,0.214,0.389,0.429,0.8180000000000001,0.215,670990
CH,Changeup,OS,25,8.62,5,5,0,0.0,0,0.0,12,3,25.0,12.0,1,4.0,16.0,40.0,5.71,0.0,0.2,0.2,0.2,0.4,0.0,670990
,,,5,1.72,1,0,0,0.0,1,100.0,0,0,,0.0,0,0.0,0.0,,0.0,,,1.0,,,,670990
FF,4-Seam Fastball,FB,159,49.53,45,41,13,28.89,4,8.89,87,20,22.99,12.58,28,17.61,30.19,41.43,47.37,28.89,0.22,0.289,0.39,0.679,0.17,671096
ST,Sweeper,BR,131,40.81,32,32,13,40.62,0,0.0,72,30,41.67,22.9,12,9.16,32.06,32.35,41.05,33.33,0.125,0.125,0.125,0.25,0.0,671096
CU,Curveball,BR,23,7.17,5,5,0,0.0,0,0.0,6,0,0.0,0.0,6,26.09,26.09,0.0,9.47,0.0,0.2,0.2,0.2,0.4,0.0,671096
CH,Changeup,OS,7,2.18,3,3,2,66.67,0,0.0,4,2,50.0,28.57,3,42.86,71.43,100.0,2.11,100.0,0.333,0.333,0.333,0.666,0.0,671096
SI,Sinker,FB,1,0.31,0,0,0,,0,,1,0,0.0,0.0,0,0.0,0.0,,0.0,,,,,,,671096
FF,4-Seam Fastball,FB,176,47.57,42,33,6,14.29,7,16.67,80,17,21.25,9.66,33,18.75,28.41,10.77,40.57,13.95,0.182,0.341,0.303,0.644,0.121,671106
ST,Sweeper,BR,154,41.62,37,35,13,35.14,2,5.41,80,24,30.0,15.58,16,10.39,25.97,34.83,50.94,24.07,0.2,0.243,0.4,0.643,0.2,671106
FC,Cutter,FB,18,4.86,3,3,0,0.0,0,0.0,6,0,0.0,0.0,3,16.67,16.67,9.09,0.94,0.0,0.0,0.0,0.0,0.0,0.0,671106
CH,Changeup,OS,16,4.32,6,5,1,16.67,1,16.67,8,1,12.5,6.25,0,0.0,6.25,33.33,7.55,12.5,0.4,0.5,0.4,0.9,0.0,671106
SL,Slider,BR,6,1.62,2,2,0,0.0,0,0.0,2,0,0.0,0.0,1,16.67,16.67,33.33,0.0,,0.5,0.5,0.5,1.0,0.0,671106
ST,Sweeper,BR,62,42.18,14,13,4,28.57,1,7.14,29,9,31.03,14.52,7,11.29,25.81,35.71,52.17,16.67,0.077,0.143,0.077,0.2199999999999999,0.0,671111
FF,4-Seam Fastball,FB,50,34.01,14,13,4,28.57,1,7.14,25,5,20.0,10.0,13,26.0,36.0,13.33,30.43,28.57,0.154,0.214,0.308,0.522,0.154,671111
CH,Changeup,OS,28,19.05,6,3,1,16.67,3,50.0,8,3,37.5,10.71,6,21.43,32.14,20.0,13.04,16.67,0.333,0.667,0.333,1.0,0.0,671111
SL,Slider,BR,6,4.08,1,1,1,100.0,0,0.0,1,1,100.0,16.67,1,16.67,33.33,16.67,2.17,100.0,0.0,0.0,0.0,0.0,0.0,671111
SI,Sinker,FB,1,0.68,1,1,0,0.0,0,0.0,1,0,0.0,0.0,0,0.0,0.0,,2.17,0.0,1.0,1.0,1.0,2.0,0.0,671111
FF,4-Seam Fastball,FB,112,60.87,23,18,4,17.39,5,21.74,52,11,21.15,9.82,15,13.39,23.21,18.18,50.0,15.38,0.333,0.478,0.389,0.867,0.0559999999999999,671131
CH,Changeup,OS,30,16.3,15,15,0,0.0,0,0.0,20,2,10.0,6.67,2,6.67,13.33,27.27,23.08,0.0,0.467,0.467,0.733,1.2,0.2659999999999999,671131
CU,Curveball,BR,16,8.7,3,2,0,0.0,0,0.0,3,0,0.0,0.0,1,6.25,6.25,0.0,11.54,0.0,0.5,0.667,2.0,2.667,1.5,671131
SL,Slider,BR,15,8.15,2,2,0,0.0,0,0.0,7,1,14.29,6.67,1,6.67,13.33,36.36,13.46,0.0,0.0,0.0,0.0,0.0,0.0,671131
SI,Sinker,FB,11,5.98,0,0,0,,0,,2,0,0.0,0.0,3,27.27,27.27,0.0,1.92,0.0,,,,,,671131
FF,4-Seam Fastball,FB,50,58.82,13,11,0,0.0,2,15.38,27,1,3.7,2.0,6,12.0,14.0,26.09,48.15,0.0,0.273,0.385,0.364,0.749,0.0909999999999999,671212
SL,Slider,BR,23,27.06,8,6,3,37.5,1,12.5,10,5,50.0,21.74,6,26.09,47.83,30.0,40.74,27.27,0.333,0.375,0.5,0.875,0.1669999999999999,671212
CU,Curveball,BR,11,12.94,1,1,0,0.0,0,0.0,2,1,50.0,9.09,4,36.36,45.45,0.0,11.11,0.0,0.0,0.0,0.0,0.0,0.0,671212
SI,Sinker,FB,1,1.18,0,0,0,,0,,1,0,0.0,0.0,0,0.0,0.0,,0.0,,,,,,,671212
SI,Sinker,FB,243,57.18,69,65,18,26.09,3,4.35,134,26,19.4,10.7,44,18.11,28.81,33.67,54.55,25.76,0.277,0.309,0.492,0.8009999999999999,0.2149999999999999,671345
CH,Changeup,OS,132,31.06,26,26,6,23.08,0,0.0,53,16,30.19,12.12,6,4.55,16.67,29.13,37.19,13.33,0.308,0.308,0.423,0.731,0.1149999999999999,671345
SL,Slider,BR,40,9.41,9,6,1,11.11,3,33.33,13,4,30.77,10.0,7,17.5,27.5,9.52,6.61,12.5,0.5,0.667,0.833,1.5,0.3329999999999999,671345
,,,8,1.88,2,0,0,0.0,2,100.0,0,0,,0.0,0,0.0,0.0,,0.0,,,1.0,,,,671345
FF,4-Seam Fastball,FB,2,0.47,0,0,0,,0,,1,0,0.0,0.0,0,0.0,0.0,50.0,1.65,0.0,,,,,,671345
FF,4-Seam Fastball,FB,426,46.35,114,97,32,28.07,15,13.16,215,49,22.79,11.5,65,15.26,26.76,23.83,51.09,22.7,0.258,0.351,0.485,0.836,0.2269999999999999,671737
FS,Split-Finger,OS,201,21.87,52,52,22,42.31,0,0.0,95,43,45.26,21.39,28,13.93,35.32,33.62,19.2,41.51,0.192,0.192,0.288,0.48,0.0959999999999999,671737
CU,Curveball,BR,148,16.1,32,31,13,40.62,1,3.12,55,12,21.82,8.11,34,22.97,31.08,20.0,21.38,22.03,0.161,0.188,0.29,0.478,0.1289999999999999,671737
FC,Cutter,FB,143,15.56,32,27,8,25.0,4,12.5,70,23,32.86,16.08,21,14.69,30.77,16.67,8.33,34.78,0.259,0.344,0.333,0.677,0.074,671737
,,,1,0.11,0,0,0,,0,,0,0,,0.0,0,0.0,0.0,,0.0,,,,,,,671737
SL,Slider,BR,182,36.47,52,48,11,21.15,4,7.69,89,27,30.34,14.84,20,10.99,25.82,26.8,42.57,17.46,0.292,0.346,0.521,0.867,0.229,672282
FF,4-Seam Fastball,FB,128,25.65,32,26,4,12.5,6,18.75,57,10,17.54,7.81,25,19.53,27.34,21.82,23.65,11.43,0.385,0.5,0.5,1.0,0.1149999999999999,672282
SI,Sinker,FB,110,22.04,36,33,3,8.33,0,0.0,64,12,18.75,10.91,17,15.45,26.36,36.17,14.86,13.64,0.273,0.333,0.485,0.8180000000000001,0.2119999999999999,672282
CU,Curveball,BR,73,14.63,14,11,5,35.71,2,14.29,22,10,45.45,13.7,17,23.29,36.99,15.0,17.57,19.23,0.182,0.357,0.545,0.902,0.363,672282
CH,Changeup,OS,3,0.6,1,1,0,0.0,0,0.0,1,0,0.0,0.0,0,0.0,0.0,0.0,0.68,0.0,0.0,0.0,0.0,0.0,0.0,672282
ST,Sweeper,BR,3,0.6,0,0,0,,0,,1,0,0.0,0.0,0,0.0,0.0,0.0,0.68,0.0,,,,,,672282
SI,Sinker,FB,180,44.44,49,43,9,18.37,5,10.2,83,17,20.48,9.44,36,20.0,29.44,32.93,33.63,23.68,0.233,0.327,0.279,0.6060000000000001,0.046,672335
SV,Slurve,BR,150,37.04,38,36,9,23.68,2,5.26,70,17,24.29,11.33,21,14.0,25.33,33.33,41.59,19.15,0.167,0.211,0.222,0.433,0.0549999999999999,672335
FF,4-Seam Fastball,FB,65,16.05,19,12,6,31.58,6,31.58,22,4,18.18,6.15,13,20.0,26.15,3.23,19.47,27.27,0.333,0.556,0.583,1.139,0.2499999999999999,672335
CU,Curveball,BR,9,2.22,3,3,0,0.0,0,0.0,4,0,0.0,0.0,0,0.0,0.0,16.67,5.31,0.0,0.0,0.0,0.0,0.0,0.0,672335
SL,Slider,BR,1,0.25,0,0,0,,0,,0,0,,0.0,0,0.0,0.0,0.0,0.0,,,,,,,672335
FF,4-Seam Fastball,FB,154,78.17,40,34,8,20.0,4,10.0,71,11,15.49,7.14,24,15.58,22.73,21.33,73.21,19.51,0.235,0.308,0.441,0.749,0.206,672391
ST,Sweeper,BR,27,13.71,6,6,2,33.33,0,0.0,11,2,18.18,7.41,4,14.81,22.22,8.33,14.29,25.0,0.667,0.667,1.833,2.5,1.166,672391
FC,Cutter,FB,8,4.06,2,2,0,0.0,0,0.0,5,0,0.0,0.0,0,0.0,0.0,25.0,1.79,0.0,0.0,0.0,0.0,0.0,0.0,672391
CH,Changeup,OS,7,3.55,3,3,1,33.33,0,0.0,4,1,25.0,14.29,0,0.0,14.29,40.0,10.71,16.67,0.333,0.333,0.333,0.666,0.0,672391
,,,1,0.51,0,0,0,,0,,0,0,,0.0,0,0.0,0.0,,0.0,,,,,,,672391
FF,4-Seam Fastball,FB,372,58.03,83,67,22,26.51,15,18.07,203,56,27.59,15.05,50,13.44,28.49,25.48,52.29,19.3,0.239,0.378,0.433,0.8109999999999999,0.194,672578
FS,Split-Finger,OS,130,20.28,28,28,8,28.57,0,0.0,66,24,36.36,18.46,5,3.85,22.31,33.71,23.39,15.69,0.179,0.179,0.214,0.393,0.035,672578
KC,Knuckle Curve,BR,80,12.48,17,16,6,35.29,1,5.88,28,12,42.86,15.0,16,20.0,35.0,23.91,8.72,31.58,0.188,0.235,0.25,0.485,0.062,672578
SL,Slider,BR,52,8.11,17,16,6,35.29,0,0.0,30,8,26.67,15.38,2,3.85,19.23,37.5,15.14,18.18,0.0,0.059,0.0,0.059,0.0,672578
,,,6,0.94,1,0,0,0.0,1,100.0,0,0,,0.0,0,0.0,0.0,,0.0,,,1.0,,,,672578
SI,Sinker,FB,1,0.16,0,0,0,,0,,0,0,,0.0,0,0.0,0.0,0.0,0.46,0.0,,,,,,672578
SI,Sinker,FB,76,42.22,23,22,4,17.39,1,4.35,40,4,10.0,5.26,22,28.95,34.21,39.13,37.04,20.0,0.318,0.348,0.409,0.7569999999999999,0.0909999999999999,672582
SL,Slider,BR,66,36.67,15,15,3,20.0,0,0.0,29,7,24.14,10.61,4,6.06,16.67,15.38,38.89,14.29,0.067,0.067,0.067,0.134,0.0,672582
FF,4-Seam Fastball,FB,37,20.56,9,8,4,44.44,1,11.11,16,6,37.5,16.22,7,18.92,35.14,14.29,22.22,33.33,0.125,0.222,0.125,0.347,0.0,672582
CH,Changeup,OS,1,0.56,1,1,0,0.0,0,0.0,1,0,0.0,0.0,0,0.0,0.0,,1.85,0.0,0.0,0.0,0.0,0.0,0.0,672582
FF,4-Seam Fastball,FB,218,42.66,58,49,4,6.9,8,13.79,101,9,8.91,4.13,39,17.89,22.02,20.62,29.2,10.0,0.449,0.517,0.673,1.19,0.224,672710
SL,Slider,BR,161,31.51,54,50,8,14.81,3,5.56,101,30,29.7,18.63,11,6.83,25.47,39.76,51.09,10.0,0.2,0.245,0.4,0.645,0.2,672710
CU,Curveball,BR,84,16.44,17,16,5,29.41,0,0.0,28,11,39.29,13.1,19,22.62,35.71,29.63,13.14,27.78,0.188,0.235,0.625,0.86,0.437,672710
CH,Changeup,OS,42,8.22,10,10,0,0.0,0,0.0,16,1,6.25,2.38,9,21.43,23.81,20.0,3.65,0.0,0.3,0.3,0.3,0.6,0.0,672710
ST,Sweeper,BR,4,0.78,2,1,0,0.0,1,50.0,3,0,0.0,0.0,0,0.0,0.0,66.67,2.92,0.0,0.0,0.5,0.0,0.5,0.0,672710
,,,2,0.39,1,0,0,0.0,1,100.0,0,0,,0.0,0,0.0,0.0,,0.0,,,1.0,,,,672710
FF,4-Seam Fastball,FB,55,30.56,12,11,4,33.33,1,8.33,17,0,0.0,0.0,15,27.27,27.27,11.54,36.59,26.67,0.273,0.333,0.545,0.8780000000000001,0.272,672715
SI,Sinker,FB,52,28.89,15,12,0,0.0,3,20.0,24,4,16.67,7.69,3,5.77,13.46,17.24,4.88,0.0,0.333,0.467,0.75,1.217,0.417,672715
CH,Changeup,OS,39,21.67,10,9,7,70.0,1,10.0,13,9,69.23,23.08,4,10.26,33.33,24.14,39.02,43.75,0.0,0.1,0.0,0.1,0.0,672715
SL,Slider,BR,28,15.56,8,7,0,0.0,1,12.5,16,3,18.75,10.71,5,17.86,28.57,36.36,19.51,0.0,0.714,0.75,0.714,1.464,0.0,672715
CU,Curveball,BR,5,2.78,1,1,0,0.0,0,0.0,2,1,50.0,20.0,2,40.0,60.0,50.0,0.0,,1.0,1.0,1.0,2.0,0.0,672715
,,,1,0.56,0,0,0,,0,,0,0,,0.0,0,0.0,0.0,,0.0,,,,,,,672715
SI,Sinker,FB,30,41.67,7,7,0,0.0,0,0.0,13,3,23.08,10.0,6,20.0,30.0,25.0,12.5,0.0,0.571,0.571,1.0,1.571,0.429,672730
CH,Changeup,OS,25,34.72,9,9,2,22.22,0,0.0,8,0,0.0,0.0,4,16.0,16.0,0.0,50.0,50.0,0.333,0.333,0.778,1.111,0.445,672730
FF,4-Seam Fastball,FB,11,15.28,4,3,1,25.0,1,25.0,5,1,20.0,9.09,1,9.09,18.18,33.33,37.5,33.33,0.333,0.5,0.667,1.167,0.334,672730
SL,Slider,BR,6,8.33,1,1,0,0.0,0,0.0,1,0,0.0,0.0,3,50.0,50.0,0.0,0.0,,0.0,0.0,0.0,0.0,0.0,672730
FF,4-Seam Fastball,FB,8,50.0,3,3,2,66.67,0,0.0,6,2,33.33,25.0,1,12.5,37.5,0.0,66.67,50.0,0.0,0.0,0.0,0.0,0.0,672782
CH,Changeup,OS,4,25.0,0,0,0,,0,,1,0,0.0,0.0,0,0.0,0.0,0.0,16.67,0.0,,,,,,672782
SL,Slider,BR,2,12.5,1,0,0,0.0,0,0.0,1,0,0.0,0.0,0,0.0,0.0,0.0,16.67,0.0,,1.0,,,,672782
CU,Curveball,BR,1,6.25,0,0,0,,0,,0,0,,0.0,1,100.0,100.0,0.0,0.0,,,,,,,672782
,,,1,6.25,0,0,0,,0,,0,0,,0.0,0,0.0,0.0,,0.0,,,,,,,672782
FF,4-Seam Fastball,FB,9,40.91,1,1,0,0.0,0,0.0,5,1,20.0,11.11,1,11.11,22.22,0.0,33.33,0.0,1.0,1.0,1.0,2.0,0.0,672841
FC,Cutter,FB,6,27.27,2,1,1,50.0,1,50.0,2,2,100.0,33.33,1,16.67,50.0,33.33,66.67,50.0,0.0,0.5,0.0,0.5,0.0,672841
SI,Sinker,FB,5,22.73,3,2,0,0.0,1,33.33,2,0,0.0,0.0,1,20.0,20.0,0.0,0.0,,0.5,0.667,0.5,1.167,0.0,672841
CH,Changeup,OS,1,4.55,0,0,0,,0,,0,0,,0.0,0,0.0,0.0,0.0,0.0,,,,,,,672841
,,,1,4.55,0,0,0,,0,,0,0,,0.0,0,0.0,0.0,,0.0,,,,,,,672841
FF,4-Seam Fastball,FB,212,43.98,48,45,6,12.5,3,6.25,98,20,20.41,9.43,35,16.51,25.94,19.1,37.82,13.33,0.289,0.333,0.444,0.777,0.155,672851
CU,Curveball,BR,121,25.1,36,34,12,33.33,2,5.56,62,16,25.81,13.22,19,15.7,28.93,29.82,34.45,29.27,0.353,0.389,0.618,1.007,0.265,672851
CH,Changeup,OS,102,21.16,23,21,6,26.09,2,8.7,44,15,34.09,14.71,8,7.84,22.55,31.94,21.85,23.08,0.19,0.261,0.286,0.5469999999999999,0.0959999999999999,672851
SI,Sinker,FB,37,7.68,15,13,0,0.0,2,13.33,20,1,5.0,2.7,11,29.73,32.43,46.15,1.68,0.0,0.385,0.467,1.0,1.467,0.615,672851
SL,Slider,BR,9,1.87,4,4,1,25.0,0,0.0,5,1,20.0,11.11,1,11.11,22.22,40.0,4.2,20.0,0.25,0.25,0.25,0.5,0.0,672851
,,,1,0.21,1,0,0,0.0,1,100.0,0,0,,0.0,0,0.0,0.0,,0.0,,,1.0,,,,672851
SL,Slider,BR,9,69.23,2,1,1,50.0,1,50.0,4,2,50.0,22.22,1,11.11,33.33,33.33,100.0,16.67,0.0,0.5,0.0,0.5,0.0,672860
FF,4-Seam Fastball,FB,4,30.77,0,0,0,,0,,1,0,0.0,0.0,0,0.0,0.0,0.0,0.0,,,,,,,672860
FF,4-Seam Fastball,FB,14,77.78,4,3,0,0.0,1,25.0,6,0,0.0,0.0,1,7.14,7.14,0.0,60.0,0.0,0.667,0.75,0.667,1.417,0.0,673111
SL,Slider,BR,3,16.67,0,0,0,,0,,0,0,,0.0,0,0.0,0.0,0.0,20.0,0.0,,,,,,673111
CH,Changeup,OS,1,5.56,0,0,0,,0,,0,0,,0.0,0,0.0,0.0,0.0,20.0,0.0,,,,,,673111
FF,4-Seam Fastball,FB,520,37.87,117,99,31,26.5,16,13.68,218,38,17.43,7.31,94,18.08,25.38,14.62,37.44,19.62,0.202,0.313,0.364,0.677,0.1619999999999999,673540
FC,Cutter,FB,382,27.82,104,88,8,7.69,11,10.58,197,30,15.23,7.85,70,18.32,26.18,27.33,13.74,13.79,0.25,0.343,0.307,0.65,0.0569999999999999,673540
FO,Forkball,OS,314,22.87,95,81,51,53.68,13,13.68,142,75,52.82,23.89,17,5.41,29.3,36.07,43.36,27.87,0.123,0.242,0.123,0.365,0.0,673540
ST,Sweeper,BR,75,5.46,8,7,0,0.0,1,12.5,17,4,23.53,5.33,24,32.0,37.33,10.53,0.71,0.0,0.143,0.25,0.571,0.821,0.4279999999999999,673540
SL,Slider,BR,40,2.91,9,9,5,55.56,0,0.0,18,7,38.89,17.5,4,10.0,27.5,25.0,3.55,33.33,0.222,0.222,0.333,0.555,0.111,673540
CU,Curveball,BR,37,2.69,5,5,1,20.0,0,0.0,12,6,50.0,16.22,6,16.22,32.43,8.7,0.24,100.0,0.0,0.0,0.0,0.0,0.0,673540
,,,5,0.36,0,0,0,,0,,0,0,,0.0,0,0.0,0.0,,0.95,0.0,,,,,,673540
FF,4-Seam Fastball,FB,17,62.96,5,4,0,0.0,1,20.0,6,0,0.0,0.0,3,17.65,17.65,25.0,66.67,0.0,0.75,0.8,0.75,1.55,0.0,673858
CU,Curveball,BR,5,18.52,2,1,0,0.0,1,50.0,2,0,0.0,0.0,1,20.0,20.0,0.0,0.0,,1.0,1.0,1.0,2.0,0.0,673858
SL,Slider,BR,4,14.81,1,1,0,0.0,0,0.0,2,0,0.0,0.0,0,0.0,0.0,33.33,33.33,0.0,0.0,0.0,0.0,0.0,0.0,673858
CH,Changeup,OS,1,3.7,0,0,0,,0,,0,0,,0.0,0,0.0,0.0,0.0,0.0,,,,,,,673858
FF,4-Seam Fastball,FB,133,54.73,40,37,8,20.0,2,5.0,66,13,19.7,9.77,28,21.05,30.83,28.3,58.82,20.0,0.216,0.275,0.297,0.5720000000000001,0.0809999999999999,674003
FC,Cutter,FB,59,24.28,8,7,0,0.0,1,12.5,15,2,13.33,3.39,17,28.81,32.2,13.33,14.71,0.0,0.429,0.5,0.857,1.357,0.428,674003
CH,Changeup,OS,27,11.11,6,5,0,0.0,1,16.67,14,3,21.43,11.11,5,18.52,29.63,25.0,8.82,0.0,0.2,0.333,0.4,0.7330000000000001,0.2,674003
SL,Slider,BR,24,9.88,7,7,0,0.0,0,0.0,10,1,10.0,4.17,1,4.17,8.33,13.33,17.65,0.0,0.571,0.571,0.714,1.285,0.143,674003
FF,4-Seam Fastball,FB,167,49.7,46,36,3,6.52,9,19.57,72,11,15.28,6.59,34,20.36,26.95,15.38,30.59,11.54,0.333,0.478,0.583,1.061,0.2499999999999999,674072
SL,Slider,BR,116,34.52,39,39,8,20.51,0,0.0,68,20,29.41,17.24,12,10.34,27.59,42.37,50.59,18.6,0.179,0.179,0.359,0.538,0.18,674072
CU,Curveball,BR,43,12.8,9,9,1,11.11,0,0.0,20,5,25.0,11.63,7,16.28,27.91,15.79,16.47,7.14,0.333,0.333,0.444,0.777,0.1109999999999999,674072
CH,Changeup,OS,10,2.98,2,1,1,50.0,1,50.0,3,2,66.67,20.0,1,10.0,30.0,0.0,2.35,50.0,0.0,0.5,0.0,0.5,0.0,674072
SI,Sinker,FB,52,47.27,10,8,0,0.0,2,20.0,21,0,0.0,0.0,10,19.23,19.23,25.0,37.5,0.0,0.375,0.5,0.375,0.875,0.0,674285
SL,Slider,BR,36,32.73,14,9,1,7.14,2,14.29,19,5,26.32,13.89,3,8.33,22.22,25.0,37.5,11.11,0.222,0.357,0.333,0.69,0.111,674285
FF,4-Seam Fastball,FB,13,11.82,2,1,1,50.0,1,50.0,3,1,33.33,7.69,3,23.08,30.77,0.0,20.83,20.0,0.0,0.5,0.0,0.5,0.0,674285
CH,Changeup,OS,9,8.18,3,3,0,0.0,0,0.0,4,0,0.0,0.0,0,0.0,0.0,28.57,4.17,0.0,0.667,0.667,0.667,1.334,0.0,674285
FF,4-Seam Fastball,FB,190,40.43,42,33,8,19.05,5,11.9,83,21,25.3,11.05,40,21.05,32.11,21.43,38.52,15.38,0.455,0.548,0.636,1.1840000000000002,0.181,674370
SL,Slider,BR,149,31.7,44,37,8,18.18,6,13.64,79,16,20.25,10.74,15,10.07,20.81,33.77,41.48,14.29,0.243,0.341,0.405,0.746,0.162,674370
CH,Changeup,OS,85,18.09,20,20,7,35.0,0,0.0,36,12,33.33,14.12,10,11.76,25.88,36.67,16.3,31.82,0.15,0.15,0.3,0.4499999999999999,0.15,674370
SI,Sinker,FB,39,8.3,4,3,0,0.0,1,25.0,12,2,16.67,5.13,7,17.95,23.08,19.23,1.48,0.0,0.667,0.75,1.0,1.75,0.3329999999999999,674370
FC,Cutter,FB,6,1.28,1,1,0,0.0,0,0.0,2,0,0.0,0.0,1,16.67,16.67,0.0,2.22,0.0,0.0,0.0,0.0,0.0,0.0,674370
,,,1,0.21,0,0,0,,0,,0,0,,0.0,0,0.0,0.0,,0.0,,,,,,,674370
FF,4-Seam Fastball,FB,48,46.6,14,9,5,35.71,5,35.71,22,5,22.73,10.42,12,25.0,35.42,16.67,42.31,45.45,0.222,0.5,0.444,0.944,0.222,674444
SL,Slider,BR,20,19.42,5,4,2,40.0,1,20.0,7,3,42.86,15.0,1,5.0,20.0,18.75,30.77,25.0,0.0,0.2,0.0,0.2,0.0,674444
SI,Sinker,FB,18,17.48,1,1,0,0.0,0,0.0,4,0,0.0,0.0,1,5.56,5.56,7.14,11.54,0.0,0.0,0.0,0.0,0.0,0.0,674444
FC,Cutter,FB,16,15.53,7,6,0,0.0,0,0.0,10,1,10.0,6.25,1,6.25,12.5,33.33,11.54,0.0,0.5,0.571,0.833,1.404,0.3329999999999999,674444
,,,1,0.97,0,0,0,,0,,0,0,,0.0,0,0.0,0.0,,3.85,0.0,,,,,,674444
FF,4-Seam Fastball,FB,18,69.23,4,3,1,25.0,0,0.0,11,4,36.36,22.22,2,11.11,33.33,37.5,40.0,25.0,0.333,0.5,0.333,0.833,0.0,674681
SL,Slider,BR,6,23.08,2,2,0,0.0,0,0.0,4,0,0.0,0.0,1,16.67,16.67,50.0,40.0,0.0,0.5,0.5,0.5,1.0,0.0,674681
CH,Changeup,OS,2,7.69,1,1,1,100.0,0,0.0,1,1,100.0,50.0,0,0.0,50.0,50.0,20.0,50.0,0.0,0.0,0.0,0.0,0.0,674681
FF,4-Seam Fastball,FB,372,51.67,93,81,17,18.28,12,12.9,151,24,15.89,6.45,76,20.43,26.88,17.39,46.67,18.68,0.272,0.366,0.346,0.712,0.0739999999999999,675540
SL,Slider,BR,183,25.42,54,49,13,24.07,3,5.56,90,21,23.33,11.48,32,17.49,28.96,23.75,33.85,19.7,0.163,0.222,0.245,0.4669999999999999,0.0819999999999999,675540
CU,Curveball,BR,108,15.0,22,20,5,22.73,2,9.09,47,15,31.91,13.89,16,14.81,28.7,28.12,13.33,19.23,0.3,0.364,0.5,0.864,0.2,675540
CH,Changeup,OS,54,7.5,17,16,0,0.0,1,5.88,22,0,0.0,0.0,5,9.26,9.26,26.32,5.13,0.0,0.25,0.294,0.312,0.606,0.062,675540
,,,2,0.28,1,1,1,100.0,0,0.0,0,0,,0.0,0,0.0,0.0,,0.51,100.0,0.0,0.0,0.0,0.0,0.0,675540
ST,Sweeper,BR,1,0.14,0,0,0,,0,,0,0,,0.0,0,0.0,0.0,0.0,0.51,0.0,,,,,,675540
FF,4-Seam Fastball,FB,222,39.15,58,51,6,10.34,7,12.07,90,9,10.0,4.05,55,24.77,28.83,13.98,27.78,13.33,0.412,0.483,0.647,1.13,0.235,675627
KC,Knuckle Curve,BR,136,23.99,22,20,4,18.18,2,9.09,52,9,17.31,6.62,27,19.85,26.47,26.39,17.28,14.29,0.4,0.455,0.55,1.005,0.15,675627
SL,Slider,BR,125,22.05,44,38,14,31.82,4,9.09,71,24,33.8,19.2,7,5.6,24.8,35.21,44.44,19.44,0.237,0.341,0.447,0.788,0.21,675627
FC,Cutter,FB,75,13.23,20,19,4,20.0,1,5.0,45,11,24.44,14.67,11,14.67,29.33,41.38,9.26,26.67,0.211,0.25,0.579,0.829,0.368,675627
SI,Sinker,FB,5,0.88,2,2,0,0.0,0,0.0,4,0,0.0,0.0,1,20.0,20.0,100.0,0.62,0.0,1.0,1.0,2.0,3.0,1.0,675627
CH,Changeup,OS,4,0.71,1,1,0,0.0,0,0.0,1,0,0.0,0.0,0,0.0,0.0,0.0,0.62,0.0,1.0,1.0,1.0,2.0,0.0,675627
FF,4-Seam Fastball,FB,1019,59.63,242,216,71,29.34,25,10.33,517,141,27.27,13.84,184,18.06,31.89,22.96,54.91,22.68,0.255,0.335,0.384,0.7190000000000001,0.129,675911
SL,Slider,BR,473,27.68,108,92,53,49.07,13,12.04,249,120,48.19,25.37,51,10.78,36.15,41.03,31.4,29.61,0.152,0.278,0.359,0.637,0.207,675911
CH,Changeup,OS,214,12.52,52,47,17,32.69,5,9.62,94,41,43.62,19.16,16,7.48,26.64,32.9,13.68,21.79,0.128,0.212,0.191,0.403,0.063,675911
,,,2,0.12,1,0,0,0.0,1,100.0,0,0,,0.0,0,0.0,0.0,,0.0,,,1.0,,,,675911
PO,Pitch Out,,1,0.06,0,0,0,,0,,0,0,,0.0,0,0.0,0.0,0.0,0.0,,,,,,,675911
FF,4-Seam Fastball,FB,188,61.44,48,33,9,18.75,12,25.0,87,20,22.99,10.64,26,13.83,24.47,29.52,63.64,14.29,0.242,0.458,0.364,0.8220000000000001,0.122,675916
CU,Curveball,BR,112,36.6,22,21,11,50.0,1,4.55,43,20,46.51,17.86,28,25.0,42.86,29.63,35.35,31.43,0.19,0.227,0.571,0.7979999999999999,0.3809999999999999,675916
,,,6,1.96,1,0,0,0.0,1,100.0,0,0,,0.0,0,0.0,0.0,,1.01,0.0,,1.0,,,,675916
FF,4-Seam Fastball,FB,7,46.67,1,0,0,0.0,1,100.0,0,0,,0.0,2,28.57,28.57,0.0,33.33,0.0,,1.0,,,,675921
CH,Changeup,OS,4,26.67,1,1,0,0.0,0,0.0,3,2,66.67,50.0,1,25.0,75.0,100.0,0.0,,1.0,1.0,1.0,2.0,0.0,675921
SL,Slider,BR,4,26.67,2,2,1,50.0,0,0.0,3,2,66.67,50.0,0,0.0,50.0,66.67,66.67,50.0,0.0,0.0,0.0,0.0,0.0,675921
FF,4-Seam Fastball,FB,120,57.97,29,20,3,10.34,9,31.03,46,7,15.22,5.83,26,21.67,27.5,13.33,55.1,11.11,0.4,0.586,0.95,1.536,0.5499999999999999,675989
CH,Changeup,OS,55,26.57,7,6,1,14.29,1,14.29,11,2,18.18,3.64,5,9.09,12.73,13.04,20.41,10.0,0.167,0.286,0.333,0.619,0.166,675989
ST,Sweeper,BR,31,14.98,10,10,3,30.0,0,0.0,18,4,22.22,12.9,3,9.68,22.58,37.5,24.49,25.0,0.3,0.3,0.3,0.6,0.0,675989
SI,Sinker,FB,1,0.48,0,0,0,,0,,0,0,,0.0,0,0.0,0.0,,0.0,,,,,,,675989
FC,Cutter,FB,15,50.0,4,3,2,50.0,1,25.0,6,4,66.67,26.67,3,20.0,46.67,40.0,58.33,28.57,0.0,0.25,0.0,0.25,0.0,676050
FF,4-Seam Fastball,FB,9,30.0,1,1,1,100.0,0,0.0,3,2,66.67,22.22,3,33.33,55.56,40.0,25.0,33.33,0.0,0.0,0.0,0.0,0.0,676050
SI,Sinker,FB,5,16.67,1,1,0,0.0,0,0.0,2,0,0.0,0.0,1,20.0,20.0,0.0,16.67,0.0,0.0,0.0,0.0,0.0,0.0,676050
CH,Changeup,OS,1,3.33,0,0,0,,0,,0,0,,0.0,0,0.0,0.0,0.0,0.0,,,,,,,676050
FF,4-Seam Fastball,FB,46,54.76,11,10,2,18.18,1,9.09,22,3,13.64,6.52,9,19.57,26.09,21.74,51.72,13.33,0.2,0.273,0.3,0.573,0.0999999999999999,676083
ST,Sweeper,BR,14,16.67,3,2,0,0.0,1,33.33,6,0,0.0,0.0,3,21.43,21.43,14.29,17.24,0.0,0.0,0.333,0.0,0.333,0.0,676083
FS,Split-Finger,OS,13,15.48,4,3,0,0.0,0,0.0,7,0,0.0,0.0,3,23.08,23.08,20.0,10.34,0.0,0.333,0.333,0.667,1.0,0.334,676083
CU,Curveball,BR,10,11.9,5,5,2,40.0,0,0.0,6,1,16.67,10.0,1,10.0,20.0,50.0,17.24,40.0,0.4,0.4,0.4,0.8,0.0,676083
SL,Slider,BR,1,1.19,0,0,0,,0,,0,0,,0.0,0,0.0,0.0,0.0,3.45,0.0,,,,,,676083
FC,Cutter,FB,49,35.0,15,14,2,13.33,1,6.67,29,4,13.79,8.16,4,8.16,16.33,25.0,37.14,15.38,0.214,0.267,0.286,0.5529999999999999,0.0719999999999999,676092
SL,Slider,BR,41,29.29,8,7,0,0.0,1,12.5,15,4,26.67,9.76,5,12.2,21.95,8.33,34.29,0.0,0.143,0.25,0.286,0.536,0.143,676092
SI,Sinker,FB,36,25.71,12,9,0,0.0,2,16.67,11,0,0.0,0.0,7,19.44,19.44,0.0,14.29,0.0,0.556,0.583,0.889,1.472,0.3329999999999999,676092
FF,4-Seam Fastball,FB,8,5.71,2,2,0,0.0,0,0.0,3,0,0.0,0.0,2,25.0,25.0,0.0,5.71,0.0,0.5,0.5,0.5,1.0,0.0,676092
ST,Sweeper,BR,5,3.57,0,0,0,,0,,1,0,0.0,0.0,0,0.0,0.0,0.0,8.57,0.0,,,,,,676092
CH,Changeup,OS,1,0.71,0,0,0,,0,,0,0,,0.0,0,0.0,0.0,0.0,0.0,,,,,,,676092
FF,4-Seam Fastball,FB,42,49.41,6,6,1,16.67,0,0.0,27,4,14.81,9.52,1,2.38,11.9,18.75,50.0,7.69,0.167,0.167,0.167,0.334,0.0,676106
SL,Slider,BR,24,28.24,7,7,1,14.29,0,0.0,14,4,28.57,16.67,6,25.0,41.67,50.0,19.23,20.0,0.286,0.286,0.286,0.572,0.0,676106
CH,Changeup,OS,14,16.47,6,5,0,0.0,1,16.67,7,1,14.29,7.14,0,0.0,7.14,30.0,30.77,0.0,0.4,0.5,0.4,0.9,0.0,676106
SI,Sinker,FB,5,5.88,2,2,0,0.0,0,0.0,2,0,0.0,0.0,2,40.0,40.0,0.0,0.0,,0.5,0.5,0.5,1.0,0.0,676106
FF,4-Seam Fastball,FB,211,55.67,45,37,7,15.56,8,17.78,75,12,16.0,5.69,46,21.8,27.49,16.67,46.08,14.89,0.162,0.311,0.243,0.554,0.0809999999999999,676130
CH,Changeup,OS,92,24.27,23,21,7,30.43,2,8.7,42,16,38.1,17.39,3,3.26,20.65,33.33,31.37,18.75,0.238,0.304,0.333,0.637,0.095,676130
CU,Curveball,BR,29,7.65,6,6,2,33.33,0,0.0,10,4,40.0,13.79,2,6.9,20.69,10.53,5.88,33.33,0.167,0.167,0.167,0.334,0.0,676130
SI,Sinker,FB,28,7.39,12,10,1,8.33,2,16.67,17,6,35.29,21.43,3,10.71,32.14,35.71,3.92,25.0,0.2,0.333,0.2,0.533,0.0,676130
SL,Slider,BR,18,4.75,7,7,5,71.43,0,0.0,11,5,45.45,27.78,2,11.11,38.89,58.33,12.75,38.46,0.143,0.143,0.143,0.286,0.0,676130
,,,1,0.26,0,0,0,,0,,0,0,,0.0,0,0.0,0.0,,0.0,,,,,,,676130
FF,4-Seam Fastball,FB,45,47.37,11,11,1,9.09,0,0.0,23,2,8.7,4.44,4,8.89,13.33,18.18,51.85,7.14,0.455,0.455,0.636,1.091,0.181,676206
CH,Changeup,OS,32,33.68,7,5,3,42.86,2,28.57,15,8,53.33,25.0,3,9.38,34.38,33.33,29.63,37.5,0.0,0.286,0.0,0.286,0.0,676206
CU,Curveball,BR,16,16.84,4,4,1,25.0,0,0.0,5,1,20.0,6.25,4,25.0,31.25,20.0,14.81,25.0,0.0,0.0,0.0,0.0,0.0,676206
SL,Slider,BR,2,2.11,1,1,1,100.0,0,0.0,0,0,,0.0,1,50.0,50.0,0.0,3.7,100.0,0.0,0.0,0.0,0.0,0.0,676206
SI,Sinker,FB,210,51.98,50,45,14,28.0,4,8.0,77,16,20.78,7.62,53,25.24,32.86,16.84,44.37,20.63,0.2,0.26,0.267,0.527,0.067,676254
SL,Slider,BR,187,46.29,46,41,15,32.61,3,6.52,110,41,37.27,21.93,22,11.76,33.69,43.52,54.23,19.48,0.244,0.326,0.585,0.911,0.3409999999999999,676254
FF,4-Seam Fastball,FB,7,1.73,0,0,0,,0,,2,2,100.0,28.57,1,14.29,42.86,40.0,1.41,0.0,,,,,,676254
KC,Knuckle Curve,BR,147,50.34,40,34,11,27.5,4,10.0,73,27,36.99,18.37,18,12.24,30.61,28.0,56.82,22.0,0.265,0.35,0.294,0.6439999999999999,0.0289999999999999,676265
FF,4-Seam Fastball,FB,118,40.41,27,22,6,22.22,4,14.81,53,6,11.32,5.08,22,18.64,23.73,25.0,30.68,22.22,0.364,0.481,0.818,1.299,0.4539999999999999,676265
SL,Slider,BR,27,9.25,5,5,0,0.0,0,0.0,16,4,25.0,14.81,2,7.41,22.22,20.0,12.5,0.0,0.4,0.4,1.6,2.0,1.2000000000000002,676265
FF,4-Seam Fastball,FB,342,31.99,82,73,9,10.98,8,9.76,174,31,17.82,9.06,68,19.88,28.95,24.29,24.77,11.11,0.301,0.378,0.438,0.8160000000000001,0.137,676272
CU,Curveball,BR,235,21.98,53,51,21,39.62,2,3.77,87,29,33.33,12.34,54,22.98,35.32,25.4,18.96,33.87,0.157,0.189,0.255,0.444,0.098,676272
CH,Changeup,OS,234,21.89,60,56,15,25.0,3,5.0,100,36,36.0,15.38,34,14.53,29.91,28.99,23.55,19.48,0.125,0.169,0.286,0.4549999999999999,0.1609999999999999,676272
SI,Sinker,FB,174,16.28,42,35,11,26.19,7,16.67,95,23,24.21,13.22,33,18.97,32.18,22.81,13.76,24.44,0.2,0.333,0.229,0.562,0.0289999999999999,676272
SL,Slider,BR,83,7.76,32,27,9,28.12,3,9.38,42,10,23.81,12.05,3,3.61,15.66,25.0,18.65,14.75,0.185,0.281,0.407,0.688,0.2219999999999999,676272
ST,Sweeper,BR,1,0.09,0,0,0,,0,,0,0,,0.0,0,0.0,0.0,0.0,0.31,0.0,,,,,,676272
FA,Other,,3,60.0,1,1,0,0.0,0,0.0,2,0,0.0,0.0,1,33.33,33.33,,100.0,0.0,0.0,0.0,0.0,0.0,0.0,676391
KN,Knuckleball,,2,40.0,0,0,0,,0,,0,0,,0.0,0,0.0,0.0,0.0,0.0,,,,,,,676391
FF,4-Seam Fastball,FB,115,56.93,28,21,8,28.57,3,10.71,58,11,18.97,9.57,25,21.74,31.3,27.5,55.56,22.86,0.143,0.25,0.19,0.44,0.047,676395
SL,Slider,BR,80,39.6,21,20,1,4.76,1,4.76,36,7,19.44,8.75,10,12.5,21.25,20.93,38.1,4.17,0.3,0.333,0.45,0.783,0.15,676395
CH,Changeup,OS,7,3.47,2,1,1,50.0,1,50.0,3,2,66.67,28.57,0,0.0,28.57,33.33,6.35,25.0,0.0,0.5,0.0,0.5,0.0,676395
FF,4-Seam Fastball,FB,541,49.91,140,122,22,15.71,17,12.14,257,45,17.51,8.32,91,16.82,25.14,22.52,45.9,14.57,0.189,0.293,0.238,0.5309999999999999,0.0489999999999999,676440
CH,Changeup,OS,261,24.08,71,66,27,38.03,5,7.04,135,56,41.48,21.46,40,15.33,36.78,34.11,27.05,30.34,0.212,0.268,0.258,0.526,0.046,676440
FC,Cutter,FB,148,13.65,28,26,6,21.43,1,3.57,64,13,20.31,8.78,22,14.86,23.65,19.48,18.24,10.0,0.192,0.222,0.308,0.53,0.1159999999999999,676440
CU,Curveball,BR,134,12.36,29,28,7,24.14,0,0.0,50,11,22.0,8.21,23,17.16,25.37,19.4,8.81,24.14,0.25,0.241,0.429,0.6699999999999999,0.179,676440
EP,Eephus,,6,50.0,1,1,0,0.0,0,0.0,2,1,50.0,16.67,1,16.67,33.33,20.0,50.0,0.0,0.0,0.0,0.0,0.0,0.0,676475
FA,Other,,6,50.0,1,1,0,0.0,0,0.0,3,0,0.0,0.0,0,0.0,0.0,25.0,50.0,0.0,0.0,0.0,0.0,0.0,0.0,676475
SI,Sinker,FB,233,43.71,43,40,8,18.6,2,4.65,119,23,19.33,9.87,46,19.74,29.61,10.81,30.37,13.79,0.25,0.286,0.35,0.6359999999999999,0.0999999999999999,676477
CH,Changeup,OS,170,31.89,59,58,14,23.73,1,1.69,102,30,29.41,17.65,15,8.82,26.47,43.96,37.7,19.44,0.328,0.339,0.638,0.977,0.31,676477
ST,Sweeper,BR,90,16.89,22,18,10,45.45,2,9.09,46,22,47.83,24.44,18,20.0,44.44,47.06,16.75,31.25,0.111,0.273,0.333,0.6060000000000001,0.222,676477
FF,4-Seam Fastball,FB,40,7.5,7,7,1,14.29,0,0.0,17,3,17.65,7.5,0,0.0,7.5,14.81,15.18,3.45,0.143,0.143,0.143,0.286,0.0,676477
FC,Cutter,FB,63,33.16,12,8,1,8.33,4,33.33,25,4,16.0,6.35,20,31.75,38.1,13.64,19.4,7.69,0.25,0.5,0.25,0.75,0.0,676534
FF,4-Seam Fastball,FB,52,27.37,10,10,1,10.0,0,0.0,21,4,19.05,7.69,9,17.31,25.0,15.38,28.36,5.26,0.3,0.3,0.6,0.8999999999999999,0.3,676534
CU,Curveball,BR,38,20.0,8,7,3,37.5,0,0.0,12,4,33.33,10.53,4,10.53,21.05,20.69,22.39,20.0,0.429,0.5,0.429,0.929,0.0,676534
ST,Sweeper,BR,36,18.95,14,14,1,7.14,0,0.0,26,4,15.38,11.11,3,8.33,19.44,50.0,28.36,5.26,0.357,0.357,0.357,0.714,0.0,676534
,,,1,0.53,0,0,0,,0,,0,0,,0.0,0,0.0,0.0,,1.49,0.0,,,,,,676534
SI,Sinker,FB,117,63.59,34,32,10,29.41,2,5.88,62,24,38.71,20.51,26,22.22,42.74,41.82,56.86,34.48,0.25,0.294,0.438,0.732,0.188,676596
CU,Curveball,BR,59,32.07,13,13,2,15.38,0,0.0,19,3,15.79,5.08,8,13.56,18.64,5.88,33.33,11.76,0.077,0.077,0.308,0.385,0.2309999999999999,676596
FF,4-Seam Fastball,FB,8,4.35,2,2,1,50.0,0,0.0,4,2,50.0,25.0,1,12.5,37.5,0.0,9.8,20.0,0.0,0.0,0.0,0.0,0.0,676596
FA,Other,,5,83.33,2,1,0,0.0,1,50.0,1,0,0.0,0.0,0,0.0,0.0,0.0,,,1.0,1.0,4.0,5.0,3.0,676632
EP,Eephus,,1,16.67,0,0,0,,0,,0,0,,0.0,0,0.0,0.0,0.0,,,,,,,,676632
FF,4-Seam Fastball,FB,324,56.64,79,65,13,16.46,11,13.92,156,31,19.87,9.57,49,15.12,24.69,28.93,53.57,12.38,0.369,0.462,0.692,1.154,0.3229999999999999,676664
ST,Sweeper,BR,145,25.35,39,38,7,17.95,1,2.56,79,22,27.85,15.17,16,11.03,26.21,43.75,32.14,11.11,0.316,0.333,0.342,0.675,0.026,676664
SL,Slider,BR,98,17.13,21,20,3,14.29,1,4.76,45,14,31.11,14.29,21,21.43,35.71,28.89,13.78,11.11,0.2,0.238,0.5,0.738,0.3,676664
CH,Changeup,OS,4,0.7,1,1,1,100.0,0,0.0,3,2,66.67,50.0,0,0.0,50.0,50.0,0.51,100.0,0.0,0.0,0.0,0.0,0.0,676664
SI,Sinker,FB,1,0.17,0,0,0,,0,,0,0,,0.0,1,100.0,100.0,,0.0,,,,,,,676664
ST,Sweeper,BR,156,50.0,41,40,15,36.59,0,0.0,68,23,33.82,14.74,27,17.31,32.05,17.57,67.86,26.32,0.275,0.275,0.475,0.75,0.1999999999999999,676680
FF,4-Seam Fastball,FB,91,29.17,23,17,5,21.74,5,21.74,40,13,32.5,14.29,19,20.88,35.16,19.35,23.81,25.0,0.235,0.435,0.235,0.6699999999999999,0.0,676680
SI,Sinker,FB,65,20.83,16,15,0,0.0,1,6.25,37,11,29.73,16.92,12,18.46,35.38,48.39,8.33,0.0,0.133,0.188,0.133,0.321,0.0,676680
FF,4-Seam Fastball,FB,184,49.6,38,35,14,36.84,2,5.26,92,17,18.48,9.24,50,27.17,36.41,36.11,52.14,22.95,0.2,0.243,0.429,0.6719999999999999,0.2289999999999999,676684
SL,Slider,BR,95,25.61,20,19,5,25.0,1,5.0,42,10,23.81,10.53,14,14.74,25.26,28.07,23.08,18.52,0.263,0.3,0.316,0.616,0.0529999999999999,676684
CH,Changeup,OS,88,23.72,26,24,5,19.23,2,7.69,46,11,23.91,12.5,3,3.41,15.91,39.06,24.79,17.24,0.208,0.269,0.333,0.6020000000000001,0.125,676684
,,,4,1.08,1,0,0,0.0,1,100.0,0,0,,0.0,0,0.0,0.0,,0.0,,,1.0,,,,676684
FF,4-Seam Fastball,FB,2,40.0,0,0,0,,0,,2,0,0.0,0.0,0,0.0,0.0,100.0,0.0,,,,,,,676689
SL,Slider,BR,2,40.0,1,1,0,0.0,0,0.0,1,0,0.0,0.0,0,0.0,0.0,0.0,50.0,0.0,0.0,0.0,0.0,0.0,0.0,676689
CH,Changeup,OS,1,20.0,0,0,0,,0,,0,0,,0.0,0,0.0,0.0,0.0,50.0,0.0,,,,,,676689
EP,Eephus,,7,43.75,2,2,0,0.0,0,0.0,4,0,0.0,0.0,1,14.29,14.29,25.0,0.0,,1.0,1.0,1.5,2.5,0.5,676701
FA,Other,,6,37.5,2,2,1,50.0,0,0.0,3,1,33.33,16.67,1,16.67,33.33,50.0,100.0,100.0,0.5,0.5,2.0,2.5,1.5,676701
CH,Changeup,OS,3,18.75,2,2,0,0.0,0,0.0,2,0,0.0,0.0,0,0.0,0.0,0.0,0.0,,0.5,0.5,2.0,2.5,1.5,676701
FC,Cutter,FB,40,53.33,11,10,2,18.18,0,0.0,23,7,30.43,17.5,10,25.0,42.5,36.36,30.0,33.33,0.2,0.273,0.4,0.673,0.2,676702
FF,4-Seam Fastball,FB,28,37.33,8,8,1,12.5,0,0.0,13,2,15.38,7.14,4,14.29,21.43,0.0,50.0,10.0,0.375,0.375,1.125,1.5,0.75,676702
SL,Slider,BR,6,8.0,3,3,2,66.67,0,0.0,5,2,40.0,33.33,0,0.0,33.33,66.67,20.0,50.0,0.0,0.0,0.0,0.0,0.0,676702
,,,1,1.33,0,0,0,,0,,0,0,,0.0,0,0.0,0.0,,0.0,,,,,,,676702
FF,4-Seam Fastball,FB,460,42.67,107,93,43,40.19,12,11.21,254,76,29.92,16.52,63,13.7,30.22,30.65,51.36,25.29,0.108,0.206,0.226,0.432,0.118,676710
FC,Cutter,FB,288,26.72,72,66,4,5.56,5,6.94,154,27,17.53,9.38,26,9.03,18.4,34.15,12.39,9.76,0.288,0.347,0.485,0.832,0.197,676710
KC,Knuckle Curve,BR,149,13.82,31,28,2,6.45,3,9.68,47,9,19.15,6.04,48,32.21,38.26,18.31,9.97,6.06,0.286,0.355,0.607,0.962,0.321,676710
FS,Split-Finger,OS,141,13.08,34,33,7,20.59,1,2.94,58,12,20.69,8.51,15,10.64,19.15,19.05,16.31,12.96,0.273,0.294,0.455,0.749,0.182,676710
SL,Slider,BR,22,2.04,9,8,5,55.56,1,11.11,12,7,58.33,31.82,1,4.55,36.36,10.0,5.14,29.41,0.375,0.444,1.0,1.444,0.625,676710
ST,Sweeper,BR,17,1.58,6,6,3,50.0,0,0.0,11,4,36.36,23.53,0,0.0,23.53,53.85,4.83,18.75,0.0,0.0,0.0,0.0,0.0,676710
SI,Sinker,FB,1,0.09,0,0,0,,0,,1,0,0.0,0.0,0,0.0,0.0,,0.0,,,,,,,676710
SL,Slider,BR,83,71.55,19,17,7,36.84,2,10.53,39,21,53.85,25.3,6,7.23,32.53,26.92,70.59,29.17,0.235,0.316,0.235,0.5509999999999999,0.0,676714
FF,4-Seam Fastball,FB,23,19.83,8,6,3,37.5,2,25.0,8,1,12.5,4.35,6,26.09,30.43,0.0,29.41,30.0,0.0,0.25,0.0,0.25,0.0,676714
SI,Sinker,FB,10,8.62,3,3,0,0.0,0,0.0,4,0,0.0,0.0,4,40.0,40.0,33.33,0.0,,0.667,0.667,0.667,1.334,0.0,676714
FF,4-Seam Fastball,FB,267,53.19,56,47,16,28.57,7,12.5,146,41,28.08,15.36,38,14.23,29.59,34.15,49.43,18.39,0.213,0.327,0.34,0.667,0.127,676760
CH,Changeup,OS,214,42.63,51,43,15,29.41,8,15.69,88,32,36.36,14.95,29,13.55,28.5,29.5,48.3,17.65,0.233,0.353,0.349,0.702,0.1159999999999999,676760
ST,Sweeper,BR,17,3.39,5,4,1,20.0,0,0.0,5,0,0.0,0.0,4,23.53,23.53,0.0,1.14,50.0,0.0,0.2,0.0,0.2,0.0,676760
PO,Pitch Out,,3,0.6,0,0,0,,0,,0,0,,0.0,0,0.0,0.0,0.0,1.14,0.0,,,,,,676760
SI,Sinker,FB,1,0.2,0,0,0,,0,,0,0,,0.0,1,100.0,100.0,,0.0,,,,,,,676760
FS,Split-Finger,OS,153,59.07,52,49,10,19.23,2,3.85,82,25,30.49,16.34,24,15.69,32.03,41.03,68.06,20.41,0.265,0.308,0.327,0.635,0.062,676775
FF,4-Seam Fastball,FB,100,38.61,16,15,4,25.0,1,6.25,50,14,28.0,14.0,13,13.0,27.0,26.53,31.94,17.39,0.333,0.375,1.0,1.375,0.667,676775
SI,Sinker,FB,6,2.32,2,2,0,0.0,0,0.0,3,1,33.33,16.67,1,16.67,33.33,33.33,0.0,,0.0,0.0,0.0,0.0,0.0,676775
SI,Sinker,FB,5,50.0,2,2,0,0.0,0,0.0,3,0,0.0,0.0,0,0.0,0.0,50.0,,,0.0,0.0,0.0,0.0,0.0,676961
,,,3,30.0,1,0,0,0.0,1,100.0,0,0,,0.0,0,0.0,0.0,,,,,1.0,,,,676961
CU,Curveball,BR,1,10.0,1,1,0,0.0,0,0.0,1,0,0.0,0.0,0,0.0,0.0,,,,1.0,1.0,4.0,5.0,3.0,676961
ST,Sweeper,BR,1,10.0,0,0,0,,0,,0,0,,0.0,0,0.0,0.0,0.0,,,,,,,,676961
FF,4-Seam Fastball,FB,53,57.61,6,5,1,16.67,1,16.67,22,8,36.36,15.09,14,26.42,41.51,16.67,39.29,9.09,0.4,0.5,0.4,0.9,0.0,676979
ST,Sweeper,BR,35,38.04,14,12,3,21.43,2,14.29,17,3,17.65,8.57,4,11.43,20.0,28.57,57.14,18.75,0.333,0.429,0.417,0.846,0.0839999999999999,676979
SL,Slider,BR,4,4.35,2,1,0,0.0,0,0.0,1,0,0.0,0.0,0,0.0,0.0,0.0,3.57,0.0,1.0,1.0,1.0,2.0,0.0,676979
FF,4-Seam Fastball,FB,72,68.57,15,12,4,26.67,3,20.0,34,10,29.41,13.89,12,16.67,30.56,17.65,57.58,21.05,0.25,0.4,0.5,0.9,0.25,677020
SL,Slider,BR,33,31.43,7,6,3,42.86,1,14.29,10,6,60.0,18.18,2,6.06,24.24,22.22,42.42,21.43,0.333,0.429,0.333,0.762,0.0,677020
FF,4-Seam Fastball,FB,182,52.75,41,32,14,34.15,9,21.95,88,32,36.36,17.58,33,18.13,35.71,29.63,52.34,25.0,0.156,0.341,0.406,0.7470000000000001,0.25,677053
ST,Sweeper,BR,163,47.25,44,44,16,36.36,0,0.0,73,26,35.62,15.95,23,14.11,30.06,30.21,47.66,31.37,0.159,0.159,0.227,0.386,0.068,677053
FF,4-Seam Fastball,FB,11,55.0,4,4,0,0.0,0,0.0,7,0,0.0,0.0,2,18.18,18.18,33.33,40.0,0.0,0.5,0.5,1.25,1.75,0.75,677076
SL,Slider,BR,8,40.0,1,1,1,100.0,0,0.0,3,2,66.67,25.0,0,0.0,25.0,37.5,60.0,33.33,0.0,0.0,0.0,0.0,0.0,677076
CH,Changeup,OS,1,5.0,0,0,0,,0,,0,0,,0.0,0,0.0,0.0,0.0,0.0,,,,,,,677076
CH,Changeup,OS,55,46.22,12,9,1,8.33,3,25.0,23,7,30.43,12.73,2,3.64,16.36,30.23,55.0,4.55,0.222,0.417,0.444,0.861,0.222,677161
FF,4-Seam Fastball,FB,51,42.86,8,5,2,25.0,3,37.5,21,5,23.81,9.8,14,27.45,37.25,21.74,32.5,15.38,0.2,0.5,0.2,0.7,0.0,677161
SL,Slider,BR,12,10.08,3,3,1,33.33,0,0.0,6,2,33.33,16.67,2,16.67,33.33,20.0,10.0,25.0,0.333,0.333,0.667,1.0,0.334,677161
ST,Sweeper,BR,1,0.84,1,1,0,0.0,0,0.0,1,0,0.0,0.0,0,0.0,0.0,,2.5,0.0,0.0,0.0,0.0,0.0,0.0,677161
FC,Cutter,FB,64,33.68,20,18,7,35.0,2,10.0,41,14,34.15,21.88,6,9.38,31.25,51.43,55.77,24.14,0.222,0.3,0.333,0.633,0.111,677651
FF,4-Seam Fastball,FB,50,26.32,13,11,1,7.69,1,7.69,21,1,4.76,2.0,11,22.0,24.0,10.53,13.46,14.29,0.545,0.583,0.727,1.31,0.1819999999999999,677651
CU,Curveball,BR,30,15.79,4,4,1,25.0,0,0.0,9,2,22.22,6.67,10,33.33,40.0,16.67,7.69,25.0,0.25,0.25,0.5,0.75,0.25,677651
CH,Changeup,OS,26,13.68,9,9,3,33.33,0,0.0,12,5,41.67,19.23,1,3.85,23.08,27.78,19.23,30.0,0.222,0.222,0.333,0.555,0.111,677651
ST,Sweeper,BR,19,10.0,2,2,0,0.0,0,0.0,9,1,11.11,5.26,6,31.58,36.84,54.55,3.85,0.0,0.5,0.5,1.5,2.0,1.0,677651
SI,Sinker,FB,1,0.53,1,0,0,0.0,1,100.0,0,0,,0.0,0,0.0,0.0,0.0,0.0,,,1.0,,,,677651
ST,Sweeper,BR,64,42.95,18,18,7,38.89,0,0.0,30,12,40.0,18.75,11,17.19,35.94,35.14,61.7,24.14,0.222,0.222,0.333,0.555,0.111,677865
SI,Sinker,FB,58,38.93,15,13,2,13.33,1,6.67,24,1,4.17,1.72,18,31.03,32.76,22.73,27.66,15.38,0.154,0.267,0.231,0.498,0.077,677865
FC,Cutter,FB,27,18.12,5,3,1,20.0,1,20.0,9,5,55.56,18.52,4,14.81,33.33,15.79,10.64,20.0,0.0,0.25,0.0,0.25,0.0,677865
FF,4-Seam Fastball,FB,133,64.56,36,34,3,8.33,1,2.78,75,10,13.33,7.52,18,13.53,21.05,18.37,51.72,10.0,0.176,0.194,0.382,0.5760000000000001,0.206,677944
CU,Curveball,BR,32,15.53,7,7,0,0.0,0,0.0,13,0,0.0,0.0,6,18.75,18.75,26.32,13.79,0.0,0.429,0.429,0.429,0.858,0.0,677944
SL,Slider,BR,22,10.68,9,9,5,55.56,0,0.0,16,6,37.5,27.27,1,4.55,31.82,58.33,29.31,29.41,0.333,0.333,0.556,0.889,0.223,677944
FS,Split-Finger,OS,13,6.31,4,3,0,0.0,1,25.0,5,0,0.0,0.0,0,0.0,0.0,20.0,5.17,0.0,0.333,0.5,1.333,1.833,1.0,677944
CH,Changeup,OS,6,2.91,0,0,0,,0,,1,0,0.0,0.0,0,0.0,0.0,0.0,0.0,,,,,,,677944
FF,4-Seam Fastball,FB,162,58.7,31,25,7,22.58,5,16.13,67,18,26.87,11.11,31,19.14,30.25,14.67,50.0,16.67,0.36,0.452,0.56,1.012,0.2,677960
ST,Sweeper,BR,89,32.25,22,21,7,31.82,1,4.55,34,14,41.18,15.73,16,17.98,33.71,26.0,38.1,21.88,0.143,0.182,0.286,0.4679999999999999,0.143,677960
CH,Changeup,OS,21,7.61,10,9,1,10.0,1,10.0,15,4,26.67,19.05,1,4.76,23.81,28.57,10.71,11.11,0.444,0.5,1.222,1.722,0.778,677960
SI,Sinker,FB,4,1.45,1,1,0,0.0,0,0.0,2,0,0.0,0.0,1,25.0,25.0,50.0,1.19,0.0,0.0,0.0,0.0,0.0,0.0,677960
FF,4-Seam Fastball,FB,87,55.77,15,12,3,20.0,1,6.67,42,8,19.05,9.2,17,19.54,28.74,25.0,37.74,15.0,0.333,0.429,0.667,1.096,0.334,678061
CU,Curveball,BR,65,41.67,20,19,12,60.0,1,5.0,29,14,48.28,21.54,13,20.0,41.54,34.29,56.6,40.0,0.053,0.1,0.053,0.153,0.0,678061
FS,Split-Finger,OS,2,1.28,0,0,0,,0,,0,0,,0.0,0,0.0,0.0,0.0,3.77,0.0,,,,,,678061
,,,2,1.28,1,0,0,0.0,1,100.0,0,0,,0.0,0,0.0,0.0,,1.89,0.0,,1.0,,,,678061
SL,Slider,BR,27,50.94,4,3,2,50.0,1,25.0,13,6,46.15,22.22,1,3.7,25.93,31.58,50.0,22.22,0.333,0.5,1.333,1.833,1.0,678226
FF,4-Seam Fastball,FB,26,49.06,8,7,4,50.0,1,12.5,13,6,46.15,23.08,7,26.92,50.0,36.36,50.0,44.44,0.0,0.125,0.0,0.125,0.0,678226
CH,Changeup,OS,386,31.2,111,101,21,18.92,9,8.11,206,71,34.47,18.39,34,8.81,27.2,37.39,32.92,19.81,0.248,0.306,0.327,0.633,0.079,678394
FF,4-Seam Fastball,FB,362,29.26,86,81,10,11.63,5,5.81,185,29,15.68,8.01,39,10.77,18.78,23.84,31.99,9.71,0.333,0.372,0.704,1.076,0.3709999999999999,678394
SI,Sinker,FB,303,24.49,89,82,8,8.99,6,6.74,143,12,8.39,3.96,65,21.45,25.41,23.33,19.88,12.5,0.341,0.386,0.537,0.923,0.196,678394
SL,Slider,BR,108,8.73,21,19,2,9.52,0,0.0,35,5,14.29,4.63,18,16.67,21.3,16.42,9.01,6.9,0.368,0.429,0.579,1.008,0.2109999999999999,678394
ST,Sweeper,BR,47,3.8,9,8,1,11.11,1,11.11,19,8,42.11,17.02,6,12.77,29.79,32.35,3.42,9.09,0.375,0.444,0.375,0.819,0.0,678394
FC,Cutter,FB,29,2.34,6,6,2,33.33,0,0.0,15,4,26.67,13.79,3,10.34,24.14,23.08,2.48,25.0,0.5,0.5,1.167,1.667,0.667,678394
,,,2,0.16,0,0,0,,0,,0,0,,0.0,0,0.0,0.0,,0.31,0.0,,,,,,678394
SI,Sinker,FB,119,53.85,39,36,3,7.69,3,7.69,65,5,7.69,4.2,24,20.17,24.37,31.58,44.07,11.54,0.25,0.308,0.278,0.5860000000000001,0.028,678606
FF,4-Seam Fastball,FB,64,28.96,14,11,5,35.71,2,14.29,26,5,19.23,7.81,16,25.0,32.81,23.08,30.51,27.78,0.273,0.429,0.545,0.974,0.272,678606
FC,Cutter,FB,14,6.33,3,3,0,0.0,0,0.0,6,0,0.0,0.0,0,0.0,0.0,11.11,10.17,0.0,0.333,0.333,0.333,0.666,0.0,678606
CH,Changeup,OS,13,5.88,4,4,1,25.0,0,0.0,7,1,14.29,7.69,0,0.0,7.69,54.55,11.86,14.29,0.5,0.5,0.5,1.0,0.0,678606
SL,Slider,BR,10,4.52,1,1,0,0.0,0,0.0,1,0,0.0,0.0,0,0.0,0.0,0.0,3.39,0.0,1.0,1.0,2.0,3.0,1.0,678606
,,,1,0.45,0,0,0,,0,,0,0,,0.0,0,0.0,0.0,,0.0,,,,,,,678606
SI,Sinker,FB,42,60.0,14,13,0,0.0,1,7.14,26,3,11.54,7.14,4,9.52,16.67,31.58,60.0,0.0,0.385,0.429,0.692,1.121,0.3069999999999999,679346
SL,Slider,BR,24,34.29,3,3,1,33.33,0,0.0,9,2,22.22,8.33,5,20.83,29.17,25.0,35.0,14.29,0.667,0.667,1.0,1.667,0.3329999999999999,679346
CH,Changeup,OS,4,5.71,0,0,0,,0,,0,0,,0.0,0,0.0,0.0,0.0,5.0,0.0,,,,,,679346
FF,4-Seam Fastball,FB,297,42.13,59,46,19,32.2,11,18.64,129,35,27.13,11.78,45,15.15,26.94,27.22,42.11,21.59,0.196,0.362,0.37,0.732,0.174,679525
CH,Changeup,OS,165,23.4,48,41,7,14.58,7,14.58,79,21,26.58,12.73,18,10.91,23.64,30.3,22.01,15.22,0.415,0.5,0.732,1.232,0.317,679525
CU,Curveball,BR,150,21.28,26,23,7,26.92,2,7.69,59,20,33.9,13.33,36,24.0,37.33,28.21,14.83,22.58,0.261,0.346,0.609,0.955,0.348,679525
ST,Sweeper,BR,45,6.38,14,9,4,28.57,4,28.57,21,7,33.33,15.56,5,11.11,26.67,34.62,11.48,16.67,0.111,0.357,0.222,0.579,0.111,679525
SL,Slider,BR,26,3.69,10,8,4,40.0,1,10.0,17,5,29.41,19.23,1,3.85,23.08,33.33,7.66,25.0,0.25,0.4,0.625,1.025,0.375,679525
SI,Sinker,FB,22,3.12,7,5,0,0.0,1,14.29,11,1,9.09,4.55,3,13.64,18.18,11.11,1.91,0.0,0.4,0.5,1.2,1.7,0.7999999999999999,679525
FF,4-Seam Fastball,FB,69,58.47,17,11,2,11.76,6,35.29,29,4,13.79,5.8,10,14.49,20.29,33.33,50.0,11.76,0.545,0.706,1.0,1.706,0.4549999999999999,679885
FS,Split-Finger,OS,33,27.97,6,6,3,50.0,0,0.0,13,8,61.54,24.24,3,9.09,33.33,36.0,47.06,18.75,0.167,0.167,0.333,0.5,0.166,679885
SL,Slider,BR,12,10.17,1,1,0,0.0,0,0.0,3,1,33.33,8.33,3,25.0,33.33,14.29,2.94,0.0,1.0,1.0,2.0,3.0,1.0,679885
,,,4,3.39,1,0,0,0.0,1,100.0,0,0,,0.0,0,0.0,0.0,,0.0,,,1.0,,,,679885
FF,4-Seam Fastball,FB,8,47.06,4,4,0,0.0,0,0.0,4,0,0.0,0.0,1,12.5,12.5,0.0,66.67,0.0,0.25,0.25,0.25,0.5,0.0,680232
SL,Slider,BR,8,47.06,1,0,0,0.0,1,100.0,1,0,0.0,0.0,2,25.0,25.0,0.0,0.0,,,1.0,,,,680232
,,,1,5.88,0,0,0,,0,,0,0,,0.0,0,0.0,0.0,,33.33,0.0,,,,,,680232
FF,4-Seam Fastball,FB,480,51.5,101,86,30,29.7,14,13.86,262,75,28.63,15.62,60,12.5,28.12,31.08,50.64,18.87,0.337,0.426,0.547,0.973,0.21,680570
CH,Changeup,OS,288,30.9,92,84,14,15.22,7,7.61,159,41,25.79,14.24,27,9.38,23.61,37.65,37.26,11.97,0.202,0.264,0.345,0.609,0.1429999999999999,680570
CU,Curveball,BR,120,12.88,21,20,5,23.81,1,4.76,33,9,27.27,7.5,37,30.83,38.33,17.19,7.01,22.73,0.3,0.333,0.6,0.933,0.3,680570
FC,Cutter,FB,23,2.47,7,5,1,14.29,2,28.57,10,2,20.0,8.7,3,13.04,21.74,8.33,2.55,12.5,0.4,0.571,1.2,1.771,0.7999999999999999,680570
ST,Sweeper,BR,14,1.5,0,0,0,,0,,4,0,0.0,0.0,1,7.14,7.14,25.0,2.55,0.0,,,,,,680570
SL,Slider,BR,7,0.75,0,0,0,,0,,3,1,33.33,14.29,1,14.29,28.57,25.0,0.0,,,,,,,680570
CH,Changeup,OS,20,48.78,4,4,0,0.0,0,0.0,11,1,9.09,5.0,0,0.0,5.0,30.77,60.0,0.0,0.25,0.25,1.0,1.25,0.75,680573
FF,4-Seam Fastball,FB,20,48.78,7,6,1,14.29,1,14.29,8,1,12.5,5.0,5,25.0,30.0,36.36,40.0,25.0,0.333,0.429,0.333,0.762,0.0,680573
,,,1,2.44,0,0,0,,0,,0,0,,0.0,0,0.0,0.0,,0.0,,,,,,,680573
FC,Cutter,FB,408,28.14,107,90,24,22.43,13,12.15,208,44,21.15,10.78,53,12.99,23.77,27.54,31.42,17.52,0.222,0.324,0.367,0.6910000000000001,0.145,680686
SL,Slider,BR,315,21.72,89,76,23,25.84,13,14.61,153,46,30.07,14.6,44,13.97,28.57,28.74,26.83,18.8,0.211,0.326,0.342,0.668,0.131,680686
CU,Curveball,BR,284,19.59,60,58,18,30.0,2,3.33,122,43,35.25,15.14,48,16.9,32.04,36.08,19.27,21.43,0.224,0.25,0.362,0.612,0.1379999999999999,680686
FF,4-Seam Fastball,FB,276,19.03,50,38,6,12.0,11,22.0,96,23,23.96,8.33,53,19.2,27.54,13.33,11.93,11.54,0.368,0.5,0.658,1.158,0.29,680686
SI,Sinker,FB,105,7.24,23,18,4,17.39,5,21.74,52,9,17.31,8.57,16,15.24,23.81,18.18,5.96,15.38,0.222,0.391,0.556,0.947,0.3340000000000001,680686
CH,Changeup,OS,40,2.76,13,13,2,15.38,0,0.0,19,2,10.53,5.0,3,7.5,12.5,26.92,2.06,22.22,0.231,0.231,0.308,0.539,0.0769999999999999,680686
ST,Sweeper,BR,17,1.17,6,5,2,33.33,1,16.67,6,2,33.33,11.76,4,23.53,35.29,25.0,2.52,18.18,0.4,0.5,1.0,1.5,0.6,680686
,,,5,0.34,1,0,0,0.0,1,100.0,0,0,,0.0,0,0.0,0.0,,0.0,,,1.0,,,,680686
FF,4-Seam Fastball,FB,98,50.52,19,14,1,5.26,5,26.32,43,4,9.3,4.08,12,12.24,16.33,17.31,55.93,3.03,0.357,0.526,1.214,1.74,0.857,680689
CH,Changeup,OS,64,32.99,22,19,2,9.09,3,13.64,32,5,15.62,7.81,5,7.81,15.62,40.0,37.29,9.09,0.211,0.318,0.211,0.529,0.0,680689
CU,Curveball,BR,21,10.82,4,4,1,25.0,0,0.0,6,1,16.67,4.76,9,42.86,47.62,12.5,1.69,100.0,0.5,0.5,1.5,2.0,1.0,680689
SI,Sinker,FB,9,4.64,3,2,1,33.33,1,33.33,3,2,66.67,22.22,2,22.22,44.44,20.0,5.08,33.33,0.5,0.667,1.0,1.667,0.5,680689
SL,Slider,BR,2,1.03,1,1,0,0.0,0,0.0,1,0,0.0,0.0,1,50.0,50.0,,0.0,,0.0,0.0,0.0,0.0,0.0,680689
FF,4-Seam Fastball,FB,410,33.41,74,63,8,10.81,11,14.86,155,18,11.61,4.39,102,24.88,29.27,14.84,22.13,9.88,0.317,0.419,0.492,0.911,0.175,680694
CU,Curveball,BR,277,22.58,76,72,26,34.21,3,3.95,139,56,40.29,20.22,38,13.72,33.94,38.73,22.4,31.71,0.167,0.197,0.194,0.391,0.0269999999999999,680694
SL,Slider,BR,256,20.86,76,66,31,40.79,8,10.53,123,40,32.52,15.62,35,13.67,29.3,25.2,34.43,24.6,0.182,0.28,0.364,0.644,0.182,680694
CH,Changeup,OS,155,12.63,40,37,2,5.0,3,7.5,62,8,12.9,5.16,24,15.48,20.65,23.08,8.47,6.45,0.27,0.325,0.351,0.6759999999999999,0.0809999999999999,680694
SI,Sinker,FB,126,10.27,38,35,11,28.95,2,5.26,57,11,19.3,8.73,22,17.46,26.19,20.34,12.57,23.91,0.171,0.237,0.229,0.4659999999999999,0.0579999999999999,680694
,,,3,0.24,0,0,0,,0,,0,0,,0.0,0,0.0,0.0,,0.0,,,,,,,680694
SL,Slider,BR,131,41.07,27,24,7,25.93,3,11.11,62,22,35.48,16.79,19,14.5,31.3,20.31,43.0,16.28,0.083,0.185,0.333,0.518,0.25,680704
FF,4-Seam Fastball,FB,77,24.14,18,13,3,16.67,3,16.67,38,8,21.05,10.39,9,11.69,22.08,21.05,28.0,10.71,0.077,0.294,0.154,0.4479999999999999,0.077,680704
SI,Sinker,FB,67,21.0,16,15,5,31.25,1,6.25,23,5,21.74,7.46,16,23.88,31.34,15.15,18.0,27.78,0.133,0.188,0.2,0.388,0.067,680704
FS,Split-Finger,OS,43,13.48,11,10,2,18.18,1,9.09,21,8,38.1,18.6,5,11.63,30.23,37.93,11.0,18.18,0.4,0.455,1.0,1.455,0.6,680704
,,,1,0.31,1,0,0,0.0,1,100.0,0,0,,0.0,0,0.0,0.0,,0.0,,,1.0,,,,680704
FF,4-Seam Fastball,FB,44,48.35,12,9,4,33.33,3,25.0,16,4,25.0,9.09,9,20.45,29.55,18.18,50.0,33.33,0.556,0.667,1.444,2.111,0.8879999999999999,680723
SI,Sinker,FB,24,26.37,4,3,0,0.0,1,25.0,11,0,0.0,0.0,6,25.0,25.0,41.67,25.0,0.0,0.0,0.25,0.0,0.25,0.0,680723
ST,Sweeper,BR,23,25.27,8,8,2,25.0,0,0.0,11,4,36.36,17.39,2,8.7,26.09,26.67,25.0,33.33,0.25,0.25,0.625,0.875,0.375,680723
FF,4-Seam Fastball,FB,107,47.35,31,26,7,22.58,4,12.9,44,10,22.73,9.35,22,20.56,29.91,14.29,47.46,25.0,0.269,0.387,0.385,0.772,0.1159999999999999,680735
FC,Cutter,FB,95,42.04,22,21,6,27.27,1,4.55,47,19,40.43,20.0,13,13.68,33.68,33.33,38.98,26.09,0.095,0.136,0.143,0.279,0.0479999999999999,680735
CU,Curveball,BR,14,6.19,5,4,2,40.0,1,20.0,4,1,25.0,7.14,3,21.43,28.57,12.5,10.17,33.33,0.0,0.2,0.0,0.2,0.0,680735
SL,Slider,BR,6,2.65,2,2,0,0.0,0,0.0,3,0,0.0,0.0,2,33.33,33.33,0.0,3.39,0.0,0.5,0.5,0.5,1.0,0.0,680735
CH,Changeup,OS,4,1.77,0,0,0,,0,,1,1,100.0,25.0,1,25.0,50.0,0.0,0.0,,,,,,,680735
CH,Changeup,OS,76,31.67,23,21,4,17.39,1,4.35,39,7,17.95,9.21,14,18.42,27.63,32.43,31.88,18.18,0.333,0.348,0.524,0.872,0.191,680739
SL,Slider,BR,66,27.5,22,20,7,31.82,2,9.09,36,8,22.22,12.12,10,15.15,27.27,24.14,34.78,29.17,0.05,0.136,0.05,0.186,0.0,680739
FF,4-Seam Fastball,FB,60,25.0,11,9,1,9.09,2,18.18,20,1,5.0,1.67,13,21.67,23.33,7.14,14.49,10.0,0.333,0.455,0.333,0.788,0.0,680739
CU,Curveball,BR,36,15.0,6,5,1,16.67,0,0.0,11,2,18.18,5.56,8,22.22,27.78,16.67,17.39,8.33,0.4,0.333,0.6,0.933,0.1999999999999999,680739
ST,Sweeper,BR,1,0.42,0,0,0,,0,,0,0,,0.0,0,0.0,0.0,0.0,0.0,,,,,,,680739
,,,1,0.42,0,0,0,,0,,0,0,,0.0,0,0.0,0.0,,1.45,0.0,,,,,,680739
FF,4-Seam Fastball,FB,8,34.78,2,2,1,50.0,0,0.0,4,1,25.0,12.5,0,0.0,12.5,0.0,42.86,33.33,0.0,0.0,0.0,0.0,0.0,680742
SL,Slider,BR,7,30.43,2,2,1,50.0,0,0.0,5,4,80.0,57.14,1,14.29,71.43,60.0,42.86,33.33,0.0,0.0,0.0,0.0,0.0,680742
SI,Sinker,FB,5,21.74,1,1,0,0.0,0,0.0,2,0,0.0,0.0,0,0.0,0.0,0.0,14.29,0.0,1.0,1.0,1.0,2.0,0.0,680742
CH,Changeup,OS,3,13.04,0,0,0,,0,,2,0,0.0,0.0,0,0.0,0.0,0.0,0.0,,,,,,,680742
FF,4-Seam Fastball,FB,46,63.89,11,11,2,18.18,0,0.0,25,2,8.0,4.35,6,13.04,17.39,30.43,57.14,12.5,0.545,0.545,0.727,1.272,0.1819999999999999,680767
CH,Changeup,OS,23,31.94,4,4,2,50.0,0,0.0,10,3,30.0,13.04,1,4.35,17.39,20.0,35.71,20.0,0.0,0.0,0.0,0.0,0.0,680767
SL,Slider,BR,3,4.17,2,2,1,50.0,0,0.0,2,1,50.0,33.33,1,33.33,66.67,,7.14,50.0,0.5,0.5,0.5,1.0,0.0,680767
SI,Sinker,FB,8,40.0,2,1,0,0.0,1,50.0,5,1,20.0,12.5,1,12.5,25.0,33.33,37.5,0.0,0.0,0.5,0.0,0.5,0.0,680983
CH,Changeup,OS,6,30.0,1,1,1,100.0,0,0.0,3,1,33.33,16.67,0,0.0,16.67,25.0,25.0,50.0,0.0,0.0,0.0,0.0,0.0,680983
CU,Curveball,BR,5,25.0,0,0,0,,0,,0,0,,0.0,0,0.0,0.0,0.0,37.5,0.0,,,,,,680983
FF,4-Seam Fastball,FB,1,5.0,1,1,0,0.0,0,0.0,1,0,0.0,0.0,0,0.0,0.0,,0.0,,1.0,1.0,1.0,2.0,0.0,680983
FF,4-Seam Fastball,FB,90,29.51,22,16,2,9.09,4,18.18,40,7,17.5,7.78,20,22.22,30.0,17.95,32.95,6.9,0.188,0.333,0.188,0.521,0.0,681190
FC,Cutter,FB,70,22.95,15,10,2,13.33,4,26.67,30,6,20.0,8.57,12,17.14,25.71,26.32,10.23,22.22,0.3,0.533,0.9,1.433,0.6000000000000001,681190
CH,Changeup,OS,65,21.31,18,18,2,11.11,0,0.0,28,4,14.29,6.15,10,15.38,21.54,25.71,29.55,7.69,0.111,0.111,0.333,0.444,0.222,681190
CU,Curveball,BR,32,10.49,11,10,1,9.09,0,0.0,15,1,6.67,3.12,6,18.75,21.88,27.78,13.64,8.33,0.3,0.364,0.5,0.864,0.2,681190
SI,Sinker,FB,25,8.2,10,10,1,10.0,0,0.0,15,1,6.67,4.0,4,16.0,20.0,14.29,5.68,20.0,0.3,0.3,0.6,0.8999999999999999,0.3,681190
ST,Sweeper,BR,23,7.54,4,4,2,50.0,0,0.0,9,2,22.22,8.7,4,17.39,26.09,23.08,7.95,28.57,0.0,0.0,0.0,0.0,0.0,681190
FF,4-Seam Fastball,FB,205,47.67,40,31,9,22.5,9,22.5,76,18,23.68,8.78,46,22.44,31.22,16.49,34.43,21.43,0.226,0.4,0.387,0.787,0.161,681217
FS,Split-Finger,OS,104,24.19,36,35,14,38.89,1,2.78,58,19,32.76,18.27,5,4.81,23.08,39.71,49.18,23.33,0.143,0.167,0.371,0.538,0.228,681217
ST,Sweeper,BR,61,14.19,13,10,2,15.38,2,15.38,27,8,29.63,13.11,11,18.03,31.15,30.0,10.66,15.38,0.2,0.385,0.3,0.685,0.0999999999999999,681217
FC,Cutter,FB,36,8.37,11,10,0,0.0,1,9.09,19,3,15.79,8.33,3,8.33,16.67,23.53,3.28,0.0,0.2,0.273,0.2,0.473,0.0,681217
CU,Curveball,BR,15,3.49,2,2,0,0.0,0,0.0,3,0,0.0,0.0,6,40.0,40.0,0.0,1.64,0.0,0.5,0.5,2.0,2.5,1.5,681217
SL,Slider,BR,6,1.4,1,1,0,0.0,0,0.0,1,0,0.0,0.0,3,50.0,50.0,0.0,0.0,,0.0,0.0,0.0,0.0,0.0,681217
SI,Sinker,FB,3,0.7,0,0,0,,0,,1,0,0.0,0.0,0,0.0,0.0,0.0,0.82,0.0,,,,,,681217
FF,4-Seam Fastball,FB,87,48.6,20,15,7,35.0,5,25.0,44,15,34.09,17.24,15,17.24,34.48,15.15,46.15,23.33,0.333,0.5,0.733,1.233,0.3999999999999999,681402
SL,Slider,BR,65,36.31,16,13,4,25.0,2,12.5,31,12,38.71,18.46,10,15.38,33.85,28.95,43.08,14.29,0.385,0.5,1.0,1.5,0.615,681402
CH,Changeup,OS,19,10.61,5,5,0,0.0,0,0.0,6,0,0.0,0.0,1,5.26,5.26,7.69,9.23,0.0,0.4,0.4,0.4,0.8,0.0,681402
,,,5,2.79,1,0,0,0.0,1,100.0,0,0,,0.0,0,0.0,0.0,,1.54,0.0,,1.0,,,,681402
SI,Sinker,FB,3,1.68,0,0,0,,0,,0,0,,0.0,2,66.67,66.67,0.0,0.0,,,,,,,681402
ST,Sweeper,BR,28,51.85,6,6,4,66.67,0,0.0,16,8,50.0,28.57,5,17.86,46.43,53.33,64.71,36.36,0.0,0.0,0.0,0.0,0.0,681432
FF,4-Seam Fastball,FB,26,48.15,5,3,0,0.0,1,20.0,10,4,40.0,15.38,5,19.23,34.62,15.38,35.29,0.0,0.333,0.4,0.667,1.0670000000000002,0.334,681432
FF,4-Seam Fastball,FB,6,75.0,0,0,0,,0,,1,0,0.0,0.0,1,16.67,16.67,0.0,,,,,,,,681517
SL,Slider,BR,2,25.0,2,1,0,0.0,1,50.0,1,0,0.0,0.0,0,0.0,0.0,0.0,,,1.0,1.0,2.0,3.0,1.0,681517
FA,Other,,7,100.0,2,1,0,0.0,1,50.0,1,0,0.0,0.0,2,28.57,28.57,0.0,,,0.0,0.5,0.0,0.5,0.0,681584
FF,4-Seam Fastball,FB,115,40.49,21,20,3,14.29,1,4.76,56,11,19.64,9.57,18,15.65,25.22,30.65,43.81,6.52,0.4,0.429,0.55,0.979,0.15,681806
FC,Cutter,FB,89,31.34,19,16,4,21.05,3,15.79,43,11,25.58,12.36,20,22.47,34.83,31.71,13.33,28.57,0.312,0.421,0.562,0.983,0.25,681806
ST,Sweeper,BR,39,13.73,15,14,4,26.67,1,6.67,26,6,23.08,15.38,3,7.69,23.08,47.06,20.95,18.18,0.143,0.2,0.214,0.414,0.071,681806
CH,Changeup,OS,35,12.32,10,10,5,50.0,0,0.0,15,8,53.33,22.86,0,0.0,22.86,35.48,21.9,21.74,0.1,0.1,0.1,0.2,0.0,681806
,,,5,1.76,1,0,0,0.0,1,100.0,0,0,,0.0,0,0.0,0.0,,0.0,,,1.0,,,,681806
SI,Sinker,FB,1,0.35,0,0,0,,0,,0,0,,0.0,0,0.0,0.0,0.0,0.0,,,,,,,681806
FA,Other,,21,80.77,9,8,0,0.0,1,11.11,12,0,0.0,0.0,0,0.0,0.0,25.0,100.0,0.0,0.5,0.556,1.25,1.806,0.75,681807
EP,Eephus,,5,19.23,2,2,0,0.0,0,0.0,4,0,0.0,0.0,0,0.0,0.0,50.0,0.0,,0.5,0.5,0.5,1.0,0.0,681807
ST,Sweeper,BR,2,40.0,0,0,0,,0,,1,0,0.0,0.0,1,50.0,50.0,,0.0,,,,,,,681810
CH,Changeup,OS,1,20.0,1,1,1,100.0,0,0.0,1,1,100.0,100.0,0,0.0,100.0,100.0,100.0,100.0,0.0,0.0,0.0,0.0,0.0,681810
FC,Cutter,FB,1,20.0,0,0,0,,0,,0,0,,0.0,0,0.0,0.0,0.0,0.0,,,,,,,681810
FF,4-Seam Fastball,FB,1,20.0,0,0,0,,0,,0,0,,0.0,0,0.0,0.0,0.0,0.0,,,,,,,681810
FF,4-Seam Fastball,FB,373,45.05,89,76,18,20.22,13,14.61,159,23,14.47,6.17,73,19.57,25.74,18.24,43.48,15.0,0.224,0.337,0.434,0.771,0.21,681857
SL,Slider,BR,211,25.48,48,41,14,29.17,7,14.58,93,32,34.41,15.17,39,18.48,33.65,27.59,25.0,20.29,0.195,0.312,0.39,0.702,0.195,681857
CH,Changeup,OS,164,19.81,38,34,12,31.58,2,5.26,76,26,34.21,15.85,9,5.49,21.34,33.33,21.38,20.34,0.235,0.263,0.265,0.528,0.03,681857
CU,Curveball,BR,80,9.66,15,14,6,40.0,1,6.67,36,11,30.56,13.75,13,16.25,30.0,33.33,10.14,21.43,0.214,0.267,0.286,0.5529999999999999,0.0719999999999999,681857
CH,Changeup,OS,64,28.7,17,17,1,5.88,0,0.0,32,5,15.62,7.81,3,4.69,12.5,28.21,40.74,4.55,0.471,0.471,0.765,1.236,0.294,681867
SI,Sinker,FB,62,27.8,17,12,1,5.88,5,29.41,21,3,14.29,4.84,19,30.65,35.48,14.81,16.67,11.11,0.25,0.471,0.583,1.0539999999999998,0.3329999999999999,681867
FC,Cutter,FB,42,18.83,10,9,0,0.0,0,0.0,21,3,14.29,7.14,6,14.29,21.43,33.33,7.41,0.0,0.444,0.5,0.889,1.389,0.445,681867
ST,Sweeper,BR,40,17.94,12,10,4,33.33,1,8.33,18,2,11.11,5.0,9,22.5,27.5,33.33,33.33,22.22,0.2,0.333,0.3,0.633,0.0999999999999999,681867
SL,Slider,BR,11,4.93,4,3,0,0.0,1,25.0,3,0,0.0,0.0,2,18.18,18.18,0.0,1.85,0.0,0.0,0.25,0.0,0.25,0.0,681867
,,,4,1.79,1,0,0,0.0,1,100.0,0,0,,0.0,0,0.0,0.0,,0.0,,,1.0,,,,681867
FF,4-Seam Fastball,FB,49,47.12,13,11,1,7.69,1,7.69,22,1,4.55,2.04,8,16.33,18.37,17.39,42.86,8.33,0.364,0.462,0.727,1.189,0.363,681869
CU,Curveball,BR,25,24.04,4,4,2,50.0,0,0.0,11,3,27.27,12.0,3,12.0,24.0,37.5,28.57,25.0,0.5,0.5,0.75,1.25,0.25,681869
CH,Changeup,OS,19,18.27,5,5,3,60.0,0,0.0,11,6,54.55,31.58,3,15.79,47.37,50.0,21.43,50.0,0.2,0.2,0.2,0.4,0.0,681869
FC,Cutter,FB,11,10.58,3,3,1,33.33,0,0.0,6,1,16.67,9.09,0,0.0,9.09,44.44,7.14,50.0,0.333,0.333,0.667,1.0,0.334,681869
SI,Sinker,FB,70,37.84,18,16,4,22.22,2,11.11,33,7,21.21,10.0,17,24.29,34.29,32.26,22.81,30.77,0.5,0.556,0.688,1.244,0.1879999999999999,681882
SL,Slider,BR,61,32.97,9,8,4,44.44,1,11.11,30,14,46.67,22.95,9,14.75,37.7,34.38,15.79,44.44,0.125,0.222,0.5,0.722,0.375,681882
KC,Knuckle Curve,BR,49,26.49,17,17,8,47.06,0,0.0,24,6,25.0,12.24,6,12.24,24.49,23.08,59.65,23.53,0.294,0.294,0.412,0.706,0.118,681882
,,,5,2.7,1,0,0,0.0,1,100.0,0,0,,0.0,0,0.0,0.0,,1.75,0.0,,1.0,,,,681882
SI,Sinker,FB,29,43.28,9,8,4,44.44,1,11.11,13,3,23.08,10.34,6,20.69,31.03,23.08,30.0,66.67,0.0,0.111,0.0,0.111,0.0,681892
FC,Cutter,FB,19,28.36,5,5,0,0.0,0,0.0,8,2,25.0,10.53,4,21.05,31.58,22.22,15.0,0.0,0.4,0.4,1.0,1.4,0.6,681892
ST,Sweeper,BR,19,28.36,3,3,2,66.67,0,0.0,7,3,42.86,15.79,4,21.05,36.84,35.71,55.0,18.18,0.333,0.333,0.333,0.666,0.0,681892
FF,4-Seam Fastball,FB,234,63.93,69,62,21,30.43,6,8.7,129,39,30.23,16.67,36,15.38,32.05,34.0,63.56,28.0,0.29,0.362,0.371,0.733,0.081,681911
SL,Slider,BR,132,36.07,24,24,10,41.67,0,0.0,61,28,45.9,21.21,10,7.58,28.79,25.93,36.44,23.26,0.25,0.25,0.417,0.667,0.1669999999999999,681911
FF,4-Seam Fastball,FB,85,44.27,23,19,7,30.43,4,17.39,39,15,38.46,17.65,10,11.76,29.41,26.67,51.16,31.82,0.316,0.435,0.632,1.067,0.316,681982
SL,Slider,BR,57,29.69,16,16,2,12.5,0,0.0,31,4,12.9,7.02,13,22.81,29.82,33.33,30.23,15.38,0.125,0.125,0.312,0.437,0.187,681982
CH,Changeup,OS,28,14.58,1,1,0,0.0,0,0.0,4,2,50.0,7.14,4,14.29,21.43,16.67,9.3,0.0,0.0,0.0,0.0,0.0,0.0,681982
SI,Sinker,FB,19,9.9,9,7,1,11.11,2,22.22,6,0,0.0,0.0,3,15.79,15.79,0.0,9.3,25.0,0.857,0.889,1.429,2.318,0.5720000000000001,681982
,,,3,1.56,1,0,0,0.0,1,100.0,0,0,,0.0,0,0.0,0.0,,0.0,,,1.0,,,,681982
FA,Other,,8,72.73,2,2,0,0.0,0,0.0,4,0,0.0,0.0,1,12.5,12.5,33.33,66.67,0.0,0.0,0.0,0.0,0.0,0.0,681987
CH,Changeup,OS,2,18.18,1,1,0,0.0,0,0.0,1,0,0.0,0.0,0,0.0,0.0,0.0,33.33,0.0,1.0,1.0,1.0,2.0,0.0,681987
SL,Slider,BR,1,9.09,0,0,0,,0,,0,0,,0.0,0,0.0,0.0,0.0,0.0,,,,,,,681987
FF,4-Seam Fastball,FB,61,60.4,15,14,2,13.33,1,6.67,27,3,11.11,4.92,13,21.31,26.23,30.0,54.55,16.67,0.286,0.333,0.5,0.833,0.214,682010
SL,Slider,BR,40,39.6,14,12,2,14.29,1,7.14,19,4,21.05,10.0,4,10.0,20.0,18.18,45.45,20.0,0.25,0.286,0.417,0.703,0.1669999999999999,682010
FF,4-Seam Fastball,FB,57,42.86,14,8,2,14.29,5,35.71,20,5,25.0,8.77,8,14.04,22.81,10.34,37.04,20.0,0.25,0.538,0.375,0.913,0.125,682051
CH,Changeup,OS,26,19.55,11,10,1,9.09,1,9.09,15,4,26.67,15.38,1,3.85,19.23,28.57,33.33,11.11,0.6,0.636,1.0,1.636,0.4,682051
KC,Knuckle Curve,BR,22,16.54,2,2,0,0.0,0,0.0,6,1,16.67,4.55,2,9.09,13.64,13.33,14.81,0.0,0.5,0.5,1.0,1.5,0.5,682051
SI,Sinker,FB,16,12.03,5,3,0,0.0,2,40.0,6,2,33.33,12.5,4,25.0,37.5,10.0,11.11,0.0,0.0,0.4,0.0,0.4,0.0,682051
SL,Slider,BR,12,9.02,1,0,0,0.0,1,100.0,4,0,0.0,0.0,1,8.33,8.33,33.33,3.7,0.0,,1.0,,,,682051
FF,4-Seam Fastball,FB,40,72.73,10,10,0,0.0,0,0.0,18,2,11.11,5.0,11,27.5,32.5,42.86,54.55,0.0,0.3,0.3,0.3,0.6,0.0,682052
SL,Slider,BR,15,27.27,6,5,1,16.67,0,0.0,5,1,20.0,6.67,1,6.67,13.33,10.0,45.45,20.0,0.2,0.333,0.2,0.533,0.0,682052
SL,Slider,BR,81,40.7,15,12,3,20.0,2,13.33,33,10,30.3,12.35,15,18.52,30.86,31.91,34.48,15.0,0.333,0.429,0.667,1.096,0.334,682120
FF,4-Seam Fastball,FB,72,36.18,20,15,7,35.0,4,20.0,32,13,40.62,18.06,16,22.22,40.28,31.25,29.31,41.18,0.133,0.316,0.133,0.449,0.0,682120
CU,Curveball,BR,26,13.07,9,9,4,44.44,0,0.0,16,5,31.25,19.23,2,7.69,26.92,42.86,31.03,22.22,0.222,0.222,0.222,0.444,0.0,682120
SI,Sinker,FB,20,10.05,3,3,0,0.0,0,0.0,6,0,0.0,0.0,6,30.0,30.0,20.0,5.17,0.0,0.333,0.333,0.333,0.666,0.0,682120
ST,Sweeper,BR,50,53.19,11,8,3,27.27,2,18.18,25,9,36.0,18.0,7,14.0,32.0,39.29,70.37,15.79,0.0,0.273,0.0,0.273,0.0,682171
FF,4-Seam Fastball,FB,32,34.04,9,8,0,0.0,1,11.11,18,1,5.56,3.12,4,12.5,15.62,41.18,29.63,0.0,0.125,0.222,0.5,0.722,0.375,682171
,,,12,12.77,3,0,0,0.0,3,100.0,0,0,,0.0,0,0.0,0.0,,0.0,,,1.0,,,,682171
SI,Sinker,FB,86,52.44,30,28,6,20.0,1,3.33,43,6,13.95,6.98,20,23.26,30.23,37.14,55.36,19.35,0.393,0.433,0.643,1.076,0.25,682175
ST,Sweeper,BR,75,45.73,12,11,2,16.67,0,0.0,27,8,29.63,10.67,21,28.0,38.67,24.32,44.64,8.0,0.273,0.273,0.545,0.8180000000000001,0.272,682175
FF,4-Seam Fastball,FB,2,1.22,0,0,0,,0,,0,0,,0.0,0,0.0,0.0,0.0,0.0,,,,,,,682175
,,,1,0.61,0,0,0,,0,,0,0,,0.0,0,0.0,0.0,,0.0,,,,,,,682175
FF,4-Seam Fastball,FB,133,38.66,42,35,8,19.05,6,14.29,56,9,16.07,6.77,30,22.56,29.32,18.97,46.67,16.33,0.229,0.357,0.286,0.643,0.0569999999999999,682227
FC,Cutter,FB,92,26.74,23,21,3,13.04,1,4.35,49,11,22.45,11.96,18,19.57,31.52,25.0,15.24,18.75,0.286,0.318,0.429,0.747,0.143,682227
ST,Sweeper,BR,82,23.84,16,14,2,12.5,1,6.25,35,11,31.43,13.41,7,8.54,21.95,24.49,28.57,6.67,0.286,0.312,0.286,0.598,0.0,682227
CU,Curveball,BR,20,5.81,3,3,0,0.0,0,0.0,5,0,0.0,0.0,5,25.0,25.0,9.09,3.81,0.0,0.667,0.667,1.667,2.334,1.0,682227
CH,Changeup,OS,12,3.49,4,4,2,50.0,0,0.0,6,2,33.33,16.67,1,8.33,25.0,16.67,4.76,40.0,0.25,0.25,0.25,0.5,0.0,682227
SL,Slider,BR,5,1.45,2,2,0,0.0,0,0.0,4,1,25.0,20.0,0,0.0,20.0,0.0,0.95,0.0,0.0,0.0,0.0,0.0,0.0,682227
FF,4-Seam Fastball,FB,575,57.91,156,143,27,17.31,12,7.69,310,69,22.26,12.0,82,14.26,26.26,29.77,53.24,17.31,0.329,0.385,0.601,0.986,0.2719999999999999,682243
SL,Slider,BR,187,18.83,41,35,13,31.71,1,2.44,92,30,32.61,16.04,18,9.63,25.67,28.04,30.38,14.61,0.286,0.325,0.514,0.839,0.228,682243
CH,Changeup,OS,100,10.07,27,27,4,14.81,0,0.0,49,8,16.33,8.0,12,12.0,20.0,17.39,9.56,14.29,0.185,0.185,0.481,0.6659999999999999,0.296,682243
ST,Sweeper,BR,68,6.85,14,11,1,7.14,0,0.0,24,5,20.83,7.35,26,38.24,45.59,24.0,1.71,20.0,0.364,0.462,0.455,0.917,0.091,682243
SI,Sinker,FB,34,3.42,13,11,1,7.69,2,15.38,17,4,23.53,11.76,5,14.71,26.47,27.78,2.39,14.29,0.273,0.385,0.455,0.8400000000000001,0.182,682243
CU,Curveball,BR,14,1.41,2,2,1,50.0,0,0.0,6,1,16.67,7.14,1,7.14,14.29,22.22,1.37,25.0,0.5,0.5,1.0,1.5,0.5,682243
FS,Split-Finger,OS,7,0.7,2,2,0,0.0,0,0.0,4,0,0.0,0.0,0,0.0,0.0,25.0,0.68,0.0,0.0,0.0,0.0,0.0,0.0,682243
FC,Cutter,FB,6,0.6,1,0,0,0.0,1,100.0,3,1,33.33,16.67,1,16.67,33.33,33.33,0.68,0.0,,1.0,,,,682243
KC,Knuckle Curve,BR,1,0.1,0,0,0,,0,,0,0,,0.0,0,0.0,0.0,0.0,0.0,,,,,,,682243
PO,Pitch Out,,1,0.1,0,0,0,,0,,0,0,,0.0,0,0.0,0.0,0.0,0.0,,,,,,,682243
SI,Sinker,FB,139,69.15,34,30,8,23.53,4,11.76,63,15,23.81,10.79,24,17.27,28.06,20.59,50.0,25.81,0.2,0.294,0.233,0.527,0.033,682842
SL,Slider,BR,50,24.88,10,7,4,40.0,2,20.0,19,7,36.84,14.0,11,22.0,36.0,35.29,32.26,20.0,0.143,0.4,0.429,0.829,0.286,682842
FF,4-Seam Fastball,FB,11,5.47,5,3,0,0.0,1,20.0,8,0,0.0,0.0,0,0.0,0.0,40.0,16.13,0.0,0.0,0.2,0.0,0.2,0.0,682842
,,,1,0.5,0,0,0,,0,,0,0,,0.0,0,0.0,0.0,,1.61,0.0,,,,,,682842
FF,4-Seam Fastball,FB,232,36.59,63,52,3,4.76,9,14.29,107,14,13.08,6.03,45,19.4,25.43,15.96,34.19,5.66,0.462,0.524,0.865,1.389,0.4029999999999999,682847
SL,Slider,BR,187,29.5,54,46,15,27.78,7,12.96,83,30,36.14,16.04,27,14.44,30.48,25.69,36.13,26.79,0.239,0.333,0.435,0.768,0.196,682847
CH,Changeup,OS,154,24.29,37,32,5,13.51,5,13.51,70,21,30.0,13.64,7,4.55,18.18,33.33,25.81,12.5,0.25,0.351,0.25,0.601,0.0,682847
SI,Sinker,FB,57,8.99,23,20,0,0.0,3,13.04,28,1,3.57,1.75,7,12.28,14.04,29.03,3.87,0.0,0.35,0.435,0.45,0.885,0.1,682847
FC,Cutter,FB,4,0.63,0,0,0,,0,,0,0,,0.0,0,0.0,0.0,0.0,0.0,,,,,,,682847
FF,4-Seam Fastball,FB,37,48.05,10,8,3,30.0,1,10.0,12,3,25.0,8.11,11,29.73,37.84,15.0,56.25,33.33,0.125,0.3,0.5,0.8,0.375,682967
CH,Changeup,OS,28,36.36,7,7,1,14.29,0,0.0,16,4,25.0,14.29,0,0.0,14.29,47.83,37.5,16.67,0.286,0.286,1.143,1.429,0.857,682967
SL,Slider,BR,12,15.58,2,2,0,0.0,0,0.0,9,0,0.0,0.0,0,0.0,0.0,50.0,6.25,0.0,0.0,0.0,0.0,0.0,0.0,682967
SI,Sinker,FB,11,42.31,3,2,0,0.0,1,33.33,3,0,0.0,0.0,3,27.27,27.27,16.67,30.0,0.0,0.0,0.333,0.0,0.333,0.0,682989
CU,Curveball,BR,7,26.92,3,1,0,0.0,1,33.33,2,0,0.0,0.0,2,28.57,28.57,0.0,20.0,0.0,1.0,1.0,1.0,2.0,0.0,682989
FF,4-Seam Fastball,FB,4,15.38,1,1,1,100.0,0,0.0,2,1,50.0,25.0,1,25.0,50.0,50.0,30.0,33.33,0.0,0.0,0.0,0.0,0.0,682989
SL,Slider,BR,4,15.38,0,0,0,,0,,2,0,0.0,0.0,0,0.0,0.0,0.0,20.0,0.0,,,,,,682989
FF,4-Seam Fastball,FB,148,35.75,41,37,3,7.32,2,4.88,67,10,14.93,6.76,32,21.62,28.38,17.54,14.29,21.43,0.378,0.415,0.757,1.172,0.379,682990
CU,Curveball,BR,84,20.29,27,21,6,22.22,4,14.81,37,14,37.84,16.67,7,8.33,25.0,31.03,42.86,14.29,0.238,0.37,0.571,0.941,0.3329999999999999,682990
CH,Changeup,OS,66,15.94,15,14,2,13.33,1,6.67,27,6,22.22,9.09,2,3.03,12.12,24.49,22.45,9.09,0.357,0.4,0.429,0.829,0.072,682990
SL,Slider,BR,60,14.49,15,12,2,13.33,3,20.0,35,12,34.29,20.0,5,8.33,28.33,31.03,17.35,11.76,0.25,0.4,0.5,0.9,0.25,682990
SI,Sinker,FB,56,13.53,17,12,1,5.88,5,29.41,20,2,10.0,3.57,16,28.57,32.14,4.35,3.06,33.33,0.417,0.588,1.083,1.6709999999999998,0.6659999999999999,682990
FF,4-Seam Fastball,FB,35,37.63,10,10,1,10.0,0,0.0,21,6,28.57,17.14,5,14.29,31.43,0.0,29.17,14.29,0.4,0.4,0.8,1.2000000000000002,0.4,683155
CH,Changeup,OS,24,25.81,8,8,1,12.5,0,0.0,13,4,30.77,16.67,3,12.5,29.17,40.0,29.17,14.29,0.25,0.25,0.625,0.875,0.375,683155
SL,Slider,BR,14,15.05,4,3,1,25.0,1,25.0,6,3,50.0,21.43,3,21.43,42.86,33.33,16.67,25.0,0.0,0.25,0.0,0.25,0.0,683155
FC,Cutter,FB,8,8.6,1,1,0,0.0,0,0.0,2,0,0.0,0.0,3,37.5,37.5,0.0,4.17,0.0,1.0,1.0,4.0,5.0,3.0,683155
ST,Sweeper,BR,8,8.6,2,1,1,50.0,0,0.0,2,1,50.0,12.5,1,12.5,25.0,0.0,20.83,20.0,0.0,0.5,0.0,0.5,0.0,683155
,,,4,4.3,1,0,0,0.0,1,100.0,0,0,,0.0,0,0.0,0.0,,0.0,,,1.0,,,,683155
FF,4-Seam Fastball,FB,155,66.24,35,28,8,22.86,7,20.0,67,9,13.43,5.81,28,18.06,23.87,21.62,60.0,19.05,0.214,0.371,0.357,0.728,0.143,683175
ST,Sweeper,BR,41,17.52,16,13,9,56.25,2,12.5,16,8,50.0,19.51,12,29.27,48.78,26.32,28.57,45.0,0.077,0.25,0.077,0.327,0.0,683175
CU,Curveball,BR,33,14.1,3,3,1,33.33,0,0.0,9,1,11.11,3.03,9,27.27,30.3,17.65,7.14,20.0,0.667,0.667,0.667,1.334,0.0,683175
CH,Changeup,OS,5,2.14,0,0,0,,0,,0,0,,0.0,1,20.0,20.0,0.0,4.29,0.0,,,,,,683175
FF,4-Seam Fastball,FB,110,62.5,29,24,3,10.34,5,17.24,52,7,13.46,6.36,13,11.82,18.18,27.69,53.7,10.34,0.167,0.31,0.167,0.477,0.0,683232
CU,Curveball,BR,50,28.41,10,10,6,60.0,0,0.0,13,6,46.15,12.0,20,40.0,52.0,23.81,29.63,37.5,0.1,0.1,0.1,0.2,0.0,683232
SL,Slider,BR,13,7.39,5,4,1,20.0,0,0.0,6,1,16.67,7.69,3,23.08,30.77,25.0,14.81,12.5,0.25,0.4,0.5,0.9,0.25,683232
CH,Changeup,OS,2,1.14,0,0,0,,0,,1,1,100.0,50.0,0,0.0,50.0,0.0,0.0,,,,,,,683232
,,,1,0.57,0,0,0,,0,,0,0,,0.0,0,0.0,0.0,,1.85,0.0,,,,,,683232
FF,4-Seam Fastball,FB,164,43.16,48,39,3,6.25,5,10.42,78,10,12.82,6.1,35,21.34,27.44,23.19,37.5,8.33,0.256,0.354,0.436,0.79,0.18,683769
CH,Changeup,OS,86,22.63,23,20,3,13.04,2,8.7,33,4,12.12,4.65,10,11.63,16.28,17.65,27.08,11.54,0.15,0.261,0.35,0.611,0.1999999999999999,683769
SL,Slider,BR,82,21.58,22,20,2,9.09,2,9.09,36,6,16.67,7.32,18,21.95,29.27,23.53,19.79,10.53,0.3,0.364,0.35,0.714,0.0499999999999999,683769
CU,Curveball,BR,33,8.68,3,3,0,0.0,0,0.0,7,2,28.57,6.06,2,6.06,12.12,4.0,12.5,0.0,0.0,0.0,0.0,0.0,0.0,683769
FC,Cutter,FB,14,3.68,4,2,0,0.0,0,0.0,5,0,0.0,0.0,2,14.29,14.29,0.0,3.12,0.0,0.0,0.333,0.0,0.333,0.0,683769
,,,1,0.26,0,0,0,,0,,0,0,,0.0,0,0.0,0.0,,0.0,,,,,,,683769
SL,Slider,BR,6,66.67,2,2,0,0.0,0,0.0,4,1,25.0,16.67,1,16.67,33.33,100.0,50.0,0.0,0.0,0.0,0.0,0.0,0.0,685107
FF,4-Seam Fastball,FB,3,33.33,1,1,1,100.0,0,0.0,2,1,50.0,33.33,1,33.33,66.67,,50.0,100.0,0.0,0.0,0.0,0.0,0.0,685107
SI,Sinker,FB,37,56.06,8,7,0,0.0,1,12.5,22,7,31.82,18.92,6,16.22,35.14,55.56,37.5,0.0,0.0,0.125,0.0,0.125,0.0,685314
CU,Curveball,BR,29,43.94,6,6,2,33.33,0,0.0,12,4,33.33,13.79,2,6.9,20.69,25.0,62.5,13.33,0.167,0.167,0.167,0.334,0.0,685314
FF,4-Seam Fastball,FB,106,43.44,30,27,1,3.33,3,10.0,50,3,6.0,2.83,20,18.87,21.7,18.52,35.06,3.7,0.296,0.367,0.704,1.071,0.408,685410
FC,Cutter,FB,77,31.56,25,24,7,28.0,0,0.0,47,14,29.79,18.18,6,7.79,25.97,46.81,48.05,18.92,0.125,0.12,0.375,0.495,0.25,685410
CU,Curveball,BR,40,16.39,3,3,1,33.33,0,0.0,12,6,50.0,15.0,11,27.5,42.5,25.0,12.99,10.0,0.333,0.333,0.333,0.666,0.0,685410
CH,Changeup,OS,21,8.61,6,5,1,16.67,1,16.67,9,3,33.33,14.29,4,19.05,33.33,30.77,3.9,33.33,0.4,0.5,0.8,1.3,0.4,685410
FF,4-Seam Fastball,FB,352,65.19,74,60,8,10.81,14,18.92,176,37,21.02,10.51,47,13.35,23.86,19.62,60.47,7.69,0.217,0.365,0.45,0.815,0.233,686218
CH,Changeup,OS,145,26.85,39,35,17,43.59,4,10.26,66,31,46.97,21.38,17,11.72,33.1,25.61,30.81,32.08,0.2,0.282,0.4,0.6819999999999999,0.2,686218
SL,Slider,BR,32,5.93,9,8,5,55.56,0,0.0,12,4,33.33,12.5,4,12.5,25.0,21.05,6.98,41.67,0.125,0.222,0.375,0.597,0.25,686218
ST,Sweeper,BR,10,1.85,1,1,1,100.0,0,0.0,3,1,33.33,10.0,3,30.0,40.0,33.33,1.74,33.33,0.0,0.0,0.0,0.0,0.0,686218
SI,Sinker,FB,1,0.19,1,1,0,0.0,0,0.0,1,0,0.0,0.0,0,0.0,0.0,100.0,0.0,,0.0,0.0,0.0,0.0,0.0,686218
FF,4-Seam Fastball,FB,118,64.48,35,32,4,11.43,3,8.57,55,4,7.27,3.39,21,17.8,21.19,25.0,62.75,12.5,0.312,0.371,0.656,1.027,0.344,686294
SL,Slider,BR,35,19.13,8,6,2,25.0,2,25.0,17,7,41.18,20.0,2,5.71,25.71,33.33,25.49,15.38,0.167,0.375,0.167,0.542,0.0,686294
CH,Changeup,OS,11,6.01,3,3,0,0.0,0,0.0,4,0,0.0,0.0,0,0.0,0.0,30.0,7.84,0.0,0.0,0.0,0.0,0.0,0.0,686294
FC,Cutter,FB,8,4.37,1,1,0,0.0,0,0.0,4,1,25.0,12.5,0,0.0,12.5,33.33,3.92,0.0,0.0,0.0,0.0,0.0,0.0,686294
,,,8,4.37,2,0,0,0.0,2,100.0,0,0,,0.0,0,0.0,0.0,,0.0,,,1.0,,,,686294
SI,Sinker,FB,3,1.64,0,0,0,,0,,1,0,0.0,0.0,1,33.33,33.33,0.0,0.0,,,,,,,686294
SL,Slider,BR,42,51.22,13,12,1,7.69,1,7.69,18,0,0.0,0.0,9,21.43,21.43,11.76,64.29,11.11,0.417,0.462,1.0,1.462,0.583,686539
SI,Sinker,FB,36,43.9,9,8,1,11.11,1,11.11,12,2,16.67,5.56,6,16.67,22.22,10.53,35.71,0.0,0.375,0.444,0.375,0.819,0.0,686539
FF,4-Seam Fastball,FB,3,3.66,2,1,0,0.0,1,50.0,1,0,0.0,0.0,0,0.0,0.0,0.0,0.0,,1.0,1.0,1.0,2.0,0.0,686539
ST,Sweeper,BR,1,1.22,0,0,0,,0,,0,0,,0.0,1,100.0,100.0,,0.0,,,,,,,686539
FF,4-Seam Fastball,FB,290,54.21,77,58,13,16.88,15,19.48,130,21,16.15,7.24,59,20.34,27.59,26.52,45.34,17.81,0.293,0.44,0.586,1.026,0.293,686610
ST,Sweeper,BR,228,42.62,51,46,12,23.53,3,5.88,106,38,35.85,16.67,24,10.53,27.19,30.23,52.8,14.12,0.217,0.294,0.457,0.751,0.24,686610
CU,Curveball,BR,10,1.87,1,1,0,0.0,0,0.0,1,0,0.0,0.0,3,30.0,30.0,0.0,1.24,0.0,1.0,1.0,4.0,5.0,3.0,686610
CH,Changeup,OS,7,1.31,3,3,1,33.33,0,0.0,2,0,0.0,0.0,1,14.29,14.29,0.0,0.62,100.0,0.333,0.333,0.667,1.0,0.334,686610
FF,4-Seam Fastball,FB,576,44.14,115,94,31,26.96,18,15.65,233,61,26.18,10.59,140,24.31,34.9,20.24,37.75,20.53,0.234,0.36,0.457,0.817,0.223,686613
KC,Knuckle Curve,BR,366,28.05,101,93,31,30.69,5,4.95,193,56,29.02,15.3,33,9.02,24.32,36.94,40.25,19.25,0.29,0.33,0.441,0.771,0.151,686613
FC,Cutter,FB,255,19.54,66,61,11,16.67,5,7.58,131,31,23.66,12.16,34,13.33,25.49,22.52,12.25,20.41,0.262,0.318,0.344,0.6619999999999999,0.0819999999999999,686613
CH,Changeup,OS,105,8.05,29,27,11,37.93,2,6.9,44,15,34.09,14.29,8,7.62,21.9,26.47,9.5,28.95,0.111,0.172,0.259,0.431,0.148,686613
,,,2,0.15,1,1,1,100.0,0,0.0,0,0,,0.0,0,0.0,0.0,,0.25,100.0,0.0,0.0,0.0,0.0,0.0,686613
ST,Sweeper,BR,1,0.08,0,0,0,,0,,0,0,,0.0,1,100.0,100.0,,0.0,,,,,,,686613
FF,4-Seam Fastball,FB,59,52.68,12,9,2,16.67,3,25.0,24,4,16.67,6.78,14,23.73,30.51,25.81,56.67,11.76,0.333,0.5,0.556,1.056,0.223,686651
SL,Slider,BR,25,22.32,8,6,4,50.0,1,12.5,11,4,36.36,16.0,3,12.0,28.0,20.0,26.67,50.0,0.333,0.375,0.667,1.042,0.334,686651
CH,Changeup,OS,16,14.29,1,1,0,0.0,0,0.0,4,1,25.0,6.25,2,12.5,18.75,15.38,3.33,0.0,0.0,0.0,0.0,0.0,0.0,686651
CU,Curveball,BR,12,10.71,3,2,0,0.0,1,33.33,2,0,0.0,0.0,1,8.33,8.33,0.0,13.33,0.0,0.5,0.667,0.5,1.167,0.0,686651
SL,Slider,BR,54,52.94,14,14,0,0.0,0,0.0,35,5,14.29,9.26,7,12.96,22.22,33.33,37.93,0.0,0.357,0.357,0.786,1.143,0.429,686654
FF,4-Seam Fastball,FB,48,47.06,12,12,3,25.0,0,0.0,24,4,16.67,8.33,4,8.33,16.67,24.0,62.07,16.67,0.083,0.083,0.083,0.166,0.0,686654
FF,4-Seam Fastball,FB,56,36.84,13,10,2,15.38,3,23.08,28,7,25.0,12.5,5,8.93,21.43,29.03,47.83,9.09,0.1,0.308,0.1,0.408,0.0,686730
FC,Cutter,FB,50,32.89,14,12,2,14.29,1,7.14,31,7,22.58,14.0,4,8.0,22.0,30.43,19.57,22.22,0.583,0.615,0.667,1.282,0.084,686730
CH,Changeup,OS,29,19.08,4,4,0,0.0,0,0.0,8,2,25.0,6.9,1,3.45,10.34,21.74,19.57,0.0,1.0,1.0,1.0,2.0,0.0,686730
ST,Sweeper,BR,17,11.18,2,2,0,0.0,0,0.0,10,1,10.0,5.88,3,17.65,23.53,50.0,13.04,0.0,0.0,0.0,0.0,0.0,0.0,686730
ST,Sweeper,BR,132,48.18,36,33,10,27.78,2,5.56,73,24,32.88,18.18,12,9.09,27.27,26.15,68.35,18.52,0.091,0.167,0.091,0.258,0.0,686747
SI,Sinker,FB,122,44.53,27,21,2,7.41,3,11.11,40,8,20.0,6.56,41,33.61,40.16,16.33,24.05,10.53,0.429,0.556,0.476,1.032,0.0469999999999999,686747
FC,Cutter,FB,18,6.57,7,7,3,42.86,0,0.0,9,3,33.33,16.67,2,11.11,27.78,30.0,7.59,50.0,0.143,0.143,0.143,0.286,0.0,686747
CH,Changeup,OS,1,0.36,0,0,0,,0,,0,0,,0.0,0,0.0,0.0,,0.0,,,,,,,686747
,,,1,0.36,0,0,0,,0,,0,0,,0.0,0,0.0,0.0,,0.0,,,,,,,686747
FF,4-Seam Fastball,FB,166,51.88,34,32,7,20.59,1,2.94,73,11,15.07,6.63,35,21.08,27.71,18.31,39.81,17.07,0.125,0.176,0.312,0.488,0.187,686752
CH,Changeup,OS,141,44.06,37,36,5,13.51,1,2.7,73,19,26.03,13.48,18,12.77,26.24,39.33,55.34,8.77,0.111,0.135,0.194,0.329,0.083,686752
SL,Slider,BR,13,4.06,4,4,1,25.0,0,0.0,6,0,0.0,0.0,2,15.38,15.38,0.0,4.85,20.0,0.0,0.0,0.0,0.0,0.0,686752
SI,Sinker,FB,88,28.85,27,24,2,7.41,3,11.11,34,3,8.82,3.41,18,20.45,23.86,5.88,6.85,40.0,0.25,0.333,0.292,0.625,0.0419999999999999,686753
CH,Changeup,OS,87,28.52,21,21,3,14.29,0,0.0,45,15,33.33,17.24,10,11.49,28.74,36.54,30.14,13.64,0.19,0.19,0.19,0.38,0.0,686753
FF,4-Seam Fastball,FB,76,24.92,22,20,3,13.64,2,9.09,39,5,12.82,6.58,13,17.11,23.68,31.43,34.25,12.0,0.45,0.5,0.85,1.35,0.3999999999999999,686753
SL,Slider,BR,37,12.13,11,8,6,54.55,2,18.18,16,7,43.75,18.92,6,16.22,35.14,28.57,24.66,33.33,0.0,0.182,0.0,0.182,0.0,686753
CU,Curveball,BR,17,5.57,2,2,1,50.0,0,0.0,7,2,28.57,11.76,4,23.53,35.29,37.5,4.11,33.33,0.5,0.5,0.5,1.0,0.0,686753
FF,4-Seam Fastball,FB,82,54.3,23,19,0,0.0,4,17.39,41,4,9.76,4.88,10,12.2,17.07,8.57,43.59,0.0,0.263,0.391,0.421,0.812,0.1579999999999999,686826
CH,Changeup,OS,39,25.83,9,7,1,11.11,1,11.11,10,2,20.0,5.13,5,12.82,17.95,10.71,33.33,7.69,0.143,0.222,0.143,0.365,0.0,686826
SL,Slider,BR,20,13.25,3,2,0,0.0,1,33.33,8,1,12.5,5.0,2,10.0,15.0,16.67,17.95,0.0,0.0,0.333,0.0,0.333,0.0,686826
CU,Curveball,BR,10,6.62,2,1,0,0.0,1,50.0,1,0,0.0,0.0,4,40.0,40.0,0.0,5.13,0.0,0.0,0.5,0.0,0.5,0.0,686826
FF,4-Seam Fastball,FB,83,40.1,16,13,9,56.25,3,18.75,32,13,40.62,15.66,18,21.69,37.35,17.95,40.62,34.62,0.077,0.25,0.077,0.327,0.0,686839
SL,Slider,BR,60,28.99,15,14,4,26.67,0,0.0,31,13,41.94,21.67,10,16.67,38.33,37.14,29.69,21.05,0.286,0.333,0.643,0.976,0.357,686839
ST,Sweeper,BR,52,25.12,18,16,2,11.11,1,5.56,27,4,14.81,7.69,12,23.08,30.77,42.86,28.12,11.11,0.438,0.444,0.688,1.132,0.2499999999999999,686839
FS,Split-Finger,OS,6,2.9,0,0,0,,0,,1,0,0.0,0.0,0,0.0,0.0,0.0,1.56,0.0,,,,,,686839
,,,6,2.9,3,3,0,0.0,0,0.0,4,0,0.0,0.0,0,0.0,0.0,,0.0,,0.0,0.0,0.0,0.0,0.0,686839
FF,4-Seam Fastball,FB,13,61.9,1,1,0,0.0,0,0.0,6,0,0.0,0.0,3,23.08,23.08,33.33,63.64,0.0,1.0,1.0,1.0,2.0,0.0,686842
CH,Changeup,OS,6,28.57,1,0,0,0.0,1,100.0,1,1,100.0,16.67,1,16.67,33.33,20.0,27.27,0.0,,1.0,,,,686842
ST,Sweeper,BR,2,9.52,1,0,0,0.0,1,100.0,0,0,,0.0,0,0.0,0.0,0.0,9.09,0.0,,1.0,,,,686842
FF,4-Seam Fastball,FB,21,77.78,6,6,1,16.67,0,0.0,9,0,0.0,0.0,5,23.81,23.81,12.5,100.0,25.0,0.5,0.5,0.5,1.0,0.0,686972
SL,Slider,BR,6,22.22,1,1,0,0.0,0,0.0,2,0,0.0,0.0,2,33.33,33.33,33.33,0.0,,1.0,1.0,2.0,3.0,1.0,686972
FF,4-Seam Fastball,FB,183,48.03,44,41,11,25.0,2,4.55,97,23,23.71,12.57,43,23.5,36.07,30.0,47.97,18.64,0.171,0.209,0.366,0.575,0.1949999999999999,686973
SL,Slider,BR,91,23.88,30,26,12,40.0,3,10.0,49,17,34.69,18.68,15,16.48,35.16,32.5,20.33,48.0,0.231,0.31,0.423,0.733,0.1919999999999999,686973
CH,Changeup,OS,79,20.73,18,17,2,11.11,1,5.56,31,6,19.35,7.59,13,16.46,24.05,19.57,15.45,10.53,0.294,0.333,0.529,0.8620000000000001,0.235,686973
ST,Sweeper,BR,27,7.09,8,7,3,37.5,1,12.5,14,4,28.57,14.81,2,7.41,22.22,45.0,16.26,15.0,0.143,0.25,0.571,0.821,0.4279999999999999,686973
SI,Sinker,FB,1,0.26,0,0,0,,0,,1,0,0.0,0.0,0,0.0,0.0,,0.0,,,,,,,686973
FF,4-Seam Fastball,FB,47,78.33,11,6,2,18.18,4,36.36,11,2,18.18,4.26,12,25.53,29.79,17.24,73.33,18.18,0.5,0.727,0.5,1.227,0.0,687145
SL,Slider,BR,13,21.67,3,2,0,0.0,0,0.0,5,2,40.0,15.38,1,7.69,23.08,12.5,26.67,0.0,0.0,0.0,0.0,0.0,0.0,687145
SI,Sinker,FB,180,42.65,40,33,8,20.0,7,17.5,65,15,23.08,8.33,50,27.78,36.11,12.66,22.95,25.0,0.242,0.375,0.333,0.708,0.091,687330
ST,Sweeper,BR,132,31.28,32,30,10,31.25,1,3.12,60,16,26.67,12.12,23,17.42,29.55,27.54,40.16,20.41,0.1,0.156,0.133,0.289,0.033,687330
FC,Cutter,FB,94,22.27,29,25,7,24.14,1,3.45,48,10,20.83,10.64,10,10.64,21.28,21.74,26.23,21.88,0.32,0.414,0.6,1.014,0.2799999999999999,687330
FF,4-Seam Fastball,FB,14,3.32,2,2,2,100.0,0,0.0,5,2,40.0,14.29,0,0.0,14.29,25.0,10.66,15.38,0.0,0.0,0.0,0.0,0.0,687330
,,,2,0.47,1,0,0,0.0,1,100.0,0,0,,0.0,0,0.0,0.0,,0.0,,,1.0,,,,687330
FF,4-Seam Fastball,FB,103,54.21,27,21,2,7.41,1,3.7,47,6,12.77,5.83,30,29.13,34.95,31.25,50.0,7.41,0.286,0.407,0.429,0.836,0.143,687396
SL,Slider,BR,87,45.79,20,19,2,10.0,1,5.0,35,10,28.57,11.49,10,11.49,22.99,25.0,50.0,7.41,0.368,0.4,0.789,1.189,0.421,687396
FF,4-Seam Fastball,FB,107,53.5,23,22,6,26.09,0,0.0,59,14,23.73,13.08,22,20.56,33.64,35.56,47.22,17.65,0.364,0.348,0.727,1.075,0.363,687798
CH,Changeup,OS,84,42.0,24,21,5,20.83,3,12.5,45,16,35.56,19.05,8,9.52,28.57,36.0,48.61,14.29,0.429,0.5,0.619,1.119,0.19,687798
ST,Sweeper,BR,8,4.0,2,1,1,50.0,0,0.0,4,1,25.0,12.5,1,12.5,25.0,25.0,4.17,33.33,0.0,0.0,0.0,0.0,0.0,687798
SL,Slider,BR,1,0.5,0,0,0,,0,,0,0,,0.0,0,0.0,0.0,0.0,0.0,,,,,,,687798
FF,4-Seam Fastball,FB,65,41.14,20,16,2,10.0,4,20.0,31,6,19.35,9.23,12,18.46,27.69,16.67,39.02,12.5,0.25,0.4,0.438,0.8380000000000001,0.188,687830
SL,Slider,BR,46,29.11,10,10,4,40.0,0,0.0,15,4,26.67,8.7,11,23.91,32.61,25.0,29.27,33.33,0.2,0.2,0.5,0.7,0.3,687830
CH,Changeup,OS,43,27.22,9,9,3,33.33,0,0.0,23,8,34.78,18.6,2,4.65,23.26,41.94,31.71,23.08,0.222,0.222,0.556,0.778,0.3340000000000001,687830
FC,Cutter,FB,4,2.53,0,0,0,,0,,1,0,0.0,0.0,0,0.0,0.0,0.0,0.0,,,,,,,687830
ST,Sweeper,BR,24,36.36,9,9,2,22.22,0,0.0,9,1,11.11,4.17,6,25.0,29.17,20.0,40.0,25.0,0.222,0.222,0.333,0.555,0.111,687888
SI,Sinker,FB,18,27.27,4,3,1,25.0,0,0.0,9,1,11.11,5.56,4,22.22,27.78,37.5,20.0,25.0,0.333,0.5,0.667,1.167,0.334,687888
FC,Cutter,FB,17,25.76,5,5,0,0.0,0,0.0,11,1,9.09,5.88,3,17.65,23.53,16.67,15.0,0.0,0.6,0.6,0.8,1.4,0.2,687888
CH,Changeup,OS,6,9.09,2,2,1,50.0,0,0.0,5,2,40.0,33.33,0,0.0,33.33,75.0,20.0,25.0,0.5,0.5,0.5,1.0,0.0,687888
FF,4-Seam Fastball,FB,1,1.52,1,1,1,100.0,0,0.0,1,1,100.0,100.0,0,0.0,100.0,100.0,5.0,100.0,0.0,0.0,0.0,0.0,0.0,687888
FF,4-Seam Fastball,FB,28,50.91,5,5,2,40.0,0,0.0,13,4,30.77,14.29,4,14.29,28.57,21.43,45.0,22.22,0.2,0.2,0.2,0.4,0.0,687922
ST,Sweeper,BR,18,32.73,6,6,1,16.67,0,0.0,12,2,16.67,11.11,2,11.11,22.22,60.0,40.0,12.5,0.5,0.5,1.167,1.667,0.667,687922
FC,Cutter,FB,6,10.91,2,2,1,50.0,0,0.0,4,3,75.0,50.0,0,0.0,50.0,50.0,10.0,50.0,0.0,0.0,0.0,0.0,0.0,687922
SL,Slider,BR,3,5.45,0,0,0,,0,,1,0,0.0,0.0,0,0.0,0.0,0.0,5.0,0.0,,,,,,687922
FF,4-Seam Fastball,FB,16,40.0,6,2,0,0.0,3,50.0,5,0,0.0,0.0,0,0.0,0.0,0.0,33.33,0.0,0.5,0.667,0.5,1.167,0.0,688427
FC,Cutter,FB,12,30.0,3,3,0,0.0,0,0.0,5,1,20.0,8.33,4,33.33,41.67,20.0,16.67,0.0,0.667,0.667,1.667,2.334,1.0,688427
SL,Slider,BR,6,15.0,2,2,1,50.0,0,0.0,2,1,50.0,16.67,1,16.67,33.33,25.0,33.33,50.0,0.0,0.0,0.0,0.0,0.0,688427
ST,Sweeper,BR,6,15.0,1,1,0,0.0,0,0.0,2,0,0.0,0.0,0,0.0,0.0,20.0,16.67,0.0,1.0,1.0,1.0,2.0,0.0,688427
ST,Sweeper,BR,23,88.46,6,6,4,66.67,0,0.0,10,6,60.0,26.09,7,30.43,56.52,45.45,85.71,66.67,0.167,0.167,0.333,0.5,0.166,689147
FF,4-Seam Fastball,FB,3,11.54,1,1,1,100.0,0,0.0,1,1,100.0,33.33,1,33.33,66.67,0.0,14.29,100.0,0.0,0.0,0.0,0.0,0.0,689147
ST,Sweeper,BR,17,36.17,1,1,0,0.0,0,0.0,5,3,60.0,17.65,4,23.53,41.18,10.0,30.77,0.0,0.0,0.0,0.0,0.0,0.0,689167
SI,Sinker,FB,15,31.91,6,6,1,16.67,0,0.0,9,2,22.22,13.33,2,13.33,26.67,50.0,23.08,33.33,0.167,0.167,0.167,0.334,0.0,689167
FF,4-Seam Fastball,FB,11,23.4,5,5,0,0.0,0,0.0,6,0,0.0,0.0,1,9.09,9.09,16.67,38.46,0.0,0.2,0.2,0.6,0.8,0.3999999999999999,689167
CH,Changeup,OS,4,8.51,1,0,0,0.0,1,100.0,1,1,100.0,25.0,0,0.0,25.0,0.0,7.69,0.0,,1.0,,,,689167
EP,Eephus,,4,57.14,1,1,0,0.0,0,0.0,2,0,0.0,0.0,0,0.0,0.0,50.0,0.0,,1.0,1.0,4.0,5.0,3.0,689172
FA,Other,,3,42.86,2,2,0,0.0,0,0.0,2,0,0.0,0.0,1,33.33,33.33,,100.0,0.0,0.0,0.0,0.0,0.0,0.0,689172
FF,4-Seam Fastball,FB,137,51.31,31,26,6,19.35,5,16.13,63,8,12.7,5.84,21,15.33,21.17,11.29,50.6,14.29,0.269,0.387,0.462,0.849,0.193,689225
CH,Changeup,OS,111,41.57,29,29,4,13.79,0,0.0,55,14,25.45,12.61,10,9.01,21.62,36.62,45.78,10.53,0.207,0.207,0.241,0.4479999999999999,0.034,689225
SL,Slider,BR,10,3.75,1,1,0,0.0,0,0.0,4,0,0.0,0.0,2,20.0,20.0,0.0,1.2,0.0,1.0,1.0,1.0,2.0,0.0,689225
,,,8,3.0,3,3,1,33.33,0,0.0,4,1,25.0,12.5,2,25.0,37.5,,2.41,50.0,0.333,0.333,0.333,0.666,0.0,689225
SI,Sinker,FB,1,0.37,0,0,0,,0,,1,1,100.0,100.0,0,0.0,100.0,,0.0,,,,,,,689225
FF,4-Seam Fastball,FB,54,50.0,14,14,2,14.29,0,0.0,28,2,7.14,3.7,14,25.93,29.63,18.18,42.42,14.29,0.571,0.571,0.929,1.5,0.3580000000000001,689266
SL,Slider,BR,42,38.89,10,9,1,10.0,1,10.0,18,6,33.33,14.29,6,14.29,28.57,32.0,42.42,7.14,0.333,0.4,0.778,1.178,0.445,689266
CH,Changeup,OS,8,7.41,2,1,1,50.0,1,50.0,2,1,50.0,12.5,2,25.0,37.5,16.67,9.09,33.33,0.0,0.5,0.0,0.5,0.0,689266
FC,Cutter,FB,4,3.7,4,4,0,0.0,0,0.0,4,0,0.0,0.0,0,0.0,0.0,,6.06,0.0,0.0,0.0,0.0,0.0,0.0,689266
FF,4-Seam Fastball,FB,7,35.0,2,2,2,100.0,0,0.0,4,1,25.0,14.29,1,14.29,28.57,50.0,40.0,50.0,0.0,0.0,0.0,0.0,0.0,689690
ST,Sweeper,BR,7,35.0,1,0,0,0.0,1,100.0,3,1,33.33,14.29,1,14.29,28.57,33.33,50.0,0.0,,1.0,,,,689690
CH,Changeup,OS,3,15.0,1,1,1,100.0,0,0.0,2,2,100.0,66.67,0,0.0,66.67,66.67,10.0,100.0,0.0,0.0,0.0,0.0,0.0,689690
SI,Sinker,FB,3,15.0,0,0,0,,0,,1,1,100.0,33.33,2,66.67,100.0,,0.0,,,,,,,689690
FF,4-Seam Fastball,FB,67,85.9,18,12,2,11.11,6,33.33,24,5,20.83,7.46,9,13.43,20.9,11.43,81.25,15.38,0.083,0.389,0.083,0.472,0.0,690829
SL,Slider,BR,9,11.54,1,1,1,100.0,0,0.0,1,1,100.0,11.11,2,22.22,33.33,16.67,18.75,33.33,0.0,0.0,0.0,0.0,0.0,690829
SI,Sinker,FB,2,2.56,0,0,0,,0,,0,0,,0.0,1,50.0,50.0,0.0,0.0,,,,,,,690829
FF,4-Seam Fastball,FB,94,55.95,25,20,0,0.0,4,16.0,41,4,9.76,4.26,15,15.96,20.21,30.0,63.27,0.0,0.35,0.458,0.6,1.058,0.25,690986
SV,Slurve,BR,52,30.95,12,10,1,8.33,1,8.33,21,2,9.52,3.85,11,21.15,25.0,15.38,22.45,9.09,0.3,0.417,0.9,1.317,0.6000000000000001,690986
CH,Changeup,OS,15,8.93,5,5,1,20.0,0,0.0,11,2,18.18,13.33,1,6.67,20.0,60.0,12.24,16.67,0.2,0.2,0.2,0.4,0.0,690986
FC,Cutter,FB,5,2.98,1,1,0,0.0,0,0.0,2,0,0.0,0.0,2,40.0,40.0,50.0,0.0,,1.0,1.0,1.0,2.0,0.0,690986
SI,Sinker,FB,2,1.19,0,0,0,,0,,0,0,,0.0,0,0.0,0.0,0.0,2.04,0.0,,,,,,690986
CH,Changeup,OS,6,25.0,2,1,0,0.0,1,50.0,3,1,33.33,16.67,1,16.67,33.33,33.33,25.0,0.0,0.0,0.5,0.0,0.5,0.0,691094
FF,4-Seam Fastball,FB,6,25.0,0,0,0,,0,,2,1,50.0,16.67,2,33.33,50.0,0.0,0.0,,,,,,,691094
SI,Sinker,FB,6,25.0,3,3,0,0.0,0,0.0,4,1,25.0,16.67,0,0.0,16.67,66.67,50.0,0.0,0.0,0.0,0.0,0.0,0.0,691094
SL,Slider,BR,5,20.83,0,0,0,,0,,2,1,50.0,20.0,1,20.0,40.0,0.0,25.0,0.0,,,,,,691094
FC,Cutter,FB,1,4.17,0,0,0,,0,,0,0,,0.0,0,0.0,0.0,0.0,0.0,,,,,,,691094
FF,4-Seam Fastball,FB,380,48.28,95,80,21,22.11,13,13.68,202,38,18.81,10.0,71,18.68,28.68,28.03,40.77,22.11,0.275,0.372,0.562,0.934,0.287,691587
CU,Curveball,BR,147,18.68,30,25,10,33.33,5,16.67,59,33,55.93,22.45,22,14.97,37.41,31.31,21.46,20.0,0.16,0.3,0.28,0.5800000000000001,0.12,691587
SL,Slider,BR,141,17.92,39,34,20,51.28,5,12.82,67,37,55.22,26.24,13,9.22,35.46,34.74,25.75,33.33,0.088,0.205,0.118,0.3229999999999999,0.03,691587
CH,Changeup,OS,117,14.87,20,20,6,30.0,0,0.0,38,20,52.63,17.09,1,0.85,17.95,23.0,11.59,22.22,0.05,0.05,0.05,0.1,0.0,691587
,,,2,0.25,0,0,0,,0,,0,0,,0.0,0,0.0,0.0,,0.43,0.0,,,,,,691587
FF,4-Seam Fastball,FB,24,52.17,1,0,0,0.0,1,100.0,11,2,18.18,8.33,4,16.67,25.0,10.0,40.91,0.0,,1.0,,,,693312
SL,Slider,BR,16,34.78,6,6,4,66.67,0,0.0,11,6,54.55,37.5,1,6.25,43.75,55.56,45.45,40.0,0.0,0.0,0.0,0.0,0.0,693312
CU,Curveball,BR,6,13.04,1,1,1,100.0,0,0.0,1,1,100.0,16.67,0,0.0,16.67,16.67,13.64,33.33,0.0,0.0,0.0,0.0,0.0,693312
FF,4-Seam Fastball,FB,437,58.5,110,94,26,23.64,14,12.73,246,62,25.2,14.19,56,12.81,27.0,23.7,59.48,18.84,0.234,0.336,0.457,0.793,0.223,693433
SL,Slider,BR,114,15.26,25,22,6,24.0,0,0.0,51,17,33.33,14.91,11,9.65,24.56,26.47,15.95,16.22,0.273,0.36,0.455,0.815,0.182,693433
SI,Sinker,FB,96,12.85,27,19,1,3.7,8,29.63,45,11,24.44,11.46,14,14.58,26.04,28.57,12.07,3.57,0.263,0.481,0.632,1.113,0.369,693433
ST,Sweeper,BR,50,6.69,8,8,0,0.0,0,0.0,18,2,11.11,4.0,5,10.0,14.0,21.88,6.03,0.0,0.75,0.75,1.625,2.375,0.875,693433
CH,Changeup,OS,47,6.29,8,8,1,12.5,0,0.0,15,3,20.0,6.38,5,10.64,17.02,6.67,5.6,7.69,0.5,0.5,0.5,1.0,0.0,693433
,,,3,0.4,2,1,1,50.0,1,50.0,0,0,,0.0,0,0.0,0.0,,0.86,50.0,0.0,0.5,0.0,0.5,0.0,693433
SI,Sinker,FB,446,30.2,125,105,11,8.8,18,14.4,168,14,8.33,3.14,90,20.18,23.32,18.14,23.97,12.64,0.248,0.352,0.352,0.704,0.1039999999999999,693821
SL,Slider,BR,403,27.29,97,89,25,25.77,5,5.15,203,62,30.54,15.38,71,17.62,33.0,36.71,33.33,20.66,0.225,0.271,0.494,0.765,0.269,693821
FF,4-Seam Fastball,FB,340,23.02,92,81,11,11.96,7,7.61,172,33,19.19,9.71,49,14.41,24.12,21.92,23.42,12.94,0.272,0.341,0.444,0.785,0.172,693821
CH,Changeup,OS,286,19.36,66,61,8,12.12,5,7.58,118,24,20.34,8.39,29,10.14,18.53,24.46,19.01,11.59,0.213,0.273,0.262,0.535,0.049,693821
,,,2,0.14,1,0,0,0.0,1,100.0,0,0,,0.0,0,0.0,0.0,,0.28,0.0,,1.0,,,,693821
FF,4-Seam Fastball,FB,159,75.0,28,19,3,10.71,8,28.57,74,18,24.32,11.32,20,12.58,23.9,23.81,52.54,9.68,0.158,0.407,0.263,0.6699999999999999,0.105,694037
SL,Slider,BR,34,16.04,17,15,9,52.94,2,11.76,21,11,52.38,32.35,3,8.82,41.18,55.0,37.29,40.91,0.2,0.294,0.467,0.761,0.267,694037
CU,Curveball,BR,11,5.19,4,4,2,50.0,0,0.0,5,2,40.0,18.18,1,9.09,27.27,16.67,10.17,33.33,0.0,0.0,0.0,0.0,0.0,694037
CH,Changeup,OS,5,2.36,0,0,0,,0,,0,0,,0.0,1,20.0,20.0,0.0,0.0,,,,,,,694037
SI,Sinker,FB,3,1.42,1,1,0,0.0,0,0.0,1,0,0.0,0.0,1,33.33,33.33,0.0,0.0,,0.0,0.0,0.0,0.0,0.0,694037
FF,4-Seam Fastball,FB,363,47.2,90,78,14,15.56,10,11.11,160,26,16.25,7.16,65,17.91,25.07,14.94,41.52,15.05,0.256,0.337,0.538,0.875,0.282,694297
CH,Changeup,OS,166,21.59,37,36,5,13.51,1,2.7,73,23,31.51,13.86,21,12.65,26.51,27.55,18.3,12.2,0.444,0.459,0.806,1.265,0.362,694297
ST,Sweeper,BR,126,16.38,45,39,16,35.56,4,8.89,66,19,28.79,15.08,23,18.25,33.33,34.48,29.46,24.24,0.128,0.222,0.256,0.478,0.128,694297
CU,Curveball,BR,78,10.14,15,14,5,33.33,1,6.67,30,9,30.0,11.54,17,21.79,33.33,25.53,7.14,31.25,0.286,0.333,0.571,0.904,0.285,694297
SI,Sinker,FB,36,4.68,9,9,3,33.33,0,0.0,22,4,18.18,11.11,5,13.89,25.0,38.46,3.57,37.5,0.333,0.333,0.556,0.889,0.223,694297
SL,Slider,BR,98,49.75,22,19,4,18.18,2,9.09,44,15,34.09,15.31,12,12.24,27.55,25.42,55.36,12.9,0.158,0.227,0.158,0.385,0.0,694363
FF,4-Seam Fastball,FB,89,45.18,25,19,4,16.0,5,20.0,33,5,15.15,5.62,21,23.6,29.21,16.67,37.5,19.05,0.263,0.4,0.316,0.716,0.0529999999999999,694363
CH,Changeup,OS,10,5.08,4,4,0,0.0,0,0.0,6,1,16.67,10.0,1,10.0,20.0,33.33,7.14,0.0,0.5,0.5,2.0,2.5,1.5,694363
CH,Changeup,OS,108,45.76,35,31,6,17.14,3,8.57,68,27,39.71,25.0,7,6.48,31.48,49.25,58.33,17.14,0.226,0.286,0.484,0.77,0.258,694813
FF,4-Seam Fastball,FB,62,26.27,14,13,1,7.14,1,7.14,25,7,28.0,11.29,9,14.52,25.81,28.95,21.67,7.69,0.462,0.5,0.538,1.038,0.076,694813
SI,Sinker,FB,30,12.71,6,6,1,16.67,0,0.0,13,3,23.08,10.0,6,20.0,30.0,31.58,3.33,50.0,0.333,0.333,0.333,0.666,0.0,694813
FC,Cutter,FB,28,11.86,7,6,2,28.57,1,14.29,15,7,46.67,25.0,2,7.14,32.14,29.41,11.67,28.57,0.5,0.571,1.167,1.738,0.667,694813
SL,Slider,BR,6,2.54,3,3,1,33.33,0,0.0,4,2,50.0,33.33,0,0.0,33.33,33.33,5.0,33.33,0.333,0.333,0.333,0.666,0.0,694813
CU,Curveball,BR,1,0.42,0,0,0,,0,,0,0,,0.0,0,0.0,0.0,0.0,0.0,,,,,,,694813
,,,1,0.42,0,0,0,,0,,0,0,,0.0,0,0.0,0.0,,0.0,,,,,,,694813
FF,4-Seam Fastball,FB,143,50.89,34,25,8,23.53,6,17.65,72,13,18.06,9.09,22,15.38,24.48,27.27,47.13,19.51,0.12,0.294,0.24,0.534,0.12,695243
FC,Cutter,FB,54,19.22,11,9,0,0.0,2,18.18,27,4,14.81,7.41,4,7.41,14.81,19.23,17.24,0.0,0.444,0.545,0.444,0.989,0.0,695243
SL,Slider,BR,44,15.66,13,10,6,46.15,2,15.38,13,4,30.77,9.09,10,22.73,31.82,18.52,26.44,26.09,0.1,0.308,0.2,0.508,0.1,695243
CH,Changeup,OS,39,13.88,4,4,2,50.0,0,0.0,9,6,66.67,15.38,3,7.69,23.08,16.13,9.2,25.0,0.0,0.0,0.0,0.0,0.0,695243
,,,1,0.36,0,0,0,,0,,0,0,,0.0,0,0.0,0.0,,0.0,,,,,,,695243
SI,Sinker,FB,29,30.85,5,3,2,40.0,1,20.0,12,5,41.67,17.24,5,17.24,34.48,38.89,26.47,22.22,0.0,0.25,0.0,0.25,0.0,696136
FF,4-Seam Fastball,FB,22,23.4,3,2,1,33.33,1,33.33,11,2,18.18,9.09,6,27.27,36.36,28.57,23.53,12.5,0.0,0.333,0.0,0.333,0.0,696136
SL,Slider,BR,22,23.4,6,5,1,16.67,1,16.67,9,2,22.22,9.09,1,4.55,13.64,26.67,17.65,16.67,0.4,0.5,1.0,1.5,0.6,696136
CH,Changeup,OS,12,12.77,3,3,1,33.33,0,0.0,8,2,25.0,16.67,0,0.0,16.67,60.0,17.65,16.67,0.0,0.0,0.0,0.0,0.0,696136
FC,Cutter,FB,5,5.32,1,1,0,0.0,0,0.0,1,0,0.0,0.0,1,20.0,20.0,0.0,2.94,0.0,1.0,1.0,2.0,3.0,1.0,696136
CU,Curveball,BR,4,4.26,2,2,1,50.0,0,0.0,2,1,50.0,25.0,0,0.0,25.0,50.0,11.76,25.0,0.0,0.0,0.0,0.0,0.0,696136
SL,Slider,BR,66,61.68,13,12,4,30.77,1,7.69,32,12,37.5,18.18,10,15.15,33.33,35.29,70.0,19.05,0.25,0.308,0.25,0.558,0.0,696147
SI,Sinker,FB,32,29.91,7,5,0,0.0,2,28.57,10,1,10.0,3.12,5,15.62,18.75,0.0,23.33,0.0,0.6,0.714,0.6,1.314,0.0,696147
CH,Changeup,OS,5,4.67,2,1,1,50.0,1,50.0,0,0,,0.0,1,20.0,20.0,0.0,6.67,50.0,0.0,0.5,0.0,0.5,0.0,696147
,,,4,3.74,1,0,0,0.0,1,100.0,0,0,,0.0,0,0.0,0.0,,0.0,,,1.0,,,,696147
FF,4-Seam Fastball,FB,139,53.26,35,28,4,11.43,7,20.0,70,8,11.43,5.76,25,17.99,23.74,25.0,49.38,10.0,0.286,0.429,0.75,1.179,0.464,700363
SL,Slider,BR,51,19.54,9,7,1,11.11,2,22.22,19,6,31.58,11.76,3,5.88,17.65,21.62,20.99,5.88,0.143,0.333,0.143,0.476,0.0,700363
CH,Changeup,OS,30,11.49,5,5,3,60.0,0,0.0,15,7,46.67,23.33,2,6.67,30.0,35.0,11.11,33.33,0.0,0.0,0.0,0.0,0.0,700363
CU,Curveball,BR,29,11.11,6,6,1,16.67,0,0.0,8,2,25.0,6.9,5,17.24,24.14,5.26,8.64,14.29,0.5,0.5,1.0,1.5,0.5,700363
FS,Split-Finger,OS,12,4.6,4,4,2,50.0,0,0.0,7,3,42.86,25.0,3,25.0,50.0,50.0,9.88,25.0,0.0,0.0,0.0,0.0,0.0,700363
FC,Cutter,FB,86,37.72,19,18,2,10.53,1,5.26,39,3,7.69,3.49,21,24.42,27.91,13.79,22.06,13.33,0.167,0.211,0.278,0.489,0.111,701643
SI,Sinker,FB,66,28.95,18,13,4,22.22,5,27.78,31,6,19.35,9.09,5,7.58,16.67,25.0,38.24,15.38,0.154,0.389,0.154,0.543,0.0,701643
ST,Sweeper,BR,58,25.44,11,9,4,36.36,1,9.09,14,6,42.86,10.34,12,20.69,31.03,14.29,32.35,18.18,0.111,0.273,0.444,0.7170000000000001,0.333,701643
CH,Changeup,OS,14,6.14,4,4,1,25.0,0,0.0,4,1,25.0,7.14,0,0.0,7.14,28.57,7.35,20.0,0.25,0.25,0.25,0.5,0.0,701643
,,,4,1.75,1,0,0,0.0,1,100.0,0,0,,0.0,0,0.0,0.0,,0.0,,,1.0,,,,701643
