gid,date,year,batter,bSide,pitcher,pSide,result,isStrikeout,isWalk
778553,2025-03-27,2025,680776,L,543135,R,field_out,False,False
778553,2025-03-27,2025,646240,L,543135,R,strikeout,True,False
778553,2025-03-27,2025,608324,R,543135,R,field_out,False,False
778553,2025-03-27,2025,543760,R,676979,L,strikeout,True,False
778553,2025-03-27,2025,608369,L,676979,L,field_out,False,False
778553,2025-03-27,2025,694671,R,676979,L,walk,False,True
778553,2025-03-27,2025,666969,R,676979,L,field_out,False,False
778553,2025-03-27,2025,671213,L,543135,R,strikeout,True,False
778553,2025-03-27,2025,596115,R,543135,R,strikeout,True,False
778553,2025-03-27,2025,692225,R,543135,R,strikeout,True,False
778553,2025-03-27,2025,669394,R,676979,L,walk,False,True
778553,2025-03-27,2025,673962,R,676979,L,single,False,False
778553,2025-03-27,2025,607680,R,676979,L,single,False,False
778553,2025-03-27,2025,543309,R,676979,L,field_out,False,False
778553,2025-03-27,2025,669701,L,676979,L,strikeout,True,False
778553,2025-03-27,2025,543760,R,676979,L,field_out,False,False
778553,2025-03-27,2025,677800,L,543135,R,single,False,False
778553,2025-03-27,2025,657136,R,543135,R,single,False,False
778553,2025-03-27,2025,678882,R,543135,R,force_out,False,False
778553,2025-03-27,2025,680776,L,543135,R,field_out,False,False
778553,2025-03-27,2025,646240,L,543135,R,strikeout,True,False
778553,2025-03-27,2025,608369,L,676979,L,strikeout,True,False
778553,2025-03-27,2025,694671,R,676979,L,field_out,False,False
778553,2025-03-27,2025,666969,R,676979,L,field_out,False,False
778553,2025-03-27,2025,608324,R,543135,R,field_out,False,False
778553,2025-03-27,2025,671213,L,543135,R,field_out,False,False
778553,2025-03-27,2025,596115,R,543135,R,strikeout,True,False
778553,2025-03-27,2025,669394,R,676979,L,field_out,False,False
778553,2025-03-27,2025,673962,R,676979,L,field_out,False,False
778553,2025-03-27,2025,607680,R,676979,L,single,False,False
778553,2025-03-27,2025,543309,R,676979,L,double,False,False
778553,2025-03-27,2025,669701,L,676979,L,strikeout,True,False
778553,2025-03-27,2025,692225,R,543135,R,field_out,False,False
778553,2025-03-27,2025,677800,L,543135,R,home_run,False,False
778553,2025-03-27,2025,657136,R,543135,R,field_out,False,False
778553,2025-03-27,2025,678882,R,543135,R,field_out,False,False
778553,2025-03-27,2025,543760,R,676979,L,single,False,False
778553,2025-03-27,2025,608369,L,676979,L,grounded_into_double_play,False,False
778553,2025-03-27,2025,694671,R,676979,L,field_out,False,False
778553,2025-03-27,2025,680776,L,543135,R,strikeout,True,False
778553,2025-03-27,2025,646240,L,543135,R,strikeout,True,False
778553,2025-03-27,2025,608324,R,543135,R,strikeout,True,False
778553,2025-03-27,2025,666969,R,676477,R,field_out,False,False
778553,2025-03-27,2025,669394,R,676477,R,field_out,False,False
778553,2025-03-27,2025,673962,R,676477,R,single,False,False
778553,2025-03-27,2025,607680,R,676477,R,field_out,False,False
778553,2025-03-27,2025,671213,L,676395,L,field_out,False,False
778553,2025-03-27,2025,596115,R,676395,L,field_out,False,False
778553,2025-03-27,2025,692225,R,676395,L,walk,False,True
778553,2025-03-27,2025,677800,L,676395,L,walk,False,True
778553,2025-03-27,2025,657136,R,455119,R,strikeout,True,False
778553,2025-03-27,2025,543309,R,676477,R,field_out,False,False
778553,2025-03-27,2025,669701,L,676477,R,field_out,False,False
778553,2025-03-27,2025,543760,R,676477,R,strikeout,True,False
778553,2025-03-27,2025,678882,R,455119,R,strikeout,True,False
778553,2025-03-27,2025,680776,L,455119,R,single,False,False
778553,2025-03-27,2025,646240,L,455119,R,field_out,False,False
778553,2025-03-27,2025,608324,R,455119,R,field_out,False,False
778553,2025-03-27,2025,608369,L,547973,L,strikeout,True,False
778553,2025-03-27,2025,694671,R,547973,L,single,False,False
778553,2025-03-27,2025,666969,R,547973,L,field_out,False,False
778553,2025-03-27,2025,669394,R,547973,L,force_out,False,False
778553,2025-03-27,2025,671213,L,592426,R,strikeout,True,False
778553,2025-03-27,2025,596115,R,592426,R,walk,False,True
778553,2025-03-27,2025,692225,R,592426,R,single,False,False
778553,2025-03-27,2025,677800,L,592426,R,home_run,False,False
778553,2025-03-27,2025,657136,R,542888,R,field_out,False,False
778553,2025-03-27,2025,678882,R,542888,R,strikeout,True,False
778553,2025-03-27,2025,673962,R,686580,R,strikeout,True,False
778553,2025-03-27,2025,592626,L,686580,R,field_out,False,False
778553,2025-03-27,2025,543309,R,686580,R,field_out,False,False
778555,2025-03-27,2025,607208,R,669022,L,strikeout,True,False
778555,2025-03-27,2025,547180,L,669022,L,strikeout,True,False
778555,2025-03-27,2025,664761,R,669022,L,field_out,False,False
778555,2025-03-27,2025,682928,L,554430,R,strikeout,True,False
778555,2025-03-27,2025,695578,L,554430,R,field_out,False,False
778555,2025-03-27,2025,671277,L,554430,R,strikeout,True,False
778555,2025-03-27,2025,656941,L,669022,L,single,False,False
778555,2025-03-27,2025,592663,R,669022,L,strikeout,True,False
778555,2025-03-27,2025,596146,L,669022,L,strikeout,True,False
778555,2025-03-27,2025,605137,L,554430,R,strikeout,True,False
778555,2025-03-27,2025,663993,L,554430,R,strikeout,True,False
778555,2025-03-27,2025,657557,R,554430,R,strikeout,True,False
778555,2025-03-27,2025,592206,R,669022,L,strikeout,True,False
778555,2025-03-27,2025,681082,L,669022,L,strikeout,True,False
778555,2025-03-27,2025,669016,L,669022,L,strikeout,True,False
778555,2025-03-27,2025,660688,L,554430,R,single,False,False
778555,2025-03-27,2025,686611,R,554430,R,field_out,False,False
778555,2025-03-27,2025,696285,R,554430,R,grounded_into_double_play,False,False
778555,2025-03-27,2025,607208,R,669022,L,field_out,False,False
778555,2025-03-27,2025,547180,L,669022,L,strikeout,True,False
778555,2025-03-27,2025,664761,R,669022,L,strikeout,True,False
778555,2025-03-27,2025,682928,L,554430,R,field_out,False,False
778555,2025-03-27,2025,695578,L,554430,R,walk,False,True
778555,2025-03-27,2025,671277,L,554430,R,force_out,False,False
778555,2025-03-27,2025,605137,L,554430,R,force_out,False,False
778555,2025-03-27,2025,656941,L,669022,L,strikeout,True,False
778555,2025-03-27,2025,592663,R,669022,L,strikeout,True,False
778555,2025-03-27,2025,596146,L,669022,L,strikeout,True,False
778555,2025-03-27,2025,663993,L,554430,R,strikeout,True,False
778555,2025-03-27,2025,657557,R,554430,R,strikeout,True,False
778555,2025-03-27,2025,660688,L,554430,R,home_run,False,False
778555,2025-03-27,2025,686611,R,554430,R,field_out,False,False
778555,2025-03-27,2025,592206,R,669022,L,field_out,False,False
778555,2025-03-27,2025,681082,L,669022,L,field_out,False,False
778555,2025-03-27,2025,669016,L,669022,L,strikeout,True,False
778555,2025-03-27,2025,696285,R,554430,R,walk,False,True
778555,2025-03-27,2025,682928,L,554430,R,strikeout,True,False
778555,2025-03-27,2025,695578,L,554430,R,field_out,False,False
778555,2025-03-27,2025,607208,R,608371,R,field_out,False,False
778555,2025-03-27,2025,547180,L,608371,R,home_run,False,False
778555,2025-03-27,2025,664761,R,608371,R,strikeout,True,False
778555,2025-03-27,2025,656941,L,678606,L,home_run,False,False
778555,2025-03-27,2025,592663,R,678606,L,strikeout,True,False
778555,2025-03-27,2025,671277,L,689147,R,double,False,False
778555,2025-03-27,2025,605137,L,689147,R,field_out,False,False
778555,2025-03-27,2025,663993,L,689147,R,single,False,False
778555,2025-03-27,2025,657557,R,689147,R,strikeout,True,False
778555,2025-03-27,2025,660688,L,689147,R,field_out,False,False
778555,2025-03-27,2025,596146,L,678606,L,double,False,False
778555,2025-03-27,2025,592206,R,678606,L,single,False,False
778555,2025-03-27,2025,681082,L,678606,L,strikeout,True,False
778555,2025-03-27,2025,669016,L,678606,L,strikeout,True,False
778555,2025-03-27,2025,607208,R,678606,L,walk,False,True
778555,2025-03-27,2025,547180,L,678606,L,field_out,False,False
778555,2025-03-27,2025,686611,R,605447,R,walk,False,True
778555,2025-03-27,2025,696285,R,605447,R,hit_by_pitch,False,False
778555,2025-03-27,2025,682928,L,605447,R,field_out,False,False
778555,2025-03-27,2025,695578,L,605447,R,strikeout,True,False
778555,2025-03-27,2025,671277,L,605447,R,single,False,False
778555,2025-03-27,2025,605137,L,605447,R,field_out,False,False
778555,2025-03-27,2025,664761,R,640448,R,single,False,False
778555,2025-03-27,2025,656941,L,640448,R,field_out,False,False
778555,2025-03-27,2025,592663,R,640448,R,strikeout,True,False
778555,2025-03-27,2025,596146,L,640448,R,walk,False,True
778555,2025-03-27,2025,592206,R,640448,R,walk,False,True
778555,2025-03-27,2025,681082,L,640448,R,field_out,False,False
778555,2025-03-27,2025,663993,L,621237,L,strikeout,True,False
778555,2025-03-27,2025,657557,R,621237,L,strikeout,True,False
778555,2025-03-27,2025,660688,R,621237,L,field_out,False,False
778555,2025-03-27,2025,669016,L,621363,L,strikeout,True,False
778555,2025-03-27,2025,607208,R,621363,L,field_out,False,False
778555,2025-03-27,2025,547180,L,621363,L,walk,False,True
778555,2025-03-27,2025,664761,R,621363,L,double,False,False
778555,2025-03-27,2025,656941,L,621363,L,walk,False,True
778555,2025-03-27,2025,592663,R,674285,R,triple,False,False
778555,2025-03-27,2025,596146,L,674285,R,walk,False,True
778555,2025-03-27,2025,592206,R,674285,R,force_out,False,False
778555,2025-03-27,2025,686611,R,621381,L,field_out,False,False
778555,2025-03-27,2025,696285,R,621381,L,strikeout,True,False
778555,2025-03-27,2025,682928,L,621381,L,field_out,False,False
778558,2025-03-27,2025,680757,L,666142,L,single,False,False
778558,2025-03-27,2025,608070,R,666142,L,field_out,False,False
778558,2025-03-27,2025,657041,R,666142,L,single,False,False
778558,2025-03-27,2025,467793,R,666142,L,field_out,False,False
778558,2025-03-27,2025,700932,L,666142,L,walk,False,True
778558,2025-03-27,2025,678877,R,666142,L,strikeout,True,False
778558,2025-03-27,2025,663697,R,594902,R,field_out,False,False
778558,2025-03-27,2025,677951,R,594902,R,strikeout,True,False
778558,2025-03-27,2025,686469,L,594902,R,field_out,False,False
778558,2025-03-27,2025,666310,L,666142,L,field_out,False,False
778558,2025-03-27,2025,672356,R,666142,L,strikeout,True,False
778558,2025-03-27,2025,677587,R,666142,L,field_out,False,False
778558,2025-03-27,2025,521692,R,594902,R,field_out,False,False
778558,2025-03-27,2025,686681,L,594902,R,single,False,False
778558,2025-03-27,2025,592669,R,594902,R,field_out,False,False
778558,2025-03-27,2025,669004,L,594902,R,strikeout,True,False
778558,2025-03-27,2025,680757,L,666142,L,field_out,False,False
778558,2025-03-27,2025,608070,R,666142,L,field_out,False,False
778558,2025-03-27,2025,657041,R,666142,L,field_out,False,False
778558,2025-03-27,2025,624415,L,594902,R,field_out,False,False
778558,2025-03-27,2025,664728,L,594902,R,double,False,False
778558,2025-03-27,2025,663697,R,594902,R,field_out,False,False
778558,2025-03-27,2025,677951,R,594902,R,single,False,False
778558,2025-03-27,2025,686469,L,594902,R,home_run,False,False
778558,2025-03-27,2025,521692,R,594902,R,strikeout,True,False
778558,2025-03-27,2025,467793,R,666142,L,strikeout,True,False
778558,2025-03-27,2025,700932,L,666142,L,triple,False,False
778558,2025-03-27,2025,678877,R,666142,L,sac_fly,False,False
778558,2025-03-27,2025,666310,L,666142,L,field_out,False,False
778558,2025-03-27,2025,686681,L,594902,R,field_out,False,False
778558,2025-03-27,2025,592669,R,594902,R,field_out,False,False
778558,2025-03-27,2025,669004,L,594902,R,field_out,False,False
778558,2025-03-27,2025,672356,R,666142,L,double,False,False
778558,2025-03-27,2025,677587,R,666142,L,walk,False,True
778558,2025-03-27,2025,680757,L,666142,L,sac_bunt,False,False
778558,2025-03-27,2025,608070,R,666142,L,sac_fly,False,False
778558,2025-03-27,2025,657041,R,666142,L,field_out,False,False
778558,2025-03-27,2025,624415,L,594902,R,field_out,False,False
778558,2025-03-27,2025,664728,L,594902,R,field_out,False,False
778558,2025-03-27,2025,663697,R,594902,R,field_out,False,False
778558,2025-03-27,2025,467793,R,666142,L,single,False,False
778558,2025-03-27,2025,700932,L,672582,L,home_run,False,False
778558,2025-03-27,2025,678877,R,672582,L,single,False,False
778558,2025-03-27,2025,666310,L,672582,L,single,False,False
778558,2025-03-27,2025,672356,R,672582,L,grounded_into_double_play,False,False
778558,2025-03-27,2025,677587,R,672582,L,field_out,False,False
778558,2025-03-27,2025,677951,R,671922,R,strikeout,True,False
778558,2025-03-27,2025,686469,L,671922,R,field_out,False,False
778558,2025-03-27,2025,521692,R,671922,R,strikeout,True,False
778558,2025-03-27,2025,680757,L,672582,L,field_out,False,False
778558,2025-03-27,2025,608070,L,668674,R,field_out,False,False
778558,2025-03-27,2025,657041,R,668674,R,field_out,False,False
778558,2025-03-27,2025,686681,L,682120,L,field_out,False,False
778558,2025-03-27,2025,592669,R,682120,L,strikeout,True,False
778558,2025-03-27,2025,672580,R,682120,L,strikeout,True,False
778558,2025-03-27,2025,467793,L,640451,R,field_out,False,False
778558,2025-03-27,2025,700932,L,640451,R,strikeout,True,False
778558,2025-03-27,2025,678877,R,640451,R,field_out,False,False
778558,2025-03-27,2025,624415,L,683769,R,walk,False,True
778558,2025-03-27,2025,664728,L,683769,R,sac_bunt,False,False
778558,2025-03-27,2025,663697,R,683769,R,double_play,False,False
778558,2025-03-27,2025,677951,R,683769,R,strikeout,True,False
778558,2025-03-27,2025,666310,L,608032,R,strikeout,True,False
778558,2025-03-27,2025,672356,R,608032,R,field_out,False,False
778558,2025-03-27,2025,677587,L,608032,R,field_out,False,False
778558,2025-03-27,2025,686469,L,661403,R,double,False,False
778558,2025-03-27,2025,521692,R,661403,R,single,False,False
778558,2025-03-27,2025,686681,L,661403,R,sac_fly,False,False
778558,2025-03-27,2025,592669,R,661403,R,field_out,False,False
778558,2025-03-27,2025,672580,R,661403,R,single,False,False
778558,2025-03-27,2025,592192,R,661403,R,strikeout,True,False
778558,2025-03-27,2025,680757,L,669674,L,double,False,False
778558,2025-03-27,2025,608070,R,669674,L,field_out,False,False
778558,2025-03-27,2025,657041,R,669674,L,field_out,False,False
778558,2025-03-27,2025,467793,R,669674,L,intent_walk,False,True
778558,2025-03-27,2025,700932,L,669674,L,double,False,False
778558,2025-03-27,2025,678877,R,669674,L,field_out,False,False
778558,2025-03-27,2025,664728,L,623149,R,strikeout,True,False
778558,2025-03-27,2025,663697,R,623149,R,field_out,False,False
778558,2025-03-27,2025,677951,R,623149,R,field_out,False,False
778559,2025-03-27,2025,596019,R,664285,L,field_out,False,False
778559,2025-03-27,2025,665742,L,664285,L,single,False,False
778559,2025-03-27,2025,624413,R,664285,L,walk,False,True
778559,2025-03-27,2025,668901,R,664285,L,field_out,False,False
778559,2025-03-27,2025,607043,L,664285,L,field_out,False,False
778559,2025-03-27,2025,514888,R,605280,R,strikeout,True,False
778559,2025-03-27,2025,670623,R,605280,R,field_out,False,False
778559,2025-03-27,2025,670541,L,605280,R,walk,False,True
778559,2025-03-27,2025,572233,R,605280,R,field_out,False,False
778559,2025-03-27,2025,516782,R,664285,L,hit_by_pitch,False,False
778559,2025-03-27,2025,621438,R,664285,L,field_out,False,False
778559,2025-03-27,2025,682668,R,664285,L,field_out,False,False
778559,2025-03-27,2025,620443,R,664285,L,field_out,False,False
778559,2025-03-27,2025,673237,R,605280,R,field_out,False,False
778559,2025-03-27,2025,665161,R,605280,R,hit_by_pitch,False,False
778559,2025-03-27,2025,701358,R,605280,R,single,False,False
778559,2025-03-27,2025,663898,R,605280,R,walk,False,True
778559,2025-03-27,2025,676694,R,605280,R,force_out,False,False
778559,2025-03-27,2025,514888,R,605280,R,strikeout,True,False
778559,2025-03-27,2025,596019,R,664285,L,strikeout,True,False
778559,2025-03-27,2025,665742,L,664285,L,walk,False,True
778559,2025-03-27,2025,624413,R,664285,L,force_out,False,False
778559,2025-03-27,2025,668901,R,664285,L,field_out,False,False
778559,2025-03-27,2025,670623,R,605280,R,walk,False,True
778559,2025-03-27,2025,670541,L,605280,R,strikeout,True,False
778559,2025-03-27,2025,572233,R,605280,R,single,False,False
778559,2025-03-27,2025,673237,R,605280,R,single,False,False
778559,2025-03-27,2025,665161,R,605280,R,force_out,False,False
778559,2025-03-27,2025,701358,R,605280,R,field_out,False,False
778559,2025-03-27,2025,607043,L,664285,L,strikeout,True,False
778559,2025-03-27,2025,516782,R,664285,L,field_out,False,False
778559,2025-03-27,2025,621438,R,664285,L,field_out,False,False
778559,2025-03-27,2025,663898,R,605280,R,strikeout,True,False
778559,2025-03-27,2025,676694,R,605280,R,single,False,False
778559,2025-03-27,2025,514888,R,605280,R,single,False,False
778559,2025-03-27,2025,670623,R,605280,R,grounded_into_double_play,False,False
778559,2025-03-27,2025,682668,R,664285,L,field_out,False,False
778559,2025-03-27,2025,620443,R,664285,L,double,False,False
778559,2025-03-27,2025,596019,R,664285,L,field_out,False,False
778559,2025-03-27,2025,665742,L,664285,L,other_out,False,False
778559,2025-03-27,2025,670541,L,605280,R,field_out,False,False
778559,2025-03-27,2025,572233,R,605280,R,field_out,False,False
778559,2025-03-27,2025,673237,R,605280,R,walk,False,True
778559,2025-03-27,2025,665161,R,623211,R,field_out,False,False
778559,2025-03-27,2025,665742,L,664285,L,field_out,False,False
778559,2025-03-27,2025,624413,R,664285,L,single,False,False
778559,2025-03-27,2025,668901,R,664285,L,grounded_into_double_play,False,False
778559,2025-03-27,2025,701358,R,623211,R,field_out,False,False
778559,2025-03-27,2025,663898,R,623211,R,field_out,False,False
778559,2025-03-27,2025,676694,R,623211,R,single,False,False
778559,2025-03-27,2025,514888,R,623211,R,strikeout,True,False
778559,2025-03-27,2025,607043,L,664285,L,single,False,False
778559,2025-03-27,2025,516782,R,664285,L,strikeout,True,False
778559,2025-03-27,2025,621438,R,664285,L,field_out,False,False
778559,2025-03-27,2025,682668,R,664285,L,strikeout,True,False
778559,2025-03-27,2025,670623,R,623211,R,strikeout,True,False
778559,2025-03-27,2025,670541,L,623211,R,walk,False,True
778559,2025-03-27,2025,572233,R,623211,R,force_out,False,False
778559,2025-03-27,2025,673237,R,623211,R,field_out,False,False
778559,2025-03-27,2025,608385,L,650556,R,field_out,False,False
778559,2025-03-27,2025,596019,L,650556,R,strikeout,True,False
778559,2025-03-27,2025,665742,L,650556,R,walk,False,True
778559,2025-03-27,2025,624413,R,650556,R,walk,False,True
778559,2025-03-27,2025,668901,R,650556,R,walk,False,True
778559,2025-03-27,2025,607043,L,650556,R,field_out,False,False
778559,2025-03-27,2025,665161,R,664849,L,single,False,False
778559,2025-03-27,2025,676801,R,664849,L,sac_bunt,False,False
778559,2025-03-27,2025,663898,R,664849,L,strikeout,True,False
778559,2025-03-27,2025,676694,R,664849,L,field_out,False,False
778559,2025-03-27,2025,516782,R,623352,L,single,False,False
778559,2025-03-27,2025,621438,R,623352,L,single,False,False
778559,2025-03-27,2025,682668,R,623352,L,walk,False,True
778559,2025-03-27,2025,663584,R,623352,L,strikeout,True,False
778559,2025-03-27,2025,596019,R,623352,L,sac_fly,False,False
778559,2025-03-27,2025,665742,L,623352,L,strikeout,True,False
778561,2025-03-27,2025,664774,L,668881,R,field_out,False,False
778561,2025-03-27,2025,642715,R,668881,R,strikeout,True,False
778561,2025-03-27,2025,808982,L,668881,R,strikeout,True,False
778561,2025-03-27,2025,670770,L,657277,R,strikeout,True,False
778561,2025-03-27,2025,680574,R,657277,R,strikeout,True,False
778561,2025-03-27,2025,682829,L,657277,R,walk,False,True
778561,2025-03-27,2025,666158,L,657277,R,walk,False,True
778561,2025-03-27,2025,600869,L,657277,R,single,False,False
778561,2025-03-27,2025,668715,R,657277,R,strikeout,True,False
778561,2025-03-27,2025,656305,R,668881,R,strikeout,True,False
778561,2025-03-27,2025,671218,R,668881,R,strikeout,True,False
778561,2025-03-27,2025,672275,L,668881,R,strikeout,True,False
778561,2025-03-27,2025,687952,R,657277,R,field_out,False,False
778561,2025-03-27,2025,641584,L,657277,R,field_out,False,False
778561,2025-03-27,2025,624431,R,657277,R,field_out,False,False
778561,2025-03-27,2025,527038,R,668881,R,field_out,False,False
778561,2025-03-27,2025,573262,L,668881,R,single,False,False
778561,2025-03-27,2025,666149,R,668881,R,strikeout,True,False
778561,2025-03-27,2025,664774,L,668881,R,strikeout,True,False
778561,2025-03-27,2025,670770,L,657277,R,single,False,False
778561,2025-03-27,2025,680574,R,657277,R,field_out,False,False
778561,2025-03-27,2025,682829,L,657277,R,single,False,False
778561,2025-03-27,2025,666158,L,657277,R,single,False,False
778561,2025-03-27,2025,600869,L,657277,R,single,False,False
778561,2025-03-27,2025,668715,R,657277,R,strikeout,True,False
778561,2025-03-27,2025,642715,R,668881,R,field_out,False,False
778561,2025-03-27,2025,808982,L,668881,R,walk,False,True
778561,2025-03-27,2025,656305,R,668881,R,field_out,False,False
778561,2025-03-27,2025,671218,R,668881,R,home_run,False,False
778561,2025-03-27,2025,672275,L,668881,R,strikeout,True,False
778561,2025-03-27,2025,687952,R,657277,R,single,False,False
778561,2025-03-27,2025,641584,L,657277,R,field_out,False,False
778561,2025-03-27,2025,624431,R,657277,R,walk,False,True
778561,2025-03-27,2025,670770,L,657277,R,grounded_into_double_play,False,False
778561,2025-03-27,2025,527038,R,668881,R,field_out,False,False
778561,2025-03-27,2025,573262,L,668881,R,single,False,False
778561,2025-03-27,2025,666149,R,668881,R,field_out,False,False
778561,2025-03-27,2025,664774,L,668881,R,field_out,False,False
778561,2025-03-27,2025,680574,R,657277,R,field_out,False,False
778561,2025-03-27,2025,682829,L,657277,R,strikeout,True,False
778561,2025-03-27,2025,666158,L,657277,R,field_out,False,False
778561,2025-03-27,2025,642715,R,605130,R,strikeout,True,False
778561,2025-03-27,2025,808982,L,605130,R,strikeout,True,False
778561,2025-03-27,2025,656305,R,605130,R,field_out,False,False
778561,2025-03-27,2025,600869,L,678495,R,strikeout,True,False
778561,2025-03-27,2025,668715,R,678495,R,strikeout,True,False
778561,2025-03-27,2025,687952,R,678495,R,double,False,False
778561,2025-03-27,2025,641584,L,678495,R,field_out,False,False
778561,2025-03-27,2025,671218,R,641941,R,strikeout,True,False
778561,2025-03-27,2025,672275,L,641941,R,field_out,False,False
778561,2025-03-27,2025,527038,R,641941,R,strikeout,True,False
778561,2025-03-27,2025,624431,R,669062,L,field_out,False,False
778561,2025-03-27,2025,670770,L,669062,L,field_out,False,False
778561,2025-03-27,2025,680574,R,669062,L,strikeout,True,False
778561,2025-03-27,2025,573262,L,663574,R,strikeout,True,False
778561,2025-03-27,2025,666149,R,663574,R,strikeout,True,False
778561,2025-03-27,2025,664774,L,663574,R,field_out,False,False
778561,2025-03-27,2025,682829,L,643511,R,field_out,False,False
778561,2025-03-27,2025,666158,L,643511,R,field_out,False,False
778561,2025-03-27,2025,600869,L,643511,R,walk,False,True
778561,2025-03-27,2025,668715,R,643511,R,field_out,False,False
778561,2025-03-27,2025,642715,R,664139,R,strikeout,True,False
778561,2025-03-27,2025,808982,L,664139,R,walk,False,True
778561,2025-03-27,2025,656305,R,664139,R,single,False,False
778561,2025-03-27,2025,671218,R,664139,R,strikeout,True,False
778561,2025-03-27,2025,672275,L,664139,R,single,False,False
778561,2025-03-27,2025,527038,R,664139,R,home_run,False,False
778561,2025-03-27,2025,573262,L,594580,L,strikeout,True,False
778561,2025-03-27,2025,687952,R,676254,R,field_out,False,False
778561,2025-03-27,2025,641584,L,676254,R,field_out,False,False
778561,2025-03-27,2025,674441,L,676254,R,hit_by_pitch,False,False
778561,2025-03-27,2025,670770,L,676254,R,single,False,False
778561,2025-03-27,2025,680574,R,676254,R,field_out,False,False
778545,2025-03-27,2025,595777,L,650633,R,single,False,False
778545,2025-03-27,2025,663586,R,650633,R,field_out,False,False
778545,2025-03-27,2025,621566,L,650633,R,walk,False,True
778545,2025-03-27,2025,542303,R,650633,R,walk,False,True
778545,2025-03-27,2025,645277,L,650633,R,force_out,False,False
778545,2025-03-27,2025,671739,L,650633,R,field_out,False,False
778545,2025-03-27,2025,665487,R,519242,L,single,False,False
778545,2025-03-27,2025,650333,L,519242,L,field_out,False,False
778545,2025-03-27,2025,592518,R,519242,L,walk,False,True
778545,2025-03-27,2025,593428,R,519242,L,field_out,False,False
778545,2025-03-27,2025,701538,L,519242,L,single,False,False
778545,2025-03-27,2025,493329,R,519242,L,field_out,False,False
778545,2025-03-27,2025,686948,L,650633,R,strikeout,True,False
778545,2025-03-27,2025,606115,R,650633,R,single,False,False
778545,2025-03-27,2025,672284,L,650633,R,force_out,False,False
778545,2025-03-27,2025,595777,L,650633,R,strikeout,True,False
778545,2025-03-27,2025,630105,L,519242,L,field_out,False,False
778545,2025-03-27,2025,663604,R,519242,L,strikeout,True,False
778545,2025-03-27,2025,553869,R,519242,L,single,False,False
778545,2025-03-27,2025,665487,R,519242,L,strikeout,True,False
778545,2025-03-27,2025,663586,R,650633,R,strikeout,True,False
778545,2025-03-27,2025,621566,L,650633,R,field_out,False,False
778545,2025-03-27,2025,542303,R,650633,R,walk,False,True
778545,2025-03-27,2025,645277,L,650633,R,home_run,False,False
778545,2025-03-27,2025,671739,L,650633,R,single,False,False
778545,2025-03-27,2025,686948,L,650633,R,walk,False,True
778545,2025-03-27,2025,606115,R,689690,R,strikeout,True,False
778545,2025-03-27,2025,650333,L,519242,L,field_out,False,False
778545,2025-03-27,2025,592518,R,519242,L,double,False,False
778545,2025-03-27,2025,593428,R,519242,L,single,False,False
778545,2025-03-27,2025,701538,L,519242,L,field_out,False,False
778545,2025-03-27,2025,493329,R,519242,L,strikeout,True,False
778545,2025-03-27,2025,672284,L,689690,R,field_out,False,False
778545,2025-03-27,2025,595777,L,689690,R,field_out,False,False
778545,2025-03-27,2025,663586,R,689690,R,home_run,False,False
778545,2025-03-27,2025,621566,L,689690,R,single,False,False
778545,2025-03-27,2025,542303,R,689690,R,single,False,False
778545,2025-03-27,2025,645277,R,673513,L,field_out,False,False
778545,2025-03-27,2025,630105,L,519242,L,strikeout,True,False
778545,2025-03-27,2025,663604,R,519242,L,field_out,False,False
778545,2025-03-27,2025,553869,R,519242,L,strikeout,True,False
778545,2025-03-27,2025,671739,L,673513,L,strikeout,True,False
778545,2025-03-27,2025,686948,L,673513,L,field_out,False,False
778545,2025-03-27,2025,606115,R,673513,L,strikeout,True,False
778545,2025-03-27,2025,665487,R,519242,L,single,False,False
778545,2025-03-27,2025,650333,L,519242,L,sac_bunt,False,False
778545,2025-03-27,2025,592518,R,519242,L,strikeout,True,False
778545,2025-03-27,2025,593428,R,519242,L,strikeout,True,False
778545,2025-03-27,2025,672284,L,673513,L,field_out,False,False
778545,2025-03-27,2025,595777,L,669093,R,strikeout,True,False
778545,2025-03-27,2025,663586,R,669093,R,field_out,False,False
778545,2025-03-27,2025,701538,L,669276,L,field_out,False,False
778545,2025-03-27,2025,493329,R,669276,L,field_out,False,False
778545,2025-03-27,2025,630105,L,669276,L,field_out,False,False
778545,2025-03-27,2025,621566,L,669093,R,walk,False,True
778545,2025-03-27,2025,542303,R,669093,R,field_out,False,False
778545,2025-03-27,2025,645277,L,669093,R,field_out,False,False
778545,2025-03-27,2025,671739,L,593974,L,force_out,False,False
778545,2025-03-27,2025,657757,L,593576,R,home_run,False,False
778545,2025-03-27,2025,553869,R,593576,R,single,False,False
778545,2025-03-27,2025,665487,R,593576,R,single,False,False
778545,2025-03-27,2025,650333,L,607481,L,sac_fly,False,False
778545,2025-03-27,2025,592518,R,607481,L,double,False,False
778545,2025-03-27,2025,593428,R,607481,L,intent_walk,False,True
778545,2025-03-27,2025,701538,L,607481,L,sac_fly,False,False
778545,2025-03-27,2025,493329,R,607481,L,field_out,False,False
778545,2025-03-27,2025,686948,L,592094,R,field_out,False,False
778545,2025-03-27,2025,606115,R,592094,R,field_out,False,False
778545,2025-03-27,2025,672284,L,592094,R,strikeout,True,False
778545,2025-03-27,2025,630105,L,656550,R,strikeout,True,False
778545,2025-03-27,2025,455117,R,656550,R,strikeout,True,False
778545,2025-03-27,2025,518792,L,656550,R,field_out,False,False
778545,2025-03-27,2025,595777,L,663158,R,strikeout,True,False
778545,2025-03-27,2025,663586,R,663158,R,field_error,False,False
778545,2025-03-27,2025,621566,L,663158,R,walk,False,True
778545,2025-03-27,2025,542303,R,663158,R,strikeout,True,False
778545,2025-03-27,2025,645277,L,663158,R,field_out,False,False
778554,2025-03-27,2025,621493,R,680732,R,double,False,False
778554,2025-03-27,2025,694384,L,680732,R,field_out,False,False
778554,2025-03-27,2025,545361,R,680732,R,hit_by_pitch,False,False
778554,2025-03-27,2025,624585,R,680732,R,strikeout,True,False
778554,2025-03-27,2025,641313,R,680732,R,strikeout,True,False
778554,2025-03-27,2025,678246,R,579328,L,strikeout,True,False
778554,2025-03-27,2025,673357,R,579328,L,double,False,False
778554,2025-03-27,2025,643217,L,579328,L,strikeout,True,False
778554,2025-03-27,2025,683734,R,579328,L,field_out,False,False
778554,2025-03-27,2025,650859,L,680732,R,field_out,False,False
778554,2025-03-27,2025,681351,R,680732,R,single,False,False
778554,2025-03-27,2025,666176,R,680732,R,single,False,False
778554,2025-03-27,2025,621028,R,680732,R,field_out,False,False
778554,2025-03-27,2025,621493,R,680732,R,field_out,False,False
778554,2025-03-27,2025,596103,R,579328,L,home_run,False,False
778554,2025-03-27,2025,672820,R,579328,L,field_out,False,False
778554,2025-03-27,2025,686676,R,579328,L,single,False,False
778554,2025-03-27,2025,676070,R,579328,L,single,False,False
778554,2025-03-27,2025,572191,R,579328,L,field_out,False,False
778554,2025-03-27,2025,678246,R,579328,L,double,False,False
778554,2025-03-27,2025,673357,R,579328,L,field_out,False,False
778554,2025-03-27,2025,694384,L,680732,R,field_out,False,False
778554,2025-03-27,2025,545361,R,680732,R,field_out,False,False
778554,2025-03-27,2025,624585,R,680732,R,field_out,False,False
778554,2025-03-27,2025,643217,L,579328,L,strikeout,True,False
778554,2025-03-27,2025,683734,R,579328,L,field_out,False,False
778554,2025-03-27,2025,596103,R,579328,L,field_out,False,False
778554,2025-03-27,2025,641313,R,680732,R,field_out,False,False
778554,2025-03-27,2025,650859,L,680732,R,field_out,False,False
778554,2025-03-27,2025,681351,R,680732,R,field_out,False,False
778554,2025-03-27,2025,672820,R,579328,L,field_out,False,False
778554,2025-03-27,2025,686676,R,579328,L,field_out,False,False
778554,2025-03-27,2025,676070,R,579328,L,strikeout,True,False
778554,2025-03-27,2025,666176,R,680732,R,strikeout,True,False
778554,2025-03-27,2025,621028,R,680732,R,field_out,False,False
778554,2025-03-27,2025,621493,R,680732,R,field_out,False,False
778554,2025-03-27,2025,572191,R,579328,L,field_out,False,False
778554,2025-03-27,2025,678246,R,579328,L,field_out,False,False
778554,2025-03-27,2025,673357,R,579328,L,strikeout,True,False
778554,2025-03-27,2025,694384,L,680732,R,field_out,False,False
778554,2025-03-27,2025,545361,R,680732,R,field_out,False,False
778554,2025-03-27,2025,624585,R,680732,R,field_out,False,False
778554,2025-03-27,2025,643217,L,579328,L,field_out,False,False
778554,2025-03-27,2025,683734,R,579328,L,field_out,False,False
778554,2025-03-27,2025,596103,R,579328,L,field_out,False,False
778554,2025-03-27,2025,641313,R,682171,R,strikeout,True,False
778554,2025-03-27,2025,650859,L,682171,R,strikeout,True,False
778554,2025-03-27,2025,681351,R,682171,R,strikeout,True,False
778554,2025-03-27,2025,672820,R,696270,R,field_out,False,False
778554,2025-03-27,2025,686676,R,696270,R,strikeout,True,False
778554,2025-03-27,2025,676070,R,696270,R,field_out,False,False
778554,2025-03-27,2025,666176,R,673929,R,field_out,False,False
778554,2025-03-27,2025,660162,L,673929,R,walk,False,True
778554,2025-03-27,2025,621493,R,673929,R,field_out,False,False
778554,2025-03-27,2025,694384,L,673929,R,single,False,False
778554,2025-03-27,2025,545361,R,605182,R,walk,False,True
778554,2025-03-27,2025,624585,R,605182,R,strikeout,True,False
778554,2025-03-27,2025,572191,R,696270,R,single,False,False
778554,2025-03-27,2025,678246,R,696270,R,single,False,False
778554,2025-03-27,2025,673357,R,696270,R,field_out,False,False
778554,2025-03-27,2025,643217,L,696270,R,home_run,False,False
778554,2025-03-27,2025,683734,R,696270,R,field_out,False,False
778554,2025-03-27,2025,665155,L,696270,R,walk,False,True
778554,2025-03-27,2025,672820,R,696270,R,home_run,False,False
778554,2025-03-27,2025,686676,R,670032,R,walk,False,True
778554,2025-03-27,2025,676070,R,670032,R,field_out,False,False
778554,2025-03-27,2025,641313,R,592155,L,strikeout,True,False
778554,2025-03-27,2025,650859,R,592155,L,strikeout,True,False
778554,2025-03-27,2025,681351,R,592155,L,home_run,False,False
778554,2025-03-27,2025,677347,R,592155,L,strikeout,True,False
778562,2025-03-27,2025,502054,R,645261,R,strikeout,True,False
778562,2025-03-27,2025,668804,L,645261,R,field_out,False,False
778562,2025-03-27,2025,665833,L,645261,R,field_out,False,False
778562,2025-03-27,2025,669364,L,694973,R,strikeout,True,False
778562,2025-03-27,2025,669065,L,694973,R,strikeout,True,False
778562,2025-03-27,2025,681146,R,694973,R,field_out,False,False
778562,2025-03-27,2025,663698,R,645261,R,field_out,False,False
778562,2025-03-27,2025,457705,R,645261,R,field_out,False,False
778562,2025-03-27,2025,693304,R,645261,R,strikeout,True,False
778562,2025-03-27,2025,670223,L,694973,R,field_out,False,False
778562,2025-03-27,2025,672640,R,694973,R,strikeout,True,False
778562,2025-03-27,2025,665052,L,694973,R,strikeout,True,False
778562,2025-03-27,2025,682848,L,645261,R,walk,False,True
778562,2025-03-27,2025,663647,R,645261,R,strikeout,True,False
778562,2025-03-27,2025,643396,R,645261,R,strikeout,True,False
778562,2025-03-27,2025,502054,R,645261,R,strikeout,True,False
778562,2025-03-27,2025,656537,R,694973,R,double,False,False
778562,2025-03-27,2025,688363,L,694973,R,single,False,False
778562,2025-03-27,2025,663743,R,694973,R,force_out,False,False
778562,2025-03-27,2025,669364,L,694973,R,force_out,False,False
778562,2025-03-27,2025,669065,L,694973,R,strikeout,True,False
778562,2025-03-27,2025,668804,L,645261,R,field_out,False,False
778562,2025-03-27,2025,665833,L,645261,R,walk,False,True
778562,2025-03-27,2025,663698,R,645261,R,field_out,False,False
778562,2025-03-27,2025,457705,R,645261,R,field_out,False,False
778562,2025-03-27,2025,681146,R,694973,R,single,False,False
778562,2025-03-27,2025,670223,L,694973,R,strikeout,True,False
778562,2025-03-27,2025,672640,R,694973,R,grounded_into_double_play,False,False
778562,2025-03-27,2025,693304,R,645261,R,strikeout,True,False
778562,2025-03-27,2025,682848,L,645261,R,strikeout,True,False
778562,2025-03-27,2025,663647,R,645261,R,single,False,False
778562,2025-03-27,2025,643396,R,645261,R,walk,False,True
778562,2025-03-27,2025,502054,R,645261,R,walk,False,True
778562,2025-03-27,2025,668804,L,645261,R,single,False,False
778562,2025-03-27,2025,665833,L,669199,R,strikeout,True,False
778562,2025-03-27,2025,665052,L,694973,R,field_error,False,False
778562,2025-03-27,2025,656537,R,694973,R,field_out,False,False
778562,2025-03-27,2025,688363,L,694973,R,double_play,False,False
778562,2025-03-27,2025,663698,R,669199,R,hit_by_pitch,False,False
778562,2025-03-27,2025,457705,R,669199,R,field_out,False,False
778562,2025-03-27,2025,693304,R,669199,R,home_run,False,False
778562,2025-03-27,2025,682848,L,669199,R,strikeout,True,False
778562,2025-03-27,2025,663647,R,669199,R,field_out,False,False
778562,2025-03-27,2025,663743,R,694973,R,strikeout,True,False
778562,2025-03-27,2025,669364,L,694973,R,walk,False,True
778562,2025-03-27,2025,669065,L,694973,R,walk,False,True
778562,2025-03-27,2025,681146,R,642701,R,walk,False,True
778562,2025-03-27,2025,670223,L,642701,R,strikeout,True,False
778562,2025-03-27,2025,672640,R,642701,R,walk,False,True
778562,2025-03-27,2025,667472,R,621366,L,strikeout,True,False
778562,2025-03-27,2025,643396,R,666277,R,walk,False,True
778562,2025-03-27,2025,502054,R,666277,R,hit_by_pitch,False,False
778562,2025-03-27,2025,668804,L,666277,R,field_out,False,False
778562,2025-03-27,2025,665833,L,666277,R,field_out,False,False
778562,2025-03-27,2025,663698,R,666277,R,field_out,False,False
778562,2025-03-27,2025,656537,R,657571,L,field_out,False,False
778562,2025-03-27,2025,688363,L,657571,L,strikeout,True,False
778562,2025-03-27,2025,663743,R,657571,L,hit_by_pitch,False,False
778562,2025-03-27,2025,669364,R,657571,L,field_out,False,False
778562,2025-03-27,2025,457705,R,666277,R,field_out,False,False
778562,2025-03-27,2025,624428,L,666277,R,walk,False,True
778562,2025-03-27,2025,682848,L,666277,R,strikeout,True,False
778562,2025-03-27,2025,663647,R,666277,R,field_out,False,False
778562,2025-03-27,2025,669065,L,670059,R,walk,False,True
778562,2025-03-27,2025,681146,R,670059,R,field_out,False,False
778562,2025-03-27,2025,670223,L,670059,R,strikeout,True,False
778562,2025-03-27,2025,672640,R,670059,R,single,False,False
778562,2025-03-27,2025,667472,R,670059,R,single,False,False
778562,2025-03-27,2025,656537,R,670059,R,walk,False,True
778562,2025-03-27,2025,688363,L,670059,R,force_out,False,False
778562,2025-03-27,2025,643396,R,622786,R,field_out,False,False
778562,2025-03-27,2025,502054,R,622786,R,double,False,False
778562,2025-03-27,2025,668804,L,622786,R,walk,False,True
778562,2025-03-27,2025,665833,L,622786,R,field_out,False,False
778562,2025-03-27,2025,663698,R,622786,R,strikeout,True,False
778562,2025-03-27,2025,663743,R,670280,R,triple,False,False
778562,2025-03-27,2025,669364,L,670280,R,intent_walk,False,True
778562,2025-03-27,2025,669065,L,670280,R,single,False,False
778551,2025-03-27,2025,670242,L,543243,R,field_out,False,False
778551,2025-03-27,2025,621043,R,543243,R,strikeout,True,False
778551,2025-03-27,2025,621439,R,543243,R,field_out,False,False
778551,2025-03-27,2025,663457,L,641154,R,single,False,False
778551,2025-03-27,2025,575929,R,641154,R,strikeout,True,False
778551,2025-03-27,2025,680977,L,641154,R,single,False,False
778551,2025-03-27,2025,571448,R,641154,R,field_out,False,False
778551,2025-03-27,2025,676475,L,641154,R,single,False,False
778551,2025-03-27,2025,671056,R,641154,R,field_out,False,False
778551,2025-03-27,2025,663616,L,543243,R,single,False,False
778551,2025-03-27,2025,680777,R,543243,R,field_out,False,False
778551,2025-03-27,2025,664034,R,543243,R,single,False,False
778551,2025-03-27,2025,650489,L,543243,R,walk,False,True
778551,2025-03-27,2025,669304,R,543243,R,strikeout,True,False
778551,2025-03-27,2025,664056,R,543243,R,field_out,False,False
778551,2025-03-27,2025,691023,R,641154,R,single,False,False
778551,2025-03-27,2025,687363,L,641154,R,field_out,False,False
778551,2025-03-27,2025,691026,R,641154,R,field_out,False,False
778551,2025-03-27,2025,663457,L,641154,R,home_run,False,False
778551,2025-03-27,2025,575929,R,641154,R,strikeout,True,False
778551,2025-03-27,2025,670242,L,543243,R,field_out,False,False
778551,2025-03-27,2025,621043,R,543243,R,field_out,False,False
778551,2025-03-27,2025,621439,R,543243,R,field_out,False,False
778551,2025-03-27,2025,680977,L,641154,R,single,False,False
778551,2025-03-27,2025,571448,R,641154,R,single,False,False
778551,2025-03-27,2025,676475,L,641154,R,grounded_into_double_play,False,False
778551,2025-03-27,2025,671056,R,641154,R,single,False,False
778551,2025-03-27,2025,691023,R,641154,R,field_out,False,False
778551,2025-03-27,2025,663616,L,543243,R,strikeout,True,False
778551,2025-03-27,2025,680777,R,543243,R,strikeout,True,False
778551,2025-03-27,2025,664034,R,543243,R,strikeout,True,False
778551,2025-03-27,2025,687363,L,641154,R,strikeout,True,False
778551,2025-03-27,2025,691026,R,641154,R,field_out,False,False
778551,2025-03-27,2025,663457,L,641154,R,field_out,False,False
778551,2025-03-27,2025,650489,L,543243,R,strikeout,True,False
778551,2025-03-27,2025,669304,R,543243,R,single,False,False
778551,2025-03-27,2025,664056,R,543243,R,home_run,False,False
778551,2025-03-27,2025,670242,L,543243,R,walk,False,True
778551,2025-03-27,2025,621043,R,543243,R,grounded_into_double_play,False,False
778551,2025-03-27,2025,575929,R,641154,R,field_out,False,False
778551,2025-03-27,2025,680977,L,641154,R,field_out,False,False
778551,2025-03-27,2025,571448,R,641154,R,field_out,False,False
778551,2025-03-27,2025,621439,R,681517,R,field_out,False,False
778551,2025-03-27,2025,663616,L,681517,R,walk,False,True
778551,2025-03-27,2025,680777,R,681517,R,single,False,False
778551,2025-03-27,2025,664034,R,681517,R,field_out,False,False
778551,2025-03-27,2025,650489,R,667463,L,double,False,False
778551,2025-03-27,2025,669304,R,667463,L,field_out,False,False
778551,2025-03-27,2025,676475,L,686973,R,field_out,False,False
778551,2025-03-27,2025,671056,R,686973,R,double,False,False
778551,2025-03-27,2025,691023,R,686973,R,field_out,False,False
778551,2025-03-27,2025,687363,L,686973,R,field_out,False,False
778551,2025-03-27,2025,664056,R,688297,R,field_out,False,False
778551,2025-03-27,2025,670242,L,688297,R,strikeout,True,False
778551,2025-03-27,2025,621043,R,688297,R,field_out,False,False
778551,2025-03-27,2025,691026,R,663485,R,strikeout,True,False
778551,2025-03-27,2025,663457,L,663485,R,field_out,False,False
778551,2025-03-27,2025,575929,R,663485,R,field_out,False,False
778551,2025-03-27,2025,621439,R,664208,R,strikeout,True,False
778551,2025-03-27,2025,663616,L,664208,R,single,False,False
778551,2025-03-28,2025,680777,R,664208,R,field_out,False,False
778551,2025-03-28,2025,664034,R,664208,R,field_out,False,False
778551,2025-03-28,2025,680977,L,643377,R,strikeout,True,False
778551,2025-03-28,2025,571448,R,643377,R,home_run,False,False
778551,2025-03-28,2025,676475,L,643377,R,field_out,False,False
778551,2025-03-28,2025,671056,R,643377,R,walk,False,True
778551,2025-03-28,2025,691023,R,623437,R,walk,False,True
778551,2025-03-28,2025,687363,L,623437,R,field_out,False,False
778551,2025-03-28,2025,650489,L,664854,R,strikeout,True,False
778551,2025-03-28,2025,669304,R,664854,R,strikeout,True,False
778551,2025-03-28,2025,664056,R,664854,R,double,False,False
778551,2025-03-28,2025,670242,L,664854,R,strikeout,True,False
778546,2025-03-27,2025,628451,R,605483,L,field_out,False,False
778546,2025-03-27,2025,650402,R,605483,L,field_out,False,False
778546,2025-03-27,2025,682985,L,605483,L,strikeout,True,False
778546,2025-03-27,2025,660271,L,669373,L,field_out,False,False
778546,2025-03-27,2025,605141,R,669373,L,field_out,False,False
778546,2025-03-27,2025,606192,R,669373,L,field_out,False,False
778546,2025-03-27,2025,679529,R,605483,L,walk,False,True
778546,2025-03-27,2025,622534,R,605483,L,single,False,False
778546,2025-03-27,2025,690993,L,605483,L,fielders_choice_out,False,False
778546,2025-03-27,2025,595879,R,605483,L,field_out,False,False
778546,2025-03-27,2025,668670,R,605483,L,field_out,False,False
778546,2025-03-27,2025,518692,L,669373,L,field_out,False,False
778546,2025-03-27,2025,669242,R,669373,L,home_run,False,False
778546,2025-03-27,2025,669257,R,669373,L,field_out,False,False
778546,2025-03-27,2025,571970,L,669373,L,field_out,False,False
778546,2025-03-27,2025,668952,R,605483,L,single,False,False
778546,2025-03-27,2025,628451,R,605483,L,field_out,False,False
778546,2025-03-27,2025,650402,R,605483,L,field_out,False,False
778546,2025-03-27,2025,682985,L,605483,L,field_out,False,False
778546,2025-03-27,2025,500743,R,669373,L,field_out,False,False
778546,2025-03-27,2025,681624,R,669373,L,field_out,False,False
778546,2025-03-27,2025,660271,L,669373,L,single,False,False
778546,2025-03-27,2025,605141,R,669373,L,single,False,False
778546,2025-03-27,2025,606192,R,669373,L,strikeout,True,False
778546,2025-03-27,2025,679529,R,605483,L,walk,False,True
778546,2025-03-27,2025,622534,R,605483,L,single,False,False
778546,2025-03-27,2025,690993,L,605483,L,field_out,False,False
778546,2025-03-28,2025,595879,R,605483,L,field_out,False,False
778546,2025-03-28,2025,668670,R,605483,L,walk,False,True
778546,2025-03-28,2025,668952,R,605483,L,strikeout,True,False
778546,2025-03-28,2025,518692,L,669373,L,field_out,False,False
778546,2025-03-28,2025,669242,R,669373,L,field_out,False,False
778546,2025-03-28,2025,669257,R,669373,L,single,False,False
778546,2025-03-28,2025,571970,L,669373,L,strikeout,True,False
778546,2025-03-28,2025,628451,R,605483,L,field_out,False,False
778546,2025-03-28,2025,650402,R,605483,L,single,False,False
778546,2025-03-28,2025,682985,L,605483,L,single,False,False
778546,2025-03-28,2025,679529,R,605483,L,walk,False,True
778546,2025-03-28,2025,622534,R,605483,L,sac_fly,False,False
778546,2025-03-28,2025,690993,L,605483,L,field_out,False,False
778546,2025-03-28,2025,500743,R,669373,L,field_out,False,False
778546,2025-03-28,2025,681624,R,669373,L,single,False,False
778546,2025-03-28,2025,660271,L,669373,L,force_out,False,False
778546,2025-03-28,2025,605141,R,669373,L,walk,False,True
778546,2025-03-28,2025,606192,R,669373,L,home_run,False,False
778546,2025-03-28,2025,518692,L,669373,L,field_out,False,False
778546,2025-03-28,2025,656716,L,676508,R,walk,False,True
778546,2025-03-28,2025,668670,R,676508,R,single,False,False
778546,2025-03-28,2025,681481,L,676508,R,field_out,False,False
778546,2025-03-28,2025,628451,R,676508,R,strikeout,True,False
778546,2025-03-28,2025,650402,R,676508,R,force_out,False,False
778546,2025-03-28,2025,669242,L,605154,R,field_out,False,False
778546,2025-03-28,2025,669257,R,605154,R,strikeout,True,False
778546,2025-03-28,2025,571970,L,605154,R,strikeout,True,False
778546,2025-03-28,2025,682985,L,681911,L,strikeout,True,False
778546,2025-03-28,2025,679529,R,681911,L,home_run,False,False
778546,2025-03-28,2025,622534,R,681911,L,strikeout,True,False
778546,2025-03-28,2025,690993,L,681911,L,strikeout,True,False
778546,2025-03-28,2025,500743,R,669724,R,field_out,False,False
778546,2025-03-28,2025,681624,R,669724,R,strikeout,True,False
778546,2025-03-28,2025,660271,L,669724,R,home_run,False,False
778546,2025-03-28,2025,605141,R,669724,R,field_out,False,False
778546,2025-03-28,2025,656716,L,656945,L,triple,False,False
778546,2025-03-28,2025,668670,R,656945,L,strikeout,True,False
778546,2025-03-28,2025,681481,L,656945,L,sac_fly,False,False
778546,2025-03-28,2025,628451,R,656945,L,field_out,False,False
778546,2025-03-28,2025,606192,R,689225,R,field_out,False,False
778546,2025-03-28,2025,518692,L,689225,R,field_out,False,False
778546,2025-03-28,2025,669242,L,689225,R,strikeout,True,False
778546,2025-03-28,2025,650402,R,595014,R,single,False,False
778546,2025-03-28,2025,682985,L,595014,R,strikeout,True,False
778546,2025-03-28,2025,679529,R,595014,R,walk,False,True
778546,2025-03-28,2025,700242,L,595014,R,strikeout,True,False
778546,2025-03-28,2025,690993,L,595014,R,field_out,False,False
778557,2025-03-27,2025,694192,R,607074,L,strikeout,True,False
778557,2025-03-27,2025,592885,L,607074,L,field_out,False,False
778557,2025-03-27,2025,661388,R,607074,L,field_out,False,False
778557,2025-03-27,2025,669224,L,642547,R,home_run,False,False
778557,2025-03-27,2025,592450,R,642547,R,field_out,False,False
778557,2025-03-27,2025,641355,L,642547,R,strikeout,True,False
778557,2025-03-27,2025,502671,R,642547,R,field_out,False,False
778557,2025-03-27,2025,656555,R,607074,L,field_out,False,False
778557,2025-03-27,2025,686217,L,607074,L,single,False,False
778557,2025-03-27,2025,687401,R,607074,L,force_out,False,False
778557,2025-03-27,2025,669003,L,607074,L,field_out,False,False
778557,2025-03-27,2025,665862,L,642547,R,strikeout,True,False
778557,2025-03-27,2025,691176,L,642547,R,field_out,False,False
778557,2025-03-27,2025,683011,R,642547,R,home_run,False,False
778557,2025-03-27,2025,700250,L,642547,R,strikeout,True,False
778557,2025-03-27,2025,681962,R,607074,L,home_run,False,False
778557,2025-03-27,2025,668930,L,607074,L,single,False,False
778557,2025-03-27,2025,694192,R,607074,L,strikeout,True,False
778557,2025-03-27,2025,592885,L,607074,L,field_out,False,False
778557,2025-03-27,2025,661388,R,607074,L,strikeout,True,False
778557,2025-03-27,2025,665828,L,642547,R,field_out,False,False
778557,2025-03-27,2025,669224,L,642547,R,strikeout,True,False
778557,2025-03-27,2025,592450,R,642547,R,strikeout,True,False
778557,2025-03-27,2025,656555,R,607074,L,strikeout,True,False
778557,2025-03-27,2025,686217,L,607074,L,single,False,False
778557,2025-03-27,2025,687401,R,607074,L,field_out,False,False
778557,2025-03-27,2025,669003,L,607074,L,field_out,False,False
778557,2025-03-27,2025,641355,L,642547,R,single,False,False
778557,2025-03-27,2025,502671,R,642547,R,strikeout,True,False
778557,2025-03-27,2025,665862,L,642547,R,field_out,False,False
778557,2025-03-27,2025,691176,L,642547,R,field_out,False,False
778557,2025-03-27,2025,681962,R,607074,L,strikeout,True,False
778557,2025-03-27,2025,668930,L,607074,L,strikeout,True,False
778557,2025-03-27,2025,694192,R,607074,L,strikeout,True,False
778557,2025-03-27,2025,683011,R,642547,R,strikeout,True,False
778557,2025-03-27,2025,700250,L,642547,R,single,False,False
778557,2025-03-27,2025,665828,L,642547,R,field_out,False,False
778557,2025-03-27,2025,669224,L,642547,R,walk,False,True
778557,2025-03-27,2025,592450,R,642547,R,strikeout,True,False
778557,2025-03-27,2025,592885,L,607074,L,walk,False,True
778557,2025-03-27,2025,661388,R,607074,L,force_out,False,False
778557,2025-03-27,2025,656555,R,607074,L,walk,False,True
778557,2025-03-27,2025,686217,L,657612,L,force_out,False,False
778557,2025-03-27,2025,687401,R,657612,L,single,False,False
778557,2025-03-27,2025,686555,R,657612,L,force_out,False,False
778557,2025-03-27,2025,641355,L,663542,L,walk,False,True
778557,2025-03-27,2025,502671,R,663542,L,strikeout,True,False
778557,2025-03-27,2025,665862,L,663542,L,walk,False,True
778557,2025-03-27,2025,691176,R,663542,L,field_out,False,False
778557,2025-03-27,2025,683011,R,663542,L,field_out,False,False
778557,2025-03-27,2025,681962,R,643410,R,field_out,False,False
778557,2025-03-27,2025,668930,L,643410,R,strikeout,True,False
778557,2025-03-27,2025,694192,R,643410,R,strikeout,True,False
778557,2025-03-27,2025,700250,L,657649,L,walk,False,True
778557,2025-03-27,2025,665828,R,657649,L,single,False,False
778557,2025-03-27,2025,669224,L,657649,L,field_out,False,False
778557,2025-03-27,2025,592450,R,657649,L,double,False,False
778557,2025-03-27,2025,641355,L,657649,L,sac_fly,False,False
778557,2025-03-27,2025,502671,R,606303,R,field_out,False,False
778557,2025-03-27,2025,592885,L,596133,R,strikeout,True,False
778557,2025-03-27,2025,661388,R,596133,R,field_out,False,False
778557,2025-03-27,2025,656555,R,596133,R,walk,False,True
778557,2025-03-27,2025,686217,L,596133,R,strikeout,True,False
778557,2025-03-27,2025,665862,L,641302,L,strikeout,True,False
778557,2025-03-27,2025,663757,L,641302,L,single,False,False
778557,2025-03-27,2025,683011,R,641302,L,field_out,False,False
778557,2025-03-27,2025,700250,L,641302,L,caught_stealing_2b,False,False
778557,2025-03-27,2025,687401,R,642207,R,single,False,False
778557,2025-03-27,2025,686555,L,642207,R,double,False,False
778557,2025-03-27,2025,641343,L,642207,R,walk,False,True
778557,2025-03-27,2025,668930,L,642207,R,sac_fly,False,False
778557,2025-03-27,2025,694192,R,642207,R,strikeout,True,False
778557,2025-03-27,2025,592885,L,642207,R,strikeout,True,False
778556,2025-03-27,2025,681297,L,621244,R,strikeout,True,False
778556,2025-03-27,2025,668939,L,621244,R,home_run,False,False
778556,2025-03-27,2025,676059,R,621244,R,single,False,False
778556,2025-03-27,2025,656811,L,621244,R,double_play,False,False
778556,2025-03-27,2025,666182,R,621107,R,field_out,False,False
778556,2025-03-27,2025,665489,R,621107,R,strikeout,True,False
778556,2025-03-27,2025,623993,L,621107,R,field_out,False,False
778556,2025-03-27,2025,641933,R,621244,R,walk,False,True
778556,2025-03-27,2025,663624,R,621244,R,double,False,False
778556,2025-03-27,2025,656775,L,621244,R,single,False,False
778556,2025-03-27,2025,602104,R,621244,R,field_out,False,False
778556,2025-03-27,2025,702616,L,621244,R,strikeout,True,False
778556,2025-03-27,2025,665926,L,621107,R,field_out,False,False
778556,2025-03-27,2025,672386,R,621107,R,field_out,False,False
778556,2025-03-27,2025,543807,R,621107,R,strikeout,True,False
778556,2025-03-27,2025,681297,L,621244,R,walk,False,True
778556,2025-03-27,2025,668939,L,621244,R,single,False,False
778556,2025-03-27,2025,676059,R,621244,R,strikeout,True,False
778556,2025-03-27,2025,656811,L,621244,R,field_out,False,False
778556,2025-03-27,2025,641933,R,621244,R,home_run,False,False
778556,2025-03-27,2025,663624,R,621244,R,field_out,False,False
778556,2025-03-27,2025,695238,L,621107,R,field_out,False,False
778556,2025-03-27,2025,676391,R,621107,R,field_out,False,False
778556,2025-03-27,2025,702176,L,621107,R,field_out,False,False
778556,2025-03-27,2025,656775,L,621244,R,home_run,False,False
778556,2025-03-27,2025,602104,R,621244,R,field_out,False,False
778556,2025-03-27,2025,702616,L,621244,R,field_out,False,False
778556,2025-03-27,2025,681297,L,621244,R,field_out,False,False
778556,2025-03-27,2025,666182,R,621107,R,field_out,False,False
778556,2025-03-27,2025,665489,R,621107,R,walk,False,True
778556,2025-03-27,2025,623993,L,621107,R,field_out,False,False
778556,2025-03-27,2025,665926,L,621107,R,home_run,False,False
778556,2025-03-27,2025,672386,R,621107,R,field_out,False,False
778556,2025-03-27,2025,668939,L,621244,R,strikeout,True,False
778556,2025-03-27,2025,676059,R,621244,R,field_out,False,False
778556,2025-03-27,2025,656811,L,621244,R,single,False,False
778556,2025-03-27,2025,641933,R,621244,R,single,False,False
778556,2025-03-27,2025,663624,R,621244,R,strikeout,True,False
778556,2025-03-27,2025,543807,R,621107,R,field_out,False,False
778556,2025-03-27,2025,695238,L,621107,R,field_out,False,False
778556,2025-03-27,2025,676391,R,621107,R,field_out,False,False
778556,2025-03-27,2025,656775,L,663992,L,field_out,False,False
778556,2025-03-27,2025,602104,R,663992,L,walk,False,True
778556,2025-03-27,2025,702616,L,663992,L,strikeout,True,False
778556,2025-03-27,2025,681297,L,663992,L,hit_by_pitch,False,False
778556,2025-03-27,2025,668939,L,606930,R,field_out,False,False
778556,2025-03-27,2025,702176,L,621107,R,single,False,False
778556,2025-03-27,2025,666182,R,621107,R,field_out,False,False
778556,2025-03-27,2025,665489,R,621107,R,field_out,False,False
778556,2025-03-27,2025,623993,L,621107,R,field_out,False,False
778556,2025-03-27,2025,676059,R,606930,R,walk,False,True
778556,2025-03-27,2025,656811,L,606930,R,field_out,False,False
778556,2025-03-27,2025,641933,R,606930,R,single,False,False
778556,2025-03-27,2025,663624,R,606930,R,force_out,False,False
778556,2025-03-27,2025,656775,L,643338,R,home_run,False,False
778556,2025-03-27,2025,602104,R,643338,R,strikeout,True,False
778556,2025-03-27,2025,665926,L,622554,R,walk,False,True
778556,2025-03-27,2025,672386,R,622554,R,grounded_into_double_play,False,False
778556,2025-03-27,2025,543807,R,622554,R,walk,False,True
778556,2025-03-27,2025,695238,L,622554,R,single,False,False
778556,2025-03-27,2025,676391,R,622554,R,field_out,False,False
778556,2025-03-27,2025,702616,L,684320,R,single,False,False
778556,2025-03-27,2025,681297,L,684320,R,field_out,False,False
778556,2025-03-27,2025,668939,L,684320,R,home_run,False,False
778556,2025-03-27,2025,676059,R,684320,R,home_run,False,False
778556,2025-03-27,2025,656811,L,684320,R,field_out,False,False
778556,2025-03-27,2025,641933,R,684320,R,walk,False,True
778556,2025-03-27,2025,663624,R,684320,R,strikeout,True,False
778556,2025-03-27,2025,702176,L,669211,L,walk,False,True
778556,2025-03-27,2025,666182,R,669211,L,grounded_into_double_play,False,False
778556,2025-03-27,2025,665489,R,669211,L,walk,False,True
778556,2025-03-27,2025,623993,R,669211,L,field_out,False,False
778556,2025-03-27,2025,656775,L,680704,R,field_out,False,False
778556,2025-03-27,2025,602104,R,680704,R,field_out,False,False
778556,2025-03-27,2025,702616,L,680704,R,field_out,False,False
778556,2025-03-27,2025,665926,L,641329,R,field_out,False,False
778556,2025-03-27,2025,672386,R,641329,R,single,False,False
778556,2025-03-27,2025,543807,R,641329,R,strikeout,True,False
778551,2025-03-27,2025,670242,L,543243,R,field_out,False,False
778551,2025-03-27,2025,621043,R,543243,R,strikeout,True,False
778551,2025-03-27,2025,621439,R,543243,R,field_out,False,False
778551,2025-03-27,2025,663457,L,641154,R,single,False,False
778551,2025-03-27,2025,575929,R,641154,R,strikeout,True,False
778551,2025-03-27,2025,680977,L,641154,R,single,False,False
778551,2025-03-27,2025,571448,R,641154,R,field_out,False,False
778551,2025-03-27,2025,676475,L,641154,R,single,False,False
778551,2025-03-27,2025,671056,R,641154,R,field_out,False,False
778551,2025-03-27,2025,663616,L,543243,R,single,False,False
778551,2025-03-27,2025,680777,R,543243,R,field_out,False,False
778551,2025-03-27,2025,664034,R,543243,R,single,False,False
778551,2025-03-27,2025,650489,L,543243,R,walk,False,True
778551,2025-03-27,2025,669304,R,543243,R,strikeout,True,False
778551,2025-03-27,2025,664056,R,543243,R,field_out,False,False
778551,2025-03-27,2025,691023,R,641154,R,single,False,False
778551,2025-03-27,2025,687363,L,641154,R,field_out,False,False
778551,2025-03-27,2025,691026,R,641154,R,field_out,False,False
778551,2025-03-27,2025,663457,L,641154,R,home_run,False,False
778551,2025-03-27,2025,575929,R,641154,R,strikeout,True,False
778551,2025-03-27,2025,670242,L,543243,R,field_out,False,False
778551,2025-03-27,2025,621043,R,543243,R,field_out,False,False
778551,2025-03-27,2025,621439,R,543243,R,field_out,False,False
778551,2025-03-27,2025,680977,L,641154,R,single,False,False
778551,2025-03-27,2025,571448,R,641154,R,single,False,False
778551,2025-03-27,2025,676475,L,641154,R,grounded_into_double_play,False,False
778551,2025-03-27,2025,671056,R,641154,R,single,False,False
778551,2025-03-27,2025,691023,R,641154,R,field_out,False,False
778551,2025-03-27,2025,663616,L,543243,R,strikeout,True,False
778551,2025-03-27,2025,680777,R,543243,R,strikeout,True,False
778551,2025-03-27,2025,664034,R,543243,R,strikeout,True,False
778551,2025-03-27,2025,687363,L,641154,R,strikeout,True,False
778551,2025-03-27,2025,691026,R,641154,R,field_out,False,False
778551,2025-03-27,2025,663457,L,641154,R,field_out,False,False
778551,2025-03-27,2025,650489,L,543243,R,strikeout,True,False
778551,2025-03-27,2025,669304,R,543243,R,single,False,False
778551,2025-03-27,2025,664056,R,543243,R,home_run,False,False
778551,2025-03-27,2025,670242,L,543243,R,walk,False,True
778551,2025-03-27,2025,621043,R,543243,R,grounded_into_double_play,False,False
778551,2025-03-27,2025,575929,R,641154,R,field_out,False,False
778551,2025-03-27,2025,680977,L,641154,R,field_out,False,False
778551,2025-03-27,2025,571448,R,641154,R,field_out,False,False
778551,2025-03-27,2025,621439,R,681517,R,field_out,False,False
778551,2025-03-27,2025,663616,L,681517,R,walk,False,True
778551,2025-03-27,2025,680777,R,681517,R,single,False,False
778551,2025-03-27,2025,664034,R,681517,R,field_out,False,False
778551,2025-03-27,2025,650489,R,667463,L,double,False,False
778551,2025-03-27,2025,669304,R,667463,L,field_out,False,False
778551,2025-03-27,2025,676475,L,686973,R,field_out,False,False
778551,2025-03-27,2025,671056,R,686973,R,double,False,False
778551,2025-03-27,2025,691023,R,686973,R,field_out,False,False
778551,2025-03-27,2025,687363,L,686973,R,field_out,False,False
778551,2025-03-27,2025,664056,R,688297,R,field_out,False,False
778551,2025-03-27,2025,670242,L,688297,R,strikeout,True,False
778551,2025-03-27,2025,621043,R,688297,R,field_out,False,False
778551,2025-03-27,2025,691026,R,663485,R,strikeout,True,False
778551,2025-03-27,2025,663457,L,663485,R,field_out,False,False
778551,2025-03-27,2025,575929,R,663485,R,field_out,False,False
778551,2025-03-27,2025,621439,R,664208,R,strikeout,True,False
778551,2025-03-27,2025,663616,L,664208,R,single,False,False
778551,2025-03-28,2025,680777,R,664208,R,field_out,False,False
778551,2025-03-28,2025,664034,R,664208,R,field_out,False,False
778551,2025-03-28,2025,680977,L,643377,R,strikeout,True,False
778551,2025-03-28,2025,571448,R,643377,R,home_run,False,False
778551,2025-03-28,2025,676475,L,643377,R,field_out,False,False
778551,2025-03-28,2025,671056,R,643377,R,walk,False,True
778551,2025-03-28,2025,691023,R,623437,R,walk,False,True
778551,2025-03-28,2025,687363,L,623437,R,field_out,False,False
778551,2025-03-28,2025,650489,L,664854,R,strikeout,True,False
778551,2025-03-28,2025,669304,R,664854,R,strikeout,True,False
778551,2025-03-28,2025,664056,R,664854,R,double,False,False
778551,2025-03-28,2025,670242,L,664854,R,strikeout,True,False
778562,2025-03-27,2025,502054,R,645261,R,strikeout,True,False
778562,2025-03-27,2025,668804,L,645261,R,field_out,False,False
778562,2025-03-27,2025,665833,L,645261,R,field_out,False,False
778562,2025-03-27,2025,669364,L,694973,R,strikeout,True,False
778562,2025-03-27,2025,669065,L,694973,R,strikeout,True,False
778562,2025-03-27,2025,681146,R,694973,R,field_out,False,False
778562,2025-03-27,2025,663698,R,645261,R,field_out,False,False
778562,2025-03-27,2025,457705,R,645261,R,field_out,False,False
778562,2025-03-27,2025,693304,R,645261,R,strikeout,True,False
778562,2025-03-27,2025,670223,L,694973,R,field_out,False,False
778562,2025-03-27,2025,672640,R,694973,R,strikeout,True,False
778562,2025-03-27,2025,665052,L,694973,R,strikeout,True,False
778562,2025-03-27,2025,682848,L,645261,R,walk,False,True
778562,2025-03-27,2025,663647,R,645261,R,strikeout,True,False
778562,2025-03-27,2025,643396,R,645261,R,strikeout,True,False
778562,2025-03-27,2025,502054,R,645261,R,strikeout,True,False
778562,2025-03-27,2025,656537,R,694973,R,double,False,False
778562,2025-03-27,2025,688363,L,694973,R,single,False,False
778562,2025-03-27,2025,663743,R,694973,R,force_out,False,False
778562,2025-03-27,2025,669364,L,694973,R,force_out,False,False
778562,2025-03-27,2025,669065,L,694973,R,strikeout,True,False
778562,2025-03-27,2025,668804,L,645261,R,field_out,False,False
778562,2025-03-27,2025,665833,L,645261,R,walk,False,True
778562,2025-03-27,2025,663698,R,645261,R,field_out,False,False
778562,2025-03-27,2025,457705,R,645261,R,field_out,False,False
778562,2025-03-27,2025,681146,R,694973,R,single,False,False
778562,2025-03-27,2025,670223,L,694973,R,strikeout,True,False
778562,2025-03-27,2025,672640,R,694973,R,grounded_into_double_play,False,False
778562,2025-03-27,2025,693304,R,645261,R,strikeout,True,False
778562,2025-03-27,2025,682848,L,645261,R,strikeout,True,False
778562,2025-03-27,2025,663647,R,645261,R,single,False,False
778562,2025-03-27,2025,643396,R,645261,R,walk,False,True
778562,2025-03-27,2025,502054,R,645261,R,walk,False,True
778562,2025-03-27,2025,668804,L,645261,R,single,False,False
778562,2025-03-27,2025,665833,L,669199,R,strikeout,True,False
778562,2025-03-27,2025,665052,L,694973,R,field_error,False,False
778562,2025-03-27,2025,656537,R,694973,R,field_out,False,False
778562,2025-03-27,2025,688363,L,694973,R,double_play,False,False
778562,2025-03-27,2025,663698,R,669199,R,hit_by_pitch,False,False
778562,2025-03-27,2025,457705,R,669199,R,field_out,False,False
778562,2025-03-27,2025,693304,R,669199,R,home_run,False,False
778562,2025-03-27,2025,682848,L,669199,R,strikeout,True,False
778562,2025-03-27,2025,663647,R,669199,R,field_out,False,False
778562,2025-03-27,2025,663743,R,694973,R,strikeout,True,False
778562,2025-03-27,2025,669364,L,694973,R,walk,False,True
778562,2025-03-27,2025,669065,L,694973,R,walk,False,True
778562,2025-03-27,2025,681146,R,642701,R,walk,False,True
778562,2025-03-27,2025,670223,L,642701,R,strikeout,True,False
778562,2025-03-27,2025,672640,R,642701,R,walk,False,True
778562,2025-03-27,2025,667472,R,621366,L,strikeout,True,False
778562,2025-03-27,2025,643396,R,666277,R,walk,False,True
778562,2025-03-27,2025,502054,R,666277,R,hit_by_pitch,False,False
778562,2025-03-27,2025,668804,L,666277,R,field_out,False,False
778562,2025-03-27,2025,665833,L,666277,R,field_out,False,False
778562,2025-03-27,2025,663698,R,666277,R,field_out,False,False
778562,2025-03-27,2025,656537,R,657571,L,field_out,False,False
778562,2025-03-27,2025,688363,L,657571,L,strikeout,True,False
778562,2025-03-27,2025,663743,R,657571,L,hit_by_pitch,False,False
778562,2025-03-27,2025,669364,R,657571,L,field_out,False,False
778562,2025-03-27,2025,457705,R,666277,R,field_out,False,False
778562,2025-03-27,2025,624428,L,666277,R,walk,False,True
778562,2025-03-27,2025,682848,L,666277,R,strikeout,True,False
778562,2025-03-27,2025,663647,R,666277,R,field_out,False,False
778562,2025-03-27,2025,669065,L,670059,R,walk,False,True
778562,2025-03-27,2025,681146,R,670059,R,field_out,False,False
778562,2025-03-27,2025,670223,L,670059,R,strikeout,True,False
778562,2025-03-27,2025,672640,R,670059,R,single,False,False
778562,2025-03-27,2025,667472,R,670059,R,single,False,False
778562,2025-03-27,2025,656537,R,670059,R,walk,False,True
778562,2025-03-27,2025,688363,L,670059,R,force_out,False,False
778562,2025-03-27,2025,643396,R,622786,R,field_out,False,False
778562,2025-03-27,2025,502054,R,622786,R,double,False,False
778562,2025-03-27,2025,668804,L,622786,R,walk,False,True
778562,2025-03-27,2025,665833,L,622786,R,field_out,False,False
778562,2025-03-27,2025,663698,R,622786,R,strikeout,True,False
778562,2025-03-27,2025,663743,R,670280,R,triple,False,False
778562,2025-03-27,2025,669364,L,670280,R,intent_walk,False,True
778562,2025-03-27,2025,669065,L,670280,R,single,False,False
778554,2025-03-27,2025,621493,R,680732,R,double,False,False
778554,2025-03-27,2025,694384,L,680732,R,field_out,False,False
778554,2025-03-27,2025,545361,R,680732,R,hit_by_pitch,False,False
778554,2025-03-27,2025,624585,R,680732,R,strikeout,True,False
778554,2025-03-27,2025,641313,R,680732,R,strikeout,True,False
778554,2025-03-27,2025,678246,R,579328,L,strikeout,True,False
778554,2025-03-27,2025,673357,R,579328,L,double,False,False
778554,2025-03-27,2025,643217,L,579328,L,strikeout,True,False
778554,2025-03-27,2025,683734,R,579328,L,field_out,False,False
778554,2025-03-27,2025,650859,L,680732,R,field_out,False,False
778554,2025-03-27,2025,681351,R,680732,R,single,False,False
778554,2025-03-27,2025,666176,R,680732,R,single,False,False
778554,2025-03-27,2025,621028,R,680732,R,field_out,False,False
778554,2025-03-27,2025,621493,R,680732,R,field_out,False,False
778554,2025-03-27,2025,596103,R,579328,L,home_run,False,False
778554,2025-03-27,2025,672820,R,579328,L,field_out,False,False
778554,2025-03-27,2025,686676,R,579328,L,single,False,False
778554,2025-03-27,2025,676070,R,579328,L,single,False,False
778554,2025-03-27,2025,572191,R,579328,L,field_out,False,False
778554,2025-03-27,2025,678246,R,579328,L,double,False,False
778554,2025-03-27,2025,673357,R,579328,L,field_out,False,False
778554,2025-03-27,2025,694384,L,680732,R,field_out,False,False
778554,2025-03-27,2025,545361,R,680732,R,field_out,False,False
778554,2025-03-27,2025,624585,R,680732,R,field_out,False,False
778554,2025-03-27,2025,643217,L,579328,L,strikeout,True,False
778554,2025-03-27,2025,683734,R,579328,L,field_out,False,False
778554,2025-03-27,2025,596103,R,579328,L,field_out,False,False
778554,2025-03-27,2025,641313,R,680732,R,field_out,False,False
778554,2025-03-27,2025,650859,L,680732,R,field_out,False,False
778554,2025-03-27,2025,681351,R,680732,R,field_out,False,False
778554,2025-03-27,2025,672820,R,579328,L,field_out,False,False
778554,2025-03-27,2025,686676,R,579328,L,field_out,False,False
778554,2025-03-27,2025,676070,R,579328,L,strikeout,True,False
778554,2025-03-27,2025,666176,R,680732,R,strikeout,True,False
778554,2025-03-27,2025,621028,R,680732,R,field_out,False,False
778554,2025-03-27,2025,621493,R,680732,R,field_out,False,False
778554,2025-03-27,2025,572191,R,579328,L,field_out,False,False
778554,2025-03-27,2025,678246,R,579328,L,field_out,False,False
778554,2025-03-27,2025,673357,R,579328,L,strikeout,True,False
778554,2025-03-27,2025,694384,L,680732,R,field_out,False,False
778554,2025-03-27,2025,545361,R,680732,R,field_out,False,False
778554,2025-03-27,2025,624585,R,680732,R,field_out,False,False
778554,2025-03-27,2025,643217,L,579328,L,field_out,False,False
778554,2025-03-27,2025,683734,R,579328,L,field_out,False,False
778554,2025-03-27,2025,596103,R,579328,L,field_out,False,False
778554,2025-03-27,2025,641313,R,682171,R,strikeout,True,False
778554,2025-03-27,2025,650859,L,682171,R,strikeout,True,False
778554,2025-03-27,2025,681351,R,682171,R,strikeout,True,False
778554,2025-03-27,2025,672820,R,696270,R,field_out,False,False
778554,2025-03-27,2025,686676,R,696270,R,strikeout,True,False
778554,2025-03-27,2025,676070,R,696270,R,field_out,False,False
778554,2025-03-27,2025,666176,R,673929,R,field_out,False,False
778554,2025-03-27,2025,660162,L,673929,R,walk,False,True
778554,2025-03-27,2025,621493,R,673929,R,field_out,False,False
778554,2025-03-27,2025,694384,L,673929,R,single,False,False
778554,2025-03-27,2025,545361,R,605182,R,walk,False,True
778554,2025-03-27,2025,624585,R,605182,R,strikeout,True,False
778554,2025-03-27,2025,572191,R,696270,R,single,False,False
778554,2025-03-27,2025,678246,R,696270,R,single,False,False
778554,2025-03-27,2025,673357,R,696270,R,field_out,False,False
778554,2025-03-27,2025,643217,L,696270,R,home_run,False,False
778554,2025-03-27,2025,683734,R,696270,R,field_out,False,False
778554,2025-03-27,2025,665155,L,696270,R,walk,False,True
778554,2025-03-27,2025,672820,R,696270,R,home_run,False,False
778554,2025-03-27,2025,686676,R,670032,R,walk,False,True
778554,2025-03-27,2025,676070,R,670032,R,field_out,False,False
778554,2025-03-27,2025,641313,R,592155,L,strikeout,True,False
778554,2025-03-27,2025,650859,R,592155,L,strikeout,True,False
778554,2025-03-27,2025,681351,R,592155,L,home_run,False,False
778554,2025-03-27,2025,677347,R,592155,L,strikeout,True,False
778545,2025-03-27,2025,595777,L,650633,R,single,False,False
778545,2025-03-27,2025,663586,R,650633,R,field_out,False,False
778545,2025-03-27,2025,621566,L,650633,R,walk,False,True
778545,2025-03-27,2025,542303,R,650633,R,walk,False,True
778545,2025-03-27,2025,645277,L,650633,R,force_out,False,False
778545,2025-03-27,2025,671739,L,650633,R,field_out,False,False
778545,2025-03-27,2025,665487,R,519242,L,single,False,False
778545,2025-03-27,2025,650333,L,519242,L,field_out,False,False
778545,2025-03-27,2025,592518,R,519242,L,walk,False,True
778545,2025-03-27,2025,593428,R,519242,L,field_out,False,False
778545,2025-03-27,2025,701538,L,519242,L,single,False,False
778545,2025-03-27,2025,493329,R,519242,L,field_out,False,False
778545,2025-03-27,2025,686948,L,650633,R,strikeout,True,False
778545,2025-03-27,2025,606115,R,650633,R,single,False,False
778545,2025-03-27,2025,672284,L,650633,R,force_out,False,False
778545,2025-03-27,2025,595777,L,650633,R,strikeout,True,False
778545,2025-03-27,2025,630105,L,519242,L,field_out,False,False
778545,2025-03-27,2025,663604,R,519242,L,strikeout,True,False
778545,2025-03-27,2025,553869,R,519242,L,single,False,False
778545,2025-03-27,2025,665487,R,519242,L,strikeout,True,False
778545,2025-03-27,2025,663586,R,650633,R,strikeout,True,False
778545,2025-03-27,2025,621566,L,650633,R,field_out,False,False
778545,2025-03-27,2025,542303,R,650633,R,walk,False,True
778545,2025-03-27,2025,645277,L,650633,R,home_run,False,False
778545,2025-03-27,2025,671739,L,650633,R,single,False,False
778545,2025-03-27,2025,686948,L,650633,R,walk,False,True
778545,2025-03-27,2025,606115,R,689690,R,strikeout,True,False
778545,2025-03-27,2025,650333,L,519242,L,field_out,False,False
778545,2025-03-27,2025,592518,R,519242,L,double,False,False
778545,2025-03-27,2025,593428,R,519242,L,single,False,False
778545,2025-03-27,2025,701538,L,519242,L,field_out,False,False
778545,2025-03-27,2025,493329,R,519242,L,strikeout,True,False
778545,2025-03-27,2025,672284,L,689690,R,field_out,False,False
778545,2025-03-27,2025,595777,L,689690,R,field_out,False,False
778545,2025-03-27,2025,663586,R,689690,R,home_run,False,False
778545,2025-03-27,2025,621566,L,689690,R,single,False,False
778545,2025-03-27,2025,542303,R,689690,R,single,False,False
778545,2025-03-27,2025,645277,R,673513,L,field_out,False,False
778545,2025-03-27,2025,630105,L,519242,L,strikeout,True,False
778545,2025-03-27,2025,663604,R,519242,L,field_out,False,False
778545,2025-03-27,2025,553869,R,519242,L,strikeout,True,False
778545,2025-03-27,2025,671739,L,673513,L,strikeout,True,False
778545,2025-03-27,2025,686948,L,673513,L,field_out,False,False
778545,2025-03-27,2025,606115,R,673513,L,strikeout,True,False
778545,2025-03-27,2025,665487,R,519242,L,single,False,False
778545,2025-03-27,2025,650333,L,519242,L,sac_bunt,False,False
778545,2025-03-27,2025,592518,R,519242,L,strikeout,True,False
778545,2025-03-27,2025,593428,R,519242,L,strikeout,True,False
778545,2025-03-27,2025,672284,L,673513,L,field_out,False,False
778545,2025-03-27,2025,595777,L,669093,R,strikeout,True,False
778545,2025-03-27,2025,663586,R,669093,R,field_out,False,False
778545,2025-03-27,2025,701538,L,669276,L,field_out,False,False
778545,2025-03-27,2025,493329,R,669276,L,field_out,False,False
778545,2025-03-27,2025,630105,L,669276,L,field_out,False,False
778545,2025-03-27,2025,621566,L,669093,R,walk,False,True
778545,2025-03-27,2025,542303,R,669093,R,field_out,False,False
778545,2025-03-27,2025,645277,L,669093,R,field_out,False,False
778545,2025-03-27,2025,671739,L,593974,L,force_out,False,False
778545,2025-03-27,2025,657757,L,593576,R,home_run,False,False
778545,2025-03-27,2025,553869,R,593576,R,single,False,False
778545,2025-03-27,2025,665487,R,593576,R,single,False,False
778545,2025-03-27,2025,650333,L,607481,L,sac_fly,False,False
778545,2025-03-27,2025,592518,R,607481,L,double,False,False
778545,2025-03-27,2025,593428,R,607481,L,intent_walk,False,True
778545,2025-03-27,2025,701538,L,607481,L,sac_fly,False,False
778545,2025-03-27,2025,493329,R,607481,L,field_out,False,False
778545,2025-03-27,2025,686948,L,592094,R,field_out,False,False
778545,2025-03-27,2025,606115,R,592094,R,field_out,False,False
778545,2025-03-27,2025,672284,L,592094,R,strikeout,True,False
778545,2025-03-27,2025,630105,L,656550,R,strikeout,True,False
778545,2025-03-27,2025,455117,R,656550,R,strikeout,True,False
778545,2025-03-27,2025,518792,L,656550,R,field_out,False,False
778545,2025-03-27,2025,595777,L,663158,R,strikeout,True,False
778545,2025-03-27,2025,663586,R,663158,R,field_error,False,False
778545,2025-03-27,2025,621566,L,663158,R,walk,False,True
778545,2025-03-27,2025,542303,R,663158,R,strikeout,True,False
778545,2025-03-27,2025,645277,L,663158,R,field_out,False,False
778561,2025-03-27,2025,664774,L,668881,R,field_out,False,False
778561,2025-03-27,2025,642715,R,668881,R,strikeout,True,False
778561,2025-03-27,2025,808982,L,668881,R,strikeout,True,False
778561,2025-03-27,2025,670770,L,657277,R,strikeout,True,False
778561,2025-03-27,2025,680574,R,657277,R,strikeout,True,False
778561,2025-03-27,2025,682829,L,657277,R,walk,False,True
778561,2025-03-27,2025,666158,L,657277,R,walk,False,True
778561,2025-03-27,2025,600869,L,657277,R,single,False,False
778561,2025-03-27,2025,668715,R,657277,R,strikeout,True,False
778561,2025-03-27,2025,656305,R,668881,R,strikeout,True,False
778561,2025-03-27,2025,671218,R,668881,R,strikeout,True,False
778561,2025-03-27,2025,672275,L,668881,R,strikeout,True,False
778561,2025-03-27,2025,687952,R,657277,R,field_out,False,False
778561,2025-03-27,2025,641584,L,657277,R,field_out,False,False
778561,2025-03-27,2025,624431,R,657277,R,field_out,False,False
778561,2025-03-27,2025,527038,R,668881,R,field_out,False,False
778561,2025-03-27,2025,573262,L,668881,R,single,False,False
778561,2025-03-27,2025,666149,R,668881,R,strikeout,True,False
778561,2025-03-27,2025,664774,L,668881,R,strikeout,True,False
778561,2025-03-27,2025,670770,L,657277,R,single,False,False
778561,2025-03-27,2025,680574,R,657277,R,field_out,False,False
778561,2025-03-27,2025,682829,L,657277,R,single,False,False
778561,2025-03-27,2025,666158,L,657277,R,single,False,False
778561,2025-03-27,2025,600869,L,657277,R,single,False,False
778561,2025-03-27,2025,668715,R,657277,R,strikeout,True,False
778561,2025-03-27,2025,642715,R,668881,R,field_out,False,False
778561,2025-03-27,2025,808982,L,668881,R,walk,False,True
778561,2025-03-27,2025,656305,R,668881,R,field_out,False,False
778561,2025-03-27,2025,671218,R,668881,R,home_run,False,False
778561,2025-03-27,2025,672275,L,668881,R,strikeout,True,False
778561,2025-03-27,2025,687952,R,657277,R,single,False,False
778561,2025-03-27,2025,641584,L,657277,R,field_out,False,False
778561,2025-03-27,2025,624431,R,657277,R,walk,False,True
778561,2025-03-27,2025,670770,L,657277,R,grounded_into_double_play,False,False
778561,2025-03-27,2025,527038,R,668881,R,field_out,False,False
778561,2025-03-27,2025,573262,L,668881,R,single,False,False
778561,2025-03-27,2025,666149,R,668881,R,field_out,False,False
778561,2025-03-27,2025,664774,L,668881,R,field_out,False,False
778561,2025-03-27,2025,680574,R,657277,R,field_out,False,False
778561,2025-03-27,2025,682829,L,657277,R,strikeout,True,False
778561,2025-03-27,2025,666158,L,657277,R,field_out,False,False
778561,2025-03-27,2025,642715,R,605130,R,strikeout,True,False
778561,2025-03-27,2025,808982,L,605130,R,strikeout,True,False
778561,2025-03-27,2025,656305,R,605130,R,field_out,False,False
778561,2025-03-27,2025,600869,L,678495,R,strikeout,True,False
778561,2025-03-27,2025,668715,R,678495,R,strikeout,True,False
778561,2025-03-27,2025,687952,R,678495,R,double,False,False
778561,2025-03-27,2025,641584,L,678495,R,field_out,False,False
778561,2025-03-27,2025,671218,R,641941,R,strikeout,True,False
778561,2025-03-27,2025,672275,L,641941,R,field_out,False,False
778561,2025-03-27,2025,527038,R,641941,R,strikeout,True,False
778561,2025-03-27,2025,624431,R,669062,L,field_out,False,False
778561,2025-03-27,2025,670770,L,669062,L,field_out,False,False
778561,2025-03-27,2025,680574,R,669062,L,strikeout,True,False
778561,2025-03-27,2025,573262,L,663574,R,strikeout,True,False
778561,2025-03-27,2025,666149,R,663574,R,strikeout,True,False
778561,2025-03-27,2025,664774,L,663574,R,field_out,False,False
778561,2025-03-27,2025,682829,L,643511,R,field_out,False,False
778561,2025-03-27,2025,666158,L,643511,R,field_out,False,False
778561,2025-03-27,2025,600869,L,643511,R,walk,False,True
778561,2025-03-27,2025,668715,R,643511,R,field_out,False,False
778561,2025-03-27,2025,642715,R,664139,R,strikeout,True,False
778561,2025-03-27,2025,808982,L,664139,R,walk,False,True
778561,2025-03-27,2025,656305,R,664139,R,single,False,False
778561,2025-03-27,2025,671218,R,664139,R,strikeout,True,False
778561,2025-03-27,2025,672275,L,664139,R,single,False,False
778561,2025-03-27,2025,527038,R,664139,R,home_run,False,False
778561,2025-03-27,2025,573262,L,594580,L,strikeout,True,False
778561,2025-03-27,2025,687952,R,676254,R,field_out,False,False
778561,2025-03-27,2025,641584,L,676254,R,field_out,False,False
778561,2025-03-27,2025,674441,L,676254,R,hit_by_pitch,False,False
778561,2025-03-27,2025,670770,L,676254,R,single,False,False
778561,2025-03-27,2025,680574,R,676254,R,field_out,False,False
778559,2025-03-27,2025,596019,R,664285,L,field_out,False,False
778559,2025-03-27,2025,665742,L,664285,L,single,False,False
778559,2025-03-27,2025,624413,R,664285,L,walk,False,True
778559,2025-03-27,2025,668901,R,664285,L,field_out,False,False
778559,2025-03-27,2025,607043,L,664285,L,field_out,False,False
778559,2025-03-27,2025,514888,R,605280,R,strikeout,True,False
778559,2025-03-27,2025,670623,R,605280,R,field_out,False,False
778559,2025-03-27,2025,670541,L,605280,R,walk,False,True
778559,2025-03-27,2025,572233,R,605280,R,field_out,False,False
778559,2025-03-27,2025,516782,R,664285,L,hit_by_pitch,False,False
778559,2025-03-27,2025,621438,R,664285,L,field_out,False,False
778559,2025-03-27,2025,682668,R,664285,L,field_out,False,False
778559,2025-03-27,2025,620443,R,664285,L,field_out,False,False
778559,2025-03-27,2025,673237,R,605280,R,field_out,False,False
778559,2025-03-27,2025,665161,R,605280,R,hit_by_pitch,False,False
778559,2025-03-27,2025,701358,R,605280,R,single,False,False
778559,2025-03-27,2025,663898,R,605280,R,walk,False,True
778559,2025-03-27,2025,676694,R,605280,R,force_out,False,False
778559,2025-03-27,2025,514888,R,605280,R,strikeout,True,False
778559,2025-03-27,2025,596019,R,664285,L,strikeout,True,False
778559,2025-03-27,2025,665742,L,664285,L,walk,False,True
778559,2025-03-27,2025,624413,R,664285,L,force_out,False,False
778559,2025-03-27,2025,668901,R,664285,L,field_out,False,False
778559,2025-03-27,2025,670623,R,605280,R,walk,False,True
778559,2025-03-27,2025,670541,L,605280,R,strikeout,True,False
778559,2025-03-27,2025,572233,R,605280,R,single,False,False
778559,2025-03-27,2025,673237,R,605280,R,single,False,False
778559,2025-03-27,2025,665161,R,605280,R,force_out,False,False
778559,2025-03-27,2025,701358,R,605280,R,field_out,False,False
778559,2025-03-27,2025,607043,L,664285,L,strikeout,True,False
778559,2025-03-27,2025,516782,R,664285,L,field_out,False,False
778559,2025-03-27,2025,621438,R,664285,L,field_out,False,False
778559,2025-03-27,2025,663898,R,605280,R,strikeout,True,False
778559,2025-03-27,2025,676694,R,605280,R,single,False,False
778559,2025-03-27,2025,514888,R,605280,R,single,False,False
778559,2025-03-27,2025,670623,R,605280,R,grounded_into_double_play,False,False
778559,2025-03-27,2025,682668,R,664285,L,field_out,False,False
778559,2025-03-27,2025,620443,R,664285,L,double,False,False
778559,2025-03-27,2025,596019,R,664285,L,field_out,False,False
778559,2025-03-27,2025,665742,L,664285,L,other_out,False,False
778559,2025-03-27,2025,670541,L,605280,R,field_out,False,False
778559,2025-03-27,2025,572233,R,605280,R,field_out,False,False
778559,2025-03-27,2025,673237,R,605280,R,walk,False,True
778559,2025-03-27,2025,665161,R,623211,R,field_out,False,False
778559,2025-03-27,2025,665742,L,664285,L,field_out,False,False
778559,2025-03-27,2025,624413,R,664285,L,single,False,False
778559,2025-03-27,2025,668901,R,664285,L,grounded_into_double_play,False,False
778559,2025-03-27,2025,701358,R,623211,R,field_out,False,False
778559,2025-03-27,2025,663898,R,623211,R,field_out,False,False
778559,2025-03-27,2025,676694,R,623211,R,single,False,False
778559,2025-03-27,2025,514888,R,623211,R,strikeout,True,False
778559,2025-03-27,2025,607043,L,664285,L,single,False,False
778559,2025-03-27,2025,516782,R,664285,L,strikeout,True,False
778559,2025-03-27,2025,621438,R,664285,L,field_out,False,False
778559,2025-03-27,2025,682668,R,664285,L,strikeout,True,False
778559,2025-03-27,2025,670623,R,623211,R,strikeout,True,False
778559,2025-03-27,2025,670541,L,623211,R,walk,False,True
778559,2025-03-27,2025,572233,R,623211,R,force_out,False,False
778559,2025-03-27,2025,673237,R,623211,R,field_out,False,False
778559,2025-03-27,2025,608385,L,650556,R,field_out,False,False
778559,2025-03-27,2025,596019,L,650556,R,strikeout,True,False
778559,2025-03-27,2025,665742,L,650556,R,walk,False,True
778559,2025-03-27,2025,624413,R,650556,R,walk,False,True
778559,2025-03-27,2025,668901,R,650556,R,walk,False,True
778559,2025-03-27,2025,607043,L,650556,R,field_out,False,False
778559,2025-03-27,2025,665161,R,664849,L,single,False,False
778559,2025-03-27,2025,676801,R,664849,L,sac_bunt,False,False
778559,2025-03-27,2025,663898,R,664849,L,strikeout,True,False
778559,2025-03-27,2025,676694,R,664849,L,field_out,False,False
778559,2025-03-27,2025,516782,R,623352,L,single,False,False
778559,2025-03-27,2025,621438,R,623352,L,single,False,False
778559,2025-03-27,2025,682668,R,623352,L,walk,False,True
778559,2025-03-27,2025,663584,R,623352,L,strikeout,True,False
778559,2025-03-27,2025,596019,R,623352,L,sac_fly,False,False
778559,2025-03-27,2025,665742,L,623352,L,strikeout,True,False
778558,2025-03-27,2025,680757,L,666142,L,single,False,False
778558,2025-03-27,2025,608070,R,666142,L,field_out,False,False
778558,2025-03-27,2025,657041,R,666142,L,single,False,False
778558,2025-03-27,2025,467793,R,666142,L,field_out,False,False
778558,2025-03-27,2025,700932,L,666142,L,walk,False,True
778558,2025-03-27,2025,678877,R,666142,L,strikeout,True,False
778558,2025-03-27,2025,663697,R,594902,R,field_out,False,False
778558,2025-03-27,2025,677951,R,594902,R,strikeout,True,False
778558,2025-03-27,2025,686469,L,594902,R,field_out,False,False
778558,2025-03-27,2025,666310,L,666142,L,field_out,False,False
778558,2025-03-27,2025,672356,R,666142,L,strikeout,True,False
778558,2025-03-27,2025,677587,R,666142,L,field_out,False,False
778558,2025-03-27,2025,521692,R,594902,R,field_out,False,False
778558,2025-03-27,2025,686681,L,594902,R,single,False,False
778558,2025-03-27,2025,592669,R,594902,R,field_out,False,False
778558,2025-03-27,2025,669004,L,594902,R,strikeout,True,False
778558,2025-03-27,2025,680757,L,666142,L,field_out,False,False
778558,2025-03-27,2025,608070,R,666142,L,field_out,False,False
778558,2025-03-27,2025,657041,R,666142,L,field_out,False,False
778558,2025-03-27,2025,624415,L,594902,R,field_out,False,False
778558,2025-03-27,2025,664728,L,594902,R,double,False,False
778558,2025-03-27,2025,663697,R,594902,R,field_out,False,False
778558,2025-03-27,2025,677951,R,594902,R,single,False,False
778558,2025-03-27,2025,686469,L,594902,R,home_run,False,False
778558,2025-03-27,2025,521692,R,594902,R,strikeout,True,False
778558,2025-03-27,2025,467793,R,666142,L,strikeout,True,False
778558,2025-03-27,2025,700932,L,666142,L,triple,False,False
778558,2025-03-27,2025,678877,R,666142,L,sac_fly,False,False
778558,2025-03-27,2025,666310,L,666142,L,field_out,False,False
778558,2025-03-27,2025,686681,L,594902,R,field_out,False,False
778558,2025-03-27,2025,592669,R,594902,R,field_out,False,False
778558,2025-03-27,2025,669004,L,594902,R,field_out,False,False
778558,2025-03-27,2025,672356,R,666142,L,double,False,False
778558,2025-03-27,2025,677587,R,666142,L,walk,False,True
778558,2025-03-27,2025,680757,L,666142,L,sac_bunt,False,False
778558,2025-03-27,2025,608070,R,666142,L,sac_fly,False,False
778558,2025-03-27,2025,657041,R,666142,L,field_out,False,False
778558,2025-03-27,2025,624415,L,594902,R,field_out,False,False
778558,2025-03-27,2025,664728,L,594902,R,field_out,False,False
778558,2025-03-27,2025,663697,R,594902,R,field_out,False,False
778558,2025-03-27,2025,467793,R,666142,L,single,False,False
778558,2025-03-27,2025,700932,L,672582,L,home_run,False,False
778558,2025-03-27,2025,678877,R,672582,L,single,False,False
778558,2025-03-27,2025,666310,L,672582,L,single,False,False
778558,2025-03-27,2025,672356,R,672582,L,grounded_into_double_play,False,False
778558,2025-03-27,2025,677587,R,672582,L,field_out,False,False
778558,2025-03-27,2025,677951,R,671922,R,strikeout,True,False
778558,2025-03-27,2025,686469,L,671922,R,field_out,False,False
778558,2025-03-27,2025,521692,R,671922,R,strikeout,True,False
778558,2025-03-27,2025,680757,L,672582,L,field_out,False,False
778558,2025-03-27,2025,608070,L,668674,R,field_out,False,False
778558,2025-03-27,2025,657041,R,668674,R,field_out,False,False
778558,2025-03-27,2025,686681,L,682120,L,field_out,False,False
778558,2025-03-27,2025,592669,R,682120,L,strikeout,True,False
778558,2025-03-27,2025,672580,R,682120,L,strikeout,True,False
778558,2025-03-27,2025,467793,L,640451,R,field_out,False,False
778558,2025-03-27,2025,700932,L,640451,R,strikeout,True,False
778558,2025-03-27,2025,678877,R,640451,R,field_out,False,False
778558,2025-03-27,2025,624415,L,683769,R,walk,False,True
778558,2025-03-27,2025,664728,L,683769,R,sac_bunt,False,False
778558,2025-03-27,2025,663697,R,683769,R,double_play,False,False
778558,2025-03-27,2025,677951,R,683769,R,strikeout,True,False
778558,2025-03-27,2025,666310,L,608032,R,strikeout,True,False
778558,2025-03-27,2025,672356,R,608032,R,field_out,False,False
778558,2025-03-27,2025,677587,L,608032,R,field_out,False,False
778558,2025-03-27,2025,686469,L,661403,R,double,False,False
778558,2025-03-27,2025,521692,R,661403,R,single,False,False
778558,2025-03-27,2025,686681,L,661403,R,sac_fly,False,False
778558,2025-03-27,2025,592669,R,661403,R,field_out,False,False
778558,2025-03-27,2025,672580,R,661403,R,single,False,False
778558,2025-03-27,2025,592192,R,661403,R,strikeout,True,False
778558,2025-03-27,2025,680757,L,669674,L,double,False,False
778558,2025-03-27,2025,608070,R,669674,L,field_out,False,False
778558,2025-03-27,2025,657041,R,669674,L,field_out,False,False
778558,2025-03-27,2025,467793,R,669674,L,intent_walk,False,True
778558,2025-03-27,2025,700932,L,669674,L,double,False,False
778558,2025-03-27,2025,678877,R,669674,L,field_out,False,False
778558,2025-03-27,2025,664728,L,623149,R,strikeout,True,False
778558,2025-03-27,2025,663697,R,623149,R,field_out,False,False
778558,2025-03-27,2025,677951,R,623149,R,field_out,False,False
778555,2025-03-27,2025,607208,R,669022,L,strikeout,True,False
778555,2025-03-27,2025,547180,L,669022,L,strikeout,True,False
778555,2025-03-27,2025,664761,R,669022,L,field_out,False,False
778555,2025-03-27,2025,682928,L,554430,R,strikeout,True,False
778555,2025-03-27,2025,695578,L,554430,R,field_out,False,False
778555,2025-03-27,2025,671277,L,554430,R,strikeout,True,False
778555,2025-03-27,2025,656941,L,669022,L,single,False,False
778555,2025-03-27,2025,592663,R,669022,L,strikeout,True,False
778555,2025-03-27,2025,596146,L,669022,L,strikeout,True,False
778555,2025-03-27,2025,605137,L,554430,R,strikeout,True,False
778555,2025-03-27,2025,663993,L,554430,R,strikeout,True,False
778555,2025-03-27,2025,657557,R,554430,R,strikeout,True,False
778555,2025-03-27,2025,592206,R,669022,L,strikeout,True,False
778555,2025-03-27,2025,681082,L,669022,L,strikeout,True,False
778555,2025-03-27,2025,669016,L,669022,L,strikeout,True,False
778555,2025-03-27,2025,660688,L,554430,R,single,False,False
778555,2025-03-27,2025,686611,R,554430,R,field_out,False,False
778555,2025-03-27,2025,696285,R,554430,R,grounded_into_double_play,False,False
778555,2025-03-27,2025,607208,R,669022,L,field_out,False,False
778555,2025-03-27,2025,547180,L,669022,L,strikeout,True,False
778555,2025-03-27,2025,664761,R,669022,L,strikeout,True,False
778555,2025-03-27,2025,682928,L,554430,R,field_out,False,False
778555,2025-03-27,2025,695578,L,554430,R,walk,False,True
778555,2025-03-27,2025,671277,L,554430,R,force_out,False,False
778555,2025-03-27,2025,605137,L,554430,R,force_out,False,False
778555,2025-03-27,2025,656941,L,669022,L,strikeout,True,False
778555,2025-03-27,2025,592663,R,669022,L,strikeout,True,False
778555,2025-03-27,2025,596146,L,669022,L,strikeout,True,False
778555,2025-03-27,2025,663993,L,554430,R,strikeout,True,False
778555,2025-03-27,2025,657557,R,554430,R,strikeout,True,False
778555,2025-03-27,2025,660688,L,554430,R,home_run,False,False
778555,2025-03-27,2025,686611,R,554430,R,field_out,False,False
778555,2025-03-27,2025,592206,R,669022,L,field_out,False,False
778555,2025-03-27,2025,681082,L,669022,L,field_out,False,False
778555,2025-03-27,2025,669016,L,669022,L,strikeout,True,False
778555,2025-03-27,2025,696285,R,554430,R,walk,False,True
778555,2025-03-27,2025,682928,L,554430,R,strikeout,True,False
778555,2025-03-27,2025,695578,L,554430,R,field_out,False,False
778555,2025-03-27,2025,607208,R,608371,R,field_out,False,False
778555,2025-03-27,2025,547180,L,608371,R,home_run,False,False
778555,2025-03-27,2025,664761,R,608371,R,strikeout,True,False
778555,2025-03-27,2025,656941,L,678606,L,home_run,False,False
778555,2025-03-27,2025,592663,R,678606,L,strikeout,True,False
778555,2025-03-27,2025,671277,L,689147,R,double,False,False
778555,2025-03-27,2025,605137,L,689147,R,field_out,False,False
778555,2025-03-27,2025,663993,L,689147,R,single,False,False
778555,2025-03-27,2025,657557,R,689147,R,strikeout,True,False
778555,2025-03-27,2025,660688,L,689147,R,field_out,False,False
778555,2025-03-27,2025,596146,L,678606,L,double,False,False
778555,2025-03-27,2025,592206,R,678606,L,single,False,False
778555,2025-03-27,2025,681082,L,678606,L,strikeout,True,False
778555,2025-03-27,2025,669016,L,678606,L,strikeout,True,False
778555,2025-03-27,2025,607208,R,678606,L,walk,False,True
778555,2025-03-27,2025,547180,L,678606,L,field_out,False,False
778555,2025-03-27,2025,686611,R,605447,R,walk,False,True
778555,2025-03-27,2025,696285,R,605447,R,hit_by_pitch,False,False
778555,2025-03-27,2025,682928,L,605447,R,field_out,False,False
778555,2025-03-27,2025,695578,L,605447,R,strikeout,True,False
778555,2025-03-27,2025,671277,L,605447,R,single,False,False
778555,2025-03-27,2025,605137,L,605447,R,field_out,False,False
778555,2025-03-27,2025,664761,R,640448,R,single,False,False
778555,2025-03-27,2025,656941,L,640448,R,field_out,False,False
778555,2025-03-27,2025,592663,R,640448,R,strikeout,True,False
778555,2025-03-27,2025,596146,L,640448,R,walk,False,True
778555,2025-03-27,2025,592206,R,640448,R,walk,False,True
778555,2025-03-27,2025,681082,L,640448,R,field_out,False,False
778555,2025-03-27,2025,663993,L,621237,L,strikeout,True,False
778555,2025-03-27,2025,657557,R,621237,L,strikeout,True,False
778555,2025-03-27,2025,660688,R,621237,L,field_out,False,False
778555,2025-03-27,2025,669016,L,621363,L,strikeout,True,False
778555,2025-03-27,2025,607208,R,621363,L,field_out,False,False
778555,2025-03-27,2025,547180,L,621363,L,walk,False,True
778555,2025-03-27,2025,664761,R,621363,L,double,False,False
778555,2025-03-27,2025,656941,L,621363,L,walk,False,True
778555,2025-03-27,2025,592663,R,674285,R,triple,False,False
778555,2025-03-27,2025,596146,L,674285,R,walk,False,True
778555,2025-03-27,2025,592206,R,674285,R,force_out,False,False
778555,2025-03-27,2025,686611,R,621381,L,field_out,False,False
778555,2025-03-27,2025,696285,R,621381,L,strikeout,True,False
778555,2025-03-27,2025,682928,L,621381,L,field_out,False,False
778553,2025-03-27,2025,680776,L,543135,R,field_out,False,False
778553,2025-03-27,2025,646240,L,543135,R,strikeout,True,False
778553,2025-03-27,2025,608324,R,543135,R,field_out,False,False
778553,2025-03-27,2025,543760,R,676979,L,strikeout,True,False
778553,2025-03-27,2025,608369,L,676979,L,field_out,False,False
778553,2025-03-27,2025,694671,R,676979,L,walk,False,True
778553,2025-03-27,2025,666969,R,676979,L,field_out,False,False
778553,2025-03-27,2025,671213,L,543135,R,strikeout,True,False
778553,2025-03-27,2025,596115,R,543135,R,strikeout,True,False
778553,2025-03-27,2025,692225,R,543135,R,strikeout,True,False
778553,2025-03-27,2025,669394,R,676979,L,walk,False,True
778553,2025-03-27,2025,673962,R,676979,L,single,False,False
778553,2025-03-27,2025,607680,R,676979,L,single,False,False
778553,2025-03-27,2025,543309,R,676979,L,field_out,False,False
778553,2025-03-27,2025,669701,L,676979,L,strikeout,True,False
778553,2025-03-27,2025,543760,R,676979,L,field_out,False,False
778553,2025-03-27,2025,677800,L,543135,R,single,False,False
778553,2025-03-27,2025,657136,R,543135,R,single,False,False
778553,2025-03-27,2025,678882,R,543135,R,force_out,False,False
778553,2025-03-27,2025,680776,L,543135,R,field_out,False,False
778553,2025-03-27,2025,646240,L,543135,R,strikeout,True,False
778553,2025-03-27,2025,608369,L,676979,L,strikeout,True,False
778553,2025-03-27,2025,694671,R,676979,L,field_out,False,False
778553,2025-03-27,2025,666969,R,676979,L,field_out,False,False
778553,2025-03-27,2025,608324,R,543135,R,field_out,False,False
778553,2025-03-27,2025,671213,L,543135,R,field_out,False,False
778553,2025-03-27,2025,596115,R,543135,R,strikeout,True,False
778553,2025-03-27,2025,669394,R,676979,L,field_out,False,False
778553,2025-03-27,2025,673962,R,676979,L,field_out,False,False
778553,2025-03-27,2025,607680,R,676979,L,single,False,False
778553,2025-03-27,2025,543309,R,676979,L,double,False,False
778553,2025-03-27,2025,669701,L,676979,L,strikeout,True,False
778553,2025-03-27,2025,692225,R,543135,R,field_out,False,False
778553,2025-03-27,2025,677800,L,543135,R,home_run,False,False
778553,2025-03-27,2025,657136,R,543135,R,field_out,False,False
778553,2025-03-27,2025,678882,R,543135,R,field_out,False,False
778553,2025-03-27,2025,543760,R,676979,L,single,False,False
778553,2025-03-27,2025,608369,L,676979,L,grounded_into_double_play,False,False
778553,2025-03-27,2025,694671,R,676979,L,field_out,False,False
778553,2025-03-27,2025,680776,L,543135,R,strikeout,True,False
778553,2025-03-27,2025,646240,L,543135,R,strikeout,True,False
778553,2025-03-27,2025,608324,R,543135,R,strikeout,True,False
778553,2025-03-27,2025,666969,R,676477,R,field_out,False,False
778553,2025-03-27,2025,669394,R,676477,R,field_out,False,False
778553,2025-03-27,2025,673962,R,676477,R,single,False,False
778553,2025-03-27,2025,607680,R,676477,R,field_out,False,False
778553,2025-03-27,2025,671213,L,676395,L,field_out,False,False
778553,2025-03-27,2025,596115,R,676395,L,field_out,False,False
778553,2025-03-27,2025,692225,R,676395,L,walk,False,True
778553,2025-03-27,2025,677800,L,676395,L,walk,False,True
778553,2025-03-27,2025,657136,R,455119,R,strikeout,True,False
778553,2025-03-27,2025,543309,R,676477,R,field_out,False,False
778553,2025-03-27,2025,669701,L,676477,R,field_out,False,False
778553,2025-03-27,2025,543760,R,676477,R,strikeout,True,False
778553,2025-03-27,2025,678882,R,455119,R,strikeout,True,False
778553,2025-03-27,2025,680776,L,455119,R,single,False,False
778553,2025-03-27,2025,646240,L,455119,R,field_out,False,False
778553,2025-03-27,2025,608324,R,455119,R,field_out,False,False
778553,2025-03-27,2025,608369,L,547973,L,strikeout,True,False
778553,2025-03-27,2025,694671,R,547973,L,single,False,False
778553,2025-03-27,2025,666969,R,547973,L,field_out,False,False
778553,2025-03-27,2025,669394,R,547973,L,force_out,False,False
778553,2025-03-27,2025,671213,L,592426,R,strikeout,True,False
778553,2025-03-27,2025,596115,R,592426,R,walk,False,True
778553,2025-03-27,2025,692225,R,592426,R,single,False,False
778553,2025-03-27,2025,677800,L,592426,R,home_run,False,False
778553,2025-03-27,2025,657136,R,542888,R,field_out,False,False
778553,2025-03-27,2025,678882,R,542888,R,strikeout,True,False
778553,2025-03-27,2025,673962,R,686580,R,strikeout,True,False
778553,2025-03-27,2025,592626,L,686580,R,field_out,False,False
778553,2025-03-27,2025,543309,R,686580,R,field_out,False,False
778556,2025-03-27,2025,681297,L,621244,R,strikeout,True,False
778556,2025-03-27,2025,668939,L,621244,R,home_run,False,False
778556,2025-03-27,2025,676059,R,621244,R,single,False,False
778556,2025-03-27,2025,656811,L,621244,R,double_play,False,False
778556,2025-03-27,2025,666182,R,621107,R,field_out,False,False
778556,2025-03-27,2025,665489,R,621107,R,strikeout,True,False
778556,2025-03-27,2025,623993,L,621107,R,field_out,False,False
778556,2025-03-27,2025,641933,R,621244,R,walk,False,True
778556,2025-03-27,2025,663624,R,621244,R,double,False,False
778556,2025-03-27,2025,656775,L,621244,R,single,False,False
778556,2025-03-27,2025,602104,R,621244,R,field_out,False,False
778556,2025-03-27,2025,702616,L,621244,R,strikeout,True,False
778556,2025-03-27,2025,665926,L,621107,R,field_out,False,False
778556,2025-03-27,2025,672386,R,621107,R,field_out,False,False
778556,2025-03-27,2025,543807,R,621107,R,strikeout,True,False
778556,2025-03-27,2025,681297,L,621244,R,walk,False,True
778556,2025-03-27,2025,668939,L,621244,R,single,False,False
778556,2025-03-27,2025,676059,R,621244,R,strikeout,True,False
778556,2025-03-27,2025,656811,L,621244,R,field_out,False,False
778556,2025-03-27,2025,641933,R,621244,R,home_run,False,False
778556,2025-03-27,2025,663624,R,621244,R,field_out,False,False
778556,2025-03-27,2025,695238,L,621107,R,field_out,False,False
778556,2025-03-27,2025,676391,R,621107,R,field_out,False,False
778556,2025-03-27,2025,702176,L,621107,R,field_out,False,False
778556,2025-03-27,2025,656775,L,621244,R,home_run,False,False
778556,2025-03-27,2025,602104,R,621244,R,field_out,False,False
778556,2025-03-27,2025,702616,L,621244,R,field_out,False,False
778556,2025-03-27,2025,681297,L,621244,R,field_out,False,False
778556,2025-03-27,2025,666182,R,621107,R,field_out,False,False
778556,2025-03-27,2025,665489,R,621107,R,walk,False,True
778556,2025-03-27,2025,623993,L,621107,R,field_out,False,False
778556,2025-03-27,2025,665926,L,621107,R,home_run,False,False
778556,2025-03-27,2025,672386,R,621107,R,field_out,False,False
778556,2025-03-27,2025,668939,L,621244,R,strikeout,True,False
778556,2025-03-27,2025,676059,R,621244,R,field_out,False,False
778556,2025-03-27,2025,656811,L,621244,R,single,False,False
778556,2025-03-27,2025,641933,R,621244,R,single,False,False
778556,2025-03-27,2025,663624,R,621244,R,strikeout,True,False
778556,2025-03-27,2025,543807,R,621107,R,field_out,False,False
778556,2025-03-27,2025,695238,L,621107,R,field_out,False,False
778556,2025-03-27,2025,676391,R,621107,R,field_out,False,False
778556,2025-03-27,2025,656775,L,663992,L,field_out,False,False
778556,2025-03-27,2025,602104,R,663992,L,walk,False,True
778556,2025-03-27,2025,702616,L,663992,L,strikeout,True,False
778556,2025-03-27,2025,681297,L,663992,L,hit_by_pitch,False,False
778556,2025-03-27,2025,668939,L,606930,R,field_out,False,False
778556,2025-03-27,2025,702176,L,621107,R,single,False,False
778556,2025-03-27,2025,666182,R,621107,R,field_out,False,False
778556,2025-03-27,2025,665489,R,621107,R,field_out,False,False
778556,2025-03-27,2025,623993,L,621107,R,field_out,False,False
778556,2025-03-27,2025,676059,R,606930,R,walk,False,True
778556,2025-03-27,2025,656811,L,606930,R,field_out,False,False
778556,2025-03-27,2025,641933,R,606930,R,single,False,False
778556,2025-03-27,2025,663624,R,606930,R,force_out,False,False
778556,2025-03-27,2025,656775,L,643338,R,home_run,False,False
778556,2025-03-27,2025,602104,R,643338,R,strikeout,True,False
778556,2025-03-27,2025,665926,L,622554,R,walk,False,True
778556,2025-03-27,2025,672386,R,622554,R,grounded_into_double_play,False,False
778556,2025-03-27,2025,543807,R,622554,R,walk,False,True
778556,2025-03-27,2025,695238,L,622554,R,single,False,False
778556,2025-03-27,2025,676391,R,622554,R,field_out,False,False
778556,2025-03-27,2025,702616,L,684320,R,single,False,False
778556,2025-03-27,2025,681297,L,684320,R,field_out,False,False
778556,2025-03-27,2025,668939,L,684320,R,home_run,False,False
778556,2025-03-27,2025,676059,R,684320,R,home_run,False,False
778556,2025-03-27,2025,656811,L,684320,R,field_out,False,False
778556,2025-03-27,2025,641933,R,684320,R,walk,False,True
778556,2025-03-27,2025,663624,R,684320,R,strikeout,True,False
778556,2025-03-27,2025,702176,L,669211,L,walk,False,True
778556,2025-03-27,2025,666182,R,669211,L,grounded_into_double_play,False,False
778556,2025-03-27,2025,665489,R,669211,L,walk,False,True
778556,2025-03-27,2025,623993,R,669211,L,field_out,False,False
778556,2025-03-27,2025,656775,L,680704,R,field_out,False,False
778556,2025-03-27,2025,602104,R,680704,R,field_out,False,False
778556,2025-03-27,2025,702616,L,680704,R,field_out,False,False
778556,2025-03-27,2025,665926,L,641329,R,field_out,False,False
778556,2025-03-27,2025,672386,R,641329,R,single,False,False
778556,2025-03-27,2025,543807,R,641329,R,strikeout,True,False
778557,2025-03-27,2025,694192,R,607074,L,strikeout,True,False
778557,2025-03-27,2025,592885,L,607074,L,field_out,False,False
778557,2025-03-27,2025,661388,R,607074,L,field_out,False,False
778557,2025-03-27,2025,669224,L,642547,R,home_run,False,False
778557,2025-03-27,2025,592450,R,642547,R,field_out,False,False
778557,2025-03-27,2025,641355,L,642547,R,strikeout,True,False
778557,2025-03-27,2025,502671,R,642547,R,field_out,False,False
778557,2025-03-27,2025,656555,R,607074,L,field_out,False,False
778557,2025-03-27,2025,686217,L,607074,L,single,False,False
778557,2025-03-27,2025,687401,R,607074,L,force_out,False,False
778557,2025-03-27,2025,669003,L,607074,L,field_out,False,False
778557,2025-03-27,2025,665862,L,642547,R,strikeout,True,False
778557,2025-03-27,2025,691176,L,642547,R,field_out,False,False
778557,2025-03-27,2025,683011,R,642547,R,home_run,False,False
778557,2025-03-27,2025,700250,L,642547,R,strikeout,True,False
778557,2025-03-27,2025,681962,R,607074,L,home_run,False,False
778557,2025-03-27,2025,668930,L,607074,L,single,False,False
778557,2025-03-27,2025,694192,R,607074,L,strikeout,True,False
778557,2025-03-27,2025,592885,L,607074,L,field_out,False,False
778557,2025-03-27,2025,661388,R,607074,L,strikeout,True,False
778557,2025-03-27,2025,665828,L,642547,R,field_out,False,False
778557,2025-03-27,2025,669224,L,642547,R,strikeout,True,False
778557,2025-03-27,2025,592450,R,642547,R,strikeout,True,False
778557,2025-03-27,2025,656555,R,607074,L,strikeout,True,False
778557,2025-03-27,2025,686217,L,607074,L,single,False,False
778557,2025-03-27,2025,687401,R,607074,L,field_out,False,False
778557,2025-03-27,2025,669003,L,607074,L,field_out,False,False
778557,2025-03-27,2025,641355,L,642547,R,single,False,False
778557,2025-03-27,2025,502671,R,642547,R,strikeout,True,False
778557,2025-03-27,2025,665862,L,642547,R,field_out,False,False
778557,2025-03-27,2025,691176,L,642547,R,field_out,False,False
778557,2025-03-27,2025,681962,R,607074,L,strikeout,True,False
778557,2025-03-27,2025,668930,L,607074,L,strikeout,True,False
778557,2025-03-27,2025,694192,R,607074,L,strikeout,True,False
778557,2025-03-27,2025,683011,R,642547,R,strikeout,True,False
778557,2025-03-27,2025,700250,L,642547,R,single,False,False
778557,2025-03-27,2025,665828,L,642547,R,field_out,False,False
778557,2025-03-27,2025,669224,L,642547,R,walk,False,True
778557,2025-03-27,2025,592450,R,642547,R,strikeout,True,False
778557,2025-03-27,2025,592885,L,607074,L,walk,False,True
778557,2025-03-27,2025,661388,R,607074,L,force_out,False,False
778557,2025-03-27,2025,656555,R,607074,L,walk,False,True
778557,2025-03-27,2025,686217,L,657612,L,force_out,False,False
778557,2025-03-27,2025,687401,R,657612,L,single,False,False
778557,2025-03-27,2025,686555,R,657612,L,force_out,False,False
778557,2025-03-27,2025,641355,L,663542,L,walk,False,True
778557,2025-03-27,2025,502671,R,663542,L,strikeout,True,False
778557,2025-03-27,2025,665862,L,663542,L,walk,False,True
778557,2025-03-27,2025,691176,R,663542,L,field_out,False,False
778557,2025-03-27,2025,683011,R,663542,L,field_out,False,False
778557,2025-03-27,2025,681962,R,643410,R,field_out,False,False
778557,2025-03-27,2025,668930,L,643410,R,strikeout,True,False
778557,2025-03-27,2025,694192,R,643410,R,strikeout,True,False
778557,2025-03-27,2025,700250,L,657649,L,walk,False,True
778557,2025-03-27,2025,665828,R,657649,L,single,False,False
778557,2025-03-27,2025,669224,L,657649,L,field_out,False,False
778557,2025-03-27,2025,592450,R,657649,L,double,False,False
778557,2025-03-27,2025,641355,L,657649,L,sac_fly,False,False
778557,2025-03-27,2025,502671,R,606303,R,field_out,False,False
778557,2025-03-27,2025,592885,L,596133,R,strikeout,True,False
778557,2025-03-27,2025,661388,R,596133,R,field_out,False,False
778557,2025-03-27,2025,656555,R,596133,R,walk,False,True
778557,2025-03-27,2025,686217,L,596133,R,strikeout,True,False
778557,2025-03-27,2025,665862,L,641302,L,strikeout,True,False
778557,2025-03-27,2025,663757,L,641302,L,single,False,False
778557,2025-03-27,2025,683011,R,641302,L,field_out,False,False
778557,2025-03-27,2025,700250,L,641302,L,caught_stealing_2b,False,False
778557,2025-03-27,2025,687401,R,642207,R,single,False,False
778557,2025-03-27,2025,686555,L,642207,R,double,False,False
778557,2025-03-27,2025,641343,L,642207,R,walk,False,True
778557,2025-03-27,2025,668930,L,642207,R,sac_fly,False,False
778557,2025-03-27,2025,694192,R,642207,R,strikeout,True,False
778557,2025-03-27,2025,592885,L,642207,R,strikeout,True,False
778546,2025-03-27,2025,628451,R,605483,L,field_out,False,False
778546,2025-03-27,2025,650402,R,605483,L,field_out,False,False
778546,2025-03-27,2025,682985,L,605483,L,strikeout,True,False
778546,2025-03-27,2025,660271,L,669373,L,field_out,False,False
778546,2025-03-27,2025,605141,R,669373,L,field_out,False,False
778546,2025-03-27,2025,606192,R,669373,L,field_out,False,False
778546,2025-03-27,2025,679529,R,605483,L,walk,False,True
778546,2025-03-27,2025,622534,R,605483,L,single,False,False
778546,2025-03-27,2025,690993,L,605483,L,fielders_choice_out,False,False
778546,2025-03-27,2025,595879,R,605483,L,field_out,False,False
778546,2025-03-27,2025,668670,R,605483,L,field_out,False,False
778546,2025-03-27,2025,518692,L,669373,L,field_out,False,False
778546,2025-03-27,2025,669242,R,669373,L,home_run,False,False
778546,2025-03-27,2025,669257,R,669373,L,field_out,False,False
778546,2025-03-27,2025,571970,L,669373,L,field_out,False,False
778546,2025-03-27,2025,668952,R,605483,L,single,False,False
778546,2025-03-27,2025,628451,R,605483,L,field_out,False,False
778546,2025-03-27,2025,650402,R,605483,L,field_out,False,False
778546,2025-03-27,2025,682985,L,605483,L,field_out,False,False
778546,2025-03-27,2025,500743,R,669373,L,field_out,False,False
778546,2025-03-27,2025,681624,R,669373,L,field_out,False,False
778546,2025-03-27,2025,660271,L,669373,L,single,False,False
778546,2025-03-27,2025,605141,R,669373,L,single,False,False
778546,2025-03-27,2025,606192,R,669373,L,strikeout,True,False
778546,2025-03-27,2025,679529,R,605483,L,walk,False,True
778546,2025-03-27,2025,622534,R,605483,L,single,False,False
778546,2025-03-27,2025,690993,L,605483,L,field_out,False,False
778546,2025-03-28,2025,595879,R,605483,L,field_out,False,False
778546,2025-03-28,2025,668670,R,605483,L,walk,False,True
778546,2025-03-28,2025,668952,R,605483,L,strikeout,True,False
778546,2025-03-28,2025,518692,L,669373,L,field_out,False,False
778546,2025-03-28,2025,669242,R,669373,L,field_out,False,False
778546,2025-03-28,2025,669257,R,669373,L,single,False,False
778546,2025-03-28,2025,571970,L,669373,L,strikeout,True,False
778546,2025-03-28,2025,628451,R,605483,L,field_out,False,False
778546,2025-03-28,2025,650402,R,605483,L,single,False,False
778546,2025-03-28,2025,682985,L,605483,L,single,False,False
778546,2025-03-28,2025,679529,R,605483,L,walk,False,True
778546,2025-03-28,2025,622534,R,605483,L,sac_fly,False,False
778546,2025-03-28,2025,690993,L,605483,L,field_out,False,False
778546,2025-03-28,2025,500743,R,669373,L,field_out,False,False
778546,2025-03-28,2025,681624,R,669373,L,single,False,False
778546,2025-03-28,2025,660271,L,669373,L,force_out,False,False
778546,2025-03-28,2025,605141,R,669373,L,walk,False,True
778546,2025-03-28,2025,606192,R,669373,L,home_run,False,False
778546,2025-03-28,2025,518692,L,669373,L,field_out,False,False
778546,2025-03-28,2025,656716,L,676508,R,walk,False,True
778546,2025-03-28,2025,668670,R,676508,R,single,False,False
778546,2025-03-28,2025,681481,L,676508,R,field_out,False,False
778546,2025-03-28,2025,628451,R,676508,R,strikeout,True,False
778546,2025-03-28,2025,650402,R,676508,R,force_out,False,False
778546,2025-03-28,2025,669242,L,605154,R,field_out,False,False
778546,2025-03-28,2025,669257,R,605154,R,strikeout,True,False
778546,2025-03-28,2025,571970,L,605154,R,strikeout,True,False
778546,2025-03-28,2025,682985,L,681911,L,strikeout,True,False
778546,2025-03-28,2025,679529,R,681911,L,home_run,False,False
778546,2025-03-28,2025,622534,R,681911,L,strikeout,True,False
778546,2025-03-28,2025,690993,L,681911,L,strikeout,True,False
778546,2025-03-28,2025,500743,R,669724,R,field_out,False,False
778546,2025-03-28,2025,681624,R,669724,R,strikeout,True,False
778546,2025-03-28,2025,660271,L,669724,R,home_run,False,False
778546,2025-03-28,2025,605141,R,669724,R,field_out,False,False
778546,2025-03-28,2025,656716,L,656945,L,triple,False,False
778546,2025-03-28,2025,668670,R,656945,L,strikeout,True,False
778546,2025-03-28,2025,681481,L,656945,L,sac_fly,False,False
778546,2025-03-28,2025,628451,R,656945,L,field_out,False,False
778546,2025-03-28,2025,606192,R,689225,R,field_out,False,False
778546,2025-03-28,2025,518692,L,689225,R,field_out,False,False
778546,2025-03-28,2025,669242,L,689225,R,strikeout,True,False
778546,2025-03-28,2025,650402,R,595014,R,single,False,False
778546,2025-03-28,2025,682985,L,595014,R,strikeout,True,False
778546,2025-03-28,2025,679529,R,595014,R,walk,False,True
778546,2025-03-28,2025,700242,L,595014,R,strikeout,True,False
778546,2025-03-28,2025,690993,L,595014,R,field_out,False,False
778560,2025-03-28,2025,686668,R,686752,R,field_out,False,False
778560,2025-03-28,2025,678662,R,686752,R,single,False,False
778560,2025-03-28,2025,641857,L,686752,R,single,False,False
778560,2025-03-28,2025,592178,R,686752,R,strikeout,True,False
778560,2025-03-28,2025,669911,L,686752,R,strikeout,True,False
778560,2025-03-28,2025,678554,R,607536,L,field_out,False,False
778560,2025-03-28,2025,650490,R,607536,L,field_out,False,False
778560,2025-03-28,2025,664040,L,607536,L,strikeout,True,False
778560,2025-03-28,2025,696100,R,686752,R,field_out,False,False
778560,2025-03-28,2025,605361,L,686752,R,field_out,False,False
778560,2025-03-28,2025,571657,R,686752,R,field_out,False,False
778560,2025-03-28,2025,691406,R,607536,L,field_out,False,False
778560,2025-03-28,2025,666624,R,607536,L,strikeout,True,False
778560,2025-03-28,2025,643376,R,607536,L,strikeout,True,False
778560,2025-03-28,2025,687597,R,686752,R,field_error,False,False
778560,2025-03-28,2025,686668,R,686752,R,strikeout,True,False
778560,2025-03-28,2025,678662,R,686752,R,double,False,False
778560,2025-03-28,2025,641857,L,686752,R,walk,False,True
778560,2025-03-28,2025,592178,R,686752,R,field_out,False,False
778560,2025-03-28,2025,666139,L,607536,L,field_out,False,False
778560,2025-03-28,2025,676356,R,607536,L,field_out,False,False
778560,2025-03-28,2025,670764,R,607536,L,field_out,False,False
778560,2025-03-28,2025,669911,L,686752,R,hit_by_pitch,False,False
778560,2025-03-28,2025,696100,R,686752,R,single,False,False
778560,2025-03-28,2025,605361,L,686752,R,strikeout,True,False
778560,2025-03-28,2025,571657,R,686752,R,sac_fly,False,False
778560,2025-03-28,2025,687597,R,686752,R,field_out,False,False
778560,2025-03-28,2025,678554,R,607536,L,strikeout,True,False
778560,2025-03-28,2025,650490,R,607536,L,single,False,False
778560,2025-03-28,2025,664040,L,607536,L,double_play,False,False
778560,2025-03-28,2025,686668,R,686752,R,strikeout,True,False
778560,2025-03-28,2025,678662,R,686752,R,strikeout,True,False
778560,2025-03-28,2025,641857,L,686752,R,double,False,False
778560,2025-03-28,2025,592178,R,686752,R,field_out,False,False
778560,2025-03-28,2025,691406,R,607536,L,field_out,False,False
778560,2025-03-28,2025,666624,R,607536,L,field_error,False,False
778560,2025-03-28,2025,643376,R,607536,L,strikeout,True,False
778560,2025-03-28,2025,666139,L,607536,L,single,False,False
778560,2025-03-28,2025,676356,R,607536,L,strikeout,True,False
778560,2025-03-28,2025,669911,L,686752,R,strikeout,True,False
778560,2025-03-28,2025,696100,R,686752,R,double,False,False
778560,2025-03-28,2025,605361,L,686752,R,strikeout,True,False
778560,2025-03-28,2025,571657,R,686752,R,field_out,False,False
778560,2025-03-28,2025,670764,R,607536,L,field_out,False,False
778560,2025-03-28,2025,678554,R,607536,L,strikeout,True,False
778560,2025-03-28,2025,650490,R,607536,L,field_out,False,False
778560,2025-03-28,2025,687597,R,685801,R,strikeout,True,False
778560,2025-03-28,2025,686668,R,685801,R,field_out,False,False
778560,2025-03-28,2025,678662,R,685801,R,field_out,False,False
778560,2025-03-28,2025,664040,L,641755,R,single,False,False
778560,2025-03-28,2025,691406,R,641755,R,double,False,False
778560,2025-03-28,2025,666018,L,641755,R,sac_fly,False,False
778560,2025-03-28,2025,643376,R,641755,R,walk,False,True
778560,2025-03-28,2025,676609,R,641755,R,single,False,False
778560,2025-03-28,2025,676356,R,683409,R,single,False,False
778560,2025-03-28,2025,670764,L,683409,R,strikeout,True,False
778560,2025-03-28,2025,678554,R,683409,R,force_out,False,False
778560,2025-03-28,2025,641857,L,682254,L,single,False,False
778560,2025-03-28,2025,592178,R,682254,L,field_out,False,False
778560,2025-03-28,2025,669911,R,682254,L,strikeout,True,False
778560,2025-03-28,2025,696100,R,682254,L,field_out,False,False
778560,2025-03-28,2025,650490,R,680767,R,field_out,False,False
778560,2025-03-28,2025,664040,L,680767,R,field_out,False,False
778560,2025-03-28,2025,691406,R,680767,R,strikeout,True,False
778560,2025-03-28,2025,605361,L,664126,R,walk,False,True
778560,2025-03-28,2025,571657,R,664126,R,strikeout,True,False
778560,2025-03-28,2025,687597,R,664126,R,walk,False,True
778560,2025-03-28,2025,686668,R,664126,R,strikeout,True,False
778560,2025-03-28,2025,670224,L,680767,R,home_run,False,False
778547,2025-03-28,2025,671732,L,669302,R,field_out,False,False
778547,2025-03-28,2025,667670,R,669302,R,strikeout,True,False
778547,2025-03-28,2025,668709,L,669302,R,field_out,False,False
778547,2025-03-28,2025,645302,R,622663,R,field_out,False,False
778547,2025-03-28,2025,677594,R,622663,R,strikeout,True,False
778547,2025-03-28,2025,663728,L,622663,R,walk,False,True
778547,2025-03-28,2025,668227,R,622663,R,field_out,False,False
778547,2025-03-28,2025,669127,R,669302,R,field_out,False,False
778547,2025-03-28,2025,609280,R,669302,R,field_out,False,False
778547,2025-03-28,2025,691016,L,669302,R,strikeout,True,False
778547,2025-03-28,2025,670042,L,622663,R,strikeout,True,False
778547,2025-03-28,2025,593871,L,622663,R,single,False,False
778547,2025-03-28,2025,642133,L,622663,R,hit_by_pitch,False,False
778547,2025-03-28,2025,669208,R,622663,R,grounded_into_double_play,False,False
778547,2025-03-28,2025,570482,R,669302,R,field_out,False,False
778547,2025-03-28,2025,691777,R,669302,R,strikeout,True,False
778547,2025-03-28,2025,805779,R,669302,R,single,False,False
778547,2025-03-28,2025,671732,L,669302,R,field_out,False,False
778547,2025-03-28,2025,641487,L,622663,R,field_out,False,False
778547,2025-03-28,2025,645302,R,622663,R,field_out,False,False
778547,2025-03-28,2025,677594,R,622663,R,walk,False,True
778547,2025-03-28,2025,663728,L,622663,R,field_out,False,False
778547,2025-03-28,2025,667670,R,669302,R,strikeout,True,False
778547,2025-03-28,2025,668709,L,669302,R,field_out,False,False
778547,2025-03-28,2025,669127,R,669302,R,strikeout,True,False
778547,2025-03-28,2025,668227,R,622663,R,strikeout,True,False
778547,2025-03-28,2025,670042,L,622663,R,field_out,False,False
778547,2025-03-28,2025,593871,L,622663,R,single,False,False
778547,2025-03-28,2025,642133,L,622663,R,strikeout,True,False
778547,2025-03-28,2025,609280,R,669302,R,field_out,False,False
778547,2025-03-28,2025,691016,L,669302,R,home_run,False,False
778547,2025-03-28,2025,570482,R,669302,R,field_out,False,False
778547,2025-03-28,2025,691777,R,669302,R,strikeout,True,False
778547,2025-03-28,2025,669208,R,622663,R,walk,False,True
778547,2025-03-28,2025,641487,L,622663,R,strikeout,True,False
778547,2025-03-28,2025,645302,R,622663,R,field_out,False,False
778547,2025-03-28,2025,677594,R,622663,R,field_out,False,False
778547,2025-03-28,2025,805779,R,669302,R,field_out,False,False
778547,2025-03-28,2025,671732,L,669302,R,field_out,False,False
778547,2025-03-28,2025,667670,R,669302,R,strikeout,True,False
778547,2025-03-28,2025,663728,L,622663,R,field_out,False,False
778547,2025-03-28,2025,668227,R,622663,R,walk,False,True
778547,2025-03-28,2025,670042,L,622663,R,single,False,False
778547,2025-03-28,2025,593871,L,622663,R,sac_bunt,False,False
778547,2025-03-28,2025,642133,L,622663,R,strikeout,True,False
778547,2025-03-28,2025,668709,L,669302,R,field_out,False,False
778547,2025-03-28,2025,669127,R,669302,R,strikeout,True,False
778547,2025-03-28,2025,609280,R,669302,R,field_out,False,False
778547,2025-03-28,2025,669208,R,621053,R,walk,False,True
778547,2025-03-28,2025,641487,L,621053,R,walk,False,True
778547,2025-03-28,2025,645302,R,621053,R,sac_fly,False,False
778547,2025-03-28,2025,677594,R,621053,R,field_out,False,False
778547,2025-03-28,2025,691016,L,663423,R,home_run,False,False
778547,2025-03-28,2025,570482,R,663423,R,strikeout,True,False
778547,2025-03-28,2025,691777,R,663423,R,field_out,False,False
778547,2025-03-28,2025,805779,R,663423,R,field_out,False,False
778547,2025-03-28,2025,663728,L,600917,R,strikeout,True,False
778547,2025-03-28,2025,668227,R,600917,R,home_run,False,False
778547,2025-03-28,2025,670042,L,600917,R,walk,False,True
778547,2025-03-28,2025,593871,L,600917,R,home_run,False,False
778547,2025-03-28,2025,642133,L,519008,L,field_out,False,False
778547,2025-03-28,2025,669208,R,519008,L,field_out,False,False
778547,2025-03-28,2025,671732,L,662253,R,walk,False,True
778547,2025-03-28,2025,667670,R,662253,R,strikeout,True,False
778547,2025-03-28,2025,668709,L,662253,R,grounded_into_double_play,False,False
778552,2025-03-28,2025,664023,L,668678,R,strikeout,True,False
778552,2025-03-28,2025,663656,L,668678,R,field_out,False,False
778552,2025-03-28,2025,673548,R,668678,R,field_error,False,False
778552,2025-03-28,2025,683737,L,668678,R,walk,False,True
778552,2025-03-28,2025,621020,R,668678,R,field_out,False,False
778552,2025-03-28,2025,606466,R,657006,L,double,False,False
778552,2025-03-28,2025,682998,L,657006,L,field_out,False,False
778552,2025-03-28,2025,666971,R,657006,L,field_out,False,False
778552,2025-03-28,2025,647304,L,657006,L,single,False,False
778552,2025-03-28,2025,672515,R,657006,L,field_out,False,False
778552,2025-03-28,2025,663538,R,668678,R,field_out,False,False
778552,2025-03-28,2025,691718,L,668678,R,walk,False,True
778552,2025-03-28,2025,807713,R,668678,R,walk,False,True
778552,2025-03-28,2025,665804,R,668678,R,field_out,False,False
778552,2025-03-28,2025,664023,L,668678,R,double,False,False
778552,2025-03-28,2025,663656,L,668678,R,single,False,False
778552,2025-03-28,2025,673548,R,668678,R,strikeout,True,False
778552,2025-03-28,2025,553993,R,657006,L,home_run,False,False
778552,2025-03-28,2025,545341,R,657006,L,field_out,False,False
778552,2025-03-28,2025,664983,L,657006,L,field_out,False,False
778552,2025-03-28,2025,672695,R,657006,L,field_out,False,False
778552,2025-03-28,2025,683737,L,668678,R,strikeout,True,False
778552,2025-03-28,2025,621020,R,668678,R,field_out,False,False
778552,2025-03-28,2025,663538,R,668678,R,single,False,False
778552,2025-03-28,2025,691718,L,668678,R,field_out,False,False
778552,2025-03-28,2025,606466,R,657006,L,strikeout,True,False
778552,2025-03-28,2025,682998,L,657006,L,walk,False,True
778552,2025-03-28,2025,666971,R,657006,L,field_out,False,False
778552,2025-03-28,2025,647304,L,657006,L,field_out,False,False
778552,2025-03-28,2025,807713,R,668678,R,strikeout,True,False
778552,2025-03-28,2025,665804,R,668678,R,field_out,False,False
778552,2025-03-28,2025,664023,L,668678,R,home_run,False,False
778552,2025-03-28,2025,663656,L,668678,R,walk,False,True
778552,2025-03-28,2025,673548,R,668678,R,field_out,False,False
778552,2025-03-28,2025,672515,R,657006,L,single,False,False
778552,2025-03-28,2025,553993,R,657006,L,field_out,False,False
778552,2025-03-28,2025,545341,R,657006,L,double,False,False
778552,2025-03-28,2025,664983,L,657006,L,strikeout,True,False
778552,2025-03-28,2025,672695,R,657006,L,single,False,False
778552,2025-03-28,2025,606466,R,657006,L,force_out,False,False
778552,2025-03-28,2025,683737,L,669194,R,single,False,False
778552,2025-03-28,2025,621020,R,669194,R,strikeout,True,False
778552,2025-03-28,2025,663538,R,669194,R,field_out,False,False
778552,2025-03-28,2025,691718,L,669194,R,single,False,False
778552,2025-03-28,2025,807713,R,669194,R,fielders_choice,False,False
778552,2025-03-28,2025,665804,R,669194,R,double,False,False
778552,2025-03-28,2025,664023,L,669194,R,walk,False,True
778552,2025-03-28,2025,663656,L,669194,R,strikeout,True,False
778552,2025-03-28,2025,682998,L,657006,L,hit_by_pitch,False,False
778552,2025-03-28,2025,666971,R,657006,L,field_out,False,False
778552,2025-03-28,2025,647304,L,657006,L,grounded_into_double_play,False,False
778552,2025-03-28,2025,673548,R,669194,R,single,False,False
778552,2025-03-28,2025,683737,L,669194,R,field_out,False,False
778552,2025-03-28,2025,621020,R,669194,R,strikeout,True,False
778552,2025-03-28,2025,663538,R,669194,R,single,False,False
778552,2025-03-28,2025,691718,L,656222,L,field_out,False,False
778552,2025-03-28,2025,672515,R,663878,R,walk,False,True
778552,2025-03-28,2025,553993,R,663878,R,hit_by_pitch,False,False
778552,2025-03-28,2025,656976,L,663878,R,walk,False,True
778552,2025-03-28,2025,664983,L,663878,R,sac_fly,False,False
778552,2025-03-28,2025,672695,L,663878,R,sac_fly,False,False
778552,2025-03-28,2025,606466,L,663878,R,field_out,False,False
778552,2025-03-28,2025,807713,R,656222,L,field_out,False,False
778552,2025-03-28,2025,665804,R,656222,L,strikeout,True,False
778552,2025-03-28,2025,664023,R,656222,L,field_out,False,False
778552,2025-03-28,2025,682998,L,573204,L,field_out,False,False
778552,2025-03-28,2025,666971,R,573204,L,field_out,False,False
778552,2025-03-28,2025,647304,L,573204,L,field_out,False,False
778552,2025-03-28,2025,663656,L,656222,L,field_out,False,False
778552,2025-03-28,2025,673548,R,686826,R,strikeout,True,False
778552,2025-03-28,2025,683737,L,686826,R,single,False,False
778552,2025-03-28,2025,621020,R,686826,R,force_out,False,False
778552,2025-03-28,2025,672515,R,687863,R,single,False,False
778552,2025-03-28,2025,553993,R,687863,R,strikeout,True,False
778552,2025-03-28,2025,656976,L,687863,R,strikeout,True,False
778552,2025-03-28,2025,664983,L,687863,R,field_out,False,False
778552,2025-03-28,2025,663538,R,686826,R,walk,False,True
778552,2025-03-28,2025,691718,L,686826,R,field_out,False,False
778552,2025-03-28,2025,807713,R,686826,R,single,False,False
778552,2025-03-28,2025,665804,R,686826,R,double,False,False
778552,2025-03-28,2025,664023,L,686826,R,field_out,False,False
778552,2025-03-28,2025,663656,L,686826,R,strikeout,True,False
778552,2025-03-28,2025,672695,L,519151,R,field_out,False,False
778552,2025-03-28,2025,606466,L,519151,R,single,False,False
778552,2025-03-28,2025,682998,L,519151,R,double,False,False
778552,2025-03-28,2025,666971,R,519151,R,field_out,False,False
778552,2025-03-28,2025,647304,L,519151,R,field_out,False,False
778549,2025-03-28,2025,681297,L,592332,R,field_out,False,False
778549,2025-03-28,2025,668939,L,592332,R,field_out,False,False
778549,2025-03-28,2025,676059,R,592332,R,field_out,False,False
778549,2025-03-28,2025,666182,R,450203,R,field_out,False,False
778549,2025-03-28,2025,665489,R,450203,R,single,False,False
778549,2025-03-28,2025,623993,L,450203,R,single,False,False
778549,2025-03-28,2025,665926,L,450203,R,strikeout,True,False
778549,2025-03-28,2025,672386,R,450203,R,strikeout,True,False
778549,2025-03-28,2025,656811,L,592332,R,field_out,False,False
778549,2025-03-28,2025,641933,R,592332,R,field_out,False,False
778549,2025-03-28,2025,656775,L,592332,R,strikeout,True,False
778549,2025-03-28,2025,543807,R,450203,R,field_out,False,False
778549,2025-03-28,2025,695238,L,450203,R,double,False,False
778549,2025-03-28,2025,664770,L,450203,R,strikeout,True,False
778549,2025-03-28,2025,702176,L,450203,R,field_out,False,False
778549,2025-03-28,2025,663624,R,592332,R,field_out,False,False
778549,2025-03-28,2025,702616,L,592332,R,home_run,False,False
778549,2025-03-28,2025,622761,R,592332,R,field_out,False,False
778549,2025-03-28,2025,681297,L,592332,R,field_out,False,False
778549,2025-03-28,2025,666182,R,450203,R,field_out,False,False
778549,2025-03-28,2025,665489,R,450203,R,double,False,False
778549,2025-03-29,2025,623993,L,450203,R,field_out,False,False
778549,2025-03-29,2025,665926,L,450203,R,field_out,False,False
778549,2025-03-29,2025,668939,L,592332,R,walk,False,True
778549,2025-03-29,2025,676059,R,592332,R,strikeout,True,False
778549,2025-03-29,2025,656811,L,592332,R,single,False,False
778549,2025-03-29,2025,641933,R,592332,R,sac_fly,False,False
778549,2025-03-29,2025,656775,L,592332,R,field_out,False,False
778549,2025-03-29,2025,672386,R,450203,R,single,False,False
778549,2025-03-29,2025,543807,R,450203,R,single,False,False
778549,2025-03-29,2025,695238,L,450203,R,single,False,False
778549,2025-03-29,2025,664770,L,450203,R,walk,False,True
778549,2025-03-29,2025,702176,L,450203,R,sac_fly,False,False
778549,2025-03-29,2025,666182,R,544150,R,single,False,False
778549,2025-03-29,2025,665489,R,544150,R,sac_fly,False,False
778549,2025-03-29,2025,623993,L,544150,R,single,False,False
778549,2025-03-29,2025,665926,L,544150,R,field_out,False,False
778549,2025-03-29,2025,663624,R,592332,R,field_out,False,False
778549,2025-03-29,2025,702616,L,592332,R,single,False,False
778549,2025-03-29,2025,622761,R,592332,R,strikeout,True,False
778549,2025-03-29,2025,681297,L,592332,R,strikeout,True,False
778549,2025-03-29,2025,672386,R,544150,R,field_out,False,False
778549,2025-03-29,2025,543807,R,544150,R,single,False,False
778549,2025-03-29,2025,695238,L,544150,R,strikeout_double_play,True,False
778549,2025-03-29,2025,668939,L,592332,R,field_out,False,False
778549,2025-03-29,2025,676059,R,592332,R,field_out,False,False
778549,2025-03-29,2025,656811,L,592332,R,field_out,False,False
778549,2025-03-29,2025,664770,L,544150,R,single,False,False
778549,2025-03-29,2025,702176,L,544150,R,field_out,False,False
778549,2025-03-29,2025,666182,R,544150,R,single,False,False
778549,2025-03-29,2025,665489,R,544150,R,strikeout_double_play,True,False
778549,2025-03-29,2025,641933,R,554340,R,field_out,False,False
778549,2025-03-29,2025,656775,L,554340,R,strikeout,True,False
778549,2025-03-29,2025,663624,R,554340,R,field_out,False,False
778549,2025-03-29,2025,623993,R,672335,L,walk,False,True
778549,2025-03-29,2025,665926,L,672335,L,single,False,False
778549,2025-03-29,2025,672386,R,672335,L,field_out,False,False
778549,2025-03-29,2025,543807,R,672335,L,strikeout,True,False
778549,2025-03-29,2025,676391,R,672335,L,double,False,False
778549,2025-03-29,2025,676914,R,672335,L,walk,False,True
778549,2025-03-29,2025,702176,L,672335,L,field_out,False,False
778549,2025-03-29,2025,702616,L,663893,L,strikeout,True,False
778549,2025-03-29,2025,622761,R,663893,L,strikeout,True,False
778549,2025-03-29,2025,681297,L,680704,R,strikeout,True,False
778549,2025-03-29,2025,666182,R,642397,L,hit_by_pitch,False,False
778549,2025-03-29,2025,665489,R,642397,L,strikeout,True,False
778549,2025-03-29,2025,623993,R,642397,L,strikeout,True,False
778549,2025-03-29,2025,665926,L,642397,L,strikeout,True,False
778549,2025-03-29,2025,668939,L,680704,R,walk,False,True
778549,2025-03-29,2025,676059,R,680704,R,force_out,False,False
778549,2025-03-29,2025,656811,L,680704,R,walk,False,True
778549,2025-03-29,2025,641933,R,680704,R,field_out,False,False
778549,2025-03-29,2025,656775,L,680704,R,walk,False,True
778549,2025-03-29,2025,663624,R,680704,R,strikeout,True,False
778548,2025-03-28,2025,502054,R,687362,R,field_out,False,False
778548,2025-03-28,2025,668804,L,687362,R,field_out,False,False
778548,2025-03-28,2025,665833,L,687362,R,field_out,False,False
778548,2025-03-28,2025,669364,L,656605,R,single,False,False
778548,2025-03-28,2025,669065,L,656605,R,grounded_into_double_play,False,False
778548,2025-03-28,2025,681146,R,656605,R,field_out,False,False
778548,2025-03-28,2025,663698,R,687362,R,walk,False,True
778548,2025-03-28,2025,457705,R,687362,R,field_out,False,False
778548,2025-03-28,2025,663647,R,687362,R,field_out,False,False
778548,2025-03-28,2025,682848,L,687362,R,field_out,False,False
778548,2025-03-28,2025,670223,L,656605,R,field_out,False,False
778548,2025-03-28,2025,672640,R,656605,R,walk,False,True
778548,2025-03-28,2025,665052,L,656605,R,single,False,False
778548,2025-03-28,2025,689414,L,656605,R,field_out,False,False
778548,2025-03-28,2025,656537,R,656605,R,strikeout,True,False
778548,2025-03-28,2025,624428,L,687362,R,strikeout,True,False
778548,2025-03-28,2025,643396,R,687362,R,single,False,False
778548,2025-03-28,2025,502054,R,687362,R,force_out,False,False
778548,2025-03-28,2025,668804,L,687362,R,strikeout,True,False
778548,2025-03-28,2025,688363,L,656605,R,field_out,False,False
778548,2025-03-28,2025,669364,L,656605,R,field_out,False,False
778548,2025-03-28,2025,669065,L,656605,R,strikeout,True,False
778548,2025-03-29,2025,665833,L,687362,R,walk,False,True
778548,2025-03-29,2025,663698,R,687362,R,walk,False,True
778548,2025-03-29,2025,457705,R,687362,R,double,False,False
778548,2025-03-29,2025,663647,R,687362,R,single,False,False
778548,2025-03-29,2025,682848,L,687362,R,field_out,False,False
778548,2025-03-29,2025,624428,L,687362,R,sac_fly,False,False
778548,2025-03-29,2025,643396,R,687362,R,field_out,False,False
778548,2025-03-29,2025,681146,R,656605,R,strikeout,True,False
778548,2025-03-29,2025,670223,L,656605,R,field_out,False,False
778548,2025-03-29,2025,672640,R,656605,R,field_out,False,False
778548,2025-03-29,2025,502054,R,687362,R,field_error,False,False
778548,2025-03-29,2025,668804,L,687362,R,strikeout,True,False
778548,2025-03-29,2025,665833,L,687362,R,home_run,False,False
778548,2025-03-29,2025,663698,R,687362,R,strikeout,True,False
778548,2025-03-29,2025,457705,R,687362,R,walk,False,True
778548,2025-03-29,2025,663647,R,687362,R,field_out,False,False
778548,2025-03-29,2025,665052,L,656605,R,field_out,False,False
778548,2025-03-29,2025,689414,L,656605,R,field_out,False,False
778548,2025-03-29,2025,656537,R,656605,R,single,False,False
778548,2025-03-29,2025,688363,L,656605,R,double,False,False
778548,2025-03-29,2025,669364,L,656605,R,field_out,False,False
778548,2025-03-29,2025,682848,L,663969,R,strikeout,True,False
778548,2025-03-29,2025,624428,L,663969,R,single,False,False
778548,2025-03-29,2025,643396,R,663969,R,field_out,False,False
778548,2025-03-29,2025,669065,L,656605,R,strikeout,True,False
778548,2025-03-29,2025,681146,R,656605,R,field_out,False,False
778548,2025-03-29,2025,670223,L,656605,R,single,False,False
778548,2025-03-29,2025,672640,R,656605,R,force_out,False,False
778548,2025-03-29,2025,502054,R,663969,R,field_out,False,False
778548,2025-03-29,2025,668804,L,663969,R,field_out,False,False
778548,2025-03-29,2025,665833,L,663969,R,single,False,False
778548,2025-03-29,2025,663698,R,663969,R,single,False,False
778548,2025-03-29,2025,457705,R,663969,R,force_out,False,False
778548,2025-03-29,2025,667472,R,657571,L,field_out,False,False
778548,2025-03-29,2025,689414,L,657571,L,walk,False,True
778548,2025-03-29,2025,656537,R,657571,L,sac_bunt,False,False
778548,2025-03-29,2025,676572,R,657571,L,strikeout,True,False
778548,2025-03-29,2025,663647,R,663969,R,field_out,False,False
778548,2025-03-29,2025,682848,L,663969,R,walk,False,True
778548,2025-03-29,2025,624428,L,663969,R,grounded_into_double_play,False,False
778548,2025-03-29,2025,669364,R,621366,L,single,False,False
778548,2025-03-29,2025,669065,L,621366,L,grounded_into_double_play,False,False
778548,2025-03-29,2025,681146,R,621366,L,strikeout,True,False
778548,2025-03-29,2025,643396,R,685107,L,field_out,False,False
778548,2025-03-29,2025,502054,R,685107,L,field_error,False,False
778548,2025-03-29,2025,668804,R,685107,L,strikeout,True,False
778548,2025-03-29,2025,665833,L,685107,L,field_out,False,False
778548,2025-03-29,2025,670223,L,670280,R,walk,False,True
778548,2025-03-29,2025,672640,R,670280,R,home_run,False,False
778548,2025-03-29,2025,667472,R,670280,R,field_out,False,False
778548,2025-03-29,2025,689414,L,670280,R,field_out,False,False
778548,2025-03-29,2025,656537,R,670280,R,strikeout,True,False
778560,2025-03-28,2025,686668,R,686752,R,field_out,False,False
778560,2025-03-28,2025,678662,R,686752,R,single,False,False
778560,2025-03-28,2025,641857,L,686752,R,single,False,False
778560,2025-03-28,2025,592178,R,686752,R,strikeout,True,False
778560,2025-03-28,2025,669911,L,686752,R,strikeout,True,False
778560,2025-03-28,2025,678554,R,607536,L,field_out,False,False
778560,2025-03-28,2025,650490,R,607536,L,field_out,False,False
778560,2025-03-28,2025,664040,L,607536,L,strikeout,True,False
778560,2025-03-28,2025,696100,R,686752,R,field_out,False,False
778560,2025-03-28,2025,605361,L,686752,R,field_out,False,False
778560,2025-03-28,2025,571657,R,686752,R,field_out,False,False
778560,2025-03-28,2025,691406,R,607536,L,field_out,False,False
778560,2025-03-28,2025,666624,R,607536,L,strikeout,True,False
778560,2025-03-28,2025,643376,R,607536,L,strikeout,True,False
778560,2025-03-28,2025,687597,R,686752,R,field_error,False,False
778560,2025-03-28,2025,686668,R,686752,R,strikeout,True,False
778560,2025-03-28,2025,678662,R,686752,R,double,False,False
778560,2025-03-28,2025,641857,L,686752,R,walk,False,True
778560,2025-03-28,2025,592178,R,686752,R,field_out,False,False
778560,2025-03-28,2025,666139,L,607536,L,field_out,False,False
778560,2025-03-28,2025,676356,R,607536,L,field_out,False,False
778560,2025-03-28,2025,670764,R,607536,L,field_out,False,False
778560,2025-03-28,2025,669911,L,686752,R,hit_by_pitch,False,False
778560,2025-03-28,2025,696100,R,686752,R,single,False,False
778560,2025-03-28,2025,605361,L,686752,R,strikeout,True,False
778560,2025-03-28,2025,571657,R,686752,R,sac_fly,False,False
778560,2025-03-28,2025,687597,R,686752,R,field_out,False,False
778560,2025-03-28,2025,678554,R,607536,L,strikeout,True,False
778560,2025-03-28,2025,650490,R,607536,L,single,False,False
778560,2025-03-28,2025,664040,L,607536,L,double_play,False,False
778560,2025-03-28,2025,686668,R,686752,R,strikeout,True,False
778560,2025-03-28,2025,678662,R,686752,R,strikeout,True,False
778560,2025-03-28,2025,641857,L,686752,R,double,False,False
778560,2025-03-28,2025,592178,R,686752,R,field_out,False,False
778560,2025-03-28,2025,691406,R,607536,L,field_out,False,False
778560,2025-03-28,2025,666624,R,607536,L,field_error,False,False
778560,2025-03-28,2025,643376,R,607536,L,strikeout,True,False
778560,2025-03-28,2025,666139,L,607536,L,single,False,False
778560,2025-03-28,2025,676356,R,607536,L,strikeout,True,False
778560,2025-03-28,2025,669911,L,686752,R,strikeout,True,False
778560,2025-03-28,2025,696100,R,686752,R,double,False,False
778560,2025-03-28,2025,605361,L,686752,R,strikeout,True,False
778560,2025-03-28,2025,571657,R,686752,R,field_out,False,False
778560,2025-03-28,2025,670764,R,607536,L,field_out,False,False
778560,2025-03-28,2025,678554,R,607536,L,strikeout,True,False
778560,2025-03-28,2025,650490,R,607536,L,field_out,False,False
778560,2025-03-28,2025,687597,R,685801,R,strikeout,True,False
778560,2025-03-28,2025,686668,R,685801,R,field_out,False,False
778560,2025-03-28,2025,678662,R,685801,R,field_out,False,False
778560,2025-03-28,2025,664040,L,641755,R,single,False,False
778560,2025-03-28,2025,691406,R,641755,R,double,False,False
778560,2025-03-28,2025,666018,L,641755,R,sac_fly,False,False
778560,2025-03-28,2025,643376,R,641755,R,walk,False,True
778560,2025-03-28,2025,676609,R,641755,R,single,False,False
778560,2025-03-28,2025,676356,R,683409,R,single,False,False
778560,2025-03-28,2025,670764,L,683409,R,strikeout,True,False
778560,2025-03-28,2025,678554,R,683409,R,force_out,False,False
778560,2025-03-28,2025,641857,L,682254,L,single,False,False
778560,2025-03-28,2025,592178,R,682254,L,field_out,False,False
778560,2025-03-28,2025,669911,R,682254,L,strikeout,True,False
778560,2025-03-28,2025,696100,R,682254,L,field_out,False,False
778560,2025-03-28,2025,650490,R,680767,R,field_out,False,False
778560,2025-03-28,2025,664040,L,680767,R,field_out,False,False
778560,2025-03-28,2025,691406,R,680767,R,strikeout,True,False
778560,2025-03-28,2025,605361,L,664126,R,walk,False,True
778560,2025-03-28,2025,571657,R,664126,R,strikeout,True,False
778560,2025-03-28,2025,687597,R,664126,R,walk,False,True
778560,2025-03-28,2025,686668,R,664126,R,strikeout,True,False
778560,2025-03-28,2025,670224,L,680767,R,home_run,False,False
778548,2025-03-28,2025,502054,R,687362,R,field_out,False,False
778548,2025-03-28,2025,668804,L,687362,R,field_out,False,False
778548,2025-03-28,2025,665833,L,687362,R,field_out,False,False
778548,2025-03-28,2025,669364,L,656605,R,single,False,False
778548,2025-03-28,2025,669065,L,656605,R,grounded_into_double_play,False,False
778548,2025-03-28,2025,681146,R,656605,R,field_out,False,False
778548,2025-03-28,2025,663698,R,687362,R,walk,False,True
778548,2025-03-28,2025,457705,R,687362,R,field_out,False,False
778548,2025-03-28,2025,663647,R,687362,R,field_out,False,False
778548,2025-03-28,2025,682848,L,687362,R,field_out,False,False
778548,2025-03-28,2025,670223,L,656605,R,field_out,False,False
778548,2025-03-28,2025,672640,R,656605,R,walk,False,True
778548,2025-03-28,2025,665052,L,656605,R,single,False,False
778548,2025-03-28,2025,689414,L,656605,R,field_out,False,False
778548,2025-03-28,2025,656537,R,656605,R,strikeout,True,False
778548,2025-03-28,2025,624428,L,687362,R,strikeout,True,False
778548,2025-03-28,2025,643396,R,687362,R,single,False,False
778548,2025-03-28,2025,502054,R,687362,R,force_out,False,False
778548,2025-03-28,2025,668804,L,687362,R,strikeout,True,False
778548,2025-03-28,2025,688363,L,656605,R,field_out,False,False
778548,2025-03-28,2025,669364,L,656605,R,field_out,False,False
778548,2025-03-28,2025,669065,L,656605,R,strikeout,True,False
778548,2025-03-29,2025,665833,L,687362,R,walk,False,True
778548,2025-03-29,2025,663698,R,687362,R,walk,False,True
778548,2025-03-29,2025,457705,R,687362,R,double,False,False
778548,2025-03-29,2025,663647,R,687362,R,single,False,False
778548,2025-03-29,2025,682848,L,687362,R,field_out,False,False
778548,2025-03-29,2025,624428,L,687362,R,sac_fly,False,False
778548,2025-03-29,2025,643396,R,687362,R,field_out,False,False
778548,2025-03-29,2025,681146,R,656605,R,strikeout,True,False
778548,2025-03-29,2025,670223,L,656605,R,field_out,False,False
778548,2025-03-29,2025,672640,R,656605,R,field_out,False,False
778548,2025-03-29,2025,502054,R,687362,R,field_error,False,False
778548,2025-03-29,2025,668804,L,687362,R,strikeout,True,False
778548,2025-03-29,2025,665833,L,687362,R,home_run,False,False
778548,2025-03-29,2025,663698,R,687362,R,strikeout,True,False
778548,2025-03-29,2025,457705,R,687362,R,walk,False,True
778548,2025-03-29,2025,663647,R,687362,R,field_out,False,False
778548,2025-03-29,2025,665052,L,656605,R,field_out,False,False
778548,2025-03-29,2025,689414,L,656605,R,field_out,False,False
778548,2025-03-29,2025,656537,R,656605,R,single,False,False
778548,2025-03-29,2025,688363,L,656605,R,double,False,False
778548,2025-03-29,2025,669364,L,656605,R,field_out,False,False
778548,2025-03-29,2025,682848,L,663969,R,strikeout,True,False
778548,2025-03-29,2025,624428,L,663969,R,single,False,False
778548,2025-03-29,2025,643396,R,663969,R,field_out,False,False
778548,2025-03-29,2025,669065,L,656605,R,strikeout,True,False
778548,2025-03-29,2025,681146,R,656605,R,field_out,False,False
778548,2025-03-29,2025,670223,L,656605,R,single,False,False
778548,2025-03-29,2025,672640,R,656605,R,force_out,False,False
778548,2025-03-29,2025,502054,R,663969,R,field_out,False,False
778548,2025-03-29,2025,668804,L,663969,R,field_out,False,False
778548,2025-03-29,2025,665833,L,663969,R,single,False,False
778548,2025-03-29,2025,663698,R,663969,R,single,False,False
778548,2025-03-29,2025,457705,R,663969,R,force_out,False,False
778548,2025-03-29,2025,667472,R,657571,L,field_out,False,False
778548,2025-03-29,2025,689414,L,657571,L,walk,False,True
778548,2025-03-29,2025,656537,R,657571,L,sac_bunt,False,False
778548,2025-03-29,2025,676572,R,657571,L,strikeout,True,False
778548,2025-03-29,2025,663647,R,663969,R,field_out,False,False
778548,2025-03-29,2025,682848,L,663969,R,walk,False,True
778548,2025-03-29,2025,624428,L,663969,R,grounded_into_double_play,False,False
778548,2025-03-29,2025,669364,R,621366,L,single,False,False
778548,2025-03-29,2025,669065,L,621366,L,grounded_into_double_play,False,False
778548,2025-03-29,2025,681146,R,621366,L,strikeout,True,False
778548,2025-03-29,2025,643396,R,685107,L,field_out,False,False
778548,2025-03-29,2025,502054,R,685107,L,field_error,False,False
778548,2025-03-29,2025,668804,R,685107,L,strikeout,True,False
778548,2025-03-29,2025,665833,L,685107,L,field_out,False,False
778548,2025-03-29,2025,670223,L,670280,R,walk,False,True
778548,2025-03-29,2025,672640,R,670280,R,home_run,False,False
778548,2025-03-29,2025,667472,R,670280,R,field_out,False,False
778548,2025-03-29,2025,689414,L,670280,R,field_out,False,False
778548,2025-03-29,2025,656537,R,670280,R,strikeout,True,False
778547,2025-03-28,2025,671732,L,669302,R,field_out,False,False
778547,2025-03-28,2025,667670,R,669302,R,strikeout,True,False
778547,2025-03-28,2025,668709,L,669302,R,field_out,False,False
778547,2025-03-28,2025,645302,R,622663,R,field_out,False,False
778547,2025-03-28,2025,677594,R,622663,R,strikeout,True,False
778547,2025-03-28,2025,663728,L,622663,R,walk,False,True
778547,2025-03-28,2025,668227,R,622663,R,field_out,False,False
778547,2025-03-28,2025,669127,R,669302,R,field_out,False,False
778547,2025-03-28,2025,609280,R,669302,R,field_out,False,False
778547,2025-03-28,2025,691016,L,669302,R,strikeout,True,False
778547,2025-03-28,2025,670042,L,622663,R,strikeout,True,False
778547,2025-03-28,2025,593871,L,622663,R,single,False,False
778547,2025-03-28,2025,642133,L,622663,R,hit_by_pitch,False,False
778547,2025-03-28,2025,669208,R,622663,R,grounded_into_double_play,False,False
778547,2025-03-28,2025,570482,R,669302,R,field_out,False,False
778547,2025-03-28,2025,691777,R,669302,R,strikeout,True,False
778547,2025-03-28,2025,805779,R,669302,R,single,False,False
778547,2025-03-28,2025,671732,L,669302,R,field_out,False,False
778547,2025-03-28,2025,641487,L,622663,R,field_out,False,False
778547,2025-03-28,2025,645302,R,622663,R,field_out,False,False
778547,2025-03-28,2025,677594,R,622663,R,walk,False,True
778547,2025-03-28,2025,663728,L,622663,R,field_out,False,False
778547,2025-03-28,2025,667670,R,669302,R,strikeout,True,False
778547,2025-03-28,2025,668709,L,669302,R,field_out,False,False
778547,2025-03-28,2025,669127,R,669302,R,strikeout,True,False
778547,2025-03-28,2025,668227,R,622663,R,strikeout,True,False
778547,2025-03-28,2025,670042,L,622663,R,field_out,False,False
778547,2025-03-28,2025,593871,L,622663,R,single,False,False
778547,2025-03-28,2025,642133,L,622663,R,strikeout,True,False
778547,2025-03-28,2025,609280,R,669302,R,field_out,False,False
778547,2025-03-28,2025,691016,L,669302,R,home_run,False,False
778547,2025-03-28,2025,570482,R,669302,R,field_out,False,False
778547,2025-03-28,2025,691777,R,669302,R,strikeout,True,False
778547,2025-03-28,2025,669208,R,622663,R,walk,False,True
778547,2025-03-28,2025,641487,L,622663,R,strikeout,True,False
778547,2025-03-28,2025,645302,R,622663,R,field_out,False,False
778547,2025-03-28,2025,677594,R,622663,R,field_out,False,False
778547,2025-03-28,2025,805779,R,669302,R,field_out,False,False
778547,2025-03-28,2025,671732,L,669302,R,field_out,False,False
778547,2025-03-28,2025,667670,R,669302,R,strikeout,True,False
778547,2025-03-28,2025,663728,L,622663,R,field_out,False,False
778547,2025-03-28,2025,668227,R,622663,R,walk,False,True
778547,2025-03-28,2025,670042,L,622663,R,single,False,False
778547,2025-03-28,2025,593871,L,622663,R,sac_bunt,False,False
778547,2025-03-28,2025,642133,L,622663,R,strikeout,True,False
778547,2025-03-28,2025,668709,L,669302,R,field_out,False,False
778547,2025-03-28,2025,669127,R,669302,R,strikeout,True,False
778547,2025-03-28,2025,609280,R,669302,R,field_out,False,False
778547,2025-03-28,2025,669208,R,621053,R,walk,False,True
778547,2025-03-28,2025,641487,L,621053,R,walk,False,True
778547,2025-03-28,2025,645302,R,621053,R,sac_fly,False,False
778547,2025-03-28,2025,677594,R,621053,R,field_out,False,False
778547,2025-03-28,2025,691016,L,663423,R,home_run,False,False
778547,2025-03-28,2025,570482,R,663423,R,strikeout,True,False
778547,2025-03-28,2025,691777,R,663423,R,field_out,False,False
778547,2025-03-28,2025,805779,R,663423,R,field_out,False,False
778547,2025-03-28,2025,663728,L,600917,R,strikeout,True,False
778547,2025-03-28,2025,668227,R,600917,R,home_run,False,False
778547,2025-03-28,2025,670042,L,600917,R,walk,False,True
778547,2025-03-28,2025,593871,L,600917,R,home_run,False,False
778547,2025-03-28,2025,642133,L,519008,L,field_out,False,False
778547,2025-03-28,2025,669208,R,519008,L,field_out,False,False
778547,2025-03-28,2025,671732,L,662253,R,walk,False,True
778547,2025-03-28,2025,667670,R,662253,R,strikeout,True,False
778547,2025-03-28,2025,668709,L,662253,R,grounded_into_double_play,False,False
778552,2025-03-28,2025,664023,L,668678,R,strikeout,True,False
778552,2025-03-28,2025,663656,L,668678,R,field_out,False,False
778552,2025-03-28,2025,673548,R,668678,R,field_error,False,False
778552,2025-03-28,2025,683737,L,668678,R,walk,False,True
778552,2025-03-28,2025,621020,R,668678,R,field_out,False,False
778552,2025-03-28,2025,606466,R,657006,L,double,False,False
778552,2025-03-28,2025,682998,L,657006,L,field_out,False,False
778552,2025-03-28,2025,666971,R,657006,L,field_out,False,False
778552,2025-03-28,2025,647304,L,657006,L,single,False,False
778552,2025-03-28,2025,672515,R,657006,L,field_out,False,False
778552,2025-03-28,2025,663538,R,668678,R,field_out,False,False
778552,2025-03-28,2025,691718,L,668678,R,walk,False,True
778552,2025-03-28,2025,807713,R,668678,R,walk,False,True
778552,2025-03-28,2025,665804,R,668678,R,field_out,False,False
778552,2025-03-28,2025,664023,L,668678,R,double,False,False
778552,2025-03-28,2025,663656,L,668678,R,single,False,False
778552,2025-03-28,2025,673548,R,668678,R,strikeout,True,False
778552,2025-03-28,2025,553993,R,657006,L,home_run,False,False
778552,2025-03-28,2025,545341,R,657006,L,field_out,False,False
778552,2025-03-28,2025,664983,L,657006,L,field_out,False,False
778552,2025-03-28,2025,672695,R,657006,L,field_out,False,False
778552,2025-03-28,2025,683737,L,668678,R,strikeout,True,False
778552,2025-03-28,2025,621020,R,668678,R,field_out,False,False
778552,2025-03-28,2025,663538,R,668678,R,single,False,False
778552,2025-03-28,2025,691718,L,668678,R,field_out,False,False
778552,2025-03-28,2025,606466,R,657006,L,strikeout,True,False
778552,2025-03-28,2025,682998,L,657006,L,walk,False,True
778552,2025-03-28,2025,666971,R,657006,L,field_out,False,False
778552,2025-03-28,2025,647304,L,657006,L,field_out,False,False
778552,2025-03-28,2025,807713,R,668678,R,strikeout,True,False
778552,2025-03-28,2025,665804,R,668678,R,field_out,False,False
778552,2025-03-28,2025,664023,L,668678,R,home_run,False,False
778552,2025-03-28,2025,663656,L,668678,R,walk,False,True
778552,2025-03-28,2025,673548,R,668678,R,field_out,False,False
778552,2025-03-28,2025,672515,R,657006,L,single,False,False
778552,2025-03-28,2025,553993,R,657006,L,field_out,False,False
778552,2025-03-28,2025,545341,R,657006,L,double,False,False
778552,2025-03-28,2025,664983,L,657006,L,strikeout,True,False
778552,2025-03-28,2025,672695,R,657006,L,single,False,False
778552,2025-03-28,2025,606466,R,657006,L,force_out,False,False
778552,2025-03-28,2025,683737,L,669194,R,single,False,False
778552,2025-03-28,2025,621020,R,669194,R,strikeout,True,False
778552,2025-03-28,2025,663538,R,669194,R,field_out,False,False
778552,2025-03-28,2025,691718,L,669194,R,single,False,False
778552,2025-03-28,2025,807713,R,669194,R,fielders_choice,False,False
778552,2025-03-28,2025,665804,R,669194,R,double,False,False
778552,2025-03-28,2025,664023,L,669194,R,walk,False,True
778552,2025-03-28,2025,663656,L,669194,R,strikeout,True,False
778552,2025-03-28,2025,682998,L,657006,L,hit_by_pitch,False,False
778552,2025-03-28,2025,666971,R,657006,L,field_out,False,False
778552,2025-03-28,2025,647304,L,657006,L,grounded_into_double_play,False,False
778552,2025-03-28,2025,673548,R,669194,R,single,False,False
778552,2025-03-28,2025,683737,L,669194,R,field_out,False,False
778552,2025-03-28,2025,621020,R,669194,R,strikeout,True,False
778552,2025-03-28,2025,663538,R,669194,R,single,False,False
778552,2025-03-28,2025,691718,L,656222,L,field_out,False,False
778552,2025-03-28,2025,672515,R,663878,R,walk,False,True
778552,2025-03-28,2025,553993,R,663878,R,hit_by_pitch,False,False
778552,2025-03-28,2025,656976,L,663878,R,walk,False,True
778552,2025-03-28,2025,664983,L,663878,R,sac_fly,False,False
778552,2025-03-28,2025,672695,L,663878,R,sac_fly,False,False
778552,2025-03-28,2025,606466,L,663878,R,field_out,False,False
778552,2025-03-28,2025,807713,R,656222,L,field_out,False,False
778552,2025-03-28,2025,665804,R,656222,L,strikeout,True,False
778552,2025-03-28,2025,664023,R,656222,L,field_out,False,False
778552,2025-03-28,2025,682998,L,573204,L,field_out,False,False
778552,2025-03-28,2025,666971,R,573204,L,field_out,False,False
778552,2025-03-28,2025,647304,L,573204,L,field_out,False,False
778552,2025-03-28,2025,663656,L,656222,L,field_out,False,False
778552,2025-03-28,2025,673548,R,686826,R,strikeout,True,False
778552,2025-03-28,2025,683737,L,686826,R,single,False,False
778552,2025-03-28,2025,621020,R,686826,R,force_out,False,False
778552,2025-03-28,2025,672515,R,687863,R,single,False,False
778552,2025-03-28,2025,553993,R,687863,R,strikeout,True,False
778552,2025-03-28,2025,656976,L,687863,R,strikeout,True,False
778552,2025-03-28,2025,664983,L,687863,R,field_out,False,False
778552,2025-03-28,2025,663538,R,686826,R,walk,False,True
778552,2025-03-28,2025,691718,L,686826,R,field_out,False,False
778552,2025-03-28,2025,807713,R,686826,R,single,False,False
778552,2025-03-28,2025,665804,R,686826,R,double,False,False
778552,2025-03-28,2025,664023,L,686826,R,field_out,False,False
778552,2025-03-28,2025,663656,L,686826,R,strikeout,True,False
778552,2025-03-28,2025,672695,L,519151,R,field_out,False,False
778552,2025-03-28,2025,606466,L,519151,R,single,False,False
778552,2025-03-28,2025,682998,L,519151,R,double,False,False
778552,2025-03-28,2025,666971,R,519151,R,field_out,False,False
778552,2025-03-28,2025,647304,L,519151,R,field_out,False,False
778549,2025-03-28,2025,681297,L,592332,R,field_out,False,False
778549,2025-03-28,2025,668939,L,592332,R,field_out,False,False
778549,2025-03-28,2025,676059,R,592332,R,field_out,False,False
778549,2025-03-28,2025,666182,R,450203,R,field_out,False,False
778549,2025-03-28,2025,665489,R,450203,R,single,False,False
778549,2025-03-28,2025,623993,L,450203,R,single,False,False
778549,2025-03-28,2025,665926,L,450203,R,strikeout,True,False
778549,2025-03-28,2025,672386,R,450203,R,strikeout,True,False
778549,2025-03-28,2025,656811,L,592332,R,field_out,False,False
778549,2025-03-28,2025,641933,R,592332,R,field_out,False,False
778549,2025-03-28,2025,656775,L,592332,R,strikeout,True,False
778549,2025-03-28,2025,543807,R,450203,R,field_out,False,False
778549,2025-03-28,2025,695238,L,450203,R,double,False,False
778549,2025-03-28,2025,664770,L,450203,R,strikeout,True,False
778549,2025-03-28,2025,702176,L,450203,R,field_out,False,False
778549,2025-03-28,2025,663624,R,592332,R,field_out,False,False
778549,2025-03-28,2025,702616,L,592332,R,home_run,False,False
778549,2025-03-28,2025,622761,R,592332,R,field_out,False,False
778549,2025-03-28,2025,681297,L,592332,R,field_out,False,False
778549,2025-03-28,2025,666182,R,450203,R,field_out,False,False
778549,2025-03-28,2025,665489,R,450203,R,double,False,False
778549,2025-03-29,2025,623993,L,450203,R,field_out,False,False
778549,2025-03-29,2025,665926,L,450203,R,field_out,False,False
778549,2025-03-29,2025,668939,L,592332,R,walk,False,True
778549,2025-03-29,2025,676059,R,592332,R,strikeout,True,False
778549,2025-03-29,2025,656811,L,592332,R,single,False,False
778549,2025-03-29,2025,641933,R,592332,R,sac_fly,False,False
778549,2025-03-29,2025,656775,L,592332,R,field_out,False,False
778549,2025-03-29,2025,672386,R,450203,R,single,False,False
778549,2025-03-29,2025,543807,R,450203,R,single,False,False
778549,2025-03-29,2025,695238,L,450203,R,single,False,False
778549,2025-03-29,2025,664770,L,450203,R,walk,False,True
778549,2025-03-29,2025,702176,L,450203,R,sac_fly,False,False
778549,2025-03-29,2025,666182,R,544150,R,single,False,False
778549,2025-03-29,2025,665489,R,544150,R,sac_fly,False,False
778549,2025-03-29,2025,623993,L,544150,R,single,False,False
778549,2025-03-29,2025,665926,L,544150,R,field_out,False,False
778549,2025-03-29,2025,663624,R,592332,R,field_out,False,False
778549,2025-03-29,2025,702616,L,592332,R,single,False,False
778549,2025-03-29,2025,622761,R,592332,R,strikeout,True,False
778549,2025-03-29,2025,681297,L,592332,R,strikeout,True,False
778549,2025-03-29,2025,672386,R,544150,R,field_out,False,False
778549,2025-03-29,2025,543807,R,544150,R,single,False,False
778549,2025-03-29,2025,695238,L,544150,R,strikeout_double_play,True,False
778549,2025-03-29,2025,668939,L,592332,R,field_out,False,False
778549,2025-03-29,2025,676059,R,592332,R,field_out,False,False
778549,2025-03-29,2025,656811,L,592332,R,field_out,False,False
778549,2025-03-29,2025,664770,L,544150,R,single,False,False
778549,2025-03-29,2025,702176,L,544150,R,field_out,False,False
778549,2025-03-29,2025,666182,R,544150,R,single,False,False
778549,2025-03-29,2025,665489,R,544150,R,strikeout_double_play,True,False
778549,2025-03-29,2025,641933,R,554340,R,field_out,False,False
778549,2025-03-29,2025,656775,L,554340,R,strikeout,True,False
778549,2025-03-29,2025,663624,R,554340,R,field_out,False,False
778549,2025-03-29,2025,623993,R,672335,L,walk,False,True
778549,2025-03-29,2025,665926,L,672335,L,single,False,False
778549,2025-03-29,2025,672386,R,672335,L,field_out,False,False
778549,2025-03-29,2025,543807,R,672335,L,strikeout,True,False
778549,2025-03-29,2025,676391,R,672335,L,double,False,False
778549,2025-03-29,2025,676914,R,672335,L,walk,False,True
778549,2025-03-29,2025,702176,L,672335,L,field_out,False,False
778549,2025-03-29,2025,702616,L,663893,L,strikeout,True,False
778549,2025-03-29,2025,622761,R,663893,L,strikeout,True,False
778549,2025-03-29,2025,681297,L,680704,R,strikeout,True,False
778549,2025-03-29,2025,666182,R,642397,L,hit_by_pitch,False,False
778549,2025-03-29,2025,665489,R,642397,L,strikeout,True,False
778549,2025-03-29,2025,623993,R,642397,L,strikeout,True,False
778549,2025-03-29,2025,665926,L,642397,L,strikeout,True,False
778549,2025-03-29,2025,668939,L,680704,R,walk,False,True
778549,2025-03-29,2025,676059,R,680704,R,force_out,False,False
778549,2025-03-29,2025,656811,L,680704,R,walk,False,True
778549,2025-03-29,2025,641933,R,680704,R,field_out,False,False
778549,2025-03-29,2025,656775,L,680704,R,walk,False,True
778549,2025-03-29,2025,663624,R,680704,R,strikeout,True,False
778550,2025-03-29,2025,680776,L,683004,R,field_out,False,False
778550,2025-03-29,2025,646240,L,683004,R,strikeout,True,False
778550,2025-03-29,2025,608324,R,683004,R,strikeout,True,False
778550,2025-03-29,2025,543760,R,656557,R,field_out,False,False
778550,2025-03-29,2025,608369,L,656557,R,single,False,False
778550,2025-03-29,2025,694671,R,656557,R,grounded_into_double_play,False,False
778550,2025-03-29,2025,671213,L,683004,R,field_out,False,False
778550,2025-03-29,2025,596115,R,683004,R,field_out,False,False
778550,2025-03-29,2025,692225,R,683004,R,single,False,False
778550,2025-03-29,2025,677800,L,683004,R,walk,False,True
778550,2025-03-29,2025,657136,R,683004,R,field_out,False,False
778550,2025-03-29,2025,592626,L,656557,R,field_out,False,False
778550,2025-03-29,2025,666969,R,656557,R,walk,False,True
778550,2025-03-29,2025,669394,R,656557,R,strikeout,True,False
778550,2025-03-29,2025,673962,R,656557,R,field_out,False,False
778550,2025-03-29,2025,678882,R,683004,R,field_out,False,False
778550,2025-03-29,2025,680776,L,683004,R,single,False,False
778550,2025-03-29,2025,646240,L,683004,R,strikeout,True,False
778550,2025-03-29,2025,608324,R,683004,R,field_out,False,False
778550,2025-03-29,2025,641680,L,656557,R,home_run,False,False
778550,2025-03-29,2025,665750,L,656557,R,walk,False,True
778550,2025-03-29,2025,543760,R,656557,R,grounded_into_double_play,False,False
778550,2025-03-29,2025,608369,L,656557,R,field_out,False,False
778550,2025-03-29,2025,671213,L,683004,R,field_out,False,False
778550,2025-03-29,2025,596115,R,683004,R,single,False,False
778550,2025-03-29,2025,692225,R,683004,R,single,False,False
778550,2025-03-29,2025,677800,L,683004,R,single,False,False
778550,2025-03-29,2025,657136,R,683004,R,grounded_into_double_play,False,False
778550,2025-03-29,2025,694671,R,656557,R,field_out,False,False
778550,2025-03-29,2025,592626,L,656557,R,field_out,False,False
778550,2025-03-29,2025,666969,R,656557,R,walk,False,True
778550,2025-03-29,2025,669394,R,656557,R,field_out,False,False
778550,2025-03-29,2025,678882,R,683004,R,field_out,False,False
778550,2025-03-29,2025,680776,L,683004,R,field_out,False,False
778550,2025-03-29,2025,646240,L,683004,R,strikeout,True,False
778550,2025-03-29,2025,673962,R,656557,R,field_out,False,False
778550,2025-03-29,2025,641680,L,656557,R,home_run,False,False
778550,2025-03-29,2025,665750,L,656557,R,single,False,False
778550,2025-03-29,2025,543760,R,656557,R,field_out,False,False
778550,2025-03-29,2025,608369,L,656557,R,strikeout,True,False
778550,2025-03-29,2025,608324,R,542888,R,single,False,False
778550,2025-03-29,2025,671213,L,542888,R,strikeout,True,False
778550,2025-03-29,2025,596115,R,542888,R,field_out,False,False
778550,2025-03-29,2025,692225,R,542888,R,strikeout,True,False
778550,2025-03-29,2025,694671,R,656557,R,single,False,False
778550,2025-03-29,2025,592626,L,656557,R,single,False,False
778550,2025-03-29,2025,666969,R,656557,R,field_out,False,False
778550,2025-03-29,2025,669394,R,656557,R,double,False,False
778550,2025-03-29,2025,673962,R,669711,R,single,False,False
778550,2025-03-29,2025,641680,L,669711,R,field_out,False,False
778550,2025-03-29,2025,677800,L,687847,R,single,False,False
778550,2025-03-29,2025,657136,R,687847,R,walk,False,True
778550,2025-03-29,2025,678882,R,687847,R,field_out,False,False
778550,2025-03-29,2025,680776,L,571948,L,single,False,False
778550,2025-03-29,2025,646240,L,571948,L,strikeout,True,False
778550,2025-03-29,2025,608324,R,571948,L,field_out,False,False
778550,2025-03-29,2025,665750,L,669711,R,strikeout,True,False
778550,2025-03-29,2025,543760,R,669711,R,field_out,False,False
778550,2025-03-29,2025,608369,L,657514,L,field_out,False,False
778550,2025-03-29,2025,671213,L,657097,R,field_out,False,False
778550,2025-03-29,2025,596115,R,657097,R,field_out,False,False
778550,2025-03-29,2025,692225,R,657097,R,field_out,False,False
778550,2025-03-29,2025,694671,R,657514,L,field_out,False,False
778550,2025-03-29,2025,607680,R,657514,L,field_out,False,False
778550,2025-03-29,2025,666969,R,657514,L,field_out,False,False
778550,2025-03-29,2025,677800,L,592426,R,field_out,False,False
778550,2025-03-29,2025,657136,R,592426,R,field_out,False,False
778550,2025-03-29,2025,678882,R,592426,R,field_out,False,False
778518,2025-03-29,2025,596019,L,686613,R,strikeout,True,False
778518,2025-03-29,2025,665742,L,686613,R,strikeout,True,False
778518,2025-03-29,2025,624413,R,686613,R,field_out,False,False
778518,2025-03-29,2025,514888,R,656731,R,strikeout,True,False
778518,2025-03-29,2025,670623,R,656731,R,field_out,False,False
778518,2025-03-29,2025,670541,L,656731,R,field_out,False,False
778518,2025-03-29,2025,607043,L,686613,R,single,False,False
778518,2025-03-29,2025,668901,R,686613,R,double,False,False
778518,2025-03-29,2025,608385,L,686613,R,single,False,False
778518,2025-03-29,2025,621438,R,686613,R,grounded_into_double_play,False,False
778518,2025-03-29,2025,683146,L,686613,R,field_out,False,False
778518,2025-03-29,2025,572233,R,656731,R,field_out,False,False
778518,2025-03-29,2025,673237,R,656731,R,field_out,False,False
778518,2025-03-29,2025,665161,R,656731,R,field_out,False,False
778518,2025-03-29,2025,620443,R,686613,R,strikeout,True,False
778518,2025-03-29,2025,596019,L,686613,R,field_out,False,False
778518,2025-03-29,2025,665742,L,686613,R,home_run,False,False
778518,2025-03-29,2025,624413,R,686613,R,strikeout,True,False
778518,2025-03-29,2025,701358,R,656731,R,strikeout,True,False
778518,2025-03-29,2025,663898,R,656731,R,field_out,False,False
778518,2025-03-29,2025,676694,R,656731,R,strikeout,True,False
778518,2025-03-29,2025,607043,L,686613,R,strikeout,True,False
778518,2025-03-29,2025,668901,R,686613,R,field_out,False,False
778518,2025-03-29,2025,608385,L,686613,R,walk,False,True
778518,2025-03-29,2025,621438,R,686613,R,field_out,False,False
778518,2025-03-29,2025,514888,R,656731,R,single,False,False
778518,2025-03-29,2025,670623,R,656731,R,single,False,False
778518,2025-03-29,2025,670541,L,656731,R,sac_fly,False,False
778518,2025-03-29,2025,572233,R,656731,R,strikeout,True,False
778518,2025-03-29,2025,673237,R,656731,R,strikeout,True,False
778518,2025-03-29,2025,683146,L,686613,R,strikeout,True,False
778518,2025-03-29,2025,620443,R,686613,R,strikeout,True,False
778518,2025-03-29,2025,596019,L,686613,R,field_out,False,False
778518,2025-03-29,2025,665161,R,656731,R,field_out,False,False
778518,2025-03-29,2025,701358,R,656731,R,walk,False,True
778518,2025-03-29,2025,663898,R,656731,R,grounded_into_double_play,False,False
778518,2025-03-29,2025,665742,L,686613,R,walk,False,True
778518,2025-03-29,2025,624413,R,686613,R,walk,False,True
778518,2025-03-29,2025,607043,L,686613,R,grounded_into_double_play,False,False
778518,2025-03-29,2025,668901,R,686613,R,field_out,False,False
778518,2025-03-29,2025,676694,R,656731,R,strikeout,True,False
778518,2025-03-29,2025,514888,R,656731,R,single,False,False
778518,2025-03-29,2025,670623,R,657585,R,strikeout,True,False
778518,2025-03-29,2025,670541,L,657585,R,walk,False,True
778518,2025-03-29,2025,572233,R,657585,R,strikeout,True,False
778518,2025-03-29,2025,673237,R,657585,R,field_out,False,False
778518,2025-03-29,2025,608385,L,595345,L,field_out,False,False
778518,2025-03-29,2025,621438,R,595345,L,strikeout,True,False
778518,2025-03-29,2025,682668,R,595345,L,strikeout,True,False
778518,2025-03-29,2025,665161,R,621345,L,field_out,False,False
778518,2025-03-29,2025,701358,R,621345,L,walk,False,True
778518,2025-03-29,2025,663898,R,621345,L,field_out,False,False
778518,2025-03-29,2025,676694,R,621345,L,strikeout,True,False
778518,2025-03-29,2025,620443,R,605463,R,double,False,False
778518,2025-03-29,2025,596019,L,605463,R,hit_by_pitch,False,False
778518,2025-03-29,2025,665742,L,605463,R,field_out,False,False
778518,2025-03-29,2025,624413,R,605463,R,force_out,False,False
778518,2025-03-29,2025,607043,L,687911,L,field_out,False,False
778518,2025-03-29,2025,514888,R,592773,R,walk,False,True
778518,2025-03-29,2025,670623,R,592773,R,field_out,False,False
778518,2025-03-29,2025,670541,L,592773,R,field_out,False,False
778518,2025-03-29,2025,572233,R,592773,R,field_out,False,False
778518,2025-03-29,2025,668901,R,664351,R,field_out,False,False
778518,2025-03-29,2025,608385,L,664351,R,strikeout,True,False
778518,2025-03-29,2025,621438,R,664351,R,strikeout,True,False
778518,2025-03-29,2025,673237,R,621242,R,strikeout,True,False
778518,2025-03-29,2025,665161,R,621242,R,field_out,False,False
778518,2025-03-29,2025,701358,R,621242,R,field_out,False,False
778543,2025-03-29,2025,664023,L,518876,R,walk,False,True
778543,2025-03-29,2025,663656,L,518876,R,field_out,False,False
778543,2025-03-29,2025,673548,R,518876,R,strikeout,True,False
778543,2025-03-29,2025,683737,L,518876,R,field_out,False,False
778543,2025-03-29,2025,682998,L,592791,R,field_out,False,False
778543,2025-03-29,2025,606466,L,592791,R,single,False,False
778543,2025-03-29,2025,666971,R,592791,R,field_out,False,False
778543,2025-03-29,2025,647304,L,592791,R,field_out,False,False
778543,2025-03-29,2025,621020,R,518876,R,walk,False,True
778543,2025-03-29,2025,663538,R,518876,R,field_error,False,False
778543,2025-03-29,2025,691718,L,518876,R,double,False,False
778543,2025-03-29,2025,807713,R,518876,R,field_out,False,False
778543,2025-03-29,2025,608348,R,518876,R,fielders_choice_out,False,False
778543,2025-03-29,2025,664023,L,518876,R,field_out,False,False
778543,2025-03-29,2025,656976,L,592791,R,single,False,False
778543,2025-03-29,2025,553993,R,592791,R,home_run,False,False
778543,2025-03-29,2025,677950,L,592791,R,double,False,False
778543,2025-03-29,2025,672695,L,592791,R,field_out,False,False
778543,2025-03-29,2025,645444,L,592791,R,strikeout,True,False
778543,2025-03-29,2025,682998,L,592791,R,field_out,False,False
778543,2025-03-29,2025,663656,L,518876,R,field_out,False,False
778543,2025-03-29,2025,673548,R,518876,R,double,False,False
778543,2025-03-29,2025,683737,L,518876,R,field_out,False,False
778543,2025-03-29,2025,621020,R,518876,R,field_out,False,False
778543,2025-03-29,2025,606466,L,592791,R,field_out,False,False
778543,2025-03-29,2025,666971,R,592791,R,field_out,False,False
778543,2025-03-29,2025,647304,L,592791,R,field_out,False,False
778543,2025-03-29,2025,663538,R,518876,R,field_out,False,False
778543,2025-03-29,2025,691718,L,518876,R,walk,False,True
778543,2025-03-29,2025,807713,R,518876,R,field_out,False,False
778543,2025-03-29,2025,656976,L,592791,R,double,False,False
778543,2025-03-29,2025,553993,R,592791,R,home_run,False,False
778543,2025-03-29,2025,677950,L,592791,R,double,False,False
778543,2025-03-29,2025,672695,L,592791,R,single,False,False
778543,2025-03-29,2025,645444,L,592791,R,sac_bunt,False,False
778543,2025-03-29,2025,682998,L,592791,R,field_out,False,False
778543,2025-03-29,2025,606466,L,592791,R,field_out,False,False
778543,2025-03-29,2025,608348,R,518876,R,field_out,False,False
778543,2025-03-29,2025,664023,L,518876,R,field_out,False,False
778543,2025-03-29,2025,663656,L,518876,R,walk,False,True
778543,2025-03-29,2025,673548,R,518876,R,field_out,False,False
778543,2025-03-29,2025,666971,R,592791,R,double,False,False
778543,2025-03-29,2025,647304,L,592791,R,field_out,False,False
778543,2025-03-29,2025,656976,L,669212,R,double,False,False
778543,2025-03-29,2025,553993,R,669212,R,field_out,False,False
778543,2025-03-29,2025,677950,L,669212,R,strikeout,True,False
778543,2025-03-29,2025,683737,L,518876,R,field_out,False,False
778543,2025-03-29,2025,621020,R,518876,R,single,False,False
778543,2025-03-29,2025,663538,R,657044,R,field_out,False,False
778543,2025-03-29,2025,691718,L,657044,R,field_out,False,False
778543,2025-03-29,2025,672695,L,669212,R,strikeout,True,False
778543,2025-03-29,2025,645444,L,669212,R,field_out,False,False
778543,2025-03-29,2025,682998,L,669212,R,strikeout,True,False
778543,2025-03-29,2025,807713,R,573009,L,strikeout,True,False
778543,2025-03-29,2025,608348,R,573009,L,field_out,False,False
778543,2025-03-29,2025,664023,R,573009,L,field_out,False,False
778543,2025-03-29,2025,606466,L,641745,R,double,False,False
778543,2025-03-29,2025,666971,R,641745,R,single,False,False
778543,2025-03-29,2025,647304,L,641745,R,single,False,False
778543,2025-03-29,2025,656976,L,641745,R,strikeout,True,False
778543,2025-03-29,2025,553993,R,641745,R,force_out,False,False
778543,2025-03-29,2025,677950,L,641745,R,single,False,False
778543,2025-03-29,2025,672695,L,641745,R,field_out,False,False
778543,2025-03-29,2025,663656,L,571946,R,strikeout,True,False
778543,2025-03-29,2025,673548,R,571946,R,strikeout,True,False
778543,2025-03-29,2025,683737,L,571946,R,strikeout,True,False
778543,2025-03-29,2025,645444,L,641745,R,strikeout,True,False
778543,2025-03-29,2025,682998,L,641745,R,hit_by_pitch,False,False
778543,2025-03-29,2025,606466,L,641745,R,strikeout,True,False
778543,2025-03-29,2025,666971,R,641745,R,field_out,False,False
778543,2025-03-29,2025,621020,R,571946,R,field_out,False,False
778543,2025-03-29,2025,663538,R,571946,R,field_error,False,False
778543,2025-03-29,2025,691718,L,571946,R,field_out,False,False
778543,2025-03-29,2025,807713,R,571946,R,field_out,False,False
778535,2025-03-29,2025,656941,L,663623,R,single,False,False
778535,2025-03-29,2025,664761,R,663623,R,walk,False,True
778535,2025-03-29,2025,547180,L,663623,R,field_out,False,False
778535,2025-03-29,2025,592663,R,663623,R,field_out,False,False
778535,2025-03-29,2025,682928,L,666200,L,single,False,False
778535,2025-03-29,2025,686611,R,666200,L,strikeout,True,False
778535,2025-03-29,2025,695578,L,666200,L,strikeout,True,False
778535,2025-03-29,2025,605137,R,666200,L,field_out,False,False
778535,2025-03-29,2025,596146,L,663623,R,field_out,False,False
778535,2025-03-29,2025,592206,R,663623,R,field_out,False,False
778535,2025-03-29,2025,681082,L,663623,R,double,False,False
778535,2025-03-29,2025,669016,L,663623,R,field_out,False,False
778535,2025-03-29,2025,642708,R,666200,L,single,False,False
778535,2025-03-29,2025,663993,L,666200,L,strikeout,True,False
778535,2025-03-29,2025,660688,R,666200,L,home_run,False,False
778535,2025-03-29,2025,657557,R,666200,L,strikeout,True,False
778535,2025-03-29,2025,696285,R,666200,L,walk,False,True
778535,2025-03-29,2025,682928,L,666200,L,strikeout,True,False
778535,2025-03-29,2025,624641,R,663623,R,field_out,False,False
778535,2025-03-29,2025,656941,L,663623,R,strikeout,True,False
778535,2025-03-29,2025,664761,R,663623,R,single,False,False
778535,2025-03-29,2025,547180,L,663623,R,field_out,False,False
778535,2025-03-29,2025,686611,R,666200,L,strikeout,True,False
778535,2025-03-29,2025,695578,L,666200,L,single,False,False
778535,2025-03-29,2025,605137,R,666200,L,field_out,False,False
778535,2025-03-29,2025,642708,R,666200,L,field_out,False,False
778535,2025-03-29,2025,592663,R,663623,R,field_out,False,False
778535,2025-03-29,2025,596146,L,663623,R,walk,False,True
778535,2025-03-29,2025,592206,R,663623,R,field_out,False,False
778535,2025-03-29,2025,681082,L,663623,R,home_run,False,False
778535,2025-03-29,2025,669016,L,663623,R,single,False,False
778535,2025-03-29,2025,624641,R,663623,R,double,False,False
778535,2025-03-29,2025,656941,L,663623,R,strikeout,True,False
778535,2025-03-29,2025,663993,L,666200,L,strikeout,True,False
778535,2025-03-29,2025,660688,R,666200,L,strikeout,True,False
778535,2025-03-29,2025,657557,R,666200,L,walk,False,True
778535,2025-03-29,2025,696285,R,666200,L,force_out,False,False
778535,2025-03-29,2025,664761,R,663623,R,field_out,False,False
778535,2025-03-29,2025,547180,L,663623,R,single,False,False
778535,2025-03-29,2025,592663,R,663623,R,grounded_into_double_play,False,False
778535,2025-03-29,2025,682928,L,666200,L,strikeout,True,False
778535,2025-03-29,2025,686611,R,666200,L,strikeout,True,False
778535,2025-03-29,2025,695578,L,666200,L,double,False,False
778535,2025-03-29,2025,605137,R,666200,L,strikeout,True,False
778535,2025-03-29,2025,596146,L,621363,L,strikeout,True,False
778535,2025-03-29,2025,592206,R,621363,L,walk,False,True
778535,2025-03-29,2025,681082,L,621363,L,walk,False,True
778535,2025-03-29,2025,669016,L,621363,L,single,False,False
778535,2025-03-29,2025,624641,R,608371,R,walk,False,True
778535,2025-03-29,2025,656941,L,608371,R,home_run,False,False
778535,2025-03-29,2025,664761,R,608371,R,single,False,False
778535,2025-03-29,2025,547180,L,687377,R,field_out,False,False
778535,2025-03-29,2025,592663,R,687377,R,field_out,False,False
778535,2025-03-29,2025,642708,R,614179,R,home_run,False,False
778535,2025-03-29,2025,663993,L,614179,R,field_out,False,False
778535,2025-03-29,2025,660688,L,614179,R,double,False,False
778535,2025-03-29,2025,657557,R,614179,R,field_out,False,False
778535,2025-03-29,2025,696285,R,614179,R,field_out,False,False
778535,2025-03-29,2025,596146,L,687377,R,strikeout,True,False
778535,2025-03-29,2025,592206,R,687377,R,walk,False,True
778535,2025-03-29,2025,681082,L,687377,R,walk,False,True
778535,2025-03-29,2025,669016,L,687377,R,home_run,False,False
778535,2025-03-29,2025,624641,R,687377,R,strikeout,True,False
778535,2025-03-29,2025,656941,L,687377,R,field_out,False,False
778535,2025-03-29,2025,682928,L,621383,L,single,False,False
778535,2025-03-29,2025,686611,R,621383,L,strikeout,True,False
778535,2025-03-29,2025,695578,L,621383,L,strikeout,True,False
778535,2025-03-29,2025,605137,R,621383,L,field_out,False,False
778535,2025-03-29,2025,664761,R,687377,R,field_out,False,False
778535,2025-03-29,2025,547180,L,687377,R,single,False,False
778535,2025-03-29,2025,665561,L,687377,R,walk,False,True
778535,2025-03-29,2025,596146,L,674285,R,force_out,False,False
778535,2025-03-29,2025,679032,R,674285,R,single,False,False
778535,2025-03-29,2025,681082,L,674285,R,field_out,False,False
778535,2025-03-29,2025,642708,R,672578,R,single,False,False
778535,2025-03-29,2025,663993,L,672578,R,home_run,False,False
778535,2025-03-29,2025,656180,R,672578,R,field_out,False,False
778535,2025-03-29,2025,677588,L,672578,R,single,False,False
778535,2025-03-29,2025,696285,R,672578,R,field_out,False,False
778535,2025-03-29,2025,682928,L,672578,R,walk,False,True
778535,2025-03-29,2025,686611,R,672578,R,strikeout,True,False
778535,2025-03-29,2025,669016,L,674285,R,field_out,False,False
778535,2025-03-29,2025,624641,R,674285,R,single,False,False
778535,2025-03-29,2025,665019,L,674285,R,field_out,False,False
778535,2025-03-29,2025,664761,R,674285,R,field_out,False,False
778535,2025-03-29,2025,695578,L,605452,R,strikeout,True,False
778535,2025-03-29,2025,605137,L,605452,R,walk,False,True
778535,2025-03-29,2025,642708,R,605452,R,field_out,False,False
778535,2025-03-29,2025,663993,L,605452,R,single,False,False
778535,2025-03-29,2025,656180,R,605452,R,force_out,False,False
778543,2025-03-29,2025,664023,L,518876,R,walk,False,True
778543,2025-03-29,2025,663656,L,518876,R,field_out,False,False
778543,2025-03-29,2025,673548,R,518876,R,strikeout,True,False
778543,2025-03-29,2025,683737,L,518876,R,field_out,False,False
778543,2025-03-29,2025,682998,L,592791,R,field_out,False,False
778543,2025-03-29,2025,606466,L,592791,R,single,False,False
778543,2025-03-29,2025,666971,R,592791,R,field_out,False,False
778543,2025-03-29,2025,647304,L,592791,R,field_out,False,False
778543,2025-03-29,2025,621020,R,518876,R,walk,False,True
778543,2025-03-29,2025,663538,R,518876,R,field_error,False,False
778543,2025-03-29,2025,691718,L,518876,R,double,False,False
778543,2025-03-29,2025,807713,R,518876,R,field_out,False,False
778543,2025-03-29,2025,608348,R,518876,R,fielders_choice_out,False,False
778543,2025-03-29,2025,664023,L,518876,R,field_out,False,False
778543,2025-03-29,2025,656976,L,592791,R,single,False,False
778543,2025-03-29,2025,553993,R,592791,R,home_run,False,False
778543,2025-03-29,2025,677950,L,592791,R,double,False,False
778543,2025-03-29,2025,672695,L,592791,R,field_out,False,False
778543,2025-03-29,2025,645444,L,592791,R,strikeout,True,False
778543,2025-03-29,2025,682998,L,592791,R,field_out,False,False
778543,2025-03-29,2025,663656,L,518876,R,field_out,False,False
778543,2025-03-29,2025,673548,R,518876,R,double,False,False
778543,2025-03-29,2025,683737,L,518876,R,field_out,False,False
778543,2025-03-29,2025,621020,R,518876,R,field_out,False,False
778543,2025-03-29,2025,606466,L,592791,R,field_out,False,False
778543,2025-03-29,2025,666971,R,592791,R,field_out,False,False
778543,2025-03-29,2025,647304,L,592791,R,field_out,False,False
778543,2025-03-29,2025,663538,R,518876,R,field_out,False,False
778543,2025-03-29,2025,691718,L,518876,R,walk,False,True
778543,2025-03-29,2025,807713,R,518876,R,field_out,False,False
778543,2025-03-29,2025,656976,L,592791,R,double,False,False
778543,2025-03-29,2025,553993,R,592791,R,home_run,False,False
778543,2025-03-29,2025,677950,L,592791,R,double,False,False
778543,2025-03-29,2025,672695,L,592791,R,single,False,False
778543,2025-03-29,2025,645444,L,592791,R,sac_bunt,False,False
778543,2025-03-29,2025,682998,L,592791,R,field_out,False,False
778543,2025-03-29,2025,606466,L,592791,R,field_out,False,False
778543,2025-03-29,2025,608348,R,518876,R,field_out,False,False
778543,2025-03-29,2025,664023,L,518876,R,field_out,False,False
778543,2025-03-29,2025,663656,L,518876,R,walk,False,True
778543,2025-03-29,2025,673548,R,518876,R,field_out,False,False
778543,2025-03-29,2025,666971,R,592791,R,double,False,False
778543,2025-03-29,2025,647304,L,592791,R,field_out,False,False
778543,2025-03-29,2025,656976,L,669212,R,double,False,False
778543,2025-03-29,2025,553993,R,669212,R,field_out,False,False
778543,2025-03-29,2025,677950,L,669212,R,strikeout,True,False
778543,2025-03-29,2025,683737,L,518876,R,field_out,False,False
778543,2025-03-29,2025,621020,R,518876,R,single,False,False
778543,2025-03-29,2025,663538,R,657044,R,field_out,False,False
778543,2025-03-29,2025,691718,L,657044,R,field_out,False,False
778543,2025-03-29,2025,672695,L,669212,R,strikeout,True,False
778543,2025-03-29,2025,645444,L,669212,R,field_out,False,False
778543,2025-03-29,2025,682998,L,669212,R,strikeout,True,False
778543,2025-03-29,2025,807713,R,573009,L,strikeout,True,False
778543,2025-03-29,2025,608348,R,573009,L,field_out,False,False
778543,2025-03-29,2025,664023,R,573009,L,field_out,False,False
778543,2025-03-29,2025,606466,L,641745,R,double,False,False
778543,2025-03-29,2025,666971,R,641745,R,single,False,False
778543,2025-03-29,2025,647304,L,641745,R,single,False,False
778543,2025-03-29,2025,656976,L,641745,R,strikeout,True,False
778543,2025-03-29,2025,553993,R,641745,R,force_out,False,False
778543,2025-03-29,2025,677950,L,641745,R,single,False,False
778543,2025-03-29,2025,672695,L,641745,R,field_out,False,False
778543,2025-03-29,2025,663656,L,571946,R,strikeout,True,False
778543,2025-03-29,2025,673548,R,571946,R,strikeout,True,False
778543,2025-03-29,2025,683737,L,571946,R,strikeout,True,False
778543,2025-03-29,2025,645444,L,641745,R,strikeout,True,False
778543,2025-03-29,2025,682998,L,641745,R,hit_by_pitch,False,False
778543,2025-03-29,2025,606466,L,641745,R,strikeout,True,False
778543,2025-03-29,2025,666971,R,641745,R,field_out,False,False
778543,2025-03-29,2025,621020,R,571946,R,field_out,False,False
778543,2025-03-29,2025,663538,R,571946,R,field_error,False,False
778543,2025-03-29,2025,691718,L,571946,R,field_out,False,False
778543,2025-03-29,2025,807713,R,571946,R,field_out,False,False
778542,2025-03-29,2025,595777,L,656302,R,field_out,False,False
778542,2025-03-29,2025,663586,R,656302,R,double,False,False
778542,2025-03-29,2025,621566,L,656302,R,strikeout,True,False
778542,2025-03-29,2025,542303,R,656302,R,strikeout,True,False
778542,2025-03-29,2025,665487,R,625643,R,home_run,False,False
778542,2025-03-29,2025,650333,L,625643,R,field_out,False,False
778542,2025-03-29,2025,592518,R,625643,R,field_out,False,False
778542,2025-03-29,2025,701538,L,625643,R,single,False,False
778542,2025-03-29,2025,630105,L,625643,R,other_out,False,False
778542,2025-03-29,2025,645277,L,656302,R,field_out,False,False
778542,2025-03-29,2025,671739,L,656302,R,strikeout,True,False
778542,2025-03-29,2025,686948,L,656302,R,strikeout,True,False
778542,2025-03-29,2025,630105,L,625643,R,single,False,False
778542,2025-03-29,2025,593428,R,625643,R,force_out,False,False
778542,2025-03-29,2025,657757,L,625643,R,single,False,False
778542,2025-03-29,2025,518792,L,625643,R,force_out,False,False
778542,2025-03-29,2025,455117,R,625643,R,single,False,False
778542,2025-03-29,2025,665487,R,625643,R,field_out,False,False
778542,2025-03-29,2025,669397,R,656302,R,strikeout,True,False
778542,2025-03-29,2025,672284,L,656302,R,strikeout,True,False
778542,2025-03-29,2025,595777,L,656302,R,single,False,False
778542,2025-03-29,2025,663586,R,656302,R,walk,False,True
778542,2025-03-29,2025,621566,L,656302,R,walk,False,True
778542,2025-03-29,2025,542303,R,656302,R,single,False,False
778542,2025-03-29,2025,645277,L,656302,R,strikeout,True,False
778542,2025-03-29,2025,650333,L,625643,R,field_out,False,False
778542,2025-03-29,2025,592518,R,625643,R,strikeout,True,False
778542,2025-03-29,2025,701538,L,625643,R,single,False,False
778542,2025-03-29,2025,630105,L,625643,R,walk,False,True
778542,2025-03-29,2025,593428,R,625643,R,double,False,False
778542,2025-03-29,2025,657757,L,625643,R,field_out,False,False
778542,2025-03-29,2025,671739,L,656302,R,field_out,False,False
778542,2025-03-29,2025,686948,L,656302,R,field_out,False,False
778542,2025-03-29,2025,669397,R,656302,R,field_out,False,False
778542,2025-03-29,2025,518792,L,625643,R,field_out,False,False
778542,2025-03-29,2025,455117,R,625643,R,single,False,False
778542,2025-03-29,2025,665487,R,625643,R,field_out,False,False
778542,2025-03-29,2025,650333,L,625643,R,walk,False,True
778542,2025-03-29,2025,592518,R,625643,R,force_out,False,False
778542,2025-03-29,2025,672284,L,656302,R,home_run,False,False
778542,2025-03-29,2025,595777,L,656302,R,field_out,False,False
778542,2025-03-29,2025,663586,R,670970,L,strikeout,True,False
778542,2025-03-29,2025,621566,L,670970,L,field_out,False,False
778542,2025-03-29,2025,701538,L,625643,R,single,False,False
778542,2025-03-29,2025,630105,L,625643,R,field_out,False,False
778542,2025-03-29,2025,593428,R,625643,R,field_out,False,False
778542,2025-03-29,2025,657757,L,625643,R,field_out,False,False
778542,2025-03-29,2025,542303,R,670970,L,walk,False,True
778542,2025-03-29,2025,645277,R,670970,L,field_out,False,False
778542,2025-03-29,2025,671739,L,670970,L,field_out,False,False
778542,2025-03-29,2025,686948,L,670970,L,field_out,False,False
778542,2025-03-29,2025,518792,L,572955,R,field_out,False,False
778542,2025-03-29,2025,455117,R,572955,R,strikeout,True,False
778542,2025-03-29,2025,665487,R,572955,R,field_out,False,False
778542,2025-03-29,2025,669397,R,669093,R,single,False,False
778542,2025-03-29,2025,672284,L,669093,R,strikeout,True,False
778542,2025-03-29,2025,595777,L,669093,R,field_out,False,False
778542,2025-03-29,2025,663586,R,669093,R,field_out,False,False
778542,2025-03-29,2025,650333,L,669276,L,field_out,False,False
778542,2025-03-29,2025,592518,R,669276,L,field_out,False,False
778542,2025-03-29,2025,701538,L,669276,L,field_out,False,False
778542,2025-03-29,2025,621566,L,592094,R,strikeout,True,False
778542,2025-03-29,2025,542303,R,592094,R,strikeout,True,False
778542,2025-03-29,2025,645277,L,592094,R,walk,False,True
778542,2025-03-29,2025,671739,L,592094,R,strikeout,True,False
778542,2025-03-29,2025,630105,L,669276,L,home_run,False,False
778542,2025-03-29,2025,593428,R,678226,R,strikeout,True,False
778542,2025-03-29,2025,657757,L,678226,R,field_out,False,False
778542,2025-03-29,2025,518792,L,678226,R,field_out,False,False
778542,2025-03-29,2025,686948,L,663158,R,field_out,False,False
778542,2025-03-29,2025,669397,R,663158,R,field_out,False,False
778542,2025-03-29,2025,672284,L,663158,R,strikeout,True,False
778544,2025-03-29,2025,650402,R,808967,R,field_out,False,False
778544,2025-03-29,2025,681481,L,808967,R,single,False,False
778544,2025-03-29,2025,682985,L,808967,R,single,False,False
778544,2025-03-29,2025,679529,R,808967,R,strikeout,True,False
778544,2025-03-29,2025,690993,L,808967,R,strikeout,True,False
778544,2025-03-29,2025,660271,L,656427,R,walk,False,True
778544,2025-03-29,2025,605141,R,656427,R,grounded_into_double_play,False,False
778544,2025-03-29,2025,518692,L,656427,R,field_out,False,False
778544,2025-03-29,2025,656716,L,808967,R,strikeout,True,False
778544,2025-03-29,2025,693307,R,808967,R,home_run,False,False
778544,2025-03-29,2025,700242,L,808967,R,strikeout,True,False
778544,2025-03-29,2025,668952,R,808967,R,strikeout,True,False
778544,2025-03-29,2025,606192,R,656427,R,field_out,False,False
778544,2025-03-29,2025,571970,L,656427,R,field_out,False,False
778544,2025-03-29,2025,669242,L,656427,R,strikeout,True,False
778544,2025-03-29,2025,650402,R,808967,R,home_run,False,False
778544,2025-03-29,2025,681481,L,808967,R,field_out,False,False
778544,2025-03-29,2025,682985,L,808967,R,field_out,False,False
778544,2025-03-29,2025,679529,R,808967,R,single,False,False
778544,2025-03-29,2025,690993,L,808967,R,walk,False,True
778544,2025-03-29,2025,656716,L,808967,R,field_out,False,False
778544,2025-03-29,2025,624424,L,656427,R,strikeout,True,False
778544,2025-03-29,2025,681624,R,656427,R,strikeout,True,False
778544,2025-03-29,2025,605131,R,656427,R,strikeout,True,False
778544,2025-03-29,2025,693307,R,808967,R,strikeout,True,False
778544,2025-03-29,2025,700242,L,808967,R,field_out,False,False
778544,2025-03-29,2025,668952,R,808967,R,strikeout,True,False
778544,2025-03-29,2025,660271,L,656427,R,field_out,False,False
778544,2025-03-29,2025,605141,R,656427,R,field_out,False,False
778544,2025-03-29,2025,518692,L,656427,R,field_out,False,False
778544,2025-03-29,2025,650402,R,808967,R,walk,False,True
778544,2025-03-29,2025,681481,L,808967,R,strikeout,True,False
778544,2025-03-29,2025,682985,L,808967,R,strikeout,True,False
778544,2025-03-29,2025,679529,R,808967,R,strikeout,True,False
778544,2025-03-29,2025,606192,R,656427,R,walk,False,True
778544,2025-03-29,2025,571970,L,656427,R,strikeout,True,False
778544,2025-03-29,2025,669242,L,656427,R,single,False,False
778544,2025-03-29,2025,624424,L,656427,R,force_out,False,False
778544,2025-03-29,2025,681624,R,656427,R,hit_by_pitch,False,False
778544,2025-03-29,2025,605131,R,656427,R,field_out,False,False
778544,2025-03-29,2025,690993,L,607455,L,strikeout,True,False
778544,2025-03-29,2025,656716,L,607455,L,strikeout,True,False
778544,2025-03-29,2025,693307,R,607455,L,field_out,False,False
778544,2025-03-29,2025,660271,L,656427,R,field_out,False,False
778544,2025-03-29,2025,605141,R,656427,R,single,False,False
778544,2025-03-29,2025,518692,L,656427,R,home_run,False,False
778544,2025-03-29,2025,606192,R,656427,R,field_out,False,False
778544,2025-03-29,2025,571970,L,663947,L,strikeout,True,False
778544,2025-03-29,2025,700242,L,489446,R,field_out,False,False
778544,2025-03-29,2025,668952,R,489446,R,strikeout,True,False
778544,2025-03-29,2025,595879,R,489446,R,strikeout,True,False
778544,2025-03-29,2025,669242,R,663947,L,field_out,False,False
778544,2025-03-29,2025,624424,L,663947,L,field_out,False,False
778544,2025-03-29,2025,681624,R,663947,L,field_out,False,False
778544,2025-03-29,2025,622534,R,681911,L,strikeout,True,False
778544,2025-03-29,2025,682985,L,681911,L,field_out,False,False
778544,2025-03-29,2025,679529,R,681911,L,double,False,False
778544,2025-03-29,2025,628451,R,681911,L,walk,False,True
778544,2025-03-29,2025,656716,L,681911,L,walk,False,True
778544,2025-03-29,2025,693307,R,681911,L,strikeout,True,False
778544,2025-03-29,2025,605131,R,676684,R,strikeout,True,False
778544,2025-03-29,2025,660271,L,676684,R,strikeout,True,False
778544,2025-03-29,2025,605141,R,676684,R,home_run,False,False
778544,2025-03-29,2025,518692,L,676684,R,field_out,False,False
778544,2025-03-29,2025,700242,L,656945,L,single,False,False
778544,2025-03-29,2025,668952,R,656945,L,force_out,False,False
778544,2025-03-29,2025,595879,R,656945,L,field_out,False,False
778544,2025-03-29,2025,622534,R,656945,L,single,False,False
778544,2025-03-29,2025,682985,L,656945,L,double,False,False
778544,2025-03-29,2025,606192,R,592454,R,strikeout,True,False
778544,2025-03-29,2025,571970,L,592454,R,strikeout,True,False
778544,2025-03-29,2025,669242,R,592454,R,field_out,False,False
778544,2025-03-29,2025,679529,R,472610,R,field_out,False,False
778544,2025-03-29,2025,628451,R,472610,R,field_out,False,False
778544,2025-03-29,2025,656716,L,472610,R,intent_walk,False,True
778544,2025-03-29,2025,693307,R,472610,R,triple,False,False
778544,2025-03-29,2025,700242,L,472610,R,field_out,False,False
778544,2025-03-29,2025,624424,L,689225,R,double,False,False
778544,2025-03-29,2025,681624,R,689225,R,field_out,False,False
778544,2025-03-29,2025,669257,R,689225,R,single,False,False
778544,2025-03-29,2025,660271,L,689225,R,single,False,False
778544,2025-03-29,2025,605141,R,689225,R,home_run,False,False
778538,2025-03-29,2025,694192,R,608331,L,field_out,False,False
778538,2025-03-29,2025,592885,L,608331,L,walk,False,True
778538,2025-03-29,2025,661388,R,608331,L,strikeout,True,False
778538,2025-03-29,2025,656555,R,608331,L,field_out,False,False
778538,2025-03-29,2025,502671,R,641482,L,home_run,False,False
778538,2025-03-29,2025,641355,L,641482,L,home_run,False,False
778538,2025-03-29,2025,592450,R,641482,L,home_run,False,False
778538,2025-03-29,2025,665862,L,641482,L,strikeout,True,False
778538,2025-03-29,2025,683011,R,641482,L,field_out,False,False
778538,2025-03-29,2025,669224,L,641482,L,home_run,False,False
778538,2025-03-29,2025,622569,R,641482,L,walk,False,True
778538,2025-03-29,2025,691176,R,641482,L,walk,False,True
778538,2025-03-29,2025,663757,L,641482,L,strikeout,True,False
778538,2025-03-29,2025,686217,L,608331,L,single,False,False
778538,2025-03-29,2025,687401,R,608331,L,field_out,False,False
778538,2025-03-29,2025,669003,L,608331,L,hit_by_pitch,False,False
778538,2025-03-29,2025,681962,R,608331,L,single,False,False
778538,2025-03-29,2025,668930,L,608331,L,force_out,False,False
778538,2025-03-29,2025,694192,R,608331,L,single,False,False
778538,2025-03-29,2025,592885,L,608331,L,field_error,False,False
778538,2025-03-29,2025,661388,R,608331,L,strikeout,True,False
778538,2025-03-29,2025,502671,R,641482,L,walk,False,True
778538,2025-03-29,2025,641355,L,641482,L,field_out,False,False
778538,2025-03-29,2025,592450,R,641482,L,force_out,False,False
778538,2025-03-29,2025,665862,L,641482,L,single,False,False
778538,2025-03-29,2025,683011,R,641482,L,home_run,False,False
778538,2025-03-29,2025,669224,L,641482,L,walk,False,True
778538,2025-03-29,2025,622569,R,641482,L,field_out,False,False
778538,2025-03-29,2025,656555,R,608331,L,strikeout,True,False
778538,2025-03-29,2025,686217,L,608331,L,hit_by_pitch,False,False
778538,2025-03-29,2025,687401,R,608331,L,force_out,False,False
778538,2025-03-29,2025,669003,L,608331,L,single,False,False
778538,2025-03-29,2025,681962,R,608331,L,field_out,False,False
778538,2025-03-29,2025,691176,R,641482,L,walk,False,True
778538,2025-03-29,2025,663757,L,671162,L,single,False,False
778538,2025-03-29,2025,502671,R,671162,L,hit_by_pitch,False,False
778538,2025-03-29,2025,641355,L,671162,L,single,False,False
778538,2025-03-29,2025,592450,R,671162,L,home_run,False,False
778538,2025-03-29,2025,665862,L,671162,L,home_run,False,False
778538,2025-03-29,2025,683011,R,671162,L,strikeout,True,False
778538,2025-03-29,2025,669224,L,671162,L,field_out,False,False
778538,2025-03-29,2025,622569,R,671162,L,field_out,False,False
778538,2025-03-29,2025,668930,L,608331,L,field_out,False,False
778538,2025-03-29,2025,694192,R,608331,L,double,False,False
778538,2025-03-29,2025,592885,L,608331,L,strikeout,True,False
778538,2025-03-29,2025,661388,R,608331,L,field_error,False,False
778538,2025-03-29,2025,656555,R,608331,L,single,False,False
778538,2025-03-29,2025,686217,L,608331,L,walk,False,True
778538,2025-03-29,2025,687401,R,608331,L,field_out,False,False
778538,2025-03-29,2025,691176,R,671162,L,strikeout,True,False
778538,2025-03-29,2025,663757,L,671162,L,walk,False,True
778538,2025-03-29,2025,502671,R,671162,L,double,False,False
778538,2025-03-29,2025,641355,L,671162,L,sac_fly,False,False
778538,2025-03-29,2025,592450,R,671162,L,home_run,False,False
778538,2025-03-29,2025,665862,L,671162,L,field_out,False,False
778538,2025-03-29,2025,669003,L,608331,L,field_out,False,False
778538,2025-03-29,2025,681962,R,608331,L,field_error,False,False
778538,2025-03-29,2025,668930,L,608331,L,field_error,False,False
778538,2025-03-29,2025,694192,R,608331,L,field_out,False,False
778538,2025-03-29,2025,592885,L,608331,L,single,False,False
778538,2025-03-29,2025,661388,R,672782,R,single,False,False
778538,2025-03-29,2025,656555,R,672782,R,field_out,False,False
778538,2025-03-29,2025,683011,R,665625,R,field_out,False,False
778538,2025-03-29,2025,669224,L,665625,R,field_out,False,False
778538,2025-03-29,2025,622569,R,665625,R,field_out,False,False
778538,2025-03-29,2025,686217,L,672782,R,field_out,False,False
778538,2025-03-29,2025,687401,R,672782,R,field_out,False,False
778538,2025-03-29,2025,669003,L,672782,R,strikeout,True,False
778538,2025-03-29,2025,691176,L,665625,R,field_out,False,False
778538,2025-03-29,2025,663757,L,665625,R,field_error,False,False
778538,2025-03-29,2025,502671,R,665625,R,field_out,False,False
778538,2025-03-29,2025,641355,L,665625,R,single,False,False
778538,2025-03-29,2025,592450,R,665625,R,double,False,False
778538,2025-03-29,2025,665862,L,665625,R,field_out,False,False
778538,2025-03-29,2025,686554,L,687396,L,strikeout,True,False
778538,2025-03-29,2025,668930,L,687396,L,strikeout,True,False
778538,2025-03-29,2025,694192,R,687396,L,field_out,False,False
778538,2025-03-29,2025,683011,R,694477,R,walk,False,True
778538,2025-03-29,2025,641555,L,694477,R,strikeout,True,False
778538,2025-03-29,2025,672724,R,694477,R,home_run,False,False
778538,2025-03-29,2025,691176,L,694477,R,single,False,False
778538,2025-03-29,2025,663757,L,694477,R,field_out,False,False
778538,2025-03-29,2025,665828,L,694477,R,field_out,False,False
778538,2025-03-29,2025,686555,L,471911,R,strikeout,True,False
778538,2025-03-29,2025,606992,R,471911,R,single,False,False
778538,2025-03-29,2025,641343,L,471911,R,double,False,False
778538,2025-03-29,2025,686217,L,471911,R,field_out,False,False
778538,2025-03-29,2025,687401,R,471911,R,strikeout,True,False
778538,2025-03-29,2025,641355,L,641343,L,field_out,False,False
778538,2025-03-29,2025,592450,R,641343,L,field_out,False,False
778538,2025-03-29,2025,665862,L,641343,L,hit_by_pitch,False,False
778538,2025-03-29,2025,683011,R,641343,L,walk,False,True
778538,2025-03-29,2025,641555,L,641343,L,field_out,False,False
778538,2025-03-29,2025,669003,L,471911,R,single,False,False
778538,2025-03-29,2025,686554,L,471911,R,field_out,False,False
778538,2025-03-29,2025,668930,L,471911,R,home_run,False,False
778538,2025-03-29,2025,694192,R,471911,R,field_out,False,False
778538,2025-03-29,2025,686555,L,471911,R,single,False,False
778538,2025-03-29,2025,606992,R,471911,R,field_out,False,False
778534,2025-03-29,2025,621493,R,686563,R,single,False,False
778534,2025-03-29,2025,694384,L,686563,R,strikeout,True,False
778534,2025-03-29,2025,545361,R,686563,R,force_out,False,False
778534,2025-03-29,2025,624585,R,686563,R,walk,False,True
778534,2025-03-29,2025,660162,L,686563,R,strikeout,True,False
778534,2025-03-29,2025,678246,R,667755,R,field_out,False,False
778534,2025-03-29,2025,673357,R,667755,R,field_out,False,False
778534,2025-03-29,2025,643217,L,667755,R,walk,False,True
778534,2025-03-29,2025,683734,R,667755,R,field_out,False,False
778534,2025-03-29,2025,681351,R,686563,R,field_out,False,False
778534,2025-03-29,2025,650859,L,686563,R,single,False,False
778534,2025-03-29,2025,666176,R,686563,R,walk,False,True
778534,2025-03-29,2025,621028,R,686563,R,grounded_into_double_play,False,False
778534,2025-03-29,2025,665155,L,667755,R,field_out,False,False
778534,2025-03-29,2025,672820,R,667755,R,field_out,False,False
778534,2025-03-29,2025,642136,L,667755,R,walk,False,True
778534,2025-03-29,2025,676070,R,667755,R,field_out,False,False
778534,2025-03-29,2025,621493,R,686563,R,single,False,False
778534,2025-03-29,2025,694384,L,686563,R,grounded_into_double_play,False,False
778534,2025-03-29,2025,545361,R,686563,R,strikeout,True,False
778534,2025-03-29,2025,681460,L,667755,R,strikeout,True,False
778534,2025-03-29,2025,678246,R,667755,R,field_out,False,False
778534,2025-03-29,2025,673357,R,667755,R,strikeout,True,False
778534,2025-03-29,2025,624585,R,686563,R,field_out,False,False
778534,2025-03-29,2025,660162,L,686563,R,walk,False,True
778534,2025-03-29,2025,681351,R,686563,R,strikeout,True,False
778534,2025-03-29,2025,650859,L,686563,R,field_out,False,False
778534,2025-03-29,2025,643217,L,667755,R,single,False,False
778534,2025-03-29,2025,683734,R,667755,R,grounded_into_double_play,False,False
778534,2025-03-29,2025,665155,L,667755,R,field_out,False,False
778534,2025-03-29,2025,666176,R,686563,R,single,False,False
778534,2025-03-29,2025,621028,R,686563,R,field_out,False,False
778534,2025-03-29,2025,621493,R,686563,R,field_out,False,False
778534,2025-03-29,2025,694384,L,686563,R,strikeout,True,False
778534,2025-03-29,2025,672820,R,667755,R,strikeout,True,False
778534,2025-03-29,2025,642136,L,667755,R,field_out,False,False
778534,2025-03-29,2025,676070,R,667755,R,strikeout,True,False
778534,2025-03-29,2025,545361,R,682171,R,field_out,False,False
778534,2025-03-29,2025,624585,R,682171,R,single,False,False
778534,2025-03-29,2025,660162,L,682171,R,field_out,False,False
778534,2025-03-29,2025,681351,R,682171,R,field_out,False,False
778534,2025-03-29,2025,681460,L,667755,R,single,False,False
778534,2025-03-29,2025,678246,R,667755,R,strikeout,True,False
778534,2025-03-29,2025,673357,R,667755,R,double_play,False,False
778534,2025-03-29,2025,650859,L,669060,R,single,False,False
778534,2025-03-29,2025,677347,R,669060,R,single,False,False
778534,2025-03-29,2025,621028,R,669060,R,strikeout,True,False
778534,2025-03-29,2025,621493,R,669060,R,grounded_into_double_play,False,False
778534,2025-03-29,2025,643217,L,667755,R,field_out,False,False
778534,2025-03-29,2025,683734,R,667755,R,field_out,False,False
778534,2025-03-29,2025,665155,L,667755,R,field_out,False,False
778534,2025-03-29,2025,694384,L,605182,R,field_out,False,False
778534,2025-03-29,2025,545361,R,605182,R,field_out,False,False
778534,2025-03-29,2025,624585,R,605182,R,walk,False,True
778534,2025-03-29,2025,660162,L,605182,R,single,False,False
778534,2025-03-29,2025,681351,R,605182,R,field_out,False,False
778534,2025-03-29,2025,672820,R,690829,R,field_out,False,False
778534,2025-03-29,2025,642136,L,690829,R,walk,False,True
778534,2025-03-29,2025,608671,L,690829,R,field_out,False,False
778534,2025-03-29,2025,681460,L,690829,R,field_out,False,False
778534,2025-03-29,2025,650859,L,673929,R,field_out,False,False
778534,2025-03-29,2025,677347,R,673929,R,strikeout,True,False
778534,2025-03-29,2025,621028,R,673929,R,field_out,False,False
778534,2025-03-29,2025,678246,R,445276,R,strikeout,True,False
778534,2025-03-29,2025,673357,R,445276,R,strikeout,True,False
778534,2025-03-29,2025,643217,L,445276,R,walk,False,True
778534,2025-03-29,2025,683734,R,445276,R,field_out,False,False
778550,2025-03-29,2025,680776,L,683004,R,field_out,False,False
778550,2025-03-29,2025,646240,L,683004,R,strikeout,True,False
778550,2025-03-29,2025,608324,R,683004,R,strikeout,True,False
778550,2025-03-29,2025,543760,R,656557,R,field_out,False,False
778550,2025-03-29,2025,608369,L,656557,R,single,False,False
778550,2025-03-29,2025,694671,R,656557,R,grounded_into_double_play,False,False
778550,2025-03-29,2025,671213,L,683004,R,field_out,False,False
778550,2025-03-29,2025,596115,R,683004,R,field_out,False,False
778550,2025-03-29,2025,692225,R,683004,R,single,False,False
778550,2025-03-29,2025,677800,L,683004,R,walk,False,True
778550,2025-03-29,2025,657136,R,683004,R,field_out,False,False
778550,2025-03-29,2025,592626,L,656557,R,field_out,False,False
778550,2025-03-29,2025,666969,R,656557,R,walk,False,True
778550,2025-03-29,2025,669394,R,656557,R,strikeout,True,False
778550,2025-03-29,2025,673962,R,656557,R,field_out,False,False
778550,2025-03-29,2025,678882,R,683004,R,field_out,False,False
778550,2025-03-29,2025,680776,L,683004,R,single,False,False
778550,2025-03-29,2025,646240,L,683004,R,strikeout,True,False
778550,2025-03-29,2025,608324,R,683004,R,field_out,False,False
778550,2025-03-29,2025,641680,L,656557,R,home_run,False,False
778550,2025-03-29,2025,665750,L,656557,R,walk,False,True
778550,2025-03-29,2025,543760,R,656557,R,grounded_into_double_play,False,False
778550,2025-03-29,2025,608369,L,656557,R,field_out,False,False
778550,2025-03-29,2025,671213,L,683004,R,field_out,False,False
778550,2025-03-29,2025,596115,R,683004,R,single,False,False
778550,2025-03-29,2025,692225,R,683004,R,single,False,False
778550,2025-03-29,2025,677800,L,683004,R,single,False,False
778550,2025-03-29,2025,657136,R,683004,R,grounded_into_double_play,False,False
778550,2025-03-29,2025,694671,R,656557,R,field_out,False,False
778550,2025-03-29,2025,592626,L,656557,R,field_out,False,False
778550,2025-03-29,2025,666969,R,656557,R,walk,False,True
778550,2025-03-29,2025,669394,R,656557,R,field_out,False,False
778550,2025-03-29,2025,678882,R,683004,R,field_out,False,False
778550,2025-03-29,2025,680776,L,683004,R,field_out,False,False
778550,2025-03-29,2025,646240,L,683004,R,strikeout,True,False
778550,2025-03-29,2025,673962,R,656557,R,field_out,False,False
778550,2025-03-29,2025,641680,L,656557,R,home_run,False,False
778550,2025-03-29,2025,665750,L,656557,R,single,False,False
778550,2025-03-29,2025,543760,R,656557,R,field_out,False,False
778550,2025-03-29,2025,608369,L,656557,R,strikeout,True,False
778550,2025-03-29,2025,608324,R,542888,R,single,False,False
778550,2025-03-29,2025,671213,L,542888,R,strikeout,True,False
778550,2025-03-29,2025,596115,R,542888,R,field_out,False,False
778550,2025-03-29,2025,692225,R,542888,R,strikeout,True,False
778550,2025-03-29,2025,694671,R,656557,R,single,False,False
778550,2025-03-29,2025,592626,L,656557,R,single,False,False
778550,2025-03-29,2025,666969,R,656557,R,field_out,False,False
778550,2025-03-29,2025,669394,R,656557,R,double,False,False
778550,2025-03-29,2025,673962,R,669711,R,single,False,False
778550,2025-03-29,2025,641680,L,669711,R,field_out,False,False
778550,2025-03-29,2025,677800,L,687847,R,single,False,False
778550,2025-03-29,2025,657136,R,687847,R,walk,False,True
778550,2025-03-29,2025,678882,R,687847,R,field_out,False,False
778550,2025-03-29,2025,680776,L,571948,L,single,False,False
778550,2025-03-29,2025,646240,L,571948,L,strikeout,True,False
778550,2025-03-29,2025,608324,R,571948,L,field_out,False,False
778550,2025-03-29,2025,665750,L,669711,R,strikeout,True,False
778550,2025-03-29,2025,543760,R,669711,R,field_out,False,False
778550,2025-03-29,2025,608369,L,657514,L,field_out,False,False
778550,2025-03-29,2025,671213,L,657097,R,field_out,False,False
778550,2025-03-29,2025,596115,R,657097,R,field_out,False,False
778550,2025-03-29,2025,692225,R,657097,R,field_out,False,False
778550,2025-03-29,2025,694671,R,657514,L,field_out,False,False
778550,2025-03-29,2025,607680,R,657514,L,field_out,False,False
778550,2025-03-29,2025,666969,R,657514,L,field_out,False,False
778550,2025-03-29,2025,677800,L,592426,R,field_out,False,False
778550,2025-03-29,2025,657136,R,592426,R,field_out,False,False
778550,2025-03-29,2025,678882,R,592426,R,field_out,False,False
778518,2025-03-29,2025,596019,L,686613,R,strikeout,True,False
778518,2025-03-29,2025,665742,L,686613,R,strikeout,True,False
778518,2025-03-29,2025,624413,R,686613,R,field_out,False,False
778518,2025-03-29,2025,514888,R,656731,R,strikeout,True,False
778518,2025-03-29,2025,670623,R,656731,R,field_out,False,False
778518,2025-03-29,2025,670541,L,656731,R,field_out,False,False
778518,2025-03-29,2025,607043,L,686613,R,single,False,False
778518,2025-03-29,2025,668901,R,686613,R,double,False,False
778518,2025-03-29,2025,608385,L,686613,R,single,False,False
778518,2025-03-29,2025,621438,R,686613,R,grounded_into_double_play,False,False
778518,2025-03-29,2025,683146,L,686613,R,field_out,False,False
778518,2025-03-29,2025,572233,R,656731,R,field_out,False,False
778518,2025-03-29,2025,673237,R,656731,R,field_out,False,False
778518,2025-03-29,2025,665161,R,656731,R,field_out,False,False
778518,2025-03-29,2025,620443,R,686613,R,strikeout,True,False
778518,2025-03-29,2025,596019,L,686613,R,field_out,False,False
778518,2025-03-29,2025,665742,L,686613,R,home_run,False,False
778518,2025-03-29,2025,624413,R,686613,R,strikeout,True,False
778518,2025-03-29,2025,701358,R,656731,R,strikeout,True,False
778518,2025-03-29,2025,663898,R,656731,R,field_out,False,False
778518,2025-03-29,2025,676694,R,656731,R,strikeout,True,False
778518,2025-03-29,2025,607043,L,686613,R,strikeout,True,False
778518,2025-03-29,2025,668901,R,686613,R,field_out,False,False
778518,2025-03-29,2025,608385,L,686613,R,walk,False,True
778518,2025-03-29,2025,621438,R,686613,R,field_out,False,False
778518,2025-03-29,2025,514888,R,656731,R,single,False,False
778518,2025-03-29,2025,670623,R,656731,R,single,False,False
778518,2025-03-29,2025,670541,L,656731,R,sac_fly,False,False
778518,2025-03-29,2025,572233,R,656731,R,strikeout,True,False
778518,2025-03-29,2025,673237,R,656731,R,strikeout,True,False
778518,2025-03-29,2025,683146,L,686613,R,strikeout,True,False
778518,2025-03-29,2025,620443,R,686613,R,strikeout,True,False
778518,2025-03-29,2025,596019,L,686613,R,field_out,False,False
778518,2025-03-29,2025,665161,R,656731,R,field_out,False,False
778518,2025-03-29,2025,701358,R,656731,R,walk,False,True
778518,2025-03-29,2025,663898,R,656731,R,grounded_into_double_play,False,False
778518,2025-03-29,2025,665742,L,686613,R,walk,False,True
778518,2025-03-29,2025,624413,R,686613,R,walk,False,True
778518,2025-03-29,2025,607043,L,686613,R,grounded_into_double_play,False,False
778518,2025-03-29,2025,668901,R,686613,R,field_out,False,False
778518,2025-03-29,2025,676694,R,656731,R,strikeout,True,False
778518,2025-03-29,2025,514888,R,656731,R,single,False,False
778518,2025-03-29,2025,670623,R,657585,R,strikeout,True,False
778518,2025-03-29,2025,670541,L,657585,R,walk,False,True
778518,2025-03-29,2025,572233,R,657585,R,strikeout,True,False
778518,2025-03-29,2025,673237,R,657585,R,field_out,False,False
778518,2025-03-29,2025,608385,L,595345,L,field_out,False,False
778518,2025-03-29,2025,621438,R,595345,L,strikeout,True,False
778518,2025-03-29,2025,682668,R,595345,L,strikeout,True,False
778518,2025-03-29,2025,665161,R,621345,L,field_out,False,False
778518,2025-03-29,2025,701358,R,621345,L,walk,False,True
778518,2025-03-29,2025,663898,R,621345,L,field_out,False,False
778518,2025-03-29,2025,676694,R,621345,L,strikeout,True,False
778518,2025-03-29,2025,620443,R,605463,R,double,False,False
778518,2025-03-29,2025,596019,L,605463,R,hit_by_pitch,False,False
778518,2025-03-29,2025,665742,L,605463,R,field_out,False,False
778518,2025-03-29,2025,624413,R,605463,R,force_out,False,False
778518,2025-03-29,2025,607043,L,687911,L,field_out,False,False
778518,2025-03-29,2025,514888,R,592773,R,walk,False,True
778518,2025-03-29,2025,670623,R,592773,R,field_out,False,False
778518,2025-03-29,2025,670541,L,592773,R,field_out,False,False
778518,2025-03-29,2025,572233,R,592773,R,field_out,False,False
778518,2025-03-29,2025,668901,R,664351,R,field_out,False,False
778518,2025-03-29,2025,608385,L,664351,R,strikeout,True,False
778518,2025-03-29,2025,621438,R,664351,R,strikeout,True,False
778518,2025-03-29,2025,673237,R,621242,R,strikeout,True,False
778518,2025-03-29,2025,665161,R,621242,R,field_out,False,False
778518,2025-03-29,2025,701358,R,621242,R,field_out,False,False
778541,2025-03-29,2025,671732,L,622491,R,field_out,False,False
778541,2025-03-29,2025,667670,R,622491,R,field_out,False,False
778541,2025-03-29,2025,668709,L,622491,R,walk,False,True
778541,2025-03-29,2025,669127,R,622491,R,walk,False,True
778541,2025-03-29,2025,691016,L,622491,R,field_out,False,False
778541,2025-03-29,2025,645302,R,605488,L,strikeout,True,False
778541,2025-03-29,2025,677594,R,605488,L,strikeout,True,False
778541,2025-03-29,2025,663728,R,605488,L,walk,False,True
778541,2025-03-29,2025,668227,R,605488,L,field_out,False,False
778541,2025-03-29,2025,664913,L,622491,R,field_out,False,False
778541,2025-03-29,2025,570482,R,622491,R,single,False,False
778541,2025-03-29,2025,691777,R,622491,R,force_out,False,False
778541,2025-03-29,2025,805779,R,622491,R,field_out,False,False
778541,2025-03-29,2025,641598,R,605488,L,field_out,False,False
778541,2025-03-29,2025,593871,R,605488,L,strikeout,True,False
778541,2025-03-29,2025,456781,R,605488,L,strikeout,True,False
778541,2025-03-29,2025,671732,L,622491,R,field_out,False,False
778541,2025-03-29,2025,667670,R,622491,R,strikeout,True,False
778541,2025-03-29,2025,668709,L,622491,R,strikeout,True,False
778541,2025-03-29,2025,664238,R,605488,L,field_out,False,False
778541,2025-03-29,2025,641487,L,605488,L,field_out,False,False
778541,2025-03-29,2025,645302,R,605488,L,field_out,False,False
778541,2025-03-29,2025,669127,R,622491,R,field_out,False,False
778541,2025-03-29,2025,691016,L,622491,R,strikeout,True,False
778541,2025-03-29,2025,664913,L,622491,R,hit_by_pitch,False,False
778541,2025-03-29,2025,570482,R,622491,R,strikeout,True,False
778541,2025-03-29,2025,677594,R,605488,L,strikeout,True,False
778541,2025-03-29,2025,663728,R,605488,L,field_out,False,False
778541,2025-03-29,2025,668227,R,605488,L,strikeout,True,False
778541,2025-03-29,2025,691777,R,622491,R,field_out,False,False
778541,2025-03-29,2025,805779,R,622491,R,field_out,False,False
778541,2025-03-29,2025,671732,L,622491,R,double,False,False
778541,2025-03-29,2025,667670,R,622491,R,home_run,False,False
778541,2025-03-29,2025,668709,L,622491,R,field_out,False,False
778541,2025-03-29,2025,641598,R,605488,L,single,False,False
778541,2025-03-29,2025,593871,R,605488,L,single,False,False
778541,2025-03-29,2025,456781,R,605488,L,strikeout,True,False
778541,2025-03-29,2025,664238,R,605488,L,single,False,False
778541,2025-03-29,2025,641487,L,605488,L,field_out,False,False
778541,2025-03-29,2025,669127,R,666619,R,field_out,False,False
778541,2025-03-29,2025,691016,L,666619,R,single,False,False
778541,2025-03-29,2025,664913,L,666619,R,walk,False,True
778541,2025-03-29,2025,570482,R,666619,R,field_out,False,False
778541,2025-03-29,2025,645302,R,605488,L,field_out,False,False
778541,2025-03-29,2025,677594,R,605488,L,strikeout,True,False
778541,2025-03-29,2025,663728,R,605488,L,strikeout,True,False
778541,2025-03-29,2025,691777,R,660825,R,field_out,False,False
778541,2025-03-29,2025,805779,R,660825,R,single,False,False
778541,2025-03-29,2025,671732,L,660825,R,walk,False,True
778541,2025-03-29,2025,667670,R,660825,R,strikeout,True,False
778541,2025-03-29,2025,668709,L,642048,L,single,False,False
778541,2025-03-29,2025,669127,R,642048,L,single,False,False
778541,2025-03-29,2025,691016,L,642048,L,double,False,False
778541,2025-03-29,2025,609280,R,642048,L,walk,False,True
778541,2025-03-29,2025,570482,R,642048,L,field_out,False,False
778541,2025-03-29,2025,668227,R,686993,R,walk,False,True
778541,2025-03-29,2025,641598,R,686993,R,walk,False,True
778541,2025-03-29,2025,593871,L,686993,R,force_out,False,False
778541,2025-03-29,2025,456781,R,686993,R,strikeout,True,False
778541,2025-03-29,2025,670042,L,519008,L,strikeout,True,False
778541,2025-03-29,2025,691777,R,642048,L,home_run,False,False
778541,2025-03-29,2025,805779,R,642048,L,field_out,False,False
778541,2025-03-29,2025,671732,L,642048,L,field_out,False,False
778541,2025-03-29,2025,667670,R,672841,R,single,False,False
778541,2025-03-29,2025,668709,L,672841,R,single,False,False
778541,2025-03-29,2025,669127,R,672841,R,force_out,False,False
778541,2025-03-29,2025,641487,L,687765,R,field_out,False,False
778541,2025-03-29,2025,645302,R,687765,R,field_out,False,False
778541,2025-03-29,2025,677594,R,687765,R,single,False,False
778541,2025-03-29,2025,663728,L,687765,R,strikeout,True,False
778541,2025-03-29,2025,691016,L,672841,R,field_out,False,False
778541,2025-03-29,2025,609280,R,672841,R,field_out,False,False
778541,2025-03-29,2025,649966,R,672841,R,home_run,False,False
778541,2025-03-29,2025,691777,R,672841,R,field_out,False,False
778541,2025-03-29,2025,668227,R,687765,R,strikeout,True,False
778541,2025-03-29,2025,641598,R,687765,R,field_out,False,False
778541,2025-03-29,2025,670156,L,687765,R,single,False,False
778541,2025-03-29,2025,456781,R,687765,R,field_out,False,False
778540,2025-03-29,2025,671218,R,666157,L,field_out,False,False
778540,2025-03-29,2025,642715,R,666157,L,field_out,False,False
778540,2025-03-29,2025,808982,L,666157,L,field_out,False,False
778540,2025-03-29,2025,670770,L,434378,R,strikeout,True,False
778540,2025-03-29,2025,680574,R,434378,R,field_out,False,False
778540,2025-03-29,2025,682829,L,434378,R,strikeout,True,False
778540,2025-03-29,2025,656305,R,666157,L,field_out,False,False
778540,2025-03-29,2025,527038,R,666157,L,home_run,False,False
778540,2025-03-29,2025,682641,R,666157,L,double,False,False
778540,2025-03-29,2025,672275,R,666157,L,field_out,False,False
778540,2025-03-29,2025,669477,R,666157,L,hit_by_pitch,False,False
778540,2025-03-29,2025,666149,R,666157,L,field_out,False,False
778540,2025-03-29,2025,666158,L,434378,R,field_out,False,False
778540,2025-03-29,2025,600869,L,434378,R,walk,False,True
778540,2025-03-29,2025,687952,R,434378,R,single,False,False
778540,2025-03-29,2025,669289,R,434378,R,force_out,False,False
778540,2025-03-29,2025,641584,L,434378,R,strikeout,True,False
778540,2025-03-29,2025,671218,R,666157,L,double,False,False
778540,2025-03-29,2025,642715,R,666157,L,field_out,False,False
778540,2025-03-29,2025,808982,L,666157,L,single,False,False
778540,2025-03-29,2025,656305,R,666157,L,strikeout,True,False
778540,2025-03-29,2025,527038,R,666157,L,field_out,False,False
778540,2025-03-29,2025,624431,R,434378,R,field_out,False,False
778540,2025-03-29,2025,670770,L,434378,R,field_out,False,False
778540,2025-03-29,2025,680574,R,434378,R,home_run,False,False
778540,2025-03-29,2025,682829,L,434378,R,field_out,False,False
778540,2025-03-29,2025,682641,R,666157,L,field_out,False,False
778540,2025-03-29,2025,672275,R,666157,L,field_out,False,False
778540,2025-03-29,2025,669477,R,666157,L,field_out,False,False
778540,2025-03-29,2025,666158,L,434378,R,strikeout,True,False
778540,2025-03-29,2025,600869,L,434378,R,single,False,False
778540,2025-03-29,2025,687952,R,434378,R,strikeout,True,False
778540,2025-03-29,2025,669289,R,434378,R,single,False,False
778540,2025-03-29,2025,641584,L,434378,R,force_out,False,False
778540,2025-03-29,2025,666149,R,666157,L,field_out,False,False
778540,2025-03-29,2025,671218,R,666157,L,field_out,False,False
778540,2025-03-29,2025,642715,R,666157,L,field_out,False,False
778540,2025-03-29,2025,624431,R,434378,R,field_out,False,False
778540,2025-03-29,2025,670770,L,434378,R,field_out,False,False
778540,2025-03-29,2025,680574,R,434378,R,double,False,False
778540,2025-03-29,2025,682829,L,434378,R,single,False,False
778540,2025-03-29,2025,666158,L,434378,R,field_out,False,False
778540,2025-03-29,2025,808982,L,666157,L,field_out,False,False
778540,2025-03-29,2025,656305,R,666157,L,single,False,False
778540,2025-03-29,2025,527038,R,666157,L,grounded_into_double_play,False,False
778540,2025-03-29,2025,600869,L,702352,R,strikeout,True,False
778540,2025-03-29,2025,687952,R,702352,R,home_run,False,False
778540,2025-03-29,2025,669289,R,702352,R,single,False,False
778540,2025-03-29,2025,641584,L,702352,R,field_out,False,False
778540,2025-03-29,2025,624431,R,702352,R,force_out,False,False
778540,2025-03-29,2025,682641,R,663574,R,single,False,False
778540,2025-03-29,2025,672275,L,663574,R,grounded_into_double_play,False,False
778540,2025-03-29,2025,664774,L,663574,R,field_out,False,False
778540,2025-03-29,2025,670770,L,678495,R,field_out,False,False
778540,2025-03-29,2025,680574,R,678495,R,strikeout,True,False
778540,2025-03-29,2025,682829,L,678495,R,strikeout,True,False
778540,2025-03-29,2025,666149,R,668933,R,single,False,False
778540,2025-03-29,2025,671218,R,668933,R,grounded_into_double_play,False,False
778540,2025-03-29,2025,642715,R,668933,R,single,False,False
778540,2025-03-29,2025,808982,L,668933,R,field_out,False,False
778540,2025-03-29,2025,666158,L,642152,R,strikeout,True,False
778540,2025-03-29,2025,600869,L,642152,R,field_out,False,False
778540,2025-03-29,2025,687952,R,642152,R,field_out,False,False
778540,2025-03-29,2025,656305,R,641941,R,field_out,False,False
778540,2025-03-29,2025,527038,R,641941,R,field_out,False,False
778540,2025-03-29,2025,682641,R,641941,R,field_out,False,False
778544,2025-03-29,2025,650402,R,808967,R,field_out,False,False
778544,2025-03-29,2025,681481,L,808967,R,single,False,False
778544,2025-03-29,2025,682985,L,808967,R,single,False,False
778544,2025-03-29,2025,679529,R,808967,R,strikeout,True,False
778544,2025-03-29,2025,690993,L,808967,R,strikeout,True,False
778544,2025-03-29,2025,660271,L,656427,R,walk,False,True
778544,2025-03-29,2025,605141,R,656427,R,grounded_into_double_play,False,False
778544,2025-03-29,2025,518692,L,656427,R,field_out,False,False
778544,2025-03-29,2025,656716,L,808967,R,strikeout,True,False
778544,2025-03-29,2025,693307,R,808967,R,home_run,False,False
778544,2025-03-29,2025,700242,L,808967,R,strikeout,True,False
778544,2025-03-29,2025,668952,R,808967,R,strikeout,True,False
778544,2025-03-29,2025,606192,R,656427,R,field_out,False,False
778544,2025-03-29,2025,571970,L,656427,R,field_out,False,False
778544,2025-03-29,2025,669242,L,656427,R,strikeout,True,False
778544,2025-03-29,2025,650402,R,808967,R,home_run,False,False
778544,2025-03-29,2025,681481,L,808967,R,field_out,False,False
778544,2025-03-29,2025,682985,L,808967,R,field_out,False,False
778544,2025-03-29,2025,679529,R,808967,R,single,False,False
778544,2025-03-29,2025,690993,L,808967,R,walk,False,True
778544,2025-03-29,2025,656716,L,808967,R,field_out,False,False
778544,2025-03-29,2025,624424,L,656427,R,strikeout,True,False
778544,2025-03-29,2025,681624,R,656427,R,strikeout,True,False
778544,2025-03-29,2025,605131,R,656427,R,strikeout,True,False
778544,2025-03-29,2025,693307,R,808967,R,strikeout,True,False
778544,2025-03-29,2025,700242,L,808967,R,field_out,False,False
778544,2025-03-29,2025,668952,R,808967,R,strikeout,True,False
778544,2025-03-29,2025,660271,L,656427,R,field_out,False,False
778544,2025-03-29,2025,605141,R,656427,R,field_out,False,False
778544,2025-03-29,2025,518692,L,656427,R,field_out,False,False
778544,2025-03-29,2025,650402,R,808967,R,walk,False,True
778544,2025-03-29,2025,681481,L,808967,R,strikeout,True,False
778544,2025-03-29,2025,682985,L,808967,R,strikeout,True,False
778544,2025-03-29,2025,679529,R,808967,R,strikeout,True,False
778544,2025-03-29,2025,606192,R,656427,R,walk,False,True
778544,2025-03-29,2025,571970,L,656427,R,strikeout,True,False
778544,2025-03-29,2025,669242,L,656427,R,single,False,False
778544,2025-03-29,2025,624424,L,656427,R,force_out,False,False
778544,2025-03-29,2025,681624,R,656427,R,hit_by_pitch,False,False
778544,2025-03-29,2025,605131,R,656427,R,field_out,False,False
778544,2025-03-29,2025,690993,L,607455,L,strikeout,True,False
778544,2025-03-29,2025,656716,L,607455,L,strikeout,True,False
778544,2025-03-29,2025,693307,R,607455,L,field_out,False,False
778544,2025-03-29,2025,660271,L,656427,R,field_out,False,False
778544,2025-03-29,2025,605141,R,656427,R,single,False,False
778544,2025-03-29,2025,518692,L,656427,R,home_run,False,False
778544,2025-03-29,2025,606192,R,656427,R,field_out,False,False
778544,2025-03-29,2025,571970,L,663947,L,strikeout,True,False
778544,2025-03-29,2025,700242,L,489446,R,field_out,False,False
778544,2025-03-29,2025,668952,R,489446,R,strikeout,True,False
778544,2025-03-29,2025,595879,R,489446,R,strikeout,True,False
778544,2025-03-29,2025,669242,R,663947,L,field_out,False,False
778544,2025-03-29,2025,624424,L,663947,L,field_out,False,False
778544,2025-03-29,2025,681624,R,663947,L,field_out,False,False
778544,2025-03-29,2025,622534,R,681911,L,strikeout,True,False
778544,2025-03-29,2025,682985,L,681911,L,field_out,False,False
778544,2025-03-29,2025,679529,R,681911,L,double,False,False
778544,2025-03-29,2025,628451,R,681911,L,walk,False,True
778544,2025-03-29,2025,656716,L,681911,L,walk,False,True
778544,2025-03-29,2025,693307,R,681911,L,strikeout,True,False
778544,2025-03-29,2025,605131,R,676684,R,strikeout,True,False
778544,2025-03-29,2025,660271,L,676684,R,strikeout,True,False
778544,2025-03-29,2025,605141,R,676684,R,home_run,False,False
778544,2025-03-29,2025,518692,L,676684,R,field_out,False,False
778544,2025-03-29,2025,700242,L,656945,L,single,False,False
778544,2025-03-29,2025,668952,R,656945,L,force_out,False,False
778544,2025-03-29,2025,595879,R,656945,L,field_out,False,False
778544,2025-03-29,2025,622534,R,656945,L,single,False,False
778544,2025-03-29,2025,682985,L,656945,L,double,False,False
778544,2025-03-29,2025,606192,R,592454,R,strikeout,True,False
778544,2025-03-29,2025,571970,L,592454,R,strikeout,True,False
778544,2025-03-29,2025,669242,R,592454,R,field_out,False,False
778544,2025-03-29,2025,679529,R,472610,R,field_out,False,False
778544,2025-03-29,2025,628451,R,472610,R,field_out,False,False
778544,2025-03-29,2025,656716,L,472610,R,intent_walk,False,True
778544,2025-03-29,2025,693307,R,472610,R,triple,False,False
778544,2025-03-29,2025,700242,L,472610,R,field_out,False,False
778544,2025-03-29,2025,624424,L,689225,R,double,False,False
778544,2025-03-29,2025,681624,R,689225,R,field_out,False,False
778544,2025-03-29,2025,669257,R,689225,R,single,False,False
778544,2025-03-29,2025,660271,L,689225,R,single,False,False
778544,2025-03-29,2025,605141,R,689225,R,home_run,False,False
778534,2025-03-29,2025,621493,R,686563,R,single,False,False
778534,2025-03-29,2025,694384,L,686563,R,strikeout,True,False
778534,2025-03-29,2025,545361,R,686563,R,force_out,False,False
778534,2025-03-29,2025,624585,R,686563,R,walk,False,True
778534,2025-03-29,2025,660162,L,686563,R,strikeout,True,False
778534,2025-03-29,2025,678246,R,667755,R,field_out,False,False
778534,2025-03-29,2025,673357,R,667755,R,field_out,False,False
778534,2025-03-29,2025,643217,L,667755,R,walk,False,True
778534,2025-03-29,2025,683734,R,667755,R,field_out,False,False
778534,2025-03-29,2025,681351,R,686563,R,field_out,False,False
778534,2025-03-29,2025,650859,L,686563,R,single,False,False
778534,2025-03-29,2025,666176,R,686563,R,walk,False,True
778534,2025-03-29,2025,621028,R,686563,R,grounded_into_double_play,False,False
778534,2025-03-29,2025,665155,L,667755,R,field_out,False,False
778534,2025-03-29,2025,672820,R,667755,R,field_out,False,False
778534,2025-03-29,2025,642136,L,667755,R,walk,False,True
778534,2025-03-29,2025,676070,R,667755,R,field_out,False,False
778534,2025-03-29,2025,621493,R,686563,R,single,False,False
778534,2025-03-29,2025,694384,L,686563,R,grounded_into_double_play,False,False
778534,2025-03-29,2025,545361,R,686563,R,strikeout,True,False
778534,2025-03-29,2025,681460,L,667755,R,strikeout,True,False
778534,2025-03-29,2025,678246,R,667755,R,field_out,False,False
778534,2025-03-29,2025,673357,R,667755,R,strikeout,True,False
778534,2025-03-29,2025,624585,R,686563,R,field_out,False,False
778534,2025-03-29,2025,660162,L,686563,R,walk,False,True
778534,2025-03-29,2025,681351,R,686563,R,strikeout,True,False
778534,2025-03-29,2025,650859,L,686563,R,field_out,False,False
778534,2025-03-29,2025,643217,L,667755,R,single,False,False
778534,2025-03-29,2025,683734,R,667755,R,grounded_into_double_play,False,False
778534,2025-03-29,2025,665155,L,667755,R,field_out,False,False
778534,2025-03-29,2025,666176,R,686563,R,single,False,False
778534,2025-03-29,2025,621028,R,686563,R,field_out,False,False
778534,2025-03-29,2025,621493,R,686563,R,field_out,False,False
778534,2025-03-29,2025,694384,L,686563,R,strikeout,True,False
778534,2025-03-29,2025,672820,R,667755,R,strikeout,True,False
778534,2025-03-29,2025,642136,L,667755,R,field_out,False,False
778534,2025-03-29,2025,676070,R,667755,R,strikeout,True,False
778534,2025-03-29,2025,545361,R,682171,R,field_out,False,False
778534,2025-03-29,2025,624585,R,682171,R,single,False,False
778534,2025-03-29,2025,660162,L,682171,R,field_out,False,False
778534,2025-03-29,2025,681351,R,682171,R,field_out,False,False
778534,2025-03-29,2025,681460,L,667755,R,single,False,False
778534,2025-03-29,2025,678246,R,667755,R,strikeout,True,False
778534,2025-03-29,2025,673357,R,667755,R,double_play,False,False
778534,2025-03-29,2025,650859,L,669060,R,single,False,False
778534,2025-03-29,2025,677347,R,669060,R,single,False,False
778534,2025-03-29,2025,621028,R,669060,R,strikeout,True,False
778534,2025-03-29,2025,621493,R,669060,R,grounded_into_double_play,False,False
778534,2025-03-29,2025,643217,L,667755,R,field_out,False,False
778534,2025-03-29,2025,683734,R,667755,R,field_out,False,False
778534,2025-03-29,2025,665155,L,667755,R,field_out,False,False
778534,2025-03-29,2025,694384,L,605182,R,field_out,False,False
778534,2025-03-29,2025,545361,R,605182,R,field_out,False,False
778534,2025-03-29,2025,624585,R,605182,R,walk,False,True
778534,2025-03-29,2025,660162,L,605182,R,single,False,False
778534,2025-03-29,2025,681351,R,605182,R,field_out,False,False
778534,2025-03-29,2025,672820,R,690829,R,field_out,False,False
778534,2025-03-29,2025,642136,L,690829,R,walk,False,True
778534,2025-03-29,2025,608671,L,690829,R,field_out,False,False
778534,2025-03-29,2025,681460,L,690829,R,field_out,False,False
778534,2025-03-29,2025,650859,L,673929,R,field_out,False,False
778534,2025-03-29,2025,677347,R,673929,R,strikeout,True,False
778534,2025-03-29,2025,621028,R,673929,R,field_out,False,False
778534,2025-03-29,2025,678246,R,445276,R,strikeout,True,False
778534,2025-03-29,2025,673357,R,445276,R,strikeout,True,False
778534,2025-03-29,2025,643217,L,445276,R,walk,False,True
778534,2025-03-29,2025,683734,R,445276,R,field_out,False,False
778528,2025-03-29,2025,670242,L,607200,R,strikeout,True,False
778528,2025-03-29,2025,621043,R,607200,R,field_out,False,False
778528,2025-03-29,2025,621439,R,607200,R,field_out,False,False
778528,2025-03-29,2025,663457,L,657746,R,single,False,False
778528,2025-03-29,2025,575929,R,657746,R,field_out,False,False
778528,2025-03-29,2025,680977,L,657746,R,field_out,False,False
778528,2025-03-29,2025,571448,R,657746,R,single,False,False
778528,2025-03-29,2025,676475,L,657746,R,field_out,False,False
778528,2025-03-29,2025,663616,L,607200,R,single,False,False
778528,2025-03-29,2025,664034,R,607200,R,field_out,False,False
778528,2025-03-29,2025,681508,L,607200,R,field_out,False,False
778528,2025-03-29,2025,650489,L,607200,R,double,False,False
778528,2025-03-29,2025,669304,R,607200,R,field_out,False,False
778528,2025-03-29,2025,671056,R,657746,R,strikeout,True,False
778528,2025-03-29,2025,691023,R,657746,R,hit_by_pitch,False,False
778528,2025-03-29,2025,687363,L,657746,R,strikeout,True,False
778528,2025-03-29,2025,691026,R,657746,R,strikeout,True,False
778528,2025-03-29,2025,543877,R,607200,R,field_out,False,False
778528,2025-03-29,2025,670242,L,607200,R,field_error,False,False
778528,2025-03-29,2025,621043,R,607200,R,grounded_into_double_play,False,False
778528,2025-03-29,2025,663457,L,657746,R,hit_by_pitch,False,False
778528,2025-03-29,2025,575929,R,657746,R,strikeout,True,False
778528,2025-03-29,2025,680977,L,657746,R,single,False,False
778528,2025-03-29,2025,571448,R,657746,R,field_out,False,False
778528,2025-03-29,2025,676475,L,657746,R,field_out,False,False
778528,2025-03-29,2025,621439,R,607200,R,strikeout,True,False
778528,2025-03-29,2025,663616,L,607200,R,field_out,False,False
778528,2025-03-29,2025,664034,R,607200,R,field_out,False,False
778528,2025-03-29,2025,671056,R,657746,R,strikeout,True,False
778528,2025-03-29,2025,691023,R,657746,R,single,False,False
778528,2025-03-29,2025,687363,L,657746,R,single,False,False
778528,2025-03-29,2025,691026,R,657746,R,field_out,False,False
778528,2025-03-29,2025,681508,L,607200,R,field_out,False,False
778528,2025-03-29,2025,650489,L,607200,R,field_out,False,False
778528,2025-03-29,2025,669304,R,607200,R,field_out,False,False
778528,2025-03-29,2025,663457,L,657746,R,field_out,False,False
778528,2025-03-29,2025,575929,R,657746,R,field_out,False,False
778528,2025-03-29,2025,680977,L,657746,R,field_out,False,False
778528,2025-03-29,2025,543877,R,607200,R,field_out,False,False
778528,2025-03-29,2025,670242,L,607200,R,field_out,False,False
778528,2025-03-29,2025,621043,R,607200,R,field_out,False,False
778528,2025-03-29,2025,571448,R,660896,R,double,False,False
778528,2025-03-29,2025,676475,L,660896,R,walk,False,True
778528,2025-03-29,2025,671056,R,660896,R,single,False,False
778528,2025-03-29,2025,691023,R,686973,R,walk,False,True
778528,2025-03-29,2025,687363,L,686973,R,strikeout,True,False
778528,2025-03-29,2025,691026,R,686973,R,strikeout,True,False
778528,2025-03-29,2025,663457,L,686973,R,single,False,False
778528,2025-03-29,2025,575929,R,686973,R,strikeout,True,False
778528,2025-03-29,2025,621439,R,681676,R,field_out,False,False
778528,2025-03-29,2025,663616,L,681676,R,field_out,False,False
778528,2025-03-29,2025,664034,R,681676,R,field_out,False,False
778528,2025-03-29,2025,680977,L,543056,L,field_out,False,False
778528,2025-03-29,2025,571448,R,543056,L,walk,False,True
778528,2025-03-29,2025,676475,L,543056,L,field_out,False,False
778528,2025-03-29,2025,671056,R,543056,L,double,False,False
778528,2025-03-29,2025,691023,R,543056,L,field_out,False,False
778528,2025-03-29,2025,681508,R,668941,L,single,False,False
778528,2025-03-29,2025,650489,R,668941,L,field_out,False,False
778528,2025-03-29,2025,669304,R,668941,L,force_out,False,False
778528,2025-03-29,2025,543877,R,668941,L,field_out,False,False
778528,2025-03-29,2025,687363,L,661395,R,single,False,False
778528,2025-03-29,2025,691026,R,661395,R,walk,False,True
778528,2025-03-29,2025,663457,L,661395,R,walk,False,True
778528,2025-03-29,2025,575929,R,661395,R,strikeout,True,False
778528,2025-03-29,2025,680977,L,623437,R,sac_fly,False,False
778528,2025-03-29,2025,571448,R,623437,R,strikeout,True,False
778528,2025-03-29,2025,670242,L,664208,R,field_out,False,False
778528,2025-03-29,2025,621043,R,664208,R,field_out,False,False
778528,2025-03-29,2025,621439,R,664208,R,strikeout,True,False
778536,2025-03-29,2025,681297,L,453286,R,home_run,False,False
778536,2025-03-29,2025,668939,L,453286,R,field_out,False,False
778536,2025-03-29,2025,656811,L,453286,R,single,False,False
778536,2025-03-29,2025,676059,R,453286,R,home_run,False,False
778536,2025-03-29,2025,656775,L,453286,R,field_out,False,False
778536,2025-03-29,2025,666182,R,665152,R,single,False,False
778536,2025-03-29,2025,665489,R,665152,R,single,False,False
778536,2025-03-29,2025,623993,L,665152,R,single,False,False
778536,2025-03-29,2025,665926,L,665152,R,field_out,False,False
778536,2025-03-29,2025,672386,R,665152,R,sac_fly,False,False
778536,2025-03-29,2025,695238,L,665152,R,strikeout,True,False
778536,2025-03-29,2025,677008,L,453286,R,field_out,False,False
778536,2025-03-29,2025,596142,R,453286,R,strikeout,True,False
778536,2025-03-29,2025,702616,L,453286,R,field_out,False,False
778536,2025-03-29,2025,676914,R,665152,R,field_out,False,False
778536,2025-03-29,2025,676391,R,665152,R,field_out,False,False
778536,2025-03-29,2025,664770,L,665152,R,field_out,False,False
778536,2025-03-29,2025,602104,R,453286,R,field_out,False,False
778536,2025-03-29,2025,681297,L,453286,R,field_out,False,False
778536,2025-03-29,2025,668939,L,453286,R,field_out,False,False
778536,2025-03-29,2025,666182,R,665152,R,walk,False,True
778536,2025-03-29,2025,665489,R,665152,R,strikeout,True,False
778536,2025-03-29,2025,623993,L,665152,R,strikeout,True,False
778536,2025-03-29,2025,665926,L,665152,R,home_run,False,False
778536,2025-03-29,2025,672386,R,665152,R,field_out,False,False
778536,2025-03-29,2025,656811,L,663992,L,double,False,False
778536,2025-03-29,2025,676059,R,663992,L,strikeout,True,False
778536,2025-03-29,2025,656775,L,663992,L,hit_by_pitch,False,False
778536,2025-03-29,2025,677008,L,663992,L,hit_by_pitch,False,False
778536,2025-03-29,2025,596142,R,663992,L,sac_fly,False,False
778536,2025-03-29,2025,702616,L,663992,L,walk,False,True
778536,2025-03-29,2025,602104,R,663992,L,double,False,False
778536,2025-03-29,2025,681297,L,663992,L,strikeout,True,False
778536,2025-03-29,2025,695238,L,665152,R,field_out,False,False
778536,2025-03-29,2025,676914,R,665152,R,strikeout,True,False
778536,2025-03-29,2025,676391,R,665152,R,strikeout,True,False
778536,2025-03-29,2025,668939,L,606930,R,double,False,False
778536,2025-03-29,2025,656811,L,606930,R,strikeout,True,False
778536,2025-03-29,2025,676059,R,606930,R,single,False,False
778536,2025-03-29,2025,656775,L,606930,R,single,False,False
778536,2025-03-29,2025,677008,L,606930,R,sac_fly,False,False
778536,2025-03-29,2025,596142,R,606930,R,field_out,False,False
778536,2025-03-29,2025,664770,L,665152,R,walk,False,True
778536,2025-03-29,2025,666182,R,665152,R,single,False,False
778536,2025-03-29,2025,665489,R,665152,R,field_out,False,False
778536,2025-03-29,2025,623993,L,665152,R,strikeout,True,False
778536,2025-03-29,2025,665926,L,665152,R,field_out,False,False
778536,2025-03-29,2025,702616,L,606930,R,strikeout,True,False
778536,2025-03-29,2025,602104,R,606930,R,single,False,False
778536,2025-03-29,2025,681297,L,643338,R,strikeout,True,False
778536,2025-03-29,2025,668939,L,643338,R,field_out,False,False
778536,2025-03-29,2025,672386,R,665152,R,field_out,False,False
778536,2025-03-29,2025,695238,L,669211,L,double,False,False
778536,2025-03-29,2025,676914,R,669211,L,strikeout,True,False
778536,2025-03-29,2025,676391,R,669211,L,field_out,False,False
778536,2025-03-29,2025,656811,L,643338,R,field_out,False,False
778536,2025-03-29,2025,676059,R,643338,R,home_run,False,False
778536,2025-03-29,2025,656775,L,643338,R,field_out,False,False
778536,2025-03-29,2025,677008,L,643338,R,strikeout,True,False
778536,2025-03-29,2025,664770,L,666974,R,strikeout,True,False
778536,2025-03-29,2025,666182,R,666974,R,double,False,False
778536,2025-03-29,2025,665489,R,666974,R,field_out,False,False
778536,2025-03-29,2025,623993,L,666974,R,strikeout,True,False
778536,2025-03-29,2025,596142,R,554340,R,strikeout,True,False
778536,2025-03-29,2025,702616,L,554340,R,field_out,False,False
778536,2025-03-29,2025,602104,R,554340,R,single,False,False
778536,2025-03-29,2025,681297,L,554340,R,field_out,False,False
778536,2025-03-29,2025,665926,L,642397,L,walk,False,True
778536,2025-03-29,2025,672386,R,642397,L,strikeout,True,False
778536,2025-03-29,2025,543807,R,642397,L,walk,False,True
778536,2025-03-29,2025,702176,L,622554,R,field_out,False,False
778536,2025-03-29,2025,676391,R,622554,R,strikeout,True,False
778536,2025-03-29,2025,668939,L,656546,R,field_out,False,False
778536,2025-03-29,2025,656811,L,656546,R,field_out,False,False
778536,2025-03-29,2025,676059,R,656546,R,single,False,False
778536,2025-03-29,2025,656775,L,656546,R,strikeout,True,False
778536,2025-03-29,2025,664770,L,642585,R,strikeout,True,False
778536,2025-03-29,2025,666182,R,642585,R,double,False,False
778536,2025-03-29,2025,665489,R,642585,R,strikeout,True,False
778536,2025-03-29,2025,623993,L,642585,R,walk,False,True
778536,2025-03-29,2025,665926,L,642585,R,strikeout,True,False
778535,2025-03-29,2025,656941,L,663623,R,single,False,False
778535,2025-03-29,2025,664761,R,663623,R,walk,False,True
778535,2025-03-29,2025,547180,L,663623,R,field_out,False,False
778535,2025-03-29,2025,592663,R,663623,R,field_out,False,False
778535,2025-03-29,2025,682928,L,666200,L,single,False,False
778535,2025-03-29,2025,686611,R,666200,L,strikeout,True,False
778535,2025-03-29,2025,695578,L,666200,L,strikeout,True,False
778535,2025-03-29,2025,605137,R,666200,L,field_out,False,False
778535,2025-03-29,2025,596146,L,663623,R,field_out,False,False
778535,2025-03-29,2025,592206,R,663623,R,field_out,False,False
778535,2025-03-29,2025,681082,L,663623,R,double,False,False
778535,2025-03-29,2025,669016,L,663623,R,field_out,False,False
778535,2025-03-29,2025,642708,R,666200,L,single,False,False
778535,2025-03-29,2025,663993,L,666200,L,strikeout,True,False
778535,2025-03-29,2025,660688,R,666200,L,home_run,False,False
778535,2025-03-29,2025,657557,R,666200,L,strikeout,True,False
778535,2025-03-29,2025,696285,R,666200,L,walk,False,True
778535,2025-03-29,2025,682928,L,666200,L,strikeout,True,False
778535,2025-03-29,2025,624641,R,663623,R,field_out,False,False
778535,2025-03-29,2025,656941,L,663623,R,strikeout,True,False
778535,2025-03-29,2025,664761,R,663623,R,single,False,False
778535,2025-03-29,2025,547180,L,663623,R,field_out,False,False
778535,2025-03-29,2025,686611,R,666200,L,strikeout,True,False
778535,2025-03-29,2025,695578,L,666200,L,single,False,False
778535,2025-03-29,2025,605137,R,666200,L,field_out,False,False
778535,2025-03-29,2025,642708,R,666200,L,field_out,False,False
778535,2025-03-29,2025,592663,R,663623,R,field_out,False,False
778535,2025-03-29,2025,596146,L,663623,R,walk,False,True
778535,2025-03-29,2025,592206,R,663623,R,field_out,False,False
778535,2025-03-29,2025,681082,L,663623,R,home_run,False,False
778535,2025-03-29,2025,669016,L,663623,R,single,False,False
778535,2025-03-29,2025,624641,R,663623,R,double,False,False
778535,2025-03-29,2025,656941,L,663623,R,strikeout,True,False
778535,2025-03-29,2025,663993,L,666200,L,strikeout,True,False
778535,2025-03-29,2025,660688,R,666200,L,strikeout,True,False
778535,2025-03-29,2025,657557,R,666200,L,walk,False,True
778535,2025-03-29,2025,696285,R,666200,L,force_out,False,False
778535,2025-03-29,2025,664761,R,663623,R,field_out,False,False
778535,2025-03-29,2025,547180,L,663623,R,single,False,False
778535,2025-03-29,2025,592663,R,663623,R,grounded_into_double_play,False,False
778535,2025-03-29,2025,682928,L,666200,L,strikeout,True,False
778535,2025-03-29,2025,686611,R,666200,L,strikeout,True,False
778535,2025-03-29,2025,695578,L,666200,L,double,False,False
778535,2025-03-29,2025,605137,R,666200,L,strikeout,True,False
778535,2025-03-29,2025,596146,L,621363,L,strikeout,True,False
778535,2025-03-29,2025,592206,R,621363,L,walk,False,True
778535,2025-03-29,2025,681082,L,621363,L,walk,False,True
778535,2025-03-29,2025,669016,L,621363,L,single,False,False
778535,2025-03-29,2025,624641,R,608371,R,walk,False,True
778535,2025-03-29,2025,656941,L,608371,R,home_run,False,False
778535,2025-03-29,2025,664761,R,608371,R,single,False,False
778535,2025-03-29,2025,547180,L,687377,R,field_out,False,False
778535,2025-03-29,2025,592663,R,687377,R,field_out,False,False
778535,2025-03-29,2025,642708,R,614179,R,home_run,False,False
778535,2025-03-29,2025,663993,L,614179,R,field_out,False,False
778535,2025-03-29,2025,660688,L,614179,R,double,False,False
778535,2025-03-29,2025,657557,R,614179,R,field_out,False,False
778535,2025-03-29,2025,696285,R,614179,R,field_out,False,False
778535,2025-03-29,2025,596146,L,687377,R,strikeout,True,False
778535,2025-03-29,2025,592206,R,687377,R,walk,False,True
778535,2025-03-29,2025,681082,L,687377,R,walk,False,True
778535,2025-03-29,2025,669016,L,687377,R,home_run,False,False
778535,2025-03-29,2025,624641,R,687377,R,strikeout,True,False
778535,2025-03-29,2025,656941,L,687377,R,field_out,False,False
778535,2025-03-29,2025,682928,L,621383,L,single,False,False
778535,2025-03-29,2025,686611,R,621383,L,strikeout,True,False
778535,2025-03-29,2025,695578,L,621383,L,strikeout,True,False
778535,2025-03-29,2025,605137,R,621383,L,field_out,False,False
778535,2025-03-29,2025,664761,R,687377,R,field_out,False,False
778535,2025-03-29,2025,547180,L,687377,R,single,False,False
778535,2025-03-29,2025,665561,L,687377,R,walk,False,True
778535,2025-03-29,2025,596146,L,674285,R,force_out,False,False
778535,2025-03-29,2025,679032,R,674285,R,single,False,False
778535,2025-03-29,2025,681082,L,674285,R,field_out,False,False
778535,2025-03-29,2025,642708,R,672578,R,single,False,False
778535,2025-03-29,2025,663993,L,672578,R,home_run,False,False
778535,2025-03-29,2025,656180,R,672578,R,field_out,False,False
778535,2025-03-29,2025,677588,L,672578,R,single,False,False
778535,2025-03-29,2025,696285,R,672578,R,field_out,False,False
778535,2025-03-29,2025,682928,L,672578,R,walk,False,True
778535,2025-03-29,2025,686611,R,672578,R,strikeout,True,False
778535,2025-03-29,2025,669016,L,674285,R,field_out,False,False
778535,2025-03-29,2025,624641,R,674285,R,single,False,False
778535,2025-03-29,2025,665019,L,674285,R,field_out,False,False
778535,2025-03-29,2025,664761,R,674285,R,field_out,False,False
778535,2025-03-29,2025,695578,L,605452,R,strikeout,True,False
778535,2025-03-29,2025,605137,L,605452,R,walk,False,True
778535,2025-03-29,2025,642708,R,605452,R,field_out,False,False
778535,2025-03-29,2025,663993,L,605452,R,single,False,False
778535,2025-03-29,2025,656180,R,605452,R,force_out,False,False
778528,2025-03-29,2025,670242,L,607200,R,strikeout,True,False
778528,2025-03-29,2025,621043,R,607200,R,field_out,False,False
778528,2025-03-29,2025,621439,R,607200,R,field_out,False,False
778528,2025-03-29,2025,663457,L,657746,R,single,False,False
778528,2025-03-29,2025,575929,R,657746,R,field_out,False,False
778528,2025-03-29,2025,680977,L,657746,R,field_out,False,False
778528,2025-03-29,2025,571448,R,657746,R,single,False,False
778528,2025-03-29,2025,676475,L,657746,R,field_out,False,False
778528,2025-03-29,2025,663616,L,607200,R,single,False,False
778528,2025-03-29,2025,664034,R,607200,R,field_out,False,False
778528,2025-03-29,2025,681508,L,607200,R,field_out,False,False
778528,2025-03-29,2025,650489,L,607200,R,double,False,False
778528,2025-03-29,2025,669304,R,607200,R,field_out,False,False
778528,2025-03-29,2025,671056,R,657746,R,strikeout,True,False
778528,2025-03-29,2025,691023,R,657746,R,hit_by_pitch,False,False
778528,2025-03-29,2025,687363,L,657746,R,strikeout,True,False
778528,2025-03-29,2025,691026,R,657746,R,strikeout,True,False
778528,2025-03-29,2025,543877,R,607200,R,field_out,False,False
778528,2025-03-29,2025,670242,L,607200,R,field_error,False,False
778528,2025-03-29,2025,621043,R,607200,R,grounded_into_double_play,False,False
778528,2025-03-29,2025,663457,L,657746,R,hit_by_pitch,False,False
778528,2025-03-29,2025,575929,R,657746,R,strikeout,True,False
778528,2025-03-29,2025,680977,L,657746,R,single,False,False
778528,2025-03-29,2025,571448,R,657746,R,field_out,False,False
778528,2025-03-29,2025,676475,L,657746,R,field_out,False,False
778528,2025-03-29,2025,621439,R,607200,R,strikeout,True,False
778528,2025-03-29,2025,663616,L,607200,R,field_out,False,False
778528,2025-03-29,2025,664034,R,607200,R,field_out,False,False
778528,2025-03-29,2025,671056,R,657746,R,strikeout,True,False
778528,2025-03-29,2025,691023,R,657746,R,single,False,False
778528,2025-03-29,2025,687363,L,657746,R,single,False,False
778528,2025-03-29,2025,691026,R,657746,R,field_out,False,False
778528,2025-03-29,2025,681508,L,607200,R,field_out,False,False
778528,2025-03-29,2025,650489,L,607200,R,field_out,False,False
778528,2025-03-29,2025,669304,R,607200,R,field_out,False,False
778528,2025-03-29,2025,663457,L,657746,R,field_out,False,False
778528,2025-03-29,2025,575929,R,657746,R,field_out,False,False
778528,2025-03-29,2025,680977,L,657746,R,field_out,False,False
778528,2025-03-29,2025,543877,R,607200,R,field_out,False,False
778528,2025-03-29,2025,670242,L,607200,R,field_out,False,False
778528,2025-03-29,2025,621043,R,607200,R,field_out,False,False
778528,2025-03-29,2025,571448,R,660896,R,double,False,False
778528,2025-03-29,2025,676475,L,660896,R,walk,False,True
778528,2025-03-29,2025,671056,R,660896,R,single,False,False
778528,2025-03-29,2025,691023,R,686973,R,walk,False,True
778528,2025-03-29,2025,687363,L,686973,R,strikeout,True,False
778528,2025-03-29,2025,691026,R,686973,R,strikeout,True,False
778528,2025-03-29,2025,663457,L,686973,R,single,False,False
778528,2025-03-29,2025,575929,R,686973,R,strikeout,True,False
778528,2025-03-29,2025,621439,R,681676,R,field_out,False,False
778528,2025-03-29,2025,663616,L,681676,R,field_out,False,False
778528,2025-03-29,2025,664034,R,681676,R,field_out,False,False
778528,2025-03-29,2025,680977,L,543056,L,field_out,False,False
778528,2025-03-29,2025,571448,R,543056,L,walk,False,True
778528,2025-03-29,2025,676475,L,543056,L,field_out,False,False
778528,2025-03-29,2025,671056,R,543056,L,double,False,False
778528,2025-03-29,2025,691023,R,543056,L,field_out,False,False
778528,2025-03-29,2025,681508,R,668941,L,single,False,False
778528,2025-03-29,2025,650489,R,668941,L,field_out,False,False
778528,2025-03-29,2025,669304,R,668941,L,force_out,False,False
778528,2025-03-29,2025,543877,R,668941,L,field_out,False,False
778528,2025-03-29,2025,687363,L,661395,R,single,False,False
778528,2025-03-29,2025,691026,R,661395,R,walk,False,True
778528,2025-03-29,2025,663457,L,661395,R,walk,False,True
778528,2025-03-29,2025,575929,R,661395,R,strikeout,True,False
778528,2025-03-29,2025,680977,L,623437,R,sac_fly,False,False
778528,2025-03-29,2025,571448,R,623437,R,strikeout,True,False
778528,2025-03-29,2025,670242,L,664208,R,field_out,False,False
778528,2025-03-29,2025,621043,R,664208,R,field_out,False,False
778528,2025-03-29,2025,621439,R,664208,R,strikeout,True,False
778529,2025-03-29,2025,680757,L,607625,R,field_out,False,False
778529,2025-03-29,2025,608070,L,607625,R,field_out,False,False
778529,2025-03-29,2025,700932,L,607625,R,walk,False,True
778529,2025-03-29,2025,467793,L,607625,R,strikeout,True,False
778529,2025-03-29,2025,663697,R,668909,R,single,False,False
778529,2025-03-29,2025,677951,R,668909,R,force_out,False,False
778529,2025-03-29,2025,686469,L,668909,R,strikeout,True,False
778529,2025-03-29,2025,666134,L,607625,R,double,False,False
778529,2025-03-29,2025,657041,R,607625,R,single,False,False
778529,2025-03-29,2025,666310,L,607625,R,single,False,False
778529,2025-03-29,2025,682177,L,607625,R,strikeout,True,False
778529,2025-03-29,2025,677587,L,607625,R,force_out,False,False
778529,2025-03-29,2025,680757,L,607625,R,caught_stealing_2b,False,False
778529,2025-03-29,2025,521692,R,668909,R,field_out,False,False
778529,2025-03-29,2025,686681,L,668909,R,field_out,False,False
778529,2025-03-29,2025,669004,L,668909,R,field_out,False,False
778529,2025-03-29,2025,680757,L,607625,R,walk,False,True
778529,2025-03-29,2025,608070,L,607625,R,walk,False,True
778529,2025-03-29,2025,700932,L,607625,R,field_out,False,False
778529,2025-03-29,2025,467793,L,607625,R,sac_fly,False,False
778529,2025-03-29,2025,666134,L,607625,R,caught_stealing_2b,False,False
778529,2025-03-29,2025,672580,R,668909,R,field_out,False,False
778529,2025-03-29,2025,624415,L,668909,R,field_out,False,False
778529,2025-03-29,2025,664728,L,668909,R,field_out,False,False
778529,2025-03-29,2025,666134,L,607625,R,strikeout,True,False
778529,2025-03-29,2025,657041,R,607625,R,field_out,False,False
778529,2025-03-29,2025,666310,L,607625,R,field_out,False,False
778529,2025-03-29,2025,663697,R,668909,R,single,False,False
778529,2025-03-29,2025,677951,R,668909,R,field_out,False,False
778529,2025-03-29,2025,686469,L,668909,R,field_out,False,False
778529,2025-03-29,2025,521692,R,668909,R,single,False,False
778529,2025-03-29,2025,686681,L,668909,R,field_out,False,False
778529,2025-03-29,2025,682177,L,607625,R,strikeout,True,False
778529,2025-03-29,2025,677587,L,607625,R,field_out,False,False
778529,2025-03-29,2025,680757,L,607625,R,home_run,False,False
778529,2025-03-29,2025,608070,L,607625,R,field_out,False,False
778529,2025-03-29,2025,669004,L,668909,R,strikeout,True,False
778529,2025-03-29,2025,672580,R,668909,R,field_out,False,False
778529,2025-03-29,2025,624415,L,668909,R,field_out,False,False
778529,2025-03-29,2025,700932,L,663738,L,field_out,False,False
778529,2025-03-29,2025,467793,R,663738,L,field_out,False,False
778529,2025-03-29,2025,666134,L,663738,L,field_out,False,False
778529,2025-03-29,2025,664728,L,668909,R,single,False,False
778529,2025-03-29,2025,663697,R,668909,R,walk,False,True
778529,2025-03-29,2025,677951,R,671922,R,field_out,False,False
778529,2025-03-29,2025,686469,L,671922,R,force_out,False,False
778529,2025-03-29,2025,521692,R,671922,R,single,False,False
778529,2025-03-29,2025,686681,L,671922,R,single,False,False
778529,2025-03-29,2025,669004,L,671922,R,field_out,False,False
778529,2025-03-29,2025,657041,R,663738,L,field_out,False,False
778529,2025-03-29,2025,666310,L,663738,L,field_out,False,False
778529,2025-03-29,2025,682177,L,663738,L,field_out,False,False
778529,2025-03-29,2025,672580,R,623149,R,home_run,False,False
778529,2025-03-29,2025,624415,L,623149,R,single,False,False
778529,2025-03-29,2025,664728,L,623149,R,strikeout,True,False
778529,2025-03-29,2025,663697,R,623149,R,field_out,False,False
778529,2025-03-29,2025,677951,R,683769,R,double,False,False
778529,2025-03-29,2025,686469,L,683769,R,intent_walk,False,True
778529,2025-03-29,2025,521692,R,683769,R,force_out,False,False
778529,2025-03-29,2025,677587,L,668674,R,single,False,False
778529,2025-03-29,2025,680757,L,668674,R,field_out,False,False
778529,2025-03-29,2025,672356,R,668674,R,grounded_into_double_play,False,False
778529,2025-03-29,2025,686681,L,596001,R,field_out,False,False
778529,2025-03-29,2025,669004,L,596001,R,field_out,False,False
778529,2025-03-29,2025,672580,R,596001,R,single,False,False
778529,2025-03-29,2025,666023,R,596001,R,strikeout,True,False
778529,2025-03-29,2025,700932,L,608032,R,walk,False,True
778529,2025-03-29,2025,467793,L,608032,R,force_out,False,False
778529,2025-03-29,2025,666134,L,608032,R,field_out,False,False
778529,2025-03-29,2025,657041,R,608032,R,strikeout,True,False
778540,2025-03-29,2025,671218,R,666157,L,field_out,False,False
778540,2025-03-29,2025,642715,R,666157,L,field_out,False,False
778540,2025-03-29,2025,808982,L,666157,L,field_out,False,False
778540,2025-03-29,2025,670770,L,434378,R,strikeout,True,False
778540,2025-03-29,2025,680574,R,434378,R,field_out,False,False
778540,2025-03-29,2025,682829,L,434378,R,strikeout,True,False
778540,2025-03-29,2025,656305,R,666157,L,field_out,False,False
778540,2025-03-29,2025,527038,R,666157,L,home_run,False,False
778540,2025-03-29,2025,682641,R,666157,L,double,False,False
778540,2025-03-29,2025,672275,R,666157,L,field_out,False,False
778540,2025-03-29,2025,669477,R,666157,L,hit_by_pitch,False,False
778540,2025-03-29,2025,666149,R,666157,L,field_out,False,False
778540,2025-03-29,2025,666158,L,434378,R,field_out,False,False
778540,2025-03-29,2025,600869,L,434378,R,walk,False,True
778540,2025-03-29,2025,687952,R,434378,R,single,False,False
778540,2025-03-29,2025,669289,R,434378,R,force_out,False,False
778540,2025-03-29,2025,641584,L,434378,R,strikeout,True,False
778540,2025-03-29,2025,671218,R,666157,L,double,False,False
778540,2025-03-29,2025,642715,R,666157,L,field_out,False,False
778540,2025-03-29,2025,808982,L,666157,L,single,False,False
778540,2025-03-29,2025,656305,R,666157,L,strikeout,True,False
778540,2025-03-29,2025,527038,R,666157,L,field_out,False,False
778540,2025-03-29,2025,624431,R,434378,R,field_out,False,False
778540,2025-03-29,2025,670770,L,434378,R,field_out,False,False
778540,2025-03-29,2025,680574,R,434378,R,home_run,False,False
778540,2025-03-29,2025,682829,L,434378,R,field_out,False,False
778540,2025-03-29,2025,682641,R,666157,L,field_out,False,False
778540,2025-03-29,2025,672275,R,666157,L,field_out,False,False
778540,2025-03-29,2025,669477,R,666157,L,field_out,False,False
778540,2025-03-29,2025,666158,L,434378,R,strikeout,True,False
778540,2025-03-29,2025,600869,L,434378,R,single,False,False
778540,2025-03-29,2025,687952,R,434378,R,strikeout,True,False
778540,2025-03-29,2025,669289,R,434378,R,single,False,False
778540,2025-03-29,2025,641584,L,434378,R,force_out,False,False
778540,2025-03-29,2025,666149,R,666157,L,field_out,False,False
778540,2025-03-29,2025,671218,R,666157,L,field_out,False,False
778540,2025-03-29,2025,642715,R,666157,L,field_out,False,False
778540,2025-03-29,2025,624431,R,434378,R,field_out,False,False
778540,2025-03-29,2025,670770,L,434378,R,field_out,False,False
778540,2025-03-29,2025,680574,R,434378,R,double,False,False
778540,2025-03-29,2025,682829,L,434378,R,single,False,False
778540,2025-03-29,2025,666158,L,434378,R,field_out,False,False
778540,2025-03-29,2025,808982,L,666157,L,field_out,False,False
778540,2025-03-29,2025,656305,R,666157,L,single,False,False
778540,2025-03-29,2025,527038,R,666157,L,grounded_into_double_play,False,False
778540,2025-03-29,2025,600869,L,702352,R,strikeout,True,False
778540,2025-03-29,2025,687952,R,702352,R,home_run,False,False
778540,2025-03-29,2025,669289,R,702352,R,single,False,False
778540,2025-03-29,2025,641584,L,702352,R,field_out,False,False
778540,2025-03-29,2025,624431,R,702352,R,force_out,False,False
778540,2025-03-29,2025,682641,R,663574,R,single,False,False
778540,2025-03-29,2025,672275,L,663574,R,grounded_into_double_play,False,False
778540,2025-03-29,2025,664774,L,663574,R,field_out,False,False
778540,2025-03-29,2025,670770,L,678495,R,field_out,False,False
778540,2025-03-29,2025,680574,R,678495,R,strikeout,True,False
778540,2025-03-29,2025,682829,L,678495,R,strikeout,True,False
778540,2025-03-29,2025,666149,R,668933,R,single,False,False
778540,2025-03-29,2025,671218,R,668933,R,grounded_into_double_play,False,False
778540,2025-03-29,2025,642715,R,668933,R,single,False,False
778540,2025-03-29,2025,808982,L,668933,R,field_out,False,False
778540,2025-03-29,2025,666158,L,642152,R,strikeout,True,False
778540,2025-03-29,2025,600869,L,642152,R,field_out,False,False
778540,2025-03-29,2025,687952,R,642152,R,field_out,False,False
778540,2025-03-29,2025,656305,R,641941,R,field_out,False,False
778540,2025-03-29,2025,527038,R,641941,R,field_out,False,False
778540,2025-03-29,2025,682641,R,641941,R,field_out,False,False
778537,2025-03-29,2025,686668,R,641793,R,field_out,False,False
778537,2025-03-29,2025,678662,R,641793,R,field_out,False,False
778537,2025-03-29,2025,641857,L,641793,R,strikeout,True,False
778537,2025-03-29,2025,650490,R,622608,R,field_out,False,False
778537,2025-03-29,2025,664040,L,622608,R,field_out,False,False
778537,2025-03-29,2025,691406,R,622608,R,single,False,False
778537,2025-03-29,2025,666018,L,622608,R,double,False,False
778537,2025-03-29,2025,592178,R,641793,R,strikeout,True,False
778537,2025-03-29,2025,669911,L,641793,R,strikeout,True,False
778537,2025-03-29,2025,696100,R,641793,R,strikeout,True,False
778537,2025-03-29,2025,666624,R,622608,R,single,False,False
778537,2025-03-29,2025,670224,L,622608,R,single,False,False
778537,2025-03-29,2025,643376,R,622608,R,field_out,False,False
778537,2025-03-29,2025,670764,L,622608,R,field_out,False,False
778537,2025-03-29,2025,676356,R,622608,R,walk,False,True
778537,2025-03-29,2025,650490,R,622608,R,field_out,False,False
778537,2025-03-29,2025,605361,L,641793,R,single,False,False
778537,2025-03-29,2025,571657,R,641793,R,field_out,False,False
778537,2025-03-29,2025,687597,R,641793,R,single,False,False
778537,2025-03-29,2025,686668,R,641793,R,single,False,False
778537,2025-03-29,2025,678662,R,641793,R,field_out,False,False
778537,2025-03-29,2025,641857,L,641793,R,field_out,False,False
778537,2025-03-29,2025,664040,L,622608,R,single,False,False
778537,2025-03-29,2025,691406,R,622608,R,grounded_into_double_play,False,False
778537,2025-03-29,2025,666018,L,622608,R,double,False,False
778537,2025-03-29,2025,666624,R,622608,R,walk,False,True
778537,2025-03-29,2025,670224,L,622608,R,single,False,False
778537,2025-03-29,2025,592178,R,641793,R,strikeout,True,False
778537,2025-03-29,2025,669911,L,641793,R,field_out,False,False
778537,2025-03-29,2025,696100,R,641793,R,strikeout,True,False
778537,2025-03-29,2025,643376,R,622608,R,field_out,False,False
778537,2025-03-29,2025,670764,L,622608,R,field_out,False,False
778537,2025-03-29,2025,676356,R,622608,R,field_out,False,False
778537,2025-03-29,2025,605361,L,641793,R,strikeout,True,False
778537,2025-03-29,2025,571657,R,641793,R,field_out,False,False
778537,2025-03-29,2025,687597,R,641793,R,field_out,False,False
778537,2025-03-29,2025,650490,R,622608,R,field_out,False,False
778537,2025-03-29,2025,664040,L,622608,R,single,False,False
778537,2025-03-29,2025,691406,R,622608,R,single,False,False
778537,2025-03-29,2025,666018,L,678821,L,strikeout,True,False
778537,2025-03-29,2025,666624,R,678821,L,walk,False,True
778537,2025-03-29,2025,670224,L,678821,L,field_out,False,False
778537,2025-03-29,2025,686668,R,641793,R,field_out,False,False
778537,2025-03-29,2025,678662,R,641793,R,field_out,False,False
778537,2025-03-29,2025,641857,L,641793,R,single,False,False
778537,2025-03-29,2025,592178,R,641793,R,field_out,False,False
778537,2025-03-29,2025,643376,R,623474,R,field_out,False,False
778537,2025-03-29,2025,670764,L,623474,R,walk,False,True
778537,2025-03-29,2025,676356,R,623474,R,field_out,False,False
778537,2025-03-29,2025,650490,R,623474,R,field_out,False,False
778537,2025-03-29,2025,669911,R,664076,L,field_out,False,False
778537,2025-03-29,2025,696100,R,664076,L,double,False,False
778537,2025-03-29,2025,656248,R,664076,L,strikeout,True,False
778537,2025-03-29,2025,571657,R,664076,L,single,False,False
778537,2025-03-29,2025,687597,R,664076,L,field_out,False,False
778537,2025-03-29,2025,664040,L,518397,L,field_out,False,False
778537,2025-03-29,2025,691406,R,518397,L,single,False,False
778537,2025-03-29,2025,678554,R,518397,L,grounded_into_double_play,False,False
778537,2025-03-29,2025,686668,R,655889,R,field_out,False,False
778537,2025-03-29,2025,678662,R,655889,R,strikeout,True,False
778537,2025-03-29,2025,641857,L,655889,R,field_out,False,False
778537,2025-03-29,2025,666624,R,683409,R,single,False,False
778537,2025-03-29,2025,670224,L,683409,R,strikeout,True,False
778537,2025-03-29,2025,643376,R,683409,R,field_out,False,False
778537,2025-03-29,2025,670764,L,683409,R,single,False,False
778537,2025-03-29,2025,676356,R,683409,R,walk,False,True
778537,2025-03-29,2025,650490,R,678020,R,field_out,False,False
778537,2025-03-29,2025,592178,R,687330,R,field_out,False,False
778537,2025-03-29,2025,669911,L,687330,R,field_out,False,False
778537,2025-03-29,2025,696100,R,687330,R,field_out,False,False
778537,2025-03-29,2025,664040,L,678020,R,field_out,False,False
778537,2025-03-29,2025,691406,R,678020,R,strikeout,True,False
778537,2025-03-29,2025,678554,R,678020,R,field_out,False,False
778539,2025-03-29,2025,678225,L,678368,R,field_out,False,False
778539,2025-03-29,2025,668804,L,678368,R,single,False,False
778539,2025-03-29,2025,665833,L,678368,R,walk,False,True
778539,2025-03-29,2025,663698,R,678368,R,strikeout,True,False
778539,2025-03-29,2025,669261,L,678368,R,double,False,False
778539,2025-03-29,2025,669364,R,663559,L,strikeout,True,False
778539,2025-03-29,2025,672640,R,663559,L,single,False,False
778539,2025-03-29,2025,681146,R,663559,L,field_out,False,False
778539,2025-03-29,2025,676572,R,663559,L,field_out,False,False
778539,2025-03-29,2025,663647,R,678368,R,field_out,False,False
778539,2025-03-29,2025,669707,R,678368,R,field_out,False,False
778539,2025-03-29,2025,624428,L,678368,R,strikeout,True,False
778539,2025-03-29,2025,667472,R,663559,L,field_out,False,False
778539,2025-03-29,2025,656537,R,663559,L,strikeout,True,False
778539,2025-03-29,2025,669065,L,663559,L,single,False,False
778539,2025-03-29,2025,663743,R,663559,L,field_out,False,False
778539,2025-03-29,2025,643396,R,678368,R,field_out,False,False
778539,2025-03-29,2025,678225,L,678368,R,strikeout,True,False
778539,2025-03-29,2025,668804,L,678368,R,field_out,False,False
778539,2025-03-29,2025,691594,R,663559,L,strikeout,True,False
778539,2025-03-29,2025,669364,R,663559,L,field_out,False,False
778539,2025-03-29,2025,672640,R,663559,L,single,False,False
778539,2025-03-29,2025,681146,R,663559,L,field_out,False,False
778539,2025-03-29,2025,665833,L,678368,R,walk,False,True
778539,2025-03-29,2025,663698,R,678368,R,single,False,False
778539,2025-03-29,2025,669261,L,678368,R,field_out,False,False
778539,2025-03-29,2025,663647,R,678368,R,field_out,False,False
778539,2025-03-29,2025,669707,R,678368,R,strikeout,True,False
778539,2025-03-29,2025,676572,R,663559,L,field_out,False,False
778539,2025-03-29,2025,667472,R,663559,L,double,False,False
778539,2025-03-29,2025,656537,R,663559,L,strikeout,True,False
778539,2025-03-29,2025,669065,L,663559,L,field_out,False,False
778539,2025-03-29,2025,624428,L,678368,R,field_out,False,False
778539,2025-03-29,2025,643396,R,678368,R,single,False,False
778539,2025-03-29,2025,678225,L,685107,L,strikeout,True,False
778539,2025-03-29,2025,668804,R,685107,L,field_out,False,False
778539,2025-03-29,2025,663743,R,663559,L,double,False,False
778539,2025-03-29,2025,691594,R,663559,L,sac_bunt,False,False
778539,2025-03-29,2025,669364,R,663559,L,sac_fly,False,False
778539,2025-03-29,2025,672640,R,663559,L,field_out,False,False
778539,2025-03-29,2025,665833,L,685107,L,walk,False,True
778539,2025-03-29,2025,663698,R,678692,R,single,False,False
778539,2025-03-29,2025,669261,L,678692,R,field_out,False,False
778539,2025-03-29,2025,663647,R,678692,R,fielders_choice_out,False,False
778539,2025-03-29,2025,669707,R,678692,R,field_out,False,False
778539,2025-03-29,2025,681146,R,663559,L,field_out,False,False
778539,2025-03-29,2025,676572,R,663559,L,field_out,False,False
778539,2025-03-29,2025,667472,R,663559,L,double,False,False
778539,2025-03-29,2025,656537,R,663559,L,double,False,False
778539,2025-03-29,2025,669065,L,663559,L,field_out,False,False
778539,2025-03-29,2025,624428,L,678692,R,single,False,False
778539,2025-03-29,2025,643396,R,678692,R,single,False,False
778539,2025-03-29,2025,678225,L,678692,R,strikeout,True,False
778539,2025-03-29,2025,668804,L,678692,R,walk,False,True
778539,2025-03-29,2025,665833,L,678692,R,force_out,False,False
778539,2025-03-29,2025,663698,R,678692,R,field_out,False,False
778539,2025-03-29,2025,663743,R,664875,R,strikeout,True,False
778539,2025-03-29,2025,665052,L,664875,R,field_out,False,False
778539,2025-03-29,2025,669364,L,664875,R,double,False,False
778539,2025-03-29,2025,672640,R,664875,R,single,False,False
778539,2025-03-29,2025,681146,R,664875,R,strikeout,True,False
778539,2025-03-29,2025,669261,L,669622,R,field_out,False,False
778539,2025-03-29,2025,663647,R,669622,R,field_out,False,False
778539,2025-03-29,2025,669707,R,669622,R,field_out,False,False
778539,2025-03-29,2025,676572,R,642701,R,field_out,False,False
778539,2025-03-29,2025,667472,R,642701,R,strikeout,True,False
778539,2025-03-29,2025,656537,R,642701,R,strikeout,True,False
778539,2025-03-29,2025,624428,L,676534,R,strikeout,True,False
778539,2025-03-29,2025,643396,R,676534,R,walk,False,True
778539,2025-03-29,2025,457705,R,676534,R,strikeout,True,False
778539,2025-03-29,2025,668804,L,676534,R,field_out,False,False
778539,2025-03-29,2025,669065,L,670059,R,single,False,False
778539,2025-03-29,2025,689414,L,670059,R,field_out,False,False
778539,2025-03-29,2025,665052,L,670059,R,fielders_choice_out,False,False
778539,2025-03-29,2025,669364,L,670059,R,walk,False,True
778539,2025-03-29,2025,672640,R,670059,R,field_out,False,False
778539,2025-03-29,2025,665833,L,669199,R,intent_walk,False,True
778539,2025-03-29,2025,663698,R,669199,R,grounded_into_double_play,False,False
778539,2025-03-29,2025,669261,L,669199,R,intent_walk,False,True
778539,2025-03-29,2025,663647,R,669199,R,field_out,False,False
778539,2025-03-29,2025,681146,R,666214,L,intent_walk,False,True
778539,2025-03-29,2025,676572,R,666214,L,grounded_into_double_play,False,False
778539,2025-03-29,2025,667472,R,666214,L,field_out,False,False
778539,2025-03-29,2025,682848,L,669199,R,field_out,False,False
778539,2025-03-29,2025,624428,L,669199,R,field_out,False,False
778539,2025-03-29,2025,643396,R,669199,R,walk,False,True
778539,2025-03-29,2025,502054,R,669199,R,strikeout,True,False
778539,2025-03-29,2025,656537,R,666214,L,single,False,False
778539,2025-03-29,2025,669065,L,666214,L,single,False,False
778539,2025-03-29,2025,689414,L,666214,L,field_out,False,False
778539,2025-03-29,2025,665052,L,666214,L,field_out,False,False
778539,2025-03-29,2025,669364,R,666214,L,strikeout,True,False
778539,2025-03-29,2025,668804,L,666277,R,single,False,False
778539,2025-03-29,2025,665833,L,666277,R,strikeout,True,False
778539,2025-03-29,2025,663698,R,666277,R,single,False,False
778539,2025-03-29,2025,669261,L,666277,R,field_out,False,False
778539,2025-03-29,2025,672640,R,666214,L,intent_walk,False,True
778539,2025-03-29,2025,681146,R,666214,L,field_error,False,False
778539,2025-03-29,2025,676572,R,641835,L,force_out,False,False
778539,2025-03-29,2025,667472,R,641835,L,single,False,False
778531,2025-03-29,2025,680776,L,641816,R,walk,False,True
778531,2025-03-29,2025,646240,L,641816,R,strikeout,True,False
778531,2025-03-29,2025,608324,R,641816,R,single,False,False
778531,2025-03-29,2025,671213,L,641816,R,strikeout,True,False
778531,2025-03-29,2025,596115,R,641816,R,force_out,False,False
778531,2025-03-29,2025,543760,R,621111,R,field_out,False,False
778531,2025-03-29,2025,608369,L,621111,R,single,False,False
778531,2025-03-29,2025,694671,R,621111,R,single,False,False
778531,2025-03-29,2025,592626,L,621111,R,strikeout,True,False
778531,2025-03-29,2025,666969,R,621111,R,double,False,False
778531,2025-03-29,2025,669394,R,621111,R,hit_by_pitch,False,False
778531,2025-03-29,2025,677649,R,621111,R,field_out,False,False
778531,2025-03-29,2025,677800,L,641816,R,double,False,False
778531,2025-03-29,2025,692225,R,641816,R,walk,False,True
778531,2025-03-29,2025,666152,L,641816,R,strikeout,True,False
778531,2025-03-29,2025,665966,R,641816,R,walk,False,True
778531,2025-03-29,2025,680776,L,641816,R,field_out,False,False
778531,2025-03-29,2025,646240,L,641816,R,walk,False,True
778531,2025-03-29,2025,608324,R,657097,R,field_out,False,False
778531,2025-03-29,2025,641680,L,621111,R,field_out,False,False
778531,2025-03-29,2025,665750,L,621111,R,field_out,False,False
778531,2025-03-29,2025,543760,R,621111,R,strikeout,True,False
778531,2025-03-30,2025,671213,L,657097,R,strikeout,True,False
778531,2025-03-30,2025,596115,R,657097,R,field_out,False,False
778531,2025-03-30,2025,677800,L,657097,R,field_out,False,False
778531,2025-03-30,2025,608369,L,621111,R,field_out,False,False
778531,2025-03-30,2025,694671,R,621111,R,field_out,False,False
778531,2025-03-30,2025,592626,L,621111,R,catcher_interf,False,False
778531,2025-03-30,2025,666969,R,621111,R,pickoff_1b,False,False
778531,2025-03-30,2025,692225,R,657097,R,home_run,False,False
778531,2025-03-30,2025,666152,L,657097,R,field_out,False,False
778531,2025-03-30,2025,665966,R,657097,R,strikeout,True,False
778531,2025-03-30,2025,680776,L,571948,L,field_out,False,False
778531,2025-03-30,2025,666969,R,621111,R,home_run,False,False
778531,2025-03-30,2025,669394,R,621111,R,field_out,False,False
778531,2025-03-30,2025,677649,R,621111,R,field_out,False,False
778531,2025-03-30,2025,641680,L,621111,R,field_out,False,False
778531,2025-03-30,2025,646240,L,571948,L,field_out,False,False
778531,2025-03-30,2025,608324,R,571948,L,walk,False,True
778531,2025-03-30,2025,671213,L,571948,L,single,False,False
778531,2025-03-30,2025,596115,R,571948,L,strikeout,True,False
778531,2025-03-30,2025,677800,L,571948,L,force_out,False,False
778531,2025-03-30,2025,665750,L,621111,R,single,False,False
778531,2025-03-30,2025,543760,R,621111,R,single,False,False
778531,2025-03-30,2025,608369,L,621111,R,single,False,False
778531,2025-03-30,2025,694671,R,621111,R,strikeout,True,False
778531,2025-03-30,2025,592626,L,458677,L,grounded_into_double_play,False,False
778531,2025-03-30,2025,692225,R,642520,R,double,False,False
778531,2025-03-30,2025,666152,L,642520,R,field_out,False,False
778531,2025-03-30,2025,665966,R,642520,R,field_out,False,False
778531,2025-03-30,2025,680776,L,642520,R,strikeout,True,False
778531,2025-03-30,2025,666969,R,677161,R,double,False,False
778531,2025-03-30,2025,669394,R,677161,R,field_out,False,False
778531,2025-03-30,2025,677649,R,677161,R,strikeout,True,False
778531,2025-03-30,2025,641680,L,677161,R,field_out,False,False
778531,2025-03-30,2025,646240,L,642520,R,strikeout,True,False
778531,2025-03-30,2025,608324,R,642520,R,single,False,False
778531,2025-03-30,2025,671213,L,642520,R,field_out,False,False
778531,2025-03-30,2025,596115,R,642520,R,force_out,False,False
778531,2025-03-30,2025,665750,L,677161,R,field_out,False,False
778531,2025-03-30,2025,543760,R,677161,R,field_out,False,False
778531,2025-03-30,2025,608369,L,677161,R,field_out,False,False
778531,2025-03-30,2025,663853,R,676395,L,walk,False,True
778531,2025-03-30,2025,692225,R,676395,L,field_out,False,False
778531,2025-03-30,2025,657136,R,676395,L,strikeout,True,False
778531,2025-03-30,2025,665966,R,676395,L,single,False,False
778531,2025-03-30,2025,680776,L,676395,L,field_out,False,False
778531,2025-03-30,2025,694671,R,669711,R,strikeout,True,False
778531,2025-03-30,2025,592626,L,669711,R,walk,False,True
778531,2025-03-30,2025,666969,R,669711,R,hit_by_pitch,False,False
778531,2025-03-30,2025,669394,R,669711,R,force_out,False,False
778531,2025-03-30,2025,677649,R,669711,R,field_out,False,False
778531,2025-03-30,2025,646240,L,455119,R,strikeout,True,False
778531,2025-03-30,2025,608324,R,455119,R,field_out,False,False
778531,2025-03-30,2025,671213,L,455119,R,strikeout,True,False
778530,2025-03-29,2025,596019,L,681293,R,field_out,False,False
778530,2025-03-29,2025,665742,L,681293,R,double,False,False
778530,2025-03-29,2025,624413,R,681293,R,field_out,False,False
778530,2025-03-29,2025,607043,L,681293,R,walk,False,True
778530,2025-03-29,2025,668901,R,681293,R,strikeout,True,False
778530,2025-03-29,2025,514888,R,656288,R,single,False,False
778530,2025-03-29,2025,670623,R,656288,R,strikeout_double_play,True,False
778530,2025-03-29,2025,670541,L,656288,R,field_out,False,False
778530,2025-03-29,2025,608385,L,681293,R,field_out,False,False
778530,2025-03-29,2025,620443,R,681293,R,strikeout,True,False
778530,2025-03-29,2025,683146,L,681293,R,field_out,False,False
778530,2025-03-29,2025,572233,R,656288,R,strikeout,True,False
778530,2025-03-29,2025,665161,R,656288,R,field_out,False,False
778530,2025-03-29,2025,605170,L,656288,R,field_out,False,False
778530,2025-03-29,2025,642350,R,681293,R,strikeout,True,False
778530,2025-03-29,2025,596019,L,681293,R,field_out,False,False
778530,2025-03-29,2025,665742,L,681293,R,field_out,False,False
778530,2025-03-30,2025,701305,R,656288,R,strikeout,True,False
778530,2025-03-30,2025,643289,R,656288,R,field_out,False,False
778530,2025-03-30,2025,676801,R,656288,R,walk,False,True
778530,2025-03-30,2025,514888,R,656288,R,force_out,False,False
778530,2025-03-30,2025,624413,R,681293,R,field_out,False,False
778530,2025-03-30,2025,607043,L,681293,R,field_out,False,False
778530,2025-03-30,2025,668901,R,681293,R,field_out,False,False
778530,2025-03-30,2025,670623,R,656288,R,walk,False,True
778530,2025-03-30,2025,670541,L,656288,R,strikeout,True,False
778530,2025-03-30,2025,572233,R,656288,R,grounded_into_double_play,False,False
778530,2025-03-30,2025,608385,L,681293,R,field_out,False,False
778530,2025-03-30,2025,620443,R,681293,R,field_out,False,False
778530,2025-03-30,2025,683146,L,681293,R,strikeout,True,False
778530,2025-03-30,2025,665161,R,656288,R,home_run,False,False
778530,2025-03-30,2025,605170,L,656288,R,field_out,False,False
778530,2025-03-30,2025,701305,R,656288,R,field_out,False,False
778530,2025-03-30,2025,643289,R,656288,R,field_out,False,False
778530,2025-03-30,2025,642350,R,681293,R,walk,False,True
778530,2025-03-30,2025,596019,L,681293,R,field_out,False,False
778530,2025-03-30,2025,665742,L,681293,R,field_out,False,False
778530,2025-03-30,2025,624413,R,681293,R,strikeout,True,False
778530,2025-03-30,2025,676801,R,656288,R,field_out,False,False
778530,2025-03-30,2025,514888,R,656288,R,single,False,False
778530,2025-03-30,2025,670623,R,656288,R,force_out,False,False
778530,2025-03-30,2025,670541,L,656288,R,double,False,False
778530,2025-03-30,2025,572233,R,676130,R,strikeout,True,False
778530,2025-03-30,2025,607043,L,687911,L,strikeout,True,False
778530,2025-03-30,2025,668901,R,687911,L,field_out,False,False
778530,2025-03-30,2025,516782,R,687911,L,strikeout,True,False
778530,2025-03-30,2025,665161,R,676130,R,field_out,False,False
778530,2025-03-30,2025,605170,L,676130,R,field_out,False,False
778530,2025-03-30,2025,701305,R,676130,R,strikeout,True,False
778530,2025-03-30,2025,620443,R,650556,R,walk,False,True
778530,2025-03-30,2025,683146,L,650556,R,strikeout,True,False
778530,2025-03-30,2025,642350,R,650556,R,strikeout,True,False
778530,2025-03-30,2025,596019,L,650556,R,field_out,False,False
778530,2025-03-30,2025,643289,R,676130,R,walk,False,True
778530,2025-03-30,2025,676801,R,676130,R,single,False,False
778530,2025-03-30,2025,514888,R,676130,R,fielders_choice_out,False,False
778530,2025-03-30,2025,670623,R,676130,R,walk,False,True
778530,2025-03-30,2025,670541,L,668820,R,field_out,False,False
778530,2025-03-30,2025,572233,R,668820,R,field_out,False,False
778530,2025-03-30,2025,665742,L,623352,L,walk,False,True
778530,2025-03-30,2025,624413,R,623352,L,field_out,False,False
778530,2025-03-30,2025,607043,L,623352,L,field_out,False,False
778530,2025-03-30,2025,668901,R,623352,L,field_out,False,False
778520,2025-03-29,2025,595777,L,681190,R,walk,False,True
778520,2025-03-29,2025,663586,R,681190,R,walk,False,True
778520,2025-03-29,2025,621566,L,681190,R,grounded_into_double_play,False,False
778520,2025-03-29,2025,542303,R,681190,R,strikeout,True,False
778520,2025-03-29,2025,665487,R,680885,R,field_out,False,False
778520,2025-03-29,2025,650333,L,680885,R,field_out,False,False
778520,2025-03-29,2025,592518,R,680885,R,field_out,False,False
778520,2025-03-29,2025,645277,L,681190,R,field_out,False,False
778520,2025-03-29,2025,671739,L,681190,R,field_out,False,False
778520,2025-03-29,2025,686948,L,681190,R,single,False,False
778520,2025-03-29,2025,606115,R,681190,R,field_out,False,False
778520,2025-03-29,2025,701538,L,680885,R,single,False,False
778520,2025-03-29,2025,630105,L,680885,R,strikeout_double_play,True,False
778520,2025-03-29,2025,593428,R,680885,R,hit_by_pitch,False,False
778520,2025-03-29,2025,657757,L,680885,R,strikeout,True,False
778520,2025-03-29,2025,672284,L,681190,R,field_out,False,False
778520,2025-03-29,2025,595777,L,681190,R,field_out,False,False
778520,2025-03-29,2025,663586,R,681190,R,field_out,False,False
778520,2025-03-29,2025,518792,L,680885,R,strikeout,True,False
778520,2025-03-29,2025,455117,R,680885,R,field_out,False,False
778520,2025-03-29,2025,665487,R,680885,R,field_out,False,False
778520,2025-03-30,2025,621566,L,681190,R,field_out,False,False
778520,2025-03-30,2025,542303,R,681190,R,walk,False,True
778520,2025-03-30,2025,645277,L,681190,R,single,False,False
778520,2025-03-30,2025,671739,L,681190,R,grounded_into_double_play,False,False
778520,2025-03-30,2025,650333,L,680885,R,field_out,False,False
778520,2025-03-30,2025,592518,R,680885,R,field_out,False,False
778520,2025-03-30,2025,701538,L,680885,R,walk,False,True
778520,2025-03-30,2025,630105,L,680885,R,field_out,False,False
778520,2025-03-30,2025,686948,L,681190,R,field_out,False,False
778520,2025-03-30,2025,606115,R,681190,R,strikeout,True,False
778520,2025-03-30,2025,672284,L,681190,R,single,False,False
778520,2025-03-30,2025,595777,L,681190,R,pickoff_caught_stealing_2b,False,False
778520,2025-03-30,2025,593428,R,680885,R,strikeout,True,False
778520,2025-03-30,2025,657757,L,680885,R,field_out,False,False
778520,2025-03-30,2025,518792,L,680885,R,field_out,False,False
778520,2025-03-30,2025,595777,L,681190,R,field_out,False,False
778520,2025-03-30,2025,663586,R,681190,R,strikeout,True,False
778520,2025-03-30,2025,621566,L,681190,R,double,False,False
778520,2025-03-30,2025,542303,R,681190,R,walk,False,True
778520,2025-03-30,2025,645277,L,681190,R,field_out,False,False
778520,2025-03-30,2025,455117,R,680885,R,field_out,False,False
778520,2025-03-30,2025,665487,R,680885,R,field_out,False,False
778520,2025-03-30,2025,650333,L,680885,R,field_out,False,False
778520,2025-03-30,2025,671739,L,593974,L,strikeout,True,False
778520,2025-03-30,2025,686948,L,593974,L,field_out,False,False
778520,2025-03-30,2025,606115,R,593974,L,field_out,False,False
778520,2025-03-30,2025,578428,R,607481,L,strikeout,True,False
778520,2025-03-30,2025,701538,L,607481,L,strikeout,True,False
778520,2025-03-30,2025,630105,L,607481,L,double,False,False
778520,2025-03-30,2025,593428,R,607481,L,intent_walk,False,True
778520,2025-03-30,2025,493329,R,678226,R,single,False,False
778520,2025-03-30,2025,518792,L,678226,R,field_out,False,False
778520,2025-03-30,2025,650559,R,593974,L,field_out,False,False
778520,2025-03-30,2025,595777,L,689690,R,single,False,False
778520,2025-03-30,2025,663586,R,689690,R,field_out,False,False
778520,2025-03-30,2025,621566,L,689690,R,field_out,False,False
778520,2025-03-30,2025,455117,R,660853,R,strikeout,True,False
778520,2025-03-30,2025,665487,R,660853,R,single,False,False
778520,2025-03-30,2025,650333,L,660853,R,field_out,False,False
778520,2025-03-30,2025,578428,R,660853,R,field_out,False,False
778520,2025-03-30,2025,542303,R,670970,L,walk,False,True
778520,2025-03-30,2025,645277,R,670970,L,field_out,False,False
778520,2025-03-30,2025,671739,L,670970,L,field_out,False,False
778520,2025-03-30,2025,686948,L,670970,L,strikeout,True,False
778529,2025-03-29,2025,680757,L,607625,R,field_out,False,False
778529,2025-03-29,2025,608070,L,607625,R,field_out,False,False
778529,2025-03-29,2025,700932,L,607625,R,walk,False,True
778529,2025-03-29,2025,467793,L,607625,R,strikeout,True,False
778529,2025-03-29,2025,663697,R,668909,R,single,False,False
778529,2025-03-29,2025,677951,R,668909,R,force_out,False,False
778529,2025-03-29,2025,686469,L,668909,R,strikeout,True,False
778529,2025-03-29,2025,666134,L,607625,R,double,False,False
778529,2025-03-29,2025,657041,R,607625,R,single,False,False
778529,2025-03-29,2025,666310,L,607625,R,single,False,False
778529,2025-03-29,2025,682177,L,607625,R,strikeout,True,False
778529,2025-03-29,2025,677587,L,607625,R,force_out,False,False
778529,2025-03-29,2025,680757,L,607625,R,caught_stealing_2b,False,False
778529,2025-03-29,2025,521692,R,668909,R,field_out,False,False
778529,2025-03-29,2025,686681,L,668909,R,field_out,False,False
778529,2025-03-29,2025,669004,L,668909,R,field_out,False,False
778529,2025-03-29,2025,680757,L,607625,R,walk,False,True
778529,2025-03-29,2025,608070,L,607625,R,walk,False,True
778529,2025-03-29,2025,700932,L,607625,R,field_out,False,False
778529,2025-03-29,2025,467793,L,607625,R,sac_fly,False,False
778529,2025-03-29,2025,666134,L,607625,R,caught_stealing_2b,False,False
778529,2025-03-29,2025,672580,R,668909,R,field_out,False,False
778529,2025-03-29,2025,624415,L,668909,R,field_out,False,False
778529,2025-03-29,2025,664728,L,668909,R,field_out,False,False
778529,2025-03-29,2025,666134,L,607625,R,strikeout,True,False
778529,2025-03-29,2025,657041,R,607625,R,field_out,False,False
778529,2025-03-29,2025,666310,L,607625,R,field_out,False,False
778529,2025-03-29,2025,663697,R,668909,R,single,False,False
778529,2025-03-29,2025,677951,R,668909,R,field_out,False,False
778529,2025-03-29,2025,686469,L,668909,R,field_out,False,False
778529,2025-03-29,2025,521692,R,668909,R,single,False,False
778529,2025-03-29,2025,686681,L,668909,R,field_out,False,False
778529,2025-03-29,2025,682177,L,607625,R,strikeout,True,False
778529,2025-03-29,2025,677587,L,607625,R,field_out,False,False
778529,2025-03-29,2025,680757,L,607625,R,home_run,False,False
778529,2025-03-29,2025,608070,L,607625,R,field_out,False,False
778529,2025-03-29,2025,669004,L,668909,R,strikeout,True,False
778529,2025-03-29,2025,672580,R,668909,R,field_out,False,False
778529,2025-03-29,2025,624415,L,668909,R,field_out,False,False
778529,2025-03-29,2025,700932,L,663738,L,field_out,False,False
778529,2025-03-29,2025,467793,R,663738,L,field_out,False,False
778529,2025-03-29,2025,666134,L,663738,L,field_out,False,False
778529,2025-03-29,2025,664728,L,668909,R,single,False,False
778529,2025-03-29,2025,663697,R,668909,R,walk,False,True
778529,2025-03-29,2025,677951,R,671922,R,field_out,False,False
778529,2025-03-29,2025,686469,L,671922,R,force_out,False,False
778529,2025-03-29,2025,521692,R,671922,R,single,False,False
778529,2025-03-29,2025,686681,L,671922,R,single,False,False
778529,2025-03-29,2025,669004,L,671922,R,field_out,False,False
778529,2025-03-29,2025,657041,R,663738,L,field_out,False,False
778529,2025-03-29,2025,666310,L,663738,L,field_out,False,False
778529,2025-03-29,2025,682177,L,663738,L,field_out,False,False
778529,2025-03-29,2025,672580,R,623149,R,home_run,False,False
778529,2025-03-29,2025,624415,L,623149,R,single,False,False
778529,2025-03-29,2025,664728,L,623149,R,strikeout,True,False
778529,2025-03-29,2025,663697,R,623149,R,field_out,False,False
778529,2025-03-29,2025,677951,R,683769,R,double,False,False
778529,2025-03-29,2025,686469,L,683769,R,intent_walk,False,True
778529,2025-03-29,2025,521692,R,683769,R,force_out,False,False
778529,2025-03-29,2025,677587,L,668674,R,single,False,False
778529,2025-03-29,2025,680757,L,668674,R,field_out,False,False
778529,2025-03-29,2025,672356,R,668674,R,grounded_into_double_play,False,False
778529,2025-03-29,2025,686681,L,596001,R,field_out,False,False
778529,2025-03-29,2025,669004,L,596001,R,field_out,False,False
778529,2025-03-29,2025,672580,R,596001,R,single,False,False
778529,2025-03-29,2025,666023,R,596001,R,strikeout,True,False
778529,2025-03-29,2025,700932,L,608032,R,walk,False,True
778529,2025-03-29,2025,467793,L,608032,R,force_out,False,False
778529,2025-03-29,2025,666134,L,608032,R,field_out,False,False
778529,2025-03-29,2025,657041,R,608032,R,strikeout,True,False
778542,2025-03-29,2025,595777,L,656302,R,field_out,False,False
778542,2025-03-29,2025,663586,R,656302,R,double,False,False
778542,2025-03-29,2025,621566,L,656302,R,strikeout,True,False
778542,2025-03-29,2025,542303,R,656302,R,strikeout,True,False
778542,2025-03-29,2025,665487,R,625643,R,home_run,False,False
778542,2025-03-29,2025,650333,L,625643,R,field_out,False,False
778542,2025-03-29,2025,592518,R,625643,R,field_out,False,False
778542,2025-03-29,2025,701538,L,625643,R,single,False,False
778542,2025-03-29,2025,630105,L,625643,R,other_out,False,False
778542,2025-03-29,2025,645277,L,656302,R,field_out,False,False
778542,2025-03-29,2025,671739,L,656302,R,strikeout,True,False
778542,2025-03-29,2025,686948,L,656302,R,strikeout,True,False
778542,2025-03-29,2025,630105,L,625643,R,single,False,False
778542,2025-03-29,2025,593428,R,625643,R,force_out,False,False
778542,2025-03-29,2025,657757,L,625643,R,single,False,False
778542,2025-03-29,2025,518792,L,625643,R,force_out,False,False
778542,2025-03-29,2025,455117,R,625643,R,single,False,False
778542,2025-03-29,2025,665487,R,625643,R,field_out,False,False
778542,2025-03-29,2025,669397,R,656302,R,strikeout,True,False
778542,2025-03-29,2025,672284,L,656302,R,strikeout,True,False
778542,2025-03-29,2025,595777,L,656302,R,single,False,False
778542,2025-03-29,2025,663586,R,656302,R,walk,False,True
778542,2025-03-29,2025,621566,L,656302,R,walk,False,True
778542,2025-03-29,2025,542303,R,656302,R,single,False,False
778542,2025-03-29,2025,645277,L,656302,R,strikeout,True,False
778542,2025-03-29,2025,650333,L,625643,R,field_out,False,False
778542,2025-03-29,2025,592518,R,625643,R,strikeout,True,False
778542,2025-03-29,2025,701538,L,625643,R,single,False,False
778542,2025-03-29,2025,630105,L,625643,R,walk,False,True
778542,2025-03-29,2025,593428,R,625643,R,double,False,False
778542,2025-03-29,2025,657757,L,625643,R,field_out,False,False
778542,2025-03-29,2025,671739,L,656302,R,field_out,False,False
778542,2025-03-29,2025,686948,L,656302,R,field_out,False,False
778542,2025-03-29,2025,669397,R,656302,R,field_out,False,False
778542,2025-03-29,2025,518792,L,625643,R,field_out,False,False
778542,2025-03-29,2025,455117,R,625643,R,single,False,False
778542,2025-03-29,2025,665487,R,625643,R,field_out,False,False
778542,2025-03-29,2025,650333,L,625643,R,walk,False,True
778542,2025-03-29,2025,592518,R,625643,R,force_out,False,False
778542,2025-03-29,2025,672284,L,656302,R,home_run,False,False
778542,2025-03-29,2025,595777,L,656302,R,field_out,False,False
778542,2025-03-29,2025,663586,R,670970,L,strikeout,True,False
778542,2025-03-29,2025,621566,L,670970,L,field_out,False,False
778542,2025-03-29,2025,701538,L,625643,R,single,False,False
778542,2025-03-29,2025,630105,L,625643,R,field_out,False,False
778542,2025-03-29,2025,593428,R,625643,R,field_out,False,False
778542,2025-03-29,2025,657757,L,625643,R,field_out,False,False
778542,2025-03-29,2025,542303,R,670970,L,walk,False,True
778542,2025-03-29,2025,645277,R,670970,L,field_out,False,False
778542,2025-03-29,2025,671739,L,670970,L,field_out,False,False
778542,2025-03-29,2025,686948,L,670970,L,field_out,False,False
778542,2025-03-29,2025,518792,L,572955,R,field_out,False,False
778542,2025-03-29,2025,455117,R,572955,R,strikeout,True,False
778542,2025-03-29,2025,665487,R,572955,R,field_out,False,False
778542,2025-03-29,2025,669397,R,669093,R,single,False,False
778542,2025-03-29,2025,672284,L,669093,R,strikeout,True,False
778542,2025-03-29,2025,595777,L,669093,R,field_out,False,False
778542,2025-03-29,2025,663586,R,669093,R,field_out,False,False
778542,2025-03-29,2025,650333,L,669276,L,field_out,False,False
778542,2025-03-29,2025,592518,R,669276,L,field_out,False,False
778542,2025-03-29,2025,701538,L,669276,L,field_out,False,False
778542,2025-03-29,2025,621566,L,592094,R,strikeout,True,False
778542,2025-03-29,2025,542303,R,592094,R,strikeout,True,False
778542,2025-03-29,2025,645277,L,592094,R,walk,False,True
778542,2025-03-29,2025,671739,L,592094,R,strikeout,True,False
778542,2025-03-29,2025,630105,L,669276,L,home_run,False,False
778542,2025-03-29,2025,593428,R,678226,R,strikeout,True,False
778542,2025-03-29,2025,657757,L,678226,R,field_out,False,False
778542,2025-03-29,2025,518792,L,678226,R,field_out,False,False
778542,2025-03-29,2025,686948,L,663158,R,field_out,False,False
778542,2025-03-29,2025,669397,R,663158,R,field_out,False,False
778542,2025-03-29,2025,672284,L,663158,R,strikeout,True,False
778541,2025-03-29,2025,671732,L,622491,R,field_out,False,False
778541,2025-03-29,2025,667670,R,622491,R,field_out,False,False
778541,2025-03-29,2025,668709,L,622491,R,walk,False,True
778541,2025-03-29,2025,669127,R,622491,R,walk,False,True
778541,2025-03-29,2025,691016,L,622491,R,field_out,False,False
778541,2025-03-29,2025,645302,R,605488,L,strikeout,True,False
778541,2025-03-29,2025,677594,R,605488,L,strikeout,True,False
778541,2025-03-29,2025,663728,R,605488,L,walk,False,True
778541,2025-03-29,2025,668227,R,605488,L,field_out,False,False
778541,2025-03-29,2025,664913,L,622491,R,field_out,False,False
778541,2025-03-29,2025,570482,R,622491,R,single,False,False
778541,2025-03-29,2025,691777,R,622491,R,force_out,False,False
778541,2025-03-29,2025,805779,R,622491,R,field_out,False,False
778541,2025-03-29,2025,641598,R,605488,L,field_out,False,False
778541,2025-03-29,2025,593871,R,605488,L,strikeout,True,False
778541,2025-03-29,2025,456781,R,605488,L,strikeout,True,False
778541,2025-03-29,2025,671732,L,622491,R,field_out,False,False
778541,2025-03-29,2025,667670,R,622491,R,strikeout,True,False
778541,2025-03-29,2025,668709,L,622491,R,strikeout,True,False
778541,2025-03-29,2025,664238,R,605488,L,field_out,False,False
778541,2025-03-29,2025,641487,L,605488,L,field_out,False,False
778541,2025-03-29,2025,645302,R,605488,L,field_out,False,False
778541,2025-03-29,2025,669127,R,622491,R,field_out,False,False
778541,2025-03-29,2025,691016,L,622491,R,strikeout,True,False
778541,2025-03-29,2025,664913,L,622491,R,hit_by_pitch,False,False
778541,2025-03-29,2025,570482,R,622491,R,strikeout,True,False
778541,2025-03-29,2025,677594,R,605488,L,strikeout,True,False
778541,2025-03-29,2025,663728,R,605488,L,field_out,False,False
778541,2025-03-29,2025,668227,R,605488,L,strikeout,True,False
778541,2025-03-29,2025,691777,R,622491,R,field_out,False,False
778541,2025-03-29,2025,805779,R,622491,R,field_out,False,False
778541,2025-03-29,2025,671732,L,622491,R,double,False,False
778541,2025-03-29,2025,667670,R,622491,R,home_run,False,False
778541,2025-03-29,2025,668709,L,622491,R,field_out,False,False
778541,2025-03-29,2025,641598,R,605488,L,single,False,False
778541,2025-03-29,2025,593871,R,605488,L,single,False,False
778541,2025-03-29,2025,456781,R,605488,L,strikeout,True,False
778541,2025-03-29,2025,664238,R,605488,L,single,False,False
778541,2025-03-29,2025,641487,L,605488,L,field_out,False,False
778541,2025-03-29,2025,669127,R,666619,R,field_out,False,False
778541,2025-03-29,2025,691016,L,666619,R,single,False,False
778541,2025-03-29,2025,664913,L,666619,R,walk,False,True
778541,2025-03-29,2025,570482,R,666619,R,field_out,False,False
778541,2025-03-29,2025,645302,R,605488,L,field_out,False,False
778541,2025-03-29,2025,677594,R,605488,L,strikeout,True,False
778541,2025-03-29,2025,663728,R,605488,L,strikeout,True,False
778541,2025-03-29,2025,691777,R,660825,R,field_out,False,False
778541,2025-03-29,2025,805779,R,660825,R,single,False,False
778541,2025-03-29,2025,671732,L,660825,R,walk,False,True
778541,2025-03-29,2025,667670,R,660825,R,strikeout,True,False
778541,2025-03-29,2025,668709,L,642048,L,single,False,False
778541,2025-03-29,2025,669127,R,642048,L,single,False,False
778541,2025-03-29,2025,691016,L,642048,L,double,False,False
778541,2025-03-29,2025,609280,R,642048,L,walk,False,True
778541,2025-03-29,2025,570482,R,642048,L,field_out,False,False
778541,2025-03-29,2025,668227,R,686993,R,walk,False,True
778541,2025-03-29,2025,641598,R,686993,R,walk,False,True
778541,2025-03-29,2025,593871,L,686993,R,force_out,False,False
778541,2025-03-29,2025,456781,R,686993,R,strikeout,True,False
778541,2025-03-29,2025,670042,L,519008,L,strikeout,True,False
778541,2025-03-29,2025,691777,R,642048,L,home_run,False,False
778541,2025-03-29,2025,805779,R,642048,L,field_out,False,False
778541,2025-03-29,2025,671732,L,642048,L,field_out,False,False
778541,2025-03-29,2025,667670,R,672841,R,single,False,False
778541,2025-03-29,2025,668709,L,672841,R,single,False,False
778541,2025-03-29,2025,669127,R,672841,R,force_out,False,False
778541,2025-03-29,2025,641487,L,687765,R,field_out,False,False
778541,2025-03-29,2025,645302,R,687765,R,field_out,False,False
778541,2025-03-29,2025,677594,R,687765,R,single,False,False
778541,2025-03-29,2025,663728,L,687765,R,strikeout,True,False
778541,2025-03-29,2025,691016,L,672841,R,field_out,False,False
778541,2025-03-29,2025,609280,R,672841,R,field_out,False,False
778541,2025-03-29,2025,649966,R,672841,R,home_run,False,False
778541,2025-03-29,2025,691777,R,672841,R,field_out,False,False
778541,2025-03-29,2025,668227,R,687765,R,strikeout,True,False
778541,2025-03-29,2025,641598,R,687765,R,field_out,False,False
778541,2025-03-29,2025,670156,L,687765,R,single,False,False
778541,2025-03-29,2025,456781,R,687765,R,field_out,False,False
778538,2025-03-29,2025,694192,R,608331,L,field_out,False,False
778538,2025-03-29,2025,592885,L,608331,L,walk,False,True
778538,2025-03-29,2025,661388,R,608331,L,strikeout,True,False
778538,2025-03-29,2025,656555,R,608331,L,field_out,False,False
778538,2025-03-29,2025,502671,R,641482,L,home_run,False,False
778538,2025-03-29,2025,641355,L,641482,L,home_run,False,False
778538,2025-03-29,2025,592450,R,641482,L,home_run,False,False
778538,2025-03-29,2025,665862,L,641482,L,strikeout,True,False
778538,2025-03-29,2025,683011,R,641482,L,field_out,False,False
778538,2025-03-29,2025,669224,L,641482,L,home_run,False,False
778538,2025-03-29,2025,622569,R,641482,L,walk,False,True
778538,2025-03-29,2025,691176,R,641482,L,walk,False,True
778538,2025-03-29,2025,663757,L,641482,L,strikeout,True,False
778538,2025-03-29,2025,686217,L,608331,L,single,False,False
778538,2025-03-29,2025,687401,R,608331,L,field_out,False,False
778538,2025-03-29,2025,669003,L,608331,L,hit_by_pitch,False,False
778538,2025-03-29,2025,681962,R,608331,L,single,False,False
778538,2025-03-29,2025,668930,L,608331,L,force_out,False,False
778538,2025-03-29,2025,694192,R,608331,L,single,False,False
778538,2025-03-29,2025,592885,L,608331,L,field_error,False,False
778538,2025-03-29,2025,661388,R,608331,L,strikeout,True,False
778538,2025-03-29,2025,502671,R,641482,L,walk,False,True
778538,2025-03-29,2025,641355,L,641482,L,field_out,False,False
778538,2025-03-29,2025,592450,R,641482,L,force_out,False,False
778538,2025-03-29,2025,665862,L,641482,L,single,False,False
778538,2025-03-29,2025,683011,R,641482,L,home_run,False,False
778538,2025-03-29,2025,669224,L,641482,L,walk,False,True
778538,2025-03-29,2025,622569,R,641482,L,field_out,False,False
778538,2025-03-29,2025,656555,R,608331,L,strikeout,True,False
778538,2025-03-29,2025,686217,L,608331,L,hit_by_pitch,False,False
778538,2025-03-29,2025,687401,R,608331,L,force_out,False,False
778538,2025-03-29,2025,669003,L,608331,L,single,False,False
778538,2025-03-29,2025,681962,R,608331,L,field_out,False,False
778538,2025-03-29,2025,691176,R,641482,L,walk,False,True
778538,2025-03-29,2025,663757,L,671162,L,single,False,False
778538,2025-03-29,2025,502671,R,671162,L,hit_by_pitch,False,False
778538,2025-03-29,2025,641355,L,671162,L,single,False,False
778538,2025-03-29,2025,592450,R,671162,L,home_run,False,False
778538,2025-03-29,2025,665862,L,671162,L,home_run,False,False
778538,2025-03-29,2025,683011,R,671162,L,strikeout,True,False
778538,2025-03-29,2025,669224,L,671162,L,field_out,False,False
778538,2025-03-29,2025,622569,R,671162,L,field_out,False,False
778538,2025-03-29,2025,668930,L,608331,L,field_out,False,False
778538,2025-03-29,2025,694192,R,608331,L,double,False,False
778538,2025-03-29,2025,592885,L,608331,L,strikeout,True,False
778538,2025-03-29,2025,661388,R,608331,L,field_error,False,False
778538,2025-03-29,2025,656555,R,608331,L,single,False,False
778538,2025-03-29,2025,686217,L,608331,L,walk,False,True
778538,2025-03-29,2025,687401,R,608331,L,field_out,False,False
778538,2025-03-29,2025,691176,R,671162,L,strikeout,True,False
778538,2025-03-29,2025,663757,L,671162,L,walk,False,True
778538,2025-03-29,2025,502671,R,671162,L,double,False,False
778538,2025-03-29,2025,641355,L,671162,L,sac_fly,False,False
778538,2025-03-29,2025,592450,R,671162,L,home_run,False,False
778538,2025-03-29,2025,665862,L,671162,L,field_out,False,False
778538,2025-03-29,2025,669003,L,608331,L,field_out,False,False
778538,2025-03-29,2025,681962,R,608331,L,field_error,False,False
778538,2025-03-29,2025,668930,L,608331,L,field_error,False,False
778538,2025-03-29,2025,694192,R,608331,L,field_out,False,False
778538,2025-03-29,2025,592885,L,608331,L,single,False,False
778538,2025-03-29,2025,661388,R,672782,R,single,False,False
778538,2025-03-29,2025,656555,R,672782,R,field_out,False,False
778538,2025-03-29,2025,683011,R,665625,R,field_out,False,False
778538,2025-03-29,2025,669224,L,665625,R,field_out,False,False
778538,2025-03-29,2025,622569,R,665625,R,field_out,False,False
778538,2025-03-29,2025,686217,L,672782,R,field_out,False,False
778538,2025-03-29,2025,687401,R,672782,R,field_out,False,False
778538,2025-03-29,2025,669003,L,672782,R,strikeout,True,False
778538,2025-03-29,2025,691176,L,665625,R,field_out,False,False
778538,2025-03-29,2025,663757,L,665625,R,field_error,False,False
778538,2025-03-29,2025,502671,R,665625,R,field_out,False,False
778538,2025-03-29,2025,641355,L,665625,R,single,False,False
778538,2025-03-29,2025,592450,R,665625,R,double,False,False
778538,2025-03-29,2025,665862,L,665625,R,field_out,False,False
778538,2025-03-29,2025,686554,L,687396,L,strikeout,True,False
778538,2025-03-29,2025,668930,L,687396,L,strikeout,True,False
778538,2025-03-29,2025,694192,R,687396,L,field_out,False,False
778538,2025-03-29,2025,683011,R,694477,R,walk,False,True
778538,2025-03-29,2025,641555,L,694477,R,strikeout,True,False
778538,2025-03-29,2025,672724,R,694477,R,home_run,False,False
778538,2025-03-29,2025,691176,L,694477,R,single,False,False
778538,2025-03-29,2025,663757,L,694477,R,field_out,False,False
778538,2025-03-29,2025,665828,L,694477,R,field_out,False,False
778538,2025-03-29,2025,686555,L,471911,R,strikeout,True,False
778538,2025-03-29,2025,606992,R,471911,R,single,False,False
778538,2025-03-29,2025,641343,L,471911,R,double,False,False
778538,2025-03-29,2025,686217,L,471911,R,field_out,False,False
778538,2025-03-29,2025,687401,R,471911,R,strikeout,True,False
778538,2025-03-29,2025,641355,L,641343,L,field_out,False,False
778538,2025-03-29,2025,592450,R,641343,L,field_out,False,False
778538,2025-03-29,2025,665862,L,641343,L,hit_by_pitch,False,False
778538,2025-03-29,2025,683011,R,641343,L,walk,False,True
778538,2025-03-29,2025,641555,L,641343,L,field_out,False,False
778538,2025-03-29,2025,669003,L,471911,R,single,False,False
778538,2025-03-29,2025,686554,L,471911,R,field_out,False,False
778538,2025-03-29,2025,668930,L,471911,R,home_run,False,False
778538,2025-03-29,2025,694192,R,471911,R,field_out,False,False
778538,2025-03-29,2025,686555,L,471911,R,single,False,False
778538,2025-03-29,2025,606992,R,471911,R,field_out,False,False
778536,2025-03-29,2025,681297,L,453286,R,home_run,False,False
778536,2025-03-29,2025,668939,L,453286,R,field_out,False,False
778536,2025-03-29,2025,656811,L,453286,R,single,False,False
778536,2025-03-29,2025,676059,R,453286,R,home_run,False,False
778536,2025-03-29,2025,656775,L,453286,R,field_out,False,False
778536,2025-03-29,2025,666182,R,665152,R,single,False,False
778536,2025-03-29,2025,665489,R,665152,R,single,False,False
778536,2025-03-29,2025,623993,L,665152,R,single,False,False
778536,2025-03-29,2025,665926,L,665152,R,field_out,False,False
778536,2025-03-29,2025,672386,R,665152,R,sac_fly,False,False
778536,2025-03-29,2025,695238,L,665152,R,strikeout,True,False
778536,2025-03-29,2025,677008,L,453286,R,field_out,False,False
778536,2025-03-29,2025,596142,R,453286,R,strikeout,True,False
778536,2025-03-29,2025,702616,L,453286,R,field_out,False,False
778536,2025-03-29,2025,676914,R,665152,R,field_out,False,False
778536,2025-03-29,2025,676391,R,665152,R,field_out,False,False
778536,2025-03-29,2025,664770,L,665152,R,field_out,False,False
778536,2025-03-29,2025,602104,R,453286,R,field_out,False,False
778536,2025-03-29,2025,681297,L,453286,R,field_out,False,False
778536,2025-03-29,2025,668939,L,453286,R,field_out,False,False
778536,2025-03-29,2025,666182,R,665152,R,walk,False,True
778536,2025-03-29,2025,665489,R,665152,R,strikeout,True,False
778536,2025-03-29,2025,623993,L,665152,R,strikeout,True,False
778536,2025-03-29,2025,665926,L,665152,R,home_run,False,False
778536,2025-03-29,2025,672386,R,665152,R,field_out,False,False
778536,2025-03-29,2025,656811,L,663992,L,double,False,False
778536,2025-03-29,2025,676059,R,663992,L,strikeout,True,False
778536,2025-03-29,2025,656775,L,663992,L,hit_by_pitch,False,False
778536,2025-03-29,2025,677008,L,663992,L,hit_by_pitch,False,False
778536,2025-03-29,2025,596142,R,663992,L,sac_fly,False,False
778536,2025-03-29,2025,702616,L,663992,L,walk,False,True
778536,2025-03-29,2025,602104,R,663992,L,double,False,False
778536,2025-03-29,2025,681297,L,663992,L,strikeout,True,False
778536,2025-03-29,2025,695238,L,665152,R,field_out,False,False
778536,2025-03-29,2025,676914,R,665152,R,strikeout,True,False
778536,2025-03-29,2025,676391,R,665152,R,strikeout,True,False
778536,2025-03-29,2025,668939,L,606930,R,double,False,False
778536,2025-03-29,2025,656811,L,606930,R,strikeout,True,False
778536,2025-03-29,2025,676059,R,606930,R,single,False,False
778536,2025-03-29,2025,656775,L,606930,R,single,False,False
778536,2025-03-29,2025,677008,L,606930,R,sac_fly,False,False
778536,2025-03-29,2025,596142,R,606930,R,field_out,False,False
778536,2025-03-29,2025,664770,L,665152,R,walk,False,True
778536,2025-03-29,2025,666182,R,665152,R,single,False,False
778536,2025-03-29,2025,665489,R,665152,R,field_out,False,False
778536,2025-03-29,2025,623993,L,665152,R,strikeout,True,False
778536,2025-03-29,2025,665926,L,665152,R,field_out,False,False
778536,2025-03-29,2025,702616,L,606930,R,strikeout,True,False
778536,2025-03-29,2025,602104,R,606930,R,single,False,False
778536,2025-03-29,2025,681297,L,643338,R,strikeout,True,False
778536,2025-03-29,2025,668939,L,643338,R,field_out,False,False
778536,2025-03-29,2025,672386,R,665152,R,field_out,False,False
778536,2025-03-29,2025,695238,L,669211,L,double,False,False
778536,2025-03-29,2025,676914,R,669211,L,strikeout,True,False
778536,2025-03-29,2025,676391,R,669211,L,field_out,False,False
778536,2025-03-29,2025,656811,L,643338,R,field_out,False,False
778536,2025-03-29,2025,676059,R,643338,R,home_run,False,False
778536,2025-03-29,2025,656775,L,643338,R,field_out,False,False
778536,2025-03-29,2025,677008,L,643338,R,strikeout,True,False
778536,2025-03-29,2025,664770,L,666974,R,strikeout,True,False
778536,2025-03-29,2025,666182,R,666974,R,double,False,False
778536,2025-03-29,2025,665489,R,666974,R,field_out,False,False
778536,2025-03-29,2025,623993,L,666974,R,strikeout,True,False
778536,2025-03-29,2025,596142,R,554340,R,strikeout,True,False
778536,2025-03-29,2025,702616,L,554340,R,field_out,False,False
778536,2025-03-29,2025,602104,R,554340,R,single,False,False
778536,2025-03-29,2025,681297,L,554340,R,field_out,False,False
778536,2025-03-29,2025,665926,L,642397,L,walk,False,True
778536,2025-03-29,2025,672386,R,642397,L,strikeout,True,False
778536,2025-03-29,2025,543807,R,642397,L,walk,False,True
778536,2025-03-29,2025,702176,L,622554,R,field_out,False,False
778536,2025-03-29,2025,676391,R,622554,R,strikeout,True,False
778536,2025-03-29,2025,668939,L,656546,R,field_out,False,False
778536,2025-03-29,2025,656811,L,656546,R,field_out,False,False
778536,2025-03-29,2025,676059,R,656546,R,single,False,False
778536,2025-03-29,2025,656775,L,656546,R,strikeout,True,False
778536,2025-03-29,2025,664770,L,642585,R,strikeout,True,False
778536,2025-03-29,2025,666182,R,642585,R,double,False,False
778536,2025-03-29,2025,665489,R,642585,R,strikeout,True,False
778536,2025-03-29,2025,623993,L,642585,R,walk,False,True
778536,2025-03-29,2025,665926,L,642585,R,strikeout,True,False
778537,2025-03-29,2025,686668,R,641793,R,field_out,False,False
778537,2025-03-29,2025,678662,R,641793,R,field_out,False,False
778537,2025-03-29,2025,641857,L,641793,R,strikeout,True,False
778537,2025-03-29,2025,650490,R,622608,R,field_out,False,False
778537,2025-03-29,2025,664040,L,622608,R,field_out,False,False
778537,2025-03-29,2025,691406,R,622608,R,single,False,False
778537,2025-03-29,2025,666018,L,622608,R,double,False,False
778537,2025-03-29,2025,592178,R,641793,R,strikeout,True,False
778537,2025-03-29,2025,669911,L,641793,R,strikeout,True,False
778537,2025-03-29,2025,696100,R,641793,R,strikeout,True,False
778537,2025-03-29,2025,666624,R,622608,R,single,False,False
778537,2025-03-29,2025,670224,L,622608,R,single,False,False
778537,2025-03-29,2025,643376,R,622608,R,field_out,False,False
778537,2025-03-29,2025,670764,L,622608,R,field_out,False,False
778537,2025-03-29,2025,676356,R,622608,R,walk,False,True
778537,2025-03-29,2025,650490,R,622608,R,field_out,False,False
778537,2025-03-29,2025,605361,L,641793,R,single,False,False
778537,2025-03-29,2025,571657,R,641793,R,field_out,False,False
778537,2025-03-29,2025,687597,R,641793,R,single,False,False
778537,2025-03-29,2025,686668,R,641793,R,single,False,False
778537,2025-03-29,2025,678662,R,641793,R,field_out,False,False
778537,2025-03-29,2025,641857,L,641793,R,field_out,False,False
778537,2025-03-29,2025,664040,L,622608,R,single,False,False
778537,2025-03-29,2025,691406,R,622608,R,grounded_into_double_play,False,False
778537,2025-03-29,2025,666018,L,622608,R,double,False,False
778537,2025-03-29,2025,666624,R,622608,R,walk,False,True
778537,2025-03-29,2025,670224,L,622608,R,single,False,False
778537,2025-03-29,2025,592178,R,641793,R,strikeout,True,False
778537,2025-03-29,2025,669911,L,641793,R,field_out,False,False
778537,2025-03-29,2025,696100,R,641793,R,strikeout,True,False
778537,2025-03-29,2025,643376,R,622608,R,field_out,False,False
778537,2025-03-29,2025,670764,L,622608,R,field_out,False,False
778537,2025-03-29,2025,676356,R,622608,R,field_out,False,False
778537,2025-03-29,2025,605361,L,641793,R,strikeout,True,False
778537,2025-03-29,2025,571657,R,641793,R,field_out,False,False
778537,2025-03-29,2025,687597,R,641793,R,field_out,False,False
778537,2025-03-29,2025,650490,R,622608,R,field_out,False,False
778537,2025-03-29,2025,664040,L,622608,R,single,False,False
778537,2025-03-29,2025,691406,R,622608,R,single,False,False
778537,2025-03-29,2025,666018,L,678821,L,strikeout,True,False
778537,2025-03-29,2025,666624,R,678821,L,walk,False,True
778537,2025-03-29,2025,670224,L,678821,L,field_out,False,False
778537,2025-03-29,2025,686668,R,641793,R,field_out,False,False
778537,2025-03-29,2025,678662,R,641793,R,field_out,False,False
778537,2025-03-29,2025,641857,L,641793,R,single,False,False
778537,2025-03-29,2025,592178,R,641793,R,field_out,False,False
778537,2025-03-29,2025,643376,R,623474,R,field_out,False,False
778537,2025-03-29,2025,670764,L,623474,R,walk,False,True
778537,2025-03-29,2025,676356,R,623474,R,field_out,False,False
778537,2025-03-29,2025,650490,R,623474,R,field_out,False,False
778537,2025-03-29,2025,669911,R,664076,L,field_out,False,False
778537,2025-03-29,2025,696100,R,664076,L,double,False,False
778537,2025-03-29,2025,656248,R,664076,L,strikeout,True,False
778537,2025-03-29,2025,571657,R,664076,L,single,False,False
778537,2025-03-29,2025,687597,R,664076,L,field_out,False,False
778537,2025-03-29,2025,664040,L,518397,L,field_out,False,False
778537,2025-03-29,2025,691406,R,518397,L,single,False,False
778537,2025-03-29,2025,678554,R,518397,L,grounded_into_double_play,False,False
778537,2025-03-29,2025,686668,R,655889,R,field_out,False,False
778537,2025-03-29,2025,678662,R,655889,R,strikeout,True,False
778537,2025-03-29,2025,641857,L,655889,R,field_out,False,False
778537,2025-03-29,2025,666624,R,683409,R,single,False,False
778537,2025-03-29,2025,670224,L,683409,R,strikeout,True,False
778537,2025-03-29,2025,643376,R,683409,R,field_out,False,False
778537,2025-03-29,2025,670764,L,683409,R,single,False,False
778537,2025-03-29,2025,676356,R,683409,R,walk,False,True
778537,2025-03-29,2025,650490,R,678020,R,field_out,False,False
778537,2025-03-29,2025,592178,R,687330,R,field_out,False,False
778537,2025-03-29,2025,669911,L,687330,R,field_out,False,False
778537,2025-03-29,2025,696100,R,687330,R,field_out,False,False
778537,2025-03-29,2025,664040,L,678020,R,field_out,False,False
778537,2025-03-29,2025,691406,R,678020,R,strikeout,True,False
778537,2025-03-29,2025,678554,R,678020,R,field_out,False,False
778520,2025-03-29,2025,595777,L,681190,R,walk,False,True
778520,2025-03-29,2025,663586,R,681190,R,walk,False,True
778520,2025-03-29,2025,621566,L,681190,R,grounded_into_double_play,False,False
778520,2025-03-29,2025,542303,R,681190,R,strikeout,True,False
778520,2025-03-29,2025,665487,R,680885,R,field_out,False,False
778520,2025-03-29,2025,650333,L,680885,R,field_out,False,False
778520,2025-03-29,2025,592518,R,680885,R,field_out,False,False
778520,2025-03-29,2025,645277,L,681190,R,field_out,False,False
778520,2025-03-29,2025,671739,L,681190,R,field_out,False,False
778520,2025-03-29,2025,686948,L,681190,R,single,False,False
778520,2025-03-29,2025,606115,R,681190,R,field_out,False,False
778520,2025-03-29,2025,701538,L,680885,R,single,False,False
778520,2025-03-29,2025,630105,L,680885,R,strikeout_double_play,True,False
778520,2025-03-29,2025,593428,R,680885,R,hit_by_pitch,False,False
778520,2025-03-29,2025,657757,L,680885,R,strikeout,True,False
778520,2025-03-29,2025,672284,L,681190,R,field_out,False,False
778520,2025-03-29,2025,595777,L,681190,R,field_out,False,False
778520,2025-03-29,2025,663586,R,681190,R,field_out,False,False
778520,2025-03-29,2025,518792,L,680885,R,strikeout,True,False
778520,2025-03-29,2025,455117,R,680885,R,field_out,False,False
778520,2025-03-29,2025,665487,R,680885,R,field_out,False,False
778520,2025-03-30,2025,621566,L,681190,R,field_out,False,False
778520,2025-03-30,2025,542303,R,681190,R,walk,False,True
778520,2025-03-30,2025,645277,L,681190,R,single,False,False
778520,2025-03-30,2025,671739,L,681190,R,grounded_into_double_play,False,False
778520,2025-03-30,2025,650333,L,680885,R,field_out,False,False
778520,2025-03-30,2025,592518,R,680885,R,field_out,False,False
778520,2025-03-30,2025,701538,L,680885,R,walk,False,True
778520,2025-03-30,2025,630105,L,680885,R,field_out,False,False
778520,2025-03-30,2025,686948,L,681190,R,field_out,False,False
778520,2025-03-30,2025,606115,R,681190,R,strikeout,True,False
778520,2025-03-30,2025,672284,L,681190,R,single,False,False
778520,2025-03-30,2025,595777,L,681190,R,pickoff_caught_stealing_2b,False,False
778520,2025-03-30,2025,593428,R,680885,R,strikeout,True,False
778520,2025-03-30,2025,657757,L,680885,R,field_out,False,False
778520,2025-03-30,2025,518792,L,680885,R,field_out,False,False
778520,2025-03-30,2025,595777,L,681190,R,field_out,False,False
778520,2025-03-30,2025,663586,R,681190,R,strikeout,True,False
778520,2025-03-30,2025,621566,L,681190,R,double,False,False
778520,2025-03-30,2025,542303,R,681190,R,walk,False,True
778520,2025-03-30,2025,645277,L,681190,R,field_out,False,False
778520,2025-03-30,2025,455117,R,680885,R,field_out,False,False
778520,2025-03-30,2025,665487,R,680885,R,field_out,False,False
778520,2025-03-30,2025,650333,L,680885,R,field_out,False,False
778520,2025-03-30,2025,671739,L,593974,L,strikeout,True,False
778520,2025-03-30,2025,686948,L,593974,L,field_out,False,False
778520,2025-03-30,2025,606115,R,593974,L,field_out,False,False
778520,2025-03-30,2025,578428,R,607481,L,strikeout,True,False
778520,2025-03-30,2025,701538,L,607481,L,strikeout,True,False
778520,2025-03-30,2025,630105,L,607481,L,double,False,False
778520,2025-03-30,2025,593428,R,607481,L,intent_walk,False,True
778520,2025-03-30,2025,493329,R,678226,R,single,False,False
778520,2025-03-30,2025,518792,L,678226,R,field_out,False,False
778520,2025-03-30,2025,650559,R,593974,L,field_out,False,False
778520,2025-03-30,2025,595777,L,689690,R,single,False,False
778520,2025-03-30,2025,663586,R,689690,R,field_out,False,False
778520,2025-03-30,2025,621566,L,689690,R,field_out,False,False
778520,2025-03-30,2025,455117,R,660853,R,strikeout,True,False
778520,2025-03-30,2025,665487,R,660853,R,single,False,False
778520,2025-03-30,2025,650333,L,660853,R,field_out,False,False
778520,2025-03-30,2025,578428,R,660853,R,field_out,False,False
778520,2025-03-30,2025,542303,R,670970,L,walk,False,True
778520,2025-03-30,2025,645277,R,670970,L,field_out,False,False
778520,2025-03-30,2025,671739,L,670970,L,field_out,False,False
778520,2025-03-30,2025,686948,L,670970,L,strikeout,True,False
778530,2025-03-29,2025,596019,L,681293,R,field_out,False,False
778530,2025-03-29,2025,665742,L,681293,R,double,False,False
778530,2025-03-29,2025,624413,R,681293,R,field_out,False,False
778530,2025-03-29,2025,607043,L,681293,R,walk,False,True
778530,2025-03-29,2025,668901,R,681293,R,strikeout,True,False
778530,2025-03-29,2025,514888,R,656288,R,single,False,False
778530,2025-03-29,2025,670623,R,656288,R,strikeout_double_play,True,False
778530,2025-03-29,2025,670541,L,656288,R,field_out,False,False
778530,2025-03-29,2025,608385,L,681293,R,field_out,False,False
778530,2025-03-29,2025,620443,R,681293,R,strikeout,True,False
778530,2025-03-29,2025,683146,L,681293,R,field_out,False,False
778530,2025-03-29,2025,572233,R,656288,R,strikeout,True,False
778530,2025-03-29,2025,665161,R,656288,R,field_out,False,False
778530,2025-03-29,2025,605170,L,656288,R,field_out,False,False
778530,2025-03-29,2025,642350,R,681293,R,strikeout,True,False
778530,2025-03-29,2025,596019,L,681293,R,field_out,False,False
778530,2025-03-29,2025,665742,L,681293,R,field_out,False,False
778530,2025-03-30,2025,701305,R,656288,R,strikeout,True,False
778530,2025-03-30,2025,643289,R,656288,R,field_out,False,False
778530,2025-03-30,2025,676801,R,656288,R,walk,False,True
778530,2025-03-30,2025,514888,R,656288,R,force_out,False,False
778530,2025-03-30,2025,624413,R,681293,R,field_out,False,False
778530,2025-03-30,2025,607043,L,681293,R,field_out,False,False
778530,2025-03-30,2025,668901,R,681293,R,field_out,False,False
778530,2025-03-30,2025,670623,R,656288,R,walk,False,True
778530,2025-03-30,2025,670541,L,656288,R,strikeout,True,False
778530,2025-03-30,2025,572233,R,656288,R,grounded_into_double_play,False,False
778530,2025-03-30,2025,608385,L,681293,R,field_out,False,False
778530,2025-03-30,2025,620443,R,681293,R,field_out,False,False
778530,2025-03-30,2025,683146,L,681293,R,strikeout,True,False
778530,2025-03-30,2025,665161,R,656288,R,home_run,False,False
778530,2025-03-30,2025,605170,L,656288,R,field_out,False,False
778530,2025-03-30,2025,701305,R,656288,R,field_out,False,False
778530,2025-03-30,2025,643289,R,656288,R,field_out,False,False
778530,2025-03-30,2025,642350,R,681293,R,walk,False,True
778530,2025-03-30,2025,596019,L,681293,R,field_out,False,False
778530,2025-03-30,2025,665742,L,681293,R,field_out,False,False
778530,2025-03-30,2025,624413,R,681293,R,strikeout,True,False
778530,2025-03-30,2025,676801,R,656288,R,field_out,False,False
778530,2025-03-30,2025,514888,R,656288,R,single,False,False
778530,2025-03-30,2025,670623,R,656288,R,force_out,False,False
778530,2025-03-30,2025,670541,L,656288,R,double,False,False
778530,2025-03-30,2025,572233,R,676130,R,strikeout,True,False
778530,2025-03-30,2025,607043,L,687911,L,strikeout,True,False
778530,2025-03-30,2025,668901,R,687911,L,field_out,False,False
778530,2025-03-30,2025,516782,R,687911,L,strikeout,True,False
778530,2025-03-30,2025,665161,R,676130,R,field_out,False,False
778530,2025-03-30,2025,605170,L,676130,R,field_out,False,False
778530,2025-03-30,2025,701305,R,676130,R,strikeout,True,False
778530,2025-03-30,2025,620443,R,650556,R,walk,False,True
778530,2025-03-30,2025,683146,L,650556,R,strikeout,True,False
778530,2025-03-30,2025,642350,R,650556,R,strikeout,True,False
778530,2025-03-30,2025,596019,L,650556,R,field_out,False,False
778530,2025-03-30,2025,643289,R,676130,R,walk,False,True
778530,2025-03-30,2025,676801,R,676130,R,single,False,False
778530,2025-03-30,2025,514888,R,676130,R,fielders_choice_out,False,False
778530,2025-03-30,2025,670623,R,676130,R,walk,False,True
778530,2025-03-30,2025,670541,L,668820,R,field_out,False,False
778530,2025-03-30,2025,572233,R,668820,R,field_out,False,False
778530,2025-03-30,2025,665742,L,623352,L,walk,False,True
778530,2025-03-30,2025,624413,R,623352,L,field_out,False,False
778530,2025-03-30,2025,607043,L,623352,L,field_out,False,False
778530,2025-03-30,2025,668901,R,623352,L,field_out,False,False
778531,2025-03-29,2025,680776,L,641816,R,walk,False,True
778531,2025-03-29,2025,646240,L,641816,R,strikeout,True,False
778531,2025-03-29,2025,608324,R,641816,R,single,False,False
778531,2025-03-29,2025,671213,L,641816,R,strikeout,True,False
778531,2025-03-29,2025,596115,R,641816,R,force_out,False,False
778531,2025-03-29,2025,543760,R,621111,R,field_out,False,False
778531,2025-03-29,2025,608369,L,621111,R,single,False,False
778531,2025-03-29,2025,694671,R,621111,R,single,False,False
778531,2025-03-29,2025,592626,L,621111,R,strikeout,True,False
778531,2025-03-29,2025,666969,R,621111,R,double,False,False
778531,2025-03-29,2025,669394,R,621111,R,hit_by_pitch,False,False
778531,2025-03-29,2025,677649,R,621111,R,field_out,False,False
778531,2025-03-29,2025,677800,L,641816,R,double,False,False
778531,2025-03-29,2025,692225,R,641816,R,walk,False,True
778531,2025-03-29,2025,666152,L,641816,R,strikeout,True,False
778531,2025-03-29,2025,665966,R,641816,R,walk,False,True
778531,2025-03-29,2025,680776,L,641816,R,field_out,False,False
778531,2025-03-29,2025,646240,L,641816,R,walk,False,True
778531,2025-03-29,2025,608324,R,657097,R,field_out,False,False
778531,2025-03-29,2025,641680,L,621111,R,field_out,False,False
778531,2025-03-29,2025,665750,L,621111,R,field_out,False,False
778531,2025-03-29,2025,543760,R,621111,R,strikeout,True,False
778531,2025-03-30,2025,671213,L,657097,R,strikeout,True,False
778531,2025-03-30,2025,596115,R,657097,R,field_out,False,False
778531,2025-03-30,2025,677800,L,657097,R,field_out,False,False
778531,2025-03-30,2025,608369,L,621111,R,field_out,False,False
778531,2025-03-30,2025,694671,R,621111,R,field_out,False,False
778531,2025-03-30,2025,592626,L,621111,R,catcher_interf,False,False
778531,2025-03-30,2025,666969,R,621111,R,pickoff_1b,False,False
778531,2025-03-30,2025,692225,R,657097,R,home_run,False,False
778531,2025-03-30,2025,666152,L,657097,R,field_out,False,False
778531,2025-03-30,2025,665966,R,657097,R,strikeout,True,False
778531,2025-03-30,2025,680776,L,571948,L,field_out,False,False
778531,2025-03-30,2025,666969,R,621111,R,home_run,False,False
778531,2025-03-30,2025,669394,R,621111,R,field_out,False,False
778531,2025-03-30,2025,677649,R,621111,R,field_out,False,False
778531,2025-03-30,2025,641680,L,621111,R,field_out,False,False
778531,2025-03-30,2025,646240,L,571948,L,field_out,False,False
778531,2025-03-30,2025,608324,R,571948,L,walk,False,True
778531,2025-03-30,2025,671213,L,571948,L,single,False,False
778531,2025-03-30,2025,596115,R,571948,L,strikeout,True,False
778531,2025-03-30,2025,677800,L,571948,L,force_out,False,False
778531,2025-03-30,2025,665750,L,621111,R,single,False,False
778531,2025-03-30,2025,543760,R,621111,R,single,False,False
778531,2025-03-30,2025,608369,L,621111,R,single,False,False
778531,2025-03-30,2025,694671,R,621111,R,strikeout,True,False
778531,2025-03-30,2025,592626,L,458677,L,grounded_into_double_play,False,False
778531,2025-03-30,2025,692225,R,642520,R,double,False,False
778531,2025-03-30,2025,666152,L,642520,R,field_out,False,False
778531,2025-03-30,2025,665966,R,642520,R,field_out,False,False
778531,2025-03-30,2025,680776,L,642520,R,strikeout,True,False
778531,2025-03-30,2025,666969,R,677161,R,double,False,False
778531,2025-03-30,2025,669394,R,677161,R,field_out,False,False
778531,2025-03-30,2025,677649,R,677161,R,strikeout,True,False
778531,2025-03-30,2025,641680,L,677161,R,field_out,False,False
778531,2025-03-30,2025,646240,L,642520,R,strikeout,True,False
778531,2025-03-30,2025,608324,R,642520,R,single,False,False
778531,2025-03-30,2025,671213,L,642520,R,field_out,False,False
778531,2025-03-30,2025,596115,R,642520,R,force_out,False,False
778531,2025-03-30,2025,665750,L,677161,R,field_out,False,False
778531,2025-03-30,2025,543760,R,677161,R,field_out,False,False
778531,2025-03-30,2025,608369,L,677161,R,field_out,False,False
778531,2025-03-30,2025,663853,R,676395,L,walk,False,True
778531,2025-03-30,2025,692225,R,676395,L,field_out,False,False
778531,2025-03-30,2025,657136,R,676395,L,strikeout,True,False
778531,2025-03-30,2025,665966,R,676395,L,single,False,False
778531,2025-03-30,2025,680776,L,676395,L,field_out,False,False
778531,2025-03-30,2025,694671,R,669711,R,strikeout,True,False
778531,2025-03-30,2025,592626,L,669711,R,walk,False,True
778531,2025-03-30,2025,666969,R,669711,R,hit_by_pitch,False,False
778531,2025-03-30,2025,669394,R,669711,R,force_out,False,False
778531,2025-03-30,2025,677649,R,669711,R,field_out,False,False
778531,2025-03-30,2025,646240,L,455119,R,strikeout,True,False
778531,2025-03-30,2025,608324,R,455119,R,field_out,False,False
778531,2025-03-30,2025,671213,L,455119,R,strikeout,True,False
778539,2025-03-29,2025,678225,L,678368,R,field_out,False,False
778539,2025-03-29,2025,668804,L,678368,R,single,False,False
778539,2025-03-29,2025,665833,L,678368,R,walk,False,True
778539,2025-03-29,2025,663698,R,678368,R,strikeout,True,False
778539,2025-03-29,2025,669261,L,678368,R,double,False,False
778539,2025-03-29,2025,669364,R,663559,L,strikeout,True,False
778539,2025-03-29,2025,672640,R,663559,L,single,False,False
778539,2025-03-29,2025,681146,R,663559,L,field_out,False,False
778539,2025-03-29,2025,676572,R,663559,L,field_out,False,False
778539,2025-03-29,2025,663647,R,678368,R,field_out,False,False
778539,2025-03-29,2025,669707,R,678368,R,field_out,False,False
778539,2025-03-29,2025,624428,L,678368,R,strikeout,True,False
778539,2025-03-29,2025,667472,R,663559,L,field_out,False,False
778539,2025-03-29,2025,656537,R,663559,L,strikeout,True,False
778539,2025-03-29,2025,669065,L,663559,L,single,False,False
778539,2025-03-29,2025,663743,R,663559,L,field_out,False,False
778539,2025-03-29,2025,643396,R,678368,R,field_out,False,False
778539,2025-03-29,2025,678225,L,678368,R,strikeout,True,False
778539,2025-03-29,2025,668804,L,678368,R,field_out,False,False
778539,2025-03-29,2025,691594,R,663559,L,strikeout,True,False
778539,2025-03-29,2025,669364,R,663559,L,field_out,False,False
778539,2025-03-29,2025,672640,R,663559,L,single,False,False
778539,2025-03-29,2025,681146,R,663559,L,field_out,False,False
778539,2025-03-29,2025,665833,L,678368,R,walk,False,True
778539,2025-03-29,2025,663698,R,678368,R,single,False,False
778539,2025-03-29,2025,669261,L,678368,R,field_out,False,False
778539,2025-03-29,2025,663647,R,678368,R,field_out,False,False
778539,2025-03-29,2025,669707,R,678368,R,strikeout,True,False
778539,2025-03-29,2025,676572,R,663559,L,field_out,False,False
778539,2025-03-29,2025,667472,R,663559,L,double,False,False
778539,2025-03-29,2025,656537,R,663559,L,strikeout,True,False
778539,2025-03-29,2025,669065,L,663559,L,field_out,False,False
778539,2025-03-29,2025,624428,L,678368,R,field_out,False,False
778539,2025-03-29,2025,643396,R,678368,R,single,False,False
778539,2025-03-29,2025,678225,L,685107,L,strikeout,True,False
778539,2025-03-29,2025,668804,R,685107,L,field_out,False,False
778539,2025-03-29,2025,663743,R,663559,L,double,False,False
778539,2025-03-29,2025,691594,R,663559,L,sac_bunt,False,False
778539,2025-03-29,2025,669364,R,663559,L,sac_fly,False,False
778539,2025-03-29,2025,672640,R,663559,L,field_out,False,False
778539,2025-03-29,2025,665833,L,685107,L,walk,False,True
778539,2025-03-29,2025,663698,R,678692,R,single,False,False
778539,2025-03-29,2025,669261,L,678692,R,field_out,False,False
778539,2025-03-29,2025,663647,R,678692,R,fielders_choice_out,False,False
778539,2025-03-29,2025,669707,R,678692,R,field_out,False,False
778539,2025-03-29,2025,681146,R,663559,L,field_out,False,False
778539,2025-03-29,2025,676572,R,663559,L,field_out,False,False
778539,2025-03-29,2025,667472,R,663559,L,double,False,False
778539,2025-03-29,2025,656537,R,663559,L,double,False,False
778539,2025-03-29,2025,669065,L,663559,L,field_out,False,False
778539,2025-03-29,2025,624428,L,678692,R,single,False,False
778539,2025-03-29,2025,643396,R,678692,R,single,False,False
778539,2025-03-29,2025,678225,L,678692,R,strikeout,True,False
778539,2025-03-29,2025,668804,L,678692,R,walk,False,True
778539,2025-03-29,2025,665833,L,678692,R,force_out,False,False
778539,2025-03-29,2025,663698,R,678692,R,field_out,False,False
778539,2025-03-29,2025,663743,R,664875,R,strikeout,True,False
778539,2025-03-29,2025,665052,L,664875,R,field_out,False,False
778539,2025-03-29,2025,669364,L,664875,R,double,False,False
778539,2025-03-29,2025,672640,R,664875,R,single,False,False
778539,2025-03-29,2025,681146,R,664875,R,strikeout,True,False
778539,2025-03-29,2025,669261,L,669622,R,field_out,False,False
778539,2025-03-29,2025,663647,R,669622,R,field_out,False,False
778539,2025-03-29,2025,669707,R,669622,R,field_out,False,False
778539,2025-03-29,2025,676572,R,642701,R,field_out,False,False
778539,2025-03-29,2025,667472,R,642701,R,strikeout,True,False
778539,2025-03-29,2025,656537,R,642701,R,strikeout,True,False
778539,2025-03-29,2025,624428,L,676534,R,strikeout,True,False
778539,2025-03-29,2025,643396,R,676534,R,walk,False,True
778539,2025-03-29,2025,457705,R,676534,R,strikeout,True,False
778539,2025-03-29,2025,668804,L,676534,R,field_out,False,False
778539,2025-03-29,2025,669065,L,670059,R,single,False,False
778539,2025-03-29,2025,689414,L,670059,R,field_out,False,False
778539,2025-03-29,2025,665052,L,670059,R,fielders_choice_out,False,False
778539,2025-03-29,2025,669364,L,670059,R,walk,False,True
778539,2025-03-29,2025,672640,R,670059,R,field_out,False,False
778539,2025-03-29,2025,665833,L,669199,R,intent_walk,False,True
778539,2025-03-29,2025,663698,R,669199,R,grounded_into_double_play,False,False
778539,2025-03-29,2025,669261,L,669199,R,intent_walk,False,True
778539,2025-03-29,2025,663647,R,669199,R,field_out,False,False
778539,2025-03-29,2025,681146,R,666214,L,intent_walk,False,True
778539,2025-03-29,2025,676572,R,666214,L,grounded_into_double_play,False,False
778539,2025-03-29,2025,667472,R,666214,L,field_out,False,False
778539,2025-03-29,2025,682848,L,669199,R,field_out,False,False
778539,2025-03-29,2025,624428,L,669199,R,field_out,False,False
778539,2025-03-29,2025,643396,R,669199,R,walk,False,True
778539,2025-03-29,2025,502054,R,669199,R,strikeout,True,False
778539,2025-03-29,2025,656537,R,666214,L,single,False,False
778539,2025-03-29,2025,669065,L,666214,L,single,False,False
778539,2025-03-29,2025,689414,L,666214,L,field_out,False,False
778539,2025-03-29,2025,665052,L,666214,L,field_out,False,False
778539,2025-03-29,2025,669364,R,666214,L,strikeout,True,False
778539,2025-03-29,2025,668804,L,666277,R,single,False,False
778539,2025-03-29,2025,665833,L,666277,R,strikeout,True,False
778539,2025-03-29,2025,663698,R,666277,R,single,False,False
778539,2025-03-29,2025,669261,L,666277,R,field_out,False,False
778539,2025-03-29,2025,672640,R,666214,L,intent_walk,False,True
778539,2025-03-29,2025,681146,R,666214,L,field_error,False,False
778539,2025-03-29,2025,676572,R,641835,L,force_out,False,False
778539,2025-03-29,2025,667472,R,641835,L,single,False,False
778532,2025-03-30,2025,664023,L,694297,R,field_out,False,False
778532,2025-03-30,2025,663656,L,694297,R,double,False,False
778532,2025-03-30,2025,673548,R,694297,R,strikeout,True,False
778532,2025-03-30,2025,683737,L,694297,R,walk,False,True
778532,2025-03-30,2025,621020,R,694297,R,field_out,False,False
778532,2025-03-30,2025,606466,R,684007,L,field_out,False,False
778532,2025-03-30,2025,682998,L,684007,L,field_out,False,False
778532,2025-03-30,2025,666971,R,684007,L,field_out,False,False
778532,2025-03-30,2025,691718,L,694297,R,strikeout,True,False
778532,2025-03-30,2025,665804,R,694297,R,field_out,False,False
778532,2025-03-30,2025,669398,L,694297,R,strikeout,True,False
778532,2025-03-30,2025,545341,R,684007,L,double,False,False
778532,2025-03-30,2025,647304,L,684007,L,field_out,False,False
778532,2025-03-30,2025,553993,R,684007,L,walk,False,True
778532,2025-03-30,2025,672515,R,684007,L,walk,False,True
778532,2025-03-30,2025,664983,L,684007,L,field_out,False,False
778532,2025-03-30,2025,672695,R,684007,L,field_out,False,False
778532,2025-03-30,2025,542932,R,694297,R,field_out,False,False
778532,2025-03-30,2025,664023,L,694297,R,field_out,False,False
778532,2025-03-30,2025,663656,L,694297,R,single,False,False
778532,2025-03-30,2025,673548,R,694297,R,strikeout,True,False
778532,2025-03-30,2025,606466,R,684007,L,field_out,False,False
778532,2025-03-30,2025,682998,L,684007,L,single,False,False
778532,2025-03-30,2025,666971,R,684007,L,field_out,False,False
778532,2025-03-30,2025,545341,R,684007,L,strikeout,True,False
778532,2025-03-30,2025,683737,L,694297,R,single,False,False
778532,2025-03-30,2025,621020,R,694297,R,force_out,False,False
778532,2025-03-30,2025,691718,L,694297,R,force_out,False,False
778532,2025-03-30,2025,665804,R,694297,R,double,False,False
778532,2025-03-30,2025,669398,L,694297,R,strikeout,True,False
778532,2025-03-30,2025,647304,L,684007,L,double,False,False
778532,2025-03-30,2025,553993,R,684007,L,field_out,False,False
778532,2025-03-30,2025,672515,R,684007,L,double_play,False,False
778532,2025-03-30,2025,542932,R,694297,R,single,False,False
778532,2025-03-30,2025,664023,L,694297,R,field_out,False,False
778532,2025-03-30,2025,663656,L,694297,R,home_run,False,False
778532,2025-03-30,2025,673548,R,694297,R,field_out,False,False
778532,2025-03-30,2025,683737,L,694297,R,field_out,False,False
778532,2025-03-30,2025,664983,L,684007,L,field_out,False,False
778532,2025-03-30,2025,672695,R,684007,L,field_out,False,False
778532,2025-03-30,2025,606466,R,684007,L,field_out,False,False
778532,2025-03-30,2025,621020,R,694297,R,field_out,False,False
778532,2025-03-30,2025,691718,L,694297,R,field_out,False,False
778532,2025-03-30,2025,665804,R,694297,R,field_out,False,False
778532,2025-03-30,2025,682998,L,684007,L,strikeout,True,False
778532,2025-03-30,2025,666971,R,684007,L,strikeout,True,False
778532,2025-03-30,2025,545341,R,684007,L,field_out,False,False
778532,2025-03-30,2025,807713,R,656222,L,home_run,False,False
778532,2025-03-30,2025,542932,R,656222,L,field_out,False,False
778532,2025-03-30,2025,664023,R,656222,L,strikeout,True,False
778532,2025-03-30,2025,663656,L,656222,L,field_out,False,False
778532,2025-03-30,2025,647304,L,684007,L,field_out,False,False
778532,2025-03-30,2025,553993,R,684007,L,field_error,False,False
778532,2025-03-30,2025,672515,R,684007,L,strikeout,True,False
778532,2025-03-30,2025,664983,L,684007,L,field_out,False,False
778532,2025-03-30,2025,673548,R,686826,R,strikeout,True,False
778532,2025-03-30,2025,683737,L,686826,R,single,False,False
778532,2025-03-30,2025,621020,R,686826,R,strikeout,True,False
778532,2025-03-30,2025,691718,L,686826,R,strikeout,True,False
778532,2025-03-30,2025,672695,L,687863,R,single,False,False
778532,2025-03-30,2025,606466,L,687863,R,single,False,False
778532,2025-03-30,2025,682998,L,687863,R,strikeout,True,False
778532,2025-03-30,2025,666971,R,687863,R,field_out,False,False
778532,2025-03-30,2025,656976,L,687863,R,strikeout,True,False
778532,2025-03-30,2025,665804,R,679885,R,field_out,False,False
778532,2025-03-30,2025,807713,R,679885,R,field_out,False,False
778532,2025-03-30,2025,542932,R,679885,R,field_error,False,False
778532,2025-03-30,2025,664023,L,679885,R,field_out,False,False
778532,2025-03-30,2025,647304,L,519151,R,single,False,False
778532,2025-03-30,2025,553993,R,519151,R,home_run,False,False
778532,2025-03-30,2025,672515,R,519151,R,single,False,False
778532,2025-03-30,2025,664983,L,519151,R,strikeout,True,False
778532,2025-03-30,2025,672695,L,519151,R,field_out,False,False
778532,2025-03-30,2025,606466,L,519151,R,walk,False,True
778532,2025-03-30,2025,682998,L,519151,R,single,False,False
778533,2025-03-30,2025,656716,L,808963,R,single,False,False
778533,2025-03-30,2025,682985,L,808963,R,strikeout,True,False
778533,2025-03-30,2025,679529,R,808963,R,single,False,False
778533,2025-03-30,2025,681481,L,808963,R,field_out,False,False
778533,2025-03-30,2025,690993,L,808963,R,walk,False,True
778533,2025-03-30,2025,622534,R,808963,R,single,False,False
778533,2025-03-30,2025,700242,L,808963,R,walk,False,True
778533,2025-03-30,2025,668670,R,808963,R,force_out,False,False
778533,2025-03-30,2025,660271,L,681857,R,strikeout,True,False
778533,2025-03-30,2025,606192,R,681857,R,field_out,False,False
778533,2025-03-30,2025,518692,L,681857,R,home_run,False,False
778533,2025-03-30,2025,669257,R,681857,R,strikeout,True,False
778533,2025-03-30,2025,668952,R,808963,R,walk,False,True
778533,2025-03-30,2025,656716,L,808963,R,strikeout,True,False
778533,2025-03-30,2025,682985,L,808963,R,field_out,False,False
778533,2025-03-30,2025,679529,R,808963,R,walk,False,True
778533,2025-03-30,2025,681481,L,676263,L,strikeout,True,False
778533,2025-03-30,2025,571970,L,681857,R,strikeout,True,False
778533,2025-03-30,2025,681624,R,681857,R,single,False,False
778533,2025-03-30,2025,624424,L,681857,R,double,False,False
778533,2025-03-30,2025,669242,L,681857,R,field_out,False,False
778533,2025-03-30,2025,500743,R,681857,R,field_out,False,False
778533,2025-03-30,2025,690993,L,676263,L,field_out,False,False
778533,2025-03-30,2025,622534,R,676263,L,field_out,False,False
778533,2025-03-30,2025,700242,L,676263,L,field_out,False,False
778533,2025-03-30,2025,660271,L,681857,R,field_out,False,False
778533,2025-03-30,2025,606192,R,681857,R,field_out,False,False
778533,2025-03-30,2025,518692,L,681857,R,field_out,False,False
778533,2025-03-30,2025,668670,R,676508,R,strikeout,True,False
778533,2025-03-30,2025,668952,R,676508,R,field_out,False,False
778533,2025-03-30,2025,656716,L,676508,R,field_out,False,False
778533,2025-03-30,2025,669257,R,681857,R,strikeout,True,False
778533,2025-03-30,2025,571970,L,681857,R,field_out,False,False
778533,2025-03-30,2025,681624,R,681857,R,strikeout,True,False
778533,2025-03-30,2025,682985,L,607455,L,strikeout,True,False
778533,2025-03-30,2025,679529,R,607455,L,strikeout,True,False
778533,2025-03-30,2025,681481,L,607455,L,field_out,False,False
778533,2025-03-30,2025,624424,L,681857,R,walk,False,True
778533,2025-03-30,2025,669242,L,681857,R,field_out,False,False
778533,2025-03-30,2025,500743,R,681857,R,field_out,False,False
778533,2025-03-30,2025,660271,L,681857,R,intent_walk,False,True
778533,2025-03-30,2025,606192,R,681857,R,double,False,False
778533,2025-03-30,2025,518692,L,676428,L,field_out,False,False
778533,2025-03-30,2025,690993,L,472610,R,strikeout,True,False
778533,2025-03-30,2025,622534,R,472610,R,field_out,False,False
778533,2025-03-30,2025,700242,L,472610,R,field_out,False,False
778533,2025-03-30,2025,669257,R,676428,L,home_run,False,False
778533,2025-03-30,2025,571970,L,676428,L,field_out,False,False
778533,2025-03-30,2025,681624,R,676428,L,strikeout,True,False
778533,2025-03-30,2025,624424,L,676428,L,field_out,False,False
778533,2025-03-30,2025,668670,R,472610,R,triple,False,False
778533,2025-03-30,2025,668952,R,472610,R,strikeout,True,False
778533,2025-03-30,2025,656716,L,472610,R,single,False,False
778533,2025-03-30,2025,682985,L,472610,R,grounded_into_double_play,False,False
778533,2025-03-30,2025,669242,L,628317,R,home_run,False,False
778533,2025-03-30,2025,500743,R,628317,R,field_out,False,False
778533,2025-03-30,2025,660271,L,628317,R,walk,False,True
778533,2025-03-30,2025,606192,R,628317,R,strikeout,True,False
778533,2025-03-30,2025,518692,L,628317,R,double,False,False
778533,2025-03-30,2025,669257,R,628317,R,field_out,False,False
778533,2025-03-30,2025,679529,R,489446,R,strikeout,True,False
778533,2025-03-30,2025,681481,L,489446,R,strikeout,True,False
778533,2025-03-30,2025,690993,L,489446,R,strikeout,True,False
778533,2025-03-30,2025,571970,L,628317,R,field_out,False,False
778533,2025-03-30,2025,681624,R,628317,R,strikeout,True,False
778533,2025-03-30,2025,624424,L,628317,R,strikeout,True,False
778533,2025-03-30,2025,622534,R,595014,R,single,False,False
778533,2025-03-30,2025,700242,L,595014,R,field_out,False,False
778533,2025-03-30,2025,668670,R,595014,R,strikeout,True,False
778533,2025-03-30,2025,693307,R,595014,R,strikeout,True,False
778521,2025-03-30,2025,671732,L,682243,R,field_out,False,False
778521,2025-03-30,2025,667670,R,682243,R,field_out,False,False
778521,2025-03-30,2025,668709,L,682243,R,field_out,False,False
778521,2025-03-30,2025,645302,R,674370,R,double,False,False
778521,2025-03-30,2025,677594,R,674370,R,hit_by_pitch,False,False
778521,2025-03-30,2025,663728,L,674370,R,walk,False,True
778521,2025-03-30,2025,668227,R,674370,R,double_play,False,False
778521,2025-03-30,2025,670042,L,674370,R,strikeout,True,False
778521,2025-03-30,2025,669127,R,682243,R,field_out,False,False
778521,2025-03-30,2025,691016,L,682243,R,strikeout,True,False
778521,2025-03-30,2025,609280,R,682243,R,field_out,False,False
778521,2025-03-30,2025,593871,L,674370,R,strikeout,True,False
778521,2025-03-30,2025,642133,L,674370,R,single,False,False
778521,2025-03-30,2025,669208,R,674370,R,single,False,False
778521,2025-03-30,2025,641487,L,674370,R,field_out,False,False
778521,2025-03-30,2025,645302,R,674370,R,field_out,False,False
778521,2025-03-30,2025,649966,R,682243,R,field_out,False,False
778521,2025-03-30,2025,691777,R,682243,R,single,False,False
778521,2025-03-30,2025,805779,R,682243,R,grounded_into_double_play,False,False
778521,2025-03-30,2025,677594,R,674370,R,walk,False,True
778521,2025-03-30,2025,663728,L,674370,R,field_out,False,False
778521,2025-03-30,2025,668227,R,674370,R,fielders_choice_out,False,False
778521,2025-03-30,2025,670042,L,674370,R,field_out,False,False
778521,2025-03-30,2025,671732,L,682243,R,field_out,False,False
778521,2025-03-30,2025,667670,R,682243,R,single,False,False
778521,2025-03-30,2025,668709,L,682243,R,field_out,False,False
778521,2025-03-30,2025,669127,R,682243,R,home_run,False,False
778521,2025-03-30,2025,691016,L,682243,R,strikeout,True,False
778521,2025-03-30,2025,593871,L,674370,R,field_out,False,False
778521,2025-03-30,2025,642133,L,674370,R,strikeout,True,False
778521,2025-03-30,2025,669208,R,674370,R,field_out,False,False
778521,2025-03-30,2025,609280,R,682243,R,single,False,False
778521,2025-03-30,2025,649966,R,682243,R,field_out,False,False
778521,2025-03-30,2025,691777,R,682243,R,field_out,False,False
778521,2025-03-30,2025,805779,R,682243,R,single,False,False
778521,2025-03-30,2025,671732,L,682243,R,walk,False,True
778521,2025-03-30,2025,667670,R,682243,R,strikeout,True,False
778521,2025-03-30,2025,641487,L,674370,R,walk,False,True
778521,2025-03-30,2025,645302,R,674370,R,hit_by_pitch,False,False
778521,2025-03-30,2025,677594,R,674370,R,strikeout,True,False
778521,2025-03-30,2025,663728,L,674370,R,grounded_into_double_play,False,False
778521,2025-03-30,2025,668709,L,682243,R,walk,False,True
778521,2025-03-30,2025,669127,R,682243,R,field_out,False,False
778521,2025-03-30,2025,691016,L,682243,R,strikeout,True,False
778521,2025-03-30,2025,609280,R,682243,R,single,False,False
778521,2025-03-30,2025,649966,R,676092,R,field_out,False,False
778521,2025-03-30,2025,668227,R,674370,R,walk,False,True
778521,2025-03-30,2025,641598,R,663687,L,strikeout,True,False
778521,2025-03-30,2025,593871,R,663687,L,single,False,False
778521,2025-03-30,2025,664238,R,663687,L,walk,False,True
778521,2025-03-30,2025,669208,R,668716,R,field_out,False,False
778521,2025-03-30,2025,641487,L,668716,R,strikeout,True,False
778521,2025-03-30,2025,691777,R,676092,R,strikeout,True,False
778521,2025-03-30,2025,805779,R,676092,R,field_error,False,False
778521,2025-03-30,2025,671732,L,676092,R,field_out,False,False
778521,2025-03-30,2025,667670,R,676092,R,single,False,False
778521,2025-03-30,2025,668709,L,642100,L,field_out,False,False
778521,2025-03-30,2025,645302,R,668716,R,strikeout,True,False
778521,2025-03-30,2025,677594,R,668716,R,walk,False,True
778521,2025-03-30,2025,663728,L,668716,R,field_out,False,False
778521,2025-03-30,2025,668227,R,668716,R,field_out,False,False
778521,2025-03-30,2025,669127,R,642100,L,strikeout,True,False
778521,2025-03-30,2025,691016,L,642100,L,single,False,False
778521,2025-03-30,2025,609280,R,660825,R,field_out,False,False
778521,2025-03-30,2025,664913,L,660825,R,field_out,False,False
778521,2025-03-30,2025,641598,R,621053,R,field_out,False,False
778521,2025-03-30,2025,593871,L,621053,R,strikeout,True,False
778521,2025-03-30,2025,664238,R,621053,R,strikeout,True,False
778521,2025-03-30,2025,691777,R,660825,R,strikeout,True,False
778521,2025-03-30,2025,805779,R,660825,R,field_out,False,False
778521,2025-03-30,2025,671732,L,660825,R,single,False,False
778521,2025-03-30,2025,667670,R,660825,R,field_out,False,False
778521,2025-03-30,2025,669208,R,695243,R,strikeout,True,False
778521,2025-03-30,2025,641487,L,695243,R,single,False,False
778521,2025-03-30,2025,645302,R,695243,R,strikeout,True,False
778521,2025-03-30,2025,677594,R,695243,R,strikeout,True,False
778526,2025-03-30,2025,656941,L,680730,L,single,False,False
778526,2025-03-30,2025,664761,R,680730,L,field_out,False,False
778526,2025-03-30,2025,547180,L,680730,L,strikeout,True,False
778526,2025-03-30,2025,592206,R,680730,L,single,False,False
778526,2025-03-30,2025,681082,L,680730,L,strikeout,True,False
778526,2025-03-30,2025,682928,L,605400,R,field_out,False,False
778526,2025-03-30,2025,695578,L,605400,R,field_out,False,False
778526,2025-03-30,2025,671277,L,605400,R,strikeout,True,False
778526,2025-03-30,2025,624641,R,680730,L,strikeout,True,False
778526,2025-03-30,2025,669016,L,680730,L,walk,False,True
778526,2025-03-30,2025,679032,R,680730,L,single,False,False
778526,2025-03-30,2025,665561,R,680730,L,grounded_into_double_play,False,False
778526,2025-03-30,2025,660688,L,605400,R,field_out,False,False
778526,2025-03-30,2025,663993,L,605400,R,strikeout,True,False
778526,2025-03-30,2025,605137,L,605400,R,strikeout,True,False
778526,2025-03-30,2025,656941,L,680730,L,field_out,False,False
778526,2025-03-30,2025,664761,R,680730,L,field_out,False,False
778526,2025-03-30,2025,547180,L,680730,L,single,False,False
778526,2025-03-30,2025,592206,R,680730,L,walk,False,True
778526,2025-03-30,2025,681082,L,680730,L,field_out,False,False
778526,2025-03-30,2025,657557,R,605400,R,single,False,False
778526,2025-03-30,2025,686611,R,605400,R,strikeout,True,False
778526,2025-03-30,2025,696285,R,605400,R,sac_bunt,False,False
778526,2025-03-30,2025,682928,L,605400,R,strikeout,True,False
778526,2025-03-30,2025,624641,R,680730,L,single,False,False
778526,2025-03-30,2025,669016,L,680730,L,strikeout,True,False
778526,2025-03-30,2025,679032,R,680730,L,field_out,False,False
778526,2025-03-30,2025,665561,R,680730,L,field_out,False,False
778526,2025-03-30,2025,695578,L,605400,R,strikeout,True,False
778526,2025-03-30,2025,671277,L,605400,R,field_out,False,False
778526,2025-03-30,2025,660688,L,605400,R,hit_by_pitch,False,False
778526,2025-03-30,2025,663993,L,605400,R,single,False,False
778526,2025-03-30,2025,605137,L,605400,R,home_run,False,False
778526,2025-03-30,2025,657557,R,605400,R,double,False,False
778526,2025-03-30,2025,686611,R,605400,R,strikeout,True,False
778526,2025-03-30,2025,656941,L,680730,L,field_out,False,False
778526,2025-03-30,2025,664761,R,680730,L,field_out,False,False
778526,2025-03-30,2025,547180,L,680730,L,field_out,False,False
778526,2025-03-30,2025,696285,R,605400,R,field_out,False,False
778526,2025-03-30,2025,682928,L,605400,R,field_out,False,False
778526,2025-03-30,2025,695578,L,605400,R,strikeout,True,False
778526,2025-03-30,2025,592206,R,680730,L,field_out,False,False
778526,2025-03-30,2025,681082,L,680730,L,field_out,False,False
778526,2025-03-30,2025,624641,R,680730,L,strikeout,True,False
778526,2025-03-30,2025,671277,L,605400,R,field_out,False,False
778526,2025-03-30,2025,660688,L,605400,R,single,False,False
778526,2025-03-30,2025,663993,L,605400,R,home_run,False,False
778526,2025-03-30,2025,605137,L,614179,R,strikeout,True,False
778526,2025-03-30,2025,657557,R,614179,R,double,False,False
778526,2025-03-30,2025,686611,R,614179,R,strikeout,True,False
778526,2025-03-30,2025,669016,L,680730,L,single,False,False
778526,2025-03-30,2025,679032,R,680730,L,field_out,False,False
778526,2025-03-30,2025,665561,R,680730,L,single,False,False
778526,2025-03-30,2025,656941,L,678606,L,hit_by_pitch,False,False
778526,2025-03-30,2025,664761,R,678606,L,grounded_into_double_play,False,False
778526,2025-03-30,2025,696285,R,621381,L,double,False,False
778526,2025-03-30,2025,682928,L,621381,L,field_out,False,False
778526,2025-03-30,2025,695578,L,621381,L,strikeout,True,False
778526,2025-03-30,2025,671277,L,621381,L,field_out,False,False
778526,2025-03-30,2025,547180,L,605347,R,field_out,False,False
778526,2025-03-30,2025,592206,R,605347,R,field_out,False,False
778526,2025-03-30,2025,681082,L,605347,R,field_out,False,False
778526,2025-03-30,2025,660688,R,621383,L,field_out,False,False
778526,2025-03-30,2025,663993,L,621383,L,double,False,False
778526,2025-03-30,2025,605137,R,621383,L,double_play,False,False
778526,2025-03-30,2025,624641,R,695418,R,single,False,False
778526,2025-03-30,2025,669016,L,695418,R,walk,False,True
778526,2025-03-30,2025,665019,L,695418,R,walk,False,True
778526,2025-03-30,2025,665561,L,640448,R,force_out,False,False
778526,2025-03-30,2025,656941,L,640448,R,strikeout,True,False
778526,2025-03-30,2025,664761,R,640448,R,field_out,False,False
778523,2025-03-30,2025,668930,L,573186,R,single,False,False
778523,2025-03-30,2025,694192,R,573186,R,field_out,False,False
778523,2025-03-30,2025,592885,L,573186,R,field_out,False,False
778523,2025-03-30,2025,661388,R,573186,R,walk,False,True
778523,2025-03-30,2025,686217,L,573186,R,single,False,False
778523,2025-03-30,2025,641343,L,573186,R,strikeout,True,False
778523,2025-03-30,2025,502671,R,650644,R,single,False,False
778523,2025-03-30,2025,641355,L,650644,R,field_out,False,False
778523,2025-03-30,2025,592450,R,650644,R,home_run,False,False
778523,2025-03-30,2025,665862,L,650644,R,strikeout,True,False
778523,2025-03-30,2025,683011,R,650644,R,field_out,False,False
778523,2025-03-30,2025,669003,L,573186,R,strikeout,True,False
778523,2025-03-30,2025,687401,R,573186,R,field_out,False,False
778523,2025-03-30,2025,686554,L,573186,R,field_out,False,False
778523,2025-03-30,2025,669224,L,650644,R,strikeout,True,False
778523,2025-03-30,2025,691176,L,650644,R,field_out,False,False
778523,2025-03-30,2025,700250,L,650644,R,home_run,False,False
778523,2025-03-30,2025,665828,L,650644,R,field_out,False,False
778523,2025-03-30,2025,668930,L,573186,R,field_out,False,False
778523,2025-03-30,2025,694192,R,573186,R,strikeout,True,False
778523,2025-03-30,2025,592885,L,573186,R,field_out,False,False
778523,2025-03-30,2025,502671,R,650644,R,field_out,False,False
778523,2025-03-30,2025,641355,L,650644,R,field_out,False,False
778523,2025-03-30,2025,592450,R,650644,R,intent_walk,False,True
778523,2025-03-30,2025,665862,L,650644,R,home_run,False,False
778523,2025-03-30,2025,683011,R,650644,R,field_out,False,False
778523,2025-03-30,2025,661388,R,573186,R,single,False,False
778523,2025-03-30,2025,686217,L,573186,R,field_out,False,False
778523,2025-03-30,2025,641343,L,573186,R,home_run,False,False
778523,2025-03-30,2025,669003,L,573186,R,field_out,False,False
778523,2025-03-30,2025,687401,R,573186,R,field_out,False,False
778523,2025-03-30,2025,669224,L,641302,L,field_out,False,False
778523,2025-03-30,2025,691176,R,641302,L,walk,False,True
778523,2025-03-30,2025,700250,L,641302,L,grounded_into_double_play,False,False
778523,2025-03-30,2025,686554,L,573186,R,field_out,False,False
778523,2025-03-30,2025,668930,L,573186,R,field_out,False,False
778523,2025-03-30,2025,694192,R,573186,R,single,False,False
778523,2025-03-30,2025,592885,L,657612,L,strikeout,True,False
778523,2025-03-30,2025,665828,R,641302,L,strikeout,True,False
778523,2025-03-30,2025,502671,R,641302,L,strikeout,True,False
778523,2025-03-30,2025,641355,L,641302,L,field_out,False,False
778523,2025-03-30,2025,661388,R,657612,L,field_out,False,False
778523,2025-03-30,2025,686217,L,657612,L,strikeout,True,False
778523,2025-03-30,2025,641343,L,657612,L,strikeout,True,False
778523,2025-03-30,2025,592450,R,641302,L,walk,False,True
778523,2025-03-30,2025,665862,L,641302,L,single,False,False
778523,2025-03-30,2025,683011,R,641302,L,field_out,False,False
778523,2025-03-30,2025,669224,L,657649,L,field_out,False,False
778523,2025-03-30,2025,691176,R,657649,L,strikeout,True,False
778523,2025-03-30,2025,669003,L,643410,R,strikeout,True,False
778523,2025-03-30,2025,687401,R,643410,R,field_out,False,False
778523,2025-03-30,2025,686554,L,643410,R,strikeout,True,False
778523,2025-03-30,2025,700250,L,606303,R,single,False,False
778523,2025-03-30,2025,665828,L,606303,R,single,False,False
778523,2025-03-30,2025,502671,R,606303,R,single,False,False
778523,2025-03-30,2025,641355,L,606303,R,sac_fly,False,False
778523,2025-03-30,2025,592450,R,606303,R,walk,False,True
778523,2025-03-30,2025,665862,L,606303,R,home_run,False,False
778523,2025-03-30,2025,683011,R,606303,R,strikeout,True,False
778523,2025-03-30,2025,669224,L,656730,R,field_out,False,False
778523,2025-03-30,2025,668930,L,518585,R,walk,False,True
778523,2025-03-30,2025,694192,R,518585,R,strikeout,True,False
778523,2025-03-30,2025,681962,R,518585,R,field_out,False,False
778523,2025-03-30,2025,661388,R,518585,R,field_out,False,False
778523,2025-03-30,2025,663757,L,641343,L,hit_by_pitch,False,False
778523,2025-03-30,2025,700250,L,641343,L,field_out,False,False
778523,2025-03-30,2025,665828,R,641343,L,single,False,False
778523,2025-03-30,2025,502671,R,641343,L,single,False,False
778523,2025-03-30,2025,622569,R,641343,L,field_out,False,False
778523,2025-03-30,2025,672724,R,641343,L,force_out,False,False
778523,2025-03-30,2025,686217,L,642232,L,single,False,False
778523,2025-03-30,2025,641343,L,642232,L,strikeout,True,False
778523,2025-03-30,2025,669003,L,642232,L,field_out,False,False
778523,2025-03-30,2025,687401,R,642232,L,field_out,False,False
778522,2025-03-30,2025,664774,L,607259,R,field_out,False,False
778522,2025-03-30,2025,642715,R,607259,R,strikeout,True,False
778522,2025-03-30,2025,808982,L,607259,R,strikeout,True,False
778522,2025-03-30,2025,680574,R,592662,L,strikeout,True,False
778522,2025-03-30,2025,669289,R,592662,L,field_out,False,False
778522,2025-03-30,2025,682829,R,592662,L,field_out,False,False
778522,2025-03-30,2025,656305,R,607259,R,field_out,False,False
778522,2025-03-30,2025,671218,R,607259,R,strikeout,True,False
778522,2025-03-30,2025,527038,R,607259,R,field_out,False,False
778522,2025-03-30,2025,687952,R,592662,L,strikeout,True,False
778522,2025-03-30,2025,600869,R,592662,L,field_out,False,False
778522,2025-03-30,2025,668715,R,592662,L,field_out,False,False
778522,2025-03-30,2025,682641,R,607259,R,field_out,False,False
778522,2025-03-30,2025,669087,R,607259,R,field_out,False,False
778522,2025-03-30,2025,666149,R,607259,R,field_out,False,False
778522,2025-03-30,2025,666158,L,592662,L,field_out,False,False
778522,2025-03-30,2025,694362,R,592662,L,strikeout,True,False
778522,2025-03-30,2025,642851,R,592662,L,field_out,False,False
778522,2025-03-30,2025,664774,L,607259,R,field_out,False,False
778522,2025-03-30,2025,642715,R,607259,R,field_out,False,False
778522,2025-03-30,2025,808982,L,607259,R,field_out,False,False
778522,2025-03-30,2025,680574,R,592662,L,field_out,False,False
778522,2025-03-30,2025,669289,R,592662,L,field_out,False,False
778522,2025-03-30,2025,682829,R,592662,L,field_out,False,False
778522,2025-03-30,2025,656305,R,607259,R,field_out,False,False
778522,2025-03-30,2025,671218,R,607259,R,home_run,False,False
778522,2025-03-30,2025,527038,R,607259,R,walk,False,True
778522,2025-03-30,2025,682641,R,607259,R,force_out,False,False
778522,2025-03-30,2025,669087,R,607259,R,force_out,False,False
778522,2025-03-30,2025,687952,R,592662,L,strikeout,True,False
778522,2025-03-30,2025,600869,R,592662,L,field_out,False,False
778522,2025-03-30,2025,668715,R,592662,L,field_out,False,False
778522,2025-03-30,2025,666149,R,607259,R,double,False,False
778522,2025-03-30,2025,664774,L,607259,R,strikeout,True,False
778522,2025-03-30,2025,642715,R,607259,R,strikeout,True,False
778522,2025-03-30,2025,808982,L,607259,R,double,False,False
778522,2025-03-30,2025,656305,R,607259,R,home_run,False,False
778522,2025-03-30,2025,671218,R,607259,R,field_out,False,False
778522,2025-03-30,2025,666158,L,592662,L,single,False,False
778522,2025-03-30,2025,694362,R,592662,L,field_out,False,False
778522,2025-03-30,2025,642851,R,592662,L,home_run,False,False
778522,2025-03-30,2025,680574,R,592662,L,home_run,False,False
778522,2025-03-30,2025,669289,R,592662,L,walk,False,True
778522,2025-03-30,2025,682829,R,669062,L,single,False,False
778522,2025-03-30,2025,687952,R,669062,L,grounded_into_double_play,False,False
778522,2025-03-30,2025,527038,R,664139,R,field_out,False,False
778522,2025-03-30,2025,682641,R,664139,R,field_out,False,False
778522,2025-03-30,2025,669087,R,664139,R,strikeout,True,False
778522,2025-03-30,2025,600869,L,642152,R,field_out,False,False
778522,2025-03-30,2025,668715,R,642152,R,field_out,False,False
778522,2025-03-30,2025,666158,L,642152,R,field_out,False,False
778522,2025-03-30,2025,666149,R,573124,L,field_error,False,False
778522,2025-03-30,2025,664774,L,573124,L,sac_bunt,False,False
778522,2025-03-30,2025,642715,R,573124,L,sac_fly,False,False
778522,2025-03-30,2025,808982,L,573124,L,single,False,False
778522,2025-03-30,2025,656305,R,605130,R,walk,False,True
778522,2025-03-30,2025,671218,R,605130,R,single,False,False
778522,2025-03-30,2025,527038,R,605130,R,field_out,False,False
778522,2025-03-30,2025,694362,R,643511,R,single,False,False
778522,2025-03-30,2025,674441,L,643511,R,walk,False,True
778522,2025-03-30,2025,680574,R,643511,R,field_out,False,False
778522,2025-03-30,2025,669289,R,643511,R,double_play,False,False
778522,2025-03-30,2025,573262,L,608718,L,field_out,False,False
778522,2025-03-30,2025,669087,R,608718,L,strikeout,True,False
778522,2025-03-30,2025,666149,R,608718,L,single,False,False
778522,2025-03-30,2025,664774,L,608718,L,field_out,False,False
778522,2025-03-30,2025,682829,L,666808,R,strikeout,True,False
778522,2025-03-30,2025,687952,R,666808,R,field_out,False,False
778522,2025-03-30,2025,600869,L,666808,R,field_out,False,False
778524,2025-03-30,2025,686668,R,671737,R,field_out,False,False
778524,2025-03-30,2025,678662,R,671737,R,single,False,False
778524,2025-03-30,2025,641857,L,671737,R,strikeout,True,False
778524,2025-03-30,2025,696100,R,671737,R,strikeout,True,False
778524,2025-03-30,2025,650490,R,663372,R,double,False,False
778524,2025-03-30,2025,663968,L,663372,R,field_out,False,False
778524,2025-03-30,2025,664040,L,663372,R,home_run,False,False
778524,2025-03-30,2025,666018,L,663372,R,double,False,False
778524,2025-03-30,2025,670764,L,663372,R,walk,False,True
778524,2025-03-30,2025,670224,L,663372,R,strikeout,True,False
778524,2025-03-30,2025,676609,R,663372,R,field_out,False,False
778524,2025-03-30,2025,669911,L,671737,R,strikeout,True,False
778524,2025-03-30,2025,605361,L,671737,R,field_out,False,False
778524,2025-03-30,2025,687597,R,671737,R,strikeout,True,False
778524,2025-03-30,2025,666163,L,663372,R,field_out,False,False
778524,2025-03-30,2025,676356,R,663372,R,field_out,False,False
778524,2025-03-30,2025,650490,R,663372,R,field_out,False,False
778524,2025-03-30,2025,607732,R,671737,R,field_out,False,False
778524,2025-03-30,2025,671289,R,671737,R,field_out,False,False
778524,2025-03-30,2025,686668,R,671737,R,field_out,False,False
778524,2025-03-30,2025,663968,L,663372,R,strikeout,True,False
778524,2025-03-30,2025,664040,L,663372,R,strikeout,True,False
778524,2025-03-30,2025,666018,L,663372,R,field_out,False,False
778524,2025-03-30,2025,678662,R,671737,R,field_out,False,False
778524,2025-03-30,2025,641857,L,671737,R,field_out,False,False
778524,2025-03-30,2025,696100,R,671737,R,strikeout,True,False
778524,2025-03-30,2025,670764,L,663372,R,field_out,False,False
778524,2025-03-30,2025,670224,L,663372,R,strikeout,True,False
778524,2025-03-30,2025,676609,R,663372,R,field_out,False,False
778524,2025-03-30,2025,669911,L,671737,R,double,False,False
778524,2025-03-30,2025,605361,L,671737,R,single,False,False
778524,2025-03-30,2025,687597,R,671737,R,grounded_into_double_play,False,False
778524,2025-03-30,2025,607732,R,671737,R,strikeout,True,False
778524,2025-03-30,2025,666163,L,663372,R,strikeout,True,False
778524,2025-03-30,2025,676356,R,663372,R,single,False,False
778524,2025-03-30,2025,650490,R,663372,R,fielders_choice_out,False,False
778524,2025-03-30,2025,663968,L,663372,R,field_out,False,False
778524,2025-03-30,2025,671289,R,671737,R,hit_by_pitch,False,False
778524,2025-03-30,2025,686668,R,671737,R,single,False,False
778524,2025-03-30,2025,678662,R,671737,R,field_out,False,False
778524,2025-03-30,2025,641857,L,671737,R,strikeout,True,False
778524,2025-03-30,2025,696100,R,671737,R,single,False,False
778524,2025-03-30,2025,669911,L,671737,R,field_out,False,False
778524,2025-03-30,2025,664040,L,678821,L,field_out,False,False
778524,2025-03-30,2025,666018,L,678821,L,hit_by_pitch,False,False
778524,2025-03-30,2025,670764,R,678821,L,single,False,False
778524,2025-03-30,2025,691406,R,641755,R,single,False,False
778524,2025-03-30,2025,676609,R,641755,R,single,False,False
778524,2025-03-30,2025,666163,L,641755,R,fielders_choice,False,False
778524,2025-03-30,2025,676356,R,641755,R,single,False,False
778524,2025-03-30,2025,650490,R,641755,R,field_out,False,False
778524,2025-03-30,2025,663968,L,641755,R,walk,False,True
778524,2025-03-30,2025,664040,L,656234,R,strikeout,True,False
778524,2025-03-30,2025,605361,L,687330,R,single,False,False
778524,2025-03-30,2025,687597,R,687330,R,field_out,False,False
778524,2025-03-30,2025,607732,R,687330,R,field_out,False,False
778524,2025-03-30,2025,666160,L,687330,R,home_run,False,False
778524,2025-03-30,2025,686668,R,687330,R,field_out,False,False
778524,2025-03-30,2025,666018,L,656234,R,field_out,False,False
778524,2025-03-30,2025,670764,L,656234,R,field_out,False,False
778524,2025-03-30,2025,666624,R,656234,R,strikeout,True,False
778524,2025-03-30,2025,678662,R,670955,R,field_out,False,False
778524,2025-03-30,2025,641857,L,670955,R,strikeout,True,False
778524,2025-03-30,2025,696100,R,670955,R,field_out,False,False
778524,2025-03-30,2025,676609,R,656234,R,walk,False,True
778524,2025-03-30,2025,666163,L,656234,R,field_out,False,False
778524,2025-03-30,2025,676356,R,656234,R,single,False,False
778524,2025-03-30,2025,650490,R,656234,R,field_out,False,False
778524,2025-03-30,2025,663968,L,656234,R,caught_stealing_3b,False,False
778524,2025-03-30,2025,669911,L,664126,R,strikeout,True,False
778524,2025-03-30,2025,605361,L,664126,R,single,False,False
778524,2025-03-30,2025,571657,R,664126,R,single,False,False
778524,2025-03-30,2025,607732,R,664126,R,field_out,False,False
778524,2025-03-30,2025,666160,L,664126,R,strikeout,True,False
778519,2025-03-30,2025,624428,L,676974,R,field_out,False,False
778519,2025-03-30,2025,668804,L,676974,R,strikeout,True,False
778519,2025-03-30,2025,502054,R,676974,R,field_out,False,False
778519,2025-03-30,2025,669364,R,571760,L,field_out,False,False
778519,2025-03-30,2025,672640,R,571760,L,field_out,False,False
778519,2025-03-30,2025,667472,R,571760,L,single,False,False
778519,2025-03-30,2025,676572,R,571760,L,field_out,False,False
778519,2025-03-30,2025,457705,R,676974,R,home_run,False,False
778519,2025-03-30,2025,669261,L,676974,R,strikeout,True,False
778519,2025-03-30,2025,682848,L,676974,R,field_out,False,False
778519,2025-03-30,2025,669707,R,676974,R,field_out,False,False
778519,2025-03-30,2025,681146,R,571760,L,walk,False,True
778519,2025-03-30,2025,656537,R,571760,L,force_out,False,False
778519,2025-03-30,2025,663743,R,571760,L,double,False,False
778519,2025-03-30,2025,665052,L,571760,L,field_out,False,False
778519,2025-03-30,2025,691594,R,571760,L,field_out,False,False
778519,2025-03-30,2025,665839,L,676974,R,field_out,False,False
778519,2025-03-30,2025,643396,R,676974,R,strikeout,True,False
778519,2025-03-30,2025,624428,L,676974,R,field_out,False,False
778519,2025-03-30,2025,669364,R,571760,L,strikeout,True,False
778519,2025-03-30,2025,672640,R,571760,L,field_out,False,False
778519,2025-03-30,2025,667472,R,571760,L,strikeout,True,False
778519,2025-03-30,2025,668804,L,676974,R,double,False,False
778519,2025-03-30,2025,502054,R,676974,R,strikeout,True,False
778519,2025-03-30,2025,457705,R,676974,R,strikeout,True,False
778519,2025-03-30,2025,669261,L,676974,R,field_out,False,False
778519,2025-03-30,2025,676572,R,571760,L,single,False,False
778519,2025-03-30,2025,681146,R,571760,L,field_out,False,False
778519,2025-03-30,2025,656537,R,571760,L,force_out,False,False
778519,2025-03-30,2025,663743,R,571760,L,field_out,False,False
778519,2025-03-30,2025,682848,L,676974,R,walk,False,True
778519,2025-03-30,2025,669707,R,676974,R,field_out,False,False
778519,2025-03-30,2025,665839,L,676974,R,field_out,False,False
778519,2025-03-30,2025,643396,R,676974,R,single,False,False
778519,2025-03-30,2025,624428,L,676974,R,field_out,False,False
778519,2025-03-30,2025,665052,L,571760,L,field_out,False,False
778519,2025-03-30,2025,691594,R,571760,L,single,False,False
778519,2025-03-30,2025,669364,R,571760,L,force_out,False,False
778519,2025-03-30,2025,672640,R,571760,L,field_out,False,False
778519,2025-03-30,2025,668804,L,676974,R,strikeout,True,False
778519,2025-03-30,2025,502054,R,676974,R,single,False,False
778519,2025-03-30,2025,457705,R,676974,R,strikeout,True,False
778519,2025-03-30,2025,669261,L,676974,R,single,False,False
778519,2025-03-30,2025,682848,L,675540,R,field_out,False,False
778519,2025-03-30,2025,669065,L,664875,R,hit_by_pitch,False,False
778519,2025-03-30,2025,676572,R,664875,R,grounded_into_double_play,False,False
778519,2025-03-30,2025,681146,R,664875,R,strikeout,True,False
778519,2025-03-30,2025,669707,R,675540,R,strikeout,True,False
778519,2025-03-30,2025,665839,L,675540,R,walk,False,True
778519,2025-03-30,2025,643396,R,675540,R,field_out,False,False
778519,2025-03-30,2025,624428,L,675540,R,field_out,False,False
778519,2025-03-30,2025,656537,R,670059,R,strikeout,True,False
778519,2025-03-30,2025,663743,R,670059,R,strikeout,True,False
778519,2025-03-30,2025,665052,L,670059,R,home_run,False,False
778519,2025-03-30,2025,691594,R,670059,R,field_out,False,False
778519,2025-03-30,2025,668804,L,676534,R,field_out,False,False
778519,2025-03-30,2025,502054,R,676534,R,field_out,False,False
778519,2025-03-30,2025,457705,R,676534,R,walk,False,True
778519,2025-03-30,2025,669261,L,676534,R,walk,False,True
778519,2025-03-30,2025,682848,L,676534,R,other_out,False,False
778519,2025-03-30,2025,669364,R,657571,L,field_out,False,False
778519,2025-03-30,2025,672640,R,657571,L,field_out,False,False
778519,2025-03-30,2025,669065,L,657571,L,walk,False,True
778519,2025-03-30,2025,676572,R,657571,L,single,False,False
778519,2025-03-30,2025,681146,R,657571,L,field_out,False,False
778519,2025-03-30,2025,682848,L,669622,R,walk,False,True
778519,2025-03-30,2025,665833,L,669622,R,strikeout,True,False
778519,2025-03-30,2025,665839,L,669622,R,field_out,False,False
778519,2025-03-30,2025,643396,R,669622,R,caught_stealing_2b,False,False
778519,2025-03-30,2025,656537,R,670280,R,single,False,False
778519,2025-03-30,2025,663743,R,670280,R,wild_pitch,False,False
778510,2025-03-30,2025,680757,L,608379,R,single,False,False
778510,2025-03-30,2025,657041,R,608379,R,grounded_into_double_play,False,False
778510,2025-03-30,2025,700932,L,608379,R,field_out,False,False
778510,2025-03-30,2025,663697,R,676440,R,walk,False,True
778510,2025-03-30,2025,677951,R,676440,R,strikeout_double_play,True,False
778510,2025-03-30,2025,686469,L,676440,R,triple,False,False
778510,2025-03-30,2025,521692,R,676440,R,field_out,False,False
778510,2025-03-30,2025,467793,L,608379,R,double,False,False
778510,2025-03-30,2025,666134,L,608379,R,walk,False,True
778510,2025-03-30,2025,666310,L,608379,R,field_out,False,False
778510,2025-03-30,2025,672356,R,608379,R,sac_fly,False,False
778510,2025-03-30,2025,682177,L,608379,R,walk,False,True
778510,2025-03-30,2025,677587,L,608379,R,field_out,False,False
778510,2025-03-30,2025,686681,L,676440,R,field_out,False,False
778510,2025-03-30,2025,592669,R,676440,R,double,False,False
778510,2025-03-30,2025,672580,R,676440,R,field_out,False,False
778510,2025-03-30,2025,666023,R,676440,R,field_out,False,False
778510,2025-03-30,2025,680757,L,608379,R,single,False,False
778510,2025-03-30,2025,657041,R,608379,R,walk,False,True
778510,2025-03-30,2025,700932,L,608379,R,field_out,False,False
778510,2025-03-30,2025,467793,L,608379,R,field_out,False,False
778510,2025-03-30,2025,666134,L,608379,R,strikeout,True,False
778510,2025-03-30,2025,664728,L,676440,R,field_out,False,False
778510,2025-03-30,2025,663697,R,676440,R,field_out,False,False
778510,2025-03-30,2025,677951,R,676440,R,field_out,False,False
778510,2025-03-30,2025,666310,L,608379,R,strikeout,True,False
778510,2025-03-30,2025,672356,R,608379,R,single,False,False
778510,2025-03-30,2025,682177,L,608379,R,walk,False,True
778510,2025-03-30,2025,677587,L,608379,R,grounded_into_double_play,False,False
778510,2025-03-30,2025,686469,L,676440,R,field_out,False,False
778510,2025-03-30,2025,521692,R,676440,R,field_out,False,False
778510,2025-03-30,2025,686681,L,676440,R,field_out,False,False
778510,2025-03-30,2025,680757,L,669674,L,single,False,False
778510,2025-03-30,2025,657041,R,669674,L,field_out,False,False
778510,2025-03-30,2025,700932,L,669674,L,home_run,False,False
778510,2025-03-30,2025,467793,R,669674,L,field_out,False,False
778510,2025-03-30,2025,666134,L,669674,L,strikeout,True,False
778510,2025-03-30,2025,592669,R,676440,R,field_out,False,False
778510,2025-03-30,2025,672580,R,676440,R,strikeout,True,False
778510,2025-03-30,2025,666023,R,676440,R,field_out,False,False
778510,2025-03-30,2025,666310,L,608717,R,field_out,False,False
778510,2025-03-30,2025,672356,R,608717,R,home_run,False,False
778510,2025-03-30,2025,682177,L,608717,R,walk,False,True
778510,2025-03-30,2025,677587,L,608717,R,single,False,False
778510,2025-03-30,2025,680757,L,608717,R,force_out,False,False
778510,2025-03-30,2025,657041,R,608717,R,field_out,False,False
778510,2025-03-30,2025,664728,L,676440,R,field_out,False,False
778510,2025-03-30,2025,663697,R,676440,R,field_out,False,False
778510,2025-03-30,2025,677951,R,676440,R,walk,False,True
778510,2025-03-30,2025,686469,L,682120,L,hit_by_pitch,False,False
778510,2025-03-30,2025,521692,R,682120,L,field_out,False,False
778510,2025-03-30,2025,700932,L,608717,R,single,False,False
778510,2025-03-30,2025,467793,L,608717,R,field_out,False,False
778510,2025-03-30,2025,666134,L,608717,R,walk,False,True
778510,2025-03-30,2025,666310,L,608717,R,field_out,False,False
778510,2025-03-30,2025,672356,R,670167,R,strikeout,True,False
778510,2025-03-30,2025,686681,L,676282,L,strikeout,True,False
778510,2025-03-30,2025,592669,R,676282,L,field_out,False,False
778510,2025-03-30,2025,672580,R,676282,L,double,False,False
778510,2025-03-30,2025,666023,R,676282,L,field_out,False,False
778510,2025-03-30,2025,682177,L,670167,R,home_run,False,False
778510,2025-03-30,2025,677587,L,670167,R,field_out,False,False
778510,2025-03-30,2025,680757,L,670167,R,field_out,False,False
778510,2025-03-30,2025,657041,R,670167,R,single,False,False
778510,2025-03-30,2025,700932,L,670167,R,strikeout,True,False
778510,2025-03-30,2025,680118,R,676282,L,field_error,False,False
778510,2025-03-30,2025,663697,R,676282,L,single,False,False
778510,2025-03-30,2025,677951,R,676282,L,single,False,False
778510,2025-03-30,2025,686469,L,676282,L,walk,False,True
778510,2025-03-30,2025,521692,R,683769,R,strikeout,True,False
778510,2025-03-30,2025,686681,L,683769,R,strikeout,True,False
778510,2025-03-30,2025,592669,R,683769,R,walk,False,True
778510,2025-03-30,2025,672580,R,683769,R,field_out,False,False
778510,2025-03-30,2025,467793,L,640451,R,field_out,False,False
778510,2025-03-30,2025,666134,L,640451,R,field_out,False,False
778510,2025-03-30,2025,666310,L,640451,R,strikeout,True,False
778510,2025-03-30,2025,666023,R,661403,R,field_out,False,False
778510,2025-03-30,2025,624415,L,661403,R,field_out,False,False
778510,2025-03-30,2025,663697,R,661403,R,hit_by_pitch,False,False
778510,2025-03-30,2025,677951,R,661403,R,strikeout,True,False
778527,2025-03-30,2025,621493,R,663436,R,field_error,False,False
778527,2025-03-30,2025,694384,L,663436,R,single,False,False
778527,2025-03-30,2025,545361,R,663436,R,single,False,False
778527,2025-03-30,2025,624585,R,663436,R,sac_fly,False,False
778527,2025-03-30,2025,660162,L,663436,R,force_out,False,False
778527,2025-03-30,2025,518595,R,663436,R,force_out,False,False
778527,2025-03-30,2025,665155,L,686799,R,home_run,False,False
778527,2025-03-30,2025,673357,R,686799,R,single,False,False
778527,2025-03-30,2025,643217,L,686799,R,field_out,False,False
778527,2025-03-30,2025,683734,R,686799,R,field_out,False,False
778527,2025-03-30,2025,642136,L,686799,R,single,False,False
778527,2025-03-30,2025,678246,R,686799,R,strikeout,True,False
778527,2025-03-30,2025,650859,L,663436,R,walk,False,True
778527,2025-03-30,2025,641313,R,663436,R,force_out,False,False
778527,2025-03-30,2025,677347,R,663436,R,grounded_into_double_play,False,False
778527,2025-03-30,2025,681460,L,686799,R,strikeout,True,False
778527,2025-03-30,2025,676070,R,686799,R,strikeout,True,False
778527,2025-03-30,2025,608671,L,686799,R,field_out,False,False
778527,2025-03-30,2025,621493,R,663436,R,field_out,False,False
778527,2025-03-30,2025,694384,L,663436,R,field_out,False,False
778527,2025-03-30,2025,545361,R,663436,R,field_out,False,False
778527,2025-03-30,2025,665155,L,686799,R,field_out,False,False
778527,2025-03-30,2025,673357,R,686799,R,field_out,False,False
778527,2025-03-30,2025,643217,L,686799,R,field_out,False,False
778527,2025-03-30,2025,624585,R,663436,R,strikeout,True,False
778527,2025-03-30,2025,660162,L,663436,R,walk,False,True
778527,2025-03-30,2025,518595,R,663436,R,grounded_into_double_play,False,False
778527,2025-03-30,2025,683734,R,686799,R,field_out,False,False
778527,2025-03-30,2025,642136,L,686799,R,strikeout,True,False
778527,2025-03-30,2025,678246,R,686799,R,field_out,False,False
778527,2025-03-30,2025,650859,L,663436,R,field_out,False,False
778527,2025-03-30,2025,641313,R,663436,R,field_out,False,False
778527,2025-03-30,2025,677347,R,663436,R,field_out,False,False
778527,2025-03-30,2025,681460,L,686799,R,single,False,False
778527,2025-03-30,2025,676070,R,686799,R,double_play,False,False
778527,2025-03-30,2025,608671,L,686799,R,field_out,False,False
778527,2025-03-30,2025,621493,R,663436,R,single,False,False
778527,2025-03-30,2025,694384,L,663436,R,force_out,False,False
778527,2025-03-30,2025,545361,R,663436,R,field_out,False,False
778527,2025-03-30,2025,624585,R,663436,R,double,False,False
778527,2025-03-30,2025,660162,L,663436,R,strikeout,True,False
778527,2025-03-30,2025,665155,L,686799,R,field_out,False,False
778527,2025-03-30,2025,673357,R,686799,R,field_out,False,False
778527,2025-03-30,2025,643217,L,686799,R,field_out,False,False
778527,2025-03-30,2025,518595,R,669060,R,field_out,False,False
778527,2025-03-30,2025,650859,L,669060,R,field_out,False,False
778527,2025-03-30,2025,641313,R,669060,R,strikeout,True,False
778527,2025-03-30,2025,683734,R,666171,R,strikeout,True,False
778527,2025-03-30,2025,642136,L,666171,R,double,False,False
778527,2025-03-30,2025,678246,R,690829,R,walk,False,True
778527,2025-03-30,2025,681460,L,690829,R,field_out,False,False
778527,2025-03-30,2025,672820,R,690829,R,field_out,False,False
778527,2025-03-30,2025,677347,R,592155,L,home_run,False,False
778527,2025-03-30,2025,621493,R,592155,L,field_out,False,False
778527,2025-03-30,2025,694384,L,592155,L,single,False,False
778527,2025-03-30,2025,545361,R,592155,L,strikeout,True,False
778527,2025-03-30,2025,624585,R,592155,L,strikeout,True,False
778527,2025-03-30,2025,596103,R,656271,L,field_out,False,False
778527,2025-03-30,2025,572191,R,656271,L,strikeout,True,False
778527,2025-03-30,2025,673357,R,656271,L,single,False,False
778527,2025-03-30,2025,643217,L,656271,L,field_out,False,False
778527,2025-03-30,2025,660162,R,686642,L,strikeout,True,False
778527,2025-03-30,2025,518595,R,686642,L,hit_by_pitch,False,False
778527,2025-03-30,2025,650859,R,686642,L,grounded_into_double_play,False,False
778527,2025-03-30,2025,683734,R,445276,R,double,False,False
778527,2025-03-30,2025,642136,L,445276,R,walk,False,True
778527,2025-03-30,2025,678246,R,445276,R,field_out,False,False
778527,2025-03-30,2025,681460,L,445276,R,grounded_into_double_play,False,False
778517,2025-03-30,2025,670242,L,669467,R,walk,False,True
778517,2025-03-30,2025,621043,R,669467,R,field_out,False,False
778517,2025-03-30,2025,621439,R,669467,R,single,False,False
778517,2025-03-30,2025,663616,L,669467,R,field_out,False,False
778517,2025-03-30,2025,680777,R,669467,R,field_out,False,False
778517,2025-03-30,2025,663457,L,641927,R,walk,False,True
778517,2025-03-30,2025,575929,R,641927,R,field_out,False,False
778517,2025-03-30,2025,680977,L,641927,R,walk,False,True
778517,2025-03-30,2025,571448,R,641927,R,strikeout,True,False
778517,2025-03-30,2025,676475,L,641927,R,field_out,False,False
778517,2025-03-30,2025,664034,R,669467,R,field_out,False,False
778517,2025-03-30,2025,650489,L,669467,R,field_out,False,False
778517,2025-03-30,2025,669304,R,669467,R,field_out,False,False
778517,2025-03-30,2025,669357,L,641927,R,single,False,False
778517,2025-03-30,2025,686780,R,641927,R,double,False,False
778517,2025-03-30,2025,687363,L,641927,R,home_run,False,False
778517,2025-03-30,2025,691026,R,641927,R,strikeout,True,False
778517,2025-03-30,2025,663457,L,641927,R,field_out,False,False
778517,2025-03-30,2025,575929,R,641927,R,field_out,False,False
778517,2025-03-30,2025,664056,R,669467,R,field_out,False,False
778517,2025-03-30,2025,670242,L,669467,R,double,False,False
778517,2025-03-30,2025,621043,R,669467,R,walk,False,True
778517,2025-03-30,2025,621439,R,669467,R,strikeout,True,False
778517,2025-03-30,2025,663616,L,669467,R,field_out,False,False
778517,2025-03-30,2025,680977,L,641927,R,single,False,False
778517,2025-03-30,2025,571448,R,641927,R,double,False,False
778517,2025-03-30,2025,676475,L,641927,R,double,False,False
778517,2025-03-30,2025,669357,L,641927,R,single,False,False
778517,2025-03-30,2025,686780,R,641927,R,home_run,False,False
778517,2025-03-30,2025,687363,L,641927,R,field_out,False,False
778517,2025-03-30,2025,691026,R,641927,R,strikeout,True,False
778517,2025-03-30,2025,663457,L,641927,R,walk,False,True
778517,2025-03-30,2025,575929,R,677976,R,field_out,False,False
778517,2025-03-30,2025,680777,R,669467,R,field_out,False,False
778517,2025-03-30,2025,664034,R,669467,R,field_out,False,False
778517,2025-03-30,2025,650489,L,669467,R,home_run,False,False
778517,2025-03-30,2025,669304,R,669467,R,single,False,False
778517,2025-03-30,2025,664056,R,669467,R,field_out,False,False
778517,2025-03-30,2025,680977,L,677976,R,strikeout,True,False
778517,2025-03-30,2025,571448,R,677976,R,walk,False,True
778517,2025-03-30,2025,676475,L,677976,R,grounded_into_double_play,False,False
778517,2025-03-30,2025,670242,L,669467,R,strikeout,True,False
778517,2025-03-30,2025,621043,R,669467,R,field_out,False,False
778517,2025-03-30,2025,621439,R,669467,R,strikeout,True,False
778517,2025-03-30,2025,669357,L,677976,R,field_out,False,False
778517,2025-03-30,2025,686780,R,677976,R,single,False,False
778517,2025-03-30,2025,687363,L,677976,R,force_out,False,False
778517,2025-03-30,2025,691026,R,677976,R,walk,False,True
778517,2025-03-30,2025,663457,L,677976,R,field_out,False,False
778517,2025-03-30,2025,663616,L,571927,L,strikeout,True,False
778517,2025-03-30,2025,680777,R,571927,L,field_out,False,False
778517,2025-03-30,2025,664034,R,571927,L,field_out,False,False
778517,2025-03-30,2025,575929,R,677976,R,field_out,False,False
778517,2025-03-30,2025,680977,L,677976,R,field_out,False,False
778517,2025-03-30,2025,571448,R,677976,R,field_out,False,False
778517,2025-03-30,2025,650489,R,571927,L,double,False,False
778517,2025-03-30,2025,669304,R,571927,L,strikeout,True,False
778517,2025-03-30,2025,664056,R,571927,L,field_out,False,False
778517,2025-03-30,2025,670242,L,571927,L,field_out,False,False
778517,2025-03-30,2025,676475,L,677976,R,field_out,False,False
778517,2025-03-30,2025,669357,L,677976,R,home_run,False,False
778517,2025-03-30,2025,686780,R,677976,R,field_out,False,False
778517,2025-03-30,2025,687363,L,677976,R,field_out,False,False
778517,2025-03-30,2025,621043,R,571927,L,field_out,False,False
778517,2025-03-30,2025,621439,R,571927,L,field_out,False,False
778517,2025-03-30,2025,663616,L,571927,L,field_out,False,False
778517,2025-03-30,2025,691026,R,677976,R,field_out,False,False
778517,2025-03-30,2025,663457,L,677976,R,field_out,False,False
778517,2025-03-30,2025,575929,R,677976,R,field_out,False,False
778517,2025-03-30,2025,680777,R,571927,L,field_out,False,False
778517,2025-03-30,2025,664034,R,571927,L,field_out,False,False
778517,2025-03-30,2025,650489,R,571927,L,field_out,False,False
778516,2025-03-30,2025,680776,L,594798,R,field_out,False,False
778516,2025-03-30,2025,646240,L,594798,R,field_out,False,False
778516,2025-03-30,2025,608324,R,594798,R,field_out,False,False
778516,2025-03-30,2025,543760,R,690916,R,field_out,False,False
778516,2025-03-30,2025,694671,R,690916,R,single,False,False
778516,2025-03-30,2025,592626,L,690916,R,field_out,False,False
778516,2025-03-30,2025,666969,R,690916,R,field_out,False,False
778516,2025-03-30,2025,671213,L,594798,R,field_out,False,False
778516,2025-03-30,2025,692225,R,594798,R,double,False,False
778516,2025-03-30,2025,677800,L,594798,R,walk,False,True
778516,2025-03-30,2025,657136,R,594798,R,field_out,False,False
778516,2025-03-30,2025,666152,L,594798,R,field_out,False,False
778516,2025-03-30,2025,669394,R,690916,R,single,False,False
778516,2025-03-30,2025,543309,R,690916,R,single,False,False
778516,2025-03-30,2025,665750,L,690916,R,single,False,False
778516,2025-03-30,2025,680716,R,690916,R,strikeout,True,False
778516,2025-03-30,2025,677649,R,690916,R,sac_fly,False,False
778516,2025-03-30,2025,543760,R,690916,R,field_out,False,False
778516,2025-03-30,2025,678882,R,594798,R,single,False,False
778516,2025-03-30,2025,680776,L,594798,R,strikeout,True,False
778516,2025-03-30,2025,646240,L,594798,R,field_out,False,False
778516,2025-03-30,2025,608324,R,594798,R,strikeout,True,False
778516,2025-03-30,2025,694671,R,690916,R,field_out,False,False
778516,2025-03-30,2025,592626,L,690916,R,field_out,False,False
778516,2025-03-30,2025,666969,R,690916,R,field_out,False,False
778516,2025-03-30,2025,671213,L,594798,R,strikeout,True,False
778516,2025-03-30,2025,692225,R,594798,R,strikeout,True,False
778516,2025-03-30,2025,677800,L,594798,R,walk,False,True
778516,2025-03-30,2025,657136,R,594798,R,strikeout,True,False
778516,2025-03-30,2025,669394,R,690916,R,field_out,False,False
778516,2025-03-30,2025,543309,R,690916,R,field_out,False,False
778516,2025-03-30,2025,665750,L,690916,R,strikeout,True,False
778516,2025-03-30,2025,666152,L,594798,R,field_out,False,False
778516,2025-03-30,2025,678882,R,594798,R,field_out,False,False
778516,2025-03-30,2025,680776,L,594798,R,hit_by_pitch,False,False
778516,2025-03-30,2025,646240,L,594798,R,strikeout,True,False
778516,2025-03-30,2025,680716,R,690916,R,strikeout,True,False
778516,2025-03-30,2025,677649,R,690916,R,strikeout,True,False
778516,2025-03-30,2025,543760,R,690916,R,field_out,False,False
778516,2025-03-30,2025,608324,R,542888,R,field_out,False,False
778516,2025-03-30,2025,671213,L,542888,R,walk,False,True
778516,2025-03-30,2025,692225,R,542888,R,force_out,False,False
778516,2025-03-30,2025,677800,L,542888,R,double,False,False
778516,2025-03-30,2025,657136,R,542888,R,field_error,False,False
778516,2025-03-30,2025,666152,L,542888,R,strikeout,True,False
778516,2025-03-30,2025,694671,R,690916,R,home_run,False,False
778516,2025-03-30,2025,592626,L,690916,R,field_out,False,False
778516,2025-03-30,2025,666969,R,690916,R,home_run,False,False
778516,2025-03-30,2025,669394,R,690916,R,field_out,False,False
778516,2025-03-30,2025,543309,R,690916,R,field_out,False,False
778516,2025-03-30,2025,678882,R,676395,L,field_out,False,False
778516,2025-03-30,2025,680776,L,676395,L,field_out,False,False
778516,2025-03-30,2025,646240,L,676395,L,strikeout,True,False
778516,2025-03-30,2025,665750,R,458677,L,strikeout,True,False
778516,2025-03-30,2025,680716,R,458677,L,field_out,False,False
778516,2025-03-30,2025,677649,R,458677,L,field_out,False,False
778516,2025-03-30,2025,608324,R,455119,R,single,False,False
778516,2025-03-30,2025,671213,L,455119,R,field_out,False,False
778516,2025-03-30,2025,692225,R,455119,R,strikeout,True,False
778516,2025-03-30,2025,677800,L,455119,R,intent_walk,False,True
778516,2025-03-30,2025,657136,R,455119,R,strikeout,True,False
778516,2025-03-30,2025,543760,R,686580,R,field_out,False,False
778516,2025-03-30,2025,694671,R,686580,R,field_out,False,False
778516,2025-03-30,2025,592626,L,686580,R,field_out,False,False
778516,2025-03-30,2025,666152,L,592426,R,field_out,False,False
778516,2025-03-30,2025,678882,R,592426,R,field_out,False,False
778516,2025-03-30,2025,680776,L,592426,R,double,False,False
778516,2025-03-30,2025,646240,L,592426,R,walk,False,True
778516,2025-03-30,2025,608324,R,592426,R,strikeout,True,False
778515,2025-03-30,2025,664023,R,593958,L,strikeout,True,False
778515,2025-03-30,2025,673548,R,593958,L,single,False,False
778515,2025-03-30,2025,663656,L,593958,L,strikeout,True,False
778515,2025-03-30,2025,457759,R,593958,L,force_out,False,False
778515,2025-03-30,2025,606466,R,571510,L,strikeout,True,False
778515,2025-03-30,2025,672695,R,571510,L,single,False,False
778515,2025-03-30,2025,666971,R,571510,L,field_out,False,False
778515,2025-03-30,2025,545341,R,571510,L,strikeout,True,False
778515,2025-03-30,2025,621020,R,593958,L,home_run,False,False
778515,2025-03-30,2025,663538,R,593958,L,field_out,False,False
778515,2025-03-30,2025,691718,L,593958,L,field_out,False,False
778515,2025-03-30,2025,807713,R,593958,L,field_out,False,False
778515,2025-03-30,2025,647304,L,571510,L,single,False,False
778515,2025-03-30,2025,553993,R,571510,L,strikeout,True,False
778515,2025-03-30,2025,641658,R,571510,L,walk,False,True
778515,2025-03-30,2025,677950,L,571510,L,field_out,False,False
778515,2025-03-30,2025,645444,R,571510,L,field_out,False,False
778515,2025-03-30,2025,665804,R,593958,L,strikeout,True,False
778515,2025-03-30,2025,664023,R,593958,L,strikeout,True,False
778515,2025-03-30,2025,673548,R,593958,L,strikeout,True,False
778515,2025-03-30,2025,606466,R,571510,L,single,False,False
778515,2025-03-30,2025,672695,R,571510,L,field_out,False,False
778515,2025-03-30,2025,666971,R,571510,L,field_out,False,False
778515,2025-03-30,2025,545341,R,571510,L,strikeout,True,False
778515,2025-03-30,2025,663656,L,593958,L,walk,False,True
778515,2025-03-30,2025,457759,R,593958,L,walk,False,True
778515,2025-03-30,2025,621020,R,593958,L,grounded_into_double_play,False,False
778515,2025-03-30,2025,663538,R,593958,L,field_out,False,False
778515,2025-03-30,2025,647304,L,571510,L,walk,False,True
778515,2025-03-30,2025,553993,R,571510,L,field_out,False,False
778515,2025-03-30,2025,641658,R,571510,L,field_out,False,False
778515,2025-03-30,2025,677950,L,571510,L,single,False,False
778515,2025-03-30,2025,645444,R,571510,L,field_out,False,False
778515,2025-03-30,2025,691718,L,593958,L,field_out,False,False
778515,2025-03-30,2025,807713,R,593958,L,field_out,False,False
778515,2025-03-30,2025,665804,R,593958,L,field_out,False,False
778515,2025-03-30,2025,606466,R,571510,L,walk,False,True
778515,2025-03-30,2025,672695,R,571510,L,sac_bunt,False,False
778515,2025-03-30,2025,666971,R,571510,L,field_out,False,False
778515,2025-03-30,2025,545341,R,571510,L,strikeout,True,False
778515,2025-03-30,2025,664023,R,593958,L,walk,False,True
778515,2025-03-30,2025,673548,R,593958,L,home_run,False,False
778515,2025-03-30,2025,663656,L,593958,L,field_out,False,False
778515,2025-03-30,2025,457759,R,657044,R,field_out,False,False
778515,2025-03-30,2025,621020,R,657044,R,field_out,False,False
778515,2025-03-30,2025,647304,L,663878,R,walk,False,True
778515,2025-03-30,2025,553993,R,663878,R,field_out,False,False
778515,2025-03-30,2025,656976,L,663878,R,double,False,False
778515,2025-03-30,2025,677950,L,663878,R,sac_fly,False,False
778515,2025-03-30,2025,682998,L,663878,R,field_out,False,False
778515,2025-03-30,2025,663538,R,657044,R,field_out,False,False
778515,2025-03-30,2025,691718,L,657044,R,field_out,False,False
778515,2025-03-30,2025,807713,R,657044,R,strikeout,True,False
778515,2025-03-30,2025,606466,L,663878,R,walk,False,True
778515,2025-03-30,2025,672695,L,663878,R,field_out,False,False
778515,2025-03-30,2025,666971,R,663878,R,single,False,False
778515,2025-03-30,2025,672515,R,663878,R,single,False,False
778515,2025-03-30,2025,647304,L,573204,L,walk,False,True
778515,2025-03-30,2025,553993,R,573204,L,strikeout,True,False
778515,2025-03-30,2025,664983,L,573204,L,field_out,False,False
778515,2025-03-30,2025,665804,R,573009,L,single,False,False
778515,2025-03-30,2025,664023,R,573009,L,single,False,False
778515,2025-03-30,2025,673548,R,573009,L,force_out,False,False
778515,2025-03-30,2025,663656,L,573009,L,home_run,False,False
778515,2025-03-30,2025,683737,L,679885,R,strikeout,True,False
778515,2025-03-30,2025,621020,R,679885,R,single,False,False
778515,2025-03-30,2025,663538,R,679885,R,single,False,False
778515,2025-03-30,2025,691718,L,679885,R,strikeout,True,False
778515,2025-03-30,2025,677950,L,573204,L,walk,False,True
778515,2025-03-30,2025,682998,L,573204,L,walk,False,True
778515,2025-03-30,2025,606466,L,669212,R,field_out,False,False
778515,2025-03-30,2025,672695,L,669212,R,double,False,False
778515,2025-03-30,2025,666971,R,669212,R,home_run,False,False
778515,2025-03-30,2025,672515,R,669212,R,single,False,False
778515,2025-03-30,2025,647304,L,669212,R,double,False,False
778515,2025-03-30,2025,553993,R,669212,R,intent_walk,False,True
778515,2025-03-30,2025,669194,R,669212,R,single,False,False
778515,2025-03-30,2025,677950,L,669212,R,single,False,False
778515,2025-03-30,2025,682998,L,607067,R,double,False,False
778515,2025-03-30,2025,606466,L,607067,R,field_out,False,False
778515,2025-03-30,2025,807713,R,640462,L,double,False,False
778515,2025-03-30,2025,665804,R,640462,L,field_out,False,False
778515,2025-03-30,2025,664023,R,640462,L,strikeout,True,False
778515,2025-03-30,2025,673548,R,640462,L,walk,False,True
778515,2025-03-30,2025,663656,L,640462,L,strikeout,True,False
778513,2025-03-30,2025,671732,L,693433,R,field_out,False,False
778513,2025-03-30,2025,667670,R,693433,R,field_out,False,False
778513,2025-03-30,2025,668709,L,693433,R,field_error,False,False
778513,2025-03-30,2025,609280,R,693433,R,field_out,False,False
778513,2025-03-30,2025,645302,R,676664,L,single,False,False
778513,2025-03-30,2025,677594,R,676664,L,field_out,False,False
778513,2025-03-30,2025,663728,R,676664,L,field_out,False,False
778513,2025-03-30,2025,668227,R,676664,L,strikeout,True,False
778513,2025-03-30,2025,691016,L,693433,R,walk,False,True
778513,2025-03-30,2025,805779,R,693433,R,single,False,False
778513,2025-03-30,2025,570482,R,693433,R,sac_bunt,False,False
778513,2025-03-30,2025,640902,R,693433,R,strikeout,True,False
778513,2025-03-30,2025,680474,R,693433,R,field_out,False,False
778513,2025-03-30,2025,641598,R,676664,L,field_out,False,False
778513,2025-03-30,2025,456781,R,676664,L,field_out,False,False
778513,2025-03-30,2025,664238,R,676664,L,strikeout,True,False
778513,2025-03-30,2025,671732,L,693433,R,field_out,False,False
778513,2025-03-30,2025,667670,R,693433,R,strikeout,True,False
778513,2025-03-30,2025,668709,L,693433,R,double,False,False
778513,2025-03-30,2025,609280,R,693433,R,strikeout,True,False
778513,2025-03-30,2025,669208,R,676664,L,strikeout,True,False
778513,2025-03-30,2025,641487,L,676664,L,strikeout,True,False
778513,2025-03-30,2025,645302,R,676664,L,field_out,False,False
778513,2025-03-30,2025,691016,L,693433,R,home_run,False,False
778513,2025-03-30,2025,805779,R,693433,R,field_out,False,False
778513,2025-03-30,2025,570482,R,693433,R,field_out,False,False
778513,2025-03-30,2025,640902,R,693433,R,strikeout,True,False
778513,2025-03-30,2025,677594,R,676664,L,field_out,False,False
778513,2025-03-30,2025,663728,R,676664,L,single,False,False
778513,2025-03-30,2025,668227,R,676664,L,field_out,False,False
778513,2025-03-30,2025,641598,R,676664,L,strikeout,True,False
778513,2025-03-30,2025,680474,R,693433,R,strikeout,True,False
778513,2025-03-30,2025,671732,L,693433,R,field_out,False,False
778513,2025-03-30,2025,667670,R,693433,R,field_out,False,False
778513,2025-03-30,2025,456781,R,676664,L,strikeout,True,False
778513,2025-03-30,2025,664238,R,676664,L,strikeout,True,False
778513,2025-03-30,2025,669208,R,676664,L,field_out,False,False
778513,2025-03-30,2025,668709,L,693433,R,field_out,False,False
778513,2025-03-30,2025,609280,R,693433,R,walk,False,True
778513,2025-03-30,2025,691016,L,693433,R,grounded_into_double_play,False,False
778513,2025-03-30,2025,641487,L,676664,L,field_out,False,False
778513,2025-03-30,2025,645302,R,676664,L,single,False,False
778513,2025-03-30,2025,677594,R,676664,L,home_run,False,False
778513,2025-03-30,2025,663728,R,676664,L,field_out,False,False
778513,2025-03-30,2025,668227,R,676664,L,field_out,False,False
778513,2025-03-30,2025,805779,R,666619,R,field_out,False,False
778513,2025-03-30,2025,570482,R,666619,R,field_out,False,False
778513,2025-03-30,2025,640902,R,666619,R,field_out,False,False
778513,2025-03-30,2025,641598,R,676664,L,field_out,False,False
778513,2025-03-30,2025,456781,R,676664,L,field_out,False,False
778513,2025-03-30,2025,664238,R,676664,L,single,False,False
778513,2025-03-30,2025,669208,R,686993,R,caught_stealing_2b,False,False
778513,2025-03-30,2025,664913,L,663423,R,walk,False,True
778513,2025-03-30,2025,671732,L,663423,R,strikeout,True,False
778513,2025-03-30,2025,667670,R,663423,R,field_out,False,False
778513,2025-03-30,2025,668709,L,663423,R,field_out,False,False
778513,2025-03-30,2025,669208,R,686993,R,strikeout,True,False
778513,2025-03-30,2025,641487,L,686993,R,field_out,False,False
778513,2025-03-30,2025,645302,R,686993,R,strikeout,True,False
778513,2025-03-30,2025,609280,R,662253,R,strikeout,True,False
778513,2025-03-30,2025,691016,L,662253,R,single,False,False
778513,2025-03-30,2025,805779,R,662253,R,force_out,False,False
778513,2025-03-30,2025,570482,R,662253,R,strikeout,True,False
778514,2025-03-30,2025,595777,L,601713,R,field_out,False,False
778514,2025-03-30,2025,663586,R,601713,R,strikeout,True,False
778514,2025-03-30,2025,621566,L,601713,R,field_out,False,False
778514,2025-03-30,2025,665487,R,700363,R,double,False,False
778514,2025-03-30,2025,650333,L,700363,R,field_out,False,False
778514,2025-03-30,2025,592518,R,700363,R,double,False,False
778514,2025-03-30,2025,701538,L,700363,R,field_out,False,False
778514,2025-03-30,2025,630105,L,700363,R,strikeout,True,False
778514,2025-03-30,2025,542303,R,601713,R,field_out,False,False
778514,2025-03-30,2025,645277,L,601713,R,field_out,False,False
778514,2025-03-30,2025,671739,L,601713,R,strikeout,True,False
778514,2025-03-30,2025,593428,R,700363,R,strikeout,True,False
778514,2025-03-30,2025,657757,L,700363,R,single,False,False
778514,2025-03-30,2025,518792,L,700363,R,strikeout,True,False
778514,2025-03-30,2025,553869,R,700363,R,walk,False,True
778514,2025-03-30,2025,665487,R,700363,R,walk,False,True
778514,2025-03-30,2025,650333,L,700363,R,field_out,False,False
778514,2025-03-30,2025,606115,R,601713,R,single,False,False
778514,2025-03-30,2025,672284,L,601713,R,force_out,False,False
778514,2025-03-30,2025,644433,R,601713,R,grounded_into_double_play,False,False
778514,2025-03-30,2025,592518,R,700363,R,field_out,False,False
778514,2025-03-30,2025,701538,L,700363,R,field_out,False,False
778514,2025-03-30,2025,630105,L,700363,R,walk,False,True
778514,2025-03-30,2025,593428,R,700363,R,double,False,False
778514,2025-03-30,2025,657757,L,700363,R,single,False,False
778514,2025-03-31,2025,518792,L,700363,R,strikeout,True,False
778514,2025-03-31,2025,595777,L,601713,R,field_out,False,False
778514,2025-03-31,2025,663586,R,601713,R,field_out,False,False
778514,2025-03-31,2025,621566,L,601713,R,field_out,False,False
778514,2025-03-31,2025,553869,R,700363,R,single,False,False
778514,2025-03-31,2025,665487,R,700363,R,force_out,False,False
778514,2025-03-31,2025,650333,L,700363,R,field_out,False,False
778514,2025-03-31,2025,592518,R,700363,R,field_out,False,False
778514,2025-03-31,2025,542303,R,601713,R,strikeout,True,False
778514,2025-03-31,2025,645277,L,601713,R,field_out,False,False
778514,2025-03-31,2025,671739,L,601713,R,field_out,False,False
778514,2025-03-31,2025,701538,L,660761,L,field_out,False,False
778514,2025-03-31,2025,630105,L,660761,L,strikeout,True,False
778514,2025-03-31,2025,593428,R,660761,L,strikeout,True,False
778514,2025-03-31,2025,606115,R,601713,R,field_out,False,False
778514,2025-03-31,2025,672284,L,601713,R,field_out,False,False
778514,2025-03-31,2025,644433,R,601713,R,strikeout,True,False
778514,2025-03-31,2025,657757,L,660761,L,strikeout,True,False
778514,2025-03-31,2025,663604,R,660761,L,walk,False,True
778514,2025-03-31,2025,553869,R,660761,L,grounded_into_double_play,False,False
778514,2025-03-31,2025,595777,L,601713,R,field_out,False,False
778514,2025-03-31,2025,663586,R,601713,R,field_out,False,False
778514,2025-03-31,2025,621566,L,601713,R,field_out,False,False
778514,2025-03-31,2025,665487,R,660761,L,walk,False,True
778514,2025-03-31,2025,650333,L,660761,L,field_out,False,False
778514,2025-03-31,2025,592518,R,660761,L,field_out,False,False
778514,2025-03-31,2025,701538,L,660761,L,double,False,False
778514,2025-03-31,2025,630105,L,660761,L,strikeout,True,False
778514,2025-03-31,2025,542303,R,592094,R,walk,False,True
778514,2025-03-31,2025,645277,L,592094,R,strikeout,True,False
778514,2025-03-31,2025,671739,L,592094,R,double_play,False,False
778514,2025-03-31,2025,593428,R,593576,R,walk,False,True
778514,2025-03-31,2025,657757,L,593576,R,field_out,False,False
778514,2025-03-31,2025,663604,R,593576,R,double,False,False
778514,2025-03-31,2025,553869,R,593576,R,strikeout,True,False
778514,2025-03-31,2025,665487,R,593576,R,single,False,False
778514,2025-03-31,2025,606115,R,669093,R,strikeout,True,False
778514,2025-03-31,2025,672284,L,669093,R,strikeout,True,False
778514,2025-03-31,2025,650559,R,669093,R,strikeout,True,False
778532,2025-03-30,2025,664023,L,694297,R,field_out,False,False
778532,2025-03-30,2025,663656,L,694297,R,double,False,False
778532,2025-03-30,2025,673548,R,694297,R,strikeout,True,False
778532,2025-03-30,2025,683737,L,694297,R,walk,False,True
778532,2025-03-30,2025,621020,R,694297,R,field_out,False,False
778532,2025-03-30,2025,606466,R,684007,L,field_out,False,False
778532,2025-03-30,2025,682998,L,684007,L,field_out,False,False
778532,2025-03-30,2025,666971,R,684007,L,field_out,False,False
778532,2025-03-30,2025,691718,L,694297,R,strikeout,True,False
778532,2025-03-30,2025,665804,R,694297,R,field_out,False,False
778532,2025-03-30,2025,669398,L,694297,R,strikeout,True,False
778532,2025-03-30,2025,545341,R,684007,L,double,False,False
778532,2025-03-30,2025,647304,L,684007,L,field_out,False,False
778532,2025-03-30,2025,553993,R,684007,L,walk,False,True
778532,2025-03-30,2025,672515,R,684007,L,walk,False,True
778532,2025-03-30,2025,664983,L,684007,L,field_out,False,False
778532,2025-03-30,2025,672695,R,684007,L,field_out,False,False
778532,2025-03-30,2025,542932,R,694297,R,field_out,False,False
778532,2025-03-30,2025,664023,L,694297,R,field_out,False,False
778532,2025-03-30,2025,663656,L,694297,R,single,False,False
778532,2025-03-30,2025,673548,R,694297,R,strikeout,True,False
778532,2025-03-30,2025,606466,R,684007,L,field_out,False,False
778532,2025-03-30,2025,682998,L,684007,L,single,False,False
778532,2025-03-30,2025,666971,R,684007,L,field_out,False,False
778532,2025-03-30,2025,545341,R,684007,L,strikeout,True,False
778532,2025-03-30,2025,683737,L,694297,R,single,False,False
778532,2025-03-30,2025,621020,R,694297,R,force_out,False,False
778532,2025-03-30,2025,691718,L,694297,R,force_out,False,False
778532,2025-03-30,2025,665804,R,694297,R,double,False,False
778532,2025-03-30,2025,669398,L,694297,R,strikeout,True,False
778532,2025-03-30,2025,647304,L,684007,L,double,False,False
778532,2025-03-30,2025,553993,R,684007,L,field_out,False,False
778532,2025-03-30,2025,672515,R,684007,L,double_play,False,False
778532,2025-03-30,2025,542932,R,694297,R,single,False,False
778532,2025-03-30,2025,664023,L,694297,R,field_out,False,False
778532,2025-03-30,2025,663656,L,694297,R,home_run,False,False
778532,2025-03-30,2025,673548,R,694297,R,field_out,False,False
778532,2025-03-30,2025,683737,L,694297,R,field_out,False,False
778532,2025-03-30,2025,664983,L,684007,L,field_out,False,False
778532,2025-03-30,2025,672695,R,684007,L,field_out,False,False
778532,2025-03-30,2025,606466,R,684007,L,field_out,False,False
778532,2025-03-30,2025,621020,R,694297,R,field_out,False,False
778532,2025-03-30,2025,691718,L,694297,R,field_out,False,False
778532,2025-03-30,2025,665804,R,694297,R,field_out,False,False
778532,2025-03-30,2025,682998,L,684007,L,strikeout,True,False
778532,2025-03-30,2025,666971,R,684007,L,strikeout,True,False
778532,2025-03-30,2025,545341,R,684007,L,field_out,False,False
778532,2025-03-30,2025,807713,R,656222,L,home_run,False,False
778532,2025-03-30,2025,542932,R,656222,L,field_out,False,False
778532,2025-03-30,2025,664023,R,656222,L,strikeout,True,False
778532,2025-03-30,2025,663656,L,656222,L,field_out,False,False
778532,2025-03-30,2025,647304,L,684007,L,field_out,False,False
778532,2025-03-30,2025,553993,R,684007,L,field_error,False,False
778532,2025-03-30,2025,672515,R,684007,L,strikeout,True,False
778532,2025-03-30,2025,664983,L,684007,L,field_out,False,False
778532,2025-03-30,2025,673548,R,686826,R,strikeout,True,False
778532,2025-03-30,2025,683737,L,686826,R,single,False,False
778532,2025-03-30,2025,621020,R,686826,R,strikeout,True,False
778532,2025-03-30,2025,691718,L,686826,R,strikeout,True,False
778532,2025-03-30,2025,672695,L,687863,R,single,False,False
778532,2025-03-30,2025,606466,L,687863,R,single,False,False
778532,2025-03-30,2025,682998,L,687863,R,strikeout,True,False
778532,2025-03-30,2025,666971,R,687863,R,field_out,False,False
778532,2025-03-30,2025,656976,L,687863,R,strikeout,True,False
778532,2025-03-30,2025,665804,R,679885,R,field_out,False,False
778532,2025-03-30,2025,807713,R,679885,R,field_out,False,False
778532,2025-03-30,2025,542932,R,679885,R,field_error,False,False
778532,2025-03-30,2025,664023,L,679885,R,field_out,False,False
778532,2025-03-30,2025,647304,L,519151,R,single,False,False
778532,2025-03-30,2025,553993,R,519151,R,home_run,False,False
778532,2025-03-30,2025,672515,R,519151,R,single,False,False
778532,2025-03-30,2025,664983,L,519151,R,strikeout,True,False
778532,2025-03-30,2025,672695,L,519151,R,field_out,False,False
778532,2025-03-30,2025,606466,L,519151,R,walk,False,True
778532,2025-03-30,2025,682998,L,519151,R,single,False,False
778533,2025-03-30,2025,656716,L,808963,R,single,False,False
778533,2025-03-30,2025,682985,L,808963,R,strikeout,True,False
778533,2025-03-30,2025,679529,R,808963,R,single,False,False
778533,2025-03-30,2025,681481,L,808963,R,field_out,False,False
778533,2025-03-30,2025,690993,L,808963,R,walk,False,True
778533,2025-03-30,2025,622534,R,808963,R,single,False,False
778533,2025-03-30,2025,700242,L,808963,R,walk,False,True
778533,2025-03-30,2025,668670,R,808963,R,force_out,False,False
778533,2025-03-30,2025,660271,L,681857,R,strikeout,True,False
778533,2025-03-30,2025,606192,R,681857,R,field_out,False,False
778533,2025-03-30,2025,518692,L,681857,R,home_run,False,False
778533,2025-03-30,2025,669257,R,681857,R,strikeout,True,False
778533,2025-03-30,2025,668952,R,808963,R,walk,False,True
778533,2025-03-30,2025,656716,L,808963,R,strikeout,True,False
778533,2025-03-30,2025,682985,L,808963,R,field_out,False,False
778533,2025-03-30,2025,679529,R,808963,R,walk,False,True
778533,2025-03-30,2025,681481,L,676263,L,strikeout,True,False
778533,2025-03-30,2025,571970,L,681857,R,strikeout,True,False
778533,2025-03-30,2025,681624,R,681857,R,single,False,False
778533,2025-03-30,2025,624424,L,681857,R,double,False,False
778533,2025-03-30,2025,669242,L,681857,R,field_out,False,False
778533,2025-03-30,2025,500743,R,681857,R,field_out,False,False
778533,2025-03-30,2025,690993,L,676263,L,field_out,False,False
778533,2025-03-30,2025,622534,R,676263,L,field_out,False,False
778533,2025-03-30,2025,700242,L,676263,L,field_out,False,False
778533,2025-03-30,2025,660271,L,681857,R,field_out,False,False
778533,2025-03-30,2025,606192,R,681857,R,field_out,False,False
778533,2025-03-30,2025,518692,L,681857,R,field_out,False,False
778533,2025-03-30,2025,668670,R,676508,R,strikeout,True,False
778533,2025-03-30,2025,668952,R,676508,R,field_out,False,False
778533,2025-03-30,2025,656716,L,676508,R,field_out,False,False
778533,2025-03-30,2025,669257,R,681857,R,strikeout,True,False
778533,2025-03-30,2025,571970,L,681857,R,field_out,False,False
778533,2025-03-30,2025,681624,R,681857,R,strikeout,True,False
778533,2025-03-30,2025,682985,L,607455,L,strikeout,True,False
778533,2025-03-30,2025,679529,R,607455,L,strikeout,True,False
778533,2025-03-30,2025,681481,L,607455,L,field_out,False,False
778533,2025-03-30,2025,624424,L,681857,R,walk,False,True
778533,2025-03-30,2025,669242,L,681857,R,field_out,False,False
778533,2025-03-30,2025,500743,R,681857,R,field_out,False,False
778533,2025-03-30,2025,660271,L,681857,R,intent_walk,False,True
778533,2025-03-30,2025,606192,R,681857,R,double,False,False
778533,2025-03-30,2025,518692,L,676428,L,field_out,False,False
778533,2025-03-30,2025,690993,L,472610,R,strikeout,True,False
778533,2025-03-30,2025,622534,R,472610,R,field_out,False,False
778533,2025-03-30,2025,700242,L,472610,R,field_out,False,False
778533,2025-03-30,2025,669257,R,676428,L,home_run,False,False
778533,2025-03-30,2025,571970,L,676428,L,field_out,False,False
778533,2025-03-30,2025,681624,R,676428,L,strikeout,True,False
778533,2025-03-30,2025,624424,L,676428,L,field_out,False,False
778533,2025-03-30,2025,668670,R,472610,R,triple,False,False
778533,2025-03-30,2025,668952,R,472610,R,strikeout,True,False
778533,2025-03-30,2025,656716,L,472610,R,single,False,False
778533,2025-03-30,2025,682985,L,472610,R,grounded_into_double_play,False,False
778533,2025-03-30,2025,669242,L,628317,R,home_run,False,False
778533,2025-03-30,2025,500743,R,628317,R,field_out,False,False
778533,2025-03-30,2025,660271,L,628317,R,walk,False,True
778533,2025-03-30,2025,606192,R,628317,R,strikeout,True,False
778533,2025-03-30,2025,518692,L,628317,R,double,False,False
778533,2025-03-30,2025,669257,R,628317,R,field_out,False,False
778533,2025-03-30,2025,679529,R,489446,R,strikeout,True,False
778533,2025-03-30,2025,681481,L,489446,R,strikeout,True,False
778533,2025-03-30,2025,690993,L,489446,R,strikeout,True,False
778533,2025-03-30,2025,571970,L,628317,R,field_out,False,False
778533,2025-03-30,2025,681624,R,628317,R,strikeout,True,False
778533,2025-03-30,2025,624424,L,628317,R,strikeout,True,False
778533,2025-03-30,2025,622534,R,595014,R,single,False,False
778533,2025-03-30,2025,700242,L,595014,R,field_out,False,False
778533,2025-03-30,2025,668670,R,595014,R,strikeout,True,False
778533,2025-03-30,2025,693307,R,595014,R,strikeout,True,False
778525,2025-03-30,2025,681297,L,605135,R,strikeout,True,False
778525,2025-03-30,2025,668939,L,605135,R,field_out,False,False
778525,2025-03-30,2025,656811,L,605135,R,single,False,False
778525,2025-03-30,2025,641933,R,605135,R,single,False,False
778525,2025-03-30,2025,656775,L,605135,R,field_out,False,False
778525,2025-03-30,2025,666182,R,608372,R,walk,False,True
778525,2025-03-30,2025,665489,R,608372,R,field_out,False,False
778525,2025-03-30,2025,623993,L,608372,R,field_out,False,False
778525,2025-03-30,2025,665926,L,608372,R,double,False,False
778525,2025-03-30,2025,543807,R,608372,R,single,False,False
778525,2025-03-30,2025,695238,L,608372,R,strikeout,True,False
778525,2025-03-30,2025,663624,R,605135,R,field_out,False,False
778525,2025-03-30,2025,702616,L,605135,R,single,False,False
778525,2025-03-30,2025,602104,R,605135,R,field_out,False,False
778525,2025-03-30,2025,622761,R,605135,R,strikeout,True,False
778525,2025-03-30,2025,702176,L,608372,R,field_out,False,False
778525,2025-03-30,2025,623168,L,608372,R,field_out,False,False
778525,2025-03-30,2025,664702,R,608372,R,field_out,False,False
778525,2025-03-30,2025,681297,L,605135,R,single,False,False
778525,2025-03-30,2025,668939,L,605135,R,strikeout,True,False
778525,2025-03-30,2025,656811,L,605135,R,double,False,False
778525,2025-03-30,2025,641933,R,605135,R,strikeout,True,False
778525,2025-03-30,2025,656775,L,605135,R,field_out,False,False
778525,2025-03-30,2025,666182,R,608372,R,field_out,False,False
778525,2025-03-30,2025,665489,R,608372,R,single,False,False
778525,2025-03-30,2025,623993,L,608372,R,walk,False,True
778525,2025-03-30,2025,665926,L,608372,R,field_out,False,False
778525,2025-03-30,2025,543807,R,608372,R,field_out,False,False
778525,2025-03-30,2025,663624,R,605135,R,single,False,False
778525,2025-03-30,2025,702616,L,605135,R,strikeout,True,False
778525,2025-03-30,2025,602104,R,605135,R,single,False,False
778525,2025-03-30,2025,622761,R,605135,R,grounded_into_double_play,False,False
778525,2025-03-30,2025,695238,L,608372,R,field_out,False,False
778525,2025-03-30,2025,702176,L,608372,R,single,False,False
778525,2025-03-30,2025,623168,L,608372,R,field_out,False,False
778525,2025-03-30,2025,664702,R,608372,R,field_out,False,False
778525,2025-03-30,2025,681297,L,605135,R,field_out,False,False
778525,2025-03-30,2025,668939,L,605135,R,single,False,False
778525,2025-03-30,2025,656811,L,605135,R,walk,False,True
778525,2025-03-30,2025,641933,R,605135,R,field_out,False,False
778525,2025-03-30,2025,656775,L,605135,R,strikeout,True,False
778525,2025-03-30,2025,666182,R,621199,R,field_out,False,False
778525,2025-03-30,2025,665489,R,621199,R,field_out,False,False
778525,2025-03-30,2025,623993,L,621199,R,strikeout,True,False
778525,2025-03-30,2025,663624,R,605135,R,field_out,False,False
778525,2025-03-30,2025,702616,L,605135,R,strikeout,True,False
778525,2025-03-30,2025,602104,R,605135,R,walk,False,True
778525,2025-03-30,2025,622761,R,605135,R,field_out,False,False
778525,2025-03-30,2025,665926,L,621199,R,field_out,False,False
778525,2025-03-30,2025,543807,R,621199,R,field_out,False,False
778525,2025-03-30,2025,695238,L,621199,R,field_error,False,False
778525,2025-03-30,2025,702176,L,672335,L,field_out,False,False
778525,2025-03-30,2025,681297,L,663893,L,field_out,False,False
778525,2025-03-30,2025,668939,R,663893,L,field_out,False,False
778525,2025-03-30,2025,657656,R,663893,L,field_out,False,False
778525,2025-03-30,2025,623168,R,672335,L,home_run,False,False
778525,2025-03-30,2025,664702,R,672335,L,field_out,False,False
778525,2025-03-30,2025,666182,R,672335,L,single,False,False
778525,2025-03-30,2025,665489,R,641329,R,strikeout,True,False
778525,2025-03-30,2025,623993,L,641329,R,strikeout,True,False
778525,2025-03-30,2025,641933,R,684320,R,field_out,False,False
778525,2025-03-30,2025,656775,L,684320,R,single,False,False
778525,2025-03-30,2025,663624,R,684320,R,strikeout,True,False
778525,2025-03-30,2025,702616,L,684320,R,strikeout,True,False
778525,2025-03-30,2025,665926,L,641329,R,field_out,False,False
778525,2025-03-30,2025,543807,R,641329,R,double,False,False
778525,2025-03-30,2025,695238,L,641329,R,strikeout,True,False
778525,2025-03-30,2025,702176,L,641329,R,strikeout,True,False
778525,2025-03-30,2025,602104,R,656546,R,field_out,False,False
778525,2025-03-30,2025,677008,L,656546,R,strikeout,True,False
778525,2025-03-30,2025,596142,R,656546,R,strikeout,True,False
778526,2025-03-30,2025,656941,L,680730,L,single,False,False
778526,2025-03-30,2025,664761,R,680730,L,field_out,False,False
778526,2025-03-30,2025,547180,L,680730,L,strikeout,True,False
778526,2025-03-30,2025,592206,R,680730,L,single,False,False
778526,2025-03-30,2025,681082,L,680730,L,strikeout,True,False
778526,2025-03-30,2025,682928,L,605400,R,field_out,False,False
778526,2025-03-30,2025,695578,L,605400,R,field_out,False,False
778526,2025-03-30,2025,671277,L,605400,R,strikeout,True,False
778526,2025-03-30,2025,624641,R,680730,L,strikeout,True,False
778526,2025-03-30,2025,669016,L,680730,L,walk,False,True
778526,2025-03-30,2025,679032,R,680730,L,single,False,False
778526,2025-03-30,2025,665561,R,680730,L,grounded_into_double_play,False,False
778526,2025-03-30,2025,660688,L,605400,R,field_out,False,False
778526,2025-03-30,2025,663993,L,605400,R,strikeout,True,False
778526,2025-03-30,2025,605137,L,605400,R,strikeout,True,False
778526,2025-03-30,2025,656941,L,680730,L,field_out,False,False
778526,2025-03-30,2025,664761,R,680730,L,field_out,False,False
778526,2025-03-30,2025,547180,L,680730,L,single,False,False
778526,2025-03-30,2025,592206,R,680730,L,walk,False,True
778526,2025-03-30,2025,681082,L,680730,L,field_out,False,False
778526,2025-03-30,2025,657557,R,605400,R,single,False,False
778526,2025-03-30,2025,686611,R,605400,R,strikeout,True,False
778526,2025-03-30,2025,696285,R,605400,R,sac_bunt,False,False
778526,2025-03-30,2025,682928,L,605400,R,strikeout,True,False
778526,2025-03-30,2025,624641,R,680730,L,single,False,False
778526,2025-03-30,2025,669016,L,680730,L,strikeout,True,False
778526,2025-03-30,2025,679032,R,680730,L,field_out,False,False
778526,2025-03-30,2025,665561,R,680730,L,field_out,False,False
778526,2025-03-30,2025,695578,L,605400,R,strikeout,True,False
778526,2025-03-30,2025,671277,L,605400,R,field_out,False,False
778526,2025-03-30,2025,660688,L,605400,R,hit_by_pitch,False,False
778526,2025-03-30,2025,663993,L,605400,R,single,False,False
778526,2025-03-30,2025,605137,L,605400,R,home_run,False,False
778526,2025-03-30,2025,657557,R,605400,R,double,False,False
778526,2025-03-30,2025,686611,R,605400,R,strikeout,True,False
778526,2025-03-30,2025,656941,L,680730,L,field_out,False,False
778526,2025-03-30,2025,664761,R,680730,L,field_out,False,False
778526,2025-03-30,2025,547180,L,680730,L,field_out,False,False
778526,2025-03-30,2025,696285,R,605400,R,field_out,False,False
778526,2025-03-30,2025,682928,L,605400,R,field_out,False,False
778526,2025-03-30,2025,695578,L,605400,R,strikeout,True,False
778526,2025-03-30,2025,592206,R,680730,L,field_out,False,False
778526,2025-03-30,2025,681082,L,680730,L,field_out,False,False
778526,2025-03-30,2025,624641,R,680730,L,strikeout,True,False
778526,2025-03-30,2025,671277,L,605400,R,field_out,False,False
778526,2025-03-30,2025,660688,L,605400,R,single,False,False
778526,2025-03-30,2025,663993,L,605400,R,home_run,False,False
778526,2025-03-30,2025,605137,L,614179,R,strikeout,True,False
778526,2025-03-30,2025,657557,R,614179,R,double,False,False
778526,2025-03-30,2025,686611,R,614179,R,strikeout,True,False
778526,2025-03-30,2025,669016,L,680730,L,single,False,False
778526,2025-03-30,2025,679032,R,680730,L,field_out,False,False
778526,2025-03-30,2025,665561,R,680730,L,single,False,False
778526,2025-03-30,2025,656941,L,678606,L,hit_by_pitch,False,False
778526,2025-03-30,2025,664761,R,678606,L,grounded_into_double_play,False,False
778526,2025-03-30,2025,696285,R,621381,L,double,False,False
778526,2025-03-30,2025,682928,L,621381,L,field_out,False,False
778526,2025-03-30,2025,695578,L,621381,L,strikeout,True,False
778526,2025-03-30,2025,671277,L,621381,L,field_out,False,False
778526,2025-03-30,2025,547180,L,605347,R,field_out,False,False
778526,2025-03-30,2025,592206,R,605347,R,field_out,False,False
778526,2025-03-30,2025,681082,L,605347,R,field_out,False,False
778526,2025-03-30,2025,660688,R,621383,L,field_out,False,False
778526,2025-03-30,2025,663993,L,621383,L,double,False,False
778526,2025-03-30,2025,605137,R,621383,L,double_play,False,False
778526,2025-03-30,2025,624641,R,695418,R,single,False,False
778526,2025-03-30,2025,669016,L,695418,R,walk,False,True
778526,2025-03-30,2025,665019,L,695418,R,walk,False,True
778526,2025-03-30,2025,665561,L,640448,R,force_out,False,False
778526,2025-03-30,2025,656941,L,640448,R,strikeout,True,False
778526,2025-03-30,2025,664761,R,640448,R,field_out,False,False
778514,2025-03-30,2025,595777,L,601713,R,field_out,False,False
778514,2025-03-30,2025,663586,R,601713,R,strikeout,True,False
778514,2025-03-30,2025,621566,L,601713,R,field_out,False,False
778514,2025-03-30,2025,665487,R,700363,R,double,False,False
778514,2025-03-30,2025,650333,L,700363,R,field_out,False,False
778514,2025-03-30,2025,592518,R,700363,R,double,False,False
778514,2025-03-30,2025,701538,L,700363,R,field_out,False,False
778514,2025-03-30,2025,630105,L,700363,R,strikeout,True,False
778514,2025-03-30,2025,542303,R,601713,R,field_out,False,False
778514,2025-03-30,2025,645277,L,601713,R,field_out,False,False
778514,2025-03-30,2025,671739,L,601713,R,strikeout,True,False
778514,2025-03-30,2025,593428,R,700363,R,strikeout,True,False
778514,2025-03-30,2025,657757,L,700363,R,single,False,False
778514,2025-03-30,2025,518792,L,700363,R,strikeout,True,False
778514,2025-03-30,2025,553869,R,700363,R,walk,False,True
778514,2025-03-30,2025,665487,R,700363,R,walk,False,True
778514,2025-03-30,2025,650333,L,700363,R,field_out,False,False
778514,2025-03-30,2025,606115,R,601713,R,single,False,False
778514,2025-03-30,2025,672284,L,601713,R,force_out,False,False
778514,2025-03-30,2025,644433,R,601713,R,grounded_into_double_play,False,False
778514,2025-03-30,2025,592518,R,700363,R,field_out,False,False
778514,2025-03-30,2025,701538,L,700363,R,field_out,False,False
778514,2025-03-30,2025,630105,L,700363,R,walk,False,True
778514,2025-03-30,2025,593428,R,700363,R,double,False,False
778514,2025-03-30,2025,657757,L,700363,R,single,False,False
778514,2025-03-31,2025,518792,L,700363,R,strikeout,True,False
778514,2025-03-31,2025,595777,L,601713,R,field_out,False,False
778514,2025-03-31,2025,663586,R,601713,R,field_out,False,False
778514,2025-03-31,2025,621566,L,601713,R,field_out,False,False
778514,2025-03-31,2025,553869,R,700363,R,single,False,False
778514,2025-03-31,2025,665487,R,700363,R,force_out,False,False
778514,2025-03-31,2025,650333,L,700363,R,field_out,False,False
778514,2025-03-31,2025,592518,R,700363,R,field_out,False,False
778514,2025-03-31,2025,542303,R,601713,R,strikeout,True,False
778514,2025-03-31,2025,645277,L,601713,R,field_out,False,False
778514,2025-03-31,2025,671739,L,601713,R,field_out,False,False
778514,2025-03-31,2025,701538,L,660761,L,field_out,False,False
778514,2025-03-31,2025,630105,L,660761,L,strikeout,True,False
778514,2025-03-31,2025,593428,R,660761,L,strikeout,True,False
778514,2025-03-31,2025,606115,R,601713,R,field_out,False,False
778514,2025-03-31,2025,672284,L,601713,R,field_out,False,False
778514,2025-03-31,2025,644433,R,601713,R,strikeout,True,False
778514,2025-03-31,2025,657757,L,660761,L,strikeout,True,False
778514,2025-03-31,2025,663604,R,660761,L,walk,False,True
778514,2025-03-31,2025,553869,R,660761,L,grounded_into_double_play,False,False
778514,2025-03-31,2025,595777,L,601713,R,field_out,False,False
778514,2025-03-31,2025,663586,R,601713,R,field_out,False,False
778514,2025-03-31,2025,621566,L,601713,R,field_out,False,False
778514,2025-03-31,2025,665487,R,660761,L,walk,False,True
778514,2025-03-31,2025,650333,L,660761,L,field_out,False,False
778514,2025-03-31,2025,592518,R,660761,L,field_out,False,False
778514,2025-03-31,2025,701538,L,660761,L,double,False,False
778514,2025-03-31,2025,630105,L,660761,L,strikeout,True,False
778514,2025-03-31,2025,542303,R,592094,R,walk,False,True
778514,2025-03-31,2025,645277,L,592094,R,strikeout,True,False
778514,2025-03-31,2025,671739,L,592094,R,double_play,False,False
778514,2025-03-31,2025,593428,R,593576,R,walk,False,True
778514,2025-03-31,2025,657757,L,593576,R,field_out,False,False
778514,2025-03-31,2025,663604,R,593576,R,double,False,False
778514,2025-03-31,2025,553869,R,593576,R,strikeout,True,False
778514,2025-03-31,2025,665487,R,593576,R,single,False,False
778514,2025-03-31,2025,606115,R,669093,R,strikeout,True,False
778514,2025-03-31,2025,672284,L,669093,R,strikeout,True,False
778514,2025-03-31,2025,650559,R,669093,R,strikeout,True,False
778513,2025-03-30,2025,671732,L,693433,R,field_out,False,False
778513,2025-03-30,2025,667670,R,693433,R,field_out,False,False
778513,2025-03-30,2025,668709,L,693433,R,field_error,False,False
778513,2025-03-30,2025,609280,R,693433,R,field_out,False,False
778513,2025-03-30,2025,645302,R,676664,L,single,False,False
778513,2025-03-30,2025,677594,R,676664,L,field_out,False,False
778513,2025-03-30,2025,663728,R,676664,L,field_out,False,False
778513,2025-03-30,2025,668227,R,676664,L,strikeout,True,False
778513,2025-03-30,2025,691016,L,693433,R,walk,False,True
778513,2025-03-30,2025,805779,R,693433,R,single,False,False
778513,2025-03-30,2025,570482,R,693433,R,sac_bunt,False,False
778513,2025-03-30,2025,640902,R,693433,R,strikeout,True,False
778513,2025-03-30,2025,680474,R,693433,R,field_out,False,False
778513,2025-03-30,2025,641598,R,676664,L,field_out,False,False
778513,2025-03-30,2025,456781,R,676664,L,field_out,False,False
778513,2025-03-30,2025,664238,R,676664,L,strikeout,True,False
778513,2025-03-30,2025,671732,L,693433,R,field_out,False,False
778513,2025-03-30,2025,667670,R,693433,R,strikeout,True,False
778513,2025-03-30,2025,668709,L,693433,R,double,False,False
778513,2025-03-30,2025,609280,R,693433,R,strikeout,True,False
778513,2025-03-30,2025,669208,R,676664,L,strikeout,True,False
778513,2025-03-30,2025,641487,L,676664,L,strikeout,True,False
778513,2025-03-30,2025,645302,R,676664,L,field_out,False,False
778513,2025-03-30,2025,691016,L,693433,R,home_run,False,False
778513,2025-03-30,2025,805779,R,693433,R,field_out,False,False
778513,2025-03-30,2025,570482,R,693433,R,field_out,False,False
778513,2025-03-30,2025,640902,R,693433,R,strikeout,True,False
778513,2025-03-30,2025,677594,R,676664,L,field_out,False,False
778513,2025-03-30,2025,663728,R,676664,L,single,False,False
778513,2025-03-30,2025,668227,R,676664,L,field_out,False,False
778513,2025-03-30,2025,641598,R,676664,L,strikeout,True,False
778513,2025-03-30,2025,680474,R,693433,R,strikeout,True,False
778513,2025-03-30,2025,671732,L,693433,R,field_out,False,False
778513,2025-03-30,2025,667670,R,693433,R,field_out,False,False
778513,2025-03-30,2025,456781,R,676664,L,strikeout,True,False
778513,2025-03-30,2025,664238,R,676664,L,strikeout,True,False
778513,2025-03-30,2025,669208,R,676664,L,field_out,False,False
778513,2025-03-30,2025,668709,L,693433,R,field_out,False,False
778513,2025-03-30,2025,609280,R,693433,R,walk,False,True
778513,2025-03-30,2025,691016,L,693433,R,grounded_into_double_play,False,False
778513,2025-03-30,2025,641487,L,676664,L,field_out,False,False
778513,2025-03-30,2025,645302,R,676664,L,single,False,False
778513,2025-03-30,2025,677594,R,676664,L,home_run,False,False
778513,2025-03-30,2025,663728,R,676664,L,field_out,False,False
778513,2025-03-30,2025,668227,R,676664,L,field_out,False,False
778513,2025-03-30,2025,805779,R,666619,R,field_out,False,False
778513,2025-03-30,2025,570482,R,666619,R,field_out,False,False
778513,2025-03-30,2025,640902,R,666619,R,field_out,False,False
778513,2025-03-30,2025,641598,R,676664,L,field_out,False,False
778513,2025-03-30,2025,456781,R,676664,L,field_out,False,False
778513,2025-03-30,2025,664238,R,676664,L,single,False,False
778513,2025-03-30,2025,669208,R,686993,R,caught_stealing_2b,False,False
778513,2025-03-30,2025,664913,L,663423,R,walk,False,True
778513,2025-03-30,2025,671732,L,663423,R,strikeout,True,False
778513,2025-03-30,2025,667670,R,663423,R,field_out,False,False
778513,2025-03-30,2025,668709,L,663423,R,field_out,False,False
778513,2025-03-30,2025,669208,R,686993,R,strikeout,True,False
778513,2025-03-30,2025,641487,L,686993,R,field_out,False,False
778513,2025-03-30,2025,645302,R,686993,R,strikeout,True,False
778513,2025-03-30,2025,609280,R,662253,R,strikeout,True,False
778513,2025-03-30,2025,691016,L,662253,R,single,False,False
778513,2025-03-30,2025,805779,R,662253,R,force_out,False,False
778513,2025-03-30,2025,570482,R,662253,R,strikeout,True,False
778515,2025-03-30,2025,664023,R,593958,L,strikeout,True,False
778515,2025-03-30,2025,673548,R,593958,L,single,False,False
778515,2025-03-30,2025,663656,L,593958,L,strikeout,True,False
778515,2025-03-30,2025,457759,R,593958,L,force_out,False,False
778515,2025-03-30,2025,606466,R,571510,L,strikeout,True,False
778515,2025-03-30,2025,672695,R,571510,L,single,False,False
778515,2025-03-30,2025,666971,R,571510,L,field_out,False,False
778515,2025-03-30,2025,545341,R,571510,L,strikeout,True,False
778515,2025-03-30,2025,621020,R,593958,L,home_run,False,False
778515,2025-03-30,2025,663538,R,593958,L,field_out,False,False
778515,2025-03-30,2025,691718,L,593958,L,field_out,False,False
778515,2025-03-30,2025,807713,R,593958,L,field_out,False,False
778515,2025-03-30,2025,647304,L,571510,L,single,False,False
778515,2025-03-30,2025,553993,R,571510,L,strikeout,True,False
778515,2025-03-30,2025,641658,R,571510,L,walk,False,True
778515,2025-03-30,2025,677950,L,571510,L,field_out,False,False
778515,2025-03-30,2025,645444,R,571510,L,field_out,False,False
778515,2025-03-30,2025,665804,R,593958,L,strikeout,True,False
778515,2025-03-30,2025,664023,R,593958,L,strikeout,True,False
778515,2025-03-30,2025,673548,R,593958,L,strikeout,True,False
778515,2025-03-30,2025,606466,R,571510,L,single,False,False
778515,2025-03-30,2025,672695,R,571510,L,field_out,False,False
778515,2025-03-30,2025,666971,R,571510,L,field_out,False,False
778515,2025-03-30,2025,545341,R,571510,L,strikeout,True,False
778515,2025-03-30,2025,663656,L,593958,L,walk,False,True
778515,2025-03-30,2025,457759,R,593958,L,walk,False,True
778515,2025-03-30,2025,621020,R,593958,L,grounded_into_double_play,False,False
778515,2025-03-30,2025,663538,R,593958,L,field_out,False,False
778515,2025-03-30,2025,647304,L,571510,L,walk,False,True
778515,2025-03-30,2025,553993,R,571510,L,field_out,False,False
778515,2025-03-30,2025,641658,R,571510,L,field_out,False,False
778515,2025-03-30,2025,677950,L,571510,L,single,False,False
778515,2025-03-30,2025,645444,R,571510,L,field_out,False,False
778515,2025-03-30,2025,691718,L,593958,L,field_out,False,False
778515,2025-03-30,2025,807713,R,593958,L,field_out,False,False
778515,2025-03-30,2025,665804,R,593958,L,field_out,False,False
778515,2025-03-30,2025,606466,R,571510,L,walk,False,True
778515,2025-03-30,2025,672695,R,571510,L,sac_bunt,False,False
778515,2025-03-30,2025,666971,R,571510,L,field_out,False,False
778515,2025-03-30,2025,545341,R,571510,L,strikeout,True,False
778515,2025-03-30,2025,664023,R,593958,L,walk,False,True
778515,2025-03-30,2025,673548,R,593958,L,home_run,False,False
778515,2025-03-30,2025,663656,L,593958,L,field_out,False,False
778515,2025-03-30,2025,457759,R,657044,R,field_out,False,False
778515,2025-03-30,2025,621020,R,657044,R,field_out,False,False
778515,2025-03-30,2025,647304,L,663878,R,walk,False,True
778515,2025-03-30,2025,553993,R,663878,R,field_out,False,False
778515,2025-03-30,2025,656976,L,663878,R,double,False,False
778515,2025-03-30,2025,677950,L,663878,R,sac_fly,False,False
778515,2025-03-30,2025,682998,L,663878,R,field_out,False,False
778515,2025-03-30,2025,663538,R,657044,R,field_out,False,False
778515,2025-03-30,2025,691718,L,657044,R,field_out,False,False
778515,2025-03-30,2025,807713,R,657044,R,strikeout,True,False
778515,2025-03-30,2025,606466,L,663878,R,walk,False,True
778515,2025-03-30,2025,672695,L,663878,R,field_out,False,False
778515,2025-03-30,2025,666971,R,663878,R,single,False,False
778515,2025-03-30,2025,672515,R,663878,R,single,False,False
778515,2025-03-30,2025,647304,L,573204,L,walk,False,True
778515,2025-03-30,2025,553993,R,573204,L,strikeout,True,False
778515,2025-03-30,2025,664983,L,573204,L,field_out,False,False
778515,2025-03-30,2025,665804,R,573009,L,single,False,False
778515,2025-03-30,2025,664023,R,573009,L,single,False,False
778515,2025-03-30,2025,673548,R,573009,L,force_out,False,False
778515,2025-03-30,2025,663656,L,573009,L,home_run,False,False
778515,2025-03-30,2025,683737,L,679885,R,strikeout,True,False
778515,2025-03-30,2025,621020,R,679885,R,single,False,False
778515,2025-03-30,2025,663538,R,679885,R,single,False,False
778515,2025-03-30,2025,691718,L,679885,R,strikeout,True,False
778515,2025-03-30,2025,677950,L,573204,L,walk,False,True
778515,2025-03-30,2025,682998,L,573204,L,walk,False,True
778515,2025-03-30,2025,606466,L,669212,R,field_out,False,False
778515,2025-03-30,2025,672695,L,669212,R,double,False,False
778515,2025-03-30,2025,666971,R,669212,R,home_run,False,False
778515,2025-03-30,2025,672515,R,669212,R,single,False,False
778515,2025-03-30,2025,647304,L,669212,R,double,False,False
778515,2025-03-30,2025,553993,R,669212,R,intent_walk,False,True
778515,2025-03-30,2025,669194,R,669212,R,single,False,False
778515,2025-03-30,2025,677950,L,669212,R,single,False,False
778515,2025-03-30,2025,682998,L,607067,R,double,False,False
778515,2025-03-30,2025,606466,L,607067,R,field_out,False,False
778515,2025-03-30,2025,807713,R,640462,L,double,False,False
778515,2025-03-30,2025,665804,R,640462,L,field_out,False,False
778515,2025-03-30,2025,664023,R,640462,L,strikeout,True,False
778515,2025-03-30,2025,673548,R,640462,L,walk,False,True
778515,2025-03-30,2025,663656,L,640462,L,strikeout,True,False
778516,2025-03-30,2025,680776,L,594798,R,field_out,False,False
778516,2025-03-30,2025,646240,L,594798,R,field_out,False,False
778516,2025-03-30,2025,608324,R,594798,R,field_out,False,False
778516,2025-03-30,2025,543760,R,690916,R,field_out,False,False
778516,2025-03-30,2025,694671,R,690916,R,single,False,False
778516,2025-03-30,2025,592626,L,690916,R,field_out,False,False
778516,2025-03-30,2025,666969,R,690916,R,field_out,False,False
778516,2025-03-30,2025,671213,L,594798,R,field_out,False,False
778516,2025-03-30,2025,692225,R,594798,R,double,False,False
778516,2025-03-30,2025,677800,L,594798,R,walk,False,True
778516,2025-03-30,2025,657136,R,594798,R,field_out,False,False
778516,2025-03-30,2025,666152,L,594798,R,field_out,False,False
778516,2025-03-30,2025,669394,R,690916,R,single,False,False
778516,2025-03-30,2025,543309,R,690916,R,single,False,False
778516,2025-03-30,2025,665750,L,690916,R,single,False,False
778516,2025-03-30,2025,680716,R,690916,R,strikeout,True,False
778516,2025-03-30,2025,677649,R,690916,R,sac_fly,False,False
778516,2025-03-30,2025,543760,R,690916,R,field_out,False,False
778516,2025-03-30,2025,678882,R,594798,R,single,False,False
778516,2025-03-30,2025,680776,L,594798,R,strikeout,True,False
778516,2025-03-30,2025,646240,L,594798,R,field_out,False,False
778516,2025-03-30,2025,608324,R,594798,R,strikeout,True,False
778516,2025-03-30,2025,694671,R,690916,R,field_out,False,False
778516,2025-03-30,2025,592626,L,690916,R,field_out,False,False
778516,2025-03-30,2025,666969,R,690916,R,field_out,False,False
778516,2025-03-30,2025,671213,L,594798,R,strikeout,True,False
778516,2025-03-30,2025,692225,R,594798,R,strikeout,True,False
778516,2025-03-30,2025,677800,L,594798,R,walk,False,True
778516,2025-03-30,2025,657136,R,594798,R,strikeout,True,False
778516,2025-03-30,2025,669394,R,690916,R,field_out,False,False
778516,2025-03-30,2025,543309,R,690916,R,field_out,False,False
778516,2025-03-30,2025,665750,L,690916,R,strikeout,True,False
778516,2025-03-30,2025,666152,L,594798,R,field_out,False,False
778516,2025-03-30,2025,678882,R,594798,R,field_out,False,False
778516,2025-03-30,2025,680776,L,594798,R,hit_by_pitch,False,False
778516,2025-03-30,2025,646240,L,594798,R,strikeout,True,False
778516,2025-03-30,2025,680716,R,690916,R,strikeout,True,False
778516,2025-03-30,2025,677649,R,690916,R,strikeout,True,False
778516,2025-03-30,2025,543760,R,690916,R,field_out,False,False
778516,2025-03-30,2025,608324,R,542888,R,field_out,False,False
778516,2025-03-30,2025,671213,L,542888,R,walk,False,True
778516,2025-03-30,2025,692225,R,542888,R,force_out,False,False
778516,2025-03-30,2025,677800,L,542888,R,double,False,False
778516,2025-03-30,2025,657136,R,542888,R,field_error,False,False
778516,2025-03-30,2025,666152,L,542888,R,strikeout,True,False
778516,2025-03-30,2025,694671,R,690916,R,home_run,False,False
778516,2025-03-30,2025,592626,L,690916,R,field_out,False,False
778516,2025-03-30,2025,666969,R,690916,R,home_run,False,False
778516,2025-03-30,2025,669394,R,690916,R,field_out,False,False
778516,2025-03-30,2025,543309,R,690916,R,field_out,False,False
778516,2025-03-30,2025,678882,R,676395,L,field_out,False,False
778516,2025-03-30,2025,680776,L,676395,L,field_out,False,False
778516,2025-03-30,2025,646240,L,676395,L,strikeout,True,False
778516,2025-03-30,2025,665750,R,458677,L,strikeout,True,False
778516,2025-03-30,2025,680716,R,458677,L,field_out,False,False
778516,2025-03-30,2025,677649,R,458677,L,field_out,False,False
778516,2025-03-30,2025,608324,R,455119,R,single,False,False
778516,2025-03-30,2025,671213,L,455119,R,field_out,False,False
778516,2025-03-30,2025,692225,R,455119,R,strikeout,True,False
778516,2025-03-30,2025,677800,L,455119,R,intent_walk,False,True
778516,2025-03-30,2025,657136,R,455119,R,strikeout,True,False
778516,2025-03-30,2025,543760,R,686580,R,field_out,False,False
778516,2025-03-30,2025,694671,R,686580,R,field_out,False,False
778516,2025-03-30,2025,592626,L,686580,R,field_out,False,False
778516,2025-03-30,2025,666152,L,592426,R,field_out,False,False
778516,2025-03-30,2025,678882,R,592426,R,field_out,False,False
778516,2025-03-30,2025,680776,L,592426,R,double,False,False
778516,2025-03-30,2025,646240,L,592426,R,walk,False,True
778516,2025-03-30,2025,608324,R,592426,R,strikeout,True,False
778517,2025-03-30,2025,670242,L,669467,R,walk,False,True
778517,2025-03-30,2025,621043,R,669467,R,field_out,False,False
778517,2025-03-30,2025,621439,R,669467,R,single,False,False
778517,2025-03-30,2025,663616,L,669467,R,field_out,False,False
778517,2025-03-30,2025,680777,R,669467,R,field_out,False,False
778517,2025-03-30,2025,663457,L,641927,R,walk,False,True
778517,2025-03-30,2025,575929,R,641927,R,field_out,False,False
778517,2025-03-30,2025,680977,L,641927,R,walk,False,True
778517,2025-03-30,2025,571448,R,641927,R,strikeout,True,False
778517,2025-03-30,2025,676475,L,641927,R,field_out,False,False
778517,2025-03-30,2025,664034,R,669467,R,field_out,False,False
778517,2025-03-30,2025,650489,L,669467,R,field_out,False,False
778517,2025-03-30,2025,669304,R,669467,R,field_out,False,False
778517,2025-03-30,2025,669357,L,641927,R,single,False,False
778517,2025-03-30,2025,686780,R,641927,R,double,False,False
778517,2025-03-30,2025,687363,L,641927,R,home_run,False,False
778517,2025-03-30,2025,691026,R,641927,R,strikeout,True,False
778517,2025-03-30,2025,663457,L,641927,R,field_out,False,False
778517,2025-03-30,2025,575929,R,641927,R,field_out,False,False
778517,2025-03-30,2025,664056,R,669467,R,field_out,False,False
778517,2025-03-30,2025,670242,L,669467,R,double,False,False
778517,2025-03-30,2025,621043,R,669467,R,walk,False,True
778517,2025-03-30,2025,621439,R,669467,R,strikeout,True,False
778517,2025-03-30,2025,663616,L,669467,R,field_out,False,False
778517,2025-03-30,2025,680977,L,641927,R,single,False,False
778517,2025-03-30,2025,571448,R,641927,R,double,False,False
778517,2025-03-30,2025,676475,L,641927,R,double,False,False
778517,2025-03-30,2025,669357,L,641927,R,single,False,False
778517,2025-03-30,2025,686780,R,641927,R,home_run,False,False
778517,2025-03-30,2025,687363,L,641927,R,field_out,False,False
778517,2025-03-30,2025,691026,R,641927,R,strikeout,True,False
778517,2025-03-30,2025,663457,L,641927,R,walk,False,True
778517,2025-03-30,2025,575929,R,677976,R,field_out,False,False
778517,2025-03-30,2025,680777,R,669467,R,field_out,False,False
778517,2025-03-30,2025,664034,R,669467,R,field_out,False,False
778517,2025-03-30,2025,650489,L,669467,R,home_run,False,False
778517,2025-03-30,2025,669304,R,669467,R,single,False,False
778517,2025-03-30,2025,664056,R,669467,R,field_out,False,False
778517,2025-03-30,2025,680977,L,677976,R,strikeout,True,False
778517,2025-03-30,2025,571448,R,677976,R,walk,False,True
778517,2025-03-30,2025,676475,L,677976,R,grounded_into_double_play,False,False
778517,2025-03-30,2025,670242,L,669467,R,strikeout,True,False
778517,2025-03-30,2025,621043,R,669467,R,field_out,False,False
778517,2025-03-30,2025,621439,R,669467,R,strikeout,True,False
778517,2025-03-30,2025,669357,L,677976,R,field_out,False,False
778517,2025-03-30,2025,686780,R,677976,R,single,False,False
778517,2025-03-30,2025,687363,L,677976,R,force_out,False,False
778517,2025-03-30,2025,691026,R,677976,R,walk,False,True
778517,2025-03-30,2025,663457,L,677976,R,field_out,False,False
778517,2025-03-30,2025,663616,L,571927,L,strikeout,True,False
778517,2025-03-30,2025,680777,R,571927,L,field_out,False,False
778517,2025-03-30,2025,664034,R,571927,L,field_out,False,False
778517,2025-03-30,2025,575929,R,677976,R,field_out,False,False
778517,2025-03-30,2025,680977,L,677976,R,field_out,False,False
778517,2025-03-30,2025,571448,R,677976,R,field_out,False,False
778517,2025-03-30,2025,650489,R,571927,L,double,False,False
778517,2025-03-30,2025,669304,R,571927,L,strikeout,True,False
778517,2025-03-30,2025,664056,R,571927,L,field_out,False,False
778517,2025-03-30,2025,670242,L,571927,L,field_out,False,False
778517,2025-03-30,2025,676475,L,677976,R,field_out,False,False
778517,2025-03-30,2025,669357,L,677976,R,home_run,False,False
778517,2025-03-30,2025,686780,R,677976,R,field_out,False,False
778517,2025-03-30,2025,687363,L,677976,R,field_out,False,False
778517,2025-03-30,2025,621043,R,571927,L,field_out,False,False
778517,2025-03-30,2025,621439,R,571927,L,field_out,False,False
778517,2025-03-30,2025,663616,L,571927,L,field_out,False,False
778517,2025-03-30,2025,691026,R,677976,R,field_out,False,False
778517,2025-03-30,2025,663457,L,677976,R,field_out,False,False
778517,2025-03-30,2025,575929,R,677976,R,field_out,False,False
778517,2025-03-30,2025,680777,R,571927,L,field_out,False,False
778517,2025-03-30,2025,664034,R,571927,L,field_out,False,False
778517,2025-03-30,2025,650489,R,571927,L,field_out,False,False
778527,2025-03-30,2025,621493,R,663436,R,field_error,False,False
778527,2025-03-30,2025,694384,L,663436,R,single,False,False
778527,2025-03-30,2025,545361,R,663436,R,single,False,False
778527,2025-03-30,2025,624585,R,663436,R,sac_fly,False,False
778527,2025-03-30,2025,660162,L,663436,R,force_out,False,False
778527,2025-03-30,2025,518595,R,663436,R,force_out,False,False
778527,2025-03-30,2025,665155,L,686799,R,home_run,False,False
778527,2025-03-30,2025,673357,R,686799,R,single,False,False
778527,2025-03-30,2025,643217,L,686799,R,field_out,False,False
778527,2025-03-30,2025,683734,R,686799,R,field_out,False,False
778527,2025-03-30,2025,642136,L,686799,R,single,False,False
778527,2025-03-30,2025,678246,R,686799,R,strikeout,True,False
778527,2025-03-30,2025,650859,L,663436,R,walk,False,True
778527,2025-03-30,2025,641313,R,663436,R,force_out,False,False
778527,2025-03-30,2025,677347,R,663436,R,grounded_into_double_play,False,False
778527,2025-03-30,2025,681460,L,686799,R,strikeout,True,False
778527,2025-03-30,2025,676070,R,686799,R,strikeout,True,False
778527,2025-03-30,2025,608671,L,686799,R,field_out,False,False
778527,2025-03-30,2025,621493,R,663436,R,field_out,False,False
778527,2025-03-30,2025,694384,L,663436,R,field_out,False,False
778527,2025-03-30,2025,545361,R,663436,R,field_out,False,False
778527,2025-03-30,2025,665155,L,686799,R,field_out,False,False
778527,2025-03-30,2025,673357,R,686799,R,field_out,False,False
778527,2025-03-30,2025,643217,L,686799,R,field_out,False,False
778527,2025-03-30,2025,624585,R,663436,R,strikeout,True,False
778527,2025-03-30,2025,660162,L,663436,R,walk,False,True
778527,2025-03-30,2025,518595,R,663436,R,grounded_into_double_play,False,False
778527,2025-03-30,2025,683734,R,686799,R,field_out,False,False
778527,2025-03-30,2025,642136,L,686799,R,strikeout,True,False
778527,2025-03-30,2025,678246,R,686799,R,field_out,False,False
778527,2025-03-30,2025,650859,L,663436,R,field_out,False,False
778527,2025-03-30,2025,641313,R,663436,R,field_out,False,False
778527,2025-03-30,2025,677347,R,663436,R,field_out,False,False
778527,2025-03-30,2025,681460,L,686799,R,single,False,False
778527,2025-03-30,2025,676070,R,686799,R,double_play,False,False
778527,2025-03-30,2025,608671,L,686799,R,field_out,False,False
778527,2025-03-30,2025,621493,R,663436,R,single,False,False
778527,2025-03-30,2025,694384,L,663436,R,force_out,False,False
778527,2025-03-30,2025,545361,R,663436,R,field_out,False,False
778527,2025-03-30,2025,624585,R,663436,R,double,False,False
778527,2025-03-30,2025,660162,L,663436,R,strikeout,True,False
778527,2025-03-30,2025,665155,L,686799,R,field_out,False,False
778527,2025-03-30,2025,673357,R,686799,R,field_out,False,False
778527,2025-03-30,2025,643217,L,686799,R,field_out,False,False
778527,2025-03-30,2025,518595,R,669060,R,field_out,False,False
778527,2025-03-30,2025,650859,L,669060,R,field_out,False,False
778527,2025-03-30,2025,641313,R,669060,R,strikeout,True,False
778527,2025-03-30,2025,683734,R,666171,R,strikeout,True,False
778527,2025-03-30,2025,642136,L,666171,R,double,False,False
778527,2025-03-30,2025,678246,R,690829,R,walk,False,True
778527,2025-03-30,2025,681460,L,690829,R,field_out,False,False
778527,2025-03-30,2025,672820,R,690829,R,field_out,False,False
778527,2025-03-30,2025,677347,R,592155,L,home_run,False,False
778527,2025-03-30,2025,621493,R,592155,L,field_out,False,False
778527,2025-03-30,2025,694384,L,592155,L,single,False,False
778527,2025-03-30,2025,545361,R,592155,L,strikeout,True,False
778527,2025-03-30,2025,624585,R,592155,L,strikeout,True,False
778527,2025-03-30,2025,596103,R,656271,L,field_out,False,False
778527,2025-03-30,2025,572191,R,656271,L,strikeout,True,False
778527,2025-03-30,2025,673357,R,656271,L,single,False,False
778527,2025-03-30,2025,643217,L,656271,L,field_out,False,False
778527,2025-03-30,2025,660162,R,686642,L,strikeout,True,False
778527,2025-03-30,2025,518595,R,686642,L,hit_by_pitch,False,False
778527,2025-03-30,2025,650859,R,686642,L,grounded_into_double_play,False,False
778527,2025-03-30,2025,683734,R,445276,R,double,False,False
778527,2025-03-30,2025,642136,L,445276,R,walk,False,True
778527,2025-03-30,2025,678246,R,445276,R,field_out,False,False
778527,2025-03-30,2025,681460,L,445276,R,grounded_into_double_play,False,False
778521,2025-03-30,2025,671732,L,682243,R,field_out,False,False
778521,2025-03-30,2025,667670,R,682243,R,field_out,False,False
778521,2025-03-30,2025,668709,L,682243,R,field_out,False,False
778521,2025-03-30,2025,645302,R,674370,R,double,False,False
778521,2025-03-30,2025,677594,R,674370,R,hit_by_pitch,False,False
778521,2025-03-30,2025,663728,L,674370,R,walk,False,True
778521,2025-03-30,2025,668227,R,674370,R,double_play,False,False
778521,2025-03-30,2025,670042,L,674370,R,strikeout,True,False
778521,2025-03-30,2025,669127,R,682243,R,field_out,False,False
778521,2025-03-30,2025,691016,L,682243,R,strikeout,True,False
778521,2025-03-30,2025,609280,R,682243,R,field_out,False,False
778521,2025-03-30,2025,593871,L,674370,R,strikeout,True,False
778521,2025-03-30,2025,642133,L,674370,R,single,False,False
778521,2025-03-30,2025,669208,R,674370,R,single,False,False
778521,2025-03-30,2025,641487,L,674370,R,field_out,False,False
778521,2025-03-30,2025,645302,R,674370,R,field_out,False,False
778521,2025-03-30,2025,649966,R,682243,R,field_out,False,False
778521,2025-03-30,2025,691777,R,682243,R,single,False,False
778521,2025-03-30,2025,805779,R,682243,R,grounded_into_double_play,False,False
778521,2025-03-30,2025,677594,R,674370,R,walk,False,True
778521,2025-03-30,2025,663728,L,674370,R,field_out,False,False
778521,2025-03-30,2025,668227,R,674370,R,fielders_choice_out,False,False
778521,2025-03-30,2025,670042,L,674370,R,field_out,False,False
778521,2025-03-30,2025,671732,L,682243,R,field_out,False,False
778521,2025-03-30,2025,667670,R,682243,R,single,False,False
778521,2025-03-30,2025,668709,L,682243,R,field_out,False,False
778521,2025-03-30,2025,669127,R,682243,R,home_run,False,False
778521,2025-03-30,2025,691016,L,682243,R,strikeout,True,False
778521,2025-03-30,2025,593871,L,674370,R,field_out,False,False
778521,2025-03-30,2025,642133,L,674370,R,strikeout,True,False
778521,2025-03-30,2025,669208,R,674370,R,field_out,False,False
778521,2025-03-30,2025,609280,R,682243,R,single,False,False
778521,2025-03-30,2025,649966,R,682243,R,field_out,False,False
778521,2025-03-30,2025,691777,R,682243,R,field_out,False,False
778521,2025-03-30,2025,805779,R,682243,R,single,False,False
778521,2025-03-30,2025,671732,L,682243,R,walk,False,True
778521,2025-03-30,2025,667670,R,682243,R,strikeout,True,False
778521,2025-03-30,2025,641487,L,674370,R,walk,False,True
778521,2025-03-30,2025,645302,R,674370,R,hit_by_pitch,False,False
778521,2025-03-30,2025,677594,R,674370,R,strikeout,True,False
778521,2025-03-30,2025,663728,L,674370,R,grounded_into_double_play,False,False
778521,2025-03-30,2025,668709,L,682243,R,walk,False,True
778521,2025-03-30,2025,669127,R,682243,R,field_out,False,False
778521,2025-03-30,2025,691016,L,682243,R,strikeout,True,False
778521,2025-03-30,2025,609280,R,682243,R,single,False,False
778521,2025-03-30,2025,649966,R,676092,R,field_out,False,False
778521,2025-03-30,2025,668227,R,674370,R,walk,False,True
778521,2025-03-30,2025,641598,R,663687,L,strikeout,True,False
778521,2025-03-30,2025,593871,R,663687,L,single,False,False
778521,2025-03-30,2025,664238,R,663687,L,walk,False,True
778521,2025-03-30,2025,669208,R,668716,R,field_out,False,False
778521,2025-03-30,2025,641487,L,668716,R,strikeout,True,False
778521,2025-03-30,2025,691777,R,676092,R,strikeout,True,False
778521,2025-03-30,2025,805779,R,676092,R,field_error,False,False
778521,2025-03-30,2025,671732,L,676092,R,field_out,False,False
778521,2025-03-30,2025,667670,R,676092,R,single,False,False
778521,2025-03-30,2025,668709,L,642100,L,field_out,False,False
778521,2025-03-30,2025,645302,R,668716,R,strikeout,True,False
778521,2025-03-30,2025,677594,R,668716,R,walk,False,True
778521,2025-03-30,2025,663728,L,668716,R,field_out,False,False
778521,2025-03-30,2025,668227,R,668716,R,field_out,False,False
778521,2025-03-30,2025,669127,R,642100,L,strikeout,True,False
778521,2025-03-30,2025,691016,L,642100,L,single,False,False
778521,2025-03-30,2025,609280,R,660825,R,field_out,False,False
778521,2025-03-30,2025,664913,L,660825,R,field_out,False,False
778521,2025-03-30,2025,641598,R,621053,R,field_out,False,False
778521,2025-03-30,2025,593871,L,621053,R,strikeout,True,False
778521,2025-03-30,2025,664238,R,621053,R,strikeout,True,False
778521,2025-03-30,2025,691777,R,660825,R,strikeout,True,False
778521,2025-03-30,2025,805779,R,660825,R,field_out,False,False
778521,2025-03-30,2025,671732,L,660825,R,single,False,False
778521,2025-03-30,2025,667670,R,660825,R,field_out,False,False
778521,2025-03-30,2025,669208,R,695243,R,strikeout,True,False
778521,2025-03-30,2025,641487,L,695243,R,single,False,False
778521,2025-03-30,2025,645302,R,695243,R,strikeout,True,False
778521,2025-03-30,2025,677594,R,695243,R,strikeout,True,False
778519,2025-03-30,2025,624428,L,676974,R,field_out,False,False
778519,2025-03-30,2025,668804,L,676974,R,strikeout,True,False
778519,2025-03-30,2025,502054,R,676974,R,field_out,False,False
778519,2025-03-30,2025,669364,R,571760,L,field_out,False,False
778519,2025-03-30,2025,672640,R,571760,L,field_out,False,False
778519,2025-03-30,2025,667472,R,571760,L,single,False,False
778519,2025-03-30,2025,676572,R,571760,L,field_out,False,False
778519,2025-03-30,2025,457705,R,676974,R,home_run,False,False
778519,2025-03-30,2025,669261,L,676974,R,strikeout,True,False
778519,2025-03-30,2025,682848,L,676974,R,field_out,False,False
778519,2025-03-30,2025,669707,R,676974,R,field_out,False,False
778519,2025-03-30,2025,681146,R,571760,L,walk,False,True
778519,2025-03-30,2025,656537,R,571760,L,force_out,False,False
778519,2025-03-30,2025,663743,R,571760,L,double,False,False
778519,2025-03-30,2025,665052,L,571760,L,field_out,False,False
778519,2025-03-30,2025,691594,R,571760,L,field_out,False,False
778519,2025-03-30,2025,665839,L,676974,R,field_out,False,False
778519,2025-03-30,2025,643396,R,676974,R,strikeout,True,False
778519,2025-03-30,2025,624428,L,676974,R,field_out,False,False
778519,2025-03-30,2025,669364,R,571760,L,strikeout,True,False
778519,2025-03-30,2025,672640,R,571760,L,field_out,False,False
778519,2025-03-30,2025,667472,R,571760,L,strikeout,True,False
778519,2025-03-30,2025,668804,L,676974,R,double,False,False
778519,2025-03-30,2025,502054,R,676974,R,strikeout,True,False
778519,2025-03-30,2025,457705,R,676974,R,strikeout,True,False
778519,2025-03-30,2025,669261,L,676974,R,field_out,False,False
778519,2025-03-30,2025,676572,R,571760,L,single,False,False
778519,2025-03-30,2025,681146,R,571760,L,field_out,False,False
778519,2025-03-30,2025,656537,R,571760,L,force_out,False,False
778519,2025-03-30,2025,663743,R,571760,L,field_out,False,False
778519,2025-03-30,2025,682848,L,676974,R,walk,False,True
778519,2025-03-30,2025,669707,R,676974,R,field_out,False,False
778519,2025-03-30,2025,665839,L,676974,R,field_out,False,False
778519,2025-03-30,2025,643396,R,676974,R,single,False,False
778519,2025-03-30,2025,624428,L,676974,R,field_out,False,False
778519,2025-03-30,2025,665052,L,571760,L,field_out,False,False
778519,2025-03-30,2025,691594,R,571760,L,single,False,False
778519,2025-03-30,2025,669364,R,571760,L,force_out,False,False
778519,2025-03-30,2025,672640,R,571760,L,field_out,False,False
778519,2025-03-30,2025,668804,L,676974,R,strikeout,True,False
778519,2025-03-30,2025,502054,R,676974,R,single,False,False
778519,2025-03-30,2025,457705,R,676974,R,strikeout,True,False
778519,2025-03-30,2025,669261,L,676974,R,single,False,False
778519,2025-03-30,2025,682848,L,675540,R,field_out,False,False
778519,2025-03-30,2025,669065,L,664875,R,hit_by_pitch,False,False
778519,2025-03-30,2025,676572,R,664875,R,grounded_into_double_play,False,False
778519,2025-03-30,2025,681146,R,664875,R,strikeout,True,False
778519,2025-03-30,2025,669707,R,675540,R,strikeout,True,False
778519,2025-03-30,2025,665839,L,675540,R,walk,False,True
778519,2025-03-30,2025,643396,R,675540,R,field_out,False,False
778519,2025-03-30,2025,624428,L,675540,R,field_out,False,False
778519,2025-03-30,2025,656537,R,670059,R,strikeout,True,False
778519,2025-03-30,2025,663743,R,670059,R,strikeout,True,False
778519,2025-03-30,2025,665052,L,670059,R,home_run,False,False
778519,2025-03-30,2025,691594,R,670059,R,field_out,False,False
778519,2025-03-30,2025,668804,L,676534,R,field_out,False,False
778519,2025-03-30,2025,502054,R,676534,R,field_out,False,False
778519,2025-03-30,2025,457705,R,676534,R,walk,False,True
778519,2025-03-30,2025,669261,L,676534,R,walk,False,True
778519,2025-03-30,2025,682848,L,676534,R,other_out,False,False
778519,2025-03-30,2025,669364,R,657571,L,field_out,False,False
778519,2025-03-30,2025,672640,R,657571,L,field_out,False,False
778519,2025-03-30,2025,669065,L,657571,L,walk,False,True
778519,2025-03-30,2025,676572,R,657571,L,single,False,False
778519,2025-03-30,2025,681146,R,657571,L,field_out,False,False
778519,2025-03-30,2025,682848,L,669622,R,walk,False,True
778519,2025-03-30,2025,665833,L,669622,R,strikeout,True,False
778519,2025-03-30,2025,665839,L,669622,R,field_out,False,False
778519,2025-03-30,2025,643396,R,669622,R,caught_stealing_2b,False,False
778519,2025-03-30,2025,656537,R,670280,R,single,False,False
778519,2025-03-30,2025,663743,R,670280,R,wild_pitch,False,False
778524,2025-03-30,2025,686668,R,671737,R,field_out,False,False
778524,2025-03-30,2025,678662,R,671737,R,single,False,False
778524,2025-03-30,2025,641857,L,671737,R,strikeout,True,False
778524,2025-03-30,2025,696100,R,671737,R,strikeout,True,False
778524,2025-03-30,2025,650490,R,663372,R,double,False,False
778524,2025-03-30,2025,663968,L,663372,R,field_out,False,False
778524,2025-03-30,2025,664040,L,663372,R,home_run,False,False
778524,2025-03-30,2025,666018,L,663372,R,double,False,False
778524,2025-03-30,2025,670764,L,663372,R,walk,False,True
778524,2025-03-30,2025,670224,L,663372,R,strikeout,True,False
778524,2025-03-30,2025,676609,R,663372,R,field_out,False,False
778524,2025-03-30,2025,669911,L,671737,R,strikeout,True,False
778524,2025-03-30,2025,605361,L,671737,R,field_out,False,False
778524,2025-03-30,2025,687597,R,671737,R,strikeout,True,False
778524,2025-03-30,2025,666163,L,663372,R,field_out,False,False
778524,2025-03-30,2025,676356,R,663372,R,field_out,False,False
778524,2025-03-30,2025,650490,R,663372,R,field_out,False,False
778524,2025-03-30,2025,607732,R,671737,R,field_out,False,False
778524,2025-03-30,2025,671289,R,671737,R,field_out,False,False
778524,2025-03-30,2025,686668,R,671737,R,field_out,False,False
778524,2025-03-30,2025,663968,L,663372,R,strikeout,True,False
778524,2025-03-30,2025,664040,L,663372,R,strikeout,True,False
778524,2025-03-30,2025,666018,L,663372,R,field_out,False,False
778524,2025-03-30,2025,678662,R,671737,R,field_out,False,False
778524,2025-03-30,2025,641857,L,671737,R,field_out,False,False
778524,2025-03-30,2025,696100,R,671737,R,strikeout,True,False
778524,2025-03-30,2025,670764,L,663372,R,field_out,False,False
778524,2025-03-30,2025,670224,L,663372,R,strikeout,True,False
778524,2025-03-30,2025,676609,R,663372,R,field_out,False,False
778524,2025-03-30,2025,669911,L,671737,R,double,False,False
778524,2025-03-30,2025,605361,L,671737,R,single,False,False
778524,2025-03-30,2025,687597,R,671737,R,grounded_into_double_play,False,False
778524,2025-03-30,2025,607732,R,671737,R,strikeout,True,False
778524,2025-03-30,2025,666163,L,663372,R,strikeout,True,False
778524,2025-03-30,2025,676356,R,663372,R,single,False,False
778524,2025-03-30,2025,650490,R,663372,R,fielders_choice_out,False,False
778524,2025-03-30,2025,663968,L,663372,R,field_out,False,False
778524,2025-03-30,2025,671289,R,671737,R,hit_by_pitch,False,False
778524,2025-03-30,2025,686668,R,671737,R,single,False,False
778524,2025-03-30,2025,678662,R,671737,R,field_out,False,False
778524,2025-03-30,2025,641857,L,671737,R,strikeout,True,False
778524,2025-03-30,2025,696100,R,671737,R,single,False,False
778524,2025-03-30,2025,669911,L,671737,R,field_out,False,False
778524,2025-03-30,2025,664040,L,678821,L,field_out,False,False
778524,2025-03-30,2025,666018,L,678821,L,hit_by_pitch,False,False
778524,2025-03-30,2025,670764,R,678821,L,single,False,False
778524,2025-03-30,2025,691406,R,641755,R,single,False,False
778524,2025-03-30,2025,676609,R,641755,R,single,False,False
778524,2025-03-30,2025,666163,L,641755,R,fielders_choice,False,False
778524,2025-03-30,2025,676356,R,641755,R,single,False,False
778524,2025-03-30,2025,650490,R,641755,R,field_out,False,False
778524,2025-03-30,2025,663968,L,641755,R,walk,False,True
778524,2025-03-30,2025,664040,L,656234,R,strikeout,True,False
778524,2025-03-30,2025,605361,L,687330,R,single,False,False
778524,2025-03-30,2025,687597,R,687330,R,field_out,False,False
778524,2025-03-30,2025,607732,R,687330,R,field_out,False,False
778524,2025-03-30,2025,666160,L,687330,R,home_run,False,False
778524,2025-03-30,2025,686668,R,687330,R,field_out,False,False
778524,2025-03-30,2025,666018,L,656234,R,field_out,False,False
778524,2025-03-30,2025,670764,L,656234,R,field_out,False,False
778524,2025-03-30,2025,666624,R,656234,R,strikeout,True,False
778524,2025-03-30,2025,678662,R,670955,R,field_out,False,False
778524,2025-03-30,2025,641857,L,670955,R,strikeout,True,False
778524,2025-03-30,2025,696100,R,670955,R,field_out,False,False
778524,2025-03-30,2025,676609,R,656234,R,walk,False,True
778524,2025-03-30,2025,666163,L,656234,R,field_out,False,False
778524,2025-03-30,2025,676356,R,656234,R,single,False,False
778524,2025-03-30,2025,650490,R,656234,R,field_out,False,False
778524,2025-03-30,2025,663968,L,656234,R,caught_stealing_3b,False,False
778524,2025-03-30,2025,669911,L,664126,R,strikeout,True,False
778524,2025-03-30,2025,605361,L,664126,R,single,False,False
778524,2025-03-30,2025,571657,R,664126,R,single,False,False
778524,2025-03-30,2025,607732,R,664126,R,field_out,False,False
778524,2025-03-30,2025,666160,L,664126,R,strikeout,True,False
778522,2025-03-30,2025,664774,L,607259,R,field_out,False,False
778522,2025-03-30,2025,642715,R,607259,R,strikeout,True,False
778522,2025-03-30,2025,808982,L,607259,R,strikeout,True,False
778522,2025-03-30,2025,680574,R,592662,L,strikeout,True,False
778522,2025-03-30,2025,669289,R,592662,L,field_out,False,False
778522,2025-03-30,2025,682829,R,592662,L,field_out,False,False
778522,2025-03-30,2025,656305,R,607259,R,field_out,False,False
778522,2025-03-30,2025,671218,R,607259,R,strikeout,True,False
778522,2025-03-30,2025,527038,R,607259,R,field_out,False,False
778522,2025-03-30,2025,687952,R,592662,L,strikeout,True,False
778522,2025-03-30,2025,600869,R,592662,L,field_out,False,False
778522,2025-03-30,2025,668715,R,592662,L,field_out,False,False
778522,2025-03-30,2025,682641,R,607259,R,field_out,False,False
778522,2025-03-30,2025,669087,R,607259,R,field_out,False,False
778522,2025-03-30,2025,666149,R,607259,R,field_out,False,False
778522,2025-03-30,2025,666158,L,592662,L,field_out,False,False
778522,2025-03-30,2025,694362,R,592662,L,strikeout,True,False
778522,2025-03-30,2025,642851,R,592662,L,field_out,False,False
778522,2025-03-30,2025,664774,L,607259,R,field_out,False,False
778522,2025-03-30,2025,642715,R,607259,R,field_out,False,False
778522,2025-03-30,2025,808982,L,607259,R,field_out,False,False
778522,2025-03-30,2025,680574,R,592662,L,field_out,False,False
778522,2025-03-30,2025,669289,R,592662,L,field_out,False,False
778522,2025-03-30,2025,682829,R,592662,L,field_out,False,False
778522,2025-03-30,2025,656305,R,607259,R,field_out,False,False
778522,2025-03-30,2025,671218,R,607259,R,home_run,False,False
778522,2025-03-30,2025,527038,R,607259,R,walk,False,True
778522,2025-03-30,2025,682641,R,607259,R,force_out,False,False
778522,2025-03-30,2025,669087,R,607259,R,force_out,False,False
778522,2025-03-30,2025,687952,R,592662,L,strikeout,True,False
778522,2025-03-30,2025,600869,R,592662,L,field_out,False,False
778522,2025-03-30,2025,668715,R,592662,L,field_out,False,False
778522,2025-03-30,2025,666149,R,607259,R,double,False,False
778522,2025-03-30,2025,664774,L,607259,R,strikeout,True,False
778522,2025-03-30,2025,642715,R,607259,R,strikeout,True,False
778522,2025-03-30,2025,808982,L,607259,R,double,False,False
778522,2025-03-30,2025,656305,R,607259,R,home_run,False,False
778522,2025-03-30,2025,671218,R,607259,R,field_out,False,False
778522,2025-03-30,2025,666158,L,592662,L,single,False,False
778522,2025-03-30,2025,694362,R,592662,L,field_out,False,False
778522,2025-03-30,2025,642851,R,592662,L,home_run,False,False
778522,2025-03-30,2025,680574,R,592662,L,home_run,False,False
778522,2025-03-30,2025,669289,R,592662,L,walk,False,True
778522,2025-03-30,2025,682829,R,669062,L,single,False,False
778522,2025-03-30,2025,687952,R,669062,L,grounded_into_double_play,False,False
778522,2025-03-30,2025,527038,R,664139,R,field_out,False,False
778522,2025-03-30,2025,682641,R,664139,R,field_out,False,False
778522,2025-03-30,2025,669087,R,664139,R,strikeout,True,False
778522,2025-03-30,2025,600869,L,642152,R,field_out,False,False
778522,2025-03-30,2025,668715,R,642152,R,field_out,False,False
778522,2025-03-30,2025,666158,L,642152,R,field_out,False,False
778522,2025-03-30,2025,666149,R,573124,L,field_error,False,False
778522,2025-03-30,2025,664774,L,573124,L,sac_bunt,False,False
778522,2025-03-30,2025,642715,R,573124,L,sac_fly,False,False
778522,2025-03-30,2025,808982,L,573124,L,single,False,False
778522,2025-03-30,2025,656305,R,605130,R,walk,False,True
778522,2025-03-30,2025,671218,R,605130,R,single,False,False
778522,2025-03-30,2025,527038,R,605130,R,field_out,False,False
778522,2025-03-30,2025,694362,R,643511,R,single,False,False
778522,2025-03-30,2025,674441,L,643511,R,walk,False,True
778522,2025-03-30,2025,680574,R,643511,R,field_out,False,False
778522,2025-03-30,2025,669289,R,643511,R,double_play,False,False
778522,2025-03-30,2025,573262,L,608718,L,field_out,False,False
778522,2025-03-30,2025,669087,R,608718,L,strikeout,True,False
778522,2025-03-30,2025,666149,R,608718,L,single,False,False
778522,2025-03-30,2025,664774,L,608718,L,field_out,False,False
778522,2025-03-30,2025,682829,L,666808,R,strikeout,True,False
778522,2025-03-30,2025,687952,R,666808,R,field_out,False,False
778522,2025-03-30,2025,600869,L,666808,R,field_out,False,False
778525,2025-03-30,2025,681297,L,605135,R,strikeout,True,False
778525,2025-03-30,2025,668939,L,605135,R,field_out,False,False
778525,2025-03-30,2025,656811,L,605135,R,single,False,False
778525,2025-03-30,2025,641933,R,605135,R,single,False,False
778525,2025-03-30,2025,656775,L,605135,R,field_out,False,False
778525,2025-03-30,2025,666182,R,608372,R,walk,False,True
778525,2025-03-30,2025,665489,R,608372,R,field_out,False,False
778525,2025-03-30,2025,623993,L,608372,R,field_out,False,False
778525,2025-03-30,2025,665926,L,608372,R,double,False,False
778525,2025-03-30,2025,543807,R,608372,R,single,False,False
778525,2025-03-30,2025,695238,L,608372,R,strikeout,True,False
778525,2025-03-30,2025,663624,R,605135,R,field_out,False,False
778525,2025-03-30,2025,702616,L,605135,R,single,False,False
778525,2025-03-30,2025,602104,R,605135,R,field_out,False,False
778525,2025-03-30,2025,622761,R,605135,R,strikeout,True,False
778525,2025-03-30,2025,702176,L,608372,R,field_out,False,False
778525,2025-03-30,2025,623168,L,608372,R,field_out,False,False
778525,2025-03-30,2025,664702,R,608372,R,field_out,False,False
778525,2025-03-30,2025,681297,L,605135,R,single,False,False
778525,2025-03-30,2025,668939,L,605135,R,strikeout,True,False
778525,2025-03-30,2025,656811,L,605135,R,double,False,False
778525,2025-03-30,2025,641933,R,605135,R,strikeout,True,False
778525,2025-03-30,2025,656775,L,605135,R,field_out,False,False
778525,2025-03-30,2025,666182,R,608372,R,field_out,False,False
778525,2025-03-30,2025,665489,R,608372,R,single,False,False
778525,2025-03-30,2025,623993,L,608372,R,walk,False,True
778525,2025-03-30,2025,665926,L,608372,R,field_out,False,False
778525,2025-03-30,2025,543807,R,608372,R,field_out,False,False
778525,2025-03-30,2025,663624,R,605135,R,single,False,False
778525,2025-03-30,2025,702616,L,605135,R,strikeout,True,False
778525,2025-03-30,2025,602104,R,605135,R,single,False,False
778525,2025-03-30,2025,622761,R,605135,R,grounded_into_double_play,False,False
778525,2025-03-30,2025,695238,L,608372,R,field_out,False,False
778525,2025-03-30,2025,702176,L,608372,R,single,False,False
778525,2025-03-30,2025,623168,L,608372,R,field_out,False,False
778525,2025-03-30,2025,664702,R,608372,R,field_out,False,False
778525,2025-03-30,2025,681297,L,605135,R,field_out,False,False
778525,2025-03-30,2025,668939,L,605135,R,single,False,False
778525,2025-03-30,2025,656811,L,605135,R,walk,False,True
778525,2025-03-30,2025,641933,R,605135,R,field_out,False,False
778525,2025-03-30,2025,656775,L,605135,R,strikeout,True,False
778525,2025-03-30,2025,666182,R,621199,R,field_out,False,False
778525,2025-03-30,2025,665489,R,621199,R,field_out,False,False
778525,2025-03-30,2025,623993,L,621199,R,strikeout,True,False
778525,2025-03-30,2025,663624,R,605135,R,field_out,False,False
778525,2025-03-30,2025,702616,L,605135,R,strikeout,True,False
778525,2025-03-30,2025,602104,R,605135,R,walk,False,True
778525,2025-03-30,2025,622761,R,605135,R,field_out,False,False
778525,2025-03-30,2025,665926,L,621199,R,field_out,False,False
778525,2025-03-30,2025,543807,R,621199,R,field_out,False,False
778525,2025-03-30,2025,695238,L,621199,R,field_error,False,False
778525,2025-03-30,2025,702176,L,672335,L,field_out,False,False
778525,2025-03-30,2025,681297,L,663893,L,field_out,False,False
778525,2025-03-30,2025,668939,R,663893,L,field_out,False,False
778525,2025-03-30,2025,657656,R,663893,L,field_out,False,False
778525,2025-03-30,2025,623168,R,672335,L,home_run,False,False
778525,2025-03-30,2025,664702,R,672335,L,field_out,False,False
778525,2025-03-30,2025,666182,R,672335,L,single,False,False
778525,2025-03-30,2025,665489,R,641329,R,strikeout,True,False
778525,2025-03-30,2025,623993,L,641329,R,strikeout,True,False
778525,2025-03-30,2025,641933,R,684320,R,field_out,False,False
778525,2025-03-30,2025,656775,L,684320,R,single,False,False
778525,2025-03-30,2025,663624,R,684320,R,strikeout,True,False
778525,2025-03-30,2025,702616,L,684320,R,strikeout,True,False
778525,2025-03-30,2025,665926,L,641329,R,field_out,False,False
778525,2025-03-30,2025,543807,R,641329,R,double,False,False
778525,2025-03-30,2025,695238,L,641329,R,strikeout,True,False
778525,2025-03-30,2025,702176,L,641329,R,strikeout,True,False
778525,2025-03-30,2025,602104,R,656546,R,field_out,False,False
778525,2025-03-30,2025,677008,L,656546,R,strikeout,True,False
778525,2025-03-30,2025,596142,R,656546,R,strikeout,True,False
778523,2025-03-30,2025,668930,L,573186,R,single,False,False
778523,2025-03-30,2025,694192,R,573186,R,field_out,False,False
778523,2025-03-30,2025,592885,L,573186,R,field_out,False,False
778523,2025-03-30,2025,661388,R,573186,R,walk,False,True
778523,2025-03-30,2025,686217,L,573186,R,single,False,False
778523,2025-03-30,2025,641343,L,573186,R,strikeout,True,False
778523,2025-03-30,2025,502671,R,650644,R,single,False,False
778523,2025-03-30,2025,641355,L,650644,R,field_out,False,False
778523,2025-03-30,2025,592450,R,650644,R,home_run,False,False
778523,2025-03-30,2025,665862,L,650644,R,strikeout,True,False
778523,2025-03-30,2025,683011,R,650644,R,field_out,False,False
778523,2025-03-30,2025,669003,L,573186,R,strikeout,True,False
778523,2025-03-30,2025,687401,R,573186,R,field_out,False,False
778523,2025-03-30,2025,686554,L,573186,R,field_out,False,False
778523,2025-03-30,2025,669224,L,650644,R,strikeout,True,False
778523,2025-03-30,2025,691176,L,650644,R,field_out,False,False
778523,2025-03-30,2025,700250,L,650644,R,home_run,False,False
778523,2025-03-30,2025,665828,L,650644,R,field_out,False,False
778523,2025-03-30,2025,668930,L,573186,R,field_out,False,False
778523,2025-03-30,2025,694192,R,573186,R,strikeout,True,False
778523,2025-03-30,2025,592885,L,573186,R,field_out,False,False
778523,2025-03-30,2025,502671,R,650644,R,field_out,False,False
778523,2025-03-30,2025,641355,L,650644,R,field_out,False,False
778523,2025-03-30,2025,592450,R,650644,R,intent_walk,False,True
778523,2025-03-30,2025,665862,L,650644,R,home_run,False,False
778523,2025-03-30,2025,683011,R,650644,R,field_out,False,False
778523,2025-03-30,2025,661388,R,573186,R,single,False,False
778523,2025-03-30,2025,686217,L,573186,R,field_out,False,False
778523,2025-03-30,2025,641343,L,573186,R,home_run,False,False
778523,2025-03-30,2025,669003,L,573186,R,field_out,False,False
778523,2025-03-30,2025,687401,R,573186,R,field_out,False,False
778523,2025-03-30,2025,669224,L,641302,L,field_out,False,False
778523,2025-03-30,2025,691176,R,641302,L,walk,False,True
778523,2025-03-30,2025,700250,L,641302,L,grounded_into_double_play,False,False
778523,2025-03-30,2025,686554,L,573186,R,field_out,False,False
778523,2025-03-30,2025,668930,L,573186,R,field_out,False,False
778523,2025-03-30,2025,694192,R,573186,R,single,False,False
778523,2025-03-30,2025,592885,L,657612,L,strikeout,True,False
778523,2025-03-30,2025,665828,R,641302,L,strikeout,True,False
778523,2025-03-30,2025,502671,R,641302,L,strikeout,True,False
778523,2025-03-30,2025,641355,L,641302,L,field_out,False,False
778523,2025-03-30,2025,661388,R,657612,L,field_out,False,False
778523,2025-03-30,2025,686217,L,657612,L,strikeout,True,False
778523,2025-03-30,2025,641343,L,657612,L,strikeout,True,False
778523,2025-03-30,2025,592450,R,641302,L,walk,False,True
778523,2025-03-30,2025,665862,L,641302,L,single,False,False
778523,2025-03-30,2025,683011,R,641302,L,field_out,False,False
778523,2025-03-30,2025,669224,L,657649,L,field_out,False,False
778523,2025-03-30,2025,691176,R,657649,L,strikeout,True,False
778523,2025-03-30,2025,669003,L,643410,R,strikeout,True,False
778523,2025-03-30,2025,687401,R,643410,R,field_out,False,False
778523,2025-03-30,2025,686554,L,643410,R,strikeout,True,False
778523,2025-03-30,2025,700250,L,606303,R,single,False,False
778523,2025-03-30,2025,665828,L,606303,R,single,False,False
778523,2025-03-30,2025,502671,R,606303,R,single,False,False
778523,2025-03-30,2025,641355,L,606303,R,sac_fly,False,False
778523,2025-03-30,2025,592450,R,606303,R,walk,False,True
778523,2025-03-30,2025,665862,L,606303,R,home_run,False,False
778523,2025-03-30,2025,683011,R,606303,R,strikeout,True,False
778523,2025-03-30,2025,669224,L,656730,R,field_out,False,False
778523,2025-03-30,2025,668930,L,518585,R,walk,False,True
778523,2025-03-30,2025,694192,R,518585,R,strikeout,True,False
778523,2025-03-30,2025,681962,R,518585,R,field_out,False,False
778523,2025-03-30,2025,661388,R,518585,R,field_out,False,False
778523,2025-03-30,2025,663757,L,641343,L,hit_by_pitch,False,False
778523,2025-03-30,2025,700250,L,641343,L,field_out,False,False
778523,2025-03-30,2025,665828,R,641343,L,single,False,False
778523,2025-03-30,2025,502671,R,641343,L,single,False,False
778523,2025-03-30,2025,622569,R,641343,L,field_out,False,False
778523,2025-03-30,2025,672724,R,641343,L,force_out,False,False
778523,2025-03-30,2025,686217,L,642232,L,single,False,False
778523,2025-03-30,2025,641343,L,642232,L,strikeout,True,False
778523,2025-03-30,2025,669003,L,642232,L,field_out,False,False
778523,2025-03-30,2025,687401,R,642232,L,field_out,False,False
778510,2025-03-30,2025,680757,L,608379,R,single,False,False
778510,2025-03-30,2025,657041,R,608379,R,grounded_into_double_play,False,False
778510,2025-03-30,2025,700932,L,608379,R,field_out,False,False
778510,2025-03-30,2025,663697,R,676440,R,walk,False,True
778510,2025-03-30,2025,677951,R,676440,R,strikeout_double_play,True,False
778510,2025-03-30,2025,686469,L,676440,R,triple,False,False
778510,2025-03-30,2025,521692,R,676440,R,field_out,False,False
778510,2025-03-30,2025,467793,L,608379,R,double,False,False
778510,2025-03-30,2025,666134,L,608379,R,walk,False,True
778510,2025-03-30,2025,666310,L,608379,R,field_out,False,False
778510,2025-03-30,2025,672356,R,608379,R,sac_fly,False,False
778510,2025-03-30,2025,682177,L,608379,R,walk,False,True
778510,2025-03-30,2025,677587,L,608379,R,field_out,False,False
778510,2025-03-30,2025,686681,L,676440,R,field_out,False,False
778510,2025-03-30,2025,592669,R,676440,R,double,False,False
778510,2025-03-30,2025,672580,R,676440,R,field_out,False,False
778510,2025-03-30,2025,666023,R,676440,R,field_out,False,False
778510,2025-03-30,2025,680757,L,608379,R,single,False,False
778510,2025-03-30,2025,657041,R,608379,R,walk,False,True
778510,2025-03-30,2025,700932,L,608379,R,field_out,False,False
778510,2025-03-30,2025,467793,L,608379,R,field_out,False,False
778510,2025-03-30,2025,666134,L,608379,R,strikeout,True,False
778510,2025-03-30,2025,664728,L,676440,R,field_out,False,False
778510,2025-03-30,2025,663697,R,676440,R,field_out,False,False
778510,2025-03-30,2025,677951,R,676440,R,field_out,False,False
778510,2025-03-30,2025,666310,L,608379,R,strikeout,True,False
778510,2025-03-30,2025,672356,R,608379,R,single,False,False
778510,2025-03-30,2025,682177,L,608379,R,walk,False,True
778510,2025-03-30,2025,677587,L,608379,R,grounded_into_double_play,False,False
778510,2025-03-30,2025,686469,L,676440,R,field_out,False,False
778510,2025-03-30,2025,521692,R,676440,R,field_out,False,False
778510,2025-03-30,2025,686681,L,676440,R,field_out,False,False
778510,2025-03-30,2025,680757,L,669674,L,single,False,False
778510,2025-03-30,2025,657041,R,669674,L,field_out,False,False
778510,2025-03-30,2025,700932,L,669674,L,home_run,False,False
778510,2025-03-30,2025,467793,R,669674,L,field_out,False,False
778510,2025-03-30,2025,666134,L,669674,L,strikeout,True,False
778510,2025-03-30,2025,592669,R,676440,R,field_out,False,False
778510,2025-03-30,2025,672580,R,676440,R,strikeout,True,False
778510,2025-03-30,2025,666023,R,676440,R,field_out,False,False
778510,2025-03-30,2025,666310,L,608717,R,field_out,False,False
778510,2025-03-30,2025,672356,R,608717,R,home_run,False,False
778510,2025-03-30,2025,682177,L,608717,R,walk,False,True
778510,2025-03-30,2025,677587,L,608717,R,single,False,False
778510,2025-03-30,2025,680757,L,608717,R,force_out,False,False
778510,2025-03-30,2025,657041,R,608717,R,field_out,False,False
778510,2025-03-30,2025,664728,L,676440,R,field_out,False,False
778510,2025-03-30,2025,663697,R,676440,R,field_out,False,False
778510,2025-03-30,2025,677951,R,676440,R,walk,False,True
778510,2025-03-30,2025,686469,L,682120,L,hit_by_pitch,False,False
778510,2025-03-30,2025,521692,R,682120,L,field_out,False,False
778510,2025-03-30,2025,700932,L,608717,R,single,False,False
778510,2025-03-30,2025,467793,L,608717,R,field_out,False,False
778510,2025-03-30,2025,666134,L,608717,R,walk,False,True
778510,2025-03-30,2025,666310,L,608717,R,field_out,False,False
778510,2025-03-30,2025,672356,R,670167,R,strikeout,True,False
778510,2025-03-30,2025,686681,L,676282,L,strikeout,True,False
778510,2025-03-30,2025,592669,R,676282,L,field_out,False,False
778510,2025-03-30,2025,672580,R,676282,L,double,False,False
778510,2025-03-30,2025,666023,R,676282,L,field_out,False,False
778510,2025-03-30,2025,682177,L,670167,R,home_run,False,False
778510,2025-03-30,2025,677587,L,670167,R,field_out,False,False
778510,2025-03-30,2025,680757,L,670167,R,field_out,False,False
778510,2025-03-30,2025,657041,R,670167,R,single,False,False
778510,2025-03-30,2025,700932,L,670167,R,strikeout,True,False
778510,2025-03-30,2025,680118,R,676282,L,field_error,False,False
778510,2025-03-30,2025,663697,R,676282,L,single,False,False
778510,2025-03-30,2025,677951,R,676282,L,single,False,False
778510,2025-03-30,2025,686469,L,676282,L,walk,False,True
778510,2025-03-30,2025,521692,R,683769,R,strikeout,True,False
778510,2025-03-30,2025,686681,L,683769,R,strikeout,True,False
778510,2025-03-30,2025,592669,R,683769,R,walk,False,True
778510,2025-03-30,2025,672580,R,683769,R,field_out,False,False
778510,2025-03-30,2025,467793,L,640451,R,field_out,False,False
778510,2025-03-30,2025,666134,L,640451,R,field_out,False,False
778510,2025-03-30,2025,666310,L,640451,R,strikeout,True,False
778510,2025-03-30,2025,666023,R,661403,R,field_out,False,False
778510,2025-03-30,2025,624415,L,661403,R,field_out,False,False
778510,2025-03-30,2025,663697,R,661403,R,hit_by_pitch,False,False
778510,2025-03-30,2025,677951,R,661403,R,strikeout,True,False
778508,2025-03-31,2025,502054,R,656876,R,strikeout,True,False
778508,2025-03-31,2025,668804,L,656876,R,strikeout,True,False
778508,2025-03-31,2025,665833,L,656876,R,single,False,False
778508,2025-03-31,2025,663698,R,656876,R,field_out,False,False
778508,2025-03-31,2025,650490,R,669387,R,field_out,False,False
778508,2025-03-31,2025,664040,L,669387,R,strikeout,True,False
778508,2025-03-31,2025,691406,R,669387,R,strikeout,True,False
778508,2025-03-31,2025,669261,L,656876,R,field_out,False,False
778508,2025-03-31,2025,663647,R,656876,R,field_out,False,False
778508,2025-03-31,2025,682848,L,656876,R,field_out,False,False
778508,2025-03-31,2025,666018,L,669387,R,single,False,False
778508,2025-03-31,2025,666624,R,669387,R,grounded_into_double_play,False,False
778508,2025-03-31,2025,670224,L,669387,R,field_out,False,False
778508,2025-03-31,2025,624428,L,656876,R,strikeout,True,False
778508,2025-03-31,2025,643396,R,656876,R,single,False,False
778508,2025-03-31,2025,502054,R,656876,R,field_out,False,False
778508,2025-03-31,2025,668804,L,656876,R,field_out,False,False
778508,2025-03-31,2025,643376,R,669387,R,field_out,False,False
778508,2025-03-31,2025,663968,L,669387,R,single,False,False
778508,2025-03-31,2025,676609,R,669387,R,walk,False,True
778508,2025-03-31,2025,650490,R,669387,R,field_out,False,False
778508,2025-03-31,2025,664040,L,669387,R,strikeout,True,False
778508,2025-03-31,2025,665833,L,656876,R,field_out,False,False
778508,2025-03-31,2025,663698,R,656876,R,field_out,False,False
778508,2025-03-31,2025,669261,L,656876,R,strikeout,True,False
778508,2025-03-31,2025,691406,R,669387,R,single,False,False
778508,2025-03-31,2025,666018,L,669387,R,double,False,False
778508,2025-04-01,2025,666624,R,669387,R,single,False,False
778508,2025-04-01,2025,670224,L,669387,R,double,False,False
778508,2025-04-01,2025,643376,R,669387,R,strikeout,True,False
778508,2025-04-01,2025,663968,L,669387,R,single,False,False
778508,2025-04-01,2025,676609,R,669387,R,walk,False,True
778508,2025-04-01,2025,650490,R,669387,R,force_out,False,False
778508,2025-04-01,2025,664040,L,641835,L,walk,False,True
778508,2025-04-01,2025,691406,R,641835,L,field_out,False,False
778508,2025-04-01,2025,663647,R,656876,R,field_out,False,False
778508,2025-04-01,2025,682848,L,656876,R,field_out,False,False
778508,2025-04-01,2025,624428,L,656876,R,field_out,False,False
778508,2025-04-01,2025,666018,L,641835,L,strikeout,True,False
778508,2025-04-01,2025,666624,R,641835,L,strikeout,True,False
778508,2025-04-01,2025,670224,L,641835,L,field_out,False,False
778508,2025-04-01,2025,643396,R,685801,R,field_out,False,False
778508,2025-04-01,2025,502054,R,685801,R,field_out,False,False
778508,2025-04-01,2025,668804,L,685801,R,field_out,False,False
778508,2025-04-01,2025,643376,R,641835,L,field_out,False,False
778508,2025-04-01,2025,663968,R,641835,L,double,False,False
778508,2025-04-01,2025,676609,R,641835,L,double,False,False
778508,2025-04-01,2025,650490,R,621366,L,field_out,False,False
778508,2025-04-01,2025,664040,L,621366,L,strikeout,True,False
778508,2025-04-01,2025,665833,L,685801,R,strikeout,True,False
778508,2025-04-01,2025,663698,R,685801,R,field_out,False,False
778508,2025-04-01,2025,669261,L,685801,R,strikeout,True,False
778508,2025-04-01,2025,691406,R,621366,L,field_out,False,False
778508,2025-04-01,2025,666018,L,621366,L,walk,False,True
778508,2025-04-01,2025,666624,R,621366,L,strikeout,True,False
778508,2025-04-01,2025,670224,L,621366,L,strikeout,True,False
778508,2025-04-01,2025,663647,R,669438,R,field_out,False,False
778508,2025-04-01,2025,682848,L,669438,R,double,False,False
778508,2025-04-01,2025,624428,L,669438,R,single,False,False
778508,2025-04-01,2025,643396,R,669438,R,strikeout,True,False
778508,2025-04-01,2025,502054,R,669438,R,strikeout,True,False
778508,2025-04-01,2025,643376,R,666214,L,walk,False,True
778508,2025-04-01,2025,663968,R,666214,L,single,False,False
778508,2025-04-01,2025,676609,R,666214,L,strikeout,True,False
778508,2025-04-01,2025,650490,R,666214,L,sac_fly,False,False
778508,2025-04-01,2025,664040,L,666214,L,field_out,False,False
778508,2025-04-01,2025,668804,L,655889,R,strikeout,True,False
778508,2025-04-01,2025,665833,L,655889,R,field_out,False,False
778508,2025-04-01,2025,663698,R,655889,R,strikeout,True,False
778512,2025-03-31,2025,680776,L,700249,L,field_out,False,False
778512,2025-03-31,2025,646240,L,700249,L,walk,False,True
778512,2025-03-31,2025,608324,R,700249,L,single,False,False
778512,2025-03-31,2025,608701,R,700249,L,strikeout,True,False
778512,2025-03-31,2025,596115,R,700249,L,strikeout,True,False
778512,2025-03-31,2025,676059,R,656794,L,single,False,False
778512,2025-03-31,2025,668939,R,656794,L,single,False,False
778512,2025-03-31,2025,641933,R,656794,L,single,False,False
778512,2025-03-31,2025,663624,R,656794,L,single,False,False
778512,2025-03-31,2025,677008,L,656794,L,strikeout,True,False
778512,2025-03-31,2025,657656,R,656794,L,strikeout,True,False
778512,2025-03-31,2025,656775,L,656794,L,double,False,False
778512,2025-03-31,2025,602104,R,656794,L,strikeout,True,False
778512,2025-03-31,2025,692225,R,700249,L,walk,False,True
778512,2025-03-31,2025,663853,R,700249,L,single,False,False
778512,2025-03-31,2025,657136,R,700249,L,strikeout,True,False
778512,2025-03-31,2025,678882,R,700249,L,strikeout,True,False
778512,2025-03-31,2025,680776,L,700249,L,triple,False,False
778512,2025-03-31,2025,646240,L,700249,L,strikeout,True,False
778512,2025-03-31,2025,702616,L,656794,L,single,False,False
778512,2025-03-31,2025,676059,R,656794,L,walk,False,True
778512,2025-03-31,2025,668939,R,656794,L,grounded_into_double_play,False,False
778512,2025-03-31,2025,608324,R,700249,L,strikeout,True,False
778512,2025-03-31,2025,608701,R,700249,L,single,False,False
778512,2025-03-31,2025,596115,R,700249,L,single,False,False
778512,2025-03-31,2025,692225,R,700249,L,field_out,False,False
778512,2025-03-31,2025,663853,R,700249,L,strikeout,True,False
778512,2025-03-31,2025,641933,R,656794,L,single,False,False
778512,2025-03-31,2025,663624,R,656794,L,walk,False,True
778512,2025-03-31,2025,677008,L,656794,L,strikeout,True,False
778512,2025-03-31,2025,657656,R,656794,L,grounded_into_double_play,False,False
778512,2025-03-31,2025,657136,R,700249,L,field_out,False,False
778512,2025-03-31,2025,678882,R,700249,L,field_out,False,False
778512,2025-03-31,2025,680776,L,700249,L,field_out,False,False
778512,2025-03-31,2025,656775,L,656794,L,field_out,False,False
778512,2025-03-31,2025,602104,R,656794,L,single,False,False
778512,2025-03-31,2025,702616,L,656794,L,grounded_into_double_play,False,False
778512,2025-03-31,2025,646240,L,700249,L,strikeout,True,False
778512,2025-03-31,2025,608324,R,621199,R,field_out,False,False
778512,2025-03-31,2025,608701,R,621199,R,single,False,False
778512,2025-03-31,2025,596115,R,621199,R,strikeout,True,False
778512,2025-03-31,2025,676059,R,676477,R,field_out,False,False
778512,2025-03-31,2025,668939,L,676477,R,strikeout,True,False
778512,2025-03-31,2025,641933,R,676477,R,double,False,False
778512,2025-03-31,2025,663624,R,676477,R,field_out,False,False
778512,2025-03-31,2025,692225,R,622554,R,strikeout,True,False
778512,2025-03-31,2025,663853,R,622554,R,field_out,False,False
778512,2025-03-31,2025,657136,R,622554,R,field_out,False,False
778512,2025-03-31,2025,677008,L,676477,R,field_out,False,False
778512,2025-03-31,2025,666185,L,676477,R,strikeout,True,False
778512,2025-03-31,2025,656775,L,676477,R,field_out,False,False
778512,2025-03-31,2025,678882,R,669211,L,field_out,False,False
778512,2025-03-31,2025,680776,L,669211,L,strikeout,True,False
778512,2025-03-31,2025,646240,L,669211,L,strikeout,True,False
778512,2025-03-31,2025,602104,R,669711,R,single,False,False
778512,2025-03-31,2025,702616,L,669711,R,strikeout,True,False
778512,2025-03-31,2025,676059,R,669711,R,field_out,False,False
778512,2025-03-31,2025,668939,L,669711,R,field_out,False,False
778512,2025-03-31,2025,608324,R,666974,R,field_out,False,False
778512,2025-03-31,2025,677800,L,666974,R,field_out,False,False
778512,2025-03-31,2025,596115,R,666974,R,strikeout,True,False
778512,2025-03-31,2025,641933,R,686580,R,single,False,False
778512,2025-03-31,2025,663624,R,686580,R,single,False,False
778512,2025-03-31,2025,677008,L,686580,R,single,False,False
778512,2025-03-31,2025,666185,L,686580,R,walk,False,True
778512,2025-03-31,2025,656775,L,681867,R,single,False,False
778512,2025-03-31,2025,602104,R,681867,R,force_out,False,False
778512,2025-03-31,2025,702616,L,681867,R,single,False,False
778512,2025-03-31,2025,676059,R,681867,R,force_out,False,False
778512,2025-03-31,2025,668939,L,681867,R,field_out,False,False
778512,2025-03-31,2025,692225,R,642585,R,walk,False,True
778512,2025-03-31,2025,663853,R,642585,R,double,False,False
778512,2025-03-31,2025,657136,R,642585,R,field_out,False,False
778512,2025-03-31,2025,671213,L,642585,R,field_out,False,False
778512,2025-03-31,2025,680776,L,642585,R,single,False,False
778512,2025-03-31,2025,646240,L,642585,R,walk,False,True
778512,2025-03-31,2025,608324,R,642585,R,field_out,False,False
778507,2025-03-31,2025,682928,L,670102,R,field_out,False,False
778507,2025-03-31,2025,695578,L,670102,R,walk,False,True
778507,2025-03-31,2025,660688,L,670102,R,field_out,False,False
778507,2025-03-31,2025,663993,L,670102,R,strikeout,True,False
778507,2025-03-31,2025,666182,R,647336,R,field_out,False,False
778507,2025-03-31,2025,665489,R,647336,R,field_out,False,False
778507,2025-03-31,2025,623993,L,647336,R,field_out,False,False
778507,2025-03-31,2025,605137,L,670102,R,field_out,False,False
778507,2025-03-31,2025,671277,L,670102,R,field_out,False,False
778507,2025-03-31,2025,657557,R,670102,R,strikeout,True,False
778507,2025-03-31,2025,665926,L,647336,R,home_run,False,False
778507,2025-03-31,2025,672386,R,647336,R,field_out,False,False
778507,2025-03-31,2025,543807,R,647336,R,strikeout,True,False
778507,2025-03-31,2025,695238,L,647336,R,field_out,False,False
778507,2025-03-31,2025,686611,R,670102,R,field_out,False,False
778507,2025-03-31,2025,696285,R,670102,R,walk,False,True
778507,2025-03-31,2025,682928,L,670102,R,strikeout,True,False
778507,2025-03-31,2025,695578,L,670102,R,field_out,False,False
778507,2025-03-31,2025,664770,L,647336,R,field_out,False,False
778507,2025-03-31,2025,702176,L,647336,R,double,False,False
778507,2025-03-31,2025,666182,R,647336,R,field_out,False,False
778507,2025-03-31,2025,665489,R,647336,R,double,False,False
778507,2025-03-31,2025,623993,L,647336,R,field_out,False,False
778507,2025-03-31,2025,660688,L,670102,R,field_out,False,False
778507,2025-03-31,2025,663993,L,670102,R,field_out,False,False
778507,2025-04-01,2025,605137,L,670102,R,field_out,False,False
778507,2025-04-01,2025,665926,L,647336,R,walk,False,True
778507,2025-04-01,2025,672386,R,647336,R,double,False,False
778507,2025-04-01,2025,543807,R,647336,R,strikeout,True,False
778507,2025-04-01,2025,695238,L,647336,R,single,False,False
778507,2025-04-01,2025,664770,L,647336,R,force_out,False,False
778507,2025-04-01,2025,702176,L,647336,R,field_out,False,False
778507,2025-04-01,2025,671277,L,670102,R,field_out,False,False
778507,2025-04-01,2025,657557,R,670102,R,field_out,False,False
778507,2025-04-01,2025,686611,R,670102,R,field_out,False,False
778507,2025-04-01,2025,666182,R,647336,R,strikeout,True,False
778507,2025-04-01,2025,665489,R,647336,R,field_out,False,False
778507,2025-04-01,2025,623993,L,647336,R,field_out,False,False
778507,2025-04-01,2025,696285,R,670102,R,strikeout,True,False
778507,2025-04-01,2025,682928,L,670102,R,home_run,False,False
778507,2025-04-01,2025,695578,L,670102,R,home_run,False,False
778507,2025-04-01,2025,660688,L,670102,R,field_out,False,False
778507,2025-04-01,2025,663993,L,670102,R,walk,False,True
778507,2025-04-01,2025,605137,L,670102,R,field_out,False,False
778507,2025-04-01,2025,665926,L,608371,R,hit_by_pitch,False,False
778507,2025-04-01,2025,672386,R,608371,R,field_out,False,False
778507,2025-04-01,2025,543807,R,608371,R,double,False,False
778507,2025-04-01,2025,676391,R,621363,L,walk,False,True
778507,2025-04-01,2025,676914,R,621363,L,walk,False,True
778507,2025-04-01,2025,702176,L,621363,L,field_out,False,False
778507,2025-04-01,2025,671277,L,680704,R,strikeout,True,False
778507,2025-04-01,2025,657557,R,680704,R,single,False,False
778507,2025-04-01,2025,686611,R,680704,R,strikeout,True,False
778507,2025-04-01,2025,696285,R,680704,R,field_out,False,False
778507,2025-04-01,2025,666182,R,674285,R,field_out,False,False
778507,2025-04-01,2025,665489,R,674285,R,field_out,False,False
778507,2025-04-01,2025,623993,L,674285,R,field_out,False,False
778507,2025-04-01,2025,682928,L,663893,L,field_out,False,False
778507,2025-04-01,2025,695578,L,663893,L,single,False,False
778507,2025-04-01,2025,660688,R,663893,L,single,False,False
778507,2025-04-01,2025,663993,L,663893,L,strikeout,True,False
778507,2025-04-01,2025,605137,R,663893,L,field_out,False,False
778507,2025-04-01,2025,665926,L,674285,R,double,False,False
778507,2025-04-01,2025,672386,R,674285,R,single,False,False
778507,2025-04-01,2025,543807,R,674285,R,single,False,False
778507,2025-04-01,2025,676391,R,695418,R,single,False,False
778507,2025-04-01,2025,676914,R,695418,R,double_play,False,False
778507,2025-04-01,2025,702176,L,695418,R,field_out,False,False
778507,2025-04-01,2025,671277,L,554340,R,field_out,False,False
778507,2025-04-01,2025,657557,R,554340,R,strikeout,True,False
778507,2025-04-01,2025,686611,R,554340,R,strikeout,True,False
778508,2025-03-31,2025,502054,R,656876,R,strikeout,True,False
778508,2025-03-31,2025,668804,L,656876,R,strikeout,True,False
778508,2025-03-31,2025,665833,L,656876,R,single,False,False
778508,2025-03-31,2025,663698,R,656876,R,field_out,False,False
778508,2025-03-31,2025,650490,R,669387,R,field_out,False,False
778508,2025-03-31,2025,664040,L,669387,R,strikeout,True,False
778508,2025-03-31,2025,691406,R,669387,R,strikeout,True,False
778508,2025-03-31,2025,669261,L,656876,R,field_out,False,False
778508,2025-03-31,2025,663647,R,656876,R,field_out,False,False
778508,2025-03-31,2025,682848,L,656876,R,field_out,False,False
778508,2025-03-31,2025,666018,L,669387,R,single,False,False
778508,2025-03-31,2025,666624,R,669387,R,grounded_into_double_play,False,False
778508,2025-03-31,2025,670224,L,669387,R,field_out,False,False
778508,2025-03-31,2025,624428,L,656876,R,strikeout,True,False
778508,2025-03-31,2025,643396,R,656876,R,single,False,False
778508,2025-03-31,2025,502054,R,656876,R,field_out,False,False
778508,2025-03-31,2025,668804,L,656876,R,field_out,False,False
778508,2025-03-31,2025,643376,R,669387,R,field_out,False,False
778508,2025-03-31,2025,663968,L,669387,R,single,False,False
778508,2025-03-31,2025,676609,R,669387,R,walk,False,True
778508,2025-03-31,2025,650490,R,669387,R,field_out,False,False
778508,2025-03-31,2025,664040,L,669387,R,strikeout,True,False
778508,2025-03-31,2025,665833,L,656876,R,field_out,False,False
778508,2025-03-31,2025,663698,R,656876,R,field_out,False,False
778508,2025-03-31,2025,669261,L,656876,R,strikeout,True,False
778508,2025-03-31,2025,691406,R,669387,R,single,False,False
778508,2025-03-31,2025,666018,L,669387,R,double,False,False
778508,2025-04-01,2025,666624,R,669387,R,single,False,False
778508,2025-04-01,2025,670224,L,669387,R,double,False,False
778508,2025-04-01,2025,643376,R,669387,R,strikeout,True,False
778508,2025-04-01,2025,663968,L,669387,R,single,False,False
778508,2025-04-01,2025,676609,R,669387,R,walk,False,True
778508,2025-04-01,2025,650490,R,669387,R,force_out,False,False
778508,2025-04-01,2025,664040,L,641835,L,walk,False,True
778508,2025-04-01,2025,691406,R,641835,L,field_out,False,False
778508,2025-04-01,2025,663647,R,656876,R,field_out,False,False
778508,2025-04-01,2025,682848,L,656876,R,field_out,False,False
778508,2025-04-01,2025,624428,L,656876,R,field_out,False,False
778508,2025-04-01,2025,666018,L,641835,L,strikeout,True,False
778508,2025-04-01,2025,666624,R,641835,L,strikeout,True,False
778508,2025-04-01,2025,670224,L,641835,L,field_out,False,False
778508,2025-04-01,2025,643396,R,685801,R,field_out,False,False
778508,2025-04-01,2025,502054,R,685801,R,field_out,False,False
778508,2025-04-01,2025,668804,L,685801,R,field_out,False,False
778508,2025-04-01,2025,643376,R,641835,L,field_out,False,False
778508,2025-04-01,2025,663968,R,641835,L,double,False,False
778508,2025-04-01,2025,676609,R,641835,L,double,False,False
778508,2025-04-01,2025,650490,R,621366,L,field_out,False,False
778508,2025-04-01,2025,664040,L,621366,L,strikeout,True,False
778508,2025-04-01,2025,665833,L,685801,R,strikeout,True,False
778508,2025-04-01,2025,663698,R,685801,R,field_out,False,False
778508,2025-04-01,2025,669261,L,685801,R,strikeout,True,False
778508,2025-04-01,2025,691406,R,621366,L,field_out,False,False
778508,2025-04-01,2025,666018,L,621366,L,walk,False,True
778508,2025-04-01,2025,666624,R,621366,L,strikeout,True,False
778508,2025-04-01,2025,670224,L,621366,L,strikeout,True,False
778508,2025-04-01,2025,663647,R,669438,R,field_out,False,False
778508,2025-04-01,2025,682848,L,669438,R,double,False,False
778508,2025-04-01,2025,624428,L,669438,R,single,False,False
778508,2025-04-01,2025,643396,R,669438,R,strikeout,True,False
778508,2025-04-01,2025,502054,R,669438,R,strikeout,True,False
778508,2025-04-01,2025,643376,R,666214,L,walk,False,True
778508,2025-04-01,2025,663968,R,666214,L,single,False,False
778508,2025-04-01,2025,676609,R,666214,L,strikeout,True,False
778508,2025-04-01,2025,650490,R,666214,L,sac_fly,False,False
778508,2025-04-01,2025,664040,L,666214,L,field_out,False,False
778508,2025-04-01,2025,668804,L,655889,R,strikeout,True,False
778508,2025-04-01,2025,665833,L,655889,R,field_out,False,False
778508,2025-04-01,2025,663698,R,655889,R,strikeout,True,False
778509,2025-03-31,2025,516782,R,615698,R,strikeout,True,False
778509,2025-03-31,2025,665742,L,615698,R,single,False,False
778509,2025-03-31,2025,624413,R,615698,R,field_out,False,False
778509,2025-03-31,2025,607043,L,615698,R,field_out,False,False
778509,2025-03-31,2025,669364,R,656849,L,strikeout,True,False
778509,2025-03-31,2025,672640,R,656849,L,home_run,False,False
778509,2025-03-31,2025,676572,R,656849,L,strikeout,True,False
778509,2025-03-31,2025,656537,R,656849,L,strikeout,True,False
778509,2025-03-31,2025,668901,R,615698,R,double,False,False
778509,2025-03-31,2025,620443,R,615698,R,field_out,False,False
778509,2025-03-31,2025,683146,L,615698,R,field_out,False,False
778509,2025-03-31,2025,682668,R,615698,R,field_out,False,False
778509,2025-03-31,2025,681146,R,656849,L,walk,False,True
778509,2025-03-31,2025,667472,R,656849,L,walk,False,True
778509,2025-03-31,2025,689414,L,656849,L,sac_bunt,False,False
778509,2025-03-31,2025,691594,R,656849,L,strikeout,True,False
778509,2025-03-31,2025,688363,L,656849,L,strikeout,True,False
778509,2025-03-31,2025,642350,R,615698,R,strikeout,True,False
778509,2025-03-31,2025,516782,R,615698,R,home_run,False,False
778509,2025-03-31,2025,665742,L,615698,R,field_out,False,False
778509,2025-03-31,2025,624413,R,615698,R,single,False,False
778509,2025-03-31,2025,607043,L,615698,R,field_out,False,False
778509,2025-03-31,2025,669364,R,656849,L,field_out,False,False
778509,2025-03-31,2025,672640,R,656849,L,strikeout,True,False
778509,2025-03-31,2025,676572,R,656849,L,strikeout,True,False
778509,2025-03-31,2025,668901,R,615698,R,field_out,False,False
778509,2025-03-31,2025,620443,R,615698,R,single,False,False
778509,2025-03-31,2025,683146,L,615698,R,grounded_into_double_play,False,False
778509,2025-03-31,2025,656537,R,656849,L,walk,False,True
778509,2025-03-31,2025,681146,R,656849,L,field_out,False,False
778509,2025-03-31,2025,667472,R,656849,L,single,False,False
778509,2025-03-31,2025,689414,L,656849,L,grounded_into_double_play,False,False
778509,2025-03-31,2025,682668,R,615698,R,single,False,False
778509,2025-03-31,2025,642350,R,615698,R,double,False,False
778509,2025-03-31,2025,516782,R,615698,R,hit_by_pitch,False,False
778509,2025-03-31,2025,665742,L,615698,R,walk,False,True
778509,2025-04-01,2025,624413,R,615698,R,home_run,False,False
778509,2025-04-01,2025,607043,L,666277,R,field_out,False,False
778509,2025-04-01,2025,668901,R,666277,R,walk,False,True
778509,2025-04-01,2025,620443,R,666277,R,home_run,False,False
778509,2025-04-01,2025,683146,L,666277,R,double,False,False
778509,2025-04-01,2025,682668,R,666277,R,field_out,False,False
778509,2025-04-01,2025,642350,R,666277,R,field_out,False,False
778509,2025-04-01,2025,691594,R,656849,L,strikeout,True,False
778509,2025-04-01,2025,688363,L,656849,L,double,False,False
778509,2025-04-01,2025,669364,R,656849,L,fielders_choice_out,False,False
778509,2025-04-01,2025,672640,R,656849,L,field_out,False,False
778509,2025-04-01,2025,516782,R,666277,R,hit_by_pitch,False,False
778509,2025-04-01,2025,665742,L,666277,R,grounded_into_double_play,False,False
778509,2025-04-01,2025,624413,R,666277,R,walk,False,True
778509,2025-04-01,2025,607043,L,666277,R,home_run,False,False
778509,2025-04-01,2025,668901,R,666277,R,strikeout,True,False
778509,2025-04-01,2025,676572,R,656849,L,home_run,False,False
778509,2025-04-01,2025,656537,R,656849,L,field_out,False,False
778509,2025-04-01,2025,681146,R,656849,L,single,False,False
778509,2025-04-01,2025,667472,R,656849,L,force_out,False,False
778509,2025-04-01,2025,689414,L,656849,L,strikeout,True,False
778509,2025-04-01,2025,620443,R,678215,R,field_out,False,False
778509,2025-04-01,2025,683146,L,678215,R,field_out,False,False
778509,2025-04-01,2025,682668,R,678215,R,field_out,False,False
778509,2025-04-01,2025,691594,R,623211,R,field_out,False,False
778509,2025-04-01,2025,688363,L,623211,R,strikeout,True,False
778509,2025-04-01,2025,665052,L,623211,R,field_out,False,False
778509,2025-04-01,2025,642350,R,678215,R,field_out,False,False
778509,2025-04-01,2025,516782,R,678215,R,strikeout,True,False
778509,2025-04-01,2025,665742,L,678215,R,field_out,False,False
778509,2025-04-01,2025,672640,R,623211,R,single,False,False
778509,2025-04-01,2025,676572,R,623211,R,field_out,False,False
778509,2025-04-01,2025,656537,R,623211,R,hit_by_pitch,False,False
778509,2025-04-01,2025,681146,R,623211,R,strikeout,True,False
778509,2025-04-01,2025,667472,R,623211,R,force_out,False,False
778509,2025-04-01,2025,624413,R,678215,R,field_out,False,False
778509,2025-04-01,2025,621438,R,678215,R,field_out,False,False
778509,2025-04-01,2025,668901,R,678215,R,field_out,False,False
778509,2025-04-01,2025,689414,L,664849,L,field_out,False,False
778509,2025-04-01,2025,691594,R,664849,L,field_out,False,False
778509,2025-04-01,2025,688363,L,664849,L,walk,False,True
778509,2025-04-01,2025,665052,L,664849,L,single,False,False
778509,2025-04-01,2025,672640,R,664849,L,single,False,False
778509,2025-04-01,2025,676572,R,664849,L,single,False,False
778509,2025-04-01,2025,656537,R,664849,L,strikeout,True,False
778511,2025-03-31,2025,543760,R,663903,R,strikeout,True,False
778511,2025-03-31,2025,608369,L,663903,R,strikeout,True,False
778511,2025-03-31,2025,694671,R,663903,R,field_out,False,False
778511,2025-03-31,2025,670770,L,677958,R,single,False,False
778511,2025-03-31,2025,680574,R,677958,R,home_run,False,False
778511,2025-03-31,2025,682829,L,677958,R,single,False,False
778511,2025-03-31,2025,666158,L,677958,R,double,False,False
778511,2025-03-31,2025,600869,L,677958,R,strikeout,True,False
778511,2025-03-31,2025,687952,R,677958,R,field_out,False,False
778511,2025-03-31,2025,668715,R,677958,R,field_out,False,False
778511,2025-03-31,2025,592626,L,663903,R,field_out,False,False
778511,2025-03-31,2025,666969,R,663903,R,double,False,False
778511,2025-03-31,2025,669394,R,663903,R,field_out,False,False
778511,2025-03-31,2025,669701,L,663903,R,field_out,False,False
778511,2025-03-31,2025,641584,L,677958,R,field_out,False,False
778511,2025-03-31,2025,624431,R,677958,R,single,False,False
778511,2025-03-31,2025,670770,L,677958,R,field_out,False,False
778511,2025-03-31,2025,680574,R,677958,R,walk,False,True
778511,2025-03-31,2025,682829,L,677958,R,home_run,False,False
778511,2025-03-31,2025,666158,L,677958,R,walk,False,True
778511,2025-03-31,2025,600869,L,677958,R,single,False,False
778511,2025-03-31,2025,687952,R,677958,R,strikeout,True,False
778511,2025-03-31,2025,641680,L,663903,R,field_out,False,False
778511,2025-03-31,2025,665750,L,663903,R,strikeout,True,False
778511,2025-03-31,2025,543760,R,663903,R,walk,False,True
778511,2025-03-31,2025,608369,L,663903,R,field_out,False,False
778511,2025-03-31,2025,668715,R,677958,R,field_out,False,False
778511,2025-03-31,2025,641584,L,677958,R,field_out,False,False
778511,2025-03-31,2025,624431,R,677958,R,strikeout,True,False
778511,2025-03-31,2025,694671,R,663903,R,field_out,False,False
778511,2025-03-31,2025,592626,L,663903,R,field_out,False,False
778511,2025-03-31,2025,666969,R,663903,R,field_out,False,False
778511,2025-03-31,2025,670770,L,687847,R,walk,False,True
778511,2025-03-31,2025,680574,R,687847,R,strikeout,True,False
778511,2025-03-31,2025,682829,L,687847,R,field_out,False,False
778511,2025-03-31,2025,666158,L,687847,R,field_out,False,False
778511,2025-03-31,2025,669394,R,663903,R,field_out,False,False
778511,2025-03-31,2025,669701,L,663903,R,field_out,False,False
778511,2025-03-31,2025,641680,L,663903,R,field_out,False,False
778511,2025-03-31,2025,600869,L,687847,R,strikeout,True,False
778511,2025-03-31,2025,687952,R,687847,R,walk,False,True
778511,2025-04-01,2025,668715,R,642520,R,grounded_into_double_play,False,False
778511,2025-04-01,2025,665750,L,663903,R,strikeout,True,False
778511,2025-04-01,2025,543760,R,663903,R,strikeout,True,False
778511,2025-04-01,2025,608369,L,663903,R,walk,False,True
778511,2025-04-01,2025,694671,R,663903,R,strikeout,True,False
778511,2025-04-01,2025,641584,L,642520,R,field_error,False,False
778511,2025-04-01,2025,624431,R,642520,R,single,False,False
778511,2025-04-01,2025,670770,L,642520,R,single,False,False
778511,2025-04-01,2025,680574,R,642520,R,single,False,False
778511,2025-04-01,2025,682829,L,642520,R,double,False,False
778511,2025-04-01,2025,666158,L,642520,R,field_out,False,False
778511,2025-04-01,2025,600869,L,642520,R,strikeout,True,False
778511,2025-04-01,2025,687952,R,642520,R,hit_by_pitch,False,False
778511,2025-04-01,2025,668715,R,642520,R,single,False,False
778511,2025-04-01,2025,641584,L,642520,R,single,False,False
778511,2025-04-01,2025,624431,R,642520,R,strikeout,True,False
778511,2025-04-01,2025,592626,L,663903,R,strikeout,True,False
778511,2025-04-01,2025,607680,R,663903,R,field_out,False,False
778511,2025-04-01,2025,669394,R,663903,R,strikeout,True,False
778511,2025-04-01,2025,670770,L,642520,R,field_out,False,False
778511,2025-04-01,2025,680574,R,642520,R,hit_by_pitch,False,False
778511,2025-04-01,2025,682829,L,642520,R,home_run,False,False
778511,2025-04-01,2025,694362,R,642520,R,field_out,False,False
778511,2025-04-01,2025,600869,L,642520,R,strikeout,True,False
778511,2025-04-01,2025,669701,L,594580,L,walk,False,True
778511,2025-04-01,2025,641680,R,594580,L,single,False,False
778511,2025-04-01,2025,665750,R,594580,L,field_out,False,False
778511,2025-04-01,2025,543760,R,594580,L,field_out,False,False
778511,2025-04-01,2025,680716,R,594580,L,walk,False,True
778511,2025-04-01,2025,694671,R,594580,L,field_out,False,False
778511,2025-04-01,2025,669289,R,677649,R,field_out,False,False
778511,2025-04-01,2025,668715,R,677649,R,field_out,False,False
778511,2025-04-01,2025,641584,L,677649,R,field_out,False,False
778511,2025-04-01,2025,677649,R,608718,L,field_out,False,False
778511,2025-04-01,2025,607680,R,608718,L,double,False,False
778511,2025-04-01,2025,669394,R,608718,L,home_run,False,False
778511,2025-04-01,2025,669701,L,608718,L,strikeout,True,False
778511,2025-04-01,2025,641680,R,608718,L,single,False,False
778511,2025-04-01,2025,665750,R,608718,L,field_out,False,False
778502,2025-03-31,2025,686668,R,650911,L,walk,False,True
778502,2025-03-31,2025,678662,R,650911,L,field_out,False,False
778502,2025-03-31,2025,641857,L,650911,L,field_out,False,False
778502,2025-03-31,2025,696100,R,650911,L,field_out,False,False
778502,2025-03-31,2025,656941,L,608566,R,field_out,False,False
778502,2025-03-31,2025,664761,R,608566,R,field_out,False,False
778502,2025-03-31,2025,547180,L,608566,R,field_out,False,False
778502,2025-03-31,2025,592178,R,650911,L,strikeout,True,False
778502,2025-03-31,2025,669911,R,650911,L,field_out,False,False
778502,2025-03-31,2025,571657,R,650911,L,field_out,False,False
778502,2025-03-31,2025,592663,R,608566,R,strikeout,True,False
778502,2025-03-31,2025,596146,L,608566,R,double,False,False
778502,2025-03-31,2025,592206,R,608566,R,field_out,False,False
778502,2025-03-31,2025,681082,L,608566,R,field_out,False,False
778502,2025-03-31,2025,656248,R,650911,L,strikeout,True,False
778502,2025-03-31,2025,687597,R,650911,L,walk,False,True
778502,2025-03-31,2025,686668,R,650911,L,single,False,False
778502,2025-03-31,2025,678662,R,650911,L,field_out,False,False
778502,2025-03-31,2025,641857,L,650911,L,strikeout,True,False
778502,2025-03-31,2025,669016,L,608566,R,field_out,False,False
778502,2025-03-31,2025,624641,R,608566,R,field_out,False,False
778502,2025-03-31,2025,656941,L,608566,R,field_out,False,False
778502,2025-03-31,2025,696100,R,650911,L,field_out,False,False
778502,2025-03-31,2025,592178,R,650911,L,strikeout,True,False
778502,2025-03-31,2025,669911,R,650911,L,strikeout,True,False
778502,2025-03-31,2025,664761,R,608566,R,single,False,False
778502,2025-03-31,2025,547180,L,608566,R,field_out,False,False
778502,2025-03-31,2025,592663,R,608566,R,field_out,False,False
778502,2025-03-31,2025,596146,L,608566,R,field_out,False,False
778502,2025-03-31,2025,571657,R,650911,L,strikeout,True,False
778502,2025-03-31,2025,656248,R,650911,L,strikeout,True,False
778502,2025-03-31,2025,687597,R,650911,L,single,False,False
778502,2025-03-31,2025,686668,R,650911,L,single,False,False
778502,2025-03-31,2025,678662,R,650911,L,field_out,False,False
778502,2025-03-31,2025,592206,R,608566,R,single,False,False
778502,2025-03-31,2025,681082,L,608566,R,field_out,False,False
778502,2025-03-31,2025,669016,L,608566,R,field_out,False,False
778502,2025-03-31,2025,624641,R,608566,R,double,False,False
778502,2025-03-31,2025,656941,L,608566,R,strikeout,True,False
778502,2025-03-31,2025,641857,L,650911,L,field_out,False,False
778502,2025-03-31,2025,696100,R,650911,L,home_run,False,False
778502,2025-03-31,2025,592178,R,689147,R,walk,False,True
778502,2025-03-31,2025,669911,L,689147,R,field_out,False,False
778502,2025-03-31,2025,571657,R,689147,R,field_out,False,False
778502,2025-03-31,2025,664761,R,608566,R,strikeout,True,False
778502,2025-03-31,2025,547180,L,608566,R,field_out,False,False
778502,2025-03-31,2025,592663,R,608566,R,strikeout,True,False
778502,2025-03-31,2025,605361,L,605452,R,field_out,False,False
778502,2025-03-31,2025,687597,R,605452,R,strikeout,True,False
778502,2025-03-31,2025,686668,R,605452,R,single,False,False
778502,2025-03-31,2025,678662,R,605452,R,force_out,False,False
778502,2025-03-31,2025,596146,L,518397,L,single,False,False
778502,2025-03-31,2025,592206,R,518397,L,grounded_into_double_play,False,False
778502,2025-03-31,2025,681082,L,518397,L,double,False,False
778502,2025-03-31,2025,607208,R,518397,L,walk,False,True
778502,2025-03-31,2025,624641,R,680767,R,double,False,False
778502,2025-03-31,2025,656941,L,680767,R,home_run,False,False
778502,2025-03-31,2025,664761,R,680767,R,field_out,False,False
778502,2025-03-31,2025,641857,L,621237,L,strikeout,True,False
778502,2025-03-31,2025,696100,R,621237,L,strikeout,True,False
778502,2025-03-31,2025,592178,R,621237,L,walk,False,True
778502,2025-03-31,2025,669911,R,621237,L,strikeout,True,False
778502,2025-03-31,2025,547180,L,687134,R,single,False,False
778502,2025-03-31,2025,592663,R,687134,R,field_out,False,False
778502,2025-03-31,2025,596146,L,687134,R,home_run,False,False
778502,2025-03-31,2025,592206,R,687134,R,home_run,False,False
778502,2025-03-31,2025,681082,L,687134,R,strikeout,True,False
778502,2025-03-31,2025,571657,R,605447,R,single,False,False
778502,2025-03-31,2025,605361,L,605447,R,strikeout,True,False
778502,2025-03-31,2025,687597,R,605447,R,strikeout,True,False
778502,2025-03-31,2025,686668,R,605447,R,field_out,False,False
778503,2025-03-31,2025,621493,R,571945,R,strikeout,True,False
778503,2025-03-31,2025,694384,L,571945,R,single,False,False
778503,2025-03-31,2025,545361,R,571945,R,field_out,False,False
778503,2025-03-31,2025,624585,R,571945,R,field_out,False,False
778503,2025-03-31,2025,663457,L,542881,L,home_run,False,False
778503,2025-03-31,2025,575929,R,542881,L,field_out,False,False
778503,2025-03-31,2025,663609,R,542881,L,single,False,False
778503,2025-03-31,2025,571448,R,542881,L,field_out,False,False
778503,2025-04-01,2025,671056,R,542881,L,field_out,False,False
778503,2025-04-01,2025,660162,L,571945,R,field_out,False,False
778503,2025-04-01,2025,681351,R,571945,R,field_out,False,False
778503,2025-04-01,2025,650859,L,571945,R,field_out,False,False
778503,2025-04-01,2025,680977,L,542881,L,home_run,False,False
778503,2025-04-01,2025,691023,R,542881,L,field_out,False,False
778503,2025-04-01,2025,687363,L,542881,L,double,False,False
778503,2025-04-01,2025,691026,R,542881,L,field_out,False,False
778503,2025-04-01,2025,663457,L,542881,L,strikeout,True,False
778503,2025-04-01,2025,677347,R,571945,R,walk,False,True
778503,2025-04-01,2025,621028,R,571945,R,field_out,False,False
778503,2025-04-01,2025,621493,R,571945,R,sac_fly,False,False
778503,2025-04-01,2025,694384,L,571945,R,strikeout,True,False
778503,2025-04-01,2025,575929,R,542881,L,strikeout,True,False
778503,2025-04-01,2025,663609,R,542881,L,single,False,False
778503,2025-04-01,2025,571448,R,542881,L,field_out,False,False
778503,2025-04-01,2025,671056,R,542881,L,field_out,False,False
778503,2025-04-01,2025,545361,R,571945,R,field_out,False,False
778503,2025-04-01,2025,624585,R,571945,R,field_out,False,False
778503,2025-04-01,2025,660162,L,571945,R,field_out,False,False
778503,2025-04-01,2025,680977,L,542881,L,field_out,False,False
778503,2025-04-01,2025,691023,R,542881,L,strikeout,True,False
778503,2025-04-01,2025,687363,L,542881,L,field_out,False,False
778503,2025-04-01,2025,681351,R,571945,R,strikeout,True,False
778503,2025-04-01,2025,650859,L,571945,R,field_out,False,False
778503,2025-04-01,2025,677347,R,571945,R,field_out,False,False
778503,2025-04-01,2025,691026,R,542881,L,field_out,False,False
778503,2025-04-01,2025,663457,L,542881,L,walk,False,True
778503,2025-04-01,2025,575929,R,542881,L,strikeout,True,False
778503,2025-04-01,2025,663609,R,542881,L,walk,False,True
778503,2025-04-01,2025,571448,R,542881,L,single,False,False
778503,2025-04-01,2025,621028,R,571945,R,field_out,False,False
778503,2025-04-01,2025,621493,R,571945,R,walk,False,True
778503,2025-04-01,2025,694384,L,571945,R,single,False,False
778503,2025-04-01,2025,545361,R,688297,R,sac_fly,False,False
778503,2025-04-01,2025,624585,R,688297,R,strikeout,True,False
778503,2025-04-01,2025,671056,R,672282,L,strikeout,True,False
778503,2025-04-01,2025,680977,L,672282,L,field_out,False,False
778503,2025-04-01,2025,691023,R,672282,L,single,False,False
778503,2025-04-01,2025,687363,L,672282,L,walk,False,True
778503,2025-04-01,2025,691026,R,672282,L,strikeout,True,False
778503,2025-04-01,2025,660162,L,681676,R,field_out,False,False
778503,2025-04-01,2025,681351,R,681676,R,strikeout,True,False
778503,2025-04-01,2025,650859,L,681676,R,walk,False,True
778503,2025-04-01,2025,677347,R,681676,R,triple,False,False
778503,2025-04-01,2025,621028,R,681676,R,field_out,False,False
778503,2025-04-01,2025,663457,L,672282,L,walk,False,True
778503,2025-04-01,2025,575929,R,672282,L,strikeout,True,False
778503,2025-04-01,2025,663609,R,672282,L,field_out,False,False
778503,2025-04-01,2025,571448,R,666171,R,field_out,False,False
778503,2025-04-01,2025,621493,R,664208,R,strikeout,True,False
778503,2025-04-01,2025,694384,L,664208,R,strikeout,True,False
778503,2025-04-01,2025,545361,R,664208,R,strikeout,True,False
778503,2025-04-01,2025,686780,R,680729,L,field_out,False,False
778503,2025-04-01,2025,680977,L,680729,L,field_out,False,False
778503,2025-04-01,2025,691023,R,680729,L,single,False,False
778503,2025-04-01,2025,687363,L,680729,L,single,False,False
778503,2025-04-01,2025,691026,R,680729,L,force_out,False,False
778503,2025-04-01,2025,624585,R,664854,R,single,False,False
778503,2025-04-01,2025,660162,L,664854,R,strikeout,True,False
778503,2025-04-01,2025,681351,R,664854,R,strikeout,True,False
778503,2025-04-01,2025,650859,L,664854,R,field_out,False,False
778503,2025-04-01,2025,663457,L,656271,L,single,False,False
778503,2025-04-01,2025,575929,R,656271,L,sac_bunt,False,False
778503,2025-04-01,2025,663609,R,656271,L,strikeout,True,False
778503,2025-04-01,2025,571448,R,656271,L,intent_walk,False,True
778503,2025-04-01,2025,686780,R,656271,L,field_out,False,False
778503,2025-04-01,2025,677347,R,668941,L,walk,False,True
778503,2025-04-01,2025,621028,R,668941,L,sac_bunt,False,False
778503,2025-04-01,2025,621493,R,668941,L,intent_walk,False,True
778503,2025-04-01,2025,694384,L,668941,L,fielders_choice,False,False
778503,2025-04-01,2025,545361,R,668941,L,sac_fly_double_play,False,False
778503,2025-04-01,2025,680977,L,696270,R,field_out,False,False
778503,2025-04-01,2025,676475,L,696270,R,single,False,False
778503,2025-04-01,2025,687363,L,696270,R,sac_fly,False,False
778503,2025-04-01,2025,691026,R,696270,R,strikeout,True,False
778504,2025-03-31,2025,663697,R,660730,R,single,False,False
778504,2025-03-31,2025,677951,R,660730,R,single,False,False
778504,2025-03-31,2025,686469,L,660730,R,field_out,False,False
778504,2025-03-31,2025,521692,R,660730,R,strikeout,True,False
778504,2025-03-31,2025,686681,L,660730,R,double,False,False
778504,2025-03-31,2025,592669,R,660730,R,single,False,False
778504,2025-03-31,2025,669004,L,660730,R,strikeout,True,False
778504,2025-03-31,2025,694192,R,663460,L,strikeout,True,False
778504,2025-03-31,2025,592885,L,663460,L,strikeout,True,False
778504,2025-03-31,2025,661388,R,663460,L,strikeout,True,False
778504,2025-03-31,2025,592192,R,660730,R,field_out,False,False
778504,2025-03-31,2025,672580,R,660730,R,home_run,False,False
778504,2025-03-31,2025,663697,R,660730,R,field_out,False,False
778504,2025-03-31,2025,677951,R,660730,R,field_out,False,False
778504,2025-03-31,2025,656555,R,663460,L,field_out,False,False
778504,2025-03-31,2025,686217,L,663460,L,walk,False,True
778504,2025-03-31,2025,681962,R,663460,L,field_out,False,False
778504,2025-03-31,2025,669003,L,663460,L,single,False,False
778504,2025-03-31,2025,687401,R,663460,L,single,False,False
778504,2025-03-31,2025,668930,L,663460,L,field_out,False,False
778504,2025-03-31,2025,686469,L,660730,R,field_out,False,False
778504,2025-03-31,2025,521692,R,660730,R,single,False,False
778504,2025-03-31,2025,686681,L,660730,R,field_out,False,False
778504,2025-03-31,2025,592669,R,660730,R,field_out,False,False
778504,2025-03-31,2025,694192,R,663460,L,strikeout,True,False
778504,2025-03-31,2025,592885,L,663460,L,hit_by_pitch,False,False
778504,2025-03-31,2025,661388,R,663460,L,strikeout,True,False
778504,2025-03-31,2025,656555,R,663460,L,walk,False,True
778504,2025-03-31,2025,686217,L,663460,L,field_out,False,False
778504,2025-03-31,2025,669004,L,660730,R,strikeout,True,False
778504,2025-03-31,2025,592192,R,660730,R,field_out,False,False
778504,2025-03-31,2025,672580,R,660730,R,walk,False,True
778504,2025-03-31,2025,663697,R,660730,R,field_out,False,False
778504,2025-03-31,2025,681962,R,663460,L,strikeout,True,False
778504,2025-03-31,2025,669003,L,663460,L,strikeout,True,False
778504,2025-03-31,2025,687401,R,663460,L,field_out,False,False
778504,2025-03-31,2025,677951,R,663542,L,hit_by_pitch,False,False
778504,2025-03-31,2025,686469,L,663542,L,strikeout,True,False
778504,2025-03-31,2025,521692,R,663542,L,walk,False,True
778504,2025-03-31,2025,686681,L,663542,L,strikeout,True,False
778504,2025-03-31,2025,592669,R,663542,L,walk,False,True
778504,2025-03-31,2025,669004,L,663542,L,field_out,False,False
778504,2025-03-31,2025,668930,L,663460,L,single,False,False
778504,2025-03-31,2025,694192,R,663460,L,strikeout,True,False
778504,2025-03-31,2025,592885,L,663460,L,field_out,False,False
778504,2025-03-31,2025,661388,R,663460,L,field_out,False,False
778504,2025-03-31,2025,592192,R,665625,R,hit_by_pitch,False,False
778504,2025-03-31,2025,672580,R,665625,R,field_out,False,False
778504,2025-03-31,2025,663697,R,665625,R,single,False,False
778504,2025-03-31,2025,677951,R,665625,R,field_out,False,False
778504,2025-03-31,2025,686469,L,665625,R,field_out,False,False
778504,2025-03-31,2025,656555,R,663460,L,field_out,False,False
778504,2025-03-31,2025,686217,L,663460,L,field_out,False,False
778504,2025-03-31,2025,681962,R,663460,L,field_out,False,False
778504,2025-03-31,2025,521692,R,665625,R,home_run,False,False
778504,2025-03-31,2025,686681,L,665625,R,single,False,False
778504,2025-03-31,2025,592669,R,665625,R,field_out,False,False
778504,2025-03-31,2025,669004,L,665625,R,single,False,False
778504,2025-03-31,2025,592192,R,665625,R,walk,False,True
778504,2025-03-31,2025,672580,R,681982,R,walk,False,True
778504,2025-03-31,2025,663697,R,681982,R,single,False,False
778504,2025-03-31,2025,677951,R,681982,R,single,False,False
778504,2025-03-31,2025,686469,L,681982,R,field_out,False,False
778504,2025-03-31,2025,521692,R,681982,R,field_out,False,False
778504,2025-03-31,2025,686555,R,672582,L,double,False,False
778504,2025-03-31,2025,687401,R,672582,L,strikeout,True,False
778504,2025-03-31,2025,668930,L,672582,L,field_out,False,False
778504,2025-03-31,2025,694192,R,672582,L,double,False,False
778504,2025-03-31,2025,592885,L,672582,L,field_out,False,False
778504,2025-03-31,2025,686475,R,681982,R,strikeout,True,False
778504,2025-03-31,2025,592669,R,681982,R,field_out,False,False
778504,2025-03-31,2025,669004,L,681982,R,field_out,False,False
778504,2025-03-31,2025,661388,R,663738,L,walk,False,True
778504,2025-03-31,2025,656555,R,663738,L,strikeout,True,False
778504,2025-03-31,2025,686217,L,663738,L,single,False,False
778504,2025-03-31,2025,681962,R,663738,L,grounded_into_double_play,False,False
778504,2025-03-31,2025,592192,R,681982,R,double,False,False
778504,2025-03-31,2025,672580,R,681982,R,field_out,False,False
778504,2025-03-31,2025,624415,L,681982,R,single,False,False
778504,2025-03-31,2025,677951,R,681982,R,field_out,False,False
778504,2025-03-31,2025,666023,R,681982,R,strikeout,True,False
778504,2025-03-31,2025,686555,R,663738,L,field_out,False,False
778504,2025-03-31,2025,687401,R,663738,L,field_out,False,False
778504,2025-03-31,2025,668930,L,663738,L,strikeout,True,False
778509,2025-03-31,2025,516782,R,615698,R,strikeout,True,False
778509,2025-03-31,2025,665742,L,615698,R,single,False,False
778509,2025-03-31,2025,624413,R,615698,R,field_out,False,False
778509,2025-03-31,2025,607043,L,615698,R,field_out,False,False
778509,2025-03-31,2025,669364,R,656849,L,strikeout,True,False
778509,2025-03-31,2025,672640,R,656849,L,home_run,False,False
778509,2025-03-31,2025,676572,R,656849,L,strikeout,True,False
778509,2025-03-31,2025,656537,R,656849,L,strikeout,True,False
778509,2025-03-31,2025,668901,R,615698,R,double,False,False
778509,2025-03-31,2025,620443,R,615698,R,field_out,False,False
778509,2025-03-31,2025,683146,L,615698,R,field_out,False,False
778509,2025-03-31,2025,682668,R,615698,R,field_out,False,False
778509,2025-03-31,2025,681146,R,656849,L,walk,False,True
778509,2025-03-31,2025,667472,R,656849,L,walk,False,True
778509,2025-03-31,2025,689414,L,656849,L,sac_bunt,False,False
778509,2025-03-31,2025,691594,R,656849,L,strikeout,True,False
778509,2025-03-31,2025,688363,L,656849,L,strikeout,True,False
778509,2025-03-31,2025,642350,R,615698,R,strikeout,True,False
778509,2025-03-31,2025,516782,R,615698,R,home_run,False,False
778509,2025-03-31,2025,665742,L,615698,R,field_out,False,False
778509,2025-03-31,2025,624413,R,615698,R,single,False,False
778509,2025-03-31,2025,607043,L,615698,R,field_out,False,False
778509,2025-03-31,2025,669364,R,656849,L,field_out,False,False
778509,2025-03-31,2025,672640,R,656849,L,strikeout,True,False
778509,2025-03-31,2025,676572,R,656849,L,strikeout,True,False
778509,2025-03-31,2025,668901,R,615698,R,field_out,False,False
778509,2025-03-31,2025,620443,R,615698,R,single,False,False
778509,2025-03-31,2025,683146,L,615698,R,grounded_into_double_play,False,False
778509,2025-03-31,2025,656537,R,656849,L,walk,False,True
778509,2025-03-31,2025,681146,R,656849,L,field_out,False,False
778509,2025-03-31,2025,667472,R,656849,L,single,False,False
778509,2025-03-31,2025,689414,L,656849,L,grounded_into_double_play,False,False
778509,2025-03-31,2025,682668,R,615698,R,single,False,False
778509,2025-03-31,2025,642350,R,615698,R,double,False,False
778509,2025-03-31,2025,516782,R,615698,R,hit_by_pitch,False,False
778509,2025-03-31,2025,665742,L,615698,R,walk,False,True
778509,2025-04-01,2025,624413,R,615698,R,home_run,False,False
778509,2025-04-01,2025,607043,L,666277,R,field_out,False,False
778509,2025-04-01,2025,668901,R,666277,R,walk,False,True
778509,2025-04-01,2025,620443,R,666277,R,home_run,False,False
778509,2025-04-01,2025,683146,L,666277,R,double,False,False
778509,2025-04-01,2025,682668,R,666277,R,field_out,False,False
778509,2025-04-01,2025,642350,R,666277,R,field_out,False,False
778509,2025-04-01,2025,691594,R,656849,L,strikeout,True,False
778509,2025-04-01,2025,688363,L,656849,L,double,False,False
778509,2025-04-01,2025,669364,R,656849,L,fielders_choice_out,False,False
778509,2025-04-01,2025,672640,R,656849,L,field_out,False,False
778509,2025-04-01,2025,516782,R,666277,R,hit_by_pitch,False,False
778509,2025-04-01,2025,665742,L,666277,R,grounded_into_double_play,False,False
778509,2025-04-01,2025,624413,R,666277,R,walk,False,True
778509,2025-04-01,2025,607043,L,666277,R,home_run,False,False
778509,2025-04-01,2025,668901,R,666277,R,strikeout,True,False
778509,2025-04-01,2025,676572,R,656849,L,home_run,False,False
778509,2025-04-01,2025,656537,R,656849,L,field_out,False,False
778509,2025-04-01,2025,681146,R,656849,L,single,False,False
778509,2025-04-01,2025,667472,R,656849,L,force_out,False,False
778509,2025-04-01,2025,689414,L,656849,L,strikeout,True,False
778509,2025-04-01,2025,620443,R,678215,R,field_out,False,False
778509,2025-04-01,2025,683146,L,678215,R,field_out,False,False
778509,2025-04-01,2025,682668,R,678215,R,field_out,False,False
778509,2025-04-01,2025,691594,R,623211,R,field_out,False,False
778509,2025-04-01,2025,688363,L,623211,R,strikeout,True,False
778509,2025-04-01,2025,665052,L,623211,R,field_out,False,False
778509,2025-04-01,2025,642350,R,678215,R,field_out,False,False
778509,2025-04-01,2025,516782,R,678215,R,strikeout,True,False
778509,2025-04-01,2025,665742,L,678215,R,field_out,False,False
778509,2025-04-01,2025,672640,R,623211,R,single,False,False
778509,2025-04-01,2025,676572,R,623211,R,field_out,False,False
778509,2025-04-01,2025,656537,R,623211,R,hit_by_pitch,False,False
778509,2025-04-01,2025,681146,R,623211,R,strikeout,True,False
778509,2025-04-01,2025,667472,R,623211,R,force_out,False,False
778509,2025-04-01,2025,624413,R,678215,R,field_out,False,False
778509,2025-04-01,2025,621438,R,678215,R,field_out,False,False
778509,2025-04-01,2025,668901,R,678215,R,field_out,False,False
778509,2025-04-01,2025,689414,L,664849,L,field_out,False,False
778509,2025-04-01,2025,691594,R,664849,L,field_out,False,False
778509,2025-04-01,2025,688363,L,664849,L,walk,False,True
778509,2025-04-01,2025,665052,L,664849,L,single,False,False
778509,2025-04-01,2025,672640,R,664849,L,single,False,False
778509,2025-04-01,2025,676572,R,664849,L,single,False,False
778509,2025-04-01,2025,656537,R,664849,L,strikeout,True,False
778506,2025-03-31,2025,621439,R,527048,L,field_out,False,False
778506,2025-03-31,2025,621043,R,527048,L,field_out,False,False
778506,2025-03-31,2025,680777,R,527048,L,field_out,False,False
778506,2025-03-31,2025,678246,R,663978,R,single,False,False
778506,2025-03-31,2025,673357,R,663978,R,walk,False,True
778506,2025-03-31,2025,643217,L,663978,R,field_out,False,False
778506,2025-03-31,2025,683734,R,663978,R,home_run,False,False
778506,2025-03-31,2025,642136,L,663978,R,strikeout,True,False
778506,2025-03-31,2025,672820,R,663978,R,strikeout,True,False
778506,2025-03-31,2025,664034,R,527048,L,field_out,False,False
778506,2025-03-31,2025,669304,R,527048,L,field_out,False,False
778506,2025-03-31,2025,681508,R,527048,L,strikeout,True,False
778506,2025-03-31,2025,608671,L,663978,R,single,False,False
778506,2025-03-31,2025,572191,R,663978,R,single,False,False
778506,2025-03-31,2025,676070,R,663978,R,force_out,False,False
778506,2025-03-31,2025,678246,R,663978,R,walk,False,True
778506,2025-03-31,2025,673357,R,663978,R,sac_fly,False,False
778506,2025-03-31,2025,643217,L,663978,R,home_run,False,False
778506,2025-03-31,2025,683734,R,663978,R,field_out,False,False
778506,2025-03-31,2025,650489,R,527048,L,strikeout,True,False
778506,2025-03-31,2025,664056,R,527048,L,field_out,False,False
778506,2025-03-31,2025,543877,R,527048,L,field_out,False,False
778506,2025-03-31,2025,642136,L,663978,R,walk,False,True
778506,2025-03-31,2025,672820,R,663978,R,field_out,False,False
778506,2025-03-31,2025,608671,L,663978,R,field_out,False,False
778506,2025-03-31,2025,572191,R,663978,R,home_run,False,False
778506,2025-03-31,2025,676070,R,663978,R,field_out,False,False
778506,2025-03-31,2025,666397,L,527048,L,field_out,False,False
778506,2025-03-31,2025,680577,L,527048,L,strikeout,True,False
778506,2025-03-31,2025,680777,R,527048,L,walk,False,True
778506,2025-03-31,2025,664034,R,527048,L,hit_by_pitch,False,False
778506,2025-03-31,2025,669304,R,527048,L,strikeout,True,False
778506,2025-03-31,2025,678246,R,663978,R,walk,False,True
778506,2025-03-31,2025,673357,R,663978,R,field_out,False,False
778506,2025-03-31,2025,643217,L,670766,R,field_out,False,False
778506,2025-03-31,2025,683734,R,670766,R,strikeout,True,False
778506,2025-03-31,2025,681508,R,527048,L,walk,False,True
778506,2025-03-31,2025,650489,R,527048,L,field_out,False,False
778506,2025-03-31,2025,664056,R,527048,L,strikeout,True,False
778506,2025-03-31,2025,543877,R,527048,L,strikeout,True,False
778506,2025-03-31,2025,642136,L,670766,R,field_error,False,False
778506,2025-03-31,2025,672820,R,670766,R,field_out,False,False
778506,2025-03-31,2025,608671,L,670766,R,field_out,False,False
778506,2025-03-31,2025,572191,R,670766,R,field_out,False,False
778506,2025-03-31,2025,666397,L,527048,L,strikeout,True,False
778506,2025-03-31,2025,680577,L,527048,L,strikeout,True,False
778506,2025-03-31,2025,680777,R,527048,L,walk,False,True
778506,2025-03-31,2025,664034,R,527048,L,strikeout,True,False
778506,2025-03-31,2025,676070,R,670766,R,field_out,False,False
778506,2025-03-31,2025,678246,R,670766,R,strikeout,True,False
778506,2025-03-31,2025,596103,R,670766,R,single,False,False
778506,2025-03-31,2025,686676,R,670766,R,force_out,False,False
778506,2025-03-31,2025,669304,R,678024,R,field_out,False,False
778506,2025-03-31,2025,681508,L,678024,R,field_out,False,False
778506,2025-03-31,2025,650489,L,678024,R,single,False,False
778506,2025-03-31,2025,664056,R,678024,R,field_out,False,False
778506,2025-03-31,2025,665155,L,623437,R,walk,False,True
778506,2025-03-31,2025,642136,L,623437,R,strikeout,True,False
778506,2025-03-31,2025,672820,R,623437,R,field_out,False,False
778506,2025-03-31,2025,608671,L,623437,R,field_out,False,False
778506,2025-03-31,2025,543877,R,678024,R,field_out,False,False
778506,2025-03-31,2025,666397,L,678024,R,field_out,False,False
778506,2025-03-31,2025,680577,L,678024,R,field_error,False,False
778506,2025-03-31,2025,680777,R,678024,R,single,False,False
778506,2025-03-31,2025,664034,R,678024,R,strikeout,True,False
778506,2025-03-31,2025,572191,R,650489,R,field_out,False,False
778506,2025-03-31,2025,676070,R,650489,R,field_out,False,False
778506,2025-03-31,2025,681460,L,650489,R,single,False,False
778506,2025-03-31,2025,596103,R,650489,R,field_out,False,False
778506,2025-03-31,2025,669304,R,685126,L,strikeout,True,False
778506,2025-03-31,2025,681508,R,685126,L,walk,False,True
778506,2025-03-31,2025,650489,R,685126,L,strikeout,True,False
778506,2025-03-31,2025,664056,R,685126,L,strikeout,True,False
778503,2025-03-31,2025,621493,R,571945,R,strikeout,True,False
778503,2025-03-31,2025,694384,L,571945,R,single,False,False
778503,2025-03-31,2025,545361,R,571945,R,field_out,False,False
778503,2025-03-31,2025,624585,R,571945,R,field_out,False,False
778503,2025-03-31,2025,663457,L,542881,L,home_run,False,False
778503,2025-03-31,2025,575929,R,542881,L,field_out,False,False
778503,2025-03-31,2025,663609,R,542881,L,single,False,False
778503,2025-03-31,2025,571448,R,542881,L,field_out,False,False
778503,2025-04-01,2025,671056,R,542881,L,field_out,False,False
778503,2025-04-01,2025,660162,L,571945,R,field_out,False,False
778503,2025-04-01,2025,681351,R,571945,R,field_out,False,False
778503,2025-04-01,2025,650859,L,571945,R,field_out,False,False
778503,2025-04-01,2025,680977,L,542881,L,home_run,False,False
778503,2025-04-01,2025,691023,R,542881,L,field_out,False,False
778503,2025-04-01,2025,687363,L,542881,L,double,False,False
778503,2025-04-01,2025,691026,R,542881,L,field_out,False,False
778503,2025-04-01,2025,663457,L,542881,L,strikeout,True,False
778503,2025-04-01,2025,677347,R,571945,R,walk,False,True
778503,2025-04-01,2025,621028,R,571945,R,field_out,False,False
778503,2025-04-01,2025,621493,R,571945,R,sac_fly,False,False
778503,2025-04-01,2025,694384,L,571945,R,strikeout,True,False
778503,2025-04-01,2025,575929,R,542881,L,strikeout,True,False
778503,2025-04-01,2025,663609,R,542881,L,single,False,False
778503,2025-04-01,2025,571448,R,542881,L,field_out,False,False
778503,2025-04-01,2025,671056,R,542881,L,field_out,False,False
778503,2025-04-01,2025,545361,R,571945,R,field_out,False,False
778503,2025-04-01,2025,624585,R,571945,R,field_out,False,False
778503,2025-04-01,2025,660162,L,571945,R,field_out,False,False
778503,2025-04-01,2025,680977,L,542881,L,field_out,False,False
778503,2025-04-01,2025,691023,R,542881,L,strikeout,True,False
778503,2025-04-01,2025,687363,L,542881,L,field_out,False,False
778503,2025-04-01,2025,681351,R,571945,R,strikeout,True,False
778503,2025-04-01,2025,650859,L,571945,R,field_out,False,False
778503,2025-04-01,2025,677347,R,571945,R,field_out,False,False
778503,2025-04-01,2025,691026,R,542881,L,field_out,False,False
778503,2025-04-01,2025,663457,L,542881,L,walk,False,True
778503,2025-04-01,2025,575929,R,542881,L,strikeout,True,False
778503,2025-04-01,2025,663609,R,542881,L,walk,False,True
778503,2025-04-01,2025,571448,R,542881,L,single,False,False
778503,2025-04-01,2025,621028,R,571945,R,field_out,False,False
778503,2025-04-01,2025,621493,R,571945,R,walk,False,True
778503,2025-04-01,2025,694384,L,571945,R,single,False,False
778503,2025-04-01,2025,545361,R,688297,R,sac_fly,False,False
778503,2025-04-01,2025,624585,R,688297,R,strikeout,True,False
778503,2025-04-01,2025,671056,R,672282,L,strikeout,True,False
778503,2025-04-01,2025,680977,L,672282,L,field_out,False,False
778503,2025-04-01,2025,691023,R,672282,L,single,False,False
778503,2025-04-01,2025,687363,L,672282,L,walk,False,True
778503,2025-04-01,2025,691026,R,672282,L,strikeout,True,False
778503,2025-04-01,2025,660162,L,681676,R,field_out,False,False
778503,2025-04-01,2025,681351,R,681676,R,strikeout,True,False
778503,2025-04-01,2025,650859,L,681676,R,walk,False,True
778503,2025-04-01,2025,677347,R,681676,R,triple,False,False
778503,2025-04-01,2025,621028,R,681676,R,field_out,False,False
778503,2025-04-01,2025,663457,L,672282,L,walk,False,True
778503,2025-04-01,2025,575929,R,672282,L,strikeout,True,False
778503,2025-04-01,2025,663609,R,672282,L,field_out,False,False
778503,2025-04-01,2025,571448,R,666171,R,field_out,False,False
778503,2025-04-01,2025,621493,R,664208,R,strikeout,True,False
778503,2025-04-01,2025,694384,L,664208,R,strikeout,True,False
778503,2025-04-01,2025,545361,R,664208,R,strikeout,True,False
778503,2025-04-01,2025,686780,R,680729,L,field_out,False,False
778503,2025-04-01,2025,680977,L,680729,L,field_out,False,False
778503,2025-04-01,2025,691023,R,680729,L,single,False,False
778503,2025-04-01,2025,687363,L,680729,L,single,False,False
778503,2025-04-01,2025,691026,R,680729,L,force_out,False,False
778503,2025-04-01,2025,624585,R,664854,R,single,False,False
778503,2025-04-01,2025,660162,L,664854,R,strikeout,True,False
778503,2025-04-01,2025,681351,R,664854,R,strikeout,True,False
778503,2025-04-01,2025,650859,L,664854,R,field_out,False,False
778503,2025-04-01,2025,663457,L,656271,L,single,False,False
778503,2025-04-01,2025,575929,R,656271,L,sac_bunt,False,False
778503,2025-04-01,2025,663609,R,656271,L,strikeout,True,False
778503,2025-04-01,2025,571448,R,656271,L,intent_walk,False,True
778503,2025-04-01,2025,686780,R,656271,L,field_out,False,False
778503,2025-04-01,2025,677347,R,668941,L,walk,False,True
778503,2025-04-01,2025,621028,R,668941,L,sac_bunt,False,False
778503,2025-04-01,2025,621493,R,668941,L,intent_walk,False,True
778503,2025-04-01,2025,694384,L,668941,L,fielders_choice,False,False
778503,2025-04-01,2025,545361,R,668941,L,sac_fly_double_play,False,False
778503,2025-04-01,2025,680977,L,696270,R,field_out,False,False
778503,2025-04-01,2025,676475,L,696270,R,single,False,False
778503,2025-04-01,2025,687363,L,696270,R,sac_fly,False,False
778503,2025-04-01,2025,691026,R,696270,R,strikeout,True,False
778506,2025-03-31,2025,621439,R,527048,L,field_out,False,False
778506,2025-03-31,2025,621043,R,527048,L,field_out,False,False
778506,2025-03-31,2025,680777,R,527048,L,field_out,False,False
778506,2025-03-31,2025,678246,R,663978,R,single,False,False
778506,2025-03-31,2025,673357,R,663978,R,walk,False,True
778506,2025-03-31,2025,643217,L,663978,R,field_out,False,False
778506,2025-03-31,2025,683734,R,663978,R,home_run,False,False
778506,2025-03-31,2025,642136,L,663978,R,strikeout,True,False
778506,2025-03-31,2025,672820,R,663978,R,strikeout,True,False
778506,2025-03-31,2025,664034,R,527048,L,field_out,False,False
778506,2025-03-31,2025,669304,R,527048,L,field_out,False,False
778506,2025-03-31,2025,681508,R,527048,L,strikeout,True,False
778506,2025-03-31,2025,608671,L,663978,R,single,False,False
778506,2025-03-31,2025,572191,R,663978,R,single,False,False
778506,2025-03-31,2025,676070,R,663978,R,force_out,False,False
778506,2025-03-31,2025,678246,R,663978,R,walk,False,True
778506,2025-03-31,2025,673357,R,663978,R,sac_fly,False,False
778506,2025-03-31,2025,643217,L,663978,R,home_run,False,False
778506,2025-03-31,2025,683734,R,663978,R,field_out,False,False
778506,2025-03-31,2025,650489,R,527048,L,strikeout,True,False
778506,2025-03-31,2025,664056,R,527048,L,field_out,False,False
778506,2025-03-31,2025,543877,R,527048,L,field_out,False,False
778506,2025-03-31,2025,642136,L,663978,R,walk,False,True
778506,2025-03-31,2025,672820,R,663978,R,field_out,False,False
778506,2025-03-31,2025,608671,L,663978,R,field_out,False,False
778506,2025-03-31,2025,572191,R,663978,R,home_run,False,False
778506,2025-03-31,2025,676070,R,663978,R,field_out,False,False
778506,2025-03-31,2025,666397,L,527048,L,field_out,False,False
778506,2025-03-31,2025,680577,L,527048,L,strikeout,True,False
778506,2025-03-31,2025,680777,R,527048,L,walk,False,True
778506,2025-03-31,2025,664034,R,527048,L,hit_by_pitch,False,False
778506,2025-03-31,2025,669304,R,527048,L,strikeout,True,False
778506,2025-03-31,2025,678246,R,663978,R,walk,False,True
778506,2025-03-31,2025,673357,R,663978,R,field_out,False,False
778506,2025-03-31,2025,643217,L,670766,R,field_out,False,False
778506,2025-03-31,2025,683734,R,670766,R,strikeout,True,False
778506,2025-03-31,2025,681508,R,527048,L,walk,False,True
778506,2025-03-31,2025,650489,R,527048,L,field_out,False,False
778506,2025-03-31,2025,664056,R,527048,L,strikeout,True,False
778506,2025-03-31,2025,543877,R,527048,L,strikeout,True,False
778506,2025-03-31,2025,642136,L,670766,R,field_error,False,False
778506,2025-03-31,2025,672820,R,670766,R,field_out,False,False
778506,2025-03-31,2025,608671,L,670766,R,field_out,False,False
778506,2025-03-31,2025,572191,R,670766,R,field_out,False,False
778506,2025-03-31,2025,666397,L,527048,L,strikeout,True,False
778506,2025-03-31,2025,680577,L,527048,L,strikeout,True,False
778506,2025-03-31,2025,680777,R,527048,L,walk,False,True
778506,2025-03-31,2025,664034,R,527048,L,strikeout,True,False
778506,2025-03-31,2025,676070,R,670766,R,field_out,False,False
778506,2025-03-31,2025,678246,R,670766,R,strikeout,True,False
778506,2025-03-31,2025,596103,R,670766,R,single,False,False
778506,2025-03-31,2025,686676,R,670766,R,force_out,False,False
778506,2025-03-31,2025,669304,R,678024,R,field_out,False,False
778506,2025-03-31,2025,681508,L,678024,R,field_out,False,False
778506,2025-03-31,2025,650489,L,678024,R,single,False,False
778506,2025-03-31,2025,664056,R,678024,R,field_out,False,False
778506,2025-03-31,2025,665155,L,623437,R,walk,False,True
778506,2025-03-31,2025,642136,L,623437,R,strikeout,True,False
778506,2025-03-31,2025,672820,R,623437,R,field_out,False,False
778506,2025-03-31,2025,608671,L,623437,R,field_out,False,False
778506,2025-03-31,2025,543877,R,678024,R,field_out,False,False
778506,2025-03-31,2025,666397,L,678024,R,field_out,False,False
778506,2025-03-31,2025,680577,L,678024,R,field_error,False,False
778506,2025-03-31,2025,680777,R,678024,R,single,False,False
778506,2025-03-31,2025,664034,R,678024,R,strikeout,True,False
778506,2025-03-31,2025,572191,R,650489,R,field_out,False,False
778506,2025-03-31,2025,676070,R,650489,R,field_out,False,False
778506,2025-03-31,2025,681460,L,650489,R,single,False,False
778506,2025-03-31,2025,596103,R,650489,R,field_out,False,False
778506,2025-03-31,2025,669304,R,685126,L,strikeout,True,False
778506,2025-03-31,2025,681508,R,685126,L,walk,False,True
778506,2025-03-31,2025,650489,R,685126,L,strikeout,True,False
778506,2025-03-31,2025,664056,R,685126,L,strikeout,True,False
778507,2025-03-31,2025,682928,L,670102,R,field_out,False,False
778507,2025-03-31,2025,695578,L,670102,R,walk,False,True
778507,2025-03-31,2025,660688,L,670102,R,field_out,False,False
778507,2025-03-31,2025,663993,L,670102,R,strikeout,True,False
778507,2025-03-31,2025,666182,R,647336,R,field_out,False,False
778507,2025-03-31,2025,665489,R,647336,R,field_out,False,False
778507,2025-03-31,2025,623993,L,647336,R,field_out,False,False
778507,2025-03-31,2025,605137,L,670102,R,field_out,False,False
778507,2025-03-31,2025,671277,L,670102,R,field_out,False,False
778507,2025-03-31,2025,657557,R,670102,R,strikeout,True,False
778507,2025-03-31,2025,665926,L,647336,R,home_run,False,False
778507,2025-03-31,2025,672386,R,647336,R,field_out,False,False
778507,2025-03-31,2025,543807,R,647336,R,strikeout,True,False
778507,2025-03-31,2025,695238,L,647336,R,field_out,False,False
778507,2025-03-31,2025,686611,R,670102,R,field_out,False,False
778507,2025-03-31,2025,696285,R,670102,R,walk,False,True
778507,2025-03-31,2025,682928,L,670102,R,strikeout,True,False
778507,2025-03-31,2025,695578,L,670102,R,field_out,False,False
778507,2025-03-31,2025,664770,L,647336,R,field_out,False,False
778507,2025-03-31,2025,702176,L,647336,R,double,False,False
778507,2025-03-31,2025,666182,R,647336,R,field_out,False,False
778507,2025-03-31,2025,665489,R,647336,R,double,False,False
778507,2025-03-31,2025,623993,L,647336,R,field_out,False,False
778507,2025-03-31,2025,660688,L,670102,R,field_out,False,False
778507,2025-03-31,2025,663993,L,670102,R,field_out,False,False
778507,2025-04-01,2025,605137,L,670102,R,field_out,False,False
778507,2025-04-01,2025,665926,L,647336,R,walk,False,True
778507,2025-04-01,2025,672386,R,647336,R,double,False,False
778507,2025-04-01,2025,543807,R,647336,R,strikeout,True,False
778507,2025-04-01,2025,695238,L,647336,R,single,False,False
778507,2025-04-01,2025,664770,L,647336,R,force_out,False,False
778507,2025-04-01,2025,702176,L,647336,R,field_out,False,False
778507,2025-04-01,2025,671277,L,670102,R,field_out,False,False
778507,2025-04-01,2025,657557,R,670102,R,field_out,False,False
778507,2025-04-01,2025,686611,R,670102,R,field_out,False,False
778507,2025-04-01,2025,666182,R,647336,R,strikeout,True,False
778507,2025-04-01,2025,665489,R,647336,R,field_out,False,False
778507,2025-04-01,2025,623993,L,647336,R,field_out,False,False
778507,2025-04-01,2025,696285,R,670102,R,strikeout,True,False
778507,2025-04-01,2025,682928,L,670102,R,home_run,False,False
778507,2025-04-01,2025,695578,L,670102,R,home_run,False,False
778507,2025-04-01,2025,660688,L,670102,R,field_out,False,False
778507,2025-04-01,2025,663993,L,670102,R,walk,False,True
778507,2025-04-01,2025,605137,L,670102,R,field_out,False,False
778507,2025-04-01,2025,665926,L,608371,R,hit_by_pitch,False,False
778507,2025-04-01,2025,672386,R,608371,R,field_out,False,False
778507,2025-04-01,2025,543807,R,608371,R,double,False,False
778507,2025-04-01,2025,676391,R,621363,L,walk,False,True
778507,2025-04-01,2025,676914,R,621363,L,walk,False,True
778507,2025-04-01,2025,702176,L,621363,L,field_out,False,False
778507,2025-04-01,2025,671277,L,680704,R,strikeout,True,False
778507,2025-04-01,2025,657557,R,680704,R,single,False,False
778507,2025-04-01,2025,686611,R,680704,R,strikeout,True,False
778507,2025-04-01,2025,696285,R,680704,R,field_out,False,False
778507,2025-04-01,2025,666182,R,674285,R,field_out,False,False
778507,2025-04-01,2025,665489,R,674285,R,field_out,False,False
778507,2025-04-01,2025,623993,L,674285,R,field_out,False,False
778507,2025-04-01,2025,682928,L,663893,L,field_out,False,False
778507,2025-04-01,2025,695578,L,663893,L,single,False,False
778507,2025-04-01,2025,660688,R,663893,L,single,False,False
778507,2025-04-01,2025,663993,L,663893,L,strikeout,True,False
778507,2025-04-01,2025,605137,R,663893,L,field_out,False,False
778507,2025-04-01,2025,665926,L,674285,R,double,False,False
778507,2025-04-01,2025,672386,R,674285,R,single,False,False
778507,2025-04-01,2025,543807,R,674285,R,single,False,False
778507,2025-04-01,2025,676391,R,695418,R,single,False,False
778507,2025-04-01,2025,676914,R,695418,R,double_play,False,False
778507,2025-04-01,2025,702176,L,695418,R,field_out,False,False
778507,2025-04-01,2025,671277,L,554340,R,field_out,False,False
778507,2025-04-01,2025,657557,R,554340,R,strikeout,True,False
778507,2025-04-01,2025,686611,R,554340,R,strikeout,True,False
778512,2025-03-31,2025,680776,L,700249,L,field_out,False,False
778512,2025-03-31,2025,646240,L,700249,L,walk,False,True
778512,2025-03-31,2025,608324,R,700249,L,single,False,False
778512,2025-03-31,2025,608701,R,700249,L,strikeout,True,False
778512,2025-03-31,2025,596115,R,700249,L,strikeout,True,False
778512,2025-03-31,2025,676059,R,656794,L,single,False,False
778512,2025-03-31,2025,668939,R,656794,L,single,False,False
778512,2025-03-31,2025,641933,R,656794,L,single,False,False
778512,2025-03-31,2025,663624,R,656794,L,single,False,False
778512,2025-03-31,2025,677008,L,656794,L,strikeout,True,False
778512,2025-03-31,2025,657656,R,656794,L,strikeout,True,False
778512,2025-03-31,2025,656775,L,656794,L,double,False,False
778512,2025-03-31,2025,602104,R,656794,L,strikeout,True,False
778512,2025-03-31,2025,692225,R,700249,L,walk,False,True
778512,2025-03-31,2025,663853,R,700249,L,single,False,False
778512,2025-03-31,2025,657136,R,700249,L,strikeout,True,False
778512,2025-03-31,2025,678882,R,700249,L,strikeout,True,False
778512,2025-03-31,2025,680776,L,700249,L,triple,False,False
778512,2025-03-31,2025,646240,L,700249,L,strikeout,True,False
778512,2025-03-31,2025,702616,L,656794,L,single,False,False
778512,2025-03-31,2025,676059,R,656794,L,walk,False,True
778512,2025-03-31,2025,668939,R,656794,L,grounded_into_double_play,False,False
778512,2025-03-31,2025,608324,R,700249,L,strikeout,True,False
778512,2025-03-31,2025,608701,R,700249,L,single,False,False
778512,2025-03-31,2025,596115,R,700249,L,single,False,False
778512,2025-03-31,2025,692225,R,700249,L,field_out,False,False
778512,2025-03-31,2025,663853,R,700249,L,strikeout,True,False
778512,2025-03-31,2025,641933,R,656794,L,single,False,False
778512,2025-03-31,2025,663624,R,656794,L,walk,False,True
778512,2025-03-31,2025,677008,L,656794,L,strikeout,True,False
778512,2025-03-31,2025,657656,R,656794,L,grounded_into_double_play,False,False
778512,2025-03-31,2025,657136,R,700249,L,field_out,False,False
778512,2025-03-31,2025,678882,R,700249,L,field_out,False,False
778512,2025-03-31,2025,680776,L,700249,L,field_out,False,False
778512,2025-03-31,2025,656775,L,656794,L,field_out,False,False
778512,2025-03-31,2025,602104,R,656794,L,single,False,False
778512,2025-03-31,2025,702616,L,656794,L,grounded_into_double_play,False,False
778512,2025-03-31,2025,646240,L,700249,L,strikeout,True,False
778512,2025-03-31,2025,608324,R,621199,R,field_out,False,False
778512,2025-03-31,2025,608701,R,621199,R,single,False,False
778512,2025-03-31,2025,596115,R,621199,R,strikeout,True,False
778512,2025-03-31,2025,676059,R,676477,R,field_out,False,False
778512,2025-03-31,2025,668939,L,676477,R,strikeout,True,False
778512,2025-03-31,2025,641933,R,676477,R,double,False,False
778512,2025-03-31,2025,663624,R,676477,R,field_out,False,False
778512,2025-03-31,2025,692225,R,622554,R,strikeout,True,False
778512,2025-03-31,2025,663853,R,622554,R,field_out,False,False
778512,2025-03-31,2025,657136,R,622554,R,field_out,False,False
778512,2025-03-31,2025,677008,L,676477,R,field_out,False,False
778512,2025-03-31,2025,666185,L,676477,R,strikeout,True,False
778512,2025-03-31,2025,656775,L,676477,R,field_out,False,False
778512,2025-03-31,2025,678882,R,669211,L,field_out,False,False
778512,2025-03-31,2025,680776,L,669211,L,strikeout,True,False
778512,2025-03-31,2025,646240,L,669211,L,strikeout,True,False
778512,2025-03-31,2025,602104,R,669711,R,single,False,False
778512,2025-03-31,2025,702616,L,669711,R,strikeout,True,False
778512,2025-03-31,2025,676059,R,669711,R,field_out,False,False
778512,2025-03-31,2025,668939,L,669711,R,field_out,False,False
778512,2025-03-31,2025,608324,R,666974,R,field_out,False,False
778512,2025-03-31,2025,677800,L,666974,R,field_out,False,False
778512,2025-03-31,2025,596115,R,666974,R,strikeout,True,False
778512,2025-03-31,2025,641933,R,686580,R,single,False,False
778512,2025-03-31,2025,663624,R,686580,R,single,False,False
778512,2025-03-31,2025,677008,L,686580,R,single,False,False
778512,2025-03-31,2025,666185,L,686580,R,walk,False,True
778512,2025-03-31,2025,656775,L,681867,R,single,False,False
778512,2025-03-31,2025,602104,R,681867,R,force_out,False,False
778512,2025-03-31,2025,702616,L,681867,R,single,False,False
778512,2025-03-31,2025,676059,R,681867,R,force_out,False,False
778512,2025-03-31,2025,668939,L,681867,R,field_out,False,False
778512,2025-03-31,2025,692225,R,642585,R,walk,False,True
778512,2025-03-31,2025,663853,R,642585,R,double,False,False
778512,2025-03-31,2025,657136,R,642585,R,field_out,False,False
778512,2025-03-31,2025,671213,L,642585,R,field_out,False,False
778512,2025-03-31,2025,680776,L,642585,R,single,False,False
778512,2025-03-31,2025,646240,L,642585,R,walk,False,True
778512,2025-03-31,2025,608324,R,642585,R,field_out,False,False
778502,2025-03-31,2025,686668,R,650911,L,walk,False,True
778502,2025-03-31,2025,678662,R,650911,L,field_out,False,False
778502,2025-03-31,2025,641857,L,650911,L,field_out,False,False
778502,2025-03-31,2025,696100,R,650911,L,field_out,False,False
778502,2025-03-31,2025,656941,L,608566,R,field_out,False,False
778502,2025-03-31,2025,664761,R,608566,R,field_out,False,False
778502,2025-03-31,2025,547180,L,608566,R,field_out,False,False
778502,2025-03-31,2025,592178,R,650911,L,strikeout,True,False
778502,2025-03-31,2025,669911,R,650911,L,field_out,False,False
778502,2025-03-31,2025,571657,R,650911,L,field_out,False,False
778502,2025-03-31,2025,592663,R,608566,R,strikeout,True,False
778502,2025-03-31,2025,596146,L,608566,R,double,False,False
778502,2025-03-31,2025,592206,R,608566,R,field_out,False,False
778502,2025-03-31,2025,681082,L,608566,R,field_out,False,False
778502,2025-03-31,2025,656248,R,650911,L,strikeout,True,False
778502,2025-03-31,2025,687597,R,650911,L,walk,False,True
778502,2025-03-31,2025,686668,R,650911,L,single,False,False
778502,2025-03-31,2025,678662,R,650911,L,field_out,False,False
778502,2025-03-31,2025,641857,L,650911,L,strikeout,True,False
778502,2025-03-31,2025,669016,L,608566,R,field_out,False,False
778502,2025-03-31,2025,624641,R,608566,R,field_out,False,False
778502,2025-03-31,2025,656941,L,608566,R,field_out,False,False
778502,2025-03-31,2025,696100,R,650911,L,field_out,False,False
778502,2025-03-31,2025,592178,R,650911,L,strikeout,True,False
778502,2025-03-31,2025,669911,R,650911,L,strikeout,True,False
778502,2025-03-31,2025,664761,R,608566,R,single,False,False
778502,2025-03-31,2025,547180,L,608566,R,field_out,False,False
778502,2025-03-31,2025,592663,R,608566,R,field_out,False,False
778502,2025-03-31,2025,596146,L,608566,R,field_out,False,False
778502,2025-03-31,2025,571657,R,650911,L,strikeout,True,False
778502,2025-03-31,2025,656248,R,650911,L,strikeout,True,False
778502,2025-03-31,2025,687597,R,650911,L,single,False,False
778502,2025-03-31,2025,686668,R,650911,L,single,False,False
778502,2025-03-31,2025,678662,R,650911,L,field_out,False,False
778502,2025-03-31,2025,592206,R,608566,R,single,False,False
778502,2025-03-31,2025,681082,L,608566,R,field_out,False,False
778502,2025-03-31,2025,669016,L,608566,R,field_out,False,False
778502,2025-03-31,2025,624641,R,608566,R,double,False,False
778502,2025-03-31,2025,656941,L,608566,R,strikeout,True,False
778502,2025-03-31,2025,641857,L,650911,L,field_out,False,False
778502,2025-03-31,2025,696100,R,650911,L,home_run,False,False
778502,2025-03-31,2025,592178,R,689147,R,walk,False,True
778502,2025-03-31,2025,669911,L,689147,R,field_out,False,False
778502,2025-03-31,2025,571657,R,689147,R,field_out,False,False
778502,2025-03-31,2025,664761,R,608566,R,strikeout,True,False
778502,2025-03-31,2025,547180,L,608566,R,field_out,False,False
778502,2025-03-31,2025,592663,R,608566,R,strikeout,True,False
778502,2025-03-31,2025,605361,L,605452,R,field_out,False,False
778502,2025-03-31,2025,687597,R,605452,R,strikeout,True,False
778502,2025-03-31,2025,686668,R,605452,R,single,False,False
778502,2025-03-31,2025,678662,R,605452,R,force_out,False,False
778502,2025-03-31,2025,596146,L,518397,L,single,False,False
778502,2025-03-31,2025,592206,R,518397,L,grounded_into_double_play,False,False
778502,2025-03-31,2025,681082,L,518397,L,double,False,False
778502,2025-03-31,2025,607208,R,518397,L,walk,False,True
778502,2025-03-31,2025,624641,R,680767,R,double,False,False
778502,2025-03-31,2025,656941,L,680767,R,home_run,False,False
778502,2025-03-31,2025,664761,R,680767,R,field_out,False,False
778502,2025-03-31,2025,641857,L,621237,L,strikeout,True,False
778502,2025-03-31,2025,696100,R,621237,L,strikeout,True,False
778502,2025-03-31,2025,592178,R,621237,L,walk,False,True
778502,2025-03-31,2025,669911,R,621237,L,strikeout,True,False
778502,2025-03-31,2025,547180,L,687134,R,single,False,False
778502,2025-03-31,2025,592663,R,687134,R,field_out,False,False
778502,2025-03-31,2025,596146,L,687134,R,home_run,False,False
778502,2025-03-31,2025,592206,R,687134,R,home_run,False,False
778502,2025-03-31,2025,681082,L,687134,R,strikeout,True,False
778502,2025-03-31,2025,571657,R,605447,R,single,False,False
778502,2025-03-31,2025,605361,L,605447,R,strikeout,True,False
778502,2025-03-31,2025,687597,R,605447,R,strikeout,True,False
778502,2025-03-31,2025,686668,R,605447,R,field_out,False,False
778511,2025-03-31,2025,543760,R,663903,R,strikeout,True,False
778511,2025-03-31,2025,608369,L,663903,R,strikeout,True,False
778511,2025-03-31,2025,694671,R,663903,R,field_out,False,False
778511,2025-03-31,2025,670770,L,677958,R,single,False,False
778511,2025-03-31,2025,680574,R,677958,R,home_run,False,False
778511,2025-03-31,2025,682829,L,677958,R,single,False,False
778511,2025-03-31,2025,666158,L,677958,R,double,False,False
778511,2025-03-31,2025,600869,L,677958,R,strikeout,True,False
778511,2025-03-31,2025,687952,R,677958,R,field_out,False,False
778511,2025-03-31,2025,668715,R,677958,R,field_out,False,False
778511,2025-03-31,2025,592626,L,663903,R,field_out,False,False
778511,2025-03-31,2025,666969,R,663903,R,double,False,False
778511,2025-03-31,2025,669394,R,663903,R,field_out,False,False
778511,2025-03-31,2025,669701,L,663903,R,field_out,False,False
778511,2025-03-31,2025,641584,L,677958,R,field_out,False,False
778511,2025-03-31,2025,624431,R,677958,R,single,False,False
778511,2025-03-31,2025,670770,L,677958,R,field_out,False,False
778511,2025-03-31,2025,680574,R,677958,R,walk,False,True
778511,2025-03-31,2025,682829,L,677958,R,home_run,False,False
778511,2025-03-31,2025,666158,L,677958,R,walk,False,True
778511,2025-03-31,2025,600869,L,677958,R,single,False,False
778511,2025-03-31,2025,687952,R,677958,R,strikeout,True,False
778511,2025-03-31,2025,641680,L,663903,R,field_out,False,False
778511,2025-03-31,2025,665750,L,663903,R,strikeout,True,False
778511,2025-03-31,2025,543760,R,663903,R,walk,False,True
778511,2025-03-31,2025,608369,L,663903,R,field_out,False,False
778511,2025-03-31,2025,668715,R,677958,R,field_out,False,False
778511,2025-03-31,2025,641584,L,677958,R,field_out,False,False
778511,2025-03-31,2025,624431,R,677958,R,strikeout,True,False
778511,2025-03-31,2025,694671,R,663903,R,field_out,False,False
778511,2025-03-31,2025,592626,L,663903,R,field_out,False,False
778511,2025-03-31,2025,666969,R,663903,R,field_out,False,False
778511,2025-03-31,2025,670770,L,687847,R,walk,False,True
778511,2025-03-31,2025,680574,R,687847,R,strikeout,True,False
778511,2025-03-31,2025,682829,L,687847,R,field_out,False,False
778511,2025-03-31,2025,666158,L,687847,R,field_out,False,False
778511,2025-03-31,2025,669394,R,663903,R,field_out,False,False
778511,2025-03-31,2025,669701,L,663903,R,field_out,False,False
778511,2025-03-31,2025,641680,L,663903,R,field_out,False,False
778511,2025-03-31,2025,600869,L,687847,R,strikeout,True,False
778511,2025-03-31,2025,687952,R,687847,R,walk,False,True
778511,2025-04-01,2025,668715,R,642520,R,grounded_into_double_play,False,False
778511,2025-04-01,2025,665750,L,663903,R,strikeout,True,False
778511,2025-04-01,2025,543760,R,663903,R,strikeout,True,False
778511,2025-04-01,2025,608369,L,663903,R,walk,False,True
778511,2025-04-01,2025,694671,R,663903,R,strikeout,True,False
778511,2025-04-01,2025,641584,L,642520,R,field_error,False,False
778511,2025-04-01,2025,624431,R,642520,R,single,False,False
778511,2025-04-01,2025,670770,L,642520,R,single,False,False
778511,2025-04-01,2025,680574,R,642520,R,single,False,False
778511,2025-04-01,2025,682829,L,642520,R,double,False,False
778511,2025-04-01,2025,666158,L,642520,R,field_out,False,False
778511,2025-04-01,2025,600869,L,642520,R,strikeout,True,False
778511,2025-04-01,2025,687952,R,642520,R,hit_by_pitch,False,False
778511,2025-04-01,2025,668715,R,642520,R,single,False,False
778511,2025-04-01,2025,641584,L,642520,R,single,False,False
778511,2025-04-01,2025,624431,R,642520,R,strikeout,True,False
778511,2025-04-01,2025,592626,L,663903,R,strikeout,True,False
778511,2025-04-01,2025,607680,R,663903,R,field_out,False,False
778511,2025-04-01,2025,669394,R,663903,R,strikeout,True,False
778511,2025-04-01,2025,670770,L,642520,R,field_out,False,False
778511,2025-04-01,2025,680574,R,642520,R,hit_by_pitch,False,False
778511,2025-04-01,2025,682829,L,642520,R,home_run,False,False
778511,2025-04-01,2025,694362,R,642520,R,field_out,False,False
778511,2025-04-01,2025,600869,L,642520,R,strikeout,True,False
778511,2025-04-01,2025,669701,L,594580,L,walk,False,True
778511,2025-04-01,2025,641680,R,594580,L,single,False,False
778511,2025-04-01,2025,665750,R,594580,L,field_out,False,False
778511,2025-04-01,2025,543760,R,594580,L,field_out,False,False
778511,2025-04-01,2025,680716,R,594580,L,walk,False,True
778511,2025-04-01,2025,694671,R,594580,L,field_out,False,False
778511,2025-04-01,2025,669289,R,677649,R,field_out,False,False
778511,2025-04-01,2025,668715,R,677649,R,field_out,False,False
778511,2025-04-01,2025,641584,L,677649,R,field_out,False,False
778511,2025-04-01,2025,677649,R,608718,L,field_out,False,False
778511,2025-04-01,2025,607680,R,608718,L,double,False,False
778511,2025-04-01,2025,669394,R,608718,L,home_run,False,False
778511,2025-04-01,2025,669701,L,608718,L,strikeout,True,False
778511,2025-04-01,2025,641680,R,608718,L,single,False,False
778511,2025-04-01,2025,665750,R,608718,L,field_out,False,False
778504,2025-03-31,2025,663697,R,660730,R,single,False,False
778504,2025-03-31,2025,677951,R,660730,R,single,False,False
778504,2025-03-31,2025,686469,L,660730,R,field_out,False,False
778504,2025-03-31,2025,521692,R,660730,R,strikeout,True,False
778504,2025-03-31,2025,686681,L,660730,R,double,False,False
778504,2025-03-31,2025,592669,R,660730,R,single,False,False
778504,2025-03-31,2025,669004,L,660730,R,strikeout,True,False
778504,2025-03-31,2025,694192,R,663460,L,strikeout,True,False
778504,2025-03-31,2025,592885,L,663460,L,strikeout,True,False
778504,2025-03-31,2025,661388,R,663460,L,strikeout,True,False
778504,2025-03-31,2025,592192,R,660730,R,field_out,False,False
778504,2025-03-31,2025,672580,R,660730,R,home_run,False,False
778504,2025-03-31,2025,663697,R,660730,R,field_out,False,False
778504,2025-03-31,2025,677951,R,660730,R,field_out,False,False
778504,2025-03-31,2025,656555,R,663460,L,field_out,False,False
778504,2025-03-31,2025,686217,L,663460,L,walk,False,True
778504,2025-03-31,2025,681962,R,663460,L,field_out,False,False
778504,2025-03-31,2025,669003,L,663460,L,single,False,False
778504,2025-03-31,2025,687401,R,663460,L,single,False,False
778504,2025-03-31,2025,668930,L,663460,L,field_out,False,False
778504,2025-03-31,2025,686469,L,660730,R,field_out,False,False
778504,2025-03-31,2025,521692,R,660730,R,single,False,False
778504,2025-03-31,2025,686681,L,660730,R,field_out,False,False
778504,2025-03-31,2025,592669,R,660730,R,field_out,False,False
778504,2025-03-31,2025,694192,R,663460,L,strikeout,True,False
778504,2025-03-31,2025,592885,L,663460,L,hit_by_pitch,False,False
778504,2025-03-31,2025,661388,R,663460,L,strikeout,True,False
778504,2025-03-31,2025,656555,R,663460,L,walk,False,True
778504,2025-03-31,2025,686217,L,663460,L,field_out,False,False
778504,2025-03-31,2025,669004,L,660730,R,strikeout,True,False
778504,2025-03-31,2025,592192,R,660730,R,field_out,False,False
778504,2025-03-31,2025,672580,R,660730,R,walk,False,True
778504,2025-03-31,2025,663697,R,660730,R,field_out,False,False
778504,2025-03-31,2025,681962,R,663460,L,strikeout,True,False
778504,2025-03-31,2025,669003,L,663460,L,strikeout,True,False
778504,2025-03-31,2025,687401,R,663460,L,field_out,False,False
778504,2025-03-31,2025,677951,R,663542,L,hit_by_pitch,False,False
778504,2025-03-31,2025,686469,L,663542,L,strikeout,True,False
778504,2025-03-31,2025,521692,R,663542,L,walk,False,True
778504,2025-03-31,2025,686681,L,663542,L,strikeout,True,False
778504,2025-03-31,2025,592669,R,663542,L,walk,False,True
778504,2025-03-31,2025,669004,L,663542,L,field_out,False,False
778504,2025-03-31,2025,668930,L,663460,L,single,False,False
778504,2025-03-31,2025,694192,R,663460,L,strikeout,True,False
778504,2025-03-31,2025,592885,L,663460,L,field_out,False,False
778504,2025-03-31,2025,661388,R,663460,L,field_out,False,False
778504,2025-03-31,2025,592192,R,665625,R,hit_by_pitch,False,False
778504,2025-03-31,2025,672580,R,665625,R,field_out,False,False
778504,2025-03-31,2025,663697,R,665625,R,single,False,False
778504,2025-03-31,2025,677951,R,665625,R,field_out,False,False
778504,2025-03-31,2025,686469,L,665625,R,field_out,False,False
778504,2025-03-31,2025,656555,R,663460,L,field_out,False,False
778504,2025-03-31,2025,686217,L,663460,L,field_out,False,False
778504,2025-03-31,2025,681962,R,663460,L,field_out,False,False
778504,2025-03-31,2025,521692,R,665625,R,home_run,False,False
778504,2025-03-31,2025,686681,L,665625,R,single,False,False
778504,2025-03-31,2025,592669,R,665625,R,field_out,False,False
778504,2025-03-31,2025,669004,L,665625,R,single,False,False
778504,2025-03-31,2025,592192,R,665625,R,walk,False,True
778504,2025-03-31,2025,672580,R,681982,R,walk,False,True
778504,2025-03-31,2025,663697,R,681982,R,single,False,False
778504,2025-03-31,2025,677951,R,681982,R,single,False,False
778504,2025-03-31,2025,686469,L,681982,R,field_out,False,False
778504,2025-03-31,2025,521692,R,681982,R,field_out,False,False
778504,2025-03-31,2025,686555,R,672582,L,double,False,False
778504,2025-03-31,2025,687401,R,672582,L,strikeout,True,False
778504,2025-03-31,2025,668930,L,672582,L,field_out,False,False
778504,2025-03-31,2025,694192,R,672582,L,double,False,False
778504,2025-03-31,2025,592885,L,672582,L,field_out,False,False
778504,2025-03-31,2025,686475,R,681982,R,strikeout,True,False
778504,2025-03-31,2025,592669,R,681982,R,field_out,False,False
778504,2025-03-31,2025,669004,L,681982,R,field_out,False,False
778504,2025-03-31,2025,661388,R,663738,L,walk,False,True
778504,2025-03-31,2025,656555,R,663738,L,strikeout,True,False
778504,2025-03-31,2025,686217,L,663738,L,single,False,False
778504,2025-03-31,2025,681962,R,663738,L,grounded_into_double_play,False,False
778504,2025-03-31,2025,592192,R,681982,R,double,False,False
778504,2025-03-31,2025,672580,R,681982,R,field_out,False,False
778504,2025-03-31,2025,624415,L,681982,R,single,False,False
778504,2025-03-31,2025,677951,R,681982,R,field_out,False,False
778504,2025-03-31,2025,666023,R,681982,R,strikeout,True,False
778504,2025-03-31,2025,686555,R,663738,L,field_out,False,False
778504,2025-03-31,2025,687401,R,663738,L,field_out,False,False
778504,2025-03-31,2025,668930,L,663738,L,strikeout,True,False
