gid,date,year,batter,bSide,pitcher,pSide,result,isStrikeout,isWalk
813069,2025-10-01,2025,670770,L,605483,L,strikeout,True,False
813069,2025-10-01,2025,682622,R,605483,L,field_out,False,False
813069,2025-10-01,2025,609280,R,605483,L,field_out,False,False
813069,2025-10-01,2025,660271,L,668881,R,home_run,False,False
813069,2025-10-01,2025,605141,R,668881,R,single,False,False
813069,2025-10-01,2025,518692,L,668881,R,field_out,False,False
813069,2025-10-01,2025,571970,L,668881,R,strikeout,True,False
813069,2025-10-01,2025,606192,R,668881,R,single,False,False
813069,2025-10-01,2025,669242,L,668881,R,strikeout,True,False
813069,2025-10-01,2025,669720,R,605483,L,field_out,False,False
813069,2025-10-01,2025,668715,R,605483,L,field_out,False,False
813069,2025-10-01,2025,682829,R,605483,L,strikeout,True,False
813069,2025-10-01,2025,681624,R,668881,R,field_out,False,False
813069,2025-10-01,2025,571771,R,668881,R,single,False,False
813069,2025-10-01,2025,666163,L,668881,R,sac_bunt,False,False
813069,2025-10-01,2025,660271,L,668881,R,strikeout,True,False
813069,2025-10-01,2025,663886,R,605483,L,strikeout,True,False
813069,2025-10-01,2025,663647,R,605483,L,field_out,False,False
813069,2025-10-01,2025,680574,R,605483,L,double,False,False
813069,2025-10-01,2025,670770,L,605483,L,walk,False,True
813069,2025-10-01,2025,682622,R,605483,L,strikeout,True,False
813069,2025-10-01,2025,605141,R,668881,R,field_out,False,False
813069,2025-10-01,2025,518692,L,668881,R,walk,False,True
813069,2025-10-01,2025,571970,L,668881,R,walk,False,True
813069,2025-10-01,2025,606192,R,668881,R,home_run,False,False
813069,2025-10-01,2025,669242,L,668881,R,home_run,False,False
813069,2025-10-01,2025,681624,R,668881,R,field_out,False,False
813069,2025-10-01,2025,571771,R,668881,R,strikeout,True,False
813069,2025-10-01,2025,609280,R,605483,L,strikeout,True,False
813069,2025-10-01,2025,669720,R,605483,L,strikeout,True,False
813069,2025-10-01,2025,668715,R,605483,L,field_out,False,False
813069,2025-10-01,2025,666163,L,605130,R,strikeout,True,False
813069,2025-10-01,2025,660271,L,605130,R,strikeout,True,False
813069,2025-10-01,2025,605141,R,605130,R,strikeout,True,False
813069,2025-10-01,2025,682829,R,605483,L,strikeout,True,False
813069,2025-10-01,2025,663886,R,605483,L,field_out,False,False
813069,2025-10-01,2025,663647,R,605483,L,field_out,False,False
813069,2025-10-01,2025,518692,L,605130,R,field_out,False,False
813069,2025-10-01,2025,571970,L,605130,R,strikeout,True,False
813069,2025-10-01,2025,606192,R,683175,R,home_run,False,False
813069,2025-10-01,2025,669242,L,683175,R,strikeout,True,False
813069,2025-10-01,2025,680574,R,605483,L,strikeout,True,False
813069,2025-10-01,2025,670770,L,605483,L,field_out,False,False
813069,2025-10-01,2025,682622,R,605483,L,strikeout,True,False
813069,2025-10-01,2025,681624,R,683175,R,field_out,False,False
813069,2025-10-01,2025,571771,R,683175,R,single,False,False
813069,2025-10-01,2025,666163,L,683175,R,strikeout,True,False
813069,2025-10-01,2025,660271,L,683175,R,home_run,False,False
813069,2025-10-01,2025,605141,R,683175,R,walk,False,True
813069,2025-10-01,2025,518692,L,608718,L,double,False,False
813069,2025-10-01,2025,571970,L,608718,L,strikeout,True,False
813069,2025-10-01,2025,609280,R,605483,L,field_out,False,False
813069,2025-10-01,2025,669720,R,605483,L,single,False,False
813069,2025-10-01,2025,668715,R,605483,L,single,False,False
813069,2025-10-01,2025,682829,R,605483,L,force_out,False,False
813069,2025-10-01,2025,663886,R,605483,L,double,False,False
813069,2025-10-01,2025,663647,R,605483,L,field_out,False,False
813069,2025-10-01,2025,606192,R,608718,L,field_out,False,False
813069,2025-10-01,2025,500743,R,608718,L,single,False,False
813069,2025-10-01,2025,681624,R,608718,L,field_out,False,False
813069,2025-10-01,2025,669743,R,608718,L,single,False,False
813069,2025-10-01,2025,666163,L,608718,L,single,False,False
813069,2025-10-01,2025,660271,L,608718,L,strikeout,True,False
813069,2025-10-01,2025,680574,R,681911,L,single,False,False
813069,2025-10-01,2025,670770,L,681911,L,field_out,False,False
813069,2025-10-01,2025,682622,R,681911,L,walk,False,True
813069,2025-10-01,2025,609280,R,683618,R,walk,False,True
813069,2025-10-01,2025,701398,R,683618,R,walk,False,True
813069,2025-10-01,2025,668715,R,683618,R,single,False,False
813069,2025-10-01,2025,682829,R,676263,L,walk,False,True
813069,2025-10-01,2025,663886,R,676263,L,strikeout,True,False
813069,2025-10-01,2025,663647,R,676263,L,field_out,False,False
813069,2025-10-01,2025,605141,R,668933,R,single,False,False
813069,2025-10-01,2025,518692,L,668933,R,single,False,False
813069,2025-10-01,2025,571970,L,668933,R,field_out,False,False
813069,2025-10-01,2025,606192,R,668933,R,field_out,False,False
813069,2025-10-01,2025,500743,R,668933,R,hit_by_pitch,False,False
813069,2025-10-01,2025,681624,R,668933,R,force_out,False,False
813069,2025-10-01,2025,680574,R,595014,R,strikeout,True,False
813069,2025-10-01,2025,670770,L,595014,R,strikeout,True,False
813069,2025-10-01,2025,666158,L,595014,R,single,False,False
813069,2025-10-01,2025,609280,R,595014,R,field_out,False,False
813071,2025-10-01,2025,678009,L,676440,R,single,False,False
813071,2025-10-01,2025,650402,R,676440,R,field_error,False,False
813071,2025-10-01,2025,681481,L,676440,R,strikeout,True,False
813071,2025-10-01,2025,679529,R,676440,R,strikeout,True,False
813071,2025-10-01,2025,682985,L,676440,R,strikeout,True,False
813071,2025-10-01,2025,680757,L,663554,R,field_out,False,False
813071,2025-10-01,2025,671655,L,663554,R,home_run,False,False
813071,2025-10-01,2025,608070,L,663554,R,field_out,False,False
813071,2025-10-01,2025,700932,L,663554,R,field_out,False,False
813071,2025-10-01,2025,672761,L,676440,R,field_out,False,False
813071,2025-10-01,2025,693307,R,676440,R,strikeout,True,False
813071,2025-10-01,2025,656716,L,676440,R,field_out,False,False
813071,2025-10-01,2025,666310,L,663554,R,strikeout,True,False
813071,2025-10-01,2025,672356,R,663554,R,field_out,False,False
813071,2025-10-01,2025,800050,L,663554,R,walk,False,True
813071,2025-10-01,2025,692216,L,663554,R,field_out,False,False
813071,2025-10-01,2025,595879,R,676440,R,field_out,False,False
813071,2025-10-01,2025,678009,L,676440,R,field_out,False,False
813071,2025-10-01,2025,650402,R,676440,R,single,False,False
813071,2025-10-01,2025,681481,L,676440,R,field_out,False,False
813071,2025-10-01,2025,677587,L,663554,R,field_out,False,False
813071,2025-10-01,2025,680757,L,663554,R,field_out,False,False
813071,2025-10-01,2025,671655,L,663554,R,field_out,False,False
813071,2025-10-01,2025,679529,R,676440,R,strikeout,True,False
813071,2025-10-01,2025,682985,L,676440,R,double,False,False
813071,2025-10-01,2025,672761,L,676440,R,field_out,False,False
813071,2025-10-01,2025,693307,R,676440,R,walk,False,True
813071,2025-10-01,2025,656716,L,676440,R,walk,False,True
813071,2025-10-01,2025,595879,R,676440,R,single,False,False
813071,2025-10-01,2025,608070,L,663554,R,walk,False,True
813071,2025-10-01,2025,700932,L,663947,L,grounded_into_double_play,False,False
813071,2025-10-01,2025,666310,L,663947,L,field_out,False,False
813071,2025-10-01,2025,678009,L,676440,R,field_out,False,False
813071,2025-10-01,2025,650402,R,676440,R,strikeout,True,False
813071,2025-10-01,2025,681481,L,676440,R,single,False,False
813071,2025-10-01,2025,679529,R,676440,R,walk,False,True
813071,2025-10-01,2025,682985,L,681870,L,field_out,False,False
813071,2025-10-01,2025,672356,R,663947,L,strikeout,True,False
813071,2025-10-01,2025,800050,L,663947,L,field_out,False,False
813071,2025-10-01,2025,692216,L,663947,L,single,False,False
813071,2025-10-01,2025,677587,R,663947,L,force_out,False,False
813071,2025-10-01,2025,672761,R,681870,L,field_out,False,False
813071,2025-10-01,2025,693307,R,681870,L,walk,False,True
813071,2025-10-01,2025,656716,L,681870,L,strikeout,True,False
813071,2025-10-01,2025,595879,R,683769,R,single,False,False
813071,2025-10-01,2025,678009,L,683769,R,field_out,False,False
813071,2025-10-01,2025,680757,L,663947,L,field_out,False,False
813071,2025-10-01,2025,682177,L,640448,R,strikeout,True,False
813071,2025-10-01,2025,608070,L,640448,R,walk,False,True
813071,2025-10-01,2025,700932,L,640448,R,field_out,False,False
813071,2025-10-01,2025,650402,R,683769,R,hit_by_pitch,False,False
813071,2025-10-01,2025,681481,L,683769,R,single,False,False
813071,2025-10-01,2025,679529,R,683769,R,field_out,False,False
813071,2025-10-01,2025,663330,R,682120,L,strikeout,True,False
813071,2025-10-01,2025,672761,R,682120,L,strikeout,True,False
813071,2025-10-01,2025,666310,L,640448,R,field_out,False,False
813071,2025-10-01,2025,672356,R,640448,R,field_out,False,False
813071,2025-10-01,2025,800050,L,640448,R,field_out,False,False
813071,2025-10-01,2025,693307,R,596001,R,field_out,False,False
813071,2025-10-01,2025,656716,L,596001,R,walk,False,True
813071,2025-10-01,2025,595879,R,596001,R,field_out,False,False
813071,2025-10-01,2025,678009,L,671922,R,strikeout,True,False
813071,2025-10-01,2025,692216,L,675512,R,field_out,False,False
813071,2025-10-01,2025,677587,L,675512,R,home_run,False,False
813071,2025-10-01,2025,680757,L,675512,R,double,False,False
813071,2025-10-01,2025,682177,L,675512,R,double,False,False
813071,2025-10-01,2025,608070,L,675512,R,intent_walk,False,True
813071,2025-10-01,2025,700932,L,676428,L,field_out,False,False
813071,2025-10-01,2025,666310,L,676428,L,home_run,False,False
813071,2025-10-01,2025,672356,R,676428,L,field_out,False,False
813071,2025-10-01,2025,650402,R,671922,R,field_out,False,False
813071,2025-10-01,2025,681481,L,671922,R,walk,False,True
813071,2025-10-01,2025,679529,R,671922,R,hit_by_pitch,False,False
813071,2025-10-01,2025,669234,R,671922,R,strikeout,True,False
813071,2025-10-01,2025,672761,L,671922,R,fielders_choice,False,False
813071,2025-10-01,2025,693307,R,671922,R,field_out,False,False
813064,2025-10-01,2025,665487,R,552640,R,single,False,False
813064,2025-10-01,2025,650333,L,552640,R,single,False,False
813064,2025-10-01,2025,592518,R,552640,R,strikeout,True,False
813064,2025-10-01,2025,701538,L,552640,R,sac_fly,False,False
813064,2025-10-01,2025,593428,R,552640,R,field_out,False,False
813064,2025-10-01,2025,683737,L,656302,R,field_out,False,False
813064,2025-10-01,2025,663538,R,656302,R,single,False,False
813064,2025-10-01,2025,664023,L,656302,R,strikeout,True,False
813064,2025-10-01,2025,663656,L,656302,R,field_out,False,False
813064,2025-10-01,2025,656811,L,684007,L,field_out,False,False
813064,2025-10-01,2025,657757,L,684007,L,field_out,False,False
813064,2025-10-01,2025,630105,L,684007,L,strikeout,True,False
813064,2025-10-01,2025,673548,R,656302,R,strikeout,True,False
813064,2025-10-01,2025,608348,R,656302,R,field_out,False,False
813064,2025-10-01,2025,691718,L,656302,R,strikeout,True,False
813064,2025-10-01,2025,666023,R,684007,L,double,False,False
813064,2025-10-01,2025,665487,R,684007,L,field_out,False,False
813064,2025-10-01,2025,650333,L,684007,L,field_out,False,False
813064,2025-10-01,2025,592518,R,684007,L,field_out,False,False
813064,2025-10-01,2025,621020,R,656302,R,single,False,False
813064,2025-10-01,2025,807713,R,656302,R,field_out,False,False
813064,2025-10-01,2025,683737,L,656302,R,field_out,False,False
813064,2025-10-01,2025,663538,R,656302,R,field_out,False,False
813064,2025-10-01,2025,701538,L,684007,L,walk,False,True
813064,2025-10-01,2025,593428,R,684007,L,strikeout,True,False
813064,2025-10-01,2025,656811,L,684007,L,single,False,False
813064,2025-10-01,2025,578428,R,684007,L,field_out,False,False
813064,2025-10-01,2025,630105,L,684007,L,field_out,False,False
813064,2025-10-01,2025,664023,L,656302,R,strikeout,True,False
813064,2025-10-01,2025,663656,L,656302,R,strikeout,True,False
813064,2025-10-01,2025,673548,R,656302,R,double,False,False
813064,2025-10-01,2025,608348,R,656302,R,intent_walk,False,True
813064,2025-10-01,2025,691718,L,670970,L,field_out,False,False
813064,2025-10-01,2025,666023,R,684007,L,strikeout,True,False
813064,2025-10-01,2025,665487,R,684007,L,walk,False,True
813064,2025-10-01,2025,650333,L,684007,L,sac_bunt,False,False
813064,2025-10-01,2025,592518,R,684007,L,home_run,False,False
813064,2025-10-01,2025,701538,L,684007,L,field_out,False,False
813064,2025-10-01,2025,621020,R,670970,L,strikeout,True,False
813064,2025-10-01,2025,807713,R,670970,L,field_out,False,False
813064,2025-10-01,2025,683737,L,670970,L,field_out,False,False
813064,2025-10-01,2025,593428,R,573204,L,single,False,False
813064,2025-10-01,2025,656811,L,573204,L,walk,False,True
813064,2025-10-01,2025,669369,R,573204,L,strikeout,True,False
813064,2025-10-01,2025,630105,L,573204,L,field_out,False,False
813064,2025-10-01,2025,666023,R,607067,R,field_out,False,False
813064,2025-10-01,2025,663538,R,670970,L,field_out,False,False
813064,2025-10-01,2025,664023,R,670970,L,field_out,False,False
813064,2025-10-01,2025,663656,L,670970,L,field_out,False,False
813064,2025-10-01,2025,665487,R,607067,R,field_out,False,False
813064,2025-10-01,2025,650333,L,607067,R,single,False,False
813064,2025-10-01,2025,592518,R,607067,R,strikeout,True,False
813064,2025-10-01,2025,701538,L,607067,R,field_out,False,False
813064,2025-10-01,2025,673548,R,695243,R,strikeout,True,False
813064,2025-10-01,2025,608348,R,695243,R,strikeout,True,False
813064,2025-10-01,2025,691718,L,695243,R,strikeout,True,False
813064,2025-10-01,2025,593428,R,607067,R,field_out,False,False
813064,2025-10-01,2025,656811,L,573124,L,field_out,False,False
813064,2025-10-01,2025,669369,R,573124,L,field_out,False,False
813064,2025-10-01,2025,621020,R,695243,R,strikeout,True,False
813064,2025-10-01,2025,694208,L,695243,R,strikeout,True,False
813064,2025-10-01,2025,683737,L,695243,R,hit_by_pitch,False,False
813064,2025-10-01,2025,663538,R,663158,R,field_out,False,False
813064,2025-10-01,2025,630105,L,573124,L,field_out,False,False
813064,2025-10-01,2025,666023,R,647336,R,field_out,False,False
813064,2025-10-01,2025,665487,R,647336,R,field_out,False,False
813064,2025-10-01,2025,664023,L,663158,R,field_out,False,False
813064,2025-10-01,2025,663656,L,663158,R,single,False,False
813064,2025-10-01,2025,673548,R,663158,R,grounded_into_double_play,False,False
813070,2025-10-01,2025,608701,R,607074,L,strikeout,True,False
813070,2025-10-01,2025,596115,R,607074,L,strikeout,True,False
813070,2025-10-01,2025,608324,R,607074,L,field_out,False,False
813070,2025-10-01,2025,663757,L,678394,R,field_out,False,False
813070,2025-10-01,2025,592450,R,678394,R,field_out,False,False
813070,2025-10-01,2025,641355,L,678394,R,single,False,False
813070,2025-10-01,2025,700250,L,678394,R,home_run,False,False
813070,2025-10-01,2025,519317,R,678394,R,field_out,False,False
813070,2025-10-01,2025,663853,R,607074,L,field_out,False,False
813070,2025-10-01,2025,665966,R,607074,L,field_out,False,False
813070,2025-10-01,2025,681987,R,607074,L,strikeout,True,False
813070,2025-10-01,2025,665862,L,678394,R,field_out,False,False
813070,2025-10-01,2025,669224,L,678394,R,walk,False,True
813070,2025-10-01,2025,683011,R,678394,R,grounded_into_double_play,False,False
813070,2025-10-01,2025,680776,L,607074,L,single,False,False
813070,2025-10-01,2025,678882,R,607074,L,walk,False,True
813070,2025-10-01,2025,686765,R,607074,L,sac_bunt,False,False
813070,2025-10-01,2025,608701,R,607074,L,strikeout,True,False
813070,2025-10-01,2025,596115,R,607074,L,single,False,False
813070,2025-10-01,2025,608324,R,607074,L,grounded_into_double_play,False,False
813070,2025-10-01,2025,641857,L,678394,R,single,False,False
813070,2025-10-01,2025,663757,L,678394,R,force_out,False,False
813070,2025-10-01,2025,592450,R,678394,R,single,False,False
813070,2025-10-01,2025,641355,L,458677,L,field_out,False,False
813070,2025-10-01,2025,700250,L,458677,L,field_out,False,False
813070,2025-10-01,2025,663853,R,607074,L,field_out,False,False
813070,2025-10-01,2025,665966,R,607074,L,strikeout,True,False
813070,2025-10-01,2025,681987,R,607074,L,single,False,False
813070,2025-10-01,2025,680776,L,607074,L,field_out,False,False
813070,2025-10-01,2025,519317,R,458677,L,field_out,False,False
813070,2025-10-01,2025,665862,L,458677,L,field_out,False,False
813070,2025-10-01,2025,669224,L,458677,L,field_out,False,False
813070,2025-10-01,2025,678882,R,607074,L,strikeout,True,False
813070,2025-10-01,2025,686765,R,607074,L,field_out,False,False
813070,2025-10-01,2025,608701,R,607074,L,field_out,False,False
813070,2025-10-01,2025,683011,R,686580,R,field_out,False,False
813070,2025-10-01,2025,641857,L,686580,R,field_out,False,False
813070,2025-10-01,2025,663757,L,686580,R,walk,False,True
813070,2025-10-01,2025,592450,R,686580,R,single,False,False
813070,2025-10-01,2025,641355,L,571927,L,field_out,False,False
813070,2025-10-01,2025,596115,R,607074,L,home_run,False,False
813070,2025-10-01,2025,608324,R,607074,L,walk,False,True
813070,2025-10-01,2025,663853,R,607074,L,field_out,False,False
813070,2025-10-01,2025,665966,R,607074,L,grounded_into_double_play,False,False
813070,2025-10-01,2025,700250,L,571927,L,single,False,False
813070,2025-10-01,2025,519317,R,571927,L,field_out,False,False
813070,2025-10-01,2025,665862,L,571927,L,strikeout,True,False
813070,2025-10-01,2025,669224,L,571927,L,single,False,False
813070,2025-10-01,2025,683011,R,677161,R,strikeout,True,False
813070,2025-10-01,2025,681987,R,607074,L,walk,False,True
813070,2025-10-02,2025,680776,L,607074,L,hit_by_pitch,False,False
813070,2025-10-02,2025,678882,R,518585,R,field_out,False,False
813070,2025-10-02,2025,686765,L,518585,R,field_out,False,False
813070,2025-10-02,2025,807799,L,518585,R,single,False,False
813070,2025-10-02,2025,596115,R,518585,R,field_out,False,False
813070,2025-10-02,2025,641857,L,676477,R,strikeout,True,False
813070,2025-10-02,2025,663757,L,676477,R,double,False,False
813070,2025-10-02,2025,592450,R,676477,R,strikeout,True,False
813070,2025-10-02,2025,641355,L,676477,R,field_out,False,False
813070,2025-10-02,2025,608324,R,642207,R,single,False,False
813070,2025-10-02,2025,663993,L,642207,R,grounded_into_double_play,False,False
813070,2025-10-02,2025,665966,R,642207,R,strikeout,True,False
813070,2025-10-02,2025,700250,L,676477,R,strikeout,True,False
813070,2025-10-02,2025,519317,R,676477,R,field_out,False,False
813070,2025-10-02,2025,665862,L,676477,R,walk,False,True
813070,2025-10-02,2025,669224,L,676477,R,single,False,False
813070,2025-10-02,2025,683011,R,676477,R,single,False,False
813070,2025-10-02,2025,641857,L,676477,R,walk,False,True
813070,2025-10-02,2025,663757,L,801139,L,field_out,False,False
813070,2025-10-02,2025,677800,L,670280,R,strikeout,True,False
813070,2025-10-02,2025,680776,L,670280,R,strikeout,True,False
813070,2025-10-02,2025,678882,R,670280,R,field_out,False,False
813068,2025-10-02,2025,670770,L,808967,R,field_out,False,False
813068,2025-10-02,2025,668715,R,808967,R,hit_by_pitch,False,False
813068,2025-10-02,2025,666158,L,808967,R,force_out,False,False
813068,2025-10-02,2025,669720,R,808967,R,field_error,False,False
813068,2025-10-02,2025,701398,R,808967,R,single,False,False
813068,2025-10-02,2025,682829,L,808967,R,strikeout,True,False
813068,2025-10-02,2025,660271,L,641793,R,field_out,False,False
813068,2025-10-02,2025,605141,R,641793,R,double,False,False
813068,2025-10-02,2025,518692,L,641793,R,strikeout,True,False
813068,2025-10-02,2025,606192,R,641793,R,field_out,False,False
813068,2025-10-02,2025,663886,R,808967,R,strikeout,True,False
813068,2025-10-02,2025,663647,R,808967,R,field_out,False,False
813068,2025-10-02,2025,680574,R,808967,R,strikeout,True,False
813068,2025-10-02,2025,571970,L,641793,R,field_out,False,False
813068,2025-10-02,2025,681624,R,641793,R,hit_by_pitch,False,False
813068,2025-10-02,2025,571771,R,641793,R,field_out,False,False
813068,2025-10-02,2025,500743,R,641793,R,field_out,False,False
813068,2025-10-02,2025,670770,L,808967,R,field_out,False,False
813068,2025-10-02,2025,668715,R,808967,R,strikeout,True,False
813068,2025-10-02,2025,666158,L,808967,R,field_out,False,False
813068,2025-10-02,2025,666163,L,641793,R,double,False,False
813068,2025-10-02,2025,660271,L,641793,R,field_out,False,False
813068,2025-10-02,2025,605141,R,641793,R,single,False,False
813068,2025-10-02,2025,518692,L,641793,R,field_out,False,False
813068,2025-10-02,2025,606192,R,641793,R,field_out,False,False
813068,2025-10-02,2025,669720,R,808967,R,field_out,False,False
813068,2025-10-02,2025,701398,R,808967,R,field_out,False,False
813068,2025-10-02,2025,682829,L,808967,R,field_out,False,False
813068,2025-10-02,2025,571970,L,641793,R,single,False,False
813068,2025-10-02,2025,681624,R,641793,R,strikeout,True,False
813068,2025-10-02,2025,571771,R,641793,R,double,False,False
813068,2025-10-02,2025,500743,R,641793,R,single,False,False
813068,2025-10-02,2025,666163,L,666157,L,single,False,False
813068,2025-10-02,2025,660271,L,666157,L,field_out,False,False
813068,2025-10-02,2025,605141,R,666157,L,field_out,False,False
813068,2025-10-02,2025,663886,R,808967,R,strikeout,True,False
813068,2025-10-02,2025,663647,R,808967,R,field_out,False,False
813068,2025-10-02,2025,680574,R,808967,R,strikeout,True,False
813068,2025-10-02,2025,518692,L,666157,L,field_out,False,False
813068,2025-10-02,2025,606192,R,666157,L,field_out,False,False
813068,2025-10-02,2025,571970,L,666157,L,hit_by_pitch,False,False
813068,2025-10-02,2025,681624,R,666157,L,force_out,False,False
813068,2025-10-02,2025,670770,L,808967,R,single,False,False
813068,2025-10-02,2025,668715,R,808967,R,single,False,False
813068,2025-10-02,2025,666158,L,808967,R,single,False,False
813068,2025-10-02,2025,669720,R,808967,R,force_out,False,False
813068,2025-10-02,2025,701398,R,808967,R,strikeout,True,False
813068,2025-10-02,2025,682829,L,808967,R,strikeout,True,False
813068,2025-10-02,2025,571771,R,607259,R,single,False,False
813068,2025-10-02,2025,500743,R,607259,R,field_out,False,False
813068,2025-10-02,2025,666163,L,607259,R,field_error,False,False
813068,2025-10-02,2025,660271,L,607259,R,single,False,False
813068,2025-10-02,2025,605141,R,607259,R,double,False,False
813068,2025-10-02,2025,518692,L,607259,R,intent_walk,False,True
813068,2025-10-02,2025,606192,R,607259,R,double,False,False
813068,2025-10-02,2025,571970,L,663574,R,intent_walk,False,True
813068,2025-10-02,2025,681624,R,663574,R,field_out,False,False
813068,2025-10-02,2025,571771,R,663574,R,field_out,False,False
813068,2025-10-02,2025,663886,R,808967,R,field_out,False,False
813068,2025-10-02,2025,666181,L,808967,R,walk,False,True
813068,2025-10-02,2025,680574,R,808967,R,strikeout,True,False
813068,2025-10-02,2025,670770,L,808967,R,walk,False,True
813068,2025-10-02,2025,668715,R,595014,R,field_out,False,False
813068,2025-10-02,2025,500743,R,663574,R,single,False,False
813068,2025-10-02,2025,666163,L,663574,R,sac_bunt,False,False
813068,2025-10-02,2025,660271,L,663574,R,intent_walk,False,True
813068,2025-10-02,2025,605141,R,663574,R,double,False,False
813068,2025-10-02,2025,518692,L,695505,R,field_out,False,False
813068,2025-10-02,2025,606192,R,695505,R,field_out,False,False
813068,2025-10-02,2025,666158,L,686218,R,single,False,False
813068,2025-10-02,2025,669720,R,686218,R,walk,False,True
813068,2025-10-02,2025,701398,R,686218,R,single,False,False
813068,2025-10-02,2025,682829,L,686218,R,walk,False,True
813068,2025-10-02,2025,663886,R,686218,R,sac_fly,False,False
813068,2025-10-02,2025,609280,R,681911,L,strikeout,True,False
813068,2025-10-02,2025,680574,R,681911,L,walk,False,True
813068,2025-10-02,2025,670770,L,681911,L,strikeout,True,False
813068,2025-10-02,2025,571970,L,695505,R,field_out,False,False
813068,2025-10-02,2025,681624,R,695505,R,strikeout,True,False
813068,2025-10-02,2025,571771,R,695505,R,field_out,False,False
813068,2025-10-02,2025,668715,R,808963,R,strikeout,True,False
813068,2025-10-02,2025,666158,L,808963,R,strikeout,True,False
813068,2025-10-02,2025,669720,R,808963,R,field_out,False,False
813073,2025-10-02,2025,650402,R,677944,R,field_out,False,False
813073,2025-10-02,2025,681481,L,677944,R,walk,False,True
813073,2025-10-02,2025,672761,L,677944,R,strikeout,True,False
813073,2025-10-02,2025,679529,R,677944,R,strikeout,True,False
813073,2025-10-02,2025,680757,L,656427,R,field_out,False,False
813073,2025-10-02,2025,671655,L,656427,R,field_out,False,False
813073,2025-10-02,2025,608070,L,656427,R,strikeout,True,False
813073,2025-10-02,2025,682985,L,677944,R,field_out,False,False
813073,2025-10-02,2025,693307,R,677944,R,strikeout,True,False
813073,2025-10-02,2025,656716,L,677944,R,field_out,False,False
813073,2025-10-02,2025,700932,L,656427,R,strikeout,True,False
813073,2025-10-02,2025,800050,L,656427,R,single,False,False
813073,2025-10-02,2025,672356,R,656427,R,strikeout,True,False
813073,2025-10-02,2025,666310,L,656427,R,field_out,False,False
813073,2025-10-02,2025,595879,R,677944,R,field_out,False,False
813073,2025-10-02,2025,678009,L,677944,R,single,False,False
813073,2025-10-02,2025,650402,R,677944,R,single,False,False
813073,2025-10-02,2025,681481,L,682120,L,double,False,False
813073,2025-10-02,2025,672761,R,682120,L,field_out,False,False
813073,2025-10-02,2025,679529,R,682120,L,strikeout,True,False
813073,2025-10-02,2025,692216,L,656427,R,field_out,False,False
813073,2025-10-02,2025,677587,L,656427,R,strikeout,True,False
813073,2025-10-02,2025,680757,L,656427,R,field_out,False,False
813073,2025-10-02,2025,682985,L,676282,L,single,False,False
813073,2025-10-02,2025,693307,R,676282,L,strikeout,True,False
813073,2025-10-02,2025,656716,L,676282,L,walk,False,True
813073,2025-10-02,2025,595879,R,676282,L,strikeout,True,False
813073,2025-10-02,2025,678009,L,676282,L,field_out,False,False
813073,2025-10-02,2025,671655,L,656427,R,double,False,False
813073,2025-10-02,2025,608070,L,656427,R,single,False,False
813073,2025-10-02,2025,700932,L,656427,R,walk,False,True
813073,2025-10-02,2025,800050,L,656427,R,grounded_into_double_play,False,False
813073,2025-10-02,2025,650402,R,676282,L,strikeout,True,False
813073,2025-10-02,2025,681481,L,676282,L,walk,False,True
813073,2025-10-02,2025,672761,R,676282,L,grounded_into_double_play,False,False
813073,2025-10-02,2025,672356,R,656427,R,field_out,False,False
813073,2025-10-02,2025,666310,L,656427,R,field_out,False,False
813073,2025-10-02,2025,692216,L,656427,R,walk,False,True
813073,2025-10-02,2025,677587,L,640448,R,field_out,False,False
813073,2025-10-02,2025,679529,R,676282,L,field_out,False,False
813073,2025-10-02,2025,682985,L,676282,L,field_out,False,False
813073,2025-10-02,2025,693307,R,676282,L,home_run,False,False
813073,2025-10-02,2025,656716,L,681870,L,field_out,False,False
813073,2025-10-02,2025,680757,L,640448,R,field_out,False,False
813073,2025-10-02,2025,671655,L,640448,R,field_out,False,False
813073,2025-10-02,2025,608070,L,640448,R,field_out,False,False
813073,2025-10-02,2025,595879,R,681870,L,double,False,False
813073,2025-10-02,2025,678009,L,681870,L,single,False,False
813073,2025-10-02,2025,650402,R,683769,R,field_out,False,False
813073,2025-10-02,2025,681481,L,683769,R,intent_walk,False,True
813073,2025-10-02,2025,672761,L,683769,R,single,False,False
813073,2025-10-02,2025,679529,R,683769,R,single,False,False
813073,2025-10-02,2025,682985,L,683769,R,single,False,False
813073,2025-10-02,2025,693307,R,670036,R,walk,False,True
813073,2025-10-02,2025,656716,L,670036,R,strikeout,True,False
813073,2025-10-02,2025,595879,R,670036,R,field_out,False,False
813073,2025-10-02,2025,700932,L,663947,L,field_out,False,False
813073,2025-10-02,2025,800050,L,663947,L,strikeout,True,False
813073,2025-10-02,2025,672356,R,663947,L,single,False,False
813073,2025-10-02,2025,666310,L,663947,L,field_out,False,False
813073,2025-10-02,2025,678009,L,596001,R,field_out,False,False
813073,2025-10-02,2025,650402,R,596001,R,field_out,False,False
813073,2025-10-02,2025,681481,L,596001,R,field_out,False,False
813073,2025-10-02,2025,692216,L,592454,R,field_out,False,False
813073,2025-10-02,2025,677587,L,592454,R,single,False,False
813073,2025-10-02,2025,680757,L,592454,R,double,False,False
813073,2025-10-02,2025,671655,L,676684,R,strikeout,True,False
813073,2025-10-02,2025,608070,L,676684,R,field_error,False,False
813073,2025-10-02,2025,672761,L,671922,R,strikeout,True,False
813073,2025-10-02,2025,679529,R,671922,R,field_out,False,False
813073,2025-10-02,2025,682985,L,671922,R,field_out,False,False
813073,2025-10-02,2025,700932,L,676684,R,field_out,False,False
813073,2025-10-02,2025,800050,L,676684,R,field_out,False,False
813073,2025-10-02,2025,682177,L,676684,R,field_out,False,False
813059,2025-10-02,2025,665487,R,592791,R,strikeout,True,False
813059,2025-10-02,2025,650333,L,592791,R,field_out,False,False
813059,2025-10-02,2025,592518,R,592791,R,field_out,False,False
813059,2025-10-02,2025,683737,L,506433,R,single,False,False
813059,2025-10-02,2025,663538,R,506433,R,force_out,False,False
813059,2025-10-02,2025,664023,L,506433,R,strikeout,True,False
813059,2025-10-02,2025,663656,L,506433,R,caught_stealing_2b,False,False
813059,2025-10-02,2025,701538,L,592791,R,strikeout,True,False
813059,2025-10-02,2025,593428,R,592791,R,field_out,False,False
813059,2025-10-02,2025,656811,L,592791,R,single,False,False
813059,2025-10-02,2025,657757,L,592791,R,strikeout,True,False
813059,2025-10-02,2025,663656,L,506433,R,single,False,False
813059,2025-10-02,2025,673548,R,506433,R,double,False,False
813059,2025-10-02,2025,608348,R,506433,R,hit_by_pitch,False,False
813059,2025-10-02,2025,691718,L,506433,R,single,False,False
813059,2025-10-02,2025,621020,R,669093,R,walk,False,True
813059,2025-10-02,2025,807713,R,669093,R,strikeout,True,False
813059,2025-10-02,2025,683737,L,669093,R,grounded_into_double_play,False,False
813059,2025-10-02,2025,630105,L,592791,R,field_out,False,False
813059,2025-10-02,2025,666023,R,592791,R,field_out,False,False
813059,2025-10-02,2025,665487,R,592791,R,strikeout,True,False
813059,2025-10-02,2025,663538,R,669093,R,field_out,False,False
813059,2025-10-02,2025,664023,L,669093,R,field_out,False,False
813059,2025-10-02,2025,663656,L,669093,R,single,False,False
813059,2025-10-02,2025,673548,R,669093,R,strikeout,True,False
813059,2025-10-02,2025,650333,L,592791,R,field_out,False,False
813059,2025-10-02,2025,592518,R,592791,R,field_out,False,False
813059,2025-10-02,2025,701538,L,592791,R,double,False,False
813059,2025-10-02,2025,593428,R,592791,R,field_out,False,False
813059,2025-10-02,2025,608348,R,650633,R,single,False,False
813059,2025-10-02,2025,691718,L,650633,R,strikeout,True,False
813059,2025-10-02,2025,621020,R,650633,R,strikeout,True,False
813059,2025-10-02,2025,807713,R,650633,R,strikeout,True,False
813059,2025-10-02,2025,656811,L,573204,L,strikeout,True,False
813059,2025-10-02,2025,657757,L,573204,L,single,False,False
813059,2025-10-02,2025,630105,L,573204,L,strikeout,True,False
813059,2025-10-02,2025,666023,R,694037,R,double,False,False
813059,2025-10-02,2025,665487,R,694037,R,field_out,False,False
813059,2025-10-02,2025,683737,L,593974,L,single,False,False
813059,2025-10-02,2025,663538,R,593974,L,grounded_into_double_play,False,False
813059,2025-10-02,2025,664023,R,593974,L,double,False,False
813059,2025-10-02,2025,663656,L,593974,L,field_out,False,False
813059,2025-10-02,2025,650333,L,694037,R,field_out,False,False
813059,2025-10-02,2025,592518,R,694037,R,walk,False,True
813059,2025-10-02,2025,701538,L,694037,R,grounded_into_double_play,False,False
813059,2025-10-02,2025,673548,R,663158,R,field_out,False,False
813059,2025-10-02,2025,608348,R,663158,R,single,False,False
813059,2025-10-02,2025,691718,L,663158,R,single,False,False
813059,2025-10-02,2025,621020,R,663158,R,strikeout,True,False
813059,2025-10-02,2025,807713,R,663158,R,strikeout,True,False
813059,2025-10-02,2025,593428,R,694037,R,single,False,False
813059,2025-10-02,2025,656811,L,519141,L,field_out,False,False
813059,2025-10-02,2025,578428,R,519141,L,field_out,False,False
813059,2025-10-02,2025,630105,L,519141,L,field_out,False,False
813059,2025-10-02,2025,683737,L,663158,R,home_run,False,False
813059,2025-10-02,2025,663538,R,663158,R,double,False,False
813059,2025-10-02,2025,664023,R,670970,L,sac_bunt,False,False
813059,2025-10-02,2025,663656,L,670970,L,fielders_choice_out,False,False
813059,2025-10-02,2025,673548,R,670970,L,strikeout,True,False
813059,2025-10-02,2025,666023,R,641745,R,single,False,False
813059,2025-10-02,2025,665487,R,641745,R,strikeout,True,False
813059,2025-10-02,2025,650333,L,641745,R,field_out,False,False
813059,2025-10-02,2025,592518,R,641745,R,field_out,False,False
813059,2025-10-02,2025,608348,R,688158,R,strikeout,True,False
813059,2025-10-02,2025,691718,L,688158,R,single,False,False
813059,2025-10-02,2025,621020,R,688158,R,strikeout,True,False
813059,2025-10-02,2025,701538,L,641745,R,home_run,False,False
813059,2025-10-02,2025,593428,R,641745,R,strikeout,True,False
813059,2025-10-02,2025,656811,L,641745,R,hit_by_pitch,False,False
813059,2025-10-03,2025,669369,L,641745,R,hit_by_pitch,False,False
813059,2025-10-03,2025,630105,L,552640,R,field_out,False,False
813059,2025-10-03,2025,666023,R,552640,R,field_out,False,False
813065,2025-10-03,2025,680776,L,693645,R,field_out,False,False
813065,2025-10-03,2025,596115,R,693645,R,field_out,False,False
813065,2025-10-03,2025,608324,R,693645,R,strikeout,True,False
813065,2025-10-03,2025,663757,L,813349,L,strikeout,True,False
813065,2025-10-03,2025,592450,R,813349,L,field_out,False,False
813065,2025-10-03,2025,641355,L,813349,L,field_out,False,False
813065,2025-10-03,2025,807799,L,693645,R,single,False,False
813065,2025-10-03,2025,678882,R,693645,R,strikeout,True,False
813065,2025-10-03,2025,663993,L,693645,R,strikeout,True,False
813065,2025-10-03,2025,665966,R,693645,R,field_out,False,False
813065,2025-10-03,2025,519317,R,813349,L,double,False,False
813065,2025-10-03,2025,700250,L,813349,L,strikeout,True,False
813065,2025-10-03,2025,642708,R,813349,L,field_out,False,False
813065,2025-10-03,2025,665862,L,813349,L,strikeout,True,False
813065,2025-10-03,2025,677800,L,693645,R,field_out,False,False
813065,2025-10-03,2025,663853,R,693645,R,strikeout,True,False
813065,2025-10-03,2025,680776,L,693645,R,strikeout,True,False
813065,2025-10-03,2025,683011,R,813349,L,strikeout,True,False
813065,2025-10-03,2025,669224,L,813349,L,strikeout,True,False
813065,2025-10-03,2025,663757,L,813349,L,single,False,False
813065,2025-10-03,2025,592450,R,813349,L,field_out,False,False
813065,2025-10-03,2025,596115,R,693645,R,field_out,False,False
813065,2025-10-03,2025,608324,R,693645,R,field_out,False,False
813065,2025-10-03,2025,807799,L,693645,R,single,False,False
813065,2025-10-03,2025,678882,R,693645,R,field_out,False,False
813065,2025-10-03,2025,641355,L,813349,L,double,False,False
813065,2025-10-03,2025,519317,R,813349,L,walk,False,True
813065,2025-10-03,2025,700250,L,813349,L,strikeout,True,False
813065,2025-10-03,2025,642708,R,813349,L,single,False,False
813065,2025-10-03,2025,665862,L,813349,L,single,False,False
813065,2025-10-03,2025,683011,R,813349,L,single,False,False
813065,2025-10-03,2025,669224,L,813349,L,fielders_choice,False,False
813065,2025-10-03,2025,663757,L,813349,L,field_out,False,False
813065,2025-10-03,2025,592450,R,686580,R,hit_by_pitch,False,False
813065,2025-10-03,2025,641355,L,686580,R,field_out,False,False
813065,2025-10-03,2025,663993,L,693645,R,single,False,False
813065,2025-10-03,2025,665966,R,693645,R,strikeout,True,False
813065,2025-10-03,2025,677800,L,693645,R,strikeout,True,False
813065,2025-10-03,2025,663853,R,693645,R,single,False,False
813065,2025-10-03,2025,680776,L,693645,R,strikeout,True,False
813065,2025-10-03,2025,519317,R,686580,R,field_out,False,False
813065,2025-10-03,2025,700250,L,686580,R,field_out,False,False
813065,2025-10-03,2025,642708,R,686580,R,strikeout,True,False
813065,2025-10-03,2025,596115,R,693645,R,single,False,False
813065,2025-10-03,2025,608324,R,693645,R,force_out,False,False
813065,2025-10-03,2025,807799,L,693645,R,strikeout,True,False
813065,2025-10-03,2025,678882,R,693645,R,strikeout,True,False
813065,2025-10-03,2025,665862,L,571927,L,single,False,False
813065,2025-10-03,2025,683011,R,571927,L,strikeout,True,False
813065,2025-10-03,2025,669224,L,571927,L,force_out,False,False
813065,2025-10-03,2025,663757,L,571927,L,field_out,False,False
813065,2025-10-03,2025,663993,L,693645,R,field_out,False,False
813065,2025-10-03,2025,665966,R,693645,R,field_out,False,False
813065,2025-10-03,2025,677800,L,693645,R,strikeout,True,False
813065,2025-10-03,2025,592450,R,669711,R,field_out,False,False
813065,2025-10-03,2025,641355,L,669711,R,field_out,False,False
813065,2025-10-03,2025,519317,R,669711,R,field_out,False,False
813065,2025-10-03,2025,663853,R,693645,R,strikeout,True,False
813065,2025-10-03,2025,680776,L,693645,R,field_out,False,False
813065,2025-10-03,2025,596115,R,693645,R,field_out,False,False
813065,2025-10-03,2025,502671,R,547973,L,single,False,False
813065,2025-10-03,2025,641857,L,547973,L,strikeout,True,False
813065,2025-10-03,2025,665862,L,547973,L,strikeout,True,False
813065,2025-10-03,2025,683011,R,547973,L,strikeout,True,False
813065,2025-10-03,2025,608324,R,670280,R,walk,False,True
813065,2025-10-03,2025,807799,L,670280,R,force_out,False,False
813065,2025-10-03,2025,678882,R,670280,R,strikeout,True,False
813065,2025-10-03,2025,663993,L,670280,R,field_out,False,False
813051,2025-10-04,2025,660271,L,650911,L,strikeout,True,False
813051,2025-10-04,2025,605141,R,650911,L,field_out,False,False
813051,2025-10-04,2025,606192,R,650911,L,strikeout,True,False
813051,2025-10-04,2025,607208,R,660271,R,strikeout,True,False
813051,2025-10-04,2025,656941,L,660271,R,field_out,False,False
813051,2025-10-04,2025,547180,L,660271,R,field_out,False,False
813051,2025-10-04,2025,518692,L,650911,L,single,False,False
813051,2025-10-04,2025,669242,R,650911,L,force_out,False,False
813051,2025-10-04,2025,571771,R,650911,L,field_out,False,False
813051,2025-10-04,2025,669743,R,650911,L,walk,False,True
813051,2025-10-04,2025,681624,R,650911,L,strikeout,True,False
813051,2025-10-04,2025,664761,R,660271,R,walk,False,True
813051,2025-10-04,2025,669016,L,660271,R,single,False,False
813051,2025-10-04,2025,592663,R,660271,R,triple,False,False
813051,2025-10-04,2025,596146,L,660271,R,field_out,False,False
813051,2025-10-04,2025,664056,R,660271,R,sac_fly,False,False
813051,2025-10-04,2025,681082,L,660271,R,strikeout,True,False
813051,2025-10-04,2025,666163,L,650911,L,hit_by_pitch,False,False
813051,2025-10-04,2025,660271,L,650911,L,strikeout,True,False
813051,2025-10-04,2025,605141,R,650911,L,force_out,False,False
813051,2025-10-04,2025,606192,R,650911,L,strikeout,True,False
813051,2025-10-04,2025,607208,R,660271,R,field_out,False,False
813051,2025-10-04,2025,656941,L,660271,R,strikeout,True,False
813051,2025-10-04,2025,547180,L,660271,R,strikeout,True,False
813051,2025-10-04,2025,518692,L,650911,L,field_out,False,False
813051,2025-10-04,2025,669242,R,650911,L,field_out,False,False
813051,2025-10-04,2025,571771,R,650911,L,field_out,False,False
813051,2025-10-04,2025,664761,R,660271,R,field_out,False,False
813051,2025-10-04,2025,669016,L,660271,R,strikeout,True,False
813051,2025-10-04,2025,592663,R,660271,R,field_out,False,False
813051,2025-10-04,2025,669743,R,650911,L,single,False,False
813051,2025-10-04,2025,681624,R,650911,L,field_out,False,False
813051,2025-10-04,2025,669257,R,650911,L,strikeout,True,False
813051,2025-10-04,2025,660271,L,650911,L,strikeout,True,False
813051,2025-10-05,2025,596146,L,660271,R,strikeout,True,False
813051,2025-10-05,2025,664056,R,660271,R,hit_by_pitch,False,False
813051,2025-10-05,2025,681082,L,660271,R,single,False,False
813051,2025-10-05,2025,607208,R,660271,R,field_out,False,False
813051,2025-10-05,2025,656941,L,660271,R,strikeout,True,False
813051,2025-10-05,2025,605141,R,650911,L,field_out,False,False
813051,2025-10-05,2025,606192,R,650911,L,strikeout,True,False
813051,2025-10-05,2025,518692,L,650911,L,walk,False,True
813051,2025-10-05,2025,669242,R,650911,L,single,False,False
813051,2025-10-05,2025,571771,R,650911,L,double,False,False
813051,2025-10-05,2025,571970,L,502085,R,field_out,False,False
813051,2025-10-05,2025,547180,L,660271,R,strikeout,True,False
813051,2025-10-05,2025,664761,R,660271,R,field_out,False,False
813051,2025-10-05,2025,669016,L,660271,R,strikeout,True,False
813051,2025-10-05,2025,681624,R,502085,R,single,False,False
813051,2025-10-05,2025,669257,R,502085,R,hit_by_pitch,False,False
813051,2025-10-05,2025,660271,L,621381,L,strikeout,True,False
813051,2025-10-05,2025,605141,R,621381,L,field_out,False,False
813051,2025-10-05,2025,606192,R,621381,L,home_run,False,False
813051,2025-10-05,2025,518692,L,621381,L,field_out,False,False
813051,2025-10-05,2025,592663,R,607192,R,single,False,False
813051,2025-10-05,2025,596146,L,607192,R,field_out,False,False
813051,2025-10-05,2025,592206,R,607192,R,grounded_into_double_play,False,False
813051,2025-10-05,2025,669242,L,689147,R,strikeout,True,False
813051,2025-10-05,2025,571771,R,689147,R,field_out,False,False
813051,2025-10-05,2025,571970,L,689147,R,strikeout,True,False
813051,2025-10-05,2025,681082,L,607192,R,strikeout,True,False
813051,2025-10-05,2025,607208,R,607192,R,walk,False,True
813051,2025-10-05,2025,656941,L,607192,R,strikeout,True,False
813051,2025-10-05,2025,547180,L,607192,R,single,False,False
813051,2025-10-05,2025,664761,R,607192,R,walk,False,True
813051,2025-10-05,2025,624641,R,681911,L,field_out,False,False
813051,2025-10-05,2025,681624,R,661395,R,strikeout,True,False
813051,2025-10-05,2025,669257,R,661395,R,strikeout,True,False
813051,2025-10-05,2025,660271,L,661395,R,walk,False,True
813051,2025-10-05,2025,605141,R,661395,R,field_out,False,False
813051,2025-10-05,2025,592663,R,808963,R,strikeout,True,False
813051,2025-10-05,2025,596146,L,808963,R,double,False,False
813051,2025-10-05,2025,592206,R,808963,R,field_out,False,False
813051,2025-10-05,2025,681082,L,808963,R,field_out,False,False
813047,2025-10-04,2025,683737,L,642547,R,home_run,False,False
813047,2025-10-04,2025,663538,R,642547,R,field_out,False,False
813047,2025-10-04,2025,663656,L,642547,R,field_out,False,False
813047,2025-10-04,2025,673548,R,642547,R,strikeout,True,False
813047,2025-10-04,2025,694192,R,571510,L,double,False,False
813047,2025-10-04,2025,668930,L,571510,L,double,False,False
813047,2025-10-04,2025,661388,R,571510,L,double,False,False
813047,2025-10-04,2025,592885,L,571510,L,field_out,False,False
813047,2025-10-04,2025,683734,R,571510,L,walk,False,True
813047,2025-10-04,2025,686217,L,571510,L,field_error,False,False
813047,2025-10-04,2025,702332,R,571510,L,strikeout,True,False
813047,2025-10-04,2025,663368,R,571510,L,single,False,False
813047,2025-10-04,2025,687401,R,647336,R,walk,False,True
813047,2025-10-04,2025,694192,R,647336,R,single,False,False
813047,2025-10-04,2025,668930,L,647336,R,strikeout,True,False
813047,2025-10-04,2025,664023,L,642547,R,field_out,False,False
813047,2025-10-04,2025,608348,R,642547,R,strikeout,True,False
813047,2025-10-04,2025,691718,L,642547,R,single,False,False
813047,2025-10-04,2025,621020,R,642547,R,strikeout,True,False
813047,2025-10-04,2025,661388,R,647336,R,single,False,False
813047,2025-10-04,2025,592885,L,647336,R,single,False,False
813047,2025-10-04,2025,683734,R,647336,R,single,False,False
813047,2025-10-04,2025,686217,L,647336,R,field_out,False,False
813047,2025-10-04,2025,702332,R,647336,R,single,False,False
813047,2025-10-04,2025,663368,L,647336,R,field_out,False,False
813047,2025-10-04,2025,687401,R,647336,R,walk,False,True
813047,2025-10-04,2025,694192,R,650644,R,single,False,False
813047,2025-10-04,2025,668930,L,650644,R,strikeout,True,False
813047,2025-10-04,2025,807713,R,642547,R,walk,False,True
813047,2025-10-04,2025,683737,L,642547,R,field_out,False,False
813047,2025-10-04,2025,663538,R,642547,R,strikeout,True,False
813047,2025-10-04,2025,663656,L,642547,R,walk,False,True
813047,2025-10-04,2025,673548,R,642547,R,strikeout,True,False
813047,2025-10-04,2025,661388,R,650644,R,field_out,False,False
813047,2025-10-04,2025,592885,L,650644,R,field_out,False,False
813047,2025-10-04,2025,683734,R,650644,R,field_out,False,False
813047,2025-10-04,2025,664023,L,642547,R,strikeout,True,False
813047,2025-10-04,2025,608348,R,642547,R,field_out,False,False
813047,2025-10-04,2025,691718,L,642547,R,field_out,False,False
813047,2025-10-04,2025,686217,L,650644,R,single,False,False
813047,2025-10-04,2025,702332,R,650644,R,field_out,False,False
813047,2025-10-04,2025,663368,L,650644,R,strikeout,True,False
813047,2025-10-04,2025,687401,R,650644,R,field_out,False,False
813047,2025-10-04,2025,621020,R,642547,R,strikeout,True,False
813047,2025-10-04,2025,807713,R,642547,R,walk,False,True
813047,2025-10-04,2025,683737,L,642547,R,strikeout,True,False
813047,2025-10-04,2025,663538,R,642547,R,strikeout,True,False
813047,2025-10-04,2025,686555,L,650644,R,strikeout,True,False
813047,2025-10-04,2025,668930,L,650644,R,single,False,False
813047,2025-10-04,2025,661388,R,650644,R,grounded_into_double_play,False,False
813047,2025-10-04,2025,663656,L,642547,R,field_out,False,False
813047,2025-10-04,2025,673548,R,642547,R,field_out,False,False
813047,2025-10-04,2025,664023,L,642547,R,home_run,False,False
813047,2025-10-04,2025,608348,R,642547,R,single,False,False
813047,2025-10-04,2025,691718,L,676879,L,field_out,False,False
813047,2025-10-04,2025,592885,L,650644,R,field_out,False,False
813047,2025-10-04,2025,683734,R,650644,R,field_out,False,False
813047,2025-10-04,2025,686217,L,650644,R,field_out,False,False
813047,2025-10-04,2025,621020,R,676879,L,strikeout,True,False
813047,2025-10-04,2025,807713,R,676879,L,field_out,False,False
813047,2025-10-04,2025,683737,L,676879,L,field_out,False,False
813047,2025-10-04,2025,702332,R,676962,R,strikeout,True,False
813047,2025-10-04,2025,663368,L,676962,R,double,False,False
813047,2025-10-04,2025,687401,R,676962,R,strikeout,True,False
813047,2025-10-04,2025,686555,L,676962,R,field_out,False,False
813047,2025-10-04,2025,663538,R,657649,L,home_run,False,False
813047,2025-10-04,2025,663656,L,657649,L,field_out,False,False
813047,2025-10-04,2025,673548,R,657649,L,field_out,False,False
813047,2025-10-04,2025,664023,R,657649,L,field_out,False,False
813047,2025-10-04,2025,668930,L,676962,R,strikeout,True,False
813047,2025-10-04,2025,661388,R,676962,R,field_out,False,False
813047,2025-10-04,2025,592885,L,676962,R,walk,False,True
813047,2025-10-04,2025,641343,L,676962,R,walk,False,True
813047,2025-10-04,2025,686217,L,676962,R,field_out,False,False
813047,2025-10-04,2025,608348,R,683232,R,strikeout,True,False
813047,2025-10-04,2025,691718,L,683232,R,strikeout,True,False
813047,2025-10-04,2025,621020,R,683232,R,double,False,False
813047,2025-10-04,2025,694208,L,683232,R,field_out,False,False
813063,2025-10-04,2025,663757,L,592332,R,field_out,False,False
813063,2025-10-04,2025,592450,R,592332,R,single,False,False
813063,2025-10-04,2025,641355,L,592332,R,field_out,False,False
813063,2025-10-04,2025,700250,L,592332,R,strikeout,True,False
813063,2025-10-04,2025,543807,R,661563,R,field_out,False,False
813063,2025-10-04,2025,664770,L,661563,R,field_out,False,False
813063,2025-10-04,2025,665489,R,661563,R,home_run,False,False
813063,2025-10-04,2025,680718,L,661563,R,strikeout,True,False
813063,2025-10-04,2025,519317,R,592332,R,field_out,False,False
813063,2025-10-04,2025,665862,L,592332,R,single,False,False
813063,2025-10-04,2025,641857,L,592332,R,double_play,False,False
813063,2025-10-04,2025,672386,R,661563,R,home_run,False,False
813063,2025-10-04,2025,662139,L,661563,R,single,False,False
813063,2025-10-04,2025,623993,L,661563,R,strikeout,True,False
813063,2025-10-04,2025,665926,L,661563,R,field_out,False,False
813063,2025-10-04,2025,676391,R,661563,R,field_out,False,False
813063,2025-10-04,2025,683011,R,592332,R,field_out,False,False
813063,2025-10-04,2025,669224,L,592332,R,field_out,False,False
813063,2025-10-04,2025,663757,L,592332,R,field_out,False,False
813063,2025-10-04,2025,543807,R,661563,R,field_out,False,False
813063,2025-10-04,2025,664770,L,661563,R,field_out,False,False
813063,2025-10-04,2025,665489,R,661563,R,single,False,False
813063,2025-10-04,2025,680718,L,657612,L,single,False,False
813063,2025-10-04,2025,672386,R,657612,L,field_out,False,False
813063,2025-10-04,2025,592450,R,592332,R,field_out,False,False
813063,2025-10-04,2025,641355,L,592332,R,field_out,False,False
813063,2025-10-04,2025,700250,L,592332,R,strikeout,True,False
813063,2025-10-04,2025,662139,L,657612,L,field_out,False,False
813063,2025-10-04,2025,623993,R,657612,L,field_out,False,False
813063,2025-10-04,2025,665926,L,657612,L,field_out,False,False
813063,2025-10-04,2025,519317,R,592332,R,field_out,False,False
813063,2025-10-04,2025,665862,L,592332,R,field_out,False,False
813063,2025-10-04,2025,641857,L,592332,R,field_out,False,False
813063,2025-10-04,2025,676391,R,666808,R,field_out,False,False
813063,2025-10-04,2025,543807,R,666808,R,field_out,False,False
813063,2025-10-04,2025,664770,L,666808,R,field_out,False,False
813063,2025-10-04,2025,683011,R,592332,R,double,False,False
813063,2025-10-04,2025,669224,L,592332,R,single,False,False
813063,2025-10-04,2025,663757,L,592332,R,walk,False,True
813063,2025-10-04,2025,592450,R,592332,R,strikeout,True,False
813063,2025-10-04,2025,641355,L,592332,R,walk,False,True
813063,2025-10-04,2025,700250,L,592332,R,field_out,False,False
813063,2025-10-04,2025,519317,R,686973,R,strikeout,True,False
813063,2025-10-04,2025,665489,R,666808,R,field_out,False,False
813063,2025-10-04,2025,680718,L,666808,R,field_out,False,False
813063,2025-10-04,2025,672386,R,666808,R,field_out,False,False
813063,2025-10-04,2025,665862,L,686973,R,field_out,False,False
813063,2025-10-04,2025,641857,L,686973,R,single,False,False
813063,2025-10-04,2025,683011,R,622554,R,strikeout,True,False
813063,2025-10-04,2025,669224,L,622554,R,field_out,False,False
813063,2025-10-04,2025,662139,L,596133,R,walk,False,True
813063,2025-10-04,2025,623993,L,596133,R,single,False,False
813063,2025-10-04,2025,665926,L,596133,R,single,False,False
813063,2025-10-04,2025,676391,R,518585,R,force_out,False,False
813063,2025-10-04,2025,543807,R,518585,R,walk,False,True
813063,2025-10-04,2025,664770,L,518585,R,double,False,False
813063,2025-10-04,2025,665489,R,518585,R,sac_fly,False,False
813063,2025-10-04,2025,680718,L,621112,R,field_out,False,False
813063,2025-10-04,2025,663757,L,663893,L,field_out,False,False
813063,2025-10-04,2025,592450,R,663893,L,double,False,False
813063,2025-10-04,2025,641355,L,663893,L,field_out,False,False
813063,2025-10-04,2025,700250,L,663893,L,field_out,False,False
813063,2025-10-04,2025,672386,R,621112,R,home_run,False,False
813063,2025-10-04,2025,662139,L,621112,R,double,False,False
813063,2025-10-04,2025,664702,R,621112,R,single,False,False
813063,2025-10-04,2025,665926,L,621112,R,double,False,False
813063,2025-10-04,2025,676391,R,621112,R,sac_fly,False,False
813063,2025-10-04,2025,543807,R,621112,R,field_out,False,False
813063,2025-10-04,2025,664770,L,621112,R,single,False,False
813063,2025-10-04,2025,665489,R,621112,R,single,False,False
813063,2025-10-04,2025,643396,R,621112,R,field_out,False,False
813063,2025-10-04,2025,519317,R,656546,R,field_out,False,False
813063,2025-10-04,2025,665862,L,656546,R,field_out,False,False
813063,2025-10-04,2025,676609,R,656546,R,hit_by_pitch,False,False
813063,2025-10-04,2025,683011,R,656546,R,strikeout,True,False
813058,2025-10-05,2025,650402,R,669923,R,strikeout,True,False
813058,2025-10-05,2025,681481,L,669923,R,strikeout,True,False
813058,2025-10-05,2025,682985,L,669923,R,single,False,False
813058,2025-10-05,2025,679529,R,669923,R,strikeout,True,False
813058,2025-10-05,2025,668227,R,675512,R,field_out,False,False
813058,2025-10-05,2025,663728,L,675512,R,single,False,False
813058,2025-10-05,2025,677594,R,675512,R,force_out,False,False
813058,2025-10-05,2025,647304,L,675512,R,walk,False,True
813058,2025-10-05,2025,593871,L,675512,R,field_out,False,False
813058,2025-10-05,2025,690993,L,669923,R,single,False,False
813058,2025-10-05,2025,693307,R,669923,R,walk,False,True
813058,2025-10-05,2025,656716,L,669923,R,strikeout,True,False
813058,2025-10-05,2025,595879,R,669923,R,field_out,False,False
813058,2025-10-05,2025,678009,L,669923,R,strikeout,True,False
813058,2025-10-05,2025,553993,R,675512,R,field_out,False,False
813058,2025-10-05,2025,686527,L,675512,R,strikeout,True,False
813058,2025-10-05,2025,645302,R,675512,R,strikeout,True,False
813058,2025-10-05,2025,650402,R,669923,R,double,False,False
813058,2025-10-05,2025,681481,L,669923,R,field_out,False,False
813058,2025-10-05,2025,682985,L,669923,R,strikeout,True,False
813058,2025-10-05,2025,679529,R,669923,R,field_out,False,False
813058,2025-10-05,2025,641487,L,675512,R,field_out,False,False
813058,2025-10-05,2025,668227,R,675512,R,strikeout,True,False
813058,2025-10-05,2025,663728,L,675512,R,field_out,False,False
813058,2025-10-05,2025,690993,L,669923,R,strikeout,True,False
813058,2025-10-05,2025,693307,R,669923,R,field_out,False,False
813058,2025-10-05,2025,656716,L,669923,R,strikeout,True,False
813058,2025-10-05,2025,677594,R,675512,R,home_run,False,False
813058,2025-10-05,2025,647304,L,675512,R,field_out,False,False
813058,2025-10-05,2025,593871,L,675512,R,field_out,False,False
813058,2025-10-05,2025,553993,R,675512,R,strikeout,True,False
813058,2025-10-05,2025,595879,R,669923,R,field_out,False,False
813058,2025-10-05,2025,678009,L,669923,R,single,False,False
813058,2025-10-05,2025,650402,R,669923,R,field_out,False,False
813058,2025-10-05,2025,681481,L,669923,R,home_run,False,False
813058,2025-10-05,2025,682985,L,669923,R,single,False,False
813058,2025-10-05,2025,679529,R,669923,R,force_out,False,False
813058,2025-10-05,2025,686527,L,676428,L,field_out,False,False
813058,2025-10-05,2025,645302,R,676428,L,field_out,False,False
813058,2025-10-05,2025,641487,L,676428,L,field_out,False,False
813058,2025-10-05,2025,663330,R,657571,L,walk,False,True
813058,2025-10-05,2025,693307,R,657571,L,force_out,False,False
813058,2025-10-05,2025,656716,L,657571,L,field_out,False,False
813058,2025-10-05,2025,595879,R,660825,R,field_out,False,False
813058,2025-10-05,2025,668227,R,606160,R,walk,False,True
813058,2025-10-05,2025,663728,L,606160,R,single,False,False
813058,2025-10-05,2025,677594,R,606160,R,single,False,False
813058,2025-10-05,2025,647304,L,663947,L,grounded_into_double_play,False,False
813058,2025-10-05,2025,593871,R,663947,L,field_out,False,False
813058,2025-10-05,2025,678009,L,642100,L,strikeout,True,False
813058,2025-10-05,2025,650402,R,642100,L,strikeout,True,False
813058,2025-10-05,2025,681481,L,642100,L,field_out,False,False
813058,2025-10-05,2025,553993,R,592454,R,field_out,False,False
813058,2025-10-05,2025,686527,L,592454,R,field_out,False,False
813058,2025-10-05,2025,670042,L,592454,R,strikeout,True,False
813058,2025-10-05,2025,682985,L,642100,L,field_out,False,False
813058,2025-10-05,2025,679529,R,666374,R,walk,False,True
813058,2025-10-05,2025,672761,L,666374,R,strikeout,True,False
813058,2025-10-05,2025,693307,R,666374,R,strikeout,True,False
813058,2025-10-05,2025,641487,L,640448,R,field_out,False,False
813058,2025-10-05,2025,668227,R,640448,R,field_out,False,False
813058,2025-10-05,2025,663728,L,640448,R,single,False,False
813058,2025-10-05,2025,677594,R,640448,R,strikeout,True,False
813058,2025-10-05,2025,656716,L,662253,R,field_out,False,False
813058,2025-10-05,2025,595879,R,662253,R,field_out,False,False
813058,2025-10-05,2025,678009,L,662253,R,field_out,False,False
813058,2025-10-05,2025,647304,L,676684,R,field_out,False,False
813058,2025-10-05,2025,593871,L,676684,R,field_out,False,False
813058,2025-10-05,2025,553993,R,676684,R,strikeout,True,False
813058,2025-10-05,2025,650402,R,662253,R,field_out,False,False
813058,2025-10-05,2025,681481,L,662253,R,strikeout,True,False
813058,2025-10-05,2025,682985,L,662253,R,strikeout,True,False
813058,2025-10-05,2025,686527,L,676684,R,field_out,False,False
813058,2025-10-05,2025,670042,L,676684,R,field_out,False,False
813058,2025-10-05,2025,641487,L,676684,R,strikeout,True,False
813058,2025-10-05,2025,679529,R,672841,R,walk,False,True
813058,2025-10-05,2025,672761,L,672841,R,strikeout,True,False
813058,2025-10-05,2025,693307,R,672841,R,strikeout,True,False
813058,2025-10-05,2025,656716,L,672841,R,single,False,False
813058,2025-10-05,2025,595879,R,672841,R,field_out,False,False
813058,2025-10-05,2025,668227,R,672456,R,field_out,False,False
813058,2025-10-05,2025,663728,L,672456,R,field_out,False,False
813058,2025-10-05,2025,677594,R,672456,R,single,False,False
813058,2025-10-05,2025,647304,L,672456,R,field_out,False,False
813062,2025-10-05,2025,663757,L,702056,R,strikeout,True,False
813062,2025-10-05,2025,592450,R,702056,R,walk,False,True
813062,2025-10-05,2025,641355,L,702056,R,strikeout,True,False
813062,2025-10-05,2025,700250,L,702056,R,strikeout,True,False
813062,2025-10-05,2025,543807,R,608331,L,field_out,False,False
813062,2025-10-05,2025,676914,R,608331,L,single,False,False
813062,2025-10-05,2025,665489,R,608331,L,single,False,False
813062,2025-10-05,2025,672386,R,608331,L,grounded_into_double_play,False,False
813062,2025-10-05,2025,519317,R,702056,R,strikeout,True,False
813062,2025-10-05,2025,665862,L,702056,R,field_out,False,False
813062,2025-10-05,2025,641857,L,702056,R,field_out,False,False
813062,2025-10-05,2025,662139,L,608331,L,double,False,False
813062,2025-10-05,2025,676391,R,608331,L,home_run,False,False
813062,2025-10-05,2025,643396,R,608331,L,field_out,False,False
813062,2025-10-05,2025,665926,L,608331,L,strikeout,True,False
813062,2025-10-05,2025,664702,R,608331,L,field_out,False,False
813062,2025-10-05,2025,683011,R,702056,R,strikeout,True,False
813062,2025-10-05,2025,669224,L,702056,R,strikeout,True,False
813062,2025-10-05,2025,663757,L,702056,R,strikeout,True,False
813062,2025-10-05,2025,543807,R,608331,L,field_out,False,False
813062,2025-10-05,2025,676914,R,608331,L,walk,False,True
813062,2025-10-05,2025,665489,R,608331,L,single,False,False
813062,2025-10-05,2025,672386,R,608331,L,field_out,False,False
813062,2025-10-05,2025,662139,L,608331,L,double,False,False
813062,2025-10-05,2025,676391,R,608331,L,single,False,False
813062,2025-10-05,2025,643396,R,608331,L,field_out,False,False
813062,2025-10-05,2025,592450,R,702056,R,strikeout,True,False
813062,2025-10-05,2025,641355,L,702056,R,strikeout,True,False
813062,2025-10-05,2025,700250,L,702056,R,strikeout,True,False
813062,2025-10-05,2025,665926,L,608331,L,single,False,False
813062,2025-10-05,2025,664702,R,608331,L,walk,False,True
813062,2025-10-05,2025,543807,R,701542,R,walk,False,True
813062,2025-10-05,2025,676914,R,701542,R,strikeout,True,False
813062,2025-10-05,2025,665489,R,701542,R,home_run,False,False
813062,2025-10-05,2025,672386,R,701542,R,single,False,False
813062,2025-10-05,2025,662139,L,701542,R,home_run,False,False
813062,2025-10-05,2025,676391,R,701542,R,field_out,False,False
813062,2025-10-05,2025,643396,R,701542,R,field_out,False,False
813062,2025-10-05,2025,519317,R,702056,R,field_out,False,False
813062,2025-10-05,2025,665862,L,702056,R,field_error,False,False
813062,2025-10-05,2025,641857,L,702056,R,field_out,False,False
813062,2025-10-05,2025,683011,R,702056,R,strikeout,True,False
813062,2025-10-05,2025,665926,L,701542,R,field_out,False,False
813062,2025-10-05,2025,664702,R,701542,R,strikeout,True,False
813062,2025-10-05,2025,543807,R,701542,R,home_run,False,False
813062,2025-10-05,2025,676914,R,701542,R,strikeout,True,False
813062,2025-10-05,2025,669224,L,702056,R,field_out,False,False
813062,2025-10-05,2025,663757,L,677865,L,field_out,False,False
813062,2025-10-05,2025,592450,R,677865,L,single,False,False
813062,2025-10-05,2025,641355,L,677865,L,home_run,False,False
813062,2025-10-05,2025,700250,L,677865,L,single,False,False
813062,2025-10-05,2025,519317,R,680755,R,double,False,False
813062,2025-10-05,2025,665862,L,680755,R,strikeout,True,False
813062,2025-10-05,2025,665489,R,701542,R,field_out,False,False
813062,2025-10-05,2025,672386,R,701542,R,field_out,False,False
813062,2025-10-05,2025,662139,L,701542,R,home_run,False,False
813062,2025-10-05,2025,676391,R,701542,R,single,False,False
813062,2025-10-05,2025,643396,R,701542,R,strikeout,True,False
813062,2025-10-05,2025,641857,L,641778,L,single,False,False
813062,2025-10-05,2025,683011,R,641778,L,strikeout,True,False
813062,2025-10-05,2025,502671,R,641778,L,single,False,False
813062,2025-10-05,2025,663757,L,641778,L,single,False,False
813062,2025-10-05,2025,592450,R,667297,R,single,False,False
813062,2025-10-05,2025,641355,L,667297,R,sac_fly,False,False
813062,2025-10-05,2025,700250,L,667297,R,double,False,False
813062,2025-10-05,2025,519317,R,667297,R,single,False,False
813062,2025-10-05,2025,665862,L,689254,L,field_out,False,False
813062,2025-10-05,2025,665926,L,701542,R,field_out,False,False
813062,2025-10-05,2025,664702,R,701542,R,field_out,False,False
813062,2025-10-05,2025,543807,R,701542,R,double,False,False
813062,2025-10-05,2025,664770,L,701542,R,field_out,False,False
813062,2025-10-05,2025,641857,L,686973,R,field_out,False,False
813062,2025-10-05,2025,683011,R,686973,R,field_out,False,False
813062,2025-10-05,2025,502671,R,686973,R,field_out,False,False
813062,2025-10-05,2025,665489,R,701542,R,field_out,False,False
813062,2025-10-05,2025,672386,R,701542,R,field_out,False,False
813062,2025-10-05,2025,662139,L,596133,R,field_out,False,False
813062,2025-10-05,2025,663757,L,622554,R,strikeout,True,False
813062,2025-10-05,2025,592450,R,622554,R,walk,False,True
813062,2025-10-05,2025,641355,L,622554,R,field_out,False,False
813062,2025-10-05,2025,700250,L,622554,R,walk,False,True
813062,2025-10-05,2025,519317,R,622554,R,strikeout,True,False
813057,2025-10-06,2025,650402,R,622491,R,strikeout,True,False
813057,2025-10-06,2025,681481,L,622491,R,walk,False,True
813057,2025-10-06,2025,682985,L,622491,R,field_out,False,False
813057,2025-10-06,2025,679529,R,622491,R,field_out,False,False
813057,2025-10-06,2025,668227,R,669373,L,single,False,False
813057,2025-10-06,2025,663728,R,669373,L,strikeout,True,False
813057,2025-10-06,2025,677594,R,669373,L,strikeout,True,False
813057,2025-10-06,2025,593871,R,669373,L,field_out,False,False
813057,2025-10-06,2025,690993,L,622491,R,walk,False,True
813057,2025-10-06,2025,693307,R,622491,R,field_out,False,False
813057,2025-10-06,2025,656716,L,622491,R,walk,False,True
813057,2025-10-06,2025,595879,R,622491,R,field_out,False,False
813057,2025-10-06,2025,678009,L,622491,R,strikeout,True,False
813057,2025-10-06,2025,553993,R,669373,L,field_out,False,False
813057,2025-10-06,2025,647304,L,669373,L,field_out,False,False
813057,2025-10-06,2025,641598,R,669373,L,strikeout,True,False
813057,2025-10-06,2025,650402,R,622491,R,strikeout,True,False
813057,2025-10-06,2025,681481,L,622491,R,field_out,False,False
813057,2025-10-06,2025,682985,L,622491,R,field_out,False,False
813057,2025-10-06,2025,645302,R,669373,L,walk,False,True
813057,2025-10-06,2025,641487,L,669373,L,strikeout,True,False
813057,2025-10-06,2025,668227,R,669373,L,field_out,False,False
813057,2025-10-06,2025,663728,R,669373,L,field_out,False,False
813057,2025-10-06,2025,679529,R,622491,R,field_out,False,False
813057,2025-10-06,2025,690993,L,622491,R,field_out,False,False
813057,2025-10-06,2025,693307,R,622491,R,field_out,False,False
813057,2025-10-06,2025,677594,R,669373,L,field_out,False,False
813057,2025-10-06,2025,593871,R,669373,L,home_run,False,False
813057,2025-10-06,2025,553993,R,669373,L,strikeout,True,False
813057,2025-10-06,2025,647304,L,669373,L,strikeout,True,False
813057,2025-10-06,2025,656716,L,622491,R,field_out,False,False
813057,2025-10-06,2025,595879,R,622491,R,walk,False,True
813057,2025-10-06,2025,678009,L,622491,R,force_out,False,False
813057,2025-10-06,2025,650402,R,622491,R,single,False,False
813057,2025-10-06,2025,681481,L,642100,L,strikeout,True,False
813057,2025-10-06,2025,641598,R,669373,L,field_out,False,False
813057,2025-10-06,2025,645302,R,669373,L,field_out,False,False
813057,2025-10-06,2025,641487,L,669373,L,single,False,False
813057,2025-10-06,2025,668227,R,669373,L,strikeout,True,False
813057,2025-10-06,2025,682985,L,642100,L,strikeout,True,False
813057,2025-10-06,2025,679529,R,642100,L,field_out,False,False
813057,2025-10-06,2025,672761,R,642100,L,field_out,False,False
813057,2025-10-06,2025,663728,R,669373,L,strikeout,True,False
813057,2025-10-06,2025,677594,R,669373,L,field_out,False,False
813057,2025-10-06,2025,593871,R,669373,L,home_run,False,False
813057,2025-10-06,2025,553993,R,669373,L,strikeout,True,False
813057,2025-10-06,2025,693307,R,660825,R,field_out,False,False
813057,2025-10-06,2025,656716,L,660825,R,strikeout,True,False
813057,2025-10-06,2025,595879,R,660825,R,single,False,False
813057,2025-10-06,2025,678009,L,660825,R,field_out,False,False
813057,2025-10-06,2025,647304,L,669373,L,field_out,False,False
813057,2025-10-06,2025,641598,R,669373,L,single,False,False
813057,2025-10-06,2025,645302,R,669373,L,field_out,False,False
813057,2025-10-06,2025,641487,L,669373,L,field_out,False,False
813057,2025-10-06,2025,650402,R,666374,R,walk,False,True
813057,2025-10-06,2025,681481,L,666374,R,strikeout,True,False
813057,2025-10-06,2025,682985,L,666374,R,fielders_choice,False,False
813057,2025-10-06,2025,679529,R,666374,R,double,False,False
813057,2025-10-06,2025,672761,L,666374,R,strikeout,True,False
813057,2025-10-06,2025,693307,R,666374,R,strikeout,True,False
813057,2025-10-06,2025,668227,R,640448,R,strikeout,True,False
813057,2025-10-06,2025,663728,L,640448,R,double,False,False
813057,2025-10-06,2025,677594,R,640448,R,double,False,False
813057,2025-10-06,2025,593871,L,640448,R,single,False,False
813057,2025-10-06,2025,553993,R,640448,R,fielders_choice_out,False,False
813057,2025-10-06,2025,647304,L,676428,L,field_out,False,False
813057,2025-10-06,2025,656716,L,662253,R,strikeout,True,False
813057,2025-10-06,2025,595879,R,662253,R,field_out,False,False
813057,2025-10-06,2025,678009,L,662253,R,field_out,False,False
813052,2025-10-06,2025,660271,L,666200,L,strikeout,True,False
813052,2025-10-06,2025,605141,R,666200,L,single,False,False
813052,2025-10-06,2025,606192,R,666200,L,walk,False,True
813052,2025-10-06,2025,518692,L,666200,L,field_out,False,False
813052,2025-10-06,2025,669242,R,666200,L,field_out,False,False
813052,2025-10-06,2025,607208,R,605483,L,strikeout,True,False
813052,2025-10-06,2025,656941,L,605483,L,field_out,False,False
813052,2025-10-06,2025,547180,L,605483,L,walk,False,True
813052,2025-10-06,2025,664761,R,605483,L,field_out,False,False
813052,2025-10-06,2025,571771,R,666200,L,strikeout,True,False
813052,2025-10-06,2025,500743,R,666200,L,field_out,False,False
813052,2025-10-06,2025,681624,R,666200,L,field_out,False,False
813052,2025-10-06,2025,592663,R,605483,L,field_out,False,False
813052,2025-10-06,2025,592206,R,605483,L,strikeout,True,False
813052,2025-10-06,2025,624641,R,605483,L,strikeout,True,False
813052,2025-10-06,2025,666163,L,666200,L,strikeout,True,False
813052,2025-10-06,2025,660271,L,666200,L,field_out,False,False
813052,2025-10-06,2025,605141,R,666200,L,field_out,False,False
813052,2025-10-06,2025,669016,L,605483,L,walk,False,True
813052,2025-10-06,2025,805249,R,605483,L,strikeout,True,False
813052,2025-10-06,2025,607208,R,605483,L,strikeout,True,False
813052,2025-10-06,2025,656941,L,605483,L,pickoff_caught_stealing_2b,False,False
813052,2025-10-06,2025,606192,R,666200,L,field_out,False,False
813052,2025-10-06,2025,518692,L,666200,L,strikeout,True,False
813052,2025-10-06,2025,669242,R,666200,L,strikeout,True,False
813052,2025-10-06,2025,656941,L,605483,L,strikeout,True,False
813052,2025-10-06,2025,547180,L,605483,L,field_out,False,False
813052,2025-10-06,2025,664761,R,605483,L,strikeout,True,False
813052,2025-10-06,2025,571771,R,666200,L,field_out,False,False
813052,2025-10-06,2025,500743,R,666200,L,field_out,False,False
813052,2025-10-06,2025,681624,R,666200,L,field_out,False,False
813052,2025-10-06,2025,592663,R,605483,L,field_out,False,False
813052,2025-10-06,2025,592206,R,605483,L,field_out,False,False
813052,2025-10-06,2025,624641,R,605483,L,single,False,False
813052,2025-10-06,2025,669016,L,605483,L,field_out,False,False
813052,2025-10-06,2025,669257,R,666200,L,field_out,False,False
813052,2025-10-06,2025,660271,L,666200,L,field_out,False,False
813052,2025-10-06,2025,605141,R,666200,L,field_out,False,False
813052,2025-10-06,2025,805249,R,605483,L,strikeout,True,False
813052,2025-10-06,2025,607208,R,605483,L,walk,False,True
813052,2025-10-06,2025,656941,L,605483,L,walk,False,True
813052,2025-10-06,2025,547180,L,605483,L,strikeout,True,False
813052,2025-10-06,2025,664761,R,605483,L,force_out,False,False
813052,2025-10-06,2025,606192,R,666200,L,single,False,False
813052,2025-10-06,2025,518692,L,666200,L,double,False,False
813052,2025-10-06,2025,669242,L,689147,R,strikeout,True,False
813052,2025-10-06,2025,571771,R,689147,R,fielders_choice,False,False
813052,2025-10-07,2025,571970,L,689147,R,walk,False,True
813052,2025-10-07,2025,681624,R,689147,R,field_out,False,False
813052,2025-10-07,2025,669257,R,689147,R,single,False,False
813052,2025-10-07,2025,660271,L,621381,L,single,False,False
813052,2025-10-07,2025,605141,R,621381,L,field_out,False,False
813052,2025-10-07,2025,592663,R,686218,R,field_out,False,False
813052,2025-10-07,2025,592206,R,686218,R,field_out,False,False
813052,2025-10-07,2025,681082,L,686218,R,field_out,False,False
813052,2025-10-07,2025,606192,R,621383,L,single,False,False
813052,2025-10-07,2025,518692,L,621383,L,field_out,False,False
813052,2025-10-07,2025,669242,R,621383,L,field_out,False,False
813052,2025-10-07,2025,669016,L,686218,R,field_out,False,False
813052,2025-10-07,2025,596146,L,686218,R,triple,False,False
813052,2025-10-07,2025,607208,R,686218,R,single,False,False
813052,2025-10-07,2025,656941,L,686218,R,strikeout,True,False
813052,2025-10-07,2025,547180,L,686218,R,field_out,False,False
813052,2025-10-07,2025,571771,R,661395,R,strikeout,True,False
813052,2025-10-07,2025,571970,L,661395,R,double,False,False
813052,2025-10-07,2025,681624,R,661395,R,field_out,False,False
813052,2025-10-07,2025,669257,R,661395,R,walk,False,True
813052,2025-10-07,2025,660271,L,661395,R,strikeout,True,False
813052,2025-10-07,2025,664761,R,595014,R,single,False,False
813052,2025-10-07,2025,592663,R,595014,R,double,False,False
813052,2025-10-07,2025,592206,R,595014,R,double,False,False
813052,2025-10-07,2025,681082,L,681911,L,fielders_choice_out,False,False
813052,2025-10-07,2025,664056,R,681911,L,single,False,False
813052,2025-10-07,2025,596146,L,681911,L,force_out,False,False
813052,2025-10-07,2025,607208,R,808963,R,field_out,False,False
813048,2025-10-07,2025,457759,R,676879,L,field_out,False,False
813048,2025-10-07,2025,663538,R,676879,L,single,False,False
813048,2025-10-07,2025,663656,L,676879,L,walk,False,True
813048,2025-10-07,2025,673548,R,676879,L,home_run,False,False
813048,2025-10-07,2025,664023,R,676879,L,strikeout,True,False
813048,2025-10-07,2025,608348,R,676879,L,field_out,False,False
813048,2025-10-07,2025,694192,R,684007,L,strikeout,True,False
813048,2025-10-07,2025,668930,L,684007,L,strikeout,True,False
813048,2025-10-07,2025,661388,R,684007,L,single,False,False
813048,2025-10-07,2025,592885,L,684007,L,single,False,False
813048,2025-10-07,2025,683734,R,684007,L,home_run,False,False
813048,2025-10-07,2025,686217,L,684007,L,field_out,False,False
813048,2025-10-07,2025,691718,L,676879,L,field_out,False,False
813048,2025-10-07,2025,621020,R,676879,L,field_out,False,False
813048,2025-10-07,2025,807713,R,676879,L,walk,False,True
813048,2025-10-07,2025,457759,R,676879,L,single,False,False
813048,2025-10-07,2025,663538,R,683232,R,field_out,False,False
813048,2025-10-07,2025,702332,R,684007,L,field_out,False,False
813048,2025-10-07,2025,663368,R,684007,L,strikeout,True,False
813048,2025-10-07,2025,687401,R,684007,L,field_out,False,False
813048,2025-10-07,2025,663656,L,694819,R,field_out,False,False
813048,2025-10-07,2025,673548,R,694819,R,walk,False,True
813048,2025-10-07,2025,664023,L,694819,R,strikeout,True,False
813048,2025-10-07,2025,608348,R,694819,R,field_out,False,False
813048,2025-10-07,2025,694192,R,684007,L,field_out,False,False
813048,2025-10-07,2025,668930,L,684007,L,field_out,False,False
813048,2025-10-07,2025,661388,R,684007,L,home_run,False,False
813048,2025-10-07,2025,592885,L,684007,L,single,False,False
813048,2025-10-07,2025,683734,R,694037,R,field_out,False,False
813048,2025-10-07,2025,691718,L,694819,R,strikeout,True,False
813048,2025-10-07,2025,621020,R,694819,R,strikeout,True,False
813048,2025-10-07,2025,807713,R,694819,R,walk,False,True
813048,2025-10-07,2025,683737,L,694819,R,field_out,False,False
813048,2025-10-07,2025,686217,L,694037,R,field_out,False,False
813048,2025-10-07,2025,702332,R,694037,R,hit_by_pitch,False,False
813048,2025-10-07,2025,663368,L,694037,R,strikeout,True,False
813048,2025-10-07,2025,687401,R,694037,R,single,False,False
813048,2025-10-07,2025,694192,R,694037,R,home_run,False,False
813048,2025-10-07,2025,668930,L,519141,L,field_out,False,False
813048,2025-10-07,2025,663538,R,694819,R,single,False,False
813048,2025-10-07,2025,663656,L,694819,R,strikeout,True,False
813048,2025-10-07,2025,673548,R,694819,R,field_out,False,False
813048,2025-10-07,2025,664023,L,694819,R,field_out,False,False
813048,2025-10-07,2025,661388,R,519141,L,strikeout,True,False
813048,2025-10-07,2025,592885,L,519141,L,field_out,False,False
813048,2025-10-07,2025,683734,R,607067,R,walk,False,True
813048,2025-10-07,2025,686217,L,607067,R,field_out,False,False
813048,2025-10-07,2025,608348,R,694477,R,strikeout,True,False
813048,2025-10-07,2025,691718,L,694477,R,strikeout,True,False
813048,2025-10-07,2025,621020,R,694477,R,field_out,False,False
813048,2025-10-07,2025,702332,R,607067,R,field_out,False,False
813048,2025-10-07,2025,663368,L,607067,R,field_out,False,False
813048,2025-10-07,2025,687401,R,607067,R,single,False,False
813048,2025-10-07,2025,694192,R,607067,R,single,False,False
813048,2025-10-07,2025,668930,L,607067,R,field_out,False,False
813048,2025-10-07,2025,807713,R,657649,L,strikeout,True,False
813048,2025-10-07,2025,683737,L,657649,L,field_out,False,False
813048,2025-10-07,2025,663538,R,657649,L,field_out,False,False
813048,2025-10-07,2025,661388,R,607067,R,field_out,False,False
813048,2025-10-07,2025,592885,L,607067,R,single,False,False
813048,2025-10-07,2025,683734,R,607067,R,grounded_into_double_play,False,False
813048,2025-10-07,2025,663656,L,657649,L,field_out,False,False
813048,2025-10-07,2025,673548,R,656730,R,field_out,False,False
813048,2025-10-07,2025,664023,L,656730,R,field_out,False,False
813048,2025-10-07,2025,686217,L,607067,R,walk,False,True
813048,2025-10-07,2025,702332,R,607067,R,grounded_into_double_play,False,False
813048,2025-10-07,2025,663368,L,607067,R,single,False,False
813048,2025-10-07,2025,687401,R,607067,R,field_out,False,False
813048,2025-10-07,2025,608348,R,682842,R,strikeout,True,False
813048,2025-10-07,2025,691718,L,682842,R,strikeout,True,False
813048,2025-10-07,2025,621020,R,682842,R,strikeout,True,False
813056,2025-10-07,2025,668227,R,656427,R,field_out,False,False
813056,2025-10-07,2025,663728,L,656427,R,field_out,False,False
813056,2025-10-07,2025,677594,R,656427,R,strikeout,True,False
813056,2025-10-07,2025,681481,L,669302,R,field_out,False,False
813056,2025-10-07,2025,650402,R,669302,R,single,False,False
813056,2025-10-07,2025,690993,L,669302,R,force_out,False,False
813056,2025-10-07,2025,682985,L,669302,R,strikeout,True,False
813056,2025-10-07,2025,593871,L,656427,R,strikeout,True,False
813056,2025-10-07,2025,647304,L,656427,R,field_out,False,False
813056,2025-10-07,2025,553993,R,656427,R,walk,False,True
813056,2025-10-07,2025,686527,L,656427,R,strikeout,True,False
813056,2025-10-07,2025,679529,R,669302,R,field_out,False,False
813056,2025-10-07,2025,656716,L,669302,R,field_out,False,False
813056,2025-10-07,2025,693307,R,669302,R,single,False,False
813056,2025-10-07,2025,678009,L,669302,R,strikeout,True,False
813056,2025-10-07,2025,645302,R,656427,R,double,False,False
813056,2025-10-07,2025,641487,L,656427,R,single,False,False
813056,2025-10-07,2025,668227,R,656427,R,single,False,False
813056,2025-10-07,2025,663728,L,656427,R,walk,False,True
813056,2025-10-07,2025,677594,R,656427,R,strikeout,True,False
813056,2025-10-07,2025,593871,L,656427,R,strikeout,True,False
813056,2025-10-07,2025,647304,L,656427,R,field_out,False,False
813056,2025-10-07,2025,595879,R,669302,R,field_out,False,False
813056,2025-10-07,2025,681481,L,669302,R,strikeout,True,False
813056,2025-10-08,2025,650402,R,669302,R,double,False,False
813056,2025-10-08,2025,690993,L,669302,R,field_out,False,False
813056,2025-10-08,2025,553993,R,656427,R,home_run,False,False
813056,2025-10-08,2025,686527,L,656427,R,walk,False,True
813056,2025-10-08,2025,645302,R,656427,R,strikeout,True,False
813056,2025-10-08,2025,641487,L,592454,R,walk,False,True
813056,2025-10-08,2025,668227,R,592454,R,strikeout,True,False
813056,2025-10-08,2025,663728,L,592454,R,single,False,False
813056,2025-10-08,2025,677594,R,592454,R,field_out,False,False
813056,2025-10-08,2025,682985,L,669302,R,strikeout,True,False
813056,2025-10-08,2025,679529,R,669302,R,field_out,False,False
813056,2025-10-08,2025,656716,L,669302,R,strikeout,True,False
813056,2025-10-08,2025,593871,R,676428,L,field_out,False,False
813056,2025-10-08,2025,647304,L,676428,L,field_out,False,False
813056,2025-10-08,2025,553993,R,676428,L,strikeout,True,False
813056,2025-10-08,2025,693307,R,669302,R,hit_by_pitch,False,False
813056,2025-10-08,2025,678009,L,669302,R,sac_bunt,False,False
813056,2025-10-08,2025,595879,R,669302,R,single,False,False
813056,2025-10-08,2025,681481,L,669302,R,force_out,False,False
813056,2025-10-08,2025,650402,R,669302,R,field_out,False,False
813056,2025-10-08,2025,641598,R,676428,L,field_out,False,False
813056,2025-10-08,2025,645302,R,676428,L,field_out,False,False
813056,2025-10-08,2025,641487,L,676428,L,home_run,False,False
813056,2025-10-08,2025,668227,R,672456,R,strikeout,True,False
813056,2025-10-08,2025,690993,L,669302,R,strikeout,True,False
813056,2025-10-08,2025,682985,L,669302,R,field_out,False,False
813056,2025-10-08,2025,679529,R,669302,R,strikeout,True,False
813056,2025-10-08,2025,663728,L,672456,R,strikeout,True,False
813056,2025-10-08,2025,677594,R,672456,R,field_out,False,False
813056,2025-10-08,2025,593871,L,672456,R,walk,False,True
813056,2025-10-08,2025,647304,L,672456,R,field_out,False,False
813056,2025-10-08,2025,656716,L,666374,R,field_out,False,False
813056,2025-10-08,2025,693307,R,666374,R,field_out,False,False
813056,2025-10-08,2025,678009,L,666374,R,field_out,False,False
813056,2025-10-08,2025,553993,R,672456,R,field_out,False,False
813056,2025-10-08,2025,670042,L,672456,R,hit_by_pitch,False,False
813056,2025-10-08,2025,645302,R,672456,R,field_error,False,False
813056,2025-10-08,2025,641487,L,672456,R,sac_fly,False,False
813056,2025-10-08,2025,668227,R,672456,R,caught_stealing_3b,False,False
813056,2025-10-08,2025,595879,R,660825,R,strikeout,True,False
813056,2025-10-08,2025,681481,L,660825,R,strikeout,True,False
813056,2025-10-08,2025,650402,R,660825,R,field_out,False,False
813056,2025-10-08,2025,668227,R,669724,R,double,False,False
813056,2025-10-08,2025,663728,L,669724,R,home_run,False,False
813056,2025-10-08,2025,677594,R,669724,R,field_out,False,False
813056,2025-10-08,2025,593871,L,669724,R,field_out,False,False
813056,2025-10-08,2025,647304,L,669724,R,field_out,False,False
813056,2025-10-08,2025,668670,R,657571,L,single,False,False
813056,2025-10-08,2025,663330,R,657571,L,walk,False,True
813056,2025-10-08,2025,679529,R,657571,L,double,False,False
813056,2025-10-08,2025,628451,R,657571,L,single,False,False
813056,2025-10-08,2025,693307,R,662253,R,field_out,False,False
813056,2025-10-08,2025,678009,L,662253,R,double_play,False,False
813055,2025-10-08,2025,668227,R,663554,R,field_out,False,False
813055,2025-10-08,2025,663728,L,663554,R,strikeout,True,False
813055,2025-10-08,2025,677594,R,663554,R,field_out,False,False
813055,2025-10-08,2025,681481,L,682243,R,field_out,False,False
813055,2025-10-08,2025,650402,R,682243,R,strikeout,True,False
813055,2025-10-08,2025,690993,L,682243,R,field_out,False,False
813055,2025-10-08,2025,593871,L,663554,R,strikeout,True,False
813055,2025-10-08,2025,647304,L,663554,R,double,False,False
813055,2025-10-08,2025,553993,R,663554,R,strikeout,True,False
813055,2025-10-08,2025,686527,L,663554,R,single,False,False
813055,2025-10-08,2025,645302,R,663554,R,walk,False,True
813055,2025-10-08,2025,641487,L,663554,R,strikeout,True,False
813055,2025-10-08,2025,682985,L,682243,R,field_out,False,False
813055,2025-10-08,2025,679529,R,682243,R,field_out,False,False
813055,2025-10-08,2025,656716,L,682243,R,single,False,False
813055,2025-10-08,2025,693307,R,682243,R,field_out,False,False
813055,2025-10-08,2025,668227,R,663554,R,field_out,False,False
813055,2025-10-08,2025,663728,L,663554,R,walk,False,True
813055,2025-10-08,2025,677594,R,663554,R,strikeout,True,False
813055,2025-10-08,2025,593871,L,663554,R,strikeout,True,False
813055,2025-10-08,2025,678009,L,682243,R,field_out,False,False
813055,2025-10-08,2025,595879,R,682243,R,field_out,False,False
813055,2025-10-08,2025,681481,L,682243,R,strikeout,True,False
813055,2025-10-08,2025,647304,L,663947,L,single,False,False
813055,2025-10-08,2025,553993,R,663947,L,single,False,False
813055,2025-10-08,2025,641598,R,663947,L,walk,False,True
813055,2025-10-08,2025,645302,R,640448,R,grounded_into_double_play,False,False
813055,2025-10-08,2025,641487,L,640448,R,field_out,False,False
813055,2025-10-08,2025,650402,R,682243,R,single,False,False
813055,2025-10-08,2025,690993,L,682243,R,grounded_into_double_play,False,False
813055,2025-10-08,2025,682985,L,682243,R,field_out,False,False
813055,2025-10-08,2025,668227,R,640448,R,single,False,False
813055,2025-10-08,2025,663728,L,640448,R,single,False,False
813055,2025-10-08,2025,677594,R,640448,R,force_out,False,False
813055,2025-10-08,2025,593871,L,640448,R,field_out,False,False
813055,2025-10-08,2025,647304,L,640448,R,field_out,False,False
813055,2025-10-08,2025,679529,R,682243,R,single,False,False
813055,2025-10-08,2025,656716,L,682243,R,force_out,False,False
813055,2025-10-08,2025,693307,R,682243,R,double,False,False
813055,2025-10-08,2025,663330,R,642100,L,double,False,False
813055,2025-10-08,2025,595879,R,642100,L,single,False,False
813055,2025-10-08,2025,681481,L,642100,L,field_out,False,False
813055,2025-10-08,2025,650402,R,642100,L,intent_walk,False,True
813055,2025-10-08,2025,690993,L,642100,L,field_out,False,False
813055,2025-10-08,2025,553993,R,675512,R,field_out,False,False
813055,2025-10-08,2025,670042,L,675512,R,strikeout,True,False
813055,2025-10-08,2025,645302,R,675512,R,walk,False,True
813055,2025-10-08,2025,641487,L,675512,R,single,False,False
813055,2025-10-08,2025,668227,R,675512,R,field_out,False,False
813055,2025-10-08,2025,682985,L,642100,L,home_run,False,False
813055,2025-10-08,2025,679529,R,660825,R,double,False,False
813055,2025-10-08,2025,656716,L,660825,R,single,False,False
813055,2025-10-08,2025,693307,R,660825,R,strikeout,True,False
813055,2025-10-08,2025,672761,L,660825,R,double,False,False
813055,2025-10-08,2025,595879,R,660825,R,home_run,False,False
813055,2025-10-08,2025,681481,L,660825,R,field_out,False,False
813055,2025-10-08,2025,663728,L,675512,R,field_out,False,False
813055,2025-10-08,2025,677594,R,675512,R,strikeout,True,False
813055,2025-10-08,2025,593871,L,675512,R,strikeout,True,False
813055,2025-10-08,2025,650402,R,672841,R,home_run,False,False
813055,2025-10-08,2025,690993,L,672841,R,field_out,False,False
813055,2025-10-08,2025,682985,L,672841,R,field_out,False,False
813055,2025-10-08,2025,679529,R,672841,R,field_out,False,False
813055,2025-10-08,2025,647304,L,675512,R,single,False,False
813055,2025-10-08,2025,553993,R,675512,R,grounded_into_double_play,False,False
813055,2025-10-08,2025,670042,L,675512,R,field_out,False,False
813055,2025-10-08,2025,656716,L,672841,R,single,False,False
813055,2025-10-08,2025,693307,R,672841,R,walk,False,True
813055,2025-10-08,2025,672761,L,592426,R,field_out,False,False
813055,2025-10-08,2025,595879,R,592426,R,force_out,False,False
813055,2025-10-08,2025,681481,L,592426,R,field_out,False,False
813055,2025-10-08,2025,645302,R,676684,R,field_out,False,False
813055,2025-10-08,2025,641487,L,676684,R,field_out,False,False
813055,2025-10-08,2025,668227,R,676684,R,strikeout,True,False
813061,2025-10-08,2025,543807,R,607074,L,strikeout,True,False
813061,2025-10-08,2025,676914,R,607074,L,walk,False,True
813061,2025-10-08,2025,665489,R,607074,L,home_run,False,False
813061,2025-10-08,2025,672386,R,607074,L,field_out,False,False
813061,2025-10-08,2025,662139,L,607074,L,strikeout,True,False
813061,2025-10-08,2025,663757,L,669456,R,field_out,False,False
813061,2025-10-08,2025,592450,R,669456,R,single,False,False
813061,2025-10-08,2025,641355,L,669456,R,field_out,False,False
813061,2025-10-08,2025,700250,L,669456,R,field_error,False,False
813061,2025-10-08,2025,519317,R,669456,R,single,False,False
813061,2025-10-08,2025,665862,L,669456,R,field_out,False,False
813061,2025-10-08,2025,676391,R,607074,L,single,False,False
813061,2025-10-08,2025,623993,R,607074,L,field_out,False,False
813061,2025-10-08,2025,643396,R,607074,L,field_out,False,False
813061,2025-10-08,2025,665926,L,607074,L,hit_by_pitch,False,False
813061,2025-10-08,2025,543807,R,607074,L,field_out,False,False
813061,2025-10-08,2025,641857,L,669456,R,field_out,False,False
813061,2025-10-08,2025,683011,R,669456,R,strikeout,True,False
813061,2025-10-08,2025,669224,L,669456,R,strikeout,True,False
813061,2025-10-08,2025,676914,R,607074,L,double,False,False
813061,2025-10-08,2025,665489,R,607074,L,intent_walk,False,True
813061,2025-10-08,2025,672386,R,607074,L,field_out,False,False
813061,2025-10-08,2025,662139,L,607074,L,single,False,False
813061,2025-10-08,2025,676391,R,607074,L,single,False,False
813061,2025-10-08,2025,623993,R,607074,L,single,False,False
813061,2025-10-08,2025,680718,L,518585,R,strikeout,True,False
813061,2025-10-08,2025,665926,L,518585,R,field_out,False,False
813061,2025-10-08,2025,663757,L,669456,R,double,False,False
813061,2025-10-08,2025,592450,R,669456,R,double,False,False
813061,2025-10-08,2025,641355,L,669456,R,single,False,False
813061,2025-10-08,2025,700250,L,669456,R,fielders_choice_out,False,False
813061,2025-10-08,2025,519317,R,669456,R,sac_fly,False,False
813061,2025-10-08,2025,665862,L,669456,R,walk,False,True
813061,2025-10-08,2025,642708,R,689254,L,field_out,False,False
813061,2025-10-08,2025,543807,R,518585,R,strikeout,True,False
813061,2025-10-08,2025,676914,R,518585,R,strikeout,True,False
813061,2025-10-08,2025,665489,R,518585,R,single,False,False
813061,2025-10-08,2025,672386,R,666808,R,field_out,False,False
813061,2025-10-08,2025,683011,R,689254,L,strikeout,True,False
813061,2025-10-08,2025,669224,L,689254,L,field_error,False,False
813061,2025-10-08,2025,663757,L,689254,L,walk,False,True
813061,2025-10-08,2025,592450,R,686973,R,home_run,False,False
813061,2025-10-08,2025,641355,L,686973,R,field_out,False,False
813061,2025-10-08,2025,700250,L,686973,R,strikeout,True,False
813061,2025-10-08,2025,662139,L,666808,R,strikeout,True,False
813061,2025-10-08,2025,676391,R,666808,R,double,False,False
813061,2025-10-08,2025,623993,L,666808,R,field_out,False,False
813061,2025-10-08,2025,680718,L,657612,L,strikeout,True,False
813061,2025-10-08,2025,519317,R,686973,R,strikeout,True,False
813061,2025-10-08,2025,665862,L,686973,R,home_run,False,False
813061,2025-10-08,2025,642708,R,680755,R,double,False,False
813061,2025-10-08,2025,683011,R,680755,R,strikeout,True,False
813061,2025-10-08,2025,669224,L,680755,R,single,False,False
813061,2025-10-08,2025,665926,L,657612,L,field_out,False,False
813061,2025-10-08,2025,543807,R,657612,L,field_out,False,False
813061,2025-10-08,2025,676914,R,657612,L,field_out,False,False
813061,2025-10-08,2025,663757,L,663893,L,field_out,False,False
813061,2025-10-08,2025,592450,R,663893,L,intent_walk,False,True
813061,2025-10-08,2025,641355,L,663893,L,double,False,False
813061,2025-10-08,2025,700250,L,663893,L,sac_fly,False,False
813061,2025-10-08,2025,519317,R,684320,R,field_out,False,False
813061,2025-10-08,2025,665489,R,642207,R,field_out,False,False
813061,2025-10-08,2025,672386,R,642207,R,field_out,False,False
813061,2025-10-08,2025,662139,L,642207,R,strikeout,True,False
813061,2025-10-08,2025,665862,L,684320,R,field_out,False,False
813061,2025-10-08,2025,502671,R,684320,R,field_out,False,False
813061,2025-10-08,2025,683011,R,684320,R,field_out,False,False
813061,2025-10-08,2025,676391,R,642207,R,single,False,False
813061,2025-10-08,2025,623993,L,642207,R,strikeout,True,False
813061,2025-10-08,2025,680718,L,670280,R,field_out,False,False
813061,2025-10-08,2025,665926,L,670280,R,field_out,False,False
813061,2025-10-08,2025,669224,L,667297,R,single,False,False
813061,2025-10-08,2025,663757,L,667297,R,field_out,False,False
813061,2025-10-08,2025,592450,R,667297,R,field_out,False,False
813061,2025-10-08,2025,641355,L,667297,R,intent_walk,False,True
813061,2025-10-08,2025,676609,R,667297,R,single,False,False
813061,2025-10-08,2025,519317,R,667297,R,field_out,False,False
813061,2025-10-08,2025,543807,R,670280,R,strikeout,True,False
813061,2025-10-08,2025,664770,L,670280,R,strikeout,True,False
813061,2025-10-08,2025,665489,R,670280,R,field_out,False,False
813049,2025-10-08,2025,592885,L,592791,R,double,False,False
813049,2025-10-08,2025,694192,R,592791,R,field_out,False,False
813049,2025-10-08,2025,668930,L,592791,R,walk,False,True
813049,2025-10-08,2025,661388,R,592791,R,single,False,False
813049,2025-10-08,2025,686217,L,592791,R,sac_fly,False,False
813049,2025-10-08,2025,702332,R,592791,R,field_out,False,False
813049,2025-10-08,2025,683737,L,682990,R,home_run,False,False
813049,2025-10-08,2025,663538,R,682990,R,single,False,False
813049,2025-10-08,2025,663656,L,682990,R,walk,False,True
813049,2025-10-08,2025,673548,R,682990,R,field_out,False,False
813049,2025-10-08,2025,664023,L,682990,R,walk,False,True
813049,2025-10-08,2025,608348,R,682990,R,strikeout,True,False
813049,2025-10-08,2025,691718,L,682990,R,single,False,False
813049,2025-10-08,2025,621020,R,683232,R,walk,False,True
813049,2025-10-08,2025,807713,R,683232,R,strikeout,True,False
813049,2025-10-08,2025,641343,L,592791,R,field_out,False,False
813049,2025-10-08,2025,663604,R,592791,R,strikeout,True,False
813049,2025-10-08,2025,687401,R,592791,R,strikeout,True,False
813049,2025-10-08,2025,683737,L,500779,L,strikeout,True,False
813049,2025-10-08,2025,663538,R,500779,L,field_out,False,False
813049,2025-10-08,2025,663656,L,500779,L,field_out,False,False
813049,2025-10-08,2025,592885,L,592791,R,field_out,False,False
813049,2025-10-08,2025,694192,R,592791,R,field_out,False,False
813049,2025-10-08,2025,668930,L,592791,R,field_out,False,False
813049,2025-10-08,2025,673548,R,500779,L,double,False,False
813049,2025-10-08,2025,664023,R,500779,L,walk,False,True
813049,2025-10-08,2025,608348,R,500779,L,field_out,False,False
813049,2025-10-08,2025,691718,L,500779,L,strikeout,True,False
813049,2025-10-08,2025,621020,R,500779,L,field_out,False,False
813049,2025-10-08,2025,661388,R,592791,R,strikeout,True,False
813049,2025-10-08,2025,686217,L,592791,R,single,False,False
813049,2025-10-08,2025,702332,R,592791,R,single,False,False
813049,2025-10-08,2025,641343,L,592791,R,single,False,False
813049,2025-10-08,2025,663604,R,592791,R,fielders_choice_out,False,False
813049,2025-10-08,2025,687401,R,592791,R,field_out,False,False
813049,2025-10-08,2025,807713,R,500779,L,field_out,False,False
813049,2025-10-08,2025,683737,L,500779,L,field_out,False,False
813049,2025-10-08,2025,663538,R,500779,L,field_out,False,False
813049,2025-10-08,2025,592885,L,519141,L,field_out,False,False
813049,2025-10-08,2025,694192,R,519141,L,strikeout,True,False
813049,2025-10-08,2025,668930,L,519141,L,strikeout,True,False
813049,2025-10-08,2025,663656,L,500779,L,single,False,False
813049,2025-10-08,2025,673548,R,681982,R,strikeout,True,False
813049,2025-10-08,2025,664023,L,681982,R,strikeout,True,False
813049,2025-10-08,2025,661388,R,694037,R,field_out,False,False
813049,2025-10-08,2025,686217,L,694037,R,field_out,False,False
813049,2025-10-08,2025,702332,R,694037,R,field_out,False,False
813049,2025-10-08,2025,608348,R,681982,R,field_out,False,False
813049,2025-10-08,2025,691718,L,681982,R,field_out,False,False
813049,2025-10-08,2025,621020,R,681982,R,single,False,False
813049,2025-10-08,2025,807713,R,681982,R,field_out,False,False
813049,2025-10-08,2025,641343,L,552640,R,home_run,False,False
813049,2025-10-08,2025,686555,L,552640,R,strikeout,True,False
813049,2025-10-08,2025,663368,L,552640,R,field_out,False,False
813049,2025-10-08,2025,592885,L,552640,R,field_out,False,False
813049,2025-10-08,2025,683737,L,657649,L,field_out,False,False
813049,2025-10-08,2025,663538,R,657649,L,single,False,False
813049,2025-10-08,2025,663656,L,657649,L,single,False,False
813049,2025-10-08,2025,673548,R,694477,R,force_out,False,False
813049,2025-10-08,2025,664023,L,694477,R,strikeout,True,False
813049,2025-10-08,2025,694192,R,552640,R,double,False,False
813049,2025-10-08,2025,668930,L,573204,L,strikeout,True,False
813049,2025-10-09,2025,661388,R,573204,L,walk,False,True
813049,2025-10-09,2025,686217,L,573204,L,force_out,False,False
813049,2025-10-09,2025,702332,R,641745,R,walk,False,True
813049,2025-10-09,2025,641343,L,641745,R,strikeout,True,False
813049,2025-10-09,2025,608348,R,694477,R,field_out,False,False
813049,2025-10-09,2025,691718,L,694477,R,field_out,False,False
813049,2025-10-09,2025,621020,R,694477,R,field_out,False,False
813049,2025-10-09,2025,683734,R,641745,R,field_out,False,False
813049,2025-10-09,2025,663368,L,641745,R,strikeout,True,False
813049,2025-10-09,2025,592885,L,641745,R,field_out,False,False
813060,2025-10-08,2025,543807,R,693645,R,double,False,False
813060,2025-10-08,2025,664770,L,693645,R,field_out,False,False
813060,2025-10-08,2025,665489,R,693645,R,single,False,False
813060,2025-10-08,2025,680718,L,693645,R,single,False,False
813060,2025-10-08,2025,672386,R,693645,R,field_out,False,False
813060,2025-10-08,2025,662139,L,693645,R,field_out,False,False
813060,2025-10-08,2025,663757,L,686973,R,field_out,False,False
813060,2025-10-08,2025,592450,R,686973,R,single,False,False
813060,2025-10-08,2025,641355,L,686973,R,strikeout,True,False
813060,2025-10-08,2025,519317,R,686973,R,field_out,False,False
813060,2025-10-08,2025,623993,L,693645,R,field_out,False,False
813060,2025-10-08,2025,676391,R,693645,R,field_out,False,False
813060,2025-10-08,2025,665926,L,693645,R,field_out,False,False
813060,2025-10-08,2025,665862,L,686973,R,strikeout,True,False
813060,2025-10-08,2025,502671,R,686973,R,hit_by_pitch,False,False
813060,2025-10-08,2025,669224,L,689254,L,strikeout,True,False
813060,2025-10-08,2025,683011,R,689254,L,strikeout,True,False
813060,2025-10-08,2025,543807,R,693645,R,field_out,False,False
813060,2025-10-08,2025,664770,L,693645,R,field_out,False,False
813060,2025-10-08,2025,665489,R,693645,R,field_out,False,False
813060,2025-10-08,2025,641857,L,689254,L,home_run,False,False
813060,2025-10-08,2025,663757,L,689254,L,strikeout,True,False
813060,2025-10-09,2025,592450,R,622554,R,field_out,False,False
813060,2025-10-09,2025,641355,L,622554,R,field_out,False,False
813060,2025-10-09,2025,680718,L,693645,R,double,False,False
813060,2025-10-09,2025,672386,R,693645,R,field_out,False,False
813060,2025-10-09,2025,662139,L,693645,R,field_out,False,False
813060,2025-10-09,2025,623993,L,693645,R,strikeout,True,False
813060,2025-10-09,2025,519317,R,622554,R,walk,False,True
813060,2025-10-09,2025,665862,L,622554,R,grounded_into_double_play,False,False
813060,2025-10-09,2025,502671,R,622554,R,field_out,False,False
813060,2025-10-09,2025,676391,R,693645,R,single,False,False
813060,2025-10-09,2025,665926,L,693645,R,single,False,False
813060,2025-10-09,2025,543807,R,693645,R,sac_fly,False,False
813060,2025-10-09,2025,664770,L,693645,R,force_out,False,False
813060,2025-10-09,2025,665489,R,693645,R,strikeout,True,False
813060,2025-10-09,2025,669224,L,641778,L,field_out,False,False
813060,2025-10-09,2025,683011,R,641778,L,strikeout,True,False
813060,2025-10-09,2025,641857,L,641778,L,field_out,False,False
813060,2025-10-09,2025,680718,L,693645,R,single,False,False
813060,2025-10-09,2025,672386,R,693645,R,field_out,False,False
813060,2025-10-09,2025,662139,L,693645,R,grounded_into_double_play,False,False
813060,2025-10-09,2025,663757,L,641778,L,strikeout,True,False
813060,2025-10-09,2025,592450,R,641778,L,intent_walk,False,True
813060,2025-10-09,2025,641355,L,641778,L,field_out,False,False
813060,2025-10-09,2025,519317,R,684320,R,walk,False,True
813060,2025-10-09,2025,665862,L,684320,R,field_out,False,False
813060,2025-10-09,2025,623993,L,693645,R,field_out,False,False
813060,2025-10-09,2025,676391,R,693645,R,single,False,False
813060,2025-10-09,2025,665926,L,693645,R,fielders_choice,False,False
813060,2025-10-09,2025,543807,R,642207,R,strikeout,True,False
813060,2025-10-09,2025,664770,L,642207,R,single,False,False
813060,2025-10-09,2025,665489,R,642207,R,walk,False,True
813060,2025-10-09,2025,680718,L,642207,R,field_out,False,False
813060,2025-10-09,2025,502671,R,663893,L,walk,False,True
813060,2025-10-09,2025,669224,L,663893,L,field_out,False,False
813060,2025-10-09,2025,683011,R,663893,L,strikeout,True,False
813060,2025-10-09,2025,642708,R,663893,L,single,False,False
813060,2025-10-09,2025,663757,L,663893,L,field_out,False,False
813060,2025-10-09,2025,672386,R,666808,R,double,False,False
813060,2025-10-09,2025,662139,L,666808,R,field_out,False,False
813060,2025-10-09,2025,664702,R,666808,R,single,False,False
813060,2025-10-09,2025,676391,R,666808,R,hit_by_pitch,False,False
813060,2025-10-09,2025,665926,L,670280,R,force_out,False,False
813060,2025-10-09,2025,543807,R,670280,R,strikeout,True,False
813060,2025-10-09,2025,592450,R,680755,R,strikeout,True,False
813060,2025-10-09,2025,641355,L,680755,R,field_out,False,False
813060,2025-10-09,2025,519317,R,680755,R,single,False,False
813060,2025-10-09,2025,665862,L,680755,R,walk,False,True
813060,2025-10-09,2025,700250,L,656546,R,walk,False,True
813060,2025-10-09,2025,669224,L,656546,R,field_out,False,False
813060,2025-10-09,2025,664770,L,670280,R,double,False,False
813060,2025-10-09,2025,665489,R,670280,R,field_out,False,False
813060,2025-10-09,2025,680718,L,670280,R,strikeout,True,False
813060,2025-10-09,2025,672386,R,670280,R,strikeout,True,False
813060,2025-10-09,2025,691176,L,656546,R,double,False,False
813060,2025-10-09,2025,642708,R,656546,R,field_out,False,False
813060,2025-10-09,2025,663757,L,656546,R,field_out,False,False
813060,2025-10-09,2025,592450,R,656546,R,single,False,False
813060,2025-10-09,2025,641355,L,656546,R,strikeout,True,False
813041,2025-10-09,2025,607208,R,808967,R,field_out,False,False
813041,2025-10-09,2025,656941,L,808967,R,field_out,False,False
813041,2025-10-09,2025,547180,L,808967,R,walk,False,True
813041,2025-10-09,2025,664761,R,808967,R,field_out,False,False
813041,2025-10-09,2025,660271,L,605400,R,field_out,False,False
813041,2025-10-09,2025,605141,R,605400,R,triple,False,False
813041,2025-10-09,2025,606192,R,605400,R,strikeout,True,False
813041,2025-10-09,2025,518692,L,605400,R,hit_by_pitch,False,False
813041,2025-10-09,2025,669257,R,605400,R,strikeout,True,False
813041,2025-10-09,2025,669016,L,808967,R,field_out,False,False
813041,2025-10-09,2025,592663,R,808967,R,strikeout,True,False
813041,2025-10-09,2025,596146,L,808967,R,field_out,False,False
813041,2025-10-09,2025,571771,R,605400,R,field_out,False,False
813041,2025-10-09,2025,571970,L,605400,R,field_out,False,False
813041,2025-10-09,2025,681624,R,605400,R,strikeout,True,False
813041,2025-10-09,2025,592206,R,808967,R,field_out,False,False
813041,2025-10-09,2025,681082,L,808967,R,field_out,False,False
813041,2025-10-09,2025,607208,R,808967,R,field_out,False,False
813041,2025-10-09,2025,669242,R,624133,L,home_run,False,False
813041,2025-10-09,2025,660271,L,624133,L,field_out,False,False
813041,2025-10-09,2025,605141,R,624133,L,field_out,False,False
813041,2025-10-09,2025,606192,R,624133,L,field_out,False,False
813041,2025-10-09,2025,656941,L,808967,R,home_run,False,False
813041,2025-10-09,2025,547180,L,808967,R,single,False,False
813041,2025-10-09,2025,664761,R,808967,R,single,False,False
813041,2025-10-09,2025,669016,L,808967,R,sac_fly,False,False
813041,2025-10-09,2025,592663,R,808967,R,double,False,False
813041,2025-10-09,2025,596146,L,808967,R,field_out,False,False
813041,2025-10-09,2025,592206,R,808967,R,strikeout,True,False
813041,2025-10-09,2025,518692,L,624133,L,strikeout,True,False
813041,2025-10-09,2025,669257,R,624133,L,strikeout,True,False
813041,2025-10-09,2025,571771,R,624133,L,walk,False,True
813041,2025-10-09,2025,571970,L,624133,L,single,False,False
813041,2025-10-09,2025,681624,R,624133,L,field_out,False,False
813041,2025-10-09,2025,681082,L,808967,R,single,False,False
813041,2025-10-09,2025,607208,R,808967,R,single,False,False
813041,2025-10-09,2025,656941,L,607455,L,strikeout,True,False
813041,2025-10-09,2025,547180,L,607455,L,field_out,False,False
813041,2025-10-09,2025,664761,R,607455,L,intent_walk,False,True
813041,2025-10-09,2025,669016,L,607455,L,strikeout,True,False
813041,2025-10-09,2025,669242,R,624133,L,field_out,False,False
813041,2025-10-09,2025,660271,L,624133,L,strikeout,True,False
813041,2025-10-09,2025,605141,R,624133,L,single,False,False
813041,2025-10-09,2025,606192,R,624133,L,force_out,False,False
813041,2025-10-09,2025,592663,R,676263,L,field_out,False,False
813041,2025-10-09,2025,596146,L,676263,L,walk,False,True
813041,2025-10-09,2025,592206,R,676263,L,field_out,False,False
813041,2025-10-09,2025,681082,L,676263,L,field_out,False,False
813041,2025-10-09,2025,518692,L,624133,L,strikeout,True,False
813041,2025-10-09,2025,669257,R,624133,L,single,False,False
813041,2025-10-09,2025,571771,R,624133,L,single,False,False
813041,2025-10-09,2025,571970,L,624133,L,grounded_into_double_play,False,False
813041,2025-10-09,2025,607208,R,477132,L,single,False,False
813041,2025-10-09,2025,656941,L,477132,L,walk,False,True
813041,2025-10-09,2025,547180,L,477132,L,field_out,False,False
813041,2025-10-09,2025,664761,R,477132,L,intent_walk,False,True
813041,2025-10-09,2025,669016,L,477132,L,field_out,False,False
813041,2025-10-09,2025,500743,R,624133,L,field_out,False,False
813041,2025-10-09,2025,669242,R,624133,L,field_out,False,False
813041,2025-10-09,2025,660271,L,624133,L,field_out,False,False
813041,2025-10-09,2025,592663,R,477132,L,home_run,False,False
813041,2025-10-09,2025,596146,L,477132,L,walk,False,True
813041,2025-10-09,2025,592206,R,477132,L,field_error,False,False
813041,2025-10-09,2025,681082,L,477132,L,sac_bunt,False,False
813041,2025-10-09,2025,607208,R,477132,L,single,False,False
813041,2025-10-09,2025,656941,L,477132,L,home_run,False,False
813041,2025-10-09,2025,547180,L,477132,L,double,False,False
813041,2025-10-09,2025,664761,R,477132,L,single,False,False
813041,2025-10-09,2025,669016,L,477132,L,field_out,False,False
813041,2025-10-09,2025,605141,R,689147,R,field_out,False,False
813041,2025-10-09,2025,606192,R,689147,R,field_out,False,False
813041,2025-10-09,2025,518692,L,689147,R,field_out,False,False
813041,2025-10-09,2025,592663,R,595014,R,field_out,False,False
813041,2025-10-09,2025,596146,L,595014,R,field_out,False,False
813041,2025-10-09,2025,592206,R,595014,R,field_out,False,False
813041,2025-10-09,2025,669257,R,592836,R,field_out,False,False
813041,2025-10-09,2025,571771,R,592836,R,walk,False,True
813041,2025-10-09,2025,571970,L,592836,R,single,False,False
813041,2025-10-09,2025,687221,L,592836,R,strikeout,True,False
813041,2025-10-09,2025,669242,L,592836,R,single,False,False
813041,2025-10-09,2025,660271,L,621383,L,field_out,False,False
813042,2025-10-09,2025,607208,R,607192,R,strikeout,True,False
813042,2025-10-09,2025,656941,L,607192,R,double,False,False
813042,2025-10-09,2025,547180,L,607192,R,field_out,False,False
813042,2025-10-09,2025,664761,R,607192,R,walk,False,True
813042,2025-10-09,2025,669016,L,607192,R,strikeout,True,False
813042,2025-10-09,2025,660271,L,650911,L,field_out,False,False
813042,2025-10-09,2025,605141,R,650911,L,strikeout,True,False
813042,2025-10-09,2025,606192,R,650911,L,field_out,False,False
813042,2025-10-09,2025,592663,R,607192,R,field_out,False,False
813042,2025-10-09,2025,596146,L,607192,R,strikeout,True,False
813042,2025-10-09,2025,592206,R,607192,R,field_out,False,False
813042,2025-10-09,2025,518692,L,650911,L,single,False,False
813042,2025-10-09,2025,669242,R,650911,L,field_out,False,False
813042,2025-10-09,2025,669257,R,650911,L,grounded_into_double_play,False,False
813042,2025-10-09,2025,681082,L,607192,R,field_out,False,False
813042,2025-10-09,2025,607208,R,607192,R,field_out,False,False
813042,2025-10-09,2025,656941,L,607192,R,strikeout,True,False
813042,2025-10-09,2025,669743,R,650911,L,hit_by_pitch,False,False
813042,2025-10-09,2025,571771,R,650911,L,force_out,False,False
813042,2025-10-09,2025,681624,R,650911,L,strikeout,True,False
813042,2025-10-09,2025,660271,L,650911,L,fielders_choice,False,False
813042,2025-10-09,2025,605141,R,650911,L,field_out,False,False
813042,2025-10-09,2025,547180,L,607192,R,field_out,False,False
813042,2025-10-09,2025,664761,R,607192,R,walk,False,True
813042,2025-10-09,2025,669016,L,607192,R,force_out,False,False
813042,2025-10-09,2025,592663,R,607192,R,field_out,False,False
813042,2025-10-09,2025,606192,R,650911,L,strikeout,True,False
813042,2025-10-09,2025,518692,L,650911,L,field_out,False,False
813042,2025-10-09,2025,669242,R,650911,L,field_out,False,False
813042,2025-10-09,2025,596146,L,607192,R,walk,False,True
813042,2025-10-09,2025,592206,R,607192,R,strikeout,True,False
813042,2025-10-09,2025,681082,L,607192,R,strikeout,True,False
813042,2025-10-09,2025,607208,R,607192,R,field_out,False,False
813042,2025-10-09,2025,669257,R,650911,L,strikeout,True,False
813042,2025-10-09,2025,669743,R,650911,L,single,False,False
813042,2025-10-09,2025,571771,R,650911,L,field_out,False,False
813042,2025-10-09,2025,681624,R,650911,L,force_out,False,False
813042,2025-10-09,2025,656941,L,607192,R,strikeout,True,False
813042,2025-10-09,2025,547180,L,607192,R,field_out,False,False
813042,2025-10-09,2025,664761,R,607192,R,single,False,False
813042,2025-10-09,2025,669016,L,607192,R,strikeout,True,False
813042,2025-10-09,2025,660271,L,650911,L,strikeout,True,False
813042,2025-10-09,2025,605141,R,650911,L,single,False,False
813042,2025-10-09,2025,606192,R,650911,L,single,False,False
813042,2025-10-09,2025,518692,L,650911,L,force_out,False,False
813042,2025-10-09,2025,669242,R,650911,L,field_out,False,False
813042,2025-10-09,2025,592663,R,686218,R,single,False,False
813042,2025-10-09,2025,596146,L,686218,R,force_out,False,False
813042,2025-10-10,2025,592206,R,686218,R,double,False,False
813042,2025-10-10,2025,681082,L,686218,R,field_out,False,False
813042,2025-10-10,2025,607208,R,686218,R,strikeout,True,False
813042,2025-10-10,2025,669257,R,650911,L,field_out,False,False
813042,2025-10-10,2025,669743,R,650911,L,walk,False,True
813042,2025-10-10,2025,571771,R,650911,L,single,False,False
813042,2025-10-10,2025,681624,R,661395,R,field_out,False,False
813042,2025-10-10,2025,660271,L,661395,R,intent_walk,False,True
813042,2025-10-10,2025,605141,R,661395,R,walk,False,True
813042,2025-10-10,2025,606192,R,661395,R,strikeout,True,False
813042,2025-10-10,2025,656941,L,808963,R,field_out,False,False
813042,2025-10-10,2025,547180,L,808963,R,field_out,False,False
813042,2025-10-10,2025,664761,R,808963,R,field_out,False,False
813042,2025-10-10,2025,518692,L,661395,R,strikeout,True,False
813042,2025-10-10,2025,669242,L,661395,R,field_out,False,False
813042,2025-10-10,2025,669257,R,661395,R,strikeout,True,False
813042,2025-10-10,2025,669016,L,808963,R,field_out,False,False
813042,2025-10-10,2025,592663,R,808963,R,strikeout,True,False
813042,2025-10-10,2025,596146,L,808963,R,field_out,False,False
813042,2025-10-10,2025,571970,L,621381,L,field_out,False,False
813042,2025-10-10,2025,571771,R,621381,L,strikeout,True,False
813042,2025-10-10,2025,681624,R,621381,L,field_out,False,False
813042,2025-10-10,2025,592206,R,808963,R,field_out,False,False
813042,2025-10-10,2025,681082,L,808963,R,strikeout,True,False
813042,2025-10-10,2025,607208,R,808963,R,field_out,False,False
813042,2025-10-10,2025,660271,L,666200,L,strikeout,True,False
813042,2025-10-10,2025,605141,R,666200,L,field_out,False,False
813042,2025-10-10,2025,606192,R,666200,L,strikeout,True,False
813042,2025-10-10,2025,656941,L,681911,L,field_out,False,False
813042,2025-10-10,2025,547180,L,681911,L,walk,False,True
813042,2025-10-10,2025,664761,R,681911,L,field_out,False,False
813042,2025-10-10,2025,664056,R,681911,L,strikeout,True,False
813042,2025-10-10,2025,518692,L,666200,L,strikeout,True,False
813042,2025-10-10,2025,669242,R,666200,L,single,False,False
813042,2025-10-10,2025,669257,R,666200,L,field_out,False,False
813042,2025-10-10,2025,571970,L,666200,L,single,False,False
813042,2025-10-10,2025,571771,R,689147,R,walk,False,True
813042,2025-10-10,2025,681624,R,689147,R,field_error,False,False
813050,2025-10-10,2025,592885,L,571510,L,walk,False,True
813050,2025-10-10,2025,694192,R,571510,L,strikeout,True,False
813050,2025-10-10,2025,661388,R,571510,L,force_out,False,False
813050,2025-10-10,2025,668930,L,571510,L,field_out,False,False
813050,2025-10-10,2025,683737,L,642547,R,strikeout,True,False
813050,2025-10-10,2025,663538,R,642547,R,single,False,False
813050,2025-10-10,2025,663656,L,642547,R,walk,False,True
813050,2025-10-10,2025,673548,R,642547,R,strikeout,True,False
813050,2025-10-10,2025,664023,L,642547,R,home_run,False,False
813050,2025-10-10,2025,608348,R,642547,R,strikeout,True,False
813050,2025-10-10,2025,683734,R,571510,L,walk,False,True
813050,2025-10-10,2025,702332,R,571510,L,field_out,False,False
813050,2025-10-10,2025,686217,L,571510,L,field_out,False,False
813050,2025-10-10,2025,663368,R,571510,L,field_out,False,False
813050,2025-10-10,2025,691718,L,642547,R,field_out,False,False
813050,2025-10-10,2025,621020,R,642547,R,strikeout,True,False
813050,2025-10-10,2025,807713,R,642547,R,single,False,False
813050,2025-10-10,2025,683737,L,642547,R,walk,False,True
813050,2025-10-10,2025,663538,R,642547,R,field_out,False,False
813050,2025-10-10,2025,687401,R,571510,L,strikeout,True,False
813050,2025-10-10,2025,592885,L,571510,L,field_out,False,False
813050,2025-10-10,2025,694192,R,571510,L,single,False,False
813050,2025-10-10,2025,661388,R,571510,L,strikeout,True,False
813050,2025-10-10,2025,663656,L,642547,R,field_out,False,False
813050,2025-10-10,2025,673548,R,642547,R,field_out,False,False
813050,2025-10-10,2025,664023,L,642547,R,field_out,False,False
813050,2025-10-10,2025,668930,L,571510,L,strikeout,True,False
813050,2025-10-10,2025,683734,R,571510,L,field_out,False,False
813050,2025-10-10,2025,702332,R,571510,L,strikeout,True,False
813050,2025-10-10,2025,608348,R,642547,R,strikeout,True,False
813050,2025-10-10,2025,691718,L,642547,R,field_out,False,False
813050,2025-10-10,2025,621020,R,642547,R,strikeout,True,False
813050,2025-10-10,2025,686217,L,571510,L,double,False,False
813050,2025-10-10,2025,663368,R,571510,L,walk,False,True
813050,2025-10-10,2025,687401,R,571510,L,sac_bunt,False,False
813050,2025-10-10,2025,592885,L,571510,L,strikeout,True,False
813050,2025-10-10,2025,694192,R,694037,R,field_out,False,False
813050,2025-10-10,2025,807713,R,656730,R,walk,False,True
813050,2025-10-10,2025,683737,L,656730,R,strikeout,True,False
813050,2025-10-10,2025,663538,R,656730,R,single,False,False
813050,2025-10-10,2025,663656,L,676879,L,walk,False,True
813050,2025-10-10,2025,673548,R,676879,L,strikeout,True,False
813050,2025-10-10,2025,664023,R,676879,L,field_out,False,False
813050,2025-10-10,2025,661388,R,694037,R,field_out,False,False
813050,2025-10-10,2025,668930,L,694037,R,field_out,False,False
813050,2025-10-10,2025,683734,R,694037,R,single,False,False
813050,2025-10-10,2025,702332,R,694037,R,field_out,False,False
813050,2025-10-10,2025,608348,R,676879,L,field_error,False,False
813050,2025-10-10,2025,691718,L,676879,L,sac_bunt,False,False
813050,2025-10-10,2025,621020,R,676879,L,walk,False,True
813050,2025-10-10,2025,807713,R,676879,L,single,False,False
813050,2025-10-10,2025,683737,L,676879,L,field_out,False,False
813050,2025-10-10,2025,663538,R,694477,R,field_out,False,False
813050,2025-10-10,2025,686217,L,519141,L,strikeout,True,False
813050,2025-10-10,2025,663368,R,519141,L,strikeout,True,False
813050,2025-10-10,2025,687401,R,519141,L,field_out,False,False
813050,2025-10-10,2025,663656,L,688107,L,home_run,False,False
813050,2025-10-10,2025,673548,R,688107,L,single,False,False
813050,2025-10-10,2025,664023,R,688107,L,field_out,False,False
813050,2025-10-10,2025,608348,R,688107,L,field_out,False,False
813050,2025-10-10,2025,691718,L,688107,L,walk,False,True
813050,2025-10-10,2025,621020,R,688107,L,force_out,False,False
813050,2025-10-10,2025,592885,L,641745,R,walk,False,True
813050,2025-10-10,2025,694192,R,641745,R,field_out,False,False
813050,2025-10-10,2025,661388,R,641745,R,grounded_into_double_play,False,False
813050,2025-10-10,2025,807713,R,688107,L,field_out,False,False
813050,2025-10-10,2025,683737,L,688107,L,home_run,False,False
813050,2025-10-10,2025,663538,R,688107,L,single,False,False
813050,2025-10-10,2025,663656,L,688107,L,single,False,False
813050,2025-10-10,2025,673548,R,688107,L,field_out,False,False
813050,2025-10-10,2025,664023,R,688107,L,field_out,False,False
813050,2025-10-10,2025,668930,L,573204,L,field_out,False,False
813050,2025-10-10,2025,683734,R,573204,L,field_out,False,False
813050,2025-10-10,2025,702332,R,573204,L,field_out,False,False
813054,2025-10-11,2025,681481,L,669923,R,single,False,False
813054,2025-10-11,2025,650402,R,669923,R,strikeout,True,False
813054,2025-10-11,2025,682985,L,669923,R,force_out,False,False
813054,2025-10-11,2025,679529,R,669923,R,strikeout,True,False
813054,2025-10-11,2025,668227,R,669373,L,field_out,False,False
813054,2025-10-11,2025,663728,R,669373,L,single,False,False
813054,2025-10-11,2025,677594,R,669373,L,strikeout,True,False
813054,2025-10-11,2025,593871,R,669373,L,strikeout,True,False
813054,2025-10-11,2025,690993,L,669923,R,field_out,False,False
813054,2025-10-11,2025,656716,L,669923,R,field_out,False,False
813054,2025-10-11,2025,693307,R,669923,R,field_out,False,False
813054,2025-10-11,2025,553993,R,669373,L,strikeout,True,False
813054,2025-10-11,2025,647304,L,669373,L,double,False,False
813054,2025-10-11,2025,641598,R,669373,L,sac_fly,False,False
813054,2025-10-11,2025,645302,R,669373,L,strikeout,True,False
813054,2025-10-11,2025,678009,L,669923,R,field_out,False,False
813054,2025-10-11,2025,595879,R,669923,R,strikeout,True,False
813054,2025-10-11,2025,681481,L,669923,R,single,False,False
813054,2025-10-11,2025,650402,R,669923,R,strikeout,True,False
813054,2025-10-11,2025,641487,L,669373,L,strikeout,True,False
813054,2025-10-11,2025,668227,R,669373,L,strikeout,True,False
813054,2025-10-11,2025,663728,R,669373,L,strikeout,True,False
813054,2025-10-11,2025,682985,L,669923,R,field_out,False,False
813054,2025-10-11,2025,679529,R,669923,R,field_out,False,False
813054,2025-10-11,2025,690993,L,669923,R,hit_by_pitch,False,False
813054,2025-10-11,2025,656716,L,669923,R,caught_stealing_2b,False,False
813054,2025-10-11,2025,677594,R,669373,L,strikeout,True,False
813054,2025-10-11,2025,593871,R,669373,L,strikeout,True,False
813054,2025-10-11,2025,553993,R,669373,L,strikeout,True,False
813054,2025-10-11,2025,656716,L,669923,R,field_out,False,False
813054,2025-10-11,2025,693307,R,669923,R,strikeout,True,False
813054,2025-10-11,2025,678009,L,669923,R,strikeout,True,False
813054,2025-10-11,2025,647304,L,669373,L,field_out,False,False
813054,2025-10-11,2025,641598,R,669373,L,strikeout,True,False
813054,2025-10-11,2025,645302,R,669373,L,field_out,False,False
813054,2025-10-11,2025,595879,R,669923,R,double,False,False
813054,2025-10-11,2025,681481,L,642100,L,home_run,False,False
813054,2025-10-11,2025,650402,R,642100,L,field_out,False,False
813054,2025-10-11,2025,682985,L,642100,L,field_out,False,False
813054,2025-10-11,2025,679529,R,666374,R,strikeout,True,False
813054,2025-10-11,2025,641487,L,669373,L,strikeout,True,False
813054,2025-10-11,2025,668227,R,669373,L,field_out,False,False
813054,2025-10-11,2025,663728,R,669373,L,strikeout,True,False
813054,2025-10-11,2025,690993,L,666374,R,strikeout,True,False
813054,2025-10-11,2025,656716,L,666374,R,field_out,False,False
813054,2025-10-11,2025,693307,R,666374,R,field_out,False,False
813054,2025-10-11,2025,677594,R,640448,R,field_out,False,False
813054,2025-10-11,2025,593871,L,640448,R,walk,False,True
813054,2025-10-11,2025,553993,R,640448,R,field_out,False,False
813054,2025-10-11,2025,647304,L,640448,R,single,False,False
813054,2025-10-11,2025,660844,R,663947,L,single,False,False
813054,2025-10-11,2025,645302,R,663947,L,force_out,False,False
813054,2025-10-11,2025,678009,L,666374,R,field_out,False,False
813054,2025-10-11,2025,595879,R,666374,R,field_out,False,False
813054,2025-10-11,2025,681481,L,662253,R,walk,False,True
813054,2025-10-11,2025,650402,R,662253,R,walk,False,True
813054,2025-10-11,2025,682985,L,662253,R,field_out,False,False
813054,2025-10-11,2025,641487,L,676684,R,field_out,False,False
813054,2025-10-11,2025,668227,R,676684,R,hit_by_pitch,False,False
813054,2025-10-11,2025,663728,L,676684,R,strikeout,True,False
813054,2025-10-11,2025,677594,R,676684,R,strikeout,True,False
813054,2025-10-11,2025,679529,R,662253,R,strikeout,True,False
813054,2025-10-11,2025,690993,L,662253,R,field_out,False,False
813054,2025-10-11,2025,656716,L,662253,R,strikeout,True,False
813054,2025-10-11,2025,593871,L,676684,R,field_out,False,False
813054,2025-10-11,2025,553993,R,676684,R,strikeout,True,False
813054,2025-10-11,2025,647304,L,676684,R,single,False,False
813054,2025-10-11,2025,660844,L,676684,R,strikeout,True,False
813054,2025-10-11,2025,693307,R,669302,R,field_out,False,False
813054,2025-10-11,2025,678009,L,669302,R,strikeout,True,False
813054,2025-10-11,2025,595879,R,669302,R,field_out,False,False
813054,2025-10-11,2025,645302,R,675512,R,double,False,False
813054,2025-10-11,2025,641487,L,675512,R,field_out,False,False
813054,2025-10-11,2025,668227,R,675512,R,strikeout,True,False
813054,2025-10-11,2025,663728,L,675512,R,intent_walk,False,True
813054,2025-10-11,2025,677594,R,675512,R,field_out,False,False
813054,2025-10-11,2025,681481,L,669302,R,single,False,False
813054,2025-10-11,2025,650402,R,669302,R,field_out,False,False
813054,2025-10-11,2025,682985,L,669302,R,intent_walk,False,True
813054,2025-10-11,2025,679529,R,669302,R,field_out,False,False
813054,2025-10-11,2025,690993,L,669302,R,strikeout,True,False
813054,2025-10-11,2025,593871,L,672456,R,field_out,False,False
813054,2025-10-11,2025,553993,R,672456,R,field_out,False,False
813054,2025-10-11,2025,647304,L,672456,R,field_out,False,False
813054,2025-10-11,2025,656716,L,669302,R,single,False,False
813054,2025-10-11,2025,693307,R,669302,R,single,False,False
813054,2025-10-11,2025,678009,L,660825,R,sac_bunt,False,False
813054,2025-10-11,2025,595879,R,660825,R,fielders_choice_out,False,False
813054,2025-10-11,2025,681481,L,660825,R,intent_walk,False,True
813054,2025-10-11,2025,650402,R,660825,R,field_out,False,False
813054,2025-10-11,2025,660844,L,672456,R,walk,False,True
813054,2025-10-11,2025,645302,R,672456,R,hit_by_pitch,False,False
813054,2025-10-11,2025,641487,L,672456,R,field_out,False,False
813054,2025-10-11,2025,668227,R,672456,R,grounded_into_double_play,False,False
813054,2025-10-11,2025,682985,L,660825,R,strikeout,True,False
813054,2025-10-11,2025,679529,R,660825,R,strikeout,True,False
813054,2025-10-11,2025,690993,L,660825,R,strikeout,True,False
813054,2025-10-11,2025,663728,L,656427,R,walk,False,True
813054,2025-10-11,2025,677594,R,656427,R,walk,False,True
813054,2025-10-11,2025,593871,L,656427,R,strikeout,True,False
813054,2025-10-11,2025,553993,R,656427,R,grounded_into_double_play,False,False
813054,2025-10-11,2025,656716,L,660825,R,field_out,False,False
813054,2025-10-11,2025,693307,R,660825,R,double,False,False
813054,2025-10-11,2025,678009,L,660825,R,strikeout,True,False
813054,2025-10-11,2025,595879,R,622491,R,field_out,False,False
813054,2025-10-11,2025,647304,L,656427,R,field_out,False,False
813054,2025-10-11,2025,660844,L,656427,R,strikeout,True,False
813054,2025-10-11,2025,645302,R,656427,R,walk,False,True
813054,2025-10-11,2025,641487,L,656427,R,caught_stealing_2b,False,False
813054,2025-10-11,2025,681481,L,622491,R,strikeout,True,False
813054,2025-10-11,2025,650402,R,622491,R,field_out,False,False
813054,2025-10-11,2025,682985,L,622491,R,field_out,False,False
813054,2025-10-11,2025,641487,L,592454,R,single,False,False
813054,2025-10-11,2025,668227,R,592454,R,hit_by_pitch,False,False
813054,2025-10-11,2025,663728,L,592454,R,field_out,False,False
813054,2025-10-11,2025,677594,R,592454,R,intent_walk,False,True
813054,2025-10-11,2025,593871,L,592454,R,single,False,False
813046,2025-10-12,2025,683737,L,656730,R,field_out,False,False
813046,2025-10-12,2025,663538,R,656730,R,field_out,False,False
813046,2025-10-12,2025,663656,L,656730,R,strikeout,True,False
813046,2025-10-12,2025,694192,R,519141,L,strikeout,True,False
813046,2025-10-12,2025,668930,L,519141,L,field_out,False,False
813046,2025-10-12,2025,661388,R,519141,L,home_run,False,False
813046,2025-10-12,2025,592885,L,519141,L,field_out,False,False
813046,2025-10-12,2025,673548,R,694819,R,home_run,False,False
813046,2025-10-12,2025,664023,L,694819,R,field_out,False,False
813046,2025-10-12,2025,608348,R,694819,R,single,False,False
813046,2025-10-12,2025,691718,L,694819,R,field_out,False,False
813046,2025-10-12,2025,621020,R,694819,R,strikeout,True,False
813046,2025-10-12,2025,683734,R,607067,R,field_out,False,False
813046,2025-10-12,2025,686217,L,607067,R,strikeout,True,False
813046,2025-10-12,2025,702332,R,607067,R,single,False,False
813046,2025-10-12,2025,663368,L,607067,R,field_out,False,False
813046,2025-10-12,2025,807713,R,694819,R,field_out,False,False
813046,2025-10-12,2025,683737,L,694819,R,field_out,False,False
813046,2025-10-12,2025,663538,R,694819,R,single,False,False
813046,2025-10-12,2025,663656,L,694819,R,field_out,False,False
813046,2025-10-12,2025,687401,R,607067,R,field_error,False,False
813046,2025-10-12,2025,694192,R,607067,R,grounded_into_double_play,False,False
813046,2025-10-12,2025,668930,L,607067,R,strikeout,True,False
813046,2025-10-12,2025,673548,R,694819,R,field_out,False,False
813046,2025-10-12,2025,664023,L,694819,R,strikeout,True,False
813046,2025-10-12,2025,608348,R,694819,R,field_out,False,False
813046,2025-10-12,2025,661388,R,607067,R,field_out,False,False
813046,2025-10-12,2025,592885,L,607067,R,field_out,False,False
813046,2025-10-12,2025,683734,R,607067,R,home_run,False,False
813046,2025-10-12,2025,686217,L,607067,R,single,False,False
813046,2025-10-12,2025,702332,R,607067,R,single,False,False
813046,2025-10-12,2025,663368,L,607067,R,walk,False,True
813046,2025-10-12,2025,687401,R,694037,R,force_out,False,False
813046,2025-10-12,2025,691718,L,694819,R,strikeout,True,False
813046,2025-10-12,2025,621020,R,694819,R,field_out,False,False
813046,2025-10-12,2025,807713,R,694819,R,field_out,False,False
813046,2025-10-12,2025,694192,R,694037,R,walk,False,True
813046,2025-10-12,2025,668930,L,694037,R,field_out,False,False
813046,2025-10-12,2025,661388,R,694037,R,double_play,False,False
813046,2025-10-12,2025,683737,L,676879,L,single,False,False
813046,2025-10-12,2025,663538,R,676879,L,hit_by_pitch,False,False
813046,2025-10-12,2025,663656,L,676879,L,strikeout,True,False
813046,2025-10-12,2025,673548,R,694477,R,field_out,False,False
813046,2025-10-12,2025,664023,L,694477,R,strikeout,True,False
813046,2025-10-12,2025,592885,L,573204,L,strikeout,True,False
813046,2025-10-12,2025,683734,R,573204,L,field_out,False,False
813046,2025-10-12,2025,686217,L,573204,L,walk,False,True
813046,2025-10-12,2025,702332,R,552640,R,walk,False,True
813046,2025-10-12,2025,663368,L,552640,R,field_out,False,False
813046,2025-10-12,2025,608348,R,694477,R,strikeout,True,False
813046,2025-10-12,2025,691718,L,694477,R,field_out,False,False
813046,2025-10-12,2025,621020,R,694477,R,strikeout,True,False
813046,2025-10-12,2025,687401,R,552640,R,field_out,False,False
813046,2025-10-12,2025,694192,R,552640,R,field_out,False,False
813046,2025-10-12,2025,668930,L,552640,R,home_run,False,False
813046,2025-10-12,2025,661388,R,552640,R,field_out,False,False
813046,2025-10-12,2025,694208,L,682842,R,field_out,False,False
813046,2025-10-12,2025,683737,L,682842,R,walk,False,True
813046,2025-10-12,2025,663538,R,682842,R,field_out,False,False
813046,2025-10-12,2025,663656,L,682842,R,field_out,False,False
813046,2025-10-12,2025,592885,L,641745,R,field_out,False,False
813046,2025-10-12,2025,683734,R,641745,R,field_out,False,False
813046,2025-10-12,2025,686217,L,641745,R,field_out,False,False
813046,2025-10-12,2025,673548,R,682842,R,field_out,False,False
813046,2025-10-12,2025,664023,L,682842,R,field_out,False,False
813046,2025-10-12,2025,608348,R,682842,R,field_out,False,False
813040,2025-10-13,2025,668227,R,592332,R,field_out,False,False
813040,2025-10-13,2025,663728,L,592332,R,single,False,False
813040,2025-10-13,2025,677594,R,592332,R,single,False,False
813040,2025-10-13,2025,593871,L,592332,R,fielders_choice_out,False,False
813040,2025-10-13,2025,647304,L,592332,R,field_out,False,False
813040,2025-10-13,2025,543807,R,682243,R,home_run,False,False
813040,2025-10-13,2025,664770,L,682243,R,walk,False,True
813040,2025-10-13,2025,665489,R,682243,R,field_out,False,False
813040,2025-10-13,2025,680718,L,682243,R,walk,False,True
813040,2025-10-13,2025,672386,R,682243,R,field_out,False,False
813040,2025-10-13,2025,662139,L,682243,R,field_out,False,False
813040,2025-10-13,2025,553993,R,592332,R,field_out,False,False
813040,2025-10-13,2025,686527,L,592332,R,strikeout,True,False
813040,2025-10-13,2025,645302,R,592332,R,strikeout,True,False
813040,2025-10-13,2025,676391,R,682243,R,field_out,False,False
813040,2025-10-13,2025,623993,L,682243,R,single,False,False
813040,2025-10-13,2025,665926,L,682243,R,field_out,False,False
813040,2025-10-13,2025,543807,R,682243,R,field_out,False,False
813040,2025-10-13,2025,641487,L,592332,R,field_out,False,False
813040,2025-10-13,2025,668227,R,592332,R,field_out,False,False
813040,2025-10-13,2025,663728,L,592332,R,strikeout,True,False
813040,2025-10-13,2025,664770,L,682243,R,field_out,False,False
813040,2025-10-13,2025,665489,R,682243,R,field_out,False,False
813040,2025-10-13,2025,680718,L,682243,R,field_out,False,False
813040,2025-10-13,2025,677594,R,592332,R,strikeout,True,False
813040,2025-10-13,2025,593871,L,592332,R,field_out,False,False
813040,2025-10-13,2025,647304,L,592332,R,field_out,False,False
813040,2025-10-13,2025,672386,R,682243,R,field_out,False,False
813040,2025-10-13,2025,662139,L,682243,R,strikeout,True,False
813040,2025-10-13,2025,676391,R,682243,R,field_out,False,False
813040,2025-10-13,2025,553993,R,592332,R,field_out,False,False
813040,2025-10-13,2025,686527,L,592332,R,field_out,False,False
813040,2025-10-13,2025,645302,R,592332,R,field_out,False,False
813040,2025-10-13,2025,623993,L,682243,R,strikeout,True,False
813040,2025-10-13,2025,665926,L,682243,R,field_out,False,False
813040,2025-10-13,2025,543807,R,682243,R,strikeout,True,False
813040,2025-10-13,2025,641487,L,592332,R,field_out,False,False
813040,2025-10-13,2025,668227,R,592332,R,strikeout,True,False
813040,2025-10-13,2025,663728,L,592332,R,home_run,False,False
813040,2025-10-13,2025,677594,R,592332,R,walk,False,True
813040,2025-10-13,2025,593871,R,663893,L,single,False,False
813040,2025-10-13,2025,647304,L,663893,L,strikeout,True,False
813040,2025-10-13,2025,664702,R,682243,R,field_out,False,False
813040,2025-10-13,2025,665489,R,682243,R,field_out,False,False
813040,2025-10-13,2025,680718,L,682243,R,walk,False,True
813040,2025-10-13,2025,672386,R,682243,R,field_out,False,False
813040,2025-10-13,2025,553993,R,686973,R,double,False,False
813040,2025-10-13,2025,686527,L,686973,R,field_out,False,False
813040,2025-10-13,2025,645302,R,686973,R,strikeout,True,False
813040,2025-10-13,2025,641487,L,686973,R,field_out,False,False
813040,2025-10-13,2025,662139,L,642100,L,field_out,False,False
813040,2025-10-13,2025,676391,R,642100,L,field_out,False,False
813040,2025-10-13,2025,623993,R,642100,L,field_out,False,False
813040,2025-10-13,2025,668227,R,622554,R,walk,False,True
813040,2025-10-13,2025,663728,L,622554,R,strikeout,True,False
813040,2025-10-13,2025,677594,R,622554,R,walk,False,True
813040,2025-10-13,2025,593871,L,622554,R,single,False,False
813040,2025-10-13,2025,647304,L,689254,L,strikeout,True,False
813040,2025-10-13,2025,553993,R,689254,L,strikeout,True,False
813040,2025-10-13,2025,665926,L,666374,R,field_out,False,False
813040,2025-10-13,2025,543807,R,666374,R,strikeout,True,False
813040,2025-10-13,2025,676914,R,666374,R,field_out,False,False
813040,2025-10-13,2025,686527,L,656546,R,field_out,False,False
813040,2025-10-13,2025,645302,R,656546,R,single,False,False
813040,2025-10-13,2025,641487,L,656546,R,field_out,False,False
813040,2025-10-13,2025,668227,R,656546,R,strikeout,True,False
813040,2025-10-13,2025,665489,R,662253,R,field_out,False,False
813040,2025-10-13,2025,680718,L,662253,R,field_out,False,False
813040,2025-10-13,2025,672386,R,662253,R,field_out,False,False
813044,2025-10-13,2025,668227,R,702056,R,hit_by_pitch,False,False
813044,2025-10-13,2025,663728,L,702056,R,walk,False,True
813044,2025-10-13,2025,677594,R,702056,R,home_run,False,False
813044,2025-10-13,2025,593871,L,702056,R,strikeout,True,False
813044,2025-10-13,2025,647304,L,702056,R,single,False,False
813044,2025-10-13,2025,553993,R,702056,R,strikeout,True,False
813044,2025-10-13,2025,686527,L,702056,R,strikeout,True,False
813044,2025-10-13,2025,543807,R,669302,R,double,False,False
813044,2025-10-13,2025,664770,L,669302,R,single,False,False
813044,2025-10-13,2025,665489,R,669302,R,field_out,False,False
813044,2025-10-13,2025,680718,L,669302,R,strikeout,True,False
813044,2025-10-13,2025,672386,R,669302,R,single,False,False
813044,2025-10-13,2025,662139,L,669302,R,field_out,False,False
813044,2025-10-13,2025,645302,R,702056,R,field_out,False,False
813044,2025-10-13,2025,641487,L,702056,R,field_out,False,False
813044,2025-10-13,2025,668227,R,702056,R,strikeout,True,False
813044,2025-10-13,2025,676391,R,669302,R,single,False,False
813044,2025-10-13,2025,676914,R,669302,R,field_out,False,False
813044,2025-10-13,2025,665926,L,669302,R,field_out,False,False
813044,2025-10-13,2025,543807,R,669302,R,walk,False,True
813044,2025-10-13,2025,664770,L,669302,R,single,False,False
813044,2025-10-13,2025,665489,R,669302,R,field_out,False,False
813044,2025-10-13,2025,663728,L,702056,R,field_out,False,False
813044,2025-10-13,2025,677594,R,702056,R,walk,False,True
813044,2025-10-13,2025,593871,L,702056,R,force_out,False,False
813044,2025-10-13,2025,647304,L,702056,R,single,False,False
813044,2025-10-13,2025,553993,R,702056,R,field_out,False,False
813044,2025-10-13,2025,680718,L,669302,R,field_out,False,False
813044,2025-10-13,2025,672386,R,669302,R,field_out,False,False
813044,2025-10-13,2025,662139,L,669302,R,strikeout,True,False
813044,2025-10-13,2025,686527,L,702056,R,field_out,False,False
813044,2025-10-13,2025,645302,R,702056,R,field_out,False,False
813044,2025-10-13,2025,641487,L,702056,R,field_out,False,False
813044,2025-10-13,2025,676391,R,660825,R,field_out,False,False
813044,2025-10-13,2025,676914,R,660825,R,strikeout,True,False
813044,2025-10-13,2025,665926,L,660825,R,field_out,False,False
813044,2025-10-13,2025,668227,R,702056,R,single,False,False
813044,2025-10-13,2025,663728,L,702056,R,intent_walk,False,True
813044,2025-10-13,2025,677594,R,686973,R,strikeout,True,False
813044,2025-10-13,2025,593871,L,686973,R,home_run,False,False
813044,2025-10-13,2025,647304,L,686973,R,strikeout,True,False
813044,2025-10-13,2025,553993,R,686973,R,strikeout,True,False
813044,2025-10-13,2025,543807,R,660825,R,field_out,False,False
813044,2025-10-13,2025,664770,L,660825,R,single,False,False
813044,2025-10-13,2025,665489,R,660825,R,field_out,False,False
813044,2025-10-13,2025,680718,L,660825,R,field_out,False,False
813044,2025-10-13,2025,641598,R,689254,L,triple,False,False
813044,2025-10-13,2025,645302,R,689254,L,field_out,False,False
813044,2025-10-13,2025,641487,L,689254,L,single,False,False
813044,2025-10-13,2025,668227,R,680755,R,strikeout,True,False
813044,2025-10-13,2025,663728,L,680755,R,strikeout,True,False
813044,2025-10-13,2025,672386,R,672841,R,field_out,False,False
813044,2025-10-13,2025,662139,L,672841,R,field_out,False,False
813044,2025-10-13,2025,676391,R,672841,R,field_out,False,False
813044,2025-10-13,2025,677594,R,680755,R,strikeout,True,False
813044,2025-10-13,2025,593871,L,680755,R,single,False,False
813044,2025-10-13,2025,647304,L,680755,R,home_run,False,False
813044,2025-10-13,2025,553993,R,684320,R,walk,False,True
813044,2025-10-13,2025,660844,L,684320,R,walk,False,True
813044,2025-10-13,2025,645302,R,684320,R,walk,False,True
813044,2025-10-13,2025,641487,L,605135,R,sac_fly,False,False
813044,2025-10-13,2025,668227,R,605135,R,strikeout,True,False
813044,2025-10-13,2025,676914,R,672841,R,field_out,False,False
813044,2025-10-13,2025,665926,L,672841,R,walk,False,True
813044,2025-10-13,2025,543807,R,672841,R,field_out,False,False
813044,2025-10-13,2025,664770,L,672841,R,strikeout,True,False
813044,2025-10-13,2025,663728,L,605135,R,field_out,False,False
813044,2025-10-14,2025,677594,R,605135,R,strikeout,True,False
813044,2025-10-14,2025,593871,L,605135,R,field_out,False,False
813044,2025-10-14,2025,665489,R,676106,R,walk,False,True
813044,2025-10-14,2025,680718,L,676106,R,field_out,False,False
813044,2025-10-14,2025,672386,R,676106,R,walk,False,True
813044,2025-10-14,2025,662139,L,676106,R,field_out,False,False
813044,2025-10-14,2025,676391,R,676106,R,field_out,False,False
813044,2025-10-14,2025,670156,L,641778,L,strikeout,True,False
813044,2025-10-14,2025,553993,R,641778,L,single,False,False
813044,2025-10-14,2025,660844,R,641778,L,field_out,False,False
813044,2025-10-14,2025,645302,R,641778,L,strikeout,True,False
813044,2025-10-14,2025,676914,R,676106,R,walk,False,True
813044,2025-10-14,2025,665926,L,676106,R,strikeout,True,False
813044,2025-10-14,2025,543807,R,676106,R,grounded_into_double_play,False,False
813036,2025-10-14,2025,660271,L,676879,L,walk,False,True
813036,2025-10-14,2025,605141,R,676879,L,field_out,False,False
813036,2025-10-14,2025,606192,R,676879,L,field_out,False,False
813036,2025-10-14,2025,518692,L,676879,L,strikeout,True,False
813036,2025-10-14,2025,694192,R,605483,L,field_out,False,False
813036,2025-10-14,2025,592885,L,605483,L,strikeout,True,False
813036,2025-10-14,2025,661388,R,605483,L,strikeout,True,False
813036,2025-10-14,2025,669257,R,682990,R,field_out,False,False
813036,2025-10-14,2025,669242,L,682990,R,field_out,False,False
813036,2025-10-14,2025,571970,L,682990,R,walk,False,True
813036,2025-10-14,2025,571771,R,682990,R,strikeout,True,False
813036,2025-10-14,2025,668930,L,605483,L,field_out,False,False
813036,2025-10-14,2025,683734,R,605483,L,field_out,False,False
813036,2025-10-14,2025,686217,L,605483,L,field_out,False,False
813036,2025-10-14,2025,681624,R,682990,R,field_out,False,False
813036,2025-10-14,2025,660271,L,682990,R,field_out,False,False
813036,2025-10-14,2025,605141,R,682990,R,field_out,False,False
813036,2025-10-14,2025,702332,R,605483,L,single,False,False
813036,2025-10-14,2025,686555,R,605483,L,strikeout,True,False
813036,2025-10-14,2025,687401,R,605483,L,field_out,False,False
813036,2025-10-14,2025,606192,R,682990,R,walk,False,True
813036,2025-10-14,2025,518692,L,682990,R,field_out,False,False
813036,2025-10-14,2025,669257,R,682990,R,single,False,False
813036,2025-10-14,2025,669242,L,682990,R,single,False,False
813036,2025-10-14,2025,571970,L,682990,R,double_play,False,False
813036,2025-10-14,2025,694192,R,605483,L,strikeout,True,False
813036,2025-10-14,2025,592885,L,605483,L,strikeout,True,False
813036,2025-10-14,2025,661388,R,605483,L,field_out,False,False
813036,2025-10-14,2025,571771,R,682990,R,double,False,False
813036,2025-10-14,2025,681624,R,682990,R,field_out,False,False
813036,2025-10-14,2025,660271,L,682990,R,intent_walk,False,True
813036,2025-10-14,2025,605141,R,682990,R,grounded_into_double_play,False,False
813036,2025-10-14,2025,668930,L,605483,L,strikeout,True,False
813036,2025-10-14,2025,683734,R,605483,L,field_out,False,False
813036,2025-10-14,2025,686217,L,605483,L,field_out,False,False
813036,2025-10-14,2025,606192,R,694477,R,field_out,False,False
813036,2025-10-14,2025,518692,L,694477,R,home_run,False,False
813036,2025-10-14,2025,669257,R,694477,R,single,False,False
813036,2025-10-14,2025,669242,L,694477,R,walk,False,True
813036,2025-10-14,2025,571970,L,657649,L,field_out,False,False
813036,2025-10-14,2025,571771,R,657649,L,strikeout,True,False
813036,2025-10-14,2025,702332,R,605483,L,strikeout,True,False
813036,2025-10-14,2025,686555,R,605483,L,strikeout,True,False
813036,2025-10-14,2025,687401,R,605483,L,field_out,False,False
813036,2025-10-14,2025,681624,R,657649,L,field_out,False,False
813036,2025-10-14,2025,660271,L,657649,L,field_out,False,False
813036,2025-10-14,2025,605141,R,657649,L,field_out,False,False
813036,2025-10-14,2025,694192,R,605483,L,strikeout,True,False
813036,2025-10-14,2025,592885,L,605483,L,field_out,False,False
813036,2025-10-14,2025,661388,R,605483,L,field_out,False,False
813036,2025-10-14,2025,606192,R,656730,R,field_out,False,False
813036,2025-10-14,2025,518692,L,656730,R,double,False,False
813036,2025-10-14,2025,669257,R,656730,R,field_out,False,False
813036,2025-10-14,2025,669242,L,656730,R,strikeout,True,False
813036,2025-10-14,2025,668930,L,605483,L,field_out,False,False
813036,2025-10-14,2025,683734,R,605483,L,field_out,False,False
813036,2025-10-14,2025,686217,L,605483,L,strikeout,True,False
813036,2025-10-14,2025,571970,L,682842,R,walk,False,True
813036,2025-10-14,2025,571771,R,682842,R,single,False,False
813036,2025-10-14,2025,681624,R,682842,R,sac_bunt,False,False
813036,2025-10-14,2025,660271,L,682842,R,intent_walk,False,True
813036,2025-10-14,2025,605141,R,682842,R,walk,False,True
813036,2025-10-14,2025,669743,R,682842,R,field_out,False,False
813036,2025-10-14,2025,518692,L,682842,R,field_out,False,False
813036,2025-10-14,2025,702332,R,808963,R,field_out,False,False
813036,2025-10-14,2025,686555,L,808963,R,walk,False,True
813036,2025-10-14,2025,641343,L,808963,R,double,False,False
813036,2025-10-14,2025,694192,R,808963,R,sac_fly,False,False
813036,2025-10-14,2025,592885,L,808963,R,walk,False,True
813036,2025-10-14,2025,661388,R,595014,R,walk,False,True
813036,2025-10-14,2025,668930,L,595014,R,strikeout,True,False
813034,2025-10-15,2025,660271,L,642547,R,strikeout,True,False
813034,2025-10-15,2025,605141,R,642547,R,walk,False,True
813034,2025-10-15,2025,518692,L,642547,R,field_out,False,False
813034,2025-10-15,2025,669257,R,642547,R,strikeout,True,False
813034,2025-10-15,2025,694192,R,808967,R,home_run,False,False
813034,2025-10-15,2025,668930,L,808967,R,field_out,False,False
813034,2025-10-15,2025,661388,R,808967,R,field_out,False,False
813034,2025-10-15,2025,592885,L,808967,R,field_out,False,False
813034,2025-10-15,2025,571970,L,642547,R,field_out,False,False
813034,2025-10-15,2025,606192,R,642547,R,home_run,False,False
813034,2025-10-15,2025,669242,L,642547,R,field_out,False,False
813034,2025-10-15,2025,571771,R,642547,R,single,False,False
813034,2025-10-15,2025,681624,R,642547,R,double,False,False
813034,2025-10-15,2025,660271,L,642547,R,field_out,False,False
813034,2025-10-15,2025,683734,R,808967,R,field_error,False,False
813034,2025-10-15,2025,686217,L,808967,R,force_out,False,False
813034,2025-10-15,2025,702332,R,808967,R,strikeout,True,False
813034,2025-10-15,2025,641343,L,808967,R,field_out,False,False
813034,2025-10-15,2025,605141,R,642547,R,field_out,False,False
813034,2025-10-15,2025,518692,L,642547,R,field_out,False,False
813034,2025-10-15,2025,669257,R,642547,R,field_out,False,False
813034,2025-10-15,2025,687401,R,808967,R,field_out,False,False
813034,2025-10-15,2025,694192,R,808967,R,strikeout,True,False
813034,2025-10-15,2025,668930,L,808967,R,single,False,False
813034,2025-10-15,2025,661388,R,808967,R,field_out,False,False
813034,2025-10-15,2025,571970,L,642547,R,field_out,False,False
813034,2025-10-15,2025,606192,R,642547,R,field_out,False,False
813034,2025-10-15,2025,669242,L,642547,R,double,False,False
813034,2025-10-15,2025,571771,R,642547,R,strikeout,True,False
813034,2025-10-15,2025,592885,L,808967,R,strikeout,True,False
813034,2025-10-15,2025,683734,R,808967,R,field_out,False,False
813034,2025-10-15,2025,686217,L,808967,R,single,False,False
813034,2025-10-15,2025,702332,R,808967,R,strikeout,True,False
813034,2025-10-15,2025,681624,R,642547,R,hit_by_pitch,False,False
813034,2025-10-15,2025,660271,L,642547,R,strikeout,True,False
813034,2025-10-15,2025,605141,R,642547,R,grounded_into_double_play,False,False
813034,2025-10-15,2025,641343,L,808967,R,field_out,False,False
813034,2025-10-15,2025,687401,R,808967,R,walk,False,True
813034,2025-10-15,2025,694192,R,808967,R,field_out,False,False
813034,2025-10-15,2025,668930,L,808967,R,strikeout,True,False
813034,2025-10-15,2025,518692,L,642547,R,field_out,False,False
813034,2025-10-15,2025,669257,R,642547,R,field_out,False,False
813034,2025-10-15,2025,571970,L,642547,R,home_run,False,False
813034,2025-10-15,2025,606192,R,682842,R,single,False,False
813034,2025-10-15,2025,669242,L,682842,R,strikeout,True,False
813034,2025-10-15,2025,661388,R,808967,R,field_out,False,False
813034,2025-10-15,2025,592885,L,808967,R,field_out,False,False
813034,2025-10-15,2025,683734,R,808967,R,field_out,False,False
813034,2025-10-15,2025,571771,R,682842,R,double,False,False
813034,2025-10-15,2025,681624,R,682842,R,sac_bunt,False,False
813034,2025-10-15,2025,660271,L,676879,L,single,False,False
813034,2025-10-15,2025,605141,R,676879,L,field_out,False,False
813034,2025-10-15,2025,518692,L,676879,L,strikeout,True,False
813034,2025-10-15,2025,686217,L,808967,R,field_out,False,False
813034,2025-10-15,2025,702332,R,808967,R,field_out,False,False
813034,2025-10-15,2025,641343,L,808967,R,field_out,False,False
813034,2025-10-15,2025,669257,R,668964,R,single,False,False
813034,2025-10-15,2025,571970,L,668964,R,walk,False,True
813034,2025-10-15,2025,606192,R,668964,R,field_out,False,False
813034,2025-10-15,2025,669242,L,668964,R,single,False,False
813034,2025-10-15,2025,571771,R,668964,R,walk,False,True
813034,2025-10-15,2025,681624,R,668964,R,field_out,False,False
813034,2025-10-15,2025,660271,L,688107,L,strikeout,True,False
813034,2025-10-15,2025,686555,L,808967,R,strikeout,True,False
813034,2025-10-15,2025,694192,R,808967,R,field_out,False,False
813034,2025-10-15,2025,668930,L,808967,R,field_out,False,False
813034,2025-10-15,2025,605141,R,688107,L,hit_by_pitch,False,False
813034,2025-10-15,2025,518692,L,688107,L,double,False,False
813034,2025-10-15,2025,669257,R,688107,L,intent_walk,False,True
813034,2025-10-15,2025,571970,L,688107,L,strikeout,True,False
813034,2025-10-15,2025,606192,R,681982,R,grounded_into_double_play,False,False
813034,2025-10-15,2025,661388,R,808967,R,field_out,False,False
813034,2025-10-15,2025,592885,L,808967,R,field_out,False,False
813034,2025-10-15,2025,683734,R,808967,R,strikeout,True,False
813043,2025-10-16,2025,543807,R,669923,R,field_out,False,False
813043,2025-10-16,2025,664770,L,669923,R,strikeout,True,False
813043,2025-10-16,2025,665489,R,669923,R,single,False,False
813043,2025-10-16,2025,623993,L,669923,R,strikeout,True,False
813043,2025-10-16,2025,668227,R,669456,R,walk,False,True
813043,2025-10-16,2025,663728,L,669456,R,field_out,False,False
813043,2025-10-16,2025,677594,R,669456,R,home_run,False,False
813043,2025-10-16,2025,593871,L,669456,R,double,False,False
813043,2025-10-16,2025,647304,L,669456,R,strikeout,True,False
813043,2025-10-16,2025,553993,R,669456,R,field_out,False,False
813043,2025-10-16,2025,672386,R,669923,R,field_out,False,False
813043,2025-10-16,2025,662139,L,669923,R,field_out,False,False
813043,2025-10-16,2025,680718,L,669923,R,field_out,False,False
813043,2025-10-16,2025,686527,L,669456,R,strikeout,True,False
813043,2025-10-16,2025,645302,R,669456,R,strikeout,True,False
813043,2025-10-16,2025,641487,L,669456,R,strikeout,True,False
813043,2025-10-16,2025,676391,R,669923,R,double,False,False
813043,2025-10-16,2025,665926,L,669923,R,home_run,False,False
813043,2025-10-16,2025,543807,R,669923,R,field_out,False,False
813043,2025-10-16,2025,664770,L,669923,R,single,False,False
813043,2025-10-16,2025,665489,R,669923,R,double,False,False
813043,2025-10-16,2025,623993,L,669923,R,field_out,False,False
813043,2025-10-16,2025,672386,R,669923,R,walk,False,True
813043,2025-10-16,2025,662139,L,669923,R,double,False,False
813043,2025-10-16,2025,680718,L,669923,R,field_out,False,False
813043,2025-10-16,2025,668227,R,669456,R,strikeout,True,False
813043,2025-10-16,2025,663728,L,669456,R,field_out,False,False
813043,2025-10-16,2025,677594,R,669456,R,single,False,False
813043,2025-10-16,2025,593871,L,669456,R,field_out,False,False
813043,2025-10-16,2025,676391,R,669923,R,strikeout,True,False
813043,2025-10-16,2025,665926,L,669923,R,strikeout,True,False
813043,2025-10-16,2025,543807,R,669923,R,home_run,False,False
813043,2025-10-16,2025,664770,L,669923,R,field_out,False,False
813043,2025-10-16,2025,647304,L,669456,R,field_out,False,False
813043,2025-10-16,2025,553993,R,669456,R,field_out,False,False
813043,2025-10-16,2025,686527,L,669456,R,strikeout,True,False
813043,2025-10-16,2025,665489,R,669923,R,home_run,False,False
813043,2025-10-16,2025,623993,L,669923,R,walk,False,True
813043,2025-10-16,2025,672386,R,672841,R,single,False,False
813043,2025-10-16,2025,662139,L,672841,R,field_out,False,False
813043,2025-10-16,2025,680718,L,672841,R,field_out,False,False
813043,2025-10-16,2025,676391,R,672841,R,single,False,False
813043,2025-10-16,2025,645302,R,669456,R,field_out,False,False
813043,2025-10-16,2025,641487,L,669456,R,single,False,False
813043,2025-10-16,2025,668227,R,669456,R,force_out,False,False
813043,2025-10-16,2025,663728,L,669456,R,strikeout,True,False
813043,2025-10-16,2025,665926,L,672841,R,single,False,False
813043,2025-10-16,2025,543807,R,672841,R,single,False,False
813043,2025-10-16,2025,664770,L,657571,L,field_out,False,False
813043,2025-10-16,2025,665489,R,657571,L,intent_walk,False,True
813043,2025-10-16,2025,664702,R,657571,L,strikeout,True,False
813043,2025-10-16,2025,672386,R,657571,L,home_run,False,False
813043,2025-10-16,2025,662139,L,657571,L,single,False,False
813043,2025-10-16,2025,680718,L,657571,L,force_out,False,False
813043,2025-10-16,2025,677594,R,669456,R,strikeout,True,False
813043,2025-10-16,2025,593871,L,669456,R,field_out,False,False
813043,2025-10-16,2025,647304,L,669456,R,field_out,False,False
813043,2025-10-16,2025,676391,R,657571,L,field_out,False,False
813043,2025-10-16,2025,665926,L,657571,L,single,False,False
813043,2025-10-16,2025,543807,R,657571,L,strikeout,True,False
813043,2025-10-16,2025,664770,L,657571,L,field_out,False,False
813043,2025-10-16,2025,553993,R,680755,R,single,False,False
813043,2025-10-16,2025,686527,L,680755,R,grounded_into_double_play,False,False
813043,2025-10-16,2025,645302,R,680755,R,field_out,False,False
813043,2025-10-16,2025,665489,R,592426,R,double,False,False
813043,2025-10-16,2025,664702,R,592426,R,field_out,False,False
813043,2025-10-16,2025,672386,R,592426,R,field_out,False,False
813043,2025-10-16,2025,662139,L,592426,R,strikeout,True,False
813043,2025-10-16,2025,641487,L,684320,R,field_out,False,False
813043,2025-10-16,2025,668227,R,684320,R,home_run,False,False
813043,2025-10-16,2025,663728,L,684320,R,home_run,False,False
813043,2025-10-16,2025,677594,R,684320,R,field_out,False,False
813043,2025-10-16,2025,660844,L,684320,R,strikeout,True,False
813043,2025-10-16,2025,680718,L,592426,R,home_run,False,False
813043,2025-10-16,2025,676391,R,592426,R,field_out,False,False
813043,2025-10-16,2025,665926,L,592426,R,field_out,False,False
813043,2025-10-16,2025,543807,R,592426,R,single,False,False
813043,2025-10-16,2025,664770,L,592426,R,field_out,False,False
813043,2025-10-16,2025,695670,R,689254,L,single,False,False
813043,2025-10-16,2025,553993,R,689254,L,strikeout,True,False
813043,2025-10-16,2025,641598,R,689254,L,field_out,False,False
813043,2025-10-16,2025,645302,R,689254,L,field_out,False,False
813033,2025-10-16,2025,694192,R,607192,R,field_out,False,False
813033,2025-10-16,2025,668930,L,607192,R,strikeout,True,False
813033,2025-10-16,2025,661388,R,607192,R,walk,False,True
813033,2025-10-16,2025,592885,L,607192,R,single,False,False
813033,2025-10-16,2025,683734,R,607192,R,force_out,False,False
813033,2025-10-16,2025,660271,L,676879,L,triple,False,False
813033,2025-10-16,2025,605141,R,676879,L,double,False,False
813033,2025-10-16,2025,669257,R,676879,L,strikeout,True,False
813033,2025-10-16,2025,518692,L,676879,L,walk,False,True
813033,2025-10-16,2025,669242,L,694819,R,strikeout,True,False
813033,2025-10-16,2025,606192,R,694819,R,strikeout,True,False
813033,2025-10-16,2025,686217,L,607192,R,field_out,False,False
813033,2025-10-16,2025,702332,R,607192,R,triple,False,False
813033,2025-10-16,2025,641343,L,607192,R,single,False,False
813033,2025-10-16,2025,687401,R,607192,R,fielders_choice_out,False,False
813033,2025-10-16,2025,694192,R,607192,R,field_out,False,False
813033,2025-10-16,2025,571970,L,694819,R,field_out,False,False
813033,2025-10-16,2025,571771,R,694819,R,strikeout,True,False
813033,2025-10-16,2025,681624,R,694819,R,single,False,False
813033,2025-10-16,2025,660271,L,694819,R,field_out,False,False
813033,2025-10-16,2025,668930,L,607192,R,strikeout,True,False
813033,2025-10-16,2025,661388,R,607192,R,strikeout,True,False
813033,2025-10-16,2025,592885,L,607192,R,strikeout,True,False
813033,2025-10-16,2025,605141,R,694819,R,field_out,False,False
813033,2025-10-16,2025,669257,R,694819,R,strikeout,True,False
813033,2025-10-16,2025,518692,L,694819,R,strikeout,True,False
813033,2025-10-16,2025,683734,R,607192,R,strikeout,True,False
813033,2025-10-16,2025,686217,L,607192,R,strikeout,True,False
813033,2025-10-16,2025,702332,R,607192,R,walk,False,True
813033,2025-10-16,2025,641343,L,607192,R,strikeout,True,False
813033,2025-10-16,2025,669242,L,694819,R,strikeout,True,False
813033,2025-10-16,2025,606192,R,694819,R,field_out,False,False
813033,2025-10-16,2025,571970,L,694819,R,strikeout,True,False
813033,2025-10-16,2025,687401,R,607192,R,field_out,False,False
813033,2025-10-16,2025,694192,R,607192,R,field_out,False,False
813033,2025-10-16,2025,668930,L,607192,R,field_out,False,False
813033,2025-10-16,2025,571771,R,694819,R,field_out,False,False
813033,2025-10-16,2025,681624,R,694819,R,field_out,False,False
813033,2025-10-16,2025,660271,L,694819,R,strikeout,True,False
813033,2025-10-16,2025,661388,R,607192,R,field_out,False,False
813033,2025-10-16,2025,592885,L,607192,R,strikeout,True,False
813033,2025-10-16,2025,683734,R,607192,R,walk,False,True
813033,2025-10-16,2025,686217,L,681911,L,strikeout,True,False
813033,2025-10-16,2025,605141,R,694819,R,strikeout,True,False
813033,2025-10-16,2025,669257,R,694819,R,single,False,False
813033,2025-10-16,2025,518692,L,694819,R,walk,False,True
813033,2025-10-16,2025,669242,L,694819,R,single,False,False
813033,2025-10-17,2025,606192,R,682842,R,strikeout,True,False
813033,2025-10-17,2025,571970,L,682842,R,field_out,False,False
813033,2025-10-17,2025,702332,R,681911,L,double,False,False
813033,2025-10-17,2025,641343,L,681911,L,field_out,False,False
813033,2025-10-17,2025,686555,L,595014,R,field_out,False,False
813033,2025-10-17,2025,663368,L,595014,R,strikeout,True,False
813033,2025-10-17,2025,571771,R,682842,R,field_out,False,False
813033,2025-10-17,2025,681624,R,682842,R,strikeout,True,False
813033,2025-10-17,2025,660271,L,657649,L,strikeout,True,False
813033,2025-10-17,2025,668930,L,607455,L,field_out,False,False
813033,2025-10-17,2025,661388,R,607455,L,field_out,False,False
813033,2025-10-17,2025,592885,L,607455,L,strikeout,True,False
813033,2025-10-17,2025,605141,R,657649,L,strikeout,True,False
813033,2025-10-17,2025,669257,R,657649,L,walk,False,True
813033,2025-10-17,2025,518692,L,657649,L,force_out,False,False
813033,2025-10-17,2025,669242,R,657649,L,strikeout,True,False
813033,2025-10-17,2025,683734,R,808963,R,field_out,False,False
813033,2025-10-17,2025,686217,L,808963,R,field_out,False,False
813033,2025-10-17,2025,702332,R,808963,R,strikeout,True,False
813035,2025-10-17,2025,543807,R,622491,R,field_out,False,False
813035,2025-10-17,2025,664770,L,622491,R,field_out,False,False
813035,2025-10-17,2025,665489,R,622491,R,field_out,False,False
813035,2025-10-17,2025,668227,R,453286,R,field_out,False,False
813035,2025-10-17,2025,663728,L,453286,R,walk,False,True
813035,2025-10-17,2025,677594,R,453286,R,walk,False,True
813035,2025-10-17,2025,593871,L,453286,R,grounded_into_double_play,False,False
813035,2025-10-17,2025,672386,R,622491,R,field_out,False,False
813035,2025-10-17,2025,662139,L,622491,R,strikeout,True,False
813035,2025-10-17,2025,676391,R,622491,R,single,False,False
813035,2025-10-17,2025,680718,L,622491,R,field_out,False,False
813035,2025-10-17,2025,647304,L,453286,R,home_run,False,False
813035,2025-10-17,2025,553993,R,453286,R,field_out,False,False
813035,2025-10-17,2025,686527,L,453286,R,field_out,False,False
813035,2025-10-17,2025,641487,L,453286,R,field_out,False,False
813035,2025-10-17,2025,643396,R,622491,R,double,False,False
813035,2025-10-17,2025,665926,L,622491,R,home_run,False,False
813035,2025-10-17,2025,543807,R,622491,R,field_out,False,False
813035,2025-10-17,2025,664770,L,622491,R,single,False,False
813035,2025-10-17,2025,665489,R,622491,R,single,False,False
813035,2025-10-17,2025,672386,R,622491,R,walk,False,True
813035,2025-10-17,2025,662139,L,642100,L,walk,False,True
813035,2025-10-17,2025,676391,R,642100,L,strikeout,True,False
813035,2025-10-17,2025,680718,L,642100,L,strikeout,True,False
813035,2025-10-17,2025,660844,L,453286,R,walk,False,True
813035,2025-10-17,2025,668227,R,453286,R,field_out,False,False
813035,2025-10-17,2025,663728,L,453286,R,strikeout,True,False
813035,2025-10-17,2025,643396,R,642100,L,single,False,False
813035,2025-10-17,2025,665926,L,642100,L,sac_bunt,False,False
813035,2025-10-17,2025,543807,R,642100,L,double,False,False
813035,2025-10-17,2025,664770,L,642100,L,field_out,False,False
813035,2025-10-17,2025,665489,R,666374,R,field_out,False,False
813035,2025-10-17,2025,677594,R,453286,R,strikeout,True,False
813035,2025-10-17,2025,593871,L,453286,R,field_out,False,False
813035,2025-10-17,2025,647304,L,453286,R,single,False,False
813035,2025-10-17,2025,553993,R,453286,R,strikeout,True,False
813035,2025-10-17,2025,672386,R,666374,R,field_out,False,False
813035,2025-10-17,2025,662139,L,666374,R,field_out,False,False
813035,2025-10-17,2025,676391,R,666374,R,field_out,False,False
813035,2025-10-17,2025,686527,L,453286,R,single,False,False
813035,2025-10-17,2025,641487,L,453286,R,field_out,False,False
813035,2025-10-17,2025,660844,L,453286,R,field_out,False,False
813035,2025-10-17,2025,668227,R,453286,R,strikeout,True,False
813035,2025-10-17,2025,680718,L,672841,R,double,False,False
813035,2025-10-17,2025,643396,R,672841,R,field_out,False,False
813035,2025-10-17,2025,665926,L,672841,R,field_out,False,False
813035,2025-10-17,2025,543807,R,672841,R,field_out,False,False
813035,2025-10-17,2025,663728,L,453286,R,field_out,False,False
813035,2025-10-17,2025,677594,R,453286,R,strikeout,True,False
813035,2025-10-17,2025,593871,L,453286,R,walk,False,True
813035,2025-10-17,2025,647304,L,689254,L,walk,False,True
813035,2025-10-17,2025,553993,R,689254,L,single,False,False
813035,2025-10-17,2025,664770,L,660825,R,field_out,False,False
813035,2025-10-17,2025,665489,R,660825,R,home_run,False,False
813035,2025-10-17,2025,672386,R,660825,R,strikeout,True,False
813035,2025-10-17,2025,662139,L,660825,R,strikeout,True,False
813035,2025-10-17,2025,686527,L,686973,R,field_out,False,False
813035,2025-10-17,2025,641487,L,686973,R,field_out,False,False
813035,2025-10-17,2025,660844,L,686973,R,field_out,False,False
813035,2025-10-17,2025,676391,R,676106,R,single,False,False
813035,2025-10-17,2025,680718,L,676106,R,walk,False,True
813035,2025-10-17,2025,643396,R,676106,R,sac_bunt,False,False
813035,2025-10-17,2025,665926,L,676106,R,single,False,False
813035,2025-10-17,2025,543807,R,676106,R,force_out,False,False
813035,2025-10-17,2025,664770,L,676106,R,walk,False,True
813035,2025-10-17,2025,665489,R,676106,R,field_out,False,False
813035,2025-10-17,2025,668227,R,656546,R,strikeout,True,False
813035,2025-10-17,2025,663728,L,656546,R,field_out,False,False
813035,2025-10-17,2025,677594,R,656546,R,strikeout,True,False
813035,2025-10-17,2025,672386,R,676106,R,strikeout,True,False
813035,2025-10-17,2025,662139,L,676106,R,strikeout,True,False
813035,2025-10-17,2025,676391,R,676106,R,field_out,False,False
813035,2025-10-17,2025,593871,L,622554,R,field_out,False,False
813035,2025-10-17,2025,647304,L,622554,R,single,False,False
813035,2025-10-17,2025,553993,R,622554,R,field_out,False,False
813035,2025-10-17,2025,686527,L,622554,R,strikeout,True,False
813039,2025-10-17,2025,543807,R,682243,R,strikeout,True,False
813039,2025-10-17,2025,664770,L,682243,R,field_out,False,False
813039,2025-10-17,2025,665489,R,682243,R,double,False,False
813039,2025-10-17,2025,672386,R,682243,R,strikeout,True,False
813039,2025-10-17,2025,677594,R,592332,R,field_out,False,False
813039,2025-10-17,2025,663728,L,592332,R,double,False,False
813039,2025-10-17,2025,593871,L,592332,R,strikeout,True,False
813039,2025-10-17,2025,647304,L,592332,R,field_out,False,False
813039,2025-10-17,2025,662139,L,682243,R,field_out,False,False
813039,2025-10-17,2025,676391,R,682243,R,field_out,False,False
813039,2025-10-17,2025,680718,L,682243,R,strikeout,True,False
813039,2025-10-17,2025,668227,R,592332,R,field_out,False,False
813039,2025-10-17,2025,553993,R,592332,R,home_run,False,False
813039,2025-10-17,2025,641487,L,592332,R,walk,False,True
813039,2025-10-17,2025,686527,L,592332,R,field_out,False,False
813039,2025-10-17,2025,660844,L,592332,R,strikeout,True,False
813039,2025-10-17,2025,643396,R,682243,R,double,False,False
813039,2025-10-17,2025,665926,L,682243,R,double_play,False,False
813039,2025-10-17,2025,543807,R,682243,R,field_out,False,False
813039,2025-10-17,2025,677594,R,592332,R,field_out,False,False
813039,2025-10-17,2025,663728,L,592332,R,strikeout,True,False
813039,2025-10-17,2025,593871,L,592332,R,strikeout,True,False
813039,2025-10-17,2025,664770,L,682243,R,double,False,False
813039,2025-10-17,2025,665489,R,682243,R,intent_walk,False,True
813039,2025-10-17,2025,672386,R,682243,R,walk,False,True
813039,2025-10-17,2025,662139,L,682243,R,strikeout,True,False
813039,2025-10-17,2025,676391,R,682243,R,grounded_into_double_play,False,False
813039,2025-10-17,2025,647304,L,592332,R,single,False,False
813039,2025-10-17,2025,668227,R,592332,R,force_out,False,False
813039,2025-10-17,2025,553993,R,592332,R,field_out,False,False
813039,2025-10-17,2025,641487,L,592332,R,field_out,False,False
813039,2025-10-17,2025,680718,L,682243,R,single,False,False
813039,2025-10-17,2025,643396,R,666374,R,field_out,False,False
813039,2025-10-17,2025,665926,L,666374,R,field_out,False,False
813039,2025-10-17,2025,543807,R,666374,R,double,False,False
813039,2025-10-17,2025,664770,L,666374,R,walk,False,True
813039,2025-10-17,2025,665489,R,666374,R,strikeout,True,False
813039,2025-10-17,2025,686527,L,592332,R,field_out,False,False
813039,2025-10-17,2025,660844,L,592332,R,walk,False,True
813039,2025-10-17,2025,677594,R,592332,R,field_out,False,False
813039,2025-10-17,2025,663728,L,592332,R,field_out,False,False
813039,2025-10-17,2025,672386,R,693433,R,double,False,False
813039,2025-10-17,2025,662139,L,693433,R,field_out,False,False
813039,2025-10-17,2025,676391,R,693433,R,single,False,False
813039,2025-10-17,2025,680718,L,693433,R,field_out,False,False
813039,2025-10-18,2025,643396,R,693433,R,field_out,False,False
813039,2025-10-18,2025,593871,L,592332,R,field_out,False,False
813039,2025-10-18,2025,647304,L,592332,R,field_out,False,False
813039,2025-10-18,2025,668227,R,592332,R,walk,False,True
813039,2025-10-18,2025,553993,R,686973,R,walk,False,True
813039,2025-10-18,2025,641487,L,686973,R,field_out,False,False
813039,2025-10-18,2025,665926,L,693433,R,field_out,False,False
813039,2025-10-18,2025,543807,R,693433,R,hit_by_pitch,False,False
813039,2025-10-18,2025,664770,L,693433,R,field_out,False,False
813039,2025-10-18,2025,665489,R,693433,R,intent_walk,False,True
813039,2025-10-18,2025,672386,R,693433,R,field_out,False,False
813039,2025-10-18,2025,686527,L,686973,R,strikeout,True,False
813039,2025-10-18,2025,660844,L,686973,R,field_out,False,False
813039,2025-10-18,2025,677594,R,686973,R,strikeout,True,False
813039,2025-10-18,2025,662139,L,642100,L,field_out,False,False
813039,2025-10-18,2025,676391,R,642100,L,field_out,False,False
813039,2025-10-18,2025,664702,R,642100,L,field_out,False,False
813039,2025-10-18,2025,663728,R,663893,L,home_run,False,False
813039,2025-10-18,2025,593871,R,663893,L,walk,False,True
813039,2025-10-18,2025,647304,L,663893,L,walk,False,True
813039,2025-10-18,2025,668227,R,622554,R,hit_by_pitch,False,False
813039,2025-10-18,2025,553993,R,622554,R,home_run,False,False
813039,2025-10-18,2025,641487,L,622554,R,field_out,False,False
813039,2025-10-18,2025,686527,L,622554,R,field_out,False,False
813039,2025-10-18,2025,660844,L,622554,R,field_out,False,False
813039,2025-10-18,2025,643396,R,662253,R,field_out,False,False
813039,2025-10-18,2025,665926,L,662253,R,field_out,False,False
813039,2025-10-18,2025,694388,L,662253,R,field_out,False,False
813031,2025-10-18,2025,668930,L,660271,R,walk,False,True
813031,2025-10-18,2025,694192,R,660271,R,strikeout,True,False
813031,2025-10-18,2025,592885,L,660271,R,strikeout,True,False
813031,2025-10-18,2025,661388,R,660271,R,strikeout,True,False
813031,2025-10-18,2025,660271,L,500779,L,home_run,False,False
813031,2025-10-18,2025,605141,R,500779,L,single,False,False
813031,2025-10-18,2025,669257,R,500779,L,single,False,False
813031,2025-10-18,2025,518692,L,500779,L,strikeout,True,False
813031,2025-10-18,2025,669242,R,500779,L,single,False,False
813031,2025-10-18,2025,606192,R,500779,L,field_out,False,False
813031,2025-10-18,2025,571970,L,500779,L,field_out,False,False
813031,2025-10-18,2025,641343,L,660271,R,field_out,False,False
813031,2025-10-18,2025,686217,L,660271,R,field_out,False,False
813031,2025-10-18,2025,702332,R,660271,R,field_out,False,False
813031,2025-10-18,2025,571771,R,500779,L,field_out,False,False
813031,2025-10-18,2025,681624,R,500779,L,field_out,False,False
813031,2025-10-18,2025,660271,L,500779,L,walk,False,True
813031,2025-10-18,2025,605141,R,500779,L,field_out,False,False
813031,2025-10-18,2025,663368,L,660271,R,walk,False,True
813031,2025-10-18,2025,687401,R,660271,R,strikeout,True,False
813031,2025-10-18,2025,668930,L,660271,R,double_play,False,False
813031,2025-10-18,2025,669257,R,500779,L,single,False,False
813031,2025-10-18,2025,518692,L,500779,L,single,False,False
813031,2025-10-18,2025,669242,L,694477,R,strikeout,True,False
813031,2025-10-18,2025,606192,R,694477,R,strikeout,True,False
813031,2025-10-18,2025,571970,L,694477,R,field_out,False,False
813031,2025-10-18,2025,694192,R,660271,R,double,False,False
813031,2025-10-18,2025,592885,L,660271,R,field_out,False,False
813031,2025-10-18,2025,661388,R,660271,R,strikeout,True,False
813031,2025-10-18,2025,641343,L,660271,R,strikeout,True,False
813031,2025-10-18,2025,571771,R,694477,R,strikeout,True,False
813031,2025-10-18,2025,681624,R,694477,R,strikeout,True,False
813031,2025-10-18,2025,660271,L,694477,R,home_run,False,False
813031,2025-10-18,2025,605141,R,694477,R,field_out,False,False
813031,2025-10-18,2025,686217,L,660271,R,field_out,False,False
813031,2025-10-18,2025,702332,R,660271,R,strikeout,True,False
813031,2025-10-18,2025,663368,L,660271,R,strikeout,True,False
813031,2025-10-18,2025,669257,R,694477,R,field_out,False,False
813031,2025-10-18,2025,518692,L,694477,R,field_out,False,False
813031,2025-10-18,2025,669242,L,694477,R,field_out,False,False
813031,2025-10-18,2025,686555,L,660271,R,strikeout,True,False
813031,2025-10-18,2025,668930,L,660271,R,strikeout,True,False
813031,2025-10-18,2025,694192,R,660271,R,field_out,False,False
813031,2025-10-18,2025,606192,R,694477,R,strikeout,True,False
813031,2025-10-18,2025,571970,L,694477,R,field_out,False,False
813031,2025-10-18,2025,571771,R,694477,R,field_out,False,False
813031,2025-10-18,2025,592885,L,660271,R,walk,False,True
813031,2025-10-18,2025,661388,R,660271,R,single,False,False
813031,2025-10-18,2025,683734,R,681911,L,field_out,False,False
813031,2025-10-18,2025,686217,L,681911,L,grounded_into_double_play,False,False
813031,2025-10-18,2025,681624,R,656730,R,strikeout,True,False
813031,2025-10-18,2025,660271,L,656730,R,home_run,False,False
813031,2025-10-18,2025,605141,R,656730,R,field_out,False,False
813031,2025-10-18,2025,669257,R,656730,R,strikeout,True,False
813031,2025-10-18,2025,702332,R,595014,R,double,False,False
813031,2025-10-18,2025,655316,R,595014,R,walk,False,True
813031,2025-10-18,2025,686555,L,595014,R,strikeout,True,False
813031,2025-10-18,2025,668930,L,607455,L,force_out,False,False
813031,2025-10-18,2025,694192,R,607455,L,single,False,False
813031,2025-10-18,2025,592885,L,607455,L,field_out,False,False
813031,2025-10-18,2025,518692,L,657649,L,strikeout,True,False
813031,2025-10-18,2025,669242,R,657649,L,strikeout,True,False
813031,2025-10-18,2025,606192,R,657649,L,single,False,False
813031,2025-10-18,2025,571970,L,657649,L,walk,False,True
813031,2025-10-18,2025,571771,R,657649,L,field_out,False,False
813031,2025-10-18,2025,661388,R,808963,R,single,False,False
813031,2025-10-18,2025,683734,R,808963,R,field_out,False,False
813031,2025-10-18,2025,686217,L,808963,R,force_out,False,False
813031,2025-10-18,2025,702332,R,808963,R,field_out,False,False
813038,2025-10-20,2025,677594,R,702056,R,field_out,False,False
813038,2025-10-20,2025,663728,L,702056,R,strikeout,True,False
813038,2025-10-20,2025,593871,L,702056,R,field_out,False,False
813038,2025-10-20,2025,543807,R,669302,R,field_out,False,False
813038,2025-10-20,2025,664770,L,669302,R,single,False,False
813038,2025-10-20,2025,665489,R,669302,R,force_out,False,False
813038,2025-10-20,2025,672386,R,669302,R,strikeout,True,False
813038,2025-10-20,2025,647304,L,702056,R,strikeout,True,False
813038,2025-10-20,2025,668227,R,702056,R,strikeout,True,False
813038,2025-10-20,2025,553993,R,702056,R,strikeout,True,False
813038,2025-10-20,2025,662139,L,669302,R,single,False,False
813038,2025-10-20,2025,676391,R,669302,R,field_error,False,False
813038,2025-10-20,2025,680718,L,669302,R,single,False,False
813038,2025-10-20,2025,643396,R,669302,R,single,False,False
813038,2025-10-20,2025,665926,L,669302,R,strikeout,True,False
813038,2025-10-20,2025,543807,R,669302,R,walk,False,True
813038,2025-10-20,2025,664770,L,669302,R,strikeout,True,False
813038,2025-10-20,2025,665489,R,669302,R,force_out,False,False
813038,2025-10-20,2025,641487,L,702056,R,walk,False,True
813038,2025-10-20,2025,686527,L,702056,R,strikeout,True,False
813038,2025-10-20,2025,660844,L,702056,R,single,False,False
813038,2025-10-20,2025,677594,R,702056,R,walk,False,True
813038,2025-10-20,2025,663728,L,702056,R,grounded_into_double_play,False,False
813038,2025-10-20,2025,672386,R,669302,R,field_out,False,False
813038,2025-10-20,2025,662139,L,669302,R,field_out,False,False
813038,2025-10-20,2025,676391,R,669302,R,triple,False,False
813038,2025-10-20,2025,680718,L,669302,R,home_run,False,False
813038,2025-10-20,2025,643396,R,669302,R,field_out,False,False
813038,2025-10-20,2025,593871,L,702056,R,field_out,False,False
813038,2025-10-20,2025,647304,L,702056,R,single,False,False
813038,2025-10-20,2025,668227,R,702056,R,single,False,False
813038,2025-10-20,2025,553993,R,702056,R,walk,False,True
813038,2025-10-20,2025,641487,L,702056,R,grounded_into_double_play,False,False
813038,2025-10-20,2025,665926,L,669302,R,field_out,False,False
813038,2025-10-20,2025,543807,R,669302,R,field_out,False,False
813038,2025-10-20,2025,664770,L,669302,R,field_out,False,False
813038,2025-10-20,2025,686527,L,702056,R,single,False,False
813038,2025-10-20,2025,660844,L,702056,R,strikeout,True,False
813038,2025-10-20,2025,677594,R,702056,R,grounded_into_double_play,False,False
813038,2025-10-20,2025,665489,R,669302,R,home_run,False,False
813038,2025-10-20,2025,672386,R,660825,R,field_out,False,False
813038,2025-10-20,2025,662139,L,660825,R,field_out,False,False
813038,2025-10-20,2025,676391,R,660825,R,double,False,False
813038,2025-10-20,2025,680718,L,660825,R,field_out,False,False
813038,2025-10-20,2025,663728,L,702056,R,strikeout,True,False
813038,2025-10-20,2025,593871,L,702056,R,field_out,False,False
813038,2025-10-20,2025,647304,L,702056,R,home_run,False,False
813038,2025-10-20,2025,668227,R,702056,R,single,False,False
813038,2025-10-20,2025,553993,R,686973,R,single,False,False
813038,2025-10-20,2025,641487,L,686973,R,strikeout,True,False
813038,2025-10-20,2025,643396,R,660825,R,field_out,False,False
813038,2025-10-20,2025,665926,L,660825,R,strikeout,True,False
813038,2025-10-20,2025,543807,R,660825,R,field_out,False,False
813038,2025-10-20,2025,686527,L,686973,R,field_out,False,False
813038,2025-10-20,2025,660844,L,686973,R,strikeout,True,False
813038,2025-10-20,2025,677594,R,686973,R,field_out,False,False
813038,2025-10-20,2025,664770,L,666374,R,field_out,False,False
813038,2025-10-20,2025,665489,R,666374,R,hit_by_pitch,False,False
813038,2025-10-20,2025,672386,R,666374,R,single,False,False
813038,2025-10-20,2025,662139,L,666374,R,strikeout,True,False
813038,2025-10-20,2025,676391,R,666374,R,walk,False,True
813038,2025-10-20,2025,680718,L,666374,R,walk,False,True
813038,2025-10-20,2025,643396,R,666374,R,field_out,False,False
813038,2025-10-20,2025,663728,L,656546,R,strikeout,True,False
813038,2025-10-20,2025,593871,L,656546,R,strikeout,True,False
813038,2025-10-20,2025,647304,L,656546,R,field_out,False,False
813038,2025-10-20,2025,665926,L,672841,R,field_out,False,False
813038,2025-10-20,2025,543807,R,672841,R,strikeout,True,False
813038,2025-10-20,2025,664770,L,672841,R,single,False,False
813038,2025-10-20,2025,665489,R,672841,R,single,False,False
813038,2025-10-20,2025,672386,R,672841,R,field_out,False,False
813038,2025-10-20,2025,668227,R,656546,R,strikeout,True,False
813038,2025-10-20,2025,553993,R,656546,R,strikeout,True,False
813038,2025-10-20,2025,641487,L,656546,R,walk,False,True
813038,2025-10-20,2025,686527,L,656546,R,field_out,False,False
813037,2025-10-21,2025,677594,R,669456,R,double,False,False
813037,2025-10-21,2025,663728,L,669456,R,strikeout,True,False
813037,2025-10-21,2025,647304,L,669456,R,single,False,False
813037,2025-10-21,2025,593871,L,669456,R,double_play,False,False
813037,2025-10-21,2025,543807,R,669923,R,walk,False,True
813037,2025-10-21,2025,664770,L,669923,R,field_out,False,False
813037,2025-10-21,2025,665489,R,669923,R,single,False,False
813037,2025-10-21,2025,672386,R,669923,R,strikeout,True,False
813037,2025-10-21,2025,662139,L,669923,R,single,False,False
813037,2025-10-21,2025,676391,R,669923,R,field_out,False,False
813037,2025-10-21,2025,668227,R,669456,R,single,False,False
813037,2025-10-21,2025,553993,R,669456,R,single,False,False
813037,2025-10-21,2025,641487,L,669456,R,sac_bunt,False,False
813037,2025-10-21,2025,660844,L,669456,R,strikeout,True,False
813037,2025-10-21,2025,645302,R,669456,R,field_out,False,False
813037,2025-10-21,2025,680718,L,669923,R,field_out,False,False
813037,2025-10-21,2025,643396,R,669923,R,field_out,False,False
813037,2025-10-21,2025,665926,L,669923,R,single,False,False
813037,2025-10-21,2025,543807,R,669923,R,field_out,False,False
813037,2025-10-21,2025,677594,R,669456,R,home_run,False,False
813037,2025-10-21,2025,663728,L,669456,R,field_out,False,False
813037,2025-10-21,2025,647304,L,669456,R,field_out,False,False
813037,2025-10-21,2025,593871,L,669456,R,single,False,False
813037,2025-10-21,2025,668227,R,669456,R,strikeout,True,False
813037,2025-10-21,2025,664770,L,669923,R,strikeout,True,False
813037,2025-10-21,2025,665489,R,669923,R,field_out,False,False
813037,2025-10-21,2025,672386,R,669923,R,field_out,False,False
813037,2025-10-21,2025,553993,R,669456,R,strikeout,True,False
813037,2025-10-21,2025,641487,L,669456,R,double,False,False
813037,2025-10-21,2025,660844,L,669456,R,strikeout,True,False
813037,2025-10-21,2025,645302,R,669456,R,walk,False,True
813037,2025-10-21,2025,677594,R,686973,R,field_out,False,False
813037,2025-10-21,2025,662139,L,669923,R,strikeout,True,False
813037,2025-10-21,2025,676391,R,669923,R,field_out,False,False
813037,2025-10-21,2025,680718,L,669923,R,single,False,False
813037,2025-10-21,2025,643396,R,669923,R,force_out,False,False
813037,2025-10-21,2025,663728,L,686973,R,home_run,False,False
813037,2025-10-21,2025,647304,L,686973,R,field_out,False,False
813037,2025-10-21,2025,593871,L,686973,R,field_out,False,False
813037,2025-10-21,2025,668227,R,686973,R,field_out,False,False
813037,2025-10-21,2025,665926,L,693433,R,walk,False,True
813037,2025-10-21,2025,543807,R,693433,R,strikeout,True,False
813037,2025-10-21,2025,664770,L,693433,R,grounded_into_double_play,False,False
813037,2025-10-21,2025,553993,R,622554,R,field_out,False,False
813037,2025-10-21,2025,641487,L,622554,R,field_out,False,False
813037,2025-10-21,2025,660844,L,622554,R,field_out,False,False
813037,2025-10-21,2025,665489,R,693433,R,strikeout,True,False
813037,2025-10-21,2025,672386,R,693433,R,single,False,False
813037,2025-10-21,2025,662139,L,693433,R,field_out,False,False
813037,2025-10-21,2025,676391,R,693433,R,force_out,False,False
813037,2025-10-21,2025,645302,R,592332,R,walk,False,True
813037,2025-10-21,2025,677594,R,592332,R,grounded_into_double_play,False,False
813037,2025-10-21,2025,663728,L,592332,R,intent_walk,False,True
813037,2025-10-21,2025,647304,L,592332,R,walk,False,True
813037,2025-10-21,2025,593871,L,592332,R,field_out,False,False
813037,2025-10-21,2025,680718,L,693433,R,walk,False,True
813037,2025-10-21,2025,643396,R,693433,R,single,False,False
813037,2025-10-21,2025,665926,L,693433,R,sac_bunt,False,False
813037,2025-10-21,2025,543807,R,660825,R,home_run,False,False
813037,2025-10-21,2025,664770,L,660825,R,single,False,False
813037,2025-10-21,2025,665489,R,660825,R,field_out,False,False
813037,2025-10-21,2025,672386,R,660825,R,strikeout,True,False
813037,2025-10-21,2025,668227,R,605135,R,field_out,False,False
813037,2025-10-21,2025,553993,R,605135,R,strikeout,True,False
813037,2025-10-21,2025,641487,L,605135,R,field_out,False,False
813037,2025-10-21,2025,662139,L,662253,R,single,False,False
813037,2025-10-21,2025,676391,R,662253,R,single,False,False
813037,2025-10-21,2025,680718,L,662253,R,double_play,False,False
813037,2025-10-21,2025,643396,R,662253,R,field_out,False,False
813037,2025-10-21,2025,660844,L,656546,R,strikeout,True,False
813037,2025-10-21,2025,686527,L,656546,R,strikeout,True,False
813037,2025-10-21,2025,677594,R,656546,R,strikeout,True,False
813027,2025-10-25,2025,660271,L,702056,R,strikeout,True,False
813027,2025-10-25,2025,605141,R,702056,R,field_out,False,False
813027,2025-10-25,2025,518692,L,702056,R,field_out,False,False
813027,2025-10-25,2025,543807,R,605483,L,field_out,False,False
813027,2025-10-25,2025,676914,R,605483,L,field_out,False,False
813027,2025-10-25,2025,665489,R,605483,L,walk,False,True
813027,2025-10-25,2025,666182,R,605483,L,single,False,False
813027,2025-10-25,2025,672386,R,605483,L,walk,False,True
813027,2025-10-25,2025,662139,L,605483,L,field_out,False,False
813027,2025-10-25,2025,669257,R,702056,R,walk,False,True
813027,2025-10-25,2025,606192,R,702056,R,force_out,False,False
813027,2025-10-25,2025,571970,L,702056,R,single,False,False
813027,2025-10-25,2025,571771,R,702056,R,single,False,False
813027,2025-10-25,2025,669242,R,702056,R,single,False,False
813027,2025-10-25,2025,681624,R,702056,R,strikeout,True,False
813027,2025-10-25,2025,660271,L,702056,R,field_out,False,False
813027,2025-10-25,2025,676391,R,605483,L,single,False,False
813027,2025-10-25,2025,664702,R,605483,L,strikeout,True,False
813027,2025-10-25,2025,665926,L,605483,L,strikeout,True,False
813027,2025-10-25,2025,543807,R,605483,L,single,False,False
813027,2025-10-25,2025,605141,R,702056,R,walk,False,True
813027,2025-10-25,2025,518692,L,702056,R,walk,False,True
813027,2025-10-25,2025,669257,R,702056,R,single,False,False
813027,2025-10-25,2025,606192,R,702056,R,field_out,False,False
813027,2025-10-25,2025,571970,L,702056,R,strikeout,True,False
813027,2025-10-25,2025,676914,R,605483,L,strikeout,True,False
813027,2025-10-25,2025,665489,R,605483,L,single,False,False
813027,2025-10-25,2025,666182,R,605483,L,grounded_into_double_play,False,False
813027,2025-10-25,2025,571771,R,702056,R,strikeout,True,False
813027,2025-10-25,2025,669242,R,702056,R,strikeout,True,False
813027,2025-10-25,2025,681624,R,702056,R,field_out,False,False
813027,2025-10-25,2025,672386,R,605483,L,single,False,False
813027,2025-10-25,2025,662139,L,605483,L,home_run,False,False
813027,2025-10-25,2025,676391,R,605483,L,field_out,False,False
813027,2025-10-25,2025,664702,R,605483,L,field_out,False,False
813027,2025-10-25,2025,665926,L,605483,L,strikeout,True,False
813027,2025-10-25,2025,660271,L,689254,L,strikeout,True,False
813027,2025-10-25,2025,605141,R,689254,L,single,False,False
813027,2025-10-25,2025,518692,L,689254,L,field_out,False,False
813027,2025-10-25,2025,669257,R,622554,R,field_out,False,False
813027,2025-10-25,2025,543807,R,605483,L,single,False,False
813027,2025-10-25,2025,676914,R,605483,L,grounded_into_double_play,False,False
813027,2025-10-25,2025,665489,R,605483,L,field_out,False,False
813027,2025-10-25,2025,606192,R,622554,R,strikeout,True,False
813027,2025-10-25,2025,571970,L,622554,R,field_out,False,False
813027,2025-10-25,2025,571771,R,622554,R,strikeout,True,False
813027,2025-10-25,2025,666182,R,605483,L,walk,False,True
813027,2025-10-25,2025,672386,R,605483,L,single,False,False
813027,2025-10-25,2025,662139,L,605483,L,hit_by_pitch,False,False
813027,2025-10-25,2025,676391,R,686218,R,single,False,False
813027,2025-10-25,2025,664770,L,686218,R,walk,False,True
813027,2025-10-25,2025,665926,L,686218,R,single,False,False
813027,2025-10-25,2025,543807,R,686218,R,force_out,False,False
813027,2025-10-25,2025,680718,L,607455,L,home_run,False,False
813027,2025-10-25,2025,665489,R,607455,L,single,False,False
813027,2025-10-25,2025,643396,R,607455,L,field_out,False,False
813027,2025-10-25,2025,672386,R,607455,L,home_run,False,False
813027,2025-10-25,2025,662139,L,607455,L,field_out,False,False
813027,2025-10-25,2025,669242,L,680755,R,walk,False,True
813027,2025-10-25,2025,681624,R,680755,R,strikeout,True,False
813027,2025-10-25,2025,660271,L,680755,R,home_run,False,False
813027,2025-10-25,2025,605141,R,680755,R,strikeout,True,False
813027,2025-10-25,2025,518692,L,680755,R,field_out,False,False
813027,2025-10-25,2025,676391,R,680736,L,field_out,False,False
813027,2025-10-25,2025,664770,L,680736,L,field_out,False,False
813027,2025-10-25,2025,665926,L,680736,L,field_out,False,False
813027,2025-10-25,2025,669257,R,605135,R,field_out,False,False
813027,2025-10-25,2025,606192,R,605135,R,walk,False,True
813027,2025-10-25,2025,571970,L,605135,R,strikeout,True,False
813027,2025-10-25,2025,571771,R,605135,R,strikeout,True,False
813027,2025-10-25,2025,543807,R,694361,R,field_out,False,False
813027,2025-10-25,2025,680718,L,694361,R,single,False,False
813027,2025-10-25,2025,665489,R,694361,R,field_out,False,False
813027,2025-10-25,2025,643396,R,694361,R,field_out,False,False
813027,2025-10-25,2025,669242,R,641778,L,field_out,False,False
813027,2025-10-25,2025,681624,R,641778,L,field_out,False,False
813027,2025-10-25,2025,660271,L,641778,L,walk,False,True
813027,2025-10-25,2025,605141,R,641778,L,strikeout,True,False
813026,2025-10-26,2025,660271,L,592332,R,field_out,False,False
813026,2025-10-26,2025,605141,R,592332,R,field_out,False,False
813026,2025-10-26,2025,518692,L,592332,R,double,False,False
813026,2025-10-26,2025,669257,R,592332,R,single,False,False
813026,2025-10-26,2025,606192,R,592332,R,strikeout,True,False
813026,2025-10-26,2025,543807,R,808967,R,double,False,False
813026,2025-10-26,2025,664770,L,808967,R,single,False,False
813026,2025-10-26,2025,665489,R,808967,R,strikeout,True,False
813026,2025-10-26,2025,672386,R,808967,R,field_out,False,False
813026,2025-10-26,2025,662139,L,808967,R,strikeout,True,False
813026,2025-10-26,2025,571970,L,592332,R,field_out,False,False
813026,2025-10-26,2025,571771,R,592332,R,field_out,False,False
813026,2025-10-26,2025,669242,L,592332,R,strikeout,True,False
813026,2025-10-26,2025,676391,R,808967,R,single,False,False
813026,2025-10-26,2025,680718,L,808967,R,strikeout,True,False
813026,2025-10-26,2025,643396,R,808967,R,field_out,False,False
813026,2025-10-26,2025,665926,L,808967,R,field_out,False,False
813026,2025-10-26,2025,681624,R,592332,R,field_out,False,False
813026,2025-10-26,2025,660271,L,592332,R,field_out,False,False
813026,2025-10-26,2025,605141,R,592332,R,field_out,False,False
813026,2025-10-26,2025,543807,R,808967,R,hit_by_pitch,False,False
813026,2025-10-26,2025,664770,L,808967,R,strikeout,True,False
813026,2025-10-26,2025,665489,R,808967,R,single,False,False
813026,2025-10-26,2025,672386,R,808967,R,sac_fly,False,False
813026,2025-10-26,2025,662139,L,808967,R,field_out,False,False
813026,2025-10-26,2025,518692,L,592332,R,field_out,False,False
813026,2025-10-26,2025,669257,R,592332,R,field_out,False,False
813026,2025-10-26,2025,606192,R,592332,R,strikeout,True,False
813026,2025-10-26,2025,676391,R,808967,R,field_out,False,False
813026,2025-10-26,2025,680718,L,808967,R,field_out,False,False
813026,2025-10-26,2025,643396,R,808967,R,field_out,False,False
813026,2025-10-26,2025,571970,L,592332,R,strikeout,True,False
813026,2025-10-26,2025,571771,R,592332,R,strikeout,True,False
813026,2025-10-26,2025,669242,L,592332,R,field_out,False,False
813026,2025-10-26,2025,665926,L,808967,R,field_out,False,False
813026,2025-10-26,2025,543807,R,808967,R,field_out,False,False
813026,2025-10-26,2025,664770,L,808967,R,field_out,False,False
813026,2025-10-26,2025,681624,R,592332,R,field_out,False,False
813026,2025-10-26,2025,660271,L,592332,R,field_out,False,False
813026,2025-10-26,2025,605141,R,592332,R,field_out,False,False
813026,2025-10-26,2025,665489,R,808967,R,field_out,False,False
813026,2025-10-26,2025,672386,R,808967,R,strikeout,True,False
813026,2025-10-26,2025,662139,L,808967,R,field_out,False,False
813026,2025-10-26,2025,518692,L,592332,R,field_out,False,False
813026,2025-10-26,2025,669257,R,592332,R,home_run,False,False
813026,2025-10-26,2025,606192,R,592332,R,strikeout,True,False
813026,2025-10-26,2025,571970,L,592332,R,home_run,False,False
813026,2025-10-26,2025,571771,R,686973,R,field_out,False,False
813026,2025-10-26,2025,676391,R,808967,R,field_out,False,False
813026,2025-10-26,2025,680718,L,808967,R,field_out,False,False
813026,2025-10-26,2025,666182,R,808967,R,field_out,False,False
813026,2025-10-26,2025,669242,L,686973,R,field_out,False,False
813026,2025-10-26,2025,681624,R,686973,R,single,False,False
813026,2025-10-26,2025,660271,L,686973,R,single,False,False
813026,2025-10-26,2025,605141,R,686973,R,walk,False,True
813026,2025-10-26,2025,518692,L,656546,R,intent_walk,False,True
813026,2025-10-26,2025,669257,R,656546,R,force_out,False,False
813026,2025-10-26,2025,606192,R,656546,R,strikeout,True,False
813026,2025-10-26,2025,665926,L,808967,R,strikeout,True,False
813026,2025-10-26,2025,543807,R,808967,R,strikeout,True,False
813026,2025-10-26,2025,664770,L,808967,R,strikeout,True,False
813026,2025-10-26,2025,571970,L,680755,R,walk,False,True
813026,2025-10-26,2025,571771,R,680755,R,field_out,False,False
813026,2025-10-26,2025,669242,L,680755,R,field_out,False,False
813026,2025-10-26,2025,681624,R,680755,R,field_out,False,False
813026,2025-10-26,2025,665489,R,808967,R,field_out,False,False
813026,2025-10-26,2025,672386,R,808967,R,field_out,False,False
813026,2025-10-26,2025,662139,L,808967,R,field_out,False,False
813032,2025-10-28,2025,543807,R,607192,R,strikeout,True,False
813032,2025-10-28,2025,664770,L,607192,R,field_out,False,False
813032,2025-10-28,2025,665489,R,607192,R,field_out,False,False
813032,2025-10-28,2025,660271,L,453286,R,double,False,False
813032,2025-10-28,2025,605141,R,453286,R,field_out,False,False
813032,2025-10-28,2025,518692,L,453286,R,field_out,False,False
813032,2025-10-28,2025,669257,R,453286,R,strikeout,True,False
813032,2025-10-28,2025,666182,R,607192,R,single,False,False
813032,2025-10-28,2025,662139,L,607192,R,walk,False,True
813032,2025-10-28,2025,672386,R,607192,R,single,False,False
813032,2025-10-28,2025,680718,L,607192,R,strikeout,True,False
813032,2025-10-28,2025,676391,R,607192,R,field_out,False,False
813032,2025-10-28,2025,571970,L,453286,R,field_out,False,False
813032,2025-10-28,2025,606192,R,453286,R,home_run,False,False
813032,2025-10-28,2025,669242,L,453286,R,strikeout,True,False
813032,2025-10-28,2025,571771,R,453286,R,strikeout,True,False
813032,2025-10-28,2025,665926,L,607192,R,field_out,False,False
813032,2025-10-28,2025,543807,R,607192,R,field_out,False,False
813032,2025-10-28,2025,664770,L,607192,R,strikeout,True,False
813032,2025-10-28,2025,681624,R,453286,R,field_out,False,False
813032,2025-10-28,2025,660271,L,453286,R,home_run,False,False
813032,2025-10-28,2025,605141,R,453286,R,field_out,False,False
813032,2025-10-28,2025,518692,L,453286,R,walk,False,True
813032,2025-10-28,2025,669257,R,453286,R,single,False,False
813032,2025-10-28,2025,665489,R,607192,R,walk,False,True
813032,2025-10-28,2025,666182,R,607192,R,field_error,False,False
813032,2025-10-28,2025,662139,L,607192,R,field_out,False,False
813032,2025-10-28,2025,672386,R,607192,R,home_run,False,False
813032,2025-10-28,2025,680718,L,607192,R,single,False,False
813032,2025-10-28,2025,676391,R,607192,R,single,False,False
813032,2025-10-28,2025,665926,L,607192,R,sac_fly,False,False
813032,2025-10-28,2025,543807,R,607192,R,strikeout,True,False
813032,2025-10-28,2025,571970,L,453286,R,field_out,False,False
813032,2025-10-28,2025,606192,R,453286,R,field_out,False,False
813032,2025-10-28,2025,669242,L,453286,R,field_out,False,False
813032,2025-10-28,2025,664770,L,607192,R,walk,False,True
813032,2025-10-28,2025,665489,R,607192,R,field_out,False,False
813032,2025-10-28,2025,666182,R,607192,R,strikeout,True,False
813032,2025-10-28,2025,662139,L,607455,L,field_out,False,False
813032,2025-10-28,2025,571771,R,453286,R,single,False,False
813032,2025-10-28,2025,681624,R,453286,R,field_out,False,False
813032,2025-10-28,2025,660271,L,689254,L,double,False,False
813032,2025-10-28,2025,605141,R,689254,L,field_out,False,False
813032,2025-10-28,2025,518692,L,689254,L,single,False,False
813032,2025-10-28,2025,669257,R,686973,R,strikeout,True,False
813032,2025-10-28,2025,672386,R,680736,L,field_out,False,False
813032,2025-10-28,2025,680718,L,680736,L,single,False,False
813032,2025-10-28,2025,676391,R,680736,L,strikeout,True,False
813032,2025-10-28,2025,665926,L,680736,L,field_out,False,False
813032,2025-10-28,2025,571970,L,686973,R,strikeout,True,False
813032,2025-10-28,2025,606192,R,686973,R,single,False,False
813032,2025-10-28,2025,669242,L,686973,R,field_out,False,False
813032,2025-10-28,2025,571771,R,686973,R,single,False,False
813032,2025-10-28,2025,664034,R,680736,L,strikeout,True,False
813032,2025-10-28,2025,664770,L,680736,L,field_out,False,False
813032,2025-10-28,2025,665489,R,595014,R,single,False,False
813032,2025-10-28,2025,666182,R,595014,R,single,False,False
813032,2025-10-28,2025,662139,L,595014,R,single,False,False
813032,2025-10-28,2025,672386,R,595014,R,field_out,False,False
813032,2025-10-28,2025,681624,R,622554,R,field_out,False,False
813032,2025-10-28,2025,660271,L,622554,R,home_run,False,False
813032,2025-10-28,2025,605141,R,622554,R,strikeout,True,False
813032,2025-10-28,2025,518692,L,622554,R,walk,False,True
813032,2025-10-28,2025,669257,R,622554,R,walk,False,True
813032,2025-10-28,2025,571970,L,622554,R,field_out,False,False
813032,2025-10-28,2025,680718,L,676263,L,field_error,False,False
813032,2025-10-28,2025,676391,R,676263,L,field_out,False,False
813032,2025-10-28,2025,665926,L,676263,L,single,False,False
813032,2025-10-28,2025,664034,R,808963,R,field_out,False,False
813032,2025-10-28,2025,664770,L,808963,R,field_out,False,False
813032,2025-10-28,2025,606192,R,605135,R,field_out,False,False
813032,2025-10-28,2025,669242,L,605135,R,field_out,False,False
813032,2025-10-28,2025,571771,R,605135,R,strikeout,True,False
813032,2025-10-28,2025,665489,R,808963,R,field_out,False,False
813032,2025-10-28,2025,643396,R,808963,R,walk,False,True
813032,2025-10-28,2025,662139,L,808963,R,single,False,False
813032,2025-10-28,2025,672386,R,808963,R,walk,False,True
813032,2025-10-28,2025,664702,R,808963,R,force_out,False,False
813032,2025-10-28,2025,681624,R,656546,R,field_out,False,False
813032,2025-10-28,2025,660271,L,656546,R,intent_walk,False,True
813032,2025-10-28,2025,605141,R,656546,R,field_out,False,False
813032,2025-10-28,2025,676391,R,686218,R,field_out,False,False
813032,2025-10-28,2025,665926,L,686218,R,strikeout,True,False
813032,2025-10-28,2025,664034,R,686218,R,single,False,False
813032,2025-10-28,2025,664770,L,686218,R,double,False,False
813032,2025-10-28,2025,518692,L,656546,R,field_out,False,False
813032,2025-10-28,2025,669257,R,656546,R,hit_by_pitch,False,False
813032,2025-10-28,2025,571970,L,656546,R,strikeout,True,False
813032,2025-10-28,2025,606192,R,656546,R,single,False,False
813032,2025-10-28,2025,669242,L,656546,R,field_out,False,False
813032,2025-10-28,2025,665489,R,686218,R,field_out,False,False
813032,2025-10-28,2025,643396,R,686218,R,field_out,False,False
813032,2025-10-28,2025,662139,L,686218,R,strikeout,True,False
813032,2025-10-28,2025,571771,R,680755,R,strikeout,True,False
813032,2025-10-28,2025,681624,R,680755,R,field_out,False,False
813032,2025-10-28,2025,660271,L,680755,R,intent_walk,False,True
813032,2025-10-28,2025,605141,R,680755,R,single,False,False
813032,2025-10-28,2025,518692,L,680755,R,field_out,False,False
813032,2025-10-28,2025,672386,R,686218,R,walk,False,True
813032,2025-10-28,2025,664702,R,686218,R,field_out,False,False
813032,2025-10-28,2025,676391,R,686218,R,field_out,False,False
813032,2025-10-28,2025,665926,L,686218,R,intent_walk,False,True
813032,2025-10-28,2025,676914,R,686218,R,single,False,False
813032,2025-10-28,2025,664770,L,477132,L,field_out,False,False
813032,2025-10-28,2025,669257,R,680755,R,strikeout,True,False
813032,2025-10-28,2025,571970,L,641778,L,field_out,False,False
813032,2025-10-28,2025,606192,R,641778,L,field_out,False,False
813032,2025-10-28,2025,665489,R,683618,R,field_out,False,False
813032,2025-10-28,2025,643396,R,683618,R,strikeout,True,False
813032,2025-10-28,2025,662139,L,683618,R,hit_by_pitch,False,False
813032,2025-10-28,2025,623168,L,683618,R,field_out,False,False
813032,2025-10-28,2025,669242,R,641778,L,double,False,False
813032,2025-10-28,2025,500743,R,641778,L,sac_bunt,False,False
813032,2025-10-28,2025,669743,R,641778,L,field_out,False,False
813032,2025-10-28,2025,660271,L,641778,L,intent_walk,False,True
813032,2025-10-28,2025,605141,R,641778,L,intent_walk,False,True
813032,2025-10-28,2025,518692,L,641778,L,field_out,False,False
813032,2025-10-28,2025,664702,R,683618,R,field_out,False,False
813032,2025-10-28,2025,676391,R,683618,R,field_out,False,False
813032,2025-10-28,2025,665926,L,683618,R,strikeout,True,False
813032,2025-10-28,2025,669257,R,641778,L,field_out,False,False
813032,2025-10-28,2025,571970,L,641778,L,walk,False,True
813032,2025-10-28,2025,606192,R,641778,L,single,False,False
813032,2025-10-28,2025,669242,R,641778,L,field_out,False,False
813032,2025-10-28,2025,500743,R,641778,L,field_out,False,False
813032,2025-10-28,2025,676914,R,694361,R,strikeout,True,False
813032,2025-10-28,2025,664770,L,694361,R,field_out,False,False
813032,2025-10-28,2025,665489,R,694361,R,single,False,False
813032,2025-10-28,2025,643396,R,694361,R,strikeout,True,False
813032,2025-10-28,2025,669743,R,641778,L,field_out,False,False
813032,2025-10-28,2025,660271,L,641778,L,intent_walk,False,True
813032,2025-10-28,2025,605141,R,641778,L,field_out,False,False
813032,2025-10-28,2025,518692,L,641778,L,field_out,False,False
813032,2025-10-28,2025,662139,L,694361,R,field_out,False,False
813032,2025-10-28,2025,623168,L,694361,R,field_out,False,False
813032,2025-10-28,2025,664702,R,694361,R,strikeout,True,False
813032,2025-10-28,2025,669257,R,641778,L,strikeout,True,False
813032,2025-10-28,2025,571970,L,641778,L,strikeout,True,False
813032,2025-10-28,2025,606192,R,641778,L,field_out,False,False
813032,2025-10-28,2025,676391,R,694361,R,field_out,False,False
813032,2025-10-28,2025,665926,L,694361,R,strikeout,True,False
813032,2025-10-28,2025,676914,R,694361,R,field_out,False,False
813032,2025-10-28,2025,669242,R,663893,L,strikeout,True,False
813032,2025-10-28,2025,500743,R,663893,L,field_out,False,False
813032,2025-10-28,2025,669743,R,663893,L,single,False,False
813032,2025-10-28,2025,660271,L,663893,L,walk,False,True
813032,2025-10-28,2025,605141,R,663893,L,field_out,False,False
813032,2025-10-28,2025,664770,L,694361,R,field_out,False,False
813032,2025-10-28,2025,665489,R,694361,R,walk,False,True
813032,2025-10-28,2025,643396,R,694361,R,force_out,False,False
813032,2025-10-28,2025,662139,L,694361,R,walk,False,True
813032,2025-10-28,2025,623168,L,694361,R,strikeout,True,False
813032,2025-10-28,2025,518692,L,663893,L,home_run,False,False
813023,2025-10-29,2025,664770,L,660271,R,field_out,False,False
813023,2025-10-29,2025,665489,R,660271,R,strikeout,True,False
813023,2025-10-29,2025,666182,R,660271,R,walk,False,True
813023,2025-10-29,2025,680718,L,660271,R,single,False,False
813023,2025-10-29,2025,672386,R,660271,R,field_out,False,False
813023,2025-10-29,2025,660271,L,669456,R,walk,False,True
813023,2025-10-29,2025,605141,R,669456,R,field_out,False,False
813023,2025-10-29,2025,518692,L,669456,R,force_out,False,False
813023,2025-10-29,2025,669257,R,669456,R,field_out,False,False
813023,2025-10-29,2025,662139,L,660271,R,field_out,False,False
813023,2025-10-29,2025,676391,R,660271,R,field_out,False,False
813023,2025-10-29,2025,665926,L,660271,R,field_out,False,False
813023,2025-10-29,2025,606192,R,669456,R,field_out,False,False
813023,2025-10-29,2025,571970,L,669456,R,walk,False,True
813023,2025-10-29,2025,669242,L,669456,R,single,False,False
813023,2025-10-29,2025,571771,R,669456,R,sac_fly,False,False
813023,2025-10-29,2025,681624,R,669456,R,field_out,False,False
813023,2025-10-29,2025,643396,R,660271,R,field_out,False,False
813023,2025-10-29,2025,664770,L,660271,R,single,False,False
813023,2025-10-29,2025,665489,R,660271,R,home_run,False,False
813023,2025-10-29,2025,666182,R,660271,R,field_out,False,False
813023,2025-10-29,2025,680718,L,660271,R,field_out,False,False
813023,2025-10-29,2025,660271,L,669456,R,strikeout,True,False
813023,2025-10-29,2025,605141,R,669456,R,field_out,False,False
813023,2025-10-29,2025,518692,L,669456,R,single,False,False
813023,2025-10-29,2025,669257,R,669456,R,field_out,False,False
813023,2025-10-29,2025,672386,R,660271,R,strikeout,True,False
813023,2025-10-29,2025,662139,L,660271,R,strikeout,True,False
813023,2025-10-29,2025,676391,R,660271,R,strikeout,True,False
813023,2025-10-29,2025,606192,R,669456,R,field_out,False,False
813023,2025-10-29,2025,571970,L,669456,R,strikeout,True,False
813023,2025-10-29,2025,669242,L,669456,R,walk,False,True
813023,2025-10-29,2025,571771,R,669456,R,field_out,False,False
813023,2025-10-29,2025,665926,L,660271,R,strikeout,True,False
813023,2025-10-29,2025,643396,R,660271,R,field_out,False,False
813023,2025-10-29,2025,664770,L,660271,R,single,False,False
813023,2025-10-29,2025,665489,R,660271,R,field_out,False,False
813023,2025-10-29,2025,681624,R,669456,R,field_out,False,False
813023,2025-10-29,2025,660271,L,669456,R,strikeout,True,False
813023,2025-10-29,2025,605141,R,669456,R,field_out,False,False
813023,2025-10-29,2025,666182,R,660271,R,field_out,False,False
813023,2025-10-29,2025,680718,L,660271,R,field_out,False,False
813023,2025-10-29,2025,672386,R,660271,R,strikeout,True,False
813023,2025-10-29,2025,518692,L,669456,R,single,False,False
813023,2025-10-29,2025,669257,R,669456,R,field_out,False,False
813023,2025-10-29,2025,606192,R,669456,R,single,False,False
813023,2025-10-29,2025,571970,L,689254,L,field_out,False,False
813023,2025-10-29,2025,669242,R,689254,L,strikeout,True,False
813023,2025-10-29,2025,662139,L,660271,R,single,False,False
813023,2025-10-29,2025,676391,R,660271,R,double,False,False
813023,2025-10-29,2025,665926,L,607455,L,single,False,False
813023,2025-10-29,2025,643396,R,607455,L,field_out,False,False
813023,2025-10-29,2025,664034,R,607455,L,field_out,False,False
813023,2025-10-29,2025,665489,R,607455,L,intent_walk,False,True
813023,2025-10-29,2025,666182,R,595014,R,single,False,False
813023,2025-10-29,2025,680718,L,595014,R,single,False,False
813023,2025-10-29,2025,672386,R,595014,R,field_out,False,False
813023,2025-10-29,2025,571771,R,605135,R,field_out,False,False
813023,2025-10-29,2025,669743,R,605135,R,strikeout,True,False
813023,2025-10-29,2025,660271,L,605135,R,field_out,False,False
813023,2025-10-29,2025,662139,L,676263,L,field_out,False,False
813023,2025-10-29,2025,676391,R,676263,L,single,False,False
813023,2025-10-29,2025,665926,L,676263,L,hit_by_pitch,False,False
813023,2025-10-29,2025,643396,R,676263,L,field_out,False,False
813023,2025-10-29,2025,664702,R,676263,L,strikeout,True,False
813023,2025-10-29,2025,605141,R,605135,R,single,False,False
813023,2025-10-29,2025,518692,L,605135,R,strikeout,True,False
813023,2025-10-29,2025,669257,R,605135,R,grounded_into_double_play,False,False
813023,2025-10-29,2025,665489,R,676263,L,single,False,False
813023,2025-10-29,2025,666182,R,676263,L,field_out,False,False
813023,2025-10-29,2025,680718,L,676263,L,strikeout,True,False
813023,2025-10-29,2025,672386,R,676263,L,intent_walk,False,True
813023,2025-10-29,2025,662139,L,676263,L,strikeout,True,False
813023,2025-10-29,2025,606192,R,686973,R,walk,False,True
813023,2025-10-29,2025,571970,L,686973,R,double,False,False
813023,2025-10-29,2025,669242,L,686973,R,field_out,False,False
813023,2025-10-29,2025,571771,R,686973,R,strikeout,True,False
813023,2025-10-29,2025,669743,R,686973,R,field_out,False,False
813022,2025-10-30,2025,676914,R,605483,L,home_run,False,False
813022,2025-10-30,2025,665489,R,605483,L,home_run,False,False
813022,2025-10-30,2025,666182,R,605483,L,strikeout,True,False
813022,2025-10-30,2025,672386,R,605483,L,single,False,False
813022,2025-10-30,2025,662139,L,605483,L,force_out,False,False
813022,2025-10-30,2025,676391,R,605483,L,caught_stealing_2b,False,False
813022,2025-10-30,2025,660271,L,702056,R,field_out,False,False
813022,2025-10-30,2025,669257,R,702056,R,field_out,False,False
813022,2025-10-30,2025,605141,R,702056,R,strikeout,True,False
813022,2025-10-30,2025,676391,R,605483,L,field_out,False,False
813022,2025-10-30,2025,680718,L,605483,L,single,False,False
813022,2025-10-30,2025,643396,R,605483,L,field_out,False,False
813022,2025-10-30,2025,665926,L,605483,L,strikeout,True,False
813022,2025-10-30,2025,518692,L,702056,R,strikeout,True,False
813022,2025-10-30,2025,606192,R,702056,R,strikeout,True,False
813022,2025-10-30,2025,669242,R,702056,R,strikeout,True,False
813022,2025-10-30,2025,676914,R,605483,L,strikeout,True,False
813022,2025-10-30,2025,665489,R,605483,L,walk,False,True
813022,2025-10-30,2025,666182,R,605483,L,force_out,False,False
813022,2025-10-30,2025,672386,R,605483,L,strikeout,True,False
813022,2025-10-30,2025,571970,L,702056,R,strikeout,True,False
813022,2025-10-30,2025,571771,R,702056,R,home_run,False,False
813022,2025-10-30,2025,669743,R,702056,R,field_out,False,False
813022,2025-10-30,2025,660271,L,702056,R,strikeout,True,False
813022,2025-10-30,2025,662139,L,605483,L,triple,False,False
813022,2025-10-30,2025,676391,R,605483,L,sac_fly,False,False
813022,2025-10-30,2025,680718,L,605483,L,walk,False,True
813022,2025-10-30,2025,643396,R,605483,L,strikeout,True,False
813022,2025-10-30,2025,665926,L,605483,L,strikeout,True,False
813022,2025-10-30,2025,669257,R,702056,R,strikeout,True,False
813022,2025-10-30,2025,605141,R,702056,R,strikeout,True,False
813022,2025-10-30,2025,518692,L,702056,R,hit_by_pitch,False,False
813022,2025-10-30,2025,606192,R,702056,R,single,False,False
813022,2025-10-30,2025,669242,R,702056,R,field_out,False,False
813022,2025-10-30,2025,676914,R,605483,L,walk,False,True
813022,2025-10-30,2025,665489,R,605483,L,grounded_into_double_play,False,False
813022,2025-10-30,2025,666182,R,605483,L,field_out,False,False
813022,2025-10-30,2025,571970,L,702056,R,field_out,False,False
813022,2025-10-30,2025,571771,R,702056,R,strikeout,True,False
813022,2025-10-30,2025,669743,R,702056,R,strikeout,True,False
813022,2025-10-30,2025,672386,R,605483,L,field_out,False,False
813022,2025-10-30,2025,662139,L,605483,L,field_out,False,False
813022,2025-10-30,2025,676391,R,605483,L,field_out,False,False
813022,2025-10-30,2025,660271,L,702056,R,field_out,False,False
813022,2025-10-30,2025,669257,R,702056,R,strikeout,True,False
813022,2025-10-30,2025,605141,R,702056,R,field_out,False,False
813022,2025-10-30,2025,680718,L,605483,L,single,False,False
813022,2025-10-30,2025,643396,R,605483,L,field_out,False,False
813022,2025-10-30,2025,665926,L,605483,L,walk,False,True
813022,2025-10-30,2025,676914,R,605483,L,strikeout,True,False
813022,2025-10-30,2025,665489,R,683618,R,walk,False,True
813022,2025-10-30,2025,666182,R,683618,R,single,False,False
813022,2025-10-30,2025,672386,R,683618,R,walk,False,True
813022,2025-10-30,2025,662139,L,607455,L,force_out,False,False
813022,2025-10-30,2025,518692,L,702056,R,strikeout,True,False
813022,2025-10-30,2025,606192,R,702056,R,single,False,False
813022,2025-10-30,2025,669242,R,702056,R,grounded_into_double_play,False,False
813022,2025-10-30,2025,676391,R,607455,L,single,False,False
813022,2025-10-30,2025,680718,L,607455,L,field_out,False,False
813022,2025-10-30,2025,643396,R,607455,L,single,False,False
813022,2025-10-30,2025,665926,L,607455,L,field_out,False,False
813022,2025-10-30,2025,664702,R,607455,L,field_out,False,False
813022,2025-10-30,2025,571970,L,622554,R,field_out,False,False
813022,2025-10-30,2025,571771,R,622554,R,strikeout,True,False
813022,2025-10-30,2025,669743,R,622554,R,walk,False,True
813022,2025-10-30,2025,660271,L,622554,R,field_out,False,False
813022,2025-10-30,2025,665489,R,595014,R,field_out,False,False
813022,2025-10-30,2025,666182,R,595014,R,field_out,False,False
813022,2025-10-30,2025,672386,R,595014,R,field_out,False,False
813022,2025-10-30,2025,669257,R,656546,R,single,False,False
813022,2025-10-30,2025,605141,R,656546,R,field_out,False,False
813022,2025-10-30,2025,518692,L,656546,R,strikeout,True,False
813022,2025-10-30,2025,606192,R,656546,R,strikeout,True,False
