gid,date,year,batter,bSide,pitcher,pSide,result,isStrikeout,isWalk
775345,2024-10-01,2024,663837,R,664285,L,field_out,False,False
775345,2024-10-01,2024,669234,R,664285,L,walk,False,True
775345,2024-10-01,2024,682985,L,664285,L,grounded_into_double_play,False,False
775345,2024-10-01,2024,514888,R,669373,L,field_out,False,False
775345,2024-10-01,2024,663656,L,669373,L,field_out,False,False
775345,2024-10-01,2024,670541,L,669373,L,field_out,False,False
775345,2024-10-01,2024,628451,R,664285,L,field_out,False,False
775345,2024-10-01,2024,672761,R,664285,L,single,False,False
775345,2024-10-01,2024,679529,R,664285,L,walk,False,True
775345,2024-10-01,2024,678009,L,664285,L,force_out,False,False
775345,2024-10-01,2024,668670,R,664285,L,single,False,False
775345,2024-10-01,2024,700242,L,664285,L,single,False,False
775345,2024-10-01,2024,663837,R,664285,L,single,False,False
775345,2024-10-01,2024,669234,R,664285,L,strikeout,True,False
775345,2024-10-01,2024,608324,R,669373,L,field_out,False,False
775345,2024-10-01,2024,673237,R,669373,L,field_out,False,False
775345,2024-10-01,2024,665161,R,669373,L,strikeout,True,False
775345,2024-10-01,2024,682985,L,664285,L,field_out,False,False
775345,2024-10-01,2024,628451,R,664285,L,double,False,False
775345,2024-10-01,2024,672761,R,664285,L,field_out,False,False
775345,2024-10-01,2024,679529,R,664285,L,field_out,False,False
775345,2024-10-01,2024,605170,R,669373,L,single,False,False
775345,2024-10-01,2024,643289,R,669373,L,force_out,False,False
775345,2024-10-01,2024,676694,R,669373,L,strikeout,True,False
775345,2024-10-01,2024,514888,R,669373,L,single,False,False
775345,2024-10-01,2024,663656,L,669373,L,field_out,False,False
775345,2024-10-01,2024,678009,L,664285,L,single,False,False
775345,2024-10-01,2024,668670,R,664285,L,field_out,False,False
775345,2024-10-01,2024,700242,L,664285,L,strikeout,True,False
775345,2024-10-01,2024,663837,R,664285,L,field_out,False,False
775345,2024-10-01,2024,670541,L,669373,L,single,False,False
775345,2024-10-01,2024,608324,R,669373,L,field_out,False,False
775345,2024-10-01,2024,673237,R,669373,L,walk,False,True
775345,2024-10-01,2024,665161,R,669373,L,strikeout,True,False
775345,2024-10-01,2024,605170,R,669373,L,strikeout,True,False
775345,2024-10-01,2024,669234,R,664285,L,single,False,False
775345,2024-10-01,2024,682985,L,664285,L,strikeout,True,False
775345,2024-10-01,2024,690993,L,593576,R,walk,False,True
775345,2024-10-01,2024,672761,L,593576,R,strikeout,True,False
775345,2024-10-01,2024,679529,R,593576,R,strikeout,True,False
775345,2024-10-01,2024,643289,R,669373,L,field_out,False,False
775345,2024-10-01,2024,676694,R,669373,L,field_out,False,False
775345,2024-10-01,2024,514888,R,669373,L,field_out,False,False
775345,2024-10-01,2024,678009,L,687911,L,field_out,False,False
775345,2024-10-01,2024,668670,R,687911,L,single,False,False
775345,2024-10-01,2024,700242,L,687911,L,strikeout,True,False
775345,2024-10-01,2024,663837,R,669854,R,strikeout,True,False
775345,2024-10-01,2024,663656,L,669373,L,field_out,False,False
775345,2024-10-01,2024,670541,L,669373,L,strikeout,True,False
775345,2024-10-01,2024,608324,R,669373,L,single,False,False
775345,2024-10-01,2024,673237,R,669373,L,strikeout,True,False
775345,2024-10-01,2024,681481,L,669854,R,field_out,False,False
775345,2024-10-01,2024,682985,L,669854,R,field_out,False,False
775345,2024-10-01,2024,690993,L,669854,R,walk,False,True
775345,2024-10-01,2024,672761,L,669854,R,single,False,False
775345,2024-10-01,2024,679529,R,669854,R,walk,False,True
775345,2024-10-01,2024,678009,L,669854,R,strikeout,True,False
775345,2024-10-01,2024,665161,R,676684,R,strikeout,True,False
775345,2024-10-01,2024,605170,L,676684,R,strikeout,True,False
775345,2024-10-01,2024,572138,L,676684,R,field_out,False,False
775345,2024-10-01,2024,668670,R,669854,R,strikeout,True,False
775345,2024-10-01,2024,700242,L,669854,R,strikeout,True,False
775345,2024-10-01,2024,663837,R,669854,R,walk,False,True
775345,2024-10-01,2024,681481,L,657571,L,other_out,False,False
775345,2024-10-01,2024,518792,L,676684,R,strikeout,True,False
775345,2024-10-01,2024,514888,R,676684,R,strikeout,True,False
775345,2024-10-01,2024,663656,L,663947,L,field_out,False,False
775345,2024-10-01,2024,681481,L,623352,L,field_out,False,False
775345,2024-10-01,2024,682985,L,623352,L,double,False,False
775345,2024-10-01,2024,690993,L,623352,L,field_out,False,False
775345,2024-10-01,2024,672761,R,623352,L,field_out,False,False
775345,2024-10-01,2024,670541,L,671345,R,double,False,False
775345,2024-10-01,2024,608324,R,671345,R,single,False,False
775345,2024-10-01,2024,673237,R,671345,R,single,False,False
775345,2024-10-01,2024,665161,R,671345,R,sac_bunt,False,False
775345,2024-10-01,2024,605170,L,689225,R,field_out,False,False
775345,2024-10-01,2024,676801,R,689225,R,walk,False,True
775345,2024-10-01,2024,518792,L,689225,R,field_out,False,False
775343,2024-10-01,2024,686681,L,669203,R,single,False,False
775343,2024-10-01,2024,677951,R,669203,R,field_out,False,False
775343,2024-10-01,2024,686469,L,669203,R,field_out,False,False
775343,2024-10-01,2024,521692,R,669203,R,force_out,False,False
775343,2024-10-01,2024,683002,L,666142,L,field_out,False,False
775343,2024-10-01,2024,676059,R,666142,L,strikeout,True,False
775343,2024-10-01,2024,623993,R,666142,L,field_out,False,False
775343,2024-10-01,2024,493329,R,669203,R,strikeout,True,False
775343,2024-10-01,2024,669004,L,669203,R,field_out,False,False
775343,2024-10-01,2024,502054,R,669203,R,field_out,False,False
775343,2024-10-01,2024,663624,R,666142,L,field_out,False,False
775343,2024-10-01,2024,668939,R,666142,L,strikeout,True,False
775343,2024-10-01,2024,681297,L,666142,L,single,False,False
775343,2024-10-01,2024,602104,R,666142,L,field_out,False,False
775343,2024-10-01,2024,664728,L,669203,R,field_out,False,False
775343,2024-10-01,2024,672580,R,669203,R,field_out,False,False
775343,2024-10-01,2024,686681,L,669203,R,field_out,False,False
775343,2024-10-01,2024,656775,L,666142,L,double,False,False
775343,2024-10-01,2024,543510,R,666142,L,strikeout,True,False
775343,2024-10-01,2024,683002,L,666142,L,field_out,False,False
775343,2024-10-01,2024,676059,R,666142,L,field_out,False,False
775343,2024-10-01,2024,677951,R,669203,R,field_out,False,False
775343,2024-10-01,2024,686469,L,669203,R,strikeout,True,False
775343,2024-10-01,2024,521692,R,669203,R,field_out,False,False
775343,2024-10-01,2024,623993,R,666142,L,strikeout,True,False
775343,2024-10-01,2024,663624,R,666142,L,strikeout,True,False
775343,2024-10-01,2024,668939,R,666142,L,field_out,False,False
775343,2024-10-01,2024,493329,R,669203,R,single,False,False
775343,2024-10-01,2024,669004,L,669203,R,double_play,False,False
775343,2024-10-01,2024,502054,R,669203,R,strikeout,True,False
775343,2024-10-01,2024,681297,L,666142,L,field_out,False,False
775343,2024-10-01,2024,602104,R,666142,L,double,False,False
775343,2024-10-01,2024,656775,L,666142,L,single,False,False
775343,2024-10-01,2024,543510,R,666142,L,strikeout,True,False
775343,2024-10-01,2024,683002,L,666142,L,strikeout,True,False
775343,2024-10-01,2024,664728,L,669203,R,field_out,False,False
775343,2024-10-01,2024,672580,R,669203,R,walk,False,True
775343,2024-10-01,2024,686681,L,669203,R,field_out,False,False
775343,2024-10-01,2024,677951,R,669203,R,single,False,False
775343,2024-10-01,2024,686469,L,669203,R,caught_stealing_2b,False,False
775343,2024-10-01,2024,676059,R,666142,L,field_out,False,False
775343,2024-10-01,2024,623993,R,666142,L,field_out,False,False
775343,2024-10-01,2024,663624,R,666142,L,strikeout,True,False
775343,2024-10-01,2024,686469,L,669203,R,field_out,False,False
775343,2024-10-01,2024,521692,R,669203,R,single,False,False
775343,2024-10-01,2024,493329,R,669203,R,grounded_into_double_play,False,False
775343,2024-10-01,2024,668939,R,669674,L,field_out,False,False
775343,2024-10-01,2024,681297,L,669674,L,field_out,False,False
775343,2024-10-01,2024,602104,R,669674,L,field_out,False,False
775343,2024-10-01,2024,669004,L,669203,R,field_out,False,False
775343,2024-10-01,2024,502054,R,669203,R,field_out,False,False
775343,2024-10-01,2024,664728,L,669203,R,field_out,False,False
775343,2024-10-01,2024,656775,L,663460,L,field_out,False,False
775343,2024-10-01,2024,656896,R,663460,L,field_out,False,False
775343,2024-10-01,2024,683002,L,663460,L,walk,False,True
775343,2024-10-01,2024,676059,R,663460,L,single,False,False
775343,2024-10-01,2024,623993,L,668674,R,field_out,False,False
775343,2024-10-01,2024,672580,R,669203,R,single,False,False
775343,2024-10-01,2024,686681,L,669211,L,field_out,False,False
775343,2024-10-01,2024,677951,R,669211,L,field_out,False,False
775343,2024-10-01,2024,686469,L,669211,L,walk,False,True
775343,2024-10-01,2024,521692,R,622554,R,strikeout,True,False
775343,2024-10-01,2024,656811,L,668674,R,walk,False,True
775343,2024-10-01,2024,668939,L,668674,R,strikeout,True,False
775343,2024-10-01,2024,681297,L,668674,R,field_out,False,False
775343,2024-10-01,2024,677008,L,668674,R,strikeout,True,False
775340,2024-10-01,2024,596019,L,642547,R,strikeout,True,False
775340,2024-10-01,2024,578428,R,642547,R,strikeout,True,False
775340,2024-10-01,2024,607043,L,642547,R,field_out,False,False
775340,2024-10-01,2024,668930,L,622663,R,double,False,False
775340,2024-10-01,2024,694192,R,622663,R,single,False,False
775340,2024-10-01,2024,661388,R,622663,R,single,False,False
775340,2024-10-01,2024,669003,L,622663,R,strikeout,True,False
775340,2024-10-01,2024,642715,R,622663,R,walk,False,True
775340,2024-10-01,2024,641343,L,622663,R,field_out,False,False
775340,2024-10-01,2024,656555,R,622663,R,hit_by_pitch,False,False
775340,2024-10-01,2024,686217,L,622663,R,field_out,False,False
775340,2024-10-01,2024,668901,R,642547,R,single,False,False
775340,2024-10-01,2024,624413,R,642547,R,walk,False,True
775340,2024-10-01,2024,608385,L,642547,R,triple,False,False
775340,2024-10-01,2024,516782,R,642547,R,sac_fly,False,False
775340,2024-10-01,2024,621438,R,642547,R,strikeout,True,False
775340,2024-10-01,2024,682626,R,642547,R,field_out,False,False
775340,2024-10-01,2024,687401,R,622663,R,field_out,False,False
775340,2024-10-01,2024,668930,L,622663,R,double,False,False
775340,2024-10-01,2024,694192,R,622663,R,field_out,False,False
775340,2024-10-01,2024,661388,R,622663,R,field_out,False,False
775340,2024-10-01,2024,596019,L,642547,R,field_out,False,False
775340,2024-10-01,2024,578428,R,642547,R,field_out,False,False
775340,2024-10-01,2024,607043,L,642547,R,strikeout,True,False
775340,2024-10-01,2024,669003,L,622663,R,walk,False,True
775340,2024-10-01,2024,642715,R,622663,R,field_out,False,False
775340,2024-10-01,2024,641343,L,622663,R,single,False,False
775340,2024-10-01,2024,656555,R,622663,R,grounded_into_double_play,False,False
775340,2024-10-01,2024,668901,R,642547,R,strikeout,True,False
775340,2024-10-01,2024,624413,R,642547,R,field_out,False,False
775340,2024-10-01,2024,608385,L,642547,R,field_out,False,False
775340,2024-10-01,2024,686217,L,622663,R,double,False,False
775340,2024-10-01,2024,687401,R,622663,R,strikeout,True,False
775340,2024-10-01,2024,668930,L,622663,R,single,False,False
775340,2024-10-01,2024,694192,R,622663,R,single,False,False
775340,2024-10-01,2024,661388,R,622663,R,field_out,False,False
775340,2024-10-01,2024,669003,L,622663,R,field_out,False,False
775340,2024-10-01,2024,516782,R,606303,R,field_out,False,False
775340,2024-10-01,2024,621438,R,606303,R,double,False,False
775340,2024-10-01,2024,682626,R,606303,R,field_out,False,False
775340,2024-10-01,2024,596019,L,606303,R,walk,False,True
775340,2024-10-01,2024,578428,R,606303,R,single,False,False
775340,2024-10-01,2024,607043,L,676879,L,single,False,False
775340,2024-10-01,2024,668901,R,676879,L,single,False,False
775340,2024-10-01,2024,624413,R,676879,L,intent_walk,False,True
775340,2024-10-01,2024,502110,R,676879,L,single,False,False
775340,2024-10-01,2024,516782,R,676879,L,walk,False,True
775340,2024-10-01,2024,621438,R,683232,R,field_out,False,False
775340,2024-10-01,2024,642715,R,622663,R,field_out,False,False
775340,2024-10-01,2024,641343,L,622663,R,strikeout,True,False
775340,2024-10-01,2024,656555,R,622663,R,field_out,False,False
775340,2024-10-01,2024,682626,R,683232,R,strikeout,True,False
775340,2024-10-01,2024,596019,L,683232,R,field_out,False,False
775340,2024-10-01,2024,578428,R,683232,R,field_out,False,False
775340,2024-10-01,2024,686217,L,622663,R,field_out,False,False
775340,2024-10-01,2024,687401,R,622663,R,field_out,False,False
775340,2024-10-01,2024,668930,L,622663,R,field_out,False,False
775340,2024-10-01,2024,607043,L,650644,R,field_out,False,False
775340,2024-10-01,2024,668901,R,650644,R,field_out,False,False
775340,2024-10-01,2024,624413,R,650644,R,walk,False,True
775340,2024-10-01,2024,502110,R,650644,R,strikeout,True,False
775340,2024-10-01,2024,694192,R,676130,R,field_out,False,False
775340,2024-10-01,2024,661388,R,676130,R,strikeout,True,False
775340,2024-10-01,2024,669003,L,676130,R,field_out,False,False
775340,2024-10-01,2024,516782,R,650644,R,field_out,False,False
775340,2024-10-01,2024,621438,R,650644,R,strikeout,True,False
775340,2024-10-01,2024,682626,R,650644,R,field_out,False,False
775340,2024-10-02,2024,642715,R,676130,R,field_out,False,False
775340,2024-10-02,2024,641343,L,676130,R,strikeout,True,False
775340,2024-10-02,2024,656555,R,676130,R,strikeout,True,False
775340,2024-10-02,2024,596019,L,650644,R,field_out,False,False
775340,2024-10-02,2024,578428,R,650644,R,field_out,False,False
775340,2024-10-02,2024,607043,L,650644,R,field_out,False,False
775340,2024-10-02,2024,686217,L,592773,R,field_out,False,False
775340,2024-10-02,2024,687401,R,592773,R,field_out,False,False
775340,2024-10-02,2024,668930,L,592773,R,strikeout,True,False
775333,2024-10-02,2024,671739,L,650633,R,single,False,False
775333,2024-10-02,2024,645277,R,650633,R,strikeout,True,False
775333,2024-10-02,2024,542303,R,650633,R,strikeout,True,False
775333,2024-10-02,2024,621566,L,650633,R,single,False,False
775333,2024-10-02,2024,624585,R,650633,R,strikeout,True,False
775333,2024-10-02,2024,650333,L,700363,R,single,False,False
775333,2024-10-02,2024,665487,R,700363,R,home_run,False,False
775333,2024-10-02,2024,595777,L,700363,R,strikeout,True,False
775333,2024-10-02,2024,592518,R,700363,R,field_out,False,False
775333,2024-10-02,2024,701538,L,700363,R,single,False,False
775333,2024-10-02,2024,593428,R,700363,R,field_out,False,False
775333,2024-10-02,2024,657656,R,650633,R,field_out,False,False
775333,2024-10-02,2024,518595,R,650633,R,field_out,False,False
775333,2024-10-02,2024,570482,R,650633,R,field_out,False,False
775333,2024-10-02,2024,630105,L,700363,R,hit_by_pitch,False,False
775333,2024-10-02,2024,456781,R,700363,R,single,False,False
775333,2024-10-02,2024,543309,R,700363,R,sac_fly,False,False
775333,2024-10-02,2024,650333,L,607481,L,grounded_into_double_play,False,False
775333,2024-10-02,2024,606115,R,650633,R,field_out,False,False
775333,2024-10-02,2024,671739,L,650633,R,single,False,False
775333,2024-10-02,2024,645277,R,650633,R,strikeout,True,False
775333,2024-10-02,2024,542303,R,650633,R,single,False,False
775333,2024-10-02,2024,621566,L,650633,R,strikeout,True,False
775333,2024-10-02,2024,665487,R,607481,L,walk,False,True
775333,2024-10-02,2024,595777,R,607481,L,field_out,False,False
775333,2024-10-02,2024,592518,R,607481,L,grounded_into_double_play,False,False
775333,2024-10-02,2024,624585,R,650633,R,field_out,False,False
775333,2024-10-02,2024,657656,R,650633,R,strikeout,True,False
775333,2024-10-02,2024,518595,R,650633,R,double,False,False
775333,2024-10-02,2024,570482,R,650633,R,strikeout,True,False
775333,2024-10-02,2024,701538,L,607481,L,field_out,False,False
775333,2024-10-02,2024,593428,R,607481,L,field_out,False,False
775333,2024-10-02,2024,630105,L,607481,L,strikeout,True,False
775333,2024-10-02,2024,606115,R,650633,R,field_out,False,False
775333,2024-10-02,2024,671739,L,650633,R,field_out,False,False
775333,2024-10-02,2024,645277,R,650633,R,strikeout,True,False
775333,2024-10-02,2024,456781,R,445926,R,field_out,False,False
775333,2024-10-02,2024,543309,R,445926,R,field_out,False,False
775333,2024-10-02,2024,650333,L,445926,R,field_out,False,False
775333,2024-10-02,2024,542303,R,650633,R,strikeout,True,False
775333,2024-10-02,2024,621566,L,650633,R,field_out,False,False
775333,2024-10-02,2024,624585,R,650633,R,strikeout,True,False
775333,2024-10-02,2024,665487,R,445926,R,field_out,False,False
775333,2024-10-02,2024,595777,L,445926,R,field_out,False,False
775333,2024-10-02,2024,592518,R,445926,R,strikeout,True,False
775333,2024-10-02,2024,657656,R,650633,R,strikeout,True,False
775333,2024-10-02,2024,518595,R,650633,R,strikeout,True,False
775333,2024-10-02,2024,570482,R,650633,R,field_out,False,False
775333,2024-10-02,2024,701538,L,592426,R,strikeout,True,False
775333,2024-10-02,2024,593428,R,592426,R,field_out,False,False
775333,2024-10-02,2024,630105,L,592426,R,field_out,False,False
775333,2024-10-02,2024,606115,R,592094,R,strikeout,True,False
775333,2024-10-02,2024,671739,L,592094,R,strikeout,True,False
775333,2024-10-02,2024,645277,R,592094,R,single,False,False
775333,2024-10-02,2024,542303,R,592094,R,strikeout,True,False
775333,2024-10-02,2024,456781,R,592426,R,strikeout,True,False
775333,2024-10-02,2024,543309,R,592426,R,home_run,False,False
775333,2024-10-02,2024,650333,L,592426,R,field_out,False,False
775333,2024-10-02,2024,665487,R,592426,R,field_out,False,False
775333,2024-10-02,2024,621566,L,663158,R,field_out,False,False
775333,2024-10-02,2024,624585,R,663158,R,single,False,False
775333,2024-10-02,2024,657656,R,663158,R,force_out,False,False
775333,2024-10-02,2024,518595,R,663158,R,field_out,False,False
775344,2024-10-02,2024,678009,L,686613,R,field_out,False,False
775344,2024-10-02,2024,681481,L,686613,R,field_out,False,False
775344,2024-10-02,2024,663837,R,686613,R,strikeout,True,False
775344,2024-10-02,2024,514888,R,663947,L,field_out,False,False
775344,2024-10-02,2024,663656,L,663947,L,strikeout,True,False
775344,2024-10-02,2024,670541,L,663947,L,field_out,False,False
775344,2024-10-02,2024,682985,L,686613,R,strikeout,True,False
775344,2024-10-02,2024,690993,L,686613,R,strikeout,True,False
775344,2024-10-02,2024,679529,R,686613,R,field_error,False,False
775344,2024-10-02,2024,656716,L,686613,R,double,False,False
775344,2024-10-02,2024,700242,L,686613,R,field_out,False,False
775344,2024-10-02,2024,608324,R,669724,R,single,False,False
775344,2024-10-02,2024,673237,R,669724,R,field_out,False,False
775344,2024-10-02,2024,605170,L,669724,R,field_out,False,False
775344,2024-10-02,2024,665161,R,669724,R,walk,False,True
775344,2024-10-02,2024,518792,L,669724,R,strikeout,True,False
775344,2024-10-02,2024,668670,R,686613,R,field_out,False,False
775344,2024-10-02,2024,678009,L,686613,R,strikeout,True,False
775344,2024-10-02,2024,681481,L,686613,R,strikeout,True,False
775344,2024-10-02,2024,676801,R,669724,R,field_out,False,False
775344,2024-10-02,2024,514888,R,669724,R,strikeout,True,False
775344,2024-10-02,2024,663656,L,676428,L,walk,False,True
775344,2024-10-02,2024,670541,L,676428,L,field_out,False,False
775344,2024-10-02,2024,663837,R,686613,R,strikeout,True,False
775344,2024-10-02,2024,682985,L,686613,R,field_out,False,False
775344,2024-10-02,2024,690993,L,686613,R,field_out,False,False
775344,2024-10-02,2024,608324,R,676428,L,field_out,False,False
775344,2024-10-02,2024,673237,R,676428,L,single,False,False
775344,2024-10-02,2024,605170,R,676428,L,hit_by_pitch,False,False
775344,2024-10-02,2024,665161,R,676428,L,grounded_into_double_play,False,False
775344,2024-10-02,2024,679529,R,686613,R,strikeout,True,False
775344,2024-10-02,2024,656716,L,686613,R,field_out,False,False
775344,2024-10-02,2024,700242,L,686613,R,walk,False,True
775344,2024-10-02,2024,668670,R,686613,R,strikeout,True,False
775344,2024-10-02,2024,643289,R,676428,L,single,False,False
775344,2024-10-02,2024,676801,R,676428,L,force_out,False,False
775344,2024-10-02,2024,514888,R,689225,R,field_out,False,False
775344,2024-10-02,2024,663656,L,689225,R,strikeout,True,False
775344,2024-10-02,2024,678009,L,686613,R,home_run,False,False
775344,2024-10-02,2024,681481,L,686613,R,field_out,False,False
775344,2024-10-02,2024,663837,R,686613,R,strikeout,True,False
775344,2024-10-02,2024,682985,L,686613,R,walk,False,True
775344,2024-10-02,2024,690993,L,650556,R,walk,False,True
775344,2024-10-02,2024,679529,R,650556,R,strikeout,True,False
775344,2024-10-02,2024,670541,L,689225,R,walk,False,True
775344,2024-10-02,2024,608324,R,689225,R,field_out,False,False
775344,2024-10-02,2024,673237,R,689225,R,grounded_into_double_play,False,False
775344,2024-10-02,2024,656716,L,650556,R,field_out,False,False
775344,2024-10-02,2024,700242,L,650556,R,field_out,False,False
775344,2024-10-02,2024,668670,R,650556,R,strikeout,True,False
775344,2024-10-02,2024,605170,L,695549,R,hit_by_pitch,False,False
775344,2024-10-02,2024,665161,R,695549,R,single,False,False
775344,2024-10-02,2024,643289,R,695549,R,single,False,False
775344,2024-10-02,2024,572138,L,695549,R,fielders_choice,False,False
775344,2024-10-02,2024,514888,R,695549,R,sac_fly,False,False
775344,2024-10-02,2024,663656,L,674944,L,grounded_into_double_play,False,False
775344,2024-10-02,2024,678009,L,519151,R,strikeout,True,False
775344,2024-10-02,2024,681481,L,519151,R,single,False,False
775344,2024-10-02,2024,663837,R,519151,R,single,False,False
775344,2024-10-02,2024,682985,L,519151,R,strikeout,True,False
775344,2024-10-02,2024,690993,L,519151,R,walk,False,True
775344,2024-10-02,2024,679529,R,623352,L,walk,False,True
775344,2024-10-02,2024,628451,R,623352,L,double,False,False
775344,2024-10-02,2024,700242,L,623352,L,field_out,False,False
775344,2024-10-02,2024,670541,L,674944,L,field_out,False,False
775344,2024-10-02,2024,608324,R,674944,L,field_out,False,False
775344,2024-10-02,2024,673237,R,674944,L,field_out,False,False
775344,2024-10-02,2024,668670,R,623352,L,single,False,False
775344,2024-10-02,2024,678009,L,623352,L,force_out,False,False
775344,2024-10-02,2024,669234,R,623352,L,single,False,False
775344,2024-10-02,2024,663837,R,623352,L,walk,False,True
775344,2024-10-02,2024,682985,L,623352,L,field_out,False,False
775344,2024-10-02,2024,605170,L,676684,R,strikeout,True,False
775344,2024-10-02,2024,665161,R,676684,R,field_out,False,False
775344,2024-10-02,2024,643289,R,676684,R,field_out,False,False
775341,2024-10-02,2024,686681,L,621107,R,double,False,False
775341,2024-10-02,2024,677951,R,621107,R,field_out,False,False
775341,2024-10-02,2024,686469,L,621107,R,single,False,False
775341,2024-10-02,2024,521692,R,621107,R,strikeout,True,False
775341,2024-10-02,2024,493329,R,621107,R,field_out,False,False
775341,2024-10-02,2024,683002,L,607625,R,field_out,False,False
775341,2024-10-02,2024,676059,R,607625,R,hit_by_pitch,False,False
775341,2024-10-02,2024,623993,L,607625,R,strikeout,True,False
775341,2024-10-02,2024,681297,L,607625,R,strikeout,True,False
775341,2024-10-02,2024,669004,L,621107,R,strikeout,True,False
775341,2024-10-02,2024,592669,R,621107,R,walk,False,True
775341,2024-10-02,2024,664728,L,621107,R,force_out,False,False
775341,2024-10-02,2024,672580,R,621107,R,field_out,False,False
775341,2024-10-02,2024,668939,L,607625,R,field_out,False,False
775341,2024-10-02,2024,656811,L,607625,R,single,False,False
775341,2024-10-02,2024,663624,R,607625,R,strikeout,True,False
775341,2024-10-02,2024,656775,L,607625,R,strikeout,True,False
775341,2024-10-02,2024,686681,L,621107,R,field_out,False,False
775341,2024-10-02,2024,677951,R,621107,R,single,False,False
775341,2024-10-02,2024,686469,L,621107,R,strikeout,True,False
775341,2024-10-02,2024,521692,R,621107,R,single,False,False
775341,2024-10-02,2024,493329,R,621107,R,field_out,False,False
775341,2024-10-02,2024,602104,R,607625,R,field_out,False,False
775341,2024-10-02,2024,683002,L,607625,R,strikeout,True,False
775341,2024-10-02,2024,676059,R,607625,R,field_out,False,False
775341,2024-10-02,2024,669004,L,621107,R,field_out,False,False
775341,2024-10-02,2024,592669,R,621107,R,field_out,False,False
775341,2024-10-02,2024,664728,L,621107,R,hit_by_pitch,False,False
775341,2024-10-02,2024,672580,R,621107,R,field_out,False,False
775341,2024-10-02,2024,623993,L,607625,R,single,False,False
775341,2024-10-02,2024,681297,L,607625,R,strikeout,True,False
775341,2024-10-02,2024,668939,L,607625,R,single,False,False
775341,2024-10-02,2024,656811,L,607625,R,field_out,False,False
775341,2024-10-02,2024,663624,R,607625,R,field_out,False,False
775341,2024-10-02,2024,686681,L,543056,L,strikeout,True,False
775341,2024-10-02,2024,677951,R,543056,L,field_out,False,False
775341,2024-10-02,2024,686469,L,543056,L,single,False,False
775341,2024-10-02,2024,521692,R,657097,R,hit_by_pitch,False,False
775341,2024-10-02,2024,493329,R,657097,R,walk,False,True
775341,2024-10-02,2024,669004,L,657097,R,strikeout,True,False
775341,2024-10-02,2024,656775,L,607625,R,home_run,False,False
775341,2024-10-02,2024,602104,R,607625,R,single,False,False
775341,2024-10-02,2024,683002,L,607625,R,walk,False,True
775341,2024-10-02,2024,676059,R,607625,R,field_error,False,False
775341,2024-10-02,2024,623993,L,607625,R,field_out,False,False
775341,2024-10-02,2024,681297,L,672582,L,strikeout,True,False
775341,2024-10-02,2024,668939,R,672582,L,field_out,False,False
775341,2024-10-02,2024,592669,R,657097,R,strikeout,True,False
775341,2024-10-02,2024,664728,L,672335,L,single,False,False
775341,2024-10-02,2024,672580,R,672335,L,strikeout,True,False
775341,2024-10-02,2024,686681,L,672335,L,single,False,False
775341,2024-10-02,2024,677951,R,666974,R,single,False,False
775341,2024-10-02,2024,686469,L,666974,R,walk,False,True
775341,2024-10-02,2024,521692,R,666974,R,strikeout,True,False
775341,2024-10-02,2024,596103,R,672582,L,strikeout,True,False
775341,2024-10-02,2024,663624,R,670167,R,strikeout,True,False
775341,2024-10-02,2024,656775,L,670167,R,field_out,False,False
775341,2024-10-02,2024,493329,R,666974,R,field_out,False,False
775341,2024-10-02,2024,669004,L,666974,R,single,False,False
775341,2024-10-02,2024,592669,R,666974,R,field_out,False,False
775341,2024-10-02,2024,602104,R,670167,R,strikeout,True,False
775341,2024-10-02,2024,683002,L,669674,L,strikeout,True,False
775341,2024-10-02,2024,676059,R,669674,L,walk,False,True
775341,2024-10-02,2024,623993,R,669674,L,field_out,False,False
775341,2024-10-02,2024,664728,L,642397,L,walk,False,True
775341,2024-10-02,2024,672580,R,642397,L,strikeout,True,False
775341,2024-10-02,2024,502054,R,642397,L,force_out,False,False
775341,2024-10-02,2024,677951,R,622554,R,strikeout,True,False
775341,2024-10-02,2024,677008,L,663460,L,field_out,False,False
775341,2024-10-02,2024,668939,R,663460,L,field_out,False,False
775341,2024-10-02,2024,596103,R,663460,L,single,False,False
775341,2024-10-02,2024,663624,R,663460,L,force_out,False,False
775341,2024-10-02,2024,686469,L,622554,R,field_out,False,False
775341,2024-10-02,2024,521692,R,622554,R,field_out,False,False
775341,2024-10-02,2024,493329,R,622554,R,field_out,False,False
775341,2024-10-02,2024,656775,L,668674,R,field_out,False,False
775341,2024-10-02,2024,602104,R,668674,R,field_out,False,False
775341,2024-10-02,2024,683002,L,668674,R,strikeout,True,False
775339,2024-10-02,2024,596019,L,593423,R,walk,False,True
775339,2024-10-02,2024,578428,R,593423,R,force_out,False,False
775339,2024-10-02,2024,668901,R,593423,R,single,False,False
775339,2024-10-02,2024,607043,L,593423,R,single,False,False
775339,2024-10-02,2024,624413,R,593423,R,grounded_into_double_play,False,False
775339,2024-10-02,2024,694192,R,640455,L,home_run,False,False
775339,2024-10-02,2024,663368,R,640455,L,field_out,False,False
775339,2024-10-02,2024,661388,R,640455,L,single,False,False
775339,2024-10-02,2024,642715,R,640455,L,strikeout,True,False
775339,2024-10-02,2024,596142,R,640455,L,strikeout,True,False
775339,2024-10-03,2024,502110,R,593423,R,strikeout,True,False
775339,2024-10-03,2024,516782,R,593423,R,field_error,False,False
775339,2024-10-03,2024,621438,R,593423,R,single,False,False
775339,2024-10-03,2024,682626,R,593423,R,single,False,False
775339,2024-10-03,2024,596019,L,593423,R,sac_fly,False,False
775339,2024-10-03,2024,578428,R,593423,R,single,False,False
775339,2024-10-03,2024,668901,R,593423,R,field_out,False,False
775339,2024-10-03,2024,656555,R,640455,L,field_out,False,False
775339,2024-10-03,2024,686217,L,640455,L,field_out,False,False
775339,2024-10-03,2024,687401,R,640455,L,field_out,False,False
775339,2024-10-03,2024,607043,L,593423,R,field_out,False,False
775339,2024-10-03,2024,624413,R,593423,R,field_out,False,False
775339,2024-10-03,2024,502110,R,593423,R,field_out,False,False
775339,2024-10-03,2024,668930,L,640455,L,single,False,False
775339,2024-10-03,2024,694192,R,640455,L,strikeout,True,False
775339,2024-10-03,2024,663368,R,640455,L,single,False,False
775339,2024-10-03,2024,661388,R,640455,L,strikeout,True,False
775339,2024-10-03,2024,642715,R,640455,L,field_out,False,False
775339,2024-10-03,2024,516782,R,593423,R,single,False,False
775339,2024-10-03,2024,621438,R,593423,R,strikeout,True,False
775339,2024-10-03,2024,682626,R,593423,R,strikeout,True,False
775339,2024-10-03,2024,596019,L,656730,R,field_out,False,False
775339,2024-10-03,2024,596142,R,640455,L,field_out,False,False
775339,2024-10-03,2024,656555,R,640455,L,field_out,False,False
775339,2024-10-03,2024,686217,L,640455,L,single,False,False
775339,2024-10-03,2024,687401,R,640455,L,field_out,False,False
775339,2024-10-03,2024,578428,R,656730,R,strikeout,True,False
775339,2024-10-03,2024,668901,R,656730,R,strikeout,True,False
775339,2024-10-03,2024,607043,L,656730,R,hit_by_pitch,False,False
775339,2024-10-03,2024,624413,R,656730,R,strikeout,True,False
775339,2024-10-03,2024,668930,L,640455,L,double,False,False
775339,2024-10-03,2024,694192,R,640455,L,field_out,False,False
775339,2024-10-03,2024,663368,R,640455,L,sac_fly,False,False
775339,2024-10-03,2024,661388,R,640455,L,field_out,False,False
775339,2024-10-03,2024,502110,R,606303,R,walk,False,True
775339,2024-10-03,2024,516782,R,606303,R,single,False,False
775339,2024-10-03,2024,621438,R,606303,R,field_out,False,False
775339,2024-10-03,2024,682626,R,606303,R,field_out,False,False
775339,2024-10-03,2024,596019,L,606303,R,intent_walk,False,True
775339,2024-10-03,2024,578428,R,606303,R,strikeout,True,False
775339,2024-10-03,2024,642715,R,657585,R,field_out,False,False
775339,2024-10-03,2024,596142,R,657585,R,single,False,False
775339,2024-10-03,2024,656555,R,657585,R,strikeout,True,False
775339,2024-10-03,2024,668901,R,657649,L,field_out,False,False
775339,2024-10-03,2024,607043,L,657649,L,field_out,False,False
775339,2024-10-03,2024,624413,R,657649,L,single,False,False
775339,2024-10-03,2024,502110,R,605452,R,field_out,False,False
775339,2024-10-03,2024,686217,L,592773,R,field_out,False,False
775339,2024-10-03,2024,687401,R,592773,R,field_out,False,False
775339,2024-10-03,2024,668930,L,592773,R,field_out,False,False
775339,2024-10-03,2024,516782,R,605452,R,walk,False,True
775339,2024-10-03,2024,621438,R,605452,R,field_out,False,False
775339,2024-10-03,2024,682626,R,605452,R,grounded_into_double_play,False,False
775339,2024-10-03,2024,694192,R,664208,R,home_run,False,False
775339,2024-10-03,2024,663368,L,664208,R,single,False,False
775339,2024-10-03,2024,661388,R,664208,R,grounded_into_double_play,False,False
775339,2024-10-03,2024,642715,R,664208,R,single,False,False
775339,2024-10-03,2024,669003,L,664208,R,home_run,False,False
775339,2024-10-03,2024,656555,R,664208,R,field_out,False,False
775339,2024-10-03,2024,596019,L,642207,R,field_out,False,False
775339,2024-10-03,2024,578428,R,642207,R,field_out,False,False
775339,2024-10-03,2024,608385,L,642207,R,field_out,False,False
775336,2024-10-03,2024,671739,L,605397,R,double,False,False
775336,2024-10-03,2024,645277,R,605397,R,field_out,False,False
775336,2024-10-03,2024,542303,R,605397,R,sac_fly,False,False
775336,2024-10-03,2024,621566,L,605397,R,field_out,False,False
775336,2024-10-03,2024,650333,L,608331,L,single,False,False
775336,2024-10-03,2024,665487,R,608331,L,single,False,False
775336,2024-10-03,2024,595777,R,608331,L,fielders_choice,False,False
775336,2024-10-03,2024,592518,R,608331,L,strikeout,True,False
775336,2024-10-03,2024,701538,L,608331,L,force_out,False,False
775336,2024-10-03,2024,593428,R,608331,L,force_out,False,False
775336,2024-10-03,2024,624585,R,605397,R,field_out,False,False
775336,2024-10-03,2024,657656,R,605397,R,strikeout,True,False
775336,2024-10-03,2024,570482,R,605397,R,field_out,False,False
775336,2024-10-03,2024,456781,R,608331,L,field_out,False,False
775336,2024-10-03,2024,630105,L,608331,L,strikeout,True,False
775336,2024-10-03,2024,543309,R,608331,L,home_run,False,False
775336,2024-10-03,2024,650333,L,608331,L,single,False,False
775336,2024-10-03,2024,665487,R,608331,L,single,False,False
775336,2024-10-03,2024,595777,R,608331,L,single,False,False
775336,2024-10-03,2024,592518,R,608331,L,double,False,False
775336,2024-10-03,2024,701538,L,608331,L,triple,False,False
775336,2024-10-03,2024,593428,R,608331,L,field_out,False,False
775336,2024-10-03,2024,669221,R,605397,R,strikeout,True,False
775336,2024-10-03,2024,606115,R,605397,R,strikeout,True,False
775336,2024-10-03,2024,671739,L,605397,R,field_out,False,False
775336,2024-10-03,2024,456781,R,669276,L,field_out,False,False
775336,2024-10-03,2024,630105,L,669276,L,field_out,False,False
775336,2024-10-03,2024,543309,R,669276,L,field_out,False,False
775336,2024-10-03,2024,645277,R,605397,R,strikeout,True,False
775336,2024-10-03,2024,542303,R,605397,R,field_out,False,False
775336,2024-10-03,2024,621566,L,663773,R,field_out,False,False
775336,2024-10-03,2024,650333,L,669276,L,field_out,False,False
775336,2024-10-03,2024,665487,R,669276,L,single,False,False
775336,2024-10-03,2024,595777,R,669276,L,field_out,False,False
775336,2024-10-03,2024,592518,R,678226,R,strikeout,True,False
775336,2024-10-03,2024,624585,R,663773,R,home_run,False,False
775336,2024-10-03,2024,657656,R,663773,R,field_out,False,False
775336,2024-10-03,2024,570482,R,663773,R,strikeout,True,False
775336,2024-10-03,2024,669221,R,663773,R,field_out,False,False
775336,2024-10-03,2024,701538,L,678226,R,double,False,False
775336,2024-10-03,2024,593428,R,678226,R,field_out,False,False
775336,2024-10-03,2024,456781,R,678226,R,strikeout,True,False
775336,2024-10-03,2024,630105,L,678226,R,strikeout,True,False
775336,2024-10-03,2024,606115,R,669093,R,field_out,False,False
775336,2024-10-03,2024,671739,L,669093,R,single,False,False
775336,2024-10-03,2024,645277,R,669093,R,force_out,False,False
775336,2024-10-03,2024,542303,R,669093,R,single,False,False
775336,2024-10-03,2024,621566,L,656945,L,field_out,False,False
775336,2024-10-03,2024,543309,R,678226,R,field_out,False,False
775336,2024-10-03,2024,650333,L,678226,R,field_out,False,False
775336,2024-10-03,2024,665487,R,678226,R,walk,False,True
775336,2024-10-03,2024,595777,L,678226,R,field_out,False,False
775336,2024-10-03,2024,624585,R,656945,L,walk,False,True
775336,2024-10-03,2024,657656,R,656945,L,strikeout,True,False
775336,2024-10-03,2024,570482,R,656945,L,field_out,False,False
775336,2024-10-03,2024,669221,R,656945,L,strikeout,True,False
775336,2024-10-03,2024,592518,R,572955,R,field_out,False,False
775336,2024-10-03,2024,701538,L,572955,R,field_out,False,False
775336,2024-10-03,2024,593428,R,572955,R,field_out,False,False
775336,2024-10-03,2024,606115,R,592094,R,single,False,False
775336,2024-10-03,2024,671739,L,592094,R,home_run,False,False
775336,2024-10-03,2024,645277,R,592094,R,field_out,False,False
775336,2024-10-03,2024,542303,R,592094,R,strikeout,True,False
775336,2024-10-03,2024,621566,L,592094,R,field_out,False,False
775336,2024-10-03,2024,456781,R,641729,R,field_out,False,False
775336,2024-10-03,2024,630105,L,641729,R,strikeout,True,False
775336,2024-10-03,2024,543309,R,641729,R,walk,False,True
775336,2024-10-03,2024,650333,L,641729,R,field_out,False,False
775336,2024-10-03,2024,624585,R,663158,R,field_out,False,False
775336,2024-10-03,2024,657656,R,663158,R,field_out,False,False
775336,2024-10-03,2024,518595,R,663158,R,field_out,False,False
775337,2024-10-03,2024,596019,L,668964,R,double,False,False
775337,2024-10-03,2024,668901,R,668964,R,strikeout,True,False
775337,2024-10-03,2024,607043,L,668964,R,strikeout,True,False
775337,2024-10-03,2024,624413,R,668964,R,field_out,False,False
775337,2024-10-03,2024,694192,R,500779,L,single,False,False
775337,2024-10-03,2024,663368,R,500779,L,strikeout,True,False
775337,2024-10-03,2024,661388,R,500779,L,field_out,False,False
775337,2024-10-03,2024,642715,R,500779,L,field_out,False,False
775337,2024-10-03,2024,578428,R,668964,R,field_out,False,False
775337,2024-10-03,2024,608385,L,668964,R,field_out,False,False
775337,2024-10-03,2024,516782,R,668964,R,field_out,False,False
775337,2024-10-03,2024,596142,R,500779,L,double,False,False
775337,2024-10-03,2024,656555,R,500779,L,strikeout,True,False
775337,2024-10-03,2024,686217,L,500779,L,strikeout,True,False
775337,2024-10-03,2024,687401,R,500779,L,field_out,False,False
775337,2024-10-03,2024,621438,R,668964,R,field_out,False,False
775337,2024-10-03,2024,682626,R,668964,R,strikeout,True,False
775337,2024-10-03,2024,596019,L,668964,R,single,False,False
775337,2024-10-03,2024,668901,R,668964,R,field_out,False,False
775337,2024-10-03,2024,668930,L,500779,L,field_out,False,False
775337,2024-10-03,2024,694192,R,500779,L,field_out,False,False
775337,2024-10-03,2024,663368,R,500779,L,single,False,False
775337,2024-10-03,2024,661388,R,500779,L,field_out,False,False
775337,2024-10-04,2024,607043,L,668964,R,field_out,False,False
775337,2024-10-04,2024,624413,R,668964,R,field_out,False,False
775337,2024-10-04,2024,578428,R,668964,R,field_out,False,False
775337,2024-10-04,2024,642715,R,500779,L,single,False,False
775337,2024-10-04,2024,596142,R,500779,L,field_out,False,False
775337,2024-10-04,2024,656555,R,500779,L,field_out,False,False
775337,2024-10-04,2024,686217,L,500779,L,field_out,False,False
775337,2024-10-04,2024,608385,L,668964,R,hit_by_pitch,False,False
775337,2024-10-04,2024,516782,R,668964,R,strikeout,True,False
775337,2024-10-04,2024,621438,R,668964,R,strikeout,True,False
775337,2024-10-04,2024,682626,R,668964,R,field_out,False,False
775337,2024-10-04,2024,687401,R,500779,L,field_out,False,False
775337,2024-10-04,2024,668930,L,500779,L,field_out,False,False
775337,2024-10-04,2024,694192,R,500779,L,walk,False,True
775337,2024-10-04,2024,663368,R,500779,L,field_out,False,False
775337,2024-10-04,2024,596019,L,656730,R,field_out,False,False
775337,2024-10-04,2024,668901,R,656730,R,strikeout,True,False
775337,2024-10-04,2024,607043,L,656730,R,field_out,False,False
775337,2024-10-04,2024,661388,R,500779,L,field_out,False,False
775337,2024-10-04,2024,642715,R,500779,L,strikeout,True,False
775337,2024-10-04,2024,596142,R,500779,L,strikeout,True,False
775337,2024-10-04,2024,624413,R,683232,R,strikeout,True,False
775337,2024-10-04,2024,578428,R,683232,R,field_out,False,False
775337,2024-10-04,2024,608385,L,683232,R,strikeout,True,False
775337,2024-10-04,2024,641343,L,676130,R,home_run,False,False
775337,2024-10-04,2024,686217,L,676130,R,home_run,False,False
775337,2024-10-04,2024,687401,R,676130,R,field_out,False,False
775337,2024-10-04,2024,668930,L,621242,R,walk,False,True
775337,2024-10-04,2024,694192,R,621242,R,field_out,False,False
775337,2024-10-04,2024,663368,L,621242,R,walk,False,True
775337,2024-10-04,2024,661388,R,621242,R,strikeout,True,False
775337,2024-10-04,2024,516782,R,642547,R,field_out,False,False
775337,2024-10-04,2024,621438,R,642547,R,field_out,False,False
775337,2024-10-04,2024,682626,R,642547,R,field_out,False,False
775337,2024-10-04,2024,642715,R,621242,R,strikeout,True,False
775337,2024-10-04,2024,596142,R,621242,R,field_out,False,False
775337,2024-10-04,2024,641343,L,621242,R,strikeout,True,False
775337,2024-10-04,2024,596019,L,642207,R,walk,False,True
775337,2024-10-04,2024,668901,R,642207,R,strikeout,True,False
775337,2024-10-04,2024,607043,L,642207,R,single,False,False
775337,2024-10-04,2024,624413,R,642207,R,home_run,False,False
775337,2024-10-04,2024,578428,R,642207,R,field_out,False,False
775337,2024-10-04,2024,608385,L,642207,R,hit_by_pitch,False,False
775337,2024-10-04,2024,516782,R,642207,R,single,False,False
775337,2024-10-04,2024,621438,R,605452,R,field_out,False,False
775337,2024-10-04,2024,686217,L,656849,L,single,False,False
775337,2024-10-04,2024,687401,R,656849,L,strikeout,True,False
775337,2024-10-04,2024,668930,L,656849,L,grounded_into_double_play,False,False
775334,2024-10-05,2024,686681,L,543037,R,field_out,False,False
775334,2024-10-05,2024,677951,R,543037,R,field_out,False,False
775334,2024-10-05,2024,686469,L,543037,R,field_out,False,False
775334,2024-10-05,2024,650402,R,608379,R,walk,False,True
775334,2024-10-05,2024,665742,L,608379,R,double,False,False
775334,2024-10-05,2024,592450,R,608379,R,strikeout,True,False
775334,2024-10-05,2024,669224,L,608379,R,fielders_choice_out,False,False
775334,2024-10-05,2024,519317,R,608379,R,strikeout,True,False
775334,2024-10-05,2024,521692,R,543037,R,single,False,False
775334,2024-10-05,2024,493329,R,543037,R,walk,False,True
775334,2024-10-05,2024,669004,L,543037,R,single,False,False
775334,2024-10-05,2024,502054,R,543037,R,sac_fly,False,False
775334,2024-10-05,2024,664728,L,543037,R,strikeout,True,False
775334,2024-10-05,2024,665862,L,608379,R,field_out,False,False
775334,2024-10-05,2024,683011,R,608379,R,field_out,False,False
775334,2024-10-05,2024,665828,L,608379,R,strikeout,True,False
775334,2024-10-05,2024,672580,R,543037,R,field_out,False,False
775334,2024-10-05,2024,686681,L,543037,R,single,False,False
775334,2024-10-05,2024,677951,R,543037,R,field_out,False,False
775334,2024-10-05,2024,686469,L,543037,R,strikeout,True,False
775334,2024-10-05,2024,657077,L,608379,R,single,False,False
775334,2024-10-05,2024,650402,R,608379,R,home_run,False,False
775334,2024-10-05,2024,665742,L,608379,R,field_out,False,False
775334,2024-10-05,2024,592450,R,608379,R,field_out,False,False
775334,2024-10-05,2024,669224,L,608379,R,field_out,False,False
775334,2024-10-05,2024,521692,R,543037,R,field_out,False,False
775334,2024-10-05,2024,493329,R,543037,R,walk,False,True
775334,2024-10-05,2024,669004,L,543037,R,home_run,False,False
775334,2024-10-05,2024,502054,R,543037,R,single,False,False
775334,2024-10-05,2024,664728,L,543037,R,strikeout,True,False
775334,2024-10-05,2024,672580,R,543037,R,single,False,False
775334,2024-10-05,2024,686681,L,543037,R,field_out,False,False
775334,2024-10-05,2024,519317,R,608379,R,walk,False,True
775334,2024-10-05,2024,665862,L,608379,R,field_out,False,False
775334,2024-10-05,2024,683011,R,608379,R,field_out,False,False
775334,2024-10-05,2024,665828,L,608379,R,double,False,False
775334,2024-10-05,2024,657077,L,608379,R,field_out,False,False
775334,2024-10-05,2024,677951,R,543037,R,field_out,False,False
775334,2024-10-05,2024,686469,L,543037,R,strikeout,True,False
775334,2024-10-05,2024,521692,R,543037,R,field_out,False,False
775334,2024-10-06,2024,650402,R,608379,R,walk,False,True
775334,2024-10-06,2024,665742,L,672582,L,single,False,False
775334,2024-10-06,2024,592450,R,672582,L,walk,False,True
775334,2024-10-06,2024,669224,L,672582,L,walk,False,True
775334,2024-10-06,2024,519317,R,670167,R,field_out,False,False
775334,2024-10-06,2024,665862,L,670167,R,force_out,False,False
775334,2024-10-06,2024,683011,R,670167,R,walk,False,True
775334,2024-10-06,2024,665828,L,670167,R,strikeout,True,False
775334,2024-10-06,2024,493329,R,543037,R,single,False,False
775334,2024-10-06,2024,669004,L,657612,L,field_out,False,False
775334,2024-10-06,2024,502054,R,657612,L,fielders_choice,False,False
775334,2024-10-06,2024,641658,R,657612,L,single,False,False
775334,2024-10-06,2024,672580,R,605280,R,field_out,False,False
775334,2024-10-06,2024,686681,L,605280,R,single,False,False
775334,2024-10-06,2024,677951,R,605280,R,field_out,False,False
775334,2024-10-06,2024,657077,L,669674,L,walk,False,True
775334,2024-10-06,2024,650402,R,669674,L,strikeout,True,False
775334,2024-10-06,2024,665742,L,669674,L,single,False,False
775334,2024-10-06,2024,592450,R,547179,R,strikeout,True,False
775334,2024-10-06,2024,669224,L,547179,R,single,False,False
775334,2024-10-06,2024,519317,R,547179,R,field_out,False,False
775334,2024-10-06,2024,686469,L,605280,R,field_out,False,False
775334,2024-10-06,2024,521692,R,605280,R,field_out,False,False
775334,2024-10-06,2024,493329,R,605280,R,field_out,False,False
775334,2024-10-06,2024,665862,L,547179,R,single,False,False
775334,2024-10-06,2024,683011,R,547179,R,strikeout,True,False
775334,2024-10-06,2024,665828,L,547179,R,strikeout,True,False
775334,2024-10-06,2024,657077,L,547179,R,single,False,False
775334,2024-10-06,2024,650402,R,668674,R,field_out,False,False
775334,2024-10-06,2024,669004,L,592454,R,field_out,False,False
775334,2024-10-06,2024,502054,R,592454,R,field_out,False,False
775334,2024-10-06,2024,641658,R,592454,R,walk,False,True
775334,2024-10-06,2024,672580,R,596133,R,strikeout,True,False
775334,2024-10-06,2024,665742,L,668674,R,strikeout,True,False
775334,2024-10-06,2024,592450,R,668674,R,strikeout,True,False
775334,2024-10-06,2024,669224,L,668674,R,walk,False,True
775334,2024-10-06,2024,519317,R,668674,R,strikeout,True,False
775334,2024-10-06,2024,686681,L,596133,R,strikeout,True,False
775334,2024-10-06,2024,677951,R,596133,R,strikeout,True,False
775334,2024-10-06,2024,686469,L,596133,R,field_out,False,False
775324,2024-10-05,2024,678009,L,676440,R,strikeout,True,False
775324,2024-10-05,2024,681481,L,676440,R,single,False,False
775324,2024-10-05,2024,663837,R,676440,R,field_out,False,False
775324,2024-10-05,2024,682985,L,676440,R,hit_by_pitch,False,False
775324,2024-10-05,2024,690993,L,676440,R,field_out,False,False
775324,2024-10-05,2024,680757,L,663947,L,double,False,False
775324,2024-10-05,2024,681807,R,663947,L,walk,False,True
775324,2024-10-05,2024,608070,R,663947,L,double,False,False
775324,2024-10-05,2024,647304,L,663947,L,single,False,False
775324,2024-10-05,2024,657041,R,681857,R,home_run,False,False
775324,2024-10-05,2024,665926,L,681857,R,single,False,False
775324,2024-10-05,2024,678877,R,681857,R,field_out,False,False
775324,2024-10-05,2024,666310,L,681857,R,field_out,False,False
775324,2024-10-05,2024,677587,L,681857,R,field_out,False,False
775324,2024-10-05,2024,679529,R,676440,R,strikeout,True,False
775324,2024-10-05,2024,656716,L,676440,R,double,False,False
775324,2024-10-05,2024,700242,L,676440,R,strikeout,True,False
775324,2024-10-05,2024,668670,R,676440,R,strikeout,True,False
775324,2024-10-05,2024,680757,L,681857,R,walk,False,True
775324,2024-10-05,2024,681807,R,681857,R,single,False,False
775324,2024-10-05,2024,608070,L,681857,R,field_out,False,False
775324,2024-10-05,2024,647304,L,681857,R,strikeout,True,False
775324,2024-10-05,2024,657041,R,681857,R,strikeout,True,False
775324,2024-10-05,2024,678009,L,676440,R,field_out,False,False
775324,2024-10-05,2024,681481,L,676440,R,strikeout,True,False
775324,2024-10-05,2024,663837,R,676440,R,field_out,False,False
775324,2024-10-05,2024,665926,L,681857,R,hit_by_pitch,False,False
775324,2024-10-05,2024,678877,R,681857,R,strikeout,True,False
775324,2024-10-05,2024,666310,L,681857,R,strikeout,True,False
775324,2024-10-05,2024,677587,L,681857,R,field_out,False,False
775324,2024-10-05,2024,682985,L,676440,R,single,False,False
775324,2024-10-05,2024,690993,L,676440,R,walk,False,True
775324,2024-10-05,2024,679529,R,676440,R,grounded_into_double_play,False,False
775324,2024-10-05,2024,656716,L,676440,R,field_out,False,False
775324,2024-10-05,2024,680757,L,681857,R,field_out,False,False
775324,2024-10-05,2024,681807,R,681857,R,field_out,False,False
775324,2024-10-05,2024,608070,L,681857,R,field_out,False,False
775324,2024-10-05,2024,700242,L,676440,R,field_out,False,False
775324,2024-10-05,2024,668670,R,676440,R,strikeout,True,False
775324,2024-10-05,2024,678009,L,676440,R,single,False,False
775324,2024-10-05,2024,681481,L,671922,R,strikeout,True,False
775324,2024-10-05,2024,647304,L,681857,R,field_out,False,False
775324,2024-10-05,2024,657041,R,681857,R,field_out,False,False
775324,2024-10-05,2024,665926,L,681857,R,field_out,False,False
775324,2024-10-05,2024,663837,R,671922,R,strikeout,True,False
775324,2024-10-05,2024,682985,L,671922,R,strikeout,True,False
775324,2024-10-05,2024,690993,L,671922,R,strikeout,True,False
775324,2024-10-05,2024,678877,R,680744,R,walk,False,True
775324,2024-10-05,2024,666310,L,680744,R,field_out,False,False
775324,2024-10-05,2024,677587,L,680744,R,strikeout,True,False
775324,2024-10-05,2024,680757,L,680744,R,walk,False,True
775324,2024-10-05,2024,681807,R,680744,R,double,False,False
775324,2024-10-05,2024,608070,L,680744,R,intent_walk,False,True
775324,2024-10-05,2024,647304,L,674944,L,field_out,False,False
775324,2024-10-05,2024,679529,R,682120,L,strikeout,True,False
775324,2024-10-05,2024,628451,R,682120,L,field_out,False,False
775324,2024-10-05,2024,700242,L,682120,L,strikeout,True,False
775324,2024-10-05,2024,657041,R,672456,R,field_out,False,False
775324,2024-10-05,2024,665926,L,672456,R,strikeout,True,False
775324,2024-10-05,2024,678877,R,672456,R,strikeout,True,False
775324,2024-10-05,2024,668670,R,682120,L,walk,False,True
775324,2024-10-05,2024,672761,L,683769,R,field_out,False,False
775324,2024-10-05,2024,681481,L,683769,R,grounded_into_double_play,False,False
775324,2024-10-05,2024,666310,L,672456,R,field_out,False,False
775324,2024-10-05,2024,677587,L,672456,R,double,False,False
775324,2024-10-05,2024,680757,L,672456,R,field_out,False,False
775324,2024-10-05,2024,700932,L,672456,R,strikeout,True,False
775324,2024-10-05,2024,663837,R,661403,R,strikeout,True,False
775324,2024-10-05,2024,682985,L,661403,R,field_out,False,False
775324,2024-10-05,2024,690993,L,661403,R,field_out,False,False
775318,2024-10-05,2024,596019,L,554430,R,field_out,False,False
775318,2024-10-05,2024,668901,R,554430,R,strikeout,True,False
775318,2024-10-05,2024,607043,L,554430,R,strikeout,True,False
775318,2024-10-05,2024,656941,L,673540,R,home_run,False,False
775318,2024-10-05,2024,607208,R,673540,R,strikeout,True,False
775318,2024-10-05,2024,547180,L,673540,R,walk,False,True
775318,2024-10-05,2024,592206,R,673540,R,strikeout,True,False
775318,2024-10-05,2024,664761,R,673540,R,field_out,False,False
775318,2024-10-05,2024,624413,R,554430,R,strikeout,True,False
775318,2024-10-05,2024,578428,R,554430,R,field_out,False,False
775318,2024-10-05,2024,608385,L,554430,R,walk,False,True
775318,2024-10-05,2024,516782,R,554430,R,field_out,False,False
775318,2024-10-05,2024,681082,L,673540,R,field_out,False,False
775318,2024-10-05,2024,592663,R,673540,R,strikeout,True,False
775318,2024-10-05,2024,669016,L,673540,R,field_out,False,False
775318,2024-10-05,2024,621438,R,554430,R,strikeout,True,False
775318,2024-10-05,2024,682626,R,554430,R,field_out,False,False
775318,2024-10-05,2024,596019,L,554430,R,field_out,False,False
775318,2024-10-05,2024,679032,R,656849,L,field_out,False,False
775318,2024-10-05,2024,656941,L,656849,L,single,False,False
775318,2024-10-05,2024,607208,R,656849,L,force_out,False,False
775318,2024-10-05,2024,547180,L,656849,L,walk,False,True
775318,2024-10-05,2024,592206,R,656849,L,field_out,False,False
775318,2024-10-05,2024,668901,R,554430,R,single,False,False
775318,2024-10-05,2024,607043,L,554430,R,walk,False,True
775318,2024-10-05,2024,624413,R,554430,R,strikeout,True,False
775318,2024-10-05,2024,578428,R,554430,R,grounded_into_double_play,False,False
775318,2024-10-05,2024,664761,R,656849,L,field_out,False,False
775318,2024-10-05,2024,681082,L,656849,L,walk,False,True
775318,2024-10-05,2024,592663,R,656849,L,field_out,False,False
775318,2024-10-05,2024,669016,L,656849,L,field_out,False,False
775318,2024-10-05,2024,608385,L,554430,R,field_out,False,False
775318,2024-10-05,2024,516782,R,554430,R,hit_by_pitch,False,False
775318,2024-10-05,2024,621438,R,554430,R,strikeout,True,False
775318,2024-10-05,2024,682626,R,554430,R,strikeout,True,False
775318,2024-10-05,2024,679032,R,656849,L,walk,False,True
775318,2024-10-05,2024,656941,L,656849,L,field_out,False,False
775318,2024-10-05,2024,607208,R,656849,L,field_out,False,False
775318,2024-10-05,2024,547180,L,656849,L,strikeout,True,False
775318,2024-10-05,2024,596019,L,554430,R,walk,False,True
775318,2024-10-05,2024,668901,R,554430,R,strikeout,True,False
775318,2024-10-05,2024,607043,L,554430,R,field_out,False,False
775318,2024-10-05,2024,624413,R,554430,R,strikeout,True,False
775318,2024-10-05,2024,592206,R,657585,R,strikeout,True,False
775318,2024-10-05,2024,664761,R,657585,R,field_out,False,False
775318,2024-10-05,2024,681082,L,657585,R,field_out,False,False
775318,2024-10-05,2024,578428,R,554430,R,field_out,False,False
775318,2024-10-05,2024,608385,L,554430,R,walk,False,True
775318,2024-10-05,2024,516782,R,554430,R,field_out,False,False
775318,2024-10-05,2024,621438,R,554430,R,field_out,False,False
775318,2024-10-05,2024,592663,R,657585,R,field_out,False,False
775318,2024-10-05,2024,669016,L,657585,R,field_out,False,False
775318,2024-10-05,2024,679032,R,657585,R,field_out,False,False
775318,2024-10-05,2024,682626,R,656546,R,single,False,False
775318,2024-10-05,2024,596019,L,656546,R,walk,False,True
775318,2024-10-05,2024,668901,R,656546,R,single,False,False
775318,2024-10-05,2024,607043,L,621381,L,single,False,False
775318,2024-10-05,2024,624413,R,621381,L,sac_fly,False,False
775318,2024-10-05,2024,578428,R,621381,L,single,False,False
775318,2024-10-05,2024,502110,R,689147,R,single,False,False
775318,2024-10-05,2024,516782,R,689147,R,sac_fly,False,False
775318,2024-10-05,2024,621438,R,689147,R,field_out,False,False
775318,2024-10-05,2024,656941,L,664208,R,strikeout,True,False
775318,2024-10-05,2024,607208,R,664208,R,strikeout,True,False
775318,2024-10-05,2024,547180,L,664208,R,double,False,False
775318,2024-10-05,2024,592206,R,664208,R,single,False,False
775318,2024-10-05,2024,664761,R,664208,R,force_out,False,False
775318,2024-10-05,2024,664056,R,621383,L,single,False,False
775318,2024-10-05,2024,596019,R,621383,L,strikeout,True,False
775318,2024-10-05,2024,682668,R,621383,L,strikeout,True,False
775318,2024-10-05,2024,607043,L,621383,L,single,False,False
775318,2024-10-05,2024,624413,R,621383,L,field_out,False,False
775318,2024-10-05,2024,681082,L,592773,R,strikeout,True,False
775318,2024-10-05,2024,592663,R,592773,R,walk,False,True
775318,2024-10-05,2024,669016,L,592773,R,field_out,False,False
775318,2024-10-05,2024,665019,L,592773,R,double,False,False
775318,2024-10-05,2024,656941,L,592773,R,field_out,False,False
775323,2024-10-06,2024,650333,L,808967,R,single,False,False
775323,2024-10-06,2024,665487,R,808967,R,walk,False,True
775323,2024-10-06,2024,595777,L,808967,R,field_out,False,False
775323,2024-10-06,2024,592518,R,808967,R,home_run,False,False
775323,2024-10-06,2024,701538,L,808967,R,field_out,False,False
775323,2024-10-06,2024,593428,R,808967,R,single,False,False
775323,2024-10-06,2024,630105,L,808967,R,field_out,False,False
775323,2024-10-06,2024,660271,L,656302,R,field_out,False,False
775323,2024-10-06,2024,605141,R,656302,R,walk,False,True
775323,2024-10-06,2024,518692,L,656302,R,single,False,False
775323,2024-10-06,2024,606192,R,656302,R,force_out,False,False
775323,2024-10-06,2024,571970,L,656302,R,strikeout,True,False
775323,2024-10-06,2024,456781,R,808967,R,field_out,False,False
775323,2024-10-06,2024,543309,R,808967,R,field_out,False,False
775323,2024-10-06,2024,650333,L,808967,R,strikeout,True,False
775323,2024-10-06,2024,669257,R,656302,R,walk,False,True
775323,2024-10-06,2024,666158,L,656302,R,single,False,False
775323,2024-10-06,2024,669242,L,656302,R,strikeout,True,False
775323,2024-10-06,2024,500743,R,656302,R,field_out,False,False
775323,2024-10-06,2024,660271,L,656302,R,home_run,False,False
775323,2024-10-06,2024,605141,R,656302,R,strikeout,True,False
775323,2024-10-06,2024,665487,R,808967,R,double,False,False
775323,2024-10-06,2024,595777,L,808967,R,field_out,False,False
775323,2024-10-06,2024,592518,R,808967,R,field_out,False,False
775323,2024-10-06,2024,701538,L,808967,R,walk,False,True
775323,2024-10-06,2024,593428,R,808967,R,double,False,False
775323,2024-10-06,2024,630105,L,808967,R,field_out,False,False
775323,2024-10-06,2024,518692,L,656302,R,single,False,False
775323,2024-10-06,2024,606192,R,656302,R,strikeout,True,False
775323,2024-10-06,2024,571970,L,656302,R,field_out,False,False
775323,2024-10-06,2024,669257,R,656302,R,strikeout,True,False
775323,2024-10-06,2024,456781,R,518489,R,field_out,False,False
775323,2024-10-06,2024,543309,R,518489,R,double,False,False
775323,2024-10-06,2024,650333,L,518489,R,field_out,False,False
775323,2024-10-06,2024,665487,R,518489,R,field_out,False,False
775323,2024-10-06,2024,666158,L,656302,R,field_out,False,False
775323,2024-10-06,2024,669242,L,656302,R,single,False,False
775323,2024-10-06,2024,500743,R,656302,R,single,False,False
775323,2024-10-06,2024,660271,L,670970,L,single,False,False
775323,2024-10-06,2024,605141,R,670970,L,intent_walk,False,True
775323,2024-10-06,2024,518692,L,670970,L,force_out,False,False
775323,2024-10-06,2024,606192,R,669093,R,single,False,False
775323,2024-10-06,2024,571970,L,669093,R,strikeout,True,False
775323,2024-10-06,2024,595777,L,518489,R,strikeout,True,False
775323,2024-10-06,2024,592518,R,518489,R,field_out,False,False
775323,2024-10-06,2024,701538,L,681911,L,strikeout,True,False
775323,2024-10-06,2024,669257,R,669093,R,field_error,False,False
775323,2024-10-06,2024,666158,L,669093,R,single,False,False
775323,2024-10-06,2024,669242,R,669093,R,grounded_into_double_play,False,False
775323,2024-10-06,2024,500743,R,669093,R,field_out,False,False
775323,2024-10-06,2024,593428,R,681911,L,field_out,False,False
775323,2024-10-06,2024,630105,L,681911,L,field_out,False,False
775323,2024-10-06,2024,456781,R,623465,R,strikeout,True,False
775323,2024-10-06,2024,660271,L,592094,R,strikeout,True,False
775323,2024-10-06,2024,605141,R,592094,R,field_out,False,False
775323,2024-10-06,2024,518692,L,592094,R,field_out,False,False
775323,2024-10-06,2024,444482,L,623465,R,field_out,False,False
775323,2024-10-06,2024,650333,L,623465,R,field_out,False,False
775323,2024-10-06,2024,665487,R,623465,R,field_out,False,False
775323,2024-10-06,2024,606192,R,592094,R,field_out,False,False
775323,2024-10-06,2024,571970,L,663773,R,field_out,False,False
775323,2024-10-06,2024,669257,R,663773,R,walk,False,True
775323,2024-10-06,2024,666158,L,663773,R,field_out,False,False
775323,2024-10-06,2024,595777,L,656629,R,walk,False,True
775323,2024-10-06,2024,592518,R,656629,R,strikeout,True,False
775323,2024-10-06,2024,701538,L,656629,R,walk,False,True
775323,2024-10-06,2024,593428,R,595014,R,field_out,False,False
775323,2024-10-06,2024,630105,L,595014,R,walk,False,True
775323,2024-10-06,2024,456781,R,595014,R,strikeout,True,False
775323,2024-10-06,2024,669242,L,663773,R,single,False,False
775323,2024-10-06,2024,500743,R,656945,L,field_out,False,False
775323,2024-10-06,2024,660271,L,656945,L,strikeout,True,False
775323,2024-10-06,2024,605141,R,656945,L,intent_walk,False,True
775323,2024-10-06,2024,518692,L,656945,L,strikeout,True,False
775323,2024-10-06,2024,553869,R,595014,R,strikeout,True,False
775323,2024-10-06,2024,650333,L,595014,R,field_out,False,False
775323,2024-10-06,2024,665487,R,595014,R,single,False,False
775323,2024-10-06,2024,595777,L,595014,R,walk,False,True
775323,2024-10-06,2024,592518,R,595014,R,strikeout,True,False
775319,2024-10-06,2024,596019,R,650911,L,strikeout,True,False
775319,2024-10-06,2024,668901,R,650911,L,double,False,False
775319,2024-10-06,2024,607043,L,650911,L,field_out,False,False
775319,2024-10-06,2024,624413,R,650911,L,field_out,False,False
775319,2024-10-06,2024,656941,L,622663,R,field_out,False,False
775319,2024-10-06,2024,607208,R,622663,R,single,False,False
775319,2024-10-06,2024,547180,L,622663,R,strikeout,True,False
775319,2024-10-06,2024,592206,R,622663,R,field_out,False,False
775319,2024-10-06,2024,578428,R,650911,L,single,False,False
775319,2024-10-06,2024,502110,R,650911,L,field_out,False,False
775319,2024-10-06,2024,516782,R,650911,L,field_out,False,False
775319,2024-10-06,2024,682626,R,650911,L,field_out,False,False
775319,2024-10-06,2024,681082,L,622663,R,strikeout,True,False
775319,2024-10-06,2024,592663,R,622663,R,strikeout,True,False
775319,2024-10-06,2024,669016,L,622663,R,field_out,False,False
775319,2024-10-06,2024,664056,R,650911,L,field_out,False,False
775319,2024-10-06,2024,596019,R,650911,L,single,False,False
775319,2024-10-06,2024,668901,R,650911,L,home_run,False,False
775319,2024-10-06,2024,607043,L,650911,L,single,False,False
775319,2024-10-06,2024,624413,R,650911,L,strikeout,True,False
775319,2024-10-06,2024,578428,R,650911,L,strikeout,True,False
775319,2024-10-06,2024,624641,R,622663,R,strikeout,True,False
775319,2024-10-06,2024,679032,R,622663,R,single,False,False
775319,2024-10-06,2024,656941,L,622663,R,field_out,False,False
775319,2024-10-06,2024,607208,R,622663,R,field_out,False,False
775319,2024-10-06,2024,502110,R,650911,L,field_out,False,False
775319,2024-10-06,2024,516782,R,650911,L,strikeout,True,False
775319,2024-10-06,2024,682626,R,650911,L,strikeout,True,False
775319,2024-10-06,2024,547180,L,622663,R,strikeout,True,False
775319,2024-10-06,2024,592206,R,622663,R,field_out,False,False
775319,2024-10-06,2024,681082,L,622663,R,single,False,False
775319,2024-10-06,2024,592663,R,622663,R,caught_stealing_2b,False,False
775319,2024-10-06,2024,664056,R,650911,L,field_out,False,False
775319,2024-10-06,2024,596019,R,650911,L,field_out,False,False
775319,2024-10-06,2024,668901,R,650911,L,walk,False,True
775319,2024-10-06,2024,607043,L,650911,L,field_out,False,False
775319,2024-10-06,2024,592663,R,622663,R,strikeout,True,False
775319,2024-10-06,2024,669016,L,622663,R,field_out,False,False
775319,2024-10-06,2024,624641,R,622663,R,field_out,False,False
775319,2024-10-06,2024,624413,R,614179,R,home_run,False,False
775319,2024-10-06,2024,578428,R,614179,R,field_out,False,False
775319,2024-10-06,2024,502110,R,614179,R,single,False,False
775319,2024-10-06,2024,516782,R,614179,R,field_out,False,False
775319,2024-10-06,2024,682626,R,614179,R,single,False,False
775319,2024-10-06,2024,664056,R,614179,R,field_out,False,False
775319,2024-10-06,2024,665019,L,622663,R,field_out,False,False
775319,2024-10-06,2024,656941,L,622663,R,field_out,False,False
775319,2024-10-06,2024,607208,R,622663,R,single,False,False
775319,2024-10-06,2024,547180,L,622663,R,home_run,False,False
775319,2024-10-06,2024,592206,R,622663,R,home_run,False,False
775319,2024-10-06,2024,681082,L,622663,R,strikeout,True,False
775319,2024-10-06,2024,596019,L,689147,R,strikeout,True,False
775319,2024-10-06,2024,668901,R,689147,R,strikeout,True,False
775319,2024-10-06,2024,607043,L,689147,R,home_run,False,False
775319,2024-10-06,2024,624413,R,689147,R,walk,False,True
775319,2024-10-06,2024,578428,R,689147,R,strikeout,True,False
775319,2024-10-06,2024,592663,R,676130,R,hit_by_pitch,False,False
775319,2024-10-06,2024,669016,L,676130,R,field_out,False,False
775319,2024-10-06,2024,664761,R,676130,R,field_out,False,False
775319,2024-10-06,2024,665019,L,676130,R,single,False,False
775319,2024-10-06,2024,656941,L,621242,R,strikeout,True,False
775319,2024-10-06,2024,502110,R,608032,R,field_out,False,False
775319,2024-10-06,2024,516782,R,608032,R,strikeout,True,False
775319,2024-10-06,2024,682626,R,608032,R,field_out,False,False
775319,2024-10-06,2024,607208,R,621242,R,strikeout,True,False
775319,2024-10-06,2024,547180,L,621242,R,walk,False,True
775319,2024-10-06,2024,592206,R,621242,R,single,False,False
775319,2024-10-06,2024,681082,L,621242,R,triple,False,False
775319,2024-10-06,2024,592663,R,656731,R,fielders_choice,False,False
775319,2024-10-06,2024,669016,L,656731,R,strikeout,True,False
775319,2024-10-06,2024,664761,R,656731,R,field_out,False,False
775319,2024-10-06,2024,664056,R,621381,L,strikeout,True,False
775319,2024-10-06,2024,596019,R,621381,L,single,False,False
775319,2024-10-06,2024,668901,R,621381,L,home_run,False,False
775319,2024-10-06,2024,607043,L,621381,L,field_out,False,False
775319,2024-10-06,2024,624413,R,656546,R,field_out,False,False
775319,2024-10-06,2024,669720,R,656731,R,strikeout,True,False
775319,2024-10-06,2024,656941,L,656731,R,field_out,False,False
775319,2024-10-06,2024,607208,R,656731,R,walk,False,True
775319,2024-10-06,2024,547180,L,656731,R,walk,False,True
775319,2024-10-06,2024,592206,R,656731,R,single,False,False
775322,2024-10-07,2024,650333,L,656427,R,field_out,False,False
775322,2024-10-07,2024,665487,R,656427,R,home_run,False,False
775322,2024-10-07,2024,595777,L,656427,R,walk,False,True
775322,2024-10-07,2024,592518,R,656427,R,grounded_into_double_play,False,False
775322,2024-10-07,2024,660271,L,506433,R,strikeout,True,False
775322,2024-10-07,2024,605141,R,506433,R,field_out,False,False
775322,2024-10-07,2024,518692,L,506433,R,strikeout,True,False
775322,2024-10-07,2024,701538,L,656427,R,single,False,False
775322,2024-10-07,2024,593428,R,656427,R,field_out,False,False
775322,2024-10-07,2024,630105,L,656427,R,field_out,False,False
775322,2024-10-07,2024,444482,L,656427,R,home_run,False,False
775322,2024-10-07,2024,543309,R,656427,R,field_out,False,False
775322,2024-10-07,2024,606192,R,506433,R,single,False,False
775322,2024-10-07,2024,571970,L,506433,R,single,False,False
775322,2024-10-07,2024,669257,R,506433,R,walk,False,True
775322,2024-10-07,2024,666158,L,506433,R,sac_fly,False,False
775322,2024-10-07,2024,669242,L,506433,R,double_play,False,False
775322,2024-10-07,2024,650333,L,656427,R,field_out,False,False
775322,2024-10-07,2024,665487,R,656427,R,double,False,False
775322,2024-10-07,2024,595777,L,656427,R,strikeout,True,False
775322,2024-10-07,2024,592518,R,656427,R,field_out,False,False
775322,2024-10-07,2024,500743,R,506433,R,field_out,False,False
775322,2024-10-07,2024,660271,L,506433,R,field_out,False,False
775322,2024-10-07,2024,605141,R,506433,R,strikeout,True,False
775322,2024-10-07,2024,701538,L,656427,R,field_out,False,False
775322,2024-10-07,2024,593428,R,656427,R,field_out,False,False
775322,2024-10-07,2024,630105,L,656427,R,field_out,False,False
775322,2024-10-07,2024,518692,L,506433,R,field_out,False,False
775322,2024-10-07,2024,606192,R,506433,R,field_out,False,False
775322,2024-10-07,2024,571970,L,506433,R,field_out,False,False
775322,2024-10-07,2024,444482,L,656427,R,field_out,False,False
775322,2024-10-07,2024,543309,R,656427,R,field_out,False,False
775322,2024-10-07,2024,650333,L,656427,R,field_out,False,False
775322,2024-10-07,2024,669257,R,506433,R,field_out,False,False
775322,2024-10-07,2024,666158,L,506433,R,single,False,False
775322,2024-10-07,2024,669242,L,506433,R,force_out,False,False
775322,2024-10-07,2024,500743,R,506433,R,field_out,False,False
775322,2024-10-07,2024,665487,R,656427,R,hit_by_pitch,False,False
775322,2024-10-07,2024,595777,L,656427,R,single,False,False
775322,2024-10-07,2024,592518,R,656427,R,strikeout,True,False
775322,2024-10-07,2024,701538,L,607455,L,single,False,False
775322,2024-10-07,2024,593428,R,607455,L,field_out,False,False
775322,2024-10-07,2024,630105,L,607455,L,strikeout,True,False
775322,2024-10-07,2024,660271,L,506433,R,field_out,False,False
775322,2024-10-07,2024,605141,R,506433,R,field_out,False,False
775322,2024-10-07,2024,571771,R,506433,R,field_out,False,False
775322,2024-10-07,2024,456781,R,607455,L,field_out,False,False
775322,2024-10-07,2024,543309,R,543339,R,field_out,False,False
775322,2024-10-07,2024,650333,L,543339,R,field_out,False,False
775322,2024-10-07,2024,606192,R,506433,R,walk,False,True
775322,2024-10-07,2024,571970,L,506433,R,field_out,False,False
775322,2024-10-07,2024,669257,R,506433,R,field_out,False,False
775322,2024-10-07,2024,666158,L,506433,R,field_out,False,False
775322,2024-10-07,2024,665487,R,518489,R,field_out,False,False
775322,2024-10-07,2024,595777,L,518489,R,field_out,False,False
775322,2024-10-07,2024,592518,R,518489,R,single,False,False
775322,2024-10-07,2024,701538,L,518489,R,home_run,False,False
775322,2024-10-07,2024,593428,R,675627,R,home_run,False,False
775322,2024-10-07,2024,630105,L,675627,R,strikeout,True,False
775322,2024-10-07,2024,669242,R,656945,L,single,False,False
775322,2024-10-07,2024,500743,R,656945,L,field_out,False,False
775322,2024-10-07,2024,660271,L,656945,L,strikeout,True,False
775322,2024-10-07,2024,605141,R,656945,L,field_out,False,False
775322,2024-10-07,2024,456781,R,683618,R,field_out,False,False
775322,2024-10-07,2024,543309,R,683618,R,home_run,False,False
775322,2024-10-07,2024,650333,L,683618,R,single,False,False
775322,2024-10-07,2024,665487,R,683618,R,home_run,False,False
775322,2024-10-07,2024,595777,L,683618,R,single,False,False
775322,2024-10-07,2024,592518,R,683618,R,field_out,False,False
775322,2024-10-07,2024,701538,L,683618,R,strikeout,True,False
775322,2024-10-07,2024,571771,R,689690,R,field_out,False,False
775322,2024-10-07,2024,606192,R,689690,R,field_out,False,False
775322,2024-10-07,2024,571970,L,689690,R,home_run,False,False
775322,2024-10-07,2024,669257,R,689690,R,walk,False,True
775322,2024-10-07,2024,666158,L,689690,R,strikeout,True,False
775325,2024-10-07,2024,669234,R,571510,L,field_out,False,False
775325,2024-10-07,2024,663837,R,571510,L,walk,False,True
775325,2024-10-07,2024,628451,R,571510,L,strikeout,True,False
775325,2024-10-07,2024,682985,L,571510,L,field_out,False,False
775325,2024-10-07,2024,680757,L,669373,L,strikeout,True,False
775325,2024-10-07,2024,681807,R,669373,L,field_out,False,False
775325,2024-10-07,2024,608070,R,669373,L,strikeout,True,False
775325,2024-10-07,2024,672761,R,571510,L,field_out,False,False
775325,2024-10-07,2024,679529,R,571510,L,strikeout,True,False
775325,2024-10-07,2024,678009,L,571510,L,single,False,False
775325,2024-10-07,2024,668670,R,571510,L,field_out,False,False
775325,2024-10-07,2024,657041,R,669373,L,field_out,False,False
775325,2024-10-07,2024,647304,L,669373,L,field_out,False,False
775325,2024-10-07,2024,678877,R,669373,L,strikeout,True,False
775325,2024-10-07,2024,700242,L,571510,L,field_out,False,False
775325,2024-10-07,2024,669234,R,571510,L,single,False,False
775325,2024-10-07,2024,663837,R,571510,L,walk,False,True
775325,2024-10-07,2024,628451,R,571510,L,field_out,False,False
775325,2024-10-07,2024,682985,L,571510,L,field_out,False,False
775325,2024-10-07,2024,665926,L,669373,L,strikeout,True,False
775325,2024-10-07,2024,595978,R,669373,L,strikeout,True,False
775325,2024-10-07,2024,677587,R,669373,L,strikeout,True,False
775325,2024-10-07,2024,672761,R,571510,L,double,False,False
775325,2024-10-07,2024,679529,R,571510,L,field_out,False,False
775325,2024-10-07,2024,678009,L,571510,L,strikeout,True,False
775325,2024-10-07,2024,668670,R,571510,L,strikeout,True,False
775325,2024-10-07,2024,680757,L,669373,L,field_out,False,False
775325,2024-10-07,2024,681807,R,669373,L,field_out,False,False
775325,2024-10-07,2024,608070,R,669373,L,strikeout,True,False
775325,2024-10-07,2024,700242,L,571510,L,strikeout,True,False
775325,2024-10-07,2024,669234,R,571510,L,single,False,False
775325,2024-10-07,2024,663837,R,671922,R,strikeout,True,False
775325,2024-10-07,2024,657041,R,669373,L,strikeout,True,False
775325,2024-10-07,2024,647304,L,669373,L,double,False,False
775325,2024-10-07,2024,678877,R,669373,L,hit_by_pitch,False,False
775325,2024-10-07,2024,665926,L,669373,L,grounded_into_double_play,False,False
775325,2024-10-07,2024,690993,L,671922,R,field_out,False,False
775325,2024-10-07,2024,682985,L,671922,R,field_out,False,False
775325,2024-10-07,2024,672761,L,671922,R,strikeout,True,False
775325,2024-10-07,2024,595978,R,669373,L,field_out,False,False
775325,2024-10-07,2024,677587,R,669373,L,double,False,False
775325,2024-10-07,2024,680757,L,669373,L,single,False,False
775325,2024-10-07,2024,681807,R,669373,L,grounded_into_double_play,False,False
775325,2024-10-07,2024,679529,R,671922,R,field_out,False,False
775325,2024-10-07,2024,678009,L,682120,L,field_out,False,False
775325,2024-10-07,2024,668670,R,682120,L,walk,False,True
775325,2024-10-07,2024,700242,L,682120,L,strikeout,True,False
775325,2024-10-07,2024,608070,R,669373,L,field_out,False,False
775325,2024-10-07,2024,657041,R,669373,L,field_out,False,False
775325,2024-10-07,2024,647304,L,669373,L,field_out,False,False
775325,2024-10-07,2024,681481,L,683769,R,field_out,False,False
775325,2024-10-07,2024,663837,R,683769,R,double,False,False
775325,2024-10-07,2024,690993,L,683769,R,strikeout,True,False
775325,2024-10-07,2024,682985,L,683769,R,intent_walk,False,True
775325,2024-10-07,2024,672761,L,661403,R,field_out,False,False
775325,2024-10-07,2024,686823,L,676684,R,field_out,False,False
775325,2024-10-07,2024,665926,L,676684,R,strikeout,True,False
775325,2024-10-07,2024,700932,L,676684,R,field_out,False,False
775325,2024-10-07,2024,679529,R,661403,R,strikeout,True,False
775325,2024-10-07,2024,678009,L,661403,R,field_out,False,False
775325,2024-10-07,2024,668670,R,661403,R,single,False,False
775325,2024-10-07,2024,700242,L,661403,R,single,False,False
775325,2024-10-07,2024,681481,L,661403,R,home_run,False,False
775325,2024-10-07,2024,663837,R,661403,R,single,False,False
775325,2024-10-07,2024,690993,L,669212,R,field_out,False,False
775325,2024-10-07,2024,677587,L,689225,R,field_out,False,False
775325,2024-10-07,2024,680757,L,689225,R,strikeout,True,False
775325,2024-10-07,2024,681807,R,689225,R,strikeout,True,False
775332,2024-10-07,2024,672580,R,607074,L,strikeout,True,False
775332,2024-10-07,2024,677951,R,607074,L,strikeout,True,False
775332,2024-10-07,2024,686469,L,607074,L,strikeout,True,False
775332,2024-10-07,2024,650402,R,666142,L,walk,False,True
775332,2024-10-07,2024,665742,L,666142,L,walk,False,True
775332,2024-10-07,2024,592450,R,666142,L,strikeout,True,False
775332,2024-10-07,2024,669224,L,666142,L,strikeout,True,False
775332,2024-10-07,2024,519317,R,666142,L,field_out,False,False
775332,2024-10-07,2024,521692,R,607074,L,field_out,False,False
775332,2024-10-07,2024,493329,R,607074,L,field_out,False,False
775332,2024-10-07,2024,686681,L,607074,L,single,False,False
775332,2024-10-07,2024,502054,R,607074,L,strikeout,True,False
775332,2024-10-08,2024,665862,L,666142,L,strikeout,True,False
775332,2024-10-08,2024,683011,R,666142,L,single,False,False
775332,2024-10-08,2024,657077,L,666142,L,field_out,False,False
775332,2024-10-08,2024,542932,R,666142,L,strikeout,True,False
775332,2024-10-08,2024,592669,R,607074,L,strikeout,True,False
775332,2024-10-08,2024,641658,R,607074,L,single,False,False
775332,2024-10-08,2024,672580,R,607074,L,single,False,False
775332,2024-10-08,2024,677951,R,607074,L,force_out,False,False
775332,2024-10-08,2024,686469,L,607074,L,field_out,False,False
775332,2024-10-08,2024,650402,R,666142,L,walk,False,True
775332,2024-10-08,2024,665742,L,666142,L,strikeout,True,False
775332,2024-10-08,2024,592450,R,666142,L,field_out,False,False
775332,2024-10-08,2024,669224,L,666142,L,single,False,False
775332,2024-10-08,2024,519317,R,666142,L,single,False,False
775332,2024-10-08,2024,665862,L,666142,L,field_out,False,False
775332,2024-10-08,2024,521692,R,607074,L,home_run,False,False
775332,2024-10-08,2024,493329,R,607074,L,single,False,False
775332,2024-10-08,2024,686681,L,607074,L,strikeout,True,False
775332,2024-10-08,2024,502054,R,607074,L,single,False,False
775332,2024-10-08,2024,592669,R,607074,L,strikeout,True,False
775332,2024-10-08,2024,641658,R,607074,L,single,False,False
775332,2024-10-08,2024,672580,R,641656,R,single,False,False
775332,2024-10-08,2024,683011,R,666142,L,walk,False,True
775332,2024-10-08,2024,657077,L,666142,L,force_out,False,False
775332,2024-10-08,2024,542932,R,666142,L,field_out,False,False
775332,2024-10-08,2024,650402,R,666142,L,field_out,False,False
775332,2024-10-08,2024,677951,R,641656,R,strikeout,True,False
775332,2024-10-08,2024,686469,L,641656,R,strikeout,True,False
775332,2024-10-08,2024,521692,R,641656,R,strikeout,True,False
775332,2024-10-08,2024,665742,L,672582,L,strikeout,True,False
775332,2024-10-08,2024,592450,R,672582,L,walk,False,True
775332,2024-10-08,2024,669224,L,672582,L,grounded_into_double_play,False,False
775332,2024-10-08,2024,493329,R,664776,R,field_error,False,False
775332,2024-10-08,2024,686681,L,664776,R,walk,False,True
775332,2024-10-08,2024,502054,R,664776,R,field_out,False,False
775332,2024-10-08,2024,669004,L,657612,L,double_play,False,False
775332,2024-10-08,2024,519317,R,670167,R,field_out,False,False
775332,2024-10-08,2024,665862,L,670167,R,field_out,False,False
775332,2024-10-08,2024,683011,R,670167,R,field_out,False,False
775332,2024-10-08,2024,664728,L,605280,R,single,False,False
775332,2024-10-08,2024,672580,R,605280,R,single,False,False
775332,2024-10-08,2024,677951,R,605280,R,strikeout,True,False
775332,2024-10-08,2024,686469,L,605280,R,strikeout,True,False
775332,2024-10-08,2024,657077,L,663460,L,single,False,False
775332,2024-10-08,2024,542932,R,663460,L,field_out,False,False
775332,2024-10-08,2024,650402,R,663460,L,strikeout,True,False
775332,2024-10-08,2024,665742,L,663460,L,field_out,False,False
775332,2024-10-08,2024,521692,R,592454,R,strikeout,True,False
775332,2024-10-08,2024,493329,R,592454,R,field_out,False,False
775332,2024-10-08,2024,686681,L,592454,R,walk,False,True
775332,2024-10-08,2024,502054,R,592454,R,strikeout,True,False
775332,2024-10-08,2024,592450,R,663460,L,single,False,False
775332,2024-10-08,2024,669224,L,663460,L,strikeout,True,False
775332,2024-10-08,2024,519317,R,663460,L,grounded_into_double_play,False,False
775332,2024-10-08,2024,669004,L,641835,L,field_out,False,False
775332,2024-10-08,2024,664728,L,641835,L,strikeout,True,False
775332,2024-10-08,2024,672580,R,641835,L,single,False,False
775332,2024-10-08,2024,677951,R,596133,R,field_out,False,False
775332,2024-10-08,2024,665862,L,668674,R,home_run,False,False
775332,2024-10-08,2024,683011,R,668674,R,field_out,False,False
775332,2024-10-08,2024,657077,L,668674,R,field_out,False,False
775332,2024-10-08,2024,542932,R,668674,R,single,False,False
775332,2024-10-08,2024,650402,R,668674,R,field_out,False,False
775316,2024-10-08,2024,656941,L,640455,L,field_out,False,False
775316,2024-10-08,2024,607208,R,640455,L,field_out,False,False
775316,2024-10-08,2024,547180,L,640455,L,field_out,False,False
775316,2024-10-08,2024,596019,L,605400,R,field_out,False,False
775316,2024-10-08,2024,668901,R,605400,R,strikeout,True,False
775316,2024-10-08,2024,607043,L,605400,R,strikeout,True,False
775316,2024-10-08,2024,592206,R,640455,L,field_out,False,False
775316,2024-10-08,2024,664761,R,640455,L,field_out,False,False
775316,2024-10-08,2024,592663,R,640455,L,hit_by_pitch,False,False
775316,2024-10-08,2024,669720,R,640455,L,field_out,False,False
775316,2024-10-08,2024,624413,R,605400,R,home_run,False,False
775316,2024-10-08,2024,578428,R,605400,R,single,False,False
775316,2024-10-08,2024,608385,L,605400,R,field_out,False,False
775316,2024-10-08,2024,516782,R,605400,R,field_out,False,False
775316,2024-10-08,2024,621438,R,605400,R,strikeout,True,False
775316,2024-10-08,2024,624641,R,640455,L,hit_by_pitch,False,False
775316,2024-10-08,2024,679032,R,640455,L,strikeout,True,False
775316,2024-10-08,2024,656941,L,640455,L,strikeout,True,False
775316,2024-10-08,2024,607208,R,640455,L,single,False,False
775316,2024-10-08,2024,547180,L,640455,L,field_out,False,False
775316,2024-10-08,2024,682626,R,605400,R,single,False,False
775316,2024-10-08,2024,596019,L,605400,R,field_out,False,False
775316,2024-10-08,2024,668901,R,605400,R,field_out,False,False
775316,2024-10-08,2024,607043,L,605400,R,field_out,False,False
775316,2024-10-08,2024,592206,R,640455,L,field_out,False,False
775316,2024-10-08,2024,664761,R,640455,L,single,False,False
775316,2024-10-08,2024,592663,R,640455,L,field_out,False,False
775316,2024-10-08,2024,624413,R,605400,R,strikeout,True,False
775316,2024-10-08,2024,578428,R,605400,R,field_out,False,False
775316,2024-10-08,2024,608385,L,605400,R,home_run,False,False
775316,2024-10-08,2024,516782,R,605400,R,strikeout,True,False
775316,2024-10-08,2024,669720,R,640455,L,strikeout,True,False
775316,2024-10-08,2024,624641,R,640455,L,strikeout,True,False
775316,2024-10-08,2024,679032,R,640455,L,field_out,False,False
775316,2024-10-08,2024,621438,R,605400,R,strikeout,True,False
775316,2024-10-08,2024,682626,R,605400,R,strikeout,True,False
775316,2024-10-08,2024,596019,L,605400,R,strikeout,True,False
775316,2024-10-08,2024,656941,L,640455,L,walk,False,True
775316,2024-10-08,2024,607208,R,640455,L,walk,False,True
775316,2024-10-08,2024,547180,L,640455,L,strikeout,True,False
775316,2024-10-08,2024,592206,R,640455,L,double_play,False,False
775316,2024-10-08,2024,668901,R,605400,R,single,False,False
775316,2024-10-08,2024,607043,L,605400,R,walk,False,True
775316,2024-10-08,2024,624413,R,605400,R,walk,False,True
775316,2024-10-08,2024,578428,R,689147,R,force_out,False,False
775316,2024-10-08,2024,608385,L,689147,R,field_out,False,False
775316,2024-10-08,2024,516782,R,689147,R,single,False,False
775316,2024-10-08,2024,621438,R,689147,R,force_out,False,False
775316,2024-10-08,2024,664761,R,640455,L,field_out,False,False
775316,2024-10-08,2024,592663,R,640455,L,field_out,False,False
775316,2024-10-08,2024,669720,R,640455,L,strikeout,True,False
775316,2024-10-08,2024,682626,R,621237,L,strikeout,True,False
775316,2024-10-08,2024,596019,R,621237,L,field_out,False,False
775316,2024-10-08,2024,668901,R,621237,L,single,False,False
775316,2024-10-08,2024,607043,L,621237,L,walk,False,True
775316,2024-10-08,2024,624413,R,621237,L,walk,False,True
775316,2024-10-08,2024,578428,R,614179,R,single,False,False
775316,2024-10-08,2024,624641,R,640455,L,single,False,False
775316,2024-10-08,2024,669016,L,664208,R,strikeout,True,False
775316,2024-10-08,2024,656941,L,664208,R,walk,False,True
775316,2024-10-08,2024,607208,R,664208,R,field_out,False,False
775316,2024-10-08,2024,547180,L,664208,R,single,False,False
775316,2024-10-08,2024,592206,R,592773,R,single,False,False
775316,2024-10-08,2024,664761,R,592773,R,field_out,False,False
775316,2024-10-08,2024,502110,R,608032,R,walk,False,True
775316,2024-10-08,2024,682668,R,608032,R,strikeout,True,False
775316,2024-10-08,2024,621438,R,608032,R,fielders_choice,False,False
775316,2024-10-08,2024,682626,R,608032,R,strikeout,True,False
775316,2024-10-08,2024,596019,L,608032,R,double,False,False
775316,2024-10-08,2024,664056,R,608032,R,field_out,False,False
775316,2024-10-09,2024,592663,R,592773,R,field_out,False,False
775316,2024-10-09,2024,681082,L,592773,R,field_out,False,False
775316,2024-10-09,2024,665019,L,592773,R,strikeout,True,False
775313,2024-10-09,2024,656941,L,500779,L,strikeout,True,False
775313,2024-10-09,2024,607208,R,500779,L,field_out,False,False
775313,2024-10-09,2024,547180,L,500779,L,strikeout,True,False
775313,2024-10-09,2024,596019,R,624133,L,strikeout,True,False
775313,2024-10-09,2024,668901,R,624133,L,double,False,False
775313,2024-10-09,2024,607043,L,624133,L,walk,False,True
775313,2024-10-09,2024,624413,R,624133,L,single,False,False
775313,2024-10-09,2024,578428,R,624133,L,strikeout,True,False
775313,2024-10-09,2024,502110,R,624133,L,strikeout,True,False
775313,2024-10-09,2024,592206,R,500779,L,field_out,False,False
775313,2024-10-09,2024,664761,R,500779,L,field_out,False,False
775313,2024-10-09,2024,592663,R,500779,L,walk,False,True
775313,2024-10-09,2024,681082,L,500779,L,strikeout,True,False
775313,2024-10-09,2024,516782,R,624133,L,walk,False,True
775313,2024-10-09,2024,621438,R,624133,L,single,False,False
775313,2024-10-09,2024,682626,R,624133,L,strikeout,True,False
775313,2024-10-09,2024,596019,R,624133,L,strikeout,True,False
775313,2024-10-09,2024,668901,R,624133,L,single,False,False
775313,2024-10-09,2024,607043,L,624133,L,field_out,False,False
775313,2024-10-09,2024,642215,R,500779,L,field_out,False,False
775313,2024-10-09,2024,669016,L,500779,L,field_out,False,False
775313,2024-10-09,2024,656941,L,500779,L,strikeout,True,False
775313,2024-10-09,2024,624413,R,624133,L,walk,False,True
775313,2024-10-09,2024,578428,R,624133,L,strikeout,True,False
775313,2024-10-09,2024,502110,R,624133,L,grounded_into_double_play,False,False
775313,2024-10-09,2024,607208,R,500779,L,field_out,False,False
775313,2024-10-09,2024,547180,L,500779,L,walk,False,True
775313,2024-10-09,2024,592206,R,500779,L,double,False,False
775313,2024-10-09,2024,664761,R,500779,L,fielders_choice,False,False
775313,2024-10-09,2024,592663,R,500779,L,field_out,False,False
775313,2024-10-09,2024,681082,L,500779,L,field_out,False,False
775313,2024-10-09,2024,516782,R,624133,L,strikeout,True,False
775313,2024-10-09,2024,621438,R,624133,L,field_out,False,False
775313,2024-10-09,2024,682626,R,624133,L,field_out,False,False
775313,2024-10-09,2024,642215,R,500779,L,field_out,False,False
775313,2024-10-09,2024,669016,L,500779,L,strikeout,True,False
775313,2024-10-09,2024,656941,L,500779,L,hit_by_pitch,False,False
775313,2024-10-09,2024,607208,R,500779,L,strikeout,True,False
775313,2024-10-09,2024,596019,R,624133,L,double,False,False
775313,2024-10-09,2024,668901,R,624133,L,walk,False,True
775313,2024-10-09,2024,607043,L,624133,L,strikeout,True,False
775313,2024-10-09,2024,624413,R,656546,R,strikeout,True,False
775313,2024-10-09,2024,578428,R,656546,R,field_out,False,False
775313,2024-10-09,2024,547180,L,500779,L,double,False,False
775313,2024-10-09,2024,592206,R,657585,R,strikeout,True,False
775313,2024-10-09,2024,664761,R,657585,R,walk,False,True
775313,2024-10-09,2024,592663,R,657585,R,strikeout,True,False
775313,2024-10-09,2024,681082,L,656849,L,field_out,False,False
775313,2024-10-09,2024,502110,R,656546,R,single,False,False
775313,2024-10-09,2024,516782,R,656546,R,hit_by_pitch,False,False
775313,2024-10-09,2024,621438,R,656546,R,walk,False,True
775313,2024-10-09,2024,682626,R,656546,R,force_out,False,False
775313,2024-10-09,2024,596019,L,608032,R,home_run,False,False
775313,2024-10-09,2024,668901,R,608032,R,strikeout,True,False
775313,2024-10-09,2024,607043,L,608032,R,field_out,False,False
775313,2024-10-09,2024,642215,R,656849,L,field_out,False,False
775313,2024-10-09,2024,669016,L,656849,L,single,False,False
775313,2024-10-09,2024,656941,L,656849,L,grounded_into_double_play,False,False
775313,2024-10-09,2024,624413,R,689147,R,double,False,False
775313,2024-10-09,2024,578428,R,689147,R,walk,False,True
775313,2024-10-09,2024,502110,R,689147,R,strikeout,True,False
775313,2024-10-09,2024,516782,R,689147,R,strikeout,True,False
775313,2024-10-09,2024,621438,R,689147,R,field_out,False,False
775313,2024-10-09,2024,607208,R,656849,L,strikeout,True,False
775313,2024-10-10,2024,547180,L,656849,L,field_out,False,False
775313,2024-10-10,2024,592206,R,656849,L,single,False,False
775313,2024-10-10,2024,664761,R,656849,L,force_out,False,False
775313,2024-10-10,2024,682626,R,621381,L,field_out,False,False
775313,2024-10-10,2024,596019,R,621381,L,field_out,False,False
775313,2024-10-10,2024,668901,R,621381,L,field_out,False,False
775313,2024-10-10,2024,592663,R,621242,R,walk,False,True
775313,2024-10-10,2024,681082,L,621242,R,walk,False,True
775313,2024-10-10,2024,665019,L,621242,R,strikeout,True,False
775313,2024-10-10,2024,669016,L,621242,R,field_out,False,False
775313,2024-10-10,2024,656941,L,621242,R,strikeout,True,False
775329,2024-10-09,2024,650402,R,607625,R,field_out,False,False
775329,2024-10-09,2024,665742,L,607625,R,field_out,False,False
775329,2024-10-09,2024,592450,R,607625,R,field_out,False,False
775329,2024-10-09,2024,686681,L,657376,R,field_out,False,False
775329,2024-10-09,2024,677951,R,657376,R,field_out,False,False
775329,2024-10-09,2024,686469,L,657376,R,field_out,False,False
775329,2024-10-09,2024,669224,L,607625,R,strikeout,True,False
775329,2024-10-09,2024,519317,R,607625,R,field_out,False,False
775329,2024-10-09,2024,665862,L,607625,R,field_out,False,False
775329,2024-10-09,2024,521692,R,657376,R,strikeout,True,False
775329,2024-10-09,2024,493329,R,657376,R,double,False,False
775329,2024-10-09,2024,669004,L,657376,R,strikeout,True,False
775329,2024-10-09,2024,672580,R,657376,R,field_out,False,False
775329,2024-10-09,2024,683011,R,607625,R,field_out,False,False
775329,2024-10-09,2024,665828,L,607625,R,walk,False,True
775329,2024-10-09,2024,657077,L,607625,R,field_out,False,False
775329,2024-10-09,2024,650402,R,607625,R,field_out,False,False
775329,2024-10-09,2024,624428,L,657376,R,strikeout,True,False
775329,2024-10-09,2024,664728,L,657376,R,hit_by_pitch,False,False
775329,2024-10-09,2024,686681,L,657376,R,grounded_into_double_play,False,False
775329,2024-10-10,2024,665742,L,607625,R,walk,False,True
775329,2024-10-10,2024,592450,R,607625,R,field_out,False,False
775329,2024-10-10,2024,669224,L,607625,R,strikeout,True,False
775329,2024-10-10,2024,519317,R,607625,R,double,False,False
775329,2024-10-10,2024,665862,L,607625,R,field_out,False,False
775329,2024-10-10,2024,677951,R,657376,R,strikeout,True,False
775329,2024-10-10,2024,686469,L,657376,R,walk,False,True
775329,2024-10-10,2024,521692,R,657376,R,field_out,False,False
775329,2024-10-10,2024,493329,R,657376,R,field_out,False,False
775329,2024-10-10,2024,683011,R,607625,R,single,False,False
775329,2024-10-10,2024,665828,L,607625,R,walk,False,True
775329,2024-10-10,2024,657077,L,607625,R,sac_bunt,False,False
775329,2024-10-10,2024,650402,R,607625,R,walk,False,True
775329,2024-10-10,2024,665742,L,607625,R,sac_fly,False,False
775329,2024-10-10,2024,592450,R,607625,R,field_out,False,False
775329,2024-10-10,2024,669004,L,657376,R,field_out,False,False
775329,2024-10-10,2024,672580,R,657376,R,field_out,False,False
775329,2024-10-10,2024,624428,L,657376,R,single,False,False
775329,2024-10-10,2024,664728,L,657376,R,double,False,False
775329,2024-10-10,2024,686681,L,657376,R,triple,False,False
775329,2024-10-10,2024,677951,R,605280,R,walk,False,True
775329,2024-10-10,2024,686469,L,605280,R,field_out,False,False
775329,2024-10-10,2024,669224,L,672582,L,field_out,False,False
775329,2024-10-10,2024,519317,R,672582,L,single,False,False
775329,2024-10-10,2024,665862,L,672582,L,strikeout,True,False
775329,2024-10-10,2024,683011,R,670167,R,walk,False,True
775329,2024-10-10,2024,665828,L,670167,R,field_out,False,False
775329,2024-10-10,2024,521692,R,605280,R,field_out,False,False
775329,2024-10-10,2024,493329,R,605280,R,field_out,False,False
775329,2024-10-10,2024,669004,L,605280,R,field_out,False,False
775329,2024-10-10,2024,657077,L,669674,L,field_out,False,False
775329,2024-10-10,2024,650402,R,669674,L,field_out,False,False
775329,2024-10-10,2024,665742,L,669674,L,walk,False,True
775329,2024-10-10,2024,592450,R,663903,R,strikeout,True,False
775329,2024-10-10,2024,672580,R,592454,R,field_out,False,False
775329,2024-10-10,2024,624428,L,592454,R,field_out,False,False
775329,2024-10-10,2024,664728,L,592454,R,field_out,False,False
775329,2024-10-10,2024,669224,L,663460,L,strikeout,True,False
775329,2024-10-10,2024,519317,R,663460,L,home_run,False,False
775329,2024-10-10,2024,665862,L,663460,L,field_out,False,False
775329,2024-10-10,2024,683011,R,663460,L,walk,False,True
775329,2024-10-10,2024,665828,L,663460,L,walk,False,True
775329,2024-10-10,2024,657077,L,663460,L,field_out,False,False
775329,2024-10-10,2024,686681,L,592454,R,strikeout,True,False
775329,2024-10-10,2024,677951,R,596133,R,single,False,False
775329,2024-10-10,2024,686469,L,596133,R,field_out,False,False
775329,2024-10-10,2024,521692,R,596133,R,single,False,False
775329,2024-10-10,2024,493329,R,596133,R,field_out,False,False
775329,2024-10-10,2024,650402,R,547179,R,field_out,False,False
775329,2024-10-10,2024,665742,L,547179,R,field_error,False,False
775329,2024-10-10,2024,592450,R,547179,R,walk,False,True
775329,2024-10-10,2024,669224,L,547179,R,field_out,False,False
775329,2024-10-10,2024,519317,R,547179,R,field_out,False,False
775329,2024-10-10,2024,669004,L,596133,R,field_out,False,False
775329,2024-10-10,2024,672580,R,596133,R,field_out,False,False
775329,2024-10-10,2024,502054,R,596133,R,field_out,False,False
775321,2024-10-09,2024,660271,L,650633,R,strikeout,True,False
775321,2024-10-09,2024,605141,R,650633,R,home_run,False,False
775321,2024-10-09,2024,518692,L,650633,R,field_out,False,False
775321,2024-10-09,2024,606192,R,650633,R,walk,False,True
775321,2024-10-09,2024,571970,L,650633,R,field_out,False,False
775321,2024-10-09,2024,650333,L,621111,R,field_out,False,False
775321,2024-10-09,2024,665487,R,621111,R,field_out,False,False
775321,2024-10-09,2024,595777,L,621111,R,field_out,False,False
775321,2024-10-09,2024,669257,R,650633,R,strikeout,True,False
775321,2024-10-09,2024,666158,L,650633,R,field_out,False,False
775321,2024-10-09,2024,669242,L,650633,R,field_out,False,False
775321,2024-10-09,2024,592518,R,621111,R,single,False,False
775321,2024-10-09,2024,701538,L,621111,R,fielders_choice,False,False
775321,2024-10-09,2024,593428,R,621111,R,fielders_choice,False,False
775321,2024-10-09,2024,444482,L,621111,R,double,False,False
775321,2024-10-09,2024,630105,L,621111,R,single,False,False
775321,2024-10-09,2024,543309,R,621111,R,sac_fly,False,False
775321,2024-10-09,2024,650333,L,621111,R,field_out,False,False
775321,2024-10-09,2024,665487,R,621111,R,home_run,False,False
775321,2024-10-09,2024,595777,L,621111,R,single,False,False
775321,2024-10-09,2024,592518,R,621111,R,field_out,False,False
775321,2024-10-09,2024,500743,R,650633,R,single,False,False
775321,2024-10-09,2024,660271,L,650633,R,single,False,False
775321,2024-10-09,2024,605141,R,650633,R,single,False,False
775321,2024-10-09,2024,518692,L,650633,R,field_out,False,False
775321,2024-10-09,2024,606192,R,650633,R,home_run,False,False
775321,2024-10-09,2024,571970,L,650633,R,strikeout,True,False
775321,2024-10-09,2024,669257,R,650633,R,field_out,False,False
775321,2024-10-09,2024,701538,L,621111,R,field_out,False,False
775321,2024-10-09,2024,593428,R,621111,R,field_out,False,False
775321,2024-10-09,2024,444482,L,621111,R,field_out,False,False
775321,2024-10-09,2024,666158,L,650633,R,field_out,False,False
775321,2024-10-09,2024,669242,L,650633,R,field_out,False,False
775321,2024-10-09,2024,681624,R,650633,R,field_out,False,False
775321,2024-10-09,2024,630105,L,621111,R,single,False,False
775321,2024-10-09,2024,543309,R,621111,R,force_out,False,False
775321,2024-10-09,2024,650333,L,621111,R,grounded_into_double_play,False,False
775321,2024-10-09,2024,660271,L,650633,R,field_out,False,False
775321,2024-10-09,2024,605141,R,650633,R,field_out,False,False
775321,2024-10-09,2024,518692,L,650633,R,field_out,False,False
775321,2024-10-09,2024,665487,R,621111,R,field_out,False,False
775321,2024-10-09,2024,595777,L,621111,R,field_out,False,False
775321,2024-10-09,2024,592518,R,621111,R,single,False,False
775321,2024-10-09,2024,701538,L,621111,R,intent_walk,False,True
775321,2024-10-09,2024,593428,R,621111,R,force_out,False,False
775321,2024-10-09,2024,606192,R,669093,R,strikeout,True,False
775321,2024-10-09,2024,571970,L,669093,R,strikeout,True,False
775321,2024-10-09,2024,669257,R,669093,R,field_out,False,False
775321,2024-10-09,2024,444482,L,607455,L,strikeout,True,False
775321,2024-10-09,2024,630105,L,607455,L,strikeout,True,False
775321,2024-10-09,2024,543309,R,607455,L,field_out,False,False
775321,2024-10-09,2024,666158,L,592094,R,field_out,False,False
775321,2024-10-09,2024,669242,L,592094,R,field_out,False,False
775321,2024-10-09,2024,681624,R,592094,R,strikeout,True,False
775321,2024-10-09,2024,650333,L,607455,L,field_out,False,False
775321,2024-10-09,2024,665487,R,543339,R,field_out,False,False
775321,2024-10-09,2024,595777,L,543339,R,field_out,False,False
775321,2024-10-09,2024,660271,L,656945,L,strikeout,True,False
775321,2024-10-09,2024,605141,R,656945,L,field_out,False,False
775321,2024-10-09,2024,518692,L,656945,L,single,False,False
775321,2024-10-09,2024,606192,R,663158,R,field_out,False,False
775321,2024-10-09,2024,592518,R,656629,R,field_out,False,False
775321,2024-10-09,2024,701538,L,656629,R,strikeout,True,False
775321,2024-10-09,2024,593428,R,656629,R,strikeout,True,False
775321,2024-10-09,2024,571970,L,663158,R,strikeout,True,False
775321,2024-10-09,2024,669257,R,663158,R,field_out,False,False
775321,2024-10-09,2024,666158,L,663158,R,strikeout,True,False
775328,2024-10-09,2024,680757,L,672456,R,field_out,False,False
775328,2024-10-09,2024,700932,L,672456,R,field_out,False,False
775328,2024-10-09,2024,608070,L,672456,R,field_out,False,False
775328,2024-10-09,2024,678009,L,502171,R,single,False,False
775328,2024-10-09,2024,681481,L,502171,R,field_out,False,False
775328,2024-10-09,2024,663837,R,502171,R,field_out,False,False
775328,2024-10-09,2024,682985,L,502171,R,single,False,False
775328,2024-10-09,2024,672761,L,502171,R,field_out,False,False
775328,2024-10-09,2024,647304,L,676428,L,single,False,False
775328,2024-10-09,2024,657041,R,676428,L,single,False,False
775328,2024-10-09,2024,665926,L,676428,L,field_out,False,False
775328,2024-10-09,2024,678877,R,676428,L,field_out,False,False
775328,2024-10-09,2024,666310,L,676428,L,field_out,False,False
775328,2024-10-09,2024,690993,L,502171,R,field_out,False,False
775328,2024-10-09,2024,679529,R,502171,R,strikeout,True,False
775328,2024-10-09,2024,700242,L,502171,R,strikeout,True,False
775328,2024-10-09,2024,677587,R,676428,L,field_out,False,False
775328,2024-10-09,2024,680757,L,676428,L,single,False,False
775328,2024-10-09,2024,681807,R,676428,L,strikeout,True,False
775328,2024-10-09,2024,608070,R,676428,L,intent_walk,False,True
775328,2024-10-09,2024,647304,L,676428,L,field_out,False,False
775328,2024-10-09,2024,668670,R,502171,R,double,False,False
775328,2024-10-09,2024,678009,L,502171,R,field_out,False,False
775328,2024-10-09,2024,681481,L,502171,R,intent_walk,False,True
775328,2024-10-09,2024,663837,R,502171,R,sac_fly,False,False
775328,2024-10-09,2024,682985,L,502171,R,field_out,False,False
775328,2024-10-09,2024,657041,R,676428,L,field_out,False,False
775328,2024-10-09,2024,665926,L,676428,L,field_out,False,False
775328,2024-10-09,2024,678877,R,676428,L,field_out,False,False
775328,2024-10-09,2024,672761,R,681870,L,field_error,False,False
775328,2024-10-09,2024,690993,L,681870,L,strikeout,True,False
775328,2024-10-09,2024,679529,R,681870,L,strikeout,True,False
775328,2024-10-09,2024,700242,L,681870,L,field_out,False,False
775328,2024-10-09,2024,666310,L,676428,L,field_out,False,False
775328,2024-10-09,2024,677587,R,676428,L,single,False,False
775328,2024-10-09,2024,680757,L,676428,L,single,False,False
775328,2024-10-09,2024,681807,R,689225,R,strikeout,True,False
775328,2024-10-09,2024,608070,L,689225,R,field_out,False,False
775328,2024-10-09,2024,668670,R,681870,L,walk,False,True
775328,2024-10-09,2024,678009,L,681870,L,field_out,False,False
775328,2024-10-09,2024,669234,R,682120,L,walk,False,True
775328,2024-10-09,2024,663837,R,682120,L,field_out,False,False
775328,2024-10-09,2024,682985,L,682120,L,field_out,False,False
775328,2024-10-09,2024,647304,L,689225,R,field_out,False,False
775328,2024-10-09,2024,657041,R,689225,R,field_out,False,False
775328,2024-10-09,2024,665926,L,689225,R,strikeout,True,False
775328,2024-10-09,2024,672761,L,669212,R,strikeout,True,False
775328,2024-10-09,2024,690993,L,669212,R,single,False,False
775328,2024-10-09,2024,679529,R,669212,R,double,False,False
775328,2024-10-09,2024,700242,L,669212,R,strikeout,True,False
775328,2024-10-09,2024,668670,R,671922,R,strikeout,True,False
775328,2024-10-09,2024,678877,R,689225,R,strikeout,True,False
775328,2024-10-09,2024,682657,R,674944,L,field_out,False,False
775328,2024-10-09,2024,677587,R,674944,L,walk,False,True
775328,2024-10-09,2024,680757,L,674944,L,single,False,False
775328,2024-10-09,2024,681807,R,676684,R,field_out,False,False
775328,2024-10-09,2024,678009,L,689958,R,strikeout,True,False
775328,2024-10-09,2024,690291,L,689958,R,field_out,False,False
775328,2024-10-09,2024,663837,R,689958,R,field_out,False,False
775328,2024-10-09,2024,608070,L,676684,R,field_out,False,False
775328,2024-10-09,2024,647304,L,676684,R,field_out,False,False
775328,2024-10-09,2024,657041,R,676684,R,strikeout,True,False
775328,2024-10-09,2024,682985,L,676282,L,field_out,False,False
775328,2024-10-09,2024,672761,R,676282,L,strikeout,True,False
775328,2024-10-09,2024,628451,R,676282,L,field_out,False,False
775328,2024-10-09,2024,665926,L,663947,L,field_out,False,False
775328,2024-10-09,2024,678877,R,663947,L,field_out,False,False
775328,2024-10-09,2024,595978,R,663947,L,strikeout,True,False
775320,2024-10-10,2024,660271,L,656302,R,field_out,False,False
775320,2024-10-10,2024,605141,R,656302,R,home_run,False,False
775320,2024-10-10,2024,606192,R,656302,R,single,False,False
775320,2024-10-10,2024,571970,L,656302,R,field_out,False,False
775320,2024-10-10,2024,669257,R,656302,R,field_out,False,False
775320,2024-10-10,2024,650333,L,518489,R,field_out,False,False
775320,2024-10-10,2024,665487,R,518489,R,strikeout,True,False
775320,2024-10-10,2024,595777,L,518489,R,field_out,False,False
775320,2024-10-10,2024,669242,L,656302,R,field_out,False,False
775320,2024-10-10,2024,666158,L,656302,R,walk,False,True
775320,2024-10-10,2024,571771,R,656302,R,single,False,False
775320,2024-10-10,2024,621035,R,656302,R,strikeout,True,False
775320,2024-10-10,2024,660271,L,656302,R,single,False,False
775320,2024-10-10,2024,605141,R,663773,R,single,False,False
775320,2024-10-10,2024,606192,R,663773,R,field_out,False,False
775320,2024-10-10,2024,592518,R,518489,R,field_out,False,False
775320,2024-10-10,2024,701538,L,607455,L,strikeout,True,False
775320,2024-10-10,2024,593428,R,607455,L,walk,False,True
775320,2024-10-10,2024,444482,L,607455,L,single,False,False
775320,2024-10-10,2024,630105,L,607455,L,field_out,False,False
775320,2024-10-10,2024,571970,L,663773,R,double,False,False
775320,2024-10-10,2024,669257,R,663773,R,home_run,False,False
775320,2024-10-10,2024,669242,L,663773,R,strikeout,True,False
775320,2024-10-10,2024,666158,L,670970,L,field_out,False,False
775320,2024-10-10,2024,571771,R,670970,L,field_out,False,False
775320,2024-10-10,2024,543309,R,656629,R,strikeout,True,False
775320,2024-10-10,2024,650333,L,656629,R,field_out,False,False
775320,2024-10-10,2024,665487,R,656629,R,double,False,False
775320,2024-10-10,2024,595777,L,656629,R,field_out,False,False
775320,2024-10-10,2024,621035,R,670970,L,strikeout,True,False
775320,2024-10-10,2024,660271,L,670970,L,walk,False,True
775320,2024-10-10,2024,605141,R,670970,L,field_out,False,False
775320,2024-10-10,2024,606192,R,670970,L,single,False,False
775320,2024-10-10,2024,592518,R,681911,L,strikeout,True,False
775320,2024-10-10,2024,701538,L,681911,L,field_out,False,False
775320,2024-10-10,2024,593428,R,681911,L,field_out,False,False
775320,2024-10-10,2024,571970,L,670970,L,field_out,False,False
775320,2024-10-10,2024,669257,R,669093,R,field_out,False,False
775320,2024-10-10,2024,669242,R,669093,R,field_out,False,False
775320,2024-10-10,2024,444482,L,681911,L,single,False,False
775320,2024-10-10,2024,630105,L,681911,L,walk,False,True
775320,2024-10-10,2024,543309,R,681911,L,strikeout,True,False
775320,2024-10-10,2024,650333,L,681911,L,field_out,False,False
775320,2024-10-10,2024,665487,R,623465,R,field_out,False,False
775320,2024-10-10,2024,666158,L,669093,R,single,False,False
775320,2024-10-10,2024,571771,R,669093,R,strikeout,True,False
775320,2024-10-10,2024,621035,R,669093,R,strikeout,True,False
775320,2024-10-10,2024,660271,L,669093,R,walk,False,True
775320,2024-10-10,2024,605141,R,689690,R,field_out,False,False
775320,2024-10-10,2024,595777,L,623465,R,field_out,False,False
775320,2024-10-10,2024,592518,R,623465,R,field_out,False,False
775320,2024-10-10,2024,701538,L,623465,R,field_out,False,False
775320,2024-10-10,2024,606192,R,689690,R,strikeout,True,False
775320,2024-10-10,2024,571970,L,689690,R,hit_by_pitch,False,False
775320,2024-10-10,2024,669257,R,689690,R,fielders_choice,False,False
775320,2024-10-10,2024,669242,L,689690,R,sac_bunt,False,False
775320,2024-10-10,2024,666158,L,593974,L,home_run,False,False
775320,2024-10-10,2024,571771,R,593974,L,single,False,False
775320,2024-10-10,2024,621035,R,593974,L,strikeout,True,False
775320,2024-10-10,2024,593428,R,543339,R,strikeout,True,False
775320,2024-10-10,2024,444482,L,543339,R,field_out,False,False
775320,2024-10-10,2024,630105,L,543339,R,triple,False,False
775320,2024-10-10,2024,543309,R,543339,R,field_out,False,False
775320,2024-10-10,2024,660271,L,593974,L,strikeout,True,False
775320,2024-10-10,2024,605141,R,593974,L,strikeout,True,False
775320,2024-10-10,2024,606192,R,593974,L,field_out,False,False
775320,2024-10-10,2024,650333,L,595014,R,single,False,False
775320,2024-10-10,2024,665487,R,595014,R,force_out,False,False
775320,2024-10-10,2024,595777,L,595014,R,single,False,False
775320,2024-10-10,2024,592518,R,595014,R,strikeout,True,False
775320,2024-10-10,2024,701538,L,595014,R,field_out,False,False
775320,2024-10-10,2024,571970,L,673513,L,strikeout,True,False
775320,2024-10-10,2024,669257,R,673513,L,field_out,False,False
775320,2024-10-10,2024,669242,R,673513,L,single,False,False
775320,2024-10-10,2024,666158,L,673513,L,field_out,False,False
775320,2024-10-10,2024,593428,R,689017,R,single,False,False
775320,2024-10-10,2024,444482,L,689017,R,field_out,False,False
775320,2024-10-10,2024,630105,L,689017,R,strikeout,True,False
775320,2024-10-10,2024,543309,R,689017,R,field_out,False,False
775327,2024-10-10,2024,680757,L,681857,R,single,False,False
775327,2024-10-10,2024,700932,L,681857,R,single,False,False
775327,2024-10-10,2024,608070,L,681857,R,field_out,False,False
775327,2024-10-10,2024,647304,L,681857,R,strikeout,True,False
775327,2024-10-10,2024,657041,R,681857,R,single,False,False
775327,2024-10-10,2024,686823,L,681857,R,field_out,False,False
775327,2024-10-10,2024,678009,L,676440,R,double,False,False
775327,2024-10-10,2024,681481,L,676440,R,strikeout,True,False
775327,2024-10-10,2024,663837,R,676440,R,field_out,False,False
775327,2024-10-10,2024,682985,L,676440,R,field_out,False,False
775327,2024-10-10,2024,665926,L,681857,R,strikeout,True,False
775327,2024-10-10,2024,666310,L,681857,R,strikeout,True,False
775327,2024-10-10,2024,677587,L,681857,R,walk,False,True
775327,2024-10-10,2024,680757,L,681857,R,field_out,False,False
775327,2024-10-10,2024,690993,L,676440,R,walk,False,True
775327,2024-10-10,2024,679529,R,676440,R,single,False,False
775327,2024-10-10,2024,656716,L,676440,R,walk,False,True
775327,2024-10-10,2024,700242,L,676440,R,sac_fly,False,False
775327,2024-10-10,2024,668670,R,676440,R,double_play,False,False
775327,2024-10-10,2024,700932,L,681857,R,field_out,False,False
775327,2024-10-10,2024,608070,L,681857,R,field_out,False,False
775327,2024-10-10,2024,647304,L,681857,R,single,False,False
775327,2024-10-10,2024,657041,R,681857,R,single,False,False
775327,2024-10-10,2024,686823,L,681857,R,strikeout,True,False
775327,2024-10-10,2024,678009,L,676440,R,field_out,False,False
775327,2024-10-10,2024,681481,L,676440,R,strikeout,True,False
775327,2024-10-10,2024,663837,R,676440,R,field_out,False,False
775327,2024-10-10,2024,665926,L,681857,R,field_out,False,False
775327,2024-10-10,2024,666310,L,681857,R,field_out,False,False
775327,2024-10-10,2024,677587,L,681857,R,field_out,False,False
775327,2024-10-10,2024,682985,L,676440,R,single,False,False
775327,2024-10-10,2024,690993,L,676440,R,strikeout,True,False
775327,2024-10-10,2024,679529,R,676440,R,grounded_into_double_play,False,False
775327,2024-10-10,2024,680757,L,663947,L,field_out,False,False
775327,2024-10-10,2024,700932,L,663947,L,field_out,False,False
775327,2024-10-10,2024,608070,R,663947,L,home_run,False,False
775327,2024-10-10,2024,647304,L,663947,L,field_out,False,False
775327,2024-10-10,2024,656716,L,676440,R,home_run,False,False
775327,2024-10-10,2024,700242,L,671922,R,strikeout,True,False
775327,2024-10-10,2024,668670,R,671922,R,field_out,False,False
775327,2024-10-10,2024,678009,L,671922,R,field_out,False,False
775327,2024-10-10,2024,657041,R,663947,L,field_out,False,False
775327,2024-10-10,2024,686823,L,663947,L,field_out,False,False
775327,2024-10-10,2024,665926,L,663947,L,strikeout,True,False
775327,2024-10-10,2024,681481,L,671922,R,single,False,False
775327,2024-10-10,2024,663837,R,671922,R,strikeout,True,False
775327,2024-10-10,2024,682985,L,671922,R,walk,False,True
775327,2024-10-11,2024,690993,L,683769,R,strikeout,True,False
775327,2024-10-11,2024,672761,L,683769,R,single,False,False
775327,2024-10-11,2024,656716,L,683769,R,hit_by_pitch,False,False
775327,2024-10-11,2024,700242,L,683769,R,field_out,False,False
775327,2024-10-11,2024,678877,R,674944,L,field_out,False,False
775327,2024-10-11,2024,677587,R,674944,L,field_out,False,False
775327,2024-10-11,2024,680757,L,674944,L,single,False,False
775327,2024-10-11,2024,681807,R,689225,R,home_run,False,False
775327,2024-10-11,2024,608070,L,689225,R,field_out,False,False
775327,2024-10-11,2024,668670,R,683769,R,strikeout,True,False
775327,2024-10-11,2024,678009,L,683769,R,field_out,False,False
775327,2024-10-11,2024,690291,L,683769,R,walk,False,True
775327,2024-10-11,2024,663837,R,683769,R,strikeout,True,False
775327,2024-10-11,2024,647304,L,695549,R,field_out,False,False
775327,2024-10-11,2024,657041,R,695549,R,field_out,False,False
775327,2024-10-11,2024,686823,L,695549,R,double,False,False
775327,2024-10-11,2024,665926,L,695549,R,field_out,False,False
775327,2024-10-11,2024,682985,L,682120,L,single,False,False
775327,2024-10-11,2024,628451,R,682120,L,field_out,False,False
775327,2024-10-11,2024,672761,R,682120,L,single,False,False
775327,2024-10-11,2024,656716,L,661403,R,field_out,False,False
775327,2024-10-11,2024,700242,L,661403,R,strikeout,True,False
775327,2024-10-11,2024,595978,R,695549,R,field_out,False,False
775327,2024-10-11,2024,677587,L,695549,R,single,False,False
775327,2024-10-11,2024,680757,L,695549,R,single,False,False
775327,2024-10-11,2024,681807,R,676684,R,sac_bunt,False,False
775327,2024-10-11,2024,608070,L,676684,R,strikeout,True,False
775327,2024-10-11,2024,647304,L,676684,R,field_out,False,False
775327,2024-10-11,2024,669234,R,661403,R,double,False,False
775327,2024-10-11,2024,678009,L,661403,R,field_out,False,False
775327,2024-10-11,2024,690291,L,661403,R,field_out,False,False
775327,2024-10-11,2024,663837,R,661403,R,strikeout,True,False
775331,2024-10-11,2024,650402,R,608379,R,double,False,False
775331,2024-10-11,2024,665742,L,608379,R,single,False,False
775331,2024-10-11,2024,592450,R,608379,R,grounded_into_double_play,False,False
775331,2024-10-11,2024,669224,L,608379,R,field_out,False,False
775331,2024-10-11,2024,686681,L,543037,R,strikeout,True,False
775331,2024-10-11,2024,677951,R,543037,R,field_out,False,False
775331,2024-10-11,2024,686469,L,543037,R,strikeout,True,False
775331,2024-10-11,2024,519317,R,608379,R,double,False,False
775331,2024-10-11,2024,665862,L,608379,R,strikeout,True,False
775331,2024-10-11,2024,683011,R,608379,R,field_out,False,False
775331,2024-10-11,2024,657077,L,608379,R,field_out,False,False
775331,2024-10-11,2024,521692,R,543037,R,field_out,False,False
775331,2024-10-11,2024,493329,R,543037,R,field_out,False,False
775331,2024-10-11,2024,669004,L,543037,R,field_out,False,False
775331,2024-10-11,2024,542932,R,608379,R,field_out,False,False
775331,2024-10-11,2024,650402,R,608379,R,field_out,False,False
775331,2024-10-11,2024,665742,L,608379,R,strikeout,True,False
775331,2024-10-11,2024,502054,R,543037,R,single,False,False
775331,2024-10-11,2024,664728,L,543037,R,force_out,False,False
775331,2024-10-11,2024,672580,R,543037,R,field_out,False,False
775331,2024-10-11,2024,686681,L,543037,R,strikeout,True,False
775331,2024-10-11,2024,592450,R,608379,R,walk,False,True
775331,2024-10-11,2024,669224,L,608379,R,grounded_into_double_play,False,False
775331,2024-10-11,2024,519317,R,608379,R,field_out,False,False
775331,2024-10-11,2024,677951,R,543037,R,field_out,False,False
775331,2024-10-11,2024,686469,L,543037,R,field_out,False,False
775331,2024-10-11,2024,521692,R,543037,R,field_out,False,False
775331,2024-10-11,2024,665862,L,608379,R,field_out,False,False
775331,2024-10-11,2024,683011,R,608379,R,single,False,False
775331,2024-10-11,2024,657077,L,608379,R,force_out,False,False
775331,2024-10-11,2024,542932,R,608379,R,single,False,False
775331,2024-10-11,2024,650402,R,608379,R,single,False,False
775331,2024-10-11,2024,665742,L,668674,R,field_out,False,False
775331,2024-10-11,2024,493329,R,543037,R,field_out,False,False
775331,2024-10-11,2024,669004,L,543037,R,field_out,False,False
775331,2024-10-11,2024,502054,R,543037,R,single,False,False
775331,2024-10-11,2024,664728,L,543037,R,strikeout,True,False
775331,2024-10-11,2024,592450,R,668674,R,double,False,False
775331,2024-10-11,2024,669224,L,668674,R,field_out,False,False
775331,2024-10-11,2024,519317,R,668674,R,single,False,False
775331,2024-10-11,2024,665862,L,668674,R,walk,False,True
775331,2024-10-11,2024,683011,R,668674,R,double_play,False,False
775331,2024-10-11,2024,672580,R,543037,R,single,False,False
775331,2024-10-11,2024,686681,L,543037,R,grounded_into_double_play,False,False
775331,2024-10-11,2024,677951,R,543037,R,single,False,False
775331,2024-10-11,2024,686469,L,543037,R,double,False,False
775331,2024-10-11,2024,521692,R,543037,R,field_out,False,False
775331,2024-10-11,2024,657077,L,672582,L,field_out,False,False
775331,2024-10-11,2024,542932,R,672582,L,field_out,False,False
775331,2024-10-11,2024,650402,R,672582,L,strikeout,True,False
775331,2024-10-11,2024,493329,R,543037,R,field_out,False,False
775331,2024-10-11,2024,669004,L,543037,R,field_out,False,False
775331,2024-10-11,2024,502054,R,543037,R,single,False,False
775331,2024-10-11,2024,664728,L,543037,R,field_out,False,False
775331,2024-10-11,2024,665742,L,672582,L,field_out,False,False
775331,2024-10-11,2024,592450,R,670167,R,walk,False,True
775331,2024-10-11,2024,669224,L,670167,R,strikeout,True,False
775331,2024-10-11,2024,519317,R,670167,R,intent_walk,False,True
775331,2024-10-11,2024,665862,L,669674,L,field_out,False,False
775331,2024-10-11,2024,672580,R,605280,R,strikeout,True,False
775331,2024-10-11,2024,686681,L,605280,R,field_out,False,False
775331,2024-10-11,2024,677951,R,605280,R,field_out,False,False
775331,2024-10-11,2024,683011,R,669674,L,field_out,False,False
775331,2024-10-11,2024,657077,L,669674,L,field_out,False,False
775331,2024-10-11,2024,542932,R,669674,L,walk,False,True
775331,2024-10-11,2024,650402,R,669674,L,field_out,False,False
775331,2024-10-11,2024,686469,L,596133,R,strikeout,True,False
775331,2024-10-11,2024,521692,R,596133,R,strikeout,True,False
775331,2024-10-11,2024,493329,R,596133,R,field_out,False,False
775326,2024-10-12,2024,669234,R,571510,L,hit_by_pitch,False,False
775326,2024-10-12,2024,663837,R,571510,L,strikeout,True,False
775326,2024-10-12,2024,682985,L,571510,L,walk,False,True
775326,2024-10-12,2024,628451,R,571510,L,strikeout,True,False
775326,2024-10-12,2024,672761,R,571510,L,strikeout,True,False
775326,2024-10-12,2024,680757,L,669373,L,single,False,False
775326,2024-10-12,2024,681807,R,669373,L,strikeout,True,False
775326,2024-10-12,2024,608070,R,669373,L,field_out,False,False
775326,2024-10-12,2024,657041,R,669373,L,force_out,False,False
775326,2024-10-12,2024,679529,R,571510,L,strikeout,True,False
775326,2024-10-12,2024,678009,L,571510,L,double,False,False
775326,2024-10-12,2024,668670,R,571510,L,field_out,False,False
775326,2024-10-12,2024,700242,L,571510,L,strikeout,True,False
775326,2024-10-12,2024,647304,L,669373,L,field_out,False,False
775326,2024-10-12,2024,678877,R,669373,L,strikeout,True,False
775326,2024-10-12,2024,666310,L,669373,L,field_out,False,False
775326,2024-10-12,2024,669234,R,671922,R,field_out,False,False
775326,2024-10-12,2024,663837,R,671922,R,field_out,False,False
775326,2024-10-12,2024,682985,L,671922,R,strikeout,True,False
775326,2024-10-12,2024,665926,L,669373,L,strikeout,True,False
775326,2024-10-12,2024,677587,R,669373,L,single,False,False
775326,2024-10-12,2024,680757,L,669373,L,field_error,False,False
775326,2024-10-12,2024,681807,R,669373,L,strikeout,True,False
775326,2024-10-12,2024,608070,R,669373,L,intent_walk,False,True
775326,2024-10-12,2024,657041,R,669373,L,field_out,False,False
775326,2024-10-12,2024,690993,L,671922,R,strikeout,True,False
775326,2024-10-12,2024,672761,L,671922,R,strikeout,True,False
775326,2024-10-12,2024,679529,R,671922,R,double,False,False
775326,2024-10-12,2024,678009,L,681870,L,walk,False,True
775326,2024-10-12,2024,668670,R,681870,L,field_out,False,False
775326,2024-10-12,2024,647304,L,669373,L,field_out,False,False
775326,2024-10-12,2024,678877,R,669373,L,field_out,False,False
775326,2024-10-12,2024,666310,L,669373,L,field_out,False,False
775326,2024-10-12,2024,700242,L,689958,R,walk,False,True
775326,2024-10-12,2024,681481,L,689958,R,single,False,False
775326,2024-10-12,2024,663837,R,689958,R,strikeout,True,False
775326,2024-10-12,2024,682985,L,682120,L,grounded_into_double_play,False,False
775326,2024-10-12,2024,665926,L,669373,L,single,False,False
775326,2024-10-12,2024,677587,R,669373,L,strikeout,True,False
775326,2024-10-12,2024,680757,L,669373,L,single,False,False
775326,2024-10-12,2024,681807,R,669373,L,single,False,False
775326,2024-10-12,2024,608070,R,669373,L,hit_by_pitch,False,False
775326,2024-10-12,2024,657041,R,669373,L,home_run,False,False
775326,2024-10-12,2024,647304,L,669373,L,field_out,False,False
775326,2024-10-12,2024,678877,R,669373,L,field_out,False,False
775326,2024-10-12,2024,690993,L,682120,L,strikeout,True,False
775326,2024-10-12,2024,672761,R,682120,L,field_out,False,False
775326,2024-10-12,2024,679529,R,682120,L,double,False,False
775326,2024-10-12,2024,678009,L,682120,L,walk,False,True
775326,2024-10-12,2024,668670,R,683769,R,single,False,False
775326,2024-10-12,2024,700242,L,683769,R,walk,False,True
775326,2024-10-12,2024,681481,L,683769,R,strikeout,True,False
775326,2024-10-12,2024,666310,L,669373,L,strikeout,True,False
775326,2024-10-12,2024,665926,L,669373,L,field_out,False,False
775326,2024-10-12,2024,677587,R,669373,L,field_out,False,False
775326,2024-10-12,2024,663837,R,683769,R,strikeout,True,False
775326,2024-10-12,2024,682985,L,683769,R,single,False,False
775326,2024-10-12,2024,690993,L,683769,R,double,False,False
775326,2024-10-12,2024,672761,L,669212,R,strikeout,True,False
775326,2024-10-12,2024,679529,R,669212,R,strikeout,True,False
775326,2024-10-12,2024,680757,L,676684,R,single,False,False
775326,2024-10-12,2024,681807,R,676684,R,strikeout,True,False
775326,2024-10-12,2024,608070,L,676684,R,single,False,False
775326,2024-10-12,2024,657041,R,676684,R,single,False,False
775326,2024-10-12,2024,647304,L,663947,L,strikeout,True,False
775326,2024-10-12,2024,678877,R,663947,L,field_out,False,False
775326,2024-10-12,2024,678009,L,669212,R,walk,False,True
775326,2024-10-12,2024,668670,R,661403,R,field_out,False,False
775326,2024-10-12,2024,700242,L,661403,R,field_out,False,False
775326,2024-10-12,2024,681481,L,661403,R,strikeout,True,False
775326,2024-10-12,2024,595978,R,663947,L,strikeout,True,False
775326,2024-10-12,2024,665926,L,663947,L,double,False,False
775326,2024-10-12,2024,677587,R,663947,L,single,False,False
775326,2024-10-12,2024,680757,L,663947,L,strikeout,True,False
775326,2024-10-12,2024,681807,R,689225,R,force_out,False,False
775326,2024-10-12,2024,663837,R,661403,R,strikeout,True,False
775326,2024-10-12,2024,682985,L,661403,R,field_out,False,False
775326,2024-10-12,2024,690993,L,661403,R,field_out,False,False
775317,2024-10-12,2024,650333,L,808967,R,field_out,False,False
775317,2024-10-12,2024,665487,R,808967,R,strikeout,True,False
775317,2024-10-12,2024,595777,L,808967,R,field_out,False,False
775317,2024-10-12,2024,660271,L,506433,R,strikeout,True,False
775317,2024-10-12,2024,605141,R,506433,R,field_out,False,False
775317,2024-10-12,2024,518692,L,506433,R,single,False,False
775317,2024-10-12,2024,606192,R,506433,R,field_out,False,False
775317,2024-10-12,2024,592518,R,808967,R,field_out,False,False
775317,2024-10-12,2024,701538,L,808967,R,field_out,False,False
775317,2024-10-12,2024,593428,R,808967,R,walk,False,True
775317,2024-10-12,2024,444482,L,808967,R,field_out,False,False
775317,2024-10-12,2024,571970,L,506433,R,walk,False,True
775317,2024-10-12,2024,669257,R,506433,R,grounded_into_double_play,False,False
775317,2024-10-12,2024,571771,R,506433,R,home_run,False,False
775317,2024-10-12,2024,666158,L,506433,R,field_out,False,False
775317,2024-10-12,2024,630105,L,808967,R,field_out,False,False
775317,2024-10-12,2024,543309,R,808967,R,single,False,False
775317,2024-10-12,2024,650333,L,808967,R,single,False,False
775317,2024-10-12,2024,665487,R,808967,R,grounded_into_double_play,False,False
775317,2024-10-12,2024,669242,L,506433,R,field_out,False,False
775317,2024-10-12,2024,660271,L,506433,R,field_out,False,False
775317,2024-10-12,2024,605141,R,506433,R,field_out,False,False
775317,2024-10-12,2024,595777,L,808967,R,field_out,False,False
775317,2024-10-12,2024,592518,R,808967,R,field_out,False,False
775317,2024-10-12,2024,701538,L,808967,R,field_out,False,False
775317,2024-10-12,2024,518692,L,506433,R,field_out,False,False
775317,2024-10-12,2024,606192,R,506433,R,strikeout,True,False
775317,2024-10-12,2024,571970,L,506433,R,field_out,False,False
775317,2024-10-12,2024,593428,R,808967,R,strikeout,True,False
775317,2024-10-12,2024,444482,L,808967,R,field_out,False,False
775317,2024-10-12,2024,630105,L,808967,R,field_out,False,False
775317,2024-10-12,2024,669257,R,506433,R,field_out,False,False
775317,2024-10-12,2024,571771,R,506433,R,strikeout,True,False
775317,2024-10-12,2024,666158,L,506433,R,field_out,False,False
775317,2024-10-12,2024,543309,R,623465,R,strikeout,True,False
775317,2024-10-12,2024,650333,L,623465,R,field_out,False,False
775317,2024-10-12,2024,665487,R,623465,R,field_out,False,False
775317,2024-10-12,2024,669242,L,506433,R,field_out,False,False
775317,2024-10-12,2024,660271,L,506433,R,strikeout,True,False
775317,2024-10-12,2024,605141,R,506433,R,field_out,False,False
775317,2024-10-12,2024,595777,L,623465,R,strikeout,True,False
775317,2024-10-12,2024,592518,R,623465,R,strikeout,True,False
775317,2024-10-12,2024,701538,L,681911,L,strikeout,True,False
775317,2024-10-12,2024,518692,L,506433,R,field_out,False,False
775317,2024-10-12,2024,606192,R,506433,R,home_run,False,False
775317,2024-10-12,2024,571970,L,506433,R,field_out,False,False
775317,2024-10-12,2024,669257,R,592094,R,single,False,False
775317,2024-10-12,2024,571771,R,592094,R,field_out,False,False
775317,2024-10-12,2024,593428,R,656629,R,field_out,False,False
775317,2024-10-12,2024,444482,L,656629,R,field_out,False,False
775317,2024-10-12,2024,630105,L,656629,R,strikeout,True,False
775317,2024-10-12,2024,666158,L,592094,R,field_out,False,False
775317,2024-10-12,2024,669242,L,592094,R,field_out,False,False
775317,2024-10-12,2024,660271,L,656945,L,strikeout,True,False
775317,2024-10-12,2024,456781,R,595014,R,field_out,False,False
775317,2024-10-12,2024,650333,L,595014,R,field_out,False,False
775317,2024-10-12,2024,665487,R,595014,R,field_out,False,False
775307,2024-10-14,2024,596019,L,656427,R,field_out,False,False
775307,2024-10-14,2024,668901,R,656427,R,strikeout,True,False
775307,2024-10-14,2024,607043,L,656427,R,field_out,False,False
775307,2024-10-14,2024,660271,L,673540,R,field_out,False,False
775307,2024-10-14,2024,605141,R,673540,R,walk,False,True
775307,2024-10-14,2024,518692,L,673540,R,walk,False,True
775307,2024-10-14,2024,606192,R,673540,R,walk,False,True
775307,2024-10-14,2024,669257,R,673540,R,field_out,False,False
775307,2024-10-14,2024,571970,L,673540,R,single,False,False
775307,2024-10-14,2024,571771,R,673540,R,field_out,False,False
775307,2024-10-14,2024,624413,R,656427,R,strikeout,True,False
775307,2024-10-14,2024,516782,R,656427,R,strikeout,True,False
775307,2024-10-14,2024,608385,L,656427,R,field_out,False,False
775307,2024-10-14,2024,666158,L,673540,R,walk,False,True
775307,2024-10-14,2024,669242,L,673540,R,sac_bunt,False,False
775307,2024-10-14,2024,660271,L,673540,R,single,False,False
775307,2024-10-14,2024,605141,R,657585,R,field_out,False,False
775307,2024-10-14,2024,518692,L,657585,R,caught_stealing_2b,False,False
775307,2024-10-14,2024,578428,R,656427,R,field_out,False,False
775307,2024-10-14,2024,621438,R,656427,R,field_out,False,False
775307,2024-10-14,2024,682626,R,656427,R,strikeout,True,False
775307,2024-10-14,2024,518692,L,657585,R,single,False,False
775307,2024-10-14,2024,606192,R,657585,R,strikeout,True,False
775307,2024-10-14,2024,669257,R,657585,R,strikeout,True,False
775307,2024-10-14,2024,571970,L,656849,L,strikeout,True,False
775307,2024-10-14,2024,596019,L,656427,R,walk,False,True
775307,2024-10-14,2024,668901,R,656427,R,strikeout,True,False
775307,2024-10-14,2024,607043,L,656427,R,field_out,False,False
775307,2024-10-14,2024,624413,R,656427,R,walk,False,True
775307,2024-10-14,2024,516782,R,656427,R,field_out,False,False
775307,2024-10-14,2024,571771,R,656849,L,single,False,False
775307,2024-10-14,2024,666158,L,656849,L,sac_bunt,False,False
775307,2024-10-14,2024,669242,R,656849,L,single,False,False
775307,2024-10-14,2024,660271,L,656849,L,single,False,False
775307,2024-10-14,2024,605141,R,656849,L,field_out,False,False
775307,2024-10-14,2024,518692,L,656849,L,single,False,False
775307,2024-10-14,2024,606192,R,656849,L,field_out,False,False
775307,2024-10-14,2024,608385,L,656427,R,single,False,False
775307,2024-10-14,2024,578428,R,656427,R,single,False,False
775307,2024-10-14,2024,621438,R,656427,R,field_out,False,False
775307,2024-10-14,2024,682626,R,656427,R,field_out,False,False
775307,2024-10-14,2024,669257,R,656849,L,walk,False,True
775307,2024-10-14,2024,571970,L,656849,L,field_out,False,False
775307,2024-10-14,2024,571771,R,656849,L,strikeout,True,False
775307,2024-10-14,2024,666158,L,656849,L,field_out,False,False
775307,2024-10-14,2024,596019,L,656427,R,strikeout,True,False
775307,2024-10-14,2024,668901,R,656427,R,field_out,False,False
775307,2024-10-14,2024,607043,L,656427,R,field_out,False,False
775307,2024-10-14,2024,669242,R,664849,L,field_out,False,False
775307,2024-10-14,2024,660271,L,664849,L,field_out,False,False
775307,2024-10-14,2024,605141,R,664849,L,field_out,False,False
775307,2024-10-14,2024,624413,R,656427,R,field_out,False,False
775307,2024-10-14,2024,516782,R,656427,R,field_out,False,False
775307,2024-10-14,2024,608385,L,656427,R,field_out,False,False
775307,2024-10-14,2024,518692,L,664849,L,field_out,False,False
775307,2024-10-14,2024,606192,R,664849,L,walk,False,True
775307,2024-10-14,2024,669257,R,676130,R,strikeout,True,False
775307,2024-10-14,2024,571970,L,676130,R,field_out,False,False
775307,2024-10-14,2024,578428,R,543339,R,walk,False,True
775307,2024-10-14,2024,643446,L,543339,R,field_out,False,False
775307,2024-10-14,2024,682626,R,543339,R,single,False,False
775307,2024-10-14,2024,596019,L,543339,R,field_out,False,False
775307,2024-10-14,2024,668901,R,543339,R,strikeout,True,False
775307,2024-10-14,2024,571771,R,676130,R,single,False,False
775307,2024-10-14,2024,595281,L,676130,R,fielders_choice,False,False
775307,2024-10-14,2024,669242,L,676130,R,field_out,False,False
775307,2024-10-14,2024,660271,L,676130,R,walk,False,True
775307,2024-10-14,2024,605141,R,676130,R,double,False,False
775307,2024-10-14,2024,621035,R,676130,R,field_out,False,False
775307,2024-10-14,2024,606192,R,676130,R,strikeout,True,False
775307,2024-10-14,2024,682668,R,676508,R,field_out,False,False
775307,2024-10-14,2024,624413,R,676508,R,field_out,False,False
775307,2024-10-14,2024,516782,R,676508,R,strikeout,True,False
775306,2024-10-14,2024,596019,L,518489,R,home_run,False,False
775306,2024-10-14,2024,668901,R,518489,R,field_out,False,False
775306,2024-10-14,2024,607043,L,518489,R,walk,False,True
775306,2024-10-14,2024,624413,R,518489,R,grounded_into_double_play,False,False
775306,2024-10-14,2024,660271,L,640455,L,strikeout,True,False
775306,2024-10-14,2024,605141,R,640455,L,strikeout,True,False
775306,2024-10-14,2024,606192,R,640455,L,walk,False,True
775306,2024-10-14,2024,518692,L,640455,L,field_out,False,False
775306,2024-10-14,2024,516782,R,689017,R,single,False,False
775306,2024-10-14,2024,608385,L,689017,R,walk,False,True
775306,2024-10-14,2024,578428,R,689017,R,field_out,False,False
775306,2024-10-14,2024,621438,R,689017,R,double,False,False
775306,2024-10-14,2024,682626,R,689017,R,field_out,False,False
775306,2024-10-14,2024,596019,L,689017,R,intent_walk,False,True
775306,2024-10-14,2024,668901,R,689017,R,home_run,False,False
775306,2024-10-14,2024,607043,L,689017,R,strikeout,True,False
775306,2024-10-14,2024,669257,R,640455,L,strikeout,True,False
775306,2024-10-14,2024,669242,R,640455,L,single,False,False
775306,2024-10-14,2024,571970,L,640455,L,field_out,False,False
775306,2024-10-14,2024,571771,R,640455,L,walk,False,True
775306,2024-10-14,2024,681624,R,640455,L,strikeout,True,False
775306,2024-10-14,2024,624413,R,689017,R,single,False,False
775306,2024-10-14,2024,516782,R,689017,R,field_out,False,False
775306,2024-10-14,2024,608385,L,689017,R,strikeout,True,False
775306,2024-10-14,2024,578428,R,689017,R,single,False,False
775306,2024-10-14,2024,621438,R,689017,R,walk,False,True
775306,2024-10-14,2024,682626,R,689017,R,field_out,False,False
775306,2024-10-14,2024,660271,L,640455,L,strikeout,True,False
775306,2024-10-14,2024,605141,R,640455,L,field_out,False,False
775306,2024-10-14,2024,606192,R,640455,L,strikeout,True,False
775306,2024-10-14,2024,596019,R,607455,L,field_out,False,False
775306,2024-10-14,2024,668901,R,607455,L,single,False,False
775306,2024-10-14,2024,607043,L,607455,L,field_out,False,False
775306,2024-10-14,2024,624413,R,607455,L,strikeout,True,False
775306,2024-10-14,2024,518692,L,640455,L,field_out,False,False
775306,2024-10-14,2024,669257,R,640455,L,field_out,False,False
775306,2024-10-14,2024,669242,R,640455,L,field_out,False,False
775306,2024-10-14,2024,516782,R,641703,R,field_out,False,False
775306,2024-10-14,2024,608385,L,641703,R,walk,False,True
775306,2024-10-14,2024,578428,R,641703,R,field_out,False,False
775306,2024-10-14,2024,621438,R,641703,R,hit_by_pitch,False,False
775306,2024-10-14,2024,682626,R,641703,R,field_out,False,False
775306,2024-10-14,2024,571970,L,640455,L,home_run,False,False
775306,2024-10-14,2024,571771,R,640455,L,field_out,False,False
775306,2024-10-14,2024,681624,R,640455,L,strikeout,True,False
775306,2024-10-14,2024,660271,L,640455,L,field_out,False,False
775306,2024-10-14,2024,596019,L,641703,R,single,False,False
775306,2024-10-14,2024,668901,R,641703,R,grounded_into_double_play,False,False
775306,2024-10-14,2024,607043,L,641703,R,field_out,False,False
775306,2024-10-14,2024,605141,R,640455,L,walk,False,True
775306,2024-10-14,2024,606192,R,640455,L,walk,False,True
775306,2024-10-14,2024,518692,L,640455,L,fielders_choice,False,False
775306,2024-10-14,2024,669257,R,664208,R,field_out,False,False
775306,2024-10-14,2024,669242,L,664208,R,single,False,False
775306,2024-10-14,2024,571970,L,664208,R,walk,False,True
775306,2024-10-14,2024,571771,R,664208,R,grounded_into_double_play,False,False
775306,2024-10-14,2024,624413,R,641703,R,field_out,False,False
775306,2024-10-14,2024,516782,R,641703,R,double,False,False
775306,2024-10-14,2024,608385,L,641703,R,strikeout,True,False
775306,2024-10-14,2024,578428,R,641703,R,strikeout,True,False
775306,2024-10-14,2024,681624,R,664208,R,field_out,False,False
775306,2024-10-14,2024,660271,L,664208,R,walk,False,True
775306,2024-10-14,2024,605141,R,592773,R,strikeout,True,False
775306,2024-10-14,2024,606192,R,592773,R,field_out,False,False
775306,2024-10-14,2024,621438,R,683618,R,field_out,False,False
775306,2024-10-14,2024,682626,R,683618,R,walk,False,True
775306,2024-10-14,2024,596019,L,683618,R,field_out,False,False
775306,2024-10-14,2024,668901,R,683618,R,force_out,False,False
775306,2024-10-14,2024,518692,L,592773,R,field_out,False,False
775306,2024-10-14,2024,669257,R,592773,R,field_out,False,False
775306,2024-10-14,2024,669242,L,592773,R,single,False,False
775306,2024-10-14,2024,571970,L,592773,R,walk,False,True
775306,2024-10-14,2024,571771,R,621242,R,field_out,False,False
775306,2024-10-14,2024,607043,L,683618,R,strikeout,True,False
775306,2024-10-14,2024,624413,R,683618,R,walk,False,True
775306,2024-10-14,2024,516782,R,683618,R,single,False,False
775306,2024-10-14,2024,608385,L,683618,R,single,False,False
775306,2024-10-14,2024,578428,R,683618,R,field_out,False,False
775306,2024-10-14,2024,621438,R,683618,R,force_out,False,False
775306,2024-10-14,2024,681624,R,621242,R,single,False,False
775306,2024-10-14,2024,660271,L,621242,R,walk,False,True
775306,2024-10-14,2024,605141,R,621242,R,strikeout,True,False
775306,2024-10-14,2024,606192,R,621242,R,strikeout,True,False
775306,2024-10-14,2024,518692,L,621242,R,strikeout,True,False
775314,2024-10-14,2024,680757,L,607074,L,field_out,False,False
775314,2024-10-14,2024,681807,R,607074,L,single,False,False
775314,2024-10-14,2024,608070,R,607074,L,field_out,False,False
775314,2024-10-14,2024,657041,R,607074,L,strikeout,True,False
775314,2024-10-14,2024,650402,R,502171,R,single,False,False
775314,2024-10-14,2024,665742,L,502171,R,single,False,False
775314,2024-10-14,2024,592450,R,502171,R,strikeout,True,False
775314,2024-10-14,2024,669224,L,502171,R,field_out,False,False
775314,2024-10-14,2024,519317,R,502171,R,field_out,False,False
775314,2024-10-15,2024,647304,L,607074,L,strikeout,True,False
775314,2024-10-15,2024,678877,R,607074,L,single,False,False
775314,2024-10-15,2024,666310,L,607074,L,field_out,False,False
775314,2024-10-15,2024,665926,L,607074,L,strikeout,True,False
775314,2024-10-15,2024,665862,L,502171,R,strikeout,True,False
775314,2024-10-15,2024,683011,R,502171,R,field_out,False,False
775314,2024-10-15,2024,519203,L,502171,R,single,False,False
775314,2024-10-15,2024,657077,L,502171,R,single,False,False
775314,2024-10-15,2024,650402,R,502171,R,force_out,False,False
775314,2024-10-15,2024,677587,R,607074,L,strikeout,True,False
775314,2024-10-15,2024,680757,L,607074,L,field_out,False,False
775314,2024-10-15,2024,681807,R,607074,L,strikeout,True,False
775314,2024-10-15,2024,665742,L,502171,R,home_run,False,False
775314,2024-10-15,2024,592450,R,502171,R,walk,False,True
775314,2024-10-15,2024,669224,L,502171,R,strikeout,True,False
775314,2024-10-15,2024,519317,R,502171,R,walk,False,True
775314,2024-10-15,2024,665862,L,502171,R,field_out,False,False
775314,2024-10-15,2024,683011,R,502171,R,walk,False,True
775314,2024-10-15,2024,519203,L,676282,L,walk,False,True
775314,2024-10-15,2024,657077,L,676282,L,strikeout,True,False
775314,2024-10-15,2024,608070,R,607074,L,field_out,False,False
775314,2024-10-15,2024,657041,R,607074,L,strikeout,True,False
775314,2024-10-15,2024,647304,L,607074,L,strikeout,True,False
775314,2024-10-15,2024,650402,R,676282,L,walk,False,True
775314,2024-10-15,2024,665742,L,676282,L,walk,False,True
775314,2024-10-15,2024,592450,R,658648,R,sac_fly,False,False
775314,2024-10-15,2024,669224,L,658648,R,field_out,False,False
775314,2024-10-15,2024,519317,R,658648,R,field_out,False,False
775314,2024-10-15,2024,678877,R,607074,L,strikeout,True,False
775314,2024-10-15,2024,666310,L,607074,L,field_out,False,False
775314,2024-10-15,2024,665926,L,607074,L,strikeout,True,False
775314,2024-10-15,2024,665862,L,658648,R,field_out,False,False
775314,2024-10-15,2024,683011,R,658648,R,field_out,False,False
775314,2024-10-15,2024,519203,L,658648,R,field_out,False,False
775314,2024-10-15,2024,677587,R,607074,L,home_run,False,False
775314,2024-10-15,2024,680757,L,607074,L,field_out,False,False
775314,2024-10-15,2024,681807,R,607074,L,field_out,False,False
775314,2024-10-15,2024,608070,R,607074,L,field_out,False,False
775314,2024-10-15,2024,657077,L,658648,R,strikeout,True,False
775314,2024-10-15,2024,650402,R,658648,R,field_out,False,False
775314,2024-10-15,2024,665742,L,681870,L,strikeout,True,False
775314,2024-10-15,2024,657041,R,605280,R,field_out,False,False
775314,2024-10-15,2024,647304,L,605280,R,field_out,False,False
775314,2024-10-15,2024,700932,L,605280,R,strikeout,True,False
775314,2024-10-15,2024,592450,R,681870,L,field_out,False,False
775314,2024-10-15,2024,669224,L,681870,L,strikeout,True,False
775314,2024-10-15,2024,519317,R,681870,L,home_run,False,False
775314,2024-10-15,2024,665862,L,681870,L,strikeout,True,False
775314,2024-10-15,2024,595978,R,657612,L,field_out,False,False
775314,2024-10-15,2024,665926,L,657612,L,single,False,False
775314,2024-10-15,2024,677587,R,657612,L,single,False,False
775314,2024-10-15,2024,680757,L,657612,L,single,False,False
775314,2024-10-15,2024,686823,L,596133,R,strikeout,True,False
775314,2024-10-15,2024,608070,L,596133,R,field_out,False,False
775314,2024-10-15,2024,683011,R,689958,R,strikeout,True,False
775314,2024-10-15,2024,519203,L,689958,R,field_out,False,False
775314,2024-10-15,2024,657077,L,689958,R,walk,False,True
775314,2024-10-15,2024,650402,R,689958,R,field_out,False,False
775314,2024-10-15,2024,657041,R,596133,R,walk,False,True
775314,2024-10-15,2024,647304,L,596133,R,strikeout,True,False
775314,2024-10-15,2024,682177,L,596133,R,strikeout,True,False
775314,2024-10-15,2024,595978,R,596133,R,strikeout,True,False
775312,2024-10-15,2024,680757,L,543037,R,field_out,False,False
775312,2024-10-15,2024,700932,L,543037,R,strikeout,True,False
775312,2024-10-15,2024,608070,L,543037,R,field_out,False,False
775312,2024-10-15,2024,650402,R,676440,R,double,False,False
775312,2024-10-15,2024,665742,L,676440,R,single,False,False
775312,2024-10-15,2024,592450,R,676440,R,field_error,False,False
775312,2024-10-15,2024,669224,L,676440,R,strikeout,True,False
775312,2024-10-15,2024,519317,R,676440,R,field_out,False,False
775312,2024-10-16,2024,665862,L,676440,R,strikeout,True,False
775312,2024-10-16,2024,647304,L,543037,R,single,False,False
775312,2024-10-16,2024,657041,R,543037,R,field_out,False,False
775312,2024-10-16,2024,686823,L,543037,R,strikeout,True,False
775312,2024-10-16,2024,665926,L,543037,R,field_out,False,False
775312,2024-10-16,2024,683011,R,676440,R,single,False,False
775312,2024-10-16,2024,519203,L,676440,R,single,False,False
775312,2024-10-16,2024,657077,L,676440,R,double,False,False
775312,2024-10-16,2024,650402,R,676440,R,field_out,False,False
775312,2024-10-16,2024,665742,L,676440,R,intent_walk,False,True
775312,2024-10-16,2024,592450,R,671922,R,sac_fly,False,False
775312,2024-10-16,2024,669224,L,671922,R,strikeout,True,False
775312,2024-10-16,2024,666310,L,543037,R,strikeout,True,False
775312,2024-10-16,2024,677587,L,543037,R,single,False,False
775312,2024-10-16,2024,680757,L,543037,R,walk,False,True
775312,2024-10-16,2024,700932,L,543037,R,field_out,False,False
775312,2024-10-16,2024,608070,L,543037,R,field_out,False,False
775312,2024-10-16,2024,519317,R,671922,R,field_out,False,False
775312,2024-10-16,2024,665862,L,671922,R,field_out,False,False
775312,2024-10-16,2024,683011,R,671922,R,strikeout,True,False
775312,2024-10-16,2024,647304,L,543037,R,single,False,False
775312,2024-10-16,2024,657041,R,543037,R,single,False,False
775312,2024-10-16,2024,686823,L,543037,R,field_out,False,False
775312,2024-10-16,2024,665926,L,543037,R,walk,False,True
775312,2024-10-16,2024,681807,R,543037,R,field_out,False,False
775312,2024-10-16,2024,677587,L,543037,R,strikeout,True,False
775312,2024-10-16,2024,519203,L,682120,L,field_out,False,False
775312,2024-10-16,2024,657077,L,682120,L,strikeout,True,False
775312,2024-10-16,2024,650402,R,682120,L,single,False,False
775312,2024-10-16,2024,665742,L,682120,L,field_out,False,False
775312,2024-10-16,2024,680757,L,543037,R,single,False,False
775312,2024-10-16,2024,700932,L,543037,R,single,False,False
775312,2024-10-16,2024,608070,L,543037,R,walk,False,True
775312,2024-10-16,2024,647304,L,543037,R,sac_fly,False,False
775312,2024-10-16,2024,657041,R,543037,R,walk,False,True
775312,2024-10-16,2024,686823,L,605280,R,force_out,False,False
775312,2024-10-16,2024,665926,L,605280,R,walk,False,True
775312,2024-10-16,2024,595978,R,605280,R,strikeout,True,False
775312,2024-10-16,2024,592450,R,669212,R,field_out,False,False
775312,2024-10-16,2024,669224,L,669212,R,field_out,False,False
775312,2024-10-16,2024,519317,R,669212,R,field_out,False,False
775312,2024-10-16,2024,677587,R,657612,L,strikeout,True,False
775312,2024-10-16,2024,680757,L,657612,L,field_out,False,False
775312,2024-10-16,2024,700932,L,657612,L,field_out,False,False
775312,2024-10-16,2024,665862,L,681870,L,double,False,False
775312,2024-10-16,2024,683011,R,681870,L,walk,False,True
775312,2024-10-16,2024,519203,L,681870,L,double,False,False
775312,2024-10-16,2024,657077,L,681870,L,field_out,False,False
775312,2024-10-16,2024,650402,R,658648,R,other_out,False,False
775312,2024-10-16,2024,608070,R,657612,L,field_out,False,False
775312,2024-10-16,2024,647304,L,657612,L,field_out,False,False
775312,2024-10-16,2024,657041,R,592454,R,walk,False,True
775312,2024-10-16,2024,686823,L,592454,R,field_out,False,False
775312,2024-10-16,2024,650402,R,683769,R,single,False,False
775312,2024-10-16,2024,665742,L,683769,R,field_out,False,False
775312,2024-10-16,2024,592450,R,683769,R,home_run,False,False
775312,2024-10-16,2024,669224,L,683769,R,field_out,False,False
775312,2024-10-16,2024,519317,R,594902,R,field_out,False,False
775312,2024-10-16,2024,665926,L,592454,R,strikeout,True,False
775312,2024-10-16,2024,595978,R,592454,R,field_out,False,False
775312,2024-10-16,2024,677587,L,592454,R,single,False,False
775312,2024-10-16,2024,680757,L,592454,R,field_out,False,False
775312,2024-10-16,2024,665862,L,594902,R,field_out,False,False
775312,2024-10-16,2024,683011,R,594902,R,single,False,False
775312,2024-10-16,2024,519203,L,594902,R,strikeout,True,False
775312,2024-10-16,2024,657077,L,594902,R,walk,False,True
775312,2024-10-16,2024,650402,R,594902,R,strikeout,True,False
775312,2024-10-16,2024,700932,L,596133,R,field_out,False,False
775312,2024-10-16,2024,608070,L,596133,R,home_run,False,False
775312,2024-10-16,2024,647304,L,596133,R,field_out,False,False
775312,2024-10-16,2024,657041,R,596133,R,field_out,False,False
775310,2024-10-17,2024,650402,R,571510,L,walk,False,True
775310,2024-10-17,2024,665742,L,571510,L,field_out,False,False
775310,2024-10-17,2024,592450,R,571510,L,strikeout,True,False
775310,2024-10-17,2024,519317,R,571510,L,walk,False,True
775310,2024-10-17,2024,665862,L,571510,L,strikeout,True,False
775310,2024-10-17,2024,680757,L,657376,R,walk,False,True
775310,2024-10-17,2024,700932,L,657376,R,single,False,False
775310,2024-10-17,2024,608070,L,657376,R,strikeout,True,False
775310,2024-10-17,2024,647304,L,657376,R,field_out,False,False
775310,2024-10-17,2024,657041,R,657376,R,field_out,False,False
775310,2024-10-17,2024,542932,R,571510,L,strikeout,True,False
775310,2024-10-17,2024,683011,R,571510,L,walk,False,True
775310,2024-10-17,2024,657077,L,571510,L,double,False,False
775310,2024-10-17,2024,624431,R,571510,L,single,False,False
775310,2024-10-17,2024,650402,R,571510,L,field_out,False,False
775310,2024-10-17,2024,682177,L,657376,R,field_out,False,False
775310,2024-10-17,2024,665926,L,657376,R,field_out,False,False
775310,2024-10-17,2024,595978,R,657376,R,field_out,False,False
775310,2024-10-17,2024,665742,L,571510,L,field_out,False,False
775310,2024-10-17,2024,592450,R,571510,L,field_out,False,False
775310,2024-10-17,2024,519317,R,571510,L,field_out,False,False
775310,2024-10-17,2024,677587,L,657376,R,single,False,False
775310,2024-10-17,2024,680757,L,657376,R,field_out,False,False
775310,2024-10-17,2024,700932,L,657376,R,home_run,False,False
775310,2024-10-17,2024,608070,L,657376,R,walk,False,True
775310,2024-10-17,2024,647304,L,657376,R,strikeout,True,False
775310,2024-10-17,2024,657041,R,657376,R,field_out,False,False
775310,2024-10-17,2024,665862,L,571510,L,field_out,False,False
775310,2024-10-17,2024,542932,R,571510,L,strikeout,True,False
775310,2024-10-17,2024,683011,R,571510,L,field_out,False,False
775310,2024-10-17,2024,682177,L,657376,R,field_out,False,False
775310,2024-10-17,2024,665926,L,657376,R,field_out,False,False
775310,2024-10-17,2024,595978,R,657376,R,double,False,False
775310,2024-10-17,2024,677587,L,657376,R,field_out,False,False
775310,2024-10-17,2024,657077,L,571510,L,field_out,False,False
775310,2024-10-17,2024,624431,R,571510,L,field_out,False,False
775310,2024-10-17,2024,650402,R,571510,L,field_out,False,False
775310,2024-10-17,2024,680757,L,657376,R,field_out,False,False
775310,2024-10-17,2024,700932,L,657376,R,field_out,False,False
775310,2024-10-17,2024,608070,L,657376,R,double,False,False
775310,2024-10-17,2024,647304,L,657612,L,field_out,False,False
775310,2024-10-17,2024,665742,L,671922,R,field_out,False,False
775310,2024-10-17,2024,592450,R,671922,R,strikeout,True,False
775310,2024-10-17,2024,519317,R,671922,R,field_out,False,False
775310,2024-10-17,2024,657041,R,641656,R,walk,False,True
775310,2024-10-17,2024,682177,L,641656,R,field_out,False,False
775310,2024-10-17,2024,665926,L,641835,L,single,False,False
775310,2024-10-17,2024,595978,R,641835,L,walk,False,True
775310,2024-10-17,2024,677587,R,641835,L,field_out,False,False
775310,2024-10-17,2024,680757,L,641835,L,field_out,False,False
775310,2024-10-17,2024,665862,L,682120,L,walk,False,True
775310,2024-10-17,2024,542932,R,682120,L,grounded_into_double_play,False,False
775310,2024-10-17,2024,683011,R,682120,L,double,False,False
775310,2024-10-17,2024,657077,L,682120,L,field_out,False,False
775310,2024-10-17,2024,681807,R,641835,L,walk,False,True
775310,2024-10-17,2024,608070,L,592454,R,field_out,False,False
775310,2024-10-17,2024,647304,L,592454,R,strikeout,True,False
775310,2024-10-17,2024,657041,R,592454,R,walk,False,True
775310,2024-10-17,2024,682177,L,592454,R,field_out,False,False
775310,2024-10-17,2024,669224,L,683769,R,strikeout,True,False
775310,2024-10-17,2024,650402,R,683769,R,field_out,False,False
775310,2024-10-17,2024,665742,L,683769,R,walk,False,True
775310,2024-10-17,2024,592450,R,661403,R,home_run,False,False
775310,2024-10-17,2024,519317,R,661403,R,home_run,False,False
775310,2024-10-17,2024,665862,L,661403,R,single,False,False
775310,2024-10-17,2024,542932,R,661403,R,field_out,False,False
775310,2024-10-17,2024,665926,L,592454,R,field_out,False,False
775310,2024-10-18,2024,686823,L,592454,R,double,False,False
775310,2024-10-18,2024,677587,L,592454,R,field_out,False,False
775310,2024-10-18,2024,680757,L,592454,R,walk,False,True
775310,2024-10-18,2024,681807,R,596133,R,strikeout,True,False
775310,2024-10-18,2024,683011,R,669212,R,walk,False,True
775310,2024-10-18,2024,657077,L,669212,R,fielders_choice,False,False
775310,2024-10-18,2024,669224,L,669212,R,strikeout,True,False
775310,2024-10-18,2024,650402,R,689958,R,sac_fly,False,False
775310,2024-10-18,2024,665742,L,689958,R,strikeout,True,False
775310,2024-10-18,2024,608070,L,596133,R,single,False,False
775310,2024-10-18,2024,647304,L,596133,R,grounded_into_double_play,False,False
775310,2024-10-18,2024,657041,R,596133,R,double,False,False
775310,2024-10-18,2024,678877,R,596133,R,home_run,False,False
775310,2024-10-18,2024,665926,L,596133,R,strikeout,True,False
775310,2024-10-18,2024,592450,R,658648,R,strikeout,True,False
775310,2024-10-18,2024,519317,R,658648,R,walk,False,True
775310,2024-10-18,2024,665862,L,658648,R,field_out,False,False
775310,2024-10-18,2024,519203,L,658648,R,intent_walk,False,True
775310,2024-10-18,2024,683011,R,658648,R,strikeout,True,False
775310,2024-10-18,2024,666310,L,605280,R,single,False,False
775310,2024-10-18,2024,677587,L,605280,R,sac_bunt,False,False
775310,2024-10-18,2024,680757,L,605280,R,field_out,False,False
775310,2024-10-18,2024,681807,R,605280,R,home_run,False,False
775305,2024-10-17,2024,660271,L,622663,R,field_out,False,False
775305,2024-10-17,2024,605141,R,622663,R,strikeout,True,False
775305,2024-10-17,2024,518692,L,622663,R,strikeout,True,False
775305,2024-10-17,2024,596019,L,621111,R,field_out,False,False
775305,2024-10-17,2024,668901,R,621111,R,strikeout,True,False
775305,2024-10-17,2024,607043,L,621111,R,single,False,False
775305,2024-10-17,2024,624413,R,621111,R,strikeout,True,False
775305,2024-10-17,2024,571970,L,622663,R,walk,False,True
775305,2024-10-17,2024,606192,R,622663,R,fielders_choice,False,False
775305,2024-10-17,2024,666158,L,622663,R,field_out,False,False
775305,2024-10-17,2024,669257,R,622663,R,single,False,False
775305,2024-10-17,2024,669242,L,622663,R,sac_fly,False,False
775305,2024-10-17,2024,571771,R,622663,R,strikeout,True,False
775305,2024-10-17,2024,516782,R,621111,R,field_out,False,False
775305,2024-10-17,2024,502110,R,621111,R,walk,False,True
775305,2024-10-17,2024,578428,R,621111,R,single,False,False
775305,2024-10-17,2024,621438,R,621111,R,walk,False,True
775305,2024-10-17,2024,682626,R,621111,R,strikeout,True,False
775305,2024-10-17,2024,596019,L,621111,R,strikeout,True,False
775305,2024-10-17,2024,660271,L,622663,R,walk,False,True
775305,2024-10-17,2024,605141,R,622663,R,walk,False,True
775305,2024-10-17,2024,518692,L,622663,R,field_out,False,False
775305,2024-10-17,2024,571970,L,622663,R,single,False,False
775305,2024-10-17,2024,606192,R,622663,R,field_out,False,False
775305,2024-10-17,2024,666158,L,622663,R,field_out,False,False
775305,2024-10-17,2024,668901,R,621111,R,single,False,False
775305,2024-10-17,2024,607043,L,621111,R,field_out,False,False
775305,2024-10-17,2024,624413,R,621111,R,field_out,False,False
775305,2024-10-17,2024,516782,R,621111,R,hit_by_pitch,False,False
775305,2024-10-17,2024,502110,R,621111,R,strikeout,True,False
775305,2024-10-17,2024,669257,R,622663,R,field_out,False,False
775305,2024-10-17,2024,669242,L,622663,R,field_out,False,False
775305,2024-10-17,2024,571771,R,622663,R,field_out,False,False
775305,2024-10-17,2024,578428,R,621111,R,field_out,False,False
775305,2024-10-17,2024,621438,R,621111,R,field_out,False,False
775305,2024-10-17,2024,682626,R,621111,R,strikeout,True,False
775305,2024-10-17,2024,660271,L,622663,R,field_out,False,False
775305,2024-10-17,2024,605141,R,622663,R,field_out,False,False
775305,2024-10-17,2024,518692,L,622663,R,single,False,False
775305,2024-10-17,2024,571970,L,622663,R,walk,False,True
775305,2024-10-17,2024,606192,R,657585,R,strikeout,True,False
775305,2024-10-17,2024,596019,L,656629,R,field_out,False,False
775305,2024-10-17,2024,668901,R,656629,R,field_out,False,False
775305,2024-10-17,2024,607043,L,656629,R,strikeout,True,False
775305,2024-10-17,2024,666158,L,657585,R,field_out,False,False
775305,2024-10-17,2024,669257,R,657585,R,field_out,False,False
775305,2024-10-17,2024,669242,L,657585,R,single,False,False
775305,2024-10-17,2024,571771,R,657585,R,home_run,False,False
775305,2024-10-17,2024,660271,L,657585,R,strikeout,True,False
775305,2024-10-17,2024,624413,R,518489,R,strikeout,True,False
775305,2024-10-17,2024,516782,R,518489,R,single,False,False
775305,2024-10-17,2024,502110,R,518489,R,walk,False,True
775305,2024-10-17,2024,578428,R,518489,R,grounded_into_double_play,False,False
775305,2024-10-17,2024,605141,R,656731,R,single,False,False
775305,2024-10-17,2024,518692,L,656731,R,field_out,False,False
775305,2024-10-17,2024,571970,L,656731,R,walk,False,True
775305,2024-10-17,2024,606192,R,656731,R,field_out,False,False
775305,2024-10-17,2024,666158,L,656731,R,strikeout,True,False
775305,2024-10-17,2024,643446,L,595014,R,field_out,False,False
775305,2024-10-17,2024,682626,R,595014,R,strikeout,True,False
775305,2024-10-17,2024,596019,L,595014,R,strikeout,True,False
775305,2024-10-17,2024,669257,R,656731,R,walk,False,True
775305,2024-10-17,2024,669242,L,656731,R,field_out,False,False
775305,2024-10-17,2024,571771,R,656731,R,single,False,False
775305,2024-10-17,2024,660271,L,656731,R,home_run,False,False
775305,2024-10-17,2024,605141,R,656731,R,field_out,False,False
775305,2024-10-17,2024,518692,L,656731,R,field_out,False,False
775305,2024-10-17,2024,668901,R,676508,R,strikeout,True,False
775305,2024-10-17,2024,607043,L,676508,R,walk,False,True
775305,2024-10-17,2024,624413,R,676508,R,field_out,False,False
775305,2024-10-17,2024,516782,R,676508,R,strikeout,True,False
775305,2024-10-17,2024,571970,L,656731,R,home_run,False,False
775305,2024-10-17,2024,606192,R,656731,R,strikeout,True,False
775305,2024-10-17,2024,621035,R,656731,R,walk,False,True
775305,2024-10-17,2024,669257,R,656731,R,single,False,False
775305,2024-10-17,2024,669242,L,656731,R,force_out,False,False
775305,2024-10-17,2024,571771,R,656731,R,strikeout,True,False
775305,2024-10-17,2024,502110,R,676508,R,strikeout,True,False
775305,2024-10-17,2024,578428,R,676508,R,field_out,False,False
775305,2024-10-17,2024,664056,R,676508,R,field_out,False,False
775303,2024-10-18,2024,660271,L,500779,L,home_run,False,False
775303,2024-10-18,2024,605141,R,500779,L,field_out,False,False
775303,2024-10-18,2024,606192,R,500779,L,field_out,False,False
775303,2024-10-18,2024,669242,R,500779,L,strikeout,True,False
775303,2024-10-18,2024,596019,L,808967,R,field_out,False,False
775303,2024-10-18,2024,668901,R,808967,R,home_run,False,False
775303,2024-10-18,2024,624413,R,808967,R,strikeout,True,False
775303,2024-10-18,2024,607043,L,808967,R,strikeout,True,False
775303,2024-10-18,2024,571771,R,500779,L,field_out,False,False
775303,2024-10-18,2024,571970,L,500779,L,walk,False,True
775303,2024-10-18,2024,669257,R,500779,L,force_out,False,False
775303,2024-10-18,2024,681624,R,500779,L,force_out,False,False
775303,2024-10-18,2024,516782,R,808967,R,strikeout,True,False
775303,2024-10-18,2024,502110,R,808967,R,strikeout,True,False
775303,2024-10-18,2024,578428,R,808967,R,single,False,False
775303,2024-10-18,2024,664056,R,808967,R,strikeout,True,False
775303,2024-10-18,2024,621035,R,500779,L,field_out,False,False
775303,2024-10-18,2024,660271,L,500779,L,walk,False,True
775303,2024-10-18,2024,605141,R,500779,L,single,False,False
775303,2024-10-18,2024,606192,R,500779,L,strikeout,True,False
775303,2024-10-18,2024,669242,R,500779,L,double,False,False
775303,2024-10-18,2024,571771,R,500779,L,single,False,False
775303,2024-10-18,2024,571970,L,500779,L,walk,False,True
775303,2024-10-18,2024,669257,R,500779,L,field_out,False,False
775303,2024-10-18,2024,682626,R,808967,R,single,False,False
775303,2024-10-18,2024,596019,L,808967,R,single,False,False
775303,2024-10-18,2024,668901,R,808967,R,strikeout,True,False
775303,2024-10-18,2024,624413,R,808967,R,walk,False,True
775303,2024-10-18,2024,607043,L,808967,R,force_out,False,False
775303,2024-10-18,2024,516782,R,808967,R,force_out,False,False
775303,2024-10-18,2024,681624,R,500779,L,field_out,False,False
775303,2024-10-18,2024,621035,R,500779,L,single,False,False
775303,2024-10-18,2024,660271,L,500779,L,walk,False,True
775303,2024-10-18,2024,605141,R,676130,R,double,False,False
775303,2024-10-18,2024,606192,R,676130,R,field_out,False,False
775303,2024-10-18,2024,669242,L,676130,R,strikeout,True,False
775303,2024-10-18,2024,502110,R,808967,R,field_out,False,False
775303,2024-10-18,2024,578428,R,808967,R,field_out,False,False
775303,2024-10-18,2024,664056,R,808967,R,strikeout,True,False
775303,2024-10-18,2024,571771,R,676130,R,strikeout,True,False
775303,2024-10-18,2024,571970,L,676130,R,walk,False,True
775303,2024-10-18,2024,669257,R,676130,R,field_out,False,False
775303,2024-10-18,2024,681624,R,676130,R,strikeout,True,False
775303,2024-10-18,2024,682626,R,808967,R,hit_by_pitch,False,False
775303,2024-10-18,2024,596019,L,808967,R,strikeout,True,False
775303,2024-10-18,2024,668901,R,623465,R,strikeout,True,False
775303,2024-10-18,2024,624413,R,623465,R,force_out,False,False
775303,2024-10-18,2024,621035,R,676130,R,field_out,False,False
775303,2024-10-18,2024,660271,L,676130,R,walk,False,True
775303,2024-10-18,2024,605141,R,664208,R,home_run,False,False
775303,2024-10-18,2024,606192,R,664208,R,walk,False,True
775303,2024-10-18,2024,669242,L,664208,R,force_out,False,False
775303,2024-10-18,2024,571771,R,664208,R,strikeout,True,False
775303,2024-10-18,2024,607043,L,623465,R,single,False,False
775303,2024-10-18,2024,516782,R,623465,R,single,False,False
775303,2024-10-18,2024,502110,R,623465,R,walk,False,True
775303,2024-10-18,2024,578428,R,623465,R,strikeout,True,False
775303,2024-10-18,2024,643446,L,623465,R,field_out,False,False
775303,2024-10-18,2024,608385,L,595014,R,field_out,False,False
775303,2024-10-18,2024,571970,L,664208,R,single,False,False
775303,2024-10-18,2024,669257,R,664208,R,strikeout,True,False
775303,2024-10-18,2024,681624,R,664208,R,hit_by_pitch,False,False
775303,2024-10-18,2024,621035,R,664208,R,strikeout,True,False
775303,2024-10-18,2024,660271,L,664849,L,field_out,False,False
775303,2024-10-18,2024,596019,L,595014,R,single,False,False
775303,2024-10-18,2024,668901,R,595014,R,force_out,False,False
775303,2024-10-18,2024,624413,R,595014,R,strikeout,True,False
775303,2024-10-18,2024,607043,L,595014,R,single,False,False
775303,2024-10-18,2024,516782,R,595014,R,field_out,False,False
775303,2024-10-18,2024,605141,R,664849,L,single,False,False
775303,2024-10-18,2024,606192,R,664849,L,walk,False,True
775303,2024-10-18,2024,669242,R,664849,L,double,False,False
775303,2024-10-18,2024,571771,R,664849,L,single,False,False
775303,2024-10-18,2024,571970,L,664849,L,strikeout,True,False
775303,2024-10-18,2024,669257,R,664849,L,single,False,False
775303,2024-10-18,2024,681624,R,664849,L,field_out,False,False
775303,2024-10-18,2024,621035,R,664849,L,walk,False,True
775303,2024-10-18,2024,660271,L,664849,L,strikeout,True,False
775303,2024-10-18,2024,502110,R,683618,R,walk,False,True
775303,2024-10-18,2024,578428,R,683618,R,field_out,False,False
775303,2024-10-18,2024,621438,R,683618,R,force_out,False,False
775303,2024-10-18,2024,620443,R,683618,R,field_out,False,False
775303,2024-10-18,2024,605141,R,664849,L,field_out,False,False
775303,2024-10-18,2024,595281,L,664849,L,strikeout,True,False
775303,2024-10-18,2024,669242,R,664849,L,field_out,False,False
775303,2024-10-18,2024,596019,L,683618,R,strikeout,True,False
775303,2024-10-18,2024,668901,R,683618,R,single,False,False
775303,2024-10-18,2024,624413,R,683618,R,single,False,False
775303,2024-10-18,2024,607043,L,683618,R,force_out,False,False
775303,2024-10-18,2024,516782,R,683618,R,field_out,False,False
775299,2024-10-18,2024,660271,L,656849,L,single,False,False
775299,2024-10-18,2024,605141,R,656849,L,double,False,False
775299,2024-10-18,2024,606192,R,656849,L,field_out,False,False
775299,2024-10-18,2024,518692,L,656849,L,field_out,False,False
775299,2024-10-18,2024,669242,R,656849,L,strikeout,True,False
775299,2024-10-18,2024,596019,L,656427,R,single,False,False
775299,2024-10-18,2024,607043,L,656427,R,walk,False,True
775299,2024-10-18,2024,668901,R,656427,R,field_out,False,False
775299,2024-10-18,2024,624413,R,656427,R,home_run,False,False
775299,2024-10-18,2024,608385,L,656427,R,field_out,False,False
775299,2024-10-18,2024,516782,R,656427,R,double,False,False
775299,2024-10-18,2024,621438,R,656427,R,walk,False,True
775299,2024-10-18,2024,643446,L,656427,R,field_out,False,False
775299,2024-10-18,2024,571771,R,656849,L,walk,False,True
775299,2024-10-18,2024,571970,L,656849,L,strikeout,True,False
775299,2024-10-18,2024,669257,R,656849,L,field_out,False,False
775299,2024-10-18,2024,681624,R,656849,L,single,False,False
775299,2024-10-18,2024,660271,L,656849,L,walk,False,True
775299,2024-10-18,2024,605141,R,656849,L,field_out,False,False
775299,2024-10-18,2024,682626,R,656427,R,double,False,False
775299,2024-10-18,2024,596019,L,656427,R,field_out,False,False
775299,2024-10-18,2024,607043,L,656427,R,field_out,False,False
775299,2024-10-18,2024,668901,R,656427,R,field_out,False,False
775299,2024-10-18,2024,606192,R,656849,L,strikeout,True,False
775299,2024-10-18,2024,518692,L,656849,L,field_out,False,False
775299,2024-10-18,2024,669242,R,656849,L,single,False,False
775299,2024-10-18,2024,571771,R,656849,L,field_out,False,False
775299,2024-10-18,2024,624413,R,656427,R,walk,False,True
775299,2024-10-18,2024,608385,L,656427,R,walk,False,True
775299,2024-10-18,2024,516782,R,656427,R,double,False,False
775299,2024-10-18,2024,621438,R,656427,R,field_out,False,False
775299,2024-10-18,2024,643446,L,656427,R,field_out,False,False
775299,2024-10-18,2024,682626,R,656427,R,single,False,False
775299,2024-10-18,2024,596019,L,656427,R,triple,False,False
775299,2024-10-18,2024,607043,L,656427,R,single,False,False
775299,2024-10-18,2024,668901,R,656427,R,field_out,False,False
775299,2024-10-18,2024,571970,L,656849,L,field_out,False,False
775299,2024-10-18,2024,669257,R,656849,L,field_out,False,False
775299,2024-10-18,2024,681624,R,656849,L,home_run,False,False
775299,2024-10-18,2024,660271,L,656849,L,single,False,False
775299,2024-10-18,2024,605141,R,656849,L,walk,False,True
775299,2024-10-18,2024,606192,R,656849,L,walk,False,True
775299,2024-10-18,2024,518692,L,657585,R,strikeout,True,False
775299,2024-10-18,2024,624413,R,641703,R,hit_by_pitch,False,False
775299,2024-10-18,2024,608385,L,641703,R,triple,False,False
775299,2024-10-18,2024,516782,R,641703,R,field_out,False,False
775299,2024-10-18,2024,621438,R,641703,R,hit_by_pitch,False,False
775299,2024-10-18,2024,643446,L,641703,R,sac_fly,False,False
775299,2024-10-18,2024,682626,R,641703,R,single,False,False
775299,2024-10-18,2024,596019,L,641703,R,field_out,False,False
775299,2024-10-18,2024,669242,L,657585,R,strikeout,True,False
775299,2024-10-18,2024,571771,R,657585,R,hit_by_pitch,False,False
775299,2024-10-18,2024,571970,L,657585,R,walk,False,True
775299,2024-10-18,2024,669257,R,657585,R,field_out,False,False
775299,2024-10-18,2024,681624,R,657585,R,home_run,False,False
775299,2024-10-18,2024,660271,L,592773,R,strikeout,True,False
775299,2024-10-18,2024,607043,L,641703,R,field_out,False,False
775299,2024-10-18,2024,668901,R,641703,R,field_out,False,False
775299,2024-10-18,2024,624413,R,641703,R,field_out,False,False
775299,2024-10-18,2024,605141,R,592773,R,home_run,False,False
775299,2024-10-18,2024,606192,R,592773,R,strikeout,True,False
775299,2024-10-18,2024,518692,L,592773,R,strikeout,True,False
775299,2024-10-18,2024,669242,L,592773,R,field_out,False,False
775299,2024-10-18,2024,608385,L,641703,R,hit_by_pitch,False,False
775299,2024-10-18,2024,516782,R,641703,R,double,False,False
775299,2024-10-18,2024,621438,R,641703,R,field_out,False,False
775299,2024-10-18,2024,643446,L,641703,R,sac_fly,False,False
775299,2024-10-18,2024,682626,R,641703,R,field_out,False,False
775299,2024-10-18,2024,571771,R,592773,R,field_out,False,False
775299,2024-10-18,2024,571970,L,592773,R,strikeout,True,False
775299,2024-10-18,2024,666158,L,592773,R,field_out,False,False
775299,2024-10-18,2024,596019,L,641703,R,walk,False,True
775299,2024-10-18,2024,607043,L,641703,R,field_out,False,False
775299,2024-10-18,2024,668901,R,641703,R,field_out,False,False
775299,2024-10-18,2024,681624,R,621242,R,strikeout,True,False
775299,2024-10-18,2024,660271,L,621242,R,strikeout,True,False
775299,2024-10-18,2024,605141,R,621242,R,field_out,False,False
775299,2024-10-18,2024,624413,R,641703,R,single,False,False
775299,2024-10-19,2024,608385,L,641703,R,single,False,False
775299,2024-10-19,2024,516782,R,641703,R,single,False,False
775299,2024-10-19,2024,621438,R,641703,R,grounded_into_double_play,False,False
775299,2024-10-19,2024,643446,L,607455,L,field_out,False,False
775299,2024-10-19,2024,606192,R,621242,R,field_out,False,False
775299,2024-10-19,2024,518692,L,621242,R,field_out,False,False
775299,2024-10-19,2024,669242,L,621242,R,single,False,False
775299,2024-10-19,2024,571771,R,621242,R,field_out,False,False
775311,2024-10-19,2024,650402,R,668909,R,single,False,False
775311,2024-10-19,2024,665742,L,668909,R,home_run,False,False
775311,2024-10-19,2024,592450,R,668909,R,field_out,False,False
775311,2024-10-19,2024,665862,L,668909,R,strikeout,True,False
775311,2024-10-19,2024,519317,R,668909,R,field_out,False,False
775311,2024-10-19,2024,680757,L,661563,R,walk,False,True
775311,2024-10-19,2024,700932,L,661563,R,double,False,False
775311,2024-10-19,2024,608070,L,661563,R,sac_fly,False,False
775311,2024-10-19,2024,647304,L,661563,R,field_out,False,False
775311,2024-10-19,2024,657041,R,661563,R,strikeout,True,False
775311,2024-10-19,2024,519203,L,668909,R,strikeout,True,False
775311,2024-10-19,2024,683011,R,668909,R,strikeout,True,False
775311,2024-10-19,2024,669224,L,668909,R,home_run,False,False
775311,2024-10-19,2024,657077,L,668909,R,strikeout,True,False
775311,2024-10-19,2024,682177,L,661563,R,field_out,False,False
775311,2024-10-19,2024,665926,L,661563,R,field_out,False,False
775311,2024-10-19,2024,595978,R,661563,R,walk,False,True
775311,2024-10-19,2024,677587,L,661563,R,field_out,False,False
775311,2024-10-19,2024,650402,R,668909,R,field_out,False,False
775311,2024-10-19,2024,665742,L,681870,L,field_out,False,False
775311,2024-10-19,2024,592450,R,681870,L,strikeout,True,False
775311,2024-10-19,2024,680757,L,661563,R,single,False,False
775311,2024-10-19,2024,700932,L,661563,R,field_out,False,False
775311,2024-10-19,2024,608070,L,661563,R,field_out,False,False
775311,2024-10-19,2024,647304,L,661563,R,single,False,False
775311,2024-10-19,2024,657041,R,661563,R,walk,False,True
775311,2024-10-19,2024,682177,L,661563,R,strikeout,True,False
775311,2024-10-19,2024,665862,L,681870,L,strikeout,True,False
775311,2024-10-19,2024,519317,R,681870,L,strikeout,True,False
775311,2024-10-19,2024,519203,L,681870,L,single,False,False
775311,2024-10-19,2024,683011,R,681870,L,field_out,False,False
775311,2024-10-19,2024,665926,L,661563,R,strikeout,True,False
775311,2024-10-19,2024,595978,R,661563,R,field_out,False,False
775311,2024-10-19,2024,677587,L,661563,R,field_out,False,False
775311,2024-10-19,2024,669224,L,669212,R,strikeout,True,False
775311,2024-10-19,2024,657077,L,669212,R,field_out,False,False
775311,2024-10-19,2024,650402,R,669212,R,field_out,False,False
775311,2024-10-19,2024,680757,L,657612,L,field_out,False,False
775311,2024-10-19,2024,681807,R,657612,L,field_out,False,False
775311,2024-10-19,2024,608070,R,657612,L,single,False,False
775311,2024-10-19,2024,647304,L,657612,L,strikeout,True,False
775311,2024-10-19,2024,665742,L,671922,R,walk,False,True
775311,2024-10-19,2024,592450,R,671922,R,single,False,False
775311,2024-10-19,2024,665862,L,671922,R,sac_bunt,False,False
775311,2024-10-19,2024,519317,R,671922,R,home_run,False,False
775311,2024-10-19,2024,519203,L,682120,L,strikeout,True,False
775311,2024-10-19,2024,683011,R,682120,L,single,False,False
775311,2024-10-19,2024,669224,L,682120,L,force_out,False,False
775311,2024-10-19,2024,657041,R,664776,R,field_out,False,False
775311,2024-10-19,2024,686823,L,664776,R,strikeout,True,False
775311,2024-10-19,2024,665926,L,664776,R,single,False,False
775311,2024-10-19,2024,666310,L,664776,R,strikeout,True,False
775311,2024-10-19,2024,657077,L,676282,L,walk,False,True
775311,2024-10-19,2024,650402,R,676282,L,grounded_into_double_play,False,False
775311,2024-10-19,2024,665742,L,676282,L,strikeout,True,False
775311,2024-10-19,2024,677587,L,664776,R,walk,False,True
775311,2024-10-19,2024,680757,L,664776,R,single,False,False
775311,2024-10-19,2024,681807,R,605280,R,strikeout,True,False
775311,2024-10-19,2024,608070,L,605280,R,double,False,False
775311,2024-10-19,2024,647304,L,605280,R,double,False,False
775311,2024-10-19,2024,657041,R,605280,R,walk,False,True
775311,2024-10-19,2024,678877,R,643410,R,field_out,False,False
775311,2024-10-19,2024,665926,L,643410,R,strikeout,True,False
775311,2024-10-19,2024,592450,R,683769,R,strikeout,True,False
775311,2024-10-19,2024,665862,L,683769,R,strikeout,True,False
775311,2024-10-19,2024,519317,R,683769,R,strikeout,True,False
775311,2024-10-19,2024,666310,L,643410,R,double,False,False
775311,2024-10-19,2024,677587,L,643410,R,field_out,False,False
775311,2024-10-19,2024,680757,L,643410,R,field_out,False,False
775311,2024-10-19,2024,681807,R,643410,R,single,False,False
775311,2024-10-19,2024,608070,L,643410,R,intent_walk,False,True
775311,2024-10-19,2024,647304,L,643410,R,strikeout,True,False
775311,2024-10-19,2024,519203,L,661403,R,single,False,False
775311,2024-10-19,2024,683011,R,661403,R,single,False,False
775311,2024-10-19,2024,669224,L,661403,R,strikeout,True,False
775311,2024-10-19,2024,657077,L,661403,R,field_error,False,False
775311,2024-10-19,2024,650402,R,661403,R,single,False,False
775311,2024-10-19,2024,665742,L,661403,R,force_out,False,False
775311,2024-10-19,2024,592450,R,661403,R,intent_walk,False,True
775311,2024-10-19,2024,665862,L,661403,R,field_out,False,False
775311,2024-10-19,2024,657041,R,592454,R,strikeout,True,False
775311,2024-10-19,2024,678877,R,592454,R,walk,False,True
775311,2024-10-19,2024,665926,L,592454,R,single,False,False
775311,2024-10-19,2024,666310,L,592454,R,field_out,False,False
775311,2024-10-19,2024,677587,L,592454,R,field_out,False,False
775309,2024-10-20,2024,650402,R,676440,R,single,False,False
775309,2024-10-20,2024,665742,L,676440,R,double,False,False
775309,2024-10-20,2024,592450,R,676440,R,hit_by_pitch,False,False
775309,2024-10-20,2024,519317,R,676440,R,strikeout,True,False
775309,2024-10-20,2024,665862,L,676440,R,hit_by_pitch,False,False
775309,2024-10-20,2024,519203,L,676440,R,field_out,False,False
775309,2024-10-20,2024,680757,L,607074,L,strikeout,True,False
775309,2024-10-20,2024,681807,R,607074,L,strikeout,True,False
775309,2024-10-20,2024,608070,R,607074,L,field_out,False,False
775309,2024-10-20,2024,683011,R,676440,R,strikeout,True,False
775309,2024-10-20,2024,669224,L,676440,R,strikeout,True,False
775309,2024-10-20,2024,657077,L,676440,R,field_out,False,False
775309,2024-10-20,2024,657041,R,607074,L,strikeout,True,False
775309,2024-10-20,2024,647304,L,607074,L,single,False,False
775309,2024-10-20,2024,678877,R,607074,L,strikeout,True,False
775309,2024-10-20,2024,666310,L,607074,L,double,False,False
775309,2024-10-20,2024,665926,L,607074,L,field_out,False,False
775309,2024-10-20,2024,650402,R,676440,R,field_out,False,False
775309,2024-10-20,2024,665742,L,676440,R,field_out,False,False
775309,2024-10-20,2024,592450,R,676440,R,strikeout,True,False
775309,2024-10-20,2024,677587,R,607074,L,walk,False,True
775309,2024-10-20,2024,680757,L,607074,L,field_out,False,False
775309,2024-10-20,2024,681807,R,607074,L,strikeout,True,False
775309,2024-10-20,2024,608070,R,607074,L,field_out,False,False
775309,2024-10-20,2024,519317,R,676440,R,strikeout,True,False
775309,2024-10-20,2024,665862,L,676440,R,field_out,False,False
775309,2024-10-20,2024,519203,L,676440,R,field_out,False,False
775309,2024-10-20,2024,657041,R,607074,L,field_out,False,False
775309,2024-10-20,2024,647304,L,607074,L,field_out,False,False
775309,2024-10-20,2024,678877,R,607074,L,field_out,False,False
775309,2024-10-20,2024,683011,R,676440,R,single,False,False
775309,2024-10-20,2024,669224,L,676440,R,grounded_into_double_play,False,False
775309,2024-10-20,2024,657077,L,676440,R,field_out,False,False
775309,2024-10-20,2024,666310,L,607074,L,field_out,False,False
775309,2024-10-20,2024,665926,L,607074,L,double,False,False
775309,2024-10-20,2024,677587,R,607074,L,strikeout,True,False
775309,2024-10-20,2024,680757,L,607074,L,single,False,False
775309,2024-10-20,2024,681807,R,607074,L,single,False,False
775309,2024-10-20,2024,608070,L,643410,R,intent_walk,False,True
775309,2024-10-20,2024,657041,R,643410,R,field_out,False,False
775309,2024-10-20,2024,650402,R,676440,R,single,False,False
775309,2024-10-20,2024,665742,L,676440,R,single,False,False
775309,2024-10-20,2024,592450,R,676440,R,grounded_into_double_play,False,False
775309,2024-10-20,2024,519317,R,676440,R,home_run,False,False
775309,2024-10-20,2024,665862,L,671922,R,strikeout,True,False
775309,2024-10-20,2024,647304,L,643410,R,walk,False,True
775309,2024-10-20,2024,678877,R,643410,R,field_out,False,False
775309,2024-10-20,2024,666310,L,657612,L,single,False,False
775309,2024-10-20,2024,665926,L,657612,L,grounded_into_double_play,False,False
775309,2024-10-20,2024,519203,L,671922,R,single,False,False
775309,2024-10-20,2024,683011,R,671922,R,field_out,False,False
775309,2024-10-20,2024,669224,L,682120,L,grounded_into_double_play,False,False
775309,2024-10-20,2024,677587,R,657612,L,walk,False,True
775309,2024-10-20,2024,680757,L,657612,L,grounded_into_double_play,False,False
775309,2024-10-20,2024,700932,L,664776,R,strikeout,True,False
775309,2024-10-20,2024,657077,L,682120,L,field_out,False,False
775309,2024-10-20,2024,650402,R,682120,L,field_out,False,False
775309,2024-10-20,2024,665742,L,682120,L,field_out,False,False
775309,2024-10-20,2024,608070,L,664776,R,strikeout,True,False
775309,2024-10-20,2024,657041,R,664776,R,strikeout,True,False
775309,2024-10-20,2024,647304,L,664776,R,walk,False,True
775309,2024-10-20,2024,678877,R,664776,R,strikeout,True,False
775309,2024-10-20,2024,592450,R,661403,R,field_out,False,False
775309,2024-10-20,2024,519317,R,661403,R,strikeout,True,False
775309,2024-10-20,2024,665862,L,661403,R,single,False,False
775309,2024-10-20,2024,665828,L,661403,R,force_out,False,False
775309,2024-10-20,2024,666310,L,596133,R,strikeout,True,False
775309,2024-10-20,2024,665926,L,596133,R,field_out,False,False
775309,2024-10-20,2024,677587,L,596133,R,field_out,False,False
775309,2024-10-20,2024,683011,R,683769,R,field_out,False,False
775309,2024-10-20,2024,669224,L,683769,R,walk,False,True
775309,2024-10-20,2024,657077,L,683769,R,fielders_choice,False,False
775309,2024-10-20,2024,650402,R,683769,R,strikeout,True,False
775309,2024-10-20,2024,665742,L,683769,R,home_run,False,False
775309,2024-10-20,2024,592450,R,683769,R,strikeout,True,False
775309,2024-10-20,2024,680757,L,596133,R,field_out,False,False
775309,2024-10-20,2024,700932,L,596133,R,single,False,False
775309,2024-10-20,2024,608070,L,596133,R,field_out,False,False
775309,2024-10-20,2024,657041,R,596133,R,field_out,False,False
775302,2024-10-21,2024,596019,L,656629,R,walk,False,True
775302,2024-10-21,2024,607043,L,656629,R,field_out,False,False
775302,2024-10-21,2024,668901,R,656629,R,strikeout,True,False
775302,2024-10-21,2024,624413,R,656629,R,single,False,False
775302,2024-10-21,2024,608385,L,656629,R,walk,False,True
775302,2024-10-21,2024,516782,R,656629,R,field_out,False,False
775302,2024-10-21,2024,660271,L,640455,L,single,False,False
775302,2024-10-21,2024,605141,R,640455,L,strikeout,True,False
775302,2024-10-21,2024,606192,R,640455,L,single,False,False
775302,2024-10-21,2024,669242,R,640455,L,double,False,False
775302,2024-10-21,2024,571970,L,640455,L,field_out,False,False
775302,2024-10-21,2024,571771,R,640455,L,walk,False,True
775302,2024-10-21,2024,681624,R,640455,L,field_out,False,False
775302,2024-10-21,2024,621438,R,676508,R,field_out,False,False
775302,2024-10-21,2024,643446,L,676508,R,field_out,False,False
775302,2024-10-21,2024,682626,R,676508,R,walk,False,True
775302,2024-10-21,2024,596019,L,676508,R,single,False,False
775302,2024-10-21,2024,607043,L,676508,R,field_out,False,False
775302,2024-10-21,2024,669257,R,640455,L,field_out,False,False
775302,2024-10-21,2024,621035,R,640455,L,single,False,False
775302,2024-10-21,2024,660271,L,640455,L,strikeout,True,False
775302,2024-10-21,2024,605141,R,640455,L,field_out,False,False
775302,2024-10-21,2024,668901,R,676508,R,field_out,False,False
775302,2024-10-21,2024,624413,R,676508,R,single,False,False
775302,2024-10-21,2024,608385,L,607455,L,walk,False,True
775302,2024-10-21,2024,516782,R,607455,L,field_out,False,False
775302,2024-10-21,2024,621438,R,607455,L,hit_by_pitch,False,False
775302,2024-10-21,2024,643446,L,607455,L,strikeout,True,False
775302,2024-10-21,2024,606192,R,640455,L,single,False,False
775302,2024-10-21,2024,669242,R,640455,L,home_run,False,False
775302,2024-10-21,2024,571970,L,640455,L,walk,False,True
775302,2024-10-21,2024,571771,R,664208,R,field_out,False,False
775302,2024-10-21,2024,681624,R,664208,R,field_out,False,False
775302,2024-10-21,2024,669257,R,664208,R,home_run,False,False
775302,2024-10-21,2024,621035,R,664208,R,field_out,False,False
775302,2024-10-21,2024,682626,R,607455,L,single,False,False
775302,2024-10-21,2024,596019,R,607455,L,field_out,False,False
775302,2024-10-21,2024,607043,L,607455,L,strikeout,True,False
775302,2024-10-21,2024,668901,R,518489,R,home_run,False,False
775302,2024-10-21,2024,624413,R,518489,R,field_out,False,False
775302,2024-10-21,2024,660271,L,621242,R,field_out,False,False
775302,2024-10-21,2024,605141,R,621242,R,walk,False,True
775302,2024-10-21,2024,606192,R,621242,R,field_out,False,False
775302,2024-10-21,2024,669242,L,621242,R,field_out,False,False
775302,2024-10-21,2024,608385,L,518489,R,single,False,False
775302,2024-10-21,2024,516782,R,518489,R,strikeout,True,False
775302,2024-10-21,2024,621438,R,518489,R,field_out,False,False
775302,2024-10-21,2024,643446,L,518489,R,field_out,False,False
775302,2024-10-21,2024,571970,L,621242,R,field_out,False,False
775302,2024-10-21,2024,571771,R,621242,R,strikeout,True,False
775302,2024-10-21,2024,681624,R,621242,R,field_out,False,False
775302,2024-10-21,2024,682626,R,623465,R,single,False,False
775302,2024-10-21,2024,596019,L,623465,R,field_out,False,False
775302,2024-10-21,2024,607043,L,623465,R,field_out,False,False
775302,2024-10-21,2024,668901,R,623465,R,walk,False,True
775302,2024-10-21,2024,624413,R,623465,R,walk,False,True
775302,2024-10-21,2024,608385,L,623465,R,field_out,False,False
775302,2024-10-21,2024,669257,R,592773,R,walk,False,True
775302,2024-10-21,2024,621035,R,592773,R,sac_bunt,False,False
775302,2024-10-21,2024,660271,L,592773,R,single,False,False
775302,2024-10-21,2024,605141,R,657585,R,force_out,False,False
775302,2024-10-21,2024,606192,R,657585,R,field_out,False,False
775302,2024-10-21,2024,669242,L,657585,R,field_out,False,False
775302,2024-10-21,2024,516782,R,543339,R,field_out,False,False
775302,2024-10-21,2024,621438,R,543339,R,single,False,False
775302,2024-10-21,2024,643446,L,543339,R,single,False,False
775302,2024-10-21,2024,682626,R,543339,R,sac_fly,False,False
775302,2024-10-21,2024,596019,L,543339,R,strikeout,True,False
775302,2024-10-21,2024,571970,L,673540,R,hit_by_pitch,False,False
775302,2024-10-21,2024,571771,R,673540,R,force_out,False,False
775302,2024-10-21,2024,681624,R,673540,R,strikeout,True,False
775302,2024-10-21,2024,669257,R,673540,R,field_out,False,False
775302,2024-10-21,2024,607043,L,595014,R,strikeout,True,False
775302,2024-10-21,2024,668901,R,595014,R,strikeout,True,False
775302,2024-10-21,2024,624413,R,595014,R,strikeout,True,False
775302,2024-10-21,2024,621035,R,673540,R,single,False,False
775302,2024-10-21,2024,660271,L,673540,R,walk,False,True
775302,2024-10-21,2024,605141,R,673540,R,double,False,False
775302,2024-10-21,2024,606192,R,673540,R,sac_fly,False,False
775302,2024-10-21,2024,669242,L,673540,R,fielders_choice_out,False,False
775302,2024-10-21,2024,571970,L,673540,R,walk,False,True
775302,2024-10-21,2024,571771,R,673540,R,single,False,False
775302,2024-10-21,2024,681624,R,676130,R,field_out,False,False
775302,2024-10-21,2024,608385,L,595014,R,strikeout,True,False
775302,2024-10-21,2024,516782,R,595014,R,field_out,False,False
775302,2024-10-21,2024,621438,R,595014,R,single,False,False
775302,2024-10-21,2024,643446,L,595014,R,single,False,False
775302,2024-10-21,2024,682626,R,595014,R,field_out,False,False
775300,2024-10-26,2024,650402,R,656427,R,field_out,False,False
775300,2024-10-26,2024,665742,L,656427,R,walk,False,True
775300,2024-10-26,2024,592450,R,656427,R,strikeout,True,False
775300,2024-10-26,2024,519317,R,656427,R,fielders_choice,False,False
775300,2024-10-26,2024,665862,L,656427,R,field_out,False,False
775300,2024-10-26,2024,660271,L,543037,R,field_out,False,False
775300,2024-10-26,2024,605141,R,543037,R,field_out,False,False
775300,2024-10-26,2024,518692,L,543037,R,triple,False,False
775300,2024-10-26,2024,606192,R,543037,R,field_out,False,False
775300,2024-10-26,2024,519203,L,656427,R,single,False,False
775300,2024-10-26,2024,683011,R,656427,R,strikeout,True,False
775300,2024-10-26,2024,669224,L,656427,R,field_out,False,False
775300,2024-10-26,2024,657077,L,656427,R,field_out,False,False
775300,2024-10-26,2024,571970,L,543037,R,field_out,False,False
775300,2024-10-26,2024,571771,R,543037,R,strikeout,True,False
775300,2024-10-26,2024,669257,R,543037,R,strikeout,True,False
775300,2024-10-26,2024,650402,R,656427,R,single,False,False
775300,2024-10-26,2024,665742,L,656427,R,grounded_into_double_play,False,False
775300,2024-10-26,2024,592450,R,656427,R,strikeout,True,False
775300,2024-10-26,2024,666158,L,543037,R,field_out,False,False
775300,2024-10-26,2024,669242,L,543037,R,field_out,False,False
775300,2024-10-26,2024,660271,L,543037,R,strikeout,True,False
775300,2024-10-26,2024,519317,R,656427,R,field_out,False,False
775300,2024-10-26,2024,665862,L,656427,R,field_out,False,False
775300,2024-10-26,2024,519203,L,656427,R,field_out,False,False
775300,2024-10-26,2024,605141,R,543037,R,field_out,False,False
775300,2024-10-26,2024,518692,L,543037,R,field_out,False,False
775300,2024-10-26,2024,606192,R,543037,R,field_out,False,False
775300,2024-10-26,2024,683011,R,656427,R,strikeout,True,False
775300,2024-10-26,2024,669224,L,656427,R,strikeout,True,False
775300,2024-10-26,2024,657077,L,656427,R,single,False,False
775300,2024-10-26,2024,650402,R,656427,R,field_out,False,False
775300,2024-10-26,2024,571970,L,543037,R,strikeout,True,False
775300,2024-10-26,2024,571771,R,543037,R,triple,False,False
775300,2024-10-26,2024,669257,R,543037,R,sac_fly,False,False
775300,2024-10-26,2024,666158,L,543037,R,field_out,False,False
775300,2024-10-26,2024,665742,L,656427,R,single,False,False
775300,2024-10-26,2024,592450,R,656427,R,strikeout,True,False
775300,2024-10-26,2024,519317,R,656427,R,home_run,False,False
775300,2024-10-26,2024,665862,L,607455,L,single,False,False
775300,2024-10-26,2024,519203,L,607455,L,strikeout,True,False
775300,2024-10-26,2024,683011,R,607455,L,intent_walk,False,True
775300,2024-10-26,2024,669224,L,607455,L,single,False,False
775300,2024-10-26,2024,657077,L,607455,L,strikeout,True,False
775300,2024-10-26,2024,669242,L,543037,R,double,False,False
775300,2024-10-26,2024,660271,L,543037,R,field_out,False,False
775300,2024-10-26,2024,605141,R,543037,R,field_out,False,False
775300,2024-10-26,2024,518692,L,543037,R,field_out,False,False
775300,2024-10-26,2024,650402,R,660813,R,field_out,False,False
775300,2024-10-26,2024,665742,L,660813,R,field_out,False,False
775300,2024-10-26,2024,592450,R,660813,R,single,False,False
775300,2024-10-26,2024,519317,R,660813,R,strikeout,True,False
775300,2024-10-26,2024,606192,R,543037,R,single,False,False
775300,2024-10-26,2024,571970,L,605280,R,hit_by_pitch,False,False
775300,2024-10-26,2024,571771,R,605280,R,sac_bunt,False,False
775300,2024-10-26,2024,669257,R,605280,R,field_out,False,False
775300,2024-10-26,2024,666158,L,592454,R,field_out,False,False
775300,2024-10-26,2024,665862,L,681911,L,strikeout,True,False
775300,2024-10-26,2024,519203,L,681911,L,strikeout,True,False
775300,2024-10-26,2024,683011,R,681911,L,field_out,False,False
775300,2024-10-26,2024,669242,R,592454,R,field_out,False,False
775300,2024-10-26,2024,660271,L,592454,R,double,False,False
775300,2024-10-26,2024,605141,R,596133,R,sac_fly,False,False
775300,2024-10-26,2024,518692,L,596133,R,field_out,False,False
775300,2024-10-26,2024,669224,L,656629,R,field_out,False,False
775300,2024-10-26,2024,657077,L,656629,R,field_out,False,False
775300,2024-10-26,2024,650402,R,656629,R,double,False,False
775300,2024-10-26,2024,665742,L,656629,R,intent_walk,False,True
775300,2024-10-26,2024,592450,R,595014,R,field_out,False,False
775300,2024-10-26,2024,606192,R,596133,R,field_out,False,False
775300,2024-10-26,2024,571970,L,596133,R,field_out,False,False
775300,2024-10-26,2024,571771,R,596133,R,field_out,False,False
775300,2024-10-26,2024,519317,R,595014,R,strikeout,True,False
775300,2024-10-26,2024,665862,L,595014,R,single,False,False
775300,2024-10-26,2024,519203,L,595014,R,intent_walk,False,True
775300,2024-10-26,2024,683011,R,595014,R,force_out,False,False
775300,2024-10-26,2024,669224,L,595014,R,strikeout,True,False
775300,2024-10-26,2024,669257,R,664776,R,field_out,False,False
775300,2024-10-26,2024,666158,L,664776,R,walk,False,True
775300,2024-10-26,2024,669242,L,664776,R,single,False,False
775300,2024-10-26,2024,660271,L,641482,L,field_out,False,False
775300,2024-10-26,2024,605141,R,641482,L,intent_walk,False,True
775300,2024-10-26,2024,518692,L,641482,L,home_run,False,False
775294,2024-10-27,2024,650402,R,808967,R,walk,False,True
775294,2024-10-27,2024,665742,L,808967,R,field_out,False,False
775294,2024-10-27,2024,592450,R,808967,R,strikeout,True,False
775294,2024-10-27,2024,519317,R,808967,R,field_out,False,False
775294,2024-10-27,2024,660271,L,607074,L,field_out,False,False
775294,2024-10-27,2024,605141,R,607074,L,single,False,False
775294,2024-10-27,2024,606192,R,607074,L,field_out,False,False
775294,2024-10-27,2024,518692,L,607074,L,field_out,False,False
775294,2024-10-27,2024,665862,L,808967,R,field_out,False,False
775294,2024-10-27,2024,519203,L,808967,R,walk,False,True
775294,2024-10-27,2024,683011,R,808967,R,field_out,False,False
775294,2024-10-27,2024,669224,L,808967,R,field_out,False,False
775294,2024-10-27,2024,669242,R,607074,L,home_run,False,False
775294,2024-10-27,2024,571771,R,607074,L,field_out,False,False
775294,2024-10-27,2024,571970,L,607074,L,strikeout,True,False
775294,2024-10-27,2024,669257,R,607074,L,field_out,False,False
775294,2024-10-27,2024,657077,L,808967,R,field_out,False,False
775294,2024-10-27,2024,650402,R,808967,R,field_out,False,False
775294,2024-10-27,2024,665742,L,808967,R,home_run,False,False
775294,2024-10-27,2024,592450,R,808967,R,field_out,False,False
775294,2024-10-27,2024,500743,R,607074,L,field_out,False,False
775294,2024-10-27,2024,660271,L,607074,L,strikeout,True,False
775294,2024-10-27,2024,605141,R,607074,L,single,False,False
775294,2024-10-27,2024,606192,R,607074,L,home_run,False,False
775294,2024-10-27,2024,518692,L,607074,L,home_run,False,False
775294,2024-10-27,2024,669242,R,607074,L,double,False,False
775294,2024-10-27,2024,571771,R,607074,L,field_out,False,False
775294,2024-10-27,2024,519317,R,808967,R,field_out,False,False
775294,2024-10-27,2024,665862,L,808967,R,field_out,False,False
775294,2024-10-27,2024,519203,L,808967,R,strikeout,True,False
775294,2024-10-27,2024,571970,L,607074,L,strikeout,True,False
775294,2024-10-27,2024,669257,R,664776,R,double,False,False
775294,2024-10-27,2024,500743,R,664776,R,field_out,False,False
775294,2024-10-27,2024,660271,L,664776,R,field_out,False,False
775294,2024-10-27,2024,683011,R,808967,R,strikeout,True,False
775294,2024-10-27,2024,669224,L,808967,R,field_out,False,False
775294,2024-10-27,2024,657077,L,808967,R,field_out,False,False
775294,2024-10-27,2024,605141,R,664776,R,field_out,False,False
775294,2024-10-27,2024,606192,R,664776,R,single,False,False
775294,2024-10-27,2024,518692,L,657612,L,field_out,False,False
775294,2024-10-27,2024,669242,R,657612,L,strikeout,True,False
775294,2024-10-27,2024,650402,R,808967,R,field_out,False,False
775294,2024-10-27,2024,665742,L,808967,R,field_out,False,False
775294,2024-10-27,2024,592450,R,808967,R,strikeout,True,False
775294,2024-10-27,2024,571771,R,657612,L,field_out,False,False
775294,2024-10-27,2024,571970,L,657612,L,field_out,False,False
775294,2024-10-27,2024,669257,R,605280,R,field_out,False,False
775294,2024-10-27,2024,519317,R,808967,R,field_out,False,False
775294,2024-10-27,2024,665862,L,607455,L,field_out,False,False
775294,2024-10-27,2024,519203,L,607455,L,hit_by_pitch,False,False
775294,2024-10-27,2024,683011,R,607455,L,field_out,False,False
775294,2024-10-27,2024,500743,R,605280,R,strikeout,True,False
775294,2024-10-27,2024,660271,L,605280,R,walk,False,True
775294,2024-10-27,2024,605141,R,605280,R,strikeout,True,False
775294,2024-10-27,2024,606192,R,605280,R,caught_stealing_2b,False,False
775294,2024-10-27,2024,669224,L,656629,R,strikeout,True,False
775294,2024-10-27,2024,657077,L,656629,R,field_out,False,False
775294,2024-10-27,2024,650402,R,656629,R,field_out,False,False
775294,2024-10-27,2024,606192,R,643410,R,field_out,False,False
775294,2024-10-27,2024,518692,L,643410,R,field_out,False,False
775294,2024-10-27,2024,669242,L,643410,R,field_out,False,False
775294,2024-10-27,2024,665742,L,595014,R,single,False,False
775294,2024-10-27,2024,592450,R,595014,R,strikeout,True,False
775294,2024-10-27,2024,519317,R,595014,R,single,False,False
775294,2024-10-27,2024,665862,L,595014,R,single,False,False
775294,2024-10-27,2024,519203,L,595014,R,hit_by_pitch,False,False
775294,2024-10-27,2024,683011,R,595014,R,strikeout,True,False
775294,2024-10-27,2024,624431,R,681911,L,field_out,False,False
775298,2024-10-29,2024,660271,L,657376,R,walk,False,True
775298,2024-10-29,2024,605141,R,657376,R,field_out,False,False
775298,2024-10-29,2024,518692,L,657376,R,home_run,False,False
775298,2024-10-29,2024,606192,R,657376,R,field_out,False,False
775298,2024-10-29,2024,571970,L,657376,R,strikeout,True,False
775298,2024-10-29,2024,650402,R,621111,R,walk,False,True
775298,2024-10-29,2024,665742,L,621111,R,field_out,False,False
775298,2024-10-29,2024,592450,R,621111,R,strikeout,True,False
775298,2024-10-29,2024,519317,R,621111,R,force_out,False,False
775298,2024-10-29,2024,669257,R,657376,R,field_out,False,False
775298,2024-10-29,2024,666158,L,657376,R,strikeout,True,False
775298,2024-10-29,2024,571771,R,657376,R,strikeout,True,False
775298,2024-10-29,2024,665862,L,621111,R,field_out,False,False
775298,2024-10-29,2024,683011,R,621111,R,strikeout,True,False
775298,2024-10-29,2024,519203,L,621111,R,strikeout,True,False
775298,2024-10-29,2024,669242,L,657376,R,walk,False,True
775298,2024-10-29,2024,660271,L,657376,R,field_out,False,False
775298,2024-10-29,2024,605141,R,657376,R,single,False,False
775298,2024-10-29,2024,518692,L,657376,R,walk,False,True
775298,2024-10-29,2024,606192,R,657376,R,field_out,False,False
775298,2024-10-29,2024,571970,L,657376,R,walk,False,True
775298,2024-10-29,2024,669257,R,643410,R,field_out,False,False
775298,2024-10-29,2024,624431,R,621111,R,strikeout,True,False
775298,2024-10-29,2024,657077,L,621111,R,strikeout,True,False
775298,2024-10-29,2024,650402,R,621111,R,walk,False,True
775298,2024-10-29,2024,665742,L,621111,R,field_out,False,False
775298,2024-10-29,2024,666158,L,643410,R,walk,False,True
775298,2024-10-29,2024,571771,R,643410,R,single,False,False
775298,2024-10-29,2024,669242,L,643410,R,fielders_choice_out,False,False
775298,2024-10-29,2024,660271,L,641482,L,strikeout,True,False
775298,2024-10-29,2024,605141,R,641482,L,field_out,False,False
775298,2024-10-29,2024,592450,R,621111,R,field_out,False,False
775298,2024-10-29,2024,519317,R,621111,R,double,False,False
775298,2024-10-29,2024,665862,L,621111,R,field_out,False,False
775298,2024-10-29,2024,683011,R,621111,R,single,False,False
775298,2024-10-29,2024,518692,L,641482,L,field_error,False,False
775298,2024-10-29,2024,606192,R,641482,L,field_out,False,False
775298,2024-10-29,2024,571970,L,641482,L,grounded_into_double_play,False,False
775298,2024-10-29,2024,519203,L,621111,R,field_out,False,False
775298,2024-10-29,2024,624431,R,621111,R,field_out,False,False
775298,2024-10-29,2024,657077,L,621111,R,field_out,False,False
775298,2024-10-29,2024,669257,R,664776,R,field_out,False,False
775298,2024-10-29,2024,666158,L,664776,R,hit_by_pitch,False,False
775298,2024-10-29,2024,571771,R,664776,R,single,False,False
775298,2024-10-29,2024,669242,L,664776,R,strikeout_double_play,True,False
775298,2024-10-29,2024,650402,R,660813,R,field_out,False,False
775298,2024-10-29,2024,665742,L,660813,R,walk,False,True
775298,2024-10-29,2024,592450,R,660813,R,force_out,False,False
775298,2024-10-29,2024,519317,R,660813,R,single,False,False
775298,2024-10-29,2024,665862,L,681911,L,force_out,False,False
775298,2024-10-29,2024,660271,L,657612,L,field_out,False,False
775298,2024-10-29,2024,605141,R,657612,L,walk,False,True
775298,2024-10-29,2024,518692,L,657612,L,force_out,False,False
775298,2024-10-29,2024,606192,R,605280,R,single,False,False
775298,2024-10-29,2024,571970,L,605280,R,strikeout,True,False
775298,2024-10-29,2024,683011,R,543339,R,strikeout,True,False
775298,2024-10-29,2024,519203,L,543339,R,single,False,False
775298,2024-10-29,2024,669224,L,543339,R,strikeout,True,False
775298,2024-10-29,2024,657077,L,607455,L,walk,False,True
775298,2024-10-29,2024,650402,R,607455,L,strikeout,True,False
775298,2024-10-29,2024,669257,R,605280,R,field_out,False,False
775298,2024-10-29,2024,666158,L,592454,R,strikeout,True,False
775298,2024-10-29,2024,571771,R,592454,R,field_out,False,False
775298,2024-10-29,2024,665742,L,518489,R,field_out,False,False
775298,2024-10-29,2024,592450,R,518489,R,walk,False,True
775298,2024-10-29,2024,519317,R,518489,R,strikeout,True,False
775298,2024-10-29,2024,665862,L,518489,R,strikeout,True,False
775298,2024-10-29,2024,669242,R,592454,R,field_out,False,False
775298,2024-10-29,2024,660271,L,596133,R,hit_by_pitch,False,False
775298,2024-10-29,2024,605141,R,596133,R,grounded_into_double_play,False,False
775298,2024-10-29,2024,683011,R,656629,R,strikeout,True,False
775298,2024-10-29,2024,519203,L,656629,R,walk,False,True
775298,2024-10-29,2024,669224,L,656629,R,field_out,False,False
775298,2024-10-29,2024,657077,L,656629,R,home_run,False,False
775298,2024-10-29,2024,650402,R,656629,R,field_out,False,False
775297,2024-10-30,2024,660271,L,661563,R,field_out,False,False
775297,2024-10-30,2024,605141,R,661563,R,double,False,False
775297,2024-10-30,2024,518692,L,661563,R,home_run,False,False
775297,2024-10-30,2024,606192,R,661563,R,single,False,False
775297,2024-10-30,2024,571970,L,661563,R,strikeout,True,False
775297,2024-10-30,2024,571771,R,661563,R,field_out,False,False
775297,2024-10-30,2024,650402,R,676508,R,field_out,False,False
775297,2024-10-30,2024,665742,L,676508,R,walk,False,True
775297,2024-10-30,2024,592450,R,676508,R,walk,False,True
775297,2024-10-30,2024,665862,L,676508,R,field_out,False,False
775297,2024-10-30,2024,519317,R,676508,R,field_out,False,False
775297,2024-10-30,2024,666158,L,661563,R,double,False,False
775297,2024-10-30,2024,669257,R,661563,R,field_out,False,False
775297,2024-10-30,2024,669242,L,661563,R,double_play,False,False
775297,2024-10-30,2024,519203,L,676508,R,strikeout,True,False
775297,2024-10-30,2024,683011,R,676508,R,walk,False,True
775297,2024-10-30,2024,669224,L,676508,R,double,False,False
775297,2024-10-30,2024,657077,L,676508,R,field_out,False,False
775297,2024-10-30,2024,650402,R,676508,R,field_out,False,False
775297,2024-10-30,2024,660271,L,661563,R,field_out,False,False
775297,2024-10-30,2024,605141,R,661563,R,field_out,False,False
775297,2024-10-30,2024,518692,L,661563,R,field_out,False,False
775297,2024-10-30,2024,665742,L,543339,R,strikeout,True,False
775297,2024-10-30,2024,592450,R,543339,R,hit_by_pitch,False,False
775297,2024-10-30,2024,665862,L,543339,R,single,False,False
775297,2024-10-30,2024,519317,R,543339,R,walk,False,True
775297,2024-10-30,2024,519203,L,543339,R,field_out,False,False
775297,2024-10-30,2024,683011,R,543339,R,home_run,False,False
775297,2024-10-30,2024,669224,L,543339,R,field_out,False,False
775297,2024-10-30,2024,606192,R,661563,R,field_out,False,False
775297,2024-10-30,2024,571970,L,661563,R,walk,False,True
775297,2024-10-30,2024,571771,R,661563,R,force_out,False,False
775297,2024-10-30,2024,666158,L,661563,R,field_out,False,False
775297,2024-10-30,2024,657077,L,689017,R,single,False,False
775297,2024-10-30,2024,650402,R,689017,R,grounded_into_double_play,False,False
775297,2024-10-30,2024,665742,L,689017,R,field_out,False,False
775297,2024-10-30,2024,669257,R,661563,R,home_run,False,False
775297,2024-10-30,2024,669242,L,661563,R,walk,False,True
775297,2024-10-30,2024,660271,L,657612,L,single,False,False
775297,2024-10-30,2024,605141,R,657612,L,force_out,False,False
775297,2024-10-30,2024,518692,L,657612,L,force_out,False,False
775297,2024-10-30,2024,606192,R,605280,R,field_out,False,False
775297,2024-10-30,2024,592450,R,689017,R,field_error,False,False
775297,2024-10-30,2024,665862,L,689017,R,walk,False,True
775297,2024-10-30,2024,519317,R,689017,R,strikeout,True,False
775297,2024-10-30,2024,519203,L,689017,R,field_out,False,False
775297,2024-10-30,2024,683011,R,689017,R,field_out,False,False
775297,2024-10-30,2024,571970,L,605280,R,strikeout,True,False
775297,2024-10-30,2024,571771,R,605280,R,strikeout,True,False
775297,2024-10-30,2024,666158,L,605280,R,field_out,False,False
775297,2024-10-30,2024,669224,L,689017,R,home_run,False,False
775297,2024-10-30,2024,657077,L,689017,R,field_out,False,False
775297,2024-10-30,2024,650402,R,689017,R,field_out,False,False
775297,2024-10-30,2024,665742,L,689017,R,strikeout,True,False
775297,2024-10-30,2024,669257,R,643410,R,strikeout,True,False
775297,2024-10-30,2024,669242,L,643410,R,walk,False,True
775297,2024-10-30,2024,660271,L,643410,R,strikeout,True,False
775297,2024-10-30,2024,605141,R,596133,R,strikeout,True,False
775297,2024-10-30,2024,592450,R,689017,R,field_out,False,False
775297,2024-10-30,2024,665862,L,689017,R,field_out,False,False
775297,2024-10-30,2024,519317,R,689017,R,field_out,False,False
775297,2024-10-30,2024,518692,L,596133,R,field_out,False,False
775297,2024-10-30,2024,606192,R,596133,R,strikeout,True,False
775297,2024-10-30,2024,571970,L,596133,R,strikeout,True,False
775297,2024-10-30,2024,519203,L,641703,R,field_out,False,False
775297,2024-10-30,2024,683011,R,641703,R,double,False,False
775297,2024-10-30,2024,669224,L,641703,R,walk,False,True
775297,2024-10-30,2024,657077,L,641703,R,fielders_choice,False,False
775297,2024-10-30,2024,650402,R,641703,R,home_run,False,False
775297,2024-10-30,2024,665742,L,641703,R,double,False,False
775297,2024-10-30,2024,592450,R,641703,R,single,False,False
775297,2024-10-30,2024,665862,L,641703,R,field_out,False,False
775297,2024-10-30,2024,519317,R,641703,R,field_out,False,False
775297,2024-10-30,2024,571771,R,641835,L,field_out,False,False
775297,2024-10-30,2024,621035,R,641835,L,field_out,False,False
775297,2024-10-30,2024,669257,R,641835,L,field_out,False,False
