Pitch Type,Pitch,Pitch Group,pitches,USG,PA,AB,K,K%,BB,OBP,swings,Whiffs,Whiff%,SwStr%,Called Strikes,cStr%,CSW%,Chase%,Putaway USG,Putaway%,AVG,obp,SLG,OPS,ISO,mlbid
SI,Sinker,FB,328,35.65,89,84,14,15.73,5,5.62,132,13,9.85,3.96,79,24.09,28.05,15.97,36.77,17.07,0.369,0.404,0.69,1.094,0.3209999999999999,425794
FC,Cutter,FB,271,29.46,67,62,4,5.97,4,5.97,128,22,17.19,8.12,40,14.76,22.88,22.92,12.56,14.29,0.371,0.409,0.452,0.861,0.081,425794
CU,Curveball,BR,267,29.02,81,77,10,12.35,3,3.7,124,23,18.55,8.61,45,16.85,25.47,30.37,40.81,10.99,0.26,0.288,0.403,0.6910000000000001,0.143,425794
FF,4-Seam Fastball,FB,37,4.02,13,13,2,15.38,0,0.0,19,4,21.05,10.81,6,16.22,27.03,20.0,5.83,15.38,0.462,0.462,1.0,1.462,0.538,425794
CH,Changeup,OS,8,0.87,1,0,0,0.0,0,0.0,3,0,0.0,0.0,1,12.5,12.5,0.0,1.79,0.0,,1.0,,,,425794
SL,Slider,BR,5,0.54,1,1,0,0.0,0,0.0,1,0,0.0,0.0,0,0.0,0.0,0.0,1.79,0.0,1.0,1.0,1.0,2.0,0.0,425794
,,,3,0.33,0,0,0,,0,,0,0,,0.0,0,0.0,0.0,,0.45,0.0,,,,,,425794
CS,Slow Curve,BR,1,0.11,1,1,0,0.0,0,0.0,1,0,0.0,0.0,0,0.0,0.0,,0.0,,0.0,0.0,0.0,0.0,0.0,425794
SL,Slider,BR,372,30.1,106,100,22,20.75,5,4.72,195,49,25.13,13.17,40,10.75,23.92,36.65,37.2,15.94,0.18,0.217,0.24,0.4569999999999999,0.06,425844
SI,Sinker,FB,301,24.35,72,69,7,9.72,3,4.17,124,10,8.06,3.32,77,25.58,28.9,20.15,14.29,13.21,0.333,0.361,0.536,0.897,0.203,425844
FF,4-Seam Fastball,FB,235,19.01,53,47,13,24.53,3,5.66,109,26,23.85,11.06,55,23.4,34.47,18.09,18.33,19.12,0.149,0.226,0.277,0.503,0.128,425844
CU,Curveball,BR,126,10.19,33,30,5,15.15,2,6.06,64,17,26.56,13.49,18,14.29,27.78,34.33,6.2,21.74,0.433,0.455,0.867,1.322,0.434,425844
FC,Cutter,FB,110,8.9,37,36,4,10.81,0,0.0,62,12,19.35,10.91,18,16.36,27.27,42.31,9.43,11.43,0.333,0.324,0.444,0.768,0.1109999999999999,425844
CH,Changeup,OS,91,7.36,24,24,11,45.83,0,0.0,39,13,33.33,14.29,4,4.4,18.68,30.88,14.56,20.37,0.125,0.125,0.125,0.25,0.0,425844
CS,Slow Curve,BR,1,0.08,0,0,0,,0,,0,0,,0.0,0,0.0,0.0,0.0,0.0,,,,,,,425844
FF,4-Seam Fastball,FB,701,50.54,177,160,27,15.25,12,6.78,358,61,17.04,8.7,119,16.98,25.68,31.19,38.19,17.76,0.225,0.29,0.462,0.752,0.237,434378
SL,Slider,BR,369,26.6,107,95,28,26.17,11,10.28,179,56,31.28,15.18,55,14.91,30.08,30.35,35.93,19.58,0.211,0.29,0.337,0.627,0.126,434378
CU,Curveball,BR,283,20.4,73,69,17,23.29,4,5.48,117,32,27.35,11.31,59,20.85,32.16,30.0,20.85,20.48,0.304,0.342,0.406,0.748,0.102,434378
CH,Changeup,OS,33,2.38,10,10,4,40.0,0,0.0,18,6,33.33,18.18,2,6.06,24.24,27.78,5.03,20.0,0.2,0.2,0.3,0.5,0.0999999999999999,434378
,,,1,0.07,0,0,0,,0,,0,0,,0.0,0,0.0,0.0,,0.0,,,,,,,434378
FC,Cutter,FB,312,82.54,82,74,22,26.83,7,8.54,172,51,29.65,16.35,45,14.42,30.77,33.09,75.44,25.58,0.284,0.354,0.432,0.786,0.148,445276
SL,Slider,BR,42,11.11,9,8,3,33.33,1,11.11,25,13,52.0,30.95,1,2.38,33.33,33.33,17.54,15.0,0.25,0.333,0.375,0.708,0.125,445276
SI,Sinker,FB,22,5.82,7,6,2,28.57,0,0.0,7,1,14.29,4.55,6,27.27,31.82,18.18,7.02,25.0,0.167,0.286,0.167,0.4529999999999999,0.0,445276
,,,2,0.53,1,0,0,0.0,1,100.0,0,0,,0.0,0,0.0,0.0,,0.0,,,1.0,,,,445276
FC,Cutter,FB,163,49.54,34,31,12,35.29,3,8.82,77,29,37.66,17.79,32,19.63,37.42,36.46,48.08,24.0,0.226,0.294,0.355,0.649,0.1289999999999999,445926
SI,Sinker,FB,125,37.99,31,26,6,19.35,4,12.9,37,5,13.51,4.0,43,34.4,38.4,9.38,30.77,18.75,0.346,0.452,0.615,1.067,0.269,445926
CU,Curveball,BR,29,8.81,7,7,4,57.14,0,0.0,16,9,56.25,31.03,2,6.9,37.93,45.0,14.42,26.67,0.143,0.143,0.143,0.286,0.0,445926
CH,Changeup,OS,9,2.74,6,6,2,33.33,0,0.0,7,2,28.57,22.22,0,0.0,22.22,50.0,5.77,33.33,0.0,0.0,0.0,0.0,0.0,445926
FF,4-Seam Fastball,FB,1,0.3,0,0,0,,0,,0,0,,0.0,0,0.0,0.0,0.0,0.96,0.0,,,,,,445926
PO,Pitch Out,,1,0.3,0,0,0,,0,,0,0,,0.0,0,0.0,0.0,0.0,0.0,,,,,,,445926
,,,1,0.3,0,0,0,,0,,0,0,,0.0,0,0.0,0.0,,0.0,,,,,,,445926
SI,Sinker,FB,154,33.92,42,39,2,4.76,2,4.76,67,6,8.96,3.9,34,22.08,25.97,18.18,21.77,7.41,0.359,0.405,0.769,1.174,0.41,446372
CU,Curveball,BR,146,32.16,45,44,15,33.33,1,2.22,79,28,35.44,19.18,27,18.49,37.67,44.16,43.55,27.78,0.205,0.222,0.318,0.54,0.113,446372
FC,Cutter,FB,102,22.47,26,22,0,0.0,4,15.38,50,10,20.0,9.8,10,9.8,19.61,23.64,20.16,0.0,0.364,0.462,1.0,1.462,0.636,446372
CH,Changeup,OS,45,9.91,8,8,3,37.5,0,0.0,24,8,33.33,17.78,3,6.67,24.44,39.39,12.9,18.75,0.125,0.125,0.125,0.25,0.0,446372
FF,4-Seam Fastball,FB,7,1.54,0,0,0,,0,,2,0,0.0,0.0,2,28.57,28.57,25.0,1.61,0.0,,,,,,446372
FF,4-Seam Fastball,FB,729,36.32,184,167,49,26.63,11,5.98,319,71,22.26,9.74,143,19.62,29.36,25.86,35.19,23.56,0.24,0.293,0.455,0.748,0.215,448179
CU,Curveball,BR,723,36.02,202,183,42,20.79,16,7.92,335,56,16.72,7.75,160,22.13,29.88,22.88,41.29,17.21,0.284,0.347,0.492,0.839,0.208,448179
FC,Cutter,FB,348,17.34,79,71,8,10.13,7,8.86,187,36,19.25,10.34,69,19.83,30.17,32.87,6.43,21.05,0.394,0.449,0.718,1.167,0.3239999999999999,448179
ST,Sweeper,BR,75,3.74,24,20,4,16.67,3,12.5,29,3,10.34,4.0,9,12.0,16.0,24.0,9.14,7.41,0.25,0.375,0.4,0.775,0.15,448179
CH,Changeup,OS,47,2.34,19,18,0,0.0,0,0.0,25,1,4.0,2.13,4,8.51,10.64,13.64,1.35,0.0,0.278,0.278,0.444,0.722,0.1659999999999999,448179
SI,Sinker,FB,33,1.64,8,7,3,37.5,1,12.5,11,2,18.18,6.06,8,24.24,30.3,12.5,3.21,15.79,0.143,0.25,0.143,0.393,0.0,448179
SL,Slider,BR,29,1.44,10,10,0,0.0,0,0.0,21,2,9.52,6.9,2,6.9,13.79,42.86,1.18,0.0,0.5,0.5,1.0,1.5,0.5,448179
CS,Slow Curve,BR,19,0.95,7,6,0,0.0,1,14.29,10,1,10.0,5.26,0,0.0,5.26,25.0,2.2,0.0,0.167,0.286,0.333,0.619,0.166,448179
,,,4,0.2,0,0,0,,0,,0,0,,0.0,0,0.0,0.0,,0.0,,,,,,,448179
CU,Curveball,BR,564,39.75,171,159,59,34.5,9,5.26,267,106,39.7,18.79,86,15.25,34.04,37.86,60.05,25.65,0.189,0.231,0.258,0.489,0.069,450203
FF,4-Seam Fastball,FB,412,29.03,113,96,18,15.93,14,12.39,180,30,16.67,7.28,85,20.63,27.91,18.03,30.55,15.38,0.281,0.378,0.479,0.857,0.1979999999999999,450203
FC,Cutter,FB,184,12.97,28,21,4,14.29,6,21.43,67,23,34.33,12.5,40,21.74,34.24,22.33,3.39,30.77,0.238,0.429,0.333,0.762,0.095,450203
SI,Sinker,FB,154,10.85,36,30,0,0.0,6,16.67,51,2,3.92,1.3,27,17.53,18.83,13.95,2.35,0.0,0.5,0.583,0.7,1.283,0.1999999999999999,450203
CH,Changeup,OS,96,6.77,19,18,2,10.53,1,5.26,46,11,23.91,11.46,12,12.5,23.96,25.0,3.66,14.29,0.278,0.316,0.389,0.7050000000000001,0.1109999999999999,450203
,,,9,0.63,0,0,0,,0,,0,0,,0.0,0,0.0,0.0,,0.0,,,,,,,450203
FF,4-Seam Fastball,FB,99,60.37,32,27,6,18.75,4,12.5,51,13,25.49,13.13,14,14.14,27.27,26.0,44.74,35.29,0.185,0.281,0.185,0.466,0.0,453178
FS,Split-Finger,OS,48,29.27,12,10,5,41.67,0,0.0,18,10,55.56,20.83,5,10.42,31.25,30.56,55.26,23.81,0.1,0.25,0.1,0.35,0.0,453178
FC,Cutter,FB,14,8.54,2,2,0,0.0,0,0.0,4,2,50.0,14.29,6,42.86,57.14,25.0,0.0,,0.5,0.5,2.0,2.5,1.5,453178
KC,Knuckle Curve,BR,3,1.83,0,0,0,,0,,0,0,,0.0,0,0.0,0.0,0.0,0.0,,,,,,,453178
SL,Slider,BR,283,49.56,74,62,20,27.03,6,8.11,137,35,25.55,12.37,52,18.37,30.74,23.81,60.9,21.05,0.21,0.288,0.371,0.659,0.161,453268
SI,Sinker,FB,211,36.95,53,43,6,11.32,7,13.21,85,11,12.94,5.21,44,20.85,26.07,16.67,21.79,17.65,0.233,0.365,0.302,0.667,0.0689999999999999,453268
FF,4-Seam Fastball,FB,55,9.63,11,5,2,18.18,6,54.55,10,3,30.0,5.45,12,21.82,27.27,5.71,8.33,15.38,0.0,0.545,0.0,0.545,0.0,453268
SV,Slurve,BR,19,3.33,6,4,2,33.33,1,16.67,10,2,20.0,10.53,1,5.26,15.79,25.0,8.33,15.38,0.25,0.5,1.0,1.5,0.75,453268
,,,2,0.35,1,0,0,0.0,1,100.0,0,0,,0.0,0,0.0,0.0,,0.0,,,1.0,,,,453268
CH,Changeup,OS,1,0.18,0,0,0,,0,,0,0,,0.0,0,0.0,0.0,0.0,0.64,0.0,,,,,,453268
FF,4-Seam Fastball,FB,532,45.55,117,108,22,18.8,6,5.13,270,58,21.48,10.9,105,19.74,30.64,24.04,30.56,17.6,0.213,0.274,0.407,0.681,0.1939999999999999,453286
SL,Slider,BR,412,35.27,112,111,32,28.57,1,0.89,219,80,36.53,19.42,55,13.35,32.77,36.77,35.45,22.07,0.252,0.259,0.55,0.809,0.298,453286
CH,Changeup,OS,122,10.45,35,30,16,45.71,4,11.43,60,23,38.33,18.85,5,4.1,22.95,30.95,21.52,18.18,0.2,0.286,0.267,0.5529999999999999,0.067,453286
CU,Curveball,BR,87,7.45,26,26,15,57.69,0,0.0,52,24,46.15,27.59,13,14.94,42.53,48.0,9.78,37.5,0.154,0.154,0.154,0.308,0.0,453286
FC,Cutter,FB,14,1.2,6,6,4,66.67,0,0.0,8,3,37.5,21.43,2,14.29,35.71,42.86,2.44,40.0,0.167,0.167,0.167,0.334,0.0,453286
,,,1,0.09,1,1,1,100.0,0,0.0,0,0,,0.0,0,0.0,0.0,,0.24,100.0,0.0,0.0,0.0,0.0,0.0,453286
EP,Eephus,,16,94.12,5,3,0,0.0,1,20.0,6,0,0.0,0.0,2,12.5,12.5,10.0,100.0,0.0,0.333,0.4,1.333,1.733,1.0,455117
FA,Other,,1,5.88,0,0,0,,0,,0,0,,0.0,0,0.0,0.0,0.0,0.0,,,,,,,455117
FF,4-Seam Fastball,FB,125,31.81,27,26,10,37.04,1,3.7,73,24,32.88,19.2,26,20.8,40.0,35.0,42.97,18.18,0.269,0.296,0.269,0.565,0.0,455119
SI,Sinker,FB,108,27.48,34,33,1,2.94,1,2.94,58,3,5.17,2.78,26,24.07,26.85,41.67,16.41,4.76,0.242,0.265,0.242,0.507,0.0,455119
FC,Cutter,FB,103,26.21,31,29,2,6.45,1,3.23,62,11,17.74,10.68,16,15.53,26.21,29.73,14.06,11.11,0.241,0.258,0.276,0.534,0.035,455119
ST,Sweeper,BR,24,6.11,9,9,3,33.33,0,0.0,13,4,30.77,16.67,1,4.17,20.83,28.57,10.16,23.08,0.333,0.333,0.333,0.666,0.0,455119
FS,Split-Finger,OS,21,5.34,9,9,8,88.89,0,0.0,13,8,61.54,38.1,1,4.76,42.86,46.67,11.72,53.33,0.111,0.111,0.111,0.222,0.0,455119
SL,Slider,BR,10,2.54,3,3,1,33.33,0,0.0,6,0,0.0,0.0,1,10.0,10.0,25.0,4.69,16.67,0.0,0.0,0.0,0.0,0.0,455119
,,,2,0.51,0,0,0,,0,,0,0,,0.0,0,0.0,0.0,,0.0,,,,,,,455119
FF,4-Seam Fastball,FB,124,31.88,31,26,8,25.81,4,12.9,79,20,25.32,16.13,12,9.68,25.81,42.59,39.2,16.33,0.192,0.29,0.462,0.752,0.27,456501
SI,Sinker,FB,120,30.85,37,34,1,2.7,0,0.0,64,1,1.56,0.83,17,14.17,15.0,45.33,10.4,7.69,0.265,0.324,0.382,0.706,0.1169999999999999,456501
SL,Slider,BR,83,21.34,19,16,4,21.05,3,15.79,29,4,13.79,4.82,20,24.1,28.92,12.2,25.6,12.5,0.188,0.316,0.5,0.8160000000000001,0.312,456501
CH,Changeup,OS,59,15.17,14,14,4,28.57,0,0.0,32,11,34.38,18.64,0,0.0,18.64,34.15,23.2,13.79,0.357,0.357,0.857,1.214,0.5,456501
FC,Cutter,FB,2,0.51,1,1,1,100.0,0,0.0,1,1,100.0,50.0,0,0.0,50.0,50.0,1.6,50.0,0.0,0.0,0.0,0.0,0.0,456501
CU,Curveball,BR,1,0.26,0,0,0,,0,,0,0,,0.0,0,0.0,0.0,0.0,0.0,,,,,,,456501
FF,4-Seam Fastball,FB,45,48.91,13,13,3,23.08,0,0.0,23,6,26.09,13.33,6,13.33,26.67,29.17,50.0,23.08,0.308,0.308,0.692,1.0,0.3839999999999999,456713
CU,Curveball,BR,36,39.13,7,6,1,14.29,1,14.29,17,9,52.94,25.0,8,22.22,47.22,36.84,46.15,8.33,0.0,0.143,0.0,0.143,0.0,456713
SI,Sinker,FB,7,7.61,2,1,0,0.0,1,50.0,1,0,0.0,0.0,4,57.14,57.14,0.0,3.85,0.0,0.0,0.5,0.0,0.5,0.0,456713
ST,Sweeper,BR,4,4.35,1,1,0,0.0,0,0.0,2,0,0.0,0.0,0,0.0,0.0,0.0,0.0,,1.0,1.0,4.0,5.0,3.0,456713
FF,4-Seam Fastball,FB,703,43.72,164,154,61,37.2,8,4.88,392,143,36.48,20.34,121,17.21,37.55,26.94,43.9,26.07,0.208,0.256,0.396,0.652,0.188,458681
FC,Cutter,FB,341,21.21,86,79,13,15.12,6,6.98,164,42,25.61,12.32,43,12.61,24.93,22.99,16.14,15.12,0.253,0.302,0.443,0.745,0.19,458681
CU,Curveball,BR,291,18.1,72,66,26,36.11,4,5.56,131,48,36.64,16.49,20,6.87,23.37,32.21,28.71,16.99,0.242,0.306,0.5,0.806,0.258,458681
SI,Sinker,FB,260,16.17,81,67,9,11.11,10,12.35,125,18,14.4,6.92,40,15.38,22.31,35.67,9.76,15.38,0.254,0.383,0.403,0.786,0.149,458681
CH,Changeup,OS,11,0.68,4,4,2,50.0,0,0.0,8,2,25.0,18.18,0,0.0,18.18,57.14,1.31,28.57,0.0,0.0,0.0,0.0,0.0,458681
,,,2,0.12,0,0,0,,0,,0,0,,0.0,0,0.0,0.0,,0.19,0.0,,,,,,458681
SL,Slider,BR,239,28.02,60,55,10,16.67,3,5.0,119,40,33.61,16.74,38,15.9,32.64,29.41,25.09,13.89,0.327,0.367,0.509,0.876,0.182,471911
FF,4-Seam Fastball,FB,216,25.32,56,51,6,10.71,4,7.14,99,17,17.17,7.87,43,19.91,27.78,19.15,21.25,9.84,0.392,0.446,0.824,1.27,0.4319999999999999,471911
CH,Changeup,OS,205,24.03,57,54,20,35.09,2,3.51,126,38,30.16,18.54,11,5.37,23.9,45.53,35.89,19.42,0.222,0.263,0.333,0.5960000000000001,0.111,471911
SI,Sinker,FB,115,13.48,38,32,1,2.63,3,7.89,56,7,12.5,6.09,18,15.65,21.74,27.59,8.36,4.17,0.5,0.553,0.781,1.334,0.281,471911
CU,Curveball,BR,67,7.85,18,18,4,22.22,0,0.0,35,9,25.71,13.43,15,22.39,35.82,38.71,7.67,18.18,0.167,0.167,0.389,0.556,0.222,471911
ST,Sweeper,BR,5,0.59,1,1,0,0.0,0,0.0,2,0,0.0,0.0,1,20.0,20.0,25.0,1.39,0.0,0.0,0.0,0.0,0.0,0.0,471911
FC,Cutter,FB,3,0.35,0,0,0,,0,,0,0,,0.0,0,0.0,0.0,0.0,0.0,,,,,,,471911
,,,3,0.35,0,0,0,,0,,0,0,,0.0,0,0.0,0.0,,0.35,0.0,,,,,,471911
SI,Sinker,FB,63,54.31,15,13,0,0.0,2,13.33,26,1,3.85,1.59,9,14.29,15.87,12.9,36.84,0.0,0.308,0.4,0.385,0.785,0.077,472551
FF,4-Seam Fastball,FB,18,15.52,4,4,1,25.0,0,0.0,12,3,25.0,16.67,0,0.0,16.67,58.33,34.21,7.69,0.5,0.5,0.5,1.0,0.0,472551
KC,Knuckle Curve,BR,17,14.66,3,2,0,0.0,1,33.33,8,0,0.0,0.0,5,29.41,29.41,42.86,13.16,0.0,0.0,0.333,0.0,0.333,0.0,472551
CH,Changeup,OS,16,13.79,4,4,0,0.0,0,0.0,6,0,0.0,0.0,2,12.5,12.5,20.0,13.16,0.0,0.75,0.75,1.75,2.5,1.0,472551
,,,2,1.72,0,0,0,,0,,0,0,,0.0,0,0.0,0.0,,2.63,0.0,,,,,,472551
SI,Sinker,FB,320,52.81,102,91,7,6.86,8,7.84,177,25,14.12,7.81,54,16.88,24.69,35.71,32.22,12.07,0.253,0.327,0.374,0.7010000000000001,0.121,472610
ST,Sweeper,BR,231,38.12,43,38,21,48.84,2,4.65,89,39,43.82,16.88,23,9.96,26.84,21.71,58.33,20.0,0.132,0.233,0.395,0.628,0.263,472610
FF,4-Seam Fastball,FB,36,5.94,8,6,1,12.5,1,12.5,14,3,21.43,8.33,8,22.22,30.56,17.65,4.44,12.5,0.333,0.5,0.833,1.333,0.4999999999999999,472610
FS,Split-Finger,OS,14,2.31,5,4,1,20.0,1,20.0,5,0,0.0,0.0,2,14.29,14.29,22.22,4.44,12.5,0.0,0.2,0.0,0.2,0.0,472610
SL,Slider,BR,5,0.83,1,1,1,100.0,0,0.0,1,1,100.0,20.0,0,0.0,20.0,20.0,0.56,100.0,0.0,0.0,0.0,0.0,0.0,472610
FC,Cutter,FB,96,51.61,17,14,3,17.65,3,17.65,45,4,8.89,4.17,15,15.62,19.79,27.27,42.25,10.0,0.571,0.647,0.643,1.29,0.072,476595
ST,Sweeper,BR,50,26.88,15,13,0,0.0,1,6.67,31,6,19.35,12.0,4,8.0,20.0,58.06,19.72,0.0,0.154,0.267,0.385,0.652,0.231,476595
CU,Curveball,BR,33,17.74,7,7,6,85.71,0,0.0,13,6,46.15,18.18,2,6.06,24.24,35.71,36.62,23.08,0.0,0.0,0.0,0.0,0.0,476595
SI,Sinker,FB,5,2.69,1,1,0,0.0,0,0.0,3,0,0.0,0.0,1,20.0,20.0,0.0,1.41,0.0,0.0,0.0,0.0,0.0,0.0,476595
,,,2,1.08,0,0,0,,0,,0,0,,0.0,0,0.0,0.0,,0.0,,,,,,,476595
SL,Slider,BR,739,42.82,213,196,73,34.27,16,7.51,461,173,37.53,23.41,79,10.69,34.1,43.3,50.19,27.24,0.179,0.239,0.383,0.622,0.204,477132
FF,4-Seam Fastball,FB,621,35.98,145,127,22,15.17,16,11.03,234,24,10.26,3.86,160,25.76,29.63,18.39,23.41,17.6,0.291,0.375,0.472,0.847,0.181,477132
CU,Curveball,BR,322,18.66,74,73,29,39.19,1,1.35,134,50,37.31,15.53,44,13.66,29.19,26.96,24.34,22.31,0.205,0.216,0.301,0.517,0.096,477132
CH,Changeup,OS,33,1.91,4,4,1,25.0,0,0.0,9,6,66.67,18.18,4,12.12,30.3,25.0,1.31,14.29,0.25,0.25,0.25,0.5,0.0,477132
FS,Split-Finger,OS,7,0.41,5,5,1,20.0,0,0.0,4,0,0.0,0.0,1,14.29,14.29,60.0,0.75,25.0,0.0,0.0,0.0,0.0,0.0,477132
,,,3,0.17,0,0,0,,0,,0,0,,0.0,0,0.0,0.0,,0.0,,,,,,,477132
FA,Other,,1,0.06,0,0,0,,0,,0,0,,0.0,0,0.0,0.0,0.0,0.0,,,,,,,477132
SI,Sinker,FB,93,44.5,28,28,6,21.43,0,0.0,43,5,11.63,5.38,32,34.41,39.78,19.35,25.81,37.5,0.214,0.214,0.286,0.5,0.0719999999999999,488984
FC,Cutter,FB,51,24.4,11,11,2,18.18,0,0.0,31,10,32.26,19.61,5,9.8,29.41,44.0,11.29,28.57,0.455,0.455,0.727,1.182,0.2719999999999999,488984
CU,Curveball,BR,43,20.57,15,13,1,6.67,1,6.67,21,3,14.29,6.98,4,9.3,16.28,36.67,35.48,4.55,0.385,0.467,0.538,1.005,0.153,488984
FF,4-Seam Fastball,FB,13,6.22,4,4,1,25.0,0,0.0,8,0,0.0,0.0,1,7.69,7.69,33.33,19.35,8.33,0.25,0.25,0.25,0.5,0.0,488984
CH,Changeup,OS,8,3.83,3,3,1,33.33,0,0.0,4,1,25.0,12.5,0,0.0,12.5,20.0,8.06,20.0,0.333,0.333,0.667,1.0,0.334,488984
,,,1,0.48,0,0,0,,0,,0,0,,0.0,0,0.0,0.0,,0.0,,,,,,,488984
FC,Cutter,FB,638,43.17,153,133,17,11.11,13,8.5,288,48,16.67,7.52,120,18.81,26.33,24.84,31.32,14.29,0.233,0.307,0.474,0.7809999999999999,0.2409999999999999,489119
CH,Changeup,OS,445,30.11,136,124,21,15.44,11,8.09,189,46,24.34,10.34,66,14.83,25.17,33.1,36.32,15.22,0.218,0.279,0.282,0.5609999999999999,0.0639999999999999,489119
FF,4-Seam Fastball,FB,309,20.91,81,74,13,16.05,6,7.41,153,19,12.42,6.15,58,18.77,24.92,25.19,26.58,12.87,0.216,0.275,0.5,0.775,0.284,489119
SI,Sinker,FB,41,2.77,13,11,3,23.08,2,15.38,15,1,6.67,2.44,12,29.27,31.71,30.43,4.74,16.67,0.364,0.462,0.455,0.917,0.091,489119
CU,Curveball,BR,38,2.57,1,1,0,0.0,0,0.0,9,2,22.22,5.26,13,34.21,39.47,21.05,0.26,0.0,0.0,0.0,0.0,0.0,0.0,489119
SL,Slider,BR,4,0.27,1,1,0,0.0,0,0.0,1,0,0.0,0.0,0,0.0,0.0,0.0,0.53,0.0,0.0,0.0,0.0,0.0,0.0,489119
,,,3,0.2,0,0,0,,0,,0,0,,0.0,0,0.0,0.0,,0.26,0.0,,,,,,489119
FF,4-Seam Fastball,FB,301,53.65,73,59,27,36.99,10,13.7,126,35,27.78,11.63,69,22.92,34.55,18.25,50.57,30.34,0.22,0.347,0.373,0.72,0.153,489446
FS,Split-Finger,OS,243,43.32,60,53,20,33.33,5,8.33,126,49,38.89,20.16,18,7.41,27.57,42.01,46.02,24.69,0.17,0.254,0.264,0.518,0.094,489446
ST,Sweeper,BR,10,1.78,1,0,0,0.0,0,0.0,1,0,0.0,0.0,4,40.0,40.0,0.0,1.7,0.0,,1.0,,,,489446
,,,3,0.53,1,0,0,0.0,1,100.0,0,0,,0.0,0,0.0,0.0,,1.14,0.0,,1.0,,,,489446
SL,Slider,BR,2,0.36,1,1,0,0.0,0,0.0,1,0,0.0,0.0,0,0.0,0.0,0.0,0.0,,1.0,1.0,2.0,3.0,1.0,489446
PO,Pitch Out,,2,0.36,0,0,0,,0,,0,0,,0.0,0,0.0,0.0,0.0,0.57,0.0,,,,,,489446
SI,Sinker,FB,287,45.85,82,68,15,18.29,8,9.76,107,14,13.08,4.88,92,32.06,36.93,23.44,45.16,17.86,0.25,0.378,0.382,0.76,0.132,493603
ST,Sweeper,BR,233,37.22,52,44,11,21.15,5,9.62,95,24,25.26,10.3,41,17.6,27.9,24.24,34.41,17.19,0.205,0.294,0.227,0.521,0.022,493603
CH,Changeup,OS,45,7.19,14,14,6,42.86,0,0.0,25,11,44.0,24.44,3,6.67,31.11,37.5,10.75,30.0,0.0,0.0,0.0,0.0,0.0,493603
FC,Cutter,FB,42,6.71,7,6,0,0.0,1,14.29,13,4,30.77,9.52,6,14.29,23.81,18.52,2.69,0.0,0.333,0.429,0.333,0.762,0.0,493603
FF,4-Seam Fastball,FB,16,2.56,5,5,4,80.0,0,0.0,8,6,75.0,37.5,2,12.5,50.0,50.0,5.91,36.36,0.0,0.0,0.0,0.0,0.0,493603
,,,2,0.32,1,1,1,100.0,0,0.0,0,0,,0.0,0,0.0,0.0,,0.54,100.0,0.0,0.0,0.0,0.0,0.0,493603
SL,Slider,BR,1,0.16,0,0,0,,0,,0,0,,0.0,0,0.0,0.0,0.0,0.54,0.0,,,,,,493603
EP,Eephus,,18,69.23,11,9,0,0.0,1,9.09,12,0,0.0,0.0,1,5.56,5.56,50.0,,,0.111,0.273,0.111,0.384,0.0,500743
FA,Other,,8,30.77,1,1,0,0.0,0,0.0,1,0,0.0,0.0,1,12.5,12.5,12.5,,,1.0,1.0,2.0,3.0,1.0,500743
SI,Sinker,FB,312,30.68,78,64,11,14.1,13,16.67,128,14,10.94,4.49,89,28.53,33.01,17.65,23.7,15.07,0.203,0.333,0.219,0.552,0.0159999999999999,500779
CU,Curveball,BR,244,23.99,60,56,15,25.0,2,3.33,105,28,26.67,11.48,45,18.44,29.92,34.55,25.32,19.23,0.214,0.233,0.268,0.501,0.054,500779
FF,4-Seam Fastball,FB,235,23.11,54,52,11,20.37,1,1.85,114,29,25.44,12.34,22,9.36,21.7,29.71,25.32,14.1,0.404,0.426,0.577,1.003,0.1729999999999999,500779
CH,Changeup,OS,211,20.75,65,57,12,18.46,6,9.23,102,31,30.39,14.69,13,6.16,20.85,37.25,21.75,17.91,0.263,0.328,0.368,0.696,0.1049999999999999,500779
SV,Slurve,BR,14,1.38,6,6,1,16.67,0,0.0,9,1,11.11,7.14,0,0.0,7.14,54.55,3.57,9.09,0.333,0.333,0.667,1.0,0.334,500779
,,,1,0.1,0,0,0,,0,,0,0,,0.0,0,0.0,0.0,,0.32,0.0,,,,,,500779
EP,Eephus,,15,75.0,9,7,0,0.0,1,11.11,8,0,0.0,0.0,1,6.67,6.67,44.44,,,0.143,0.222,0.143,0.365,0.0,500871
FA,Other,,5,25.0,0,0,0,,0,,1,1,100.0,20.0,0,0.0,20.0,0.0,,,,,,,,500871
SI,Sinker,FB,601,39.38,179,151,19,10.61,20,11.17,259,31,11.97,5.16,143,23.79,28.95,20.31,29.5,15.45,0.298,0.39,0.477,0.867,0.179,502043
ST,Sweeper,BR,498,32.63,125,120,50,40.0,2,1.6,248,122,49.19,24.5,53,10.64,35.14,37.7,47.0,25.51,0.15,0.16,0.242,0.402,0.092,502043
FC,Cutter,FB,193,12.65,50,44,0,0.0,4,8.0,87,18,20.69,9.33,30,15.54,24.87,24.77,2.64,0.0,0.295,0.34,0.455,0.795,0.16,502043
CH,Changeup,OS,113,7.4,31,29,10,32.26,2,6.45,60,21,35.0,18.58,8,7.08,25.66,34.78,12.23,19.61,0.241,0.29,0.379,0.669,0.138,502043
FF,4-Seam Fastball,FB,76,4.98,17,16,2,11.76,1,5.88,29,6,20.69,7.89,17,22.37,30.26,25.53,5.52,8.7,0.5,0.529,0.75,1.279,0.25,502043
CU,Curveball,BR,44,2.88,5,5,3,60.0,0,0.0,15,9,60.0,20.45,9,20.45,40.91,33.33,3.12,23.08,0.0,0.0,0.0,0.0,0.0,502043
,,,1,0.07,0,0,0,,0,,0,0,,0.0,0,0.0,0.0,,0.0,,,,,,,502043
FF,4-Seam Fastball,FB,50,53.76,7,6,1,14.29,1,14.29,25,4,16.0,8.0,10,20.0,28.0,28.0,52.5,4.76,0.333,0.429,1.0,1.429,0.667,502083
FC,Cutter,FB,30,32.26,9,9,2,22.22,0,0.0,20,5,25.0,16.67,3,10.0,26.67,58.82,30.0,16.67,0.444,0.444,0.444,0.888,0.0,502083
ST,Sweeper,BR,7,7.53,2,2,1,50.0,0,0.0,1,0,0.0,0.0,2,28.57,28.57,20.0,7.5,33.33,0.0,0.0,0.0,0.0,0.0,502083
SI,Sinker,FB,5,5.38,2,2,0,0.0,0,0.0,4,0,0.0,0.0,0,0.0,0.0,0.0,7.5,0.0,0.5,0.5,1.0,1.5,0.5,502083
CH,Changeup,OS,1,1.08,0,0,0,,0,,0,0,,0.0,0,0.0,0.0,0.0,2.5,0.0,,,,,,502083
FC,Cutter,FB,313,56.81,74,67,26,35.14,5,6.76,135,42,31.11,13.42,80,25.56,38.98,14.88,52.2,31.33,0.179,0.247,0.269,0.516,0.09,502085
SL,Slider,BR,148,26.86,34,32,7,20.59,2,5.88,71,25,35.21,16.89,16,10.81,27.7,31.76,19.5,22.58,0.25,0.294,0.469,0.7629999999999999,0.2189999999999999,502085
KC,Knuckle Curve,BR,89,16.15,31,26,9,29.03,4,12.9,44,16,36.36,17.98,6,6.74,24.72,40.62,27.67,20.45,0.269,0.387,0.423,0.81,0.1539999999999999,502085
,,,1,0.18,0,0,0,,0,,0,0,,0.0,0,0.0,0.0,,0.63,0.0,,,,,,502085
SI,Sinker,FB,566,46.89,151,139,32,21.19,8,5.3,233,33,14.16,5.83,147,25.97,31.8,26.92,43.72,17.68,0.273,0.327,0.432,0.759,0.1589999999999999,502171
FS,Split-Finger,OS,345,28.58,97,96,32,32.99,0,0.0,209,65,31.1,18.84,19,5.51,24.35,45.41,35.27,21.92,0.219,0.227,0.406,0.633,0.187,502171
KC,Knuckle Curve,BR,169,14.0,38,36,15,39.47,0,0.0,67,25,37.31,14.79,45,26.63,41.42,31.11,9.42,38.46,0.306,0.316,0.583,0.899,0.2769999999999999,502171
SL,Slider,BR,122,10.11,22,22,4,18.18,0,0.0,58,18,31.03,14.75,25,20.49,35.25,33.33,11.11,8.7,0.364,0.364,0.591,0.955,0.2269999999999999,502171
FF,4-Seam Fastball,FB,4,0.33,2,2,1,50.0,0,0.0,2,1,50.0,25.0,0,0.0,25.0,33.33,0.48,50.0,0.0,0.0,0.0,0.0,0.0,502171
,,,1,0.08,0,0,0,,0,,0,0,,0.0,0,0.0,0.0,,0.0,,,,,,,502171
ST,Sweeper,BR,35,50.72,10,9,1,10.0,0,0.0,17,4,23.53,11.43,5,14.29,25.71,33.33,35.71,20.0,0.556,0.5,0.556,1.056,0.0,502179
FF,4-Seam Fastball,FB,26,37.68,8,6,1,12.5,2,25.0,10,0,0.0,0.0,5,19.23,19.23,0.0,42.86,16.67,0.667,0.75,1.5,2.25,0.833,502179
CU,Curveball,BR,7,10.14,0,0,0,,0,,2,0,0.0,0.0,0,0.0,0.0,28.57,21.43,0.0,,,,,,502179
CH,Changeup,OS,1,1.45,0,0,0,,0,,0,0,,0.0,1,100.0,100.0,0.0,0.0,,,,,,,502179
FF,4-Seam Fastball,FB,78,50.32,21,17,2,9.52,3,14.29,32,4,12.5,5.13,18,23.08,28.21,17.65,47.73,9.52,0.176,0.333,0.353,0.6859999999999999,0.177,502202
SL,Slider,BR,67,43.23,21,19,2,9.52,2,9.52,36,8,22.22,11.94,8,11.94,23.88,14.81,38.64,11.76,0.368,0.429,0.421,0.85,0.0529999999999999,502202
CH,Changeup,OS,9,5.81,2,2,2,100.0,0,0.0,3,2,66.67,22.22,0,0.0,22.22,33.33,13.64,33.33,0.0,0.0,0.0,0.0,0.0,502202
,,,1,0.65,0,0,0,,0,,0,0,,0.0,0,0.0,0.0,,0.0,,,,,,,502202
FC,Cutter,FB,235,30.52,70,62,9,12.86,7,10.0,110,26,23.64,11.06,36,15.32,26.38,23.68,20.81,21.95,0.258,0.329,0.452,0.781,0.194,502624
FF,4-Seam Fastball,FB,187,24.29,45,37,5,11.11,6,13.33,77,14,18.18,7.49,38,20.32,27.81,19.57,21.83,11.63,0.351,0.432,0.676,1.108,0.325,502624
SI,Sinker,FB,126,16.36,42,39,2,4.76,0,0.0,63,3,4.76,2.38,17,13.49,15.87,33.8,6.6,15.38,0.41,0.452,0.692,1.144,0.282,502624
ST,Sweeper,BR,107,13.9,29,29,7,24.14,0,0.0,57,14,24.56,13.08,13,12.15,25.23,34.48,25.38,14.0,0.172,0.172,0.172,0.344,0.0,502624
CH,Changeup,OS,91,11.82,26,24,9,34.62,1,3.85,46,17,36.96,18.68,12,13.19,31.87,24.39,19.29,23.68,0.125,0.192,0.125,0.317,0.0,502624
CU,Curveball,BR,20,2.6,3,3,0,0.0,0,0.0,7,1,14.29,5.0,1,5.0,10.0,26.67,4.06,0.0,0.333,0.333,1.333,1.666,1.0,502624
SL,Slider,BR,4,0.52,1,1,0,0.0,0,0.0,1,0,0.0,0.0,0,0.0,0.0,25.0,2.03,0.0,1.0,1.0,1.0,2.0,0.0,502624
SI,Sinker,FB,248,25.44,58,55,11,18.97,2,3.45,105,16,15.24,6.45,61,24.6,31.05,24.3,18.49,20.37,0.345,0.379,0.4,0.779,0.055,506433
ST,Sweeper,BR,214,21.95,55,48,12,21.82,6,10.91,112,38,33.93,17.76,30,14.02,31.78,30.56,22.95,17.91,0.188,0.273,0.312,0.585,0.124,506433
FF,4-Seam Fastball,FB,163,16.72,47,44,12,25.53,0,0.0,81,15,18.52,9.2,25,15.34,24.54,23.29,21.58,19.05,0.159,0.191,0.432,0.623,0.273,506433
SL,Slider,BR,148,15.18,36,32,5,13.89,4,11.11,68,19,27.94,12.84,27,18.24,31.08,23.53,8.56,20.0,0.375,0.444,0.531,0.975,0.156,506433
FC,Cutter,FB,76,7.79,17,17,2,11.76,0,0.0,34,7,20.59,9.21,15,19.74,28.95,22.86,3.42,20.0,0.294,0.294,0.588,0.8819999999999999,0.294,506433
KC,Knuckle Curve,BR,49,5.03,18,16,8,44.44,2,11.11,25,10,40.0,20.41,6,12.24,32.65,40.0,7.88,34.78,0.188,0.278,0.188,0.466,0.0,506433
FS,Split-Finger,OS,42,4.31,19,18,6,31.58,0,0.0,27,8,29.63,19.05,2,4.76,23.81,40.91,11.3,18.18,0.167,0.211,0.167,0.378,0.0,506433
CU,Curveball,BR,33,3.38,8,7,4,50.0,1,12.5,16,9,56.25,27.27,3,9.09,36.36,40.0,5.82,23.53,0.0,0.125,0.0,0.125,0.0,506433
PO,Pitch Out,,1,0.1,0,0,0,,0,,0,0,,0.0,0,0.0,0.0,0.0,0.0,,,,,,,506433
,,,1,0.1,0,0,0,,0,,0,0,,0.0,0,0.0,0.0,,0.0,,,,,,,506433
FA,Other,,10,100.0,4,3,0,0.0,0,0.0,5,0,0.0,0.0,1,10.0,10.0,33.33,,,0.333,0.5,1.333,1.833,1.0,506702
FC,Cutter,FB,20,50.0,7,7,1,14.29,0,0.0,13,4,30.77,20.0,1,5.0,25.0,53.85,72.73,12.5,0.143,0.143,0.286,0.4289999999999999,0.143,517008
FF,4-Seam Fastball,FB,20,50.0,4,2,0,0.0,2,50.0,7,1,14.29,5.0,4,20.0,25.0,9.09,27.27,0.0,0.0,0.5,0.0,0.5,0.0,517008
SI,Sinker,FB,306,75.93,104,98,9,8.65,5,4.81,164,21,12.8,6.86,51,16.67,23.53,28.57,65.88,16.07,0.347,0.385,0.398,0.783,0.051,518397
CH,Changeup,OS,57,14.14,12,12,4,33.33,0,0.0,26,9,34.62,15.79,3,5.26,21.05,36.96,24.71,19.05,0.167,0.167,0.25,0.417,0.0829999999999999,518397
SL,Slider,BR,29,7.2,6,6,2,33.33,0,0.0,13,3,23.08,10.34,4,13.79,24.14,22.22,9.41,25.0,0.333,0.333,0.833,1.166,0.4999999999999999,518397
,,,9,2.23,3,0,0,0.0,3,100.0,0,0,,0.0,0,0.0,0.0,,0.0,,,1.0,,,,518397
FF,4-Seam Fastball,FB,2,0.5,0,0,0,,0,,1,1,100.0,50.0,1,50.0,100.0,100.0,0.0,,,,,,,518397
SL,Slider,BR,193,37.04,55,49,19,34.55,4,7.27,96,38,39.58,19.69,16,8.29,27.98,33.91,48.26,22.89,0.102,0.164,0.122,0.286,0.02,518489
FF,4-Seam Fastball,FB,176,33.78,42,36,15,35.71,5,11.9,89,29,32.58,16.48,28,15.91,32.39,28.57,41.86,20.83,0.194,0.31,0.306,0.616,0.1119999999999999,518489
SI,Sinker,FB,132,25.34,36,31,0,0.0,2,5.56,68,7,10.29,5.3,25,18.94,24.24,36.92,8.14,0.0,0.226,0.306,0.226,0.532,0.0,518489
FC,Cutter,FB,19,3.65,4,4,1,25.0,0,0.0,10,3,30.0,15.79,3,15.79,31.58,25.0,1.74,33.33,0.5,0.5,0.5,1.0,0.0,518489
,,,1,0.19,0,0,0,,0,,0,0,,0.0,0,0.0,0.0,,0.0,,,,,,,518489
FF,4-Seam Fastball,FB,99,33.56,20,12,4,20.0,6,30.0,30,7,23.33,7.07,19,19.19,26.26,13.11,34.12,13.79,0.083,0.368,0.167,0.535,0.084,518516
FC,Cutter,FB,95,32.2,33,28,5,15.15,5,15.15,54,9,16.67,9.47,14,14.74,24.21,20.51,37.65,15.62,0.393,0.485,0.536,1.021,0.143,518516
CU,Curveball,BR,60,20.34,20,20,0,0.0,0,0.0,35,3,8.57,5.0,9,15.0,20.0,40.74,20.0,0.0,0.35,0.35,0.6,0.95,0.25,518516
CH,Changeup,OS,41,13.9,4,3,0,0.0,0,0.0,10,3,30.0,7.32,2,4.88,12.2,6.45,8.24,0.0,1.0,0.75,3.333,4.083,2.333,518516
FF,4-Seam Fastball,FB,194,34.22,50,46,7,14.0,3,6.0,94,15,15.96,7.73,43,22.16,29.9,25.97,22.09,18.42,0.217,0.28,0.413,0.6930000000000001,0.1959999999999999,518585
FS,Split-Finger,OS,188,33.16,63,60,45,71.43,3,4.76,111,75,67.57,39.89,9,4.79,44.68,48.85,66.28,39.47,0.083,0.127,0.133,0.26,0.05,518585
FC,Cutter,FB,144,25.4,30,25,1,3.33,3,10.0,63,15,23.81,10.42,22,15.28,25.69,22.78,9.3,6.25,0.44,0.483,0.8,1.283,0.36,518585
SL,Slider,BR,38,6.7,8,7,2,25.0,1,12.5,17,8,47.06,21.05,4,10.53,31.58,29.63,2.33,50.0,0.143,0.25,0.143,0.393,0.0,518585
SI,Sinker,FB,3,0.53,0,0,0,,0,,2,0,0.0,0.0,0,0.0,0.0,0.0,0.0,,,,,,,518585
FF,4-Seam Fastball,FB,200,33.56,53,43,28,52.83,10,18.87,101,41,40.59,20.5,31,15.5,36.0,32.58,48.44,30.11,0.07,0.245,0.093,0.3379999999999999,0.0229999999999999,518617
SI,Sinker,FB,161,27.01,34,27,7,20.59,7,20.59,68,17,25.0,10.56,37,22.98,33.54,17.46,20.83,17.5,0.296,0.441,0.481,0.922,0.185,518617
CH,Changeup,OS,146,24.5,39,37,1,2.56,2,5.13,72,16,22.22,10.96,16,10.96,21.92,30.0,14.06,3.7,0.189,0.231,0.297,0.528,0.1079999999999999,518617
ST,Sweeper,BR,64,10.74,12,10,3,25.0,1,8.33,20,7,35.0,10.94,14,21.88,32.81,14.29,15.1,10.34,0.0,0.167,0.0,0.167,0.0,518617
FC,Cutter,FB,22,3.69,3,2,0,0.0,1,33.33,6,2,33.33,9.09,1,4.55,13.64,6.25,1.04,0.0,0.0,0.333,0.0,0.333,0.0,518617
,,,3,0.5,1,0,0,0.0,1,100.0,0,0,,0.0,0,0.0,0.0,,0.52,0.0,,1.0,,,,518617
FA,Other,,6,66.67,1,1,0,0.0,0,0.0,4,1,25.0,16.67,1,16.67,33.33,66.67,50.0,0.0,0.0,0.0,0.0,0.0,0.0,518626
CH,Changeup,OS,3,33.33,1,1,0,0.0,0,0.0,1,0,0.0,0.0,0,0.0,0.0,33.33,50.0,0.0,0.0,0.0,0.0,0.0,0.0,518626
FF,4-Seam Fastball,FB,384,27.75,95,86,33,34.74,9,9.47,196,64,32.65,16.67,79,20.57,37.24,28.12,26.97,26.83,0.221,0.295,0.453,0.748,0.232,518876
FC,Cutter,FB,301,21.75,45,40,6,13.33,4,8.89,149,37,24.83,12.29,52,17.28,29.57,24.29,7.68,17.14,0.175,0.25,0.25,0.5,0.075,518876
SI,Sinker,FB,224,16.18,82,75,11,13.41,6,7.32,124,19,15.32,8.48,33,14.73,23.21,39.83,12.5,19.3,0.28,0.329,0.373,0.702,0.0929999999999999,518876
CH,Changeup,OS,208,15.03,62,56,29,46.77,6,9.68,129,54,41.86,25.96,7,3.37,29.33,52.0,25.22,25.22,0.161,0.242,0.232,0.474,0.071,518876
SL,Slider,BR,152,10.98,47,45,13,27.66,2,4.26,80,33,41.25,21.71,11,7.24,28.95,35.64,16.89,16.88,0.222,0.255,0.4,0.655,0.178,518876
CU,Curveball,BR,110,7.95,29,26,5,17.24,3,10.34,54,10,18.52,9.09,17,15.45,24.55,34.43,10.09,10.87,0.308,0.379,0.462,0.841,0.154,518876
,,,5,0.36,0,0,0,,0,,0,0,,0.0,0,0.0,0.0,,0.66,0.0,,,,,,518876
FF,4-Seam Fastball,FB,464,70.84,119,104,43,36.13,13,10.92,218,61,27.98,13.15,102,21.98,35.13,21.89,70.51,28.1,0.173,0.271,0.327,0.5980000000000001,0.154,518886
KC,Knuckle Curve,BR,176,26.87,39,37,12,30.77,1,2.56,80,32,40.0,18.18,18,10.23,28.41,35.09,25.35,21.82,0.162,0.179,0.405,0.5840000000000001,0.243,518886
ST,Sweeper,BR,8,1.22,3,3,0,0.0,0,0.0,4,1,25.0,12.5,0,0.0,12.5,42.86,1.38,0.0,0.667,0.667,1.0,1.667,0.3329999999999999,518886
,,,7,1.07,1,1,1,100.0,0,0.0,0,0,,0.0,0,0.0,0.0,,2.76,16.67,0.0,0.0,0.0,0.0,0.0,518886
SI,Sinker,FB,13,40.62,5,5,1,20.0,0,0.0,8,2,25.0,15.38,2,15.38,30.77,50.0,56.25,11.11,0.6,0.6,0.8,1.4,0.2,519008
ST,Sweeper,BR,10,31.25,1,0,0,0.0,0,0.0,3,1,33.33,10.0,1,10.0,20.0,14.29,37.5,0.0,,1.0,,,,519008
CH,Changeup,OS,9,28.12,0,0,0,,0,,5,2,40.0,22.22,1,11.11,33.33,62.5,6.25,0.0,,,,,,519008
FF,4-Seam Fastball,FB,259,42.67,57,50,12,21.05,4,7.02,151,40,26.49,15.44,40,15.44,30.89,44.0,34.22,18.75,0.26,0.333,0.48,0.813,0.2199999999999999,519043
CH,Changeup,OS,242,39.87,81,78,31,38.27,2,2.47,139,45,32.37,18.6,32,13.22,31.82,35.71,50.8,32.63,0.167,0.188,0.244,0.432,0.0769999999999999,519043
KC,Knuckle Curve,BR,86,14.17,14,13,4,28.57,1,7.14,32,13,40.62,15.12,11,12.79,27.91,22.22,13.37,16.0,0.385,0.429,0.462,0.891,0.077,519043
,,,19,3.13,4,1,1,25.0,3,75.0,3,2,66.67,10.53,1,5.26,15.79,,1.6,33.33,0.0,0.75,0.0,0.75,0.0,519043
SI,Sinker,FB,1,0.16,0,0,0,,0,,1,0,0.0,0.0,0,0.0,0.0,,0.0,,,,,,,519043
SL,Slider,BR,235,46.81,66,64,15,22.73,1,1.52,134,45,33.58,19.15,36,15.32,34.47,39.67,37.84,26.79,0.203,0.212,0.266,0.478,0.063,519151
FF,4-Seam Fastball,FB,133,26.49,29,24,5,17.24,3,10.34,65,8,12.31,6.02,21,15.79,21.8,17.46,26.35,12.82,0.333,0.379,0.417,0.796,0.0839999999999999,519151
CU,Curveball,BR,108,21.51,31,25,15,48.39,6,19.35,44,25,56.82,23.15,22,20.37,43.52,33.33,27.7,36.59,0.16,0.323,0.24,0.563,0.0799999999999999,519151
CH,Changeup,OS,17,3.39,2,2,1,50.0,0,0.0,10,2,20.0,11.76,2,11.76,23.53,53.85,6.08,11.11,0.0,0.0,0.0,0.0,0.0,519151
FC,Cutter,FB,7,1.39,2,2,0,0.0,0,0.0,3,1,33.33,14.29,0,0.0,14.29,20.0,1.35,0.0,0.5,0.5,2.0,2.5,1.5,519151
SI,Sinker,FB,1,0.2,0,0,0,,0,,1,0,0.0,0.0,0,0.0,0.0,100.0,0.0,,,,,,,519151
,,,1,0.2,0,0,0,,0,,0,0,,0.0,0,0.0,0.0,,0.68,0.0,,,,,,519151
FF,4-Seam Fastball,FB,672,45.87,157,142,35,22.29,13,8.28,334,79,23.65,11.76,110,16.37,28.12,30.63,43.84,17.24,0.232,0.301,0.38,0.681,0.148,519242
SL,Slider,BR,527,35.97,137,123,64,46.72,8,5.84,240,98,40.83,18.6,98,18.6,37.19,38.28,47.95,28.83,0.154,0.234,0.358,0.592,0.204,519242
CH,Changeup,OS,215,14.68,57,55,6,10.53,1,1.75,113,35,30.97,16.28,29,13.49,29.77,35.04,6.26,20.69,0.309,0.316,0.473,0.7889999999999999,0.1639999999999999,519242
SI,Sinker,FB,50,3.41,19,15,2,10.53,4,21.05,22,2,9.09,4.0,8,16.0,20.0,12.5,1.94,22.22,0.4,0.526,0.867,1.393,0.4669999999999999,519242
,,,1,0.07,0,0,0,,0,,0,0,,0.0,0,0.0,0.0,,0.0,,,,,,,519242
SL,Slider,BR,263,42.08,68,65,27,39.71,2,2.94,146,56,38.36,21.29,30,11.41,32.7,40.79,55.93,27.27,0.138,0.164,0.292,0.4559999999999999,0.1539999999999999,519293
FF,4-Seam Fastball,FB,258,41.28,79,71,8,10.13,8,10.13,134,16,11.94,6.2,50,19.38,25.58,28.95,38.42,11.76,0.282,0.354,0.479,0.833,0.197,519293
CU,Curveball,BR,65,10.4,7,7,1,14.29,0,0.0,16,8,50.0,12.31,23,35.38,47.69,21.88,3.95,14.29,0.429,0.429,0.571,1.0,0.1419999999999999,519293
CH,Changeup,OS,25,4.0,4,4,0,0.0,0,0.0,7,0,0.0,0.0,0,0.0,0.0,0.0,1.69,0.0,0.25,0.25,0.25,0.5,0.0,519293
,,,14,2.24,3,0,0,0.0,3,100.0,0,0,,0.0,0,0.0,0.0,,0.0,,,1.0,,,,519293
FF,4-Seam Fastball,FB,26,54.17,8,7,1,12.5,0,0.0,17,4,23.53,15.38,3,11.54,26.92,58.33,50.0,12.5,0.286,0.25,0.714,0.964,0.428,521230
SL,Slider,BR,22,45.83,4,4,1,25.0,0,0.0,9,5,55.56,22.73,0,0.0,22.73,18.75,50.0,12.5,0.0,0.0,0.0,0.0,0.0,521230
SI,Sinker,FB,149,37.91,29,26,6,20.69,2,6.9,65,15,23.08,10.07,46,30.87,40.94,40.91,20.44,21.43,0.269,0.345,0.346,0.691,0.0769999999999999,523260
SL,Slider,BR,114,29.01,24,24,15,62.5,0,0.0,52,26,50.0,22.81,16,14.04,36.84,32.81,29.2,37.5,0.125,0.125,0.25,0.375,0.125,523260
FF,4-Seam Fastball,FB,57,14.5,20,18,10,50.0,2,10.0,28,7,25.0,12.28,13,22.81,35.09,36.36,24.82,29.41,0.222,0.3,0.278,0.5780000000000001,0.056,523260
KC,Knuckle Curve,BR,43,10.94,9,8,3,33.33,1,11.11,19,7,36.84,16.28,12,27.91,44.19,38.1,10.22,21.43,0.25,0.333,0.25,0.583,0.0,523260
CH,Changeup,OS,28,7.12,12,11,5,41.67,0,0.0,15,7,46.67,25.0,2,7.14,32.14,26.67,14.6,25.0,0.091,0.167,0.182,0.349,0.091,523260
,,,2,0.51,0,0,0,,0,,0,0,,0.0,0,0.0,0.0,,0.73,0.0,,,,,,523260
SI,Sinker,FB,611,35.2,183,154,34,18.58,27,14.75,231,20,8.66,3.27,170,27.82,31.1,15.77,41.31,18.58,0.273,0.379,0.461,0.8400000000000001,0.188,527048
CH,Changeup,OS,537,30.93,150,138,20,13.33,7,4.67,289,83,28.72,15.46,47,8.75,24.21,40.17,31.38,14.39,0.312,0.338,0.442,0.78,0.13,527048
FC,Cutter,FB,431,24.83,100,94,14,14.0,6,6.0,173,21,12.14,4.87,79,18.33,23.2,21.76,19.86,15.91,0.309,0.35,0.564,0.914,0.2549999999999999,527048
FF,4-Seam Fastball,FB,108,6.22,29,26,2,6.9,2,6.9,55,6,10.91,5.56,17,15.74,21.3,23.08,4.97,9.09,0.154,0.207,0.308,0.515,0.154,527048
CU,Curveball,BR,35,2.02,9,9,2,22.22,0,0.0,18,7,38.89,20.0,7,20.0,40.0,52.63,1.58,28.57,0.111,0.111,0.111,0.222,0.0,527048
SL,Slider,BR,7,0.4,2,1,0,0.0,0,0.0,2,0,0.0,0.0,1,14.29,14.29,0.0,0.68,0.0,0.0,0.5,0.0,0.5,0.0,527048
,,,7,0.4,1,0,0,0.0,1,100.0,0,0,,0.0,0,0.0,0.0,,0.23,0.0,,1.0,,,,527048
SI,Sinker,FB,262,48.07,88,84,8,9.09,1,1.14,138,12,8.7,4.58,53,20.23,24.81,31.82,42.31,12.12,0.286,0.299,0.417,0.716,0.131,527054
FC,Cutter,FB,156,28.62,32,29,7,21.88,2,6.25,73,21,28.77,13.46,31,19.87,33.33,23.68,22.44,20.0,0.31,0.375,0.483,0.858,0.173,527054
CU,Curveball,BR,83,15.23,20,20,7,35.0,0,0.0,36,12,33.33,14.46,10,12.05,26.51,26.53,22.44,20.0,0.1,0.1,0.25,0.35,0.15,527054
FF,4-Seam Fastball,FB,26,4.77,7,6,2,28.57,1,14.29,14,4,28.57,15.38,2,7.69,23.08,33.33,9.62,13.33,0.5,0.571,2.0,2.571,1.5,527054
CH,Changeup,OS,17,3.12,3,3,0,0.0,0,0.0,12,1,8.33,5.88,0,0.0,5.88,54.55,3.21,0.0,0.333,0.333,0.667,1.0,0.334,527054
,,,1,0.18,0,0,0,,0,,0,0,,0.0,0,0.0,0.0,,0.0,,,,,,,527054
FC,Cutter,FB,198,41.08,52,49,3,5.77,2,3.85,107,24,22.43,12.12,34,17.17,29.29,21.92,22.37,8.82,0.327,0.365,0.469,0.834,0.1419999999999999,541640
SI,Sinker,FB,177,36.72,66,62,5,7.58,2,3.03,104,10,9.62,5.65,25,14.12,19.77,33.33,32.89,10.0,0.355,0.379,0.565,0.944,0.2099999999999999,541640
SL,Slider,BR,40,8.3,8,8,5,62.5,0,0.0,22,13,59.09,32.5,3,7.5,40.0,38.46,14.47,22.73,0.125,0.125,0.125,0.25,0.0,541640
FF,4-Seam Fastball,FB,31,6.43,9,7,0,0.0,1,11.11,19,2,10.53,6.45,1,3.23,9.68,35.71,17.76,0.0,0.143,0.222,0.143,0.365,0.0,541640
CU,Curveball,BR,24,4.98,8,7,4,50.0,0,0.0,9,5,55.56,20.83,1,4.17,25.0,26.32,9.87,26.67,0.143,0.25,0.143,0.393,0.0,541640
ST,Sweeper,BR,9,1.87,1,1,0,0.0,0,0.0,5,0,0.0,0.0,0,0.0,0.0,20.0,1.97,0.0,1.0,1.0,2.0,3.0,1.0,541640
CH,Changeup,OS,3,0.62,2,1,0,0.0,0,0.0,1,0,0.0,0.0,0,0.0,0.0,0.0,0.66,0.0,1.0,1.0,1.0,2.0,0.0,541640
EP,Eephus,,3,75.0,2,2,0,0.0,0,0.0,2,0,0.0,0.0,0,0.0,0.0,,,,1.0,1.0,3.0,4.0,2.0,542194
FA,Other,,1,25.0,0,0,0,,0,,0,0,,0.0,1,100.0,100.0,0.0,,,,,,,,542194
FA,Other,,24,100.0,6,6,0,0.0,0,0.0,9,0,0.0,0.0,5,20.83,20.83,23.08,100.0,0.0,0.5,0.5,1.167,1.667,0.667,542208
FF,4-Seam Fastball,FB,192,33.68,65,52,17,26.15,10,15.38,99,20,20.2,10.42,38,19.79,30.21,30.86,55.15,22.67,0.269,0.406,0.615,1.021,0.346,542585
SI,Sinker,FB,169,29.65,49,42,2,4.08,2,4.08,78,8,10.26,4.73,33,19.53,24.26,32.94,6.62,22.22,0.405,0.458,0.524,0.982,0.119,542585
SL,Slider,BR,143,25.09,39,38,12,30.77,1,2.56,70,25,35.71,17.48,19,13.29,30.77,28.75,27.21,32.43,0.211,0.231,0.316,0.547,0.105,542585
FC,Cutter,FB,62,10.88,13,12,3,23.08,0,0.0,19,3,15.79,4.84,9,14.52,19.35,10.0,8.09,27.27,0.333,0.308,0.333,0.641,0.0,542585
CH,Changeup,OS,4,0.7,3,3,1,33.33,0,0.0,3,1,33.33,25.0,0,0.0,25.0,50.0,2.94,25.0,0.333,0.333,1.333,1.666,1.0,542585
CH,Changeup,OS,774,41.04,195,181,57,29.23,9,4.62,379,152,40.11,19.64,94,12.14,31.78,35.76,45.06,22.71,0.232,0.264,0.348,0.612,0.1159999999999999,542881
FF,4-Seam Fastball,FB,767,40.67,206,172,24,11.65,27,13.11,384,76,19.79,9.91,128,16.69,26.6,24.71,40.04,10.31,0.302,0.41,0.535,0.945,0.233,542881
FC,Cutter,FB,334,17.71,88,78,12,13.64,7,7.95,192,43,22.4,12.87,30,8.98,21.86,26.0,14.18,15.19,0.256,0.307,0.436,0.743,0.18,542881
SI,Sinker,FB,8,0.42,2,1,0,0.0,1,50.0,4,0,0.0,0.0,1,12.5,12.5,25.0,0.72,0.0,1.0,1.0,4.0,5.0,3.0,542881
CU,Curveball,BR,3,0.16,0,0,0,,0,,0,0,,0.0,1,33.33,33.33,0.0,0.0,,,,,,,542881
FC,Cutter,FB,165,39.66,35,32,9,25.71,3,8.57,81,32,39.51,19.39,22,13.33,32.73,25.0,15.38,45.0,0.188,0.257,0.281,0.538,0.093,542888
SI,Sinker,FB,124,29.81,37,32,4,10.81,2,5.41,65,10,15.38,8.06,24,19.35,27.42,35.29,16.92,18.18,0.125,0.243,0.125,0.368,0.0,542888
FF,4-Seam Fastball,FB,83,19.95,23,22,13,56.52,1,4.35,50,20,40.0,24.1,6,7.23,31.33,38.1,44.62,22.41,0.091,0.13,0.273,0.403,0.182,542888
SV,Slurve,BR,42,10.1,14,14,4,28.57,0,0.0,23,5,21.74,11.9,5,11.9,23.81,48.0,22.31,13.79,0.357,0.357,0.429,0.786,0.072,542888
,,,2,0.48,0,0,0,,0,,0,0,,0.0,0,0.0,0.0,,0.77,0.0,,,,,,542888
SL,Slider,BR,117,55.71,33,30,9,27.27,1,3.03,56,23,41.07,19.66,18,15.38,35.04,32.84,69.23,20.0,0.167,0.182,0.367,0.5489999999999999,0.1999999999999999,542914
SI,Sinker,FB,81,38.57,18,15,0,0.0,3,16.67,26,3,11.54,3.7,29,35.8,39.51,15.62,20.0,0.0,0.4,0.5,0.733,1.233,0.3329999999999999,542914
FF,4-Seam Fastball,FB,6,2.86,2,2,0,0.0,0,0.0,4,1,25.0,16.67,0,0.0,16.67,33.33,3.08,0.0,1.0,1.0,1.0,2.0,0.0,542914
FS,Split-Finger,OS,5,2.38,1,1,0,0.0,0,0.0,3,1,33.33,20.0,0,0.0,20.0,60.0,6.15,0.0,1.0,1.0,2.0,3.0,1.0,542914
,,,1,0.48,0,0,0,,0,,0,0,,0.0,0,0.0,0.0,,1.54,0.0,,,,,,542914
FC,Cutter,FB,160,52.63,38,35,6,15.79,1,2.63,95,14,14.74,8.75,18,11.25,20.0,45.45,55.06,12.24,0.229,0.263,0.286,0.5489999999999999,0.0569999999999999,542947
SI,Sinker,FB,89,29.28,31,29,1,3.23,2,6.45,46,7,15.22,7.87,25,28.09,35.96,41.18,14.61,7.69,0.241,0.29,0.276,0.5660000000000001,0.035,542947
FS,Split-Finger,OS,24,7.89,7,7,1,14.29,0,0.0,10,1,10.0,4.17,0,0.0,4.17,30.0,21.35,5.26,0.429,0.429,0.429,0.858,0.0,542947
FF,4-Seam Fastball,FB,14,4.61,5,5,1,20.0,0,0.0,10,4,40.0,28.57,3,21.43,50.0,50.0,5.62,20.0,0.4,0.4,1.6,2.0,1.2000000000000002,542947
SL,Slider,BR,13,4.28,3,2,1,33.33,0,0.0,7,4,57.14,30.77,3,23.08,53.85,57.14,3.37,33.33,0.5,0.667,1.0,1.667,0.5,542947
,,,4,1.32,1,0,0,0.0,1,100.0,0,0,,0.0,0,0.0,0.0,,0.0,,,1.0,,,,542947
FF,4-Seam Fastball,FB,892,51.86,223,204,58,26.01,15,6.73,461,93,20.17,10.43,161,18.05,28.48,29.15,46.94,21.01,0.201,0.269,0.333,0.6020000000000001,0.132,543037
SL,Slider,BR,459,26.69,120,116,34,28.33,4,3.33,233,83,35.62,18.08,42,9.15,27.23,32.03,31.63,18.28,0.207,0.233,0.293,0.526,0.086,543037
KC,Knuckle Curve,BR,181,10.52,42,41,9,21.43,0,0.0,87,22,25.29,12.15,32,17.68,29.83,34.02,11.56,11.76,0.195,0.195,0.195,0.39,0.0,543037
FC,Cutter,FB,150,8.72,45,43,12,26.67,2,4.44,88,31,35.23,20.67,22,14.67,35.33,42.11,7.82,26.09,0.279,0.311,0.372,0.683,0.0929999999999999,543037
CH,Changeup,OS,33,1.92,5,5,2,40.0,0,0.0,16,4,25.0,12.12,3,9.09,21.21,30.0,1.36,25.0,0.2,0.2,0.4,0.6000000000000001,0.2,543037
,,,4,0.23,2,1,1,50.0,1,50.0,0,0,,0.0,0,0.0,0.0,,0.68,25.0,0.0,0.5,0.0,0.5,0.0,543037
SI,Sinker,FB,1,0.06,0,0,0,,0,,1,0,0.0,0.0,0,0.0,0.0,100.0,0.0,,,,,,,543037
FC,Cutter,FB,189,39.38,40,37,14,35.0,2,5.0,104,35,33.65,18.52,31,16.4,34.92,46.36,25.93,33.33,0.243,0.282,0.378,0.6599999999999999,0.135,543056
KC,Knuckle Curve,BR,82,17.08,26,25,14,53.85,1,3.85,29,10,34.48,12.2,9,10.98,23.17,29.31,42.59,20.29,0.08,0.115,0.12,0.235,0.0399999999999999,543056
ST,Sweeper,BR,78,16.25,20,20,8,40.0,0,0.0,35,13,37.14,16.67,15,19.23,35.9,36.36,17.28,28.57,0.25,0.25,0.5,0.75,0.25,543056
SI,Sinker,FB,62,12.92,15,15,1,6.67,0,0.0,29,5,17.24,8.06,16,25.81,33.87,32.14,3.7,16.67,0.067,0.067,0.067,0.134,0.0,543056
FF,4-Seam Fastball,FB,51,10.62,12,10,0,0.0,1,8.33,24,3,12.5,5.88,12,23.53,29.41,36.0,6.17,0.0,0.4,0.5,0.8,1.3,0.4,543056
CH,Changeup,OS,16,3.33,6,6,1,16.67,0,0.0,10,3,30.0,18.75,0,0.0,18.75,33.33,4.32,14.29,0.5,0.5,1.0,1.5,0.5,543056
,,,2,0.42,0,0,0,,0,,0,0,,0.0,0,0.0,0.0,,0.0,,,,,,,543056
FF,4-Seam Fastball,FB,8,53.33,1,1,0,0.0,0,0.0,5,1,20.0,12.5,1,12.5,25.0,50.0,50.0,0.0,1.0,1.0,1.0,2.0,0.0,543063
CU,Curveball,BR,5,33.33,1,1,0,0.0,0,0.0,1,0,0.0,0.0,0,0.0,0.0,0.0,50.0,0.0,0.0,0.0,0.0,0.0,0.0,543063
FA,Other,,1,6.67,0,0,0,,0,,0,0,,0.0,0,0.0,0.0,0.0,0.0,,,,,,,543063
SL,Slider,BR,1,6.67,1,1,0,0.0,0,0.0,1,0,0.0,0.0,0,0.0,0.0,100.0,0.0,,0.0,0.0,0.0,0.0,0.0,543063
SL,Slider,BR,342,46.22,94,88,20,21.28,5,5.32,170,54,31.76,15.79,48,14.04,29.82,35.41,39.23,24.39,0.205,0.247,0.295,0.542,0.09,543101
SI,Sinker,FB,284,38.38,85,78,18,21.18,4,4.71,134,11,8.21,3.87,64,22.54,26.41,24.79,34.45,25.0,0.282,0.341,0.538,0.879,0.256,543101
FF,4-Seam Fastball,FB,76,10.27,9,7,1,11.11,2,22.22,23,10,43.48,13.16,13,17.11,30.26,10.2,10.53,4.55,0.429,0.556,0.571,1.127,0.1419999999999999,543101
KC,Knuckle Curve,BR,37,5.0,13,13,5,38.46,0,0.0,19,6,31.58,16.22,0,0.0,16.22,34.62,15.31,15.62,0.154,0.154,0.385,0.539,0.231,543101
CH,Changeup,OS,1,0.14,1,1,0,0.0,0,0.0,1,0,0.0,0.0,0,0.0,0.0,,0.48,0.0,1.0,1.0,1.0,2.0,0.0,543101
FF,4-Seam Fastball,FB,522,41.13,142,124,35,24.65,16,11.27,217,33,15.21,6.32,111,21.26,27.59,20.83,44.25,19.34,0.25,0.345,0.452,0.7969999999999999,0.202,543135
FS,Split-Finger,OS,314,24.74,68,59,26,38.24,6,8.82,178,74,41.57,23.57,17,5.41,28.98,41.67,28.61,22.22,0.186,0.284,0.305,0.589,0.119,543135
FC,Cutter,FB,203,16.0,48,40,5,10.42,6,12.5,89,18,20.22,8.87,37,18.23,27.09,21.21,7.82,12.5,0.325,0.417,0.575,0.992,0.2499999999999999,543135
CU,Curveball,BR,137,10.8,24,21,9,37.5,2,8.33,57,27,47.37,19.71,23,16.79,36.5,30.23,12.22,18.0,0.143,0.217,0.143,0.36,0.0,543135
SL,Slider,BR,91,7.17,33,33,5,15.15,0,0.0,51,7,13.73,7.69,7,7.69,15.38,37.04,6.85,17.86,0.303,0.303,0.606,0.909,0.303,543135
SI,Sinker,FB,1,0.08,0,0,0,,0,,0,0,,0.0,0,0.0,0.0,0.0,0.0,,,,,,,543135
,,,1,0.08,0,0,0,,0,,0,0,,0.0,0,0.0,0.0,,0.24,0.0,,,,,,543135
SI,Sinker,FB,400,26.65,115,98,16,13.91,15,13.04,189,35,18.52,8.75,75,18.75,27.5,21.89,20.09,16.85,0.296,0.4,0.449,0.849,0.153,543243
ST,Sweeper,BR,379,25.25,129,125,66,51.16,2,1.55,205,88,42.93,23.22,19,5.01,28.23,41.06,55.98,26.61,0.112,0.125,0.136,0.261,0.024,543243
FC,Cutter,FB,271,18.05,48,45,4,8.33,1,2.08,114,30,26.32,11.07,56,20.66,31.73,21.53,3.16,28.57,0.267,0.277,0.356,0.633,0.0889999999999999,543243
FF,4-Seam Fastball,FB,267,17.79,61,56,5,8.2,5,8.2,130,25,19.23,9.36,56,20.97,30.34,16.0,10.61,10.64,0.286,0.344,0.411,0.7549999999999999,0.125,543243
CU,Curveball,BR,164,10.93,42,38,11,26.19,4,9.52,84,30,35.71,18.29,29,17.68,35.98,38.75,9.48,26.19,0.237,0.31,0.263,0.573,0.026,543243
CH,Changeup,OS,10,0.67,1,1,0,0.0,0,0.0,3,1,33.33,10.0,1,10.0,20.0,0.0,0.68,0.0,0.0,0.0,0.0,0.0,0.0,543243
,,,8,0.53,0,0,0,,0,,0,0,,0.0,0,0.0,0.0,,0.0,,,,,,,543243
CS,Slow Curve,BR,2,0.13,0,0,0,,0,,1,0,0.0,0.0,0,0.0,0.0,0.0,0.0,,,,,,,543243
ST,Sweeper,BR,269,47.53,67,59,17,25.37,3,4.48,126,32,25.4,11.9,49,18.22,30.11,35.71,59.51,17.53,0.288,0.358,0.576,0.934,0.288,543272
SI,Sinker,FB,152,26.86,34,31,4,11.76,2,5.88,71,11,15.49,7.24,35,23.03,30.26,22.22,14.11,17.39,0.387,0.412,0.677,1.089,0.29,543272
FF,4-Seam Fastball,FB,132,23.32,39,30,7,17.95,4,10.26,67,14,20.9,10.61,15,11.36,21.97,27.69,26.38,16.28,0.3,0.361,0.467,0.8280000000000001,0.167,543272
,,,13,2.3,3,0,0,0.0,3,100.0,0,0,,0.0,0,0.0,0.0,,0.0,,,1.0,,,,543272
FA,Other,,23,100.0,10,8,0,0.0,0,0.0,14,0,0.0,0.0,1,4.35,4.35,30.0,100.0,0.0,0.625,0.5,0.625,1.125,0.0,543281
SI,Sinker,FB,575,58.91,153,146,10,6.54,1,0.65,265,18,6.79,3.13,154,26.78,29.91,35.41,35.71,10.53,0.315,0.336,0.466,0.802,0.151,543294
CH,Changeup,OS,362,37.09,120,110,29,24.17,10,8.33,184,59,32.07,16.3,26,7.18,23.48,31.86,60.9,17.9,0.245,0.308,0.4,0.708,0.155,543294
CU,Curveball,BR,22,2.25,2,2,0,0.0,0,0.0,5,1,20.0,4.55,9,40.91,45.45,30.0,0.75,0.0,0.5,0.5,0.5,1.0,0.0,543294
FF,4-Seam Fastball,FB,13,1.33,4,4,1,25.0,0,0.0,9,2,22.22,15.38,2,15.38,30.77,60.0,2.26,16.67,0.25,0.25,0.5,0.75,0.25,543294
,,,3,0.31,0,0,0,,0,,0,0,,0.0,0,0.0,0.0,,0.38,0.0,,,,,,543294
PO,Pitch Out,,1,0.1,0,0,0,,0,,0,0,,0.0,0,0.0,0.0,0.0,0.0,,,,,,,543294
SL,Slider,BR,23,56.1,7,6,2,28.57,1,14.29,11,4,36.36,17.39,2,8.7,26.09,33.33,71.43,20.0,0.333,0.429,0.5,0.929,0.1669999999999999,543339
FF,4-Seam Fastball,FB,18,43.9,2,2,1,50.0,0,0.0,10,2,20.0,11.11,2,11.11,22.22,25.0,28.57,25.0,0.0,0.0,0.0,0.0,0.0,543339
SL,Slider,BR,174,65.41,48,47,11,22.92,1,2.08,99,37,37.37,21.26,24,13.79,35.06,40.66,70.51,20.0,0.128,0.146,0.319,0.4649999999999999,0.191,543351
FF,4-Seam Fastball,FB,87,32.71,25,23,4,16.0,1,4.0,37,5,13.51,5.75,21,24.14,29.89,11.11,28.21,18.18,0.348,0.4,0.435,0.835,0.087,543351
SI,Sinker,FB,4,1.5,1,0,0,0.0,1,100.0,0,0,,0.0,1,25.0,25.0,0.0,0.0,,,1.0,,,,543351
PO,Pitch Out,,1,0.38,0,0,0,,0,,0,0,,0.0,0,0.0,0.0,0.0,1.28,0.0,,,,,,543351
ST,Sweeper,BR,603,41.36,179,172,30,16.76,5,2.79,329,86,26.14,14.26,67,11.11,25.37,35.69,46.52,15.46,0.279,0.303,0.523,0.8260000000000001,0.244,543475
FF,4-Seam Fastball,FB,374,25.65,88,80,9,10.23,6,6.82,165,27,16.36,7.22,95,25.4,32.62,22.44,20.14,10.71,0.212,0.273,0.4,0.673,0.188,543475
SI,Sinker,FB,296,20.3,89,76,12,13.48,10,11.24,143,20,13.99,6.76,50,16.89,23.65,34.94,13.43,21.43,0.237,0.341,0.421,0.762,0.184,543475
CU,Curveball,BR,116,7.96,20,20,7,35.0,0,0.0,45,8,17.78,6.9,10,8.62,15.52,22.5,13.91,12.07,0.25,0.25,0.5,0.75,0.25,543475
CH,Changeup,OS,53,3.64,12,11,4,33.33,0,0.0,24,4,16.67,7.55,1,1.89,9.43,22.22,5.28,18.18,0.273,0.25,0.818,1.068,0.5449999999999999,543475
FC,Cutter,FB,12,0.82,4,4,0,0.0,0,0.0,7,0,0.0,0.0,3,25.0,25.0,33.33,0.48,0.0,0.75,0.75,1.75,2.5,1.0,543475
,,,4,0.27,0,0,0,,0,,0,0,,0.0,0,0.0,0.0,,0.24,0.0,,,,,,543475
FF,4-Seam Fastball,FB,203,41.68,45,29,14,31.11,11,24.44,71,24,33.8,11.82,45,22.17,33.99,19.09,39.58,24.56,0.138,0.419,0.241,0.6599999999999999,0.1029999999999999,543507
SL,Slider,BR,148,30.39,30,27,2,6.67,2,6.67,57,3,5.26,2.03,37,25.0,27.03,23.94,14.58,9.52,0.296,0.345,0.407,0.752,0.1109999999999999,543507
ST,Sweeper,BR,69,14.17,25,25,11,44.0,0,0.0,35,10,28.57,14.49,7,10.14,24.64,37.21,34.03,22.45,0.16,0.16,0.2,0.36,0.04,543507
CH,Changeup,OS,67,13.76,21,18,1,4.76,3,14.29,37,5,13.51,7.46,9,13.43,20.9,26.67,11.81,5.88,0.278,0.381,0.5,0.881,0.2219999999999999,543507
EP,Eephus,,14,100.0,5,5,0,0.0,0,0.0,5,0,0.0,0.0,4,28.57,28.57,0.0,,,0.4,0.4,0.6,1.0,0.1999999999999999,543510
FF,4-Seam Fastball,FB,341,52.14,71,60,14,19.72,9,12.68,143,27,18.88,7.92,75,21.99,29.91,20.41,39.8,17.5,0.333,0.408,0.617,1.025,0.284,543518
FS,Split-Finger,OS,219,33.49,66,59,25,37.88,7,10.61,129,54,41.86,24.66,13,5.94,30.59,43.85,50.25,24.75,0.237,0.318,0.475,0.7929999999999999,0.238,543518
SL,Slider,BR,89,13.61,24,23,6,25.0,1,4.17,54,24,44.44,26.97,11,12.36,39.33,51.02,8.96,33.33,0.261,0.292,0.435,0.727,0.174,543518
SI,Sinker,FB,4,0.61,1,1,1,100.0,0,0.0,1,0,0.0,0.0,2,50.0,50.0,0.0,1.0,50.0,0.0,0.0,0.0,0.0,0.0,543518
,,,1,0.15,0,0,0,,0,,0,0,,0.0,0,0.0,0.0,,0.0,,,,,,,543518
FC,Cutter,FB,239,47.7,55,45,3,5.45,7,12.73,107,17,15.89,7.11,51,21.34,28.45,20.0,30.47,7.69,0.422,0.519,0.511,1.03,0.089,543521
ST,Sweeper,BR,236,47.11,79,72,17,21.52,5,6.33,109,31,28.44,13.14,28,11.86,25.0,34.19,63.28,20.99,0.278,0.333,0.444,0.777,0.1659999999999999,543521
FF,4-Seam Fastball,FB,21,4.19,5,5,0,0.0,0,0.0,15,5,33.33,23.81,2,9.52,33.33,33.33,3.91,0.0,0.6,0.6,0.6,1.2,0.0,543521
CU,Curveball,BR,5,1.0,1,1,0,0.0,0,0.0,4,0,0.0,0.0,1,20.0,20.0,100.0,2.34,0.0,1.0,1.0,1.0,2.0,0.0,543521
FA,Other,,13,100.0,4,3,0,0.0,0,0.0,4,0,0.0,0.0,2,15.38,15.38,12.5,,,0.333,0.25,1.333,1.583,1.0,543543
CH,Changeup,OS,65,55.56,24,20,2,8.33,4,16.67,34,7,20.59,10.77,7,10.77,21.54,45.65,68.42,7.69,0.25,0.375,0.25,0.625,0.0,543548
FF,4-Seam Fastball,FB,38,32.48,4,4,0,0.0,0,0.0,15,1,6.67,2.63,8,21.05,23.68,19.05,23.68,0.0,0.5,0.5,1.25,1.75,0.75,543548
SL,Slider,BR,14,11.97,1,1,0,0.0,0,0.0,4,0,0.0,0.0,4,28.57,28.57,16.67,7.89,0.0,0.0,0.0,0.0,0.0,0.0,543548
FF,4-Seam Fastball,FB,17,34.69,4,3,1,25.0,1,25.0,10,3,30.0,17.65,2,11.76,29.41,28.57,42.86,16.67,0.333,0.5,1.0,1.5,0.667,543594
FC,Cutter,FB,13,26.53,1,1,0,0.0,0,0.0,6,1,16.67,7.69,3,23.08,30.77,50.0,28.57,0.0,0.0,0.0,0.0,0.0,0.0,543594
CU,Curveball,BR,10,20.41,4,4,1,25.0,0,0.0,6,2,33.33,20.0,0,0.0,20.0,33.33,28.57,25.0,0.75,0.75,1.5,2.25,0.75,543594
CH,Changeup,OS,9,18.37,3,3,0,0.0,0,0.0,3,0,0.0,0.0,2,22.22,22.22,20.0,0.0,,0.333,0.333,0.333,0.666,0.0,543594
FC,Cutter,FB,227,52.67,53,43,11,20.75,8,15.09,108,25,23.15,11.01,38,16.74,27.75,21.43,51.15,16.42,0.209,0.358,0.372,0.73,0.163,543766
ST,Sweeper,BR,100,23.2,28,26,7,25.0,1,3.57,53,18,33.96,18.0,8,8.0,26.0,26.42,27.48,19.44,0.269,0.321,0.538,0.859,0.269,543766
SI,Sinker,FB,55,12.76,17,17,3,17.65,0,0.0,25,4,16.0,7.27,8,14.55,21.82,19.23,9.92,23.08,0.176,0.176,0.176,0.352,0.0,543766
CU,Curveball,BR,49,11.37,9,8,1,11.11,1,11.11,14,3,21.43,6.12,6,12.24,18.37,12.5,11.45,6.67,0.25,0.333,0.25,0.583,0.0,543766
FF,4-Seam Fastball,FB,392,58.59,110,101,28,25.45,7,6.36,214,49,22.9,12.5,75,19.13,31.63,30.87,58.9,20.14,0.198,0.248,0.406,0.654,0.208,543859
SL,Slider,BR,264,39.46,60,55,14,23.33,4,6.67,116,36,31.03,13.64,36,13.64,27.27,30.13,40.25,14.74,0.164,0.217,0.309,0.526,0.145,543859
ST,Sweeper,BR,13,1.94,2,2,0,0.0,0,0.0,3,0,0.0,0.0,4,30.77,30.77,0.0,0.85,0.0,0.5,0.5,0.5,1.0,0.0,543859
SI,Sinker,FB,58,63.04,18,16,0,0.0,1,5.56,26,0,0.0,0.0,12,20.69,20.69,25.0,35.71,0.0,0.25,0.278,0.312,0.5900000000000001,0.062,543901
SL,Slider,BR,33,35.87,16,15,2,12.5,0,0.0,19,4,21.05,12.12,3,9.09,21.21,33.33,57.14,25.0,0.467,0.5,0.733,1.233,0.2659999999999999,543901
CH,Changeup,OS,1,1.09,0,0,0,,0,,0,0,,0.0,0,0.0,0.0,0.0,7.14,0.0,,,,,,543901
SI,Sinker,FB,66,41.25,16,11,1,6.25,4,25.0,21,6,28.57,9.09,13,19.7,28.79,16.22,17.5,14.29,0.455,0.6,0.818,1.418,0.3629999999999999,544727
SL,Slider,BR,56,35.0,12,9,4,33.33,3,25.0,22,11,50.0,19.64,11,19.64,39.29,25.0,35.0,28.57,0.0,0.25,0.0,0.25,0.0,544727
FF,4-Seam Fastball,FB,29,18.12,6,5,1,16.67,0,0.0,14,3,21.43,10.34,3,10.34,20.69,16.67,35.0,7.14,0.4,0.5,1.0,1.5,0.6,544727
FS,Split-Finger,OS,9,5.62,3,3,1,33.33,0,0.0,4,1,25.0,11.11,0,0.0,11.11,16.67,12.5,20.0,0.0,0.0,0.0,0.0,0.0,544727
EP,Eephus,,11,100.0,3,2,0,0.0,1,33.33,2,0,0.0,0.0,2,18.18,18.18,12.5,,,0.0,0.333,0.0,0.333,0.0,545121
SL,Slider,BR,283,29.3,72,64,11,15.28,7,9.72,129,40,31.01,14.13,59,20.85,34.98,27.61,22.79,16.42,0.219,0.292,0.281,0.573,0.062,547179
SI,Sinker,FB,269,27.85,94,89,5,5.32,2,2.13,149,5,3.36,1.86,46,17.1,18.96,35.45,15.31,11.11,0.326,0.348,0.393,0.741,0.067,547179
FF,4-Seam Fastball,FB,203,21.01,48,45,11,22.92,3,6.25,102,16,15.69,7.88,47,23.15,31.03,32.97,26.87,13.92,0.267,0.312,0.533,0.845,0.266,547179
ST,Sweeper,BR,145,15.01,43,40,10,23.26,3,6.98,67,13,19.4,8.97,18,12.41,21.38,30.23,24.15,14.08,0.275,0.326,0.525,0.851,0.25,547179
CH,Changeup,OS,51,5.28,11,10,4,36.36,0,0.0,28,6,21.43,11.76,3,5.88,17.65,34.48,10.2,13.33,0.2,0.182,0.6,0.782,0.3999999999999999,547179
FC,Cutter,FB,11,1.14,3,3,0,0.0,0,0.0,6,2,33.33,18.18,1,9.09,27.27,42.86,0.34,0.0,0.333,0.333,0.333,0.666,0.0,547179
CU,Curveball,BR,4,0.41,0,0,0,,0,,1,0,0.0,0.0,1,25.0,25.0,33.33,0.34,0.0,,,,,,547179
ST,Sweeper,BR,102,64.15,29,24,5,17.24,5,17.24,47,8,17.02,7.84,18,17.65,25.49,29.41,66.67,13.89,0.208,0.345,0.292,0.637,0.0839999999999999,547184
FF,4-Seam Fastball,FB,30,18.87,7,7,2,28.57,0,0.0,9,1,11.11,3.33,9,30.0,33.33,16.67,24.07,15.38,0.286,0.286,0.429,0.715,0.143,547184
SI,Sinker,FB,13,8.18,2,2,0,0.0,0,0.0,3,1,33.33,7.69,3,23.08,30.77,12.5,9.26,0.0,0.5,0.5,0.5,1.0,0.0,547184
SL,Slider,BR,13,8.18,6,6,0,0.0,0,0.0,9,1,11.11,7.69,2,15.38,23.08,50.0,0.0,,0.167,0.167,0.167,0.334,0.0,547184
,,,1,0.63,0,0,0,,0,,0,0,,0.0,0,0.0,0.0,,0.0,,,,,,,547184
CH,Changeup,OS,172,26.75,60,56,8,13.33,4,6.67,98,26,26.53,15.12,14,8.14,23.26,42.98,25.26,16.67,0.25,0.3,0.375,0.675,0.125,547943
FF,4-Seam Fastball,FB,142,22.08,31,29,8,25.81,1,3.23,60,7,11.67,4.93,30,21.13,26.06,18.75,30.0,14.04,0.345,0.367,0.828,1.1949999999999998,0.483,547943
FC,Cutter,FB,122,18.97,32,31,8,25.0,0,0.0,61,14,22.95,11.48,19,15.57,27.05,32.76,23.68,17.78,0.161,0.156,0.29,0.4459999999999999,0.1289999999999999,547943
SI,Sinker,FB,107,16.64,20,18,0,0.0,2,10.0,45,4,8.89,3.74,31,28.97,32.71,17.78,1.58,0.0,0.167,0.25,0.222,0.472,0.0549999999999999,547943
CU,Curveball,BR,100,15.55,35,32,7,20.0,1,2.86,54,16,29.63,16.0,23,23.0,39.0,39.47,19.47,18.92,0.312,0.353,0.469,0.822,0.1569999999999999,547943
FF,4-Seam Fastball,FB,378,46.44,59,46,8,13.56,13,22.03,141,48,34.04,12.7,92,24.34,37.04,13.22,13.92,24.24,0.261,0.424,0.391,0.815,0.13,547973
SL,Slider,BR,198,24.32,49,38,17,34.69,11,22.45,90,41,45.56,20.71,42,21.21,41.92,31.31,16.03,44.74,0.158,0.347,0.263,0.61,0.105,547973
SI,Sinker,FB,158,19.41,71,71,54,76.06,0,0.0,102,47,46.08,29.75,14,8.86,38.61,37.68,59.07,38.57,0.085,0.085,0.141,0.2259999999999999,0.0559999999999999,547973
FS,Split-Finger,OS,69,8.48,19,19,7,36.84,0,0.0,33,16,48.48,23.19,7,10.14,33.33,26.32,10.97,26.92,0.211,0.211,0.421,0.632,0.21,547973
,,,11,1.35,2,0,0,0.0,2,100.0,0,0,,0.0,0,0.0,0.0,,0.0,,,1.0,,,,547973
FC,Cutter,FB,155,28.65,26,21,2,7.69,3,11.54,64,14,21.88,9.03,30,19.35,28.39,29.27,16.57,7.14,0.286,0.423,0.476,0.899,0.19,548384
CH,Changeup,OS,147,27.17,41,38,12,29.27,3,7.32,60,25,41.67,17.01,6,4.08,21.09,30.25,36.69,19.35,0.105,0.171,0.158,0.329,0.053,548384
ST,Sweeper,BR,126,23.29,32,30,15,46.88,1,3.12,66,20,30.3,15.87,25,19.84,35.71,35.59,35.5,25.0,0.133,0.188,0.133,0.321,0.0,548384
SI,Sinker,FB,105,19.41,29,21,1,3.45,7,24.14,46,8,17.39,7.62,20,19.05,26.67,21.28,10.65,5.56,0.333,0.5,0.476,0.976,0.1429999999999999,548384
,,,5,0.92,1,0,0,0.0,1,100.0,0,0,,0.0,0,0.0,0.0,,0.0,,,1.0,,,,548384
FF,4-Seam Fastball,FB,3,0.55,2,1,0,0.0,1,50.0,1,0,0.0,0.0,0,0.0,0.0,0.0,0.59,0.0,0.0,0.5,0.0,0.5,0.0,548384
SL,Slider,BR,292,35.96,82,80,6,7.32,2,2.44,135,27,20.0,9.25,60,20.55,29.79,24.11,26.8,8.96,0.288,0.305,0.438,0.743,0.15,548389
FF,4-Seam Fastball,FB,188,23.15,41,36,12,29.27,4,9.76,88,24,27.27,12.77,36,19.15,31.91,33.03,31.6,15.19,0.25,0.325,0.5,0.825,0.25,548389
CH,Changeup,OS,143,17.61,50,50,8,16.0,0,0.0,82,15,18.29,10.49,10,6.99,17.48,28.95,28.8,11.11,0.34,0.34,0.68,1.02,0.34,548389
SI,Sinker,FB,99,12.19,35,34,2,5.71,0,0.0,67,8,11.94,8.08,11,11.11,19.19,48.72,6.0,13.33,0.324,0.314,0.471,0.7849999999999999,0.1469999999999999,548389
KC,Knuckle Curve,BR,60,7.39,6,5,0,0.0,0,0.0,15,3,20.0,5.0,24,40.0,45.0,15.38,2.0,0.0,0.2,0.333,0.2,0.533,0.0,548389
FC,Cutter,FB,21,2.59,7,7,1,14.29,0,0.0,9,1,11.11,4.76,5,23.81,28.57,23.08,1.6,25.0,0.0,0.0,0.0,0.0,0.0,548389
FS,Split-Finger,OS,8,0.99,1,1,1,100.0,0,0.0,1,1,100.0,12.5,0,0.0,12.5,12.5,2.8,14.29,0.0,0.0,0.0,0.0,0.0,548389
,,,1,0.12,0,0,0,,0,,0,0,,0.0,0,0.0,0.0,,0.4,0.0,,,,,,548389
SI,Sinker,FB,54,50.47,12,11,0,0.0,0,0.0,27,1,3.7,1.85,12,22.22,24.07,30.0,29.03,0.0,0.455,0.5,0.636,1.136,0.181,552640
SL,Slider,BR,47,43.93,17,17,6,35.29,0,0.0,27,9,33.33,19.15,5,10.64,29.79,40.91,61.29,31.58,0.235,0.235,0.235,0.47,0.0,552640
FF,4-Seam Fastball,FB,6,5.61,2,2,1,50.0,0,0.0,6,2,33.33,33.33,0,0.0,33.33,100.0,9.68,33.33,0.5,0.5,1.0,1.5,0.5,552640
CU,Curveball,BR,212,32.12,45,41,10,22.22,2,4.44,89,24,26.97,11.32,29,13.68,25.0,24.22,33.52,16.67,0.171,0.227,0.317,0.544,0.146,554340
FF,4-Seam Fastball,FB,183,27.73,55,52,26,47.27,2,3.64,106,42,39.62,22.95,25,13.66,36.61,44.57,44.69,32.5,0.231,0.273,0.442,0.7150000000000001,0.211,554340
SI,Sinker,FB,164,24.85,47,44,1,2.13,1,2.13,90,9,10.0,5.49,31,18.9,24.39,42.03,9.5,5.88,0.409,0.447,0.432,0.879,0.023,554340
SL,Slider,BR,86,13.03,20,20,5,25.0,0,0.0,36,13,36.11,15.12,17,19.77,34.88,19.05,7.82,35.71,0.25,0.25,0.35,0.6,0.0999999999999999,554340
CH,Changeup,OS,12,1.82,6,6,1,16.67,0,0.0,9,0,0.0,0.0,1,8.33,8.33,33.33,4.47,12.5,0.333,0.333,0.667,1.0,0.334,554340
ST,Sweeper,BR,3,0.45,1,1,0,0.0,0,0.0,3,2,66.67,66.67,0,0.0,66.67,,0.0,,1.0,1.0,4.0,5.0,3.0,554340
FF,4-Seam Fastball,FB,555,35.33,119,112,53,44.54,5,4.2,283,108,38.16,19.46,121,21.8,41.26,27.09,37.91,25.24,0.116,0.168,0.205,0.373,0.0889999999999999,554430
SI,Sinker,FB,544,34.63,147,139,26,17.69,6,4.08,307,62,20.2,11.4,75,13.79,25.18,44.71,24.01,19.55,0.252,0.293,0.309,0.602,0.0569999999999999,554430
ST,Sweeper,BR,341,21.71,72,71,28,38.89,1,1.39,137,58,42.34,17.01,43,12.61,29.62,26.7,23.65,21.37,0.169,0.181,0.338,0.519,0.169,554430
CU,Curveball,BR,91,5.79,26,25,11,42.31,1,3.85,42,16,38.1,17.58,2,2.2,19.78,35.62,10.11,19.64,0.28,0.308,0.68,0.988,0.4,554430
FC,Cutter,FB,35,2.23,9,7,3,33.33,1,11.11,17,4,23.53,11.43,2,5.71,17.14,25.0,3.43,15.79,0.286,0.444,0.571,1.015,0.285,554430
,,,3,0.19,1,1,1,100.0,0,0.0,0,0,,0.0,0,0.0,0.0,,0.54,33.33,0.0,0.0,0.0,0.0,0.0,554430
CH,Changeup,OS,2,0.13,0,0,0,,0,,1,0,0.0,0.0,0,0.0,0.0,50.0,0.36,0.0,,,,,,554430
CH,Changeup,OS,81,56.64,22,19,9,40.91,3,13.64,46,18,39.13,22.22,7,8.64,30.86,48.08,61.7,31.03,0.263,0.364,0.526,0.89,0.263,570257
SI,Sinker,FB,53,37.06,8,6,1,12.5,2,25.0,13,1,7.69,1.89,14,26.42,28.3,12.0,25.53,8.33,0.667,0.75,1.167,1.917,0.5,570257
FF,4-Seam Fastball,FB,5,3.5,3,3,0,0.0,0,0.0,4,0,0.0,0.0,0,0.0,0.0,,8.51,0.0,0.0,0.0,0.0,0.0,0.0,570257
SL,Slider,BR,4,2.8,0,0,0,,0,,1,0,0.0,0.0,2,50.0,50.0,0.0,4.26,0.0,,,,,,570257
SL,Slider,BR,143,40.97,35,28,11,31.43,5,14.29,67,25,37.31,17.48,18,12.59,30.07,23.75,57.28,18.64,0.179,0.294,0.429,0.723,0.25,570632
SI,Sinker,FB,121,34.67,38,34,2,5.26,4,10.53,58,7,12.07,5.79,24,19.83,25.62,40.91,24.27,8.0,0.353,0.421,0.824,1.245,0.471,570632
FF,4-Seam Fastball,FB,61,17.48,9,8,0,0.0,1,11.11,26,4,15.38,6.56,15,24.59,31.15,22.22,11.65,0.0,0.25,0.333,1.0,1.333,0.75,570632
CH,Changeup,OS,24,6.88,8,4,1,12.5,1,12.5,13,3,23.08,12.5,1,4.17,16.67,28.57,6.8,14.29,0.0,0.286,0.0,0.286,0.0,570632
SL,Slider,BR,104,43.7,26,23,3,11.54,2,7.69,43,6,13.95,5.77,17,16.35,22.12,21.05,62.5,10.0,0.435,0.48,0.522,1.002,0.087,570666
SI,Sinker,FB,60,25.21,21,19,0,0.0,1,4.76,37,6,16.22,10.0,6,10.0,20.0,9.09,10.42,0.0,0.474,0.524,0.684,1.2080000000000002,0.21,570666
CH,Changeup,OS,37,15.55,11,11,3,27.27,0,0.0,22,8,36.36,21.62,3,8.11,29.73,42.86,10.42,60.0,0.273,0.273,0.364,0.637,0.0909999999999999,570666
FF,4-Seam Fastball,FB,36,15.13,12,8,1,8.33,3,25.0,17,2,11.76,5.56,9,25.0,30.56,18.18,16.67,12.5,0.0,0.25,0.0,0.25,0.0,570666
,,,1,0.42,0,0,0,,0,,0,0,,0.0,0,0.0,0.0,,0.0,,,,,,,570666
CH,Changeup,OS,5,50.0,2,2,0,0.0,0,0.0,2,0,0.0,0.0,1,20.0,20.0,0.0,0.0,,0.5,0.5,0.5,1.0,0.0,570731
FA,Other,,5,50.0,2,2,1,50.0,0,0.0,1,0,0.0,0.0,4,80.0,80.0,0.0,100.0,100.0,0.0,0.0,0.0,0.0,0.0,570731
EP,Eephus,,29,96.67,13,13,0,0.0,0,0.0,15,1,6.67,3.45,5,17.24,20.69,35.0,50.0,0.0,0.462,0.462,0.462,0.924,0.0,571466
FA,Other,,1,3.33,0,0,0,,0,,0,0,,0.0,0,0.0,0.0,0.0,50.0,0.0,,,,,,571466
SL,Slider,BR,143,49.83,42,40,13,30.95,2,4.76,80,33,41.25,23.08,5,3.5,26.57,39.78,58.89,24.53,0.35,0.381,0.6,0.981,0.25,571479
FF,4-Seam Fastball,FB,139,48.43,32,29,4,12.5,3,9.38,67,16,23.88,11.51,33,23.74,35.25,29.09,37.78,11.76,0.138,0.219,0.241,0.4599999999999999,0.1029999999999999,571479
CH,Changeup,OS,5,1.74,1,1,1,100.0,0,0.0,3,2,66.67,40.0,0,0.0,40.0,33.33,3.33,33.33,0.0,0.0,0.0,0.0,0.0,571479
FF,4-Seam Fastball,FB,404,42.08,109,98,25,22.94,10,9.17,228,67,29.39,16.58,47,11.63,28.22,32.98,38.89,21.01,0.296,0.367,0.551,0.918,0.255,571510
SL,Slider,BR,239,24.9,54,50,16,29.63,3,5.56,112,31,27.68,12.97,38,15.9,28.87,35.51,33.33,15.69,0.26,0.315,0.44,0.755,0.18,571510
CH,Changeup,OS,212,22.08,53,49,11,20.75,4,7.55,111,43,38.74,20.28,17,8.02,28.3,37.21,18.95,18.97,0.245,0.302,0.367,0.669,0.122,571510
CU,Curveball,BR,75,7.81,8,8,1,12.5,0,0.0,18,3,16.67,4.0,27,36.0,40.0,16.67,2.61,12.5,0.375,0.375,0.75,1.125,0.375,571510
SI,Sinker,FB,30,3.12,16,14,6,37.5,2,12.5,17,5,29.41,16.67,4,13.33,30.0,30.0,6.21,31.58,0.143,0.25,0.143,0.393,0.0,571510
SI,Sinker,FB,156,69.96,45,38,6,13.33,5,11.11,64,9,14.06,5.77,38,24.36,30.13,9.23,53.52,13.16,0.211,0.311,0.237,0.548,0.0259999999999999,571539
FO,Forkball,OS,52,23.32,11,10,4,36.36,1,9.09,22,11,50.0,21.15,3,5.77,26.92,22.86,38.03,14.81,0.2,0.273,0.2,0.473,0.0,571539
FC,Cutter,FB,15,6.73,2,2,1,50.0,0,0.0,7,4,57.14,26.67,3,20.0,46.67,0.0,8.45,16.67,0.0,0.0,0.0,0.0,0.0,571539
SI,Sinker,FB,1079,44.92,353,319,38,10.76,31,8.78,492,34,6.91,3.15,211,19.56,22.71,19.38,42.38,14.23,0.317,0.374,0.467,0.841,0.15,571578
SL,Slider,BR,782,32.56,174,159,48,27.59,13,7.47,349,144,41.26,18.41,96,12.28,30.69,34.06,39.52,19.28,0.264,0.322,0.528,0.8500000000000001,0.264,571578
FF,4-Seam Fastball,FB,353,14.7,88,82,5,5.68,0,0.0,180,21,11.67,5.95,42,11.9,17.85,25.71,11.43,6.94,0.317,0.31,0.524,0.8340000000000001,0.207,571578
CH,Changeup,OS,185,7.7,35,31,9,25.71,3,8.57,69,28,40.58,15.14,23,12.43,27.57,23.02,6.67,21.43,0.29,0.353,0.645,0.998,0.355,571578
,,,3,0.12,0,0,0,,0,,0,0,,0.0,0,0.0,0.0,,0.0,,,,,,,571578
FF,4-Seam Fastball,FB,12,30.0,1,1,0,0.0,0,0.0,5,0,0.0,0.0,3,25.0,25.0,0.0,30.77,0.0,1.0,1.0,4.0,5.0,3.0,571616
FC,Cutter,FB,10,25.0,3,3,0,0.0,0,0.0,9,3,33.33,30.0,0,0.0,30.0,80.0,23.08,0.0,0.0,0.0,0.0,0.0,0.0,571616
SI,Sinker,FB,7,17.5,3,3,0,0.0,0,0.0,5,0,0.0,0.0,1,14.29,14.29,50.0,15.38,0.0,0.333,0.333,1.333,1.666,1.0,571616
CH,Changeup,OS,5,12.5,1,1,0,0.0,0,0.0,1,0,0.0,0.0,0,0.0,0.0,20.0,7.69,0.0,1.0,1.0,1.0,2.0,0.0,571616
CU,Curveball,BR,3,7.5,0,0,0,,0,,0,0,,0.0,0,0.0,0.0,0.0,0.0,,,,,,,571616
SL,Slider,BR,3,7.5,1,1,0,0.0,0,0.0,1,0,0.0,0.0,0,0.0,0.0,0.0,23.08,0.0,0.0,0.0,0.0,0.0,0.0,571616
SL,Slider,BR,299,41.59,60,56,20,33.33,3,5.0,140,73,52.14,24.41,48,16.05,40.47,35.29,41.63,21.74,0.161,0.203,0.286,0.489,0.1249999999999999,571656
FF,4-Seam Fastball,FB,294,40.89,91,80,15,16.48,8,8.79,143,23,16.08,7.82,52,17.69,25.51,24.82,38.91,17.44,0.225,0.292,0.45,0.742,0.225,571656
CH,Changeup,OS,120,16.69,40,33,9,22.5,3,7.5,70,24,34.29,20.0,14,11.67,31.67,47.06,19.0,21.43,0.212,0.35,0.455,0.8049999999999999,0.243,571656
SI,Sinker,FB,4,0.56,0,0,0,,0,,0,0,,0.0,0,0.0,0.0,0.0,0.45,0.0,,,,,,571656
,,,2,0.28,0,0,0,,0,,0,0,,0.0,0,0.0,0.0,,0.0,,,,,,,571656
SI,Sinker,FB,219,43.98,81,72,13,16.05,6,7.41,107,13,12.15,5.94,57,26.03,31.96,34.07,37.06,24.53,0.333,0.407,0.375,0.782,0.0419999999999999,571670
SL,Slider,BR,136,27.31,29,28,9,31.03,0,0.0,62,27,43.55,19.85,17,12.5,32.35,33.33,26.57,23.68,0.179,0.179,0.179,0.358,0.0,571670
FF,4-Seam Fastball,FB,125,25.1,25,25,9,36.0,0,0.0,63,18,28.57,14.4,23,18.4,32.8,35.0,33.57,18.75,0.16,0.16,0.2,0.36,0.04,571670
CH,Changeup,OS,17,3.41,3,3,2,66.67,0,0.0,8,3,37.5,17.65,2,11.76,29.41,36.36,2.8,50.0,0.0,0.0,0.0,0.0,0.0,571670
,,,1,0.2,0,0,0,,0,,0,0,,0.0,0,0.0,0.0,,0.0,,,,,,,571670
FF,4-Seam Fastball,FB,46,60.53,10,5,1,10.0,4,40.0,22,4,18.18,8.7,5,10.87,19.57,16.0,64.0,6.25,0.2,0.5,0.4,0.9,0.2,571710
SL,Slider,BR,17,22.37,1,1,0,0.0,0,0.0,3,0,0.0,0.0,4,23.53,23.53,0.0,4.0,0.0,1.0,1.0,1.0,2.0,0.0,571710
CH,Changeup,OS,12,15.79,5,4,1,20.0,0,0.0,9,2,22.22,16.67,0,0.0,16.67,66.67,32.0,12.5,0.25,0.4,0.25,0.65,0.0,571710
,,,1,1.32,0,0,0,,0,,0,0,,0.0,0,0.0,0.0,,0.0,,,,,,,571710
FF,4-Seam Fastball,FB,1205,58.41,255,218,71,27.84,30,11.76,563,158,28.06,13.11,177,14.69,27.8,26.83,58.05,18.59,0.216,0.323,0.436,0.759,0.22,571760
CH,Changeup,OS,438,21.23,142,135,15,10.56,6,4.23,251,60,23.9,13.7,38,8.68,22.37,41.83,14.44,15.79,0.274,0.303,0.452,0.755,0.178,571760
SL,Slider,BR,416,20.16,116,110,39,33.62,2,1.72,225,64,28.44,15.38,69,16.59,31.97,38.03,27.36,21.67,0.273,0.31,0.473,0.7829999999999999,0.1999999999999999,571760
CU,Curveball,BR,2,0.1,1,1,0,0.0,0,0.0,1,0,0.0,0.0,0,0.0,0.0,0.0,0.15,0.0,0.0,0.0,0.0,0.0,0.0,571760
,,,2,0.1,0,0,0,,0,,0,0,,0.0,0,0.0,0.0,,0.0,,,,,,,571760
FC,Cutter,FB,164,51.41,54,50,6,11.11,3,5.56,84,22,26.19,13.41,23,14.02,27.44,35.23,48.1,15.79,0.3,0.333,0.6,0.933,0.3,571863
FF,4-Seam Fastball,FB,113,35.42,24,22,1,4.17,1,4.17,60,10,16.67,8.85,17,15.04,23.89,28.0,31.65,4.0,0.091,0.167,0.136,0.303,0.045,571863
SL,Slider,BR,42,13.17,12,11,3,25.0,1,8.33,23,5,21.74,11.9,2,4.76,16.67,29.17,20.25,18.75,0.091,0.167,0.091,0.258,0.0,571863
EP,Eephus,,2,100.0,2,2,0,0.0,0,0.0,2,0,0.0,0.0,0,0.0,0.0,100.0,,,0.0,0.0,0.0,0.0,0.0,571875
FC,Cutter,FB,134,27.02,34,29,4,11.76,4,11.76,64,18,28.12,13.43,20,14.93,28.36,29.17,19.87,12.9,0.31,0.394,0.621,1.015,0.311,571882
SL,Slider,BR,102,20.56,27,23,7,25.93,4,14.81,50,21,42.0,20.59,7,6.86,27.45,34.29,30.77,14.58,0.174,0.296,0.174,0.47,0.0,571882
SI,Sinker,FB,99,19.96,33,27,2,6.06,3,9.09,51,9,17.65,9.09,14,14.14,23.23,34.78,9.62,13.33,0.185,0.312,0.259,0.571,0.074,571882
FF,4-Seam Fastball,FB,96,19.35,22,21,9,40.91,0,0.0,59,21,35.59,21.88,8,8.33,30.21,41.67,26.92,21.43,0.286,0.286,0.429,0.715,0.143,571882
CU,Curveball,BR,41,8.27,8,7,1,12.5,1,12.5,18,6,33.33,14.63,11,26.83,41.46,25.0,5.13,12.5,0.143,0.25,0.143,0.393,0.0,571882
CH,Changeup,OS,22,4.44,4,4,1,25.0,0,0.0,9,3,33.33,13.64,0,0.0,13.64,13.33,7.69,8.33,0.25,0.25,0.25,0.5,0.0,571882
,,,2,0.4,0,0,0,,0,,0,0,,0.0,0,0.0,0.0,,0.0,,,,,,,571882
SI,Sinker,FB,295,49.92,63,51,12,19.05,12,19.05,126,19,15.08,6.44,69,23.39,29.83,17.07,44.38,15.19,0.294,0.429,0.451,0.88,0.157,571901
CH,Changeup,OS,146,24.7,53,52,9,16.98,1,1.89,93,30,32.26,20.55,9,6.16,26.71,53.19,34.27,14.75,0.25,0.264,0.346,0.61,0.0959999999999999,571901
FC,Cutter,FB,113,19.12,28,24,7,25.0,1,3.57,60,13,21.67,11.5,14,12.39,23.89,30.51,14.61,26.92,0.458,0.5,0.917,1.417,0.459,571901
,,,18,3.05,4,0,0,0.0,4,100.0,0,0,,0.0,0,0.0,0.0,,0.0,,,1.0,,,,571901
FF,4-Seam Fastball,FB,13,2.2,4,4,2,50.0,0,0.0,8,2,25.0,15.38,1,7.69,23.08,40.0,6.18,18.18,0.0,0.0,0.0,0.0,0.0,571901
CU,Curveball,BR,6,1.02,1,1,1,100.0,0,0.0,3,2,66.67,33.33,2,33.33,66.67,0.0,0.56,100.0,0.0,0.0,0.0,0.0,0.0,571901
FA,Other,,48,94.12,13,13,0,0.0,0,0.0,23,2,8.7,4.17,6,12.5,16.67,32.0,100.0,0.0,0.615,0.615,1.692,2.307,1.077,571912
KN,Knuckleball,,3,5.88,1,1,0,0.0,0,0.0,2,0,0.0,0.0,0,0.0,0.0,50.0,0.0,,1.0,1.0,1.0,2.0,0.0,571912
SI,Sinker,FB,803,53.39,173,155,42,24.28,18,10.4,376,99,26.33,12.33,136,16.94,29.27,22.78,50.96,15.85,0.245,0.324,0.426,0.75,0.181,571927
CH,Changeup,OS,479,31.85,141,135,29,20.57,6,4.26,270,76,28.15,15.87,61,12.73,28.6,40.57,36.15,14.89,0.296,0.326,0.422,0.748,0.126,571927
CU,Curveball,BR,194,12.9,42,38,8,19.05,1,2.38,76,15,19.74,7.73,52,26.8,34.54,24.14,12.31,12.5,0.316,0.333,0.447,0.78,0.131,571927
SL,Slider,BR,27,1.8,3,3,0,0.0,0,0.0,9,1,11.11,3.7,4,14.81,18.52,12.5,0.58,0.0,0.333,0.333,0.667,1.0,0.334,571927
,,,1,0.07,0,0,0,,0,,0,0,,0.0,0,0.0,0.0,,0.0,,,,,,,571927
SL,Slider,BR,491,28.85,140,133,22,15.71,6,4.29,238,47,19.75,9.57,77,15.68,25.25,27.38,26.25,15.33,0.248,0.281,0.391,0.672,0.143,571945
SI,Sinker,FB,463,27.2,144,133,16,11.11,4,2.78,230,19,8.26,4.1,99,21.38,25.49,28.21,20.69,14.81,0.346,0.378,0.496,0.874,0.15,571945
FF,4-Seam Fastball,FB,422,24.79,92,83,19,20.65,8,8.7,233,50,21.46,11.85,67,15.88,27.73,32.02,27.78,12.41,0.229,0.293,0.41,0.703,0.1809999999999999,571945
CU,Curveball,BR,319,18.74,75,68,18,24.0,5,6.67,130,31,23.85,9.72,58,18.18,27.9,21.25,24.71,13.95,0.279,0.347,0.368,0.715,0.0889999999999999,571945
CH,Changeup,OS,7,0.41,2,2,0,0.0,0,0.0,3,0,0.0,0.0,1,14.29,14.29,0.0,0.57,0.0,0.0,0.0,0.0,0.0,0.0,571945
FF,4-Seam Fastball,FB,183,53.98,48,42,11,22.92,4,8.33,83,19,22.89,10.38,48,26.23,36.61,32.39,50.52,22.45,0.119,0.196,0.143,0.3389999999999999,0.0239999999999999,571946
FS,Split-Finger,OS,78,23.01,22,20,5,22.73,1,4.55,38,8,21.05,10.26,5,6.41,16.67,30.19,34.02,15.15,0.15,0.227,0.2,0.427,0.05,571946
ST,Sweeper,BR,78,23.01,18,17,3,16.67,1,5.56,34,6,17.65,7.69,13,16.67,24.36,10.81,15.46,20.0,0.176,0.222,0.412,0.634,0.236,571946
CH,Changeup,OS,176,32.53,49,49,6,12.24,0,0.0,92,22,23.91,12.5,24,13.64,26.14,39.22,27.06,13.04,0.265,0.265,0.306,0.571,0.0409999999999999,571948
ST,Sweeper,BR,150,27.73,30,28,10,33.33,2,6.67,42,7,16.67,4.67,59,39.33,44.0,12.9,26.47,22.22,0.214,0.267,0.357,0.624,0.143,571948
FF,4-Seam Fastball,FB,109,20.15,24,24,13,54.17,0,0.0,50,15,30.0,13.76,11,10.09,23.85,24.59,32.94,23.21,0.208,0.208,0.417,0.625,0.209,571948
SI,Sinker,FB,106,19.59,28,24,3,10.71,3,10.71,48,5,10.42,4.72,22,20.75,25.47,21.57,13.53,13.04,0.333,0.393,0.625,1.018,0.292,571948
EP,Eephus,,4,100.0,3,3,0,0.0,0,0.0,3,0,0.0,0.0,0,0.0,0.0,0.0,,,0.333,0.333,0.333,0.666,0.0,572008
FF,4-Seam Fastball,FB,728,56.13,178,164,38,21.35,13,7.3,415,97,23.37,13.32,101,13.87,27.2,27.99,49.26,18.91,0.256,0.311,0.512,0.823,0.256,572020
KC,Knuckle Curve,BR,277,21.36,61,57,20,32.79,4,6.56,119,44,36.97,15.88,48,17.33,33.21,34.13,23.53,20.83,0.211,0.262,0.333,0.595,0.122,572020
FC,Cutter,FB,166,12.8,53,45,22,41.51,5,9.43,97,34,35.05,20.48,14,8.43,28.92,41.24,21.81,24.72,0.2,0.302,0.467,0.769,0.267,572020
CH,Changeup,OS,112,8.64,19,19,4,21.05,0,0.0,44,21,47.73,18.75,5,4.46,23.21,30.0,4.66,21.05,0.316,0.316,0.421,0.737,0.1049999999999999,572020
SI,Sinker,FB,12,0.93,5,4,1,20.0,1,20.0,6,1,16.67,8.33,1,8.33,16.67,37.5,0.74,33.33,0.0,0.2,0.0,0.2,0.0,572020
,,,2,0.15,0,0,0,,0,,0,0,,0.0,0,0.0,0.0,,0.0,,,,,,,572020
SL,Slider,BR,63,40.13,17,15,5,29.41,2,11.76,29,11,37.93,17.46,3,4.76,22.22,27.27,51.06,20.83,0.467,0.529,0.667,1.1960000000000002,0.2,572193
FF,4-Seam Fastball,FB,47,29.94,9,7,2,22.22,0,0.0,21,6,28.57,12.77,10,21.28,34.04,21.74,19.15,22.22,0.286,0.444,0.286,0.73,0.0,572193
SI,Sinker,FB,26,16.56,7,6,0,0.0,0,0.0,9,1,11.11,3.85,4,15.38,19.23,13.33,4.26,0.0,0.667,0.714,0.833,1.547,0.1659999999999999,572193
ST,Sweeper,BR,19,12.1,5,5,1,20.0,0,0.0,8,2,25.0,10.53,2,10.53,21.05,0.0,23.4,9.09,0.2,0.2,0.2,0.4,0.0,572193
,,,2,1.27,1,0,0,0.0,1,100.0,0,0,,0.0,0,0.0,0.0,,2.13,0.0,,1.0,,,,572193
ST,Sweeper,BR,242,33.02,60,58,23,38.33,1,1.67,112,50,44.64,20.66,36,14.88,35.54,35.56,44.75,23.47,0.138,0.167,0.259,0.426,0.121,572403
FF,4-Seam Fastball,FB,193,26.33,53,45,11,20.75,5,9.43,87,23,26.44,11.92,35,18.13,30.05,22.11,23.29,21.57,0.222,0.321,0.356,0.677,0.1339999999999999,572403
SI,Sinker,FB,139,18.96,36,25,7,19.44,7,19.44,58,13,22.41,9.35,28,20.14,29.5,25.71,14.16,22.58,0.2,0.444,0.32,0.764,0.12,572403
FC,Cutter,FB,113,15.42,26,21,2,7.69,4,15.38,52,14,26.92,12.39,23,20.35,32.74,24.49,9.59,9.52,0.524,0.577,0.952,1.529,0.4279999999999999,572403
CH,Changeup,OS,44,6.0,11,9,4,36.36,0,0.0,23,7,30.43,15.91,1,2.27,18.18,38.71,8.22,22.22,0.111,0.273,0.111,0.384,0.0,572403
,,,2,0.27,0,0,0,,0,,0,0,,0.0,0,0.0,0.0,,0.0,,,,,,,572403
ST,Sweeper,BR,9,69.23,2,2,1,50.0,0,0.0,3,2,66.67,22.22,4,44.44,66.67,50.0,100.0,50.0,0.0,0.0,0.0,0.0,0.0,572888
FC,Cutter,FB,2,15.38,1,1,0,0.0,0,0.0,1,0,0.0,0.0,0,0.0,0.0,0.0,0.0,,0.0,0.0,0.0,0.0,0.0,572888
SI,Sinker,FB,2,15.38,1,1,0,0.0,0,0.0,1,0,0.0,0.0,0,0.0,0.0,,0.0,,0.0,0.0,0.0,0.0,0.0,572888
CU,Curveball,BR,335,55.1,93,90,35,37.63,3,3.23,170,65,38.24,19.4,71,21.19,40.6,41.14,60.33,31.53,0.211,0.237,0.344,0.581,0.1329999999999999,572955
FF,4-Seam Fastball,FB,196,32.24,42,33,6,14.29,9,21.43,81,18,22.22,9.18,28,14.29,23.47,25.89,26.63,12.24,0.364,0.5,0.485,0.985,0.121,572955
SL,Slider,BR,76,12.5,25,23,7,28.0,2,8.0,41,10,24.39,13.16,16,21.05,34.21,48.48,12.5,30.43,0.304,0.36,0.348,0.708,0.0439999999999999,572955
,,,1,0.16,1,1,1,100.0,0,0.0,0,0,,0.0,0,0.0,0.0,,0.54,100.0,0.0,0.0,0.0,0.0,0.0,572955
CH,Changeup,OS,171,34.9,57,54,5,8.77,2,3.51,98,19,19.39,11.11,16,9.36,20.47,39.42,45.11,8.33,0.315,0.333,0.463,0.796,0.148,572971
FC,Cutter,FB,156,31.84,29,27,8,27.59,1,3.45,57,14,24.56,8.97,38,24.36,33.33,29.17,22.56,26.67,0.333,0.379,0.667,1.046,0.334,572971
SI,Sinker,FB,140,28.57,41,30,4,9.76,11,26.83,48,4,8.33,2.86,35,25.0,27.86,22.22,21.8,13.79,0.267,0.463,0.433,0.896,0.1659999999999999,572971
SL,Slider,BR,23,4.69,4,3,1,25.0,0,0.0,7,1,14.29,4.35,4,17.39,21.74,7.69,10.53,7.14,0.333,0.5,0.667,1.167,0.334,572971
CH,Changeup,OS,133,41.05,44,43,13,29.55,1,2.27,77,26,33.77,19.55,10,7.52,27.07,44.71,57.5,28.26,0.163,0.182,0.233,0.415,0.07,573009
SI,Sinker,FB,121,37.35,38,34,0,0.0,4,10.53,61,3,4.92,2.48,28,23.14,25.62,23.26,13.75,0.0,0.412,0.474,0.941,1.415,0.5289999999999999,573009
FF,4-Seam Fastball,FB,35,10.8,3,2,0,0.0,1,33.33,11,3,27.27,8.57,4,11.43,20.0,10.0,15.0,0.0,0.5,0.667,1.0,1.667,0.5,573009
CU,Curveball,BR,31,9.57,4,4,0,0.0,0,0.0,12,2,16.67,6.45,8,25.81,32.26,27.78,13.75,0.0,0.25,0.25,0.25,0.5,0.0,573009
,,,4,1.23,1,0,0,0.0,1,100.0,0,0,,0.0,0,0.0,0.0,,0.0,,,1.0,,,,573009
ST,Sweeper,BR,231,55.13,60,50,14,23.33,7,11.67,116,31,26.72,13.42,46,19.91,33.33,41.8,58.33,22.22,0.26,0.367,0.58,0.947,0.3199999999999999,573124
SI,Sinker,FB,155,36.99,44,41,11,25.0,3,6.82,51,5,9.8,3.23,41,26.45,29.68,8.45,36.11,28.21,0.341,0.386,0.415,0.8009999999999999,0.0739999999999999,573124
FC,Cutter,FB,17,4.06,5,5,0,0.0,0,0.0,7,1,14.29,5.88,2,11.76,17.65,33.33,2.78,0.0,0.6,0.6,1.8,2.4,1.2000000000000002,573124
,,,14,3.34,4,0,0,0.0,4,100.0,0,0,,0.0,0,0.0,0.0,,1.85,0.0,,1.0,,,,573124
FF,4-Seam Fastball,FB,2,0.48,0,0,0,,0,,0,0,,0.0,1,50.0,50.0,0.0,0.93,0.0,,,,,,573124
SI,Sinker,FB,520,52.79,154,144,26,16.88,10,6.49,262,46,17.56,8.85,92,17.69,26.54,24.34,37.59,25.24,0.299,0.344,0.417,0.7609999999999999,0.118,573186
SV,Slurve,BR,337,34.21,82,75,24,29.27,6,7.32,142,48,33.8,14.24,59,17.51,31.75,31.36,40.51,21.62,0.253,0.305,0.4,0.7050000000000001,0.147,573186
FF,4-Seam Fastball,FB,64,6.5,9,8,3,33.33,1,11.11,26,9,34.62,14.06,9,14.06,28.12,27.03,12.04,9.09,0.0,0.111,0.0,0.111,0.0,573186
SL,Slider,BR,45,4.57,12,12,5,41.67,0,0.0,23,11,47.83,24.44,2,4.44,28.89,37.5,8.03,22.73,0.167,0.167,0.167,0.334,0.0,573186
FS,Split-Finger,OS,13,1.32,5,5,2,40.0,0,0.0,8,3,37.5,23.08,0,0.0,23.08,44.44,1.82,40.0,0.4,0.4,0.8,1.2000000000000002,0.4,573186
FC,Cutter,FB,4,0.41,2,2,0,0.0,0,0.0,3,0,0.0,0.0,0,0.0,0.0,0.0,0.0,,0.5,0.5,0.5,1.0,0.0,573186
,,,2,0.2,0,0,0,,0,,0,0,,0.0,0,0.0,0.0,,0.0,,,,,,,573186
FF,4-Seam Fastball,FB,160,52.46,40,36,10,25.0,3,7.5,97,23,23.71,14.37,18,11.25,25.62,34.72,44.12,22.22,0.222,0.282,0.556,0.8380000000000001,0.3340000000000001,573204
CU,Curveball,BR,99,32.46,20,18,11,55.0,2,10.0,32,12,37.5,12.12,19,19.19,31.31,16.13,46.08,23.4,0.167,0.25,0.222,0.472,0.0549999999999999,573204
ST,Sweeper,BR,28,9.18,8,7,1,12.5,1,12.5,14,2,14.29,7.14,5,17.86,25.0,23.08,8.82,11.11,0.429,0.5,1.143,1.643,0.714,573204
SL,Slider,BR,17,5.57,5,5,0,0.0,0,0.0,9,2,22.22,11.76,1,5.88,17.65,30.0,0.0,,0.6,0.6,1.8,2.4,1.2000000000000002,573204
,,,1,0.33,0,0,0,,0,,0,0,,0.0,0,0.0,0.0,,0.98,0.0,,,,,,573204
FF,4-Seam Fastball,FB,989,43.84,193,173,48,24.87,17,8.81,429,114,26.57,11.53,158,15.98,27.5,22.56,37.52,19.12,0.272,0.34,0.399,0.7390000000000001,0.127,579328
SL,Slider,BR,540,23.94,191,172,61,31.94,17,8.9,337,105,31.16,19.44,56,10.37,29.81,42.34,36.92,24.7,0.238,0.311,0.407,0.718,0.1689999999999999,579328
CU,Curveball,BR,463,20.52,117,112,25,21.37,5,4.27,228,69,30.26,14.9,96,20.73,35.64,36.41,15.55,24.04,0.304,0.333,0.491,0.8240000000000001,0.187,579328
CH,Changeup,OS,254,11.26,56,54,6,10.71,1,1.79,105,19,18.1,7.48,21,8.27,15.75,23.03,9.27,9.68,0.278,0.291,0.556,0.847,0.278,579328
SI,Sinker,FB,9,0.4,4,4,2,50.0,0,0.0,6,2,33.33,22.22,1,11.11,33.33,33.33,0.75,40.0,0.0,0.0,0.0,0.0,0.0,579328
PO,Pitch Out,,1,0.04,0,0,0,,0,,0,0,,0.0,0,0.0,0.0,0.0,0.0,,,,,,,579328
ST,Sweeper,BR,188,39.25,41,38,11,26.83,2,4.88,77,27,35.06,14.36,25,13.3,27.66,25.0,42.42,15.71,0.132,0.195,0.263,0.458,0.131,592094
FF,4-Seam Fastball,FB,157,32.78,33,27,9,27.27,4,12.12,85,31,36.47,19.75,23,14.65,34.39,36.84,32.73,16.67,0.259,0.394,0.519,0.913,0.26,592094
CH,Changeup,OS,128,26.72,37,31,10,27.03,3,8.11,61,17,27.87,13.28,26,20.31,33.59,30.0,24.85,24.39,0.194,0.324,0.226,0.55,0.032,592094
SL,Slider,BR,5,1.04,1,1,0,0.0,0,0.0,2,0,0.0,0.0,0,0.0,0.0,33.33,0.0,,1.0,1.0,1.0,2.0,0.0,592094
,,,1,0.21,0,0,0,,0,,0,0,,0.0,0,0.0,0.0,,0.0,,,,,,,592094
SI,Sinker,FB,2,66.67,1,1,0,0.0,0,0.0,1,0,0.0,0.0,1,50.0,50.0,,,,1.0,1.0,1.0,2.0,0.0,592222
CH,Changeup,OS,1,33.33,1,1,0,0.0,0,0.0,1,0,0.0,0.0,0,0.0,0.0,,,,1.0,1.0,1.0,2.0,0.0,592222
SI,Sinker,FB,231,56.34,64,52,12,18.75,11,17.19,103,15,14.56,6.49,49,21.21,27.71,33.88,43.55,22.22,0.269,0.406,0.346,0.752,0.0769999999999999,592229
SL,Slider,BR,127,30.98,31,29,7,22.58,1,3.23,58,12,20.69,9.45,16,12.6,22.05,26.67,42.74,13.21,0.103,0.129,0.103,0.2319999999999999,0.0,592229
ST,Sweeper,BR,25,6.1,3,3,1,33.33,0,0.0,6,1,16.67,4.0,1,4.0,8.0,17.65,8.06,10.0,0.667,0.667,1.667,2.334,1.0,592229
FC,Cutter,FB,19,4.63,4,4,0,0.0,0,0.0,9,2,22.22,10.53,2,10.53,21.05,22.22,3.23,0.0,1.0,1.0,1.0,2.0,0.0,592229
FS,Split-Finger,OS,4,0.98,0,0,0,,0,,2,0,0.0,0.0,0,0.0,0.0,33.33,2.42,0.0,,,,,,592229
,,,4,0.98,1,0,0,0.0,1,100.0,0,0,,0.0,0,0.0,0.0,,0.0,,,1.0,,,,592229
FF,4-Seam Fastball,FB,88,53.66,25,23,6,24.0,1,4.0,47,9,19.15,10.23,18,20.45,30.68,39.47,54.55,20.0,0.174,0.24,0.174,0.414,0.0,592254
ST,Sweeper,BR,36,21.95,8,8,3,37.5,0,0.0,15,5,33.33,13.89,9,25.0,38.89,30.0,25.45,21.43,0.25,0.25,0.25,0.5,0.0,592254
CH,Changeup,OS,25,15.24,4,4,1,25.0,0,0.0,10,3,30.0,12.0,5,20.0,32.0,37.5,16.36,11.11,0.25,0.25,0.25,0.5,0.0,592254
FC,Cutter,FB,15,9.15,5,4,0,0.0,1,20.0,6,1,16.67,6.67,3,20.0,26.67,33.33,3.64,0.0,0.5,0.6,0.5,1.1,0.0,592254
FF,4-Seam Fastball,FB,783,48.88,238,218,55,23.11,17,7.14,414,72,17.39,9.2,184,23.5,32.69,30.58,41.39,26.32,0.248,0.302,0.385,0.687,0.137,592332
FS,Split-Finger,OS,583,36.39,144,129,79,54.86,9,6.25,305,137,44.92,23.5,29,4.97,28.47,40.83,57.03,27.43,0.124,0.199,0.202,0.401,0.078,592332
SL,Slider,BR,233,14.54,34,33,0,0.0,1,2.94,92,33,35.87,14.16,39,16.74,30.9,14.29,1.58,0.0,0.394,0.412,0.606,1.018,0.2119999999999999,592332
SI,Sinker,FB,1,0.06,0,0,0,,0,,0,0,,0.0,1,100.0,100.0,,0.0,,,,,,,592332
ST,Sweeper,BR,1,0.06,0,0,0,,0,,0,0,,0.0,0,0.0,0.0,0.0,0.0,,,,,,,592332
,,,1,0.06,0,0,0,,0,,0,0,,0.0,0,0.0,0.0,,0.0,,,,,,,592332
FF,4-Seam Fastball,FB,12,30.77,5,5,2,40.0,0,0.0,7,3,42.86,25.0,2,16.67,41.67,20.0,53.85,28.57,0.2,0.2,0.8,1.0,0.6000000000000001,592346
SL,Slider,BR,12,30.77,3,2,0,0.0,1,33.33,3,0,0.0,0.0,1,8.33,8.33,0.0,30.77,0.0,1.0,1.0,1.5,2.5,0.5,592346
SI,Sinker,FB,10,25.64,3,3,0,0.0,0,0.0,6,0,0.0,0.0,3,30.0,30.0,66.67,0.0,,0.333,0.333,0.667,1.0,0.334,592346
CU,Curveball,BR,4,10.26,0,0,0,,0,,1,0,0.0,0.0,2,50.0,50.0,50.0,7.69,0.0,,,,,,592346
CH,Changeup,OS,1,2.56,0,0,0,,0,,0,0,,0.0,0,0.0,0.0,0.0,7.69,0.0,,,,,,592346
SL,Slider,BR,484,43.18,144,136,45,31.25,2,1.39,280,113,40.36,23.35,66,13.64,36.98,45.6,42.32,33.33,0.221,0.234,0.279,0.513,0.058,592351
FF,4-Seam Fastball,FB,446,39.79,132,109,24,18.18,14,10.61,232,39,16.81,8.74,82,18.39,27.13,24.86,41.38,18.18,0.367,0.457,0.569,1.026,0.2019999999999999,592351
ST,Sweeper,BR,112,9.99,29,28,3,10.34,1,3.45,58,21,36.21,18.75,16,14.29,33.04,41.54,11.29,8.33,0.107,0.138,0.25,0.388,0.143,592351
CH,Changeup,OS,53,4.73,16,14,0,0.0,2,12.5,32,3,9.38,5.66,5,9.43,15.09,30.43,3.45,0.0,0.143,0.25,0.143,0.393,0.0,592351
CU,Curveball,BR,21,1.87,2,2,1,50.0,0,0.0,5,4,80.0,19.05,5,23.81,42.86,18.75,1.25,25.0,0.0,0.0,0.0,0.0,0.0,592351
,,,3,0.27,0,0,0,,0,,0,0,,0.0,0,0.0,0.0,,0.0,,,,,,,592351
SI,Sinker,FB,2,0.18,1,1,0,0.0,0,0.0,2,0,0.0,0.0,0,0.0,0.0,100.0,0.31,0.0,1.0,1.0,1.0,2.0,0.0,592351
SL,Slider,BR,13,72.22,4,3,2,50.0,1,25.0,6,4,66.67,30.77,3,23.08,53.85,37.5,63.64,28.57,0.0,0.25,0.0,0.25,0.0,592390
FF,4-Seam Fastball,FB,5,27.78,0,0,0,,0,,3,0,0.0,0.0,0,0.0,0.0,50.0,36.36,0.0,,,,,,592390
SL,Slider,BR,271,72.07,72,67,21,29.17,4,5.56,140,34,24.29,12.55,34,12.55,25.09,33.33,76.42,22.34,0.194,0.25,0.299,0.5489999999999999,0.1049999999999999,592426
FF,4-Seam Fastball,FB,100,26.6,24,20,10,41.67,4,16.67,42,18,42.86,18.0,18,18.0,36.0,19.61,22.76,35.71,0.15,0.292,0.35,0.6419999999999999,0.1999999999999999,592426
,,,3,0.8,1,0,0,0.0,1,100.0,0,0,,0.0,0,0.0,0.0,,0.81,0.0,,1.0,,,,592426
CU,Curveball,BR,2,0.53,1,1,0,0.0,0,0.0,1,0,0.0,0.0,0,0.0,0.0,0.0,0.0,,0.0,0.0,0.0,0.0,0.0,592426
CH,Changeup,OS,243,74.31,62,54,19,30.65,6,9.68,131,55,41.98,22.63,37,15.23,37.86,31.71,79.0,24.05,0.204,0.295,0.296,0.591,0.092,592454
FF,4-Seam Fastball,FB,52,15.9,12,8,5,41.67,4,33.33,16,7,43.75,13.46,10,19.23,32.69,18.75,14.0,35.71,0.25,0.5,0.375,0.875,0.125,592454
SI,Sinker,FB,17,5.2,4,4,0,0.0,0,0.0,8,1,12.5,5.88,3,17.65,23.53,44.44,2.0,0.0,0.0,0.0,0.0,0.0,0.0,592454
SL,Slider,BR,14,4.28,1,1,1,100.0,0,0.0,1,1,100.0,7.14,1,7.14,14.29,0.0,4.0,25.0,0.0,0.0,0.0,0.0,0.0,592454
,,,1,0.31,1,1,1,100.0,0,0.0,0,0,,0.0,0,0.0,0.0,,1.0,100.0,0.0,0.0,0.0,0.0,0.0,592454
FF,4-Seam Fastball,FB,19,67.86,4,3,1,25.0,0,0.0,8,2,25.0,10.53,5,26.32,36.84,9.09,54.55,16.67,0.0,0.25,0.0,0.25,0.0,592473
SL,Slider,BR,7,25.0,2,1,1,50.0,1,50.0,1,1,100.0,14.29,1,14.29,28.57,16.67,45.45,20.0,0.0,0.5,0.0,0.5,0.0,592473
SI,Sinker,FB,2,7.14,1,1,0,0.0,0,0.0,1,0,0.0,0.0,0,0.0,0.0,50.0,0.0,,1.0,1.0,1.0,2.0,0.0,592473
SL,Slider,BR,7,38.89,3,3,2,66.67,0,0.0,3,2,66.67,28.57,2,28.57,57.14,33.33,100.0,66.67,0.0,0.0,0.0,0.0,0.0,592527
SI,Sinker,FB,7,38.89,1,1,0,0.0,0,0.0,1,0,0.0,0.0,2,28.57,28.57,0.0,0.0,,1.0,1.0,1.0,2.0,0.0,592527
FF,4-Seam Fastball,FB,3,16.67,2,2,0,0.0,0,0.0,2,0,0.0,0.0,0,0.0,0.0,0.0,0.0,,0.0,0.0,0.0,0.0,0.0,592527
CH,Changeup,OS,1,5.56,0,0,0,,0,,1,0,0.0,0.0,0,0.0,0.0,100.0,0.0,,,,,,,592527
FF,4-Seam Fastball,FB,35,64.81,6,2,0,0.0,4,66.67,15,4,26.67,11.43,2,5.71,17.14,27.27,53.85,0.0,0.5,0.833,0.5,1.333,0.0,592662
SL,Slider,BR,19,35.19,6,6,0,0.0,0,0.0,10,2,20.0,10.53,0,0.0,10.53,38.46,46.15,0.0,0.167,0.167,0.167,0.334,0.0,592662
FS,Split-Finger,OS,222,46.74,53,49,6,11.32,3,5.66,119,28,23.53,12.61,17,7.66,20.27,45.03,58.09,7.59,0.245,0.283,0.327,0.61,0.082,592741
FF,4-Seam Fastball,FB,192,40.42,49,38,10,20.41,8,16.33,70,16,22.86,8.33,44,22.92,31.25,16.5,33.09,22.22,0.316,0.408,0.632,1.04,0.316,592741
ST,Sweeper,BR,44,9.26,10,10,0,0.0,0,0.0,19,2,10.53,4.55,14,31.82,36.36,12.5,4.41,0.0,0.1,0.1,0.1,0.2,0.0,592741
SL,Slider,BR,8,1.68,1,1,1,100.0,0,0.0,4,3,75.0,37.5,1,12.5,50.0,40.0,2.94,25.0,0.0,0.0,0.0,0.0,0.0,592741
,,,8,1.68,2,2,0,0.0,0,0.0,4,2,50.0,25.0,0,0.0,25.0,,0.74,0.0,1.0,1.0,2.0,3.0,1.0,592741
SI,Sinker,FB,1,0.21,1,1,1,100.0,0,0.0,1,1,100.0,100.0,0,0.0,100.0,100.0,0.74,100.0,0.0,0.0,0.0,0.0,0.0,592741
KC,Knuckle Curve,BR,873,47.84,246,226,76,30.89,16,6.5,407,154,37.84,17.64,150,17.18,34.82,37.11,60.11,23.68,0.199,0.248,0.367,0.615,0.1679999999999999,592767
SI,Sinker,FB,740,40.55,185,159,24,12.97,22,11.89,354,61,17.23,8.24,117,15.81,24.05,26.2,35.39,12.7,0.302,0.391,0.579,0.97,0.2769999999999999,592767
FC,Cutter,FB,206,11.29,33,28,3,9.09,3,9.09,90,23,25.56,11.17,23,11.17,22.33,29.69,3.93,14.29,0.25,0.364,0.357,0.721,0.1069999999999999,592767
FF,4-Seam Fastball,FB,3,0.16,0,0,0,,0,,0,0,,0.0,0,0.0,0.0,0.0,0.0,,,,,,,592767
,,,3,0.16,2,2,2,100.0,0,0.0,0,0,,0.0,0,0.0,0.0,,0.56,66.67,0.0,0.0,0.0,0.0,0.0,592767
FF,4-Seam Fastball,FB,282,60.26,81,73,20,24.69,7,8.64,172,48,27.91,17.02,30,10.64,27.66,30.0,51.7,21.98,0.205,0.284,0.397,0.681,0.192,592773
SL,Slider,BR,138,29.49,24,22,6,25.0,2,8.33,54,22,40.74,15.94,21,15.22,31.16,27.06,30.11,11.32,0.318,0.375,0.545,0.92,0.227,592773
FS,Split-Finger,OS,47,10.04,10,9,5,50.0,1,10.0,20,7,35.0,14.89,3,6.38,21.28,23.33,18.18,15.62,0.222,0.3,0.556,0.8560000000000001,0.3340000000000001,592773
,,,1,0.21,1,0,0,0.0,1,100.0,0,0,,0.0,0,0.0,0.0,,0.0,,,1.0,,,,592773
FF,4-Seam Fastball,FB,81,29.45,15,14,7,46.67,1,6.67,43,22,51.16,27.16,18,22.22,49.38,27.59,32.5,26.92,0.357,0.4,0.571,0.971,0.2139999999999999,592779
ST,Sweeper,BR,71,25.82,24,24,11,45.83,0,0.0,42,15,35.71,21.13,3,4.23,25.35,31.58,52.5,26.19,0.208,0.208,0.25,0.4579999999999999,0.042,592779
FC,Cutter,FB,58,21.09,10,8,2,20.0,2,20.0,21,7,33.33,12.07,10,17.24,29.31,10.34,5.0,50.0,0.0,0.2,0.0,0.2,0.0,592779
SI,Sinker,FB,47,17.09,13,12,2,15.38,0,0.0,30,11,36.67,23.4,7,14.89,38.3,58.33,7.5,33.33,0.167,0.231,0.167,0.398,0.0,592779
,,,13,4.73,3,0,0,0.0,3,100.0,0,0,,0.0,0,0.0,0.0,,0.0,,,1.0,,,,592779
CH,Changeup,OS,5,1.82,2,1,0,0.0,1,50.0,3,2,66.67,40.0,0,0.0,40.0,50.0,2.5,0.0,0.0,0.5,0.0,0.5,0.0,592779
SI,Sinker,FB,201,28.8,62,52,4,6.45,3,4.84,98,9,9.18,4.48,50,24.88,29.35,21.31,17.71,11.76,0.538,0.597,0.865,1.462,0.3269999999999999,592789
CH,Changeup,OS,121,17.34,45,42,11,24.44,2,4.44,77,25,32.47,20.66,4,3.31,23.97,45.21,31.77,18.03,0.238,0.289,0.5,0.7889999999999999,0.262,592789
FF,4-Seam Fastball,FB,110,15.76,24,20,3,12.5,2,8.33,59,9,15.25,8.18,16,14.55,22.73,25.0,20.83,7.5,0.15,0.292,0.2,0.492,0.05,592789
CU,Curveball,BR,98,14.04,29,28,6,20.69,1,3.45,41,11,26.83,11.22,18,18.37,29.59,22.0,16.15,19.35,0.214,0.241,0.571,0.8119999999999999,0.357,592789
SL,Slider,BR,91,13.04,24,23,1,4.17,1,4.17,34,3,8.82,3.3,23,25.27,28.57,15.22,8.33,6.25,0.261,0.292,0.783,1.075,0.522,592789
FC,Cutter,FB,75,10.74,14,14,1,7.14,0,0.0,34,5,14.71,6.67,11,14.67,21.33,27.27,5.21,10.0,0.214,0.214,0.214,0.428,0.0,592789
PO,Pitch Out,,2,0.29,0,0,0,,0,,0,0,,0.0,0,0.0,0.0,0.0,0.0,,,,,,,592789
ST,Sweeper,BR,378,31.34,121,119,34,28.1,1,0.83,221,61,27.6,16.14,46,12.17,28.31,38.83,43.63,21.12,0.235,0.24,0.336,0.5760000000000001,0.101,592791
FF,4-Seam Fastball,FB,290,24.05,59,55,19,32.2,4,6.78,138,32,23.19,11.03,63,21.72,32.76,29.71,29.54,17.43,0.236,0.288,0.491,0.7789999999999999,0.255,592791
FC,Cutter,FB,269,22.31,66,62,10,15.15,2,3.03,136,45,33.09,16.73,58,21.56,38.29,30.7,11.92,22.73,0.29,0.308,0.435,0.743,0.145,592791
SI,Sinker,FB,220,18.24,69,65,10,14.49,1,1.45,114,15,13.16,6.82,40,18.18,25.0,38.83,8.67,31.25,0.292,0.319,0.354,0.673,0.062,592791
CU,Curveball,BR,38,3.15,13,11,3,23.08,1,7.69,14,1,7.14,2.63,7,18.42,21.05,10.53,5.69,14.29,0.091,0.231,0.091,0.322,0.0,592791
SL,Slider,BR,10,0.83,2,2,1,50.0,0,0.0,5,1,20.0,10.0,2,20.0,30.0,40.0,0.54,50.0,0.0,0.0,0.0,0.0,0.0,592791
,,,1,0.08,0,0,0,,0,,0,0,,0.0,0,0.0,0.0,,0.0,,,,,,,592791
SL,Slider,BR,178,52.35,51,48,14,27.45,2,3.92,87,27,31.03,15.17,31,17.42,32.58,27.06,52.48,26.42,0.229,0.26,0.292,0.552,0.0629999999999999,592826
FF,4-Seam Fastball,FB,130,38.24,32,28,5,15.62,4,12.5,66,16,24.24,12.31,23,17.69,30.0,26.79,39.6,12.5,0.321,0.406,0.536,0.942,0.215,592826
CH,Changeup,OS,28,8.24,6,6,2,33.33,0,0.0,14,5,35.71,17.86,2,7.14,25.0,43.48,6.93,28.57,0.0,0.0,0.0,0.0,0.0,592826
SI,Sinker,FB,3,0.88,0,0,0,,0,,0,0,,0.0,2,66.67,66.67,0.0,0.0,,,,,,,592826
KC,Knuckle Curve,BR,1,0.29,0,0,0,,0,,1,0,0.0,0.0,0,0.0,0.0,100.0,0.99,0.0,,,,,,592826
SI,Sinker,FB,491,36.02,131,121,11,8.4,7,5.34,226,16,7.08,3.26,116,23.63,26.88,33.63,19.64,14.29,0.298,0.338,0.438,0.776,0.14,592836
FS,Split-Finger,OS,389,28.54,111,99,27,24.32,9,8.11,190,46,24.21,11.83,16,4.11,15.94,33.08,41.33,16.05,0.192,0.273,0.232,0.505,0.04,592836
FC,Cutter,FB,202,14.82,46,43,9,19.57,2,4.35,75,14,18.67,6.93,43,21.29,28.22,18.87,13.01,17.65,0.279,0.326,0.326,0.652,0.0469999999999999,592836
FF,4-Seam Fastball,FB,183,13.43,47,35,11,23.4,11,23.4,74,19,25.68,10.38,47,25.68,36.07,30.59,17.09,16.42,0.229,0.426,0.514,0.94,0.285,592836
ST,Sweeper,BR,79,5.8,22,21,5,22.73,1,4.55,42,12,28.57,15.19,7,8.86,24.05,28.95,7.91,16.13,0.238,0.273,0.762,1.035,0.524,592836
CU,Curveball,BR,18,1.32,4,3,0,0.0,1,25.0,4,0,0.0,0.0,2,11.11,11.11,8.33,1.02,0.0,0.333,0.5,0.667,1.167,0.334,592836
,,,1,0.07,0,0,0,,0,,0,0,,0.0,0,0.0,0.0,,0.0,,,,,,,592836
ST,Sweeper,BR,105,67.74,26,22,10,38.46,2,7.69,52,21,40.38,20.0,18,17.14,37.14,39.68,74.47,28.57,0.136,0.231,0.318,0.549,0.182,592848
FF,4-Seam Fastball,FB,45,29.03,11,10,2,18.18,1,9.09,18,2,11.11,4.44,14,31.11,35.56,13.33,23.4,18.18,0.3,0.364,0.6,0.964,0.3,592848
SL,Slider,BR,3,1.94,3,3,1,33.33,0,0.0,3,1,33.33,33.33,0,0.0,33.33,100.0,2.13,100.0,0.0,0.0,0.0,0.0,0.0,592848
,,,2,1.29,0,0,0,,0,,0,0,,0.0,0,0.0,0.0,,0.0,,,,,,,592848
FF,4-Seam Fastball,FB,444,36.39,129,117,31,24.03,9,6.98,242,48,19.83,10.81,82,18.47,29.28,25.95,40.97,21.68,0.291,0.349,0.658,1.007,0.367,592866
SL,Slider,BR,332,27.21,69,61,9,13.04,7,10.14,112,31,27.68,9.34,57,17.17,26.51,23.58,19.77,13.04,0.328,0.397,0.525,0.922,0.197,592866
SI,Sinker,FB,272,22.3,72,65,11,15.28,6,8.33,138,26,18.84,9.56,31,11.4,20.96,35.19,15.76,20.0,0.323,0.375,0.477,0.852,0.1539999999999999,592866
ST,Sweeper,BR,71,5.82,17,16,7,41.18,0,0.0,31,9,29.03,12.68,3,4.23,16.9,34.55,14.9,13.46,0.312,0.294,0.5,0.794,0.188,592866
CH,Changeup,OS,63,5.16,11,11,4,36.36,0,0.0,27,7,25.93,11.11,4,6.35,17.46,39.22,7.45,15.38,0.182,0.182,0.273,0.455,0.091,592866
CU,Curveball,BR,36,2.95,7,7,3,42.86,0,0.0,16,6,37.5,16.67,6,16.67,33.33,42.31,1.15,75.0,0.143,0.143,0.571,0.714,0.4279999999999999,592866
,,,2,0.16,0,0,0,,0,,0,0,,0.0,0,0.0,0.0,,0.0,,,,,,,592866
CU,Curveball,BR,335,43.51,112,101,43,38.39,7,6.25,179,75,41.9,22.39,58,17.31,39.7,45.86,63.21,32.09,0.238,0.306,0.446,0.752,0.208,593334
FF,4-Seam Fastball,FB,163,21.17,29,27,5,17.24,2,6.9,77,18,23.38,11.04,33,20.25,31.29,18.75,16.04,14.71,0.222,0.276,0.593,0.869,0.371,593334
SI,Sinker,FB,150,19.48,43,37,5,11.63,3,6.98,70,10,14.29,6.67,17,11.33,18.0,31.91,11.79,20.0,0.135,0.256,0.324,0.5800000000000001,0.189,593334
CH,Changeup,OS,120,15.58,23,21,3,13.04,1,4.35,57,16,28.07,13.33,23,19.17,32.5,20.0,8.49,16.67,0.286,0.304,0.476,0.78,0.19,593334
,,,2,0.26,0,0,0,,0,,0,0,,0.0,0,0.0,0.0,,0.47,0.0,,,,,,593334
FS,Split-Finger,OS,7,36.84,2,2,1,50.0,0,0.0,3,1,33.33,14.29,0,0.0,14.29,33.33,66.67,16.67,0.0,0.0,0.0,0.0,0.0,593423
SI,Sinker,FB,6,31.58,2,2,0,0.0,0,0.0,3,1,33.33,16.67,2,33.33,50.0,66.67,11.11,0.0,0.5,0.5,1.0,1.5,0.5,593423
FC,Cutter,FB,5,26.32,1,1,0,0.0,0,0.0,4,2,50.0,40.0,0,0.0,40.0,0.0,11.11,0.0,0.0,0.0,0.0,0.0,0.0,593423
FF,4-Seam Fastball,FB,1,5.26,0,0,0,,0,,1,0,0.0,0.0,0,0.0,0.0,100.0,11.11,0.0,,,,,,593423
FF,4-Seam Fastball,FB,279,44.93,68,58,23,33.82,8,11.76,150,40,26.67,14.34,49,17.56,31.9,27.93,47.26,24.21,0.103,0.224,0.259,0.483,0.156,593576
SI,Sinker,FB,168,27.05,46,42,8,17.39,2,4.35,95,15,15.79,8.93,24,14.29,23.21,41.57,15.42,25.81,0.262,0.326,0.405,0.7310000000000001,0.143,593576
FS,Split-Finger,OS,134,21.58,37,32,13,35.14,5,13.51,65,31,47.69,23.13,11,8.21,31.34,32.56,34.33,18.84,0.25,0.351,0.406,0.757,0.156,593576
SL,Slider,BR,39,6.28,7,6,1,14.29,1,14.29,9,3,33.33,7.69,10,25.64,33.33,9.09,2.99,16.67,0.0,0.143,0.0,0.143,0.0,593576
,,,1,0.16,0,0,0,,0,,0,0,,0.0,0,0.0,0.0,,0.0,,,,,,,593576
FF,4-Seam Fastball,FB,94,41.41,22,16,6,27.27,6,27.27,37,9,24.32,9.57,18,19.15,28.72,16.67,44.26,22.22,0.062,0.318,0.25,0.5680000000000001,0.188,593619
SI,Sinker,FB,88,38.77,16,14,1,6.25,1,6.25,36,6,16.67,6.82,17,19.32,26.14,31.91,19.67,8.33,0.214,0.312,0.214,0.526,0.0,593619
SL,Slider,BR,34,14.98,10,9,1,10.0,1,10.0,17,5,29.41,14.71,1,2.94,17.65,33.33,26.23,6.25,0.222,0.3,0.667,0.967,0.445,593619
CH,Changeup,OS,6,2.64,3,3,0,0.0,0,0.0,5,0,0.0,0.0,0,0.0,0.0,50.0,8.2,0.0,0.333,0.333,0.667,1.0,0.334,593619
,,,5,2.2,2,0,0,0.0,2,100.0,0,0,,0.0,0,0.0,0.0,,1.64,0.0,,1.0,,,,593619
FA,Other,,16,100.0,6,6,1,16.67,0,0.0,9,0,0.0,0.0,2,12.5,12.5,28.57,100.0,33.33,0.5,0.5,1.0,1.5,0.5,593643
FC,Cutter,FB,52,64.2,10,9,1,10.0,1,10.0,23,3,13.04,5.77,9,17.31,23.08,5.26,60.0,8.33,0.222,0.3,0.556,0.8560000000000001,0.3340000000000001,593833
CH,Changeup,OS,24,29.63,7,7,3,42.86,0,0.0,10,3,30.0,12.5,4,16.67,29.17,33.33,30.0,50.0,0.143,0.143,0.143,0.286,0.0,593833
SI,Sinker,FB,3,3.7,1,1,0,0.0,0,0.0,2,0,0.0,0.0,0,0.0,0.0,0.0,5.0,0.0,1.0,1.0,4.0,5.0,3.0,593833
CU,Curveball,BR,2,2.47,1,1,0,0.0,0,0.0,1,0,0.0,0.0,0,0.0,0.0,0.0,5.0,0.0,0.0,0.0,0.0,0.0,0.0,593833
FF,4-Seam Fastball,FB,828,44.21,202,184,44,21.78,15,7.43,391,84,21.48,10.14,194,23.43,33.57,25.07,38.77,19.91,0.266,0.318,0.402,0.72,0.136,593958
CH,Changeup,OS,436,23.28,129,120,22,17.05,9,6.98,237,76,32.07,17.43,30,6.88,24.31,40.48,24.21,15.22,0.233,0.287,0.292,0.579,0.0589999999999999,593958
FC,Cutter,FB,426,22.74,90,80,17,18.89,7,7.78,189,36,19.05,8.45,83,19.48,27.93,24.77,14.74,20.24,0.212,0.278,0.5,0.778,0.288,593958
SI,Sinker,FB,103,5.5,40,36,19,47.5,3,7.5,48,4,8.33,3.88,18,17.48,21.36,9.09,17.02,19.59,0.222,0.3,0.333,0.633,0.111,593958
,,,47,2.51,14,11,2,14.29,2,14.29,18,3,16.67,6.38,8,17.02,23.4,,1.58,22.22,0.273,0.357,0.364,0.721,0.0909999999999999,593958
SL,Slider,BR,33,1.76,8,6,3,37.5,0,0.0,13,4,30.77,12.12,4,12.12,24.24,30.43,3.68,14.29,0.0,0.125,0.0,0.125,0.0,593958
CH,Changeup,OS,291,57.17,81,67,15,18.52,14,17.28,139,50,35.97,17.18,31,10.65,27.84,34.38,62.41,18.07,0.224,0.358,0.388,0.746,0.164,593974
SI,Sinker,FB,132,25.93,27,25,2,7.41,2,7.41,49,6,12.24,4.55,32,24.24,28.79,10.34,9.77,15.38,0.28,0.333,0.36,0.6930000000000001,0.0799999999999999,593974
SL,Slider,BR,47,9.23,12,9,4,33.33,2,16.67,19,6,31.58,12.77,3,6.38,19.15,24.24,14.29,21.05,0.333,0.5,1.0,1.5,0.667,593974
FF,4-Seam Fastball,FB,36,7.07,10,8,6,60.0,2,20.0,18,10,55.56,27.78,4,11.11,38.89,39.13,13.53,33.33,0.0,0.2,0.0,0.2,0.0,593974
,,,3,0.59,0,0,0,,0,,0,0,,0.0,0,0.0,0.0,,0.0,,,,,,,593974
SL,Slider,BR,89,41.01,26,24,6,23.08,2,7.69,42,13,30.95,14.61,12,13.48,28.09,26.53,53.45,19.35,0.333,0.385,0.458,0.843,0.125,594577
FF,4-Seam Fastball,FB,70,32.26,16,12,2,12.5,2,12.5,33,8,24.24,11.43,11,15.71,27.14,18.52,39.66,8.7,0.167,0.267,0.417,0.6839999999999999,0.2499999999999999,594577
SI,Sinker,FB,45,20.74,14,14,0,0.0,0,0.0,20,0,0.0,0.0,11,24.44,24.44,11.76,5.17,0.0,0.143,0.143,0.429,0.572,0.286,594577
CU,Curveball,BR,6,2.76,2,2,0,0.0,0,0.0,2,0,0.0,0.0,2,33.33,33.33,33.33,0.0,,1.0,1.0,2.5,3.5,1.5,594577
FC,Cutter,FB,6,2.76,1,1,0,0.0,0,0.0,3,1,33.33,16.67,0,0.0,16.67,0.0,0.0,,1.0,1.0,1.0,2.0,0.0,594577
CH,Changeup,OS,1,0.46,1,1,1,100.0,0,0.0,1,1,100.0,100.0,0,0.0,100.0,,1.72,100.0,0.0,0.0,0.0,0.0,0.0,594577
ST,Sweeper,BR,177,31.0,46,36,12,26.09,5,10.87,71,18,25.35,10.17,39,22.03,32.2,30.93,38.12,19.67,0.222,0.37,0.306,0.6759999999999999,0.0839999999999999,594580
FF,4-Seam Fastball,FB,175,30.65,44,37,9,20.45,6,13.64,94,16,17.02,9.14,30,17.14,26.29,32.39,43.12,13.04,0.243,0.364,0.297,0.661,0.0539999999999999,594580
SI,Sinker,FB,173,30.3,45,40,5,11.11,3,6.67,67,6,8.96,3.47,32,18.5,21.97,14.89,15.0,20.83,0.275,0.333,0.4,0.7330000000000001,0.125,594580
,,,33,5.78,8,0,0,0.0,8,100.0,0,0,,0.0,0,0.0,0.0,,0.0,,,1.0,,,,594580
CH,Changeup,OS,13,2.28,4,3,0,0.0,1,25.0,7,2,28.57,15.38,0,0.0,15.38,40.0,3.75,0.0,0.333,0.5,0.333,0.833,0.0,594580
SL,Slider,BR,105,53.85,25,25,11,44.0,0,0.0,62,35,56.45,33.33,11,10.48,43.81,51.52,48.21,40.74,0.24,0.24,0.52,0.76,0.28,594798
FF,4-Seam Fastball,FB,87,44.62,25,25,9,36.0,0,0.0,44,14,31.82,16.09,17,19.54,35.63,26.67,46.43,34.62,0.16,0.16,0.36,0.52,0.1999999999999999,594798
CH,Changeup,OS,2,1.03,2,2,1,50.0,0,0.0,2,1,50.0,50.0,0,0.0,50.0,,3.57,50.0,0.0,0.0,0.0,0.0,0.0,594798
CU,Curveball,BR,1,0.51,1,1,0,0.0,0,0.0,1,0,0.0,0.0,0,0.0,0.0,100.0,1.79,0.0,0.0,0.0,0.0,0.0,0.0,594798
CH,Changeup,OS,236,37.28,80,76,15,18.75,3,3.75,142,40,28.17,16.95,23,9.75,26.69,48.23,46.74,17.44,0.211,0.238,0.355,0.593,0.144,594835
FF,4-Seam Fastball,FB,170,26.86,34,27,7,20.59,7,20.59,63,8,12.7,4.71,30,17.65,22.35,13.41,33.7,11.29,0.333,0.471,0.593,1.064,0.2599999999999999,594835
CU,Curveball,BR,138,21.8,42,39,3,7.14,2,4.76,72,11,15.28,7.97,30,21.74,29.71,40.35,15.76,10.34,0.359,0.39,0.436,0.8260000000000001,0.077,594835
SI,Sinker,FB,50,7.9,3,2,0,0.0,1,33.33,13,5,38.46,10.0,18,36.0,46.0,4.17,0.54,0.0,0.5,0.667,0.5,1.167,0.0,594835
FC,Cutter,FB,39,6.16,9,9,1,11.11,0,0.0,18,3,16.67,7.69,6,15.38,23.08,15.0,3.26,16.67,0.444,0.444,0.778,1.222,0.334,594835
ST,Sweeper,BR,227,33.98,53,51,16,30.19,2,3.77,99,36,36.36,15.86,42,18.5,34.36,28.0,31.15,28.07,0.137,0.17,0.275,0.445,0.138,594902
SI,Sinker,FB,223,33.38,82,77,20,24.39,3,3.66,114,17,14.91,7.62,47,21.08,28.7,23.53,41.53,26.32,0.247,0.293,0.351,0.6439999999999999,0.1039999999999999,594902
FF,4-Seam Fastball,FB,163,24.4,33,28,5,15.15,4,12.12,71,19,26.76,11.66,30,18.4,30.06,22.78,20.22,13.51,0.464,0.545,0.857,1.402,0.3929999999999999,594902
CH,Changeup,OS,18,2.69,3,3,1,33.33,0,0.0,7,2,28.57,11.11,2,11.11,22.22,25.0,1.64,33.33,0.0,0.0,0.0,0.0,0.0,594902
CU,Curveball,BR,17,2.54,8,7,1,12.5,1,12.5,9,1,11.11,5.88,4,23.53,29.41,33.33,3.83,14.29,0.143,0.25,0.286,0.536,0.143,594902
SL,Slider,BR,11,1.65,2,2,0,0.0,0,0.0,2,0,0.0,0.0,2,18.18,18.18,12.5,1.09,0.0,0.5,0.5,0.5,1.0,0.0,594902
FC,Cutter,FB,8,1.2,1,1,0,0.0,0,0.0,4,2,50.0,25.0,1,12.5,37.5,40.0,0.55,0.0,0.0,0.0,0.0,0.0,0.0,594902
,,,1,0.15,0,0,0,,0,,0,0,,0.0,0,0.0,0.0,,0.0,,,,,,,594902
SI,Sinker,FB,101,34.83,31,27,4,12.9,4,12.9,56,6,10.71,5.94,16,15.84,21.78,28.95,20.73,23.53,0.333,0.419,0.667,1.086,0.334,594943
FC,Cutter,FB,95,32.76,20,17,1,5.0,2,10.0,41,12,29.27,12.63,16,16.84,29.47,28.57,21.95,5.56,0.294,0.368,0.529,0.897,0.235,594943
FF,4-Seam Fastball,FB,39,13.45,9,6,4,44.44,2,22.22,14,6,42.86,15.38,5,12.82,28.21,31.03,26.83,18.18,0.0,0.333,0.0,0.333,0.0,594943
CU,Curveball,BR,28,9.66,8,7,2,25.0,1,12.5,11,3,27.27,10.71,4,14.29,25.0,23.53,12.2,20.0,0.571,0.625,0.714,1.339,0.143,594943
CH,Changeup,OS,27,9.31,10,9,3,30.0,1,10.0,19,3,15.79,11.11,3,11.11,22.22,58.33,18.29,20.0,0.333,0.4,1.111,1.511,0.778,594943
SL,Slider,BR,357,58.62,89,79,25,28.09,9,10.11,184,53,28.8,14.85,65,18.21,33.05,31.93,57.22,23.36,0.228,0.303,0.443,0.746,0.215,595345
FF,4-Seam Fastball,FB,251,41.22,63,56,15,23.81,5,7.94,110,31,28.18,12.35,37,14.74,27.09,21.05,42.78,18.75,0.214,0.302,0.446,0.748,0.232,595345
SI,Sinker,FB,1,0.16,0,0,0,,0,,1,0,0.0,0.0,0,0.0,0.0,,0.0,,,,,,,595345
SI,Sinker,FB,45,56.25,13,12,1,7.69,1,7.69,21,3,14.29,6.67,9,20.0,26.67,11.11,33.33,16.67,0.333,0.385,0.667,1.052,0.334,595411
SL,Slider,BR,32,40.0,9,7,2,22.22,0,0.0,13,4,30.77,12.5,7,21.88,34.38,27.27,61.11,18.18,0.286,0.333,0.429,0.762,0.143,595411
,,,2,2.5,0,0,0,,0,,0,0,,0.0,0,0.0,0.0,,5.56,0.0,,,,,,595411
CH,Changeup,OS,1,1.25,0,0,0,,0,,0,0,,0.0,0,0.0,0.0,0.0,0.0,,,,,,,595411
FF,4-Seam Fastball,FB,23,71.88,6,2,0,0.0,3,50.0,12,4,33.33,17.39,2,8.7,26.09,25.0,66.67,0.0,0.0,0.5,0.0,0.5,0.0,595897
SL,Slider,BR,9,28.12,3,3,0,0.0,0,0.0,3,0,0.0,0.0,0,0.0,0.0,14.29,33.33,0.0,0.333,0.333,0.667,1.0,0.334,595897
FF,4-Seam Fastball,FB,107,52.71,33,29,5,15.15,4,12.12,48,5,10.42,4.67,22,20.56,25.23,11.36,45.45,25.0,0.276,0.364,0.483,0.847,0.2069999999999999,595928
SL,Slider,BR,92,45.32,21,20,3,14.29,1,4.76,37,12,32.43,13.04,10,10.87,23.91,22.81,50.0,13.64,0.3,0.333,0.4,0.7330000000000001,0.1,595928
CH,Changeup,OS,3,1.48,2,2,2,100.0,0,0.0,3,3,100.0,100.0,0,0.0,100.0,100.0,4.55,100.0,0.0,0.0,0.0,0.0,0.0,595928
,,,1,0.49,0,0,0,,0,,0,0,,0.0,0,0.0,0.0,,0.0,,,,,,,595928
EP,Eephus,,13,54.17,5,5,0,0.0,0,0.0,9,0,0.0,0.0,1,7.69,7.69,50.0,50.0,0.0,0.2,0.2,0.2,0.4,0.0,595978
FA,Other,,11,45.83,4,3,0,0.0,0,0.0,4,0,0.0,0.0,2,18.18,18.18,0.0,50.0,0.0,0.333,0.5,0.333,0.833,0.0,595978
ST,Sweeper,BR,591,63.75,165,157,52,31.52,5,3.03,296,106,35.81,17.94,119,20.14,38.07,39.03,69.35,23.21,0.223,0.248,0.369,0.617,0.146,596001
SI,Sinker,FB,259,27.94,62,52,13,20.97,5,8.06,110,16,14.55,6.18,67,25.87,32.05,25.86,23.53,17.11,0.404,0.467,0.635,1.102,0.2309999999999999,596001
CH,Changeup,OS,51,5.5,8,8,2,25.0,0,0.0,22,8,36.36,15.69,4,7.84,23.53,26.47,4.95,12.5,0.25,0.25,0.25,0.5,0.0,596001
SL,Slider,BR,15,1.62,6,6,1,16.67,0,0.0,8,1,12.5,6.67,3,20.0,26.67,0.0,1.55,20.0,0.5,0.5,0.833,1.333,0.3329999999999999,596001
FF,4-Seam Fastball,FB,7,0.76,0,0,0,,0,,2,0,0.0,0.0,3,42.86,42.86,0.0,0.62,0.0,,,,,,596001
,,,4,0.43,0,0,0,,0,,0,0,,0.0,0,0.0,0.0,,0.0,,,,,,,596001
FF,4-Seam Fastball,FB,81,46.02,26,19,6,23.08,6,23.08,32,6,18.75,7.41,18,22.22,29.63,15.79,46.81,27.27,0.105,0.346,0.263,0.609,0.158,596057
CH,Changeup,OS,77,43.75,10,8,0,0.0,2,20.0,33,7,21.21,9.09,5,6.49,15.58,25.0,40.43,0.0,0.375,0.5,0.5,1.0,0.125,596057
SL,Slider,BR,16,9.09,5,5,1,20.0,0,0.0,8,1,12.5,6.25,0,0.0,6.25,25.0,10.64,20.0,0.2,0.2,0.8,1.0,0.6000000000000001,596057
SI,Sinker,FB,1,0.57,1,1,1,100.0,0,0.0,1,1,100.0,100.0,0,0.0,100.0,100.0,2.13,100.0,0.0,0.0,0.0,0.0,0.0,596057
ST,Sweeper,BR,1,0.57,0,0,0,,0,,0,0,,0.0,0,0.0,0.0,0.0,0.0,,,,,,,596057
SL,Slider,BR,9,56.25,4,4,1,25.0,0,0.0,4,1,25.0,11.11,3,33.33,44.44,25.0,75.0,33.33,0.75,0.75,1.5,2.25,0.75,596082
SI,Sinker,FB,7,43.75,1,1,0,0.0,0,0.0,3,0,0.0,0.0,2,28.57,28.57,33.33,25.0,0.0,1.0,1.0,1.0,2.0,0.0,596082
FC,Cutter,FB,240,50.31,63,63,35,55.56,0,0.0,147,96,65.31,40.0,31,12.92,52.92,54.68,46.81,53.03,0.095,0.095,0.19,0.285,0.095,596112
SL,Slider,BR,128,26.83,37,31,12,32.43,5,13.51,73,32,43.84,25.0,28,21.88,46.88,54.55,28.37,30.0,0.194,0.297,0.419,0.716,0.2249999999999999,596112
FF,4-Seam Fastball,FB,104,21.8,27,24,7,25.93,3,11.11,40,13,32.5,12.5,17,16.35,28.85,20.31,21.99,22.58,0.208,0.296,0.375,0.671,0.167,596112
FS,Split-Finger,OS,3,0.63,1,1,1,100.0,0,0.0,2,1,50.0,33.33,0,0.0,33.33,66.67,2.13,33.33,0.0,0.0,0.0,0.0,0.0,596112
CU,Curveball,BR,2,0.42,0,0,0,,0,,0,0,,0.0,0,0.0,0.0,0.0,0.71,0.0,,,,,,596112
FF,4-Seam Fastball,FB,495,41.74,126,116,25,19.84,7,5.56,265,50,18.87,10.1,75,15.15,25.25,28.05,45.16,14.88,0.328,0.368,0.655,1.023,0.327,596133
SL,Slider,BR,199,16.78,48,45,6,12.5,3,6.25,91,16,17.58,8.04,34,17.09,25.13,25.93,15.05,10.71,0.4,0.438,0.689,1.127,0.2889999999999999,596133
CH,Changeup,OS,185,15.6,46,44,19,41.3,1,2.17,88,31,35.23,16.76,17,9.19,25.95,25.0,20.97,24.36,0.295,0.326,0.568,0.8939999999999999,0.2729999999999999,596133
FC,Cutter,FB,120,10.12,32,29,6,18.75,3,9.38,63,17,26.98,14.17,21,17.5,31.67,27.45,7.53,21.43,0.276,0.344,0.448,0.792,0.172,596133
KC,Knuckle Curve,BR,100,8.43,18,16,2,11.11,1,5.56,39,4,10.26,4.0,23,23.0,27.0,19.05,4.57,11.76,0.125,0.167,0.375,0.542,0.25,596133
ST,Sweeper,BR,53,4.47,13,13,1,7.69,0,0.0,21,6,28.57,11.32,5,9.43,20.75,15.62,4.03,6.67,0.308,0.308,0.385,0.6930000000000001,0.077,596133
SI,Sinker,FB,33,2.78,11,10,1,9.09,0,0.0,18,0,0.0,0.0,6,18.18,18.18,40.0,2.42,11.11,0.4,0.455,0.5,0.955,0.0999999999999999,596133
,,,1,0.08,0,0,0,,0,,0,0,,0.0,0,0.0,0.0,,0.27,0.0,,,,,,596133
SI,Sinker,FB,120,34.88,28,22,3,10.71,2,7.14,56,11,19.64,9.17,20,16.67,25.83,36.67,20.0,15.79,0.364,0.444,0.5,0.944,0.136,596271
SL,Slider,BR,76,22.09,23,20,2,8.7,3,13.04,32,7,21.88,9.21,13,17.11,26.32,23.26,22.11,9.52,0.35,0.435,0.6,1.035,0.25,596271
ST,Sweeper,BR,60,17.44,18,16,5,27.78,2,11.11,30,8,26.67,13.33,3,5.0,18.33,18.18,24.21,21.74,0.188,0.278,0.625,0.903,0.437,596271
FF,4-Seam Fastball,FB,53,15.41,12,12,1,8.33,0,0.0,22,3,13.64,5.66,12,22.64,28.3,14.29,22.11,4.76,0.25,0.25,0.833,1.083,0.583,596271
CH,Changeup,OS,26,7.56,6,6,2,33.33,0,0.0,13,6,46.15,23.08,2,7.69,30.77,38.89,10.53,20.0,0.5,0.5,1.0,1.5,0.5,596271
,,,8,2.33,2,0,0,0.0,2,100.0,0,0,,0.0,0,0.0,0.0,,0.0,,,1.0,,,,596271
CU,Curveball,BR,1,0.29,1,1,1,100.0,0,0.0,1,1,100.0,100.0,0,0.0,100.0,100.0,1.05,100.0,0.0,0.0,0.0,0.0,0.0,596271
FF,4-Seam Fastball,FB,759,43.62,195,174,19,9.74,19,9.74,342,42,12.28,5.53,141,18.58,24.11,18.84,32.6,12.84,0.328,0.4,0.586,0.986,0.2579999999999999,596295
CH,Changeup,OS,384,22.07,113,106,8,7.08,5,4.42,198,39,19.7,10.16,55,14.32,24.48,27.62,16.3,10.81,0.292,0.324,0.509,0.833,0.217,596295
KC,Knuckle Curve,BR,300,17.24,86,82,28,32.56,4,4.65,132,33,25.0,11.0,43,14.33,25.33,27.54,33.48,18.42,0.207,0.244,0.341,0.585,0.134,596295
SL,Slider,BR,286,16.44,80,75,16,20.0,4,5.0,155,42,27.1,14.69,34,11.89,26.57,27.82,16.96,20.78,0.227,0.275,0.333,0.6080000000000001,0.106,596295
,,,6,0.34,2,1,1,50.0,1,50.0,0,0,,0.0,0,0.0,0.0,,0.44,50.0,0.0,0.5,0.0,0.5,0.0,596295
SI,Sinker,FB,5,0.29,1,1,0,0.0,0,0.0,2,0,0.0,0.0,1,20.0,20.0,0.0,0.22,0.0,0.0,0.0,0.0,0.0,0.0,596295
FF,4-Seam Fastball,FB,131,48.52,34,29,5,14.71,5,14.71,45,4,8.89,3.05,27,20.61,23.66,23.38,40.51,15.62,0.414,0.5,0.586,1.086,0.172,598264
KC,Knuckle Curve,BR,129,47.78,30,27,6,20.0,2,6.67,52,14,26.92,10.85,26,20.16,31.01,27.78,53.16,14.29,0.185,0.267,0.296,0.563,0.1109999999999999,598264
FS,Split-Finger,OS,10,3.7,1,1,1,100.0,0,0.0,3,1,33.33,10.0,1,10.0,20.0,22.22,6.33,20.0,0.0,0.0,0.0,0.0,0.0,598264
CH,Changeup,OS,159,46.36,59,57,10,16.95,1,1.69,102,29,28.43,18.24,14,8.81,27.04,49.45,63.27,16.13,0.246,0.254,0.298,0.552,0.0519999999999999,598286
SI,Sinker,FB,116,33.82,33,30,2,6.06,3,9.09,49,3,6.12,2.59,29,25.0,27.59,15.22,23.47,8.7,0.167,0.242,0.233,0.475,0.066,598286
ST,Sweeper,BR,43,12.54,3,3,0,0.0,0,0.0,8,1,12.5,2.33,15,34.88,37.21,4.17,6.12,0.0,0.333,0.333,0.333,0.666,0.0,598286
FF,4-Seam Fastball,FB,15,4.37,3,2,0,0.0,0,0.0,6,1,16.67,6.67,2,13.33,20.0,14.29,7.14,0.0,0.0,0.333,0.0,0.333,0.0,598286
SL,Slider,BR,8,2.33,3,3,0,0.0,0,0.0,4,0,0.0,0.0,2,25.0,25.0,0.0,0.0,,0.333,0.333,0.667,1.0,0.334,598286
KC,Knuckle Curve,BR,1,0.29,0,0,0,,0,,0,0,,0.0,1,100.0,100.0,,0.0,,,,,,,598286
,,,1,0.29,0,0,0,,0,,0,0,,0.0,0,0.0,0.0,,0.0,,,,,,,598286
FF,4-Seam Fastball,FB,246,37.16,56,46,11,19.64,10,17.86,128,38,29.69,15.45,29,11.79,27.24,31.11,34.47,15.49,0.109,0.268,0.261,0.529,0.152,600917
SL,Slider,BR,243,36.71,49,47,26,53.06,2,4.08,113,62,54.87,25.51,19,7.82,33.33,37.29,45.63,27.66,0.128,0.163,0.17,0.333,0.042,600917
FC,Cutter,FB,128,19.34,39,35,13,33.33,4,10.26,58,22,37.93,17.19,25,19.53,36.72,26.56,13.59,46.43,0.171,0.256,0.257,0.513,0.086,600917
SI,Sinker,FB,27,4.08,11,10,0,0.0,0,0.0,17,2,11.76,7.41,4,14.81,22.22,50.0,1.94,0.0,0.3,0.364,0.3,0.6639999999999999,0.0,600917
CH,Changeup,OS,17,2.57,3,3,0,0.0,0,0.0,10,1,10.0,5.88,0,0.0,5.88,46.15,4.37,0.0,0.333,0.333,1.333,1.666,1.0,600917
,,,1,0.15,0,0,0,,0,,0,0,,0.0,0,0.0,0.0,,0.0,,,,,,,600917
SI,Sinker,FB,174,41.83,55,53,8,14.55,0,0.0,102,20,19.61,11.49,32,18.39,29.89,53.75,23.14,28.57,0.302,0.309,0.623,0.932,0.321,600921
SL,Slider,BR,96,23.08,20,19,2,10.0,1,5.0,44,9,20.45,9.38,15,15.62,25.0,19.57,19.83,8.33,0.316,0.35,0.579,0.929,0.2629999999999999,600921
FF,4-Seam Fastball,FB,92,22.12,26,25,10,38.46,1,3.85,44,14,31.82,15.22,11,11.96,27.17,27.08,39.67,20.83,0.24,0.269,0.64,0.909,0.4,600921
CH,Changeup,OS,53,12.74,15,12,6,40.0,1,6.67,36,13,36.11,24.53,2,3.77,28.3,44.44,16.53,30.0,0.25,0.308,0.25,0.558,0.0,600921
,,,1,0.24,1,1,1,100.0,0,0.0,0,0,,0.0,0,0.0,0.0,,0.83,100.0,0.0,0.0,0.0,0.0,0.0,600921
SL,Slider,BR,11,61.11,4,3,1,25.0,0,0.0,6,2,33.33,18.18,1,9.09,27.27,50.0,100.0,50.0,0.0,0.0,0.0,0.0,0.0,600986
SI,Sinker,FB,7,38.89,2,1,0,0.0,1,50.0,2,0,0.0,0.0,2,28.57,28.57,0.0,0.0,,0.0,0.5,0.0,0.5,0.0,600986
FF,4-Seam Fastball,FB,686,49.42,165,138,42,25.45,23,13.94,347,86,24.78,12.54,119,17.35,29.88,33.44,46.71,21.11,0.203,0.333,0.384,0.7170000000000001,0.181,601713
CU,Curveball,BR,257,18.52,57,56,21,36.84,1,1.75,106,36,33.96,14.01,49,19.07,33.07,29.17,17.61,28.0,0.214,0.228,0.25,0.478,0.036,601713
SL,Slider,BR,192,13.83,43,39,12,27.91,4,9.3,84,29,34.52,15.1,18,9.38,24.48,22.12,14.55,19.35,0.179,0.256,0.308,0.5640000000000001,0.129,601713
FC,Cutter,FB,126,9.08,34,32,6,17.65,2,5.88,67,27,40.3,21.43,18,14.29,35.71,37.31,5.16,27.27,0.25,0.294,0.312,0.606,0.062,601713
ST,Sweeper,BR,125,9.01,45,43,25,55.56,2,4.44,70,31,44.29,24.8,10,8.0,32.8,43.75,15.73,37.31,0.116,0.156,0.186,0.3419999999999999,0.0699999999999999,601713
FS,Split-Finger,OS,2,0.14,2,2,0,0.0,0,0.0,2,0,0.0,0.0,0,0.0,0.0,100.0,0.23,0.0,0.5,0.5,2.0,2.5,1.5,601713
SL,Slider,BR,182,30.03,41,35,12,29.27,4,9.76,82,31,37.8,17.03,30,16.48,33.52,33.94,26.88,24.0,0.143,0.225,0.143,0.368,0.0,605130
CU,Curveball,BR,173,28.55,45,38,18,40.0,4,8.89,77,34,44.16,19.65,34,19.65,39.31,34.02,38.71,25.0,0.211,0.289,0.263,0.552,0.052,605130
FF,4-Seam Fastball,FB,104,17.16,33,25,7,21.21,7,21.21,41,11,26.83,10.58,29,27.88,38.46,19.57,16.13,23.33,0.28,0.438,0.32,0.758,0.0399999999999999,605130
ST,Sweeper,BR,85,14.03,13,13,5,38.46,0,0.0,35,17,48.57,20.0,14,16.47,36.47,20.45,9.68,27.78,0.154,0.154,0.385,0.539,0.231,605130
SI,Sinker,FB,60,9.9,21,19,3,14.29,2,9.52,30,2,6.67,3.33,14,23.33,26.67,32.0,8.06,20.0,0.263,0.333,0.263,0.5960000000000001,0.0,605130
,,,2,0.33,1,0,0,0.0,1,100.0,0,0,,0.0,0,0.0,0.0,,0.54,0.0,,1.0,,,,605130
SI,Sinker,FB,764,48.69,227,209,27,11.89,13,5.73,358,42,11.73,5.5,210,27.49,32.98,28.36,34.73,16.27,0.211,0.265,0.254,0.519,0.043,605135
ST,Sweeper,BR,191,12.17,55,52,27,49.09,2,3.64,98,46,46.94,24.08,18,9.42,33.51,34.48,19.87,28.42,0.231,0.259,0.423,0.6819999999999999,0.1919999999999999,605135
CU,Curveball,BR,164,10.45,38,30,11,28.95,3,7.89,70,28,40.0,17.07,17,10.37,27.44,25.47,11.3,20.37,0.1,0.243,0.167,0.41,0.067,605135
FC,Cutter,FB,137,8.73,44,40,15,34.09,3,6.82,74,17,22.97,12.41,20,14.6,27.01,34.33,14.85,21.13,0.225,0.295,0.35,0.645,0.1249999999999999,605135
CH,Changeup,OS,121,7.71,24,24,0,0.0,0,0.0,62,7,11.29,5.79,13,10.74,16.53,33.85,3.14,0.0,0.167,0.167,0.333,0.5,0.166,605135
FF,4-Seam Fastball,FB,99,6.31,25,24,8,32.0,1,4.0,53,9,16.98,9.09,8,8.08,17.17,28.57,13.81,12.12,0.292,0.32,0.583,0.903,0.291,605135
SL,Slider,BR,80,5.1,10,10,0,0.0,0,0.0,32,8,25.0,10.0,15,18.75,28.75,17.02,1.26,0.0,0.2,0.2,0.5,0.7,0.3,605135
,,,12,0.76,2,1,1,50.0,1,50.0,0,0,,0.0,0,0.0,0.0,,0.84,25.0,0.0,0.5,0.0,0.5,0.0,605135
FS,Split-Finger,OS,1,0.06,0,0,0,,0,,0,0,,0.0,0,0.0,0.0,0.0,0.21,0.0,,,,,,605135
SI,Sinker,FB,35,40.7,6,6,0,0.0,0,0.0,17,3,17.65,8.57,4,11.43,20.0,36.36,22.73,0.0,0.5,0.5,0.833,1.333,0.3329999999999999,605151
FF,4-Seam Fastball,FB,30,34.88,9,9,2,22.22,0,0.0,14,4,28.57,13.33,8,26.67,40.0,12.5,45.45,20.0,0.444,0.444,0.778,1.222,0.334,605151
KC,Knuckle Curve,BR,17,19.77,3,3,2,66.67,0,0.0,7,3,42.86,17.65,2,11.76,29.41,27.27,18.18,50.0,0.0,0.0,0.0,0.0,0.0,605151
CH,Changeup,OS,4,4.65,3,0,0,0.0,2,66.67,0,0,,0.0,0,0.0,0.0,0.0,13.64,0.0,,1.0,,,,605151
SL,Slider,BR,253,56.1,66,58,15,22.73,4,6.06,126,33,26.19,13.04,31,12.25,25.3,25.37,53.8,16.3,0.224,0.262,0.5,0.762,0.276,605154
FF,4-Seam Fastball,FB,196,43.46,39,36,14,35.9,3,7.69,91,25,27.47,12.76,40,20.41,33.16,27.17,46.2,17.72,0.222,0.282,0.25,0.532,0.0279999999999999,605154
CH,Changeup,OS,2,0.44,2,1,0,0.0,1,50.0,1,0,0.0,0.0,0,0.0,0.0,0.0,0.0,,0.0,0.5,0.0,0.5,0.0,605154
FC,Cutter,FB,22,46.81,8,5,0,0.0,3,37.5,7,0,0.0,0.0,5,22.73,22.73,0.0,28.57,0.0,0.4,0.625,1.2,1.825,0.7999999999999999,605155
SL,Slider,BR,16,34.04,6,6,1,16.67,0,0.0,7,2,28.57,12.5,3,18.75,31.25,25.0,28.57,50.0,0.333,0.333,0.667,1.0,0.334,605155
CU,Curveball,BR,6,12.77,1,1,1,100.0,0,0.0,4,3,75.0,50.0,0,0.0,50.0,60.0,42.86,33.33,0.0,0.0,0.0,0.0,0.0,605155
SI,Sinker,FB,2,4.26,1,1,0,0.0,0,0.0,1,0,0.0,0.0,0,0.0,0.0,,0.0,,1.0,1.0,4.0,5.0,3.0,605155
FF,4-Seam Fastball,FB,1,2.13,1,1,0,0.0,0,0.0,1,0,0.0,0.0,0,0.0,0.0,,0.0,,0.0,0.0,0.0,0.0,0.0,605155
SI,Sinker,FB,311,54.28,70,62,8,11.43,7,10.0,141,31,21.99,9.97,60,19.29,29.26,32.72,25.16,20.51,0.258,0.333,0.516,0.849,0.258,605177
SL,Slider,BR,182,31.76,53,47,34,64.15,6,11.32,89,56,62.92,30.77,8,4.4,35.16,40.69,61.94,35.42,0.106,0.208,0.255,0.4629999999999999,0.149,605177
FF,4-Seam Fastball,FB,72,12.57,18,13,1,5.56,4,22.22,24,2,8.33,2.78,16,22.22,25.0,14.63,12.9,5.0,0.385,0.529,0.692,1.221,0.3069999999999999,605177
CH,Changeup,OS,8,1.4,1,1,0,0.0,0,0.0,3,1,33.33,12.5,1,12.5,25.0,33.33,0.0,,0.0,0.0,0.0,0.0,0.0,605177
FF,4-Seam Fastball,FB,467,43.44,125,110,25,20.0,9,7.2,227,36,15.86,7.71,109,23.34,31.05,26.78,46.35,17.12,0.291,0.363,0.373,0.736,0.082,605182
ST,Sweeper,BR,403,37.49,105,98,27,25.71,7,6.67,201,73,36.32,18.11,54,13.4,31.51,32.47,39.37,21.77,0.204,0.257,0.388,0.645,0.184,605182
FC,Cutter,FB,145,13.49,39,37,8,20.51,0,0.0,77,20,25.97,13.79,17,11.72,25.52,35.06,11.43,22.22,0.243,0.263,0.378,0.641,0.135,605182
SI,Sinker,FB,46,4.28,10,6,0,0.0,2,20.0,21,5,23.81,10.87,3,6.52,17.39,35.29,0.63,0.0,0.333,0.5,0.333,0.833,0.0,605182
CH,Changeup,OS,10,0.93,4,3,0,0.0,0,0.0,5,1,20.0,10.0,0,0.0,10.0,28.57,2.22,0.0,0.0,0.25,0.0,0.25,0.0,605182
CU,Curveball,BR,2,0.19,0,0,0,,0,,0,0,,0.0,0,0.0,0.0,0.0,0.0,,,,,,,605182
,,,2,0.19,0,0,0,,0,,0,0,,0.0,0,0.0,0.0,,0.0,,,,,,,605182
SI,Sinker,FB,255,36.59,67,57,6,8.96,8,11.94,100,6,6.0,2.35,63,24.71,27.06,13.16,21.88,14.29,0.421,0.493,0.526,1.019,0.105,605200
CH,Changeup,OS,152,21.81,42,41,18,42.86,1,2.38,92,42,45.65,27.63,6,3.95,31.58,44.33,32.81,28.57,0.268,0.286,0.61,0.8959999999999999,0.3419999999999999,605200
FF,4-Seam Fastball,FB,150,21.52,33,27,12,36.36,5,15.15,39,9,23.08,6.0,38,25.33,31.33,13.1,30.21,20.69,0.222,0.344,0.481,0.825,0.259,605200
FC,Cutter,FB,61,8.75,13,10,2,15.38,2,15.38,24,6,25.0,9.84,9,14.75,24.59,9.68,5.73,18.18,0.3,0.385,0.3,0.685,0.0,605200
CU,Curveball,BR,39,5.6,9,9,1,11.11,0,0.0,14,3,21.43,7.69,8,20.51,28.21,19.05,2.6,20.0,0.0,0.0,0.0,0.0,0.0,605200
SL,Slider,BR,27,3.87,6,6,2,33.33,0,0.0,12,6,50.0,22.22,2,7.41,29.63,30.0,5.21,20.0,0.333,0.333,0.333,0.666,0.0,605200
ST,Sweeper,BR,11,1.58,4,4,0,0.0,0,0.0,5,0,0.0,0.0,1,9.09,9.09,28.57,1.04,0.0,0.25,0.25,0.5,0.75,0.25,605200
,,,2,0.29,0,0,0,,0,,0,0,,0.0,0,0.0,0.0,,0.52,0.0,,,,,,605200
FF,4-Seam Fastball,FB,214,66.88,44,39,9,20.45,5,11.36,104,20,19.23,9.35,32,14.95,24.3,25.89,66.99,13.04,0.231,0.318,0.359,0.677,0.1279999999999999,605218
CH,Changeup,OS,53,16.56,13,13,6,46.15,0,0.0,29,12,41.38,22.64,6,11.32,33.96,35.71,16.5,35.29,0.077,0.077,0.077,0.154,0.0,605218
CU,Curveball,BR,49,15.31,14,12,3,21.43,2,14.29,19,7,36.84,14.29,9,18.37,32.65,32.35,16.5,17.65,0.0,0.143,0.0,0.143,0.0,605218
,,,4,1.25,1,0,0,0.0,1,100.0,0,0,,0.0,0,0.0,0.0,,0.0,,,1.0,,,,605218
ST,Sweeper,BR,254,42.33,61,59,27,44.26,2,3.28,117,56,47.86,22.05,29,11.42,33.46,32.72,62.3,23.68,0.203,0.23,0.254,0.484,0.0509999999999999,605242
FC,Cutter,FB,140,23.33,37,30,3,8.11,6,16.22,67,17,25.37,12.14,29,20.71,32.86,27.42,7.1,23.08,0.2,0.324,0.367,0.6910000000000001,0.1669999999999999,605242
FF,4-Seam Fastball,FB,110,18.33,20,12,4,20.0,8,40.0,47,19,40.43,17.27,15,13.64,30.91,27.69,16.94,12.9,0.083,0.45,0.083,0.533,0.0,605242
SI,Sinker,FB,92,15.33,29,24,4,13.79,3,10.34,40,7,17.5,7.61,15,16.3,23.91,26.83,12.57,17.39,0.292,0.414,0.542,0.956,0.25,605242
CU,Curveball,BR,2,0.33,0,0,0,,0,,1,0,0.0,0.0,0,0.0,0.0,0.0,0.55,0.0,,,,,,605242
CH,Changeup,OS,2,0.33,0,0,0,,0,,0,0,,0.0,0,0.0,0.0,0.0,0.55,0.0,,,,,,605242
SI,Sinker,FB,372,63.48,92,82,12,13.04,9,9.78,156,27,17.31,7.26,72,19.35,26.61,15.29,45.95,14.12,0.317,0.391,0.439,0.8300000000000001,0.122,605280
SL,Slider,BR,118,20.14,29,26,14,48.28,2,6.9,60,26,43.33,22.03,21,17.8,39.83,40.32,29.73,25.45,0.115,0.172,0.115,0.287,0.0,605280
ST,Sweeper,BR,94,16.04,27,26,19,70.37,0,0.0,41,19,46.34,20.21,29,30.85,51.06,44.64,23.78,43.18,0.077,0.111,0.077,0.188,0.0,605280
FF,4-Seam Fastball,FB,2,0.34,0,0,0,,0,,0,0,,0.0,0,0.0,0.0,0.0,0.54,0.0,,,,,,605280
SI,Sinker,FB,559,56.87,166,156,27,16.27,9,5.42,275,34,12.36,6.08,131,23.43,29.52,36.44,50.0,18.12,0.295,0.333,0.346,0.679,0.0509999999999999,605288
SL,Slider,BR,184,18.72,39,38,6,15.38,1,2.56,77,23,29.87,12.5,31,16.85,29.35,25.74,14.43,13.95,0.289,0.308,0.5,0.808,0.211,605288
FF,4-Seam Fastball,FB,161,16.38,41,40,13,31.71,1,2.44,85,21,24.71,13.04,14,8.7,21.74,31.91,27.85,15.66,0.225,0.244,0.4,0.644,0.175,605288
CU,Curveball,BR,72,7.32,12,12,3,25.0,0,0.0,26,7,26.92,9.72,14,19.44,29.17,16.22,7.05,14.29,0.25,0.25,0.333,0.583,0.083,605288
CH,Changeup,OS,4,0.41,2,2,0,0.0,0,0.0,3,0,0.0,0.0,0,0.0,0.0,66.67,0.34,0.0,0.0,0.0,0.0,0.0,0.0,605288
,,,3,0.31,1,1,1,100.0,0,0.0,0,0,,0.0,0,0.0,0.0,,0.34,100.0,0.0,0.0,0.0,0.0,0.0,605288
SI,Sinker,FB,266,42.77,75,65,3,4.0,5,6.67,118,10,8.47,3.76,56,21.05,24.81,29.77,21.08,8.57,0.292,0.365,0.477,0.842,0.185,605347
SL,Slider,BR,147,23.63,39,37,11,28.21,1,2.56,81,29,35.8,19.73,22,14.97,34.69,38.03,30.72,21.57,0.216,0.231,0.459,0.6900000000000001,0.243,605347
KC,Knuckle Curve,BR,89,14.31,23,20,6,26.09,2,8.7,38,14,36.84,15.73,19,21.35,37.08,31.82,19.88,18.18,0.4,0.478,0.6,1.0779999999999998,0.1999999999999999,605347
FF,4-Seam Fastball,FB,79,12.7,25,19,4,16.0,5,20.0,41,9,21.95,11.39,7,8.86,20.25,20.0,18.07,13.33,0.316,0.44,0.632,1.072,0.316,605347
CH,Changeup,OS,40,6.43,13,13,4,30.77,0,0.0,26,7,26.92,17.5,0,0.0,17.5,41.67,10.24,23.53,0.231,0.231,0.231,0.462,0.0,605347
,,,1,0.16,0,0,0,,0,,0,0,,0.0,0,0.0,0.0,,0.0,,,,,,,605347
FF,4-Seam Fastball,FB,171,23.88,41,35,10,24.39,5,12.2,96,23,23.96,13.45,23,13.45,26.9,34.18,27.68,16.13,0.143,0.244,0.171,0.415,0.028,605397
CU,Curveball,BR,159,22.21,39,35,9,23.08,3,7.69,52,16,30.77,10.06,40,25.16,35.22,22.22,27.68,14.52,0.286,0.359,0.429,0.788,0.143,605397
SL,Slider,BR,144,20.11,42,42,13,30.95,0,0.0,73,26,35.62,18.06,20,13.89,31.94,35.29,25.45,22.81,0.333,0.333,0.643,0.976,0.31,605397
FC,Cutter,FB,118,16.48,30,26,1,3.33,3,10.0,60,8,13.33,6.78,28,23.73,30.51,26.19,4.02,11.11,0.423,0.467,0.692,1.159,0.2689999999999999,605397
SI,Sinker,FB,78,10.89,26,22,1,3.85,0,0.0,46,6,13.04,7.69,6,7.69,15.38,41.86,4.02,11.11,0.227,0.308,0.227,0.535,0.0,605397
CH,Changeup,OS,42,5.87,10,9,4,40.0,0,0.0,25,11,44.0,26.19,3,7.14,33.33,41.67,9.82,18.18,0.333,0.4,0.444,0.8440000000000001,0.1109999999999999,605397
,,,3,0.42,0,0,0,,0,,0,0,,0.0,0,0.0,0.0,,0.89,0.0,,,,,,605397
ST,Sweeper,BR,1,0.14,1,1,1,100.0,0,0.0,1,1,100.0,100.0,0,0.0,100.0,100.0,0.45,100.0,0.0,0.0,0.0,0.0,0.0,605397
KC,Knuckle Curve,BR,486,29.26,137,129,39,28.47,7,5.11,274,94,34.31,19.34,54,11.11,30.45,41.82,35.15,20.86,0.217,0.255,0.38,0.635,0.163,605400
FF,4-Seam Fastball,FB,444,26.73,95,86,29,30.53,6,6.32,187,40,21.39,9.01,125,28.15,37.16,21.59,25.56,21.32,0.233,0.287,0.453,0.74,0.22,605400
SI,Sinker,FB,433,26.07,120,111,24,20.0,6,5.0,193,22,11.4,5.08,110,25.4,30.48,31.68,19.55,23.08,0.288,0.322,0.396,0.718,0.108,605400
FC,Cutter,FB,184,11.08,51,51,10,19.61,0,0.0,109,36,33.03,19.57,18,9.78,29.35,44.44,12.22,13.85,0.216,0.216,0.471,0.6869999999999999,0.255,605400
CH,Changeup,OS,109,6.56,25,24,8,32.0,1,4.0,56,20,35.71,18.35,10,9.17,27.52,36.76,6.95,21.62,0.25,0.28,0.375,0.655,0.125,605400
,,,5,0.3,2,2,2,100.0,0,0.0,0,0,,0.0,0,0.0,0.0,,0.56,66.67,0.0,0.0,0.0,0.0,0.0,605400
FF,4-Seam Fastball,FB,26,70.27,4,1,1,25.0,3,75.0,7,3,42.86,11.54,4,15.38,26.92,6.25,66.67,16.67,0.0,0.75,0.0,0.75,0.0,605441
SL,Slider,BR,11,29.73,3,2,0,0.0,1,33.33,3,0,0.0,0.0,1,9.09,9.09,12.5,33.33,0.0,0.5,0.667,0.5,1.167,0.0,605441
FC,Cutter,FB,21,47.73,6,6,0,0.0,0,0.0,9,2,22.22,9.52,3,14.29,23.81,23.08,40.0,0.0,0.333,0.333,0.667,1.0,0.334,605446
CU,Curveball,BR,9,20.45,2,2,0,0.0,0,0.0,3,1,33.33,11.11,2,22.22,33.33,20.0,0.0,,0.5,0.5,1.0,1.5,0.5,605446
FF,4-Seam Fastball,FB,9,20.45,2,1,0,0.0,1,50.0,4,0,0.0,0.0,1,11.11,11.11,0.0,20.0,0.0,0.0,0.5,0.0,0.5,0.0,605446
CH,Changeup,OS,5,11.36,4,4,0,0.0,0,0.0,4,0,0.0,0.0,0,0.0,0.0,0.0,40.0,0.0,0.75,0.75,2.5,3.25,1.75,605446
SL,Slider,BR,302,60.76,98,92,30,30.61,5,5.1,169,67,39.64,22.19,41,13.58,35.76,39.61,66.67,34.09,0.207,0.255,0.293,0.548,0.086,605447
FF,4-Seam Fastball,FB,183,36.82,37,32,8,21.62,4,10.81,82,26,31.71,14.21,30,16.39,30.6,26.26,33.33,18.18,0.219,0.324,0.281,0.605,0.062,605447
,,,12,2.41,3,0,0,0.0,3,100.0,0,0,,0.0,0,0.0,0.0,,0.0,,,1.0,,,,605447
ST,Sweeper,BR,124,53.68,33,31,7,21.21,0,0.0,65,18,27.69,14.52,14,11.29,25.81,38.16,61.19,17.07,0.29,0.303,0.484,0.7869999999999999,0.194,605463
SI,Sinker,FB,81,35.06,20,17,2,10.0,3,15.0,33,3,9.09,3.7,23,28.4,32.1,21.88,13.43,22.22,0.588,0.65,1.059,1.709,0.471,605463
FF,4-Seam Fastball,FB,20,8.66,5,4,1,20.0,0,0.0,10,2,20.0,10.0,0,0.0,10.0,16.67,19.4,7.69,0.25,0.4,0.5,0.9,0.25,605463
CH,Changeup,OS,3,1.3,1,0,0,0.0,1,100.0,0,0,,0.0,0,0.0,0.0,0.0,2.99,0.0,,1.0,,,,605463
FS,Split-Finger,OS,3,1.3,2,2,2,100.0,0,0.0,3,2,66.67,66.67,0,0.0,66.67,100.0,2.99,100.0,0.0,0.0,0.0,0.0,0.0,605463
FF,4-Seam Fastball,FB,1207,46.3,267,215,44,16.48,47,17.6,471,82,17.41,6.79,256,21.21,28.0,17.61,35.96,16.36,0.27,0.402,0.423,0.825,0.1529999999999999,605483
CH,Changeup,OS,584,22.4,142,124,26,18.31,17,11.97,312,146,46.79,25.0,76,13.01,38.01,41.19,13.24,26.26,0.185,0.284,0.266,0.55,0.081,605483
CU,Curveball,BR,532,20.41,150,140,96,64.0,9,6.0,225,132,58.67,24.81,70,13.16,37.97,38.07,37.03,34.66,0.064,0.121,0.114,0.235,0.05,605483
SL,Slider,BR,281,10.78,60,53,29,48.33,5,8.33,118,63,53.39,22.42,13,4.63,27.05,27.8,13.64,28.43,0.075,0.167,0.189,0.356,0.114,605483
SI,Sinker,FB,2,0.08,1,1,1,100.0,0,0.0,1,0,0.0,0.0,1,50.0,50.0,,0.13,100.0,0.0,0.0,0.0,0.0,0.0,605483
,,,1,0.04,0,0,0,,0,,0,0,,0.0,0,0.0,0.0,,0.0,,,,,,,605483
CH,Changeup,OS,68,46.26,21,19,10,47.62,2,9.52,40,21,52.5,30.88,8,11.76,42.65,51.28,54.0,37.04,0.0,0.095,0.0,0.095,0.0,605488
FF,4-Seam Fastball,FB,60,40.82,15,14,8,53.33,0,0.0,25,5,20.0,8.33,25,41.67,50.0,26.67,44.0,36.36,0.214,0.214,0.429,0.643,0.215,605488
SL,Slider,BR,19,12.93,3,3,0,0.0,0,0.0,4,1,25.0,5.26,7,36.84,42.11,0.0,2.0,0.0,0.0,0.0,0.0,0.0,0.0,605488
FF,4-Seam Fastball,FB,150,45.45,43,38,4,9.3,5,11.63,75,8,10.67,5.33,28,18.67,24.0,25.76,43.56,9.09,0.289,0.372,0.447,0.819,0.158,605498
CH,Changeup,OS,85,25.76,16,12,3,18.75,4,25.0,37,13,35.14,15.29,5,5.88,21.18,25.93,18.81,15.79,0.25,0.438,0.417,0.855,0.1669999999999999,605498
SL,Slider,BR,58,17.58,17,15,3,17.65,2,11.76,30,8,26.67,13.79,9,15.52,29.31,28.57,28.71,10.34,0.2,0.294,0.6,0.8939999999999999,0.3999999999999999,605498
CU,Curveball,BR,36,10.91,5,5,1,20.0,0,0.0,9,1,11.11,2.78,10,27.78,30.56,21.05,8.91,11.11,0.2,0.2,0.2,0.4,0.0,605498
SI,Sinker,FB,1,0.3,1,1,0,0.0,0,0.0,1,0,0.0,0.0,0,0.0,0.0,,0.0,,0.0,0.0,0.0,0.0,0.0,605498
SL,Slider,BR,83,33.47,24,22,4,16.67,1,4.17,33,11,33.33,13.25,15,18.07,31.33,30.19,42.31,12.12,0.273,0.333,0.318,0.651,0.0449999999999999,605513
SI,Sinker,FB,78,31.45,15,12,2,13.33,2,13.33,37,6,16.22,7.69,20,25.64,33.33,30.0,16.67,15.38,0.167,0.333,0.167,0.5,0.0,605513
FF,4-Seam Fastball,FB,75,30.24,25,19,6,24.0,6,24.0,41,14,34.15,18.67,10,13.33,32.0,27.59,34.62,22.22,0.263,0.44,0.474,0.914,0.2109999999999999,605513
CU,Curveball,BR,8,3.23,1,1,0,0.0,0,0.0,4,2,50.0,25.0,0,0.0,25.0,20.0,6.41,0.0,1.0,1.0,2.0,3.0,1.0,605513
CH,Changeup,OS,4,1.61,1,0,0,0.0,0,0.0,1,0,0.0,0.0,1,25.0,25.0,33.33,0.0,,,1.0,,,,605513
FF,4-Seam Fastball,FB,174,36.33,48,45,22,45.83,2,4.17,99,35,35.35,20.11,24,13.79,33.91,32.39,51.23,26.51,0.133,0.188,0.2,0.388,0.067,605540
SI,Sinker,FB,155,32.36,45,40,5,11.11,2,4.44,79,7,8.86,4.52,21,13.55,18.06,26.39,25.31,12.2,0.175,0.222,0.275,0.497,0.1,605540
SL,Slider,BR,90,18.79,17,17,4,23.53,0,0.0,36,10,27.78,11.11,26,28.89,40.0,30.23,11.73,21.05,0.235,0.235,0.588,0.823,0.353,605540
CH,Changeup,OS,32,6.68,9,9,2,22.22,0,0.0,20,7,35.0,21.88,1,3.12,25.0,45.0,10.49,11.76,0.0,0.0,0.0,0.0,0.0,605540
CU,Curveball,BR,27,5.64,1,1,0,0.0,0,0.0,6,3,50.0,11.11,15,55.56,66.67,12.5,1.23,0.0,1.0,1.0,4.0,5.0,3.0,605540
,,,1,0.21,0,0,0,,0,,0,0,,0.0,0,0.0,0.0,,0.0,,,,,,,605540
EP,Eephus,,17,73.91,5,4,0,0.0,0,0.0,9,3,33.33,17.65,2,11.76,29.41,12.5,60.0,0.0,0.5,0.6,0.5,1.1,0.0,605612
FA,Other,,6,26.09,3,3,0,0.0,0,0.0,3,0,0.0,0.0,1,16.67,16.67,25.0,40.0,0.0,0.333,0.333,0.333,0.666,0.0,605612
SL,Slider,BR,257,49.9,73,69,23,31.51,3,4.11,147,73,49.66,28.4,33,12.84,41.25,45.07,55.29,24.47,0.203,0.233,0.493,0.726,0.29,606149
FF,4-Seam Fastball,FB,256,49.71,62,58,16,25.81,3,4.84,115,25,21.74,9.77,46,17.97,27.73,23.48,44.71,21.05,0.241,0.279,0.379,0.658,0.138,606149
,,,2,0.39,0,0,0,,0,,0,0,,0.0,0,0.0,0.0,,0.0,,,,,,,606149
FF,4-Seam Fastball,FB,265,45.07,57,53,27,47.37,4,7.02,130,56,43.08,21.13,49,18.49,39.62,28.46,50.51,27.27,0.189,0.246,0.377,0.623,0.188,606160
SI,Sinker,FB,175,29.76,53,50,8,15.09,2,3.77,109,17,15.6,9.71,19,10.86,20.57,47.92,20.92,19.51,0.32,0.358,0.62,0.978,0.3,606160
SL,Slider,BR,106,18.03,20,17,3,15.0,3,15.0,34,10,29.41,9.43,17,16.04,25.47,14.06,17.86,8.57,0.471,0.55,0.765,1.315,0.294,606160
CH,Changeup,OS,42,7.14,17,14,6,35.29,2,11.76,22,7,31.82,16.67,2,4.76,21.43,43.33,10.71,28.57,0.357,0.471,0.5,0.971,0.143,606160
ST,Sweeper,BR,244,35.26,52,49,17,32.69,1,1.92,79,26,32.91,10.66,54,22.13,32.79,21.53,43.08,19.05,0.204,0.216,0.224,0.44,0.02,606303
SI,Sinker,FB,222,32.08,62,56,9,14.52,2,3.23,116,23,19.83,10.36,40,18.02,28.38,37.25,16.41,28.12,0.25,0.311,0.375,0.6859999999999999,0.125,606303
SL,Slider,BR,115,16.62,27,23,4,14.81,4,14.81,43,9,20.93,7.83,24,20.87,28.7,20.31,15.38,13.33,0.217,0.333,0.348,0.681,0.1309999999999999,606303
FF,4-Seam Fastball,FB,99,14.31,28,25,14,50.0,3,10.71,43,20,46.51,20.2,17,17.17,37.37,23.08,24.1,29.79,0.16,0.25,0.28,0.53,0.12,606303
CH,Changeup,OS,6,0.87,1,1,0,0.0,0,0.0,3,0,0.0,0.0,1,16.67,16.67,25.0,0.0,,0.0,0.0,0.0,0.0,0.0,606303
,,,6,0.87,2,0,0,0.0,2,100.0,0,0,,0.0,0,0.0,0.0,,1.03,0.0,,1.0,,,,606303
SL,Slider,BR,15,51.72,2,0,0,0.0,2,100.0,4,3,75.0,20.0,3,20.0,40.0,30.77,66.67,0.0,,1.0,,,,606625
FF,4-Seam Fastball,FB,13,44.83,5,4,1,20.0,1,20.0,5,1,20.0,7.69,2,15.38,23.08,12.5,22.22,50.0,0.5,0.6,1.25,1.85,0.75,606625
CH,Changeup,OS,1,3.45,0,0,0,,0,,0,0,,0.0,0,0.0,0.0,0.0,11.11,0.0,,,,,,606625
FF,4-Seam Fastball,FB,69,52.67,22,22,3,13.64,0,0.0,43,9,20.93,13.04,10,14.49,27.54,32.14,55.0,13.64,0.318,0.318,0.409,0.727,0.0909999999999999,606930
FC,Cutter,FB,60,45.8,19,18,3,15.79,1,5.26,36,12,33.33,20.0,5,8.33,28.33,48.57,40.0,18.75,0.333,0.368,0.611,0.979,0.2779999999999999,606930
CH,Changeup,OS,1,0.76,1,0,0,0.0,0,0.0,0,0,,0.0,0,0.0,0.0,0.0,2.5,0.0,,1.0,,,,606930
SL,Slider,BR,1,0.76,0,0,0,,0,,0,0,,0.0,0,0.0,0.0,0.0,2.5,0.0,,,,,,606930
CH,Changeup,OS,163,41.16,54,51,20,37.04,2,3.7,95,39,41.05,23.93,15,9.2,33.13,37.35,59.35,27.4,0.275,0.296,0.431,0.727,0.1559999999999999,606965
FF,4-Seam Fastball,FB,107,27.02,26,24,5,19.23,2,7.69,48,11,22.92,10.28,18,16.82,27.1,20.0,22.76,17.86,0.208,0.269,0.208,0.477,0.0,606965
SL,Slider,BR,81,20.45,16,15,2,12.5,1,6.25,31,7,22.58,8.64,18,22.22,30.86,22.92,13.82,11.76,0.267,0.312,0.8,1.112,0.533,606965
ST,Sweeper,BR,43,10.86,5,4,1,20.0,1,20.0,15,5,33.33,11.63,12,27.91,39.53,20.83,4.07,20.0,0.0,0.2,0.0,0.2,0.0,606965
KC,Knuckle Curve,BR,1,0.25,0,0,0,,0,,0,0,,0.0,0,0.0,0.0,0.0,0.0,,,,,,,606965
,,,1,0.25,0,0,0,,0,,0,0,,0.0,0,0.0,0.0,,0.0,,,,,,,606965
EP,Eephus,,24,100.0,9,9,1,11.11,0,0.0,11,0,0.0,0.0,7,29.17,29.17,36.36,100.0,16.67,0.333,0.333,0.778,1.111,0.445,607054
SI,Sinker,FB,407,38.4,126,111,17,13.49,12,9.52,181,20,11.05,4.91,86,21.13,26.04,23.56,36.34,14.53,0.261,0.336,0.414,0.75,0.1529999999999999,607067
FC,Cutter,FB,264,24.91,55,48,6,10.91,5,9.09,140,52,37.14,19.7,38,14.39,34.09,32.82,13.04,14.29,0.229,0.291,0.438,0.729,0.209,607067
ST,Sweeper,BR,153,14.43,35,35,12,34.29,0,0.0,70,27,38.57,17.65,17,11.11,28.76,32.65,16.46,22.64,0.257,0.257,0.486,0.743,0.2289999999999999,607067
FF,4-Seam Fastball,FB,151,14.25,39,36,25,64.1,2,5.13,82,38,46.34,25.17,23,15.23,40.4,33.78,25.16,29.63,0.028,0.103,0.083,0.186,0.055,607067
CU,Curveball,BR,75,7.08,13,13,2,15.38,0,0.0,29,7,24.14,9.33,16,21.33,30.67,17.95,7.45,8.33,0.308,0.308,0.308,0.616,0.0,607067
CH,Changeup,OS,8,0.75,2,2,0,0.0,0,0.0,4,0,0.0,0.0,1,12.5,12.5,40.0,1.55,0.0,0.0,0.0,0.0,0.0,0.0,607067
,,,2,0.19,0,0,0,,0,,0,0,,0.0,0,0.0,0.0,,0.0,,,,,,,607067
FF,4-Seam Fastball,FB,572,60.79,154,136,23,14.94,14,9.09,339,68,20.06,11.89,62,10.84,22.73,33.46,60.0,13.22,0.301,0.359,0.551,0.91,0.25,607074
SL,Slider,BR,247,26.25,66,58,23,34.85,6,9.09,128,47,36.72,19.03,27,10.93,29.96,35.42,32.07,24.73,0.224,0.318,0.362,0.6799999999999999,0.1379999999999999,607074
CU,Curveball,BR,71,7.55,8,8,2,25.0,0,0.0,19,4,21.05,5.63,18,25.35,30.99,13.51,3.45,20.0,0.375,0.375,1.25,1.625,0.875,607074
CH,Changeup,OS,49,5.21,8,6,2,25.0,2,25.0,19,8,42.11,16.33,1,2.04,18.37,25.0,4.14,16.67,0.0,0.25,0.0,0.25,0.0,607074
FC,Cutter,FB,1,0.11,0,0,0,,0,,1,0,0.0,0.0,0,0.0,0.0,,0.0,,,,,,,607074
,,,1,0.11,0,0,0,,0,,0,0,,0.0,0,0.0,0.0,,0.34,0.0,,,,,,607074
SL,Slider,BR,294,51.58,69,64,25,36.23,3,4.35,121,42,34.71,14.29,53,18.03,32.31,22.42,60.67,23.15,0.156,0.188,0.25,0.438,0.094,607179
FF,4-Seam Fastball,FB,262,45.96,65,56,16,24.62,5,7.69,139,34,24.46,12.98,36,13.74,26.72,31.67,36.52,24.62,0.196,0.281,0.554,0.8350000000000001,0.358,607179
FS,Split-Finger,OS,5,0.88,0,0,0,,0,,1,1,100.0,20.0,0,0.0,20.0,20.0,1.12,0.0,,,,,,607179
,,,5,0.88,2,0,0,0.0,2,100.0,0,0,,0.0,0,0.0,0.0,,0.0,,,1.0,,,,607179
CU,Curveball,BR,4,0.7,1,1,0,0.0,0,0.0,1,0,0.0,0.0,0,0.0,0.0,0.0,1.69,0.0,0.0,0.0,0.0,0.0,0.0,607179
FF,4-Seam Fastball,FB,28,71.79,5,3,0,0.0,1,20.0,10,3,30.0,10.71,4,14.29,25.0,6.67,66.67,0.0,0.667,0.6,0.667,1.267,0.0,607188
SL,Slider,BR,10,25.64,4,3,1,25.0,1,25.0,5,2,40.0,20.0,1,10.0,30.0,20.0,33.33,33.33,0.333,0.5,1.0,1.5,0.667,607188
CU,Curveball,BR,1,2.56,0,0,0,,0,,0,0,,0.0,0,0.0,0.0,0.0,0.0,,,,,,,607188
FF,4-Seam Fastball,FB,384,44.5,106,94,34,32.08,11,10.38,193,55,28.5,14.32,81,21.09,35.42,29.25,44.79,26.36,0.181,0.274,0.351,0.625,0.1699999999999999,607192
SL,Slider,BR,325,37.66,76,71,17,22.37,4,5.26,162,70,43.21,21.54,56,17.23,38.77,30.19,20.14,29.31,0.183,0.224,0.225,0.449,0.042,607192
CU,Curveball,BR,151,17.5,37,36,23,62.16,1,2.7,62,27,43.55,17.88,8,5.3,23.18,26.17,34.38,23.23,0.083,0.108,0.111,0.219,0.0279999999999999,607192
,,,3,0.35,0,0,0,,0,,0,0,,0.0,0,0.0,0.0,,0.69,0.0,,,,,,607192
FF,4-Seam Fastball,FB,34,56.67,6,6,3,50.0,0,0.0,11,2,18.18,5.88,7,20.59,26.47,5.88,61.54,37.5,0.167,0.167,0.667,0.8340000000000001,0.5,607216
FC,Cutter,FB,23,38.33,6,5,0,0.0,1,16.67,8,1,12.5,4.35,4,17.39,21.74,7.69,23.08,0.0,0.2,0.333,0.4,0.7330000000000001,0.2,607216
CH,Changeup,OS,3,5.0,2,1,1,50.0,1,50.0,2,1,50.0,33.33,0,0.0,33.33,50.0,15.38,50.0,0.0,0.5,0.0,0.5,0.0,607216
SL,Slider,BR,132,43.85,40,36,16,40.0,3,7.5,77,29,37.66,21.97,16,12.12,34.09,38.24,70.59,26.67,0.194,0.25,0.389,0.639,0.195,607237
SI,Sinker,FB,91,30.23,19,14,2,10.53,4,21.05,32,7,21.88,7.69,18,19.78,27.47,15.69,9.41,25.0,0.357,0.5,0.429,0.929,0.072,607237
FF,4-Seam Fastball,FB,78,25.91,12,11,4,33.33,1,8.33,31,2,6.45,2.56,15,19.23,21.79,12.82,20.0,23.53,0.273,0.333,0.364,0.6970000000000001,0.0909999999999999,607237
SI,Sinker,FB,318,32.68,95,87,7,7.37,6,6.32,161,12,7.45,3.77,67,21.07,24.84,36.48,25.2,10.94,0.299,0.351,0.333,0.6839999999999999,0.034,607259
CH,Changeup,OS,248,25.49,68,63,28,41.18,5,7.35,141,71,50.35,28.63,24,9.68,38.31,47.62,40.16,27.45,0.127,0.191,0.254,0.445,0.127,607259
CU,Curveball,BR,167,17.16,31,26,8,25.81,4,12.9,46,13,28.26,7.78,34,20.36,28.14,17.31,16.14,19.51,0.077,0.2,0.077,0.277,0.0,607259
FC,Cutter,FB,150,15.42,45,39,2,4.44,5,11.11,64,12,18.75,8.0,33,22.0,30.0,25.0,4.72,16.67,0.359,0.432,0.564,0.996,0.2049999999999999,607259
FF,4-Seam Fastball,FB,80,8.22,25,22,9,36.0,3,12.0,38,12,31.58,15.0,14,17.5,32.5,23.68,13.78,25.71,0.136,0.24,0.182,0.422,0.0459999999999999,607259
,,,5,0.51,1,0,0,0.0,1,100.0,0,0,,0.0,0,0.0,0.0,,0.0,,,1.0,,,,607259
SL,Slider,BR,4,0.41,0,0,0,,0,,0,0,,0.0,0,0.0,0.0,0.0,0.0,,,,,,,607259
PO,Pitch Out,,1,0.1,0,0,0,,0,,0,0,,0.0,0,0.0,0.0,0.0,0.0,,,,,,,607259
FF,4-Seam Fastball,FB,66,51.56,18,13,3,16.67,3,16.67,32,5,15.62,7.58,11,16.67,24.24,25.0,51.61,18.75,0.231,0.333,0.692,1.025,0.4609999999999999,607359
SL,Slider,BR,54,42.19,13,12,0,0.0,1,7.69,24,6,25.0,11.11,4,7.41,18.52,31.43,48.39,0.0,0.333,0.385,0.333,0.718,0.0,607359
SI,Sinker,FB,4,3.12,2,2,0,0.0,0,0.0,2,0,0.0,0.0,0,0.0,0.0,0.0,0.0,,0.5,0.5,1.0,1.5,0.5,607359
,,,4,3.12,1,0,0,0.0,1,100.0,0,0,,0.0,0,0.0,0.0,,0.0,,,1.0,,,,607359
FF,4-Seam Fastball,FB,41,44.09,14,12,3,21.43,2,14.29,23,6,26.09,14.63,6,14.63,29.27,27.78,52.94,16.67,0.25,0.357,0.25,0.607,0.0,607455
CH,Changeup,OS,36,38.71,6,4,0,0.0,1,16.67,18,4,22.22,11.11,5,13.89,25.0,40.91,32.35,0.0,0.25,0.333,0.25,0.583,0.0,607455
SI,Sinker,FB,10,10.75,1,0,0,0.0,1,100.0,4,0,0.0,0.0,1,10.0,10.0,0.0,8.82,0.0,,1.0,,,,607455
SL,Slider,BR,5,5.38,0,0,0,,0,,3,0,0.0,0.0,0,0.0,0.0,0.0,5.88,0.0,,,,,,607455
,,,1,1.08,0,0,0,,0,,0,0,,0.0,0,0.0,0.0,,0.0,,,,,,,607455
SL,Slider,BR,41,35.65,14,11,1,7.14,1,7.14,24,7,29.17,17.07,4,9.76,26.83,43.48,44.83,7.69,0.273,0.429,0.455,0.884,0.182,607457
FF,4-Seam Fastball,FB,33,28.7,9,7,2,22.22,1,11.11,14,4,28.57,12.12,5,15.15,27.27,21.05,31.03,22.22,0.286,0.333,0.714,1.047,0.428,607457
SI,Sinker,FB,30,26.09,8,6,0,0.0,1,12.5,11,0,0.0,0.0,3,10.0,10.0,0.0,17.24,0.0,0.333,0.5,0.5,1.0,0.1669999999999999,607457
FC,Cutter,FB,9,7.83,2,1,0,0.0,1,50.0,5,0,0.0,0.0,0,0.0,0.0,40.0,3.45,0.0,1.0,1.0,1.0,2.0,0.0,607457
CH,Changeup,OS,2,1.74,1,0,0,0.0,0,0.0,0,0,,0.0,1,50.0,50.0,0.0,3.45,0.0,,1.0,,,,607457
FA,Other,,6,100.0,4,4,0,0.0,0,0.0,4,0,0.0,0.0,1,16.67,16.67,50.0,,,0.5,0.5,0.75,1.25,0.25,607461
SI,Sinker,FB,323,44.31,72,62,6,8.33,9,12.5,133,18,13.53,5.57,83,25.7,31.27,13.95,24.11,11.11,0.29,0.375,0.403,0.778,0.113,607481
ST,Sweeper,BR,245,33.61,73,63,34,46.58,8,10.96,108,49,45.37,20.0,44,17.96,37.96,40.99,55.36,27.42,0.19,0.301,0.302,0.603,0.1119999999999999,607481
FC,Cutter,FB,85,11.66,8,7,2,25.0,1,12.5,33,18,54.55,21.18,12,14.12,35.29,33.33,4.46,20.0,0.143,0.25,0.571,0.821,0.4279999999999999,607481
FF,4-Seam Fastball,FB,55,7.54,16,12,8,50.0,4,25.0,17,4,23.53,7.27,17,30.91,38.18,0.0,14.29,25.0,0.25,0.438,0.333,0.771,0.083,607481
,,,15,2.06,3,0,0,0.0,3,100.0,0,0,,0.0,0,0.0,0.0,,0.0,,,1.0,,,,607481
CH,Changeup,OS,6,0.82,3,3,2,66.67,0,0.0,3,2,66.67,33.33,1,16.67,50.0,50.0,1.79,50.0,0.333,0.333,0.333,0.666,0.0,607481
SI,Sinker,FB,542,28.62,162,145,10,6.17,16,9.88,258,22,8.53,4.06,108,19.93,23.99,16.13,19.57,10.1,0.331,0.398,0.49,0.888,0.1589999999999999,607536
FC,Cutter,FB,383,20.22,90,81,8,8.89,6,6.67,192,34,17.71,8.88,63,16.45,25.33,30.37,18.77,6.32,0.296,0.341,0.716,1.057,0.42,607536
KC,Knuckle Curve,BR,342,18.06,116,107,37,31.9,6,5.17,176,55,31.25,16.08,29,8.48,24.56,41.15,36.96,19.79,0.28,0.322,0.458,0.78,0.178,607536
FF,4-Seam Fastball,FB,327,17.27,88,84,9,10.23,2,2.27,189,26,13.76,7.95,40,12.23,20.18,36.49,16.4,10.84,0.226,0.239,0.476,0.715,0.2499999999999999,607536
CH,Changeup,OS,295,15.58,74,70,2,2.7,4,5.41,148,21,14.19,7.12,33,11.19,18.31,25.17,7.91,5.0,0.443,0.473,0.686,1.159,0.243,607536
,,,5,0.26,1,1,1,100.0,0,0.0,0,0,,0.0,0,0.0,0.0,,0.4,50.0,0.0,0.0,0.0,0.0,0.0,607536
SI,Sinker,FB,334,29.77,98,90,17,17.35,8,8.16,140,7,5.0,2.1,83,24.85,26.95,19.86,23.9,22.37,0.2,0.265,0.311,0.5760000000000001,0.1109999999999999,607625
FF,4-Seam Fastball,FB,275,24.51,80,76,26,32.5,4,5.0,147,37,25.17,13.45,55,20.0,33.45,35.09,32.08,25.49,0.25,0.288,0.421,0.709,0.1709999999999999,607625
CU,Curveball,BR,222,19.79,64,59,10,15.62,3,4.69,115,29,25.22,13.06,30,13.51,26.58,34.15,23.27,13.51,0.322,0.359,0.407,0.766,0.0849999999999999,607625
SL,Slider,BR,194,17.29,32,32,4,12.5,0,0.0,80,19,23.75,9.79,32,16.49,26.29,19.61,8.18,15.38,0.312,0.312,0.531,0.843,0.219,607625
SV,Slurve,BR,52,4.63,12,12,3,25.0,0,0.0,25,7,28.0,13.46,8,15.38,28.85,32.14,7.23,13.04,0.0,0.0,0.0,0.0,0.0,607625
ST,Sweeper,BR,34,3.03,8,6,3,37.5,2,25.0,13,6,46.15,17.65,3,8.82,26.47,26.92,3.77,25.0,0.167,0.375,0.333,0.708,0.166,607625
CH,Changeup,OS,8,0.71,2,1,0,0.0,1,50.0,4,0,0.0,0.0,0,0.0,0.0,0.0,1.26,0.0,1.0,1.0,2.0,3.0,1.0,607625
FC,Cutter,FB,3,0.27,1,1,1,100.0,0,0.0,0,0,,0.0,1,33.33,33.33,0.0,0.31,100.0,0.0,0.0,0.0,0.0,0.0,607625
FF,4-Seam Fastball,FB,101,42.44,29,25,4,13.79,3,10.34,45,6,13.33,5.94,18,17.82,23.76,26.42,49.3,11.43,0.2,0.31,0.44,0.75,0.24,607644
CH,Changeup,OS,93,39.08,31,30,3,9.68,0,0.0,63,17,26.98,18.28,13,13.98,32.26,54.55,33.8,12.5,0.133,0.129,0.233,0.362,0.1,607644
KC,Knuckle Curve,BR,23,9.66,2,2,0,0.0,0,0.0,8,1,12.5,4.35,4,17.39,21.74,9.09,12.68,0.0,0.0,0.0,0.0,0.0,0.0,607644
SL,Slider,BR,21,8.82,3,3,0,0.0,0,0.0,8,2,25.0,9.52,3,14.29,23.81,23.08,4.23,0.0,0.0,0.0,0.0,0.0,0.0,607644
FA,Other,,27,45.0,10,10,1,10.0,0,0.0,16,1,6.25,3.7,5,18.52,22.22,45.45,55.56,20.0,0.4,0.4,0.6,1.0,0.1999999999999999,607732
CH,Changeup,OS,21,35.0,7,7,0,0.0,0,0.0,10,0,0.0,0.0,6,28.57,28.57,33.33,11.11,0.0,0.571,0.571,1.286,1.857,0.7150000000000001,607732
CS,Slow Curve,BR,12,20.0,4,3,0,0.0,0,0.0,3,0,0.0,0.0,1,8.33,8.33,20.0,33.33,0.0,0.333,0.5,0.333,0.833,0.0,607732
SL,Slider,BR,388,79.35,98,87,19,19.39,8,8.16,173,28,16.18,7.22,104,26.8,34.02,29.81,77.55,16.67,0.299,0.378,0.437,0.815,0.138,607755
FF,4-Seam Fastball,FB,43,8.79,12,10,4,33.33,1,8.33,18,3,16.67,6.98,4,9.3,16.28,25.0,14.97,18.18,0.1,0.182,0.1,0.282,0.0,607755
CU,Curveball,BR,29,5.93,7,6,0,0.0,0,0.0,11,1,9.09,3.45,4,13.79,17.24,13.33,4.76,0.0,0.167,0.286,0.167,0.4529999999999999,0.0,607755
SI,Sinker,FB,18,3.68,5,3,1,20.0,2,40.0,5,1,20.0,5.56,3,16.67,22.22,23.08,2.72,25.0,0.333,0.6,0.333,0.933,0.0,607755
CH,Changeup,OS,6,1.23,0,0,0,,0,,0,0,,0.0,0,0.0,0.0,0.0,0.0,,,,,,,607755
,,,5,1.02,1,0,0,0.0,1,100.0,0,0,,0.0,0,0.0,0.0,,0.0,,,1.0,,,,607755
SI,Sinker,FB,60,33.52,19,18,0,0.0,1,5.26,29,1,3.45,1.67,9,15.0,16.67,25.93,31.43,0.0,0.222,0.263,0.389,0.652,0.167,607968
SL,Slider,BR,58,32.4,13,11,1,7.69,2,15.38,22,8,36.36,13.79,13,22.41,36.21,26.67,28.57,10.0,0.364,0.462,0.818,1.28,0.4539999999999999,607968
FF,4-Seam Fastball,FB,44,24.58,10,8,0,0.0,2,20.0,15,2,13.33,4.55,11,25.0,29.55,25.0,14.29,0.0,0.0,0.2,0.0,0.2,0.0,607968
CU,Curveball,BR,16,8.94,7,7,1,14.29,0,0.0,10,3,30.0,18.75,0,0.0,18.75,40.0,22.86,12.5,0.571,0.571,0.857,1.428,0.286,607968
CH,Changeup,OS,1,0.56,0,0,0,,0,,0,0,,0.0,0,0.0,0.0,0.0,2.86,0.0,,,,,,607968
FF,4-Seam Fastball,FB,363,61.84,103,91,36,34.95,9,8.74,207,61,29.47,16.8,43,11.85,28.65,36.67,71.29,25.0,0.242,0.33,0.33,0.66,0.088,608032
SL,Slider,BR,213,36.29,42,37,9,21.43,3,7.14,90,25,27.78,11.74,50,23.47,35.21,20.69,27.23,16.36,0.27,0.341,0.405,0.746,0.135,608032
CH,Changeup,OS,4,0.68,1,1,1,100.0,0,0.0,1,0,0.0,0.0,1,25.0,25.0,0.0,0.5,100.0,0.0,0.0,0.0,0.0,0.0,608032
CU,Curveball,BR,4,0.68,2,2,0,0.0,0,0.0,2,0,0.0,0.0,0,0.0,0.0,33.33,0.0,,0.0,0.0,0.0,0.0,0.0,608032
SI,Sinker,FB,3,0.51,1,1,1,100.0,0,0.0,2,2,100.0,66.67,0,0.0,66.67,50.0,0.99,50.0,0.0,0.0,0.0,0.0,0.0,608032
SL,Slider,BR,72,48.32,23,21,2,8.7,1,4.35,38,9,23.68,12.5,15,20.83,33.33,27.59,47.37,11.11,0.238,0.261,0.333,0.5940000000000001,0.095,608328
FF,4-Seam Fastball,FB,54,36.24,14,8,2,14.29,5,35.71,24,6,25.0,11.11,5,9.26,20.37,18.52,39.47,13.33,0.25,0.5,0.75,1.25,0.5,608328
CU,Curveball,BR,17,11.41,4,4,1,25.0,0,0.0,5,1,20.0,5.88,3,17.65,23.53,10.0,10.53,25.0,0.75,0.75,1.0,1.75,0.25,608328
FS,Split-Finger,OS,5,3.36,1,0,0,0.0,0,0.0,2,0,0.0,0.0,0,0.0,0.0,0.0,2.63,0.0,,1.0,,,,608328
,,,1,0.67,0,0,0,,0,,0,0,,0.0,0,0.0,0.0,,0.0,,,,,,,608328
FF,4-Seam Fastball,FB,325,31.52,102,95,16,15.69,4,3.92,166,24,14.46,7.38,58,17.85,25.23,29.68,31.16,17.58,0.295,0.327,0.442,0.769,0.147,608331
CU,Curveball,BR,256,24.83,42,40,16,38.1,1,2.38,94,36,38.3,14.06,58,22.66,36.72,24.66,21.92,25.0,0.1,0.122,0.1,0.222,0.0,608331
CH,Changeup,OS,192,18.62,55,53,20,36.36,2,3.64,100,39,39.0,20.31,16,8.33,28.65,38.93,28.08,24.39,0.226,0.255,0.283,0.538,0.0569999999999999,608331
SI,Sinker,FB,120,11.64,35,33,7,20.0,2,5.71,55,12,21.82,10.0,19,15.83,25.83,22.73,7.53,31.82,0.333,0.371,0.364,0.735,0.0309999999999999,608331
SL,Slider,BR,53,5.14,9,7,0,0.0,2,22.22,28,5,17.86,9.43,6,11.32,20.75,29.63,4.79,0.0,0.571,0.667,1.286,1.953,0.7150000000000001,608331
FC,Cutter,FB,49,4.75,11,11,4,36.36,0,0.0,21,4,19.05,8.16,11,22.45,30.61,14.29,3.42,40.0,0.091,0.091,0.364,0.4549999999999999,0.273,608331
ST,Sweeper,BR,35,3.39,6,6,2,33.33,0,0.0,16,4,25.0,11.43,6,17.14,28.57,23.53,3.08,22.22,0.167,0.167,0.167,0.334,0.0,608331
,,,1,0.1,0,0,0,,0,,0,0,,0.0,1,100.0,100.0,,0.0,,,,,,,608331
CH,Changeup,OS,24,35.82,7,7,1,14.29,0,0.0,11,2,18.18,8.33,3,12.5,20.83,30.77,45.45,20.0,0.0,0.0,0.0,0.0,0.0,608334
SI,Sinker,FB,22,32.84,7,5,0,0.0,2,28.57,8,0,0.0,0.0,3,13.64,13.64,0.0,27.27,0.0,0.4,0.571,0.6,1.1709999999999998,0.1999999999999999,608334
SL,Slider,BR,13,19.4,2,2,0,0.0,0,0.0,4,0,0.0,0.0,4,30.77,30.77,16.67,18.18,0.0,0.5,0.5,1.5,2.0,1.0,608334
CU,Curveball,BR,6,8.96,1,0,0,0.0,1,100.0,1,1,100.0,16.67,2,33.33,50.0,0.0,0.0,,,1.0,,,,608334
FF,4-Seam Fastball,FB,2,2.99,0,0,0,,0,,0,0,,0.0,0,0.0,0.0,0.0,9.09,0.0,,,,,,608334
FF,4-Seam Fastball,FB,736,39.66,185,162,41,22.16,17,9.19,333,66,19.82,8.97,150,20.38,29.35,26.26,36.35,19.62,0.309,0.384,0.654,1.038,0.345,608337
SL,Slider,BR,669,36.05,167,160,42,25.15,7,4.19,313,116,37.06,17.34,93,13.9,31.24,29.17,36.17,20.19,0.219,0.251,0.375,0.626,0.156,608337
CH,Changeup,OS,434,23.38,114,102,34,29.82,8,7.02,241,82,34.02,18.89,53,12.21,31.11,29.9,26.61,22.22,0.196,0.274,0.422,0.696,0.2259999999999999,608337
,,,11,0.59,4,1,1,25.0,3,75.0,0,0,,0.0,0,0.0,0.0,,0.52,33.33,0.0,0.75,0.0,0.75,0.0,608337
CU,Curveball,BR,6,0.32,1,1,0,0.0,0,0.0,2,0,0.0,0.0,0,0.0,0.0,0.0,0.35,0.0,1.0,1.0,1.0,2.0,0.0,608337
FF,4-Seam Fastball,FB,278,26.94,79,73,21,26.58,5,6.33,169,36,21.3,12.95,42,15.11,28.06,39.81,34.05,18.92,0.247,0.304,0.493,0.7969999999999999,0.246,608344
CH,Changeup,OS,253,24.52,72,69,5,6.94,3,4.17,120,18,15.0,7.11,20,7.91,15.02,29.68,23.62,6.49,0.348,0.375,0.609,0.984,0.261,608344
SI,Sinker,FB,212,20.54,46,41,14,30.43,4,8.7,105,22,20.95,10.38,56,26.42,36.79,23.08,14.72,29.17,0.195,0.261,0.293,0.554,0.0979999999999999,608344
FC,Cutter,FB,148,14.34,45,39,12,26.67,2,4.44,92,26,28.26,17.57,19,12.84,30.41,34.43,14.11,26.09,0.154,0.222,0.205,0.427,0.0509999999999999,608344
SV,Slurve,BR,137,13.28,25,23,7,28.0,1,4.0,44,9,20.45,6.57,35,25.55,32.12,20.27,12.88,16.67,0.261,0.32,0.435,0.755,0.174,608344
CU,Curveball,BR,2,0.19,0,0,0,,0,,0,0,,0.0,0,0.0,0.0,0.0,0.0,,,,,,,608344
,,,2,0.19,0,0,0,,0,,0,0,,0.0,0,0.0,0.0,,0.61,0.0,,,,,,608344
FA,Other,,32,100.0,10,10,1,10.0,0,0.0,18,0,0.0,0.0,4,12.5,12.5,41.18,100.0,7.69,0.5,0.5,0.8,1.3,0.3,608348
ST,Sweeper,BR,337,55.7,80,67,28,35.0,11,13.75,146,64,43.84,18.99,58,17.21,36.2,29.32,53.54,26.42,0.09,0.225,0.194,0.419,0.104,608371
FF,4-Seam Fastball,FB,243,40.17,60,41,18,30.0,11,18.33,113,27,23.89,11.11,39,16.05,27.16,25.98,42.42,21.43,0.195,0.379,0.415,0.794,0.2199999999999999,608371
CU,Curveball,BR,12,1.98,3,2,1,33.33,1,33.33,2,1,50.0,8.33,1,8.33,16.67,18.18,4.04,12.5,0.0,0.333,0.0,0.333,0.0,608371
SL,Slider,BR,12,1.98,2,1,0,0.0,1,50.0,5,4,80.0,33.33,2,16.67,50.0,25.0,0.0,,0.0,0.5,0.0,0.5,0.0,608371
PO,Pitch Out,,1,0.17,0,0,0,,0,,0,0,,0.0,0,0.0,0.0,0.0,0.0,,,,,,,608371
CH,Changeup,OS,337,29.3,89,82,27,30.34,6,6.74,211,69,32.7,20.47,26,7.72,28.19,42.07,44.41,16.56,0.183,0.239,0.39,0.629,0.207,608379
SI,Sinker,FB,253,22.0,77,72,11,14.29,2,2.6,142,12,8.45,4.74,30,11.86,16.6,35.54,19.89,15.07,0.264,0.303,0.417,0.72,0.1529999999999999,608379
FF,4-Seam Fastball,FB,226,19.65,66,62,21,31.82,4,6.06,109,19,17.43,8.41,51,22.57,30.97,30.3,23.98,22.73,0.129,0.182,0.29,0.472,0.1609999999999999,608379
FC,Cutter,FB,201,17.48,46,38,2,4.35,8,17.39,67,14,20.9,6.97,53,26.37,33.33,15.53,5.18,10.53,0.368,0.478,0.579,1.057,0.2109999999999999,608379
CU,Curveball,BR,127,11.04,13,13,3,23.08,0,0.0,34,11,32.35,8.66,29,22.83,31.5,16.88,5.99,13.64,0.154,0.154,0.231,0.385,0.077,608379
SL,Slider,BR,5,0.43,2,2,0,0.0,0,0.0,2,0,0.0,0.0,0,0.0,0.0,40.0,0.27,0.0,0.0,0.0,0.0,0.0,0.0,608379
,,,1,0.09,0,0,0,,0,,0,0,,0.0,0,0.0,0.0,,0.27,0.0,,,,,,608379
SL,Slider,BR,49,39.52,15,13,4,26.67,1,6.67,29,15,51.72,30.61,5,10.2,40.82,50.0,39.47,26.67,0.154,0.2,0.462,0.662,0.308,608566
FF,4-Seam Fastball,FB,42,33.87,10,10,0,0.0,0,0.0,22,1,4.55,2.38,8,19.05,21.43,21.43,26.32,0.0,0.3,0.3,0.4,0.7,0.1,608566
SI,Sinker,FB,18,14.52,2,2,0,0.0,0,0.0,5,1,20.0,5.56,3,16.67,22.22,18.18,2.63,0.0,1.0,1.0,1.5,2.5,0.5,608566
KC,Knuckle Curve,BR,15,12.1,6,6,2,33.33,0,0.0,6,2,33.33,13.33,1,6.67,20.0,20.0,31.58,16.67,0.333,0.333,0.333,0.666,0.0,608566
SI,Sinker,FB,240,55.3,59,52,6,10.17,4,6.78,92,9,9.78,3.75,66,27.5,31.25,19.61,28.7,18.18,0.269,0.316,0.423,0.739,0.1539999999999999,608638
SL,Slider,BR,185,42.63,51,43,16,31.37,7,13.73,72,25,34.72,13.51,30,16.22,29.73,21.15,67.83,20.51,0.163,0.275,0.256,0.531,0.093,608638
FF,4-Seam Fastball,FB,9,2.07,0,0,0,,0,,2,1,50.0,11.11,2,22.22,33.33,0.0,3.48,0.0,,,,,,608638
SL,Slider,BR,7,50.0,2,2,1,50.0,0,0.0,4,2,50.0,28.57,1,14.29,42.86,50.0,75.0,33.33,0.0,0.0,0.0,0.0,0.0,608648
SI,Sinker,FB,4,28.57,1,1,0,0.0,0,0.0,2,0,0.0,0.0,1,25.0,25.0,66.67,0.0,,1.0,1.0,4.0,5.0,3.0,608648
FF,4-Seam Fastball,FB,3,21.43,1,1,0,0.0,0,0.0,2,0,0.0,0.0,0,0.0,0.0,0.0,25.0,0.0,0.0,0.0,0.0,0.0,0.0,608648
SI,Sinker,FB,331,47.83,89,78,9,10.11,6,6.74,144,21,14.58,6.34,81,24.47,30.82,30.41,30.29,14.29,0.256,0.341,0.526,0.867,0.27,608665
SL,Slider,BR,242,34.97,54,47,21,38.89,5,9.26,111,47,42.34,19.42,31,12.81,32.23,33.11,38.46,26.25,0.255,0.321,0.426,0.747,0.1709999999999999,608665
FF,4-Seam Fastball,FB,113,16.33,30,25,16,53.33,4,13.33,45,24,53.33,21.24,10,8.85,30.09,20.0,30.29,25.4,0.04,0.2,0.04,0.24,0.0,608665
CU,Curveball,BR,5,0.72,4,3,0,0.0,1,25.0,4,0,0.0,0.0,0,0.0,0.0,50.0,0.96,0.0,0.333,0.5,0.333,0.833,0.0,608665
,,,1,0.14,0,0,0,,0,,0,0,,0.0,0,0.0,0.0,,0.0,,,,,,,608665
FC,Cutter,FB,205,37.89,56,51,10,17.86,4,7.14,103,29,28.16,14.15,27,13.17,27.32,33.06,27.1,23.81,0.255,0.304,0.294,0.598,0.0389999999999999,608678
FF,4-Seam Fastball,FB,171,31.61,56,45,15,26.79,8,14.29,95,31,32.63,18.13,22,12.87,30.99,24.64,34.19,28.3,0.2,0.304,0.578,0.8819999999999999,0.3779999999999999,608678
SL,Slider,BR,154,28.47,31,30,13,41.94,1,3.23,85,48,56.47,31.17,7,4.55,35.71,45.95,36.13,23.21,0.233,0.258,0.667,0.925,0.434,608678
SI,Sinker,FB,9,1.66,2,1,0,0.0,0,0.0,4,0,0.0,0.0,1,11.11,11.11,42.86,2.58,0.0,0.0,0.5,0.0,0.5,0.0,608678
,,,2,0.37,1,0,0,0.0,1,100.0,0,0,,0.0,0,0.0,0.0,,0.0,,,1.0,,,,608678
FF,4-Seam Fastball,FB,500,55.07,111,100,26,23.42,8,7.21,252,62,24.6,12.4,101,20.2,32.6,28.37,51.25,18.06,0.2,0.261,0.28,0.541,0.08,608717
SL,Slider,BR,232,25.55,68,62,6,8.82,3,4.41,120,21,17.5,9.05,18,7.76,16.81,22.13,23.84,8.96,0.274,0.299,0.565,0.8639999999999999,0.2909999999999999,608717
CU,Curveball,BR,140,15.42,47,46,9,19.15,0,0.0,71,10,14.08,7.14,26,18.57,25.71,38.57,16.73,19.15,0.326,0.319,0.5,0.819,0.174,608717
CH,Changeup,OS,28,3.08,8,7,5,62.5,0,0.0,17,9,52.94,32.14,0,0.0,32.14,54.17,7.12,25.0,0.0,0.125,0.0,0.125,0.0,608717
SI,Sinker,FB,4,0.44,0,0,0,,0,,0,0,,0.0,1,25.0,25.0,0.0,0.36,0.0,,,,,,608717
ST,Sweeper,BR,2,0.22,0,0,0,,0,,0,0,,0.0,0,0.0,0.0,0.0,0.36,0.0,,,,,,608717
,,,2,0.22,0,0,0,,0,,0,0,,0.0,0,0.0,0.0,,0.36,0.0,,,,,,608717
CH,Changeup,OS,300,41.96,75,71,24,32.0,2,2.67,147,58,39.46,19.33,36,12.0,31.33,37.02,45.54,24.74,0.183,0.203,0.268,0.471,0.085,608718
FF,4-Seam Fastball,FB,221,30.91,63,55,8,12.7,5,7.94,113,16,14.16,7.24,39,17.65,24.89,33.02,24.88,15.09,0.236,0.306,0.273,0.579,0.037,608718
SI,Sinker,FB,184,25.73,44,39,9,20.45,5,11.36,66,10,15.15,5.43,54,29.35,34.78,16.25,28.64,14.75,0.308,0.386,0.385,0.771,0.077,608718
SL,Slider,BR,10,1.4,3,1,0,0.0,1,33.33,3,1,33.33,10.0,2,20.0,30.0,0.0,0.94,0.0,0.0,0.667,0.0,0.667,0.0,608718
FF,4-Seam Fastball,FB,139,37.47,34,27,11,32.35,5,14.71,65,22,33.85,15.83,31,22.3,38.13,22.81,34.38,25.0,0.222,0.364,0.333,0.6970000000000001,0.111,608723
ST,Sweeper,BR,96,25.88,30,28,6,20.0,1,3.33,57,13,22.81,13.54,5,5.21,18.75,40.0,35.16,13.33,0.286,0.3,0.5,0.8,0.214,608723
CU,Curveball,BR,88,23.72,18,18,3,16.67,0,0.0,39,12,30.77,13.64,10,11.36,25.0,36.21,19.53,12.0,0.333,0.333,0.722,1.055,0.3889999999999999,608723
FC,Cutter,FB,47,12.67,9,8,4,44.44,1,11.11,27,11,40.74,23.4,11,23.4,46.81,55.0,10.16,30.77,0.25,0.333,0.625,0.958,0.375,608723
,,,1,0.27,1,0,0,0.0,1,100.0,0,0,,0.0,0,0.0,0.0,,0.78,0.0,,1.0,,,,608723
FF,4-Seam Fastball,FB,26,40.0,4,3,1,25.0,1,25.0,10,4,40.0,15.38,9,34.62,50.0,22.22,33.33,20.0,0.333,0.5,0.333,0.833,0.0,611093
CH,Changeup,OS,22,33.85,8,6,0,0.0,2,25.0,8,2,25.0,9.09,3,13.64,22.73,15.38,33.33,0.0,0.5,0.625,0.5,1.125,0.0,611093
SL,Slider,BR,17,26.15,5,5,2,40.0,0,0.0,7,2,28.57,11.76,3,17.65,29.41,30.0,33.33,40.0,0.2,0.2,0.4,0.6000000000000001,0.2,611093
SL,Slider,BR,327,53.61,87,87,28,32.18,0,0.0,155,53,34.19,16.21,65,19.88,36.09,35.37,67.48,25.45,0.172,0.172,0.356,0.528,0.184,612434
SI,Sinker,FB,229,37.54,66,59,9,13.64,6,9.09,97,15,15.46,6.55,59,25.76,32.31,31.73,20.86,26.47,0.254,0.333,0.339,0.672,0.085,612434
CH,Changeup,OS,34,5.57,10,8,4,40.0,2,20.0,20,9,45.0,26.47,1,2.94,29.41,40.91,11.04,22.22,0.25,0.4,0.375,0.775,0.125,612434
FF,4-Seam Fastball,FB,15,2.46,1,1,0,0.0,0,0.0,5,1,20.0,6.67,7,46.67,53.33,50.0,0.61,0.0,0.0,0.0,0.0,0.0,0.0,612434
,,,5,0.82,1,0,0,0.0,1,100.0,0,0,,0.0,0,0.0,0.0,,0.0,,,1.0,,,,612434
SL,Slider,BR,209,91.67,48,43,12,25.0,3,6.25,103,28,27.18,13.4,35,16.75,30.14,35.29,93.06,17.91,0.256,0.333,0.279,0.6120000000000001,0.023,613534
FF,4-Seam Fastball,FB,16,7.02,4,2,0,0.0,1,25.0,5,0,0.0,0.0,0,0.0,0.0,9.09,5.56,0.0,0.5,0.75,2.0,2.75,1.5,613534
SI,Sinker,FB,3,1.32,0,0,0,,0,,0,0,,0.0,0,0.0,0.0,0.0,1.39,0.0,,,,,,613534
FA,Other,,14,100.0,5,5,0,0.0,0,0.0,8,1,12.5,7.14,2,14.29,21.43,33.33,100.0,0.0,0.6,0.6,0.6,1.2,0.0,613564
CU,Curveball,BR,209,42.22,52,49,13,25.0,3,5.77,94,34,36.17,16.27,34,16.27,32.54,28.33,50.0,15.38,0.306,0.346,0.51,0.856,0.204,614179
SI,Sinker,FB,133,26.87,29,24,1,3.45,3,10.34,60,9,15.0,6.77,14,10.53,17.29,31.33,9.62,6.67,0.375,0.483,0.542,1.025,0.167,614179
FF,4-Seam Fastball,FB,128,25.86,33,28,9,27.27,4,12.12,66,25,37.88,19.53,18,14.06,33.59,22.95,31.41,18.37,0.179,0.303,0.393,0.696,0.214,614179
CH,Changeup,OS,21,4.24,4,3,2,50.0,0,0.0,11,4,36.36,19.05,2,9.52,28.57,50.0,7.69,16.67,0.0,0.25,0.0,0.25,0.0,614179
,,,4,0.81,1,1,1,100.0,0,0.0,3,1,33.33,25.0,1,25.0,50.0,,1.28,50.0,0.0,0.0,0.0,0.0,0.0,614179
SI,Sinker,FB,281,34.65,96,85,5,5.21,3,3.12,141,12,8.51,4.27,48,17.08,21.35,34.03,26.58,8.47,0.306,0.354,0.376,0.73,0.07,615698
FC,Cutter,FB,220,27.13,65,64,3,4.62,0,0.0,116,22,18.97,10.0,28,12.73,22.73,26.21,23.87,5.66,0.312,0.308,0.422,0.73,0.1099999999999999,615698
CU,Curveball,BR,118,14.55,31,31,4,12.9,0,0.0,55,7,12.73,5.93,25,21.19,27.12,24.53,18.47,9.76,0.161,0.161,0.226,0.387,0.065,615698
FF,4-Seam Fastball,FB,87,10.73,13,12,1,7.69,1,7.69,36,5,13.89,5.75,22,25.29,31.03,26.19,8.56,5.26,0.333,0.385,0.583,0.968,0.2499999999999999,615698
FS,Split-Finger,OS,68,8.38,20,18,4,20.0,0,0.0,37,8,21.62,11.76,4,5.88,17.65,18.75,17.12,10.53,0.222,0.3,0.389,0.6890000000000001,0.167,615698
CH,Changeup,OS,36,4.44,8,8,1,12.5,0,0.0,16,3,18.75,8.33,2,5.56,13.89,33.33,5.41,8.33,0.375,0.375,1.125,1.5,0.75,615698
,,,1,0.12,0,0,0,,0,,0,0,,0.0,0,0.0,0.0,,0.0,,,,,,,615698
FF,4-Seam Fastball,FB,18,81.82,5,2,0,0.0,2,40.0,5,0,0.0,0.0,3,16.67,16.67,10.0,75.0,0.0,1.0,0.8,2.0,2.8,1.0,620454
SL,Slider,BR,4,18.18,0,0,0,,0,,0,0,,0.0,0,0.0,0.0,0.0,25.0,0.0,,,,,,620454
SI,Sinker,FB,389,57.21,97,82,6,6.19,13,13.4,182,25,13.74,6.43,93,23.91,30.33,29.11,38.74,8.11,0.305,0.412,0.354,0.766,0.0489999999999999,621016
SL,Slider,BR,144,21.18,41,39,13,31.71,1,2.44,67,24,35.82,16.67,14,9.72,26.39,33.67,27.23,25.0,0.256,0.268,0.462,0.73,0.206,621016
FF,4-Seam Fastball,FB,82,12.06,20,18,9,45.0,1,5.0,34,14,41.18,17.07,4,4.88,21.95,14.58,20.94,22.5,0.222,0.263,0.333,0.5960000000000001,0.111,621016
ST,Sweeper,BR,62,9.12,16,13,5,31.25,3,18.75,25,12,48.0,19.35,4,6.45,25.81,27.66,12.04,21.74,0.231,0.375,0.538,0.913,0.307,621016
CH,Changeup,OS,3,0.44,2,2,1,50.0,0,0.0,2,1,50.0,33.33,1,33.33,66.67,,1.05,50.0,0.5,0.5,1.0,1.5,0.5,621016
ST,Sweeper,BR,361,64.58,86,77,23,26.74,8,9.3,178,54,30.34,14.96,63,17.45,32.41,29.09,65.03,19.33,0.156,0.244,0.351,0.595,0.1949999999999999,621051
FF,4-Seam Fastball,FB,192,34.35,39,33,11,28.21,5,12.82,75,18,24.0,9.38,30,15.62,25.0,20.72,33.88,17.74,0.212,0.333,0.242,0.575,0.03,621051
FC,Cutter,FB,4,0.72,3,3,2,66.67,0,0.0,1,0,0.0,0.0,2,50.0,50.0,0.0,1.09,100.0,0.333,0.333,0.333,0.666,0.0,621051
CH,Changeup,OS,2,0.36,1,1,0,0.0,0,0.0,1,0,0.0,0.0,0,0.0,0.0,0.0,0.0,,1.0,1.0,4.0,5.0,3.0,621051
FF,4-Seam Fastball,FB,108,52.17,27,23,2,7.41,4,14.81,50,7,14.0,6.48,17,15.74,22.22,13.04,44.64,8.0,0.261,0.37,0.522,0.892,0.261,621057
SL,Slider,BR,47,22.71,17,16,3,17.65,1,5.88,23,4,17.39,8.51,6,12.77,21.28,25.0,30.36,17.65,0.438,0.471,0.75,1.221,0.312,621057
FC,Cutter,FB,42,20.29,9,7,2,22.22,2,22.22,15,4,26.67,9.52,12,28.57,38.1,19.05,12.5,28.57,0.286,0.444,0.429,0.873,0.143,621057
CH,Changeup,OS,10,4.83,2,2,1,50.0,0,0.0,5,2,40.0,20.0,1,10.0,30.0,42.86,12.5,14.29,0.0,0.0,0.0,0.0,0.0,621057
FF,4-Seam Fastball,FB,131,33.85,34,27,5,14.71,6,17.65,59,9,15.25,6.87,26,19.85,26.72,13.21,35.23,16.13,0.333,0.471,0.481,0.952,0.1479999999999999,621074
FC,Cutter,FB,124,32.04,29,28,6,20.69,1,3.45,56,17,30.36,13.71,23,18.55,32.26,25.0,21.59,26.32,0.286,0.31,0.536,0.8460000000000001,0.25,621074
SL,Slider,BR,98,25.32,27,25,10,37.04,2,7.41,40,20,50.0,20.41,1,1.02,21.43,27.85,36.36,31.25,0.2,0.259,0.24,0.499,0.0399999999999999,621074
CU,Curveball,BR,16,4.13,3,3,1,33.33,0,0.0,6,2,33.33,12.5,3,18.75,31.25,33.33,4.55,25.0,0.333,0.333,0.333,0.666,0.0,621074
SI,Sinker,FB,14,3.62,1,0,0,0.0,1,100.0,5,2,40.0,14.29,0,0.0,14.29,25.0,2.27,0.0,,1.0,,,,621074
CH,Changeup,OS,3,0.78,1,1,0,0.0,0,0.0,1,0,0.0,0.0,0,0.0,0.0,0.0,0.0,,1.0,1.0,1.0,2.0,0.0,621074
,,,1,0.26,0,0,0,,0,,0,0,,0.0,0,0.0,0.0,,0.0,,,,,,,621074
FF,4-Seam Fastball,FB,255,40.41,58,46,14,24.14,10,17.24,130,43,33.08,16.86,38,14.9,31.76,30.83,42.42,15.48,0.13,0.281,0.283,0.5640000000000001,0.1529999999999999,621076
SL,Slider,BR,215,34.07,59,56,19,32.2,3,5.08,104,33,31.73,15.35,42,19.53,34.88,38.98,44.95,21.35,0.268,0.305,0.339,0.644,0.071,621076
SI,Sinker,FB,112,17.75,29,23,1,3.45,3,10.34,54,8,14.81,7.14,20,17.86,25.0,16.22,8.59,5.88,0.522,0.621,0.696,1.317,0.1739999999999999,621076
CU,Curveball,BR,30,4.75,5,5,1,20.0,0,0.0,9,3,33.33,10.0,9,30.0,40.0,0.0,1.01,50.0,0.6,0.6,1.2,1.7999999999999998,0.6,621076
CH,Changeup,OS,18,2.85,2,2,0,0.0,0,0.0,8,0,0.0,0.0,2,11.11,11.11,33.33,3.03,0.0,0.0,0.0,0.0,0.0,0.0,621076
,,,1,0.16,0,0,0,,0,,0,0,,0.0,0,0.0,0.0,,0.0,,,,,,,621076
SI,Sinker,FB,420,31.65,120,112,29,24.17,6,5.0,181,27,14.92,6.43,111,26.43,32.86,34.78,26.25,27.62,0.312,0.35,0.375,0.725,0.063,621107
FC,Cutter,FB,399,30.07,84,78,2,2.38,4,4.76,161,30,18.63,7.52,118,29.57,37.09,17.14,6.75,7.41,0.321,0.349,0.526,0.875,0.205,621107
CU,Curveball,BR,312,23.51,81,80,36,44.44,0,0.0,163,64,39.26,20.51,36,11.54,32.05,40.64,34.25,26.28,0.212,0.222,0.462,0.684,0.25,621107
FF,4-Seam Fastball,FB,92,6.93,35,33,22,62.86,0,0.0,58,22,37.93,23.91,8,8.7,32.61,42.22,19.25,28.57,0.061,0.088,0.061,0.149,0.0,621107
ST,Sweeper,BR,92,6.93,33,33,15,45.45,0,0.0,65,27,41.54,29.35,7,7.61,36.96,54.17,12.25,30.61,0.182,0.182,0.364,0.546,0.182,621107
SL,Slider,BR,7,0.53,5,5,2,40.0,0,0.0,6,3,50.0,42.86,0,0.0,42.86,75.0,0.75,66.67,0.6,0.6,0.6,1.2,0.0,621107
CH,Changeup,OS,3,0.23,2,2,0,0.0,0,0.0,2,0,0.0,0.0,1,33.33,33.33,100.0,0.5,0.0,0.5,0.5,0.5,1.0,0.0,621107
,,,2,0.15,1,0,0,0.0,1,100.0,0,0,,0.0,0,0.0,0.0,,0.0,,,1.0,,,,621107
SI,Sinker,FB,292,29.41,78,69,19,24.36,8,10.26,123,18,14.63,6.16,67,22.95,29.11,30.2,25.09,26.76,0.319,0.39,0.377,0.767,0.0579999999999999,621112
ST,Sweeper,BR,264,26.59,83,75,24,28.92,5,6.02,143,54,37.76,20.45,16,6.06,26.52,42.54,39.58,21.43,0.213,0.253,0.333,0.5860000000000001,0.12,621112
FC,Cutter,FB,181,18.23,41,36,2,4.88,5,12.2,71,10,14.08,5.52,30,16.57,22.1,19.27,9.54,7.41,0.333,0.415,0.5,0.915,0.1669999999999999,621112
FF,4-Seam Fastball,FB,160,16.11,28,22,4,14.29,4,14.29,53,6,11.32,3.75,37,23.12,26.88,15.91,18.02,7.84,0.364,0.429,0.682,1.111,0.318,621112
CU,Curveball,BR,72,7.25,12,12,2,16.67,0,0.0,32,9,28.12,12.5,18,25.0,37.5,36.11,3.89,18.18,0.25,0.25,0.75,1.0,0.5,621112
CH,Changeup,OS,22,2.22,5,5,3,60.0,0,0.0,15,5,33.33,22.73,1,4.55,27.27,45.45,3.18,33.33,0.2,0.2,0.4,0.6000000000000001,0.2,621112
,,,2,0.2,0,0,0,,0,,0,0,,0.0,0,0.0,0.0,,0.71,0.0,,,,,,621112
ST,Sweeper,BR,15,36.59,3,3,1,33.33,0,0.0,6,1,16.67,6.67,4,26.67,33.33,25.0,20.0,33.33,0.0,0.0,0.0,0.0,0.0,621139
FS,Split-Finger,OS,14,34.15,3,2,2,66.67,1,33.33,5,3,60.0,21.43,0,0.0,21.43,35.71,66.67,20.0,0.0,0.333,0.0,0.333,0.0,621139
FF,4-Seam Fastball,FB,10,24.39,3,3,1,33.33,0,0.0,4,0,0.0,0.0,5,50.0,50.0,33.33,6.67,100.0,0.0,0.0,0.0,0.0,0.0,621139
FC,Cutter,FB,2,4.88,1,1,0,0.0,0,0.0,1,0,0.0,0.0,0,0.0,0.0,0.0,6.67,0.0,0.0,0.0,0.0,0.0,0.0,621139
SI,Sinker,FB,36,54.55,7,6,0,0.0,1,14.29,14,1,7.14,2.78,8,22.22,25.0,12.5,46.67,0.0,0.5,0.571,1.0,1.571,0.5,621199
ST,Sweeper,BR,23,34.85,8,7,2,25.0,0,0.0,8,2,25.0,8.7,8,34.78,43.48,20.0,40.0,33.33,0.143,0.125,0.143,0.268,0.0,621199
FC,Cutter,FB,7,10.61,1,1,1,100.0,0,0.0,1,0,0.0,0.0,2,28.57,28.57,16.67,13.33,50.0,0.0,0.0,0.0,0.0,0.0,621199
SL,Slider,BR,11,45.83,3,3,0,0.0,0,0.0,6,2,33.33,18.18,0,0.0,18.18,37.5,37.5,0.0,0.667,0.667,1.667,2.334,1.0,621219
SI,Sinker,FB,10,41.67,2,2,0,0.0,0,0.0,6,1,16.67,10.0,3,30.0,40.0,75.0,37.5,0.0,0.5,0.5,0.5,1.0,0.0,621219
CH,Changeup,OS,2,8.33,1,0,0,0.0,1,100.0,0,0,,0.0,0,0.0,0.0,0.0,12.5,0.0,,1.0,,,,621219
CU,Curveball,BR,1,4.17,0,0,0,,0,,0,0,,0.0,0,0.0,0.0,0.0,12.5,0.0,,,,,,621219
SI,Sinker,FB,312,54.36,59,47,17,28.81,11,18.64,146,47,32.19,15.06,61,19.55,34.62,18.75,40.65,19.54,0.191,0.345,0.319,0.6639999999999999,0.128,621237
FC,Cutter,FB,256,44.6,66,60,34,51.52,6,9.09,138,63,45.65,24.61,15,5.86,30.47,40.0,58.41,27.2,0.183,0.258,0.3,0.558,0.1169999999999999,621237
FF,4-Seam Fastball,FB,3,0.52,0,0,0,,0,,2,1,50.0,33.33,0,0.0,33.33,0.0,0.93,0.0,,,,,,621237
,,,3,0.52,1,0,0,0.0,1,100.0,0,0,,0.0,0,0.0,0.0,,0.0,,,1.0,,,,621237
SI,Sinker,FB,609,43.94,167,144,23,13.77,16,9.58,259,34,13.13,5.58,161,26.44,32.02,28.78,27.11,21.1,0.278,0.367,0.41,0.7769999999999999,0.1319999999999999,621244
SV,Slurve,BR,439,31.67,117,115,27,23.08,0,0.0,222,68,30.63,15.49,60,13.67,29.16,37.89,34.33,19.57,0.183,0.188,0.304,0.492,0.121,621244
FF,4-Seam Fastball,FB,173,12.48,40,40,8,20.0,0,0.0,88,20,22.73,11.56,41,23.7,35.26,30.16,12.19,16.33,0.275,0.275,0.375,0.65,0.0999999999999999,621244
CH,Changeup,OS,162,11.69,50,47,29,58.0,3,6.0,93,36,38.71,22.22,5,3.09,25.31,39.62,26.37,27.36,0.085,0.14,0.191,0.331,0.106,621244
,,,2,0.14,2,0,0,0.0,2,100.0,0,0,,0.0,0,0.0,0.0,,0.0,,,1.0,,,,621244
FC,Cutter,FB,1,0.07,0,0,0,,0,,0,0,,0.0,0,0.0,0.0,0.0,0.0,,,,,,,621244
SI,Sinker,FB,67,39.88,20,17,2,10.0,3,15.0,31,4,12.9,5.97,18,26.87,32.84,41.94,18.18,25.0,0.353,0.45,0.353,0.8029999999999999,0.0,621249
CU,Curveball,BR,41,24.4,13,13,1,7.69,0,0.0,18,3,16.67,7.32,7,17.07,24.39,27.27,27.27,8.33,0.385,0.385,0.615,1.0,0.2299999999999999,621249
CH,Changeup,OS,28,16.67,9,9,2,22.22,0,0.0,13,2,15.38,7.14,3,10.71,17.86,36.84,38.64,11.76,0.111,0.111,0.111,0.222,0.0,621249
FC,Cutter,FB,26,15.48,9,6,3,33.33,2,22.22,13,5,38.46,19.23,5,19.23,38.46,40.0,13.64,50.0,0.0,0.222,0.0,0.222,0.0,621249
FF,4-Seam Fastball,FB,5,2.98,2,2,0,0.0,0,0.0,2,0,0.0,0.0,2,40.0,40.0,50.0,2.27,0.0,0.0,0.0,0.0,0.0,0.0,621249
,,,1,0.6,0,0,0,,0,,0,0,,0.0,0,0.0,0.0,,0.0,,,,,,,621249
SI,Sinker,FB,78,47.85,21,20,3,14.29,1,4.76,35,6,17.14,7.69,23,29.49,37.18,32.14,23.26,30.0,0.2,0.238,0.35,0.588,0.1499999999999999,621294
FC,Cutter,FB,47,28.83,8,6,0,0.0,2,25.0,22,8,36.36,17.02,7,14.89,31.91,32.0,13.95,0.0,0.167,0.375,0.167,0.542,0.0,621294
ST,Sweeper,BR,33,20.25,15,13,10,66.67,1,6.67,12,9,75.0,27.27,3,9.09,36.36,33.33,58.14,40.0,0.0,0.133,0.0,0.133,0.0,621294
CH,Changeup,OS,2,1.23,1,1,0,0.0,0,0.0,1,0,0.0,0.0,0,0.0,0.0,50.0,2.33,0.0,1.0,1.0,1.0,2.0,0.0,621294
FF,4-Seam Fastball,FB,2,1.23,0,0,0,,0,,1,0,0.0,0.0,0,0.0,0.0,0.0,2.33,0.0,,,,,,621294
,,,1,0.61,0,0,0,,0,,0,0,,0.0,0,0.0,0.0,,0.0,,,,,,,621294
SL,Slider,BR,100,50.76,28,25,2,7.14,1,3.57,53,11,20.75,11.0,13,13.0,24.0,32.69,54.39,6.45,0.32,0.393,0.4,0.793,0.08,621295
FF,4-Seam Fastball,FB,83,42.13,27,23,5,18.52,3,11.11,37,5,13.51,6.02,16,19.28,25.3,22.86,40.35,21.74,0.174,0.296,0.391,0.687,0.217,621295
FC,Cutter,FB,8,4.06,3,3,1,33.33,0,0.0,5,2,40.0,25.0,1,12.5,37.5,75.0,3.51,50.0,0.333,0.333,0.667,1.0,0.334,621295
CH,Changeup,OS,5,2.54,2,2,0,0.0,0,0.0,2,0,0.0,0.0,0,0.0,0.0,25.0,1.75,0.0,1.0,1.0,1.5,2.5,0.5,621295
SI,Sinker,FB,1,0.51,0,0,0,,0,,0,0,,0.0,0,0.0,0.0,0.0,0.0,,,,,,,621295
FF,4-Seam Fastball,FB,319,46.23,66,61,17,25.76,4,6.06,158,38,24.05,11.91,50,15.67,27.59,26.71,38.6,19.32,0.197,0.242,0.426,0.6679999999999999,0.2289999999999999,621345
FC,Cutter,FB,223,32.32,60,58,25,41.67,2,3.33,115,51,44.35,22.87,47,21.08,43.95,39.81,32.46,33.78,0.224,0.25,0.276,0.526,0.052,621345
CH,Changeup,OS,140,20.29,39,38,16,41.03,1,2.56,78,29,37.18,20.71,8,5.71,26.43,39.13,28.95,24.24,0.211,0.231,0.211,0.442,0.0,621345
,,,8,1.16,2,0,0,0.0,2,100.0,0,0,,0.0,0,0.0,0.0,,0.0,,,1.0,,,,621345
FF,4-Seam Fastball,FB,412,64.88,111,95,14,12.61,12,10.81,197,33,16.75,8.01,70,16.99,25.0,34.43,64.63,13.21,0.232,0.321,0.326,0.647,0.094,621363
SL,Slider,BR,219,34.49,60,56,22,36.67,3,5.0,113,47,41.59,21.46,22,10.05,31.51,29.84,35.37,37.93,0.143,0.183,0.25,0.433,0.107,621363
,,,4,0.63,1,0,0,0.0,1,100.0,0,0,,0.0,0,0.0,0.0,,0.0,,,1.0,,,,621363
SL,Slider,BR,135,51.14,34,33,8,23.53,0,0.0,74,24,32.43,17.78,28,20.74,38.52,40.35,38.67,27.59,0.182,0.206,0.303,0.509,0.121,621366
CH,Changeup,OS,59,22.35,19,19,3,15.79,0,0.0,37,11,29.73,18.64,3,5.08,23.73,48.65,32.0,12.5,0.158,0.158,0.158,0.316,0.0,621366
SI,Sinker,FB,49,18.56,15,15,0,0.0,0,0.0,24,2,8.33,4.08,10,20.41,24.49,5.26,9.33,0.0,0.4,0.4,0.733,1.133,0.3329999999999999,621366
ST,Sweeper,BR,19,7.2,7,7,4,57.14,0,0.0,11,4,36.36,21.05,3,15.79,36.84,50.0,17.33,30.77,0.143,0.143,0.571,0.714,0.4279999999999999,621366
,,,2,0.76,1,1,1,100.0,0,0.0,0,0,,0.0,0,0.0,0.0,,2.67,50.0,0.0,0.0,0.0,0.0,0.0,621366
FF,4-Seam Fastball,FB,104,55.03,25,22,6,24.0,3,12.0,56,13,23.21,12.5,14,13.46,25.96,28.0,55.56,15.0,0.409,0.48,0.727,1.207,0.318,621368
SL,Slider,BR,65,34.39,16,16,3,18.75,0,0.0,43,11,25.58,16.92,5,7.69,24.62,50.0,38.89,10.71,0.312,0.312,0.5,0.812,0.188,621368
CH,Changeup,OS,10,5.29,4,4,1,25.0,0,0.0,4,1,25.0,10.0,3,30.0,40.0,0.0,4.17,33.33,0.5,0.5,1.5,2.0,1.0,621368
SI,Sinker,FB,10,5.29,2,2,0,0.0,0,0.0,3,0,0.0,0.0,4,40.0,40.0,0.0,1.39,0.0,0.5,0.5,0.5,1.0,0.0,621368
FF,4-Seam Fastball,FB,538,53.06,131,120,48,36.64,9,6.87,273,85,31.14,15.8,84,15.61,31.41,27.24,57.51,26.67,0.208,0.267,0.4,0.667,0.192,621381
SL,Slider,BR,226,22.29,65,60,19,29.23,2,3.08,111,30,27.03,13.27,39,17.26,30.53,29.91,27.8,21.84,0.167,0.188,0.3,0.488,0.1329999999999999,621381
SI,Sinker,FB,124,12.23,28,26,8,28.57,2,7.14,63,12,19.05,9.68,20,16.13,25.81,21.57,9.27,27.59,0.269,0.321,0.423,0.744,0.1539999999999999,621381
FC,Cutter,FB,119,11.74,27,21,2,7.41,6,22.22,60,16,26.67,13.45,16,13.45,26.89,32.79,4.79,13.33,0.286,0.444,0.571,1.015,0.285,621381
CH,Changeup,OS,6,0.59,2,2,0,0.0,0,0.0,3,0,0.0,0.0,2,33.33,33.33,33.33,0.64,0.0,0.5,0.5,1.0,1.5,0.5,621381
,,,1,0.1,0,0,0,,0,,0,0,,0.0,0,0.0,0.0,,0.0,,,,,,,621381
FF,4-Seam Fastball,FB,224,34.41,55,51,12,21.82,2,3.64,109,22,20.18,9.82,40,17.86,27.68,20.41,40.34,16.9,0.353,0.382,0.627,1.009,0.274,621383
SL,Slider,BR,186,28.57,50,44,9,18.0,5,10.0,90,24,26.67,12.9,31,16.67,29.57,23.81,25.57,20.0,0.25,0.34,0.432,0.772,0.182,621383
CH,Changeup,OS,165,25.35,40,37,1,2.5,2,5.0,64,12,18.75,7.27,23,13.94,21.21,20.2,21.02,2.7,0.162,0.2,0.324,0.524,0.162,621383
ST,Sweeper,BR,58,8.91,14,14,4,28.57,0,0.0,29,5,17.24,8.62,9,15.52,24.14,16.67,10.8,21.05,0.429,0.429,1.286,1.715,0.857,621383
SI,Sinker,FB,13,2.0,2,2,1,50.0,0,0.0,5,3,60.0,23.08,3,23.08,46.15,14.29,1.7,33.33,0.5,0.5,0.5,1.0,0.0,621383
,,,5,0.77,2,1,1,50.0,1,50.0,0,0,,0.0,0,0.0,0.0,,0.57,100.0,0.0,0.5,0.0,0.5,0.0,621383
SI,Sinker,FB,553,55.02,166,147,28,16.87,16,9.64,259,30,11.58,5.42,128,23.15,28.57,17.77,52.84,18.79,0.327,0.398,0.551,0.949,0.224,621389
CH,Changeup,OS,267,26.57,70,63,7,10.0,3,4.29,139,29,20.86,10.86,23,8.61,19.48,42.31,30.5,8.14,0.365,0.377,0.476,0.853,0.1109999999999999,621389
FC,Cutter,FB,124,12.34,27,23,2,7.41,1,3.7,67,11,16.42,8.87,12,9.68,18.55,41.56,7.09,10.0,0.478,0.481,0.87,1.351,0.392,621389
CU,Curveball,BR,58,5.77,18,15,3,16.67,1,5.56,26,6,23.08,10.34,7,12.07,22.41,28.57,9.57,11.11,0.267,0.389,0.267,0.656,0.0,621389
FF,4-Seam Fastball,FB,3,0.3,0,0,0,,0,,2,0,0.0,0.0,0,0.0,0.0,0.0,0.0,,,,,,,621389
FF,4-Seam Fastball,FB,4,80.0,1,0,0,0.0,1,100.0,0,0,,0.0,0,0.0,0.0,0.0,,,,1.0,,,,621433
FA,Other,,1,20.0,1,1,0,0.0,0,0.0,1,0,0.0,0.0,0,0.0,0.0,,,,0.0,0.0,0.0,0.0,0.0,621433
CH,Changeup,OS,203,47.65,57,55,16,28.07,2,3.51,121,48,39.67,23.65,18,8.87,32.51,46.28,57.14,25.0,0.2,0.228,0.418,0.646,0.2179999999999999,622065
SI,Sinker,FB,154,36.15,46,42,1,2.17,4,8.7,66,3,4.55,1.95,33,21.43,23.38,25.0,24.11,3.7,0.286,0.348,0.524,0.872,0.238,622065
CU,Curveball,BR,50,11.74,10,9,5,50.0,1,10.0,27,10,37.04,20.0,7,14.0,34.0,41.67,14.29,31.25,0.111,0.2,0.222,0.422,0.111,622065
FF,4-Seam Fastball,FB,17,3.99,5,5,0,0.0,0,0.0,8,2,25.0,11.76,1,5.88,17.65,20.0,4.46,0.0,0.2,0.2,0.8,1.0,0.6000000000000001,622065
,,,2,0.47,0,0,0,,0,,0,0,,0.0,0,0.0,0.0,,0.0,,,,,,,622065
SI,Sinker,FB,601,48.62,141,117,32,22.7,22,15.6,269,62,23.05,10.32,124,20.63,30.95,16.48,54.21,16.58,0.231,0.353,0.41,0.7629999999999999,0.1789999999999999,622072
CH,Changeup,OS,317,25.65,73,72,5,6.85,1,1.37,136,15,11.03,4.73,36,11.36,16.09,24.02,18.82,7.46,0.306,0.315,0.472,0.7869999999999999,0.1659999999999999,622072
SL,Slider,BR,316,25.57,94,81,16,17.02,7,7.45,155,37,23.87,11.71,59,18.67,30.38,36.26,26.97,16.67,0.296,0.383,0.481,0.864,0.185,622072
FF,4-Seam Fastball,FB,1,0.08,0,0,0,,0,,0,0,,0.0,1,100.0,100.0,,0.0,,,,,,,622072
,,,1,0.08,0,0,0,,0,,0,0,,0.0,0,0.0,0.0,,0.0,,,,,,,622072
ST,Sweeper,BR,293,58.95,73,72,32,43.84,1,1.37,123,62,50.41,21.16,53,18.09,39.25,30.46,82.91,32.99,0.167,0.178,0.319,0.497,0.152,622075
SI,Sinker,FB,192,38.63,58,46,3,5.17,10,17.24,82,11,13.41,5.73,50,26.04,31.77,30.23,13.68,18.75,0.283,0.431,0.391,0.8220000000000001,0.108,622075
,,,6,1.21,1,0,0,0.0,1,100.0,0,0,,0.0,0,0.0,0.0,,0.85,0.0,,1.0,,,,622075
FF,4-Seam Fastball,FB,5,1.01,0,0,0,,0,,2,0,0.0,0.0,0,0.0,0.0,0.0,1.71,0.0,,,,,,622075
CH,Changeup,OS,1,0.2,0,0,0,,0,,0,0,,0.0,0,0.0,0.0,0.0,0.85,0.0,,,,,,622075
SI,Sinker,FB,15,45.45,3,3,0,0.0,0,0.0,5,1,20.0,6.67,4,26.67,33.33,16.67,0.0,,0.333,0.333,0.333,0.666,0.0,622088
SL,Slider,BR,12,36.36,5,5,1,20.0,0,0.0,6,2,33.33,16.67,4,33.33,50.0,71.43,42.86,33.33,0.2,0.2,0.2,0.4,0.0,622088
FF,4-Seam Fastball,FB,3,9.09,0,0,0,,0,,0,0,,0.0,0,0.0,0.0,0.0,28.57,0.0,,,,,,622088
CU,Curveball,BR,3,9.09,1,1,0,0.0,0,0.0,2,0,0.0,0.0,1,33.33,33.33,50.0,28.57,0.0,0.0,0.0,0.0,0.0,0.0,622088
FF,4-Seam Fastball,FB,377,59.75,90,75,20,22.22,11,12.22,183,43,23.5,11.41,61,16.18,27.59,28.0,62.02,15.5,0.2,0.333,0.4,0.7330000000000001,0.2,622098
SL,Slider,BR,192,30.43,38,36,11,28.95,2,5.26,81,23,28.4,11.98,27,14.06,26.04,19.81,27.4,19.3,0.306,0.342,0.5,0.8420000000000001,0.194,622098
CU,Curveball,BR,38,6.02,8,7,1,12.5,1,12.5,13,5,38.46,13.16,9,23.68,36.84,23.81,1.92,25.0,0.286,0.375,0.714,1.089,0.428,622098
CH,Changeup,OS,22,3.49,6,5,1,16.67,1,16.67,11,3,27.27,13.64,1,4.55,18.18,33.33,8.65,5.56,0.2,0.333,0.2,0.533,0.0,622098
SI,Sinker,FB,1,0.16,0,0,0,,0,,0,0,,0.0,0,0.0,0.0,0.0,0.0,,,,,,,622098
,,,1,0.16,0,0,0,,0,,0,0,,0.0,0,0.0,0.0,,0.0,,,,,,,622098
FF,4-Seam Fastball,FB,74,51.75,13,10,3,23.08,2,15.38,34,12,35.29,16.22,19,25.68,41.89,36.0,45.24,15.79,0.3,0.385,0.3,0.685,0.0,622103
SL,Slider,BR,44,30.77,15,12,4,26.67,1,6.67,17,4,23.53,9.09,4,9.09,18.18,14.29,45.24,21.05,0.25,0.4,0.417,0.817,0.1669999999999999,622103
SI,Sinker,FB,24,16.78,6,5,1,16.67,1,16.67,10,1,10.0,4.17,4,16.67,20.83,18.18,7.14,33.33,0.0,0.167,0.0,0.167,0.0,622103
,,,1,0.7,0,0,0,,0,,0,0,,0.0,0,0.0,0.0,,2.38,0.0,,,,,,622103
FA,Other,,12,75.0,4,3,0,0.0,0,0.0,7,2,28.57,16.67,1,8.33,25.0,42.86,60.0,0.0,0.333,0.5,1.333,1.833,1.0,622110
CH,Changeup,OS,4,25.0,1,1,0,0.0,0,0.0,1,0,0.0,0.0,0,0.0,0.0,0.0,40.0,0.0,0.0,0.0,0.0,0.0,0.0,622110
SL,Slider,BR,259,52.54,71,65,17,23.94,3,4.23,129,53,41.09,20.46,45,17.37,37.84,33.33,42.42,30.36,0.215,0.25,0.415,0.665,0.1999999999999999,622250
FF,4-Seam Fastball,FB,160,32.45,46,39,11,23.91,6,13.04,85,30,35.29,18.75,17,10.62,29.38,27.5,37.12,22.45,0.179,0.304,0.385,0.6890000000000001,0.206,622250
CU,Curveball,BR,73,14.81,21,21,6,28.57,0,0.0,26,4,15.38,5.48,22,30.14,35.62,25.71,20.45,22.22,0.333,0.333,0.429,0.762,0.0959999999999999,622250
,,,1,0.2,0,0,0,,0,,1,1,100.0,100.0,0,0.0,100.0,,0.0,,,,,,,622250
FF,4-Seam Fastball,FB,101,47.42,22,17,2,9.09,5,22.73,44,8,18.18,7.92,10,9.9,17.82,16.67,26.79,13.33,0.235,0.409,0.471,0.8799999999999999,0.236,622251
SL,Slider,BR,67,31.46,14,13,6,42.86,1,7.14,32,16,50.0,23.88,11,16.42,40.3,36.84,32.14,33.33,0.154,0.214,0.154,0.368,0.0,622251
CU,Curveball,BR,29,13.62,12,10,6,50.0,2,16.67,11,3,27.27,10.34,5,17.24,27.59,22.22,35.71,30.0,0.3,0.417,0.3,0.717,0.0,622251
SI,Sinker,FB,16,7.51,4,1,0,0.0,2,50.0,8,2,25.0,12.5,2,12.5,25.0,50.0,5.36,0.0,0.0,0.667,0.0,0.667,0.0,622251
FF,4-Seam Fastball,FB,106,51.46,30,27,6,20.0,3,10.0,54,8,14.81,7.55,18,16.98,24.53,20.45,45.45,24.0,0.296,0.367,0.333,0.7,0.037,622259
SL,Slider,BR,100,48.54,24,23,11,45.83,0,0.0,46,22,47.83,22.0,11,11.0,33.0,36.76,54.55,36.67,0.13,0.167,0.261,0.428,0.131,622259
FF,4-Seam Fastball,FB,582,40.25,131,118,53,40.46,11,8.4,325,115,35.38,19.76,80,13.75,33.51,31.87,48.99,23.85,0.136,0.215,0.322,0.537,0.186,622491
SI,Sinker,FB,403,27.87,138,127,22,15.94,7,5.07,214,32,14.95,7.94,65,16.13,24.07,33.5,21.35,23.16,0.244,0.294,0.346,0.6399999999999999,0.1019999999999999,622491
SL,Slider,BR,385,26.63,82,80,21,25.61,2,2.44,171,71,41.52,18.44,72,18.7,37.14,34.47,21.35,22.11,0.238,0.256,0.375,0.631,0.137,622491
CH,Changeup,OS,75,5.19,22,22,6,27.27,0,0.0,42,11,26.19,14.67,2,2.67,17.33,34.78,8.31,16.22,0.227,0.227,0.227,0.454,0.0,622491
,,,1,0.07,0,0,0,,0,,0,0,,0.0,0,0.0,0.0,,0.0,,,,,,,622491
CH,Changeup,OS,60,40.82,17,14,6,35.29,2,11.76,32,16,50.0,26.67,6,10.0,36.67,38.89,64.44,20.69,0.357,0.471,0.643,1.114,0.286,622503
CU,Curveball,BR,34,23.13,3,3,0,0.0,0,0.0,10,3,30.0,8.82,8,23.53,32.35,25.0,8.89,0.0,0.333,0.333,0.333,0.666,0.0,622503
FF,4-Seam Fastball,FB,29,19.73,7,6,1,14.29,1,14.29,11,1,9.09,3.45,9,31.03,34.48,25.0,17.78,12.5,0.333,0.429,0.333,0.762,0.0,622503
SI,Sinker,FB,13,8.84,7,7,1,14.29,0,0.0,8,2,25.0,15.38,2,15.38,30.77,57.14,4.44,50.0,0.429,0.429,0.429,0.858,0.0,622503
SL,Slider,BR,9,6.12,4,4,1,25.0,0,0.0,5,1,20.0,11.11,1,11.11,22.22,40.0,2.22,100.0,0.25,0.25,0.25,0.5,0.0,622503
PO,Pitch Out,,2,1.36,0,0,0,,0,,0,0,,0.0,0,0.0,0.0,0.0,2.22,0.0,,,,,,622503
SI,Sinker,FB,235,40.66,67,59,4,5.97,6,8.96,132,16,12.12,6.81,25,10.64,17.45,34.21,24.44,9.09,0.288,0.373,0.407,0.78,0.119,622554
FF,4-Seam Fastball,FB,174,30.1,40,33,17,42.5,7,17.5,97,45,46.39,25.86,13,7.47,33.33,26.14,39.44,23.94,0.152,0.3,0.242,0.542,0.09,622554
SL,Slider,BR,168,29.07,39,36,17,43.59,3,7.69,67,35,52.24,20.83,23,13.69,34.52,25.93,36.11,26.15,0.167,0.231,0.278,0.509,0.111,622554
CH,Changeup,OS,1,0.17,0,0,0,,0,,0,0,,0.0,0,0.0,0.0,0.0,0.0,,,,,,,622554
EP,Eephus,,14,45.16,5,2,0,0.0,3,60.0,3,0,0.0,0.0,0,0.0,0.0,0.0,28.57,0.0,1.0,1.0,1.0,2.0,0.0,622569
FA,Other,,13,41.94,3,3,0,0.0,0,0.0,4,0,0.0,0.0,4,30.77,30.77,16.67,42.86,0.0,0.0,0.0,0.0,0.0,0.0,622569
CS,Slow Curve,BR,4,12.9,0,0,0,,0,,1,1,100.0,25.0,0,0.0,25.0,25.0,28.57,0.0,,,,,,622569
FF,4-Seam Fastball,FB,38,57.58,10,10,1,10.0,0,0.0,20,2,10.0,5.26,5,13.16,18.42,13.33,63.64,7.14,0.2,0.2,0.5,0.7,0.3,622608
SL,Slider,BR,24,36.36,4,3,0,0.0,1,25.0,9,0,0.0,0.0,3,12.5,12.5,15.38,36.36,0.0,0.0,0.25,0.0,0.25,0.0,622608
CH,Changeup,OS,3,4.55,1,1,0,0.0,0,0.0,2,1,50.0,33.33,0,0.0,33.33,0.0,0.0,,0.0,0.0,0.0,0.0,0.0,622608
CU,Curveball,BR,1,1.52,0,0,0,,0,,1,1,100.0,100.0,0,0.0,100.0,100.0,0.0,,,,,,,622608
FF,4-Seam Fastball,FB,323,37.3,73,65,17,23.29,7,9.59,184,44,23.91,13.62,51,15.79,29.41,30.4,36.9,15.89,0.338,0.403,0.723,1.126,0.3849999999999999,622663
CH,Changeup,OS,180,20.79,43,36,14,32.56,3,6.98,103,25,24.27,13.89,23,12.78,26.67,33.72,22.07,21.88,0.167,0.279,0.222,0.501,0.0549999999999999,622663
SL,Slider,BR,160,18.48,43,41,8,18.6,2,4.65,72,17,23.61,10.62,28,17.5,28.12,32.29,23.45,11.76,0.293,0.326,0.537,0.863,0.244,622663
FC,Cutter,FB,135,15.59,36,31,5,13.89,5,13.89,52,12,23.08,8.89,21,15.56,24.44,20.0,13.1,13.16,0.194,0.306,0.258,0.5640000000000001,0.064,622663
SI,Sinker,FB,57,6.58,16,15,1,6.25,0,0.0,29,3,10.34,5.26,7,12.28,17.54,28.12,3.1,11.11,0.333,0.375,0.467,0.8420000000000001,0.134,622663
ST,Sweeper,BR,11,1.27,4,4,0,0.0,0,0.0,7,2,28.57,18.18,1,9.09,27.27,57.14,1.38,0.0,0.25,0.25,1.0,1.25,0.75,622663
SI,Sinker,FB,58,46.03,12,9,0,0.0,3,25.0,24,1,4.17,1.72,14,24.14,25.86,35.48,19.35,0.0,0.333,0.5,0.333,0.833,0.0,622766
SL,Slider,BR,44,34.92,10,10,4,40.0,0,0.0,18,6,33.33,13.64,6,13.64,27.27,29.17,35.48,36.36,0.0,0.0,0.0,0.0,0.0,622766
CH,Changeup,OS,14,11.11,5,5,2,40.0,0,0.0,9,3,33.33,21.43,1,7.14,28.57,55.56,32.26,20.0,0.2,0.2,0.2,0.4,0.0,622766
FF,4-Seam Fastball,FB,6,4.76,3,2,2,66.67,1,33.33,3,3,100.0,50.0,0,0.0,50.0,50.0,6.45,100.0,0.0,0.333,0.0,0.333,0.0,622766
ST,Sweeper,BR,3,2.38,1,1,0,0.0,0,0.0,1,0,0.0,0.0,1,33.33,33.33,0.0,3.23,0.0,0.0,0.0,0.0,0.0,0.0,622766
,,,1,0.79,0,0,0,,0,,0,0,,0.0,0,0.0,0.0,,3.23,0.0,,,,,,622766
SI,Sinker,FB,218,68.77,57,49,9,15.79,7,12.28,91,14,15.38,6.42,48,22.02,28.44,30.28,51.76,20.45,0.224,0.333,0.245,0.5780000000000001,0.0209999999999999,622772
SL,Slider,BR,98,30.91,24,24,12,50.0,0,0.0,42,19,45.24,19.39,13,13.27,32.65,25.0,48.24,29.27,0.083,0.083,0.167,0.25,0.084,622772
,,,1,0.32,0,0,0,,0,,0,0,,0.0,0,0.0,0.0,,0.0,,,,,,,622772
FF,4-Seam Fastball,FB,185,61.67,50,45,16,32.0,2,4.0,95,29,30.53,15.68,35,18.92,34.59,26.58,65.31,25.0,0.289,0.347,0.556,0.903,0.267,622780
SL,Slider,BR,73,24.33,12,11,7,58.33,1,8.33,29,10,34.48,13.7,11,15.07,28.77,26.09,29.59,24.14,0.091,0.167,0.091,0.258,0.0,622780
CH,Changeup,OS,33,11.0,6,5,0,0.0,0,0.0,13,3,23.08,9.09,6,18.18,27.27,7.69,5.1,0.0,0.4,0.5,0.4,0.9,0.0,622780
,,,9,3.0,3,0,0,0.0,3,100.0,0,0,,0.0,0,0.0,0.0,,0.0,,,1.0,,,,622780
FF,4-Seam Fastball,FB,271,51.23,67,59,21,31.34,6,8.96,160,44,27.5,16.24,46,16.97,33.21,42.31,48.07,24.14,0.22,0.303,0.288,0.591,0.0679999999999999,623149
ST,Sweeper,BR,250,47.26,61,58,20,32.79,2,3.28,116,37,31.9,14.8,33,13.2,28.0,27.01,51.93,21.28,0.207,0.23,0.379,0.609,0.172,623149
,,,5,0.95,1,0,0,0.0,1,100.0,0,0,,0.0,0,0.0,0.0,,0.0,,,1.0,,,,623149
SI,Sinker,FB,3,0.57,0,0,0,,0,,0,0,,0.0,3,100.0,100.0,,0.0,,,,,,,623149
FF,4-Seam Fastball,FB,405,42.72,109,93,11,10.09,14,12.84,211,34,16.11,8.4,61,15.06,23.46,28.18,35.41,10.99,0.43,0.5,0.914,1.414,0.484,623167
FC,Cutter,FB,279,29.43,76,72,8,10.53,4,5.26,130,27,20.77,9.68,40,14.34,24.01,27.95,25.29,12.31,0.264,0.303,0.472,0.7749999999999999,0.2079999999999999,623167
SL,Slider,BR,87,9.18,17,16,4,23.53,1,5.88,42,11,26.19,12.64,3,3.45,16.09,27.27,15.95,9.76,0.312,0.353,0.5,0.853,0.188,623167
CH,Changeup,OS,83,8.76,22,20,7,31.82,2,9.09,36,16,44.44,19.28,9,10.84,30.12,20.0,14.01,19.44,0.1,0.182,0.1,0.282,0.0,623167
ST,Sweeper,BR,49,5.17,18,18,2,11.11,0,0.0,27,4,14.81,8.16,7,14.29,22.45,44.44,6.23,12.5,0.389,0.389,0.444,0.833,0.0549999999999999,623167
SI,Sinker,FB,32,3.38,12,11,0,0.0,0,0.0,18,2,11.11,6.25,5,15.62,21.88,16.67,2.33,0.0,0.545,0.583,0.636,1.219,0.0909999999999999,623167
CU,Curveball,BR,13,1.37,2,2,0,0.0,0,0.0,4,1,25.0,7.69,4,30.77,38.46,0.0,0.78,0.0,0.5,0.5,0.5,1.0,0.0,623167
FC,Cutter,FB,259,38.14,65,55,21,32.31,6,9.23,116,42,36.21,16.22,34,13.13,29.34,23.08,41.44,22.83,0.164,0.266,0.236,0.502,0.0719999999999999,623211
SI,Sinker,FB,171,25.18,31,24,1,3.23,5,16.13,63,11,17.46,6.43,49,28.65,35.09,28.05,4.05,11.11,0.375,0.5,0.458,0.958,0.083,623211
CH,Changeup,OS,153,22.53,38,31,16,42.11,6,15.79,93,38,40.86,24.84,7,4.58,29.41,53.85,31.98,22.54,0.161,0.316,0.226,0.542,0.065,623211
FF,4-Seam Fastball,FB,94,13.84,27,24,8,29.63,3,11.11,44,9,20.45,9.57,18,19.15,28.72,28.57,22.07,16.33,0.208,0.296,0.333,0.629,0.125,623211
,,,2,0.29,0,0,0,,0,,0,0,,0.0,0,0.0,0.0,,0.45,0.0,,,,,,623211
SI,Sinker,FB,609,70.9,129,108,37,28.68,20,15.5,306,77,25.16,12.64,93,15.27,27.91,30.06,67.87,17.87,0.176,0.31,0.269,0.579,0.093,623352
SL,Slider,BR,206,23.98,43,40,28,65.12,1,2.33,101,52,51.49,25.24,23,11.17,36.41,38.97,23.61,38.89,0.075,0.14,0.1,0.24,0.025,623352
CH,Changeup,OS,33,3.84,10,9,4,40.0,1,10.0,14,3,21.43,9.09,2,6.06,15.15,28.0,8.2,16.0,0.111,0.2,0.111,0.311,0.0,623352
,,,11,1.28,2,0,0,0.0,2,100.0,0,0,,0.0,0,0.0,0.0,,0.33,0.0,,1.0,,,,623352
FC,Cutter,FB,18,52.94,5,5,3,60.0,0,0.0,5,3,60.0,16.67,7,38.89,55.56,11.11,40.0,75.0,0.2,0.2,0.2,0.4,0.0,623381
FF,4-Seam Fastball,FB,9,26.47,1,1,0,0.0,0,0.0,4,2,50.0,22.22,2,22.22,44.44,25.0,20.0,0.0,0.0,0.0,0.0,0.0,0.0,623381
CU,Curveball,BR,6,17.65,2,2,1,50.0,0,0.0,2,1,50.0,16.67,1,16.67,33.33,40.0,40.0,25.0,0.0,0.0,0.0,0.0,0.0,623381
CH,Changeup,OS,1,2.94,1,1,0,0.0,0,0.0,1,0,0.0,0.0,0,0.0,0.0,,0.0,,1.0,1.0,2.0,3.0,1.0,623381
CU,Curveball,BR,162,47.79,36,32,7,19.44,2,5.56,58,18,31.03,11.11,34,20.99,32.1,22.47,41.18,16.67,0.219,0.257,0.375,0.632,0.156,623433
FF,4-Seam Fastball,FB,154,45.43,44,39,12,27.27,4,9.09,83,17,20.48,11.04,29,18.83,29.87,26.67,53.92,21.82,0.359,0.419,0.59,1.009,0.2309999999999999,623433
SI,Sinker,FB,23,6.78,5,3,0,0.0,2,40.0,8,1,12.5,4.35,8,34.78,39.13,11.11,4.9,0.0,0.333,0.6,0.333,0.933,0.0,623433
SI,Sinker,FB,393,59.1,119,111,20,16.81,6,5.04,198,23,11.62,5.85,96,24.43,30.28,26.62,53.33,19.23,0.27,0.311,0.315,0.626,0.0449999999999999,623437
ST,Sweeper,BR,226,33.98,52,48,14,26.92,0,0.0,87,27,31.03,11.95,47,20.8,32.74,29.85,41.03,17.5,0.229,0.224,0.333,0.557,0.104,623437
FC,Cutter,FB,44,6.62,8,6,3,37.5,2,25.0,20,7,35.0,15.91,7,15.91,31.82,20.83,5.13,30.0,0.167,0.375,0.167,0.542,0.0,623437
CH,Changeup,OS,2,0.3,1,1,1,100.0,0,0.0,2,2,100.0,100.0,0,0.0,100.0,,0.51,100.0,0.0,0.0,0.0,0.0,0.0,623437
SI,Sinker,FB,38,29.01,14,11,2,14.29,2,14.29,19,2,10.53,5.26,9,23.68,28.95,28.57,29.63,12.5,0.273,0.385,0.273,0.658,0.0,623451
SL,Slider,BR,36,27.48,5,3,1,20.0,2,40.0,14,4,28.57,11.11,4,11.11,22.22,29.63,27.78,6.67,0.333,0.6,0.667,1.267,0.334,623451
FF,4-Seam Fastball,FB,33,25.19,7,7,3,42.86,0,0.0,16,6,37.5,18.18,6,18.18,36.36,38.89,24.07,23.08,0.143,0.143,0.143,0.286,0.0,623451
CU,Curveball,BR,20,15.27,2,2,1,50.0,0,0.0,10,2,20.0,10.0,3,15.0,25.0,22.22,16.67,11.11,0.0,0.0,0.0,0.0,0.0,623451
FC,Cutter,FB,3,2.29,0,0,0,,0,,1,1,100.0,33.33,2,66.67,100.0,0.0,0.0,,,,,,,623451
CH,Changeup,OS,1,0.76,0,0,0,,0,,1,0,0.0,0.0,0,0.0,0.0,,1.85,0.0,,,,,,623451
ST,Sweeper,BR,284,61.34,81,79,36,44.44,1,1.23,143,69,48.25,24.3,45,15.85,40.14,38.95,78.63,34.95,0.089,0.1,0.139,0.239,0.05,623465
FF,4-Seam Fastball,FB,93,20.09,16,12,3,18.75,2,12.5,36,9,25.0,9.68,34,36.56,46.24,15.62,14.5,15.79,0.25,0.4,0.25,0.65,0.0,623465
SI,Sinker,FB,81,17.49,19,16,2,10.53,2,10.53,36,5,13.89,6.17,17,20.99,27.16,30.23,6.87,22.22,0.25,0.368,0.562,0.93,0.312,623465
,,,4,0.86,1,0,0,0.0,1,100.0,0,0,,0.0,0,0.0,0.0,,0.0,,,1.0,,,,623465
FC,Cutter,FB,1,0.22,0,0,0,,0,,0,0,,0.0,1,100.0,100.0,0.0,0.0,,,,,,,623465
ST,Sweeper,BR,124,40.39,43,43,12,27.91,0,0.0,62,17,27.42,13.71,24,19.35,33.06,33.33,64.84,20.34,0.209,0.209,0.395,0.604,0.186,623474
SL,Slider,BR,92,29.97,19,19,1,5.26,0,0.0,43,5,11.63,5.43,20,21.74,27.17,20.51,16.48,6.67,0.421,0.421,0.632,1.053,0.211,623474
SI,Sinker,FB,79,25.73,13,9,0,0.0,2,15.38,28,2,7.14,2.53,24,30.38,32.91,21.21,10.99,0.0,0.333,0.538,0.667,1.205,0.334,623474
FF,4-Seam Fastball,FB,9,2.93,3,3,3,100.0,0,0.0,5,4,80.0,44.44,1,11.11,55.56,60.0,5.49,60.0,0.0,0.0,0.0,0.0,0.0,623474
CH,Changeup,OS,3,0.98,2,2,1,50.0,0,0.0,2,1,50.0,33.33,0,0.0,33.33,50.0,2.2,50.0,0.5,0.5,2.0,2.5,1.5,623474
FA,Other,,11,100.0,3,2,0,0.0,1,33.33,4,0,0.0,0.0,2,18.18,18.18,16.67,100.0,0.0,0.5,0.667,1.0,1.667,0.5,623507
FF,4-Seam Fastball,FB,414,23.74,101,87,23,22.77,10,9.9,180,39,21.67,9.42,79,19.08,28.5,21.94,20.61,22.77,0.31,0.38,0.483,0.863,0.173,624133
SI,Sinker,FB,390,22.36,124,101,29,23.39,22,17.74,144,18,12.5,4.62,128,32.82,37.44,15.54,21.22,27.88,0.327,0.444,0.436,0.88,0.1089999999999999,624133
CH,Changeup,OS,354,20.3,93,86,14,15.05,6,6.45,169,51,30.18,14.41,19,5.37,19.77,29.06,21.02,13.59,0.256,0.301,0.407,0.708,0.1509999999999999,624133
CU,Curveball,BR,354,20.3,75,71,27,36.0,4,5.33,159,57,35.85,16.1,46,12.99,29.1,37.97,28.98,19.01,0.155,0.2,0.254,0.454,0.099,624133
FC,Cutter,FB,226,12.96,53,49,6,11.32,3,5.66,111,20,18.02,8.85,32,14.16,23.01,30.83,7.35,16.67,0.347,0.396,0.592,0.988,0.245,624133
SL,Slider,BR,5,0.29,2,2,1,50.0,0,0.0,3,0,0.0,0.0,1,20.0,20.0,50.0,0.61,33.33,0.0,0.0,0.0,0.0,0.0,624133
,,,1,0.06,0,0,0,,0,,0,0,,0.0,0,0.0,0.0,,0.2,0.0,,,,,,624133
FF,4-Seam Fastball,FB,120,44.61,33,23,5,15.15,10,30.3,47,5,10.64,4.17,29,24.17,28.33,14.81,41.33,16.13,0.13,0.394,0.261,0.655,0.131,624522
FC,Cutter,FB,81,30.11,22,22,5,22.73,0,0.0,41,14,34.15,17.28,16,19.75,37.04,30.56,20.0,33.33,0.182,0.182,0.364,0.546,0.182,624522
ST,Sweeper,BR,41,15.24,14,12,4,28.57,2,14.29,20,7,35.0,17.07,0,0.0,17.07,36.67,28.0,19.05,0.25,0.357,0.417,0.774,0.1669999999999999,624522
CU,Curveball,BR,21,7.81,2,2,1,50.0,0,0.0,6,5,83.33,23.81,2,9.52,33.33,7.69,8.0,16.67,0.0,0.0,0.0,0.0,0.0,624522
SL,Slider,BR,5,1.86,1,1,0,0.0,0,0.0,3,1,33.33,20.0,1,20.0,40.0,60.0,2.67,0.0,0.0,0.0,0.0,0.0,0.0,624522
SI,Sinker,FB,1,0.37,0,0,0,,0,,1,0,0.0,0.0,0,0.0,0.0,100.0,0.0,,,,,,,624522
SI,Sinker,FB,167,61.17,42,35,4,9.52,6,14.29,74,14,18.92,8.38,29,17.37,25.75,24.42,39.34,16.67,0.2,0.31,0.257,0.567,0.0569999999999999,624647
SL,Slider,BR,69,25.27,19,18,7,36.84,0,0.0,39,20,51.28,28.99,7,10.14,39.13,44.19,47.54,24.14,0.222,0.263,0.5,0.763,0.278,624647
CH,Changeup,OS,33,12.09,11,10,4,36.36,0,0.0,16,5,31.25,15.15,1,3.03,18.18,30.43,13.11,50.0,0.1,0.182,0.1,0.282,0.0,624647
,,,4,1.47,1,0,0,0.0,1,100.0,0,0,,0.0,0,0.0,0.0,,0.0,,,1.0,,,,624647
FF,4-Seam Fastball,FB,411,62.37,104,94,32,30.77,9,8.65,242,67,27.69,16.3,69,16.79,33.09,38.69,59.76,21.77,0.213,0.288,0.351,0.639,0.1379999999999999,625643
SL,Slider,BR,240,36.42,47,46,16,34.04,0,0.0,108,39,36.11,16.25,16,6.67,22.92,28.4,38.62,16.84,0.261,0.255,0.391,0.646,0.13,625643
CH,Changeup,OS,3,0.46,2,1,0,0.0,1,50.0,1,0,0.0,0.0,0,0.0,0.0,0.0,1.22,0.0,0.0,0.5,0.0,0.5,0.0,625643
,,,3,0.46,0,0,0,,0,,0,0,,0.0,0,0.0,0.0,,0.0,,,,,,,625643
SI,Sinker,FB,2,0.3,1,0,0,0.0,1,100.0,1,0,0.0,0.0,0,0.0,0.0,,0.41,0.0,,1.0,,,,625643
SL,Slider,BR,289,32.84,80,74,18,22.5,6,7.5,153,44,28.76,15.22,35,12.11,27.34,33.54,31.99,18.95,0.27,0.325,0.595,0.92,0.3249999999999999,628317
FS,Split-Finger,OS,222,25.23,57,54,18,31.58,2,3.51,130,41,31.54,18.47,12,5.41,23.87,45.77,34.01,17.82,0.185,0.228,0.333,0.561,0.148,628317
FF,4-Seam Fastball,FB,214,24.32,44,42,23,52.27,1,2.27,110,39,35.45,18.22,42,19.63,37.85,26.25,27.61,28.05,0.167,0.205,0.31,0.515,0.143,628317
SI,Sinker,FB,115,13.07,27,27,1,3.7,0,0.0,51,9,17.65,7.83,26,22.61,30.43,21.28,1.68,20.0,0.37,0.37,0.519,0.889,0.149,628317
ST,Sweeper,BR,25,2.84,9,9,4,44.44,0,0.0,14,6,42.86,24.0,6,24.0,48.0,58.33,4.04,33.33,0.111,0.111,0.444,0.555,0.333,628317
CU,Curveball,BR,13,1.48,2,1,0,0.0,1,50.0,2,0,0.0,0.0,5,38.46,38.46,0.0,0.67,0.0,1.0,1.0,4.0,5.0,3.0,628317
,,,2,0.23,0,0,0,,0,,0,0,,0.0,0,0.0,0.0,,0.0,,,,,,,628317
FF,4-Seam Fastball,FB,125,29.21,22,21,7,31.82,1,4.55,68,17,25.0,13.6,22,17.6,31.2,23.4,30.94,16.28,0.286,0.318,0.571,0.889,0.285,628452
SL,Slider,BR,113,26.4,32,31,13,40.62,1,3.12,68,25,36.76,22.12,12,10.62,32.74,46.03,30.94,30.23,0.065,0.094,0.065,0.159,0.0,628452
CH,Changeup,OS,109,25.47,38,38,17,44.74,0,0.0,72,32,44.44,29.36,9,8.26,37.61,50.85,34.53,35.42,0.184,0.184,0.316,0.5,0.132,628452
SI,Sinker,FB,81,18.93,16,14,0,0.0,2,12.5,32,7,21.88,8.64,16,19.75,28.4,28.26,3.6,0.0,0.571,0.625,0.643,1.268,0.072,628452
SI,Sinker,FB,248,64.08,77,66,10,12.99,9,11.69,116,19,16.38,7.66,42,16.94,24.6,32.09,56.18,20.0,0.333,0.416,0.394,0.81,0.061,628708
SL,Slider,BR,133,34.37,30,28,7,23.33,2,6.67,58,19,32.76,14.29,22,16.54,30.83,26.67,41.57,18.92,0.321,0.367,0.571,0.938,0.2499999999999999,628708
FF,4-Seam Fastball,FB,6,1.55,1,1,1,100.0,0,0.0,0,0,,0.0,3,50.0,50.0,0.0,2.25,50.0,0.0,0.0,0.0,0.0,0.0,628708
FF,4-Seam Fastball,FB,642,44.61,168,151,34,20.24,9,5.36,312,70,22.44,10.9,121,18.85,29.75,24.56,36.97,20.48,0.291,0.337,0.51,0.847,0.219,628711
SV,Slurve,BR,397,27.59,88,78,13,14.77,7,7.95,158,29,18.35,7.3,134,33.75,41.06,27.4,17.37,16.67,0.269,0.341,0.474,0.815,0.2049999999999999,628711
CH,Changeup,OS,275,19.11,80,77,23,28.75,2,2.5,158,47,29.75,17.09,17,6.18,23.27,43.65,22.72,22.55,0.312,0.325,0.623,0.948,0.311,628711
FC,Cutter,FB,120,8.34,43,43,19,44.19,0,0.0,82,20,24.39,16.67,3,2.5,19.17,54.93,22.72,18.63,0.14,0.14,0.302,0.442,0.1619999999999999,628711
,,,4,0.28,1,1,1,100.0,0,0.0,0,0,,0.0,0,0.0,0.0,,0.22,100.0,0.0,0.0,0.0,0.0,0.0,628711
SI,Sinker,FB,1,0.07,0,0,0,,0,,0,0,,0.0,1,100.0,100.0,,0.0,,,,,,,628711
FF,4-Seam Fastball,FB,13,56.52,5,0,0,0.0,4,80.0,3,0,0.0,0.0,2,15.38,15.38,11.11,60.0,0.0,,0.8,,,,629498
SL,Slider,BR,8,34.78,0,0,0,,0,,0,0,,0.0,1,12.5,12.5,0.0,40.0,0.0,,,,,,629498
CH,Changeup,OS,2,8.7,0,0,0,,0,,0,0,,0.0,0,0.0,0.0,0.0,0.0,,,,,,,629498
SI,Sinker,FB,331,48.82,97,87,10,10.31,9,9.28,168,24,14.29,7.25,56,16.92,24.17,28.48,32.0,17.86,0.264,0.34,0.368,0.708,0.1039999999999999,630023
SL,Slider,BR,213,31.42,44,38,4,9.09,3,6.82,88,19,21.59,8.92,34,15.96,24.88,17.14,25.71,8.89,0.395,0.419,0.816,1.235,0.4209999999999999,630023
FS,Split-Finger,OS,128,18.88,41,36,14,34.15,1,2.44,70,26,37.14,20.31,8,6.25,26.56,36.71,39.43,20.29,0.194,0.25,0.444,0.694,0.25,630023
FF,4-Seam Fastball,FB,5,0.74,1,1,1,100.0,0,0.0,2,1,50.0,20.0,0,0.0,20.0,0.0,2.86,20.0,0.0,0.0,0.0,0.0,0.0,630023
,,,1,0.15,1,0,0,0.0,1,100.0,0,0,,0.0,0,0.0,0.0,,0.0,,,1.0,,,,630023
SL,Slider,BR,57,42.54,14,11,2,14.29,3,21.43,28,7,25.0,12.28,7,12.28,24.56,24.14,37.21,12.5,0.091,0.286,0.091,0.377,0.0,640444
FF,4-Seam Fastball,FB,37,27.61,6,4,1,16.67,2,33.33,9,1,11.11,2.7,7,18.92,21.62,20.0,18.6,12.5,0.25,0.5,0.25,0.75,0.0,640444
ST,Sweeper,BR,23,17.16,6,6,3,50.0,0,0.0,13,6,46.15,26.09,3,13.04,39.13,53.33,30.23,23.08,0.167,0.167,0.167,0.334,0.0,640444
CH,Changeup,OS,17,12.69,6,5,1,16.67,1,16.67,10,1,10.0,5.88,2,11.76,17.65,28.57,13.95,16.67,0.2,0.333,0.4,0.7330000000000001,0.2,640444
FF,4-Seam Fastball,FB,399,67.63,118,111,25,21.19,5,4.24,221,48,21.72,12.03,58,14.54,26.57,23.87,68.42,19.23,0.27,0.305,0.45,0.755,0.18,640448
FS,Split-Finger,OS,131,22.2,27,27,10,37.04,0,0.0,69,27,39.13,20.61,13,9.92,30.53,38.67,20.0,26.32,0.185,0.185,0.333,0.518,0.148,640448
SL,Slider,BR,55,9.32,11,10,1,9.09,1,9.09,23,6,26.09,10.91,11,20.0,30.91,23.33,10.53,5.0,0.5,0.545,1.0,1.545,0.5,640448
,,,5,0.85,1,0,0,0.0,1,100.0,0,0,,0.0,0,0.0,0.0,,1.05,0.0,,1.0,,,,640448
FF,4-Seam Fastball,FB,351,61.9,88,78,34,38.64,7,7.95,177,55,31.07,15.67,61,17.38,33.05,26.62,64.02,28.1,0.192,0.273,0.346,0.619,0.1539999999999999,640451
SL,Slider,BR,132,23.28,24,23,7,29.17,1,4.17,57,14,24.56,10.61,18,13.64,24.24,22.22,23.81,15.56,0.087,0.125,0.087,0.212,0.0,640451
FS,Split-Finger,OS,58,10.23,12,12,2,16.67,0,0.0,36,7,19.44,12.07,6,10.34,22.41,42.86,7.94,13.33,0.25,0.25,0.417,0.667,0.1669999999999999,640451
CU,Curveball,BR,26,4.59,6,6,0,0.0,0,0.0,11,2,18.18,7.69,6,23.08,30.77,35.71,4.23,0.0,0.0,0.0,0.0,0.0,0.0,640451
SI,Sinker,FB,44,66.67,12,9,0,0.0,2,16.67,20,4,20.0,9.09,9,20.45,29.55,28.57,47.37,0.0,0.444,0.5,0.889,1.389,0.445,640454
FC,Cutter,FB,10,15.15,1,1,0,0.0,0,0.0,8,3,37.5,30.0,0,0.0,30.0,60.0,21.05,0.0,1.0,1.0,1.0,2.0,0.0,640454
ST,Sweeper,BR,9,13.64,2,2,0,0.0,0,0.0,3,0,0.0,0.0,0,0.0,0.0,14.29,21.05,0.0,0.5,0.5,0.5,1.0,0.0,640454
CH,Changeup,OS,2,3.03,1,1,1,100.0,0,0.0,2,1,50.0,50.0,0,0.0,50.0,100.0,10.53,50.0,0.0,0.0,0.0,0.0,0.0,640454
FF,4-Seam Fastball,FB,1,1.52,0,0,0,,0,,0,0,,0.0,1,100.0,100.0,0.0,0.0,,,,,,,640454
SI,Sinker,FB,554,41.1,147,134,42,28.57,11,7.48,318,83,26.1,14.98,71,12.82,27.8,29.79,44.13,20.69,0.246,0.301,0.433,0.734,0.187,640455
CH,Changeup,OS,298,22.11,68,63,11,16.18,4,5.88,141,28,19.86,9.4,44,14.77,24.16,24.5,15.43,15.49,0.222,0.265,0.349,0.614,0.1269999999999999,640455
FF,4-Seam Fastball,FB,204,15.13,45,34,8,17.78,9,20.0,110,24,21.82,11.76,30,14.71,26.47,22.99,16.74,10.39,0.324,0.444,0.706,1.15,0.3819999999999999,640455
SL,Slider,BR,173,12.83,40,35,11,27.5,2,5.0,83,23,27.71,13.29,23,13.29,26.59,27.66,13.91,17.19,0.314,0.4,0.571,0.971,0.2569999999999999,640455
ST,Sweeper,BR,119,8.83,28,23,7,25.0,2,7.14,52,16,30.77,13.45,22,18.49,31.93,32.43,9.78,15.56,0.174,0.321,0.217,0.538,0.043,640455
FF,4-Seam Fastball,FB,370,54.98,105,95,31,29.52,9,8.57,200,59,29.5,15.95,74,20.0,35.95,25.98,54.91,25.2,0.263,0.324,0.474,0.798,0.2109999999999999,640462
ST,Sweeper,BR,254,37.74,49,48,16,32.65,0,0.0,109,44,40.37,17.32,42,16.54,33.86,29.41,40.18,17.78,0.229,0.224,0.417,0.641,0.1879999999999999,640462
SI,Sinker,FB,21,3.12,3,3,0,0.0,0,0.0,10,3,30.0,14.29,6,28.57,42.86,37.5,0.45,0.0,0.667,0.667,0.667,1.334,0.0,640462
,,,9,1.34,2,0,0,0.0,2,100.0,0,0,,0.0,0,0.0,0.0,,0.45,0.0,,1.0,,,,640462
CH,Changeup,OS,8,1.19,2,2,1,50.0,0,0.0,2,1,50.0,12.5,1,12.5,25.0,16.67,2.23,20.0,0.5,0.5,0.5,1.0,0.0,640462
SL,Slider,BR,7,1.04,3,3,1,33.33,0,0.0,4,1,25.0,14.29,0,0.0,14.29,25.0,1.34,33.33,0.333,0.333,0.667,1.0,0.334,640462
FS,Split-Finger,OS,4,0.59,2,2,0,0.0,0,0.0,2,0,0.0,0.0,1,25.0,25.0,0.0,0.45,0.0,0.0,0.0,0.0,0.0,0.0,640462
SL,Slider,BR,281,49.91,74,66,21,28.38,6,8.11,147,64,43.54,22.78,43,15.3,38.08,35.86,50.29,23.86,0.182,0.247,0.273,0.52,0.091,640470
SI,Sinker,FB,142,25.22,44,39,6,13.64,2,4.55,70,6,8.57,4.23,24,16.9,21.13,27.54,20.0,17.14,0.179,0.25,0.179,0.429,0.0,640470
FF,4-Seam Fastball,FB,68,12.08,13,11,4,30.77,1,7.69,28,7,25.0,10.29,13,19.12,29.41,24.32,10.29,22.22,0.182,0.308,0.364,0.6719999999999999,0.182,640470
ST,Sweeper,BR,39,6.93,13,13,5,38.46,0,0.0,21,7,33.33,17.95,1,2.56,20.51,34.62,15.43,18.52,0.308,0.308,0.385,0.6930000000000001,0.077,640470
FC,Cutter,FB,29,5.15,7,7,1,14.29,0,0.0,15,4,26.67,13.79,7,24.14,37.93,36.36,3.43,16.67,0.286,0.286,0.429,0.715,0.143,640470
,,,3,0.53,0,0,0,,0,,0,0,,0.0,0,0.0,0.0,,0.57,0.0,,,,,,640470
PO,Pitch Out,,1,0.18,0,0,0,,0,,0,0,,0.0,0,0.0,0.0,0.0,0.0,,,,,,,640470
SI,Sinker,FB,18,34.62,7,6,0,0.0,0,0.0,6,0,0.0,0.0,6,33.33,33.33,12.5,8.33,0.0,0.5,0.571,1.0,1.571,0.5,641149
CU,Curveball,BR,17,32.69,5,3,2,40.0,2,40.0,6,4,66.67,23.53,2,11.76,35.29,35.71,58.33,28.57,0.333,0.6,0.333,0.933,0.0,641149
FF,4-Seam Fastball,FB,9,17.31,3,2,0,0.0,1,33.33,4,0,0.0,0.0,1,11.11,11.11,42.86,33.33,0.0,0.0,0.333,0.0,0.333,0.0,641149
SL,Slider,BR,7,13.46,2,2,0,0.0,0,0.0,5,1,20.0,14.29,1,14.29,28.57,50.0,0.0,,0.5,0.5,0.5,1.0,0.0,641149
CH,Changeup,OS,1,1.92,0,0,0,,0,,0,0,,0.0,0,0.0,0.0,0.0,0.0,,,,,,,641149
FF,4-Seam Fastball,FB,446,29.21,115,108,54,46.96,6,5.22,269,99,36.8,22.2,77,17.26,39.46,35.03,32.16,31.21,0.185,0.235,0.38,0.615,0.195,641154
ST,Sweeper,BR,445,29.14,98,95,33,33.67,2,2.04,195,77,39.49,17.3,64,14.38,31.69,29.7,31.78,19.3,0.168,0.184,0.284,0.4679999999999999,0.1159999999999999,641154
SI,Sinker,FB,313,20.5,83,73,5,6.02,5,6.02,163,21,12.88,6.71,63,20.13,26.84,42.76,5.76,16.13,0.288,0.358,0.356,0.714,0.068,641154
CH,Changeup,OS,226,14.8,72,64,26,36.11,7,9.72,129,45,34.88,19.91,13,5.75,25.66,34.4,22.68,21.31,0.219,0.292,0.375,0.667,0.156,641154
CU,Curveball,BR,93,6.09,25,24,11,44.0,1,4.0,45,20,44.44,21.51,10,10.75,32.26,40.32,7.25,28.21,0.167,0.2,0.292,0.492,0.1249999999999999,641154
,,,4,0.26,1,1,1,100.0,0,0.0,0,0,,0.0,0,0.0,0.0,,0.37,50.0,0.0,0.0,0.0,0.0,0.0,641154
FC,Cutter,FB,205,42.98,52,48,12,23.08,4,7.69,102,20,19.61,9.76,53,25.85,35.61,24.66,32.43,25.0,0.292,0.346,0.417,0.7629999999999999,0.125,641302
FF,4-Seam Fastball,FB,128,26.83,32,30,12,37.5,1,3.12,65,10,15.38,7.81,27,21.09,28.91,28.85,37.16,21.82,0.167,0.194,0.267,0.461,0.1,641302
CH,Changeup,OS,113,23.69,33,33,5,15.15,0,0.0,53,11,20.75,9.73,10,8.85,18.58,31.51,22.97,14.71,0.273,0.273,0.485,0.758,0.2119999999999999,641302
SI,Sinker,FB,26,5.45,6,6,2,33.33,0,0.0,10,0,0.0,0.0,9,34.62,34.62,16.67,6.76,20.0,0.333,0.333,0.5,0.833,0.1669999999999999,641302
SL,Slider,BR,5,1.05,0,0,0,,0,,2,1,50.0,20.0,1,20.0,40.0,0.0,0.68,0.0,,,,,,641302
FF,4-Seam Fastball,FB,277,53.47,70,60,14,20.0,8,11.43,161,28,17.39,10.11,29,10.47,20.58,33.6,51.6,14.43,0.317,0.4,0.55,0.95,0.233,641329
SL,Slider,BR,198,38.22,46,39,10,21.74,5,10.87,85,24,28.24,12.12,40,20.2,32.32,24.27,28.19,18.87,0.154,0.25,0.179,0.429,0.0249999999999999,641329
CH,Changeup,OS,40,7.72,9,9,6,66.67,0,0.0,8,2,25.0,5.0,5,12.5,17.5,9.09,20.21,15.79,0.111,0.111,0.222,0.333,0.111,641329
,,,3,0.58,1,0,0,0.0,1,100.0,0,0,,0.0,0,0.0,0.0,,0.0,,,1.0,,,,641329
FF,4-Seam Fastball,FB,513,68.13,113,87,35,30.97,23,20.35,235,78,33.19,15.2,91,17.74,32.94,25.95,63.05,22.29,0.195,0.369,0.345,0.714,0.1499999999999999,641360
SL,Slider,BR,233,30.94,62,59,11,17.74,3,4.84,107,27,25.23,11.59,25,10.73,22.32,25.0,35.74,12.36,0.339,0.371,0.61,0.981,0.2709999999999999,641360
CH,Changeup,OS,5,0.66,1,1,1,100.0,0,0.0,3,2,66.67,40.0,0,0.0,40.0,60.0,0.8,50.0,0.0,0.0,0.0,0.0,0.0,641360
SI,Sinker,FB,1,0.13,1,1,0,0.0,0,0.0,1,0,0.0,0.0,0,0.0,0.0,,0.4,0.0,0.0,0.0,0.0,0.0,0.0,641360
,,,1,0.13,0,0,0,,0,,0,0,,0.0,0,0.0,0.0,,0.0,,,,,,,641360
CH,Changeup,OS,128,38.55,29,28,10,34.48,1,3.45,68,22,32.35,17.19,8,6.25,23.44,40.96,50.78,15.38,0.107,0.138,0.179,0.317,0.072,641401
FF,4-Seam Fastball,FB,103,31.02,24,20,4,16.67,2,8.33,53,12,22.64,11.65,24,23.3,34.95,35.56,33.59,9.3,0.2,0.292,0.4,0.692,0.2,641401
FC,Cutter,FB,101,30.42,22,17,2,9.09,4,18.18,43,15,34.88,14.85,17,16.83,31.68,22.64,15.62,10.0,0.412,0.5,0.529,1.029,0.117,641401
SL,Slider,BR,37,72.55,11,9,2,18.18,2,18.18,17,7,41.18,18.92,10,27.03,45.95,46.67,68.75,18.18,0.222,0.364,0.222,0.586,0.0,641420
FF,4-Seam Fastball,FB,13,25.49,3,3,1,33.33,0,0.0,7,3,42.86,23.08,1,7.69,30.77,42.86,25.0,25.0,0.667,0.667,1.667,2.334,1.0,641420
,,,1,1.96,0,0,0,,0,,0,0,,0.0,0,0.0,0.0,,6.25,0.0,,,,,,641420
FF,4-Seam Fastball,FB,25,29.41,4,4,1,25.0,0,0.0,13,3,23.08,12.0,4,16.0,28.0,30.77,42.86,8.33,0.25,0.25,0.5,0.75,0.25,641427
FC,Cutter,FB,23,27.06,5,5,0,0.0,0,0.0,14,4,28.57,17.39,4,17.39,34.78,25.0,17.86,0.0,0.4,0.4,0.6,1.0,0.1999999999999999,641427
CU,Curveball,BR,17,20.0,6,6,1,16.67,0,0.0,11,3,27.27,17.65,2,11.76,29.41,33.33,21.43,16.67,0.333,0.333,0.333,0.666,0.0,641427
ST,Sweeper,BR,8,9.41,3,3,1,33.33,0,0.0,2,0,0.0,0.0,2,25.0,25.0,0.0,10.71,33.33,0.0,0.0,0.0,0.0,0.0,641427
SI,Sinker,FB,7,8.24,2,2,1,50.0,0,0.0,4,0,0.0,0.0,2,28.57,28.57,50.0,7.14,50.0,0.0,0.0,0.0,0.0,0.0,641427
,,,4,4.71,1,0,0,0.0,1,100.0,0,0,,0.0,0,0.0,0.0,,0.0,,,1.0,,,,641427
SL,Slider,BR,1,1.18,0,0,0,,0,,0,0,,0.0,1,100.0,100.0,,0.0,,,,,,,641427
FC,Cutter,FB,18,35.29,6,5,1,16.67,1,16.67,9,2,22.22,11.11,4,22.22,33.33,16.67,23.08,33.33,0.2,0.333,0.2,0.533,0.0,641447
SL,Slider,BR,13,25.49,5,4,1,20.0,1,20.0,3,0,0.0,0.0,5,38.46,38.46,0.0,46.15,16.67,0.75,0.8,2.75,3.55,2.0,641447
SI,Sinker,FB,11,21.57,4,4,0,0.0,0,0.0,5,0,0.0,0.0,3,27.27,27.27,0.0,7.69,0.0,0.75,0.75,0.75,1.5,0.0,641447
CH,Changeup,OS,7,13.73,1,1,0,0.0,0,0.0,2,1,50.0,14.29,0,0.0,14.29,16.67,15.38,0.0,0.0,0.0,0.0,0.0,0.0,641447
FF,4-Seam Fastball,FB,2,3.92,0,0,0,,0,,1,1,100.0,50.0,0,0.0,50.0,0.0,7.69,0.0,,,,,,641447
FF,4-Seam Fastball,FB,451,50.0,111,101,31,27.93,8,7.21,227,50,22.03,11.09,65,14.41,25.5,23.22,60.85,18.13,0.228,0.288,0.356,0.6439999999999999,0.1279999999999999,641482
FC,Cutter,FB,284,31.49,75,69,13,17.33,4,5.33,157,32,20.38,11.27,37,13.03,24.3,32.84,24.56,18.84,0.261,0.32,0.536,0.8560000000000001,0.275,641482
ST,Sweeper,BR,114,12.64,18,14,2,11.11,4,22.22,31,8,25.81,7.02,38,33.33,40.35,12.07,3.56,20.0,0.357,0.5,0.929,1.429,0.5720000000000001,641482
CH,Changeup,OS,30,3.33,10,10,4,40.0,0,0.0,17,5,29.41,16.67,1,3.33,20.0,38.1,3.91,36.36,0.5,0.5,0.6,1.1,0.0999999999999999,641482
SL,Slider,BR,21,2.33,6,5,3,50.0,1,16.67,7,3,42.86,14.29,0,0.0,14.29,18.75,6.41,16.67,0.2,0.333,0.2,0.533,0.0,641482
,,,2,0.22,1,0,0,0.0,1,100.0,0,0,,0.0,0,0.0,0.0,,0.71,0.0,,1.0,,,,641482
FA,Other,,7,100.0,3,3,0,0.0,0,0.0,3,0,0.0,0.0,1,14.29,14.29,20.0,,,0.0,0.0,0.0,0.0,0.0,641525
SI,Sinker,FB,592,41.93,200,179,29,14.5,15,7.5,277,26,9.39,4.39,144,24.32,28.72,20.36,39.25,18.47,0.251,0.32,0.341,0.661,0.09,641540
SL,Slider,BR,505,35.76,130,125,41,31.54,3,2.31,246,92,37.4,18.22,62,12.28,30.5,36.28,43.5,23.56,0.184,0.209,0.288,0.497,0.1039999999999999,641540
FC,Cutter,FB,203,14.38,32,29,2,6.25,3,9.38,80,16,20.0,7.88,51,25.12,33.0,15.22,7.25,6.9,0.31,0.375,0.655,1.03,0.345,641540
CH,Changeup,OS,62,4.39,15,15,5,33.33,0,0.0,41,16,39.02,25.81,5,8.06,33.87,48.48,6.25,20.0,0.333,0.333,0.667,1.0,0.334,641540
KC,Knuckle Curve,BR,26,1.84,1,1,1,100.0,0,0.0,4,3,75.0,11.54,7,26.92,38.46,16.67,1.0,25.0,0.0,0.0,0.0,0.0,0.0,641540
FF,4-Seam Fastball,FB,22,1.56,4,3,1,25.0,1,25.0,7,2,28.57,9.09,2,9.09,18.18,7.14,2.75,9.09,0.0,0.25,0.0,0.25,0.0,641540
,,,2,0.14,0,0,0,,0,,0,0,,0.0,0,0.0,0.0,,0.0,,,,,,,641540
FF,4-Seam Fastball,FB,488,46.04,138,118,15,10.87,19,13.77,215,25,11.63,5.12,96,19.67,24.8,14.75,39.1,14.42,0.28,0.377,0.441,0.8180000000000001,0.1609999999999999,641585
FC,Cutter,FB,314,29.62,88,83,9,10.23,2,2.27,170,39,22.94,12.42,51,16.24,28.66,26.77,22.56,15.0,0.313,0.322,0.458,0.78,0.145,641585
ST,Sweeper,BR,181,17.08,60,59,14,23.33,0,0.0,79,24,30.38,13.26,17,9.39,22.65,24.07,25.56,20.59,0.237,0.25,0.508,0.758,0.271,641585
CU,Curveball,BR,58,5.47,11,9,3,27.27,2,18.18,19,8,42.11,13.79,8,13.79,27.59,28.57,8.65,13.04,0.222,0.364,0.556,0.92,0.3340000000000001,641585
CH,Changeup,OS,17,1.6,6,6,3,50.0,0,0.0,5,1,20.0,5.88,4,23.53,29.41,11.11,4.14,27.27,0.167,0.167,0.167,0.334,0.0,641585
SI,Sinker,FB,1,0.09,0,0,0,,0,,0,0,,0.0,0,0.0,0.0,0.0,0.0,,,,,,,641585
,,,1,0.09,0,0,0,,0,,0,0,,0.0,0,0.0,0.0,,0.0,,,,,,,641585
FC,Cutter,FB,231,39.35,51,51,13,25.49,0,0.0,118,34,28.81,14.72,36,15.58,30.3,31.58,34.18,24.07,0.255,0.255,0.431,0.6859999999999999,0.176,641627
SI,Sinker,FB,212,36.12,66,56,10,15.15,6,9.09,97,9,9.28,4.25,49,23.11,27.36,26.09,26.58,23.81,0.25,0.348,0.286,0.6339999999999999,0.0359999999999999,641627
FF,4-Seam Fastball,FB,103,17.55,29,28,19,65.52,1,3.45,53,27,50.94,26.21,18,17.48,43.69,36.73,33.54,35.85,0.107,0.138,0.107,0.245,0.0,641627
CU,Curveball,BR,26,4.43,8,8,2,25.0,0,0.0,10,3,30.0,11.54,4,15.38,26.92,38.89,4.43,28.57,0.25,0.25,0.375,0.625,0.125,641627
,,,9,1.53,2,0,0,0.0,2,100.0,0,0,,0.0,0,0.0,0.0,,0.0,,,1.0,,,,641627
CH,Changeup,OS,6,1.02,1,1,0,0.0,0,0.0,2,0,0.0,0.0,0,0.0,0.0,33.33,1.27,0.0,0.0,0.0,0.0,0.0,0.0,641627
FA,Other,,6,100.0,2,2,0,0.0,0,0.0,2,0,0.0,0.0,1,16.67,16.67,0.0,,,0.0,0.0,0.0,0.0,0.0,641645
SL,Slider,BR,278,54.4,78,73,32,41.03,5,6.41,153,70,45.75,25.18,30,10.79,35.97,38.27,77.55,28.07,0.178,0.231,0.219,0.45,0.041,641656
SI,Sinker,FB,182,35.62,41,31,1,2.44,8,19.51,64,8,12.5,4.4,39,21.43,25.82,24.76,8.16,8.33,0.323,0.488,0.387,0.875,0.064,641656
FF,4-Seam Fastball,FB,50,9.78,11,9,3,27.27,2,18.18,22,5,22.73,10.0,11,22.0,32.0,27.27,14.29,14.29,0.333,0.455,0.333,0.788,0.0,641656
,,,1,0.2,0,0,0,,0,,0,0,,0.0,0,0.0,0.0,,0.0,,,,,,,641656
FC,Cutter,FB,107,36.52,27,25,4,14.81,1,3.7,50,18,36.0,16.82,16,14.95,31.78,32.84,31.33,15.38,0.28,0.308,0.32,0.628,0.0399999999999999,641672
SI,Sinker,FB,106,36.18,28,23,3,10.71,3,10.71,45,9,20.0,8.49,26,24.53,33.02,27.66,20.48,17.65,0.261,0.37,0.304,0.6739999999999999,0.0429999999999999,641672
CH,Changeup,OS,67,22.87,19,18,8,42.11,1,5.26,38,17,44.74,25.37,2,2.99,28.36,43.75,37.35,25.81,0.389,0.421,0.611,1.032,0.2219999999999999,641672
FF,4-Seam Fastball,FB,13,4.44,5,4,3,60.0,1,20.0,8,4,50.0,30.77,1,7.69,38.46,42.86,10.84,33.33,0.25,0.4,0.25,0.65,0.0,641672
FF,4-Seam Fastball,FB,212,41.41,56,43,7,12.5,10,17.86,100,16,16.0,7.55,29,13.68,21.23,19.05,37.8,11.29,0.233,0.393,0.395,0.788,0.162,641703
ST,Sweeper,BR,151,29.49,34,34,11,32.35,0,0.0,78,41,52.56,27.15,21,13.91,41.06,38.37,21.95,30.56,0.206,0.206,0.412,0.618,0.206,641703
CH,Changeup,OS,97,18.95,26,25,5,19.23,1,3.85,58,10,17.24,10.31,13,13.4,23.71,38.64,20.12,15.15,0.32,0.346,0.56,0.906,0.24,641703
SC,Screwball,,30,5.86,6,5,2,33.33,0,0.0,19,2,10.53,6.67,0,0.0,6.67,41.18,16.46,7.41,0.2,0.333,0.2,0.533,0.0,641703
SI,Sinker,FB,16,3.12,4,2,0,0.0,0,0.0,7,1,14.29,6.25,2,12.5,18.75,11.11,3.66,0.0,1.0,1.0,1.0,2.0,0.0,641703
SL,Slider,BR,3,0.59,0,0,0,,0,,0,0,,0.0,1,33.33,33.33,0.0,0.0,,,,,,,641703
,,,2,0.39,0,0,0,,0,,0,0,,0.0,0,0.0,0.0,,0.0,,,,,,,641703
PO,Pitch Out,,1,0.2,0,0,0,,0,,0,0,,0.0,0,0.0,0.0,0.0,0.0,,,,,,,641703
SI,Sinker,FB,294,43.75,89,77,2,2.25,8,8.99,149,10,6.71,3.4,49,16.67,20.07,24.59,24.71,4.65,0.299,0.393,0.584,0.977,0.285,641712
SL,Slider,BR,254,37.8,58,52,18,31.03,4,6.9,114,48,42.11,18.9,25,9.84,28.74,30.77,51.15,20.22,0.25,0.293,0.308,0.601,0.0579999999999999,641712
FF,4-Seam Fastball,FB,89,13.24,21,18,3,14.29,3,14.29,55,9,16.36,10.11,10,11.24,21.35,33.33,15.52,11.11,0.056,0.19,0.056,0.246,0.0,641712
CU,Curveball,BR,25,3.72,7,7,2,28.57,0,0.0,13,3,23.08,12.0,1,4.0,16.0,26.67,8.05,14.29,0.429,0.429,0.429,0.858,0.0,641712
CH,Changeup,OS,5,0.74,4,2,0,0.0,0,0.0,2,0,0.0,0.0,0,0.0,0.0,0.0,0.0,,0.5,0.75,1.0,1.75,0.5,641712
FC,Cutter,FB,5,0.74,1,1,1,100.0,0,0.0,2,1,50.0,20.0,1,20.0,40.0,33.33,0.57,100.0,0.0,0.0,0.0,0.0,0.0,641712
FF,4-Seam Fastball,FB,322,60.64,75,66,19,25.33,6,8.0,171,43,25.15,13.35,62,19.25,32.61,27.97,50.93,23.17,0.242,0.315,0.455,0.77,0.213,641729
SL,Slider,BR,198,37.29,66,63,26,39.39,2,3.03,100,43,43.0,21.72,26,13.13,34.85,34.78,45.34,35.62,0.222,0.258,0.365,0.623,0.143,641729
CH,Changeup,OS,9,1.69,3,2,2,66.67,1,33.33,2,2,100.0,22.22,2,22.22,44.44,16.67,3.11,40.0,0.0,0.333,0.0,0.333,0.0,641729
PO,Pitch Out,,1,0.19,0,0,0,,0,,0,0,,0.0,0,0.0,0.0,0.0,0.62,0.0,,,,,,641729
,,,1,0.19,0,0,0,,0,,0,0,,0.0,0,0.0,0.0,,0.0,,,,,,,641729
FF,4-Seam Fastball,FB,89,58.94,30,23,3,10.0,6,20.0,49,7,14.29,7.87,7,7.87,15.73,34.0,55.0,13.64,0.261,0.4,0.391,0.791,0.13,641743
SL,Slider,BR,47,31.13,10,9,3,30.0,0,0.0,21,4,19.05,8.51,5,10.64,19.15,42.86,30.0,25.0,0.222,0.3,0.667,0.967,0.445,641743
CH,Changeup,OS,9,5.96,2,2,0,0.0,0,0.0,3,1,33.33,11.11,0,0.0,11.11,14.29,10.0,0.0,0.5,0.5,0.5,1.0,0.0,641743
ST,Sweeper,BR,6,3.97,1,1,0,0.0,0,0.0,4,0,0.0,0.0,0,0.0,0.0,33.33,5.0,0.0,1.0,1.0,1.0,2.0,0.0,641743
SL,Slider,BR,187,45.28,51,43,9,17.65,8,15.69,79,20,25.32,10.7,32,17.11,27.81,29.36,50.0,18.75,0.256,0.373,0.349,0.722,0.0929999999999999,641745
KC,Knuckle Curve,BR,79,19.13,26,21,5,19.23,5,19.23,40,13,32.5,16.46,5,6.33,22.78,34.69,25.0,20.83,0.286,0.423,0.429,0.852,0.143,641745
FF,4-Seam Fastball,FB,67,16.22,7,3,0,0.0,4,57.14,10,3,30.0,4.48,16,23.88,28.36,2.5,13.54,0.0,0.333,0.714,0.333,1.047,0.0,641745
SI,Sinker,FB,58,14.04,13,9,0,0.0,3,23.08,15,1,6.67,1.72,13,22.41,24.14,12.5,6.25,0.0,0.111,0.385,0.111,0.496,0.0,641745
ST,Sweeper,BR,20,4.84,5,2,1,20.0,2,40.0,4,0,0.0,0.0,6,30.0,30.0,10.0,5.21,20.0,0.5,0.8,0.5,1.3,0.0,641745
CH,Changeup,OS,1,0.24,0,0,0,,0,,0,0,,0.0,0,0.0,0.0,0.0,0.0,,,,,,,641745
,,,1,0.24,0,0,0,,0,,0,0,,0.0,0,0.0,0.0,,0.0,,,,,,,641745
SL,Slider,BR,116,62.03,32,29,9,28.12,2,6.25,62,19,30.65,16.38,18,15.52,31.9,29.09,70.59,18.75,0.276,0.312,0.414,0.726,0.1379999999999999,641755
FF,4-Seam Fastball,FB,67,35.83,13,13,2,15.38,0,0.0,34,3,8.82,4.48,11,16.42,20.9,27.59,25.0,11.76,0.462,0.462,0.846,1.308,0.3839999999999999,641755
CH,Changeup,OS,3,1.6,0,0,0,,0,,0,0,,0.0,0,0.0,0.0,0.0,2.94,0.0,,,,,,641755
SI,Sinker,FB,1,0.53,1,1,0,0.0,0,0.0,1,0,0.0,0.0,0,0.0,0.0,100.0,1.47,0.0,0.0,0.0,0.0,0.0,0.0,641755
SL,Slider,BR,213,57.1,58,52,16,27.59,6,10.34,89,31,34.83,14.55,41,19.25,33.8,26.13,72.09,25.81,0.269,0.345,0.558,0.903,0.289,641771
FF,4-Seam Fastball,FB,118,31.64,28,18,1,3.57,8,28.57,40,8,20.0,6.78,18,15.25,22.03,15.71,22.09,5.26,0.389,0.536,0.722,1.258,0.3329999999999999,641771
SI,Sinker,FB,30,8.04,6,4,0,0.0,1,16.67,8,1,12.5,3.33,6,20.0,23.33,8.33,3.49,0.0,0.75,0.833,1.0,1.833,0.25,641771
KC,Knuckle Curve,BR,9,2.41,2,2,0,0.0,0,0.0,3,1,33.33,11.11,0,0.0,11.11,14.29,2.33,0.0,0.0,0.0,0.0,0.0,0.0,641771
FC,Cutter,FB,2,0.54,0,0,0,,0,,2,2,100.0,100.0,0,0.0,100.0,100.0,0.0,,,,,,,641771
CH,Changeup,OS,1,0.27,0,0,0,,0,,0,0,,0.0,0,0.0,0.0,0.0,0.0,,,,,,,641771
FF,4-Seam Fastball,FB,303,43.22,71,60,20,28.17,10,14.08,159,42,26.42,13.86,39,12.87,26.73,28.19,46.89,20.41,0.283,0.38,0.6,0.98,0.317,641778
FC,Cutter,FB,237,33.81,72,63,11,15.28,8,11.11,126,26,20.63,10.97,35,14.77,25.74,37.4,28.71,16.67,0.365,0.431,0.667,1.098,0.302,641778
CU,Curveball,BR,96,13.69,15,14,2,13.33,1,6.67,26,4,15.38,4.17,19,19.79,23.96,15.25,9.09,10.53,0.429,0.467,1.357,1.824,0.928,641778
SL,Slider,BR,55,7.85,13,13,1,7.69,0,0.0,21,1,4.76,1.82,8,14.55,16.36,7.14,13.88,3.45,0.231,0.231,0.231,0.462,0.0,641778
CH,Changeup,OS,6,0.86,2,2,1,50.0,0,0.0,2,0,0.0,0.0,2,33.33,33.33,0.0,0.96,50.0,0.5,0.5,2.0,2.5,1.5,641778
,,,3,0.43,0,0,0,,0,,0,0,,0.0,0,0.0,0.0,,0.48,0.0,,,,,,641778
SI,Sinker,FB,1,0.14,0,0,0,,0,,0,0,,0.0,0,0.0,0.0,0.0,0.0,,,,,,,641778
SL,Slider,BR,244,35.72,78,75,5,6.41,2,2.56,133,26,19.55,10.66,41,16.8,27.46,22.92,13.33,19.23,0.333,0.351,0.573,0.924,0.2399999999999999,641793
FF,4-Seam Fastball,FB,212,31.04,52,50,13,25.0,1,1.92,122,26,21.31,12.26,43,20.28,32.55,32.88,35.9,18.57,0.26,0.288,0.32,0.608,0.06,641793
ST,Sweeper,BR,97,14.2,24,24,8,33.33,0,0.0,39,12,30.77,12.37,5,5.15,17.53,32.91,23.59,17.39,0.25,0.25,0.417,0.667,0.1669999999999999,641793
SI,Sinker,FB,76,11.13,27,25,3,11.11,0,0.0,41,4,9.76,5.26,8,10.53,15.79,31.43,8.21,18.75,0.24,0.296,0.4,0.696,0.16,641793
FS,Split-Finger,OS,54,7.91,15,14,4,26.67,1,6.67,32,5,15.62,9.26,1,1.85,11.11,42.42,18.97,10.81,0.286,0.333,0.357,0.69,0.071,641793
FF,4-Seam Fastball,FB,133,50.96,26,24,6,23.08,2,7.69,44,6,13.64,4.51,42,31.58,36.09,15.62,40.26,19.35,0.375,0.423,0.708,1.131,0.3329999999999999,641816
SL,Slider,BR,103,39.46,32,31,9,28.12,1,3.12,47,12,25.53,11.65,12,11.65,23.3,30.77,44.16,26.47,0.226,0.25,0.323,0.573,0.097,641816
FS,Split-Finger,OS,24,9.2,4,3,2,50.0,1,25.0,14,9,64.29,37.5,2,8.33,45.83,46.15,14.29,18.18,0.333,0.5,0.667,1.167,0.334,641816
,,,1,0.38,0,0,0,,0,,0,0,,0.0,0,0.0,0.0,,1.3,0.0,,,,,,641816
SI,Sinker,FB,263,64.62,64,55,18,28.12,9,14.06,109,31,28.44,11.79,44,16.73,28.52,24.66,53.51,29.51,0.255,0.359,0.418,0.7769999999999999,0.1629999999999999,641835
SL,Slider,BR,136,33.42,34,34,9,26.47,0,0.0,61,15,24.59,11.03,16,11.76,22.79,32.18,46.49,16.98,0.265,0.265,0.382,0.647,0.1169999999999999,641835
,,,8,1.97,2,0,0,0.0,2,100.0,0,0,,0.0,0,0.0,0.0,,0.0,,,1.0,,,,641835
SL,Slider,BR,202,38.55,52,44,11,21.15,8,15.38,82,31,37.8,15.35,32,15.84,31.19,28.15,34.36,19.64,0.295,0.404,0.386,0.79,0.091,641871
CH,Changeup,OS,191,36.45,43,38,14,32.56,4,9.3,106,45,42.45,23.56,25,13.09,36.65,32.61,34.97,24.56,0.211,0.302,0.474,0.776,0.263,641871
FF,4-Seam Fastball,FB,131,25.0,30,22,14,46.67,7,23.33,61,20,32.79,15.27,13,9.92,25.19,25.0,30.67,28.0,0.091,0.31,0.136,0.446,0.045,641871
FF,4-Seam Fastball,FB,510,43.81,129,117,37,28.68,8,6.2,282,85,30.14,16.67,52,10.2,26.86,35.14,42.04,20.34,0.265,0.32,0.521,0.841,0.256,641927
ST,Sweeper,BR,294,25.26,66,65,17,25.76,0,0.0,132,47,35.61,15.99,46,15.65,31.63,30.0,24.94,16.19,0.262,0.262,0.492,0.754,0.2299999999999999,641927
CH,Changeup,OS,271,23.28,72,67,24,33.33,3,4.17,174,59,33.91,21.77,28,10.33,32.1,39.45,26.84,21.24,0.194,0.25,0.343,0.593,0.149,641927
CU,Curveball,BR,45,3.87,9,9,1,11.11,0,0.0,16,3,18.75,6.67,11,24.44,31.11,25.0,2.61,9.09,0.111,0.111,0.444,0.555,0.333,641927
SL,Slider,BR,44,3.78,10,9,4,40.0,1,10.0,21,10,47.62,22.73,7,15.91,38.64,38.46,3.56,26.67,0.111,0.2,0.222,0.422,0.111,641927
FF,4-Seam Fastball,FB,296,51.48,79,70,22,27.85,7,8.86,176,40,22.73,13.51,42,14.19,27.7,31.13,50.26,23.16,0.129,0.218,0.229,0.447,0.1,641941
FC,Cutter,FB,256,44.52,69,66,10,14.49,3,4.35,138,24,17.39,9.38,34,13.28,22.66,32.54,42.33,12.5,0.167,0.203,0.242,0.445,0.0749999999999999,641941
CU,Curveball,BR,12,2.09,2,2,0,0.0,0,0.0,5,0,0.0,0.0,0,0.0,0.0,22.22,3.7,0.0,0.5,0.5,1.0,1.5,0.5,641941
FS,Split-Finger,OS,11,1.91,3,3,0,0.0,0,0.0,5,2,40.0,18.18,0,0.0,18.18,14.29,3.7,0.0,0.667,0.667,2.0,2.667,1.333,641941
CH,Changeup,OS,204,37.5,51,48,14,27.45,1,1.96,104,40,38.46,19.61,15,7.35,26.96,40.85,56.94,17.07,0.208,0.24,0.292,0.532,0.0839999999999999,642048
SI,Sinker,FB,168,30.88,49,36,5,10.2,12,24.49,65,11,16.92,6.55,36,21.43,27.98,25.77,11.81,29.41,0.222,0.429,0.278,0.7070000000000001,0.056,642048
ST,Sweeper,BR,61,11.21,11,8,2,18.18,1,9.09,24,7,29.17,11.48,16,26.23,37.7,30.0,9.72,14.29,0.375,0.545,0.75,1.295,0.375,642048
SL,Slider,BR,58,10.66,10,8,1,10.0,1,10.0,24,9,37.5,15.52,12,20.69,36.21,26.67,5.56,12.5,0.375,0.5,0.375,0.875,0.0,642048
CU,Curveball,BR,37,6.8,11,9,4,36.36,1,9.09,16,4,25.0,10.81,6,16.22,27.03,30.0,12.5,22.22,0.222,0.364,0.333,0.6970000000000001,0.111,642048
FF,4-Seam Fastball,FB,14,2.57,6,4,1,16.67,2,33.33,7,2,28.57,14.29,1,7.14,21.43,40.0,3.47,20.0,0.5,0.667,0.5,1.167,0.0,642048
,,,2,0.37,1,0,0,0.0,1,100.0,0,0,,0.0,0,0.0,0.0,,0.0,,,1.0,,,,642048
SL,Slider,BR,154,36.75,41,38,17,41.46,0,0.0,70,30,42.86,19.48,25,16.23,35.71,37.11,48.34,23.29,0.211,0.22,0.395,0.615,0.184,642100
SI,Sinker,FB,137,32.7,38,34,4,10.53,3,7.89,64,13,20.31,9.49,33,24.09,33.58,32.79,11.26,23.53,0.353,0.405,0.559,0.964,0.206,642100
FF,4-Seam Fastball,FB,104,24.82,27,24,9,33.33,3,11.11,67,17,25.37,16.35,5,4.81,21.15,38.46,36.42,16.36,0.125,0.222,0.292,0.514,0.1669999999999999,642100
CH,Changeup,OS,13,3.1,3,3,0,0.0,0,0.0,5,0,0.0,0.0,1,7.69,7.69,0.0,3.97,0.0,0.667,0.667,1.667,2.334,1.0,642100
,,,11,2.63,3,0,0,0.0,3,100.0,0,0,,0.0,0,0.0,0.0,,0.0,,,1.0,,,,642100
FF,4-Seam Fastball,FB,16,39.02,6,5,0,0.0,1,16.67,6,1,16.67,6.25,2,12.5,18.75,0.0,0.0,,0.2,0.333,0.8,1.133,0.6000000000000001,642121
SL,Slider,BR,16,39.02,2,2,0,0.0,0,0.0,7,1,14.29,6.25,1,6.25,12.5,0.0,33.33,0.0,0.0,0.0,0.0,0.0,0.0,642121
CH,Changeup,OS,9,21.95,4,4,1,25.0,0,0.0,6,3,50.0,33.33,0,0.0,33.33,40.0,66.67,16.67,0.25,0.25,0.25,0.5,0.0,642121
EP,Eephus,,4,100.0,3,3,0,0.0,0,0.0,4,1,25.0,25.0,0,0.0,25.0,100.0,,,0.333,0.333,0.333,0.666,0.0,642133
CH,Changeup,OS,288,57.6,76,71,42,55.26,5,6.58,163,88,53.99,30.56,32,11.11,41.67,45.81,66.46,38.53,0.099,0.158,0.239,0.397,0.1399999999999999,642207
FF,4-Seam Fastball,FB,209,41.8,36,32,19,52.78,4,11.11,73,33,45.21,15.79,46,22.01,37.8,17.65,33.54,34.55,0.125,0.222,0.25,0.472,0.125,642207
,,,3,0.6,1,0,0,0.0,1,100.0,0,0,,0.0,0,0.0,0.0,,0.0,,,1.0,,,,642207
ST,Sweeper,BR,69,39.66,18,18,8,44.44,0,0.0,34,16,47.06,23.19,11,15.94,39.13,41.46,52.27,34.78,0.167,0.167,0.333,0.5,0.166,642216
SI,Sinker,FB,53,30.46,14,12,1,7.14,2,14.29,23,3,13.04,5.66,15,28.3,33.96,28.57,15.91,14.29,0.167,0.286,0.25,0.536,0.0829999999999999,642216
FF,4-Seam Fastball,FB,29,16.67,8,8,2,25.0,0,0.0,8,1,12.5,3.45,10,34.48,37.93,0.0,11.36,40.0,0.125,0.125,0.125,0.25,0.0,642216
CH,Changeup,OS,22,12.64,8,7,4,50.0,0,0.0,12,6,50.0,27.27,3,13.64,40.91,36.36,20.45,44.44,0.143,0.25,0.286,0.536,0.143,642216
,,,1,0.57,1,0,0,0.0,1,100.0,0,0,,0.0,0,0.0,0.0,,0.0,,,1.0,,,,642216
SI,Sinker,FB,82,67.21,24,21,4,16.67,2,8.33,30,6,20.0,7.32,26,31.71,39.02,21.05,43.33,30.77,0.333,0.417,0.524,0.941,0.191,642231
ST,Sweeper,BR,35,28.69,9,9,2,22.22,0,0.0,16,5,31.25,14.29,4,11.43,25.71,21.05,53.33,12.5,0.333,0.333,0.667,1.0,0.334,642231
CH,Changeup,OS,5,4.1,2,2,0,0.0,0,0.0,5,1,20.0,20.0,0,0.0,20.0,100.0,3.33,0.0,0.0,0.0,0.0,0.0,0.0,642231
FC,Cutter,FB,313,30.81,85,80,6,7.06,2,2.35,166,18,10.84,5.75,54,17.25,23.0,26.61,20.62,9.09,0.288,0.329,0.388,0.7170000000000001,0.1,642232
FF,4-Seam Fastball,FB,260,25.59,54,54,11,20.37,0,0.0,109,15,13.76,5.77,70,26.92,32.69,20.83,22.81,15.07,0.204,0.204,0.278,0.482,0.074,642232
CH,Changeup,OS,253,24.9,73,69,6,8.22,3,4.11,136,38,27.94,15.02,19,7.51,22.53,38.41,28.44,6.59,0.333,0.356,0.609,0.965,0.2759999999999999,642232
ST,Sweeper,BR,189,18.6,58,51,24,41.38,2,3.45,103,40,38.83,21.16,21,11.11,32.28,40.19,28.12,26.67,0.216,0.31,0.314,0.624,0.098,642232
,,,1,0.1,0,0,0,,0,,0,0,,0.0,0,0.0,0.0,,0.0,,,,,,,642232
FF,4-Seam Fastball,FB,77,34.84,16,11,2,12.5,3,18.75,32,6,18.75,7.79,15,19.48,27.27,17.95,37.5,8.33,0.273,0.429,0.273,0.702,0.0,642239
FC,Cutter,FB,69,31.22,16,13,1,6.25,2,12.5,30,6,20.0,8.7,22,31.88,40.58,21.74,10.94,14.29,0.385,0.467,0.615,1.082,0.2299999999999999,642239
CH,Changeup,OS,55,24.89,16,15,2,12.5,1,6.25,27,9,33.33,16.36,1,1.82,18.18,30.77,31.25,10.0,0.4,0.438,0.533,0.971,0.133,642239
ST,Sweeper,BR,15,6.79,6,6,1,16.67,0,0.0,10,1,10.0,6.67,1,6.67,13.33,55.56,20.31,7.69,0.167,0.167,0.667,0.8340000000000001,0.5,642239
,,,4,1.81,1,0,0,0.0,1,100.0,0,0,,0.0,0,0.0,0.0,,0.0,,,1.0,,,,642239
SI,Sinker,FB,1,0.45,0,0,0,,0,,0,0,,0.0,0,0.0,0.0,0.0,0.0,,,,,,,642239
SL,Slider,BR,254,40.19,68,64,25,36.76,2,2.94,136,68,50.0,26.77,37,14.57,41.34,42.86,50.0,25.0,0.172,0.206,0.375,0.581,0.203,642397
SI,Sinker,FB,239,37.82,55,44,9,16.36,11,20.0,108,24,22.22,10.04,42,17.57,27.62,14.0,22.0,20.45,0.295,0.436,0.409,0.845,0.1139999999999999,642397
FF,4-Seam Fastball,FB,136,21.52,39,37,11,28.21,2,5.13,69,19,27.54,13.97,18,13.24,27.21,26.98,27.5,20.0,0.351,0.385,0.405,0.79,0.054,642397
CH,Changeup,OS,2,0.32,0,0,0,,0,,1,0,0.0,0.0,0,0.0,0.0,0.0,0.5,0.0,,,,,,642397
,,,1,0.16,0,0,0,,0,,0,0,,0.0,0,0.0,0.0,,0.0,,,,,,,642397
SI,Sinker,FB,117,80.14,39,37,3,7.69,0,0.0,69,8,11.59,6.84,21,17.95,24.79,44.44,62.79,11.11,0.189,0.231,0.297,0.528,0.1079999999999999,642528
CU,Curveball,BR,25,17.12,5,5,1,20.0,0,0.0,11,3,27.27,12.0,4,16.0,28.0,42.11,30.23,7.69,0.0,0.0,0.0,0.0,0.0,642528
CH,Changeup,OS,3,2.05,1,1,0,0.0,0,0.0,2,0,0.0,0.0,0,0.0,0.0,0.0,4.65,0.0,1.0,1.0,1.0,2.0,0.0,642528
FF,4-Seam Fastball,FB,1,0.68,0,0,0,,0,,0,0,,0.0,0,0.0,0.0,0.0,2.33,0.0,,,,,,642528
SL,Slider,BR,453,58.3,143,137,26,18.18,5,3.5,244,60,24.59,13.25,61,13.47,26.71,31.44,63.33,19.55,0.255,0.28,0.496,0.776,0.241,642545
FF,4-Seam Fastball,FB,231,29.73,49,46,6,12.24,3,6.12,117,22,18.8,9.52,37,16.02,25.54,21.57,30.95,9.23,0.304,0.347,0.609,0.956,0.305,642545
SI,Sinker,FB,63,8.11,21,18,1,4.76,1,4.76,35,4,11.43,6.35,4,6.35,12.7,46.67,3.81,12.5,0.389,0.476,0.889,1.365,0.5,642545
,,,19,2.45,5,0,0,0.0,5,100.0,0,0,,0.0,0,0.0,0.0,,0.48,0.0,,1.0,,,,642545
CH,Changeup,OS,11,1.42,2,2,2,100.0,0,0.0,4,2,50.0,18.18,3,27.27,45.45,20.0,1.43,66.67,0.0,0.0,0.0,0.0,0.0,642545
SL,Slider,BR,177,51.6,45,42,16,35.56,2,4.44,82,36,43.9,20.34,29,16.38,36.72,29.81,56.52,30.77,0.238,0.267,0.333,0.6000000000000001,0.095,642546
SI,Sinker,FB,159,46.36,45,36,6,13.33,6,13.33,61,7,11.48,4.4,37,23.27,27.67,22.5,41.3,15.79,0.417,0.511,0.75,1.261,0.333,642546
CH,Changeup,OS,7,2.04,2,1,0,0.0,1,50.0,5,1,20.0,14.29,0,0.0,14.29,50.0,2.17,0.0,1.0,1.0,1.0,2.0,0.0,642546
FF,4-Seam Fastball,FB,675,49.93,150,139,55,36.67,5,3.33,332,93,28.01,13.78,118,17.48,31.26,28.39,49.48,23.31,0.23,0.275,0.439,0.714,0.209,642547
ST,Sweeper,BR,291,21.52,87,79,30,34.48,8,9.2,135,63,46.67,21.65,40,13.75,35.4,31.03,23.06,27.27,0.177,0.253,0.316,0.569,0.139,642547
SL,Slider,BR,191,14.13,46,42,17,36.96,4,8.7,92,44,47.83,23.04,23,12.04,35.08,32.17,15.3,23.29,0.143,0.217,0.286,0.503,0.143,642547
CU,Curveball,BR,109,8.06,21,19,9,42.86,2,9.52,46,19,41.3,17.43,22,20.18,37.61,29.82,7.97,23.68,0.263,0.333,0.632,0.965,0.369,642547
CH,Changeup,OS,86,6.36,14,13,4,28.57,0,0.0,35,18,51.43,20.93,9,10.47,31.4,26.67,4.19,20.0,0.308,0.357,0.538,0.895,0.23,642547
SI,Sinker,FB,11,42.31,3,3,0,0.0,0,0.0,7,1,14.29,9.09,2,18.18,27.27,60.0,12.5,0.0,0.667,0.667,1.0,1.667,0.3329999999999999,642578
SL,Slider,BR,9,34.62,3,2,0,0.0,0,0.0,3,0,0.0,0.0,4,44.44,44.44,0.0,25.0,0.0,0.0,0.0,0.0,0.0,0.0,642578
FF,4-Seam Fastball,FB,3,11.54,1,1,0,0.0,0,0.0,2,1,50.0,33.33,0,0.0,33.33,50.0,25.0,0.0,1.0,1.0,2.0,3.0,1.0,642578
CH,Changeup,OS,3,11.54,2,2,1,50.0,0,0.0,2,1,50.0,33.33,0,0.0,33.33,50.0,37.5,33.33,0.0,0.0,0.0,0.0,0.0,642578
SI,Sinker,FB,340,68.41,86,77,29,33.72,8,9.3,184,62,33.7,18.24,54,15.88,34.12,35.76,52.38,37.66,0.169,0.256,0.247,0.503,0.0779999999999999,642585
FS,Split-Finger,OS,110,22.13,41,39,27,65.85,2,4.88,62,40,64.52,36.36,6,5.45,41.82,38.03,46.26,39.71,0.154,0.195,0.231,0.426,0.077,642585
SL,Slider,BR,47,9.46,3,1,0,0.0,2,66.67,11,7,63.64,14.89,13,27.66,42.55,16.13,1.36,0.0,0.0,0.667,0.0,0.667,0.0,642585
SI,Sinker,FB,50,35.97,8,7,0,0.0,1,12.5,23,2,8.7,4.0,11,22.0,26.0,33.33,15.09,0.0,0.429,0.5,1.0,1.5,0.571,642701
SL,Slider,BR,45,32.37,11,7,4,36.36,4,36.36,14,9,64.29,20.0,9,20.0,40.0,32.35,37.74,20.0,0.286,0.545,0.857,1.402,0.571,642701
FF,4-Seam Fastball,FB,20,14.39,6,6,3,50.0,0,0.0,8,3,37.5,15.0,2,10.0,25.0,36.36,28.3,20.0,0.167,0.167,0.167,0.334,0.0,642701
FC,Cutter,FB,17,12.23,4,4,0,0.0,0,0.0,9,1,11.11,5.88,5,29.41,35.29,57.14,9.43,0.0,0.25,0.25,0.25,0.5,0.0,642701
CH,Changeup,OS,6,4.32,2,2,1,50.0,0,0.0,3,2,66.67,33.33,0,0.0,33.33,60.0,7.55,25.0,0.0,0.0,0.0,0.0,0.0,642701
,,,1,0.72,1,1,1,100.0,0,0.0,0,0,,0.0,0,0.0,0.0,,1.89,100.0,0.0,0.0,0.0,0.0,0.0,642701
SL,Slider,BR,61,56.48,12,11,2,16.67,0,0.0,29,8,27.59,13.11,7,11.48,24.59,25.71,45.71,12.5,0.364,0.333,0.545,0.8780000000000001,0.181,642758
FF,4-Seam Fastball,FB,41,37.96,12,10,2,16.67,1,8.33,22,2,9.09,4.88,7,17.07,21.95,0.0,42.86,13.33,0.5,0.583,1.0,1.583,0.5,642758
CH,Changeup,OS,5,4.63,3,3,1,33.33,0,0.0,4,1,25.0,20.0,0,0.0,20.0,50.0,11.43,25.0,0.0,0.0,0.0,0.0,0.0,642758
,,,1,0.93,0,0,0,,0,,0,0,,0.0,0,0.0,0.0,,0.0,,,,,,,642758
SI,Sinker,FB,84,38.53,25,17,0,0.0,6,24.0,30,2,6.67,2.38,16,19.05,21.43,14.63,13.04,0.0,0.353,0.52,0.353,0.873,0.0,642770
FF,4-Seam Fastball,FB,64,29.36,14,8,2,14.29,6,42.86,33,8,24.24,12.5,11,17.19,29.69,19.23,45.65,9.52,0.25,0.571,0.25,0.821,0.0,642770
ST,Sweeper,BR,36,16.51,8,7,1,12.5,0,0.0,10,3,30.0,8.33,1,2.78,11.11,10.71,30.43,7.14,0.286,0.375,0.286,0.661,0.0,642770
SL,Slider,BR,34,15.6,7,7,1,14.29,0,0.0,10,2,20.0,5.88,4,11.76,17.65,4.55,10.87,20.0,0.0,0.0,0.0,0.0,0.0,642770
SI,Sinker,FB,111,54.68,29,28,0,0.0,0,0.0,53,5,9.43,4.5,33,29.73,34.23,41.86,16.67,0.0,0.179,0.207,0.214,0.421,0.035,643256
SL,Slider,BR,54,26.6,17,16,2,11.76,0,0.0,22,2,9.09,3.7,10,18.52,22.22,19.23,31.48,11.76,0.25,0.235,0.625,0.86,0.375,643256
FF,4-Seam Fastball,FB,38,18.72,13,12,3,23.08,0,0.0,21,2,9.52,5.26,3,7.89,13.16,40.91,51.85,10.71,0.5,0.538,0.75,1.288,0.25,643256
SL,Slider,BR,65,52.0,16,16,4,25.0,0,0.0,31,12,38.71,18.46,11,16.92,35.38,37.5,41.86,22.22,0.25,0.25,0.312,0.562,0.062,643338
FF,4-Seam Fastball,FB,60,48.0,19,17,5,26.32,2,10.53,34,9,26.47,15.0,10,16.67,31.67,45.16,58.14,20.0,0.294,0.368,0.529,0.897,0.235,643338
FF,4-Seam Fastball,FB,98,41.0,29,27,4,13.79,2,6.9,48,10,20.83,10.2,20,20.41,30.61,26.32,38.81,15.38,0.222,0.276,0.333,0.609,0.111,643361
CH,Changeup,OS,81,33.89,24,22,4,16.67,1,4.17,53,11,20.75,13.58,7,8.64,22.22,37.5,47.76,12.5,0.273,0.333,0.636,0.969,0.363,643361
SL,Slider,BR,35,14.64,6,6,0,0.0,0,0.0,11,3,27.27,8.57,6,17.14,25.71,14.29,8.96,0.0,0.333,0.333,0.5,0.833,0.1669999999999999,643361
ST,Sweeper,BR,12,5.02,1,1,0,0.0,0,0.0,5,2,40.0,16.67,0,0.0,16.67,22.22,1.49,0.0,0.0,0.0,0.0,0.0,0.0,643361
CU,Curveball,BR,9,3.77,0,0,0,,0,,0,0,,0.0,3,33.33,33.33,0.0,1.49,0.0,,,,,,643361
FC,Cutter,FB,4,1.67,0,0,0,,0,,0,0,,0.0,0,0.0,0.0,0.0,1.49,0.0,,,,,,643361
ST,Sweeper,BR,306,52.04,89,85,24,26.97,4,4.49,152,44,28.95,14.38,54,17.65,32.03,32.05,68.1,21.62,0.212,0.247,0.329,0.5760000000000001,0.117,643377
SI,Sinker,FB,134,22.79,34,31,3,8.82,0,0.0,62,9,14.52,6.72,30,22.39,29.1,23.21,7.36,25.0,0.226,0.294,0.29,0.584,0.0639999999999999,643377
FF,4-Seam Fastball,FB,105,17.86,18,13,2,11.11,4,22.22,43,8,18.6,7.62,23,21.9,29.52,16.67,15.34,8.0,0.154,0.353,0.231,0.584,0.077,643377
CH,Changeup,OS,31,5.27,14,14,4,28.57,0,0.0,20,7,35.0,22.58,0,0.0,22.58,43.75,8.59,28.57,0.357,0.357,0.357,0.714,0.0,643377
FC,Cutter,FB,11,1.87,2,2,0,0.0,0,0.0,4,1,25.0,9.09,1,9.09,18.18,14.29,0.61,0.0,0.5,0.5,0.5,1.0,0.0,643377
,,,1,0.17,0,0,0,,0,,0,0,,0.0,0,0.0,0.0,,0.0,,,,,,,643377
FA,Other,,31,93.94,8,8,1,12.5,0,0.0,16,1,6.25,3.23,5,16.13,19.35,40.0,88.89,12.5,0.25,0.25,0.25,0.5,0.0,643396
EP,Eephus,,2,6.06,0,0,0,,0,,0,0,,0.0,0,0.0,0.0,0.0,11.11,0.0,,,,,,643396
SI,Sinker,FB,142,41.04,36,27,1,2.78,4,11.11,63,10,15.87,7.04,29,20.42,27.46,25.4,10.64,10.0,0.333,0.472,0.741,1.213,0.408,643410
FS,Split-Finger,OS,90,26.01,35,30,16,45.71,1,2.86,55,24,43.64,26.67,1,1.11,27.78,40.35,68.09,25.0,0.167,0.286,0.2,0.486,0.033,643410
FC,Cutter,FB,64,18.5,8,7,1,12.5,0,0.0,18,4,22.22,6.25,16,25.0,31.25,3.12,6.38,16.67,0.143,0.125,0.143,0.268,0.0,643410
CU,Curveball,BR,25,7.23,1,1,0,0.0,0,0.0,6,1,16.67,4.0,4,16.0,20.0,0.0,2.13,0.0,0.0,0.0,0.0,0.0,0.0,643410
FF,4-Seam Fastball,FB,25,7.23,7,6,1,14.29,1,14.29,10,1,10.0,4.0,3,12.0,16.0,15.38,12.77,8.33,0.5,0.571,1.5,2.071,1.0,643410
SL,Slider,BR,201,39.8,51,45,7,13.73,4,7.84,99,27,27.27,13.43,25,12.44,25.87,33.33,41.89,11.29,0.289,0.333,0.4,0.7330000000000001,0.111,643493
SI,Sinker,FB,117,23.17,42,40,7,16.67,2,4.76,81,12,14.81,10.26,9,7.69,17.95,47.62,21.62,21.88,0.25,0.286,0.325,0.611,0.075,643493
FF,4-Seam Fastball,FB,115,22.77,21,18,3,14.29,2,9.52,38,7,18.42,6.09,27,23.48,29.57,20.83,25.68,7.89,0.111,0.2,0.111,0.311,0.0,643493
CU,Curveball,BR,70,13.86,21,20,3,14.29,1,4.76,33,10,30.3,14.29,11,15.71,30.0,21.62,10.81,18.75,0.2,0.238,0.35,0.588,0.1499999999999999,643493
CH,Changeup,OS,1,0.2,0,0,0,,0,,0,0,,0.0,1,100.0,100.0,,0.0,,,,,,,643493
,,,1,0.2,0,0,0,,0,,0,0,,0.0,0,0.0,0.0,,0.0,,,,,,,643493
SL,Slider,BR,344,54.52,94,89,23,24.47,5,5.32,180,62,34.44,18.02,49,14.24,32.27,36.17,70.18,19.17,0.213,0.255,0.404,0.659,0.191,643511
SI,Sinker,FB,284,45.01,77,69,5,6.49,5,6.49,138,14,10.14,4.93,59,20.77,25.7,20.37,29.82,9.8,0.333,0.382,0.464,0.8460000000000001,0.131,643511
FF,4-Seam Fastball,FB,3,0.48,2,2,0,0.0,0,0.0,2,0,0.0,0.0,1,33.33,33.33,50.0,0.0,,0.0,0.0,0.0,0.0,0.0,643511
SI,Sinker,FB,500,38.43,158,142,18,11.39,10,6.33,255,30,11.76,6.0,114,22.8,28.8,34.16,25.9,17.82,0.239,0.308,0.31,0.618,0.071,645261
FC,Cutter,FB,343,26.36,95,92,17,17.89,3,3.16,196,70,35.71,20.41,43,12.54,32.94,40.35,25.64,17.0,0.239,0.263,0.37,0.633,0.131,645261
CH,Changeup,OS,243,18.68,50,48,14,28.0,2,4.0,154,52,33.77,21.4,12,4.94,26.34,50.63,22.05,16.28,0.292,0.32,0.396,0.716,0.104,645261
FF,4-Seam Fastball,FB,189,14.53,66,62,23,34.85,2,3.03,118,32,27.12,16.93,21,11.11,28.04,30.3,24.87,23.71,0.29,0.308,0.581,0.889,0.291,645261
SL,Slider,BR,26,2.0,7,6,0,0.0,0,0.0,11,1,9.09,3.85,8,30.77,34.62,12.5,1.54,0.0,0.0,0.0,0.0,0.0,0.0,645261
FA,Other,,19,67.86,5,5,0,0.0,0,0.0,11,1,9.09,5.26,4,21.05,26.32,20.0,80.0,0.0,0.2,0.2,0.4,0.6000000000000001,0.2,645444
EP,Eephus,,9,32.14,1,1,0,0.0,0,0.0,2,0,0.0,0.0,1,11.11,11.11,0.0,20.0,0.0,0.0,0.0,0.0,0.0,0.0,645444
FA,Other,,19,100.0,7,7,0,0.0,0,0.0,7,0,0.0,0.0,5,26.32,26.32,22.22,100.0,0.0,0.571,0.571,1.571,2.142,1.0,645801
FF,4-Seam Fastball,FB,33,38.37,10,5,1,10.0,3,30.0,15,4,26.67,12.12,2,6.06,18.18,22.22,46.43,7.69,0.4,0.7,0.4,1.1,0.0,646241
CH,Changeup,OS,30,34.88,5,5,1,20.0,0,0.0,16,6,37.5,20.0,3,10.0,30.0,38.89,25.0,14.29,0.2,0.2,0.2,0.4,0.0,646241
SL,Slider,BR,16,18.6,3,2,1,33.33,1,33.33,5,3,60.0,18.75,4,25.0,43.75,22.22,25.0,14.29,0.0,0.333,0.0,0.333,0.0,646241
SI,Sinker,FB,7,8.14,2,2,0,0.0,0,0.0,4,1,25.0,14.29,0,0.0,14.29,0.0,3.57,0.0,0.0,0.0,0.0,0.0,0.0,646241
FF,4-Seam Fastball,FB,48,40.0,10,7,1,10.0,1,10.0,17,2,11.76,4.17,6,12.5,16.67,18.75,31.43,9.09,0.286,0.5,0.429,0.929,0.143,646242
ST,Sweeper,BR,32,26.67,6,5,2,33.33,1,16.67,15,6,40.0,18.75,8,25.0,43.75,37.5,31.43,18.18,0.6,0.667,1.0,1.667,0.4,646242
CH,Changeup,OS,29,24.17,10,8,0,0.0,1,10.0,15,1,6.67,3.45,2,6.9,10.34,35.29,25.71,0.0,0.625,0.6,0.875,1.475,0.25,646242
CU,Curveball,BR,8,6.67,1,1,0,0.0,0,0.0,3,0,0.0,0.0,2,25.0,25.0,25.0,8.57,0.0,0.0,0.0,0.0,0.0,0.0,646242
SI,Sinker,FB,3,2.5,1,0,0,0.0,1,100.0,1,0,0.0,0.0,1,33.33,33.33,0.0,2.86,0.0,,1.0,,,,646242
SI,Sinker,FB,78,61.9,20,17,5,25.0,3,15.0,37,8,21.62,10.26,20,25.64,35.9,44.44,53.66,22.73,0.118,0.25,0.294,0.544,0.176,647315
SL,Slider,BR,48,38.1,14,14,4,28.57,0,0.0,23,5,21.74,10.42,10,20.83,31.25,36.0,46.34,21.05,0.214,0.214,0.214,0.428,0.0,647315
SL,Slider,BR,82,35.5,19,15,4,21.05,4,21.05,28,11,39.29,13.41,19,23.17,36.59,28.26,34.62,22.22,0.333,0.474,0.6,1.0739999999999998,0.2669999999999999,647336
SI,Sinker,FB,73,31.6,25,23,2,8.0,1,4.0,38,3,7.89,4.11,15,20.55,24.66,33.33,19.23,20.0,0.348,0.4,0.478,0.878,0.13,647336
FF,4-Seam Fastball,FB,64,27.71,20,16,7,35.0,2,10.0,33,13,39.39,20.31,4,6.25,26.56,21.21,36.54,36.84,0.25,0.368,0.688,1.056,0.4379999999999999,647336
CH,Changeup,OS,12,5.19,2,2,0,0.0,0,0.0,4,1,25.0,8.33,0,0.0,8.33,0.0,9.62,0.0,0.5,0.5,1.0,1.5,0.5,647336
EP,Eephus,,21,91.3,6,6,0,0.0,0,0.0,9,0,0.0,0.0,3,14.29,14.29,28.57,66.67,0.0,0.333,0.333,0.333,0.666,0.0,650489
FA,Other,,2,8.7,1,0,0,0.0,1,100.0,0,0,,0.0,0,0.0,0.0,0.0,33.33,0.0,,1.0,,,,650489
SI,Sinker,FB,69,58.47,20,18,3,15.0,2,10.0,40,10,25.0,14.49,10,14.49,28.99,37.93,47.62,15.0,0.389,0.45,0.556,1.006,0.167,650496
SL,Slider,BR,48,40.68,6,6,3,50.0,0,0.0,9,2,22.22,4.17,13,27.08,31.25,13.33,50.0,14.29,0.167,0.167,0.333,0.5,0.166,650496
FF,4-Seam Fastball,FB,1,0.85,1,1,1,100.0,0,0.0,1,1,100.0,100.0,0,0.0,100.0,100.0,2.38,100.0,0.0,0.0,0.0,0.0,0.0,650496
SL,Slider,BR,318,54.17,85,80,31,36.47,5,5.88,156,70,44.87,22.01,55,17.3,39.31,40.0,61.54,25.83,0.188,0.235,0.312,0.5469999999999999,0.124,650556
FF,4-Seam Fastball,FB,261,44.46,56,48,18,32.14,5,8.93,121,45,37.19,17.24,44,16.86,34.1,21.31,36.41,25.35,0.146,0.236,0.208,0.4439999999999999,0.062,650556
,,,5,0.85,2,1,1,50.0,1,50.0,0,0,,0.0,0,0.0,0.0,,2.05,25.0,0.0,0.5,0.0,0.5,0.0,650556
SI,Sinker,FB,3,0.51,0,0,0,,0,,0,0,,0.0,1,33.33,33.33,0.0,0.0,,,,,,,650556
SI,Sinker,FB,394,40.12,99,88,27,27.27,7,7.07,138,23,16.67,5.84,143,36.29,42.13,23.9,23.65,38.57,0.295,0.361,0.409,0.77,0.1139999999999999,650633
ST,Sweeper,BR,374,38.09,106,99,33,31.13,5,4.72,168,71,42.26,18.98,52,13.9,32.89,35.22,49.32,22.6,0.273,0.314,0.485,0.7989999999999999,0.2119999999999999,650633
FF,4-Seam Fastball,FB,169,17.21,33,31,13,39.39,2,6.06,75,19,25.33,11.24,35,20.71,31.95,28.57,20.95,20.97,0.161,0.212,0.161,0.373,0.0,650633
CH,Changeup,OS,44,4.48,11,10,6,54.55,1,9.09,24,14,58.33,31.82,1,2.27,34.09,38.71,6.08,33.33,0.1,0.182,0.1,0.282,0.0,650633
,,,1,0.1,0,0,0,,0,,0,0,,0.0,0,0.0,0.0,,0.0,,,,,,,650633
FC,Cutter,FB,266,28.0,60,59,6,10.0,1,1.67,129,38,29.46,14.29,50,18.8,33.08,36.49,14.19,14.29,0.339,0.35,0.492,0.842,0.1529999999999999,650644
SI,Sinker,FB,237,24.95,74,62,10,13.51,10,13.51,120,15,12.5,6.33,47,19.83,26.16,30.77,22.3,15.15,0.177,0.311,0.242,0.5529999999999999,0.065,650644
CU,Curveball,BR,220,23.16,65,63,21,32.31,1,1.54,102,30,29.41,13.64,37,16.82,30.45,29.41,33.78,21.0,0.175,0.188,0.286,0.474,0.1109999999999999,650644
FF,4-Seam Fastball,FB,122,12.84,20,17,6,30.0,2,10.0,55,17,30.91,13.93,20,16.39,30.33,32.43,16.55,12.24,0.412,0.5,0.412,0.912,0.0,650644
SL,Slider,BR,103,10.84,31,27,7,22.58,3,9.68,48,12,25.0,11.65,11,10.68,22.33,30.3,12.84,18.42,0.185,0.258,0.37,0.628,0.185,650644
ST,Sweeper,BR,1,0.11,0,0,0,,0,,0,0,,0.0,0,0.0,0.0,0.0,0.0,,,,,,,650644
,,,1,0.11,0,0,0,,0,,0,0,,0.0,0,0.0,0.0,,0.34,0.0,,,,,,650644
FF,4-Seam Fastball,FB,88,80.73,26,24,5,19.23,2,7.69,45,8,17.78,9.09,17,19.32,28.41,33.33,79.31,21.74,0.208,0.269,0.208,0.477,0.0,650671
CH,Changeup,OS,18,16.51,3,2,0,0.0,1,33.33,6,3,50.0,16.67,0,0.0,16.67,14.29,20.69,0.0,0.5,0.667,0.5,1.167,0.0,650671
SL,Slider,BR,2,1.83,0,0,0,,0,,0,0,,0.0,0,0.0,0.0,0.0,0.0,,,,,,,650671
SI,Sinker,FB,1,0.92,0,0,0,,0,,0,0,,0.0,1,100.0,100.0,,0.0,,,,,,,650671
FF,4-Seam Fastball,FB,211,39.0,52,46,8,15.38,6,11.54,121,25,20.66,11.85,27,12.8,24.64,31.58,38.51,11.94,0.261,0.346,0.478,0.824,0.2169999999999999,650893
FC,Cutter,FB,143,26.43,41,35,13,31.71,5,12.2,83,30,36.14,20.98,11,7.69,28.67,38.37,44.83,16.67,0.257,0.341,0.429,0.77,0.172,650893
CU,Curveball,BR,90,16.64,12,12,4,33.33,0,0.0,34,16,47.06,17.78,18,20.0,37.78,26.92,8.62,26.67,0.25,0.25,0.333,0.583,0.083,650893
SI,Sinker,FB,45,8.32,11,10,0,0.0,1,9.09,17,0,0.0,0.0,6,13.33,13.33,14.81,2.3,0.0,0.3,0.364,0.3,0.6639999999999999,0.0,650893
CH,Changeup,OS,39,7.21,8,7,2,25.0,1,12.5,13,5,38.46,12.82,1,2.56,15.38,28.57,5.17,22.22,0.286,0.375,0.714,1.089,0.428,650893
,,,13,2.4,4,0,0,0.0,4,100.0,0,0,,0.0,0,0.0,0.0,,0.57,0.0,,1.0,,,,650893
SL,Slider,BR,76,69.72,17,12,4,23.53,5,29.41,37,12,32.43,15.79,8,10.53,26.32,23.81,81.25,15.38,0.25,0.471,0.5,0.971,0.25,650895
SI,Sinker,FB,29,26.61,9,8,1,11.11,0,0.0,14,3,21.43,10.34,7,24.14,34.48,27.27,12.5,25.0,0.25,0.333,0.375,0.708,0.125,650895
FF,4-Seam Fastball,FB,4,3.67,1,1,1,100.0,0,0.0,2,1,50.0,25.0,0,0.0,25.0,0.0,6.25,50.0,0.0,0.0,0.0,0.0,0.0,650895
FA,Other,,14,73.68,5,5,0,0.0,0,0.0,6,1,16.67,7.14,2,14.29,21.43,25.0,,,0.6,0.6,1.4,2.0,0.7999999999999999,650907
EP,Eephus,,5,26.32,1,1,0,0.0,0,0.0,1,0,0.0,0.0,1,20.0,20.0,0.0,,,1.0,1.0,4.0,5.0,3.0,650907
SI,Sinker,FB,462,39.52,131,125,12,9.16,5,3.82,211,15,7.11,3.25,129,27.92,31.17,11.68,26.95,13.33,0.336,0.359,0.616,0.975,0.2799999999999999,650911
CH,Changeup,OS,446,38.15,130,122,47,36.15,5,3.85,235,95,40.43,21.3,40,8.97,30.27,46.88,57.49,24.48,0.164,0.209,0.303,0.512,0.1389999999999999,650911
SL,Slider,BR,260,22.24,54,52,10,18.52,1,1.85,126,37,29.37,14.23,45,17.31,31.54,34.33,15.57,19.23,0.288,0.315,0.519,0.8340000000000001,0.231,650911
FF,4-Seam Fastball,FB,1,0.09,1,1,0,0.0,0,0.0,1,0,0.0,0.0,0,0.0,0.0,,0.0,,1.0,1.0,1.0,2.0,0.0,650911
SI,Sinker,FB,141,47.8,43,35,5,11.63,8,18.6,65,13,20.0,9.22,30,21.28,30.5,23.53,32.58,17.24,0.171,0.326,0.286,0.612,0.1149999999999999,650960
ST,Sweeper,BR,74,25.08,15,15,4,26.67,0,0.0,31,9,29.03,12.16,6,8.11,20.27,23.53,31.46,14.29,0.267,0.267,0.267,0.534,0.0,650960
FF,4-Seam Fastball,FB,51,17.29,13,11,2,15.38,1,7.69,26,6,23.08,11.76,9,17.65,29.41,25.0,23.6,9.52,0.455,0.5,0.727,1.227,0.2719999999999999,650960
FC,Cutter,FB,28,9.49,8,7,3,37.5,1,12.5,14,7,50.0,25.0,5,17.86,42.86,40.0,11.24,30.0,0.143,0.25,0.571,0.821,0.4279999999999999,650960
CH,Changeup,OS,1,0.34,0,0,0,,0,,0,0,,0.0,0,0.0,0.0,0.0,1.12,0.0,,,,,,650960
SI,Sinker,FB,329,57.82,84,69,13,15.48,10,11.9,139,21,15.11,6.38,82,24.92,31.31,30.32,39.47,21.67,0.261,0.393,0.391,0.784,0.13,656061
SL,Slider,BR,204,35.85,54,46,22,40.74,7,12.96,89,43,48.31,21.08,21,10.29,31.37,26.72,50.66,28.57,0.087,0.204,0.152,0.356,0.065,656061
CH,Changeup,OS,24,4.22,5,5,3,60.0,0,0.0,7,3,42.86,12.5,4,16.67,29.17,16.67,5.92,33.33,0.0,0.0,0.0,0.0,0.0,656061
FF,4-Seam Fastball,FB,11,1.93,5,5,1,20.0,0,0.0,4,0,0.0,0.0,3,27.27,27.27,42.86,3.29,20.0,0.2,0.2,0.2,0.4,0.0,656061
,,,1,0.18,0,0,0,,0,,0,0,,0.0,0,0.0,0.0,,0.66,0.0,,,,,,656061
CH,Changeup,OS,249,52.31,60,57,12,20.0,2,3.33,112,31,27.68,12.45,44,17.67,30.12,29.13,41.32,24.0,0.316,0.333,0.456,0.789,0.14,656222
FF,4-Seam Fastball,FB,193,40.55,59,48,10,16.95,10,16.95,96,27,28.12,13.99,26,13.47,27.46,22.73,44.63,18.52,0.167,0.31,0.333,0.643,0.166,656222
FC,Cutter,FB,29,6.09,8,8,5,62.5,0,0.0,17,9,52.94,31.03,4,13.79,44.83,52.94,11.57,35.71,0.0,0.0,0.0,0.0,0.0,656222
SL,Slider,BR,5,1.05,3,2,0,0.0,0,0.0,3,0,0.0,0.0,0,0.0,0.0,0.0,2.48,0.0,1.0,1.0,1.5,2.5,0.5,656222
SI,Sinker,FB,288,38.2,74,63,3,4.05,9,12.16,136,18,13.24,6.25,46,15.97,22.22,27.41,17.56,5.56,0.317,0.411,0.444,0.855,0.127,656232
FF,4-Seam Fastball,FB,165,21.88,46,40,7,15.22,5,10.87,72,12,16.67,7.27,25,15.15,22.42,21.74,25.85,13.21,0.25,0.348,0.525,0.873,0.275,656232
ST,Sweeper,BR,143,18.97,37,33,9,24.32,3,8.11,56,20,35.71,13.99,26,18.18,32.17,29.41,21.95,20.0,0.333,0.405,0.727,1.132,0.3939999999999999,656232
CH,Changeup,OS,123,16.31,34,30,17,50.0,2,5.88,76,28,36.84,22.76,6,4.88,27.64,40.58,27.8,29.82,0.033,0.147,0.067,0.214,0.034,656232
CU,Curveball,BR,35,4.64,6,6,2,33.33,0,0.0,10,4,40.0,11.43,4,11.43,22.86,8.33,6.83,14.29,0.333,0.333,0.333,0.666,0.0,656232
SI,Sinker,FB,440,55.77,129,110,12,9.3,12,9.3,207,26,12.56,5.91,79,17.95,23.86,19.17,31.92,17.65,0.373,0.434,0.455,0.889,0.082,656234
CU,Curveball,BR,154,19.52,48,46,20,41.67,0,0.0,77,26,33.77,16.88,20,12.99,29.87,33.71,45.07,20.83,0.174,0.188,0.348,0.536,0.174,656234
FC,Cutter,FB,100,12.67,24,20,5,20.83,3,12.5,41,14,34.15,14.0,22,22.0,36.0,18.37,9.86,23.81,0.35,0.435,0.55,0.985,0.2,656234
SL,Slider,BR,91,11.53,18,16,3,16.67,1,5.56,38,13,34.21,14.29,25,27.47,41.76,35.56,12.68,11.11,0.25,0.333,0.312,0.645,0.062,656234
FF,4-Seam Fastball,FB,1,0.13,0,0,0,,0,,0,0,,0.0,0,0.0,0.0,0.0,0.0,,,,,,,656234
CH,Changeup,OS,1,0.13,1,1,0,0.0,0,0.0,1,0,0.0,0.0,0,0.0,0.0,,0.47,0.0,1.0,1.0,2.0,3.0,1.0,656234
ST,Sweeper,BR,1,0.13,1,1,0,0.0,0,0.0,1,0,0.0,0.0,0,0.0,0.0,,0.0,,0.0,0.0,0.0,0.0,0.0,656234
,,,1,0.13,0,0,0,,0,,0,0,,0.0,0,0.0,0.0,,0.0,,,,,,,656234
ST,Sweeper,BR,177,48.9,43,35,10,23.26,7,16.28,74,27,36.49,15.25,26,14.69,29.94,26.17,55.56,16.36,0.114,0.279,0.257,0.536,0.143,656257
FF,4-Seam Fastball,FB,130,35.91,40,36,12,30.0,1,2.5,68,19,27.94,14.62,21,16.15,30.77,26.98,39.39,30.77,0.278,0.325,0.528,0.853,0.25,656257
FC,Cutter,FB,54,14.92,9,8,1,11.11,1,11.11,20,4,20.0,7.41,7,12.96,20.37,10.34,5.05,20.0,0.375,0.444,0.5,0.944,0.125,656257
,,,1,0.28,0,0,0,,0,,0,0,,0.0,0,0.0,0.0,,0.0,,,,,,,656257
SI,Sinker,FB,33,55.93,10,10,1,10.0,0,0.0,17,4,23.53,12.12,7,21.21,33.33,33.33,33.33,16.67,0.3,0.3,0.3,0.6,0.0,656266
SL,Slider,BR,25,42.37,4,3,3,75.0,1,25.0,7,5,71.43,20.0,4,16.0,36.0,26.32,61.11,27.27,0.0,0.25,0.0,0.25,0.0,656266
,,,1,1.69,1,1,1,100.0,0,0.0,0,0,,0.0,0,0.0,0.0,,5.56,100.0,0.0,0.0,0.0,0.0,0.0,656266
FF,4-Seam Fastball,FB,438,67.49,107,100,16,14.95,3,2.8,260,47,18.08,10.73,49,11.19,21.92,31.87,68.66,10.74,0.21,0.245,0.41,0.655,0.1999999999999999,656271
CH,Changeup,OS,101,15.56,34,34,7,20.59,0,0.0,57,15,26.32,14.85,7,6.93,21.78,33.33,14.29,22.58,0.324,0.324,0.588,0.912,0.2639999999999999,656271
SL,Slider,BR,72,11.09,18,18,6,33.33,0,0.0,44,12,27.27,16.67,12,16.67,33.33,44.44,14.75,18.75,0.389,0.389,0.667,1.056,0.278,656271
SI,Sinker,FB,34,5.24,7,5,0,0.0,2,28.57,17,4,23.53,11.76,3,8.82,20.59,25.0,2.3,0.0,0.4,0.571,1.0,1.571,0.6,656271
,,,4,0.62,1,0,0,0.0,1,100.0,0,0,,0.0,0,0.0,0.0,,0.0,,,1.0,,,,656271
SL,Slider,BR,395,34.17,105,101,37,35.24,4,3.81,182,53,29.12,13.42,80,20.25,33.67,31.05,41.34,22.16,0.287,0.314,0.376,0.69,0.089,656288
FF,4-Seam Fastball,FB,386,33.39,75,67,22,29.33,7,9.33,178,56,31.46,14.51,67,17.36,31.87,26.9,29.7,18.33,0.239,0.32,0.567,0.887,0.3279999999999999,656288
CH,Changeup,OS,181,15.66,56,51,13,23.21,4,7.14,122,35,28.69,19.34,14,7.73,27.07,42.67,18.32,17.57,0.196,0.268,0.353,0.621,0.1569999999999999,656288
KC,Knuckle Curve,BR,136,11.76,26,25,3,11.54,0,0.0,60,13,21.67,9.56,29,21.32,30.88,17.24,6.19,12.0,0.4,0.385,1.0,1.385,0.6,656288
,,,49,4.24,11,11,3,27.27,0,0.0,25,7,28.0,14.29,8,16.33,30.61,,4.46,16.67,0.364,0.364,0.727,1.091,0.363,656288
SI,Sinker,FB,9,0.78,4,3,0,0.0,1,25.0,3,0,0.0,0.0,2,22.22,22.22,0.0,0.0,,0.333,0.5,1.333,1.833,1.0,656288
FF,4-Seam Fastball,FB,85,40.67,21,18,8,38.1,1,4.76,44,15,34.09,17.65,23,27.06,44.71,32.14,55.93,24.24,0.167,0.25,0.389,0.639,0.222,656290
SI,Sinker,FB,67,32.06,20,19,1,5.0,0,0.0,38,4,10.53,5.97,9,13.43,19.4,33.33,18.64,9.09,0.368,0.368,0.579,0.947,0.2109999999999999,656290
SL,Slider,BR,50,23.92,15,12,2,13.33,3,20.0,19,3,15.79,6.0,5,10.0,16.0,16.67,22.03,15.38,0.333,0.467,0.333,0.8,0.0,656290
CH,Changeup,OS,7,3.35,2,2,0,0.0,0,0.0,3,0,0.0,0.0,1,14.29,14.29,25.0,3.39,0.0,0.0,0.0,0.0,0.0,0.0,656290
SL,Slider,BR,790,47.0,189,171,67,35.45,17,8.99,370,161,43.51,20.38,96,12.15,32.53,34.44,57.17,20.49,0.228,0.296,0.269,0.565,0.041,656302
FF,4-Seam Fastball,FB,678,40.33,153,116,44,28.76,31,20.26,317,87,27.44,12.83,120,17.7,30.53,22.8,34.97,22.0,0.216,0.382,0.405,0.787,0.189,656302
KC,Knuckle Curve,BR,211,12.55,46,44,12,26.09,1,2.17,76,19,25.0,9.0,48,22.75,31.75,15.79,7.87,26.67,0.273,0.289,0.477,0.766,0.2039999999999999,656302
CH,Changeup,OS,2,0.12,0,0,0,,0,,0,0,,0.0,0,0.0,0.0,0.0,0.0,,,,,,,656302
SI,Sinker,FB,31,38.75,9,5,0,0.0,2,22.22,8,1,12.5,3.23,8,25.81,29.03,15.79,13.79,0.0,0.2,0.556,0.2,0.756,0.0,656322
ST,Sweeper,BR,19,23.75,3,3,1,33.33,0,0.0,7,3,42.86,15.79,6,31.58,47.37,14.29,20.69,16.67,0.333,0.333,0.333,0.666,0.0,656322
FF,4-Seam Fastball,FB,19,23.75,6,3,3,50.0,3,50.0,7,4,57.14,21.05,3,15.79,36.84,15.38,44.83,23.08,0.0,0.5,0.0,0.5,0.0,656322
CH,Changeup,OS,9,11.25,1,1,0,0.0,0,0.0,2,0,0.0,0.0,1,11.11,11.11,22.22,20.69,0.0,1.0,1.0,1.0,2.0,0.0,656322
FC,Cutter,FB,2,2.5,0,0,0,,0,,0,0,,0.0,0,0.0,0.0,0.0,0.0,,,,,,,656322
SL,Slider,BR,255,43.97,74,72,13,17.57,2,2.7,145,35,24.14,13.73,39,15.29,29.02,38.39,51.33,16.88,0.389,0.405,0.542,0.947,0.153,656353
FF,4-Seam Fastball,FB,201,34.66,55,48,9,16.36,5,9.09,73,10,13.7,4.98,55,27.36,32.34,22.22,20.0,30.0,0.271,0.352,0.438,0.79,0.1669999999999999,656353
FS,Split-Finger,OS,61,10.52,19,18,8,42.11,0,0.0,37,20,54.05,32.79,3,4.92,37.7,47.62,19.33,27.59,0.111,0.111,0.167,0.278,0.056,656353
ST,Sweeper,BR,55,9.48,15,12,3,20.0,0,0.0,29,8,27.59,14.55,7,12.73,27.27,36.36,9.33,21.43,0.25,0.308,0.25,0.558,0.0,656353
,,,8,1.38,2,0,0,0.0,2,100.0,0,0,,0.0,0,0.0,0.0,,0.0,,,1.0,,,,656353
FC,Cutter,FB,96,50.26,26,26,3,11.54,0,0.0,56,18,32.14,18.75,10,10.42,29.17,38.3,50.0,14.29,0.115,0.115,0.154,0.269,0.0389999999999999,656382
FF,4-Seam Fastball,FB,76,39.79,29,25,2,6.9,4,13.79,32,3,9.38,3.95,12,15.79,19.74,16.67,30.95,15.38,0.36,0.448,0.6,1.048,0.24,656382
SL,Slider,BR,19,9.95,5,4,1,20.0,1,20.0,8,3,37.5,15.79,1,5.26,21.05,9.09,19.05,12.5,0.25,0.4,0.25,0.65,0.0,656382
SL,Slider,BR,251,47.27,68,66,20,29.41,2,2.94,121,48,39.67,19.12,40,15.94,35.06,35.0,56.55,21.05,0.258,0.279,0.485,0.764,0.2269999999999999,656412
FF,4-Seam Fastball,FB,245,46.14,63,54,11,17.46,9,14.29,119,21,17.65,8.57,48,19.59,28.16,25.74,37.5,17.46,0.241,0.349,0.463,0.812,0.222,656412
CH,Changeup,OS,34,6.4,9,8,2,22.22,0,0.0,16,3,18.75,8.82,4,11.76,20.59,33.33,5.95,20.0,0.375,0.444,0.625,1.069,0.25,656412
,,,1,0.19,0,0,0,,0,,0,0,,0.0,0,0.0,0.0,,0.0,,,,,,,656412
FF,4-Seam Fastball,FB,537,43.34,123,103,36,29.27,15,12.2,250,60,24.0,11.17,116,21.6,32.77,24.02,43.67,21.3,0.291,0.407,0.408,0.815,0.1169999999999999,656427
SL,Slider,BR,391,31.56,108,97,17,15.74,9,8.33,181,58,32.04,14.83,60,15.35,30.18,26.76,26.61,15.53,0.33,0.38,0.505,0.885,0.175,656427
KC,Knuckle Curve,BR,194,15.66,53,50,27,50.94,2,3.77,111,51,45.95,26.29,18,9.28,35.57,44.17,23.77,29.35,0.18,0.226,0.36,0.586,0.18,656427
FC,Cutter,FB,64,5.17,15,14,3,20.0,1,6.67,28,6,21.43,9.38,8,12.5,21.88,23.68,4.39,17.65,0.214,0.267,0.214,0.481,0.0,656427
SI,Sinker,FB,37,2.99,4,3,0,0.0,0,0.0,7,1,14.29,2.7,0,0.0,2.7,11.76,0.0,,0.0,0.25,0.0,0.25,0.0,656427
CH,Changeup,OS,14,1.13,3,3,1,33.33,0,0.0,6,1,16.67,7.14,2,14.29,21.43,25.0,1.03,25.0,0.0,0.0,0.0,0.0,0.0,656427
PO,Pitch Out,,1,0.08,0,0,0,,0,,0,0,,0.0,0,0.0,0.0,0.0,0.26,0.0,,,,,,656427
,,,1,0.08,0,0,0,,0,,0,0,,0.0,0,0.0,0.0,,0.26,0.0,,,,,,656427
FC,Cutter,FB,78,46.99,23,22,7,30.43,1,4.35,43,14,32.56,17.95,14,17.95,35.9,36.11,37.25,36.84,0.182,0.217,0.364,0.581,0.182,656457
FF,4-Seam Fastball,FB,34,20.48,9,8,4,44.44,1,11.11,12,5,41.67,14.71,6,17.65,32.35,15.0,35.29,22.22,0.25,0.333,0.25,0.583,0.0,656457
FS,Split-Finger,OS,19,11.45,5,5,0,0.0,0,0.0,9,3,33.33,15.79,3,15.79,31.58,20.0,7.84,0.0,0.4,0.4,0.6,1.0,0.1999999999999999,656457
KC,Knuckle Curve,BR,19,11.45,4,4,1,25.0,0,0.0,7,2,28.57,10.53,4,21.05,31.58,38.46,15.69,12.5,0.25,0.25,0.5,0.75,0.25,656457
SI,Sinker,FB,16,9.64,2,1,0,0.0,1,50.0,5,0,0.0,0.0,2,12.5,12.5,0.0,3.92,0.0,0.0,0.5,0.0,0.5,0.0,656457
SL,Slider,BR,289,46.39,81,76,28,34.57,3,3.7,149,56,37.58,19.38,22,7.61,26.99,32.37,58.03,25.0,0.171,0.198,0.25,0.448,0.0789999999999999,656464
FF,4-Seam Fastball,FB,247,39.65,50,45,11,22.0,5,10.0,106,27,25.47,10.93,52,21.05,31.98,21.55,37.82,15.07,0.222,0.3,0.4,0.7,0.178,656464
SI,Sinker,FB,86,13.8,20,14,2,10.0,5,25.0,31,5,16.13,5.81,23,26.74,32.56,30.23,4.15,25.0,0.143,0.4,0.143,0.543,0.0,656464
,,,1,0.16,0,0,0,,0,,0,0,,0.0,0,0.0,0.0,,0.0,,,,,,,656464
CU,Curveball,BR,283,50.18,72,69,23,31.94,3,4.17,127,42,33.07,14.84,54,19.08,33.92,33.11,59.88,23.71,0.246,0.278,0.304,0.5820000000000001,0.0579999999999999,656529
FF,4-Seam Fastball,FB,257,45.57,65,57,13,20.0,8,12.31,109,27,24.77,10.51,58,22.57,33.07,14.15,33.33,24.07,0.246,0.338,0.298,0.636,0.0519999999999999,656529
SL,Slider,BR,15,2.66,3,2,1,33.33,1,33.33,6,1,16.67,6.67,2,13.33,20.0,20.0,6.17,10.0,0.0,0.333,0.0,0.333,0.0,656529
SI,Sinker,FB,7,1.24,1,1,0,0.0,0,0.0,4,1,25.0,14.29,0,0.0,14.29,25.0,0.0,,1.0,1.0,1.0,2.0,0.0,656529
,,,2,0.35,1,0,0,0.0,1,100.0,0,0,,0.0,0,0.0,0.0,,0.62,0.0,,1.0,,,,656529
SL,Slider,BR,294,55.79,69,64,32,46.38,3,4.35,142,67,47.18,22.79,46,15.65,38.44,36.97,58.86,31.07,0.047,0.088,0.094,0.182,0.047,656546
FF,4-Seam Fastball,FB,136,25.81,37,31,6,16.22,4,10.81,69,15,21.74,11.03,21,15.44,26.47,20.69,21.71,15.79,0.258,0.361,0.419,0.78,0.1609999999999999,656546
SI,Sinker,FB,59,11.2,14,11,1,7.14,3,21.43,41,6,14.63,10.17,8,13.56,23.73,62.5,4.0,14.29,0.273,0.429,0.636,1.065,0.363,656546
FS,Split-Finger,OS,36,6.83,9,9,4,44.44,0,0.0,18,5,27.78,13.89,1,2.78,16.67,16.67,14.86,15.38,0.0,0.0,0.0,0.0,0.0,656546
,,,2,0.38,0,0,0,,0,,0,0,,0.0,0,0.0,0.0,,0.57,0.0,,,,,,656546
SI,Sinker,FB,369,45.78,114,103,20,17.54,9,7.89,182,36,19.78,9.76,81,21.95,31.71,34.15,33.63,26.67,0.252,0.312,0.35,0.6619999999999999,0.0979999999999999,656557
SL,Slider,BR,344,42.68,87,80,21,24.14,5,5.75,159,59,37.11,17.15,52,15.12,32.27,30.81,50.22,18.75,0.212,0.267,0.312,0.579,0.1,656557
FF,4-Seam Fastball,FB,39,4.84,11,8,4,36.36,1,9.09,24,8,33.33,20.51,2,5.13,25.64,28.57,9.42,19.05,0.25,0.364,0.25,0.614,0.0,656557
FS,Split-Finger,OS,31,3.85,7,7,2,28.57,0,0.0,14,8,57.14,25.81,2,6.45,32.26,21.05,4.48,20.0,0.286,0.286,0.286,0.572,0.0,656557
FC,Cutter,FB,19,2.36,3,2,0,0.0,1,33.33,5,3,60.0,15.79,3,15.79,31.58,23.08,1.35,0.0,0.5,0.667,0.5,1.167,0.0,656557
ST,Sweeper,BR,3,0.37,3,3,1,33.33,0,0.0,3,1,33.33,33.33,0,0.0,33.33,100.0,0.9,50.0,0.0,0.0,0.0,0.0,0.0,656557
,,,1,0.12,0,0,0,,0,,0,0,,0.0,0,0.0,0.0,,0.0,,,,,,,656557
FF,4-Seam Fastball,FB,255,44.89,59,53,12,20.34,6,10.17,108,17,15.74,6.67,61,23.92,30.59,26.36,35.23,19.35,0.208,0.288,0.34,0.628,0.132,656578
CH,Changeup,OS,164,28.87,56,52,17,30.36,4,7.14,112,38,33.93,23.17,11,6.71,29.88,36.92,42.05,22.97,0.308,0.357,0.692,1.049,0.3839999999999999,656578
SL,Slider,BR,121,21.3,19,18,4,21.05,0,0.0,39,10,25.64,8.26,27,22.31,30.58,19.18,13.07,17.39,0.167,0.167,0.389,0.556,0.222,656578
CU,Curveball,BR,27,4.75,6,5,2,33.33,0,0.0,14,4,28.57,14.81,1,3.7,18.52,15.38,9.09,12.5,0.0,0.167,0.0,0.167,0.0,656578
,,,1,0.18,0,0,0,,0,,0,0,,0.0,0,0.0,0.0,,0.57,0.0,,,,,,656578
SI,Sinker,FB,602,41.78,161,146,16,9.94,5,3.11,267,25,9.36,4.15,178,29.57,33.72,25.13,17.41,21.62,0.26,0.319,0.363,0.6819999999999999,0.1029999999999999,656605
ST,Sweeper,BR,303,21.03,86,85,24,27.91,1,1.16,149,45,30.2,14.85,27,8.91,23.76,31.94,34.59,16.33,0.235,0.244,0.329,0.573,0.094,656605
FC,Cutter,FB,272,18.88,75,70,17,22.67,4,5.33,140,33,23.57,12.13,41,15.07,27.21,36.88,15.53,25.76,0.271,0.307,0.329,0.636,0.0579999999999999,656605
FF,4-Seam Fastball,FB,230,15.96,69,62,38,55.07,7,10.14,103,38,36.89,16.52,41,17.83,34.35,23.48,30.35,29.46,0.194,0.275,0.387,0.662,0.193,656605
CU,Curveball,BR,24,1.67,4,2,0,0.0,1,25.0,6,0,0.0,0.0,5,20.83,20.83,15.38,1.65,0.0,0.0,0.5,0.0,0.5,0.0,656605
CH,Changeup,OS,4,0.28,0,0,0,,0,,1,1,100.0,25.0,1,25.0,50.0,0.0,0.0,,,,,,,656605
SL,Slider,BR,4,0.28,0,0,0,,0,,3,1,33.33,25.0,0,0.0,25.0,0.0,0.24,0.0,,,,,,656605
,,,2,0.14,0,0,0,,0,,0,0,,0.0,0,0.0,0.0,,0.24,0.0,,,,,,656605
FF,4-Seam Fastball,FB,726,60.25,182,139,35,19.23,36,19.78,307,73,23.78,10.06,136,18.73,28.79,24.03,55.07,17.89,0.252,0.42,0.46,0.88,0.208,656629
SL,Slider,BR,427,35.44,108,102,25,23.15,4,3.7,192,47,24.48,11.01,65,15.22,26.23,24.34,39.42,18.38,0.245,0.278,0.539,0.8170000000000001,0.294,656629
CU,Curveball,BR,40,3.32,8,7,1,12.5,1,12.5,15,3,20.0,7.5,8,20.0,27.5,20.0,4.64,6.25,0.143,0.25,0.571,0.821,0.4279999999999999,656629
CH,Changeup,OS,12,1.0,2,1,0,0.0,0,0.0,4,0,0.0,0.0,1,8.33,8.33,30.0,0.87,0.0,0.0,0.5,0.0,0.5,0.0,656629
SL,Slider,BR,332,58.66,92,78,33,35.87,10,10.87,160,80,50.0,24.1,53,15.96,40.06,43.32,78.72,29.73,0.141,0.261,0.205,0.4659999999999999,0.064,656638
SI,Sinker,FB,215,37.99,51,37,4,7.84,11,21.57,67,8,11.94,3.72,45,20.93,24.65,18.7,17.02,16.67,0.216,0.412,0.459,0.871,0.243,656638
FF,4-Seam Fastball,FB,13,2.3,4,2,1,25.0,2,50.0,2,0,0.0,0.0,5,38.46,38.46,12.5,2.13,33.33,0.0,0.5,0.0,0.5,0.0,656638
CH,Changeup,OS,6,1.06,0,0,0,,0,,0,0,,0.0,1,16.67,16.67,0.0,2.13,0.0,,,,,,656638
FF,4-Seam Fastball,FB,39,53.42,11,8,1,9.09,3,27.27,18,4,22.22,10.26,7,17.95,28.21,25.0,57.69,6.67,0.125,0.364,0.125,0.489,0.0,656641
CH,Changeup,OS,25,34.25,5,5,1,20.0,0,0.0,13,4,30.77,16.0,3,12.0,28.0,42.11,34.62,11.11,0.0,0.0,0.0,0.0,0.0,656641
SL,Slider,BR,5,6.85,1,1,1,100.0,0,0.0,2,2,100.0,40.0,0,0.0,40.0,40.0,7.69,50.0,0.0,0.0,0.0,0.0,0.0,656641
CU,Curveball,BR,4,5.48,0,0,0,,0,,2,2,100.0,50.0,1,25.0,75.0,33.33,0.0,,,,,,,656641
FF,4-Seam Fastball,FB,59,50.43,18,18,3,16.67,0,0.0,33,2,6.06,3.39,9,15.25,18.64,23.08,55.56,20.0,0.333,0.333,0.722,1.055,0.3889999999999999,656657
CH,Changeup,OS,36,30.77,9,8,0,0.0,1,11.11,19,0,0.0,0.0,3,8.33,8.33,11.76,37.04,0.0,0.375,0.444,0.75,1.194,0.375,656657
CU,Curveball,BR,13,11.11,2,2,0,0.0,0,0.0,5,1,20.0,7.69,2,15.38,23.08,25.0,7.41,0.0,0.0,0.0,0.0,0.0,0.0,656657
FC,Cutter,FB,9,7.69,2,1,0,0.0,1,50.0,4,0,0.0,0.0,2,22.22,22.22,0.0,0.0,,0.0,0.5,0.0,0.5,0.0,656657
EP,Eephus,,9,75.0,5,3,0,0.0,0,0.0,4,0,0.0,0.0,0,0.0,0.0,50.0,,,0.333,0.5,1.333,1.833,1.0,656669
FA,Other,,2,16.67,0,0,0,,0,,0,0,,0.0,1,50.0,50.0,0.0,,,,,,,,656669
,,,1,8.33,0,0,0,,0,,0,0,,0.0,0,0.0,0.0,,,,,,,,,656669
FA,Other,,13,100.0,4,4,0,0.0,0,0.0,6,0,0.0,0.0,3,23.08,23.08,0.0,100.0,0.0,0.5,0.5,0.75,1.25,0.25,656716
FF,4-Seam Fastball,FB,217,71.85,52,44,14,26.92,4,7.69,107,26,24.3,11.98,44,20.28,32.26,25.56,62.37,24.14,0.25,0.308,0.455,0.763,0.205,656730
KC,Knuckle Curve,BR,84,27.81,24,23,15,62.5,1,4.17,44,25,56.82,29.76,13,15.48,45.24,50.0,37.63,42.86,0.261,0.292,0.435,0.727,0.174,656730
,,,1,0.33,0,0,0,,0,,0,0,,0.0,0,0.0,0.0,,0.0,,,,,,,656730
FF,4-Seam Fastball,FB,556,51.24,144,126,17,11.81,15,10.42,235,38,16.17,6.83,113,20.32,27.16,15.98,39.66,14.78,0.333,0.417,0.54,0.957,0.207,656731
SL,Slider,BR,329,30.32,76,71,17,22.37,4,5.26,154,46,29.87,13.98,38,11.55,25.53,28.65,38.28,15.32,0.268,0.303,0.479,0.782,0.2109999999999999,656731
CH,Changeup,OS,129,11.89,43,36,7,16.28,6,13.95,63,14,22.22,10.85,20,15.5,26.36,29.69,13.45,17.95,0.111,0.256,0.111,0.367,0.0,656731
CU,Curveball,BR,59,5.44,12,11,1,8.33,1,8.33,24,3,12.5,5.08,4,6.78,11.86,26.83,7.24,4.76,0.182,0.25,0.182,0.432,0.0,656731
SI,Sinker,FB,7,0.65,4,3,1,25.0,1,25.0,4,1,25.0,14.29,2,28.57,42.86,50.0,1.03,33.33,0.333,0.5,0.333,0.833,0.0,656731
FS,Split-Finger,OS,5,0.46,2,2,1,50.0,0,0.0,2,1,50.0,20.0,0,0.0,20.0,0.0,0.34,100.0,0.5,0.5,0.5,1.0,0.0,656731
SI,Sinker,FB,1045,40.95,292,258,44,15.07,32,10.96,470,74,15.74,7.08,227,21.72,28.8,25.48,33.51,17.81,0.248,0.33,0.388,0.718,0.14,656756
CH,Changeup,OS,662,25.94,170,160,39,22.94,9,5.29,336,132,39.29,19.94,58,8.76,28.7,28.93,25.64,20.63,0.238,0.278,0.406,0.684,0.168,656756
CU,Curveball,BR,540,21.16,142,135,47,33.1,4,2.82,245,89,36.33,16.48,93,17.22,33.7,39.08,30.12,21.17,0.178,0.204,0.348,0.5519999999999999,0.1699999999999999,656756
FF,4-Seam Fastball,FB,275,10.78,59,57,12,20.34,1,1.69,137,29,21.17,10.55,37,13.45,24.0,30.0,9.23,17.65,0.333,0.356,0.491,0.847,0.1579999999999999,656756
FC,Cutter,FB,21,0.82,6,5,1,16.67,0,0.0,14,4,28.57,19.05,1,4.76,23.81,36.36,1.09,12.5,0.8,0.833,1.4,2.233,0.5999999999999999,656756
SL,Slider,BR,7,0.27,2,2,1,50.0,0,0.0,6,2,33.33,28.57,0,0.0,28.57,66.67,0.41,33.33,0.0,0.0,0.0,0.0,0.0,656756
,,,2,0.08,0,0,0,,0,,0,0,,0.0,0,0.0,0.0,,0.0,,,,,,,656756
CU,Curveball,BR,73,48.34,14,13,5,35.71,0,0.0,32,10,31.25,13.7,10,13.7,27.4,37.5,60.0,16.67,0.231,0.286,0.231,0.517,0.0,656786
FC,Cutter,FB,49,32.45,14,13,2,14.29,1,7.14,29,5,17.24,10.2,7,14.29,24.49,45.0,26.0,15.38,0.385,0.429,1.154,1.583,0.7689999999999999,656786
FF,4-Seam Fastball,FB,29,19.21,13,11,1,7.69,2,15.38,11,0,0.0,0.0,5,17.24,17.24,15.38,14.0,14.29,0.545,0.615,1.0,1.615,0.4549999999999999,656786
SI,Sinker,FB,15,48.39,6,6,1,16.67,0,0.0,9,2,22.22,13.33,2,13.33,26.67,60.0,14.29,100.0,0.0,0.0,0.0,0.0,0.0,656793
CH,Changeup,OS,11,35.48,2,2,2,100.0,0,0.0,7,4,57.14,36.36,1,9.09,45.45,57.14,57.14,50.0,0.0,0.0,0.0,0.0,0.0,656793
FF,4-Seam Fastball,FB,5,16.13,1,1,0,0.0,0,0.0,2,1,50.0,20.0,0,0.0,20.0,0.0,28.57,0.0,1.0,1.0,4.0,5.0,3.0,656793
FF,4-Seam Fastball,FB,115,60.21,25,20,7,28.0,5,20.0,59,13,22.03,11.3,18,15.65,26.96,29.41,59.38,18.42,0.2,0.36,0.4,0.76,0.2,656794
CU,Curveball,BR,35,18.32,8,5,1,12.5,1,12.5,8,1,12.5,2.86,5,14.29,17.14,17.24,17.19,9.09,0.2,0.5,0.4,0.9,0.2,656794
SV,Slurve,BR,24,12.57,5,5,3,60.0,0,0.0,12,2,16.67,8.33,3,12.5,20.83,42.86,20.31,23.08,0.2,0.2,0.2,0.4,0.0,656794
CH,Changeup,OS,8,4.19,2,2,0,0.0,0,0.0,4,1,25.0,12.5,2,25.0,37.5,40.0,1.56,0.0,0.5,0.5,0.5,1.0,0.0,656794
SI,Sinker,FB,5,2.62,1,1,0,0.0,0,0.0,2,0,0.0,0.0,2,40.0,40.0,0.0,1.56,0.0,0.0,0.0,0.0,0.0,0.0,656794
FC,Cutter,FB,4,2.09,0,0,0,,0,,0,0,,0.0,2,50.0,50.0,0.0,0.0,,,,,,,656794
ST,Sweeper,BR,67,45.58,11,10,5,45.45,1,9.09,36,12,33.33,17.91,10,14.93,32.84,25.0,55.81,20.83,0.1,0.182,0.1,0.282,0.0,656814
SI,Sinker,FB,63,42.86,28,27,5,17.86,0,0.0,39,7,17.95,11.11,8,12.7,23.81,36.0,34.88,26.67,0.259,0.259,0.296,0.5549999999999999,0.0369999999999999,656814
SL,Slider,BR,10,6.8,2,2,0,0.0,0,0.0,4,0,0.0,0.0,3,30.0,30.0,25.0,2.33,0.0,0.0,0.0,0.0,0.0,0.0,656814
FF,4-Seam Fastball,FB,7,4.76,1,0,0,0.0,1,100.0,1,1,100.0,14.29,1,14.29,28.57,0.0,6.98,0.0,,1.0,,,,656814
SI,Sinker,FB,26,24.53,4,3,0,0.0,1,25.0,10,1,10.0,3.85,4,15.38,19.23,14.29,3.85,0.0,0.667,0.75,0.667,1.417,0.0,656818
CH,Changeup,OS,24,22.64,9,7,2,22.22,1,11.11,17,7,41.18,29.17,4,16.67,45.83,72.73,23.08,33.33,0.286,0.333,0.714,1.047,0.428,656818
SL,Slider,BR,24,22.64,6,6,3,50.0,0,0.0,15,9,60.0,37.5,2,8.33,45.83,56.25,30.77,37.5,0.167,0.167,0.167,0.334,0.0,656818
FF,4-Seam Fastball,FB,23,21.7,7,7,3,42.86,0,0.0,11,4,36.36,17.39,5,21.74,39.13,0.0,30.77,37.5,0.429,0.429,1.0,1.429,0.571,656818
ST,Sweeper,BR,5,4.72,3,3,0,0.0,0,0.0,3,0,0.0,0.0,0,0.0,0.0,0.0,11.54,0.0,0.667,0.667,1.0,1.667,0.3329999999999999,656818
FC,Cutter,FB,4,3.77,0,0,0,,0,,0,0,,0.0,2,50.0,50.0,0.0,0.0,,,,,,,656818
ST,Sweeper,BR,26,41.94,8,8,3,37.5,0,0.0,11,5,45.45,19.23,4,15.38,34.62,33.33,61.11,27.27,0.5,0.5,1.0,1.5,0.5,656820
FC,Cutter,FB,14,22.58,4,4,0,0.0,0,0.0,7,2,28.57,14.29,2,14.29,28.57,25.0,11.11,0.0,0.5,0.5,0.75,1.25,0.25,656820
SI,Sinker,FB,13,20.97,3,3,1,33.33,0,0.0,9,2,22.22,15.38,0,0.0,15.38,42.86,16.67,33.33,0.0,0.0,0.0,0.0,0.0,656820
CU,Curveball,BR,9,14.52,0,0,0,,0,,2,1,50.0,11.11,5,55.56,66.67,0.0,11.11,0.0,,,,,,656820
FF,4-Seam Fastball,FB,422,28.13,77,61,19,24.68,13,16.88,172,47,27.33,11.14,47,11.14,22.27,22.76,31.17,15.2,0.279,0.4,0.426,0.8260000000000001,0.1469999999999999,656849
CH,Changeup,OS,351,23.4,85,74,14,16.47,10,11.76,169,53,31.36,15.1,50,14.25,29.34,30.85,17.46,20.0,0.338,0.412,0.581,0.993,0.2429999999999999,656849
SI,Sinker,FB,340,22.67,81,71,2,2.47,10,12.35,138,17,12.32,5.0,88,25.88,30.88,20.86,7.48,6.67,0.352,0.432,0.507,0.939,0.155,656849
SL,Slider,BR,243,16.2,98,87,44,44.9,7,7.14,138,60,43.48,24.69,19,7.82,32.51,43.59,34.41,31.88,0.241,0.327,0.414,0.741,0.173,656849
CU,Curveball,BR,142,9.47,36,33,14,38.89,1,2.78,60,23,38.33,16.2,28,19.72,35.92,33.72,9.48,36.84,0.182,0.2,0.182,0.382,0.0,656849
,,,2,0.13,0,0,0,,0,,0,0,,0.0,0,0.0,0.0,,0.0,,,,,,,656849
FC,Cutter,FB,150,34.97,36,31,6,16.67,3,8.33,69,17,24.64,11.33,34,22.67,34.0,30.65,19.87,20.0,0.194,0.286,0.29,0.576,0.0959999999999999,656876
FF,4-Seam Fastball,FB,108,25.17,28,22,13,46.43,6,21.43,52,16,30.77,14.81,20,18.52,33.33,28.57,34.44,25.0,0.136,0.321,0.273,0.5940000000000001,0.137,656876
ST,Sweeper,BR,88,20.51,26,26,9,34.62,0,0.0,46,11,23.91,12.5,8,9.09,21.59,26.09,34.44,17.31,0.154,0.154,0.192,0.346,0.038,656876
SI,Sinker,FB,77,17.95,21,20,3,14.29,1,4.76,37,6,16.22,7.79,21,27.27,35.06,41.03,9.27,21.43,0.3,0.333,0.4,0.7330000000000001,0.1,656876
CU,Curveball,BR,4,0.93,0,0,0,,0,,0,0,,0.0,1,25.0,25.0,0.0,1.32,0.0,,,,,,656876
,,,2,0.47,0,0,0,,0,,0,0,,0.0,0,0.0,0.0,,0.66,0.0,,,,,,656876
FF,4-Seam Fastball,FB,44,60.27,8,5,5,62.5,2,25.0,18,6,33.33,13.64,13,29.55,43.18,23.81,66.67,31.25,0.0,0.25,0.0,0.25,0.0,656887
SL,Slider,BR,19,26.03,6,5,1,16.67,1,16.67,5,1,20.0,5.26,5,26.32,31.58,0.0,12.5,33.33,0.2,0.333,0.4,0.7330000000000001,0.2,656887
CH,Changeup,OS,9,12.33,2,2,0,0.0,0,0.0,6,2,33.33,22.22,0,0.0,22.22,40.0,16.67,0.0,0.0,0.0,0.0,0.0,0.0,656887
,,,1,1.37,0,0,0,,0,,0,0,,0.0,0,0.0,0.0,,4.17,0.0,,,,,,656887
SI,Sinker,FB,1,50.0,0,0,0,,0,,0,0,,0.0,1,100.0,100.0,0.0,,,,,,,,656924
SL,Slider,BR,1,50.0,1,1,0,0.0,0,0.0,1,0,0.0,0.0,0,0.0,0.0,,,,0.0,0.0,0.0,0.0,0.0,656924
SL,Slider,BR,426,53.18,108,100,42,38.89,3,2.78,243,100,41.15,23.47,66,15.49,38.97,48.25,57.47,28.0,0.14,0.196,0.16,0.356,0.0199999999999999,656945
FF,4-Seam Fastball,FB,363,45.32,96,89,23,23.96,7,7.29,187,41,21.93,11.29,60,16.53,27.82,28.57,42.53,20.72,0.247,0.302,0.337,0.639,0.09,656945
,,,12,1.5,3,0,0,0.0,3,100.0,0,0,,0.0,0,0.0,0.0,,0.0,,,1.0,,,,656945
FF,4-Seam Fastball,FB,89,38.03,23,21,3,13.04,0,0.0,45,5,11.11,5.62,14,15.73,21.35,21.05,38.46,10.0,0.333,0.391,0.619,1.01,0.286,656970
CH,Changeup,OS,81,34.62,25,24,6,24.0,1,4.0,43,13,30.23,16.05,12,14.81,30.86,40.38,46.15,16.67,0.292,0.32,0.542,0.8620000000000001,0.25,656970
CU,Curveball,BR,50,21.37,10,9,0,0.0,1,10.0,21,2,9.52,4.0,14,28.0,32.0,28.57,11.54,0.0,0.222,0.3,0.556,0.8560000000000001,0.3340000000000001,656970
FC,Cutter,FB,11,4.7,3,3,1,33.33,0,0.0,4,0,0.0,0.0,4,36.36,36.36,50.0,2.56,50.0,0.333,0.333,0.333,0.666,0.0,656970
ST,Sweeper,BR,2,0.85,1,1,0,0.0,0,0.0,2,0,0.0,0.0,0,0.0,0.0,,1.28,0.0,1.0,1.0,1.0,2.0,0.0,656970
,,,1,0.43,0,0,0,,0,,0,0,,0.0,0,0.0,0.0,,0.0,,,,,,,656970
FF,4-Seam Fastball,FB,90,54.88,22,17,3,13.64,5,22.73,33,4,12.12,4.44,19,21.11,25.56,9.09,54.84,17.65,0.176,0.364,0.294,0.6579999999999999,0.118,656981
SL,Slider,BR,28,17.07,7,6,1,14.29,1,14.29,12,4,33.33,14.29,2,7.14,21.43,17.65,12.9,25.0,0.667,0.714,1.0,1.714,0.3329999999999999,656981
FC,Cutter,FB,24,14.63,10,9,0,0.0,1,10.0,13,2,15.38,8.33,3,12.5,20.83,33.33,6.45,0.0,0.222,0.3,0.444,0.744,0.222,656981
CU,Curveball,BR,22,13.41,7,5,0,0.0,0,0.0,6,0,0.0,0.0,5,22.73,22.73,0.0,25.81,0.0,0.2,0.333,0.2,0.533,0.0,656981
FF,4-Seam Fastball,FB,42,50.6,11,9,1,9.09,2,18.18,18,4,22.22,9.52,6,14.29,23.81,20.83,37.04,10.0,0.444,0.545,0.778,1.323,0.334,656986
SL,Slider,BR,36,43.37,7,7,3,42.86,0,0.0,17,8,47.06,22.22,5,13.89,36.11,40.0,59.26,18.75,0.143,0.143,0.143,0.286,0.0,656986
SI,Sinker,FB,5,6.02,2,2,0,0.0,0,0.0,4,1,25.0,20.0,0,0.0,20.0,50.0,3.7,0.0,0.0,0.0,0.0,0.0,0.0,656986
FF,4-Seam Fastball,FB,1409,66.97,379,345,67,17.68,27,7.12,771,154,19.97,10.93,215,15.26,26.19,30.27,52.23,19.03,0.264,0.319,0.359,0.6779999999999999,0.0949999999999999,657006
SL,Slider,BR,635,30.18,184,177,63,34.24,1,0.54,336,97,28.87,15.28,83,13.07,28.35,37.39,44.36,21.07,0.215,0.236,0.328,0.5640000000000001,0.113,657006
CH,Changeup,OS,26,1.24,3,3,0,0.0,0,0.0,8,1,12.5,3.85,2,7.69,11.54,11.76,0.59,0.0,0.667,0.667,0.667,1.334,0.0,657006
CU,Curveball,BR,20,0.95,7,7,2,28.57,0,0.0,8,2,25.0,10.0,2,10.0,20.0,23.08,2.08,14.29,0.143,0.143,0.143,0.286,0.0,657006
SI,Sinker,FB,10,0.48,2,2,1,50.0,0,0.0,5,2,40.0,20.0,2,20.0,40.0,0.0,0.3,50.0,0.0,0.0,0.0,0.0,0.0,657006
,,,4,0.19,1,1,1,100.0,0,0.0,0,0,,0.0,0,0.0,0.0,,0.45,33.33,0.0,0.0,0.0,0.0,0.0,657006
FS,Split-Finger,OS,230,40.14,79,75,31,39.24,4,5.06,147,54,36.73,23.48,23,10.0,33.48,49.11,62.5,26.96,0.187,0.228,0.28,0.508,0.093,657024
SL,Slider,BR,174,30.37,22,22,2,9.09,0,0.0,63,27,42.86,15.52,40,22.99,38.51,25.0,5.98,18.18,0.364,0.364,0.545,0.909,0.181,657024
FF,4-Seam Fastball,FB,169,29.49,43,37,10,23.26,5,11.63,88,23,26.14,13.61,22,13.02,26.63,32.58,31.52,17.24,0.243,0.333,0.486,0.819,0.243,657024
SL,Slider,BR,83,39.52,24,23,10,41.67,1,4.17,48,18,37.5,21.69,4,4.82,26.51,39.22,60.94,25.64,0.217,0.25,0.652,0.902,0.435,657031
FF,4-Seam Fastball,FB,69,32.86,17,15,3,17.65,1,5.88,30,6,20.0,8.7,16,23.19,31.88,23.33,28.12,16.67,0.4,0.412,0.533,0.945,0.133,657031
CU,Curveball,BR,27,12.86,6,6,1,16.67,0,0.0,12,3,25.0,11.11,4,14.81,25.93,33.33,6.25,25.0,0.0,0.0,0.0,0.0,0.0,657031
SI,Sinker,FB,27,12.86,6,5,2,33.33,1,16.67,6,1,16.67,3.7,13,48.15,51.85,11.11,4.69,66.67,0.6,0.667,0.6,1.267,0.0,657031
,,,4,1.9,1,0,0,0.0,1,100.0,0,0,,0.0,0,0.0,0.0,,0.0,,,1.0,,,,657031
FA,Other,,11,84.62,4,4,0,0.0,0,0.0,6,2,33.33,18.18,2,18.18,36.36,33.33,100.0,0.0,0.75,0.75,1.75,2.5,1.0,657041
CU,Curveball,BR,2,15.38,0,0,0,,0,,1,0,0.0,0.0,0,0.0,0.0,50.0,0.0,,,,,,,657041
SI,Sinker,FB,167,61.4,46,41,4,8.7,5,10.87,76,7,9.21,4.19,40,23.95,28.14,21.88,37.31,16.0,0.22,0.304,0.341,0.645,0.121,657044
SL,Slider,BR,98,36.03,26,23,10,38.46,2,7.69,37,15,40.54,15.31,17,17.35,32.65,26.67,53.73,27.78,0.087,0.192,0.348,0.54,0.261,657044
FF,4-Seam Fastball,FB,6,2.21,1,1,0,0.0,0,0.0,2,0,0.0,0.0,0,0.0,0.0,0.0,8.96,0.0,0.0,0.0,0.0,0.0,0.0,657044
,,,1,0.37,0,0,0,,0,,0,0,,0.0,0,0.0,0.0,,0.0,,,,,,,657044
CU,Curveball,BR,246,32.8,63,56,24,38.1,6,9.52,99,39,39.39,15.85,46,18.7,34.55,28.47,43.72,23.76,0.143,0.222,0.25,0.472,0.107,657053
SI,Sinker,FB,238,31.73,62,47,4,6.45,11,17.74,93,8,8.6,3.36,59,24.79,28.15,20.75,16.45,10.53,0.383,0.5,0.447,0.947,0.064,657053
FF,4-Seam Fastball,FB,150,20.0,31,25,13,41.94,5,16.13,57,20,35.09,13.33,36,24.0,37.33,21.25,16.45,34.21,0.24,0.387,0.4,0.787,0.16,657053
FS,Split-Finger,OS,85,11.33,22,19,6,27.27,3,13.64,40,11,27.5,12.94,8,9.41,22.35,33.33,16.45,15.79,0.158,0.273,0.316,0.589,0.158,657053
SL,Slider,BR,31,4.13,4,4,3,75.0,0,0.0,11,5,45.45,16.13,4,12.9,29.03,32.0,6.93,18.75,0.25,0.25,1.0,1.25,0.75,657053
SI,Sinker,FB,23,35.38,5,5,1,20.0,0,0.0,11,0,0.0,0.0,4,17.39,17.39,40.0,44.0,9.09,0.4,0.4,0.6,1.0,0.1999999999999999,657093
FF,4-Seam Fastball,FB,16,24.62,3,2,0,0.0,1,33.33,6,1,16.67,6.25,2,12.5,18.75,11.11,12.0,0.0,0.0,0.333,0.0,0.333,0.0,657093
SL,Slider,BR,15,23.08,3,3,1,33.33,0,0.0,8,3,37.5,20.0,2,13.33,33.33,42.86,28.0,14.29,0.333,0.333,1.333,1.666,1.0,657093
FC,Cutter,FB,10,15.38,2,1,0,0.0,1,50.0,7,2,28.57,20.0,1,10.0,30.0,50.0,12.0,0.0,1.0,1.0,2.0,3.0,1.0,657093
CU,Curveball,BR,1,1.54,1,1,0,0.0,0,0.0,1,0,0.0,0.0,0,0.0,0.0,,4.0,0.0,1.0,1.0,4.0,5.0,3.0,657093
FF,4-Seam Fastball,FB,303,49.35,75,63,23,30.67,9,12.0,157,48,30.57,15.84,52,17.16,33.0,27.91,43.75,25.27,0.111,0.243,0.254,0.497,0.143,657097
ST,Sweeper,BR,208,33.88,52,49,9,17.31,2,3.85,102,34,33.33,16.35,28,13.46,29.81,39.37,31.25,13.85,0.245,0.288,0.347,0.635,0.1019999999999999,657097
CH,Changeup,OS,103,16.78,27,23,6,22.22,4,14.81,62,18,29.03,17.48,8,7.77,25.24,39.66,25.0,11.54,0.217,0.333,0.522,0.855,0.305,657097
KC,Knuckle Curve,BR,163,49.85,44,43,15,34.09,1,2.27,85,28,32.94,17.18,27,16.56,33.74,37.65,62.75,23.44,0.093,0.114,0.14,0.254,0.047,657140
SI,Sinker,FB,126,38.53,36,30,0,0.0,2,5.56,69,6,8.7,4.76,19,15.08,19.84,33.96,28.43,0.0,0.633,0.667,0.767,1.4340000000000002,0.134,657140
FF,4-Seam Fastball,FB,22,6.73,8,7,4,50.0,1,12.5,16,5,31.25,22.73,3,13.64,36.36,71.43,7.84,50.0,0.429,0.5,1.0,1.5,0.571,657140
SL,Slider,BR,8,2.45,2,2,0,0.0,0,0.0,3,1,33.33,12.5,0,0.0,12.5,16.67,0.0,,1.0,1.0,1.5,2.5,0.5,657140
CH,Changeup,OS,7,2.14,0,0,0,,0,,1,0,0.0,0.0,0,0.0,0.0,14.29,0.98,0.0,,,,,,657140
,,,1,0.31,0,0,0,,0,,0,0,,0.0,0,0.0,0.0,,0.0,,,,,,,657140
SL,Slider,BR,423,61.04,83,81,31,37.35,2,2.41,202,87,43.07,20.57,76,17.97,38.53,34.65,56.22,22.14,0.247,0.265,0.358,0.623,0.1109999999999999,657240
FF,4-Seam Fastball,FB,232,33.48,72,56,16,22.22,15,20.83,114,16,14.04,6.9,49,21.12,28.02,26.73,31.33,19.23,0.196,0.361,0.25,0.611,0.0539999999999999,657240
ST,Sweeper,BR,29,4.18,10,10,4,40.0,0,0.0,13,4,30.77,13.79,1,3.45,17.24,23.81,9.64,16.67,0.2,0.2,0.6,0.8,0.3999999999999999,657240
CH,Changeup,OS,8,1.15,5,4,4,80.0,1,20.0,3,3,100.0,37.5,2,25.0,62.5,50.0,2.81,57.14,0.0,0.2,0.0,0.2,0.0,657240
,,,1,0.14,0,0,0,,0,,0,0,,0.0,0,0.0,0.0,,0.0,,,,,,,657240
ST,Sweeper,BR,83,60.14,24,24,5,20.83,0,0.0,44,14,31.82,16.87,15,18.07,34.94,44.9,63.89,17.39,0.208,0.208,0.583,0.7909999999999999,0.375,657248
FF,4-Seam Fastball,FB,46,33.33,11,7,1,9.09,4,36.36,19,7,36.84,15.22,5,10.87,26.09,27.27,27.78,10.0,0.571,0.727,1.429,2.156,0.8580000000000001,657248
KC,Knuckle Curve,BR,8,5.8,1,1,0,0.0,0,0.0,2,0,0.0,0.0,1,12.5,12.5,0.0,8.33,0.0,1.0,1.0,1.0,2.0,0.0,657248
SI,Sinker,FB,1,0.72,1,1,0,0.0,0,0.0,1,0,0.0,0.0,0,0.0,0.0,,0.0,,0.0,0.0,0.0,0.0,0.0,657248
ST,Sweeper,BR,121,35.69,27,25,9,33.33,0,0.0,53,18,33.96,14.88,24,19.83,34.71,25.4,38.53,21.43,0.24,0.269,0.32,0.589,0.08,657265
FF,4-Seam Fastball,FB,121,35.69,28,25,13,46.43,2,7.14,58,19,32.76,15.7,18,14.88,30.58,26.15,42.2,28.26,0.12,0.214,0.28,0.494,0.16,657265
SI,Sinker,FB,77,22.71,22,17,2,9.09,2,9.09,37,6,16.22,7.79,16,20.78,28.57,32.43,11.93,15.38,0.294,0.455,0.412,0.867,0.118,657265
CH,Changeup,OS,13,3.83,5,5,1,20.0,0,0.0,9,4,44.44,30.77,1,7.69,38.46,57.14,6.42,14.29,0.0,0.0,0.0,0.0,0.0,657265
SL,Slider,BR,5,1.47,1,1,0,0.0,0,0.0,4,2,50.0,40.0,1,20.0,60.0,100.0,0.92,0.0,1.0,1.0,1.0,2.0,0.0,657265
FC,Cutter,FB,2,0.59,1,0,0,0.0,1,100.0,0,0,,0.0,0,0.0,0.0,0.0,0.0,,,1.0,,,,657265
SI,Sinker,FB,8,36.36,2,1,0,0.0,1,50.0,2,0,0.0,0.0,2,25.0,25.0,0.0,20.0,0.0,1.0,1.0,1.0,2.0,0.0,657272
SL,Slider,BR,6,27.27,2,1,0,0.0,0,0.0,2,0,0.0,0.0,0,0.0,0.0,0.0,40.0,0.0,1.0,0.5,2.0,2.5,1.0,657272
FF,4-Seam Fastball,FB,5,22.73,1,1,0,0.0,0,0.0,2,1,50.0,20.0,1,20.0,40.0,0.0,20.0,0.0,1.0,1.0,2.0,3.0,1.0,657272
CH,Changeup,OS,3,13.64,1,1,0,0.0,0,0.0,1,0,0.0,0.0,1,33.33,33.33,0.0,20.0,0.0,0.0,0.0,0.0,0.0,0.0,657272
SI,Sinker,FB,574,36.84,134,124,23,17.16,7,5.22,206,23,11.17,4.01,193,33.62,37.63,18.7,23.03,20.72,0.323,0.368,0.508,0.876,0.185,657277
CH,Changeup,OS,569,36.52,185,178,29,15.68,5,2.7,349,69,19.77,12.13,77,13.53,25.66,45.56,38.59,15.59,0.27,0.29,0.376,0.6659999999999999,0.1059999999999999,657277
ST,Sweeper,BR,396,25.42,94,89,34,36.17,4,4.26,177,58,32.77,14.65,48,12.12,26.77,35.42,36.51,19.32,0.18,0.223,0.315,0.538,0.135,657277
FF,4-Seam Fastball,FB,18,1.16,8,8,4,50.0,0,0.0,9,2,22.22,11.11,6,33.33,44.44,25.0,1.87,44.44,0.375,0.375,0.75,1.125,0.375,657277
,,,1,0.06,0,0,0,,0,,0,0,,0.0,0,0.0,0.0,,0.0,,,,,,,657277
ST,Sweeper,BR,437,32.2,107,100,31,28.97,6,5.61,213,61,28.64,13.96,96,21.97,35.93,36.19,32.6,20.95,0.24,0.28,0.45,0.73,0.21,657376
SI,Sinker,FB,418,30.8,126,116,16,12.7,7,5.56,206,24,11.65,5.74,72,17.22,22.97,25.81,21.15,16.67,0.284,0.333,0.457,0.79,0.173,657376
FC,Cutter,FB,295,21.74,68,61,16,23.53,4,5.88,149,38,25.5,12.88,52,17.63,30.51,27.94,18.5,19.05,0.148,0.206,0.295,0.501,0.147,657376
KC,Knuckle Curve,BR,205,15.11,49,49,24,48.98,0,0.0,78,29,37.18,14.15,33,16.1,30.24,27.69,27.75,19.05,0.224,0.224,0.327,0.551,0.103,657376
FF,4-Seam Fastball,FB,1,0.07,0,0,0,,0,,1,0,0.0,0.0,0,0.0,0.0,,0.0,,,,,,,657376
,,,1,0.07,0,0,0,,0,,0,0,,0.0,0,0.0,0.0,,0.0,,,,,,,657376
FF,4-Seam Fastball,FB,43,69.35,13,12,3,23.08,1,7.69,17,5,29.41,11.63,10,23.26,34.88,29.17,81.82,33.33,0.333,0.385,0.667,1.052,0.334,657424
SL,Slider,BR,10,16.13,0,0,0,,0,,2,0,0.0,0.0,2,20.0,20.0,0.0,0.0,,,,,,,657424
ST,Sweeper,BR,5,8.06,1,1,0,0.0,0,0.0,2,0,0.0,0.0,0,0.0,0.0,33.33,18.18,0.0,0.0,0.0,0.0,0.0,0.0,657424
CU,Curveball,BR,2,3.23,0,0,0,,0,,0,0,,0.0,1,50.0,50.0,0.0,0.0,,,,,,,657424
SI,Sinker,FB,2,3.23,0,0,0,,0,,0,0,,0.0,0,0.0,0.0,0.0,0.0,,,,,,,657424
FF,4-Seam Fastball,FB,330,49.03,73,58,7,9.59,11,15.07,153,33,21.57,10.0,52,15.76,25.76,28.49,39.32,8.64,0.276,0.403,0.431,0.8340000000000001,0.1549999999999999,657508
SL,Slider,BR,179,26.6,49,44,5,10.2,4,8.16,103,26,25.24,14.53,19,10.61,25.14,28.75,14.56,16.67,0.227,0.286,0.5,0.786,0.273,657508
KC,Knuckle Curve,BR,162,24.07,51,47,21,41.18,4,7.84,73,20,27.4,12.35,16,9.88,22.22,23.66,45.63,22.34,0.17,0.235,0.191,0.426,0.0209999999999999,657508
CH,Changeup,OS,1,0.15,0,0,0,,0,,0,0,,0.0,0,0.0,0.0,0.0,0.49,0.0,,,,,,657508
,,,1,0.15,0,0,0,,0,,0,0,,0.0,0,0.0,0.0,,0.0,,,,,,,657508
SI,Sinker,FB,298,54.78,92,80,22,23.91,12,13.04,126,20,15.87,6.71,65,21.81,28.52,10.92,53.33,27.5,0.3,0.391,0.45,0.841,0.15,657514
CU,Curveball,BR,230,42.28,36,33,13,36.11,1,2.78,82,32,39.02,13.91,42,18.26,32.17,22.3,44.67,19.4,0.303,0.361,0.455,0.8160000000000001,0.152,657514
CH,Changeup,OS,12,2.21,3,2,0,0.0,1,33.33,2,0,0.0,0.0,2,16.67,16.67,0.0,0.67,0.0,0.5,0.667,2.0,2.667,1.5,657514
FF,4-Seam Fastball,FB,2,0.37,0,0,0,,0,,1,0,0.0,0.0,1,50.0,50.0,,0.67,0.0,,,,,,657514
,,,2,0.37,1,0,0,0.0,1,100.0,0,0,,0.0,0,0.0,0.0,,0.67,0.0,,1.0,,,,657514
FF,4-Seam Fastball,FB,493,68.28,126,109,28,22.22,16,12.7,250,60,24.0,12.17,91,18.46,30.63,27.1,66.2,19.86,0.294,0.381,0.367,0.748,0.073,657571
FC,Cutter,FB,196,27.15,48,45,15,31.25,3,6.25,95,29,30.53,14.8,23,11.73,26.53,31.53,30.05,23.44,0.222,0.271,0.333,0.6040000000000001,0.111,657571
ST,Sweeper,BR,23,3.19,4,4,0,0.0,0,0.0,7,1,14.29,4.35,3,13.04,17.39,20.0,2.35,0.0,0.25,0.25,0.25,0.5,0.0,657571
SV,Slurve,BR,8,1.11,2,1,1,50.0,0,0.0,3,1,33.33,12.5,1,12.5,25.0,20.0,1.41,33.33,0.0,0.5,0.0,0.5,0.0,657571
SI,Sinker,FB,1,0.14,0,0,0,,0,,0,0,,0.0,0,0.0,0.0,,0.0,,,,,,,657571
,,,1,0.14,0,0,0,,0,,0,0,,0.0,0,0.0,0.0,,0.0,,,,,,,657571
FF,4-Seam Fastball,FB,76,30.52,18,15,4,22.22,3,16.67,35,7,20.0,9.21,8,10.53,19.74,12.82,39.77,11.43,0.267,0.389,0.467,0.8560000000000001,0.2,657585
FC,Cutter,FB,67,26.91,20,19,2,10.0,1,5.0,35,13,37.14,19.4,17,25.37,44.78,32.0,14.77,15.38,0.368,0.4,0.474,0.874,0.1059999999999999,657585
SI,Sinker,FB,41,16.47,5,4,1,20.0,0,0.0,19,6,31.58,14.63,4,9.76,24.39,35.48,9.09,12.5,0.25,0.25,0.25,0.5,0.0,657585
ST,Sweeper,BR,37,14.86,10,10,2,20.0,0,0.0,20,7,35.0,18.92,6,16.22,35.14,35.29,13.64,16.67,0.4,0.4,0.5,0.9,0.0999999999999999,657585
FS,Split-Finger,OS,26,10.44,8,6,1,12.5,1,12.5,12,3,25.0,11.54,1,3.85,15.38,26.32,21.59,5.26,0.333,0.5,0.5,1.0,0.1669999999999999,657585
CU,Curveball,BR,1,0.4,0,0,0,,0,,0,0,,0.0,0,0.0,0.0,0.0,1.14,0.0,,,,,,657585
,,,1,0.4,0,0,0,,0,,0,0,,0.0,0,0.0,0.0,,0.0,,,,,,,657585
SI,Sinker,FB,177,45.97,57,50,3,5.26,6,10.53,84,9,10.71,5.08,32,18.08,23.16,23.53,27.45,10.71,0.4,0.464,0.56,1.024,0.16,657612
FF,4-Seam Fastball,FB,170,44.16,40,36,9,22.5,3,7.5,89,19,21.35,11.18,17,10.0,21.18,25.0,59.8,14.75,0.306,0.359,0.556,0.915,0.25,657612
FC,Cutter,FB,30,7.79,11,10,2,18.18,0,0.0,15,2,13.33,6.67,5,16.67,23.33,25.0,7.84,25.0,0.5,0.545,1.0,1.545,0.5,657612
SL,Slider,BR,7,1.82,2,2,1,50.0,0,0.0,6,2,33.33,28.57,0,0.0,28.57,75.0,4.9,20.0,0.5,0.5,0.5,1.0,0.0,657612
,,,1,0.26,0,0,0,,0,,0,0,,0.0,0,0.0,0.0,,0.0,,,,,,,657612
FC,Cutter,FB,14,43.75,3,3,1,33.33,0,0.0,6,3,50.0,21.43,2,14.29,35.71,25.0,54.55,16.67,0.333,0.333,0.333,0.666,0.0,657697
ST,Sweeper,BR,9,28.12,4,4,1,25.0,0,0.0,8,1,12.5,11.11,1,11.11,22.22,100.0,9.09,100.0,0.0,0.0,0.0,0.0,0.0,657697
SI,Sinker,FB,6,18.75,1,1,0,0.0,0,0.0,1,0,0.0,0.0,3,50.0,50.0,0.0,18.18,0.0,1.0,1.0,2.0,3.0,1.0,657697
SL,Slider,BR,3,9.38,2,1,0,0.0,0,0.0,1,0,0.0,0.0,0,0.0,0.0,0.0,18.18,0.0,0.0,0.5,0.0,0.5,0.0,657697
FF,4-Seam Fastball,FB,817,56.93,198,190,71,35.86,8,4.04,476,154,32.35,18.85,122,14.93,33.78,35.84,54.51,25.18,0.253,0.283,0.511,0.794,0.258,657746
FS,Split-Finger,OS,299,20.84,89,86,24,26.97,2,2.25,166,41,24.7,13.71,32,10.7,24.41,36.02,23.33,20.17,0.279,0.303,0.558,0.861,0.279,657746
ST,Sweeper,BR,236,16.45,48,44,19,39.58,2,4.17,87,32,36.78,13.56,27,11.44,25.0,26.19,18.63,20.0,0.295,0.333,0.523,0.8560000000000001,0.228,657746
SL,Slider,BR,82,5.71,21,17,2,9.52,2,9.52,40,8,20.0,9.76,14,17.07,26.83,30.0,3.33,11.76,0.353,0.381,0.647,1.028,0.294,657746
,,,1,0.07,1,1,1,100.0,0,0.0,0,0,,0.0,0,0.0,0.0,,0.2,100.0,0.0,0.0,0.0,0.0,0.0,657746
FF,4-Seam Fastball,FB,375,50.07,101,88,16,15.84,8,7.92,203,43,21.18,11.47,53,14.13,25.6,20.92,43.75,16.33,0.33,0.396,0.659,1.0550000000000002,0.329,657756
SL,Slider,BR,322,42.99,88,82,14,15.91,4,4.55,166,51,30.72,15.84,46,14.29,30.12,28.39,47.32,13.21,0.28,0.31,0.476,0.786,0.1959999999999999,657756
CH,Changeup,OS,27,3.6,9,8,2,22.22,0,0.0,12,4,33.33,14.81,2,7.41,22.22,27.78,4.46,20.0,0.0,0.111,0.0,0.111,0.0,657756
SI,Sinker,FB,11,1.47,1,1,0,0.0,0,0.0,4,0,0.0,0.0,2,18.18,18.18,0.0,0.45,0.0,1.0,1.0,1.0,2.0,0.0,657756
CU,Curveball,BR,10,1.34,4,4,0,0.0,0,0.0,6,0,0.0,0.0,0,0.0,0.0,20.0,4.02,0.0,0.75,0.75,0.75,1.5,0.0,657756
,,,4,0.53,1,0,0,0.0,1,100.0,0,0,,0.0,0,0.0,0.0,,0.0,,,1.0,,,,657756
CH,Changeup,OS,130,26.26,38,33,19,50.0,2,5.26,78,42,53.85,32.31,10,7.69,40.0,44.74,36.57,29.69,0.152,0.216,0.303,0.519,0.151,658648
SI,Sinker,FB,125,25.25,45,39,4,8.89,3,6.67,69,10,14.49,8.0,23,18.4,26.4,36.73,9.14,25.0,0.333,0.409,0.385,0.794,0.0519999999999999,658648
CU,Curveball,BR,122,24.65,20,17,8,40.0,2,10.0,41,18,43.9,14.75,23,18.85,33.61,19.18,26.86,17.02,0.235,0.35,0.353,0.703,0.118,658648
FF,4-Seam Fastball,FB,110,22.22,21,17,4,19.05,4,19.05,48,10,20.83,9.09,18,16.36,25.45,22.41,24.57,9.3,0.353,0.476,0.647,1.123,0.294,658648
ST,Sweeper,BR,8,1.62,1,1,0,0.0,0,0.0,2,1,50.0,12.5,2,25.0,37.5,16.67,2.86,0.0,0.0,0.0,0.0,0.0,0.0,658648
SL,Slider,BR,138,46.78,30,26,11,36.67,4,13.33,55,23,41.82,16.67,19,13.77,30.43,23.81,60.0,24.44,0.231,0.333,0.423,0.756,0.1919999999999999,659275
SI,Sinker,FB,88,29.83,20,16,2,10.0,4,20.0,37,3,8.11,3.41,16,18.18,21.59,16.22,18.67,14.29,0.375,0.5,0.5,1.0,0.125,659275
FF,4-Seam Fastball,FB,68,23.05,19,12,1,5.26,7,36.84,23,3,13.04,4.41,9,13.24,17.65,10.0,21.33,6.25,0.583,0.737,1.083,1.82,0.5,659275
CH,Changeup,OS,1,0.34,0,0,0,,0,,0,0,,0.0,0,0.0,0.0,0.0,0.0,,,,,,,659275
FF,4-Seam Fastball,FB,466,56.55,129,99,20,15.5,24,18.6,216,55,25.46,11.8,71,15.24,27.04,20.81,47.2,19.8,0.263,0.434,0.384,0.8180000000000001,0.121,660261
FC,Cutter,FB,155,18.81,32,32,11,34.38,0,0.0,57,23,40.35,14.84,31,20.0,34.84,25.27,14.49,35.48,0.219,0.219,0.438,0.657,0.219,660261
FS,Split-Finger,OS,103,12.5,31,28,13,41.94,1,3.23,55,23,41.82,22.33,7,6.8,29.13,24.53,22.9,26.53,0.286,0.323,0.5,0.823,0.214,660261
ST,Sweeper,BR,83,10.07,15,15,4,26.67,0,0.0,31,8,25.81,9.64,10,12.05,21.69,22.22,14.49,12.9,0.2,0.2,0.333,0.533,0.133,660261
SL,Slider,BR,15,1.82,5,4,0,0.0,1,20.0,6,2,33.33,13.33,3,20.0,33.33,0.0,0.47,0.0,0.75,0.8,0.75,1.55,0.0,660261
SI,Sinker,FB,1,0.12,1,1,0,0.0,0,0.0,1,0,0.0,0.0,0,0.0,0.0,,0.0,,0.0,0.0,0.0,0.0,0.0,660261
,,,1,0.12,0,0,0,,0,,0,0,,0.0,0,0.0,0.0,,0.47,0.0,,,,,,660261
ST,Sweeper,BR,435,39.87,127,111,45,35.43,13,10.24,220,84,38.18,19.31,73,16.78,36.09,34.86,44.2,31.91,0.135,0.238,0.279,0.517,0.144,660271
FF,4-Seam Fastball,FB,362,33.18,79,61,29,36.71,16,20.25,159,54,33.96,14.92,62,17.13,32.04,16.28,32.6,27.88,0.164,0.354,0.23,0.584,0.066,660271
SI,Sinker,FB,118,10.82,24,21,3,12.5,0,0.0,38,8,21.05,6.78,29,24.58,31.36,13.56,3.13,30.0,0.286,0.375,0.286,0.661,0.0,660271
FC,Cutter,FB,69,6.32,18,16,2,11.11,2,11.11,39,9,23.08,13.04,10,14.49,27.54,36.67,2.51,25.0,0.375,0.444,0.812,1.256,0.437,660271
SL,Slider,BR,42,3.85,9,8,2,22.22,0,0.0,17,2,11.76,4.76,11,26.19,30.95,27.78,4.08,15.38,0.25,0.333,0.375,0.708,0.125,660271
FS,Split-Finger,OS,40,3.67,14,12,8,57.14,1,7.14,18,10,55.56,25.0,3,7.5,32.5,34.48,9.72,25.81,0.083,0.214,0.083,0.297,0.0,660271
CU,Curveball,BR,25,2.29,6,6,2,33.33,0,0.0,9,3,33.33,12.0,4,16.0,28.0,15.38,3.76,16.67,0.0,0.0,0.0,0.0,0.0,660271
SL,Slider,BR,3,60.0,1,1,0,0.0,0,0.0,1,0,0.0,0.0,1,33.33,33.33,50.0,0.0,,1.0,1.0,1.0,2.0,0.0,660431
FF,4-Seam Fastball,FB,2,40.0,1,1,0,0.0,0,0.0,2,0,0.0,0.0,0,0.0,0.0,100.0,100.0,0.0,1.0,1.0,1.0,2.0,0.0,660431
SL,Slider,BR,68,37.99,15,15,3,20.0,0,0.0,30,12,40.0,17.65,11,16.18,33.82,31.58,36.54,15.79,0.2,0.2,0.4,0.6000000000000001,0.2,660593
FF,4-Seam Fastball,FB,49,27.37,8,7,2,25.0,1,12.5,21,2,9.52,4.08,9,18.37,22.45,23.08,28.85,13.33,0.143,0.25,0.143,0.393,0.0,660593
FC,Cutter,FB,31,17.32,11,10,0,0.0,1,9.09,19,4,21.05,12.9,2,6.45,19.35,40.0,15.38,0.0,0.3,0.364,0.6,0.964,0.3,660593
SI,Sinker,FB,24,13.41,11,10,0,0.0,0,0.0,19,1,5.26,4.17,0,0.0,4.17,42.86,13.46,0.0,0.4,0.455,0.6,1.055,0.1999999999999999,660593
CH,Changeup,OS,7,3.91,3,3,2,66.67,0,0.0,5,4,80.0,57.14,0,0.0,57.14,33.33,5.77,66.67,0.0,0.0,0.0,0.0,0.0,660593
FA,Other,,2,66.67,1,1,0,0.0,0,0.0,1,0,0.0,0.0,1,50.0,50.0,,,,0.0,0.0,0.0,0.0,0.0,660634
EP,Eephus,,1,33.33,1,1,0,0.0,0,0.0,1,0,0.0,0.0,0,0.0,0.0,,,,1.0,1.0,1.0,2.0,0.0,660634
FF,4-Seam Fastball,FB,17,53.12,5,5,2,40.0,0,0.0,9,3,33.33,17.65,4,23.53,41.18,42.86,63.64,28.57,0.0,0.0,0.0,0.0,0.0,660730
SL,Slider,BR,13,40.62,0,0,0,,0,,4,2,50.0,15.38,2,15.38,30.77,0.0,27.27,0.0,,,,,,660730
CU,Curveball,BR,1,3.12,0,0,0,,0,,0,0,,0.0,0,0.0,0.0,0.0,0.0,,,,,,,660730
CH,Changeup,OS,1,3.12,1,1,1,100.0,0,0.0,1,1,100.0,100.0,0,0.0,100.0,,9.09,100.0,0.0,0.0,0.0,0.0,0.0,660730
FF,4-Seam Fastball,FB,214,42.46,48,38,5,10.42,9,18.75,95,22,23.16,10.28,32,14.95,25.23,19.81,30.82,11.11,0.263,0.417,0.5,0.917,0.237,660761
CH,Changeup,OS,163,32.34,44,41,12,27.27,2,4.55,89,33,37.08,20.25,13,7.98,28.22,30.34,45.89,17.91,0.317,0.341,0.561,0.902,0.244,660761
SL,Slider,BR,71,14.09,19,18,4,21.05,0,0.0,42,10,23.81,14.08,12,16.9,30.99,50.0,13.01,21.05,0.556,0.556,1.111,1.667,0.5549999999999999,660761
ST,Sweeper,BR,42,8.33,16,14,2,12.5,2,12.5,19,7,36.84,16.67,8,19.05,35.71,27.27,8.22,16.67,0.286,0.375,0.643,1.018,0.357,660761
FC,Cutter,FB,7,1.39,2,1,1,50.0,1,50.0,1,1,100.0,14.29,3,42.86,57.14,0.0,1.37,50.0,0.0,0.5,0.0,0.5,0.0,660761
,,,5,0.99,2,0,0,0.0,2,100.0,0,0,,0.0,0,0.0,0.0,,0.68,0.0,,1.0,,,,660761
SI,Sinker,FB,2,0.4,1,1,0,0.0,0,0.0,1,0,0.0,0.0,1,50.0,50.0,100.0,0.0,,1.0,1.0,1.0,2.0,0.0,660761
SI,Sinker,FB,170,68.55,44,39,9,20.45,4,9.09,89,10,11.24,5.88,37,21.76,27.65,32.88,54.12,17.39,0.154,0.227,0.179,0.406,0.0249999999999999,660787
SL,Slider,BR,64,25.81,11,11,1,9.09,0,0.0,20,5,25.0,7.81,7,10.94,18.75,18.75,32.94,3.57,0.273,0.273,0.545,0.8180000000000001,0.272,660787
CH,Changeup,OS,14,5.65,5,4,3,60.0,0,0.0,9,4,44.44,28.57,1,7.14,35.71,57.14,12.94,27.27,0.25,0.4,0.25,0.65,0.0,660787
SI,Sinker,FB,359,67.35,109,103,18,16.51,3,2.75,189,16,8.47,4.46,88,24.51,28.97,32.28,50.9,21.18,0.214,0.243,0.272,0.515,0.058,660813
SL,Slider,BR,164,30.77,39,38,9,23.08,0,0.0,70,20,28.57,12.2,24,14.63,26.83,24.18,44.91,12.0,0.289,0.282,0.421,0.703,0.132,660813
FF,4-Seam Fastball,FB,9,1.69,4,3,1,25.0,1,25.0,3,1,33.33,11.11,1,11.11,22.22,0.0,3.59,16.67,0.0,0.25,0.0,0.25,0.0,660813
FC,Cutter,FB,1,0.19,0,0,0,,0,,0,0,,0.0,0,0.0,0.0,0.0,0.6,0.0,,,,,,660813
ST,Sweeper,BR,82,48.24,20,20,4,20.0,0,0.0,51,12,23.53,14.63,8,9.76,24.39,48.94,50.0,12.12,0.25,0.25,0.4,0.65,0.15,660825
SI,Sinker,FB,45,26.47,15,15,4,26.67,0,0.0,28,8,28.57,17.78,9,20.0,37.78,44.44,24.24,25.0,0.333,0.333,0.6,0.933,0.2669999999999999,660825
FF,4-Seam Fastball,FB,36,21.18,5,2,1,20.0,3,60.0,11,3,27.27,8.33,10,27.78,36.11,18.18,18.18,8.33,0.0,0.6,0.0,0.6,0.0,660825
FS,Split-Finger,OS,7,4.12,2,2,0,0.0,0,0.0,3,0,0.0,0.0,0,0.0,0.0,0.0,7.58,0.0,0.0,0.0,0.0,0.0,0.0,660825
FF,4-Seam Fastball,FB,298,53.99,88,79,24,27.27,7,7.95,162,40,24.69,13.42,47,15.77,29.19,25.83,55.88,25.26,0.203,0.284,0.291,0.575,0.0879999999999999,660853
SL,Slider,BR,251,45.47,55,50,20,36.36,3,5.45,120,60,50.0,23.9,36,14.34,38.25,38.12,44.12,26.67,0.12,0.2,0.22,0.42,0.1,660853
,,,2,0.36,0,0,0,,0,,0,0,,0.0,0,0.0,0.0,,0.0,,,,,,,660853
CH,Changeup,OS,1,0.18,0,0,0,,0,,0,0,,0.0,0,0.0,0.0,0.0,0.0,,,,,,,660853
SL,Slider,BR,95,47.74,26,24,9,34.62,2,7.69,40,13,32.5,13.68,18,18.95,32.63,20.75,62.5,25.71,0.25,0.308,0.583,0.891,0.3329999999999999,660896
SI,Sinker,FB,46,23.12,8,5,0,0.0,2,25.0,19,0,0.0,0.0,5,10.87,10.87,22.22,7.14,0.0,0.4,0.625,1.0,1.625,0.6,660896
FF,4-Seam Fastball,FB,42,21.11,6,5,1,16.67,1,16.67,14,5,35.71,11.9,12,28.57,40.48,21.74,17.86,10.0,0.4,0.5,1.2,1.7,0.7999999999999999,660896
CH,Changeup,OS,15,7.54,6,5,2,33.33,1,16.67,9,3,33.33,20.0,1,6.67,26.67,33.33,12.5,28.57,0.2,0.333,0.2,0.533,0.0,660896
,,,1,0.5,0,0,0,,0,,0,0,,0.0,0,0.0,0.0,,0.0,,,,,,,660896
CH,Changeup,OS,54,25.59,13,12,1,7.69,1,7.69,29,8,27.59,14.81,3,5.56,20.37,37.14,18.33,9.09,0.333,0.385,0.667,1.052,0.334,660906
FF,4-Seam Fastball,FB,51,24.17,14,13,3,21.43,1,7.14,32,6,18.75,11.76,7,13.73,25.49,25.0,31.67,15.79,0.154,0.214,0.308,0.522,0.154,660906
SL,Slider,BR,50,23.7,10,10,6,60.0,0,0.0,20,8,40.0,16.0,4,8.0,24.0,31.43,46.67,21.43,0.1,0.1,0.1,0.2,0.0,660906
SI,Sinker,FB,47,22.27,11,8,0,0.0,2,18.18,20,1,5.0,2.13,11,23.4,25.53,14.29,3.33,0.0,0.25,0.364,0.375,0.739,0.125,660906
CU,Curveball,BR,5,2.37,0,0,0,,0,,0,0,,0.0,1,20.0,20.0,0.0,0.0,,,,,,,660906
,,,4,1.9,1,0,0,0.0,1,100.0,0,0,,0.0,0,0.0,0.0,,0.0,,,1.0,,,,660906
FF,4-Seam Fastball,FB,313,55.5,90,82,14,15.56,6,6.67,143,17,11.89,5.43,55,17.57,23.0,27.81,54.94,15.73,0.293,0.344,0.378,0.722,0.085,661309
SL,Slider,BR,151,26.77,21,20,4,19.05,0,0.0,58,25,43.1,16.56,21,13.91,30.46,22.11,20.37,12.12,0.2,0.2,0.7,0.8999999999999999,0.4999999999999999,661309
CH,Changeup,OS,91,16.13,30,23,12,40.0,4,13.33,52,25,48.08,27.47,7,7.69,35.16,46.3,23.46,31.58,0.261,0.4,0.348,0.748,0.0869999999999999,661309
SI,Sinker,FB,8,1.42,3,3,1,33.33,0,0.0,5,1,20.0,12.5,0,0.0,12.5,40.0,0.62,100.0,0.0,0.0,0.0,0.0,0.0,661309
,,,1,0.18,1,0,0,0.0,1,100.0,0,0,,0.0,0,0.0,0.0,,0.62,0.0,,1.0,,,,661309
SL,Slider,BR,51,44.35,12,10,4,33.33,1,8.33,28,13,46.43,25.49,6,11.76,37.25,42.86,58.82,20.0,0.2,0.25,0.6,0.85,0.3999999999999999,661383
SI,Sinker,FB,37,32.17,8,5,0,0.0,3,37.5,13,1,7.69,2.7,9,24.32,27.03,6.25,11.76,0.0,0.0,0.375,0.0,0.375,0.0,661383
CU,Curveball,BR,17,14.78,9,9,4,44.44,0,0.0,9,4,44.44,23.53,4,23.53,47.06,50.0,17.65,66.67,0.333,0.333,0.333,0.666,0.0,661383
FF,4-Seam Fastball,FB,8,6.96,1,0,0,0.0,1,100.0,2,1,50.0,12.5,1,12.5,25.0,0.0,11.76,0.0,,1.0,,,,661383
ST,Sweeper,BR,2,1.74,0,0,0,,0,,0,0,,0.0,1,50.0,50.0,0.0,0.0,,,,,,,661383
FF,4-Seam Fastball,FB,212,43.53,48,39,11,22.92,5,10.42,115,33,28.7,15.57,27,12.74,28.3,31.13,42.18,17.74,0.231,0.348,0.513,0.861,0.282,661395
FS,Split-Finger,OS,135,27.72,42,40,8,19.05,2,4.76,83,23,27.71,17.04,16,11.85,28.89,36.21,19.73,27.59,0.2,0.238,0.3,0.538,0.0999999999999999,661395
KC,Knuckle Curve,BR,131,26.9,35,31,14,40.0,2,5.71,50,16,32.0,12.21,24,18.32,30.53,25.68,38.1,25.0,0.194,0.286,0.452,0.738,0.258,661395
,,,9,1.85,2,0,0,0.0,2,100.0,0,0,,0.0,0,0.0,0.0,,0.0,,,1.0,,,,661395
FC,Cutter,FB,319,61.7,97,93,15,15.46,3,3.09,187,52,27.81,16.3,47,14.73,31.03,29.41,53.85,19.48,0.237,0.26,0.366,0.626,0.129,661403
SL,Slider,BR,190,36.75,52,48,6,11.54,2,3.85,113,31,27.43,16.32,22,11.58,27.89,39.77,45.45,9.23,0.229,0.25,0.292,0.542,0.0629999999999999,661403
,,,7,1.35,2,1,1,50.0,1,50.0,0,0,,0.0,0,0.0,0.0,,0.7,100.0,0.0,0.5,0.0,0.5,0.0,661403
SI,Sinker,FB,1,0.19,0,0,0,,0,,1,0,0.0,0.0,0,0.0,0.0,,0.0,,,,,,,661403
SI,Sinker,FB,275,63.36,73,64,16,21.92,6,8.22,106,16,15.09,5.82,89,32.36,38.18,14.14,51.77,21.92,0.172,0.274,0.188,0.462,0.016,661440
SL,Slider,BR,152,35.02,35,32,7,20.0,2,5.71,72,21,29.17,13.82,12,7.89,21.71,29.17,48.23,10.29,0.281,0.314,0.438,0.752,0.1569999999999999,661440
,,,4,0.92,1,0,0,0.0,1,100.0,0,0,,0.0,0,0.0,0.0,,0.0,,,1.0,,,,661440
FF,4-Seam Fastball,FB,3,0.69,1,1,0,0.0,0,0.0,1,0,0.0,0.0,0,0.0,0.0,50.0,0.0,,0.0,0.0,0.0,0.0,0.0,661440
ST,Sweeper,BR,149,34.57,40,39,15,37.5,1,2.5,78,24,30.77,16.11,22,14.77,30.87,32.89,43.75,23.81,0.231,0.25,0.462,0.712,0.231,661527
FF,4-Seam Fastball,FB,139,32.25,32,27,12,37.5,2,6.25,55,14,25.45,10.07,35,25.18,35.25,13.79,33.33,25.0,0.185,0.312,0.37,0.6819999999999999,0.185,661527
SI,Sinker,FB,127,29.47,35,32,4,11.43,0,0.0,61,11,18.03,8.66,23,18.11,26.77,32.31,14.58,19.05,0.25,0.314,0.406,0.72,0.156,661527
CH,Changeup,OS,15,3.48,5,5,2,40.0,0,0.0,9,3,33.33,20.0,0,0.0,20.0,50.0,7.64,18.18,0.2,0.2,0.2,0.4,0.0,661527
,,,1,0.23,1,1,1,100.0,0,0.0,0,0,,0.0,0,0.0,0.0,,0.69,100.0,0.0,0.0,0.0,0.0,0.0,661527
SL,Slider,BR,196,46.78,56,51,22,39.29,5,8.93,103,49,47.57,25.0,25,12.76,37.76,38.46,57.03,30.14,0.196,0.268,0.314,0.5820000000000001,0.118,662253
SI,Sinker,FB,118,28.16,31,28,8,25.81,1,3.23,54,17,31.48,14.41,25,21.19,35.59,36.67,21.88,28.57,0.143,0.226,0.179,0.405,0.036,662253
FF,4-Seam Fastball,FB,101,24.11,20,14,6,30.0,5,25.0,41,18,43.9,17.82,25,24.75,42.57,19.05,21.09,22.22,0.286,0.5,0.286,0.786,0.0,662253
,,,4,0.95,1,0,0,0.0,1,100.0,0,0,,0.0,0,0.0,0.0,,0.0,,,1.0,,,,662253
SI,Sinker,FB,89,35.18,26,24,2,7.69,2,7.69,49,6,12.24,6.74,14,15.73,22.47,33.33,22.5,11.11,0.042,0.115,0.042,0.157,0.0,663158
FF,4-Seam Fastball,FB,80,31.62,22,20,9,40.91,2,9.09,39,10,25.64,12.5,19,23.75,36.25,20.0,36.25,31.03,0.25,0.318,0.45,0.768,0.2,663158
CH,Changeup,OS,64,25.3,9,8,3,33.33,1,11.11,30,12,40.0,18.75,5,7.81,26.56,26.32,26.25,14.29,0.125,0.222,0.125,0.347,0.0,663158
SL,Slider,BR,17,6.72,5,4,1,20.0,1,20.0,5,2,40.0,11.76,2,11.76,23.53,18.18,12.5,10.0,0.5,0.6,1.25,1.85,0.75,663158
FC,Cutter,FB,3,1.19,0,0,0,,0,,0,0,,0.0,0,0.0,0.0,0.0,2.5,0.0,,,,,,663158
SL,Slider,BR,33,75.0,6,5,1,16.67,1,16.67,16,4,25.0,12.12,3,9.09,21.21,33.33,72.73,12.5,0.2,0.333,0.2,0.533,0.0,663321
FF,4-Seam Fastball,FB,8,18.18,3,0,0,0.0,3,100.0,1,0,0.0,0.0,1,12.5,12.5,0.0,18.18,0.0,,1.0,,,,663321
CU,Curveball,BR,2,4.55,1,0,0,0.0,0,0.0,0,0,,0.0,0,0.0,0.0,0.0,9.09,0.0,,1.0,,,,663321
FS,Split-Finger,OS,1,2.27,0,0,0,,0,,0,0,,0.0,0,0.0,0.0,0.0,0.0,,,,,,,663321
SI,Sinker,FB,117,35.03,34,33,7,20.59,1,2.94,60,7,11.67,5.98,21,17.95,23.93,35.85,29.13,23.33,0.152,0.176,0.242,0.418,0.09,663362
KN,Knuckleball,,78,23.35,15,15,4,26.67,0,0.0,35,10,28.57,12.82,8,10.26,23.08,20.0,22.33,17.39,0.267,0.267,0.8,1.0670000000000002,0.533,663362
ST,Sweeper,BR,63,18.86,18,17,3,16.67,1,5.56,38,11,28.95,17.46,8,12.7,30.16,35.48,20.39,14.29,0.235,0.278,0.529,0.807,0.294,663362
FF,4-Seam Fastball,FB,49,14.67,11,11,3,27.27,0,0.0,24,4,16.67,8.16,8,16.33,24.49,15.79,21.36,13.64,0.273,0.273,0.727,1.0,0.4539999999999999,663362
FC,Cutter,FB,27,8.08,10,9,2,20.0,1,10.0,17,2,11.76,7.41,2,7.41,14.81,35.71,6.8,28.57,0.333,0.4,0.667,1.0670000000000002,0.334,663362
SL,Slider,BR,116,33.24,27,23,5,18.52,3,11.11,50,9,18.0,7.76,26,22.41,30.17,23.91,29.52,16.13,0.13,0.222,0.261,0.483,0.131,663372
SI,Sinker,FB,95,27.22,32,29,4,12.5,3,9.38,47,5,10.64,5.26,19,20.0,25.26,34.15,20.95,18.18,0.379,0.438,0.586,1.024,0.2069999999999999,663372
FF,4-Seam Fastball,FB,87,24.93,23,19,8,34.78,4,17.39,39,14,35.9,16.09,18,20.69,36.78,20.0,30.48,25.0,0.211,0.348,0.263,0.611,0.052,663372
CU,Curveball,BR,34,9.74,6,6,2,33.33,0,0.0,15,3,20.0,8.82,5,14.71,23.53,33.33,15.24,12.5,0.5,0.5,0.5,1.0,0.0,663372
CH,Changeup,OS,14,4.01,3,3,0,0.0,0,0.0,7,1,14.29,7.14,1,7.14,14.29,40.0,3.81,0.0,0.0,0.0,0.0,0.0,0.0,663372
,,,2,0.57,0,0,0,,0,,0,0,,0.0,0,0.0,0.0,,0.0,,,,,,,663372
ST,Sweeper,BR,1,0.29,0,0,0,,0,,0,0,,0.0,1,100.0,100.0,0.0,0.0,,,,,,,663372
SI,Sinker,FB,79,53.74,24,19,2,8.33,3,12.5,32,4,12.5,5.06,14,17.72,22.78,12.82,38.46,13.33,0.263,0.391,0.316,0.7070000000000001,0.0529999999999999,663385
SL,Slider,BR,68,46.26,13,11,5,38.46,2,15.38,30,10,33.33,14.71,9,13.24,27.94,24.32,61.54,20.83,0.182,0.308,0.455,0.763,0.273,663385
ST,Sweeper,BR,114,43.51,29,29,9,31.03,0,0.0,59,19,32.2,16.67,23,20.18,36.84,40.74,52.75,18.75,0.207,0.207,0.379,0.586,0.172,663423
FF,4-Seam Fastball,FB,63,24.05,18,16,8,44.44,2,11.11,27,9,33.33,14.29,10,15.87,30.16,19.35,26.37,33.33,0.25,0.333,0.5,0.833,0.25,663423
SI,Sinker,FB,51,19.47,15,14,2,13.33,1,6.67,32,6,18.75,11.76,6,11.76,23.53,55.88,14.29,15.38,0.214,0.267,0.214,0.481,0.0,663423
SL,Slider,BR,27,10.31,7,7,0,0.0,0,0.0,13,1,7.69,3.7,6,22.22,25.93,27.27,2.2,0.0,0.143,0.143,0.143,0.286,0.0,663423
CU,Curveball,BR,7,2.67,1,1,0,0.0,0,0.0,3,0,0.0,0.0,0,0.0,0.0,20.0,4.4,0.0,0.0,0.0,0.0,0.0,0.0,663423
FF,4-Seam Fastball,FB,8,57.14,2,1,0,0.0,1,50.0,4,1,25.0,12.5,0,0.0,12.5,20.0,75.0,0.0,0.0,0.5,0.0,0.5,0.0,663432
SL,Slider,BR,6,42.86,1,1,1,100.0,0,0.0,1,1,100.0,16.67,3,50.0,66.67,33.33,25.0,100.0,0.0,0.0,0.0,0.0,0.0,663432
FF,4-Seam Fastball,FB,17,68.0,2,1,1,50.0,1,50.0,5,1,20.0,5.88,5,29.41,35.29,0.0,57.14,25.0,0.0,0.5,0.0,0.5,0.0,663455
CH,Changeup,OS,7,28.0,2,2,0,0.0,0,0.0,4,1,25.0,14.29,0,0.0,14.29,40.0,28.57,0.0,0.5,0.5,0.5,1.0,0.0,663455
SL,Slider,BR,1,4.0,1,1,1,100.0,0,0.0,1,1,100.0,100.0,0,0.0,100.0,100.0,14.29,100.0,0.0,0.0,0.0,0.0,0.0,663455
FF,4-Seam Fastball,FB,94,44.13,19,18,2,10.53,1,5.26,51,12,23.53,12.77,12,12.77,25.53,26.67,40.3,7.41,0.5,0.526,0.667,1.193,0.167,663460
CH,Changeup,OS,62,29.11,18,18,5,27.78,0,0.0,34,15,44.12,24.19,9,14.52,38.71,20.83,29.85,25.0,0.278,0.278,0.278,0.556,0.0,663460
CU,Curveball,BR,34,15.96,12,11,2,16.67,1,8.33,16,3,18.75,8.82,4,11.76,20.59,13.33,10.45,28.57,0.182,0.25,0.455,0.7050000000000001,0.273,663460
SL,Slider,BR,22,10.33,7,7,3,42.86,0,0.0,15,3,20.0,13.64,2,9.09,22.73,50.0,19.4,23.08,0.143,0.143,0.143,0.286,0.0,663460
,,,1,0.47,0,0,0,,0,,0,0,,0.0,0,0.0,0.0,,0.0,,,,,,,663460
FF,4-Seam Fastball,FB,114,42.07,28,20,4,14.29,8,28.57,48,17,35.42,14.91,23,20.18,35.09,22.41,48.05,10.81,0.25,0.464,0.4,0.8640000000000001,0.15,663462
SL,Slider,BR,104,38.38,29,28,4,13.79,1,3.45,53,9,16.98,8.65,13,12.5,21.15,33.33,31.17,16.67,0.214,0.241,0.25,0.491,0.036,663462
ST,Sweeper,BR,48,17.71,12,11,2,16.67,0,0.0,25,7,28.0,14.58,2,4.17,18.75,32.26,19.48,13.33,0.273,0.25,0.364,0.614,0.0909999999999999,663462
SI,Sinker,FB,4,1.48,2,2,0,0.0,0,0.0,2,0,0.0,0.0,1,25.0,25.0,50.0,0.0,,0.5,0.5,2.0,2.5,1.5,663462
,,,1,0.37,1,1,1,100.0,0,0.0,0,0,,0.0,0,0.0,0.0,,1.3,100.0,0.0,0.0,0.0,0.0,0.0,663462
FF,4-Seam Fastball,FB,75,48.7,30,26,7,23.33,4,13.33,44,10,22.73,13.33,10,13.33,26.67,34.62,62.5,35.0,0.308,0.4,0.5,0.9,0.192,663465
CU,Curveball,BR,41,26.62,8,8,1,12.5,0,0.0,14,4,28.57,9.76,7,17.07,26.83,16.0,18.75,16.67,0.25,0.25,0.375,0.625,0.125,663465
FC,Cutter,FB,19,12.34,2,2,1,50.0,0,0.0,4,3,75.0,15.79,5,26.32,42.11,9.09,9.38,33.33,0.5,0.5,0.5,1.0,0.0,663465
CH,Changeup,OS,18,11.69,5,5,0,0.0,0,0.0,7,1,14.29,5.56,3,16.67,22.22,10.0,9.38,0.0,0.4,0.4,1.0,1.4,0.6,663465
,,,1,0.65,0,0,0,,0,,0,0,,0.0,0,0.0,0.0,,0.0,,,,,,,663465
FF,4-Seam Fastball,FB,94,54.34,28,26,6,21.43,2,7.14,54,11,20.37,11.7,16,17.02,28.72,36.36,43.4,26.09,0.346,0.393,0.615,1.008,0.269,663474
SL,Slider,BR,53,30.64,12,11,5,41.67,1,8.33,24,14,58.33,26.42,4,7.55,33.96,31.58,28.3,33.33,0.091,0.167,0.182,0.349,0.091,663474
CU,Curveball,BR,26,15.03,6,6,1,16.67,0,0.0,18,4,22.22,15.38,1,3.85,19.23,50.0,28.3,6.67,0.333,0.333,0.5,0.833,0.1669999999999999,663474
SI,Sinker,FB,52,30.06,16,15,0,0.0,1,6.25,18,1,5.56,1.92,18,34.62,36.54,7.69,3.39,0.0,0.2,0.25,0.2,0.45,0.0,663485
FF,4-Seam Fastball,FB,35,20.23,10,8,4,40.0,2,20.0,16,6,37.5,17.14,6,17.14,34.29,25.0,23.73,28.57,0.25,0.4,0.25,0.65,0.0,663485
FS,Split-Finger,OS,33,19.08,9,8,3,33.33,1,11.11,18,6,33.33,18.18,1,3.03,21.21,44.0,40.68,12.5,0.0,0.111,0.0,0.111,0.0,663485
CU,Curveball,BR,29,16.76,6,6,3,50.0,0,0.0,9,3,33.33,10.34,8,27.59,37.93,26.32,25.42,20.0,0.167,0.167,0.333,0.5,0.166,663485
FC,Cutter,FB,24,13.87,4,2,0,0.0,2,50.0,10,3,30.0,12.5,5,20.83,33.33,35.71,6.78,0.0,1.0,1.0,2.5,3.5,1.5,663485
FF,4-Seam Fastball,FB,75,89.29,22,21,6,27.27,1,4.55,38,13,34.21,17.33,19,25.33,42.67,26.92,85.71,33.33,0.333,0.364,0.524,0.888,0.191,663542
FC,Cutter,FB,6,7.14,2,2,0,0.0,0,0.0,3,0,0.0,0.0,1,16.67,16.67,75.0,9.52,0.0,0.0,0.0,0.0,0.0,0.0,663542
ST,Sweeper,BR,3,3.57,1,1,0,0.0,0,0.0,1,0,0.0,0.0,0,0.0,0.0,0.0,4.76,0.0,1.0,1.0,2.0,3.0,1.0,663542
SI,Sinker,FB,160,54.79,49,43,12,24.49,5,10.2,64,8,12.5,5.0,49,30.63,35.62,24.19,45.21,36.36,0.349,0.429,0.442,0.871,0.093,663546
KC,Knuckle Curve,BR,130,44.52,30,26,7,23.33,3,10.0,53,17,32.08,13.08,16,12.31,25.38,28.74,54.79,17.5,0.308,0.4,0.423,0.823,0.1149999999999999,663546
FF,4-Seam Fastball,FB,1,0.34,0,0,0,,0,,0,0,,0.0,1,100.0,100.0,,0.0,,,,,,,663546
CH,Changeup,OS,1,0.34,0,0,0,,0,,0,0,,0.0,0,0.0,0.0,0.0,0.0,,,,,,,663546
FF,4-Seam Fastball,FB,598,40.27,147,126,33,22.45,21,14.29,333,85,25.53,14.21,91,15.22,29.43,28.76,42.23,17.1,0.238,0.347,0.5,0.847,0.262,663556
CH,Changeup,OS,462,31.11,132,129,54,40.91,3,2.27,241,133,55.19,28.79,44,9.52,38.31,38.64,38.29,30.86,0.155,0.174,0.194,0.368,0.039,663556
CU,Curveball,BR,253,17.04,54,52,10,18.52,2,3.7,99,30,30.3,11.86,63,24.9,36.76,28.8,10.28,21.28,0.231,0.259,0.404,0.663,0.173,663556
SL,Slider,BR,170,11.45,49,42,7,14.29,6,12.24,87,18,20.69,10.59,29,17.06,27.65,24.66,8.97,17.07,0.286,0.375,0.786,1.161,0.5,663556
SI,Sinker,FB,1,0.07,0,0,0,,0,,0,0,,0.0,1,100.0,100.0,,0.0,,,,,,,663556
,,,1,0.07,1,0,0,0.0,1,100.0,0,0,,0.0,0,0.0,0.0,,0.22,0.0,,1.0,,,,663556
CH,Changeup,OS,273,60.4,70,66,20,28.57,3,4.29,127,63,49.61,23.08,36,13.19,36.26,29.01,69.31,28.57,0.167,0.203,0.303,0.506,0.1359999999999999,663558
FF,4-Seam Fastball,FB,173,38.27,41,31,6,14.63,10,24.39,57,5,8.77,2.89,48,27.75,30.64,5.13,30.69,19.35,0.419,0.561,0.645,1.206,0.226,663558
,,,4,0.88,1,0,0,0.0,1,100.0,0,0,,0.0,0,0.0,0.0,,0.0,,,1.0,,,,663558
SL,Slider,BR,2,0.44,0,0,0,,0,,0,0,,0.0,0,0.0,0.0,0.0,0.0,,,,,,,663558
FF,4-Seam Fastball,FB,460,44.32,133,122,24,18.05,10,7.52,253,36,14.23,7.83,75,16.3,24.13,35.86,49.35,15.79,0.287,0.338,0.402,0.74,0.115,663559
CU,Curveball,BR,260,25.05,67,66,13,19.4,1,1.49,117,25,21.37,9.62,45,17.31,26.92,28.03,26.3,16.05,0.288,0.299,0.545,0.8440000000000001,0.257,663559
SL,Slider,BR,166,15.99,43,41,4,9.3,2,4.65,100,18,18.0,10.84,16,9.64,20.48,32.39,13.96,9.3,0.22,0.256,0.488,0.744,0.268,663559
SI,Sinker,FB,62,5.97,17,14,2,11.76,3,17.65,29,6,20.69,9.68,17,27.42,37.1,38.46,3.25,20.0,0.286,0.412,0.571,0.983,0.285,663559
CH,Changeup,OS,58,5.59,12,11,2,16.67,1,8.33,21,7,33.33,12.07,6,10.34,22.41,11.11,3.9,16.67,0.273,0.333,0.364,0.6970000000000001,0.0909999999999999,663559
FS,Split-Finger,OS,31,2.99,5,5,2,40.0,0,0.0,12,4,33.33,12.9,3,9.68,22.58,20.0,2.92,22.22,0.0,0.0,0.0,0.0,0.0,663559
,,,1,0.1,1,1,1,100.0,0,0.0,0,0,,0.0,0,0.0,0.0,,0.32,100.0,0.0,0.0,0.0,0.0,0.0,663559
SI,Sinker,FB,150,51.55,42,37,5,11.9,3,7.14,63,6,9.52,4.0,34,22.67,26.67,25.4,42.71,12.2,0.351,0.429,0.378,0.8069999999999999,0.027,663562
SL,Slider,BR,62,21.31,11,8,0,0.0,2,18.18,33,7,21.21,11.29,5,8.06,19.35,26.47,28.12,0.0,0.25,0.364,0.625,0.989,0.375,663562
FC,Cutter,FB,48,16.49,5,5,1,20.0,0,0.0,22,10,45.45,20.83,8,16.67,37.5,35.71,7.29,14.29,0.4,0.4,1.0,1.4,0.6,663562
CU,Curveball,BR,20,6.87,8,8,3,37.5,0,0.0,12,3,25.0,15.0,1,5.0,20.0,36.36,16.67,12.5,0.375,0.375,0.375,0.75,0.0,663562
CH,Changeup,OS,5,1.72,1,1,1,100.0,0,0.0,1,0,0.0,0.0,2,40.0,40.0,0.0,3.12,33.33,0.0,0.0,0.0,0.0,0.0,663562
FF,4-Seam Fastball,FB,5,1.72,3,2,0,0.0,0,0.0,3,0,0.0,0.0,0,0.0,0.0,0.0,2.08,0.0,0.5,0.5,1.0,1.5,0.5,663562
,,,1,0.34,0,0,0,,0,,0,0,,0.0,0,0.0,0.0,,0.0,,,,,,,663562
FF,4-Seam Fastball,FB,328,42.93,86,78,11,12.79,5,5.81,153,26,16.99,7.93,57,17.38,25.3,23.75,35.07,14.86,0.269,0.329,0.641,0.97,0.372,663567
SL,Slider,BR,193,25.26,48,47,9,18.75,1,2.08,87,19,21.84,9.84,45,23.32,33.16,20.51,16.11,23.53,0.234,0.25,0.468,0.718,0.234,663567
ST,Sweeper,BR,133,17.41,34,33,8,23.53,0,0.0,66,15,22.73,11.28,12,9.02,20.3,31.25,23.7,16.0,0.273,0.265,0.545,0.81,0.272,663567
CH,Changeup,OS,92,12.04,29,25,14,48.28,4,13.79,50,18,36.0,19.57,8,8.7,28.26,22.22,21.8,30.43,0.2,0.31,0.44,0.75,0.24,663567
CU,Curveball,BR,17,2.23,6,6,0,0.0,0,0.0,9,1,11.11,5.88,1,5.88,11.76,36.36,3.32,0.0,0.667,0.667,0.667,1.334,0.0,663567
,,,1,0.13,0,0,0,,0,,0,0,,0.0,0,0.0,0.0,,0.0,,,,,,,663567
SV,Slurve,BR,21,65.62,6,5,0,0.0,1,16.67,7,1,14.29,4.76,4,19.05,23.81,36.36,75.0,0.0,0.4,0.5,0.4,0.9,0.0,663574
FF,4-Seam Fastball,FB,11,34.38,3,2,0,0.0,1,33.33,4,0,0.0,0.0,2,18.18,18.18,0.0,25.0,0.0,0.5,0.667,1.0,1.667,0.5,663574
SI,Sinker,FB,370,37.41,110,92,11,10.0,11,10.0,170,14,8.24,3.78,96,25.95,29.73,25.0,24.5,15.07,0.359,0.427,0.489,0.916,0.13,663623
CU,Curveball,BR,327,33.06,73,63,22,30.14,8,10.96,126,39,30.95,11.93,62,18.96,30.89,21.28,35.57,20.75,0.159,0.26,0.317,0.577,0.158,663623
FF,4-Seam Fastball,FB,278,28.11,57,51,18,31.58,5,8.77,99,24,24.24,8.63,41,14.75,23.38,15.29,38.93,15.52,0.118,0.211,0.176,0.387,0.0579999999999999,663623
CH,Changeup,OS,12,1.21,4,4,0,0.0,0,0.0,5,0,0.0,0.0,1,8.33,8.33,14.29,1.01,0.0,0.0,0.0,0.0,0.0,0.0,663623
,,,2,0.2,0,0,0,,0,,0,0,,0.0,0,0.0,0.0,,0.0,,,,,,,663623
FF,4-Seam Fastball,FB,33,64.71,10,8,1,10.0,2,20.0,16,4,25.0,12.12,6,18.18,30.3,26.67,45.45,20.0,0.625,0.7,1.25,1.95,0.625,663629
CH,Changeup,OS,18,35.29,3,3,0,0.0,0,0.0,5,1,20.0,5.56,2,11.11,16.67,8.33,54.55,0.0,0.333,0.333,0.333,0.666,0.0,663629
EP,Eephus,,9,100.0,3,3,0,0.0,0,0.0,3,0,0.0,0.0,3,33.33,33.33,25.0,100.0,0.0,0.333,0.333,0.333,0.666,0.0,663630
SI,Sinker,FB,146,37.82,41,28,5,12.2,11,26.83,56,6,10.71,4.11,40,27.4,31.51,13.56,22.64,20.83,0.25,0.488,0.286,0.774,0.0359999999999999,663658
ST,Sweeper,BR,142,36.79,30,28,9,30.0,1,3.33,61,22,36.07,15.49,16,11.27,26.76,30.77,46.23,18.37,0.25,0.267,0.393,0.66,0.143,663658
FC,Cutter,FB,76,19.69,17,13,3,17.65,4,23.53,25,8,32.0,10.53,14,18.42,28.95,14.63,19.81,14.29,0.231,0.412,0.231,0.643,0.0,663658
FF,4-Seam Fastball,FB,18,4.66,2,1,1,50.0,1,50.0,7,2,28.57,11.11,1,5.56,16.67,23.08,11.32,8.33,0.0,0.5,0.0,0.5,0.0,663658
,,,4,1.04,1,0,0,0.0,1,100.0,0,0,,0.0,0,0.0,0.0,,0.0,,,1.0,,,,663658
FF,4-Seam Fastball,FB,401,45.36,109,90,24,22.02,16,14.68,201,45,22.39,11.22,69,17.21,28.43,21.66,48.53,18.18,0.256,0.37,0.467,0.837,0.211,663687
CH,Changeup,OS,221,25.0,46,43,13,28.26,3,6.52,93,35,37.63,15.84,49,22.17,38.01,24.51,22.79,20.97,0.186,0.239,0.395,0.634,0.209,663687
FC,Cutter,FB,162,18.33,49,47,5,10.2,2,4.08,94,14,14.89,8.64,18,11.11,19.75,25.45,12.87,14.29,0.319,0.347,0.511,0.858,0.192,663687
ST,Sweeper,BR,79,8.94,17,14,2,11.76,0,0.0,29,3,10.34,3.8,13,16.46,20.25,22.0,12.5,5.88,0.286,0.312,0.643,0.955,0.357,663687
CU,Curveball,BR,21,2.38,4,4,1,25.0,0,0.0,4,0,0.0,0.0,5,23.81,23.81,14.29,3.31,11.11,0.25,0.25,0.5,0.75,0.25,663687
SI,Sinker,FB,74,40.66,21,20,3,14.29,1,4.76,31,2,6.45,2.7,20,27.03,29.73,17.24,30.43,21.43,0.2,0.238,0.35,0.588,0.1499999999999999,663704
SL,Slider,BR,66,36.26,12,12,2,16.67,0,0.0,28,12,42.86,18.18,19,28.79,46.97,24.14,13.04,33.33,0.25,0.25,0.333,0.583,0.083,663704
CU,Curveball,BR,42,23.08,19,18,8,42.11,0,0.0,26,9,34.62,21.43,3,7.14,28.57,51.85,56.52,30.77,0.222,0.211,0.222,0.433,0.0,663704
FF,4-Seam Fastball,FB,306,44.03,86,77,11,12.79,8,9.3,149,25,16.78,8.17,50,16.34,24.51,28.47,38.86,16.18,0.273,0.337,0.532,0.869,0.259,663738
CH,Changeup,OS,224,32.23,69,64,13,18.84,4,5.8,123,43,34.96,19.2,19,8.48,27.68,37.78,36.0,20.63,0.125,0.174,0.156,0.3299999999999999,0.031,663738
SL,Slider,BR,95,13.67,27,24,6,22.22,3,11.11,43,13,30.23,13.68,8,8.42,22.11,25.0,21.71,15.79,0.292,0.37,0.667,1.037,0.375,663738
KC,Knuckle Curve,BR,64,9.21,8,8,0,0.0,0,0.0,18,5,27.78,7.81,19,29.69,37.5,21.21,2.86,0.0,0.375,0.375,0.75,1.125,0.375,663738
SI,Sinker,FB,5,0.72,1,1,0,0.0,0,0.0,2,0,0.0,0.0,0,0.0,0.0,0.0,0.0,,1.0,1.0,4.0,5.0,3.0,663738
,,,1,0.14,0,0,0,,0,,0,0,,0.0,0,0.0,0.0,,0.57,0.0,,,,,,663738
FC,Cutter,FB,47,46.53,15,14,4,26.67,1,6.67,23,5,21.74,10.64,7,14.89,25.53,28.57,41.38,33.33,0.286,0.333,0.643,0.976,0.357,663752
FF,4-Seam Fastball,FB,34,33.66,5,5,2,40.0,0,0.0,19,8,42.11,23.53,6,17.65,41.18,42.86,24.14,28.57,0.2,0.2,0.2,0.4,0.0,663752
CU,Curveball,BR,16,15.84,4,3,2,50.0,1,25.0,2,0,0.0,0.0,4,25.0,25.0,0.0,24.14,28.57,0.0,0.25,0.0,0.25,0.0,663752
CH,Changeup,OS,2,1.98,1,1,1,100.0,0,0.0,1,1,100.0,50.0,0,0.0,50.0,50.0,6.9,50.0,0.0,0.0,0.0,0.0,0.0,663752
PO,Pitch Out,,1,0.99,0,0,0,,0,,0,0,,0.0,0,0.0,0.0,0.0,0.0,,,,,,,663752
,,,1,0.99,0,0,0,,0,,0,0,,0.0,0,0.0,0.0,,3.45,0.0,,,,,,663752
FC,Cutter,FB,18,30.51,3,3,0,0.0,0,0.0,6,1,16.67,5.56,4,22.22,27.78,10.0,0.0,,0.333,0.333,0.333,0.666,0.0,663753
SL,Slider,BR,18,30.51,6,6,1,16.67,0,0.0,7,2,28.57,11.11,1,5.56,16.67,23.08,40.0,25.0,0.0,0.0,0.0,0.0,0.0,663753
FF,4-Seam Fastball,FB,11,18.64,4,2,1,25.0,2,50.0,5,1,20.0,9.09,1,9.09,18.18,16.67,40.0,25.0,0.5,0.75,1.5,2.25,1.0,663753
SI,Sinker,FB,8,13.56,0,0,0,,0,,2,1,50.0,12.5,2,25.0,37.5,20.0,0.0,,,,,,,663753
CH,Changeup,OS,4,6.78,1,0,0,0.0,1,100.0,1,0,0.0,0.0,0,0.0,0.0,0.0,20.0,0.0,,1.0,,,,663753
SI,Sinker,FB,269,57.23,65,56,8,12.31,8,12.31,103,11,10.68,4.09,65,24.16,28.25,14.88,46.61,14.55,0.321,0.415,0.607,1.022,0.286,663765
ST,Sweeper,BR,117,24.89,34,32,7,20.59,1,2.94,51,12,23.53,10.26,15,12.82,23.08,19.7,29.66,20.0,0.219,0.235,0.406,0.641,0.187,663765
FC,Cutter,FB,31,6.6,6,5,1,16.67,1,16.67,13,3,23.08,9.68,6,19.35,29.03,13.33,5.08,16.67,0.4,0.5,0.4,0.9,0.0,663765
CU,Curveball,BR,21,4.47,3,3,1,33.33,0,0.0,11,3,27.27,14.29,1,4.76,19.05,43.75,7.63,11.11,0.333,0.333,0.333,0.666,0.0,663765
FF,4-Seam Fastball,FB,20,4.26,4,2,0,0.0,2,50.0,7,2,28.57,10.0,0,0.0,10.0,7.14,7.63,0.0,0.5,0.75,2.0,2.75,1.5,663765
CH,Changeup,OS,6,1.28,2,0,0,0.0,2,100.0,1,0,0.0,0.0,0,0.0,0.0,0.0,2.54,0.0,,1.0,,,,663765
SL,Slider,BR,5,1.06,0,0,0,,0,,3,0,0.0,0.0,1,20.0,20.0,0.0,0.85,0.0,,,,,,663765
,,,1,0.21,0,0,0,,0,,0,0,,0.0,0,0.0,0.0,,0.0,,,,,,,663765
SI,Sinker,FB,377,53.7,106,94,18,16.98,10,9.43,162,31,19.14,8.22,89,23.61,31.83,29.1,39.72,20.0,0.266,0.349,0.489,0.838,0.2229999999999999,663773
SL,Slider,BR,234,33.33,55,54,16,29.09,0,0.0,105,36,34.29,15.38,36,15.38,30.77,26.92,42.99,17.39,0.185,0.182,0.315,0.497,0.13,663773
FF,4-Seam Fastball,FB,63,8.97,16,14,1,6.25,1,6.25,30,4,13.33,6.35,7,11.11,17.46,16.67,12.15,3.85,0.143,0.188,0.214,0.402,0.071,663773
FS,Split-Finger,OS,15,2.14,4,4,0,0.0,0,0.0,6,1,16.67,6.67,1,6.67,13.33,20.0,3.27,0.0,0.5,0.5,1.25,1.75,0.75,663773
CH,Changeup,OS,11,1.57,2,2,0,0.0,0,0.0,6,0,0.0,0.0,0,0.0,0.0,16.67,0.93,0.0,0.5,0.5,1.0,1.5,0.5,663773
,,,2,0.28,1,0,0,0.0,1,100.0,0,0,,0.0,0,0.0,0.0,,0.93,0.0,,1.0,,,,663773
CH,Changeup,OS,668,30.54,191,177,59,30.89,14,7.33,340,148,43.53,22.16,56,8.38,30.54,35.1,42.39,21.85,0.181,0.241,0.322,0.563,0.141,663776
FF,4-Seam Fastball,FB,634,28.99,155,124,18,11.61,28,18.06,274,44,16.06,6.94,117,18.45,25.39,19.33,25.59,11.04,0.347,0.464,0.532,0.996,0.185,663776
SL,Slider,BR,481,21.99,137,121,24,17.52,14,10.22,271,68,25.09,14.14,62,12.89,27.03,35.02,25.59,14.72,0.281,0.36,0.339,0.6990000000000001,0.0579999999999999,663776
CU,Curveball,BR,226,10.33,22,19,3,13.64,1,4.55,58,14,24.14,6.19,83,36.73,42.92,21.1,1.88,25.0,0.263,0.333,0.263,0.5960000000000001,0.0,663776
SI,Sinker,FB,133,6.08,23,17,1,4.35,6,26.09,48,4,8.33,3.01,32,24.06,27.07,8.2,2.35,6.67,0.294,0.478,0.412,0.8899999999999999,0.118,663776
ST,Sweeper,BR,34,1.55,9,8,3,33.33,1,11.11,15,4,26.67,11.76,3,8.82,20.59,12.5,2.04,23.08,0.375,0.444,0.75,1.194,0.375,663776
,,,11,0.5,2,0,0,0.0,2,100.0,0,0,,0.0,0,0.0,0.0,,0.16,0.0,,1.0,,,,663776
FF,4-Seam Fastball,FB,123,37.61,28,21,8,28.57,7,25.0,42,8,19.05,6.5,30,24.39,30.89,14.04,28.89,30.77,0.238,0.429,0.429,0.858,0.191,663804
SL,Slider,BR,117,35.78,31,30,8,25.81,1,3.23,60,20,33.33,17.09,17,14.53,31.62,35.48,28.89,30.77,0.267,0.29,0.5,0.79,0.2329999999999999,663804
CH,Changeup,OS,86,26.3,24,19,4,16.67,4,16.67,45,10,22.22,11.63,11,12.79,24.42,33.33,42.22,10.53,0.368,0.5,0.579,1.079,0.2109999999999999,663804
SI,Sinker,FB,1,0.31,1,0,0,0.0,1,100.0,0,0,,0.0,0,0.0,0.0,0.0,0.0,,,1.0,,,,663804
SI,Sinker,FB,490,69.11,126,111,21,16.67,12,9.52,206,35,16.99,7.14,129,26.33,33.47,30.43,44.02,22.83,0.279,0.349,0.378,0.727,0.0989999999999999,663855
ST,Sweeper,BR,168,23.7,37,34,23,62.16,3,8.11,59,35,59.32,20.83,26,15.48,36.31,27.43,38.28,28.75,0.147,0.216,0.353,0.569,0.206,663855
FF,4-Seam Fastball,FB,26,3.67,9,9,8,88.89,0,0.0,9,6,66.67,23.08,2,7.69,30.77,17.65,11.96,32.0,0.0,0.0,0.0,0.0,0.0,663855
SL,Slider,BR,17,2.4,4,3,2,50.0,1,25.0,5,2,40.0,11.76,3,17.65,29.41,35.71,3.83,25.0,0.333,0.5,0.333,0.833,0.0,663855
,,,5,0.71,1,1,0,0.0,0,0.0,1,0,0.0,0.0,0,0.0,0.0,,0.48,0.0,0.0,0.0,0.0,0.0,0.0,663855
FS,Split-Finger,OS,3,0.42,0,0,0,,0,,1,0,0.0,0.0,0,0.0,0.0,0.0,1.44,0.0,,,,,,663855
FF,4-Seam Fastball,FB,234,56.39,67,60,9,13.43,5,7.46,127,27,21.26,11.54,31,13.25,24.79,28.18,53.77,15.79,0.267,0.343,0.45,0.793,0.183,663878
SL,Slider,BR,146,35.18,35,32,9,25.71,1,2.86,58,18,31.03,12.33,26,17.81,30.14,21.25,33.96,25.0,0.219,0.229,0.469,0.698,0.2499999999999999,663878
CU,Curveball,BR,31,7.47,5,5,4,80.0,0,0.0,8,4,50.0,12.9,6,19.35,32.26,19.05,11.32,33.33,0.2,0.2,0.2,0.4,0.0,663878
,,,4,0.96,1,0,0,0.0,1,100.0,0,0,,0.0,0,0.0,0.0,,0.94,0.0,,1.0,,,,663878
EP,Eephus,,3,100.0,2,2,0,0.0,0,0.0,3,0,0.0,0.0,0,0.0,0.0,100.0,,,0.0,0.0,0.0,0.0,0.0,663897
SI,Sinker,FB,559,52.54,136,124,18,13.24,8,5.88,226,25,11.06,4.47,152,27.19,31.66,17.27,38.87,16.36,0.379,0.412,0.597,1.009,0.2179999999999999,663903
SL,Slider,BR,485,45.58,146,135,31,21.23,6,4.11,255,83,32.55,17.11,53,10.93,28.04,37.32,59.01,18.56,0.267,0.288,0.415,0.703,0.1479999999999999,663903
FF,4-Seam Fastball,FB,13,1.22,4,4,2,50.0,0,0.0,4,1,25.0,7.69,3,23.08,30.77,12.5,2.12,33.33,0.5,0.5,0.5,1.0,0.0,663903
ST,Sweeper,BR,7,0.66,2,2,0,0.0,0,0.0,3,1,33.33,14.29,1,14.29,28.57,20.0,0.0,,0.0,0.0,0.0,0.0,0.0,663903
SL,Slider,BR,286,35.01,66,62,9,13.64,4,6.06,149,35,23.49,12.24,44,15.38,27.62,25.98,16.89,24.32,0.306,0.348,0.403,0.751,0.097,663941
FF,4-Seam Fastball,FB,264,32.31,63,58,12,19.05,5,7.94,97,15,15.46,5.68,75,28.41,34.09,20.51,28.77,19.05,0.172,0.238,0.19,0.428,0.018,663941
ST,Sweeper,BR,246,30.11,88,87,26,29.55,0,0.0,147,48,32.65,19.51,21,8.54,28.05,46.62,52.51,22.61,0.241,0.25,0.379,0.629,0.138,663941
CU,Curveball,BR,19,2.33,4,4,1,25.0,0,0.0,7,2,28.57,10.53,2,10.53,21.05,28.57,0.91,50.0,0.25,0.25,0.5,0.75,0.25,663941
CH,Changeup,OS,1,0.12,0,0,0,,0,,0,0,,0.0,0,0.0,0.0,0.0,0.46,0.0,,,,,,663941
SI,Sinker,FB,1,0.12,0,0,0,,0,,0,0,,0.0,0,0.0,0.0,,0.46,0.0,,,,,,663941
CH,Changeup,OS,254,33.16,73,72,18,24.66,1,1.37,131,43,32.82,16.93,35,13.78,30.71,38.73,34.96,22.78,0.208,0.219,0.444,0.663,0.236,663947
FF,4-Seam Fastball,FB,238,31.07,67,58,16,23.88,8,11.94,121,33,27.27,13.87,42,17.65,31.51,28.3,36.28,19.51,0.19,0.284,0.241,0.5249999999999999,0.0509999999999999,663947
FC,Cutter,FB,222,28.98,55,51,7,12.73,4,7.27,106,27,25.47,12.16,47,21.17,33.33,24.72,18.14,17.07,0.235,0.291,0.412,0.703,0.177,663947
CU,Curveball,BR,39,5.09,6,6,1,16.67,0,0.0,14,4,28.57,10.26,5,12.82,23.08,20.83,7.96,5.56,0.167,0.167,0.667,0.8340000000000001,0.5,663947
ST,Sweeper,BR,6,0.78,0,0,0,,0,,2,0,0.0,0.0,0,0.0,0.0,20.0,1.77,0.0,,,,,,663947
,,,4,0.52,1,0,0,0.0,1,100.0,0,0,,0.0,0,0.0,0.0,,0.0,,,1.0,,,,663947
SI,Sinker,FB,3,0.39,0,0,0,,0,,1,0,0.0,0.0,0,0.0,0.0,0.0,0.88,0.0,,,,,,663947
SL,Slider,BR,6,54.55,0,0,0,,0,,0,0,,0.0,0,0.0,0.0,0.0,,,,,,,,663971
SI,Sinker,FB,5,45.45,3,3,0,0.0,0,0.0,5,0,0.0,0.0,0,0.0,0.0,100.0,,,0.0,0.0,0.0,0.0,0.0,663971
FF,4-Seam Fastball,FB,26,43.33,8,7,2,25.0,1,12.5,11,3,27.27,11.54,5,19.23,30.77,15.38,42.11,25.0,0.429,0.5,0.571,1.071,0.1419999999999999,663978
CH,Changeup,OS,21,35.0,6,6,3,50.0,0,0.0,14,6,42.86,28.57,4,19.05,47.62,50.0,47.37,33.33,0.167,0.167,0.167,0.334,0.0,663978
CU,Curveball,BR,10,16.67,3,3,0,0.0,0,0.0,4,0,0.0,0.0,1,10.0,10.0,0.0,10.53,0.0,0.333,0.333,0.333,0.666,0.0,663978
SL,Slider,BR,3,5.0,0,0,0,,0,,0,0,,0.0,2,66.67,66.67,0.0,0.0,,,,,,,663978
FF,4-Seam Fastball,FB,257,41.52,58,52,9,15.52,3,5.17,120,26,21.67,10.12,48,18.68,28.79,23.48,28.43,16.07,0.25,0.286,0.558,0.8440000000000001,0.308,663986
SL,Slider,BR,216,34.89,66,58,10,15.15,6,9.09,112,29,25.89,13.43,36,16.67,30.09,30.21,25.89,19.61,0.293,0.364,0.431,0.7949999999999999,0.138,663986
FS,Split-Finger,OS,145,23.42,38,33,22,57.89,1,2.63,77,40,51.95,27.59,1,0.69,28.28,34.95,45.18,24.72,0.182,0.289,0.242,0.5309999999999999,0.06,663986
,,,1,0.16,0,0,0,,0,,0,0,,0.0,0,0.0,0.0,,0.51,0.0,,,,,,663986
FC,Cutter,FB,72,50.35,17,16,0,0.0,0,0.0,35,5,14.29,6.94,19,26.39,33.33,32.14,25.64,0.0,0.375,0.412,0.75,1.162,0.375,663989
CU,Curveball,BR,36,25.17,9,9,2,22.22,0,0.0,18,5,27.78,13.89,4,11.11,25.0,39.13,35.9,14.29,0.222,0.222,0.222,0.444,0.0,663989
SL,Slider,BR,30,20.98,13,13,3,23.08,0,0.0,18,4,22.22,13.33,4,13.33,26.67,38.46,38.46,20.0,0.385,0.385,0.769,1.154,0.384,663989
,,,4,2.8,1,0,0,0.0,1,100.0,0,0,,0.0,0,0.0,0.0,,0.0,,,1.0,,,,663989
SI,Sinker,FB,1,0.7,0,0,0,,0,,0,0,,0.0,0,0.0,0.0,0.0,0.0,,,,,,,663989
SL,Slider,BR,114,49.57,31,26,8,25.81,3,9.68,56,12,21.43,10.53,27,23.68,34.21,24.44,50.72,22.86,0.192,0.258,0.385,0.643,0.193,663992
FF,4-Seam Fastball,FB,89,38.7,22,19,6,27.27,2,9.09,43,10,23.26,11.24,8,8.99,20.22,24.49,49.28,17.65,0.158,0.273,0.316,0.589,0.158,663992
SI,Sinker,FB,23,10.0,5,3,0,0.0,2,40.0,5,1,20.0,4.35,6,26.09,30.43,15.38,0.0,,0.667,0.8,0.667,1.467,0.0,663992
CH,Changeup,OS,4,1.74,0,0,0,,0,,2,2,100.0,50.0,0,0.0,50.0,33.33,0.0,,,,,,,663992
FF,4-Seam Fastball,FB,56,36.84,13,12,3,23.08,1,7.69,27,5,18.52,8.93,9,16.07,25.0,17.39,55.56,15.0,0.167,0.231,0.417,0.648,0.2499999999999999,664028
SI,Sinker,FB,50,32.89,14,10,0,0.0,0,0.0,22,3,13.64,6.0,9,18.0,24.0,9.52,11.11,0.0,0.3,0.429,0.4,0.829,0.1,664028
CH,Changeup,OS,38,25.0,13,13,3,23.08,0,0.0,21,3,14.29,7.89,4,10.53,18.42,23.53,30.56,27.27,0.231,0.231,0.231,0.462,0.0,664028
SL,Slider,BR,8,5.26,0,0,0,,0,,0,0,,0.0,2,25.0,25.0,0.0,2.78,0.0,,,,,,664028
FF,4-Seam Fastball,FB,305,35.8,77,68,11,14.29,6,7.79,146,22,15.07,7.21,63,20.66,27.87,23.33,25.4,17.19,0.206,0.28,0.412,0.692,0.206,664062
SL,Slider,BR,254,29.81,75,68,8,10.67,5,6.67,141,34,24.11,13.39,28,11.02,24.41,40.26,29.37,10.81,0.309,0.351,0.471,0.822,0.1619999999999999,664062
FS,Split-Finger,OS,193,22.65,62,56,17,27.42,4,6.45,108,37,34.26,19.17,16,8.29,27.46,45.0,37.3,18.09,0.179,0.246,0.411,0.657,0.2319999999999999,664062
CU,Curveball,BR,99,11.62,16,13,2,12.5,3,18.75,33,9,27.27,9.09,18,18.18,27.27,15.0,7.54,10.53,0.308,0.438,0.615,1.053,0.307,664062
,,,1,0.12,0,0,0,,0,,0,0,,0.0,0,0.0,0.0,,0.4,0.0,,,,,,664062
SL,Slider,BR,69,53.49,16,15,4,25.0,0,0.0,24,7,29.17,10.14,20,28.99,39.13,29.73,57.58,21.05,0.133,0.188,0.333,0.521,0.2,664076
FF,4-Seam Fastball,FB,56,43.41,15,13,4,26.67,2,13.33,26,6,23.08,10.71,4,7.14,17.86,25.0,42.42,28.57,0.154,0.267,0.462,0.7290000000000001,0.308,664076
SI,Sinker,FB,4,3.1,2,2,0,0.0,0,0.0,2,0,0.0,0.0,1,25.0,25.0,50.0,0.0,,0.0,0.0,0.0,0.0,0.0,664076
FF,4-Seam Fastball,FB,196,50.52,57,44,23,40.35,8,14.04,91,26,28.57,13.27,32,16.33,29.59,21.21,63.41,29.49,0.068,0.255,0.227,0.482,0.159,664126
SL,Slider,BR,192,49.48,42,39,10,23.81,3,7.14,105,31,29.52,16.15,39,20.31,36.46,40.0,36.59,22.22,0.179,0.238,0.179,0.417,0.0,664126
FF,4-Seam Fastball,FB,16,42.11,4,3,2,50.0,1,25.0,5,2,40.0,12.5,2,12.5,25.0,0.0,41.67,40.0,0.0,0.25,0.0,0.25,0.0,664129
SI,Sinker,FB,12,31.58,2,1,0,0.0,1,50.0,8,0,0.0,0.0,1,8.33,8.33,40.0,25.0,0.0,0.0,0.5,0.0,0.5,0.0,664129
SL,Slider,BR,10,26.32,2,2,0,0.0,0,0.0,4,1,25.0,10.0,1,10.0,20.0,16.67,33.33,0.0,0.5,0.5,2.0,2.5,1.5,664129
FF,4-Seam Fastball,FB,238,39.27,62,54,22,35.48,4,6.45,119,36,30.25,15.13,41,17.23,32.35,34.26,49.38,27.5,0.111,0.213,0.13,0.3429999999999999,0.019,664139
ST,Sweeper,BR,179,29.54,60,56,9,15.0,3,5.0,101,24,23.76,13.41,19,10.61,24.02,36.84,28.4,19.57,0.196,0.233,0.214,0.447,0.0179999999999999,664139
FC,Cutter,FB,150,24.75,35,33,6,17.14,2,5.71,73,22,30.14,14.67,29,19.33,34.0,28.57,13.58,27.27,0.364,0.4,0.545,0.945,0.181,664139
CH,Changeup,OS,30,4.95,7,6,2,28.57,1,14.29,10,1,10.0,3.33,4,13.33,16.67,11.76,8.02,15.38,0.5,0.571,1.167,1.738,0.667,664139
,,,9,1.49,2,0,0,0.0,2,100.0,0,0,,0.0,0,0.0,0.0,,0.62,0.0,,1.0,,,,664139
SI,Sinker,FB,291,47.01,85,76,8,9.41,9,10.59,131,19,14.5,6.53,70,24.05,30.58,29.5,36.0,14.81,0.329,0.4,0.553,0.953,0.224,664192
FF,4-Seam Fastball,FB,165,26.66,51,45,8,15.69,4,7.84,75,8,10.67,4.85,20,12.12,16.97,24.21,26.67,20.0,0.111,0.216,0.156,0.372,0.045,664192
CU,Curveball,BR,154,24.88,36,33,10,27.78,3,8.33,64,19,29.69,12.34,13,8.44,20.78,26.92,36.67,18.18,0.303,0.361,0.455,0.8160000000000001,0.152,664192
FS,Split-Finger,OS,5,0.81,0,0,0,,0,,1,0,0.0,0.0,1,20.0,20.0,0.0,0.0,,,,,,,664192
,,,4,0.65,0,0,0,,0,,0,0,,0.0,0,0.0,0.0,,0.67,0.0,,,,,,664192
SL,Slider,BR,259,50.19,67,60,16,23.88,6,8.96,141,49,34.75,18.92,42,16.22,35.14,40.94,42.5,23.53,0.183,0.258,0.25,0.508,0.067,664199
FF,4-Seam Fastball,FB,144,27.91,37,31,7,18.92,3,8.11,64,12,18.75,8.33,24,16.67,25.0,26.39,24.38,17.95,0.258,0.324,0.484,0.808,0.2259999999999999,664199
ST,Sweeper,BR,103,19.96,29,27,9,31.03,2,6.9,51,22,43.14,21.36,7,6.8,28.16,37.14,31.25,18.0,0.333,0.379,0.556,0.935,0.223,664199
CH,Changeup,OS,9,1.74,2,2,1,50.0,0,0.0,4,1,25.0,11.11,1,11.11,22.22,33.33,1.88,33.33,0.5,0.5,1.0,1.5,0.5,664199
,,,1,0.19,0,0,0,,0,,0,0,,0.0,0,0.0,0.0,,0.0,,,,,,,664199
FF,4-Seam Fastball,FB,12,75.0,2,2,0,0.0,0,0.0,8,2,25.0,16.67,1,8.33,25.0,50.0,40.0,0.0,0.5,0.5,0.5,1.0,0.0,664202
CH,Changeup,OS,3,18.75,2,2,1,50.0,0,0.0,3,1,33.33,33.33,0,0.0,33.33,,60.0,33.33,0.0,0.0,0.0,0.0,0.0,664202
SL,Slider,BR,1,6.25,0,0,0,,0,,0,0,,0.0,0,0.0,0.0,0.0,0.0,,,,,,,664202
ST,Sweeper,BR,172,33.46,45,41,5,11.11,2,4.44,96,31,32.29,18.02,20,11.63,29.65,34.88,23.61,14.71,0.268,0.311,0.39,0.7010000000000001,0.122,664208
FC,Cutter,FB,153,29.77,33,29,9,27.27,4,12.12,75,31,41.33,20.26,22,14.38,34.64,22.67,22.92,24.24,0.103,0.212,0.138,0.35,0.035,664208
CU,Curveball,BR,146,28.4,53,50,30,56.6,2,3.77,89,44,49.44,30.14,11,7.53,37.67,49.44,52.78,39.47,0.1,0.151,0.12,0.271,0.0199999999999999,664208
SI,Sinker,FB,43,8.37,5,4,0,0.0,0,0.0,10,0,0.0,0.0,14,32.56,32.56,5.26,0.69,0.0,0.0,0.2,0.0,0.2,0.0,664208
SI,Sinker,FB,1084,45.32,318,285,26,8.18,28,8.81,495,57,11.52,5.26,243,22.42,27.68,17.34,22.19,19.4,0.274,0.334,0.442,0.776,0.1679999999999999,664285
CU,Curveball,BR,691,28.89,174,159,79,45.4,10,5.75,330,133,40.3,19.25,83,12.01,31.26,34.69,47.35,27.62,0.145,0.207,0.182,0.389,0.037,664285
CH,Changeup,OS,427,17.85,111,104,20,18.02,4,3.6,216,63,29.17,14.75,53,12.41,27.17,30.32,14.24,23.26,0.25,0.273,0.375,0.648,0.125,664285
SL,Slider,BR,133,5.56,45,44,26,57.78,1,2.22,69,32,46.38,24.06,13,9.77,33.83,42.7,12.91,33.33,0.205,0.222,0.455,0.677,0.25,664285
FC,Cutter,FB,43,1.8,14,11,4,28.57,0,0.0,22,8,36.36,18.6,3,6.98,25.58,33.33,3.15,21.05,0.182,0.357,0.182,0.5389999999999999,0.0,664285
,,,9,0.38,1,1,0,0.0,0,0.0,2,1,50.0,11.11,0,0.0,11.11,,0.17,0.0,0.0,0.0,0.0,0.0,0.0,664285
FF,4-Seam Fastball,FB,5,0.21,3,1,0,0.0,0,0.0,1,0,0.0,0.0,1,20.0,20.0,0.0,0.0,,1.0,1.0,1.0,2.0,0.0,664285
SL,Slider,BR,453,73.42,112,101,42,37.5,8,7.14,224,92,41.07,20.31,80,17.66,37.97,28.64,76.84,30.88,0.178,0.241,0.317,0.558,0.139,664294
FF,4-Seam Fastball,FB,158,25.61,43,37,7,16.28,6,13.95,57,9,15.79,5.7,40,25.32,31.01,18.52,22.6,17.5,0.216,0.326,0.405,0.7310000000000001,0.189,664294
CH,Changeup,OS,4,0.65,1,1,1,100.0,0,0.0,1,1,100.0,25.0,0,0.0,25.0,0.0,0.56,100.0,0.0,0.0,0.0,0.0,0.0,664294
,,,2,0.32,0,0,0,,0,,0,0,,0.0,0,0.0,0.0,,0.0,,,,,,,664294
FF,4-Seam Fastball,FB,861,62.62,217,193,60,27.65,18,8.29,496,158,31.85,18.35,86,9.99,28.34,35.51,59.82,22.64,0.166,0.249,0.363,0.612,0.1969999999999999,664299
ST,Sweeper,BR,463,33.67,88,79,26,29.55,8,9.09,164,61,37.2,13.17,70,15.12,28.29,24.32,34.99,16.77,0.241,0.307,0.38,0.687,0.139,664299
KC,Knuckle Curve,BR,38,2.76,6,6,2,33.33,0,0.0,17,5,29.41,13.16,2,5.26,18.42,25.0,3.84,11.76,0.167,0.167,0.333,0.5,0.166,664299
CH,Changeup,OS,10,0.73,4,3,2,50.0,1,25.0,3,2,66.67,20.0,1,10.0,30.0,25.0,1.13,40.0,0.333,0.5,0.667,1.167,0.334,664299
SL,Slider,BR,2,0.15,0,0,0,,0,,2,1,50.0,50.0,0,0.0,50.0,100.0,0.0,,,,,,,664299
,,,1,0.07,0,0,0,,0,,0,0,,0.0,0,0.0,0.0,,0.23,0.0,,,,,,664299
FF,4-Seam Fastball,FB,223,34.52,58,51,5,8.62,7,12.07,117,20,17.09,8.97,32,14.35,23.32,31.13,28.27,9.26,0.294,0.379,0.627,1.006,0.333,664353
ST,Sweeper,BR,193,29.88,47,42,9,19.15,5,10.64,82,31,37.8,16.06,26,13.47,29.53,33.33,34.03,13.85,0.262,0.34,0.476,0.8160000000000001,0.2139999999999999,664353
SI,Sinker,FB,109,16.87,37,36,1,2.7,1,2.7,69,5,7.25,4.59,16,14.68,19.27,52.94,6.81,7.69,0.417,0.432,0.444,0.876,0.027,664353
CH,Changeup,OS,79,12.23,19,18,6,31.58,0,0.0,55,19,34.55,24.05,1,1.27,25.32,47.62,20.94,15.0,0.167,0.158,0.167,0.325,0.0,664353
CU,Curveball,BR,42,6.5,8,7,3,37.5,1,12.5,14,4,28.57,9.52,6,14.29,23.81,12.0,9.95,15.79,0.143,0.25,0.286,0.536,0.143,664353
FF,4-Seam Fastball,FB,8,53.33,2,1,0,0.0,1,50.0,3,0,0.0,0.0,0,0.0,0.0,16.67,40.0,0.0,0.0,0.5,0.0,0.5,0.0,664744
SL,Slider,BR,5,33.33,0,0,0,,0,,2,2,100.0,40.0,0,0.0,40.0,40.0,40.0,0.0,,,,,,664744
FS,Split-Finger,OS,2,13.33,1,0,0,0.0,1,100.0,0,0,,0.0,0,0.0,0.0,0.0,20.0,0.0,,1.0,,,,664744
SL,Slider,BR,291,51.32,80,69,26,32.5,10,12.5,155,58,37.42,19.93,29,9.97,29.9,36.47,64.56,25.49,0.116,0.225,0.174,0.399,0.0579999999999999,664747
FF,4-Seam Fastball,FB,273,48.15,62,48,12,19.35,10,16.13,121,40,33.06,14.65,41,15.02,29.67,20.14,34.18,22.22,0.312,0.459,0.5,0.959,0.188,664747
,,,3,0.53,0,0,0,,0,,0,0,,0.0,0,0.0,0.0,,1.27,0.0,,,,,,664747
ST,Sweeper,BR,83,57.24,14,11,3,21.43,3,21.43,30,15,50.0,18.07,13,15.66,33.73,24.0,68.42,11.54,0.182,0.357,0.182,0.5389999999999999,0.0,664776
SI,Sinker,FB,49,33.79,16,14,1,6.25,2,12.5,23,1,4.35,2.04,13,26.53,28.57,35.0,15.79,16.67,0.357,0.438,0.5,0.938,0.143,664776
FF,4-Seam Fastball,FB,13,8.97,3,2,1,33.33,1,33.33,2,1,50.0,7.69,1,7.69,15.38,0.0,15.79,16.67,0.5,0.667,0.5,1.167,0.0,664776
SI,Sinker,FB,42,55.26,11,10,3,27.27,1,9.09,16,3,18.75,7.14,13,30.95,38.1,25.0,43.48,30.0,0.2,0.273,0.2,0.473,0.0,664849
ST,Sweeper,BR,34,44.74,9,7,3,33.33,0,0.0,14,7,50.0,20.59,3,8.82,29.41,29.17,56.52,23.08,0.143,0.333,0.143,0.476,0.0,664849
FF,4-Seam Fastball,FB,172,51.5,38,28,9,23.68,9,23.68,89,22,24.72,12.79,20,11.63,24.42,28.57,40.91,20.0,0.179,0.368,0.214,0.582,0.035,664854
SL,Slider,BR,151,45.21,41,38,21,51.22,1,2.44,83,44,53.01,29.14,22,14.57,43.71,40.24,57.27,33.33,0.079,0.098,0.105,0.203,0.0259999999999999,664854
CU,Curveball,BR,10,2.99,1,1,0,0.0,0,0.0,2,0,0.0,0.0,2,20.0,20.0,0.0,1.82,0.0,1.0,1.0,1.0,2.0,0.0,664854
,,,1,0.3,0,0,0,,0,,0,0,,0.0,0,0.0,0.0,,0.0,,,,,,,664854
FA,Other,,4,100.0,1,1,0,0.0,0,0.0,1,0,0.0,0.0,1,25.0,25.0,33.33,,,0.0,0.0,0.0,0.0,0.0,664874
ST,Sweeper,BR,361,54.2,103,97,43,41.75,3,2.91,155,60,38.71,16.62,73,20.22,36.84,30.96,77.64,34.4,0.155,0.194,0.237,0.431,0.0819999999999999,664875
SI,Sinker,FB,303,45.5,74,58,6,8.11,15,20.27,112,13,11.61,4.29,83,27.39,31.68,17.74,22.36,16.67,0.397,0.527,0.534,1.061,0.137,664875
,,,2,0.3,0,0,0,,0,,0,0,,0.0,0,0.0,0.0,,0.0,,,,,,,664875
FA,Other,,17,94.44,8,8,0,0.0,0,0.0,14,1,7.14,5.88,0,0.0,5.88,50.0,80.0,0.0,0.625,0.625,1.125,1.75,0.5,664901
EP,Eephus,,1,5.56,0,0,0,,0,,0,0,,0.0,0,0.0,0.0,0.0,20.0,0.0,,,,,,664901
SI,Sinker,FB,107,57.53,32,27,0,0.0,5,15.62,56,6,10.71,5.61,17,15.89,21.5,31.11,39.66,0.0,0.519,0.594,0.593,1.1869999999999998,0.0739999999999999,664942
CU,Curveball,BR,72,38.71,19,18,4,21.05,1,5.26,33,8,24.24,11.11,13,18.06,29.17,23.53,53.45,12.9,0.222,0.263,0.222,0.485,0.0,664942
CH,Changeup,OS,5,2.69,1,1,0,0.0,0,0.0,2,0,0.0,0.0,0,0.0,0.0,0.0,5.17,0.0,0.0,0.0,0.0,0.0,0.0,664942
FC,Cutter,FB,1,0.54,0,0,0,,0,,0,0,,0.0,1,100.0,100.0,,0.0,,,,,,,664942
FF,4-Seam Fastball,FB,1,0.54,0,0,0,,0,,0,0,,0.0,0,0.0,0.0,0.0,1.72,0.0,,,,,,664942
CU,Curveball,BR,47,35.34,11,10,2,18.18,1,9.09,22,4,18.18,8.51,3,6.38,14.89,33.33,50.94,7.41,0.1,0.182,0.1,0.282,0.0,664948
FC,Cutter,FB,40,30.08,8,7,1,12.5,1,12.5,23,5,21.74,12.5,6,15.0,27.5,45.0,24.53,7.69,0.286,0.375,0.714,1.089,0.428,664948
FF,4-Seam Fastball,FB,39,29.32,9,9,2,22.22,0,0.0,15,1,6.67,2.56,11,28.21,30.77,11.11,15.09,25.0,0.222,0.222,0.222,0.444,0.0,664948
SL,Slider,BR,7,5.26,2,2,1,50.0,0,0.0,4,1,25.0,14.29,0,0.0,14.29,25.0,9.43,20.0,0.5,0.5,2.0,2.5,1.5,664948
SI,Sinker,FB,99,47.37,31,27,4,12.9,3,9.68,44,7,15.91,7.07,29,29.29,36.36,42.86,35.0,19.05,0.259,0.355,0.444,0.7989999999999999,0.185,665001
ST,Sweeper,BR,84,40.19,14,14,2,14.29,0,0.0,37,11,29.73,13.1,9,10.71,23.81,29.41,48.33,6.9,0.357,0.357,0.786,1.143,0.429,665001
SL,Slider,BR,14,6.7,3,2,0,0.0,1,33.33,2,0,0.0,0.0,3,21.43,21.43,0.0,0.0,,0.5,0.667,2.0,2.667,1.5,665001
FF,4-Seam Fastball,FB,10,4.78,2,1,0,0.0,0,0.0,4,0,0.0,0.0,0,0.0,0.0,37.5,15.0,0.0,0.0,0.5,0.0,0.5,0.0,665001
,,,2,0.96,0,0,0,,0,,0,0,,0.0,0,0.0,0.0,,1.67,0.0,,,,,,665001
EP,Eephus,,30,96.77,9,6,0,0.0,3,33.33,8,0,0.0,0.0,5,16.67,16.67,16.67,50.0,0.0,0.333,0.556,0.333,0.889,0.0,665019
FA,Other,,1,3.23,1,1,0,0.0,0,0.0,1,0,0.0,0.0,0,0.0,0.0,100.0,50.0,0.0,1.0,1.0,1.0,2.0,0.0,665019
FS,Split-Finger,OS,70,46.36,20,19,4,20.0,1,5.0,38,10,26.32,14.29,11,15.71,30.0,45.45,56.41,18.18,0.263,0.3,0.263,0.563,0.0,665048
FC,Cutter,FB,42,27.81,12,11,0,0.0,1,8.33,19,2,10.53,4.76,9,21.43,26.19,20.0,23.08,0.0,0.182,0.25,0.273,0.523,0.091,665048
FF,4-Seam Fastball,FB,39,25.83,10,8,2,20.0,2,20.0,14,5,35.71,12.82,8,20.51,33.33,5.56,20.51,25.0,0.375,0.5,1.0,1.5,0.625,665048
FC,Cutter,FB,457,29.81,133,126,26,19.55,7,5.26,236,69,29.24,15.1,60,13.13,28.23,32.65,28.04,20.47,0.23,0.271,0.389,0.66,0.159,665152
FF,4-Seam Fastball,FB,420,27.4,93,87,33,35.48,6,6.45,215,65,30.23,15.48,73,17.38,32.86,24.58,35.76,20.37,0.207,0.258,0.322,0.5800000000000001,0.115,665152
SI,Sinker,FB,401,26.16,108,99,14,12.96,6,5.56,173,16,9.25,3.99,105,26.18,30.17,24.0,15.45,20.0,0.263,0.324,0.364,0.688,0.1009999999999999,665152
CU,Curveball,BR,101,6.59,23,23,4,17.39,0,0.0,39,11,28.21,10.89,18,17.82,28.71,24.14,7.06,12.5,0.391,0.391,0.609,1.0,0.2179999999999999,665152
ST,Sweeper,BR,95,6.2,24,23,4,16.67,1,4.17,44,10,22.73,10.53,6,6.32,16.84,28.33,8.17,10.81,0.261,0.292,0.435,0.727,0.174,665152
CH,Changeup,OS,53,3.46,17,15,6,35.29,1,5.88,23,6,26.09,11.32,5,9.43,20.75,21.21,5.3,25.0,0.133,0.235,0.2,0.435,0.067,665152
,,,6,0.39,0,0,0,,0,,0,0,,0.0,0,0.0,0.0,,0.22,0.0,,,,,,665152
FF,4-Seam Fastball,FB,89,68.99,21,12,2,9.52,7,33.33,38,7,18.42,7.87,13,14.61,22.47,22.22,63.64,7.14,0.083,0.429,0.333,0.762,0.25,665620
CU,Curveball,BR,17,13.18,4,4,1,25.0,0,0.0,6,1,16.67,5.88,4,23.53,29.41,45.45,11.36,20.0,0.25,0.25,0.25,0.5,0.0,665620
ST,Sweeper,BR,12,9.3,2,2,1,50.0,0,0.0,5,2,40.0,16.67,1,8.33,25.0,36.36,13.64,16.67,0.0,0.0,0.0,0.0,0.0,665620
SL,Slider,BR,10,7.75,2,2,1,50.0,0,0.0,3,1,33.33,10.0,2,20.0,30.0,33.33,9.09,25.0,0.0,0.0,0.0,0.0,0.0,665620
FC,Cutter,FB,1,0.78,0,0,0,,0,,0,0,,0.0,0,0.0,0.0,0.0,2.27,0.0,,,,,,665620
FF,4-Seam Fastball,FB,416,37.75,119,99,14,11.76,18,15.13,206,27,13.11,6.49,75,18.03,24.52,25.56,32.69,13.86,0.293,0.395,0.576,0.971,0.283,665622
SL,Slider,BR,328,29.76,75,69,32,42.67,5,6.67,158,82,51.9,25.0,37,11.28,36.28,34.63,37.54,27.59,0.232,0.28,0.478,0.758,0.2459999999999999,665622
SI,Sinker,FB,200,18.15,54,49,4,7.41,4,7.41,93,12,12.9,6.0,35,17.5,23.5,26.37,10.68,12.12,0.245,0.315,0.327,0.642,0.082,665622
CU,Curveball,BR,130,11.8,23,22,13,56.52,0,0.0,49,18,36.73,13.85,11,8.46,22.31,21.43,17.8,23.64,0.091,0.13,0.273,0.403,0.182,665622
CH,Changeup,OS,25,2.27,5,4,1,20.0,1,20.0,9,2,22.22,8.0,6,24.0,32.0,14.29,0.97,33.33,0.25,0.4,0.25,0.65,0.0,665622
,,,3,0.27,2,0,0,0.0,2,100.0,0,0,,0.0,0,0.0,0.0,,0.32,0.0,,1.0,,,,665622
SL,Slider,BR,267,51.95,68,63,18,26.47,4,5.88,120,45,37.5,16.85,36,13.48,30.34,32.12,68.03,21.69,0.222,0.265,0.286,0.5509999999999999,0.0639999999999999,665625
SI,Sinker,FB,244,47.47,76,62,9,11.84,12,15.79,114,23,20.18,9.43,48,19.67,29.1,35.38,31.97,23.08,0.258,0.395,0.306,0.7010000000000001,0.0479999999999999,665625
,,,3,0.58,0,0,0,,0,,0,0,,0.0,0,0.0,0.0,,0.0,,,,,,,665625
CH,Changeup,OS,99,53.51,23,21,4,17.39,2,8.7,53,17,32.08,17.17,7,7.07,24.24,40.91,55.74,11.76,0.333,0.391,0.333,0.724,0.0,665665
SI,Sinker,FB,47,25.41,10,8,0,0.0,2,20.0,18,1,5.56,2.13,10,21.28,23.4,25.93,8.2,0.0,0.375,0.5,0.5,1.0,0.125,665665
FF,4-Seam Fastball,FB,26,14.05,6,4,1,16.67,1,16.67,11,2,18.18,7.69,2,7.69,15.38,21.43,29.51,5.56,0.0,0.167,0.0,0.167,0.0,665665
SL,Slider,BR,13,7.03,2,2,0,0.0,0,0.0,6,0,0.0,0.0,3,23.08,23.08,50.0,6.56,0.0,1.0,1.0,4.0,5.0,3.0,665665
SI,Sinker,FB,78,45.35,20,15,2,10.0,4,20.0,29,8,27.59,10.26,21,26.92,37.18,24.32,27.78,13.33,0.267,0.45,0.267,0.7170000000000001,0.0,665734
SL,Slider,BR,69,40.12,13,12,7,53.85,1,7.69,24,11,45.83,15.94,11,15.94,31.88,25.0,55.56,23.33,0.083,0.154,0.167,0.321,0.084,665734
FF,4-Seam Fastball,FB,24,13.95,6,2,2,33.33,4,66.67,3,1,33.33,4.17,6,25.0,29.17,6.25,16.67,22.22,0.0,0.667,0.0,0.667,0.0,665734
CH,Changeup,OS,1,0.58,0,0,0,,0,,1,0,0.0,0.0,0,0.0,0.0,100.0,0.0,,,,,,,665734
CH,Changeup,OS,251,28.95,58,47,19,32.76,9,15.52,132,48,36.36,19.12,12,4.78,23.9,40.78,34.92,21.59,0.255,0.397,0.511,0.908,0.256,665795
FF,4-Seam Fastball,FB,182,20.99,40,32,6,15.0,7,17.5,76,15,19.74,8.24,38,20.88,29.12,23.53,19.05,12.5,0.312,0.436,0.5,0.936,0.188,665795
CU,Curveball,BR,169,19.49,53,45,20,37.74,8,15.09,67,24,35.82,14.2,33,19.53,33.73,27.37,25.0,31.75,0.267,0.377,0.356,0.733,0.0889999999999999,665795
SL,Slider,BR,139,16.03,27,25,7,25.93,2,7.41,47,15,31.91,10.79,31,22.3,33.09,22.22,16.67,16.67,0.16,0.222,0.28,0.502,0.12,665795
SI,Sinker,FB,123,14.19,29,18,2,6.9,9,31.03,47,10,21.28,8.13,21,17.07,25.2,29.49,3.97,20.0,0.333,0.586,0.389,0.975,0.0559999999999999,665795
,,,3,0.35,0,0,0,,0,,0,0,,0.0,0,0.0,0.0,,0.4,0.0,,,,,,665795
SI,Sinker,FB,355,40.57,111,102,20,18.02,6,5.41,178,25,14.04,7.04,70,19.72,26.76,29.94,36.59,26.67,0.265,0.315,0.402,0.7170000000000001,0.137,665871
FC,Cutter,FB,198,22.63,55,49,5,9.09,6,10.91,85,16,18.82,8.08,34,17.17,25.25,20.2,10.24,23.81,0.265,0.345,0.469,0.814,0.2039999999999999,665871
ST,Sweeper,BR,173,19.77,33,32,15,45.45,1,3.03,54,27,50.0,15.61,26,15.03,30.64,22.95,34.15,21.43,0.125,0.152,0.156,0.308,0.031,665871
FF,4-Seam Fastball,FB,93,10.63,24,17,5,20.83,7,29.17,32,8,25.0,8.6,19,20.43,29.03,10.2,10.73,22.73,0.294,0.5,0.706,1.206,0.412,665871
SL,Slider,BR,50,5.71,15,15,5,33.33,0,0.0,25,10,40.0,20.0,2,4.0,24.0,28.12,7.8,31.25,0.2,0.2,0.467,0.667,0.267,665871
CU,Curveball,BR,5,0.57,1,1,0,0.0,0,0.0,2,0,0.0,0.0,2,40.0,40.0,0.0,0.49,0.0,1.0,1.0,2.0,3.0,1.0,665871
,,,1,0.11,1,0,0,0.0,1,100.0,0,0,,0.0,0,0.0,0.0,,0.0,,,1.0,,,,665871
SI,Sinker,FB,39,42.86,11,9,0,0.0,2,18.18,17,0,0.0,0.0,6,15.38,15.38,27.27,25.0,0.0,0.222,0.364,0.556,0.92,0.3340000000000001,665896
FC,Cutter,FB,29,31.87,8,8,2,25.0,0,0.0,16,5,31.25,17.24,2,6.9,24.14,16.67,29.17,28.57,0.375,0.375,0.5,0.875,0.125,665896
CH,Changeup,OS,11,12.09,6,5,2,33.33,0,0.0,7,2,28.57,18.18,3,27.27,45.45,75.0,20.83,40.0,0.4,0.333,1.2,1.533,0.7999999999999999,665896
FF,4-Seam Fastball,FB,11,12.09,1,0,0,0.0,1,100.0,3,1,33.33,9.09,1,9.09,18.18,0.0,25.0,0.0,,1.0,,,,665896
SL,Slider,BR,1,1.1,0,0,0,,0,,0,0,,0.0,0,0.0,0.0,0.0,0.0,,,,,,,665896
SI,Sinker,FB,526,27.85,169,160,40,23.67,8,4.73,216,26,12.04,4.94,150,28.52,33.46,20.3,27.71,25.64,0.244,0.284,0.381,0.665,0.137,666129
ST,Sweeper,BR,454,24.03,129,116,50,38.76,6,4.65,241,91,37.76,20.04,46,10.13,30.18,40.96,41.56,21.37,0.181,0.264,0.302,0.5660000000000001,0.121,666129
SL,Slider,BR,396,20.96,99,97,17,17.17,2,2.02,223,54,24.22,13.64,66,16.67,30.3,31.85,15.28,19.77,0.237,0.253,0.495,0.748,0.258,666129
CH,Changeup,OS,194,10.27,42,41,5,11.9,1,2.38,92,30,32.61,15.46,22,11.34,26.8,32.26,5.33,16.67,0.317,0.333,0.366,0.6990000000000001,0.0489999999999999,666129
CU,Curveball,BR,181,9.58,33,30,4,12.12,1,3.03,71,13,18.31,7.18,46,25.41,32.6,23.17,3.55,20.0,0.533,0.545,1.1,1.645,0.5670000000000001,666129
FF,4-Seam Fastball,FB,132,6.99,32,31,1,3.12,0,0.0,68,8,11.76,6.06,15,11.36,17.42,26.56,6.39,2.78,0.387,0.387,0.677,1.064,0.29,666129
,,,6,0.32,0,0,0,,0,,0,0,,0.0,0,0.0,0.0,,0.18,0.0,,,,,,666129
FF,4-Seam Fastball,FB,474,38.38,104,88,38,36.54,15,14.42,235,68,28.94,14.35,68,14.35,28.69,26.11,39.95,23.6,0.205,0.327,0.398,0.7250000000000001,0.193,666142
CH,Changeup,OS,357,28.91,103,94,24,23.3,8,7.77,197,70,35.53,19.61,27,7.56,27.17,34.29,28.78,20.69,0.16,0.223,0.202,0.425,0.042,666142
KC,Knuckle Curve,BR,168,13.6,34,32,12,35.29,2,5.88,51,18,35.29,10.71,48,28.57,39.29,17.78,14.14,21.05,0.188,0.235,0.281,0.516,0.093,666142
FC,Cutter,FB,160,12.96,30,26,2,6.67,4,13.33,79,19,24.05,11.88,29,18.12,30.0,24.0,3.72,13.33,0.231,0.333,0.269,0.6020000000000001,0.038,666142
SL,Slider,BR,72,5.83,27,27,15,55.56,0,0.0,49,18,36.73,25.0,5,6.94,31.94,56.1,13.4,27.78,0.185,0.185,0.222,0.407,0.037,666142
,,,4,0.32,1,0,0,0.0,1,100.0,0,0,,0.0,0,0.0,0.0,,0.0,,,1.0,,,,666142
SI,Sinker,FB,100,35.21,30,27,1,3.33,3,10.0,43,1,2.33,1.0,17,17.0,18.0,30.0,36.11,3.85,0.407,0.467,0.519,0.986,0.112,666154
SL,Slider,BR,72,25.35,21,18,1,4.76,1,4.76,41,5,12.2,6.94,5,6.94,13.89,32.5,36.11,3.85,0.333,0.333,0.389,0.722,0.0559999999999999,666154
FF,4-Seam Fastball,FB,59,20.77,16,10,2,12.5,3,18.75,20,6,30.0,10.17,11,18.64,28.81,9.38,12.5,22.22,0.4,0.562,0.9,1.4620000000000002,0.5,666154
FC,Cutter,FB,31,10.92,6,6,0,0.0,0,0.0,13,4,30.77,12.9,6,19.35,32.26,14.29,6.94,0.0,0.5,0.5,1.167,1.667,0.667,666154
CH,Changeup,OS,21,7.39,4,4,1,25.0,0,0.0,10,1,10.0,4.76,4,19.05,23.81,33.33,8.33,16.67,0.5,0.5,0.5,1.0,0.0,666154
,,,1,0.35,0,0,0,,0,,0,0,,0.0,0,0.0,0.0,,0.0,,,,,,,666154
FF,4-Seam Fastball,FB,215,39.52,47,42,15,31.91,3,6.38,91,20,21.98,9.3,46,21.4,30.7,23.23,45.71,18.75,0.333,0.383,0.69,1.073,0.3569999999999999,666157
CU,Curveball,BR,179,32.9,52,44,21,40.38,1,1.92,93,41,44.09,22.91,18,10.06,32.96,35.85,42.29,28.38,0.295,0.392,0.591,0.983,0.296,666157
CH,Changeup,OS,80,14.71,18,17,1,5.56,1,5.56,42,14,33.33,17.5,8,10.0,27.5,33.33,8.0,7.14,0.471,0.5,0.706,1.206,0.235,666157
SI,Sinker,FB,67,12.32,22,19,1,4.55,3,13.64,30,1,3.33,1.49,19,28.36,29.85,28.0,4.0,14.29,0.474,0.545,0.579,1.124,0.1049999999999999,666157
,,,3,0.55,1,0,0,0.0,1,100.0,0,0,,0.0,0,0.0,0.0,,0.0,,,1.0,,,,666157
ST,Sweeper,BR,328,53.25,84,75,12,14.29,6,7.14,172,45,26.16,13.72,58,17.68,31.4,30.99,49.72,13.33,0.187,0.253,0.36,0.613,0.173,666159
FF,4-Seam Fastball,FB,224,36.36,59,50,21,35.59,4,6.78,92,26,28.26,11.61,48,21.43,33.04,20.59,40.33,28.77,0.22,0.31,0.28,0.5900000000000001,0.06,666159
CU,Curveball,BR,63,10.23,24,22,0,0.0,0,0.0,34,2,5.88,3.17,7,11.11,14.29,38.24,9.94,0.0,0.227,0.25,0.273,0.523,0.046,666159
,,,1,0.16,0,0,0,,0,,0,0,,0.0,0,0.0,0.0,,0.0,,,,,,,666159
SI,Sinker,FB,282,55.08,87,78,11,12.64,6,6.9,122,10,8.2,3.55,72,25.53,29.08,21.9,41.13,19.61,0.359,0.402,0.526,0.928,0.167,666168
SL,Slider,BR,190,37.11,47,47,12,25.53,0,0.0,94,27,28.72,14.21,24,12.63,26.84,32.71,46.77,18.97,0.17,0.17,0.17,0.34,0.0,666168
CU,Curveball,BR,20,3.91,5,5,2,40.0,0,0.0,5,1,20.0,5.0,3,15.0,20.0,7.69,7.26,22.22,0.4,0.4,0.6,1.0,0.1999999999999999,666168
FF,4-Seam Fastball,FB,19,3.71,5,4,1,20.0,1,20.0,11,3,27.27,15.79,2,10.53,26.32,44.44,4.84,16.67,0.0,0.2,0.0,0.2,0.0,666168
,,,1,0.2,0,0,0,,0,,0,0,,0.0,0,0.0,0.0,,0.0,,,,,,,666168
FF,4-Seam Fastball,FB,1015,43.25,264,242,60,22.73,19,7.2,532,112,21.05,11.03,166,16.35,27.39,28.86,41.87,19.42,0.215,0.278,0.384,0.662,0.169,666200
SL,Slider,BR,606,25.82,136,129,66,48.53,6,4.41,272,131,48.16,21.62,95,15.68,37.29,35.88,34.28,26.09,0.271,0.309,0.465,0.774,0.194,666200
CH,Changeup,OS,554,23.6,141,121,31,21.99,18,12.77,271,97,35.79,17.51,51,9.21,26.71,30.52,22.09,18.4,0.24,0.333,0.405,0.738,0.165,666200
SI,Sinker,FB,156,6.65,39,35,0,0.0,4,10.26,69,8,11.59,5.13,37,23.72,28.85,17.74,1.49,0.0,0.4,0.462,0.714,1.176,0.3139999999999999,666200
FC,Cutter,FB,11,0.47,1,1,0,0.0,0,0.0,3,1,33.33,9.09,1,9.09,18.18,12.5,0.27,0.0,0.0,0.0,0.0,0.0,0.0,666200
,,,5,0.21,1,0,0,0.0,1,100.0,0,0,,0.0,0,0.0,0.0,,0.0,,,1.0,,,,666200
SL,Slider,BR,285,38.41,58,51,18,31.03,7,12.07,132,48,36.36,16.84,32,11.23,28.07,29.55,41.83,16.36,0.176,0.276,0.333,0.609,0.157,666201
SI,Sinker,FB,279,37.6,79,64,7,8.86,11,13.92,130,12,9.23,4.3,70,25.09,29.39,32.26,25.1,10.61,0.297,0.43,0.375,0.8049999999999999,0.078,666201
FF,4-Seam Fastball,FB,150,20.22,43,38,11,25.58,4,9.3,78,25,32.05,16.67,11,7.33,24.0,25.97,27.76,15.07,0.342,0.419,0.632,1.051,0.29,666201
CH,Changeup,OS,27,3.64,3,3,1,33.33,0,0.0,18,4,22.22,14.81,1,3.7,18.52,55.56,5.32,7.14,0.0,0.0,0.0,0.0,0.0,666201
,,,1,0.13,0,0,0,,0,,0,0,,0.0,0,0.0,0.0,,0.0,,,,,,,666201
SL,Slider,BR,147,62.29,40,33,11,27.5,6,15.0,60,22,36.67,14.97,26,17.69,32.65,20.99,75.0,24.44,0.091,0.231,0.182,0.413,0.091,666204
FF,4-Seam Fastball,FB,88,37.29,18,13,1,5.56,3,16.67,33,5,15.15,5.68,15,17.05,22.73,18.37,25.0,6.67,0.308,0.412,0.769,1.181,0.461,666204
PO,Pitch Out,,1,0.42,0,0,0,,0,,0,0,,0.0,0,0.0,0.0,0.0,0.0,,,,,,,666204
FF,4-Seam Fastball,FB,629,53.9,168,146,20,11.9,21,12.5,324,53,16.36,8.43,103,16.38,24.8,22.45,47.92,12.42,0.349,0.431,0.548,0.979,0.199,666205
SL,Slider,BR,244,20.91,71,58,12,16.9,9,12.68,144,38,26.39,15.57,27,11.07,26.64,38.98,20.83,17.14,0.362,0.437,0.655,1.092,0.293,666205
CU,Curveball,BR,167,14.31,39,38,15,38.46,1,2.56,69,22,31.88,13.17,14,8.38,21.56,27.73,27.68,16.13,0.263,0.282,0.421,0.703,0.1579999999999999,666205
CH,Changeup,OS,121,10.37,15,13,0,0.0,1,6.67,32,12,37.5,9.92,6,4.96,14.88,14.43,3.57,0.0,0.385,0.467,0.769,1.236,0.384,666205
,,,6,0.51,1,0,0,0.0,1,100.0,0,0,,0.0,0,0.0,0.0,,0.0,,,1.0,,,,666205
SI,Sinker,FB,16,80.0,5,2,0,0.0,3,60.0,4,0,0.0,0.0,2,12.5,12.5,0.0,100.0,0.0,0.5,0.8,1.0,1.8,0.5,666207
SL,Slider,BR,4,20.0,0,0,0,,0,,0,0,,0.0,0,0.0,0.0,0.0,0.0,,,,,,,666207
SL,Slider,BR,38,76.0,7,4,1,14.29,3,42.86,11,3,27.27,7.89,10,26.32,34.21,26.09,68.75,9.09,0.5,0.714,0.5,1.214,0.0,666208
FC,Cutter,FB,10,20.0,1,1,1,100.0,0,0.0,3,1,33.33,10.0,1,10.0,20.0,12.5,18.75,33.33,0.0,0.0,0.0,0.0,0.0,666208
ST,Sweeper,BR,2,4.0,1,1,1,100.0,0,0.0,2,1,50.0,50.0,0,0.0,50.0,100.0,12.5,50.0,0.0,0.0,0.0,0.0,0.0,666208
FF,4-Seam Fastball,FB,613,40.84,149,135,31,20.81,13,8.72,303,65,21.45,10.6,109,17.78,28.38,25.46,39.5,16.32,0.385,0.439,0.733,1.172,0.348,666214
CH,Changeup,OS,334,22.25,78,73,13,16.67,5,6.41,153,49,32.03,14.67,28,8.38,23.05,27.72,22.87,11.82,0.192,0.244,0.397,0.641,0.205,666214
FC,Cutter,FB,315,20.99,88,74,18,20.45,13,14.77,166,49,29.52,15.56,62,19.68,35.24,27.41,16.01,23.38,0.297,0.398,0.568,0.966,0.2709999999999999,666214
CU,Curveball,BR,238,15.86,56,54,17,30.36,2,3.57,105,28,26.67,11.76,29,12.18,23.95,23.91,21.41,16.5,0.241,0.268,0.352,0.62,0.1109999999999999,666214
,,,1,0.07,0,0,0,,0,,0,0,,0.0,0,0.0,0.0,,0.21,0.0,,,,,,666214
ST,Sweeper,BR,216,43.55,58,53,24,41.38,3,5.17,98,35,35.71,16.2,45,20.83,37.04,30.56,61.07,30.0,0.151,0.193,0.245,0.438,0.094,666277
FF,4-Seam Fastball,FB,207,41.73,52,41,4,7.69,10,19.23,98,24,24.49,11.59,29,14.01,25.6,18.75,29.01,10.53,0.268,0.423,0.341,0.764,0.073,666277
CH,Changeup,OS,68,13.71,14,13,3,21.43,0,0.0,28,11,39.29,16.18,9,13.24,29.41,29.55,9.92,23.08,0.308,0.357,0.308,0.665,0.0,666277
,,,5,1.01,1,0,0,0.0,1,100.0,0,0,,0.0,0,0.0,0.0,,0.0,,,1.0,,,,666277
FF,4-Seam Fastball,FB,109,47.6,31,26,7,22.58,5,16.13,56,10,17.86,9.17,22,20.18,29.36,33.33,50.88,24.14,0.269,0.387,0.538,0.925,0.269,666364
SL,Slider,BR,63,27.51,15,13,1,6.67,1,6.67,30,8,26.67,12.7,10,15.87,28.57,16.67,21.05,8.33,0.154,0.2,0.154,0.354,0.0,666364
CU,Curveball,BR,39,17.03,13,13,1,7.69,0,0.0,19,3,15.79,7.69,3,7.69,15.38,15.79,17.54,10.0,0.385,0.385,0.769,1.154,0.384,666364
CH,Changeup,OS,17,7.42,4,4,2,50.0,0,0.0,9,3,33.33,17.65,2,11.76,29.41,45.45,10.53,33.33,0.25,0.25,0.25,0.5,0.0,666364
,,,1,0.44,0,0,0,,0,,0,0,,0.0,0,0.0,0.0,,0.0,,,,,,,666364
SL,Slider,BR,370,53.47,97,91,49,50.52,5,5.15,177,99,55.93,26.76,59,15.95,42.7,37.93,67.59,33.56,0.132,0.175,0.165,0.3399999999999999,0.033,666374
FF,4-Seam Fastball,FB,225,32.51,52,42,17,32.69,8,15.38,87,28,32.18,12.44,55,24.44,36.89,21.36,21.76,36.17,0.357,0.462,0.476,0.938,0.119,666374
KC,Knuckle Curve,BR,35,5.06,4,4,1,25.0,0,0.0,13,6,46.15,17.14,5,14.29,31.43,21.74,2.31,20.0,0.5,0.5,0.5,1.0,0.0,666374
FC,Cutter,FB,31,4.48,5,4,2,40.0,1,20.0,12,5,41.67,16.13,5,16.13,32.26,40.0,4.17,22.22,0.25,0.4,0.25,0.65,0.0,666374
SI,Sinker,FB,30,4.34,8,7,2,25.0,0,0.0,17,4,23.53,13.33,4,13.33,26.67,57.14,4.17,22.22,0.143,0.25,0.143,0.393,0.0,666374
,,,1,0.14,0,0,0,,0,,0,0,,0.0,0,0.0,0.0,,0.0,,,,,,,666374
SI,Sinker,FB,295,50.51,82,72,9,10.98,7,8.54,144,29,20.14,9.83,51,17.29,27.12,31.69,41.4,13.85,0.319,0.395,0.472,0.867,0.1529999999999999,666619
SL,Slider,BR,280,47.95,79,75,22,27.85,4,5.06,138,49,35.51,17.5,44,15.71,33.21,33.33,58.6,23.91,0.213,0.253,0.227,0.48,0.014,666619
CH,Changeup,OS,7,1.2,2,2,0,0.0,0,0.0,3,0,0.0,0.0,0,0.0,0.0,20.0,0.0,,0.5,0.5,0.5,1.0,0.0,666619
FF,4-Seam Fastball,FB,1,0.17,0,0,0,,0,,0,0,,0.0,1,100.0,100.0,,0.0,,,,,,,666619
,,,1,0.17,0,0,0,,0,,0,0,,0.0,0,0.0,0.0,,0.0,,,,,,,666619
FF,4-Seam Fastball,FB,83,47.43,25,21,7,28.0,4,16.0,42,9,21.43,10.84,16,19.28,30.12,14.29,52.83,25.0,0.381,0.48,0.476,0.956,0.0949999999999999,666720
SL,Slider,BR,80,45.71,13,12,1,7.69,0,0.0,36,12,33.33,15.0,7,8.75,23.75,29.09,35.85,5.26,0.583,0.538,1.083,1.621,0.5,666720
SI,Sinker,FB,10,5.71,2,2,0,0.0,0,0.0,3,0,0.0,0.0,5,50.0,50.0,0.0,7.55,0.0,0.0,0.0,0.0,0.0,0.0,666720
CH,Changeup,OS,2,1.14,0,0,0,,0,,0,0,,0.0,0,0.0,0.0,0.0,3.77,0.0,,,,,,666720
SL,Slider,BR,80,36.7,24,22,2,8.33,1,4.17,45,9,20.0,11.25,9,11.25,22.5,27.78,38.46,8.0,0.364,0.391,0.636,1.027,0.272,666721
FF,4-Seam Fastball,FB,73,33.49,14,12,3,21.43,2,14.29,33,6,18.18,8.22,16,21.92,30.14,25.0,30.77,15.0,0.25,0.357,0.333,0.69,0.083,666721
CH,Changeup,OS,35,16.06,13,10,1,7.69,1,7.69,16,1,6.25,2.86,0,0.0,2.86,28.0,27.69,5.56,0.1,0.308,0.2,0.508,0.1,666721
SI,Sinker,FB,29,13.3,6,5,0,0.0,1,16.67,12,0,0.0,0.0,7,24.14,24.14,9.09,3.08,0.0,0.8,0.833,1.6,2.433,0.8,666721
,,,1,0.46,0,0,0,,0,,0,0,,0.0,0,0.0,0.0,,0.0,,,,,,,666721
SI,Sinker,FB,344,44.79,92,82,8,8.7,6,6.52,175,24,13.71,6.98,67,19.48,26.45,28.08,26.52,11.43,0.256,0.322,0.378,0.7,0.122,666745
CH,Changeup,OS,153,19.92,50,46,16,32.0,3,6.0,95,24,25.26,15.69,14,9.15,24.84,44.44,28.03,21.62,0.217,0.28,0.5,0.78,0.283,666745
ST,Sweeper,BR,128,16.67,31,29,13,41.94,1,3.23,49,14,28.57,10.94,36,28.12,39.06,37.14,23.11,21.31,0.172,0.194,0.31,0.504,0.138,666745
FF,4-Seam Fastball,FB,72,9.38,10,10,4,40.0,0,0.0,31,8,25.81,11.11,8,11.11,22.22,16.67,14.02,10.81,0.2,0.2,0.8,1.0,0.6000000000000001,666745
KC,Knuckle Curve,BR,70,9.11,14,13,3,21.43,1,7.14,24,6,25.0,8.57,18,25.71,34.29,23.26,8.33,13.64,0.231,0.286,0.538,0.8240000000000001,0.307,666745
,,,1,0.13,0,0,0,,0,,0,0,,0.0,0,0.0,0.0,,0.0,,,,,,,666745
SI,Sinker,FB,248,48.06,53,47,1,1.89,4,7.55,103,14,13.59,5.65,54,21.77,27.42,22.22,17.97,4.35,0.298,0.358,0.298,0.6559999999999999,0.0,666808
SL,Slider,BR,149,28.88,47,44,21,44.68,1,2.13,71,42,59.15,28.19,18,12.08,40.27,30.53,37.5,43.75,0.25,0.298,0.341,0.639,0.091,666808
FC,Cutter,FB,110,21.32,34,31,22,64.71,2,5.88,58,27,46.55,24.55,16,14.55,39.09,28.85,43.75,39.29,0.129,0.206,0.161,0.367,0.032,666808
,,,7,1.36,1,0,0,0.0,1,100.0,0,0,,0.0,0,0.0,0.0,,0.78,0.0,,1.0,,,,666808
FF,4-Seam Fastball,FB,2,0.39,1,1,0,0.0,0,0.0,2,1,50.0,50.0,0,0.0,50.0,100.0,0.0,,1.0,1.0,1.0,2.0,0.0,666808
FC,Cutter,FB,167,56.8,46,43,8,17.39,3,6.52,89,31,34.83,18.56,15,8.98,27.54,30.77,50.7,22.22,0.256,0.304,0.372,0.6759999999999999,0.1159999999999999,666818
FF,4-Seam Fastball,FB,103,35.03,29,22,3,10.34,7,24.14,49,7,14.29,6.8,18,17.48,24.27,19.57,30.99,13.64,0.182,0.379,0.318,0.6970000000000001,0.136,666818
SL,Slider,BR,23,7.82,4,4,2,50.0,0,0.0,9,2,22.22,8.7,3,13.04,21.74,30.77,16.9,16.67,0.0,0.0,0.0,0.0,0.0,666818
CH,Changeup,OS,1,0.34,1,1,0,0.0,0,0.0,1,0,0.0,0.0,0,0.0,0.0,,1.41,0.0,1.0,1.0,4.0,5.0,3.0,666818
SI,Sinker,FB,399,62.64,111,102,17,15.32,5,4.5,203,29,14.29,7.27,99,24.81,32.08,29.85,44.66,18.48,0.216,0.273,0.304,0.577,0.088,666974
SL,Slider,BR,130,20.41,26,26,5,19.23,0,0.0,50,18,36.0,13.85,18,13.85,27.69,23.46,22.33,10.87,0.269,0.269,0.385,0.654,0.1159999999999999,666974
CH,Changeup,OS,101,15.86,34,33,21,61.76,1,2.94,61,32,52.46,31.68,1,0.99,32.67,46.38,30.58,33.33,0.121,0.147,0.303,0.4499999999999999,0.182,666974
FF,4-Seam Fastball,FB,7,1.1,2,2,2,100.0,0,0.0,4,3,75.0,42.86,1,14.29,57.14,33.33,2.43,40.0,0.0,0.0,0.0,0.0,0.0,666974
FF,4-Seam Fastball,FB,109,56.77,22,20,8,36.36,2,9.09,51,13,25.49,11.93,14,12.84,24.77,28.12,54.1,24.24,0.3,0.364,0.35,0.714,0.0499999999999999,667427
SL,Slider,BR,83,43.23,21,16,3,14.29,5,23.81,32,9,28.12,10.84,17,20.48,31.33,24.44,45.9,10.71,0.375,0.524,0.625,1.149,0.25,667427
CH,Changeup,OS,181,52.01,49,47,5,10.2,1,2.04,90,26,28.89,14.36,15,8.29,22.65,37.9,50.68,13.51,0.298,0.306,0.383,0.6890000000000001,0.085,667463
SI,Sinker,FB,151,43.39,49,43,5,10.2,6,12.24,70,7,10.0,4.64,39,25.83,30.46,20.69,39.73,17.24,0.279,0.367,0.395,0.762,0.1159999999999999,667463
SL,Slider,BR,12,3.45,6,6,2,33.33,0,0.0,9,2,22.22,16.67,1,8.33,25.0,60.0,8.22,33.33,0.333,0.333,0.333,0.666,0.0,667463
FF,4-Seam Fastball,FB,2,0.57,0,0,0,,0,,0,0,,0.0,0,0.0,0.0,0.0,1.37,0.0,,,,,,667463
,,,2,0.57,0,0,0,,0,,0,0,,0.0,0,0.0,0.0,,0.0,,,,,,,667463
KC,Knuckle Curve,BR,133,33.42,39,34,16,41.03,1,2.56,53,23,43.4,17.29,26,19.55,36.84,32.5,41.51,36.36,0.206,0.289,0.294,0.583,0.088,667755
SI,Sinker,FB,80,20.1,21,19,3,14.29,1,4.76,40,13,32.5,16.25,14,17.5,33.75,40.91,15.09,18.75,0.316,0.381,0.579,0.96,0.2629999999999999,667755
FS,Split-Finger,OS,77,19.35,17,10,3,17.65,6,35.29,28,11,39.29,14.29,8,10.39,24.68,18.0,16.04,17.65,0.3,0.588,0.4,0.988,0.1,667755
FF,4-Seam Fastball,FB,68,17.09,22,17,4,18.18,3,13.64,32,6,18.75,8.82,16,23.53,32.35,25.0,10.38,36.36,0.353,0.45,0.647,1.097,0.294,667755
SL,Slider,BR,22,5.53,4,3,2,50.0,1,25.0,8,4,50.0,18.18,2,9.09,27.27,25.0,8.49,22.22,0.333,0.5,1.333,1.833,1.0,667755
,,,18,4.52,3,3,2,66.67,0,0.0,7,1,14.29,5.56,5,27.78,33.33,,8.49,22.22,0.0,0.0,0.0,0.0,0.0,667755
FF,4-Seam Fastball,FB,65,50.0,17,13,3,17.65,3,17.65,29,6,20.69,9.23,14,21.54,30.77,26.67,52.94,16.67,0.154,0.294,0.154,0.4479999999999999,0.0,668338
SL,Slider,BR,28,21.54,5,5,2,40.0,0,0.0,10,4,40.0,14.29,3,10.71,25.0,27.27,29.41,20.0,0.0,0.0,0.0,0.0,0.0,668338
SI,Sinker,FB,22,16.92,4,4,0,0.0,0,0.0,10,2,20.0,9.09,3,13.64,22.73,33.33,2.94,0.0,0.5,0.5,0.75,1.25,0.25,668338
CU,Curveball,BR,14,10.77,6,5,2,33.33,1,16.67,7,4,57.14,28.57,2,14.29,42.86,44.44,14.71,40.0,0.2,0.333,0.2,0.533,0.0,668338
,,,1,0.77,0,0,0,,0,,0,0,,0.0,0,0.0,0.0,,0.0,,,,,,,668338
FF,4-Seam Fastball,FB,4,57.14,1,1,0,0.0,0,0.0,1,0,0.0,0.0,1,25.0,25.0,0.0,66.67,0.0,0.0,0.0,0.0,0.0,0.0,668470
SL,Slider,BR,3,42.86,0,0,0,,0,,1,1,100.0,33.33,1,33.33,66.67,0.0,33.33,0.0,,,,,,668470
FF,4-Seam Fastball,FB,174,63.27,50,46,15,30.0,1,2.0,96,24,25.0,13.79,28,16.09,29.89,33.75,71.74,22.73,0.283,0.32,0.457,0.777,0.174,668665
ST,Sweeper,BR,83,30.18,12,11,1,8.33,1,8.33,26,5,19.23,6.02,15,18.07,24.1,12.24,22.83,4.76,0.182,0.25,0.455,0.7050000000000001,0.273,668665
FC,Cutter,FB,16,5.82,5,4,0,0.0,0,0.0,7,0,0.0,0.0,2,12.5,12.5,14.29,3.26,0.0,0.5,0.4,1.5,1.9,1.0,668665
CH,Changeup,OS,1,0.36,0,0,0,,0,,0,0,,0.0,0,0.0,0.0,0.0,1.09,0.0,,,,,,668665
SL,Slider,BR,1,0.36,0,0,0,,0,,0,0,,0.0,0,0.0,0.0,0.0,1.09,0.0,,,,,,668665
SI,Sinker,FB,309,48.21,104,80,16,15.38,18,17.31,135,39,28.89,12.62,62,20.06,32.69,29.94,33.16,25.0,0.275,0.427,0.35,0.7769999999999999,0.0749999999999999,668674
FF,4-Seam Fastball,FB,121,18.88,27,25,15,55.56,2,7.41,55,16,29.09,13.22,16,13.22,26.45,16.39,33.16,23.44,0.12,0.185,0.24,0.425,0.12,668674
SL,Slider,BR,114,17.78,15,15,4,26.67,0,0.0,35,9,25.71,7.89,26,22.81,30.7,16.67,13.99,14.81,0.4,0.4,0.6,1.0,0.1999999999999999,668674
CH,Changeup,OS,57,8.89,10,10,4,40.0,0,0.0,26,3,11.54,5.26,9,15.79,21.05,32.43,11.92,17.39,0.1,0.1,0.2,0.3,0.1,668674
FC,Cutter,FB,40,6.24,4,4,2,50.0,0,0.0,9,4,44.44,10.0,4,10.0,20.0,10.0,7.77,13.33,0.5,0.5,0.75,1.25,0.25,668674
SL,Slider,BR,95,58.64,34,33,4,11.76,0,0.0,57,14,24.56,14.74,14,14.74,29.47,42.86,73.33,18.18,0.273,0.273,0.364,0.637,0.0909999999999999,668676
FF,4-Seam Fastball,FB,52,32.1,17,15,1,5.88,2,11.76,29,5,17.24,9.62,8,15.38,25.0,20.0,23.33,14.29,0.467,0.529,0.6,1.129,0.1329999999999999,668676
CH,Changeup,OS,7,4.32,2,2,0,0.0,0,0.0,3,0,0.0,0.0,2,28.57,28.57,20.0,3.33,0.0,0.5,0.5,0.5,1.0,0.0,668676
CU,Curveball,BR,5,3.09,0,0,0,,0,,1,0,0.0,0.0,2,40.0,40.0,33.33,0.0,,,,,,,668676
,,,3,1.85,0,0,0,,0,,0,0,,0.0,0,0.0,0.0,,0.0,,,,,,,668676
FF,4-Seam Fastball,FB,925,54.32,232,212,47,20.26,13,5.6,458,87,19.0,9.41,192,20.76,30.16,27.54,44.13,19.83,0.236,0.288,0.344,0.6319999999999999,0.1079999999999999,668678
KC,Knuckle Curve,BR,380,22.31,101,94,36,35.64,6,5.94,188,69,36.7,18.16,43,11.32,29.47,32.44,27.75,23.49,0.202,0.25,0.319,0.569,0.1169999999999999,668678
FC,Cutter,FB,147,8.63,43,42,7,16.28,1,2.33,66,13,19.7,8.84,22,14.97,23.81,31.4,5.96,21.88,0.19,0.209,0.381,0.59,0.191,668678
CH,Changeup,OS,132,7.75,35,34,16,45.71,1,2.86,69,21,30.43,15.91,9,6.82,22.73,32.91,13.59,21.92,0.265,0.286,0.441,0.727,0.176,668678
SL,Slider,BR,116,6.81,26,26,7,26.92,0,0.0,51,16,31.37,13.79,16,13.79,27.59,28.79,8.38,15.56,0.346,0.346,0.538,0.884,0.192,668678
,,,2,0.12,1,1,1,100.0,0,0.0,0,0,,0.0,0,0.0,0.0,,0.19,100.0,0.0,0.0,0.0,0.0,0.0,668678
SI,Sinker,FB,1,0.06,0,0,0,,0,,1,0,0.0,0.0,0,0.0,0.0,100.0,0.0,,,,,,,668678
SI,Sinker,FB,20,37.04,4,4,0,0.0,0,0.0,9,0,0.0,0.0,4,20.0,20.0,25.0,18.75,0.0,0.25,0.25,0.25,0.5,0.0,668754
ST,Sweeper,BR,18,33.33,8,7,1,12.5,1,12.5,9,2,22.22,11.11,2,11.11,22.22,30.0,50.0,12.5,0.286,0.375,0.286,0.661,0.0,668754
FC,Cutter,FB,16,29.63,3,3,2,66.67,0,0.0,7,3,42.86,18.75,6,37.5,56.25,16.67,31.25,40.0,0.0,0.0,0.0,0.0,0.0,668754
SI,Sinker,FB,14,33.33,5,5,1,20.0,0,0.0,7,1,14.29,7.14,7,50.0,57.14,100.0,37.5,33.33,0.0,0.0,0.0,0.0,0.0,668834
CU,Curveball,BR,12,28.57,5,4,0,0.0,1,20.0,5,1,20.0,8.33,0,0.0,8.33,12.5,12.5,0.0,0.0,0.2,0.0,0.2,0.0,668834
SL,Slider,BR,9,21.43,2,2,0,0.0,0,0.0,5,2,40.0,22.22,1,11.11,33.33,50.0,37.5,0.0,0.0,0.0,0.0,0.0,0.0,668834
FF,4-Seam Fastball,FB,6,14.29,1,1,0,0.0,0,0.0,3,1,33.33,16.67,0,0.0,16.67,0.0,12.5,0.0,1.0,1.0,2.0,3.0,1.0,668834
ST,Sweeper,BR,1,2.38,1,1,0,0.0,0,0.0,1,0,0.0,0.0,0,0.0,0.0,,0.0,,0.0,0.0,0.0,0.0,0.0,668834
FF,4-Seam Fastball,FB,426,50.84,112,104,24,21.43,6,5.36,208,39,18.75,9.15,80,18.78,27.93,29.53,48.29,18.9,0.356,0.387,0.567,0.954,0.2109999999999999,668868
CU,Curveball,BR,239,28.52,61,53,17,27.87,6,9.84,88,18,20.45,7.53,59,24.69,32.22,25.81,35.36,18.28,0.17,0.25,0.226,0.476,0.0559999999999999,668868
SL,Slider,BR,147,17.54,29,25,11,37.93,3,10.34,87,33,37.93,22.45,16,10.88,33.33,41.56,14.07,29.73,0.2,0.31,0.48,0.79,0.2799999999999999,668868
CH,Changeup,OS,24,2.86,4,4,0,0.0,0,0.0,8,1,12.5,4.17,5,20.83,25.0,0.0,1.9,0.0,0.25,0.25,1.0,1.25,0.75,668868
CS,Slow Curve,BR,1,0.12,1,0,0,0.0,0,0.0,0,0,,0.0,0,0.0,0.0,0.0,0.0,,,1.0,,,,668868
,,,1,0.12,1,1,1,100.0,0,0.0,0,0,,0.0,0,0.0,0.0,,0.38,100.0,0.0,0.0,0.0,0.0,0.0,668868
FF,4-Seam Fastball,FB,34,36.56,11,8,2,18.18,2,18.18,16,3,18.75,8.82,5,14.71,23.53,31.58,42.86,16.67,0.375,0.545,0.5,1.045,0.125,668873
FC,Cutter,FB,21,22.58,4,4,0,0.0,0,0.0,12,4,33.33,19.05,4,19.05,38.1,25.0,7.14,0.0,0.5,0.5,0.5,1.0,0.0,668873
SI,Sinker,FB,18,19.35,5,4,1,20.0,0,0.0,9,1,11.11,5.56,3,16.67,22.22,25.0,10.71,33.33,0.5,0.6,0.75,1.35,0.25,668873
KC,Knuckle Curve,BR,11,11.83,1,1,1,100.0,0,0.0,2,0,0.0,0.0,2,18.18,18.18,11.11,21.43,16.67,0.0,0.0,0.0,0.0,0.0,668873
ST,Sweeper,BR,8,8.6,0,0,0,,0,,3,0,0.0,0.0,0,0.0,0.0,16.67,17.86,0.0,,,,,,668873
,,,1,1.08,0,0,0,,0,,0,0,,0.0,0,0.0,0.0,,0.0,,,,,,,668873
FF,4-Seam Fastball,FB,525,52.19,145,128,32,22.07,14,9.66,296,59,19.93,11.24,83,15.81,27.05,39.32,50.14,17.88,0.312,0.389,0.586,0.975,0.2739999999999999,668881
SL,Slider,BR,454,45.13,102,96,35,34.31,4,3.92,210,85,40.48,18.72,63,13.88,32.6,28.97,47.62,20.59,0.24,0.277,0.417,0.694,0.177,668881
CH,Changeup,OS,20,1.99,4,4,1,25.0,0,0.0,9,2,22.22,10.0,3,15.0,25.0,20.0,1.4,20.0,0.75,0.75,1.75,2.5,1.0,668881
,,,4,0.4,2,0,0,0.0,2,100.0,0,0,,0.0,0,0.0,0.0,,0.56,0.0,,1.0,,,,668881
CU,Curveball,BR,2,0.2,0,0,0,,0,,1,0,0.0,0.0,0,0.0,0.0,0.0,0.0,,,,,,,668881
FS,Split-Finger,OS,1,0.1,1,1,1,100.0,0,0.0,0,0,,0.0,1,100.0,100.0,,0.28,100.0,0.0,0.0,0.0,0.0,0.0,668881
FF,4-Seam Fastball,FB,348,54.04,88,83,20,22.73,3,3.41,183,44,24.04,12.64,62,17.82,30.46,32.37,47.94,20.43,0.229,0.261,0.349,0.61,0.1199999999999999,668909
SL,Slider,BR,205,31.83,58,54,14,24.14,4,6.9,102,34,33.33,16.59,32,15.61,32.2,31.78,34.02,21.21,0.167,0.224,0.259,0.483,0.092,668909
CU,Curveball,BR,88,13.66,17,13,7,41.18,2,11.76,29,14,48.28,15.91,10,11.36,27.27,22.58,17.53,20.59,0.154,0.312,0.154,0.4659999999999999,0.0,668909
CH,Changeup,OS,3,0.47,0,0,0,,0,,1,0,0.0,0.0,1,33.33,33.33,0.0,0.52,0.0,,,,,,668909
FC,Cutter,FB,555,47.31,174,142,14,8.05,25,14.37,282,47,16.67,8.47,97,17.48,25.95,23.38,39.46,11.86,0.338,0.445,0.521,0.966,0.183,668933
SL,Slider,BR,477,40.66,114,110,35,30.7,4,3.51,220,77,35.0,16.14,80,16.77,32.91,30.35,51.17,22.88,0.218,0.246,0.427,0.673,0.209,668933
SI,Sinker,FB,138,11.76,37,34,2,5.41,1,2.7,69,7,10.14,5.07,12,8.7,13.77,25.97,9.03,7.41,0.294,0.351,0.382,0.733,0.088,668933
CH,Changeup,OS,1,0.09,1,0,0,0.0,0,0.0,0,0,,0.0,0,0.0,0.0,0.0,0.0,,,1.0,,,,668933
FF,4-Seam Fastball,FB,1,0.09,0,0,0,,0,,0,0,,0.0,0,0.0,0.0,0.0,0.0,,,,,,,668933
,,,1,0.09,1,0,0,0.0,1,100.0,0,0,,0.0,0,0.0,0.0,,0.33,0.0,,1.0,,,,668933
CH,Changeup,OS,149,39.01,42,39,13,30.95,2,4.76,86,39,45.35,26.17,19,12.75,38.93,43.59,39.25,30.95,0.282,0.317,0.308,0.625,0.026,668941
SI,Sinker,FB,134,35.08,37,32,4,10.81,4,10.81,62,11,17.74,8.21,37,27.61,35.82,20.41,20.56,18.18,0.25,0.324,0.469,0.7929999999999999,0.2189999999999999,668941
ST,Sweeper,BR,50,13.09,16,16,12,75.0,0,0.0,29,18,62.07,36.0,5,10.0,46.0,44.83,25.23,44.44,0.125,0.125,0.25,0.375,0.125,668941
FF,4-Seam Fastball,FB,48,12.57,11,9,1,9.09,1,9.09,18,3,16.67,6.25,4,8.33,14.58,6.9,14.95,6.25,0.444,0.545,0.556,1.101,0.112,668941
,,,1,0.26,0,0,0,,0,,0,0,,0.0,0,0.0,0.0,,0.0,,,,,,,668941
FA,Other,,10,47.62,2,2,0,0.0,0,0.0,3,0,0.0,0.0,2,20.0,20.0,16.67,0.0,,0.5,0.5,1.0,1.5,0.5,668942
EP,Eephus,,7,33.33,3,3,0,0.0,0,0.0,4,0,0.0,0.0,0,0.0,0.0,0.0,0.0,,1.0,1.0,1.0,2.0,0.0,668942
CS,Slow Curve,BR,4,19.05,2,1,0,0.0,1,50.0,2,1,50.0,25.0,1,25.0,50.0,50.0,100.0,0.0,0.0,0.5,0.0,0.5,0.0,668942
ST,Sweeper,BR,166,40.69,40,36,10,25.0,3,7.5,72,18,25.0,10.84,21,12.65,23.49,22.83,52.59,16.39,0.167,0.25,0.333,0.583,0.166,668970
SI,Sinker,FB,116,28.43,27,23,2,7.41,3,11.11,56,7,12.5,6.03,18,15.52,21.55,37.93,18.97,9.09,0.304,0.407,0.391,0.798,0.087,668970
FF,4-Seam Fastball,FB,116,28.43,31,24,12,38.71,6,19.35,49,21,42.86,18.1,24,20.69,38.79,23.64,27.59,37.5,0.083,0.29,0.25,0.54,0.1669999999999999,668970
,,,7,1.72,1,0,0,0.0,1,100.0,0,0,,0.0,0,0.0,0.0,,0.0,,,1.0,,,,668970
FC,Cutter,FB,3,0.74,0,0,0,,0,,1,1,100.0,33.33,0,0.0,33.33,0.0,0.86,0.0,,,,,,668970
FF,4-Seam Fastball,FB,72,62.07,19,15,4,21.05,4,21.05,31,6,19.35,8.33,14,19.44,27.78,22.22,58.06,22.22,0.133,0.316,0.2,0.516,0.067,668984
SL,Slider,BR,28,24.14,9,9,2,22.22,0,0.0,14,5,35.71,17.86,2,7.14,25.0,36.84,32.26,20.0,0.333,0.333,0.556,0.889,0.223,668984
ST,Sweeper,BR,14,12.07,4,4,0,0.0,0,0.0,8,1,12.5,7.14,2,14.29,21.43,42.86,9.68,0.0,0.25,0.25,1.0,1.25,0.75,668984
CH,Changeup,OS,2,1.72,0,0,0,,0,,0,0,,0.0,2,100.0,100.0,,0.0,,,,,,,668984
FF,4-Seam Fastball,FB,1117,60.25,270,239,56,20.74,25,9.26,563,113,20.07,10.12,178,15.94,26.05,26.5,57.45,17.5,0.251,0.321,0.494,0.815,0.243,669022
CU,Curveball,BR,405,21.84,103,96,35,33.98,6,5.83,181,70,38.67,17.28,64,15.8,33.09,36.55,24.96,25.18,0.26,0.301,0.417,0.718,0.1569999999999999,669022
SL,Slider,BR,260,14.02,63,55,17,26.98,8,12.7,126,46,36.51,17.69,32,12.31,30.0,32.26,13.64,22.37,0.182,0.286,0.4,0.6859999999999999,0.218,669022
CH,Changeup,OS,72,3.88,16,16,5,31.25,0,0.0,34,13,38.24,18.06,4,5.56,23.61,39.29,3.95,22.73,0.188,0.188,0.25,0.438,0.062,669022
SI,Sinker,FB,258,39.09,75,65,11,14.67,5,6.67,131,19,14.5,7.36,47,18.22,25.58,29.2,33.89,18.03,0.308,0.37,0.477,0.847,0.1689999999999999,669060
FC,Cutter,FB,236,35.76,69,66,7,10.14,2,2.9,134,28,20.9,11.86,34,14.41,26.27,31.48,20.56,18.92,0.136,0.159,0.273,0.432,0.137,669060
FF,4-Seam Fastball,FB,89,13.48,25,23,7,28.0,1,4.0,46,11,23.91,12.36,9,10.11,22.47,29.17,27.78,14.0,0.13,0.167,0.261,0.428,0.131,669060
CU,Curveball,BR,72,10.91,20,20,7,35.0,0,0.0,33,8,24.24,11.11,14,19.44,30.56,36.59,15.56,25.0,0.1,0.1,0.1,0.2,0.0,669060
CH,Changeup,OS,3,0.45,0,0,0,,0,,0,0,,0.0,0,0.0,0.0,0.0,1.11,0.0,,,,,,669060
FS,Split-Finger,OS,1,0.15,0,0,0,,0,,0,0,,0.0,0,0.0,0.0,0.0,0.56,0.0,,,,,,669060
,,,1,0.15,1,1,1,100.0,0,0.0,0,0,,0.0,0,0.0,0.0,,0.56,100.0,0.0,0.0,0.0,0.0,0.0,669060
FF,4-Seam Fastball,FB,123,59.13,25,22,10,40.0,3,12.0,62,18,29.03,14.63,25,20.33,34.96,30.19,53.66,22.73,0.182,0.28,0.409,0.6890000000000001,0.2269999999999999,669084
CH,Changeup,OS,61,29.33,17,17,6,35.29,0,0.0,33,12,36.36,19.67,7,11.48,31.15,40.54,29.27,25.0,0.294,0.294,0.588,0.8819999999999999,0.294,669084
SL,Slider,BR,11,5.29,4,3,2,50.0,1,25.0,4,2,50.0,18.18,0,0.0,18.18,22.22,12.2,20.0,0.0,0.25,0.0,0.25,0.0,669084
CU,Curveball,BR,8,3.85,0,0,0,,0,,2,0,0.0,0.0,3,37.5,37.5,33.33,3.66,0.0,,,,,,669084
ST,Sweeper,BR,3,1.44,1,1,0,0.0,0,0.0,1,0,0.0,0.0,0,0.0,0.0,0.0,1.22,0.0,1.0,1.0,1.0,2.0,0.0,669084
,,,2,0.96,0,0,0,,0,,0,0,,0.0,0,0.0,0.0,,0.0,,,,,,,669084
FF,4-Seam Fastball,FB,126,81.82,29,21,6,20.69,7,24.14,63,13,20.63,10.32,15,11.9,22.22,22.95,88.24,13.33,0.333,0.483,0.762,1.245,0.429,669093
SL,Slider,BR,28,18.18,5,5,3,60.0,0,0.0,10,7,70.0,25.0,4,14.29,39.29,27.78,11.76,50.0,0.2,0.2,0.8,1.0,0.6000000000000001,669093
FF,4-Seam Fastball,FB,36,66.67,13,10,1,7.69,2,15.38,19,6,31.58,16.67,4,11.11,27.78,30.0,72.73,12.5,0.3,0.462,0.4,0.8620000000000001,0.1,669105
CH,Changeup,OS,17,31.48,3,3,0,0.0,0,0.0,7,0,0.0,0.0,2,11.76,11.76,27.27,18.18,0.0,0.333,0.333,0.667,1.0,0.334,669105
SL,Slider,BR,1,1.85,1,1,1,100.0,0,0.0,1,1,100.0,100.0,0,0.0,100.0,100.0,9.09,100.0,0.0,0.0,0.0,0.0,0.0,669105
SL,Slider,BR,22,62.86,8,8,7,87.5,0,0.0,13,11,84.62,50.0,3,13.64,63.64,57.14,100.0,70.0,0.0,0.0,0.0,0.0,0.0,669111
FF,4-Seam Fastball,FB,13,37.14,1,1,0,0.0,0,0.0,3,1,33.33,7.69,5,38.46,46.15,0.0,0.0,,0.0,0.0,0.0,0.0,0.0,669111
CH,Changeup,OS,48,32.0,11,11,0,0.0,0,0.0,22,5,22.73,10.42,6,12.5,22.92,26.67,27.78,0.0,0.364,0.364,0.364,0.728,0.0,669145
SL,Slider,BR,46,30.67,15,15,6,40.0,0,0.0,28,13,46.43,28.26,6,13.04,41.3,43.48,36.11,46.15,0.267,0.267,0.533,0.8,0.266,669145
CU,Curveball,BR,24,16.0,8,8,3,37.5,0,0.0,12,3,25.0,12.5,4,16.67,29.17,42.86,22.22,37.5,0.25,0.25,0.75,1.0,0.5,669145
SI,Sinker,FB,18,12.0,5,4,0,0.0,0,0.0,10,2,20.0,11.11,2,11.11,22.22,14.29,0.0,,0.5,0.4,0.5,0.9,0.0,669145
FF,4-Seam Fastball,FB,14,9.33,5,3,0,0.0,0,0.0,5,0,0.0,0.0,4,28.57,28.57,16.67,13.89,0.0,0.667,0.8,2.0,2.8,1.333,669145
SI,Sinker,FB,151,54.12,44,42,3,6.82,1,2.27,77,6,7.79,3.97,36,23.84,27.81,40.0,31.08,13.04,0.167,0.205,0.214,0.419,0.0469999999999999,669160
SL,Slider,BR,56,20.07,15,14,5,33.33,0,0.0,25,7,28.0,12.5,8,14.29,26.79,15.38,29.73,22.73,0.286,0.267,0.357,0.624,0.071,669160
ST,Sweeper,BR,27,9.68,9,9,2,22.22,0,0.0,10,2,20.0,7.41,6,22.22,29.63,20.0,13.51,20.0,0.111,0.111,0.111,0.222,0.0,669160
FF,4-Seam Fastball,FB,23,8.24,8,8,2,25.0,0,0.0,18,3,16.67,13.04,3,13.04,26.09,66.67,20.27,13.33,0.125,0.125,0.25,0.375,0.125,669160
FC,Cutter,FB,21,7.53,5,4,0,0.0,1,20.0,11,0,0.0,0.0,3,14.29,14.29,33.33,4.05,0.0,0.25,0.4,0.25,0.65,0.0,669160
CH,Changeup,OS,1,0.36,0,0,0,,0,,0,0,,0.0,0,0.0,0.0,0.0,1.35,0.0,,,,,,669160
FF,4-Seam Fastball,FB,8,53.33,0,0,0,,0,,4,1,25.0,12.5,2,25.0,37.5,33.33,40.0,0.0,,,,,,669165
CH,Changeup,OS,7,46.67,4,4,2,50.0,0,0.0,5,3,60.0,42.86,0,0.0,42.86,50.0,60.0,66.67,0.0,0.0,0.0,0.0,0.0,669165
FF,4-Seam Fastball,FB,50,45.87,15,15,3,20.0,0,0.0,25,5,20.0,10.0,10,20.0,30.0,30.43,41.94,23.08,0.267,0.267,0.467,0.734,0.2,669169
ST,Sweeper,BR,44,40.37,11,11,2,18.18,0,0.0,22,7,31.82,15.91,5,11.36,27.27,34.62,35.48,18.18,0.273,0.273,0.909,1.182,0.636,669169
CU,Curveball,BR,12,11.01,4,4,1,25.0,0,0.0,8,3,37.5,25.0,0,0.0,25.0,57.14,22.58,14.29,0.0,0.0,0.0,0.0,0.0,669169
CH,Changeup,OS,3,2.75,1,1,0,0.0,0,0.0,2,0,0.0,0.0,1,33.33,33.33,,0.0,,1.0,1.0,1.0,2.0,0.0,669169
FF,4-Seam Fastball,FB,612,52.49,162,151,29,17.9,8,4.94,346,73,21.1,11.93,82,13.4,25.33,25.0,49.46,15.3,0.305,0.34,0.583,0.923,0.2779999999999999,669194
FC,Cutter,FB,247,21.18,69,65,9,13.04,3,4.35,116,25,21.55,10.12,48,19.43,29.55,27.27,17.84,13.64,0.338,0.368,0.508,0.876,0.1699999999999999,669194
SL,Slider,BR,207,17.75,54,53,9,16.67,0,0.0,96,26,27.08,12.56,22,10.63,23.19,22.61,22.16,10.98,0.17,0.167,0.283,0.4499999999999999,0.1129999999999999,669194
ST,Sweeper,BR,64,5.49,21,21,6,28.57,0,0.0,33,9,27.27,14.06,10,15.62,29.69,34.38,7.84,20.69,0.143,0.143,0.429,0.572,0.286,669194
CU,Curveball,BR,26,2.23,5,4,0,0.0,1,20.0,9,0,0.0,0.0,7,26.92,26.92,10.0,1.08,0.0,0.5,0.6,1.0,1.6,0.5,669194
CH,Changeup,OS,9,0.77,3,3,1,33.33,0,0.0,5,2,40.0,22.22,1,11.11,33.33,25.0,1.62,16.67,0.0,0.0,0.0,0.0,0.0,669194
,,,1,0.09,1,0,0,0.0,1,100.0,0,0,,0.0,0,0.0,0.0,,0.0,,,1.0,,,,669194
FC,Cutter,FB,810,52.94,230,207,45,19.57,20,8.7,431,102,23.67,12.59,150,18.52,31.11,31.66,44.59,21.43,0.227,0.296,0.367,0.663,0.1399999999999999,669203
CU,Curveball,BR,230,15.03,39,37,14,35.9,2,5.13,89,38,42.7,16.52,36,15.65,32.17,27.21,18.9,15.73,0.216,0.256,0.378,0.634,0.162,669203
SI,Sinker,FB,225,14.71,55,49,5,9.09,1,1.82,88,11,12.5,4.89,34,15.11,20.0,18.55,9.34,11.36,0.286,0.364,0.531,0.895,0.245,669203
ST,Sweeper,BR,132,8.63,27,24,11,40.74,3,11.11,59,32,54.24,24.24,15,11.36,35.61,32.14,12.53,18.64,0.083,0.185,0.125,0.31,0.0419999999999999,669203
SL,Slider,BR,116,7.58,39,39,12,30.77,0,0.0,64,22,34.38,18.97,9,7.76,26.72,41.03,11.25,22.64,0.231,0.231,0.41,0.641,0.1789999999999999,669203
CH,Changeup,OS,16,1.05,6,6,1,16.67,0,0.0,9,1,11.11,6.25,0,0.0,6.25,28.57,3.4,6.25,0.5,0.5,0.833,1.333,0.3329999999999999,669203
,,,1,0.07,0,0,0,,0,,0,0,,0.0,0,0.0,0.0,,0.0,,,,,,,669203
FF,4-Seam Fastball,FB,172,58.31,31,28,13,41.94,2,6.45,91,24,26.37,13.95,33,19.19,33.14,29.41,58.49,20.97,0.25,0.3,0.321,0.621,0.071,669211
CH,Changeup,OS,67,22.71,21,17,3,14.29,3,14.29,32,6,18.75,8.96,6,8.96,17.91,37.21,21.7,13.04,0.529,0.571,0.706,1.277,0.1769999999999999,669211
SL,Slider,BR,47,15.93,13,13,2,15.38,0,0.0,26,8,30.77,17.02,8,17.02,34.04,28.57,19.81,9.52,0.308,0.308,0.385,0.6930000000000001,0.077,669211
,,,8,2.71,2,0,0,0.0,2,100.0,0,0,,0.0,0,0.0,0.0,,0.0,,,1.0,,,,669211
CU,Curveball,BR,1,0.34,0,0,0,,0,,0,0,,0.0,0,0.0,0.0,0.0,0.0,,,,,,,669211
FF,4-Seam Fastball,FB,229,36.64,51,44,11,21.57,7,13.73,118,24,20.34,10.48,37,16.16,26.64,33.61,31.94,18.03,0.364,0.451,0.705,1.156,0.3409999999999999,669212
SL,Slider,BR,222,35.52,54,54,13,24.07,0,0.0,110,38,34.55,17.12,26,11.71,28.83,34.07,30.37,22.41,0.278,0.278,0.389,0.667,0.1109999999999999,669212
CH,Changeup,OS,151,24.16,54,51,15,27.78,3,5.56,94,24,25.53,15.89,23,15.23,31.13,39.34,36.13,21.74,0.275,0.315,0.392,0.7070000000000001,0.1169999999999999,669212
CU,Curveball,BR,23,3.68,4,4,0,0.0,0,0.0,11,3,27.27,13.04,2,8.7,21.74,25.0,1.57,0.0,0.75,0.75,0.75,1.5,0.0,669212
SI,Sinker,FB,42,46.67,17,16,0,0.0,0,0.0,27,1,3.7,2.38,6,14.29,16.67,40.0,14.29,0.0,0.188,0.235,0.188,0.423,0.0,669270
SL,Slider,BR,31,34.44,9,9,2,22.22,0,0.0,14,6,42.86,19.35,6,19.35,38.71,25.0,47.62,20.0,0.222,0.222,0.556,0.778,0.3340000000000001,669270
FF,4-Seam Fastball,FB,13,14.44,3,2,0,0.0,1,33.33,6,1,16.67,7.69,2,15.38,23.08,16.67,23.81,0.0,0.5,0.667,1.0,1.667,0.5,669270
CH,Changeup,OS,4,4.44,1,1,0,0.0,0,0.0,1,0,0.0,0.0,0,0.0,0.0,25.0,14.29,0.0,1.0,1.0,2.0,3.0,1.0,669270
FF,4-Seam Fastball,FB,100,40.49,26,24,3,11.54,1,3.85,59,7,11.86,7.0,15,15.0,22.0,37.21,38.14,8.11,0.417,0.44,0.583,1.023,0.1659999999999999,669276
SL,Slider,BR,99,40.08,20,18,5,25.0,2,10.0,54,18,33.33,18.18,15,15.15,33.33,45.61,38.14,13.51,0.333,0.4,0.444,0.8440000000000001,0.1109999999999999,669276
CH,Changeup,OS,47,19.03,15,12,3,20.0,3,20.0,23,8,34.78,17.02,4,8.51,25.53,36.11,23.71,13.04,0.083,0.267,0.083,0.35,0.0,669276
,,,1,0.4,0,0,0,,0,,0,0,,0.0,0,0.0,0.0,,0.0,,,,,,,669276
FF,4-Seam Fastball,FB,565,38.57,143,129,20,13.99,12,8.39,290,52,17.93,9.2,91,16.11,25.31,19.74,30.05,15.27,0.302,0.362,0.543,0.905,0.241,669302
SL,Slider,BR,501,34.2,137,131,28,20.44,4,2.92,277,82,29.6,16.37,85,16.97,33.33,38.12,28.67,22.4,0.206,0.228,0.351,0.579,0.145,669302
KC,Knuckle Curve,BR,209,14.27,44,42,9,20.45,2,4.55,92,31,33.7,14.83,30,14.35,29.19,26.5,11.7,17.65,0.19,0.227,0.286,0.513,0.0959999999999999,669302
FS,Split-Finger,OS,180,12.29,61,59,33,54.1,0,0.0,101,38,37.62,21.11,6,3.33,24.44,40.16,29.36,25.78,0.153,0.18,0.373,0.5529999999999999,0.22,669302
SI,Sinker,FB,10,0.68,3,3,1,33.33,0,0.0,5,1,20.0,10.0,1,10.0,20.0,42.86,0.23,100.0,0.667,0.667,1.0,1.667,0.3329999999999999,669302
FF,4-Seam Fastball,FB,416,38.34,106,100,26,24.53,4,3.77,217,53,24.42,12.74,70,16.83,29.57,32.47,36.66,20.8,0.2,0.245,0.5,0.745,0.3,669330
SL,Slider,BR,299,27.56,74,68,17,22.97,6,8.11,127,36,28.35,12.04,33,11.04,23.08,21.47,34.6,14.41,0.132,0.203,0.221,0.424,0.089,669330
FC,Cutter,FB,232,21.38,60,51,5,8.33,8,13.33,119,22,18.49,9.48,48,20.69,30.17,27.27,11.14,13.16,0.255,0.35,0.706,1.056,0.4509999999999999,669330
CH,Changeup,OS,86,7.93,28,24,8,28.57,4,14.29,37,7,18.92,8.14,8,9.3,17.44,18.0,14.96,15.69,0.167,0.286,0.417,0.703,0.2499999999999999,669330
CU,Curveball,BR,51,4.7,10,9,3,30.0,1,10.0,19,6,31.58,11.76,19,37.25,49.02,33.33,2.64,33.33,0.222,0.3,0.333,0.633,0.111,669330
,,,1,0.09,0,0,0,,0,,0,0,,0.0,0,0.0,0.0,,0.0,,,,,,,669330
FF,4-Seam Fastball,FB,421,38.52,111,106,42,37.84,4,3.6,243,63,25.93,14.96,78,18.53,33.49,37.89,41.73,26.42,0.208,0.243,0.302,0.5449999999999999,0.094,669373
CH,Changeup,OS,294,26.9,81,78,35,43.21,2,2.47,169,86,50.89,29.25,35,11.9,41.16,42.24,29.13,31.53,0.167,0.198,0.205,0.403,0.0379999999999999,669373
SL,Slider,BR,198,18.12,45,38,12,26.67,5,11.11,99,24,24.24,12.12,28,14.14,26.26,29.29,17.59,17.91,0.289,0.378,0.553,0.931,0.264,669373
SI,Sinker,FB,94,8.6,16,16,5,31.25,0,0.0,44,10,22.73,10.64,19,20.21,30.85,13.51,6.56,20.0,0.312,0.312,0.438,0.75,0.126,669373
CU,Curveball,BR,82,7.5,15,14,4,26.67,1,6.67,25,9,36.0,10.98,17,20.73,31.71,24.0,4.72,22.22,0.143,0.2,0.214,0.414,0.071,669373
FS,Split-Finger,OS,3,0.27,0,0,0,,0,,1,0,0.0,0.0,1,33.33,33.33,50.0,0.26,0.0,,,,,,669373
,,,1,0.09,0,0,0,,0,,0,0,,0.0,0,0.0,0.0,,0.0,,,,,,,669373
FF,4-Seam Fastball,FB,188,54.34,42,36,10,23.81,5,11.9,85,18,21.18,9.57,36,19.15,28.72,19.32,51.43,18.52,0.222,0.333,0.417,0.75,0.1949999999999999,669387
ST,Sweeper,BR,106,30.64,29,25,5,17.24,3,10.34,42,9,21.43,8.49,21,19.81,28.3,24.14,35.24,13.51,0.2,0.276,0.2,0.476,0.0,669387
CH,Changeup,OS,33,9.54,10,9,3,30.0,1,10.0,15,4,26.67,12.12,2,6.06,18.18,23.81,9.52,30.0,0.111,0.2,0.111,0.311,0.0,669387
FC,Cutter,FB,19,5.49,6,5,0,0.0,1,16.67,9,2,22.22,10.53,2,10.53,21.05,30.0,3.81,0.0,0.4,0.5,0.6,1.1,0.1999999999999999,669387
FC,Cutter,FB,24,39.34,8,6,2,25.0,2,25.0,13,4,30.77,16.67,4,16.67,33.33,35.71,23.53,50.0,0.333,0.5,0.833,1.333,0.4999999999999999,669391
FF,4-Seam Fastball,FB,15,24.59,1,1,1,100.0,0,0.0,5,1,20.0,6.67,4,26.67,33.33,0.0,17.65,33.33,0.0,0.0,0.0,0.0,0.0,669391
ST,Sweeper,BR,12,19.67,4,3,0,0.0,0,0.0,6,0,0.0,0.0,2,16.67,16.67,50.0,35.29,0.0,0.333,0.333,1.333,1.666,1.0,669391
SI,Sinker,FB,6,9.84,2,2,1,50.0,0,0.0,4,2,50.0,33.33,0,0.0,33.33,50.0,17.65,33.33,0.0,0.0,0.0,0.0,0.0,669391
SL,Slider,BR,2,3.28,0,0,0,,0,,1,0,0.0,0.0,0,0.0,0.0,0.0,0.0,,,,,,,669391
CU,Curveball,BR,1,1.64,0,0,0,,0,,0,0,,0.0,0,0.0,0.0,0.0,0.0,,,,,,,669391
CH,Changeup,OS,1,1.64,0,0,0,,0,,1,0,0.0,0.0,0,0.0,0.0,,5.88,0.0,,,,,,669391
FF,4-Seam Fastball,FB,86,37.39,16,10,2,12.5,6,37.5,27,8,29.63,9.3,20,23.26,32.56,15.22,16.98,22.22,0.2,0.5,0.3,0.8,0.0999999999999999,669395
ST,Sweeper,BR,78,33.91,26,20,9,34.62,3,11.54,33,14,42.42,17.95,10,12.82,30.77,26.53,75.47,22.5,0.2,0.308,0.4,0.708,0.2,669395
FC,Cutter,FB,66,28.7,17,15,1,5.88,1,5.88,32,8,25.0,12.12,8,12.12,24.24,25.0,7.55,25.0,0.333,0.353,0.533,0.886,0.2,669395
FF,4-Seam Fastball,FB,151,43.9,42,35,8,19.05,6,14.29,74,15,20.27,9.93,28,18.54,28.48,28.38,36.46,22.86,0.371,0.463,0.829,1.292,0.4579999999999999,669424
SL,Slider,BR,137,39.83,31,29,9,29.03,2,6.45,58,20,34.48,14.6,25,18.25,32.85,23.29,42.71,21.95,0.31,0.355,0.483,0.838,0.173,669424
KC,Knuckle Curve,BR,45,13.08,13,12,6,46.15,1,7.69,20,8,40.0,17.78,9,20.0,37.78,29.17,17.71,35.29,0.167,0.231,0.167,0.398,0.0,669424
CH,Changeup,OS,11,3.2,3,3,0,0.0,0,0.0,6,0,0.0,0.0,1,9.09,9.09,0.0,3.12,0.0,0.333,0.333,1.333,1.666,1.0,669424
FF,4-Seam Fastball,FB,118,45.21,25,20,6,24.0,4,16.0,59,14,23.73,11.86,19,16.1,27.97,34.55,41.67,17.14,0.25,0.4,0.4,0.8,0.15,669432
CH,Changeup,OS,71,27.2,22,22,4,18.18,0,0.0,38,12,31.58,16.9,6,8.45,25.35,48.08,33.33,14.29,0.318,0.318,0.5,0.8180000000000001,0.182,669432
SI,Sinker,FB,41,15.71,8,7,2,25.0,1,12.5,14,2,14.29,4.88,12,29.27,34.15,23.81,9.52,25.0,0.0,0.125,0.0,0.125,0.0,669432
FC,Cutter,FB,31,11.88,7,6,2,28.57,0,0.0,14,5,35.71,16.13,2,6.45,22.58,31.82,15.48,15.38,0.167,0.286,0.167,0.4529999999999999,0.0,669432
SL,Slider,BR,235,43.44,59,53,7,11.86,3,5.08,115,32,27.83,13.62,43,18.3,31.91,21.9,32.87,14.89,0.283,0.328,0.415,0.743,0.132,669438
FF,4-Seam Fastball,FB,156,28.84,48,43,4,8.33,5,10.42,78,7,8.97,4.49,28,17.95,22.44,18.52,23.08,12.12,0.233,0.312,0.535,0.847,0.302,669438
CH,Changeup,OS,109,20.15,35,33,11,31.43,1,2.86,64,20,31.25,18.35,6,5.5,23.85,38.46,35.66,21.57,0.242,0.286,0.545,0.831,0.303,669438
SV,Slurve,BR,35,6.47,10,9,1,10.0,0,0.0,16,3,18.75,8.57,2,5.71,14.29,15.79,6.99,10.0,0.333,0.333,0.444,0.777,0.1109999999999999,669438
CU,Curveball,BR,4,0.74,3,3,0,0.0,0,0.0,3,0,0.0,0.0,0,0.0,0.0,66.67,1.4,0.0,0.333,0.333,0.333,0.666,0.0,669438
,,,2,0.37,0,0,0,,0,,0,0,,0.0,0,0.0,0.0,,0.0,,,,,,,669438
FF,4-Seam Fastball,FB,330,34.13,78,70,10,12.82,5,6.41,123,11,8.94,3.33,101,30.61,33.94,12.41,25.95,14.71,0.214,0.276,0.357,0.633,0.143,669456
SL,Slider,BR,273,28.23,91,89,25,27.47,1,1.1,150,49,32.67,17.95,25,9.16,27.11,38.41,42.37,22.52,0.18,0.187,0.303,0.49,0.123,669456
FC,Cutter,FB,270,27.92,73,69,10,13.7,4,5.48,151,56,37.09,20.74,34,12.59,33.33,36.57,17.56,21.74,0.261,0.301,0.304,0.605,0.0429999999999999,669456
KC,Knuckle Curve,BR,94,9.72,28,26,10,35.71,1,3.57,49,16,32.65,17.02,11,11.7,28.72,40.68,14.12,27.03,0.269,0.321,0.462,0.783,0.193,669456
SL,Slider,BR,246,55.53,68,65,23,33.82,3,4.41,148,54,36.49,21.95,26,10.57,32.52,47.52,70.42,23.0,0.262,0.294,0.554,0.8480000000000001,0.292,669459
FF,4-Seam Fastball,FB,128,28.89,40,39,4,10.0,1,2.5,69,8,11.59,6.25,21,16.41,22.66,25.0,19.72,14.29,0.282,0.3,0.59,0.8899999999999999,0.308,669459
FC,Cutter,FB,64,14.45,15,14,2,13.33,0,0.0,38,7,18.42,10.94,9,14.06,25.0,37.04,9.86,14.29,0.286,0.286,0.357,0.643,0.071,669459
,,,5,1.13,1,0,0,0.0,1,100.0,0,0,,0.0,0,0.0,0.0,,0.0,,,1.0,,,,669459
FF,4-Seam Fastball,FB,317,37.08,82,79,13,15.85,3,3.66,150,29,19.33,9.15,49,15.46,24.61,25.32,29.44,20.63,0.354,0.378,0.544,0.922,0.19,669461
CU,Curveball,BR,203,23.74,39,31,10,25.64,6,15.38,66,23,34.85,11.33,34,16.75,28.08,18.55,32.71,14.29,0.226,0.359,0.516,0.875,0.29,669461
SI,Sinker,FB,161,18.83,56,43,9,16.07,11,19.64,84,7,8.33,4.35,31,19.25,23.6,27.78,21.96,19.15,0.233,0.375,0.349,0.724,0.1159999999999999,669461
CH,Changeup,OS,86,10.06,20,18,0,0.0,2,10.0,40,5,12.5,5.81,9,10.47,16.28,24.49,3.27,0.0,0.278,0.35,0.389,0.739,0.1109999999999999,669461
SL,Slider,BR,84,9.82,22,21,5,22.73,1,4.55,45,10,22.22,11.9,14,16.67,28.57,39.47,12.62,18.52,0.381,0.409,0.571,0.98,0.1899999999999999,669461
,,,4,0.47,1,0,0,0.0,1,100.0,0,0,,0.0,0,0.0,0.0,,0.0,,,1.0,,,,669461
FF,4-Seam Fastball,FB,267,52.35,79,63,7,8.86,13,16.46,109,16,14.68,5.99,49,18.35,24.34,13.6,42.97,12.73,0.349,0.455,0.381,0.8360000000000001,0.032,669467
SL,Slider,BR,154,30.2,35,31,8,22.86,4,11.43,67,20,29.85,12.99,24,15.58,28.57,22.89,30.47,20.51,0.355,0.429,0.548,0.977,0.193,669467
CU,Curveball,BR,59,11.57,14,12,5,35.71,1,7.14,23,6,26.09,10.17,5,8.47,18.64,16.67,21.88,17.86,0.333,0.357,0.417,0.774,0.0839999999999999,669467
SI,Sinker,FB,20,3.92,5,5,1,20.0,0,0.0,9,2,22.22,10.0,3,15.0,25.0,11.11,2.34,33.33,0.6,0.6,0.6,1.2,0.0,669467
KC,Knuckle Curve,BR,9,1.76,2,1,0,0.0,0,0.0,3,0,0.0,0.0,2,22.22,22.22,0.0,2.34,0.0,0.0,0.5,0.0,0.5,0.0,669467
,,,1,0.2,0,0,0,,0,,0,0,,0.0,0,0.0,0.0,,0.0,,,,,,,669467
SL,Slider,BR,66,68.04,22,21,4,18.18,1,4.55,37,12,32.43,18.18,9,13.64,31.82,23.08,87.5,28.57,0.238,0.273,0.238,0.511,0.0,669618
FF,4-Seam Fastball,FB,30,30.93,8,7,0,0.0,1,12.5,11,0,0.0,0.0,9,30.0,30.0,26.67,12.5,0.0,0.286,0.375,0.429,0.804,0.143,669618
CU,Curveball,BR,1,1.03,0,0,0,,0,,0,0,,0.0,0,0.0,0.0,0.0,0.0,,,,,,,669618
FF,4-Seam Fastball,FB,231,47.93,69,63,9,13.04,5,7.25,134,19,14.18,8.23,32,13.85,22.08,35.79,45.52,13.64,0.381,0.42,0.587,1.007,0.2059999999999999,669674
CU,Curveball,BR,155,32.16,23,22,8,34.78,1,4.35,48,14,29.17,9.03,38,24.52,33.55,25.53,37.24,14.81,0.091,0.13,0.091,0.221,0.0,669674
FS,Split-Finger,OS,41,8.51,9,8,1,11.11,1,11.11,20,6,30.0,14.63,2,4.88,19.51,28.57,5.52,12.5,0.375,0.444,0.375,0.819,0.0,669674
SL,Slider,BR,27,5.6,14,13,2,14.29,1,7.14,20,3,15.0,11.11,2,7.41,18.52,53.85,10.34,13.33,0.231,0.286,0.615,0.901,0.384,669674
CH,Changeup,OS,17,3.53,5,5,0,0.0,0,0.0,9,3,33.33,17.65,0,0.0,17.65,41.67,1.38,0.0,0.0,0.0,0.0,0.0,0.0,669674
,,,11,2.28,3,0,0,0.0,3,100.0,0,0,,0.0,0,0.0,0.0,,0.0,,,1.0,,,,669674
FF,4-Seam Fastball,FB,200,37.95,63,55,14,22.22,5,7.94,97,19,19.59,9.5,28,14.0,23.5,21.36,36.84,25.0,0.382,0.443,0.564,1.007,0.1819999999999999,669684
SL,Slider,BR,155,29.41,30,27,2,6.67,2,6.67,89,16,17.98,10.32,22,14.19,24.52,33.33,20.39,6.45,0.333,0.379,0.704,1.083,0.3709999999999999,669684
CU,Curveball,BR,114,21.63,22,21,12,54.55,0,0.0,44,16,36.36,14.04,26,22.81,36.84,30.3,28.95,27.27,0.095,0.091,0.143,0.2339999999999999,0.0479999999999999,669684
CH,Changeup,OS,55,10.44,14,13,5,35.71,1,7.14,22,7,31.82,12.73,4,7.27,20.0,25.0,13.16,25.0,0.0,0.071,0.0,0.071,0.0,669684
,,,2,0.38,0,0,0,,0,,0,0,,0.0,0,0.0,0.0,,0.66,0.0,,,,,,669684
SI,Sinker,FB,1,0.19,0,0,0,,0,,0,0,,0.0,0,0.0,0.0,0.0,0.0,,,,,,,669684
SI,Sinker,FB,96,42.11,23,18,1,4.35,3,13.04,38,4,10.53,4.17,27,28.12,32.29,23.81,15.62,10.0,0.278,0.409,0.278,0.687,0.0,669711
ST,Sweeper,BR,69,30.26,15,13,1,6.67,2,13.33,23,3,13.04,4.35,13,18.84,23.19,12.5,29.69,5.26,0.385,0.467,0.692,1.159,0.3069999999999999,669711
FF,4-Seam Fastball,FB,51,22.37,14,14,9,64.29,0,0.0,29,12,41.38,23.53,4,7.84,31.37,18.18,48.44,29.03,0.143,0.143,0.357,0.5,0.214,669711
FC,Cutter,FB,9,3.95,2,1,1,50.0,1,50.0,4,1,25.0,11.11,0,0.0,11.11,20.0,4.69,0.0,0.0,0.5,0.0,0.5,0.0,669711
,,,2,0.88,0,0,0,,0,,0,0,,0.0,0,0.0,0.0,,0.0,,,,,,,669711
CH,Changeup,OS,1,0.44,0,0,0,,0,,0,0,,0.0,0,0.0,0.0,0.0,1.56,0.0,,,,,,669711
ST,Sweeper,BR,366,42.51,90,83,38,42.22,5,5.56,146,64,43.84,17.49,72,19.67,37.16,30.14,55.51,27.94,0.12,0.169,0.169,0.338,0.049,669713
SI,Sinker,FB,258,29.97,73,62,5,6.85,7,9.59,122,18,14.75,6.98,41,15.89,22.87,33.8,15.92,12.82,0.258,0.347,0.484,0.831,0.2259999999999999,669713
FF,4-Seam Fastball,FB,194,22.53,46,43,12,26.09,2,4.35,94,24,25.53,12.37,35,18.04,30.41,27.06,22.86,21.43,0.256,0.304,0.442,0.746,0.186,669713
FC,Cutter,FB,36,4.18,10,8,0,0.0,2,20.0,16,4,25.0,11.11,8,22.22,33.33,18.75,4.08,0.0,0.375,0.5,0.75,1.25,0.375,669713
CH,Changeup,OS,5,0.58,0,0,0,,0,,1,0,0.0,0.0,1,20.0,20.0,33.33,0.82,0.0,,,,,,669713
,,,2,0.23,2,2,2,100.0,0,0.0,0,0,,0.0,0,0.0,0.0,,0.82,100.0,0.0,0.0,0.0,0.0,0.0,669713
FF,4-Seam Fastball,FB,56,53.85,15,14,5,33.33,1,6.67,30,6,20.0,10.71,11,19.64,30.36,34.78,63.41,19.23,0.143,0.2,0.214,0.414,0.071,669721
SL,Slider,BR,33,31.73,4,3,0,0.0,1,25.0,14,3,21.43,9.09,5,15.15,24.24,12.5,17.07,0.0,0.0,0.25,0.0,0.25,0.0,669721
CU,Curveball,BR,14,13.46,4,3,1,25.0,1,25.0,9,2,22.22,14.29,0,0.0,14.29,54.55,17.07,14.29,0.0,0.25,0.0,0.25,0.0,669721
CH,Changeup,OS,1,0.96,0,0,0,,0,,0,0,,0.0,0,0.0,0.0,0.0,2.44,0.0,,,,,,669721
SI,Sinker,FB,39,60.94,11,11,1,9.09,0,0.0,19,0,0.0,0.0,12,30.77,30.77,50.0,44.0,9.09,0.364,0.364,0.636,1.0,0.272,669724
ST,Sweeper,BR,11,17.19,4,4,0,0.0,0,0.0,7,1,14.29,9.09,2,18.18,27.27,25.0,20.0,0.0,0.25,0.25,0.5,0.75,0.25,669724
CH,Changeup,OS,8,12.5,2,2,0,0.0,0,0.0,5,1,20.0,12.5,0,0.0,12.5,40.0,24.0,0.0,1.0,1.0,1.0,2.0,0.0,669724
SL,Slider,BR,6,9.38,0,0,0,,0,,1,0,0.0,0.0,3,50.0,50.0,0.0,12.0,0.0,,,,,,669724
SL,Slider,BR,266,50.09,71,68,30,42.25,2,2.82,133,47,35.34,17.67,52,19.55,37.22,33.08,61.88,30.3,0.206,0.229,0.309,0.538,0.103,669796
FF,4-Seam Fastball,FB,156,29.38,37,33,7,18.92,3,8.11,77,14,18.18,8.97,31,19.87,28.85,25.37,23.12,18.92,0.273,0.333,0.485,0.8180000000000001,0.2119999999999999,669796
CH,Changeup,OS,94,17.7,26,26,3,11.54,0,0.0,46,10,21.74,10.64,18,19.15,29.79,28.57,15.0,12.5,0.346,0.346,0.731,1.077,0.385,669796
,,,15,2.82,3,0,0,0.0,3,100.0,0,0,,0.0,0,0.0,0.0,,0.0,,,1.0,,,,669796
SL,Slider,BR,257,56.11,66,63,17,25.76,3,4.55,140,68,48.57,26.46,24,9.34,35.8,38.22,58.27,20.99,0.222,0.258,0.397,0.655,0.175,669854
FF,4-Seam Fastball,FB,185,40.39,51,41,9,17.65,9,17.65,91,16,17.58,8.65,25,13.51,22.16,18.89,35.25,18.37,0.39,0.51,0.707,1.217,0.3169999999999999,669854
CH,Changeup,OS,13,2.84,5,5,5,100.0,0,0.0,10,6,60.0,46.15,2,15.38,61.54,87.5,5.76,62.5,0.0,0.0,0.0,0.0,0.0,669854
CU,Curveball,BR,3,0.66,0,0,0,,0,,1,1,100.0,33.33,0,0.0,33.33,0.0,0.72,0.0,,,,,,669854
SI,Sinker,FB,39,32.77,10,6,1,10.0,4,40.0,13,2,15.38,5.13,8,20.51,25.64,8.7,21.05,12.5,0.167,0.5,0.167,0.667,0.0,669912
SL,Slider,BR,35,29.41,11,11,2,18.18,0,0.0,21,7,33.33,20.0,3,8.57,28.57,47.62,42.11,12.5,0.273,0.273,0.364,0.637,0.0909999999999999,669912
FF,4-Seam Fastball,FB,24,20.17,5,5,1,20.0,0,0.0,11,1,9.09,4.17,2,8.33,12.5,0.0,31.58,8.33,0.2,0.2,0.2,0.4,0.0,669912
CH,Changeup,OS,17,14.29,3,3,0,0.0,0,0.0,6,2,33.33,11.76,2,11.76,23.53,33.33,5.26,0.0,0.333,0.333,0.333,0.666,0.0,669912
,,,4,3.36,1,0,0,0.0,1,100.0,0,0,,0.0,0,0.0,0.0,,0.0,,,1.0,,,,669912
FF,4-Seam Fastball,FB,539,36.32,143,136,54,37.76,6,4.2,328,121,36.89,22.45,58,10.76,33.21,38.7,43.98,25.47,0.221,0.259,0.404,0.663,0.183,669923
SI,Sinker,FB,453,30.53,145,139,19,13.1,1,0.69,251,32,12.75,7.06,85,18.76,25.83,39.8,24.48,16.1,0.273,0.299,0.374,0.673,0.1009999999999999,669923
ST,Sweeper,BR,318,21.43,71,70,11,15.49,1,1.41,157,34,21.66,10.69,54,16.98,27.67,32.3,20.54,11.11,0.243,0.254,0.329,0.583,0.086,669923
KC,Knuckle Curve,BR,137,9.23,37,36,2,5.41,0,0.0,64,7,10.94,5.11,30,21.9,27.01,18.18,6.02,6.9,0.222,0.222,0.389,0.611,0.167,669923
FS,Split-Finger,OS,35,2.36,8,8,4,50.0,0,0.0,18,6,33.33,17.14,3,8.57,25.71,31.58,4.77,17.39,0.375,0.375,0.875,1.25,0.5,669923
CH,Changeup,OS,2,0.13,0,0,0,,0,,2,0,0.0,0.0,0,0.0,0.0,100.0,0.21,0.0,,,,,,669923
FF,4-Seam Fastball,FB,352,45.42,92,84,11,11.96,8,8.7,171,28,16.37,7.95,55,15.62,23.58,23.3,43.9,12.22,0.286,0.348,0.583,0.931,0.297,669947
SL,Slider,BR,309,39.87,81,78,7,8.64,3,3.7,131,27,20.61,8.74,45,14.56,23.3,24.47,35.12,9.72,0.397,0.42,0.551,0.971,0.154,669947
CU,Curveball,BR,108,13.94,28,24,9,32.14,3,10.71,53,19,35.85,17.59,16,14.81,32.41,36.76,20.98,20.93,0.292,0.357,0.708,1.065,0.416,669947
,,,4,0.52,1,0,0,0.0,1,100.0,0,0,,0.0,0,0.0,0.0,,0.0,,,1.0,,,,669947
CH,Changeup,OS,2,0.26,0,0,0,,0,,1,0,0.0,0.0,0,0.0,0.0,50.0,0.0,,,,,,,669947
SL,Slider,BR,54,45.38,14,12,4,28.57,1,7.14,31,10,32.26,18.52,10,18.52,37.04,36.0,43.24,25.0,0.25,0.286,0.417,0.703,0.1669999999999999,669952
FF,4-Seam Fastball,FB,37,31.09,7,3,0,0.0,3,42.86,13,4,30.77,10.81,5,13.51,24.32,15.79,18.92,0.0,0.667,0.714,0.667,1.381,0.0,669952
ST,Sweeper,BR,22,18.49,8,8,4,50.0,0,0.0,14,5,35.71,22.73,2,9.09,31.82,57.14,35.14,30.77,0.0,0.0,0.0,0.0,0.0,669952
CU,Curveball,BR,5,4.2,0,0,0,,0,,1,1,100.0,20.0,2,40.0,60.0,50.0,0.0,,,,,,,669952
SI,Sinker,FB,1,0.84,0,0,0,,0,,1,0,0.0,0.0,0,0.0,0.0,100.0,2.7,0.0,,,,,,669952
FA,Other,,20,80.0,5,5,0,0.0,0,0.0,7,1,14.29,5.0,6,30.0,35.0,18.18,100.0,0.0,0.6,0.6,1.2,1.7999999999999998,0.6,670032
EP,Eephus,,5,20.0,2,2,0,0.0,0,0.0,3,0,0.0,0.0,0,0.0,0.0,50.0,0.0,,0.5,0.5,0.5,1.0,0.0,670032
FF,4-Seam Fastball,FB,48,48.48,10,6,3,30.0,4,40.0,22,11,50.0,22.92,6,12.5,35.42,12.5,41.67,30.0,0.333,0.6,1.0,1.6,0.667,670036
ST,Sweeper,BR,44,44.44,11,10,4,36.36,1,9.09,16,8,50.0,18.18,5,11.36,29.55,24.14,50.0,33.33,0.1,0.182,0.1,0.282,0.0,670036
FC,Cutter,FB,7,7.07,2,1,1,50.0,1,50.0,2,1,50.0,14.29,2,28.57,42.86,0.0,8.33,50.0,0.0,0.5,0.0,0.5,0.0,670036
EP,Eephus,,16,69.57,8,8,1,12.5,0,0.0,9,1,11.11,6.25,3,18.75,25.0,28.57,100.0,25.0,0.625,0.625,1.375,2.0,0.75,670042
FA,Other,,7,30.43,4,4,0,0.0,0,0.0,4,0,0.0,0.0,2,28.57,28.57,50.0,0.0,,0.25,0.25,0.75,1.0,0.5,670042
FF,4-Seam Fastball,FB,156,42.28,38,33,4,10.53,5,13.16,65,11,16.92,7.05,34,21.79,28.85,20.29,32.61,13.33,0.333,0.421,0.424,0.845,0.0909999999999999,670046
CH,Changeup,OS,155,42.01,51,47,10,19.61,4,7.84,90,25,27.78,16.13,13,8.39,24.52,37.8,52.17,20.83,0.277,0.333,0.426,0.759,0.1489999999999999,670046
CU,Curveball,BR,33,8.94,6,6,3,50.0,0,0.0,9,3,33.33,9.09,5,15.15,24.24,9.52,7.61,42.86,0.333,0.333,0.333,0.666,0.0,670046
FC,Cutter,FB,21,5.69,5,4,1,20.0,0,0.0,9,3,33.33,14.29,0,0.0,14.29,31.25,7.61,14.29,0.25,0.4,0.25,0.65,0.0,670046
,,,3,0.81,1,0,0,0.0,1,100.0,0,0,,0.0,0,0.0,0.0,,0.0,,,1.0,,,,670046
ST,Sweeper,BR,1,0.27,0,0,0,,0,,1,0,0.0,0.0,0,0.0,0.0,,0.0,,,,,,,670046
SI,Sinker,FB,273,56.17,84,75,11,13.1,7,8.33,128,19,14.84,6.96,60,21.98,28.94,23.48,37.31,22.0,0.32,0.381,0.44,0.821,0.12,670059
ST,Sweeper,BR,169,34.77,43,39,20,46.51,4,9.3,65,27,41.54,15.98,26,15.38,31.36,24.0,55.22,27.03,0.128,0.209,0.205,0.414,0.0769999999999999,670059
FC,Cutter,FB,43,8.85,5,3,1,20.0,2,40.0,22,7,31.82,16.28,6,13.95,30.23,28.57,7.46,10.0,0.333,0.6,0.667,1.267,0.334,670059
FF,4-Seam Fastball,FB,1,0.21,0,0,0,,0,,0,0,,0.0,0,0.0,0.0,0.0,0.0,,,,,,,670059
FA,Other,,49,74.24,15,14,1,6.67,1,6.67,25,1,4.0,2.04,5,10.2,12.24,35.29,100.0,10.0,0.357,0.4,0.357,0.757,0.0,670097
EP,Eephus,,16,24.24,5,5,0,0.0,0,0.0,7,1,14.29,6.25,2,12.5,18.75,30.0,0.0,,0.8,0.8,0.8,1.6,0.0,670097
CS,Slow Curve,BR,1,1.52,1,0,0,0.0,0,0.0,0,0,,0.0,0,0.0,0.0,0.0,0.0,,,1.0,,,,670097
FF,4-Seam Fastball,FB,112,44.27,36,30,11,30.56,4,11.11,58,13,22.41,11.61,21,18.75,30.36,22.92,52.22,23.4,0.2,0.306,0.433,0.739,0.2329999999999999,670102
CU,Curveball,BR,83,32.81,16,16,10,62.5,0,0.0,41,22,53.66,26.51,11,13.25,39.76,29.17,33.33,33.33,0.062,0.062,0.062,0.124,0.0,670102
SL,Slider,BR,57,22.53,11,9,1,9.09,2,18.18,20,5,25.0,8.77,11,19.3,28.07,16.13,14.44,7.69,0.111,0.273,0.222,0.495,0.111,670102
FS,Split-Finger,OS,1,0.4,0,0,0,,0,,1,1,100.0,100.0,0,0.0,100.0,100.0,0.0,,,,,,,670102
SV,Slurve,BR,117,45.7,30,30,7,23.33,0,0.0,56,18,32.14,15.38,15,12.82,28.21,30.99,61.29,18.42,0.267,0.267,0.4,0.667,0.133,670124
FF,4-Seam Fastball,FB,106,41.41,25,18,2,8.0,7,28.0,45,9,20.0,8.49,16,15.09,23.58,18.46,35.48,9.09,0.278,0.48,0.667,1.147,0.389,670124
FC,Cutter,FB,31,12.11,10,8,0,0.0,0,0.0,18,3,16.67,9.68,5,16.13,25.81,41.67,3.23,0.0,0.5,0.4,0.625,1.025,0.125,670124
CH,Changeup,OS,2,0.78,0,0,0,,0,,0,0,,0.0,0,0.0,0.0,0.0,0.0,,,,,,,670124
FA,Other,,10,100.0,3,3,0,0.0,0,0.0,4,0,0.0,0.0,2,20.0,20.0,0.0,100.0,0.0,1.0,1.0,2.0,3.0,1.0,670156
ST,Sweeper,BR,209,41.55,46,43,11,23.91,3,6.52,86,20,23.26,9.57,34,16.27,25.84,25.0,44.24,15.07,0.186,0.239,0.302,0.5409999999999999,0.1159999999999999,670167
SI,Sinker,FB,174,34.59,49,44,13,26.53,4,8.16,83,20,24.1,11.49,42,24.14,35.63,32.88,23.64,33.33,0.25,0.327,0.432,0.759,0.182,670167
FF,4-Seam Fastball,FB,109,21.67,29,25,12,41.38,3,10.34,55,17,30.91,15.6,21,19.27,34.86,34.0,28.48,25.53,0.16,0.241,0.2,0.441,0.04,670167
CH,Changeup,OS,10,1.99,1,1,1,100.0,0,0.0,4,2,50.0,20.0,0,0.0,20.0,16.67,3.64,16.67,0.0,0.0,0.0,0.0,0.0,670167
FC,Cutter,FB,1,0.2,0,0,0,,0,,0,0,,0.0,1,100.0,100.0,,0.0,,,,,,,670167
SI,Sinker,FB,372,46.79,100,90,11,11.0,9,9.0,188,36,19.15,9.68,77,20.7,30.38,31.1,30.14,17.46,0.356,0.42,0.633,1.053,0.277,670174
FC,Cutter,FB,206,25.91,56,49,14,25.0,7,12.5,95,33,34.74,16.02,28,13.59,29.61,24.79,25.84,25.93,0.286,0.375,0.347,0.722,0.061,670174
SL,Slider,BR,178,22.39,43,40,11,25.58,3,6.98,85,31,36.47,17.42,21,11.8,29.21,29.91,33.49,15.71,0.175,0.233,0.275,0.508,0.1,670174
FF,4-Seam Fastball,FB,30,3.77,14,14,7,50.0,0,0.0,19,9,47.37,30.0,1,3.33,33.33,31.25,9.09,36.84,0.214,0.214,0.286,0.5,0.0719999999999999,670174
CH,Changeup,OS,7,0.88,3,2,1,33.33,1,33.33,2,1,50.0,14.29,0,0.0,14.29,28.57,1.44,33.33,0.0,0.333,0.0,0.333,0.0,670174
,,,2,0.25,0,0,0,,0,,0,0,,0.0,0,0.0,0.0,,0.0,,,,,,,670174
FF,4-Seam Fastball,FB,58,71.6,17,14,4,23.53,2,11.76,27,7,25.93,12.07,8,13.79,25.86,29.63,72.22,30.77,0.357,0.471,1.0,1.471,0.643,670183
SL,Slider,BR,23,28.4,4,4,0,0.0,0,0.0,7,2,28.57,8.7,5,21.74,30.43,8.33,27.78,0.0,0.5,0.5,0.75,1.25,0.25,670183
FC,Cutter,FB,60,36.59,11,7,1,9.09,3,27.27,21,9,42.86,15.0,9,15.0,30.0,17.14,18.18,12.5,0.143,0.364,0.143,0.507,0.0,670241
FF,4-Seam Fastball,FB,53,32.32,15,11,1,6.67,4,26.67,23,1,4.35,1.89,10,18.87,20.75,20.0,27.27,8.33,0.091,0.333,0.091,0.424,0.0,670241
CH,Changeup,OS,30,18.29,12,12,3,25.0,0,0.0,17,5,29.41,16.67,2,6.67,23.33,35.29,29.55,23.08,0.25,0.25,0.5,0.75,0.25,670241
SL,Slider,BR,20,12.2,3,3,0,0.0,0,0.0,8,1,12.5,5.0,1,5.0,10.0,8.33,25.0,0.0,0.0,0.0,0.0,0.0,0.0,670241
,,,1,0.61,0,0,0,,0,,0,0,,0.0,0,0.0,0.0,,0.0,,,,,,,670241
FF,4-Seam Fastball,FB,324,58.27,89,79,25,28.09,7,7.87,196,71,36.22,21.91,31,9.57,31.48,39.02,58.92,22.94,0.215,0.273,0.342,0.615,0.127,670280
CU,Curveball,BR,152,27.34,33,31,11,33.33,2,6.06,62,26,41.94,17.11,30,19.74,36.84,28.26,26.49,22.45,0.161,0.212,0.258,0.47,0.097,670280
FS,Split-Finger,OS,78,14.03,20,19,5,25.0,0,0.0,51,18,35.29,23.08,7,8.97,32.05,41.67,14.59,18.52,0.263,0.3,0.368,0.6679999999999999,0.1049999999999999,670280
SI,Sinker,FB,1,0.18,0,0,0,,0,,0,0,,0.0,0,0.0,0.0,0.0,0.0,,,,,,,670280
,,,1,0.18,0,0,0,,0,,0,0,,0.0,0,0.0,0.0,,0.0,,,,,,,670280
FF,4-Seam Fastball,FB,111,58.73,28,23,4,14.29,4,14.29,53,6,11.32,5.41,18,16.22,21.62,25.0,49.21,12.9,0.348,0.429,1.087,1.516,0.739,670329
CU,Curveball,BR,48,25.4,6,6,3,50.0,0,0.0,14,6,42.86,12.5,5,10.42,22.92,16.67,30.16,15.79,0.333,0.333,0.333,0.666,0.0,670329
CH,Changeup,OS,30,15.87,9,8,1,11.11,1,11.11,19,6,31.58,20.0,2,6.67,26.67,27.27,20.63,7.69,0.625,0.667,0.75,1.417,0.125,670329
FA,Other,,20,90.91,5,4,0,0.0,1,20.0,11,1,9.09,5.0,1,5.0,10.0,30.77,71.43,0.0,0.25,0.4,1.0,1.4,0.75,670712
EP,Eephus,,2,9.09,0,0,0,,0,,0,0,,0.0,0,0.0,0.0,0.0,28.57,0.0,,,,,,670712
ST,Sweeper,BR,42,63.64,10,9,6,60.0,1,10.0,15,9,60.0,21.43,14,33.33,54.76,35.0,72.73,37.5,0.111,0.2,0.111,0.311,0.0,670766
SI,Sinker,FB,18,27.27,6,6,1,16.67,0,0.0,9,2,22.22,11.11,3,16.67,27.78,25.0,13.64,33.33,0.5,0.5,1.0,1.5,0.5,670766
CH,Changeup,OS,3,4.55,0,0,0,,0,,3,2,66.67,66.67,0,0.0,66.67,100.0,4.55,0.0,,,,,,670766
FF,4-Seam Fastball,FB,2,3.03,1,1,0,0.0,0,0.0,1,0,0.0,0.0,0,0.0,0.0,0.0,9.09,0.0,0.0,0.0,0.0,0.0,0.0,670766
SL,Slider,BR,1,1.52,0,0,0,,0,,0,0,,0.0,0,0.0,0.0,0.0,0.0,,,,,,,670766
FF,4-Seam Fastball,FB,50,40.32,14,10,1,7.14,3,21.43,29,4,13.79,8.0,6,12.0,20.0,31.25,36.36,6.25,0.3,0.5,1.0,1.5,0.7,670810
ST,Sweeper,BR,44,35.48,7,6,2,28.57,1,14.29,16,5,31.25,11.36,8,18.18,29.55,21.21,25.0,18.18,0.5,0.571,0.667,1.238,0.167,670810
CU,Curveball,BR,18,14.52,6,6,2,33.33,0,0.0,7,2,28.57,11.11,2,11.11,22.22,0.0,18.18,25.0,0.167,0.167,0.167,0.334,0.0,670810
CH,Changeup,OS,8,6.45,2,2,1,50.0,0,0.0,3,1,33.33,12.5,0,0.0,12.5,33.33,15.91,14.29,0.0,0.0,0.0,0.0,0.0,670810
SL,Slider,BR,4,3.23,1,1,0,0.0,0,0.0,3,0,0.0,0.0,1,25.0,25.0,100.0,4.55,0.0,0.0,0.0,0.0,0.0,0.0,670810
FF,4-Seam Fastball,FB,20,68.97,4,4,1,25.0,0,0.0,8,2,25.0,10.0,3,15.0,25.0,12.5,54.55,16.67,0.25,0.25,0.5,0.75,0.25,670871
SL,Slider,BR,9,31.03,2,2,2,100.0,0,0.0,4,2,50.0,22.22,2,22.22,44.44,40.0,45.45,40.0,0.0,0.0,0.0,0.0,0.0,670871
SL,Slider,BR,560,41.12,157,143,42,26.75,13,8.28,291,108,37.11,19.29,90,16.07,35.36,33.46,47.63,24.56,0.217,0.28,0.35,0.63,0.1329999999999999,670912
FF,4-Seam Fastball,FB,523,38.4,136,111,18,13.24,15,11.03,227,33,14.54,6.31,85,16.25,22.56,22.79,35.1,14.29,0.243,0.378,0.342,0.72,0.099,670912
CU,Curveball,BR,146,10.72,43,39,6,13.95,3,6.98,86,17,19.77,11.64,12,8.22,19.86,22.03,14.21,11.76,0.179,0.238,0.308,0.546,0.129,670912
SI,Sinker,FB,108,7.93,24,23,1,4.17,0,0.0,45,4,8.89,3.7,19,17.59,21.3,23.33,1.67,16.67,0.261,0.292,0.304,0.596,0.0429999999999999,670912
CH,Changeup,OS,18,1.32,2,2,0,0.0,0,0.0,7,2,28.57,11.11,2,11.11,22.22,10.0,0.84,0.0,1.0,1.0,2.5,3.5,1.5,670912
,,,7,0.51,1,0,0,0.0,1,100.0,0,0,,0.0,0,0.0,0.0,,0.56,0.0,,1.0,,,,670912
CH,Changeup,OS,421,55.61,95,88,43,45.26,5,5.26,208,102,49.04,24.23,69,16.39,40.62,43.23,60.7,27.56,0.205,0.263,0.42,0.683,0.215,670950
FF,4-Seam Fastball,FB,328,43.33,81,70,18,22.22,10,12.35,154,31,20.13,9.45,54,16.46,25.91,27.17,37.74,18.56,0.3,0.388,0.471,0.859,0.1709999999999999,670950
SL,Slider,BR,7,0.92,2,2,2,100.0,0,0.0,3,3,100.0,42.86,1,14.29,57.14,42.86,1.56,50.0,0.0,0.0,0.0,0.0,0.0,670950
,,,1,0.13,0,0,0,,0,,0,0,,0.0,0,0.0,0.0,,0.0,,,,,,,670950
FF,4-Seam Fastball,FB,14,53.85,4,2,1,25.0,1,25.0,4,1,25.0,7.14,2,14.29,21.43,18.18,50.0,25.0,0.0,0.5,0.0,0.5,0.0,670955
CH,Changeup,OS,11,42.31,1,1,0,0.0,0,0.0,8,4,50.0,36.36,0,0.0,36.36,25.0,50.0,0.0,0.0,0.0,0.0,0.0,0.0,670955
CU,Curveball,BR,1,3.85,0,0,0,,0,,0,0,,0.0,0,0.0,0.0,0.0,0.0,,,,,,,670955
FF,4-Seam Fastball,FB,49,52.13,18,17,1,5.56,1,5.56,30,4,13.33,8.16,9,18.37,26.53,33.33,42.11,12.5,0.529,0.556,0.824,1.38,0.2949999999999999,670970
CU,Curveball,BR,18,19.15,1,1,0,0.0,0,0.0,2,0,0.0,0.0,3,16.67,16.67,0.0,0.0,,0.0,0.0,0.0,0.0,0.0,670970
CH,Changeup,OS,14,14.89,3,2,2,66.67,1,33.33,3,2,66.67,14.29,2,14.29,28.57,20.0,21.05,50.0,0.0,0.333,0.0,0.333,0.0,670970
SL,Slider,BR,10,10.64,4,3,0,0.0,1,25.0,4,0,0.0,0.0,1,10.0,10.0,0.0,31.58,0.0,0.333,0.5,0.333,0.833,0.0,670970
ST,Sweeper,BR,3,3.19,0,0,0,,0,,1,0,0.0,0.0,0,0.0,0.0,0.0,5.26,0.0,,,,,,670970
SI,Sinker,FB,315,73.43,77,62,9,11.69,9,11.69,138,23,16.67,7.3,73,23.17,30.48,29.68,53.85,11.69,0.242,0.39,0.29,0.6799999999999999,0.0479999999999999,670990
ST,Sweeper,BR,114,26.57,25,24,14,56.0,0,0.0,41,15,36.59,13.16,13,11.4,24.56,21.33,46.15,21.21,0.208,0.2,0.25,0.45,0.042,670990
FF,4-Seam Fastball,FB,786,49.84,196,164,52,26.53,28,14.29,363,69,19.01,8.78,142,18.07,26.84,23.27,52.43,20.08,0.256,0.362,0.476,0.838,0.2199999999999999,671096
CH,Changeup,OS,303,19.21,79,71,24,30.38,8,10.13,133,52,39.1,17.16,27,8.91,26.07,30.73,19.03,25.53,0.197,0.278,0.268,0.546,0.071,671096
CU,Curveball,BR,301,19.09,57,55,8,14.04,1,1.75,121,33,27.27,10.96,61,20.27,31.23,23.23,13.56,11.94,0.382,0.386,0.691,1.077,0.3089999999999999,671096
ST,Sweeper,BR,182,11.54,41,37,7,17.07,3,7.32,96,20,20.83,10.99,25,13.74,24.73,30.68,14.78,9.59,0.216,0.268,0.459,0.7270000000000001,0.243,671096
SI,Sinker,FB,3,0.19,0,0,0,,0,,3,1,33.33,33.33,0,0.0,33.33,,0.0,,,,,,,671096
PO,Pitch Out,,1,0.06,0,0,0,,0,,0,0,,0.0,0,0.0,0.0,0.0,0.0,,,,,,,671096
,,,1,0.06,1,1,1,100.0,0,0.0,0,0,,0.0,0,0.0,0.0,,0.2,100.0,0.0,0.0,0.0,0.0,0.0,671096
FF,4-Seam Fastball,FB,784,44.44,211,188,38,18.01,21,9.95,382,65,17.02,8.29,148,18.88,27.17,23.89,40.0,17.29,0.271,0.343,0.516,0.859,0.245,671106
CH,Changeup,OS,438,24.83,99,89,30,30.3,7,7.07,195,66,33.85,15.07,60,13.7,28.77,29.15,28.41,19.74,0.18,0.237,0.213,0.4499999999999999,0.033,671106
ST,Sweeper,BR,321,18.2,91,83,25,27.47,8,8.79,164,49,29.88,15.26,42,13.08,28.35,40.2,26.17,17.86,0.289,0.352,0.373,0.725,0.084,671106
FC,Cutter,FB,174,9.86,40,38,3,7.5,2,5.0,84,15,17.86,8.62,34,19.54,28.16,27.16,3.55,15.79,0.5,0.525,0.737,1.262,0.237,671106
SL,Slider,BR,46,2.61,7,7,3,42.86,0,0.0,16,7,43.75,15.22,8,17.39,32.61,20.69,1.87,30.0,0.143,0.143,0.143,0.286,0.0,671106
SI,Sinker,FB,1,0.06,0,0,0,,0,,1,0,0.0,0.0,0,0.0,0.0,,0.0,,,,,,,671106
CH,Changeup,OS,112,48.28,24,23,3,12.5,1,4.17,50,11,22.0,9.82,23,20.54,30.36,38.98,38.1,9.38,0.304,0.333,0.391,0.724,0.087,671111
FF,4-Seam Fastball,FB,85,36.64,23,19,2,8.7,4,17.39,41,4,9.76,4.71,15,17.65,22.35,18.42,40.48,5.88,0.316,0.435,0.737,1.172,0.421,671111
ST,Sweeper,BR,30,12.93,7,6,3,42.86,1,14.29,18,4,22.22,13.33,5,16.67,30.0,50.0,20.24,17.65,0.167,0.286,0.167,0.4529999999999999,0.0,671111
SL,Slider,BR,5,2.16,0,0,0,,0,,3,0,0.0,0.0,1,20.0,20.0,50.0,1.19,0.0,,,,,,671111
SL,Slider,BR,61,37.65,14,13,4,28.57,0,0.0,32,12,37.5,19.67,7,11.48,31.15,30.0,44.44,20.0,0.154,0.154,0.154,0.308,0.0,671131
FF,4-Seam Fastball,FB,47,29.01,16,14,4,25.0,1,6.25,24,5,20.83,10.64,8,17.02,27.66,16.67,37.78,23.53,0.214,0.25,0.571,0.821,0.357,671131
SI,Sinker,FB,37,22.84,9,9,0,0.0,0,0.0,17,5,29.41,13.51,9,24.32,37.84,23.08,8.89,0.0,0.222,0.222,0.333,0.555,0.111,671131
CH,Changeup,OS,14,8.64,5,5,0,0.0,0,0.0,10,0,0.0,0.0,0,0.0,0.0,50.0,6.67,0.0,0.6,0.6,1.2,1.7999999999999998,0.6,671131
CU,Curveball,BR,3,1.85,2,1,0,0.0,0,0.0,2,0,0.0,0.0,0,0.0,0.0,50.0,2.22,0.0,0.0,0.5,0.0,0.5,0.0,671131
FF,4-Seam Fastball,FB,85,54.84,19,18,6,31.58,1,5.26,42,14,33.33,16.47,14,16.47,32.94,33.33,50.0,23.08,0.056,0.105,0.111,0.216,0.055,671212
SL,Slider,BR,54,34.84,14,13,5,35.71,1,7.14,21,5,23.81,9.26,12,22.22,31.48,40.0,44.23,21.74,0.077,0.143,0.077,0.2199999999999999,0.0,671212
CU,Curveball,BR,12,7.74,2,2,0,0.0,0,0.0,4,0,0.0,0.0,5,41.67,41.67,40.0,1.92,0.0,0.0,0.0,0.0,0.0,0.0,671212
SI,Sinker,FB,4,2.58,3,3,1,33.33,0,0.0,4,1,25.0,25.0,0,0.0,25.0,100.0,3.85,50.0,0.333,0.333,1.333,1.666,1.0,671212
SI,Sinker,FB,479,75.91,140,133,27,19.29,6,4.29,248,32,12.9,6.68,108,22.55,29.23,42.65,68.02,20.15,0.218,0.252,0.241,0.493,0.0229999999999999,671345
SL,Slider,BR,142,22.5,30,29,3,10.0,1,3.33,56,13,23.21,9.15,18,12.68,21.83,17.72,28.93,5.26,0.241,0.267,0.276,0.543,0.035,671345
CH,Changeup,OS,8,1.27,1,0,0,0.0,0,0.0,2,0,0.0,0.0,0,0.0,0.0,14.29,2.54,0.0,,1.0,,,,671345
FF,4-Seam Fastball,FB,1,0.16,0,0,0,,0,,0,0,,0.0,0,0.0,0.0,0.0,0.0,,,,,,,671345
,,,1,0.16,0,0,0,,0,,0,0,,0.0,0,0.0,0.0,,0.51,0.0,,,,,,671345
FF,4-Seam Fastball,FB,391,43.3,112,98,21,18.75,13,11.61,240,38,15.83,9.72,51,13.04,22.76,36.25,43.29,16.28,0.296,0.375,0.633,1.008,0.337,671737
FC,Cutter,FB,308,34.11,70,66,12,17.14,4,5.71,149,43,28.86,13.96,44,14.29,28.25,24.66,22.15,18.18,0.333,0.371,0.682,1.053,0.349,671737
CU,Curveball,BR,156,17.28,37,34,17,45.95,2,5.41,70,16,22.86,10.26,23,14.74,25.0,28.89,27.18,20.99,0.176,0.243,0.382,0.625,0.206,671737
FS,Split-Finger,OS,47,5.2,11,11,4,36.36,0,0.0,27,7,25.93,14.89,2,4.26,19.15,21.74,7.38,18.18,0.182,0.182,0.545,0.7270000000000001,0.363,671737
SI,Sinker,FB,1,0.11,0,0,0,,0,,1,0,0.0,0.0,0,0.0,0.0,100.0,0.0,,,,,,,671737
FF,4-Seam Fastball,FB,862,40.83,179,155,42,23.46,19,10.61,404,89,22.03,10.32,132,15.31,25.64,21.71,33.68,18.5,0.277,0.36,0.51,0.87,0.2329999999999999,672282
SL,Slider,BR,620,29.37,191,172,64,33.51,17,8.9,375,130,34.67,20.97,58,9.35,30.32,41.27,38.13,24.9,0.221,0.298,0.285,0.583,0.0639999999999999,672282
CU,Curveball,BR,432,20.46,89,78,25,28.09,7,7.87,160,42,26.25,9.72,108,25.0,34.72,23.5,18.69,19.84,0.192,0.292,0.295,0.587,0.1029999999999999,672282
CH,Changeup,OS,138,6.54,35,32,7,20.0,3,8.57,68,17,25.0,12.32,12,8.7,21.01,22.67,5.49,18.92,0.25,0.314,0.438,0.752,0.188,672282
ST,Sweeper,BR,25,1.18,7,6,4,57.14,0,0.0,14,4,28.57,16.0,2,8.0,24.0,20.0,2.52,23.53,0.0,0.143,0.0,0.143,0.0,672282
SI,Sinker,FB,23,1.09,6,6,2,33.33,0,0.0,13,3,23.08,13.04,4,17.39,30.43,16.67,1.34,22.22,0.333,0.333,0.5,0.833,0.1669999999999999,672282
,,,11,0.52,3,1,1,33.33,2,66.67,0,0,,0.0,0,0.0,0.0,,0.15,100.0,0.0,0.667,0.0,0.667,0.0,672282
FF,4-Seam Fastball,FB,167,34.58,47,41,6,12.77,4,8.51,78,11,14.1,6.59,39,23.35,29.94,21.88,37.3,12.77,0.317,0.378,0.366,0.744,0.0489999999999999,672335
SI,Sinker,FB,145,30.02,42,36,2,4.76,5,11.9,68,13,19.12,8.97,20,13.79,22.76,22.22,17.46,9.09,0.361,0.452,0.361,0.813,0.0,672335
SV,Slurve,BR,112,23.19,29,25,8,27.59,2,6.9,53,13,24.53,11.61,13,11.61,23.21,33.82,30.16,21.05,0.16,0.25,0.2,0.45,0.04,672335
CU,Curveball,BR,48,9.94,18,16,4,22.22,0,0.0,26,6,23.08,12.5,7,14.58,27.08,34.62,13.49,23.53,0.375,0.389,0.75,1.139,0.375,672335
,,,11,2.28,3,0,0,0.0,3,100.0,0,0,,0.0,0,0.0,0.0,,1.59,0.0,,1.0,,,,672335
FF,4-Seam Fastball,FB,122,62.56,32,26,6,18.75,3,9.38,64,12,18.75,9.84,22,18.03,27.87,33.33,54.55,25.0,0.269,0.367,0.538,0.905,0.269,672391
ST,Sweeper,BR,63,32.31,21,20,6,28.57,1,4.76,29,11,37.93,17.46,6,9.52,26.98,36.36,43.18,31.58,0.35,0.381,0.5,0.881,0.15,672391
FC,Cutter,FB,5,2.56,2,2,1,50.0,0,0.0,2,0,0.0,0.0,1,20.0,20.0,0.0,2.27,100.0,0.0,0.0,0.0,0.0,0.0,672391
,,,5,2.56,1,0,0,0.0,1,100.0,0,0,,0.0,0,0.0,0.0,,0.0,,,1.0,,,,672391
FF,4-Seam Fastball,FB,327,53.08,81,69,13,16.05,12,14.81,176,41,23.3,12.54,47,14.37,26.91,25.87,49.77,12.15,0.319,0.42,0.594,1.014,0.2749999999999999,672578
SL,Slider,BR,244,39.61,64,59,19,29.69,3,4.69,123,50,40.65,20.49,26,10.66,31.15,35.92,42.79,20.65,0.22,0.25,0.39,0.64,0.17,672578
KC,Knuckle Curve,BR,35,5.68,8,8,2,25.0,0,0.0,17,5,29.41,14.29,7,20.0,34.29,40.91,5.12,18.18,0.25,0.25,1.0,1.25,0.75,672578
FS,Split-Finger,OS,10,1.62,3,3,1,33.33,0,0.0,4,1,25.0,10.0,1,10.0,20.0,0.0,2.33,20.0,0.333,0.333,0.667,1.0,0.334,672578
FF,4-Seam Fastball,FB,201,38.14,49,45,11,22.45,3,6.12,99,18,18.18,8.96,26,12.94,21.89,18.48,44.03,15.71,0.222,0.286,0.422,0.708,0.1999999999999999,672582
CH,Changeup,OS,136,25.81,31,28,6,19.35,3,9.68,63,20,31.75,14.71,18,13.24,27.94,32.91,21.38,17.65,0.393,0.452,0.571,1.023,0.1779999999999999,672582
SL,Slider,BR,103,19.54,29,26,6,20.69,0,0.0,62,14,22.58,13.59,6,5.83,19.42,30.61,23.27,16.22,0.346,0.414,0.692,1.106,0.346,672582
SI,Sinker,FB,87,16.51,25,24,2,8.0,0,0.0,41,1,2.44,1.15,18,20.69,21.84,21.95,11.32,11.11,0.292,0.28,0.583,0.863,0.291,672582
SL,Slider,BR,334,52.6,82,78,26,31.71,4,4.88,169,69,40.83,20.66,48,14.37,35.03,37.06,64.25,20.97,0.244,0.28,0.346,0.626,0.1019999999999999,672710
FF,4-Seam Fastball,FB,241,37.95,63,48,8,12.7,14,22.22,94,10,10.64,4.15,60,24.9,29.05,16.1,25.91,16.0,0.312,0.468,0.521,0.989,0.209,672710
CU,Curveball,BR,49,7.72,11,11,4,36.36,0,0.0,19,10,52.63,20.41,8,16.33,36.73,34.48,8.29,25.0,0.273,0.273,0.545,0.8180000000000001,0.272,672710
ST,Sweeper,BR,6,0.94,2,2,0,0.0,0,0.0,4,2,50.0,33.33,0,0.0,33.33,33.33,1.04,0.0,0.0,0.0,0.0,0.0,0.0,672710
,,,3,0.47,1,0,0,0.0,1,100.0,0,0,,0.0,0,0.0,0.0,,0.0,,,1.0,,,,672710
CH,Changeup,OS,2,0.31,1,1,0,0.0,0,0.0,1,0,0.0,0.0,0,0.0,0.0,0.0,0.52,0.0,0.0,0.0,0.0,0.0,0.0,672710
SL,Slider,BR,84,40.98,21,18,3,14.29,3,14.29,39,9,23.08,10.71,8,9.52,20.24,28.0,50.98,11.54,0.167,0.286,0.167,0.4529999999999999,0.0,672715
SI,Sinker,FB,65,31.71,18,16,2,11.11,2,11.11,27,5,18.52,7.69,13,20.0,27.69,15.15,23.53,16.67,0.125,0.222,0.125,0.347,0.0,672715
FF,4-Seam Fastball,FB,51,24.88,13,10,2,15.38,3,23.08,22,4,18.18,7.84,8,15.69,23.53,22.22,23.53,16.67,0.3,0.462,0.6,1.062,0.3,672715
CH,Changeup,OS,2,0.98,0,0,0,,0,,1,0,0.0,0.0,0,0.0,0.0,50.0,1.96,0.0,,,,,,672715
CU,Curveball,BR,2,0.98,1,1,0,0.0,0,0.0,1,0,0.0,0.0,0,0.0,0.0,0.0,0.0,,0.0,0.0,0.0,0.0,0.0,672715
,,,1,0.49,0,0,0,,0,,0,0,,0.0,0,0.0,0.0,,0.0,,,,,,,672715
SI,Sinker,FB,46,47.92,18,17,1,5.56,1,5.56,22,3,13.64,6.52,10,21.74,28.26,20.0,30.0,16.67,0.235,0.278,0.235,0.513,0.0,672730
SL,Slider,BR,30,31.25,3,3,0,0.0,0,0.0,9,3,33.33,10.0,7,23.33,33.33,13.33,25.0,0.0,0.333,0.333,0.333,0.666,0.0,672730
CH,Changeup,OS,12,12.5,4,4,1,25.0,0,0.0,7,2,28.57,16.67,0,0.0,16.67,37.5,30.0,16.67,0.25,0.25,1.0,1.25,0.75,672730
FF,4-Seam Fastball,FB,7,7.29,2,2,0,0.0,0,0.0,4,2,50.0,28.57,1,14.29,42.86,0.0,15.0,0.0,0.0,0.0,0.0,0.0,0.0,672730
,,,1,1.04,0,0,0,,0,,0,0,,0.0,0,0.0,0.0,,0.0,,,,,,,672730
FF,4-Seam Fastball,FB,7,46.67,2,2,2,100.0,0,0.0,4,2,50.0,28.57,1,14.29,42.86,75.0,50.0,100.0,0.0,0.0,0.0,0.0,0.0,672782
CU,Curveball,BR,6,40.0,2,2,0,0.0,0,0.0,3,0,0.0,0.0,1,16.67,16.67,25.0,25.0,0.0,0.5,0.5,0.5,1.0,0.0,672782
SL,Slider,BR,1,6.67,0,0,0,,0,,1,0,0.0,0.0,0,0.0,0.0,,0.0,,,,,,,672782
ST,Sweeper,BR,1,6.67,0,0,0,,0,,0,0,,0.0,0,0.0,0.0,0.0,25.0,0.0,,,,,,672782
FC,Cutter,FB,24,39.34,9,8,3,33.33,1,11.11,11,4,36.36,16.67,4,16.67,33.33,30.77,60.0,33.33,0.25,0.333,1.0,1.333,0.75,672841
FF,4-Seam Fastball,FB,23,37.7,6,4,3,50.0,1,16.67,7,2,28.57,8.7,6,26.09,34.78,18.18,40.0,50.0,0.25,0.5,0.25,0.75,0.0,672841
SI,Sinker,FB,13,21.31,1,1,0,0.0,0,0.0,6,2,33.33,15.38,3,23.08,38.46,0.0,0.0,,0.0,0.0,0.0,0.0,0.0,672841
,,,1,1.64,0,0,0,,0,,0,0,,0.0,0,0.0,0.0,,0.0,,,,,,,672841
FF,4-Seam Fastball,FB,163,36.55,34,30,9,26.47,2,5.88,77,18,23.38,11.04,32,19.63,30.67,31.17,30.94,20.93,0.267,0.333,0.333,0.666,0.066,672851
SL,Slider,BR,95,21.3,22,18,3,13.64,4,18.18,37,11,29.73,11.58,7,7.37,18.95,20.63,24.46,8.82,0.333,0.455,0.5,0.955,0.1669999999999999,672851
SI,Sinker,FB,79,17.71,24,20,0,0.0,2,8.33,46,0,0.0,0.0,14,17.72,17.72,42.5,5.76,0.0,0.3,0.375,0.45,0.825,0.15,672851
CU,Curveball,BR,68,15.25,25,20,7,28.0,4,16.0,33,8,24.24,11.76,9,13.24,25.0,30.95,24.46,20.59,0.25,0.4,0.65,1.05,0.4,672851
CH,Changeup,OS,38,8.52,6,6,4,66.67,0,0.0,18,6,33.33,15.79,2,5.26,21.05,34.62,14.39,20.0,0.0,0.0,0.0,0.0,0.0,672851
,,,3,0.67,2,0,0,0.0,2,100.0,0,0,,0.0,0,0.0,0.0,,0.0,,,1.0,,,,672851
SL,Slider,BR,15,53.57,2,2,2,100.0,0,0.0,5,4,80.0,26.67,3,20.0,46.67,22.22,85.71,33.33,0.0,0.0,0.0,0.0,0.0,672860
FF,4-Seam Fastball,FB,13,46.43,4,2,0,0.0,2,50.0,2,0,0.0,0.0,3,23.08,23.08,0.0,14.29,0.0,0.0,0.5,0.0,0.5,0.0,672860
FF,4-Seam Fastball,FB,20,60.61,4,4,1,25.0,0,0.0,7,2,28.57,10.0,4,20.0,30.0,11.11,57.14,25.0,0.25,0.25,0.5,0.75,0.25,673111
CH,Changeup,OS,10,30.3,2,2,1,50.0,0,0.0,6,2,33.33,20.0,0,0.0,20.0,33.33,28.57,50.0,0.0,0.0,0.0,0.0,0.0,673111
SL,Slider,BR,3,9.09,0,0,0,,0,,1,0,0.0,0.0,0,0.0,0.0,0.0,14.29,0.0,,,,,,673111
FF,4-Seam Fastball,FB,513,35.87,128,114,30,23.44,12,9.38,234,40,17.09,7.8,94,18.32,26.12,25.59,32.21,20.83,0.281,0.352,0.43,0.782,0.1489999999999999,673540
FO,Forkball,OS,350,24.48,93,82,59,63.44,10,10.75,162,106,65.43,30.29,22,6.29,36.57,38.15,46.31,28.5,0.098,0.204,0.171,0.375,0.073,673540
FC,Cutter,FB,317,22.17,92,80,9,9.78,11,11.96,170,38,22.35,11.99,61,19.24,31.23,33.86,9.62,20.93,0.238,0.326,0.375,0.7010000000000001,0.137,673540
SL,Slider,BR,121,8.46,25,23,5,20.0,1,4.0,55,22,40.0,18.18,11,9.09,27.27,28.0,6.94,16.13,0.217,0.25,0.217,0.4669999999999999,0.0,673540
ST,Sweeper,BR,90,6.29,16,14,1,6.25,2,12.5,33,9,27.27,10.0,18,20.0,30.0,14.58,3.36,6.67,0.429,0.5,1.143,1.643,0.714,673540
CU,Curveball,BR,36,2.52,4,3,1,25.0,0,0.0,5,1,20.0,2.78,13,36.11,38.89,5.0,1.12,20.0,0.333,0.5,1.333,1.833,1.0,673540
,,,3,0.21,1,1,1,100.0,0,0.0,0,0,,0.0,0,0.0,0.0,,0.45,50.0,0.0,0.0,0.0,0.0,0.0,673540
FF,4-Seam Fastball,FB,15,50.0,1,1,0,0.0,0,0.0,7,2,28.57,13.33,4,26.67,40.0,40.0,42.86,0.0,0.0,0.0,0.0,0.0,0.0,673858
SL,Slider,BR,11,36.67,3,3,0,0.0,0,0.0,4,0,0.0,0.0,1,9.09,9.09,14.29,28.57,0.0,0.0,0.0,0.0,0.0,0.0,673858
CU,Curveball,BR,4,13.33,3,2,0,0.0,1,33.33,2,0,0.0,0.0,0,0.0,0.0,0.0,28.57,0.0,1.0,1.0,1.5,2.5,0.5,673858
FF,4-Seam Fastball,FB,398,54.37,97,90,27,27.84,4,4.12,219,40,18.26,10.05,88,22.11,32.16,28.89,54.96,18.75,0.278,0.302,0.633,0.935,0.355,674003
CH,Changeup,OS,243,33.2,61,55,14,22.95,4,6.56,104,37,35.58,15.23,26,10.7,25.93,35.8,35.5,15.05,0.2,0.246,0.273,0.519,0.073,674003
FC,Cutter,FB,71,9.7,12,12,2,16.67,0,0.0,38,7,18.42,9.86,7,9.86,19.72,22.58,8.4,9.09,0.25,0.25,0.667,0.917,0.417,674003
SL,Slider,BR,19,2.6,3,3,0,0.0,0,0.0,10,2,20.0,10.53,2,10.53,21.05,12.5,1.15,0.0,0.333,0.333,1.333,1.666,1.0,674003
,,,1,0.14,0,0,0,,0,,0,0,,0.0,0,0.0,0.0,,0.0,,,,,,,674003
FF,4-Seam Fastball,FB,513,48.4,115,94,14,12.17,20,17.39,224,35,15.62,6.82,79,15.4,22.22,23.02,38.95,13.46,0.277,0.409,0.5,0.909,0.2229999999999999,674072
CH,Changeup,OS,259,24.43,74,71,11,14.86,2,2.7,139,45,32.37,17.37,23,8.88,26.25,40.49,26.59,15.49,0.282,0.301,0.451,0.752,0.169,674072
CU,Curveball,BR,223,21.04,77,74,19,24.68,1,1.3,118,24,20.34,10.76,37,16.59,27.35,39.66,27.34,26.03,0.216,0.247,0.311,0.558,0.095,674072
SL,Slider,BR,59,5.57,18,18,7,38.89,0,0.0,33,9,27.27,15.25,8,13.56,28.81,36.67,7.12,36.84,0.111,0.111,0.111,0.222,0.0,674072
,,,5,0.47,2,0,0,0.0,2,100.0,0,0,,0.0,0,0.0,0.0,,0.0,,,1.0,,,,674072
SI,Sinker,FB,1,0.09,0,0,0,,0,,1,0,0.0,0.0,0,0.0,0.0,,0.0,,,,,,,674072
SI,Sinker,FB,66,51.16,19,17,1,5.26,0,0.0,30,6,20.0,9.09,11,16.67,25.76,17.86,41.67,6.67,0.353,0.421,0.471,0.8919999999999999,0.118,674285
SL,Slider,BR,40,31.01,7,6,1,14.29,0,0.0,19,7,36.84,17.5,4,10.0,27.5,34.62,36.11,7.69,0.333,0.286,0.333,0.619,0.0,674285
FF,4-Seam Fastball,FB,20,15.5,6,5,1,16.67,0,0.0,6,1,16.67,5.0,5,25.0,30.0,10.0,22.22,12.5,0.2,0.333,0.2,0.533,0.0,674285
CH,Changeup,OS,3,2.33,0,0,0,,0,,0,0,,0.0,0,0.0,0.0,0.0,0.0,,,,,,,674285
SL,Slider,BR,192,40.68,54,49,9,16.67,3,5.56,102,22,21.57,11.46,30,15.62,27.08,33.33,50.0,12.0,0.224,0.278,0.286,0.5640000000000001,0.0619999999999999,674370
SI,Sinker,FB,183,38.77,44,38,5,11.36,4,9.09,65,8,12.31,4.37,55,30.05,34.43,15.19,15.33,21.74,0.263,0.364,0.342,0.706,0.079,674370
FF,4-Seam Fastball,FB,71,15.04,22,19,9,40.91,2,9.09,32,9,28.12,12.68,11,15.49,28.17,24.32,30.0,20.0,0.211,0.318,0.211,0.529,0.0,674370
FC,Cutter,FB,17,3.6,2,2,1,50.0,0,0.0,7,4,57.14,23.53,2,11.76,35.29,36.36,2.67,25.0,0.5,0.5,0.5,1.0,0.0,674370
CH,Changeup,OS,8,1.69,3,2,1,33.33,0,0.0,5,2,40.0,25.0,0,0.0,25.0,50.0,2.0,33.33,0.0,0.333,0.0,0.333,0.0,674370
,,,1,0.21,0,0,0,,0,,0,0,,0.0,0,0.0,0.0,,0.0,,,,,,,674370
FF,4-Seam Fastball,FB,55,38.73,12,8,1,8.33,4,33.33,20,4,20.0,7.27,12,21.82,29.09,15.38,33.33,10.0,0.25,0.5,0.375,0.875,0.125,674444
SL,Slider,BR,47,33.1,15,15,7,46.67,0,0.0,23,11,47.83,23.4,7,14.89,38.3,26.09,53.33,43.75,0.133,0.133,0.333,0.466,0.2,674444
SI,Sinker,FB,39,27.46,8,7,0,0.0,1,12.5,13,1,7.69,2.56,6,15.38,17.95,19.23,10.0,0.0,0.286,0.375,0.429,0.804,0.143,674444
FC,Cutter,FB,1,0.7,0,0,0,,0,,0,0,,0.0,0,0.0,0.0,0.0,3.33,0.0,,,,,,674444
FF,4-Seam Fastball,FB,34,57.63,8,8,2,25.0,0,0.0,20,4,20.0,11.76,4,11.76,23.53,33.33,50.0,25.0,0.5,0.5,1.625,2.125,1.125,674681
CH,Changeup,OS,18,30.51,5,5,0,0.0,0,0.0,8,2,25.0,11.11,2,11.11,22.22,35.71,37.5,0.0,0.2,0.2,0.2,0.4,0.0,674681
SL,Slider,BR,7,11.86,3,1,0,0.0,0,0.0,3,1,33.33,14.29,1,14.29,28.57,0.0,12.5,0.0,1.0,1.0,2.0,3.0,1.0,674681
SL,Slider,BR,356,45.58,102,98,15,14.71,3,2.94,186,43,23.12,12.08,52,14.61,26.69,28.12,48.1,14.85,0.276,0.297,0.418,0.715,0.1419999999999999,675540
FF,4-Seam Fastball,FB,351,44.94,86,78,11,12.79,7,8.14,195,42,21.54,11.97,47,13.39,25.36,26.09,38.1,13.75,0.295,0.349,0.615,0.964,0.32,675540
CU,Curveball,BR,65,8.32,26,22,5,19.23,1,3.85,38,7,18.42,10.77,9,13.85,24.62,26.92,13.33,17.86,0.318,0.346,0.545,0.891,0.227,675540
CH,Changeup,OS,4,0.51,2,2,0,0.0,0,0.0,2,0,0.0,0.0,0,0.0,0.0,33.33,0.48,0.0,0.5,0.5,2.0,2.5,1.5,675540
,,,4,0.51,1,0,0,0.0,1,100.0,0,0,,0.0,0,0.0,0.0,,0.0,,,1.0,,,,675540
PO,Pitch Out,,1,0.13,0,0,0,,0,,0,0,,0.0,0,0.0,0.0,0.0,0.0,,,,,,,675540
SL,Slider,BR,322,55.61,98,96,39,39.8,2,2.04,180,88,48.89,27.33,41,12.73,40.06,45.41,67.07,34.82,0.198,0.214,0.292,0.506,0.0939999999999999,675627
FF,4-Seam Fastball,FB,144,24.87,31,29,3,9.68,2,6.45,73,7,9.59,4.86,24,16.67,21.53,15.79,22.75,7.89,0.414,0.452,0.966,1.418,0.552,675627
KC,Knuckle Curve,BR,59,10.19,7,6,1,14.29,0,0.0,22,4,18.18,6.78,14,23.73,30.51,22.22,6.59,9.09,0.0,0.143,0.0,0.143,0.0,675627
SI,Sinker,FB,52,8.98,19,18,2,10.53,1,5.26,29,2,6.9,3.85,8,15.38,19.23,34.78,2.99,40.0,0.389,0.421,0.389,0.81,0.0,675627
FC,Cutter,FB,2,0.35,0,0,0,,0,,0,0,,0.0,0,0.0,0.0,0.0,0.6,0.0,,,,,,675627
FF,4-Seam Fastball,FB,807,57.93,194,178,53,27.32,10,5.15,475,144,30.32,17.84,124,15.37,33.21,30.14,49.9,21.9,0.258,0.316,0.489,0.8049999999999999,0.2309999999999999,675911
SL,Slider,BR,575,41.28,165,161,86,52.12,4,2.42,304,186,61.18,32.35,84,14.61,46.96,46.54,49.48,35.83,0.155,0.176,0.217,0.393,0.062,675911
CH,Changeup,OS,11,0.79,2,2,1,50.0,0,0.0,5,3,60.0,27.27,2,18.18,45.45,20.0,0.62,33.33,0.0,0.0,0.0,0.0,0.0,675911
FF,4-Seam Fastball,FB,225,51.84,63,48,19,30.16,12,19.05,111,29,26.13,12.89,29,12.89,25.78,30.47,59.06,25.33,0.208,0.349,0.438,0.7869999999999999,0.23,675916
CU,Curveball,BR,207,47.7,38,33,13,34.21,2,5.26,58,20,34.48,9.66,61,29.47,39.13,20.34,40.94,25.0,0.061,0.135,0.091,0.226,0.03,675916
PO,Pitch Out,,1,0.23,0,0,0,,0,,0,0,,0.0,0,0.0,0.0,0.0,0.0,,,,,,,675916
,,,1,0.23,0,0,0,,0,,0,0,,0.0,0,0.0,0.0,,0.0,,,,,,,675916
SL,Slider,BR,37,56.06,7,6,0,0.0,1,14.29,14,5,35.71,13.51,5,13.51,27.03,18.18,52.38,0.0,0.167,0.286,0.167,0.4529999999999999,0.0,675921
FF,4-Seam Fastball,FB,24,36.36,5,3,1,20.0,1,20.0,6,1,16.67,4.17,6,25.0,29.17,7.14,38.1,12.5,0.333,0.6,1.333,1.933,1.0,675921
CH,Changeup,OS,4,6.06,2,2,0,0.0,0,0.0,4,1,25.0,25.0,0,0.0,25.0,100.0,9.52,0.0,0.5,0.5,0.5,1.0,0.0,675921
,,,1,1.52,0,0,0,,0,,0,0,,0.0,0,0.0,0.0,,0.0,,,,,,,675921
FF,4-Seam Fastball,FB,126,50.81,29,25,5,17.24,3,10.34,59,12,20.34,9.52,24,19.05,28.57,21.31,46.27,16.13,0.36,0.429,0.44,0.869,0.08,675989
ST,Sweeper,BR,100,40.32,30,27,9,30.0,2,6.67,52,18,34.62,18.0,10,10.0,28.0,26.79,38.81,34.62,0.296,0.367,0.37,0.737,0.074,675989
CH,Changeup,OS,20,8.06,2,2,1,50.0,0,0.0,3,1,33.33,5.0,3,15.0,20.0,6.67,13.43,11.11,0.5,0.5,1.0,1.5,0.5,675989
SI,Sinker,FB,2,0.81,0,0,0,,0,,0,0,,0.0,0,0.0,0.0,0.0,1.49,0.0,,,,,,675989
SI,Sinker,FB,13,34.21,5,5,0,0.0,0,0.0,6,0,0.0,0.0,3,23.08,23.08,14.29,12.5,0.0,0.2,0.2,0.4,0.6000000000000001,0.2,676050
CH,Changeup,OS,12,31.58,4,4,1,25.0,0,0.0,8,1,12.5,8.33,1,8.33,16.67,62.5,37.5,33.33,0.25,0.25,0.25,0.5,0.0,676050
FF,4-Seam Fastball,FB,11,28.95,2,2,1,50.0,0,0.0,4,1,25.0,9.09,1,9.09,18.18,0.0,37.5,33.33,0.0,0.0,0.0,0.0,0.0,676050
FC,Cutter,FB,2,5.26,0,0,0,,0,,0,0,,0.0,1,50.0,50.0,0.0,12.5,0.0,,,,,,676050
FF,4-Seam Fastball,FB,9,34.62,3,3,1,33.33,0,0.0,6,1,16.67,11.11,0,0.0,11.11,40.0,40.0,50.0,0.333,0.333,0.667,1.0,0.334,676083
ST,Sweeper,BR,6,23.08,3,3,0,0.0,0,0.0,4,0,0.0,0.0,0,0.0,0.0,0.0,20.0,0.0,0.333,0.333,1.333,1.666,1.0,676083
SI,Sinker,FB,6,23.08,3,3,0,0.0,0,0.0,4,0,0.0,0.0,2,33.33,33.33,100.0,0.0,,0.333,0.333,0.333,0.666,0.0,676083
CU,Curveball,BR,4,15.38,1,1,0,0.0,0,0.0,4,0,0.0,0.0,0,0.0,0.0,,40.0,0.0,0.0,0.0,0.0,0.0,0.0,676083
SL,Slider,BR,1,3.85,0,0,0,,0,,0,0,,0.0,1,100.0,100.0,,0.0,,,,,,,676083
SI,Sinker,FB,136,59.91,37,31,2,5.41,6,16.22,52,6,11.54,4.41,38,27.94,32.35,23.44,48.53,6.06,0.355,0.459,0.452,0.911,0.097,676092
SL,Slider,BR,47,20.7,9,7,4,44.44,2,22.22,19,8,42.11,17.02,5,10.64,27.66,24.24,25.0,23.53,0.0,0.222,0.0,0.222,0.0,676092
ST,Sweeper,BR,40,17.62,11,11,3,27.27,0,0.0,17,4,23.53,10.0,6,15.0,25.0,34.62,22.06,20.0,0.273,0.273,0.818,1.091,0.5449999999999999,676092
FC,Cutter,FB,3,1.32,1,0,0,0.0,1,100.0,0,0,,0.0,0,0.0,0.0,0.0,4.41,0.0,,1.0,,,,676092
FF,4-Seam Fastball,FB,1,0.44,0,0,0,,0,,0,0,,0.0,0,0.0,0.0,0.0,0.0,,,,,,,676092
SI,Sinker,FB,41,37.61,13,12,1,7.69,1,7.69,21,3,14.29,7.32,7,17.07,24.39,40.0,26.83,9.09,0.25,0.308,0.5,0.808,0.25,676106
FF,4-Seam Fastball,FB,29,26.61,5,4,2,40.0,1,20.0,12,5,41.67,17.24,7,24.14,41.38,16.67,21.95,22.22,0.25,0.4,0.25,0.65,0.0,676106
SL,Slider,BR,28,25.69,7,7,1,14.29,0,0.0,14,0,0.0,0.0,3,10.71,10.71,36.84,36.59,6.67,0.143,0.143,0.143,0.286,0.0,676106
CH,Changeup,OS,11,10.09,3,3,0,0.0,0,0.0,6,2,33.33,18.18,1,9.09,27.27,50.0,14.63,0.0,0.667,0.667,0.667,1.334,0.0,676106
FF,4-Seam Fastball,FB,162,45.63,39,33,7,17.95,6,15.38,79,22,27.85,13.58,26,16.05,29.63,18.57,36.13,16.28,0.182,0.308,0.303,0.611,0.121,676130
SL,Slider,BR,93,26.2,21,19,4,19.05,2,9.52,43,16,37.21,17.2,9,9.68,26.88,23.64,24.37,13.79,0.158,0.238,0.368,0.606,0.21,676130
CH,Changeup,OS,76,21.41,20,17,5,25.0,3,15.0,41,15,36.59,19.74,3,3.95,23.68,35.29,35.29,11.9,0.412,0.5,0.471,0.971,0.059,676130
SI,Sinker,FB,13,3.66,2,2,0,0.0,0,0.0,10,0,0.0,0.0,0,0.0,0.0,57.14,1.68,0.0,0.5,0.5,0.5,1.0,0.0,676130
CU,Curveball,BR,11,3.1,4,4,0,0.0,0,0.0,5,0,0.0,0.0,2,18.18,18.18,33.33,2.52,0.0,0.25,0.25,0.25,0.5,0.0,676130
FF,4-Seam Fastball,FB,103,53.65,26,19,4,15.38,7,26.92,52,9,17.31,8.74,16,15.53,24.27,30.0,48.48,12.5,0.211,0.423,0.632,1.055,0.421,676206
SL,Slider,BR,72,37.5,11,9,3,27.27,2,18.18,28,6,21.43,8.33,8,11.11,19.44,17.39,39.39,11.54,0.222,0.364,0.889,1.253,0.667,676206
CU,Curveball,BR,14,7.29,3,3,0,0.0,0,0.0,4,1,25.0,7.14,1,7.14,14.29,18.18,9.09,0.0,0.0,0.0,0.0,0.0,0.0,676206
CH,Changeup,OS,3,1.56,2,2,1,50.0,0,0.0,2,1,50.0,33.33,0,0.0,33.33,50.0,3.03,50.0,0.0,0.0,0.0,0.0,0.0,676206
SL,Slider,BR,356,52.66,97,88,36,37.11,7,7.22,181,81,44.75,22.75,39,10.96,33.71,37.73,68.5,26.28,0.25,0.302,0.42,0.722,0.1699999999999999,676254
SI,Sinker,FB,313,46.3,68,57,13,19.12,9,13.24,118,17,14.41,5.43,95,30.35,35.78,25.0,31.0,20.97,0.351,0.439,0.439,0.878,0.088,676254
FF,4-Seam Fastball,FB,5,0.74,3,2,0,0.0,1,33.33,3,0,0.0,0.0,1,20.0,20.0,66.67,0.5,0.0,0.0,0.333,0.0,0.333,0.0,676254
,,,2,0.3,0,0,0,,0,,0,0,,0.0,0,0.0,0.0,,0.0,,,,,,,676254
FF,4-Seam Fastball,FB,205,49.88,64,52,9,14.06,8,12.5,98,18,18.37,8.78,37,18.05,26.83,21.43,44.54,16.98,0.365,0.453,0.615,1.068,0.25,676265
KC,Knuckle Curve,BR,185,45.01,42,39,13,30.95,3,7.14,90,32,35.56,17.3,34,18.38,35.68,34.78,51.26,21.31,0.231,0.286,0.308,0.594,0.0769999999999999,676265
SL,Slider,BR,21,5.11,6,5,1,16.67,1,16.67,7,1,14.29,4.76,6,28.57,33.33,30.0,4.2,20.0,0.2,0.333,0.2,0.533,0.0,676265
SI,Sinker,FB,271,30.35,85,77,8,9.41,4,4.71,154,26,16.88,9.59,48,17.71,27.31,41.6,17.52,16.67,0.273,0.329,0.403,0.732,0.13,676272
SL,Slider,BR,245,27.44,66,65,19,28.79,1,1.52,119,37,31.09,15.1,35,14.29,29.39,29.93,33.58,20.65,0.277,0.288,0.431,0.719,0.1539999999999999,676272
FF,4-Seam Fastball,FB,156,17.47,34,32,8,23.53,1,2.94,74,18,24.32,11.54,29,18.59,30.13,20.27,14.96,19.51,0.188,0.206,0.312,0.518,0.124,676272
CU,Curveball,BR,127,14.22,28,25,8,28.57,2,7.14,52,21,40.38,16.54,25,19.69,36.22,30.0,14.6,20.0,0.24,0.296,0.4,0.696,0.16,676272
CH,Changeup,OS,80,8.96,21,19,10,47.62,1,4.76,43,21,48.84,26.25,0,0.0,26.25,32.08,17.15,21.28,0.158,0.238,0.368,0.606,0.21,676272
ST,Sweeper,BR,13,1.46,4,4,1,25.0,0,0.0,4,1,25.0,7.69,3,23.08,30.77,33.33,1.82,20.0,0.5,0.5,0.75,1.25,0.25,676272
,,,1,0.11,0,0,0,,0,,0,0,,0.0,0,0.0,0.0,,0.36,0.0,,,,,,676272
FA,Other,,12,80.0,4,4,0,0.0,0,0.0,8,0,0.0,0.0,2,16.67,16.67,0.0,100.0,0.0,0.5,0.5,0.5,1.0,0.0,676391
KN,Knuckleball,,3,20.0,2,1,0,0.0,0,0.0,1,0,0.0,0.0,0,0.0,0.0,0.0,0.0,,1.0,1.0,1.0,2.0,0.0,676391
FF,4-Seam Fastball,FB,139,42.38,31,28,12,38.71,3,9.68,75,17,22.67,12.23,20,14.39,26.62,29.03,41.86,22.22,0.286,0.355,0.536,0.891,0.25,676395
CH,Changeup,OS,135,41.16,28,26,7,25.0,2,7.14,61,21,34.43,15.56,20,14.81,30.37,37.78,42.64,12.73,0.269,0.321,0.269,0.5900000000000001,0.0,676395
SL,Slider,BR,46,14.02,15,15,4,26.67,0,0.0,30,6,20.0,13.04,8,17.39,30.43,43.75,15.5,20.0,0.133,0.133,0.133,0.266,0.0,676395
,,,8,2.44,2,0,0,0.0,2,100.0,0,0,,0.0,0,0.0,0.0,,0.0,,,1.0,,,,676395
FF,4-Seam Fastball,FB,551,44.36,144,125,32,22.22,14,9.72,248,51,20.56,9.26,90,16.33,25.59,25.0,39.1,21.77,0.296,0.382,0.456,0.8380000000000001,0.16,676440
FC,Cutter,FB,481,38.73,121,115,36,29.75,4,3.31,247,87,35.22,18.09,78,16.22,34.3,37.89,42.29,22.64,0.209,0.231,0.365,0.596,0.156,676440
CH,Changeup,OS,125,10.06,31,28,7,22.58,3,9.68,58,17,29.31,13.6,24,19.2,32.8,19.3,10.64,17.5,0.214,0.29,0.393,0.683,0.179,676440
CU,Curveball,BR,82,6.6,21,20,4,19.05,1,4.76,36,9,25.0,10.98,12,14.63,25.61,28.89,7.71,13.79,0.3,0.333,0.55,0.883,0.25,676440
SI,Sinker,FB,3,0.24,0,0,0,,0,,1,0,0.0,0.0,1,33.33,33.33,0.0,0.27,0.0,,,,,,676440
FA,Other,,19,57.58,5,5,0,0.0,0,0.0,13,2,15.38,10.53,1,5.26,15.79,28.57,42.86,0.0,1.0,1.0,1.6,2.6,0.6000000000000001,676475
CH,Changeup,OS,11,33.33,4,4,1,25.0,0,0.0,7,1,14.29,9.09,0,0.0,9.09,42.86,42.86,33.33,0.5,0.5,0.5,1.0,0.0,676475
EP,Eephus,,3,9.09,2,2,0,0.0,0,0.0,3,0,0.0,0.0,0,0.0,0.0,100.0,14.29,0.0,0.5,0.5,0.5,1.0,0.0,676475
SI,Sinker,FB,335,50.6,88,80,9,10.23,7,7.95,168,26,15.48,7.76,89,26.57,34.33,26.55,35.0,11.69,0.4,0.443,0.7,1.143,0.2999999999999999,676477
ST,Sweeper,BR,183,27.64,45,42,16,35.56,0,0.0,80,39,48.75,21.31,23,12.57,33.88,34.88,32.73,22.22,0.19,0.19,0.333,0.523,0.143,676477
CH,Changeup,OS,118,17.82,37,35,9,24.32,1,2.7,67,24,35.82,20.34,11,9.32,29.66,40.3,23.18,17.65,0.286,0.297,0.429,0.726,0.143,676477
FF,4-Seam Fastball,FB,24,3.63,6,5,5,83.33,0,0.0,12,6,50.0,25.0,1,4.17,29.17,29.41,9.09,25.0,0.0,0.167,0.0,0.167,0.0,676477
SL,Slider,BR,2,0.3,0,0,0,,0,,0,0,,0.0,0,0.0,0.0,0.0,0.0,,,,,,,676477
ST,Sweeper,BR,116,35.58,32,31,11,34.38,1,3.12,70,21,30.0,18.1,13,11.21,29.31,42.86,46.22,20.0,0.226,0.25,0.419,0.669,0.1929999999999999,676534
FC,Cutter,FB,99,30.37,27,23,7,25.93,4,14.81,50,12,24.0,12.12,12,12.12,24.24,25.49,27.73,21.21,0.261,0.37,0.304,0.6739999999999999,0.0429999999999999,676534
FF,4-Seam Fastball,FB,96,29.45,15,12,1,6.67,3,20.0,34,6,17.65,6.25,26,27.08,33.33,15.22,20.17,4.17,0.417,0.533,1.083,1.616,0.6659999999999999,676534
CU,Curveball,BR,14,4.29,2,2,0,0.0,0,0.0,5,1,20.0,7.14,1,7.14,14.29,0.0,5.04,0.0,0.0,0.0,0.0,0.0,0.0,676534
,,,1,0.31,0,0,0,,0,,0,0,,0.0,0,0.0,0.0,,0.84,0.0,,,,,,676534
CH,Changeup,OS,220,37.61,77,71,5,6.49,3,3.9,117,18,15.38,8.18,21,9.55,17.73,35.38,38.89,10.2,0.352,0.364,0.507,0.871,0.155,676596
SI,Sinker,FB,218,37.26,63,53,3,4.76,10,15.87,86,6,6.98,2.75,48,22.02,24.77,16.96,24.6,9.68,0.245,0.365,0.491,0.856,0.246,676596
CU,Curveball,BR,109,18.63,24,23,3,12.5,1,4.17,52,8,15.38,7.34,21,19.27,26.61,31.48,20.63,11.54,0.391,0.417,0.565,0.982,0.1739999999999999,676596
FF,4-Seam Fastball,FB,28,4.79,6,5,1,16.67,1,16.67,10,3,30.0,10.71,1,3.57,14.29,20.0,15.87,5.0,0.0,0.167,0.0,0.167,0.0,676596
,,,10,1.71,2,0,0,0.0,2,100.0,0,0,,0.0,0,0.0,0.0,,0.0,,,1.0,,,,676596
FA,Other,,4,80.0,2,2,0,0.0,0,0.0,3,0,0.0,0.0,0,0.0,0.0,50.0,,,0.0,0.0,0.0,0.0,0.0,676632
CU,Curveball,BR,1,20.0,0,0,0,,0,,0,0,,0.0,0,0.0,0.0,0.0,,,,,,,,676632
FF,4-Seam Fastball,FB,1113,48.29,291,259,74,25.43,25,8.59,571,128,22.42,11.5,146,13.12,24.62,24.52,52.67,19.01,0.228,0.31,0.425,0.735,0.1969999999999999,676664
CH,Changeup,OS,430,18.66,116,111,10,8.62,3,2.59,210,46,21.9,10.7,57,13.26,23.95,27.63,11.39,12.05,0.279,0.304,0.441,0.745,0.1619999999999999,676664
ST,Sweeper,BR,404,17.53,102,92,28,27.45,3,2.94,218,65,29.82,16.09,73,18.07,34.16,37.36,19.34,19.15,0.185,0.255,0.478,0.733,0.293,676664
SL,Slider,BR,344,14.92,86,76,25,29.07,7,8.14,178,55,30.9,15.99,47,13.66,29.65,31.95,16.32,21.01,0.237,0.314,0.487,0.8009999999999999,0.25,676664
,,,10,0.43,2,0,0,0.0,2,100.0,0,0,,0.0,0,0.0,0.0,,0.14,0.0,,1.0,,,,676664
SI,Sinker,FB,3,0.13,0,0,0,,0,,1,0,0.0,0.0,0,0.0,0.0,33.33,0.0,,,,,,,676664
CU,Curveball,BR,1,0.04,0,0,0,,0,,1,0,0.0,0.0,0,0.0,0.0,,0.14,0.0,,,,,,676664
ST,Sweeper,BR,281,53.42,70,58,15,21.43,8,11.43,120,29,24.17,10.32,65,23.13,33.45,24.81,62.36,13.51,0.069,0.229,0.121,0.35,0.0519999999999999,676680
SI,Sinker,FB,131,24.9,33,27,4,12.12,4,12.12,62,12,19.35,9.16,19,14.5,23.66,15.62,11.24,20.0,0.259,0.344,0.259,0.603,0.0,676680
FF,4-Seam Fastball,FB,110,20.91,22,22,5,22.73,0,0.0,59,8,13.56,7.27,14,12.73,20.0,24.49,26.4,10.64,0.136,0.136,0.227,0.363,0.091,676680
CH,Changeup,OS,3,0.57,0,0,0,,0,,0,0,,0.0,0,0.0,0.0,0.0,0.0,,,,,,,676680
,,,1,0.19,1,0,0,0.0,1,100.0,0,0,,0.0,0,0.0,0.0,,0.0,,,1.0,,,,676680
FF,4-Seam Fastball,FB,217,52.54,62,57,21,33.87,5,8.06,100,26,26.0,11.98,70,32.26,44.24,37.5,58.68,29.58,0.211,0.274,0.316,0.5900000000000001,0.105,676684
SL,Slider,BR,165,39.95,43,42,10,23.26,1,2.33,75,23,30.67,13.94,17,10.3,24.24,29.13,36.36,22.73,0.19,0.209,0.214,0.423,0.0239999999999999,676684
SI,Sinker,FB,23,5.57,6,5,1,16.67,1,16.67,10,3,30.0,13.04,6,26.09,39.13,16.67,3.31,25.0,0.2,0.333,0.2,0.533,0.0,676684
CH,Changeup,OS,8,1.94,3,3,0,0.0,0,0.0,6,0,0.0,0.0,1,12.5,12.5,75.0,1.65,0.0,0.667,0.667,1.0,1.667,0.3329999999999999,676684
SL,Slider,BR,9,52.94,3,2,0,0.0,1,33.33,3,0,0.0,0.0,3,33.33,33.33,20.0,100.0,0.0,0.0,0.333,0.0,0.333,0.0,676689
FF,4-Seam Fastball,FB,7,41.18,0,0,0,,0,,0,0,,0.0,0,0.0,0.0,0.0,0.0,,,,,,,676689
,,,1,5.88,0,0,0,,0,,0,0,,0.0,0,0.0,0.0,,0.0,,,,,,,676689
EP,Eephus,,3,33.33,2,1,0,0.0,0,0.0,2,0,0.0,0.0,1,33.33,33.33,100.0,0.0,,0.0,0.0,0.0,0.0,0.0,676701
CH,Changeup,OS,2,22.22,1,1,0,0.0,0,0.0,1,0,0.0,0.0,1,50.0,50.0,0.0,0.0,,0.0,0.0,0.0,0.0,0.0,676701
CS,Slow Curve,BR,2,22.22,1,1,0,0.0,0,0.0,2,0,0.0,0.0,0,0.0,0.0,100.0,50.0,0.0,0.0,0.0,0.0,0.0,0.0,676701
FA,Other,,2,22.22,0,0,0,,0,,1,0,0.0,0.0,0,0.0,0.0,0.0,50.0,0.0,,,,,,676701
FC,Cutter,FB,45,45.0,7,5,3,42.86,2,28.57,24,8,33.33,17.78,10,22.22,40.0,40.0,34.29,25.0,0.2,0.429,0.4,0.829,0.2,676702
FF,4-Seam Fastball,FB,40,40.0,13,12,1,7.69,1,7.69,23,5,21.74,12.5,3,7.5,20.0,37.5,42.86,6.67,0.167,0.231,0.25,0.481,0.0829999999999999,676702
SL,Slider,BR,15,15.0,5,5,1,20.0,0,0.0,9,3,33.33,20.0,0,0.0,20.0,42.86,22.86,12.5,0.2,0.2,0.4,0.6000000000000001,0.2,676702
FF,4-Seam Fastball,FB,362,35.42,90,79,29,32.22,7,7.78,190,39,20.53,10.77,73,20.17,30.94,31.51,37.8,23.39,0.228,0.322,0.443,0.765,0.215,676710
FC,Cutter,FB,303,29.65,75,69,12,16.0,6,8.0,161,51,31.68,16.83,38,12.54,29.37,34.91,15.55,23.53,0.29,0.347,0.377,0.724,0.087,676710
ST,Sweeper,BR,124,12.13,35,34,15,42.86,1,2.86,74,28,37.84,22.58,5,4.03,26.61,38.46,17.68,25.86,0.176,0.2,0.294,0.494,0.118,676710
SL,Slider,BR,111,10.86,34,34,9,26.47,0,0.0,76,29,38.16,26.13,5,4.5,30.63,49.18,14.94,18.37,0.118,0.118,0.206,0.3239999999999999,0.088,676710
KC,Knuckle Curve,BR,101,9.88,25,25,3,12.0,0,0.0,48,10,20.83,9.9,18,17.82,27.72,27.66,8.84,10.34,0.4,0.4,0.68,1.08,0.28,676710
FS,Split-Finger,OS,20,1.96,9,9,3,33.33,0,0.0,12,3,25.0,15.0,1,5.0,20.0,36.36,5.18,17.65,0.0,0.0,0.0,0.0,0.0,676710
,,,1,0.1,0,0,0,,0,,0,0,,0.0,0,0.0,0.0,,0.0,,,,,,,676710
FF,4-Seam Fastball,FB,70,55.12,17,14,3,17.65,2,11.76,26,3,11.54,4.29,15,21.43,25.71,22.5,51.35,15.79,0.357,0.438,0.929,1.367,0.5720000000000001,676714
SL,Slider,BR,49,38.58,13,12,4,30.77,0,0.0,27,14,51.85,28.57,6,12.24,40.82,48.39,48.65,22.22,0.25,0.308,0.25,0.558,0.0,676714
SI,Sinker,FB,4,3.15,2,1,0,0.0,1,50.0,1,0,0.0,0.0,0,0.0,0.0,25.0,0.0,,0.0,0.5,0.0,0.5,0.0,676714
,,,4,3.15,1,0,0,0.0,1,100.0,0,0,,0.0,0,0.0,0.0,,0.0,,,1.0,,,,676714
FF,4-Seam Fastball,FB,193,48.74,44,34,13,29.55,6,13.64,90,25,27.78,12.95,38,19.69,32.64,34.31,45.38,24.07,0.176,0.326,0.235,0.5609999999999999,0.059,676760
CH,Changeup,OS,118,29.8,31,23,8,25.81,6,19.35,55,11,20.0,9.32,7,5.93,15.25,30.86,35.29,19.05,0.217,0.4,0.522,0.922,0.305,676760
ST,Sweeper,BR,83,20.96,19,17,3,15.79,0,0.0,35,9,25.71,10.84,11,13.25,24.1,29.63,19.33,13.04,0.235,0.316,0.529,0.845,0.294,676760
,,,2,0.51,0,0,0,,0,,0,0,,0.0,0,0.0,0.0,,0.0,,,,,,,676760
FS,Split-Finger,OS,176,52.54,51,46,13,25.49,2,3.92,104,39,37.5,22.16,15,8.52,30.68,34.48,62.79,24.07,0.174,0.224,0.37,0.594,0.196,676775
SI,Sinker,FB,81,24.18,35,30,2,5.71,1,2.86,47,8,17.02,9.88,11,13.58,23.46,31.03,8.14,28.57,0.233,0.314,0.367,0.681,0.1339999999999999,676775
FF,4-Seam Fastball,FB,57,17.01,17,14,6,35.29,2,11.76,22,8,36.36,14.04,15,26.32,40.35,22.58,27.91,20.83,0.214,0.312,0.429,0.741,0.215,676775
SL,Slider,BR,21,6.27,0,0,0,,0,,5,1,20.0,4.76,11,52.38,57.14,0.0,1.16,0.0,,,,,,676775
FF,4-Seam Fastball,FB,10,32.26,1,1,1,100.0,0,0.0,6,3,50.0,30.0,1,10.0,40.0,20.0,25.0,33.33,0.0,0.0,0.0,0.0,0.0,676961
ST,Sweeper,BR,8,25.81,1,1,1,100.0,0,0.0,2,1,50.0,12.5,2,25.0,37.5,16.67,25.0,33.33,0.0,0.0,0.0,0.0,0.0,676961
SI,Sinker,FB,7,22.58,1,1,1,100.0,0,0.0,4,0,0.0,0.0,1,14.29,14.29,0.0,25.0,33.33,0.0,0.0,0.0,0.0,0.0,676961
CU,Curveball,BR,5,16.13,3,2,2,66.67,1,33.33,3,3,100.0,60.0,0,0.0,60.0,33.33,25.0,66.67,0.0,0.333,0.0,0.333,0.0,676961
FC,Cutter,FB,1,3.23,0,0,0,,0,,0,0,,0.0,0,0.0,0.0,0.0,0.0,,,,,,,676961
FF,4-Seam Fastball,FB,134,67.0,29,18,5,17.24,8,27.59,57,15,26.32,11.19,16,11.94,23.13,22.37,55.88,13.16,0.222,0.429,0.5,0.929,0.278,676979
ST,Sweeper,BR,47,23.5,11,10,3,27.27,1,9.09,26,8,30.77,17.02,10,21.28,38.3,44.44,33.82,13.04,0.1,0.182,0.2,0.382,0.1,676979
CH,Changeup,OS,19,9.5,2,1,0,0.0,1,50.0,7,0,0.0,0.0,1,5.26,5.26,21.43,10.29,0.0,0.0,0.5,0.0,0.5,0.0,676979
FF,4-Seam Fastball,FB,71,62.28,15,14,2,13.33,1,6.67,43,5,11.63,7.04,8,11.27,18.31,30.77,55.26,9.52,0.429,0.467,0.714,1.181,0.285,677020
SL,Slider,BR,39,34.21,11,10,3,27.27,1,9.09,21,9,42.86,23.08,3,7.69,30.77,37.04,39.47,20.0,0.1,0.182,0.1,0.282,0.0,677020
CH,Changeup,OS,3,2.63,0,0,0,,0,,0,0,,0.0,0,0.0,0.0,0.0,2.63,0.0,,,,,,677020
SI,Sinker,FB,1,0.88,0,0,0,,0,,1,0,0.0,0.0,0,0.0,0.0,,2.63,0.0,,,,,,677020
FF,4-Seam Fastball,FB,405,65.22,105,93,23,21.9,9,8.57,225,48,21.33,11.85,54,13.33,25.19,30.27,61.64,16.08,0.247,0.327,0.312,0.639,0.065,677053
ST,Sweeper,BR,199,32.05,44,41,20,45.45,1,2.27,93,33,35.48,16.58,34,17.09,33.67,38.66,36.64,23.53,0.244,0.295,0.61,0.905,0.366,677053
CH,Changeup,OS,9,1.45,1,1,0,0.0,0,0.0,5,0,0.0,0.0,0,0.0,0.0,20.0,1.72,0.0,0.0,0.0,0.0,0.0,0.0,677053
,,,8,1.29,2,0,0,0.0,2,100.0,0,0,,0.0,0,0.0,0.0,,0.0,,,1.0,,,,677053
FF,4-Seam Fastball,FB,31,46.27,8,7,1,12.5,1,12.5,13,1,7.69,3.23,12,38.71,41.94,30.77,28.57,16.67,0.571,0.625,1.429,2.0540000000000003,0.8580000000000001,677076
CH,Changeup,OS,28,41.79,8,7,2,25.0,1,12.5,13,4,30.77,14.29,2,7.14,21.43,30.0,61.9,15.38,0.571,0.625,1.0,1.625,0.429,677076
SL,Slider,BR,6,8.96,1,1,0,0.0,0,0.0,1,0,0.0,0.0,0,0.0,0.0,0.0,9.52,0.0,0.0,0.0,0.0,0.0,0.0,677076
SI,Sinker,FB,2,2.99,0,0,0,,0,,0,0,,0.0,1,50.0,50.0,0.0,0.0,,,,,,,677076
FF,4-Seam Fastball,FB,33,53.23,13,9,0,0.0,2,15.38,13,0,0.0,0.0,7,21.21,21.21,25.0,50.0,0.0,0.333,0.5,0.556,1.056,0.223,677161
SL,Slider,BR,13,20.97,2,2,0,0.0,0,0.0,5,0,0.0,0.0,4,30.77,30.77,20.0,8.33,0.0,0.0,0.0,0.0,0.0,0.0,677161
CH,Changeup,OS,8,12.9,4,3,2,50.0,0,0.0,3,2,66.67,25.0,1,12.5,37.5,33.33,41.67,40.0,0.0,0.25,0.0,0.25,0.0,677161
FC,Cutter,FB,6,9.68,0,0,0,,0,,1,0,0.0,0.0,1,16.67,16.67,0.0,0.0,,,,,,,677161
ST,Sweeper,BR,2,3.23,0,0,0,,0,,1,1,100.0,50.0,0,0.0,50.0,50.0,0.0,,,,,,,677161
FC,Cutter,FB,137,49.28,36,34,12,33.33,2,5.56,76,35,46.05,25.55,9,6.57,32.12,39.53,56.67,23.53,0.176,0.222,0.294,0.516,0.118,677651
FF,4-Seam Fastball,FB,93,33.45,20,16,3,15.0,4,20.0,45,7,15.56,7.53,17,18.28,25.81,24.32,20.0,16.67,0.312,0.45,0.75,1.2,0.438,677651
ST,Sweeper,BR,39,14.03,9,8,3,33.33,0,0.0,16,7,43.75,17.95,5,12.82,30.77,34.62,17.78,18.75,0.0,0.111,0.0,0.111,0.0,677651
CU,Curveball,BR,5,1.8,0,0,0,,0,,2,0,0.0,0.0,0,0.0,0.0,0.0,3.33,0.0,,,,,,677651
,,,3,1.08,1,1,1,100.0,0,0.0,0,0,,0.0,0,0.0,0.0,,1.11,100.0,0.0,0.0,0.0,0.0,0.0,677651
CH,Changeup,OS,1,0.36,0,0,0,,0,,1,0,0.0,0.0,0,0.0,0.0,100.0,1.11,0.0,,,,,,677651
FC,Cutter,FB,135,45.3,35,30,3,8.57,3,8.57,66,12,18.18,8.89,18,13.33,22.22,16.13,24.0,16.67,0.367,0.429,0.567,0.996,0.1999999999999999,677865
SI,Sinker,FB,81,27.18,25,20,1,4.0,4,16.0,36,7,19.44,8.64,18,22.22,30.86,31.82,22.67,5.88,0.3,0.4,0.35,0.75,0.0499999999999999,677865
ST,Sweeper,BR,73,24.5,22,21,8,36.36,0,0.0,37,12,32.43,16.44,9,12.33,28.77,35.71,52.0,20.51,0.238,0.273,0.476,0.749,0.238,677865
,,,9,3.02,2,0,0,0.0,2,100.0,0,0,,0.0,0,0.0,0.0,,1.33,0.0,,1.0,,,,677865
FF,4-Seam Fastball,FB,112,52.83,35,34,5,14.29,1,2.86,56,7,12.5,6.25,25,22.32,28.57,10.81,47.62,16.67,0.353,0.371,0.618,0.989,0.265,677944
SL,Slider,BR,91,42.92,19,16,6,31.58,1,5.26,34,12,35.29,13.19,13,14.29,27.47,20.0,46.03,20.69,0.125,0.263,0.188,0.451,0.063,677944
CU,Curveball,BR,9,4.25,1,1,1,100.0,0,0.0,2,2,100.0,22.22,0,0.0,22.22,14.29,6.35,25.0,0.0,0.0,0.0,0.0,0.0,677944
FF,4-Seam Fastball,FB,414,51.94,87,75,15,17.24,11,12.64,165,29,17.58,7.0,77,18.6,25.6,14.87,45.38,13.89,0.333,0.419,0.587,1.006,0.2539999999999999,677960
CH,Changeup,OS,231,28.98,68,60,10,14.71,8,11.76,121,34,28.1,14.72,21,9.09,23.81,28.57,34.45,12.2,0.283,0.368,0.4,0.768,0.117,677960
ST,Sweeper,BR,129,16.19,33,27,1,3.03,3,9.09,58,10,17.24,7.75,21,16.28,24.03,25.0,18.07,2.33,0.296,0.364,0.704,1.068,0.408,677960
SI,Sinker,FB,23,2.89,5,5,2,40.0,0,0.0,9,2,22.22,8.7,8,34.78,43.48,12.5,2.1,40.0,0.4,0.4,0.6,1.0,0.1999999999999999,677960
FF,4-Seam Fastball,FB,132,47.31,46,44,7,15.22,2,4.35,75,13,17.33,9.85,20,15.15,25.0,30.91,30.88,33.33,0.341,0.37,0.75,1.12,0.409,678061
CU,Curveball,BR,120,43.01,25,23,11,44.0,2,8.0,49,28,57.14,23.33,21,17.5,40.83,30.43,51.47,31.43,0.217,0.28,0.435,0.7150000000000001,0.218,678061
FS,Split-Finger,OS,21,7.53,5,5,2,40.0,0,0.0,7,2,28.57,9.52,0,0.0,9.52,26.32,17.65,16.67,0.0,0.0,0.0,0.0,0.0,678061
,,,6,2.15,2,0,0,0.0,2,100.0,0,0,,0.0,0,0.0,0.0,,0.0,,,1.0,,,,678061
SL,Slider,BR,16,53.33,5,5,0,0.0,0,0.0,11,2,18.18,12.5,0,0.0,12.5,58.33,62.5,0.0,0.8,0.8,0.8,1.6,0.0,678226
FF,4-Seam Fastball,FB,14,46.67,3,2,0,0.0,1,33.33,7,1,14.29,7.14,1,7.14,14.29,28.57,37.5,0.0,0.5,0.667,0.5,1.167,0.0,678226
SI,Sinker,FB,648,46.79,175,155,25,14.29,16,9.14,320,62,19.38,9.57,140,21.6,31.17,31.41,34.4,16.56,0.245,0.326,0.381,0.7070000000000001,0.136,678394
CH,Changeup,OS,240,17.33,61,57,36,59.02,2,3.28,138,62,44.93,25.83,17,7.08,32.92,42.11,26.42,31.03,0.105,0.131,0.228,0.359,0.123,678394
SL,Slider,BR,200,14.44,37,35,4,10.81,2,5.41,68,14,20.59,7.0,32,16.0,23.0,15.83,13.44,6.78,0.371,0.405,0.629,1.034,0.258,678394
FF,4-Seam Fastball,FB,178,12.85,36,32,12,33.33,2,5.56,81,24,29.63,13.48,17,9.55,23.03,26.36,16.86,16.22,0.25,0.306,0.5,0.806,0.25,678394
ST,Sweeper,BR,108,7.8,31,29,11,35.48,2,6.45,49,17,34.69,15.74,16,14.81,30.56,31.75,8.2,30.56,0.172,0.226,0.207,0.433,0.035,678394
FC,Cutter,FB,9,0.65,6,6,0,0.0,0,0.0,8,1,12.5,11.11,0,0.0,11.11,75.0,0.68,0.0,0.333,0.333,1.0,1.333,0.667,678394
,,,2,0.14,0,0,0,,0,,0,0,,0.0,0,0.0,0.0,,0.0,,,,,,,678394
SI,Sinker,FB,130,38.01,30,26,3,10.0,4,13.33,54,7,12.96,5.38,29,22.31,27.69,24.19,21.21,14.29,0.269,0.367,0.385,0.752,0.1159999999999999,678606
CH,Changeup,OS,120,35.09,27,26,8,29.63,1,3.7,56,21,37.5,17.5,8,6.67,24.17,24.32,42.42,19.05,0.231,0.259,0.346,0.605,0.1149999999999999,678606
FF,4-Seam Fastball,FB,89,26.02,22,21,5,22.73,1,4.55,47,9,19.15,10.11,12,13.48,23.6,31.11,36.36,13.89,0.381,0.409,0.667,1.076,0.286,678606
,,,3,0.88,2,0,0,0.0,2,100.0,0,0,,0.0,0,0.0,0.0,,0.0,,,1.0,,,,678606
SI,Sinker,FB,51,63.75,14,12,4,28.57,1,7.14,20,3,15.0,5.88,14,27.45,33.33,17.39,36.36,50.0,0.25,0.357,0.583,0.94,0.3329999999999999,679346
SL,Slider,BR,29,36.25,8,7,4,50.0,0,0.0,13,5,38.46,17.24,3,10.34,27.59,27.78,63.64,28.57,0.143,0.25,0.143,0.393,0.0,679346
FF,4-Seam Fastball,FB,203,31.87,53,40,13,24.53,8,15.09,84,20,23.81,9.85,46,22.66,32.51,12.79,29.52,26.53,0.325,0.491,0.7,1.1909999999999998,0.3749999999999999,679525
ST,Sweeper,BR,169,26.53,48,44,20,41.67,2,4.17,78,38,48.72,22.49,21,12.43,34.91,38.39,30.12,40.0,0.227,0.277,0.523,0.8,0.296,679525
SL,Slider,BR,106,16.64,24,22,5,20.83,2,8.33,56,23,41.07,21.7,13,12.26,33.96,35.09,19.88,15.15,0.227,0.292,0.5,0.792,0.273,679525
SI,Sinker,FB,74,11.62,27,26,3,11.11,1,3.7,38,2,5.26,2.7,18,24.32,27.03,29.63,4.82,37.5,0.269,0.296,0.308,0.604,0.0389999999999999,679525
CU,Curveball,BR,50,7.85,15,15,1,6.67,0,0.0,20,4,20.0,8.0,12,24.0,32.0,26.09,10.24,5.88,0.267,0.267,0.267,0.534,0.0,679525
CH,Changeup,OS,35,5.49,11,11,2,18.18,0,0.0,18,5,27.78,14.29,2,5.71,20.0,31.82,5.42,22.22,0.091,0.091,0.364,0.4549999999999999,0.273,679525
FF,4-Seam Fastball,FB,73,59.84,20,15,3,15.0,3,15.0,26,6,23.08,8.22,14,19.18,27.4,17.5,48.15,23.08,0.333,0.5,0.533,1.033,0.2,679885
SL,Slider,BR,33,27.05,7,6,2,28.57,1,14.29,14,7,50.0,21.21,6,18.18,39.39,20.0,18.52,40.0,0.0,0.143,0.0,0.143,0.0,679885
FS,Split-Finger,OS,16,13.11,5,5,4,80.0,0,0.0,9,5,55.56,31.25,1,6.25,37.5,45.45,33.33,44.44,0.0,0.0,0.0,0.0,0.0,679885
FF,4-Seam Fastball,FB,26,44.07,7,7,0,0.0,0,0.0,14,0,0.0,0.0,4,15.38,15.38,12.5,13.33,0.0,0.429,0.429,0.571,1.0,0.1419999999999999,680232
SL,Slider,BR,17,28.81,3,3,1,33.33,0,0.0,8,2,25.0,11.76,3,17.65,29.41,33.33,46.67,14.29,0.333,0.333,0.333,0.666,0.0,680232
CH,Changeup,OS,16,27.12,7,7,0,0.0,0,0.0,8,0,0.0,0.0,0,0.0,0.0,27.27,40.0,0.0,0.143,0.143,0.143,0.286,0.0,680232
FF,4-Seam Fastball,FB,563,48.04,128,116,24,18.75,9,7.03,277,55,19.86,9.77,110,19.54,29.31,24.0,40.95,14.72,0.345,0.398,0.526,0.924,0.181,680570
ST,Sweeper,BR,289,24.66,63,59,22,34.92,3,4.76,137,48,35.04,16.61,40,13.84,30.45,30.06,24.87,22.22,0.153,0.19,0.169,0.359,0.016,680570
CH,Changeup,OS,183,15.61,73,70,26,35.62,3,4.11,120,38,31.67,20.77,17,9.29,30.05,47.78,25.88,25.24,0.2,0.233,0.286,0.519,0.0859999999999999,680570
FC,Cutter,FB,69,5.89,13,12,0,0.0,1,7.69,25,2,8.0,2.9,19,27.54,30.43,9.68,0.25,0.0,0.25,0.308,0.5,0.808,0.25,680570
CU,Curveball,BR,50,4.27,15,14,7,46.67,1,6.67,24,7,29.17,14.0,10,20.0,34.0,21.74,6.03,29.17,0.0,0.067,0.0,0.067,0.0,680570
SL,Slider,BR,18,1.54,2,1,0,0.0,1,50.0,6,1,16.67,5.56,1,5.56,11.11,21.43,2.01,0.0,1.0,1.0,4.0,5.0,3.0,680570
FF,4-Seam Fastball,FB,25,43.1,8,6,3,37.5,1,12.5,14,2,14.29,8.0,5,20.0,28.0,16.67,50.0,30.0,0.333,0.429,0.333,0.762,0.0,680573
CH,Changeup,OS,18,31.03,2,2,1,50.0,0,0.0,10,2,20.0,11.11,2,11.11,22.22,30.0,35.0,14.29,0.5,0.5,1.0,1.5,0.5,680573
SL,Slider,BR,14,24.14,2,2,0,0.0,0,0.0,4,1,25.0,7.14,1,7.14,14.29,16.67,10.0,0.0,0.5,0.5,1.0,1.5,0.5,680573
,,,1,1.72,1,0,0,0.0,1,100.0,0,0,,0.0,0,0.0,0.0,,5.0,0.0,,1.0,,,,680573
SI,Sinker,FB,444,32.48,109,94,8,7.34,15,13.76,219,26,11.87,5.86,81,18.24,24.1,24.62,28.39,7.08,0.309,0.404,0.394,0.798,0.085,680686
SL,Slider,BR,373,27.29,94,85,19,20.21,8,8.51,176,68,38.64,18.23,50,13.4,31.64,30.1,23.12,20.65,0.271,0.34,0.471,0.8109999999999999,0.1999999999999999,680686
CU,Curveball,BR,170,12.44,39,37,11,28.21,1,2.56,73,25,34.25,14.71,15,8.82,23.53,30.0,16.58,16.67,0.216,0.256,0.351,0.607,0.1349999999999999,680686
ST,Sweeper,BR,139,10.17,44,38,15,34.09,3,6.82,64,28,43.75,20.14,21,15.11,35.25,35.96,15.08,25.0,0.132,0.227,0.132,0.359,0.0,680686
FF,4-Seam Fastball,FB,137,10.02,31,25,6,19.35,3,9.68,61,14,22.95,10.22,20,14.6,24.82,20.29,8.29,18.18,0.24,0.387,0.36,0.747,0.12,680686
FC,Cutter,FB,99,7.24,32,27,5,15.62,4,12.5,54,12,22.22,12.12,10,10.1,22.22,37.04,8.54,14.71,0.296,0.375,0.741,1.116,0.445,680686
CH,Changeup,OS,5,0.37,2,1,0,0.0,0,0.0,1,0,0.0,0.0,1,20.0,20.0,0.0,0.0,,1.0,1.0,1.0,2.0,0.0,680686
FF,4-Seam Fastball,FB,39,28.47,9,5,2,22.22,4,44.44,13,6,46.15,15.38,8,20.51,35.9,10.0,29.17,14.29,0.2,0.556,0.8,1.356,0.6000000000000001,680689
CH,Changeup,OS,35,25.55,9,8,2,22.22,1,11.11,17,5,29.41,14.29,4,11.43,25.71,12.5,31.25,13.33,0.125,0.222,0.25,0.472,0.125,680689
SI,Sinker,FB,28,20.44,10,9,2,20.0,1,10.0,17,1,5.88,3.57,4,14.29,17.86,50.0,16.67,25.0,0.222,0.3,0.222,0.522,0.0,680689
SL,Slider,BR,20,14.6,3,3,1,33.33,0,0.0,7,2,28.57,10.0,0,0.0,10.0,13.33,16.67,12.5,0.333,0.333,0.333,0.666,0.0,680689
CU,Curveball,BR,15,10.95,1,1,0,0.0,0,0.0,6,0,0.0,0.0,6,40.0,40.0,20.0,6.25,0.0,0.0,0.0,0.0,0.0,0.0,680689
SL,Slider,BR,568,40.14,139,136,44,31.65,1,0.72,284,108,38.03,19.01,71,12.5,31.51,33.74,43.51,24.31,0.162,0.167,0.228,0.395,0.066,680694
SI,Sinker,FB,472,33.36,131,114,19,14.5,10,7.63,218,31,14.22,6.57,120,25.42,31.99,24.43,22.84,20.0,0.246,0.338,0.395,0.7330000000000001,0.149,680694
CU,Curveball,BR,180,12.72,56,55,21,37.5,1,1.79,93,28,30.11,15.56,29,16.11,31.67,38.78,21.39,23.6,0.109,0.125,0.127,0.252,0.018,680694
FF,4-Seam Fastball,FB,176,12.44,36,31,6,16.67,5,13.89,68,14,20.59,7.95,37,21.02,28.98,20.0,10.82,13.33,0.452,0.528,0.806,1.334,0.354,680694
CH,Changeup,OS,18,1.27,6,6,0,0.0,0,0.0,8,0,0.0,0.0,2,11.11,11.11,0.0,1.2,0.0,0.333,0.333,0.833,1.166,0.4999999999999999,680694
PO,Pitch Out,,1,0.07,0,0,0,,0,,0,0,,0.0,0,0.0,0.0,0.0,0.24,0.0,,,,,,680694
SL,Slider,BR,369,53.48,86,80,26,30.23,4,4.65,177,70,39.55,18.97,58,15.72,34.69,33.98,58.02,21.14,0.175,0.221,0.362,0.583,0.187,680704
FF,4-Seam Fastball,FB,190,27.54,44,34,19,43.18,8,18.18,91,32,35.16,16.84,32,16.84,33.68,30.68,34.43,26.03,0.206,0.349,0.412,0.7609999999999999,0.206,680704
SI,Sinker,FB,129,18.7,37,33,4,10.81,3,8.11,56,5,8.93,3.88,27,20.93,24.81,25.86,7.08,26.67,0.242,0.306,0.455,0.761,0.213,680704
PO,Pitch Out,,1,0.14,0,0,0,,0,,0,0,,0.0,0,0.0,0.0,0.0,0.0,,,,,,,680704
FS,Split-Finger,OS,1,0.14,0,0,0,,0,,1,0,0.0,0.0,0,0.0,0.0,100.0,0.47,0.0,,,,,,680704
FF,4-Seam Fastball,FB,253,43.55,58,51,16,27.59,6,10.34,121,25,20.66,9.88,59,23.32,33.2,28.72,54.37,18.39,0.294,0.368,0.49,0.858,0.196,680723
SI,Sinker,FB,138,23.75,39,34,3,7.69,5,12.82,54,7,12.96,5.07,27,19.57,24.64,10.14,11.88,15.79,0.382,0.462,0.618,1.08,0.236,680723
ST,Sweeper,BR,136,23.41,33,30,4,12.12,2,6.06,53,7,13.21,5.15,21,15.44,20.59,22.37,25.62,9.76,0.3,0.333,0.633,0.966,0.333,680723
FS,Split-Finger,OS,53,9.12,16,15,3,18.75,1,6.25,26,7,26.92,13.21,1,1.89,15.09,18.75,8.12,23.08,0.467,0.5,0.6,1.1,0.1329999999999999,680723
,,,1,0.17,1,0,0,0.0,1,100.0,0,0,,0.0,0,0.0,0.0,,0.0,,,1.0,,,,680723
FF,4-Seam Fastball,FB,174,49.43,45,35,10,22.22,7,15.56,80,26,32.5,14.94,32,18.39,33.33,21.05,44.04,20.83,0.229,0.356,0.371,0.727,0.142,680735
CH,Changeup,OS,84,23.86,20,17,2,10.0,2,10.0,35,6,17.14,7.14,9,10.71,17.86,22.22,20.18,9.09,0.176,0.25,0.176,0.426,0.0,680735
CU,Curveball,BR,74,21.02,16,15,4,25.0,1,6.25,29,6,20.69,8.11,17,22.97,31.08,23.68,29.36,12.5,0.267,0.312,0.467,0.779,0.2,680735
FC,Cutter,FB,17,4.83,8,7,2,25.0,1,12.5,11,2,18.18,11.76,2,11.76,23.53,50.0,6.42,28.57,0.429,0.5,0.857,1.357,0.428,680735
SL,Slider,BR,3,0.85,0,0,0,,0,,1,0,0.0,0.0,2,66.67,66.67,,0.0,,,,,,,680735
SL,Slider,BR,119,37.19,28,26,5,17.86,2,7.14,57,20,35.09,16.81,18,15.13,31.93,27.27,27.45,17.86,0.269,0.321,0.462,0.783,0.193,680739
FF,4-Seam Fastball,FB,77,24.06,21,18,2,9.52,3,14.29,42,3,7.14,3.9,9,11.69,15.58,25.71,25.49,7.69,0.444,0.524,1.0,1.524,0.556,680739
CH,Changeup,OS,63,19.69,18,15,6,33.33,3,16.67,37,12,32.43,19.05,5,7.94,26.98,40.0,28.43,20.69,0.2,0.333,0.333,0.666,0.133,680739
SI,Sinker,FB,33,10.31,15,14,1,6.67,1,6.67,21,1,4.76,3.03,3,9.09,12.12,46.67,5.88,16.67,0.286,0.333,0.286,0.619,0.0,680739
CU,Curveball,BR,17,5.31,1,1,0,0.0,0,0.0,5,0,0.0,0.0,4,23.53,23.53,20.0,3.92,0.0,0.0,0.0,0.0,0.0,0.0,680739
ST,Sweeper,BR,11,3.44,2,2,1,50.0,0,0.0,3,1,33.33,9.09,0,0.0,9.09,20.0,8.82,11.11,0.0,0.0,0.0,0.0,0.0,680739
SL,Slider,BR,16,48.48,1,1,0,0.0,0,0.0,8,3,37.5,18.75,2,12.5,31.25,14.29,33.33,0.0,1.0,1.0,1.0,2.0,0.0,680742
FF,4-Seam Fastball,FB,14,42.42,6,6,1,16.67,0,0.0,9,2,22.22,14.29,1,7.14,21.43,20.0,58.33,14.29,0.333,0.333,0.833,1.166,0.4999999999999999,680742
SI,Sinker,FB,2,6.06,1,1,0,0.0,0,0.0,2,0,0.0,0.0,0,0.0,0.0,100.0,8.33,0.0,0.0,0.0,0.0,0.0,0.0,680742
CU,Curveball,BR,1,3.03,1,1,0,0.0,0,0.0,1,0,0.0,0.0,0,0.0,0.0,,0.0,,1.0,1.0,1.0,2.0,0.0,680742
FF,4-Seam Fastball,FB,86,75.44,23,20,5,21.74,3,13.04,39,10,25.64,11.63,12,13.95,25.58,17.07,72.22,19.23,0.35,0.435,0.4,0.835,0.05,680767
SL,Slider,BR,19,16.67,3,3,1,33.33,0,0.0,10,3,30.0,15.79,5,26.32,42.11,25.0,13.89,20.0,0.333,0.333,0.333,0.666,0.0,680767
CH,Changeup,OS,9,7.89,1,1,1,100.0,0,0.0,4,1,25.0,11.11,0,0.0,11.11,37.5,13.89,20.0,0.0,0.0,0.0,0.0,0.0,680767
CU,Curveball,BR,9,56.25,0,0,0,,0,,3,2,66.67,22.22,3,33.33,55.56,40.0,60.0,0.0,,,,,,680983
SI,Sinker,FB,7,43.75,4,2,0,0.0,1,25.0,3,0,0.0,0.0,0,0.0,0.0,0.0,40.0,0.0,0.5,0.667,0.5,1.167,0.0,680983
SI,Sinker,FB,122,33.52,29,24,5,17.24,4,13.79,59,5,8.47,4.1,27,22.13,26.23,22.73,15.75,25.0,0.208,0.345,0.375,0.72,0.167,681190
FF,4-Seam Fastball,FB,87,23.9,20,18,7,35.0,2,10.0,45,7,15.56,8.05,15,17.24,25.29,43.18,33.86,16.28,0.167,0.25,0.222,0.472,0.0549999999999999,681190
ST,Sweeper,BR,62,17.03,15,13,3,20.0,2,13.33,28,8,28.57,12.9,4,6.45,19.35,33.33,24.41,9.68,0.308,0.4,0.385,0.785,0.077,681190
FC,Cutter,FB,41,11.26,12,10,2,16.67,2,16.67,18,5,27.78,12.2,8,19.51,31.71,32.0,6.3,25.0,0.3,0.417,0.4,0.817,0.1,681190
CU,Curveball,BR,38,10.44,8,7,4,50.0,0,0.0,14,7,50.0,18.42,9,23.68,42.11,38.46,12.6,25.0,0.143,0.25,0.143,0.393,0.0,681190
CH,Changeup,OS,14,3.85,2,2,2,100.0,0,0.0,7,2,28.57,14.29,1,7.14,21.43,40.0,7.09,22.22,0.0,0.0,0.0,0.0,0.0,681190
SI,Sinker,FB,123,26.8,35,31,2,5.71,3,8.57,53,8,15.09,6.5,33,26.83,33.33,25.49,8.57,16.67,0.355,0.429,0.484,0.913,0.129,681217
ST,Sweeper,BR,117,25.49,27,25,7,25.93,2,7.41,46,21,45.65,17.95,21,17.95,35.9,24.24,27.86,17.95,0.16,0.222,0.28,0.502,0.12,681217
FF,4-Seam Fastball,FB,111,24.18,23,17,8,34.78,6,26.09,44,11,25.0,9.91,17,15.32,25.23,21.31,24.29,23.53,0.294,0.478,0.824,1.302,0.53,681217
FS,Split-Finger,OS,44,9.59,16,16,10,62.5,0,0.0,26,10,38.46,22.73,2,4.55,27.27,46.67,26.43,27.03,0.125,0.125,0.125,0.25,0.0,681217
FC,Cutter,FB,39,8.5,9,8,3,33.33,1,11.11,21,9,42.86,23.08,2,5.13,28.21,31.82,7.14,30.0,0.125,0.222,0.125,0.347,0.0,681217
SL,Slider,BR,18,3.92,6,6,1,16.67,0,0.0,13,2,15.38,11.11,1,5.56,16.67,42.86,5.0,14.29,0.167,0.167,0.667,0.8340000000000001,0.5,681217
CU,Curveball,BR,6,1.31,1,1,0,0.0,0,0.0,1,0,0.0,0.0,2,33.33,33.33,25.0,0.71,0.0,0.0,0.0,0.0,0.0,0.0,681217
,,,1,0.22,1,0,0,0.0,1,100.0,0,0,,0.0,0,0.0,0.0,,0.0,,,1.0,,,,681217
SL,Slider,BR,116,50.66,27,24,3,11.11,2,7.41,54,14,25.93,12.07,16,13.79,25.86,28.99,50.0,8.33,0.417,0.462,0.5,0.962,0.083,681402
FF,4-Seam Fastball,FB,112,48.91,34,27,5,14.71,6,17.65,47,6,12.77,5.36,27,24.11,29.46,18.37,48.61,14.29,0.185,0.333,0.222,0.555,0.037,681402
CH,Changeup,OS,1,0.44,1,1,1,100.0,0,0.0,1,1,100.0,100.0,0,0.0,100.0,100.0,1.39,100.0,0.0,0.0,0.0,0.0,0.0,681402
FF,4-Seam Fastball,FB,54,65.85,12,10,5,41.67,2,16.67,19,7,36.84,12.96,12,22.22,35.19,0.0,50.0,38.46,0.3,0.417,0.4,0.817,0.1,681432
ST,Sweeper,BR,27,32.93,7,5,3,42.86,1,14.29,9,6,66.67,22.22,4,14.81,37.04,33.33,50.0,23.08,0.2,0.429,0.2,0.629,0.0,681432
,,,1,1.22,0,0,0,,0,,0,0,,0.0,0,0.0,0.0,,0.0,,,,,,,681432
FF,4-Seam Fastball,FB,22,44.0,7,2,1,14.29,4,57.14,6,2,33.33,9.09,4,18.18,27.27,0.0,62.5,20.0,0.5,0.857,1.5,2.357,1.0,681517
SL,Slider,BR,14,28.0,2,2,0,0.0,0,0.0,4,1,25.0,7.14,4,28.57,35.71,0.0,0.0,,1.0,1.0,2.5,3.5,1.5,681517
ST,Sweeper,BR,11,22.0,3,3,1,33.33,0,0.0,6,3,50.0,27.27,0,0.0,27.27,28.57,25.0,50.0,0.0,0.0,0.0,0.0,0.0,681517
CU,Curveball,BR,3,6.0,1,1,0,0.0,0,0.0,1,0,0.0,0.0,1,33.33,33.33,0.0,12.5,0.0,0.0,0.0,0.0,0.0,0.0,681517
FA,Other,,1,100.0,1,1,0,0.0,0,0.0,1,0,0.0,0.0,0,0.0,0.0,,,,0.0,0.0,0.0,0.0,0.0,681584
FF,4-Seam Fastball,FB,139,36.68,31,24,5,16.13,6,19.35,67,19,28.36,13.67,11,7.91,21.58,22.78,41.18,10.2,0.208,0.355,0.583,0.938,0.375,681806
ST,Sweeper,BR,134,35.36,34,31,7,20.59,1,2.94,63,17,26.98,12.69,21,15.67,28.36,27.94,38.66,15.22,0.032,0.088,0.032,0.12,0.0,681806
FC,Cutter,FB,99,26.12,27,25,5,18.52,2,7.41,46,12,26.09,12.12,21,21.21,33.33,18.42,14.29,29.41,0.2,0.259,0.36,0.619,0.1599999999999999,681806
CH,Changeup,OS,6,1.58,2,2,0,0.0,0,0.0,3,0,0.0,0.0,0,0.0,0.0,0.0,5.04,0.0,0.5,0.5,1.0,1.5,0.5,681806
SI,Sinker,FB,1,0.26,0,0,0,,0,,0,0,,0.0,0,0.0,0.0,0.0,0.84,0.0,,,,,,681806
FA,Other,,36,78.26,13,13,0,0.0,0,0.0,18,1,5.56,2.78,6,16.67,19.44,31.25,57.14,0.0,0.385,0.385,0.692,1.077,0.3069999999999999,681807
EP,Eephus,,10,21.74,2,2,0,0.0,0,0.0,5,0,0.0,0.0,1,10.0,10.0,50.0,42.86,0.0,0.0,0.0,0.0,0.0,0.0,681807
ST,Sweeper,BR,7,63.64,1,1,0,0.0,0,0.0,2,1,50.0,14.29,0,0.0,14.29,16.67,75.0,0.0,1.0,1.0,2.0,3.0,1.0,681808
FF,4-Seam Fastball,FB,3,27.27,0,0,0,,0,,2,0,0.0,0.0,1,33.33,33.33,,0.0,,,,,,,681808
CH,Changeup,OS,1,9.09,1,1,1,100.0,0,0.0,1,1,100.0,100.0,0,0.0,100.0,100.0,25.0,100.0,0.0,0.0,0.0,0.0,0.0,681808
ST,Sweeper,BR,12,66.67,3,3,1,33.33,0,0.0,4,0,0.0,0.0,2,16.67,16.67,0.0,100.0,33.33,0.0,0.0,0.0,0.0,0.0,681810
FC,Cutter,FB,4,22.22,1,1,0,0.0,0,0.0,2,1,50.0,25.0,1,25.0,50.0,0.0,0.0,,1.0,1.0,4.0,5.0,3.0,681810
SI,Sinker,FB,2,11.11,1,1,0,0.0,0,0.0,1,0,0.0,0.0,1,50.0,50.0,,0.0,,1.0,1.0,1.0,2.0,0.0,681810
SI,Sinker,FB,326,35.59,93,86,8,8.6,6,6.45,158,18,11.39,5.52,72,22.09,27.61,22.69,24.2,11.76,0.267,0.323,0.326,0.649,0.059,681857
SL,Slider,BR,323,35.26,80,79,27,33.75,1,1.25,164,75,45.73,23.22,48,14.86,38.08,41.71,39.5,24.32,0.228,0.238,0.456,0.694,0.228,681857
FF,4-Seam Fastball,FB,145,15.83,35,33,11,31.43,2,5.71,57,12,21.05,8.28,33,22.76,31.03,20.9,19.22,20.37,0.091,0.143,0.364,0.507,0.273,681857
CH,Changeup,OS,100,10.92,19,19,5,26.32,0,0.0,55,21,38.18,21.0,4,4.0,25.0,43.48,13.17,13.51,0.158,0.158,0.316,0.474,0.158,681857
CU,Curveball,BR,21,2.29,4,4,2,50.0,0,0.0,9,3,33.33,14.29,1,4.76,19.05,26.67,3.91,18.18,0.0,0.0,0.0,0.0,0.0,681857
,,,1,0.11,1,0,0,0.0,1,100.0,0,0,,0.0,0,0.0,0.0,,0.0,,,1.0,,,,681857
SI,Sinker,FB,127,37.91,33,31,5,15.15,0,0.0,66,8,12.12,6.3,26,20.47,26.77,30.43,28.16,17.24,0.419,0.424,0.71,1.134,0.291,681867
ST,Sweeper,BR,115,34.33,32,29,13,40.62,2,6.25,56,17,30.36,14.78,17,14.78,29.57,35.94,62.14,20.31,0.207,0.281,0.345,0.626,0.1379999999999999,681867
FC,Cutter,FB,57,17.01,16,15,0,0.0,1,6.25,21,2,9.52,3.51,17,29.82,33.33,13.04,1.94,0.0,0.2,0.25,0.2,0.45,0.0,681867
SL,Slider,BR,28,8.36,5,5,1,20.0,0,0.0,11,4,36.36,14.29,8,28.57,42.86,17.65,3.88,25.0,0.2,0.2,0.2,0.4,0.0,681867
CH,Changeup,OS,8,2.39,4,4,2,50.0,0,0.0,4,2,50.0,25.0,1,12.5,37.5,42.86,3.88,50.0,0.0,0.0,0.0,0.0,0.0,681867
FF,4-Seam Fastball,FB,27,39.71,8,5,1,12.5,2,25.0,15,7,46.67,25.93,6,22.22,48.15,27.27,40.91,11.11,0.4,0.5,0.6,1.1,0.1999999999999999,681869
ST,Sweeper,BR,16,23.53,4,4,1,25.0,0,0.0,9,2,22.22,12.5,1,6.25,18.75,14.29,9.09,50.0,0.25,0.25,0.25,0.5,0.0,681869
FC,Cutter,FB,14,20.59,2,2,1,50.0,0,0.0,7,3,42.86,21.43,0,0.0,21.43,30.0,27.27,16.67,0.0,0.0,0.0,0.0,0.0,681869
CH,Changeup,OS,7,10.29,3,3,1,33.33,0,0.0,6,1,16.67,14.29,0,0.0,14.29,75.0,22.73,20.0,0.333,0.333,0.333,0.666,0.0,681869
CU,Curveball,BR,4,5.88,0,0,0,,0,,0,0,,0.0,1,25.0,25.0,0.0,0.0,,,,,,,681869
SI,Sinker,FB,133,51.55,34,27,2,5.88,6,17.65,47,6,12.77,4.51,33,24.81,29.32,15.15,32.14,11.11,0.333,0.455,0.444,0.899,0.1109999999999999,681882
SL,Slider,BR,98,37.98,22,18,5,22.73,4,18.18,37,14,37.84,14.29,16,16.33,30.61,23.81,33.93,26.32,0.222,0.364,0.389,0.753,0.167,681882
KC,Knuckle Curve,BR,26,10.08,13,12,7,53.85,1,7.69,14,7,50.0,26.92,3,11.54,38.46,47.06,33.93,36.84,0.167,0.231,0.167,0.398,0.0,681882
,,,1,0.39,0,0,0,,0,,0,0,,0.0,0,0.0,0.0,,0.0,,,,,,,681882
FC,Cutter,FB,74,59.2,18,13,5,27.78,4,22.22,33,13,39.39,17.57,16,21.62,39.19,32.43,45.45,25.0,0.231,0.444,0.308,0.752,0.0769999999999999,681892
ST,Sweeper,BR,30,24.0,8,8,7,87.5,0,0.0,15,8,53.33,26.67,6,20.0,46.67,40.0,47.73,33.33,0.0,0.0,0.0,0.0,0.0,681892
SI,Sinker,FB,15,12.0,3,3,1,33.33,0,0.0,5,0,0.0,0.0,4,26.67,26.67,0.0,2.27,100.0,0.0,0.0,0.0,0.0,0.0,681892
CH,Changeup,OS,6,4.8,1,1,0,0.0,0,0.0,3,0,0.0,0.0,0,0.0,0.0,0.0,4.55,0.0,0.0,0.0,0.0,0.0,0.0,681892
FF,4-Seam Fastball,FB,345,69.0,86,81,23,26.74,5,5.81,190,50,26.32,14.49,54,15.65,30.14,30.0,69.18,20.91,0.259,0.302,0.457,0.759,0.198,681911
SL,Slider,BR,128,25.6,33,29,10,30.3,3,9.09,48,11,22.92,8.59,17,13.28,21.88,21.25,27.67,22.73,0.241,0.333,0.414,0.747,0.173,681911
,,,13,2.6,3,0,0,0.0,3,100.0,0,0,,0.0,0,0.0,0.0,,0.0,,,1.0,,,,681911
CH,Changeup,OS,12,2.4,2,2,0,0.0,0,0.0,4,2,50.0,16.67,1,8.33,25.0,0.0,2.52,0.0,0.0,0.0,0.0,0.0,0.0,681911
SI,Sinker,FB,2,0.4,0,0,0,,0,,1,1,100.0,50.0,0,0.0,50.0,50.0,0.63,0.0,,,,,,681911
SL,Slider,BR,241,58.92,58,53,9,15.52,5,8.62,114,25,21.93,10.37,42,17.43,27.8,31.58,54.39,14.52,0.283,0.345,0.358,0.703,0.075,681982
SI,Sinker,FB,148,36.19,41,36,8,19.51,2,4.88,62,7,11.29,4.73,44,29.73,34.46,25.0,33.33,18.42,0.25,0.275,0.361,0.636,0.1109999999999999,681982
FF,4-Seam Fastball,FB,19,4.65,6,5,3,50.0,0,0.0,10,4,40.0,21.05,0,0.0,21.05,10.0,11.4,23.08,0.0,0.167,0.0,0.167,0.0,681982
CH,Changeup,OS,1,0.24,0,0,0,,0,,0,0,,0.0,0,0.0,0.0,0.0,0.88,0.0,,,,,,681982
FA,Other,,7,63.64,1,1,1,100.0,0,0.0,3,2,66.67,28.57,1,14.29,42.86,40.0,50.0,50.0,0.0,0.0,0.0,0.0,0.0,681987
SL,Slider,BR,3,27.27,1,1,0,0.0,0,0.0,2,0,0.0,0.0,0,0.0,0.0,50.0,50.0,0.0,1.0,1.0,1.0,2.0,0.0,681987
CH,Changeup,OS,1,9.09,0,0,0,,0,,1,0,0.0,0.0,0,0.0,0.0,,0.0,,,,,,,681987
SL,Slider,BR,134,56.07,41,37,9,21.95,4,9.76,64,18,28.12,13.43,20,14.93,28.36,23.19,66.67,21.43,0.351,0.415,0.405,0.8200000000000001,0.054,682010
FF,4-Seam Fastball,FB,104,43.51,22,17,5,22.73,3,13.64,47,13,27.66,12.5,16,15.38,27.88,27.12,33.33,23.81,0.294,0.381,0.294,0.675,0.0,682010
SI,Sinker,FB,1,0.42,0,0,0,,0,,0,0,,0.0,0,0.0,0.0,,0.0,,,,,,,682010
SL,Slider,BR,70,39.55,25,22,5,20.0,2,8.0,28,5,17.86,7.14,18,25.71,32.86,13.33,37.21,31.25,0.273,0.32,0.5,0.8200000000000001,0.2269999999999999,682051
FF,4-Seam Fastball,FB,64,36.16,12,9,3,25.0,3,25.0,20,4,20.0,6.25,13,20.31,26.56,8.57,25.58,27.27,0.222,0.417,0.667,1.084,0.445,682051
SI,Sinker,FB,34,19.21,9,8,3,33.33,0,0.0,18,3,16.67,8.82,8,23.53,32.35,27.27,25.58,27.27,0.25,0.333,0.625,0.958,0.375,682051
CH,Changeup,OS,4,2.26,0,0,0,,0,,2,1,50.0,25.0,0,0.0,25.0,0.0,6.98,0.0,,,,,,682051
KC,Knuckle Curve,BR,4,2.26,1,1,0,0.0,0,0.0,2,0,0.0,0.0,0,0.0,0.0,33.33,4.65,0.0,0.0,0.0,0.0,0.0,0.0,682051
,,,1,0.56,0,0,0,,0,,0,0,,0.0,0,0.0,0.0,,0.0,,,,,,,682051
FF,4-Seam Fastball,FB,63,45.32,15,14,2,13.33,1,6.67,30,6,20.0,9.52,10,15.87,25.4,29.03,39.53,11.76,0.357,0.4,0.643,1.043,0.286,682052
SL,Slider,BR,38,27.34,10,8,4,40.0,1,10.0,24,11,45.83,28.95,3,7.89,36.84,54.17,37.21,25.0,0.125,0.3,0.25,0.55,0.125,682052
CH,Changeup,OS,32,23.02,12,12,1,8.33,0,0.0,17,2,11.76,6.25,2,6.25,12.5,31.58,20.93,11.11,0.333,0.333,0.417,0.75,0.0839999999999999,682052
SI,Sinker,FB,5,3.6,1,1,0,0.0,0,0.0,3,1,33.33,20.0,2,40.0,60.0,100.0,2.33,0.0,0.0,0.0,0.0,0.0,0.0,682052
,,,1,0.72,0,0,0,,0,,0,0,,0.0,0,0.0,0.0,,0.0,,,,,,,682052
FF,4-Seam Fastball,FB,138,44.37,34,31,4,11.76,1,2.94,65,8,12.31,5.8,20,14.49,20.29,19.7,32.98,12.9,0.355,0.412,0.516,0.928,0.161,682120
SL,Slider,BR,123,39.55,25,19,10,40.0,5,20.0,65,23,35.38,18.7,16,13.01,31.71,36.92,34.04,28.12,0.158,0.32,0.368,0.688,0.21,682120
CU,Curveball,BR,39,12.54,13,13,4,30.77,0,0.0,20,5,25.0,12.82,4,10.26,23.08,34.78,28.72,14.81,0.385,0.385,0.385,0.77,0.0,682120
SI,Sinker,FB,10,3.22,2,2,0,0.0,0,0.0,5,1,20.0,10.0,2,20.0,30.0,25.0,3.19,0.0,0.5,0.5,0.5,1.0,0.0,682120
,,,1,0.32,0,0,0,,0,,0,0,,0.0,0,0.0,0.0,,1.06,0.0,,,,,,682120
ST,Sweeper,BR,90,63.38,22,19,9,40.91,2,9.09,40,19,47.5,21.11,16,17.78,38.89,38.71,71.11,28.12,0.053,0.143,0.053,0.1959999999999999,0.0,682171
FF,4-Seam Fastball,FB,44,30.99,10,9,4,40.0,1,10.0,20,7,35.0,15.91,12,27.27,43.18,15.38,22.22,40.0,0.222,0.3,0.333,0.633,0.111,682171
SI,Sinker,FB,7,4.93,3,2,0,0.0,1,33.33,5,0,0.0,0.0,1,14.29,14.29,66.67,6.67,0.0,0.5,0.667,0.5,1.167,0.0,682171
,,,1,0.7,0,0,0,,0,,0,0,,0.0,0,0.0,0.0,,0.0,,,,,,,682171
SI,Sinker,FB,179,64.16,62,54,8,12.9,7,11.29,78,7,8.97,3.91,35,19.55,23.46,21.51,62.5,20.0,0.241,0.323,0.278,0.601,0.037,682175
ST,Sweeper,BR,77,27.6,13,8,3,23.08,0,0.0,19,8,42.11,10.39,20,25.97,36.36,12.77,26.56,17.65,0.5,0.692,0.875,1.567,0.375,682175
FF,4-Seam Fastball,FB,9,3.23,2,2,1,50.0,0,0.0,4,2,50.0,22.22,1,11.11,33.33,20.0,7.81,20.0,0.0,0.0,0.0,0.0,0.0,682175
CH,Changeup,OS,8,2.87,1,1,0,0.0,0,0.0,2,0,0.0,0.0,1,12.5,12.5,16.67,3.12,0.0,1.0,1.0,1.0,2.0,0.0,682175
,,,6,2.15,2,0,0,0.0,2,100.0,0,0,,0.0,0,0.0,0.0,,0.0,,,1.0,,,,682175
FF,4-Seam Fastball,FB,586,36.72,152,136,26,17.11,15,9.87,271,47,17.34,8.02,107,18.26,26.28,23.4,38.75,13.98,0.279,0.351,0.471,0.822,0.1919999999999999,682227
FC,Cutter,FB,486,30.45,115,106,23,20.0,8,6.96,238,42,17.65,8.64,108,22.22,30.86,24.34,22.92,20.91,0.245,0.298,0.434,0.732,0.189,682227
CH,Changeup,OS,308,19.3,86,78,22,25.58,7,8.14,147,59,40.14,19.16,23,7.47,26.62,29.32,20.62,22.22,0.179,0.256,0.397,0.653,0.218,682227
CU,Curveball,BR,103,6.45,12,12,1,8.33,0,0.0,23,4,17.39,3.88,27,26.21,30.1,11.67,4.79,4.35,0.25,0.25,0.333,0.583,0.083,682227
ST,Sweeper,BR,100,6.27,34,33,10,29.41,1,2.94,61,12,19.67,12.0,4,4.0,16.0,46.15,11.88,17.54,0.273,0.294,0.576,0.8699999999999999,0.3029999999999999,682227
SL,Slider,BR,11,0.69,3,3,1,33.33,0,0.0,9,2,22.22,18.18,0,0.0,18.18,50.0,1.04,20.0,0.0,0.0,0.0,0.0,0.0,682227
SI,Sinker,FB,1,0.06,0,0,0,,0,,0,0,,0.0,0,0.0,0.0,0.0,0.0,,,,,,,682227
,,,1,0.06,0,0,0,,0,,0,0,,0.0,0,0.0,0.0,,0.0,,,,,,,682227
FF,4-Seam Fastball,FB,641,58.17,154,145,54,35.06,8,5.19,379,120,31.66,18.72,85,13.26,31.98,36.33,62.54,24.32,0.186,0.234,0.303,0.537,0.1169999999999999,682243
SL,Slider,BR,208,18.87,55,54,12,21.82,1,1.82,105,18,17.14,8.65,31,14.9,23.56,22.11,18.87,17.91,0.148,0.164,0.222,0.386,0.074,682243
SI,Sinker,FB,125,11.34,41,39,2,4.88,1,2.44,65,3,4.62,2.4,20,16.0,18.4,21.57,10.14,5.56,0.256,0.293,0.333,0.626,0.077,682243
ST,Sweeper,BR,110,9.98,29,29,3,10.34,0,0.0,45,7,15.56,6.36,23,20.91,27.27,18.97,7.32,11.54,0.276,0.276,0.483,0.759,0.2069999999999999,682243
CH,Changeup,OS,10,0.91,1,1,0,0.0,0,0.0,3,2,66.67,20.0,2,20.0,40.0,0.0,0.85,0.0,0.0,0.0,0.0,0.0,0.0,682243
FC,Cutter,FB,4,0.36,1,1,1,100.0,0,0.0,1,0,0.0,0.0,1,25.0,25.0,33.33,0.28,100.0,0.0,0.0,0.0,0.0,0.0,682243
CU,Curveball,BR,4,0.36,1,1,0,0.0,0,0.0,2,0,0.0,0.0,0,0.0,0.0,33.33,0.0,,1.0,1.0,2.0,3.0,1.0,682243
SI,Sinker,FB,183,57.37,53,40,11,20.75,12,22.64,70,17,24.29,9.29,45,24.59,33.88,13.41,35.63,35.48,0.175,0.358,0.2,0.558,0.025,682842
SL,Slider,BR,117,36.68,19,18,14,73.68,1,5.26,43,29,67.44,24.79,16,13.68,38.46,32.97,44.83,35.9,0.056,0.105,0.056,0.161,0.0,682842
FF,4-Seam Fastball,FB,18,5.64,6,6,2,33.33,0,0.0,7,1,14.29,5.56,2,11.11,16.67,16.67,19.54,11.76,0.167,0.167,0.167,0.334,0.0,682842
,,,1,0.31,0,0,0,,0,,0,0,,0.0,0,0.0,0.0,,0.0,,,,,,,682842
SI,Sinker,FB,353,42.63,90,79,5,5.56,8,8.89,160,25,15.62,7.08,79,22.38,29.46,25.15,11.48,20.83,0.291,0.356,0.329,0.685,0.038,682847
SL,Slider,BR,291,35.14,80,72,15,18.75,6,7.5,135,38,28.15,13.06,38,13.06,26.12,33.33,50.72,14.15,0.25,0.312,0.458,0.77,0.208,682847
FF,4-Seam Fastball,FB,137,16.55,42,32,10,23.81,10,23.81,64,12,18.75,8.76,15,10.95,19.71,14.93,30.62,15.62,0.219,0.405,0.375,0.78,0.156,682847
CH,Changeup,OS,46,5.56,11,11,6,54.55,0,0.0,18,9,50.0,19.57,3,6.52,26.09,22.58,7.18,40.0,0.091,0.091,0.091,0.182,0.0,682847
PO,Pitch Out,,1,0.12,0,0,0,,0,,0,0,,0.0,0,0.0,0.0,0.0,0.0,,,,,,,682847
FF,4-Seam Fastball,FB,46,51.69,14,10,1,7.14,3,21.43,18,3,16.67,6.52,4,8.7,15.22,8.0,50.0,10.0,0.3,0.5,0.3,0.8,0.0,682967
SL,Slider,BR,30,33.71,3,3,0,0.0,0,0.0,16,6,37.5,20.0,2,6.67,26.67,35.29,25.0,0.0,1.0,1.0,1.0,2.0,0.0,682967
CH,Changeup,OS,13,14.61,7,5,1,14.29,2,28.57,5,1,20.0,7.69,2,15.38,23.08,16.67,25.0,20.0,0.2,0.429,0.8,1.229,0.6000000000000001,682967
SI,Sinker,FB,27,67.5,8,7,1,12.5,1,12.5,10,2,20.0,7.41,7,25.93,33.33,31.25,77.78,14.29,0.571,0.625,0.571,1.196,0.0,682989
SL,Slider,BR,6,15.0,2,1,1,50.0,0,0.0,4,1,25.0,16.67,0,0.0,16.67,33.33,22.22,50.0,0.0,0.0,0.0,0.0,0.0,682989
CU,Curveball,BR,5,12.5,0,0,0,,0,,0,0,,0.0,3,60.0,60.0,0.0,0.0,,,,,,,682989
FF,4-Seam Fastball,FB,2,5.0,0,0,0,,0,,0,0,,0.0,1,50.0,50.0,0.0,0.0,,,,,,,682989
SI,Sinker,FB,239,52.88,65,57,6,9.23,7,10.77,106,12,11.32,5.02,53,22.18,27.2,22.22,34.43,14.29,0.228,0.323,0.263,0.5860000000000001,0.035,682990
SL,Slider,BR,142,31.42,37,32,12,32.43,3,8.11,64,29,45.31,20.42,19,13.38,33.8,38.04,36.89,26.67,0.312,0.361,0.719,1.08,0.407,682990
CU,Curveball,BR,29,6.42,5,3,0,0.0,2,40.0,12,1,8.33,3.45,3,10.34,13.79,22.22,15.57,0.0,0.0,0.4,0.0,0.4,0.0,682990
CH,Changeup,OS,26,5.75,5,5,3,60.0,0,0.0,9,3,33.33,11.54,2,7.69,19.23,16.67,9.02,27.27,0.0,0.0,0.0,0.0,0.0,682990
FF,4-Seam Fastball,FB,16,3.54,7,7,1,14.29,0,0.0,9,1,11.11,6.25,2,12.5,18.75,25.0,4.1,20.0,0.429,0.429,1.143,1.572,0.714,682990
FF,4-Seam Fastball,FB,42,55.26,12,10,0,0.0,0,0.0,27,6,22.22,14.29,4,9.52,23.81,50.0,55.0,0.0,0.3,0.417,0.7,1.117,0.3999999999999999,683155
SL,Slider,BR,14,18.42,4,4,1,25.0,0,0.0,6,1,16.67,7.14,4,28.57,35.71,33.33,20.0,25.0,0.0,0.0,0.0,0.0,0.0,683155
ST,Sweeper,BR,8,10.53,4,4,2,50.0,0,0.0,4,2,50.0,25.0,2,25.0,50.0,33.33,20.0,50.0,0.25,0.25,0.25,0.5,0.0,683155
CH,Changeup,OS,6,7.89,0,0,0,,0,,2,0,0.0,0.0,1,16.67,16.67,0.0,5.0,0.0,,,,,,683155
FC,Cutter,FB,6,7.89,1,1,0,0.0,0,0.0,4,2,50.0,33.33,0,0.0,33.33,60.0,0.0,,1.0,1.0,2.0,3.0,1.0,683155
FF,4-Seam Fastball,FB,86,58.5,28,24,3,10.71,4,14.29,40,5,12.5,5.81,9,10.47,16.28,19.05,44.83,23.08,0.292,0.393,0.792,1.185,0.5,683175
ST,Sweeper,BR,56,38.1,14,14,5,35.71,0,0.0,29,14,48.28,25.0,8,14.29,39.29,40.0,51.72,33.33,0.143,0.143,0.143,0.286,0.0,683175
CU,Curveball,BR,5,3.4,0,0,0,,0,,0,0,,0.0,1,20.0,20.0,0.0,3.45,0.0,,,,,,683175
FF,4-Seam Fastball,FB,107,57.22,21,15,2,9.52,6,28.57,48,5,10.42,4.67,14,13.08,17.76,19.3,40.0,9.09,0.333,0.524,0.667,1.191,0.334,683232
SL,Slider,BR,51,27.27,13,11,4,30.77,2,15.38,20,11,55.0,21.57,10,19.61,41.18,34.29,34.55,21.05,0.182,0.308,0.364,0.6719999999999999,0.182,683232
CU,Curveball,BR,29,15.51,9,8,5,55.56,1,11.11,11,4,36.36,13.79,7,24.14,37.93,9.09,25.45,35.71,0.125,0.222,0.25,0.472,0.125,683232
SL,Slider,BR,135,43.97,38,36,5,13.16,1,2.63,74,12,16.22,8.89,21,15.56,24.44,25.49,39.81,11.63,0.25,0.263,0.5,0.763,0.25,683769
FF,4-Seam Fastball,FB,109,35.5,27,24,3,11.11,3,11.11,64,12,18.75,11.01,16,14.68,25.69,37.78,28.7,9.68,0.375,0.444,0.542,0.986,0.167,683769
CH,Changeup,OS,39,12.7,12,12,5,41.67,0,0.0,21,5,23.81,12.82,6,15.38,28.21,23.53,21.3,21.74,0.167,0.167,0.667,0.8340000000000001,0.5,683769
CU,Curveball,BR,12,3.91,1,1,1,100.0,0,0.0,2,2,100.0,16.67,1,8.33,25.0,10.0,4.63,20.0,0.0,0.0,0.0,0.0,0.0,683769
FC,Cutter,FB,11,3.58,5,4,2,40.0,1,20.0,8,3,37.5,27.27,1,9.09,36.36,66.67,5.56,33.33,0.5,0.6,0.5,1.1,0.0,683769
,,,1,0.33,0,0,0,,0,,0,0,,0.0,0,0.0,0.0,,0.0,,,,,,,683769
FF,4-Seam Fastball,FB,24,52.17,5,4,0,0.0,1,20.0,11,0,0.0,0.0,3,12.5,12.5,18.18,52.94,0.0,0.25,0.4,0.75,1.15,0.5,685107
CH,Changeup,OS,20,43.48,4,3,0,0.0,1,25.0,9,3,33.33,15.0,1,5.0,20.0,23.08,47.06,0.0,0.333,0.5,0.667,1.167,0.334,685107
SL,Slider,BR,2,4.35,0,0,0,,0,,0,0,,0.0,0,0.0,0.0,0.0,0.0,,,,,,,685107
SI,Sinker,FB,61,64.89,20,18,0,0.0,2,10.0,36,9,25.0,14.75,7,11.48,26.23,48.39,36.84,0.0,0.222,0.3,0.222,0.522,0.0,685314
CU,Curveball,BR,29,30.85,6,6,4,66.67,0,0.0,15,7,46.67,24.14,2,6.9,31.03,42.86,63.16,33.33,0.333,0.333,0.333,0.666,0.0,685314
,,,4,4.26,1,0,0,0.0,1,100.0,0,0,,0.0,0,0.0,0.0,,0.0,,,1.0,,,,685314
FC,Cutter,FB,149,48.53,40,37,12,30.0,3,7.5,82,27,32.93,18.12,14,9.4,27.52,34.12,57.14,23.08,0.189,0.25,0.216,0.4659999999999999,0.0269999999999999,685410
FF,4-Seam Fastball,FB,139,45.28,40,35,4,10.0,5,12.5,66,12,18.18,8.63,20,14.39,23.02,21.54,36.26,12.12,0.343,0.425,0.6,1.025,0.2569999999999999,685410
CU,Curveball,BR,19,6.19,2,2,1,50.0,0,0.0,9,3,33.33,15.79,7,36.84,52.63,42.86,6.59,16.67,0.5,0.5,0.5,1.0,0.0,685410
FF,4-Seam Fastball,FB,266,54.18,68,60,9,13.24,6,8.82,159,31,19.5,11.65,29,10.9,22.56,34.48,41.18,14.29,0.267,0.324,0.567,0.891,0.2999999999999999,686218
SL,Slider,BR,163,33.2,37,34,12,32.43,2,5.41,84,38,45.24,23.31,18,11.04,34.36,43.64,32.68,24.0,0.206,0.25,0.294,0.544,0.088,686218
CH,Changeup,OS,32,6.52,10,10,7,70.0,0,0.0,15,9,60.0,28.12,4,12.5,40.62,35.0,13.73,33.33,0.1,0.1,0.1,0.2,0.0,686218
ST,Sweeper,BR,30,6.11,10,10,5,50.0,0,0.0,14,6,42.86,20.0,3,10.0,30.0,30.0,12.42,26.32,0.1,0.1,0.2,0.3,0.1,686218
FF,4-Seam Fastball,FB,167,57.99,41,39,2,4.88,0,0.0,85,7,8.24,4.19,38,22.75,26.95,31.94,55.06,4.08,0.436,0.439,0.821,1.26,0.3849999999999999,686294
SL,Slider,BR,105,36.46,23,20,6,26.09,2,8.7,48,27,56.25,25.71,12,11.43,37.14,32.84,38.2,17.65,0.3,0.348,0.5,0.848,0.2,686294
FC,Cutter,FB,13,4.51,3,3,1,33.33,0,0.0,7,1,14.29,7.69,1,7.69,15.38,44.44,6.74,16.67,0.333,0.333,0.333,0.666,0.0,686294
,,,2,0.69,0,0,0,,0,,0,0,,0.0,0,0.0,0.0,,0.0,,,,,,,686294
CH,Changeup,OS,1,0.35,0,0,0,,0,,0,0,,0.0,0,0.0,0.0,0.0,0.0,,,,,,,686294
SL,Slider,BR,51,45.95,12,11,5,41.67,1,8.33,27,10,37.04,19.61,11,21.57,41.18,50.0,45.95,29.41,0.0,0.083,0.0,0.083,0.0,686539
SI,Sinker,FB,49,44.14,11,6,1,9.09,3,27.27,16,1,6.25,2.04,6,12.24,14.29,17.24,40.54,6.67,0.167,0.545,0.167,0.7120000000000001,0.0,686539
ST,Sweeper,BR,9,8.11,3,3,0,0.0,0,0.0,6,0,0.0,0.0,0,0.0,0.0,40.0,13.51,0.0,0.333,0.333,1.333,1.666,1.0,686539
FF,4-Seam Fastball,FB,2,1.8,1,1,0,0.0,0,0.0,2,1,50.0,50.0,0,0.0,50.0,100.0,0.0,,0.0,0.0,0.0,0.0,0.0,686539
FF,4-Seam Fastball,FB,1096,54.18,270,226,41,15.19,38,14.07,544,99,18.2,9.03,137,12.5,21.53,23.82,52.85,12.65,0.27,0.375,0.469,0.844,0.1989999999999999,686610
ST,Sweeper,BR,463,22.89,123,110,47,38.21,9,7.32,211,66,31.28,14.25,92,19.87,34.13,29.74,30.83,24.87,0.218,0.301,0.409,0.71,0.1909999999999999,686610
CH,Changeup,OS,416,20.56,108,100,17,15.74,5,4.63,212,80,37.74,19.23,40,9.62,28.85,36.57,15.17,18.28,0.34,0.364,0.51,0.874,0.1699999999999999,686610
CU,Curveball,BR,42,2.08,5,5,0,0.0,0,0.0,7,0,0.0,0.0,8,19.05,19.05,3.57,0.98,0.0,0.2,0.2,0.2,0.4,0.0,686610
,,,5,0.25,2,1,1,50.0,1,50.0,0,0,,0.0,0,0.0,0.0,,0.16,100.0,0.0,0.5,0.0,0.5,0.0,686610
SI,Sinker,FB,1,0.05,0,0,0,,0,,0,0,,0.0,0,0.0,0.0,0.0,0.0,,,,,,,686610
FF,4-Seam Fastball,FB,680,47.89,153,131,37,24.18,16,10.46,318,62,19.5,9.12,148,21.76,30.88,29.97,41.27,19.58,0.298,0.399,0.55,0.949,0.252,686613
FC,Cutter,FB,388,27.32,104,97,14,13.46,5,4.81,181,34,18.78,8.76,62,15.98,24.74,25.26,19.0,16.09,0.32,0.359,0.608,0.967,0.288,686613
KC,Knuckle Curve,BR,282,19.86,85,82,36,42.35,3,3.53,136,43,31.62,15.25,23,8.16,23.4,29.24,33.19,23.68,0.207,0.235,0.305,0.54,0.098,686613
ST,Sweeper,BR,42,2.96,7,7,3,42.86,0,0.0,16,6,37.5,14.29,2,4.76,19.05,27.27,3.28,20.0,0.143,0.143,0.571,0.714,0.4279999999999999,686613
CH,Changeup,OS,25,1.76,7,6,3,42.86,1,14.29,10,5,50.0,20.0,3,12.0,32.0,18.75,3.28,20.0,0.167,0.286,0.167,0.4529999999999999,0.0,686613
,,,3,0.21,0,0,0,,0,,0,0,,0.0,0,0.0,0.0,,0.0,,,,,,,686613
SL,Slider,BR,54,48.21,7,6,1,14.29,1,14.29,22,7,31.82,12.96,10,18.52,31.48,29.41,42.31,9.09,0.333,0.429,1.0,1.429,0.667,686651
FF,4-Seam Fastball,FB,48,42.86,21,20,2,9.52,1,4.76,26,3,11.54,6.25,8,16.67,22.92,22.22,50.0,15.38,0.35,0.381,0.4,0.781,0.05,686651
CU,Curveball,BR,9,8.04,2,2,0,0.0,0,0.0,3,0,0.0,0.0,3,33.33,33.33,0.0,3.85,0.0,0.5,0.5,0.5,1.0,0.0,686651
CH,Changeup,OS,1,0.89,1,0,0,0.0,1,100.0,0,0,,0.0,0,0.0,0.0,0.0,3.85,0.0,,1.0,,,,686651
SL,Slider,BR,62,59.05,17,17,3,17.65,0,0.0,38,12,31.58,19.35,9,14.52,33.87,45.16,43.33,23.08,0.118,0.118,0.471,0.589,0.353,686654
FF,4-Seam Fastball,FB,43,40.95,15,15,5,33.33,0,0.0,23,5,21.74,11.63,8,18.6,30.23,25.0,56.67,29.41,0.2,0.2,0.4,0.6000000000000001,0.2,686654
SI,Sinker,FB,46,33.09,5,4,0,0.0,1,20.0,19,1,5.26,2.17,10,21.74,23.91,6.25,8.0,0.0,0.0,0.2,0.0,0.2,0.0,686730
ST,Sweeper,BR,44,31.65,13,12,4,30.77,1,7.69,21,3,14.29,6.82,10,22.73,29.55,40.91,44.0,18.18,0.25,0.308,0.333,0.641,0.083,686730
FF,4-Seam Fastball,FB,22,15.83,6,6,2,33.33,0,0.0,11,5,45.45,22.73,5,22.73,45.45,50.0,24.0,16.67,0.333,0.333,1.0,1.333,0.667,686730
FC,Cutter,FB,18,12.95,4,3,0,0.0,1,25.0,6,1,16.67,5.56,3,16.67,22.22,18.18,16.0,0.0,0.333,0.5,0.333,0.833,0.0,686730
CH,Changeup,OS,9,6.47,3,3,2,66.67,0,0.0,8,2,25.0,22.22,0,0.0,22.22,66.67,8.0,50.0,0.0,0.0,0.0,0.0,0.0,686730
SI,Sinker,FB,144,53.93,41,37,5,12.2,3,7.32,67,6,8.96,4.17,37,25.69,29.86,22.81,50.0,12.5,0.351,0.415,0.541,0.956,0.19,686747
ST,Sweeper,BR,74,27.72,21,20,6,28.57,1,4.76,42,13,30.95,17.57,9,12.16,29.73,32.43,36.25,20.69,0.2,0.238,0.35,0.588,0.1499999999999999,686747
CH,Changeup,OS,23,8.61,7,6,0,0.0,0,0.0,7,0,0.0,0.0,5,21.74,21.74,9.09,5.0,0.0,0.167,0.286,0.167,0.4529999999999999,0.0,686747
FC,Cutter,FB,20,7.49,4,4,1,25.0,0,0.0,9,2,22.22,10.0,2,10.0,20.0,10.0,3.75,33.33,0.0,0.0,0.0,0.0,0.0,686747
FF,4-Seam Fastball,FB,6,2.25,2,2,1,50.0,0,0.0,5,1,20.0,16.67,1,16.67,33.33,100.0,5.0,25.0,0.5,0.5,2.0,2.5,1.5,686747
FF,4-Seam Fastball,FB,165,49.4,36,32,9,25.0,3,8.33,79,23,29.11,13.94,36,21.82,35.76,25.35,37.5,20.0,0.188,0.278,0.375,0.653,0.187,686752
CH,Changeup,OS,86,25.75,28,28,11,39.29,0,0.0,59,24,40.68,27.91,4,4.65,32.56,51.02,38.33,23.91,0.321,0.321,0.643,0.964,0.322,686752
SL,Slider,BR,83,24.85,20,19,5,25.0,0,0.0,40,15,37.5,18.07,13,15.66,33.73,32.65,24.17,17.24,0.211,0.25,0.421,0.671,0.21,686752
SL,Slider,BR,139,37.67,35,30,15,42.86,4,11.43,65,35,53.85,25.18,25,17.99,43.17,42.31,49.5,30.0,0.2,0.314,0.4,0.714,0.2,686753
SI,Sinker,FB,114,30.89,26,23,2,7.69,2,7.69,49,16,32.65,14.04,22,19.3,33.33,27.27,14.85,13.33,0.478,0.52,0.652,1.1720000000000002,0.174,686753
FF,4-Seam Fastball,FB,106,28.73,26,23,5,19.23,3,11.54,52,10,19.23,9.43,15,14.15,23.58,28.89,32.67,15.15,0.13,0.231,0.348,0.579,0.2179999999999999,686753
CU,Curveball,BR,8,2.17,4,3,0,0.0,1,25.0,3,0,0.0,0.0,0,0.0,0.0,0.0,1.98,0.0,0.0,0.25,0.0,0.25,0.0,686753
CH,Changeup,OS,2,0.54,1,0,0,0.0,1,100.0,0,0,,0.0,0,0.0,0.0,0.0,0.99,0.0,,1.0,,,,686753
FF,4-Seam Fastball,FB,112,51.14,32,31,6,18.75,1,3.12,59,8,13.56,7.14,22,19.64,26.79,33.33,39.34,25.0,0.194,0.219,0.355,0.574,0.1609999999999999,686826
SL,Slider,BR,100,45.66,22,21,5,22.73,1,4.55,38,13,34.21,13.0,12,12.0,25.0,28.99,60.66,13.51,0.095,0.136,0.238,0.374,0.143,686826
CH,Changeup,OS,4,1.83,0,0,0,,0,,0,0,,0.0,1,25.0,25.0,0.0,0.0,,,,,,,686826
CU,Curveball,BR,3,1.37,1,1,0,0.0,0,0.0,2,1,50.0,33.33,0,0.0,33.33,50.0,0.0,,0.0,0.0,0.0,0.0,0.0,686826
SL,Slider,BR,143,30.95,42,36,9,21.43,3,7.14,64,21,32.81,14.69,29,20.28,34.97,27.27,26.62,24.32,0.222,0.317,0.306,0.623,0.0839999999999999,686839
ST,Sweeper,BR,132,28.57,40,36,9,22.5,4,10.0,71,18,25.35,13.64,16,12.12,25.76,39.19,44.6,14.52,0.306,0.375,0.5,0.875,0.194,686839
FF,4-Seam Fastball,FB,128,27.71,27,24,10,37.04,2,7.41,65,21,32.31,16.41,26,20.31,36.72,31.48,24.46,29.41,0.208,0.296,0.25,0.546,0.042,686839
SI,Sinker,FB,48,10.39,11,10,0,0.0,0,0.0,21,2,9.52,4.17,9,18.75,22.92,33.33,2.16,0.0,0.4,0.455,0.4,0.855,0.0,686839
,,,11,2.38,5,3,1,20.0,2,40.0,6,2,33.33,18.18,1,9.09,27.27,,2.16,33.33,0.0,0.4,0.0,0.4,0.0,686839
FF,4-Seam Fastball,FB,35,53.85,11,7,1,9.09,3,27.27,14,4,28.57,11.43,4,11.43,22.86,15.79,46.67,14.29,0.286,0.545,0.571,1.116,0.285,686842
ST,Sweeper,BR,29,44.62,6,5,0,0.0,0,0.0,9,2,22.22,6.9,7,24.14,31.03,14.29,46.67,0.0,0.4,0.5,1.2,1.7,0.7999999999999999,686842
CH,Changeup,OS,1,1.54,1,1,1,100.0,0,0.0,1,1,100.0,100.0,0,0.0,100.0,,6.67,100.0,0.0,0.0,0.0,0.0,0.0,686842
FF,4-Seam Fastball,FB,23,60.53,5,4,1,20.0,1,20.0,13,4,30.77,17.39,3,13.04,30.43,20.0,68.75,9.09,0.25,0.4,0.25,0.65,0.0,686972
SL,Slider,BR,14,36.84,3,2,0,0.0,1,33.33,6,2,33.33,14.29,0,0.0,14.29,30.0,31.25,0.0,0.5,0.667,0.5,1.167,0.0,686972
SI,Sinker,FB,1,2.63,0,0,0,,0,,1,0,0.0,0.0,0,0.0,0.0,100.0,0.0,,,,,,,686972
FF,4-Seam Fastball,FB,282,39.72,70,64,19,27.14,6,8.57,155,37,23.87,13.12,51,18.09,31.21,26.21,35.68,22.09,0.328,0.386,0.641,1.027,0.313,686973
SL,Slider,BR,258,36.34,64,59,11,17.19,3,4.69,152,40,26.32,15.5,33,12.79,28.29,30.7,31.12,14.67,0.254,0.286,0.39,0.6759999999999999,0.136,686973
ST,Sweeper,BR,116,16.34,34,33,7,20.59,1,2.94,61,16,26.23,13.79,5,4.31,18.1,33.77,24.48,11.86,0.242,0.265,0.515,0.78,0.273,686973
CH,Changeup,OS,44,6.2,14,13,5,35.71,0,0.0,22,8,36.36,18.18,3,6.82,25.0,24.0,8.3,25.0,0.231,0.286,0.692,0.978,0.4609999999999999,686973
SI,Sinker,FB,10,1.41,2,2,1,50.0,0,0.0,5,1,20.0,10.0,2,20.0,30.0,50.0,0.41,100.0,0.0,0.0,0.0,0.0,0.0,686973
FF,4-Seam Fastball,FB,82,74.55,23,19,3,13.04,4,17.39,30,4,13.33,4.88,18,21.95,26.83,25.53,75.86,13.64,0.579,0.652,0.684,1.336,0.1050000000000001,687145
SL,Slider,BR,27,24.55,5,5,2,40.0,0,0.0,11,1,9.09,3.7,7,25.93,29.63,26.67,24.14,28.57,0.0,0.0,0.0,0.0,0.0,687145
,,,1,0.91,0,0,0,,0,,0,0,,0.0,0,0.0,0.0,,0.0,,,,,,,687145
SI,Sinker,FB,330,51.08,94,87,15,15.96,3,3.19,155,23,14.84,6.97,96,29.09,36.06,35.11,41.23,17.24,0.172,0.234,0.241,0.475,0.069,687330
ST,Sweeper,BR,304,47.06,77,74,14,18.18,2,2.6,140,39,27.86,12.83,41,13.49,26.32,26.9,54.5,12.17,0.257,0.286,0.351,0.637,0.0939999999999999,687330
FC,Cutter,FB,11,1.7,1,0,0,0.0,0,0.0,4,1,25.0,9.09,0,0.0,9.09,0.0,3.79,0.0,,1.0,,,,687330
FF,4-Seam Fastball,FB,1,0.15,0,0,0,,0,,0,0,,0.0,0,0.0,0.0,0.0,0.47,0.0,,,,,,687330
FF,4-Seam Fastball,FB,175,57.57,38,30,12,31.58,8,21.05,90,21,23.33,12.0,37,21.14,33.14,29.85,50.0,23.53,0.3,0.447,0.867,1.314,0.567,687396
SL,Slider,BR,102,33.55,28,27,14,50.0,0,0.0,58,21,36.21,20.59,8,7.84,28.43,36.36,45.1,30.43,0.111,0.107,0.185,0.292,0.074,687396
FS,Split-Finger,OS,27,8.88,4,4,0,0.0,0,0.0,8,1,12.5,3.7,2,7.41,11.11,17.39,4.9,0.0,0.5,0.5,0.5,1.0,0.0,687396
FF,4-Seam Fastball,FB,102,51.0,28,26,7,25.0,2,7.14,48,14,29.17,13.73,21,20.59,34.31,25.58,41.18,33.33,0.269,0.321,0.385,0.706,0.1159999999999999,687798
ST,Sweeper,BR,41,20.5,9,9,1,11.11,0,0.0,18,5,27.78,12.2,7,17.07,29.27,21.05,21.57,9.09,0.222,0.222,0.333,0.555,0.111,687798
CH,Changeup,OS,40,20.0,14,13,6,42.86,1,7.14,20,8,40.0,20.0,4,10.0,30.0,33.33,29.41,40.0,0.154,0.214,0.231,0.445,0.077,687798
SL,Slider,BR,9,4.5,4,3,0,0.0,1,25.0,4,1,25.0,11.11,1,11.11,22.22,33.33,7.84,0.0,0.667,0.75,1.667,2.417,1.0,687798
,,,8,4.0,2,0,0,0.0,2,100.0,0,0,,0.0,0,0.0,0.0,,0.0,,,1.0,,,,687798
SL,Slider,BR,61,34.27,13,12,4,30.77,1,7.69,29,14,48.28,22.95,6,9.84,32.79,32.43,40.68,16.67,0.333,0.385,0.417,0.802,0.0839999999999999,687830
SI,Sinker,FB,61,34.27,14,12,3,21.43,2,14.29,31,8,25.81,13.11,17,27.87,40.98,40.74,20.34,25.0,0.083,0.214,0.167,0.381,0.084,687830
CH,Changeup,OS,39,21.91,9,8,6,66.67,1,11.11,21,14,66.67,35.9,2,5.13,41.03,42.86,22.03,46.15,0.125,0.222,0.25,0.472,0.125,687830
FF,4-Seam Fastball,FB,17,9.55,7,7,4,57.14,0,0.0,6,1,16.67,5.88,5,29.41,35.29,40.0,16.95,40.0,0.0,0.0,0.0,0.0,0.0,687830
FC,Cutter,FB,97,32.44,28,27,2,7.14,1,3.57,60,7,11.67,7.22,10,10.31,17.53,32.43,17.72,14.29,0.185,0.214,0.222,0.436,0.037,687888
SI,Sinker,FB,78,26.09,22,16,1,4.55,6,27.27,30,5,16.67,6.41,16,20.51,26.92,12.12,24.05,5.26,0.5,0.636,0.5,1.136,0.0,687888
ST,Sweeper,BR,58,19.4,13,13,4,30.77,0,0.0,23,5,21.74,8.62,11,18.97,27.59,15.62,21.52,23.53,0.154,0.154,0.231,0.385,0.077,687888
CH,Changeup,OS,52,17.39,18,18,2,11.11,0,0.0,27,4,14.81,7.69,4,7.69,15.38,34.38,21.52,11.76,0.556,0.556,1.167,1.723,0.611,687888
FF,4-Seam Fastball,FB,14,4.68,4,4,2,50.0,0,0.0,6,2,33.33,14.29,1,7.14,21.43,27.27,15.19,16.67,0.0,0.0,0.0,0.0,0.0,687888
FF,4-Seam Fastball,FB,51,52.58,12,10,2,16.67,2,16.67,23,4,17.39,7.84,8,15.69,23.53,17.39,46.15,16.67,0.3,0.417,0.4,0.817,0.1,687922
FC,Cutter,FB,16,16.49,5,5,0,0.0,0,0.0,10,1,10.0,6.25,2,12.5,18.75,33.33,15.38,0.0,0.4,0.4,0.6,1.0,0.1999999999999999,687922
CH,Changeup,OS,11,11.34,2,2,1,50.0,0,0.0,3,2,66.67,18.18,0,0.0,18.18,11.11,15.38,25.0,0.0,0.0,0.0,0.0,0.0,687922
ST,Sweeper,BR,9,9.28,1,1,0,0.0,0,0.0,3,1,33.33,11.11,2,22.22,33.33,28.57,15.38,0.0,1.0,1.0,2.0,3.0,1.0,687922
SL,Slider,BR,6,6.19,1,0,0,0.0,1,100.0,1,0,0.0,0.0,1,16.67,16.67,20.0,7.69,0.0,,1.0,,,,687922
,,,4,4.12,1,0,0,0.0,1,100.0,0,0,,0.0,0,0.0,0.0,,0.0,,,1.0,,,,687922
FF,4-Seam Fastball,FB,23,38.33,9,8,3,33.33,1,11.11,9,4,44.44,17.39,5,21.74,39.13,8.33,46.67,42.86,0.0,0.111,0.0,0.111,0.0,688427
FC,Cutter,FB,13,21.67,5,5,1,20.0,0,0.0,6,2,33.33,15.38,3,23.08,38.46,0.0,6.67,100.0,0.6,0.6,1.4,2.0,0.7999999999999999,688427
SL,Slider,BR,12,20.0,1,1,1,100.0,0,0.0,6,4,66.67,33.33,3,25.0,58.33,62.5,13.33,50.0,0.0,0.0,0.0,0.0,0.0,688427
ST,Sweeper,BR,6,10.0,1,1,1,100.0,0,0.0,3,1,33.33,16.67,1,16.67,33.33,50.0,26.67,25.0,0.0,0.0,0.0,0.0,0.0,688427
CH,Changeup,OS,5,8.33,1,0,0,0.0,1,100.0,0,0,,0.0,0,0.0,0.0,0.0,6.67,0.0,,1.0,,,,688427
SI,Sinker,FB,1,1.67,1,1,0,0.0,0,0.0,1,0,0.0,0.0,0,0.0,0.0,,0.0,,1.0,1.0,2.0,3.0,1.0,688427
ST,Sweeper,BR,28,80.0,6,4,0,0.0,2,33.33,10,2,20.0,7.14,6,21.43,28.57,25.0,70.0,0.0,0.5,0.667,0.5,1.167,0.0,689147
FF,4-Seam Fastball,FB,5,14.29,1,1,1,100.0,0,0.0,1,0,0.0,0.0,2,40.0,40.0,33.33,30.0,33.33,0.0,0.0,0.0,0.0,0.0,689147
SI,Sinker,FB,1,2.86,0,0,0,,0,,0,0,,0.0,0,0.0,0.0,0.0,0.0,,,,,,,689147
,,,1,2.86,0,0,0,,0,,0,0,,0.0,0,0.0,0.0,,0.0,,,,,,,689147
FF,4-Seam Fastball,FB,15,30.0,4,2,0,0.0,2,50.0,4,0,0.0,0.0,5,33.33,33.33,0.0,37.5,0.0,0.0,0.5,0.0,0.5,0.0,689167
SI,Sinker,FB,15,30.0,3,2,0,0.0,1,33.33,4,0,0.0,0.0,2,13.33,13.33,25.0,12.5,0.0,0.0,0.333,0.0,0.333,0.0,689167
ST,Sweeper,BR,13,26.0,6,6,0,0.0,0,0.0,8,1,12.5,7.69,0,0.0,7.69,16.67,50.0,0.0,0.333,0.333,0.5,0.833,0.1669999999999999,689167
CH,Changeup,OS,7,14.0,2,2,0,0.0,0,0.0,5,1,20.0,14.29,0,0.0,14.29,33.33,0.0,,0.0,0.0,0.0,0.0,0.0,689167
EP,Eephus,,2,50.0,1,1,0,0.0,0,0.0,1,0,0.0,0.0,0,0.0,0.0,0.0,,,0.0,0.0,0.0,0.0,0.0,689172
FA,Other,,2,50.0,0,0,0,,0,,1,1,100.0,50.0,0,0.0,50.0,50.0,,,,,,,,689172
SI,Sinker,FB,124,33.42,36,31,6,16.67,4,11.11,62,13,20.97,10.48,20,16.13,26.61,41.98,19.4,23.08,0.258,0.333,0.419,0.752,0.1609999999999999,689225
FF,4-Seam Fastball,FB,110,29.65,24,22,7,29.17,2,8.33,61,10,16.39,9.09,20,18.18,27.27,33.33,39.55,13.21,0.273,0.333,0.318,0.651,0.0449999999999999,689225
SL,Slider,BR,92,24.8,17,16,4,23.53,1,5.88,38,10,26.32,10.87,11,11.96,22.83,23.21,26.87,11.11,0.188,0.235,0.312,0.5469999999999999,0.124,689225
CH,Changeup,OS,39,10.51,9,9,3,33.33,0,0.0,25,12,48.0,30.77,2,5.13,35.9,57.14,14.18,15.79,0.444,0.444,1.222,1.666,0.778,689225
,,,6,1.62,2,2,0,0.0,0,0.0,2,0,0.0,0.0,1,16.67,16.67,,0.0,,0.0,0.0,0.0,0.0,0.0,689225
FF,4-Seam Fastball,FB,224,48.48,69,65,6,8.7,4,5.8,133,20,15.04,8.93,37,16.52,25.45,25.0,49.24,9.23,0.292,0.333,0.523,0.8560000000000001,0.231,689266
SL,Slider,BR,120,25.97,27,23,2,7.41,3,11.11,55,16,29.09,13.33,21,17.5,30.83,32.31,21.21,7.14,0.391,0.481,0.739,1.22,0.348,689266
CH,Changeup,OS,93,20.13,32,30,3,9.38,2,6.25,52,10,19.23,10.75,8,8.6,19.35,32.69,24.24,9.38,0.367,0.406,0.533,0.939,0.166,689266
FC,Cutter,FB,23,4.98,5,5,0,0.0,0,0.0,13,2,15.38,8.7,3,13.04,21.74,41.67,5.3,0.0,0.6,0.6,1.2,1.7999999999999998,0.6,689266
,,,2,0.43,1,0,0,0.0,1,100.0,0,0,,0.0,0,0.0,0.0,,0.0,,,1.0,,,,689266
ST,Sweeper,BR,11,40.74,2,2,1,50.0,0,0.0,7,4,57.14,36.36,0,0.0,36.36,50.0,40.0,25.0,0.0,0.0,0.0,0.0,0.0,689690
SI,Sinker,FB,11,40.74,3,3,1,33.33,0,0.0,4,0,0.0,0.0,4,36.36,36.36,0.0,30.0,33.33,0.0,0.0,0.0,0.0,0.0,689690
CH,Changeup,OS,3,11.11,0,0,0,,0,,2,0,0.0,0.0,0,0.0,0.0,50.0,10.0,0.0,,,,,,689690
FF,4-Seam Fastball,FB,2,7.41,1,1,0,0.0,0,0.0,1,0,0.0,0.0,0,0.0,0.0,50.0,20.0,0.0,0.0,0.0,0.0,0.0,0.0,689690
FF,4-Seam Fastball,FB,90,72.58,20,17,6,30.0,2,10.0,44,11,25.0,12.22,16,17.78,30.0,34.09,70.73,20.69,0.294,0.35,0.471,0.821,0.177,690829
SL,Slider,BR,31,25.0,8,6,1,12.5,1,12.5,15,4,26.67,12.9,8,25.81,38.71,35.71,26.83,9.09,0.333,0.5,0.333,0.833,0.0,690829
SI,Sinker,FB,2,1.61,0,0,0,,0,,0,0,,0.0,0,0.0,0.0,0.0,2.44,0.0,,,,,,690829
ST,Sweeper,BR,1,0.81,1,1,0,0.0,0,0.0,1,0,0.0,0.0,0,0.0,0.0,,0.0,,1.0,1.0,2.0,3.0,1.0,690829
FF,4-Seam Fastball,FB,262,62.38,65,57,24,36.92,5,7.69,124,37,29.84,14.12,51,19.47,33.59,24.79,68.12,25.53,0.123,0.215,0.316,0.531,0.193,690986
SV,Slurve,BR,104,24.76,25,23,6,24.0,1,4.0,41,13,31.71,12.5,26,25.0,37.5,28.07,19.57,22.22,0.261,0.32,0.478,0.798,0.2169999999999999,690986
CH,Changeup,OS,49,11.67,15,15,3,20.0,0,0.0,31,6,19.35,12.24,4,8.16,20.41,45.83,12.32,17.65,0.267,0.267,0.533,0.8,0.266,690986
FC,Cutter,FB,5,1.19,0,0,0,,0,,0,0,,0.0,2,40.0,40.0,0.0,0.0,,,,,,,690986
SI,Sinker,FB,4,40.0,3,3,0,0.0,0,0.0,4,0,0.0,0.0,0,0.0,0.0,,0.0,,0.333,0.333,0.333,0.666,0.0,691094
SL,Slider,BR,4,40.0,2,2,0,0.0,0,0.0,4,2,50.0,50.0,0,0.0,50.0,,0.0,,0.5,0.5,1.0,1.5,0.5,691094
CH,Changeup,OS,2,20.0,1,1,0,0.0,0,0.0,1,0,0.0,0.0,1,50.0,50.0,,100.0,0.0,1.0,1.0,2.0,3.0,1.0,691094
SL,Slider,BR,332,44.21,85,81,29,34.12,3,3.53,168,75,44.64,22.59,45,13.55,36.14,33.9,45.34,25.89,0.222,0.247,0.469,0.716,0.2469999999999999,691587
FF,4-Seam Fastball,FB,317,42.21,84,79,12,14.29,4,4.76,184,34,18.48,10.73,52,16.4,27.13,33.33,37.25,13.04,0.304,0.337,0.608,0.945,0.304,691587
CU,Curveball,BR,67,8.92,17,16,10,58.82,1,5.88,33,17,51.52,25.37,6,8.96,34.33,34.88,12.96,31.25,0.0,0.059,0.0,0.059,0.0,691587
CH,Changeup,OS,33,4.39,4,2,0,0.0,0,0.0,14,4,28.57,12.12,0,0.0,12.12,34.48,4.45,0.0,0.0,0.5,0.0,0.5,0.0,691587
,,,2,0.27,0,0,0,,0,,0,0,,0.0,0,0.0,0.0,,0.0,,,,,,,691587
FF,4-Seam Fastball,FB,38,58.46,11,7,2,18.18,3,27.27,16,4,25.0,10.53,9,23.68,34.21,23.53,53.85,28.57,0.429,0.636,0.571,1.207,0.1419999999999999,693312
SL,Slider,BR,25,38.46,7,7,0,0.0,0,0.0,14,2,14.29,8.0,2,8.0,16.0,30.77,46.15,0.0,0.571,0.571,1.143,1.714,0.5720000000000001,693312
CU,Curveball,BR,2,3.08,0,0,0,,0,,0,0,,0.0,0,0.0,0.0,0.0,0.0,,,,,,,693312
SI,Sinker,FB,273,38.72,79,75,16,20.25,0,0.0,147,29,19.73,10.62,57,20.88,31.5,35.78,34.22,20.78,0.2,0.231,0.307,0.538,0.1069999999999999,693433
FF,4-Seam Fastball,FB,242,34.33,56,51,26,46.43,5,8.93,120,49,40.83,20.25,49,20.25,40.5,24.3,34.22,33.77,0.157,0.232,0.314,0.546,0.157,693433
SL,Slider,BR,105,14.89,27,24,6,22.22,3,11.11,49,16,32.65,15.24,15,14.29,29.52,30.77,14.22,18.75,0.25,0.333,0.25,0.583,0.0,693433
ST,Sweeper,BR,78,11.06,27,27,9,33.33,0,0.0,43,17,39.53,21.79,7,8.97,30.77,46.15,16.44,24.32,0.111,0.111,0.111,0.222,0.0,693433
CH,Changeup,OS,6,0.85,2,2,1,50.0,0,0.0,3,1,33.33,16.67,1,16.67,33.33,40.0,0.89,50.0,0.0,0.0,0.0,0.0,0.0,693433
,,,1,0.14,0,0,0,,0,,0,0,,0.0,0,0.0,0.0,,0.0,,,,,,,693433
SI,Sinker,FB,636,46.29,174,151,24,13.79,18,10.34,277,46,16.61,7.23,132,20.75,27.99,26.96,38.15,14.91,0.311,0.393,0.464,0.857,0.153,693821
SL,Slider,BR,605,44.03,145,136,39,26.9,8,5.52,311,112,36.01,18.51,90,14.88,33.39,36.61,49.05,18.84,0.206,0.255,0.338,0.593,0.132,693821
CH,Changeup,OS,113,8.22,27,25,8,29.63,1,3.7,57,17,29.82,15.04,7,6.19,21.24,36.36,10.9,17.39,0.08,0.148,0.08,0.2279999999999999,0.0,693821
FF,4-Seam Fastball,FB,20,1.46,6,6,2,33.33,0,0.0,11,3,27.27,15.0,2,10.0,25.0,25.0,1.9,25.0,0.333,0.333,0.667,1.0,0.334,693821
FF,4-Seam Fastball,FB,158,56.03,42,36,8,19.05,3,7.14,81,12,14.81,7.59,24,15.19,22.78,24.24,44.58,21.62,0.25,0.341,0.472,0.813,0.2219999999999999,694037
SL,Slider,BR,103,36.52,22,22,9,40.91,0,0.0,47,27,57.45,26.21,10,9.71,35.92,30.3,42.17,25.71,0.318,0.318,0.318,0.636,0.0,694037
SI,Sinker,FB,12,4.26,5,4,2,40.0,1,20.0,5,2,40.0,16.67,2,16.67,33.33,28.57,8.43,28.57,0.0,0.2,0.0,0.2,0.0,694037
CU,Curveball,BR,8,2.84,1,1,0,0.0,0,0.0,3,1,33.33,12.5,1,12.5,25.0,20.0,3.61,0.0,0.0,0.0,0.0,0.0,0.0,694037
CH,Changeup,OS,1,0.35,0,0,0,,0,,0,0,,0.0,0,0.0,0.0,,1.2,0.0,,,,,,694037
FF,4-Seam Fastball,FB,365,43.2,85,80,12,14.12,3,3.53,179,34,18.99,9.32,76,20.82,30.14,22.63,40.24,11.88,0.388,0.405,0.75,1.155,0.362,694297
ST,Sweeper,BR,309,36.57,102,94,31,30.39,6,5.88,180,64,35.56,20.71,27,8.74,29.45,39.88,48.21,25.62,0.202,0.245,0.351,0.596,0.1489999999999999,694297
SI,Sinker,FB,126,14.91,27,24,4,14.81,1,3.7,60,11,18.33,8.73,26,20.63,29.37,42.86,5.18,23.08,0.333,0.407,0.625,1.032,0.292,694297
CH,Changeup,OS,30,3.55,9,9,4,44.44,0,0.0,21,8,38.1,26.67,2,6.67,33.33,53.33,5.18,30.77,0.222,0.222,0.333,0.555,0.111,694297
CU,Curveball,BR,11,1.3,3,3,0,0.0,0,0.0,4,1,25.0,9.09,4,36.36,45.45,33.33,0.8,0.0,0.333,0.333,0.333,0.666,0.0,694297
PO,Pitch Out,,2,0.24,0,0,0,,0,,0,0,,0.0,0,0.0,0.0,0.0,0.4,0.0,,,,,,694297
,,,2,0.24,0,0,0,,0,,0,0,,0.0,0,0.0,0.0,,0.0,,,,,,,694297
FF,4-Seam Fastball,FB,290,43.48,80,70,8,10.0,9,11.25,138,12,8.7,4.14,60,20.69,24.83,21.93,40.33,10.96,0.329,0.412,0.543,0.955,0.214,694363
CH,Changeup,OS,189,28.34,55,46,8,14.55,9,16.36,90,31,34.44,16.4,9,4.76,21.16,26.61,36.46,12.12,0.239,0.364,0.37,0.734,0.131,694363
SL,Slider,BR,186,27.89,43,42,6,13.95,1,2.33,82,21,25.61,11.29,35,18.82,30.11,25.26,22.65,14.63,0.214,0.233,0.381,0.614,0.167,694363
SI,Sinker,FB,2,0.3,1,1,0,0.0,0,0.0,1,0,0.0,0.0,1,50.0,50.0,,0.55,0.0,0.0,0.0,0.0,0.0,0.0,694363
FF,4-Seam Fastball,FB,89,28.53,21,16,0,0.0,4,19.05,42,8,19.05,8.99,16,17.98,26.97,21.62,25.29,0.0,0.625,0.714,1.312,2.026,0.687,694813
CH,Changeup,OS,79,25.32,20,19,5,25.0,1,5.0,43,19,44.19,24.05,7,8.86,32.91,36.96,35.63,16.13,0.263,0.3,0.474,0.774,0.2109999999999999,694813
FC,Cutter,FB,64,20.51,17,16,2,11.76,1,5.88,28,3,10.71,4.69,16,25.0,29.69,22.22,16.09,14.29,0.375,0.412,0.812,1.224,0.437,694813
SI,Sinker,FB,50,16.03,19,16,2,10.53,2,10.53,24,4,16.67,8.0,6,12.0,20.0,31.03,13.79,16.67,0.125,0.263,0.188,0.451,0.063,694813
SL,Slider,BR,29,9.29,10,10,2,20.0,0,0.0,16,6,37.5,20.69,3,10.34,31.03,44.44,9.2,25.0,0.4,0.4,0.4,0.8,0.0,694813
CU,Curveball,BR,1,0.32,0,0,0,,0,,0,0,,0.0,1,100.0,100.0,,0.0,,,,,,,694813
FF,4-Seam Fastball,FB,199,60.3,45,40,10,22.22,4,8.89,107,24,22.43,12.06,25,12.56,24.62,27.71,50.47,18.52,0.275,0.341,0.475,0.8160000000000001,0.1999999999999999,695243
SL,Slider,BR,105,31.82,27,24,11,40.74,2,7.41,39,20,51.28,19.05,20,19.05,38.1,29.85,42.99,23.91,0.125,0.222,0.125,0.347,0.0,695243
FC,Cutter,FB,20,6.06,5,5,1,20.0,0,0.0,13,3,23.08,15.0,3,15.0,30.0,42.86,6.54,14.29,0.4,0.4,0.4,0.8,0.0,695243
CH,Changeup,OS,5,1.52,1,1,0,0.0,0,0.0,2,0,0.0,0.0,0,0.0,0.0,0.0,0.0,,0.0,0.0,0.0,0.0,0.0,695243
,,,1,0.3,0,0,0,,0,,0,0,,0.0,0,0.0,0.0,,0.0,,,,,,,695243
CH,Changeup,OS,161,32.92,41,38,7,17.07,1,2.44,82,25,30.49,15.53,12,7.45,22.98,40.17,43.18,12.28,0.184,0.205,0.342,0.547,0.158,696136
FF,4-Seam Fastball,FB,144,29.45,38,36,5,13.16,1,2.63,72,10,13.89,6.94,29,20.14,27.08,18.33,28.79,13.16,0.389,0.395,0.75,1.145,0.361,696136
SI,Sinker,FB,85,17.38,23,20,1,4.35,2,8.7,31,2,6.45,2.35,22,25.88,28.24,16.67,3.79,20.0,0.2,0.261,0.2,0.461,0.0,696136
FC,Cutter,FB,52,10.63,12,8,1,8.33,3,25.0,22,6,27.27,11.54,11,21.15,32.69,24.0,4.55,16.67,0.375,0.545,0.5,1.045,0.125,696136
CU,Curveball,BR,45,9.2,13,12,4,30.77,1,7.69,19,8,42.11,17.78,2,4.44,22.22,22.58,18.18,16.67,0.167,0.231,0.167,0.398,0.0,696136
SL,Slider,BR,2,0.41,1,1,0,0.0,0,0.0,1,0,0.0,0.0,0,0.0,0.0,0.0,1.52,0.0,0.0,0.0,0.0,0.0,0.0,696136
SL,Slider,BR,124,57.94,38,35,7,18.42,2,5.26,62,20,32.26,16.13,22,17.74,33.87,31.75,80.0,15.91,0.2,0.263,0.2,0.463,0.0,696147
SI,Sinker,FB,89,41.59,16,12,2,12.5,4,25.0,34,6,17.65,6.74,14,15.73,22.47,16.33,20.0,18.18,0.333,0.5,0.5,1.0,0.1669999999999999,696147
,,,1,0.47,0,0,0,,0,,0,0,,0.0,0,0.0,0.0,,0.0,,,,,,,696147
FF,4-Seam Fastball,FB,106,54.92,30,28,3,10.0,1,3.33,55,7,12.73,6.6,18,16.98,23.58,34.62,41.82,13.04,0.107,0.167,0.214,0.381,0.107,700363
SL,Slider,BR,55,28.5,9,8,2,22.22,1,11.11,18,7,38.89,12.73,3,5.45,18.18,15.38,23.64,15.38,0.125,0.222,0.5,0.722,0.375,700363
CU,Curveball,BR,26,13.47,5,5,2,40.0,0,0.0,12,3,25.0,11.54,2,7.69,19.23,36.84,27.27,13.33,0.2,0.2,0.2,0.4,0.0,700363
CH,Changeup,OS,5,2.59,2,2,2,100.0,0,0.0,2,2,100.0,40.0,0,0.0,40.0,40.0,5.45,66.67,0.0,0.0,0.0,0.0,0.0,700363
FS,Split-Finger,OS,1,0.52,0,0,0,,0,,0,0,,0.0,0,0.0,0.0,0.0,1.82,0.0,,,,,,700363
SI,Sinker,FB,233,56.14,71,60,9,12.68,7,9.86,117,13,11.11,5.58,45,19.31,24.89,32.2,50.38,13.64,0.317,0.423,0.467,0.89,0.15,701643
ST,Sweeper,BR,143,34.46,27,25,8,29.63,0,0.0,50,18,36.0,12.59,27,18.88,31.47,22.73,44.27,13.79,0.16,0.185,0.32,0.505,0.16,701643
FC,Cutter,FB,26,6.27,6,6,1,16.67,0,0.0,14,6,42.86,23.08,2,7.69,30.77,41.18,3.05,25.0,0.667,0.667,0.833,1.5,0.1659999999999999,701643
CH,Changeup,OS,13,3.13,1,1,1,100.0,0,0.0,4,3,75.0,23.08,0,0.0,23.08,18.18,2.29,33.33,0.0,0.0,0.0,0.0,0.0,701643
